epoch,step,time/epoch (s),time/inter_step (ms),time/intra_step (ms),train/loss,train/quality,train/reward,val/gap,val/makespan,val/reward
,49,,,409.7163677215576,,,,,,
,49,,2.0148754119873047,,,,,,,
,99,,,2289.583206176758,,,,,,
,99,,9.246349334716797,,,,,,,
,149,,,731.2092781066895,,,,,,
,149,,2.081155776977539,,,,,,,
,199,,,365.08703231811523,,,,,,
,199,,16.755104064941406,,,,,,,
,249,,,355.4821014404297,,,,,,
,249,,0.7152557373046875,,,,,,,
,299,,,369.30227279663086,,,,,,
,299,,16.91746711730957,,,,,,,
,349,,,371.8712329864502,,,,,,
,349,,1.8646717071533203,,,,,,,
,399,,,361.0501289367676,,,,,,
,399,,14.309883117675781,,,,,,,
,449,,,389.42551612854004,,,,,,
,449,,1.2326240539550781,,,,,,,
,499,,,351.3362407684326,,,,,,
,499,,8.69297981262207,,,,,,,
,549,,,364.25209045410156,,,,,,
,549,,0.6573200225830078,,,,,,,
,599,,,353.1203269958496,,,,,,
,599,,8.542537689208984,,,,,,,
,649,,,359.9865436553955,,,,,,
,649,,1.8820762634277344,,,,,,,
,699,,,351.0136604309082,,,,,,
,699,,16.533613204956055,,,,,,,
,749,,,365.13543128967285,,,,,,
,749,,0.5695819854736328,,,,,,,
,799,,,351.4692783355713,,,,,,
,799,,8.470296859741211,,,,,,,
,849,,,352.7681827545166,,,,,,
,849,,0.6017684936523438,,,,,,,
,899,,,352.8330326080322,,,,,,
,899,,8.146524429321289,,,,,,,
,949,,,365.43798446655273,,,,,,
,949,,0.6351470947265625,,,,,,,
,999,,,413.5770797729492,,,,,,
,999,,8.683443069458008,,,,,,,
,1049,,,376.0502338409424,,,,,,
,1049,,0.5977153778076172,,,,,,,
,1099,,,395.77651023864746,,,,,,
,1099,,8.945465087890625,,,,,,,
,1149,,,378.2775402069092,,,,,,
,1149,,0.5769729614257812,,,,,,,
,1199,,,376.08838081359863,,,,,,
,1199,,8.342742919921875,,,,,,,
,1249,,,385.1051330566406,,,,,,
,1249,,1.8591880798339844,,,,,,,
,1299,,,388.0956172943115,,,,,,
,1299,,8.690834045410156,,,,,,,
,1349,,,389.09244537353516,,,,,,
,1349,,0.7340908050537109,,,,,,,
,1399,,,386.1100673675537,,,,,,
,1399,,8.9263916015625,,,,,,,
,1449,,,396.27599716186523,,,,,,
,1449,,0.6730556488037109,,,,,,,
,1499,,,377.002477645874,,,,,,
,1499,,7.959842681884766,,,,,,,
,1549,,,387.676477432251,,,,,,
,1549,,1.947641372680664,,,,,,,
,1599,,,380.85436820983887,,,,,,
,1599,,8.850812911987305,,,,,,,
,1649,,,397.2632884979248,,,,,,
,1649,,1.4100074768066406,,,,,,,
,1699,,,384.387731552124,,,,,,
,1699,,8.36801528930664,,,,,,,
,1749,,,393.6805725097656,,,,,,
,1749,,2.1622180938720703,,,,,,,
,1799,,,409.78002548217773,,,,,,
,1799,,13.820648193359375,,,,,,,
,1849,,,391.1473751068115,,,,,,
,1849,,0.5741119384765625,,,,,,,
,1899,,,385.9710693359375,,,,,,
,1899,,8.38017463684082,,,,,,,
,1949,,,379.6648979187012,,,,,,
,1949,,0.5829334259033203,,,,,,,
,1999,,,385.1132392883301,,,,,,
,1999,,14.557361602783203,,,,,,,
,2049,,,366.87207221984863,,,,,,
,2049,,0.7035732269287109,,,,,,,
,2099,,,347.40447998046875,,,,,,
,2099,,8.072853088378906,,,,,,,
,2149,,,352.7407646179199,,,,,,
,2149,,0.5946159362792969,,,,,,,
,2199,,,370.89991569519043,,,,,,
,2199,,8.386611938476562,,,,,,,
,2249,,,358.6881160736084,,,,,,
,2249,,1.9061565399169922,,,,,,,
,2299,,,353.7752628326416,,,,,,
,2299,,17.25149154663086,,,,,,,
,2349,,,357.7258586883545,,,,,,
,2349,,0.7429122924804688,,,,,,,
,2399,,,368.9103126525879,,,,,,
,2399,,17.029285430908203,,,,,,,
,2449,,,355.3121089935303,,,,,,
,2449,,0.6220340728759766,,,,,,,
,2499,,,357.03325271606445,,,,,,
,2499,,8.293390274047852,,,,,,,
,2549,,,355.04913330078125,,,,,,
,2549,,0.6520748138427734,,,,,,,
,2599,,,352.14686393737793,,,,,,
,2599,,8.559942245483398,,,,,,,
,2649,,,349.8573303222656,,,,,,
,2649,,0.6113052368164062,,,,,,,
,2699,,,353.1808853149414,,,,,,
,2699,,8.341789245605469,,,,,,,
,2749,,,350.5513668060303,,,,,,
,2749,,0.6520748138427734,,,,,,,
,2799,,,352.4618148803711,,,,,,
,2799,,8.13150405883789,,,,,,,
,2849,,,356.82153701782227,,,,,,
,2849,,0.6494522094726562,,,,,,,
,2899,,,361.42635345458984,,,,,,
,2899,,8.15272331237793,,,,,,,
,2949,,,358.54315757751465,,,,,,
,2949,,0.6697177886962891,,,,,,,
,2999,,,356.93979263305664,,,,,,
,2999,,8.133172988891602,,,,,,,
,3049,,,355.24654388427734,,,,,,
,3049,,0.5822181701660156,,,,,,,
,3099,,,358.7069511413574,,,,,,
,3099,,8.888959884643555,,,,,,,
,3149,,,361.50097846984863,,,,,,
,3149,,1.165151596069336,,,,,,,
,3199,,,445.68514823913574,,,,,,
,3199,,15.035152435302734,,,,,,,
,3249,,,352.1385192871094,,,,,,
,3249,,0.6124973297119141,,,,,,,
,3299,,,351.1788845062256,,,,,,
,3299,,8.46552848815918,,,,,,,
,3349,,,358.8988780975342,,,,,,
,3349,,0.7488727569580078,,,,,,,
,3399,,,358.40582847595215,,,,,,
,3399,,9.032011032104492,,,,,,,
,3449,,,448.9562511444092,,,,,,
,3449,,1.3523101806640625,,,,,,,
,3499,,,435.9869956970215,,,,,,
,3499,,12.473583221435547,,,,,,,
,3549,,,353.5475730895996,,,,,,
,3549,,0.6320476531982422,,,,,,,
,3599,,,369.98724937438965,,,,,,
,3599,,8.781909942626953,,,,,,,
,3649,,,365.6129837036133,,,,,,
,3649,,0.61798095703125,,,,,,,
,3699,,,357.32388496398926,,,,,,
,3699,,8.065223693847656,,,,,,,
,3749,,,360.40520668029785,,,,,,
,3749,,0.7104873657226562,,,,,,,
,3799,,,355.7422161102295,,,,,,
,3799,,8.890867233276367,,,,,,,
,3849,,,364.14098739624023,,,,,,
,3849,,0.5748271942138672,,,,,,,
,3899,,,353.42931747436523,,,,,,
,3899,,7.863521575927734,,,,,,,
,3949,,,358.26754570007324,,,,,,
,3949,,0.6215572357177734,,,,,,,
,3999,,,358.4856986999512,,,,,,
,3999,,8.207321166992188,,,,,,,
,4049,,,357.7418327331543,,,,,,
,4049,,0.5679130554199219,,,,,,,
,4099,,,353.8508415222168,,,,,,
,4099,,7.922649383544922,,,,,,,
,4149,,,392.61436462402344,,,,,,
,4149,,0.5908012390136719,,,,,,,
,4199,,,356.6460609436035,,,,,,
,4199,,8.592605590820312,,,,,,,
,4249,,,402.576208114624,,,,,,
,4249,,0.5774497985839844,,,,,,,
,4299,,,354.7070026397705,,,,,,
,4299,,7.959604263305664,,,,,,,
,4349,,,352.3674011230469,,,,,,
,4349,,0.5886554718017578,,,,,,,
,4399,,,352.9989719390869,,,,,,
,4399,,7.998943328857422,,,,,,,
,4449,,,361.47522926330566,,,,,,
,4449,,0.7171630859375,,,,,,,
,4499,,,359.12489891052246,,,,,,
,4499,,8.434772491455078,,,,,,,
,4549,,,357.72037506103516,,,,,,
,4549,,0.6809234619140625,,,,,,,
,4599,,,351.78136825561523,,,,,,
,4599,,8.754253387451172,,,,,,,
,4649,,,348.19650650024414,,,,,,
,4649,,0.5619525909423828,,,,,,,
,4699,,,352.17928886413574,,,,,,
,4699,,8.044719696044922,,,,,,,
,4749,,,362.5926971435547,,,,,,
,4749,,1.7113685607910156,,,,,,,
,4799,,,352.08582878112793,,,,,,
,4799,,8.023977279663086,,,,,,,
,4849,,,350.1877784729004,,,,,,
,4849,,1.6455650329589844,,,,,,,
,4899,,,358.6893081665039,,,,,,
,4899,,8.10551643371582,,,,,,,
,4949,,,349.26319122314453,,,,,,
,4949,,0.5609989166259766,,,,,,,
,4999,,,353.99317741394043,,,,,,
,4999,,8.404016494750977,,,,,,,
0,4999,,,,,,,7.362579822540283,1781.219970703125,-1781.219970703125
,5000,2021.923416376114,,,,,,,,
0,4999,,,,0.009691008366644382,1.1043535470962524,-1780.33935546875,,,
,5049,,,355.79919815063477,,,,,,
,5049,,0.6935596466064453,,,,,,,
,5099,,,360.4280948638916,,,,,,
,5099,,8.54945182800293,,,,,,,
,5149,,,356.63676261901855,,,,,,
,5149,,0.6945133209228516,,,,,,,
,5199,,,353.61218452453613,,,,,,
,5199,,8.785486221313477,,,,,,,
,5249,,,355.13758659362793,,,,,,
,5249,,0.7202625274658203,,,,,,,
,5299,,,358.40582847595215,,,,,,
,5299,,8.522272109985352,,,,,,,
,5349,,,363.6784553527832,,,,,,
,5349,,0.7867813110351562,,,,,,,
,5399,,,357.96451568603516,,,,,,
,5399,,9.253740310668945,,,,,,,
,5449,,,381.57176971435547,,,,,,
,5449,,0.8382797241210938,,,,,,,
,5499,,,352.860689163208,,,,,,
,5499,,8.063793182373047,,,,,,,
,5549,,,618.1995868682861,,,,,,
,5549,,0.7092952728271484,,,,,,,
,5599,,,348.13642501831055,,,,,,
,5599,,8.793115615844727,,,,,,,
,5649,,,350.48913955688477,,,,,,
,5649,,0.7164478302001953,,,,,,,
,5699,,,353.24621200561523,,,,,,
,5699,,8.32056999206543,,,,,,,
,5749,,,360.0502014160156,,,,,,
,5749,,0.7300376892089844,,,,,,,
,5799,,,358.6921691894531,,,,,,
,5799,,8.924007415771484,,,,,,,
,5849,,,356.0819625854492,,,,,,
,5849,,0.7269382476806641,,,,,,,
,5899,,,451.1833190917969,,,,,,
,5899,,14.262199401855469,,,,,,,
,5949,,,449.59139823913574,,,,,,
,5949,,2.208232879638672,,,,,,,
,5999,,,438.2145404815674,,,,,,
,5999,,15.051126480102539,,,,,,,
,6049,,,356.66918754577637,,,,,,
,6049,,0.6842613220214844,,,,,,,
,6099,,,439.84007835388184,,,,,,
,6099,,15.089273452758789,,,,,,,
,6149,,,452.664852142334,,,,,,
,6149,,1.7936229705810547,,,,,,,
,6199,,,356.8742275238037,,,,,,
,6199,,8.869409561157227,,,,,,,
,6249,,,365.36598205566406,,,,,,
,6249,,0.7634162902832031,,,,,,,
,6299,,,355.5757999420166,,,,,,
,6299,,8.719682693481445,,,,,,,
,6349,,,431.6689968109131,,,,,,
,6349,,0.7941722869873047,,,,,,,
,6399,,,358.5629463195801,,,,,,
,6399,,8.864402770996094,,,,,,,
,6449,,,428.6172389984131,,,,,,
,6449,,0.7617473602294922,,,,,,,
,6499,,,428.3623695373535,,,,,,
,6499,,9.195566177368164,,,,,,,
,6549,,,427.16312408447266,,,,,,
,6549,,0.7047653198242188,,,,,,,
,6599,,,427.6096820831299,,,,,,
,6599,,9.227991104125977,,,,,,,
,6649,,,357.6159477233887,,,,,,
,6649,,0.7681846618652344,,,,,,,
,6699,,,354.23874855041504,,,,,,
,6699,,8.632659912109375,,,,,,,
,6749,,,358.3097457885742,,,,,,
,6749,,0.7166862487792969,,,,,,,
,6799,,,360.72516441345215,,,,,,
,6799,,9.022235870361328,,,,,,,
,6849,,,359.5902919769287,,,,,,
,6849,,0.8108615875244141,,,,,,,
,6899,,,360.9659671783447,,,,,,
,6899,,9.102106094360352,,,,,,,
,6949,,,356.88114166259766,,,,,,
,6949,,0.7123947143554688,,,,,,,
,6999,,,389.39404487609863,,,,,,
,6999,,8.82863998413086,,,,,,,
,7049,,,437.9861354827881,,,,,,
,7049,,0.9675025939941406,,,,,,,
,7099,,,367.1088218688965,,,,,,
,7099,,8.924722671508789,,,,,,,
,7149,,,432.6503276824951,,,,,,
,7149,,0.8187294006347656,,,,,,,
,7199,,,438.72666358947754,,,,,,
,7199,,9.187936782836914,,,,,,,
,7249,,,356.3258647918701,,,,,,
,7249,,0.8606910705566406,,,,,,,
,7299,,,352.1285057067871,,,,,,
,7299,,8.656740188598633,,,,,,,
,7349,,,354.8414707183838,,,,,,
,7349,,0.6926059722900391,,,,,,,
,7399,,,352.017879486084,,,,,,
,7399,,8.470296859741211,,,,,,,
,7449,,,352.92744636535645,,,,,,
,7449,,0.6010532379150391,,,,,,,
,7499,,,353.2419204711914,,,,,,
,7499,,8.31460952758789,,,,,,,
,7549,,,357.97834396362305,,,,,,
,7549,,0.6573200225830078,,,,,,,
,7599,,,360.60476303100586,,,,,,
,7599,,8.556127548217773,,,,,,,
,7649,,,356.50181770324707,,,,,,
,7649,,0.6296634674072266,,,,,,,
,7699,,,358.9644432067871,,,,,,
,7699,,8.733272552490234,,,,,,,
,7749,,,363.83676528930664,,,,,,
,7749,,0.7598400115966797,,,,,,,
,7799,,,362.73670196533203,,,,,,
,7799,,8.815526962280273,,,,,,,
,7849,,,361.9406223297119,,,,,,
,7849,,0.7824897766113281,,,,,,,
,7899,,,371.95587158203125,,,,,,
,7899,,17.357587814331055,,,,,,,
,7949,,,431.837797164917,,,,,,
,7949,,0.8091926574707031,,,,,,,
,7999,,,425.16279220581055,,,,,,
,7999,,9.109973907470703,,,,,,,
,8049,,,430.159330368042,,,,,,
,8049,,0.7805824279785156,,,,,,,
,8099,,,353.363037109375,,,,,,
,8099,,9.051799774169922,,,,,,,
,8149,,,354.7332286834717,,,,,,
,8149,,0.7278919219970703,,,,,,,
,8199,,,353.02019119262695,,,,,,
,8199,,8.731603622436523,,,,,,,
,8249,,,356.0483455657959,,,,,,
,8249,,0.698089599609375,,,,,,,
,8299,,,441.6213035583496,,,,,,
,8299,,15.391826629638672,,,,,,,
,8349,,,437.45946884155273,,,,,,
,8349,,1.828908920288086,,,,,,,
,8399,,,437.4814033508301,,,,,,
,8399,,14.897584915161133,,,,,,,
,8449,,,356.43458366394043,,,,,,
,8449,,0.7584095001220703,,,,,,,
,8499,,,358.7470054626465,,,,,,
,8499,,8.913993835449219,,,,,,,
,8549,,,480.5440902709961,,,,,,
,8549,,1.567840576171875,,,,,,,
,8599,,,440.68098068237305,,,,,,
,8599,,15.103816986083984,,,,,,,
,8649,,,369.1997528076172,,,,,,
,8649,,0.7338523864746094,,,,,,,
,8699,,,357.2583198547363,,,,,,
,8699,,8.713483810424805,,,,,,,
,8749,,,362.4913692474365,,,,,,
,8749,,0.7700920104980469,,,,,,,
,8799,,,356.17566108703613,,,,,,
,8799,,8.898258209228516,,,,,,,
,8849,,,368.0558204650879,,,,,,
,8849,,0.6921291351318359,,,,,,,
,8899,,,441.50781631469727,,,,,,
,8899,,14.983415603637695,,,,,,,
,8949,,,392.09651947021484,,,,,,
,8949,,0.7050037384033203,,,,,,,
,8999,,,360.65125465393066,,,,,,
,8999,,9.086847305297852,,,,,,,
,9049,,,351.332426071167,,,,,,
,9049,,0.6880760192871094,,,,,,,
,9099,,,353.40046882629395,,,,,,
,9099,,8.753776550292969,,,,,,,
,9149,,,363.45791816711426,,,,,,
,9149,,0.7297992706298828,,,,,,,
,9199,,,350.6016731262207,,,,,,
,9199,,8.707046508789062,,,,,,,
,9249,,,351.00317001342773,,,,,,
,9249,,0.6568431854248047,,,,,,,
,9299,,,358.37554931640625,,,,,,
,9299,,8.487701416015625,,,,,,,
,9349,,,404.51598167419434,,,,,,
,9349,,0.7455348968505859,,,,,,,
,9399,,,358.60276222229004,,,,,,
,9399,,8.575201034545898,,,,,,,
,9449,,,353.28030586242676,,,,,,
,9449,,1.77001953125,,,,,,,
,9499,,,477.56361961364746,,,,,,
,9499,,15.661478042602539,,,,,,,
,9549,,,395.6935405731201,,,,,,
,9549,,2.1195411682128906,,,,,,,
,9599,,,354.69770431518555,,,,,,
,9599,,8.757829666137695,,,,,,,
,9649,,,360.29958724975586,,,,,,
,9649,,2.0904541015625,,,,,,,
,9699,,,365.2958869934082,,,,,,
,9699,,8.827447891235352,,,,,,,
,9749,,,358.35862159729004,,,,,,
,9749,,0.6225109100341797,,,,,,,
,9799,,,349.28417205810547,,,,,,
,9799,,8.698225021362305,,,,,,,
,9849,,,433.87341499328613,,,,,,
,9849,,0.720977783203125,,,,,,,
,9899,,,346.6806411743164,,,,,,
,9899,,8.461713790893555,,,,,,,
,9949,,,352.21028327941895,,,,,,
,9949,,2.044200897216797,,,,,,,
,9999,,,350.30317306518555,,,,,,
,9999,,8.411645889282227,,,,,,,
1,9999,,,,,,,8.770971298217773,1804.5999755859375,-1804.5999755859375
,10000,1940.5551986694336,,,,,,,,
1,9999,,,,0.0020570200867950916,1.0541712045669556,-1799.9971923828125,,,
,10049,,,425.3582954406738,,,,,,
,10049,,0.6530284881591797,,,,,,,
,10099,,,426.85770988464355,,,,,,
,10099,,8.467912673950195,,,,,,,
,10149,,,417.9553985595703,,,,,,
,10149,,0.6532669067382812,,,,,,,
,10199,,,421.2172031402588,,,,,,
,10199,,8.416175842285156,,,,,,,
,10249,,,349.4715690612793,,,,,,
,10249,,0.6315708160400391,,,,,,,
,10299,,,418.1807041168213,,,,,,
,10299,,8.446455001831055,,,,,,,
,10349,,,423.7656593322754,,,,,,
,10349,,0.6532669067382812,,,,,,,
,10399,,,424.9706268310547,,,,,,
,10399,,8.385658264160156,,,,,,,
,10449,,,417.9532527923584,,,,,,
,10449,,0.6515979766845703,,,,,,,
,10499,,,426.9680976867676,,,,,,
,10499,,8.609294891357422,,,,,,,
,10549,,,417.6948070526123,,,,,,
,10549,,0.6489753723144531,,,,,,,
,10599,,,416.2142276763916,,,,,,
,10599,,16.93129539489746,,,,,,,
,10649,,,417.3626899719238,,,,,,
,10649,,0.6508827209472656,,,,,,,
,10699,,,426.619291305542,,,,,,
,10699,,8.40306282043457,,,,,,,
,10749,,,425.77457427978516,,,,,,
,10749,,0.6275177001953125,,,,,,,
,10799,,,419.1279411315918,,,,,,
,10799,,8.437156677246094,,,,,,,
,10849,,,345.38984298706055,,,,,,
,10849,,0.5865097045898438,,,,,,,
,10899,,,345.8738327026367,,,,,,
,10899,,7.969856262207031,,,,,,,
,10949,,,344.9437618255615,,,,,,
,10949,,0.5993843078613281,,,,,,,
,10999,,,357.87248611450195,,,,,,
,10999,,8.198261260986328,,,,,,,
,11049,,,356.96959495544434,,,,,,
,11049,,1.224517822265625,,,,,,,
,11099,,,350.27074813842773,,,,,,
,11099,,8.07332992553711,,,,,,,
,11149,,,349.81846809387207,,,,,,
,11149,,0.5841255187988281,,,,,,,
,11199,,,346.39787673950195,,,,,,
,11199,,8.279085159301758,,,,,,,
,11249,,,343.05381774902344,,,,,,
,11249,,0.5850791931152344,,,,,,,
,11299,,,357.82933235168457,,,,,,
,11299,,8.036375045776367,,,,,,,
,11349,,,344.5286750793457,,,,,,
,11349,,0.5755424499511719,,,,,,,
,11399,,,427.809476852417,,,,,,
,11399,,14.405012130737305,,,,,,,
,11449,,,344.315767288208,,,,,,
,11449,,0.5757808685302734,,,,,,,
,11499,,,345.0932502746582,,,,,,
,11499,,7.926225662231445,,,,,,,
,11549,,,343.2786464691162,,,,,,
,11549,,0.5609989166259766,,,,,,,
,11599,,,347.55706787109375,,,,,,
,11599,,8.307456970214844,,,,,,,
,11649,,,345.8442687988281,,,,,,
,11649,,0.5762577056884766,,,,,,,
,11699,,,345.4570770263672,,,,,,
,11699,,7.556438446044922,,,,,,,
,11749,,,346.6765880584717,,,,,,
,11749,,0.6103515625,,,,,,,
,11799,,,344.3624973297119,,,,,,
,11799,,8.162975311279297,,,,,,,
,11849,,,345.736026763916,,,,,,
,11849,,0.5795955657958984,,,,,,,
,11899,,,602.902889251709,,,,,,
,11899,,8.143901824951172,,,,,,,
,11949,,,343.32990646362305,,,,,,
,11949,,0.5609989166259766,,,,,,,
,11999,,,343.05882453918457,,,,,,
,11999,,8.163213729858398,,,,,,,
,12049,,,354.0058135986328,,,,,,
,12049,,0.6299018859863281,,,,,,,
,12099,,,346.40002250671387,,,,,,
,12099,,7.9097747802734375,,,,,,,
,12149,,,348.95992279052734,,,,,,
,12149,,0.5846023559570312,,,,,,,
,12199,,,349.08056259155273,,,,,,
,12199,,8.168697357177734,,,,,,,
,12249,,,342.59653091430664,,,,,,
,12249,,0.5812644958496094,,,,,,,
,12299,,,343.6298370361328,,,,,,
,12299,,7.767915725708008,,,,,,,
,12349,,,346.6482162475586,,,,,,
,12349,,0.598907470703125,,,,,,,
,12399,,,358.8399887084961,,,,,,
,12399,,8.283138275146484,,,,,,,
,12449,,,356.6770553588867,,,,,,
,12449,,0.5855560302734375,,,,,,,
,12499,,,345.8099365234375,,,,,,
,12499,,7.959604263305664,,,,,,,
,12549,,,346.5917110443115,,,,,,
,12549,,0.5831718444824219,,,,,,,
,12599,,,347.28169441223145,,,,,,
,12599,,8.214473724365234,,,,,,,
,12649,,,345.44897079467773,,,,,,
,12649,,0.5805492401123047,,,,,,,
,12699,,,347.96643257141113,,,,,,
,12699,,7.87663459777832,,,,,,,
,12749,,,344.65837478637695,,,,,,
,12749,,0.5908012390136719,,,,,,,
,12799,,,345.3259468078613,,,,,,
,12799,,8.202552795410156,,,,,,,
,12849,,,344.1357612609863,,,,,,
,12849,,0.5848407745361328,,,,,,,
,12899,,,343.9342975616455,,,,,,
,12899,,7.876396179199219,,,,,,,
,12949,,,344.1786766052246,,,,,,
,12949,,0.5834102630615234,,,,,,,
,12999,,,344.5301055908203,,,,,,
,12999,,8.162260055541992,,,,,,,
,13049,,,346.7531204223633,,,,,,
,13049,,0.5924701690673828,,,,,,,
,13099,,,342.5588607788086,,,,,,
,13099,,7.84611701965332,,,,,,,
,13149,,,372.420072555542,,,,,,
,13149,,0.6151199340820312,,,,,,,
,13199,,,349.27868843078613,,,,,,
,13199,,7.885932922363281,,,,,,,
,13249,,,343.3663845062256,,,,,,
,13249,,0.6005764007568359,,,,,,,
,13299,,,416.75472259521484,,,,,,
,13299,,8.38923454284668,,,,,,,
,13349,,,417.96255111694336,,,,,,
,13349,,0.6568431854248047,,,,,,,
,13399,,,425.0016212463379,,,,,,
,13399,,13.164043426513672,,,,,,,
,13449,,,423.98524284362793,,,,,,
,13449,,0.6566047668457031,,,,,,,
,13499,,,421.91576957702637,,,,,,
,13499,,8.666515350341797,,,,,,,
,13549,,,417.5593852996826,,,,,,
,13549,,0.6532669067382812,,,,,,,
,13599,,,416.38731956481934,,,,,,
,13599,,16.790151596069336,,,,,,,
,13649,,,422.53589630126953,,,,,,
,13649,,2.4700164794921875,,,,,,,
,13699,,,418.28155517578125,,,,,,
,13699,,17.049551010131836,,,,,,,
,13749,,,415.83776473999023,,,,,,
,13749,,0.6263256072998047,,,,,,,
,13799,,,417.1171188354492,,,,,,
,13799,,17.323732376098633,,,,,,,
,13849,,,421.39697074890137,,,,,,
,13849,,0.6363391876220703,,,,,,,
,13899,,,416.9142246246338,,,,,,
,13899,,7.899761199951172,,,,,,,
,13949,,,417.2401428222656,,,,,,
,13949,,0.6465911865234375,,,,,,,
,13999,,,436.3393783569336,,,,,,
,13999,,8.538246154785156,,,,,,,
,14049,,,430.87053298950195,,,,,,
,14049,,0.8814334869384766,,,,,,,
,14099,,,415.94886779785156,,,,,,
,14099,,8.42595100402832,,,,,,,
,14149,,,417.33360290527344,,,,,,
,14149,,1.8565654754638672,,,,,,,
,14199,,,418.17355155944824,,,,,,
,14199,,8.60142707824707,,,,,,,
,14249,,,422.66225814819336,,,,,,
,14249,,0.8261203765869141,,,,,,,
,14299,,,425.3802299499512,,,,,,
,14299,,14.618396759033203,,,,,,,
,14349,,,429.2778968811035,,,,,,
,14349,,0.6592273712158203,,,,,,,
,14399,,,418.9286231994629,,,,,,
,14399,,16.713380813598633,,,,,,,
,14449,,,417.02818870544434,,,,,,
,14449,,0.6673336029052734,,,,,,,
,14499,,,417.5119400024414,,,,,,
,14499,,8.419275283813477,,,,,,,
,14549,,,428.3013343811035,,,,,,
,14549,,0.6275177001953125,,,,,,,
,14599,,,416.9185161590576,,,,,,
,14599,,7.895708084106445,,,,,,,
,14649,,,415.3258800506592,,,,,,
,14649,,0.6482601165771484,,,,,,,
,14699,,,417.9263114929199,,,,,,
,14699,,7.928609848022461,,,,,,,
,14749,,,430.081844329834,,,,,,
,14749,,0.6194114685058594,,,,,,,
,14799,,,419.09122467041016,,,,,,
,14799,,8.40306282043457,,,,,,,
,14849,,,418.8196659088135,,,,,,
,14849,,1.668691635131836,,,,,,,
,14899,,,418.353796005249,,,,,,
,14899,,14.841794967651367,,,,,,,
,14949,,,417.7682399749756,,,,,,
,14949,,0.6561279296875,,,,,,,
,14999,,,415.7569408416748,,,,,,
,14999,,8.426427841186523,,,,,,,
2,14999,,,,,,,9.280484199523926,1812.8499755859375,-1812.8499755859375
,15000,1960.7767279148102,,,,,,,,
2,14999,,,,-0.031719375401735306,1.0382061004638672,-1812.291259765625,,,
,15049,,,417.51742362976074,,,,,,
,15049,,0.6418228149414062,,,,,,,
,15099,,,417.98853874206543,,,,,,
,15099,,14.915227890014648,,,,,,,
,15149,,,416.9642925262451,,,,,,
,15149,,0.6377696990966797,,,,,,,
,15199,,,416.0647392272949,,,,,,
,15199,,8.405447006225586,,,,,,,
,15249,,,417.3722267150879,,,,,,
,15249,,0.6337165832519531,,,,,,,
,15299,,,425.1720905303955,,,,,,
,15299,,8.437633514404297,,,,,,,
,15349,,,417.0551300048828,,,,,,
,15349,,0.6468296051025391,,,,,,,
,15399,,,426.53727531433105,,,,,,
,15399,,8.62264633178711,,,,,,,
,15449,,,434.4508647918701,,,,,,
,15449,,0.6542205810546875,,,,,,,
,15499,,,416.0044193267822,,,,,,
,15499,,8.469581604003906,,,,,,,
,15549,,,416.87607765197754,,,,,,
,15549,,0.6546974182128906,,,,,,,
,15599,,,418.5936450958252,,,,,,
,15599,,8.438348770141602,,,,,,,
,15649,,,416.9948101043701,,,,,,
,15649,,0.6399154663085938,,,,,,,
,15699,,,416.37253761291504,,,,,,
,15699,,8.377313613891602,,,,,,,
,15749,,,417.4349308013916,,,,,,
,15749,,0.6301403045654297,,,,,,,
,15799,,,417.45567321777344,,,,,,
,15799,,7.923603057861328,,,,,,,
,15849,,,416.61643981933594,,,,,,
,15849,,0.6742477416992188,,,,,,,
,15899,,,416.348934173584,,,,,,
,15899,,7.912158966064453,,,,,,,
,15949,,,425.9176254272461,,,,,,
,15949,,0.644683837890625,,,,,,,
,15999,,,415.19784927368164,,,,,,
,15999,,8.368492126464844,,,,,,,
,16049,,,417.0093536376953,,,,,,
,16049,,0.637054443359375,,,,,,,
,16099,,,416.7060852050781,,,,,,
,16099,,8.034944534301758,,,,,,,
,16149,,,425.27103424072266,,,,,,
,16149,,0.6492137908935547,,,,,,,
,16199,,,417.4647331237793,,,,,,
,16199,,8.456945419311523,,,,,,,
,16249,,,346.9827175140381,,,,,,
,16249,,0.6148815155029297,,,,,,,
,16299,,,349.8666286468506,,,,,,
,16299,,8.116006851196289,,,,,,,
,16349,,,356.12940788269043,,,,,,
,16349,,0.5955696105957031,,,,,,,
,16399,,,346.4086055755615,,,,,,
,16399,,8.07046890258789,,,,,,,
,16449,,,345.1817035675049,,,,,,
,16449,,0.5776882171630859,,,,,,,
,16499,,,352.1125316619873,,,,,,
,16499,,8.159399032592773,,,,,,,
,16549,,,342.2553539276123,,,,,,
,16549,,0.5772113800048828,,,,,,,
,16599,,,341.74442291259766,,,,,,
,16599,,7.929325103759766,,,,,,,
,16649,,,419.8150634765625,,,,,,
,16649,,0.6403923034667969,,,,,,,
,16699,,,422.3809242248535,,,,,,
,16699,,8.45646858215332,,,,,,,
,16749,,,345.49427032470703,,,,,,
,16749,,0.6062984466552734,,,,,,,
,16799,,,347.39136695861816,,,,,,
,16799,,8.369922637939453,,,,,,,
,16849,,,348.39892387390137,,,,,,
,16849,,0.6144046783447266,,,,,,,
,16899,,,345.5972671508789,,,,,,
,16899,,8.346796035766602,,,,,,,
,16949,,,350.567102432251,,,,,,
,16949,,0.5888938903808594,,,,,,,
,16999,,,344.6946144104004,,,,,,
,16999,,8.310794830322266,,,,,,,
,17049,,,344.4404602050781,,,,,,
,17049,,0.5762577056884766,,,,,,,
,17099,,,342.5154685974121,,,,,,
,17099,,7.769107818603516,,,,,,,
,17149,,,417.63782501220703,,,,,,
,17149,,0.6563663482666016,,,,,,,
,17199,,,343.3856964111328,,,,,,
,17199,,8.10861587524414,,,,,,,
,17249,,,350.8009910583496,,,,,,
,17249,,0.5841255187988281,,,,,,,
,17299,,,343.2202339172363,,,,,,
,17299,,8.340597152709961,,,,,,,
,17349,,,343.6276912689209,,,,,,
,17349,,0.6043910980224609,,,,,,,
,17399,,,352.13279724121094,,,,,,
,17399,,8.224725723266602,,,,,,,
,17449,,,344.2838191986084,,,,,,
,17449,,1.7554759979248047,,,,,,,
,17499,,,343.9006805419922,,,,,,
,17499,,7.807254791259766,,,,,,,
,17549,,,344.8154926300049,,,,,,
,17549,,0.5991458892822266,,,,,,,
,17599,,,347.7301597595215,,,,,,
,17599,,8.094072341918945,,,,,,,
,17649,,,344.50769424438477,,,,,,
,17649,,0.5860328674316406,,,,,,,
,17699,,,343.98818016052246,,,,,,
,17699,,16.449689865112305,,,,,,,
,17749,,,360.0904941558838,,,,,,
,17749,,0.6105899810791016,,,,,,,
,17799,,,417.482852935791,,,,,,
,17799,,8.482933044433594,,,,,,,
,17849,,,422.93715476989746,,,,,,
,17849,,0.6582736968994141,,,,,,,
,17899,,,416.9268608093262,,,,,,
,17899,,8.433103561401367,,,,,,,
,17949,,,418.7026023864746,,,,,,
,17949,,2.009153366088867,,,,,,,
,17999,,,417.28806495666504,,,,,,
,17999,,8.521556854248047,,,,,,,
,18049,,,429.0142059326172,,,,,,
,18049,,0.8518695831298828,,,,,,,
,18099,,,417.13571548461914,,,,,,
,18099,,8.414268493652344,,,,,,,
,18149,,,424.9398708343506,,,,,,
,18149,,0.6496906280517578,,,,,,,
,18199,,,416.97192192077637,,,,,,
,18199,,8.459806442260742,,,,,,,
,18249,,,416.57233238220215,,,,,,
,18249,,0.6666183471679688,,,,,,,
,18299,,,417.6814556121826,,,,,,
,18299,,7.617473602294922,,,,,,,
,18349,,,416.8381690979004,,,,,,
,18349,,0.6570816040039062,,,,,,,
,18399,,,423.05493354797363,,,,,,
,18399,,13.765573501586914,,,,,,,
,18449,,,417.3319339752197,,,,,,
,18449,,0.6532669067382812,,,,,,,
,18499,,,415.6367778778076,,,,,,
,18499,,8.42595100402832,,,,,,,
,18549,,,417.3314571380615,,,,,,
,18549,,0.6537437438964844,,,,,,,
,18599,,,416.8281555175781,,,,,,
,18599,,8.387327194213867,,,,,,,
,18649,,,418.5042381286621,,,,,,
,18649,,0.6670951843261719,,,,,,,
,18699,,,425.7059097290039,,,,,,
,18699,,8.592605590820312,,,,,,,
,18749,,,419.97218132019043,,,,,,
,18749,,0.6563663482666016,,,,,,,
,18799,,,417.0985221862793,,,,,,
,18799,,8.482217788696289,,,,,,,
,18849,,,417.421817779541,,,,,,
,18849,,0.6680488586425781,,,,,,,
,18899,,,421.7400550842285,,,,,,
,18899,,8.504867553710938,,,,,,,
,18949,,,415.0388240814209,,,,,,
,18949,,0.6697177886962891,,,,,,,
,18999,,,415.74859619140625,,,,,,
,18999,,8.402824401855469,,,,,,,
,19049,,,420.26686668395996,,,,,,
,19049,,0.6670951843261719,,,,,,,
,19099,,,420.3479290008545,,,,,,
,19099,,14.750003814697266,,,,,,,
,19149,,,423.4468936920166,,,,,,
,19149,,0.659942626953125,,,,,,,
,19199,,,421.7507839202881,,,,,,
,19199,,8.470773696899414,,,,,,,
,19249,,,424.4093894958496,,,,,,
,19249,,0.7328987121582031,,,,,,,
,19299,,,417.1481132507324,,,,,,
,19299,,8.514881134033203,,,,,,,
,19349,,,432.2779178619385,,,,,,
,19349,,0.728607177734375,,,,,,,
,19399,,,420.6223487854004,,,,,,
,19399,,8.447647094726562,,,,,,,
,19449,,,417.92845726013184,,,,,,
,19449,,0.6618499755859375,,,,,,,
,19499,,,416.13268852233887,,,,,,
,19499,,8.469820022583008,,,,,,,
,19549,,,347.87750244140625,,,,,,
,19549,,0.6122589111328125,,,,,,,
,19599,,,346.74787521362305,,,,,,
,19599,,8.336305618286133,,,,,,,
,19649,,,422.64604568481445,,,,,,
,19649,,0.6825923919677734,,,,,,,
,19699,,,415.6363010406494,,,,,,
,19699,,8.459329605102539,,,,,,,
,19749,,,416.4292812347412,,,,,,
,19749,,0.6525516510009766,,,,,,,
,19799,,,416.69559478759766,,,,,,
,19799,,8.466005325317383,,,,,,,
,19849,,,415.73166847229004,,,,,,
,19849,,0.7989406585693359,,,,,,,
,19899,,,417.5891876220703,,,,,,
,19899,,16.670942306518555,,,,,,,
,19949,,,435.4240894317627,,,,,,
,19949,,0.6587505340576172,,,,,,,
,19999,,,422.5046634674072,,,,,,
,19999,,8.458137512207031,,,,,,,
3,19999,,,,,,,9.195850372314453,1811.9000244140625,-1811.9000244140625
,20000,2023.6339735984802,,,,,,,,
3,19999,,,,0.037198249250650406,1.0339351892471313,-1816.1666259765625,,,
,20049,,,427.73938179016113,,,,,,
,20049,,1.9803047180175781,,,,,,,
,20099,,,419.2037582397461,,,,,,
,20099,,8.460521697998047,,,,,,,
,20149,,,418.4136390686035,,,,,,
,20149,,0.6456375122070312,,,,,,,
,20199,,,421.36216163635254,,,,,,
,20199,,8.421659469604492,,,,,,,
,20249,,,422.274112701416,,,,,,
,20249,,0.6539821624755859,,,,,,,
,20299,,,431.6074848175049,,,,,,
,20299,,8.471012115478516,,,,,,,
,20349,,,348.2658863067627,,,,,,
,20349,,1.6846656799316406,,,,,,,
,20399,,,344.88749504089355,,,,,,
,20399,,8.331537246704102,,,,,,,
,20449,,,353.78456115722656,,,,,,
,20449,,0.6031990051269531,,,,,,,
,20499,,,349.95412826538086,,,,,,
,20499,,8.341550827026367,,,,,,,
,20549,,,349.8039245605469,,,,,,
,20549,,0.6160736083984375,,,,,,,
,20599,,,351.032018661499,,,,,,
,20599,,7.807731628417969,,,,,,,
,20649,,,351.14288330078125,,,,,,
,20649,,0.5793571472167969,,,,,,,
,20699,,,349.44725036621094,,,,,,
,20699,,8.041620254516602,,,,,,,
,20749,,,348.2167720794678,,,,,,
,20749,,0.591278076171875,,,,,,,
,20799,,,348.62232208251953,,,,,,
,20799,,7.884025573730469,,,,,,,
,20849,,,358.03699493408203,,,,,,
,20849,,0.5888938903808594,,,,,,,
,20899,,,344.5565700531006,,,,,,
,20899,,8.054733276367188,,,,,,,
,20949,,,348.1917381286621,,,,,,
,20949,,0.5898475646972656,,,,,,,
,20999,,,348.22916984558105,,,,,,
,20999,,7.928371429443359,,,,,,,
,21049,,,348.19746017456055,,,,,,
,21049,,0.5729198455810547,,,,,,,
,21099,,,347.93734550476074,,,,,,
,21099,,8.150815963745117,,,,,,,
,21149,,,348.1481075286865,,,,,,
,21149,,0.5936622619628906,,,,,,,
,21199,,,357.2397232055664,,,,,,
,21199,,8.157968521118164,,,,,,,
,21249,,,347.2411632537842,,,,,,
,21249,,0.5838871002197266,,,,,,,
,21299,,,428.3032417297363,,,,,,
,21299,,16.933441162109375,,,,,,,
,21349,,,419.9802875518799,,,,,,
,21349,,0.6544589996337891,,,,,,,
,21399,,,418.93458366394043,,,,,,
,21399,,8.426904678344727,,,,,,,
,21449,,,418.61557960510254,,,,,,
,21449,,0.6549358367919922,,,,,,,
,21499,,,419.95859146118164,,,,,,
,21499,,8.549690246582031,,,,,,,
,21549,,,420.3801155090332,,,,,,
,21549,,2.1800994873046875,,,,,,,
,21599,,,419.18277740478516,,,,,,
,21599,,8.447408676147461,,,,,,,
,21649,,,430.01818656921387,,,,,,
,21649,,1.5861988067626953,,,,,,,
,21699,,,419.86942291259766,,,,,,
,21699,,8.547782897949219,,,,,,,
,21749,,,419.2161560058594,,,,,,
,21749,,0.6506443023681641,,,,,,,
,21799,,,424.08204078674316,,,,,,
,21799,,8.389949798583984,,,,,,,
,21849,,,348.9880561828613,,,,,,
,21849,,0.6031990051269531,,,,,,,
,21899,,,351.78375244140625,,,,,,
,21899,,8.540153503417969,,,,,,,
,21949,,,348.62732887268066,,,,,,
,21949,,0.5917549133300781,,,,,,,
,21999,,,349.224328994751,,,,,,
,21999,,8.377552032470703,,,,,,,
,22049,,,348.09017181396484,,,,,,
,22049,,0.5853176116943359,,,,,,,
,22099,,,423.7523078918457,,,,,,
,22099,,8.687973022460938,,,,,,,
,22149,,,428.62534523010254,,,,,,
,22149,,0.6723403930664062,,,,,,,
,22199,,,418.15829277038574,,,,,,
,22199,,8.406877517700195,,,,,,,
,22249,,,419.5525646209717,,,,,,
,22249,,0.6690025329589844,,,,,,,
,22299,,,425.92692375183105,,,,,,
,22299,,8.407831192016602,,,,,,,
,22349,,,420.9599494934082,,,,,,
,22349,,0.6542205810546875,,,,,,,
,22399,,,418.50996017456055,,,,,,
,22399,,8.461713790893555,,,,,,,
,22449,,,418.5464382171631,,,,,,
,22449,,0.6494522094726562,,,,,,,
,22499,,,419.2087650299072,,,,,,
,22499,,10.582923889160156,,,,,,,
,22549,,,418.55549812316895,,,,,,
,22549,,0.6699562072753906,,,,,,,
,22599,,,427.8242588043213,,,,,,
,22599,,8.414983749389648,,,,,,,
,22649,,,427.884578704834,,,,,,
,22649,,0.8702278137207031,,,,,,,
,22699,,,423.34747314453125,,,,,,
,22699,,8.437633514404297,,,,,,,
,22749,,,418.9286231994629,,,,,,
,22749,,0.7460117340087891,,,,,,,
,22799,,,429.0196895599365,,,,,,
,22799,,8.461475372314453,,,,,,,
,22849,,,425.92501640319824,,,,,,
,22849,,0.64849853515625,,,,,,,
,22899,,,419.97694969177246,,,,,,
,22899,,8.434772491455078,,,,,,,
,22949,,,422.83058166503906,,,,,,
,22949,,0.6923675537109375,,,,,,,
,22999,,,420.06945610046387,,,,,,
,22999,,8.413076400756836,,,,,,,
,23049,,,437.9923343658447,,,,,,
,23049,,0.6561279296875,,,,,,,
,23099,,,428.09176445007324,,,,,,
,23099,,16.429662704467773,,,,,,,
,23149,,,418.67518424987793,,,,,,
,23149,,0.6520748138427734,,,,,,,
,23199,,,418.6403751373291,,,,,,
,23199,,15.935182571411133,,,,,,,
,23249,,,419.0495014190674,,,,,,
,23249,,0.6477832794189453,,,,,,,
,23299,,,426.7258644104004,,,,,,
,23299,,16.68572425842285,,,,,,,
,23349,,,421.65493965148926,,,,,,
,23349,,0.6561279296875,,,,,,,
,23399,,,417.62757301330566,,,,,,
,23399,,8.463859558105469,,,,,,,
,23449,,,435.81628799438477,,,,,,
,23449,,0.7550716400146484,,,,,,,
,23499,,,418.8807010650635,,,,,,
,23499,,8.444070816040039,,,,,,,
,23549,,,426.99456214904785,,,,,,
,23549,,0.6494522094726562,,,,,,,
,23599,,,420.4878807067871,,,,,,
,23599,,8.436918258666992,,,,,,,
,23649,,,419.6736812591553,,,,,,
,23649,,0.6551742553710938,,,,,,,
,23699,,,419.6178913116455,,,,,,
,23699,,16.956090927124023,,,,,,,
,23749,,,421.4019775390625,,,,,,
,23749,,0.6568431854248047,,,,,,,
,23799,,,422.63102531433105,,,,,,
,23799,,9.265899658203125,,,,,,,
,23849,,,420.377254486084,,,,,,
,23849,,0.6597042083740234,,,,,,,
,23899,,,418.75600814819336,,,,,,
,23899,,8.958816528320312,,,,,,,
,23949,,,427.5226593017578,,,,,,
,23949,,0.6501674652099609,,,,,,,
,23999,,,423.17938804626465,,,,,,
,23999,,17.250776290893555,,,,,,,
,24049,,,420.82810401916504,,,,,,
,24049,,0.6508827209472656,,,,,,,
,24099,,,427.3841381072998,,,,,,
,24099,,8.416414260864258,,,,,,,
,24149,,,419.0237522125244,,,,,,
,24149,,0.6654262542724609,,,,,,,
,24199,,,419.811487197876,,,,,,
,24199,,8.435249328613281,,,,,,,
,24249,,,420.7284450531006,,,,,,
,24249,,0.6775856018066406,,,,,,,
,24299,,,422.6059913635254,,,,,,
,24299,,8.458852767944336,,,,,,,
,24349,,,421.4808940887451,,,,,,
,24349,,0.8208751678466797,,,,,,,
,24399,,,418.81394386291504,,,,,,
,24399,,8.38160514831543,,,,,,,
,24449,,,349.3642807006836,,,,,,
,24449,,0.6039142608642578,,,,,,,
,24499,,,348.12355041503906,,,,,,
,24499,,8.368253707885742,,,,,,,
,24549,,,349.97010231018066,,,,,,
,24549,,0.5824565887451172,,,,,,,
,24599,,,350.25882720947266,,,,,,
,24599,,8.030414581298828,,,,,,,
,24649,,,351.49121284484863,,,,,,
,24649,,0.5898475646972656,,,,,,,
,24699,,,348.87242317199707,,,,,,
,24699,,8.234500885009766,,,,,,,
,24749,,,347.412109375,,,,,,
,24749,,0.5865097045898438,,,,,,,
,24799,,,349.9882221221924,,,,,,
,24799,,8.11457633972168,,,,,,,
,24849,,,347.430944442749,,,,,,
,24849,,0.6258487701416016,,,,,,,
,24899,,,346.4772701263428,,,,,,
,24899,,8.197307586669922,,,,,,,
,24949,,,345.9200859069824,,,,,,
,24949,,0.5817413330078125,,,,,,,
,24999,,,346.50230407714844,,,,,,
,24999,,7.984399795532227,,,,,,,
4,24999,,,,,,,8.656599998474121,1802.780029296875,-1802.780029296875
,25000,2012.5009770393372,,,,,,,,
4,24999,,,,0.013842563144862652,1.031526803970337,-1815.54638671875,,,
,25049,,,347.99695014953613,,,,,,
,25049,,0.5769729614257812,,,,,,,
,25099,,,349.3475914001465,,,,,,
,25099,,7.858991622924805,,,,,,,
,25149,,,357.3954105377197,,,,,,
,25149,,0.6017684936523438,,,,,,,
,25199,,,348.18506240844727,,,,,,
,25199,,8.37254524230957,,,,,,,
,25249,,,348.95825386047363,,,,,,
,25249,,0.5900859832763672,,,,,,,
,25299,,,348.1884002685547,,,,,,
,25299,,7.828474044799805,,,,,,,
,25349,,,346.52209281921387,,,,,,
,25349,,0.6084442138671875,,,,,,,
,25399,,,357.67555236816406,,,,,,
,25399,,7.869958877563477,,,,,,,
,25449,,,348.48570823669434,,,,,,
,25449,,0.5891323089599609,,,,,,,
,25499,,,344.9873924255371,,,,,,
,25499,,7.794857025146484,,,,,,,
,25549,,,345.4549312591553,,,,,,
,25549,,0.5850791931152344,,,,,,,
,25599,,,347.6436138153076,,,,,,
,25599,,8.301019668579102,,,,,,,
,25649,,,349.88880157470703,,,,,,
,25649,,0.5953311920166016,,,,,,,
,25699,,,346.1794853210449,,,,,,
,25699,,7.844448089599609,,,,,,,
,25749,,,347.365140914917,,,,,,
,25749,,0.6096363067626953,,,,,,,
,25799,,,346.4205265045166,,,,,,
,25799,,7.93147087097168,,,,,,,
,25849,,,347.39136695861816,,,,,,
,25849,,0.5726814270019531,,,,,,,
,25899,,,346.68564796447754,,,,,,
,25899,,7.795810699462891,,,,,,,
,25949,,,349.2133617401123,,,,,,
,25949,,0.6079673767089844,,,,,,,
,25999,,,344.78259086608887,,,,,,
,25999,,8.339405059814453,,,,,,,
,26049,,,347.68009185791016,,,,,,
,26049,,0.5829334259033203,,,,,,,
,26099,,,350.30102729797363,,,,,,
,26099,,7.827043533325195,,,,,,,
,26149,,,347.35846519470215,,,,,,
,26149,,0.5910396575927734,,,,,,,
,26199,,,355.63111305236816,,,,,,
,26199,,8.462190628051758,,,,,,,
,26249,,,348.4013080596924,,,,,,
,26249,,0.5972385406494141,,,,,,,
,26299,,,347.1825122833252,,,,,,
,26299,,7.802248001098633,,,,,,,
,26349,,,346.22812271118164,,,,,,
,26349,,0.6024837493896484,,,,,,,
,26399,,,353.87611389160156,,,,,,
,26399,,8.066892623901367,,,,,,,
,26449,,,343.7042236328125,,,,,,
,26449,,0.5762577056884766,,,,,,,
,26499,,,346.53735160827637,,,,,,
,26499,,7.607698440551758,,,,,,,
,26549,,,347.86033630371094,,,,,,
,26549,,0.57220458984375,,,,,,,
,26599,,,434.88430976867676,,,,,,
,26599,,8.810043334960938,,,,,,,
,26649,,,419.6152687072754,,,,,,
,26649,,2.2001266479492188,,,,,,,
,26699,,,418.60032081604004,,,,,,
,26699,,8.48388671875,,,,,,,
,26749,,,418.0874824523926,,,,,,
,26749,,0.6566047668457031,,,,,,,
,26799,,,419.86083984375,,,,,,
,26799,,14.802694320678711,,,,,,,
,26849,,,422.8651523590088,,,,,,
,26849,,0.6544589996337891,,,,,,,
,26899,,,665.9705638885498,,,,,,
,26899,,8.133172988891602,,,,,,,
,26949,,,426.9897937774658,,,,,,
,26949,,0.6527900695800781,,,,,,,
,26999,,,416.4080619812012,,,,,,
,26999,,8.671760559082031,,,,,,,
,27049,,,417.435884475708,,,,,,
,27049,,2.1729469299316406,,,,,,,
,27099,,,417.85550117492676,,,,,,
,27099,,8.452892303466797,,,,,,,
,27149,,,422.34015464782715,,,,,,
,27149,,0.6232261657714844,,,,,,,
,27199,,,419.05975341796875,,,,,,
,27199,,7.9498291015625,,,,,,,
,27249,,,419.8169708251953,,,,,,
,27249,,2.204418182373047,,,,,,,
,27299,,,417.64259338378906,,,,,,
,27299,,17.310619354248047,,,,,,,
,27349,,,428.6973476409912,,,,,,
,27349,,0.6432533264160156,,,,,,,
,27399,,,421.8277931213379,,,,,,
,27399,,8.476495742797852,,,,,,,
,27449,,,417.722225189209,,,,,,
,27449,,0.6511211395263672,,,,,,,
,27499,,,427.6270866394043,,,,,,
,27499,,8.493423461914062,,,,,,,
,27549,,,416.7468547821045,,,,,,
,27549,,0.6546974182128906,,,,,,,
,27599,,,426.4669418334961,,,,,,
,27599,,8.570432662963867,,,,,,,
,27649,,,419.5218086242676,,,,,,
,27649,,0.6558895111083984,,,,,,,
,27699,,,417.647123336792,,,,,,
,27699,,8.408069610595703,,,,,,,
,27749,,,423.1269359588623,,,,,,
,27749,,0.6289482116699219,,,,,,,
,27799,,,417.71388053894043,,,,,,
,27799,,8.414506912231445,,,,,,,
,27849,,,426.4101982116699,,,,,,
,27849,,0.6339550018310547,,,,,,,
,27899,,,420.84240913391113,,,,,,
,27899,,11.25025749206543,,,,,,,
,27949,,,417.94490814208984,,,,,,
,27949,,0.6525516510009766,,,,,,,
,27999,,,417.90223121643066,,,,,,
,27999,,8.495330810546875,,,,,,,
,28049,,,420.6538200378418,,,,,,
,28049,,0.6814002990722656,,,,,,,
,28099,,,347.851037979126,,,,,,
,28099,,7.8525543212890625,,,,,,,
,28149,,,355.3476333618164,,,,,,
,28149,,0.6020069122314453,,,,,,,
,28199,,,416.4752960205078,,,,,,
,28199,,8.426666259765625,,,,,,,
,28249,,,417.6976680755615,,,,,,
,28249,,0.6606578826904297,,,,,,,
,28299,,,419.29173469543457,,,,,,
,28299,,8.519411087036133,,,,,,,
,28349,,,426.1198043823242,,,,,,
,28349,,0.6456375122070312,,,,,,,
,28399,,,416.99886322021484,,,,,,
,28399,,8.59975814819336,,,,,,,
,28449,,,420.5625057220459,,,,,,
,28449,,2.200603485107422,,,,,,,
,28499,,,429.2778968811035,,,,,,
,28499,,14.064788818359375,,,,,,,
,28549,,,417.70148277282715,,,,,,
,28549,,0.6556510925292969,,,,,,,
,28599,,,417.9832935333252,,,,,,
,28599,,8.444070816040039,,,,,,,
,28649,,,417.77992248535156,,,,,,
,28649,,0.6411075592041016,,,,,,,
,28699,,,430.5529594421387,,,,,,
,28699,,8.381128311157227,,,,,,,
,28749,,,417.9215431213379,,,,,,
,28749,,0.6496906280517578,,,,,,,
,28799,,,422.90735244750977,,,,,,
,28799,,15.384197235107422,,,,,,,
,28849,,,420.14145851135254,,,,,,
,28849,,1.3709068298339844,,,,,,,
,28899,,,419.2812442779541,,,,,,
,28899,,15.646934509277344,,,,,,,
,28949,,,424.8490333557129,,,,,,
,28949,,0.63323974609375,,,,,,,
,28999,,,432.0659637451172,,,,,,
,28999,,8.675813674926758,,,,,,,
,29049,,,341.36080741882324,,,,,,
,29049,,0.5974769592285156,,,,,,,
,29099,,,343.5983657836914,,,,,,
,29099,,8.358240127563477,,,,,,,
,29149,,,344.88916397094727,,,,,,
,29149,,0.5996227264404297,,,,,,,
,29199,,,344.93327140808105,,,,,,
,29199,,8.43501091003418,,,,,,,
,29249,,,376.96242332458496,,,,,,
,29249,,0.6129741668701172,,,,,,,
,29299,,,344.5427417755127,,,,,,
,29299,,7.979393005371094,,,,,,,
,29349,,,344.1140651702881,,,,,,
,29349,,0.5764961242675781,,,,,,,
,29399,,,345.77202796936035,,,,,,
,29399,,7.807016372680664,,,,,,,
,29449,,,345.86453437805176,,,,,,
,29449,,0.6005764007568359,,,,,,,
,29499,,,349.1477966308594,,,,,,
,29499,,8.34035873413086,,,,,,,
,29549,,,349.61485862731934,,,,,,
,29549,,0.5884170532226562,,,,,,,
,29599,,,354.8710346221924,,,,,,
,29599,,16.562223434448242,,,,,,,
,29649,,,348.33836555480957,,,,,,
,29649,,0.6117820739746094,,,,,,,
,29699,,,349.3216037750244,,,,,,
,29699,,7.848024368286133,,,,,,,
,29749,,,344.8610305786133,,,,,,
,29749,,0.6046295166015625,,,,,,,
,29799,,,345.69811820983887,,,,,,
,29799,,7.782220840454102,,,,,,,
,29849,,,347.2929000854492,,,,,,
,29849,,0.606536865234375,,,,,,,
,29899,,,347.90515899658203,,,,,,
,29899,,8.249998092651367,,,,,,,
,29949,,,346.6649055480957,,,,,,
,29949,,1.9886493682861328,,,,,,,
,29999,,,419.0411567687988,,,,,,
,29999,,8.489608764648438,,,,,,,
5,29999,,,,,,,8.842361450195312,1805.6700439453125,-1805.6700439453125
,30000,1947.599622964859,,,,,,,,
5,29999,,,,-0.013889986090362072,1.0274393558502197,-1815.244384765625,,,
,30049,,,419.0561771392822,,,,,,
,30049,,0.6132125854492188,,,,,,,
,30099,,,418.72668266296387,,,,,,
,30099,,8.491039276123047,,,,,,,
,30149,,,415.19689559936523,,,,,,
,30149,,0.6487369537353516,,,,,,,
,30199,,,426.06210708618164,,,,,,
,30199,,8.41832160949707,,,,,,,
,30249,,,417.5090789794922,,,,,,
,30249,,0.6325244903564453,,,,,,,
,30299,,,401.9157886505127,,,,,,
,30299,,15.543460845947266,,,,,,,
,30349,,,417.59324073791504,,,,,,
,30349,,0.6628036499023438,,,,,,,
,30399,,,432.26075172424316,,,,,,
,30399,,8.460044860839844,,,,,,,
,30449,,,430.2937984466553,,,,,,
,30449,,2.210855484008789,,,,,,,
,30499,,,419.08931732177734,,,,,,
,30499,,17.093181610107422,,,,,,,
,30549,,,422.8074550628662,,,,,,
,30549,,1.8773078918457031,,,,,,,
,30599,,,418.0455207824707,,,,,,
,30599,,8.502960205078125,,,,,,,
,30649,,,357.8941822052002,,,,,,
,30649,,0.6518363952636719,,,,,,,
,30699,,,347.4106788635254,,,,,,
,30699,,8.14509391784668,,,,,,,
,30749,,,346.4369773864746,,,,,,
,30749,,0.5941390991210938,,,,,,,
,30799,,,346.9512462615967,,,,,,
,30799,,8.416891098022461,,,,,,,
,30849,,,419.9352264404297,,,,,,
,30849,,0.6670951843261719,,,,,,,
,30899,,,434.0977668762207,,,,,,
,30899,,8.696556091308594,,,,,,,
,30949,,,417.45686531066895,,,,,,
,30949,,0.6601810455322266,,,,,,,
,30999,,,417.97733306884766,,,,,,
,30999,,16.796588897705078,,,,,,,
,31049,,,427.81734466552734,,,,,,
,31049,,0.6592273712158203,,,,,,,
,31099,,,417.70410537719727,,,,,,
,31099,,8.492231369018555,,,,,,,
,31149,,,434.41152572631836,,,,,,
,31149,,0.7205009460449219,,,,,,,
,31199,,,417.4199104309082,,,,,,
,31199,,16.922950744628906,,,,,,,
,31249,,,417.431116104126,,,,,,
,31249,,0.6794929504394531,,,,,,,
,31299,,,418.4679985046387,,,,,,
,31299,,8.716821670532227,,,,,,,
,31349,,,418.501615524292,,,,,,
,31349,,0.6718635559082031,,,,,,,
,31399,,,424.0431785583496,,,,,,
,31399,,13.49496841430664,,,,,,,
,31449,,,428.56812477111816,,,,,,
,31449,,1.6047954559326172,,,,,,,
,31499,,,418.0898666381836,,,,,,
,31499,,16.387224197387695,,,,,,,
,31549,,,424.1137504577637,,,,,,
,31549,,0.6735324859619141,,,,,,,
,31599,,,417.3605442047119,,,,,,
,31599,,8.556842803955078,,,,,,,
,31649,,,428.71665954589844,,,,,,
,31649,,0.6549358367919922,,,,,,,
,31699,,,427.2027015686035,,,,,,
,31699,,8.46719741821289,,,,,,,
,31749,,,348.9816188812256,,,,,,
,31749,,0.6103515625,,,,,,,
,31799,,,351.23419761657715,,,,,,
,31799,,8.593082427978516,,,,,,,
,31849,,,420.154333114624,,,,,,
,31849,,0.6577968597412109,,,,,,,
,31899,,,417.37961769104004,,,,,,
,31899,,8.259296417236328,,,,,,,
,31949,,,423.22802543640137,,,,,,
,31949,,1.6620159149169922,,,,,,,
,31999,,,417.6652431488037,,,,,,
,31999,,8.458375930786133,,,,,,,
,32049,,,420.1059341430664,,,,,,
,32049,,0.66375732421875,,,,,,,
,32099,,,418.3313846588135,,,,,,
,32099,,8.479118347167969,,,,,,,
,32149,,,433.75229835510254,,,,,,
,32149,,0.6473064422607422,,,,,,,
,32199,,,418.17569732666016,,,,,,
,32199,,8.395195007324219,,,,,,,
,32249,,,419.2242622375488,,,,,,
,32249,,0.6978511810302734,,,,,,,
,32299,,,420.8636283874512,,,,,,
,32299,,8.451700210571289,,,,,,,
,32349,,,420.64523696899414,,,,,,
,32349,,0.6496906280517578,,,,,,,
,32399,,,424.7019290924072,,,,,,
,32399,,8.426189422607422,,,,,,,
,32449,,,418.043851852417,,,,,,
,32449,,0.6554126739501953,,,,,,,
,32499,,,420.9282398223877,,,,,,
,32499,,17.01211929321289,,,,,,,
,32549,,,421.14949226379395,,,,,,
,32549,,0.7054805755615234,,,,,,,
,32599,,,418.15829277038574,,,,,,
,32599,,8.474349975585938,,,,,,,
,32649,,,420.90797424316406,,,,,,
,32649,,1.8696784973144531,,,,,,,
,32699,,,423.7475395202637,,,,,,
,32699,,8.299827575683594,,,,,,,
,32749,,,419.7826385498047,,,,,,
,32749,,0.6508827209472656,,,,,,,
,32799,,,417.45734214782715,,,,,,
,32799,,8.472204208374023,,,,,,,
,32849,,,435.8489513397217,,,,,,
,32849,,0.7245540618896484,,,,,,,
,32899,,,418.1694984436035,,,,,,
,32899,,8.460044860839844,,,,,,,
,32949,,,421.2827682495117,,,,,,
,32949,,0.6580352783203125,,,,,,,
,32999,,,434.18359756469727,,,,,,
,32999,,8.173942565917969,,,,,,,
,33049,,,420.09663581848145,,,,,,
,33049,,0.6561279296875,,,,,,,
,33099,,,419.9531078338623,,,,,,
,33099,,8.418798446655273,,,,,,,
,33149,,,420.75634002685547,,,,,,
,33149,,0.6279945373535156,,,,,,,
,33199,,,419.0716743469238,,,,,,
,33199,,8.402824401855469,,,,,,,
,33249,,,420.2432632446289,,,,,,
,33249,,0.6277561187744141,,,,,,,
,33299,,,428.0586242675781,,,,,,
,33299,,8.572816848754883,,,,,,,
,33349,,,431.0345649719238,,,,,,
,33349,,0.6659030914306641,,,,,,,
,33399,,,417.6025390625,,,,,,
,33399,,8.46719741821289,,,,,,,
,33449,,,418.0142879486084,,,,,,
,33449,,0.6670951843261719,,,,,,,
,33499,,,420.2754497528076,,,,,,
,33499,,8.614540100097656,,,,,,,
,33549,,,417.60802268981934,,,,,,
,33549,,0.6530284881591797,,,,,,,
,33599,,,419.1398620605469,,,,,,
,33599,,8.4381103515625,,,,,,,
,33649,,,417.65522956848145,,,,,,
,33649,,0.6797313690185547,,,,,,,
,33699,,,428.65753173828125,,,,,,
,33699,,8.411884307861328,,,,,,,
,33749,,,426.73325538635254,,,,,,
,33749,,0.7305145263671875,,,,,,,
,33799,,,427.88028717041016,,,,,,
,33799,,8.58306884765625,,,,,,,
,33849,,,419.04497146606445,,,,,,
,33849,,0.6613731384277344,,,,,,,
,33899,,,420.1045036315918,,,,,,
,33899,,14.798164367675781,,,,,,,
,33949,,,424.6068000793457,,,,,,
,33949,,0.6556510925292969,,,,,,,
,33999,,,419.8803901672363,,,,,,
,33999,,10.417699813842773,,,,,,,
,34049,,,417.5455570220947,,,,,,
,34049,,0.6508827209472656,,,,,,,
,34099,,,416.9950485229492,,,,,,
,34099,,8.571863174438477,,,,,,,
,34149,,,421.77438735961914,,,,,,
,34149,,0.6532669067382812,,,,,,,
,34199,,,417.8500175476074,,,,,,
,34199,,8.459806442260742,,,,,,,
,34249,,,417.21534729003906,,,,,,
,34249,,0.6575584411621094,,,,,,,
,34299,,,419.6429252624512,,,,,,
,34299,,16.6170597076416,,,,,,,
,34349,,,419.9535846710205,,,,,,
,34349,,0.6489753723144531,,,,,,,
,34399,,,417.3402786254883,,,,,,
,34399,,8.468151092529297,,,,,,,
,34449,,,417.8352355957031,,,,,,
,34449,,0.6296634674072266,,,,,,,
,34499,,,345.1540470123291,,,,,,
,34499,,7.950305938720703,,,,,,,
,34549,,,346.24791145324707,,,,,,
,34549,,0.5733966827392578,,,,,,,
,34599,,,354.08926010131836,,,,,,
,34599,,8.533239364624023,,,,,,,
,34649,,,424.1640567779541,,,,,,
,34649,,0.6814002990722656,,,,,,,
,34699,,,421.42558097839355,,,,,,
,34699,,16.953706741333008,,,,,,,
,34749,,,421.7712879180908,,,,,,
,34749,,1.859426498413086,,,,,,,
,34799,,,424.1302013397217,,,,,,
,34799,,13.173103332519531,,,,,,,
,34849,,,425.83250999450684,,,,,,
,34849,,0.6823539733886719,,,,,,,
,34899,,,417.7672863006592,,,,,,
,34899,,8.528709411621094,,,,,,,
,34949,,,421.20957374572754,,,,,,
,34949,,0.6959438323974609,,,,,,,
,34999,,,417.71435737609863,,,,,,
,34999,,8.446931838989258,,,,,,,
6,34999,,,,,,,8.794474601745605,1805.1600341796875,-1805.1600341796875
,35000,2108.384670495987,,,,,,,,
6,34999,,,,-0.006144790910184383,1.0239800214767456,-1814.155029296875,,,
,35049,,,419.6815490722656,,,,,,
,35049,,0.6489753723144531,,,,,,,
,35099,,,422.92070388793945,,,,,,
,35099,,8.554220199584961,,,,,,,
,35149,,,427.85048484802246,,,,,,
,35149,,1.155853271484375,,,,,,,
,35199,,,429.34513092041016,,,,,,
,35199,,8.396625518798828,,,,,,,
,35249,,,424.91650581359863,,,,,,
,35249,,1.5859603881835938,,,,,,,
,35299,,,417.7262783050537,,,,,,
,35299,,8.401870727539062,,,,,,,
,35349,,,345.7162380218506,,,,,,
,35349,,0.6055831909179688,,,,,,,
,35399,,,346.8310832977295,,,,,,
,35399,,8.347511291503906,,,,,,,
,35449,,,350.0707149505615,,,,,,
,35449,,0.6115436553955078,,,,,,,
,35499,,,351.89080238342285,,,,,,
,35499,,8.333444595336914,,,,,,,
,35549,,,419.57592964172363,,,,,,
,35549,,0.6496906280517578,,,,,,,
,35599,,,424.2889881134033,,,,,,
,35599,,8.522748947143555,,,,,,,
,35649,,,419.4767475128174,,,,,,
,35649,,0.6561279296875,,,,,,,
,35699,,,426.2075424194336,,,,,,
,35699,,10.434865951538086,,,,,,,
,35749,,,419.5992946624756,,,,,,
,35749,,0.6530284881591797,,,,,,,
,35799,,,420.0308322906494,,,,,,
,35799,,8.446693420410156,,,,,,,
,35849,,,415.79174995422363,,,,,,
,35849,,0.6582736968994141,,,,,,,
,35899,,,417.18292236328125,,,,,,
,35899,,8.444547653198242,,,,,,,
,35949,,,418.52545738220215,,,,,,
,35949,,0.6499290466308594,,,,,,,
,35999,,,422.8324890136719,,,,,,
,35999,,8.004903793334961,,,,,,,
,36049,,,425.10509490966797,,,,,,
,36049,,0.6539821624755859,,,,,,,
,36099,,,417.45519638061523,,,,,,
,36099,,8.368492126464844,,,,,,,
,36149,,,347.3634719848633,,,,,,
,36149,,0.5853176116943359,,,,,,,
,36199,,,349.02119636535645,,,,,,
,36199,,15.37466049194336,,,,,,,
,36249,,,347.02444076538086,,,,,,
,36249,,0.6186962127685547,,,,,,,
,36299,,,345.045804977417,,,,,,
,36299,,8.257627487182617,,,,,,,
,36349,,,348.2694625854492,,,,,,
,36349,,0.5867481231689453,,,,,,,
,36399,,,346.7690944671631,,,,,,
,36399,,7.74836540222168,,,,,,,
,36449,,,346.98009490966797,,,,,,
,36449,,0.5993843078613281,,,,,,,
,36499,,,422.4991798400879,,,,,,
,36499,,8.241653442382812,,,,,,,
,36549,,,420.41802406311035,,,,,,
,36549,,0.67138671875,,,,,,,
,36599,,,420.5589294433594,,,,,,
,36599,,8.45479965209961,,,,,,,
,36649,,,420.7415580749512,,,,,,
,36649,,0.6556510925292969,,,,,,,
,36699,,,420.3681945800781,,,,,,
,36699,,15.93160629272461,,,,,,,
,36749,,,422.1172332763672,,,,,,
,36749,,0.6561279296875,,,,,,,
,36799,,,432.7654838562012,,,,,,
,36799,,8.625030517578125,,,,,,,
,36849,,,423.94447326660156,,,,,,
,36849,,0.7746219635009766,,,,,,,
,36899,,,420.0780391693115,,,,,,
,36899,,8.38470458984375,,,,,,,
,36949,,,429.25262451171875,,,,,,
,36949,,1.8513202667236328,,,,,,,
,36999,,,424.5877265930176,,,,,,
,36999,,8.622169494628906,,,,,,,
,37049,,,428.26175689697266,,,,,,
,37049,,0.6525516510009766,,,,,,,
,37099,,,421.0331439971924,,,,,,
,37099,,8.372783660888672,,,,,,,
,37149,,,419.81983184814453,,,,,,
,37149,,0.6487369537353516,,,,,,,
,37199,,,417.82164573669434,,,,,,
,37199,,8.365392684936523,,,,,,,
,37249,,,421.40889167785645,,,,,,
,37249,,0.6532669067382812,,,,,,,
,37299,,,419.4145202636719,,,,,,
,37299,,9.995460510253906,,,,,,,
,37349,,,421.39673233032227,,,,,,
,37349,,2.0325183868408203,,,,,,,
,37399,,,425.82249641418457,,,,,,
,37399,,13.16523551940918,,,,,,,
,37449,,,423.17914962768555,,,,,,
,37449,,0.6520748138427734,,,,,,,
,37499,,,417.3426628112793,,,,,,
,37499,,8.382081985473633,,,,,,,
,37549,,,425.1139163970947,,,,,,
,37549,,0.6601810455322266,,,,,,,
,37599,,,418.09535026550293,,,,,,
,37599,,17.138004302978516,,,,,,,
,37649,,,417.0675277709961,,,,,,
,37649,,0.7128715515136719,,,,,,,
,37699,,,415.8775806427002,,,,,,
,37699,,16.946077346801758,,,,,,,
,37749,,,420.79854011535645,,,,,,
,37749,,0.6554126739501953,,,,,,,
,37799,,,421.0929870605469,,,,,,
,37799,,8.485555648803711,,,,,,,
,37849,,,417.52171516418457,,,,,,
,37849,,0.6515979766845703,,,,,,,
,37899,,,419.8582172393799,,,,,,
,37899,,8.457422256469727,,,,,,,
,37949,,,429.0904998779297,,,,,,
,37949,,2.111196517944336,,,,,,,
,37999,,,417.6504611968994,,,,,,
,37999,,8.446216583251953,,,,,,,
,38049,,,417.0358180999756,,,,,,
,38049,,0.6504058837890625,,,,,,,
,38099,,,417.58179664611816,,,,,,
,38099,,8.424758911132812,,,,,,,
,38149,,,428.41577529907227,,,,,,
,38149,,2.5179386138916016,,,,,,,
,38199,,,422.44791984558105,,,,,,
,38199,,8.444070816040039,,,,,,,
,38249,,,416.4309501647949,,,,,,
,38249,,2.137899398803711,,,,,,,
,38299,,,422.2731590270996,,,,,,
,38299,,8.43358039855957,,,,,,,
,38349,,,421.51951789855957,,,,,,
,38349,,0.675201416015625,,,,,,,
,38399,,,417.4022674560547,,,,,,
,38399,,8.453845977783203,,,,,,,
,38449,,,417.8946018218994,,,,,,
,38449,,0.6513595581054688,,,,,,,
,38499,,,417.6325798034668,,,,,,
,38499,,16.94631576538086,,,,,,,
,38549,,,423.2757091522217,,,,,,
,38549,,2.0532608032226562,,,,,,,
,38599,,,425.94099044799805,,,,,,
,38599,,8.461236953735352,,,,,,,
,38649,,,424.29327964782715,,,,,,
,38649,,0.6549358367919922,,,,,,,
,38699,,,425.98414421081543,,,,,,
,38699,,9.540319442749023,,,,,,,
,38749,,,416.66698455810547,,,,,,
,38749,,0.675201416015625,,,,,,,
,38799,,,416.9809818267822,,,,,,
,38799,,8.413314819335938,,,,,,,
,38849,,,417.6671504974365,,,,,,
,38849,,0.6539821624755859,,,,,,,
,38899,,,423.9847660064697,,,,,,
,38899,,8.43191146850586,,,,,,,
,38949,,,422.8987693786621,,,,,,
,38949,,0.6511211395263672,,,,,,,
,38999,,,420.804500579834,,,,,,
,38999,,8.452892303466797,,,,,,,
,39049,,,424.968957901001,,,,,,
,39049,,0.6549358367919922,,,,,,,
,39099,,,425.01020431518555,,,,,,
,39099,,8.422136306762695,,,,,,,
,39149,,,425.9481430053711,,,,,,
,39149,,0.6668567657470703,,,,,,,
,39199,,,419.83509063720703,,,,,,
,39199,,16.280651092529297,,,,,,,
,39249,,,430.5458068847656,,,,,,
,39249,,0.6518363952636719,,,,,,,
,39299,,,422.91855812072754,,,,,,
,39299,,8.448123931884766,,,,,,,
,39349,,,417.3309803009033,,,,,,
,39349,,0.6532669067382812,,,,,,,
,39399,,,423.84791374206543,,,,,,
,39399,,8.376598358154297,,,,,,,
,39449,,,417.03200340270996,,,,,,
,39449,,0.6663799285888672,,,,,,,
,39499,,,420.1695919036865,,,,,,
,39499,,16.089677810668945,,,,,,,
,39549,,,416.35656356811523,,,,,,
,39549,,0.652313232421875,,,,,,,
,39599,,,423.6118793487549,,,,,,
,39599,,16.397476196289062,,,,,,,
,39649,,,425.1871109008789,,,,,,
,39649,,0.6585121154785156,,,,,,,
,39699,,,423.78950119018555,,,,,,
,39699,,8.461475372314453,,,,,,,
,39749,,,417.28997230529785,,,,,,
,39749,,0.6692409515380859,,,,,,,
,39799,,,416.3234233856201,,,,,,
,39799,,8.443117141723633,,,,,,,
,39849,,,420.8369255065918,,,,,,
,39849,,0.6747245788574219,,,,,,,
,39899,,,417.4234867095947,,,,,,
,39899,,8.486509323120117,,,,,,,
,39949,,,427.87861824035645,,,,,,
,39949,,0.6666183471679688,,,,,,,
,39999,,,416.86272621154785,,,,,,
,39999,,8.415460586547852,,,,,,,
7,39999,,,,,,,9.145898818969727,1811.050048828125,-1811.050048828125
,40000,2103.675155878067,,,,,,,,
7,39999,,,,-0.019259611144661903,1.0199933052062988,-1819.12158203125,,,
,40049,,,427.4873733520508,,,,,,
,40049,,2.084016799926758,,,,,,,
,40099,,,419.93069648742676,,,,,,
,40099,,17.542600631713867,,,,,,,
,40149,,,426.61237716674805,,,,,,
,40149,,0.64849853515625,,,,,,,
,40199,,,416.35704040527344,,,,,,
,40199,,8.4991455078125,,,,,,,
,40249,,,417.5748825073242,,,,,,
,40249,,0.6618499755859375,,,,,,,
,40299,,,417.8454875946045,,,,,,
,40299,,8.422374725341797,,,,,,,
,40349,,,416.70751571655273,,,,,,
,40349,,1.9783973693847656,,,,,,,
,40399,,,433.9468479156494,,,,,,
,40399,,8.517026901245117,,,,,,,
,40449,,,418.03550720214844,,,,,,
,40449,,0.6496906280517578,,,,,,,
,40499,,,416.11671447753906,,,,,,
,40499,,17.34781265258789,,,,,,,
,40549,,,425.9223937988281,,,,,,
,40549,,0.6499290466308594,,,,,,,
,40599,,,419.71683502197266,,,,,,
,40599,,8.447408676147461,,,,,,,
,40649,,,420.9141731262207,,,,,,
,40649,,1.8999576568603516,,,,,,,
,40699,,,346.85230255126953,,,,,,
,40699,,8.38470458984375,,,,,,,
,40749,,,355.0536632537842,,,,,,
,40749,,0.6067752838134766,,,,,,,
,40799,,,347.48268127441406,,,,,,
,40799,,8.350610733032227,,,,,,,
,40849,,,345.7906246185303,,,,,,
,40849,,0.6029605865478516,,,,,,,
,40899,,,344.76542472839355,,,,,,
,40899,,8.310317993164062,,,,,,,
,40949,,,344.8216915130615,,,,,,
,40949,,0.5948543548583984,,,,,,,
,40999,,,344.0995216369629,,,,,,
,40999,,8.37564468383789,,,,,,,
,41049,,,343.86515617370605,,,,,,
,41049,,0.5724430084228516,,,,,,,
,41099,,,353.8398742675781,,,,,,
,41099,,7.857561111450195,,,,,,,
,41149,,,356.3694953918457,,,,,,
,41149,,0.5731582641601562,,,,,,,
,41199,,,350.19493103027344,,,,,,
,41199,,7.83228874206543,,,,,,,
,41249,,,345.13306617736816,,,,,,
,41249,,0.5750656127929688,,,,,,,
,41299,,,345.2620506286621,,,,,,
,41299,,15.906095504760742,,,,,,,
,41349,,,345.5507755279541,,,,,,
,41349,,0.5996227264404297,,,,,,,
,41399,,,347.9602336883545,,,,,,
,41399,,8.024930953979492,,,,,,,
,41449,,,354.6750545501709,,,,,,
,41449,,0.5903244018554688,,,,,,,
,41499,,,348.16646575927734,,,,,,
,41499,,7.836580276489258,,,,,,,
,41549,,,417.18149185180664,,,,,,
,41549,,0.6270408630371094,,,,,,,
,41599,,,424.86095428466797,,,,,,
,41599,,7.806539535522461,,,,,,,
,41649,,,343.7027931213379,,,,,,
,41649,,0.5698204040527344,,,,,,,
,41699,,,345.7062244415283,,,,,,
,41699,,8.161544799804688,,,,,,,
,41749,,,343.4600830078125,,,,,,
,41749,,0.5764961242675781,,,,,,,
,41799,,,344.8929786682129,,,,,,
,41799,,7.901191711425781,,,,,,,
,41849,,,344.7580337524414,,,,,,
,41849,,0.576019287109375,,,,,,,
,41899,,,593.7285423278809,,,,,,
,41899,,8.452653884887695,,,,,,,
,41949,,,346.3883399963379,,,,,,
,41949,,0.6000995635986328,,,,,,,
,41999,,,354.23994064331055,,,,,,
,41999,,7.905244827270508,,,,,,,
,42049,,,347.5475311279297,,,,,,
,42049,,0.5788803100585938,,,,,,,
,42099,,,355.3895950317383,,,,,,
,42099,,8.223772048950195,,,,,,,
,42149,,,347.3961353302002,,,,,,
,42149,,0.5908012390136719,,,,,,,
,42199,,,356.3237190246582,,,,,,
,42199,,8.017539978027344,,,,,,,
,42249,,,347.86510467529297,,,,,,
,42249,,0.5872249603271484,,,,,,,
,42299,,,349.80297088623047,,,,,,
,42299,,8.269071578979492,,,,,,,
,42349,,,352.5676727294922,,,,,,
,42349,,0.6158351898193359,,,,,,,
,42399,,,425.8265495300293,,,,,,
,42399,,17.113208770751953,,,,,,,
,42449,,,417.30260848999023,,,,,,
,42449,,0.6697177886962891,,,,,,,
,42499,,,417.13833808898926,,,,,,
,42499,,8.436918258666992,,,,,,,
,42549,,,420.3147888183594,,,,,,
,42549,,0.6353855133056641,,,,,,,
,42599,,,424.98302459716797,,,,,,
,42599,,8.393287658691406,,,,,,,
,42649,,,347.45287895202637,,,,,,
,42649,,0.5855560302734375,,,,,,,
,42699,,,352.40817070007324,,,,,,
,42699,,8.209705352783203,,,,,,,
,42749,,,429.78453636169434,,,,,,
,42749,,2.1638870239257812,,,,,,,
,42799,,,418.57075691223145,,,,,,
,42799,,8.441686630249023,,,,,,,
,42849,,,418.03836822509766,,,,,,
,42849,,0.6444454193115234,,,,,,,
,42899,,,348.0219841003418,,,,,,
,42899,,8.32986831665039,,,,,,,
,42949,,,347.8841781616211,,,,,,
,42949,,0.6144046783447266,,,,,,,
,42999,,,344.923734664917,,,,,,
,42999,,8.403301239013672,,,,,,,
,43049,,,344.1941738128662,,,,,,
,43049,,0.5908012390136719,,,,,,,
,43099,,,349.210262298584,,,,,,
,43099,,7.826805114746094,,,,,,,
,43149,,,349.1241931915283,,,,,,
,43149,,0.6098747253417969,,,,,,,
,43199,,,358.83426666259766,,,,,,
,43199,,8.276939392089844,,,,,,,
,43249,,,342.97752380371094,,,,,,
,43249,,0.5905628204345703,,,,,,,
,43299,,,348.3424186706543,,,,,,
,43299,,8.222579956054688,,,,,,,
,43349,,,418.58601570129395,,,,,,
,43349,,1.985311508178711,,,,,,,
,43399,,,418.99991035461426,,,,,,
,43399,,8.444786071777344,,,,,,,
,43449,,,418.77245903015137,,,,,,
,43449,,0.6735324859619141,,,,,,,
,43499,,,420.7625389099121,,,,,,
,43499,,8.228302001953125,,,,,,,
,43549,,,425.72999000549316,,,,,,
,43549,,0.6687641143798828,,,,,,,
,43599,,,418.9298152923584,,,,,,
,43599,,8.467674255371094,,,,,,,
,43649,,,437.92271614074707,,,,,,
,43649,,0.6556510925292969,,,,,,,
,43699,,,425.8873462677002,,,,,,
,43699,,8.509635925292969,,,,,,,
,43749,,,417.93370246887207,,,,,,
,43749,,0.6494522094726562,,,,,,,
,43799,,,429.42261695861816,,,,,,
,43799,,17.030000686645508,,,,,,,
,43849,,,419.7354316711426,,,,,,
,43849,,0.6580352783203125,,,,,,,
,43899,,,418.31016540527344,,,,,,
,43899,,8.429765701293945,,,,,,,
,43949,,,419.9247360229492,,,,,,
,43949,,2.2034645080566406,,,,,,,
,43999,,,418.68138313293457,,,,,,
,43999,,8.496522903442383,,,,,,,
,44049,,,419.2075729370117,,,,,,
,44049,,0.6537437438964844,,,,,,,
,44099,,,424.2594242095947,,,,,,
,44099,,8.423805236816406,,,,,,,
,44149,,,418.6584949493408,,,,,,
,44149,,0.6508827209472656,,,,,,,
,44199,,,418.3659553527832,,,,,,
,44199,,8.54635238647461,,,,,,,
,44249,,,416.9323444366455,,,,,,
,44249,,0.6701946258544922,,,,,,,
,44299,,,421.5219020843506,,,,,,
,44299,,8.535623550415039,,,,,,,
,44349,,,418.1075096130371,,,,,,
,44349,,0.6489753723144531,,,,,,,
,44399,,,424.6349334716797,,,,,,
,44399,,8.430242538452148,,,,,,,
,44449,,,418.6596870422363,,,,,,
,44449,,0.6515979766845703,,,,,,,
,44499,,,432.19590187072754,,,,,,
,44499,,8.426666259765625,,,,,,,
,44549,,,418.109655380249,,,,,,
,44549,,2.003192901611328,,,,,,,
,44599,,,417.6638126373291,,,,,,
,44599,,17.149686813354492,,,,,,,
,44649,,,419.64125633239746,,,,,,
,44649,,0.6620883941650391,,,,,,,
,44699,,,420.0177192687988,,,,,,
,44699,,8.399724960327148,,,,,,,
,44749,,,421.8261241912842,,,,,,
,44749,,0.6797313690185547,,,,,,,
,44799,,,424.3495464324951,,,,,,
,44799,,8.403301239013672,,,,,,,
,44849,,,426.53608322143555,,,,,,
,44849,,0.6623268127441406,,,,,,,
,44899,,,417.78564453125,,,,,,
,44899,,16.566038131713867,,,,,,,
,44949,,,416.95141792297363,,,,,,
,44949,,0.6530284881591797,,,,,,,
,44999,,,418.48206520080566,,,,,,
,44999,,8.421897888183594,,,,,,,
8,44999,,,,,,,8.547964096069336,1801.3699951171875,-1801.3699951171875
,45000,1989.8286709785461,,,,,,,,
8,44999,,,,-0.001968153053894639,1.0229250192642212,-1821.0830078125,,,
,45049,,,418.14351081848145,,,,,,
,45049,,0.6117820739746094,,,,,,,
,45099,,,418.2264804840088,,,,,,
,45099,,7.933378219604492,,,,,,,
,45149,,,419.8791980743408,,,,,,
,45149,,0.7030963897705078,,,,,,,
,45199,,,423.3074188232422,,,,,,
,45199,,14.58740234375,,,,,,,
,45249,,,418.7190532684326,,,,,,
,45249,,0.6270408630371094,,,,,,,
,45299,,,417.5262451171875,,,,,,
,45299,,8.137702941894531,,,,,,,
,45349,,,423.3202934265137,,,,,,
,45349,,0.6251335144042969,,,,,,,
,45399,,,417.41108894348145,,,,,,
,45399,,7.889509201049805,,,,,,,
,45449,,,417.6321029663086,,,,,,
,45449,,0.6504058837890625,,,,,,,
,45499,,,419.59643363952637,,,,,,
,45499,,14.719247817993164,,,,,,,
,45549,,,418.3034896850586,,,,,,
,45549,,0.6468296051025391,,,,,,,
,45599,,,418.4072017669678,,,,,,
,45599,,8.450746536254883,,,,,,,
,45649,,,430.4664134979248,,,,,,
,45649,,0.6527900695800781,,,,,,,
,45699,,,419.0819263458252,,,,,,
,45699,,8.507251739501953,,,,,,,
,45749,,,419.60644721984863,,,,,,
,45749,,2.179384231567383,,,,,,,
,45799,,,420.69387435913086,,,,,,
,45799,,8.445501327514648,,,,,,,
,45849,,,344.18630599975586,,,,,,
,45849,,0.5986690521240234,,,,,,,
,45899,,,344.53439712524414,,,,,,
,45899,,16.724586486816406,,,,,,,
,45949,,,353.4684181213379,,,,,,
,45949,,0.6203651428222656,,,,,,,
,45999,,,347.15890884399414,,,,,,
,45999,,8.322477340698242,,,,,,,
,46049,,,353.82723808288574,,,,,,
,46049,,0.5919933319091797,,,,,,,
,46099,,,345.3800678253174,,,,,,
,46099,,8.592367172241211,,,,,,,
,46149,,,346.2216854095459,,,,,,
,46149,,0.5757808685302734,,,,,,,
,46199,,,351.18722915649414,,,,,,
,46199,,7.610559463500977,,,,,,,
,46249,,,350.8610725402832,,,,,,
,46249,,0.6318092346191406,,,,,,,
,46299,,,347.3010063171387,,,,,,
,46299,,7.838964462280273,,,,,,,
,46349,,,347.89061546325684,,,,,,
,46349,,0.5846023559570312,,,,,,,
,46399,,,347.1696376800537,,,,,,
,46399,,7.793188095092773,,,,,,,
,46449,,,347.5179672241211,,,,,,
,46449,,0.6084442138671875,,,,,,,
,46499,,,347.1362590789795,,,,,,
,46499,,8.381128311157227,,,,,,,
,46549,,,346.9400405883789,,,,,,
,46549,,0.5807876586914062,,,,,,,
,46599,,,345.5190658569336,,,,,,
,46599,,7.851362228393555,,,,,,,
,46649,,,348.64187240600586,,,,,,
,46649,,0.6020069122314453,,,,,,,
,46699,,,348.9656448364258,,,,,,
,46699,,7.843971252441406,,,,,,,
,46749,,,345.5770015716553,,,,,,
,46749,,0.5629062652587891,,,,,,,
,46799,,,346.0264205932617,,,,,,
,46799,,7.812976837158203,,,,,,,
,46849,,,347.41878509521484,,,,,,
,46849,,0.6189346313476562,,,,,,,
,46899,,,345.3946113586426,,,,,,
,46899,,8.381128311157227,,,,,,,
,46949,,,360.1808547973633,,,,,,
,46949,,0.5981922149658203,,,,,,,
,46999,,,347.89562225341797,,,,,,
,46999,,7.850885391235352,,,,,,,
,47049,,,348.2325077056885,,,,,,
,47049,,0.6084442138671875,,,,,,,
,47099,,,348.095178604126,,,,,,
,47099,,7.844686508178711,,,,,,,
,47149,,,347.14770317077637,,,,,,
,47149,,0.5695819854736328,,,,,,,
,47199,,,348.26111793518066,,,,,,
,47199,,7.799625396728516,,,,,,,
,47249,,,347.9018211364746,,,,,,
,47249,,0.5998611450195312,,,,,,,
,47299,,,347.03660011291504,,,,,,
,47299,,16.57390594482422,,,,,,,
,47349,,,345.2296257019043,,,,,,
,47349,,0.5717277526855469,,,,,,,
,47399,,,354.33292388916016,,,,,,
,47399,,7.766485214233398,,,,,,,
,47449,,,348.01745414733887,,,,,,
,47449,,0.5986690521240234,,,,,,,
,47499,,,348.1309413909912,,,,,,
,47499,,13.078451156616211,,,,,,,
,47549,,,350.84080696105957,,,,,,
,47549,,0.5905628204345703,,,,,,,
,47599,,,356.6930294036865,,,,,,
,47599,,7.8639984130859375,,,,,,,
,47649,,,347.63097763061523,,,,,,
,47649,,0.6041526794433594,,,,,,,
,47699,,,348.1597900390625,,,,,,
,47699,,8.335351943969727,,,,,,,
,47749,,,347.7358818054199,,,,,,
,47749,,0.6005764007568359,,,,,,,
,47799,,,350.7659435272217,,,,,,
,47799,,7.634639739990234,,,,,,,
,47849,,,348.8810062408447,,,,,,
,47849,,0.6074905395507812,,,,,,,
,47899,,,353.8250923156738,,,,,,
,47899,,7.611513137817383,,,,,,,
,47949,,,347.8705883026123,,,,,,
,47949,,0.5736351013183594,,,,,,,
,47999,,,355.574369430542,,,,,,
,47999,,7.550239562988281,,,,,,,
,48049,,,421.4212894439697,,,,,,
,48049,,2.171754837036133,,,,,,,
,48099,,,426.3629913330078,,,,,,
,48099,,8.509635925292969,,,,,,,
,48149,,,418.6668395996094,,,,,,
,48149,,1.9593238830566406,,,,,,,
,48199,,,419.94452476501465,,,,,,
,48199,,8.464336395263672,,,,,,,
,48249,,,425.28510093688965,,,,,,
,48249,,0.6716251373291016,,,,,,,
,48299,,,418.77222061157227,,,,,,
,48299,,8.50534439086914,,,,,,,
,48349,,,418.5452461242676,,,,,,
,48349,,0.6558895111083984,,,,,,,
,48399,,,430.5105209350586,,,,,,
,48399,,8.514642715454102,,,,,,,
,48449,,,419.99268531799316,,,,,,
,48449,,0.6461143493652344,,,,,,,
,48499,,,418.8859462738037,,,,,,
,48499,,8.429527282714844,,,,,,,
,48549,,,423.2361316680908,,,,,,
,48549,,0.6444454193115234,,,,,,,
,48599,,,418.41626167297363,,,,,,
,48599,,8.444786071777344,,,,,,,
,48649,,,375.9598731994629,,,,,,
,48649,,0.6015300750732422,,,,,,,
,48699,,,361.0093593597412,,,,,,
,48699,,7.946014404296875,,,,,,,
,48749,,,345.00908851623535,,,,,,
,48749,,0.5955696105957031,,,,,,,
,48799,,,345.78490257263184,,,,,,
,48799,,8.361101150512695,,,,,,,
,48849,,,360.88061332702637,,,,,,
,48849,,0.5967617034912109,,,,,,,
,48899,,,344.9876308441162,,,,,,
,48899,,8.509635925292969,,,,,,,
,48949,,,421.5993881225586,,,,,,
,48949,,2.272367477416992,,,,,,,
,48999,,,426.8779754638672,,,,,,
,48999,,8.207082748413086,,,,,,,
,49049,,,433.6981773376465,,,,,,
,49049,,0.6515979766845703,,,,,,,
,49099,,,419.0223217010498,,,,,,
,49099,,17.094135284423828,,,,,,,
,49149,,,421.51498794555664,,,,,,
,49149,,0.6618499755859375,,,,,,,
,49199,,,406.7261219024658,,,,,,
,49199,,13.483285903930664,,,,,,,
,49249,,,426.65910720825195,,,,,,
,49249,,0.6539821624755859,,,,,,,
,49299,,,420.062780380249,,,,,,
,49299,,8.521318435668945,,,,,,,
,49349,,,418.9140796661377,,,,,,
,49349,,0.6563663482666016,,,,,,,
,49399,,,420.6993579864502,,,,,,
,49399,,8.394241333007812,,,,,,,
,49449,,,419.06070709228516,,,,,,
,49449,,0.6501674652099609,,,,,,,
,49499,,,422.59764671325684,,,,,,
,49499,,8.584260940551758,,,,,,,
,49549,,,424.6048927307129,,,,,,
,49549,,0.6723403930664062,,,,,,,
,49599,,,418.1840419769287,,,,,,
,49599,,8.648157119750977,,,,,,,
,49649,,,420.32432556152344,,,,,,
,49649,,0.6663799285888672,,,,,,,
,49699,,,348.8316535949707,,,,,,
,49699,,8.408308029174805,,,,,,,
,49749,,,425.77457427978516,,,,,,
,49749,,0.6518363952636719,,,,,,,
,49799,,,440.36388397216797,,,,,,
,49799,,8.696794509887695,,,,,,,
,49849,,,417.09136962890625,,,,,,
,49849,,0.6520748138427734,,,,,,,
,49899,,,418.8506603240967,,,,,,
,49899,,8.499622344970703,,,,,,,
,49949,,,427.54626274108887,,,,,,
,49949,,2.1979808807373047,,,,,,,
,49999,,,418.61438751220703,,,,,,
,49999,,8.452892303466797,,,,,,,
9,49999,,,,,,,10.007685661315918,1825.0999755859375,-1825.0999755859375
,50000,1961.6398041248322,,,,,,,,
9,49999,,,,-0.02216341160237789,1.0152881145477295,-1827.0069580078125,,,
,50049,,,418.1067943572998,,,,,,
,50049,,0.6625652313232422,,,,,,,
,50099,,,426.2125492095947,,,,,,
,50099,,8.469104766845703,,,,,,,
,50149,,,418.37263107299805,,,,,,
,50149,,0.6670951843261719,,,,,,,
,50199,,,428.24387550354004,,,,,,
,50199,,8.445978164672852,,,,,,,
,50249,,,418.8199043273926,,,,,,
,50249,,0.6532669067382812,,,,,,,
,50299,,,422.99413681030273,,,,,,
,50299,,15.620946884155273,,,,,,,
,50349,,,425.6882667541504,,,,,,
,50349,,0.6544589996337891,,,,,,,
,50399,,,426.5711307525635,,,,,,
,50399,,8.39853286743164,,,,,,,
,50449,,,420.61758041381836,,,,,,
,50449,,0.6558895111083984,,,,,,,
,50499,,,349.8680591583252,,,,,,
,50499,,8.42738151550293,,,,,,,
,50549,,,347.275972366333,,,,,,
,50549,,0.6070137023925781,,,,,,,
,50599,,,349.564790725708,,,,,,
,50599,,7.950544357299805,,,,,,,
,50649,,,418.8098907470703,,,,,,
,50649,,0.6513595581054688,,,,,,,
,50699,,,421.6723442077637,,,,,,
,50699,,8.500814437866211,,,,,,,
,50749,,,418.22147369384766,,,,,,
,50749,,0.6525516510009766,,,,,,,
,50799,,,419.8284149169922,,,,,,
,50799,,8.397102355957031,,,,,,,
,50849,,,418.2889461517334,,,,,,
,50849,,0.6654262542724609,,,,,,,
,50899,,,418.3661937713623,,,,,,
,50899,,17.099618911743164,,,,,,,
,50949,,,419.7351932525635,,,,,,
,50949,,1.2700557708740234,,,,,,,
,50999,,,418.9112186431885,,,,,,
,50999,,8.461713790893555,,,,,,,
,51049,,,418.6687469482422,,,,,,
,51049,,0.6554126739501953,,,,,,,
,51099,,,418.5376167297363,,,,,,
,51099,,8.525371551513672,,,,,,,
,51149,,,346.3418483734131,,,,,,
,51149,,0.6060600280761719,,,,,,,
,51199,,,349.63440895080566,,,,,,
,51199,,8.351564407348633,,,,,,,
,51249,,,345.318078994751,,,,,,
,51249,,0.5958080291748047,,,,,,,
,51299,,,345.2129364013672,,,,,,
,51299,,8.358478546142578,,,,,,,
,51349,,,343.99867057800293,,,,,,
,51349,,0.5886554718017578,,,,,,,
,51399,,,355.5760383605957,,,,,,
,51399,,7.965564727783203,,,,,,,
,51449,,,348.5286235809326,,,,,,
,51449,,0.5905628204345703,,,,,,,
,51499,,,348.0651378631592,,,,,,
,51499,,8.08262825012207,,,,,,,
,51549,,,346.9204902648926,,,,,,
,51549,,0.5800724029541016,,,,,,,
,51599,,,347.0730781555176,,,,,,
,51599,,7.953166961669922,,,,,,,
,51649,,,347.83220291137695,,,,,,
,51649,,1.8150806427001953,,,,,,,
,51699,,,346.76504135131836,,,,,,
,51699,,8.14509391784668,,,,,,,
,51749,,,347.69535064697266,,,,,,
,51749,,0.5848407745361328,,,,,,,
,51799,,,347.28288650512695,,,,,,
,51799,,7.986783981323242,,,,,,,
,51849,,,344.1202640533447,,,,,,
,51849,,0.5822181701660156,,,,,,,
,51899,,,345.3860282897949,,,,,,
,51899,,8.223295211791992,,,,,,,
,51949,,,344.2099094390869,,,,,,
,51949,,0.5729198455810547,,,,,,,
,51999,,,344.2814350128174,,,,,,
,51999,,7.968425750732422,,,,,,,
,52049,,,347.9349613189697,,,,,,
,52049,,0.5943775177001953,,,,,,,
,52099,,,345.9286689758301,,,,,,
,52099,,7.9193115234375,,,,,,,
,52149,,,344.4199562072754,,,,,,
,52149,,0.5726814270019531,,,,,,,
,52199,,,348.5398292541504,,,,,,
,52199,,7.992744445800781,,,,,,,
,52249,,,417.7069664001465,,,,,,
,52249,,0.6384849548339844,,,,,,,
,52299,,,383.92019271850586,,,,,,
,52299,,8.153915405273438,,,,,,,
,52349,,,345.5936908721924,,,,,,
,52349,,0.5788803100585938,,,,,,,
,52399,,,347.06759452819824,,,,,,
,52399,,7.890939712524414,,,,,,,
,52449,,,347.1982479095459,,,,,,
,52449,,0.5886554718017578,,,,,,,
,52499,,,347.5511074066162,,,,,,
,52499,,8.162736892700195,,,,,,,
,52549,,,348.1576442718506,,,,,,
,52549,,0.6005764007568359,,,,,,,
,52599,,,350.6507873535156,,,,,,
,52599,,7.976055145263672,,,,,,,
,52649,,,352.36048698425293,,,,,,
,52649,,0.5877017974853516,,,,,,,
,52699,,,349.40505027770996,,,,,,
,52699,,8.175849914550781,,,,,,,
,52749,,,418.0302619934082,,,,,,
,52749,,0.6258487701416016,,,,,,,
,52799,,,426.2073040008545,,,,,,
,52799,,8.594512939453125,,,,,,,
,52849,,,417.88792610168457,,,,,,
,52849,,0.6296634674072266,,,,,,,
,52899,,,425.2312183380127,,,,,,
,52899,,7.921934127807617,,,,,,,
,52949,,,418.8423156738281,,,,,,
,52949,,0.6718635559082031,,,,,,,
,52999,,,418.40243339538574,,,,,,
,52999,,8.424520492553711,,,,,,,
,53049,,,418.5810089111328,,,,,,
,53049,,0.6527900695800781,,,,,,,
,53099,,,422.074556350708,,,,,,
,53099,,17.78268814086914,,,,,,,
,53149,,,423.997163772583,,,,,,
,53149,,0.6566047668457031,,,,,,,
,53199,,,417.8769588470459,,,,,,
,53199,,8.472442626953125,,,,,,,
,53249,,,427.154541015625,,,,,,
,53249,,0.6964206695556641,,,,,,,
,53299,,,417.21296310424805,,,,,,
,53299,,8.45193862915039,,,,,,,
,53349,,,431.09965324401855,,,,,,
,53349,,0.6558895111083984,,,,,,,
,53399,,,425.92883110046387,,,,,,
,53399,,8.498430252075195,,,,,,,
,53449,,,418.0595874786377,,,,,,
,53449,,0.6561279296875,,,,,,,
,53499,,,417.79232025146484,,,,,,
,53499,,16.905546188354492,,,,,,,
,53549,,,418.6747074127197,,,,,,
,53549,,0.6616115570068359,,,,,,,
,53599,,,426.9857406616211,,,,,,
,53599,,8.47172737121582,,,,,,,
,53649,,,418.46656799316406,,,,,,
,53649,,1.9500255584716797,,,,,,,
,53699,,,424.8945713043213,,,,,,
,53699,,8.643627166748047,,,,,,,
,53749,,,418.7614917755127,,,,,,
,53749,,0.6582736968994141,,,,,,,
,53799,,,420.8385944366455,,,,,,
,53799,,16.80278778076172,,,,,,,
,53849,,,418.61963272094727,,,,,,
,53849,,0.6649494171142578,,,,,,,
,53899,,,416.7962074279785,,,,,,
,53899,,8.38780403137207,,,,,,,
,53949,,,435.47534942626953,,,,,,
,53949,,1.6090869903564453,,,,,,,
,53999,,,423.65050315856934,,,,,,
,53999,,8.522510528564453,,,,,,,
,54049,,,418.8714027404785,,,,,,
,54049,,0.6623268127441406,,,,,,,
,54099,,,421.25797271728516,,,,,,
,54099,,8.423328399658203,,,,,,,
,54149,,,420.6502437591553,,,,,,
,54149,,0.6651878356933594,,,,,,,
,54199,,,419.80910301208496,,,,,,
,54199,,8.440971374511719,,,,,,,
,54249,,,418.49517822265625,,,,,,
,54249,,0.6551742553710938,,,,,,,
,54299,,,423.4449863433838,,,,,,
,54299,,8.417367935180664,,,,,,,
,54349,,,418.08629035949707,,,,,,
,54349,,0.6551742553710938,,,,,,,
,54399,,,434.58032608032227,,,,,,
,54399,,8.612871170043945,,,,,,,
,54449,,,419.2540645599365,,,,,,
,54449,,2.221822738647461,,,,,,,
,54499,,,419.2185401916504,,,,,,
,54499,,16.872167587280273,,,,,,,
,54549,,,418.40147972106934,,,,,,
,54549,,0.6589889526367188,,,,,,,
,54599,,,418.5667037963867,,,,,,
,54599,,8.524417877197266,,,,,,,
,54649,,,425.0762462615967,,,,,,
,54649,,0.6506443023681641,,,,,,,
,54699,,,421.6604232788086,,,,,,
,54699,,8.397102355957031,,,,,,,
,54749,,,421.0195541381836,,,,,,
,54749,,0.7503032684326172,,,,,,,
,54799,,,427.8419017791748,,,,,,
,54799,,8.399486541748047,,,,,,,
,54849,,,417.90103912353516,,,,,,
,54849,,0.6563663482666016,,,,,,,
,54899,,,417.675256729126,,,,,,
,54899,,17.026662826538086,,,,,,,
,54949,,,418.24793815612793,,,,,,
,54949,,0.652313232421875,,,,,,,
,54999,,,416.54205322265625,,,,,,
,54999,,8.407354354858398,,,,,,,
10,54999,,,,,,,9.262749671936035,1812.4200439453125,-1812.4200439453125
,55000,2019.5605082511902,,,,,,,,
10,54999,,,,-0.02030773274600506,1.0159831047058105,-1825.0924072265625,,,
,55049,,,432.8491687774658,,,,,,
,55049,,0.7767677307128906,,,,,,,
,55099,,,418.5600280761719,,,,,,
,55099,,8.470535278320312,,,,,,,
,55149,,,425.28605461120605,,,,,,
,55149,,0.6558895111083984,,,,,,,
,55199,,,417.12403297424316,,,,,,
,55199,,8.469820022583008,,,,,,,
,55249,,,434.2036247253418,,,,,,
,55249,,0.6678104400634766,,,,,,,
,55299,,,433.1367015838623,,,,,,
,55299,,8.721113204956055,,,,,,,
,55349,,,422.6987361907959,,,,,,
,55349,,0.7097721099853516,,,,,,,
,55399,,,388.3061408996582,,,,,,
,55399,,9.167194366455078,,,,,,,
,55449,,,420.64785957336426,,,,,,
,55449,,0.6685256958007812,,,,,,,
,55499,,,377.72130966186523,,,,,,
,55499,,17.734766006469727,,,,,,,
,55549,,,417.5381660461426,,,,,,
,55549,,0.6527900695800781,,,,,,,
,55599,,,428.9875030517578,,,,,,
,55599,,8.550405502319336,,,,,,,
,55649,,,452.7907371520996,,,,,,
,55649,,2.2878646850585938,,,,,,,
,55699,,,429.70776557922363,,,,,,
,55699,,15.189170837402344,,,,,,,
,55749,,,442.60406494140625,,,,,,
,55749,,1.6946792602539062,,,,,,,
,55799,,,357.5289249420166,,,,,,
,55799,,8.763313293457031,,,,,,,
,55849,,,450.05130767822266,,,,,,
,55849,,2.2678375244140625,,,,,,,
,55899,,,355.6680679321289,,,,,,
,55899,,8.814573287963867,,,,,,,
,55949,,,351.12977027893066,,,,,,
,55949,,0.6914138793945312,,,,,,,
,55999,,,352.7958393096924,,,,,,
,55999,,8.537530899047852,,,,,,,
,56049,,,354.99095916748047,,,,,,
,56049,,0.6511211395263672,,,,,,,
,56099,,,346.84181213378906,,,,,,
,56099,,8.147716522216797,,,,,,,
,56149,,,350.18038749694824,,,,,,
,56149,,0.6010532379150391,,,,,,,
,56199,,,350.25548934936523,,,,,,
,56199,,7.789850234985352,,,,,,,
,56249,,,425.0791072845459,,,,,,
,56249,,0.6546974182128906,,,,,,,
,56299,,,418.31064224243164,,,,,,
,56299,,8.399486541748047,,,,,,,
,56349,,,416.9337749481201,,,,,,
,56349,,0.6401538848876953,,,,,,,
,56399,,,418.69401931762695,,,,,,
,56399,,8.424997329711914,,,,,,,
,56449,,,344.2840576171875,,,,,,
,56449,,0.5936622619628906,,,,,,,
,56499,,,345.71170806884766,,,,,,
,56499,,7.841587066650391,,,,,,,
,56549,,,348.62613677978516,,,,,,
,56549,,0.5931854248046875,,,,,,,
,56599,,,348.62518310546875,,,,,,
,56599,,8.368253707885742,,,,,,,
,56649,,,349.87425804138184,,,,,,
,56649,,0.5915164947509766,,,,,,,
,56699,,,353.06692123413086,,,,,,
,56699,,7.826328277587891,,,,,,,
,56749,,,391.7734622955322,,,,,,
,56749,,0.6132125854492188,,,,,,,
,56799,,,350.1858711242676,,,,,,
,56799,,8.403539657592773,,,,,,,
,56849,,,379.7011375427246,,,,,,
,56849,,0.58746337890625,,,,,,,
,56899,,,592.0090675354004,,,,,,
,56899,,7.98344612121582,,,,,,,
,56949,,,345.02339363098145,,,,,,
,56949,,0.58746337890625,,,,,,,
,56999,,,344.08068656921387,,,,,,
,56999,,8.056640625,,,,,,,
,57049,,,344.4533348083496,,,,,,
,57049,,0.5767345428466797,,,,,,,
,57099,,,344.2857265472412,,,,,,
,57099,,7.759809494018555,,,,,,,
,57149,,,356.36115074157715,,,,,,
,57149,,0.7648468017578125,,,,,,,
,57199,,,418.41936111450195,,,,,,
,57199,,16.90220832824707,,,,,,,
,57249,,,426.04684829711914,,,,,,
,57249,,0.6544589996337891,,,,,,,
,57299,,,425.3215789794922,,,,,,
,57299,,8.433341979980469,,,,,,,
,57349,,,418.92480850219727,,,,,,
,57349,,0.6644725799560547,,,,,,,
,57399,,,433.58707427978516,,,,,,
,57399,,8.401870727539062,,,,,,,
,57449,,,419.04306411743164,,,,,,
,57449,,0.652313232421875,,,,,,,
,57499,,,419.525146484375,,,,,,
,57499,,16.46137237548828,,,,,,,
,57549,,,418.5161590576172,,,,,,
,57549,,0.6327629089355469,,,,,,,
,57599,,,418.4534549713135,,,,,,
,57599,,16.734838485717773,,,,,,,
,57649,,,432.82389640808105,,,,,,
,57649,,0.6310939788818359,,,,,,,
,57699,,,418.57123374938965,,,,,,
,57699,,8.159875869750977,,,,,,,
,57749,,,426.6073703765869,,,,,,
,57749,,0.6566047668457031,,,,,,,
,57799,,,420.12858390808105,,,,,,
,57799,,15.219926834106445,,,,,,,
,57849,,,422.4262237548828,,,,,,
,57849,,2.2432804107666016,,,,,,,
,57899,,,424.61085319519043,,,,,,
,57899,,8.446931838989258,,,,,,,
,57949,,,418.2755947113037,,,,,,
,57949,,0.6527900695800781,,,,,,,
,57999,,,424.694299697876,,,,,,
,57999,,17.868757247924805,,,,,,,
,58049,,,418.7901020050049,,,,,,
,58049,,1.744985580444336,,,,,,,
,58099,,,426.26404762268066,,,,,,
,58099,,8.560419082641602,,,,,,,
,58149,,,417.85621643066406,,,,,,
,58149,,0.6501674652099609,,,,,,,
,58199,,,417.9387092590332,,,,,,
,58199,,8.429527282714844,,,,,,,
,58249,,,430.0999641418457,,,,,,
,58249,,0.7116794586181641,,,,,,,
,58299,,,417.5243377685547,,,,,,
,58299,,8.663654327392578,,,,,,,
,58349,,,419.15178298950195,,,,,,
,58349,,0.6587505340576172,,,,,,,
,58399,,,418.55359077453613,,,,,,
,58399,,8.420228958129883,,,,,,,
,58449,,,422.46127128601074,,,,,,
,58449,,2.218008041381836,,,,,,,
,58499,,,427.2434711456299,,,,,,
,58499,,7.901906967163086,,,,,,,
,58549,,,418.1034564971924,,,,,,
,58549,,0.6539821624755859,,,,,,,
,58599,,,427.4880886077881,,,,,,
,58599,,16.56508445739746,,,,,,,
,58649,,,426.6839027404785,,,,,,
,58649,,0.6463527679443359,,,,,,,
,58699,,,418.46680641174316,,,,,,
,58699,,16.806840896606445,,,,,,,
,58749,,,424.0994453430176,,,,,,
,58749,,0.6535053253173828,,,,,,,
,58799,,,418.46156120300293,,,,,,
,58799,,8.457422256469727,,,,,,,
,58849,,,424.283504486084,,,,,,
,58849,,0.6356239318847656,,,,,,,
,58899,,,419.30198669433594,,,,,,
,58899,,17.03786849975586,,,,,,,
,58949,,,346.055269241333,,,,,,
,58949,,0.58746337890625,,,,,,,
,58999,,,347.40161895751953,,,,,,
,58999,,7.838249206542969,,,,,,,
,59049,,,429.612398147583,,,,,,
,59049,,2.1855831146240234,,,,,,,
,59099,,,421.0317134857178,,,,,,
,59099,,8.486270904541016,,,,,,,
,59149,,,417.8452491760254,,,,,,
,59149,,0.6506443023681641,,,,,,,
,59199,,,417.9258346557617,,,,,,
,59199,,16.99662208557129,,,,,,,
,59249,,,419.4366931915283,,,,,,
,59249,,0.7023811340332031,,,,,,,
,59299,,,418.079137802124,,,,,,
,59299,,8.431434631347656,,,,,,,
,59349,,,420.56775093078613,,,,,,
,59349,,2.215147018432617,,,,,,,
,59399,,,420.19057273864746,,,,,,
,59399,,8.528470993041992,,,,,,,
,59449,,,427.1507263183594,,,,,,
,59449,,0.6585121154785156,,,,,,,
,59499,,,420.1359748840332,,,,,,
,59499,,15.229225158691406,,,,,,,
,59549,,,418.0738925933838,,,,,,
,59549,,0.6558895111083984,,,,,,,
,59599,,,419.8310375213623,,,,,,
,59599,,8.413553237915039,,,,,,,
,59649,,,426.0075092315674,,,,,,
,59649,,0.6482601165771484,,,,,,,
,59699,,,418.09582710266113,,,,,,
,59699,,8.467435836791992,,,,,,,
,59749,,,420.08519172668457,,,,,,
,59749,,0.6582736968994141,,,,,,,
,59799,,,422.57070541381836,,,,,,
,59799,,14.948844909667969,,,,,,,
,59849,,,350.1152992248535,,,,,,
,59849,,0.6110668182373047,,,,,,,
,59899,,,429.4567108154297,,,,,,
,59899,,8.492708206176758,,,,,,,
,59949,,,420.1841354370117,,,,,,
,59949,,1.3391971588134766,,,,,,,
,59999,,,425.94313621520996,,,,,,
,59999,,8.48245620727539,,,,,,,
11,59999,,,,,,,9.475872993469238,1815.8299560546875,-1815.8299560546875
,60000,2060.212824821472,,,,,,,,
11,59999,,,,-0.011058089323341846,1.015424132347107,-1826.037841796875,,,
,60049,,,426.2423515319824,,,,,,
,60049,,1.6617774963378906,,,,,,,
,60099,,,428.04884910583496,,,,,,
,60099,,8.29935073852539,,,,,,,
,60149,,,420.9625720977783,,,,,,
,60149,,0.7238388061523438,,,,,,,
,60199,,,349.1785526275635,,,,,,
,60199,,8.385658264160156,,,,,,,
,60249,,,344.5775508880615,,,,,,
,60249,,0.6403923034667969,,,,,,,
,60299,,,345.1700210571289,,,,,,
,60299,,8.336544036865234,,,,,,,
,60349,,,351.2141704559326,,,,,,
,60349,,0.6349086761474609,,,,,,,
,60399,,,361.9353771209717,,,,,,
,60399,,16.94512367248535,,,,,,,
,60449,,,349.4386672973633,,,,,,
,60449,,0.6084442138671875,,,,,,,
,60499,,,350.4331111907959,,,,,,
,60499,,7.854938507080078,,,,,,,
,60549,,,349.29585456848145,,,,,,
,60549,,0.5857944488525391,,,,,,,
,60599,,,358.08849334716797,,,,,,
,60599,,8.178472518920898,,,,,,,
,60649,,,417.6805019378662,,,,,,
,60649,,0.6282329559326172,,,,,,,
,60699,,,353.2905578613281,,,,,,
,60699,,16.27206802368164,,,,,,,
,60749,,,344.1178798675537,,,,,,
,60749,,0.5948543548583984,,,,,,,
,60799,,,351.1927127838135,,,,,,
,60799,,8.35275650024414,,,,,,,
,60849,,,350.5382537841797,,,,,,
,60849,,0.5934238433837891,,,,,,,
,60899,,,352.6604175567627,,,,,,
,60899,,7.777929306030273,,,,,,,
,60949,,,345.9053039550781,,,,,,
,60949,,0.5743503570556641,,,,,,,
,60999,,,346.3418483734131,,,,,,
,60999,,8.281707763671875,,,,,,,
,61049,,,346.4312553405762,,,,,,
,61049,,0.5936622619628906,,,,,,,
,61099,,,355.3650379180908,,,,,,
,61099,,7.864475250244141,,,,,,,
,61149,,,345.72315216064453,,,,,,
,61149,,0.6022453308105469,,,,,,,
,61199,,,345.5367088317871,,,,,,
,61199,,8.161306381225586,,,,,,,
,61249,,,353.8625240325928,,,,,,
,61249,,0.5767345428466797,,,,,,,
,61299,,,345.5071449279785,,,,,,
,61299,,7.790803909301758,,,,,,,
,61349,,,348.56224060058594,,,,,,
,61349,,0.5891323089599609,,,,,,,
,61399,,,351.79734230041504,,,,,,
,61399,,8.173465728759766,,,,,,,
,61449,,,347.1486568450928,,,,,,
,61449,,0.5910396575927734,,,,,,,
,61499,,,348.1860160827637,,,,,,
,61499,,7.911920547485352,,,,,,,
,61549,,,425.8897304534912,,,,,,
,61549,,1.985788345336914,,,,,,,
,61599,,,421.68235778808594,,,,,,
,61599,,8.535146713256836,,,,,,,
,61649,,,422.06788063049316,,,,,,
,61649,,0.6556510925292969,,,,,,,
,61699,,,420.02391815185547,,,,,,
,61699,,9.30333137512207,,,,,,,
,61749,,,421.8404293060303,,,,,,
,61749,,1.5323162078857422,,,,,,,
,61799,,,421.62394523620605,,,,,,
,61799,,8.475542068481445,,,,,,,
,61849,,,419.5437431335449,,,,,,
,61849,,2.064228057861328,,,,,,,
,61899,,,428.74789237976074,,,,,,
,61899,,8.515357971191406,,,,,,,
,61949,,,419.69799995422363,,,,,,
,61949,,0.6988048553466797,,,,,,,
,61999,,,426.8202781677246,,,,,,
,61999,,8.363485336303711,,,,,,,
,62049,,,418.43676567077637,,,,,,
,62049,,0.7102489471435547,,,,,,,
,62099,,,417.8194999694824,,,,,,
,62099,,7.950544357299805,,,,,,,
,62149,,,423.1998920440674,,,,,,
,62149,,0.6532669067382812,,,,,,,
,62199,,,426.619291305542,,,,,,
,62199,,8.36181640625,,,,,,,
,62249,,,422.316312789917,,,,,,
,62249,,2.173185348510742,,,,,,,
,62299,,,349.23458099365234,,,,,,
,62299,,8.355379104614258,,,,,,,
,62349,,,349.90668296813965,,,,,,
,62349,,0.5977153778076172,,,,,,,
,62399,,,429.0964603424072,,,,,,
,62399,,13.727664947509766,,,,,,,
,62449,,,418.73884201049805,,,,,,
,62449,,0.6501674652099609,,,,,,,
,62499,,,417.27137565612793,,,,,,
,62499,,16.811370849609375,,,,,,,
,62549,,,418.2097911834717,,,,,,
,62549,,0.6847381591796875,,,,,,,
,62599,,,423.17771911621094,,,,,,
,62599,,16.52240753173828,,,,,,,
,62649,,,420.2120304107666,,,,,,
,62649,,0.6561279296875,,,,,,,
,62699,,,420.41611671447754,,,,,,
,62699,,8.408308029174805,,,,,,,
,62749,,,423.82049560546875,,,,,,
,62749,,0.6518363952636719,,,,,,,
,62799,,,426.41377449035645,,,,,,
,62799,,8.406400680541992,,,,,,,
,62849,,,420.2272891998291,,,,,,
,62849,,1.5268325805664062,,,,,,,
,62899,,,427.70981788635254,,,,,,
,62899,,15.174150466918945,,,,,,,
,62949,,,418.5490608215332,,,,,,
,62949,,0.6551742553710938,,,,,,,
,62999,,,429.65221405029297,,,,,,
,62999,,8.42905044555664,,,,,,,
,63049,,,421.0395812988281,,,,,,
,63049,,0.659942626953125,,,,,,,
,63099,,,421.6129779815674,,,,,,
,63099,,13.681411743164062,,,,,,,
,63149,,,418.32661628723145,,,,,,
,63149,,1.9431114196777344,,,,,,,
,63199,,,424.9250888824463,,,,,,
,63199,,8.201837539672852,,,,,,,
,63249,,,433.7286949157715,,,,,,
,63249,,0.843048095703125,,,,,,,
,63299,,,419.219970703125,,,,,,
,63299,,8.542299270629883,,,,,,,
,63349,,,421.6499328613281,,,,,,
,63349,,1.4181137084960938,,,,,,,
,63399,,,420.77159881591797,,,,,,
,63399,,8.584976196289062,,,,,,,
,63449,,,418.2291030883789,,,,,,
,63449,,0.6654262542724609,,,,,,,
,63499,,,425.49848556518555,,,,,,
,63499,,8.412837982177734,,,,,,,
,63549,,,436.07234954833984,,,,,,
,63549,,0.6544589996337891,,,,,,,
,63599,,,429.95333671569824,,,,,,
,63599,,8.494377136230469,,,,,,,
,63649,,,426.09095573425293,,,,,,
,63649,,0.6537437438964844,,,,,,,
,63699,,,417.7207946777344,,,,,,
,63699,,8.40902328491211,,,,,,,
,63749,,,424.4112968444824,,,,,,
,63749,,1.2965202331542969,,,,,,,
,63799,,,431.14542961120605,,,,,,
,63799,,8.471012115478516,,,,,,,
,63849,,,437.32595443725586,,,,,,
,63849,,6.174564361572266,,,,,,,
,63899,,,418.4567928314209,,,,,,
,63899,,8.398771286010742,,,,,,,
,63949,,,420.7115173339844,,,,,,
,63949,,1.5358924865722656,,,,,,,
,63999,,,418.52283477783203,,,,,,
,63999,,8.4228515625,,,,,,,
,64049,,,433.8216781616211,,,,,,
,64049,,0.8931159973144531,,,,,,,
,64099,,,417.74725914001465,,,,,,
,64099,,8.465051651000977,,,,,,,
,64149,,,417.8903102874756,,,,,,
,64149,,0.6570816040039062,,,,,,,
,64199,,,418.1687831878662,,,,,,
,64199,,8.466958999633789,,,,,,,
,64249,,,419.85106468200684,,,,,,
,64249,,0.6573200225830078,,,,,,,
,64299,,,419.7578430175781,,,,,,
,64299,,17.70758628845215,,,,,,,
,64349,,,419.2700386047363,,,,,,
,64349,,0.6575584411621094,,,,,,,
,64399,,,420.6986427307129,,,,,,
,64399,,8.47005844116211,,,,,,,
,64449,,,418.367862701416,,,,,,
,64449,,0.6535053253173828,,,,,,,
,64499,,,418.29371452331543,,,,,,
,64499,,8.379220962524414,,,,,,,
,64549,,,420.06874084472656,,,,,,
,64549,,0.6732940673828125,,,,,,,
,64599,,,435.4386329650879,,,,,,
,64599,,8.502006530761719,,,,,,,
,64649,,,424.90220069885254,,,,,,
,64649,,0.7159709930419922,,,,,,,
,64699,,,426.64456367492676,,,,,,
,64699,,8.508682250976562,,,,,,,
,64749,,,418.071985244751,,,,,,
,64749,,0.6580352783203125,,,,,,,
,64799,,,426.81312561035156,,,,,,
,64799,,8.675098419189453,,,,,,,
,64849,,,419.03209686279297,,,,,,
,64849,,1.1970996856689453,,,,,,,
,64899,,,418.41602325439453,,,,,,
,64899,,8.398771286010742,,,,,,,
,64949,,,424.0717887878418,,,,,,
,64949,,0.6744861602783203,,,,,,,
,64999,,,418.23601722717285,,,,,,
,64999,,8.450508117675781,,,,,,,
12,64999,,,,,,,9.903153419494629,1823.75,-1823.75
,65000,2044.510517835617,,,,,,,,
12,64999,,,,-0.0008111567585729063,1.0134572982788086,-1826.6077880859375,,,
,65049,,,425.2183437347412,,,,,,
,65049,,0.6406307220458984,,,,,,,
,65099,,,422.5330352783203,,,,,,
,65099,,8.468866348266602,,,,,,,
,65149,,,418.23530197143555,,,,,,
,65149,,0.6558895111083984,,,,,,,
,65199,,,420.2868938446045,,,,,,
,65199,,15.070438385009766,,,,,,,
,65249,,,416.39065742492676,,,,,,
,65249,,0.6506443023681641,,,,,,,
,65299,,,350.7695198059082,,,,,,
,65299,,8.390426635742188,,,,,,,
,65349,,,350.45552253723145,,,,,,
,65349,,0.6363391876220703,,,,,,,
,65399,,,345.8139896392822,,,,,,
,65399,,8.335113525390625,,,,,,,
,65449,,,346.30823135375977,,,,,,
,65449,,0.5993843078613281,,,,,,,
,65499,,,348.44970703125,,,,,,
,65499,,8.255720138549805,,,,,,,
,65549,,,351.32741928100586,,,,,,
,65549,,0.5738735198974609,,,,,,,
,65599,,,342.67210960388184,,,,,,
,65599,,8.144378662109375,,,,,,,
,65649,,,342.4837589263916,,,,,,
,65649,,0.5781650543212891,,,,,,,
,65699,,,342.73576736450195,,,,,,
,65699,,7.878541946411133,,,,,,,
,65749,,,344.8762893676758,,,,,,
,65749,,0.5793571472167969,,,,,,,
,65799,,,345.26729583740234,,,,,,
,65799,,8.161544799804688,,,,,,,
,65849,,,353.30653190612793,,,,,,
,65849,,0.5848407745361328,,,,,,,
,65899,,,348.58012199401855,,,,,,
,65899,,7.9555511474609375,,,,,,,
,65949,,,347.7449417114258,,,,,,
,65949,,0.5991458892822266,,,,,,,
,65999,,,348.77967834472656,,,,,,
,65999,,8.113861083984375,,,,,,,
,66049,,,348.6814498901367,,,,,,
,66049,,0.6072521209716797,,,,,,,
,66099,,,419.83699798583984,,,,,,
,66099,,8.477926254272461,,,,,,,
,66149,,,416.6717529296875,,,,,,
,66149,,0.7016658782958984,,,,,,,
,66199,,,417.5581932067871,,,,,,
,66199,,15.408039093017578,,,,,,,
,66249,,,424.24750328063965,,,,,,
,66249,,0.6761550903320312,,,,,,,
,66299,,,424.98230934143066,,,,,,
,66299,,8.446455001831055,,,,,,,
,66349,,,416.84675216674805,,,,,,
,66349,,0.6577968597412109,,,,,,,
,66399,,,416.89133644104004,,,,,,
,66399,,8.43191146850586,,,,,,,
,66449,,,418.0004596710205,,,,,,
,66449,,0.6699562072753906,,,,,,,
,66499,,,416.86248779296875,,,,,,
,66499,,16.64900779724121,,,,,,,
,66549,,,419.5265769958496,,,,,,
,66549,,0.6618499755859375,,,,,,,
,66599,,,417.76084899902344,,,,,,
,66599,,8.466482162475586,,,,,,,
,66649,,,417.1299934387207,,,,,,
,66649,,0.6604194641113281,,,,,,,
,66699,,,417.41251945495605,,,,,,
,66699,,10.117292404174805,,,,,,,
,66749,,,417.33574867248535,,,,,,
,66749,,2.0034313201904297,,,,,,,
,66799,,,426.24926567077637,,,,,,
,66799,,8.473396301269531,,,,,,,
,66849,,,432.4636459350586,,,,,,
,66849,,0.6563663482666016,,,,,,,
,66899,,,417.3848628997803,,,,,,
,66899,,8.48531723022461,,,,,,,
,66949,,,416.72277450561523,,,,,,
,66949,,0.6532669067382812,,,,,,,
,66999,,,417.0949459075928,,,,,,
,66999,,16.88385009765625,,,,,,,
,67049,,,418.7581539154053,,,,,,
,67049,,1.3375282287597656,,,,,,,
,67099,,,348.1628894805908,,,,,,
,67099,,8.376836776733398,,,,,,,
,67149,,,348.7823009490967,,,,,,
,67149,,0.6129741668701172,,,,,,,
,67199,,,348.0229377746582,,,,,,
,67199,,7.86590576171875,,,,,,,
,67249,,,348.71697425842285,,,,,,
,67249,,0.6103515625,,,,,,,
,67299,,,348.06203842163086,,,,,,
,67299,,8.333206176757812,,,,,,,
,67349,,,344.3734645843506,,,,,,
,67349,,0.5819797515869141,,,,,,,
,67399,,,348.4656810760498,,,,,,
,67399,,8.29458236694336,,,,,,,
,67449,,,354.1455268859863,,,,,,
,67449,,0.5788803100585938,,,,,,,
,67499,,,345.98565101623535,,,,,,
,67499,,7.833719253540039,,,,,,,
,67549,,,345.42059898376465,,,,,,
,67549,,0.5850791931152344,,,,,,,
,67599,,,345.4785346984863,,,,,,
,67599,,8.185863494873047,,,,,,,
,67649,,,345.64852714538574,,,,,,
,67649,,0.5888938903808594,,,,,,,
,67699,,,345.89099884033203,,,,,,
,67699,,7.891654968261719,,,,,,,
,67749,,,346.3149070739746,,,,,,
,67749,,1.9698143005371094,,,,,,,
,67799,,,345.58606147766113,,,,,,
,67799,,8.106470108032227,,,,,,,
,67849,,,344.210147857666,,,,,,
,67849,,0.5815029144287109,,,,,,,
,67899,,,346.0559844970703,,,,,,
,67899,,7.864952087402344,,,,,,,
,67949,,,344.61426734924316,,,,,,
,67949,,0.5733966827392578,,,,,,,
,67999,,,349.7602939605713,,,,,,
,67999,,8.183002471923828,,,,,,,
,68049,,,346.99392318725586,,,,,,
,68049,,0.5850791931152344,,,,,,,
,68099,,,354.71320152282715,,,,,,
,68099,,7.903814315795898,,,,,,,
,68149,,,346.61388397216797,,,,,,
,68149,,0.5996227264404297,,,,,,,
,68199,,,344.2807197570801,,,,,,
,68199,,8.107900619506836,,,,,,,
,68249,,,346.41313552856445,,,,,,
,68249,,0.5953311920166016,,,,,,,
,68299,,,350.33583641052246,,,,,,
,68299,,7.938146591186523,,,,,,,
,68349,,,348.419189453125,,,,,,
,68349,,0.5896091461181641,,,,,,,
,68399,,,348.76132011413574,,,,,,
,68399,,8.216142654418945,,,,,,,
,68449,,,354.07280921936035,,,,,,
,68449,,0.58746337890625,,,,,,,
,68499,,,347.0022678375244,,,,,,
,68499,,7.873058319091797,,,,,,,
,68549,,,344.44236755371094,,,,,,
,68549,,0.5660057067871094,,,,,,,
,68599,,,344.2575931549072,,,,,,
,68599,,8.238554000854492,,,,,,,
,68649,,,419.7499752044678,,,,,,
,68649,,0.6546974182128906,,,,,,,
,68699,,,428.3108711242676,,,,,,
,68699,,9.385824203491211,,,,,,,
,68749,,,426.6467094421387,,,,,,
,68749,,0.6470680236816406,,,,,,,
,68799,,,420.9425449371338,,,,,,
,68799,,8.451461791992188,,,,,,,
,68849,,,426.87511444091797,,,,,,
,68849,,1.016855239868164,,,,,,,
,68899,,,419.42644119262695,,,,,,
,68899,,8.533000946044922,,,,,,,
,68949,,,427.02412605285645,,,,,,
,68949,,0.6544589996337891,,,,,,,
,68999,,,420.58634757995605,,,,,,
,68999,,8.598089218139648,,,,,,,
,69049,,,418.7595844268799,,,,,,
,69049,,1.931905746459961,,,,,,,
,69099,,,435.85824966430664,,,,,,
,69099,,8.546113967895508,,,,,,,
,69149,,,419.79050636291504,,,,,,
,69149,,0.6518363952636719,,,,,,,
,69199,,,422.91712760925293,,,,,,
,69199,,17.421722412109375,,,,,,,
,69249,,,441.7307376861572,,,,,,
,69249,,1.9733905792236328,,,,,,,
,69299,,,369.0061569213867,,,,,,
,69299,,9.00721549987793,,,,,,,
,69349,,,445.9347724914551,,,,,,
,69349,,2.599954605102539,,,,,,,
,69399,,,354.46953773498535,,,,,,
,69399,,8.78596305847168,,,,,,,
,69449,,,354.36034202575684,,,,,,
,69449,,0.7224082946777344,,,,,,,
,69499,,,354.71367835998535,,,,,,
,69499,,8.741378784179688,,,,,,,
,69549,,,435.97912788391113,,,,,,
,69549,,1.7230510711669922,,,,,,,
,69599,,,435.2884292602539,,,,,,
,69599,,16.358375549316406,,,,,,,
,69649,,,359.7571849822998,,,,,,
,69649,,0.7548332214355469,,,,,,,
,69699,,,363.85202407836914,,,,,,
,69699,,8.659601211547852,,,,,,,
,69749,,,361.88459396362305,,,,,,
,69749,,0.7777214050292969,,,,,,,
,69799,,,353.84392738342285,,,,,,
,69799,,17.51708984375,,,,,,,
,69849,,,399.69444274902344,,,,,,
,69849,,0.7781982421875,,,,,,,
,69899,,,360.5003356933594,,,,,,
,69899,,8.597135543823242,,,,,,,
,69949,,,356.65297508239746,,,,,,
,69949,,0.7405281066894531,,,,,,,
,69999,,,438.1213188171387,,,,,,
,69999,,14.335155487060547,,,,,,,
13,69999,,,,,,,9.427652359008789,1815.3399658203125,-1815.3399658203125
,70000,1947.6528911590576,,,,,,,,
13,69999,,,,0.008066623471677303,1.0128183364868164,-1827.67333984375,,,
,70049,,,353.75380516052246,,,,,,
,70049,,0.7922649383544922,,,,,,,
,70099,,,422.5430488586426,,,,,,
,70099,,17.21048355102539,,,,,,,
,70149,,,431.077241897583,,,,,,
,70149,,1.1484622955322266,,,,,,,
,70199,,,360.349178314209,,,,,,
,70199,,8.830070495605469,,,,,,,
,70249,,,351.2403964996338,,,,,,
,70249,,0.6573200225830078,,,,,,,
,70299,,,358.72745513916016,,,,,,
,70299,,8.411645889282227,,,,,,,
,70349,,,425.8873462677002,,,,,,
,70349,,0.7126331329345703,,,,,,,
,70399,,,422.9748249053955,,,,,,
,70399,,8.235931396484375,,,,,,,
,70449,,,354.1088104248047,,,,,,
,70449,,2.1355152130126953,,,,,,,
,70499,,,422.46270179748535,,,,,,
,70499,,8.847713470458984,,,,,,,
,70549,,,423.2480525970459,,,,,,
,70549,,0.7421970367431641,,,,,,,
,70599,,,422.47796058654785,,,,,,
,70599,,8.73255729675293,,,,,,,
,70649,,,349.44701194763184,,,,,,
,70649,,0.6403923034667969,,,,,,,
,70699,,,352.0338535308838,,,,,,
,70699,,8.540630340576172,,,,,,,
,70749,,,349.4153022766113,,,,,,
,70749,,0.6442070007324219,,,,,,,
,70799,,,349.8501777648926,,,,,,
,70799,,8.259296417236328,,,,,,,
,70849,,,348.7548828125,,,,,,
,70849,,0.6463527679443359,,,,,,,
,70899,,,353.61504554748535,,,,,,
,70899,,8.639335632324219,,,,,,,
,70949,,,368.08109283447266,,,,,,
,70949,,0.7321834564208984,,,,,,,
,70999,,,442.12818145751953,,,,,,
,70999,,8.87298583984375,,,,,,,
,71049,,,380.92803955078125,,,,,,
,71049,,0.7636547088623047,,,,,,,
,71099,,,366.7011260986328,,,,,,
,71099,,8.761882781982422,,,,,,,
,71149,,,362.349271774292,,,,,,
,71149,,0.7424354553222656,,,,,,,
,71199,,,358.92415046691895,,,,,,
,71199,,15.030860900878906,,,,,,,
,71249,,,349.02167320251465,,,,,,
,71249,,0.5848407745361328,,,,,,,
,71299,,,348.82450103759766,,,,,,
,71299,,8.02302360534668,,,,,,,
,71349,,,427.3414611816406,,,,,,
,71349,,0.7472038269042969,,,,,,,
,71399,,,424.7772693634033,,,,,,
,71399,,8.461713790893555,,,,,,,
,71449,,,353.2536029815674,,,,,,
,71449,,0.6208419799804688,,,,,,,
,71499,,,352.86593437194824,,,,,,
,71499,,8.369207382202148,,,,,,,
,71549,,,433.2714080810547,,,,,,
,71549,,1.3704299926757812,,,,,,,
,71599,,,489.7592067718506,,,,,,
,71599,,14.409303665161133,,,,,,,
,71649,,,433.35866928100586,,,,,,
,71649,,0.6630420684814453,,,,,,,
,71699,,,424.302339553833,,,,,,
,71699,,8.490800857543945,,,,,,,
,71749,,,433.016300201416,,,,,,
,71749,,0.6892681121826172,,,,,,,
,71799,,,432.9667091369629,,,,,,
,71799,,8.847236633300781,,,,,,,
,71849,,,429.7783374786377,,,,,,
,71849,,0.7615089416503906,,,,,,,
,71899,,,697.089672088623,,,,,,
,71899,,16.314983367919922,,,,,,,
,71949,,,357.2235107421875,,,,,,
,71949,,0.7147789001464844,,,,,,,
,71999,,,363.8954162597656,,,,,,
,71999,,8.548259735107422,,,,,,,
,72049,,,352.73194313049316,,,,,,
,72049,,0.7016658782958984,,,,,,,
,72099,,,359.2076301574707,,,,,,
,72099,,8.643388748168945,,,,,,,
,72149,,,367.98644065856934,,,,,,
,72149,,1.7168521881103516,,,,,,,
,72199,,,354.62307929992676,,,,,,
,72199,,8.766651153564453,,,,,,,
,72249,,,350.4936695098877,,,,,,
,72249,,0.6372928619384766,,,,,,,
,72299,,,348.7694263458252,,,,,,
,72299,,7.874250411987305,,,,,,,
,72349,,,348.83737564086914,,,,,,
,72349,,0.6120204925537109,,,,,,,
,72399,,,424.1323471069336,,,,,,
,72399,,8.501291275024414,,,,,,,
,72449,,,423.3675003051758,,,,,,
,72449,,0.6735324859619141,,,,,,,
,72499,,,431.79774284362793,,,,,,
,72499,,11.126279830932617,,,,,,,
,72549,,,423.755407333374,,,,,,
,72549,,0.6718635559082031,,,,,,,
,72599,,,423.38061332702637,,,,,,
,72599,,8.539915084838867,,,,,,,
,72649,,,441.5774345397949,,,,,,
,72649,,2.0618438720703125,,,,,,,
,72699,,,443.17007064819336,,,,,,
,72699,,8.818626403808594,,,,,,,
,72749,,,432.55019187927246,,,,,,
,72749,,0.7941722869873047,,,,,,,
,72799,,,433.75515937805176,,,,,,
,72799,,9.078741073608398,,,,,,,
,72849,,,425.4589080810547,,,,,,
,72849,,0.7863044738769531,,,,,,,
,72899,,,430.0408363342285,,,,,,
,72899,,8.848905563354492,,,,,,,
,72949,,,426.12147331237793,,,,,,
,72949,,0.7259845733642578,,,,,,,
,72999,,,430.28998374938965,,,,,,
,72999,,8.761882781982422,,,,,,,
,73049,,,430.35101890563965,,,,,,
,73049,,0.7607936859130859,,,,,,,
,73099,,,426.44286155700684,,,,,,
,73099,,8.773326873779297,,,,,,,
,73149,,,430.755615234375,,,,,,
,73149,,2.295255661010742,,,,,,,
,73199,,,442.4619674682617,,,,,,
,73199,,14.536857604980469,,,,,,,
,73249,,,437.43348121643066,,,,,,
,73249,,2.1004676818847656,,,,,,,
,73299,,,359.5161437988281,,,,,,
,73299,,8.938312530517578,,,,,,,
,73349,,,354.419469833374,,,,,,
,73349,,0.6492137908935547,,,,,,,
,73399,,,357.4397563934326,,,,,,
,73399,,8.682727813720703,,,,,,,
,73449,,,367.65027046203613,,,,,,
,73449,,2.128124237060547,,,,,,,
,73499,,,355.5929660797119,,,,,,
,73499,,8.519887924194336,,,,,,,
,73549,,,351.304292678833,,,,,,
,73549,,0.7503032684326172,,,,,,,
,73599,,,361.3402843475342,,,,,,
,73599,,8.407831192016602,,,,,,,
,73649,,,362.2784614562988,,,,,,
,73649,,0.7703304290771484,,,,,,,
,73699,,,356.7934036254883,,,,,,
,73699,,8.79669189453125,,,,,,,
,73749,,,353.9705276489258,,,,,,
,73749,,1.842498779296875,,,,,,,
,73799,,,355.37075996398926,,,,,,
,73799,,8.161067962646484,,,,,,,
,73849,,,365.90099334716797,,,,,,
,73849,,1.4255046844482422,,,,,,,
,73899,,,363.72995376586914,,,,,,
,73899,,8.303165435791016,,,,,,,
,73949,,,351.0918617248535,,,,,,
,73949,,0.7312297821044922,,,,,,,
,73999,,,367.94495582580566,,,,,,
,73999,,8.124113082885742,,,,,,,
,74049,,,355.1373481750488,,,,,,
,74049,,0.7355213165283203,,,,,,,
,74099,,,353.50537300109863,,,,,,
,74099,,8.735179901123047,,,,,,,
,74149,,,448.8253593444824,,,,,,
,74149,,2.3086071014404297,,,,,,,
,74199,,,357.8155040740967,,,,,,
,74199,,8.694648742675781,,,,,,,
,74249,,,430.4990768432617,,,,,,
,74249,,2.023935317993164,,,,,,,
,74299,,,357.0857048034668,,,,,,
,74299,,16.228199005126953,,,,,,,
,74349,,,435.9471797943115,,,,,,
,74349,,1.4591217041015625,,,,,,,
,74399,,,355.40008544921875,,,,,,
,74399,,8.72039794921875,,,,,,,
,74449,,,356.2757968902588,,,,,,
,74449,,0.7684230804443359,,,,,,,
,74499,,,356.54139518737793,,,,,,
,74499,,8.637428283691406,,,,,,,
,74549,,,357.5453758239746,,,,,,
,74549,,0.7870197296142578,,,,,,,
,74599,,,362.98561096191406,,,,,,
,74599,,8.872747421264648,,,,,,,
,74649,,,355.0281524658203,,,,,,
,74649,,0.7131099700927734,,,,,,,
,74699,,,353.4817695617676,,,,,,
,74699,,8.643150329589844,,,,,,,
,74749,,,356.3973903656006,,,,,,
,74749,,0.7841587066650391,,,,,,,
,74799,,,355.435848236084,,,,,,
,74799,,8.688211441040039,,,,,,,
,74849,,,433.5477352142334,,,,,,
,74849,,1.9233226776123047,,,,,,,
,74899,,,435.35733222961426,,,,,,
,74899,,14.717817306518555,,,,,,,
,74949,,,436.565637588501,,,,,,
,74949,,2.086162567138672,,,,,,,
,74999,,,353.9750576019287,,,,,,
,74999,,8.73708724975586,,,,,,,
14,74999,,,,,,,10.179597854614258,1827.8399658203125,-1827.8399658203125
,75000,1987.713948249817,,,,,,,,
14,74999,,,,-0.002111018868163228,1.012218713760376,-1827.61376953125,,,
,75049,,,353.2280921936035,,,,,,
,75049,,0.6260871887207031,,,,,,,
,75099,,,353.26242446899414,,,,,,
,75099,,7.930278778076172,,,,,,,
,75149,,,353.70898246765137,,,,,,
,75149,,0.7345676422119141,,,,,,,
,75199,,,433.14456939697266,,,,,,
,75199,,16.592025756835938,,,,,,,
,75249,,,443.0844783782959,,,,,,
,75249,,2.093076705932617,,,,,,,
,75299,,,433.37297439575195,,,,,,
,75299,,12.707233428955078,,,,,,,
,75349,,,353.116512298584,,,,,,
,75349,,0.6687641143798828,,,,,,,
,75399,,,388.23747634887695,,,,,,
,75399,,8.443593978881836,,,,,,,
,75449,,,351.04870796203613,,,,,,
,75449,,0.7643699645996094,,,,,,,
,75499,,,392.2228813171387,,,,,,
,75499,,8.500099182128906,,,,,,,
,75549,,,354.30192947387695,,,,,,
,75549,,0.7419586181640625,,,,,,,
,75599,,,359.7753047943115,,,,,,
,75599,,18.33367347717285,,,,,,,
,75649,,,431.8819046020508,,,,,,
,75649,,1.851797103881836,,,,,,,
,75699,,,392.5955295562744,,,,,,
,75699,,8.608341217041016,,,,,,,
,75749,,,432.33656883239746,,,,,,
,75749,,2.2020339965820312,,,,,,,
,75799,,,431.6737651824951,,,,,,
,75799,,15.469551086425781,,,,,,,
,75849,,,431.85901641845703,,,,,,
,75849,,2.0339488983154297,,,,,,,
,75899,,,351.64928436279297,,,,,,
,75899,,8.589744567871094,,,,,,,
,75949,,,352.3688316345215,,,,,,
,75949,,0.6363391876220703,,,,,,,
,75999,,,353.76524925231934,,,,,,
,75999,,8.56161117553711,,,,,,,
,76049,,,426.9688129425049,,,,,,
,76049,,0.7345676422119141,,,,,,,
,76099,,,436.537504196167,,,,,,
,76099,,14.955520629882812,,,,,,,
,76149,,,430.88388442993164,,,,,,
,76149,,2.2153854370117188,,,,,,,
,76199,,,352.8435230255127,,,,,,
,76199,,8.574724197387695,,,,,,,
,76249,,,430.82475662231445,,,,,,
,76249,,1.6207695007324219,,,,,,,
,76299,,,431.42175674438477,,,,,,
,76299,,14.640569686889648,,,,,,,
,76349,,,354.0186882019043,,,,,,
,76349,,0.7016658782958984,,,,,,,
,76399,,,351.84526443481445,,,,,,
,76399,,8.520841598510742,,,,,,,
,76449,,,433.9413642883301,,,,,,
,76449,,2.112150192260742,,,,,,,
,76499,,,353.98292541503906,,,,,,
,76499,,8.685827255249023,,,,,,,
,76549,,,433.99953842163086,,,,,,
,76549,,1.8973350524902344,,,,,,,
,76599,,,433.0143928527832,,,,,,
,76599,,17.292499542236328,,,,,,,
,76649,,,440.1218891143799,,,,,,
,76649,,2.2335052490234375,,,,,,,
,76699,,,353.4386157989502,,,,,,
,76699,,8.55565071105957,,,,,,,
,76749,,,433.5510730743408,,,,,,
,76749,,1.3434886932373047,,,,,,,
,76799,,,437.07275390625,,,,,,
,76799,,14.062643051147461,,,,,,,
,76849,,,350.1286506652832,,,,,,
,76849,,0.6201267242431641,,,,,,,
,76899,,,351.47976875305176,,,,,,
,76899,,8.39543342590332,,,,,,,
,76949,,,349.14159774780273,,,,,,
,76949,,0.5905628204345703,,,,,,,
,76999,,,354.4495105743408,,,,,,
,76999,,8.851289749145508,,,,,,,
,77049,,,350.8162498474121,,,,,,
,77049,,0.6847381591796875,,,,,,,
,77099,,,354.51221466064453,,,,,,
,77099,,8.089303970336914,,,,,,,
,77149,,,347.3038673400879,,,,,,
,77149,,0.6363391876220703,,,,,,,
,77199,,,352.0336151123047,,,,,,
,77199,,8.632183074951172,,,,,,,
,77249,,,350.73256492614746,,,,,,
,77249,,0.6213188171386719,,,,,,,
,77299,,,355.97825050354004,,,,,,
,77299,,8.505105972290039,,,,,,,
,77349,,,350.8319854736328,,,,,,
,77349,,0.7264614105224609,,,,,,,
,77399,,,353.6970615386963,,,,,,
,77399,,8.645772933959961,,,,,,,
,77449,,,360.140323638916,,,,,,
,77449,,0.7169246673583984,,,,,,,
,77499,,,355.2982807159424,,,,,,
,77499,,8.157014846801758,,,,,,,
,77549,,,354.48479652404785,,,,,,
,77549,,0.7326602935791016,,,,,,,
,77599,,,352.6771068572998,,,,,,
,77599,,8.635282516479492,,,,,,,
,77649,,,357.6817512512207,,,,,,
,77649,,0.6594657897949219,,,,,,,
,77699,,,363.10768127441406,,,,,,
,77699,,7.95292854309082,,,,,,,
,77749,,,349.1694927215576,,,,,,
,77749,,0.6463527679443359,,,,,,,
,77799,,,349.8561382293701,,,,,,
,77799,,8.591175079345703,,,,,,,
,77849,,,352.9491424560547,,,,,,
,77849,,0.6468296051025391,,,,,,,
,77899,,,349.71094131469727,,,,,,
,77899,,7.970333099365234,,,,,,,
,77949,,,350.5854606628418,,,,,,
,77949,,0.6897449493408203,,,,,,,
,77999,,,355.98278045654297,,,,,,
,77999,,8.961677551269531,,,,,,,
,78049,,,356.9347858428955,,,,,,
,78049,,0.6670951843261719,,,,,,,
,78099,,,356.8146228790283,,,,,,
,78099,,7.990121841430664,,,,,,,
,78149,,,353.79719734191895,,,,,,
,78149,,0.7600784301757812,,,,,,,
,78199,,,352.8566360473633,,,,,,
,78199,,8.61215591430664,,,,,,,
,78249,,,355.05104064941406,,,,,,
,78249,,0.6630420684814453,,,,,,,
,78299,,,362.35523223876953,,,,,,
,78299,,8.590459823608398,,,,,,,
,78349,,,362.4157905578613,,,,,,
,78349,,2.1142959594726562,,,,,,,
,78399,,,353.30653190612793,,,,,,
,78399,,8.47625732421875,,,,,,,
,78449,,,354.6128273010254,,,,,,
,78449,,0.7460117340087891,,,,,,,
,78499,,,355.1368713378906,,,,,,
,78499,,8.386850357055664,,,,,,,
,78549,,,346.118688583374,,,,,,
,78549,,0.6108283996582031,,,,,,,
,78599,,,356.7924499511719,,,,,,
,78599,,8.518218994140625,,,,,,,
,78649,,,348.65403175354004,,,,,,
,78649,,0.6577968597412109,,,,,,,
,78699,,,352.0963191986084,,,,,,
,78699,,8.429765701293945,,,,,,,
,78749,,,348.27423095703125,,,,,,
,78749,,0.6413459777832031,,,,,,,
,78799,,,351.543664932251,,,,,,
,78799,,8.280277252197266,,,,,,,
,78849,,,351.44996643066406,,,,,,
,78849,,0.6406307220458984,,,,,,,
,78899,,,420.39990425109863,,,,,,
,78899,,8.612871170043945,,,,,,,
,78949,,,425.3973960876465,,,,,,
,78949,,0.8032321929931641,,,,,,,
,78999,,,420.1464653015137,,,,,,
,78999,,8.518695831298828,,,,,,,
,79049,,,419.295072555542,,,,,,
,79049,,0.698089599609375,,,,,,,
,79099,,,420.2837944030762,,,,,,
,79099,,8.472681045532227,,,,,,,
,79149,,,420.4072952270508,,,,,,
,79149,,0.6909370422363281,,,,,,,
,79199,,,435.6231689453125,,,,,,
,79199,,8.820295333862305,,,,,,,
,79249,,,421.9629764556885,,,,,,
,79249,,0.74005126953125,,,,,,,
,79299,,,422.1947193145752,,,,,,
,79299,,8.640527725219727,,,,,,,
,79349,,,421.21148109436035,,,,,,
,79349,,0.7331371307373047,,,,,,,
,79399,,,429.93807792663574,,,,,,
,79399,,8.521795272827148,,,,,,,
,79449,,,418.4582233428955,,,,,,
,79449,,0.6585121154785156,,,,,,,
,79499,,,426.2723922729492,,,,,,
,79499,,8.704423904418945,,,,,,,
,79549,,,432.59119987487793,,,,,,
,79549,,0.7090568542480469,,,,,,,
,79599,,,417.6509380340576,,,,,,
,79599,,8.42905044555664,,,,,,,
,79649,,,348.5579490661621,,,,,,
,79649,,1.8219947814941406,,,,,,,
,79699,,,355.62658309936523,,,,,,
,79699,,8.437633514404297,,,,,,,
,79749,,,356.1704158782959,,,,,,
,79749,,0.6041526794433594,,,,,,,
,79799,,,348.51741790771484,,,,,,
,79799,,8.351802825927734,,,,,,,
,79849,,,385.0846290588379,,,,,,
,79849,,0.6778240203857422,,,,,,,
,79899,,,359.7559928894043,,,,,,
,79899,,7.810831069946289,,,,,,,
,79949,,,358.83045196533203,,,,,,
,79949,,0.5695819854736328,,,,,,,
,79999,,,343.137264251709,,,,,,
,79999,,7.887125015258789,,,,,,,
15,79999,,,,,,,9.44402027130127,1815.3900146484375,-1815.3900146484375
,80000,1931.3471083641052,,,,,,,,
15,79999,,,,-0.01076950877904892,1.0117180347442627,-1831.5802001953125,,,
,80049,,,343.8425064086914,,,,,,
,80049,,0.5700588226318359,,,,,,,
,80099,,,350.4018783569336,,,,,,
,80099,,7.765531539916992,,,,,,,
,80149,,,345.68309783935547,,,,,,
,80149,,0.6105899810791016,,,,,,,
,80199,,,348.16765785217285,,,,,,
,80199,,8.243560791015625,,,,,,,
,80249,,,345.53050994873047,,,,,,
,80249,,0.5698204040527344,,,,,,,
,80299,,,348.8881587982178,,,,,,
,80299,,7.805347442626953,,,,,,,
,80349,,,344.01941299438477,,,,,,
,80349,,0.5936622619628906,,,,,,,
,80399,,,347.3978042602539,,,,,,
,80399,,8.277654647827148,,,,,,,
,80449,,,349.93624687194824,,,,,,
,80449,,0.6136894226074219,,,,,,,
,80499,,,346.876859664917,,,,,,
,80499,,7.775306701660156,,,,,,,
,80549,,,346.7257022857666,,,,,,
,80549,,0.6103515625,,,,,,,
,80599,,,347.9456901550293,,,,,,
,80599,,7.824897766113281,,,,,,,
,80649,,,355.0858497619629,,,,,,
,80649,,0.5958080291748047,,,,,,,
,80699,,,346.02808952331543,,,,,,
,80699,,7.74693489074707,,,,,,,
,80749,,,352.26893424987793,,,,,,
,80749,,0.6046295166015625,,,,,,,
,80799,,,350.1124382019043,,,,,,
,80799,,8.245706558227539,,,,,,,
,80849,,,354.46929931640625,,,,,,
,80849,,0.5857944488525391,,,,,,,
,80899,,,348.42514991760254,,,,,,
,80899,,7.794380187988281,,,,,,,
,80949,,,348.6783504486084,,,,,,
,80949,,0.6039142608642578,,,,,,,
,80999,,,345.13235092163086,,,,,,
,80999,,7.898569107055664,,,,,,,
,81049,,,351.9151210784912,,,,,,
,81049,,0.5831718444824219,,,,,,,
,81099,,,380.8712959289551,,,,,,
,81099,,8.069276809692383,,,,,,,
,81149,,,348.3538627624512,,,,,,
,81149,,0.6120204925537109,,,,,,,
,81199,,,344.4018363952637,,,,,,
,81199,,8.192062377929688,,,,,,,
,81249,,,417.32215881347656,,,,,,
,81249,,0.6272792816162109,,,,,,,
,81299,,,343.71399879455566,,,,,,
,81299,,7.763385772705078,,,,,,,
,81349,,,346.09341621398926,,,,,,
,81349,,0.6003379821777344,,,,,,,
,81399,,,349.74169731140137,,,,,,
,81399,,7.9059600830078125,,,,,,,
,81449,,,348.8037586212158,,,,,,
,81449,,1.2650489807128906,,,,,,,
,81499,,,345.0624942779541,,,,,,
,81499,,7.755279541015625,,,,,,,
,81549,,,343.6932563781738,,,,,,
,81549,,0.6098747253417969,,,,,,,
,81599,,,343.4712886810303,,,,,,
,81599,,8.247852325439453,,,,,,,
,81649,,,343.28627586364746,,,,,,
,81649,,0.5791187286376953,,,,,,,
,81699,,,343.31750869750977,,,,,,
,81699,,16.470670700073242,,,,,,,
,81749,,,347.0945358276367,,,,,,
,81749,,0.6172657012939453,,,,,,,
,81799,,,349.5440483093262,,,,,,
,81799,,8.149147033691406,,,,,,,
,81849,,,412.37592697143555,,,,,,
,81849,,0.5800724029541016,,,,,,,
,81899,,,344.6643352508545,,,,,,
,81899,,7.737636566162109,,,,,,,
,81949,,,353.6334037780762,,,,,,
,81949,,0.6031990051269531,,,,,,,
,81999,,,344.8653221130371,,,,,,
,81999,,8.184671401977539,,,,,,,
,82049,,,341.51768684387207,,,,,,
,82049,,0.57220458984375,,,,,,,
,82099,,,357.863187789917,,,,,,
,82099,,7.784843444824219,,,,,,,
,82149,,,349.2305278778076,,,,,,
,82149,,0.5939006805419922,,,,,,,
,82199,,,346.8763828277588,,,,,,
,82199,,8.144855499267578,,,,,,,
,82249,,,345.69740295410156,,,,,,
,82249,,0.583648681640625,,,,,,,
,82299,,,355.1774024963379,,,,,,
,82299,,7.765769958496094,,,,,,,
,82349,,,417.43922233581543,,,,,,
,82349,,0.6530284881591797,,,,,,,
,82399,,,416.8057441711426,,,,,,
,82399,,8.406639099121094,,,,,,,
,82449,,,418.0772304534912,,,,,,
,82449,,0.6506443023681641,,,,,,,
,82499,,,357.21683502197266,,,,,,
,82499,,8.373260498046875,,,,,,,
,82549,,,349.07078742980957,,,,,,
,82549,,0.6504058837890625,,,,,,,
,82599,,,346.8468189239502,,,,,,
,82599,,7.963895797729492,,,,,,,
,82649,,,347.9166030883789,,,,,,
,82649,,0.6155967712402344,,,,,,,
,82699,,,348.89698028564453,,,,,,
,82699,,8.335590362548828,,,,,,,
,82749,,,348.12307357788086,,,,,,
,82749,,0.6074905395507812,,,,,,,
,82799,,,359.555721282959,,,,,,
,82799,,8.397102355957031,,,,,,,
,82849,,,348.5569953918457,,,,,,
,82849,,0.5888938903808594,,,,,,,
,82899,,,343.92714500427246,,,,,,
,82899,,7.873058319091797,,,,,,,
,82949,,,343.555212020874,,,,,,
,82949,,0.5786418914794922,,,,,,,
,82999,,,345.7446098327637,,,,,,
,82999,,7.805824279785156,,,,,,,
,83049,,,344.8793888092041,,,,,,
,83049,,0.5743503570556641,,,,,,,
,83099,,,344.72107887268066,,,,,,
,83099,,7.935762405395508,,,,,,,
,83149,,,347.05519676208496,,,,,,
,83149,,0.5822181701660156,,,,,,,
,83199,,,349.28011894226074,,,,,,
,83199,,8.11314582824707,,,,,,,
,83249,,,349.29585456848145,,,,,,
,83249,,0.5970001220703125,,,,,,,
,83299,,,348.8287925720215,,,,,,
,83299,,7.9288482666015625,,,,,,,
,83349,,,343.9221382141113,,,,,,
,83349,,0.5826950073242188,,,,,,,
,83399,,,344.2950248718262,,,,,,
,83399,,7.813930511474609,,,,,,,
,83449,,,343.60241889953613,,,,,,
,83449,,0.5657672882080078,,,,,,,
,83499,,,344.2666530609131,,,,,,
,83499,,7.891416549682617,,,,,,,
,83549,,,344.18487548828125,,,,,,
,83549,,0.5819797515869141,,,,,,,
,83599,,,343.39213371276855,,,,,,
,83599,,16.726255416870117,,,,,,,
,83649,,,344.42138671875,,,,,,
,83649,,0.5691051483154297,,,,,,,
,83699,,,347.49579429626465,,,,,,
,83699,,7.884025573730469,,,,,,,
,83749,,,342.9698944091797,,,,,,
,83749,,0.5793571472167969,,,,,,,
,83799,,,345.8244800567627,,,,,,
,83799,,7.821798324584961,,,,,,,
,83849,,,344.2494869232178,,,,,,
,83849,,0.5731582641601562,,,,,,,
,83899,,,348.47283363342285,,,,,,
,83899,,7.971525192260742,,,,,,,
,83949,,,345.7753658294678,,,,,,
,83949,,0.583648681640625,,,,,,,
,83999,,,349.334716796875,,,,,,
,83999,,8.101940155029297,,,,,,,
,84049,,,349.102258682251,,,,,,
,84049,,0.6117820739746094,,,,,,,
,84099,,,416.37420654296875,,,,,,
,84099,,8.319854736328125,,,,,,,
,84149,,,416.12982749938965,,,,,,
,84149,,0.6585121154785156,,,,,,,
,84199,,,417.52052307128906,,,,,,
,84199,,8.294105529785156,,,,,,,
,84249,,,417.70458221435547,,,,,,
,84249,,0.6461143493652344,,,,,,,
,84299,,,345.2484607696533,,,,,,
,84299,,8.338212966918945,,,,,,,
,84349,,,345.31521797180176,,,,,,
,84349,,0.5807876586914062,,,,,,,
,84399,,,345.6840515136719,,,,,,
,84399,,7.786750793457031,,,,,,,
,84449,,,347.3994731903076,,,,,,
,84449,,0.5984306335449219,,,,,,,
,84499,,,347.5918769836426,,,,,,
,84499,,8.310556411743164,,,,,,,
,84549,,,347.19324111938477,,,,,,
,84549,,0.6036758422851562,,,,,,,
,84599,,,353.85584831237793,,,,,,
,84599,,7.80177116394043,,,,,,,
,84649,,,348.8576412200928,,,,,,
,84649,,0.6015300750732422,,,,,,,
,84699,,,349.3475914001465,,,,,,
,84699,,8.255720138549805,,,,,,,
,84749,,,351.9749641418457,,,,,,
,84749,,0.6113052368164062,,,,,,,
,84799,,,355.28087615966797,,,,,,
,84799,,7.773399353027344,,,,,,,
,84849,,,348.8926887512207,,,,,,
,84849,,0.6127357482910156,,,,,,,
,84899,,,349.2136001586914,,,,,,
,84899,,8.315324783325195,,,,,,,
,84949,,,343.5187339782715,,,,,,
,84949,,0.5767345428466797,,,,,,,
,84999,,,350.88229179382324,,,,,,
,84999,,7.817268371582031,,,,,,,
16,84999,,,,,,,9.332035064697266,1813.97998046875,-1813.97998046875
,85000,1797.4089448451996,,,,,,,,
16,84999,,,,0.010035179555416107,1.0116477012634277,-1830.766357421875,,,
,85049,,,344.62785720825195,,,,,,
,85049,,0.5693435668945312,,,,,,,
,85099,,,345.5545902252197,,,,,,
,85099,,7.821321487426758,,,,,,,
,85149,,,343.8992500305176,,,,,,
,85149,,0.5695819854736328,,,,,,,
,85199,,,345.8976745605469,,,,,,
,85199,,8.288383483886719,,,,,,,
,85249,,,427.5839328765869,,,,,,
,85249,,0.6563663482666016,,,,,,,
,85299,,,420.02105712890625,,,,,,
,85299,,10.123968124389648,,,,,,,
,85349,,,421.1552143096924,,,,,,
,85349,,1.1661052703857422,,,,,,,
,85399,,,423.34675788879395,,,,,,
,85399,,8.4381103515625,,,,,,,
,85449,,,422.3802089691162,,,,,,
,85449,,0.6453990936279297,,,,,,,
,85499,,,424.6785640716553,,,,,,
,85499,,8.414745330810547,,,,,,,
,85549,,,348.18005561828613,,,,,,
,85549,,0.6098747253417969,,,,,,,
,85599,,,351.51076316833496,,,,,,
,85599,,8.275985717773438,,,,,,,
,85649,,,348.50072860717773,,,,,,
,85649,,0.5819797515869141,,,,,,,
,85699,,,346.3597297668457,,,,,,
,85699,,8.254528045654297,,,,,,,
,85749,,,346.2040424346924,,,,,,
,85749,,0.583648681640625,,,,,,,
,85799,,,345.1530933380127,,,,,,
,85799,,7.822275161743164,,,,,,,
,85849,,,345.7620143890381,,,,,,
,85849,,0.5674362182617188,,,,,,,
,85899,,,349.11561012268066,,,,,,
,85899,,8.310079574584961,,,,,,,
,85949,,,346.0268974304199,,,,,,
,85949,,0.5791187286376953,,,,,,,
,85999,,,345.6151485443115,,,,,,
,85999,,16.39580726623535,,,,,,,
,86049,,,345.80206871032715,,,,,,
,86049,,0.5753040313720703,,,,,,,
,86099,,,343.4596061706543,,,,,,
,86099,,8.165359497070312,,,,,,,
,86149,,,344.7897434234619,,,,,,
,86149,,0.5824565887451172,,,,,,,
,86199,,,420.99952697753906,,,,,,
,86199,,8.630514144897461,,,,,,,
,86249,,,415.91572761535645,,,,,,
,86249,,0.6458759307861328,,,,,,,
,86299,,,418.0464744567871,,,,,,
,86299,,8.445978164672852,,,,,,,
,86349,,,420.54057121276855,,,,,,
,86349,,0.6544589996337891,,,,,,,
,86399,,,418.928861618042,,,,,,
,86399,,8.426904678344727,,,,,,,
,86449,,,417.24610328674316,,,,,,
,86449,,0.6582736968994141,,,,,,,
,86499,,,418.29919815063477,,,,,,
,86499,,8.39853286743164,,,,,,,
,86549,,,415.8310890197754,,,,,,
,86549,,0.6496906280517578,,,,,,,
,86599,,,426.7840385437012,,,,,,
,86599,,8.450508117675781,,,,,,,
,86649,,,417.9811477661133,,,,,,
,86649,,0.6511211395263672,,,,,,,
,86699,,,417.91462898254395,,,,,,
,86699,,8.42142105102539,,,,,,,
,86749,,,418.29943656921387,,,,,,
,86749,,0.6465911865234375,,,,,,,
,86799,,,425.4343509674072,,,,,,
,86799,,8.346080780029297,,,,,,,
,86849,,,417.313814163208,,,,,,
,86849,,0.6451606750488281,,,,,,,
,86899,,,665.5967235565186,,,,,,
,86899,,8.163928985595703,,,,,,,
,86949,,,417.12284088134766,,,,,,
,86949,,0.6551742553710938,,,,,,,
,86999,,,425.72641372680664,,,,,,
,86999,,8.467912673950195,,,,,,,
,87049,,,417.5553321838379,,,,,,
,87049,,0.6296634674072266,,,,,,,
,87099,,,418.0912971496582,,,,,,
,87099,,8.433341979980469,,,,,,,
,87149,,,418.2603359222412,,,,,,
,87149,,0.6322860717773438,,,,,,,
,87199,,,421.18382453918457,,,,,,
,87199,,8.136987686157227,,,,,,,
,87249,,,418.1523323059082,,,,,,
,87249,,0.6351470947265625,,,,,,,
,87299,,,381.4969062805176,,,,,,
,87299,,7.777929306030273,,,,,,,
,87349,,,343.77074241638184,,,,,,
,87349,,0.5638599395751953,,,,,,,
,87399,,,344.1622257232666,,,,,,
,87399,,8.29625129699707,,,,,,,
,87449,,,347.49436378479004,,,,,,
,87449,,0.5910396575927734,,,,,,,
,87499,,,359.38048362731934,,,,,,
,87499,,7.827997207641602,,,,,,,
,87549,,,350.53062438964844,,,,,,
,87549,,0.6036758422851562,,,,,,,
,87599,,,352.0946502685547,,,,,,
,87599,,8.488893508911133,,,,,,,
,87649,,,348.89936447143555,,,,,,
,87649,,0.6041526794433594,,,,,,,
,87699,,,348.67024421691895,,,,,,
,87699,,7.857084274291992,,,,,,,
,87749,,,349.75457191467285,,,,,,
,87749,,0.5795955657958984,,,,,,,
,87799,,,348.1636047363281,,,,,,
,87799,,8.32819938659668,,,,,,,
,87849,,,347.6719856262207,,,,,,
,87849,,0.5860328674316406,,,,,,,
,87899,,,348.2701778411865,,,,,,
,87899,,7.833957672119141,,,,,,,
,87949,,,347.93782234191895,,,,,,
,87949,,0.5815029144287109,,,,,,,
,87999,,,343.555212020874,,,,,,
,87999,,8.930683135986328,,,,,,,
,88049,,,345.14808654785156,,,,,,
,88049,,0.5769729614257812,,,,,,,
,88099,,,344.8772430419922,,,,,,
,88099,,7.817745208740234,,,,,,,
,88149,,,353.6055088043213,,,,,,
,88149,,0.7479190826416016,,,,,,,
,88199,,,349.0936756134033,,,,,,
,88199,,8.174657821655273,,,,,,,
,88249,,,349.75504875183105,,,,,,
,88249,,0.5755424499511719,,,,,,,
,88299,,,351.4981269836426,,,,,,
,88299,,7.887601852416992,,,,,,,
,88349,,,349.1554260253906,,,,,,
,88349,,0.6055831909179688,,,,,,,
,88399,,,360.11242866516113,,,,,,
,88399,,8.148908615112305,,,,,,,
,88449,,,351.4564037322998,,,,,,
,88449,,0.5943775177001953,,,,,,,
,88499,,,350.55065155029297,,,,,,
,88499,,7.870197296142578,,,,,,,
,88549,,,350.8129119873047,,,,,,
,88549,,0.5788803100585938,,,,,,,
,88599,,,351.18913650512695,,,,,,
,88599,,8.205890655517578,,,,,,,
,88649,,,350.77404975891113,,,,,,
,88649,,0.5888938903808594,,,,,,,
,88699,,,350.0969409942627,,,,,,
,88699,,7.93004035949707,,,,,,,
,88749,,,348.74653816223145,,,,,,
,88749,,0.5743503570556641,,,,,,,
,88799,,,419.3563461303711,,,,,,
,88799,,8.44717025756836,,,,,,,
,88849,,,418.5762405395508,,,,,,
,88849,,0.6310939788818359,,,,,,,
,88899,,,346.4086055755615,,,,,,
,88899,,7.8125,,,,,,,
,88949,,,429.23426628112793,,,,,,
,88949,,0.6890296936035156,,,,,,,
,88999,,,420.64452171325684,,,,,,
,88999,,8.378744125366211,,,,,,,
,89049,,,418.98632049560547,,,,,,
,89049,,0.6535053253173828,,,,,,,
,89099,,,418.0893898010254,,,,,,
,89099,,8.421659469604492,,,,,,,
,89149,,,418.9884662628174,,,,,,
,89149,,0.6508827209472656,,,,,,,
,89199,,,418.6134338378906,,,,,,
,89199,,8.446693420410156,,,,,,,
,89249,,,422.5759506225586,,,,,,
,89249,,0.8244514465332031,,,,,,,
,89299,,,421.91624641418457,,,,,,
,89299,,8.519411087036133,,,,,,,
,89349,,,418.4737205505371,,,,,,
,89349,,0.6687641143798828,,,,,,,
,89399,,,418.837308883667,,,,,,
,89399,,8.45956802368164,,,,,,,
,89449,,,418.77126693725586,,,,,,
,89449,,0.6513595581054688,,,,,,,
,89499,,,421.267032623291,,,,,,
,89499,,8.478641510009766,,,,,,,
,89549,,,426.5003204345703,,,,,,
,89549,,0.6499290466308594,,,,,,,
,89599,,,418.38526725769043,,,,,,
,89599,,8.424520492553711,,,,,,,
,89649,,,417.6335334777832,,,,,,
,89649,,0.6546974182128906,,,,,,,
,89699,,,420.08113861083984,,,,,,
,89699,,8.519649505615234,,,,,,,
,89749,,,419.30127143859863,,,,,,
,89749,,0.6694793701171875,,,,,,,
,89799,,,418.7595844268799,,,,,,
,89799,,8.494138717651367,,,,,,,
,89849,,,419.36278343200684,,,,,,
,89849,,0.6465911865234375,,,,,,,
,89899,,,418.9577102661133,,,,,,
,89899,,8.406400680541992,,,,,,,
,89949,,,420.2423095703125,,,,,,
,89949,,0.6501674652099609,,,,,,,
,89999,,,419.7382926940918,,,,,,
,89999,,8.430004119873047,,,,,,,
17,89999,,,,,,,9.872753143310547,1823.449951171875,-1823.449951171875
,90000,1967.7966649532318,,,,,,,,
17,89999,,,,-0.005403028801083565,1.0119372606277466,-1831.76318359375,,,
,90049,,,418.9107418060303,,,,,,
,90049,,0.6604194641113281,,,,,,,
,90099,,,418.46609115600586,,,,,,
,90099,,8.418798446655273,,,,,,,
,90149,,,417.9375171661377,,,,,,
,90149,,0.6525516510009766,,,,,,,
,90199,,,418.44725608825684,,,,,,
,90199,,17.23480224609375,,,,,,,
,90249,,,419.47078704833984,,,,,,
,90249,,0.6442070007324219,,,,,,,
,90299,,,420.2113151550293,,,,,,
,90299,,8.421182632446289,,,,,,,
,90349,,,418.42103004455566,,,,,,
,90349,,0.6425380706787109,,,,,,,
,90399,,,427.03866958618164,,,,,,
,90399,,8.336305618286133,,,,,,,
,90449,,,418.57314109802246,,,,,,
,90449,,0.6492137908935547,,,,,,,
,90499,,,419.13676261901855,,,,,,
,90499,,8.452653884887695,,,,,,,
,90549,,,420.1228618621826,,,,,,
,90549,,0.6601810455322266,,,,,,,
,90599,,,419.5859432220459,,,,,,
,90599,,8.424520492553711,,,,,,,
,90649,,,349.2701053619385,,,,,,
,90649,,0.6098747253417969,,,,,,,
,90699,,,348.5586643218994,,,,,,
,90699,,8.327007293701172,,,,,,,
,90749,,,345.66307067871094,,,,,,
,90749,,0.6003379821777344,,,,,,,
,90799,,,353.2407283782959,,,,,,
,90799,,8.282899856567383,,,,,,,
,90849,,,348.11949729919434,,,,,,
,90849,,0.6473064422607422,,,,,,,
,90899,,,346.6005325317383,,,,,,
,90899,,7.8639984130859375,,,,,,,
,90949,,,434.9935054779053,,,,,,
,90949,,0.6287097930908203,,,,,,,
,90999,,,419.4967746734619,,,,,,
,90999,,8.543729782104492,,,,,,,
,91049,,,422.5492477416992,,,,,,
,91049,,0.8227825164794922,,,,,,,
,91099,,,420.6364154815674,,,,,,
,91099,,8.478403091430664,,,,,,,
,91149,,,422.9297637939453,,,,,,
,91149,,0.7731914520263672,,,,,,,
,91199,,,418.96891593933105,,,,,,
,91199,,8.429765701293945,,,,,,,
,91249,,,419.0516471862793,,,,,,
,91249,,0.6597042083740234,,,,,,,
,91299,,,427.29806900024414,,,,,,
,91299,,8.419990539550781,,,,,,,
,91349,,,419.1572666168213,,,,,,
,91349,,1.8134117126464844,,,,,,,
,91399,,,418.69163513183594,,,,,,
,91399,,8.417129516601562,,,,,,,
,91449,,,418.58625411987305,,,,,,
,91449,,0.6966590881347656,,,,,,,
,91499,,,428.633451461792,,,,,,
,91499,,8.521795272827148,,,,,,,
,91549,,,418.4904098510742,,,,,,
,91549,,0.6563663482666016,,,,,,,
,91599,,,418.52784156799316,,,,,,
,91599,,8.431434631347656,,,,,,,
,91649,,,418.61963272094727,,,,,,
,91649,,0.6587505340576172,,,,,,,
,91699,,,418.5507297515869,,,,,,
,91699,,8.484840393066406,,,,,,,
,91749,,,419.2814826965332,,,,,,
,91749,,0.6549358367919922,,,,,,,
,91799,,,418.5812473297119,,,,,,
,91799,,8.387565612792969,,,,,,,
,91849,,,352.27155685424805,,,,,,
,91849,,0.6377696990966797,,,,,,,
,91899,,,349.39050674438477,,,,,,
,91899,,8.398771286010742,,,,,,,
,91949,,,350.1758575439453,,,,,,
,91949,,0.6153583526611328,,,,,,,
,91999,,,348.3576774597168,,,,,,
,91999,,8.34202766418457,,,,,,,
,92049,,,348.85597229003906,,,,,,
,92049,,0.5934238433837891,,,,,,,
,92099,,,348.7133979797363,,,,,,
,92099,,8.3160400390625,,,,,,,
,92149,,,344.7113037109375,,,,,,
,92149,,0.5900859832763672,,,,,,,
,92199,,,345.9360599517822,,,,,,
,92199,,7.924318313598633,,,,,,,
,92249,,,344.6693420410156,,,,,,
,92249,,0.6110668182373047,,,,,,,
,92299,,,352.33616828918457,,,,,,
,92299,,8.358001708984375,,,,,,,
,92349,,,351.31216049194336,,,,,,
,92349,,0.5934238433837891,,,,,,,
,92399,,,351.3007164001465,,,,,,
,92399,,7.773399353027344,,,,,,,
,92449,,,349.0445613861084,,,,,,
,92449,,0.60272216796875,,,,,,,
,92499,,,345.4017639160156,,,,,,
,92499,,7.869243621826172,,,,,,,
,92549,,,346.12417221069336,,,,,,
,92549,,0.5772113800048828,,,,,,,
,92599,,,353.316068649292,,,,,,
,92599,,7.767915725708008,,,,,,,
,92649,,,348.8190174102783,,,,,,
,92649,,0.5998611450195312,,,,,,,
,92699,,,344.00439262390137,,,,,,
,92699,,8.16202163696289,,,,,,,
,92749,,,351.45044326782227,,,,,,
,92749,,0.6096363067626953,,,,,,,
,92799,,,346.3704586029053,,,,,,
,92799,,7.7419281005859375,,,,,,,
,92849,,,352.1268367767334,,,,,,
,92849,,0.6074905395507812,,,,,,,
,92899,,,421.94604873657227,,,,,,
,92899,,8.433341979980469,,,,,,,
,92949,,,418.46442222595215,,,,,,
,92949,,0.6496906280517578,,,,,,,
,92999,,,418.8275337219238,,,,,,
,92999,,8.404731750488281,,,,,,,
,93049,,,418.8227653503418,,,,,,
,93049,,0.6539821624755859,,,,,,,
,93099,,,418.7664985656738,,,,,,
,93099,,8.399724960327148,,,,,,,
,93149,,,348.9995002746582,,,,,,
,93149,,0.6098747253417969,,,,,,,
,93199,,,348.88625144958496,,,,,,
,93199,,8.314847946166992,,,,,,,
,93249,,,351.52173042297363,,,,,,
,93249,,0.5948543548583984,,,,,,,
,93299,,,351.96805000305176,,,,,,
,93299,,7.824182510375977,,,,,,,
,93349,,,347.1672534942627,,,,,,
,93349,,0.5970001220703125,,,,,,,
,93399,,,345.7663059234619,,,,,,
,93399,,8.180379867553711,,,,,,,
,93449,,,345.9162712097168,,,,,,
,93449,,0.5800724029541016,,,,,,,
,93499,,,346.1649417877197,,,,,,
,93499,,15.27547836303711,,,,,,,
,93549,,,344.1026210784912,,,,,,
,93549,,0.5917549133300781,,,,,,,
,93599,,,345.3104496002197,,,,,,
,93599,,8.275032043457031,,,,,,,
,93649,,,344.693660736084,,,,,,
,93649,,0.568389892578125,,,,,,,
,93699,,,344.3286418914795,,,,,,
,93699,,7.751941680908203,,,,,,,
,93749,,,355.1361560821533,,,,,,
,93749,,0.5915164947509766,,,,,,,
,93799,,,347.78547286987305,,,,,,
,93799,,8.240699768066406,,,,,,,
,93849,,,347.9602336883545,,,,,,
,93849,,0.5800724029541016,,,,,,,
,93899,,,348.5732078552246,,,,,,
,93899,,7.770061492919922,,,,,,,
,93949,,,347.5668430328369,,,,,,
,93949,,1.683950424194336,,,,,,,
,93999,,,350.8448600769043,,,,,,
,93999,,7.983207702636719,,,,,,,
,94049,,,351.67860984802246,,,,,,
,94049,,0.5910396575927734,,,,,,,
,94099,,,358.3714962005615,,,,,,
,94099,,7.797479629516602,,,,,,,
,94149,,,351.0894775390625,,,,,,
,94149,,0.6244182586669922,,,,,,,
,94199,,,432.513952255249,,,,,,
,94199,,8.408308029174805,,,,,,,
,94249,,,422.04999923706055,,,,,,
,94249,,0.6899833679199219,,,,,,,
,94299,,,418.8952445983887,,,,,,
,94299,,8.424520492553711,,,,,,,
,94349,,,418.1981086730957,,,,,,
,94349,,0.6501674652099609,,,,,,,
,94399,,,418.8871383666992,,,,,,
,94399,,8.388519287109375,,,,,,,
,94449,,,418.77079010009766,,,,,,
,94449,,0.6539821624755859,,,,,,,
,94499,,,418.14374923706055,,,,,,
,94499,,8.556127548217773,,,,,,,
,94549,,,419.6362495422363,,,,,,
,94549,,0.6663799285888672,,,,,,,
,94599,,,418.917179107666,,,,,,
,94599,,8.388757705688477,,,,,,,
,94649,,,418.778657913208,,,,,,
,94649,,0.6437301635742188,,,,,,,
,94699,,,418.590784072876,,,,,,
,94699,,8.431673049926758,,,,,,,
,94749,,,427.6540279388428,,,,,,
,94749,,0.6504058837890625,,,,,,,
,94799,,,422.8556156158447,,,,,,
,94799,,8.585929870605469,,,,,,,
,94849,,,418.9484119415283,,,,,,
,94849,,0.6585121154785156,,,,,,,
,94899,,,418.1833267211914,,,,,,
,94899,,8.446693420410156,,,,,,,
,94949,,,349.51186180114746,,,,,,
,94949,,0.6237030029296875,,,,,,,
,94999,,,348.8297462463379,,,,,,
,94999,,8.363008499145508,,,,,,,
18,94999,,,,,,,9.9502534866333,1824.2900390625,-1824.2900390625
,95000,1956.3051557540894,,,,,,,,
18,94999,,,,0.007050389889627695,1.008463978767395,-1839.96875,,,
,95049,,,347.46432304382324,,,,,,
,95049,,0.5707740783691406,,,,,,,
,95099,,,347.00751304626465,,,,,,
,95099,,8.423328399658203,,,,,,,
,95149,,,354.4483184814453,,,,,,
,95149,,0.5764961242675781,,,,,,,
,95199,,,347.14627265930176,,,,,,
,95199,,7.778406143188477,,,,,,,
,95249,,,347.90539741516113,,,,,,
,95249,,0.6144046783447266,,,,,,,
,95299,,,347.64695167541504,,,,,,
,95299,,8.411884307861328,,,,,,,
,95349,,,344.419002532959,,,,,,
,95349,,0.5757808685302734,,,,,,,
,95399,,,347.0785617828369,,,,,,
,95399,,7.781982421875,,,,,,,
,95449,,,347.00751304626465,,,,,,
,95449,,0.6005764007568359,,,,,,,
,95499,,,372.99227714538574,,,,,,
,95499,,8.198022842407227,,,,,,,
,95549,,,373.28457832336426,,,,,,
,95549,,0.5965232849121094,,,,,,,
,95599,,,387.0980739593506,,,,,,
,95599,,7.821083068847656,,,,,,,
,95649,,,377.5203227996826,,,,,,
,95649,,0.6031990051269531,,,,,,,
,95699,,,375.20861625671387,,,,,,
,95699,,8.467674255371094,,,,,,,
,95749,,,407.7634811401367,,,,,,
,95749,,0.5877017974853516,,,,,,,
,95799,,,376.96146965026855,,,,,,
,95799,,7.781028747558594,,,,,,,
,95849,,,382.05695152282715,,,,,,
,95849,,0.5967617034912109,,,,,,,
,95899,,,370.90539932250977,,,,,,
,95899,,8.310794830322266,,,,,,,
,95949,,,371.6297149658203,,,,,,
,95949,,0.5774497985839844,,,,,,,
,95999,,,372.3456859588623,,,,,,
,95999,,7.769107818603516,,,,,,,
,96049,,,371.9351291656494,,,,,,
,96049,,0.5660057067871094,,,,,,,
,96099,,,372.10702896118164,,,,,,
,96099,,8.301734924316406,,,,,,,
,96149,,,372.0705509185791,,,,,,
,96149,,0.579833984375,,,,,,,
,96199,,,371.3550567626953,,,,,,
,96199,,7.768869400024414,,,,,,,
,96249,,,371.56081199645996,,,,,,
,96249,,0.5855560302734375,,,,,,,
,96299,,,369.8105812072754,,,,,,
,96299,,8.258342742919922,,,,,,,
,96349,,,371.9475269317627,,,,,,
,96349,,0.5719661712646484,,,,,,,
,96399,,,372.6229667663574,,,,,,
,96399,,7.790327072143555,,,,,,,
,96449,,,353.9273738861084,,,,,,
,96449,,0.5705356597900391,,,,,,,
,96499,,,344.9428081512451,,,,,,
,96499,,8.216381072998047,,,,,,,
,96549,,,348.32024574279785,,,,,,
,96549,,0.6222724914550781,,,,,,,
,96599,,,351.26662254333496,,,,,,
,96599,,7.9059600830078125,,,,,,,
,96649,,,353.7123203277588,,,,,,
,96649,,0.6003379821777344,,,,,,,
,96699,,,419.4447994232178,,,,,,
,96699,,8.474111557006836,,,,,,,
