[2026-02-16 06:33:50,494][rl4co.utils.utils][INFO] - Enforcing tags! <cfg.extras.enforce_tags=True>
[2026-02-16 06:33:50,497][rl4co.utils.utils][INFO] - Printing config tree with Rich! <cfg.extras.print_config=True>
[2026-02-16 06:33:50,535][rl4co.tasks.train][INFO] - Instantiating environment <rl4co.envs.TSPEnv>
[2026-02-16 06:33:54,320][rl4co.tasks.train][INFO] - Instantiating model <rl4co.models.POMO>
[2026-02-16 06:33:54,383][rl4co.models.nn.attention][INFO] - Using default scaled_dot_product_attention for PointerAttention
[2026-02-16 06:33:54,402][rl4co.data.transforms][INFO] - Features not passed, defaulting to 'locs'
[2026-02-16 06:33:54,403][rl4co.tasks.train][INFO] - Instantiating callbacks...
[2026-02-16 06:33:54,403][rl4co.utils.instantiators][INFO] - Instantiating callback <lightning.pytorch.callbacks.ModelCheckpoint>
[2026-02-16 06:33:54,406][rl4co.utils.instantiators][INFO] - Instantiating callback <lightning.pytorch.callbacks.RichModelSummary>
[2026-02-16 06:33:54,406][rl4co.utils.instantiators][INFO] - Instantiating callback <lightning.pytorch.callbacks.RichProgressBar>
[2026-02-16 06:33:54,407][rl4co.utils.instantiators][INFO] - Instantiating callback <rl4co.utils.callbacks.speed_monitor.SpeedMonitor>
[2026-02-16 06:33:54,408][rl4co.tasks.train][INFO] - Instantiating loggers...
[2026-02-16 06:33:54,408][rl4co.tasks.train][INFO] - Instantiating trainer...
[2026-02-16 06:33:54,412][rl4co.utils.trainer][INFO] - Configuring DDP strategy automatically with 6 GPUs
[2026-02-16 06:33:54,418][rl4co.tasks.train][INFO] - Starting training!
[2026-02-16 06:34:02,819][rl4co.models.rl.common.base][INFO] - Setting up batch sizes for train/val/test
[2026-02-16 06:34:02,819][rl4co.models.rl.common.base][INFO] - Generating default datasets. If found, they will not be overwritten
[2026-02-16 06:34:02,825][rl4co.data.generate_data][INFO] - Saving tsp dataset to data/tsp/tsp20_val_seed4321.npz
[2026-02-16 06:34:02,844][rl4co.data.generate_data][INFO] - Saving tsp dataset to data/tsp/tsp50_val_seed4321.npz
[2026-02-16 06:34:02,888][rl4co.data.generate_data][INFO] - Saving tsp dataset to data/tsp/tsp100_val_seed4321.npz
[2026-02-16 06:34:02,968][rl4co.data.generate_data][INFO] - Saving vrp dataset to data/vrp/vrp100_val_seed4321.npz
[2026-02-16 06:34:03,073][rl4co.data.generate_data][INFO] - Saving pctsp dataset to data/pctsp/pctsp100_val_seed4321.npz
[2026-02-16 06:34:03,129][rl4co.data.generate_data][INFO] - Saving op dataset to data/op/op_unif20_val_seed4321.npz
[2026-02-16 06:34:03,156][rl4co.data.generate_data][INFO] - Saving op dataset to data/op/op_unif50_val_seed4321.npz
[2026-02-16 06:34:03,212][rl4co.data.generate_data][INFO] - Saving op dataset to data/op/op_unif100_val_seed4321.npz
[2026-02-16 06:34:03,308][rl4co.data.generate_data][INFO] - Saving op dataset to data/op/op_dist100_val_seed4321.npz
[2026-02-16 06:34:03,367][rl4co.data.generate_data][INFO] - Saving pdp dataset to data/pdp/pdp100_val_seed4321.npz
[2026-02-16 06:34:03,850][rl4co.data.generate_data][INFO] - Saving atsp dataset to data/atsp/atsp20_val_seed4321.npz
[2026-02-16 06:34:11,458][rl4co.data.generate_data][INFO] - Saving atsp dataset to data/atsp/atsp50_val_seed4321.npz
[2026-02-16 06:38:40,132][rl4co.utils.utils][INFO] - Enforcing tags! <cfg.extras.enforce_tags=True>
[2026-02-16 06:38:40,135][rl4co.utils.utils][INFO] - Printing config tree with Rich! <cfg.extras.print_config=True>
[2026-02-16 06:38:40,171][rl4co.tasks.train][INFO] - Instantiating environment <rl4co.envs.TSPEnv>
[2026-02-16 06:38:43,988][rl4co.tasks.train][INFO] - Instantiating model <rl4co.models.POMO>
[2026-02-16 06:38:44,037][rl4co.models.nn.attention][INFO] - Using default scaled_dot_product_attention for PointerAttention
[2026-02-16 06:38:44,058][rl4co.data.transforms][INFO] - Features not passed, defaulting to 'locs'
[2026-02-16 06:38:44,058][rl4co.tasks.train][INFO] - Instantiating callbacks...
[2026-02-16 06:38:44,059][rl4co.utils.instantiators][INFO] - Instantiating callback <lightning.pytorch.callbacks.ModelCheckpoint>
[2026-02-16 06:38:44,062][rl4co.utils.instantiators][INFO] - Instantiating callback <lightning.pytorch.callbacks.RichModelSummary>
[2026-02-16 06:38:44,062][rl4co.utils.instantiators][INFO] - Instantiating callback <lightning.pytorch.callbacks.RichProgressBar>
[2026-02-16 06:38:44,063][rl4co.utils.instantiators][INFO] - Instantiating callback <rl4co.utils.callbacks.speed_monitor.SpeedMonitor>
[2026-02-16 06:38:44,064][rl4co.tasks.train][INFO] - Instantiating loggers...
[2026-02-16 06:38:44,064][rl4co.tasks.train][INFO] - Instantiating trainer...
[2026-02-16 06:38:44,074][rl4co.tasks.train][INFO] - Starting training!
[2026-02-16 06:38:44,246][rl4co.models.rl.common.base][INFO] - Setting up batch sizes for train/val/test
[2026-02-16 06:38:44,247][rl4co.models.rl.common.base][INFO] - Generating default datasets. If found, they will not be overwritten
[2026-02-16 06:39:41,044][rl4co.data.generate_data][INFO] - Saving atsp dataset to data/atsp/atsp100_test_seed1234.npz
[2026-02-16 06:39:41,376][rl4co.models.rl.common.base][INFO] - Setting up datasets
[2026-02-16 06:39:42,033][rl4co.envs.common.base][INFO] - Loading val dataset from /data1/gushengda/eam-rl4co/data/tsp/tsp100_val_seed4321.npz
[2026-02-16 06:39:42,067][rl4co.envs.common.base][INFO] - Loading test dataset from /data1/gushengda/eam-rl4co/data/tsp/tsp100_test_seed1234.npz
[2026-02-16 06:39:42,198][rl4co.models.rl.common.base][INFO] - Instantiating optimizer <Adam>
[2026-02-16 06:39:42,198][rl4co.models.rl.common.base][INFO] - Instantiating LR scheduler <MultiStepLR>
[2026-02-16 06:47:05,787][rl4co.models.rl.common.base][INFO] - Generating training dataset for next epoch...
[2026-02-16 07:11:15,150][rl4co.utils.utils][INFO] - Enforcing tags! <cfg.extras.enforce_tags=True>
[2026-02-16 07:11:15,153][rl4co.utils.utils][INFO] - Printing config tree with Rich! <cfg.extras.print_config=True>
[2026-02-16 07:11:15,190][rl4co.tasks.train][INFO] - Instantiating environment <rl4co.envs.TSPEnv>
[2026-02-16 07:11:19,018][rl4co.tasks.train][INFO] - Instantiating model <rl4co.models.POMO>
[2026-02-16 07:11:19,067][rl4co.models.nn.attention][INFO] - Using default scaled_dot_product_attention for PointerAttention
[2026-02-16 07:11:19,088][rl4co.data.transforms][INFO] - Features not passed, defaulting to 'locs'
[2026-02-16 07:11:19,088][rl4co.tasks.train][INFO] - Instantiating callbacks...
[2026-02-16 07:11:19,088][rl4co.utils.instantiators][INFO] - Instantiating callback <lightning.pytorch.callbacks.ModelCheckpoint>
[2026-02-16 07:11:19,092][rl4co.utils.instantiators][INFO] - Instantiating callback <lightning.pytorch.callbacks.RichModelSummary>
[2026-02-16 07:11:19,092][rl4co.utils.instantiators][INFO] - Instantiating callback <lightning.pytorch.callbacks.RichProgressBar>
[2026-02-16 07:11:19,093][rl4co.utils.instantiators][INFO] - Instantiating callback <rl4co.utils.callbacks.speed_monitor.SpeedMonitor>
[2026-02-16 07:11:19,093][rl4co.tasks.train][INFO] - Instantiating loggers...
[2026-02-16 07:11:19,093][rl4co.utils.instantiators][INFO] - Instantiating logger <lightning.pytorch.loggers.csv_logs.CSVLogger>
[2026-02-16 07:11:19,095][rl4co.tasks.train][INFO] - Instantiating trainer...
[2026-02-16 07:11:19,100][rl4co.utils.utils][ERROR] - 
Traceback (most recent call last):
  File "/data1/gushengda/anaconda3/envs/rlco1/lib/python3.11/site-packages/hydra/_internal/instantiate/_instantiate2.py", line 92, in _call_target
    return _target_(*args, **kwargs)
           ^^^^^^^^^^^^^^^^^^^^^^^^^
  File "/data1/gushengda/eam-rl4co/rl4co/utils/trainer.py", line 109, in __init__
    super().__init__(
  File "/data1/gushengda/anaconda3/envs/rlco1/lib/python3.11/site-packages/lightning/pytorch/utilities/argparse.py", line 70, in insert_env_defaults
    return fn(self, **kwargs)
           ^^^^^^^^^^^^^^^^^^
  File "/data1/gushengda/anaconda3/envs/rlco1/lib/python3.11/site-packages/lightning/pytorch/trainer/trainer.py", line 426, in __init__
    self._callback_connector.on_trainer_init(
  File "/data1/gushengda/anaconda3/envs/rlco1/lib/python3.11/site-packages/lightning/pytorch/trainer/connectors/callback_connector.py", line 74, in on_trainer_init
    self._configure_progress_bar(enable_progress_bar)
  File "/data1/gushengda/anaconda3/envs/rlco1/lib/python3.11/site-packages/lightning/pytorch/trainer/connectors/callback_connector.py", line 134, in _configure_progress_bar
    raise MisconfigurationException(
lightning.fabric.utilities.exceptions.MisconfigurationException: Trainer was configured with `enable_progress_bar=False` but found `RichProgressBar` in callbacks list.

The above exception was the direct cause of the following exception:

Traceback (most recent call last):
  File "/data1/gushengda/eam-rl4co/rl4co/utils/utils.py", line 41, in wrap
    metric_dict, object_dict = task_func(cfg=cfg)
                               ^^^^^^^^^^^^^^^^^^
  File "/data1/gushengda/eam-rl4co/rl4co/tasks/train.py", line 53, in run
    trainer: RL4COTrainer = hydra.utils.instantiate(
                            ^^^^^^^^^^^^^^^^^^^^^^^^
  File "/data1/gushengda/anaconda3/envs/rlco1/lib/python3.11/site-packages/hydra/_internal/instantiate/_instantiate2.py", line 226, in instantiate
    return instantiate_node(
           ^^^^^^^^^^^^^^^^^
  File "/data1/gushengda/anaconda3/envs/rlco1/lib/python3.11/site-packages/hydra/_internal/instantiate/_instantiate2.py", line 347, in instantiate_node
    return _call_target(_target_, partial, args, kwargs, full_key)
           ^^^^^^^^^^^^^^^^^^^^^^^^^^^^^^^^^^^^^^^^^^^^^^^^^^^^^^^
  File "/data1/gushengda/anaconda3/envs/rlco1/lib/python3.11/site-packages/hydra/_internal/instantiate/_instantiate2.py", line 97, in _call_target
    raise InstantiationException(msg) from e
hydra.errors.InstantiationException: Error in call to target 'rl4co.utils.trainer.RL4COTrainer':
MisconfigurationException('Trainer was configured with `enable_progress_bar=False` but found `RichProgressBar` in callbacks list.')
full_key: trainer
[2026-02-16 07:11:19,103][rl4co.utils.utils][INFO] - Output dir: /data1/gushengda/eam-rl4co/logs/train/runs/2026-02-16_07-11-15
[2026-02-16 07:11:19,103][rl4co.utils.utils][INFO] - Closing loggers...
[2026-02-16 07:14:54,946][rl4co.utils.utils][INFO] - Enforcing tags! <cfg.extras.enforce_tags=True>
[2026-02-16 07:14:54,950][rl4co.utils.utils][INFO] - Printing config tree with Rich! <cfg.extras.print_config=True>
[2026-02-16 07:14:54,987][rl4co.tasks.train][INFO] - Instantiating environment <rl4co.envs.TSPEnv>
[2026-02-16 07:14:58,777][rl4co.tasks.train][INFO] - Instantiating model <rl4co.models.POMO>
[2026-02-16 07:14:58,824][rl4co.models.nn.attention][INFO] - Using default scaled_dot_product_attention for PointerAttention
[2026-02-16 07:14:58,845][rl4co.data.transforms][INFO] - Features not passed, defaulting to 'locs'
[2026-02-16 07:14:58,845][rl4co.tasks.train][INFO] - Instantiating callbacks...
[2026-02-16 07:14:58,845][rl4co.utils.instantiators][INFO] - Instantiating callback <lightning.pytorch.callbacks.ModelCheckpoint>
[2026-02-16 07:14:58,848][rl4co.utils.instantiators][INFO] - Instantiating callback <lightning.pytorch.callbacks.RichModelSummary>
[2026-02-16 07:14:58,849][rl4co.utils.instantiators][INFO] - Instantiating callback <rl4co.utils.callbacks.speed_monitor.SpeedMonitor>
[2026-02-16 07:14:58,850][rl4co.tasks.train][INFO] - Instantiating loggers...
[2026-02-16 07:14:58,850][rl4co.utils.instantiators][INFO] - Instantiating logger <lightning.pytorch.loggers.csv_logs.CSVLogger>
[2026-02-16 07:14:58,851][rl4co.tasks.train][INFO] - Instantiating trainer...
[2026-02-16 07:14:58,861][rl4co.tasks.train][INFO] - Logging hyperparameters!
[2026-02-16 07:14:58,862][rl4co.tasks.train][INFO] - Starting training!
[2026-02-16 07:14:58,934][rl4co.models.rl.common.base][INFO] - Setting up batch sizes for train/val/test
[2026-02-16 07:14:58,934][rl4co.models.rl.common.base][INFO] - Generating default datasets. If found, they will not be overwritten
[2026-02-16 07:14:58,935][rl4co.models.rl.common.base][INFO] - Setting up datasets
[2026-02-16 07:14:59,751][rl4co.envs.common.base][INFO] - Loading val dataset from /data1/gushengda/eam-rl4co/data/tsp/tsp100_val_seed4321.npz
[2026-02-16 07:14:59,802][rl4co.envs.common.base][INFO] - Loading test dataset from /data1/gushengda/eam-rl4co/data/tsp/tsp100_test_seed1234.npz
[2026-02-16 07:14:59,966][rl4co.models.rl.common.base][INFO] - Instantiating optimizer <Adam>
[2026-02-16 07:14:59,967][rl4co.models.rl.common.base][INFO] - Instantiating LR scheduler <MultiStepLR>
[2026-02-16 07:22:26,100][rl4co.models.rl.common.base][INFO] - Generating training dataset for next epoch...
[2026-02-16 07:29:49,130][rl4co.models.rl.common.base][INFO] - Generating training dataset for next epoch...
[2026-02-16 07:37:12,370][rl4co.models.rl.common.base][INFO] - Generating training dataset for next epoch...
[2026-02-16 07:44:34,052][rl4co.models.rl.common.base][INFO] - Generating training dataset for next epoch...
[2026-02-16 07:51:56,471][rl4co.models.rl.common.base][INFO] - Generating training dataset for next epoch...
[2026-02-16 08:03:56,342][rl4co.utils.utils][INFO] - Enforcing tags! <cfg.extras.enforce_tags=True>
[2026-02-16 08:03:56,345][rl4co.utils.utils][INFO] - Printing config tree with Rich! <cfg.extras.print_config=True>
[2026-02-16 08:03:56,382][rl4co.tasks.train][INFO] - Instantiating environment <rl4co.envs.TSPEnv>
[2026-02-16 08:04:00,101][rl4co.tasks.train][INFO] - Instantiating model <rl4co.models.POMO>
[2026-02-16 08:04:00,152][rl4co.models.nn.attention][INFO] - Using default scaled_dot_product_attention for PointerAttention
[2026-02-16 08:04:00,172][rl4co.data.transforms][INFO] - Features not passed, defaulting to 'locs'
[2026-02-16 08:04:00,173][rl4co.tasks.train][INFO] - Instantiating callbacks...
[2026-02-16 08:04:00,173][rl4co.utils.instantiators][INFO] - Instantiating callback <lightning.pytorch.callbacks.ModelCheckpoint>
[2026-02-16 08:04:00,176][rl4co.utils.instantiators][INFO] - Instantiating callback <lightning.pytorch.callbacks.RichModelSummary>
[2026-02-16 08:04:00,177][rl4co.utils.instantiators][INFO] - Instantiating callback <rl4co.utils.callbacks.speed_monitor.SpeedMonitor>
[2026-02-16 08:04:00,177][rl4co.tasks.train][INFO] - Instantiating loggers...
[2026-02-16 08:04:00,178][rl4co.utils.instantiators][INFO] - Instantiating logger <lightning.pytorch.loggers.csv_logs.CSVLogger>
[2026-02-16 08:04:00,179][rl4co.tasks.train][INFO] - Instantiating trainer...
[2026-02-16 08:04:00,188][rl4co.tasks.train][INFO] - Logging hyperparameters!
[2026-02-16 08:04:00,190][rl4co.tasks.train][INFO] - Starting training!
[2026-02-16 08:04:00,274][rl4co.models.rl.common.base][INFO] - Setting up batch sizes for train/val/test
[2026-02-16 08:04:00,275][rl4co.models.rl.common.base][INFO] - Generating default datasets. If found, they will not be overwritten
[2026-02-16 08:04:00,275][rl4co.models.rl.common.base][INFO] - Setting up datasets
[2026-02-16 08:04:00,864][rl4co.envs.common.base][INFO] - Loading val dataset from /data1/gushengda/eam-rl4co/data/tsp/tsp100_val_seed4321.npz
[2026-02-16 08:04:00,897][rl4co.envs.common.base][INFO] - Loading test dataset from /data1/gushengda/eam-rl4co/data/tsp/tsp100_test_seed1234.npz
[2026-02-16 08:04:01,043][rl4co.models.rl.common.base][INFO] - Instantiating optimizer <Adam>
[2026-02-16 08:04:01,044][rl4co.models.rl.common.base][INFO] - Instantiating LR scheduler <MultiStepLR>
[2026-02-16 08:11:49,293][rl4co.models.rl.common.base][INFO] - Generating training dataset for next epoch...
[2026-02-16 08:19:17,312][rl4co.models.rl.common.base][INFO] - Generating training dataset for next epoch...
[2026-02-16 08:19:33,761][rl4co.utils.utils][INFO] - Enforcing tags! <cfg.extras.enforce_tags=True>
[2026-02-16 08:19:33,764][rl4co.utils.utils][INFO] - Printing config tree with Rich! <cfg.extras.print_config=True>
[2026-02-16 08:19:33,800][rl4co.tasks.train][INFO] - Instantiating environment <rl4co.envs.TSPEnv>
[2026-02-16 08:19:37,669][rl4co.tasks.train][INFO] - Instantiating model <rl4co.models.POMO>
[2026-02-16 08:19:37,737][rl4co.data.transforms][INFO] - Features not passed, defaulting to 'locs'
[2026-02-16 08:19:37,737][rl4co.tasks.train][INFO] - Instantiating callbacks...
[2026-02-16 08:19:37,737][rl4co.utils.instantiators][INFO] - Instantiating callback <lightning.pytorch.callbacks.ModelCheckpoint>
[2026-02-16 08:19:37,741][rl4co.utils.instantiators][INFO] - Instantiating callback <lightning.pytorch.callbacks.RichModelSummary>
[2026-02-16 08:19:37,741][rl4co.utils.instantiators][INFO] - Instantiating callback <rl4co.utils.callbacks.speed_monitor.SpeedMonitor>
[2026-02-16 08:19:37,742][rl4co.tasks.train][INFO] - Instantiating loggers...
[2026-02-16 08:19:37,742][rl4co.utils.instantiators][INFO] - Instantiating logger <lightning.pytorch.loggers.csv_logs.CSVLogger>
[2026-02-16 08:19:37,744][rl4co.tasks.train][INFO] - Instantiating trainer...
[2026-02-16 08:19:37,747][rl4co.utils.trainer][WARNING] - gradient_clip_val is set to None. This may lead to unstable training.
[2026-02-16 08:19:37,754][rl4co.tasks.train][INFO] - Logging hyperparameters!
[2026-02-16 08:19:37,755][rl4co.tasks.train][INFO] - Starting training!
[2026-02-16 08:19:37,826][rl4co.models.rl.common.base][INFO] - Setting up batch sizes for train/val/test
[2026-02-16 08:19:37,826][rl4co.models.rl.common.base][INFO] - Generating default datasets. If found, they will not be overwritten
[2026-02-16 08:19:37,826][rl4co.models.rl.common.base][INFO] - Setting up datasets
[2026-02-16 08:19:38,619][rl4co.envs.common.base][INFO] - Loading val dataset from /data1/gushengda/eam-rl4co/data/tsp/tsp100_val_seed4321.npz
[2026-02-16 08:19:38,670][rl4co.envs.common.base][INFO] - Loading test dataset from /data1/gushengda/eam-rl4co/data/tsp/tsp100_test_seed1234.npz
[2026-02-16 08:19:38,879][rl4co.models.rl.common.base][INFO] - Instantiating optimizer <Adam>
[2026-02-16 08:19:38,880][rl4co.models.rl.common.base][INFO] - Instantiating LR scheduler <MultiStepLR>
[2026-02-16 08:19:39,172][rl4co.utils.utils][ERROR] - 
Traceback (most recent call last):
  File "/data1/gushengda/eam-rl4co/rl4co/utils/utils.py", line 41, in wrap
    metric_dict, object_dict = task_func(cfg=cfg)
                               ^^^^^^^^^^^^^^^^^^
  File "/data1/gushengda/eam-rl4co/rl4co/tasks/train.py", line 77, in run
    trainer.fit(model=model, ckpt_path=cfg.get("ckpt_path"))
  File "/data1/gushengda/eam-rl4co/rl4co/utils/trainer.py", line 146, in fit
    super().fit(
  File "/data1/gushengda/anaconda3/envs/rlco1/lib/python3.11/site-packages/lightning/pytorch/trainer/trainer.py", line 539, in fit
    call._call_and_handle_interrupt(
  File "/data1/gushengda/anaconda3/envs/rlco1/lib/python3.11/site-packages/lightning/pytorch/trainer/call.py", line 47, in _call_and_handle_interrupt
    return trainer_fn(*args, **kwargs)
           ^^^^^^^^^^^^^^^^^^^^^^^^^^^
  File "/data1/gushengda/anaconda3/envs/rlco1/lib/python3.11/site-packages/lightning/pytorch/trainer/trainer.py", line 575, in _fit_impl
    self._run(model, ckpt_path=ckpt_path)
  File "/data1/gushengda/anaconda3/envs/rlco1/lib/python3.11/site-packages/lightning/pytorch/trainer/trainer.py", line 982, in _run
    results = self._run_stage()
              ^^^^^^^^^^^^^^^^^
  File "/data1/gushengda/anaconda3/envs/rlco1/lib/python3.11/site-packages/lightning/pytorch/trainer/trainer.py", line 1024, in _run_stage
    self._run_sanity_check()
  File "/data1/gushengda/anaconda3/envs/rlco1/lib/python3.11/site-packages/lightning/pytorch/trainer/trainer.py", line 1053, in _run_sanity_check
    val_loop.run()
  File "/data1/gushengda/anaconda3/envs/rlco1/lib/python3.11/site-packages/lightning/pytorch/loops/utilities.py", line 179, in _decorator
    return loop_run(self, *args, **kwargs)
           ^^^^^^^^^^^^^^^^^^^^^^^^^^^^^^^
  File "/data1/gushengda/anaconda3/envs/rlco1/lib/python3.11/site-packages/lightning/pytorch/loops/evaluation_loop.py", line 144, in run
    self._evaluation_step(batch, batch_idx, dataloader_idx, dataloader_iter)
  File "/data1/gushengda/anaconda3/envs/rlco1/lib/python3.11/site-packages/lightning/pytorch/loops/evaluation_loop.py", line 433, in _evaluation_step
    output = call._call_strategy_hook(trainer, hook_name, *step_args)
             ^^^^^^^^^^^^^^^^^^^^^^^^^^^^^^^^^^^^^^^^^^^^^^^^^^^^^^^^
  File "/data1/gushengda/anaconda3/envs/rlco1/lib/python3.11/site-packages/lightning/pytorch/trainer/call.py", line 323, in _call_strategy_hook
    output = fn(*args, **kwargs)
             ^^^^^^^^^^^^^^^^^^^
  File "/data1/gushengda/anaconda3/envs/rlco1/lib/python3.11/site-packages/lightning/pytorch/strategies/strategy.py", line 412, in validation_step
    return self.lightning_module.validation_step(*args, **kwargs)
           ^^^^^^^^^^^^^^^^^^^^^^^^^^^^^^^^^^^^^^^^^^^^^^^^^^^^^^
  File "/data1/gushengda/eam-rl4co/rl4co/models/rl/common/base.py", line 261, in validation_step
    return self.shared_step(
           ^^^^^^^^^^^^^^^^^
  File "/data1/gushengda/eam-rl4co/rl4co/models/zoo/pomo/model.py", line 150, in shared_step
    out = self.policy(td, self.env, phase=phase, num_starts=n_start)
          ^^^^^^^^^^^^^^^^^^^^^^^^^^^^^^^^^^^^^^^^^^^^^^^^^^^^^^^^^^
  File "/data1/gushengda/anaconda3/envs/rlco1/lib/python3.11/site-packages/torch/nn/modules/module.py", line 1736, in _wrapped_call_impl
    return self._call_impl(*args, **kwargs)
           ^^^^^^^^^^^^^^^^^^^^^^^^^^^^^^^^
  File "/data1/gushengda/anaconda3/envs/rlco1/lib/python3.11/site-packages/torch/nn/modules/module.py", line 1747, in _call_impl
    return forward_call(*args, **kwargs)
           ^^^^^^^^^^^^^^^^^^^^^^^^^^^^^
  File "/data1/gushengda/eam-rl4co/rl4co/models/zoo/pomo/po4cops_tsp_policy.py", line 331, in forward
    encoded_first_node = _get_encoding(encoded_nodes, td["current_node"])
                         ^^^^^^^^^^^^^^^^^^^^^^^^^^^^^^^^^^^^^^^^^^^^^^^^
  File "/data1/gushengda/eam-rl4co/rl4co/models/zoo/pomo/po4cops_tsp_policy.py", line 20, in _get_encoding
    picked_nodes = encoded_nodes.gather(dim=1, index=gathering_index)
                   ^^^^^^^^^^^^^^^^^^^^^^^^^^^^^^^^^^^^^^^^^^^^^^^^^^
RuntimeError: Index tensor must have the same number of dimensions as input tensor
[2026-02-16 08:19:39,178][rl4co.utils.utils][INFO] - Output dir: /data1/gushengda/eam-rl4co/logs/train/runs/2026-02-16_08-19-33
[2026-02-16 08:19:39,178][rl4co.utils.utils][INFO] - Closing loggers...
[2026-02-16 08:25:53,700][rl4co.utils.utils][INFO] - Enforcing tags! <cfg.extras.enforce_tags=True>
[2026-02-16 08:25:53,703][rl4co.utils.utils][INFO] - Printing config tree with Rich! <cfg.extras.print_config=True>
[2026-02-16 08:25:53,738][rl4co.tasks.train][INFO] - Instantiating environment <rl4co.envs.TSPEnv>
[2026-02-16 08:25:57,556][rl4co.tasks.train][INFO] - Instantiating model <rl4co.models.POMO>
[2026-02-16 08:25:57,627][rl4co.data.transforms][INFO] - Features not passed, defaulting to 'locs'
[2026-02-16 08:25:57,627][rl4co.tasks.train][INFO] - Instantiating callbacks...
[2026-02-16 08:25:57,627][rl4co.utils.instantiators][INFO] - Instantiating callback <lightning.pytorch.callbacks.ModelCheckpoint>
[2026-02-16 08:25:57,631][rl4co.utils.instantiators][INFO] - Instantiating callback <lightning.pytorch.callbacks.RichModelSummary>
[2026-02-16 08:25:57,632][rl4co.utils.instantiators][INFO] - Instantiating callback <rl4co.utils.callbacks.speed_monitor.SpeedMonitor>
[2026-02-16 08:25:57,632][rl4co.tasks.train][INFO] - Instantiating loggers...
[2026-02-16 08:25:57,633][rl4co.utils.instantiators][INFO] - Instantiating logger <lightning.pytorch.loggers.csv_logs.CSVLogger>
[2026-02-16 08:25:57,635][rl4co.tasks.train][INFO] - Instantiating trainer...
[2026-02-16 08:25:57,638][rl4co.utils.trainer][WARNING] - gradient_clip_val is set to None. This may lead to unstable training.
[2026-02-16 08:25:57,644][rl4co.tasks.train][INFO] - Logging hyperparameters!
[2026-02-16 08:25:57,646][rl4co.tasks.train][INFO] - Starting training!
[2026-02-16 08:25:57,718][rl4co.models.rl.common.base][INFO] - Setting up batch sizes for train/val/test
[2026-02-16 08:25:57,719][rl4co.models.rl.common.base][INFO] - Generating default datasets. If found, they will not be overwritten
[2026-02-16 08:25:57,719][rl4co.models.rl.common.base][INFO] - Setting up datasets
[2026-02-16 08:25:58,396][rl4co.envs.common.base][INFO] - Loading val dataset from /data1/gushengda/eam-rl4co/data/tsp/tsp100_val_seed4321.npz
[2026-02-16 08:25:58,429][rl4co.envs.common.base][INFO] - Loading test dataset from /data1/gushengda/eam-rl4co/data/tsp/tsp100_test_seed1234.npz
[2026-02-16 08:25:58,630][rl4co.models.rl.common.base][INFO] - Instantiating optimizer <Adam>
[2026-02-16 08:25:58,630][rl4co.models.rl.common.base][INFO] - Instantiating LR scheduler <MultiStepLR>
[2026-02-16 08:25:58,891][rl4co.utils.utils][ERROR] - 
Traceback (most recent call last):
  File "/data1/gushengda/eam-rl4co/rl4co/utils/utils.py", line 41, in wrap
    metric_dict, object_dict = task_func(cfg=cfg)
                               ^^^^^^^^^^^^^^^^^^
  File "/data1/gushengda/eam-rl4co/rl4co/tasks/train.py", line 77, in run
    trainer.fit(model=model, ckpt_path=cfg.get("ckpt_path"))
  File "/data1/gushengda/eam-rl4co/rl4co/utils/trainer.py", line 146, in fit
    super().fit(
  File "/data1/gushengda/anaconda3/envs/rlco1/lib/python3.11/site-packages/lightning/pytorch/trainer/trainer.py", line 539, in fit
    call._call_and_handle_interrupt(
  File "/data1/gushengda/anaconda3/envs/rlco1/lib/python3.11/site-packages/lightning/pytorch/trainer/call.py", line 47, in _call_and_handle_interrupt
    return trainer_fn(*args, **kwargs)
           ^^^^^^^^^^^^^^^^^^^^^^^^^^^
  File "/data1/gushengda/anaconda3/envs/rlco1/lib/python3.11/site-packages/lightning/pytorch/trainer/trainer.py", line 575, in _fit_impl
    self._run(model, ckpt_path=ckpt_path)
  File "/data1/gushengda/anaconda3/envs/rlco1/lib/python3.11/site-packages/lightning/pytorch/trainer/trainer.py", line 982, in _run
    results = self._run_stage()
              ^^^^^^^^^^^^^^^^^
  File "/data1/gushengda/anaconda3/envs/rlco1/lib/python3.11/site-packages/lightning/pytorch/trainer/trainer.py", line 1024, in _run_stage
    self._run_sanity_check()
  File "/data1/gushengda/anaconda3/envs/rlco1/lib/python3.11/site-packages/lightning/pytorch/trainer/trainer.py", line 1053, in _run_sanity_check
    val_loop.run()
  File "/data1/gushengda/anaconda3/envs/rlco1/lib/python3.11/site-packages/lightning/pytorch/loops/utilities.py", line 179, in _decorator
    return loop_run(self, *args, **kwargs)
           ^^^^^^^^^^^^^^^^^^^^^^^^^^^^^^^
  File "/data1/gushengda/anaconda3/envs/rlco1/lib/python3.11/site-packages/lightning/pytorch/loops/evaluation_loop.py", line 144, in run
    self._evaluation_step(batch, batch_idx, dataloader_idx, dataloader_iter)
  File "/data1/gushengda/anaconda3/envs/rlco1/lib/python3.11/site-packages/lightning/pytorch/loops/evaluation_loop.py", line 433, in _evaluation_step
    output = call._call_strategy_hook(trainer, hook_name, *step_args)
             ^^^^^^^^^^^^^^^^^^^^^^^^^^^^^^^^^^^^^^^^^^^^^^^^^^^^^^^^
  File "/data1/gushengda/anaconda3/envs/rlco1/lib/python3.11/site-packages/lightning/pytorch/trainer/call.py", line 323, in _call_strategy_hook
    output = fn(*args, **kwargs)
             ^^^^^^^^^^^^^^^^^^^
  File "/data1/gushengda/anaconda3/envs/rlco1/lib/python3.11/site-packages/lightning/pytorch/strategies/strategy.py", line 412, in validation_step
    return self.lightning_module.validation_step(*args, **kwargs)
           ^^^^^^^^^^^^^^^^^^^^^^^^^^^^^^^^^^^^^^^^^^^^^^^^^^^^^^
  File "/data1/gushengda/eam-rl4co/rl4co/models/rl/common/base.py", line 261, in validation_step
    return self.shared_step(
           ^^^^^^^^^^^^^^^^^
  File "/data1/gushengda/eam-rl4co/rl4co/models/zoo/pomo/model.py", line 150, in shared_step
    out = self.policy(td, self.env, phase=phase, num_starts=n_start)
          ^^^^^^^^^^^^^^^^^^^^^^^^^^^^^^^^^^^^^^^^^^^^^^^^^^^^^^^^^^
  File "/data1/gushengda/anaconda3/envs/rlco1/lib/python3.11/site-packages/torch/nn/modules/module.py", line 1736, in _wrapped_call_impl
    return self._call_impl(*args, **kwargs)
           ^^^^^^^^^^^^^^^^^^^^^^^^^^^^^^^^
  File "/data1/gushengda/anaconda3/envs/rlco1/lib/python3.11/site-packages/torch/nn/modules/module.py", line 1747, in _call_impl
    return forward_call(*args, **kwargs)
           ^^^^^^^^^^^^^^^^^^^^^^^^^^^^^
  File "/data1/gushengda/eam-rl4co/rl4co/models/zoo/pomo/po4cops_tsp_policy.py", line 331, in forward
    encoded_first_node = _get_encoding(encoded_nodes, td["current_node"])
                         ^^^^^^^^^^^^^^^^^^^^^^^^^^^^^^^^^^^^^^^^^^^^^^^^
  File "/data1/gushengda/eam-rl4co/rl4co/models/zoo/pomo/po4cops_tsp_policy.py", line 20, in _get_encoding
    picked_nodes = encoded_nodes.gather(dim=1, index=gathering_index)
                   ^^^^^^^^^^^^^^^^^^^^^^^^^^^^^^^^^^^^^^^^^^^^^^^^^^
RuntimeError: Index tensor must have the same number of dimensions as input tensor
[2026-02-16 08:25:58,898][rl4co.utils.utils][INFO] - Output dir: /data1/gushengda/eam-rl4co/logs/train/runs/2026-02-16_08-25-53
[2026-02-16 08:25:58,899][rl4co.utils.utils][INFO] - Closing loggers...
[2026-02-16 08:37:33,360][rl4co.utils.utils][INFO] - Enforcing tags! <cfg.extras.enforce_tags=True>
[2026-02-16 08:37:33,363][rl4co.utils.utils][INFO] - Printing config tree with Rich! <cfg.extras.print_config=True>
[2026-02-16 08:37:33,398][rl4co.tasks.train][INFO] - Instantiating environment <rl4co.envs.TSPEnv>
[2026-02-16 08:37:37,114][rl4co.tasks.train][INFO] - Instantiating model <rl4co.models.POMO>
[2026-02-16 08:37:37,185][rl4co.data.transforms][INFO] - Features not passed, defaulting to 'locs'
[2026-02-16 08:37:37,185][rl4co.tasks.train][INFO] - Instantiating callbacks...
[2026-02-16 08:37:37,185][rl4co.utils.instantiators][INFO] - Instantiating callback <lightning.pytorch.callbacks.ModelCheckpoint>
[2026-02-16 08:37:37,189][rl4co.utils.instantiators][INFO] - Instantiating callback <lightning.pytorch.callbacks.RichModelSummary>
[2026-02-16 08:37:37,189][rl4co.utils.instantiators][INFO] - Instantiating callback <rl4co.utils.callbacks.speed_monitor.SpeedMonitor>
[2026-02-16 08:37:37,190][rl4co.tasks.train][INFO] - Instantiating loggers...
[2026-02-16 08:37:37,190][rl4co.utils.instantiators][INFO] - Instantiating logger <lightning.pytorch.loggers.csv_logs.CSVLogger>
[2026-02-16 08:37:37,192][rl4co.tasks.train][INFO] - Instantiating trainer...
[2026-02-16 08:37:37,196][rl4co.utils.trainer][WARNING] - gradient_clip_val is set to None. This may lead to unstable training.
[2026-02-16 08:37:37,202][rl4co.tasks.train][INFO] - Logging hyperparameters!
[2026-02-16 08:37:37,204][rl4co.tasks.train][INFO] - Starting training!
[2026-02-16 08:37:37,278][rl4co.models.rl.common.base][INFO] - Setting up batch sizes for train/val/test
[2026-02-16 08:37:37,278][rl4co.models.rl.common.base][INFO] - Generating default datasets. If found, they will not be overwritten
[2026-02-16 08:37:37,278][rl4co.models.rl.common.base][INFO] - Setting up datasets
[2026-02-16 08:37:37,866][rl4co.envs.common.base][INFO] - Loading val dataset from /data1/gushengda/eam-rl4co/data/tsp/tsp100_val_seed4321.npz
[2026-02-16 08:37:37,897][rl4co.envs.common.base][INFO] - Loading test dataset from /data1/gushengda/eam-rl4co/data/tsp/tsp100_test_seed1234.npz
[2026-02-16 08:37:38,140][rl4co.models.rl.common.base][INFO] - Instantiating optimizer <Adam>
[2026-02-16 08:37:38,141][rl4co.models.rl.common.base][INFO] - Instantiating LR scheduler <MultiStepLR>
[2026-02-16 08:37:38,391][rl4co.utils.utils][ERROR] - 
Traceback (most recent call last):
  File "/data1/gushengda/eam-rl4co/rl4co/utils/utils.py", line 41, in wrap
    metric_dict, object_dict = task_func(cfg=cfg)
                               ^^^^^^^^^^^^^^^^^^
  File "/data1/gushengda/eam-rl4co/rl4co/tasks/train.py", line 77, in run
    trainer.fit(model=model, ckpt_path=cfg.get("ckpt_path"))
  File "/data1/gushengda/eam-rl4co/rl4co/utils/trainer.py", line 146, in fit
    super().fit(
  File "/data1/gushengda/anaconda3/envs/rlco1/lib/python3.11/site-packages/lightning/pytorch/trainer/trainer.py", line 539, in fit
    call._call_and_handle_interrupt(
  File "/data1/gushengda/anaconda3/envs/rlco1/lib/python3.11/site-packages/lightning/pytorch/trainer/call.py", line 47, in _call_and_handle_interrupt
    return trainer_fn(*args, **kwargs)
           ^^^^^^^^^^^^^^^^^^^^^^^^^^^
  File "/data1/gushengda/anaconda3/envs/rlco1/lib/python3.11/site-packages/lightning/pytorch/trainer/trainer.py", line 575, in _fit_impl
    self._run(model, ckpt_path=ckpt_path)
  File "/data1/gushengda/anaconda3/envs/rlco1/lib/python3.11/site-packages/lightning/pytorch/trainer/trainer.py", line 982, in _run
    results = self._run_stage()
              ^^^^^^^^^^^^^^^^^
  File "/data1/gushengda/anaconda3/envs/rlco1/lib/python3.11/site-packages/lightning/pytorch/trainer/trainer.py", line 1024, in _run_stage
    self._run_sanity_check()
  File "/data1/gushengda/anaconda3/envs/rlco1/lib/python3.11/site-packages/lightning/pytorch/trainer/trainer.py", line 1053, in _run_sanity_check
    val_loop.run()
  File "/data1/gushengda/anaconda3/envs/rlco1/lib/python3.11/site-packages/lightning/pytorch/loops/utilities.py", line 179, in _decorator
    return loop_run(self, *args, **kwargs)
           ^^^^^^^^^^^^^^^^^^^^^^^^^^^^^^^
  File "/data1/gushengda/anaconda3/envs/rlco1/lib/python3.11/site-packages/lightning/pytorch/loops/evaluation_loop.py", line 144, in run
    self._evaluation_step(batch, batch_idx, dataloader_idx, dataloader_iter)
  File "/data1/gushengda/anaconda3/envs/rlco1/lib/python3.11/site-packages/lightning/pytorch/loops/evaluation_loop.py", line 433, in _evaluation_step
    output = call._call_strategy_hook(trainer, hook_name, *step_args)
             ^^^^^^^^^^^^^^^^^^^^^^^^^^^^^^^^^^^^^^^^^^^^^^^^^^^^^^^^
  File "/data1/gushengda/anaconda3/envs/rlco1/lib/python3.11/site-packages/lightning/pytorch/trainer/call.py", line 323, in _call_strategy_hook
    output = fn(*args, **kwargs)
             ^^^^^^^^^^^^^^^^^^^
  File "/data1/gushengda/anaconda3/envs/rlco1/lib/python3.11/site-packages/lightning/pytorch/strategies/strategy.py", line 412, in validation_step
    return self.lightning_module.validation_step(*args, **kwargs)
           ^^^^^^^^^^^^^^^^^^^^^^^^^^^^^^^^^^^^^^^^^^^^^^^^^^^^^^
  File "/data1/gushengda/eam-rl4co/rl4co/models/rl/common/base.py", line 261, in validation_step
    return self.shared_step(
           ^^^^^^^^^^^^^^^^^
  File "/data1/gushengda/eam-rl4co/rl4co/models/zoo/pomo/model.py", line 150, in shared_step
    out = self.policy(td, self.env, phase=phase, num_starts=n_start)
          ^^^^^^^^^^^^^^^^^^^^^^^^^^^^^^^^^^^^^^^^^^^^^^^^^^^^^^^^^^
  File "/data1/gushengda/anaconda3/envs/rlco1/lib/python3.11/site-packages/torch/nn/modules/module.py", line 1736, in _wrapped_call_impl
    return self._call_impl(*args, **kwargs)
           ^^^^^^^^^^^^^^^^^^^^^^^^^^^^^^^^
  File "/data1/gushengda/anaconda3/envs/rlco1/lib/python3.11/site-packages/torch/nn/modules/module.py", line 1747, in _call_impl
    return forward_call(*args, **kwargs)
           ^^^^^^^^^^^^^^^^^^^^^^^^^^^^^
  File "/data1/gushengda/eam-rl4co/rl4co/models/zoo/pomo/po4cops_tsp_policy.py", line 360, in forward
    probs = self.decoder(encoded_last_node, ninf_mask)
            ^^^^^^^^^^^^^^^^^^^^^^^^^^^^^^^^^^^^^^^^^^
  File "/data1/gushengda/anaconda3/envs/rlco1/lib/python3.11/site-packages/torch/nn/modules/module.py", line 1736, in _wrapped_call_impl
    return self._call_impl(*args, **kwargs)
           ^^^^^^^^^^^^^^^^^^^^^^^^^^^^^^^^
  File "/data1/gushengda/anaconda3/envs/rlco1/lib/python3.11/site-packages/torch/nn/modules/module.py", line 1747, in _call_impl
    return forward_call(*args, **kwargs)
           ^^^^^^^^^^^^^^^^^^^^^^^^^^^^^
  File "/data1/gushengda/eam-rl4co/rl4co/models/zoo/pomo/po4cops_tsp_policy.py", line 258, in forward
    out = layer(out, ninf_mask)
          ^^^^^^^^^^^^^^^^^^^^^
  File "/data1/gushengda/anaconda3/envs/rlco1/lib/python3.11/site-packages/torch/nn/modules/module.py", line 1736, in _wrapped_call_impl
    return self._call_impl(*args, **kwargs)
           ^^^^^^^^^^^^^^^^^^^^^^^^^^^^^^^^
  File "/data1/gushengda/anaconda3/envs/rlco1/lib/python3.11/site-packages/torch/nn/modules/module.py", line 1747, in _call_impl
    return forward_call(*args, **kwargs)
           ^^^^^^^^^^^^^^^^^^^^^^^^^^^^^
  File "/data1/gushengda/eam-rl4co/rl4co/models/zoo/pomo/po4cops_tsp_policy.py", line 192, in forward
    out_concat = _multi_head_attention(q, self.k, self.v, rank3_ninf_mask=ninf_mask)
                 ^^^^^^^^^^^^^^^^^^^^^^^^^^^^^^^^^^^^^^^^^^^^^^^^^^^^^^^^^^^^^^^^^^^
  File "/data1/gushengda/eam-rl4co/rl4co/models/zoo/pomo/po4cops_tsp_policy.py", line 49, in _multi_head_attention
    score = torch.matmul(q, k.transpose(2, 3))
            ^^^^^^^^^^^^^^^^^^^^^^^^^^^^^^^^^^
RuntimeError: The size of tensor a (51200) must match the size of tensor b (512) at non-singleton dimension 0
[2026-02-16 08:37:38,394][rl4co.utils.utils][INFO] - Output dir: /data1/gushengda/eam-rl4co/logs/train/runs/2026-02-16_08-37-33
[2026-02-16 08:37:38,394][rl4co.utils.utils][INFO] - Closing loggers...
[2026-02-16 08:44:35,250][rl4co.utils.utils][INFO] - Enforcing tags! <cfg.extras.enforce_tags=True>
[2026-02-16 08:44:35,253][rl4co.utils.utils][INFO] - Printing config tree with Rich! <cfg.extras.print_config=True>
[2026-02-16 08:44:35,288][rl4co.tasks.train][INFO] - Instantiating environment <rl4co.envs.TSPEnv>
[2026-02-16 08:44:39,064][rl4co.tasks.train][INFO] - Instantiating model <rl4co.models.POMO>
[2026-02-16 08:44:39,133][rl4co.data.transforms][INFO] - Features not passed, defaulting to 'locs'
[2026-02-16 08:44:39,133][rl4co.tasks.train][INFO] - Instantiating callbacks...
[2026-02-16 08:44:39,133][rl4co.utils.instantiators][INFO] - Instantiating callback <lightning.pytorch.callbacks.ModelCheckpoint>
[2026-02-16 08:44:39,137][rl4co.utils.instantiators][INFO] - Instantiating callback <lightning.pytorch.callbacks.RichModelSummary>
[2026-02-16 08:44:39,137][rl4co.utils.instantiators][INFO] - Instantiating callback <rl4co.utils.callbacks.speed_monitor.SpeedMonitor>
[2026-02-16 08:44:39,138][rl4co.tasks.train][INFO] - Instantiating loggers...
[2026-02-16 08:44:39,138][rl4co.utils.instantiators][INFO] - Instantiating logger <lightning.pytorch.loggers.csv_logs.CSVLogger>
[2026-02-16 08:44:39,140][rl4co.tasks.train][INFO] - Instantiating trainer...
[2026-02-16 08:44:39,144][rl4co.utils.trainer][WARNING] - gradient_clip_val is set to None. This may lead to unstable training.
[2026-02-16 08:44:39,150][rl4co.tasks.train][INFO] - Logging hyperparameters!
[2026-02-16 08:44:39,152][rl4co.tasks.train][INFO] - Starting training!
[2026-02-16 08:44:39,222][rl4co.models.rl.common.base][INFO] - Setting up batch sizes for train/val/test
[2026-02-16 08:44:39,222][rl4co.models.rl.common.base][INFO] - Generating default datasets. If found, they will not be overwritten
[2026-02-16 08:44:39,223][rl4co.models.rl.common.base][INFO] - Setting up datasets
[2026-02-16 08:44:39,815][rl4co.envs.common.base][INFO] - Loading val dataset from /data1/gushengda/eam-rl4co/data/tsp/tsp100_val_seed4321.npz
[2026-02-16 08:44:39,847][rl4co.envs.common.base][INFO] - Loading test dataset from /data1/gushengda/eam-rl4co/data/tsp/tsp100_test_seed1234.npz
[2026-02-16 08:44:40,100][rl4co.models.rl.common.base][INFO] - Instantiating optimizer <Adam>
[2026-02-16 08:44:40,101][rl4co.models.rl.common.base][INFO] - Instantiating LR scheduler <MultiStepLR>
[2026-02-16 08:44:40,443][rl4co.utils.utils][ERROR] - 
Traceback (most recent call last):
  File "/data1/gushengda/eam-rl4co/rl4co/utils/utils.py", line 41, in wrap
    metric_dict, object_dict = task_func(cfg=cfg)
                               ^^^^^^^^^^^^^^^^^^
  File "/data1/gushengda/eam-rl4co/rl4co/tasks/train.py", line 77, in run
    trainer.fit(model=model, ckpt_path=cfg.get("ckpt_path"))
  File "/data1/gushengda/eam-rl4co/rl4co/utils/trainer.py", line 146, in fit
    super().fit(
  File "/data1/gushengda/anaconda3/envs/rlco1/lib/python3.11/site-packages/lightning/pytorch/trainer/trainer.py", line 539, in fit
    call._call_and_handle_interrupt(
  File "/data1/gushengda/anaconda3/envs/rlco1/lib/python3.11/site-packages/lightning/pytorch/trainer/call.py", line 47, in _call_and_handle_interrupt
    return trainer_fn(*args, **kwargs)
           ^^^^^^^^^^^^^^^^^^^^^^^^^^^
  File "/data1/gushengda/anaconda3/envs/rlco1/lib/python3.11/site-packages/lightning/pytorch/trainer/trainer.py", line 575, in _fit_impl
    self._run(model, ckpt_path=ckpt_path)
  File "/data1/gushengda/anaconda3/envs/rlco1/lib/python3.11/site-packages/lightning/pytorch/trainer/trainer.py", line 982, in _run
    results = self._run_stage()
              ^^^^^^^^^^^^^^^^^
  File "/data1/gushengda/anaconda3/envs/rlco1/lib/python3.11/site-packages/lightning/pytorch/trainer/trainer.py", line 1024, in _run_stage
    self._run_sanity_check()
  File "/data1/gushengda/anaconda3/envs/rlco1/lib/python3.11/site-packages/lightning/pytorch/trainer/trainer.py", line 1053, in _run_sanity_check
    val_loop.run()
  File "/data1/gushengda/anaconda3/envs/rlco1/lib/python3.11/site-packages/lightning/pytorch/loops/utilities.py", line 179, in _decorator
    return loop_run(self, *args, **kwargs)
           ^^^^^^^^^^^^^^^^^^^^^^^^^^^^^^^
  File "/data1/gushengda/anaconda3/envs/rlco1/lib/python3.11/site-packages/lightning/pytorch/loops/evaluation_loop.py", line 144, in run
    self._evaluation_step(batch, batch_idx, dataloader_idx, dataloader_iter)
  File "/data1/gushengda/anaconda3/envs/rlco1/lib/python3.11/site-packages/lightning/pytorch/loops/evaluation_loop.py", line 433, in _evaluation_step
    output = call._call_strategy_hook(trainer, hook_name, *step_args)
             ^^^^^^^^^^^^^^^^^^^^^^^^^^^^^^^^^^^^^^^^^^^^^^^^^^^^^^^^
  File "/data1/gushengda/anaconda3/envs/rlco1/lib/python3.11/site-packages/lightning/pytorch/trainer/call.py", line 323, in _call_strategy_hook
    output = fn(*args, **kwargs)
             ^^^^^^^^^^^^^^^^^^^
  File "/data1/gushengda/anaconda3/envs/rlco1/lib/python3.11/site-packages/lightning/pytorch/strategies/strategy.py", line 412, in validation_step
    return self.lightning_module.validation_step(*args, **kwargs)
           ^^^^^^^^^^^^^^^^^^^^^^^^^^^^^^^^^^^^^^^^^^^^^^^^^^^^^^
  File "/data1/gushengda/eam-rl4co/rl4co/models/rl/common/base.py", line 261, in validation_step
    return self.shared_step(
           ^^^^^^^^^^^^^^^^^
  File "/data1/gushengda/eam-rl4co/rl4co/models/zoo/pomo/model.py", line 150, in shared_step
    out = self.policy(td, self.env, phase=phase, num_starts=n_start)
          ^^^^^^^^^^^^^^^^^^^^^^^^^^^^^^^^^^^^^^^^^^^^^^^^^^^^^^^^^^
  File "/data1/gushengda/anaconda3/envs/rlco1/lib/python3.11/site-packages/torch/nn/modules/module.py", line 1736, in _wrapped_call_impl
    return self._call_impl(*args, **kwargs)
           ^^^^^^^^^^^^^^^^^^^^^^^^^^^^^^^^
  File "/data1/gushengda/anaconda3/envs/rlco1/lib/python3.11/site-packages/torch/nn/modules/module.py", line 1747, in _call_impl
    return forward_call(*args, **kwargs)
           ^^^^^^^^^^^^^^^^^^^^^^^^^^^^^
  File "/data1/gushengda/eam-rl4co/rl4co/models/zoo/pomo/po4cops_tsp_policy.py", line 363, in forward
    probs = self.decoder(encoded_last_node, ninf_mask)
            ^^^^^^^^^^^^^^^^^^^^^^^^^^^^^^^^^^^^^^^^^^
  File "/data1/gushengda/anaconda3/envs/rlco1/lib/python3.11/site-packages/torch/nn/modules/module.py", line 1736, in _wrapped_call_impl
    return self._call_impl(*args, **kwargs)
           ^^^^^^^^^^^^^^^^^^^^^^^^^^^^^^^^
  File "/data1/gushengda/anaconda3/envs/rlco1/lib/python3.11/site-packages/torch/nn/modules/module.py", line 1747, in _call_impl
    return forward_call(*args, **kwargs)
           ^^^^^^^^^^^^^^^^^^^^^^^^^^^^^
  File "/data1/gushengda/eam-rl4co/rl4co/models/zoo/pomo/po4cops_tsp_policy.py", line 258, in forward
    out = layer(out, ninf_mask)
          ^^^^^^^^^^^^^^^^^^^^^
  File "/data1/gushengda/anaconda3/envs/rlco1/lib/python3.11/site-packages/torch/nn/modules/module.py", line 1736, in _wrapped_call_impl
    return self._call_impl(*args, **kwargs)
           ^^^^^^^^^^^^^^^^^^^^^^^^^^^^^^^^
  File "/data1/gushengda/anaconda3/envs/rlco1/lib/python3.11/site-packages/torch/nn/modules/module.py", line 1747, in _call_impl
    return forward_call(*args, **kwargs)
           ^^^^^^^^^^^^^^^^^^^^^^^^^^^^^
  File "/data1/gushengda/eam-rl4co/rl4co/models/zoo/pomo/po4cops_tsp_policy.py", line 194, in forward
    out1 = self.add_and_norm_1(input_tensor, multi_head_out)
           ^^^^^^^^^^^^^^^^^^^^^^^^^^^^^^^^^^^^^^^^^^^^^^^^^
  File "/data1/gushengda/anaconda3/envs/rlco1/lib/python3.11/site-packages/torch/nn/modules/module.py", line 1736, in _wrapped_call_impl
    return self._call_impl(*args, **kwargs)
           ^^^^^^^^^^^^^^^^^^^^^^^^^^^^^^^^
  File "/data1/gushengda/anaconda3/envs/rlco1/lib/python3.11/site-packages/torch/nn/modules/module.py", line 1747, in _call_impl
    return forward_call(*args, **kwargs)
           ^^^^^^^^^^^^^^^^^^^^^^^^^^^^^
  File "/data1/gushengda/eam-rl4co/rl4co/models/zoo/pomo/po4cops_tsp_policy.py", line 73, in forward
    normalized = self.norm(transposed)
                 ^^^^^^^^^^^^^^^^^^^^^
  File "/data1/gushengda/anaconda3/envs/rlco1/lib/python3.11/site-packages/torch/nn/modules/module.py", line 1736, in _wrapped_call_impl
    return self._call_impl(*args, **kwargs)
           ^^^^^^^^^^^^^^^^^^^^^^^^^^^^^^^^
  File "/data1/gushengda/anaconda3/envs/rlco1/lib/python3.11/site-packages/torch/nn/modules/module.py", line 1747, in _call_impl
    return forward_call(*args, **kwargs)
           ^^^^^^^^^^^^^^^^^^^^^^^^^^^^^
  File "/data1/gushengda/anaconda3/envs/rlco1/lib/python3.11/site-packages/torch/nn/modules/instancenorm.py", line 124, in forward
    return self._apply_instance_norm(input)
           ^^^^^^^^^^^^^^^^^^^^^^^^^^^^^^^^
  File "/data1/gushengda/anaconda3/envs/rlco1/lib/python3.11/site-packages/torch/nn/modules/instancenorm.py", line 47, in _apply_instance_norm
    return F.instance_norm(
           ^^^^^^^^^^^^^^^^
  File "/data1/gushengda/anaconda3/envs/rlco1/lib/python3.11/site-packages/torch/nn/functional.py", line 2865, in instance_norm
    _verify_spatial_size(input.size())
  File "/data1/gushengda/anaconda3/envs/rlco1/lib/python3.11/site-packages/torch/nn/functional.py", line 2831, in _verify_spatial_size
    raise ValueError(
ValueError: Expected more than 1 spatial element when training, got input size torch.Size([51200, 128, 1])
[2026-02-16 08:44:40,454][rl4co.utils.utils][INFO] - Output dir: /data1/gushengda/eam-rl4co/logs/train/runs/2026-02-16_08-44-35
[2026-02-16 08:44:40,454][rl4co.utils.utils][INFO] - Closing loggers...
[2026-02-16 08:52:32,213][rl4co.utils.utils][INFO] - Enforcing tags! <cfg.extras.enforce_tags=True>
[2026-02-16 08:52:32,216][rl4co.utils.utils][INFO] - Printing config tree with Rich! <cfg.extras.print_config=True>
[2026-02-16 08:52:32,252][rl4co.tasks.train][INFO] - Instantiating environment <rl4co.envs.TSPEnv>
[2026-02-16 08:52:36,025][rl4co.tasks.train][INFO] - Instantiating model <rl4co.models.POMO>
[2026-02-16 08:52:36,097][rl4co.data.transforms][INFO] - Features not passed, defaulting to 'locs'
[2026-02-16 08:52:36,098][rl4co.tasks.train][INFO] - Instantiating callbacks...
[2026-02-16 08:52:36,098][rl4co.utils.instantiators][INFO] - Instantiating callback <lightning.pytorch.callbacks.ModelCheckpoint>
[2026-02-16 08:52:36,102][rl4co.utils.instantiators][INFO] - Instantiating callback <lightning.pytorch.callbacks.RichModelSummary>
[2026-02-16 08:52:36,102][rl4co.utils.instantiators][INFO] - Instantiating callback <rl4co.utils.callbacks.speed_monitor.SpeedMonitor>
[2026-02-16 08:52:36,103][rl4co.tasks.train][INFO] - Instantiating loggers...
[2026-02-16 08:52:36,103][rl4co.utils.instantiators][INFO] - Instantiating logger <lightning.pytorch.loggers.csv_logs.CSVLogger>
[2026-02-16 08:52:36,105][rl4co.tasks.train][INFO] - Instantiating trainer...
[2026-02-16 08:52:36,109][rl4co.utils.trainer][WARNING] - gradient_clip_val is set to None. This may lead to unstable training.
[2026-02-16 08:52:36,117][rl4co.tasks.train][INFO] - Logging hyperparameters!
[2026-02-16 08:52:36,119][rl4co.tasks.train][INFO] - Starting training!
[2026-02-16 08:52:36,190][rl4co.models.rl.common.base][INFO] - Setting up batch sizes for train/val/test
[2026-02-16 08:52:36,190][rl4co.models.rl.common.base][INFO] - Generating default datasets. If found, they will not be overwritten
[2026-02-16 08:52:36,191][rl4co.models.rl.common.base][INFO] - Setting up datasets
[2026-02-16 08:52:36,779][rl4co.envs.common.base][INFO] - Loading val dataset from /data1/gushengda/eam-rl4co/data/tsp/tsp100_val_seed4321.npz
[2026-02-16 08:52:36,811][rl4co.envs.common.base][INFO] - Loading test dataset from /data1/gushengda/eam-rl4co/data/tsp/tsp100_test_seed1234.npz
[2026-02-16 08:52:37,021][rl4co.models.rl.common.base][INFO] - Instantiating optimizer <Adam>
[2026-02-16 08:52:37,021][rl4co.models.rl.common.base][INFO] - Instantiating LR scheduler <MultiStepLR>
[2026-02-16 09:07:51,388][rl4co.models.rl.common.base][INFO] - Generating training dataset for next epoch...
[2026-02-16 09:12:57,361][rl4co.utils.utils][INFO] - Enforcing tags! <cfg.extras.enforce_tags=True>
[2026-02-16 09:12:57,363][rl4co.utils.utils][INFO] - Printing config tree with Rich! <cfg.extras.print_config=True>
[2026-02-16 09:12:57,398][rl4co.tasks.train][INFO] - Instantiating environment <rl4co.envs.TSPEnv>
[2026-02-16 09:13:01,123][rl4co.tasks.train][INFO] - Instantiating model <rl4co.models.POMO>
[2026-02-16 09:13:01,191][rl4co.data.transforms][INFO] - Features not passed, defaulting to 'locs'
[2026-02-16 09:13:01,192][rl4co.tasks.train][INFO] - Instantiating callbacks...
[2026-02-16 09:13:01,192][rl4co.utils.instantiators][INFO] - Instantiating callback <lightning.pytorch.callbacks.ModelCheckpoint>
[2026-02-16 09:13:01,195][rl4co.utils.instantiators][INFO] - Instantiating callback <lightning.pytorch.callbacks.RichModelSummary>
[2026-02-16 09:13:01,196][rl4co.utils.instantiators][INFO] - Instantiating callback <rl4co.utils.callbacks.speed_monitor.SpeedMonitor>
[2026-02-16 09:13:01,197][rl4co.tasks.train][INFO] - Instantiating loggers...
[2026-02-16 09:13:01,197][rl4co.utils.instantiators][INFO] - Instantiating logger <lightning.pytorch.loggers.csv_logs.CSVLogger>
[2026-02-16 09:13:01,199][rl4co.tasks.train][INFO] - Instantiating trainer...
[2026-02-16 09:13:01,202][rl4co.utils.trainer][WARNING] - gradient_clip_val is set to None. This may lead to unstable training.
[2026-02-16 09:13:01,208][rl4co.tasks.train][INFO] - Logging hyperparameters!
[2026-02-16 09:13:01,210][rl4co.tasks.train][INFO] - Starting training!
[2026-02-16 09:13:01,282][rl4co.models.rl.common.base][INFO] - Setting up batch sizes for train/val/test
[2026-02-16 09:13:01,282][rl4co.models.rl.common.base][INFO] - Generating default datasets. If found, they will not be overwritten
[2026-02-16 09:13:01,282][rl4co.models.rl.common.base][INFO] - Setting up datasets
[2026-02-16 09:13:01,865][rl4co.envs.common.base][INFO] - Loading val dataset from /data1/gushengda/eam-rl4co/data/tsp/tsp100_val_seed4321.npz
[2026-02-16 09:13:01,896][rl4co.envs.common.base][INFO] - Loading test dataset from /data1/gushengda/eam-rl4co/data/tsp/tsp100_test_seed1234.npz
[2026-02-16 09:13:02,050][rl4co.models.rl.common.base][INFO] - Instantiating optimizer <Adam>
[2026-02-16 09:13:02,051][rl4co.models.rl.common.base][INFO] - Instantiating LR scheduler <MultiStepLR>
[2026-02-16 09:22:40,585][rl4co.models.rl.common.base][INFO] - Generating training dataset for next epoch...
[2026-02-16 09:32:04,884][rl4co.models.rl.common.base][INFO] - Generating training dataset for next epoch...
[2026-02-16 09:41:23,712][rl4co.models.rl.common.base][INFO] - Generating training dataset for next epoch...
[2026-02-16 09:50:41,910][rl4co.models.rl.common.base][INFO] - Generating training dataset for next epoch...
[2026-02-16 10:00:21,427][rl4co.models.rl.common.base][INFO] - Generating training dataset for next epoch...
[2026-02-16 10:09:38,990][rl4co.models.rl.common.base][INFO] - Generating training dataset for next epoch...
[2026-02-16 10:18:57,643][rl4co.models.rl.common.base][INFO] - Generating training dataset for next epoch...
[2026-02-16 10:28:14,153][rl4co.models.rl.common.base][INFO] - Generating training dataset for next epoch...
[2026-02-16 10:37:29,554][rl4co.models.rl.common.base][INFO] - Generating training dataset for next epoch...
[2026-02-16 10:46:44,259][rl4co.models.rl.common.base][INFO] - Generating training dataset for next epoch...
[2026-02-16 10:56:00,382][rl4co.models.rl.common.base][INFO] - Generating training dataset for next epoch...
[2026-02-16 11:06:20,702][rl4co.models.rl.common.base][INFO] - Generating training dataset for next epoch...
[2026-02-16 11:16:42,874][rl4co.models.rl.common.base][INFO] - Generating training dataset for next epoch...
[2026-02-16 11:25:58,904][rl4co.models.rl.common.base][INFO] - Generating training dataset for next epoch...
[2026-02-16 11:35:16,168][rl4co.models.rl.common.base][INFO] - Generating training dataset for next epoch...
[2026-02-16 11:44:32,486][rl4co.models.rl.common.base][INFO] - Generating training dataset for next epoch...
[2026-02-16 11:53:49,555][rl4co.models.rl.common.base][INFO] - Generating training dataset for next epoch...
[2026-02-16 12:03:06,350][rl4co.models.rl.common.base][INFO] - Generating training dataset for next epoch...
[2026-02-16 12:12:24,037][rl4co.models.rl.common.base][INFO] - Generating training dataset for next epoch...
[2026-02-16 12:21:40,795][rl4co.models.rl.common.base][INFO] - Generating training dataset for next epoch...
[2026-02-16 12:30:58,633][rl4co.models.rl.common.base][INFO] - Generating training dataset for next epoch...
[2026-02-16 12:40:16,296][rl4co.models.rl.common.base][INFO] - Generating training dataset for next epoch...
[2026-02-16 12:50:37,804][rl4co.models.rl.common.base][INFO] - Generating training dataset for next epoch...
[2026-02-16 13:00:59,401][rl4co.models.rl.common.base][INFO] - Generating training dataset for next epoch...
[2026-02-16 13:11:20,413][rl4co.models.rl.common.base][INFO] - Generating training dataset for next epoch...
[2026-02-16 13:21:25,529][rl4co.models.rl.common.base][INFO] - Generating training dataset for next epoch...
[2026-02-16 13:30:45,531][rl4co.models.rl.common.base][INFO] - Generating training dataset for next epoch...
[2026-02-16 13:40:02,877][rl4co.models.rl.common.base][INFO] - Generating training dataset for next epoch...
[2026-02-16 13:49:19,995][rl4co.models.rl.common.base][INFO] - Generating training dataset for next epoch...
[2026-02-16 13:58:36,116][rl4co.models.rl.common.base][INFO] - Generating training dataset for next epoch...
[2026-02-16 14:07:52,719][rl4co.models.rl.common.base][INFO] - Generating training dataset for next epoch...
[2026-02-16 14:17:09,048][rl4co.models.rl.common.base][INFO] - Generating training dataset for next epoch...
[2026-02-16 14:26:25,683][rl4co.models.rl.common.base][INFO] - Generating training dataset for next epoch...
[2026-02-16 14:35:43,319][rl4co.models.rl.common.base][INFO] - Generating training dataset for next epoch...
[2026-02-16 14:45:05,826][rl4co.models.rl.common.base][INFO] - Generating training dataset for next epoch...
[2026-02-16 14:54:29,131][rl4co.models.rl.common.base][INFO] - Generating training dataset for next epoch...
[2026-02-16 15:03:52,741][rl4co.models.rl.common.base][INFO] - Generating training dataset for next epoch...
[2026-02-16 15:13:15,545][rl4co.models.rl.common.base][INFO] - Generating training dataset for next epoch...
[2026-02-16 15:23:17,178][rl4co.models.rl.common.base][INFO] - Generating training dataset for next epoch...
[2026-02-16 15:32:37,888][rl4co.models.rl.common.base][INFO] - Generating training dataset for next epoch...
[2026-02-16 15:41:59,757][rl4co.models.rl.common.base][INFO] - Generating training dataset for next epoch...
[2026-02-16 15:51:19,866][rl4co.models.rl.common.base][INFO] - Generating training dataset for next epoch...
[2026-02-16 16:00:40,989][rl4co.models.rl.common.base][INFO] - Generating training dataset for next epoch...
[2026-02-16 16:10:01,606][rl4co.models.rl.common.base][INFO] - Generating training dataset for next epoch...
[2026-02-16 16:19:22,650][rl4co.models.rl.common.base][INFO] - Generating training dataset for next epoch...
[2026-02-16 16:28:41,901][rl4co.models.rl.common.base][INFO] - Generating training dataset for next epoch...
[2026-02-16 16:37:59,664][rl4co.models.rl.common.base][INFO] - Generating training dataset for next epoch...
[2026-02-16 16:47:16,645][rl4co.models.rl.common.base][INFO] - Generating training dataset for next epoch...
[2026-02-16 16:56:32,765][rl4co.models.rl.common.base][INFO] - Generating training dataset for next epoch...
[2026-02-16 17:05:49,227][rl4co.models.rl.common.base][INFO] - Generating training dataset for next epoch...
[2026-02-16 17:15:05,142][rl4co.models.rl.common.base][INFO] - Generating training dataset for next epoch...
[2026-02-16 17:24:21,137][rl4co.models.rl.common.base][INFO] - Generating training dataset for next epoch...
[2026-02-16 17:33:37,695][rl4co.models.rl.common.base][INFO] - Generating training dataset for next epoch...
[2026-02-16 17:42:57,628][rl4co.models.rl.common.base][INFO] - Generating training dataset for next epoch...
[2026-02-16 17:52:17,755][rl4co.models.rl.common.base][INFO] - Generating training dataset for next epoch...
[2026-02-16 18:02:40,129][rl4co.models.rl.common.base][INFO] - Generating training dataset for next epoch...
[2026-02-16 18:13:02,639][rl4co.models.rl.common.base][INFO] - Generating training dataset for next epoch...
[2026-02-16 18:23:24,984][rl4co.models.rl.common.base][INFO] - Generating training dataset for next epoch...
[2026-02-16 18:33:47,375][rl4co.models.rl.common.base][INFO] - Generating training dataset for next epoch...
[2026-02-16 18:43:51,608][rl4co.models.rl.common.base][INFO] - Generating training dataset for next epoch...
[2026-02-16 18:53:13,470][rl4co.models.rl.common.base][INFO] - Generating training dataset for next epoch...
[2026-02-16 19:02:34,480][rl4co.models.rl.common.base][INFO] - Generating training dataset for next epoch...
[2026-02-16 19:11:55,129][rl4co.models.rl.common.base][INFO] - Generating training dataset for next epoch...
[2026-02-16 19:21:15,948][rl4co.models.rl.common.base][INFO] - Generating training dataset for next epoch...
[2026-02-16 19:30:37,326][rl4co.models.rl.common.base][INFO] - Generating training dataset for next epoch...
[2026-02-16 19:39:58,432][rl4co.models.rl.common.base][INFO] - Generating training dataset for next epoch...
[2026-02-16 19:49:19,464][rl4co.models.rl.common.base][INFO] - Generating training dataset for next epoch...
[2026-02-16 19:58:40,073][rl4co.models.rl.common.base][INFO] - Generating training dataset for next epoch...
[2026-02-16 20:08:00,960][rl4co.models.rl.common.base][INFO] - Generating training dataset for next epoch...
[2026-02-16 20:17:21,564][rl4co.models.rl.common.base][INFO] - Generating training dataset for next epoch...
[2026-02-16 20:26:43,311][rl4co.models.rl.common.base][INFO] - Generating training dataset for next epoch...
[2026-02-16 20:36:21,223][rl4co.models.rl.common.base][INFO] - Generating training dataset for next epoch...
[2026-02-16 20:46:42,587][rl4co.models.rl.common.base][INFO] - Generating training dataset for next epoch...
[2026-02-16 20:56:54,586][rl4co.models.rl.common.base][INFO] - Generating training dataset for next epoch...
[2026-02-16 21:07:12,182][rl4co.models.rl.common.base][INFO] - Generating training dataset for next epoch...
[2026-02-16 21:17:28,652][rl4co.models.rl.common.base][INFO] - Generating training dataset for next epoch...
[2026-02-16 21:27:46,450][rl4co.models.rl.common.base][INFO] - Generating training dataset for next epoch...
[2026-02-16 21:38:08,429][rl4co.models.rl.common.base][INFO] - Generating training dataset for next epoch...
[2026-02-16 21:48:30,193][rl4co.models.rl.common.base][INFO] - Generating training dataset for next epoch...
[2026-02-16 21:58:51,653][rl4co.models.rl.common.base][INFO] - Generating training dataset for next epoch...
[2026-02-16 22:09:13,604][rl4co.models.rl.common.base][INFO] - Generating training dataset for next epoch...
[2026-02-16 22:19:31,786][rl4co.models.rl.common.base][INFO] - Generating training dataset for next epoch...
[2026-02-16 22:29:50,278][rl4co.models.rl.common.base][INFO] - Generating training dataset for next epoch...
[2026-02-16 22:40:08,451][rl4co.models.rl.common.base][INFO] - Generating training dataset for next epoch...
[2026-02-16 22:50:26,960][rl4co.models.rl.common.base][INFO] - Generating training dataset for next epoch...
[2026-02-16 23:00:45,199][rl4co.models.rl.common.base][INFO] - Generating training dataset for next epoch...
[2026-02-16 23:11:04,297][rl4co.models.rl.common.base][INFO] - Generating training dataset for next epoch...
[2026-02-16 23:20:33,964][rl4co.models.rl.common.base][INFO] - Generating training dataset for next epoch...
[2026-02-16 23:29:54,490][rl4co.models.rl.common.base][INFO] - Generating training dataset for next epoch...
[2026-02-16 23:39:14,995][rl4co.models.rl.common.base][INFO] - Generating training dataset for next epoch...
[2026-02-16 23:48:35,222][rl4co.models.rl.common.base][INFO] - Generating training dataset for next epoch...
[2026-02-16 23:57:55,057][rl4co.models.rl.common.base][INFO] - Generating training dataset for next epoch...
[2026-02-17 00:07:15,733][rl4co.models.rl.common.base][INFO] - Generating training dataset for next epoch...
[2026-02-17 00:16:36,754][rl4co.models.rl.common.base][INFO] - Generating training dataset for next epoch...
[2026-02-17 00:25:57,210][rl4co.models.rl.common.base][INFO] - Generating training dataset for next epoch...
[2026-02-17 00:35:17,876][rl4co.models.rl.common.base][INFO] - Generating training dataset for next epoch...
[2026-02-17 00:44:38,098][rl4co.models.rl.common.base][INFO] - Generating training dataset for next epoch...
[2026-02-17 00:53:58,293][rl4co.models.rl.common.base][INFO] - Generating training dataset for next epoch...
[2026-02-17 01:03:18,802][rl4co.models.rl.common.base][INFO] - Generating training dataset for next epoch...
[2026-02-17 01:12:40,244][rl4co.models.rl.common.base][INFO] - Generating training dataset for next epoch...
[2026-02-17 01:22:01,286][rl4co.models.rl.common.base][INFO] - Generating training dataset for next epoch...
[2026-02-17 01:31:22,682][rl4co.models.rl.common.base][INFO] - Generating training dataset for next epoch...
[2026-02-17 01:40:43,482][rl4co.models.rl.common.base][INFO] - Generating training dataset for next epoch...
[2026-02-17 01:50:04,796][rl4co.models.rl.common.base][INFO] - Generating training dataset for next epoch...
[2026-02-17 01:59:25,493][rl4co.models.rl.common.base][INFO] - Generating training dataset for next epoch...
[2026-02-17 02:08:46,169][rl4co.models.rl.common.base][INFO] - Generating training dataset for next epoch...
[2026-02-17 02:18:07,012][rl4co.models.rl.common.base][INFO] - Generating training dataset for next epoch...
[2026-02-17 02:27:28,224][rl4co.models.rl.common.base][INFO] - Generating training dataset for next epoch...
[2026-02-17 02:36:49,141][rl4co.models.rl.common.base][INFO] - Generating training dataset for next epoch...
[2026-02-17 02:46:30,066][rl4co.models.rl.common.base][INFO] - Generating training dataset for next epoch...
[2026-02-17 02:56:53,253][rl4co.models.rl.common.base][INFO] - Generating training dataset for next epoch...
[2026-02-17 03:07:18,988][rl4co.models.rl.common.base][INFO] - Generating training dataset for next epoch...
[2026-02-17 03:16:58,493][rl4co.models.rl.common.base][INFO] - Generating training dataset for next epoch...
[2026-02-17 03:26:20,806][rl4co.models.rl.common.base][INFO] - Generating training dataset for next epoch...
[2026-02-17 03:35:43,655][rl4co.models.rl.common.base][INFO] - Generating training dataset for next epoch...
[2026-02-17 03:45:05,776][rl4co.models.rl.common.base][INFO] - Generating training dataset for next epoch...
[2026-02-17 03:54:28,296][rl4co.models.rl.common.base][INFO] - Generating training dataset for next epoch...
[2026-02-17 04:03:50,707][rl4co.models.rl.common.base][INFO] - Generating training dataset for next epoch...
[2026-02-17 04:13:13,021][rl4co.models.rl.common.base][INFO] - Generating training dataset for next epoch...
[2026-02-17 04:22:35,443][rl4co.models.rl.common.base][INFO] - Generating training dataset for next epoch...
[2026-02-17 04:31:57,953][rl4co.models.rl.common.base][INFO] - Generating training dataset for next epoch...
[2026-02-17 04:41:20,013][rl4co.models.rl.common.base][INFO] - Generating training dataset for next epoch...
[2026-02-17 04:50:42,582][rl4co.models.rl.common.base][INFO] - Generating training dataset for next epoch...
[2026-02-17 05:00:01,398][rl4co.models.rl.common.base][INFO] - Generating training dataset for next epoch...
[2026-02-17 05:09:20,119][rl4co.models.rl.common.base][INFO] - Generating training dataset for next epoch...
[2026-02-17 05:18:38,537][rl4co.models.rl.common.base][INFO] - Generating training dataset for next epoch...
[2026-02-17 05:27:55,543][rl4co.models.rl.common.base][INFO] - Generating training dataset for next epoch...
[2026-02-17 05:37:12,938][rl4co.models.rl.common.base][INFO] - Generating training dataset for next epoch...
[2026-02-17 05:46:29,969][rl4co.models.rl.common.base][INFO] - Generating training dataset for next epoch...
[2026-02-17 05:55:47,575][rl4co.models.rl.common.base][INFO] - Generating training dataset for next epoch...
[2026-02-17 06:05:05,145][rl4co.models.rl.common.base][INFO] - Generating training dataset for next epoch...
[2026-02-17 06:15:28,352][rl4co.models.rl.common.base][INFO] - Generating training dataset for next epoch...
[2026-02-17 06:24:52,409][rl4co.models.rl.common.base][INFO] - Generating training dataset for next epoch...
[2026-02-17 06:34:15,683][rl4co.models.rl.common.base][INFO] - Generating training dataset for next epoch...
[2026-02-17 06:43:38,344][rl4co.models.rl.common.base][INFO] - Generating training dataset for next epoch...
[2026-02-17 06:53:21,469][rl4co.models.rl.common.base][INFO] - Generating training dataset for next epoch...
[2026-02-17 07:03:42,306][rl4co.models.rl.common.base][INFO] - Generating training dataset for next epoch...
[2026-02-17 07:14:06,034][rl4co.models.rl.common.base][INFO] - Generating training dataset for next epoch...
[2026-02-17 07:24:27,900][rl4co.models.rl.common.base][INFO] - Generating training dataset for next epoch...
[2026-02-17 07:34:49,190][rl4co.models.rl.common.base][INFO] - Generating training dataset for next epoch...
[2026-02-17 07:45:12,524][rl4co.models.rl.common.base][INFO] - Generating training dataset for next epoch...
[2026-02-17 07:55:35,741][rl4co.models.rl.common.base][INFO] - Generating training dataset for next epoch...
[2026-02-17 08:05:44,676][rl4co.models.rl.common.base][INFO] - Generating training dataset for next epoch...
[2026-02-17 08:15:10,722][rl4co.models.rl.common.base][INFO] - Generating training dataset for next epoch...
[2026-02-17 08:24:36,944][rl4co.models.rl.common.base][INFO] - Generating training dataset for next epoch...
[2026-02-17 08:33:58,247][rl4co.models.rl.common.base][INFO] - Generating training dataset for next epoch...
[2026-02-17 08:43:24,319][rl4co.models.rl.common.base][INFO] - Generating training dataset for next epoch...
[2026-02-17 08:52:48,441][rl4co.models.rl.common.base][INFO] - Generating training dataset for next epoch...
[2026-02-17 09:02:11,138][rl4co.models.rl.common.base][INFO] - Generating training dataset for next epoch...
[2026-02-17 09:12:29,840][rl4co.models.rl.common.base][INFO] - Generating training dataset for next epoch...
[2026-02-17 09:22:05,501][rl4co.models.rl.common.base][INFO] - Generating training dataset for next epoch...
[2026-02-17 09:31:35,673][rl4co.models.rl.common.base][INFO] - Generating training dataset for next epoch...
[2026-02-17 09:40:58,217][rl4co.models.rl.common.base][INFO] - Generating training dataset for next epoch...
[2026-02-17 09:50:21,238][rl4co.models.rl.common.base][INFO] - Generating training dataset for next epoch...
[2026-02-17 09:59:41,882][rl4co.models.rl.common.base][INFO] - Generating training dataset for next epoch...
[2026-02-17 10:09:02,016][rl4co.models.rl.common.base][INFO] - Generating training dataset for next epoch...
[2026-02-17 10:18:22,944][rl4co.models.rl.common.base][INFO] - Generating training dataset for next epoch...
[2026-02-17 10:27:42,967][rl4co.models.rl.common.base][INFO] - Generating training dataset for next epoch...
[2026-02-17 10:37:02,667][rl4co.models.rl.common.base][INFO] - Generating training dataset for next epoch...
[2026-02-17 10:46:22,041][rl4co.models.rl.common.base][INFO] - Generating training dataset for next epoch...
[2026-02-17 10:55:41,443][rl4co.models.rl.common.base][INFO] - Generating training dataset for next epoch...
[2026-02-17 11:05:00,585][rl4co.models.rl.common.base][INFO] - Generating training dataset for next epoch...
[2026-02-17 11:14:19,952][rl4co.models.rl.common.base][INFO] - Generating training dataset for next epoch...
[2026-02-17 11:23:39,259][rl4co.models.rl.common.base][INFO] - Generating training dataset for next epoch...
[2026-02-17 11:32:58,108][rl4co.models.rl.common.base][INFO] - Generating training dataset for next epoch...
[2026-02-17 11:42:17,020][rl4co.models.rl.common.base][INFO] - Generating training dataset for next epoch...
[2026-02-17 11:51:35,720][rl4co.models.rl.common.base][INFO] - Generating training dataset for next epoch...
[2026-02-17 12:00:54,384][rl4co.models.rl.common.base][INFO] - Generating training dataset for next epoch...
[2026-02-17 12:10:13,333][rl4co.models.rl.common.base][INFO] - Generating training dataset for next epoch...
[2026-02-17 12:19:31,836][rl4co.models.rl.common.base][INFO] - Generating training dataset for next epoch...
[2026-02-17 12:28:50,720][rl4co.models.rl.common.base][INFO] - Generating training dataset for next epoch...
[2026-02-17 12:38:09,452][rl4co.models.rl.common.base][INFO] - Generating training dataset for next epoch...
[2026-02-17 12:47:28,025][rl4co.models.rl.common.base][INFO] - Generating training dataset for next epoch...
[2026-02-17 12:56:46,295][rl4co.models.rl.common.base][INFO] - Generating training dataset for next epoch...
[2026-02-17 13:06:04,781][rl4co.models.rl.common.base][INFO] - Generating training dataset for next epoch...
[2026-02-17 13:15:22,621][rl4co.models.rl.common.base][INFO] - Generating training dataset for next epoch...
[2026-02-17 13:24:40,899][rl4co.models.rl.common.base][INFO] - Generating training dataset for next epoch...
[2026-02-17 13:33:59,251][rl4co.models.rl.common.base][INFO] - Generating training dataset for next epoch...
[2026-02-17 13:43:17,278][rl4co.models.rl.common.base][INFO] - Generating training dataset for next epoch...
[2026-02-17 13:52:35,398][rl4co.models.rl.common.base][INFO] - Generating training dataset for next epoch...
[2026-02-17 14:01:53,944][rl4co.models.rl.common.base][INFO] - Generating training dataset for next epoch...
[2026-02-17 14:11:15,652][rl4co.models.rl.common.base][INFO] - Generating training dataset for next epoch...
[2026-02-17 14:20:37,672][rl4co.models.rl.common.base][INFO] - Generating training dataset for next epoch...
[2026-02-17 14:29:59,459][rl4co.models.rl.common.base][INFO] - Generating training dataset for next epoch...
[2026-02-17 14:39:21,459][rl4co.models.rl.common.base][INFO] - Generating training dataset for next epoch...
[2026-02-17 14:48:43,282][rl4co.models.rl.common.base][INFO] - Generating training dataset for next epoch...
[2026-02-17 14:58:21,258][rl4co.models.rl.common.base][INFO] - Generating training dataset for next epoch...
[2026-02-17 15:08:37,691][rl4co.models.rl.common.base][INFO] - Generating training dataset for next epoch...
[2026-02-17 15:18:54,647][rl4co.models.rl.common.base][INFO] - Generating training dataset for next epoch...
[2026-02-17 15:29:20,287][rl4co.models.rl.common.base][INFO] - Generating training dataset for next epoch...
[2026-02-17 15:39:36,945][rl4co.models.rl.common.base][INFO] - Generating training dataset for next epoch...
[2026-02-17 15:49:58,787][rl4co.models.rl.common.base][INFO] - Generating training dataset for next epoch...
[2026-02-17 15:59:53,633][rl4co.models.rl.common.base][INFO] - Generating training dataset for next epoch...
[2026-02-17 16:09:44,692][rl4co.models.rl.common.base][INFO] - Generating training dataset for next epoch...
[2026-02-17 16:20:04,075][rl4co.models.rl.common.base][INFO] - Generating training dataset for next epoch...
[2026-02-17 16:30:25,716][rl4co.models.rl.common.base][INFO] - Generating training dataset for next epoch...
[2026-02-17 16:40:36,896][rl4co.models.rl.common.base][INFO] - Generating training dataset for next epoch...
[2026-02-17 16:50:57,168][rl4co.models.rl.common.base][INFO] - Generating training dataset for next epoch...
[2026-02-17 17:01:16,475][rl4co.models.rl.common.base][INFO] - Generating training dataset for next epoch...
[2026-02-17 17:11:35,091][rl4co.models.rl.common.base][INFO] - Generating training dataset for next epoch...
[2026-02-17 17:21:51,232][rl4co.models.rl.common.base][INFO] - Generating training dataset for next epoch...
[2026-02-17 17:32:06,421][rl4co.models.rl.common.base][INFO] - Generating training dataset for next epoch...
[2026-02-17 17:41:53,636][rl4co.models.rl.common.base][INFO] - Generating training dataset for next epoch...
[2026-02-17 17:52:06,632][rl4co.models.rl.common.base][INFO] - Generating training dataset for next epoch...
[2026-02-17 18:02:28,398][rl4co.models.rl.common.base][INFO] - Generating training dataset for next epoch...
[2026-02-17 18:12:51,037][rl4co.models.rl.common.base][INFO] - Generating training dataset for next epoch...
[2026-02-17 18:23:13,676][rl4co.models.rl.common.base][INFO] - Generating training dataset for next epoch...
[2026-02-17 18:33:00,907][rl4co.models.rl.common.base][INFO] - Generating training dataset for next epoch...
[2026-02-17 18:42:20,484][rl4co.models.rl.common.base][INFO] - Generating training dataset for next epoch...
[2026-02-17 18:51:38,068][rl4co.models.rl.common.base][INFO] - Generating training dataset for next epoch...
[2026-02-17 19:00:55,713][rl4co.models.rl.common.base][INFO] - Generating training dataset for next epoch...
[2026-02-17 19:10:12,984][rl4co.models.rl.common.base][INFO] - Generating training dataset for next epoch...
[2026-02-17 19:19:30,548][rl4co.models.rl.common.base][INFO] - Generating training dataset for next epoch...
[2026-02-17 19:28:48,215][rl4co.models.rl.common.base][INFO] - Generating training dataset for next epoch...
[2026-02-17 19:38:06,806][rl4co.models.rl.common.base][INFO] - Generating training dataset for next epoch...
[2026-02-17 19:48:01,636][rl4co.models.rl.common.base][INFO] - Generating training dataset for next epoch...
[2026-02-17 19:58:16,772][rl4co.models.rl.common.base][INFO] - Generating training dataset for next epoch...
[2026-02-17 20:08:34,001][rl4co.models.rl.common.base][INFO] - Generating training dataset for next epoch...
[2026-02-17 20:18:53,141][rl4co.models.rl.common.base][INFO] - Generating training dataset for next epoch...
[2026-02-17 20:29:03,705][rl4co.models.rl.common.base][INFO] - Generating training dataset for next epoch...
[2026-02-17 20:38:24,346][rl4co.models.rl.common.base][INFO] - Generating training dataset for next epoch...
[2026-02-17 20:47:47,564][rl4co.models.rl.common.base][INFO] - Generating training dataset for next epoch...
[2026-02-17 20:57:12,363][rl4co.models.rl.common.base][INFO] - Generating training dataset for next epoch...
[2026-02-17 21:06:32,393][rl4co.models.rl.common.base][INFO] - Generating training dataset for next epoch...
[2026-02-17 21:15:52,946][rl4co.models.rl.common.base][INFO] - Generating training dataset for next epoch...
[2026-02-17 21:25:12,896][rl4co.models.rl.common.base][INFO] - Generating training dataset for next epoch...
[2026-02-17 21:35:33,515][rl4co.models.rl.common.base][INFO] - Generating training dataset for next epoch...
[2026-02-17 21:45:42,655][rl4co.models.rl.common.base][INFO] - Generating training dataset for next epoch...
[2026-02-17 21:55:06,403][rl4co.models.rl.common.base][INFO] - Generating training dataset for next epoch...
[2026-02-17 22:04:25,714][rl4co.models.rl.common.base][INFO] - Generating training dataset for next epoch...
[2026-02-17 22:13:47,569][rl4co.models.rl.common.base][INFO] - Generating training dataset for next epoch...
[2026-02-17 22:23:12,425][rl4co.models.rl.common.base][INFO] - Generating training dataset for next epoch...
[2026-02-17 22:32:48,409][rl4co.models.rl.common.base][INFO] - Generating training dataset for next epoch...
[2026-02-17 22:42:09,539][rl4co.models.rl.common.base][INFO] - Generating training dataset for next epoch...
[2026-02-17 22:51:30,325][rl4co.models.rl.common.base][INFO] - Generating training dataset for next epoch...
[2026-02-17 23:00:58,037][rl4co.models.rl.common.base][INFO] - Generating training dataset for next epoch...
[2026-02-17 23:10:29,295][rl4co.models.rl.common.base][INFO] - Generating training dataset for next epoch...
[2026-02-17 23:19:52,201][rl4co.models.rl.common.base][INFO] - Generating training dataset for next epoch...
[2026-02-17 23:29:14,402][rl4co.models.rl.common.base][INFO] - Generating training dataset for next epoch...
[2026-02-17 23:38:36,547][rl4co.models.rl.common.base][INFO] - Generating training dataset for next epoch...
[2026-02-17 23:47:58,810][rl4co.models.rl.common.base][INFO] - Generating training dataset for next epoch...
[2026-02-17 23:57:18,648][rl4co.models.rl.common.base][INFO] - Generating training dataset for next epoch...
[2026-02-18 00:06:37,425][rl4co.models.rl.common.base][INFO] - Generating training dataset for next epoch...
[2026-02-18 00:16:03,382][rl4co.models.rl.common.base][INFO] - Generating training dataset for next epoch...
[2026-02-18 00:26:27,830][rl4co.models.rl.common.base][INFO] - Generating training dataset for next epoch...
[2026-02-18 00:35:49,193][rl4co.models.rl.common.base][INFO] - Generating training dataset for next epoch...
[2026-02-18 00:45:10,141][rl4co.models.rl.common.base][INFO] - Generating training dataset for next epoch...
[2026-02-18 00:54:32,783][rl4co.models.rl.common.base][INFO] - Generating training dataset for next epoch...
[2026-02-18 01:03:55,686][rl4co.models.rl.common.base][INFO] - Generating training dataset for next epoch...
[2026-02-18 01:13:17,959][rl4co.models.rl.common.base][INFO] - Generating training dataset for next epoch...
[2026-02-18 01:22:40,060][rl4co.models.rl.common.base][INFO] - Generating training dataset for next epoch...
[2026-02-18 01:32:02,218][rl4co.models.rl.common.base][INFO] - Generating training dataset for next epoch...
[2026-02-18 01:41:24,739][rl4co.models.rl.common.base][INFO] - Generating training dataset for next epoch...
[2026-02-18 01:50:46,962][rl4co.models.rl.common.base][INFO] - Generating training dataset for next epoch...
[2026-02-18 02:00:09,248][rl4co.models.rl.common.base][INFO] - Generating training dataset for next epoch...
[2026-02-18 02:09:31,440][rl4co.models.rl.common.base][INFO] - Generating training dataset for next epoch...
[2026-02-18 02:18:53,863][rl4co.models.rl.common.base][INFO] - Generating training dataset for next epoch...
[2026-02-18 02:28:16,261][rl4co.models.rl.common.base][INFO] - Generating training dataset for next epoch...
[2026-02-18 02:37:38,646][rl4co.models.rl.common.base][INFO] - Generating training dataset for next epoch...
[2026-02-18 02:47:00,577][rl4co.models.rl.common.base][INFO] - Generating training dataset for next epoch...
[2026-02-18 02:56:22,855][rl4co.models.rl.common.base][INFO] - Generating training dataset for next epoch...
[2026-02-18 03:05:45,544][rl4co.models.rl.common.base][INFO] - Generating training dataset for next epoch...
[2026-02-18 03:15:08,045][rl4co.models.rl.common.base][INFO] - Generating training dataset for next epoch...
[2026-02-18 03:24:30,776][rl4co.models.rl.common.base][INFO] - Generating training dataset for next epoch...
[2026-02-18 03:33:53,251][rl4co.models.rl.common.base][INFO] - Generating training dataset for next epoch...
[2026-02-18 03:43:58,997][rl4co.models.rl.common.base][INFO] - Generating training dataset for next epoch...
[2026-02-18 03:53:20,864][rl4co.models.rl.common.base][INFO] - Generating training dataset for next epoch...
[2026-02-18 04:02:45,713][rl4co.models.rl.common.base][INFO] - Generating training dataset for next epoch...
[2026-02-18 04:12:28,694][rl4co.models.rl.common.base][INFO] - Generating training dataset for next epoch...
[2026-02-18 04:22:47,058][rl4co.models.rl.common.base][INFO] - Generating training dataset for next epoch...
[2026-02-18 04:33:13,676][rl4co.models.rl.common.base][INFO] - Generating training dataset for next epoch...
[2026-02-18 04:43:49,136][rl4co.models.rl.common.base][INFO] - Generating training dataset for next epoch...
[2026-02-18 04:54:12,946][rl4co.models.rl.common.base][INFO] - Generating training dataset for next epoch...
[2026-02-18 05:04:38,005][rl4co.models.rl.common.base][INFO] - Generating training dataset for next epoch...
[2026-02-18 05:15:03,507][rl4co.models.rl.common.base][INFO] - Generating training dataset for next epoch...
[2026-02-18 05:25:27,995][rl4co.models.rl.common.base][INFO] - Generating training dataset for next epoch...
[2026-02-18 05:35:50,138][rl4co.models.rl.common.base][INFO] - Generating training dataset for next epoch...
[2026-02-18 05:45:15,272][rl4co.models.rl.common.base][INFO] - Generating training dataset for next epoch...
[2026-02-18 05:54:36,432][rl4co.models.rl.common.base][INFO] - Generating training dataset for next epoch...
[2026-02-18 06:03:57,564][rl4co.models.rl.common.base][INFO] - Generating training dataset for next epoch...
[2026-02-18 06:13:18,602][rl4co.models.rl.common.base][INFO] - Generating training dataset for next epoch...
[2026-02-18 06:22:39,367][rl4co.models.rl.common.base][INFO] - Generating training dataset for next epoch...
[2026-02-18 06:32:00,129][rl4co.models.rl.common.base][INFO] - Generating training dataset for next epoch...
[2026-02-18 06:41:21,357][rl4co.models.rl.common.base][INFO] - Generating training dataset for next epoch...
[2026-02-18 06:50:42,340][rl4co.models.rl.common.base][INFO] - Generating training dataset for next epoch...
[2026-02-18 07:00:02,861][rl4co.models.rl.common.base][INFO] - Generating training dataset for next epoch...
[2026-02-18 07:09:23,723][rl4co.models.rl.common.base][INFO] - Generating training dataset for next epoch...
[2026-02-18 07:18:44,579][rl4co.models.rl.common.base][INFO] - Generating training dataset for next epoch...
[2026-02-18 07:28:05,580][rl4co.models.rl.common.base][INFO] - Generating training dataset for next epoch...
[2026-02-18 07:37:26,793][rl4co.models.rl.common.base][INFO] - Generating training dataset for next epoch...
[2026-02-18 07:46:47,737][rl4co.models.rl.common.base][INFO] - Generating training dataset for next epoch...
[2026-02-18 07:56:08,830][rl4co.models.rl.common.base][INFO] - Generating training dataset for next epoch...
[2026-02-18 08:05:30,271][rl4co.models.rl.common.base][INFO] - Generating training dataset for next epoch...
[2026-02-18 08:14:51,439][rl4co.models.rl.common.base][INFO] - Generating training dataset for next epoch...
[2026-02-18 08:24:12,597][rl4co.models.rl.common.base][INFO] - Generating training dataset for next epoch...
[2026-02-18 08:33:33,825][rl4co.models.rl.common.base][INFO] - Generating training dataset for next epoch...
[2026-02-18 08:42:52,238][rl4co.models.rl.common.base][INFO] - Generating training dataset for next epoch...
[2026-02-18 08:52:10,639][rl4co.models.rl.common.base][INFO] - Generating training dataset for next epoch...
[2026-02-18 09:01:28,904][rl4co.models.rl.common.base][INFO] - Generating training dataset for next epoch...
[2026-02-18 09:10:47,435][rl4co.models.rl.common.base][INFO] - Generating training dataset for next epoch...
[2026-02-18 09:20:05,922][rl4co.models.rl.common.base][INFO] - Generating training dataset for next epoch...
[2026-02-18 09:29:26,006][rl4co.models.rl.common.base][INFO] - Generating training dataset for next epoch...
[2026-02-18 09:38:46,019][rl4co.models.rl.common.base][INFO] - Generating training dataset for next epoch...
[2026-02-18 09:48:05,820][rl4co.models.rl.common.base][INFO] - Generating training dataset for next epoch...
[2026-02-18 09:57:30,746][rl4co.models.rl.common.base][INFO] - Generating training dataset for next epoch...
[2026-02-18 10:06:52,642][rl4co.models.rl.common.base][INFO] - Generating training dataset for next epoch...
[2026-02-18 10:16:14,300][rl4co.models.rl.common.base][INFO] - Generating training dataset for next epoch...
[2026-02-18 10:25:36,284][rl4co.models.rl.common.base][INFO] - Generating training dataset for next epoch...
[2026-02-18 10:34:58,285][rl4co.models.rl.common.base][INFO] - Generating training dataset for next epoch...
[2026-02-18 10:44:19,993][rl4co.models.rl.common.base][INFO] - Generating training dataset for next epoch...
[2026-02-18 10:53:41,875][rl4co.models.rl.common.base][INFO] - Generating training dataset for next epoch...
[2026-02-18 11:03:04,008][rl4co.models.rl.common.base][INFO] - Generating training dataset for next epoch...
[2026-02-18 11:12:26,071][rl4co.models.rl.common.base][INFO] - Generating training dataset for next epoch...
[2026-02-18 11:21:48,047][rl4co.models.rl.common.base][INFO] - Generating training dataset for next epoch...
[2026-02-18 11:31:10,146][rl4co.models.rl.common.base][INFO] - Generating training dataset for next epoch...
[2026-02-18 11:40:32,049][rl4co.models.rl.common.base][INFO] - Generating training dataset for next epoch...
[2026-02-18 11:49:53,985][rl4co.models.rl.common.base][INFO] - Generating training dataset for next epoch...
[2026-02-18 11:59:15,698][rl4co.models.rl.common.base][INFO] - Generating training dataset for next epoch...
[2026-02-18 12:08:37,450][rl4co.models.rl.common.base][INFO] - Generating training dataset for next epoch...
[2026-02-18 12:17:59,218][rl4co.models.rl.common.base][INFO] - Generating training dataset for next epoch...
[2026-02-18 12:27:20,809][rl4co.models.rl.common.base][INFO] - Generating training dataset for next epoch...
[2026-02-18 12:36:42,746][rl4co.models.rl.common.base][INFO] - Generating training dataset for next epoch...
[2026-02-18 12:46:04,604][rl4co.models.rl.common.base][INFO] - Generating training dataset for next epoch...
[2026-02-18 12:55:26,594][rl4co.models.rl.common.base][INFO] - Generating training dataset for next epoch...
[2026-02-18 13:04:48,245][rl4co.models.rl.common.base][INFO] - Generating training dataset for next epoch...
[2026-02-18 13:14:09,856][rl4co.models.rl.common.base][INFO] - Generating training dataset for next epoch...
[2026-02-18 13:23:31,341][rl4co.models.rl.common.base][INFO] - Generating training dataset for next epoch...
[2026-02-18 13:32:52,887][rl4co.models.rl.common.base][INFO] - Generating training dataset for next epoch...
[2026-02-18 13:42:14,500][rl4co.models.rl.common.base][INFO] - Generating training dataset for next epoch...
[2026-02-18 13:51:35,901][rl4co.models.rl.common.base][INFO] - Generating training dataset for next epoch...
[2026-02-18 14:00:55,772][rl4co.models.rl.common.base][INFO] - Generating training dataset for next epoch...
[2026-02-18 14:10:15,605][rl4co.models.rl.common.base][INFO] - Generating training dataset for next epoch...
[2026-02-18 14:19:35,135][rl4co.models.rl.common.base][INFO] - Generating training dataset for next epoch...
[2026-02-18 14:28:54,862][rl4co.models.rl.common.base][INFO] - Generating training dataset for next epoch...
[2026-02-18 14:38:15,185][rl4co.models.rl.common.base][INFO] - Generating training dataset for next epoch...
[2026-02-18 14:47:34,747][rl4co.models.rl.common.base][INFO] - Generating training dataset for next epoch...
[2026-02-18 14:56:54,607][rl4co.models.rl.common.base][INFO] - Generating training dataset for next epoch...
[2026-02-18 15:06:14,409][rl4co.models.rl.common.base][INFO] - Generating training dataset for next epoch...
[2026-02-18 15:15:33,732][rl4co.models.rl.common.base][INFO] - Generating training dataset for next epoch...
[2026-02-18 15:24:53,486][rl4co.models.rl.common.base][INFO] - Generating training dataset for next epoch...
[2026-02-18 15:34:13,382][rl4co.models.rl.common.base][INFO] - Generating training dataset for next epoch...
[2026-02-18 15:43:33,401][rl4co.models.rl.common.base][INFO] - Generating training dataset for next epoch...
[2026-02-18 15:52:53,276][rl4co.models.rl.common.base][INFO] - Generating training dataset for next epoch...
[2026-02-18 16:02:13,463][rl4co.models.rl.common.base][INFO] - Generating training dataset for next epoch...
[2026-02-18 16:11:33,620][rl4co.models.rl.common.base][INFO] - Generating training dataset for next epoch...
[2026-02-18 16:20:53,668][rl4co.models.rl.common.base][INFO] - Generating training dataset for next epoch...
[2026-02-18 16:30:13,811][rl4co.models.rl.common.base][INFO] - Generating training dataset for next epoch...
[2026-02-18 16:39:33,589][rl4co.models.rl.common.base][INFO] - Generating training dataset for next epoch...
[2026-02-18 16:48:53,434][rl4co.models.rl.common.base][INFO] - Generating training dataset for next epoch...
[2026-02-18 16:58:13,376][rl4co.models.rl.common.base][INFO] - Generating training dataset for next epoch...
[2026-02-18 17:07:32,975][rl4co.models.rl.common.base][INFO] - Generating training dataset for next epoch...
[2026-02-18 17:16:53,129][rl4co.models.rl.common.base][INFO] - Generating training dataset for next epoch...
[2026-02-18 17:26:12,837][rl4co.models.rl.common.base][INFO] - Generating training dataset for next epoch...
[2026-02-18 17:35:31,048][rl4co.models.rl.common.base][INFO] - Generating training dataset for next epoch...
[2026-02-18 17:44:49,440][rl4co.models.rl.common.base][INFO] - Generating training dataset for next epoch...
[2026-02-18 17:54:07,942][rl4co.models.rl.common.base][INFO] - Generating training dataset for next epoch...
[2026-02-18 18:03:26,334][rl4co.models.rl.common.base][INFO] - Generating training dataset for next epoch...
[2026-02-18 18:12:44,409][rl4co.models.rl.common.base][INFO] - Generating training dataset for next epoch...
[2026-02-18 18:22:02,843][rl4co.models.rl.common.base][INFO] - Generating training dataset for next epoch...
[2026-02-18 18:31:20,169][rl4co.models.rl.common.base][INFO] - Generating training dataset for next epoch...
[2026-02-18 18:40:37,421][rl4co.models.rl.common.base][INFO] - Generating training dataset for next epoch...
[2026-02-18 18:49:54,721][rl4co.models.rl.common.base][INFO] - Generating training dataset for next epoch...
[2026-02-18 18:59:12,280][rl4co.models.rl.common.base][INFO] - Generating training dataset for next epoch...
[2026-02-18 19:08:30,396][rl4co.models.rl.common.base][INFO] - Generating training dataset for next epoch...
[2026-02-18 19:17:52,579][rl4co.models.rl.common.base][INFO] - Generating training dataset for next epoch...
[2026-02-18 19:27:15,131][rl4co.models.rl.common.base][INFO] - Generating training dataset for next epoch...
[2026-02-18 19:36:41,172][rl4co.models.rl.common.base][INFO] - Generating training dataset for next epoch...
[2026-02-18 19:46:59,932][rl4co.models.rl.common.base][INFO] - Generating training dataset for next epoch...
[2026-02-18 19:57:20,578][rl4co.models.rl.common.base][INFO] - Generating training dataset for next epoch...
[2026-02-18 20:07:35,322][rl4co.models.rl.common.base][INFO] - Generating training dataset for next epoch...
[2026-02-18 20:17:01,149][rl4co.models.rl.common.base][INFO] - Generating training dataset for next epoch...
[2026-02-18 20:26:23,252][rl4co.models.rl.common.base][INFO] - Generating training dataset for next epoch...
[2026-02-18 20:35:45,506][rl4co.models.rl.common.base][INFO] - Generating training dataset for next epoch...
[2026-02-18 20:45:48,685][rl4co.models.rl.common.base][INFO] - Generating training dataset for next epoch...
[2026-02-18 20:56:14,387][rl4co.models.rl.common.base][INFO] - Generating training dataset for next epoch...
[2026-02-18 21:06:36,619][rl4co.models.rl.common.base][INFO] - Generating training dataset for next epoch...
[2026-02-18 21:17:04,449][rl4co.models.rl.common.base][INFO] - Generating training dataset for next epoch...
[2026-02-18 21:27:39,743][rl4co.models.rl.common.base][INFO] - Generating training dataset for next epoch...
[2026-02-18 21:37:59,057][rl4co.models.rl.common.base][INFO] - Generating training dataset for next epoch...
[2026-02-18 21:48:21,643][rl4co.models.rl.common.base][INFO] - Generating training dataset for next epoch...
[2026-02-18 21:58:41,382][rl4co.models.rl.common.base][INFO] - Generating training dataset for next epoch...
[2026-02-18 22:09:08,433][rl4co.models.rl.common.base][INFO] - Generating training dataset for next epoch...
[2026-02-18 22:19:29,836][rl4co.models.rl.common.base][INFO] - Generating training dataset for next epoch...
[2026-02-18 22:29:51,098][rl4co.models.rl.common.base][INFO] - Generating training dataset for next epoch...
[2026-02-18 22:40:09,338][rl4co.models.rl.common.base][INFO] - Generating training dataset for next epoch...
[2026-02-18 22:50:27,076][rl4co.models.rl.common.base][INFO] - Generating training dataset for next epoch...
[2026-02-18 23:00:49,701][rl4co.models.rl.common.base][INFO] - Generating training dataset for next epoch...
[2026-02-18 23:11:10,809][rl4co.models.rl.common.base][INFO] - Generating training dataset for next epoch...
[2026-02-18 23:21:33,233][rl4co.models.rl.common.base][INFO] - Generating training dataset for next epoch...
[2026-02-18 23:31:55,747][rl4co.models.rl.common.base][INFO] - Generating training dataset for next epoch...
[2026-02-18 23:41:15,858][rl4co.models.rl.common.base][INFO] - Generating training dataset for next epoch...
[2026-02-18 23:51:33,102][rl4co.models.rl.common.base][INFO] - Generating training dataset for next epoch...
[2026-02-19 00:01:54,355][rl4co.models.rl.common.base][INFO] - Generating training dataset for next epoch...
[2026-02-19 00:12:16,468][rl4co.models.rl.common.base][INFO] - Generating training dataset for next epoch...
[2026-02-19 00:22:49,043][rl4co.models.rl.common.base][INFO] - Generating training dataset for next epoch...
[2026-02-19 00:32:48,878][rl4co.models.rl.common.base][INFO] - Generating training dataset for next epoch...
[2026-02-19 00:42:21,130][rl4co.models.rl.common.base][INFO] - Generating training dataset for next epoch...
[2026-02-19 00:52:40,801][rl4co.models.rl.common.base][INFO] - Generating training dataset for next epoch...
[2026-02-19 01:03:03,761][rl4co.models.rl.common.base][INFO] - Generating training dataset for next epoch...
[2026-02-19 01:13:24,537][rl4co.models.rl.common.base][INFO] - Generating training dataset for next epoch...
[2026-02-19 01:23:07,440][rl4co.models.rl.common.base][INFO] - Generating training dataset for next epoch...
[2026-02-19 01:33:21,814][rl4co.models.rl.common.base][INFO] - Generating training dataset for next epoch...
[2026-02-19 01:43:12,169][rl4co.models.rl.common.base][INFO] - Generating training dataset for next epoch...
[2026-02-19 01:52:34,794][rl4co.models.rl.common.base][INFO] - Generating training dataset for next epoch...
[2026-02-19 02:02:23,915][rl4co.models.rl.common.base][INFO] - Generating training dataset for next epoch...
[2026-02-19 02:11:44,241][rl4co.models.rl.common.base][INFO] - Generating training dataset for next epoch...
[2026-02-19 02:21:08,549][rl4co.models.rl.common.base][INFO] - Generating training dataset for next epoch...
[2026-02-19 02:31:27,167][rl4co.models.rl.common.base][INFO] - Generating training dataset for next epoch...
[2026-02-19 02:41:51,007][rl4co.models.rl.common.base][INFO] - Generating training dataset for next epoch...
[2026-02-19 02:52:07,454][rl4co.models.rl.common.base][INFO] - Generating training dataset for next epoch...
[2026-02-19 03:02:25,285][rl4co.models.rl.common.base][INFO] - Generating training dataset for next epoch...
[2026-02-19 03:12:43,334][rl4co.models.rl.common.base][INFO] - Generating training dataset for next epoch...
[2026-02-19 03:23:23,804][rl4co.models.rl.common.base][INFO] - Generating training dataset for next epoch...
[2026-02-19 03:33:44,253][rl4co.models.rl.common.base][INFO] - Generating training dataset for next epoch...
[2026-02-19 03:44:04,903][rl4co.models.rl.common.base][INFO] - Generating training dataset for next epoch...
[2026-02-19 03:54:26,043][rl4co.models.rl.common.base][INFO] - Generating training dataset for next epoch...
[2026-02-19 04:04:45,052][rl4co.models.rl.common.base][INFO] - Generating training dataset for next epoch...
[2026-02-19 04:15:04,105][rl4co.models.rl.common.base][INFO] - Generating training dataset for next epoch...
[2026-02-19 04:25:26,854][rl4co.models.rl.common.base][INFO] - Generating training dataset for next epoch...
[2026-02-19 04:35:45,748][rl4co.models.rl.common.base][INFO] - Generating training dataset for next epoch...
[2026-02-19 04:45:06,884][rl4co.models.rl.common.base][INFO] - Generating training dataset for next epoch...
[2026-02-19 04:54:28,815][rl4co.models.rl.common.base][INFO] - Generating training dataset for next epoch...
[2026-02-19 05:03:47,377][rl4co.models.rl.common.base][INFO] - Generating training dataset for next epoch...
[2026-02-19 05:13:08,902][rl4co.models.rl.common.base][INFO] - Generating training dataset for next epoch...
[2026-02-19 05:22:30,809][rl4co.models.rl.common.base][INFO] - Generating training dataset for next epoch...
[2026-02-19 05:33:16,637][rl4co.models.rl.common.base][INFO] - Generating training dataset for next epoch...
[2026-02-19 05:42:37,221][rl4co.models.rl.common.base][INFO] - Generating training dataset for next epoch...
[2026-02-19 05:51:54,388][rl4co.models.rl.common.base][INFO] - Generating training dataset for next epoch...
[2026-02-19 06:01:31,219][rl4co.models.rl.common.base][INFO] - Generating training dataset for next epoch...
[2026-02-19 06:10:52,247][rl4co.models.rl.common.base][INFO] - Generating training dataset for next epoch...
[2026-02-19 06:20:14,035][rl4co.models.rl.common.base][INFO] - Generating training dataset for next epoch...
[2026-02-19 06:29:45,469][rl4co.models.rl.common.base][INFO] - Generating training dataset for next epoch...
[2026-02-19 06:40:05,804][rl4co.models.rl.common.base][INFO] - Generating training dataset for next epoch...
[2026-02-19 06:50:25,201][rl4co.models.rl.common.base][INFO] - Generating training dataset for next epoch...
[2026-02-19 06:59:48,588][rl4co.models.rl.common.base][INFO] - Generating training dataset for next epoch...
[2026-02-19 07:09:08,531][rl4co.models.rl.common.base][INFO] - Generating training dataset for next epoch...
[2026-02-19 07:18:30,340][rl4co.models.rl.common.base][INFO] - Generating training dataset for next epoch...
[2026-02-19 07:27:49,803][rl4co.models.rl.common.base][INFO] - Generating training dataset for next epoch...
[2026-02-19 07:37:10,355][rl4co.models.rl.common.base][INFO] - Generating training dataset for next epoch...
[2026-02-19 07:46:32,217][rl4co.models.rl.common.base][INFO] - Generating training dataset for next epoch...
[2026-02-19 07:55:55,651][rl4co.models.rl.common.base][INFO] - Generating training dataset for next epoch...
[2026-02-19 08:06:18,542][rl4co.models.rl.common.base][INFO] - Generating training dataset for next epoch...
[2026-02-19 08:16:41,591][rl4co.models.rl.common.base][INFO] - Generating training dataset for next epoch...
[2026-02-19 08:27:03,373][rl4co.models.rl.common.base][INFO] - Generating training dataset for next epoch...
[2026-02-19 08:37:24,739][rl4co.models.rl.common.base][INFO] - Generating training dataset for next epoch...
[2026-02-19 08:47:45,445][rl4co.models.rl.common.base][INFO] - Generating training dataset for next epoch...
[2026-02-19 08:58:06,304][rl4co.models.rl.common.base][INFO] - Generating training dataset for next epoch...
[2026-02-19 09:08:21,639][rl4co.models.rl.common.base][INFO] - Generating training dataset for next epoch...
[2026-02-19 09:17:56,512][rl4co.models.rl.common.base][INFO] - Generating training dataset for next epoch...
[2026-02-19 09:27:18,388][rl4co.models.rl.common.base][INFO] - Generating training dataset for next epoch...
[2026-02-19 09:36:40,116][rl4co.models.rl.common.base][INFO] - Generating training dataset for next epoch...
[2026-02-19 09:46:00,819][rl4co.models.rl.common.base][INFO] - Generating training dataset for next epoch...
[2026-02-19 09:55:24,500][rl4co.models.rl.common.base][INFO] - Generating training dataset for next epoch...
[2026-02-19 10:04:47,829][rl4co.models.rl.common.base][INFO] - Generating training dataset for next epoch...
[2026-02-19 10:15:11,765][rl4co.models.rl.common.base][INFO] - Generating training dataset for next epoch...
[2026-02-19 10:25:34,993][rl4co.models.rl.common.base][INFO] - Generating training dataset for next epoch...
[2026-02-19 10:35:58,449][rl4co.models.rl.common.base][INFO] - Generating training dataset for next epoch...
[2026-02-19 10:46:21,921][rl4co.models.rl.common.base][INFO] - Generating training dataset for next epoch...
[2026-02-19 10:56:45,488][rl4co.models.rl.common.base][INFO] - Generating training dataset for next epoch...
[2026-02-19 11:07:09,156][rl4co.models.rl.common.base][INFO] - Generating training dataset for next epoch...
[2026-02-19 11:17:05,908][rl4co.models.rl.common.base][INFO] - Generating training dataset for next epoch...
[2026-02-19 11:26:29,033][rl4co.models.rl.common.base][INFO] - Generating training dataset for next epoch...
[2026-02-19 11:35:52,474][rl4co.models.rl.common.base][INFO] - Generating training dataset for next epoch...
[2026-02-19 11:46:16,047][rl4co.models.rl.common.base][INFO] - Generating training dataset for next epoch...
[2026-02-19 11:56:40,002][rl4co.models.rl.common.base][INFO] - Generating training dataset for next epoch...
[2026-02-19 12:05:59,186][rl4co.models.rl.common.base][INFO] - Generating training dataset for next epoch...
[2026-02-19 12:15:17,904][rl4co.models.rl.common.base][INFO] - Generating training dataset for next epoch...
[2026-02-19 12:24:36,673][rl4co.models.rl.common.base][INFO] - Generating training dataset for next epoch...
[2026-02-19 12:33:54,550][rl4co.models.rl.common.base][INFO] - Generating training dataset for next epoch...
[2026-02-19 12:43:12,449][rl4co.models.rl.common.base][INFO] - Generating training dataset for next epoch...
[2026-02-19 12:52:30,447][rl4co.models.rl.common.base][INFO] - Generating training dataset for next epoch...
[2026-02-19 13:01:51,993][rl4co.models.rl.common.base][INFO] - Generating training dataset for next epoch...
[2026-02-19 13:11:13,824][rl4co.models.rl.common.base][INFO] - Generating training dataset for next epoch...
[2026-02-19 13:20:35,087][rl4co.models.rl.common.base][INFO] - Generating training dataset for next epoch...
[2026-02-19 13:29:56,481][rl4co.models.rl.common.base][INFO] - Generating training dataset for next epoch...
[2026-02-19 13:39:21,943][rl4co.models.rl.common.base][INFO] - Generating training dataset for next epoch...
[2026-02-19 13:48:47,296][rl4co.models.rl.common.base][INFO] - Generating training dataset for next epoch...
[2026-02-19 13:58:12,579][rl4co.models.rl.common.base][INFO] - Generating training dataset for next epoch...
[2026-02-19 14:07:37,923][rl4co.models.rl.common.base][INFO] - Generating training dataset for next epoch...
[2026-02-19 14:17:03,294][rl4co.models.rl.common.base][INFO] - Generating training dataset for next epoch...
[2026-02-19 14:26:28,465][rl4co.models.rl.common.base][INFO] - Generating training dataset for next epoch...
[2026-02-19 14:35:53,884][rl4co.models.rl.common.base][INFO] - Generating training dataset for next epoch...
[2026-02-19 14:45:19,346][rl4co.models.rl.common.base][INFO] - Generating training dataset for next epoch...
[2026-02-19 14:54:44,657][rl4co.models.rl.common.base][INFO] - Generating training dataset for next epoch...
[2026-02-19 15:04:09,767][rl4co.models.rl.common.base][INFO] - Generating training dataset for next epoch...
[2026-02-19 15:13:34,542][rl4co.models.rl.common.base][INFO] - Generating training dataset for next epoch...
[2026-02-19 15:22:59,744][rl4co.models.rl.common.base][INFO] - Generating training dataset for next epoch...
[2026-02-19 15:32:24,827][rl4co.models.rl.common.base][INFO] - Generating training dataset for next epoch...
[2026-02-19 15:41:49,881][rl4co.models.rl.common.base][INFO] - Generating training dataset for next epoch...
[2026-02-19 15:51:14,885][rl4co.models.rl.common.base][INFO] - Generating training dataset for next epoch...
[2026-02-19 16:00:39,975][rl4co.models.rl.common.base][INFO] - Generating training dataset for next epoch...
[2026-02-19 16:10:04,613][rl4co.models.rl.common.base][INFO] - Generating training dataset for next epoch...
[2026-02-19 16:19:29,216][rl4co.models.rl.common.base][INFO] - Generating training dataset for next epoch...
[2026-02-19 16:28:53,706][rl4co.models.rl.common.base][INFO] - Generating training dataset for next epoch...
[2026-02-19 16:38:18,246][rl4co.models.rl.common.base][INFO] - Generating training dataset for next epoch...
[2026-02-19 16:47:42,913][rl4co.models.rl.common.base][INFO] - Generating training dataset for next epoch...
[2026-02-19 16:57:07,407][rl4co.models.rl.common.base][INFO] - Generating training dataset for next epoch...
[2026-02-19 17:06:31,885][rl4co.models.rl.common.base][INFO] - Generating training dataset for next epoch...
[2026-02-19 17:15:54,512][rl4co.models.rl.common.base][INFO] - Generating training dataset for next epoch...
[2026-02-19 17:25:13,268][rl4co.models.rl.common.base][INFO] - Generating training dataset for next epoch...
[2026-02-19 17:34:30,916][rl4co.models.rl.common.base][INFO] - Generating training dataset for next epoch...
[2026-02-19 17:43:48,923][rl4co.models.rl.common.base][INFO] - Generating training dataset for next epoch...
[2026-02-19 17:53:06,710][rl4co.models.rl.common.base][INFO] - Generating training dataset for next epoch...
[2026-02-19 18:02:24,294][rl4co.models.rl.common.base][INFO] - Generating training dataset for next epoch...
[2026-02-19 18:11:42,257][rl4co.models.rl.common.base][INFO] - Generating training dataset for next epoch...
[2026-02-19 18:21:00,359][rl4co.models.rl.common.base][INFO] - Generating training dataset for next epoch...
[2026-02-19 18:30:18,133][rl4co.models.rl.common.base][INFO] - Generating training dataset for next epoch...
[2026-02-19 18:39:36,534][rl4co.models.rl.common.base][INFO] - Generating training dataset for next epoch...
[2026-02-19 18:48:54,735][rl4co.models.rl.common.base][INFO] - Generating training dataset for next epoch...
[2026-02-19 18:58:12,852][rl4co.models.rl.common.base][INFO] - Generating training dataset for next epoch...
[2026-02-19 19:07:31,409][rl4co.models.rl.common.base][INFO] - Generating training dataset for next epoch...
[2026-02-19 19:16:51,762][rl4co.models.rl.common.base][INFO] - Generating training dataset for next epoch...
[2026-02-19 19:26:12,958][rl4co.models.rl.common.base][INFO] - Generating training dataset for next epoch...
[2026-02-19 19:35:34,154][rl4co.models.rl.common.base][INFO] - Generating training dataset for next epoch...
[2026-02-19 19:44:55,684][rl4co.models.rl.common.base][INFO] - Generating training dataset for next epoch...
[2026-02-19 19:54:17,245][rl4co.models.rl.common.base][INFO] - Generating training dataset for next epoch...
[2026-02-19 20:03:38,525][rl4co.models.rl.common.base][INFO] - Generating training dataset for next epoch...
[2026-02-19 20:13:00,002][rl4co.models.rl.common.base][INFO] - Generating training dataset for next epoch...
[2026-02-19 20:22:21,449][rl4co.models.rl.common.base][INFO] - Generating training dataset for next epoch...
[2026-02-19 20:31:42,697][rl4co.models.rl.common.base][INFO] - Generating training dataset for next epoch...
[2026-02-19 20:41:04,176][rl4co.models.rl.common.base][INFO] - Generating training dataset for next epoch...
[2026-02-19 20:50:25,394][rl4co.models.rl.common.base][INFO] - Generating training dataset for next epoch...
[2026-02-19 20:59:48,231][rl4co.models.rl.common.base][INFO] - Generating training dataset for next epoch...
[2026-02-19 21:09:10,978][rl4co.models.rl.common.base][INFO] - Generating training dataset for next epoch...
[2026-02-19 21:18:30,982][rl4co.models.rl.common.base][INFO] - Generating training dataset for next epoch...
[2026-02-19 21:27:55,476][rl4co.models.rl.common.base][INFO] - Generating training dataset for next epoch...
[2026-02-19 21:38:12,468][rl4co.models.rl.common.base][INFO] - Generating training dataset for next epoch...
[2026-02-19 21:48:30,682][rl4co.models.rl.common.base][INFO] - Generating training dataset for next epoch...
[2026-02-19 21:58:51,777][rl4co.models.rl.common.base][INFO] - Generating training dataset for next epoch...
[2026-02-19 22:09:14,679][rl4co.models.rl.common.base][INFO] - Generating training dataset for next epoch...
[2026-02-19 22:19:37,345][rl4co.models.rl.common.base][INFO] - Generating training dataset for next epoch...
[2026-02-19 22:30:03,454][rl4co.models.rl.common.base][INFO] - Generating training dataset for next epoch...
[2026-02-19 22:40:30,609][rl4co.models.rl.common.base][INFO] - Generating training dataset for next epoch...
[2026-02-19 22:50:47,441][rl4co.models.rl.common.base][INFO] - Generating training dataset for next epoch...
[2026-02-19 23:01:03,219][rl4co.models.rl.common.base][INFO] - Generating training dataset for next epoch...
[2026-02-19 23:11:25,063][rl4co.models.rl.common.base][INFO] - Generating training dataset for next epoch...
[2026-02-19 23:21:41,834][rl4co.models.rl.common.base][INFO] - Generating training dataset for next epoch...
[2026-02-19 23:32:03,092][rl4co.models.rl.common.base][INFO] - Generating training dataset for next epoch...
[2026-02-19 23:42:25,076][rl4co.models.rl.common.base][INFO] - Generating training dataset for next epoch...
[2026-02-19 23:51:58,312][rl4co.models.rl.common.base][INFO] - Generating training dataset for next epoch...
[2026-02-20 00:01:24,326][rl4co.models.rl.common.base][INFO] - Generating training dataset for next epoch...
[2026-02-20 00:10:50,675][rl4co.models.rl.common.base][INFO] - Generating training dataset for next epoch...
[2026-02-20 00:21:07,479][rl4co.models.rl.common.base][INFO] - Generating training dataset for next epoch...
[2026-02-20 00:31:30,269][rl4co.models.rl.common.base][INFO] - Generating training dataset for next epoch...
[2026-02-20 00:41:53,143][rl4co.models.rl.common.base][INFO] - Generating training dataset for next epoch...
[2026-02-20 00:52:15,327][rl4co.models.rl.common.base][INFO] - Generating training dataset for next epoch...
[2026-02-20 01:02:37,739][rl4co.models.rl.common.base][INFO] - Generating training dataset for next epoch...
[2026-02-20 01:12:44,920][rl4co.models.rl.common.base][INFO] - Generating training dataset for next epoch...
[2026-02-20 01:22:07,146][rl4co.models.rl.common.base][INFO] - Generating training dataset for next epoch...
[2026-02-20 01:31:38,374][rl4co.models.rl.common.base][INFO] - Generating training dataset for next epoch...
[2026-02-20 01:41:28,594][rl4co.models.rl.common.base][INFO] - Generating training dataset for next epoch...
[2026-02-20 01:50:51,074][rl4co.models.rl.common.base][INFO] - Generating training dataset for next epoch...
[2026-02-20 02:00:10,311][rl4co.models.rl.common.base][INFO] - Generating training dataset for next epoch...
[2026-02-20 02:09:32,202][rl4co.models.rl.common.base][INFO] - Generating training dataset for next epoch...
[2026-02-20 02:18:56,144][rl4co.models.rl.common.base][INFO] - Generating training dataset for next epoch...
[2026-02-20 02:28:19,429][rl4co.models.rl.common.base][INFO] - Generating training dataset for next epoch...
[2026-02-20 02:37:40,631][rl4co.models.rl.common.base][INFO] - Generating training dataset for next epoch...
[2026-02-20 02:46:59,278][rl4co.models.rl.common.base][INFO] - Generating training dataset for next epoch...
[2026-02-20 02:56:33,125][rl4co.models.rl.common.base][INFO] - Generating training dataset for next epoch...
[2026-02-20 03:06:21,046][rl4co.models.rl.common.base][INFO] - Generating training dataset for next epoch...
[2026-02-20 03:15:49,648][rl4co.models.rl.common.base][INFO] - Generating training dataset for next epoch...
[2026-02-20 03:25:09,835][rl4co.models.rl.common.base][INFO] - Generating training dataset for next epoch...
[2026-02-20 03:34:30,857][rl4co.models.rl.common.base][INFO] - Generating training dataset for next epoch...
[2026-02-20 03:43:50,063][rl4co.models.rl.common.base][INFO] - Generating training dataset for next epoch...
[2026-02-20 03:53:15,352][rl4co.models.rl.common.base][INFO] - Generating training dataset for next epoch...
[2026-02-20 04:02:41,961][rl4co.models.rl.common.base][INFO] - Generating training dataset for next epoch...
[2026-02-20 04:12:01,303][rl4co.models.rl.common.base][INFO] - Generating training dataset for next epoch...
[2026-02-20 04:21:45,647][rl4co.models.rl.common.base][INFO] - Generating training dataset for next epoch...
[2026-02-20 04:32:08,031][rl4co.models.rl.common.base][INFO] - Generating training dataset for next epoch...
[2026-02-20 04:42:17,979][rl4co.models.rl.common.base][INFO] - Generating training dataset for next epoch...
[2026-02-20 04:52:38,646][rl4co.models.rl.common.base][INFO] - Generating training dataset for next epoch...
[2026-02-20 05:03:01,110][rl4co.models.rl.common.base][INFO] - Generating training dataset for next epoch...
[2026-02-20 05:13:20,011][rl4co.models.rl.common.base][INFO] - Generating training dataset for next epoch...
[2026-02-20 05:23:33,275][rl4co.models.rl.common.base][INFO] - Generating training dataset for next epoch...
[2026-02-20 05:34:01,062][rl4co.models.rl.common.base][INFO] - Generating training dataset for next epoch...
[2026-02-20 05:43:43,521][rl4co.models.rl.common.base][INFO] - Generating training dataset for next epoch...
[2026-02-20 05:53:07,125][rl4co.models.rl.common.base][INFO] - Generating training dataset for next epoch...
[2026-02-20 06:02:30,819][rl4co.models.rl.common.base][INFO] - Generating training dataset for next epoch...
[2026-02-20 06:11:54,740][rl4co.models.rl.common.base][INFO] - Generating training dataset for next epoch...
[2026-02-20 06:21:16,251][rl4co.models.rl.common.base][INFO] - Generating training dataset for next epoch...
[2026-02-20 06:30:37,008][rl4co.models.rl.common.base][INFO] - Generating training dataset for next epoch...
[2026-02-20 06:39:55,598][rl4co.models.rl.common.base][INFO] - Generating training dataset for next epoch...
[2026-02-20 06:49:19,455][rl4co.models.rl.common.base][INFO] - Generating training dataset for next epoch...
[2026-02-20 06:58:39,164][rl4co.models.rl.common.base][INFO] - Generating training dataset for next epoch...
[2026-02-20 07:08:03,040][rl4co.models.rl.common.base][INFO] - Generating training dataset for next epoch...
[2026-02-20 07:17:24,123][rl4co.models.rl.common.base][INFO] - Generating training dataset for next epoch...
[2026-02-20 07:27:02,186][rl4co.models.rl.common.base][INFO] - Generating training dataset for next epoch...
[2026-02-20 07:37:19,157][rl4co.models.rl.common.base][INFO] - Generating training dataset for next epoch...
[2026-02-20 07:47:38,352][rl4co.models.rl.common.base][INFO] - Generating training dataset for next epoch...
[2026-02-20 07:57:17,563][rl4co.models.rl.common.base][INFO] - Generating training dataset for next epoch...
[2026-02-20 08:06:42,788][rl4co.models.rl.common.base][INFO] - Generating training dataset for next epoch...
[2026-02-20 08:16:03,389][rl4co.models.rl.common.base][INFO] - Generating training dataset for next epoch...
[2026-02-20 08:25:24,079][rl4co.models.rl.common.base][INFO] - Generating training dataset for next epoch...
[2026-02-20 08:35:32,929][rl4co.models.rl.common.base][INFO] - Generating training dataset for next epoch...
[2026-02-20 08:45:05,965][rl4co.models.rl.common.base][INFO] - Generating training dataset for next epoch...
[2026-02-20 08:54:53,261][rl4co.models.rl.common.base][INFO] - Generating training dataset for next epoch...
[2026-02-20 09:04:13,418][rl4co.models.rl.common.base][INFO] - Generating training dataset for next epoch...
[2026-02-20 09:13:37,355][rl4co.models.rl.common.base][INFO] - Generating training dataset for next epoch...
[2026-02-20 09:22:58,964][rl4co.models.rl.common.base][INFO] - Generating training dataset for next epoch...
[2026-02-20 09:32:38,845][rl4co.models.rl.common.base][INFO] - Generating training dataset for next epoch...
[2026-02-20 09:41:59,258][rl4co.models.rl.common.base][INFO] - Generating training dataset for next epoch...
[2026-02-20 09:51:21,932][rl4co.models.rl.common.base][INFO] - Generating training dataset for next epoch...
[2026-02-20 10:00:45,026][rl4co.models.rl.common.base][INFO] - Generating training dataset for next epoch...
[2026-02-20 10:10:14,234][rl4co.models.rl.common.base][INFO] - Generating training dataset for next epoch...
[2026-02-20 10:19:35,093][rl4co.models.rl.common.base][INFO] - Generating training dataset for next epoch...
[2026-02-20 10:28:59,628][rl4co.models.rl.common.base][INFO] - Generating training dataset for next epoch...
[2026-02-20 10:38:21,582][rl4co.models.rl.common.base][INFO] - Generating training dataset for next epoch...
[2026-02-20 10:47:47,131][rl4co.models.rl.common.base][INFO] - Generating training dataset for next epoch...
[2026-02-20 10:57:08,117][rl4co.models.rl.common.base][INFO] - Generating training dataset for next epoch...
[2026-02-20 11:06:27,592][rl4co.models.rl.common.base][INFO] - Generating training dataset for next epoch...
[2026-02-20 11:16:01,694][rl4co.models.rl.common.base][INFO] - Generating training dataset for next epoch...
[2026-02-20 11:25:24,349][rl4co.models.rl.common.base][INFO] - Generating training dataset for next epoch...
[2026-02-20 11:34:46,297][rl4co.models.rl.common.base][INFO] - Generating training dataset for next epoch...
[2026-02-20 11:44:28,774][rl4co.models.rl.common.base][INFO] - Generating training dataset for next epoch...
[2026-02-20 11:54:49,154][rl4co.models.rl.common.base][INFO] - Generating training dataset for next epoch...
[2026-02-20 12:05:09,260][rl4co.models.rl.common.base][INFO] - Generating training dataset for next epoch...
[2026-02-20 12:15:25,151][rl4co.models.rl.common.base][INFO] - Generating training dataset for next epoch...
[2026-02-20 12:25:42,080][rl4co.models.rl.common.base][INFO] - Generating training dataset for next epoch...
[2026-02-20 12:36:00,022][rl4co.models.rl.common.base][INFO] - Generating training dataset for next epoch...
[2026-02-20 12:46:19,188][rl4co.models.rl.common.base][INFO] - Generating training dataset for next epoch...
[2026-02-20 12:55:42,202][rl4co.models.rl.common.base][INFO] - Generating training dataset for next epoch...
[2026-02-20 13:05:05,011][rl4co.models.rl.common.base][INFO] - Generating training dataset for next epoch...
[2026-02-20 13:14:27,724][rl4co.models.rl.common.base][INFO] - Generating training dataset for next epoch...
[2026-02-20 13:23:50,123][rl4co.models.rl.common.base][INFO] - Generating training dataset for next epoch...
[2026-02-20 13:33:12,700][rl4co.models.rl.common.base][INFO] - Generating training dataset for next epoch...
[2026-02-20 13:42:35,461][rl4co.models.rl.common.base][INFO] - Generating training dataset for next epoch...
[2026-02-20 13:51:58,118][rl4co.models.rl.common.base][INFO] - Generating training dataset for next epoch...
[2026-02-20 14:01:19,996][rl4co.models.rl.common.base][INFO] - Generating training dataset for next epoch...
[2026-02-20 14:10:41,546][rl4co.models.rl.common.base][INFO] - Generating training dataset for next epoch...
[2026-02-20 14:20:02,899][rl4co.models.rl.common.base][INFO] - Generating training dataset for next epoch...
[2026-02-20 14:29:24,463][rl4co.models.rl.common.base][INFO] - Generating training dataset for next epoch...
[2026-02-20 14:38:46,004][rl4co.models.rl.common.base][INFO] - Generating training dataset for next epoch...
[2026-02-20 14:48:07,518][rl4co.models.rl.common.base][INFO] - Generating training dataset for next epoch...
[2026-02-20 14:57:28,513][rl4co.models.rl.common.base][INFO] - Generating training dataset for next epoch...
[2026-02-20 15:06:48,672][rl4co.models.rl.common.base][INFO] - Generating training dataset for next epoch...
[2026-02-20 15:16:08,722][rl4co.models.rl.common.base][INFO] - Generating training dataset for next epoch...
[2026-02-20 15:25:29,203][rl4co.models.rl.common.base][INFO] - Generating training dataset for next epoch...
[2026-02-20 15:34:49,499][rl4co.models.rl.common.base][INFO] - Generating training dataset for next epoch...
[2026-02-20 15:44:09,688][rl4co.models.rl.common.base][INFO] - Generating training dataset for next epoch...
[2026-02-20 15:53:29,949][rl4co.models.rl.common.base][INFO] - Generating training dataset for next epoch...
[2026-02-20 16:02:50,188][rl4co.models.rl.common.base][INFO] - Generating training dataset for next epoch...
[2026-02-20 16:12:09,734][rl4co.models.rl.common.base][INFO] - Generating training dataset for next epoch...
[2026-02-20 16:21:29,577][rl4co.models.rl.common.base][INFO] - Generating training dataset for next epoch...
[2026-02-20 16:30:49,075][rl4co.models.rl.common.base][INFO] - Generating training dataset for next epoch...
[2026-02-20 16:40:08,190][rl4co.models.rl.common.base][INFO] - Generating training dataset for next epoch...
[2026-02-20 16:49:27,796][rl4co.models.rl.common.base][INFO] - Generating training dataset for next epoch...
[2026-02-20 16:58:47,337][rl4co.models.rl.common.base][INFO] - Generating training dataset for next epoch...
[2026-02-20 17:08:06,525][rl4co.models.rl.common.base][INFO] - Generating training dataset for next epoch...
[2026-02-20 17:17:41,506][rl4co.models.rl.common.base][INFO] - Generating training dataset for next epoch...
[2026-02-20 17:27:09,456][rl4co.models.rl.common.base][INFO] - Generating training dataset for next epoch...
[2026-02-20 17:36:36,004][rl4co.models.rl.common.base][INFO] - Generating training dataset for next epoch...
[2026-02-20 17:46:02,183][rl4co.models.rl.common.base][INFO] - Generating training dataset for next epoch...
[2026-02-20 17:55:28,300][rl4co.models.rl.common.base][INFO] - Generating training dataset for next epoch...
[2026-02-20 18:04:54,613][rl4co.models.rl.common.base][INFO] - Generating training dataset for next epoch...
[2026-02-20 18:14:18,661][rl4co.models.rl.common.base][INFO] - Generating training dataset for next epoch...
[2026-02-20 18:23:44,641][rl4co.models.rl.common.base][INFO] - Generating training dataset for next epoch...
[2026-02-20 18:33:27,105][rl4co.models.rl.common.base][INFO] - Generating training dataset for next epoch...
[2026-02-20 18:43:24,717][rl4co.models.rl.common.base][INFO] - Generating training dataset for next epoch...
[2026-02-20 18:53:20,323][rl4co.models.rl.common.base][INFO] - Generating training dataset for next epoch...
[2026-02-20 19:02:45,251][rl4co.models.rl.common.base][INFO] - Generating training dataset for next epoch...
[2026-02-20 19:12:14,494][rl4co.models.rl.common.base][INFO] - Generating training dataset for next epoch...
[2026-02-20 19:21:39,515][rl4co.models.rl.common.base][INFO] - Generating training dataset for next epoch...
[2026-02-20 19:30:59,344][rl4co.models.rl.common.base][INFO] - Generating training dataset for next epoch...
[2026-02-20 19:40:18,176][rl4co.models.rl.common.base][INFO] - Generating training dataset for next epoch...
[2026-02-20 19:49:38,709][rl4co.models.rl.common.base][INFO] - Generating training dataset for next epoch...
[2026-02-20 19:59:18,492][rl4co.models.rl.common.base][INFO] - Generating training dataset for next epoch...
[2026-02-20 20:08:46,424][rl4co.models.rl.common.base][INFO] - Generating training dataset for next epoch...
[2026-02-20 20:18:56,058][rl4co.models.rl.common.base][INFO] - Generating training dataset for next epoch...
[2026-02-20 20:29:17,178][rl4co.models.rl.common.base][INFO] - Generating training dataset for next epoch...
[2026-02-20 20:39:35,358][rl4co.models.rl.common.base][INFO] - Generating training dataset for next epoch...
[2026-02-20 20:50:08,753][rl4co.models.rl.common.base][INFO] - Generating training dataset for next epoch...
[2026-02-20 21:00:34,042][rl4co.models.rl.common.base][INFO] - Generating training dataset for next epoch...
[2026-02-20 21:10:19,609][rl4co.models.rl.common.base][INFO] - Generating training dataset for next epoch...
[2026-02-20 21:19:39,124][rl4co.models.rl.common.base][INFO] - Generating training dataset for next epoch...
[2026-02-20 21:29:03,387][rl4co.models.rl.common.base][INFO] - Generating training dataset for next epoch...
[2026-02-20 21:39:02,937][rl4co.models.rl.common.base][INFO] - Generating training dataset for next epoch...
[2026-02-20 21:49:24,640][rl4co.models.rl.common.base][INFO] - Generating training dataset for next epoch...
[2026-02-20 21:58:46,428][rl4co.models.rl.common.base][INFO] - Generating training dataset for next epoch...
[2026-02-20 22:08:08,546][rl4co.models.rl.common.base][INFO] - Generating training dataset for next epoch...
[2026-02-20 22:18:01,495][rl4co.models.rl.common.base][INFO] - Generating training dataset for next epoch...
[2026-02-20 22:28:24,732][rl4co.models.rl.common.base][INFO] - Generating training dataset for next epoch...
[2026-02-20 22:37:44,976][rl4co.models.rl.common.base][INFO] - Generating training dataset for next epoch...
[2026-02-20 22:47:05,671][rl4co.models.rl.common.base][INFO] - Generating training dataset for next epoch...
[2026-02-20 22:56:27,352][rl4co.models.rl.common.base][INFO] - Generating training dataset for next epoch...
[2026-02-20 23:05:49,506][rl4co.models.rl.common.base][INFO] - Generating training dataset for next epoch...
[2026-02-20 23:15:11,453][rl4co.models.rl.common.base][INFO] - Generating training dataset for next epoch...
[2026-02-20 23:24:36,865][rl4co.models.rl.common.base][INFO] - Generating training dataset for next epoch...
[2026-02-20 23:33:58,187][rl4co.models.rl.common.base][INFO] - Generating training dataset for next epoch...
[2026-02-20 23:43:18,521][rl4co.models.rl.common.base][INFO] - Generating training dataset for next epoch...
[2026-02-20 23:52:40,490][rl4co.models.rl.common.base][INFO] - Generating training dataset for next epoch...
[2026-02-21 00:02:02,701][rl4co.models.rl.common.base][INFO] - Generating training dataset for next epoch...
[2026-02-21 00:11:24,687][rl4co.models.rl.common.base][INFO] - Generating training dataset for next epoch...
[2026-02-21 00:20:47,174][rl4co.models.rl.common.base][INFO] - Generating training dataset for next epoch...
[2026-02-21 00:30:09,330][rl4co.models.rl.common.base][INFO] - Generating training dataset for next epoch...
[2026-02-21 00:39:32,029][rl4co.models.rl.common.base][INFO] - Generating training dataset for next epoch...
[2026-02-21 00:48:54,312][rl4co.models.rl.common.base][INFO] - Generating training dataset for next epoch...
[2026-02-21 00:58:16,344][rl4co.models.rl.common.base][INFO] - Generating training dataset for next epoch...
[2026-02-21 01:07:42,277][rl4co.models.rl.common.base][INFO] - Generating training dataset for next epoch...
[2026-02-21 01:17:07,924][rl4co.models.rl.common.base][INFO] - Generating training dataset for next epoch...
[2026-02-21 01:26:33,767][rl4co.models.rl.common.base][INFO] - Generating training dataset for next epoch...
[2026-02-21 01:35:59,513][rl4co.models.rl.common.base][INFO] - Generating training dataset for next epoch...
[2026-02-21 01:45:25,532][rl4co.models.rl.common.base][INFO] - Generating training dataset for next epoch...
[2026-02-21 01:55:03,667][rl4co.models.rl.common.base][INFO] - Generating training dataset for next epoch...
[2026-02-21 02:04:23,700][rl4co.models.rl.common.base][INFO] - Generating training dataset for next epoch...
[2026-02-21 02:13:45,529][rl4co.models.rl.common.base][INFO] - Generating training dataset for next epoch...
[2026-02-21 02:23:04,947][rl4co.models.rl.common.base][INFO] - Generating training dataset for next epoch...
[2026-02-21 02:32:26,704][rl4co.models.rl.common.base][INFO] - Generating training dataset for next epoch...
[2026-02-21 02:41:51,574][rl4co.models.rl.common.base][INFO] - Generating training dataset for next epoch...
[2026-02-21 02:52:38,182][rl4co.models.rl.common.base][INFO] - Generating training dataset for next epoch...
[2026-02-21 03:02:54,068][rl4co.models.rl.common.base][INFO] - Generating training dataset for next epoch...
[2026-02-21 03:13:07,994][rl4co.models.rl.common.base][INFO] - Generating training dataset for next epoch...
[2026-02-21 03:22:35,964][rl4co.models.rl.common.base][INFO] - Generating training dataset for next epoch...
[2026-02-21 03:32:00,913][rl4co.models.rl.common.base][INFO] - Generating training dataset for next epoch...
[2026-02-21 03:41:23,713][rl4co.models.rl.common.base][INFO] - Generating training dataset for next epoch...
[2026-02-21 03:50:43,886][rl4co.models.rl.common.base][INFO] - Generating training dataset for next epoch...
[2026-02-21 04:00:04,965][rl4co.models.rl.common.base][INFO] - Generating training dataset for next epoch...
[2026-02-21 04:09:58,678][rl4co.models.rl.common.base][INFO] - Generating training dataset for next epoch...
[2026-02-21 04:19:21,687][rl4co.models.rl.common.base][INFO] - Generating training dataset for next epoch...
[2026-02-21 04:28:42,965][rl4co.models.rl.common.base][INFO] - Generating training dataset for next epoch...
[2026-02-21 04:38:03,958][rl4co.models.rl.common.base][INFO] - Generating training dataset for next epoch...
[2026-02-21 04:47:24,969][rl4co.models.rl.common.base][INFO] - Generating training dataset for next epoch...
[2026-02-21 04:56:45,978][rl4co.models.rl.common.base][INFO] - Generating training dataset for next epoch...
[2026-02-21 05:06:06,999][rl4co.models.rl.common.base][INFO] - Generating training dataset for next epoch...
[2026-02-21 05:15:27,926][rl4co.models.rl.common.base][INFO] - Generating training dataset for next epoch...
[2026-02-21 05:24:49,258][rl4co.models.rl.common.base][INFO] - Generating training dataset for next epoch...
[2026-02-21 05:34:10,192][rl4co.models.rl.common.base][INFO] - Generating training dataset for next epoch...
[2026-02-21 05:43:31,166][rl4co.models.rl.common.base][INFO] - Generating training dataset for next epoch...
[2026-02-21 05:52:55,494][rl4co.models.rl.common.base][INFO] - Generating training dataset for next epoch...
[2026-02-21 06:02:19,725][rl4co.models.rl.common.base][INFO] - Generating training dataset for next epoch...
[2026-02-21 06:12:29,155][rl4co.models.rl.common.base][INFO] - Generating training dataset for next epoch...
[2026-02-21 06:22:47,570][rl4co.models.rl.common.base][INFO] - Generating training dataset for next epoch...
[2026-02-21 06:32:39,141][rl4co.models.rl.common.base][INFO] - Generating training dataset for next epoch...
[2026-02-21 06:42:04,107][rl4co.models.rl.common.base][INFO] - Generating training dataset for next epoch...
[2026-02-21 06:51:23,164][rl4co.models.rl.common.base][INFO] - Generating training dataset for next epoch...
[2026-02-21 07:00:47,786][rl4co.models.rl.common.base][INFO] - Generating training dataset for next epoch...
[2026-02-21 07:10:28,442][rl4co.models.rl.common.base][INFO] - Generating training dataset for next epoch...
[2026-02-21 07:20:23,739][rl4co.models.rl.common.base][INFO] - Generating training dataset for next epoch...
[2026-02-21 07:30:41,983][rl4co.models.rl.common.base][INFO] - Generating training dataset for next epoch...
[2026-02-21 07:40:58,897][rl4co.models.rl.common.base][INFO] - Generating training dataset for next epoch...
[2026-02-21 07:51:27,189][rl4co.models.rl.common.base][INFO] - Generating training dataset for next epoch...
[2026-02-21 08:01:48,125][rl4co.models.rl.common.base][INFO] - Generating training dataset for next epoch...
[2026-02-21 08:12:07,522][rl4co.models.rl.common.base][INFO] - Generating training dataset for next epoch...
[2026-02-21 08:22:07,179][rl4co.models.rl.common.base][INFO] - Generating training dataset for next epoch...
[2026-02-21 08:31:28,358][rl4co.models.rl.common.base][INFO] - Generating training dataset for next epoch...
[2026-02-21 08:40:49,228][rl4co.models.rl.common.base][INFO] - Generating training dataset for next epoch...
[2026-02-21 08:50:18,805][rl4co.models.rl.common.base][INFO] - Generating training dataset for next epoch...
[2026-02-21 08:59:42,935][rl4co.models.rl.common.base][INFO] - Generating training dataset for next epoch...
[2026-02-21 09:09:06,441][rl4co.models.rl.common.base][INFO] - Generating training dataset for next epoch...
[2026-02-21 09:18:30,643][rl4co.models.rl.common.base][INFO] - Generating training dataset for next epoch...
[2026-02-21 09:27:54,065][rl4co.models.rl.common.base][INFO] - Generating training dataset for next epoch...
[2026-02-21 09:37:17,407][rl4co.models.rl.common.base][INFO] - Generating training dataset for next epoch...
[2026-02-21 09:46:40,994][rl4co.models.rl.common.base][INFO] - Generating training dataset for next epoch...
[2026-02-21 09:56:04,571][rl4co.models.rl.common.base][INFO] - Generating training dataset for next epoch...
[2026-02-21 10:05:28,116][rl4co.models.rl.common.base][INFO] - Generating training dataset for next epoch...
[2026-02-21 10:14:48,951][rl4co.models.rl.common.base][INFO] - Generating training dataset for next epoch...
[2026-02-21 10:24:08,528][rl4co.models.rl.common.base][INFO] - Generating training dataset for next epoch...
[2026-02-21 10:33:28,453][rl4co.models.rl.common.base][INFO] - Generating training dataset for next epoch...
[2026-02-21 10:42:48,092][rl4co.models.rl.common.base][INFO] - Generating training dataset for next epoch...
[2026-02-21 10:52:07,813][rl4co.models.rl.common.base][INFO] - Generating training dataset for next epoch...
[2026-02-21 11:01:27,390][rl4co.models.rl.common.base][INFO] - Generating training dataset for next epoch...
[2026-02-21 11:10:47,205][rl4co.models.rl.common.base][INFO] - Generating training dataset for next epoch...
[2026-02-21 11:20:06,462][rl4co.models.rl.common.base][INFO] - Generating training dataset for next epoch...
[2026-02-21 11:29:24,965][rl4co.models.rl.common.base][INFO] - Generating training dataset for next epoch...
[2026-02-21 11:38:43,479][rl4co.models.rl.common.base][INFO] - Generating training dataset for next epoch...
[2026-02-21 11:48:02,479][rl4co.models.rl.common.base][INFO] - Generating training dataset for next epoch...
[2026-02-21 11:57:20,948][rl4co.models.rl.common.base][INFO] - Generating training dataset for next epoch...
[2026-02-21 12:06:39,717][rl4co.models.rl.common.base][INFO] - Generating training dataset for next epoch...
[2026-02-21 12:16:45,227][rl4co.models.rl.common.base][INFO] - Generating training dataset for next epoch...
[2026-02-21 12:27:07,943][rl4co.models.rl.common.base][INFO] - Generating training dataset for next epoch...
[2026-02-21 12:37:25,400][rl4co.models.rl.common.base][INFO] - Generating training dataset for next epoch...
[2026-02-21 12:47:45,282][rl4co.models.rl.common.base][INFO] - Generating training dataset for next epoch...
[2026-02-21 12:58:18,791][rl4co.models.rl.common.base][INFO] - Generating training dataset for next epoch...
[2026-02-21 13:07:40,268][rl4co.models.rl.common.base][INFO] - Generating training dataset for next epoch...
[2026-02-21 13:17:02,101][rl4co.models.rl.common.base][INFO] - Generating training dataset for next epoch...
[2026-02-21 13:26:22,035][rl4co.models.rl.common.base][INFO] - Generating training dataset for next epoch...
[2026-02-21 13:36:31,584][rl4co.models.rl.common.base][INFO] - Generating training dataset for next epoch...
[2026-02-21 13:45:51,713][rl4co.models.rl.common.base][INFO] - Generating training dataset for next epoch...
[2026-02-21 13:55:16,741][rl4co.models.rl.common.base][INFO] - Generating training dataset for next epoch...
[2026-02-21 14:04:42,235][rl4co.models.rl.common.base][INFO] - Generating training dataset for next epoch...
[2026-02-21 14:14:58,259][rl4co.models.rl.common.base][INFO] - Generating training dataset for next epoch...
[2026-02-21 14:24:18,259][rl4co.models.rl.common.base][INFO] - Generating training dataset for next epoch...
[2026-02-21 14:33:36,098][rl4co.models.rl.common.base][INFO] - Generating training dataset for next epoch...
[2026-02-21 14:44:08,702][rl4co.models.rl.common.base][INFO] - Generating training dataset for next epoch...
[2026-02-21 14:54:00,994][rl4co.models.rl.common.base][INFO] - Generating training dataset for next epoch...
[2026-02-21 15:03:19,945][rl4co.models.rl.common.base][INFO] - Generating training dataset for next epoch...
[2026-02-21 15:12:38,063][rl4co.models.rl.common.base][INFO] - Generating training dataset for next epoch...
[2026-02-21 15:21:56,329][rl4co.models.rl.common.base][INFO] - Generating training dataset for next epoch...
[2026-02-21 15:31:14,862][rl4co.models.rl.common.base][INFO] - Generating training dataset for next epoch...
[2026-02-21 15:40:33,226][rl4co.models.rl.common.base][INFO] - Generating training dataset for next epoch...
[2026-02-21 15:49:51,588][rl4co.models.rl.common.base][INFO] - Generating training dataset for next epoch...
[2026-02-21 15:59:09,979][rl4co.models.rl.common.base][INFO] - Generating training dataset for next epoch...
[2026-02-21 16:08:31,851][rl4co.models.rl.common.base][INFO] - Generating training dataset for next epoch...
[2026-02-21 16:17:54,096][rl4co.models.rl.common.base][INFO] - Generating training dataset for next epoch...
[2026-02-21 16:27:16,367][rl4co.models.rl.common.base][INFO] - Generating training dataset for next epoch...
[2026-02-21 16:36:36,233][rl4co.models.rl.common.base][INFO] - Generating training dataset for next epoch...
[2026-02-21 16:45:56,205][rl4co.models.rl.common.base][INFO] - Generating training dataset for next epoch...
[2026-02-21 16:55:19,282][rl4co.models.rl.common.base][INFO] - Generating training dataset for next epoch...
[2026-02-21 17:04:42,047][rl4co.models.rl.common.base][INFO] - Generating training dataset for next epoch...
[2026-02-21 17:14:05,177][rl4co.models.rl.common.base][INFO] - Generating training dataset for next epoch...
[2026-02-21 17:23:30,229][rl4co.models.rl.common.base][INFO] - Generating training dataset for next epoch...
[2026-02-21 17:32:55,042][rl4co.models.rl.common.base][INFO] - Generating training dataset for next epoch...
[2026-02-21 17:42:13,879][rl4co.models.rl.common.base][INFO] - Generating training dataset for next epoch...
[2026-02-21 17:51:30,940][rl4co.models.rl.common.base][INFO] - Generating training dataset for next epoch...
[2026-02-21 18:00:48,361][rl4co.models.rl.common.base][INFO] - Generating training dataset for next epoch...
[2026-02-28 00:55:19,221][rl4co.utils.utils][INFO] - Enforcing tags! <cfg.extras.enforce_tags=True>
[2026-02-28 00:55:19,224][rl4co.utils.utils][INFO] - Printing config tree with Rich! <cfg.extras.print_config=True>
[2026-02-28 00:55:19,268][rl4co.tasks.train][INFO] - Instantiating environment <rl4co.envs.TSPEnv>
[2026-02-28 00:55:23,054][rl4co.tasks.train][INFO] - Instantiating model <rl4co.models.POMO>
[2026-02-28 00:55:23,126][rl4co.data.transforms][INFO] - Features not passed, defaulting to 'locs'
[2026-02-28 00:55:23,143][rl4co.tasks.train][INFO] - Instantiating callbacks...
[2026-02-28 00:55:23,143][rl4co.utils.instantiators][INFO] - Instantiating callback <lightning.pytorch.callbacks.ModelCheckpoint>
[2026-02-28 00:55:23,147][rl4co.utils.instantiators][INFO] - Instantiating callback <lightning.pytorch.callbacks.RichModelSummary>
[2026-02-28 00:55:23,148][rl4co.utils.instantiators][INFO] - Instantiating callback <lightning.pytorch.callbacks.RichProgressBar>
[2026-02-28 00:55:23,148][rl4co.utils.instantiators][INFO] - Instantiating callback <rl4co.utils.callbacks.speed_monitor.SpeedMonitor>
[2026-02-28 00:55:23,149][rl4co.utils.instantiators][INFO] - Instantiating callback <lightning.pytorch.callbacks.LearningRateMonitor>
[2026-02-28 00:55:23,149][rl4co.tasks.train][INFO] - Instantiating loggers...
[2026-02-28 00:55:23,149][rl4co.utils.instantiators][INFO] - Instantiating logger <lightning.pytorch.loggers.csv_logs.CSVLogger>
[2026-02-28 00:55:23,151][rl4co.tasks.train][INFO] - Instantiating trainer...
[2026-02-28 00:55:23,154][rl4co.utils.trainer][WARNING] - gradient_clip_val is set to None. This may lead to unstable training.
[2026-02-28 00:55:23,156][rl4co.utils.utils][ERROR] - 
Traceback (most recent call last):
  File "/data1/gushengda/anaconda3/envs/rlco1/lib/python3.11/site-packages/hydra/_internal/instantiate/_instantiate2.py", line 92, in _call_target
    return _target_(*args, **kwargs)
           ^^^^^^^^^^^^^^^^^^^^^^^^^
  File "/data1/gushengda/eam-rl4co/rl4co/utils/trainer.py", line 109, in __init__
    super().__init__(
  File "/data1/gushengda/anaconda3/envs/rlco1/lib/python3.11/site-packages/lightning/pytorch/utilities/argparse.py", line 70, in insert_env_defaults
    return fn(self, **kwargs)
           ^^^^^^^^^^^^^^^^^^
  File "/data1/gushengda/anaconda3/envs/rlco1/lib/python3.11/site-packages/lightning/pytorch/trainer/trainer.py", line 426, in __init__
    self._callback_connector.on_trainer_init(
  File "/data1/gushengda/anaconda3/envs/rlco1/lib/python3.11/site-packages/lightning/pytorch/trainer/connectors/callback_connector.py", line 74, in on_trainer_init
    self._configure_progress_bar(enable_progress_bar)
  File "/data1/gushengda/anaconda3/envs/rlco1/lib/python3.11/site-packages/lightning/pytorch/trainer/connectors/callback_connector.py", line 134, in _configure_progress_bar
    raise MisconfigurationException(
lightning.fabric.utilities.exceptions.MisconfigurationException: Trainer was configured with `enable_progress_bar=False` but found `RichProgressBar` in callbacks list.

The above exception was the direct cause of the following exception:

Traceback (most recent call last):
  File "/data1/gushengda/eam-rl4co/rl4co/utils/utils.py", line 41, in wrap
    metric_dict, object_dict = task_func(cfg=cfg)
                               ^^^^^^^^^^^^^^^^^^
  File "/data1/gushengda/eam-rl4co/rl4co/tasks/train.py", line 53, in run
    trainer: RL4COTrainer = hydra.utils.instantiate(
                            ^^^^^^^^^^^^^^^^^^^^^^^^
  File "/data1/gushengda/anaconda3/envs/rlco1/lib/python3.11/site-packages/hydra/_internal/instantiate/_instantiate2.py", line 226, in instantiate
    return instantiate_node(
           ^^^^^^^^^^^^^^^^^
  File "/data1/gushengda/anaconda3/envs/rlco1/lib/python3.11/site-packages/hydra/_internal/instantiate/_instantiate2.py", line 347, in instantiate_node
    return _call_target(_target_, partial, args, kwargs, full_key)
           ^^^^^^^^^^^^^^^^^^^^^^^^^^^^^^^^^^^^^^^^^^^^^^^^^^^^^^^
  File "/data1/gushengda/anaconda3/envs/rlco1/lib/python3.11/site-packages/hydra/_internal/instantiate/_instantiate2.py", line 97, in _call_target
    raise InstantiationException(msg) from e
hydra.errors.InstantiationException: Error in call to target 'rl4co.utils.trainer.RL4COTrainer':
MisconfigurationException('Trainer was configured with `enable_progress_bar=False` but found `RichProgressBar` in callbacks list.')
full_key: trainer
[2026-02-28 00:55:23,159][rl4co.utils.utils][INFO] - Output dir: /data1/gushengda/eam-rl4co/logs/train/runs/2026-02-28_00-55-19
[2026-02-28 00:55:23,159][rl4co.utils.utils][INFO] - Closing loggers...
[2026-02-28 01:13:29,971][rl4co.utils.utils][INFO] - Enforcing tags! <cfg.extras.enforce_tags=True>
[2026-02-28 01:13:29,974][rl4co.utils.utils][INFO] - Printing config tree with Rich! <cfg.extras.print_config=True>
[2026-02-28 01:13:30,016][rl4co.tasks.train][INFO] - Instantiating environment <rl4co.envs.TSPEnv>
[2026-02-28 01:13:33,796][rl4co.tasks.train][INFO] - Instantiating model <rl4co.models.POMO>
[2026-02-28 01:13:33,866][rl4co.data.transforms][INFO] - Features not passed, defaulting to 'locs'
[2026-02-28 01:13:33,883][rl4co.tasks.train][INFO] - Instantiating callbacks...
[2026-02-28 01:13:33,883][rl4co.utils.instantiators][INFO] - Instantiating callback <lightning.pytorch.callbacks.ModelCheckpoint>
[2026-02-28 01:13:33,886][rl4co.utils.instantiators][INFO] - Instantiating callback <lightning.pytorch.callbacks.RichModelSummary>
[2026-02-28 01:13:33,887][rl4co.utils.instantiators][INFO] - Instantiating callback <rl4co.utils.callbacks.speed_monitor.SpeedMonitor>
[2026-02-28 01:13:33,887][rl4co.utils.instantiators][INFO] - Instantiating callback <lightning.pytorch.callbacks.LearningRateMonitor>
[2026-02-28 01:13:33,888][rl4co.tasks.train][INFO] - Instantiating loggers...
[2026-02-28 01:13:33,888][rl4co.utils.instantiators][INFO] - Instantiating logger <lightning.pytorch.loggers.csv_logs.CSVLogger>
[2026-02-28 01:13:33,889][rl4co.tasks.train][INFO] - Instantiating trainer...
[2026-02-28 01:13:33,892][rl4co.utils.trainer][WARNING] - gradient_clip_val is set to None. This may lead to unstable training.
[2026-02-28 01:13:33,899][rl4co.tasks.train][INFO] - Logging hyperparameters!
[2026-02-28 01:13:33,901][rl4co.tasks.train][INFO] - Starting training!
[2026-02-28 01:13:34,061][rl4co.models.rl.common.base][INFO] - Setting up batch sizes for train/val/test
[2026-02-28 01:13:34,061][rl4co.models.rl.common.base][INFO] - Generating default datasets. If found, they will not be overwritten
[2026-02-28 01:13:34,062][rl4co.models.rl.common.base][INFO] - Setting up datasets
[2026-02-28 01:13:34,694][rl4co.envs.common.base][INFO] - Loading val dataset from /data1/gushengda/eam-rl4co/data/tsp/tsp100_val_seed4321.npz
[2026-02-28 01:13:34,741][rl4co.envs.common.base][INFO] - Loading test dataset from /data1/gushengda/eam-rl4co/data/tsp/tsp100_test_seed1234.npz
[2026-02-28 01:13:34,897][rl4co.models.rl.common.base][INFO] - Instantiating optimizer <Adam>
[2026-02-28 01:13:34,898][rl4co.models.rl.common.base][INFO] - Instantiating LR scheduler <MultiStepLR>
[2026-02-28 01:13:36,863][rl4co.utils.utils][ERROR] - 
Traceback (most recent call last):
  File "/data1/gushengda/eam-rl4co/rl4co/utils/utils.py", line 41, in wrap
    metric_dict, object_dict = task_func(cfg=cfg)
                               ^^^^^^^^^^^^^^^^^^
  File "/data1/gushengda/eam-rl4co/rl4co/tasks/train.py", line 77, in run
    trainer.fit(model=model, ckpt_path=cfg.get("ckpt_path"))
  File "/data1/gushengda/eam-rl4co/rl4co/utils/trainer.py", line 146, in fit
    super().fit(
  File "/data1/gushengda/anaconda3/envs/rlco1/lib/python3.11/site-packages/lightning/pytorch/trainer/trainer.py", line 539, in fit
    call._call_and_handle_interrupt(
  File "/data1/gushengda/anaconda3/envs/rlco1/lib/python3.11/site-packages/lightning/pytorch/trainer/call.py", line 47, in _call_and_handle_interrupt
    return trainer_fn(*args, **kwargs)
           ^^^^^^^^^^^^^^^^^^^^^^^^^^^
  File "/data1/gushengda/anaconda3/envs/rlco1/lib/python3.11/site-packages/lightning/pytorch/trainer/trainer.py", line 575, in _fit_impl
    self._run(model, ckpt_path=ckpt_path)
  File "/data1/gushengda/anaconda3/envs/rlco1/lib/python3.11/site-packages/lightning/pytorch/trainer/trainer.py", line 982, in _run
    results = self._run_stage()
              ^^^^^^^^^^^^^^^^^
  File "/data1/gushengda/anaconda3/envs/rlco1/lib/python3.11/site-packages/lightning/pytorch/trainer/trainer.py", line 1026, in _run_stage
    self.fit_loop.run()
  File "/data1/gushengda/anaconda3/envs/rlco1/lib/python3.11/site-packages/lightning/pytorch/loops/fit_loop.py", line 216, in run
    self.advance()
  File "/data1/gushengda/anaconda3/envs/rlco1/lib/python3.11/site-packages/lightning/pytorch/loops/fit_loop.py", line 455, in advance
    self.epoch_loop.run(self._data_fetcher)
  File "/data1/gushengda/anaconda3/envs/rlco1/lib/python3.11/site-packages/lightning/pytorch/loops/training_epoch_loop.py", line 150, in run
    self.advance(data_fetcher)
  File "/data1/gushengda/anaconda3/envs/rlco1/lib/python3.11/site-packages/lightning/pytorch/loops/training_epoch_loop.py", line 320, in advance
    batch_output = self.automatic_optimization.run(trainer.optimizers[0], batch_idx, kwargs)
                   ^^^^^^^^^^^^^^^^^^^^^^^^^^^^^^^^^^^^^^^^^^^^^^^^^^^^^^^^^^^^^^^^^^^^^^^^^
  File "/data1/gushengda/anaconda3/envs/rlco1/lib/python3.11/site-packages/lightning/pytorch/loops/optimization/automatic.py", line 192, in run
    self._optimizer_step(batch_idx, closure)
  File "/data1/gushengda/anaconda3/envs/rlco1/lib/python3.11/site-packages/lightning/pytorch/loops/optimization/automatic.py", line 270, in _optimizer_step
    call._call_lightning_module_hook(
  File "/data1/gushengda/anaconda3/envs/rlco1/lib/python3.11/site-packages/lightning/pytorch/trainer/call.py", line 171, in _call_lightning_module_hook
    output = fn(*args, **kwargs)
             ^^^^^^^^^^^^^^^^^^^
  File "/data1/gushengda/anaconda3/envs/rlco1/lib/python3.11/site-packages/lightning/pytorch/core/module.py", line 1302, in optimizer_step
    optimizer.step(closure=optimizer_closure)
  File "/data1/gushengda/anaconda3/envs/rlco1/lib/python3.11/site-packages/lightning/pytorch/core/optimizer.py", line 154, in step
    step_output = self._strategy.optimizer_step(self._optimizer, closure, **kwargs)
                  ^^^^^^^^^^^^^^^^^^^^^^^^^^^^^^^^^^^^^^^^^^^^^^^^^^^^^^^^^^^^^^^^^
  File "/data1/gushengda/anaconda3/envs/rlco1/lib/python3.11/site-packages/lightning/pytorch/strategies/strategy.py", line 239, in optimizer_step
    return self.precision_plugin.optimizer_step(optimizer, model=model, closure=closure, **kwargs)
           ^^^^^^^^^^^^^^^^^^^^^^^^^^^^^^^^^^^^^^^^^^^^^^^^^^^^^^^^^^^^^^^^^^^^^^^^^^^^^^^^^^^^^^^
  File "/data1/gushengda/anaconda3/envs/rlco1/lib/python3.11/site-packages/lightning/pytorch/plugins/precision/precision.py", line 123, in optimizer_step
    return optimizer.step(closure=closure, **kwargs)
           ^^^^^^^^^^^^^^^^^^^^^^^^^^^^^^^^^^^^^^^^^
  File "/data1/gushengda/anaconda3/envs/rlco1/lib/python3.11/site-packages/torch/optim/lr_scheduler.py", line 137, in wrapper
    return func.__get__(opt, opt.__class__)(*args, **kwargs)
           ^^^^^^^^^^^^^^^^^^^^^^^^^^^^^^^^^^^^^^^^^^^^^^^^^
  File "/data1/gushengda/anaconda3/envs/rlco1/lib/python3.11/site-packages/torch/optim/optimizer.py", line 487, in wrapper
    out = func(*args, **kwargs)
          ^^^^^^^^^^^^^^^^^^^^^
  File "/data1/gushengda/anaconda3/envs/rlco1/lib/python3.11/site-packages/torch/optim/optimizer.py", line 91, in _use_grad
    ret = func(self, *args, **kwargs)
          ^^^^^^^^^^^^^^^^^^^^^^^^^^^
  File "/data1/gushengda/anaconda3/envs/rlco1/lib/python3.11/site-packages/torch/optim/adam.py", line 202, in step
    loss = closure()
           ^^^^^^^^^
  File "/data1/gushengda/anaconda3/envs/rlco1/lib/python3.11/site-packages/lightning/pytorch/plugins/precision/precision.py", line 109, in _wrap_closure
    closure_result = closure()
                     ^^^^^^^^^
  File "/data1/gushengda/anaconda3/envs/rlco1/lib/python3.11/site-packages/lightning/pytorch/loops/optimization/automatic.py", line 146, in __call__
    self._result = self.closure(*args, **kwargs)
                   ^^^^^^^^^^^^^^^^^^^^^^^^^^^^^
  File "/data1/gushengda/anaconda3/envs/rlco1/lib/python3.11/site-packages/torch/utils/_contextlib.py", line 116, in decorate_context
    return func(*args, **kwargs)
           ^^^^^^^^^^^^^^^^^^^^^
  File "/data1/gushengda/anaconda3/envs/rlco1/lib/python3.11/site-packages/lightning/pytorch/loops/optimization/automatic.py", line 131, in closure
    step_output = self._step_fn()
                  ^^^^^^^^^^^^^^^
  File "/data1/gushengda/anaconda3/envs/rlco1/lib/python3.11/site-packages/lightning/pytorch/loops/optimization/automatic.py", line 319, in _training_step
    training_step_output = call._call_strategy_hook(trainer, "training_step", *kwargs.values())
                           ^^^^^^^^^^^^^^^^^^^^^^^^^^^^^^^^^^^^^^^^^^^^^^^^^^^^^^^^^^^^^^^^^^^^
  File "/data1/gushengda/anaconda3/envs/rlco1/lib/python3.11/site-packages/lightning/pytorch/trainer/call.py", line 323, in _call_strategy_hook
    output = fn(*args, **kwargs)
             ^^^^^^^^^^^^^^^^^^^
  File "/data1/gushengda/anaconda3/envs/rlco1/lib/python3.11/site-packages/lightning/pytorch/strategies/strategy.py", line 391, in training_step
    return self.lightning_module.training_step(*args, **kwargs)
           ^^^^^^^^^^^^^^^^^^^^^^^^^^^^^^^^^^^^^^^^^^^^^^^^^^^^
  File "/data1/gushengda/eam-rl4co/rl4co/models/rl/common/base.py", line 258, in training_step
    return self.shared_step(batch, batch_idx, phase="train")
           ^^^^^^^^^^^^^^^^^^^^^^^^^^^^^^^^^^^^^^^^^^^^^^^^^
  File "/data1/gushengda/eam-rl4co/rl4co/models/zoo/pomo/model.py", line 183, in shared_step
    self.calculate_loss(td, batch, out, reward, log_likelihood)
  File "/data1/gushengda/eam-rl4co/rl4co/models/zoo/pomo/model.py", line 256, in calculate_loss
    loss, pair_count = self._free_loss_loss_fn(reward, log_likelihood)
                       ^^^^^^^^^^^^^^^^^^^^^^^^^^^^^^^^^^^^^^^^^^^^^^^
  File "/data1/gushengda/eam-rl4co/rl4co/models/zoo/pomo/model.py", line 433, in _free_loss_loss_fn
    loss = self.free_loss.loss_fn(
           ^^^^^^^^^^^^^^^^^^^^^^^
  File "/data1/gushengda/eam-rl4co/rl4co/models/rl/reinforce/free_loss/free_loss_compiler.py", line 293, in loss_fn
    return fn(batch, model_output, merged_extra)
           ^^^^^^^^^^^^^^^^^^^^^^^^^^^^^^^^^^^^^
  File "<string>", line 6, in generated_loss
NameError: name 'isinstance' is not defined
[2026-02-28 01:13:36,875][rl4co.utils.utils][INFO] - Output dir: /data1/gushengda/eam-rl4co/logs/train/runs/2026-02-28_01-13-29
[2026-02-28 01:13:36,875][rl4co.utils.utils][INFO] - Closing loggers...
[2026-02-28 01:17:47,758][rl4co.utils.utils][INFO] - Enforcing tags! <cfg.extras.enforce_tags=True>
[2026-02-28 01:17:47,761][rl4co.utils.utils][INFO] - Printing config tree with Rich! <cfg.extras.print_config=True>
[2026-02-28 01:17:47,801][rl4co.tasks.train][INFO] - Instantiating environment <rl4co.envs.TSPEnv>
[2026-02-28 01:17:51,537][rl4co.tasks.train][INFO] - Instantiating model <rl4co.models.POMO>
[2026-02-28 01:17:51,606][rl4co.data.transforms][INFO] - Features not passed, defaulting to 'locs'
[2026-02-28 01:17:51,623][rl4co.tasks.train][INFO] - Instantiating callbacks...
[2026-02-28 01:17:51,624][rl4co.utils.instantiators][INFO] - Instantiating callback <lightning.pytorch.callbacks.ModelCheckpoint>
[2026-02-28 01:17:51,627][rl4co.utils.instantiators][INFO] - Instantiating callback <lightning.pytorch.callbacks.RichModelSummary>
[2026-02-28 01:17:51,627][rl4co.utils.instantiators][INFO] - Instantiating callback <rl4co.utils.callbacks.speed_monitor.SpeedMonitor>
[2026-02-28 01:17:51,628][rl4co.utils.instantiators][INFO] - Instantiating callback <lightning.pytorch.callbacks.LearningRateMonitor>
[2026-02-28 01:17:51,628][rl4co.tasks.train][INFO] - Instantiating loggers...
[2026-02-28 01:17:51,629][rl4co.utils.instantiators][INFO] - Instantiating logger <lightning.pytorch.loggers.csv_logs.CSVLogger>
[2026-02-28 01:17:51,630][rl4co.tasks.train][INFO] - Instantiating trainer...
[2026-02-28 01:17:51,633][rl4co.utils.trainer][WARNING] - gradient_clip_val is set to None. This may lead to unstable training.
[2026-02-28 01:17:51,640][rl4co.tasks.train][INFO] - Logging hyperparameters!
[2026-02-28 01:17:51,642][rl4co.tasks.train][INFO] - Starting training!
[2026-02-28 01:17:51,817][rl4co.models.rl.common.base][INFO] - Setting up batch sizes for train/val/test
[2026-02-28 01:17:51,818][rl4co.models.rl.common.base][INFO] - Generating default datasets. If found, they will not be overwritten
[2026-02-28 01:17:51,819][rl4co.models.rl.common.base][INFO] - Setting up datasets
[2026-02-28 01:17:52,495][rl4co.envs.common.base][INFO] - Loading val dataset from /data1/gushengda/eam-rl4co/data/tsp/tsp100_val_seed4321.npz
[2026-02-28 01:17:52,527][rl4co.envs.common.base][INFO] - Loading test dataset from /data1/gushengda/eam-rl4co/data/tsp/tsp100_test_seed1234.npz
[2026-02-28 01:17:52,673][rl4co.models.rl.common.base][INFO] - Instantiating optimizer <Adam>
[2026-02-28 01:17:52,674][rl4co.models.rl.common.base][INFO] - Instantiating LR scheduler <MultiStepLR>
[2026-02-28 01:27:38,578][rl4co.models.rl.common.base][INFO] - Generating training dataset for next epoch...
[2026-02-28 01:36:55,695][rl4co.models.rl.common.base][INFO] - Generating training dataset for next epoch...
[2026-02-28 01:38:31,705][rl4co.utils.utils][INFO] - Output dir: /data1/gushengda/eam-rl4co/logs/train/runs/2026-02-28_01-17-47
[2026-02-28 01:38:31,706][rl4co.utils.utils][INFO] - Closing loggers...
[2026-03-01 11:18:55,757][rl4co.utils.utils][INFO] - Enforcing tags! <cfg.extras.enforce_tags=True>
[2026-03-01 11:18:55,761][rl4co.utils.utils][INFO] - Printing config tree with Rich! <cfg.extras.print_config=True>
[2026-03-01 11:18:55,797][rl4co.tasks.train][INFO] - Instantiating environment <rl4co.envs.TSPEnv>
[2026-03-01 11:18:59,581][rl4co.tasks.train][INFO] - Instantiating model <rl4co.models.POMO>
[2026-03-01 11:18:59,648][rl4co.data.transforms][INFO] - Features not passed, defaulting to 'locs'
[2026-03-01 11:18:59,649][rl4co.models.zoo.pomo.model][WARNING] - Resolved artifact runs/pref_loss_alternating_simple/20260301-084801/best_builder.json id=g017_004_01e3486f does not match pref_pair expected id=g_ref
[2026-03-01 11:18:59,649][rl4co.models.zoo.pomo.model][WARNING] - Resolved artifact runs/pref_loss_alternating_simple/20260301-084801/best_loss.json id=f002_006_6b043c3e does not match pref_pair expected id=f003_001_1ab984f0
[2026-03-01 11:18:59,663][rl4co.tasks.train][INFO] - Instantiating callbacks...
[2026-03-01 11:18:59,664][rl4co.utils.instantiators][INFO] - Instantiating callback <lightning.pytorch.callbacks.ModelCheckpoint>
[2026-03-01 11:18:59,666][rl4co.utils.instantiators][INFO] - Instantiating callback <lightning.pytorch.callbacks.RichModelSummary>
[2026-03-01 11:18:59,667][rl4co.utils.instantiators][INFO] - Instantiating callback <rl4co.utils.callbacks.speed_monitor.SpeedMonitor>
[2026-03-01 11:18:59,667][rl4co.utils.instantiators][INFO] - Instantiating callback <lightning.pytorch.callbacks.LearningRateMonitor>
[2026-03-01 11:18:59,668][rl4co.tasks.train][INFO] - Instantiating loggers...
[2026-03-01 11:18:59,668][rl4co.utils.instantiators][INFO] - Instantiating logger <lightning.pytorch.loggers.csv_logs.CSVLogger>
[2026-03-01 11:18:59,669][rl4co.tasks.train][INFO] - Instantiating trainer...
[2026-03-01 11:18:59,672][rl4co.utils.trainer][WARNING] - gradient_clip_val is set to None. This may lead to unstable training.
[2026-03-01 11:18:59,678][rl4co.tasks.train][INFO] - Logging hyperparameters!
[2026-03-01 11:18:59,680][rl4co.tasks.train][INFO] - Starting training!
[2026-03-01 11:18:59,849][rl4co.models.rl.common.base][INFO] - Setting up batch sizes for train/val/test
[2026-03-01 11:18:59,849][rl4co.models.rl.common.base][INFO] - Generating default datasets. If found, they will not be overwritten
[2026-03-01 11:18:59,850][rl4co.models.rl.common.base][INFO] - Setting up datasets
[2026-03-01 11:19:00,457][rl4co.envs.common.base][INFO] - Loading val dataset from /data1/gushengda/eam-rl4co/data/tsp/tsp100_val_seed4321.npz
[2026-03-01 11:19:00,517][rl4co.envs.common.base][INFO] - Loading test dataset from /data1/gushengda/eam-rl4co/data/tsp/tsp100_test_seed1234.npz
[2026-03-01 11:19:00,713][rl4co.models.rl.common.base][INFO] - Instantiating optimizer <Adam>
[2026-03-01 11:19:00,714][rl4co.models.rl.common.base][INFO] - Instantiating LR scheduler <MultiStepLR>
[2026-03-01 11:28:08,086][rl4co.models.rl.common.base][INFO] - Generating training dataset for next epoch...
[2026-03-01 11:37:13,637][rl4co.models.rl.common.base][INFO] - Generating training dataset for next epoch...
[2026-03-01 11:46:21,009][rl4co.models.rl.common.base][INFO] - Generating training dataset for next epoch...
[2026-03-01 11:55:27,740][rl4co.models.rl.common.base][INFO] - Generating training dataset for next epoch...
[2026-03-01 12:05:09,019][rl4co.models.rl.common.base][INFO] - Generating training dataset for next epoch...
[2026-03-01 12:15:12,800][rl4co.models.rl.common.base][INFO] - Generating training dataset for next epoch...
[2026-03-01 12:25:20,772][rl4co.models.rl.common.base][INFO] - Generating training dataset for next epoch...
[2026-03-01 12:35:32,590][rl4co.models.rl.common.base][INFO] - Generating training dataset for next epoch...
[2026-03-03 06:05:44,905][rl4co.utils.utils][INFO] - Enforcing tags! <cfg.extras.enforce_tags=True>
[2026-03-03 06:05:44,909][rl4co.utils.utils][INFO] - Printing config tree with Rich! <cfg.extras.print_config=True>
[2026-03-03 06:05:44,946][rl4co.tasks.train][INFO] - Instantiating environment <rl4co.envs.TSPEnv>
[2026-03-03 06:05:48,763][rl4co.tasks.train][INFO] - Instantiating model <rl4co.models.POMO>
[2026-03-03 06:05:48,838][rl4co.data.transforms][INFO] - Features not passed, defaulting to 'locs'
[2026-03-03 06:05:48,850][rl4co.tasks.train][INFO] - Instantiating callbacks...
[2026-03-03 06:05:48,851][rl4co.utils.instantiators][INFO] - Instantiating callback <lightning.pytorch.callbacks.ModelCheckpoint>
[2026-03-03 06:05:48,853][rl4co.utils.instantiators][INFO] - Instantiating callback <lightning.pytorch.callbacks.RichModelSummary>
[2026-03-03 06:05:48,854][rl4co.utils.instantiators][INFO] - Instantiating callback <rl4co.utils.callbacks.speed_monitor.SpeedMonitor>
[2026-03-03 06:05:48,854][rl4co.utils.instantiators][INFO] - Instantiating callback <lightning.pytorch.callbacks.LearningRateMonitor>
[2026-03-03 06:05:48,855][rl4co.tasks.train][INFO] - Instantiating loggers...
[2026-03-03 06:05:48,855][rl4co.utils.instantiators][INFO] - Instantiating logger <lightning.pytorch.loggers.csv_logs.CSVLogger>
[2026-03-03 06:05:48,856][rl4co.tasks.train][INFO] - Instantiating trainer...
[2026-03-03 06:05:48,859][rl4co.utils.trainer][WARNING] - gradient_clip_val is set to None. This may lead to unstable training.
[2026-03-03 06:05:48,866][rl4co.tasks.train][INFO] - Logging hyperparameters!
[2026-03-03 06:05:48,867][rl4co.tasks.train][INFO] - Starting training!
[2026-03-03 06:05:49,018][rl4co.models.rl.common.base][INFO] - Setting up batch sizes for train/val/test
[2026-03-03 06:05:49,018][rl4co.models.rl.common.base][INFO] - Generating default datasets. If found, they will not be overwritten
[2026-03-03 06:05:49,019][rl4co.models.rl.common.base][INFO] - Setting up datasets
[2026-03-03 06:05:49,610][rl4co.envs.common.base][INFO] - Loading val dataset from /data1/gushengda/eam-rl4co/data/tsp/tsp100_val_seed4321.npz
[2026-03-03 06:05:49,642][rl4co.envs.common.base][INFO] - Loading test dataset from /data1/gushengda/eam-rl4co/data/tsp/tsp100_test_seed1234.npz
[2026-03-03 06:05:49,781][rl4co.models.rl.common.base][INFO] - Instantiating optimizer <Adam>
[2026-03-03 06:05:49,782][rl4co.models.rl.common.base][INFO] - Instantiating LR scheduler <MultiStepLR>
[2026-03-03 06:15:35,823][rl4co.models.rl.common.base][INFO] - Generating training dataset for next epoch...
[2026-03-03 06:24:52,685][rl4co.models.rl.common.base][INFO] - Generating training dataset for next epoch...
[2026-03-03 06:34:10,208][rl4co.models.rl.common.base][INFO] - Generating training dataset for next epoch...
[2026-03-03 06:43:28,698][rl4co.models.rl.common.base][INFO] - Generating training dataset for next epoch...
[2026-03-03 06:52:41,652][rl4co.models.rl.common.base][INFO] - Generating training dataset for next epoch...
[2026-03-03 07:02:08,488][rl4co.models.rl.common.base][INFO] - Generating training dataset for next epoch...
[2026-03-03 07:11:22,364][rl4co.models.rl.common.base][INFO] - Generating training dataset for next epoch...
[2026-03-03 07:20:40,440][rl4co.models.rl.common.base][INFO] - Generating training dataset for next epoch...
[2026-03-03 07:29:54,464][rl4co.models.rl.common.base][INFO] - Generating training dataset for next epoch...
[2026-03-03 07:39:11,747][rl4co.models.rl.common.base][INFO] - Generating training dataset for next epoch...
[2026-03-03 07:48:26,187][rl4co.models.rl.common.base][INFO] - Generating training dataset for next epoch...
[2026-03-03 07:57:52,861][rl4co.models.rl.common.base][INFO] - Generating training dataset for next epoch...
[2026-03-03 08:08:06,913][rl4co.models.rl.common.base][INFO] - Generating training dataset for next epoch...
[2026-03-03 08:18:21,867][rl4co.models.rl.common.base][INFO] - Generating training dataset for next epoch...
[2026-03-03 08:28:10,739][rl4co.models.rl.common.base][INFO] - Generating training dataset for next epoch...
[2026-03-03 08:37:26,243][rl4co.models.rl.common.base][INFO] - Generating training dataset for next epoch...
[2026-03-03 08:38:29,785][rl4co.utils.utils][INFO] - Enforcing tags! <cfg.extras.enforce_tags=True>
[2026-03-03 08:38:29,788][rl4co.utils.utils][INFO] - Printing config tree with Rich! <cfg.extras.print_config=True>
[2026-03-03 08:38:29,825][rl4co.tasks.train][INFO] - Instantiating environment <rl4co.envs.TSPEnv>
[2026-03-03 08:38:33,606][rl4co.tasks.train][INFO] - Instantiating model <rl4co.models.POMO>
[2026-03-03 08:38:33,678][rl4co.data.transforms][INFO] - Features not passed, defaulting to 'locs'
[2026-03-03 08:38:33,691][rl4co.tasks.train][INFO] - Instantiating callbacks...
[2026-03-03 08:38:33,691][rl4co.utils.instantiators][INFO] - Instantiating callback <lightning.pytorch.callbacks.ModelCheckpoint>
[2026-03-03 08:38:33,694][rl4co.utils.instantiators][INFO] - Instantiating callback <lightning.pytorch.callbacks.RichModelSummary>
[2026-03-03 08:38:33,694][rl4co.utils.instantiators][INFO] - Instantiating callback <rl4co.utils.callbacks.speed_monitor.SpeedMonitor>
[2026-03-03 08:38:33,695][rl4co.utils.instantiators][INFO] - Instantiating callback <lightning.pytorch.callbacks.LearningRateMonitor>
[2026-03-03 08:38:33,696][rl4co.tasks.train][INFO] - Instantiating loggers...
[2026-03-03 08:38:33,696][rl4co.utils.instantiators][INFO] - Instantiating logger <lightning.pytorch.loggers.csv_logs.CSVLogger>
[2026-03-03 08:38:33,697][rl4co.tasks.train][INFO] - Instantiating trainer...
[2026-03-03 08:38:33,700][rl4co.utils.trainer][WARNING] - gradient_clip_val is set to None. This may lead to unstable training.
[2026-03-03 08:38:33,707][rl4co.tasks.train][INFO] - Logging hyperparameters!
[2026-03-03 08:38:33,709][rl4co.tasks.train][INFO] - Starting training!
[2026-03-03 08:38:33,876][rl4co.models.rl.common.base][INFO] - Setting up batch sizes for train/val/test
[2026-03-03 08:38:33,876][rl4co.models.rl.common.base][INFO] - Generating default datasets. If found, they will not be overwritten
[2026-03-03 08:38:33,877][rl4co.models.rl.common.base][INFO] - Setting up datasets
[2026-03-03 08:38:34,474][rl4co.envs.common.base][INFO] - Loading val dataset from /data1/gushengda/eam-rl4co/data/tsp/tsp100_val_seed4321.npz
[2026-03-03 08:38:34,510][rl4co.envs.common.base][INFO] - Loading test dataset from /data1/gushengda/eam-rl4co/data/tsp/tsp100_test_seed1234.npz
[2026-03-03 08:38:34,667][rl4co.models.rl.common.base][INFO] - Instantiating optimizer <Adam>
[2026-03-03 08:38:34,668][rl4co.models.rl.common.base][INFO] - Instantiating LR scheduler <MultiStepLR>
[2026-03-03 08:48:47,380][rl4co.models.rl.common.base][INFO] - Generating training dataset for next epoch...
[2026-03-03 08:59:24,030][rl4co.models.rl.common.base][INFO] - Generating training dataset for next epoch...
[2026-03-03 09:10:13,156][rl4co.utils.utils][INFO] - Enforcing tags! <cfg.extras.enforce_tags=True>
[2026-03-03 09:10:13,159][rl4co.utils.utils][INFO] - Printing config tree with Rich! <cfg.extras.print_config=True>
[2026-03-03 09:10:13,196][rl4co.tasks.train][INFO] - Instantiating environment <rl4co.envs.TSPEnv>
[2026-03-03 09:10:16,956][rl4co.tasks.train][INFO] - Instantiating model <rl4co.models.POMO>
[2026-03-03 09:10:17,026][rl4co.data.transforms][INFO] - Features not passed, defaulting to 'locs'
[2026-03-03 09:10:17,039][rl4co.tasks.train][INFO] - Instantiating callbacks...
[2026-03-03 09:10:17,040][rl4co.utils.instantiators][INFO] - Instantiating callback <lightning.pytorch.callbacks.ModelCheckpoint>
[2026-03-03 09:10:17,043][rl4co.utils.instantiators][INFO] - Instantiating callback <lightning.pytorch.callbacks.RichModelSummary>
[2026-03-03 09:10:17,043][rl4co.utils.instantiators][INFO] - Instantiating callback <rl4co.utils.callbacks.speed_monitor.SpeedMonitor>
[2026-03-03 09:10:17,044][rl4co.utils.instantiators][INFO] - Instantiating callback <lightning.pytorch.callbacks.LearningRateMonitor>
[2026-03-03 09:10:17,044][rl4co.tasks.train][INFO] - Instantiating loggers...
[2026-03-03 09:10:17,044][rl4co.utils.instantiators][INFO] - Instantiating logger <lightning.pytorch.loggers.csv_logs.CSVLogger>
[2026-03-03 09:10:17,045][rl4co.tasks.train][INFO] - Instantiating trainer...
[2026-03-03 09:10:17,048][rl4co.utils.trainer][WARNING] - gradient_clip_val is set to None. This may lead to unstable training.
[2026-03-03 09:10:17,055][rl4co.tasks.train][INFO] - Logging hyperparameters!
[2026-03-03 09:10:17,057][rl4co.tasks.train][INFO] - Starting training!
[2026-03-03 09:10:17,223][rl4co.models.rl.common.base][INFO] - Setting up batch sizes for train/val/test
[2026-03-03 09:10:17,223][rl4co.models.rl.common.base][INFO] - Generating default datasets. If found, they will not be overwritten
[2026-03-03 09:10:17,224][rl4co.models.rl.common.base][INFO] - Setting up datasets
[2026-03-03 09:10:17,818][rl4co.envs.common.base][INFO] - Loading val dataset from /data1/gushengda/eam-rl4co/data/tsp/tsp100_val_seed4321.npz
[2026-03-03 09:10:17,850][rl4co.envs.common.base][INFO] - Loading test dataset from /data1/gushengda/eam-rl4co/data/tsp/tsp100_test_seed1234.npz
[2026-03-03 09:10:17,993][rl4co.models.rl.common.base][INFO] - Instantiating optimizer <Adam>
[2026-03-03 09:10:17,994][rl4co.models.rl.common.base][INFO] - Instantiating LR scheduler <MultiStepLR>
[2026-03-03 09:19:46,867][rl4co.models.rl.common.base][INFO] - Generating training dataset for next epoch...
[2026-03-03 09:28:59,442][rl4co.models.rl.common.base][INFO] - Generating training dataset for next epoch...
[2026-03-03 09:38:12,989][rl4co.models.rl.common.base][INFO] - Generating training dataset for next epoch...
[2026-03-03 09:47:26,209][rl4co.models.rl.common.base][INFO] - Generating training dataset for next epoch...
[2026-03-03 09:56:43,948][rl4co.models.rl.common.base][INFO] - Generating training dataset for next epoch...
[2026-03-03 10:06:01,220][rl4co.models.rl.common.base][INFO] - Generating training dataset for next epoch...
[2026-03-03 10:15:19,091][rl4co.models.rl.common.base][INFO] - Generating training dataset for next epoch...
[2026-03-03 10:24:35,992][rl4co.models.rl.common.base][INFO] - Generating training dataset for next epoch...
[2026-03-03 10:33:53,261][rl4co.models.rl.common.base][INFO] - Generating training dataset for next epoch...
[2026-03-03 10:43:06,993][rl4co.models.rl.common.base][INFO] - Generating training dataset for next epoch...
[2026-03-03 10:53:21,365][rl4co.models.rl.common.base][INFO] - Generating training dataset for next epoch...
[2026-03-03 11:02:33,474][rl4co.models.rl.common.base][INFO] - Generating training dataset for next epoch...
[2026-03-03 11:11:47,064][rl4co.models.rl.common.base][INFO] - Generating training dataset for next epoch...
[2026-03-03 11:21:00,545][rl4co.models.rl.common.base][INFO] - Generating training dataset for next epoch...
[2026-03-03 11:30:14,402][rl4co.models.rl.common.base][INFO] - Generating training dataset for next epoch...
[2026-03-03 11:39:27,953][rl4co.models.rl.common.base][INFO] - Generating training dataset for next epoch...
[2026-03-03 11:48:42,735][rl4co.models.rl.common.base][INFO] - Generating training dataset for next epoch...
[2026-03-03 11:57:56,673][rl4co.models.rl.common.base][INFO] - Generating training dataset for next epoch...
[2026-03-03 12:07:08,893][rl4co.models.rl.common.base][INFO] - Generating training dataset for next epoch...
[2026-03-03 12:16:22,349][rl4co.models.rl.common.base][INFO] - Generating training dataset for next epoch...
[2026-03-03 12:25:38,609][rl4co.models.rl.common.base][INFO] - Generating training dataset for next epoch...
[2026-03-03 12:34:54,197][rl4co.models.rl.common.base][INFO] - Generating training dataset for next epoch...
[2026-03-03 12:44:10,291][rl4co.models.rl.common.base][INFO] - Generating training dataset for next epoch...
[2026-03-03 12:53:26,299][rl4co.models.rl.common.base][INFO] - Generating training dataset for next epoch...
[2026-03-03 13:02:42,611][rl4co.models.rl.common.base][INFO] - Generating training dataset for next epoch...
[2026-03-11 15:25:57,073][rl4co.utils.utils][INFO] - Enforcing tags! <cfg.extras.enforce_tags=True>
[2026-03-11 15:25:57,078][rl4co.utils.utils][INFO] - Printing config tree with Rich! <cfg.extras.print_config=True>
[2026-03-11 15:25:57,116][rl4co.tasks.train][INFO] - Instantiating environment <rl4co.envs.TSPEnv>
[2026-03-11 15:26:01,195][rl4co.tasks.train][INFO] - Instantiating model <rl4co.models.POMO>
[2026-03-11 15:26:01,269][rl4co.data.transforms][INFO] - Features not passed, defaulting to 'locs'
[2026-03-11 15:26:01,282][rl4co.tasks.train][INFO] - Instantiating callbacks...
[2026-03-11 15:26:01,282][rl4co.utils.instantiators][INFO] - Instantiating callback <lightning.pytorch.callbacks.ModelCheckpoint>
[2026-03-11 15:26:01,285][rl4co.utils.instantiators][INFO] - Instantiating callback <lightning.pytorch.callbacks.RichModelSummary>
[2026-03-11 15:26:01,286][rl4co.utils.instantiators][INFO] - Instantiating callback <rl4co.utils.callbacks.speed_monitor.SpeedMonitor>
[2026-03-11 15:26:01,286][rl4co.utils.instantiators][INFO] - Instantiating callback <lightning.pytorch.callbacks.LearningRateMonitor>
[2026-03-11 15:26:01,287][rl4co.tasks.train][INFO] - Instantiating loggers...
[2026-03-11 15:26:01,287][rl4co.utils.instantiators][INFO] - Instantiating logger <lightning.pytorch.loggers.csv_logs.CSVLogger>
[2026-03-11 15:26:01,288][rl4co.tasks.train][INFO] - Instantiating trainer...
[2026-03-11 15:26:01,291][rl4co.utils.trainer][WARNING] - gradient_clip_val is set to None. This may lead to unstable training.
[2026-03-11 15:26:01,298][rl4co.tasks.train][INFO] - Logging hyperparameters!
[2026-03-11 15:26:01,300][rl4co.tasks.train][INFO] - Starting training!
[2026-03-11 15:26:01,466][rl4co.models.rl.common.base][INFO] - Setting up batch sizes for train/val/test
[2026-03-11 15:26:01,466][rl4co.models.rl.common.base][INFO] - Generating default datasets. If found, they will not be overwritten
[2026-03-11 15:26:01,467][rl4co.models.rl.common.base][INFO] - Setting up datasets
[2026-03-11 15:26:02,050][rl4co.envs.common.base][INFO] - Loading val dataset from /data1/gushengda/eam-rl4co/data/tsp/tsp100_val_seed4321.npz
[2026-03-11 15:26:02,084][rl4co.envs.common.base][INFO] - Loading test dataset from /data1/gushengda/eam-rl4co/data/tsp/tsp100_test_seed1234.npz
[2026-03-11 15:26:02,235][rl4co.models.rl.common.base][INFO] - Instantiating optimizer <Adam>
[2026-03-11 15:26:02,235][rl4co.models.rl.common.base][INFO] - Instantiating LR scheduler <MultiStepLR>
[2026-03-11 15:35:25,646][rl4co.models.rl.common.base][INFO] - Generating training dataset for next epoch...
[2026-03-11 15:44:38,591][rl4co.models.rl.common.base][INFO] - Generating training dataset for next epoch...
[2026-03-11 15:53:53,480][rl4co.models.rl.common.base][INFO] - Generating training dataset for next epoch...
[2026-03-11 16:03:19,179][rl4co.models.rl.common.base][INFO] - Generating training dataset for next epoch...
[2026-03-11 16:16:14,621][rl4co.utils.utils][INFO] - Enforcing tags! <cfg.extras.enforce_tags=True>
[2026-03-11 16:16:14,626][rl4co.utils.utils][INFO] - Printing config tree with Rich! <cfg.extras.print_config=True>
[2026-03-11 16:16:14,663][rl4co.tasks.train][INFO] - Instantiating environment <rl4co.envs.TSPEnv>
[2026-03-11 16:16:18,481][rl4co.tasks.train][INFO] - Instantiating model <rl4co.models.POMO>
[2026-03-11 16:16:18,553][rl4co.data.transforms][INFO] - Features not passed, defaulting to 'locs'
[2026-03-11 16:16:18,565][rl4co.tasks.train][INFO] - Instantiating callbacks...
[2026-03-11 16:16:18,565][rl4co.utils.instantiators][INFO] - Instantiating callback <lightning.pytorch.callbacks.ModelCheckpoint>
[2026-03-11 16:16:18,568][rl4co.utils.instantiators][INFO] - Instantiating callback <lightning.pytorch.callbacks.RichModelSummary>
[2026-03-11 16:16:18,569][rl4co.utils.instantiators][INFO] - Instantiating callback <rl4co.utils.callbacks.speed_monitor.SpeedMonitor>
[2026-03-11 16:16:18,569][rl4co.utils.instantiators][INFO] - Instantiating callback <lightning.pytorch.callbacks.LearningRateMonitor>
[2026-03-11 16:16:18,570][rl4co.tasks.train][INFO] - Instantiating loggers...
[2026-03-11 16:16:18,570][rl4co.utils.instantiators][INFO] - Instantiating logger <lightning.pytorch.loggers.csv_logs.CSVLogger>
[2026-03-11 16:16:18,571][rl4co.tasks.train][INFO] - Instantiating trainer...
[2026-03-11 16:16:18,574][rl4co.utils.trainer][WARNING] - gradient_clip_val is set to None. This may lead to unstable training.
[2026-03-11 16:16:18,582][rl4co.tasks.train][INFO] - Logging hyperparameters!
[2026-03-11 16:16:18,583][rl4co.tasks.train][INFO] - Starting training!
[2026-03-11 16:16:18,758][rl4co.models.rl.common.base][INFO] - Setting up batch sizes for train/val/test
[2026-03-11 16:16:18,758][rl4co.models.rl.common.base][INFO] - Generating default datasets. If found, they will not be overwritten
[2026-03-11 16:16:18,759][rl4co.models.rl.common.base][INFO] - Setting up datasets
[2026-03-11 16:16:19,345][rl4co.envs.common.base][INFO] - Loading val dataset from /data1/gushengda/eam-rl4co/data/tsp/tsp100_val_seed4321.npz
[2026-03-11 16:16:19,378][rl4co.envs.common.base][INFO] - Loading test dataset from /data1/gushengda/eam-rl4co/data/tsp/tsp100_test_seed1234.npz
[2026-03-11 16:16:19,530][rl4co.models.rl.common.base][INFO] - Instantiating optimizer <Adam>
[2026-03-11 16:16:19,531][rl4co.models.rl.common.base][INFO] - Instantiating LR scheduler <MultiStepLR>
[2026-03-11 16:16:21,432][rl4co.utils.utils][ERROR] - 
Traceback (most recent call last):
  File "/data1/gushengda/eam-rl4co/rl4co/utils/utils.py", line 41, in wrap
    metric_dict, object_dict = task_func(cfg=cfg)
                               ^^^^^^^^^^^^^^^^^^
  File "/data1/gushengda/eam-rl4co/rl4co/tasks/train.py", line 77, in run
    trainer.fit(model=model, ckpt_path=cfg.get("ckpt_path"))
  File "/data1/gushengda/eam-rl4co/rl4co/utils/trainer.py", line 146, in fit
    super().fit(
  File "/data1/gushengda/anaconda3/envs/rlco1/lib/python3.11/site-packages/lightning/pytorch/trainer/trainer.py", line 539, in fit
    call._call_and_handle_interrupt(
  File "/data1/gushengda/anaconda3/envs/rlco1/lib/python3.11/site-packages/lightning/pytorch/trainer/call.py", line 47, in _call_and_handle_interrupt
    return trainer_fn(*args, **kwargs)
           ^^^^^^^^^^^^^^^^^^^^^^^^^^^
  File "/data1/gushengda/anaconda3/envs/rlco1/lib/python3.11/site-packages/lightning/pytorch/trainer/trainer.py", line 575, in _fit_impl
    self._run(model, ckpt_path=ckpt_path)
  File "/data1/gushengda/anaconda3/envs/rlco1/lib/python3.11/site-packages/lightning/pytorch/trainer/trainer.py", line 982, in _run
    results = self._run_stage()
              ^^^^^^^^^^^^^^^^^
  File "/data1/gushengda/anaconda3/envs/rlco1/lib/python3.11/site-packages/lightning/pytorch/trainer/trainer.py", line 1026, in _run_stage
    self.fit_loop.run()
  File "/data1/gushengda/anaconda3/envs/rlco1/lib/python3.11/site-packages/lightning/pytorch/loops/fit_loop.py", line 216, in run
    self.advance()
  File "/data1/gushengda/anaconda3/envs/rlco1/lib/python3.11/site-packages/lightning/pytorch/loops/fit_loop.py", line 455, in advance
    self.epoch_loop.run(self._data_fetcher)
  File "/data1/gushengda/anaconda3/envs/rlco1/lib/python3.11/site-packages/lightning/pytorch/loops/training_epoch_loop.py", line 150, in run
    self.advance(data_fetcher)
  File "/data1/gushengda/anaconda3/envs/rlco1/lib/python3.11/site-packages/lightning/pytorch/loops/training_epoch_loop.py", line 320, in advance
    batch_output = self.automatic_optimization.run(trainer.optimizers[0], batch_idx, kwargs)
                   ^^^^^^^^^^^^^^^^^^^^^^^^^^^^^^^^^^^^^^^^^^^^^^^^^^^^^^^^^^^^^^^^^^^^^^^^^
  File "/data1/gushengda/anaconda3/envs/rlco1/lib/python3.11/site-packages/lightning/pytorch/loops/optimization/automatic.py", line 192, in run
    self._optimizer_step(batch_idx, closure)
  File "/data1/gushengda/anaconda3/envs/rlco1/lib/python3.11/site-packages/lightning/pytorch/loops/optimization/automatic.py", line 270, in _optimizer_step
    call._call_lightning_module_hook(
  File "/data1/gushengda/anaconda3/envs/rlco1/lib/python3.11/site-packages/lightning/pytorch/trainer/call.py", line 171, in _call_lightning_module_hook
    output = fn(*args, **kwargs)
             ^^^^^^^^^^^^^^^^^^^
  File "/data1/gushengda/anaconda3/envs/rlco1/lib/python3.11/site-packages/lightning/pytorch/core/module.py", line 1302, in optimizer_step
    optimizer.step(closure=optimizer_closure)
  File "/data1/gushengda/anaconda3/envs/rlco1/lib/python3.11/site-packages/lightning/pytorch/core/optimizer.py", line 154, in step
    step_output = self._strategy.optimizer_step(self._optimizer, closure, **kwargs)
                  ^^^^^^^^^^^^^^^^^^^^^^^^^^^^^^^^^^^^^^^^^^^^^^^^^^^^^^^^^^^^^^^^^
  File "/data1/gushengda/anaconda3/envs/rlco1/lib/python3.11/site-packages/lightning/pytorch/strategies/strategy.py", line 239, in optimizer_step
    return self.precision_plugin.optimizer_step(optimizer, model=model, closure=closure, **kwargs)
           ^^^^^^^^^^^^^^^^^^^^^^^^^^^^^^^^^^^^^^^^^^^^^^^^^^^^^^^^^^^^^^^^^^^^^^^^^^^^^^^^^^^^^^^
  File "/data1/gushengda/anaconda3/envs/rlco1/lib/python3.11/site-packages/lightning/pytorch/plugins/precision/precision.py", line 123, in optimizer_step
    return optimizer.step(closure=closure, **kwargs)
           ^^^^^^^^^^^^^^^^^^^^^^^^^^^^^^^^^^^^^^^^^
  File "/data1/gushengda/anaconda3/envs/rlco1/lib/python3.11/site-packages/torch/optim/lr_scheduler.py", line 137, in wrapper
    return func.__get__(opt, opt.__class__)(*args, **kwargs)
           ^^^^^^^^^^^^^^^^^^^^^^^^^^^^^^^^^^^^^^^^^^^^^^^^^
  File "/data1/gushengda/anaconda3/envs/rlco1/lib/python3.11/site-packages/torch/optim/optimizer.py", line 487, in wrapper
    out = func(*args, **kwargs)
          ^^^^^^^^^^^^^^^^^^^^^
  File "/data1/gushengda/anaconda3/envs/rlco1/lib/python3.11/site-packages/torch/optim/optimizer.py", line 91, in _use_grad
    ret = func(self, *args, **kwargs)
          ^^^^^^^^^^^^^^^^^^^^^^^^^^^
  File "/data1/gushengda/anaconda3/envs/rlco1/lib/python3.11/site-packages/torch/optim/adam.py", line 202, in step
    loss = closure()
           ^^^^^^^^^
  File "/data1/gushengda/anaconda3/envs/rlco1/lib/python3.11/site-packages/lightning/pytorch/plugins/precision/precision.py", line 109, in _wrap_closure
    closure_result = closure()
                     ^^^^^^^^^
  File "/data1/gushengda/anaconda3/envs/rlco1/lib/python3.11/site-packages/lightning/pytorch/loops/optimization/automatic.py", line 146, in __call__
    self._result = self.closure(*args, **kwargs)
                   ^^^^^^^^^^^^^^^^^^^^^^^^^^^^^
  File "/data1/gushengda/anaconda3/envs/rlco1/lib/python3.11/site-packages/torch/utils/_contextlib.py", line 116, in decorate_context
    return func(*args, **kwargs)
           ^^^^^^^^^^^^^^^^^^^^^
  File "/data1/gushengda/anaconda3/envs/rlco1/lib/python3.11/site-packages/lightning/pytorch/loops/optimization/automatic.py", line 131, in closure
    step_output = self._step_fn()
                  ^^^^^^^^^^^^^^^
  File "/data1/gushengda/anaconda3/envs/rlco1/lib/python3.11/site-packages/lightning/pytorch/loops/optimization/automatic.py", line 319, in _training_step
    training_step_output = call._call_strategy_hook(trainer, "training_step", *kwargs.values())
                           ^^^^^^^^^^^^^^^^^^^^^^^^^^^^^^^^^^^^^^^^^^^^^^^^^^^^^^^^^^^^^^^^^^^^
  File "/data1/gushengda/anaconda3/envs/rlco1/lib/python3.11/site-packages/lightning/pytorch/trainer/call.py", line 323, in _call_strategy_hook
    output = fn(*args, **kwargs)
             ^^^^^^^^^^^^^^^^^^^
  File "/data1/gushengda/anaconda3/envs/rlco1/lib/python3.11/site-packages/lightning/pytorch/strategies/strategy.py", line 391, in training_step
    return self.lightning_module.training_step(*args, **kwargs)
           ^^^^^^^^^^^^^^^^^^^^^^^^^^^^^^^^^^^^^^^^^^^^^^^^^^^^
  File "/data1/gushengda/eam-rl4co/rl4co/models/rl/common/base.py", line 258, in training_step
    return self.shared_step(batch, batch_idx, phase="train")
           ^^^^^^^^^^^^^^^^^^^^^^^^^^^^^^^^^^^^^^^^^^^^^^^^^
  File "/data1/gushengda/eam-rl4co/rl4co/models/zoo/pomo/model.py", line 235, in shared_step
    self.calculate_loss(td, batch, out, reward, log_likelihood)
  File "/data1/gushengda/eam-rl4co/rl4co/models/zoo/pomo/model.py", line 308, in calculate_loss
    loss, pair_count = self._free_loss_loss_fn(reward, log_likelihood, policy_out)
                       ^^^^^^^^^^^^^^^^^^^^^^^^^^^^^^^^^^^^^^^^^^^^^^^^^^^^^^^^^^^
  File "/data1/gushengda/eam-rl4co/rl4co/models/zoo/pomo/model.py", line 490, in _free_loss_loss_fn
    feature_cache = self._pref_extract_feature_cache(
                    ^^^^^^^^^^^^^^^^^^^^^^^^^^^^^^^^^
  File "/data1/gushengda/eam-rl4co/PTP/fitness/free_loss_fidelity.py", line 306, in extract_feature_cache
    model_output, _ = build_model_output(objective=objective, log_prob=log_prob)
                      ^^^^^^^^^^^^^^^^^^^^^^^^^^^^^^^^^^^^^^^^^^^^^^^^^^^^^^^^^^
  File "/data1/gushengda/eam-rl4co/PTP/fitness/co_features.py", line 96, in build_model_output
    feats = compute_co_features(objective, dim=1, eps=eps)
            ^^^^^^^^^^^^^^^^^^^^^^^^^^^^^^^^^^^^^^^^^^^^^^
  File "/data1/gushengda/eam-rl4co/PTP/fitness/co_features.py", line 64, in compute_co_features
    "regret": regret(objective, dim=dim, eps=eps),
              ^^^^^^^^^^^^^^^^^^^^^^^^^^^^^^^^^^^
  File "/data1/gushengda/eam-rl4co/PTP/fitness/co_features.py", line 49, in regret
    scale = robust_scale_mad(objective, dim=dim, eps=eps)
            ^^^^^^^^^^^^^^^^^^^^^^^^^^^^^^^^^^^^^^^^^^^^^
  File "/data1/gushengda/eam-rl4co/PTP/fitness/co_features.py", line 33, in robust_scale_mad
    median = x.median(dim=dim, keepdim=True).values
             ^^^^^^^^^^^^^^^^^^^^^^^^^^^^^^^
RuntimeError: median CUDA with indices output does not have a deterministic implementation, but you set 'torch.use_deterministic_algorithms(True)'. You can turn off determinism just for this operation, or you can use the 'warn_only=True' option, if that's acceptable for your application. You can also file an issue at https://github.com/pytorch/pytorch/issues to help us prioritize adding deterministic support for this operation.
[2026-03-11 16:16:21,437][rl4co.utils.utils][INFO] - Output dir: /data1/gushengda/eam-rl4co/logs/train/runs/2026-03-11_16-16-14
[2026-03-11 16:16:21,437][rl4co.utils.utils][INFO] - Closing loggers...
[2026-03-11 16:17:18,790][rl4co.utils.utils][INFO] - Enforcing tags! <cfg.extras.enforce_tags=True>
[2026-03-11 16:17:18,793][rl4co.utils.utils][INFO] - Printing config tree with Rich! <cfg.extras.print_config=True>
[2026-03-11 16:17:18,829][rl4co.tasks.train][INFO] - Instantiating environment <rl4co.envs.TSPEnv>
[2026-03-11 16:17:22,615][rl4co.tasks.train][INFO] - Instantiating model <rl4co.models.POMO>
[2026-03-11 16:17:22,685][rl4co.data.transforms][INFO] - Features not passed, defaulting to 'locs'
[2026-03-11 16:17:22,697][rl4co.tasks.train][INFO] - Instantiating callbacks...
[2026-03-11 16:17:22,697][rl4co.utils.instantiators][INFO] - Instantiating callback <lightning.pytorch.callbacks.ModelCheckpoint>
[2026-03-11 16:17:22,700][rl4co.utils.instantiators][INFO] - Instantiating callback <lightning.pytorch.callbacks.RichModelSummary>
[2026-03-11 16:17:22,700][rl4co.utils.instantiators][INFO] - Instantiating callback <rl4co.utils.callbacks.speed_monitor.SpeedMonitor>
[2026-03-11 16:17:22,701][rl4co.utils.instantiators][INFO] - Instantiating callback <lightning.pytorch.callbacks.LearningRateMonitor>
[2026-03-11 16:17:22,701][rl4co.tasks.train][INFO] - Instantiating loggers...
[2026-03-11 16:17:22,702][rl4co.utils.instantiators][INFO] - Instantiating logger <lightning.pytorch.loggers.csv_logs.CSVLogger>
[2026-03-11 16:17:22,703][rl4co.tasks.train][INFO] - Instantiating trainer...
[2026-03-11 16:17:22,706][rl4co.utils.trainer][WARNING] - gradient_clip_val is set to None. This may lead to unstable training.
[2026-03-11 16:17:22,713][rl4co.tasks.train][INFO] - Logging hyperparameters!
[2026-03-11 16:17:22,714][rl4co.tasks.train][INFO] - Starting training!
[2026-03-11 16:17:22,881][rl4co.models.rl.common.base][INFO] - Setting up batch sizes for train/val/test
[2026-03-11 16:17:22,881][rl4co.models.rl.common.base][INFO] - Generating default datasets. If found, they will not be overwritten
[2026-03-11 16:17:22,882][rl4co.models.rl.common.base][INFO] - Setting up datasets
[2026-03-11 16:17:23,475][rl4co.envs.common.base][INFO] - Loading val dataset from /data1/gushengda/eam-rl4co/data/tsp/tsp100_val_seed4321.npz
[2026-03-11 16:17:23,508][rl4co.envs.common.base][INFO] - Loading test dataset from /data1/gushengda/eam-rl4co/data/tsp/tsp100_test_seed1234.npz
[2026-03-11 16:17:23,649][rl4co.models.rl.common.base][INFO] - Instantiating optimizer <Adam>
[2026-03-11 16:17:23,650][rl4co.models.rl.common.base][INFO] - Instantiating LR scheduler <MultiStepLR>
[2026-03-11 16:27:42,830][rl4co.models.rl.common.base][INFO] - Generating training dataset for next epoch...
[2026-03-11 16:37:57,353][rl4co.models.rl.common.base][INFO] - Generating training dataset for next epoch...
[2026-03-11 16:48:17,117][rl4co.models.rl.common.base][INFO] - Generating training dataset for next epoch...
[2026-03-11 16:58:36,896][rl4co.models.rl.common.base][INFO] - Generating training dataset for next epoch...
[2026-03-11 17:08:58,749][rl4co.models.rl.common.base][INFO] - Generating training dataset for next epoch...
[2026-03-11 17:19:19,102][rl4co.models.rl.common.base][INFO] - Generating training dataset for next epoch...
[2026-03-11 17:29:40,557][rl4co.models.rl.common.base][INFO] - Generating training dataset for next epoch...
[2026-03-11 17:39:02,558][rl4co.models.rl.common.base][INFO] - Generating training dataset for next epoch...
[2026-03-11 17:48:15,915][rl4co.models.rl.common.base][INFO] - Generating training dataset for next epoch...
[2026-03-11 17:57:32,537][rl4co.models.rl.common.base][INFO] - Generating training dataset for next epoch...
[2026-03-11 18:06:51,038][rl4co.models.rl.common.base][INFO] - Generating training dataset for next epoch...
[2026-03-11 18:16:09,107][rl4co.models.rl.common.base][INFO] - Generating training dataset for next epoch...
[2026-03-11 18:25:27,868][rl4co.models.rl.common.base][INFO] - Generating training dataset for next epoch...
[2026-03-11 18:34:46,407][rl4co.models.rl.common.base][INFO] - Generating training dataset for next epoch...
[2026-03-11 18:44:05,587][rl4co.models.rl.common.base][INFO] - Generating training dataset for next epoch...
[2026-03-11 18:53:22,472][rl4co.models.rl.common.base][INFO] - Generating training dataset for next epoch...
[2026-03-11 19:02:39,561][rl4co.models.rl.common.base][INFO] - Generating training dataset for next epoch...
[2026-03-11 19:11:56,676][rl4co.models.rl.common.base][INFO] - Generating training dataset for next epoch...
[2026-03-11 19:21:13,035][rl4co.models.rl.common.base][INFO] - Generating training dataset for next epoch...
[2026-03-11 19:30:28,825][rl4co.models.rl.common.base][INFO] - Generating training dataset for next epoch...
[2026-03-11 19:39:45,590][rl4co.models.rl.common.base][INFO] - Generating training dataset for next epoch...
[2026-03-11 19:49:01,880][rl4co.models.rl.common.base][INFO] - Generating training dataset for next epoch...
[2026-03-11 19:58:16,718][rl4co.models.rl.common.base][INFO] - Generating training dataset for next epoch...
[2026-03-11 20:07:31,682][rl4co.models.rl.common.base][INFO] - Generating training dataset for next epoch...
[2026-03-11 20:16:46,494][rl4co.models.rl.common.base][INFO] - Generating training dataset for next epoch...
[2026-03-11 20:26:00,869][rl4co.models.rl.common.base][INFO] - Generating training dataset for next epoch...
[2026-03-11 20:35:14,467][rl4co.models.rl.common.base][INFO] - Generating training dataset for next epoch...
[2026-03-11 20:44:27,807][rl4co.models.rl.common.base][INFO] - Generating training dataset for next epoch...
[2026-03-11 20:53:41,720][rl4co.models.rl.common.base][INFO] - Generating training dataset for next epoch...
[2026-03-11 21:02:54,508][rl4co.models.rl.common.base][INFO] - Generating training dataset for next epoch...
[2026-03-11 21:12:08,046][rl4co.models.rl.common.base][INFO] - Generating training dataset for next epoch...
[2026-03-11 21:21:21,263][rl4co.models.rl.common.base][INFO] - Generating training dataset for next epoch...
[2026-03-11 21:30:34,799][rl4co.models.rl.common.base][INFO] - Generating training dataset for next epoch...
[2026-03-11 21:39:48,130][rl4co.models.rl.common.base][INFO] - Generating training dataset for next epoch...
[2026-03-11 21:49:00,941][rl4co.models.rl.common.base][INFO] - Generating training dataset for next epoch...
[2026-03-11 21:58:13,009][rl4co.models.rl.common.base][INFO] - Generating training dataset for next epoch...
[2026-03-11 22:07:25,446][rl4co.models.rl.common.base][INFO] - Generating training dataset for next epoch...
[2026-03-11 22:16:37,515][rl4co.models.rl.common.base][INFO] - Generating training dataset for next epoch...
[2026-03-11 22:25:49,870][rl4co.models.rl.common.base][INFO] - Generating training dataset for next epoch...
[2026-03-11 22:35:02,253][rl4co.models.rl.common.base][INFO] - Generating training dataset for next epoch...
[2026-03-11 22:44:14,598][rl4co.models.rl.common.base][INFO] - Generating training dataset for next epoch...
[2026-03-11 22:53:26,992][rl4co.models.rl.common.base][INFO] - Generating training dataset for next epoch...
[2026-03-11 23:02:39,566][rl4co.models.rl.common.base][INFO] - Generating training dataset for next epoch...
[2026-03-11 23:11:52,074][rl4co.models.rl.common.base][INFO] - Generating training dataset for next epoch...
[2026-03-11 23:21:04,957][rl4co.models.rl.common.base][INFO] - Generating training dataset for next epoch...
[2026-03-11 23:30:17,496][rl4co.models.rl.common.base][INFO] - Generating training dataset for next epoch...
[2026-03-11 23:39:30,062][rl4co.models.rl.common.base][INFO] - Generating training dataset for next epoch...
[2026-03-11 23:48:42,462][rl4co.models.rl.common.base][INFO] - Generating training dataset for next epoch...
[2026-03-11 23:57:55,188][rl4co.models.rl.common.base][INFO] - Generating training dataset for next epoch...
[2026-03-12 00:07:07,280][rl4co.models.rl.common.base][INFO] - Generating training dataset for next epoch...
[2026-03-12 00:16:20,018][rl4co.models.rl.common.base][INFO] - Generating training dataset for next epoch...
[2026-03-12 00:25:32,316][rl4co.models.rl.common.base][INFO] - Generating training dataset for next epoch...
[2026-03-12 00:34:45,771][rl4co.models.rl.common.base][INFO] - Generating training dataset for next epoch...
[2026-03-12 00:43:58,121][rl4co.models.rl.common.base][INFO] - Generating training dataset for next epoch...
[2026-03-12 00:53:11,040][rl4co.models.rl.common.base][INFO] - Generating training dataset for next epoch...
[2026-03-12 01:03:30,945][rl4co.models.rl.common.base][INFO] - Generating training dataset for next epoch...
[2026-03-12 01:13:04,745][rl4co.models.rl.common.base][INFO] - Generating training dataset for next epoch...
[2026-03-12 01:22:20,392][rl4co.models.rl.common.base][INFO] - Generating training dataset for next epoch...
[2026-03-12 01:31:36,149][rl4co.models.rl.common.base][INFO] - Generating training dataset for next epoch...
[2026-03-12 01:41:55,987][rl4co.models.rl.common.base][INFO] - Generating training dataset for next epoch...
[2026-03-12 01:52:15,173][rl4co.models.rl.common.base][INFO] - Generating training dataset for next epoch...
[2026-03-12 02:02:33,983][rl4co.models.rl.common.base][INFO] - Generating training dataset for next epoch...
[2026-03-12 02:12:01,098][rl4co.models.rl.common.base][INFO] - Generating training dataset for next epoch...
[2026-03-12 02:21:16,547][rl4co.models.rl.common.base][INFO] - Generating training dataset for next epoch...
[2026-03-12 02:30:33,093][rl4co.models.rl.common.base][INFO] - Generating training dataset for next epoch...
[2026-03-12 02:39:48,786][rl4co.models.rl.common.base][INFO] - Generating training dataset for next epoch...
[2026-03-12 02:49:04,942][rl4co.models.rl.common.base][INFO] - Generating training dataset for next epoch...
[2026-03-12 02:58:20,501][rl4co.models.rl.common.base][INFO] - Generating training dataset for next epoch...
[2026-03-12 03:07:32,941][rl4co.models.rl.common.base][INFO] - Generating training dataset for next epoch...
[2026-03-12 03:16:44,677][rl4co.models.rl.common.base][INFO] - Generating training dataset for next epoch...
[2026-03-12 03:25:59,421][rl4co.models.rl.common.base][INFO] - Generating training dataset for next epoch...
[2026-03-12 03:35:13,410][rl4co.models.rl.common.base][INFO] - Generating training dataset for next epoch...
[2026-03-20 14:47:27,211][rl4co.utils.utils][INFO] - Enforcing tags! <cfg.extras.enforce_tags=True>
[2026-03-20 14:47:27,215][rl4co.utils.utils][INFO] - Printing config tree with Rich! <cfg.extras.print_config=True>
[2026-03-20 14:47:27,252][rl4co.tasks.train][INFO] - Instantiating environment <rl4co.envs.TSPEnv>
[2026-03-20 14:47:31,082][rl4co.tasks.train][INFO] - Instantiating model <rl4co.models.POMO>
[2026-03-20 14:47:31,154][rl4co.data.transforms][INFO] - Features not passed, defaulting to 'locs'
[2026-03-20 14:47:31,167][rl4co.tasks.train][INFO] - Instantiating callbacks...
[2026-03-20 14:47:31,167][rl4co.utils.instantiators][INFO] - Instantiating callback <lightning.pytorch.callbacks.ModelCheckpoint>
[2026-03-20 14:47:31,170][rl4co.utils.instantiators][INFO] - Instantiating callback <lightning.pytorch.callbacks.RichModelSummary>
[2026-03-20 14:47:31,170][rl4co.utils.instantiators][INFO] - Instantiating callback <rl4co.utils.callbacks.speed_monitor.SpeedMonitor>
[2026-03-20 14:47:31,171][rl4co.utils.instantiators][INFO] - Instantiating callback <lightning.pytorch.callbacks.LearningRateMonitor>
[2026-03-20 14:47:31,171][rl4co.tasks.train][INFO] - Instantiating loggers...
[2026-03-20 14:47:31,171][rl4co.utils.instantiators][INFO] - Instantiating logger <lightning.pytorch.loggers.csv_logs.CSVLogger>
[2026-03-20 14:47:31,172][rl4co.tasks.train][INFO] - Instantiating trainer...
[2026-03-20 14:47:31,175][rl4co.utils.trainer][WARNING] - gradient_clip_val is set to None. This may lead to unstable training.
[2026-03-20 14:47:31,182][rl4co.tasks.train][INFO] - Logging hyperparameters!
[2026-03-20 14:47:31,184][rl4co.tasks.train][INFO] - Starting training!
[2026-03-20 14:47:31,291][rl4co.models.rl.common.base][INFO] - Setting up batch sizes for train/val/test
[2026-03-20 14:47:31,291][rl4co.models.rl.common.base][INFO] - Generating default datasets. If found, they will not be overwritten
[2026-03-20 14:47:31,292][rl4co.models.rl.common.base][INFO] - Setting up datasets
[2026-03-20 14:47:31,798][rl4co.envs.common.base][INFO] - Loading val dataset from /data1/gushengda/eam-rl4co/data/tsp/tsp50_val_seed4321.npz
[2026-03-20 14:47:31,828][rl4co.envs.common.base][INFO] - Loading test dataset from /data1/gushengda/eam-rl4co/data/tsp/tsp50_test_seed1234.npz
[2026-03-20 14:47:31,978][rl4co.models.rl.common.base][INFO] - Instantiating optimizer <Adam>
[2026-03-20 14:47:31,978][rl4co.models.rl.common.base][INFO] - Instantiating LR scheduler <MultiStepLR>
[2026-03-20 14:52:28,368][rl4co.models.rl.common.base][INFO] - Generating training dataset for next epoch...
[2026-03-20 14:57:27,382][rl4co.models.rl.common.base][INFO] - Generating training dataset for next epoch...
[2026-03-20 15:02:02,543][rl4co.models.rl.common.base][INFO] - Generating training dataset for next epoch...
[2026-03-20 15:06:38,282][rl4co.models.rl.common.base][INFO] - Generating training dataset for next epoch...
[2026-03-20 15:11:14,691][rl4co.models.rl.common.base][INFO] - Generating training dataset for next epoch...
[2026-03-20 15:15:49,732][rl4co.models.rl.common.base][INFO] - Generating training dataset for next epoch...
[2026-03-20 15:20:26,336][rl4co.models.rl.common.base][INFO] - Generating training dataset for next epoch...
[2026-03-20 15:25:01,686][rl4co.models.rl.common.base][INFO] - Generating training dataset for next epoch...
[2026-03-20 15:29:39,544][rl4co.models.rl.common.base][INFO] - Generating training dataset for next epoch...
[2026-03-20 15:34:14,046][rl4co.models.rl.common.base][INFO] - Generating training dataset for next epoch...
[2026-03-20 15:38:48,570][rl4co.models.rl.common.base][INFO] - Generating training dataset for next epoch...
[2026-03-20 15:43:22,967][rl4co.models.rl.common.base][INFO] - Generating training dataset for next epoch...
[2026-03-20 15:47:57,612][rl4co.models.rl.common.base][INFO] - Generating training dataset for next epoch...
[2026-03-20 15:52:32,479][rl4co.models.rl.common.base][INFO] - Generating training dataset for next epoch...
[2026-03-20 15:57:06,834][rl4co.models.rl.common.base][INFO] - Generating training dataset for next epoch...
[2026-03-20 16:01:40,076][rl4co.models.rl.common.base][INFO] - Generating training dataset for next epoch...
[2026-03-20 16:06:13,614][rl4co.models.rl.common.base][INFO] - Generating training dataset for next epoch...
[2026-03-20 16:10:46,093][rl4co.models.rl.common.base][INFO] - Generating training dataset for next epoch...
[2026-03-20 16:15:19,072][rl4co.models.rl.common.base][INFO] - Generating training dataset for next epoch...
[2026-03-20 16:19:51,603][rl4co.models.rl.common.base][INFO] - Generating training dataset for next epoch...
[2026-03-20 16:24:28,361][rl4co.models.rl.common.base][INFO] - Generating training dataset for next epoch...
[2026-03-20 16:29:05,570][rl4co.models.rl.common.base][INFO] - Generating training dataset for next epoch...
[2026-03-20 16:33:45,661][rl4co.models.rl.common.base][INFO] - Generating training dataset for next epoch...
[2026-03-20 16:38:26,138][rl4co.models.rl.common.base][INFO] - Generating training dataset for next epoch...
[2026-03-20 16:43:03,129][rl4co.models.rl.common.base][INFO] - Generating training dataset for next epoch...
[2026-03-20 16:47:40,184][rl4co.models.rl.common.base][INFO] - Generating training dataset for next epoch...
[2026-03-20 16:52:15,521][rl4co.models.rl.common.base][INFO] - Generating training dataset for next epoch...
[2026-03-20 16:57:47,429][rl4co.models.rl.common.base][INFO] - Generating training dataset for next epoch...
[2026-03-20 17:05:42,986][rl4co.models.rl.common.base][INFO] - Generating training dataset for next epoch...
[2026-03-20 17:14:03,958][rl4co.models.rl.common.base][INFO] - Generating training dataset for next epoch...
[2026-03-20 17:22:08,003][rl4co.models.rl.common.base][INFO] - Generating training dataset for next epoch...
[2026-03-20 17:30:03,394][rl4co.models.rl.common.base][INFO] - Generating training dataset for next epoch...
[2026-03-20 17:38:03,238][rl4co.models.rl.common.base][INFO] - Generating training dataset for next epoch...
[2026-03-20 17:46:06,498][rl4co.models.rl.common.base][INFO] - Generating training dataset for next epoch...
[2026-03-21 03:23:13,253][rl4co.utils.utils][INFO] - Enforcing tags! <cfg.extras.enforce_tags=True>
[2026-03-21 03:23:13,258][rl4co.utils.utils][INFO] - Printing config tree with Rich! <cfg.extras.print_config=True>
[2026-03-21 03:23:13,296][rl4co.tasks.train][INFO] - Instantiating environment <rl4co.envs.TSPEnv>
[2026-03-21 03:23:17,416][rl4co.tasks.train][INFO] - Instantiating model <rl4co.models.POMO>
[2026-03-21 03:23:17,469][rl4co.models.nn.attention][INFO] - Using default scaled_dot_product_attention for PointerAttention
[2026-03-21 03:23:17,490][rl4co.data.transforms][INFO] - Features not passed, defaulting to 'locs'
[2026-03-21 03:23:17,492][rl4co.tasks.train][INFO] - Instantiating callbacks...
[2026-03-21 03:23:17,492][rl4co.utils.instantiators][INFO] - Instantiating callback <lightning.pytorch.callbacks.ModelCheckpoint>
[2026-03-21 03:23:17,497][rl4co.utils.instantiators][INFO] - Instantiating callback <lightning.pytorch.callbacks.RichModelSummary>
[2026-03-21 03:23:17,497][rl4co.utils.instantiators][INFO] - Instantiating callback <rl4co.utils.callbacks.speed_monitor.SpeedMonitor>
[2026-03-21 03:23:17,498][rl4co.tasks.train][INFO] - Instantiating loggers...
[2026-03-21 03:23:17,498][rl4co.tasks.train][INFO] - Instantiating trainer...
[2026-03-21 03:23:17,509][rl4co.tasks.train][INFO] - Starting training!
[2026-03-21 03:23:17,578][rl4co.models.rl.common.base][INFO] - Setting up batch sizes for train/val/test
[2026-03-21 03:23:17,578][rl4co.models.rl.common.base][INFO] - Generating default datasets. If found, they will not be overwritten
[2026-03-21 03:23:17,579][rl4co.models.rl.common.base][INFO] - Setting up datasets
[2026-03-21 03:23:18,477][rl4co.envs.common.base][INFO] - Loading val dataset from /data1/gushengda/eam-rl4co/data/tsp/tsp50_val_seed4321.npz
[2026-03-21 03:23:18,515][rl4co.envs.common.base][INFO] - Loading test dataset from /data1/gushengda/eam-rl4co/data/tsp/tsp50_test_seed1234.npz
[2026-03-21 03:23:18,694][rl4co.models.rl.common.base][INFO] - Instantiating optimizer <Adam>
[2026-03-21 03:23:18,694][rl4co.models.rl.common.base][INFO] - Instantiating LR scheduler <MultiStepLR>
[2026-03-21 03:24:10,380][rl4co.utils.utils][INFO] - Enforcing tags! <cfg.extras.enforce_tags=True>
[2026-03-21 03:24:10,385][rl4co.utils.utils][INFO] - Printing config tree with Rich! <cfg.extras.print_config=True>
[2026-03-21 03:24:10,421][rl4co.tasks.train][INFO] - Instantiating environment <rl4co.envs.TSPEnv>
[2026-03-21 03:24:14,361][rl4co.tasks.train][INFO] - Instantiating model <rl4co.models.POMO>
[2026-03-21 03:24:14,413][rl4co.models.nn.attention][INFO] - Using default scaled_dot_product_attention for PointerAttention
[2026-03-21 03:24:14,436][rl4co.data.transforms][INFO] - Features not passed, defaulting to 'locs'
[2026-03-21 03:24:14,437][rl4co.tasks.train][INFO] - Instantiating callbacks...
[2026-03-21 03:24:14,437][rl4co.utils.instantiators][INFO] - Instantiating callback <lightning.pytorch.callbacks.ModelCheckpoint>
[2026-03-21 03:24:14,441][rl4co.utils.instantiators][INFO] - Instantiating callback <lightning.pytorch.callbacks.RichModelSummary>
[2026-03-21 03:24:14,442][rl4co.utils.instantiators][INFO] - Instantiating callback <rl4co.utils.callbacks.speed_monitor.SpeedMonitor>
[2026-03-21 03:24:14,442][rl4co.tasks.train][INFO] - Instantiating loggers...
[2026-03-21 03:24:14,442][rl4co.tasks.train][INFO] - Instantiating trainer...
[2026-03-21 03:24:14,453][rl4co.tasks.train][INFO] - Starting training!
[2026-03-21 03:24:14,525][rl4co.models.rl.common.base][INFO] - Setting up batch sizes for train/val/test
[2026-03-21 03:24:14,525][rl4co.models.rl.common.base][INFO] - Generating default datasets. If found, they will not be overwritten
[2026-03-21 03:24:14,526][rl4co.models.rl.common.base][INFO] - Setting up datasets
[2026-03-21 03:24:15,430][rl4co.envs.common.base][INFO] - Loading val dataset from /data1/gushengda/eam-rl4co/data/tsp/tsp50_val_seed4321.npz
[2026-03-21 03:24:15,459][rl4co.envs.common.base][INFO] - Loading test dataset from /data1/gushengda/eam-rl4co/data/tsp/tsp50_test_seed1234.npz
[2026-03-21 03:24:15,600][rl4co.models.rl.common.base][INFO] - Instantiating optimizer <Adam>
[2026-03-21 03:24:15,600][rl4co.models.rl.common.base][INFO] - Instantiating LR scheduler <MultiStepLR>
[2026-03-22 04:33:08,719][rl4co.utils.utils][INFO] - Enforcing tags! <cfg.extras.enforce_tags=True>
[2026-03-22 04:33:08,722][rl4co.utils.utils][INFO] - Printing config tree with Rich! <cfg.extras.print_config=True>
[2026-03-22 04:33:08,758][rl4co.tasks.train][INFO] - Instantiating environment <rl4co.envs.CVRPEnv>
[2026-03-22 04:33:12,568][rl4co.tasks.train][INFO] - Instantiating model <rl4co.models.POMO>
[2026-03-22 04:33:12,639][rl4co.data.transforms][INFO] - Features not passed, defaulting to 'locs'
[2026-03-22 04:33:12,652][rl4co.tasks.train][INFO] - Instantiating callbacks...
[2026-03-22 04:33:12,652][rl4co.utils.instantiators][INFO] - Instantiating callback <lightning.pytorch.callbacks.ModelCheckpoint>
[2026-03-22 04:33:12,655][rl4co.utils.instantiators][INFO] - Instantiating callback <lightning.pytorch.callbacks.RichModelSummary>
[2026-03-22 04:33:12,655][rl4co.utils.instantiators][INFO] - Instantiating callback <rl4co.utils.callbacks.speed_monitor.SpeedMonitor>
[2026-03-22 04:33:12,656][rl4co.utils.instantiators][INFO] - Instantiating callback <lightning.pytorch.callbacks.LearningRateMonitor>
[2026-03-22 04:33:12,656][rl4co.tasks.train][INFO] - Instantiating loggers...
[2026-03-22 04:33:12,656][rl4co.utils.instantiators][INFO] - Instantiating logger <lightning.pytorch.loggers.csv_logs.CSVLogger>
[2026-03-22 04:33:12,658][rl4co.tasks.train][INFO] - Instantiating trainer...
[2026-03-22 04:33:12,661][rl4co.utils.trainer][WARNING] - gradient_clip_val is set to None. This may lead to unstable training.
[2026-03-22 04:33:12,668][rl4co.tasks.train][INFO] - Logging hyperparameters!
[2026-03-22 04:33:12,669][rl4co.tasks.train][INFO] - Starting training!
[2026-03-22 04:33:12,836][rl4co.models.rl.common.base][INFO] - Setting up batch sizes for train/val/test
[2026-03-22 04:33:12,836][rl4co.models.rl.common.base][INFO] - Generating default datasets. If found, they will not be overwritten
[2026-03-22 04:33:12,837][rl4co.models.rl.common.base][INFO] - Setting up datasets
[2026-03-22 04:33:15,289][rl4co.envs.common.base][INFO] - Loading val dataset from /data1/gushengda/eam-rl4co/data/vrp/vrp100_val_seed4321.npz
[2026-03-22 04:33:15,465][rl4co.envs.common.base][INFO] - Loading test dataset from /data1/gushengda/eam-rl4co/data/vrp/vrp100_test_seed1234.npz
[2026-03-22 04:33:15,762][rl4co.models.rl.common.base][INFO] - Instantiating optimizer <Adam>
[2026-03-22 04:33:15,763][rl4co.models.rl.common.base][INFO] - Instantiating LR scheduler <MultiStepLR>
[2026-03-22 04:33:18,891][rl4co.utils.utils][ERROR] - 
Traceback (most recent call last):
  File "/data1/gushengda/eam-rl4co/rl4co/utils/utils.py", line 41, in wrap
    metric_dict, object_dict = task_func(cfg=cfg)
                               ^^^^^^^^^^^^^^^^^^
  File "/data1/gushengda/eam-rl4co/rl4co/tasks/train.py", line 77, in run
    trainer.fit(model=model, ckpt_path=cfg.get("ckpt_path"))
  File "/data1/gushengda/eam-rl4co/rl4co/utils/trainer.py", line 146, in fit
    super().fit(
  File "/data1/gushengda/anaconda3/envs/rlco1/lib/python3.11/site-packages/lightning/pytorch/trainer/trainer.py", line 539, in fit
    call._call_and_handle_interrupt(
  File "/data1/gushengda/anaconda3/envs/rlco1/lib/python3.11/site-packages/lightning/pytorch/trainer/call.py", line 47, in _call_and_handle_interrupt
    return trainer_fn(*args, **kwargs)
           ^^^^^^^^^^^^^^^^^^^^^^^^^^^
  File "/data1/gushengda/anaconda3/envs/rlco1/lib/python3.11/site-packages/lightning/pytorch/trainer/trainer.py", line 575, in _fit_impl
    self._run(model, ckpt_path=ckpt_path)
  File "/data1/gushengda/anaconda3/envs/rlco1/lib/python3.11/site-packages/lightning/pytorch/trainer/trainer.py", line 982, in _run
    results = self._run_stage()
              ^^^^^^^^^^^^^^^^^
  File "/data1/gushengda/anaconda3/envs/rlco1/lib/python3.11/site-packages/lightning/pytorch/trainer/trainer.py", line 1026, in _run_stage
    self.fit_loop.run()
  File "/data1/gushengda/anaconda3/envs/rlco1/lib/python3.11/site-packages/lightning/pytorch/loops/fit_loop.py", line 216, in run
    self.advance()
  File "/data1/gushengda/anaconda3/envs/rlco1/lib/python3.11/site-packages/lightning/pytorch/loops/fit_loop.py", line 455, in advance
    self.epoch_loop.run(self._data_fetcher)
  File "/data1/gushengda/anaconda3/envs/rlco1/lib/python3.11/site-packages/lightning/pytorch/loops/training_epoch_loop.py", line 150, in run
    self.advance(data_fetcher)
  File "/data1/gushengda/anaconda3/envs/rlco1/lib/python3.11/site-packages/lightning/pytorch/loops/training_epoch_loop.py", line 320, in advance
    batch_output = self.automatic_optimization.run(trainer.optimizers[0], batch_idx, kwargs)
                   ^^^^^^^^^^^^^^^^^^^^^^^^^^^^^^^^^^^^^^^^^^^^^^^^^^^^^^^^^^^^^^^^^^^^^^^^^
  File "/data1/gushengda/anaconda3/envs/rlco1/lib/python3.11/site-packages/lightning/pytorch/loops/optimization/automatic.py", line 192, in run
    self._optimizer_step(batch_idx, closure)
  File "/data1/gushengda/anaconda3/envs/rlco1/lib/python3.11/site-packages/lightning/pytorch/loops/optimization/automatic.py", line 270, in _optimizer_step
    call._call_lightning_module_hook(
  File "/data1/gushengda/anaconda3/envs/rlco1/lib/python3.11/site-packages/lightning/pytorch/trainer/call.py", line 171, in _call_lightning_module_hook
    output = fn(*args, **kwargs)
             ^^^^^^^^^^^^^^^^^^^
  File "/data1/gushengda/anaconda3/envs/rlco1/lib/python3.11/site-packages/lightning/pytorch/core/module.py", line 1302, in optimizer_step
    optimizer.step(closure=optimizer_closure)
  File "/data1/gushengda/anaconda3/envs/rlco1/lib/python3.11/site-packages/lightning/pytorch/core/optimizer.py", line 154, in step
    step_output = self._strategy.optimizer_step(self._optimizer, closure, **kwargs)
                  ^^^^^^^^^^^^^^^^^^^^^^^^^^^^^^^^^^^^^^^^^^^^^^^^^^^^^^^^^^^^^^^^^
  File "/data1/gushengda/anaconda3/envs/rlco1/lib/python3.11/site-packages/lightning/pytorch/strategies/strategy.py", line 239, in optimizer_step
    return self.precision_plugin.optimizer_step(optimizer, model=model, closure=closure, **kwargs)
           ^^^^^^^^^^^^^^^^^^^^^^^^^^^^^^^^^^^^^^^^^^^^^^^^^^^^^^^^^^^^^^^^^^^^^^^^^^^^^^^^^^^^^^^
  File "/data1/gushengda/anaconda3/envs/rlco1/lib/python3.11/site-packages/lightning/pytorch/plugins/precision/precision.py", line 123, in optimizer_step
    return optimizer.step(closure=closure, **kwargs)
           ^^^^^^^^^^^^^^^^^^^^^^^^^^^^^^^^^^^^^^^^^
  File "/data1/gushengda/anaconda3/envs/rlco1/lib/python3.11/site-packages/torch/optim/lr_scheduler.py", line 137, in wrapper
    return func.__get__(opt, opt.__class__)(*args, **kwargs)
           ^^^^^^^^^^^^^^^^^^^^^^^^^^^^^^^^^^^^^^^^^^^^^^^^^
  File "/data1/gushengda/anaconda3/envs/rlco1/lib/python3.11/site-packages/torch/optim/optimizer.py", line 487, in wrapper
    out = func(*args, **kwargs)
          ^^^^^^^^^^^^^^^^^^^^^
  File "/data1/gushengda/anaconda3/envs/rlco1/lib/python3.11/site-packages/torch/optim/optimizer.py", line 91, in _use_grad
    ret = func(self, *args, **kwargs)
          ^^^^^^^^^^^^^^^^^^^^^^^^^^^
  File "/data1/gushengda/anaconda3/envs/rlco1/lib/python3.11/site-packages/torch/optim/adam.py", line 202, in step
    loss = closure()
           ^^^^^^^^^
  File "/data1/gushengda/anaconda3/envs/rlco1/lib/python3.11/site-packages/lightning/pytorch/plugins/precision/precision.py", line 109, in _wrap_closure
    closure_result = closure()
                     ^^^^^^^^^
  File "/data1/gushengda/anaconda3/envs/rlco1/lib/python3.11/site-packages/lightning/pytorch/loops/optimization/automatic.py", line 146, in __call__
    self._result = self.closure(*args, **kwargs)
                   ^^^^^^^^^^^^^^^^^^^^^^^^^^^^^
  File "/data1/gushengda/anaconda3/envs/rlco1/lib/python3.11/site-packages/torch/utils/_contextlib.py", line 116, in decorate_context
    return func(*args, **kwargs)
           ^^^^^^^^^^^^^^^^^^^^^
  File "/data1/gushengda/anaconda3/envs/rlco1/lib/python3.11/site-packages/lightning/pytorch/loops/optimization/automatic.py", line 131, in closure
    step_output = self._step_fn()
                  ^^^^^^^^^^^^^^^
  File "/data1/gushengda/anaconda3/envs/rlco1/lib/python3.11/site-packages/lightning/pytorch/loops/optimization/automatic.py", line 319, in _training_step
    training_step_output = call._call_strategy_hook(trainer, "training_step", *kwargs.values())
                           ^^^^^^^^^^^^^^^^^^^^^^^^^^^^^^^^^^^^^^^^^^^^^^^^^^^^^^^^^^^^^^^^^^^^
  File "/data1/gushengda/anaconda3/envs/rlco1/lib/python3.11/site-packages/lightning/pytorch/trainer/call.py", line 323, in _call_strategy_hook
    output = fn(*args, **kwargs)
             ^^^^^^^^^^^^^^^^^^^
  File "/data1/gushengda/anaconda3/envs/rlco1/lib/python3.11/site-packages/lightning/pytorch/strategies/strategy.py", line 391, in training_step
    return self.lightning_module.training_step(*args, **kwargs)
           ^^^^^^^^^^^^^^^^^^^^^^^^^^^^^^^^^^^^^^^^^^^^^^^^^^^^
  File "/data1/gushengda/eam-rl4co/rl4co/models/rl/common/base.py", line 258, in training_step
    return self.shared_step(batch, batch_idx, phase="train")
           ^^^^^^^^^^^^^^^^^^^^^^^^^^^^^^^^^^^^^^^^^^^^^^^^^
  File "/data1/gushengda/eam-rl4co/rl4co/models/zoo/pomo/model.py", line 235, in shared_step
    self.calculate_loss(td, batch, out, reward, log_likelihood)
  File "/data1/gushengda/eam-rl4co/rl4co/models/zoo/pomo/model.py", line 308, in calculate_loss
    loss, pair_count = self._free_loss_loss_fn(reward, log_likelihood, policy_out)
                       ^^^^^^^^^^^^^^^^^^^^^^^^^^^^^^^^^^^^^^^^^^^^^^^^^^^^^^^^^^^
  File "/data1/gushengda/eam-rl4co/rl4co/models/zoo/pomo/model.py", line 490, in _free_loss_loss_fn
    feature_cache = self._pref_extract_feature_cache(
                    ^^^^^^^^^^^^^^^^^^^^^^^^^^^^^^^^^
  File "/data1/gushengda/eam-rl4co/PTP/fitness/free_loss_fidelity.py", line 306, in extract_feature_cache
    model_output, _ = build_model_output(objective=objective, log_prob=log_prob)
                      ^^^^^^^^^^^^^^^^^^^^^^^^^^^^^^^^^^^^^^^^^^^^^^^^^^^^^^^^^^
  File "/data1/gushengda/eam-rl4co/PTP/fitness/co_features.py", line 96, in build_model_output
    feats = compute_co_features(objective, dim=1, eps=eps)
            ^^^^^^^^^^^^^^^^^^^^^^^^^^^^^^^^^^^^^^^^^^^^^^
  File "/data1/gushengda/eam-rl4co/PTP/fitness/co_features.py", line 64, in compute_co_features
    "regret": regret(objective, dim=dim, eps=eps),
              ^^^^^^^^^^^^^^^^^^^^^^^^^^^^^^^^^^^
  File "/data1/gushengda/eam-rl4co/PTP/fitness/co_features.py", line 49, in regret
    scale = robust_scale_mad(objective, dim=dim, eps=eps)
            ^^^^^^^^^^^^^^^^^^^^^^^^^^^^^^^^^^^^^^^^^^^^^
  File "/data1/gushengda/eam-rl4co/PTP/fitness/co_features.py", line 33, in robust_scale_mad
    median = x.median(dim=dim, keepdim=True).values
             ^^^^^^^^^^^^^^^^^^^^^^^^^^^^^^^
RuntimeError: median CUDA with indices output does not have a deterministic implementation, but you set 'torch.use_deterministic_algorithms(True)'. You can turn off determinism just for this operation, or you can use the 'warn_only=True' option, if that's acceptable for your application. You can also file an issue at https://github.com/pytorch/pytorch/issues to help us prioritize adding deterministic support for this operation.
[2026-03-22 04:33:18,903][rl4co.utils.utils][INFO] - Output dir: /data1/gushengda/eam-rl4co/logs/train/runs/2026-03-22_04-33-08
[2026-03-22 04:33:18,903][rl4co.utils.utils][INFO] - Closing loggers...
[2026-03-22 04:33:36,603][rl4co.utils.utils][INFO] - Enforcing tags! <cfg.extras.enforce_tags=True>
[2026-03-22 04:33:36,606][rl4co.utils.utils][INFO] - Printing config tree with Rich! <cfg.extras.print_config=True>
[2026-03-22 04:33:36,642][rl4co.tasks.train][INFO] - Instantiating environment <rl4co.envs.CVRPEnv>
[2026-03-22 04:33:40,385][rl4co.tasks.train][INFO] - Instantiating model <rl4co.models.POMO>
[2026-03-22 04:33:40,457][rl4co.data.transforms][INFO] - Features not passed, defaulting to 'locs'
[2026-03-22 04:33:40,470][rl4co.tasks.train][INFO] - Instantiating callbacks...
[2026-03-22 04:33:40,470][rl4co.utils.instantiators][INFO] - Instantiating callback <lightning.pytorch.callbacks.ModelCheckpoint>
[2026-03-22 04:33:40,473][rl4co.utils.instantiators][INFO] - Instantiating callback <lightning.pytorch.callbacks.RichModelSummary>
[2026-03-22 04:33:40,473][rl4co.utils.instantiators][INFO] - Instantiating callback <rl4co.utils.callbacks.speed_monitor.SpeedMonitor>
[2026-03-22 04:33:40,474][rl4co.utils.instantiators][INFO] - Instantiating callback <lightning.pytorch.callbacks.LearningRateMonitor>
[2026-03-22 04:33:40,475][rl4co.tasks.train][INFO] - Instantiating loggers...
[2026-03-22 04:33:40,475][rl4co.utils.instantiators][INFO] - Instantiating logger <lightning.pytorch.loggers.csv_logs.CSVLogger>
[2026-03-22 04:33:40,476][rl4co.tasks.train][INFO] - Instantiating trainer...
[2026-03-22 04:33:40,479][rl4co.utils.trainer][WARNING] - gradient_clip_val is set to None. This may lead to unstable training.
[2026-03-22 04:33:40,487][rl4co.tasks.train][INFO] - Logging hyperparameters!
[2026-03-22 04:33:40,488][rl4co.tasks.train][INFO] - Starting training!
[2026-03-22 04:33:40,648][rl4co.models.rl.common.base][INFO] - Setting up batch sizes for train/val/test
[2026-03-22 04:33:40,649][rl4co.models.rl.common.base][INFO] - Generating default datasets. If found, they will not be overwritten
[2026-03-22 04:33:40,650][rl4co.models.rl.common.base][INFO] - Setting up datasets
[2026-03-22 04:33:42,340][rl4co.envs.common.base][INFO] - Loading val dataset from /data1/gushengda/eam-rl4co/data/vrp/vrp100_val_seed4321.npz
[2026-03-22 04:33:42,431][rl4co.envs.common.base][INFO] - Loading test dataset from /data1/gushengda/eam-rl4co/data/vrp/vrp100_test_seed1234.npz
[2026-03-22 04:33:42,648][rl4co.models.rl.common.base][INFO] - Instantiating optimizer <Adam>
[2026-03-22 04:33:42,649][rl4co.models.rl.common.base][INFO] - Instantiating LR scheduler <MultiStepLR>
[2026-03-22 04:33:45,760][rl4co.utils.utils][ERROR] - 
Traceback (most recent call last):
  File "/data1/gushengda/eam-rl4co/rl4co/utils/utils.py", line 41, in wrap
    metric_dict, object_dict = task_func(cfg=cfg)
                               ^^^^^^^^^^^^^^^^^^
  File "/data1/gushengda/eam-rl4co/rl4co/tasks/train.py", line 77, in run
    trainer.fit(model=model, ckpt_path=cfg.get("ckpt_path"))
  File "/data1/gushengda/eam-rl4co/rl4co/utils/trainer.py", line 146, in fit
    super().fit(
  File "/data1/gushengda/anaconda3/envs/rlco1/lib/python3.11/site-packages/lightning/pytorch/trainer/trainer.py", line 539, in fit
    call._call_and_handle_interrupt(
  File "/data1/gushengda/anaconda3/envs/rlco1/lib/python3.11/site-packages/lightning/pytorch/trainer/call.py", line 47, in _call_and_handle_interrupt
    return trainer_fn(*args, **kwargs)
           ^^^^^^^^^^^^^^^^^^^^^^^^^^^
  File "/data1/gushengda/anaconda3/envs/rlco1/lib/python3.11/site-packages/lightning/pytorch/trainer/trainer.py", line 575, in _fit_impl
    self._run(model, ckpt_path=ckpt_path)
  File "/data1/gushengda/anaconda3/envs/rlco1/lib/python3.11/site-packages/lightning/pytorch/trainer/trainer.py", line 982, in _run
    results = self._run_stage()
              ^^^^^^^^^^^^^^^^^
  File "/data1/gushengda/anaconda3/envs/rlco1/lib/python3.11/site-packages/lightning/pytorch/trainer/trainer.py", line 1026, in _run_stage
    self.fit_loop.run()
  File "/data1/gushengda/anaconda3/envs/rlco1/lib/python3.11/site-packages/lightning/pytorch/loops/fit_loop.py", line 216, in run
    self.advance()
  File "/data1/gushengda/anaconda3/envs/rlco1/lib/python3.11/site-packages/lightning/pytorch/loops/fit_loop.py", line 455, in advance
    self.epoch_loop.run(self._data_fetcher)
  File "/data1/gushengda/anaconda3/envs/rlco1/lib/python3.11/site-packages/lightning/pytorch/loops/training_epoch_loop.py", line 150, in run
    self.advance(data_fetcher)
  File "/data1/gushengda/anaconda3/envs/rlco1/lib/python3.11/site-packages/lightning/pytorch/loops/training_epoch_loop.py", line 320, in advance
    batch_output = self.automatic_optimization.run(trainer.optimizers[0], batch_idx, kwargs)
                   ^^^^^^^^^^^^^^^^^^^^^^^^^^^^^^^^^^^^^^^^^^^^^^^^^^^^^^^^^^^^^^^^^^^^^^^^^
  File "/data1/gushengda/anaconda3/envs/rlco1/lib/python3.11/site-packages/lightning/pytorch/loops/optimization/automatic.py", line 192, in run
    self._optimizer_step(batch_idx, closure)
  File "/data1/gushengda/anaconda3/envs/rlco1/lib/python3.11/site-packages/lightning/pytorch/loops/optimization/automatic.py", line 270, in _optimizer_step
    call._call_lightning_module_hook(
  File "/data1/gushengda/anaconda3/envs/rlco1/lib/python3.11/site-packages/lightning/pytorch/trainer/call.py", line 171, in _call_lightning_module_hook
    output = fn(*args, **kwargs)
             ^^^^^^^^^^^^^^^^^^^
  File "/data1/gushengda/anaconda3/envs/rlco1/lib/python3.11/site-packages/lightning/pytorch/core/module.py", line 1302, in optimizer_step
    optimizer.step(closure=optimizer_closure)
  File "/data1/gushengda/anaconda3/envs/rlco1/lib/python3.11/site-packages/lightning/pytorch/core/optimizer.py", line 154, in step
    step_output = self._strategy.optimizer_step(self._optimizer, closure, **kwargs)
                  ^^^^^^^^^^^^^^^^^^^^^^^^^^^^^^^^^^^^^^^^^^^^^^^^^^^^^^^^^^^^^^^^^
  File "/data1/gushengda/anaconda3/envs/rlco1/lib/python3.11/site-packages/lightning/pytorch/strategies/strategy.py", line 239, in optimizer_step
    return self.precision_plugin.optimizer_step(optimizer, model=model, closure=closure, **kwargs)
           ^^^^^^^^^^^^^^^^^^^^^^^^^^^^^^^^^^^^^^^^^^^^^^^^^^^^^^^^^^^^^^^^^^^^^^^^^^^^^^^^^^^^^^^
  File "/data1/gushengda/anaconda3/envs/rlco1/lib/python3.11/site-packages/lightning/pytorch/plugins/precision/precision.py", line 123, in optimizer_step
    return optimizer.step(closure=closure, **kwargs)
           ^^^^^^^^^^^^^^^^^^^^^^^^^^^^^^^^^^^^^^^^^
  File "/data1/gushengda/anaconda3/envs/rlco1/lib/python3.11/site-packages/torch/optim/lr_scheduler.py", line 137, in wrapper
    return func.__get__(opt, opt.__class__)(*args, **kwargs)
           ^^^^^^^^^^^^^^^^^^^^^^^^^^^^^^^^^^^^^^^^^^^^^^^^^
  File "/data1/gushengda/anaconda3/envs/rlco1/lib/python3.11/site-packages/torch/optim/optimizer.py", line 487, in wrapper
    out = func(*args, **kwargs)
          ^^^^^^^^^^^^^^^^^^^^^
  File "/data1/gushengda/anaconda3/envs/rlco1/lib/python3.11/site-packages/torch/optim/optimizer.py", line 91, in _use_grad
    ret = func(self, *args, **kwargs)
          ^^^^^^^^^^^^^^^^^^^^^^^^^^^
  File "/data1/gushengda/anaconda3/envs/rlco1/lib/python3.11/site-packages/torch/optim/adam.py", line 202, in step
    loss = closure()
           ^^^^^^^^^
  File "/data1/gushengda/anaconda3/envs/rlco1/lib/python3.11/site-packages/lightning/pytorch/plugins/precision/precision.py", line 109, in _wrap_closure
    closure_result = closure()
                     ^^^^^^^^^
  File "/data1/gushengda/anaconda3/envs/rlco1/lib/python3.11/site-packages/lightning/pytorch/loops/optimization/automatic.py", line 146, in __call__
    self._result = self.closure(*args, **kwargs)
                   ^^^^^^^^^^^^^^^^^^^^^^^^^^^^^
  File "/data1/gushengda/anaconda3/envs/rlco1/lib/python3.11/site-packages/torch/utils/_contextlib.py", line 116, in decorate_context
    return func(*args, **kwargs)
           ^^^^^^^^^^^^^^^^^^^^^
  File "/data1/gushengda/anaconda3/envs/rlco1/lib/python3.11/site-packages/lightning/pytorch/loops/optimization/automatic.py", line 131, in closure
    step_output = self._step_fn()
                  ^^^^^^^^^^^^^^^
  File "/data1/gushengda/anaconda3/envs/rlco1/lib/python3.11/site-packages/lightning/pytorch/loops/optimization/automatic.py", line 319, in _training_step
    training_step_output = call._call_strategy_hook(trainer, "training_step", *kwargs.values())
                           ^^^^^^^^^^^^^^^^^^^^^^^^^^^^^^^^^^^^^^^^^^^^^^^^^^^^^^^^^^^^^^^^^^^^
  File "/data1/gushengda/anaconda3/envs/rlco1/lib/python3.11/site-packages/lightning/pytorch/trainer/call.py", line 323, in _call_strategy_hook
    output = fn(*args, **kwargs)
             ^^^^^^^^^^^^^^^^^^^
  File "/data1/gushengda/anaconda3/envs/rlco1/lib/python3.11/site-packages/lightning/pytorch/strategies/strategy.py", line 391, in training_step
    return self.lightning_module.training_step(*args, **kwargs)
           ^^^^^^^^^^^^^^^^^^^^^^^^^^^^^^^^^^^^^^^^^^^^^^^^^^^^
  File "/data1/gushengda/eam-rl4co/rl4co/models/rl/common/base.py", line 258, in training_step
    return self.shared_step(batch, batch_idx, phase="train")
           ^^^^^^^^^^^^^^^^^^^^^^^^^^^^^^^^^^^^^^^^^^^^^^^^^
  File "/data1/gushengda/eam-rl4co/rl4co/models/zoo/pomo/model.py", line 235, in shared_step
    self.calculate_loss(td, batch, out, reward, log_likelihood)
  File "/data1/gushengda/eam-rl4co/rl4co/models/zoo/pomo/model.py", line 308, in calculate_loss
    loss, pair_count = self._free_loss_loss_fn(reward, log_likelihood, policy_out)
                       ^^^^^^^^^^^^^^^^^^^^^^^^^^^^^^^^^^^^^^^^^^^^^^^^^^^^^^^^^^^
  File "/data1/gushengda/eam-rl4co/rl4co/models/zoo/pomo/model.py", line 490, in _free_loss_loss_fn
    feature_cache = self._pref_extract_feature_cache(
                    ^^^^^^^^^^^^^^^^^^^^^^^^^^^^^^^^^
  File "/data1/gushengda/eam-rl4co/PTP/fitness/free_loss_fidelity.py", line 306, in extract_feature_cache
    model_output, _ = build_model_output(objective=objective, log_prob=log_prob)
                      ^^^^^^^^^^^^^^^^^^^^^^^^^^^^^^^^^^^^^^^^^^^^^^^^^^^^^^^^^^
  File "/data1/gushengda/eam-rl4co/PTP/fitness/co_features.py", line 96, in build_model_output
    feats = compute_co_features(objective, dim=1, eps=eps)
            ^^^^^^^^^^^^^^^^^^^^^^^^^^^^^^^^^^^^^^^^^^^^^^
  File "/data1/gushengda/eam-rl4co/PTP/fitness/co_features.py", line 64, in compute_co_features
    "regret": regret(objective, dim=dim, eps=eps),
              ^^^^^^^^^^^^^^^^^^^^^^^^^^^^^^^^^^^
  File "/data1/gushengda/eam-rl4co/PTP/fitness/co_features.py", line 49, in regret
    scale = robust_scale_mad(objective, dim=dim, eps=eps)
            ^^^^^^^^^^^^^^^^^^^^^^^^^^^^^^^^^^^^^^^^^^^^^
  File "/data1/gushengda/eam-rl4co/PTP/fitness/co_features.py", line 33, in robust_scale_mad
    median = x.median(dim=dim, keepdim=True).values
             ^^^^^^^^^^^^^^^^^^^^^^^^^^^^^^^
RuntimeError: median CUDA with indices output does not have a deterministic implementation, but you set 'torch.use_deterministic_algorithms(True)'. You can turn off determinism just for this operation, or you can use the 'warn_only=True' option, if that's acceptable for your application. You can also file an issue at https://github.com/pytorch/pytorch/issues to help us prioritize adding deterministic support for this operation.
[2026-03-22 04:33:45,765][rl4co.utils.utils][INFO] - Output dir: /data1/gushengda/eam-rl4co/logs/train/runs/2026-03-22_04-33-36
[2026-03-22 04:33:45,765][rl4co.utils.utils][INFO] - Closing loggers...
[2026-03-22 04:34:56,521][rl4co.utils.utils][INFO] - Enforcing tags! <cfg.extras.enforce_tags=True>
[2026-03-22 04:34:56,526][rl4co.utils.utils][INFO] - Printing config tree with Rich! <cfg.extras.print_config=True>
[2026-03-22 04:34:56,563][rl4co.tasks.train][INFO] - Instantiating environment <rl4co.envs.CVRPEnv>
[2026-03-22 04:35:00,572][rl4co.tasks.train][INFO] - Instantiating model <rl4co.models.POMO>
[2026-03-22 04:35:00,645][rl4co.data.transforms][INFO] - Features not passed, defaulting to 'locs'
[2026-03-22 04:35:00,658][rl4co.tasks.train][INFO] - Instantiating callbacks...
[2026-03-22 04:35:00,659][rl4co.utils.instantiators][INFO] - Instantiating callback <lightning.pytorch.callbacks.ModelCheckpoint>
[2026-03-22 04:35:00,662][rl4co.utils.instantiators][INFO] - Instantiating callback <lightning.pytorch.callbacks.RichModelSummary>
[2026-03-22 04:35:00,662][rl4co.utils.instantiators][INFO] - Instantiating callback <rl4co.utils.callbacks.speed_monitor.SpeedMonitor>
[2026-03-22 04:35:00,663][rl4co.utils.instantiators][INFO] - Instantiating callback <lightning.pytorch.callbacks.LearningRateMonitor>
[2026-03-22 04:35:00,663][rl4co.tasks.train][INFO] - Instantiating loggers...
[2026-03-22 04:35:00,663][rl4co.utils.instantiators][INFO] - Instantiating logger <lightning.pytorch.loggers.csv_logs.CSVLogger>
[2026-03-22 04:35:00,665][rl4co.tasks.train][INFO] - Instantiating trainer...
[2026-03-22 04:35:00,668][rl4co.utils.trainer][WARNING] - gradient_clip_val is set to None. This may lead to unstable training.
[2026-03-22 04:35:00,675][rl4co.tasks.train][INFO] - Logging hyperparameters!
[2026-03-22 04:35:00,677][rl4co.tasks.train][INFO] - Starting training!
[2026-03-22 04:35:00,841][rl4co.models.rl.common.base][INFO] - Setting up batch sizes for train/val/test
[2026-03-22 04:35:00,842][rl4co.models.rl.common.base][INFO] - Generating default datasets. If found, they will not be overwritten
[2026-03-22 04:35:00,842][rl4co.models.rl.common.base][INFO] - Setting up datasets
[2026-03-22 04:35:02,540][rl4co.envs.common.base][INFO] - Loading val dataset from /data1/gushengda/eam-rl4co/data/vrp/vrp100_val_seed4321.npz
[2026-03-22 04:35:02,632][rl4co.envs.common.base][INFO] - Loading test dataset from /data1/gushengda/eam-rl4co/data/vrp/vrp100_test_seed1234.npz
[2026-03-22 04:35:02,843][rl4co.models.rl.common.base][INFO] - Instantiating optimizer <Adam>
[2026-03-22 04:35:02,844][rl4co.models.rl.common.base][INFO] - Instantiating LR scheduler <MultiStepLR>
[2026-03-22 04:39:44,691][rl4co.utils.utils][INFO] - Enforcing tags! <cfg.extras.enforce_tags=True>
[2026-03-22 04:39:44,696][rl4co.utils.utils][INFO] - Printing config tree with Rich! <cfg.extras.print_config=True>
[2026-03-22 04:39:44,734][rl4co.tasks.train][INFO] - Instantiating environment <rl4co.envs.CVRPEnv>
[2026-03-22 04:39:48,709][rl4co.tasks.train][INFO] - Instantiating model <rl4co.models.POMO>
[2026-03-22 04:39:48,782][rl4co.data.transforms][INFO] - Features not passed, defaulting to 'locs'
[2026-03-22 04:39:48,783][rl4co.tasks.train][INFO] - Instantiating callbacks...
[2026-03-22 04:39:48,783][rl4co.utils.instantiators][INFO] - Instantiating callback <lightning.pytorch.callbacks.ModelCheckpoint>
[2026-03-22 04:39:48,786][rl4co.utils.instantiators][INFO] - Instantiating callback <lightning.pytorch.callbacks.RichModelSummary>
[2026-03-22 04:39:48,786][rl4co.utils.instantiators][INFO] - Instantiating callback <rl4co.utils.callbacks.speed_monitor.SpeedMonitor>
[2026-03-22 04:39:48,787][rl4co.tasks.train][INFO] - Instantiating loggers...
[2026-03-22 04:39:48,787][rl4co.utils.instantiators][INFO] - Instantiating logger <lightning.pytorch.loggers.csv_logs.CSVLogger>
[2026-03-22 04:39:48,789][rl4co.tasks.train][INFO] - Instantiating trainer...
[2026-03-22 04:39:48,792][rl4co.utils.trainer][WARNING] - gradient_clip_val is set to None. This may lead to unstable training.
[2026-03-22 04:39:48,800][rl4co.tasks.train][INFO] - Logging hyperparameters!
[2026-03-22 04:39:48,801][rl4co.tasks.train][INFO] - Starting training!
[2026-03-22 04:39:48,868][rl4co.models.rl.common.base][INFO] - Setting up batch sizes for train/val/test
[2026-03-22 04:39:48,868][rl4co.models.rl.common.base][INFO] - Generating default datasets. If found, they will not be overwritten
[2026-03-22 04:39:48,869][rl4co.models.rl.common.base][INFO] - Setting up datasets
[2026-03-22 04:39:50,571][rl4co.envs.common.base][INFO] - Loading val dataset from /data1/gushengda/eam-rl4co/data/vrp/vrp100_val_seed4321.npz
[2026-03-22 04:39:50,666][rl4co.envs.common.base][INFO] - Loading test dataset from /data1/gushengda/eam-rl4co/data/vrp/vrp100_test_seed1234.npz
[2026-03-22 04:39:50,874][rl4co.models.rl.common.base][INFO] - Instantiating optimizer <Adam>
[2026-03-22 04:39:50,875][rl4co.models.rl.common.base][INFO] - Instantiating LR scheduler <MultiStepLR>
[2026-03-22 04:47:06,338][rl4co.models.rl.common.base][INFO] - Generating training dataset for next epoch...
[2026-03-22 04:52:06,265][rl4co.models.rl.common.base][INFO] - Generating training dataset for next epoch...
[2026-03-22 04:59:04,163][rl4co.models.rl.common.base][INFO] - Generating training dataset for next epoch...
[2026-03-22 05:03:57,276][rl4co.models.rl.common.base][INFO] - Generating training dataset for next epoch...
[2026-03-22 05:11:01,353][rl4co.models.rl.common.base][INFO] - Generating training dataset for next epoch...
[2026-03-22 05:15:48,422][rl4co.models.rl.common.base][INFO] - Generating training dataset for next epoch...
[2026-03-22 05:22:55,452][rl4co.models.rl.common.base][INFO] - Generating training dataset for next epoch...
[2026-03-22 05:27:37,920][rl4co.models.rl.common.base][INFO] - Generating training dataset for next epoch...
[2026-03-22 05:35:00,050][rl4co.models.rl.common.base][INFO] - Generating training dataset for next epoch...
[2026-03-22 05:39:29,351][rl4co.models.rl.common.base][INFO] - Generating training dataset for next epoch...
[2026-03-22 05:46:55,915][rl4co.models.rl.common.base][INFO] - Generating training dataset for next epoch...
[2026-03-22 05:51:19,774][rl4co.models.rl.common.base][INFO] - Generating training dataset for next epoch...
[2026-03-22 05:58:52,519][rl4co.models.rl.common.base][INFO] - Generating training dataset for next epoch...
[2026-03-22 06:03:12,593][rl4co.models.rl.common.base][INFO] - Generating training dataset for next epoch...
[2026-03-22 06:10:51,981][rl4co.models.rl.common.base][INFO] - Generating training dataset for next epoch...
[2026-03-22 06:15:03,743][rl4co.models.rl.common.base][INFO] - Generating training dataset for next epoch...
[2026-03-22 06:20:22,720][rl4co.utils.utils][INFO] - Enforcing tags! <cfg.extras.enforce_tags=True>
[2026-03-22 06:20:22,725][rl4co.utils.utils][INFO] - Printing config tree with Rich! <cfg.extras.print_config=True>
[2026-03-22 06:20:22,762][rl4co.tasks.train][INFO] - Instantiating environment <rl4co.envs.CVRPEnv>
[2026-03-22 06:20:26,720][rl4co.tasks.train][INFO] - Instantiating model <rl4co.models.POMO>
[2026-03-22 06:20:26,791][rl4co.data.transforms][INFO] - Features not passed, defaulting to 'locs'
[2026-03-22 06:20:26,791][rl4co.tasks.train][INFO] - Instantiating callbacks...
[2026-03-22 06:20:26,792][rl4co.utils.instantiators][INFO] - Instantiating callback <lightning.pytorch.callbacks.ModelCheckpoint>
[2026-03-22 06:20:26,794][rl4co.utils.instantiators][INFO] - Instantiating callback <lightning.pytorch.callbacks.RichModelSummary>
[2026-03-22 06:20:26,795][rl4co.utils.instantiators][INFO] - Instantiating callback <rl4co.utils.callbacks.speed_monitor.SpeedMonitor>
[2026-03-22 06:20:26,795][rl4co.tasks.train][INFO] - Instantiating loggers...
[2026-03-22 06:20:26,796][rl4co.utils.instantiators][INFO] - Instantiating logger <lightning.pytorch.loggers.csv_logs.CSVLogger>
[2026-03-22 06:20:26,797][rl4co.tasks.train][INFO] - Instantiating trainer...
[2026-03-22 06:20:26,800][rl4co.utils.trainer][WARNING] - gradient_clip_val is set to None. This may lead to unstable training.
[2026-03-22 06:20:26,807][rl4co.tasks.train][INFO] - Logging hyperparameters!
[2026-03-22 06:20:26,809][rl4co.tasks.train][INFO] - Starting training!
[2026-03-22 06:20:26,848][rl4co.models.rl.common.base][INFO] - Setting up batch sizes for train/val/test
[2026-03-22 06:20:26,849][rl4co.models.rl.common.base][INFO] - Generating default datasets. If found, they will not be overwritten
[2026-03-22 06:20:26,849][rl4co.models.rl.common.base][INFO] - Setting up datasets
[2026-03-22 06:20:28,542][rl4co.envs.common.base][INFO] - Loading val dataset from /data1/gushengda/eam-rl4co/data/vrp/vrp100_val_seed4321.npz
[2026-03-22 06:20:28,637][rl4co.envs.common.base][INFO] - Loading test dataset from /data1/gushengda/eam-rl4co/data/vrp/vrp100_test_seed1234.npz
[2026-03-22 06:20:28,693][rl4co.utils.utils][INFO] - Enforcing tags! <cfg.extras.enforce_tags=True>
[2026-03-22 06:20:28,698][rl4co.utils.utils][INFO] - Printing config tree with Rich! <cfg.extras.print_config=True>
[2026-03-22 06:20:28,735][rl4co.tasks.train][INFO] - Instantiating environment <rl4co.envs.CVRPEnv>
[2026-03-22 06:20:28,899][rl4co.models.rl.common.base][INFO] - Instantiating optimizer <Adam>
[2026-03-22 06:20:28,900][rl4co.models.rl.common.base][INFO] - Instantiating LR scheduler <MultiStepLR>
[2026-03-22 06:20:32,693][rl4co.tasks.train][INFO] - Instantiating model <rl4co.models.POMO>
[2026-03-22 06:20:32,765][rl4co.data.transforms][INFO] - Features not passed, defaulting to 'locs'
[2026-03-22 06:20:32,765][rl4co.tasks.train][INFO] - Instantiating callbacks...
[2026-03-22 06:20:32,765][rl4co.utils.instantiators][INFO] - Instantiating callback <lightning.pytorch.callbacks.ModelCheckpoint>
[2026-03-22 06:20:32,768][rl4co.utils.instantiators][INFO] - Instantiating callback <lightning.pytorch.callbacks.RichModelSummary>
[2026-03-22 06:20:32,768][rl4co.utils.instantiators][INFO] - Instantiating callback <rl4co.utils.callbacks.speed_monitor.SpeedMonitor>
[2026-03-22 06:20:32,769][rl4co.tasks.train][INFO] - Instantiating loggers...
[2026-03-22 06:20:32,770][rl4co.utils.instantiators][INFO] - Instantiating logger <lightning.pytorch.loggers.csv_logs.CSVLogger>
[2026-03-22 06:20:32,771][rl4co.tasks.train][INFO] - Instantiating trainer...
[2026-03-22 06:20:32,774][rl4co.utils.trainer][WARNING] - gradient_clip_val is set to None. This may lead to unstable training.
[2026-03-22 06:20:32,784][rl4co.tasks.train][INFO] - Logging hyperparameters!
[2026-03-22 06:20:32,785][rl4co.tasks.train][INFO] - Starting training!
[2026-03-22 06:20:32,853][rl4co.models.rl.common.base][INFO] - Setting up batch sizes for train/val/test
[2026-03-22 06:20:32,853][rl4co.models.rl.common.base][INFO] - Generating default datasets. If found, they will not be overwritten
[2026-03-22 06:20:32,854][rl4co.models.rl.common.base][INFO] - Setting up datasets
[2026-03-22 06:20:34,565][rl4co.envs.common.base][INFO] - Loading val dataset from /data1/gushengda/eam-rl4co/data/vrp/vrp100_val_seed4321.npz
[2026-03-22 06:20:34,664][rl4co.envs.common.base][INFO] - Loading test dataset from /data1/gushengda/eam-rl4co/data/vrp/vrp100_test_seed1234.npz
[2026-03-22 06:20:34,924][rl4co.models.rl.common.base][INFO] - Instantiating optimizer <Adam>
[2026-03-22 06:20:34,925][rl4co.models.rl.common.base][INFO] - Instantiating LR scheduler <MultiStepLR>
[2026-03-22 06:22:55,779][rl4co.models.rl.common.base][INFO] - Generating training dataset for next epoch...
[2026-03-22 06:27:12,298][rl4co.models.rl.common.base][INFO] - Generating training dataset for next epoch...
[2026-03-22 06:33:42,418][rl4co.models.rl.common.base][INFO] - Generating training dataset for next epoch...
[2026-03-22 06:34:55,792][rl4co.models.rl.common.base][INFO] - Generating training dataset for next epoch...
[2026-03-22 06:39:01,953][rl4co.models.rl.common.base][INFO] - Generating training dataset for next epoch...
[2026-03-22 06:46:05,758][rl4co.models.rl.common.base][INFO] - Generating training dataset for next epoch...
[2026-03-22 06:47:07,103][rl4co.models.rl.common.base][INFO] - Generating training dataset for next epoch...
[2026-03-22 06:50:54,120][rl4co.models.rl.common.base][INFO] - Generating training dataset for next epoch...
[2026-03-22 06:58:06,913][rl4co.models.rl.common.base][INFO] - Generating training dataset for next epoch...
[2026-03-22 06:59:01,288][rl4co.models.rl.common.base][INFO] - Generating training dataset for next epoch...
[2026-03-22 07:02:45,462][rl4co.models.rl.common.base][INFO] - Generating training dataset for next epoch...
[2026-03-22 07:10:01,929][rl4co.models.rl.common.base][INFO] - Generating training dataset for next epoch...
[2026-03-22 07:10:59,061][rl4co.models.rl.common.base][INFO] - Generating training dataset for next epoch...
[2026-03-22 07:16:16,615][rl4co.models.rl.common.base][INFO] - Generating training dataset for next epoch...
[2026-03-22 07:22:01,395][rl4co.models.rl.common.base][INFO] - Generating training dataset for next epoch...
[2026-03-22 07:22:54,378][rl4co.models.rl.common.base][INFO] - Generating training dataset for next epoch...
[2026-03-22 07:29:47,070][rl4co.models.rl.common.base][INFO] - Generating training dataset for next epoch...
[2026-03-22 07:33:57,779][rl4co.models.rl.common.base][INFO] - Generating training dataset for next epoch...
[2026-03-22 07:34:44,578][rl4co.models.rl.common.base][INFO] - Generating training dataset for next epoch...
[2026-03-22 07:43:18,204][rl4co.models.rl.common.base][INFO] - Generating training dataset for next epoch...
[2026-03-22 07:45:56,335][rl4co.models.rl.common.base][INFO] - Generating training dataset for next epoch...
[2026-03-22 07:46:41,980][rl4co.models.rl.common.base][INFO] - Generating training dataset for next epoch...
[2026-03-22 07:56:35,380][rl4co.models.rl.common.base][INFO] - Generating training dataset for next epoch...
[2026-03-22 07:57:52,197][rl4co.models.rl.common.base][INFO] - Generating training dataset for next epoch...
[2026-03-22 07:58:33,896][rl4co.models.rl.common.base][INFO] - Generating training dataset for next epoch...
[2026-03-22 08:09:44,737][rl4co.models.rl.common.base][INFO] - Generating training dataset for next epoch...
[2026-03-22 08:10:07,281][rl4co.models.rl.common.base][INFO] - Generating training dataset for next epoch...
[2026-03-22 08:10:24,173][rl4co.models.rl.common.base][INFO] - Generating training dataset for next epoch...
[2026-03-22 08:21:35,921][rl4co.models.rl.common.base][INFO] - Generating training dataset for next epoch...
[2026-03-22 08:22:15,423][rl4co.models.rl.common.base][INFO] - Generating training dataset for next epoch...
[2026-03-22 08:23:37,823][rl4co.models.rl.common.base][INFO] - Generating training dataset for next epoch...
[2026-03-22 08:33:30,932][rl4co.models.rl.common.base][INFO] - Generating training dataset for next epoch...
[2026-03-22 08:34:13,052][rl4co.models.rl.common.base][INFO] - Generating training dataset for next epoch...
[2026-03-22 08:35:35,827][rl4co.models.rl.common.base][INFO] - Generating training dataset for next epoch...
[2026-03-22 08:45:22,960][rl4co.models.rl.common.base][INFO] - Generating training dataset for next epoch...
[2026-03-22 08:46:05,645][rl4co.models.rl.common.base][INFO] - Generating training dataset for next epoch...
[2026-03-22 08:48:09,454][rl4co.models.rl.common.base][INFO] - Generating training dataset for next epoch...
[2026-03-22 08:57:20,666][rl4co.models.rl.common.base][INFO] - Generating training dataset for next epoch...
[2026-03-22 08:58:04,674][rl4co.models.rl.common.base][INFO] - Generating training dataset for next epoch...
[2026-03-22 09:00:08,396][rl4co.models.rl.common.base][INFO] - Generating training dataset for next epoch...
[2026-03-22 09:09:50,597][rl4co.models.rl.common.base][INFO] - Generating training dataset for next epoch...
[2026-03-22 09:10:05,061][rl4co.models.rl.common.base][INFO] - Generating training dataset for next epoch...
[2026-03-22 09:12:05,900][rl4co.models.rl.common.base][INFO] - Generating training dataset for next epoch...
[2026-03-22 09:22:05,482][rl4co.models.rl.common.base][INFO] - Generating training dataset for next epoch...
[2026-03-22 09:23:24,184][rl4co.models.rl.common.base][INFO] - Generating training dataset for next epoch...
[2026-03-22 09:24:02,458][rl4co.models.rl.common.base][INFO] - Generating training dataset for next epoch...
[2026-03-22 09:34:06,714][rl4co.models.rl.common.base][INFO] - Generating training dataset for next epoch...
[2026-03-22 09:35:19,148][rl4co.models.rl.common.base][INFO] - Generating training dataset for next epoch...
[2026-03-22 09:36:00,438][rl4co.models.rl.common.base][INFO] - Generating training dataset for next epoch...
[2026-03-22 09:46:07,564][rl4co.models.rl.common.base][INFO] - Generating training dataset for next epoch...
[2026-03-22 09:47:13,462][rl4co.models.rl.common.base][INFO] - Generating training dataset for next epoch...
[2026-03-22 09:47:57,929][rl4co.models.rl.common.base][INFO] - Generating training dataset for next epoch...
[2026-03-22 09:58:08,745][rl4co.models.rl.common.base][INFO] - Generating training dataset for next epoch...
[2026-03-22 09:59:56,925][rl4co.models.rl.common.base][INFO] - Generating training dataset for next epoch...
[2026-03-22 10:00:46,099][rl4co.models.rl.common.base][INFO] - Generating training dataset for next epoch...
[2026-03-22 10:10:08,521][rl4co.models.rl.common.base][INFO] - Generating training dataset for next epoch...
[2026-03-22 10:11:52,271][rl4co.models.rl.common.base][INFO] - Generating training dataset for next epoch...
[2026-03-22 10:14:18,458][rl4co.models.rl.common.base][INFO] - Generating training dataset for next epoch...
[2026-03-22 10:22:08,729][rl4co.models.rl.common.base][INFO] - Generating training dataset for next epoch...
[2026-03-22 10:23:44,708][rl4co.models.rl.common.base][INFO] - Generating training dataset for next epoch...
[2026-03-22 10:26:56,149][rl4co.models.rl.common.base][INFO] - Generating training dataset for next epoch...
[2026-03-22 10:34:08,400][rl4co.models.rl.common.base][INFO] - Generating training dataset for next epoch...
[2026-03-22 10:35:38,048][rl4co.models.rl.common.base][INFO] - Generating training dataset for next epoch...
[2026-03-22 10:39:20,229][rl4co.models.rl.common.base][INFO] - Generating training dataset for next epoch...
[2026-03-22 10:46:10,753][rl4co.models.rl.common.base][INFO] - Generating training dataset for next epoch...
[2026-03-22 10:48:07,798][rl4co.models.rl.common.base][INFO] - Generating training dataset for next epoch...
[2026-03-22 10:52:51,133][rl4co.models.rl.common.base][INFO] - Generating training dataset for next epoch...
[2026-03-22 10:58:07,278][rl4co.models.rl.common.base][INFO] - Generating training dataset for next epoch...
[2026-03-22 11:00:51,163][rl4co.models.rl.common.base][INFO] - Generating training dataset for next epoch...
[2026-03-22 11:06:23,859][rl4co.models.rl.common.base][INFO] - Generating training dataset for next epoch...
[2026-03-22 11:09:56,880][rl4co.models.rl.common.base][INFO] - Generating training dataset for next epoch...
[2026-03-22 11:13:36,443][rl4co.models.rl.common.base][INFO] - Generating training dataset for next epoch...
[2026-03-22 11:18:22,146][rl4co.models.rl.common.base][INFO] - Generating training dataset for next epoch...
[2026-03-22 11:21:50,130][rl4co.models.rl.common.base][INFO] - Generating training dataset for next epoch...
[2026-03-22 11:26:24,042][rl4co.models.rl.common.base][INFO] - Generating training dataset for next epoch...
[2026-03-22 11:30:22,560][rl4co.models.rl.common.base][INFO] - Generating training dataset for next epoch...
[2026-03-22 11:33:45,602][rl4co.models.rl.common.base][INFO] - Generating training dataset for next epoch...
[2026-03-22 11:39:55,418][rl4co.models.rl.common.base][INFO] - Generating training dataset for next epoch...
[2026-03-22 11:42:22,391][rl4co.models.rl.common.base][INFO] - Generating training dataset for next epoch...
[2026-03-22 11:45:40,686][rl4co.models.rl.common.base][INFO] - Generating training dataset for next epoch...
[2026-03-22 11:53:27,084][rl4co.models.rl.common.base][INFO] - Generating training dataset for next epoch...
[2026-03-22 11:54:21,913][rl4co.models.rl.common.base][INFO] - Generating training dataset for next epoch...
[2026-03-22 11:57:35,445][rl4co.models.rl.common.base][INFO] - Generating training dataset for next epoch...
[2026-03-22 12:06:16,305][rl4co.models.rl.common.base][INFO] - Generating training dataset for next epoch...
[2026-03-22 12:06:58,484][rl4co.models.rl.common.base][INFO] - Generating training dataset for next epoch...
[2026-03-22 12:09:32,101][rl4co.models.rl.common.base][INFO] - Generating training dataset for next epoch...
[2026-03-22 12:18:32,212][rl4co.models.rl.common.base][INFO] - Generating training dataset for next epoch...
[2026-03-22 12:20:29,699][rl4co.models.rl.common.base][INFO] - Generating training dataset for next epoch...
[2026-03-22 12:21:30,095][rl4co.models.rl.common.base][INFO] - Generating training dataset for next epoch...
[2026-03-22 12:31:58,490][rl4co.models.rl.common.base][INFO] - Generating training dataset for next epoch...
[2026-03-22 12:32:27,174][rl4co.models.rl.common.base][INFO] - Generating training dataset for next epoch...
[2026-03-22 12:33:28,482][rl4co.models.rl.common.base][INFO] - Generating training dataset for next epoch...
[2026-03-22 12:44:23,399][rl4co.models.rl.common.base][INFO] - Generating training dataset for next epoch...
[2026-03-22 12:45:10,198][rl4co.models.rl.common.base][INFO] - Generating training dataset for next epoch...
[2026-03-22 12:45:26,609][rl4co.models.rl.common.base][INFO] - Generating training dataset for next epoch...
[2026-03-22 12:56:13,491][rl4co.models.rl.common.base][INFO] - Generating training dataset for next epoch...
[2026-03-22 12:57:24,416][rl4co.models.rl.common.base][INFO] - Generating training dataset for next epoch...
[2026-03-22 12:58:41,111][rl4co.models.rl.common.base][INFO] - Generating training dataset for next epoch...
[2026-03-22 13:08:04,126][rl4co.models.rl.common.base][INFO] - Generating training dataset for next epoch...
[2026-03-22 13:09:22,966][rl4co.models.rl.common.base][INFO] - Generating training dataset for next epoch...
[2026-03-22 13:10:34,183][rl4co.models.rl.common.base][INFO] - Generating training dataset for next epoch...
[2026-03-22 13:11:20,566][rl4co.utils.utils][INFO] - Enforcing tags! <cfg.extras.enforce_tags=True>
[2026-03-22 13:11:20,571][rl4co.utils.utils][INFO] - Printing config tree with Rich! <cfg.extras.print_config=True>
[2026-03-22 13:11:20,608][rl4co.tasks.train][INFO] - Instantiating environment <rl4co.envs.FFSPEnv>
[2026-03-22 13:11:24,563][rl4co.tasks.train][INFO] - Instantiating model <rl4co.models.MatNet>
[2026-03-22 13:11:24,666][rl4co.models.nn.attention][INFO] - Using default scaled_dot_product_attention for PointerAttention
[2026-03-22 13:11:24,669][rl4co.models.nn.attention][INFO] - Using default scaled_dot_product_attention for PointerAttention
[2026-03-22 13:11:24,671][rl4co.models.nn.attention][INFO] - Using default scaled_dot_product_attention for PointerAttention
[2026-03-22 13:11:24,789][rl4co.tasks.train][INFO] - Instantiating callbacks...
[2026-03-22 13:11:24,790][rl4co.utils.instantiators][INFO] - Instantiating callback <lightning.pytorch.callbacks.ModelCheckpoint>
[2026-03-22 13:11:24,792][rl4co.utils.instantiators][INFO] - Instantiating callback <lightning.pytorch.callbacks.RichModelSummary>
[2026-03-22 13:11:24,793][rl4co.utils.instantiators][INFO] - Instantiating callback <rl4co.utils.callbacks.speed_monitor.SpeedMonitor>
[2026-03-22 13:11:24,794][rl4co.tasks.train][INFO] - Instantiating loggers...
[2026-03-22 13:11:24,794][rl4co.utils.instantiators][INFO] - Instantiating logger <lightning.pytorch.loggers.csv_logs.CSVLogger>
[2026-03-22 13:11:24,795][rl4co.tasks.train][INFO] - Instantiating trainer...
[2026-03-22 13:11:24,798][rl4co.utils.trainer][WARNING] - gradient_clip_val is set to None. This may lead to unstable training.
[2026-03-22 13:11:24,812][rl4co.tasks.train][INFO] - Logging hyperparameters!
[2026-03-22 13:11:24,815][rl4co.tasks.train][INFO] - Starting training!
[2026-03-22 13:11:24,934][rl4co.models.rl.common.base][INFO] - Setting up batch sizes for train/val/test
[2026-03-22 13:11:24,934][rl4co.models.rl.common.base][INFO] - Generating default datasets. If found, they will not be overwritten
[2026-03-22 13:11:24,934][rl4co.models.rl.common.base][INFO] - Setting up datasets
[2026-03-22 13:11:24,947][rl4co.envs.common.base][WARNING] - val_file not set. Generating dataset instead
[2026-03-22 13:11:24,959][rl4co.envs.common.base][WARNING] - test_file not set. Generating dataset instead
[2026-03-22 13:11:25,109][rl4co.models.rl.common.base][INFO] - Instantiating optimizer <Adam>
[2026-03-22 13:11:25,110][rl4co.models.rl.common.base][INFO] - Instantiating LR scheduler <MultiStepLR>
[2026-03-22 13:11:43,328][rl4co.utils.utils][INFO] - Enforcing tags! <cfg.extras.enforce_tags=True>
[2026-03-22 13:11:43,333][rl4co.utils.utils][INFO] - Printing config tree with Rich! <cfg.extras.print_config=True>
[2026-03-22 13:11:43,372][rl4co.tasks.train][INFO] - Instantiating environment <rl4co.envs.FJSPEnv>
[2026-03-22 13:11:47,273][rl4co.tasks.train][INFO] - Instantiating model <rl4co.models.zoo.bopo_fjsp.model.BOPOFJSPModel>
[2026-03-22 13:11:47,311][rl4co.utils.utils][ERROR] - 
Traceback (most recent call last):
  File "/data1/gushengda/anaconda3/envs/rlco1/lib/python3.11/site-packages/hydra/_internal/utils.py", line 644, in _locate
    obj = getattr(obj, part)
          ^^^^^^^^^^^^^^^^^^
AttributeError: module 'rl4co.models.zoo' has no attribute 'bopo_fjsp'

During handling of the above exception, another exception occurred:

Traceback (most recent call last):
  File "/data1/gushengda/eam-rl4co/rl4co/models/zoo/bopo_fjsp/net.py", line 5, in <module>
    from torch_geometric.nn import GATv2Conv
ModuleNotFoundError: No module named 'torch_geometric'

The above exception was the direct cause of the following exception:

Traceback (most recent call last):
  File "/data1/gushengda/anaconda3/envs/rlco1/lib/python3.11/site-packages/hydra/_internal/utils.py", line 650, in _locate
    obj = import_module(mod)
          ^^^^^^^^^^^^^^^^^^
  File "/data1/gushengda/anaconda3/envs/rlco1/lib/python3.11/importlib/__init__.py", line 126, in import_module
    return _bootstrap._gcd_import(name[level:], package, level)
           ^^^^^^^^^^^^^^^^^^^^^^^^^^^^^^^^^^^^^^^^^^^^^^^^^^^^
  File "<frozen importlib._bootstrap>", line 1204, in _gcd_import
  File "<frozen importlib._bootstrap>", line 1176, in _find_and_load
  File "<frozen importlib._bootstrap>", line 1147, in _find_and_load_unlocked
  File "<frozen importlib._bootstrap>", line 690, in _load_unlocked
  File "<frozen importlib._bootstrap_external>", line 940, in exec_module
  File "<frozen importlib._bootstrap>", line 241, in _call_with_frames_removed
  File "/data1/gushengda/eam-rl4co/rl4co/models/zoo/bopo_fjsp/__init__.py", line 1, in <module>
    from rl4co.models.zoo.bopo_fjsp.model import BOPOFJSPModel
  File "/data1/gushengda/eam-rl4co/rl4co/models/zoo/bopo_fjsp/model.py", line 9, in <module>
    from rl4co.models.zoo.bopo_fjsp.net import CAMEncoder, LSTMDecoder
  File "/data1/gushengda/eam-rl4co/rl4co/models/zoo/bopo_fjsp/net.py", line 7, in <module>
    raise ImportError(
ImportError: BOPOFJSPModel requires torch_geometric. Install the BOPO/FJSP dependency set before running this baseline.

The above exception was the direct cause of the following exception:

Traceback (most recent call last):
  File "/data1/gushengda/anaconda3/envs/rlco1/lib/python3.11/site-packages/hydra/_internal/instantiate/_instantiate2.py", line 134, in _resolve_target
    target = _locate(target)
             ^^^^^^^^^^^^^^^
  File "/data1/gushengda/anaconda3/envs/rlco1/lib/python3.11/site-packages/hydra/_internal/utils.py", line 658, in _locate
    raise ImportError(
ImportError: Error loading 'rl4co.models.zoo.bopo_fjsp.model.BOPOFJSPModel':
ImportError('BOPOFJSPModel requires torch_geometric. Install the BOPO/FJSP dependency set before running this baseline.')

The above exception was the direct cause of the following exception:

Traceback (most recent call last):
  File "/data1/gushengda/eam-rl4co/rl4co/utils/utils.py", line 41, in wrap
    metric_dict, object_dict = task_func(cfg=cfg)
                               ^^^^^^^^^^^^^^^^^^
  File "/data1/gushengda/eam-rl4co/rl4co/tasks/train.py", line 44, in run
    model: LightningModule = hydra.utils.instantiate(cfg.model, env)
                             ^^^^^^^^^^^^^^^^^^^^^^^^^^^^^^^^^^^^^^^
  File "/data1/gushengda/anaconda3/envs/rlco1/lib/python3.11/site-packages/hydra/_internal/instantiate/_instantiate2.py", line 226, in instantiate
    return instantiate_node(
           ^^^^^^^^^^^^^^^^^
  File "/data1/gushengda/anaconda3/envs/rlco1/lib/python3.11/site-packages/hydra/_internal/instantiate/_instantiate2.py", line 333, in instantiate_node
    _target_ = _resolve_target(node.get(_Keys.TARGET), full_key)
               ^^^^^^^^^^^^^^^^^^^^^^^^^^^^^^^^^^^^^^^^^^^^^^^^^
  File "/data1/gushengda/anaconda3/envs/rlco1/lib/python3.11/site-packages/hydra/_internal/instantiate/_instantiate2.py", line 139, in _resolve_target
    raise InstantiationException(msg) from e
hydra.errors.InstantiationException: Error locating target 'rl4co.models.zoo.bopo_fjsp.model.BOPOFJSPModel', set env var HYDRA_FULL_ERROR=1 to see chained exception.
full_key: model
[2026-03-22 13:11:47,313][rl4co.utils.utils][INFO] - Output dir: /data1/gushengda/eam-rl4co/logs/train/runs/bopo_fjsp_20260322-131140
[2026-03-22 13:11:47,313][rl4co.utils.utils][INFO] - Closing loggers...
[2026-03-22 13:11:58,667][rl4co.utils.utils][ERROR] - 
Traceback (most recent call last):
  File "/data1/gushengda/eam-rl4co/rl4co/utils/utils.py", line 41, in wrap
    metric_dict, object_dict = task_func(cfg=cfg)
                               ^^^^^^^^^^^^^^^^^^
  File "/data1/gushengda/eam-rl4co/rl4co/tasks/train.py", line 77, in run
    trainer.fit(model=model, ckpt_path=cfg.get("ckpt_path"))
  File "/data1/gushengda/eam-rl4co/rl4co/utils/trainer.py", line 146, in fit
    super().fit(
  File "/data1/gushengda/anaconda3/envs/rlco1/lib/python3.11/site-packages/lightning/pytorch/trainer/trainer.py", line 539, in fit
    call._call_and_handle_interrupt(
  File "/data1/gushengda/anaconda3/envs/rlco1/lib/python3.11/site-packages/lightning/pytorch/trainer/call.py", line 47, in _call_and_handle_interrupt
    return trainer_fn(*args, **kwargs)
           ^^^^^^^^^^^^^^^^^^^^^^^^^^^
  File "/data1/gushengda/anaconda3/envs/rlco1/lib/python3.11/site-packages/lightning/pytorch/trainer/trainer.py", line 575, in _fit_impl
    self._run(model, ckpt_path=ckpt_path)
  File "/data1/gushengda/anaconda3/envs/rlco1/lib/python3.11/site-packages/lightning/pytorch/trainer/trainer.py", line 982, in _run
    results = self._run_stage()
              ^^^^^^^^^^^^^^^^^
  File "/data1/gushengda/anaconda3/envs/rlco1/lib/python3.11/site-packages/lightning/pytorch/trainer/trainer.py", line 1026, in _run_stage
    self.fit_loop.run()
  File "/data1/gushengda/anaconda3/envs/rlco1/lib/python3.11/site-packages/lightning/pytorch/loops/fit_loop.py", line 216, in run
    self.advance()
  File "/data1/gushengda/anaconda3/envs/rlco1/lib/python3.11/site-packages/lightning/pytorch/loops/fit_loop.py", line 455, in advance
    self.epoch_loop.run(self._data_fetcher)
  File "/data1/gushengda/anaconda3/envs/rlco1/lib/python3.11/site-packages/lightning/pytorch/loops/training_epoch_loop.py", line 150, in run
    self.advance(data_fetcher)
  File "/data1/gushengda/anaconda3/envs/rlco1/lib/python3.11/site-packages/lightning/pytorch/loops/training_epoch_loop.py", line 320, in advance
    batch_output = self.automatic_optimization.run(trainer.optimizers[0], batch_idx, kwargs)
                   ^^^^^^^^^^^^^^^^^^^^^^^^^^^^^^^^^^^^^^^^^^^^^^^^^^^^^^^^^^^^^^^^^^^^^^^^^
  File "/data1/gushengda/anaconda3/envs/rlco1/lib/python3.11/site-packages/lightning/pytorch/loops/optimization/automatic.py", line 192, in run
    self._optimizer_step(batch_idx, closure)
  File "/data1/gushengda/anaconda3/envs/rlco1/lib/python3.11/site-packages/lightning/pytorch/loops/optimization/automatic.py", line 270, in _optimizer_step
    call._call_lightning_module_hook(
  File "/data1/gushengda/anaconda3/envs/rlco1/lib/python3.11/site-packages/lightning/pytorch/trainer/call.py", line 171, in _call_lightning_module_hook
    output = fn(*args, **kwargs)
             ^^^^^^^^^^^^^^^^^^^
  File "/data1/gushengda/anaconda3/envs/rlco1/lib/python3.11/site-packages/lightning/pytorch/core/module.py", line 1302, in optimizer_step
    optimizer.step(closure=optimizer_closure)
  File "/data1/gushengda/anaconda3/envs/rlco1/lib/python3.11/site-packages/lightning/pytorch/core/optimizer.py", line 154, in step
    step_output = self._strategy.optimizer_step(self._optimizer, closure, **kwargs)
                  ^^^^^^^^^^^^^^^^^^^^^^^^^^^^^^^^^^^^^^^^^^^^^^^^^^^^^^^^^^^^^^^^^
  File "/data1/gushengda/anaconda3/envs/rlco1/lib/python3.11/site-packages/lightning/pytorch/strategies/strategy.py", line 239, in optimizer_step
    return self.precision_plugin.optimizer_step(optimizer, model=model, closure=closure, **kwargs)
           ^^^^^^^^^^^^^^^^^^^^^^^^^^^^^^^^^^^^^^^^^^^^^^^^^^^^^^^^^^^^^^^^^^^^^^^^^^^^^^^^^^^^^^^
  File "/data1/gushengda/anaconda3/envs/rlco1/lib/python3.11/site-packages/lightning/pytorch/plugins/precision/precision.py", line 123, in optimizer_step
    return optimizer.step(closure=closure, **kwargs)
           ^^^^^^^^^^^^^^^^^^^^^^^^^^^^^^^^^^^^^^^^^
  File "/data1/gushengda/anaconda3/envs/rlco1/lib/python3.11/site-packages/torch/optim/lr_scheduler.py", line 137, in wrapper
    return func.__get__(opt, opt.__class__)(*args, **kwargs)
           ^^^^^^^^^^^^^^^^^^^^^^^^^^^^^^^^^^^^^^^^^^^^^^^^^
  File "/data1/gushengda/anaconda3/envs/rlco1/lib/python3.11/site-packages/torch/optim/optimizer.py", line 487, in wrapper
    out = func(*args, **kwargs)
          ^^^^^^^^^^^^^^^^^^^^^
  File "/data1/gushengda/anaconda3/envs/rlco1/lib/python3.11/site-packages/torch/optim/optimizer.py", line 91, in _use_grad
    ret = func(self, *args, **kwargs)
          ^^^^^^^^^^^^^^^^^^^^^^^^^^^
  File "/data1/gushengda/anaconda3/envs/rlco1/lib/python3.11/site-packages/torch/optim/adam.py", line 202, in step
    loss = closure()
           ^^^^^^^^^
  File "/data1/gushengda/anaconda3/envs/rlco1/lib/python3.11/site-packages/lightning/pytorch/plugins/precision/precision.py", line 109, in _wrap_closure
    closure_result = closure()
                     ^^^^^^^^^
  File "/data1/gushengda/anaconda3/envs/rlco1/lib/python3.11/site-packages/lightning/pytorch/loops/optimization/automatic.py", line 146, in __call__
    self._result = self.closure(*args, **kwargs)
                   ^^^^^^^^^^^^^^^^^^^^^^^^^^^^^
  File "/data1/gushengda/anaconda3/envs/rlco1/lib/python3.11/site-packages/torch/utils/_contextlib.py", line 116, in decorate_context
    return func(*args, **kwargs)
           ^^^^^^^^^^^^^^^^^^^^^
  File "/data1/gushengda/anaconda3/envs/rlco1/lib/python3.11/site-packages/lightning/pytorch/loops/optimization/automatic.py", line 131, in closure
    step_output = self._step_fn()
                  ^^^^^^^^^^^^^^^
  File "/data1/gushengda/anaconda3/envs/rlco1/lib/python3.11/site-packages/lightning/pytorch/loops/optimization/automatic.py", line 319, in _training_step
    training_step_output = call._call_strategy_hook(trainer, "training_step", *kwargs.values())
                           ^^^^^^^^^^^^^^^^^^^^^^^^^^^^^^^^^^^^^^^^^^^^^^^^^^^^^^^^^^^^^^^^^^^^
  File "/data1/gushengda/anaconda3/envs/rlco1/lib/python3.11/site-packages/lightning/pytorch/trainer/call.py", line 323, in _call_strategy_hook
    output = fn(*args, **kwargs)
             ^^^^^^^^^^^^^^^^^^^
  File "/data1/gushengda/anaconda3/envs/rlco1/lib/python3.11/site-packages/lightning/pytorch/strategies/strategy.py", line 391, in training_step
    return self.lightning_module.training_step(*args, **kwargs)
           ^^^^^^^^^^^^^^^^^^^^^^^^^^^^^^^^^^^^^^^^^^^^^^^^^^^^
  File "/data1/gushengda/eam-rl4co/rl4co/models/rl/common/base.py", line 258, in training_step
    return self.shared_step(batch, batch_idx, phase="train")
           ^^^^^^^^^^^^^^^^^^^^^^^^^^^^^^^^^^^^^^^^^^^^^^^^^
  File "/data1/gushengda/eam-rl4co/rl4co/models/zoo/pomo/model.py", line 214, in shared_step
    out = self.policy(td, self.env, **policy_kwargs)
          ^^^^^^^^^^^^^^^^^^^^^^^^^^^^^^^^^^^^^^^^^^
  File "/data1/gushengda/anaconda3/envs/rlco1/lib/python3.11/site-packages/torch/nn/modules/module.py", line 1736, in _wrapped_call_impl
    return self._call_impl(*args, **kwargs)
           ^^^^^^^^^^^^^^^^^^^^^^^^^^^^^^^^
  File "/data1/gushengda/anaconda3/envs/rlco1/lib/python3.11/site-packages/torch/nn/modules/module.py", line 1747, in _call_impl
    return forward_call(*args, **kwargs)
           ^^^^^^^^^^^^^^^^^^^^^^^^^^^^^
  File "/data1/gushengda/eam-rl4co/rl4co/models/zoo/matnet/policy.py", line 185, in forward
    action, logp = decoder(td, decode_type, num_starts, **decoder_kwargs)
                   ^^^^^^^^^^^^^^^^^^^^^^^^^^^^^^^^^^^^^^^^^^^^^^^^^^^^^^
  File "/data1/gushengda/anaconda3/envs/rlco1/lib/python3.11/site-packages/torch/nn/modules/module.py", line 1736, in _wrapped_call_impl
    return self._call_impl(*args, **kwargs)
           ^^^^^^^^^^^^^^^^^^^^^^^^^^^^^^^^
  File "/data1/gushengda/anaconda3/envs/rlco1/lib/python3.11/site-packages/torch/nn/modules/module.py", line 1747, in _call_impl
    return forward_call(*args, **kwargs)
           ^^^^^^^^^^^^^^^^^^^^^^^^^^^^^
  File "/data1/gushengda/eam-rl4co/rl4co/models/zoo/matnet/decoder.py", line 147, in forward
    logits, mask = super().forward(td, self.cached_embs, num_starts)
                   ^^^^^^^^^^^^^^^^^^^^^^^^^^^^^^^^^^^^^^^^^^^^^^^^^
  File "/data1/gushengda/eam-rl4co/rl4co/models/zoo/am/decoder.py", line 187, in forward
    glimpse_k, glimpse_v, logit_k = self._compute_kvl(cached, td)
                                    ^^^^^^^^^^^^^^^^^^^^^^^^^^^^^
  File "/data1/gushengda/eam-rl4co/rl4co/models/zoo/am/decoder.py", line 157, in _compute_kvl
    logit_k = logit_k_stat + logit_k_dyn
              ~~~~~~~~~~~~~^~~~~~~~~~~~~
torch.OutOfMemoryError: CUDA out of memory. Tried to allocate 20.00 MiB. GPU 0 has a total capacity of 23.69 GiB of which 12.94 MiB is free. Including non-PyTorch memory, this process has 23.68 GiB memory in use. Of the allocated memory 23.31 GiB is allocated by PyTorch, and 56.02 MiB is reserved by PyTorch but unallocated. If reserved but unallocated memory is large try setting PYTORCH_CUDA_ALLOC_CONF=expandable_segments:True to avoid fragmentation.  See documentation for Memory Management  (https://pytorch.org/docs/stable/notes/cuda.html#environment-variables)
[2026-03-22 13:11:58,673][rl4co.utils.utils][INFO] - Output dir: /data1/gushengda/eam-rl4co/logs/train/runs/ffsp_matnet_po_100_20260322-131117
[2026-03-22 13:11:58,673][rl4co.utils.utils][INFO] - Closing loggers...
[2026-03-22 13:13:57,469][rl4co.utils.utils][INFO] - Enforcing tags! <cfg.extras.enforce_tags=True>
[2026-03-22 13:13:57,474][rl4co.utils.utils][INFO] - Printing config tree with Rich! <cfg.extras.print_config=True>
[2026-03-22 13:13:57,512][rl4co.tasks.train][INFO] - Instantiating environment <rl4co.envs.FJSPEnv>
[2026-03-22 13:14:01,568][rl4co.tasks.train][INFO] - Instantiating model <rl4co.models.zoo.bopo_fjsp.model.BOPOFJSPModel>
[2026-03-22 13:14:01,898][rl4co.utils.utils][ERROR] - 
Traceback (most recent call last):
  File "/data1/gushengda/anaconda3/envs/rlco1/lib/python3.11/site-packages/hydra/_internal/instantiate/_instantiate2.py", line 92, in _call_target
    return _target_(*args, **kwargs)
           ^^^^^^^^^^^^^^^^^^^^^^^^^
TypeError: BOPOFJSPModel.__init__() got an unexpected keyword argument 'generate_default_data'

The above exception was the direct cause of the following exception:

Traceback (most recent call last):
  File "/data1/gushengda/eam-rl4co/rl4co/utils/utils.py", line 41, in wrap
    metric_dict, object_dict = task_func(cfg=cfg)
                               ^^^^^^^^^^^^^^^^^^
  File "/data1/gushengda/eam-rl4co/rl4co/tasks/train.py", line 44, in run
    model: LightningModule = hydra.utils.instantiate(cfg.model, env)
                             ^^^^^^^^^^^^^^^^^^^^^^^^^^^^^^^^^^^^^^^
  File "/data1/gushengda/anaconda3/envs/rlco1/lib/python3.11/site-packages/hydra/_internal/instantiate/_instantiate2.py", line 226, in instantiate
    return instantiate_node(
           ^^^^^^^^^^^^^^^^^
  File "/data1/gushengda/anaconda3/envs/rlco1/lib/python3.11/site-packages/hydra/_internal/instantiate/_instantiate2.py", line 347, in instantiate_node
    return _call_target(_target_, partial, args, kwargs, full_key)
           ^^^^^^^^^^^^^^^^^^^^^^^^^^^^^^^^^^^^^^^^^^^^^^^^^^^^^^^
  File "/data1/gushengda/anaconda3/envs/rlco1/lib/python3.11/site-packages/hydra/_internal/instantiate/_instantiate2.py", line 97, in _call_target
    raise InstantiationException(msg) from e
hydra.errors.InstantiationException: Error in call to target 'rl4co.models.zoo.bopo_fjsp.model.BOPOFJSPModel':
TypeError("BOPOFJSPModel.__init__() got an unexpected keyword argument 'generate_default_data'")
full_key: model
[2026-03-22 13:14:01,900][rl4co.utils.utils][INFO] - Output dir: /data1/gushengda/eam-rl4co/logs/train/runs/bopo_fjsp_20260322-131354
[2026-03-22 13:14:01,900][rl4co.utils.utils][INFO] - Closing loggers...
[2026-03-22 13:16:55,687][rl4co.utils.utils][INFO] - Enforcing tags! <cfg.extras.enforce_tags=True>
[2026-03-22 13:16:55,692][rl4co.utils.utils][INFO] - Printing config tree with Rich! <cfg.extras.print_config=True>
[2026-03-22 13:16:55,729][rl4co.tasks.train][INFO] - Instantiating environment <rl4co.envs.FFSPEnv>
[2026-03-22 13:16:59,702][rl4co.tasks.train][INFO] - Instantiating model <rl4co.models.MatNet>
[2026-03-22 13:17:00,036][rl4co.models.nn.attention][INFO] - Using default scaled_dot_product_attention for PointerAttention
[2026-03-22 13:17:00,039][rl4co.models.nn.attention][INFO] - Using default scaled_dot_product_attention for PointerAttention
[2026-03-22 13:17:00,042][rl4co.models.nn.attention][INFO] - Using default scaled_dot_product_attention for PointerAttention
[2026-03-22 13:17:00,174][rl4co.tasks.train][INFO] - Instantiating callbacks...
[2026-03-22 13:17:00,174][rl4co.utils.instantiators][INFO] - Instantiating callback <lightning.pytorch.callbacks.ModelCheckpoint>
[2026-03-22 13:17:00,177][rl4co.utils.instantiators][INFO] - Instantiating callback <lightning.pytorch.callbacks.RichModelSummary>
[2026-03-22 13:17:00,178][rl4co.utils.instantiators][INFO] - Instantiating callback <rl4co.utils.callbacks.speed_monitor.SpeedMonitor>
[2026-03-22 13:17:00,178][rl4co.tasks.train][INFO] - Instantiating loggers...
[2026-03-22 13:17:00,179][rl4co.utils.instantiators][INFO] - Instantiating logger <lightning.pytorch.loggers.csv_logs.CSVLogger>
[2026-03-22 13:17:00,180][rl4co.tasks.train][INFO] - Instantiating trainer...
[2026-03-22 13:17:00,183][rl4co.utils.trainer][WARNING] - gradient_clip_val is set to None. This may lead to unstable training.
[2026-03-22 13:17:00,191][rl4co.tasks.train][INFO] - Logging hyperparameters!
[2026-03-22 13:17:00,194][rl4co.tasks.train][INFO] - Starting training!
[2026-03-22 13:17:00,256][rl4co.models.rl.common.base][INFO] - Setting up batch sizes for train/val/test
[2026-03-22 13:17:00,256][rl4co.models.rl.common.base][INFO] - Generating default datasets. If found, they will not be overwritten
[2026-03-22 13:17:00,257][rl4co.models.rl.common.base][INFO] - Setting up datasets
[2026-03-22 13:17:00,273][rl4co.envs.common.base][WARNING] - val_file not set. Generating dataset instead
[2026-03-22 13:17:00,288][rl4co.envs.common.base][WARNING] - test_file not set. Generating dataset instead
[2026-03-22 13:17:01,848][rl4co.models.rl.common.base][INFO] - Instantiating optimizer <Adam>
[2026-03-22 13:17:01,850][rl4co.models.rl.common.base][INFO] - Instantiating LR scheduler <MultiStepLR>
[2026-03-22 13:17:56,447][rl4co.utils.utils][INFO] - Enforcing tags! <cfg.extras.enforce_tags=True>
[2026-03-22 13:17:56,462][rl4co.utils.utils][INFO] - Printing config tree with Rich! <cfg.extras.print_config=True>
[2026-03-22 13:17:56,517][rl4co.tasks.train][INFO] - Instantiating environment <rl4co.envs.FJSPEnv>
[2026-03-22 13:18:00,648][rl4co.tasks.train][INFO] - Instantiating model <rl4co.models.zoo.bopo_fjsp.model.BOPOFJSPModel>
[2026-03-22 13:18:00,931][rl4co.models.zoo.bopo_fjsp.model][WARNING] - Ignoring unused BOPOFJSPModel kwargs: ['baseline']
[2026-03-22 13:18:01,004][rl4co.tasks.train][INFO] - Instantiating callbacks...
[2026-03-22 13:18:01,004][rl4co.utils.instantiators][INFO] - Instantiating callback <lightning.pytorch.callbacks.ModelCheckpoint>
[2026-03-22 13:18:01,007][rl4co.utils.instantiators][INFO] - Instantiating callback <lightning.pytorch.callbacks.RichModelSummary>
[2026-03-22 13:18:01,008][rl4co.utils.instantiators][INFO] - Instantiating callback <rl4co.utils.callbacks.speed_monitor.SpeedMonitor>
[2026-03-22 13:18:01,009][rl4co.tasks.train][INFO] - Instantiating loggers...
[2026-03-22 13:18:01,009][rl4co.utils.instantiators][INFO] - Instantiating logger <lightning.pytorch.loggers.csv_logs.CSVLogger>
[2026-03-22 13:18:01,011][rl4co.tasks.train][INFO] - Instantiating trainer...
[2026-03-22 13:18:01,014][rl4co.utils.trainer][WARNING] - gradient_clip_val is set to None. This may lead to unstable training.
[2026-03-22 13:18:01,023][rl4co.tasks.train][INFO] - Logging hyperparameters!
[2026-03-22 13:18:01,025][rl4co.tasks.train][INFO] - Starting training!
[2026-03-22 13:18:01,038][rl4co.utils.utils][ERROR] - 
Traceback (most recent call last):
  File "/data1/gushengda/eam-rl4co/rl4co/utils/utils.py", line 41, in wrap
    metric_dict, object_dict = task_func(cfg=cfg)
                               ^^^^^^^^^^^^^^^^^^
  File "/data1/gushengda/eam-rl4co/rl4co/tasks/train.py", line 77, in run
    trainer.fit(model=model, ckpt_path=cfg.get("ckpt_path"))
  File "/data1/gushengda/eam-rl4co/rl4co/utils/trainer.py", line 146, in fit
    super().fit(
  File "/data1/gushengda/anaconda3/envs/rlco1/lib/python3.11/site-packages/lightning/pytorch/trainer/trainer.py", line 539, in fit
    call._call_and_handle_interrupt(
  File "/data1/gushengda/anaconda3/envs/rlco1/lib/python3.11/site-packages/lightning/pytorch/trainer/call.py", line 47, in _call_and_handle_interrupt
    return trainer_fn(*args, **kwargs)
           ^^^^^^^^^^^^^^^^^^^^^^^^^^^
  File "/data1/gushengda/anaconda3/envs/rlco1/lib/python3.11/site-packages/lightning/pytorch/trainer/trainer.py", line 575, in _fit_impl
    self._run(model, ckpt_path=ckpt_path)
  File "/data1/gushengda/anaconda3/envs/rlco1/lib/python3.11/site-packages/lightning/pytorch/trainer/trainer.py", line 944, in _run
    call._call_setup_hook(self)  # allow user to set up LightningModule in accelerator environment
    ^^^^^^^^^^^^^^^^^^^^^^^^^^^
  File "/data1/gushengda/anaconda3/envs/rlco1/lib/python3.11/site-packages/lightning/pytorch/trainer/call.py", line 104, in _call_setup_hook
    _call_lightning_module_hook(trainer, "setup", stage=fn)
  File "/data1/gushengda/anaconda3/envs/rlco1/lib/python3.11/site-packages/lightning/pytorch/trainer/call.py", line 171, in _call_lightning_module_hook
    output = fn(*args, **kwargs)
             ^^^^^^^^^^^^^^^^^^^
  File "/data1/gushengda/eam-rl4co/rl4co/models/zoo/bopo_fjsp/model.py", line 104, in setup
    train_instances = load_dataset(self.train_data_dir, use_cached=self.use_cached, device="cpu")
                      ^^^^^^^^^^^^^^^^^^^^^^^^^^^^^^^^^^^^^^^^^^^^^^^^^^^^^^^^^^^^^^^^^^^^^^^^^^^
  File "/data1/gushengda/eam-rl4co/rl4co/models/zoo/bopo_fjsp/data.py", line 206, in load_dataset
    for file in sorted(data_path.iterdir()):
                ^^^^^^^^^^^^^^^^^^^^^^^^^^^
  File "/data1/gushengda/anaconda3/envs/rlco1/lib/python3.11/pathlib.py", line 931, in iterdir
    for name in os.listdir(self):
                ^^^^^^^^^^^^^^^^
FileNotFoundError: [Errno 2] No such file or directory: '/data1/gushengda/eam-rl4co/BOPO/FJSP/dataset'
[2026-03-22 13:18:01,041][rl4co.utils.utils][INFO] - Output dir: /data1/gushengda/eam-rl4co/logs/train/runs/bopo_fjsp_20260322-131750
[2026-03-22 13:18:01,041][rl4co.utils.utils][INFO] - Closing loggers...
[2026-03-22 13:20:27,216][rl4co.utils.utils][INFO] - Enforcing tags! <cfg.extras.enforce_tags=True>
[2026-03-22 13:20:27,221][rl4co.utils.utils][INFO] - Printing config tree with Rich! <cfg.extras.print_config=True>
[2026-03-22 13:20:27,260][rl4co.tasks.train][INFO] - Instantiating environment <rl4co.envs.FJSPEnv>
[2026-03-22 13:20:31,319][rl4co.tasks.train][INFO] - Instantiating model <rl4co.models.zoo.bopo_fjsp.model.BOPOFJSPModel>
[2026-03-22 13:20:31,579][rl4co.models.zoo.bopo_fjsp.model][WARNING] - Ignoring unused BOPOFJSPModel kwargs: ['baseline']
[2026-03-22 13:20:31,630][rl4co.tasks.train][INFO] - Instantiating callbacks...
[2026-03-22 13:20:31,630][rl4co.utils.instantiators][INFO] - Instantiating callback <lightning.pytorch.callbacks.ModelCheckpoint>
[2026-03-22 13:20:31,632][rl4co.utils.instantiators][INFO] - Instantiating callback <lightning.pytorch.callbacks.RichModelSummary>
[2026-03-22 13:20:31,632][rl4co.utils.instantiators][INFO] - Instantiating callback <rl4co.utils.callbacks.speed_monitor.SpeedMonitor>
[2026-03-22 13:20:31,633][rl4co.tasks.train][INFO] - Instantiating loggers...
[2026-03-22 13:20:31,633][rl4co.utils.instantiators][INFO] - Instantiating logger <lightning.pytorch.loggers.csv_logs.CSVLogger>
[2026-03-22 13:20:31,635][rl4co.tasks.train][INFO] - Instantiating trainer...
[2026-03-22 13:20:31,638][rl4co.utils.trainer][WARNING] - gradient_clip_val is set to None. This may lead to unstable training.
[2026-03-22 13:20:31,645][rl4co.tasks.train][INFO] - Logging hyperparameters!
[2026-03-22 13:20:31,646][rl4co.tasks.train][INFO] - Starting training!
[2026-03-22 13:20:31,658][rl4co.utils.utils][ERROR] - 
Traceback (most recent call last):
  File "/data1/gushengda/eam-rl4co/rl4co/utils/utils.py", line 41, in wrap
    metric_dict, object_dict = task_func(cfg=cfg)
                               ^^^^^^^^^^^^^^^^^^
  File "/data1/gushengda/eam-rl4co/rl4co/tasks/train.py", line 77, in run
    trainer.fit(model=model, ckpt_path=cfg.get("ckpt_path"))
  File "/data1/gushengda/eam-rl4co/rl4co/utils/trainer.py", line 146, in fit
    super().fit(
  File "/data1/gushengda/anaconda3/envs/rlco1/lib/python3.11/site-packages/lightning/pytorch/trainer/trainer.py", line 539, in fit
    call._call_and_handle_interrupt(
  File "/data1/gushengda/anaconda3/envs/rlco1/lib/python3.11/site-packages/lightning/pytorch/trainer/call.py", line 47, in _call_and_handle_interrupt
    return trainer_fn(*args, **kwargs)
           ^^^^^^^^^^^^^^^^^^^^^^^^^^^
  File "/data1/gushengda/anaconda3/envs/rlco1/lib/python3.11/site-packages/lightning/pytorch/trainer/trainer.py", line 575, in _fit_impl
    self._run(model, ckpt_path=ckpt_path)
  File "/data1/gushengda/anaconda3/envs/rlco1/lib/python3.11/site-packages/lightning/pytorch/trainer/trainer.py", line 944, in _run
    call._call_setup_hook(self)  # allow user to set up LightningModule in accelerator environment
    ^^^^^^^^^^^^^^^^^^^^^^^^^^^
  File "/data1/gushengda/anaconda3/envs/rlco1/lib/python3.11/site-packages/lightning/pytorch/trainer/call.py", line 104, in _call_setup_hook
    _call_lightning_module_hook(trainer, "setup", stage=fn)
  File "/data1/gushengda/anaconda3/envs/rlco1/lib/python3.11/site-packages/lightning/pytorch/trainer/call.py", line 171, in _call_lightning_module_hook
    output = fn(*args, **kwargs)
             ^^^^^^^^^^^^^^^^^^^
  File "/data1/gushengda/eam-rl4co/rl4co/models/zoo/bopo_fjsp/model.py", line 104, in setup
    train_instances = load_dataset(self.train_data_dir, use_cached=self.use_cached, device="cpu")
                      ^^^^^^^^^^^^^^^^^^^^^^^^^^^^^^^^^^^^^^^^^^^^^^^^^^^^^^^^^^^^^^^^^^^^^^^^^^^
  File "/data1/gushengda/eam-rl4co/rl4co/models/zoo/bopo_fjsp/data.py", line 206, in load_dataset
    for file in sorted(data_path.iterdir()):
                ^^^^^^^^^^^^^^^^^^^^^^^^^^^
  File "/data1/gushengda/anaconda3/envs/rlco1/lib/python3.11/pathlib.py", line 931, in iterdir
    for name in os.listdir(self):
                ^^^^^^^^^^^^^^^^
FileNotFoundError: [Errno 2] No such file or directory: '/data1/gushengda/eam-rl4co/BOPO/FJSP/dataset'
[2026-03-22 13:20:31,660][rl4co.utils.utils][INFO] - Output dir: /data1/gushengda/eam-rl4co/logs/train/runs/bopo_fjsp_20260322-132021
[2026-03-22 13:20:31,660][rl4co.utils.utils][INFO] - Closing loggers...
[2026-03-22 13:20:58,270][rl4co.utils.utils][INFO] - Enforcing tags! <cfg.extras.enforce_tags=True>
[2026-03-22 13:20:58,275][rl4co.utils.utils][INFO] - Printing config tree with Rich! <cfg.extras.print_config=True>
[2026-03-22 13:20:58,342][rl4co.tasks.train][INFO] - Instantiating environment <rl4co.envs.FJSPEnv>
[2026-03-22 13:21:02,488][rl4co.tasks.train][INFO] - Instantiating model <rl4co.models.zoo.bopo_fjsp.model.BOPOFJSPModel>
[2026-03-22 13:21:02,764][rl4co.models.zoo.bopo_fjsp.model][WARNING] - Ignoring unused BOPOFJSPModel kwargs: ['baseline']
[2026-03-22 13:21:02,818][rl4co.tasks.train][INFO] - Instantiating callbacks...
[2026-03-22 13:21:02,818][rl4co.utils.instantiators][INFO] - Instantiating callback <lightning.pytorch.callbacks.ModelCheckpoint>
[2026-03-22 13:21:02,821][rl4co.utils.instantiators][INFO] - Instantiating callback <lightning.pytorch.callbacks.RichModelSummary>
[2026-03-22 13:21:02,821][rl4co.utils.instantiators][INFO] - Instantiating callback <rl4co.utils.callbacks.speed_monitor.SpeedMonitor>
[2026-03-22 13:21:02,822][rl4co.tasks.train][INFO] - Instantiating loggers...
[2026-03-22 13:21:02,822][rl4co.utils.instantiators][INFO] - Instantiating logger <lightning.pytorch.loggers.csv_logs.CSVLogger>
[2026-03-22 13:21:02,823][rl4co.tasks.train][INFO] - Instantiating trainer...
[2026-03-22 13:21:02,826][rl4co.utils.trainer][WARNING] - gradient_clip_val is set to None. This may lead to unstable training.
[2026-03-22 13:21:02,834][rl4co.tasks.train][INFO] - Logging hyperparameters!
[2026-03-22 13:21:02,835][rl4co.tasks.train][INFO] - Starting training!
[2026-03-22 13:21:19,383][rl4co.models.rl.common.base][INFO] - Generating training dataset for next epoch...
[2026-03-22 13:21:38,363][rl4co.models.rl.common.base][INFO] - Generating training dataset for next epoch...
[2026-03-22 13:22:51,447][rl4co.models.rl.common.base][INFO] - Generating training dataset for next epoch...
[2026-03-22 13:23:40,055][rl4co.models.rl.common.base][INFO] - Generating training dataset for next epoch...
[2026-03-22 13:24:36,694][rl4co.utils.utils][ERROR] - 
Traceback (most recent call last):
  File "/data1/gushengda/eam-rl4co/rl4co/utils/utils.py", line 41, in wrap
    metric_dict, object_dict = task_func(cfg=cfg)
                               ^^^^^^^^^^^^^^^^^^
  File "/data1/gushengda/eam-rl4co/rl4co/tasks/train.py", line 77, in run
    trainer.fit(model=model, ckpt_path=cfg.get("ckpt_path"))
  File "/data1/gushengda/eam-rl4co/rl4co/utils/trainer.py", line 146, in fit
    super().fit(
  File "/data1/gushengda/anaconda3/envs/rlco1/lib/python3.11/site-packages/lightning/pytorch/trainer/trainer.py", line 539, in fit
    call._call_and_handle_interrupt(
  File "/data1/gushengda/anaconda3/envs/rlco1/lib/python3.11/site-packages/lightning/pytorch/trainer/call.py", line 47, in _call_and_handle_interrupt
    return trainer_fn(*args, **kwargs)
           ^^^^^^^^^^^^^^^^^^^^^^^^^^^
  File "/data1/gushengda/anaconda3/envs/rlco1/lib/python3.11/site-packages/lightning/pytorch/trainer/trainer.py", line 575, in _fit_impl
    self._run(model, ckpt_path=ckpt_path)
  File "/data1/gushengda/anaconda3/envs/rlco1/lib/python3.11/site-packages/lightning/pytorch/trainer/trainer.py", line 944, in _run
    call._call_setup_hook(self)  # allow user to set up LightningModule in accelerator environment
    ^^^^^^^^^^^^^^^^^^^^^^^^^^^
  File "/data1/gushengda/anaconda3/envs/rlco1/lib/python3.11/site-packages/lightning/pytorch/trainer/call.py", line 104, in _call_setup_hook
    _call_lightning_module_hook(trainer, "setup", stage=fn)
  File "/data1/gushengda/anaconda3/envs/rlco1/lib/python3.11/site-packages/lightning/pytorch/trainer/call.py", line 171, in _call_lightning_module_hook
    output = fn(*args, **kwargs)
             ^^^^^^^^^^^^^^^^^^^
  File "/data1/gushengda/eam-rl4co/rl4co/models/zoo/bopo_fjsp/model.py", line 105, in setup
    val_instances = load_dataset(self.val_data_dir, use_cached=self.use_cached, device="cpu")
                    ^^^^^^^^^^^^^^^^^^^^^^^^^^^^^^^^^^^^^^^^^^^^^^^^^^^^^^^^^^^^^^^^^^^^^^^^^
  File "/data1/gushengda/eam-rl4co/rl4co/models/zoo/bopo_fjsp/data.py", line 206, in load_dataset
    for file in sorted(data_path.iterdir()):
                ^^^^^^^^^^^^^^^^^^^^^^^^^^^
  File "/data1/gushengda/anaconda3/envs/rlco1/lib/python3.11/pathlib.py", line 931, in iterdir
    for name in os.listdir(self):
                ^^^^^^^^^^^^^^^^
FileNotFoundError: [Errno 2] No such file or directory: '/data1/gushengda/eam-rl4co/BOPO/FJSP/benchmarks/validation'
[2026-03-22 13:24:36,697][rl4co.utils.utils][INFO] - Output dir: /data1/gushengda/eam-rl4co/logs/train/runs/bopo_fjsp_20260322-132052
[2026-03-22 13:24:36,697][rl4co.utils.utils][INFO] - Closing loggers...
[2026-03-22 13:27:10,570][rl4co.utils.utils][INFO] - Enforcing tags! <cfg.extras.enforce_tags=True>
[2026-03-22 13:27:10,575][rl4co.utils.utils][INFO] - Printing config tree with Rich! <cfg.extras.print_config=True>
[2026-03-22 13:27:10,616][rl4co.tasks.train][INFO] - Instantiating environment <rl4co.envs.FJSPEnv>
[2026-03-22 13:27:14,583][rl4co.tasks.train][INFO] - Instantiating model <rl4co.models.zoo.bopo_fjsp.model.BOPOFJSPModel>
[2026-03-22 13:27:14,851][rl4co.models.zoo.bopo_fjsp.model][WARNING] - Ignoring unused BOPOFJSPModel kwargs: ['baseline']
[2026-03-22 13:27:14,904][rl4co.tasks.train][INFO] - Instantiating callbacks...
[2026-03-22 13:27:14,904][rl4co.utils.instantiators][INFO] - Instantiating callback <lightning.pytorch.callbacks.ModelCheckpoint>
[2026-03-22 13:27:14,906][rl4co.utils.instantiators][INFO] - Instantiating callback <lightning.pytorch.callbacks.RichModelSummary>
[2026-03-22 13:27:14,906][rl4co.utils.instantiators][INFO] - Instantiating callback <rl4co.utils.callbacks.speed_monitor.SpeedMonitor>
[2026-03-22 13:27:14,907][rl4co.tasks.train][INFO] - Instantiating loggers...
[2026-03-22 13:27:14,907][rl4co.utils.instantiators][INFO] - Instantiating logger <lightning.pytorch.loggers.csv_logs.CSVLogger>
[2026-03-22 13:27:14,909][rl4co.tasks.train][INFO] - Instantiating trainer...
[2026-03-22 13:27:14,912][rl4co.utils.trainer][WARNING] - gradient_clip_val is set to None. This may lead to unstable training.
[2026-03-22 13:27:14,919][rl4co.tasks.train][INFO] - Logging hyperparameters!
[2026-03-22 13:27:14,920][rl4co.tasks.train][INFO] - Starting training!
[2026-03-22 13:27:31,237][rl4co.utils.utils][ERROR] - 
Traceback (most recent call last):
  File "/data1/gushengda/eam-rl4co/rl4co/utils/utils.py", line 41, in wrap
    metric_dict, object_dict = task_func(cfg=cfg)
                               ^^^^^^^^^^^^^^^^^^
  File "/data1/gushengda/eam-rl4co/rl4co/tasks/train.py", line 77, in run
    trainer.fit(model=model, ckpt_path=cfg.get("ckpt_path"))
  File "/data1/gushengda/eam-rl4co/rl4co/utils/trainer.py", line 146, in fit
    super().fit(
  File "/data1/gushengda/anaconda3/envs/rlco1/lib/python3.11/site-packages/lightning/pytorch/trainer/trainer.py", line 539, in fit
    call._call_and_handle_interrupt(
  File "/data1/gushengda/anaconda3/envs/rlco1/lib/python3.11/site-packages/lightning/pytorch/trainer/call.py", line 47, in _call_and_handle_interrupt
    return trainer_fn(*args, **kwargs)
           ^^^^^^^^^^^^^^^^^^^^^^^^^^^
  File "/data1/gushengda/anaconda3/envs/rlco1/lib/python3.11/site-packages/lightning/pytorch/trainer/trainer.py", line 575, in _fit_impl
    self._run(model, ckpt_path=ckpt_path)
  File "/data1/gushengda/anaconda3/envs/rlco1/lib/python3.11/site-packages/lightning/pytorch/trainer/trainer.py", line 944, in _run
    call._call_setup_hook(self)  # allow user to set up LightningModule in accelerator environment
    ^^^^^^^^^^^^^^^^^^^^^^^^^^^
  File "/data1/gushengda/anaconda3/envs/rlco1/lib/python3.11/site-packages/lightning/pytorch/trainer/call.py", line 104, in _call_setup_hook
    _call_lightning_module_hook(trainer, "setup", stage=fn)
  File "/data1/gushengda/anaconda3/envs/rlco1/lib/python3.11/site-packages/lightning/pytorch/trainer/call.py", line 171, in _call_lightning_module_hook
    output = fn(*args, **kwargs)
             ^^^^^^^^^^^^^^^^^^^
  File "/data1/gushengda/eam-rl4co/rl4co/models/zoo/bopo_fjsp/model.py", line 109, in setup
    test_instances = load_dataset(self.test_data_dir, use_cached=self.use_cached, device="cpu")
                     ^^^^^^^^^^^^^^^^^^^^^^^^^^^^^^^^^^^^^^^^^^^^^^^^^^^^^^^^^^^^^^^^^^^^^^^^^^
  File "/data1/gushengda/eam-rl4co/rl4co/models/zoo/bopo_fjsp/data.py", line 206, in load_dataset
    for file in sorted(data_path.iterdir()):
                ^^^^^^^^^^^^^^^^^^^^^^^^^^^
  File "/data1/gushengda/anaconda3/envs/rlco1/lib/python3.11/pathlib.py", line 931, in iterdir
    for name in os.listdir(self):
                ^^^^^^^^^^^^^^^^
FileNotFoundError: [Errno 2] No such file or directory: '/data1/gushengda/eam-rl4co/BOPO/FJSP/benchmarks/LA-e'
[2026-03-22 13:27:31,239][rl4co.utils.utils][INFO] - Output dir: /data1/gushengda/eam-rl4co/logs/train/runs/bopo_fjsp_20260322-132704
[2026-03-22 13:27:31,239][rl4co.utils.utils][INFO] - Closing loggers...
[2026-03-22 13:28:29,879][rl4co.utils.utils][INFO] - Enforcing tags! <cfg.extras.enforce_tags=True>
[2026-03-22 13:28:29,882][rl4co.utils.utils][INFO] - Printing config tree with Rich! <cfg.extras.print_config=True>
[2026-03-22 13:28:29,923][rl4co.tasks.train][INFO] - Instantiating environment <rl4co.envs.FJSPEnv>
[2026-03-22 13:28:33,702][rl4co.tasks.train][INFO] - Instantiating model <rl4co.models.zoo.bopo_fjsp.model.BOPOFJSPModel>
[2026-03-22 13:28:33,967][rl4co.models.zoo.bopo_fjsp.model][WARNING] - Ignoring unused BOPOFJSPModel kwargs: ['baseline']
[2026-03-22 13:28:34,019][rl4co.tasks.train][INFO] - Instantiating callbacks...
[2026-03-22 13:28:34,019][rl4co.utils.instantiators][INFO] - Instantiating callback <lightning.pytorch.callbacks.ModelCheckpoint>
[2026-03-22 13:28:34,021][rl4co.utils.instantiators][INFO] - Instantiating callback <lightning.pytorch.callbacks.RichModelSummary>
[2026-03-22 13:28:34,022][rl4co.utils.instantiators][INFO] - Instantiating callback <rl4co.utils.callbacks.speed_monitor.SpeedMonitor>
[2026-03-22 13:28:34,023][rl4co.tasks.train][INFO] - Instantiating loggers...
[2026-03-22 13:28:34,023][rl4co.utils.instantiators][INFO] - Instantiating logger <lightning.pytorch.loggers.csv_logs.CSVLogger>
[2026-03-22 13:28:34,024][rl4co.tasks.train][INFO] - Instantiating trainer...
[2026-03-22 13:28:34,027][rl4co.utils.trainer][WARNING] - gradient_clip_val is set to None. This may lead to unstable training.
[2026-03-22 13:28:34,035][rl4co.tasks.train][INFO] - Logging hyperparameters!
[2026-03-22 13:28:34,036][rl4co.tasks.train][INFO] - Starting training!
[2026-03-22 13:29:47,653][rl4co.models.rl.common.base][INFO] - Generating training dataset for next epoch...
[2026-03-22 13:33:24,731][rl4co.models.rl.common.base][INFO] - Generating training dataset for next epoch...
[2026-03-22 13:34:30,887][rl4co.models.rl.common.base][INFO] - Generating training dataset for next epoch...
[2026-03-22 13:35:27,029][rl4co.models.rl.common.base][INFO] - Generating training dataset for next epoch...
[2026-03-22 13:36:19,168][rl4co.models.rl.common.base][INFO] - Generating training dataset for next epoch...
[2026-03-22 13:42:53,210][rl4co.models.rl.common.base][INFO] - Generating training dataset for next epoch...
[2026-03-22 13:45:51,541][rl4co.models.rl.common.base][INFO] - Generating training dataset for next epoch...
[2026-03-22 13:46:48,705][rl4co.models.rl.common.base][INFO] - Generating training dataset for next epoch...
[2026-03-22 13:47:47,343][rl4co.models.rl.common.base][INFO] - Generating training dataset for next epoch...
[2026-03-22 13:49:28,194][rl4co.utils.utils][INFO] - Enforcing tags! <cfg.extras.enforce_tags=True>
[2026-03-22 13:49:28,199][rl4co.utils.utils][INFO] - Printing config tree with Rich! <cfg.extras.print_config=True>
[2026-03-22 13:49:28,235][rl4co.tasks.train][INFO] - Instantiating environment <rl4co.envs.FJSPEnv>
[2026-03-22 13:49:28,485][rl4co.models.rl.common.base][INFO] - Generating training dataset for next epoch...
[2026-03-22 13:49:32,573][rl4co.tasks.train][INFO] - Instantiating model <rl4co.models.zoo.bopo_fjsp.model.BOPOFJSPModel>
[2026-03-22 13:49:32,853][rl4co.models.zoo.bopo_fjsp.model][WARNING] - Ignoring unused BOPOFJSPModel kwargs: ['baseline']
[2026-03-22 13:49:32,907][rl4co.tasks.train][INFO] - Instantiating callbacks...
[2026-03-22 13:49:32,908][rl4co.utils.instantiators][INFO] - Instantiating callback <lightning.pytorch.callbacks.RichModelSummary>
[2026-03-22 13:49:32,908][rl4co.utils.instantiators][INFO] - Instantiating callback <rl4co.utils.callbacks.speed_monitor.SpeedMonitor>
[2026-03-22 13:49:32,909][rl4co.tasks.train][INFO] - Instantiating loggers...
[2026-03-22 13:49:32,909][rl4co.utils.instantiators][INFO] - Instantiating logger <lightning.pytorch.loggers.csv_logs.CSVLogger>
[2026-03-22 13:49:32,912][rl4co.tasks.train][INFO] - Instantiating trainer...
[2026-03-22 13:49:32,915][rl4co.utils.trainer][WARNING] - gradient_clip_val is set to None. This may lead to unstable training.
[2026-03-22 13:49:32,923][rl4co.tasks.train][INFO] - Logging hyperparameters!
[2026-03-22 13:49:32,924][rl4co.tasks.train][INFO] - Starting training!
[2026-03-22 13:49:51,392][rl4co.tasks.train][INFO] - Starting testing!
[2026-03-22 13:50:12,532][rl4co.tasks.train][INFO] - Best ckpt path: /data1/gushengda/eam-rl4co/logs/train/runs/bopo_fjsp_fullpair_probe_20260322-134922/bopo_fjsp_fullpair_probe/version_0/checkpoints/epoch=0-step=5.ckpt
[2026-03-22 13:50:12,532][rl4co.utils.utils][INFO] - Output dir: /data1/gushengda/eam-rl4co/logs/train/runs/bopo_fjsp_fullpair_probe_20260322-134922
[2026-03-22 13:50:12,532][rl4co.utils.utils][INFO] - Closing loggers...
[2026-03-22 13:50:12,930][rl4co.utils.utils][INFO] - Metric name is None! Skipping metric value retrieval...
[2026-03-22 13:56:00,977][rl4co.models.rl.common.base][INFO] - Generating training dataset for next epoch...
[2026-03-22 13:58:17,189][rl4co.models.rl.common.base][INFO] - Generating training dataset for next epoch...
[2026-03-22 13:58:33,114][rl4co.utils.utils][INFO] - Enforcing tags! <cfg.extras.enforce_tags=True>
[2026-03-22 13:58:33,119][rl4co.utils.utils][INFO] - Printing config tree with Rich! <cfg.extras.print_config=True>
[2026-03-22 13:58:33,161][rl4co.tasks.train][INFO] - Instantiating environment <rl4co.envs.FJSPEnv>
[2026-03-22 13:58:37,402][rl4co.tasks.train][INFO] - Instantiating model <rl4co.models.zoo.bopo_fjsp.model.BOPOFJSPModel>
[2026-03-22 13:58:37,690][rl4co.models.zoo.bopo_fjsp.model][WARNING] - Ignoring unused BOPOFJSPModel kwargs: ['baseline']
[2026-03-22 13:58:37,752][rl4co.tasks.train][INFO] - Instantiating callbacks...
[2026-03-22 13:58:37,752][rl4co.utils.instantiators][INFO] - Instantiating callback <lightning.pytorch.callbacks.RichModelSummary>
[2026-03-22 13:58:37,753][rl4co.utils.instantiators][INFO] - Instantiating callback <rl4co.utils.callbacks.speed_monitor.SpeedMonitor>
[2026-03-22 13:58:37,753][rl4co.tasks.train][INFO] - Instantiating loggers...
[2026-03-22 13:58:37,754][rl4co.utils.instantiators][INFO] - Instantiating logger <lightning.pytorch.loggers.csv_logs.CSVLogger>
[2026-03-22 13:58:37,756][rl4co.tasks.train][INFO] - Instantiating trainer...
[2026-03-22 13:58:37,759][rl4co.utils.trainer][WARNING] - gradient_clip_val is set to None. This may lead to unstable training.
[2026-03-22 13:58:37,767][rl4co.tasks.train][INFO] - Logging hyperparameters!
[2026-03-22 13:58:37,768][rl4co.tasks.train][INFO] - Starting training!
[2026-03-22 13:58:55,930][rl4co.utils.utils][INFO] - Output dir: /data1/gushengda/eam-rl4co/logs/train/runs/bopo_fjsp_fullpair_probe_20260322-135826
[2026-03-22 13:58:55,930][rl4co.utils.utils][INFO] - Closing loggers...
[2026-03-22 13:58:56,300][rl4co.utils.utils][INFO] - Metric name is None! Skipping metric value retrieval...
[2026-03-22 13:59:17,221][rl4co.models.rl.common.base][INFO] - Generating training dataset for next epoch...
[2026-03-22 14:00:13,705][rl4co.models.rl.common.base][INFO] - Generating training dataset for next epoch...
[2026-03-22 14:02:34,041][rl4co.models.rl.common.base][INFO] - Generating training dataset for next epoch...
[2026-03-22 14:05:09,220][rl4co.utils.utils][INFO] - Enforcing tags! <cfg.extras.enforce_tags=True>
[2026-03-22 14:05:09,224][rl4co.utils.utils][INFO] - Printing config tree with Rich! <cfg.extras.print_config=True>
[2026-03-22 14:05:09,261][rl4co.tasks.train][INFO] - Instantiating environment <rl4co.envs.FJSPEnv>
[2026-03-22 14:05:13,680][rl4co.tasks.train][INFO] - Instantiating model <rl4co.models.zoo.bopo_fjsp.model.BOPOFJSPModel>
[2026-03-22 14:05:13,980][rl4co.models.zoo.bopo_fjsp.model][WARNING] - Ignoring unused BOPOFJSPModel kwargs: ['baseline']
[2026-03-22 14:05:14,065][rl4co.tasks.train][INFO] - Instantiating callbacks...
[2026-03-22 14:05:14,065][rl4co.utils.instantiators][INFO] - Instantiating callback <lightning.pytorch.callbacks.RichModelSummary>
[2026-03-22 14:05:14,066][rl4co.utils.instantiators][INFO] - Instantiating callback <rl4co.utils.callbacks.speed_monitor.SpeedMonitor>
[2026-03-22 14:05:14,067][rl4co.tasks.train][INFO] - Instantiating loggers...
[2026-03-22 14:05:14,067][rl4co.utils.instantiators][INFO] - Instantiating logger <lightning.pytorch.loggers.csv_logs.CSVLogger>
[2026-03-22 14:05:14,071][rl4co.tasks.train][INFO] - Instantiating trainer...
[2026-03-22 14:05:14,076][rl4co.utils.trainer][WARNING] - gradient_clip_val is set to None. This may lead to unstable training.
[2026-03-22 14:05:14,088][rl4co.tasks.train][INFO] - Logging hyperparameters!
[2026-03-22 14:05:14,090][rl4co.tasks.train][INFO] - Starting training!
[2026-03-22 14:05:33,123][rl4co.utils.utils][INFO] - Output dir: /data1/gushengda/eam-rl4co/logs/train/runs/bopo_fjsp_fullpair_probe_20260322-140503
[2026-03-22 14:05:33,123][rl4co.utils.utils][INFO] - Closing loggers...
[2026-03-22 14:05:33,516][rl4co.utils.utils][INFO] - Metric name is None! Skipping metric value retrieval...
[2026-03-22 14:08:16,013][rl4co.utils.utils][INFO] - Enforcing tags! <cfg.extras.enforce_tags=True>
[2026-03-22 14:08:16,018][rl4co.utils.utils][INFO] - Printing config tree with Rich! <cfg.extras.print_config=True>
[2026-03-22 14:08:16,068][rl4co.tasks.train][INFO] - Instantiating environment <rl4co.envs.FJSPEnv>
[2026-03-22 14:08:20,331][rl4co.tasks.train][INFO] - Instantiating model <rl4co.models.zoo.bopo_fjsp.model.BOPOFJSPModel>
[2026-03-22 14:08:20,598][rl4co.models.zoo.bopo_fjsp.model][WARNING] - Ignoring unused BOPOFJSPModel kwargs: ['baseline']
[2026-03-22 14:08:20,659][rl4co.tasks.train][INFO] - Instantiating callbacks...
[2026-03-22 14:08:20,659][rl4co.utils.instantiators][INFO] - Instantiating callback <lightning.pytorch.callbacks.RichModelSummary>
[2026-03-22 14:08:20,660][rl4co.utils.instantiators][INFO] - Instantiating callback <rl4co.utils.callbacks.speed_monitor.SpeedMonitor>
[2026-03-22 14:08:20,661][rl4co.tasks.train][INFO] - Instantiating loggers...
[2026-03-22 14:08:20,661][rl4co.utils.instantiators][INFO] - Instantiating logger <lightning.pytorch.loggers.csv_logs.CSVLogger>
[2026-03-22 14:08:20,664][rl4co.tasks.train][INFO] - Instantiating trainer...
[2026-03-22 14:08:20,667][rl4co.utils.trainer][WARNING] - gradient_clip_val is set to None. This may lead to unstable training.
[2026-03-22 14:08:20,676][rl4co.tasks.train][INFO] - Logging hyperparameters!
[2026-03-22 14:08:20,677][rl4co.tasks.train][INFO] - Starting training!
[2026-03-22 14:09:28,788][rl4co.models.rl.common.base][INFO] - Generating training dataset for next epoch...
[2026-03-22 14:09:35,024][rl4co.utils.utils][INFO] - Output dir: /data1/gushengda/eam-rl4co/logs/train/runs/bopo_fjsp_fullpair_probe_20260322-140809
[2026-03-22 14:09:35,024][rl4co.utils.utils][INFO] - Closing loggers...
[2026-03-22 14:09:35,453][rl4co.utils.utils][INFO] - Metric name is None! Skipping metric value retrieval...
[2026-03-22 14:10:28,349][rl4co.models.rl.common.base][INFO] - Generating training dataset for next epoch...
[2026-03-22 14:12:00,524][rl4co.models.rl.common.base][INFO] - Generating training dataset for next epoch...
[2026-03-22 14:12:37,976][rl4co.models.rl.common.base][INFO] - Generating training dataset for next epoch...
[2026-03-22 14:16:21,822][rl4co.models.rl.common.base][INFO] - Generating training dataset for next epoch...
[2026-03-22 14:22:41,455][rl4co.models.rl.common.base][INFO] - Generating training dataset for next epoch...
[2026-03-22 14:22:57,898][rl4co.models.rl.common.base][INFO] - Generating training dataset for next epoch...
[2026-03-22 14:24:50,408][rl4co.models.rl.common.base][INFO] - Generating training dataset for next epoch...
[2026-03-22 14:24:51,629][rl4co.models.rl.common.base][INFO] - Generating training dataset for next epoch...
[2026-03-22 14:29:31,797][rl4co.models.rl.common.base][INFO] - Generating training dataset for next epoch...
[2026-03-22 14:34:57,130][rl4co.models.rl.common.base][INFO] - Generating training dataset for next epoch...
[2026-03-22 14:36:32,699][rl4co.models.rl.common.base][INFO] - Generating training dataset for next epoch...
[2026-03-22 14:37:02,404][rl4co.models.rl.common.base][INFO] - Generating training dataset for next epoch...
[2026-03-22 14:37:54,860][rl4co.models.rl.common.base][INFO] - Generating training dataset for next epoch...
[2026-03-22 14:43:38,742][rl4co.models.rl.common.base][INFO] - Generating training dataset for next epoch...
[2026-03-22 14:47:11,944][rl4co.models.rl.common.base][INFO] - Generating training dataset for next epoch...
[2026-03-22 14:49:11,327][rl4co.models.rl.common.base][INFO] - Generating training dataset for next epoch...
[2026-03-22 14:50:32,444][rl4co.models.rl.common.base][INFO] - Generating training dataset for next epoch...
[2026-03-22 14:51:33,256][rl4co.models.rl.common.base][INFO] - Generating training dataset for next epoch...
[2026-03-22 14:57:30,348][rl4co.models.rl.common.base][INFO] - Generating training dataset for next epoch...
[2026-03-22 14:59:18,570][rl4co.models.rl.common.base][INFO] - Generating training dataset for next epoch...
[2026-03-22 15:01:21,639][rl4co.models.rl.common.base][INFO] - Generating training dataset for next epoch...
[2026-03-22 15:04:10,567][rl4co.models.rl.common.base][INFO] - Generating training dataset for next epoch...
[2026-03-22 15:04:18,786][rl4co.models.rl.common.base][INFO] - Generating training dataset for next epoch...
[2026-03-22 15:11:00,800][rl4co.models.rl.common.base][INFO] - Generating training dataset for next epoch...
[2026-03-22 15:11:31,009][rl4co.models.rl.common.base][INFO] - Generating training dataset for next epoch...
[2026-03-22 15:13:38,019][rl4co.models.rl.common.base][INFO] - Generating training dataset for next epoch...
[2026-03-22 15:16:53,496][rl4co.models.rl.common.base][INFO] - Generating training dataset for next epoch...
[2026-03-22 15:17:42,941][rl4co.models.rl.common.base][INFO] - Generating training dataset for next epoch...
[2026-03-22 15:23:38,580][rl4co.models.rl.common.base][INFO] - Generating training dataset for next epoch...
[2026-03-22 15:24:06,608][rl4co.models.rl.common.base][INFO] - Generating training dataset for next epoch...
[2026-03-22 15:25:46,084][rl4co.models.rl.common.base][INFO] - Generating training dataset for next epoch...
[2026-03-22 15:29:45,457][rl4co.models.rl.common.base][INFO] - Generating training dataset for next epoch...
[2026-03-22 15:30:35,467][rl4co.models.rl.common.base][INFO] - Generating training dataset for next epoch...
[2026-03-22 15:35:47,774][rl4co.models.rl.common.base][INFO] - Generating training dataset for next epoch...
[2026-03-22 15:37:01,184][rl4co.models.rl.common.base][INFO] - Generating training dataset for next epoch...
[2026-03-22 15:38:21,945][rl4co.models.rl.common.base][INFO] - Generating training dataset for next epoch...
[2026-03-22 15:42:28,711][rl4co.models.rl.common.base][INFO] - Generating training dataset for next epoch...
[2026-03-22 15:43:21,980][rl4co.models.rl.common.base][INFO] - Generating training dataset for next epoch...
[2026-03-22 15:48:00,314][rl4co.models.rl.common.base][INFO] - Generating training dataset for next epoch...
[2026-03-22 15:49:56,656][rl4co.models.rl.common.base][INFO] - Generating training dataset for next epoch...
[2026-03-22 15:50:35,811][rl4co.models.rl.common.base][INFO] - Generating training dataset for next epoch...
[2026-03-22 15:55:10,975][rl4co.models.rl.common.base][INFO] - Generating training dataset for next epoch...
[2026-03-22 15:57:14,973][rl4co.models.rl.common.base][INFO] - Generating training dataset for next epoch...
[2026-03-22 16:00:11,960][rl4co.models.rl.common.base][INFO] - Generating training dataset for next epoch...
[2026-03-22 16:02:44,895][rl4co.models.rl.common.base][INFO] - Generating training dataset for next epoch...
[2026-03-22 16:04:32,872][rl4co.models.rl.common.base][INFO] - Generating training dataset for next epoch...
[2026-03-22 16:08:00,441][rl4co.models.rl.common.base][INFO] - Generating training dataset for next epoch...
[2026-03-22 16:11:01,240][rl4co.models.rl.common.base][INFO] - Generating training dataset for next epoch...
[2026-03-22 16:12:22,666][rl4co.models.rl.common.base][INFO] - Generating training dataset for next epoch...
[2026-03-22 16:14:56,901][rl4co.models.rl.common.base][INFO] - Generating training dataset for next epoch...
[2026-03-22 16:18:09,812][rl4co.models.rl.common.base][INFO] - Generating training dataset for next epoch...
[2026-03-22 16:21:24,399][rl4co.models.rl.common.base][INFO] - Generating training dataset for next epoch...
[2026-03-22 16:24:33,916][rl4co.models.rl.common.base][INFO] - Generating training dataset for next epoch...
[2026-03-22 16:24:37,926][rl4co.models.rl.common.base][INFO] - Generating training dataset for next epoch...
[2026-03-22 16:27:08,002][rl4co.models.rl.common.base][INFO] - Generating training dataset for next epoch...
[2026-03-22 16:32:07,230][rl4co.models.rl.common.base][INFO] - Generating training dataset for next epoch...
[2026-03-22 16:34:18,605][rl4co.models.rl.common.base][INFO] - Generating training dataset for next epoch...
[2026-03-22 16:36:45,061][rl4co.models.rl.common.base][INFO] - Generating training dataset for next epoch...
[2026-03-22 16:38:34,014][rl4co.models.rl.common.base][INFO] - Generating training dataset for next epoch...
[2026-03-22 16:39:20,719][rl4co.models.rl.common.base][INFO] - Generating training dataset for next epoch...
[2026-03-22 16:44:56,124][rl4co.models.rl.common.base][INFO] - Generating training dataset for next epoch...
[2026-03-22 16:46:59,523][rl4co.models.rl.common.base][INFO] - Generating training dataset for next epoch...
[2026-03-22 16:48:55,695][rl4co.models.rl.common.base][INFO] - Generating training dataset for next epoch...
[2026-03-22 16:51:17,628][rl4co.models.rl.common.base][INFO] - Generating training dataset for next epoch...
[2026-03-22 16:51:45,774][rl4co.models.rl.common.base][INFO] - Generating training dataset for next epoch...
[2026-03-22 16:57:45,506][rl4co.models.rl.common.base][INFO] - Generating training dataset for next epoch...
[2026-03-22 16:59:41,335][rl4co.models.rl.common.base][INFO] - Generating training dataset for next epoch...
[2026-03-22 17:01:10,064][rl4co.models.rl.common.base][INFO] - Generating training dataset for next epoch...
[2026-03-22 17:03:54,902][rl4co.models.rl.common.base][INFO] - Generating training dataset for next epoch...
[2026-03-22 17:04:30,771][rl4co.models.rl.common.base][INFO] - Generating training dataset for next epoch...
[2026-03-22 17:10:51,443][rl4co.models.rl.common.base][INFO] - Generating training dataset for next epoch...
[2026-03-22 17:12:36,394][rl4co.models.rl.common.base][INFO] - Generating training dataset for next epoch...
[2026-03-22 17:13:22,877][rl4co.models.rl.common.base][INFO] - Generating training dataset for next epoch...
[2026-03-22 17:16:14,507][rl4co.models.rl.common.base][INFO] - Generating training dataset for next epoch...
[2026-03-22 17:17:11,838][rl4co.models.rl.common.base][INFO] - Generating training dataset for next epoch...
[2026-03-22 17:23:25,594][rl4co.models.rl.common.base][INFO] - Generating training dataset for next epoch...
[2026-03-22 17:25:32,874][rl4co.models.rl.common.base][INFO] - Generating training dataset for next epoch...
[2026-03-22 17:25:33,975][rl4co.models.rl.common.base][INFO] - Generating training dataset for next epoch...
[2026-03-22 17:28:28,588][rl4co.models.rl.common.base][INFO] - Generating training dataset for next epoch...
[2026-03-22 17:29:44,631][rl4co.models.rl.common.base][INFO] - Generating training dataset for next epoch...
[2026-03-22 17:36:03,241][rl4co.models.rl.common.base][INFO] - Generating training dataset for next epoch...
[2026-03-22 17:37:42,307][rl4co.models.rl.common.base][INFO] - Generating training dataset for next epoch...
[2026-03-22 17:38:09,910][rl4co.models.rl.common.base][INFO] - Generating training dataset for next epoch...
[2026-03-22 17:40:39,275][rl4co.models.rl.common.base][INFO] - Generating training dataset for next epoch...
[2026-03-22 17:42:47,659][rl4co.models.rl.common.base][INFO] - Generating training dataset for next epoch...
[2026-03-22 17:49:05,857][rl4co.models.rl.common.base][INFO] - Generating training dataset for next epoch...
[2026-03-22 17:49:46,720][rl4co.models.rl.common.base][INFO] - Generating training dataset for next epoch...
[2026-03-22 17:50:47,584][rl4co.models.rl.common.base][INFO] - Generating training dataset for next epoch...
[2026-03-22 17:52:47,724][rl4co.models.rl.common.base][INFO] - Generating training dataset for next epoch...
[2026-03-22 17:55:41,476][rl4co.models.rl.common.base][INFO] - Generating training dataset for next epoch...
[2026-03-22 18:01:54,534][rl4co.models.rl.common.base][INFO] - Generating training dataset for next epoch...
[2026-03-22 18:02:19,440][rl4co.models.rl.common.base][INFO] - Generating training dataset for next epoch...
[2026-03-22 18:03:29,000][rl4co.models.rl.common.base][INFO] - Generating training dataset for next epoch...
[2026-03-22 18:04:58,624][rl4co.models.rl.common.base][INFO] - Generating training dataset for next epoch...
[2026-03-22 18:09:02,363][rl4co.models.rl.common.base][INFO] - Generating training dataset for next epoch...
[2026-03-22 18:14:06,869][rl4co.models.rl.common.base][INFO] - Generating training dataset for next epoch...
[2026-03-22 18:15:45,613][rl4co.models.rl.common.base][INFO] - Generating training dataset for next epoch...
[2026-03-22 18:16:04,874][rl4co.models.rl.common.base][INFO] - Generating training dataset for next epoch...
[2026-03-22 18:17:09,954][rl4co.models.rl.common.base][INFO] - Generating training dataset for next epoch...
[2026-03-22 18:22:05,899][rl4co.models.rl.common.base][INFO] - Generating training dataset for next epoch...
[2026-03-22 18:26:18,794][rl4co.models.rl.common.base][INFO] - Generating training dataset for next epoch...
[2026-03-22 18:28:20,761][rl4co.models.rl.common.base][INFO] - Generating training dataset for next epoch...
[2026-03-22 18:28:42,312][rl4co.models.rl.common.base][INFO] - Generating training dataset for next epoch...
[2026-03-22 18:29:22,297][rl4co.models.rl.common.base][INFO] - Generating training dataset for next epoch...
[2026-03-22 18:34:34,287][rl4co.models.rl.common.base][INFO] - Generating training dataset for next epoch...
[2026-03-22 18:38:27,270][rl4co.models.rl.common.base][INFO] - Generating training dataset for next epoch...
[2026-03-22 18:40:44,176][rl4co.models.rl.common.base][INFO] - Generating training dataset for next epoch...
[2026-03-22 18:41:23,016][rl4co.models.rl.common.base][INFO] - Generating training dataset for next epoch...
[2026-03-22 18:42:41,025][rl4co.models.rl.common.base][INFO] - Generating training dataset for next epoch...
[2026-03-22 18:47:48,657][rl4co.models.rl.common.base][INFO] - Generating training dataset for next epoch...
[2026-03-22 18:50:32,528][rl4co.models.rl.common.base][INFO] - Generating training dataset for next epoch...
[2026-03-22 18:54:17,280][rl4co.models.rl.common.base][INFO] - Generating training dataset for next epoch...
[2026-03-22 18:54:29,100][rl4co.models.rl.common.base][INFO] - Generating training dataset for next epoch...
[2026-03-22 18:54:52,315][rl4co.models.rl.common.base][INFO] - Generating training dataset for next epoch...
[2026-03-22 19:00:34,472][rl4co.models.rl.common.base][INFO] - Generating training dataset for next epoch...
[2026-03-22 19:02:40,813][rl4co.models.rl.common.base][INFO] - Generating training dataset for next epoch...
[2026-03-22 19:06:57,340][rl4co.models.rl.common.base][INFO] - Generating training dataset for next epoch...
[2026-03-22 19:07:10,009][rl4co.models.rl.common.base][INFO] - Generating training dataset for next epoch...
[2026-03-22 19:07:20,431][rl4co.models.rl.common.base][INFO] - Generating training dataset for next epoch...
[2026-03-22 19:13:44,379][rl4co.models.rl.common.base][INFO] - Generating training dataset for next epoch...
[2026-03-22 19:14:47,320][rl4co.models.rl.common.base][INFO] - Generating training dataset for next epoch...
[2026-03-22 19:19:04,427][rl4co.models.rl.common.base][INFO] - Generating training dataset for next epoch...
[2026-03-22 19:19:56,465][rl4co.models.rl.common.base][INFO] - Generating training dataset for next epoch...
[2026-03-22 19:20:11,942][rl4co.models.rl.common.base][INFO] - Generating training dataset for next epoch...
[2026-03-22 19:27:01,754][rl4co.models.rl.common.base][INFO] - Generating training dataset for next epoch...
[2026-03-22 19:27:14,108][rl4co.models.rl.common.base][INFO] - Generating training dataset for next epoch...
[2026-03-22 19:31:24,017][rl4co.models.rl.common.base][INFO] - Generating training dataset for next epoch...
[2026-03-22 19:32:51,480][rl4co.models.rl.common.base][INFO] - Generating training dataset for next epoch...
[2026-03-22 19:33:34,120][rl4co.models.rl.common.base][INFO] - Generating training dataset for next epoch...
[2026-03-22 19:39:08,385][rl4co.models.rl.common.base][INFO] - Generating training dataset for next epoch...
[2026-03-22 19:39:45,872][rl4co.models.rl.common.base][INFO] - Generating training dataset for next epoch...
[2026-03-22 19:43:35,866][rl4co.models.rl.common.base][INFO] - Generating training dataset for next epoch...
[2026-03-22 19:45:39,684][rl4co.models.rl.common.base][INFO] - Generating training dataset for next epoch...
[2026-03-22 19:46:54,819][rl4co.models.rl.common.base][INFO] - Generating training dataset for next epoch...
[2026-03-22 19:51:22,763][rl4co.models.rl.common.base][INFO] - Generating training dataset for next epoch...
[2026-03-22 19:53:21,563][rl4co.models.rl.common.base][INFO] - Generating training dataset for next epoch...
[2026-03-22 19:56:10,380][rl4co.models.rl.common.base][INFO] - Generating training dataset for next epoch...
[2026-03-22 19:58:17,073][rl4co.models.rl.common.base][INFO] - Generating training dataset for next epoch...
[2026-03-22 19:59:33,224][rl4co.models.rl.common.base][INFO] - Generating training dataset for next epoch...
[2026-03-22 20:03:32,723][rl4co.models.rl.common.base][INFO] - Generating training dataset for next epoch...
[2026-03-22 20:05:41,315][rl4co.models.rl.common.base][INFO] - Generating training dataset for next epoch...
[2026-03-22 20:08:18,854][rl4co.models.rl.common.base][INFO] - Generating training dataset for next epoch...
[2026-03-22 20:11:14,098][rl4co.models.rl.common.base][INFO] - Generating training dataset for next epoch...
[2026-03-22 20:12:17,721][rl4co.models.rl.common.base][INFO] - Generating training dataset for next epoch...
[2026-03-22 20:15:40,508][rl4co.models.rl.common.base][INFO] - Generating training dataset for next epoch...
[2026-03-22 20:18:35,929][rl4co.models.rl.common.base][INFO] - Generating training dataset for next epoch...
[2026-03-22 20:20:35,864][rl4co.models.rl.common.base][INFO] - Generating training dataset for next epoch...
[2026-03-22 20:24:12,711][rl4co.models.rl.common.base][INFO] - Generating training dataset for next epoch...
[2026-03-22 20:24:56,250][rl4co.models.rl.common.base][INFO] - Generating training dataset for next epoch...
[2026-03-22 20:27:50,119][rl4co.models.rl.common.base][INFO] - Generating training dataset for next epoch...
[2026-03-22 20:31:26,571][rl4co.models.rl.common.base][INFO] - Generating training dataset for next epoch...
[2026-03-22 20:32:46,680][rl4co.models.rl.common.base][INFO] - Generating training dataset for next epoch...
[2026-03-22 20:36:59,136][rl4co.models.rl.common.base][INFO] - Generating training dataset for next epoch...
[2026-03-22 20:38:12,695][rl4co.models.rl.common.base][INFO] - Generating training dataset for next epoch...
[2026-03-22 20:39:57,171][rl4co.models.rl.common.base][INFO] - Generating training dataset for next epoch...
[2026-03-22 20:44:29,538][rl4co.models.rl.common.base][INFO] - Generating training dataset for next epoch...
[2026-03-22 20:44:55,600][rl4co.models.rl.common.base][INFO] - Generating training dataset for next epoch...
[2026-03-22 20:50:11,010][rl4co.models.rl.common.base][INFO] - Generating training dataset for next epoch...
[2026-03-22 20:51:36,111][rl4co.models.rl.common.base][INFO] - Generating training dataset for next epoch...
[2026-03-22 20:52:26,103][rl4co.models.rl.common.base][INFO] - Generating training dataset for next epoch...
[2026-03-22 20:57:21,358][rl4co.models.rl.common.base][INFO] - Generating training dataset for next epoch...
[2026-03-22 20:57:54,847][rl4co.models.rl.common.base][INFO] - Generating training dataset for next epoch...
[2026-03-22 21:03:06,590][rl4co.models.rl.common.base][INFO] - Generating training dataset for next epoch...
[2026-03-22 21:04:08,012][rl4co.models.rl.common.base][INFO] - Generating training dataset for next epoch...
[2026-03-22 21:04:39,256][rl4co.models.rl.common.base][INFO] - Generating training dataset for next epoch...
[2026-03-22 21:09:38,254][rl4co.models.rl.common.base][INFO] - Generating training dataset for next epoch...
[2026-03-22 21:10:37,292][rl4co.models.rl.common.base][INFO] - Generating training dataset for next epoch...
[2026-03-22 21:15:54,190][rl4co.models.rl.common.base][INFO] - Generating training dataset for next epoch...
[2026-03-22 21:16:44,580][rl4co.models.rl.common.base][INFO] - Generating training dataset for next epoch...
[2026-03-22 21:16:57,292][rl4co.models.rl.common.base][INFO] - Generating training dataset for next epoch...
[2026-03-22 21:21:50,164][rl4co.models.rl.common.base][INFO] - Generating training dataset for next epoch...
[2026-03-22 21:24:02,519][rl4co.models.rl.common.base][INFO] - Generating training dataset for next epoch...
[2026-03-22 21:28:47,504][rl4co.models.rl.common.base][INFO] - Generating training dataset for next epoch...
[2026-03-22 21:28:56,577][rl4co.models.rl.common.base][INFO] - Generating training dataset for next epoch...
[2026-03-22 21:30:23,066][rl4co.models.rl.common.base][INFO] - Generating training dataset for next epoch...
[2026-03-22 21:34:02,635][rl4co.models.rl.common.base][INFO] - Generating training dataset for next epoch...
[2026-03-22 21:36:33,084][rl4co.models.rl.common.base][INFO] - Generating training dataset for next epoch...
[2026-03-22 21:41:08,208][rl4co.models.rl.common.base][INFO] - Generating training dataset for next epoch...
[2026-03-22 21:41:41,848][rl4co.models.rl.common.base][INFO] - Generating training dataset for next epoch...
[2026-03-22 21:42:45,316][rl4co.models.rl.common.base][INFO] - Generating training dataset for next epoch...
[2026-03-22 21:46:22,739][rl4co.models.rl.common.base][INFO] - Generating training dataset for next epoch...
[2026-03-22 21:48:54,502][rl4co.models.rl.common.base][INFO] - Generating training dataset for next epoch...
[2026-03-22 21:53:21,503][rl4co.models.rl.common.base][INFO] - Generating training dataset for next epoch...
[2026-03-22 21:54:24,093][rl4co.models.rl.common.base][INFO] - Generating training dataset for next epoch...
[2026-03-22 21:55:36,129][rl4co.models.rl.common.base][INFO] - Generating training dataset for next epoch...
[2026-03-22 21:58:38,165][rl4co.models.rl.common.base][INFO] - Generating training dataset for next epoch...
[2026-03-22 22:02:02,254][rl4co.models.rl.common.base][INFO] - Generating training dataset for next epoch...
[2026-03-22 22:05:26,596][rl4co.models.rl.common.base][INFO] - Generating training dataset for next epoch...
[2026-03-22 22:07:03,643][rl4co.models.rl.common.base][INFO] - Generating training dataset for next epoch...
[2026-03-22 22:08:29,656][rl4co.models.rl.common.base][INFO] - Generating training dataset for next epoch...
[2026-03-22 22:11:22,100][rl4co.models.rl.common.base][INFO] - Generating training dataset for next epoch...
[2026-03-22 22:14:37,637][rl4co.models.rl.common.base][INFO] - Generating training dataset for next epoch...
[2026-03-22 22:17:33,258][rl4co.models.rl.common.base][INFO] - Generating training dataset for next epoch...
[2026-03-22 22:19:50,682][rl4co.models.rl.common.base][INFO] - Generating training dataset for next epoch...
[2026-03-22 22:20:47,963][rl4co.models.rl.common.base][INFO] - Generating training dataset for next epoch...
[2026-03-22 22:23:57,909][rl4co.models.rl.common.base][INFO] - Generating training dataset for next epoch...
[2026-03-22 22:26:52,006][rl4co.models.rl.common.base][INFO] - Generating training dataset for next epoch...
[2026-03-22 22:29:37,532][rl4co.models.rl.common.base][INFO] - Generating training dataset for next epoch...
[2026-03-22 22:32:26,521][rl4co.models.rl.common.base][INFO] - Generating training dataset for next epoch...
[2026-03-22 22:33:08,239][rl4co.models.rl.common.base][INFO] - Generating training dataset for next epoch...
[2026-03-22 22:36:28,841][rl4co.models.rl.common.base][INFO] - Generating training dataset for next epoch...
[2026-03-22 22:39:47,130][rl4co.models.rl.common.base][INFO] - Generating training dataset for next epoch...
[2026-03-22 22:41:47,339][rl4co.models.rl.common.base][INFO] - Generating training dataset for next epoch...
[2026-03-22 22:45:22,186][rl4co.models.rl.common.base][INFO] - Generating training dataset for next epoch...
[2026-03-22 22:45:58,196][rl4co.models.rl.common.base][INFO] - Generating training dataset for next epoch...
[2026-03-22 22:49:06,922][rl4co.models.rl.common.base][INFO] - Generating training dataset for next epoch...
[2026-03-22 22:52:05,214][rl4co.models.rl.common.base][INFO] - Generating training dataset for next epoch...
[2026-03-22 22:53:50,491][rl4co.models.rl.common.base][INFO] - Generating training dataset for next epoch...
[2026-03-22 22:58:10,840][rl4co.models.rl.common.base][INFO] - Generating training dataset for next epoch...
[2026-03-22 22:58:12,221][rl4co.models.rl.common.base][INFO] - Generating training dataset for next epoch...
[2026-03-22 23:02:48,811][rl4co.models.rl.common.base][INFO] - Generating training dataset for next epoch...
[2026-03-22 23:04:52,456][rl4co.models.rl.common.base][INFO] - Generating training dataset for next epoch...
[2026-03-22 23:06:03,486][rl4co.models.rl.common.base][INFO] - Generating training dataset for next epoch...
[2026-03-22 23:10:59,000][rl4co.models.rl.common.base][INFO] - Generating training dataset for next epoch...
[2026-03-22 23:11:03,949][rl4co.models.rl.common.base][INFO] - Generating training dataset for next epoch...
[2026-03-22 23:15:25,489][rl4co.models.rl.common.base][INFO] - Generating training dataset for next epoch...
[2026-03-22 23:17:11,865][rl4co.models.rl.common.base][INFO] - Generating training dataset for next epoch...
[2026-03-22 23:18:10,998][rl4co.models.rl.common.base][INFO] - Generating training dataset for next epoch...
[2026-03-22 23:23:31,555][rl4co.models.rl.common.base][INFO] - Generating training dataset for next epoch...
[2026-03-22 23:23:52,867][rl4co.models.rl.common.base][INFO] - Generating training dataset for next epoch...
[2026-03-22 23:27:51,471][rl4co.models.rl.common.base][INFO] - Generating training dataset for next epoch...
[2026-03-22 23:29:33,174][rl4co.models.rl.common.base][INFO] - Generating training dataset for next epoch...
[2026-03-22 23:30:15,189][rl4co.models.rl.common.base][INFO] - Generating training dataset for next epoch...
[2026-03-22 23:35:48,226][rl4co.models.rl.common.base][INFO] - Generating training dataset for next epoch...
[2026-03-22 23:36:36,748][rl4co.models.rl.common.base][INFO] - Generating training dataset for next epoch...
[2026-03-22 23:40:16,147][rl4co.models.rl.common.base][INFO] - Generating training dataset for next epoch...
[2026-03-22 23:41:52,825][rl4co.models.rl.common.base][INFO] - Generating training dataset for next epoch...
[2026-03-22 23:42:21,097][rl4co.models.rl.common.base][INFO] - Generating training dataset for next epoch...
[2026-03-22 23:47:58,621][rl4co.models.rl.common.base][INFO] - Generating training dataset for next epoch...
[2026-03-22 23:49:21,891][rl4co.models.rl.common.base][INFO] - Generating training dataset for next epoch...
[2026-03-22 23:52:47,742][rl4co.models.rl.common.base][INFO] - Generating training dataset for next epoch...
[2026-03-22 23:54:06,681][rl4co.models.rl.common.base][INFO] - Generating training dataset for next epoch...
[2026-03-22 23:54:27,019][rl4co.models.rl.common.base][INFO] - Generating training dataset for next epoch...
[2026-03-23 00:00:33,625][rl4co.models.rl.common.base][INFO] - Generating training dataset for next epoch...
[2026-03-23 00:02:09,227][rl4co.models.rl.common.base][INFO] - Generating training dataset for next epoch...
[2026-03-23 00:05:28,263][rl4co.models.rl.common.base][INFO] - Generating training dataset for next epoch...
[2026-03-23 00:06:35,820][rl4co.models.rl.common.base][INFO] - Generating training dataset for next epoch...
[2026-03-23 00:06:37,088][rl4co.models.rl.common.base][INFO] - Generating training dataset for next epoch...
[2026-03-23 00:13:08,392][rl4co.models.rl.common.base][INFO] - Generating training dataset for next epoch...
[2026-03-23 00:14:58,028][rl4co.models.rl.common.base][INFO] - Generating training dataset for next epoch...
[2026-03-23 00:18:41,615][rl4co.models.rl.common.base][INFO] - Generating training dataset for next epoch...
[2026-03-23 00:18:53,421][rl4co.models.rl.common.base][INFO] - Generating training dataset for next epoch...
[2026-03-23 00:19:26,923][rl4co.models.rl.common.base][INFO] - Generating training dataset for next epoch...
[2026-03-23 00:25:29,424][rl4co.models.rl.common.base][INFO] - Generating training dataset for next epoch...
[2026-03-23 00:28:17,149][rl4co.models.rl.common.base][INFO] - Generating training dataset for next epoch...
[2026-03-23 00:30:50,971][rl4co.models.rl.common.base][INFO] - Generating training dataset for next epoch...
[2026-03-23 00:31:34,850][rl4co.models.rl.common.base][INFO] - Generating training dataset for next epoch...
[2026-03-23 00:31:41,042][rl4co.models.rl.common.base][INFO] - Generating training dataset for next epoch...
[2026-03-23 00:37:39,416][rl4co.models.rl.common.base][INFO] - Generating training dataset for next epoch...
[2026-03-23 00:41:04,820][rl4co.models.rl.common.base][INFO] - Generating training dataset for next epoch...
[2026-03-23 00:42:53,666][rl4co.models.rl.common.base][INFO] - Generating training dataset for next epoch...
[2026-03-23 00:43:48,291][rl4co.models.rl.common.base][INFO] - Generating training dataset for next epoch...
[2026-03-23 00:44:09,905][rl4co.models.rl.common.base][INFO] - Generating training dataset for next epoch...
[2026-03-23 00:49:56,130][rl4co.models.rl.common.base][INFO] - Generating training dataset for next epoch...
[2026-03-23 00:53:47,312][rl4co.models.rl.common.base][INFO] - Generating training dataset for next epoch...
[2026-03-23 00:54:55,915][rl4co.models.rl.common.base][INFO] - Generating training dataset for next epoch...
[2026-03-23 00:56:45,103][rl4co.models.rl.common.base][INFO] - Generating training dataset for next epoch...
[2026-03-23 00:56:48,504][rl4co.models.rl.common.base][INFO] - Generating training dataset for next epoch...
[2026-03-23 01:02:48,366][rl4co.models.rl.common.base][INFO] - Generating training dataset for next epoch...
[2026-03-23 01:06:30,581][rl4co.models.rl.common.base][INFO] - Generating training dataset for next epoch...
[2026-03-23 01:06:59,280][rl4co.models.rl.common.base][INFO] - Generating training dataset for next epoch...
[2026-03-23 01:08:49,449][rl4co.models.rl.common.base][INFO] - Generating training dataset for next epoch...
[2026-03-23 01:09:20,063][rl4co.models.rl.common.base][INFO] - Generating training dataset for next epoch...
[2026-03-23 01:14:50,335][rl4co.models.rl.common.base][INFO] - Generating training dataset for next epoch...
[2026-03-23 01:19:01,381][rl4co.models.rl.common.base][INFO] - Generating training dataset for next epoch...
[2026-03-23 01:19:15,169][rl4co.models.rl.common.base][INFO] - Generating training dataset for next epoch...
[2026-03-23 01:20:59,477][rl4co.models.rl.common.base][INFO] - Generating training dataset for next epoch...
[2026-03-23 01:21:57,977][rl4co.models.rl.common.base][INFO] - Generating training dataset for next epoch...
[2026-03-23 01:27:07,435][rl4co.models.rl.common.base][INFO] - Generating training dataset for next epoch...
[2026-03-23 01:31:01,313][rl4co.models.rl.common.base][INFO] - Generating training dataset for next epoch...
[2026-03-23 01:32:09,781][rl4co.models.rl.common.base][INFO] - Generating training dataset for next epoch...
[2026-03-23 01:33:18,022][rl4co.models.rl.common.base][INFO] - Generating training dataset for next epoch...
[2026-03-23 01:34:31,820][rl4co.models.rl.common.base][INFO] - Generating training dataset for next epoch...
[2026-03-23 01:40:12,413][rl4co.models.rl.common.base][INFO] - Generating training dataset for next epoch...
[2026-03-23 01:43:02,209][rl4co.models.rl.common.base][INFO] - Generating training dataset for next epoch...
[2026-03-23 01:45:34,068][rl4co.models.rl.common.base][INFO] - Generating training dataset for next epoch...
[2026-03-23 01:46:09,606][rl4co.models.rl.common.base][INFO] - Generating training dataset for next epoch...
[2026-03-23 01:46:54,128][rl4co.models.rl.common.base][INFO] - Generating training dataset for next epoch...
[2026-03-23 01:52:24,599][rl4co.models.rl.common.base][INFO] - Generating training dataset for next epoch...
[2026-03-23 01:55:04,948][rl4co.models.rl.common.base][INFO] - Generating training dataset for next epoch...
[2026-03-23 01:58:18,922][rl4co.models.rl.common.base][INFO] - Generating training dataset for next epoch...
[2026-03-23 01:58:41,674][rl4co.models.rl.common.base][INFO] - Generating training dataset for next epoch...
[2026-03-23 01:59:29,715][rl4co.models.rl.common.base][INFO] - Generating training dataset for next epoch...
[2026-03-23 02:04:51,412][rl4co.models.rl.common.base][INFO] - Generating training dataset for next epoch...
[2026-03-23 02:07:15,102][rl4co.models.rl.common.base][INFO] - Generating training dataset for next epoch...
[2026-03-23 02:10:59,344][rl4co.models.rl.common.base][INFO] - Generating training dataset for next epoch...
[2026-03-23 02:11:12,853][rl4co.models.rl.common.base][INFO] - Generating training dataset for next epoch...
[2026-03-23 02:11:51,745][rl4co.models.rl.common.base][INFO] - Generating training dataset for next epoch...
[2026-03-23 02:17:14,906][rl4co.models.rl.common.base][INFO] - Generating training dataset for next epoch...
[2026-03-23 02:19:23,067][rl4co.models.rl.common.base][INFO] - Generating training dataset for next epoch...
[2026-03-23 02:23:18,493][rl4co.models.rl.common.base][INFO] - Generating training dataset for next epoch...
[2026-03-23 02:23:40,239][rl4co.models.rl.common.base][INFO] - Generating training dataset for next epoch...
[2026-03-23 02:24:14,880][rl4co.models.rl.common.base][INFO] - Generating training dataset for next epoch...
[2026-03-23 02:29:24,538][rl4co.models.rl.common.base][INFO] - Generating training dataset for next epoch...
[2026-03-23 02:31:31,864][rl4co.models.rl.common.base][INFO] - Generating training dataset for next epoch...
[2026-03-23 02:35:23,398][rl4co.models.rl.common.base][INFO] - Generating training dataset for next epoch...
[2026-03-23 02:36:21,430][rl4co.models.rl.common.base][INFO] - Generating training dataset for next epoch...
[2026-03-23 02:37:03,137][rl4co.models.rl.common.base][INFO] - Generating training dataset for next epoch...
[2026-03-23 02:41:27,352][rl4co.models.rl.common.base][INFO] - Generating training dataset for next epoch...
[2026-03-23 02:43:40,540][rl4co.models.rl.common.base][INFO] - Generating training dataset for next epoch...
[2026-03-23 02:47:41,463][rl4co.models.rl.common.base][INFO] - Generating training dataset for next epoch...
[2026-03-23 02:49:03,218][rl4co.models.rl.common.base][INFO] - Generating training dataset for next epoch...
[2026-03-23 02:49:19,303][rl4co.models.rl.common.base][INFO] - Generating training dataset for next epoch...
[2026-03-23 02:53:53,857][rl4co.models.rl.common.base][INFO] - Generating training dataset for next epoch...
[2026-03-23 02:55:47,915][rl4co.models.rl.common.base][INFO] - Generating training dataset for next epoch...
[2026-03-23 03:00:03,963][rl4co.models.rl.common.base][INFO] - Generating training dataset for next epoch...
[2026-03-23 03:01:43,819][rl4co.models.rl.common.base][INFO] - Generating training dataset for next epoch...
[2026-03-23 03:01:49,270][rl4co.models.rl.common.base][INFO] - Generating training dataset for next epoch...
[2026-03-23 03:06:18,695][rl4co.models.rl.common.base][INFO] - Generating training dataset for next epoch...
[2026-03-23 03:07:55,407][rl4co.models.rl.common.base][INFO] - Generating training dataset for next epoch...
[2026-03-23 03:12:18,750][rl4co.models.rl.common.base][INFO] - Generating training dataset for next epoch...
[2026-03-23 03:14:11,199][rl4co.models.rl.common.base][INFO] - Generating training dataset for next epoch...
[2026-03-23 03:14:40,013][rl4co.models.rl.common.base][INFO] - Generating training dataset for next epoch...
[2026-03-23 03:18:21,777][rl4co.models.rl.common.base][INFO] - Generating training dataset for next epoch...
[2026-03-23 03:20:04,052][rl4co.models.rl.common.base][INFO] - Generating training dataset for next epoch...
[2026-03-23 03:24:26,433][rl4co.models.rl.common.base][INFO] - Generating training dataset for next epoch...
[2026-03-23 03:26:51,581][rl4co.models.rl.common.base][INFO] - Generating training dataset for next epoch...
[2026-03-23 03:27:19,173][rl4co.models.rl.common.base][INFO] - Generating training dataset for next epoch...
[2026-03-23 03:30:27,852][rl4co.models.rl.common.base][INFO] - Generating training dataset for next epoch...
[2026-03-23 03:32:12,379][rl4co.models.rl.common.base][INFO] - Generating training dataset for next epoch...
[2026-03-23 03:36:37,845][rl4co.models.rl.common.base][INFO] - Generating training dataset for next epoch...
[2026-03-23 03:39:09,072][rl4co.models.rl.common.base][INFO] - Generating training dataset for next epoch...
[2026-03-23 03:40:18,797][rl4co.models.rl.common.base][INFO] - Generating training dataset for next epoch...
[2026-03-23 03:42:38,003][rl4co.models.rl.common.base][INFO] - Generating training dataset for next epoch...
[2026-03-23 03:44:19,839][rl4co.models.rl.common.base][INFO] - Generating training dataset for next epoch...
[2026-03-23 03:48:49,181][rl4co.models.rl.common.base][INFO] - Generating training dataset for next epoch...
[2026-03-23 03:51:56,467][rl4co.models.rl.common.base][INFO] - Generating training dataset for next epoch...
[2026-03-23 03:53:00,549][rl4co.models.rl.common.base][INFO] - Generating training dataset for next epoch...
[2026-03-23 03:54:51,019][rl4co.models.rl.common.base][INFO] - Generating training dataset for next epoch...
[2026-03-23 03:56:26,972][rl4co.models.rl.common.base][INFO] - Generating training dataset for next epoch...
[2026-03-23 04:00:56,646][rl4co.models.rl.common.base][INFO] - Generating training dataset for next epoch...
[2026-03-23 04:04:54,846][rl4co.models.rl.common.base][INFO] - Generating training dataset for next epoch...
[2026-03-23 04:06:24,576][rl4co.models.rl.common.base][INFO] - Generating training dataset for next epoch...
[2026-03-23 04:07:31,333][rl4co.models.rl.common.base][INFO] - Generating training dataset for next epoch...
[2026-03-23 04:08:38,881][rl4co.models.rl.common.base][INFO] - Generating training dataset for next epoch...
[2026-03-23 04:13:45,188][rl4co.models.rl.common.base][INFO] - Generating training dataset for next epoch...
[2026-03-23 04:17:21,668][rl4co.models.rl.common.base][INFO] - Generating training dataset for next epoch...
[2026-03-23 04:19:23,654][rl4co.models.rl.common.base][INFO] - Generating training dataset for next epoch...
[2026-03-23 04:20:22,612][rl4co.models.rl.common.base][INFO] - Generating training dataset for next epoch...
[2026-03-23 04:20:46,188][rl4co.models.rl.common.base][INFO] - Generating training dataset for next epoch...
[2026-03-23 04:26:25,668][rl4co.models.rl.common.base][INFO] - Generating training dataset for next epoch...
[2026-03-23 04:29:56,968][rl4co.models.rl.common.base][INFO] - Generating training dataset for next epoch...
[2026-03-23 04:32:23,910][rl4co.models.rl.common.base][INFO] - Generating training dataset for next epoch...
[2026-03-23 04:32:34,542][rl4co.models.rl.common.base][INFO] - Generating training dataset for next epoch...
[2026-03-23 04:32:52,128][rl4co.models.rl.common.base][INFO] - Generating training dataset for next epoch...
[2026-03-23 04:38:31,116][rl4co.models.rl.common.base][INFO] - Generating training dataset for next epoch...
[2026-03-23 04:42:21,894][rl4co.models.rl.common.base][INFO] - Generating training dataset for next epoch...
[2026-03-23 04:45:00,217][rl4co.models.rl.common.base][INFO] - Generating training dataset for next epoch...
[2026-03-23 04:45:04,300][rl4co.models.rl.common.base][INFO] - Generating training dataset for next epoch...
[2026-03-23 04:45:40,625][rl4co.models.rl.common.base][INFO] - Generating training dataset for next epoch...
[2026-03-23 04:51:47,534][rl4co.models.rl.common.base][INFO] - Generating training dataset for next epoch...
[2026-03-23 04:54:53,657][rl4co.models.rl.common.base][INFO] - Generating training dataset for next epoch...
[2026-03-23 04:57:08,790][rl4co.models.rl.common.base][INFO] - Generating training dataset for next epoch...
[2026-03-23 04:58:02,306][rl4co.models.rl.common.base][INFO] - Generating training dataset for next epoch...
[2026-03-23 04:58:27,940][rl4co.models.rl.common.base][INFO] - Generating training dataset for next epoch...
[2026-03-23 05:04:00,795][rl4co.models.rl.common.base][INFO] - Generating training dataset for next epoch...
[2026-03-23 05:07:31,628][rl4co.models.rl.common.base][INFO] - Generating training dataset for next epoch...
[2026-03-23 05:09:15,756][rl4co.models.rl.common.base][INFO] - Generating training dataset for next epoch...
[2026-03-23 05:10:02,595][rl4co.models.rl.common.base][INFO] - Generating training dataset for next epoch...
[2026-03-23 05:11:12,273][rl4co.models.rl.common.base][INFO] - Generating training dataset for next epoch...
[2026-03-23 05:16:05,847][rl4co.models.rl.common.base][INFO] - Generating training dataset for next epoch...
[2026-03-23 05:20:35,653][rl4co.models.rl.common.base][INFO] - Generating training dataset for next epoch...
[2026-03-23 05:21:24,126][rl4co.models.rl.common.base][INFO] - Generating training dataset for next epoch...
[2026-03-23 05:22:16,154][rl4co.models.rl.common.base][INFO] - Generating training dataset for next epoch...
[2026-03-23 05:24:06,072][rl4co.models.rl.common.base][INFO] - Generating training dataset for next epoch...
[2026-03-23 05:28:32,137][rl4co.models.rl.common.base][INFO] - Generating training dataset for next epoch...
[2026-03-23 05:32:57,383][rl4co.models.rl.common.base][INFO] - Generating training dataset for next epoch...
[2026-03-23 05:33:38,570][rl4co.models.rl.common.base][INFO] - Generating training dataset for next epoch...
[2026-03-23 05:34:35,159][rl4co.models.rl.common.base][INFO] - Generating training dataset for next epoch...
[2026-03-23 05:37:09,165][rl4co.models.rl.common.base][INFO] - Generating training dataset for next epoch...
[2026-03-23 05:40:35,466][rl4co.models.rl.common.base][INFO] - Generating training dataset for next epoch...
[2026-03-23 05:45:33,234][rl4co.models.rl.common.base][INFO] - Generating training dataset for next epoch...
[2026-03-23 05:45:45,036][rl4co.models.rl.common.base][INFO] - Generating training dataset for next epoch...
[2026-03-23 05:46:35,653][rl4co.models.rl.common.base][INFO] - Generating training dataset for next epoch...
[2026-03-23 05:49:52,190][rl4co.models.rl.common.base][INFO] - Generating training dataset for next epoch...
[2026-03-23 05:52:35,450][rl4co.models.rl.common.base][INFO] - Generating training dataset for next epoch...
[2026-03-23 05:57:50,835][rl4co.models.rl.common.base][INFO] - Generating training dataset for next epoch...
[2026-03-23 05:57:56,949][rl4co.models.rl.common.base][INFO] - Generating training dataset for next epoch...
[2026-03-23 05:58:46,594][rl4co.models.rl.common.base][INFO] - Generating training dataset for next epoch...
[2026-03-23 06:02:26,100][rl4co.models.rl.common.base][INFO] - Generating training dataset for next epoch...
[2026-03-23 06:05:12,278][rl4co.models.rl.common.base][INFO] - Generating training dataset for next epoch...
[2026-03-23 06:09:59,287][rl4co.models.rl.common.base][INFO] - Generating training dataset for next epoch...
[2026-03-23 06:10:23,560][rl4co.models.rl.common.base][INFO] - Generating training dataset for next epoch...
[2026-03-23 06:11:13,809][rl4co.models.rl.common.base][INFO] - Generating training dataset for next epoch...
[2026-03-23 06:15:16,100][rl4co.models.rl.common.base][INFO] - Generating training dataset for next epoch...
[2026-03-23 06:17:17,792][rl4co.models.rl.common.base][INFO] - Generating training dataset for next epoch...
[2026-03-23 06:22:08,087][rl4co.models.rl.common.base][INFO] - Generating training dataset for next epoch...
[2026-03-23 06:23:31,799][rl4co.models.rl.common.base][INFO] - Generating training dataset for next epoch...
[2026-03-23 06:23:50,765][rl4co.models.rl.common.base][INFO] - Generating training dataset for next epoch...
[2026-03-23 06:28:14,405][rl4co.models.rl.common.base][INFO] - Generating training dataset for next epoch...
[2026-03-23 06:29:51,210][rl4co.models.rl.common.base][INFO] - Generating training dataset for next epoch...
[2026-03-23 06:34:25,131][rl4co.models.rl.common.base][INFO] - Generating training dataset for next epoch...
[2026-03-23 06:35:52,916][rl4co.models.rl.common.base][INFO] - Generating training dataset for next epoch...
[2026-03-23 06:36:18,697][rl4co.models.rl.common.base][INFO] - Generating training dataset for next epoch...
[2026-03-23 06:40:49,719][rl4co.models.rl.common.base][INFO] - Generating training dataset for next epoch...
[2026-03-23 06:41:57,907][rl4co.models.rl.common.base][INFO] - Generating training dataset for next epoch...
[2026-03-23 06:46:40,365][rl4co.models.rl.common.base][INFO] - Generating training dataset for next epoch...
[2026-03-23 06:47:53,154][rl4co.models.rl.common.base][INFO] - Generating training dataset for next epoch...
[2026-03-23 06:48:52,795][rl4co.models.rl.common.base][INFO] - Generating training dataset for next epoch...
[2026-03-23 06:53:54,796][rl4co.models.rl.common.base][INFO] - Generating training dataset for next epoch...
[2026-03-23 06:53:58,979][rl4co.models.rl.common.base][INFO] - Generating training dataset for next epoch...
[2026-03-23 06:58:48,002][rl4co.models.rl.common.base][INFO] - Generating training dataset for next epoch...
[2026-03-23 06:59:59,889][rl4co.models.rl.common.base][INFO] - Generating training dataset for next epoch...
[2026-03-23 07:01:21,202][rl4co.models.rl.common.base][INFO] - Generating training dataset for next epoch...
[2026-03-23 07:06:22,965][rl4co.models.rl.common.base][INFO] - Generating training dataset for next epoch...
[2026-03-23 07:06:40,265][rl4co.models.rl.common.base][INFO] - Generating training dataset for next epoch...
[2026-03-23 07:10:54,797][rl4co.models.rl.common.base][INFO] - Generating training dataset for next epoch...
[2026-03-23 07:13:16,300][rl4co.models.rl.common.base][INFO] - Generating training dataset for next epoch...
[2026-03-23 07:13:56,045][rl4co.models.rl.common.base][INFO] - Generating training dataset for next epoch...
[2026-03-23 07:19:22,240][rl4co.models.rl.common.base][INFO] - Generating training dataset for next epoch...
[2026-03-23 07:19:29,649][rl4co.models.rl.common.base][INFO] - Generating training dataset for next epoch...
[2026-03-23 07:22:59,309][rl4co.models.rl.common.base][INFO] - Generating training dataset for next epoch...
[2026-03-23 07:25:53,442][rl4co.models.rl.common.base][INFO] - Generating training dataset for next epoch...
[2026-03-23 07:26:11,520][rl4co.models.rl.common.base][INFO] - Generating training dataset for next epoch...
[2026-03-23 07:31:59,988][rl4co.models.rl.common.base][INFO] - Generating training dataset for next epoch...
[2026-03-23 07:32:12,530][rl4co.models.rl.common.base][INFO] - Generating training dataset for next epoch...
[2026-03-23 07:35:10,131][rl4co.models.rl.common.base][INFO] - Generating training dataset for next epoch...
[2026-03-23 07:37:56,461][rl4co.models.rl.common.base][INFO] - Generating training dataset for next epoch...
[2026-03-23 07:38:40,297][rl4co.models.rl.common.base][INFO] - Generating training dataset for next epoch...
[2026-03-23 07:44:00,135][rl4co.models.rl.common.base][INFO] - Generating training dataset for next epoch...
[2026-03-23 07:44:47,591][rl4co.models.rl.common.base][INFO] - Generating training dataset for next epoch...
[2026-03-23 07:47:18,813][rl4co.models.rl.common.base][INFO] - Generating training dataset for next epoch...
[2026-03-23 07:51:06,301][rl4co.models.rl.common.base][INFO] - Generating training dataset for next epoch...
[2026-03-23 07:51:33,500][rl4co.models.rl.common.base][INFO] - Generating training dataset for next epoch...
[2026-03-23 07:57:37,747][rl4co.models.rl.common.base][INFO] - Generating training dataset for next epoch...
[2026-03-23 07:58:23,615][rl4co.models.rl.common.base][INFO] - Generating training dataset for next epoch...
[2026-03-23 07:59:24,060][rl4co.models.rl.common.base][INFO] - Generating training dataset for next epoch...
[2026-03-23 08:03:51,203][rl4co.models.rl.common.base][INFO] - Generating training dataset for next epoch...
[2026-03-23 08:04:24,759][rl4co.models.rl.common.base][INFO] - Generating training dataset for next epoch...
[2026-03-23 08:10:26,639][rl4co.models.rl.common.base][INFO] - Generating training dataset for next epoch...
[2026-03-23 08:10:39,923][rl4co.models.rl.common.base][INFO] - Generating training dataset for next epoch...
[2026-03-23 08:11:30,504][rl4co.models.rl.common.base][INFO] - Generating training dataset for next epoch...
[2026-03-23 08:16:42,572][rl4co.models.rl.common.base][INFO] - Generating training dataset for next epoch...
[2026-03-23 08:16:51,117][rl4co.models.rl.common.base][INFO] - Generating training dataset for next epoch...
[2026-03-23 08:22:43,214][rl4co.models.rl.common.base][INFO] - Generating training dataset for next epoch...
[2026-03-23 08:23:15,018][rl4co.models.rl.common.base][INFO] - Generating training dataset for next epoch...
[2026-03-23 08:23:39,126][rl4co.models.rl.common.base][INFO] - Generating training dataset for next epoch...
[2026-03-23 08:28:45,808][rl4co.models.rl.common.base][INFO] - Generating training dataset for next epoch...
[2026-03-23 08:29:31,646][rl4co.models.rl.common.base][INFO] - Generating training dataset for next epoch...
[2026-03-23 08:34:44,006][rl4co.models.rl.common.base][INFO] - Generating training dataset for next epoch...
[2026-03-23 08:35:48,332][rl4co.models.rl.common.base][INFO] - Generating training dataset for next epoch...
[2026-03-23 08:35:52,959][rl4co.models.rl.common.base][INFO] - Generating training dataset for next epoch...
[2026-03-23 08:41:04,617][rl4co.models.rl.common.base][INFO] - Generating training dataset for next epoch...
[2026-03-23 08:42:11,722][rl4co.models.rl.common.base][INFO] - Generating training dataset for next epoch...
[2026-03-23 08:47:03,984][rl4co.models.rl.common.base][INFO] - Generating training dataset for next epoch...
[2026-03-23 08:48:07,559][rl4co.models.rl.common.base][INFO] - Generating training dataset for next epoch...
[2026-03-23 08:48:42,494][rl4co.models.rl.common.base][INFO] - Generating training dataset for next epoch...
[2026-03-23 08:53:02,653][rl4co.models.rl.common.base][INFO] - Generating training dataset for next epoch...
[2026-03-23 08:54:26,231][rl4co.models.rl.common.base][INFO] - Generating training dataset for next epoch...
[2026-03-23 08:59:05,410][rl4co.models.rl.common.base][INFO] - Generating training dataset for next epoch...
[2026-03-23 09:00:16,291][rl4co.models.rl.common.base][INFO] - Generating training dataset for next epoch...
[2026-03-23 09:01:46,454][rl4co.models.rl.common.base][INFO] - Generating training dataset for next epoch...
[2026-03-23 09:05:14,951][rl4co.models.rl.common.base][INFO] - Generating training dataset for next epoch...
[2026-03-23 09:06:48,512][rl4co.models.rl.common.base][INFO] - Generating training dataset for next epoch...
[2026-03-23 09:11:15,491][rl4co.models.rl.common.base][INFO] - Generating training dataset for next epoch...
[2026-03-23 09:12:22,375][rl4co.models.rl.common.base][INFO] - Generating training dataset for next epoch...
[2026-03-23 09:14:52,305][rl4co.models.rl.common.base][INFO] - Generating training dataset for next epoch...
[2026-03-23 09:17:16,092][rl4co.models.rl.common.base][INFO] - Generating training dataset for next epoch...
[2026-03-23 09:19:39,345][rl4co.models.rl.common.base][INFO] - Generating training dataset for next epoch...
[2026-03-23 09:24:01,299][rl4co.models.rl.common.base][INFO] - Generating training dataset for next epoch...
[2026-03-23 09:24:27,647][rl4co.models.rl.common.base][INFO] - Generating training dataset for next epoch...
[2026-03-23 09:27:31,069][rl4co.models.rl.common.base][INFO] - Generating training dataset for next epoch...
[2026-03-23 09:30:50,111][rl4co.models.rl.common.base][INFO] - Generating training dataset for next epoch...
[2026-03-23 09:32:00,387][rl4co.models.rl.common.base][INFO] - Generating training dataset for next epoch...
[2026-03-23 09:36:37,817][rl4co.models.rl.common.base][INFO] - Generating training dataset for next epoch...
[2026-03-23 09:36:49,080][rl4co.models.rl.common.base][INFO] - Generating training dataset for next epoch...
[2026-03-23 09:40:12,835][rl4co.models.rl.common.base][INFO] - Generating training dataset for next epoch...
[2026-03-23 09:42:49,172][rl4co.models.rl.common.base][INFO] - Generating training dataset for next epoch...
[2026-03-23 09:44:46,916][rl4co.models.rl.common.base][INFO] - Generating training dataset for next epoch...
[2026-03-23 09:48:44,862][rl4co.models.rl.common.base][INFO] - Generating training dataset for next epoch...
[2026-03-23 09:48:47,462][rl4co.models.rl.common.base][INFO] - Generating training dataset for next epoch...
[2026-03-23 09:53:03,166][rl4co.models.rl.common.base][INFO] - Generating training dataset for next epoch...
[2026-03-23 09:54:47,937][rl4co.models.rl.common.base][INFO] - Generating training dataset for next epoch...
[2026-03-23 09:57:18,241][rl4co.models.rl.common.base][INFO] - Generating training dataset for next epoch...
[2026-03-23 10:00:57,790][rl4co.models.rl.common.base][INFO] - Generating training dataset for next epoch...
[2026-03-23 10:01:02,031][rl4co.models.rl.common.base][INFO] - Generating training dataset for next epoch...
[2026-03-23 10:05:48,587][rl4co.models.rl.common.base][INFO] - Generating training dataset for next epoch...
[2026-03-23 10:07:10,657][rl4co.models.rl.common.base][INFO] - Generating training dataset for next epoch...
[2026-03-23 10:09:45,256][rl4co.models.rl.common.base][INFO] - Generating training dataset for next epoch...
[2026-03-23 10:13:09,300][rl4co.models.rl.common.base][INFO] - Generating training dataset for next epoch...
[2026-03-23 10:13:12,063][rl4co.models.rl.common.base][INFO] - Generating training dataset for next epoch...
[2026-03-23 10:18:27,435][rl4co.models.rl.common.base][INFO] - Generating training dataset for next epoch...
[2026-03-23 10:19:41,191][rl4co.models.rl.common.base][INFO] - Generating training dataset for next epoch...
[2026-03-23 10:22:42,693][rl4co.models.rl.common.base][INFO] - Generating training dataset for next epoch...
[2026-03-23 10:25:23,400][rl4co.models.rl.common.base][INFO] - Generating training dataset for next epoch...
[2026-03-23 10:25:53,858][rl4co.tasks.train][INFO] - Starting testing!
[2026-03-23 10:25:54,041][rl4co.models.rl.common.base][INFO] - Setting up batch sizes for train/val/test
[2026-03-23 10:25:54,041][rl4co.models.rl.common.base][INFO] - Generating default datasets. If found, they will not be overwritten
[2026-03-23 10:25:54,042][rl4co.models.rl.common.base][INFO] - Setting up datasets
[2026-03-23 10:25:54,057][rl4co.envs.common.base][WARNING] - val_file not set. Generating dataset instead
[2026-03-23 10:25:54,071][rl4co.envs.common.base][WARNING] - test_file not set. Generating dataset instead
[2026-03-23 10:28:27,654][rl4co.tasks.train][INFO] - Best ckpt path: /data1/gushengda/eam-rl4co/logs/train/runs/ffsp_matnet_po_100_20260322-131652/checkpoints/epoch_147.ckpt
[2026-03-23 10:28:27,656][rl4co.utils.utils][INFO] - Output dir: /data1/gushengda/eam-rl4co/logs/train/runs/ffsp_matnet_po_100_20260322-131652
[2026-03-23 10:28:27,656][rl4co.utils.utils][INFO] - Closing loggers...
[2026-03-23 10:28:28,043][rl4co.utils.utils][INFO] - Metric name is None! Skipping metric value retrieval...
[2026-03-23 10:31:11,835][rl4co.models.rl.common.base][INFO] - Generating training dataset for next epoch...
[2026-03-23 10:35:09,591][rl4co.models.rl.common.base][INFO] - Generating training dataset for next epoch...
[2026-03-23 10:37:32,014][rl4co.models.rl.common.base][INFO] - Generating training dataset for next epoch...
[2026-03-23 10:43:51,679][rl4co.models.rl.common.base][INFO] - Generating training dataset for next epoch...
[2026-03-23 10:47:43,430][rl4co.models.rl.common.base][INFO] - Generating training dataset for next epoch...
[2026-03-23 10:49:36,867][rl4co.models.rl.common.base][INFO] - Generating training dataset for next epoch...
[2026-03-23 10:56:23,400][rl4co.models.rl.common.base][INFO] - Generating training dataset for next epoch...
[2026-03-23 11:01:05,610][rl4co.models.rl.common.base][INFO] - Generating training dataset for next epoch...
[2026-03-23 11:01:47,506][rl4co.models.rl.common.base][INFO] - Generating training dataset for next epoch...
[2026-03-23 11:09:49,469][rl4co.models.rl.common.base][INFO] - Generating training dataset for next epoch...
[2026-03-23 11:13:57,706][rl4co.models.rl.common.base][INFO] - Generating training dataset for next epoch...
[2026-03-23 11:15:53,064][rl4co.models.rl.common.base][INFO] - Generating training dataset for next epoch...
[2026-03-23 11:23:01,900][rl4co.models.rl.common.base][INFO] - Generating training dataset for next epoch...
[2026-03-23 11:26:17,408][rl4co.models.rl.common.base][INFO] - Generating training dataset for next epoch...
[2026-03-23 11:30:39,441][rl4co.models.rl.common.base][INFO] - Generating training dataset for next epoch...
[2026-03-23 11:35:41,300][rl4co.models.rl.common.base][INFO] - Generating training dataset for next epoch...
[2026-03-23 11:38:25,739][rl4co.models.rl.common.base][INFO] - Generating training dataset for next epoch...
[2026-03-23 11:44:24,094][rl4co.models.rl.common.base][INFO] - Generating training dataset for next epoch...
[2026-03-23 11:48:20,053][rl4co.models.rl.common.base][INFO] - Generating training dataset for next epoch...
[2026-03-23 11:50:34,619][rl4co.models.rl.common.base][INFO] - Generating training dataset for next epoch...
[2026-03-23 11:57:00,571][rl4co.models.rl.common.base][INFO] - Generating training dataset for next epoch...
[2026-03-23 12:01:05,903][rl4co.models.rl.common.base][INFO] - Generating training dataset for next epoch...
[2026-03-23 12:02:41,409][rl4co.models.rl.common.base][INFO] - Generating training dataset for next epoch...
[2026-03-23 12:09:35,455][rl4co.models.rl.common.base][INFO] - Generating training dataset for next epoch...
[2026-03-23 12:14:17,066][rl4co.models.rl.common.base][INFO] - Generating training dataset for next epoch...
[2026-03-23 12:14:53,098][rl4co.models.rl.common.base][INFO] - Generating training dataset for next epoch...
[2026-03-23 12:22:02,757][rl4co.models.rl.common.base][INFO] - Generating training dataset for next epoch...
[2026-03-23 12:26:58,691][rl4co.models.rl.common.base][INFO] - Generating training dataset for next epoch...
[2026-03-23 12:27:07,363][rl4co.models.rl.common.base][INFO] - Generating training dataset for next epoch...
[2026-03-23 12:34:27,103][rl4co.models.rl.common.base][INFO] - Generating training dataset for next epoch...
[2026-03-23 12:39:07,884][rl4co.models.rl.common.base][INFO] - Generating training dataset for next epoch...
[2026-03-23 12:39:59,201][rl4co.models.rl.common.base][INFO] - Generating training dataset for next epoch...
[2026-03-23 12:46:34,503][rl4co.models.rl.common.base][INFO] - Generating training dataset for next epoch...
[2026-03-23 12:51:17,686][rl4co.models.rl.common.base][INFO] - Generating training dataset for next epoch...
[2026-03-23 12:52:43,767][rl4co.models.rl.common.base][INFO] - Generating training dataset for next epoch...
[2026-03-23 12:58:48,100][rl4co.models.rl.common.base][INFO] - Generating training dataset for next epoch...
[2026-03-23 13:03:32,099][rl4co.models.rl.common.base][INFO] - Generating training dataset for next epoch...
[2026-03-23 13:05:49,507][rl4co.models.rl.common.base][INFO] - Generating training dataset for next epoch...
[2026-03-23 13:11:07,397][rl4co.models.rl.common.base][INFO] - Generating training dataset for next epoch...
[2026-03-23 13:15:46,812][rl4co.models.rl.common.base][INFO] - Generating training dataset for next epoch...
[2026-03-23 13:18:33,581][rl4co.models.rl.common.base][INFO] - Generating training dataset for next epoch...
[2026-03-23 13:23:22,806][rl4co.models.rl.common.base][INFO] - Generating training dataset for next epoch...
[2026-03-23 13:28:13,606][rl4co.models.rl.common.base][INFO] - Generating training dataset for next epoch...
[2026-03-23 13:31:04,429][rl4co.models.rl.common.base][INFO] - Generating training dataset for next epoch...
[2026-03-23 13:36:51,945][rl4co.models.rl.common.base][INFO] - Generating training dataset for next epoch...
[2026-03-23 13:40:36,304][rl4co.models.rl.common.base][INFO] - Generating training dataset for next epoch...
[2026-03-23 13:43:50,091][rl4co.models.rl.common.base][INFO] - Generating training dataset for next epoch...
[2026-03-23 13:49:06,841][rl4co.models.rl.common.base][INFO] - Generating training dataset for next epoch...
[2026-03-23 13:52:53,804][rl4co.models.rl.common.base][INFO] - Generating training dataset for next epoch...
[2026-03-23 13:56:25,560][rl4co.models.rl.common.base][INFO] - Generating training dataset for next epoch...
[2026-03-23 14:01:28,693][rl4co.models.rl.common.base][INFO] - Generating training dataset for next epoch...
[2026-03-23 14:05:08,244][rl4co.models.rl.common.base][INFO] - Generating training dataset for next epoch...
[2026-03-23 14:09:02,949][rl4co.models.rl.common.base][INFO] - Generating training dataset for next epoch...
[2026-03-23 14:13:42,067][rl4co.models.rl.common.base][INFO] - Generating training dataset for next epoch...
[2026-03-23 14:17:19,718][rl4co.models.rl.common.base][INFO] - Generating training dataset for next epoch...
[2026-03-23 14:21:40,195][rl4co.models.rl.common.base][INFO] - Generating training dataset for next epoch...
[2026-03-23 14:25:59,859][rl4co.models.rl.common.base][INFO] - Generating training dataset for next epoch...
[2026-03-23 14:29:24,396][rl4co.models.rl.common.base][INFO] - Generating training dataset for next epoch...
[2026-03-23 14:34:47,408][rl4co.models.rl.common.base][INFO] - Generating training dataset for next epoch...
[2026-03-23 14:38:22,530][rl4co.models.rl.common.base][INFO] - Generating training dataset for next epoch...
[2026-03-23 14:41:27,526][rl4co.models.rl.common.base][INFO] - Generating training dataset for next epoch...
[2026-03-23 14:47:19,110][rl4co.models.rl.common.base][INFO] - Generating training dataset for next epoch...
[2026-03-23 14:50:35,148][rl4co.models.rl.common.base][INFO] - Generating training dataset for next epoch...
[2026-03-23 14:53:26,514][rl4co.models.rl.common.base][INFO] - Generating training dataset for next epoch...
[2026-03-23 14:59:55,696][rl4co.models.rl.common.base][INFO] - Generating training dataset for next epoch...
[2026-03-23 15:02:39,293][rl4co.models.rl.common.base][INFO] - Generating training dataset for next epoch...
[2026-03-23 15:05:40,063][rl4co.models.rl.common.base][INFO] - Generating training dataset for next epoch...
[2026-03-23 15:12:36,643][rl4co.models.rl.common.base][INFO] - Generating training dataset for next epoch...
[2026-03-23 15:16:35,982][rl4co.models.rl.common.base][INFO] - Generating training dataset for next epoch...
[2026-03-23 15:17:52,434][rl4co.models.rl.common.base][INFO] - Generating training dataset for next epoch...
[2026-03-23 15:25:18,994][rl4co.models.rl.common.base][INFO] - Generating training dataset for next epoch...
[2026-03-23 15:28:51,538][rl4co.models.rl.common.base][INFO] - Generating training dataset for next epoch...
[2026-03-23 15:30:03,287][rl4co.models.rl.common.base][INFO] - Generating training dataset for next epoch...
[2026-03-23 15:37:51,474][rl4co.models.rl.common.base][INFO] - Generating training dataset for next epoch...
[2026-03-23 15:41:24,180][rl4co.models.rl.common.base][INFO] - Generating training dataset for next epoch...
[2026-03-23 15:42:06,988][rl4co.models.rl.common.base][INFO] - Generating training dataset for next epoch...
[2026-03-23 15:50:30,972][rl4co.models.rl.common.base][INFO] - Generating training dataset for next epoch...
[2026-03-23 15:53:56,808][rl4co.models.rl.common.base][INFO] - Generating training dataset for next epoch...
[2026-03-23 15:54:15,346][rl4co.models.rl.common.base][INFO] - Generating training dataset for next epoch...
[2026-03-23 16:02:45,190][rl4co.models.rl.common.base][INFO] - Generating training dataset for next epoch...
[2026-03-23 16:06:22,382][rl4co.models.rl.common.base][INFO] - Generating training dataset for next epoch...
[2026-03-23 16:06:27,382][rl4co.models.rl.common.base][INFO] - Generating training dataset for next epoch...
[2026-03-23 16:15:47,467][rl4co.models.rl.common.base][INFO] - Generating training dataset for next epoch...
[2026-03-23 16:18:23,839][rl4co.models.rl.common.base][INFO] - Generating training dataset for next epoch...
[2026-03-23 16:19:00,313][rl4co.models.rl.common.base][INFO] - Generating training dataset for next epoch...
[2026-03-23 16:28:03,948][rl4co.models.rl.common.base][INFO] - Generating training dataset for next epoch...
[2026-03-23 16:30:28,616][rl4co.models.rl.common.base][INFO] - Generating training dataset for next epoch...
[2026-03-23 16:31:34,976][rl4co.models.rl.common.base][INFO] - Generating training dataset for next epoch...
[2026-03-23 16:40:29,064][rl4co.models.rl.common.base][INFO] - Generating training dataset for next epoch...
[2026-03-23 16:42:29,156][rl4co.models.rl.common.base][INFO] - Generating training dataset for next epoch...
[2026-03-23 16:43:59,983][rl4co.models.rl.common.base][INFO] - Generating training dataset for next epoch...
[2026-03-23 16:53:04,029][rl4co.models.rl.common.base][INFO] - Generating training dataset for next epoch...
[2026-03-23 16:54:43,341][rl4co.models.rl.common.base][INFO] - Generating training dataset for next epoch...
[2026-03-23 16:56:44,615][rl4co.models.rl.common.base][INFO] - Generating training dataset for next epoch...
[2026-03-23 17:05:37,422][rl4co.models.rl.common.base][INFO] - Generating training dataset for next epoch...
[2026-03-23 17:06:45,436][rl4co.models.rl.common.base][INFO] - Generating training dataset for next epoch...
[2026-03-23 17:09:40,629][rl4co.models.rl.common.base][INFO] - Generating training dataset for next epoch...
[2026-03-23 17:18:06,671][rl4co.models.rl.common.base][INFO] - Generating training dataset for next epoch...
[2026-03-23 17:18:54,159][rl4co.models.rl.common.base][INFO] - Generating training dataset for next epoch...
[2026-03-23 17:21:43,106][rl4co.models.rl.common.base][INFO] - Generating training dataset for next epoch...
[2026-03-23 17:30:47,543][rl4co.models.rl.common.base][INFO] - Generating training dataset for next epoch...
[2026-03-23 17:31:00,428][rl4co.models.rl.common.base][INFO] - Generating training dataset for next epoch...
[2026-03-23 17:33:57,818][rl4co.models.rl.common.base][INFO] - Generating training dataset for next epoch...
[2026-03-23 17:43:00,506][rl4co.models.rl.common.base][INFO] - Generating training dataset for next epoch...
[2026-03-23 17:43:22,609][rl4co.models.rl.common.base][INFO] - Generating training dataset for next epoch...
[2026-03-23 17:47:19,942][rl4co.models.rl.common.base][INFO] - Generating training dataset for next epoch...
[2026-03-23 17:55:06,006][rl4co.models.rl.common.base][INFO] - Generating training dataset for next epoch...
[2026-03-23 17:56:01,288][rl4co.models.rl.common.base][INFO] - Generating training dataset for next epoch...
[2026-03-23 17:59:38,684][rl4co.models.rl.common.base][INFO] - Generating training dataset for next epoch...
[2026-03-23 18:07:11,252][rl4co.models.rl.common.base][INFO] - Generating training dataset for next epoch...
[2026-03-23 18:08:44,783][rl4co.models.rl.common.base][INFO] - Generating training dataset for next epoch...
[2026-03-23 18:14:15,837][rl4co.models.rl.common.base][INFO] - Generating training dataset for next epoch...
[2026-03-23 18:19:22,945][rl4co.models.rl.common.base][INFO] - Generating training dataset for next epoch...
[2026-03-23 18:21:24,593][rl4co.models.rl.common.base][INFO] - Generating training dataset for next epoch...
[2026-03-23 18:26:29,854][rl4co.models.rl.common.base][INFO] - Generating training dataset for next epoch...
[2026-03-23 18:31:31,832][rl4co.models.rl.common.base][INFO] - Generating training dataset for next epoch...
[2026-03-23 18:34:12,912][rl4co.models.rl.common.base][INFO] - Generating training dataset for next epoch...
[2026-03-23 18:38:41,450][rl4co.models.rl.common.base][INFO] - Generating training dataset for next epoch...
[2026-03-23 18:44:01,968][rl4co.models.rl.common.base][INFO] - Generating training dataset for next epoch...
[2026-03-23 18:48:01,554][rl4co.models.rl.common.base][INFO] - Generating training dataset for next epoch...
[2026-03-23 18:51:27,024][rl4co.models.rl.common.base][INFO] - Generating training dataset for next epoch...
[2026-03-23 18:56:14,956][rl4co.models.rl.common.base][INFO] - Generating training dataset for next epoch...
[2026-03-23 19:00:34,715][rl4co.models.rl.common.base][INFO] - Generating training dataset for next epoch...
[2026-03-23 19:03:52,530][rl4co.models.rl.common.base][INFO] - Generating training dataset for next epoch...
[2026-03-23 19:08:37,039][rl4co.models.rl.common.base][INFO] - Generating training dataset for next epoch...
[2026-03-23 19:13:24,833][rl4co.models.rl.common.base][INFO] - Generating training dataset for next epoch...
[2026-03-23 19:15:57,392][rl4co.models.rl.common.base][INFO] - Generating training dataset for next epoch...
[2026-03-23 19:20:48,119][rl4co.models.rl.common.base][INFO] - Generating training dataset for next epoch...
[2026-03-23 19:25:41,154][rl4co.models.rl.common.base][INFO] - Generating training dataset for next epoch...
[2026-03-23 19:28:10,463][rl4co.models.rl.common.base][INFO] - Generating training dataset for next epoch...
[2026-03-23 19:32:48,677][rl4co.models.rl.common.base][INFO] - Generating training dataset for next epoch...
[2026-03-23 19:38:17,215][rl4co.models.rl.common.base][INFO] - Generating training dataset for next epoch...
[2026-03-23 19:41:58,219][rl4co.models.rl.common.base][INFO] - Generating training dataset for next epoch...
[2026-03-23 19:44:40,726][rl4co.models.rl.common.base][INFO] - Generating training dataset for next epoch...
[2026-03-23 19:50:52,297][rl4co.models.rl.common.base][INFO] - Generating training dataset for next epoch...
[2026-03-23 19:56:42,258][rl4co.models.rl.common.base][INFO] - Generating training dataset for next epoch...
[2026-03-23 19:56:43,272][rl4co.models.rl.common.base][INFO] - Generating training dataset for next epoch...
[2026-03-23 20:03:24,855][rl4co.models.rl.common.base][INFO] - Generating training dataset for next epoch...
[2026-03-23 20:08:42,497][rl4co.models.rl.common.base][INFO] - Generating training dataset for next epoch...
[2026-03-23 20:09:06,002][rl4co.models.rl.common.base][INFO] - Generating training dataset for next epoch...
[2026-03-23 20:15:48,970][rl4co.models.rl.common.base][INFO] - Generating training dataset for next epoch...
[2026-03-23 20:20:47,664][rl4co.models.rl.common.base][INFO] - Generating training dataset for next epoch...
[2026-03-23 20:21:26,811][rl4co.models.rl.common.base][INFO] - Generating training dataset for next epoch...
[2026-03-23 20:28:05,030][rl4co.models.rl.common.base][INFO] - Generating training dataset for next epoch...
[2026-03-23 20:33:52,257][rl4co.models.rl.common.base][INFO] - Generating training dataset for next epoch...
[2026-03-23 20:34:27,156][rl4co.models.rl.common.base][INFO] - Generating training dataset for next epoch...
[2026-03-23 20:41:01,336][rl4co.models.rl.common.base][INFO] - Generating training dataset for next epoch...
[2026-03-23 20:46:03,093][rl4co.models.rl.common.base][INFO] - Generating training dataset for next epoch...
[2026-03-23 20:47:01,591][rl4co.models.rl.common.base][INFO] - Generating training dataset for next epoch...
[2026-03-23 20:53:31,850][rl4co.models.rl.common.base][INFO] - Generating training dataset for next epoch...
[2026-03-23 20:58:17,160][rl4co.tasks.train][INFO] - Starting testing!
[2026-03-23 20:58:17,188][rl4co.models.rl.common.base][INFO] - Setting up batch sizes for train/val/test
[2026-03-23 20:58:17,188][rl4co.models.rl.common.base][INFO] - Generating default datasets. If found, they will not be overwritten
[2026-03-23 20:58:17,189][rl4co.models.rl.common.base][INFO] - Setting up datasets
[2026-03-23 20:58:19,166][rl4co.envs.common.base][INFO] - Loading val dataset from /data1/gushengda/eam-rl4co/data/vrp/vrp100_val_seed4321.npz
[2026-03-23 20:58:19,270][rl4co.envs.common.base][INFO] - Loading test dataset from /data1/gushengda/eam-rl4co/data/vrp/vrp100_test_seed1234.npz
[2026-03-23 20:59:12,673][rl4co.models.rl.common.base][INFO] - Generating training dataset for next epoch...
[2026-03-23 21:00:20,642][rl4co.tasks.train][INFO] - Best ckpt path: /data1/gushengda/eam-rl4co/logs/train/runs/2026-03-22_04-34-56/checkpoints/epoch_196.ckpt
[2026-03-23 21:00:20,643][rl4co.utils.utils][INFO] - Output dir: /data1/gushengda/eam-rl4co/logs/train/runs/2026-03-22_04-34-56
[2026-03-23 21:00:20,643][rl4co.utils.utils][INFO] - Closing loggers...
[2026-03-23 21:00:20,977][rl4co.utils.utils][INFO] - Metric name is None! Skipping metric value retrieval...
[2026-03-23 21:06:04,590][rl4co.models.rl.common.base][INFO] - Generating training dataset for next epoch...
[2026-03-23 21:11:36,005][rl4co.models.rl.common.base][INFO] - Generating training dataset for next epoch...
[2026-03-23 21:18:44,865][rl4co.models.rl.common.base][INFO] - Generating training dataset for next epoch...
[2026-03-23 21:23:45,361][rl4co.models.rl.common.base][INFO] - Generating training dataset for next epoch...
[2026-03-23 21:31:26,787][rl4co.models.rl.common.base][INFO] - Generating training dataset for next epoch...
[2026-03-23 21:35:59,162][rl4co.models.rl.common.base][INFO] - Generating training dataset for next epoch...
[2026-03-23 21:43:54,036][rl4co.models.rl.common.base][INFO] - Generating training dataset for next epoch...
[2026-03-23 21:48:05,738][rl4co.models.rl.common.base][INFO] - Generating training dataset for next epoch...
[2026-03-23 21:56:00,756][rl4co.models.rl.common.base][INFO] - Generating training dataset for next epoch...
[2026-03-23 22:00:02,800][rl4co.models.rl.common.base][INFO] - Generating training dataset for next epoch...
[2026-03-23 22:08:27,681][rl4co.models.rl.common.base][INFO] - Generating training dataset for next epoch...
[2026-03-23 22:11:56,462][rl4co.models.rl.common.base][INFO] - Generating training dataset for next epoch...
[2026-03-23 22:20:42,478][rl4co.models.rl.common.base][INFO] - Generating training dataset for next epoch...
[2026-03-23 22:24:05,921][rl4co.models.rl.common.base][INFO] - Generating training dataset for next epoch...
[2026-03-23 22:32:50,683][rl4co.models.rl.common.base][INFO] - Generating training dataset for next epoch...
[2026-03-23 22:36:28,077][rl4co.models.rl.common.base][INFO] - Generating training dataset for next epoch...
[2026-03-23 22:44:56,652][rl4co.models.rl.common.base][INFO] - Generating training dataset for next epoch...
[2026-03-23 22:48:55,029][rl4co.models.rl.common.base][INFO] - Generating training dataset for next epoch...
[2026-03-23 22:57:10,037][rl4co.tasks.train][INFO] - Starting testing!
[2026-03-23 22:57:10,065][rl4co.models.rl.common.base][INFO] - Setting up batch sizes for train/val/test
[2026-03-23 22:57:10,065][rl4co.models.rl.common.base][INFO] - Generating default datasets. If found, they will not be overwritten
[2026-03-23 22:57:10,066][rl4co.models.rl.common.base][INFO] - Setting up datasets
[2026-03-23 22:57:11,595][rl4co.envs.common.base][INFO] - Loading val dataset from /data1/gushengda/eam-rl4co/data/vrp/vrp100_val_seed4321.npz
[2026-03-23 22:57:11,991][rl4co.envs.common.base][INFO] - Loading test dataset from /data1/gushengda/eam-rl4co/data/vrp/vrp100_test_seed1234.npz
[2026-03-23 22:59:11,650][rl4co.tasks.train][INFO] - Best ckpt path: /data1/gushengda/eam-rl4co/logs/train/runs/cvrp100_baseline_20260322-043941/checkpoints/epoch_199.ckpt
[2026-03-23 22:59:11,651][rl4co.utils.utils][INFO] - Output dir: /data1/gushengda/eam-rl4co/logs/train/runs/cvrp100_baseline_20260322-043941
[2026-03-23 22:59:11,651][rl4co.utils.utils][INFO] - Closing loggers...
[2026-03-23 22:59:11,987][rl4co.utils.utils][INFO] - Metric name is None! Skipping metric value retrieval...
[2026-03-23 23:01:50,802][rl4co.models.rl.common.base][INFO] - Generating training dataset for next epoch...
[2026-03-23 23:15:02,663][rl4co.models.rl.common.base][INFO] - Generating training dataset for next epoch...
[2026-03-23 23:28:22,853][rl4co.models.rl.common.base][INFO] - Generating training dataset for next epoch...
[2026-03-23 23:40:21,186][rl4co.models.rl.common.base][INFO] - Generating training dataset for next epoch...
[2026-03-23 23:52:29,154][rl4co.models.rl.common.base][INFO] - Generating training dataset for next epoch...
[2026-03-24 00:04:38,631][rl4co.tasks.train][INFO] - Starting testing!
[2026-03-24 00:04:38,660][rl4co.models.rl.common.base][INFO] - Setting up batch sizes for train/val/test
[2026-03-24 00:04:38,660][rl4co.models.rl.common.base][INFO] - Generating default datasets. If found, they will not be overwritten
[2026-03-24 00:04:38,661][rl4co.models.rl.common.base][INFO] - Setting up datasets
[2026-03-24 00:04:40,284][rl4co.envs.common.base][INFO] - Loading val dataset from /data1/gushengda/eam-rl4co/data/vrp/vrp100_val_seed4321.npz
[2026-03-24 00:04:40,385][rl4co.envs.common.base][INFO] - Loading test dataset from /data1/gushengda/eam-rl4co/data/vrp/vrp100_test_seed1234.npz
[2026-03-24 00:06:39,965][rl4co.tasks.train][INFO] - Best ckpt path: /data1/gushengda/eam-rl4co/logs/train/runs/cvrp100_baseline_20260322-062025/checkpoints/epoch_199.ckpt
[2026-03-24 00:06:39,966][rl4co.utils.utils][INFO] - Output dir: /data1/gushengda/eam-rl4co/logs/train/runs/cvrp100_baseline_20260322-062025
[2026-03-24 00:06:39,966][rl4co.utils.utils][INFO] - Closing loggers...
[2026-03-24 00:06:40,391][rl4co.utils.utils][INFO] - Metric name is None! Skipping metric value retrieval...
[2026-03-24 15:49:45,536][rl4co.utils.utils][INFO] - Printing config tree with Rich! <cfg.extras.print_config=True>
[2026-03-24 15:49:45,536][rl4co.utils.rich_utils][WARNING] - Field 'callbacks' not found in config. Skipping 'callbacks' config printing...
[2026-03-24 15:49:45,617][rl4co.tasks.train][INFO] - Instantiating environment <rl4co.envs.FFSPEnv>
[2026-03-24 15:49:45,983][rl4co.tasks.train][INFO] - Instantiating model <rl4co.models.MatNet>
[2026-03-24 15:49:46,140][rl4co.models.nn.attention][INFO] - Using default scaled_dot_product_attention for PointerAttention
[2026-03-24 15:49:46,142][rl4co.models.nn.attention][INFO] - Using default scaled_dot_product_attention for PointerAttention
[2026-03-24 15:49:46,144][rl4co.models.nn.attention][INFO] - Using default scaled_dot_product_attention for PointerAttention
[2026-03-24 15:49:46,234][rl4co.tasks.train][INFO] - Instantiating callbacks...
[2026-03-24 15:49:46,235][rl4co.utils.instantiators][WARNING] - No callback configs found! Skipping..
[2026-03-24 15:49:46,235][rl4co.tasks.train][INFO] - Instantiating loggers...
[2026-03-24 15:49:46,235][rl4co.utils.instantiators][INFO] - Instantiating logger <lightning.pytorch.loggers.csv_logs.CSVLogger>
[2026-03-24 15:49:46,237][rl4co.tasks.train][INFO] - Instantiating trainer...
[2026-03-24 15:49:46,241][rl4co.utils.trainer][WARNING] - gradient_clip_val is set to None. This may lead to unstable training.
[2026-03-24 15:49:46,254][rl4co.tasks.train][INFO] - Logging hyperparameters!
[2026-03-24 15:49:46,257][rl4co.tasks.train][INFO] - Starting training!
[2026-03-24 15:49:46,334][rl4co.models.rl.common.base][INFO] - Setting up batch sizes for train/val/test
[2026-03-24 15:49:46,334][rl4co.models.rl.common.base][INFO] - Generating default datasets. If found, they will not be overwritten
[2026-03-24 15:49:46,339][rl4co.data.generate_data][INFO] - Saving tsp dataset to data/tsp\tsp20_val_seed4321.npz
[2026-03-24 15:49:46,348][rl4co.data.generate_data][INFO] - Saving tsp dataset to data/tsp\tsp50_val_seed4321.npz
[2026-03-24 15:49:46,365][rl4co.data.generate_data][INFO] - Saving tsp dataset to data/tsp\tsp100_val_seed4321.npz
[2026-03-24 15:49:46,377][rl4co.data.generate_data][INFO] - Saving vrp dataset to data/vrp\vrp20_val_seed4321.npz
[2026-03-24 15:49:46,392][rl4co.data.generate_data][INFO] - Saving vrp dataset to data/vrp\vrp50_val_seed4321.npz
[2026-03-24 15:49:46,424][rl4co.data.generate_data][INFO] - Saving vrp dataset to data/vrp\vrp100_val_seed4321.npz
[2026-03-24 15:49:46,442][rl4co.data.generate_data][INFO] - Saving pctsp dataset to data/pctsp\pctsp20_val_seed4321.npz
[2026-03-24 15:49:46,468][rl4co.data.generate_data][INFO] - Saving pctsp dataset to data/pctsp\pctsp50_val_seed4321.npz
[2026-03-24 15:49:46,517][rl4co.data.generate_data][INFO] - Saving pctsp dataset to data/pctsp\pctsp100_val_seed4321.npz
[2026-03-24 15:49:46,539][rl4co.data.generate_data][INFO] - Saving op dataset to data/op\op_const20_val_seed4321.npz
[2026-03-24 15:49:46,552][rl4co.data.generate_data][INFO] - Saving op dataset to data/op\op_const50_val_seed4321.npz
[2026-03-24 15:49:46,573][rl4co.data.generate_data][INFO] - Saving op dataset to data/op\op_const100_val_seed4321.npz
[2026-03-24 15:49:46,588][rl4co.data.generate_data][INFO] - Saving op dataset to data/op\op_unif20_val_seed4321.npz
[2026-03-24 15:49:46,603][rl4co.data.generate_data][INFO] - Saving op dataset to data/op\op_unif50_val_seed4321.npz
[2026-03-24 15:49:46,641][rl4co.data.generate_data][INFO] - Saving op dataset to data/op\op_unif100_val_seed4321.npz
[2026-03-24 15:49:46,676][rl4co.data.generate_data][INFO] - Saving op dataset to data/op\op_dist20_val_seed4321.npz
[2026-03-24 15:49:46,711][rl4co.data.generate_data][INFO] - Saving op dataset to data/op\op_dist50_val_seed4321.npz
[2026-03-24 15:49:46,783][rl4co.data.generate_data][INFO] - Saving op dataset to data/op\op_dist100_val_seed4321.npz
[2026-03-24 15:49:46,802][rl4co.data.generate_data][INFO] - Saving pdp dataset to data/pdp\pdp20_val_seed4321.npz
[2026-03-24 15:49:46,814][rl4co.data.generate_data][INFO] - Saving pdp dataset to data/pdp\pdp50_val_seed4321.npz
[2026-03-24 15:49:46,834][rl4co.data.generate_data][INFO] - Saving pdp dataset to data/pdp\pdp100_val_seed4321.npz
[2026-03-24 15:49:47,326][rl4co.data.generate_data][INFO] - Saving atsp dataset to data/atsp\atsp20_val_seed4321.npz
[2026-03-24 15:49:53,294][rl4co.data.generate_data][INFO] - Saving atsp dataset to data/atsp\atsp50_val_seed4321.npz
[2026-03-24 15:50:35,741][rl4co.data.generate_data][INFO] - Saving atsp dataset to data/atsp\atsp100_val_seed4321.npz
[2026-03-24 15:50:36,030][rl4co.data.generate_data][INFO] - Saving tsp dataset to data/tsp\tsp20_test_seed1234.npz
[2026-03-24 15:50:36,047][rl4co.data.generate_data][INFO] - Saving tsp dataset to data/tsp\tsp50_test_seed1234.npz
[2026-03-24 15:50:36,064][rl4co.data.generate_data][INFO] - Saving tsp dataset to data/tsp\tsp100_test_seed1234.npz
[2026-03-24 15:50:36,078][rl4co.data.generate_data][INFO] - Saving vrp dataset to data/vrp\vrp20_test_seed1234.npz
[2026-03-24 15:50:36,095][rl4co.data.generate_data][INFO] - Saving vrp dataset to data/vrp\vrp50_test_seed1234.npz
[2026-03-24 15:50:36,132][rl4co.data.generate_data][INFO] - Saving vrp dataset to data/vrp\vrp100_test_seed1234.npz
[2026-03-24 15:50:36,150][rl4co.data.generate_data][INFO] - Saving pctsp dataset to data/pctsp\pctsp20_test_seed1234.npz
[2026-03-24 15:50:36,183][rl4co.data.generate_data][INFO] - Saving pctsp dataset to data/pctsp\pctsp50_test_seed1234.npz
[2026-03-24 15:50:36,235][rl4co.data.generate_data][INFO] - Saving pctsp dataset to data/pctsp\pctsp100_test_seed1234.npz
[2026-03-24 15:50:36,256][rl4co.data.generate_data][INFO] - Saving op dataset to data/op\op_const20_test_seed1234.npz
[2026-03-24 15:50:36,268][rl4co.data.generate_data][INFO] - Saving op dataset to data/op\op_const50_test_seed1234.npz
[2026-03-24 15:50:36,291][rl4co.data.generate_data][INFO] - Saving op dataset to data/op\op_const100_test_seed1234.npz
[2026-03-24 15:50:36,305][rl4co.data.generate_data][INFO] - Saving op dataset to data/op\op_unif20_test_seed1234.npz
[2026-03-24 15:50:36,319][rl4co.data.generate_data][INFO] - Saving op dataset to data/op\op_unif50_test_seed1234.npz
[2026-03-24 15:50:36,347][rl4co.data.generate_data][INFO] - Saving op dataset to data/op\op_unif100_test_seed1234.npz
[2026-03-24 15:50:36,367][rl4co.data.generate_data][INFO] - Saving op dataset to data/op\op_dist20_test_seed1234.npz
[2026-03-24 15:50:36,393][rl4co.data.generate_data][INFO] - Saving op dataset to data/op\op_dist50_test_seed1234.npz
[2026-03-24 15:50:36,439][rl4co.data.generate_data][INFO] - Saving op dataset to data/op\op_dist100_test_seed1234.npz
[2026-03-24 15:50:36,461][rl4co.data.generate_data][INFO] - Saving pdp dataset to data/pdp\pdp20_test_seed1234.npz
[2026-03-24 15:50:36,469][rl4co.data.generate_data][INFO] - Saving pdp dataset to data/pdp\pdp50_test_seed1234.npz
[2026-03-24 15:50:36,488][rl4co.data.generate_data][INFO] - Saving pdp dataset to data/pdp\pdp100_test_seed1234.npz
[2026-03-24 15:50:36,930][rl4co.data.generate_data][INFO] - Saving atsp dataset to data/atsp\atsp20_test_seed1234.npz
[2026-03-24 15:50:42,560][rl4co.data.generate_data][INFO] - Saving atsp dataset to data/atsp\atsp50_test_seed1234.npz
[2026-03-24 15:51:25,365][rl4co.data.generate_data][INFO] - Saving atsp dataset to data/atsp\atsp100_test_seed1234.npz
[2026-03-24 15:51:25,678][rl4co.models.rl.common.base][INFO] - Setting up datasets
[2026-03-24 15:51:25,678][rl4co.envs.common.base][WARNING] - val_file not set. Generating dataset instead
[2026-03-24 15:51:25,686][rl4co.envs.common.base][WARNING] - test_file not set. Generating dataset instead
[2026-03-24 15:51:25,693][rl4co.models.rl.common.base][INFO] - Instantiating optimizer <Adam>
[2026-03-24 15:51:25,694][rl4co.models.rl.common.base][INFO] - Instantiating LR scheduler <MultiStepLR>
[2026-03-24 15:51:59,631][rl4co.tasks.train][INFO] - Starting testing!
[2026-03-24 15:51:59,631][rl4co.tasks.train][WARNING] - Best ckpt not found! Using current weights for testing...
[2026-03-24 15:51:59,739][rl4co.models.rl.common.base][INFO] - Setting up batch sizes for train/val/test
[2026-03-24 15:51:59,739][rl4co.models.rl.common.base][INFO] - Generating default datasets. If found, they will not be overwritten
[2026-03-24 15:51:59,754][rl4co.models.rl.common.base][INFO] - Setting up datasets
[2026-03-24 15:51:59,754][rl4co.envs.common.base][WARNING] - val_file not set. Generating dataset instead
[2026-03-24 15:51:59,756][rl4co.envs.common.base][WARNING] - test_file not set. Generating dataset instead
[2026-03-24 15:52:02,506][rl4co.tasks.train][INFO] - Best ckpt path: None
[2026-03-24 15:52:02,507][rl4co.utils.utils][INFO] - Output dir: E:\CAS\preference finder\pre-finder\logs\train\runs\2026-03-24_15-49-45
[2026-03-24 15:52:02,507][rl4co.utils.utils][INFO] - Closing loggers...
[2026-03-24 15:52:03,586][rl4co.utils.utils][INFO] - Metric name is None! Skipping metric value retrieval...
[2026-03-24 08:30:54,699][rl4co.utils.utils][INFO] - Enforcing tags! <cfg.extras.enforce_tags=True>
[2026-03-24 08:30:54,705][rl4co.utils.utils][INFO] - Printing config tree with Rich! <cfg.extras.print_config=True>
[2026-03-24 08:30:54,747][rl4co.tasks.train][INFO] - Instantiating environment <rl4co.envs.CVRPEnv>
[2026-03-24 08:30:58,769][rl4co.tasks.train][INFO] - Instantiating model <rl4co.models.POMO>
[2026-03-24 08:30:59,237][rl4co.data.transforms][INFO] - Features not passed, defaulting to 'locs'
[2026-03-24 08:30:59,250][rl4co.tasks.train][INFO] - Instantiating callbacks...
[2026-03-24 08:30:59,250][rl4co.utils.instantiators][INFO] - Instantiating callback <lightning.pytorch.callbacks.ModelCheckpoint>
[2026-03-24 08:30:59,253][rl4co.utils.instantiators][INFO] - Instantiating callback <lightning.pytorch.callbacks.RichModelSummary>
[2026-03-24 08:30:59,254][rl4co.utils.instantiators][INFO] - Instantiating callback <rl4co.utils.callbacks.speed_monitor.SpeedMonitor>
[2026-03-24 08:30:59,254][rl4co.utils.instantiators][INFO] - Instantiating callback <lightning.pytorch.callbacks.LearningRateMonitor>
[2026-03-24 08:30:59,255][rl4co.tasks.train][INFO] - Instantiating loggers...
[2026-03-24 08:30:59,255][rl4co.utils.instantiators][INFO] - Instantiating logger <lightning.pytorch.loggers.csv_logs.CSVLogger>
[2026-03-24 08:30:59,256][rl4co.tasks.train][INFO] - Instantiating trainer...
[2026-03-24 08:30:59,259][rl4co.utils.trainer][WARNING] - gradient_clip_val is set to None. This may lead to unstable training.
[2026-03-24 08:30:59,267][rl4co.tasks.train][INFO] - Logging hyperparameters!
[2026-03-24 08:30:59,269][rl4co.tasks.train][INFO] - Starting training!
[2026-03-24 08:30:59,290][rl4co.models.rl.common.base][INFO] - Setting up batch sizes for train/val/test
[2026-03-24 08:30:59,290][rl4co.models.rl.common.base][INFO] - Generating default datasets. If found, they will not be overwritten
[2026-03-24 08:30:59,291][rl4co.models.rl.common.base][INFO] - Setting up datasets
[2026-03-24 08:31:01,074][rl4co.envs.common.base][INFO] - Loading val dataset from /data1/gushengda/eam-rl4co/data/vrp/vrp50_val_seed4321.npz
[2026-03-24 08:31:01,175][rl4co.envs.common.base][INFO] - Loading test dataset from /data1/gushengda/eam-rl4co/data/vrp/vrp50_test_seed1234.npz
[2026-03-24 08:31:02,810][rl4co.models.rl.common.base][INFO] - Instantiating optimizer <Adam>
[2026-03-24 08:31:02,811][rl4co.models.rl.common.base][INFO] - Instantiating LR scheduler <MultiStepLR>
[2026-03-24 08:31:32,409][rl4co.utils.utils][INFO] - Enforcing tags! <cfg.extras.enforce_tags=True>
[2026-03-24 08:31:32,414][rl4co.utils.utils][INFO] - Printing config tree with Rich! <cfg.extras.print_config=True>
[2026-03-24 08:31:32,452][rl4co.tasks.train][INFO] - Instantiating environment <rl4co.envs.CVRPEnv>
[2026-03-24 08:31:36,872][rl4co.tasks.train][INFO] - Instantiating model <rl4co.models.POMO>
[2026-03-24 08:31:37,201][rl4co.data.transforms][INFO] - Features not passed, defaulting to 'locs'
[2026-03-24 08:31:37,202][rl4co.tasks.train][INFO] - Instantiating callbacks...
[2026-03-24 08:31:37,202][rl4co.utils.instantiators][INFO] - Instantiating callback <lightning.pytorch.callbacks.ModelCheckpoint>
[2026-03-24 08:31:37,205][rl4co.utils.instantiators][INFO] - Instantiating callback <lightning.pytorch.callbacks.RichModelSummary>
[2026-03-24 08:31:37,205][rl4co.utils.instantiators][INFO] - Instantiating callback <rl4co.utils.callbacks.speed_monitor.SpeedMonitor>
[2026-03-24 08:31:37,206][rl4co.tasks.train][INFO] - Instantiating loggers...
[2026-03-24 08:31:37,206][rl4co.utils.instantiators][INFO] - Instantiating logger <lightning.pytorch.loggers.csv_logs.CSVLogger>
[2026-03-24 08:31:37,208][rl4co.tasks.train][INFO] - Instantiating trainer...
[2026-03-24 08:31:37,211][rl4co.utils.trainer][WARNING] - gradient_clip_val is set to None. This may lead to unstable training.
[2026-03-24 08:31:37,220][rl4co.tasks.train][INFO] - Logging hyperparameters!
[2026-03-24 08:31:37,221][rl4co.tasks.train][INFO] - Starting training!
[2026-03-24 08:31:37,242][rl4co.models.rl.common.base][INFO] - Setting up batch sizes for train/val/test
[2026-03-24 08:31:37,242][rl4co.models.rl.common.base][INFO] - Generating default datasets. If found, they will not be overwritten
[2026-03-24 08:31:37,242][rl4co.models.rl.common.base][INFO] - Setting up datasets
[2026-03-24 08:31:38,984][rl4co.envs.common.base][INFO] - Loading val dataset from /data1/gushengda/eam-rl4co/data/vrp/vrp50_val_seed4321.npz
[2026-03-24 08:31:39,076][rl4co.envs.common.base][INFO] - Loading test dataset from /data1/gushengda/eam-rl4co/data/vrp/vrp50_test_seed1234.npz
[2026-03-24 08:31:40,581][rl4co.models.rl.common.base][INFO] - Instantiating optimizer <Adam>
[2026-03-24 08:31:40,581][rl4co.models.rl.common.base][INFO] - Instantiating LR scheduler <MultiStepLR>
[2026-03-24 08:36:52,980][rl4co.models.rl.common.base][INFO] - Generating training dataset for next epoch...
[2026-03-24 08:42:43,010][rl4co.models.rl.common.base][INFO] - Generating training dataset for next epoch...
[2026-03-24 08:43:06,588][rl4co.models.rl.common.base][INFO] - Generating training dataset for next epoch...
[2026-03-24 08:48:31,180][rl4co.models.rl.common.base][INFO] - Generating training dataset for next epoch...
[2026-03-24 08:54:14,052][rl4co.models.rl.common.base][INFO] - Generating training dataset for next epoch...
[2026-03-24 08:54:17,137][rl4co.models.rl.common.base][INFO] - Generating training dataset for next epoch...
[2026-03-24 08:59:59,997][rl4co.models.rl.common.base][INFO] - Generating training dataset for next epoch...
[2026-03-24 09:03:41,296][rl4co.utils.utils][INFO] - Enforcing tags! <cfg.extras.enforce_tags=True>
[2026-03-24 09:03:41,300][rl4co.utils.utils][INFO] - Printing config tree with Rich! <cfg.extras.print_config=True>
[2026-03-24 09:03:41,338][rl4co.tasks.train][INFO] - Instantiating environment <rl4co.envs.FJSPEnv>
[2026-03-24 09:03:45,204][rl4co.tasks.train][INFO] - Instantiating model <rl4co.models.zoo.bopo_fjsp.model.BOPOFJSPModel>
[2026-03-24 09:03:45,468][rl4co.models.zoo.bopo_fjsp.model][WARNING] - Ignoring unused BOPOFJSPModel kwargs: ['baseline']
[2026-03-24 09:03:45,518][rl4co.tasks.train][INFO] - Instantiating callbacks...
[2026-03-24 09:03:45,519][rl4co.utils.instantiators][INFO] - Instantiating callback <lightning.pytorch.callbacks.ModelCheckpoint>
[2026-03-24 09:03:45,521][rl4co.utils.instantiators][INFO] - Instantiating callback <lightning.pytorch.callbacks.RichModelSummary>
[2026-03-24 09:03:45,521][rl4co.utils.instantiators][INFO] - Instantiating callback <rl4co.utils.callbacks.speed_monitor.SpeedMonitor>
[2026-03-24 09:03:45,522][rl4co.tasks.train][INFO] - Instantiating loggers...
[2026-03-24 09:03:45,522][rl4co.utils.instantiators][INFO] - Instantiating logger <lightning.pytorch.loggers.csv_logs.CSVLogger>
[2026-03-24 09:03:45,524][rl4co.tasks.train][INFO] - Instantiating trainer...
[2026-03-24 09:03:45,526][rl4co.utils.trainer][WARNING] - gradient_clip_val is set to None. This may lead to unstable training.
[2026-03-24 09:03:45,534][rl4co.tasks.train][INFO] - Logging hyperparameters!
[2026-03-24 09:03:45,535][rl4co.tasks.train][INFO] - Starting training!
[2026-03-24 09:05:08,541][rl4co.utils.utils][INFO] - Enforcing tags! <cfg.extras.enforce_tags=True>
[2026-03-24 09:05:08,546][rl4co.utils.utils][INFO] - Printing config tree with Rich! <cfg.extras.print_config=True>
[2026-03-24 09:05:08,583][rl4co.tasks.train][INFO] - Instantiating environment <rl4co.envs.FFSPEnv>
[2026-03-24 09:05:12,772][rl4co.tasks.train][INFO] - Instantiating model <rl4co.models.MatNet>
[2026-03-24 09:05:13,148][rl4co.models.nn.attention][INFO] - Using default scaled_dot_product_attention for PointerAttention
[2026-03-24 09:05:13,152][rl4co.models.nn.attention][INFO] - Using default scaled_dot_product_attention for PointerAttention
[2026-03-24 09:05:13,156][rl4co.models.nn.attention][INFO] - Using default scaled_dot_product_attention for PointerAttention
[2026-03-24 09:05:13,300][rl4co.tasks.train][INFO] - Instantiating callbacks...
[2026-03-24 09:05:13,301][rl4co.utils.instantiators][INFO] - Instantiating callback <lightning.pytorch.callbacks.ModelCheckpoint>
[2026-03-24 09:05:13,304][rl4co.utils.instantiators][INFO] - Instantiating callback <lightning.pytorch.callbacks.RichModelSummary>
[2026-03-24 09:05:13,304][rl4co.utils.instantiators][INFO] - Instantiating callback <rl4co.utils.callbacks.speed_monitor.SpeedMonitor>
[2026-03-24 09:05:13,305][rl4co.tasks.train][INFO] - Instantiating loggers...
[2026-03-24 09:05:13,305][rl4co.utils.instantiators][INFO] - Instantiating logger <lightning.pytorch.loggers.csv_logs.CSVLogger>
[2026-03-24 09:05:13,307][rl4co.tasks.train][INFO] - Instantiating trainer...
[2026-03-24 09:05:13,310][rl4co.utils.trainer][WARNING] - gradient_clip_val is set to None. This may lead to unstable training.
[2026-03-24 09:05:13,318][rl4co.tasks.train][INFO] - Logging hyperparameters!
[2026-03-24 09:05:13,321][rl4co.tasks.train][INFO] - Starting training!
[2026-03-24 09:05:13,387][rl4co.models.rl.common.base][INFO] - Setting up batch sizes for train/val/test
[2026-03-24 09:05:13,387][rl4co.models.rl.common.base][INFO] - Generating default datasets. If found, they will not be overwritten
[2026-03-24 09:05:13,388][rl4co.models.rl.common.base][INFO] - Setting up datasets
[2026-03-24 09:05:13,403][rl4co.envs.common.base][WARNING] - val_file not set. Generating dataset instead
[2026-03-24 09:05:13,418][rl4co.envs.common.base][WARNING] - test_file not set. Generating dataset instead
[2026-03-24 09:05:14,942][rl4co.models.rl.common.base][INFO] - Instantiating optimizer <Adam>
[2026-03-24 09:05:14,944][rl4co.models.rl.common.base][INFO] - Instantiating LR scheduler <MultiStepLR>
[2026-03-24 09:05:30,659][rl4co.models.rl.common.base][INFO] - Generating training dataset for next epoch...
[2026-03-24 09:05:41,294][rl4co.models.rl.common.base][INFO] - Generating training dataset for next epoch...
[2026-03-24 09:05:52,979][rl4co.utils.utils][ERROR] - 
Traceback (most recent call last):
  File "/data1/gushengda/eam-rl4co/rl4co/utils/utils.py", line 41, in wrap
    metric_dict, object_dict = task_func(cfg=cfg)
                               ^^^^^^^^^^^^^^^^^^
  File "/data1/gushengda/eam-rl4co/rl4co/tasks/train.py", line 77, in run
    trainer.fit(model=model, ckpt_path=cfg.get("ckpt_path"))
  File "/data1/gushengda/eam-rl4co/rl4co/utils/trainer.py", line 146, in fit
    super().fit(
  File "/data1/gushengda/anaconda3/envs/rlco1/lib/python3.11/site-packages/lightning/pytorch/trainer/trainer.py", line 539, in fit
    call._call_and_handle_interrupt(
  File "/data1/gushengda/anaconda3/envs/rlco1/lib/python3.11/site-packages/lightning/pytorch/trainer/call.py", line 47, in _call_and_handle_interrupt
    return trainer_fn(*args, **kwargs)
           ^^^^^^^^^^^^^^^^^^^^^^^^^^^
  File "/data1/gushengda/anaconda3/envs/rlco1/lib/python3.11/site-packages/lightning/pytorch/trainer/trainer.py", line 575, in _fit_impl
    self._run(model, ckpt_path=ckpt_path)
  File "/data1/gushengda/anaconda3/envs/rlco1/lib/python3.11/site-packages/lightning/pytorch/trainer/trainer.py", line 982, in _run
    results = self._run_stage()
              ^^^^^^^^^^^^^^^^^
  File "/data1/gushengda/anaconda3/envs/rlco1/lib/python3.11/site-packages/lightning/pytorch/trainer/trainer.py", line 1026, in _run_stage
    self.fit_loop.run()
  File "/data1/gushengda/anaconda3/envs/rlco1/lib/python3.11/site-packages/lightning/pytorch/loops/fit_loop.py", line 216, in run
    self.advance()
  File "/data1/gushengda/anaconda3/envs/rlco1/lib/python3.11/site-packages/lightning/pytorch/loops/fit_loop.py", line 455, in advance
    self.epoch_loop.run(self._data_fetcher)
  File "/data1/gushengda/anaconda3/envs/rlco1/lib/python3.11/site-packages/lightning/pytorch/loops/training_epoch_loop.py", line 150, in run
    self.advance(data_fetcher)
  File "/data1/gushengda/anaconda3/envs/rlco1/lib/python3.11/site-packages/lightning/pytorch/loops/training_epoch_loop.py", line 320, in advance
    batch_output = self.automatic_optimization.run(trainer.optimizers[0], batch_idx, kwargs)
                   ^^^^^^^^^^^^^^^^^^^^^^^^^^^^^^^^^^^^^^^^^^^^^^^^^^^^^^^^^^^^^^^^^^^^^^^^^
  File "/data1/gushengda/anaconda3/envs/rlco1/lib/python3.11/site-packages/lightning/pytorch/loops/optimization/automatic.py", line 192, in run
    self._optimizer_step(batch_idx, closure)
  File "/data1/gushengda/anaconda3/envs/rlco1/lib/python3.11/site-packages/lightning/pytorch/loops/optimization/automatic.py", line 270, in _optimizer_step
    call._call_lightning_module_hook(
  File "/data1/gushengda/anaconda3/envs/rlco1/lib/python3.11/site-packages/lightning/pytorch/trainer/call.py", line 171, in _call_lightning_module_hook
    output = fn(*args, **kwargs)
             ^^^^^^^^^^^^^^^^^^^
  File "/data1/gushengda/anaconda3/envs/rlco1/lib/python3.11/site-packages/lightning/pytorch/core/module.py", line 1302, in optimizer_step
    optimizer.step(closure=optimizer_closure)
  File "/data1/gushengda/anaconda3/envs/rlco1/lib/python3.11/site-packages/lightning/pytorch/core/optimizer.py", line 154, in step
    step_output = self._strategy.optimizer_step(self._optimizer, closure, **kwargs)
                  ^^^^^^^^^^^^^^^^^^^^^^^^^^^^^^^^^^^^^^^^^^^^^^^^^^^^^^^^^^^^^^^^^
  File "/data1/gushengda/anaconda3/envs/rlco1/lib/python3.11/site-packages/lightning/pytorch/strategies/strategy.py", line 239, in optimizer_step
    return self.precision_plugin.optimizer_step(optimizer, model=model, closure=closure, **kwargs)
           ^^^^^^^^^^^^^^^^^^^^^^^^^^^^^^^^^^^^^^^^^^^^^^^^^^^^^^^^^^^^^^^^^^^^^^^^^^^^^^^^^^^^^^^
  File "/data1/gushengda/anaconda3/envs/rlco1/lib/python3.11/site-packages/lightning/pytorch/plugins/precision/precision.py", line 123, in optimizer_step
    return optimizer.step(closure=closure, **kwargs)
           ^^^^^^^^^^^^^^^^^^^^^^^^^^^^^^^^^^^^^^^^^
  File "/data1/gushengda/anaconda3/envs/rlco1/lib/python3.11/site-packages/torch/optim/lr_scheduler.py", line 137, in wrapper
    return func.__get__(opt, opt.__class__)(*args, **kwargs)
           ^^^^^^^^^^^^^^^^^^^^^^^^^^^^^^^^^^^^^^^^^^^^^^^^^
  File "/data1/gushengda/anaconda3/envs/rlco1/lib/python3.11/site-packages/torch/optim/optimizer.py", line 487, in wrapper
    out = func(*args, **kwargs)
          ^^^^^^^^^^^^^^^^^^^^^
  File "/data1/gushengda/anaconda3/envs/rlco1/lib/python3.11/site-packages/torch/optim/optimizer.py", line 91, in _use_grad
    ret = func(self, *args, **kwargs)
          ^^^^^^^^^^^^^^^^^^^^^^^^^^^
  File "/data1/gushengda/anaconda3/envs/rlco1/lib/python3.11/site-packages/torch/optim/adam.py", line 202, in step
    loss = closure()
           ^^^^^^^^^
  File "/data1/gushengda/anaconda3/envs/rlco1/lib/python3.11/site-packages/lightning/pytorch/plugins/precision/precision.py", line 109, in _wrap_closure
    closure_result = closure()
                     ^^^^^^^^^
  File "/data1/gushengda/anaconda3/envs/rlco1/lib/python3.11/site-packages/lightning/pytorch/loops/optimization/automatic.py", line 146, in __call__
    self._result = self.closure(*args, **kwargs)
                   ^^^^^^^^^^^^^^^^^^^^^^^^^^^^^
  File "/data1/gushengda/anaconda3/envs/rlco1/lib/python3.11/site-packages/torch/utils/_contextlib.py", line 116, in decorate_context
    return func(*args, **kwargs)
           ^^^^^^^^^^^^^^^^^^^^^
  File "/data1/gushengda/anaconda3/envs/rlco1/lib/python3.11/site-packages/lightning/pytorch/loops/optimization/automatic.py", line 131, in closure
    step_output = self._step_fn()
                  ^^^^^^^^^^^^^^^
  File "/data1/gushengda/anaconda3/envs/rlco1/lib/python3.11/site-packages/lightning/pytorch/loops/optimization/automatic.py", line 319, in _training_step
    training_step_output = call._call_strategy_hook(trainer, "training_step", *kwargs.values())
                           ^^^^^^^^^^^^^^^^^^^^^^^^^^^^^^^^^^^^^^^^^^^^^^^^^^^^^^^^^^^^^^^^^^^^
  File "/data1/gushengda/anaconda3/envs/rlco1/lib/python3.11/site-packages/lightning/pytorch/trainer/call.py", line 323, in _call_strategy_hook
    output = fn(*args, **kwargs)
             ^^^^^^^^^^^^^^^^^^^
  File "/data1/gushengda/anaconda3/envs/rlco1/lib/python3.11/site-packages/lightning/pytorch/strategies/strategy.py", line 391, in training_step
    return self.lightning_module.training_step(*args, **kwargs)
           ^^^^^^^^^^^^^^^^^^^^^^^^^^^^^^^^^^^^^^^^^^^^^^^^^^^^
  File "/data1/gushengda/eam-rl4co/rl4co/models/rl/common/base.py", line 258, in training_step
    return self.shared_step(batch, batch_idx, phase="train")
           ^^^^^^^^^^^^^^^^^^^^^^^^^^^^^^^^^^^^^^^^^^^^^^^^^
  File "/data1/gushengda/eam-rl4co/rl4co/models/zoo/pomo/model.py", line 214, in shared_step
    out = self.policy(td, self.env, **policy_kwargs)
          ^^^^^^^^^^^^^^^^^^^^^^^^^^^^^^^^^^^^^^^^^^
  File "/data1/gushengda/anaconda3/envs/rlco1/lib/python3.11/site-packages/torch/nn/modules/module.py", line 1736, in _wrapped_call_impl
    return self._call_impl(*args, **kwargs)
           ^^^^^^^^^^^^^^^^^^^^^^^^^^^^^^^^
  File "/data1/gushengda/anaconda3/envs/rlco1/lib/python3.11/site-packages/torch/nn/modules/module.py", line 1747, in _call_impl
    return forward_call(*args, **kwargs)
           ^^^^^^^^^^^^^^^^^^^^^^^^^^^^^
  File "/data1/gushengda/eam-rl4co/rl4co/models/zoo/matnet/policy.py", line 185, in forward
    action, logp = decoder(td, decode_type, num_starts, **decoder_kwargs)
                   ^^^^^^^^^^^^^^^^^^^^^^^^^^^^^^^^^^^^^^^^^^^^^^^^^^^^^^
  File "/data1/gushengda/anaconda3/envs/rlco1/lib/python3.11/site-packages/torch/nn/modules/module.py", line 1736, in _wrapped_call_impl
    return self._call_impl(*args, **kwargs)
           ^^^^^^^^^^^^^^^^^^^^^^^^^^^^^^^^
  File "/data1/gushengda/anaconda3/envs/rlco1/lib/python3.11/site-packages/torch/nn/modules/module.py", line 1747, in _call_impl
    return forward_call(*args, **kwargs)
           ^^^^^^^^^^^^^^^^^^^^^^^^^^^^^
  File "/data1/gushengda/eam-rl4co/rl4co/models/zoo/matnet/decoder.py", line 147, in forward
    logits, mask = super().forward(td, self.cached_embs, num_starts)
                   ^^^^^^^^^^^^^^^^^^^^^^^^^^^^^^^^^^^^^^^^^^^^^^^^^
  File "/data1/gushengda/eam-rl4co/rl4co/models/zoo/am/decoder.py", line 187, in forward
    glimpse_k, glimpse_v, logit_k = self._compute_kvl(cached, td)
                                    ^^^^^^^^^^^^^^^^^^^^^^^^^^^^^
  File "/data1/gushengda/eam-rl4co/rl4co/models/zoo/am/decoder.py", line 156, in _compute_kvl
    glimpse_v = glimpse_v_stat + glimpse_v_dyn
                ~~~~~~~~~~~~~~~^~~~~~~~~~~~~~~
torch.OutOfMemoryError: CUDA out of memory. Tried to allocate 20.00 MiB. GPU 0 has a total capacity of 23.69 GiB of which 16.94 MiB is free. Including non-PyTorch memory, this process has 23.67 GiB memory in use. Of the allocated memory 22.38 GiB is allocated by PyTorch, and 55.88 MiB is reserved by PyTorch but unallocated. If reserved but unallocated memory is large try setting PYTORCH_CUDA_ALLOC_CONF=expandable_segments:True to avoid fragmentation.  See documentation for Memory Management  (https://pytorch.org/docs/stable/notes/cuda.html#environment-variables)
[2026-03-24 09:05:52,985][rl4co.utils.utils][INFO] - Output dir: /data1/gushengda/eam-rl4co/logs/train/runs/ffsp_matnet_po_100_20260324-090505
[2026-03-24 09:05:52,985][rl4co.utils.utils][INFO] - Closing loggers...
[2026-03-24 09:11:25,373][rl4co.models.rl.common.base][INFO] - Generating training dataset for next epoch...
[2026-03-24 09:12:26,510][rl4co.utils.utils][INFO] - Enforcing tags! <cfg.extras.enforce_tags=True>
[2026-03-24 09:12:26,515][rl4co.utils.utils][INFO] - Printing config tree with Rich! <cfg.extras.print_config=True>
[2026-03-24 09:12:26,552][rl4co.tasks.train][INFO] - Instantiating environment <rl4co.envs.FFSPEnv>
[2026-03-24 09:12:30,466][rl4co.tasks.train][INFO] - Instantiating model <rl4co.models.MatNet>
[2026-03-24 09:12:30,799][rl4co.models.nn.attention][INFO] - Using default scaled_dot_product_attention for PointerAttention
[2026-03-24 09:12:30,802][rl4co.models.nn.attention][INFO] - Using default scaled_dot_product_attention for PointerAttention
[2026-03-24 09:12:30,805][rl4co.models.nn.attention][INFO] - Using default scaled_dot_product_attention for PointerAttention
[2026-03-24 09:12:30,939][rl4co.tasks.train][INFO] - Instantiating callbacks...
[2026-03-24 09:12:30,939][rl4co.utils.instantiators][INFO] - Instantiating callback <lightning.pytorch.callbacks.ModelCheckpoint>
[2026-03-24 09:12:30,942][rl4co.utils.instantiators][INFO] - Instantiating callback <lightning.pytorch.callbacks.RichModelSummary>
[2026-03-24 09:12:30,943][rl4co.utils.instantiators][INFO] - Instantiating callback <rl4co.utils.callbacks.speed_monitor.SpeedMonitor>
[2026-03-24 09:12:30,944][rl4co.tasks.train][INFO] - Instantiating loggers...
[2026-03-24 09:12:30,944][rl4co.utils.instantiators][INFO] - Instantiating logger <lightning.pytorch.loggers.csv_logs.CSVLogger>
[2026-03-24 09:12:30,945][rl4co.tasks.train][INFO] - Instantiating trainer...
[2026-03-24 09:12:30,948][rl4co.utils.trainer][WARNING] - gradient_clip_val is set to None. This may lead to unstable training.
[2026-03-24 09:12:30,956][rl4co.tasks.train][INFO] - Logging hyperparameters!
[2026-03-24 09:12:30,959][rl4co.tasks.train][INFO] - Starting training!
[2026-03-24 09:12:31,021][rl4co.models.rl.common.base][INFO] - Setting up batch sizes for train/val/test
[2026-03-24 09:12:31,021][rl4co.models.rl.common.base][INFO] - Generating default datasets. If found, they will not be overwritten
[2026-03-24 09:12:31,022][rl4co.models.rl.common.base][INFO] - Setting up datasets
[2026-03-24 09:12:31,037][rl4co.envs.common.base][WARNING] - val_file not set. Generating dataset instead
[2026-03-24 09:12:31,052][rl4co.envs.common.base][WARNING] - test_file not set. Generating dataset instead
[2026-03-24 09:12:32,710][rl4co.models.rl.common.base][INFO] - Instantiating optimizer <Adam>
[2026-03-24 09:12:32,711][rl4co.models.rl.common.base][INFO] - Instantiating LR scheduler <MultiStepLR>
[2026-03-24 09:17:13,746][rl4co.models.rl.common.base][INFO] - Generating training dataset for next epoch...
[2026-03-24 09:17:31,862][rl4co.models.rl.common.base][INFO] - Generating training dataset for next epoch...
[2026-03-24 09:19:13,893][rl4co.models.rl.common.base][INFO] - Generating training dataset for next epoch...
[2026-03-24 09:23:04,399][rl4co.models.rl.common.base][INFO] - Generating training dataset for next epoch...
[2026-03-24 09:25:34,733][rl4co.models.rl.common.base][INFO] - Generating training dataset for next epoch...
[2026-03-24 09:28:54,397][rl4co.models.rl.common.base][INFO] - Generating training dataset for next epoch...
[2026-03-24 09:30:00,333][rl4co.models.rl.common.base][INFO] - Generating training dataset for next epoch...
[2026-03-24 09:32:01,732][rl4co.models.rl.common.base][INFO] - Generating training dataset for next epoch...
[2026-03-24 09:34:43,054][rl4co.models.rl.common.base][INFO] - Generating training dataset for next epoch...
[2026-03-24 09:38:48,898][rl4co.models.rl.common.base][INFO] - Generating training dataset for next epoch...
[2026-03-24 09:40:37,870][rl4co.models.rl.common.base][INFO] - Generating training dataset for next epoch...
[2026-03-24 09:42:31,200][rl4co.models.rl.common.base][INFO] - Generating training dataset for next epoch...
[2026-03-24 09:45:21,754][rl4co.models.rl.common.base][INFO] - Generating training dataset for next epoch...
[2026-03-24 09:46:27,717][rl4co.models.rl.common.base][INFO] - Generating training dataset for next epoch...
[2026-03-24 09:51:52,330][rl4co.models.rl.common.base][INFO] - Generating training dataset for next epoch...
[2026-03-24 09:52:28,133][rl4co.models.rl.common.base][INFO] - Generating training dataset for next epoch...
[2026-03-24 09:54:46,634][rl4co.models.rl.common.base][INFO] - Generating training dataset for next epoch...
[2026-03-24 09:58:14,757][rl4co.models.rl.common.base][INFO] - Generating training dataset for next epoch...
[2026-03-24 09:58:22,280][rl4co.models.rl.common.base][INFO] - Generating training dataset for next epoch...
[2026-03-24 10:04:02,968][rl4co.models.rl.common.base][INFO] - Generating training dataset for next epoch...
[2026-03-24 10:04:48,696][rl4co.models.rl.common.base][INFO] - Generating training dataset for next epoch...
[2026-03-24 10:06:55,693][rl4co.models.rl.common.base][INFO] - Generating training dataset for next epoch...
[2026-03-24 10:09:53,698][rl4co.models.rl.common.base][INFO] - Generating training dataset for next epoch...
[2026-03-24 10:11:21,341][rl4co.models.rl.common.base][INFO] - Generating training dataset for next epoch...
[2026-03-24 10:15:43,047][rl4co.models.rl.common.base][INFO] - Generating training dataset for next epoch...
[2026-03-24 10:17:57,474][rl4co.models.rl.common.base][INFO] - Generating training dataset for next epoch...
[2026-03-24 10:19:08,474][rl4co.models.rl.common.base][INFO] - Generating training dataset for next epoch...
[2026-03-24 10:21:28,680][rl4co.models.rl.common.base][INFO] - Generating training dataset for next epoch...
