[[36m2026-02-16 09:12:57,361[0m][[34mrl4co.utils.utils[0m][[32mINFO[0m] - Enforcing tags! <cfg.extras.enforce_tags=True>[0m
[[36m2026-02-16 09:12:57,363[0m][[34mrl4co.utils.utils[0m][[32mINFO[0m] - Printing config tree with Rich! <cfg.extras.print_config=True>[0m
CONFIG
├── model
│   └── generate_default_data: true                                             
│       metrics:                                                                
│         train:                                                                
│         - loss                                                                
│         - reward                                                              
│         - po_loss                                                             
│         - pl_loss                                                             
│         - po_pref_rate                                                        
│         val:                                                                  
│         - reward                                                              
│         - max_reward                                                          
│         - max_aug_reward                                                      
│         test:                                                                 
│         - reward                                                              
│         - max_reward                                                          
│         - max_aug_reward                                                      
│         log_on_step: true                                                     
│       _target_: rl4co.models.POMO                                             
│       num_augment: 8                                                          
│       loss_type: po_loss                                                      
│       alpha: 0.05                                                             
│       pl_impl: stable                                                         
│       loss_kwargs: {}                                                         
│       free_loss_ir_json_path: null                                            
│       num_starts: 100                                                         
│       batch_size: 64                                                          
│       train_data_size: 100000                                                 
│       val_data_size: 10000                                                    
│       test_data_size: 10000                                                   
│       optimizer: Adam                                                         
│       optimizer_kwargs:                                                       
│         lr: 0.0003                                                            
│         weight_decay: 1.0e-06                                                 
│       lr_scheduler: MultiStepLR                                               
│       lr_scheduler_kwargs:                                                    
│         milestones:                                                           
│         - 3001                                                                
│         gamma: 0.2                                                            
│       policy_kwargs:                                                          
│         po4cops_compat: true                                                  
│         embed_dim: 128                                                        
│         num_encoder_layers: 6                                                 
│         decoder_layer_num: 1                                                  
│         qkv_dim: 16                                                           
│         num_heads: 8                                                          
│         feedforward_hidden: 512                                               
│         tanh_clipping: 50                                                     
│         eval_type: argmax                                                     
│         val_decode_type: greedy                                               
│         test_decode_type: greedy                                              
│                                                                               
├── callbacks
│   └── model_checkpoint:                                                       
│         _target_: lightning.pytorch.callbacks.ModelCheckpoint                 
│         dirpath: /data1/gushengda/eam-rl4co/logs/train/runs/2026-02-16_09-12-5
│         filename: epoch_{epoch:03d}                                           
│         monitor: val/reward                                                   
│         verbose: false                                                        
│         save_last: true                                                       
│         save_top_k: 1                                                         
│         mode: max                                                             
│         auto_insert_metric_name: false                                        
│         save_weights_only: false                                              
│         every_n_train_steps: null                                             
│         train_time_interval: null                                             
│         every_n_epochs: null                                                  
│         save_on_train_epoch_end: null                                         
│       model_summary:                                                          
│         _target_: lightning.pytorch.callbacks.RichModelSummary                
│         max_depth: 5                                                          
│       speed_monitor:                                                          
│         _target_: rl4co.utils.callbacks.speed_monitor.SpeedMonitor            
│         intra_step_time: true                                                 
│         inter_step_time: true                                                 
│         epoch_time: true                                                      
│                                                                               
├── logger
│   └── csv:                                                                    
│         _target_: lightning.pytorch.loggers.csv_logs.CSVLogger                
│         save_dir: /data1/gushengda/eam-rl4co/logs/train/runs/2026-02-16_09-12-
│         name: csv/                                                            
│         prefix: ''                                                            
│                                                                               
├── trainer
│   └── _target_: rl4co.utils.trainer.RL4COTrainer                              
│       default_root_dir: /data1/gushengda/eam-rl4co/logs/train/runs/2026-02-16_
│       gradient_clip_val: null                                                 
│       accelerator: gpu                                                        
│       precision: 32-true                                                      
│       check_val_every_n_epoch: 1                                              
│       deterministic: false                                                    
│       max_epochs: 2010                                                        
│       devices:                                                                
│       - 1                                                                     
│       strategy: auto                                                          
│       accumulate_grad_batches: 1                                              
│       enable_progress_bar: false                                              
│       log_every_n_steps: 50                                                   
│                                                                               
├── paths
│   └── root_dir: /data1/gushengda/eam-rl4co                                    
│       data_dir: /data1/gushengda/eam-rl4co/data                               
│       log_dir: /data1/gushengda/eam-rl4co/logs                                
│       output_dir: /data1/gushengda/eam-rl4co/logs/train/runs/2026-02-16_09-12-
│       work_dir: /data1/gushengda/eam-rl4co                                    
│                                                                               
├── extras
│   └── ignore_warnings: false                                                  
│       enforce_tags: true                                                      
│       print_config: true                                                      
│                                                                               
├── mode
│   └── train                                                                   
├── tags
│   └── ['dev']                                                                 
├── train
│   └── True                                                                    
├── test
│   └── True                                                                    
├── compile
│   └── False                                                                   
├── ckpt_path
│   └── None                                                                    
├── seed
│   └── 1234                                                                    
├── matmul_precision
│   └── medium                                                                  
└── env
    └── _target_: rl4co.envs.TSPEnv                                             
        name: tsp                                                               
        generator_params:                                                       
          num_loc: 100                                                          
          loc_distribution: uniform                                             
        data_dir: /data1/gushengda/eam-rl4co/data/tsp                           
        val_file: tsp100_val_seed4321.npz                                       
        test_file: tsp100_test_seed1234.npz                                     
                                                                                
Seed set to 1234
[[36m2026-02-16 09:12:57,398[0m][[34mrl4co.tasks.train[0m][[32mINFO[0m] - Instantiating environment <rl4co.envs.TSPEnv>[0m
[[36m2026-02-16 09:13:01,123[0m][[34mrl4co.tasks.train[0m][[32mINFO[0m] - Instantiating model <rl4co.models.POMO>[0m
/data1/gushengda/anaconda3/envs/rlco1/lib/python3.11/site-packages/lightning/pytorch/utilities/parsing.py:209: Attribute 'env' is an instance of `nn.Module` and is already saved during checkpointing. It is recommended to ignore them using `self.save_hyperparameters(ignore=['env'])`.
/data1/gushengda/anaconda3/envs/rlco1/lib/python3.11/site-packages/lightning/pytorch/utilities/parsing.py:209: Attribute 'policy' is an instance of `nn.Module` and is already saved during checkpointing. It is recommended to ignore them using `self.save_hyperparameters(ignore=['policy'])`.
[[36m2026-02-16 09:13:01,191[0m][[34mrl4co.data.transforms[0m][[32mINFO[0m] - Features not passed, defaulting to 'locs'[0m
[[36m2026-02-16 09:13:01,192[0m][[34mrl4co.tasks.train[0m][[32mINFO[0m] - Instantiating callbacks...[0m
[[36m2026-02-16 09:13:01,192[0m][[34mrl4co.utils.instantiators[0m][[32mINFO[0m] - Instantiating callback <lightning.pytorch.callbacks.ModelCheckpoint>[0m
[[36m2026-02-16 09:13:01,195[0m][[34mrl4co.utils.instantiators[0m][[32mINFO[0m] - Instantiating callback <lightning.pytorch.callbacks.RichModelSummary>[0m
[[36m2026-02-16 09:13:01,196[0m][[34mrl4co.utils.instantiators[0m][[32mINFO[0m] - Instantiating callback <rl4co.utils.callbacks.speed_monitor.SpeedMonitor>[0m
[[36m2026-02-16 09:13:01,197[0m][[34mrl4co.tasks.train[0m][[32mINFO[0m] - Instantiating loggers...[0m
[[36m2026-02-16 09:13:01,197[0m][[34mrl4co.utils.instantiators[0m][[32mINFO[0m] - Instantiating logger <lightning.pytorch.loggers.csv_logs.CSVLogger>[0m
[[36m2026-02-16 09:13:01,199[0m][[34mrl4co.tasks.train[0m][[32mINFO[0m] - Instantiating trainer...[0m
[[36m2026-02-16 09:13:01,202[0m][[34mrl4co.utils.trainer[0m][[33mWARNING[0m] - gradient_clip_val is set to None. This may lead to unstable training.[0m
Trainer already configured with model summary callbacks: [<class 'lightning.pytorch.callbacks.rich_model_summary.RichModelSummary'>]. Skipping setting a default `ModelSummary` callback.
GPU available: True (cuda), used: True
TPU available: False, using: 0 TPU cores
HPU available: False, using: 0 HPUs
[[36m2026-02-16 09:13:01,208[0m][[34mrl4co.tasks.train[0m][[32mINFO[0m] - Logging hyperparameters![0m
[[36m2026-02-16 09:13:01,210[0m][[34mrl4co.tasks.train[0m][[32mINFO[0m] - Starting training![0m
[[36m2026-02-16 09:13:01,282[0m][[34mrl4co.models.rl.common.base[0m][[32mINFO[0m] - Setting up batch sizes for train/val/test[0m
[[36m2026-02-16 09:13:01,282[0m][[34mrl4co.models.rl.common.base[0m][[32mINFO[0m] - Generating default datasets. If found, they will not be overwritten[0m
[[36m2026-02-16 09:13:01,282[0m][[34mrl4co.models.rl.common.base[0m][[32mINFO[0m] - Setting up datasets[0m
[[36m2026-02-16 09:13:01,865[0m][[34mrl4co.envs.common.base[0m][[32mINFO[0m] - Loading val dataset from /data1/gushengda/eam-rl4co/data/tsp/tsp100_val_seed4321.npz[0m
[[36m2026-02-16 09:13:01,896[0m][[34mrl4co.envs.common.base[0m][[32mINFO[0m] - Loading test dataset from /data1/gushengda/eam-rl4co/data/tsp/tsp100_test_seed1234.npz[0m
LOCAL_RANK: 0 - CUDA_VISIBLE_DEVICES: [0,1,2,3,4,5]
[[36m2026-02-16 09:13:02,050[0m][[34mrl4co.models.rl.common.base[0m][[32mINFO[0m] - Instantiating optimizer <Adam>[0m
[[36m2026-02-16 09:13:02,051[0m][[34mrl4co.models.rl.common.base[0m][[32mINFO[0m] - Instantiating LR scheduler <MultiStepLR>[0m
┏━━━━┳━━━━━━━━━━━━━━━━━━━━━━━━━━━━━━━━━━━━━━━━━━━━┳━━━━━━━━━━━┳━━━━━━━━┳━━━━━━━┓
┃    ┃ Name                                       ┃ Type      ┃ Params ┃ Mode  ┃
┡━━━━╇━━━━━━━━━━━━━━━━━━━━━━━━━━━━━━━━━━━━━━━━━━━━╇━━━━━━━━━━━╇━━━━━━━━╇━━━━━━━┩
│ 0  │ env                                        │ TSPEnv    │      0 │ train │
│ 1  │ policy                                     │ PO4COPsT… │  1.5 M │ train │
│ 2  │ policy.encoder                             │ _PO4COPs… │  1.2 M │ train │
│ 3  │ policy.encoder.embedding                   │ Linear    │    384 │ train │
│ 4  │ policy.encoder.layers                      │ ModuleLi… │  1.2 M │ train │
│ 5  │ policy.encoder.layers.0                    │ _Encoder… │  197 K │ train │
│ 6  │ policy.encoder.layers.0.Wq                 │ Linear    │ 16.4 K │ train │
│ 7  │ policy.encoder.layers.0.Wk                 │ Linear    │ 16.4 K │ train │
│ 8  │ policy.encoder.layers.0.Wv                 │ Linear    │ 16.4 K │ train │
│ 9  │ policy.encoder.layers.0.multi_head_combine │ Linear    │ 16.5 K │ train │
│ 10 │ policy.encoder.layers.0.add_and_norm_1     │ _AddAndN… │    256 │ train │
│ 11 │ policy.encoder.layers.0.feed_forward       │ _FeedFor… │  131 K │ train │
│ 12 │ policy.encoder.layers.0.add_and_norm_2     │ _AddAndN… │    256 │ train │
│ 13 │ policy.encoder.layers.1                    │ _Encoder… │  197 K │ train │
│ 14 │ policy.encoder.layers.1.Wq                 │ Linear    │ 16.4 K │ train │
│ 15 │ policy.encoder.layers.1.Wk                 │ Linear    │ 16.4 K │ train │
│ 16 │ policy.encoder.layers.1.Wv                 │ Linear    │ 16.4 K │ train │
│ 17 │ policy.encoder.layers.1.multi_head_combine │ Linear    │ 16.5 K │ train │
│ 18 │ policy.encoder.layers.1.add_and_norm_1     │ _AddAndN… │    256 │ train │
│ 19 │ policy.encoder.layers.1.feed_forward       │ _FeedFor… │  131 K │ train │
│ 20 │ policy.encoder.layers.1.add_and_norm_2     │ _AddAndN… │    256 │ train │
│ 21 │ policy.encoder.layers.2                    │ _Encoder… │  197 K │ train │
│ 22 │ policy.encoder.layers.2.Wq                 │ Linear    │ 16.4 K │ train │
│ 23 │ policy.encoder.layers.2.Wk                 │ Linear    │ 16.4 K │ train │
│ 24 │ policy.encoder.layers.2.Wv                 │ Linear    │ 16.4 K │ train │
│ 25 │ policy.encoder.layers.2.multi_head_combine │ Linear    │ 16.5 K │ train │
│ 26 │ policy.encoder.layers.2.add_and_norm_1     │ _AddAndN… │    256 │ train │
│ 27 │ policy.encoder.layers.2.feed_forward       │ _FeedFor… │  131 K │ train │
│ 28 │ policy.encoder.layers.2.add_and_norm_2     │ _AddAndN… │    256 │ train │
│ 29 │ policy.encoder.layers.3                    │ _Encoder… │  197 K │ train │
│ 30 │ policy.encoder.layers.3.Wq                 │ Linear    │ 16.4 K │ train │
│ 31 │ policy.encoder.layers.3.Wk                 │ Linear    │ 16.4 K │ train │
│ 32 │ policy.encoder.layers.3.Wv                 │ Linear    │ 16.4 K │ train │
│ 33 │ policy.encoder.layers.3.multi_head_combine │ Linear    │ 16.5 K │ train │
│ 34 │ policy.encoder.layers.3.add_and_norm_1     │ _AddAndN… │    256 │ train │
│ 35 │ policy.encoder.layers.3.feed_forward       │ _FeedFor… │  131 K │ train │
│ 36 │ policy.encoder.layers.3.add_and_norm_2     │ _AddAndN… │    256 │ train │
│ 37 │ policy.encoder.layers.4                    │ _Encoder… │  197 K │ train │
│ 38 │ policy.encoder.layers.4.Wq                 │ Linear    │ 16.4 K │ train │
│ 39 │ policy.encoder.layers.4.Wk                 │ Linear    │ 16.4 K │ train │
│ 40 │ policy.encoder.layers.4.Wv                 │ Linear    │ 16.4 K │ train │
│ 41 │ policy.encoder.layers.4.multi_head_combine │ Linear    │ 16.5 K │ train │
│ 42 │ policy.encoder.layers.4.add_and_norm_1     │ _AddAndN… │    256 │ train │
│ 43 │ policy.encoder.layers.4.feed_forward       │ _FeedFor… │  131 K │ train │
│ 44 │ policy.encoder.layers.4.add_and_norm_2     │ _AddAndN… │    256 │ train │
│ 45 │ policy.encoder.layers.5                    │ _Encoder… │  197 K │ train │
│ 46 │ policy.encoder.layers.5.Wq                 │ Linear    │ 16.4 K │ train │
│ 47 │ policy.encoder.layers.5.Wk                 │ Linear    │ 16.4 K │ train │
│ 48 │ policy.encoder.layers.5.Wv                 │ Linear    │ 16.4 K │ train │
│ 49 │ policy.encoder.layers.5.multi_head_combine │ Linear    │ 16.5 K │ train │
│ 50 │ policy.encoder.layers.5.add_and_norm_1     │ _AddAndN… │    256 │ train │
│ 51 │ policy.encoder.layers.5.feed_forward       │ _FeedFor… │  131 K │ train │
│ 52 │ policy.encoder.layers.5.add_and_norm_2     │ _AddAndN… │    256 │ train │
│ 53 │ policy.decoder                             │ _PO4COPs… │  263 K │ train │
│ 54 │ policy.decoder.layers                      │ ModuleLi… │  263 K │ train │
│ 55 │ policy.decoder.layers.0                    │ _Decoder… │  214 K │ train │
│ 56 │ policy.decoder.layers.0.Wq_first           │ Linear    │ 16.4 K │ train │
│ 57 │ policy.decoder.layers.0.Wq_last            │ Linear    │ 16.4 K │ train │
│ 58 │ policy.decoder.layers.0.Wk                 │ Linear    │ 16.4 K │ train │
│ 59 │ policy.decoder.layers.0.Wv                 │ Linear    │ 16.4 K │ train │
│ 60 │ policy.decoder.layers.0.multi_head_combine │ Linear    │ 16.5 K │ train │
│ 61 │ policy.decoder.layers.0.add_and_norm_1     │ _AddAndN… │    256 │ train │
│ 62 │ policy.decoder.layers.0.feed_forward       │ _FeedFor… │  131 K │ train │
│ 63 │ policy.decoder.layers.0.add_and_norm_2     │ _AddAndN… │    256 │ train │
│ 64 │ policy.decoder.layers.1                    │ _Decoder… │ 49.2 K │ train │
│ 65 │ policy.decoder.layers.1.Wq_first           │ Linear    │ 16.4 K │ train │
│ 66 │ policy.decoder.layers.1.Wq_last            │ Linear    │ 16.4 K │ train │
│ 67 │ policy.decoder.layers.1.Wlogit_k           │ Linear    │ 16.4 K │ train │
│ 68 │ baseline                                   │ SharedBa… │      0 │ train │
└────┴────────────────────────────────────────────┴───────────┴────────┴───────┘
Trainable params: 1.5 M                                                         
Non-trainable params: 0                                                         
Total params: 1.5 M                                                             
Total estimated model params size (MB): 5                                       
Modules in train mode: 97                                                       
Modules in eval mode: 0                                                         
/data1/gushengda/anaconda3/envs/rlco1/lib/python3.11/site-packages/lightning/pytorch/trainer/connectors/data_connector.py:425: The 'val_dataloader' does not have many workers which may be a bottleneck. Consider increasing the value of the `num_workers` argument` to `num_workers=223` in the `DataLoader` to improve performance.
/data1/gushengda/anaconda3/envs/rlco1/lib/python3.11/site-packages/lightning/pytorch/trainer/connectors/data_connector.py:425: The 'train_dataloader' does not have many workers which may be a bottleneck. Consider increasing the value of the `num_workers` argument` to `num_workers=223` in the `DataLoader` to improve performance.
[[36m2026-02-16 09:22:40,585[0m][[34mrl4co.models.rl.common.base[0m][[32mINFO[0m] - Generating training dataset for next epoch...[0m
[[36m2026-02-16 09:32:04,884[0m][[34mrl4co.models.rl.common.base[0m][[32mINFO[0m] - Generating training dataset for next epoch...[0m
[[36m2026-02-16 09:41:23,712[0m][[34mrl4co.models.rl.common.base[0m][[32mINFO[0m] - Generating training dataset for next epoch...[0m
[[36m2026-02-16 09:50:41,910[0m][[34mrl4co.models.rl.common.base[0m][[32mINFO[0m] - Generating training dataset for next epoch...[0m
[[36m2026-02-16 10:00:21,427[0m][[34mrl4co.models.rl.common.base[0m][[32mINFO[0m] - Generating training dataset for next epoch...[0m
[[36m2026-02-16 10:09:38,990[0m][[34mrl4co.models.rl.common.base[0m][[32mINFO[0m] - Generating training dataset for next epoch...[0m
[[36m2026-02-16 10:18:57,643[0m][[34mrl4co.models.rl.common.base[0m][[32mINFO[0m] - Generating training dataset for next epoch...[0m
[[36m2026-02-16 10:28:14,153[0m][[34mrl4co.models.rl.common.base[0m][[32mINFO[0m] - Generating training dataset for next epoch...[0m
[[36m2026-02-16 10:37:29,554[0m][[34mrl4co.models.rl.common.base[0m][[32mINFO[0m] - Generating training dataset for next epoch...[0m
[[36m2026-02-16 10:46:44,259[0m][[34mrl4co.models.rl.common.base[0m][[32mINFO[0m] - Generating training dataset for next epoch...[0m
[[36m2026-02-16 10:56:00,382[0m][[34mrl4co.models.rl.common.base[0m][[32mINFO[0m] - Generating training dataset for next epoch...[0m
[[36m2026-02-16 11:06:20,702[0m][[34mrl4co.models.rl.common.base[0m][[32mINFO[0m] - Generating training dataset for next epoch...[0m
[[36m2026-02-16 11:16:42,874[0m][[34mrl4co.models.rl.common.base[0m][[32mINFO[0m] - Generating training dataset for next epoch...[0m
[[36m2026-02-16 11:25:58,904[0m][[34mrl4co.models.rl.common.base[0m][[32mINFO[0m] - Generating training dataset for next epoch...[0m
[[36m2026-02-16 11:35:16,168[0m][[34mrl4co.models.rl.common.base[0m][[32mINFO[0m] - Generating training dataset for next epoch...[0m
[[36m2026-02-16 11:44:32,486[0m][[34mrl4co.models.rl.common.base[0m][[32mINFO[0m] - Generating training dataset for next epoch...[0m
[[36m2026-02-16 11:53:49,555[0m][[34mrl4co.models.rl.common.base[0m][[32mINFO[0m] - Generating training dataset for next epoch...[0m
[[36m2026-02-16 12:03:06,350[0m][[34mrl4co.models.rl.common.base[0m][[32mINFO[0m] - Generating training dataset for next epoch...[0m
[[36m2026-02-16 12:12:24,037[0m][[34mrl4co.models.rl.common.base[0m][[32mINFO[0m] - Generating training dataset for next epoch...[0m
[[36m2026-02-16 12:21:40,795[0m][[34mrl4co.models.rl.common.base[0m][[32mINFO[0m] - Generating training dataset for next epoch...[0m
[[36m2026-02-16 12:30:58,633[0m][[34mrl4co.models.rl.common.base[0m][[32mINFO[0m] - Generating training dataset for next epoch...[0m
[[36m2026-02-16 12:40:16,296[0m][[34mrl4co.models.rl.common.base[0m][[32mINFO[0m] - Generating training dataset for next epoch...[0m
[[36m2026-02-16 12:50:37,804[0m][[34mrl4co.models.rl.common.base[0m][[32mINFO[0m] - Generating training dataset for next epoch...[0m
[[36m2026-02-16 13:00:59,401[0m][[34mrl4co.models.rl.common.base[0m][[32mINFO[0m] - Generating training dataset for next epoch...[0m
[[36m2026-02-16 13:11:20,413[0m][[34mrl4co.models.rl.common.base[0m][[32mINFO[0m] - Generating training dataset for next epoch...[0m
[[36m2026-02-16 13:21:25,529[0m][[34mrl4co.models.rl.common.base[0m][[32mINFO[0m] - Generating training dataset for next epoch...[0m
[[36m2026-02-16 13:30:45,531[0m][[34mrl4co.models.rl.common.base[0m][[32mINFO[0m] - Generating training dataset for next epoch...[0m
[[36m2026-02-16 13:40:02,877[0m][[34mrl4co.models.rl.common.base[0m][[32mINFO[0m] - Generating training dataset for next epoch...[0m
[[36m2026-02-16 13:49:19,995[0m][[34mrl4co.models.rl.common.base[0m][[32mINFO[0m] - Generating training dataset for next epoch...[0m
[[36m2026-02-16 13:58:36,116[0m][[34mrl4co.models.rl.common.base[0m][[32mINFO[0m] - Generating training dataset for next epoch...[0m
[[36m2026-02-16 14:07:52,719[0m][[34mrl4co.models.rl.common.base[0m][[32mINFO[0m] - Generating training dataset for next epoch...[0m
[[36m2026-02-16 14:17:09,048[0m][[34mrl4co.models.rl.common.base[0m][[32mINFO[0m] - Generating training dataset for next epoch...[0m
[[36m2026-02-16 14:26:25,683[0m][[34mrl4co.models.rl.common.base[0m][[32mINFO[0m] - Generating training dataset for next epoch...[0m
[[36m2026-02-16 14:35:43,319[0m][[34mrl4co.models.rl.common.base[0m][[32mINFO[0m] - Generating training dataset for next epoch...[0m
[[36m2026-02-16 14:45:05,826[0m][[34mrl4co.models.rl.common.base[0m][[32mINFO[0m] - Generating training dataset for next epoch...[0m
[[36m2026-02-16 14:54:29,131[0m][[34mrl4co.models.rl.common.base[0m][[32mINFO[0m] - Generating training dataset for next epoch...[0m
[[36m2026-02-16 15:03:52,741[0m][[34mrl4co.models.rl.common.base[0m][[32mINFO[0m] - Generating training dataset for next epoch...[0m
[[36m2026-02-16 15:13:15,545[0m][[34mrl4co.models.rl.common.base[0m][[32mINFO[0m] - Generating training dataset for next epoch...[0m
[[36m2026-02-16 15:23:17,178[0m][[34mrl4co.models.rl.common.base[0m][[32mINFO[0m] - Generating training dataset for next epoch...[0m
[[36m2026-02-16 15:32:37,888[0m][[34mrl4co.models.rl.common.base[0m][[32mINFO[0m] - Generating training dataset for next epoch...[0m
[[36m2026-02-16 15:41:59,757[0m][[34mrl4co.models.rl.common.base[0m][[32mINFO[0m] - Generating training dataset for next epoch...[0m
[[36m2026-02-16 15:51:19,866[0m][[34mrl4co.models.rl.common.base[0m][[32mINFO[0m] - Generating training dataset for next epoch...[0m
[[36m2026-02-16 16:00:40,989[0m][[34mrl4co.models.rl.common.base[0m][[32mINFO[0m] - Generating training dataset for next epoch...[0m
[[36m2026-02-16 16:10:01,606[0m][[34mrl4co.models.rl.common.base[0m][[32mINFO[0m] - Generating training dataset for next epoch...[0m
[[36m2026-02-16 16:19:22,650[0m][[34mrl4co.models.rl.common.base[0m][[32mINFO[0m] - Generating training dataset for next epoch...[0m
[[36m2026-02-16 16:28:41,901[0m][[34mrl4co.models.rl.common.base[0m][[32mINFO[0m] - Generating training dataset for next epoch...[0m
[[36m2026-02-16 16:37:59,664[0m][[34mrl4co.models.rl.common.base[0m][[32mINFO[0m] - Generating training dataset for next epoch...[0m
[[36m2026-02-16 16:47:16,645[0m][[34mrl4co.models.rl.common.base[0m][[32mINFO[0m] - Generating training dataset for next epoch...[0m
[[36m2026-02-16 16:56:32,765[0m][[34mrl4co.models.rl.common.base[0m][[32mINFO[0m] - Generating training dataset for next epoch...[0m
[[36m2026-02-16 17:05:49,227[0m][[34mrl4co.models.rl.common.base[0m][[32mINFO[0m] - Generating training dataset for next epoch...[0m
[[36m2026-02-16 17:15:05,142[0m][[34mrl4co.models.rl.common.base[0m][[32mINFO[0m] - Generating training dataset for next epoch...[0m
[[36m2026-02-16 17:24:21,137[0m][[34mrl4co.models.rl.common.base[0m][[32mINFO[0m] - Generating training dataset for next epoch...[0m
[[36m2026-02-16 17:33:37,695[0m][[34mrl4co.models.rl.common.base[0m][[32mINFO[0m] - Generating training dataset for next epoch...[0m
[[36m2026-02-16 17:42:57,628[0m][[34mrl4co.models.rl.common.base[0m][[32mINFO[0m] - Generating training dataset for next epoch...[0m
[[36m2026-02-16 17:52:17,755[0m][[34mrl4co.models.rl.common.base[0m][[32mINFO[0m] - Generating training dataset for next epoch...[0m
[[36m2026-02-16 18:02:40,129[0m][[34mrl4co.models.rl.common.base[0m][[32mINFO[0m] - Generating training dataset for next epoch...[0m
[[36m2026-02-16 18:13:02,639[0m][[34mrl4co.models.rl.common.base[0m][[32mINFO[0m] - Generating training dataset for next epoch...[0m
[[36m2026-02-16 18:23:24,984[0m][[34mrl4co.models.rl.common.base[0m][[32mINFO[0m] - Generating training dataset for next epoch...[0m
[[36m2026-02-16 18:33:47,375[0m][[34mrl4co.models.rl.common.base[0m][[32mINFO[0m] - Generating training dataset for next epoch...[0m
[[36m2026-02-16 18:43:51,608[0m][[34mrl4co.models.rl.common.base[0m][[32mINFO[0m] - Generating training dataset for next epoch...[0m
[[36m2026-02-16 18:53:13,470[0m][[34mrl4co.models.rl.common.base[0m][[32mINFO[0m] - Generating training dataset for next epoch...[0m
[[36m2026-02-16 19:02:34,480[0m][[34mrl4co.models.rl.common.base[0m][[32mINFO[0m] - Generating training dataset for next epoch...[0m
[[36m2026-02-16 19:11:55,129[0m][[34mrl4co.models.rl.common.base[0m][[32mINFO[0m] - Generating training dataset for next epoch...[0m
[[36m2026-02-16 19:21:15,948[0m][[34mrl4co.models.rl.common.base[0m][[32mINFO[0m] - Generating training dataset for next epoch...[0m
[[36m2026-02-16 19:30:37,326[0m][[34mrl4co.models.rl.common.base[0m][[32mINFO[0m] - Generating training dataset for next epoch...[0m
[[36m2026-02-16 19:39:58,432[0m][[34mrl4co.models.rl.common.base[0m][[32mINFO[0m] - Generating training dataset for next epoch...[0m
[[36m2026-02-16 19:49:19,464[0m][[34mrl4co.models.rl.common.base[0m][[32mINFO[0m] - Generating training dataset for next epoch...[0m
[[36m2026-02-16 19:58:40,073[0m][[34mrl4co.models.rl.common.base[0m][[32mINFO[0m] - Generating training dataset for next epoch...[0m
[[36m2026-02-16 20:08:00,960[0m][[34mrl4co.models.rl.common.base[0m][[32mINFO[0m] - Generating training dataset for next epoch...[0m
[[36m2026-02-16 20:17:21,564[0m][[34mrl4co.models.rl.common.base[0m][[32mINFO[0m] - Generating training dataset for next epoch...[0m
[[36m2026-02-16 20:26:43,311[0m][[34mrl4co.models.rl.common.base[0m][[32mINFO[0m] - Generating training dataset for next epoch...[0m
[[36m2026-02-16 20:36:21,223[0m][[34mrl4co.models.rl.common.base[0m][[32mINFO[0m] - Generating training dataset for next epoch...[0m
[[36m2026-02-16 20:46:42,587[0m][[34mrl4co.models.rl.common.base[0m][[32mINFO[0m] - Generating training dataset for next epoch...[0m
[[36m2026-02-16 20:56:54,586[0m][[34mrl4co.models.rl.common.base[0m][[32mINFO[0m] - Generating training dataset for next epoch...[0m
[[36m2026-02-16 21:07:12,182[0m][[34mrl4co.models.rl.common.base[0m][[32mINFO[0m] - Generating training dataset for next epoch...[0m
[[36m2026-02-16 21:17:28,652[0m][[34mrl4co.models.rl.common.base[0m][[32mINFO[0m] - Generating training dataset for next epoch...[0m
[[36m2026-02-16 21:27:46,450[0m][[34mrl4co.models.rl.common.base[0m][[32mINFO[0m] - Generating training dataset for next epoch...[0m
[[36m2026-02-16 21:38:08,429[0m][[34mrl4co.models.rl.common.base[0m][[32mINFO[0m] - Generating training dataset for next epoch...[0m
[[36m2026-02-16 21:48:30,193[0m][[34mrl4co.models.rl.common.base[0m][[32mINFO[0m] - Generating training dataset for next epoch...[0m
[[36m2026-02-16 21:58:51,653[0m][[34mrl4co.models.rl.common.base[0m][[32mINFO[0m] - Generating training dataset for next epoch...[0m
[[36m2026-02-16 22:09:13,604[0m][[34mrl4co.models.rl.common.base[0m][[32mINFO[0m] - Generating training dataset for next epoch...[0m
[[36m2026-02-16 22:19:31,786[0m][[34mrl4co.models.rl.common.base[0m][[32mINFO[0m] - Generating training dataset for next epoch...[0m
[[36m2026-02-16 22:29:50,278[0m][[34mrl4co.models.rl.common.base[0m][[32mINFO[0m] - Generating training dataset for next epoch...[0m
[[36m2026-02-16 22:40:08,451[0m][[34mrl4co.models.rl.common.base[0m][[32mINFO[0m] - Generating training dataset for next epoch...[0m
[[36m2026-02-16 22:50:26,960[0m][[34mrl4co.models.rl.common.base[0m][[32mINFO[0m] - Generating training dataset for next epoch...[0m
[[36m2026-02-16 23:00:45,199[0m][[34mrl4co.models.rl.common.base[0m][[32mINFO[0m] - Generating training dataset for next epoch...[0m
[[36m2026-02-16 23:11:04,297[0m][[34mrl4co.models.rl.common.base[0m][[32mINFO[0m] - Generating training dataset for next epoch...[0m
[[36m2026-02-16 23:20:33,964[0m][[34mrl4co.models.rl.common.base[0m][[32mINFO[0m] - Generating training dataset for next epoch...[0m
[[36m2026-02-16 23:29:54,490[0m][[34mrl4co.models.rl.common.base[0m][[32mINFO[0m] - Generating training dataset for next epoch...[0m
[[36m2026-02-16 23:39:14,995[0m][[34mrl4co.models.rl.common.base[0m][[32mINFO[0m] - Generating training dataset for next epoch...[0m
[[36m2026-02-16 23:48:35,222[0m][[34mrl4co.models.rl.common.base[0m][[32mINFO[0m] - Generating training dataset for next epoch...[0m
[[36m2026-02-16 23:57:55,057[0m][[34mrl4co.models.rl.common.base[0m][[32mINFO[0m] - Generating training dataset for next epoch...[0m
[[36m2026-02-17 00:07:15,733[0m][[34mrl4co.models.rl.common.base[0m][[32mINFO[0m] - Generating training dataset for next epoch...[0m
[[36m2026-02-17 00:16:36,754[0m][[34mrl4co.models.rl.common.base[0m][[32mINFO[0m] - Generating training dataset for next epoch...[0m
[[36m2026-02-17 00:25:57,210[0m][[34mrl4co.models.rl.common.base[0m][[32mINFO[0m] - Generating training dataset for next epoch...[0m
[[36m2026-02-17 00:35:17,876[0m][[34mrl4co.models.rl.common.base[0m][[32mINFO[0m] - Generating training dataset for next epoch...[0m
[[36m2026-02-17 00:44:38,098[0m][[34mrl4co.models.rl.common.base[0m][[32mINFO[0m] - Generating training dataset for next epoch...[0m
[[36m2026-02-17 00:53:58,293[0m][[34mrl4co.models.rl.common.base[0m][[32mINFO[0m] - Generating training dataset for next epoch...[0m
[[36m2026-02-17 01:03:18,802[0m][[34mrl4co.models.rl.common.base[0m][[32mINFO[0m] - Generating training dataset for next epoch...[0m
[[36m2026-02-17 01:12:40,244[0m][[34mrl4co.models.rl.common.base[0m][[32mINFO[0m] - Generating training dataset for next epoch...[0m
[[36m2026-02-17 01:22:01,286[0m][[34mrl4co.models.rl.common.base[0m][[32mINFO[0m] - Generating training dataset for next epoch...[0m
[[36m2026-02-17 01:31:22,682[0m][[34mrl4co.models.rl.common.base[0m][[32mINFO[0m] - Generating training dataset for next epoch...[0m
[[36m2026-02-17 01:40:43,482[0m][[34mrl4co.models.rl.common.base[0m][[32mINFO[0m] - Generating training dataset for next epoch...[0m
[[36m2026-02-17 01:50:04,796[0m][[34mrl4co.models.rl.common.base[0m][[32mINFO[0m] - Generating training dataset for next epoch...[0m
[[36m2026-02-17 01:59:25,493[0m][[34mrl4co.models.rl.common.base[0m][[32mINFO[0m] - Generating training dataset for next epoch...[0m
[[36m2026-02-17 02:08:46,169[0m][[34mrl4co.models.rl.common.base[0m][[32mINFO[0m] - Generating training dataset for next epoch...[0m
[[36m2026-02-17 02:18:07,012[0m][[34mrl4co.models.rl.common.base[0m][[32mINFO[0m] - Generating training dataset for next epoch...[0m
[[36m2026-02-17 02:27:28,224[0m][[34mrl4co.models.rl.common.base[0m][[32mINFO[0m] - Generating training dataset for next epoch...[0m
[[36m2026-02-17 02:36:49,141[0m][[34mrl4co.models.rl.common.base[0m][[32mINFO[0m] - Generating training dataset for next epoch...[0m
[[36m2026-02-17 02:46:30,066[0m][[34mrl4co.models.rl.common.base[0m][[32mINFO[0m] - Generating training dataset for next epoch...[0m
[[36m2026-02-17 02:56:53,253[0m][[34mrl4co.models.rl.common.base[0m][[32mINFO[0m] - Generating training dataset for next epoch...[0m
[[36m2026-02-17 03:07:18,988[0m][[34mrl4co.models.rl.common.base[0m][[32mINFO[0m] - Generating training dataset for next epoch...[0m
[[36m2026-02-17 03:16:58,493[0m][[34mrl4co.models.rl.common.base[0m][[32mINFO[0m] - Generating training dataset for next epoch...[0m
[[36m2026-02-17 03:26:20,806[0m][[34mrl4co.models.rl.common.base[0m][[32mINFO[0m] - Generating training dataset for next epoch...[0m
[[36m2026-02-17 03:35:43,655[0m][[34mrl4co.models.rl.common.base[0m][[32mINFO[0m] - Generating training dataset for next epoch...[0m
[[36m2026-02-17 03:45:05,776[0m][[34mrl4co.models.rl.common.base[0m][[32mINFO[0m] - Generating training dataset for next epoch...[0m
[[36m2026-02-17 03:54:28,296[0m][[34mrl4co.models.rl.common.base[0m][[32mINFO[0m] - Generating training dataset for next epoch...[0m
[[36m2026-02-17 04:03:50,707[0m][[34mrl4co.models.rl.common.base[0m][[32mINFO[0m] - Generating training dataset for next epoch...[0m
[[36m2026-02-17 04:13:13,021[0m][[34mrl4co.models.rl.common.base[0m][[32mINFO[0m] - Generating training dataset for next epoch...[0m
[[36m2026-02-17 04:22:35,443[0m][[34mrl4co.models.rl.common.base[0m][[32mINFO[0m] - Generating training dataset for next epoch...[0m
[[36m2026-02-17 04:31:57,953[0m][[34mrl4co.models.rl.common.base[0m][[32mINFO[0m] - Generating training dataset for next epoch...[0m
[[36m2026-02-17 04:41:20,013[0m][[34mrl4co.models.rl.common.base[0m][[32mINFO[0m] - Generating training dataset for next epoch...[0m
[[36m2026-02-17 04:50:42,582[0m][[34mrl4co.models.rl.common.base[0m][[32mINFO[0m] - Generating training dataset for next epoch...[0m
[[36m2026-02-17 05:00:01,398[0m][[34mrl4co.models.rl.common.base[0m][[32mINFO[0m] - Generating training dataset for next epoch...[0m
[[36m2026-02-17 05:09:20,119[0m][[34mrl4co.models.rl.common.base[0m][[32mINFO[0m] - Generating training dataset for next epoch...[0m
[[36m2026-02-17 05:18:38,537[0m][[34mrl4co.models.rl.common.base[0m][[32mINFO[0m] - Generating training dataset for next epoch...[0m
[[36m2026-02-17 05:27:55,543[0m][[34mrl4co.models.rl.common.base[0m][[32mINFO[0m] - Generating training dataset for next epoch...[0m
[[36m2026-02-17 05:37:12,938[0m][[34mrl4co.models.rl.common.base[0m][[32mINFO[0m] - Generating training dataset for next epoch...[0m
[[36m2026-02-17 05:46:29,969[0m][[34mrl4co.models.rl.common.base[0m][[32mINFO[0m] - Generating training dataset for next epoch...[0m
[[36m2026-02-17 05:55:47,575[0m][[34mrl4co.models.rl.common.base[0m][[32mINFO[0m] - Generating training dataset for next epoch...[0m
[[36m2026-02-17 06:05:05,145[0m][[34mrl4co.models.rl.common.base[0m][[32mINFO[0m] - Generating training dataset for next epoch...[0m
[[36m2026-02-17 06:15:28,352[0m][[34mrl4co.models.rl.common.base[0m][[32mINFO[0m] - Generating training dataset for next epoch...[0m
[[36m2026-02-17 06:24:52,409[0m][[34mrl4co.models.rl.common.base[0m][[32mINFO[0m] - Generating training dataset for next epoch...[0m
[[36m2026-02-17 06:34:15,683[0m][[34mrl4co.models.rl.common.base[0m][[32mINFO[0m] - Generating training dataset for next epoch...[0m
[[36m2026-02-17 06:43:38,344[0m][[34mrl4co.models.rl.common.base[0m][[32mINFO[0m] - Generating training dataset for next epoch...[0m
[[36m2026-02-17 06:53:21,469[0m][[34mrl4co.models.rl.common.base[0m][[32mINFO[0m] - Generating training dataset for next epoch...[0m
[[36m2026-02-17 07:03:42,306[0m][[34mrl4co.models.rl.common.base[0m][[32mINFO[0m] - Generating training dataset for next epoch...[0m
[[36m2026-02-17 07:14:06,034[0m][[34mrl4co.models.rl.common.base[0m][[32mINFO[0m] - Generating training dataset for next epoch...[0m
[[36m2026-02-17 07:24:27,900[0m][[34mrl4co.models.rl.common.base[0m][[32mINFO[0m] - Generating training dataset for next epoch...[0m
[[36m2026-02-17 07:34:49,190[0m][[34mrl4co.models.rl.common.base[0m][[32mINFO[0m] - Generating training dataset for next epoch...[0m
[[36m2026-02-17 07:45:12,524[0m][[34mrl4co.models.rl.common.base[0m][[32mINFO[0m] - Generating training dataset for next epoch...[0m
[[36m2026-02-17 07:55:35,741[0m][[34mrl4co.models.rl.common.base[0m][[32mINFO[0m] - Generating training dataset for next epoch...[0m
[[36m2026-02-17 08:05:44,676[0m][[34mrl4co.models.rl.common.base[0m][[32mINFO[0m] - Generating training dataset for next epoch...[0m
[[36m2026-02-17 08:15:10,722[0m][[34mrl4co.models.rl.common.base[0m][[32mINFO[0m] - Generating training dataset for next epoch...[0m
[[36m2026-02-17 08:24:36,944[0m][[34mrl4co.models.rl.common.base[0m][[32mINFO[0m] - Generating training dataset for next epoch...[0m
[[36m2026-02-17 08:33:58,247[0m][[34mrl4co.models.rl.common.base[0m][[32mINFO[0m] - Generating training dataset for next epoch...[0m
[[36m2026-02-17 08:43:24,319[0m][[34mrl4co.models.rl.common.base[0m][[32mINFO[0m] - Generating training dataset for next epoch...[0m
[[36m2026-02-17 08:52:48,441[0m][[34mrl4co.models.rl.common.base[0m][[32mINFO[0m] - Generating training dataset for next epoch...[0m
[[36m2026-02-17 09:02:11,138[0m][[34mrl4co.models.rl.common.base[0m][[32mINFO[0m] - Generating training dataset for next epoch...[0m
[[36m2026-02-17 09:12:29,840[0m][[34mrl4co.models.rl.common.base[0m][[32mINFO[0m] - Generating training dataset for next epoch...[0m
[[36m2026-02-17 09:22:05,501[0m][[34mrl4co.models.rl.common.base[0m][[32mINFO[0m] - Generating training dataset for next epoch...[0m
[[36m2026-02-17 09:31:35,673[0m][[34mrl4co.models.rl.common.base[0m][[32mINFO[0m] - Generating training dataset for next epoch...[0m
[[36m2026-02-17 09:40:58,217[0m][[34mrl4co.models.rl.common.base[0m][[32mINFO[0m] - Generating training dataset for next epoch...[0m
[[36m2026-02-17 09:50:21,238[0m][[34mrl4co.models.rl.common.base[0m][[32mINFO[0m] - Generating training dataset for next epoch...[0m
[[36m2026-02-17 09:59:41,882[0m][[34mrl4co.models.rl.common.base[0m][[32mINFO[0m] - Generating training dataset for next epoch...[0m
[[36m2026-02-17 10:09:02,016[0m][[34mrl4co.models.rl.common.base[0m][[32mINFO[0m] - Generating training dataset for next epoch...[0m
[[36m2026-02-17 10:18:22,944[0m][[34mrl4co.models.rl.common.base[0m][[32mINFO[0m] - Generating training dataset for next epoch...[0m
[[36m2026-02-17 10:27:42,967[0m][[34mrl4co.models.rl.common.base[0m][[32mINFO[0m] - Generating training dataset for next epoch...[0m
[[36m2026-02-17 10:37:02,667[0m][[34mrl4co.models.rl.common.base[0m][[32mINFO[0m] - Generating training dataset for next epoch...[0m
[[36m2026-02-17 10:46:22,041[0m][[34mrl4co.models.rl.common.base[0m][[32mINFO[0m] - Generating training dataset for next epoch...[0m
[[36m2026-02-17 10:55:41,443[0m][[34mrl4co.models.rl.common.base[0m][[32mINFO[0m] - Generating training dataset for next epoch...[0m
[[36m2026-02-17 11:05:00,585[0m][[34mrl4co.models.rl.common.base[0m][[32mINFO[0m] - Generating training dataset for next epoch...[0m
[[36m2026-02-17 11:14:19,952[0m][[34mrl4co.models.rl.common.base[0m][[32mINFO[0m] - Generating training dataset for next epoch...[0m
[[36m2026-02-17 11:23:39,259[0m][[34mrl4co.models.rl.common.base[0m][[32mINFO[0m] - Generating training dataset for next epoch...[0m
[[36m2026-02-17 11:32:58,108[0m][[34mrl4co.models.rl.common.base[0m][[32mINFO[0m] - Generating training dataset for next epoch...[0m
[[36m2026-02-17 11:42:17,020[0m][[34mrl4co.models.rl.common.base[0m][[32mINFO[0m] - Generating training dataset for next epoch...[0m
[[36m2026-02-17 11:51:35,720[0m][[34mrl4co.models.rl.common.base[0m][[32mINFO[0m] - Generating training dataset for next epoch...[0m
[[36m2026-02-17 12:00:54,384[0m][[34mrl4co.models.rl.common.base[0m][[32mINFO[0m] - Generating training dataset for next epoch...[0m
[[36m2026-02-17 12:10:13,333[0m][[34mrl4co.models.rl.common.base[0m][[32mINFO[0m] - Generating training dataset for next epoch...[0m
[[36m2026-02-17 12:19:31,836[0m][[34mrl4co.models.rl.common.base[0m][[32mINFO[0m] - Generating training dataset for next epoch...[0m
[[36m2026-02-17 12:28:50,720[0m][[34mrl4co.models.rl.common.base[0m][[32mINFO[0m] - Generating training dataset for next epoch...[0m
[[36m2026-02-17 12:38:09,452[0m][[34mrl4co.models.rl.common.base[0m][[32mINFO[0m] - Generating training dataset for next epoch...[0m
[[36m2026-02-17 12:47:28,025[0m][[34mrl4co.models.rl.common.base[0m][[32mINFO[0m] - Generating training dataset for next epoch...[0m
[[36m2026-02-17 12:56:46,295[0m][[34mrl4co.models.rl.common.base[0m][[32mINFO[0m] - Generating training dataset for next epoch...[0m
[[36m2026-02-17 13:06:04,781[0m][[34mrl4co.models.rl.common.base[0m][[32mINFO[0m] - Generating training dataset for next epoch...[0m
[[36m2026-02-17 13:15:22,621[0m][[34mrl4co.models.rl.common.base[0m][[32mINFO[0m] - Generating training dataset for next epoch...[0m
[[36m2026-02-17 13:24:40,899[0m][[34mrl4co.models.rl.common.base[0m][[32mINFO[0m] - Generating training dataset for next epoch...[0m
[[36m2026-02-17 13:33:59,251[0m][[34mrl4co.models.rl.common.base[0m][[32mINFO[0m] - Generating training dataset for next epoch...[0m
[[36m2026-02-17 13:43:17,278[0m][[34mrl4co.models.rl.common.base[0m][[32mINFO[0m] - Generating training dataset for next epoch...[0m
[[36m2026-02-17 13:52:35,398[0m][[34mrl4co.models.rl.common.base[0m][[32mINFO[0m] - Generating training dataset for next epoch...[0m
[[36m2026-02-17 14:01:53,944[0m][[34mrl4co.models.rl.common.base[0m][[32mINFO[0m] - Generating training dataset for next epoch...[0m
[[36m2026-02-17 14:11:15,652[0m][[34mrl4co.models.rl.common.base[0m][[32mINFO[0m] - Generating training dataset for next epoch...[0m
[[36m2026-02-17 14:20:37,672[0m][[34mrl4co.models.rl.common.base[0m][[32mINFO[0m] - Generating training dataset for next epoch...[0m
[[36m2026-02-17 14:29:59,459[0m][[34mrl4co.models.rl.common.base[0m][[32mINFO[0m] - Generating training dataset for next epoch...[0m
[[36m2026-02-17 14:39:21,459[0m][[34mrl4co.models.rl.common.base[0m][[32mINFO[0m] - Generating training dataset for next epoch...[0m
[[36m2026-02-17 14:48:43,282[0m][[34mrl4co.models.rl.common.base[0m][[32mINFO[0m] - Generating training dataset for next epoch...[0m
[[36m2026-02-17 14:58:21,258[0m][[34mrl4co.models.rl.common.base[0m][[32mINFO[0m] - Generating training dataset for next epoch...[0m
[[36m2026-02-17 15:08:37,691[0m][[34mrl4co.models.rl.common.base[0m][[32mINFO[0m] - Generating training dataset for next epoch...[0m
[[36m2026-02-17 15:18:54,647[0m][[34mrl4co.models.rl.common.base[0m][[32mINFO[0m] - Generating training dataset for next epoch...[0m
[[36m2026-02-17 15:29:20,287[0m][[34mrl4co.models.rl.common.base[0m][[32mINFO[0m] - Generating training dataset for next epoch...[0m
[[36m2026-02-17 15:39:36,945[0m][[34mrl4co.models.rl.common.base[0m][[32mINFO[0m] - Generating training dataset for next epoch...[0m
[[36m2026-02-17 15:49:58,787[0m][[34mrl4co.models.rl.common.base[0m][[32mINFO[0m] - Generating training dataset for next epoch...[0m
[[36m2026-02-17 15:59:53,633[0m][[34mrl4co.models.rl.common.base[0m][[32mINFO[0m] - Generating training dataset for next epoch...[0m
[[36m2026-02-17 16:09:44,692[0m][[34mrl4co.models.rl.common.base[0m][[32mINFO[0m] - Generating training dataset for next epoch...[0m
[[36m2026-02-17 16:20:04,075[0m][[34mrl4co.models.rl.common.base[0m][[32mINFO[0m] - Generating training dataset for next epoch...[0m
[[36m2026-02-17 16:30:25,716[0m][[34mrl4co.models.rl.common.base[0m][[32mINFO[0m] - Generating training dataset for next epoch...[0m
[[36m2026-02-17 16:40:36,896[0m][[34mrl4co.models.rl.common.base[0m][[32mINFO[0m] - Generating training dataset for next epoch...[0m
[[36m2026-02-17 16:50:57,168[0m][[34mrl4co.models.rl.common.base[0m][[32mINFO[0m] - Generating training dataset for next epoch...[0m
[[36m2026-02-17 17:01:16,475[0m][[34mrl4co.models.rl.common.base[0m][[32mINFO[0m] - Generating training dataset for next epoch...[0m
[[36m2026-02-17 17:11:35,091[0m][[34mrl4co.models.rl.common.base[0m][[32mINFO[0m] - Generating training dataset for next epoch...[0m
[[36m2026-02-17 17:21:51,232[0m][[34mrl4co.models.rl.common.base[0m][[32mINFO[0m] - Generating training dataset for next epoch...[0m
[[36m2026-02-17 17:32:06,421[0m][[34mrl4co.models.rl.common.base[0m][[32mINFO[0m] - Generating training dataset for next epoch...[0m
[[36m2026-02-17 17:41:53,636[0m][[34mrl4co.models.rl.common.base[0m][[32mINFO[0m] - Generating training dataset for next epoch...[0m
[[36m2026-02-17 17:52:06,632[0m][[34mrl4co.models.rl.common.base[0m][[32mINFO[0m] - Generating training dataset for next epoch...[0m
[[36m2026-02-17 18:02:28,398[0m][[34mrl4co.models.rl.common.base[0m][[32mINFO[0m] - Generating training dataset for next epoch...[0m
[[36m2026-02-17 18:12:51,037[0m][[34mrl4co.models.rl.common.base[0m][[32mINFO[0m] - Generating training dataset for next epoch...[0m
[[36m2026-02-17 18:23:13,676[0m][[34mrl4co.models.rl.common.base[0m][[32mINFO[0m] - Generating training dataset for next epoch...[0m
[[36m2026-02-17 18:33:00,907[0m][[34mrl4co.models.rl.common.base[0m][[32mINFO[0m] - Generating training dataset for next epoch...[0m
[[36m2026-02-17 18:42:20,484[0m][[34mrl4co.models.rl.common.base[0m][[32mINFO[0m] - Generating training dataset for next epoch...[0m
[[36m2026-02-17 18:51:38,068[0m][[34mrl4co.models.rl.common.base[0m][[32mINFO[0m] - Generating training dataset for next epoch...[0m
[[36m2026-02-17 19:00:55,713[0m][[34mrl4co.models.rl.common.base[0m][[32mINFO[0m] - Generating training dataset for next epoch...[0m
[[36m2026-02-17 19:10:12,984[0m][[34mrl4co.models.rl.common.base[0m][[32mINFO[0m] - Generating training dataset for next epoch...[0m
[[36m2026-02-17 19:19:30,548[0m][[34mrl4co.models.rl.common.base[0m][[32mINFO[0m] - Generating training dataset for next epoch...[0m
[[36m2026-02-17 19:28:48,215[0m][[34mrl4co.models.rl.common.base[0m][[32mINFO[0m] - Generating training dataset for next epoch...[0m
[[36m2026-02-17 19:38:06,806[0m][[34mrl4co.models.rl.common.base[0m][[32mINFO[0m] - Generating training dataset for next epoch...[0m
[[36m2026-02-17 19:48:01,636[0m][[34mrl4co.models.rl.common.base[0m][[32mINFO[0m] - Generating training dataset for next epoch...[0m
[[36m2026-02-17 19:58:16,772[0m][[34mrl4co.models.rl.common.base[0m][[32mINFO[0m] - Generating training dataset for next epoch...[0m
[[36m2026-02-17 20:08:34,001[0m][[34mrl4co.models.rl.common.base[0m][[32mINFO[0m] - Generating training dataset for next epoch...[0m
[[36m2026-02-17 20:18:53,141[0m][[34mrl4co.models.rl.common.base[0m][[32mINFO[0m] - Generating training dataset for next epoch...[0m
[[36m2026-02-17 20:29:03,705[0m][[34mrl4co.models.rl.common.base[0m][[32mINFO[0m] - Generating training dataset for next epoch...[0m
[[36m2026-02-17 20:38:24,346[0m][[34mrl4co.models.rl.common.base[0m][[32mINFO[0m] - Generating training dataset for next epoch...[0m
[[36m2026-02-17 20:47:47,564[0m][[34mrl4co.models.rl.common.base[0m][[32mINFO[0m] - Generating training dataset for next epoch...[0m
[[36m2026-02-17 20:57:12,363[0m][[34mrl4co.models.rl.common.base[0m][[32mINFO[0m] - Generating training dataset for next epoch...[0m
[[36m2026-02-17 21:06:32,393[0m][[34mrl4co.models.rl.common.base[0m][[32mINFO[0m] - Generating training dataset for next epoch...[0m
[[36m2026-02-17 21:15:52,946[0m][[34mrl4co.models.rl.common.base[0m][[32mINFO[0m] - Generating training dataset for next epoch...[0m
[[36m2026-02-17 21:25:12,896[0m][[34mrl4co.models.rl.common.base[0m][[32mINFO[0m] - Generating training dataset for next epoch...[0m
[[36m2026-02-17 21:35:33,515[0m][[34mrl4co.models.rl.common.base[0m][[32mINFO[0m] - Generating training dataset for next epoch...[0m
[[36m2026-02-17 21:45:42,655[0m][[34mrl4co.models.rl.common.base[0m][[32mINFO[0m] - Generating training dataset for next epoch...[0m
[[36m2026-02-17 21:55:06,403[0m][[34mrl4co.models.rl.common.base[0m][[32mINFO[0m] - Generating training dataset for next epoch...[0m
[[36m2026-02-17 22:04:25,714[0m][[34mrl4co.models.rl.common.base[0m][[32mINFO[0m] - Generating training dataset for next epoch...[0m
[[36m2026-02-17 22:13:47,569[0m][[34mrl4co.models.rl.common.base[0m][[32mINFO[0m] - Generating training dataset for next epoch...[0m
[[36m2026-02-17 22:23:12,425[0m][[34mrl4co.models.rl.common.base[0m][[32mINFO[0m] - Generating training dataset for next epoch...[0m
[[36m2026-02-17 22:32:48,409[0m][[34mrl4co.models.rl.common.base[0m][[32mINFO[0m] - Generating training dataset for next epoch...[0m
[[36m2026-02-17 22:42:09,539[0m][[34mrl4co.models.rl.common.base[0m][[32mINFO[0m] - Generating training dataset for next epoch...[0m
[[36m2026-02-17 22:51:30,325[0m][[34mrl4co.models.rl.common.base[0m][[32mINFO[0m] - Generating training dataset for next epoch...[0m
[[36m2026-02-17 23:00:58,037[0m][[34mrl4co.models.rl.common.base[0m][[32mINFO[0m] - Generating training dataset for next epoch...[0m
[[36m2026-02-17 23:10:29,295[0m][[34mrl4co.models.rl.common.base[0m][[32mINFO[0m] - Generating training dataset for next epoch...[0m
[[36m2026-02-17 23:19:52,201[0m][[34mrl4co.models.rl.common.base[0m][[32mINFO[0m] - Generating training dataset for next epoch...[0m
[[36m2026-02-17 23:29:14,402[0m][[34mrl4co.models.rl.common.base[0m][[32mINFO[0m] - Generating training dataset for next epoch...[0m
[[36m2026-02-17 23:38:36,547[0m][[34mrl4co.models.rl.common.base[0m][[32mINFO[0m] - Generating training dataset for next epoch...[0m
[[36m2026-02-17 23:47:58,810[0m][[34mrl4co.models.rl.common.base[0m][[32mINFO[0m] - Generating training dataset for next epoch...[0m
[[36m2026-02-17 23:57:18,648[0m][[34mrl4co.models.rl.common.base[0m][[32mINFO[0m] - Generating training dataset for next epoch...[0m
[[36m2026-02-18 00:06:37,425[0m][[34mrl4co.models.rl.common.base[0m][[32mINFO[0m] - Generating training dataset for next epoch...[0m
[[36m2026-02-18 00:16:03,382[0m][[34mrl4co.models.rl.common.base[0m][[32mINFO[0m] - Generating training dataset for next epoch...[0m
[[36m2026-02-18 00:26:27,830[0m][[34mrl4co.models.rl.common.base[0m][[32mINFO[0m] - Generating training dataset for next epoch...[0m
[[36m2026-02-18 00:35:49,193[0m][[34mrl4co.models.rl.common.base[0m][[32mINFO[0m] - Generating training dataset for next epoch...[0m
[[36m2026-02-18 00:45:10,141[0m][[34mrl4co.models.rl.common.base[0m][[32mINFO[0m] - Generating training dataset for next epoch...[0m
[[36m2026-02-18 00:54:32,783[0m][[34mrl4co.models.rl.common.base[0m][[32mINFO[0m] - Generating training dataset for next epoch...[0m
[[36m2026-02-18 01:03:55,686[0m][[34mrl4co.models.rl.common.base[0m][[32mINFO[0m] - Generating training dataset for next epoch...[0m
[[36m2026-02-18 01:13:17,959[0m][[34mrl4co.models.rl.common.base[0m][[32mINFO[0m] - Generating training dataset for next epoch...[0m
[[36m2026-02-18 01:22:40,060[0m][[34mrl4co.models.rl.common.base[0m][[32mINFO[0m] - Generating training dataset for next epoch...[0m
[[36m2026-02-18 01:32:02,218[0m][[34mrl4co.models.rl.common.base[0m][[32mINFO[0m] - Generating training dataset for next epoch...[0m
[[36m2026-02-18 01:41:24,739[0m][[34mrl4co.models.rl.common.base[0m][[32mINFO[0m] - Generating training dataset for next epoch...[0m
[[36m2026-02-18 01:50:46,962[0m][[34mrl4co.models.rl.common.base[0m][[32mINFO[0m] - Generating training dataset for next epoch...[0m
[[36m2026-02-18 02:00:09,248[0m][[34mrl4co.models.rl.common.base[0m][[32mINFO[0m] - Generating training dataset for next epoch...[0m
[[36m2026-02-18 02:09:31,440[0m][[34mrl4co.models.rl.common.base[0m][[32mINFO[0m] - Generating training dataset for next epoch...[0m
[[36m2026-02-18 02:18:53,863[0m][[34mrl4co.models.rl.common.base[0m][[32mINFO[0m] - Generating training dataset for next epoch...[0m
[[36m2026-02-18 02:28:16,261[0m][[34mrl4co.models.rl.common.base[0m][[32mINFO[0m] - Generating training dataset for next epoch...[0m
[[36m2026-02-18 02:37:38,646[0m][[34mrl4co.models.rl.common.base[0m][[32mINFO[0m] - Generating training dataset for next epoch...[0m
[[36m2026-02-18 02:47:00,577[0m][[34mrl4co.models.rl.common.base[0m][[32mINFO[0m] - Generating training dataset for next epoch...[0m
[[36m2026-02-18 02:56:22,855[0m][[34mrl4co.models.rl.common.base[0m][[32mINFO[0m] - Generating training dataset for next epoch...[0m
[[36m2026-02-18 03:05:45,544[0m][[34mrl4co.models.rl.common.base[0m][[32mINFO[0m] - Generating training dataset for next epoch...[0m
[[36m2026-02-18 03:15:08,045[0m][[34mrl4co.models.rl.common.base[0m][[32mINFO[0m] - Generating training dataset for next epoch...[0m
[[36m2026-02-18 03:24:30,776[0m][[34mrl4co.models.rl.common.base[0m][[32mINFO[0m] - Generating training dataset for next epoch...[0m
[[36m2026-02-18 03:33:53,251[0m][[34mrl4co.models.rl.common.base[0m][[32mINFO[0m] - Generating training dataset for next epoch...[0m
[[36m2026-02-18 03:43:58,997[0m][[34mrl4co.models.rl.common.base[0m][[32mINFO[0m] - Generating training dataset for next epoch...[0m
[[36m2026-02-18 03:53:20,864[0m][[34mrl4co.models.rl.common.base[0m][[32mINFO[0m] - Generating training dataset for next epoch...[0m
[[36m2026-02-18 04:02:45,713[0m][[34mrl4co.models.rl.common.base[0m][[32mINFO[0m] - Generating training dataset for next epoch...[0m
[[36m2026-02-18 04:12:28,694[0m][[34mrl4co.models.rl.common.base[0m][[32mINFO[0m] - Generating training dataset for next epoch...[0m
[[36m2026-02-18 04:22:47,058[0m][[34mrl4co.models.rl.common.base[0m][[32mINFO[0m] - Generating training dataset for next epoch...[0m
[[36m2026-02-18 04:33:13,676[0m][[34mrl4co.models.rl.common.base[0m][[32mINFO[0m] - Generating training dataset for next epoch...[0m
[[36m2026-02-18 04:43:49,136[0m][[34mrl4co.models.rl.common.base[0m][[32mINFO[0m] - Generating training dataset for next epoch...[0m
[[36m2026-02-18 04:54:12,946[0m][[34mrl4co.models.rl.common.base[0m][[32mINFO[0m] - Generating training dataset for next epoch...[0m
[[36m2026-02-18 05:04:38,005[0m][[34mrl4co.models.rl.common.base[0m][[32mINFO[0m] - Generating training dataset for next epoch...[0m
[[36m2026-02-18 05:15:03,507[0m][[34mrl4co.models.rl.common.base[0m][[32mINFO[0m] - Generating training dataset for next epoch...[0m
[[36m2026-02-18 05:25:27,995[0m][[34mrl4co.models.rl.common.base[0m][[32mINFO[0m] - Generating training dataset for next epoch...[0m
[[36m2026-02-18 05:35:50,138[0m][[34mrl4co.models.rl.common.base[0m][[32mINFO[0m] - Generating training dataset for next epoch...[0m
[[36m2026-02-18 05:45:15,272[0m][[34mrl4co.models.rl.common.base[0m][[32mINFO[0m] - Generating training dataset for next epoch...[0m
[[36m2026-02-18 05:54:36,432[0m][[34mrl4co.models.rl.common.base[0m][[32mINFO[0m] - Generating training dataset for next epoch...[0m
[[36m2026-02-18 06:03:57,564[0m][[34mrl4co.models.rl.common.base[0m][[32mINFO[0m] - Generating training dataset for next epoch...[0m
[[36m2026-02-18 06:13:18,602[0m][[34mrl4co.models.rl.common.base[0m][[32mINFO[0m] - Generating training dataset for next epoch...[0m
[[36m2026-02-18 06:22:39,367[0m][[34mrl4co.models.rl.common.base[0m][[32mINFO[0m] - Generating training dataset for next epoch...[0m
[[36m2026-02-18 06:32:00,129[0m][[34mrl4co.models.rl.common.base[0m][[32mINFO[0m] - Generating training dataset for next epoch...[0m
[[36m2026-02-18 06:41:21,357[0m][[34mrl4co.models.rl.common.base[0m][[32mINFO[0m] - Generating training dataset for next epoch...[0m
[[36m2026-02-18 06:50:42,340[0m][[34mrl4co.models.rl.common.base[0m][[32mINFO[0m] - Generating training dataset for next epoch...[0m
[[36m2026-02-18 07:00:02,861[0m][[34mrl4co.models.rl.common.base[0m][[32mINFO[0m] - Generating training dataset for next epoch...[0m
[[36m2026-02-18 07:09:23,723[0m][[34mrl4co.models.rl.common.base[0m][[32mINFO[0m] - Generating training dataset for next epoch...[0m
[[36m2026-02-18 07:18:44,579[0m][[34mrl4co.models.rl.common.base[0m][[32mINFO[0m] - Generating training dataset for next epoch...[0m
[[36m2026-02-18 07:28:05,580[0m][[34mrl4co.models.rl.common.base[0m][[32mINFO[0m] - Generating training dataset for next epoch...[0m
[[36m2026-02-18 07:37:26,793[0m][[34mrl4co.models.rl.common.base[0m][[32mINFO[0m] - Generating training dataset for next epoch...[0m
[[36m2026-02-18 07:46:47,737[0m][[34mrl4co.models.rl.common.base[0m][[32mINFO[0m] - Generating training dataset for next epoch...[0m
[[36m2026-02-18 07:56:08,830[0m][[34mrl4co.models.rl.common.base[0m][[32mINFO[0m] - Generating training dataset for next epoch...[0m
[[36m2026-02-18 08:05:30,271[0m][[34mrl4co.models.rl.common.base[0m][[32mINFO[0m] - Generating training dataset for next epoch...[0m
[[36m2026-02-18 08:14:51,439[0m][[34mrl4co.models.rl.common.base[0m][[32mINFO[0m] - Generating training dataset for next epoch...[0m
[[36m2026-02-18 08:24:12,597[0m][[34mrl4co.models.rl.common.base[0m][[32mINFO[0m] - Generating training dataset for next epoch...[0m
[[36m2026-02-18 08:33:33,825[0m][[34mrl4co.models.rl.common.base[0m][[32mINFO[0m] - Generating training dataset for next epoch...[0m
[[36m2026-02-18 08:42:52,238[0m][[34mrl4co.models.rl.common.base[0m][[32mINFO[0m] - Generating training dataset for next epoch...[0m
[[36m2026-02-18 08:52:10,639[0m][[34mrl4co.models.rl.common.base[0m][[32mINFO[0m] - Generating training dataset for next epoch...[0m
[[36m2026-02-18 09:01:28,904[0m][[34mrl4co.models.rl.common.base[0m][[32mINFO[0m] - Generating training dataset for next epoch...[0m
[[36m2026-02-18 09:10:47,435[0m][[34mrl4co.models.rl.common.base[0m][[32mINFO[0m] - Generating training dataset for next epoch...[0m
[[36m2026-02-18 09:20:05,922[0m][[34mrl4co.models.rl.common.base[0m][[32mINFO[0m] - Generating training dataset for next epoch...[0m
[[36m2026-02-18 09:29:26,006[0m][[34mrl4co.models.rl.common.base[0m][[32mINFO[0m] - Generating training dataset for next epoch...[0m
[[36m2026-02-18 09:38:46,019[0m][[34mrl4co.models.rl.common.base[0m][[32mINFO[0m] - Generating training dataset for next epoch...[0m
[[36m2026-02-18 09:48:05,820[0m][[34mrl4co.models.rl.common.base[0m][[32mINFO[0m] - Generating training dataset for next epoch...[0m
[[36m2026-02-18 09:57:30,746[0m][[34mrl4co.models.rl.common.base[0m][[32mINFO[0m] - Generating training dataset for next epoch...[0m
[[36m2026-02-18 10:06:52,642[0m][[34mrl4co.models.rl.common.base[0m][[32mINFO[0m] - Generating training dataset for next epoch...[0m
[[36m2026-02-18 10:16:14,300[0m][[34mrl4co.models.rl.common.base[0m][[32mINFO[0m] - Generating training dataset for next epoch...[0m
[[36m2026-02-18 10:25:36,284[0m][[34mrl4co.models.rl.common.base[0m][[32mINFO[0m] - Generating training dataset for next epoch...[0m
[[36m2026-02-18 10:34:58,285[0m][[34mrl4co.models.rl.common.base[0m][[32mINFO[0m] - Generating training dataset for next epoch...[0m
[[36m2026-02-18 10:44:19,993[0m][[34mrl4co.models.rl.common.base[0m][[32mINFO[0m] - Generating training dataset for next epoch...[0m
[[36m2026-02-18 10:53:41,875[0m][[34mrl4co.models.rl.common.base[0m][[32mINFO[0m] - Generating training dataset for next epoch...[0m
[[36m2026-02-18 11:03:04,008[0m][[34mrl4co.models.rl.common.base[0m][[32mINFO[0m] - Generating training dataset for next epoch...[0m
[[36m2026-02-18 11:12:26,071[0m][[34mrl4co.models.rl.common.base[0m][[32mINFO[0m] - Generating training dataset for next epoch...[0m
[[36m2026-02-18 11:21:48,047[0m][[34mrl4co.models.rl.common.base[0m][[32mINFO[0m] - Generating training dataset for next epoch...[0m
[[36m2026-02-18 11:31:10,146[0m][[34mrl4co.models.rl.common.base[0m][[32mINFO[0m] - Generating training dataset for next epoch...[0m
[[36m2026-02-18 11:40:32,049[0m][[34mrl4co.models.rl.common.base[0m][[32mINFO[0m] - Generating training dataset for next epoch...[0m
[[36m2026-02-18 11:49:53,985[0m][[34mrl4co.models.rl.common.base[0m][[32mINFO[0m] - Generating training dataset for next epoch...[0m
[[36m2026-02-18 11:59:15,698[0m][[34mrl4co.models.rl.common.base[0m][[32mINFO[0m] - Generating training dataset for next epoch...[0m
[[36m2026-02-18 12:08:37,450[0m][[34mrl4co.models.rl.common.base[0m][[32mINFO[0m] - Generating training dataset for next epoch...[0m
[[36m2026-02-18 12:17:59,218[0m][[34mrl4co.models.rl.common.base[0m][[32mINFO[0m] - Generating training dataset for next epoch...[0m
[[36m2026-02-18 12:27:20,809[0m][[34mrl4co.models.rl.common.base[0m][[32mINFO[0m] - Generating training dataset for next epoch...[0m
[[36m2026-02-18 12:36:42,746[0m][[34mrl4co.models.rl.common.base[0m][[32mINFO[0m] - Generating training dataset for next epoch...[0m
[[36m2026-02-18 12:46:04,604[0m][[34mrl4co.models.rl.common.base[0m][[32mINFO[0m] - Generating training dataset for next epoch...[0m
[[36m2026-02-18 12:55:26,594[0m][[34mrl4co.models.rl.common.base[0m][[32mINFO[0m] - Generating training dataset for next epoch...[0m
[[36m2026-02-18 13:04:48,245[0m][[34mrl4co.models.rl.common.base[0m][[32mINFO[0m] - Generating training dataset for next epoch...[0m
[[36m2026-02-18 13:14:09,856[0m][[34mrl4co.models.rl.common.base[0m][[32mINFO[0m] - Generating training dataset for next epoch...[0m
[[36m2026-02-18 13:23:31,341[0m][[34mrl4co.models.rl.common.base[0m][[32mINFO[0m] - Generating training dataset for next epoch...[0m
[[36m2026-02-18 13:32:52,887[0m][[34mrl4co.models.rl.common.base[0m][[32mINFO[0m] - Generating training dataset for next epoch...[0m
[[36m2026-02-18 13:42:14,500[0m][[34mrl4co.models.rl.common.base[0m][[32mINFO[0m] - Generating training dataset for next epoch...[0m
[[36m2026-02-18 13:51:35,901[0m][[34mrl4co.models.rl.common.base[0m][[32mINFO[0m] - Generating training dataset for next epoch...[0m
[[36m2026-02-18 14:00:55,772[0m][[34mrl4co.models.rl.common.base[0m][[32mINFO[0m] - Generating training dataset for next epoch...[0m
[[36m2026-02-18 14:10:15,605[0m][[34mrl4co.models.rl.common.base[0m][[32mINFO[0m] - Generating training dataset for next epoch...[0m
[[36m2026-02-18 14:19:35,135[0m][[34mrl4co.models.rl.common.base[0m][[32mINFO[0m] - Generating training dataset for next epoch...[0m
[[36m2026-02-18 14:28:54,862[0m][[34mrl4co.models.rl.common.base[0m][[32mINFO[0m] - Generating training dataset for next epoch...[0m
[[36m2026-02-18 14:38:15,185[0m][[34mrl4co.models.rl.common.base[0m][[32mINFO[0m] - Generating training dataset for next epoch...[0m
[[36m2026-02-18 14:47:34,747[0m][[34mrl4co.models.rl.common.base[0m][[32mINFO[0m] - Generating training dataset for next epoch...[0m
[[36m2026-02-18 14:56:54,607[0m][[34mrl4co.models.rl.common.base[0m][[32mINFO[0m] - Generating training dataset for next epoch...[0m
[[36m2026-02-18 15:06:14,409[0m][[34mrl4co.models.rl.common.base[0m][[32mINFO[0m] - Generating training dataset for next epoch...[0m
[[36m2026-02-18 15:15:33,732[0m][[34mrl4co.models.rl.common.base[0m][[32mINFO[0m] - Generating training dataset for next epoch...[0m
[[36m2026-02-18 15:24:53,486[0m][[34mrl4co.models.rl.common.base[0m][[32mINFO[0m] - Generating training dataset for next epoch...[0m
[[36m2026-02-18 15:34:13,382[0m][[34mrl4co.models.rl.common.base[0m][[32mINFO[0m] - Generating training dataset for next epoch...[0m
[[36m2026-02-18 15:43:33,401[0m][[34mrl4co.models.rl.common.base[0m][[32mINFO[0m] - Generating training dataset for next epoch...[0m
[[36m2026-02-18 15:52:53,276[0m][[34mrl4co.models.rl.common.base[0m][[32mINFO[0m] - Generating training dataset for next epoch...[0m
[[36m2026-02-18 16:02:13,463[0m][[34mrl4co.models.rl.common.base[0m][[32mINFO[0m] - Generating training dataset for next epoch...[0m
[[36m2026-02-18 16:11:33,620[0m][[34mrl4co.models.rl.common.base[0m][[32mINFO[0m] - Generating training dataset for next epoch...[0m
[[36m2026-02-18 16:20:53,668[0m][[34mrl4co.models.rl.common.base[0m][[32mINFO[0m] - Generating training dataset for next epoch...[0m
[[36m2026-02-18 16:30:13,811[0m][[34mrl4co.models.rl.common.base[0m][[32mINFO[0m] - Generating training dataset for next epoch...[0m
[[36m2026-02-18 16:39:33,589[0m][[34mrl4co.models.rl.common.base[0m][[32mINFO[0m] - Generating training dataset for next epoch...[0m
[[36m2026-02-18 16:48:53,434[0m][[34mrl4co.models.rl.common.base[0m][[32mINFO[0m] - Generating training dataset for next epoch...[0m
[[36m2026-02-18 16:58:13,376[0m][[34mrl4co.models.rl.common.base[0m][[32mINFO[0m] - Generating training dataset for next epoch...[0m
[[36m2026-02-18 17:07:32,975[0m][[34mrl4co.models.rl.common.base[0m][[32mINFO[0m] - Generating training dataset for next epoch...[0m
[[36m2026-02-18 17:16:53,129[0m][[34mrl4co.models.rl.common.base[0m][[32mINFO[0m] - Generating training dataset for next epoch...[0m
[[36m2026-02-18 17:26:12,837[0m][[34mrl4co.models.rl.common.base[0m][[32mINFO[0m] - Generating training dataset for next epoch...[0m
[[36m2026-02-18 17:35:31,048[0m][[34mrl4co.models.rl.common.base[0m][[32mINFO[0m] - Generating training dataset for next epoch...[0m
[[36m2026-02-18 17:44:49,440[0m][[34mrl4co.models.rl.common.base[0m][[32mINFO[0m] - Generating training dataset for next epoch...[0m
[[36m2026-02-18 17:54:07,942[0m][[34mrl4co.models.rl.common.base[0m][[32mINFO[0m] - Generating training dataset for next epoch...[0m
[[36m2026-02-18 18:03:26,334[0m][[34mrl4co.models.rl.common.base[0m][[32mINFO[0m] - Generating training dataset for next epoch...[0m
[[36m2026-02-18 18:12:44,409[0m][[34mrl4co.models.rl.common.base[0m][[32mINFO[0m] - Generating training dataset for next epoch...[0m
[[36m2026-02-18 18:22:02,843[0m][[34mrl4co.models.rl.common.base[0m][[32mINFO[0m] - Generating training dataset for next epoch...[0m
[[36m2026-02-18 18:31:20,169[0m][[34mrl4co.models.rl.common.base[0m][[32mINFO[0m] - Generating training dataset for next epoch...[0m
[[36m2026-02-18 18:40:37,421[0m][[34mrl4co.models.rl.common.base[0m][[32mINFO[0m] - Generating training dataset for next epoch...[0m
[[36m2026-02-18 18:49:54,721[0m][[34mrl4co.models.rl.common.base[0m][[32mINFO[0m] - Generating training dataset for next epoch...[0m
[[36m2026-02-18 18:59:12,280[0m][[34mrl4co.models.rl.common.base[0m][[32mINFO[0m] - Generating training dataset for next epoch...[0m
[[36m2026-02-18 19:08:30,396[0m][[34mrl4co.models.rl.common.base[0m][[32mINFO[0m] - Generating training dataset for next epoch...[0m
[[36m2026-02-18 19:17:52,579[0m][[34mrl4co.models.rl.common.base[0m][[32mINFO[0m] - Generating training dataset for next epoch...[0m
[[36m2026-02-18 19:27:15,131[0m][[34mrl4co.models.rl.common.base[0m][[32mINFO[0m] - Generating training dataset for next epoch...[0m
[[36m2026-02-18 19:36:41,172[0m][[34mrl4co.models.rl.common.base[0m][[32mINFO[0m] - Generating training dataset for next epoch...[0m
[[36m2026-02-18 19:46:59,932[0m][[34mrl4co.models.rl.common.base[0m][[32mINFO[0m] - Generating training dataset for next epoch...[0m
[[36m2026-02-18 19:57:20,578[0m][[34mrl4co.models.rl.common.base[0m][[32mINFO[0m] - Generating training dataset for next epoch...[0m
[[36m2026-02-18 20:07:35,322[0m][[34mrl4co.models.rl.common.base[0m][[32mINFO[0m] - Generating training dataset for next epoch...[0m
[[36m2026-02-18 20:17:01,149[0m][[34mrl4co.models.rl.common.base[0m][[32mINFO[0m] - Generating training dataset for next epoch...[0m
[[36m2026-02-18 20:26:23,252[0m][[34mrl4co.models.rl.common.base[0m][[32mINFO[0m] - Generating training dataset for next epoch...[0m
[[36m2026-02-18 20:35:45,506[0m][[34mrl4co.models.rl.common.base[0m][[32mINFO[0m] - Generating training dataset for next epoch...[0m
[[36m2026-02-18 20:45:48,685[0m][[34mrl4co.models.rl.common.base[0m][[32mINFO[0m] - Generating training dataset for next epoch...[0m
[[36m2026-02-18 20:56:14,387[0m][[34mrl4co.models.rl.common.base[0m][[32mINFO[0m] - Generating training dataset for next epoch...[0m
[[36m2026-02-18 21:06:36,619[0m][[34mrl4co.models.rl.common.base[0m][[32mINFO[0m] - Generating training dataset for next epoch...[0m
[[36m2026-02-18 21:17:04,449[0m][[34mrl4co.models.rl.common.base[0m][[32mINFO[0m] - Generating training dataset for next epoch...[0m
[[36m2026-02-18 21:27:39,743[0m][[34mrl4co.models.rl.common.base[0m][[32mINFO[0m] - Generating training dataset for next epoch...[0m
[[36m2026-02-18 21:37:59,057[0m][[34mrl4co.models.rl.common.base[0m][[32mINFO[0m] - Generating training dataset for next epoch...[0m
[[36m2026-02-18 21:48:21,643[0m][[34mrl4co.models.rl.common.base[0m][[32mINFO[0m] - Generating training dataset for next epoch...[0m
[[36m2026-02-18 21:58:41,382[0m][[34mrl4co.models.rl.common.base[0m][[32mINFO[0m] - Generating training dataset for next epoch...[0m
[[36m2026-02-18 22:09:08,433[0m][[34mrl4co.models.rl.common.base[0m][[32mINFO[0m] - Generating training dataset for next epoch...[0m
[[36m2026-02-18 22:19:29,836[0m][[34mrl4co.models.rl.common.base[0m][[32mINFO[0m] - Generating training dataset for next epoch...[0m
[[36m2026-02-18 22:29:51,098[0m][[34mrl4co.models.rl.common.base[0m][[32mINFO[0m] - Generating training dataset for next epoch...[0m
[[36m2026-02-18 22:40:09,338[0m][[34mrl4co.models.rl.common.base[0m][[32mINFO[0m] - Generating training dataset for next epoch...[0m
[[36m2026-02-18 22:50:27,076[0m][[34mrl4co.models.rl.common.base[0m][[32mINFO[0m] - Generating training dataset for next epoch...[0m
[[36m2026-02-18 23:00:49,701[0m][[34mrl4co.models.rl.common.base[0m][[32mINFO[0m] - Generating training dataset for next epoch...[0m
[[36m2026-02-18 23:11:10,809[0m][[34mrl4co.models.rl.common.base[0m][[32mINFO[0m] - Generating training dataset for next epoch...[0m
[[36m2026-02-18 23:21:33,233[0m][[34mrl4co.models.rl.common.base[0m][[32mINFO[0m] - Generating training dataset for next epoch...[0m
[[36m2026-02-18 23:31:55,747[0m][[34mrl4co.models.rl.common.base[0m][[32mINFO[0m] - Generating training dataset for next epoch...[0m
[[36m2026-02-18 23:41:15,858[0m][[34mrl4co.models.rl.common.base[0m][[32mINFO[0m] - Generating training dataset for next epoch...[0m
[[36m2026-02-18 23:51:33,102[0m][[34mrl4co.models.rl.common.base[0m][[32mINFO[0m] - Generating training dataset for next epoch...[0m
[[36m2026-02-19 00:01:54,355[0m][[34mrl4co.models.rl.common.base[0m][[32mINFO[0m] - Generating training dataset for next epoch...[0m
[[36m2026-02-19 00:12:16,468[0m][[34mrl4co.models.rl.common.base[0m][[32mINFO[0m] - Generating training dataset for next epoch...[0m
[[36m2026-02-19 00:22:49,043[0m][[34mrl4co.models.rl.common.base[0m][[32mINFO[0m] - Generating training dataset for next epoch...[0m
[[36m2026-02-19 00:32:48,878[0m][[34mrl4co.models.rl.common.base[0m][[32mINFO[0m] - Generating training dataset for next epoch...[0m
[[36m2026-02-19 00:42:21,130[0m][[34mrl4co.models.rl.common.base[0m][[32mINFO[0m] - Generating training dataset for next epoch...[0m
[[36m2026-02-19 00:52:40,801[0m][[34mrl4co.models.rl.common.base[0m][[32mINFO[0m] - Generating training dataset for next epoch...[0m
[[36m2026-02-19 01:03:03,761[0m][[34mrl4co.models.rl.common.base[0m][[32mINFO[0m] - Generating training dataset for next epoch...[0m
[[36m2026-02-19 01:13:24,537[0m][[34mrl4co.models.rl.common.base[0m][[32mINFO[0m] - Generating training dataset for next epoch...[0m
[[36m2026-02-19 01:23:07,440[0m][[34mrl4co.models.rl.common.base[0m][[32mINFO[0m] - Generating training dataset for next epoch...[0m
[[36m2026-02-19 01:33:21,814[0m][[34mrl4co.models.rl.common.base[0m][[32mINFO[0m] - Generating training dataset for next epoch...[0m
[[36m2026-02-19 01:43:12,169[0m][[34mrl4co.models.rl.common.base[0m][[32mINFO[0m] - Generating training dataset for next epoch...[0m
[[36m2026-02-19 01:52:34,794[0m][[34mrl4co.models.rl.common.base[0m][[32mINFO[0m] - Generating training dataset for next epoch...[0m
[[36m2026-02-19 02:02:23,915[0m][[34mrl4co.models.rl.common.base[0m][[32mINFO[0m] - Generating training dataset for next epoch...[0m
[[36m2026-02-19 02:11:44,241[0m][[34mrl4co.models.rl.common.base[0m][[32mINFO[0m] - Generating training dataset for next epoch...[0m
[[36m2026-02-19 02:21:08,549[0m][[34mrl4co.models.rl.common.base[0m][[32mINFO[0m] - Generating training dataset for next epoch...[0m
[[36m2026-02-19 02:31:27,167[0m][[34mrl4co.models.rl.common.base[0m][[32mINFO[0m] - Generating training dataset for next epoch...[0m
[[36m2026-02-19 02:41:51,007[0m][[34mrl4co.models.rl.common.base[0m][[32mINFO[0m] - Generating training dataset for next epoch...[0m
[[36m2026-02-19 02:52:07,454[0m][[34mrl4co.models.rl.common.base[0m][[32mINFO[0m] - Generating training dataset for next epoch...[0m
[[36m2026-02-19 03:02:25,285[0m][[34mrl4co.models.rl.common.base[0m][[32mINFO[0m] - Generating training dataset for next epoch...[0m
[[36m2026-02-19 03:12:43,334[0m][[34mrl4co.models.rl.common.base[0m][[32mINFO[0m] - Generating training dataset for next epoch...[0m
[[36m2026-02-19 03:23:23,804[0m][[34mrl4co.models.rl.common.base[0m][[32mINFO[0m] - Generating training dataset for next epoch...[0m
[[36m2026-02-19 03:33:44,253[0m][[34mrl4co.models.rl.common.base[0m][[32mINFO[0m] - Generating training dataset for next epoch...[0m
[[36m2026-02-19 03:44:04,903[0m][[34mrl4co.models.rl.common.base[0m][[32mINFO[0m] - Generating training dataset for next epoch...[0m
[[36m2026-02-19 03:54:26,043[0m][[34mrl4co.models.rl.common.base[0m][[32mINFO[0m] - Generating training dataset for next epoch...[0m
[[36m2026-02-19 04:04:45,052[0m][[34mrl4co.models.rl.common.base[0m][[32mINFO[0m] - Generating training dataset for next epoch...[0m
[[36m2026-02-19 04:15:04,105[0m][[34mrl4co.models.rl.common.base[0m][[32mINFO[0m] - Generating training dataset for next epoch...[0m
[[36m2026-02-19 04:25:26,854[0m][[34mrl4co.models.rl.common.base[0m][[32mINFO[0m] - Generating training dataset for next epoch...[0m
[[36m2026-02-19 04:35:45,748[0m][[34mrl4co.models.rl.common.base[0m][[32mINFO[0m] - Generating training dataset for next epoch...[0m
[[36m2026-02-19 04:45:06,884[0m][[34mrl4co.models.rl.common.base[0m][[32mINFO[0m] - Generating training dataset for next epoch...[0m
[[36m2026-02-19 04:54:28,815[0m][[34mrl4co.models.rl.common.base[0m][[32mINFO[0m] - Generating training dataset for next epoch...[0m
[[36m2026-02-19 05:03:47,377[0m][[34mrl4co.models.rl.common.base[0m][[32mINFO[0m] - Generating training dataset for next epoch...[0m
[[36m2026-02-19 05:13:08,902[0m][[34mrl4co.models.rl.common.base[0m][[32mINFO[0m] - Generating training dataset for next epoch...[0m
[[36m2026-02-19 05:22:30,809[0m][[34mrl4co.models.rl.common.base[0m][[32mINFO[0m] - Generating training dataset for next epoch...[0m
[[36m2026-02-19 05:33:16,637[0m][[34mrl4co.models.rl.common.base[0m][[32mINFO[0m] - Generating training dataset for next epoch...[0m
[[36m2026-02-19 05:42:37,221[0m][[34mrl4co.models.rl.common.base[0m][[32mINFO[0m] - Generating training dataset for next epoch...[0m
[[36m2026-02-19 05:51:54,388[0m][[34mrl4co.models.rl.common.base[0m][[32mINFO[0m] - Generating training dataset for next epoch...[0m
[[36m2026-02-19 06:01:31,219[0m][[34mrl4co.models.rl.common.base[0m][[32mINFO[0m] - Generating training dataset for next epoch...[0m
[[36m2026-02-19 06:10:52,247[0m][[34mrl4co.models.rl.common.base[0m][[32mINFO[0m] - Generating training dataset for next epoch...[0m
[[36m2026-02-19 06:20:14,035[0m][[34mrl4co.models.rl.common.base[0m][[32mINFO[0m] - Generating training dataset for next epoch...[0m
[[36m2026-02-19 06:29:45,469[0m][[34mrl4co.models.rl.common.base[0m][[32mINFO[0m] - Generating training dataset for next epoch...[0m
[[36m2026-02-19 06:40:05,804[0m][[34mrl4co.models.rl.common.base[0m][[32mINFO[0m] - Generating training dataset for next epoch...[0m
[[36m2026-02-19 06:50:25,201[0m][[34mrl4co.models.rl.common.base[0m][[32mINFO[0m] - Generating training dataset for next epoch...[0m
[[36m2026-02-19 06:59:48,588[0m][[34mrl4co.models.rl.common.base[0m][[32mINFO[0m] - Generating training dataset for next epoch...[0m
[[36m2026-02-19 07:09:08,531[0m][[34mrl4co.models.rl.common.base[0m][[32mINFO[0m] - Generating training dataset for next epoch...[0m
[[36m2026-02-19 07:18:30,340[0m][[34mrl4co.models.rl.common.base[0m][[32mINFO[0m] - Generating training dataset for next epoch...[0m
[[36m2026-02-19 07:27:49,803[0m][[34mrl4co.models.rl.common.base[0m][[32mINFO[0m] - Generating training dataset for next epoch...[0m
[[36m2026-02-19 07:37:10,355[0m][[34mrl4co.models.rl.common.base[0m][[32mINFO[0m] - Generating training dataset for next epoch...[0m
[[36m2026-02-19 07:46:32,217[0m][[34mrl4co.models.rl.common.base[0m][[32mINFO[0m] - Generating training dataset for next epoch...[0m
[[36m2026-02-19 07:55:55,651[0m][[34mrl4co.models.rl.common.base[0m][[32mINFO[0m] - Generating training dataset for next epoch...[0m
[[36m2026-02-19 08:06:18,542[0m][[34mrl4co.models.rl.common.base[0m][[32mINFO[0m] - Generating training dataset for next epoch...[0m
[[36m2026-02-19 08:16:41,591[0m][[34mrl4co.models.rl.common.base[0m][[32mINFO[0m] - Generating training dataset for next epoch...[0m
[[36m2026-02-19 08:27:03,373[0m][[34mrl4co.models.rl.common.base[0m][[32mINFO[0m] - Generating training dataset for next epoch...[0m
[[36m2026-02-19 08:37:24,739[0m][[34mrl4co.models.rl.common.base[0m][[32mINFO[0m] - Generating training dataset for next epoch...[0m
[[36m2026-02-19 08:47:45,445[0m][[34mrl4co.models.rl.common.base[0m][[32mINFO[0m] - Generating training dataset for next epoch...[0m
[[36m2026-02-19 08:58:06,304[0m][[34mrl4co.models.rl.common.base[0m][[32mINFO[0m] - Generating training dataset for next epoch...[0m
[[36m2026-02-19 09:08:21,639[0m][[34mrl4co.models.rl.common.base[0m][[32mINFO[0m] - Generating training dataset for next epoch...[0m
[[36m2026-02-19 09:17:56,512[0m][[34mrl4co.models.rl.common.base[0m][[32mINFO[0m] - Generating training dataset for next epoch...[0m
[[36m2026-02-19 09:27:18,388[0m][[34mrl4co.models.rl.common.base[0m][[32mINFO[0m] - Generating training dataset for next epoch...[0m
[[36m2026-02-19 09:36:40,116[0m][[34mrl4co.models.rl.common.base[0m][[32mINFO[0m] - Generating training dataset for next epoch...[0m
[[36m2026-02-19 09:46:00,819[0m][[34mrl4co.models.rl.common.base[0m][[32mINFO[0m] - Generating training dataset for next epoch...[0m
[[36m2026-02-19 09:55:24,500[0m][[34mrl4co.models.rl.common.base[0m][[32mINFO[0m] - Generating training dataset for next epoch...[0m
[[36m2026-02-19 10:04:47,829[0m][[34mrl4co.models.rl.common.base[0m][[32mINFO[0m] - Generating training dataset for next epoch...[0m
[[36m2026-02-19 10:15:11,765[0m][[34mrl4co.models.rl.common.base[0m][[32mINFO[0m] - Generating training dataset for next epoch...[0m
[[36m2026-02-19 10:25:34,993[0m][[34mrl4co.models.rl.common.base[0m][[32mINFO[0m] - Generating training dataset for next epoch...[0m
[[36m2026-02-19 10:35:58,449[0m][[34mrl4co.models.rl.common.base[0m][[32mINFO[0m] - Generating training dataset for next epoch...[0m
[[36m2026-02-19 10:46:21,921[0m][[34mrl4co.models.rl.common.base[0m][[32mINFO[0m] - Generating training dataset for next epoch...[0m
[[36m2026-02-19 10:56:45,488[0m][[34mrl4co.models.rl.common.base[0m][[32mINFO[0m] - Generating training dataset for next epoch...[0m
[[36m2026-02-19 11:07:09,156[0m][[34mrl4co.models.rl.common.base[0m][[32mINFO[0m] - Generating training dataset for next epoch...[0m
[[36m2026-02-19 11:17:05,908[0m][[34mrl4co.models.rl.common.base[0m][[32mINFO[0m] - Generating training dataset for next epoch...[0m
[[36m2026-02-19 11:26:29,033[0m][[34mrl4co.models.rl.common.base[0m][[32mINFO[0m] - Generating training dataset for next epoch...[0m
[[36m2026-02-19 11:35:52,474[0m][[34mrl4co.models.rl.common.base[0m][[32mINFO[0m] - Generating training dataset for next epoch...[0m
[[36m2026-02-19 11:46:16,047[0m][[34mrl4co.models.rl.common.base[0m][[32mINFO[0m] - Generating training dataset for next epoch...[0m
[[36m2026-02-19 11:56:40,002[0m][[34mrl4co.models.rl.common.base[0m][[32mINFO[0m] - Generating training dataset for next epoch...[0m
[[36m2026-02-19 12:05:59,186[0m][[34mrl4co.models.rl.common.base[0m][[32mINFO[0m] - Generating training dataset for next epoch...[0m
[[36m2026-02-19 12:15:17,904[0m][[34mrl4co.models.rl.common.base[0m][[32mINFO[0m] - Generating training dataset for next epoch...[0m
[[36m2026-02-19 12:24:36,673[0m][[34mrl4co.models.rl.common.base[0m][[32mINFO[0m] - Generating training dataset for next epoch...[0m
[[36m2026-02-19 12:33:54,550[0m][[34mrl4co.models.rl.common.base[0m][[32mINFO[0m] - Generating training dataset for next epoch...[0m
[[36m2026-02-19 12:43:12,449[0m][[34mrl4co.models.rl.common.base[0m][[32mINFO[0m] - Generating training dataset for next epoch...[0m
[[36m2026-02-19 12:52:30,447[0m][[34mrl4co.models.rl.common.base[0m][[32mINFO[0m] - Generating training dataset for next epoch...[0m
[[36m2026-02-19 13:01:51,993[0m][[34mrl4co.models.rl.common.base[0m][[32mINFO[0m] - Generating training dataset for next epoch...[0m
[[36m2026-02-19 13:11:13,824[0m][[34mrl4co.models.rl.common.base[0m][[32mINFO[0m] - Generating training dataset for next epoch...[0m
[[36m2026-02-19 13:20:35,087[0m][[34mrl4co.models.rl.common.base[0m][[32mINFO[0m] - Generating training dataset for next epoch...[0m
[[36m2026-02-19 13:29:56,481[0m][[34mrl4co.models.rl.common.base[0m][[32mINFO[0m] - Generating training dataset for next epoch...[0m
[[36m2026-02-19 13:39:21,943[0m][[34mrl4co.models.rl.common.base[0m][[32mINFO[0m] - Generating training dataset for next epoch...[0m
[[36m2026-02-19 13:48:47,296[0m][[34mrl4co.models.rl.common.base[0m][[32mINFO[0m] - Generating training dataset for next epoch...[0m
[[36m2026-02-19 13:58:12,579[0m][[34mrl4co.models.rl.common.base[0m][[32mINFO[0m] - Generating training dataset for next epoch...[0m
[[36m2026-02-19 14:07:37,923[0m][[34mrl4co.models.rl.common.base[0m][[32mINFO[0m] - Generating training dataset for next epoch...[0m
[[36m2026-02-19 14:17:03,294[0m][[34mrl4co.models.rl.common.base[0m][[32mINFO[0m] - Generating training dataset for next epoch...[0m
[[36m2026-02-19 14:26:28,465[0m][[34mrl4co.models.rl.common.base[0m][[32mINFO[0m] - Generating training dataset for next epoch...[0m
[[36m2026-02-19 14:35:53,884[0m][[34mrl4co.models.rl.common.base[0m][[32mINFO[0m] - Generating training dataset for next epoch...[0m
[[36m2026-02-19 14:45:19,346[0m][[34mrl4co.models.rl.common.base[0m][[32mINFO[0m] - Generating training dataset for next epoch...[0m
[[36m2026-02-19 14:54:44,657[0m][[34mrl4co.models.rl.common.base[0m][[32mINFO[0m] - Generating training dataset for next epoch...[0m
[[36m2026-02-19 15:04:09,767[0m][[34mrl4co.models.rl.common.base[0m][[32mINFO[0m] - Generating training dataset for next epoch...[0m
[[36m2026-02-19 15:13:34,542[0m][[34mrl4co.models.rl.common.base[0m][[32mINFO[0m] - Generating training dataset for next epoch...[0m
[[36m2026-02-19 15:22:59,744[0m][[34mrl4co.models.rl.common.base[0m][[32mINFO[0m] - Generating training dataset for next epoch...[0m
[[36m2026-02-19 15:32:24,827[0m][[34mrl4co.models.rl.common.base[0m][[32mINFO[0m] - Generating training dataset for next epoch...[0m
[[36m2026-02-19 15:41:49,881[0m][[34mrl4co.models.rl.common.base[0m][[32mINFO[0m] - Generating training dataset for next epoch...[0m
[[36m2026-02-19 15:51:14,885[0m][[34mrl4co.models.rl.common.base[0m][[32mINFO[0m] - Generating training dataset for next epoch...[0m
[[36m2026-02-19 16:00:39,975[0m][[34mrl4co.models.rl.common.base[0m][[32mINFO[0m] - Generating training dataset for next epoch...[0m
[[36m2026-02-19 16:10:04,613[0m][[34mrl4co.models.rl.common.base[0m][[32mINFO[0m] - Generating training dataset for next epoch...[0m
[[36m2026-02-19 16:19:29,216[0m][[34mrl4co.models.rl.common.base[0m][[32mINFO[0m] - Generating training dataset for next epoch...[0m
[[36m2026-02-19 16:28:53,706[0m][[34mrl4co.models.rl.common.base[0m][[32mINFO[0m] - Generating training dataset for next epoch...[0m
[[36m2026-02-19 16:38:18,246[0m][[34mrl4co.models.rl.common.base[0m][[32mINFO[0m] - Generating training dataset for next epoch...[0m
[[36m2026-02-19 16:47:42,913[0m][[34mrl4co.models.rl.common.base[0m][[32mINFO[0m] - Generating training dataset for next epoch...[0m
[[36m2026-02-19 16:57:07,407[0m][[34mrl4co.models.rl.common.base[0m][[32mINFO[0m] - Generating training dataset for next epoch...[0m
[[36m2026-02-19 17:06:31,885[0m][[34mrl4co.models.rl.common.base[0m][[32mINFO[0m] - Generating training dataset for next epoch...[0m
[[36m2026-02-19 17:15:54,512[0m][[34mrl4co.models.rl.common.base[0m][[32mINFO[0m] - Generating training dataset for next epoch...[0m
[[36m2026-02-19 17:25:13,268[0m][[34mrl4co.models.rl.common.base[0m][[32mINFO[0m] - Generating training dataset for next epoch...[0m
[[36m2026-02-19 17:34:30,916[0m][[34mrl4co.models.rl.common.base[0m][[32mINFO[0m] - Generating training dataset for next epoch...[0m
[[36m2026-02-19 17:43:48,923[0m][[34mrl4co.models.rl.common.base[0m][[32mINFO[0m] - Generating training dataset for next epoch...[0m
[[36m2026-02-19 17:53:06,710[0m][[34mrl4co.models.rl.common.base[0m][[32mINFO[0m] - Generating training dataset for next epoch...[0m
[[36m2026-02-19 18:02:24,294[0m][[34mrl4co.models.rl.common.base[0m][[32mINFO[0m] - Generating training dataset for next epoch...[0m
[[36m2026-02-19 18:11:42,257[0m][[34mrl4co.models.rl.common.base[0m][[32mINFO[0m] - Generating training dataset for next epoch...[0m
[[36m2026-02-19 18:21:00,359[0m][[34mrl4co.models.rl.common.base[0m][[32mINFO[0m] - Generating training dataset for next epoch...[0m
[[36m2026-02-19 18:30:18,133[0m][[34mrl4co.models.rl.common.base[0m][[32mINFO[0m] - Generating training dataset for next epoch...[0m
[[36m2026-02-19 18:39:36,534[0m][[34mrl4co.models.rl.common.base[0m][[32mINFO[0m] - Generating training dataset for next epoch...[0m
[[36m2026-02-19 18:48:54,735[0m][[34mrl4co.models.rl.common.base[0m][[32mINFO[0m] - Generating training dataset for next epoch...[0m
[[36m2026-02-19 18:58:12,852[0m][[34mrl4co.models.rl.common.base[0m][[32mINFO[0m] - Generating training dataset for next epoch...[0m
[[36m2026-02-19 19:07:31,409[0m][[34mrl4co.models.rl.common.base[0m][[32mINFO[0m] - Generating training dataset for next epoch...[0m
[[36m2026-02-19 19:16:51,762[0m][[34mrl4co.models.rl.common.base[0m][[32mINFO[0m] - Generating training dataset for next epoch...[0m
[[36m2026-02-19 19:26:12,958[0m][[34mrl4co.models.rl.common.base[0m][[32mINFO[0m] - Generating training dataset for next epoch...[0m
[[36m2026-02-19 19:35:34,154[0m][[34mrl4co.models.rl.common.base[0m][[32mINFO[0m] - Generating training dataset for next epoch...[0m
[[36m2026-02-19 19:44:55,684[0m][[34mrl4co.models.rl.common.base[0m][[32mINFO[0m] - Generating training dataset for next epoch...[0m
[[36m2026-02-19 19:54:17,245[0m][[34mrl4co.models.rl.common.base[0m][[32mINFO[0m] - Generating training dataset for next epoch...[0m
[[36m2026-02-19 20:03:38,525[0m][[34mrl4co.models.rl.common.base[0m][[32mINFO[0m] - Generating training dataset for next epoch...[0m
[[36m2026-02-19 20:13:00,002[0m][[34mrl4co.models.rl.common.base[0m][[32mINFO[0m] - Generating training dataset for next epoch...[0m
[[36m2026-02-19 20:22:21,449[0m][[34mrl4co.models.rl.common.base[0m][[32mINFO[0m] - Generating training dataset for next epoch...[0m
[[36m2026-02-19 20:31:42,697[0m][[34mrl4co.models.rl.common.base[0m][[32mINFO[0m] - Generating training dataset for next epoch...[0m
[[36m2026-02-19 20:41:04,176[0m][[34mrl4co.models.rl.common.base[0m][[32mINFO[0m] - Generating training dataset for next epoch...[0m
[[36m2026-02-19 20:50:25,394[0m][[34mrl4co.models.rl.common.base[0m][[32mINFO[0m] - Generating training dataset for next epoch...[0m
[[36m2026-02-19 20:59:48,231[0m][[34mrl4co.models.rl.common.base[0m][[32mINFO[0m] - Generating training dataset for next epoch...[0m
[[36m2026-02-19 21:09:10,978[0m][[34mrl4co.models.rl.common.base[0m][[32mINFO[0m] - Generating training dataset for next epoch...[0m
[[36m2026-02-19 21:18:30,982[0m][[34mrl4co.models.rl.common.base[0m][[32mINFO[0m] - Generating training dataset for next epoch...[0m
[[36m2026-02-19 21:27:55,476[0m][[34mrl4co.models.rl.common.base[0m][[32mINFO[0m] - Generating training dataset for next epoch...[0m
[[36m2026-02-19 21:38:12,468[0m][[34mrl4co.models.rl.common.base[0m][[32mINFO[0m] - Generating training dataset for next epoch...[0m
[[36m2026-02-19 21:48:30,682[0m][[34mrl4co.models.rl.common.base[0m][[32mINFO[0m] - Generating training dataset for next epoch...[0m
[[36m2026-02-19 21:58:51,777[0m][[34mrl4co.models.rl.common.base[0m][[32mINFO[0m] - Generating training dataset for next epoch...[0m
[[36m2026-02-19 22:09:14,679[0m][[34mrl4co.models.rl.common.base[0m][[32mINFO[0m] - Generating training dataset for next epoch...[0m
[[36m2026-02-19 22:19:37,345[0m][[34mrl4co.models.rl.common.base[0m][[32mINFO[0m] - Generating training dataset for next epoch...[0m
[[36m2026-02-19 22:30:03,454[0m][[34mrl4co.models.rl.common.base[0m][[32mINFO[0m] - Generating training dataset for next epoch...[0m
[[36m2026-02-19 22:40:30,609[0m][[34mrl4co.models.rl.common.base[0m][[32mINFO[0m] - Generating training dataset for next epoch...[0m
[[36m2026-02-19 22:50:47,441[0m][[34mrl4co.models.rl.common.base[0m][[32mINFO[0m] - Generating training dataset for next epoch...[0m
[[36m2026-02-19 23:01:03,219[0m][[34mrl4co.models.rl.common.base[0m][[32mINFO[0m] - Generating training dataset for next epoch...[0m
[[36m2026-02-19 23:11:25,063[0m][[34mrl4co.models.rl.common.base[0m][[32mINFO[0m] - Generating training dataset for next epoch...[0m
[[36m2026-02-19 23:21:41,834[0m][[34mrl4co.models.rl.common.base[0m][[32mINFO[0m] - Generating training dataset for next epoch...[0m
[[36m2026-02-19 23:32:03,092[0m][[34mrl4co.models.rl.common.base[0m][[32mINFO[0m] - Generating training dataset for next epoch...[0m
[[36m2026-02-19 23:42:25,076[0m][[34mrl4co.models.rl.common.base[0m][[32mINFO[0m] - Generating training dataset for next epoch...[0m
[[36m2026-02-19 23:51:58,312[0m][[34mrl4co.models.rl.common.base[0m][[32mINFO[0m] - Generating training dataset for next epoch...[0m
[[36m2026-02-20 00:01:24,326[0m][[34mrl4co.models.rl.common.base[0m][[32mINFO[0m] - Generating training dataset for next epoch...[0m
[[36m2026-02-20 00:10:50,675[0m][[34mrl4co.models.rl.common.base[0m][[32mINFO[0m] - Generating training dataset for next epoch...[0m
[[36m2026-02-20 00:21:07,479[0m][[34mrl4co.models.rl.common.base[0m][[32mINFO[0m] - Generating training dataset for next epoch...[0m
[[36m2026-02-20 00:31:30,269[0m][[34mrl4co.models.rl.common.base[0m][[32mINFO[0m] - Generating training dataset for next epoch...[0m
[[36m2026-02-20 00:41:53,143[0m][[34mrl4co.models.rl.common.base[0m][[32mINFO[0m] - Generating training dataset for next epoch...[0m
[[36m2026-02-20 00:52:15,327[0m][[34mrl4co.models.rl.common.base[0m][[32mINFO[0m] - Generating training dataset for next epoch...[0m
[[36m2026-02-20 01:02:37,739[0m][[34mrl4co.models.rl.common.base[0m][[32mINFO[0m] - Generating training dataset for next epoch...[0m
[[36m2026-02-20 01:12:44,920[0m][[34mrl4co.models.rl.common.base[0m][[32mINFO[0m] - Generating training dataset for next epoch...[0m
[[36m2026-02-20 01:22:07,146[0m][[34mrl4co.models.rl.common.base[0m][[32mINFO[0m] - Generating training dataset for next epoch...[0m
[[36m2026-02-20 01:31:38,374[0m][[34mrl4co.models.rl.common.base[0m][[32mINFO[0m] - Generating training dataset for next epoch...[0m
[[36m2026-02-20 01:41:28,594[0m][[34mrl4co.models.rl.common.base[0m][[32mINFO[0m] - Generating training dataset for next epoch...[0m
[[36m2026-02-20 01:50:51,074[0m][[34mrl4co.models.rl.common.base[0m][[32mINFO[0m] - Generating training dataset for next epoch...[0m
[[36m2026-02-20 02:00:10,311[0m][[34mrl4co.models.rl.common.base[0m][[32mINFO[0m] - Generating training dataset for next epoch...[0m
[[36m2026-02-20 02:09:32,202[0m][[34mrl4co.models.rl.common.base[0m][[32mINFO[0m] - Generating training dataset for next epoch...[0m
[[36m2026-02-20 02:18:56,144[0m][[34mrl4co.models.rl.common.base[0m][[32mINFO[0m] - Generating training dataset for next epoch...[0m
[[36m2026-02-20 02:28:19,429[0m][[34mrl4co.models.rl.common.base[0m][[32mINFO[0m] - Generating training dataset for next epoch...[0m
[[36m2026-02-20 02:37:40,631[0m][[34mrl4co.models.rl.common.base[0m][[32mINFO[0m] - Generating training dataset for next epoch...[0m
[[36m2026-02-20 02:46:59,278[0m][[34mrl4co.models.rl.common.base[0m][[32mINFO[0m] - Generating training dataset for next epoch...[0m
[[36m2026-02-20 02:56:33,125[0m][[34mrl4co.models.rl.common.base[0m][[32mINFO[0m] - Generating training dataset for next epoch...[0m
[[36m2026-02-20 03:06:21,046[0m][[34mrl4co.models.rl.common.base[0m][[32mINFO[0m] - Generating training dataset for next epoch...[0m
[[36m2026-02-20 03:15:49,648[0m][[34mrl4co.models.rl.common.base[0m][[32mINFO[0m] - Generating training dataset for next epoch...[0m
[[36m2026-02-20 03:25:09,835[0m][[34mrl4co.models.rl.common.base[0m][[32mINFO[0m] - Generating training dataset for next epoch...[0m
[[36m2026-02-20 03:34:30,857[0m][[34mrl4co.models.rl.common.base[0m][[32mINFO[0m] - Generating training dataset for next epoch...[0m
[[36m2026-02-20 03:43:50,063[0m][[34mrl4co.models.rl.common.base[0m][[32mINFO[0m] - Generating training dataset for next epoch...[0m
[[36m2026-02-20 03:53:15,352[0m][[34mrl4co.models.rl.common.base[0m][[32mINFO[0m] - Generating training dataset for next epoch...[0m
[[36m2026-02-20 04:02:41,961[0m][[34mrl4co.models.rl.common.base[0m][[32mINFO[0m] - Generating training dataset for next epoch...[0m
[[36m2026-02-20 04:12:01,303[0m][[34mrl4co.models.rl.common.base[0m][[32mINFO[0m] - Generating training dataset for next epoch...[0m
[[36m2026-02-20 04:21:45,647[0m][[34mrl4co.models.rl.common.base[0m][[32mINFO[0m] - Generating training dataset for next epoch...[0m
[[36m2026-02-20 04:32:08,031[0m][[34mrl4co.models.rl.common.base[0m][[32mINFO[0m] - Generating training dataset for next epoch...[0m
[[36m2026-02-20 04:42:17,979[0m][[34mrl4co.models.rl.common.base[0m][[32mINFO[0m] - Generating training dataset for next epoch...[0m
[[36m2026-02-20 04:52:38,646[0m][[34mrl4co.models.rl.common.base[0m][[32mINFO[0m] - Generating training dataset for next epoch...[0m
[[36m2026-02-20 05:03:01,110[0m][[34mrl4co.models.rl.common.base[0m][[32mINFO[0m] - Generating training dataset for next epoch...[0m
[[36m2026-02-20 05:13:20,011[0m][[34mrl4co.models.rl.common.base[0m][[32mINFO[0m] - Generating training dataset for next epoch...[0m
[[36m2026-02-20 05:23:33,275[0m][[34mrl4co.models.rl.common.base[0m][[32mINFO[0m] - Generating training dataset for next epoch...[0m
[[36m2026-02-20 05:34:01,062[0m][[34mrl4co.models.rl.common.base[0m][[32mINFO[0m] - Generating training dataset for next epoch...[0m
[[36m2026-02-20 05:43:43,521[0m][[34mrl4co.models.rl.common.base[0m][[32mINFO[0m] - Generating training dataset for next epoch...[0m
[[36m2026-02-20 05:53:07,125[0m][[34mrl4co.models.rl.common.base[0m][[32mINFO[0m] - Generating training dataset for next epoch...[0m
[[36m2026-02-20 06:02:30,819[0m][[34mrl4co.models.rl.common.base[0m][[32mINFO[0m] - Generating training dataset for next epoch...[0m
[[36m2026-02-20 06:11:54,740[0m][[34mrl4co.models.rl.common.base[0m][[32mINFO[0m] - Generating training dataset for next epoch...[0m
[[36m2026-02-20 06:21:16,251[0m][[34mrl4co.models.rl.common.base[0m][[32mINFO[0m] - Generating training dataset for next epoch...[0m
[[36m2026-02-20 06:30:37,008[0m][[34mrl4co.models.rl.common.base[0m][[32mINFO[0m] - Generating training dataset for next epoch...[0m
[[36m2026-02-20 06:39:55,598[0m][[34mrl4co.models.rl.common.base[0m][[32mINFO[0m] - Generating training dataset for next epoch...[0m
[[36m2026-02-20 06:49:19,455[0m][[34mrl4co.models.rl.common.base[0m][[32mINFO[0m] - Generating training dataset for next epoch...[0m
[[36m2026-02-20 06:58:39,164[0m][[34mrl4co.models.rl.common.base[0m][[32mINFO[0m] - Generating training dataset for next epoch...[0m
[[36m2026-02-20 07:08:03,040[0m][[34mrl4co.models.rl.common.base[0m][[32mINFO[0m] - Generating training dataset for next epoch...[0m
[[36m2026-02-20 07:17:24,123[0m][[34mrl4co.models.rl.common.base[0m][[32mINFO[0m] - Generating training dataset for next epoch...[0m
[[36m2026-02-20 07:27:02,186[0m][[34mrl4co.models.rl.common.base[0m][[32mINFO[0m] - Generating training dataset for next epoch...[0m
[[36m2026-02-20 07:37:19,157[0m][[34mrl4co.models.rl.common.base[0m][[32mINFO[0m] - Generating training dataset for next epoch...[0m
[[36m2026-02-20 07:47:38,352[0m][[34mrl4co.models.rl.common.base[0m][[32mINFO[0m] - Generating training dataset for next epoch...[0m
[[36m2026-02-20 07:57:17,563[0m][[34mrl4co.models.rl.common.base[0m][[32mINFO[0m] - Generating training dataset for next epoch...[0m
[[36m2026-02-20 08:06:42,788[0m][[34mrl4co.models.rl.common.base[0m][[32mINFO[0m] - Generating training dataset for next epoch...[0m
[[36m2026-02-20 08:16:03,389[0m][[34mrl4co.models.rl.common.base[0m][[32mINFO[0m] - Generating training dataset for next epoch...[0m
[[36m2026-02-20 08:25:24,079[0m][[34mrl4co.models.rl.common.base[0m][[32mINFO[0m] - Generating training dataset for next epoch...[0m
[[36m2026-02-20 08:35:32,929[0m][[34mrl4co.models.rl.common.base[0m][[32mINFO[0m] - Generating training dataset for next epoch...[0m
[[36m2026-02-20 08:45:05,965[0m][[34mrl4co.models.rl.common.base[0m][[32mINFO[0m] - Generating training dataset for next epoch...[0m
[[36m2026-02-20 08:54:53,261[0m][[34mrl4co.models.rl.common.base[0m][[32mINFO[0m] - Generating training dataset for next epoch...[0m
[[36m2026-02-20 09:04:13,418[0m][[34mrl4co.models.rl.common.base[0m][[32mINFO[0m] - Generating training dataset for next epoch...[0m
[[36m2026-02-20 09:13:37,355[0m][[34mrl4co.models.rl.common.base[0m][[32mINFO[0m] - Generating training dataset for next epoch...[0m
[[36m2026-02-20 09:22:58,964[0m][[34mrl4co.models.rl.common.base[0m][[32mINFO[0m] - Generating training dataset for next epoch...[0m
[[36m2026-02-20 09:32:38,845[0m][[34mrl4co.models.rl.common.base[0m][[32mINFO[0m] - Generating training dataset for next epoch...[0m
[[36m2026-02-20 09:41:59,258[0m][[34mrl4co.models.rl.common.base[0m][[32mINFO[0m] - Generating training dataset for next epoch...[0m
[[36m2026-02-20 09:51:21,932[0m][[34mrl4co.models.rl.common.base[0m][[32mINFO[0m] - Generating training dataset for next epoch...[0m
[[36m2026-02-20 10:00:45,026[0m][[34mrl4co.models.rl.common.base[0m][[32mINFO[0m] - Generating training dataset for next epoch...[0m
[[36m2026-02-20 10:10:14,234[0m][[34mrl4co.models.rl.common.base[0m][[32mINFO[0m] - Generating training dataset for next epoch...[0m
[[36m2026-02-20 10:19:35,093[0m][[34mrl4co.models.rl.common.base[0m][[32mINFO[0m] - Generating training dataset for next epoch...[0m
[[36m2026-02-20 10:28:59,628[0m][[34mrl4co.models.rl.common.base[0m][[32mINFO[0m] - Generating training dataset for next epoch...[0m
[[36m2026-02-20 10:38:21,582[0m][[34mrl4co.models.rl.common.base[0m][[32mINFO[0m] - Generating training dataset for next epoch...[0m
[[36m2026-02-20 10:47:47,131[0m][[34mrl4co.models.rl.common.base[0m][[32mINFO[0m] - Generating training dataset for next epoch...[0m
[[36m2026-02-20 10:57:08,117[0m][[34mrl4co.models.rl.common.base[0m][[32mINFO[0m] - Generating training dataset for next epoch...[0m
[[36m2026-02-20 11:06:27,592[0m][[34mrl4co.models.rl.common.base[0m][[32mINFO[0m] - Generating training dataset for next epoch...[0m
[[36m2026-02-20 11:16:01,694[0m][[34mrl4co.models.rl.common.base[0m][[32mINFO[0m] - Generating training dataset for next epoch...[0m
[[36m2026-02-20 11:25:24,349[0m][[34mrl4co.models.rl.common.base[0m][[32mINFO[0m] - Generating training dataset for next epoch...[0m
[[36m2026-02-20 11:34:46,297[0m][[34mrl4co.models.rl.common.base[0m][[32mINFO[0m] - Generating training dataset for next epoch...[0m
[[36m2026-02-20 11:44:28,774[0m][[34mrl4co.models.rl.common.base[0m][[32mINFO[0m] - Generating training dataset for next epoch...[0m
[[36m2026-02-20 11:54:49,154[0m][[34mrl4co.models.rl.common.base[0m][[32mINFO[0m] - Generating training dataset for next epoch...[0m
[[36m2026-02-20 12:05:09,260[0m][[34mrl4co.models.rl.common.base[0m][[32mINFO[0m] - Generating training dataset for next epoch...[0m
[[36m2026-02-20 12:15:25,151[0m][[34mrl4co.models.rl.common.base[0m][[32mINFO[0m] - Generating training dataset for next epoch...[0m
[[36m2026-02-20 12:25:42,080[0m][[34mrl4co.models.rl.common.base[0m][[32mINFO[0m] - Generating training dataset for next epoch...[0m
[[36m2026-02-20 12:36:00,022[0m][[34mrl4co.models.rl.common.base[0m][[32mINFO[0m] - Generating training dataset for next epoch...[0m
[[36m2026-02-20 12:46:19,188[0m][[34mrl4co.models.rl.common.base[0m][[32mINFO[0m] - Generating training dataset for next epoch...[0m
[[36m2026-02-20 12:55:42,202[0m][[34mrl4co.models.rl.common.base[0m][[32mINFO[0m] - Generating training dataset for next epoch...[0m
[[36m2026-02-20 13:05:05,011[0m][[34mrl4co.models.rl.common.base[0m][[32mINFO[0m] - Generating training dataset for next epoch...[0m
[[36m2026-02-20 13:14:27,724[0m][[34mrl4co.models.rl.common.base[0m][[32mINFO[0m] - Generating training dataset for next epoch...[0m
[[36m2026-02-20 13:23:50,123[0m][[34mrl4co.models.rl.common.base[0m][[32mINFO[0m] - Generating training dataset for next epoch...[0m
[[36m2026-02-20 13:33:12,700[0m][[34mrl4co.models.rl.common.base[0m][[32mINFO[0m] - Generating training dataset for next epoch...[0m
[[36m2026-02-20 13:42:35,461[0m][[34mrl4co.models.rl.common.base[0m][[32mINFO[0m] - Generating training dataset for next epoch...[0m
[[36m2026-02-20 13:51:58,118[0m][[34mrl4co.models.rl.common.base[0m][[32mINFO[0m] - Generating training dataset for next epoch...[0m
[[36m2026-02-20 14:01:19,996[0m][[34mrl4co.models.rl.common.base[0m][[32mINFO[0m] - Generating training dataset for next epoch...[0m
[[36m2026-02-20 14:10:41,546[0m][[34mrl4co.models.rl.common.base[0m][[32mINFO[0m] - Generating training dataset for next epoch...[0m
[[36m2026-02-20 14:20:02,899[0m][[34mrl4co.models.rl.common.base[0m][[32mINFO[0m] - Generating training dataset for next epoch...[0m
[[36m2026-02-20 14:29:24,463[0m][[34mrl4co.models.rl.common.base[0m][[32mINFO[0m] - Generating training dataset for next epoch...[0m
[[36m2026-02-20 14:38:46,004[0m][[34mrl4co.models.rl.common.base[0m][[32mINFO[0m] - Generating training dataset for next epoch...[0m
[[36m2026-02-20 14:48:07,518[0m][[34mrl4co.models.rl.common.base[0m][[32mINFO[0m] - Generating training dataset for next epoch...[0m
[[36m2026-02-20 14:57:28,513[0m][[34mrl4co.models.rl.common.base[0m][[32mINFO[0m] - Generating training dataset for next epoch...[0m
[[36m2026-02-20 15:06:48,672[0m][[34mrl4co.models.rl.common.base[0m][[32mINFO[0m] - Generating training dataset for next epoch...[0m
[[36m2026-02-20 15:16:08,722[0m][[34mrl4co.models.rl.common.base[0m][[32mINFO[0m] - Generating training dataset for next epoch...[0m
[[36m2026-02-20 15:25:29,203[0m][[34mrl4co.models.rl.common.base[0m][[32mINFO[0m] - Generating training dataset for next epoch...[0m
[[36m2026-02-20 15:34:49,499[0m][[34mrl4co.models.rl.common.base[0m][[32mINFO[0m] - Generating training dataset for next epoch...[0m
[[36m2026-02-20 15:44:09,688[0m][[34mrl4co.models.rl.common.base[0m][[32mINFO[0m] - Generating training dataset for next epoch...[0m
[[36m2026-02-20 15:53:29,949[0m][[34mrl4co.models.rl.common.base[0m][[32mINFO[0m] - Generating training dataset for next epoch...[0m
[[36m2026-02-20 16:02:50,188[0m][[34mrl4co.models.rl.common.base[0m][[32mINFO[0m] - Generating training dataset for next epoch...[0m
[[36m2026-02-20 16:12:09,734[0m][[34mrl4co.models.rl.common.base[0m][[32mINFO[0m] - Generating training dataset for next epoch...[0m
[[36m2026-02-20 16:21:29,577[0m][[34mrl4co.models.rl.common.base[0m][[32mINFO[0m] - Generating training dataset for next epoch...[0m
[[36m2026-02-20 16:30:49,075[0m][[34mrl4co.models.rl.common.base[0m][[32mINFO[0m] - Generating training dataset for next epoch...[0m
[[36m2026-02-20 16:40:08,190[0m][[34mrl4co.models.rl.common.base[0m][[32mINFO[0m] - Generating training dataset for next epoch...[0m
[[36m2026-02-20 16:49:27,796[0m][[34mrl4co.models.rl.common.base[0m][[32mINFO[0m] - Generating training dataset for next epoch...[0m
[[36m2026-02-20 16:58:47,337[0m][[34mrl4co.models.rl.common.base[0m][[32mINFO[0m] - Generating training dataset for next epoch...[0m
[[36m2026-02-20 17:08:06,525[0m][[34mrl4co.models.rl.common.base[0m][[32mINFO[0m] - Generating training dataset for next epoch...[0m
[[36m2026-02-20 17:17:41,506[0m][[34mrl4co.models.rl.common.base[0m][[32mINFO[0m] - Generating training dataset for next epoch...[0m
[[36m2026-02-20 17:27:09,456[0m][[34mrl4co.models.rl.common.base[0m][[32mINFO[0m] - Generating training dataset for next epoch...[0m
[[36m2026-02-20 17:36:36,004[0m][[34mrl4co.models.rl.common.base[0m][[32mINFO[0m] - Generating training dataset for next epoch...[0m
[[36m2026-02-20 17:46:02,183[0m][[34mrl4co.models.rl.common.base[0m][[32mINFO[0m] - Generating training dataset for next epoch...[0m
[[36m2026-02-20 17:55:28,300[0m][[34mrl4co.models.rl.common.base[0m][[32mINFO[0m] - Generating training dataset for next epoch...[0m
[[36m2026-02-20 18:04:54,613[0m][[34mrl4co.models.rl.common.base[0m][[32mINFO[0m] - Generating training dataset for next epoch...[0m
[[36m2026-02-20 18:14:18,661[0m][[34mrl4co.models.rl.common.base[0m][[32mINFO[0m] - Generating training dataset for next epoch...[0m
[[36m2026-02-20 18:23:44,641[0m][[34mrl4co.models.rl.common.base[0m][[32mINFO[0m] - Generating training dataset for next epoch...[0m
[[36m2026-02-20 18:33:27,105[0m][[34mrl4co.models.rl.common.base[0m][[32mINFO[0m] - Generating training dataset for next epoch...[0m
[[36m2026-02-20 18:43:24,717[0m][[34mrl4co.models.rl.common.base[0m][[32mINFO[0m] - Generating training dataset for next epoch...[0m
[[36m2026-02-20 18:53:20,323[0m][[34mrl4co.models.rl.common.base[0m][[32mINFO[0m] - Generating training dataset for next epoch...[0m
[[36m2026-02-20 19:02:45,251[0m][[34mrl4co.models.rl.common.base[0m][[32mINFO[0m] - Generating training dataset for next epoch...[0m
[[36m2026-02-20 19:12:14,494[0m][[34mrl4co.models.rl.common.base[0m][[32mINFO[0m] - Generating training dataset for next epoch...[0m
[[36m2026-02-20 19:21:39,515[0m][[34mrl4co.models.rl.common.base[0m][[32mINFO[0m] - Generating training dataset for next epoch...[0m
[[36m2026-02-20 19:30:59,344[0m][[34mrl4co.models.rl.common.base[0m][[32mINFO[0m] - Generating training dataset for next epoch...[0m
[[36m2026-02-20 19:40:18,176[0m][[34mrl4co.models.rl.common.base[0m][[32mINFO[0m] - Generating training dataset for next epoch...[0m
[[36m2026-02-20 19:49:38,709[0m][[34mrl4co.models.rl.common.base[0m][[32mINFO[0m] - Generating training dataset for next epoch...[0m
[[36m2026-02-20 19:59:18,492[0m][[34mrl4co.models.rl.common.base[0m][[32mINFO[0m] - Generating training dataset for next epoch...[0m
[[36m2026-02-20 20:08:46,424[0m][[34mrl4co.models.rl.common.base[0m][[32mINFO[0m] - Generating training dataset for next epoch...[0m
[[36m2026-02-20 20:18:56,058[0m][[34mrl4co.models.rl.common.base[0m][[32mINFO[0m] - Generating training dataset for next epoch...[0m
[[36m2026-02-20 20:29:17,178[0m][[34mrl4co.models.rl.common.base[0m][[32mINFO[0m] - Generating training dataset for next epoch...[0m
[[36m2026-02-20 20:39:35,358[0m][[34mrl4co.models.rl.common.base[0m][[32mINFO[0m] - Generating training dataset for next epoch...[0m
[[36m2026-02-20 20:50:08,753[0m][[34mrl4co.models.rl.common.base[0m][[32mINFO[0m] - Generating training dataset for next epoch...[0m
[[36m2026-02-20 21:00:34,042[0m][[34mrl4co.models.rl.common.base[0m][[32mINFO[0m] - Generating training dataset for next epoch...[0m
[[36m2026-02-20 21:10:19,609[0m][[34mrl4co.models.rl.common.base[0m][[32mINFO[0m] - Generating training dataset for next epoch...[0m
[[36m2026-02-20 21:19:39,124[0m][[34mrl4co.models.rl.common.base[0m][[32mINFO[0m] - Generating training dataset for next epoch...[0m
[[36m2026-02-20 21:29:03,387[0m][[34mrl4co.models.rl.common.base[0m][[32mINFO[0m] - Generating training dataset for next epoch...[0m
[[36m2026-02-20 21:39:02,937[0m][[34mrl4co.models.rl.common.base[0m][[32mINFO[0m] - Generating training dataset for next epoch...[0m
[[36m2026-02-20 21:49:24,640[0m][[34mrl4co.models.rl.common.base[0m][[32mINFO[0m] - Generating training dataset for next epoch...[0m
[[36m2026-02-20 21:58:46,428[0m][[34mrl4co.models.rl.common.base[0m][[32mINFO[0m] - Generating training dataset for next epoch...[0m
[[36m2026-02-20 22:08:08,546[0m][[34mrl4co.models.rl.common.base[0m][[32mINFO[0m] - Generating training dataset for next epoch...[0m
[[36m2026-02-20 22:18:01,495[0m][[34mrl4co.models.rl.common.base[0m][[32mINFO[0m] - Generating training dataset for next epoch...[0m
[[36m2026-02-20 22:28:24,732[0m][[34mrl4co.models.rl.common.base[0m][[32mINFO[0m] - Generating training dataset for next epoch...[0m
[[36m2026-02-20 22:37:44,976[0m][[34mrl4co.models.rl.common.base[0m][[32mINFO[0m] - Generating training dataset for next epoch...[0m
[[36m2026-02-20 22:47:05,671[0m][[34mrl4co.models.rl.common.base[0m][[32mINFO[0m] - Generating training dataset for next epoch...[0m
[[36m2026-02-20 22:56:27,352[0m][[34mrl4co.models.rl.common.base[0m][[32mINFO[0m] - Generating training dataset for next epoch...[0m
[[36m2026-02-20 23:05:49,506[0m][[34mrl4co.models.rl.common.base[0m][[32mINFO[0m] - Generating training dataset for next epoch...[0m
[[36m2026-02-20 23:15:11,453[0m][[34mrl4co.models.rl.common.base[0m][[32mINFO[0m] - Generating training dataset for next epoch...[0m
[[36m2026-02-20 23:24:36,865[0m][[34mrl4co.models.rl.common.base[0m][[32mINFO[0m] - Generating training dataset for next epoch...[0m
[[36m2026-02-20 23:33:58,187[0m][[34mrl4co.models.rl.common.base[0m][[32mINFO[0m] - Generating training dataset for next epoch...[0m
[[36m2026-02-20 23:43:18,521[0m][[34mrl4co.models.rl.common.base[0m][[32mINFO[0m] - Generating training dataset for next epoch...[0m
[[36m2026-02-20 23:52:40,490[0m][[34mrl4co.models.rl.common.base[0m][[32mINFO[0m] - Generating training dataset for next epoch...[0m
[[36m2026-02-21 00:02:02,701[0m][[34mrl4co.models.rl.common.base[0m][[32mINFO[0m] - Generating training dataset for next epoch...[0m
[[36m2026-02-21 00:11:24,687[0m][[34mrl4co.models.rl.common.base[0m][[32mINFO[0m] - Generating training dataset for next epoch...[0m
[[36m2026-02-21 00:20:47,174[0m][[34mrl4co.models.rl.common.base[0m][[32mINFO[0m] - Generating training dataset for next epoch...[0m
[[36m2026-02-21 00:30:09,330[0m][[34mrl4co.models.rl.common.base[0m][[32mINFO[0m] - Generating training dataset for next epoch...[0m
[[36m2026-02-21 00:39:32,029[0m][[34mrl4co.models.rl.common.base[0m][[32mINFO[0m] - Generating training dataset for next epoch...[0m
[[36m2026-02-21 00:48:54,312[0m][[34mrl4co.models.rl.common.base[0m][[32mINFO[0m] - Generating training dataset for next epoch...[0m
[[36m2026-02-21 00:58:16,344[0m][[34mrl4co.models.rl.common.base[0m][[32mINFO[0m] - Generating training dataset for next epoch...[0m
[[36m2026-02-21 01:07:42,277[0m][[34mrl4co.models.rl.common.base[0m][[32mINFO[0m] - Generating training dataset for next epoch...[0m
[[36m2026-02-21 01:17:07,924[0m][[34mrl4co.models.rl.common.base[0m][[32mINFO[0m] - Generating training dataset for next epoch...[0m
[[36m2026-02-21 01:26:33,767[0m][[34mrl4co.models.rl.common.base[0m][[32mINFO[0m] - Generating training dataset for next epoch...[0m
[[36m2026-02-21 01:35:59,513[0m][[34mrl4co.models.rl.common.base[0m][[32mINFO[0m] - Generating training dataset for next epoch...[0m
[[36m2026-02-21 01:45:25,532[0m][[34mrl4co.models.rl.common.base[0m][[32mINFO[0m] - Generating training dataset for next epoch...[0m
[[36m2026-02-21 01:55:03,667[0m][[34mrl4co.models.rl.common.base[0m][[32mINFO[0m] - Generating training dataset for next epoch...[0m
[[36m2026-02-21 02:04:23,700[0m][[34mrl4co.models.rl.common.base[0m][[32mINFO[0m] - Generating training dataset for next epoch...[0m
[[36m2026-02-21 02:13:45,529[0m][[34mrl4co.models.rl.common.base[0m][[32mINFO[0m] - Generating training dataset for next epoch...[0m
[[36m2026-02-21 02:23:04,947[0m][[34mrl4co.models.rl.common.base[0m][[32mINFO[0m] - Generating training dataset for next epoch...[0m
[[36m2026-02-21 02:32:26,704[0m][[34mrl4co.models.rl.common.base[0m][[32mINFO[0m] - Generating training dataset for next epoch...[0m
[[36m2026-02-21 02:41:51,574[0m][[34mrl4co.models.rl.common.base[0m][[32mINFO[0m] - Generating training dataset for next epoch...[0m
[[36m2026-02-21 02:52:38,182[0m][[34mrl4co.models.rl.common.base[0m][[32mINFO[0m] - Generating training dataset for next epoch...[0m
[[36m2026-02-21 03:02:54,068[0m][[34mrl4co.models.rl.common.base[0m][[32mINFO[0m] - Generating training dataset for next epoch...[0m
[[36m2026-02-21 03:13:07,994[0m][[34mrl4co.models.rl.common.base[0m][[32mINFO[0m] - Generating training dataset for next epoch...[0m
[[36m2026-02-21 03:22:35,964[0m][[34mrl4co.models.rl.common.base[0m][[32mINFO[0m] - Generating training dataset for next epoch...[0m
[[36m2026-02-21 03:32:00,913[0m][[34mrl4co.models.rl.common.base[0m][[32mINFO[0m] - Generating training dataset for next epoch...[0m
[[36m2026-02-21 03:41:23,713[0m][[34mrl4co.models.rl.common.base[0m][[32mINFO[0m] - Generating training dataset for next epoch...[0m
[[36m2026-02-21 03:50:43,886[0m][[34mrl4co.models.rl.common.base[0m][[32mINFO[0m] - Generating training dataset for next epoch...[0m
[[36m2026-02-21 04:00:04,965[0m][[34mrl4co.models.rl.common.base[0m][[32mINFO[0m] - Generating training dataset for next epoch...[0m
[[36m2026-02-21 04:09:58,678[0m][[34mrl4co.models.rl.common.base[0m][[32mINFO[0m] - Generating training dataset for next epoch...[0m
[[36m2026-02-21 04:19:21,687[0m][[34mrl4co.models.rl.common.base[0m][[32mINFO[0m] - Generating training dataset for next epoch...[0m
[[36m2026-02-21 04:28:42,965[0m][[34mrl4co.models.rl.common.base[0m][[32mINFO[0m] - Generating training dataset for next epoch...[0m
[[36m2026-02-21 04:38:03,958[0m][[34mrl4co.models.rl.common.base[0m][[32mINFO[0m] - Generating training dataset for next epoch...[0m
[[36m2026-02-21 04:47:24,969[0m][[34mrl4co.models.rl.common.base[0m][[32mINFO[0m] - Generating training dataset for next epoch...[0m
[[36m2026-02-21 04:56:45,978[0m][[34mrl4co.models.rl.common.base[0m][[32mINFO[0m] - Generating training dataset for next epoch...[0m
[[36m2026-02-21 05:06:06,999[0m][[34mrl4co.models.rl.common.base[0m][[32mINFO[0m] - Generating training dataset for next epoch...[0m
[[36m2026-02-21 05:15:27,926[0m][[34mrl4co.models.rl.common.base[0m][[32mINFO[0m] - Generating training dataset for next epoch...[0m
[[36m2026-02-21 05:24:49,258[0m][[34mrl4co.models.rl.common.base[0m][[32mINFO[0m] - Generating training dataset for next epoch...[0m
[[36m2026-02-21 05:34:10,192[0m][[34mrl4co.models.rl.common.base[0m][[32mINFO[0m] - Generating training dataset for next epoch...[0m
[[36m2026-02-21 05:43:31,166[0m][[34mrl4co.models.rl.common.base[0m][[32mINFO[0m] - Generating training dataset for next epoch...[0m
[[36m2026-02-21 05:52:55,494[0m][[34mrl4co.models.rl.common.base[0m][[32mINFO[0m] - Generating training dataset for next epoch...[0m
[[36m2026-02-21 06:02:19,725[0m][[34mrl4co.models.rl.common.base[0m][[32mINFO[0m] - Generating training dataset for next epoch...[0m
[[36m2026-02-21 06:12:29,155[0m][[34mrl4co.models.rl.common.base[0m][[32mINFO[0m] - Generating training dataset for next epoch...[0m
[[36m2026-02-21 06:22:47,570[0m][[34mrl4co.models.rl.common.base[0m][[32mINFO[0m] - Generating training dataset for next epoch...[0m
[[36m2026-02-21 06:32:39,141[0m][[34mrl4co.models.rl.common.base[0m][[32mINFO[0m] - Generating training dataset for next epoch...[0m
[[36m2026-02-21 06:42:04,107[0m][[34mrl4co.models.rl.common.base[0m][[32mINFO[0m] - Generating training dataset for next epoch...[0m
[[36m2026-02-21 06:51:23,164[0m][[34mrl4co.models.rl.common.base[0m][[32mINFO[0m] - Generating training dataset for next epoch...[0m
[[36m2026-02-21 07:00:47,786[0m][[34mrl4co.models.rl.common.base[0m][[32mINFO[0m] - Generating training dataset for next epoch...[0m
[[36m2026-02-21 07:10:28,442[0m][[34mrl4co.models.rl.common.base[0m][[32mINFO[0m] - Generating training dataset for next epoch...[0m
[[36m2026-02-21 07:20:23,739[0m][[34mrl4co.models.rl.common.base[0m][[32mINFO[0m] - Generating training dataset for next epoch...[0m
[[36m2026-02-21 07:30:41,983[0m][[34mrl4co.models.rl.common.base[0m][[32mINFO[0m] - Generating training dataset for next epoch...[0m
[[36m2026-02-21 07:40:58,897[0m][[34mrl4co.models.rl.common.base[0m][[32mINFO[0m] - Generating training dataset for next epoch...[0m
[[36m2026-02-21 07:51:27,189[0m][[34mrl4co.models.rl.common.base[0m][[32mINFO[0m] - Generating training dataset for next epoch...[0m
