epoch,lr-Adam,step,time/epoch (s),time/inter_step (ms),time/intra_step (ms),train/loss,train/max_reward,train/reward,train/sll_loss,val/max_reward,val/reward
,0.0003,0,,,,,,,,,
,,49,,,419.7554588317871,,,,,,
,,49,,7.419109344482422,,,,,,,
0,,49,,,,3.617640972137451,-19.72205352783203,-21.713726043701172,3.617640972137451,,
,,99,,,427.25110054016113,,,,,,
,,99,,25.47907829284668,,,,,,,
0,,99,,,,3.571159839630127,-18.52281951904297,-20.053436279296875,3.571159839630127,,
,,149,,,418.8117980957031,,,,,,
,,149,,7.605791091918945,,,,,,,
0,,149,,,,3.5665459632873535,-19.177446365356445,-20.768476486206055,3.5665459632873535,,
,,199,,,397.75681495666504,,,,,,
,,199,,22.509336471557617,,,,,,,
0,,199,,,,3.5699009895324707,-18.43340492248535,-19.89295196533203,3.5699009895324707,,
,,249,,,390.61903953552246,,,,,,
,,249,,4.594564437866211,,,,,,,
0,,249,,,,3.563072443008423,-18.160625457763672,-19.502120971679688,3.563072443008423,,
,,299,,,402.8820991516113,,,,,,
,,299,,23.13375473022461,,,,,,,
0,,299,,,,3.5682880878448486,-18.53952407836914,-19.91457176208496,3.5682880878448486,,
,,349,,,406.1729907989502,,,,,,
,,349,,5.657196044921875,,,,,,,
0,,349,,,,3.563716411590576,-18.063777923583984,-19.413188934326172,3.563716411590576,,
,,399,,,398.40221405029297,,,,,,
,,399,,22.825241088867188,,,,,,,
0,,399,,,,3.5453286170959473,-17.94274139404297,-19.21159553527832,3.5453286170959473,,
,,449,,,403.7814140319824,,,,,,
,,449,,4.494905471801758,,,,,,,
0,,449,,,,3.5568885803222656,-18.096012115478516,-19.395858764648438,3.5568885803222656,,
,,499,,,410.4042053222656,,,,,,
,,499,,22.78900146484375,,,,,,,
0,,499,,,,3.550678253173828,-18.03070640563965,-19.27302360534668,3.550678253173828,,
,,549,,,403.9328098297119,,,,,,
,,549,,4.48155403137207,,,,,,,
0,,549,,,,3.5401127338409424,-17.360214233398438,-18.58425521850586,3.5401127338409424,,
,,599,,,412.1434688568115,,,,,,
,,599,,22.655963897705078,,,,,,,
0,,599,,,,3.534996271133423,-17.539981842041016,-18.706748962402344,3.534996271133423,,
,,649,,,409.564733505249,,,,,,
,,649,,6.097078323364258,,,,,,,
0,,649,,,,3.5368876457214355,-17.617584228515625,-18.74718475341797,3.5368876457214355,,
,,699,,,413.81311416625977,,,,,,
,,699,,24.849891662597656,,,,,,,
0,,699,,,,3.5532195568084717,-17.495189666748047,-18.6351261138916,3.5532195568084717,,
,,749,,,413.35129737854004,,,,,,
,,749,,7.156133651733398,,,,,,,
0,,749,,,,3.534994125366211,-17.51839828491211,-18.601665496826172,3.534994125366211,,
,,799,,,414.5352840423584,,,,,,
,,799,,23.859024047851562,,,,,,,
0,,799,,,,3.5473620891571045,-17.33893585205078,-18.450380325317383,3.5473620891571045,,
,,849,,,417.5221920013428,,,,,,
,,849,,7.215261459350586,,,,,,,
0,,849,,,,3.5355982780456543,-17.70733642578125,-18.7351016998291,3.5355982780456543,,
,,899,,,410.5510711669922,,,,,,
,,899,,25.6350040435791,,,,,,,
0,,899,,,,3.544851064682007,-17.468181610107422,-18.47930335998535,3.544851064682007,,
,,949,,,427.6754856109619,,,,,,
,,949,,8.227348327636719,,,,,,,
0,,949,,,,3.5435304641723633,-17.418731689453125,-18.462888717651367,3.5435304641723633,,
,,999,,,425.3408908843994,,,,,,
,,999,,25.14052391052246,,,,,,,
0,,999,,,,3.5452258586883545,-17.0069637298584,-18.02168846130371,3.5452258586883545,,
,,1049,,,430.8767318725586,,,,,,
,,1049,,9.788274765014648,,,,,,,
0,,1049,,,,3.5411899089813232,-17.37032699584961,-18.38699722290039,3.5411899089813232,,
,,1099,,,431.0734272003174,,,,,,
,,1099,,26.421546936035156,,,,,,,
0,,1099,,,,3.5393264293670654,-16.852949142456055,-17.77110481262207,3.5393264293670654,,
,,1149,,,437.42847442626953,,,,,,
,,1149,,8.714914321899414,,,,,,,
0,,1149,,,,3.5447752475738525,-16.98333740234375,-17.970460891723633,3.5447752475738525,,
,,1199,,,429.0270805358887,,,,,,
,,1199,,26.139497756958008,,,,,,,
0,,1199,,,,3.5481984615325928,-17.310422897338867,-18.293720245361328,3.5481984615325928,,
,,1249,,,430.5415153503418,,,,,,
,,1249,,8.00323486328125,,,,,,,
0,,1249,,,,3.5290517807006836,-17.142423629760742,-18.06121826171875,3.5290517807006836,,
,,1299,,,433.2008361816406,,,,,,
,,1299,,29.750823974609375,,,,,,,
0,,1299,,,,3.5395116806030273,-17.454715728759766,-18.436254501342773,3.5395116806030273,,
,,1349,,,429.5532703399658,,,,,,
,,1349,,8.265256881713867,,,,,,,
0,,1349,,,,3.5460731983184814,-16.702892303466797,-17.658973693847656,3.5460731983184814,,
,,1399,,,426.1345863342285,,,,,,
,,1399,,24.520397186279297,,,,,,,
0,,1399,,,,3.538829803466797,-17.47640609741211,-18.471662521362305,3.538829803466797,,
,,1449,,,422.1477508544922,,,,,,
,,1449,,7.617473602294922,,,,,,,
0,,1449,,,,3.544389009475708,-16.813106536865234,-17.763593673706055,3.544389009475708,,
,,1499,,,423.39253425598145,,,,,,
,,1499,,29.50763702392578,,,,,,,
0,,1499,,,,3.5343878269195557,-17.059406280517578,-17.978246688842773,3.5343878269195557,,
,,1549,,,422.6539134979248,,,,,,
,,1549,,7.115602493286133,,,,,,,
0,,1549,,,,3.5366017818450928,-16.87310028076172,-17.791534423828125,3.5366017818450928,,
0,,1562,,,,,,,,-16.640527725219727,-17.414966583251953
,,1563,785.4482173919678,,,,,,,,
,0.0003,1563,,,,,,,,,
,,1599,,,432.6646327972412,,,,,,
,,1599,,25.61044692993164,,,,,,,
1,,1599,,,,3.540600299835205,-17.002120971679688,-17.912086486816406,3.540600299835205,,
,,1649,,,425.184965133667,,,,,,
,,1649,,6.814002990722656,,,,,,,
1,,1649,,,,3.526761293411255,-17.236125946044922,-18.132898330688477,3.526761293411255,,
,,1699,,,423.04444313049316,,,,,,
,,1699,,26.196718215942383,,,,,,,
1,,1699,,,,3.55277943611145,-16.844776153564453,-17.734081268310547,3.55277943611145,,
,,1749,,,430.07755279541016,,,,,,
,,1749,,6.814002990722656,,,,,,,
1,,1749,,,,3.5434107780456543,-17.211381912231445,-18.1225528717041,3.5434107780456543,,
,,1799,,,422.6205348968506,,,,,,
,,1799,,26.204586029052734,,,,,,,
1,,1799,,,,3.533754825592041,-17.033153533935547,-17.90877914428711,3.533754825592041,,
,,1849,,,429.34155464172363,,,,,,
,,1849,,7.339954376220703,,,,,,,
1,,1849,,,,3.543492317199707,-16.975894927978516,-17.85946273803711,3.543492317199707,,
,,1899,,,424.27778244018555,,,,,,
,,1899,,28.311729431152344,,,,,,,
1,,1899,,,,3.544482946395874,-16.868480682373047,-17.78188705444336,3.544482946395874,,
,,1949,,,422.0132827758789,,,,,,
,,1949,,7.558107376098633,,,,,,,
1,,1949,,,,3.525840997695923,-16.891393661499023,-17.79847526550293,3.525840997695923,,
,,1999,,,426.73802375793457,,,,,,
,,1999,,24.34539794921875,,,,,,,
1,,1999,,,,3.539996862411499,-17.157739639282227,-18.051362991333008,3.539996862411499,,
,,2049,,,425.1537322998047,,,,,,
,,2049,,7.95745849609375,,,,,,,
1,,2049,,,,3.5375816822052,-17.230493545532227,-18.128313064575195,3.5375816822052,,
,,2099,,,427.86669731140137,,,,,,
,,2099,,24.619579315185547,,,,,,,
1,,2099,,,,3.5354630947113037,-16.67403793334961,-17.53400993347168,3.5354630947113037,,
,,2149,,,408.73098373413086,,,,,,
,,2149,,6.886959075927734,,,,,,,
1,,2149,,,,3.5347816944122314,-16.680496215820312,-17.5516300201416,3.5347816944122314,,
,,2199,,,410.25400161743164,,,,,,
,,2199,,26.354551315307617,,,,,,,
1,,2199,,,,3.5337443351745605,-16.739341735839844,-17.608732223510742,3.5337443351745605,,
,,2249,,,414.11852836608887,,,,,,
,,2249,,7.057428359985352,,,,,,,
1,,2249,,,,3.5261967182159424,-17.10188102722168,-17.992177963256836,3.5261967182159424,,
,,2299,,,407.94992446899414,,,,,,
,,2299,,22.082805633544922,,,,,,,
1,,2299,,,,3.5390515327453613,-17.00584602355957,-17.851930618286133,3.5390515327453613,,
,,2349,,,416.4559841156006,,,,,,
,,2349,,7.626771926879883,,,,,,,
1,,2349,,,,3.536081075668335,-16.884716033935547,-17.748239517211914,3.536081075668335,,
,,2399,,,416.57352447509766,,,,,,
,,2399,,26.87215805053711,,,,,,,
1,,2399,,,,3.5394389629364014,-16.553834915161133,-17.40272331237793,3.5394389629364014,,
,,2449,,,406.2042236328125,,,,,,
,,2449,,4.698753356933594,,,,,,,
1,,2449,,,,3.534864664077759,-16.863862991333008,-17.710552215576172,3.534864664077759,,
,,2499,,,414.1514301300049,,,,,,
,,2499,,27.190446853637695,,,,,,,
1,,2499,,,,3.5369811058044434,-16.86490821838379,-17.718482971191406,3.5369811058044434,,
,,2549,,,407.4597358703613,,,,,,
,,2549,,6.974220275878906,,,,,,,
1,,2549,,,,3.5298678874969482,-16.94798469543457,-17.800565719604492,3.5298678874969482,,
,,2599,,,408.92481803894043,,,,,,
,,2599,,22.064208984375,,,,,,,
1,,2599,,,,3.5389058589935303,-16.416568756103516,-17.254764556884766,3.5389058589935303,,
,,2649,,,404.1447639465332,,,,,,
,,2649,,4.733562469482422,,,,,,,
1,,2649,,,,3.526447057723999,-17.09908676147461,-17.975374221801758,3.526447057723999,,
,,2699,,,393.76163482666016,,,,,,
,,2699,,22.131681442260742,,,,,,,
1,,2699,,,,3.5249204635620117,-16.431629180908203,-17.26903533935547,3.5249204635620117,,
,,2749,,,391.5832042694092,,,,,,
,,2749,,4.744529724121094,,,,,,,
1,,2749,,,,3.529393434524536,-16.64348793029785,-17.465375900268555,3.529393434524536,,
,,2799,,,408.63990783691406,,,,,,
,,2799,,26.690244674682617,,,,,,,
1,,2799,,,,3.530604839324951,-16.727066040039062,-17.547882080078125,3.530604839324951,,
,,2849,,,403.2890796661377,,,,,,
,,2849,,4.667043685913086,,,,,,,
1,,2849,,,,3.536482572555542,-16.913654327392578,-17.755807876586914,3.536482572555542,,
,,2899,,,397.0522880554199,,,,,,
,,2899,,22.054433822631836,,,,,,,
1,,2899,,,,3.533351421356201,-16.86492156982422,-17.74287986755371,3.533351421356201,,
,,2949,,,407.3326587677002,,,,,,
,,2949,,7.149457931518555,,,,,,,
1,,2949,,,,3.531381845474243,-16.805017471313477,-17.661460876464844,3.531381845474243,,
,,2999,,,408.34593772888184,,,,,,
,,2999,,24.951934814453125,,,,,,,
1,,2999,,,,3.531909942626953,-16.738039016723633,-17.584962844848633,3.531909942626953,,
,,3049,,,416.86487197875977,,,,,,
,,3049,,7.19904899597168,,,,,,,
1,,3049,,,,3.534203052520752,-16.924728393554688,-17.75840187072754,3.534203052520752,,
,,3099,,,409.96360778808594,,,,,,
,,3099,,22.39227294921875,,,,,,,
1,,3099,,,,3.5378990173339844,-16.982641220092773,-17.768680572509766,3.5378990173339844,,
1,,3125,,,,,,,,-16.464811325073242,-17.155494689941406
,,3126,777.6339213848114,,,,,,,,
,0.0003,3126,,,,,,,,,
,,3149,,,410.5565547943115,,,,,,
,,3149,,6.112098693847656,,,,,,,
2,,3149,,,,3.5283758640289307,-16.758935928344727,-17.592763900756836,3.5283758640289307,,
,,3199,,,400.3119468688965,,,,,,
,,3199,,21.76213264465332,,,,,,,
2,,3199,,,,3.52655029296875,-17.046669006347656,-17.86379051208496,3.52655029296875,,
,,3249,,,406.36491775512695,,,,,,
,,3249,,4.708051681518555,,,,,,,
2,,3249,,,,3.5391392707824707,-17.25505828857422,-18.09840965270996,3.5391392707824707,,
,,3299,,,400.63929557800293,,,,,,
,,3299,,21.932125091552734,,,,,,,
2,,3299,,,,3.5363192558288574,-16.542125701904297,-17.39151382446289,3.5363192558288574,,
,,3349,,,397.74203300476074,,,,,,
,,3349,,4.672765731811523,,,,,,,
2,,3349,,,,3.5308215618133545,-17.090869903564453,-17.904850006103516,3.5308215618133545,,
,,3399,,,397.2342014312744,,,,,,
,,3399,,22.073984146118164,,,,,,,
2,,3399,,,,3.5308644771575928,-16.62993049621582,-17.468412399291992,3.5308644771575928,,
,,3449,,,395.09057998657227,,,,,,
,,3449,,4.9533843994140625,,,,,,,
2,,3449,,,,3.530507802963257,-16.861434936523438,-17.690885543823242,3.530507802963257,,
,,3499,,,403.3703804016113,,,,,,
,,3499,,21.7742919921875,,,,,,,
2,,3499,,,,3.5281572341918945,-16.575551986694336,-17.387916564941406,3.5281572341918945,,
,,3549,,,404.4628143310547,,,,,,
,,3549,,4.736423492431641,,,,,,,
2,,3549,,,,3.5318288803100586,-16.784866333007812,-17.61510467529297,3.5318288803100586,,
,,3599,,,400.47240257263184,,,,,,
,,3599,,22.61829376220703,,,,,,,
2,,3599,,,,3.530857563018799,-16.583087921142578,-17.414997100830078,3.530857563018799,,
,,3649,,,400.2423286437988,,,,,,
,,3649,,4.847288131713867,,,,,,,
2,,3649,,,,3.534281015396118,-16.836132049560547,-17.623411178588867,3.534281015396118,,
,,3699,,,397.35889434814453,,,,,,
,,3699,,22.017478942871094,,,,,,,
2,,3699,,,,3.526994466781616,-16.57558822631836,-17.35860824584961,3.526994466781616,,
,,3749,,,397.24135398864746,,,,,,
,,3749,,5.097627639770508,,,,,,,
2,,3749,,,,3.5371456146240234,-16.510896682739258,-17.35230255126953,3.5371456146240234,,
,,3799,,,411.4370346069336,,,,,,
,,3799,,28.036832809448242,,,,,,,
2,,3799,,,,3.527590751647949,-16.509950637817383,-17.325428009033203,3.527590751647949,,
,,3849,,,405.61461448669434,,,,,,
,,3849,,5.916833877563477,,,,,,,
2,,3849,,,,3.5279197692871094,-16.69219207763672,-17.468027114868164,3.5279197692871094,,
,,3899,,,793.3552265167236,,,,,,
,,3899,,27.579069137573242,,,,,,,
2,,3899,,,,3.5380334854125977,-16.560941696166992,-17.367626190185547,3.5380334854125977,,
,,3949,,,410.9232425689697,,,,,,
,,3949,,4.506587982177734,,,,,,,
2,,3949,,,,3.529993772506714,-16.592647552490234,-17.37124252319336,3.529993772506714,,
,,3999,,,409.58619117736816,,,,,,
,,3999,,28.573036193847656,,,,,,,
2,,3999,,,,3.5327017307281494,-16.62542724609375,-17.438739776611328,3.5327017307281494,,
,,4049,,,423.11739921569824,,,,,,
,,4049,,7.629632949829102,,,,,,,
2,,4049,,,,3.528404712677002,-16.113731384277344,-16.91225814819336,3.528404712677002,,
,,4099,,,414.3383502960205,,,,,,
,,4099,,28.569698333740234,,,,,,,
2,,4099,,,,3.5373754501342773,-16.41828155517578,-17.233320236206055,3.5373754501342773,,
,,4149,,,407.75012969970703,,,,,,
,,4149,,6.4144134521484375,,,,,,,
2,,4149,,,,3.530595302581787,-16.857402801513672,-17.66720962524414,3.530595302581787,,
,,4199,,,416.1546230316162,,,,,,
,,4199,,25.680065155029297,,,,,,,
2,,4199,,,,3.530630111694336,-16.76222038269043,-17.53744888305664,3.530630111694336,,
,,4249,,,409.0235233306885,,,,,,
,,4249,,6.633520126342773,,,,,,,
2,,4249,,,,3.5395750999450684,-16.88892364501953,-17.69732093811035,3.5395750999450684,,
,,4299,,,418.52879524230957,,,,,,
,,4299,,27.011394500732422,,,,,,,
2,,4299,,,,3.520206928253174,-16.704322814941406,-17.477264404296875,3.520206928253174,,
,,4349,,,416.229248046875,,,,,,
,,4349,,7.526636123657227,,,,,,,
2,,4349,,,,3.5277607440948486,-16.09012794494629,-16.88247299194336,3.5277607440948486,,
,,4399,,,414.3500328063965,,,,,,
,,4399,,27.05073356628418,,,,,,,
2,,4399,,,,3.5356459617614746,-16.344676971435547,-17.127710342407227,3.5356459617614746,,
,,4449,,,428.47704887390137,,,,,,
,,4449,,8.407831192016602,,,,,,,
2,,4449,,,,3.53387188911438,-16.55223846435547,-17.397838592529297,3.53387188911438,,
,,4499,,,429.1198253631592,,,,,,
,,4499,,26.83711051940918,,,,,,,
2,,4499,,,,3.5291192531585693,-16.92990493774414,-17.760953903198242,3.5291192531585693,,
,,4549,,,427.656888961792,,,,,,
,,4549,,8.177042007446289,,,,,,,
2,,4549,,,,3.520399808883667,-16.580476760864258,-17.392927169799805,3.520399808883667,,
,,4599,,,417.13452339172363,,,,,,
,,4599,,26.109695434570312,,,,,,,
2,,4599,,,,3.5249552726745605,-16.630203247070312,-17.433168411254883,3.5249552726745605,,
,,4649,,,425.19545555114746,,,,,,
,,4649,,7.409811019897461,,,,,,,
2,,4649,,,,3.5299432277679443,-16.44329071044922,-17.20467185974121,3.5299432277679443,,
2,,4688,,,,,,,,-16.41219139099121,-17.08614730834961
,,4689,770.9541289806366,,,,,,,,
,0.0003,4689,,,,,,,,,
,,4699,,,416.37182235717773,,,,,,
,,4699,,24.962663650512695,,,,,,,
3,,4699,,,,3.539949893951416,-16.360214233398438,-17.161109924316406,3.539949893951416,,
,,4749,,,432.269811630249,,,,,,
,,4749,,7.790327072143555,,,,,,,
3,,4749,,,,3.5307774543762207,-16.75113868713379,-17.538616180419922,3.5307774543762207,,
,,4799,,,410.750150680542,,,,,,
,,4799,,27.356624603271484,,,,,,,
3,,4799,,,,3.5284745693206787,-16.736557006835938,-17.527162551879883,3.5284745693206787,,
,,4849,,,418.9581871032715,,,,,,
,,4849,,7.267951965332031,,,,,,,
3,,4849,,,,3.5264337062835693,-16.226978302001953,-17.00005531311035,3.5264337062835693,,
,,4899,,,419.0967082977295,,,,,,
,,4899,,25.153636932373047,,,,,,,
3,,4899,,,,3.522165536880493,-16.463178634643555,-17.25275421142578,3.522165536880493,,
,,4949,,,412.30249404907227,,,,,,
,,4949,,6.922245025634766,,,,,,,
3,,4949,,,,3.531215190887451,-16.493511199951172,-17.315105438232422,3.531215190887451,,
,,4999,,,424.04651641845703,,,,,,
,,4999,,24.38521385192871,,,,,,,
3,,4999,,,,3.533842086791992,-16.379446029663086,-17.13943099975586,3.533842086791992,,
,,5049,,,427.0024299621582,,,,,,
,,5049,,7.527828216552734,,,,,,,
3,,5049,,,,3.530024290084839,-16.22490882873535,-16.980632781982422,3.530024290084839,,
,,5099,,,431.0600757598877,,,,,,
,,5099,,26.540040969848633,,,,,,,
3,,5099,,,,3.520136833190918,-16.341800689697266,-17.12239646911621,3.520136833190918,,
,,5149,,,430.6914806365967,,,,,,
,,5149,,8.655786514282227,,,,,,,
3,,5149,,,,3.534874200820923,-16.720138549804688,-17.553373336791992,3.534874200820923,,
,,5199,,,427.8450012207031,,,,,,
,,5199,,28.5947322845459,,,,,,,
3,,5199,,,,3.524970054626465,-16.44744873046875,-17.219608306884766,3.524970054626465,,
,,5249,,,437.4511241912842,,,,,,
,,5249,,7.748126983642578,,,,,,,
3,,5249,,,,3.5245487689971924,-17.05709457397461,-17.848060607910156,3.5245487689971924,,
,,5299,,,432.3155879974365,,,,,,
,,5299,,27.075529098510742,,,,,,,
3,,5299,,,,3.5273754596710205,-16.46367073059082,-17.224504470825195,3.5273754596710205,,
,,5349,,,430.25660514831543,,,,,,
,,5349,,8.073568344116211,,,,,,,
3,,5349,,,,3.529047727584839,-16.477577209472656,-17.268449783325195,3.529047727584839,,
,,5399,,,433.14433097839355,,,,,,
,,5399,,27.062416076660156,,,,,,,
3,,5399,,,,3.527446746826172,-16.691469192504883,-17.483673095703125,3.527446746826172,,
,,5449,,,432.92737007141113,,,,,,
,,5449,,8.121013641357422,,,,,,,
3,,5449,,,,3.525195837020874,-16.487091064453125,-17.249113082885742,3.525195837020874,,
,,5499,,,433.92038345336914,,,,,,
,,5499,,26.81589126586914,,,,,,,
3,,5499,,,,3.51869797706604,-16.569427490234375,-17.35257339477539,3.51869797706604,,
,,5549,,,433.2139492034912,,,,,,
,,5549,,7.591485977172852,,,,,,,
3,,5549,,,,3.5264272689819336,-16.98175048828125,-17.757658004760742,3.5264272689819336,,
,,5599,,,429.3394088745117,,,,,,
,,5599,,25.393962860107422,,,,,,,
3,,5599,,,,3.5211689472198486,-16.448036193847656,-17.213905334472656,3.5211689472198486,,
,,5649,,,430.0353527069092,,,,,,
,,5649,,7.686853408813477,,,,,,,
3,,5649,,,,3.5328752994537354,-16.438495635986328,-17.223012924194336,3.5328752994537354,,
,,5699,,,426.09119415283203,,,,,,
,,5699,,25.14028549194336,,,,,,,
3,,5699,,,,3.519413471221924,-16.140731811523438,-16.888280868530273,3.519413471221924,,
,,5749,,,426.01490020751953,,,,,,
,,5749,,8.330583572387695,,,,,,,
3,,5749,,,,3.534886360168457,-16.952638626098633,-17.716638565063477,3.534886360168457,,
,,5799,,,430.6919574737549,,,,,,
,,5799,,25.7718563079834,,,,,,,
3,,5799,,,,3.5223588943481445,-16.789569854736328,-17.573793411254883,3.5223588943481445,,
,,5849,,,426.8507957458496,,,,,,
,,5849,,8.111238479614258,,,,,,,
3,,5849,,,,3.5201549530029297,-16.611257553100586,-17.365995407104492,3.5201549530029297,,
,,5899,,,421.18000984191895,,,,,,
,,5899,,25.258541107177734,,,,,,,
3,,5899,,,,3.5234336853027344,-16.817354202270508,-17.579753875732422,3.5234336853027344,,
,,5949,,,430.9399127960205,,,,,,
,,5949,,8.854389190673828,,,,,,,
3,,5949,,,,3.5331923961639404,-16.672779083251953,-17.46664810180664,3.5331923961639404,,
,,5999,,,434.16857719421387,,,,,,
,,5999,,25.37393569946289,,,,,,,
3,,5999,,,,3.520841360092163,-16.852224349975586,-17.62053871154785,3.520841360092163,,
,,6049,,,427.3960590362549,,,,,,
,,6049,,7.691860198974609,,,,,,,
3,,6049,,,,3.5264220237731934,-16.652679443359375,-17.404603958129883,3.5264220237731934,,
,,6099,,,426.0976314544678,,,,,,
,,6099,,24.473190307617188,,,,,,,
3,,6099,,,,3.5267515182495117,-16.453811645507812,-17.210222244262695,3.5267515182495117,,
,,6149,,,427.19221115112305,,,,,,
,,6149,,8.714914321899414,,,,,,,
3,,6149,,,,3.5305559635162354,-16.513141632080078,-17.257368087768555,3.5305559635162354,,
,,6199,,,422.43432998657227,,,,,,
,,6199,,24.50394630432129,,,,,,,
3,,6199,,,,3.5284199714660645,-16.687973022460938,-17.464475631713867,3.5284199714660645,,
,,6249,,,431.70785903930664,,,,,,
,,6249,,7.727146148681641,,,,,,,
3,,6249,,,,3.525512218475342,-16.56500816345215,-17.330379486083984,3.525512218475342,,
3,,6251,,,,,,,,-16.357418060302734,-17.007720947265625
,,6252,800.7187540531158,,,,,,,,
,0.0003,6252,,,,,,,,,
,,6299,,,425.9042739868164,,,,,,
,,6299,,25.78902244567871,,,,,,,
4,,6299,,,,3.536491632461548,-16.649749755859375,-17.480682373046875,3.536491632461548,,
,,6349,,,428.9562702178955,,,,,,
,,6349,,7.577180862426758,,,,,,,
4,,6349,,,,3.527236223220825,-16.487823486328125,-17.286645889282227,3.527236223220825,,
,,6399,,,422.96695709228516,,,,,,
,,6399,,27.185678482055664,,,,,,,
4,,6399,,,,3.530851364135742,-16.707544326782227,-17.504350662231445,3.530851364135742,,
,,6449,,,424.0126609802246,,,,,,
,,6449,,7.572650909423828,,,,,,,
4,,6449,,,,3.52439022064209,-16.720882415771484,-17.509336471557617,3.52439022064209,,
,,6499,,,428.58409881591797,,,,,,
,,6499,,29.28447723388672,,,,,,,
4,,6499,,,,3.522857189178467,-16.631633758544922,-17.388208389282227,3.522857189178467,,
,,6549,,,428.2660484313965,,,,,,
,,6549,,7.394313812255859,,,,,,,
4,,6549,,,,3.522036075592041,-16.32866096496582,-17.102567672729492,3.522036075592041,,
,,6599,,,424.8652458190918,,,,,,
,,6599,,25.30050277709961,,,,,,,
4,,6599,,,,3.533506155014038,-16.41594886779785,-17.13804817199707,3.533506155014038,,
,,6649,,,427.1519184112549,,,,,,
,,6649,,8.250236511230469,,,,,,,
4,,6649,,,,3.5241215229034424,-16.618545532226562,-17.410228729248047,3.5241215229034424,,
,,6699,,,430.7379722595215,,,,,,
,,6699,,25.829076766967773,,,,,,,
4,,6699,,,,3.5185117721557617,-16.566007614135742,-17.36469268798828,3.5185117721557617,,
,,6749,,,417.0405864715576,,,,,,
,,6749,,7.834911346435547,,,,,,,
4,,6749,,,,3.531113624572754,-16.469680786132812,-17.223953247070312,3.531113624572754,,
,,6799,,,409.2373847961426,,,,,,
,,6799,,22.937297821044922,,,,,,,
4,,6799,,,,3.5296664237976074,-16.46481704711914,-17.232093811035156,3.5296664237976074,,
,,6849,,,425.3878593444824,,,,,,
,,6849,,8.511781692504883,,,,,,,
4,,6849,,,,3.5301451683044434,-16.318756103515625,-17.091289520263672,3.5301451683044434,,
,,6899,,,412.04047203063965,,,,,,
,,6899,,26.07440948486328,,,,,,,
4,,6899,,,,3.5138189792633057,-16.77100944519043,-17.546003341674805,3.5138189792633057,,
,,6949,,,413.2678508758545,,,,,,
,,6949,,7.706403732299805,,,,,,,
4,,6949,,,,3.5160512924194336,-16.761375427246094,-17.54235076904297,3.5160512924194336,,
,,6999,,,419.6927547454834,,,,,,
,,6999,,25.78592300415039,,,,,,,
4,,6999,,,,3.5235595703125,-16.556316375732422,-17.29532814025879,3.5235595703125,,
,,7049,,,411.6554260253906,,,,,,
,,7049,,4.947662353515625,,,,,,,
4,,7049,,,,3.540903329849243,-16.43865203857422,-17.20102310180664,3.540903329849243,,
,,7099,,,412.98627853393555,,,,,,
,,7099,,27.66275405883789,,,,,,,
4,,7099,,,,3.525256872177124,-16.914459228515625,-17.66446304321289,3.525256872177124,,
,,7149,,,407.7744483947754,,,,,,
,,7149,,4.961490631103516,,,,,,,
4,,7149,,,,3.524369239807129,-16.548202514648438,-17.3079776763916,3.524369239807129,,
,,7199,,,400.01630783081055,,,,,,
,,7199,,23.53811264038086,,,,,,,
4,,7199,,,,3.5314669609069824,-16.45280647277832,-17.204692840576172,3.5314669609069824,,
,,7249,,,403.9616584777832,,,,,,
,,7249,,4.926204681396484,,,,,,,
4,,7249,,,,3.5217602252960205,-16.82009506225586,-17.594635009765625,3.5217602252960205,,
,,7299,,,410.0947380065918,,,,,,
,,7299,,22.780418395996094,,,,,,,
4,,7299,,,,3.5322017669677734,-16.814193725585938,-17.563175201416016,3.5322017669677734,,
,,7349,,,406.1317443847656,,,,,,
,,7349,,4.799365997314453,,,,,,,
4,,7349,,,,3.5202856063842773,-16.523204803466797,-17.29362678527832,3.5202856063842773,,
,,7399,,,405.3215980529785,,,,,,
,,7399,,25.688886642456055,,,,,,,
4,,7399,,,,3.5291693210601807,-16.575908660888672,-17.33181381225586,3.5291693210601807,,
,,7449,,,413.862943649292,,,,,,
,,7449,,7.35926628112793,,,,,,,
4,,7449,,,,3.5269877910614014,-16.50969123840332,-17.27726936340332,3.5269877910614014,,
,,7499,,,406.98766708374023,,,,,,
,,7499,,22.017717361450195,,,,,,,
4,,7499,,,,3.533134698867798,-16.454978942871094,-17.18590545654297,3.533134698867798,,
,,7549,,,406.36229515075684,,,,,,
,,7549,,4.8007965087890625,,,,,,,
4,,7549,,,,3.5302629470825195,-16.162086486816406,-16.910648345947266,3.5302629470825195,,
,,7599,,,414.3052101135254,,,,,,
,,7599,,25.263547897338867,,,,,,,
4,,7599,,,,3.536412477493286,-16.417949676513672,-17.167707443237305,3.536412477493286,,
,,7649,,,409.23309326171875,,,,,,
,,7649,,7.436513900756836,,,,,,,
4,,7649,,,,3.5351762771606445,-16.089326858520508,-16.845693588256836,3.5351762771606445,,
,,7699,,,405.82990646362305,,,,,,
,,7699,,26.4129638671875,,,,,,,
4,,7699,,,,3.52932071685791,-16.34575843811035,-17.11284828186035,3.52932071685791,,
,,7749,,,421.67186737060547,,,,,,
,,7749,,8.570671081542969,,,,,,,
4,,7749,,,,3.5335280895233154,-16.538286209106445,-17.285581588745117,3.5335280895233154,,
,,7799,,,423.8889217376709,,,,,,
,,7799,,25.066375732421875,,,,,,,
4,,7799,,,,3.524833917617798,-16.40272331237793,-17.174144744873047,3.524833917617798,,
4,,7814,,,,,,,,-16.30440902709961,-16.929716110229492
,,7815,782.1007957458496,,,,,,,,
,0.0003,7815,,,,,,,,,
,,7849,,,432.1417808532715,,,,,,
,,7849,,8.188724517822266,,,,,,,
5,,7849,,,,3.531244993209839,-16.221965789794922,-16.962610244750977,3.531244993209839,,
,,7899,,,426.7258644104004,,,,,,
,,7899,,26.51190757751465,,,,,,,
5,,7899,,,,3.526441812515259,-16.071496963500977,-16.829668045043945,3.526441812515259,,
,,7949,,,434.3993663787842,,,,,,
,,7949,,7.708549499511719,,,,,,,
5,,7949,,,,3.5451953411102295,-16.83024787902832,-17.58698844909668,3.5451953411102295,,
,,7999,,,427.46424674987793,,,,,,
,,7999,,24.175167083740234,,,,,,,
5,,7999,,,,3.5276567935943604,-16.629409790039062,-17.356351852416992,3.5276567935943604,,
,,8049,,,426.511287689209,,,,,,
,,8049,,6.968259811401367,,,,,,,
5,,8049,,,,3.532210111618042,-16.841949462890625,-17.57961654663086,3.532210111618042,,
,,8099,,,430.65428733825684,,,,,,
,,8099,,24.239778518676758,,,,,,,
5,,8099,,,,3.5236597061157227,-16.563709259033203,-17.31043815612793,3.5236597061157227,,
,,8149,,,430.0863742828369,,,,,,
,,8149,,7.350921630859375,,,,,,,
5,,8149,,,,3.534149408340454,-16.47958755493164,-17.215972900390625,3.534149408340454,,
,,8199,,,420.9449291229248,,,,,,
,,8199,,29.804468154907227,,,,,,,
5,,8199,,,,3.538485050201416,-16.12448501586914,-16.893360137939453,3.538485050201416,,
,,8249,,,421.3602542877197,,,,,,
,,8249,,7.807016372680664,,,,,,,
5,,8249,,,,3.5324487686157227,-16.413135528564453,-17.1536808013916,3.5324487686157227,,
,,8299,,,430.30834197998047,,,,,,
,,8299,,26.28493309020996,,,,,,,
5,,8299,,,,3.530033588409424,-16.35540199279785,-17.10079002380371,3.530033588409424,,
,,8349,,,431.459903717041,,,,,,
,,8349,,7.380247116088867,,,,,,,
5,,8349,,,,3.5313963890075684,-16.49479866027832,-17.232683181762695,3.5313963890075684,,
,,8399,,,417.1488285064697,,,,,,
,,8399,,25.26259422302246,,,,,,,
5,,8399,,,,3.526557445526123,-16.114063262939453,-16.841344833374023,3.526557445526123,,
,,8449,,,429.81815338134766,,,,,,
,,8449,,7.361412048339844,,,,,,,
5,,8449,,,,3.53610897064209,-16.286029815673828,-17.038925170898438,3.53610897064209,,
,,8499,,,419.8031425476074,,,,,,
,,8499,,27.003765106201172,,,,,,,
5,,8499,,,,3.519841432571411,-16.567670822143555,-17.296308517456055,3.519841432571411,,
,,8549,,,414.1068458557129,,,,,,
,,8549,,6.359100341796875,,,,,,,
5,,8549,,,,3.53176212310791,-16.334514617919922,-17.06201171875,3.53176212310791,,
,,8599,,,408.36286544799805,,,,,,
,,8599,,23.43297004699707,,,,,,,
5,,8599,,,,3.528602123260498,-16.460670471191406,-17.187185287475586,3.528602123260498,,
,,8649,,,419.94643211364746,,,,,,
,,8649,,7.339954376220703,,,,,,,
5,,8649,,,,3.5247642993927,-16.873598098754883,-17.642955780029297,3.5247642993927,,
,,8699,,,412.54496574401855,,,,,,
,,8699,,25.9554386138916,,,,,,,
5,,8699,,,,3.5389657020568848,-16.8547306060791,-17.630340576171875,3.5389657020568848,,
,,8749,,,419.846773147583,,,,,,
,,8749,,7.343769073486328,,,,,,,
5,,8749,,,,3.533484697341919,-16.550052642822266,-17.283761978149414,3.533484697341919,,
,,8799,,,414.5092964172363,,,,,,
,,8799,,24.90687370300293,,,,,,,
5,,8799,,,,3.5292046070098877,-16.65917205810547,-17.3809814453125,3.5292046070098877,,
,,8849,,,412.8572940826416,,,,,,
,,8849,,6.145238876342773,,,,,,,
5,,8849,,,,3.523146390914917,-15.914390563964844,-16.669591903686523,3.523146390914917,,
,,8899,,,417.53196716308594,,,,,,
,,8899,,24.17445182800293,,,,,,,
5,,8899,,,,3.524773120880127,-16.43522071838379,-17.203977584838867,3.524773120880127,,
,,8949,,,412.44053840637207,,,,,,
,,8949,,4.691123962402344,,,,,,,
5,,8949,,,,3.523505210876465,-16.41567611694336,-17.12625503540039,3.523505210876465,,
,,8999,,,418.6694622039795,,,,,,
,,8999,,25.96259117126465,,,,,,,
5,,8999,,,,3.5293524265289307,-16.34502410888672,-17.07271957397461,3.5293524265289307,,
,,9049,,,415.6842231750488,,,,,,
,,9049,,6.9427490234375,,,,,,,
5,,9049,,,,3.5332727432250977,-17.0387020111084,-17.77468490600586,3.5332727432250977,,
,,9099,,,419.0654754638672,,,,,,
,,9099,,24.071693420410156,,,,,,,
5,,9099,,,,3.5343005657196045,-16.624034881591797,-17.387746810913086,3.5343005657196045,,
,,9149,,,414.0763282775879,,,,,,
,,9149,,7.672786712646484,,,,,,,
5,,9149,,,,3.531174898147583,-16.37689971923828,-17.104564666748047,3.531174898147583,,
,,9199,,,415.26079177856445,,,,,,
,,9199,,26.22056007385254,,,,,,,
5,,9199,,,,3.525981903076172,-16.616178512573242,-17.341081619262695,3.525981903076172,,
,,9249,,,414.4759178161621,,,,,,
,,9249,,7.410526275634766,,,,,,,
5,,9249,,,,3.5271379947662354,-16.37348747253418,-17.14700698852539,3.5271379947662354,,
,,9299,,,414.75820541381836,,,,,,
,,9299,,26.980876922607422,,,,,,,
5,,9299,,,,3.5267882347106934,-16.65988540649414,-17.380990982055664,3.5267882347106934,,
,,9349,,,411.61465644836426,,,,,,
,,9349,,7.324695587158203,,,,,,,
5,,9349,,,,3.5458290576934814,-16.102815628051758,-16.822141647338867,3.5458290576934814,,
5,,9377,,,,,,,,-16.291475296020508,-16.902517318725586
,,9378,788.9764678478241,,,,,,,,
,0.0003,9378,,,,,,,,,
,,9399,,,410.6626510620117,,,,,,
,,9399,,27.065277099609375,,,,,,,
6,,9399,,,,3.5324699878692627,-16.602432250976562,-17.313058853149414,3.5324699878692627,,
,,9449,,,417.0818328857422,,,,,,
,,9449,,6.728172302246094,,,,,,,
6,,9449,,,,3.53680157661438,-16.242416381835938,-16.967716217041016,3.53680157661438,,
,,9499,,,418.11633110046387,,,,,,
,,9499,,23.958683013916016,,,,,,,
6,,9499,,,,3.532352924346924,-16.345579147338867,-17.05965232849121,3.532352924346924,,
,,9549,,,409.0738296508789,,,,,,
,,9549,,6.0882568359375,,,,,,,
6,,9549,,,,3.532942056655884,-16.078882217407227,-16.836673736572266,3.532942056655884,,
,,9599,,,417.6816940307617,,,,,,
,,9599,,25.575637817382812,,,,,,,
6,,9599,,,,3.532785654067993,-16.38033676147461,-17.05629539489746,3.532785654067993,,
,,9649,,,415.1606559753418,,,,,,
,,9649,,7.267475128173828,,,,,,,
6,,9649,,,,3.523392915725708,-16.207263946533203,-16.92401885986328,3.523392915725708,,
,,9699,,,416.5172576904297,,,,,,
,,9699,,22.63045310974121,,,,,,,
6,,9699,,,,3.532540798187256,-16.528541564941406,-17.25238037109375,3.532540798187256,,
,,9749,,,410.9935760498047,,,,,,
,,9749,,7.568120956420898,,,,,,,
6,,9749,,,,3.53019642829895,-16.88552474975586,-17.60245132446289,3.53019642829895,,
,,9799,,,412.95838356018066,,,,,,
,,9799,,27.988433837890625,,,,,,,
6,,9799,,,,3.526686429977417,-16.856548309326172,-17.605859756469727,3.526686429977417,,
,,9849,,,413.84029388427734,,,,,,
,,9849,,7.799386978149414,,,,,,,
6,,9849,,,,3.5392894744873047,-16.301498413085938,-16.995880126953125,3.5392894744873047,,
,,9899,,,418.2884693145752,,,,,,
,,9899,,26.639461517333984,,,,,,,
6,,9899,,,,3.5383291244506836,-17.043148040771484,-17.795427322387695,3.5383291244506836,,
,,9949,,,416.1405563354492,,,,,,
,,9949,,7.61103630065918,,,,,,,
6,,9949,,,,3.5397021770477295,-16.405311584472656,-17.106245040893555,3.5397021770477295,,
,,9999,,,414.59107398986816,,,,,,
,,9999,,28.359651565551758,,,,,,,
6,,9999,,,,3.529310464859009,-16.35912322998047,-17.061208724975586,3.529310464859009,,
,,10049,,,411.44752502441406,,,,,,
,,10049,,6.500720977783203,,,,,,,
6,,10049,,,,3.5291049480438232,-16.660747528076172,-17.3718204498291,3.5291049480438232,,
,,10099,,,427.4628162384033,,,,,,
,,10099,,27.631521224975586,,,,,,,
6,,10099,,,,3.5287699699401855,-16.536237716674805,-17.258460998535156,3.5287699699401855,,
,,10149,,,412.747859954834,,,,,,
,,10149,,7.716894149780273,,,,,,,
6,,10149,,,,3.5392253398895264,-16.05080795288086,-16.804819107055664,3.5392253398895264,,
,,10199,,,420.717716217041,,,,,,
,,10199,,27.259349822998047,,,,,,,
6,,10199,,,,3.5255491733551025,-16.683094024658203,-17.43099594116211,3.5255491733551025,,
,,10249,,,414.4115447998047,,,,,,
,,10249,,7.443666458129883,,,,,,,
6,,10249,,,,3.5322816371917725,-16.634719848632812,-17.355825424194336,3.5322816371917725,,
,,10299,,,416.37730598449707,,,,,,
,,10299,,27.184247970581055,,,,,,,
6,,10299,,,,3.53239107131958,-16.750972747802734,-17.455028533935547,3.53239107131958,,
,,10349,,,416.14556312561035,,,,,,
,,10349,,7.063388824462891,,,,,,,
6,,10349,,,,3.5340259075164795,-16.40615463256836,-17.11390495300293,3.5340259075164795,,
,,10399,,,407.11164474487305,,,,,,
,,10399,,22.266149520874023,,,,,,,
6,,10399,,,,3.5297110080718994,-16.420671463012695,-17.128366470336914,3.5297110080718994,,
,,10449,,,412.91332244873047,,,,,,
,,10449,,7.568359375,,,,,,,
6,,10449,,,,3.5343523025512695,-16.439367294311523,-17.128110885620117,3.5343523025512695,,
,,10499,,,413.8345718383789,,,,,,
,,10499,,25.568008422851562,,,,,,,
6,,10499,,,,3.5268046855926514,-16.532337188720703,-17.230560302734375,3.5268046855926514,,
,,10549,,,412.2579097747803,,,,,,
,,10549,,6.00886344909668,,,,,,,
6,,10549,,,,3.5336179733276367,-16.598773956298828,-17.298751831054688,3.5336179733276367,,
,,10599,,,411.21506690979004,,,,,,
,,10599,,24.822473526000977,,,,,,,
6,,10599,,,,3.527374505996704,-16.195451736450195,-16.89604377746582,3.527374505996704,,
,,10649,,,414.31307792663574,,,,,,
,,10649,,7.297277450561523,,,,,,,
6,,10649,,,,3.527801513671875,-16.44766616821289,-17.158321380615234,3.527801513671875,,
,,10699,,,409.4681739807129,,,,,,
,,10699,,26.170969009399414,,,,,,,
6,,10699,,,,3.5326931476593018,-16.273025512695312,-16.965518951416016,3.5326931476593018,,
,,10749,,,415.50660133361816,,,,,,
,,10749,,6.246089935302734,,,,,,,
6,,10749,,,,3.5363590717315674,-16.385284423828125,-17.057767868041992,3.5363590717315674,,
,,10799,,,407.49669075012207,,,,,,
,,10799,,22.829771041870117,,,,,,,
6,,10799,,,,3.527052879333496,-16.20350456237793,-16.897939682006836,3.527052879333496,,
,,10849,,,418.3681011199951,,,,,,
,,10849,,7.450580596923828,,,,,,,
6,,10849,,,,3.5335652828216553,-16.841936111450195,-17.550582885742188,3.5335652828216553,,
,,10899,,,417.85192489624023,,,,,,
,,10899,,24.627208709716797,,,,,,,
6,,10899,,,,3.5334155559539795,-16.198816299438477,-16.912084579467773,3.5334155559539795,,
6,,10940,,,,,,,,-16.255037307739258,-16.8410587310791
,,10941,778.0923268795013,,,,,,,,
,0.0003,10941,,,,,,,,,
,,10949,,,416.2783622741699,,,,,,
,,10949,,5.759954452514648,,,,,,,
7,,10949,,,,3.529244899749756,-16.4574031829834,-17.156497955322266,3.529244899749756,,
,,10999,,,417.65856742858887,,,,,,
,,10999,,24.845361709594727,,,,,,,
7,,10999,,,,3.533989429473877,-16.354331970214844,-17.066558837890625,3.533989429473877,,
,,11049,,,421.6454029083252,,,,,,
,,11049,,7.235288619995117,,,,,,,
7,,11049,,,,3.5313923358917236,-16.17807960510254,-16.86646842956543,3.5313923358917236,,
,,11099,,,419.6016788482666,,,,,,
,,11099,,24.541616439819336,,,,,,,
7,,11099,,,,3.5362675189971924,-16.410762786865234,-17.107498168945312,3.5362675189971924,,
,,11149,,,412.64867782592773,,,,,,
,,11149,,7.178068161010742,,,,,,,
7,,11149,,,,3.541785717010498,-16.483959197998047,-17.173917770385742,3.541785717010498,,
,,11199,,,410.7377529144287,,,,,,
,,11199,,26.326417922973633,,,,,,,
7,,11199,,,,3.5322036743164062,-16.513242721557617,-17.204349517822266,3.5322036743164062,,
,,11249,,,416.1713123321533,,,,,,
,,11249,,7.246494293212891,,,,,,,
7,,11249,,,,3.53592848777771,-16.221553802490234,-16.90582275390625,3.53592848777771,,
,,11299,,,413.8321876525879,,,,,,
,,11299,,27.808189392089844,,,,,,,
7,,11299,,,,3.539930582046509,-16.40093231201172,-17.12579345703125,3.539930582046509,,
,,11349,,,412.5504493713379,,,,,,
,,11349,,6.1054229736328125,,,,,,,
7,,11349,,,,3.5344698429107666,-16.16239356994629,-16.883459091186523,3.5344698429107666,,
,,11399,,,415.20118713378906,,,,,,
,,11399,,22.74298667907715,,,,,,,
7,,11399,,,,3.5334129333496094,-16.56179428100586,-17.26169204711914,3.5334129333496094,,
,,11449,,,409.97815132141113,,,,,,
,,11449,,7.358551025390625,,,,,,,
7,,11449,,,,3.5288751125335693,-16.231304168701172,-16.931360244750977,3.5288751125335693,,
,,11499,,,411.23032569885254,,,,,,
,,11499,,27.988910675048828,,,,,,,
7,,11499,,,,3.538788318634033,-16.44061851501465,-17.168649673461914,3.538788318634033,,
,,11549,,,414.9167537689209,,,,,,
,,11549,,7.232666015625,,,,,,,
7,,11549,,,,3.5416436195373535,-16.323625564575195,-17.027563095092773,3.5416436195373535,,
,,11599,,,410.1860523223877,,,,,,
,,11599,,27.086257934570312,,,,,,,
7,,11599,,,,3.530522346496582,-16.48067855834961,-17.16139793395996,3.530522346496582,,
,,11649,,,414.35861587524414,,,,,,
,,11649,,7.371425628662109,,,,,,,
7,,11649,,,,3.5339317321777344,-15.874710083007812,-16.582744598388672,3.5339317321777344,,
,,11699,,,416.31531715393066,,,,,,
,,11699,,26.309490203857422,,,,,,,
7,,11699,,,,3.537726402282715,-16.77342987060547,-17.45716094970703,3.537726402282715,,
,,11749,,,410.3965759277344,,,,,,
,,11749,,6.169557571411133,,,,,,,
7,,11749,,,,3.5312721729278564,-16.69843292236328,-17.370439529418945,3.5312721729278564,,
,,11799,,,410.24279594421387,,,,,,
,,11799,,27.60767936706543,,,,,,,
7,,11799,,,,3.5299758911132812,-16.730079650878906,-17.436635971069336,3.5299758911132812,,
,,11849,,,411.865234375,,,,,,
,,11849,,5.965471267700195,,,,,,,
7,,11849,,,,3.527834177017212,-16.480344772338867,-17.165929794311523,3.527834177017212,,
,,11899,,,418.96629333496094,,,,,,
,,11899,,24.5206356048584,,,,,,,
7,,11899,,,,3.528674840927124,-16.244422912597656,-16.94468116760254,3.528674840927124,,
,,11949,,,411.40151023864746,,,,,,
,,11949,,6.28352165222168,,,,,,,
7,,11949,,,,3.535701274871826,-16.14993667602539,-16.83626937866211,3.535701274871826,,
,,11999,,,414.914608001709,,,,,,
,,11999,,27.85778045654297,,,,,,,
7,,11999,,,,3.5350751876831055,-16.301057815551758,-17.000892639160156,3.5350751876831055,,
,,12049,,,411.03315353393555,,,,,,
,,12049,,7.208347320556641,,,,,,,
7,,12049,,,,3.5340635776519775,-16.584230422973633,-17.26306915283203,3.5340635776519775,,
,,12099,,,417.0947074890137,,,,,,
,,12099,,26.54576301574707,,,,,,,
7,,12099,,,,3.5382866859436035,-16.553993225097656,-17.248477935791016,3.5382866859436035,,
,,12149,,,410.611629486084,,,,,,
,,12149,,5.918025970458984,,,,,,,
7,,12149,,,,3.5346438884735107,-15.884244918823242,-16.586164474487305,3.5346438884735107,,
,,12199,,,413.1495952606201,,,,,,
,,12199,,25.946378707885742,,,,,,,
7,,12199,,,,3.542901039123535,-16.56277084350586,-17.229204177856445,3.542901039123535,,
,,12249,,,412.91069984436035,,,,,,
,,12249,,5.922555923461914,,,,,,,
7,,12249,,,,3.5298635959625244,-16.757183074951172,-17.459667205810547,3.5298635959625244,,
,,12299,,,412.229061126709,,,,,,
,,12299,,27.326107025146484,,,,,,,
7,,12299,,,,3.5299324989318848,-16.037635803222656,-16.730133056640625,3.5299324989318848,,
,,12349,,,415.31920433044434,,,,,,
,,12349,,7.26008415222168,,,,,,,
7,,12349,,,,3.536379337310791,-15.841388702392578,-16.5390625,3.536379337310791,,
,,12399,,,412.17875480651855,,,,,,
,,12399,,24.216413497924805,,,,,,,
7,,12399,,,,3.545602321624756,-16.63750457763672,-17.318037033081055,3.545602321624756,,
,,12449,,,410.36057472229004,,,,,,
,,12449,,7.326841354370117,,,,,,,
7,,12449,,,,3.540510892868042,-16.602455139160156,-17.302244186401367,3.540510892868042,,
,,12499,,,411.92173957824707,,,,,,
,,12499,,23.59938621520996,,,,,,,
7,,12499,,,,3.54595685005188,-16.122602462768555,-16.82317352294922,3.54595685005188,,
7,,12503,,,,,,,,-16.237028121948242,-16.815908432006836
,,12504,774.5503811836243,,,,,,,,
,0.0003,12504,,,,,,,,,
,,12549,,,417.0849323272705,,,,,,
,,12549,,7.625341415405273,,,,,,,
8,,12549,,,,3.536982297897339,-16.713891983032227,-17.397249221801758,3.536982297897339,,
,,12599,,,405.6825637817383,,,,,,
,,12599,,26.73792839050293,,,,,,,
8,,12599,,,,3.5435879230499268,-16.913787841796875,-17.621660232543945,3.5435879230499268,,
,,12649,,,411.58294677734375,,,,,,
,,12649,,6.981134414672852,,,,,,,
8,,12649,,,,3.5422298908233643,-16.659591674804688,-17.33998680114746,3.5422298908233643,,
,,12699,,,409.1911315917969,,,,,,
,,12699,,27.920246124267578,,,,,,,
8,,12699,,,,3.5379772186279297,-16.453147888183594,-17.12995147705078,3.5379772186279297,,
,,12749,,,407.93919563293457,,,,,,
,,12749,,6.819248199462891,,,,,,,
8,,12749,,,,3.5358681678771973,-16.65825843811035,-17.35082244873047,3.5358681678771973,,
,,12799,,,409.29245948791504,,,,,,
,,12799,,26.11064910888672,,,,,,,
8,,12799,,,,3.5288212299346924,-16.213607788085938,-16.903581619262695,3.5288212299346924,,
,,12849,,,400.160551071167,,,,,,
,,12849,,5.071401596069336,,,,,,,
8,,12849,,,,3.546332359313965,-15.850066184997559,-16.516216278076172,3.546332359313965,,
,,12899,,,411.11159324645996,,,,,,
,,12899,,26.761770248413086,,,,,,,
8,,12899,,,,3.544508695602417,-16.871007919311523,-17.54567527770996,3.544508695602417,,
,,12949,,,403.8379192352295,,,,,,
,,12949,,7.775306701660156,,,,,,,
8,,12949,,,,3.5376036167144775,-16.108999252319336,-16.784292221069336,3.5376036167144775,,
,,12999,,,410.29906272888184,,,,,,
,,12999,,27.991533279418945,,,,,,,
8,,12999,,,,3.5335659980773926,-16.174907684326172,-16.8514404296875,3.5335659980773926,,
,,13049,,,407.5345993041992,,,,,,
,,13049,,6.768941879272461,,,,,,,
8,,13049,,,,3.53857159614563,-16.13081169128418,-16.792749404907227,3.53857159614563,,
,,13099,,,409.4817638397217,,,,,,
,,13099,,22.06254005432129,,,,,,,
8,,13099,,,,3.5359609127044678,-16.418102264404297,-17.12220001220703,3.5359609127044678,,
,,13149,,,412.57739067077637,,,,,,
,,13149,,7.971763610839844,,,,,,,
8,,13149,,,,3.5362396240234375,-16.632122039794922,-17.341707229614258,3.5362396240234375,,
,,13199,,,410.01439094543457,,,,,,
,,13199,,28.366804122924805,,,,,,,
8,,13199,,,,3.52846622467041,-16.0882568359375,-16.780303955078125,3.52846622467041,,
,,13249,,,412.7850532531738,,,,,,
,,13249,,5.73420524597168,,,,,,,
8,,13249,,,,3.5423083305358887,-15.78991413116455,-16.47496223449707,3.5423083305358887,,
,,13299,,,409.9454879760742,,,,,,
,,13299,,24.448394775390625,,,,,,,
8,,13299,,,,3.537442445755005,-16.59381675720215,-17.29916763305664,3.537442445755005,,
,,13349,,,403.522253036499,,,,,,
,,13349,,7.920503616333008,,,,,,,
8,,13349,,,,3.5455334186553955,-16.42456817626953,-17.13810157775879,3.5455334186553955,,
,,13399,,,415.3096675872803,,,,,,
,,13399,,28.918027877807617,,,,,,,
8,,13399,,,,3.5325098037719727,-15.94978141784668,-16.633617401123047,3.5325098037719727,,
,,13449,,,408.34665298461914,,,,,,
,,13449,,5.081653594970703,,,,,,,
8,,13449,,,,3.536208391189575,-16.432832717895508,-17.12677001953125,3.536208391189575,,
,,13499,,,409.53564643859863,,,,,,
,,13499,,26.594877243041992,,,,,,,
8,,13499,,,,3.5455479621887207,-15.985718727111816,-16.687768936157227,3.5455479621887207,,
,,13549,,,403.98311614990234,,,,,,
,,13549,,4.837512969970703,,,,,,,
8,,13549,,,,3.538945198059082,-16.496936798095703,-17.189237594604492,3.538945198059082,,
,,13599,,,413.79261016845703,,,,,,
,,13599,,26.758909225463867,,,,,,,
8,,13599,,,,3.547931671142578,-15.993526458740234,-16.675884246826172,3.547931671142578,,
,,13649,,,406.5854549407959,,,,,,
,,13649,,7.483482360839844,,,,,,,
8,,13649,,,,3.531087636947632,-16.334197998046875,-16.996337890625,3.531087636947632,,
,,13699,,,410.6888771057129,,,,,,
,,13699,,26.534557342529297,,,,,,,
8,,13699,,,,3.5474953651428223,-16.42703628540039,-17.10143280029297,3.5474953651428223,,
,,13749,,,402.0979404449463,,,,,,
,,13749,,6.477117538452148,,,,,,,
8,,13749,,,,3.539762258529663,-16.352825164794922,-17.02718734741211,3.539762258529663,,
,,13799,,,419.02804374694824,,,,,,
,,13799,,26.967287063598633,,,,,,,
8,,13799,,,,3.542665719985962,-16.300559997558594,-16.966642379760742,3.542665719985962,,
,,13849,,,410.7499122619629,,,,,,
,,13849,,7.301807403564453,,,,,,,
8,,13849,,,,3.5350286960601807,-16.79098892211914,-17.454086303710938,3.5350286960601807,,
,,13899,,,416.5008068084717,,,,,,
,,13899,,23.393630981445312,,,,,,,
8,,13899,,,,3.5345451831817627,-16.53863525390625,-17.201377868652344,3.5345451831817627,,
,,13949,,,414.539098739624,,,,,,
,,13949,,6.463289260864258,,,,,,,
8,,13949,,,,3.5399420261383057,-16.11471939086914,-16.794389724731445,3.5399420261383057,,
,,13999,,,408.236026763916,,,,,,
,,13999,,27.3284912109375,,,,,,,
8,,13999,,,,3.5405070781707764,-16.24484634399414,-16.92348861694336,3.5405070781707764,,
,,14049,,,411.3349914550781,,,,,,
,,14049,,6.529331207275391,,,,,,,
8,,14049,,,,3.532623291015625,-16.017099380493164,-16.67998695373535,3.532623291015625,,
8,,14066,,,,,,,,-16.2077693939209,-16.776750564575195
,,14067,773.9965450763702,,,,,,,,
,0.0003,14067,,,,,,,,,
,,14099,,,407.50646591186523,,,,,,
,,14099,,23.585081100463867,,,,,,,
9,,14099,,,,3.549097776412964,-16.281654357910156,-16.954614639282227,3.549097776412964,,
,,14149,,,415.388822555542,,,,,,
,,14149,,7.371425628662109,,,,,,,
9,,14149,,,,3.5350897312164307,-16.65714454650879,-17.327363967895508,3.5350897312164307,,
,,14199,,,418.62988471984863,,,,,,
,,14199,,27.765989303588867,,,,,,,
9,,14199,,,,3.537170886993408,-16.58370590209961,-17.239120483398438,3.537170886993408,,
,,14249,,,412.74547576904297,,,,,,
,,14249,,6.356954574584961,,,,,,,
9,,14249,,,,3.540379047393799,-16.35732650756836,-17.034889221191406,3.540379047393799,,
,,14299,,,410.80379486083984,,,,,,
,,14299,,23.32592010498047,,,,,,,
9,,14299,,,,3.5327718257904053,-16.66204261779785,-17.332632064819336,3.5327718257904053,,
,,14349,,,409.44743156433105,,,,,,
,,14349,,6.153106689453125,,,,,,,
9,,14349,,,,3.544320583343506,-16.336788177490234,-17.00699234008789,3.544320583343506,,
,,14399,,,401.2258052825928,,,,,,
,,14399,,24.335384368896484,,,,,,,
9,,14399,,,,3.5434205532073975,-16.138307571411133,-16.80225372314453,3.5434205532073975,,
,,14449,,,411.4556312561035,,,,,,
,,14449,,7.3528289794921875,,,,,,,
9,,14449,,,,3.5399107933044434,-16.561756134033203,-17.245361328125,3.5399107933044434,,
,,14499,,,408.6728096008301,,,,,,
,,14499,,22.21989631652832,,,,,,,
9,,14499,,,,3.5327110290527344,-16.545448303222656,-17.206907272338867,3.5327110290527344,,
,,14549,,,412.7073287963867,,,,,,
,,14549,,7.514238357543945,,,,,,,
9,,14549,,,,3.54008412361145,-16.25836181640625,-16.931293487548828,3.54008412361145,,
,,14599,,,407.0441722869873,,,,,,
,,14599,,26.501893997192383,,,,,,,
9,,14599,,,,3.540560722351074,-15.867883682250977,-16.498632431030273,3.540560722351074,,
,,14649,,,413.4218692779541,,,,,,
,,14649,,7.405281066894531,,,,,,,
9,,14649,,,,3.5401298999786377,-16.002513885498047,-16.646549224853516,3.5401298999786377,,
,,14699,,,401.4918804168701,,,,,,
,,14699,,26.82352066040039,,,,,,,
9,,14699,,,,3.5404369831085205,-16.522380828857422,-17.191556930541992,3.5404369831085205,,
,,14749,,,410.8147621154785,,,,,,
,,14749,,5.456447601318359,,,,,,,
9,,14749,,,,3.5401699542999268,-16.22745132446289,-16.877817153930664,3.5401699542999268,,
,,14799,,,415.6947135925293,,,,,,
,,14799,,27.52518653869629,,,,,,,
9,,14799,,,,3.5450549125671387,-15.92104721069336,-16.566822052001953,3.5450549125671387,,
,,14849,,,410.4766845703125,,,,,,
,,14849,,6.96253776550293,,,,,,,
9,,14849,,,,3.536414623260498,-16.22152328491211,-16.881956100463867,3.536414623260498,,
,,14899,,,407.43565559387207,,,,,,
,,14899,,22.19367027282715,,,,,,,
9,,14899,,,,3.536543607711792,-16.36279296875,-17.03790283203125,3.536543607711792,,
,,14949,,,399.0359306335449,,,,,,
,,14949,,5.059480667114258,,,,,,,
9,,14949,,,,3.546535015106201,-16.276613235473633,-16.94913101196289,3.546535015106201,,
,,14999,,,416.23878479003906,,,,,,
,,14999,,25.430679321289062,,,,,,,
9,,14999,,,,3.543815851211548,-16.35926628112793,-17.013538360595703,3.543815851211548,,
,,15049,,,404.1748046875,,,,,,
,,15049,,6.459236145019531,,,,,,,
9,,15049,,,,3.5453178882598877,-16.185821533203125,-16.850372314453125,3.5453178882598877,,
,,15099,,,409.5635414123535,,,,,,
,,15099,,22.773265838623047,,,,,,,
9,,15099,,,,3.536616086959839,-16.236297607421875,-16.874176025390625,3.536616086959839,,
,,15149,,,403.46312522888184,,,,,,
,,15149,,5.137443542480469,,,,,,,
9,,15149,,,,3.5448522567749023,-16.045101165771484,-16.72582244873047,3.5448522567749023,,
,,15199,,,402.16732025146484,,,,,,
,,15199,,26.506423950195312,,,,,,,
9,,15199,,,,3.5468297004699707,-16.523157119750977,-17.186969757080078,3.5468297004699707,,
,,15249,,,402.803897857666,,,,,,
,,15249,,6.046533584594727,,,,,,,
9,,15249,,,,3.5284390449523926,-15.961223602294922,-16.6082763671875,3.5284390449523926,,
,,15299,,,406.94308280944824,,,,,,
,,15299,,23.990631103515625,,,,,,,
9,,15299,,,,3.5402958393096924,-16.561771392822266,-17.19291877746582,3.5402958393096924,,
,,15349,,,430.6528568267822,,,,,,
,,15349,,8.100032806396484,,,,,,,
9,,15349,,,,3.5419914722442627,-15.983098983764648,-16.643857955932617,3.5419914722442627,,
,,15399,,,430.01484870910645,,,,,,
,,15399,,29.454469680786133,,,,,,,
9,,15399,,,,3.540836811065674,-16.17105484008789,-16.843767166137695,3.540836811065674,,
,,15449,,,423.37751388549805,,,,,,
,,15449,,7.460355758666992,,,,,,,
9,,15449,,,,3.5422372817993164,-16.370647430419922,-17.008182525634766,3.5422372817993164,,
,,15499,,,425.3675937652588,,,,,,
,,15499,,24.964570999145508,,,,,,,
9,,15499,,,,3.5460588932037354,-15.96448802947998,-16.664812088012695,3.5460588932037354,,
,,15549,,,433.73847007751465,,,,,,
,,15549,,9.290695190429688,,,,,,,
9,,15549,,,,3.546088218688965,-16.643157958984375,-17.300086975097656,3.546088218688965,,
,,15599,,,438.6582374572754,,,,,,
,,15599,,30.157804489135742,,,,,,,
9,,15599,,,,3.535356283187866,-16.561233520507812,-17.183082580566406,3.535356283187866,,
9,,15629,,,,,,,,-16.195913314819336,-16.738693237304688
,,15630,778.3984096050262,,,,,,,,
,0.0003,15630,,,,,,,,,
,,15649,,,434.09204483032227,,,,,,
,,15649,,8.507490158081055,,,,,,,
10,,15649,,,,3.538588523864746,-16.502763748168945,-17.13315200805664,3.538588523864746,,
,,15699,,,428.0285835266113,,,,,,
,,15699,,29.028654098510742,,,,,,,
10,,15699,,,,3.543463706970215,-16.2823486328125,-16.96272850036621,3.543463706970215,,
,,15749,,,428.8220405578613,,,,,,
,,15749,,8.229732513427734,,,,,,,
10,,15749,,,,3.5375282764434814,-16.33472442626953,-16.96811294555664,3.5375282764434814,,
,,15799,,,434.0403079986572,,,,,,
,,15799,,25.313854217529297,,,,,,,
10,,15799,,,,3.545199155807495,-16.176279067993164,-16.8321475982666,3.545199155807495,,
,,15849,,,427.80065536499023,,,,,,
,,15849,,10.355472564697266,,,,,,,
10,,15849,,,,3.55387020111084,-16.381858825683594,-17.04731559753418,3.55387020111084,,
,,15899,,,430.3619861602783,,,,,,
,,15899,,26.519298553466797,,,,,,,
10,,15899,,,,3.545283794403076,-16.28829002380371,-16.96883201599121,3.545283794403076,,
,,15949,,,426.7878532409668,,,,,,
,,15949,,9.38725471496582,,,,,,,
10,,15949,,,,3.545413017272949,-16.575763702392578,-17.22014045715332,3.545413017272949,,
,,15999,,,427.4153709411621,,,,,,
,,15999,,25.3603458404541,,,,,,,
10,,15999,,,,3.540574312210083,-16.28862953186035,-16.93316650390625,3.540574312210083,,
,,16049,,,431.8571090698242,,,,,,
,,16049,,8.017778396606445,,,,,,,
10,,16049,,,,3.545781135559082,-16.19426727294922,-16.880165100097656,3.545781135559082,,
,,16099,,,434.6120357513428,,,,,,
,,16099,,28.685569763183594,,,,,,,
10,,16099,,,,3.5351247787475586,-16.114715576171875,-16.776283264160156,3.5351247787475586,,
,,16149,,,430.927038192749,,,,,,
,,16149,,10.601043701171875,,,,,,,
10,,16149,,,,3.5457603931427,-16.24451446533203,-16.885038375854492,3.5457603931427,,
,,16199,,,436.0051155090332,,,,,,
,,16199,,26.44062042236328,,,,,,,
10,,16199,,,,3.547445297241211,-16.051790237426758,-16.688400268554688,3.547445297241211,,
,,16249,,,430.7868480682373,,,,,,
,,16249,,8.378267288208008,,,,,,,
10,,16249,,,,3.545046329498291,-16.260303497314453,-16.914628982543945,3.545046329498291,,
,,16299,,,431.9193363189697,,,,,,
,,16299,,27.382850646972656,,,,,,,
10,,16299,,,,3.5501551628112793,-16.51107406616211,-17.14316749572754,3.5501551628112793,,
,,16349,,,424.00097846984863,,,,,,
,,16349,,9.664773941040039,,,,,,,
10,,16349,,,,3.5431132316589355,-15.678060531616211,-16.318981170654297,3.5431132316589355,,
,,16399,,,429.72445487976074,,,,,,
,,16399,,29.8612117767334,,,,,,,
10,,16399,,,,3.5468337535858154,-16.322528839111328,-16.96030616760254,3.5468337535858154,,
,,16449,,,430.4502010345459,,,,,,
,,16449,,10.02359390258789,,,,,,,
10,,16449,,,,3.5446460247039795,-16.321022033691406,-16.995006561279297,3.5446460247039795,,
,,16499,,,431.3070774078369,,,,,,
,,16499,,26.851415634155273,,,,,,,
10,,16499,,,,3.5467629432678223,-16.362018585205078,-17.006208419799805,3.5467629432678223,,
,,16549,,,432.6825141906738,,,,,,
,,16549,,7.430791854858398,,,,,,,
10,,16549,,,,3.534980297088623,-16.8162784576416,-17.459564208984375,3.534980297088623,,
,,16599,,,433.807373046875,,,,,,
,,16599,,25.27451515197754,,,,,,,
10,,16599,,,,3.539931058883667,-16.407793045043945,-17.060514450073242,3.539931058883667,,
,,16649,,,428.7424087524414,,,,,,
,,16649,,8.730888366699219,,,,,,,
10,,16649,,,,3.5432262420654297,-16.328502655029297,-16.978445053100586,3.5432262420654297,,
,,16699,,,431.2400817871094,,,,,,
,,16699,,25.59041976928711,,,,,,,
10,,16699,,,,3.54232120513916,-16.095355987548828,-16.72981834411621,3.54232120513916,,
,,16749,,,431.90908432006836,,,,,,
,,16749,,7.683992385864258,,,,,,,
10,,16749,,,,3.5434157848358154,-16.35407257080078,-16.99379539489746,3.5434157848358154,,
,,16799,,,433.00914764404297,,,,,,
,,16799,,26.11231803894043,,,,,,,
10,,16799,,,,3.545147657394409,-16.189029693603516,-16.82313346862793,3.545147657394409,,
,,16849,,,426.8183708190918,,,,,,
,,16849,,7.646083831787109,,,,,,,
10,,16849,,,,3.5470738410949707,-16.39075469970703,-17.015113830566406,3.5470738410949707,,
,,16899,,,430.65667152404785,,,,,,
,,16899,,29.452800750732422,,,,,,,
10,,16899,,,,3.537362575531006,-16.24401092529297,-16.88626480102539,3.537362575531006,,
,,16949,,,423.22373390197754,,,,,,
,,16949,,7.628917694091797,,,,,,,
10,,16949,,,,3.540837049484253,-16.39971160888672,-17.071670532226562,3.540837049484253,,
,,16999,,,434.495210647583,,,,,,
,,16999,,27.111291885375977,,,,,,,
10,,16999,,,,3.5443413257598877,-16.627334594726562,-17.28342056274414,3.5443413257598877,,
,,17049,,,416.98503494262695,,,,,,
,,17049,,7.725715637207031,,,,,,,
10,,17049,,,,3.5451948642730713,-16.331340789794922,-16.96951675415039,3.5451948642730713,,
,,17099,,,429.7311305999756,,,,,,
,,17099,,26.224136352539062,,,,,,,
10,,17099,,,,3.5492024421691895,-16.51234245300293,-17.11454963684082,3.5492024421691895,,
,,17149,,,426.47790908813477,,,,,,
,,17149,,9.235858917236328,,,,,,,
10,,17149,,,,3.540550470352173,-16.321460723876953,-16.92521858215332,3.540550470352173,,
10,,17192,,,,,,,,-16.149677276611328,-16.6867733001709
,,17193,804.8887786865234,,,,,,,,
,0.0003,17193,,,,,,,,,
,,17199,,,430.0494194030762,,,,,,
,,17199,,39.18576240539551,,,,,,,
11,,17199,,,,3.537724494934082,-16.259803771972656,-16.901384353637695,3.537724494934082,,
,,17249,,,426.7921447753906,,,,,,
,,17249,,7.342100143432617,,,,,,,
11,,17249,,,,3.543854236602783,-16.427066802978516,-17.05792999267578,3.543854236602783,,
,,17299,,,413.5162830352783,,,,,,
,,17299,,24.82151985168457,,,,,,,
11,,17299,,,,3.550985097885132,-15.970731735229492,-16.581018447875977,3.550985097885132,,
,,17349,,,417.04654693603516,,,,,,
,,17349,,7.304906845092773,,,,,,,
11,,17349,,,,3.5404067039489746,-16.422931671142578,-17.07745361328125,3.5404067039489746,,
,,17399,,,424.24702644348145,,,,,,
,,17399,,26.265382766723633,,,,,,,
11,,17399,,,,3.5387535095214844,-16.513917922973633,-17.14272117614746,3.5387535095214844,,
,,17449,,,406.30507469177246,,,,,,
,,17449,,6.077766418457031,,,,,,,
11,,17449,,,,3.5465245246887207,-16.660362243652344,-17.274059295654297,3.5465245246887207,,
,,17499,,,410.7344150543213,,,,,,
,,17499,,26.642799377441406,,,,,,,
11,,17499,,,,3.5494585037231445,-16.228397369384766,-16.880205154418945,3.5494585037231445,,
,,17549,,,414.80088233947754,,,,,,
,,17549,,6.194591522216797,,,,,,,
11,,17549,,,,3.5517523288726807,-16.172897338867188,-16.787322998046875,3.5517523288726807,,
,,17599,,,413.1627082824707,,,,,,
,,17599,,24.488210678100586,,,,,,,
11,,17599,,,,3.5414516925811768,-16.58734130859375,-17.22581672668457,3.5414516925811768,,
,,17649,,,403.090238571167,,,,,,
,,17649,,7.519006729125977,,,,,,,
11,,17649,,,,3.5475986003875732,-16.252017974853516,-16.876195907592773,3.5475986003875732,,
,,17699,,,414.83306884765625,,,,,,
,,17699,,24.408578872680664,,,,,,,
11,,17699,,,,3.5495500564575195,-16.308185577392578,-16.953554153442383,3.5495500564575195,,
,,17749,,,409.8246097564697,,,,,,
,,17749,,7.382631301879883,,,,,,,
11,,17749,,,,3.5439860820770264,-16.439395904541016,-17.09991455078125,3.5439860820770264,,
,,17799,,,412.1854305267334,,,,,,
,,17799,,23.442983627319336,,,,,,,
11,,17799,,,,3.54534912109375,-15.916268348693848,-16.567663192749023,3.54534912109375,,
,,17849,,,409.06476974487305,,,,,,
,,17849,,7.539272308349609,,,,,,,
11,,17849,,,,3.537073850631714,-16.39077377319336,-17.002931594848633,3.537073850631714,,
,,17899,,,410.81905364990234,,,,,,
,,17899,,24.04189109802246,,,,,,,
11,,17899,,,,3.5455150604248047,-16.47511100769043,-17.105234146118164,3.5455150604248047,,
,,17949,,,426.81264877319336,,,,,,
,,17949,,8.636951446533203,,,,,,,
11,,17949,,,,3.5509839057922363,-16.015583038330078,-16.62053108215332,3.5509839057922363,,
,,17999,,,416.9738292694092,,,,,,
,,17999,,28.76567840576172,,,,,,,
11,,17999,,,,3.5393857955932617,-16.42007827758789,-17.02604866027832,3.5393857955932617,,
,,18049,,,429.1849136352539,,,,,,
,,18049,,8.114099502563477,,,,,,,
11,,18049,,,,3.5507726669311523,-16.63688850402832,-17.277280807495117,3.5507726669311523,,
,,18099,,,429.83460426330566,,,,,,
,,18099,,26.92389488220215,,,,,,,
11,,18099,,,,3.5458319187164307,-16.295597076416016,-16.898969650268555,3.5458319187164307,,
,,18149,,,427.3240566253662,,,,,,
,,18149,,7.841348648071289,,,,,,,
11,,18149,,,,3.538905620574951,-15.824387550354004,-16.463054656982422,3.538905620574951,,
,,18199,,,430.1295280456543,,,,,,
,,18199,,26.613712310791016,,,,,,,
11,,18199,,,,3.542025089263916,-16.38554573059082,-17.01497459411621,3.542025089263916,,
,,18249,,,427.25586891174316,,,,,,
,,18249,,7.804632186889648,,,,,,,
11,,18249,,,,3.549830198287964,-16.284757614135742,-16.934146881103516,3.549830198287964,,
,,18299,,,430.0262928009033,,,,,,
,,18299,,29.522418975830078,,,,,,,
11,,18299,,,,3.5515997409820557,-16.21080780029297,-16.820493698120117,3.5515997409820557,,
,,18349,,,428.44128608703613,,,,,,
,,18349,,7.849216461181641,,,,,,,
11,,18349,,,,3.5515317916870117,-16.442996978759766,-17.09441375732422,3.5515317916870117,,
,,18399,,,427.7653694152832,,,,,,
,,18399,,26.78370475769043,,,,,,,
11,,18399,,,,3.5441465377807617,-15.98524284362793,-16.63043975830078,3.5441465377807617,,
,,18449,,,434.1568946838379,,,,,,
,,18449,,8.123636245727539,,,,,,,
11,,18449,,,,3.5448503494262695,-16.423538208007812,-17.06123924255371,3.5448503494262695,,
,,18499,,,419.67272758483887,,,,,,
,,18499,,28.682470321655273,,,,,,,
11,,18499,,,,3.5443053245544434,-16.13784408569336,-16.77927017211914,3.5443053245544434,,
,,18549,,,435.67728996276855,,,,,,
,,18549,,7.8334808349609375,,,,,,,
11,,18549,,,,3.532680034637451,-16.54773712158203,-17.17181396484375,3.532680034637451,,
,,18599,,,425.8296489715576,,,,,,
,,18599,,25.956153869628906,,,,,,,
11,,18599,,,,3.544081449508667,-16.211727142333984,-16.843948364257812,3.544081449508667,,
,,18649,,,427.1817207336426,,,,,,
,,18649,,8.326053619384766,,,,,,,
11,,18649,,,,3.5437591075897217,-16.217853546142578,-16.829896926879883,3.5437591075897217,,
,,18699,,,416.3177013397217,,,,,,
,,18699,,24.898290634155273,,,,,,,
11,,18699,,,,3.5431480407714844,-16.329858779907227,-16.972408294677734,3.5431480407714844,,
,,18749,,,428.7111759185791,,,,,,
,,18749,,7.556438446044922,,,,,,,
11,,18749,,,,3.5429155826568604,-16.33757972717285,-16.95572280883789,3.5429155826568604,,
11,,18755,,,,,,,,-16.175945281982422,-16.702251434326172
,,18756,792.5275509357452,,,,,,,,
,0.0003,18756,,,,,,,,,
,,18799,,,425.3561496734619,,,,,,
,,18799,,36.624908447265625,,,,,,,
12,,18799,,,,3.551692485809326,-16.022743225097656,-16.649253845214844,3.551692485809326,,
,,18849,,,427.73890495300293,,,,,,
,,18849,,8.279561996459961,,,,,,,
12,,18849,,,,3.5406641960144043,-16.178407669067383,-16.787118911743164,3.5406641960144043,,
,,18899,,,421.61107063293457,,,,,,
,,18899,,27.426481246948242,,,,,,,
12,,18899,,,,3.548809766769409,-15.739468574523926,-16.328935623168945,3.548809766769409,,
,,18949,,,429.6305179595947,,,,,,
,,18949,,8.369684219360352,,,,,,,
12,,18949,,,,3.538022756576538,-16.23714828491211,-16.850080490112305,3.538022756576538,,
,,18999,,,424.6668815612793,,,,,,
,,18999,,26.636362075805664,,,,,,,
12,,18999,,,,3.5474870204925537,-15.905679702758789,-16.530590057373047,3.5474870204925537,,
,,19049,,,431.2880039215088,,,,,,
,,19049,,9.4757080078125,,,,,,,
12,,19049,,,,3.5446488857269287,-16.264190673828125,-16.88093376159668,3.5446488857269287,,
,,19099,,,418.29538345336914,,,,,,
,,19099,,27.939558029174805,,,,,,,
12,,19099,,,,3.545985698699951,-15.789373397827148,-16.435501098632812,3.545985698699951,,
,,19149,,,432.9071044921875,,,,,,
,,19149,,8.455991744995117,,,,,,,
12,,19149,,,,3.5434634685516357,-16.22452163696289,-16.827852249145508,3.5434634685516357,,
,,19199,,,431.17594718933105,,,,,,
,,19199,,26.310205459594727,,,,,,,
12,,19199,,,,3.541998863220215,-16.918622970581055,-17.521366119384766,3.541998863220215,,
,,19249,,,413.3739471435547,,,,,,
,,19249,,7.3871612548828125,,,,,,,
12,,19249,,,,3.535227060317993,-15.93128776550293,-16.56654930114746,3.535227060317993,,
,,19299,,,413.06591033935547,,,,,,
,,19299,,25.00152587890625,,,,,,,
12,,19299,,,,3.5454864501953125,-16.683195114135742,-17.31572151184082,3.5454864501953125,,
,,19349,,,415.12131690979004,,,,,,
,,19349,,7.797718048095703,,,,,,,
12,,19349,,,,3.5428593158721924,-16.39756202697754,-17.001169204711914,3.5428593158721924,,
,,19399,,,419.74735260009766,,,,,,
,,19399,,22.53270149230957,,,,,,,
12,,19399,,,,3.5385491847991943,-16.66516876220703,-17.298994064331055,3.5385491847991943,,
,,19449,,,415.6036376953125,,,,,,
,,19449,,6.862163543701172,,,,,,,
12,,19449,,,,3.5423693656921387,-16.324432373046875,-16.94556427001953,3.5423693656921387,,
,,19499,,,402.7557373046875,,,,,,
,,19499,,25.162935256958008,,,,,,,
12,,19499,,,,3.5421459674835205,-16.312450408935547,-16.927785873413086,3.5421459674835205,,
,,19549,,,407.43088722229004,,,,,,
,,19549,,6.503105163574219,,,,,,,
12,,19549,,,,3.544330358505249,-15.854923248291016,-16.46225357055664,3.544330358505249,,
,,19599,,,414.40820693969727,,,,,,
,,19599,,26.819467544555664,,,,,,,
12,,19599,,,,3.5472264289855957,-15.875919342041016,-16.50527572631836,3.5472264289855957,,
,,19649,,,409.15608406066895,,,,,,
,,19649,,6.568193435668945,,,,,,,
12,,19649,,,,3.5484607219696045,-16.099130630493164,-16.70289421081543,3.5484607219696045,,
,,19699,,,415.17162322998047,,,,,,
,,19699,,22.44091033935547,,,,,,,
12,,19699,,,,3.547757387161255,-15.911619186401367,-16.535419464111328,3.547757387161255,,
,,19749,,,407.7446460723877,,,,,,
,,19749,,5.089521408081055,,,,,,,
12,,19749,,,,3.547144651412964,-16.17806625366211,-16.81222152709961,3.547144651412964,,
,,19799,,,414.34240341186523,,,,,,
,,19799,,22.905349731445312,,,,,,,
12,,19799,,,,3.5451278686523438,-15.885613441467285,-16.482397079467773,3.5451278686523438,,
,,19849,,,395.7071304321289,,,,,,
,,19849,,5.007266998291016,,,,,,,
12,,19849,,,,3.551841974258423,-16.065134048461914,-16.667619705200195,3.551841974258423,,
,,19899,,,406.9552421569824,,,,,,
,,19899,,22.49741554260254,,,,,,,
12,,19899,,,,3.537681818008423,-16.17694854736328,-16.792774200439453,3.537681818008423,,
,,19949,,,407.9716205596924,,,,,,
,,19949,,4.940271377563477,,,,,,,
12,,19949,,,,3.5437235832214355,-16.203350067138672,-16.827056884765625,3.5437235832214355,,
,,19999,,,411.49091720581055,,,,,,
,,19999,,26.497840881347656,,,,,,,
12,,19999,,,,3.5507566928863525,-16.09524154663086,-16.700904846191406,3.5507566928863525,,
,,20049,,,397.94015884399414,,,,,,
,,20049,,7.6732635498046875,,,,,,,
12,,20049,,,,3.548870086669922,-16.055450439453125,-16.666278839111328,3.548870086669922,,
,,20099,,,405.5318832397461,,,,,,
,,20099,,25.035619735717773,,,,,,,
12,,20099,,,,3.547022581100464,-16.258689880371094,-16.866994857788086,3.547022581100464,,
,,20149,,,406.18371963500977,,,,,,
,,20149,,7.596015930175781,,,,,,,
12,,20149,,,,3.5445094108581543,-15.891440391540527,-16.52577781677246,3.5445094108581543,,
,,20199,,,421.8862056732178,,,,,,
,,20199,,25.423288345336914,,,,,,,
12,,20199,,,,3.539355993270874,-16.009929656982422,-16.615829467773438,3.539355993270874,,
,,20249,,,429.7652244567871,,,,,,
,,20249,,7.616519927978516,,,,,,,
12,,20249,,,,3.54944109916687,-15.688522338867188,-16.277164459228516,3.54944109916687,,
,,20299,,,431.7142963409424,,,,,,
,,20299,,25.732755661010742,,,,,,,
12,,20299,,,,3.54500675201416,-16.153688430786133,-16.7816219329834,3.54500675201416,,
12,,20318,,,,,,,,-16.141765594482422,-16.66596221923828
,,20319,784.4174907207489,,,,,,,,
,0.0003,20319,,,,,,,,,
,,20349,,,430.44185638427734,,,,,,
,,20349,,8.746862411499023,,,,,,,
13,,20349,,,,3.5332043170928955,-16.832670211791992,-17.47047996520996,3.5332043170928955,,
,,20399,,,426.0859489440918,,,,,,
,,20399,,26.422977447509766,,,,,,,
13,,20399,,,,3.542414426803589,-16.19220733642578,-16.807126998901367,3.542414426803589,,
,,20449,,,425.98581314086914,,,,,,
,,20449,,7.296085357666016,,,,,,,
13,,20449,,,,3.543238639831543,-16.154848098754883,-16.762866973876953,3.543238639831543,,
,,20499,,,425.86326599121094,,,,,,
,,20499,,24.915695190429688,,,,,,,
13,,20499,,,,3.5521910190582275,-16.448434829711914,-17.08488655090332,3.5521910190582275,,
,,20549,,,426.9847869873047,,,,,,
,,20549,,7.51042366027832,,,,,,,
13,,20549,,,,3.5446507930755615,-16.53959083557129,-17.141782760620117,3.5446507930755615,,
,,20599,,,428.8818836212158,,,,,,
,,20599,,24.719715118408203,,,,,,,
13,,20599,,,,3.540529727935791,-16.079925537109375,-16.708784103393555,3.540529727935791,,
,,20649,,,430.6454658508301,,,,,,
,,20649,,9.2926025390625,,,,,,,
13,,20649,,,,3.5539891719818115,-16.249420166015625,-16.86757469177246,3.5539891719818115,,
,,20699,,,429.0354251861572,,,,,,
,,20699,,24.655580520629883,,,,,,,
13,,20699,,,,3.54691219329834,-16.286865234375,-16.85649299621582,3.54691219329834,,
,,20749,,,424.027681350708,,,,,,
,,20749,,7.797718048095703,,,,,,,
13,,20749,,,,3.5444939136505127,-15.733890533447266,-16.348644256591797,3.5444939136505127,,
,,20799,,,424.3583679199219,,,,,,
,,20799,,24.651050567626953,,,,,,,
13,,20799,,,,3.5422027111053467,-16.5809268951416,-17.18084144592285,3.5422027111053467,,
,,20849,,,429.58593368530273,,,,,,
,,20849,,7.4310302734375,,,,,,,
13,,20849,,,,3.55703067779541,-16.22165870666504,-16.835866928100586,3.55703067779541,,
,,20899,,,420.6991195678711,,,,,,
,,20899,,26.119470596313477,,,,,,,
13,,20899,,,,3.551334857940674,-16.29300308227539,-16.88516616821289,3.551334857940674,,
,,20949,,,423.9218235015869,,,,,,
,,20949,,8.124828338623047,,,,,,,
13,,20949,,,,3.549058198928833,-16.13591957092285,-16.74904441833496,3.549058198928833,,
,,20999,,,434.218168258667,,,,,,
,,20999,,25.8786678314209,,,,,,,
13,,20999,,,,3.549009323120117,-16.518693923950195,-17.120861053466797,3.549009323120117,,
,,21049,,,432.3568344116211,,,,,,
,,21049,,7.637739181518555,,,,,,,
13,,21049,,,,3.5451390743255615,-16.287696838378906,-16.894365310668945,3.5451390743255615,,
,,21099,,,428.9107322692871,,,,,,
,,21099,,29.35624122619629,,,,,,,
13,,21099,,,,3.5469930171966553,-16.235275268554688,-16.86281967163086,3.5469930171966553,,
,,21149,,,420.2873706817627,,,,,,
,,21149,,7.3337554931640625,,,,,,,
13,,21149,,,,3.5507333278656006,-16.30997657775879,-16.90809440612793,3.5507333278656006,,
,,21199,,,429.69775199890137,,,,,,
,,21199,,26.277542114257812,,,,,,,
13,,21199,,,,3.5348165035247803,-16.14480209350586,-16.75180435180664,3.5348165035247803,,
,,21249,,,423.4294891357422,,,,,,
,,21249,,7.222414016723633,,,,,,,
13,,21249,,,,3.55216908454895,-16.097442626953125,-16.70160675048828,3.55216908454895,,
,,21299,,,422.1324920654297,,,,,,
,,21299,,28.475284576416016,,,,,,,
13,,21299,,,,3.539358377456665,-15.978917121887207,-16.603151321411133,3.539358377456665,,
,,21349,,,429.2116165161133,,,,,,
,,21349,,8.597135543823242,,,,,,,
13,,21349,,,,3.545579195022583,-16.86431121826172,-17.47759246826172,3.545579195022583,,
,,21399,,,427.2193908691406,,,,,,
,,21399,,26.93796157836914,,,,,,,
13,,21399,,,,3.5492379665374756,-16.251123428344727,-16.850767135620117,3.5492379665374756,,
,,21449,,,416.1944389343262,,,,,,
,,21449,,6.969451904296875,,,,,,,
13,,21449,,,,3.5408260822296143,-16.250192642211914,-16.871984481811523,3.5408260822296143,,
,,21499,,,417.76227951049805,,,,,,
,,21499,,24.347782135009766,,,,,,,
13,,21499,,,,3.5471410751342773,-16.384653091430664,-17.03116226196289,3.5471410751342773,,
,,21549,,,415.4469966888428,,,,,,
,,21549,,8.308649063110352,,,,,,,
13,,21549,,,,3.54510235786438,-16.291709899902344,-16.9343204498291,3.54510235786438,,
,,21599,,,420.2237129211426,,,,,,
,,21599,,26.34882926940918,,,,,,,
13,,21599,,,,3.5358150005340576,-16.38401985168457,-17.029409408569336,3.5358150005340576,,
,,21649,,,426.00011825561523,,,,,,
,,21649,,7.37762451171875,,,,,,,
13,,21649,,,,3.5456058979034424,-16.276092529296875,-16.9074649810791,3.5456058979034424,,
,,21699,,,421.6756820678711,,,,,,
,,21699,,24.56951141357422,,,,,,,
13,,21699,,,,3.539990186691284,-16.70172882080078,-17.342235565185547,3.539990186691284,,
,,21749,,,420.65906524658203,,,,,,
,,21749,,7.784843444824219,,,,,,,
13,,21749,,,,3.5446507930755615,-16.559694290161133,-17.190004348754883,3.5446507930755615,,
,,21799,,,423.80547523498535,,,,,,
,,21799,,25.606632232666016,,,,,,,
13,,21799,,,,3.541844129562378,-16.557132720947266,-17.207544326782227,3.541844129562378,,
,,21849,,,420.41897773742676,,,,,,
,,21849,,9.272336959838867,,,,,,,
13,,21849,,,,3.5519356727600098,-16.10935401916504,-16.728296279907227,3.5519356727600098,,
13,,21881,,,,,,,,-16.134796142578125,-16.649032592773438
,,21882,796.707798242569,,,,,,,,
,0.0003,21882,,,,,,,,,
,,21899,,,424.4358539581299,,,,,,
,,21899,,25.10356903076172,,,,,,,
14,,21899,,,,3.5472655296325684,-15.960037231445312,-16.57007598876953,3.5472655296325684,,
,,21949,,,426.5310764312744,,,,,,
,,21949,,7.060050964355469,,,,,,,
14,,21949,,,,3.5409789085388184,-15.827075958251953,-16.446577072143555,3.5409789085388184,,
,,21999,,,422.4696159362793,,,,,,
,,21999,,24.837017059326172,,,,,,,
14,,21999,,,,3.5373144149780273,-16.271730422973633,-16.9290771484375,3.5373144149780273,,
,,22049,,,423.2468605041504,,,,,,
,,22049,,8.581161499023438,,,,,,,
14,,22049,,,,3.5387752056121826,-16.09781265258789,-16.7297306060791,3.5387752056121826,,
,,22099,,,421.86594009399414,,,,,,
,,22099,,24.732589721679688,,,,,,,
14,,22099,,,,3.545750617980957,-16.17209243774414,-16.811779022216797,3.545750617980957,,
,,22149,,,422.64246940612793,,,,,,
,,22149,,7.548093795776367,,,,,,,
14,,22149,,,,3.5397746562957764,-16.41262435913086,-17.042757034301758,3.5397746562957764,,
,,22199,,,429.6700954437256,,,,,,
,,22199,,27.016878128051758,,,,,,,
14,,22199,,,,3.5426549911499023,-15.995492935180664,-16.60591697692871,3.5426549911499023,,
,,22249,,,428.29132080078125,,,,,,
,,22249,,7.857561111450195,,,,,,,
14,,22249,,,,3.5507619380950928,-16.164644241333008,-16.76838493347168,3.5507619380950928,,
,,22299,,,415.740966796875,,,,,,
,,22299,,27.196407318115234,,,,,,,
14,,22299,,,,3.5457091331481934,-16.145320892333984,-16.77351951599121,3.5457091331481934,,
,,22349,,,410.82262992858887,,,,,,
,,22349,,6.074428558349609,,,,,,,
14,,22349,,,,3.545579195022583,-16.332521438598633,-16.961761474609375,3.545579195022583,,
,,22399,,,395.05600929260254,,,,,,
,,22399,,22.66097068786621,,,,,,,
14,,22399,,,,3.544513702392578,-15.948891639709473,-16.53804588317871,3.544513702392578,,
,,22449,,,398.9741802215576,,,,,,
,,22449,,5.128383636474609,,,,,,,
14,,22449,,,,3.5420382022857666,-16.358356475830078,-16.969736099243164,3.5420382022857666,,
,,22499,,,394.50955390930176,,,,,,
,,22499,,22.479772567749023,,,,,,,
14,,22499,,,,3.5388031005859375,-16.357830047607422,-16.985750198364258,3.5388031005859375,,
,,22549,,,394.2217826843262,,,,,,
,,22549,,5.03849983215332,,,,,,,
14,,22549,,,,3.5442869663238525,-15.832596778869629,-16.440031051635742,3.5442869663238525,,
,,22599,,,394.55723762512207,,,,,,
,,22599,,22.437095642089844,,,,,,,
14,,22599,,,,3.536979913711548,-16.25960922241211,-16.867055892944336,3.536979913711548,,
,,22649,,,399.66654777526855,,,,,,
,,22649,,4.970550537109375,,,,,,,
14,,22649,,,,3.557384490966797,-16.428863525390625,-17.041461944580078,3.557384490966797,,
,,22699,,,400.12288093566895,,,,,,
,,22699,,22.436857223510742,,,,,,,
14,,22699,,,,3.547633647918701,-16.511436462402344,-17.13446044921875,3.547633647918701,,
,,22749,,,406.07237815856934,,,,,,
,,22749,,5.050897598266602,,,,,,,
14,,22749,,,,3.542494535446167,-16.37826919555664,-16.987577438354492,3.542494535446167,,
,,22799,,,406.83555603027344,,,,,,
,,22799,,24.80912208557129,,,,,,,
14,,22799,,,,3.548135280609131,-16.401748657226562,-16.99933433532715,3.548135280609131,,
,,22849,,,409.27910804748535,,,,,,
,,22849,,5.254983901977539,,,,,,,
14,,22849,,,,3.54008412361145,-16.422008514404297,-17.02680206298828,3.54008412361145,,
,,22899,,,402.77862548828125,,,,,,
,,22899,,25.82526206970215,,,,,,,
14,,22899,,,,3.540057897567749,-16.34257698059082,-16.964305877685547,3.540057897567749,,
,,22949,,,418.6127185821533,,,,,,
,,22949,,6.980657577514648,,,,,,,
14,,22949,,,,3.5448241233825684,-16.249252319335938,-16.86125373840332,3.5448241233825684,,
,,22999,,,410.6442928314209,,,,,,
,,22999,,28.142690658569336,,,,,,,
14,,22999,,,,3.551314115524292,-16.17639923095703,-16.788898468017578,3.551314115524292,,
,,23049,,,415.9276485443115,,,,,,
,,23049,,7.721424102783203,,,,,,,
14,,23049,,,,3.541658878326416,-16.444210052490234,-17.07072639465332,3.541658878326416,,
,,23099,,,416.28408432006836,,,,,,
,,23099,,23.752212524414062,,,,,,,
14,,23099,,,,3.5420079231262207,-15.913182258605957,-16.498233795166016,3.5420079231262207,,
,,23149,,,409.4076156616211,,,,,,
,,23149,,6.500720977783203,,,,,,,
14,,23149,,,,3.54931640625,-16.213783264160156,-16.84563636779785,3.54931640625,,
,,23199,,,414.2930507659912,,,,,,
,,23199,,25.326013565063477,,,,,,,
14,,23199,,,,3.5504040718078613,-16.0611572265625,-16.672286987304688,3.5504040718078613,,
,,23249,,,414.26730155944824,,,,,,
,,23249,,6.781339645385742,,,,,,,
14,,23249,,,,3.537609577178955,-16.535627365112305,-17.125680923461914,3.537609577178955,,
,,23299,,,401.9768238067627,,,,,,
,,23299,,22.962093353271484,,,,,,,
14,,23299,,,,3.5417540073394775,-15.95566177368164,-16.552310943603516,3.5417540073394775,,
,,23349,,,402.80842781066895,,,,,,
,,23349,,5.392551422119141,,,,,,,
14,,23349,,,,3.5491514205932617,-16.445987701416016,-17.028043746948242,3.5491514205932617,,
,,23399,,,397.3345756530762,,,,,,
,,23399,,22.924423217773438,,,,,,,
14,,23399,,,,3.538968801498413,-16.40108871459961,-16.976247787475586,3.538968801498413,,
14,,23444,,,,,,,,-16.094751358032227,-16.597091674804688
,,23445,772.504191160202,,,,,,,,
,0.0003,23445,,,,,,,,,
,,23449,,,396.78263664245605,,,,,,
,,23449,,4.945993423461914,,,,,,,
15,,23449,,,,3.538738250732422,-16.79874038696289,-17.401962280273438,3.538738250732422,,
,,23499,,,394.9117660522461,,,,,,
,,23499,,22.361278533935547,,,,,,,
15,,23499,,,,3.5484611988067627,-15.949234008789062,-16.553695678710938,3.5484611988067627,,
,,23549,,,393.9218521118164,,,,,,
,,23549,,4.965543746948242,,,,,,,
15,,23549,,,,3.538444757461548,-16.37200164794922,-16.968416213989258,3.538444757461548,,
,,23599,,,394.181489944458,,,,,,
,,23599,,22.227048873901367,,,,,,,
15,,23599,,,,3.5528576374053955,-16.31245994567871,-16.894390106201172,3.5528576374053955,,
,,23649,,,394.7789669036865,,,,,,
,,23649,,4.882574081420898,,,,,,,
15,,23649,,,,3.543198823928833,-16.3447322845459,-16.924041748046875,3.543198823928833,,
,,23699,,,397.3581790924072,,,,,,
,,23699,,22.351980209350586,,,,,,,
15,,23699,,,,3.542031764984131,-16.122692108154297,-16.745134353637695,3.542031764984131,,
,,23749,,,393.8326835632324,,,,,,
,,23749,,4.881858825683594,,,,,,,
15,,23749,,,,3.5468783378601074,-15.949361801147461,-16.5400390625,3.5468783378601074,,
,,23799,,,423.9621162414551,,,,,,
,,23799,,25.207042694091797,,,,,,,
15,,23799,,,,3.5368833541870117,-16.539043426513672,-17.148944854736328,3.5368833541870117,,
,,23849,,,430.7975769042969,,,,,,
,,23849,,7.332801818847656,,,,,,,
15,,23849,,,,3.547473907470703,-16.06109046936035,-16.664592742919922,3.547473907470703,,
,,23899,,,429.92520332336426,,,,,,
,,23899,,30.170440673828125,,,,,,,
15,,23899,,,,3.539201259613037,-16.428173065185547,-17.02379608154297,3.539201259613037,,
,,23949,,,421.59152030944824,,,,,,
,,23949,,7.620573043823242,,,,,,,
15,,23949,,,,3.5603227615356445,-16.159605026245117,-16.75748062133789,3.5603227615356445,,
,,23999,,,432.7833652496338,,,,,,
,,23999,,24.778366088867188,,,,,,,
15,,23999,,,,3.540635347366333,-16.75006866455078,-17.36189842224121,3.540635347366333,,
,,24049,,,427.1275997161865,,,,,,
,,24049,,7.31205940246582,,,,,,,
15,,24049,,,,3.5434319972991943,-16.424633026123047,-17.00579071044922,3.5434319972991943,,
,,24099,,,423.50077629089355,,,,,,
,,24099,,24.872541427612305,,,,,,,
15,,24099,,,,3.544872760772705,-16.427589416503906,-16.992420196533203,3.544872760772705,,
,,24149,,,428.3719062805176,,,,,,
,,24149,,7.772922515869141,,,,,,,
15,,24149,,,,3.546588897705078,-16.02666664123535,-16.599390029907227,3.546588897705078,,
,,24199,,,432.8956604003906,,,,,,
,,24199,,25.078535079956055,,,,,,,
15,,24199,,,,3.5461266040802,-16.114192962646484,-16.697032928466797,3.5461266040802,,
,,24249,,,428.0407428741455,,,,,,
,,24249,,7.750272750854492,,,,,,,
15,,24249,,,,3.5439610481262207,-16.063152313232422,-16.661235809326172,3.5439610481262207,,
,,24299,,,424.68953132629395,,,,,,
,,24299,,25.135278701782227,,,,,,,
15,,24299,,,,3.543665647506714,-15.98340892791748,-16.572324752807617,3.543665647506714,,
,,24349,,,435.1658821105957,,,,,,
,,24349,,7.863044738769531,,,,,,,
15,,24349,,,,3.5498504638671875,-16.140066146850586,-16.7051944732666,3.5498504638671875,,
,,24399,,,429.54015731811523,,,,,,
,,24399,,24.971723556518555,,,,,,,
15,,24399,,,,3.5388433933258057,-16.113506317138672,-16.703786849975586,3.5388433933258057,,
,,24449,,,431.35595321655273,,,,,,
,,24449,,8.050203323364258,,,,,,,
15,,24449,,,,3.5473127365112305,-16.265714645385742,-16.867206573486328,3.5473127365112305,,
,,24499,,,419.36373710632324,,,,,,
,,24499,,29.73651885986328,,,,,,,
15,,24499,,,,3.5442793369293213,-16.401874542236328,-17.010068893432617,3.5442793369293213,,
,,24549,,,429.20374870300293,,,,,,
,,24549,,7.821798324584961,,,,,,,
15,,24549,,,,3.5456488132476807,-16.461380004882812,-17.059263229370117,3.5456488132476807,,
,,24599,,,429.84628677368164,,,,,,
,,24599,,28.313636779785156,,,,,,,
15,,24599,,,,3.5416316986083984,-16.246477127075195,-16.84040641784668,3.5416316986083984,,
,,24649,,,429.97121810913086,,,,,,
,,24649,,8.137702941894531,,,,,,,
15,,24649,,,,3.5396134853363037,-15.704784393310547,-16.28533172607422,3.5396134853363037,,
,,24699,,,434.0202808380127,,,,,,
,,24699,,27.040481567382812,,,,,,,
15,,24699,,,,3.5437304973602295,-16.160911560058594,-16.761199951171875,3.5437304973602295,,
,,24749,,,428.55381965637207,,,,,,
,,24749,,8.639335632324219,,,,,,,
15,,24749,,,,3.5538582801818848,-16.301149368286133,-16.90599250793457,3.5538582801818848,,
,,24799,,,428.64394187927246,,,,,,
,,24799,,27.005910873413086,,,,,,,
15,,24799,,,,3.5433754920959473,-16.030485153198242,-16.687259674072266,3.5433754920959473,,
,,24849,,,430.90367317199707,,,,,,
,,24849,,7.8334808349609375,,,,,,,
15,,24849,,,,3.5496411323547363,-16.29564666748047,-16.879520416259766,3.5496411323547363,,
,,24899,,,426.5265464782715,,,,,,
,,24899,,25.617122650146484,,,,,,,
15,,24899,,,,3.5485522747039795,-16.215965270996094,-16.815959930419922,3.5485522747039795,,
,,24949,,,425.86803436279297,,,,,,
,,24949,,7.742881774902344,,,,,,,
15,,24949,,,,3.54247784614563,-16.31806182861328,-16.90646743774414,3.54247784614563,,
,,24999,,,428.91836166381836,,,,,,
,,24999,,28.14340591430664,,,,,,,
15,,24999,,,,3.545243740081787,-16.22825050354004,-16.82463264465332,3.545243740081787,,
15,,25007,,,,,,,,-16.10694122314453,-16.60289192199707
,,25008,791.1984767913818,,,,,,,,
,0.0003,25008,,,,,,,,,
,,25049,,,423.24328422546387,,,,,,
,,25049,,9.023189544677734,,,,,,,
16,,25049,,,,3.5495870113372803,-16.088729858398438,-16.668720245361328,3.5495870113372803,,
,,25099,,,424.8480796813965,,,,,,
,,25099,,25.533437728881836,,,,,,,
16,,25099,,,,3.548341989517212,-16.2628116607666,-16.85004997253418,3.548341989517212,,
,,25149,,,431.6415786743164,,,,,,
,,25149,,8.513927459716797,,,,,,,
16,,25149,,,,3.5336110591888428,-15.997736930847168,-16.57733154296875,3.5336110591888428,,
,,25199,,,428.5411834716797,,,,,,
,,25199,,25.752782821655273,,,,,,,
16,,25199,,,,3.5512516498565674,-16.04550552368164,-16.641429901123047,3.5512516498565674,,
,,25249,,,431.7655563354492,,,,,,
,,25249,,8.17561149597168,,,,,,,
16,,25249,,,,3.5477120876312256,-16.284854888916016,-16.87122344970703,3.5477120876312256,,
,,25299,,,425.5375862121582,,,,,,
,,25299,,26.033639907836914,,,,,,,
16,,25299,,,,3.554793119430542,-15.995165824890137,-16.580982208251953,3.554793119430542,,
,,25349,,,430.539608001709,,,,,,
,,25349,,8.258819580078125,,,,,,,
16,,25349,,,,3.5428466796875,-16.079736709594727,-16.67818260192871,3.5428466796875,,
,,25399,,,431.4446449279785,,,,,,
,,25399,,25.586843490600586,,,,,,,
16,,25399,,,,3.545565605163574,-16.248886108398438,-16.82735824584961,3.545565605163574,,
,,25449,,,428.4229278564453,,,,,,
,,25449,,7.789134979248047,,,,,,,
16,,25449,,,,3.540973663330078,-16.61270523071289,-17.193666458129883,3.540973663330078,,
,,25499,,,430.32002449035645,,,,,,
,,25499,,28.025150299072266,,,,,,,
16,,25499,,,,3.551713228225708,-16.16341781616211,-16.756942749023438,3.551713228225708,,
,,25549,,,424.41630363464355,,,,,,
,,25549,,8.601665496826172,,,,,,,
16,,25549,,,,3.544973134994507,-15.967328071594238,-16.566070556640625,3.544973134994507,,
,,25599,,,427.08754539489746,,,,,,
,,25599,,25.171995162963867,,,,,,,
16,,25599,,,,3.5469353199005127,-16.193599700927734,-16.785776138305664,3.5469353199005127,,
,,25649,,,425.0681400299072,,,,,,
,,25649,,7.683753967285156,,,,,,,
16,,25649,,,,3.5496606826782227,-16.227535247802734,-16.8336124420166,3.5496606826782227,,
,,25699,,,427.0637035369873,,,,,,
,,25699,,29.647111892700195,,,,,,,
16,,25699,,,,3.537900924682617,-16.294143676757812,-16.86716651916504,3.537900924682617,,
,,25749,,,421.2329387664795,,,,,,
,,25749,,7.906198501586914,,,,,,,
16,,25749,,,,3.545323371887207,-16.35690689086914,-16.9289493560791,3.545323371887207,,
,,25799,,,428.5402297973633,,,,,,
,,25799,,25.62999725341797,,,,,,,
16,,25799,,,,3.546751022338867,-16.32261848449707,-16.92087745666504,3.546751022338867,,
,,25849,,,437.30807304382324,,,,,,
,,25849,,9.108543395996094,,,,,,,
16,,25849,,,,3.551823139190674,-16.810333251953125,-17.398347854614258,3.551823139190674,,
,,25899,,,431.75292015075684,,,,,,
,,25899,,28.53107452392578,,,,,,,
16,,25899,,,,3.543163299560547,-16.29696273803711,-16.87812042236328,3.543163299560547,,
,,25949,,,427.36101150512695,,,,,,
,,25949,,8.234977722167969,,,,,,,
16,,25949,,,,3.5497004985809326,-16.120349884033203,-16.689050674438477,3.5497004985809326,,
,,25999,,,438.460111618042,,,,,,
,,25999,,26.318788528442383,,,,,,,
16,,25999,,,,3.546138286590576,-15.843465805053711,-16.431930541992188,3.546138286590576,,
,,26049,,,431.01954460144043,,,,,,
,,26049,,8.443117141723633,,,,,,,
16,,26049,,,,3.5442233085632324,-16.13010025024414,-16.752973556518555,3.5442233085632324,,
,,26099,,,428.1318187713623,,,,,,
,,26099,,28.321504592895508,,,,,,,
16,,26099,,,,3.5558862686157227,-16.354114532470703,-16.942424774169922,3.5558862686157227,,
,,26149,,,425.98581314086914,,,,,,
,,26149,,7.658243179321289,,,,,,,
16,,26149,,,,3.5515782833099365,-15.992700576782227,-16.590911865234375,3.5515782833099365,,
,,26199,,,425.8871078491211,,,,,,
,,26199,,24.631023406982422,,,,,,,
16,,26199,,,,3.545372486114502,-16.02239418029785,-16.668804168701172,3.545372486114502,,
,,26249,,,421.126127243042,,,,,,
,,26249,,7.422447204589844,,,,,,,
16,,26249,,,,3.547809362411499,-16.223983764648438,-16.824535369873047,3.547809362411499,,
,,26299,,,430.3450584411621,,,,,,
,,26299,,26.03602409362793,,,,,,,
16,,26299,,,,3.545076608657837,-16.327302932739258,-16.916872024536133,3.545076608657837,,
,,26349,,,425.66442489624023,,,,,,
,,26349,,9.14454460144043,,,,,,,
16,,26349,,,,3.548919677734375,-16.551502227783203,-17.184940338134766,3.548919677734375,,
,,26399,,,424.1313934326172,,,,,,
,,26399,,25.616168975830078,,,,,,,
16,,26399,,,,3.5456502437591553,-16.294525146484375,-16.8962459564209,3.5456502437591553,,
,,26449,,,429.92138862609863,,,,,,
,,26449,,8.569955825805664,,,,,,,
16,,26449,,,,3.543673038482666,-16.210695266723633,-16.813478469848633,3.543673038482666,,
,,26499,,,426.50651931762695,,,,,,
,,26499,,40.23933410644531,,,,,,,
16,,26499,,,,3.538954019546509,-16.218975067138672,-16.840534210205078,3.538954019546509,,
,,26549,,,426.00154876708984,,,,,,
,,26549,,7.601261138916016,,,,,,,
16,,26549,,,,3.5470385551452637,-15.922666549682617,-16.52590560913086,3.5470385551452637,,
16,,26570,,,,,,,,-16.092317581176758,-16.58829116821289
,,26571,803.8056259155273,,,,,,,,
,0.0003,26571,,,,,,,,,
,,26599,,,427.68359184265137,,,,,,
,,26599,,25.38156509399414,,,,,,,
17,,26599,,,,3.544286012649536,-16.340137481689453,-16.95655632019043,3.544286012649536,,
,,26649,,,431.8969249725342,,,,,,
,,26649,,9.315252304077148,,,,,,,
17,,26649,,,,3.5456230640411377,-16.600269317626953,-17.210758209228516,3.5456230640411377,,
,,26699,,,426.0830879211426,,,,,,
,,26699,,28.87129783630371,,,,,,,
17,,26699,,,,3.544050931930542,-16.057085037231445,-16.632904052734375,3.544050931930542,,
,,26749,,,429.20827865600586,,,,,,
,,26749,,8.71586799621582,,,,,,,
17,,26749,,,,3.54329776763916,-16.097091674804688,-16.675716400146484,3.54329776763916,,
,,26799,,,430.3262233734131,,,,,,
,,26799,,27.05240249633789,,,,,,,
17,,26799,,,,3.549144744873047,-16.589996337890625,-17.191417694091797,3.549144744873047,,
,,26849,,,426.13792419433594,,,,,,
,,26849,,8.106470108032227,,,,,,,
17,,26849,,,,3.5432026386260986,-16.114665985107422,-16.689556121826172,3.5432026386260986,,
,,26899,,,429.48436737060547,,,,,,
,,26899,,30.285120010375977,,,,,,,
17,,26899,,,,3.545844554901123,-16.1182861328125,-16.704294204711914,3.545844554901123,,
,,26949,,,425.1220226287842,,,,,,
,,26949,,7.651090621948242,,,,,,,
17,,26949,,,,3.5470640659332275,-16.344676971435547,-16.953052520751953,3.5470640659332275,,
,,26999,,,430.2797317504883,,,,,,
,,26999,,26.333332061767578,,,,,,,
17,,26999,,,,3.5452537536621094,-16.506118774414062,-17.096281051635742,3.5452537536621094,,
,,27049,,,432.70325660705566,,,,,,
,,27049,,8.308172225952148,,,,,,,
17,,27049,,,,3.549485206604004,-16.29889488220215,-16.90861701965332,3.549485206604004,,
,,27099,,,432.2774410247803,,,,,,
,,27099,,28.57041358947754,,,,,,,
17,,27099,,,,3.5478506088256836,-15.583135604858398,-16.183252334594727,3.5478506088256836,,
,,27149,,,425.7237911224365,,,,,,
,,27149,,7.630348205566406,,,,,,,
17,,27149,,,,3.534254312515259,-16.34258270263672,-16.915082931518555,3.534254312515259,,
,,27199,,,428.8311004638672,,,,,,
,,27199,,25.40135383605957,,,,,,,
17,,27199,,,,3.5436131954193115,-16.04268455505371,-16.609987258911133,3.5436131954193115,,
,,27249,,,430.8910369873047,,,,,,
,,27249,,8.344173431396484,,,,,,,
17,,27249,,,,3.5600907802581787,-15.908411026000977,-16.492055892944336,3.5600907802581787,,
,,27299,,,431.5910339355469,,,,,,
,,27299,,28.972625732421875,,,,,,,
17,,27299,,,,3.540036916732788,-16.195812225341797,-16.778844833374023,3.540036916732788,,
,,27349,,,431.8375587463379,,,,,,
,,27349,,8.052587509155273,,,,,,,
17,,27349,,,,3.549471378326416,-16.142047882080078,-16.727384567260742,3.549471378326416,,
,,27399,,,434.70311164855957,,,,,,
,,27399,,25.426864624023438,,,,,,,
17,,27399,,,,3.5472512245178223,-16.42085838317871,-16.992443084716797,3.5472512245178223,,
,,27449,,,427.9360771179199,,,,,,
,,27449,,8.239030838012695,,,,,,,
17,,27449,,,,3.5404505729675293,-16.2021484375,-16.801965713500977,3.5404505729675293,,
,,27499,,,427.1235466003418,,,,,,
,,27499,,26.577234268188477,,,,,,,
17,,27499,,,,3.549503803253174,-16.323917388916016,-16.898929595947266,3.549503803253174,,
,,27549,,,421.5283393859863,,,,,,
,,27549,,7.42793083190918,,,,,,,
17,,27549,,,,3.5438053607940674,-16.07917022705078,-16.651208877563477,3.5438053607940674,,
,,27599,,,430.48548698425293,,,,,,
,,27599,,28.230905532836914,,,,,,,
17,,27599,,,,3.5489282608032227,-16.286264419555664,-16.870290756225586,3.5489282608032227,,
,,27649,,,423.39086532592773,,,,,,
,,27649,,7.2956085205078125,,,,,,,
17,,27649,,,,3.5419812202453613,-16.457229614257812,-17.055700302124023,3.5419812202453613,,
,,27699,,,426.87177658081055,,,,,,
,,27699,,25.959491729736328,,,,,,,
17,,27699,,,,3.540072441101074,-16.473304748535156,-17.119606018066406,3.540072441101074,,
,,27749,,,434.4303607940674,,,,,,
,,27749,,7.517576217651367,,,,,,,
17,,27749,,,,3.548415422439575,-16.26997947692871,-16.848508834838867,3.548415422439575,,
,,27799,,,420.01795768737793,,,,,,
,,27799,,24.77574348449707,,,,,,,
17,,27799,,,,3.549330472946167,-16.11054229736328,-16.652206420898438,3.549330472946167,,
,,27849,,,424.38626289367676,,,,,,
,,27849,,7.861137390136719,,,,,,,
17,,27849,,,,3.5513548851013184,-15.837888717651367,-16.425500869750977,3.5513548851013184,,
,,27899,,,423.1534004211426,,,,,,
,,27899,,27.82440185546875,,,,,,,
17,,27899,,,,3.548760414123535,-16.32221031188965,-16.887985229492188,3.548760414123535,,
,,27949,,,425.06980895996094,,,,,,
,,27949,,8.199453353881836,,,,,,,
17,,27949,,,,3.552903413772583,-16.191125869750977,-16.787094116210938,3.552903413772583,,
,,27999,,,424.4685173034668,,,,,,
,,27999,,24.858713150024414,,,,,,,
17,,27999,,,,3.546875476837158,-16.128963470458984,-16.676834106445312,3.546875476837158,,
,,28049,,,430.36437034606934,,,,,,
,,28049,,7.438182830810547,,,,,,,
17,,28049,,,,3.5437417030334473,-16.29270362854004,-16.877687454223633,3.5437417030334473,,
,,28099,,,424.64327812194824,,,,,,
,,28099,,26.688575744628906,,,,,,,
17,,28099,,,,3.5444488525390625,-16.17730712890625,-16.73892593383789,3.5444488525390625,,
17,,28133,,,,,,,,-16.070653915405273,-16.558961868286133
,,28134,803.921902179718,,,,,,,,
,0.0003,28134,,,,,,,,,
,,28149,,,432.3437213897705,,,,,,
,,28149,,7.42340087890625,,,,,,,
18,,28149,,,,3.543903112411499,-16.053966522216797,-16.629486083984375,3.543903112411499,,
,,28199,,,428.6184310913086,,,,,,
,,28199,,26.170015335083008,,,,,,,
18,,28199,,,,3.552774667739868,-16.42571258544922,-17.01297950744629,3.552774667739868,,
,,28249,,,428.6329746246338,,,,,,
,,28249,,7.4329376220703125,,,,,,,
18,,28249,,,,3.552750587463379,-16.29547882080078,-16.876564025878906,3.552750587463379,,
,,28299,,,425.2760410308838,,,,,,
,,28299,,25.572538375854492,,,,,,,
18,,28299,,,,3.556058883666992,-16.12738037109375,-16.699308395385742,3.556058883666992,,
,,28349,,,429.7780990600586,,,,,,
,,28349,,7.913351058959961,,,,,,,
18,,28349,,,,3.5457725524902344,-16.54350471496582,-17.13013458251953,3.5457725524902344,,
,,28399,,,431.1656951904297,,,,,,
,,28399,,29.615402221679688,,,,,,,
18,,28399,,,,3.540433645248413,-16.043697357177734,-16.61444854736328,3.540433645248413,,
,,28449,,,433.9122772216797,,,,,,
,,28449,,8.437871932983398,,,,,,,
18,,28449,,,,3.5367677211761475,-16.233585357666016,-16.815397262573242,3.5367677211761475,,
,,28499,,,424.34167861938477,,,,,,
,,28499,,26.378393173217773,,,,,,,
18,,28499,,,,3.5483171939849854,-16.168596267700195,-16.742307662963867,3.5483171939849854,,
,,28549,,,434.6599578857422,,,,,,
,,28549,,8.21065902709961,,,,,,,
18,,28549,,,,3.554497718811035,-16.244617462158203,-16.800596237182617,3.554497718811035,,
,,28599,,,433.5594177246094,,,,,,
,,28599,,25.35247802734375,,,,,,,
18,,28599,,,,3.5514113903045654,-15.948680877685547,-16.508039474487305,3.5514113903045654,,
,,28649,,,428.82823944091797,,,,,,
,,28649,,9.673595428466797,,,,,,,
18,,28649,,,,3.5524892807006836,-16.680477142333984,-17.269840240478516,3.5524892807006836,,
,,28699,,,431.46276473999023,,,,,,
,,28699,,26.044130325317383,,,,,,,
18,,28699,,,,3.549408435821533,-15.80048656463623,-16.359251022338867,3.549408435821533,,
,,28749,,,431.20312690734863,,,,,,
,,28749,,9.658575057983398,,,,,,,
18,,28749,,,,3.551464080810547,-16.321937561035156,-16.915328979492188,3.551464080810547,,
,,28799,,,432.1315288543701,,,,,,
,,28799,,25.851011276245117,,,,,,,
18,,28799,,,,3.5549802780151367,-16.078933715820312,-16.63161849975586,3.5549802780151367,,
,,28849,,,429.9278259277344,,,,,,
,,28849,,8.050918579101562,,,,,,,
18,,28849,,,,3.5406486988067627,-15.973886489868164,-16.5709228515625,3.5406486988067627,,
,,28899,,,426.5470504760742,,,,,,
,,28899,,28.645992279052734,,,,,,,
18,,28899,,,,3.540285587310791,-16.266252517700195,-16.846813201904297,3.540285587310791,,
,,28949,,,430.4938316345215,,,,,,
,,28949,,8.798837661743164,,,,,,,
18,,28949,,,,3.546502113342285,-16.405841827392578,-17.020336151123047,3.546502113342285,,
,,28999,,,431.3051700592041,,,,,,
,,28999,,28.319597244262695,,,,,,,
18,,28999,,,,3.541473865509033,-16.32024383544922,-16.914100646972656,3.541473865509033,,
,,29049,,,421.6930866241455,,,,,,
,,29049,,8.16202163696289,,,,,,,
18,,29049,,,,3.5443713665008545,-16.596233367919922,-17.178997039794922,3.5443713665008545,,
,,29099,,,418.1091785430908,,,,,,
,,29099,,24.805068969726562,,,,,,,
18,,29099,,,,3.549859046936035,-15.893774032592773,-16.474245071411133,3.549859046936035,,
,,29149,,,424.47471618652344,,,,,,
,,29149,,8.290767669677734,,,,,,,
18,,29149,,,,3.552036762237549,-16.009340286254883,-16.605907440185547,3.552036762237549,,
,,29199,,,417.8438186645508,,,,,,
,,29199,,28.365612030029297,,,,,,,
18,,29199,,,,3.5502195358276367,-16.395105361938477,-16.948558807373047,3.5502195358276367,,
,,29249,,,419.74496841430664,,,,,,
,,29249,,6.335020065307617,,,,,,,
18,,29249,,,,3.5464494228363037,-16.200746536254883,-16.7857608795166,3.5464494228363037,,
,,29299,,,400.3424644470215,,,,,,
,,29299,,23.189783096313477,,,,,,,
18,,29299,,,,3.5561015605926514,-16.53655433654785,-17.129674911499023,3.5561015605926514,,
,,29349,,,403.0592441558838,,,,,,
,,29349,,5.435943603515625,,,,,,,
18,,29349,,,,3.5486128330230713,-16.36920738220215,-16.965484619140625,3.5486128330230713,,
,,29399,,,406.3711166381836,,,,,,
,,29399,,22.82404899597168,,,,,,,
18,,29399,,,,3.557361364364624,-16.12666893005371,-16.720064163208008,3.557361364364624,,
,,29449,,,400.10595321655273,,,,,,
,,29449,,5.328178405761719,,,,,,,
18,,29449,,,,3.5425915718078613,-16.451099395751953,-17.033506393432617,3.5425915718078613,,
,,29499,,,400.6364345550537,,,,,,
,,29499,,23.353099822998047,,,,,,,
18,,29499,,,,3.5468127727508545,-16.07462501525879,-16.651201248168945,3.5468127727508545,,
,,29549,,,399.6543884277344,,,,,,
,,29549,,5.229711532592773,,,,,,,
18,,29549,,,,3.5465991497039795,-16.282222747802734,-16.864856719970703,3.5465991497039795,,
,,29599,,,397.43685722351074,,,,,,
,,29599,,22.806644439697266,,,,,,,
18,,29599,,,,3.5391390323638916,-16.3460693359375,-16.933231353759766,3.5391390323638916,,
,,29649,,,396.0535526275635,,,,,,
,,29649,,5.284309387207031,,,,,,,
18,,29649,,,,3.552031993865967,-16.311954498291016,-16.896116256713867,3.552031993865967,,
18,,29696,,,,,,,,-16.06453514099121,-16.549325942993164
,,29697,789.2816665172577,,,,,,,,
,0.0003,29697,,,,,,,,,
,,29699,,,424.5591163635254,,,,,,
,,29699,,26.61299705505371,,,,,,,
19,,29699,,,,3.5433549880981445,-16.2514591217041,-16.82540512084961,3.5433549880981445,,
,,29749,,,428.4186363220215,,,,,,
,,29749,,8.58449935913086,,,,,,,
19,,29749,,,,3.5409464836120605,-16.141422271728516,-16.720447540283203,3.5409464836120605,,
,,29799,,,449.979305267334,,,,,,
,,29799,,29.847145080566406,,,,,,,
19,,29799,,,,3.5384089946746826,-16.360288619995117,-16.916452407836914,3.5384089946746826,,
,,29849,,,431.9307804107666,,,,,,
,,29849,,9.575128555297852,,,,,,,
19,,29849,,,,3.5446977615356445,-15.905967712402344,-16.49964141845703,3.5446977615356445,,
,,29899,,,426.954984664917,,,,,,
,,29899,,26.291847229003906,,,,,,,
19,,29899,,,,3.5557665824890137,-16.392349243164062,-16.95043182373047,3.5557665824890137,,
,,29949,,,419.144868850708,,,,,,
,,29949,,8.395671844482422,,,,,,,
19,,29949,,,,3.5430397987365723,-15.844623565673828,-16.42658233642578,3.5430397987365723,,
,,29999,,,417.508602142334,,,,,,
,,29999,,22.826194763183594,,,,,,,
19,,29999,,,,3.5449109077453613,-16.06460189819336,-16.613861083984375,3.5449109077453613,,
,,30049,,,418.2555675506592,,,,,,
,,30049,,7.868766784667969,,,,,,,
19,,30049,,,,3.547542095184326,-16.246753692626953,-16.79981231689453,3.547542095184326,,
,,30099,,,424.59917068481445,,,,,,
,,30099,,27.079343795776367,,,,,,,
19,,30099,,,,3.54642391204834,-16.356922149658203,-16.933473587036133,3.54642391204834,,
,,30149,,,417.858362197876,,,,,,
,,30149,,7.721424102783203,,,,,,,
19,,30149,,,,3.5403966903686523,-16.309083938598633,-16.85472297668457,3.5403966903686523,,
,,30199,,,413.52176666259766,,,,,,
,,30199,,25.670289993286133,,,,,,,
19,,30199,,,,3.5594067573547363,-16.0390682220459,-16.604473114013672,3.5594067573547363,,
,,30249,,,415.09103775024414,,,,,,
,,30249,,8.242607116699219,,,,,,,
19,,30249,,,,3.5492124557495117,-16.115772247314453,-16.69343376159668,3.5492124557495117,,
,,30299,,,412.4457836151123,,,,,,
,,30299,,27.449369430541992,,,,,,,
19,,30299,,,,3.548016309738159,-16.234804153442383,-16.805322647094727,3.548016309738159,,
,,30349,,,418.18737983703613,,,,,,
,,30349,,6.309270858764648,,,,,,,
19,,30349,,,,3.5482683181762695,-16.242321014404297,-16.81251335144043,3.5482683181762695,,
,,30399,,,416.7158603668213,,,,,,
,,30399,,26.19194984436035,,,,,,,
19,,30399,,,,3.540360689163208,-15.876176834106445,-16.453184127807617,3.540360689163208,,
,,30449,,,413.0239486694336,,,,,,
,,30449,,5.954265594482422,,,,,,,
19,,30449,,,,3.545403480529785,-15.893939971923828,-16.471418380737305,3.545403480529785,,
,,30499,,,412.2469425201416,,,,,,
,,30499,,27.024507522583008,,,,,,,
19,,30499,,,,3.5436360836029053,-16.424087524414062,-16.98959732055664,3.5436360836029053,,
,,30549,,,420.1047420501709,,,,,,
,,30549,,7.720947265625,,,,,,,
19,,30549,,,,3.548322916030884,-16.156383514404297,-16.713560104370117,3.548322916030884,,
,,30599,,,412.75715827941895,,,,,,
,,30599,,24.61981773376465,,,,,,,
19,,30599,,,,3.5481960773468018,-16.23580551147461,-16.78353500366211,3.5481960773468018,,
,,30649,,,415.5416488647461,,,,,,
,,30649,,7.114410400390625,,,,,,,
19,,30649,,,,3.545600414276123,-16.14501190185547,-16.698789596557617,3.545600414276123,,
,,30699,,,416.1412715911865,,,,,,
,,30699,,27.21881866455078,,,,,,,
19,,30699,,,,3.5521790981292725,-15.912640571594238,-16.502912521362305,3.5521790981292725,,
,,30749,,,406.51607513427734,,,,,,
,,30749,,7.171869277954102,,,,,,,
19,,30749,,,,3.5341577529907227,-15.949621200561523,-16.531147003173828,3.5341577529907227,,
,,30799,,,415.8463478088379,,,,,,
,,30799,,27.274608612060547,,,,,,,
19,,30799,,,,3.5405495166778564,-16.117809295654297,-16.69792938232422,3.5405495166778564,,
,,30849,,,409.0414047241211,,,,,,
,,30849,,7.556915283203125,,,,,,,
19,,30849,,,,3.540454864501953,-15.769282341003418,-16.351856231689453,3.540454864501953,,
,,30899,,,414.33095932006836,,,,,,
,,30899,,27.053117752075195,,,,,,,
19,,30899,,,,3.548661947250366,-16.363195419311523,-16.8996524810791,3.548661947250366,,
,,30949,,,418.00951957702637,,,,,,
,,30949,,7.765054702758789,,,,,,,
19,,30949,,,,3.537533760070801,-16.520219802856445,-17.123394012451172,3.537533760070801,,
,,30999,,,417.19961166381836,,,,,,
,,30999,,25.719881057739258,,,,,,,
19,,30999,,,,3.5413103103637695,-16.0361328125,-16.59459114074707,3.5413103103637695,,
,,31049,,,408.84852409362793,,,,,,
,,31049,,4.940271377563477,,,,,,,
19,,31049,,,,3.5503807067871094,-16.58810043334961,-17.148345947265625,3.5503807067871094,,
,,31099,,,406.00109100341797,,,,,,
,,31099,,26.71957015991211,,,,,,,
19,,31099,,,,3.5577845573425293,-15.775142669677734,-16.331634521484375,3.5577845573425293,,
,,31149,,,413.20109367370605,,,,,,
,,31149,,6.754875183105469,,,,,,,
19,,31149,,,,3.550938129425049,-15.986495971679688,-16.5595645904541,3.550938129425049,,
,,31199,,,423.7995147705078,,,,,,
,,31199,,26.236772537231445,,,,,,,
19,,31199,,,,3.5460970401763916,-15.789972305297852,-16.371259689331055,3.5460970401763916,,
,,31249,,,407.5000286102295,,,,,,
,,31249,,7.6160430908203125,,,,,,,
19,,31249,,,,3.54313588142395,-16.269695281982422,-16.86195182800293,3.54313588142395,,
19,,31259,,,,,,,,-16.058597564697266,-16.54544448852539
,,31260,782.4544486999512,,,,,,,,
,0.0003,31260,,,,,,,,,
,,31299,,,409.3296527862549,,,,,,
,,31299,,24.87492561340332,,,,,,,
20,,31299,,,,3.538478374481201,-16.27138900756836,-16.842632293701172,3.538478374481201,,
,,31349,,,403.4416675567627,,,,,,
,,31349,,6.971120834350586,,,,,,,
20,,31349,,,,3.5477354526519775,-16.263277053833008,-16.813413619995117,3.5477354526519775,,
,,31399,,,415.94910621643066,,,,,,
,,31399,,26.755809783935547,,,,,,,
20,,31399,,,,3.5504348278045654,-16.17462921142578,-16.750944137573242,3.5504348278045654,,
,,31449,,,407.7496528625488,,,,,,
,,31449,,7.939577102661133,,,,,,,
20,,31449,,,,3.543212413787842,-16.257179260253906,-16.834684371948242,3.543212413787842,,
,,31499,,,415.7834053039551,,,,,,
,,31499,,26.393651962280273,,,,,,,
20,,31499,,,,3.556563377380371,-16.584367752075195,-17.139265060424805,3.556563377380371,,
,,31549,,,411.2699031829834,,,,,,
,,31549,,6.365776062011719,,,,,,,
20,,31549,,,,3.5494914054870605,-15.936054229736328,-16.496030807495117,3.5494914054870605,,
,,31599,,,412.6608371734619,,,,,,
,,31599,,27.850866317749023,,,,,,,
20,,31599,,,,3.5440022945404053,-15.80556869506836,-16.3739013671875,3.5440022945404053,,
,,31649,,,425.74191093444824,,,,,,
,,31649,,5.301952362060547,,,,,,,
20,,31649,,,,3.546478748321533,-15.887081146240234,-16.44638442993164,3.546478748321533,,
,,31699,,,416.35584831237793,,,,,,
,,31699,,26.830673217773438,,,,,,,
20,,31699,,,,3.5493528842926025,-16.32880210876465,-16.896799087524414,3.5493528842926025,,
,,31749,,,407.2580337524414,,,,,,
,,31749,,5.210161209106445,,,,,,,
20,,31749,,,,3.5542125701904297,-16.182554244995117,-16.7741756439209,3.5542125701904297,,
,,31799,,,408.25557708740234,,,,,,
,,31799,,22.525310516357422,,,,,,,
20,,31799,,,,3.552246570587158,-16.369098663330078,-16.91767120361328,3.552246570587158,,
,,31849,,,432.4197769165039,,,,,,
,,31849,,7.28297233581543,,,,,,,
20,,31849,,,,3.5539543628692627,-15.969681739807129,-16.536848068237305,3.5539543628692627,,
,,31899,,,424.8533248901367,,,,,,
,,31899,,26.60393714904785,,,,,,,
20,,31899,,,,3.5443990230560303,-16.259002685546875,-16.82434844970703,3.5443990230560303,,
,,31949,,,424.9889850616455,,,,,,
,,31949,,7.953882217407227,,,,,,,
20,,31949,,,,3.5500080585479736,-16.502811431884766,-17.03862953186035,3.5500080585479736,,
,,31999,,,417.66858100891113,,,,,,
,,31999,,26.775836944580078,,,,,,,
20,,31999,,,,3.5437889099121094,-15.853811264038086,-16.41055679321289,3.5437889099121094,,
,,32049,,,428.85351181030273,,,,,,
,,32049,,7.244586944580078,,,,,,,
20,,32049,,,,3.54408860206604,-16.09964942932129,-16.678287506103516,3.54408860206604,,
,,32099,,,415.82608222961426,,,,,,
,,32099,,24.905681610107422,,,,,,,
20,,32099,,,,3.5512924194335938,-16.11589813232422,-16.6824893951416,3.5512924194335938,,
,,32149,,,437.9594326019287,,,,,,
,,32149,,7.35783576965332,,,,,,,
20,,32149,,,,3.551089286804199,-16.282669067382812,-16.86878204345703,3.551089286804199,,
,,32199,,,421.98753356933594,,,,,,
,,32199,,24.77240562438965,,,,,,,
20,,32199,,,,3.548499345779419,-15.980234146118164,-16.550216674804688,3.548499345779419,,
,,32249,,,424.32522773742676,,,,,,
,,32249,,7.05409049987793,,,,,,,
20,,32249,,,,3.536149024963379,-16.0853271484375,-16.66448974609375,3.536149024963379,,
,,32299,,,440.45042991638184,,,,,,
,,32299,,24.649381637573242,,,,,,,
20,,32299,,,,3.556486129760742,-16.105655670166016,-16.661439895629883,3.556486129760742,,
,,32349,,,426.5315532684326,,,,,,
,,32349,,7.170438766479492,,,,,,,
20,,32349,,,,3.540249824523926,-15.89382553100586,-16.462196350097656,3.540249824523926,,
,,32399,,,427.9022216796875,,,,,,
,,32399,,24.738788604736328,,,,,,,
20,,32399,,,,3.5518150329589844,-16.106800079345703,-16.663881301879883,3.5518150329589844,,
,,32449,,,419.3148612976074,,,,,,
,,32449,,7.155418395996094,,,,,,,
20,,32449,,,,3.5434138774871826,-16.593215942382812,-17.153057098388672,3.5434138774871826,,
,,32499,,,421.9403266906738,,,,,,
,,32499,,28.599262237548828,,,,,,,
20,,32499,,,,3.5501954555511475,-16.127187728881836,-16.688274383544922,3.5501954555511475,,
,,32549,,,432.01231956481934,,,,,,
,,32549,,7.262468338012695,,,,,,,
20,,32549,,,,3.54457426071167,-16.307968139648438,-16.886247634887695,3.54457426071167,,
,,32599,,,425.7645606994629,,,,,,
,,32599,,25.249719619750977,,,,,,,
20,,32599,,,,3.5464861392974854,-16.066944122314453,-16.633399963378906,3.5464861392974854,,
,,32649,,,426.6843795776367,,,,,,
,,32649,,7.339000701904297,,,,,,,
20,,32649,,,,3.5542004108428955,-16.141021728515625,-16.70943260192871,3.5542004108428955,,
,,32699,,,418.8706874847412,,,,,,
,,32699,,26.350736618041992,,,,,,,
20,,32699,,,,3.553874969482422,-16.480640411376953,-17.029401779174805,3.553874969482422,,
,,32749,,,430.25732040405273,,,,,,
,,32749,,8.098602294921875,,,,,,,
20,,32749,,,,3.5460691452026367,-16.08697509765625,-16.648923873901367,3.5460691452026367,,
,,32799,,,416.93973541259766,,,,,,
,,32799,,26.437759399414062,,,,,,,
20,,32799,,,,3.549229621887207,-16.122787475585938,-16.666128158569336,3.549229621887207,,
20,,32822,,,,,,,,-16.049558639526367,-16.520118713378906
,,32823,792.5942258834839,,,,,,,,
,0.0003,32823,,,,,,,,,
,,32849,,,420.2308654785156,,,,,,
,,32849,,7.959127426147461,,,,,,,
21,,32849,,,,3.55112886428833,-16.05875015258789,-16.608720779418945,3.55112886428833,,
,,32899,,,416.1703586578369,,,,,,
,,32899,,25.68840980529785,,,,,,,
21,,32899,,,,3.553257942199707,-16.113584518432617,-16.678064346313477,3.553257942199707,,
,,32949,,,442.48270988464355,,,,,,
,,32949,,7.976055145263672,,,,,,,
21,,32949,,,,3.544292449951172,-16.183746337890625,-16.744422912597656,3.544292449951172,,
,,32999,,,440.6158924102783,,,,,,
,,32999,,25.435447692871094,,,,,,,
21,,32999,,,,3.5421133041381836,-16.609420776367188,-17.173412322998047,3.5421133041381836,,
,,33049,,,440.25158882141113,,,,,,
,,33049,,8.438825607299805,,,,,,,
21,,33049,,,,3.5497887134552,-16.48934555053711,-17.066736221313477,3.5497887134552,,
,,33099,,,443.58134269714355,,,,,,
,,33099,,25.632381439208984,,,,,,,
21,,33099,,,,3.546600341796875,-16.63367462158203,-17.18895149230957,3.546600341796875,,
,,33149,,,434.19623374938965,,,,,,
,,33149,,8.655309677124023,,,,,,,
21,,33149,,,,3.5449776649475098,-16.16227149963379,-16.738271713256836,3.5449776649475098,,
,,33199,,,425.2338409423828,,,,,,
,,33199,,25.4669189453125,,,,,,,
21,,33199,,,,3.5382933616638184,-16.144975662231445,-16.680471420288086,3.5382933616638184,,
,,33249,,,433.26544761657715,,,,,,
,,33249,,8.793830871582031,,,,,,,
21,,33249,,,,3.543205499649048,-15.822898864746094,-16.39857292175293,3.543205499649048,,
,,33299,,,439.9263858795166,,,,,,
,,33299,,25.29621124267578,,,,,,,
21,,33299,,,,3.5496182441711426,-16.538944244384766,-17.13823127746582,3.5496182441711426,,
,,33349,,,445.05858421325684,,,,,,
,,33349,,7.856130599975586,,,,,,,
21,,33349,,,,3.546501398086548,-16.538925170898438,-17.0999698638916,3.546501398086548,,
,,33399,,,431.94127082824707,,,,,,
,,33399,,26.89504623413086,,,,,,,
21,,33399,,,,3.54203724861145,-15.998444557189941,-16.56587791442871,3.54203724861145,,
,,33449,,,430.44424057006836,,,,,,
,,33449,,9.445667266845703,,,,,,,
21,,33449,,,,3.5474681854248047,-16.0185489654541,-16.583009719848633,3.5474681854248047,,
,,33499,,,433.20250511169434,,,,,,
,,33499,,25.203704833984375,,,,,,,
21,,33499,,,,3.5472640991210938,-16.30146026611328,-16.850502014160156,3.5472640991210938,,
,,33549,,,428.0524253845215,,,,,,
,,33549,,8.228302001953125,,,,,,,
21,,33549,,,,3.549956798553467,-16.126995086669922,-16.687904357910156,3.549956798553467,,
,,33599,,,436.31958961486816,,,,,,
,,33599,,25.68793296813965,,,,,,,
21,,33599,,,,3.5390312671661377,-16.071372985839844,-16.638011932373047,3.5390312671661377,,
,,33649,,,428.9991855621338,,,,,,
,,33649,,8.730649948120117,,,,,,,
21,,33649,,,,3.5515072345733643,-15.988288879394531,-16.549623489379883,3.5515072345733643,,
,,33699,,,439.62621688842773,,,,,,
,,33699,,25.485515594482422,,,,,,,
21,,33699,,,,3.5484673976898193,-16.902034759521484,-17.481060028076172,3.5484673976898193,,
,,33749,,,431.9274425506592,,,,,,
,,33749,,8.656978607177734,,,,,,,
21,,33749,,,,3.5416717529296875,-16.25404167175293,-16.82305145263672,3.5416717529296875,,
,,33799,,,433.6545467376709,,,,,,
,,33799,,25.068998336791992,,,,,,,
21,,33799,,,,3.5481576919555664,-15.910470008850098,-16.466856002807617,3.5481576919555664,,
,,33849,,,432.384729385376,,,,,,
,,33849,,8.590459823608398,,,,,,,
21,,33849,,,,3.543586254119873,-15.936717987060547,-16.49587631225586,3.543586254119873,,
,,33899,,,436.1748695373535,,,,,,
,,33899,,25.08378028869629,,,,,,,
21,,33899,,,,3.555276393890381,-16.73678970336914,-17.31379508972168,3.555276393890381,,
,,33949,,,430.9203624725342,,,,,,
,,33949,,8.594989776611328,,,,,,,
21,,33949,,,,3.545072555541992,-16.394731521606445,-16.95693016052246,3.545072555541992,,
,,33999,,,432.59358406066895,,,,,,
,,33999,,24.751663208007812,,,,,,,
21,,33999,,,,3.549851655960083,-15.797713279724121,-16.350780487060547,3.549851655960083,,
,,34049,,,425.89569091796875,,,,,,
,,34049,,7.827520370483398,,,,,,,
21,,34049,,,,3.5368895530700684,-16.178945541381836,-16.730693817138672,3.5368895530700684,,
,,34099,,,427.0014762878418,,,,,,
,,34099,,25.040864944458008,,,,,,,
21,,34099,,,,3.548893690109253,-16.21015739440918,-16.781055450439453,3.548893690109253,,
,,34149,,,435.87327003479004,,,,,,
,,34149,,7.417917251586914,,,,,,,
21,,34149,,,,3.536919116973877,-16.290660858154297,-16.868122100830078,3.536919116973877,,
,,34199,,,424.0133762359619,,,,,,
,,34199,,28.3815860748291,,,,,,,
21,,34199,,,,3.5396106243133545,-16.21744155883789,-16.757976531982422,3.5396106243133545,,
,,34249,,,427.8063774108887,,,,,,
,,34249,,7.96818733215332,,,,,,,
21,,34249,,,,3.546067953109741,-16.281230926513672,-16.853527069091797,3.546067953109741,,
,,34299,,,436.24138832092285,,,,,,
,,34299,,25.998353958129883,,,,,,,
21,,34299,,,,3.5439398288726807,-16.096492767333984,-16.659770965576172,3.5439398288726807,,
,,34349,,,440.9916400909424,,,,,,
,,34349,,7.603168487548828,,,,,,,
21,,34349,,,,3.550934314727783,-16.218910217285156,-16.77667999267578,3.550934314727783,,
21,,34385,,,,,,,,-16.043140411376953,-16.514074325561523
,,34386,809.7845320701599,,,,,,,,
,0.0003,34386,,,,,,,,,
,,34399,,,421.1709499359131,,,,,,
,,34399,,25.54011344909668,,,,,,,
22,,34399,,,,3.542630195617676,-16.306642532348633,-16.880252838134766,3.542630195617676,,
,,34449,,,429.5961856842041,,,,,,
,,34449,,8.28695297241211,,,,,,,
22,,34449,,,,3.5480129718780518,-16.278589248657227,-16.853422164916992,3.5480129718780518,,
,,34499,,,436.10501289367676,,,,,,
,,34499,,25.196552276611328,,,,,,,
22,,34499,,,,3.556445598602295,-16.632558822631836,-17.190946578979492,3.556445598602295,,
,,34549,,,435.8992576599121,,,,,,
,,34549,,7.675886154174805,,,,,,,
22,,34549,,,,3.54606032371521,-16.109817504882812,-16.68499183654785,3.54606032371521,,
,,34599,,,422.19066619873047,,,,,,
,,34599,,26.953697204589844,,,,,,,
22,,34599,,,,3.546698570251465,-15.965423583984375,-16.545085906982422,3.546698570251465,,
,,34649,,,421.7641353607178,,,,,,
,,34649,,7.890224456787109,,,,,,,
22,,34649,,,,3.541851758956909,-15.521261215209961,-16.09206771850586,3.541851758956909,,
,,34699,,,430.8497905731201,,,,,,
,,34699,,25.927066802978516,,,,,,,
22,,34699,,,,3.5461089611053467,-16.413105010986328,-16.96160125732422,3.5461089611053467,,
,,34749,,,432.4040412902832,,,,,,
,,34749,,7.573604583740234,,,,,,,
22,,34749,,,,3.5417234897613525,-16.196882247924805,-16.769039154052734,3.5417234897613525,,
,,34799,,,438.9655590057373,,,,,,
,,34799,,25.1619815826416,,,,,,,
22,,34799,,,,3.5524730682373047,-16.345487594604492,-16.908512115478516,3.5524730682373047,,
,,34849,,,429.2008876800537,,,,,,
,,34849,,7.725715637207031,,,,,,,
22,,34849,,,,3.537796974182129,-15.977909088134766,-16.53194236755371,3.537796974182129,,
,,34899,,,431.485652923584,,,,,,
,,34899,,27.0230770111084,,,,,,,
22,,34899,,,,3.546764373779297,-16.33742332458496,-16.89852523803711,3.546764373779297,,
,,34949,,,433.7904453277588,,,,,,
,,34949,,7.613420486450195,,,,,,,
22,,34949,,,,3.5447187423706055,-16.32463264465332,-16.880870819091797,3.5447187423706055,,
,,34999,,,425.4763126373291,,,,,,
,,34999,,26.049137115478516,,,,,,,
22,,34999,,,,3.541314125061035,-15.866596221923828,-16.441736221313477,3.541314125061035,,
,,35049,,,427.10328102111816,,,,,,
,,35049,,7.505178451538086,,,,,,,
22,,35049,,,,3.5410919189453125,-15.981369018554688,-16.530981063842773,3.5410919189453125,,
,,35099,,,431.976318359375,,,,,,
,,35099,,24.89018440246582,,,,,,,
22,,35099,,,,3.5461785793304443,-15.996278762817383,-16.54452133178711,3.5461785793304443,,
,,35149,,,439.53609466552734,,,,,,
,,35149,,7.595062255859375,,,,,,,
22,,35149,,,,3.5498363971710205,-16.19515609741211,-16.766263961791992,3.5498363971710205,,
,,35199,,,430.93156814575195,,,,,,
,,35199,,25.026559829711914,,,,,,,
22,,35199,,,,3.550532817840576,-16.493995666503906,-17.05816650390625,3.550532817840576,,
,,35249,,,428.13849449157715,,,,,,
,,35249,,8.123636245727539,,,,,,,
22,,35249,,,,3.5521669387817383,-15.921114921569824,-16.48777961730957,3.5521669387817383,,
,,35299,,,423.74229431152344,,,,,,
,,35299,,26.23462677001953,,,,,,,
22,,35299,,,,3.545969247817993,-16.10599136352539,-16.679044723510742,3.545969247817993,,
,,35349,,,427.9963970184326,,,,,,
,,35349,,8.182525634765625,,,,,,,
22,,35349,,,,3.537875175476074,-15.901471138000488,-16.458385467529297,3.537875175476074,,
,,35399,,,427.10041999816895,,,,,,
,,35399,,26.33380889892578,,,,,,,
22,,35399,,,,3.543020009994507,-16.26607322692871,-16.835580825805664,3.543020009994507,,
,,35449,,,430.70244789123535,,,,,,
,,35449,,9.747982025146484,,,,,,,
22,,35449,,,,3.544434070587158,-15.833701133728027,-16.395347595214844,3.544434070587158,,
,,35499,,,429.6116828918457,,,,,,
,,35499,,24.839401245117188,,,,,,,
22,,35499,,,,3.551079750061035,-15.877654075622559,-16.442747116088867,3.551079750061035,,
,,35549,,,429.6109676361084,,,,,,
,,35549,,7.75599479675293,,,,,,,
22,,35549,,,,3.5429441928863525,-15.892967224121094,-16.45885467529297,3.5429441928863525,,
,,35599,,,430.8888912200928,,,,,,
,,35599,,24.91450309753418,,,,,,,
22,,35599,,,,3.542628765106201,-16.115108489990234,-16.680448532104492,3.542628765106201,,
,,35649,,,434.7035884857178,,,,,,
,,35649,,7.564067840576172,,,,,,,
22,,35649,,,,3.540355682373047,-16.183792114257812,-16.74536895751953,3.540355682373047,,
,,35699,,,435.7876777648926,,,,,,
,,35699,,25.49123764038086,,,,,,,
22,,35699,,,,3.546997547149658,-15.856605529785156,-16.415239334106445,3.546997547149658,,
,,35749,,,427.6456832885742,,,,,,
,,35749,,7.449865341186523,,,,,,,
22,,35749,,,,3.5430920124053955,-16.020824432373047,-16.566814422607422,3.5430920124053955,,
,,35799,,,436.1755847930908,,,,,,
,,35799,,24.90687370300293,,,,,,,
22,,35799,,,,3.5490777492523193,-15.851703643798828,-16.390241622924805,3.5490777492523193,,
,,35849,,,430.4852485656738,,,,,,
,,35849,,10.124921798706055,,,,,,,
22,,35849,,,,3.540334939956665,-16.030637741088867,-16.593181610107422,3.540334939956665,,
,,35899,,,434.1607093811035,,,,,,
,,35899,,27.087926864624023,,,,,,,
22,,35899,,,,3.544727087020874,-15.998074531555176,-16.568944931030273,3.544727087020874,,
,,35949,,,426.12290382385254,,,,,,
22,,35948,,,,,,,,-16.031375885009766,-16.498210906982422
,,35949,807.4499168395996,,,,,,,,
,0.0003,35949,,,,,,,,,
,,35949,,,,,,,,,
23,,35949,,,,3.544046640396118,-16.22624969482422,-16.794139862060547,3.544046640396118,,
,,35999,,,432.24024772644043,,,,,,
,,35999,,27.737855911254883,,,,,,,
23,,35999,,,,3.554842948913574,-16.264324188232422,-16.818561553955078,3.554842948913574,,
,,36049,,,428.76648902893066,,,,,,
,,36049,,8.047342300415039,,,,,,,
23,,36049,,,,3.5481908321380615,-16.098159790039062,-16.644285202026367,3.5481908321380615,,
,,36099,,,430.8009147644043,,,,,,
,,36099,,26.82662010192871,,,,,,,
23,,36099,,,,3.5525054931640625,-16.202075958251953,-16.77867889404297,3.5525054931640625,,
,,36149,,,424.20363426208496,,,,,,
,,36149,,7.786750793457031,,,,,,,
23,,36149,,,,3.541134834289551,-15.732080459594727,-16.294954299926758,3.541134834289551,,
,,36199,,,430.10544776916504,,,,,,
,,36199,,25.332212448120117,,,,,,,
23,,36199,,,,3.554490327835083,-16.2844295501709,-16.84368896484375,3.554490327835083,,
,,36249,,,419.07215118408203,,,,,,
,,36249,,9.01937484741211,,,,,,,
23,,36249,,,,3.540916681289673,-16.23077964782715,-16.80619239807129,3.540916681289673,,
,,36299,,,414.9801731109619,,,,,,
,,36299,,26.850223541259766,,,,,,,
23,,36299,,,,3.54374098777771,-16.135986328125,-16.66926383972168,3.54374098777771,,
,,36349,,,427.83546447753906,,,,,,
,,36349,,5.226612091064453,,,,,,,
23,,36349,,,,3.549734354019165,-16.32888412475586,-16.90688133239746,3.549734354019165,,
,,36399,,,425.1890182495117,,,,,,
,,36399,,22.394657135009766,,,,,,,
23,,36399,,,,3.5416173934936523,-16.069942474365234,-16.629186630249023,3.5416173934936523,,
,,36449,,,422.89018630981445,,,,,,
,,36449,,5.308628082275391,,,,,,,
23,,36449,,,,3.543588876724243,-15.807336807250977,-16.367204666137695,3.543588876724243,,
,,36499,,,422.393798828125,,,,,,
,,36499,,23.906469345092773,,,,,,,
23,,36499,,,,3.5397703647613525,-16.248882293701172,-16.801809310913086,3.5397703647613525,,
,,36549,,,402.1263122558594,,,,,,
,,36549,,5.060911178588867,,,,,,,
23,,36549,,,,3.546736478805542,-16.16898536682129,-16.74705696105957,3.546736478805542,,
,,36599,,,423.5265254974365,,,,,,
,,36599,,22.530794143676758,,,,,,,
23,,36599,,,,3.554905891418457,-15.927752494812012,-16.469844818115234,3.554905891418457,,
,,36649,,,425.2581596374512,,,,,,
,,36649,,5.112171173095703,,,,,,,
23,,36649,,,,3.543447494506836,-16.057146072387695,-16.612890243530273,3.543447494506836,,
,,36699,,,424.18861389160156,,,,,,
,,36699,,22.333621978759766,,,,,,,
23,,36699,,,,3.545078992843628,-15.835381507873535,-16.387569427490234,3.545078992843628,,
,,36749,,,420.49217224121094,,,,,,
,,36749,,5.3558349609375,,,,,,,
23,,36749,,,,3.5500848293304443,-15.957382202148438,-16.510936737060547,3.5500848293304443,,
,,36799,,,415.56620597839355,,,,,,
,,36799,,23.47588539123535,,,,,,,
23,,36799,,,,3.544924259185791,-15.996428489685059,-16.5552921295166,3.544924259185791,,
,,36849,,,423.9671230316162,,,,,,
,,36849,,5.265235900878906,,,,,,,
23,,36849,,,,3.549546718597412,-16.537933349609375,-17.117595672607422,3.549546718597412,,
,,36899,,,422.7128028869629,,,,,,
,,36899,,22.82118797302246,,,,,,,
23,,36899,,,,3.5484862327575684,-16.033456802368164,-16.58403968811035,3.5484862327575684,,
,,36949,,,418.6973571777344,,,,,,
,,36949,,5.720376968383789,,,,,,,
23,,36949,,,,3.5441572666168213,-16.108055114746094,-16.690799713134766,3.5441572666168213,,
,,36999,,,421.3995933532715,,,,,,
,,36999,,24.385690689086914,,,,,,,
23,,36999,,,,3.5476155281066895,-16.51030921936035,-17.05014419555664,3.5476155281066895,,
,,37049,,,415.8196449279785,,,,,,
,,37049,,6.784677505493164,,,,,,,
23,,37049,,,,3.5477895736694336,-15.982510566711426,-16.533246994018555,3.5477895736694336,,
,,37099,,,424.6988296508789,,,,,,
,,37099,,22.772550582885742,,,,,,,
23,,37099,,,,3.5438036918640137,-15.70351791381836,-16.267677307128906,3.5438036918640137,,
,,37149,,,410.59160232543945,,,,,,
,,37149,,5.301952362060547,,,,,,,
23,,37149,,,,3.5435168743133545,-15.856050491333008,-16.403438568115234,3.5435168743133545,,
,,37199,,,422.69301414489746,,,,,,
,,37199,,22.464990615844727,,,,,,,
23,,37199,,,,3.5473525524139404,-16.076091766357422,-16.631677627563477,3.5473525524139404,,
,,37249,,,422.3628044128418,,,,,,
,,37249,,5.467653274536133,,,,,,,
23,,37249,,,,3.5465822219848633,-16.42998504638672,-16.9652099609375,3.5465822219848633,,
,,37299,,,423.46668243408203,,,,,,
,,37299,,22.458553314208984,,,,,,,
23,,37299,,,,3.550154447555542,-16.198923110961914,-16.731840133666992,3.550154447555542,,
,,37349,,,419.51894760131836,,,,,,
,,37349,,5.484580993652344,,,,,,,
23,,37349,,,,3.543259859085083,-16.00885772705078,-16.570804595947266,3.543259859085083,,
,,37399,,,424.8316287994385,,,,,,
,,37399,,22.780179977416992,,,,,,,
23,,37399,,,,3.5599074363708496,-15.878108024597168,-16.43040657043457,3.5599074363708496,,
,,37449,,,407.2411060333252,,,,,,
,,37449,,7.884979248046875,,,,,,,
23,,37449,,,,3.5419347286224365,-16.277864456176758,-16.84990882873535,3.5419347286224365,,
,,37499,,,415.1766300201416,,,,,,
,,37499,,28.544902801513672,,,,,,,
23,,37499,,,,3.548517942428589,-16.08727264404297,-16.63810157775879,3.548517942428589,,
23,,37511,,,,,,,,-16.0368709564209,-16.49964141845703
,,37512,789.3935859203339,,,,,,,,
,0.0003,37512,,,,,,,,,
,,37549,,,409.747838973999,,,,,,
,,37549,,6.761789321899414,,,,,,,
24,,37549,,,,3.5566303730010986,-15.98807430267334,-16.52039337158203,3.5566303730010986,,
,,37599,,,416.14389419555664,,,,,,
,,37599,,29.062271118164062,,,,,,,
24,,37599,,,,3.5468504428863525,-16.16650390625,-16.74464988708496,3.5468504428863525,,
,,37649,,,417.116641998291,,,,,,
,,37649,,7.68280029296875,,,,,,,
24,,37649,,,,3.5425994396209717,-16.16680145263672,-16.73576545715332,3.5425994396209717,,
,,37699,,,412.9297733306885,,,,,,
,,37699,,26.277542114257812,,,,,,,
24,,37699,,,,3.5439140796661377,-16.173877716064453,-16.742889404296875,3.5439140796661377,,
,,37749,,,411.93342208862305,,,,,,
,,37749,,7.063865661621094,,,,,,,
24,,37749,,,,3.5469164848327637,-15.69646167755127,-16.25897216796875,3.5469164848327637,,
,,37799,,,410.8741283416748,,,,,,
,,37799,,22.912025451660156,,,,,,,
24,,37799,,,,3.5454790592193604,-16.097103118896484,-16.66317367553711,3.5454790592193604,,
,,37849,,,411.287784576416,,,,,,
,,37849,,6.443262100219727,,,,,,,
24,,37849,,,,3.5486438274383545,-16.336612701416016,-16.88709831237793,3.5486438274383545,,
,,37899,,,419.19994354248047,,,,,,
,,37899,,27.56214141845703,,,,,,,
24,,37899,,,,3.5510401725769043,-15.69506549835205,-16.255659103393555,3.5510401725769043,,
,,37949,,,418.26820373535156,,,,,,
,,37949,,7.77125358581543,,,,,,,
24,,37949,,,,3.546621084213257,-16.285205841064453,-16.85443878173828,3.546621084213257,,
,,37999,,,412.59765625,,,,,,
,,37999,,27.10556983947754,,,,,,,
24,,37999,,,,3.546731472015381,-15.968803405761719,-16.516490936279297,3.546731472015381,,
,,38049,,,414.87622261047363,,,,,,
,,38049,,7.824182510375977,,,,,,,
24,,38049,,,,3.547926902770996,-15.929543495178223,-16.47459602355957,3.547926902770996,,
,,38099,,,415.5251979827881,,,,,,
,,38099,,27.728557586669922,,,,,,,
24,,38099,,,,3.546287775039673,-16.32042121887207,-16.877477645874023,3.546287775039673,,
,,38149,,,413.45691680908203,,,,,,
,,38149,,8.276700973510742,,,,,,,
24,,38149,,,,3.5458743572235107,-16.315467834472656,-16.852476119995117,3.5458743572235107,,
,,38199,,,401.38721466064453,,,,,,
,,38199,,22.603750228881836,,,,,,,
24,,38199,,,,3.5460317134857178,-16.082015991210938,-16.639507293701172,3.5460317134857178,,
,,38249,,,404.8502445220947,,,,,,
,,38249,,5.655527114868164,,,,,,,
24,,38249,,,,3.549722194671631,-16.05810546875,-16.612958908081055,3.549722194671631,,
,,38299,,,404.27708625793457,,,,,,
,,38299,,22.654056549072266,,,,,,,
24,,38299,,,,3.5519981384277344,-15.921302795410156,-16.453035354614258,3.5519981384277344,,
,,38349,,,394.8550224304199,,,,,,
,,38349,,5.3539276123046875,,,,,,,
24,,38349,,,,3.547823905944824,-15.733461380004883,-16.288610458374023,3.547823905944824,,
,,38399,,,414.20435905456543,,,,,,
,,38399,,23.130178451538086,,,,,,,
24,,38399,,,,3.5487749576568604,-16.3063907623291,-16.86621856689453,3.5487749576568604,,
,,38449,,,417.2852039337158,,,,,,
,,38449,,6.313085556030273,,,,,,,
24,,38449,,,,3.5419280529022217,-16.055137634277344,-16.618377685546875,3.5419280529022217,,
,,38499,,,422.46413230895996,,,,,,
,,38499,,28.791427612304688,,,,,,,
24,,38499,,,,3.5481133460998535,-16.248537063598633,-16.801959991455078,3.5481133460998535,,
,,38549,,,418.02382469177246,,,,,,
,,38549,,7.788658142089844,,,,,,,
24,,38549,,,,3.547243595123291,-16.062145233154297,-16.624357223510742,3.547243595123291,,
,,38599,,,418.53833198547363,,,,,,
,,38599,,27.99201011657715,,,,,,,
24,,38599,,,,3.541736125946045,-15.845452308654785,-16.429033279418945,3.541736125946045,,
,,38649,,,414.05797004699707,,,,,,
,,38649,,7.51948356628418,,,,,,,
24,,38649,,,,3.5497922897338867,-16.06647491455078,-16.61446762084961,3.5497922897338867,,
,,38699,,,409.81411933898926,,,,,,
,,38699,,23.105144500732422,,,,,,,
24,,38699,,,,3.5400516986846924,-16.06899642944336,-16.62746238708496,3.5400516986846924,,
,,38749,,,414.381742477417,,,,,,
,,38749,,6.466388702392578,,,,,,,
24,,38749,,,,3.554966449737549,-16.01912498474121,-16.565523147583008,3.554966449737549,,
,,38799,,,413.8655662536621,,,,,,
,,38799,,28.42879295349121,,,,,,,
24,,38799,,,,3.540566921234131,-16.003650665283203,-16.541765213012695,3.540566921234131,,
,,38849,,,418.4389114379883,,,,,,
,,38849,,6.87861442565918,,,,,,,
24,,38849,,,,3.546123504638672,-15.674297332763672,-16.230974197387695,3.546123504638672,,
,,38899,,,413.9547348022461,,,,,,
,,38899,,28.878450393676758,,,,,,,
24,,38899,,,,3.555480480194092,-16.353181838989258,-16.897083282470703,3.555480480194092,,
,,38949,,,413.06376457214355,,,,,,
,,38949,,6.342172622680664,,,,,,,
24,,38949,,,,3.551600217819214,-15.805657386779785,-16.336591720581055,3.551600217819214,,
,,38999,,,415.7674312591553,,,,,,
,,38999,,23.93054962158203,,,,,,,
24,,38999,,,,3.5417025089263916,-16.174299240112305,-16.70651626586914,3.5417025089263916,,
,,39049,,,418.6069965362549,,,,,,
,,39049,,7.915019989013672,,,,,,,
24,,39049,,,,3.5553395748138428,-16.193971633911133,-16.739744186401367,3.5553395748138428,,
24,,39074,,,,,,,,-16.028743743896484,-16.4932861328125
,,39075,773.7480671405792,,,,,,,,
,0.0003,39075,,,,,,,,,
,,39099,,,415.9197807312012,,,,,,
,,39099,,26.885986328125,,,,,,,
25,,39099,,,,3.550969123840332,-16.179658889770508,-16.74065589904785,3.550969123840332,,
,,39149,,,409.8467826843262,,,,,,
,,39149,,6.508111953735352,,,,,,,
25,,39149,,,,3.55025577545166,-15.71710205078125,-16.24332618713379,3.55025577545166,,
,,39199,,,409.6243381500244,,,,,,
,,39199,,27.5571346282959,,,,,,,
25,,39199,,,,3.5500941276550293,-16.152233123779297,-16.725433349609375,3.5500941276550293,,
,,39249,,,415.802001953125,,,,,,
,,39249,,6.963253021240234,,,,,,,
25,,39249,,,,3.549861431121826,-16.179367065429688,-16.72821617126465,3.549861431121826,,
,,39299,,,407.1950912475586,,,,,,
,,39299,,27.89473533630371,,,,,,,
25,,39299,,,,3.5386388301849365,-15.988869667053223,-16.540985107421875,3.5386388301849365,,
,,39349,,,410.9673500061035,,,,,,
,,39349,,7.737874984741211,,,,,,,
25,,39349,,,,3.542930841445923,-15.604781150817871,-16.14096450805664,3.542930841445923,,
,,39399,,,411.62776947021484,,,,,,
,,39399,,24.193525314331055,,,,,,,
25,,39399,,,,3.5440874099731445,-15.967698097229004,-16.52214813232422,3.5440874099731445,,
,,39449,,,413.00010681152344,,,,,,
,,39449,,7.433176040649414,,,,,,,
25,,39449,,,,3.549300193786621,-16.078948974609375,-16.60409927368164,3.549300193786621,,
,,39499,,,411.2124443054199,,,,,,
,,39499,,22.261619567871094,,,,,,,
25,,39499,,,,3.5431318283081055,-15.916425704956055,-16.461320877075195,3.5431318283081055,,
,,39549,,,417.01364517211914,,,,,,
,,39549,,7.953405380249023,,,,,,,
25,,39549,,,,3.5453200340270996,-16.178356170654297,-16.746049880981445,3.5453200340270996,,
,,39599,,,410.8901023864746,,,,,,
,,39599,,27.601957321166992,,,,,,,
25,,39599,,,,3.555021286010742,-16.27838706970215,-16.819469451904297,3.555021286010742,,
,,39649,,,410.4804992675781,,,,,,
,,39649,,7.754087448120117,,,,,,,
25,,39649,,,,3.54616117477417,-16.078811645507812,-16.62348175048828,3.54616117477417,,
,,39699,,,414.2885208129883,,,,,,
,,39699,,24.036169052124023,,,,,,,
25,,39699,,,,3.546682119369507,-16.320159912109375,-16.881370544433594,3.546682119369507,,
,,39749,,,416.49580001831055,,,,,,
,,39749,,7.988452911376953,,,,,,,
25,,39749,,,,3.549607515335083,-15.999324798583984,-16.562808990478516,3.549607515335083,,
,,39799,,,397.2914218902588,,,,,,
,,39799,,22.586822509765625,,,,,,,
25,,39799,,,,3.553640604019165,-16.009193420410156,-16.537843704223633,3.553640604019165,,
,,39849,,,400.2237319946289,,,,,,
,,39849,,5.339384078979492,,,,,,,
25,,39849,,,,3.541154623031616,-16.526668548583984,-17.074487686157227,3.541154623031616,,
,,39899,,,394.8626518249512,,,,,,
,,39899,,22.80712127685547,,,,,,,
25,,39899,,,,3.5483696460723877,-16.46176528930664,-17.02609634399414,3.5483696460723877,,
,,39949,,,401.5543460845947,,,,,,
,,39949,,5.386590957641602,,,,,,,
25,,39949,,,,3.544710397720337,-16.268714904785156,-16.817476272583008,3.544710397720337,,
,,39999,,,398.8838195800781,,,,,,
,,39999,,22.570371627807617,,,,,,,
25,,39999,,,,3.5575947761535645,-15.965826034545898,-16.52263069152832,3.5575947761535645,,
,,40049,,,398.90050888061523,,,,,,
,,40049,,5.204200744628906,,,,,,,
25,,40049,,,,3.5471582412719727,-15.765398025512695,-16.30131721496582,3.5471582412719727,,
,,40099,,,415.4198169708252,,,,,,
,,40099,,28.87272834777832,,,,,,,
25,,40099,,,,3.547161817550659,-15.825525283813477,-16.374963760375977,3.547161817550659,,
,,40149,,,416.3792133331299,,,,,,
,,40149,,8.106231689453125,,,,,,,
25,,40149,,,,3.5470268726348877,-16.520946502685547,-17.09970474243164,3.5470268726348877,,
,,40199,,,412.3711585998535,,,,,,
,,40199,,24.698972702026367,,,,,,,
25,,40199,,,,3.5438358783721924,-16.012699127197266,-16.55753517150879,3.5438358783721924,,
,,40249,,,410.8309745788574,,,,,,
,,40249,,6.090641021728516,,,,,,,
25,,40249,,,,3.542958974838257,-16.2946834564209,-16.824079513549805,3.542958974838257,,
,,40299,,,410.0062847137451,,,,,,
,,40299,,26.03435516357422,,,,,,,
25,,40299,,,,3.5451388359069824,-15.886027336120605,-16.42808723449707,3.5451388359069824,,
,,40349,,,413.2571220397949,,,,,,
,,40349,,6.972789764404297,,,,,,,
25,,40349,,,,3.5462646484375,-16.033517837524414,-16.592737197875977,3.5462646484375,,
,,40399,,,409.62982177734375,,,,,,
,,40399,,24.21402931213379,,,,,,,
25,,40399,,,,3.5481321811676025,-16.2509765625,-16.822179794311523,3.5481321811676025,,
,,40449,,,414.6866798400879,,,,,,
,,40449,,7.94529914855957,,,,,,,
25,,40449,,,,3.5489420890808105,-16.295164108276367,-16.8663272857666,3.5489420890808105,,
,,40499,,,414.20674324035645,,,,,,
,,40499,,24.494647979736328,,,,,,,
25,,40499,,,,3.549748420715332,-15.972949981689453,-16.524045944213867,3.549748420715332,,
,,40549,,,404.32167053222656,,,,,,
,,40549,,6.519794464111328,,,,,,,
25,,40549,,,,3.547271966934204,-16.453794479370117,-16.995718002319336,3.547271966934204,,
,,40599,,,417.2558784484863,,,,,,
,,40599,,24.56521987915039,,,,,,,
25,,40599,,,,3.546358585357666,-16.101646423339844,-16.649517059326172,3.546358585357666,,
25,,40637,,,,,,,,-16.057579040527344,-16.534873962402344
,,40638,770.4987041950226,,,,,,,,
,0.0003,40638,,,,,,,,,
,,40649,,,408.916711807251,,,,,,
,,40649,,5.308389663696289,,,,,,,
26,,40649,,,,3.5435571670532227,-16.345748901367188,-16.928674697875977,3.5435571670532227,,
,,40699,,,409.4884395599365,,,,,,
,,40699,,24.599075317382812,,,,,,,
26,,40699,,,,3.545958995819092,-16.418109893798828,-17.02513885498047,3.545958995819092,,
,,40749,,,406.2356948852539,,,,,,
,,40749,,7.9174041748046875,,,,,,,
26,,40749,,,,3.556488275527954,-16.207801818847656,-16.793853759765625,3.556488275527954,,
,,40799,,,406.5821170806885,,,,,,
,,40799,,28.301000595092773,,,,,,,
26,,40799,,,,3.547205924987793,-15.87788200378418,-16.44573974609375,3.547205924987793,,
,,40849,,,411.38148307800293,,,,,,
,,40849,,5.359172821044922,,,,,,,
26,,40849,,,,3.55373477935791,-16.22528839111328,-16.786771774291992,3.55373477935791,,
,,40899,,,413.4254455566406,,,,,,
,,40899,,27.024030685424805,,,,,,,
26,,40899,,,,3.541640520095825,-16.025428771972656,-16.60492706298828,3.541640520095825,,
,,40949,,,403.40662002563477,,,,,,
,,40949,,8.15439224243164,,,,,,,
26,,40949,,,,3.5495574474334717,-16.161645889282227,-16.73390769958496,3.5495574474334717,,
,,40999,,,738.1331920623779,,,,,,
,,40999,,28.248310089111328,,,,,,,
26,,40999,,,,3.5423364639282227,-15.951118469238281,-16.5089054107666,3.5423364639282227,,
,,41049,,,413.1810665130615,,,,,,
,,41049,,6.621360778808594,,,,,,,
26,,41049,,,,3.5420939922332764,-15.85612678527832,-16.403404235839844,3.5420939922332764,,
,,41099,,,405.63106536865234,,,,,,
,,41099,,26.856422424316406,,,,,,,
26,,41099,,,,3.5448107719421387,-15.818061828613281,-16.375959396362305,3.5448107719421387,,
,,41149,,,407.9155921936035,,,,,,
,,41149,,7.190465927124023,,,,,,,
26,,41149,,,,3.555004835128784,-16.200180053710938,-16.76020050048828,3.555004835128784,,
,,41199,,,408.7555408477783,,,,,,
,,41199,,22.675752639770508,,,,,,,
26,,41199,,,,3.548659086227417,-16.305479049682617,-16.877235412597656,3.548659086227417,,
,,41249,,,411.30924224853516,,,,,,
,,41249,,8.111953735351562,,,,,,,
26,,41249,,,,3.5443193912506104,-16.05078887939453,-16.576690673828125,3.5443193912506104,,
,,41299,,,417.62804985046387,,,,,,
,,41299,,24.738550186157227,,,,,,,
26,,41299,,,,3.5440313816070557,-16.144886016845703,-16.723005294799805,3.5440313816070557,,
,,41349,,,417.3414707183838,,,,,,
,,41349,,7.873296737670898,,,,,,,
26,,41349,,,,3.5517191886901855,-15.898143768310547,-16.46818733215332,3.5517191886901855,,
,,41399,,,418.1184768676758,,,,,,
,,41399,,26.78084373474121,,,,,,,
26,,41399,,,,3.551107168197632,-15.978944778442383,-16.5246639251709,3.551107168197632,,
,,41449,,,410.0608825683594,,,,,,
,,41449,,5.462884902954102,,,,,,,
26,,41449,,,,3.5509798526763916,-15.873785018920898,-16.43031120300293,3.5509798526763916,,
,,41499,,,417.35386848449707,,,,,,
,,41499,,25.708675384521484,,,,,,,
26,,41499,,,,3.5489795207977295,-16.305400848388672,-16.85533905029297,3.5489795207977295,,
,,41549,,,419.04139518737793,,,,,,
,,41549,,8.195877075195312,,,,,,,
26,,41549,,,,3.5530877113342285,-16.25695037841797,-16.819169998168945,3.5530877113342285,,
,,41599,,,394.8206901550293,,,,,,
,,41599,,22.50075340270996,,,,,,,
26,,41599,,,,3.540605068206787,-16.196285247802734,-16.753110885620117,3.540605068206787,,
,,41649,,,398.3147144317627,,,,,,
,,41649,,5.581140518188477,,,,,,,
26,,41649,,,,3.5452380180358887,-15.916015625,-16.466978073120117,3.5452380180358887,,
,,41699,,,393.5205936431885,,,,,,
,,41699,,22.668838500976562,,,,,,,
26,,41699,,,,3.5455610752105713,-16.186431884765625,-16.777658462524414,3.5455610752105713,,
,,41749,,,397.31860160827637,,,,,,
,,41749,,5.530118942260742,,,,,,,
26,,41749,,,,3.5488293170928955,-15.863726615905762,-16.398292541503906,3.5488293170928955,,
,,41799,,,399.74236488342285,,,,,,
,,41799,,23.174762725830078,,,,,,,
26,,41799,,,,3.554654359817505,-16.297847747802734,-16.83279037475586,3.554654359817505,,
,,41849,,,400.42614936828613,,,,,,
,,41849,,5.27644157409668,,,,,,,
26,,41849,,,,3.552668571472168,-15.674006462097168,-16.22797393798828,3.552668571472168,,
,,41899,,,399.7464179992676,,,,,,
,,41899,,22.789478302001953,,,,,,,
26,,41899,,,,3.5500221252441406,-15.663309097290039,-16.216529846191406,3.5500221252441406,,
,,41949,,,396.11220359802246,,,,,,
,,41949,,5.347013473510742,,,,,,,
26,,41949,,,,3.5440471172332764,-15.8672513961792,-16.416242599487305,3.5440471172332764,,
,,41999,,,402.8635025024414,,,,,,
,,41999,,24.297714233398438,,,,,,,
26,,41999,,,,3.554072141647339,-16.26995277404785,-16.813243865966797,3.554072141647339,,
,,42049,,,397.8142738342285,,,,,,
,,42049,,5.391597747802734,,,,,,,
26,,42049,,,,3.545596122741699,-16.234996795654297,-16.771337509155273,3.545596122741699,,
,,42099,,,398.8080024719238,,,,,,
,,42099,,22.98116683959961,,,,,,,
26,,42099,,,,3.5442728996276855,-16.045642852783203,-16.58079719543457,3.5442728996276855,,
,,42149,,,400.5110263824463,,,,,,
,,42149,,5.6171417236328125,,,,,,,
26,,42149,,,,3.5386409759521484,-16.08355712890625,-16.616161346435547,3.5386409759521484,,
,,42199,,,400.4337787628174,,,,,,
,,42199,,22.536754608154297,,,,,,,
26,,42199,,,,3.5522961616516113,-16.228975296020508,-16.761051177978516,3.5522961616516113,,
26,,42200,,,,,,,,-16.020597457885742,-16.475929260253906
,,42201,764.985503911972,,,,,,,,
,0.0003,42201,,,,,,,,,
,,42249,,,405.9281349182129,,,,,,
,,42249,,7.80177116394043,,,,,,,
27,,42249,,,,3.5443267822265625,-16.576690673828125,-17.104339599609375,3.5443267822265625,,
,,42299,,,410.5963706970215,,,,,,
,,42299,,26.767969131469727,,,,,,,
27,,42299,,,,3.5530078411102295,-16.353675842285156,-16.897523880004883,3.5530078411102295,,
,,42349,,,409.91950035095215,,,,,,
,,42349,,7.218837738037109,,,,,,,
27,,42349,,,,3.5455029010772705,-15.680204391479492,-16.235387802124023,3.5455029010772705,,
,,42399,,,394.79589462280273,,,,,,
,,42399,,22.617340087890625,,,,,,,
27,,42399,,,,3.5440635681152344,-16.274335861206055,-16.8039493560791,3.5440635681152344,,
,,42449,,,393.9082622528076,,,,,,
,,42449,,5.156517028808594,,,,,,,
27,,42449,,,,3.54315185546875,-16.16396713256836,-16.705631256103516,3.54315185546875,,
,,42499,,,395.62082290649414,,,,,,
,,42499,,22.330760955810547,,,,,,,
27,,42499,,,,3.5485451221466064,-16.400047302246094,-16.96247673034668,3.5485451221466064,,
,,42549,,,394.0601348876953,,,,,,
,,42549,,5.15294075012207,,,,,,,
27,,42549,,,,3.553539752960205,-15.986795425415039,-16.54020881652832,3.553539752960205,,
,,42599,,,405.81440925598145,,,,,,
,,42599,,26.06344223022461,,,,,,,
27,,42599,,,,3.5512449741363525,-15.870469093322754,-16.442604064941406,3.5512449741363525,,
,,42649,,,406.01634979248047,,,,,,
,,42649,,8.195638656616211,,,,,,,
27,,42649,,,,3.547272205352783,-16.35449981689453,-16.908676147460938,3.547272205352783,,
,,42699,,,408.04147720336914,,,,,,
,,42699,,23.511409759521484,,,,,,,
27,,42699,,,,3.545532703399658,-16.239757537841797,-16.769664764404297,3.545532703399658,,
,,42749,,,413.6826992034912,,,,,,
,,42749,,6.455183029174805,,,,,,,
27,,42749,,,,3.5392796993255615,-15.979682922363281,-16.529605865478516,3.5392796993255615,,
,,42799,,,416.40758514404297,,,,,,
,,42799,,28.46503257751465,,,,,,,
27,,42799,,,,3.549833297729492,-16.04487419128418,-16.615095138549805,3.549833297729492,,
,,42849,,,411.395788192749,,,,,,
,,42849,,8.100748062133789,,,,,,,
27,,42849,,,,3.546043634414673,-16.10415267944336,-16.646026611328125,3.546043634414673,,
,,42899,,,416.0299301147461,,,,,,
,,42899,,26.864051818847656,,,,,,,
27,,42899,,,,3.540797710418701,-15.894659042358398,-16.45088005065918,3.540797710418701,,
,,42949,,,415.1887893676758,,,,,,
,,42949,,7.807493209838867,,,,,,,
27,,42949,,,,3.5631816387176514,-15.962449073791504,-16.501834869384766,3.5631816387176514,,
,,42999,,,408.9176654815674,,,,,,
,,42999,,27.558565139770508,,,,,,,
27,,42999,,,,3.552065849304199,-16.377708435058594,-16.905929565429688,3.552065849304199,,
,,43049,,,412.1873378753662,,,,,,
,,43049,,7.801294326782227,,,,,,,
27,,43049,,,,3.5474095344543457,-16.164997100830078,-16.710119247436523,3.5474095344543457,,
,,43099,,,416.83006286621094,,,,,,
,,43099,,27.771711349487305,,,,,,,
27,,43099,,,,3.542823314666748,-16.23300552368164,-16.76110076904297,3.542823314666748,,
,,43149,,,409.91950035095215,,,,,,
,,43149,,7.313728332519531,,,,,,,
27,,43149,,,,3.5458216667175293,-16.0631160736084,-16.593732833862305,3.5458216667175293,,
,,43199,,,413.08021545410156,,,,,,
,,43199,,24.823904037475586,,,,,,,
27,,43199,,,,3.552025079727173,-15.970229148864746,-16.523759841918945,3.552025079727173,,
,,43249,,,414.0641689300537,,,,,,
,,43249,,6.647586822509766,,,,,,,
27,,43249,,,,3.5470035076141357,-16.021615982055664,-16.575000762939453,3.5470035076141357,,
,,43299,,,412.1696949005127,,,,,,
,,43299,,24.694442749023438,,,,,,,
27,,43299,,,,3.5453028678894043,-16.264774322509766,-16.79242706298828,3.5453028678894043,,
,,43349,,,414.68000411987305,,,,,,
,,43349,,6.968021392822266,,,,,,,
27,,43349,,,,3.5445733070373535,-15.820724487304688,-16.36490249633789,3.5445733070373535,,
,,43399,,,406.0235023498535,,,,,,
,,43399,,27.27651596069336,,,,,,,
27,,43399,,,,3.5397732257843018,-16.25259780883789,-16.8021240234375,3.5397732257843018,,
,,43449,,,404.32143211364746,,,,,,
,,43449,,6.775856018066406,,,,,,,
27,,43449,,,,3.548495054244995,-15.79916763305664,-16.322357177734375,3.548495054244995,,
,,43499,,,412.142276763916,,,,,,
,,43499,,27.91905403137207,,,,,,,
27,,43499,,,,3.5570812225341797,-16.136632919311523,-16.67813491821289,3.5570812225341797,,
,,43549,,,415.802001953125,,,,,,
,,43549,,7.9708099365234375,,,,,,,
27,,43549,,,,3.5441582202911377,-16.3223876953125,-16.8749942779541,3.5441582202911377,,
,,43599,,,415.7407283782959,,,,,,
,,43599,,24.572134017944336,,,,,,,
27,,43599,,,,3.542349100112915,-16.07204818725586,-16.61647605895996,3.542349100112915,,
,,43649,,,408.95628929138184,,,,,,
,,43649,,7.851600646972656,,,,,,,
27,,43649,,,,3.544916868209839,-16.187519073486328,-16.762046813964844,3.544916868209839,,
,,43699,,,406.0325622558594,,,,,,
,,43699,,27.165651321411133,,,,,,,
27,,43699,,,,3.556384801864624,-16.029563903808594,-16.58412742614746,3.556384801864624,,
,,43749,,,407.27758407592773,,,,,,
,,43749,,5.227804183959961,,,,,,,
27,,43749,,,,3.5444533824920654,-16.036531448364258,-16.582632064819336,3.5444533824920654,,
27,,43763,,,,,,,,-16.016239166259766,-16.46845245361328
,,43764,770.0274965763092,,,,,,,,
,0.0003,43764,,,,,,,,,
,,43799,,,409.5337390899658,,,,,,
,,43799,,22.979021072387695,,,,,,,
28,,43799,,,,3.543109655380249,-16.150455474853516,-16.692995071411133,3.543109655380249,,
,,43849,,,407.58776664733887,,,,,,
,,43849,,7.764101028442383,,,,,,,
28,,43849,,,,3.54339599609375,-16.055789947509766,-16.618412017822266,3.54339599609375,,
,,43899,,,410.6721878051758,,,,,,
,,43899,,22.397994995117188,,,,,,,
28,,43899,,,,3.5484557151794434,-16.243379592895508,-16.7825870513916,3.5484557151794434,,
,,43949,,,413.2194519042969,,,,,,
,,43949,,8.144617080688477,,,,,,,
28,,43949,,,,3.540039539337158,-15.921957015991211,-16.472198486328125,3.540039539337158,,
,,43999,,,413.48814964294434,,,,,,
,,43999,,29.186248779296875,,,,,,,
28,,43999,,,,3.5371556282043457,-16.014619827270508,-16.550569534301758,3.5371556282043457,,
,,44049,,,413.7742519378662,,,,,,
,,44049,,8.044719696044922,,,,,,,
28,,44049,,,,3.5458500385284424,-16.11046600341797,-16.65161895751953,3.5458500385284424,,
,,44099,,,413.82431983947754,,,,,,
,,44099,,26.183128356933594,,,,,,,
28,,44099,,,,3.546001434326172,-16.25019645690918,-16.7990665435791,3.546001434326172,,
,,44149,,,409.437894821167,,,,,,
,,44149,,8.14676284790039,,,,,,,
28,,44149,,,,3.546359062194824,-15.903369903564453,-16.453094482421875,3.546359062194824,,
,,44199,,,410.1715087890625,,,,,,
,,44199,,24.760007858276367,,,,,,,
28,,44199,,,,3.5496785640716553,-15.996580123901367,-16.531808853149414,3.5496785640716553,,
,,44249,,,404.1464328765869,,,,,,
,,44249,,8.010625839233398,,,,,,,
28,,44249,,,,3.546146869659424,-15.883676528930664,-16.43511390686035,3.546146869659424,,
,,44299,,,411.96632385253906,,,,,,
,,44299,,24.52397346496582,,,,,,,
28,,44299,,,,3.5461809635162354,-16.034347534179688,-16.596555709838867,3.5461809635162354,,
,,44349,,,406.080961227417,,,,,,
,,44349,,5.40614128112793,,,,,,,
28,,44349,,,,3.5449798107147217,-15.962306022644043,-16.50324249267578,3.5449798107147217,,
,,44399,,,410.5257987976074,,,,,,
,,44399,,29.424428939819336,,,,,,,
28,,44399,,,,3.5463411808013916,-16.21133804321289,-16.738805770874023,3.5463411808013916,,
,,44449,,,410.1996421813965,,,,,,
,,44449,,7.667064666748047,,,,,,,
28,,44449,,,,3.54826021194458,-15.965404510498047,-16.504980087280273,3.54826021194458,,
,,44499,,,409.320592880249,,,,,,
,,44499,,27.166128158569336,,,,,,,
28,,44499,,,,3.5455949306488037,-16.341062545776367,-16.90217399597168,3.5455949306488037,,
,,44549,,,404.8922061920166,,,,,,
,,44549,,7.2917938232421875,,,,,,,
28,,44549,,,,3.5580625534057617,-16.215370178222656,-16.748123168945312,3.5580625534057617,,
,,44599,,,409.6026420593262,,,,,,
,,44599,,27.647018432617188,,,,,,,
28,,44599,,,,3.5368549823760986,-16.580524444580078,-17.10927391052246,3.5368549823760986,,
,,44649,,,413.88559341430664,,,,,,
,,44649,,8.079290390014648,,,,,,,
28,,44649,,,,3.557626962661743,-16.210002899169922,-16.751983642578125,3.557626962661743,,
,,44699,,,416.2254333496094,,,,,,
,,44699,,26.434898376464844,,,,,,,
28,,44699,,,,3.5434184074401855,-16.050037384033203,-16.575883865356445,3.5434184074401855,,
,,44749,,,416.31054878234863,,,,,,
,,44749,,7.893562316894531,,,,,,,
28,,44749,,,,3.544107675552368,-16.140106201171875,-16.66570281982422,3.544107675552368,,
,,44799,,,407.00769424438477,,,,,,
,,44799,,28.298616409301758,,,,,,,
28,,44799,,,,3.551769971847534,-16.718263626098633,-17.264652252197266,3.551769971847534,,
,,44849,,,402.6927947998047,,,,,,
,,44849,,5.459308624267578,,,,,,,
28,,44849,,,,3.544010639190674,-16.215103149414062,-16.75542640686035,3.544010639190674,,
,,44899,,,397.7465629577637,,,,,,
,,44899,,22.440195083618164,,,,,,,
28,,44899,,,,3.5529656410217285,-15.997684478759766,-16.553489685058594,3.5529656410217285,,
,,44949,,,398.30970764160156,,,,,,
,,44949,,5.577802658081055,,,,,,,
28,,44949,,,,3.535691499710083,-16.274919509887695,-16.816022872924805,3.535691499710083,,
,,44999,,,395.754337310791,,,,,,
,,44999,,22.530078887939453,,,,,,,
28,,44999,,,,3.53737735748291,-15.80465316772461,-16.331893920898438,3.53737735748291,,
,,45049,,,395.8146572113037,,,,,,
,,45049,,5.360126495361328,,,,,,,
28,,45049,,,,3.553412914276123,-16.173784255981445,-16.725732803344727,3.553412914276123,,
,,45099,,,400.61306953430176,,,,,,
,,45099,,22.656917572021484,,,,,,,
28,,45099,,,,3.5465710163116455,-16.226791381835938,-16.769804000854492,3.5465710163116455,,
,,45149,,,398.8065719604492,,,,,,
,,45149,,5.450010299682617,,,,,,,
28,,45149,,,,3.548550844192505,-16.03460693359375,-16.574512481689453,3.548550844192505,,
,,45199,,,393.97382736206055,,,,,,
,,45199,,22.531986236572266,,,,,,,
28,,45199,,,,3.5505497455596924,-16.18729591369629,-16.738542556762695,3.5505497455596924,,
,,45249,,,417.7393913269043,,,,,,
,,45249,,6.519794464111328,,,,,,,
28,,45249,,,,3.5521678924560547,-16.2504940032959,-16.798194885253906,3.5521678924560547,,
,,45299,,,400.79736709594727,,,,,,
,,45299,,27.603626251220703,,,,,,,
28,,45299,,,,3.545881986618042,-16.09494972229004,-16.62265396118164,3.545881986618042,,
28,,45326,,,,,,,,-16.008092880249023,-16.46026611328125
,,45327,769.2866578102112,,,,,,,,
,0.0003,45327,,,,,,,,,
,,45349,,,412.1897220611572,,,,,,
,,45349,,7.697105407714844,,,,,,,
29,,45349,,,,3.5480587482452393,-16.026235580444336,-16.532880783081055,3.5480587482452393,,
,,45399,,,414.4308567047119,,,,,,
,,45399,,28.390884399414062,,,,,,,
29,,45399,,,,3.547264575958252,-16.26848030090332,-16.84102439880371,3.547264575958252,,
,,45449,,,418.5366630554199,,,,,,
,,45449,,7.902622222900391,,,,,,,
29,,45449,,,,3.5503532886505127,-15.587360382080078,-16.13134002685547,3.5503532886505127,,
,,45499,,,413.4509563446045,,,,,,
,,45499,,27.338504791259766,,,,,,,
29,,45499,,,,3.550975799560547,-16.379573822021484,-16.927236557006836,3.550975799560547,,
,,45549,,,419.30627822875977,,,,,,
,,45549,,8.102655410766602,,,,,,,
29,,45549,,,,3.552177906036377,-15.948960304260254,-16.474756240844727,3.552177906036377,,
,,45599,,,416.7952537536621,,,,,,
,,45599,,24.885177612304688,,,,,,,
29,,45599,,,,3.550739049911499,-15.802830696105957,-16.338247299194336,3.550739049911499,,
,,45649,,,428.7376403808594,,,,,,
,,45649,,8.007287979125977,,,,,,,
29,,45649,,,,3.5474510192871094,-15.741193771362305,-16.265907287597656,3.5474510192871094,,
,,45699,,,426.1198043823242,,,,,,
,,45699,,26.60965919494629,,,,,,,
29,,45699,,,,3.5536372661590576,-16.396995544433594,-16.928159713745117,3.5536372661590576,,
,,45749,,,425.5194664001465,,,,,,
,,45749,,8.018255233764648,,,,,,,
29,,45749,,,,3.549355983734131,-16.19383430480957,-16.71815299987793,3.549355983734131,,
,,45799,,,433.80284309387207,,,,,,
,,45799,,26.10325813293457,,,,,,,
29,,45799,,,,3.5500340461730957,-16.37346076965332,-16.914066314697266,3.5500340461730957,,
,,45849,,,427.74391174316406,,,,,,
,,45849,,9.492874145507812,,,,,,,
29,,45849,,,,3.548129081726074,-16.114778518676758,-16.67644691467285,3.548129081726074,,
,,45899,,,429.92186546325684,,,,,,
,,45899,,25.547027587890625,,,,,,,
29,,45899,,,,3.5473625659942627,-16.231277465820312,-16.78179168701172,3.5473625659942627,,
,,45949,,,427.213191986084,,,,,,
,,45949,,8.053779602050781,,,,,,,
29,,45949,,,,3.546971321105957,-16.29787254333496,-16.84241485595703,3.546971321105957,,
,,45999,,,428.1911849975586,,,,,,
,,45999,,25.41041374206543,,,,,,,
29,,45999,,,,3.548989772796631,-15.660585403442383,-16.205482482910156,3.548989772796631,,
,,46049,,,419.80695724487305,,,,,,
,,46049,,7.333278656005859,,,,,,,
29,,46049,,,,3.5511550903320312,-16.047439575195312,-16.59770393371582,3.5511550903320312,,
,,46099,,,428.4703731536865,,,,,,
,,46099,,25.557279586791992,,,,,,,
29,,46099,,,,3.5469017028808594,-15.863618850708008,-16.396738052368164,3.5469017028808594,,
,,46149,,,436.0330104827881,,,,,,
,,46149,,8.662939071655273,,,,,,,
29,,46149,,,,3.538713216781616,-16.541458129882812,-17.102651596069336,3.538713216781616,,
,,46199,,,423.9614009857178,,,,,,
,,46199,,25.217533111572266,,,,,,,
29,,46199,,,,3.5516088008880615,-16.1055908203125,-16.656373977661133,3.5516088008880615,,
,,46249,,,431.5304756164551,,,,,,
,,46249,,9.833335876464844,,,,,,,
29,,46249,,,,3.550785541534424,-15.953632354736328,-16.496585845947266,3.550785541534424,,
,,46299,,,426.82385444641113,,,,,,
,,46299,,27.740955352783203,,,,,,,
29,,46299,,,,3.548388957977295,-15.846580505371094,-16.369415283203125,3.548388957977295,,
,,46349,,,415.2858257293701,,,,,,
,,46349,,8.481979370117188,,,,,,,
29,,46349,,,,3.543196678161621,-15.837690353393555,-16.37030029296875,3.543196678161621,,
,,46399,,,407.4275493621826,,,,,,
,,46399,,22.8731632232666,,,,,,,
29,,46399,,,,3.5437991619110107,-16.52504539489746,-17.071321487426758,3.5437991619110107,,
,,46449,,,412.71042823791504,,,,,,
,,46449,,8.069992065429688,,,,,,,
29,,46449,,,,3.5491082668304443,-16.240779876708984,-16.793527603149414,3.5491082668304443,,
,,46499,,,414.0357971191406,,,,,,
,,46499,,22.391796112060547,,,,,,,
29,,46499,,,,3.5569963455200195,-15.623775482177734,-16.180185317993164,3.5569963455200195,,
,,46549,,,414.9024486541748,,,,,,
,,46549,,8.143901824951172,,,,,,,
29,,46549,,,,3.5426597595214844,-15.975174903869629,-16.49826431274414,3.5426597595214844,,
,,46599,,,415.6944751739502,,,,,,
,,46599,,22.520065307617188,,,,,,,
29,,46599,,,,3.5456418991088867,-15.749627113342285,-16.25638771057129,3.5456418991088867,,
,,46649,,,403.1369686126709,,,,,,
,,46649,,5.259513854980469,,,,,,,
29,,46649,,,,3.5490007400512695,-16.433544158935547,-16.962142944335938,3.5490007400512695,,
,,46699,,,410.48336029052734,,,,,,
,,46699,,23.691415786743164,,,,,,,
29,,46699,,,,3.5388810634613037,-16.072349548339844,-16.619903564453125,3.5388810634613037,,
,,46749,,,411.0534191131592,,,,,,
,,46749,,7.328271865844727,,,,,,,
29,,46749,,,,3.5458292961120605,-15.923401832580566,-16.459505081176758,3.5458292961120605,,
,,46799,,,411.2894535064697,,,,,,
,,46799,,26.913166046142578,,,,,,,
29,,46799,,,,3.5470259189605713,-15.766260147094727,-16.289676666259766,3.5470259189605713,,
,,46849,,,416.5496826171875,,,,,,
,,46849,,6.553173065185547,,,,,,,
29,,46849,,,,3.5500810146331787,-15.866565704345703,-16.395883560180664,3.5500810146331787,,
29,,46889,,,,,,,,-16.00653648376465,-16.4561824798584
,,46890,788.3159086704254,,,,,,,,
,0.0003,46890,,,,,,,,,
,,46899,,,417.3877239227295,,,,,,
,,46899,,27.975797653198242,,,,,,,
30,,46899,,,,3.5403764247894287,-16.573144912719727,-17.13660430908203,3.5403764247894287,,
,,46949,,,415.0404930114746,,,,,,
,,46949,,7.723569869995117,,,,,,,
30,,46949,,,,3.5425384044647217,-16.330495834350586,-16.8442325592041,3.5425384044647217,,
,,46999,,,417.4842834472656,,,,,,
,,46999,,23.93507957458496,,,,,,,
30,,46999,,,,3.54925799369812,-15.96622085571289,-16.50274085998535,3.54925799369812,,
,,47049,,,416.7160987854004,,,,,,
,,47049,,7.4596405029296875,,,,,,,
30,,47049,,,,3.54988431930542,-16.273380279541016,-16.8071231842041,3.54988431930542,,
,,47099,,,416.074275970459,,,,,,
,,47099,,28.106212615966797,,,,,,,
30,,47099,,,,3.548386812210083,-15.890697479248047,-16.456228256225586,3.548386812210083,,
,,47149,,,422.09362983703613,,,,,,
,,47149,,7.915019989013672,,,,,,,
30,,47149,,,,3.541400671005249,-16.26995277404785,-16.799102783203125,3.541400671005249,,
,,47199,,,425.1677989959717,,,,,,
,,47199,,25.85768699645996,,,,,,,
30,,47199,,,,3.545319080352783,-15.884432792663574,-16.426115036010742,3.545319080352783,,
,,47249,,,429.0897846221924,,,,,,
,,47249,,9.892463684082031,,,,,,,
30,,47249,,,,3.5457780361175537,-16.120197296142578,-16.66319465637207,3.5457780361175537,,
,,47299,,,430.33671379089355,,,,,,
,,47299,,26.360034942626953,,,,,,,
30,,47299,,,,3.5474700927734375,-16.15290069580078,-16.72353744506836,3.5474700927734375,,
,,47349,,,427.22368240356445,,,,,,
,,47349,,8.096933364868164,,,,,,,
30,,47349,,,,3.547278881072998,-16.304447174072266,-16.854228973388672,3.547278881072998,,
,,47399,,,426.8345832824707,,,,,,
,,47399,,27.278423309326172,,,,,,,
30,,47399,,,,3.549550771713257,-16.093997955322266,-16.6285400390625,3.549550771713257,,
,,47449,,,423.3987331390381,,,,,,
,,47449,,8.068323135375977,,,,,,,
30,,47449,,,,3.5504515171051025,-16.104129791259766,-16.64510154724121,3.5504515171051025,,
,,47499,,,424.100399017334,,,,,,
,,47499,,25.23493766784668,,,,,,,
30,,47499,,,,3.539022207260132,-16.029504776000977,-16.557453155517578,3.539022207260132,,
,,47549,,,432.16848373413086,,,,,,
,,47549,,8.368968963623047,,,,,,,
30,,47549,,,,3.5433974266052246,-16.019784927368164,-16.550764083862305,3.5433974266052246,,
,,47599,,,421.7228889465332,,,,,,
,,47599,,26.20840072631836,,,,,,,
30,,47599,,,,3.5452232360839844,-15.861017227172852,-16.384763717651367,3.5452232360839844,,
,,47649,,,427.6854991912842,,,,,,
,,47649,,9.554624557495117,,,,,,,
30,,47649,,,,3.5464391708374023,-16.513599395751953,-17.080543518066406,3.5464391708374023,,
,,47699,,,420.0127124786377,,,,,,
,,47699,,24.740219116210938,,,,,,,
30,,47699,,,,3.5430612564086914,-16.369922637939453,-16.89210319519043,3.5430612564086914,,
,,47749,,,422.6047992706299,,,,,,
,,47749,,7.538557052612305,,,,,,,
30,,47749,,,,3.539159059524536,-15.992525100708008,-16.536542892456055,3.539159059524536,,
,,47799,,,423.1386184692383,,,,,,
,,47799,,28.73539924621582,,,,,,,
30,,47799,,,,3.5456979274749756,-16.163238525390625,-16.701208114624023,3.5456979274749756,,
,,47849,,,417.6959991455078,,,,,,
,,47849,,7.29680061340332,,,,,,,
30,,47849,,,,3.551307201385498,-16.292686462402344,-16.84726333618164,3.551307201385498,,
,,47899,,,430.4966926574707,,,,,,
,,47899,,25.772809982299805,,,,,,,
30,,47899,,,,3.549319267272949,-16.043672561645508,-16.581371307373047,3.549319267272949,,
,,47949,,,417.2642230987549,,,,,,
,,47949,,7.692813873291016,,,,,,,
30,,47949,,,,3.5490386486053467,-15.7816162109375,-16.29138946533203,3.5490386486053467,,
,,47999,,,417.2685146331787,,,,,,
,,47999,,25.735855102539062,,,,,,,
30,,47999,,,,3.547022819519043,-15.923405647277832,-16.485137939453125,3.547022819519043,,
,,48049,,,421.8602180480957,,,,,,
,,48049,,7.431268692016602,,,,,,,
30,,48049,,,,3.5491299629211426,-16.348037719726562,-16.904523849487305,3.5491299629211426,,
,,48099,,,428.88593673706055,,,,,,
,,48099,,25.449275970458984,,,,,,,
30,,48099,,,,3.545077085494995,-16.086843490600586,-16.617033004760742,3.545077085494995,,
,,48149,,,428.47180366516113,,,,,,
,,48149,,8.521080017089844,,,,,,,
30,,48149,,,,3.5486061573028564,-16.230224609375,-16.752103805541992,3.5486061573028564,,
,,48199,,,426.8975257873535,,,,,,
,,48199,,24.973630905151367,,,,,,,
30,,48199,,,,3.551896810531616,-15.970610618591309,-16.500404357910156,3.551896810531616,,
,,48249,,,420.7026958465576,,,,,,
,,48249,,7.367134094238281,,,,,,,
30,,48249,,,,3.548570394515991,-15.7670259475708,-16.308197021484375,3.548570394515991,,
,,48299,,,433.154821395874,,,,,,
,,48299,,26.706695556640625,,,,,,,
30,,48299,,,,3.5518999099731445,-15.915719985961914,-16.438003540039062,3.5518999099731445,,
,,48349,,,423.3384132385254,,,,,,
,,48349,,8.458375930786133,,,,,,,
30,,48349,,,,3.548546075820923,-16.154308319091797,-16.704130172729492,3.548546075820923,,
,,48399,,,431.255578994751,,,,,,
,,48399,,29.614925384521484,,,,,,,
30,,48399,,,,3.5492167472839355,-16.012706756591797,-16.52529525756836,3.5492167472839355,,
,,48449,,,430.6185245513916,,,,,,
,,48449,,8.353948593139648,,,,,,,
30,,48449,,,,3.544259786605835,-15.947400093078613,-16.50721549987793,3.544259786605835,,
30,,48452,,,,,,,,-16.01873207092285,-16.47003936767578
,,48453,796.6856155395508,,,,,,,,
,0.0003,48453,,,,,,,,,
,,48499,,,425.1706600189209,,,,,,
,,48499,,29.195547103881836,,,,,,,
31,,48499,,,,3.546511173248291,-16.048721313476562,-16.608732223510742,3.546511173248291,,
,,48549,,,431.55884742736816,,,,,,
,,48549,,8.256912231445312,,,,,,,
31,,48549,,,,3.55623459815979,-15.924863815307617,-16.451725006103516,3.55623459815979,,
,,48599,,,430.5753707885742,,,,,,
,,48599,,26.305198669433594,,,,,,,
31,,48599,,,,3.5488500595092773,-15.868082046508789,-16.404489517211914,3.5488500595092773,,
,,48649,,,420.26782035827637,,,,,,
,,48649,,9.28807258605957,,,,,,,
31,,48649,,,,3.554433584213257,-15.815403938293457,-16.350122451782227,3.554433584213257,,
,,48699,,,430.69934844970703,,,,,,
,,48699,,24.95408058166504,,,,,,,
31,,48699,,,,3.5482237339019775,-16.572832107543945,-17.134254455566406,3.5482237339019775,,
,,48749,,,427.5035858154297,,,,,,
,,48749,,7.872581481933594,,,,,,,
31,,48749,,,,3.5474047660827637,-15.983114242553711,-16.518123626708984,3.5474047660827637,,
,,48799,,,424.24678802490234,,,,,,
,,48799,,27.06456184387207,,,,,,,
31,,48799,,,,3.542055368423462,-16.050926208496094,-16.601505279541016,3.542055368423462,,
,,48849,,,430.12166023254395,,,,,,
,,48849,,9.024620056152344,,,,,,,
31,,48849,,,,3.5470998287200928,-16.21889877319336,-16.760183334350586,3.5470998287200928,,
,,48899,,,428.39765548706055,,,,,,
,,48899,,25.964736938476562,,,,,,,
31,,48899,,,,3.5401806831359863,-16.07282257080078,-16.59557342529297,3.5401806831359863,,
,,48949,,,419.9845790863037,,,,,,
,,48949,,7.955789566040039,,,,,,,
31,,48949,,,,3.5529251098632812,-15.789838790893555,-16.328521728515625,3.5529251098632812,,
,,48999,,,422.1334457397461,,,,,,
,,48999,,29.570579528808594,,,,,,,
31,,48999,,,,3.5446605682373047,-15.799665451049805,-16.33759880065918,3.5446605682373047,,
,,49049,,,430.6023120880127,,,,,,
,,49049,,8.747577667236328,,,,,,,
31,,49049,,,,3.551119089126587,-15.803787231445312,-16.33785629272461,3.551119089126587,,
,,49099,,,432.5604438781738,,,,,,
,,49099,,28.558015823364258,,,,,,,
31,,49099,,,,3.5471436977386475,-16.135787963867188,-16.684181213378906,3.5471436977386475,,
,,49149,,,428.37047576904297,,,,,,
,,49149,,9.712457656860352,,,,,,,
31,,49149,,,,3.5518407821655273,-16.096477508544922,-16.60338020324707,3.5518407821655273,,
,,49199,,,427.00672149658203,,,,,,
,,49199,,25.744199752807617,,,,,,,
31,,49199,,,,3.54382061958313,-16.071744918823242,-16.613798141479492,3.54382061958313,,
,,49249,,,428.68995666503906,,,,,,
,,49249,,9.96708869934082,,,,,,,
31,,49249,,,,3.5476560592651367,-16.273771286010742,-16.80002212524414,3.5476560592651367,,
,,49299,,,428.6637306213379,,,,,,
,,49299,,28.715133666992188,,,,,,,
31,,49299,,,,3.5504860877990723,-16.425777435302734,-16.962343215942383,3.5504860877990723,,
,,49349,,,429.0621280670166,,,,,,
,,49349,,8.99648666381836,,,,,,,
31,,49349,,,,3.551105260848999,-16.430110931396484,-16.97991943359375,3.551105260848999,,
,,49399,,,433.99500846862793,,,,,,
,,49399,,25.43497085571289,,,,,,,
31,,49399,,,,3.5442216396331787,-15.879186630249023,-16.41152000427246,3.5442216396331787,,
,,49449,,,425.56285858154297,,,,,,
,,49449,,8.114099502563477,,,,,,,
31,,49449,,,,3.5514538288116455,-16.383392333984375,-16.91824722290039,3.5514538288116455,,
,,49499,,,426.8348217010498,,,,,,
,,49499,,26.144742965698242,,,,,,,
31,,49499,,,,3.5511605739593506,-16.032865524291992,-16.568946838378906,3.5511605739593506,,
,,49549,,,427.87909507751465,,,,,,
,,49549,,8.61048698425293,,,,,,,
31,,49549,,,,3.5505034923553467,-16.055099487304688,-16.626514434814453,3.5505034923553467,,
,,49599,,,425.69875717163086,,,,,,
,,49599,,26.701927185058594,,,,,,,
31,,49599,,,,3.5460259914398193,-16.05044174194336,-16.57556915283203,3.5460259914398193,,
,,49649,,,436.92946434020996,,,,,,
,,49649,,8.172035217285156,,,,,,,
31,,49649,,,,3.551457405090332,-16.126117706298828,-16.664928436279297,3.551457405090332,,
,,49699,,,426.4791011810303,,,,,,
,,49699,,25.65479278564453,,,,,,,
31,,49699,,,,3.5432448387145996,-15.992962837219238,-16.519878387451172,3.5432448387145996,,
,,49749,,,425.5719184875488,,,,,,
,,49749,,8.06879997253418,,,,,,,
31,,49749,,,,3.5498430728912354,-15.82105827331543,-16.336965560913086,3.5498430728912354,,
,,49799,,,434.187650680542,,,,,,
,,49799,,25.682449340820312,,,,,,,
31,,49799,,,,3.5415539741516113,-16.16391372680664,-16.704004287719727,3.5415539741516113,,
,,49849,,,427.97160148620605,,,,,,
,,49849,,8.506059646606445,,,,,,,
31,,49849,,,,3.535097599029541,-15.963159561157227,-16.49330711364746,3.535097599029541,,
,,49899,,,428.6158084869385,,,,,,
,,49899,,29.47402000427246,,,,,,,
31,,49899,,,,3.5465803146362305,-16.004531860351562,-16.57333755493164,3.5465803146362305,,
,,49949,,,421.05793952941895,,,,,,
,,49949,,8.655786514282227,,,,,,,
31,,49949,,,,3.5470802783966064,-15.575732231140137,-16.111412048339844,3.5470802783966064,,
,,49999,,,428.4989833831787,,,,,,
,,49999,,25.0856876373291,,,,,,,
31,,49999,,,,3.552314043045044,-15.94601821899414,-16.466188430786133,3.552314043045044,,
31,,50015,,,,,,,,-16.003721237182617,-16.45392417907715
,,50016,801.1853694915771,,,,,,,,
,0.0003,50016,,,,,,,,,
,,50049,,,425.67992210388184,,,,,,
,,50049,,8.10098648071289,,,,,,,
32,,50049,,,,3.545274019241333,-16.125093460083008,-16.658498764038086,3.545274019241333,,
,,50099,,,426.908016204834,,,,,,
,,50099,,25.53558349609375,,,,,,,
32,,50099,,,,3.558262825012207,-15.855880737304688,-16.378751754760742,3.558262825012207,,
,,50149,,,432.42859840393066,,,,,,
,,50149,,8.319616317749023,,,,,,,
32,,50149,,,,3.5546419620513916,-16.204120635986328,-16.753093719482422,3.5546419620513916,,
,,50199,,,432.5718879699707,,,,,,
,,50199,,30.560016632080078,,,,,,,
32,,50199,,,,3.541553020477295,-15.714973449707031,-16.23061752319336,3.541553020477295,,
,,50249,,,426.18560791015625,,,,,,
,,50249,,7.995128631591797,,,,,,,
32,,50249,,,,3.5502049922943115,-16.220401763916016,-16.749000549316406,3.5502049922943115,,
,,50299,,,425.86755752563477,,,,,,
,,50299,,25.48050880432129,,,,,,,
32,,50299,,,,3.549143075942993,-15.562196731567383,-16.081315994262695,3.549143075942993,,
,,50349,,,427.72531509399414,,,,,,
,,50349,,8.183956146240234,,,,,,,
32,,50349,,,,3.5497546195983887,-15.574338912963867,-16.10470962524414,3.5497546195983887,,
,,50399,,,429.2871952056885,,,,,,
,,50399,,25.53582191467285,,,,,,,
32,,50399,,,,3.5427234172821045,-16.09552764892578,-16.60419464111328,3.5427234172821045,,
,,50449,,,434.24224853515625,,,,,,
,,50449,,8.836746215820312,,,,,,,
32,,50449,,,,3.5423476696014404,-15.859703063964844,-16.4267578125,3.5423476696014404,,
,,50499,,,430.00197410583496,,,,,,
,,50499,,25.279521942138672,,,,,,,
32,,50499,,,,3.5438270568847656,-15.949297904968262,-16.488039016723633,3.5438270568847656,,
,,50549,,,418.3459281921387,,,,,,
,,50549,,7.785797119140625,,,,,,,
32,,50549,,,,3.5463922023773193,-15.883478164672852,-16.413467407226562,3.5463922023773193,,
,,50599,,,425.80223083496094,,,,,,
,,50599,,25.444746017456055,,,,,,,
32,,50599,,,,3.548798084259033,-15.783903121948242,-16.305191040039062,3.548798084259033,,
,,50649,,,427.9656410217285,,,,,,
,,50649,,8.71896743774414,,,,,,,
32,,50649,,,,3.5497941970825195,-15.872121810913086,-16.416662216186523,3.5497941970825195,,
,,50699,,,426.6383647918701,,,,,,
,,50699,,25.997161865234375,,,,,,,
32,,50699,,,,3.5454800128936768,-15.783195495605469,-16.30940818786621,3.5454800128936768,,
,,50749,,,421.1406707763672,,,,,,
,,50749,,9.244441986083984,,,,,,,
32,,50749,,,,3.5480308532714844,-15.75411319732666,-16.268970489501953,3.5480308532714844,,
,,50799,,,424.0114688873291,,,,,,
,,50799,,25.728464126586914,,,,,,,
32,,50799,,,,3.546006441116333,-16.20136260986328,-16.726360321044922,3.546006441116333,,
,,50849,,,427.0656108856201,,,,,,
,,50849,,8.556604385375977,,,,,,,
32,,50849,,,,3.549149751663208,-15.963976860046387,-16.49846649169922,3.549149751663208,,
,,50899,,,418.9457893371582,,,,,,
,,50899,,25.333881378173828,,,,,,,
32,,50899,,,,3.555971622467041,-15.874673843383789,-16.399520874023438,3.555971622467041,,
,,50949,,,426.8169403076172,,,,,,
,,50949,,8.519649505615234,,,,,,,
32,,50949,,,,3.546828031539917,-16.08881187438965,-16.634450912475586,3.546828031539917,,
,,50999,,,427.9775619506836,,,,,,
,,50999,,26.365995407104492,,,,,,,
32,,50999,,,,3.55020809173584,-16.017578125,-16.5493106842041,3.55020809173584,,
,,51049,,,426.01847648620605,,,,,,
,,51049,,9.424448013305664,,,,,,,
32,,51049,,,,3.5475146770477295,-16.02914810180664,-16.58374786376953,3.5475146770477295,,
,,51099,,,421.22673988342285,,,,,,
,,51099,,28.599262237548828,,,,,,,
32,,51099,,,,3.549376964569092,-15.989112854003906,-16.53205680847168,3.549376964569092,,
,,51149,,,424.85785484313965,,,,,,
,,51149,,8.85629653930664,,,,,,,
32,,51149,,,,3.549793004989624,-16.169906616210938,-16.702472686767578,3.549793004989624,,
,,51199,,,418.2116985321045,,,,,,
,,51199,,25.341510772705078,,,,,,,
32,,51199,,,,3.54764723777771,-15.734240531921387,-16.250965118408203,3.54764723777771,,
,,51249,,,415.1184558868408,,,,,,
,,51249,,7.697105407714844,,,,,,,
32,,51249,,,,3.550837993621826,-15.892759323120117,-16.43992042541504,3.550837993621826,,
,,51299,,,429.3966293334961,,,,,,
,,51299,,28.55396270751953,,,,,,,
32,,51299,,,,3.5431108474731445,-16.030553817749023,-16.584352493286133,3.5431108474731445,,
,,51349,,,424.44753646850586,,,,,,
,,51349,,9.59467887878418,,,,,,,
32,,51349,,,,3.552698850631714,-16.058664321899414,-16.590213775634766,3.552698850631714,,
,,51399,,,422.1634864807129,,,,,,
,,51399,,25.411367416381836,,,,,,,
32,,51399,,,,3.550992250442505,-15.948136329650879,-16.465444564819336,3.550992250442505,,
,,51449,,,423.25425148010254,,,,,,
,,51449,,8.206605911254883,,,,,,,
32,,51449,,,,3.5414721965789795,-16.193214416503906,-16.730039596557617,3.5414721965789795,,
,,51499,,,422.24788665771484,,,,,,
,,51499,,25.318384170532227,,,,,,,
32,,51499,,,,3.5559322834014893,-15.94958782196045,-16.495635986328125,3.5559322834014893,,
,,51549,,,423.85220527648926,,,,,,
,,51549,,7.355451583862305,,,,,,,
32,,51549,,,,3.5550484657287598,-16.08161735534668,-16.608440399169922,3.5550484657287598,,
32,,51578,,,,,,,,-15.997065544128418,-16.44540023803711
,,51579,798.7818353176117,,,,,,,,
,0.0003,51579,,,,,,,,,
,,51599,,,426.67460441589355,,,,,,
,,51599,,26.534557342529297,,,,,,,
33,,51599,,,,3.5472331047058105,-15.987077713012695,-16.50996208190918,3.5472331047058105,,
,,51649,,,427.6394844055176,,,,,,
,,51649,,7.297039031982422,,,,,,,
33,,51649,,,,3.540452718734741,-16.0341854095459,-16.566539764404297,3.540452718734741,,
,,51699,,,426.0592460632324,,,,,,
,,51699,,24.27506446838379,,,,,,,
33,,51699,,,,3.547056198120117,-16.043537139892578,-16.573226928710938,3.547056198120117,,
,,51749,,,425.18138885498047,,,,,,
,,51749,,7.996320724487305,,,,,,,
33,,51749,,,,3.5438103675842285,-16.227142333984375,-16.739410400390625,3.5438103675842285,,
,,51799,,,430.0801753997803,,,,,,
,,51799,,25.393247604370117,,,,,,,
33,,51799,,,,3.5433788299560547,-15.986178398132324,-16.511276245117188,3.5433788299560547,,
,,51849,,,425.1060485839844,,,,,,
,,51849,,7.698297500610352,,,,,,,
33,,51849,,,,3.5513625144958496,-15.952985763549805,-16.473480224609375,3.5513625144958496,,
,,51899,,,429.3537139892578,,,,,,
,,51899,,27.41241455078125,,,,,,,
33,,51899,,,,3.543469190597534,-16.182296752929688,-16.7315616607666,3.543469190597534,,
,,51949,,,426.3441562652588,,,,,,
,,51949,,7.579565048217773,,,,,,,
33,,51949,,,,3.543471574783325,-16.07365608215332,-16.605010986328125,3.543471574783325,,
,,51999,,,426.1188507080078,,,,,,
,,51999,,25.233983993530273,,,,,,,
33,,51999,,,,3.545419454574585,-16.271953582763672,-16.783477783203125,3.545419454574585,,
,,52049,,,424.61371421813965,,,,,,
,,52049,,7.838964462280273,,,,,,,
33,,52049,,,,3.5497496128082275,-15.986214637756348,-16.522037506103516,3.5497496128082275,,
,,52099,,,424.7763156890869,,,,,,
,,52099,,25.52056312561035,,,,,,,
33,,52099,,,,3.5421090126037598,-15.830199241638184,-16.379331588745117,3.5421090126037598,,
,,52149,,,419.16394233703613,,,,,,
,,52149,,7.390499114990234,,,,,,,
33,,52149,,,,3.540295362472534,-16.23720359802246,-16.759618759155273,3.540295362472534,,
,,52199,,,428.16162109375,,,,,,
,,52199,,26.2753963470459,,,,,,,
33,,52199,,,,3.5516815185546875,-16.456050872802734,-16.98682403564453,3.5516815185546875,,
,,52249,,,419.21043395996094,,,,,,
,,52249,,7.593870162963867,,,,,,,
33,,52249,,,,3.545294761657715,-16.353992462158203,-16.879079818725586,3.545294761657715,,
,,52299,,,419.4176197052002,,,,,,
,,52299,,25.176048278808594,,,,,,,
33,,52299,,,,3.54815673828125,-16.244956970214844,-16.77022933959961,3.54815673828125,,
,,52349,,,424.0379333496094,,,,,,
,,52349,,8.095502853393555,,,,,,,
33,,52349,,,,3.549485921859741,-15.865555763244629,-16.378803253173828,3.549485921859741,,
,,52399,,,428.69019508361816,,,,,,
,,52399,,26.87358856201172,,,,,,,
33,,52399,,,,3.544018507003784,-16.34835433959961,-16.88275909423828,3.544018507003784,,
,,52449,,,421.78988456726074,,,,,,
,,52449,,7.558107376098633,,,,,,,
33,,52449,,,,3.5446226596832275,-16.135469436645508,-16.675683975219727,3.5446226596832275,,
,,52499,,,427.23774909973145,,,,,,
,,52499,,26.860475540161133,,,,,,,
33,,52499,,,,3.5428357124328613,-16.33400535583496,-16.8947696685791,3.5428357124328613,,
,,52549,,,425.5955219268799,,,,,,
,,52549,,7.9708099365234375,,,,,,,
33,,52549,,,,3.5399913787841797,-16.425765991210938,-16.955312728881836,3.5399913787841797,,
,,52599,,,423.62165451049805,,,,,,
,,52599,,27.11629867553711,,,,,,,
33,,52599,,,,3.54998517036438,-16.010353088378906,-16.53387451171875,3.54998517036438,,
,,52649,,,423.05445671081543,,,,,,
,,52649,,7.503509521484375,,,,,,,
33,,52649,,,,3.547307014465332,-16.13686752319336,-16.676422119140625,3.547307014465332,,
,,52699,,,422.1470355987549,,,,,,
,,52699,,24.77550506591797,,,,,,,
33,,52699,,,,3.54240345954895,-16.34299087524414,-16.877912521362305,3.54240345954895,,
,,52749,,,428.2693862915039,,,,,,
,,52749,,7.508039474487305,,,,,,,
33,,52749,,,,3.5467827320098877,-16.254262924194336,-16.795949935913086,3.5467827320098877,,
,,52799,,,422.19066619873047,,,,,,
,,52799,,24.794340133666992,,,,,,,
33,,52799,,,,3.5466039180755615,-15.791152000427246,-16.320423126220703,3.5466039180755615,,
,,52849,,,428.3585548400879,,,,,,
,,52849,,8.083581924438477,,,,,,,
33,,52849,,,,3.5494015216827393,-15.84389877319336,-16.346012115478516,3.5494015216827393,,
,,52899,,,431.05340003967285,,,,,,
,,52899,,25.654077529907227,,,,,,,
33,,52899,,,,3.551201820373535,-15.818973541259766,-16.35561752319336,3.551201820373535,,
,,52949,,,432.55090713500977,,,,,,
,,52949,,8.656740188598633,,,,,,,
33,,52949,,,,3.5501351356506348,-16.056884765625,-16.583887100219727,3.5501351356506348,,
,,52999,,,433.6352348327637,,,,,,
,,52999,,25.68817138671875,,,,,,,
33,,52999,,,,3.539947032928467,-16.434425354003906,-16.960554122924805,3.539947032928467,,
,,53049,,,431.6592216491699,,,,,,
,,53049,,9.248018264770508,,,,,,,
33,,53049,,,,3.553090810775757,-16.137561798095703,-16.667144775390625,3.553090810775757,,
,,53099,,,427.4566173553467,,,,,,
,,53099,,24.9786376953125,,,,,,,
33,,53099,,,,3.5466668605804443,-16.266036987304688,-16.795574188232422,3.5466668605804443,,
33,,53141,,,,,,,,-16.004493713378906,-16.446622848510742
,,53142,797.2738673686981,,,,,,,,
,0.0003,53142,,,,,,,,,
,,53149,,,423.825740814209,,,,,,
,,53149,,8.333921432495117,,,,,,,
34,,53149,,,,3.5455424785614014,-16.375999450683594,-16.919878005981445,3.5455424785614014,,
,,53199,,,417.496919631958,,,,,,
,,53199,,26.050090789794922,,,,,,,
34,,53199,,,,3.5524370670318604,-16.25326919555664,-16.765764236450195,3.5524370670318604,,
,,53249,,,413.57874870300293,,,,,,
,,53249,,7.518291473388672,,,,,,,
34,,53249,,,,3.547234058380127,-16.000164031982422,-16.51960563659668,3.547234058380127,,
,,53299,,,415.01307487487793,,,,,,
,,53299,,26.174545288085938,,,,,,,
34,,53299,,,,3.5417370796203613,-16.015670776367188,-16.55877685546875,3.5417370796203613,,
,,53349,,,411.46039962768555,,,,,,
,,53349,,8.203268051147461,,,,,,,
34,,53349,,,,3.54407000541687,-15.865499496459961,-16.378278732299805,3.54407000541687,,
,,53399,,,431.1370849609375,,,,,,
,,53399,,27.970314025878906,,,,,,,
34,,53399,,,,3.5510776042938232,-16.448856353759766,-16.984115600585938,3.5510776042938232,,
,,53449,,,425.6472587585449,,,,,,
,,53449,,9.659051895141602,,,,,,,
34,,53449,,,,3.542755603790283,-16.201435089111328,-16.718814849853516,3.542755603790283,,
,,53499,,,418.76745223999023,,,,,,
,,53499,,26.137828826904297,,,,,,,
34,,53499,,,,3.548532724380493,-16.617355346679688,-17.141698837280273,3.548532724380493,,
,,53549,,,420.2260971069336,,,,,,
,,53549,,7.728099822998047,,,,,,,
34,,53549,,,,3.548107147216797,-15.902252197265625,-16.460187911987305,3.548107147216797,,
,,53599,,,423.4585762023926,,,,,,
,,53599,,25.30360221862793,,,,,,,
34,,53599,,,,3.5530247688293457,-16.146053314208984,-16.677837371826172,3.5530247688293457,,
,,53649,,,429.5544624328613,,,,,,
,,53649,,7.718086242675781,,,,,,,
34,,53649,,,,3.5584239959716797,-16.02782440185547,-16.560880661010742,3.5584239959716797,,
,,53699,,,425.75550079345703,,,,,,
,,53699,,25.542020797729492,,,,,,,
34,,53699,,,,3.5525670051574707,-15.799027442932129,-16.353410720825195,3.5525670051574707,,
,,53749,,,428.6031723022461,,,,,,
,,53749,,7.381439208984375,,,,,,,
34,,53749,,,,3.5527141094207764,-15.822591781616211,-16.369590759277344,3.5527141094207764,,
,,53799,,,425.82106590270996,,,,,,
,,53799,,25.796175003051758,,,,,,,
34,,53799,,,,3.547921657562256,-16.210172653198242,-16.717079162597656,3.547921657562256,,
,,53849,,,431.5979480743408,,,,,,
,,53849,,9.633541107177734,,,,,,,
34,,53849,,,,3.5476086139678955,-15.426401138305664,-15.949064254760742,3.5476086139678955,,
,,53899,,,426.0058403015137,,,,,,
,,53899,,25.720834732055664,,,,,,,
34,,53899,,,,3.5478591918945312,-15.701397895812988,-16.238969802856445,3.5478591918945312,,
,,53949,,,416.4769649505615,,,,,,
,,53949,,7.4520111083984375,,,,,,,
34,,53949,,,,3.5456199645996094,-16.161069869995117,-16.709440231323242,3.5456199645996094,,
,,53999,,,421.9622611999512,,,,,,
,,53999,,25.328636169433594,,,,,,,
34,,53999,,,,3.5519347190856934,-16.243427276611328,-16.777496337890625,3.5519347190856934,,
,,54049,,,426.96619033813477,,,,,,
,,54049,,8.313894271850586,,,,,,,
34,,54049,,,,3.548370838165283,-16.082311630249023,-16.6226806640625,3.548370838165283,,
,,54099,,,420.9764003753662,,,,,,
,,54099,,26.890993118286133,,,,,,,
34,,54099,,,,3.5457780361175537,-15.913620948791504,-16.465362548828125,3.5457780361175537,,
,,54149,,,424.1909980773926,,,,,,
,,54149,,8.646965026855469,,,,,,,
34,,54149,,,,3.5499041080474854,-15.483573913574219,-16.005199432373047,3.5499041080474854,,
,,54199,,,432.13677406311035,,,,,,
,,54199,,26.16739273071289,,,,,,,
34,,54199,,,,3.5510191917419434,-15.956217765808105,-16.484373092651367,3.5510191917419434,,
,,54249,,,421.62394523620605,,,,,,
,,54249,,7.425069808959961,,,,,,,
34,,54249,,,,3.5532569885253906,-16.343061447143555,-16.875272750854492,3.5532569885253906,,
,,54299,,,427.96993255615234,,,,,,
,,54299,,26.866674423217773,,,,,,,
34,,54299,,,,3.5473785400390625,-16.171798706054688,-16.716341018676758,3.5473785400390625,,
,,54349,,,427.3569583892822,,,,,,
,,54349,,8.838891983032227,,,,,,,
34,,54349,,,,3.545856475830078,-16.423194885253906,-16.964017868041992,3.545856475830078,,
,,54399,,,429.20875549316406,,,,,,
,,54399,,25.217056274414062,,,,,,,
34,,54399,,,,3.551541566848755,-15.843706130981445,-16.38892364501953,3.551541566848755,,
,,54449,,,425.335168838501,,,,,,
,,54449,,9.529590606689453,,,,,,,
34,,54449,,,,3.558558464050293,-15.88697624206543,-16.42490577697754,3.558558464050293,,
,,54499,,,424.8199462890625,,,,,,
,,54499,,25.118589401245117,,,,,,,
34,,54499,,,,3.5534138679504395,-16.26366424560547,-16.77733039855957,3.5534138679504395,,
,,54549,,,421.77510261535645,,,,,,
,,54549,,8.509159088134766,,,,,,,
34,,54549,,,,3.550696849822998,-16.12039566040039,-16.644493103027344,3.550696849822998,,
,,54599,,,424.7610569000244,,,,,,
,,54599,,27.82750129699707,,,,,,,
34,,54599,,,,3.551506996154785,-15.919944763183594,-16.44719886779785,3.551506996154785,,
,,54649,,,431.8852424621582,,,,,,
,,54649,,7.962465286254883,,,,,,,
34,,54649,,,,3.5477757453918457,-15.888212203979492,-16.419645309448242,3.5477757453918457,,
,,54699,,,426.8357753753662,,,,,,
,,54699,,25.991439819335938,,,,,,,
34,,54699,,,,3.554889440536499,-15.951681137084961,-16.47724151611328,3.554889440536499,,
34,,54704,,,,,,,,-15.99956226348877,-16.44448471069336
,,54705,796.2167856693268,,,,,,,,
,0.0003,54705,,,,,,,,,
,,54749,,,425.281286239624,,,,,,
,,54749,,7.612466812133789,,,,,,,
35,,54749,,,,3.5438344478607178,-15.785228729248047,-16.306095123291016,3.5438344478607178,,
,,54799,,,425.17542839050293,,,,,,
,,54799,,25.127172470092773,,,,,,,
35,,54799,,,,3.5470340251922607,-16.11764907836914,-16.659543991088867,3.5470340251922607,,
,,54849,,,422.313928604126,,,,,,
,,54849,,8.356094360351562,,,,,,,
35,,54849,,,,3.5478355884552,-16.56508445739746,-17.087955474853516,3.5478355884552,,
,,54899,,,425.6012439727783,,,,,,
,,54899,,26.404857635498047,,,,,,,
35,,54899,,,,3.5511274337768555,-15.943461418151855,-16.463653564453125,3.5511274337768555,,
,,54949,,,427.90770530700684,,,,,,
,,54949,,8.33439826965332,,,,,,,
35,,54949,,,,3.543923854827881,-16.304168701171875,-16.826576232910156,3.543923854827881,,
,,54999,,,419.85535621643066,,,,,,
,,54999,,25.23016929626465,,,,,,,
35,,54999,,,,3.5535759925842285,-16.19314193725586,-16.721811294555664,3.5535759925842285,,
,,55049,,,433.4826469421387,,,,,,
,,55049,,8.906841278076172,,,,,,,
35,,55049,,,,3.5456695556640625,-16.15524673461914,-16.68583869934082,3.5456695556640625,,
,,55099,,,418.1077480316162,,,,,,
,,55099,,25.315523147583008,,,,,,,
35,,55099,,,,3.5478973388671875,-16.119457244873047,-16.65315055847168,3.5478973388671875,,
,,55149,,,428.5311698913574,,,,,,
,,55149,,8.559226989746094,,,,,,,
35,,55149,,,,3.5455687046051025,-16.063617706298828,-16.59687042236328,3.5455687046051025,,
,,55199,,,427.8590679168701,,,,,,
,,55199,,25.57992935180664,,,,,,,
35,,55199,,,,3.5506365299224854,-16.302677154541016,-16.829668045043945,3.5506365299224854,,
,,55249,,,425.66633224487305,,,,,,
,,55249,,8.660078048706055,,,,,,,
35,,55249,,,,3.554495096206665,-15.95543098449707,-16.4949951171875,3.554495096206665,,
,,55299,,,430.05871772766113,,,,,,
,,55299,,26.564836502075195,,,,,,,
35,,55299,,,,3.5591626167297363,-16.060277938842773,-16.595407485961914,3.5591626167297363,,
,,55349,,,428.0581474304199,,,,,,
,,55349,,9.518861770629883,,,,,,,
35,,55349,,,,3.550445556640625,-15.984249114990234,-16.482389450073242,3.550445556640625,,
,,55399,,,423.83527755737305,,,,,,
,,55399,,25.45309066772461,,,,,,,
35,,55399,,,,3.5472991466522217,-16.209529876708984,-16.728239059448242,3.5472991466522217,,
,,55449,,,437.32666969299316,,,,,,
,,55449,,7.529973983764648,,,,,,,
35,,55449,,,,3.5446696281433105,-15.944433212280273,-16.459806442260742,3.5446696281433105,,
,,55499,,,433.1390857696533,,,,,,
,,55499,,26.384353637695312,,,,,,,
35,,55499,,,,3.5481154918670654,-16.213756561279297,-16.73255729675293,3.5481154918670654,,
,,55549,,,433.15792083740234,,,,,,
,,55549,,8.823394775390625,,,,,,,
35,,55549,,,,3.5589332580566406,-15.980270385742188,-16.527080535888672,3.5589332580566406,,
,,55599,,,422.95050621032715,,,,,,
,,55599,,26.145458221435547,,,,,,,
35,,55599,,,,3.5481677055358887,-16.373722076416016,-16.90801429748535,3.5481677055358887,,
,,55649,,,429.4090270996094,,,,,,
,,55649,,8.589744567871094,,,,,,,
35,,55649,,,,3.542849063873291,-16.300312042236328,-16.815637588500977,3.542849063873291,,
,,55699,,,429.7833442687988,,,,,,
,,55699,,25.959253311157227,,,,,,,
35,,55699,,,,3.5452916622161865,-16.11033058166504,-16.650651931762695,3.5452916622161865,,
,,55749,,,425.60386657714844,,,,,,
,,55749,,7.946968078613281,,,,,,,
35,,55749,,,,3.5564513206481934,-15.86861801147461,-16.36815071105957,3.5564513206481934,,
,,55799,,,418.0781841278076,,,,,,
,,55799,,24.612903594970703,,,,,,,
35,,55799,,,,3.5545668601989746,-16.181262969970703,-16.697612762451172,3.5545668601989746,,
,,55849,,,420.14455795288086,,,,,,
,,55849,,7.236003875732422,,,,,,,
35,,55849,,,,3.5422704219818115,-15.972105026245117,-16.49005699157715,3.5422704219818115,,
,,55899,,,416.10169410705566,,,,,,
,,55899,,25.339841842651367,,,,,,,
35,,55899,,,,3.545461416244507,-15.825912475585938,-16.36117935180664,3.545461416244507,,
,,55949,,,419.6493625640869,,,,,,
,,55949,,7.768154144287109,,,,,,,
35,,55949,,,,3.550576686859131,-15.99504280090332,-16.538311004638672,3.550576686859131,,
,,55999,,,416.11695289611816,,,,,,
,,55999,,25.61044692993164,,,,,,,
35,,55999,,,,3.54548978805542,-16.598825454711914,-17.124906539916992,3.54548978805542,,
,,56049,,,421.60820960998535,,,,,,
,,56049,,9.083986282348633,,,,,,,
35,,56049,,,,3.546377420425415,-16.174488067626953,-16.69741439819336,3.546377420425415,,
,,56099,,,420.0437068939209,,,,,,
,,56099,,25.57969093322754,,,,,,,
35,,56099,,,,3.5401036739349365,-15.980158805847168,-16.52638053894043,3.5401036739349365,,
,,56149,,,422.1606254577637,,,,,,
,,56149,,8.290529251098633,,,,,,,
35,,56149,,,,3.55208420753479,-16.27398681640625,-16.82244300842285,3.55208420753479,,
,,56199,,,422.4395751953125,,,,,,
,,56199,,26.197195053100586,,,,,,,
35,,56199,,,,3.541720390319824,-16.19371795654297,-16.729188919067383,3.541720390319824,,
,,56249,,,424.1983890533447,,,,,,
,,56249,,7.815361022949219,,,,,,,
35,,56249,,,,3.5465495586395264,-16.162338256835938,-16.684772491455078,3.5465495586395264,,
35,,56267,,,,,,,,-15.998247146606445,-16.44110107421875
,,56268,798.241717338562,,,,,,,,
,0.0003,56268,,,,,,,,,
,,56299,,,415.5757427215576,,,,,,
,,56299,,24.33013916015625,,,,,,,
36,,56299,,,,3.5456531047821045,-16.357913970947266,-16.888456344604492,3.5456531047821045,,
,,56349,,,416.3331985473633,,,,,,
,,56349,,7.950544357299805,,,,,,,
36,,56349,,,,3.5461723804473877,-16.265911102294922,-16.797283172607422,3.5461723804473877,,
,,56399,,,409.1753959655762,,,,,,
,,56399,,28.22732925415039,,,,,,,
36,,56399,,,,3.5413451194763184,-15.569990158081055,-16.088275909423828,3.5413451194763184,,
,,56449,,,412.8732681274414,,,,,,
,,56449,,5.31005859375,,,,,,,
36,,56449,,,,3.547416925430298,-16.21013832092285,-16.73985481262207,3.547416925430298,,
,,56499,,,414.5159721374512,,,,,,
,,56499,,28.522729873657227,,,,,,,
36,,56499,,,,3.5506198406219482,-15.91283130645752,-16.42775535583496,3.5506198406219482,,
,,56549,,,415.50493240356445,,,,,,
,,56549,,6.778478622436523,,,,,,,
36,,56549,,,,3.551738739013672,-16.17928695678711,-16.718374252319336,3.551738739013672,,
,,56599,,,414.0639305114746,,,,,,
,,56599,,28.16486358642578,,,,,,,
36,,56599,,,,3.5448577404022217,-16.20484733581543,-16.741228103637695,3.5448577404022217,,
,,56649,,,426.5000820159912,,,,,,
,,56649,,9.421110153198242,,,,,,,
36,,56649,,,,3.5449516773223877,-16.17025375366211,-16.701332092285156,3.5449516773223877,,
,,56699,,,417.8802967071533,,,,,,
,,56699,,25.589942932128906,,,,,,,
36,,56699,,,,3.551564931869507,-15.84538459777832,-16.35828971862793,3.551564931869507,,
,,56749,,,423.187255859375,,,,,,
,,56749,,8.593559265136719,,,,,,,
36,,56749,,,,3.551342725753784,-16.181737899780273,-16.71060562133789,3.551342725753784,,
,,56799,,,431.3020706176758,,,,,,
,,56799,,25.31743049621582,,,,,,,
36,,56799,,,,3.54762601852417,-16.135339736938477,-16.65493392944336,3.54762601852417,,
,,56849,,,419.74472999572754,,,,,,
,,56849,,6.483554840087891,,,,,,,
36,,56849,,,,3.5493180751800537,-16.24539566040039,-16.75017738342285,3.5493180751800537,,
,,56899,,,417.48571395874023,,,,,,
,,56899,,22.964000701904297,,,,,,,
36,,56899,,,,3.547590494155884,-15.89738941192627,-16.41380500793457,3.547590494155884,,
,,56949,,,416.6707992553711,,,,,,
,,56949,,8.198976516723633,,,,,,,
36,,56949,,,,3.545753002166748,-16.21894073486328,-16.738784790039062,3.545753002166748,,
,,56999,,,410.9835624694824,,,,,,
,,56999,,28.28526496887207,,,,,,,
36,,56999,,,,3.5506017208099365,-15.809749603271484,-16.316020965576172,3.5506017208099365,,
,,57049,,,414.76964950561523,,,,,,
,,57049,,9.124517440795898,,,,,,,
36,,57049,,,,3.553629159927368,-15.766403198242188,-16.28176498413086,3.553629159927368,,
,,57099,,,418.6246395111084,,,,,,
,,57099,,28.887510299682617,,,,,,,
36,,57099,,,,3.544731378555298,-15.800224304199219,-16.333921432495117,3.544731378555298,,
,,57149,,,404.18267250061035,,,,,,
,,57149,,8.713483810424805,,,,,,,
36,,57149,,,,3.5516319274902344,-16.050905227661133,-16.57275390625,3.5516319274902344,,
,,57199,,,412.6114845275879,,,,,,
,,57199,,27.370929718017578,,,,,,,
36,,57199,,,,3.5501489639282227,-16.106006622314453,-16.646482467651367,3.5501489639282227,,
,,57249,,,414.4270420074463,,,,,,
,,57249,,8.25810432434082,,,,,,,
36,,57249,,,,3.551509380340576,-16.17340660095215,-16.69441032409668,3.551509380340576,,
,,57299,,,413.1629467010498,,,,,,
,,57299,,26.39031410217285,,,,,,,
36,,57299,,,,3.5491271018981934,-16.250301361083984,-16.8035888671875,3.5491271018981934,,
,,57349,,,414.966344833374,,,,,,
,,57349,,7.3833465576171875,,,,,,,
36,,57349,,,,3.5542714595794678,-16.114788055419922,-16.632352828979492,3.5542714595794678,,
,,57399,,,416.14437103271484,,,,,,
,,57399,,27.12273597717285,,,,,,,
36,,57399,,,,3.5545222759246826,-15.843626022338867,-16.36951446533203,3.5545222759246826,,
,,57449,,,410.7208251953125,,,,,,
,,57449,,7.344484329223633,,,,,,,
36,,57449,,,,3.5474560260772705,-16.144454956054688,-16.688276290893555,3.5474560260772705,,
,,57499,,,410.308837890625,,,,,,
,,57499,,25.854825973510742,,,,,,,
36,,57499,,,,3.548217296600342,-16.31536293029785,-16.841150283813477,3.548217296600342,,
,,57549,,,413.71965408325195,,,,,,
,,57549,,8.227348327636719,,,,,,,
36,,57549,,,,3.5401833057403564,-16.318031311035156,-16.8409423828125,3.5401833057403564,,
,,57599,,,412.8415584564209,,,,,,
,,57599,,24.719953536987305,,,,,,,
36,,57599,,,,3.5471866130828857,-15.470807075500488,-15.991389274597168,3.5471866130828857,,
,,57649,,,414.7059917449951,,,,,,
,,57649,,8.53276252746582,,,,,,,
36,,57649,,,,3.5498998165130615,-16.10059356689453,-16.61452293395996,3.5498998165130615,,
,,57699,,,414.4110679626465,,,,,,
,,57699,,24.811744689941406,,,,,,,
36,,57699,,,,3.5539867877960205,-16.079477310180664,-16.6181697845459,3.5539867877960205,,
,,57749,,,404.3543338775635,,,,,,
,,57749,,7.273674011230469,,,,,,,
36,,57749,,,,3.545471429824829,-16.06891632080078,-16.581838607788086,3.545471429824829,,
,,57799,,,416.8086051940918,,,,,,
,,57799,,27.513504028320312,,,,,,,
36,,57799,,,,3.54595685005188,-16.098255157470703,-16.642738342285156,3.54595685005188,,
36,,57830,,,,,,,,-15.990053176879883,-16.434432983398438
,,57831,780.8556981086731,,,,,,,,
,0.0003,57831,,,,,,,,,
,,57849,,,411.35239601135254,,,,,,
,,57849,,7.415056228637695,,,,,,,
37,,57849,,,,3.540320873260498,-16.3941593170166,-16.910215377807617,3.540320873260498,,
,,57899,,,412.1556282043457,,,,,,
,,57899,,28.69582176208496,,,,,,,
37,,57899,,,,3.553478956222534,-15.806674003601074,-16.30538558959961,3.553478956222534,,
,,57949,,,403.18965911865234,,,,,,
,,57949,,6.96873664855957,,,,,,,
37,,57949,,,,3.5394201278686523,-16.10734748840332,-16.647417068481445,3.5394201278686523,,
,,57999,,,412.0359420776367,,,,,,
,,57999,,25.66385269165039,,,,,,,
37,,57999,,,,3.5482254028320312,-16.090280532836914,-16.619274139404297,3.5482254028320312,,
,,58049,,,407.0587158203125,,,,,,
,,58049,,6.585359573364258,,,,,,,
37,,58049,,,,3.545431137084961,-16.701087951660156,-17.241044998168945,3.545431137084961,,
,,58099,,,429.46434020996094,,,,,,
,,58099,,24.883508682250977,,,,,,,
37,,58099,,,,3.5536203384399414,-16.41991424560547,-16.947799682617188,3.5536203384399414,,
,,58149,,,434.91053581237793,,,,,,
,,58149,,8.248090744018555,,,,,,,
37,,58149,,,,3.5479304790496826,-15.890579223632812,-16.414344787597656,3.5479304790496826,,
,,58199,,,430.47499656677246,,,,,,
,,58199,,25.865554809570312,,,,,,,
37,,58199,,,,3.5399084091186523,-16.150850296020508,-16.673269271850586,3.5399084091186523,,
,,58249,,,428.76744270324707,,,,,,
,,58249,,8.489370346069336,,,,,,,
37,,58249,,,,3.5467605590820312,-15.629007339477539,-16.13772201538086,3.5467605590820312,,
,,58299,,,431.00953102111816,,,,,,
,,58299,,26.92723274230957,,,,,,,
37,,58299,,,,3.5499110221862793,-16.40725326538086,-16.9241886138916,3.5499110221862793,,
,,58349,,,418.1487560272217,,,,,,
,,58349,,8.61048698425293,,,,,,,
37,,58349,,,,3.553449869155884,-16.322803497314453,-16.872467041015625,3.553449869155884,,
,,58399,,,429.90636825561523,,,,,,
,,58399,,26.8862247467041,,,,,,,
37,,58399,,,,3.545781135559082,-15.885188102722168,-16.415307998657227,3.545781135559082,,
,,58449,,,422.28031158447266,,,,,,
,,58449,,7.808685302734375,,,,,,,
37,,58449,,,,3.550954580307007,-15.913094520568848,-16.456300735473633,3.550954580307007,,
,,58499,,,430.6316375732422,,,,,,
,,58499,,26.001691818237305,,,,,,,
37,,58499,,,,3.5464675426483154,-16.035985946655273,-16.554670333862305,3.5464675426483154,,
,,58549,,,426.2082576751709,,,,,,
,,58549,,7.884502410888672,,,,,,,
37,,58549,,,,3.544851303100586,-15.946688652038574,-16.48100471496582,3.544851303100586,,
,,58599,,,423.98571968078613,,,,,,
,,58599,,28.490543365478516,,,,,,,
37,,58599,,,,3.545973062515259,-16.16208839416504,-16.677576065063477,3.545973062515259,,
,,58649,,,431.3936233520508,,,,,,
,,58649,,8.788347244262695,,,,,,,
37,,58649,,,,3.5514090061187744,-16.28080940246582,-16.79524803161621,3.5514090061187744,,
,,58699,,,426.2709617614746,,,,,,
,,58699,,26.234865188598633,,,,,,,
37,,58699,,,,3.554338216781616,-16.208538055419922,-16.711341857910156,3.554338216781616,,
,,58749,,,430.034875869751,,,,,,
,,58749,,8.673667907714844,,,,,,,
37,,58749,,,,3.5406136512756348,-15.985344886779785,-16.528656005859375,3.5406136512756348,,
,,58799,,,431.9283962249756,,,,,,
,,58799,,25.480985641479492,,,,,,,
37,,58799,,,,3.53891658782959,-15.916339874267578,-16.451269149780273,3.53891658782959,,
,,58849,,,434.25822257995605,,,,,,
,,58849,,8.208274841308594,,,,,,,
37,,58849,,,,3.561292886734009,-16.15093994140625,-16.65268325805664,3.561292886734009,,
,,58899,,,435.69326400756836,,,,,,
,,58899,,26.30448341369629,,,,,,,
37,,58899,,,,3.5503625869750977,-16.179508209228516,-16.694721221923828,3.5503625869750977,,
,,58949,,,436.8281364440918,,,,,,
,,58949,,8.40449333190918,,,,,,,
37,,58949,,,,3.5594518184661865,-16.130956649780273,-16.661266326904297,3.5594518184661865,,
,,58999,,,427.8852939605713,,,,,,
,,58999,,26.478052139282227,,,,,,,
37,,58999,,,,3.5490057468414307,-15.896445274353027,-16.412561416625977,3.5490057468414307,,
,,59049,,,431.1950206756592,,,,,,
,,59049,,8.494853973388672,,,,,,,
37,,59049,,,,3.545867919921875,-15.859546661376953,-16.39125633239746,3.545867919921875,,
,,59099,,,434.2670440673828,,,,,,
,,59099,,25.08831024169922,,,,,,,
37,,59099,,,,3.5495402812957764,-16.33870506286621,-16.852977752685547,3.5495402812957764,,
,,59149,,,430.0122261047363,,,,,,
,,59149,,8.199930191040039,,,,,,,
37,,59149,,,,3.5540640354156494,-15.998140335083008,-16.50804901123047,3.5540640354156494,,
,,59199,,,425.52876472473145,,,,,,
,,59199,,25.623083114624023,,,,,,,
37,,59199,,,,3.546586751937866,-16.36389923095703,-16.90478515625,3.546586751937866,,
,,59249,,,428.37023735046387,,,,,,
,,59249,,10.103464126586914,,,,,,,
37,,59249,,,,3.5492448806762695,-16.305011749267578,-16.83424186706543,3.5492448806762695,,
,,59299,,,434.9048137664795,,,,,,
,,59299,,29.504060745239258,,,,,,,
37,,59299,,,,3.5475432872772217,-16.00177001953125,-16.515169143676758,3.5475432872772217,,
,,59349,,,429.32915687561035,,,,,,
,,59349,,9.064912796020508,,,,,,,
37,,59349,,,,3.551793098449707,-15.896984100341797,-16.40286636352539,3.551793098449707,,
37,,59393,,,,,,,,-15.985018730163574,-16.423477172851562
,,59394,798.323545217514,,,,,,,,
,0.0003,59394,,,,,,,,,
,,59399,,,430.15503883361816,,,,,,
,,59399,,26.220083236694336,,,,,,,
38,,59399,,,,3.550835132598877,-16.340435028076172,-16.848987579345703,3.550835132598877,,
,,59449,,,439.05138969421387,,,,,,
,,59449,,8.320093154907227,,,,,,,
38,,59449,,,,3.550766944885254,-16.205894470214844,-16.745790481567383,3.550766944885254,,
,,59499,,,435.69254875183105,,,,,,
,,59499,,26.51238441467285,,,,,,,
38,,59499,,,,3.5393948554992676,-15.929058074951172,-16.44747543334961,3.5393948554992676,,
,,59549,,,426.41472816467285,,,,,,
,,59549,,10.09988784790039,,,,,,,
38,,59549,,,,3.5503435134887695,-15.833637237548828,-16.345212936401367,3.5503435134887695,,
,,59599,,,432.25646018981934,,,,,,
,,59599,,25.530338287353516,,,,,,,
38,,59599,,,,3.5428478717803955,-16.040912628173828,-16.564468383789062,3.5428478717803955,,
,,59649,,,431.5462112426758,,,,,,
,,59649,,8.766412734985352,,,,,,,
38,,59649,,,,3.5466432571411133,-16.341720581054688,-16.862756729125977,3.5466432571411133,,
,,59699,,,432.5697422027588,,,,,,
,,59699,,25.6044864654541,,,,,,,
38,,59699,,,,3.546218156814575,-15.967975616455078,-16.48651123046875,3.546218156814575,,
,,59749,,,432.4383735656738,,,,,,
,,59749,,9.035587310791016,,,,,,,
38,,59749,,,,3.5444631576538086,-15.805325508117676,-16.32098960876465,3.5444631576538086,,
,,59799,,,429.8901557922363,,,,,,
,,59799,,26.25870704650879,,,,,,,
38,,59799,,,,3.542818307876587,-15.97003173828125,-16.484867095947266,3.542818307876587,,
,,59849,,,431.05006217956543,,,,,,
,,59849,,8.609771728515625,,,,,,,
38,,59849,,,,3.5507328510284424,-15.508438110351562,-16.020111083984375,3.5507328510284424,,
,,59899,,,436.0480308532715,,,,,,
,,59899,,26.124000549316406,,,,,,,
38,,59899,,,,3.540842294692993,-16.13422393798828,-16.650815963745117,3.540842294692993,,
,,59949,,,432.6775074005127,,,,,,
,,59949,,9.655475616455078,,,,,,,
38,,59949,,,,3.551819324493408,-16.109519958496094,-16.635053634643555,3.551819324493408,,
,,59999,,,432.7371120452881,,,,,,
,,59999,,25.330781936645508,,,,,,,
38,,59999,,,,3.548940420150757,-16.02067756652832,-16.540800094604492,3.548940420150757,,
,,60049,,,430.91392517089844,,,,,,
,,60049,,8.90040397644043,,,,,,,
38,,60049,,,,3.549070358276367,-15.88580322265625,-16.39859390258789,3.549070358276367,,
,,60099,,,438.5247230529785,,,,,,
,,60099,,24.97720718383789,,,,,,,
38,,60099,,,,3.553661346435547,-16.164520263671875,-16.676942825317383,3.553661346435547,,
,,60149,,,423.3226776123047,,,,,,
,,60149,,8.016109466552734,,,,,,,
38,,60149,,,,3.5541584491729736,-16.357421875,-16.868133544921875,3.5541584491729736,,
,,60199,,,433.38775634765625,,,,,,
,,60199,,25.482654571533203,,,,,,,
38,,60199,,,,3.5384743213653564,-16.070711135864258,-16.594141006469727,3.5384743213653564,,
,,60249,,,423.6767292022705,,,,,,
,,60249,,7.735490798950195,,,,,,,
38,,60249,,,,3.5450353622436523,-16.282726287841797,-16.853384017944336,3.5450353622436523,,
,,60299,,,435.9157085418701,,,,,,
,,60299,,26.204824447631836,,,,,,,
38,,60299,,,,3.5512750148773193,-16.01969337463379,-16.541351318359375,3.5512750148773193,,
,,60349,,,435.21595001220703,,,,,,
,,60349,,7.999658584594727,,,,,,,
38,,60349,,,,3.546945095062256,-16.01217269897461,-16.51629638671875,3.546945095062256,,
,,60399,,,435.6403350830078,,,,,,
,,60399,,26.491403579711914,,,,,,,
38,,60399,,,,3.5423991680145264,-16.233360290527344,-16.75035285949707,3.5423991680145264,,
,,60449,,,428.44438552856445,,,,,,
,,60449,,7.813215255737305,,,,,,,
38,,60449,,,,3.5480797290802,-15.758209228515625,-16.280935287475586,3.5480797290802,,
,,60499,,,431.8552017211914,,,,,,
,,60499,,26.660680770874023,,,,,,,
38,,60499,,,,3.551880359649658,-15.874540328979492,-16.399625778198242,3.551880359649658,,
,,60549,,,431.7820072174072,,,,,,
,,60549,,8.386611938476562,,,,,,,
38,,60549,,,,3.5529985427856445,-15.907730102539062,-16.432600021362305,3.5529985427856445,,
,,60599,,,428.3254146575928,,,,,,
,,60599,,25.82693099975586,,,,,,,
38,,60599,,,,3.550553798675537,-16.126850128173828,-16.642845153808594,3.550553798675537,,
,,60649,,,432.1017265319824,,,,,,
,,60649,,9.995460510253906,,,,,,,
38,,60649,,,,3.5424909591674805,-16.085281372070312,-16.613405227661133,3.5424909591674805,,
,,60699,,,430.0391674041748,,,,,,
,,60699,,27.725696563720703,,,,,,,
38,,60699,,,,3.55247163772583,-15.99676513671875,-16.506629943847656,3.55247163772583,,
,,60749,,,429.08334732055664,,,,,,
,,60749,,9.200096130371094,,,,,,,
38,,60749,,,,3.5446417331695557,-16.389240264892578,-16.911376953125,3.5446417331695557,,
,,60799,,,436.06019020080566,,,,,,
,,60799,,25.564193725585938,,,,,,,
38,,60799,,,,3.542991876602173,-15.799991607666016,-16.320079803466797,3.542991876602173,,
,,60849,,,421.3263988494873,,,,,,
,,60849,,8.612632751464844,,,,,,,
38,,60849,,,,3.558148145675659,-16.123966217041016,-16.668867111206055,3.558148145675659,,
,,60899,,,427.3333549499512,,,,,,
,,60899,,26.798248291015625,,,,,,,
38,,60899,,,,3.5463507175445557,-16.1507568359375,-16.694364547729492,3.5463507175445557,,
,,60949,,,427.75678634643555,,,,,,
,,60949,,8.664846420288086,,,,,,,
38,,60949,,,,3.5456135272979736,-16.547916412353516,-17.0820255279541,3.5456135272979736,,
38,,60956,,,,,,,,-15.983067512512207,-16.420833587646484
,,60957,805.5250899791718,,,,,,,,
,0.0003,60957,,,,,,,,,
,,60999,,,428.0884265899658,,,,,,
,,60999,,26.63874626159668,,,,,,,
39,,60999,,,,3.5474061965942383,-15.919631004333496,-16.449859619140625,3.5474061965942383,,
,,61049,,,428.31993103027344,,,,,,
,,61049,,9.367704391479492,,,,,,,
39,,61049,,,,3.550285816192627,-15.817256927490234,-16.353200912475586,3.550285816192627,,
,,61099,,,427.63519287109375,,,,,,
,,61099,,26.869535446166992,,,,,,,
39,,61099,,,,3.547233819961548,-15.7447509765625,-16.279497146606445,3.547233819961548,,
,,61149,,,425.78959465026855,,,,,,
,,61149,,8.016586303710938,,,,,,,
39,,61149,,,,3.54894757270813,-16.004894256591797,-16.52400779724121,3.54894757270813,,
,,61199,,,432.27410316467285,,,,,,
,,61199,,29.822349548339844,,,,,,,
39,,61199,,,,3.549868106842041,-16.21533966064453,-16.750709533691406,3.549868106842041,,
,,61249,,,421.81897163391113,,,,,,
,,61249,,7.475852966308594,,,,,,,
39,,61249,,,,3.5492756366729736,-15.961380004882812,-16.477489471435547,3.5492756366729736,,
,,61299,,,426.4101982116699,,,,,,
,,61299,,26.451587677001953,,,,,,,
39,,61299,,,,3.5430572032928467,-15.988432884216309,-16.513673782348633,3.5430572032928467,,
,,61349,,,434.48495864868164,,,,,,
,,61349,,7.844209671020508,,,,,,,
39,,61349,,,,3.543442964553833,-16.30655288696289,-16.85176658630371,3.543442964553833,,
,,61399,,,430.8333396911621,,,,,,
,,61399,,25.72941780090332,,,,,,,
39,,61399,,,,3.5580315589904785,-15.892127990722656,-16.411476135253906,3.5580315589904785,,
,,61449,,,428.8444519042969,,,,,,
,,61449,,9.138345718383789,,,,,,,
39,,61449,,,,3.5450847148895264,-16.349933624267578,-16.861061096191406,3.5450847148895264,,
,,61499,,,410.50076484680176,,,,,,
,,61499,,22.906780242919922,,,,,,,
39,,61499,,,,3.5481035709381104,-16.18547248840332,-16.700773239135742,3.5481035709381104,,
,,61549,,,419.91519927978516,,,,,,
,,61549,,7.06791877746582,,,,,,,
39,,61549,,,,3.5447399616241455,-15.848771095275879,-16.36347770690918,3.5447399616241455,,
,,61599,,,411.4656448364258,,,,,,
,,61599,,25.28095245361328,,,,,,,
39,,61599,,,,3.544572114944458,-16.140321731567383,-16.65694236755371,3.544572114944458,,
,,61649,,,417.9408550262451,,,,,,
,,61649,,7.024526596069336,,,,,,,
39,,61649,,,,3.545966625213623,-16.103179931640625,-16.64351463317871,3.545966625213623,,
,,61699,,,415.8306121826172,,,,,,
,,61699,,27.985811233520508,,,,,,,
39,,61699,,,,3.5475850105285645,-16.528528213500977,-17.073266983032227,3.5475850105285645,,
,,61749,,,411.1971855163574,,,,,,
,,61749,,8.606195449829102,,,,,,,
39,,61749,,,,3.548086166381836,-16.125869750976562,-16.647979736328125,3.548086166381836,,
,,61799,,,413.5921001434326,,,,,,
,,61799,,27.65488624572754,,,,,,,
39,,61799,,,,3.5493719577789307,-16.20831298828125,-16.72425079345703,3.5493719577789307,,
,,61849,,,419.8741912841797,,,,,,
,,61849,,7.234811782836914,,,,,,,
39,,61849,,,,3.551337242126465,-15.822877883911133,-16.369140625,3.551337242126465,,
,,61899,,,415.44556617736816,,,,,,
,,61899,,28.23615074157715,,,,,,,
39,,61899,,,,3.555392265319824,-15.720549583435059,-16.24224853515625,3.555392265319824,,
,,61949,,,412.2800827026367,,,,,,
,,61949,,7.785320281982422,,,,,,,
39,,61949,,,,3.5490834712982178,-16.094234466552734,-16.61602210998535,3.5490834712982178,,
,,61999,,,418.0893898010254,,,,,,
,,61999,,29.2208194732666,,,,,,,
39,,61999,,,,3.5561296939849854,-16.0810546875,-16.600046157836914,3.5561296939849854,,
,,62049,,,415.00091552734375,,,,,,
,,62049,,8.129119873046875,,,,,,,
39,,62049,,,,3.554163694381714,-15.899077415466309,-16.427227020263672,3.554163694381714,,
,,62099,,,417.7665710449219,,,,,,
,,62099,,24.61385726928711,,,,,,,
39,,62099,,,,3.5535247325897217,-15.924568176269531,-16.44832420349121,3.5535247325897217,,
,,62149,,,417.0188903808594,,,,,,
,,62149,,7.931709289550781,,,,,,,
39,,62149,,,,3.557426691055298,-16.249263763427734,-16.751258850097656,3.557426691055298,,
,,62199,,,418.7281131744385,,,,,,
,,62199,,25.388479232788086,,,,,,,
39,,62199,,,,3.558495044708252,-16.07436752319336,-16.596532821655273,3.558495044708252,,
,,62249,,,408.618688583374,,,,,,
,,62249,,6.913661956787109,,,,,,,
39,,62249,,,,3.549696683883667,-15.927143096923828,-16.447141647338867,3.549696683883667,,
,,62299,,,412.27197647094727,,,,,,
,,62299,,22.696256637573242,,,,,,,
39,,62299,,,,3.55153489112854,-15.932537078857422,-16.440610885620117,3.55153489112854,,
,,62349,,,412.3568534851074,,,,,,
,,62349,,8.70370864868164,,,,,,,
39,,62349,,,,3.543734073638916,-16.420063018798828,-16.953617095947266,3.543734073638916,,
,,62399,,,416.4440631866455,,,,,,
,,62399,,27.35161781311035,,,,,,,
39,,62399,,,,3.5451555252075195,-16.16774559020996,-16.69997215270996,3.5451555252075195,,
,,62449,,,414.65234756469727,,,,,,
,,62449,,7.36236572265625,,,,,,,
39,,62449,,,,3.5427021980285645,-15.86759090423584,-16.416519165039062,3.5427021980285645,,
,,62499,,,412.40906715393066,,,,,,
,,62499,,27.216434478759766,,,,,,,
39,,62499,,,,3.548583984375,-15.76010513305664,-16.304180145263672,3.548583984375,,
39,,62519,,,,,,,,-15.983038902282715,-16.422927856445312
,,62520,789.0965147018433,,,,,,,,
,0.0003,62520,,,,,,,,,
,,62549,,,407.3312282562256,,,,,,
,,62549,,7.045507431030273,,,,,,,
40,,62549,,,,3.5505802631378174,-15.654706001281738,-16.175098419189453,3.5505802631378174,,
,,62599,,,412.46747970581055,,,,,,
,,62599,,24.729490280151367,,,,,,,
40,,62599,,,,3.5487987995147705,-16.193418502807617,-16.719655990600586,3.5487987995147705,,
,,62649,,,408.05530548095703,,,,,,
,,62649,,6.712913513183594,,,,,,,
40,,62649,,,,3.5566892623901367,-16.253664016723633,-16.76608657836914,3.5566892623901367,,
,,62699,,,411.26084327697754,,,,,,
,,62699,,25.125503540039062,,,,,,,
40,,62699,,,,3.5502870082855225,-16.090641021728516,-16.608444213867188,3.5502870082855225,,
,,62749,,,432.47151374816895,,,,,,
,,62749,,9.829282760620117,,,,,,,
40,,62749,,,,3.5554356575012207,-16.182254791259766,-16.6946964263916,3.5554356575012207,,
,,62799,,,432.25860595703125,,,,,,
,,62799,,26.17025375366211,,,,,,,
40,,62799,,,,3.5564982891082764,-15.90713119506836,-16.439434051513672,3.5564982891082764,,
,,62849,,,429.2910099029541,,,,,,
,,62849,,8.655786514282227,,,,,,,
40,,62849,,,,3.540724754333496,-16.171066284179688,-16.678009033203125,3.540724754333496,,
,,62899,,,435.7273578643799,,,,,,
,,62899,,28.296470642089844,,,,,,,
40,,62899,,,,3.5539238452911377,-16.16619873046875,-16.688230514526367,3.5539238452911377,,
,,62949,,,419.97718811035156,,,,,,
,,62949,,8.435249328613281,,,,,,,
40,,62949,,,,3.5460588932037354,-16.0650634765625,-16.566484451293945,3.5460588932037354,,
,,62999,,,421.7643737792969,,,,,,
,,62999,,27.326583862304688,,,,,,,
40,,62999,,,,3.5475926399230957,-16.10708999633789,-16.646095275878906,3.5475926399230957,,
,,63049,,,417.90771484375,,,,,,
,,63049,,8.37397575378418,,,,,,,
40,,63049,,,,3.543412923812866,-15.71312141418457,-16.21120262145996,3.543412923812866,,
,,63099,,,420.3155040740967,,,,,,
,,63099,,27.9080867767334,,,,,,,
40,,63099,,,,3.549550771713257,-15.762826919555664,-16.26640510559082,3.549550771713257,,
,,63149,,,428.68685722351074,,,,,,
,,63149,,8.898735046386719,,,,,,,
40,,63149,,,,3.548708915710449,-16.081783294677734,-16.61648178100586,3.548708915710449,,
,,63199,,,432.1579933166504,,,,,,
,,63199,,26.708602905273438,,,,,,,
40,,63199,,,,3.54886794090271,-16.307035446166992,-16.82038116455078,3.54886794090271,,
,,63249,,,428.1790256500244,,,,,,
,,63249,,7.701396942138672,,,,,,,
40,,63249,,,,3.550785541534424,-16.266345977783203,-16.788782119750977,3.550785541534424,,
,,63299,,,433.79783630371094,,,,,,
,,63299,,25.91872215270996,,,,,,,
40,,63299,,,,3.551584482192993,-16.111696243286133,-16.649169921875,3.551584482192993,,
,,63349,,,429.462194442749,,,,,,
,,63349,,9.215354919433594,,,,,,,
40,,63349,,,,3.5499255657196045,-16.26222038269043,-16.803117752075195,3.5499255657196045,,
,,63399,,,432.2340488433838,,,,,,
,,63399,,26.096105575561523,,,,,,,
40,,63399,,,,3.5518412590026855,-15.781027793884277,-16.337196350097656,3.5518412590026855,,
,,63449,,,434.56125259399414,,,,,,
,,63449,,10.156869888305664,,,,,,,
40,,63449,,,,3.5548925399780273,-15.81589126586914,-16.33734893798828,3.5548925399780273,,
,,63499,,,434.5118999481201,,,,,,
,,63499,,26.15189552307129,,,,,,,
40,,63499,,,,3.5506439208984375,-16.226587295532227,-16.7559757232666,3.5506439208984375,,
,,63549,,,425.43745040893555,,,,,,
,,63549,,9.888887405395508,,,,,,,
40,,63549,,,,3.5481016635894775,-16.04838752746582,-16.545726776123047,3.5481016635894775,,
,,63599,,,433.1033229827881,,,,,,
,,63599,,25.342464447021484,,,,,,,
40,,63599,,,,3.544137477874756,-16.641746520996094,-17.169330596923828,3.544137477874756,,
,,63649,,,430.6628704071045,,,,,,
,,63649,,8.700132369995117,,,,,,,
40,,63649,,,,3.5567245483398438,-15.80951976776123,-16.336538314819336,3.5567245483398438,,
,,63699,,,416.6290760040283,,,,,,
,,63699,,25.328874588012695,,,,,,,
40,,63699,,,,3.5488548278808594,-16.116722106933594,-16.645280838012695,3.5488548278808594,,
,,63749,,,419.1098213195801,,,,,,
,,63749,,8.643865585327148,,,,,,,
40,,63749,,,,3.545142412185669,-16.15019989013672,-16.658920288085938,3.545142412185669,,
,,63799,,,421.7722415924072,,,,,,
,,63799,,28.920888900756836,,,,,,,
40,,63799,,,,3.5420751571655273,-15.793609619140625,-16.309417724609375,3.5420751571655273,,
,,63849,,,418.1077480316162,,,,,,
,,63849,,8.813858032226562,,,,,,,
40,,63849,,,,3.550978660583496,-15.879131317138672,-16.408119201660156,3.550978660583496,,
,,63899,,,417.96326637268066,,,,,,
,,63899,,29.00862693786621,,,,,,,
40,,63899,,,,3.545271635055542,-16.265052795410156,-16.788869857788086,3.545271635055542,,
,,63949,,,415.99321365356445,,,,,,
,,63949,,6.93964958190918,,,,,,,
40,,63949,,,,3.5409257411956787,-16.09749412536621,-16.618268966674805,3.5409257411956787,,
,,63999,,,403.90968322753906,,,,,,
,,63999,,23.23746681213379,,,,,,,
40,,63999,,,,3.54897141456604,-15.894956588745117,-16.41734504699707,3.54897141456604,,
,,64049,,,408.0476760864258,,,,,,
,,64049,,5.518913269042969,,,,,,,
40,,64049,,,,3.5562543869018555,-15.805085182189941,-16.35125732421875,3.5562543869018555,,
40,,64082,,,,,,,,-15.974920272827148,-16.40810203552246
,,64083,793.2486836910248,,,,,,,,
,0.0003,64083,,,,,,,,,
,,64099,,,406.2309265136719,,,,,,
,,64099,,22.63617515563965,,,,,,,
41,,64099,,,,3.5528807640075684,-15.774824142456055,-16.307327270507812,3.5528807640075684,,
,,64149,,,404.3302536010742,,,,,,
,,64149,,5.449056625366211,,,,,,,
41,,64149,,,,3.5522613525390625,-15.951711654663086,-16.43865394592285,3.5522613525390625,,
,,64199,,,402.39500999450684,,,,,,
,,64199,,24.63841438293457,,,,,,,
41,,64199,,,,3.5480284690856934,-16.326080322265625,-16.828237533569336,3.5480284690856934,,
,,64249,,,411.6535186767578,,,,,,
,,64249,,8.354425430297852,,,,,,,
41,,64249,,,,3.5427165031433105,-15.910078048706055,-16.456844329833984,3.5427165031433105,,
,,64299,,,410.0010395050049,,,,,,
,,64299,,24.384737014770508,,,,,,,
41,,64299,,,,3.5485680103302,-16.069334030151367,-16.585599899291992,3.5485680103302,,
,,64349,,,412.88161277770996,,,,,,
,,64349,,6.613016128540039,,,,,,,
41,,64349,,,,3.551966428756714,-16.292613983154297,-16.80292510986328,3.551966428756714,,
,,64399,,,399.1434574127197,,,,,,
,,64399,,26.335716247558594,,,,,,,
41,,64399,,,,3.5410642623901367,-16.008743286132812,-16.54012680053711,3.5410642623901367,,
,,64449,,,408.39672088623047,,,,,,
,,64449,,7.91621208190918,,,,,,,
41,,64449,,,,3.5454320907592773,-16.0748291015625,-16.605487823486328,3.5454320907592773,,
,,64499,,,403.5491943359375,,,,,,
,,64499,,25.196075439453125,,,,,,,
41,,64499,,,,3.5507848262786865,-16.182418823242188,-16.692481994628906,3.5507848262786865,,
,,64549,,,403.65147590637207,,,,,,
,,64549,,5.342006683349609,,,,,,,
41,,64549,,,,3.5522165298461914,-16.42007064819336,-16.952653884887695,3.5522165298461914,,
,,64599,,,407.91773796081543,,,,,,
,,64599,,22.827863693237305,,,,,,,
41,,64599,,,,3.538645029067993,-16.03984832763672,-16.55943489074707,3.538645029067993,,
,,64649,,,410.11643409729004,,,,,,
,,64649,,5.674123764038086,,,,,,,
41,,64649,,,,3.552480459213257,-16.417884826660156,-16.91889190673828,3.552480459213257,,
,,64699,,,400.0682830810547,,,,,,
,,64699,,26.457786560058594,,,,,,,
41,,64699,,,,3.5439586639404297,-16.30374526977539,-16.813385009765625,3.5439586639404297,,
,,64749,,,407.10902214050293,,,,,,
,,64749,,5.588531494140625,,,,,,,
41,,64749,,,,3.5481581687927246,-16.241897583007812,-16.76487159729004,3.5481581687927246,,
,,64799,,,405.0734043121338,,,,,,
,,64799,,22.629261016845703,,,,,,,
41,,64799,,,,3.545062780380249,-15.680411338806152,-16.1859130859375,3.545062780380249,,
,,64849,,,408.3709716796875,,,,,,
,,64849,,7.434844970703125,,,,,,,
41,,64849,,,,3.540445566177368,-16.044475555419922,-16.566587448120117,3.540445566177368,,
,,64899,,,410.0933074951172,,,,,,
,,64899,,24.204730987548828,,,,,,,
41,,64899,,,,3.548090934753418,-15.999213218688965,-16.58271598815918,3.548090934753418,,
,,64949,,,409.12890434265137,,,,,,
,,64949,,6.810665130615234,,,,,,,
41,,64949,,,,3.541229248046875,-16.125560760498047,-16.64632225036621,3.541229248046875,,
,,64999,,,403.6297798156738,,,,,,
,,64999,,24.916648864746094,,,,,,,
41,,64999,,,,3.5421159267425537,-15.78424072265625,-16.32183074951172,3.5421159267425537,,
,,65049,,,404.5300483703613,,,,,,
,,65049,,5.341529846191406,,,,,,,
41,,65049,,,,3.5477917194366455,-15.981796264648438,-16.51801872253418,3.5477917194366455,,
,,65099,,,409.7561836242676,,,,,,
,,65099,,22.981882095336914,,,,,,,
41,,65099,,,,3.5492663383483887,-16.202003479003906,-16.747636795043945,3.5492663383483887,,
,,65149,,,411.3037586212158,,,,,,
,,65149,,6.767511367797852,,,,,,,
41,,65149,,,,3.547050714492798,-16.114547729492188,-16.644466400146484,3.547050714492798,,
,,65199,,,399.3675708770752,,,,,,
,,65199,,23.35834503173828,,,,,,,
41,,65199,,,,3.536871910095215,-16.168899536132812,-16.71051788330078,3.536871910095215,,
,,65249,,,398.4560966491699,,,,,,
,,65249,,5.363941192626953,,,,,,,
41,,65249,,,,3.5517959594726562,-15.978111267089844,-16.50698471069336,3.5517959594726562,,
,,65299,,,407.6392650604248,,,,,,
,,65299,,24.737834930419922,,,,,,,
41,,65299,,,,3.5512194633483887,-15.760332107543945,-16.273344039916992,3.5512194633483887,,
,,65349,,,405.1826000213623,,,,,,
,,65349,,5.649089813232422,,,,,,,
41,,65349,,,,3.549075126647949,-16.11994171142578,-16.64051628112793,3.549075126647949,,
,,65399,,,408.46800804138184,,,,,,
,,65399,,27.43244171142578,,,,,,,
41,,65399,,,,3.5525431632995605,-15.772226333618164,-16.289060592651367,3.5525431632995605,,
,,65449,,,402.93002128601074,,,,,,
,,65449,,8.116483688354492,,,,,,,
41,,65449,,,,3.5480613708496094,-15.767830848693848,-16.29853630065918,3.5480613708496094,,
,,65499,,,406.45885467529297,,,,,,
,,65499,,27.51326560974121,,,,,,,
41,,65499,,,,3.5520007610321045,-15.754554748535156,-16.274261474609375,3.5520007610321045,,
,,65549,,,431.00547790527344,,,,,,
,,65549,,8.347272872924805,,,,,,,
41,,65549,,,,3.545510768890381,-15.532980918884277,-16.04293441772461,3.545510768890381,,
,,65599,,,433.11524391174316,,,,,,
,,65599,,30.411243438720703,,,,,,,
41,,65599,,,,3.544497013092041,-15.938358306884766,-16.444040298461914,3.544497013092041,,
41,,65645,,,,,,,,-15.985116004943848,-16.420867919921875
,,65646,770.8768262863159,,,,,,,,
,0.0003,65646,,,,,,,,,
,,65649,,,431.82373046875,,,,,,
,,65649,,9.808063507080078,,,,,,,
42,,65649,,,,3.557227611541748,-16.06723403930664,-16.570051193237305,3.557227611541748,,
,,65699,,,436.6576671600342,,,,,,
,,65699,,30.731916427612305,,,,,,,
42,,65699,,,,3.5538101196289062,-16.382369995117188,-16.904970169067383,3.5538101196289062,,
,,65749,,,436.0220432281494,,,,,,
,,65749,,8.491992950439453,,,,,,,
42,,65749,,,,3.5474162101745605,-15.930347442626953,-16.458934783935547,3.5474162101745605,,
,,65799,,,438.42506408691406,,,,,,
,,65799,,26.6420841217041,,,,,,,
42,,65799,,,,3.541904926300049,-15.915589332580566,-16.434619903564453,3.541904926300049,,
,,65849,,,434.71264839172363,,,,,,
,,65849,,9.999275207519531,,,,,,,
42,,65849,,,,3.550255298614502,-16.192577362060547,-16.688329696655273,3.550255298614502,,
,,65899,,,428.70497703552246,,,,,,
,,65899,,25.78902244567871,,,,,,,
42,,65899,,,,3.549877643585205,-15.89395523071289,-16.42176628112793,3.549877643585205,,
,,65949,,,435.2579116821289,,,,,,
,,65949,,9.964704513549805,,,,,,,
42,,65949,,,,3.549269914627075,-15.802515029907227,-16.29710578918457,3.549269914627075,,
,,65999,,,431.0445785522461,,,,,,
,,65999,,27.035236358642578,,,,,,,
42,,65999,,,,3.545825481414795,-16.302738189697266,-16.824235916137695,3.545825481414795,,
,,66049,,,434.6306324005127,,,,,,
,,66049,,8.923530578613281,,,,,,,
42,,66049,,,,3.54681134223938,-16.537328720092773,-17.04519271850586,3.54681134223938,,
,,66099,,,432.0237636566162,,,,,,
,,66099,,30.743122100830078,,,,,,,
42,,66099,,,,3.5490050315856934,-16.012554168701172,-16.547130584716797,3.5490050315856934,,
,,66149,,,432.7867031097412,,,,,,
,,66149,,7.857322692871094,,,,,,,
42,,66149,,,,3.5527186393737793,-15.62519645690918,-16.141008377075195,3.5527186393737793,,
,,66199,,,432.33537673950195,,,,,,
,,66199,,26.97300910949707,,,,,,,
42,,66199,,,,3.5363011360168457,-16.113176345825195,-16.658100128173828,3.5363011360168457,,
,,66249,,,431.1177730560303,,,,,,
,,66249,,9.101390838623047,,,,,,,
42,,66249,,,,3.544182300567627,-16.10675621032715,-16.616741180419922,3.544182300567627,,
,,66299,,,426.8608093261719,,,,,,
,,66299,,26.684045791625977,,,,,,,
42,,66299,,,,3.541884660720825,-15.975603103637695,-16.4796199798584,3.541884660720825,,
,,66349,,,428.03049087524414,,,,,,
,,66349,,9.422540664672852,,,,,,,
42,,66349,,,,3.544609546661377,-16.250640869140625,-16.768049240112305,3.544609546661377,,
,,66399,,,435.0268840789795,,,,,,
,,66399,,25.528430938720703,,,,,,,
42,,66399,,,,3.548478126525879,-15.971293449401855,-16.48611068725586,3.548478126525879,,
,,66449,,,431.31494522094727,,,,,,
,,66449,,8.439779281616211,,,,,,,
42,,66449,,,,3.547375440597534,-16.41461181640625,-16.931598663330078,3.547375440597534,,
,,66499,,,429.2898178100586,,,,,,
,,66499,,26.772022247314453,,,,,,,
42,,66499,,,,3.551947593688965,-15.898430824279785,-16.393457412719727,3.551947593688965,,
,,66549,,,429.37397956848145,,,,,,
,,66549,,7.925271987915039,,,,,,,
42,,66549,,,,3.549077033996582,-16.288467407226562,-16.79985237121582,3.549077033996582,,
,,66599,,,432.19685554504395,,,,,,
,,66599,,26.82352066040039,,,,,,,
42,,66599,,,,3.5392906665802,-15.968199729919434,-16.48555564880371,3.5392906665802,,
,,66649,,,430.27663230895996,,,,,,
,,66649,,8.209705352783203,,,,,,,
42,,66649,,,,3.554842472076416,-16.15801429748535,-16.691591262817383,3.554842472076416,,
,,66699,,,430.403470993042,,,,,,
,,66699,,27.407407760620117,,,,,,,
42,,66699,,,,3.551666259765625,-16.12356185913086,-16.619916915893555,3.551666259765625,,
,,66749,,,425.48108100891113,,,,,,
,,66749,,8.414268493652344,,,,,,,
42,,66749,,,,3.5469045639038086,-15.882946014404297,-16.38996696472168,3.5469045639038086,,
,,66799,,,430.33361434936523,,,,,,
,,66799,,26.63254737854004,,,,,,,
42,,66799,,,,3.5444653034210205,-16.239490509033203,-16.73890495300293,3.5444653034210205,,
,,66849,,,429.9328327178955,,,,,,
,,66849,,7.868051528930664,,,,,,,
42,,66849,,,,3.5454893112182617,-16.497692108154297,-17.014101028442383,3.5454893112182617,,
,,66899,,,427.8607368469238,,,,,,
,,66899,,26.723623275756836,,,,,,,
42,,66899,,,,3.554637908935547,-15.828721046447754,-16.33875846862793,3.554637908935547,,
,,66949,,,429.98743057250977,,,,,,
,,66949,,8.405923843383789,,,,,,,
42,,66949,,,,3.5440657138824463,-15.833220481872559,-16.34750747680664,3.5440657138824463,,
,,66999,,,437.7110004425049,,,,,,
,,66999,,29.34408187866211,,,,,,,
42,,66999,,,,3.540266752243042,-16.055194854736328,-16.57464027404785,3.540266752243042,,
,,67049,,,440.0978088378906,,,,,,
,,67049,,9.774208068847656,,,,,,,
42,,67049,,,,3.5412533283233643,-16.16268539428711,-16.707584381103516,3.5412533283233643,,
,,67099,,,433.12644958496094,,,,,,
,,67099,,27.601242065429688,,,,,,,
42,,67099,,,,3.540907621383667,-16.345348358154297,-16.857812881469727,3.540907621383667,,
,,67149,,,418.3483123779297,,,,,,
,,67149,,6.999969482421875,,,,,,,
42,,67149,,,,3.545109272003174,-16.000717163085938,-16.540557861328125,3.545109272003174,,
,,67199,,,408.8435173034668,,,,,,
,,67199,,27.65941619873047,,,,,,,
42,,67199,,,,3.5436902046203613,-16.21841049194336,-16.72665023803711,3.5436902046203613,,
42,,67208,,,,,,,,-16.00897789001465,-16.453189849853516
,,67209,806.4747071266174,,,,,,,,
,0.0003,67209,,,,,,,,,
,,67249,,,413.1639003753662,,,,,,
,,67249,,6.718158721923828,,,,,,,
43,,67249,,,,3.552663564682007,-15.890129089355469,-16.40699577331543,3.552663564682007,,
,,67299,,,411.649227142334,,,,,,
,,67299,,24.892807006835938,,,,,,,
43,,67299,,,,3.5490128993988037,-16.056934356689453,-16.582834243774414,3.5490128993988037,,
,,67349,,,412.9457473754883,,,,,,
,,67349,,6.793498992919922,,,,,,,
43,,67349,,,,3.5522689819335938,-15.939485549926758,-16.46291732788086,3.5522689819335938,,
,,67399,,,411.8695259094238,,,,,,
,,67399,,25.34770965576172,,,,,,,
43,,67399,,,,3.544914722442627,-16.23358154296875,-16.74131965637207,3.544914722442627,,
,,67449,,,406.9404602050781,,,,,,
,,67449,,8.207082748413086,,,,,,,
43,,67449,,,,3.5398125648498535,-15.862947463989258,-16.37232780456543,3.5398125648498535,,
,,67499,,,421.26989364624023,,,,,,
,,67499,,29.488801956176758,,,,,,,
43,,67499,,,,3.5531859397888184,-15.66595458984375,-16.17094612121582,3.5531859397888184,,
,,67549,,,434.4637393951416,,,,,,
,,67549,,9.07278060913086,,,,,,,
43,,67549,,,,3.5471959114074707,-15.7161226272583,-16.241621017456055,3.5471959114074707,,
,,67599,,,431.20622634887695,,,,,,
,,67599,,26.388168334960938,,,,,,,
43,,67599,,,,3.549851655960083,-15.728133201599121,-16.245773315429688,3.549851655960083,,
,,67649,,,424.9265193939209,,,,,,
,,67649,,9.046554565429688,,,,,,,
43,,67649,,,,3.5536534786224365,-15.472725868225098,-16.000761032104492,3.5536534786224365,,
,,67699,,,424.5603084564209,,,,,,
,,67699,,28.043508529663086,,,,,,,
43,,67699,,,,3.535533905029297,-15.874566078186035,-16.378875732421875,3.535533905029297,,
,,67749,,,426.47361755371094,,,,,,
,,67749,,8.35108757019043,,,,,,,
43,,67749,,,,3.5526866912841797,-15.883095741271973,-16.395780563354492,3.5526866912841797,,
,,67799,,,425.74191093444824,,,,,,
,,67799,,26.38387680053711,,,,,,,
43,,67799,,,,3.5474863052368164,-16.17172622680664,-16.70817756652832,3.5474863052368164,,
,,67849,,,425.78649520874023,,,,,,
,,67849,,8.530139923095703,,,,,,,
43,,67849,,,,3.550318717956543,-15.839519500732422,-16.368223190307617,3.550318717956543,,
,,67899,,,429.5344352722168,,,,,,
,,67899,,25.355815887451172,,,,,,,
43,,67899,,,,3.548776149749756,-16.023086547851562,-16.516521453857422,3.548776149749756,,
,,67949,,,425.3823757171631,,,,,,
,,67949,,7.561206817626953,,,,,,,
43,,67949,,,,3.55367112159729,-16.05692481994629,-16.56903839111328,3.55367112159729,,
,,67999,,,427.8686046600342,,,,,,
,,67999,,26.175498962402344,,,,,,,
43,,67999,,,,3.5503618717193604,-16.239830017089844,-16.75069236755371,3.5503618717193604,,
,,68049,,,430.80687522888184,,,,,,
,,68049,,8.395910263061523,,,,,,,
43,,68049,,,,3.533646583557129,-16.312572479248047,-16.82998275756836,3.533646583557129,,
,,68099,,,427.5956153869629,,,,,,
,,68099,,25.472640991210938,,,,,,,
43,,68099,,,,3.5430715084075928,-16.02276611328125,-16.53517723083496,3.5430715084075928,,
,,68149,,,431.17356300354004,,,,,,
,,68149,,8.334636688232422,,,,,,,
43,,68149,,,,3.547266721725464,-16.021562576293945,-16.546642303466797,3.547266721725464,,
,,68199,,,433.67719650268555,,,,,,
,,68199,,25.609731674194336,,,,,,,
43,,68199,,,,3.5399932861328125,-15.982436180114746,-16.50151824951172,3.5399932861328125,,
,,68249,,,422.8079319000244,,,,,,
,,68249,,9.717226028442383,,,,,,,
43,,68249,,,,3.5497350692749023,-15.760262489318848,-16.259315490722656,3.5497350692749023,,
,,68299,,,432.7061176300049,,,,,,
,,68299,,27.2061824798584,,,,,,,
43,,68299,,,,3.5505027770996094,-16.141992568969727,-16.64610481262207,3.5505027770996094,,
,,68349,,,431.3626289367676,,,,,,
,,68349,,8.143186569213867,,,,,,,
43,,68349,,,,3.5465526580810547,-15.868387222290039,-16.390628814697266,3.5465526580810547,,
,,68399,,,431.87999725341797,,,,,,
,,68399,,26.39627456665039,,,,,,,
43,,68399,,,,3.5518736839294434,-15.79664421081543,-16.298513412475586,3.5518736839294434,,
,,68449,,,434.5254898071289,,,,,,
,,68449,,8.494138717651367,,,,,,,
43,,68449,,,,3.5431981086730957,-15.764812469482422,-16.289562225341797,3.5431981086730957,,
,,68499,,,434.49902534484863,,,,,,
,,68499,,27.06623077392578,,,,,,,
43,,68499,,,,3.553114891052246,-16.145641326904297,-16.678050994873047,3.553114891052246,,
,,68549,,,434.67211723327637,,,,,,
,,68549,,7.653713226318359,,,,,,,
43,,68549,,,,3.547977924346924,-16.29749298095703,-16.796457290649414,3.547977924346924,,
,,68599,,,426.0890483856201,,,,,,
,,68599,,25.365352630615234,,,,,,,
43,,68599,,,,3.545743227005005,-16.609699249267578,-17.127614974975586,3.545743227005005,,
,,68649,,,432.07788467407227,,,,,,
,,68649,,9.357452392578125,,,,,,,
43,,68649,,,,3.543030261993408,-16.118022918701172,-16.61874771118164,3.543030261993408,,
,,68699,,,436.1584186553955,,,,,,
,,68699,,26.292800903320312,,,,,,,
43,,68699,,,,3.545374870300293,-16.21746826171875,-16.725650787353516,3.545374870300293,,
,,68749,,,430.7999610900879,,,,,,
,,68749,,7.807254791259766,,,,,,,
43,,68749,,,,3.5506815910339355,-15.741829872131348,-16.262916564941406,3.5506815910339355,,
43,,68771,,,,,,,,-15.971518516540527,-16.402812957763672
,,68772,798.2284259796143,,,,,,,,
,0.0003,68772,,,,,,,,,
,,68799,,,422.1770763397217,,,,,,
,,68799,,25.097131729125977,,,,,,,
44,,68799,,,,3.5551552772521973,-16.150053024291992,-16.659420013427734,3.5551552772521973,,
,,68849,,,428.85661125183105,,,,,,
,,68849,,9.508371353149414,,,,,,,
44,,68849,,,,3.552109956741333,-16.182987213134766,-16.6854190826416,3.552109956741333,,
,,68899,,,425.71020126342773,,,,,,
,,68899,,25.353431701660156,,,,,,,
44,,68899,,,,3.5536069869995117,-15.689666748046875,-16.21291160583496,3.5536069869995117,,
,,68949,,,427.3250102996826,,,,,,
,,68949,,8.340597152709961,,,,,,,
44,,68949,,,,3.5393776893615723,-16.13850212097168,-16.66151237487793,3.5393776893615723,,
,,68999,,,434.57794189453125,,,,,,
,,68999,,28.76114845275879,,,,,,,
44,,68999,,,,3.5477263927459717,-15.773720741271973,-16.274930953979492,3.5477263927459717,,
,,69049,,,429.856538772583,,,,,,
,,69049,,8.818387985229492,,,,,,,
44,,69049,,,,3.5384764671325684,-16.297414779663086,-16.81155014038086,3.5384764671325684,,
,,69099,,,430.79066276550293,,,,,,
,,69099,,26.03316307067871,,,,,,,
44,,69099,,,,3.54396915435791,-16.03201675415039,-16.549224853515625,3.54396915435791,,
,,69149,,,432.6646327972412,,,,,,
,,69149,,8.376598358154297,,,,,,,
44,,69149,,,,3.5478978157043457,-15.84908676147461,-16.361738204956055,3.5478978157043457,,
,,69199,,,429.4168949127197,,,,,,
,,69199,,27.267932891845703,,,,,,,
44,,69199,,,,3.5571062564849854,-16.019676208496094,-16.544940948486328,3.5571062564849854,,
,,69249,,,428.0412197113037,,,,,,
,,69249,,8.530378341674805,,,,,,,
44,,69249,,,,3.5547571182250977,-15.829893112182617,-16.36140251159668,3.5547571182250977,,
,,69299,,,429.6107292175293,,,,,,
,,69299,,27.14991569519043,,,,,,,
44,,69299,,,,3.5455102920532227,-15.89691162109375,-16.43105125427246,3.5455102920532227,,
,,69349,,,433.06589126586914,,,,,,
,,69349,,8.22901725769043,,,,,,,
44,,69349,,,,3.5472991466522217,-16.020000457763672,-16.530216217041016,3.5472991466522217,,
,,69399,,,430.4194450378418,,,,,,
,,69399,,26.950836181640625,,,,,,,
44,,69399,,,,3.5440597534179688,-15.70108699798584,-16.208032608032227,3.5440597534179688,,
,,69449,,,433.7198734283447,,,,,,
,,69449,,9.291410446166992,,,,,,,
44,,69449,,,,3.541996479034424,-16.125205993652344,-16.644073486328125,3.541996479034424,,
,,69499,,,427.3672103881836,,,,,,
,,69499,,27.35757827758789,,,,,,,
44,,69499,,,,3.5403990745544434,-16.14750099182129,-16.65874671936035,3.5403990745544434,,
,,69549,,,433.65001678466797,,,,,,
,,69549,,8.675575256347656,,,,,,,
44,,69549,,,,3.5501763820648193,-15.84663200378418,-16.36102294921875,3.5501763820648193,,
,,69599,,,428.7881851196289,,,,,,
,,69599,,26.56388282775879,,,,,,,
44,,69599,,,,3.5517165660858154,-16.15145492553711,-16.672801971435547,3.5517165660858154,,
,,69649,,,423.24280738830566,,,,,,
,,69649,,8.020639419555664,,,,,,,
44,,69649,,,,3.5392560958862305,-15.655498504638672,-16.173198699951172,3.5392560958862305,,
,,69699,,,433.99882316589355,,,,,,
,,69699,,25.880813598632812,,,,,,,
44,,69699,,,,3.5407512187957764,-16.257463455200195,-16.78476333618164,3.5407512187957764,,
,,69749,,,435.7106685638428,,,,,,
,,69749,,8.633613586425781,,,,,,,
44,,69749,,,,3.547760009765625,-16.116493225097656,-16.635997772216797,3.547760009765625,,
,,69799,,,433.75396728515625,,,,,,
,,69799,,28.11431884765625,,,,,,,
44,,69799,,,,3.549532890319824,-16.157039642333984,-16.674091339111328,3.549532890319824,,
,,69849,,,424.8359203338623,,,,,,
,,69849,,8.894205093383789,,,,,,,
44,,69849,,,,3.5527758598327637,-15.783486366271973,-16.312484741210938,3.5527758598327637,,
,,69899,,,431.57267570495605,,,,,,
,,69899,,26.264429092407227,,,,,,,
44,,69899,,,,3.55246639251709,-16.153610229492188,-16.66258430480957,3.55246639251709,,
,,69949,,,426.83982849121094,,,,,,
,,69949,,7.831573486328125,,,,,,,
44,,69949,,,,3.5426928997039795,-15.85208511352539,-16.361007690429688,3.5426928997039795,,
,,69999,,,423.88224601745605,,,,,,
,,69999,,25.540590286254883,,,,,,,
44,,69999,,,,3.5518205165863037,-16.146928787231445,-16.666114807128906,3.5518205165863037,,
,,70049,,,423.4919548034668,,,,,,
,,70049,,7.94219970703125,,,,,,,
44,,70049,,,,3.5500547885894775,-16.13042640686035,-16.6739501953125,3.5500547885894775,,
,,70099,,,422.9722023010254,,,,,,
,,70099,,25.25782585144043,,,,,,,
44,,70099,,,,3.548496723175049,-16.223403930664062,-16.755353927612305,3.548496723175049,,
,,70149,,,427.3197650909424,,,,,,
,,70149,,10.294914245605469,,,,,,,
44,,70149,,,,3.54440975189209,-16.18888282775879,-16.680524826049805,3.54440975189209,,
,,70199,,,432.36684799194336,,,,,,
,,70199,,25.908708572387695,,,,,,,
44,,70199,,,,3.547152280807495,-16.16411590576172,-16.685382843017578,3.547152280807495,,
,,70249,,,429.36253547668457,,,,,,
,,70249,,7.982015609741211,,,,,,,
44,,70249,,,,3.5484514236450195,-15.665553092956543,-16.151611328125,3.5484514236450195,,
,,70299,,,433.38680267333984,,,,,,
,,70299,,26.447534561157227,,,,,,,
44,,70299,,,,3.5487170219421387,-15.715014457702637,-16.232221603393555,3.5487170219421387,,
44,,70334,,,,,,,,-15.973206520080566,-16.402978897094727
,,70335,806.0909359455109,,,,,,,,
,0.0003,70335,,,,,,,,,
,,70349,,,437.5169277191162,,,,,,
,,70349,,8.462667465209961,,,,,,,
45,,70349,,,,3.551744222640991,-16.19933319091797,-16.724390029907227,3.551744222640991,,
,,70399,,,431.92601203918457,,,,,,
,,70399,,25.29740333557129,,,,,,,
45,,70399,,,,3.5504117012023926,-15.71734619140625,-16.241601943969727,3.5504117012023926,,
,,70449,,,422.98197746276855,,,,,,
,,70449,,7.950544357299805,,,,,,,
45,,70449,,,,3.5515193939208984,-16.087507247924805,-16.61286163330078,3.5515193939208984,,
,,70499,,,423.1381416320801,,,,,,
,,70499,,25.571346282958984,,,,,,,
45,,70499,,,,3.5485339164733887,-15.870052337646484,-16.41622543334961,3.5485339164733887,,
,,70549,,,428.46179008483887,,,,,,
,,70549,,8.69441032409668,,,,,,,
45,,70549,,,,3.5508556365966797,-16.21947479248047,-16.731945037841797,3.5508556365966797,,
,,70599,,,424.20029640197754,,,,,,
,,70599,,25.638818740844727,,,,,,,
45,,70599,,,,3.54666805267334,-16.039112091064453,-16.52745246887207,3.54666805267334,,
,,70649,,,428.8146495819092,,,,,,
,,70649,,8.078575134277344,,,,,,,
45,,70649,,,,3.555601119995117,-15.567615509033203,-16.093046188354492,3.555601119995117,,
,,70699,,,436.3243579864502,,,,,,
,,70699,,28.470516204833984,,,,,,,
45,,70699,,,,3.5468053817749023,-16.121004104614258,-16.65260124206543,3.5468053817749023,,
,,70749,,,431.02169036865234,,,,,,
,,70749,,9.37509536743164,,,,,,,
45,,70749,,,,3.5507054328918457,-16.2447566986084,-16.763107299804688,3.5507054328918457,,
,,70799,,,433.8648319244385,,,,,,
,,70799,,25.766372680664062,,,,,,,
45,,70799,,,,3.5488743782043457,-16.035907745361328,-16.544189453125,3.5488743782043457,,
,,70849,,,428.01523208618164,,,,,,
,,70849,,8.738040924072266,,,,,,,
45,,70849,,,,3.55108642578125,-16.44878387451172,-16.970048904418945,3.55108642578125,,
,,70899,,,425.76026916503906,,,,,,
,,70899,,26.276111602783203,,,,,,,
45,,70899,,,,3.5486037731170654,-16.376976013183594,-16.90654182434082,3.5486037731170654,,
,,70949,,,435.2846145629883,,,,,,
,,70949,,8.642196655273438,,,,,,,
45,,70949,,,,3.5526041984558105,-16.229412078857422,-16.74159049987793,3.5526041984558105,,
,,70999,,,426.97930335998535,,,,,,
,,70999,,26.45421028137207,,,,,,,
45,,70999,,,,3.548532009124756,-16.013521194458008,-16.52326774597168,3.548532009124756,,
,,71049,,,429.6259880065918,,,,,,
,,71049,,7.653713226318359,,,,,,,
45,,71049,,,,3.5482232570648193,-15.672221183776855,-16.178091049194336,3.5482232570648193,,
,,71099,,,429.9960136413574,,,,,,
,,71099,,25.023460388183594,,,,,,,
45,,71099,,,,3.556468963623047,-15.722122192382812,-16.21590805053711,3.556468963623047,,
,,71149,,,426.2280464172363,,,,,,
,,71149,,9.706497192382812,,,,,,,
45,,71149,,,,3.5445306301116943,-16.40179443359375,-16.902063369750977,3.5445306301116943,,
,,71199,,,429.396390914917,,,,,,
,,71199,,27.316808700561523,,,,,,,
45,,71199,,,,3.549180030822754,-15.840977668762207,-16.34890365600586,3.549180030822754,,
,,71249,,,431.8280220031738,,,,,,
,,71249,,9.659528732299805,,,,,,,
45,,71249,,,,3.551011800765991,-15.811058044433594,-16.32789421081543,3.551011800765991,,
,,71299,,,438.19189071655273,,,,,,
,,71299,,25.831222534179688,,,,,,,
45,,71299,,,,3.5497851371765137,-16.555295944213867,-17.047109603881836,3.5497851371765137,,
,,71349,,,427.1247386932373,,,,,,
,,71349,,7.526397705078125,,,,,,,
45,,71349,,,,3.554842233657837,-15.93399715423584,-16.432132720947266,3.554842233657837,,
,,71399,,,423.45523834228516,,,,,,
,,71399,,25.240182876586914,,,,,,,
45,,71399,,,,3.542940855026245,-15.75822639465332,-16.2642822265625,3.542940855026245,,
,,71449,,,428.10511589050293,,,,,,
,,71449,,9.563684463500977,,,,,,,
45,,71449,,,,3.5498945713043213,-16.020706176757812,-16.51677131652832,3.5498945713043213,,
,,71499,,,428.8337230682373,,,,,,
,,71499,,26.43418312072754,,,,,,,
45,,71499,,,,3.540487051010132,-16.34581184387207,-16.869226455688477,3.540487051010132,,
,,71549,,,423.1724739074707,,,,,,
,,71549,,8.11910629272461,,,,,,,
45,,71549,,,,3.5383760929107666,-16.147747039794922,-16.653648376464844,3.5383760929107666,,
,,71599,,,421.2820529937744,,,,,,
,,71599,,24.86872673034668,,,,,,,
45,,71599,,,,3.5477123260498047,-15.814074516296387,-16.339712142944336,3.5477123260498047,,
,,71649,,,425.9970188140869,,,,,,
,,71649,,9.311437606811523,,,,,,,
45,,71649,,,,3.5469839572906494,-15.935544967651367,-16.459970474243164,3.5469839572906494,,
,,71699,,,429.51488494873047,,,,,,
,,71699,,25.894880294799805,,,,,,,
45,,71699,,,,3.5449070930480957,-15.93673324584961,-16.444597244262695,3.5449070930480957,,
,,71749,,,422.2531318664551,,,,,,
,,71749,,8.478164672851562,,,,,,,
45,,71749,,,,3.5551681518554688,-16.05461883544922,-16.583227157592773,3.5551681518554688,,
,,71799,,,429.6443462371826,,,,,,
,,71799,,35.904645919799805,,,,,,,
45,,71799,,,,3.546715021133423,-16.05974578857422,-16.553159713745117,3.546715021133423,,
,,71849,,,424.24845695495605,,,,,,
,,71849,,7.687091827392578,,,,,,,
45,,71849,,,,3.5488057136535645,-15.846799850463867,-16.35222816467285,3.5488057136535645,,
45,,71897,,,,,,,,-15.982368469238281,-16.414165496826172
,,71898,803.4684722423553,,,,,,,,
,0.0003,71898,,,,,,,,,
,,71899,,,423.2492446899414,,,,,,
,,71899,,27.096986770629883,,,,,,,
46,,71899,,,,3.5499255657196045,-16.464622497558594,-16.989215850830078,3.5499255657196045,,
,,71949,,,431.33068084716797,,,,,,
,,71949,,8.542060852050781,,,,,,,
46,,71949,,,,3.54321551322937,-16.16562843322754,-16.675334930419922,3.54321551322937,,
,,71999,,,434.769868850708,,,,,,
,,71999,,25.829315185546875,,,,,,,
46,,71999,,,,3.5482139587402344,-16.04096031188965,-16.549182891845703,3.5482139587402344,,
,,72049,,,433.24828147888184,,,,,,
,,72049,,8.09025764465332,,,,,,,
46,,72049,,,,3.552218437194824,-15.674896240234375,-16.236164093017578,3.552218437194824,,
,,72099,,,431.3995838165283,,,,,,
,,72099,,26.5347957611084,,,,,,,
46,,72099,,,,3.541644811630249,-15.684290885925293,-16.216381072998047,3.541644811630249,,
,,72149,,,431.2286376953125,,,,,,
,,72149,,8.394479751586914,,,,,,,
46,,72149,,,,3.54555344581604,-16.232402801513672,-16.738943099975586,3.54555344581604,,
,,72199,,,426.7868995666504,,,,,,
,,72199,,27.323484420776367,,,,,,,
46,,72199,,,,3.5369865894317627,-16.31043243408203,-16.82782745361328,3.5369865894317627,,
,,72249,,,433.9947700500488,,,,,,
,,72249,,9.264707565307617,,,,,,,
46,,72249,,,,3.545158624649048,-15.775238990783691,-16.275062561035156,3.545158624649048,,
,,72299,,,434.0074062347412,,,,,,
,,72299,,25.67577362060547,,,,,,,
46,,72299,,,,3.5482146739959717,-15.76457405090332,-16.279396057128906,3.5482146739959717,,
,,72349,,,443.12310218811035,,,,,,
,,72349,,8.934974670410156,,,,,,,
46,,72349,,,,3.5372416973114014,-16.00811767578125,-16.51752471923828,3.5372416973114014,,
,,72399,,,432.93309211730957,,,,,,
,,72399,,25.664329528808594,,,,,,,
46,,72399,,,,3.5416200160980225,-16.210996627807617,-16.719196319580078,3.5416200160980225,,
,,72449,,,427.37603187561035,,,,,,
,,72449,,7.903575897216797,,,,,,,
46,,72449,,,,3.5531651973724365,-16.28122901916504,-16.804147720336914,3.5531651973724365,,
,,72499,,,430.9401512145996,,,,,,
,,72499,,26.86786651611328,,,,,,,
46,,72499,,,,3.53796648979187,-15.75792407989502,-16.277647018432617,3.53796648979187,,
,,72549,,,423.2792854309082,,,,,,
,,72549,,7.741451263427734,,,,,,,
46,,72549,,,,3.553842067718506,-15.963817596435547,-16.47146987915039,3.553842067718506,,
,,72599,,,428.9243221282959,,,,,,
,,72599,,27.141571044921875,,,,,,,
46,,72599,,,,3.5447335243225098,-15.91312026977539,-16.433698654174805,3.5447335243225098,,
,,72649,,,433.0294132232666,,,,,,
,,72649,,8.459091186523438,,,,,,,
46,,72649,,,,3.541203498840332,-15.812235832214355,-16.323257446289062,3.541203498840332,,
,,72699,,,428.2724857330322,,,,,,
,,72699,,25.896549224853516,,,,,,,
46,,72699,,,,3.53373646736145,-15.813017845153809,-16.30461883544922,3.53373646736145,,
,,72749,,,421.8728542327881,,,,,,
,,72749,,9.038448333740234,,,,,,,
46,,72749,,,,3.549062490463257,-15.949529647827148,-16.45136833190918,3.549062490463257,,
,,72799,,,429.7327995300293,,,,,,
,,72799,,26.767969131469727,,,,,,,
46,,72799,,,,3.5455808639526367,-16.449626922607422,-16.974668502807617,3.5455808639526367,,
,,72849,,,430.30261993408203,,,,,,
,,72849,,8.716821670532227,,,,,,,
46,,72849,,,,3.5481069087982178,-15.88189697265625,-16.396841049194336,3.5481069087982178,,
,,72899,,,434.94510650634766,,,,,,
,,72899,,26.697158813476562,,,,,,,
46,,72899,,,,3.549139976501465,-16.084972381591797,-16.586528778076172,3.549139976501465,,
,,72949,,,429.02088165283203,,,,,,
,,72949,,8.170604705810547,,,,,,,
46,,72949,,,,3.54988956451416,-15.818766593933105,-16.359525680541992,3.54988956451416,,
,,72999,,,425.5635738372803,,,,,,
,,72999,,24.929523468017578,,,,,,,
46,,72999,,,,3.5353527069091797,-16.485687255859375,-17.01711654663086,3.5353527069091797,,
,,73049,,,429.6247959136963,,,,,,
,,73049,,8.014440536499023,,,,,,,
46,,73049,,,,3.5519320964813232,-16.13835334777832,-16.65058708190918,3.5519320964813232,,
,,73099,,,430.1929473876953,,,,,,
,,73099,,28.013229370117188,,,,,,,
46,,73099,,,,3.5456788539886475,-15.942997932434082,-16.471498489379883,3.5456788539886475,,
,,73149,,,427.7210235595703,,,,,,
,,73149,,7.895708084106445,,,,,,,
46,,73149,,,,3.553652286529541,-15.858804702758789,-16.383344650268555,3.553652286529541,,
,,73199,,,432.63840675354004,,,,,,
,,73199,,28.078079223632812,,,,,,,
46,,73199,,,,3.5411999225616455,-15.996139526367188,-16.498811721801758,3.5411999225616455,,
,,73249,,,427.8409481048584,,,,,,
,,73249,,8.391618728637695,,,,,,,
46,,73249,,,,3.5502378940582275,-15.896570205688477,-16.3972110748291,3.5502378940582275,,
,,73299,,,428.62582206726074,,,,,,
,,73299,,27.40645408630371,,,,,,,
46,,73299,,,,3.550945281982422,-16.446533203125,-16.95130729675293,3.550945281982422,,
,,73349,,,429.3534755706787,,,,,,
,,73349,,8.459806442260742,,,,,,,
46,,73349,,,,3.5460405349731445,-15.976895332336426,-16.481786727905273,3.5460405349731445,,
,,73399,,,418.79963874816895,,,,,,
,,73399,,29.562711715698242,,,,,,,
46,,73399,,,,3.546440362930298,-15.908487319946289,-16.406471252441406,3.546440362930298,,
,,73449,,,417.46020317077637,,,,,,
,,73449,,8.606195449829102,,,,,,,
46,,73449,,,,3.5472705364227295,-16.03037452697754,-16.528520584106445,3.5472705364227295,,
46,,73460,,,,,,,,-15.980173110961914,-16.411314010620117
,,73461,805.1864454746246,,,,,,,,
,0.0003,73461,,,,,,,,,
,,73499,,,424.5879650115967,,,,,,
,,73499,,26.648283004760742,,,,,,,
47,,73499,,,,3.5468051433563232,-16.289222717285156,-16.81509780883789,3.5468051433563232,,
,,73549,,,430.59372901916504,,,,,,
,,73549,,8.630990982055664,,,,,,,
47,,73549,,,,3.547072410583496,-16.733013153076172,-17.239744186401367,3.547072410583496,,
,,73599,,,417.00148582458496,,,,,,
,,73599,,24.047374725341797,,,,,,,
47,,73599,,,,3.5458784103393555,-15.887272834777832,-16.42207908630371,3.5458784103393555,,
,,73649,,,413.7852191925049,,,,,,
,,73649,,8.049726486206055,,,,,,,
47,,73649,,,,3.5522303581237793,-15.868841171264648,-16.378202438354492,3.5522303581237793,,
,,73699,,,410.14885902404785,,,,,,
,,73699,,22.861003875732422,,,,,,,
47,,73699,,,,3.546698570251465,-15.759987831115723,-16.26937484741211,3.546698570251465,,
,,73749,,,407.7494144439697,,,,,,
,,73749,,6.757974624633789,,,,,,,
47,,73749,,,,3.547785520553589,-16.02135467529297,-16.522993087768555,3.547785520553589,,
,,73799,,,410.31646728515625,,,,,,
,,73799,,24.498939514160156,,,,,,,
47,,73799,,,,3.546194076538086,-16.22897720336914,-16.746976852416992,3.546194076538086,,
,,73849,,,410.43829917907715,,,,,,
,,73849,,6.427288055419922,,,,,,,
47,,73849,,,,3.5525012016296387,-15.941625595092773,-16.426984786987305,3.5525012016296387,,
,,73899,,,404.6471118927002,,,,,,
,,73899,,22.917985916137695,,,,,,,
47,,73899,,,,3.55769944190979,-15.839838027954102,-16.334877014160156,3.55769944190979,,
,,73949,,,407.40013122558594,,,,,,
,,73949,,6.731748580932617,,,,,,,
47,,73949,,,,3.5598509311676025,-16.058574676513672,-16.568241119384766,3.5598509311676025,,
,,73999,,,403.9299488067627,,,,,,
,,73999,,25.437355041503906,,,,,,,
47,,73999,,,,3.555558443069458,-16.150760650634766,-16.653076171875,3.555558443069458,,
,,74049,,,408.21170806884766,,,,,,
,,74049,,8.25357437133789,,,,,,,
47,,74049,,,,3.5463647842407227,-15.850040435791016,-16.365079879760742,3.5463647842407227,,
,,74099,,,405.46536445617676,,,,,,
,,74099,,29.038429260253906,,,,,,,
47,,74099,,,,3.5460569858551025,-16.287681579589844,-16.792036056518555,3.5460569858551025,,
,,74149,,,396.66056632995605,,,,,,
,,74149,,7.637262344360352,,,,,,,
47,,74149,,,,3.550623893737793,-15.872629165649414,-16.385440826416016,3.550623893737793,,
,,74199,,,396.87466621398926,,,,,,
,,74199,,23.40245246887207,,,,,,,
47,,74199,,,,3.54848575592041,-16.28241729736328,-16.784168243408203,3.54848575592041,,
,,74249,,,406.282901763916,,,,,,
,,74249,,5.5675506591796875,,,,,,,
47,,74249,,,,3.549114227294922,-15.70162582397461,-16.226238250732422,3.549114227294922,,
,,74299,,,410.7060432434082,,,,,,
,,74299,,24.19447898864746,,,,,,,
47,,74299,,,,3.545433282852173,-16.202594757080078,-16.7221622467041,3.545433282852173,,
,,74349,,,409.05094146728516,,,,,,
,,74349,,7.650136947631836,,,,,,,
47,,74349,,,,3.548441171646118,-16.2949275970459,-16.812864303588867,3.548441171646118,,
,,74399,,,407.8824520111084,,,,,,
,,74399,,25.47764778137207,,,,,,,
47,,74399,,,,3.5477960109710693,-15.85091781616211,-16.377737045288086,3.5477960109710693,,
,,74449,,,404.10852432250977,,,,,,
,,74449,,5.45048713684082,,,,,,,
47,,74449,,,,3.5432934761047363,-15.835958480834961,-16.350038528442383,3.5432934761047363,,
,,74499,,,408.00023078918457,,,,,,
,,74499,,24.918317794799805,,,,,,,
47,,74499,,,,3.5440263748168945,-15.590612411499023,-16.105724334716797,3.5440263748168945,,
,,74549,,,416.90945625305176,,,,,,
,,74549,,6.82520866394043,,,,,,,
47,,74549,,,,3.555605888366699,-16.00735092163086,-16.49920654296875,3.555605888366699,,
,,74599,,,414.17646408081055,,,,,,
,,74599,,27.751445770263672,,,,,,,
47,,74599,,,,3.545480966567993,-15.818395614624023,-16.322256088256836,3.545480966567993,,
,,74649,,,404.5751094818115,,,,,,
,,74649,,8.1939697265625,,,,,,,
47,,74649,,,,3.537461519241333,-15.949222564697266,-16.446962356567383,3.537461519241333,,
,,74699,,,406.0544967651367,,,,,,
,,74699,,28.560400009155273,,,,,,,
47,,74699,,,,3.535268545150757,-15.909576416015625,-16.43072509765625,3.535268545150757,,
,,74749,,,409.6524715423584,,,,,,
,,74749,,6.434440612792969,,,,,,,
47,,74749,,,,3.551823139190674,-15.927653312683105,-16.433509826660156,3.551823139190674,,
,,74799,,,401.42321586608887,,,,,,
,,74799,,22.87149429321289,,,,,,,
47,,74799,,,,3.5437004566192627,-15.994365692138672,-16.500629425048828,3.5437004566192627,,
,,74849,,,410.89844703674316,,,,,,
,,74849,,5.489587783813477,,,,,,,
47,,74849,,,,3.5405476093292236,-16.3288516998291,-16.852581024169922,3.5405476093292236,,
,,74899,,,411.70787811279297,,,,,,
,,74899,,25.159358978271484,,,,,,,
47,,74899,,,,3.5521373748779297,-15.847719192504883,-16.339069366455078,3.5521373748779297,,
,,74949,,,402.31871604919434,,,,,,
,,74949,,8.294105529785156,,,,,,,
47,,74949,,,,3.5453758239746094,-15.964879989624023,-16.457088470458984,3.5453758239746094,,
,,74999,,,415.2669906616211,,,,,,
,,74999,,27.146100997924805,,,,,,,
47,,74999,,,,3.544265031814575,-15.710545539855957,-16.225629806518555,3.544265031814575,,
47,,75023,,,,,,,,-15.967710494995117,-16.39368438720703
,,75024,773.4967863559723,,,,,,,,
,0.0003,75024,,,,,,,,,
,,75049,,,401.1726379394531,,,,,,
,,75049,,8.350610733032227,,,,,,,
48,,75049,,,,3.547386646270752,-16.254865646362305,-16.782176971435547,3.547386646270752,,
,,75099,,,400.87342262268066,,,,,,
,,75099,,22.796630859375,,,,,,,
48,,75099,,,,3.5482053756713867,-16.005149841308594,-16.513383865356445,3.5482053756713867,,
,,75149,,,401.1111259460449,,,,,,
,,75149,,5.585432052612305,,,,,,,
48,,75149,,,,3.5475802421569824,-16.243831634521484,-16.74529457092285,3.5475802421569824,,
,,75199,,,411.304235458374,,,,,,
,,75199,,28.107404708862305,,,,,,,
48,,75199,,,,3.547663450241089,-16.096176147460938,-16.599016189575195,3.547663450241089,,
,,75249,,,399.5671272277832,,,,,,
,,75249,,5.436182022094727,,,,,,,
48,,75249,,,,3.554943561553955,-16.20819091796875,-16.71321678161621,3.554943561553955,,
,,75299,,,410.9160900115967,,,,,,
,,75299,,24.906158447265625,,,,,,,
48,,75299,,,,3.5491631031036377,-15.92380142211914,-16.458263397216797,3.5491631031036377,,
,,75349,,,405.8494567871094,,,,,,
,,75349,,5.467414855957031,,,,,,,
48,,75349,,,,3.5474979877471924,-16.004257202148438,-16.519609451293945,3.5474979877471924,,
,,75399,,,407.8233242034912,,,,,,
,,75399,,24.665355682373047,,,,,,,
48,,75399,,,,3.537898540496826,-16.192829132080078,-16.690519332885742,3.537898540496826,,
,,75449,,,412.86516189575195,,,,,,
,,75449,,7.076263427734375,,,,,,,
48,,75449,,,,3.5523009300231934,-15.825691223144531,-16.36481285095215,3.5523009300231934,,
,,75499,,,401.66640281677246,,,,,,
,,75499,,29.011249542236328,,,,,,,
48,,75499,,,,3.5518717765808105,-15.997316360473633,-16.51712989807129,3.5518717765808105,,
,,75549,,,405.08556365966797,,,,,,
,,75549,,6.568193435668945,,,,,,,
48,,75549,,,,3.5564959049224854,-15.686995506286621,-16.20143699645996,3.5564959049224854,,
,,75599,,,411.75007820129395,,,,,,
,,75599,,25.01821517944336,,,,,,,
48,,75599,,,,3.5429162979125977,-16.278026580810547,-16.79205322265625,3.5429162979125977,,
,,75649,,,407.3312282562256,,,,,,
,,75649,,5.438804626464844,,,,,,,
48,,75649,,,,3.5452358722686768,-15.299893379211426,-15.810856819152832,3.5452358722686768,,
,,75699,,,407.1159362792969,,,,,,
,,75699,,24.5363712310791,,,,,,,
48,,75699,,,,3.5442090034484863,-16.249191284179688,-16.747331619262695,3.5442090034484863,,
,,75749,,,407.07898139953613,,,,,,
,,75749,,8.04591178894043,,,,,,,
48,,75749,,,,3.548828125,-16.277202606201172,-16.79759407043457,3.548828125,,
,,75799,,,401.80373191833496,,,,,,
,,75799,,23.099899291992188,,,,,,,
48,,75799,,,,3.548738956451416,-15.954840660095215,-16.45501708984375,3.548738956451416,,
,,75849,,,404.6213626861572,,,,,,
,,75849,,5.452394485473633,,,,,,,
48,,75849,,,,3.553173065185547,-16.058765411376953,-16.561779022216797,3.553173065185547,,
,,75899,,,401.2115001678467,,,,,,
,,75899,,22.809743881225586,,,,,,,
48,,75899,,,,3.5462646484375,-16.004322052001953,-16.51511573791504,3.5462646484375,,
,,75949,,,413.9533042907715,,,,,,
,,75949,,8.268594741821289,,,,,,,
48,,75949,,,,3.556144952774048,-15.896069526672363,-16.4014892578125,3.556144952774048,,
,,75999,,,402.7104377746582,,,,,,
,,75999,,22.711992263793945,,,,,,,
48,,75999,,,,3.5457818508148193,-15.849696159362793,-16.361370086669922,3.5457818508148193,,
,,76049,,,400.8820056915283,,,,,,
,,76049,,7.181882858276367,,,,,,,
48,,76049,,,,3.54970121383667,-16.336994171142578,-16.835491180419922,3.54970121383667,,
,,76099,,,405.9126377105713,,,,,,
,,76099,,22.731781005859375,,,,,,,
48,,76099,,,,3.5478355884552,-16.06954574584961,-16.566417694091797,3.5478355884552,,
,,76149,,,396.12698554992676,,,,,,
,,76149,,5.497217178344727,,,,,,,
48,,76149,,,,3.5515105724334717,-15.896331787109375,-16.40367317199707,3.5515105724334717,,
,,76199,,,395.9546089172363,,,,,,
,,76199,,22.872447967529297,,,,,,,
48,,76199,,,,3.55696702003479,-16.25970458984375,-16.76288414001465,3.55696702003479,,
,,76249,,,398.96607398986816,,,,,,
,,76249,,7.06791877746582,,,,,,,
48,,76249,,,,3.545051097869873,-16.15398406982422,-16.666797637939453,3.545051097869873,,
,,76299,,,409.282922744751,,,,,,
,,76299,,26.535511016845703,,,,,,,
48,,76299,,,,3.5425660610198975,-16.067981719970703,-16.594974517822266,3.5425660610198975,,
,,76349,,,404.5259952545166,,,,,,
,,76349,,8.25047492980957,,,,,,,
48,,76349,,,,3.5490658283233643,-15.99754524230957,-16.524946212768555,3.5490658283233643,,
,,76399,,,414.1519069671631,,,,,,
,,76399,,27.120351791381836,,,,,,,
48,,76399,,,,3.5521514415740967,-16.15657615661621,-16.65283966064453,3.5521514415740967,,
,,76449,,,405.2009582519531,,,,,,
,,76449,,8.51893424987793,,,,,,,
48,,76449,,,,3.548348903656006,-16.16837501525879,-16.71430206298828,3.548348903656006,,
,,76499,,,409.33775901794434,,,,,,
,,76499,,24.896860122680664,,,,,,,
48,,76499,,,,3.550428628921509,-16.181615829467773,-16.675207138061523,3.550428628921509,,
,,76549,,,407.47570991516113,,,,,,
,,76549,,7.308483123779297,,,,,,,
48,,76549,,,,3.545865297317505,-15.726472854614258,-16.245641708374023,3.545865297317505,,
48,,76586,,,,,,,,-15.975869178771973,-16.401845932006836
,,76587,764.8971812725067,,,,,,,,
,0.0003,76587,,,,,,,,,
,,76599,,,403.2328128814697,,,,,,
,,76599,,27.714252471923828,,,,,,,
49,,76599,,,,3.5496578216552734,-16.067014694213867,-16.57274627685547,3.5496578216552734,,
,,76649,,,405.5502414703369,,,,,,
,,76649,,7.803916931152344,,,,,,,
49,,76649,,,,3.5409538745880127,-16.228538513183594,-16.74339485168457,3.5409538745880127,,
,,76699,,,401.3397693634033,,,,,,
,,76699,,22.736787796020508,,,,,,,
49,,76699,,,,3.551408529281616,-16.243553161621094,-16.762144088745117,3.551408529281616,,
,,76749,,,403.179407119751,,,,,,
,,76749,,5.316734313964844,,,,,,,
49,,76749,,,,3.548696279525757,-16.170686721801758,-16.690458297729492,3.548696279525757,,
,,76799,,,409.56759452819824,,,,,,
,,76799,,28.691530227661133,,,,,,,
49,,76799,,,,3.538038969039917,-16.215576171875,-16.732025146484375,3.538038969039917,,
,,76849,,,403.72538566589355,,,,,,
,,76849,,6.715536117553711,,,,,,,
49,,76849,,,,3.5412745475769043,-16.363019943237305,-16.887632369995117,3.5412745475769043,,
,,76899,,,405.747652053833,,,,,,
,,76899,,23.05889129638672,,,,,,,
49,,76899,,,,3.549884557723999,-15.884878158569336,-16.3927001953125,3.549884557723999,,
,,76949,,,409.2905521392822,,,,,,
,,76949,,5.776405334472656,,,,,,,
49,,76949,,,,3.553622007369995,-16.054851531982422,-16.564830780029297,3.553622007369995,,
,,76999,,,403.6524295806885,,,,,,
,,76999,,24.141788482666016,,,,,,,
49,,76999,,,,3.5538527965545654,-16.226158142089844,-16.73902702331543,3.5538527965545654,,
,,77049,,,397.3963260650635,,,,,,
,,77049,,6.730794906616211,,,,,,,
49,,77049,,,,3.5488524436950684,-15.99285888671875,-16.508913040161133,3.5488524436950684,,
,,77099,,,412.0461940765381,,,,,,
,,77099,,25.524139404296875,,,,,,,
49,,77099,,,,3.5459306240081787,-15.987883567810059,-16.51300621032715,3.5459306240081787,,
,,77149,,,403.0492305755615,,,,,,
,,77149,,5.3768157958984375,,,,,,,
49,,77149,,,,3.54356050491333,-16.07534408569336,-16.597909927368164,3.54356050491333,,
,,77199,,,401.4730453491211,,,,,,
,,77199,,22.79973030090332,,,,,,,
49,,77199,,,,3.5468950271606445,-15.508462905883789,-16.014204025268555,3.5468950271606445,,
,,77249,,,400.2504348754883,,,,,,
,,77249,,5.388498306274414,,,,,,,
49,,77249,,,,3.548480749130249,-16.028379440307617,-16.53314208984375,3.548480749130249,,
,,77299,,,408.95628929138184,,,,,,
,,77299,,27.945756912231445,,,,,,,
49,,77299,,,,3.5477852821350098,-15.84290885925293,-16.359786987304688,3.5477852821350098,,
,,77349,,,399.66893196105957,,,,,,
,,77349,,5.467653274536133,,,,,,,
49,,77349,,,,3.5544610023498535,-16.074716567993164,-16.580562591552734,3.5544610023498535,,
,,77399,,,406.3560962677002,,,,,,
,,77399,,22.85313606262207,,,,,,,
49,,77399,,,,3.5442748069763184,-16.119434356689453,-16.64348030090332,3.5442748069763184,,
,,77449,,,396.64387702941895,,,,,,
,,77449,,7.152318954467773,,,,,,,
49,,77449,,,,3.5545287132263184,-16.357118606567383,-16.861127853393555,3.5545287132263184,,
,,77499,,,404.9849510192871,,,,,,
,,77499,,25.691747665405273,,,,,,,
49,,77499,,,,3.5418248176574707,-16.25254249572754,-16.735090255737305,3.5418248176574707,,
,,77549,,,403.90539169311523,,,,,,
,,77549,,8.154153823852539,,,,,,,
49,,77549,,,,3.554373025894165,-16.288345336914062,-16.793781280517578,3.554373025894165,,
,,77599,,,405.70616722106934,,,,,,
,,77599,,24.753332138061523,,,,,,,
49,,77599,,,,3.547602415084839,-15.991434097290039,-16.506088256835938,3.547602415084839,,
,,77649,,,414.6277904510498,,,,,,
,,77649,,8.345603942871094,,,,,,,
49,,77649,,,,3.550992012023926,-15.846979141235352,-16.357175827026367,3.550992012023926,,
,,77699,,,411.3140106201172,,,,,,
,,77699,,25.16770362854004,,,,,,,
49,,77699,,,,3.5452678203582764,-16.209716796875,-16.707256317138672,3.5452678203582764,,
,,77749,,,416.6848659515381,,,,,,
,,77749,,9.035825729370117,,,,,,,
49,,77749,,,,3.55092453956604,-15.792135238647461,-16.307668685913086,3.55092453956604,,
,,77799,,,411.8671417236328,,,,,,
,,77799,,26.732444763183594,,,,,,,
49,,77799,,,,3.550548553466797,-15.943561553955078,-16.455930709838867,3.550548553466797,,
,,77849,,,404.3140411376953,,,,,,
,,77849,,5.548238754272461,,,,,,,
49,,77849,,,,3.5483837127685547,-16.141948699951172,-16.683692932128906,3.5483837127685547,,
,,77899,,,406.6591262817383,,,,,,
,,77899,,27.92525291442871,,,,,,,
49,,77899,,,,3.5511066913604736,-16.168201446533203,-16.6773681640625,3.5511066913604736,,
,,77949,,,417.4847602844238,,,,,,
,,77949,,6.977319717407227,,,,,,,
49,,77949,,,,3.550729990005493,-15.731689453125,-16.239871978759766,3.550729990005493,,
,,77999,,,422.32799530029297,,,,,,
,,77999,,27.70376205444336,,,,,,,
49,,77999,,,,3.5528039932250977,-16.08892059326172,-16.59854507446289,3.5528039932250977,,
,,78049,,,418.13039779663086,,,,,,
,,78049,,6.599187850952148,,,,,,,
49,,78049,,,,3.553673028945923,-16.07375717163086,-16.583404541015625,3.553673028945923,,
,,78099,,,413.9072895050049,,,,,,
,,78099,,25.017499923706055,,,,,,,
49,,78099,,,,3.5508904457092285,-16.091079711914062,-16.6037540435791,3.5508904457092285,,
,,78149,,,414.3202304840088,,,,,,
,,78149,,7.288694381713867,,,,,,,
49,,78149,,,,3.5624170303344727,-15.816497802734375,-16.337413787841797,3.5624170303344727,,
49,,78149,,,,,,,,-15.96919059753418,-16.39246368408203
,,78150,769.5666425228119,,,,,,,,
,0.0003,78150,,,,,,,,,
,,78199,,,414.52884674072266,,,,,,
,,78199,,23.54288101196289,,,,,,,
50,,78199,,,,3.5408949851989746,-16.09231948852539,-16.600292205810547,3.5408949851989746,,
,,78249,,,414.8907661437988,,,,,,
,,78249,,7.569074630737305,,,,,,,
50,,78249,,,,3.5465056896209717,-15.864655494689941,-16.368316650390625,3.5465056896209717,,
,,78299,,,414.9003028869629,,,,,,
,,78299,,24.878263473510742,,,,,,,
50,,78299,,,,3.540858268737793,-16.278474807739258,-16.796817779541016,3.540858268737793,,
,,78349,,,412.25361824035645,,,,,,
,,78349,,7.552862167358398,,,,,,,
50,,78349,,,,3.5466434955596924,-16.237220764160156,-16.746339797973633,3.5466434955596924,,
,,78399,,,410.60376167297363,,,,,,
,,78399,,28.914690017700195,,,,,,,
50,,78399,,,,3.5564069747924805,-15.837026596069336,-16.339109420776367,3.5564069747924805,,
,,78449,,,411.6487503051758,,,,,,
,,78449,,7.683515548706055,,,,,,,
50,,78449,,,,3.544320583343506,-16.22774887084961,-16.746145248413086,3.544320583343506,,
,,78499,,,416.22185707092285,,,,,,
,,78499,,26.56412124633789,,,,,,,
50,,78499,,,,3.5475375652313232,-15.857908248901367,-16.35783576965332,3.5475375652313232,,
,,78549,,,415.7450199127197,,,,,,
,,78549,,7.6656341552734375,,,,,,,
50,,78549,,,,3.552521228790283,-15.846893310546875,-16.362504959106445,3.552521228790283,,
,,78599,,,416.78333282470703,,,,,,
,,78599,,27.820587158203125,,,,,,,
50,,78599,,,,3.5501046180725098,-15.877813339233398,-16.379358291625977,3.5501046180725098,,
,,78649,,,411.5254878997803,,,,,,
,,78649,,8.357048034667969,,,,,,,
50,,78649,,,,3.553528070449829,-15.902267456054688,-16.412059783935547,3.553528070449829,,
,,78699,,,411.0908508300781,,,,,,
,,78699,,27.977705001831055,,,,,,,
50,,78699,,,,3.5465736389160156,-16.292131423950195,-16.78643798828125,3.5465736389160156,,
,,78749,,,408.6799621582031,,,,,,
,,78749,,7.058143615722656,,,,,,,
50,,78749,,,,3.5479791164398193,-16.637470245361328,-17.156490325927734,3.5479791164398193,,
,,78799,,,412.3358726501465,,,,,,
,,78799,,26.31545066833496,,,,,,,
50,,78799,,,,3.5443270206451416,-16.311267852783203,-16.83332633972168,3.5443270206451416,,
,,78849,,,415.4379367828369,,,,,,
,,78849,,7.1849822998046875,,,,,,,
50,,78849,,,,3.541670560836792,-15.773931503295898,-16.2889404296875,3.541670560836792,,
,,78899,,,413.677453994751,,,,,,
,,78899,,24.987220764160156,,,,,,,
50,,78899,,,,3.5508105754852295,-16.34062385559082,-16.851301193237305,3.5508105754852295,,
,,78949,,,416.0280227661133,,,,,,
,,78949,,7.172822952270508,,,,,,,
50,,78949,,,,3.5528581142425537,-16.272815704345703,-16.792213439941406,3.5528581142425537,,
,,78999,,,411.01574897766113,,,,,,
,,78999,,22.982358932495117,,,,,,,
50,,78999,,,,3.553344964981079,-15.966875076293945,-16.47844696044922,3.553344964981079,,
,,79049,,,414.7303104400635,,,,,,
,,79049,,6.527900695800781,,,,,,,
50,,79049,,,,3.544151544570923,-16.28271484375,-16.81157112121582,3.544151544570923,,
,,79099,,,414.84832763671875,,,,,,
,,79099,,24.499893188476562,,,,,,,
50,,79099,,,,3.5499956607818604,-16.264318466186523,-16.804462432861328,3.5499956607818604,,
,,79149,,,416.52941703796387,,,,,,
,,79149,,6.729602813720703,,,,,,,
50,,79149,,,,3.542027473449707,-16.271080017089844,-16.758039474487305,3.542027473449707,,
,,79199,,,422.0583438873291,,,,,,
,,79199,,24.529457092285156,,,,,,,
50,,79199,,,,3.550128698348999,-16.193986892700195,-16.677011489868164,3.550128698348999,,
,,79249,,,417.6945686340332,,,,,,
,,79249,,8.022308349609375,,,,,,,
50,,79249,,,,3.5480728149414062,-16.104473114013672,-16.601947784423828,3.5480728149414062,,
,,79299,,,422.79815673828125,,,,,,
,,79299,,25.510787963867188,,,,,,,
50,,79299,,,,3.5445849895477295,-16.202564239501953,-16.70499038696289,3.5445849895477295,,
,,79349,,,412.54377365112305,,,,,,
,,79349,,8.350372314453125,,,,,,,
50,,79349,,,,3.5490856170654297,-15.678834915161133,-16.152299880981445,3.5490856170654297,,
,,79399,,,408.1439971923828,,,,,,
,,79399,,25.439739227294922,,,,,,,
50,,79399,,,,3.5408973693847656,-15.94173812866211,-16.44608497619629,3.5408973693847656,,
,,79449,,,413.7396812438965,,,,,,
,,79449,,8.418798446655273,,,,,,,
50,,79449,,,,3.5519704818725586,-16.087276458740234,-16.580732345581055,3.5519704818725586,,
,,79499,,,426.42974853515625,,,,,,
,,79499,,28.14459800720215,,,,,,,
50,,79499,,,,3.5440282821655273,-16.250024795532227,-16.752975463867188,3.5440282821655273,,
,,79549,,,415.5905246734619,,,,,,
,,79549,,8.339881896972656,,,,,,,
50,,79549,,,,3.562197685241699,-16.14331817626953,-16.65632438659668,3.562197685241699,,
,,79599,,,426.3155460357666,,,,,,
,,79599,,24.923324584960938,,,,,,,
50,,79599,,,,3.5481669902801514,-15.969905853271484,-16.468717575073242,3.5481669902801514,,
,,79649,,,430.0270080566406,,,,,,
,,79649,,7.403135299682617,,,,,,,
50,,79649,,,,3.549438953399658,-16.00530433654785,-16.50433921813965,3.549438953399658,,
,,79699,,,416.0890579223633,,,,,,
,,79699,,26.304244995117188,,,,,,,
50,,79699,,,,3.5490951538085938,-15.84317398071289,-16.340492248535156,3.5490951538085938,,
50,,79712,,,,,,,,-15.961793899536133,-16.387784957885742
,,79713,782.8857233524323,,,,,,,,
,0.0003,79713,,,,,,,,,
,,79749,,,428.07483673095703,,,,,,
,,79749,,7.325410842895508,,,,,,,
51,,79749,,,,3.5515708923339844,-16.329174041748047,-16.838708877563477,3.5515708923339844,,
,,79799,,,426.81193351745605,,,,,,
,,79799,,26.258468627929688,,,,,,,
51,,79799,,,,3.551187753677368,-16.1778564453125,-16.66802978515625,3.551187753677368,,
,,79849,,,423.17700386047363,,,,,,
,,79849,,8.263587951660156,,,,,,,
51,,79849,,,,3.5475881099700928,-16.03683090209961,-16.529993057250977,3.5475881099700928,,
,,79899,,,429.2027950286865,,,,,,
,,79899,,25.55227279663086,,,,,,,
51,,79899,,,,3.542137384414673,-16.237144470214844,-16.753904342651367,3.542137384414673,,
,,79949,,,430.10663986206055,,,,,,
,,79949,,8.311033248901367,,,,,,,
51,,79949,,,,3.5449206829071045,-16.385936737060547,-16.908464431762695,3.5449206829071045,,
,,79999,,,782.1915149688721,,,,,,
,,79999,,26.104211807250977,,,,,,,
51,,79999,,,,3.5489754676818848,-15.868715286254883,-16.39040184020996,3.5489754676818848,,
,,80049,,,426.08070373535156,,,,,,
,,80049,,8.654594421386719,,,,,,,
51,,80049,,,,3.540269136428833,-16.274560928344727,-16.77515983581543,3.540269136428833,,
,,80099,,,431.3349723815918,,,,,,
,,80099,,27.4505615234375,,,,,,,
51,,80099,,,,3.5431792736053467,-16.159440994262695,-16.662195205688477,3.5431792736053467,,
,,80149,,,430.0651550292969,,,,,,
,,80149,,9.972572326660156,,,,,,,
51,,80149,,,,3.5478477478027344,-15.944341659545898,-16.430665969848633,3.5478477478027344,,
,,80199,,,425.72784423828125,,,,,,
,,80199,,28.287410736083984,,,,,,,
51,,80199,,,,3.5560405254364014,-16.08047103881836,-16.572795867919922,3.5560405254364014,,
,,80249,,,420.54080963134766,,,,,,
,,80249,,10.164260864257812,,,,,,,
51,,80249,,,,3.5502827167510986,-16.28863525390625,-16.783926010131836,3.5502827167510986,,
,,80299,,,425.48084259033203,,,,,,
,,80299,,25.873422622680664,,,,,,,
51,,80299,,,,3.5402278900146484,-15.88187313079834,-16.403667449951172,3.5402278900146484,,
,,80349,,,433.37202072143555,,,,,,
,,80349,,9.236574172973633,,,,,,,
51,,80349,,,,3.5439445972442627,-16.054115295410156,-16.556564331054688,3.5439445972442627,,
,,80399,,,429.74853515625,,,,,,
,,80399,,26.940584182739258,,,,,,,
51,,80399,,,,3.5426416397094727,-16.093461990356445,-16.618446350097656,3.5426416397094727,,
,,80449,,,432.1460723876953,,,,,,
,,80449,,8.341789245605469,,,,,,,
51,,80449,,,,3.545865297317505,-16.254661560058594,-16.766462326049805,3.545865297317505,,
,,80499,,,431.37192726135254,,,,,,
,,80499,,28.702497482299805,,,,,,,
51,,80499,,,,3.5570006370544434,-15.7943696975708,-16.311904907226562,3.5570006370544434,,
,,80549,,,430.21202087402344,,,,,,
,,80549,,9.207725524902344,,,,,,,
51,,80549,,,,3.545260429382324,-15.98556137084961,-16.498180389404297,3.545260429382324,,
,,80599,,,435.5146884918213,,,,,,
,,80599,,25.58135986328125,,,,,,,
51,,80599,,,,3.5446629524230957,-15.776086807250977,-16.293073654174805,3.5446629524230957,,
,,80649,,,428.13968658447266,,,,,,
,,80649,,8.419513702392578,,,,,,,
51,,80649,,,,3.5499267578125,-15.918087005615234,-16.428239822387695,3.5499267578125,,
,,80699,,,433.06684494018555,,,,,,
,,80699,,25.83909034729004,,,,,,,
51,,80699,,,,3.5412635803222656,-16.289688110351562,-16.80467414855957,3.5412635803222656,,
,,80749,,,432.27505683898926,,,,,,
,,80749,,9.010076522827148,,,,,,,
51,,80749,,,,3.5474421977996826,-15.701723098754883,-16.196680068969727,3.5474421977996826,,
,,80799,,,430.708646774292,,,,,,
,,80799,,29.588937759399414,,,,,,,
51,,80799,,,,3.5459649562835693,-15.996726989746094,-16.51698875427246,3.5459649562835693,,
,,80849,,,433.61806869506836,,,,,,
,,80849,,8.319616317749023,,,,,,,
51,,80849,,,,3.5525014400482178,-16.068893432617188,-16.591917037963867,3.5525014400482178,,
,,80899,,,437.65830993652344,,,,,,
,,80899,,27.82297134399414,,,,,,,
51,,80899,,,,3.553096294403076,-15.862882614135742,-16.379953384399414,3.553096294403076,,
,,80949,,,433.77017974853516,,,,,,
,,80949,,8.816242218017578,,,,,,,
51,,80949,,,,3.5566012859344482,-16.200679779052734,-16.711063385009766,3.5566012859344482,,
,,80999,,,429.71014976501465,,,,,,
,,80999,,27.957439422607422,,,,,,,
51,,80999,,,,3.5427370071411133,-16.065465927124023,-16.566394805908203,3.5427370071411133,,
,,81049,,,432.9235553741455,,,,,,
,,81049,,8.798599243164062,,,,,,,
51,,81049,,,,3.552246332168579,-16.200645446777344,-16.70071792602539,3.552246332168579,,
,,81099,,,435.34207344055176,,,,,,
,,81099,,29.253721237182617,,,,,,,
51,,81099,,,,3.55767822265625,-16.400043487548828,-16.925334930419922,3.55767822265625,,
,,81149,,,429.71158027648926,,,,,,
,,81149,,8.964776992797852,,,,,,,
51,,81149,,,,3.545792818069458,-15.65180778503418,-16.157123565673828,3.545792818069458,,
,,81199,,,432.31821060180664,,,,,,
,,81199,,26.514530181884766,,,,,,,
51,,81199,,,,3.5535430908203125,-15.837839126586914,-16.3452091217041,3.5535430908203125,,
,,81249,,,432.15060234069824,,,,,,
,,81249,,8.620738983154297,,,,,,,
51,,81249,,,,3.554539203643799,-16.063735961914062,-16.53886604309082,3.554539203643799,,
51,,81275,,,,,,,,-15.970353126525879,-16.394798278808594
,,81276,807.5861208438873,,,,,,,,
,0.0003,81276,,,,,,,,,
,,81299,,,412.61959075927734,,,,,,
,,81299,,24.898052215576172,,,,,,,
52,,81299,,,,3.5472795963287354,-16.020851135253906,-16.534730911254883,3.5472795963287354,,
,,81349,,,412.8243923187256,,,,,,
,,81349,,7.1926116943359375,,,,,,,
52,,81349,,,,3.54403018951416,-16.26995849609375,-16.805845260620117,3.54403018951416,,
,,81399,,,398.2880115509033,,,,,,
,,81399,,27.04143524169922,,,,,,,
52,,81399,,,,3.5517842769622803,-16.341352462768555,-16.853195190429688,3.5517842769622803,,
,,81449,,,412.09936141967773,,,,,,
,,81449,,6.936550140380859,,,,,,,
52,,81449,,,,3.5545756816864014,-15.998466491699219,-16.497270584106445,3.5545756816864014,,
,,81499,,,406.7080020904541,,,,,,
,,81499,,28.375625610351562,,,,,,,
52,,81499,,,,3.5501232147216797,-15.839847564697266,-16.362329483032227,3.5501232147216797,,
,,81549,,,412.5528335571289,,,,,,
,,81549,,7.731437683105469,,,,,,,
52,,81549,,,,3.5535314083099365,-15.704608917236328,-16.207582473754883,3.5535314083099365,,
,,81599,,,418.5361862182617,,,,,,
,,81599,,24.320602416992188,,,,,,,
52,,81599,,,,3.549861431121826,-16.366575241088867,-16.864166259765625,3.549861431121826,,
,,81649,,,413.38181495666504,,,,,,
,,81649,,7.79271125793457,,,,,,,
52,,81649,,,,3.5495433807373047,-16.051116943359375,-16.566762924194336,3.5495433807373047,,
,,81699,,,419.01397705078125,,,,,,
,,81699,,24.88565444946289,,,,,,,
52,,81699,,,,3.5441102981567383,-16.285858154296875,-16.78038787841797,3.5441102981567383,,
,,81749,,,419.266939163208,,,,,,
,,81749,,7.764577865600586,,,,,,,
52,,81749,,,,3.548853635787964,-16.121431350708008,-16.62938690185547,3.548853635787964,,
,,81799,,,414.6101474761963,,,,,,
,,81799,,27.25815773010254,,,,,,,
52,,81799,,,,3.5434041023254395,-15.881818771362305,-16.404523849487305,3.5434041023254395,,
,,81849,,,412.825345993042,,,,,,
,,81849,,7.702827453613281,,,,,,,
52,,81849,,,,3.551509380340576,-16.349517822265625,-16.855411529541016,3.551509380340576,,
,,81899,,,411.2837314605713,,,,,,
,,81899,,27.599096298217773,,,,,,,
52,,81899,,,,3.5504345893859863,-16.547286987304688,-17.049476623535156,3.5504345893859863,,
,,81949,,,411.07892990112305,,,,,,
,,81949,,8.486270904541016,,,,,,,
52,,81949,,,,3.545597553253174,-15.78060531616211,-16.282691955566406,3.545597553253174,,
,,81999,,,410.11619567871094,,,,,,
,,81999,,24.909257888793945,,,,,,,
52,,81999,,,,3.553813934326172,-16.131776809692383,-16.630191802978516,3.553813934326172,,
,,82049,,,407.2144031524658,,,,,,
,,82049,,5.715370178222656,,,,,,,
52,,82049,,,,3.5567212104797363,-15.87666130065918,-16.39058494567871,3.5567212104797363,,
,,82099,,,413.55180740356445,,,,,,
,,82099,,26.900768280029297,,,,,,,
52,,82099,,,,3.54691219329834,-15.858626365661621,-16.366180419921875,3.54691219329834,,
,,82149,,,408.1134796142578,,,,,,
,,82149,,6.865739822387695,,,,,,,
52,,82149,,,,3.54709529876709,-15.735357284545898,-16.250864028930664,3.54709529876709,,
,,82199,,,412.7082824707031,,,,,,
,,82199,,26.88741683959961,,,,,,,
52,,82199,,,,3.550947427749634,-16.362354278564453,-16.85144805908203,3.550947427749634,,
,,82249,,,415.9517288208008,,,,,,
,,82249,,6.996631622314453,,,,,,,
52,,82249,,,,3.538478374481201,-16.122018814086914,-16.627838134765625,3.538478374481201,,
,,82299,,,403.23686599731445,,,,,,
,,82299,,24.74355697631836,,,,,,,
52,,82299,,,,3.5464556217193604,-16.24655532836914,-16.745525360107422,3.5464556217193604,,
,,82349,,,412.1897220611572,,,,,,
,,82349,,8.365392684936523,,,,,,,
52,,82349,,,,3.556267023086548,-16.146682739257812,-16.6717529296875,3.556267023086548,,
,,82399,,,426.7687797546387,,,,,,
,,82399,,26.107311248779297,,,,,,,
52,,82399,,,,3.544243097305298,-16.080810546875,-16.583715438842773,3.544243097305298,,
,,82449,,,427.8903007507324,,,,,,
,,82449,,8.595466613769531,,,,,,,
52,,82449,,,,3.5478086471557617,-15.965780258178711,-16.447046279907227,3.5478086471557617,,
,,82499,,,421.57459259033203,,,,,,
,,82499,,29.036760330200195,,,,,,,
52,,82499,,,,3.5465431213378906,-15.856066703796387,-16.3490047454834,3.5465431213378906,,
,,82549,,,422.2118854522705,,,,,,
,,82549,,9.608983993530273,,,,,,,
52,,82549,,,,3.550769567489624,-15.58842658996582,-16.08892822265625,3.550769567489624,,
,,82599,,,427.5791645050049,,,,,,
,,82599,,25.697946548461914,,,,,,,
52,,82599,,,,3.557352304458618,-15.951251983642578,-16.476057052612305,3.557352304458618,,
,,82649,,,419.7876453399658,,,,,,
,,82649,,8.54349136352539,,,,,,,
52,,82649,,,,3.5556938648223877,-16.049400329589844,-16.534515380859375,3.5556938648223877,,
,,82699,,,427.9634952545166,,,,,,
,,82699,,26.540756225585938,,,,,,,
52,,82699,,,,3.554871082305908,-16.4713134765625,-16.975688934326172,3.554871082305908,,
,,82749,,,415.59624671936035,,,,,,
,,82749,,7.3680877685546875,,,,,,,
52,,82749,,,,3.5506908893585205,-16.269943237304688,-16.774959564208984,3.5506908893585205,,
,,82799,,,415.15159606933594,,,,,,
,,82799,,24.253368377685547,,,,,,,
52,,82799,,,,3.545494318008423,-16.579757690429688,-17.09589385986328,3.545494318008423,,
52,,82838,,,,,,,,-15.966997146606445,-16.390684127807617
,,82839,780.9132261276245,,,,,,,,
,0.0003,82839,,,,,,,,,
,,82849,,,402.87160873413086,,,,,,
,,82849,,5.462408065795898,,,,,,,
53,,82849,,,,3.5481677055358887,-16.330503463745117,-16.845304489135742,3.5481677055358887,,
,,82899,,,416.8069362640381,,,,,,
,,82899,,28.83601188659668,,,,,,,
53,,82899,,,,3.5590155124664307,-16.168176651000977,-16.676591873168945,3.5590155124664307,,
,,82949,,,399.4159698486328,,,,,,
,,82949,,5.4798126220703125,,,,,,,
53,,82949,,,,3.547821044921875,-15.960904121398926,-16.465269088745117,3.547821044921875,,
,,82999,,,401.60322189331055,,,,,,
,,82999,,27.266502380371094,,,,,,,
53,,82999,,,,3.542357921600342,-15.88176441192627,-16.37965202331543,3.542357921600342,,
,,83049,,,401.84831619262695,,,,,,
,,83049,,7.882595062255859,,,,,,,
53,,83049,,,,3.5565097332000732,-16.225923538208008,-16.72549819946289,3.5565097332000732,,
,,83099,,,399.8146057128906,,,,,,
,,83099,,22.79043197631836,,,,,,,
53,,83099,,,,3.5519049167633057,-16.433334350585938,-16.931209564208984,3.5519049167633057,,
,,83149,,,405.0939083099365,,,,,,
,,83149,,6.951332092285156,,,,,,,
53,,83149,,,,3.5668110847473145,-16.116243362426758,-16.63801383972168,3.5668110847473145,,
,,83199,,,418.26725006103516,,,,,,
,,83199,,25.023460388183594,,,,,,,
53,,83199,,,,3.5503878593444824,-15.770681381225586,-16.293498992919922,3.5503878593444824,,
,,83249,,,405.47966957092285,,,,,,
,,83249,,6.841421127319336,,,,,,,
53,,83249,,,,3.5554280281066895,-16.1219425201416,-16.617584228515625,3.5554280281066895,,
,,83299,,,407.6521396636963,,,,,,
,,83299,,22.66836166381836,,,,,,,
53,,83299,,,,3.5520384311676025,-15.691476821899414,-16.189075469970703,3.5520384311676025,,
,,83349,,,403.4087657928467,,,,,,
,,83349,,7.321834564208984,,,,,,,
53,,83349,,,,3.5531980991363525,-16.0509033203125,-16.53071403503418,3.5531980991363525,,
,,83399,,,403.7904739379883,,,,,,
,,83399,,22.87006378173828,,,,,,,
53,,83399,,,,3.5530104637145996,-16.14656639099121,-16.66136360168457,3.5530104637145996,,
,,83449,,,402.47392654418945,,,,,,
,,83449,,6.647825241088867,,,,,,,
53,,83449,,,,3.5543131828308105,-15.940228462219238,-16.44268226623535,3.5543131828308105,,
,,83499,,,406.33535385131836,,,,,,
,,83499,,22.84383773803711,,,,,,,
53,,83499,,,,3.5500662326812744,-15.869852066040039,-16.371620178222656,3.5500662326812744,,
,,83549,,,411.1199378967285,,,,,,
,,83549,,8.582353591918945,,,,,,,
53,,83549,,,,3.549428701400757,-15.69009780883789,-16.194061279296875,3.549428701400757,,
,,83599,,,406.56185150146484,,,,,,
,,83599,,23.526668548583984,,,,,,,
53,,83599,,,,3.5512423515319824,-16.095834732055664,-16.604475021362305,3.5512423515319824,,
,,83649,,,408.9620113372803,,,,,,
,,83649,,7.826328277587891,,,,,,,
53,,83649,,,,3.550286293029785,-16.62238311767578,-17.102890014648438,3.550286293029785,,
,,83699,,,415.6608581542969,,,,,,
,,83699,,28.218746185302734,,,,,,,
53,,83699,,,,3.5476958751678467,-15.742650985717773,-16.258169174194336,3.5476958751678467,,
,,83749,,,408.3740711212158,,,,,,
,,83749,,6.223917007446289,,,,,,,
53,,83749,,,,3.5514934062957764,-16.24998664855957,-16.7562255859375,3.5514934062957764,,
,,83799,,,405.17377853393555,,,,,,
,,83799,,27.71449089050293,,,,,,,
53,,83799,,,,3.555194616317749,-15.908599853515625,-16.4306583404541,3.555194616317749,,
,,83849,,,403.05376052856445,,,,,,
,,83849,,5.841255187988281,,,,,,,
53,,83849,,,,3.5482075214385986,-16.131507873535156,-16.647602081298828,3.5482075214385986,,
,,83899,,,395.4966068267822,,,,,,
,,83899,,23.08797836303711,,,,,,,
53,,83899,,,,3.5442616939544678,-16.142763137817383,-16.657398223876953,3.5442616939544678,,
,,83949,,,395.9522247314453,,,,,,
,,83949,,5.607843399047852,,,,,,,
53,,83949,,,,3.5463924407958984,-16.274354934692383,-16.776580810546875,3.5463924407958984,,
,,83999,,,405.37428855895996,,,,,,
,,83999,,23.1020450592041,,,,,,,
53,,83999,,,,3.554205894470215,-16.267913818359375,-16.769987106323242,3.554205894470215,,
,,84049,,,398.18525314331055,,,,,,
,,84049,,5.478382110595703,,,,,,,
53,,84049,,,,3.541372060775757,-15.771032333374023,-16.280935287475586,3.541372060775757,,
,,84099,,,396.6493606567383,,,,,,
,,84099,,23.247480392456055,,,,,,,
53,,84099,,,,3.546154499053955,-16.0294246673584,-16.51323890686035,3.546154499053955,,
,,84149,,,399.16133880615234,,,,,,
,,84149,,5.563974380493164,,,,,,,
53,,84149,,,,3.5376994609832764,-16.07176971435547,-16.592281341552734,3.5376994609832764,,
,,84199,,,401.4923572540283,,,,,,
,,84199,,22.961139678955078,,,,,,,
53,,84199,,,,3.5516510009765625,-16.000246047973633,-16.508087158203125,3.5516510009765625,,
,,84249,,,403.9912223815918,,,,,,
,,84249,,5.5294036865234375,,,,,,,
53,,84249,,,,3.538879632949829,-16.201913833618164,-16.722585678100586,3.538879632949829,,
,,84299,,,400.5265235900879,,,,,,
,,84299,,23.03338050842285,,,,,,,
53,,84299,,,,3.554790496826172,-15.864030838012695,-16.378259658813477,3.554790496826172,,
,,84349,,,401.7815589904785,,,,,,
,,84349,,5.624055862426758,,,,,,,
53,,84349,,,,3.546157121658325,-16.100418090820312,-16.632822036743164,3.546157121658325,,
,,84399,,,407.027006149292,,,,,,
,,84399,,22.951602935791016,,,,,,,
53,,84399,,,,3.5462896823883057,-16.256004333496094,-16.75335121154785,3.5462896823883057,,
53,,84401,,,,,,,,-15.965886116027832,-16.3873348236084
,,84402,762.6465349197388,,,,,,,,
,0.0003,84402,,,,,,,,,
,,84449,,,399.62029457092285,,,,,,
,,84449,,5.700349807739258,,,,,,,
54,,84449,,,,3.548961639404297,-15.958006858825684,-16.456865310668945,3.548961639404297,,
,,84499,,,396.1632251739502,,,,,,
,,84499,,22.88961410522461,,,,,,,
54,,84499,,,,3.5498437881469727,-15.942291259765625,-16.433868408203125,3.5498437881469727,,
,,84549,,,398.1308937072754,,,,,,
,,84549,,5.612850189208984,,,,,,,
54,,84549,,,,3.555156707763672,-15.57924747467041,-16.100929260253906,3.555156707763672,,
,,84599,,,395.72644233703613,,,,,,
,,84599,,23.146390914916992,,,,,,,
54,,84599,,,,3.5506975650787354,-16.000102996826172,-16.51464080810547,3.5506975650787354,,
,,84649,,,400.30431747436523,,,,,,
,,84649,,5.5675506591796875,,,,,,,
54,,84649,,,,3.5476067066192627,-16.149288177490234,-16.649810791015625,3.5476067066192627,,
,,84699,,,394.78278160095215,,,,,,
,,84699,,23.645877838134766,,,,,,,
54,,84699,,,,3.5532782077789307,-16.023807525634766,-16.520524978637695,3.5532782077789307,,
,,84749,,,396.14081382751465,,,,,,
,,84749,,5.609750747680664,,,,,,,
54,,84749,,,,3.559128999710083,-15.976211547851562,-16.470083236694336,3.559128999710083,,
,,84799,,,396.5740203857422,,,,,,
,,84799,,23.01025390625,,,,,,,
54,,84799,,,,3.544776439666748,-16.0770320892334,-16.591541290283203,3.544776439666748,,
,,84849,,,394.92130279541016,,,,,,
,,84849,,5.774736404418945,,,,,,,
54,,84849,,,,3.5460205078125,-16.151662826538086,-16.65517234802246,3.5460205078125,,
,,84899,,,414.1213893890381,,,,,,
,,84899,,25.099992752075195,,,,,,,
54,,84899,,,,3.549132823944092,-15.733466148376465,-16.234586715698242,3.549132823944092,,
,,84949,,,408.20789337158203,,,,,,
,,84949,,8.59212875366211,,,,,,,
54,,84949,,,,3.542482852935791,-16.179885864257812,-16.694103240966797,3.542482852935791,,
,,84999,,,405.7002067565918,,,,,,
,,84999,,24.87039566040039,,,,,,,
54,,84999,,,,3.5544896125793457,-16.10147476196289,-16.614030838012695,3.5544896125793457,,
,,85049,,,409.24572944641113,,,,,,
,,85049,,5.4798126220703125,,,,,,,
54,,85049,,,,3.555021286010742,-15.665763854980469,-16.17329216003418,3.555021286010742,,
,,85099,,,404.50143814086914,,,,,,
,,85099,,27.680158615112305,,,,,,,
54,,85099,,,,3.55025315284729,-15.885828018188477,-16.394027709960938,3.55025315284729,,
,,85149,,,403.1810760498047,,,,,,
,,85149,,8.349180221557617,,,,,,,
54,,85149,,,,3.544473886489868,-16.23443603515625,-16.727542877197266,3.544473886489868,,
,,85199,,,405.6384563446045,,,,,,
,,85199,,27.953386306762695,,,,,,,
54,,85199,,,,3.551586151123047,-16.170368194580078,-16.678327560424805,3.551586151123047,,
,,85249,,,403.0888080596924,,,,,,
,,85249,,5.56635856628418,,,,,,,
54,,85249,,,,3.549422025680542,-16.116683959960938,-16.63978385925293,3.549422025680542,,
,,85299,,,411.29112243652344,,,,,,
,,85299,,22.965431213378906,,,,,,,
54,,85299,,,,3.551973819732666,-16.442092895507812,-16.9543399810791,3.551973819732666,,
,,85349,,,408.39266777038574,,,,,,
,,85349,,7.542610168457031,,,,,,,
54,,85349,,,,3.550485849380493,-15.855472564697266,-16.363676071166992,3.550485849380493,,
,,85399,,,411.2510681152344,,,,,,
,,85399,,22.887229919433594,,,,,,,
54,,85399,,,,3.5507593154907227,-16.117984771728516,-16.630765914916992,3.5507593154907227,,
,,85449,,,410.6779098510742,,,,,,
,,85449,,6.313800811767578,,,,,,,
54,,85449,,,,3.545182228088379,-16.089794158935547,-16.58772850036621,3.545182228088379,,
,,85499,,,408.62298011779785,,,,,,
,,85499,,25.681018829345703,,,,,,,
54,,85499,,,,3.551558494567871,-16.283309936523438,-16.78595733642578,3.551558494567871,,
,,85549,,,415.09008407592773,,,,,,
,,85549,,8.232355117797852,,,,,,,
54,,85549,,,,3.5396251678466797,-16.05634307861328,-16.545955657958984,3.5396251678466797,,
,,85599,,,432.8184127807617,,,,,,
,,85599,,28.98240089416504,,,,,,,
54,,85599,,,,3.5429296493530273,-15.673379898071289,-16.184064865112305,3.5429296493530273,,
,,85649,,,427.49643325805664,,,,,,
,,85649,,9.620904922485352,,,,,,,
54,,85649,,,,3.5495574474334717,-15.896846771240234,-16.390045166015625,3.5495574474334717,,
,,85699,,,427.5031089782715,,,,,,
,,85699,,26.961326599121094,,,,,,,
54,,85699,,,,3.5476179122924805,-15.779321670532227,-16.286203384399414,3.5476179122924805,,
,,85749,,,436.3067150115967,,,,,,
,,85749,,9.305238723754883,,,,,,,
54,,85749,,,,3.5470592975616455,-15.92444133758545,-16.437211990356445,3.5470592975616455,,
,,85799,,,426.04851722717285,,,,,,
,,85799,,27.29344367980957,,,,,,,
54,,85799,,,,3.553037643432617,-16.03695297241211,-16.540205001831055,3.553037643432617,,
,,85849,,,429.1684627532959,,,,,,
,,85849,,8.079767227172852,,,,,,,
54,,85849,,,,3.552704095840454,-16.3701229095459,-16.868560791015625,3.552704095840454,,
,,85899,,,423.1417179107666,,,,,,
,,85899,,26.34286880493164,,,,,,,
54,,85899,,,,3.543614149093628,-15.882713317871094,-16.408267974853516,3.543614149093628,,
,,85949,,,428.36570739746094,,,,,,
,,85949,,8.090972900390625,,,,,,,
54,,85949,,,,3.5445494651794434,-15.72244644165039,-16.206918716430664,3.5445494651794434,,
54,,85964,,,,,,,,-15.962865829467773,-16.38701820373535
,,85965,774.3339133262634,,,,,,,,
,0.0003,85965,,,,,,,,,
,,85999,,,436.57708168029785,,,,,,
,,85999,,25.83456039428711,,,,,,,
55,,85999,,,,3.5515642166137695,-16.061365127563477,-16.582151412963867,3.5515642166137695,,
,,86049,,,425.46558380126953,,,,,,
,,86049,,7.8830718994140625,,,,,,,
55,,86049,,,,3.54445219039917,-15.953258514404297,-16.46434783935547,3.54445219039917,,
,,86099,,,424.4680404663086,,,,,,
,,86099,,25.491714477539062,,,,,,,
55,,86099,,,,3.546417474746704,-15.877692222595215,-16.367921829223633,3.546417474746704,,
,,86149,,,427.33097076416016,,,,,,
,,86149,,8.532047271728516,,,,,,,
55,,86149,,,,3.5448155403137207,-16.108118057250977,-16.61214828491211,3.5448155403137207,,
,,86199,,,427.16050148010254,,,,,,
,,86199,,26.37624740600586,,,,,,,
55,,86199,,,,3.5546324253082275,-16.214019775390625,-16.72328758239746,3.5546324253082275,,
,,86249,,,423.4166145324707,,,,,,
,,86249,,8.066892623901367,,,,,,,
55,,86249,,,,3.5457305908203125,-16.125539779663086,-16.63235855102539,3.5457305908203125,,
,,86299,,,420.682430267334,,,,,,
,,86299,,23.965120315551758,,,,,,,
55,,86299,,,,3.5508270263671875,-15.899627685546875,-16.39493179321289,3.5508270263671875,,
,,86349,,,412.75644302368164,,,,,,
,,86349,,8.34345817565918,,,,,,,
55,,86349,,,,3.5560097694396973,-15.583297729492188,-16.0917911529541,3.5560097694396973,,
,,86399,,,397.8404998779297,,,,,,
,,86399,,23.001670837402344,,,,,,,
55,,86399,,,,3.552647590637207,-15.885383605957031,-16.374513626098633,3.552647590637207,,
,,86449,,,411.7436408996582,,,,,,
,,86449,,5.582571029663086,,,,,,,
55,,86449,,,,3.560023784637451,-15.993329048156738,-16.49846076965332,3.560023784637451,,
,,86499,,,415.9212112426758,,,,,,
,,86499,,23.337125778198242,,,,,,,
55,,86499,,,,3.547642230987549,-16.204469680786133,-16.715574264526367,3.547642230987549,,
,,86549,,,412.994384765625,,,,,,
,,86549,,5.589008331298828,,,,,,,
55,,86549,,,,3.5460240840911865,-16.213180541992188,-16.732162475585938,3.5460240840911865,,
,,86599,,,414.3033027648926,,,,,,
,,86599,,23.137569427490234,,,,,,,
55,,86599,,,,3.5469799041748047,-16.10558319091797,-16.615793228149414,3.5469799041748047,,
,,86649,,,417.59204864501953,,,,,,
,,86649,,5.690813064575195,,,,,,,
55,,86649,,,,3.5407285690307617,-15.840751647949219,-16.3157958984375,3.5407285690307617,,
,,86699,,,413.1021499633789,,,,,,
,,86699,,23.088693618774414,,,,,,,
55,,86699,,,,3.5507383346557617,-16.56060028076172,-17.0926570892334,3.5507383346557617,,
,,86749,,,408.61964225769043,,,,,,
,,86749,,5.702018737792969,,,,,,,
55,,86749,,,,3.550543785095215,-16.122852325439453,-16.609952926635742,3.550543785095215,,
,,86799,,,402.30274200439453,,,,,,
,,86799,,23.036956787109375,,,,,,,
55,,86799,,,,3.546421527862549,-16.074228286743164,-16.583839416503906,3.546421527862549,,
,,86849,,,413.45882415771484,,,,,,
,,86849,,5.768537521362305,,,,,,,
55,,86849,,,,3.549429178237915,-16.283870697021484,-16.792621612548828,3.549429178237915,,
,,86899,,,403.95426750183105,,,,,,
,,86899,,23.45132827758789,,,,,,,
55,,86899,,,,3.5561583042144775,-16.01276397705078,-16.50124168395996,3.5561583042144775,,
,,86949,,,409.4653129577637,,,,,,
,,86949,,5.710840225219727,,,,,,,
55,,86949,,,,3.548154830932617,-16.034303665161133,-16.54741859436035,3.548154830932617,,
,,86999,,,405.8084487915039,,,,,,
,,86999,,23.18406105041504,,,,,,,
55,,86999,,,,3.5524439811706543,-16.339277267456055,-16.843204498291016,3.5524439811706543,,
,,87049,,,412.87994384765625,,,,,,
,,87049,,5.6552886962890625,,,,,,,
55,,87049,,,,3.55606746673584,-15.980029106140137,-16.489652633666992,3.55606746673584,,
,,87099,,,402.9970169067383,,,,,,
,,87099,,23.46324920654297,,,,,,,
55,,87099,,,,3.551380157470703,-16.14767074584961,-16.645675659179688,3.551380157470703,,
,,87149,,,413.38062286376953,,,,,,
,,87149,,5.939245223999023,,,,,,,
55,,87149,,,,3.5539066791534424,-15.976455688476562,-16.4761905670166,3.5539066791534424,,
,,87199,,,408.19287300109863,,,,,,
,,87199,,27.344465255737305,,,,,,,
55,,87199,,,,3.545436382293701,-16.331138610839844,-16.835330963134766,3.545436382293701,,
,,87249,,,408.0519676208496,,,,,,
,,87249,,6.015777587890625,,,,,,,
55,,87249,,,,3.5469753742218018,-15.840561866760254,-16.361278533935547,3.5469753742218018,,
,,87299,,,413.421630859375,,,,,,
,,87299,,27.2371768951416,,,,,,,
55,,87299,,,,3.5505754947662354,-16.06942367553711,-16.569110870361328,3.5505754947662354,,
,,87349,,,401.8075466156006,,,,,,
,,87349,,5.645751953125,,,,,,,
55,,87349,,,,3.547532320022583,-15.839507102966309,-16.348251342773438,3.547532320022583,,
,,87399,,,409.7175598144531,,,,,,
,,87399,,23.964881896972656,,,,,,,
55,,87399,,,,3.5498085021972656,-15.94827651977539,-16.46066665649414,3.5498085021972656,,
,,87449,,,413.99621963500977,,,,,,
,,87449,,5.643606185913086,,,,,,,
55,,87449,,,,3.541337013244629,-16.17490005493164,-16.681407928466797,3.541337013244629,,
,,87499,,,411.7779731750488,,,,,,
,,87499,,28.276920318603516,,,,,,,
55,,87499,,,,3.5446434020996094,-16.430465698242188,-16.959300994873047,3.5446434020996094,,
55,,87527,,,,,,,,-15.959466934204102,-16.3854923248291
,,87528,777.1610548496246,,,,,,,,
,0.0003,87528,,,,,,,,,
,,87549,,,401.2916088104248,,,,,,
,,87549,,5.597114562988281,,,,,,,
56,,87549,,,,3.550139904022217,-16.135055541992188,-16.661741256713867,3.550139904022217,,
,,87599,,,404.3688774108887,,,,,,
,,87599,,25.492191314697266,,,,,,,
56,,87599,,,,3.548659086227417,-15.725398063659668,-16.21296501159668,3.548659086227417,,
,,87649,,,404.7420024871826,,,,,,
,,87649,,7.079839706420898,,,,,,,
56,,87649,,,,3.55267333984375,-16.353830337524414,-16.858003616333008,3.55267333984375,,
,,87699,,,403.52869033813477,,,,,,
,,87699,,22.919416427612305,,,,,,,
56,,87699,,,,3.5444254875183105,-16.55996322631836,-17.059091567993164,3.5444254875183105,,
,,87749,,,410.97164154052734,,,,,,
,,87749,,7.206916809082031,,,,,,,
56,,87749,,,,3.5446739196777344,-15.804854393005371,-16.31898307800293,3.5446739196777344,,
,,87799,,,406.217098236084,,,,,,
,,87799,,22.832632064819336,,,,,,,
56,,87799,,,,3.5514543056488037,-16.100845336914062,-16.59515380859375,3.5514543056488037,,
,,87849,,,405.9281349182129,,,,,,
,,87849,,5.669116973876953,,,,,,,
56,,87849,,,,3.54923415184021,-15.968714714050293,-16.45562744140625,3.54923415184021,,
,,87899,,,407.61470794677734,,,,,,
,,87899,,23.001909255981445,,,,,,,
56,,87899,,,,3.543463945388794,-15.91288948059082,-16.434789657592773,3.543463945388794,,
,,87949,,,402.2355079650879,,,,,,
,,87949,,5.465269088745117,,,,,,,
56,,87949,,,,3.54717755317688,-15.623907089233398,-16.12288475036621,3.54717755317688,,
,,87999,,,402.7078151702881,,,,,,
,,87999,,28.17845344543457,,,,,,,
56,,87999,,,,3.5491154193878174,-16.06495475769043,-16.55618667602539,3.5491154193878174,,
,,88049,,,408.91361236572266,,,,,,
,,88049,,6.7386627197265625,,,,,,,
56,,88049,,,,3.5500543117523193,-15.783533096313477,-16.28563117980957,3.5500543117523193,,
,,88099,,,404.6168327331543,,,,,,
,,88099,,24.30558204650879,,,,,,,
56,,88099,,,,3.5463292598724365,-15.736295700073242,-16.264745712280273,3.5463292598724365,,
,,88149,,,402.8348922729492,,,,,,
,,88149,,5.700588226318359,,,,,,,
56,,88149,,,,3.5485239028930664,-15.79878044128418,-16.29649543762207,3.5485239028930664,,
,,88199,,,401.09872817993164,,,,,,
,,88199,,29.01601791381836,,,,,,,
56,,88199,,,,3.5530169010162354,-16.198692321777344,-16.696109771728516,3.5530169010162354,,
,,88249,,,410.0484848022461,,,,,,
,,88249,,6.635904312133789,,,,,,,
56,,88249,,,,3.545353651046753,-16.185731887817383,-16.684789657592773,3.545353651046753,,
,,88299,,,403.1646251678467,,,,,,
,,88299,,23.41461181640625,,,,,,,
56,,88299,,,,3.5466058254241943,-15.700458526611328,-16.19161033630371,3.5466058254241943,,
,,88349,,,408.1747531890869,,,,,,
,,88349,,8.353471755981445,,,,,,,
56,,88349,,,,3.558551549911499,-15.980966567993164,-16.480356216430664,3.558551549911499,,
,,88399,,,411.2582206726074,,,,,,
,,88399,,28.81765365600586,,,,,,,
56,,88399,,,,3.54795503616333,-15.666488647460938,-16.163206100463867,3.54795503616333,,
,,88449,,,408.57553482055664,,,,,,
,,88449,,7.601737976074219,,,,,,,
56,,88449,,,,3.5450150966644287,-16.21939468383789,-16.721717834472656,3.5450150966644287,,
,,88499,,,406.6963195800781,,,,,,
,,88499,,25.436878204345703,,,,,,,
56,,88499,,,,3.546217679977417,-15.871186256408691,-16.36067771911621,3.546217679977417,,
,,88549,,,410.1994037628174,,,,,,
,,88549,,6.417989730834961,,,,,,,
56,,88549,,,,3.544434070587158,-15.796363830566406,-16.30455780029297,3.544434070587158,,
,,88599,,,405.1942825317383,,,,,,
,,88599,,23.4222412109375,,,,,,,
56,,88599,,,,3.543072462081909,-15.866286277770996,-16.38725471496582,3.543072462081909,,
,,88649,,,401.7930030822754,,,,,,
,,88649,,5.523681640625,,,,,,,
56,,88649,,,,3.5420098304748535,-16.08220672607422,-16.599164962768555,3.5420098304748535,,
,,88699,,,410.5262756347656,,,,,,
,,88699,,27.2219181060791,,,,,,,
56,,88699,,,,3.5545926094055176,-16.25265884399414,-16.747400283813477,3.5545926094055176,,
,,88749,,,415.32349586486816,,,,,,
,,88749,,5.654573440551758,,,,,,,
56,,88749,,,,3.5509276390075684,-16.146926879882812,-16.66069793701172,3.5509276390075684,,
,,88799,,,406.29100799560547,,,,,,
,,88799,,28.28192710876465,,,,,,,
56,,88799,,,,3.5575201511383057,-16.05228614807129,-16.56986427307129,3.5575201511383057,,
,,88849,,,419.48795318603516,,,,,,
,,88849,,6.616830825805664,,,,,,,
56,,88849,,,,3.5502398014068604,-15.901131629943848,-16.408123016357422,3.5502398014068604,,
,,88899,,,399.9214172363281,,,,,,
,,88899,,22.79829978942871,,,,,,,
56,,88899,,,,3.5433647632598877,-16.00432014465332,-16.512237548828125,3.5433647632598877,,
,,88949,,,408.38146209716797,,,,,,
,,88949,,8.150815963745117,,,,,,,
56,,88949,,,,3.5398571491241455,-15.91980266571045,-16.41691780090332,3.5398571491241455,,
,,88999,,,415.4477119445801,,,,,,
,,88999,,24.871826171875,,,,,,,
56,,88999,,,,3.558427333831787,-16.188379287719727,-16.703125,3.558427333831787,,
,,89049,,,401.68166160583496,,,,,,
,,89049,,6.875514984130859,,,,,,,
56,,89049,,,,3.5446324348449707,-16.128517150878906,-16.60639190673828,3.5446324348449707,,
56,,89090,,,,,,,,-15.961639404296875,-16.382003784179688
,,89091,770.1010706424713,,,,,,,,
,0.0003,89091,,,,,,,,,
,,89099,,,407.96923637390137,,,,,,
,,89099,,25.700092315673828,,,,,,,
57,,89099,,,,3.5544121265411377,-16.063997268676758,-16.5432071685791,3.5544121265411377,,
,,89149,,,414.6385192871094,,,,,,
,,89149,,6.902456283569336,,,,,,,
57,,89149,,,,3.546220541000366,-15.97304916381836,-16.46784782409668,3.546220541000366,,
,,89199,,,397.3863124847412,,,,,,
,,89199,,22.599458694458008,,,,,,,
57,,89199,,,,3.5495290756225586,-15.886754035949707,-16.389204025268555,3.5495290756225586,,
,,89249,,,407.09495544433594,,,,,,
,,89249,,5.415678024291992,,,,,,,
57,,89249,,,,3.5477569103240967,-16.145492553710938,-16.6364688873291,3.5477569103240967,,
,,89299,,,411.58342361450195,,,,,,
,,89299,,22.957801818847656,,,,,,,
57,,89299,,,,3.5463757514953613,-15.826330184936523,-16.310829162597656,3.5463757514953613,,
,,89349,,,406.18228912353516,,,,,,
,,89349,,5.452394485473633,,,,,,,
57,,89349,,,,3.553190231323242,-15.996795654296875,-16.496732711791992,3.553190231323242,,
,,89399,,,408.07342529296875,,,,,,
,,89399,,22.578001022338867,,,,,,,
57,,89399,,,,3.5481133460998535,-16.179319381713867,-16.712135314941406,3.5481133460998535,,
,,89449,,,405.83133697509766,,,,,,
,,89449,,8.190631866455078,,,,,,,
57,,89449,,,,3.551518440246582,-16.062679290771484,-16.555217742919922,3.551518440246582,,
,,89499,,,408.719539642334,,,,,,
,,89499,,29.127120971679688,,,,,,,
57,,89499,,,,3.551060199737549,-16.534526824951172,-17.04871940612793,3.551060199737549,,
,,89549,,,403.6526679992676,,,,,,
,,89549,,8.246660232543945,,,,,,,
57,,89549,,,,3.543198823928833,-15.909645080566406,-16.404605865478516,3.543198823928833,,
,,89599,,,414.4577980041504,,,,,,
,,89599,,25.607585906982422,,,,,,,
57,,89599,,,,3.543649196624756,-16.213176727294922,-16.71576690673828,3.543649196624756,,
,,89649,,,407.7613353729248,,,,,,
,,89649,,8.264780044555664,,,,,,,
57,,89649,,,,3.5557711124420166,-15.735137939453125,-16.249731063842773,3.5557711124420166,,
,,89699,,,407.4816703796387,,,,,,
,,89699,,25.6500244140625,,,,,,,
57,,89699,,,,3.5511837005615234,-16.084604263305664,-16.589641571044922,3.5511837005615234,,
,,89749,,,402.9381275177002,,,,,,
,,89749,,7.369518280029297,,,,,,,
57,,89749,,,,3.5467822551727295,-15.883718490600586,-16.36972427368164,3.5467822551727295,,
,,89799,,,403.092622756958,,,,,,
,,89799,,22.71127700805664,,,,,,,
57,,89799,,,,3.548733711242676,-16.232635498046875,-16.740760803222656,3.548733711242676,,
,,89849,,,409.81173515319824,,,,,,
,,89849,,8.165836334228516,,,,,,,
57,,89849,,,,3.5533392429351807,-15.894330978393555,-16.399152755737305,3.5533392429351807,,
,,89899,,,404.71720695495605,,,,,,
,,89899,,24.57571029663086,,,,,,,
57,,89899,,,,3.550828695297241,-16.486726760864258,-16.995956420898438,3.550828695297241,,
,,89949,,,403.8095474243164,,,,,,
,,89949,,8.251667022705078,,,,,,,
57,,89949,,,,3.5506553649902344,-15.848621368408203,-16.354990005493164,3.5506553649902344,,
,,89999,,,406.34632110595703,,,,,,
,,89999,,25.22873878479004,,,,,,,
57,,89999,,,,3.5430097579956055,-16.2044734954834,-16.72308921813965,3.5430097579956055,,
,,90049,,,408.10084342956543,,,,,,
,,90049,,7.476568222045898,,,,,,,
57,,90049,,,,3.54219651222229,-16.139680862426758,-16.619630813598633,3.54219651222229,,
,,90099,,,405.6439399719238,,,,,,
,,90099,,22.890090942382812,,,,,,,
57,,90099,,,,3.5405285358428955,-16.263959884643555,-16.763832092285156,3.5405285358428955,,
,,90149,,,411.07845306396484,,,,,,
,,90149,,5.487918853759766,,,,,,,
57,,90149,,,,3.5540783405303955,-16.563560485839844,-17.085660934448242,3.5540783405303955,,
,,90199,,,409.2600345611572,,,,,,
,,90199,,22.774934768676758,,,,,,,
57,,90199,,,,3.545970916748047,-16.09391212463379,-16.59479522705078,3.545970916748047,,
,,90249,,,409.9245071411133,,,,,,
,,90249,,7.469654083251953,,,,,,,
57,,90249,,,,3.555967330932617,-16.040828704833984,-16.535173416137695,3.555967330932617,,
,,90299,,,407.3786735534668,,,,,,
,,90299,,29.259204864501953,,,,,,,
57,,90299,,,,3.539783000946045,-16.284950256347656,-16.8037052154541,3.539783000946045,,
,,90349,,,407.99760818481445,,,,,,
,,90349,,8.394479751586914,,,,,,,
57,,90349,,,,3.5475106239318848,-15.68644905090332,-16.162492752075195,3.5475106239318848,,
,,90399,,,401.00932121276855,,,,,,
,,90399,,22.82404899597168,,,,,,,
57,,90399,,,,3.5502593517303467,-16.263656616210938,-16.75391960144043,3.5502593517303467,,
,,90449,,,405.4841995239258,,,,,,
,,90449,,6.140947341918945,,,,,,,
57,,90449,,,,3.5513250827789307,-16.002239227294922,-16.512544631958008,3.5513250827789307,,
,,90499,,,405.40432929992676,,,,,,
,,90499,,22.655010223388672,,,,,,,
57,,90499,,,,3.5530083179473877,-16.14820098876953,-16.661041259765625,3.5530083179473877,,
,,90549,,,405.57289123535156,,,,,,
,,90549,,7.722139358520508,,,,,,,
57,,90549,,,,3.5452873706817627,-16.258499145507812,-16.7560977935791,3.5452873706817627,,
,,90599,,,417.4032211303711,,,,,,
,,90599,,25.222063064575195,,,,,,,
57,,90599,,,,3.551640033721924,-15.784004211425781,-16.29142951965332,3.551640033721924,,
,,90649,,,399.25551414489746,,,,,,
,,90649,,8.093595504760742,,,,,,,
57,,90649,,,,3.5447521209716797,-15.843523979187012,-16.344482421875,3.5447521209716797,,
57,,90653,,,,,,,,-15.952970504760742,-16.373258590698242
,,90654,769.7391576766968,,,,,,,,
,0.0003,90654,,,,,,,,,
,,90699,,,414.65234756469727,,,,,,
,,90699,,26.612281799316406,,,,,,,
58,,90699,,,,3.545725107192993,-16.00609588623047,-16.512563705444336,3.545725107192993,,
,,90749,,,411.088228225708,,,,,,
,,90749,,8.206844329833984,,,,,,,
58,,90749,,,,3.5505363941192627,-15.980573654174805,-16.46965217590332,3.5505363941192627,,
,,90799,,,406.5382480621338,,,,,,
,,90799,,27.662277221679688,,,,,,,
58,,90799,,,,3.5564723014831543,-15.812594413757324,-16.286605834960938,3.5564723014831543,,
,,90849,,,404.04534339904785,,,,,,
,,90849,,6.882429122924805,,,,,,,
58,,90849,,,,3.5517780780792236,-16.058944702148438,-16.581851959228516,3.5517780780792236,,
,,90899,,,413.8157367706299,,,,,,
,,90899,,27.434825897216797,,,,,,,
58,,90899,,,,3.555248975753784,-15.958808898925781,-16.485246658325195,3.555248975753784,,
,,90949,,,414.55721855163574,,,,,,
,,90949,,5.66411018371582,,,,,,,
58,,90949,,,,3.5527865886688232,-16.027624130249023,-16.517297744750977,3.5527865886688232,,
,,90999,,,399.4159698486328,,,,,,
,,90999,,27.170181274414062,,,,,,,
58,,90999,,,,3.547804832458496,-16.25082778930664,-16.757061004638672,3.547804832458496,,
,,91049,,,398.45895767211914,,,,,,
,,91049,,7.718086242675781,,,,,,,
58,,91049,,,,3.55199933052063,-15.853450775146484,-16.33930015563965,3.55199933052063,,
,,91099,,,412.11795806884766,,,,,,
,,91099,,24.480104446411133,,,,,,,
58,,91099,,,,3.54534649848938,-16.124183654785156,-16.63604164123535,3.54534649848938,,
,,91149,,,402.82607078552246,,,,,,
,,91149,,5.571603775024414,,,,,,,
58,,91149,,,,3.546780586242676,-15.721634864807129,-16.227113723754883,3.546780586242676,,
,,91199,,,412.57357597351074,,,,,,
,,91199,,28.21826934814453,,,,,,,
58,,91199,,,,3.5431008338928223,-15.873420715332031,-16.366336822509766,3.5431008338928223,,
,,91249,,,417.07396507263184,,,,,,
,,91249,,8.410215377807617,,,,,,,
58,,91249,,,,3.5487987995147705,-16.110488891601562,-16.595462799072266,3.5487987995147705,,
,,91299,,,404.84118461608887,,,,,,
,,91299,,27.595043182373047,,,,,,,
58,,91299,,,,3.5522656440734863,-16.16330337524414,-16.65547752380371,3.5522656440734863,,
,,91349,,,400.88677406311035,,,,,,
,,91349,,5.796194076538086,,,,,,,
58,,91349,,,,3.5512828826904297,-16.150188446044922,-16.676979064941406,3.5512828826904297,,
,,91399,,,396.317720413208,,,,,,
,,91399,,22.75538444519043,,,,,,,
58,,91399,,,,3.552130699157715,-16.300453186035156,-16.810192108154297,3.552130699157715,,
,,91449,,,401.165246963501,,,,,,
,,91449,,5.650520324707031,,,,,,,
58,,91449,,,,3.548309326171875,-15.95009708404541,-16.448017120361328,3.548309326171875,,
,,91499,,,402.39739418029785,,,,,,
,,91499,,23.311138153076172,,,,,,,
58,,91499,,,,3.5537896156311035,-16.150863647460938,-16.64354705810547,3.5537896156311035,,
,,91549,,,395.0932025909424,,,,,,
,,91549,,5.63812255859375,,,,,,,
58,,91549,,,,3.554860830307007,-15.714967727661133,-16.212358474731445,3.554860830307007,,
,,91599,,,397.62139320373535,,,,,,
,,91599,,22.83787727355957,,,,,,,
58,,91599,,,,3.5578606128692627,-16.226913452148438,-16.7307071685791,3.5578606128692627,,
,,91649,,,411.50712966918945,,,,,,
,,91649,,5.765676498413086,,,,,,,
58,,91649,,,,3.5486021041870117,-16.168006896972656,-16.679889678955078,3.5486021041870117,,
,,91699,,,414.7453308105469,,,,,,
,,91699,,26.98540687561035,,,,,,,
58,,91699,,,,3.557257652282715,-16.03529167175293,-16.523088455200195,3.557257652282715,,
,,91749,,,406.01491928100586,,,,,,
,,91749,,5.994081497192383,,,,,,,
58,,91749,,,,3.55026912689209,-15.664010047912598,-16.141809463500977,3.55026912689209,,
,,91799,,,415.7063961029053,,,,,,
,,91799,,25.616168975830078,,,,,,,
58,,91799,,,,3.5512821674346924,-15.99514389038086,-16.484073638916016,3.5512821674346924,,
,,91849,,,414.9763584136963,,,,,,
,,91849,,7.825613021850586,,,,,,,
58,,91849,,,,3.5487937927246094,-15.740781784057617,-16.231285095214844,3.5487937927246094,,
,,91899,,,431.2589168548584,,,,,,
,,91899,,25.593996047973633,,,,,,,
58,,91899,,,,3.54437255859375,-15.790669441223145,-16.307289123535156,3.54437255859375,,
,,91949,,,421.34690284729004,,,,,,
,,91949,,7.515907287597656,,,,,,,
58,,91949,,,,3.5385046005249023,-16.400541305541992,-16.887781143188477,3.5385046005249023,,
,,91999,,,419.1131591796875,,,,,,
,,91999,,23.718833923339844,,,,,,,
58,,91999,,,,3.544556140899658,-15.810151100158691,-16.320972442626953,3.544556140899658,,
,,92049,,,410.1066589355469,,,,,,
,,92049,,5.65028190612793,,,,,,,
58,,92049,,,,3.549870014190674,-15.831602096557617,-16.308258056640625,3.549870014190674,,
,,92099,,,417.42944717407227,,,,,,
,,92099,,23.412466049194336,,,,,,,
58,,92099,,,,3.546566963195801,-16.49694061279297,-16.98377799987793,3.546566963195801,,
,,92149,,,425.6777763366699,,,,,,
,,92149,,8.38613510131836,,,,,,,
58,,92149,,,,3.545851945877075,-16.01865577697754,-16.52692985534668,3.545851945877075,,
,,92199,,,410.367488861084,,,,,,
,,92199,,24.98316764831543,,,,,,,
58,,92199,,,,3.5506298542022705,-16.1852970123291,-16.673871994018555,3.5506298542022705,,
58,,92216,,,,,,,,-15.955611228942871,-16.374950408935547
,,92217,771.1161811351776,,,,,,,,
,0.0003,92217,,,,,,,,,
,,92249,,,412.37497329711914,,,,,,
,,92249,,5.4416656494140625,,,,,,,
59,,92249,,,,3.5487468242645264,-16.029476165771484,-16.525949478149414,3.5487468242645264,,
,,92299,,,408.88524055480957,,,,,,
,,92299,,22.86553382873535,,,,,,,
59,,92299,,,,3.540861129760742,-15.620172500610352,-16.105932235717773,3.540861129760742,,
,,92349,,,415.6968593597412,,,,,,
,,92349,,6.402254104614258,,,,,,,
59,,92349,,,,3.5511302947998047,-16.038660049438477,-16.533084869384766,3.5511302947998047,,
,,92399,,,419.1417694091797,,,,,,
,,92399,,25.962352752685547,,,,,,,
59,,92399,,,,3.551161766052246,-16.26322364807129,-16.78571891784668,3.551161766052246,,
,,92449,,,415.19713401794434,,,,,,
,,92449,,5.714654922485352,,,,,,,
59,,92449,,,,3.5529162883758545,-16.251014709472656,-16.746376037597656,3.5529162883758545,,
,,92499,,,418.5187816619873,,,,,,
,,92499,,28.30028533935547,,,,,,,
59,,92499,,,,3.550506591796875,-16.189720153808594,-16.67795181274414,3.550506591796875,,
,,92549,,,411.82661056518555,,,,,,
,,92549,,6.899595260620117,,,,,,,
59,,92549,,,,3.5476012229919434,-15.627862930297852,-16.10553741455078,3.5476012229919434,,
,,92599,,,400.0399112701416,,,,,,
,,92599,,23.161649703979492,,,,,,,
59,,92599,,,,3.5569939613342285,-15.837013244628906,-16.328990936279297,3.5569939613342285,,
,,92649,,,401.87907218933105,,,,,,
,,92649,,5.537509918212891,,,,,,,
59,,92649,,,,3.5509262084960938,-16.22724723815918,-16.71822738647461,3.5509262084960938,,
,,92699,,,404.88553047180176,,,,,,
,,92699,,25.61187744140625,,,,,,,
59,,92699,,,,3.5438287258148193,-16.542034149169922,-17.047760009765625,3.5438287258148193,,
,,92749,,,404.85191345214844,,,,,,
,,92749,,7.752656936645508,,,,,,,
59,,92749,,,,3.5540611743927,-15.727668762207031,-16.23015594482422,3.5540611743927,,
,,92799,,,409.9617004394531,,,,,,
,,92799,,27.18520164489746,,,,,,,
59,,92799,,,,3.5477781295776367,-15.998296737670898,-16.482019424438477,3.5477781295776367,,
,,92849,,,403.3644199371338,,,,,,
,,92849,,5.448579788208008,,,,,,,
59,,92849,,,,3.554483652114868,-15.780027389526367,-16.28230094909668,3.554483652114868,,
,,92899,,,410.9821319580078,,,,,,
,,92899,,22.792816162109375,,,,,,,
59,,92899,,,,3.5494608879089355,-16.084545135498047,-16.59394073486328,3.5494608879089355,,
,,92949,,,396.5015411376953,,,,,,
,,92949,,7.2650909423828125,,,,,,,
59,,92949,,,,3.554265260696411,-15.871221542358398,-16.372053146362305,3.554265260696411,,
,,92999,,,414.7493839263916,,,,,,
,,92999,,26.914358139038086,,,,,,,
59,,92999,,,,3.5454745292663574,-15.878650665283203,-16.417339324951172,3.5454745292663574,,
,,93049,,,402.7106761932373,,,,,,
,,93049,,5.561113357543945,,,,,,,
59,,93049,,,,3.538914203643799,-16.0123233795166,-16.49541473388672,3.538914203643799,,
,,93099,,,408.8022708892822,,,,,,
,,93099,,23.332595825195312,,,,,,,
59,,93099,,,,3.5390570163726807,-16.124788284301758,-16.622894287109375,3.5390570163726807,,
,,93149,,,410.9022617340088,,,,,,
,,93149,,7.015705108642578,,,,,,,
59,,93149,,,,3.554413318634033,-15.747784614562988,-16.239070892333984,3.554413318634033,,
,,93199,,,415.27795791625977,,,,,,
,,93199,,24.055957794189453,,,,,,,
59,,93199,,,,3.556361675262451,-15.915294647216797,-16.413124084472656,3.556361675262451,,
,,93249,,,402.5232791900635,,,,,,
,,93249,,5.51605224609375,,,,,,,
59,,93249,,,,3.554533004760742,-16.058486938476562,-16.54512596130371,3.554533004760742,,
,,93299,,,413.10620307922363,,,,,,
,,93299,,28.20301055908203,,,,,,,
59,,93299,,,,3.547846555709839,-15.919747352600098,-16.423377990722656,3.547846555709839,,
,,93349,,,417.13953018188477,,,,,,
,,93349,,7.076740264892578,,,,,,,
59,,93349,,,,3.5491747856140137,-15.798051834106445,-16.29933738708496,3.5491747856140137,,
,,93399,,,410.5374813079834,,,,,,
,,93399,,26.804208755493164,,,,,,,
59,,93399,,,,3.552483558654785,-15.975442886352539,-16.483612060546875,3.552483558654785,,
,,93449,,,406.35037422180176,,,,,,
,,93449,,5.639076232910156,,,,,,,
59,,93449,,,,3.5472984313964844,-15.375574111938477,-15.87914752960205,3.5472984313964844,,
,,93499,,,410.21728515625,,,,,,
,,93499,,25.609731674194336,,,,,,,
59,,93499,,,,3.5470473766326904,-15.90993881225586,-16.391218185424805,3.5470473766326904,,
,,93549,,,405.5342674255371,,,,,,
,,93549,,8.219242095947266,,,,,,,
59,,93549,,,,3.5415022373199463,-15.797853469848633,-16.298547744750977,3.5415022373199463,,
,,93599,,,418.03812980651855,,,,,,
,,93599,,27.781963348388672,,,,,,,
59,,93599,,,,3.544487953186035,-16.018917083740234,-16.517202377319336,3.544487953186035,,
,,93649,,,414.03889656066895,,,,,,
,,93649,,8.466005325317383,,,,,,,
59,,93649,,,,3.547650098800659,-16.199264526367188,-16.70708465576172,3.547650098800659,,
,,93699,,,411.70740127563477,,,,,,
,,93699,,27.872800827026367,,,,,,,
59,,93699,,,,3.5546441078186035,-15.834251403808594,-16.34084701538086,3.5546441078186035,,
,,93749,,,408.7369441986084,,,,,,
,,93749,,7.071495056152344,,,,,,,
59,,93749,,,,3.539250373840332,-16.266124725341797,-16.767032623291016,3.539250373840332,,
59,,93779,,,,,,,,-15.958235740661621,-16.38018226623535
,,93780,772.4885568618774,,,,,,,,
,0.0003,93780,,,,,,,,,
,,93799,,,412.0829105377197,,,,,,
,,93799,,25.23350715637207,,,,,,,
60,,93799,,,,3.555720329284668,-16.113162994384766,-16.616012573242188,3.555720329284668,,
,,93849,,,408.94508361816406,,,,,,
,,93849,,6.900548934936523,,,,,,,
60,,93849,,,,3.5537986755371094,-15.90323257446289,-16.417583465576172,3.5537986755371094,,
,,93899,,,408.71214866638184,,,,,,
,,93899,,27.61101722717285,,,,,,,
60,,93899,,,,3.5442912578582764,-15.901788711547852,-16.404449462890625,3.5442912578582764,,
,,93949,,,412.3880863189697,,,,,,
,,93949,,8.275032043457031,,,,,,,
60,,93949,,,,3.54934024810791,-16.05998992919922,-16.582258224487305,3.54934024810791,,
,,93999,,,407.45043754577637,,,,,,
,,93999,,25.198698043823242,,,,,,,
60,,93999,,,,3.547557830810547,-15.435176849365234,-15.932975769042969,3.547557830810547,,
,,94049,,,402.59385108947754,,,,,,
,,94049,,5.535125732421875,,,,,,,
60,,94049,,,,3.544100761413574,-16.415332794189453,-16.92542839050293,3.544100761413574,,
,,94099,,,409.0099334716797,,,,,,
,,94099,,26.46660804748535,,,,,,,
60,,94099,,,,3.5541768074035645,-16.037952423095703,-16.536985397338867,3.5541768074035645,,
,,94149,,,402.06313133239746,,,,,,
,,94149,,5.606174468994141,,,,,,,
60,,94149,,,,3.5487353801727295,-15.792952537536621,-16.28209114074707,3.5487353801727295,,
,,94199,,,413.56945037841797,,,,,,
,,94199,,22.91393280029297,,,,,,,
60,,94199,,,,3.5472209453582764,-15.645502090454102,-16.147037506103516,3.5472209453582764,,
,,94249,,,406.66913986206055,,,,,,
,,94249,,7.596015930175781,,,,,,,
60,,94249,,,,3.5476207733154297,-15.962059020996094,-16.431316375732422,3.5476207733154297,,
,,94299,,,407.34124183654785,,,,,,
,,94299,,26.12161636352539,,,,,,,
60,,94299,,,,3.551421642303467,-16.255306243896484,-16.7384033203125,3.551421642303467,,
,,94349,,,403.3856391906738,,,,,,
,,94349,,5.524396896362305,,,,,,,
60,,94349,,,,3.5482325553894043,-15.85816764831543,-16.353065490722656,3.5482325553894043,,
,,94399,,,411.487340927124,,,,,,
,,94399,,25.39205551147461,,,,,,,
60,,94399,,,,3.5462794303894043,-16.163320541381836,-16.658782958984375,3.5462794303894043,,
,,94449,,,413.05017471313477,,,,,,
,,94449,,7.585048675537109,,,,,,,
60,,94449,,,,3.5450899600982666,-16.042278289794922,-16.538270950317383,3.5450899600982666,,
,,94499,,,407.54103660583496,,,,,,
,,94499,,27.27985382080078,,,,,,,
60,,94499,,,,3.5483860969543457,-16.183698654174805,-16.67559814453125,3.5483860969543457,,
,,94549,,,405.928373336792,,,,,,
,,94549,,7.840633392333984,,,,,,,
60,,94549,,,,3.5460121631622314,-15.944303512573242,-16.457231521606445,3.5460121631622314,,
,,94599,,,407.1080684661865,,,,,,
,,94599,,29.556989669799805,,,,,,,
60,,94599,,,,3.5507476329803467,-15.827457427978516,-16.312541961669922,3.5507476329803467,,
,,94649,,,413.10739517211914,,,,,,
,,94649,,7.006406784057617,,,,,,,
60,,94649,,,,3.545283079147339,-16.120243072509766,-16.59621810913086,3.545283079147339,,
,,94699,,,411.4203453063965,,,,,,
,,94699,,22.972583770751953,,,,,,,
60,,94699,,,,3.5383458137512207,-16.095129013061523,-16.586172103881836,3.5383458137512207,,
,,94749,,,408.6015224456787,,,,,,
,,94749,,6.957769393920898,,,,,,,
60,,94749,,,,3.544735908508301,-15.919878005981445,-16.404373168945312,3.544735908508301,,
,,94799,,,412.66560554504395,,,,,,
,,94799,,27.46295928955078,,,,,,,
60,,94799,,,,3.543339967727661,-15.887645721435547,-16.38749885559082,3.543339967727661,,
,,94849,,,407.14144706726074,,,,,,
,,94849,,8.553266525268555,,,,,,,
60,,94849,,,,3.552567481994629,-15.837005615234375,-16.30787467956543,3.552567481994629,,
,,94899,,,411.78202629089355,,,,,,
,,94899,,27.968883514404297,,,,,,,
60,,94899,,,,3.5494494438171387,-15.995685577392578,-16.491323471069336,3.5494494438171387,,
,,94949,,,419.27337646484375,,,,,,
,,94949,,6.717443466186523,,,,,,,
60,,94949,,,,3.550031900405884,-16.350374221801758,-16.86227035522461,3.550031900405884,,
,,94999,,,410.7084274291992,,,,,,
,,94999,,23.483991622924805,,,,,,,
60,,94999,,,,3.5467946529388428,-16.000324249267578,-16.493913650512695,3.5467946529388428,,
,,95049,,,407.96971321105957,,,,,,
,,95049,,8.073806762695312,,,,,,,
60,,95049,,,,3.5431346893310547,-16.075912475585938,-16.578353881835938,3.5431346893310547,,
,,95099,,,407.085657119751,,,,,,
,,95099,,25.57373046875,,,,,,,
60,,95099,,,,3.54927921295166,-16.24058723449707,-16.742172241210938,3.54927921295166,,
,,95149,,,414.43347930908203,,,,,,
,,95149,,8.402824401855469,,,,,,,
60,,95149,,,,3.5493974685668945,-16.148569107055664,-16.64427947998047,3.5493974685668945,,
,,95199,,,408.30445289611816,,,,,,
,,95199,,29.660940170288086,,,,,,,
60,,95199,,,,3.552828073501587,-15.840161323547363,-16.34941291809082,3.552828073501587,,
,,95249,,,410.84814071655273,,,,,,
,,95249,,6.582736968994141,,,,,,,
60,,95249,,,,3.556631088256836,-15.784918785095215,-16.276384353637695,3.556631088256836,,
,,95299,,,398.6396789550781,,,,,,
,,95299,,26.06487274169922,,,,,,,
60,,95299,,,,3.5505692958831787,-15.918167114257812,-16.415660858154297,3.5505692958831787,,
60,,95342,,,,,,,,-15.960700035095215,-16.3768367767334
,,95343,771.4170579910278,,,,,,,,
,0.0003,95343,,,,,,,,,
,,95349,,,410.4034900665283,,,,,,
,,95349,,8.676290512084961,,,,,,,
61,,95349,,,,3.54839825630188,-15.750102996826172,-16.241901397705078,3.54839825630188,,
,,95399,,,406.3448905944824,,,,,,
,,95399,,29.427766799926758,,,,,,,
61,,95399,,,,3.5415260791778564,-16.30573272705078,-16.804536819458008,3.5415260791778564,,
,,95449,,,422.8956699371338,,,,,,
,,95449,,8.352041244506836,,,,,,,
61,,95449,,,,3.5531909465789795,-15.801288604736328,-16.28837776184082,3.5531909465789795,,
,,95499,,,427.1841049194336,,,,,,
,,95499,,27.226924896240234,,,,,,,
61,,95499,,,,3.5507049560546875,-15.949539184570312,-16.455936431884766,3.5507049560546875,,
,,95549,,,424.35145378112793,,,,,,
,,95549,,8.155584335327148,,,,,,,
61,,95549,,,,3.5541882514953613,-16.175586700439453,-16.689067840576172,3.5541882514953613,,
,,95599,,,428.87258529663086,,,,,,
,,95599,,25.19369125366211,,,,,,,
61,,95599,,,,3.5491349697113037,-16.357364654541016,-16.870573043823242,3.5491349697113037,,
,,95649,,,427.95681953430176,,,,,,
,,95649,,7.9021453857421875,,,,,,,
61,,95649,,,,3.5557165145874023,-15.520502090454102,-15.990456581115723,3.5557165145874023,,
,,95699,,,430.2668571472168,,,,,,
,,95699,,25.357723236083984,,,,,,,
61,,95699,,,,3.5486083030700684,-16.374271392822266,-16.87753677368164,3.5486083030700684,,
,,95749,,,410.1598262786865,,,,,,
,,95749,,7.684469223022461,,,,,,,
61,,95749,,,,3.543431282043457,-16.126327514648438,-16.625003814697266,3.543431282043457,,
,,95799,,,405.70068359375,,,,,,
,,95799,,23.193359375,,,,,,,
61,,95799,,,,3.5491137504577637,-16.145694732666016,-16.618518829345703,3.5491137504577637,,
,,95849,,,407.46378898620605,,,,,,
,,95849,,5.547285079956055,,,,,,,
61,,95849,,,,3.548842668533325,-16.03954315185547,-16.555498123168945,3.548842668533325,,
,,95899,,,409.05261039733887,,,,,,
,,95899,,28.636455535888672,,,,,,,
61,,95899,,,,3.54758358001709,-15.765548706054688,-16.27119255065918,3.54758358001709,,
,,95949,,,412.3368263244629,,,,,,
,,95949,,8.08858871459961,,,,,,,
61,,95949,,,,3.5517942905426025,-16.150390625,-16.64771270751953,3.5517942905426025,,
,,95999,,,418.1084632873535,,,,,,
,,95999,,29.156923294067383,,,,,,,
61,,95999,,,,3.540281295776367,-16.33123016357422,-16.843564987182617,3.540281295776367,,
,,96049,,,404.80637550354004,,,,,,
,,96049,,7.174015045166016,,,,,,,
61,,96049,,,,3.5505778789520264,-16.066686630249023,-16.564178466796875,3.5505778789520264,,
,,96099,,,401.0939598083496,,,,,,
,,96099,,23.644208908081055,,,,,,,
61,,96099,,,,3.5474493503570557,-15.416520118713379,-15.912633895874023,3.5474493503570557,,
,,96149,,,404.5276641845703,,,,,,
,,96149,,8.231639862060547,,,,,,,
61,,96149,,,,3.5499980449676514,-16.11142349243164,-16.610219955444336,3.5499980449676514,,
,,96199,,,408.7514877319336,,,,,,
,,96199,,22.928953170776367,,,,,,,
61,,96199,,,,3.54687237739563,-15.803506851196289,-16.296573638916016,3.54687237739563,,
,,96249,,,404.12163734436035,,,,,,
,,96249,,5.625009536743164,,,,,,,
61,,96249,,,,3.553226947784424,-15.799869537353516,-16.29108428955078,3.553226947784424,,
,,96299,,,408.6787700653076,,,,,,
,,96299,,29.378652572631836,,,,,,,
61,,96299,,,,3.544403314590454,-16.236412048339844,-16.73210906982422,3.544403314590454,,
,,96349,,,409.3799591064453,,,,,,
,,96349,,7.853984832763672,,,,,,,
61,,96349,,,,3.5529191493988037,-16.38066864013672,-16.880895614624023,3.5529191493988037,,
,,96399,,,407.6828956604004,,,,,,
,,96399,,27.370691299438477,,,,,,,
61,,96399,,,,3.553877830505371,-15.807511329650879,-16.31684112548828,3.553877830505371,,
,,96449,,,408.827543258667,,,,,,
,,96449,,8.078336715698242,,,,,,,
61,,96449,,,,3.552732229232788,-15.848702430725098,-16.35565757751465,3.552732229232788,,
,,96499,,,412.8222465515137,,,,,,
,,96499,,24.609088897705078,,,,,,,
61,,96499,,,,3.5491998195648193,-15.9865140914917,-16.481185913085938,3.5491998195648193,,
,,96549,,,411.9136333465576,,,,,,
,,96549,,6.528139114379883,,,,,,,
61,,96549,,,,3.551701068878174,-15.842494010925293,-16.327423095703125,3.551701068878174,,
,,96599,,,407.5448513031006,,,,,,
,,96599,,27.786970138549805,,,,,,,
61,,96599,,,,3.5509033203125,-15.784902572631836,-16.274919509887695,3.5509033203125,,
,,96649,,,395.9043025970459,,,,,,
,,96649,,5.512475967407227,,,,,,,
61,,96649,,,,3.549103260040283,-16.565343856811523,-17.087501525878906,3.549103260040283,,
,,96699,,,412.5056266784668,,,,,,
,,96699,,28.031110763549805,,,,,,,
61,,96699,,,,3.545231342315674,-15.89271068572998,-16.385889053344727,3.545231342315674,,
,,96749,,,413.67101669311523,,,,,,
,,96749,,8.172273635864258,,,,,,,
61,,96749,,,,3.5473439693450928,-16.084548950195312,-16.5748291015625,3.5473439693450928,,
,,96799,,,413.47432136535645,,,,,,
,,96799,,29.165029525756836,,,,,,,
61,,96799,,,,3.5471441745758057,-15.878084182739258,-16.385528564453125,3.5471441745758057,,
,,96849,,,399.40690994262695,,,,,,
,,96849,,5.511999130249023,,,,,,,
61,,96849,,,,3.5463380813598633,-16.028114318847656,-16.531118392944336,3.5463380813598633,,
,,96899,,,402.65798568725586,,,,,,
,,96899,,27.46725082397461,,,,,,,
61,,96899,,,,3.545952081680298,-15.899410247802734,-16.40050506591797,3.545952081680298,,
61,,96905,,,,,,,,-15.949318885803223,-16.36588478088379
,,96906,775.7366185188293,,,,,,,,
,0.0003,96906,,,,,,,,,
,,96949,,,398.27537536621094,,,,,,
,,96949,,5.668878555297852,,,,,,,
62,,96949,,,,3.557827949523926,-15.986442565917969,-16.482473373413086,3.557827949523926,,
,,96999,,,401.792049407959,,,,,,
,,96999,,22.91584014892578,,,,,,,
62,,96999,,,,3.545067071914673,-16.08565902709961,-16.579360961914062,3.545067071914673,,
,,97049,,,398.0560302734375,,,,,,
,,97049,,5.599737167358398,,,,,,,
62,,97049,,,,3.5518150329589844,-15.977238655090332,-16.485260009765625,3.5518150329589844,,
,,97099,,,397.8283405303955,,,,,,
,,97099,,23.000717163085938,,,,,,,
62,,97099,,,,3.544691801071167,-16.11894989013672,-16.60567855834961,3.544691801071167,,
,,97149,,,406.2771797180176,,,,,,
,,97149,,5.7582855224609375,,,,,,,
62,,97149,,,,3.5495779514312744,-15.4808349609375,-15.986138343811035,3.5495779514312744,,
,,97199,,,400.5551338195801,,,,,,
,,97199,,22.94778823852539,,,,,,,
62,,97199,,,,3.549347162246704,-16.080074310302734,-16.590673446655273,3.549347162246704,,
,,97249,,,403.20444107055664,,,,,,
,,97249,,5.528688430786133,,,,,,,
62,,97249,,,,3.5457615852355957,-16.141708374023438,-16.64158821105957,3.5457615852355957,,
,,97299,,,410.3529453277588,,,,,,
,,97299,,22.928953170776367,,,,,,,
62,,97299,,,,3.548285961151123,-15.709447860717773,-16.206350326538086,3.548285961151123,,
,,97349,,,398.58388900756836,,,,,,
,,97349,,5.629539489746094,,,,,,,
62,,97349,,,,3.5403716564178467,-16.11979866027832,-16.612323760986328,3.5403716564178467,,
,,97399,,,398.66042137145996,,,,,,
,,97399,,23.3151912689209,,,,,,,
62,,97399,,,,3.5571532249450684,-16.008119583129883,-16.49991226196289,3.5571532249450684,,
,,97449,,,398.50306510925293,,,,,,
,,97449,,5.789756774902344,,,,,,,
62,,97449,,,,3.546067237854004,-16.128372192382812,-16.638948440551758,3.546067237854004,,
,,97499,,,401.6730785369873,,,,,,
,,97499,,23.076295852661133,,,,,,,
62,,97499,,,,3.5536458492279053,-16.089197158813477,-16.595518112182617,3.5536458492279053,,
,,97549,,,401.2892246246338,,,,,,
,,97549,,5.604028701782227,,,,,,,
62,,97549,,,,3.5516445636749268,-16.167871475219727,-16.68695068359375,3.5516445636749268,,
,,97599,,,405.6103229522705,,,,,,
,,97599,,27.79245376586914,,,,,,,
62,,97599,,,,3.5552189350128174,-16.394033432006836,-16.901317596435547,3.5552189350128174,,
,,97649,,,412.8141403198242,,,,,,
,,97649,,5.622625350952148,,,,,,,
62,,97649,,,,3.5509965419769287,-16.06179428100586,-16.563058853149414,3.5509965419769287,,
,,97699,,,406.8324565887451,,,,,,
,,97699,,28.560400009155273,,,,,,,
62,,97699,,,,3.5455093383789062,-16.348831176757812,-16.833349227905273,3.5455093383789062,,
,,97749,,,407.7272415161133,,,,,,
,,97749,,5.693674087524414,,,,,,,
62,,97749,,,,3.550576686859131,-16.348594665527344,-16.855480194091797,3.550576686859131,,
,,97799,,,401.2453556060791,,,,,,
,,97799,,23.38886260986328,,,,,,,
62,,97799,,,,3.5429210662841797,-15.730178833007812,-16.23194694519043,3.5429210662841797,,
,,97849,,,407.57060050964355,,,,,,
,,97849,,8.370399475097656,,,,,,,
62,,97849,,,,3.5421125888824463,-15.975439071655273,-16.454853057861328,3.5421125888824463,,
,,97899,,,414.0777587890625,,,,,,
,,97899,,24.667739868164062,,,,,,,
62,,97899,,,,3.5464019775390625,-16.073307037353516,-16.584354400634766,3.5464019775390625,,
,,97949,,,413.09118270874023,,,,,,
,,97949,,8.871078491210938,,,,,,,
62,,97949,,,,3.544907569885254,-16.029888153076172,-16.555797576904297,3.544907569885254,,
,,97999,,,418.654203414917,,,,,,
,,97999,,26.192903518676758,,,,,,,
62,,97999,,,,3.544773578643799,-15.87074089050293,-16.347393035888672,3.544773578643799,,
,,98049,,,409.5613956451416,,,,,,
,,98049,,7.941722869873047,,,,,,,
62,,98049,,,,3.541736125946045,-16.086326599121094,-16.578794479370117,3.541736125946045,,
,,98099,,,413.0215644836426,,,,,,
,,98099,,26.987075805664062,,,,,,,
62,,98099,,,,3.5510430335998535,-15.689312934875488,-16.19474983215332,3.5510430335998535,,
,,98149,,,409.18827056884766,,,,,,
,,98149,,6.927251815795898,,,,,,,
62,,98149,,,,3.539616584777832,-15.843503952026367,-16.364543914794922,3.539616584777832,,
,,98199,,,405.7300090789795,,,,,,
,,98199,,26.28016471862793,,,,,,,
62,,98199,,,,3.5406389236450195,-16.071102142333984,-16.566801071166992,3.5406389236450195,,
,,98249,,,413.91921043395996,,,,,,
,,98249,,8.144617080688477,,,,,,,
62,,98249,,,,3.5402071475982666,-15.890921592712402,-16.411252975463867,3.5402071475982666,,
,,98299,,,423.04468154907227,,,,,,
,,98299,,27.535200119018555,,,,,,,
62,,98299,,,,3.5398402214050293,-15.96629524230957,-16.46013832092285,3.5398402214050293,,
,,98349,,,420.05300521850586,,,,,,
,,98349,,7.309198379516602,,,,,,,
62,,98349,,,,3.5500283241271973,-15.781561851501465,-16.27866554260254,3.5500283241271973,,
,,98399,,,416.61810874938965,,,,,,
,,98399,,24.169921875,,,,,,,
62,,98399,,,,3.5578856468200684,-16.356767654418945,-16.852123260498047,3.5578856468200684,,
,,98449,,,406.51440620422363,,,,,,
,,98449,,8.24427604675293,,,,,,,
62,,98449,,,,3.5550506114959717,-16.12830352783203,-16.648475646972656,3.5550506114959717,,
62,,98468,,,,,,,,-15.949170112609863,-16.369821548461914
,,98469,766.1370034217834,,,,,,,,
,0.0003,98469,,,,,,,,,
,,98499,,,407.7904224395752,,,,,,
,,98499,,26.034116744995117,,,,,,,
63,,98499,,,,3.5449867248535156,-16.144237518310547,-16.637392044067383,3.5449867248535156,,
,,98549,,,406.4459800720215,,,,,,
,,98549,,5.556583404541016,,,,,,,
63,,98549,,,,3.5407779216766357,-16.634061813354492,-17.13353157043457,3.5407779216766357,,
,,98599,,,399.86634254455566,,,,,,
,,98599,,23.39005470275879,,,,,,,
63,,98599,,,,3.551053762435913,-15.838916778564453,-16.319807052612305,3.551053762435913,,
,,98649,,,400.88820457458496,,,,,,
,,98649,,5.440711975097656,,,,,,,
63,,98649,,,,3.5532734394073486,-16.00676918029785,-16.488527297973633,3.5532734394073486,,
,,98699,,,404.7107696533203,,,,,,
,,98699,,24.359464645385742,,,,,,,
63,,98699,,,,3.5481133460998535,-15.991204261779785,-16.479869842529297,3.5481133460998535,,
,,98749,,,407.29641914367676,,,,,,
,,98749,,6.657600402832031,,,,,,,
63,,98749,,,,3.5384297370910645,-16.120384216308594,-16.62967300415039,3.5384297370910645,,
,,98799,,,400.44283866882324,,,,,,
,,98799,,22.830963134765625,,,,,,,
63,,98799,,,,3.5510504245758057,-15.973065376281738,-16.469940185546875,3.5510504245758057,,
,,98849,,,397.0470428466797,,,,,,
,,98849,,5.446434020996094,,,,,,,
63,,98849,,,,3.55741024017334,-15.611570358276367,-16.09931755065918,3.55741024017334,,
,,98899,,,396.8949317932129,,,,,,
,,98899,,22.940635681152344,,,,,,,
63,,98899,,,,3.5439350605010986,-16.089630126953125,-16.588451385498047,3.5439350605010986,,
,,98949,,,395.98727226257324,,,,,,
,,98949,,5.462169647216797,,,,,,,
63,,98949,,,,3.538869857788086,-16.113243103027344,-16.586977005004883,3.538869857788086,,
,,98999,,,411.04960441589355,,,,,,
,,98999,,37.86826133728027,,,,,,,
63,,98999,,,,3.5511608123779297,-16.158634185791016,-16.657434463500977,3.5511608123779297,,
,,99049,,,411.00621223449707,,,,,,
,,99049,,8.358001708984375,,,,,,,
63,,99049,,,,3.5501623153686523,-15.611967086791992,-16.116432189941406,3.5501623153686523,,
,,99099,,,399.43695068359375,,,,,,
,,99099,,23.450851440429688,,,,,,,
63,,99099,,,,3.549333333969116,-16.34424591064453,-16.825822830200195,3.549333333969116,,
,,99149,,,404.84142303466797,,,,,,
,,99149,,7.801055908203125,,,,,,,
63,,99149,,,,3.5458779335021973,-16.064971923828125,-16.545854568481445,3.5458779335021973,,
,,99199,,,402.3761749267578,,,,,,
,,99199,,22.95660972595215,,,,,,,
63,,99199,,,,3.545138120651245,-16.32210922241211,-16.832212448120117,3.545138120651245,,
,,99249,,,401.3857841491699,,,,,,
,,99249,,7.900238037109375,,,,,,,
63,,99249,,,,3.550910472869873,-16.30892562866211,-16.80853843688965,3.550910472869873,,
,,99299,,,407.062292098999,,,,,,
,,99299,,26.639938354492188,,,,,,,
63,,99299,,,,3.5467474460601807,-16.04787826538086,-16.54468536376953,3.5467474460601807,,
,,99349,,,409.0235233306885,,,,,,
,,99349,,6.804704666137695,,,,,,,
63,,99349,,,,3.551544189453125,-15.997404098510742,-16.493627548217773,3.551544189453125,,
,,99399,,,410.43996810913086,,,,,,
,,99399,,23.016929626464844,,,,,,,
63,,99399,,,,3.540560722351074,-15.597929000854492,-16.098417282104492,3.540560722351074,,
,,99449,,,407.0248603820801,,,,,,
,,99449,,5.603551864624023,,,,,,,
63,,99449,,,,3.547701835632324,-16.120622634887695,-16.58753776550293,3.547701835632324,,
,,99499,,,411.7088317871094,,,,,,
,,99499,,28.3358097076416,,,,,,,
63,,99499,,,,3.5560083389282227,-15.759612083435059,-16.236114501953125,3.5560083389282227,,
,,99549,,,408.9784622192383,,,,,,
,,99549,,7.192134857177734,,,,,,,
63,,99549,,,,3.5415477752685547,-16.061594009399414,-16.540307998657227,3.5415477752685547,,
,,99599,,,404.2503833770752,,,,,,
,,99599,,29.124736785888672,,,,,,,
63,,99599,,,,3.548985481262207,-15.761184692382812,-16.280019760131836,3.548985481262207,,
,,99649,,,404.8616886138916,,,,,,
,,99649,,8.803844451904297,,,,,,,
63,,99649,,,,3.5468389987945557,-15.859314918518066,-16.335969924926758,3.5468389987945557,,
,,99699,,,410.595178604126,,,,,,
,,99699,,28.206825256347656,,,,,,,
63,,99699,,,,3.5537686347961426,-16.03314971923828,-16.520071029663086,3.5537686347961426,,
,,99749,,,428.82847785949707,,,,,,
,,99749,,9.15384292602539,,,,,,,
63,,99749,,,,3.5415360927581787,-16.432586669921875,-16.937122344970703,3.5415360927581787,,
,,99799,,,427.5670051574707,,,,,,
,,99799,,25.644540786743164,,,,,,,
63,,99799,,,,3.547637462615967,-15.746062278747559,-16.24577522277832,3.547637462615967,,
,,99849,,,428.15375328063965,,,,,,
,,99849,,10.248899459838867,,,,,,,
63,,99849,,,,3.5502233505249023,-15.996849060058594,-16.513927459716797,3.5502233505249023,,
,,99899,,,432.2483539581299,,,,,,
,,99899,,29.02054786682129,,,,,,,
63,,99899,,,,3.548521041870117,-15.745481491088867,-16.231069564819336,3.548521041870117,,
,,99949,,,429.23641204833984,,,,,,
,,99949,,8.784770965576172,,,,,,,
63,,99949,,,,3.554598331451416,-15.941051483154297,-16.4610538482666,3.554598331451416,,
,,99999,,,431.4608573913574,,,,,,
,,99999,,26.970863342285156,,,,,,,
63,,99999,,,,3.5479161739349365,-16.345977783203125,-16.82564926147461,3.5479161739349365,,
63,,100031,,,,,,,,-15.948914527893066,-16.365314483642578
,,100032,774.4800088405609,,,,,,,,
,0.0003,100032,,,,,,,,,
,,100049,,,428.4331798553467,,,,,,
,,100049,,9.68027114868164,,,,,,,
64,,100049,,,,3.5490801334381104,-15.51528549194336,-16.007726669311523,3.5490801334381104,,
,,100099,,,432.8339099884033,,,,,,
,,100099,,30.245542526245117,,,,,,,
64,,100099,,,,3.549800395965576,-16.1478328704834,-16.650590896606445,3.549800395965576,,
,,100149,,,429.4250011444092,,,,,,
,,100149,,10.077714920043945,,,,,,,
64,,100149,,,,3.5492963790893555,-16.407135009765625,-16.915319442749023,3.5492963790893555,,
,,100199,,,436.4469051361084,,,,,,
,,100199,,27.958393096923828,,,,,,,
64,,100199,,,,3.5469791889190674,-15.981681823730469,-16.48048973083496,3.5469791889190674,,
,,100249,,,424.9920845031738,,,,,,
,,100249,,8.936166763305664,,,,,,,
64,,100249,,,,3.5517418384552,-15.938680648803711,-16.44452667236328,3.5517418384552,,
,,100299,,,433.81500244140625,,,,,,
,,100299,,25.595903396606445,,,,,,,
64,,100299,,,,3.547374725341797,-15.836970329284668,-16.32025146484375,3.547374725341797,,
,,100349,,,427.6268482208252,,,,,,
,,100349,,8.382797241210938,,,,,,,
64,,100349,,,,3.54443359375,-16.332637786865234,-16.82228660583496,3.54443359375,,
,,100399,,,428.15399169921875,,,,,,
,,100399,,27.953386306762695,,,,,,,
64,,100399,,,,3.5474629402160645,-15.589011192321777,-16.083858489990234,3.5474629402160645,,
,,100449,,,431.7314624786377,,,,,,
,,100449,,8.188486099243164,,,,,,,
64,,100449,,,,3.5456461906433105,-16.019210815429688,-16.519704818725586,3.5456461906433105,,
,,100499,,,424.3154525756836,,,,,,
,,100499,,29.283761978149414,,,,,,,
64,,100499,,,,3.5363824367523193,-16.31246566772461,-16.800683975219727,3.5363824367523193,,
,,100549,,,430.05824089050293,,,,,,
,,100549,,8.289813995361328,,,,,,,
64,,100549,,,,3.548173189163208,-16.19934844970703,-16.69476318359375,3.548173189163208,,
,,100599,,,425.40764808654785,,,,,,
,,100599,,26.69048309326172,,,,,,,
64,,100599,,,,3.5458879470825195,-15.698866844177246,-16.200265884399414,3.5458879470825195,,
,,100649,,,429.2340278625488,,,,,,
,,100649,,8.429765701293945,,,,,,,
64,,100649,,,,3.550337791442871,-16.161624908447266,-16.648984909057617,3.550337791442871,,
,,100699,,,431.54001235961914,,,,,,
,,100699,,29.1748046875,,,,,,,
64,,100699,,,,3.5466275215148926,-15.794808387756348,-16.30165672302246,3.5466275215148926,,
,,100749,,,432.8129291534424,,,,,,
,,100749,,8.702516555786133,,,,,,,
64,,100749,,,,3.5514492988586426,-15.930557250976562,-16.43398094177246,3.5514492988586426,,
,,100799,,,436.45238876342773,,,,,,
,,100799,,25.96139907836914,,,,,,,
64,,100799,,,,3.551860809326172,-16.544004440307617,-17.026342391967773,3.551860809326172,,
,,100849,,,434.6048831939697,,,,,,
,,100849,,7.954597473144531,,,,,,,
64,,100849,,,,3.555072546005249,-15.950946807861328,-16.43372917175293,3.555072546005249,,
,,100899,,,430.2489757537842,,,,,,
,,100899,,27.683496475219727,,,,,,,
64,,100899,,,,3.543565034866333,-16.08777618408203,-16.575538635253906,3.543565034866333,,
,,100949,,,436.4750385284424,,,,,,
,,100949,,8.775711059570312,,,,,,,
64,,100949,,,,3.546745538711548,-16.057409286499023,-16.528886795043945,3.546745538711548,,
,,100999,,,438.3819103240967,,,,,,
,,100999,,25.91872215270996,,,,,,,
64,,100999,,,,3.547581911087036,-15.824567794799805,-16.323890686035156,3.547581911087036,,
,,101049,,,434.2682361602783,,,,,,
,,101049,,8.690118789672852,,,,,,,
64,,101049,,,,3.54906964302063,-16.474746704101562,-16.960845947265625,3.54906964302063,,
,,101099,,,431.6070079803467,,,,,,
,,101099,,25.806903839111328,,,,,,,
64,,101099,,,,3.550495147705078,-15.9249267578125,-16.42803955078125,3.550495147705078,,
,,101149,,,434.61060523986816,,,,,,
,,101149,,8.51893424987793,,,,,,,
64,,101149,,,,3.551204204559326,-15.661792755126953,-16.15213394165039,3.551204204559326,,
,,101199,,,433.83264541625977,,,,,,
,,101199,,25.68340301513672,,,,,,,
64,,101199,,,,3.5474514961242676,-15.687173843383789,-16.180877685546875,3.5474514961242676,,
,,101249,,,428.5321235656738,,,,,,
,,101249,,8.442401885986328,,,,,,,
64,,101249,,,,3.5395305156707764,-16.098106384277344,-16.59426498413086,3.5395305156707764,,
,,101299,,,430.10663986206055,,,,,,
,,101299,,27.379512786865234,,,,,,,
64,,101299,,,,3.5461883544921875,-15.933025360107422,-16.429019927978516,3.5461883544921875,,
,,101349,,,433.15744400024414,,,,,,
,,101349,,8.266210556030273,,,,,,,
64,,101349,,,,3.5424163341522217,-15.650036811828613,-16.149822235107422,3.5424163341522217,,
,,101399,,,431.74147605895996,,,,,,
,,101399,,26.93009376525879,,,,,,,
64,,101399,,,,3.5436766147613525,-15.994397163391113,-16.50554084777832,3.5436766147613525,,
,,101449,,,426.1136054992676,,,,,,
,,101449,,8.140802383422852,,,,,,,
64,,101449,,,,3.5498313903808594,-16.427410125732422,-16.924509048461914,3.5498313903808594,,
,,101499,,,432.07526206970215,,,,,,
,,101499,,28.55849266052246,,,,,,,
64,,101499,,,,3.544004201889038,-16.338518142700195,-16.84547996520996,3.544004201889038,,
,,101549,,,434.28492546081543,,,,,,
,,101549,,8.449554443359375,,,,,,,
64,,101549,,,,3.5473461151123047,-15.957533836364746,-16.454328536987305,3.5473461151123047,,
64,,101594,,,,,,,,-15.9513578414917,-16.36876678466797
,,101595,808.4345080852509,,,,,,,,
,0.0003,101595,,,,,,,,,
,,101599,,,432.79266357421875,,,,,,
,,101599,,25.158405303955078,,,,,,,
65,,101599,,,,3.5508534908294678,-16.043378829956055,-16.54050064086914,3.5508534908294678,,
,,101649,,,430.30285835266113,,,,,,
,,101649,,7.726192474365234,,,,,,,
65,,101649,,,,3.550614595413208,-16.32643699645996,-16.825868606567383,3.550614595413208,,
,,101699,,,431.3535690307617,,,,,,
,,101699,,25.21514892578125,,,,,,,
65,,101699,,,,3.5537242889404297,-15.954935073852539,-16.43406867980957,3.5537242889404297,,
,,101749,,,427.8550148010254,,,,,,
,,101749,,9.818315505981445,,,,,,,
65,,101749,,,,3.5453927516937256,-16.24760627746582,-16.766075134277344,3.5453927516937256,,
,,101799,,,427.1516799926758,,,,,,
,,101799,,30.573129653930664,,,,,,,
65,,101799,,,,3.5470354557037354,-16.100341796875,-16.60133171081543,3.5470354557037354,,
,,101849,,,429.1861057281494,,,,,,
,,101849,,7.983684539794922,,,,,,,
65,,101849,,,,3.545414447784424,-16.392597198486328,-16.899633407592773,3.545414447784424,,
,,101899,,,425.0912666320801,,,,,,
,,101899,,26.37767791748047,,,,,,,
65,,101899,,,,3.546956777572632,-16.097734451293945,-16.60826873779297,3.546956777572632,,
,,101949,,,431.26940727233887,,,,,,
,,101949,,7.677793502807617,,,,,,,
65,,101949,,,,3.5539677143096924,-16.228836059570312,-16.737651824951172,3.5539677143096924,,
,,101999,,,430.7839870452881,,,,,,
,,101999,,25.54011344909668,,,,,,,
65,,101999,,,,3.5474557876586914,-16.009273529052734,-16.506879806518555,3.5474557876586914,,
,,102049,,,430.5431842803955,,,,,,
,,102049,,8.745670318603516,,,,,,,
65,,102049,,,,3.5541865825653076,-16.354106903076172,-16.836713790893555,3.5541865825653076,,
,,102099,,,431.7593574523926,,,,,,
,,102099,,25.3903865814209,,,,,,,
65,,102099,,,,3.5487053394317627,-15.920101165771484,-16.411285400390625,3.5487053394317627,,
,,102149,,,431.4618110656738,,,,,,
,,102149,,8.260250091552734,,,,,,,
65,,102149,,,,3.554202079772949,-16.173839569091797,-16.677715301513672,3.554202079772949,,
,,102199,,,426.6376495361328,,,,,,
,,102199,,26.8247127532959,,,,,,,
65,,102199,,,,3.5486979484558105,-16.17892074584961,-16.689390182495117,3.5486979484558105,,
,,102249,,,433.9785575866699,,,,,,
,,102249,,7.910251617431641,,,,,,,
65,,102249,,,,3.5494253635406494,-15.835369110107422,-16.31654930114746,3.5494253635406494,,
,,102299,,,431.0722351074219,,,,,,
,,102299,,26.59130096435547,,,,,,,
65,,102299,,,,3.5468034744262695,-15.717790603637695,-16.21664047241211,3.5468034744262695,,
,,102349,,,408.7843894958496,,,,,,
,,102349,,6.966352462768555,,,,,,,
65,,102349,,,,3.5459213256835938,-15.90308952331543,-16.38569450378418,3.5459213256835938,,
,,102399,,,408.94317626953125,,,,,,
,,102399,,23.181438446044922,,,,,,,
65,,102399,,,,3.553151845932007,-16.316436767578125,-16.78108787536621,3.553151845932007,,
,,102449,,,415.1475429534912,,,,,,
,,102449,,7.366418838500977,,,,,,,
65,,102449,,,,3.546570301055908,-15.842443466186523,-16.339092254638672,3.546570301055908,,
,,102499,,,418.39075088500977,,,,,,
,,102499,,27.445554733276367,,,,,,,
65,,102499,,,,3.555811882019043,-15.780223846435547,-16.290342330932617,3.555811882019043,,
,,102549,,,409.6701145172119,,,,,,
,,102549,,6.247997283935547,,,,,,,
65,,102549,,,,3.5531508922576904,-16.018741607666016,-16.522747039794922,3.5531508922576904,,
,,102599,,,415.510892868042,,,,,,
,,102599,,28.474807739257812,,,,,,,
65,,102599,,,,3.548917055130005,-15.634113311767578,-16.108415603637695,3.548917055130005,,
,,102649,,,420.0923442840576,,,,,,
,,102649,,8.44883918762207,,,,,,,
65,,102649,,,,3.535555362701416,-16.239974975585938,-16.723997116088867,3.535555362701416,,
,,102699,,,413.1355285644531,,,,,,
,,102699,,25.356292724609375,,,,,,,
65,,102699,,,,3.5526092052459717,-15.633990287780762,-16.12972640991211,3.5526092052459717,,
,,102749,,,415.99392890930176,,,,,,
,,102749,,8.576631546020508,,,,,,,
65,,102749,,,,3.5498478412628174,-15.867399215698242,-16.39267349243164,3.5498478412628174,,
,,102799,,,415.85779190063477,,,,,,
,,102799,,28.33724021911621,,,,,,,
65,,102799,,,,3.5459301471710205,-16.132543563842773,-16.622859954833984,3.5459301471710205,,
,,102849,,,415.7290458679199,,,,,,
,,102849,,8.87155532836914,,,,,,,
65,,102849,,,,3.554378032684326,-16.326061248779297,-16.80915069580078,3.554378032684326,,
,,102899,,,417.2964096069336,,,,,,
,,102899,,27.09650993347168,,,,,,,
65,,102899,,,,3.540487051010132,-16.047504425048828,-16.567197799682617,3.540487051010132,,
,,102949,,,413.30957412719727,,,,,,
,,102949,,7.945775985717773,,,,,,,
65,,102949,,,,3.5517570972442627,-15.877241134643555,-16.38357925415039,3.5517570972442627,,
,,102999,,,415.2355194091797,,,,,,
,,102999,,26.790857315063477,,,,,,,
65,,102999,,,,3.544466495513916,-15.863898277282715,-16.355918884277344,3.544466495513916,,
,,103049,,,414.6881103515625,,,,,,
,,103049,,8.6822509765625,,,,,,,
65,,103049,,,,3.5484018325805664,-16.515239715576172,-17.021806716918945,3.5484018325805664,,
,,103099,,,419.38233375549316,,,,,,
,,103099,,28.3353328704834,,,,,,,
65,,103099,,,,3.5510363578796387,-15.519250869750977,-16.02832794189453,3.5510363578796387,,
,,103149,,,410.4952812194824,,,,,,
,,103149,,7.1964263916015625,,,,,,,
65,,103149,,,,3.541025400161743,-16.00191879272461,-16.51022720336914,3.541025400161743,,
65,,103157,,,,,,,,-15.952652931213379,-16.36656951904297
,,103158,792.4342694282532,,,,,,,,
,0.0003,103158,,,,,,,,,
,,103199,,,415.22741317749023,,,,,,
,,103199,,28.893709182739258,,,,,,,
66,,103199,,,,3.545133590698242,-16.01421356201172,-16.51413917541504,3.545133590698242,,
,,103249,,,406.91494941711426,,,,,,
,,103249,,6.831884384155273,,,,,,,
66,,103249,,,,3.544471263885498,-16.067583084106445,-16.549768447875977,3.544471263885498,,
,,103299,,,399.6725082397461,,,,,,
,,103299,,26.78394317626953,,,,,,,
66,,103299,,,,3.5434155464172363,-16.200149536132812,-16.6944522857666,3.5434155464172363,,
,,103349,,,416.10050201416016,,,,,,
,,103349,,8.137226104736328,,,,,,,
66,,103349,,,,3.551058292388916,-15.93700122833252,-16.41737937927246,3.551058292388916,,
,,103399,,,407.3455333709717,,,,,,
,,103399,,24.686098098754883,,,,,,,
66,,103399,,,,3.54581880569458,-16.32105827331543,-16.820858001708984,3.54581880569458,,
,,103449,,,412.0621681213379,,,,,,
,,103449,,8.185625076293945,,,,,,,
66,,103449,,,,3.5512139797210693,-16.30051040649414,-16.802623748779297,3.5512139797210693,,
,,103499,,,411.5290641784668,,,,,,
,,103499,,28.20897102355957,,,,,,,
66,,103499,,,,3.5504558086395264,-16.242149353027344,-16.755817413330078,3.5504558086395264,,
,,103549,,,406.53061866760254,,,,,,
,,103549,,8.60452651977539,,,,,,,
66,,103549,,,,3.5511114597320557,-15.705405235290527,-16.199193954467773,3.5511114597320557,,
,,103599,,,411.1800193786621,,,,,,
,,103599,,27.947664260864258,,,,,,,
66,,103599,,,,3.5585503578186035,-15.956474304199219,-16.457082748413086,3.5585503578186035,,
,,103649,,,401.6566276550293,,,,,,
,,103649,,6.094694137573242,,,,,,,
66,,103649,,,,3.566340923309326,-15.870050430297852,-16.34808349609375,3.566340923309326,,
,,103699,,,412.8861427307129,,,,,,
,,103699,,24.150371551513672,,,,,,,
66,,103699,,,,3.5463647842407227,-15.766824722290039,-16.27286148071289,3.5463647842407227,,
,,103749,,,404.77943420410156,,,,,,
,,103749,,5.590915679931641,,,,,,,
66,,103749,,,,3.549947500228882,-16.16461944580078,-16.654605865478516,3.549947500228882,,
,,103799,,,414.567232131958,,,,,,
,,103799,,22.833585739135742,,,,,,,
66,,103799,,,,3.5524988174438477,-15.759529113769531,-16.24431800842285,3.5524988174438477,,
,,103849,,,409.6088409423828,,,,,,
,,103849,,5.6171417236328125,,,,,,,
66,,103849,,,,3.5452160835266113,-16.322349548339844,-16.812511444091797,3.5452160835266113,,
,,103899,,,407.93299674987793,,,,,,
,,103899,,25.374650955200195,,,,,,,
66,,103899,,,,3.549731969833374,-16.248376846313477,-16.740781784057617,3.549731969833374,,
,,103949,,,403.8088321685791,,,,,,
,,103949,,5.654096603393555,,,,,,,
66,,103949,,,,3.5430004596710205,-15.995584487915039,-16.5123291015625,3.5430004596710205,,
,,103999,,,395.7958221435547,,,,,,
,,103999,,23.090839385986328,,,,,,,
66,,103999,,,,3.5435118675231934,-15.944402694702148,-16.416635513305664,3.5435118675231934,,
,,104049,,,408.1606864929199,,,,,,
,,104049,,5.595207214355469,,,,,,,
66,,104049,,,,3.5501530170440674,-15.828567504882812,-16.320032119750977,3.5501530170440674,,
,,104099,,,412.72711753845215,,,,,,
,,104099,,24.253129959106445,,,,,,,
66,,104099,,,,3.5520100593566895,-16.13994598388672,-16.653772354125977,3.5520100593566895,,
,,104149,,,413.39683532714844,,,,,,
,,104149,,5.491971969604492,,,,,,,
66,,104149,,,,3.551875591278076,-16.149490356445312,-16.62749671936035,3.551875591278076,,
,,104199,,,406.67128562927246,,,,,,
,,104199,,23.115873336791992,,,,,,,
66,,104199,,,,3.5461740493774414,-16.106311798095703,-16.59312629699707,3.5461740493774414,,
,,104249,,,419.4197654724121,,,,,,
,,104249,,7.150411605834961,,,,,,,
66,,104249,,,,3.5513482093811035,-15.863893508911133,-16.356796264648438,3.5513482093811035,,
,,104299,,,408.4784984588623,,,,,,
,,104299,,27.67324447631836,,,,,,,
66,,104299,,,,3.544130802154541,-15.65188217163086,-16.14277458190918,3.544130802154541,,
,,104349,,,400.78258514404297,,,,,,
,,104349,,8.163928985595703,,,,,,,
66,,104349,,,,3.550933361053467,-16.24869155883789,-16.739158630371094,3.550933361053467,,
,,104399,,,418.5972213745117,,,,,,
,,104399,,24.573087692260742,,,,,,,
66,,104399,,,,3.5433850288391113,-16.117290496826172,-16.619972229003906,3.5433850288391113,,
,,104449,,,405.99584579467773,,,,,,
,,104449,,5.5084228515625,,,,,,,
66,,104449,,,,3.556020736694336,-16.249399185180664,-16.75035285949707,3.556020736694336,,
,,104499,,,411.8051528930664,,,,,,
,,104499,,27.34684944152832,,,,,,,
66,,104499,,,,3.5502805709838867,-15.571598052978516,-16.063867568969727,3.5502805709838867,,
,,104549,,,405.52282333374023,,,,,,
,,104549,,6.060361862182617,,,,,,,
66,,104549,,,,3.539299249649048,-15.899258613586426,-16.40171241760254,3.539299249649048,,
,,104599,,,401.9784927368164,,,,,,
,,104599,,23.28658103942871,,,,,,,
66,,104599,,,,3.5560808181762695,-15.66618824005127,-16.173786163330078,3.5560808181762695,,
,,104649,,,405.40361404418945,,,,,,
,,104649,,5.637884140014648,,,,,,,
66,,104649,,,,3.5496609210968018,-15.882712364196777,-16.361112594604492,3.5496609210968018,,
,,104699,,,408.0631732940674,,,,,,
,,104699,,23.345947265625,,,,,,,
66,,104699,,,,3.546661376953125,-16.002920150756836,-16.49763298034668,3.546661376953125,,
66,,104720,,,,,,,,-15.946849822998047,-16.36156463623047
,,104721,769.7167284488678,,,,,,,,
,0.0003,104721,,,,,,,,,
,,104749,,,408.3869457244873,,,,,,
,,104749,,5.443572998046875,,,,,,,
67,,104749,,,,3.5466222763061523,-15.707639694213867,-16.216838836669922,3.5466222763061523,,
,,104799,,,404.93202209472656,,,,,,
,,104799,,23.270130157470703,,,,,,,
67,,104799,,,,3.549669027328491,-16.09740447998047,-16.58370018005371,3.549669027328491,,
,,104849,,,400.27499198913574,,,,,,
,,104849,,5.719900131225586,,,,,,,
67,,104849,,,,3.5487608909606934,-15.923786163330078,-16.41374397277832,3.5487608909606934,,
,,104899,,,403.62071990966797,,,,,,
,,104899,,24.406909942626953,,,,,,,
67,,104899,,,,3.5483672618865967,-15.87758731842041,-16.39044952392578,3.5483672618865967,,
,,104949,,,406.80527687072754,,,,,,
,,104949,,7.876873016357422,,,,,,,
67,,104949,,,,3.547860622406006,-16.0718994140625,-16.566890716552734,3.547860622406006,,
,,104999,,,404.3123722076416,,,,,,
,,104999,,22.72486686706543,,,,,,,
67,,104999,,,,3.540731191635132,-15.848732948303223,-16.336740493774414,3.540731191635132,,
,,105049,,,398.26083183288574,,,,,,
,,105049,,5.40614128112793,,,,,,,
67,,105049,,,,3.5567595958709717,-15.531086921691895,-16.043779373168945,3.5567595958709717,,
,,105099,,,405.9302806854248,,,,,,
,,105099,,23.546457290649414,,,,,,,
67,,105099,,,,3.5468666553497314,-16.061782836914062,-16.531068801879883,3.5468666553497314,,
,,105149,,,409.4419479370117,,,,,,
,,105149,,5.67936897277832,,,,,,,
67,,105149,,,,3.5520215034484863,-16.24241065979004,-16.743839263916016,3.5520215034484863,,
,,105199,,,428.2336235046387,,,,,,
,,105199,,27.337312698364258,,,,,,,
67,,105199,,,,3.5462310314178467,-15.914322853088379,-16.401247024536133,3.5462310314178467,,
,,105249,,,418.0407524108887,,,,,,
,,105249,,9.013175964355469,,,,,,,
67,,105249,,,,3.5532290935516357,-15.800176620483398,-16.29153823852539,3.5532290935516357,,
,,105299,,,432.7197074890137,,,,,,
,,105299,,28.71227264404297,,,,,,,
67,,105299,,,,3.54872727394104,-15.773638725280762,-16.26766586303711,3.54872727394104,,
,,105349,,,428.65467071533203,,,,,,
,,105349,,9.16433334350586,,,,,,,
67,,105349,,,,3.547553539276123,-15.806231498718262,-16.30242919921875,3.547553539276123,,
,,105399,,,431.0176372528076,,,,,,
,,105399,,26.059627532958984,,,,,,,
67,,105399,,,,3.551359176635742,-16.273611068725586,-16.752212524414062,3.551359176635742,,
,,105449,,,430.2377700805664,,,,,,
,,105449,,8.471250534057617,,,,,,,
67,,105449,,,,3.5510082244873047,-15.890666961669922,-16.36034393310547,3.5510082244873047,,
,,105499,,,427.7453422546387,,,,,,
,,105499,,26.09872817993164,,,,,,,
67,,105499,,,,3.5545079708099365,-15.653785705566406,-16.154457092285156,3.5545079708099365,,
,,105549,,,424.7002601623535,,,,,,
,,105549,,8.46099853515625,,,,,,,
67,,105549,,,,3.553722381591797,-16.044620513916016,-16.533702850341797,3.553722381591797,,
,,105599,,,427.14929580688477,,,,,,
,,105599,,25.589466094970703,,,,,,,
67,,105599,,,,3.545820474624634,-15.828399658203125,-16.363088607788086,3.545820474624634,,
,,105649,,,427.0062446594238,,,,,,
,,105649,,8.998870849609375,,,,,,,
67,,105649,,,,3.547680377960205,-15.943601608276367,-16.450843811035156,3.547680377960205,,
,,105699,,,427.5853633880615,,,,,,
,,105699,,26.087045669555664,,,,,,,
67,,105699,,,,3.5514509677886963,-16.13766098022461,-16.617069244384766,3.5514509677886963,,
,,105749,,,424.882173538208,,,,,,
,,105749,,8.622407913208008,,,,,,,
67,,105749,,,,3.545079231262207,-16.30390739440918,-16.808313369750977,3.545079231262207,,
,,105799,,,422.4088191986084,,,,,,
,,105799,,25.431156158447266,,,,,,,
67,,105799,,,,3.5523087978363037,-16.35494041442871,-16.855926513671875,3.5523087978363037,,
,,105849,,,432.9521656036377,,,,,,
,,105849,,8.702993392944336,,,,,,,
67,,105849,,,,3.546060085296631,-15.996377944946289,-16.5139217376709,3.546060085296631,,
,,105899,,,432.9056739807129,,,,,,
,,105899,,27.681589126586914,,,,,,,
67,,105899,,,,3.5396623611450195,-15.942618370056152,-16.474809646606445,3.5396623611450195,,
,,105949,,,432.1260452270508,,,,,,
,,105949,,8.101940155029297,,,,,,,
67,,105949,,,,3.537720203399658,-16.357685089111328,-16.868425369262695,3.537720203399658,,
,,105999,,,427.3808002471924,,,,,,
,,105999,,26.32904052734375,,,,,,,
67,,105999,,,,3.547370433807373,-16.189804077148438,-16.690553665161133,3.547370433807373,,
,,106049,,,432.4307441711426,,,,,,
,,106049,,8.659124374389648,,,,,,,
67,,106049,,,,3.5492992401123047,-15.422197341918945,-15.914982795715332,3.5492992401123047,,
,,106099,,,430.12189865112305,,,,,,
,,106099,,26.688814163208008,,,,,,,
67,,106099,,,,3.551314115524292,-16.202863693237305,-16.72615623474121,3.551314115524292,,
,,106149,,,430.30500411987305,,,,,,
,,106149,,8.232355117797852,,,,,,,
67,,106149,,,,3.555931329727173,-16.16239356994629,-16.633975982666016,3.555931329727173,,
,,106199,,,423.40540885925293,,,,,,
,,106199,,26.184797286987305,,,,,,,
67,,106199,,,,3.5462684631347656,-16.355907440185547,-16.850387573242188,3.5462684631347656,,
,,106249,,,432.22641944885254,,,,,,
,,106249,,8.579730987548828,,,,,,,
67,,106249,,,,3.5493431091308594,-15.818122863769531,-16.31414222717285,3.5493431091308594,,
67,,106283,,,,,,,,-15.949191093444824,-16.366239547729492
,,106284,792.6488201618195,,,,,,,,
,0.0003,106284,,,,,,,,,
,,106299,,,425.73022842407227,,,,,,
,,106299,,26.28779411315918,,,,,,,
68,,106299,,,,3.54541015625,-15.923410415649414,-16.40690803527832,3.54541015625,,
,,106349,,,428.0514717102051,,,,,,
,,106349,,10.02049446105957,,,,,,,
68,,106349,,,,3.5508646965026855,-15.790020942687988,-16.292871475219727,3.5508646965026855,,
,,106399,,,422.6186275482178,,,,,,
,,106399,,25.485992431640625,,,,,,,
68,,106399,,,,3.5526745319366455,-15.923508644104004,-16.40447425842285,3.5526745319366455,,
,,106449,,,428.5125732421875,,,,,,
,,106449,,9.565591812133789,,,,,,,
68,,106449,,,,3.5502400398254395,-16.080364227294922,-16.5677547454834,3.5502400398254395,,
,,106499,,,427.40511894226074,,,,,,
,,106499,,26.897907257080078,,,,,,,
68,,106499,,,,3.5507633686065674,-16.387771606445312,-16.87959098815918,3.5507633686065674,,
,,106549,,,430.56654930114746,,,,,,
,,106549,,9.140491485595703,,,,,,,
68,,106549,,,,3.546438217163086,-16.18423080444336,-16.678556442260742,3.546438217163086,,
,,106599,,,422.7759838104248,,,,,,
,,106599,,27.070283889770508,,,,,,,
68,,106599,,,,3.5459556579589844,-16.0833740234375,-16.600811004638672,3.5459556579589844,,
,,106649,,,432.15274810791016,,,,,,
,,106649,,8.58449935913086,,,,,,,
68,,106649,,,,3.547919750213623,-16.058372497558594,-16.554109573364258,3.547919750213623,,
,,106699,,,429.0585517883301,,,,,,
,,106699,,26.767730712890625,,,,,,,
68,,106699,,,,3.5486605167388916,-16.789005279541016,-17.311443328857422,3.5486605167388916,,
,,106749,,,428.2379150390625,,,,,,
,,106749,,9.04536247253418,,,,,,,
68,,106749,,,,3.5482089519500732,-15.863358497619629,-16.348642349243164,3.5482089519500732,,
,,106799,,,433.4869384765625,,,,,,
,,106799,,25.820016860961914,,,,,,,
68,,106799,,,,3.5501022338867188,-16.51455307006836,-17.02056884765625,3.5501022338867188,,
,,106849,,,428.10559272766113,,,,,,
,,106849,,9.601593017578125,,,,,,,
68,,106849,,,,3.553338050842285,-15.9330472946167,-16.429290771484375,3.553338050842285,,
,,106899,,,428.3609390258789,,,,,,
,,106899,,27.498722076416016,,,,,,,
68,,106899,,,,3.542971611022949,-16.319915771484375,-16.81034278869629,3.542971611022949,,
,,106949,,,424.9742031097412,,,,,,
,,106949,,8.343219757080078,,,,,,,
68,,106949,,,,3.5541276931762695,-16.103328704833984,-16.605297088623047,3.5541276931762695,,
,,106999,,,431.0333728790283,,,,,,
,,106999,,26.220083236694336,,,,,,,
68,,106999,,,,3.5514962673187256,-16.090333938598633,-16.589784622192383,3.5514962673187256,,
,,107049,,,431.9264888763428,,,,,,
,,107049,,8.33439826965332,,,,,,,
68,,107049,,,,3.5505692958831787,-15.918837547302246,-16.40176010131836,3.5505692958831787,,
,,107099,,,428.61270904541016,,,,,,
,,107099,,25.347471237182617,,,,,,,
68,,107099,,,,3.547637939453125,-15.925616264343262,-16.41403579711914,3.547637939453125,,
,,107149,,,436.8569850921631,,,,,,
,,107149,,8.34798812866211,,,,,,,
68,,107149,,,,3.5443620681762695,-16.118427276611328,-16.615917205810547,3.5443620681762695,,
,,107199,,,433.5319995880127,,,,,,
,,107199,,25.841712951660156,,,,,,,
68,,107199,,,,3.5447325706481934,-16.08747100830078,-16.573904037475586,3.5447325706481934,,
,,107249,,,434.185266494751,,,,,,
,,107249,,8.56924057006836,,,,,,,
68,,107249,,,,3.546018600463867,-15.967226028442383,-16.43512725830078,3.546018600463867,,
,,107299,,,433.17580223083496,,,,,,
,,107299,,27.795791625976562,,,,,,,
68,,107299,,,,3.5485856533050537,-15.818431854248047,-16.310800552368164,3.5485856533050537,,
,,107349,,,434.1602325439453,,,,,,
,,107349,,9.301424026489258,,,,,,,
68,,107349,,,,3.54518723487854,-15.8014497756958,-16.29265594482422,3.54518723487854,,
,,107399,,,429.9008846282959,,,,,,
,,107399,,25.865793228149414,,,,,,,
68,,107399,,,,3.5468602180480957,-16.141237258911133,-16.628459930419922,3.5468602180480957,,
,,107449,,,436.9075298309326,,,,,,
,,107449,,8.231878280639648,,,,,,,
68,,107449,,,,3.5436272621154785,-15.771059036254883,-16.272445678710938,3.5436272621154785,,
,,107499,,,433.1996440887451,,,,,,
,,107499,,25.728464126586914,,,,,,,
68,,107499,,,,3.548643112182617,-16.380767822265625,-16.86750030517578,3.548643112182617,,
,,107549,,,426.85532569885254,,,,,,
,,107549,,8.052587509155273,,,,,,,
68,,107549,,,,3.5526421070098877,-16.074064254760742,-16.565481185913086,3.5526421070098877,,
,,107599,,,426.3746738433838,,,,,,
,,107599,,26.078462600708008,,,,,,,
68,,107599,,,,3.55368971824646,-16.074548721313477,-16.573062896728516,3.55368971824646,,
,,107649,,,425.10199546813965,,,,,,
,,107649,,8.273839950561523,,,,,,,
68,,107649,,,,3.5491714477539062,-15.656339645385742,-16.128446578979492,3.5491714477539062,,
,,107699,,,428.555965423584,,,,,,
,,107699,,24.993181228637695,,,,,,,
68,,107699,,,,3.547792673110962,-16.036876678466797,-16.53204345703125,3.547792673110962,,
,,107749,,,432.3141574859619,,,,,,
,,107749,,8.278608322143555,,,,,,,
68,,107749,,,,3.547874927520752,-16.172706604003906,-16.65888214111328,3.547874927520752,,
,,107799,,,421.94199562072754,,,,,,
,,107799,,25.130271911621094,,,,,,,
68,,107799,,,,3.5536155700683594,-16.42449378967285,-16.909326553344727,3.5536155700683594,,
68,,107846,,,,,,,,-15.944382667541504,-16.35761260986328
,,107847,804.9426276683807,,,,,,,,
,0.0003,107847,,,,,,,,,
,,107849,,,424.4081974029541,,,,,,
,,107849,,7.377386093139648,,,,,,,
69,,107849,,,,3.546274423599243,-16.156904220581055,-16.65023422241211,3.546274423599243,,
,,107899,,,426.8465042114258,,,,,,
,,107899,,25.396108627319336,,,,,,,
69,,107899,,,,3.5554516315460205,-16.129226684570312,-16.626422882080078,3.5554516315460205,,
,,107949,,,421.72718048095703,,,,,,
,,107949,,9.10043716430664,,,,,,,
69,,107949,,,,3.547247886657715,-15.610174179077148,-16.115137100219727,3.547247886657715,,
,,107999,,,422.37353324890137,,,,,,
,,107999,,24.399518966674805,,,,,,,
69,,107999,,,,3.550603151321411,-16.018768310546875,-16.50177764892578,3.550603151321411,,
,,108049,,,425.1704216003418,,,,,,
,,108049,,8.87918472290039,,,,,,,
69,,108049,,,,3.5535454750061035,-16.193439483642578,-16.67892074584961,3.5535454750061035,,
,,108099,,,427.659273147583,,,,,,
,,108099,,26.2451171875,,,,,,,
69,,108099,,,,3.5530693531036377,-16.640853881835938,-17.128339767456055,3.5530693531036377,,
,,108149,,,427.4156093597412,,,,,,
,,108149,,8.259057998657227,,,,,,,
69,,108149,,,,3.5457682609558105,-16.20608139038086,-16.71670150756836,3.5457682609558105,,
,,108199,,,434.73219871520996,,,,,,
,,108199,,26.514768600463867,,,,,,,
69,,108199,,,,3.5561842918395996,-16.026653289794922,-16.5152587890625,3.5561842918395996,,
,,108249,,,429.93879318237305,,,,,,
,,108249,,8.326292037963867,,,,,,,
69,,108249,,,,3.5502192974090576,-15.974895477294922,-16.447792053222656,3.5502192974090576,,
,,108299,,,408.1249237060547,,,,,,
,,108299,,26.480674743652344,,,,,,,
69,,108299,,,,3.539066791534424,-16.443693161010742,-16.951993942260742,3.539066791534424,,
,,108349,,,412.0898246765137,,,,,,
,,108349,,5.504369735717773,,,,,,,
69,,108349,,,,3.541294574737549,-15.830598831176758,-16.337392807006836,3.541294574737549,,
,,108399,,,405.5361747741699,,,,,,
,,108399,,37.030935287475586,,,,,,,
69,,108399,,,,3.5548312664031982,-16.259319305419922,-16.750713348388672,3.5548312664031982,,
,,108449,,,425.45032501220703,,,,,,
,,108449,,9.405374526977539,,,,,,,
69,,108449,,,,3.5528786182403564,-16.28644371032715,-16.80393409729004,3.5528786182403564,,
,,108499,,,427.29783058166504,,,,,,
,,108499,,26.393651962280273,,,,,,,
69,,108499,,,,3.5469610691070557,-16.36767578125,-16.865978240966797,3.5469610691070557,,
,,108549,,,429.6689033508301,,,,,,
,,108549,,9.195566177368164,,,,,,,
69,,108549,,,,3.5494885444641113,-16.094425201416016,-16.63105010986328,3.5494885444641113,,
,,108599,,,435.27984619140625,,,,,,
,,108599,,27.47178077697754,,,,,,,
69,,108599,,,,3.556364059448242,-15.831753730773926,-16.3160400390625,3.556364059448242,,
,,108649,,,418.6511039733887,,,,,,
,,108649,,9.090185165405273,,,,,,,
69,,108649,,,,3.5562703609466553,-16.071430206298828,-16.568218231201172,3.5562703609466553,,
,,108699,,,424.78442192077637,,,,,,
,,108699,,29.41298484802246,,,,,,,
69,,108699,,,,3.5483126640319824,-16.0341739654541,-16.520328521728516,3.5483126640319824,,
,,108749,,,410.3555679321289,,,,,,
,,108749,,7.65681266784668,,,,,,,
69,,108749,,,,3.545222759246826,-15.751749038696289,-16.25119400024414,3.545222759246826,,
,,108799,,,411.94844245910645,,,,,,
,,108799,,27.819156646728516,,,,,,,
69,,108799,,,,3.5568065643310547,-15.985401153564453,-16.485685348510742,3.5568065643310547,,
,,108849,,,410.88175773620605,,,,,,
,,108849,,5.628347396850586,,,,,,,
69,,108849,,,,3.5477349758148193,-15.868001937866211,-16.359752655029297,3.5477349758148193,,
,,108899,,,415.11082649230957,,,,,,
,,108899,,28.120994567871094,,,,,,,
69,,108899,,,,3.543118715286255,-16.205490112304688,-16.696596145629883,3.543118715286255,,
,,108949,,,415.0514602661133,,,,,,
,,108949,,7.047176361083984,,,,,,,
69,,108949,,,,3.5498204231262207,-15.924394607543945,-16.40998077392578,3.5498204231262207,,
,,108999,,,412.6725196838379,,,,,,
,,108999,,27.66895294189453,,,,,,,
69,,108999,,,,3.54777455329895,-15.993638038635254,-16.48392105102539,3.54777455329895,,
,,109049,,,413.4957790374756,,,,,,
,,109049,,8.010387420654297,,,,,,,
69,,109049,,,,3.549184560775757,-16.28860092163086,-16.77313995361328,3.549184560775757,,
,,109099,,,409.43074226379395,,,,,,
,,109099,,23.14019203186035,,,,,,,
69,,109099,,,,3.549074411392212,-16.089134216308594,-16.59083366394043,3.549074411392212,,
,,109149,,,416.40496253967285,,,,,,
,,109149,,7.950305938720703,,,,,,,
69,,109149,,,,3.5497617721557617,-15.872305870056152,-16.360397338867188,3.5497617721557617,,
,,109199,,,414.80064392089844,,,,,,
,,109199,,26.0772705078125,,,,,,,
69,,109199,,,,3.5433642864227295,-16.078413009643555,-16.584735870361328,3.5433642864227295,,
,,109249,,,413.49291801452637,,,,,,
,,109249,,8.529424667358398,,,,,,,
69,,109249,,,,3.5464751720428467,-15.683942794799805,-16.18068504333496,3.5464751720428467,,
,,109299,,,405.5767059326172,,,,,,
,,109299,,25.69127082824707,,,,,,,
69,,109299,,,,3.541271686553955,-16.142200469970703,-16.62957191467285,3.541271686553955,,
,,109349,,,413.10811042785645,,,,,,
,,109349,,6.746768951416016,,,,,,,
69,,109349,,,,3.543452739715576,-16.151382446289062,-16.654333114624023,3.543452739715576,,
,,109399,,,414.2956733703613,,,,,,
,,109399,,27.209758758544922,,,,,,,
69,,109399,,,,3.550852060317993,-15.937833786010742,-16.438674926757812,3.550852060317993,,
69,,109409,,,,,,,,-15.952801704406738,-16.363319396972656
,,109410,787.3980631828308,,,,,,,,
,0.0003,109410,,,,,,,,,
,,109449,,,407.6261520385742,,,,,,
,,109449,,7.285118103027344,,,,,,,
70,,109449,,,,3.5492444038391113,-16.02739715576172,-16.515830993652344,3.5492444038391113,,
,,109499,,,406.2991142272949,,,,,,
,,109499,,23.156166076660156,,,,,,,
70,,109499,,,,3.5491838455200195,-15.90698528289795,-16.409948348999023,3.5491838455200195,,
,,109549,,,419.2054271697998,,,,,,
,,109549,,8.375167846679688,,,,,,,
70,,109549,,,,3.5490942001342773,-16.0799560546875,-16.56305503845215,3.5490942001342773,,
,,109599,,,412.8270149230957,,,,,,
,,109599,,27.415037155151367,,,,,,,
70,,109599,,,,3.5498013496398926,-16.124637603759766,-16.62150764465332,3.5498013496398926,,
,,109649,,,402.44364738464355,,,,,,
,,109649,,7.983684539794922,,,,,,,
70,,109649,,,,3.5484395027160645,-16.20458221435547,-16.69046401977539,3.5484395027160645,,
,,109699,,,412.74547576904297,,,,,,
,,109699,,22.92466163635254,,,,,,,
70,,109699,,,,3.544050931930542,-16.350814819335938,-16.831789016723633,3.544050931930542,,
,,109749,,,405.17139434814453,,,,,,
,,109749,,5.561113357543945,,,,,,,
70,,109749,,,,3.5531299114227295,-16.174358367919922,-16.676700592041016,3.5531299114227295,,
,,109799,,,410.51435470581055,,,,,,
,,109799,,25.345802307128906,,,,,,,
70,,109799,,,,3.54654598236084,-15.801654815673828,-16.315673828125,3.54654598236084,,
,,109849,,,406.2232971191406,,,,,,
,,109849,,8.442401885986328,,,,,,,
70,,109849,,,,3.5544872283935547,-15.697900772094727,-16.19337272644043,3.5544872283935547,,
,,109899,,,407.4840545654297,,,,,,
,,109899,,23.2083797454834,,,,,,,
70,,109899,,,,3.5468130111694336,-16.118961334228516,-16.60494041442871,3.5468130111694336,,
,,109949,,,429.69799041748047,,,,,,
,,109949,,8.23664665222168,,,,,,,
70,,109949,,,,3.5430562496185303,-15.861688613891602,-16.346439361572266,3.5430562496185303,,
,,109999,,,429.6584129333496,,,,,,
,,109999,,26.69239044189453,,,,,,,
70,,109999,,,,3.5503947734832764,-16.198196411132812,-16.677549362182617,3.5503947734832764,,
,,110049,,,431.8125247955322,,,,,,
,,110049,,8.72945785522461,,,,,,,
70,,110049,,,,3.5484700202941895,-15.568242073059082,-16.056068420410156,3.5484700202941895,,
,,110099,,,431.0448169708252,,,,,,
,,110099,,29.493331909179688,,,,,,,
70,,110099,,,,3.5490052700042725,-15.912723541259766,-16.40923500061035,3.5490052700042725,,
,,110149,,,428.3440113067627,,,,,,
,,110149,,8.353233337402344,,,,,,,
70,,110149,,,,3.550433874130249,-15.707862854003906,-16.196044921875,3.550433874130249,,
,,110199,,,428.8787841796875,,,,,,
,,110199,,26.38840675354004,,,,,,,
70,,110199,,,,3.551987886428833,-16.303525924682617,-16.808881759643555,3.551987886428833,,
,,110249,,,433.23731422424316,,,,,,
,,110249,,8.733272552490234,,,,,,,
70,,110249,,,,3.547679901123047,-15.921998023986816,-16.413698196411133,3.547679901123047,,
,,110299,,,432.33251571655273,,,,,,
,,110299,,26.03459358215332,,,,,,,
70,,110299,,,,3.547178268432617,-15.62135124206543,-16.084726333618164,3.547178268432617,,
,,110349,,,431.8985939025879,,,,,,
,,110349,,7.947683334350586,,,,,,,
70,,110349,,,,3.540102958679199,-15.84649658203125,-16.320215225219727,3.540102958679199,,
,,110399,,,429.3520450592041,,,,,,
,,110399,,25.573253631591797,,,,,,,
70,,110399,,,,3.537320137023926,-15.944999694824219,-16.44411849975586,3.537320137023926,,
,,110449,,,426.43213272094727,,,,,,
,,110449,,8.434772491455078,,,,,,,
70,,110449,,,,3.5538244247436523,-16.44693946838379,-16.949825286865234,3.5538244247436523,,
,,110499,,,428.9529323577881,,,,,,
,,110499,,29.10614013671875,,,,,,,
70,,110499,,,,3.549971342086792,-15.991144180297852,-16.478103637695312,3.549971342086792,,
,,110549,,,435.5947971343994,,,,,,
,,110549,,8.408069610595703,,,,,,,
70,,110549,,,,3.549246072769165,-16.091232299804688,-16.56572914123535,3.549246072769165,,
,,110599,,,434.7984790802002,,,,,,
,,110599,,27.873992919921875,,,,,,,
70,,110599,,,,3.549683094024658,-15.982254028320312,-16.46918487548828,3.549683094024658,,
,,110649,,,432.5389862060547,,,,,,
,,110649,,7.664918899536133,,,,,,,
70,,110649,,,,3.547574043273926,-15.904753684997559,-16.384653091430664,3.547574043273926,,
,,110699,,,425.3842830657959,,,,,,
,,110699,,26.257991790771484,,,,,,,
70,,110699,,,,3.551532506942749,-15.797364234924316,-16.289274215698242,3.551532506942749,,
,,110749,,,428.14087867736816,,,,,,
,,110749,,8.221626281738281,,,,,,,
70,,110749,,,,3.55021333694458,-16.09030532836914,-16.5749454498291,3.55021333694458,,
,,110799,,,433.01916122436523,,,,,,
,,110799,,26.034116744995117,,,,,,,
70,,110799,,,,3.555466890335083,-16.195161819458008,-16.689876556396484,3.555466890335083,,
,,110849,,,432.0051670074463,,,,,,
,,110849,,8.846759796142578,,,,,,,
70,,110849,,,,3.5556793212890625,-15.615880012512207,-16.115129470825195,3.5556793212890625,,
,,110899,,,430.18460273742676,,,,,,
,,110899,,27.475357055664062,,,,,,,
70,,110899,,,,3.550365447998047,-15.625944137573242,-16.138938903808594,3.550365447998047,,
,,110949,,,433.1169128417969,,,,,,
,,110949,,8.131980895996094,,,,,,,
70,,110949,,,,3.5417697429656982,-15.91408920288086,-16.445844650268555,3.5417697429656982,,
70,,110972,,,,,,,,-15.940946578979492,-16.355382919311523
,,110973,794.0173425674438,,,,,,,,
,0.0003,110973,,,,,,,,,
,,110999,,,422.9574203491211,,,,,,
,,110999,,27.421236038208008,,,,,,,
71,,110999,,,,3.5419018268585205,-15.995306968688965,-16.489274978637695,3.5419018268585205,,
,,111049,,,423.0940341949463,,,,,,
,,111049,,8.27932357788086,,,,,,,
71,,111049,,,,3.5487682819366455,-16.28717041015625,-16.76427459716797,3.5487682819366455,,
,,111099,,,427.0186424255371,,,,,,
,,111099,,26.906728744506836,,,,,,,
71,,111099,,,,3.543023109436035,-16.015108108520508,-16.495275497436523,3.543023109436035,,
,,111149,,,431.8077564239502,,,,,,
,,111149,,8.773088455200195,,,,,,,
71,,111149,,,,3.555488109588623,-16.07398796081543,-16.568920135498047,3.555488109588623,,
,,111199,,,433.80236625671387,,,,,,
,,111199,,29.044628143310547,,,,,,,
71,,111199,,,,3.5480477809906006,-16.21324348449707,-16.71246337890625,3.5480477809906006,,
,,111249,,,434.24010276794434,,,,,,
,,111249,,9.312868118286133,,,,,,,
71,,111249,,,,3.555162191390991,-15.8297119140625,-16.30475425720215,3.555162191390991,,
,,111299,,,433.9418411254883,,,,,,
,,111299,,28.933048248291016,,,,,,,
71,,111299,,,,3.550746440887451,-16.038196563720703,-16.53366470336914,3.550746440887451,,
,,111349,,,433.95352363586426,,,,,,
,,111349,,9.75179672241211,,,,,,,
71,,111349,,,,3.551307201385498,-16.168670654296875,-16.65468406677246,3.551307201385498,,
,,111399,,,432.76476860046387,,,,,,
,,111399,,26.767969131469727,,,,,,,
71,,111399,,,,3.544703483581543,-15.998830795288086,-16.489521026611328,3.544703483581543,,
,,111449,,,431.1978816986084,,,,,,
,,111449,,8.055686950683594,,,,,,,
71,,111449,,,,3.547661066055298,-15.595151901245117,-16.093158721923828,3.547661066055298,,
,,111499,,,430.30309677124023,,,,,,
,,111499,,26.276588439941406,,,,,,,
71,,111499,,,,3.5536317825317383,-16.184053421020508,-16.67989730834961,3.5536317825317383,,
,,111549,,,426.17225646972656,,,,,,
,,111549,,7.843017578125,,,,,,,
71,,111549,,,,3.541703224182129,-16.15488624572754,-16.638607025146484,3.541703224182129,,
,,111599,,,427.6313781738281,,,,,,
,,111599,,25.52938461303711,,,,,,,
71,,111599,,,,3.5382301807403564,-16.028732299804688,-16.528324127197266,3.5382301807403564,,
,,111649,,,430.478572845459,,,,,,
,,111649,,7.788181304931641,,,,,,,
71,,111649,,,,3.5436577796936035,-16.274688720703125,-16.75658416748047,3.5436577796936035,,
,,111699,,,429.23998832702637,,,,,,
,,111699,,26.250123977661133,,,,,,,
71,,111699,,,,3.543010711669922,-15.712560653686523,-16.20416259765625,3.543010711669922,,
,,111749,,,430.77969551086426,,,,,,
,,111749,,7.876873016357422,,,,,,,
71,,111749,,,,3.5523524284362793,-16.279380798339844,-16.772062301635742,3.5523524284362793,,
,,111799,,,422.4698543548584,,,,,,
,,111799,,25.351762771606445,,,,,,,
71,,111799,,,,3.544534206390381,-15.97789192199707,-16.473400115966797,3.544534206390381,,
,,111849,,,434.3888759613037,,,,,,
,,111849,,8.050203323364258,,,,,,,
71,,111849,,,,3.5448102951049805,-15.727577209472656,-16.20905113220215,3.5448102951049805,,
,,111899,,,429.7201633453369,,,,,,
,,111899,,28.935909271240234,,,,,,,
71,,111899,,,,3.539665460586548,-15.860953330993652,-16.37485122680664,3.539665460586548,,
,,111949,,,430.33361434936523,,,,,,
,,111949,,8.680582046508789,,,,,,,
71,,111949,,,,3.5458903312683105,-15.58651351928711,-16.095640182495117,3.5458903312683105,,
,,111999,,,420.3653335571289,,,,,,
,,111999,,27.18639373779297,,,,,,,
71,,111999,,,,3.545640707015991,-16.382137298583984,-16.887529373168945,3.545640707015991,,
,,112049,,,426.17177963256836,,,,,,
,,112049,,8.490324020385742,,,,,,,
71,,112049,,,,3.549717903137207,-15.937997817993164,-16.408245086669922,3.549717903137207,,
,,112099,,,428.93338203430176,,,,,,
,,112099,,27.016401290893555,,,,,,,
71,,112099,,,,3.546725273132324,-15.816961288452148,-16.311153411865234,3.546725273132324,,
,,112149,,,426.96571350097656,,,,,,
,,112149,,9.316444396972656,,,,,,,
71,,112149,,,,3.542954683303833,-16.1341495513916,-16.603422164916992,3.542954683303833,,
,,112199,,,441.8654441833496,,,,,,
,,112199,,29.161453247070312,,,,,,,
71,,112199,,,,3.5456960201263428,-15.90683650970459,-16.396198272705078,3.5456960201263428,,
,,112249,,,424.5026111602783,,,,,,
,,112249,,9.139776229858398,,,,,,,
71,,112249,,,,3.549595832824707,-15.871694564819336,-16.347169876098633,3.549595832824707,,
,,112299,,,425.0960350036621,,,,,,
,,112299,,26.03435516357422,,,,,,,
71,,112299,,,,3.5470659732818604,-16.12630271911621,-16.620508193969727,3.5470659732818604,,
,,112349,,,422.06597328186035,,,,,,
,,112349,,8.088350296020508,,,,,,,
71,,112349,,,,3.5496621131896973,-16.0933837890625,-16.579376220703125,3.5496621131896973,,
,,112399,,,423.9811897277832,,,,,,
,,112399,,26.024580001831055,,,,,,,
71,,112399,,,,3.552333354949951,-16.08541488647461,-16.569414138793945,3.552333354949951,,
,,112449,,,425.1251220703125,,,,,,
,,112449,,8.631467819213867,,,,,,,
71,,112449,,,,3.547701835632324,-16.783905029296875,-17.288726806640625,3.547701835632324,,
,,112499,,,435.58549880981445,,,,,,
,,112499,,29.934406280517578,,,,,,,
71,,112499,,,,3.5570037364959717,-15.832350730895996,-16.310710906982422,3.5570037364959717,,
71,,112535,,,,,,,,-15.947556495666504,-16.359628677368164
,,112536,804.095582485199,,,,,,,,
,0.0003,112536,,,,,,,,,
,,112549,,,422.1670627593994,,,,,,
,,112549,,9.23466682434082,,,,,,,
72,,112549,,,,3.54600191116333,-15.990290641784668,-16.494661331176758,3.54600191116333,,
,,112599,,,430.4804801940918,,,,,,
,,112599,,27.258872985839844,,,,,,,
72,,112599,,,,3.549485683441162,-15.667228698730469,-16.184080123901367,3.549485683441162,,
,,112649,,,428.0397891998291,,,,,,
,,112649,,9.180545806884766,,,,,,,
72,,112649,,,,3.5568995475769043,-15.97575569152832,-16.46336555480957,3.5568995475769043,,
,,112699,,,430.80663681030273,,,,,,
,,112699,,26.19028091430664,,,,,,,
72,,112699,,,,3.552436113357544,-16.197872161865234,-16.695547103881836,3.552436113357544,,
,,112749,,,420.9597110748291,,,,,,
,,112749,,9.259700775146484,,,,,,,
72,,112749,,,,3.547137975692749,-16.12408447265625,-16.64406394958496,3.547137975692749,,
,,112799,,,424.7851371765137,,,,,,
,,112799,,27.302265167236328,,,,,,,
72,,112799,,,,3.54308819770813,-16.006521224975586,-16.5128231048584,3.54308819770813,,
,,112849,,,422.90401458740234,,,,,,
,,112849,,9.990215301513672,,,,,,,
72,,112849,,,,3.5490026473999023,-16.027973175048828,-16.528039932250977,3.5490026473999023,,
,,112899,,,435.9276294708252,,,,,,
,,112899,,26.21626853942871,,,,,,,
72,,112899,,,,3.55595064163208,-16.121620178222656,-16.623821258544922,3.55595064163208,,
,,112949,,,433.91895294189453,,,,,,
,,112949,,9.079456329345703,,,,,,,
72,,112949,,,,3.5501558780670166,-15.42591667175293,-15.926180839538574,3.5501558780670166,,
,,112999,,,431.67972564697266,,,,,,
,,112999,,28.094053268432617,,,,,,,
72,,112999,,,,3.546844482421875,-15.986223220825195,-16.485431671142578,3.546844482421875,,
,,113049,,,436.7868900299072,,,,,,
,,113049,,8.985280990600586,,,,,,,
72,,113049,,,,3.5417721271514893,-16.213050842285156,-16.734933853149414,3.5417721271514893,,
,,113099,,,432.60908126831055,,,,,,
,,113099,,25.951147079467773,,,,,,,
72,,113099,,,,3.5514564514160156,-15.914651870727539,-16.400827407836914,3.5514564514160156,,
,,113149,,,436.48767471313477,,,,,,
,,113149,,8.38780403137207,,,,,,,
72,,113149,,,,3.548948049545288,-15.921236991882324,-16.407012939453125,3.548948049545288,,
,,113199,,,433.01987648010254,,,,,,
,,113199,,26.743173599243164,,,,,,,
72,,113199,,,,3.5486955642700195,-15.82533073425293,-16.31214141845703,3.5486955642700195,,
,,113249,,,440.0300979614258,,,,,,
,,113249,,9.75942611694336,,,,,,,
72,,113249,,,,3.555436372756958,-16.207950592041016,-16.69644546508789,3.555436372756958,,
,,113299,,,429.8863410949707,,,,,,
,,113299,,27.34994888305664,,,,,,,
72,,113299,,,,3.540348768234253,-15.620668411254883,-16.11560821533203,3.540348768234253,,
,,113349,,,424.9711036682129,,,,,,
,,113349,,9.413719177246094,,,,,,,
72,,113349,,,,3.550021171569824,-16.089351654052734,-16.591894149780273,3.550021171569824,,
,,113399,,,431.06818199157715,,,,,,
,,113399,,26.943206787109375,,,,,,,
72,,113399,,,,3.5500476360321045,-16.129581451416016,-16.610139846801758,3.5500476360321045,,
,,113449,,,424.92103576660156,,,,,,
,,113449,,8.629798889160156,,,,,,,
72,,113449,,,,3.5387063026428223,-16.292133331298828,-16.763736724853516,3.5387063026428223,,
,,113499,,,424.375057220459,,,,,,
,,113499,,26.06964111328125,,,,,,,
72,,113499,,,,3.5493578910827637,-16.334619522094727,-16.836076736450195,3.5493578910827637,,
,,113549,,,428.03072929382324,,,,,,
,,113549,,8.469104766845703,,,,,,,
72,,113549,,,,3.5512516498565674,-16.212860107421875,-16.68324089050293,3.5512516498565674,,
,,113599,,,432.3747158050537,,,,,,
,,113599,,25.925636291503906,,,,,,,
72,,113599,,,,3.54587459564209,-15.734847068786621,-16.24590301513672,3.54587459564209,,
,,113649,,,431.33091926574707,,,,,,
,,113649,,8.875608444213867,,,,,,,
72,,113649,,,,3.547769069671631,-15.880823135375977,-16.366004943847656,3.547769069671631,,
,,113699,,,428.88832092285156,,,,,,
,,113699,,27.312755584716797,,,,,,,
72,,113699,,,,3.5463027954101562,-15.716007232666016,-16.214868545532227,3.5463027954101562,,
,,113749,,,431.3797950744629,,,,,,
,,113749,,8.424043655395508,,,,,,,
72,,113749,,,,3.548773765563965,-15.89451789855957,-16.363666534423828,3.548773765563965,,
,,113799,,,425.66561698913574,,,,,,
,,113799,,25.145292282104492,,,,,,,
72,,113799,,,,3.546555995941162,-16.08860969543457,-16.57660484313965,3.546555995941162,,
,,113849,,,430.5572509765625,,,,,,
,,113849,,8.88514518737793,,,,,,,
72,,113849,,,,3.5463201999664307,-16.121116638183594,-16.609844207763672,3.5463201999664307,,
,,113899,,,429.36253547668457,,,,,,
,,113899,,26.85546875,,,,,,,
72,,113899,,,,3.5467724800109863,-16.157167434692383,-16.66202163696289,3.5467724800109863,,
,,113949,,,430.3274154663086,,,,,,
,,113949,,8.202552795410156,,,,,,,
72,,113949,,,,3.543437957763672,-15.504850387573242,-15.983898162841797,3.543437957763672,,
,,113999,,,425.71139335632324,,,,,,
,,113999,,28.562545776367188,,,,,,,
72,,113999,,,,3.550977945327759,-15.850807189941406,-16.33615493774414,3.550977945327759,,
,,114049,,,430.76205253601074,,,,,,
,,114049,,7.58051872253418,,,,,,,
72,,114049,,,,3.5487377643585205,-15.791170120239258,-16.243690490722656,3.5487377643585205,,
,,114099,,,423.663854598999,,,,,,
72,,114098,,,,,,,,-15.944771766662598,-16.356008529663086
,,114099,805.5750107765198,,,,,,,,
,0.0003,114099,,,,,,,,,
,,114099,,,,,,,,,
73,,114099,,,,3.550366163253784,-15.518399238586426,-16.017993927001953,3.550366163253784,,
,,114149,,,425.68087577819824,,,,,,
,,114149,,7.65681266784668,,,,,,,
73,,114149,,,,3.5448155403137207,-16.09979248046875,-16.592741012573242,3.5448155403137207,,
,,114199,,,428.699254989624,,,,,,
,,114199,,26.4279842376709,,,,,,,
73,,114199,,,,3.5440473556518555,-16.230525970458984,-16.719615936279297,3.5440473556518555,,
,,114249,,,427.5171756744385,,,,,,
,,114249,,8.840084075927734,,,,,,,
73,,114249,,,,3.551363468170166,-16.04766082763672,-16.527490615844727,3.551363468170166,,
,,114299,,,425.4772663116455,,,,,,
,,114299,,26.468992233276367,,,,,,,
73,,114299,,,,3.5484001636505127,-15.74118423461914,-16.228567123413086,3.5484001636505127,,
,,114349,,,431.2572479248047,,,,,,
,,114349,,8.544683456420898,,,,,,,
73,,114349,,,,3.55729603767395,-15.805590629577637,-16.30010986328125,3.55729603767395,,
,,114399,,,425.86231231689453,,,,,,
,,114399,,25.30527114868164,,,,,,,
73,,114399,,,,3.5483970642089844,-16.267642974853516,-16.73940086364746,3.5483970642089844,,
,,114449,,,426.93376541137695,,,,,,
,,114449,,8.42428207397461,,,,,,,
73,,114449,,,,3.551534414291382,-15.500849723815918,-15.97429370880127,3.551534414291382,,
,,114499,,,431.671142578125,,,,,,
,,114499,,26.88145637512207,,,,,,,
73,,114499,,,,3.550244092941284,-15.651802062988281,-16.141733169555664,3.550244092941284,,
,,114549,,,424.70335960388184,,,,,,
,,114549,,8.403539657592773,,,,,,,
73,,114549,,,,3.5425376892089844,-15.839335441589355,-16.3231143951416,3.5425376892089844,,
,,114599,,,429.0473461151123,,,,,,
,,114599,,25.083541870117188,,,,,,,
73,,114599,,,,3.5540590286254883,-16.17723846435547,-16.683021545410156,3.5540590286254883,,
,,114649,,,429.1069507598877,,,,,,
,,114649,,9.32931900024414,,,,,,,
73,,114649,,,,3.5532243251800537,-16.121780395507812,-16.617090225219727,3.5532243251800537,,
,,114699,,,431.0488700866699,,,,,,
,,114699,,27.235746383666992,,,,,,,
73,,114699,,,,3.5455310344696045,-15.79417610168457,-16.271181106567383,3.5455310344696045,,
,,114749,,,426.2421131134033,,,,,,
,,114749,,7.626056671142578,,,,,,,
73,,114749,,,,3.548227548599243,-15.633344650268555,-16.135934829711914,3.548227548599243,,
,,114799,,,427.5932312011719,,,,,,
,,114799,,27.054786682128906,,,,,,,
73,,114799,,,,3.5426979064941406,-15.993365287780762,-16.490381240844727,3.5426979064941406,,
,,114849,,,422.8074550628662,,,,,,
,,114849,,8.82863998413086,,,,,,,
73,,114849,,,,3.5380992889404297,-15.958234786987305,-16.441911697387695,3.5380992889404297,,
,,114899,,,431.8239688873291,,,,,,
,,114899,,26.989221572875977,,,,,,,
73,,114899,,,,3.554419994354248,-15.529500007629395,-16.020427703857422,3.554419994354248,,
,,114949,,,432.19876289367676,,,,,,
,,114949,,8.276224136352539,,,,,,,
73,,114949,,,,3.5518877506256104,-16.00577735900879,-16.499826431274414,3.5518877506256104,,
,,114999,,,427.20484733581543,,,,,,
,,114999,,25.354385375976562,,,,,,,
73,,114999,,,,3.5493533611297607,-16.383283615112305,-16.87495231628418,3.5493533611297607,,
,,115049,,,422.46198654174805,,,,,,
,,115049,,9.224176406860352,,,,,,,
73,,115049,,,,3.549924850463867,-16.00949478149414,-16.485193252563477,3.549924850463867,,
,,115099,,,429.5666217803955,,,,,,
,,115099,,28.22256088256836,,,,,,,
73,,115099,,,,3.5470478534698486,-16.16005516052246,-16.644062042236328,3.5470478534698486,,
,,115149,,,428.0838966369629,,,,,,
,,115149,,8.505582809448242,,,,,,,
73,,115149,,,,3.5508525371551514,-16.00582504272461,-16.50396156311035,3.5508525371551514,,
,,115199,,,429.75878715515137,,,,,,
,,115199,,25.420427322387695,,,,,,,
73,,115199,,,,3.5472044944763184,-15.869132995605469,-16.341230392456055,3.5472044944763184,,
,,115249,,,421.5884208679199,,,,,,
,,115249,,7.848024368286133,,,,,,,
73,,115249,,,,3.555966377258301,-16.220439910888672,-16.702362060546875,3.555966377258301,,
,,115299,,,430.10592460632324,,,,,,
,,115299,,25.46238899230957,,,,,,,
73,,115299,,,,3.5493249893188477,-15.773233413696289,-16.27928352355957,3.5493249893188477,,
,,115349,,,430.7093620300293,,,,,,
,,115349,,8.635997772216797,,,,,,,
73,,115349,,,,3.549344301223755,-15.703978538513184,-16.193449020385742,3.549344301223755,,
,,115399,,,432.8739643096924,,,,,,
,,115399,,26.204347610473633,,,,,,,
73,,115399,,,,3.5464675426483154,-16.182525634765625,-16.691410064697266,3.5464675426483154,,
,,115449,,,428.88617515563965,,,,,,
,,115449,,9.447336196899414,,,,,,,
73,,115449,,,,3.54050350189209,-15.632078170776367,-16.137760162353516,3.54050350189209,,
,,115499,,,431.01978302001953,,,,,,
,,115499,,26.430368423461914,,,,,,,
73,,115499,,,,3.5471837520599365,-15.930660247802734,-16.419450759887695,3.5471837520599365,,
,,115549,,,436.3515377044678,,,,,,
,,115549,,8.389472961425781,,,,,,,
73,,115549,,,,3.5542869567871094,-15.926006317138672,-16.431537628173828,3.5542869567871094,,
,,115599,,,419.7816848754883,,,,,,
,,115599,,25.282859802246094,,,,,,,
73,,115599,,,,3.5499279499053955,-16.229557037353516,-16.7257022857666,3.5499279499053955,,
,,115649,,,423.292875289917,,,,,,
,,115649,,7.554054260253906,,,,,,,
73,,115649,,,,3.5438685417175293,-16.11160659790039,-16.613935470581055,3.5438685417175293,,
73,,115661,,,,,,,,-15.942700386047363,-16.3523006439209
,,115662,804.0013012886047,,,,,,,,
,0.0003,115662,,,,,,,,,
,,115699,,,424.3292808532715,,,,,,
,,115699,,25.50649642944336,,,,,,,
74,,115699,,,,3.546035051345825,-16.036184310913086,-16.53719711303711,3.546035051345825,,
,,115749,,,419.47174072265625,,,,,,
,,115749,,8.733272552490234,,,,,,,
74,,115749,,,,3.5507659912109375,-16.233362197875977,-16.731712341308594,3.5507659912109375,,
,,115799,,,427.3223876953125,,,,,,
,,115799,,26.978492736816406,,,,,,,
74,,115799,,,,3.539745330810547,-15.94395923614502,-16.417844772338867,3.539745330810547,,
,,115849,,,424.5426654815674,,,,,,
,,115849,,8.63194465637207,,,,,,,
74,,115849,,,,3.5454564094543457,-15.741500854492188,-16.238306045532227,3.5454564094543457,,
,,115899,,,422.47462272644043,,,,,,
,,115899,,26.40700340270996,,,,,,,
74,,115899,,,,3.5499348640441895,-16.377159118652344,-16.86083984375,3.5499348640441895,,
,,115949,,,423.74467849731445,,,,,,
,,115949,,8.170127868652344,,,,,,,
74,,115949,,,,3.544269323348999,-15.88470458984375,-16.372339248657227,3.544269323348999,,
,,115999,,,428.5273551940918,,,,,,
,,115999,,26.22699737548828,,,,,,,
74,,115999,,,,3.550659656524658,-16.048328399658203,-16.548980712890625,3.550659656524658,,
,,116049,,,429.28528785705566,,,,,,
,,116049,,9.999752044677734,,,,,,,
74,,116049,,,,3.5562188625335693,-15.978404998779297,-16.479408264160156,3.5562188625335693,,
,,116099,,,429.5024871826172,,,,,,
,,116099,,25.86841583251953,,,,,,,
74,,116099,,,,3.5484392642974854,-16.1746826171875,-16.692180633544922,3.5484392642974854,,
,,116149,,,429.32868003845215,,,,,,
,,116149,,8.782148361206055,,,,,,,
74,,116149,,,,3.551678419113159,-16.21691131591797,-16.723121643066406,3.551678419113159,,
,,116199,,,426.19943618774414,,,,,,
,,116199,,29.851198196411133,,,,,,,
74,,116199,,,,3.5390408039093018,-16.0078125,-16.49122428894043,3.5390408039093018,,
,,116249,,,433.3930015563965,,,,,,
,,116249,,9.22846794128418,,,,,,,
74,,116249,,,,3.5462255477905273,-16.080551147460938,-16.5589656829834,3.5462255477905273,,
,,116299,,,431.11395835876465,,,,,,
,,116299,,29.657840728759766,,,,,,,
74,,116299,,,,3.5532712936401367,-16.00477409362793,-16.4921817779541,3.5532712936401367,,
,,116349,,,427.5226593017578,,,,,,
,,116349,,9.827852249145508,,,,,,,
74,,116349,,,,3.5574052333831787,-15.8900785446167,-16.381084442138672,3.5574052333831787,,
,,116399,,,432.16705322265625,,,,,,
,,116399,,27.24933624267578,,,,,,,
74,,116399,,,,3.546825885772705,-15.730012893676758,-16.23354148864746,3.546825885772705,,
,,116449,,,431.225061416626,,,,,,
,,116449,,8.938789367675781,,,,,,,
74,,116449,,,,3.550347328186035,-15.509451866149902,-15.997175216674805,3.550347328186035,,
,,116499,,,426.8784523010254,,,,,,
,,116499,,28.83601188659668,,,,,,,
74,,116499,,,,3.54472279548645,-16.297639846801758,-16.78438377380371,3.54472279548645,,
,,116549,,,432.9366683959961,,,,,,
,,116549,,8.674144744873047,,,,,,,
74,,116549,,,,3.5458006858825684,-15.870676040649414,-16.355222702026367,3.5458006858825684,,
,,116599,,,427.07371711730957,,,,,,
,,116599,,27.718782424926758,,,,,,,
74,,116599,,,,3.5491936206817627,-15.944890975952148,-16.43313980102539,3.5491936206817627,,
,,116649,,,422.54114151000977,,,,,,
,,116649,,9.979248046875,,,,,,,
74,,116649,,,,3.5564403533935547,-16.25820541381836,-16.7443790435791,3.5564403533935547,,
,,116699,,,426.0714054107666,,,,,,
,,116699,,28.0606746673584,,,,,,,
74,,116699,,,,3.5516676902770996,-15.741180419921875,-16.22681999206543,3.5516676902770996,,
,,116749,,,430.8803081512451,,,,,,
,,116749,,9.886503219604492,,,,,,,
74,,116749,,,,3.554006576538086,-15.845288276672363,-16.335405349731445,3.554006576538086,,
,,116799,,,422.75047302246094,,,,,,
,,116799,,26.380538940429688,,,,,,,
74,,116799,,,,3.5543339252471924,-16.081283569335938,-16.55879020690918,3.5543339252471924,,
,,116849,,,428.8146495819092,,,,,,
,,116849,,9.844541549682617,,,,,,,
74,,116849,,,,3.544956684112549,-16.312606811523438,-16.79616928100586,3.544956684112549,,
,,116899,,,426.2499809265137,,,,,,
,,116899,,30.14850616455078,,,,,,,
74,,116899,,,,3.5469374656677246,-15.871253967285156,-16.348691940307617,3.5469374656677246,,
,,116949,,,430.8454990386963,,,,,,
,,116949,,8.152246475219727,,,,,,,
74,,116949,,,,3.547618865966797,-15.988487243652344,-16.46198844909668,3.547618865966797,,
,,116999,,,433.29882621765137,,,,,,
,,116999,,25.824785232543945,,,,,,,
74,,116999,,,,3.5343611240386963,-16.27560043334961,-16.79442596435547,3.5343611240386963,,
,,117049,,,426.3918399810791,,,,,,
,,117049,,8.163928985595703,,,,,,,
74,,117049,,,,3.5551939010620117,-15.875652313232422,-16.37641716003418,3.5551939010620117,,
,,117099,,,435.6117248535156,,,,,,
,,117099,,27.492523193359375,,,,,,,
74,,117099,,,,3.5511302947998047,-15.816080093383789,-16.30818748474121,3.5511302947998047,,
,,117149,,,432.997465133667,,,,,,
,,117149,,8.342981338500977,,,,,,,
74,,117149,,,,3.5453100204467773,-15.831096649169922,-16.34602928161621,3.5453100204467773,,
,,117199,,,428.82823944091797,,,,,,
,,117199,,29.123306274414062,,,,,,,
74,,117199,,,,3.5513319969177246,-15.47293758392334,-15.954583168029785,3.5513319969177246,,
74,,117224,,,,,,,,-15.936795234680176,-16.347637176513672
,,117225,803.5493552684784,,,,,,,,
,0.0003,117225,,,,,,,,,
,,117249,,,423.9938259124756,,,,,,
,,117249,,8.753538131713867,,,,,,,
75,,117249,,,,3.5533666610717773,-15.660760879516602,-16.1487979888916,3.5533666610717773,,
,,117299,,,428.0672073364258,,,,,,
,,117299,,26.456832885742188,,,,,,,
75,,117299,,,,3.543816566467285,-15.997148513793945,-16.477109909057617,3.543816566467285,,
,,117349,,,424.90339279174805,,,,,,
,,117349,,7.800579071044922,,,,,,,
75,,117349,,,,3.5500619411468506,-15.726252555847168,-16.213973999023438,3.5500619411468506,,
,,117399,,,431.0121536254883,,,,,,
,,117399,,26.66473388671875,,,,,,,
75,,117399,,,,3.552614450454712,-16.231454849243164,-16.73297119140625,3.552614450454712,,
,,117449,,,431.23507499694824,,,,,,
,,117449,,8.255720138549805,,,,,,,
75,,117449,,,,3.547801971435547,-15.692004203796387,-16.1841983795166,3.547801971435547,,
,,117499,,,437.6211166381836,,,,,,
,,117499,,29.868364334106445,,,,,,,
75,,117499,,,,3.551910877227783,-15.758634567260742,-16.23649787902832,3.551910877227783,,
,,117549,,,431.4863681793213,,,,,,
,,117549,,8.048772811889648,,,,,,,
75,,117549,,,,3.556715726852417,-16.103609085083008,-16.60431671142578,3.556715726852417,,
,,117599,,,418.37120056152344,,,,,,
,,117599,,28.66649627685547,,,,,,,
75,,117599,,,,3.548552989959717,-15.568456649780273,-16.036540985107422,3.548552989959717,,
,,117649,,,416.9776439666748,,,,,,
,,117649,,5.719900131225586,,,,,,,
75,,117649,,,,3.5525548458099365,-15.717264175415039,-16.192577362060547,3.5525548458099365,,
,,117699,,,418.06960105895996,,,,,,
,,117699,,25.847196578979492,,,,,,,
75,,117699,,,,3.5451085567474365,-15.914510726928711,-16.39446449279785,3.5451085567474365,,
,,117749,,,418.1239604949951,,,,,,
,,117749,,6.826877593994141,,,,,,,
75,,117749,,,,3.554281234741211,-16.014678955078125,-16.504741668701172,3.554281234741211,,
,,117799,,,410.55941581726074,,,,,,
,,117799,,23.02074432373047,,,,,,,
75,,117799,,,,3.55216908454895,-15.530255317687988,-16.031457901000977,3.55216908454895,,
,,117849,,,422.3768711090088,,,,,,
,,117849,,7.431507110595703,,,,,,,
75,,117849,,,,3.544281005859375,-15.894674301147461,-16.3953800201416,3.544281005859375,,
,,117899,,,415.3788089752197,,,,,,
,,117899,,23.106813430786133,,,,,,,
75,,117899,,,,3.5502450466156006,-15.942584991455078,-16.428590774536133,3.5502450466156006,,
,,117949,,,412.0192527770996,,,,,,
,,117949,,7.953405380249023,,,,,,,
75,,117949,,,,3.552557945251465,-15.652109146118164,-16.140430450439453,3.552557945251465,,
,,117999,,,411.65757179260254,,,,,,
,,117999,,23.181676864624023,,,,,,,
75,,117999,,,,3.5472521781921387,-15.646810531616211,-16.123088836669922,3.5472521781921387,,
,,118049,,,397.9754447937012,,,,,,
,,118049,,5.587100982666016,,,,,,,
75,,118049,,,,3.542337656021118,-16.197057723999023,-16.68990135192871,3.542337656021118,,
,,118099,,,404.25920486450195,,,,,,
,,118099,,25.618791580200195,,,,,,,
75,,118099,,,,3.5532381534576416,-15.64216423034668,-16.140460968017578,3.5532381534576416,,
,,118149,,,418.3502197265625,,,,,,
,,118149,,7.316827774047852,,,,,,,
75,,118149,,,,3.5520217418670654,-15.914740562438965,-16.42146873474121,3.5520217418670654,,
,,118199,,,414.29734230041504,,,,,,
,,118199,,25.142908096313477,,,,,,,
75,,118199,,,,3.551683187484741,-15.912353515625,-16.3902587890625,3.551683187484741,,
,,118249,,,409.67702865600586,,,,,,
,,118249,,8.219242095947266,,,,,,,
75,,118249,,,,3.549234628677368,-15.861371994018555,-16.358057022094727,3.549234628677368,,
,,118299,,,414.0315055847168,,,,,,
,,118299,,26.36265754699707,,,,,,,
75,,118299,,,,3.548318386077881,-15.617292404174805,-16.09052848815918,3.548318386077881,,
,,118349,,,412.11867332458496,,,,,,
,,118349,,6.9332122802734375,,,,,,,
75,,118349,,,,3.5496745109558105,-16.029918670654297,-16.516483306884766,3.5496745109558105,,
,,118399,,,410.7811450958252,,,,,,
,,118399,,396.1045742034912,,,,,,,
75,,118399,,,,3.5539119243621826,-16.214847564697266,-16.700328826904297,3.5539119243621826,,
,,118449,,,418.4103012084961,,,,,,
,,118449,,8.257150650024414,,,,,,,
75,,118449,,,,3.5436313152313232,-16.106679916381836,-16.59042739868164,3.5436313152313232,,
,,118499,,,409.07788276672363,,,,,,
,,118499,,26.098012924194336,,,,,,,
75,,118499,,,,3.557870626449585,-15.888387680053711,-16.366201400756836,3.557870626449585,,
,,118549,,,415.851354598999,,,,,,
,,118549,,6.622076034545898,,,,,,,
75,,118549,,,,3.545773506164551,-15.816920280456543,-16.306142807006836,3.545773506164551,,
,,118599,,,412.65010833740234,,,,,,
,,118599,,23.19192886352539,,,,,,,
75,,118599,,,,3.5501413345336914,-15.867293357849121,-16.363162994384766,3.5501413345336914,,
,,118649,,,411.62109375,,,,,,
,,118649,,8.28862190246582,,,,,,,
75,,118649,,,,3.5427467823028564,-16.076562881469727,-16.57337188720703,3.5427467823028564,,
,,118699,,,411.102294921875,,,,,,
,,118699,,28.366804122924805,,,,,,,
75,,118699,,,,3.5492968559265137,-15.957690238952637,-16.447065353393555,3.5492968559265137,,
,,118749,,,403.0418395996094,,,,,,
,,118749,,7.861614227294922,,,,,,,
75,,118749,,,,3.5534183979034424,-15.778294563293457,-16.274335861206055,3.5534183979034424,,
75,,118787,,,,,,,,-15.941404342651367,-16.351844787597656
,,118788,783.2458486557007,,,,,,,,
,0.0003,118788,,,,,,,,,
,,118799,,,410.3097915649414,,,,,,
,,118799,,23.519515991210938,,,,,,,
76,,118799,,,,3.5457632541656494,-15.822131156921387,-16.30345916748047,3.5457632541656494,,
,,118849,,,408.19430351257324,,,,,,
,,118849,,5.783796310424805,,,,,,,
76,,118849,,,,3.554785966873169,-16.201217651367188,-16.676244735717773,3.554785966873169,,
,,118899,,,410.9151363372803,,,,,,
,,118899,,26.99446678161621,,,,,,,
76,,118899,,,,3.557382822036743,-15.695902824401855,-16.192569732666016,3.557382822036743,,
,,118949,,,418.3175563812256,,,,,,
,,118949,,7.333278656005859,,,,,,,
76,,118949,,,,3.5464258193969727,-16.008615493774414,-16.489503860473633,3.5464258193969727,,
,,118999,,,420.41945457458496,,,,,,
,,118999,,24.895191192626953,,,,,,,
76,,118999,,,,3.554738759994507,-15.959976196289062,-16.4604434967041,3.554738759994507,,
,,119049,,,412.2645854949951,,,,,,
,,119049,,7.574558258056641,,,,,,,
76,,119049,,,,3.543307304382324,-15.717880249023438,-16.19182014465332,3.543307304382324,,
,,119099,,,413.3782386779785,,,,,,
,,119099,,27.491092681884766,,,,,,,
76,,119099,,,,3.543999195098877,-15.949790954589844,-16.437145233154297,3.543999195098877,,
,,119149,,,411.13924980163574,,,,,,
,,119149,,8.38780403137207,,,,,,,
76,,119149,,,,3.5453436374664307,-16.099098205566406,-16.57763671875,3.5453436374664307,,
,,119199,,,404.2537212371826,,,,,,
,,119199,,28.77640724182129,,,,,,,
76,,119199,,,,3.549724578857422,-16.108491897583008,-16.606182098388672,3.549724578857422,,
,,119249,,,416.6889190673828,,,,,,
,,119249,,8.440494537353516,,,,,,,
76,,119249,,,,3.550790309906006,-16.33873176574707,-16.834156036376953,3.550790309906006,,
,,119299,,,409.3208312988281,,,,,,
,,119299,,28.99646759033203,,,,,,,
76,,119299,,,,3.5514488220214844,-16.111480712890625,-16.58552360534668,3.5514488220214844,,
,,119349,,,409.58595275878906,,,,,,
,,119349,,7.16710090637207,,,,,,,
76,,119349,,,,3.5466601848602295,-15.697233200073242,-16.173276901245117,3.5466601848602295,,
,,119399,,,410.5210304260254,,,,,,
,,119399,,38.44118118286133,,,,,,,
76,,119399,,,,3.548179864883423,-15.816811561584473,-16.319259643554688,3.548179864883423,,
,,119449,,,431.09965324401855,,,,,,
,,119449,,9.411334991455078,,,,,,,
76,,119449,,,,3.553278923034668,-16.10589599609375,-16.609567642211914,3.553278923034668,,
,,119499,,,428.8356304168701,,,,,,
,,119499,,26.273488998413086,,,,,,,
76,,119499,,,,3.5436389446258545,-16.25526237487793,-16.752405166625977,3.5436389446258545,,
,,119549,,,432.971715927124,,,,,,
,,119549,,8.674860000610352,,,,,,,
76,,119549,,,,3.548079490661621,-16.16864776611328,-16.6707820892334,3.548079490661621,,
,,119599,,,428.67064476013184,,,,,,
,,119599,,27.634143829345703,,,,,,,
76,,119599,,,,3.550642728805542,-15.753519058227539,-16.234731674194336,3.550642728805542,,
,,119649,,,424.7462749481201,,,,,,
,,119649,,9.883403778076172,,,,,,,
76,,119649,,,,3.542142868041992,-16.230302810668945,-16.73389434814453,3.542142868041992,,
,,119699,,,429.9461841583252,,,,,,
,,119699,,27.144670486450195,,,,,,,
76,,119699,,,,3.547433614730835,-16.006128311157227,-16.475210189819336,3.547433614730835,,
,,119749,,,428.739070892334,,,,,,
,,119749,,8.471250534057617,,,,,,,
76,,119749,,,,3.553985118865967,-16.0211124420166,-16.503944396972656,3.553985118865967,,
,,119799,,,431.2887191772461,,,,,,
,,119799,,26.693105697631836,,,,,,,
76,,119799,,,,3.552096128463745,-15.643270492553711,-16.136821746826172,3.552096128463745,,
,,119849,,,432.1715831756592,,,,,,
,,119849,,10.222434997558594,,,,,,,
76,,119849,,,,3.5510921478271484,-15.811491012573242,-16.281444549560547,3.5510921478271484,,
,,119899,,,434.42463874816895,,,,,,
,,119899,,26.111125946044922,,,,,,,
76,,119899,,,,3.5434582233428955,-15.946340560913086,-16.4314022064209,3.5434582233428955,,
,,119949,,,437.1776580810547,,,,,,
,,119949,,8.867979049682617,,,,,,,
76,,119949,,,,3.5496840476989746,-16.318946838378906,-16.814781188964844,3.5496840476989746,,
,,119999,,,439.9237632751465,,,,,,
,,119999,,27.285337448120117,,,,,,,
76,,119999,,,,3.558027505874634,-16.241498947143555,-16.74728012084961,3.558027505874634,,
,,120049,,,435.90307235717773,,,,,,
,,120049,,8.183717727661133,,,,,,,
76,,120049,,,,3.5411181449890137,-15.974961280822754,-16.46147346496582,3.5411181449890137,,
,,120099,,,435.14466285705566,,,,,,
,,120099,,26.114225387573242,,,,,,,
76,,120099,,,,3.547440767288208,-16.070125579833984,-16.574935913085938,3.547440767288208,,
,,120149,,,428.58052253723145,,,,,,
,,120149,,8.192777633666992,,,,,,,
76,,120149,,,,3.5459115505218506,-16.18761444091797,-16.685348510742188,3.5459115505218506,,
,,120199,,,438.7509822845459,,,,,,
,,120199,,26.005029678344727,,,,,,,
76,,120199,,,,3.552931785583496,-15.894556045532227,-16.3774471282959,3.552931785583496,,
,,120249,,,431.9021701812744,,,,,,
,,120249,,8.992195129394531,,,,,,,
76,,120249,,,,3.548881769180298,-16.19304656982422,-16.68116569519043,3.548881769180298,,
,,120299,,,432.36231803894043,,,,,,
,,120299,,30.269145965576172,,,,,,,
76,,120299,,,,3.5534560680389404,-15.88669204711914,-16.366161346435547,3.5534560680389404,,
,,120349,,,431.78868293762207,,,,,,
,,120349,,8.366823196411133,,,,,,,
76,,120349,,,,3.547654151916504,-16.224851608276367,-16.71765899658203,3.547654151916504,,
76,,120350,,,,,,,,-15.935796737670898,-16.34519386291504
,,120351,796.9667634963989,,,,,,,,
,0.0003,120351,,,,,,,,,
,,120399,,,434.798002243042,,,,,,
,,120399,,27.57883071899414,,,,,,,
77,,120399,,,,3.556769847869873,-15.926338195800781,-16.428468704223633,3.556769847869873,,
,,120449,,,435.93406677246094,,,,,,
,,120449,,10.784626007080078,,,,,,,
77,,120449,,,,3.5476255416870117,-16.116588592529297,-16.60108184814453,3.5476255416870117,,
,,120499,,,428.8661479949951,,,,,,
,,120499,,28.49268913269043,,,,,,,
77,,120499,,,,3.5494842529296875,-15.721973419189453,-16.196897506713867,3.5494842529296875,,
,,120549,,,428.7400245666504,,,,,,
,,120549,,9.176969528198242,,,,,,,
77,,120549,,,,3.54913067817688,-16.144298553466797,-16.645944595336914,3.54913067817688,,
,,120599,,,423.71106147766113,,,,,,
,,120599,,25.588274002075195,,,,,,,
77,,120599,,,,3.545717716217041,-15.86454963684082,-16.34209632873535,3.545717716217041,,
,,120649,,,429.29697036743164,,,,,,
,,120649,,8.360862731933594,,,,,,,
77,,120649,,,,3.5476772785186768,-16.105283737182617,-16.597360610961914,3.5476772785186768,,
,,120699,,,431.52308464050293,,,,,,
,,120699,,26.44968032836914,,,,,,,
77,,120699,,,,3.5527000427246094,-16.12947654724121,-16.620590209960938,3.5527000427246094,,
,,120749,,,429.8677444458008,,,,,,
,,120749,,8.181333541870117,,,,,,,
77,,120749,,,,3.545475721359253,-15.608861923217773,-16.09208869934082,3.545475721359253,,
,,120799,,,430.03249168395996,,,,,,
,,120799,,30.061006546020508,,,,,,,
77,,120799,,,,3.551621437072754,-15.28866195678711,-15.784887313842773,3.551621437072754,,
,,120849,,,432.8498840332031,,,,,,
,,120849,,9.128808975219727,,,,,,,
77,,120849,,,,3.541057586669922,-15.637868881225586,-16.122953414916992,3.541057586669922,,
,,120899,,,432.9643249511719,,,,,,
,,120899,,29.36697006225586,,,,,,,
77,,120899,,,,3.5478296279907227,-16.17995834350586,-16.702404022216797,3.5478296279907227,,
,,120949,,,436.25664710998535,,,,,,
,,120949,,8.53109359741211,,,,,,,
77,,120949,,,,3.5511584281921387,-16.323963165283203,-16.801429748535156,3.5511584281921387,,
,,120999,,,434.4983100891113,,,,,,
,,120999,,26.63898468017578,,,,,,,
77,,120999,,,,3.542677879333496,-16.229095458984375,-16.708721160888672,3.542677879333496,,
,,121049,,,431.8692684173584,,,,,,
,,121049,,9.082794189453125,,,,,,,
77,,121049,,,,3.5524373054504395,-15.819921493530273,-16.301664352416992,3.5524373054504395,,
,,121099,,,432.1115016937256,,,,,,
,,121099,,26.003360748291016,,,,,,,
77,,121099,,,,3.5539655685424805,-16.17200469970703,-16.645479202270508,3.5539655685424805,,
,,121149,,,432.664155960083,,,,,,
,,121149,,8.45646858215332,,,,,,,
77,,121149,,,,3.555076837539673,-15.930498123168945,-16.426616668701172,3.555076837539673,,
,,121199,,,425.11630058288574,,,,,,
,,121199,,25.897502899169922,,,,,,,
77,,121199,,,,3.5541961193084717,-16.383037567138672,-16.87847328186035,3.5541961193084717,,
,,121249,,,431.58984184265137,,,,,,
,,121249,,8.780956268310547,,,,,,,
77,,121249,,,,3.5453884601593018,-15.859752655029297,-16.34787368774414,3.5453884601593018,,
,,121299,,,430.9990406036377,,,,,,
,,121299,,27.69923210144043,,,,,,,
77,,121299,,,,3.545783519744873,-15.775046348571777,-16.25634002685547,3.545783519744873,,
,,121349,,,429.77118492126465,,,,,,
,,121349,,9.352445602416992,,,,,,,
77,,121349,,,,3.548081636428833,-15.756380081176758,-16.229454040527344,3.548081636428833,,
,,121399,,,433.9907169342041,,,,,,
,,121399,,26.947021484375,,,,,,,
77,,121399,,,,3.547762393951416,-15.460725784301758,-15.948558807373047,3.547762393951416,,
,,121449,,,432.7876567840576,,,,,,
,,121449,,8.160591125488281,,,,,,,
77,,121449,,,,3.547525644302368,-16.07367706298828,-16.56306266784668,3.547525644302368,,
,,121499,,,426.58209800720215,,,,,,
,,121499,,26.152610778808594,,,,,,,
77,,121499,,,,3.5528078079223633,-15.65194320678711,-16.112783432006836,3.5528078079223633,,
,,121549,,,429.36158180236816,,,,,,
,,121549,,9.28950309753418,,,,,,,
77,,121549,,,,3.547527313232422,-16.103044509887695,-16.574594497680664,3.547527313232422,,
,,121599,,,429.3479919433594,,,,,,
,,121599,,25.455474853515625,,,,,,,
77,,121599,,,,3.542880058288574,-16.215290069580078,-16.693241119384766,3.542880058288574,,
,,121649,,,430.6807518005371,,,,,,
,,121649,,7.908105850219727,,,,,,,
77,,121649,,,,3.544337749481201,-15.668767929077148,-16.142135620117188,3.544337749481201,,
,,121699,,,432.0831298828125,,,,,,
,,121699,,25.930404663085938,,,,,,,
77,,121699,,,,3.5545992851257324,-15.84725284576416,-16.336618423461914,3.5545992851257324,,
,,121749,,,433.6681365966797,,,,,,
,,121749,,8.550167083740234,,,,,,,
77,,121749,,,,3.547874689102173,-15.876335144042969,-16.364564895629883,3.547874689102173,,
,,121799,,,438.07387351989746,,,,,,
,,121799,,29.125452041625977,,,,,,,
77,,121799,,,,3.5479042530059814,-16.057754516601562,-16.560226440429688,3.5479042530059814,,
,,121849,,,433.26401710510254,,,,,,
,,121849,,9.053945541381836,,,,,,,
77,,121849,,,,3.5566558837890625,-16.197338104248047,-16.6688175201416,3.5566558837890625,,
,,121899,,,437.74890899658203,,,,,,
,,121899,,27.208805084228516,,,,,,,
77,,121899,,,,3.54522705078125,-16.353029251098633,-16.850379943847656,3.54522705078125,,
77,,121913,,,,,,,,-15.937615394592285,-16.347721099853516
,,121914,808.6794230937958,,,,,,,,
,0.0003,121914,,,,,,,,,
,,121949,,,424.1962432861328,,,,,,
,,121949,,9.83285903930664,,,,,,,
78,,121949,,,,3.5496339797973633,-15.693429946899414,-16.168224334716797,3.5496339797973633,,
,,121999,,,434.7856044769287,,,,,,
,,121999,,26.663780212402344,,,,,,,
78,,121999,,,,3.547187089920044,-16.001941680908203,-16.48554229736328,3.547187089920044,,
,,122049,,,422.5015640258789,,,,,,
,,122049,,8.225202560424805,,,,,,,
78,,122049,,,,3.552945375442505,-15.807317733764648,-16.29963493347168,3.552945375442505,,
,,122099,,,431.4417839050293,,,,,,
,,122099,,25.915861129760742,,,,,,,
78,,122099,,,,3.543826103210449,-15.836816787719727,-16.326522827148438,3.543826103210449,,
,,122149,,,436.8553161621094,,,,,,
,,122149,,8.544921875,,,,,,,
78,,122149,,,,3.544316291809082,-15.836532592773438,-16.317373275756836,3.544316291809082,,
,,122199,,,433.89272689819336,,,,,,
,,122199,,26.71337127685547,,,,,,,
78,,122199,,,,3.5497844219207764,-15.602042198181152,-16.086816787719727,3.5497844219207764,,
,,122249,,,432.6779842376709,,,,,,
,,122249,,8.960247039794922,,,,,,,
78,,122249,,,,3.5505340099334717,-15.888592720031738,-16.37367820739746,3.5505340099334717,,
,,122299,,,437.8702640533447,,,,,,
,,122299,,27.550458908081055,,,,,,,
78,,122299,,,,3.5459630489349365,-15.809486389160156,-16.279993057250977,3.5459630489349365,,
,,122349,,,433.7887763977051,,,,,,
,,122349,,8.274316787719727,,,,,,,
78,,122349,,,,3.54884934425354,-16.27273941040039,-16.76677894592285,3.54884934425354,,
,,122399,,,425.7464408874512,,,,,,
,,122399,,28.673410415649414,,,,,,,
78,,122399,,,,3.5517425537109375,-15.422987937927246,-15.892589569091797,3.5517425537109375,,
,,122449,,,431.2608242034912,,,,,,
,,122449,,9.912490844726562,,,,,,,
78,,122449,,,,3.5510547161102295,-15.939327239990234,-16.44268035888672,3.5510547161102295,,
,,122499,,,420.1164245605469,,,,,,
,,122499,,25.562047958374023,,,,,,,
78,,122499,,,,3.5453665256500244,-15.960256576538086,-16.450124740600586,3.5453665256500244,,
,,122549,,,419.99292373657227,,,,,,
,,122549,,7.779121398925781,,,,,,,
78,,122549,,,,3.5492055416107178,-16.06631088256836,-16.571622848510742,3.5492055416107178,,
,,122599,,,429.5964241027832,,,,,,
,,122599,,30.181884765625,,,,,,,
78,,122599,,,,3.54610276222229,-16.1328125,-16.637176513671875,3.54610276222229,,
,,122649,,,432.54756927490234,,,,,,
,,122649,,8.52060317993164,,,,,,,
78,,122649,,,,3.5578389167785645,-16.005189895629883,-16.496692657470703,3.5578389167785645,,
,,122699,,,421.893835067749,,,,,,
,,122699,,29.33335304260254,,,,,,,
78,,122699,,,,3.554316997528076,-15.698824882507324,-16.1983642578125,3.554316997528076,,
,,122749,,,410.16697883605957,,,,,,
,,122749,,8.080005645751953,,,,,,,
78,,122749,,,,3.551274299621582,-15.767648696899414,-16.254560470581055,3.551274299621582,,
,,122799,,,404.0818214416504,,,,,,
,,122799,,23.39935302734375,,,,,,,
78,,122799,,,,3.544779062271118,-15.842060089111328,-16.32350730895996,3.544779062271118,,
,,122849,,,424.6082305908203,,,,,,
,,122849,,7.94672966003418,,,,,,,
78,,122849,,,,3.5446367263793945,-15.746427536010742,-16.230302810668945,3.5446367263793945,,
,,122899,,,408.4205627441406,,,,,,
,,122899,,27.69780158996582,,,,,,,
78,,122899,,,,3.548262357711792,-15.552019119262695,-16.04737663269043,3.548262357711792,,
,,122949,,,416.7637825012207,,,,,,
,,122949,,8.753299713134766,,,,,,,
78,,122949,,,,3.5491554737091064,-16.14324951171875,-16.646617889404297,3.5491554737091064,,
,,122999,,,422.152042388916,,,,,,
,,122999,,26.841402053833008,,,,,,,
78,,122999,,,,3.541134834289551,-15.842704772949219,-16.31613540649414,3.541134834289551,,
,,123049,,,418.3189868927002,,,,,,
,,123049,,6.1740875244140625,,,,,,,
78,,123049,,,,3.543121337890625,-15.850320816040039,-16.357404708862305,3.543121337890625,,
,,123099,,,421.1158752441406,,,,,,
,,123099,,25.982141494750977,,,,,,,
78,,123099,,,,3.5495083332061768,-15.869397163391113,-16.344480514526367,3.5495083332061768,,
,,123149,,,410.5856418609619,,,,,,
,,123149,,5.864381790161133,,,,,,,
78,,123149,,,,3.5477306842803955,-16.00326919555664,-16.490509033203125,3.5477306842803955,,
,,123199,,,416.7520999908447,,,,,,
,,123199,,24.804353713989258,,,,,,,
78,,123199,,,,3.549053907394409,-16.01295280456543,-16.517377853393555,3.549053907394409,,
,,123249,,,421.40698432922363,,,,,,
,,123249,,7.665157318115234,,,,,,,
78,,123249,,,,3.552107572555542,-16.255870819091797,-16.735464096069336,3.552107572555542,,
,,123299,,,420.3462600708008,,,,,,
,,123299,,27.013301849365234,,,,,,,
78,,123299,,,,3.5412330627441406,-15.935384750366211,-16.425090789794922,3.5412330627441406,,
,,123349,,,418.32661628723145,,,,,,
,,123349,,8.550882339477539,,,,,,,
78,,123349,,,,3.554478645324707,-16.06609344482422,-16.55449676513672,3.554478645324707,,
,,123399,,,416.6264533996582,,,,,,
,,123399,,29.006481170654297,,,,,,,
78,,123399,,,,3.544559955596924,-15.814545631408691,-16.315942764282227,3.544559955596924,,
,,123449,,,418.05481910705566,,,,,,
,,123449,,7.236480712890625,,,,,,,
78,,123449,,,,3.547736167907715,-16.07683563232422,-16.553415298461914,3.547736167907715,,
78,,123476,,,,,,,,-15.971390724182129,-16.389686584472656
,,123477,796.0264799594879,,,,,,,,
,0.0003,123477,,,,,,,,,
,,123499,,,409.88850593566895,,,,,,
,,123499,,25.676965713500977,,,,,,,
79,,123499,,,,3.5418877601623535,-16.160484313964844,-16.66915512084961,3.5418877601623535,,
,,123549,,,404.5538902282715,,,,,,
,,123549,,8.009672164916992,,,,,,,
79,,123549,,,,3.5448312759399414,-15.51270866394043,-16.020471572875977,3.5448312759399414,,
,,123599,,,397.74584770202637,,,,,,
,,123599,,22.81022071838379,,,,,,,
79,,123599,,,,3.555123805999756,-15.859183311462402,-16.357667922973633,3.555123805999756,,
,,123649,,,396.4235782623291,,,,,,
,,123649,,5.746603012084961,,,,,,,
79,,123649,,,,3.558765411376953,-15.858625411987305,-16.35184097290039,3.558765411376953,,
,,123699,,,409.7120761871338,,,,,,
,,123699,,24.966955184936523,,,,,,,
79,,123699,,,,3.550588369369507,-15.83292007446289,-16.30521011352539,3.550588369369507,,
,,123749,,,404.2487144470215,,,,,,
,,123749,,6.699323654174805,,,,,,,
79,,123749,,,,3.546024799346924,-15.877931594848633,-16.37569236755371,3.546024799346924,,
,,123799,,,417.283296585083,,,,,,
,,123799,,27.958393096923828,,,,,,,
79,,123799,,,,3.540336847305298,-15.90468978881836,-16.395944595336914,3.540336847305298,,
,,123849,,,416.51129722595215,,,,,,
,,123849,,6.959438323974609,,,,,,,
79,,123849,,,,3.557651996612549,-16.1050968170166,-16.59364128112793,3.557651996612549,,
,,123899,,,404.59418296813965,,,,,,
,,123899,,24.335384368896484,,,,,,,
79,,123899,,,,3.5425643920898438,-16.344282150268555,-16.825117111206055,3.5425643920898438,,
,,123949,,,415.6684875488281,,,,,,
,,123949,,6.884098052978516,,,,,,,
79,,123949,,,,3.5426247119903564,-16.1431827545166,-16.626646041870117,3.5426247119903564,,
,,123999,,,397.14527130126953,,,,,,
,,123999,,23.003816604614258,,,,,,,
79,,123999,,,,3.5425732135772705,-15.780077934265137,-16.273468017578125,3.5425732135772705,,
,,124049,,,399.63507652282715,,,,,,
,,124049,,5.5332183837890625,,,,,,,
79,,124049,,,,3.5562219619750977,-16.276512145996094,-16.763185501098633,3.5562219619750977,,
,,124099,,,413.6993885040283,,,,,,
,,124099,,27.90045738220215,,,,,,,
79,,124099,,,,3.5518107414245605,-16.17192840576172,-16.66643524169922,3.5518107414245605,,
,,124149,,,405.84254264831543,,,,,,
,,124149,,7.952451705932617,,,,,,,
79,,124149,,,,3.541790723800659,-16.054582595825195,-16.538694381713867,3.541790723800659,,
,,124199,,,412.6548767089844,,,,,,
,,124199,,28.490066528320312,,,,,,,
79,,124199,,,,3.550055980682373,-15.993937492370605,-16.48970603942871,3.550055980682373,,
,,124249,,,408.32018852233887,,,,,,
,,124249,,7.157802581787109,,,,,,,
79,,124249,,,,3.547830104827881,-15.947120666503906,-16.40093421936035,3.547830104827881,,
,,124299,,,403.0568599700928,,,,,,
,,124299,,23.109912872314453,,,,,,,
79,,124299,,,,3.555680990219116,-15.909318923950195,-16.397687911987305,3.555680990219116,,
,,124349,,,406.0208797454834,,,,,,
,,124349,,5.599260330200195,,,,,,,
79,,124349,,,,3.5463860034942627,-15.90430736541748,-16.393375396728516,3.5463860034942627,,
,,124399,,,403.8240909576416,,,,,,
,,124399,,22.852420806884766,,,,,,,
79,,124399,,,,3.5512547492980957,-15.922307014465332,-16.42319679260254,3.5512547492980957,,
,,124449,,,411.9856357574463,,,,,,
,,124449,,7.09986686706543,,,,,,,
79,,124449,,,,3.541487455368042,-15.839470863342285,-16.323957443237305,3.541487455368042,,
,,124499,,,409.50965881347656,,,,,,
,,124499,,28.93853187561035,,,,,,,
79,,124499,,,,3.543654203414917,-16.085803985595703,-16.5643253326416,3.543654203414917,,
,,124549,,,407.09662437438965,,,,,,
,,124549,,5.728244781494141,,,,,,,
79,,124549,,,,3.546367645263672,-16.22752571105957,-16.731399536132812,3.546367645263672,,
,,124599,,,415.37928581237793,,,,,,
,,124599,,23.18406105041504,,,,,,,
79,,124599,,,,3.5457732677459717,-16.157196044921875,-16.643468856811523,3.5457732677459717,,
,,124649,,,408.860445022583,,,,,,
,,124649,,6.725788116455078,,,,,,,
79,,124649,,,,3.551868200302124,-15.93055248260498,-16.43604850769043,3.551868200302124,,
,,124699,,,410.5181694030762,,,,,,
,,124699,,23.993730545043945,,,,,,,
79,,124699,,,,3.555427074432373,-15.807891845703125,-16.285598754882812,3.555427074432373,,
,,124749,,,407.9921245574951,,,,,,
,,124749,,7.240056991577148,,,,,,,
79,,124749,,,,3.549077272415161,-16.17255401611328,-16.654253005981445,3.549077272415161,,
,,124799,,,415.77696800231934,,,,,,
,,124799,,27.67014503479004,,,,,,,
79,,124799,,,,3.5503621101379395,-16.268306732177734,-16.752025604248047,3.5503621101379395,,
,,124849,,,411.91697120666504,,,,,,
,,124849,,8.082866668701172,,,,,,,
79,,124849,,,,3.5485925674438477,-16.148208618164062,-16.614892959594727,3.5485925674438477,,
,,124899,,,400.6969928741455,,,,,,
,,124899,,23.213624954223633,,,,,,,
79,,124899,,,,3.550907611846924,-16.348058700561523,-16.849193572998047,3.550907611846924,,
,,124949,,,402.09054946899414,,,,,,
,,124949,,7.437705993652344,,,,,,,
79,,124949,,,,3.55083966255188,-15.893263816833496,-16.356887817382812,3.55083966255188,,
,,124999,,,405.1494598388672,,,,,,
,,124999,,22.876739501953125,,,,,,,
79,,124999,,,,3.552744150161743,-15.919107437133789,-16.409563064575195,3.552744150161743,,
79,,125039,,,,,,,,-15.93743896484375,-16.342023849487305
,,125040,769.4289739131927,,,,,,,,
,0.0003,125040,,,,,,,,,
,,125049,,,409.63125228881836,,,,,,
,,125049,,7.521629333496094,,,,,,,
80,,125049,,,,3.5556821823120117,-15.734107971191406,-16.21776008605957,3.5556821823120117,,
,,125099,,,420.20606994628906,,,,,,
,,125099,,28.395652770996094,,,,,,,
80,,125099,,,,3.5493218898773193,-16.188661575317383,-16.66792106628418,3.5493218898773193,,
,,125149,,,414.11685943603516,,,,,,
,,125149,,6.80994987487793,,,,,,,
80,,125149,,,,3.546569347381592,-16.10388946533203,-16.60141372680664,3.546569347381592,,
,,125199,,,415.1284694671631,,,,,,
,,125199,,24.858951568603516,,,,,,,
80,,125199,,,,3.5491085052490234,-15.861740112304688,-16.348121643066406,3.5491085052490234,,
,,125249,,,409.578800201416,,,,,,
,,125249,,8.268356323242188,,,,,,,
80,,125249,,,,3.5356011390686035,-15.907573699951172,-16.396066665649414,3.5356011390686035,,
,,125299,,,416.3491725921631,,,,,,
,,125299,,25.405168533325195,,,,,,,
80,,125299,,,,3.54733943939209,-15.880084991455078,-16.361492156982422,3.54733943939209,,
,,125349,,,408.0381393432617,,,,,,
,,125349,,6.860494613647461,,,,,,,
80,,125349,,,,3.5453484058380127,-16.14917755126953,-16.636077880859375,3.5453484058380127,,
,,125399,,,408.65302085876465,,,,,,
,,125399,,23.517847061157227,,,,,,,
80,,125399,,,,3.551156520843506,-15.913276672363281,-16.388408660888672,3.551156520843506,,
,,125449,,,411.5312099456787,,,,,,
,,125449,,8.262157440185547,,,,,,,
80,,125449,,,,3.5539300441741943,-15.85611629486084,-16.331134796142578,3.5539300441741943,,
,,125499,,,415.0581359863281,,,,,,
,,125499,,27.365684509277344,,,,,,,
80,,125499,,,,3.5462758541107178,-16.0638427734375,-16.5428409576416,3.5462758541107178,,
,,125549,,,419.7201728820801,,,,,,
,,125549,,7.255077362060547,,,,,,,
80,,125549,,,,3.53690767288208,-15.970479965209961,-16.454866409301758,3.53690767288208,,
,,125599,,,416.89276695251465,,,,,,
,,125599,,24.775266647338867,,,,,,,
80,,125599,,,,3.5389840602874756,-15.832542419433594,-16.315471649169922,3.5389840602874756,,
,,125649,,,422.2753047943115,,,,,,
,,125649,,7.987022399902344,,,,,,,
80,,125649,,,,3.546248197555542,-15.964250564575195,-16.411527633666992,3.546248197555542,,
,,125699,,,401.289701461792,,,,,,
,,125699,,22.856712341308594,,,,,,,
80,,125699,,,,3.5465102195739746,-16.240379333496094,-16.72467613220215,3.5465102195739746,,
,,125749,,,413.022518157959,,,,,,
,,125749,,6.016969680786133,,,,,,,
80,,125749,,,,3.54626202583313,-15.825119972229004,-16.288373947143555,3.54626202583313,,
,,125799,,,403.98383140563965,,,,,,
,,125799,,23.0257511138916,,,,,,,
80,,125799,,,,3.553009510040283,-15.937215805053711,-16.435203552246094,3.553009510040283,,
,,125849,,,413.53392601013184,,,,,,
,,125849,,5.679607391357422,,,,,,,
80,,125849,,,,3.550692081451416,-15.682546615600586,-16.163415908813477,3.550692081451416,,
,,125899,,,406.4366817474365,,,,,,
,,125899,,22.826194763183594,,,,,,,
80,,125899,,,,3.5504095554351807,-16.372915267944336,-16.875404357910156,3.5504095554351807,,
,,125949,,,416.6686534881592,,,,,,
,,125949,,7.138729095458984,,,,,,,
80,,125949,,,,3.5606300830841064,-15.928922653198242,-16.401681900024414,3.5606300830841064,,
,,125999,,,420.2699661254883,,,,,,
,,125999,,26.277542114257812,,,,,,,
80,,125999,,,,3.5474705696105957,-15.994865417480469,-16.478551864624023,3.5474705696105957,,
,,126049,,,417.92941093444824,,,,,,
,,126049,,5.755186080932617,,,,,,,
80,,126049,,,,3.54746150970459,-16.04897117614746,-16.52824592590332,3.54746150970459,,
,,126099,,,407.52339363098145,,,,,,
,,126099,,28.313159942626953,,,,,,,
80,,126099,,,,3.5506529808044434,-15.912236213684082,-16.411029815673828,3.5506529808044434,,
,,126149,,,408.8101387023926,,,,,,
,,126149,,5.8040618896484375,,,,,,,
80,,126149,,,,3.550440549850464,-16.106407165527344,-16.589330673217773,3.550440549850464,,
,,126199,,,409.55471992492676,,,,,,
,,126199,,22.95398712158203,,,,,,,
80,,126199,,,,3.5528056621551514,-16.172014236450195,-16.658979415893555,3.5528056621551514,,
,,126249,,,409.91687774658203,,,,,,
,,126249,,8.340120315551758,,,,,,,
80,,126249,,,,3.5457098484039307,-15.996526718139648,-16.476688385009766,3.5457098484039307,,
,,126299,,,402.1470546722412,,,,,,
,,126299,,27.016162872314453,,,,,,,
80,,126299,,,,3.5538737773895264,-16.090309143066406,-16.58907127380371,3.5538737773895264,,
,,126349,,,397.0448970794678,,,,,,
,,126349,,5.559444427490234,,,,,,,
80,,126349,,,,3.55342960357666,-15.858838081359863,-16.346790313720703,3.55342960357666,,
,,126399,,,401.28517150878906,,,,,,
,,126399,,23.119211196899414,,,,,,,
80,,126399,,,,3.553734302520752,-16.07257652282715,-16.554746627807617,3.553734302520752,,
,,126449,,,401.16143226623535,,,,,,
,,126449,,5.566835403442383,,,,,,,
80,,126449,,,,3.550915241241455,-15.971246719360352,-16.479938507080078,3.550915241241455,,
,,126499,,,406.18395805358887,,,,,,
,,126499,,25.953054428100586,,,,,,,
80,,126499,,,,3.5511491298675537,-16.0410099029541,-16.5389404296875,3.5511491298675537,,
,,126549,,,401.1116027832031,,,,,,
,,126549,,8.395195007324219,,,,,,,
80,,126549,,,,3.557856321334839,-16.00406265258789,-16.485258102416992,3.557856321334839,,
,,126599,,,400.65503120422363,,,,,,
,,126599,,22.87125587463379,,,,,,,
80,,126599,,,,3.5490667819976807,-16.380844116210938,-16.883060455322266,3.5490667819976807,,
80,,126602,,,,,,,,-15.93233871459961,-16.338184356689453
,,126603,771.1408245563507,,,,,,,,
,0.0003,126603,,,,,,,,,
,,126649,,,406.1110019683838,,,,,,
,,126649,,5.580902099609375,,,,,,,
81,,126649,,,,3.554910898208618,-15.854615211486816,-16.324907302856445,3.554910898208618,,
,,126699,,,406.05664253234863,,,,,,
,,126699,,27.39262580871582,,,,,,,
81,,126699,,,,3.555119276046753,-16.062389373779297,-16.551111221313477,3.555119276046753,,
,,126749,,,411.6547107696533,,,,,,
,,126749,,7.155179977416992,,,,,,,
81,,126749,,,,3.5460424423217773,-15.765517234802246,-16.25625228881836,3.5460424423217773,,
,,126799,,,423.4740734100342,,,,,,
,,126799,,27.10127830505371,,,,,,,
81,,126799,,,,3.5495851039886475,-15.864030838012695,-16.340791702270508,3.5495851039886475,,
,,126849,,,413.3882522583008,,,,,,
,,126849,,6.939888000488281,,,,,,,
81,,126849,,,,3.5561320781707764,-16.26161766052246,-16.74955940246582,3.5561320781707764,,
,,126899,,,405.3530693054199,,,,,,
,,126899,,28.095245361328125,,,,,,,
81,,126899,,,,3.5465173721313477,-15.69302749633789,-16.171743392944336,3.5465173721313477,,
,,126949,,,412.49799728393555,,,,,,
,,126949,,7.807254791259766,,,,,,,
81,,126949,,,,3.5500597953796387,-15.769645690917969,-16.272825241088867,3.5500597953796387,,
,,126999,,,406.74901008605957,,,,,,
,,126999,,23.05769920349121,,,,,,,
81,,126999,,,,3.5516433715820312,-15.669475555419922,-16.124486923217773,3.5516433715820312,,
,,127049,,,406.15296363830566,,,,,,
,,127049,,5.642414093017578,,,,,,,
81,,127049,,,,3.5542540550231934,-15.468061447143555,-15.948357582092285,3.5542540550231934,,
,,127099,,,412.69636154174805,,,,,,
,,127099,,23.220539093017578,,,,,,,
81,,127099,,,,3.553797721862793,-15.695924758911133,-16.17512321472168,3.553797721862793,,
,,127149,,,412.8763675689697,,,,,,
,,127149,,8.026123046875,,,,,,,
81,,127149,,,,3.551746368408203,-15.90145492553711,-16.40798568725586,3.551746368408203,,
,,127199,,,397.2630500793457,,,,,,
,,127199,,22.85933494567871,,,,,,,
81,,127199,,,,3.551541328430176,-16.314451217651367,-16.787534713745117,3.551541328430176,,
,,127249,,,408.2915782928467,,,,,,
,,127249,,5.759954452514648,,,,,,,
81,,127249,,,,3.5529370307922363,-15.797552108764648,-16.26751708984375,3.5529370307922363,,
,,127299,,,398.26297760009766,,,,,,
,,127299,,25.08997917175293,,,,,,,
81,,127299,,,,3.5511794090270996,-16.0440673828125,-16.51806640625,3.5511794090270996,,
,,127349,,,408.9069366455078,,,,,,
,,127349,,7.410764694213867,,,,,,,
81,,127349,,,,3.554274559020996,-16.124860763549805,-16.607091903686523,3.554274559020996,,
,,127399,,,405.0319194793701,,,,,,
,,127399,,24.141788482666016,,,,,,,
81,,127399,,,,3.5423812866210938,-16.04018211364746,-16.51797103881836,3.5423812866210938,,
,,127449,,,410.25590896606445,,,,,,
,,127449,,5.660057067871094,,,,,,,
81,,127449,,,,3.5459985733032227,-15.758066177368164,-16.235036849975586,3.5459985733032227,,
,,127499,,,412.0814800262451,,,,,,
,,127499,,27.36210823059082,,,,,,,
81,,127499,,,,3.541832208633423,-16.238784790039062,-16.72527313232422,3.541832208633423,,
,,127549,,,406.50272369384766,,,,,,
,,127549,,7.425785064697266,,,,,,,
81,,127549,,,,3.5443785190582275,-16.048114776611328,-16.54020881652832,3.5443785190582275,,
,,127599,,,410.6175899505615,,,,,,
,,127599,,28.322696685791016,,,,,,,
81,,127599,,,,3.5482006072998047,-16.139772415161133,-16.623498916625977,3.5482006072998047,,
,,127649,,,407.52339363098145,,,,,,
,,127649,,8.246898651123047,,,,,,,
81,,127649,,,,3.547269821166992,-16.086650848388672,-16.576074600219727,3.547269821166992,,
,,127699,,,410.0959300994873,,,,,,
,,127699,,25.799274444580078,,,,,,,
81,,127699,,,,3.5531976222991943,-15.70756721496582,-16.20083236694336,3.5531976222991943,,
,,127749,,,410.45427322387695,,,,,,
,,127749,,5.65791130065918,,,,,,,
81,,127749,,,,3.5519096851348877,-16.20065689086914,-16.686491012573242,3.5519096851348877,,
,,127799,,,411.07797622680664,,,,,,
,,127799,,25.650501251220703,,,,,,,
81,,127799,,,,3.555143356323242,-15.58159065246582,-16.06100082397461,3.555143356323242,,
,,127849,,,412.9970073699951,,,,,,
,,127849,,7.580757141113281,,,,,,,
81,,127849,,,,3.5458953380584717,-16.004714965820312,-16.49411392211914,3.5458953380584717,,
,,127899,,,407.0241451263428,,,,,,
,,127899,,25.755882263183594,,,,,,,
81,,127899,,,,3.549988269805908,-16.106830596923828,-16.590801239013672,3.549988269805908,,
,,127949,,,397.07231521606445,,,,,,
,,127949,,5.5294036865234375,,,,,,,
81,,127949,,,,3.5499267578125,-16.07357406616211,-16.552534103393555,3.5499267578125,,
,,127999,,,410.60543060302734,,,,,,
,,127999,,23.215293884277344,,,,,,,
81,,127999,,,,3.548854351043701,-15.690053939819336,-16.17829132080078,3.548854351043701,,
,,128049,,,406.3243865966797,,,,,,
,,128049,,7.313966751098633,,,,,,,
81,,128049,,,,3.5533788204193115,-16.360668182373047,-16.85205078125,3.5533788204193115,,
,,128099,,,400.6171226501465,,,,,,
,,128099,,23.28801155090332,,,,,,,
81,,128099,,,,3.553386688232422,-15.869889259338379,-16.34775161743164,3.553386688232422,,
,,128149,,,407.6228141784668,,,,,,
,,128149,,7.241487503051758,,,,,,,
81,,128149,,,,3.550509452819824,-15.667278289794922,-16.13542938232422,3.550509452819824,,
81,,128165,,,,,,,,-15.934576988220215,-16.340322494506836
,,128166,768.4228179454803,,,,,,,,
,0.0003,128166,,,,,,,,,
,,128199,,,407.6576232910156,,,,,,
,,128199,,26.027441024780273,,,,,,,
82,,128199,,,,3.5545005798339844,-16.15667152404785,-16.642969131469727,3.5545005798339844,,
,,128249,,,409.1770648956299,,,,,,
,,128249,,5.600452423095703,,,,,,,
82,,128249,,,,3.548159122467041,-16.137187957763672,-16.61488914489746,3.548159122467041,,
,,128299,,,406.75854682922363,,,,,,
,,128299,,26.555299758911133,,,,,,,
82,,128299,,,,3.5491862297058105,-15.836385726928711,-16.314531326293945,3.5491862297058105,,
,,128349,,,402.3020267486572,,,,,,
,,128349,,8.247137069702148,,,,,,,
82,,128349,,,,3.5415585041046143,-15.856290817260742,-16.34095573425293,3.5415585041046143,,
,,128399,,,414.0286445617676,,,,,,
,,128399,,25.153636932373047,,,,,,,
82,,128399,,,,3.555532693862915,-16.410438537597656,-16.88983154296875,3.555532693862915,,
,,128449,,,407.0615768432617,,,,,,
,,128449,,5.584478378295898,,,,,,,
82,,128449,,,,3.5375726222991943,-16.026084899902344,-16.511749267578125,3.5375726222991943,,
,,128499,,,405.881404876709,,,,,,
,,128499,,23.237228393554688,,,,,,,
82,,128499,,,,3.553140878677368,-15.637393951416016,-16.111698150634766,3.553140878677368,,
,,128549,,,409.28196907043457,,,,,,
,,128549,,7.786750793457031,,,,,,,
82,,128549,,,,3.551640510559082,-16.155593872070312,-16.615983963012695,3.551640510559082,,
,,128599,,,418.63489151000977,,,,,,
,,128599,,26.571035385131836,,,,,,,
82,,128599,,,,3.5482168197631836,-16.132709503173828,-16.591068267822266,3.5482168197631836,,
,,128649,,,406.954288482666,,,,,,
,,128649,,6.013631820678711,,,,,,,
82,,128649,,,,3.548048734664917,-15.839811325073242,-16.320886611938477,3.548048734664917,,
,,128699,,,414.6440029144287,,,,,,
,,128699,,24.541139602661133,,,,,,,
82,,128699,,,,3.5458085536956787,-15.683433532714844,-16.170269012451172,3.5458085536956787,,
,,128749,,,418.96653175354004,,,,,,
,,128749,,7.7056884765625,,,,,,,
82,,128749,,,,3.553278923034668,-16.362625122070312,-16.83222007751465,3.553278923034668,,
,,128799,,,411.83018684387207,,,,,,
,,128799,,29.14261817932129,,,,,,,
82,,128799,,,,3.553266763687134,-16.327930450439453,-16.82734489440918,3.553266763687134,,
,,128849,,,420.89080810546875,,,,,,
,,128849,,6.764888763427734,,,,,,,
82,,128849,,,,3.55167293548584,-16.237632751464844,-16.72779655456543,3.55167293548584,,
,,128899,,,413.0113124847412,,,,,,
,,128899,,28.4576416015625,,,,,,,
82,,128899,,,,3.549501895904541,-15.965641975402832,-16.44779396057129,3.549501895904541,,
,,128949,,,415.2216911315918,,,,,,
,,128949,,7.434844970703125,,,,,,,
82,,128949,,,,3.545842170715332,-16.447267532348633,-16.931299209594727,3.545842170715332,,
,,128999,,,412.3964309692383,,,,,,
,,128999,,27.279376983642578,,,,,,,
82,,128999,,,,3.546704053878784,-16.557571411132812,-17.03842544555664,3.546704053878784,,
,,129049,,,418.5516834259033,,,,,,
,,129049,,7.027626037597656,,,,,,,
82,,129049,,,,3.5523009300231934,-15.677206039428711,-16.1973819732666,3.5523009300231934,,
,,129099,,,414.6144390106201,,,,,,
,,129099,,25.245189666748047,,,,,,,
82,,129099,,,,3.54418683052063,-16.136648178100586,-16.62613868713379,3.54418683052063,,
,,129149,,,411.9253158569336,,,,,,
,,129149,,7.072925567626953,,,,,,,
82,,129149,,,,3.545759916305542,-15.640835762023926,-16.109888076782227,3.545759916305542,,
,,129199,,,409.6517562866211,,,,,,
,,129199,,24.74832534790039,,,,,,,
82,,129199,,,,3.5524253845214844,-15.955055236816406,-16.440126419067383,3.5524253845214844,,
,,129249,,,412.62149810791016,,,,,,
,,129249,,8.436203002929688,,,,,,,
82,,129249,,,,3.551701545715332,-15.884153366088867,-16.360363006591797,3.551701545715332,,
,,129299,,,415.19999504089355,,,,,,
,,129299,,27.811765670776367,,,,,,,
82,,129299,,,,3.5466504096984863,-16.30126953125,-16.78950309753418,3.5466504096984863,,
,,129349,,,407.03749656677246,,,,,,
,,129349,,8.465766906738281,,,,,,,
82,,129349,,,,3.554884195327759,-15.868003845214844,-16.34063720703125,3.554884195327759,,
,,129399,,,415.3428077697754,,,,,,
,,129399,,25.30813217163086,,,,,,,
82,,129399,,,,3.5504150390625,-15.97237777709961,-16.470643997192383,3.5504150390625,,
,,129449,,,417.0510768890381,,,,,,
,,129449,,8.287191390991211,,,,,,,
82,,129449,,,,3.54740047454834,-16.264158248901367,-16.7534122467041,3.54740047454834,,
,,129499,,,419.18492317199707,,,,,,
,,129499,,23.372173309326172,,,,,,,
82,,129499,,,,3.551194667816162,-16.21646499633789,-16.69951820373535,3.551194667816162,,
,,129549,,,426.7387390136719,,,,,,
,,129549,,8.195638656616211,,,,,,,
82,,129549,,,,3.547208547592163,-15.861275672912598,-16.34674072265625,3.547208547592163,,
,,129599,,,425.5032539367676,,,,,,
,,129599,,25.04706382751465,,,,,,,
82,,129599,,,,3.547778844833374,-15.8453369140625,-16.329465866088867,3.547778844833374,,
,,129649,,,427.7629852294922,,,,,,
,,129649,,8.100748062133789,,,,,,,
82,,129649,,,,3.553563356399536,-15.848518371582031,-16.342487335205078,3.553563356399536,,
,,129699,,,432.450532913208,,,,,,
,,129699,,25.70629119873047,,,,,,,
82,,129699,,,,3.552537202835083,-15.84231185913086,-16.33578872680664,3.552537202835083,,
82,,129728,,,,,,,,-15.931856155395508,-16.33847999572754
,,129729,779.5029237270355,,,,,,,,
,0.0003,129729,,,,,,,,,
,,129749,,,430.938720703125,,,,,,
,,129749,,8.472919464111328,,,,,,,
83,,129749,,,,3.548185348510742,-15.76916790008545,-16.236907958984375,3.548185348510742,,
,,129799,,,436.6316795349121,,,,,,
,,129799,,29.740571975708008,,,,,,,
83,,129799,,,,3.5528721809387207,-15.732587814331055,-16.24024200439453,3.5528721809387207,,
,,129849,,,422.9564666748047,,,,,,
,,129849,,8.59212875366211,,,,,,,
83,,129849,,,,3.5471420288085938,-16.07610511779785,-16.569875717163086,3.5471420288085938,,
,,129899,,,427.492618560791,,,,,,
,,129899,,25.134563446044922,,,,,,,
83,,129899,,,,3.538616180419922,-15.914922714233398,-16.389774322509766,3.538616180419922,,
,,129949,,,421.9520092010498,,,,,,
,,129949,,8.06736946105957,,,,,,,
83,,129949,,,,3.5417943000793457,-15.594310760498047,-16.10882568359375,3.5417943000793457,,
,,129999,,,418.44892501831055,,,,,,
,,129999,,25.377511978149414,,,,,,,
83,,129999,,,,3.548245429992676,-16.144241333007812,-16.648874282836914,3.548245429992676,,
,,130049,,,427.4930953979492,,,,,,
,,130049,,7.744312286376953,,,,,,,
83,,130049,,,,3.549736261367798,-16.212295532226562,-16.688337326049805,3.549736261367798,,
,,130099,,,418.47729682922363,,,,,,
,,130099,,24.342060089111328,,,,,,,
83,,130099,,,,3.55395245552063,-15.701879501342773,-16.181760787963867,3.55395245552063,,
,,130149,,,416.4083003997803,,,,,,
,,130149,,7.707118988037109,,,,,,,
83,,130149,,,,3.5508315563201904,-15.793903350830078,-16.26580238342285,3.5508315563201904,,
,,130199,,,408.65516662597656,,,,,,
,,130199,,25.191545486450195,,,,,,,
83,,130199,,,,3.550093412399292,-16.293514251708984,-16.792959213256836,3.550093412399292,,
,,130249,,,412.25171089172363,,,,,,
,,130249,,7.441997528076172,,,,,,,
83,,130249,,,,3.5511975288391113,-16.062633514404297,-16.536399841308594,3.5511975288391113,,
,,130299,,,414.5681858062744,,,,,,
,,130299,,27.36806869506836,,,,,,,
83,,130299,,,,3.5538105964660645,-15.435165405273438,-15.914962768554688,3.5538105964660645,,
,,130349,,,414.6535396575928,,,,,,
,,130349,,7.391929626464844,,,,,,,
83,,130349,,,,3.5436766147613525,-16.062923431396484,-16.556926727294922,3.5436766147613525,,
,,130399,,,416.6264533996582,,,,,,
,,130399,,24.951696395874023,,,,,,,
83,,130399,,,,3.549612045288086,-16.23766326904297,-16.730670928955078,3.549612045288086,,
,,130449,,,408.0462455749512,,,,,,
,,130449,,6.688833236694336,,,,,,,
83,,130449,,,,3.550004720687866,-15.842008590698242,-16.317760467529297,3.550004720687866,,
,,130499,,,408.99014472961426,,,,,,
,,130499,,28.989076614379883,,,,,,,
83,,130499,,,,3.5529332160949707,-15.953977584838867,-16.47127342224121,3.5529332160949707,,
,,130549,,,415.9550666809082,,,,,,
,,130549,,6.39796257019043,,,,,,,
83,,130549,,,,3.5541157722473145,-15.702665328979492,-16.17251205444336,3.5541157722473145,,
,,130599,,,410.2952480316162,,,,,,
,,130599,,25.836944580078125,,,,,,,
83,,130599,,,,3.55068039894104,-16.330583572387695,-16.821008682250977,3.55068039894104,,
,,130649,,,420.29547691345215,,,,,,
,,130649,,8.439779281616211,,,,,,,
83,,130649,,,,3.551764965057373,-15.763075828552246,-16.24311065673828,3.551764965057373,,
,,130699,,,413.0871295928955,,,,,,
,,130699,,27.245759963989258,,,,,,,
83,,130699,,,,3.5523905754089355,-15.870464324951172,-16.350255966186523,3.5523905754089355,,
,,130749,,,410.2046489715576,,,,,,
,,130749,,8.447885513305664,,,,,,,
83,,130749,,,,3.545597553253174,-15.880285263061523,-16.36070442199707,3.545597553253174,,
,,130799,,,408.0345630645752,,,,,,
,,130799,,23.041725158691406,,,,,,,
83,,130799,,,,3.5508034229278564,-16.08585548400879,-16.557279586791992,3.5508034229278564,,
,,130849,,,412.63437271118164,,,,,,
,,130849,,5.584478378295898,,,,,,,
83,,130849,,,,3.5478477478027344,-16.420833587646484,-16.916852951049805,3.5478477478027344,,
,,130899,,,412.91213035583496,,,,,,
,,130899,,23.08058738708496,,,,,,,
83,,130899,,,,3.549048900604248,-16.08472442626953,-16.554454803466797,3.549048900604248,,
,,130949,,,415.14134407043457,,,,,,
,,130949,,9.181737899780273,,,,,,,
83,,130949,,,,3.5469558238983154,-15.933494567871094,-16.410268783569336,3.5469558238983154,,
,,130999,,,407.64713287353516,,,,,,
,,130999,,26.194095611572266,,,,,,,
83,,130999,,,,3.553853750228882,-15.872781753540039,-16.354764938354492,3.553853750228882,,
,,131049,,,407.3472023010254,,,,,,
,,131049,,8.333683013916016,,,,,,,
83,,131049,,,,3.5460429191589355,-16.00162124633789,-16.499149322509766,3.5460429191589355,,
,,131099,,,415.0536060333252,,,,,,
,,131099,,28.488636016845703,,,,,,,
83,,131099,,,,3.54858136177063,-15.793038368225098,-16.254901885986328,3.54858136177063,,
,,131149,,,407.7801704406738,,,,,,
,,131149,,6.791591644287109,,,,,,,
83,,131149,,,,3.551866292953491,-15.888715744018555,-16.377988815307617,3.551866292953491,,
,,131199,,,414.1082763671875,,,,,,
,,131199,,29.082775115966797,,,,,,,
83,,131199,,,,3.546380043029785,-16.18817901611328,-16.677627563476562,3.546380043029785,,
,,131249,,,405.14636039733887,,,,,,
,,131249,,8.329629898071289,,,,,,,
83,,131249,,,,3.54313588142395,-16.13555908203125,-16.614606857299805,3.54313588142395,,
83,,131291,,,,,,,,-15.94924545288086,-16.354290008544922
,,131292,781.4616980552673,,,,,,,,
,0.0003,131292,,,,,,,,,
,,131299,,,405.0605297088623,,,,,,
,,131299,,25.907278060913086,,,,,,,
84,,131299,,,,3.5517876148223877,-15.717079162597656,-16.213342666625977,3.5517876148223877,,
,,131349,,,426.6834259033203,,,,,,
,,131349,,8.411645889282227,,,,,,,
84,,131349,,,,3.54775333404541,-15.684728622436523,-16.166696548461914,3.54775333404541,,
,,131399,,,425.0054359436035,,,,,,
,,131399,,25.717496871948242,,,,,,,
84,,131399,,,,3.549774169921875,-16.005752563476562,-16.492595672607422,3.549774169921875,,
,,131449,,,426.7723560333252,,,,,,
,,131449,,9.541034698486328,,,,,,,
84,,131449,,,,3.552950382232666,-16.067642211914062,-16.548431396484375,3.552950382232666,,
,,131499,,,425.7221221923828,,,,,,
,,131499,,25.708675384521484,,,,,,,
84,,131499,,,,3.547114849090576,-16.056306838989258,-16.54229164123535,3.547114849090576,,
,,131549,,,417.1614646911621,,,,,,
,,131549,,9.348392486572266,,,,,,,
84,,131549,,,,3.548091411590576,-16.201387405395508,-16.669981002807617,3.548091411590576,,
,,131599,,,414.259672164917,,,,,,
,,131599,,25.736570358276367,,,,,,,
84,,131599,,,,3.551694869995117,-15.807104110717773,-16.289995193481445,3.551694869995117,,
,,131649,,,405.2391052246094,,,,,,
,,131649,,6.894350051879883,,,,,,,
84,,131649,,,,3.5452880859375,-15.99565315246582,-16.48036003112793,3.5452880859375,,
,,131699,,,399.5988368988037,,,,,,
,,131699,,23.190021514892578,,,,,,,
84,,131699,,,,3.552055597305298,-16.281402587890625,-16.783187866210938,3.552055597305298,,
,,131749,,,410.4349613189697,,,,,,
,,131749,,5.675554275512695,,,,,,,
84,,131749,,,,3.5529184341430664,-16.098047256469727,-16.591960906982422,3.5529184341430664,,
,,131799,,,411.73315048217773,,,,,,
,,131799,,25.55227279663086,,,,,,,
84,,131799,,,,3.5529119968414307,-15.997039794921875,-16.472612380981445,3.5529119968414307,,
,,131849,,,408.13565254211426,,,,,,
,,131849,,7.988214492797852,,,,,,,
84,,131849,,,,3.5494656562805176,-16.090900421142578,-16.571752548217773,3.5494656562805176,,
,,131899,,,413.8176441192627,,,,,,
,,131899,,29.448747634887695,,,,,,,
84,,131899,,,,3.544605016708374,-15.843916893005371,-16.31183624267578,3.544605016708374,,
,,131949,,,411.6063117980957,,,,,,
,,131949,,7.843255996704102,,,,,,,
84,,131949,,,,3.5400445461273193,-15.983724594116211,-16.467636108398438,3.5400445461273193,,
,,131999,,,407.7601432800293,,,,,,
,,131999,,27.62317657470703,,,,,,,
84,,131999,,,,3.5439376831054688,-15.884145736694336,-16.37713050842285,3.5439376831054688,,
,,132049,,,409.1317653656006,,,,,,
,,132049,,7.199287414550781,,,,,,,
84,,132049,,,,3.552335739135742,-16.042118072509766,-16.52156639099121,3.552335739135742,,
,,132099,,,404.8948287963867,,,,,,
,,132099,,25.525569915771484,,,,,,,
84,,132099,,,,3.546558141708374,-15.757777214050293,-16.249980926513672,3.546558141708374,,
,,132149,,,405.59887886047363,,,,,,
,,132149,,5.95545768737793,,,,,,,
84,,132149,,,,3.544616222381592,-16.166996002197266,-16.64162254333496,3.544616222381592,,
,,132199,,,420.3972816467285,,,,,,
,,132199,,23.659229278564453,,,,,,,
84,,132199,,,,3.5476744174957275,-16.05854034423828,-16.56653594970703,3.5476744174957275,,
,,132249,,,406.7842960357666,,,,,,
,,132249,,8.922338485717773,,,,,,,
84,,132249,,,,3.548159599304199,-16.26251220703125,-16.747577667236328,3.548159599304199,,
,,132299,,,422.46413230895996,,,,,,
,,132299,,26.085853576660156,,,,,,,
84,,132299,,,,3.5548176765441895,-15.93917179107666,-16.406064987182617,3.5548176765441895,,
,,132349,,,411.3917350769043,,,,,,
,,132349,,6.850481033325195,,,,,,,
84,,132349,,,,3.5497515201568604,-15.640280723571777,-16.122970581054688,3.5497515201568604,,
,,132399,,,408.45608711242676,,,,,,
,,132399,,24.6427059173584,,,,,,,
84,,132399,,,,3.5500895977020264,-15.88530158996582,-16.346986770629883,3.5500895977020264,,
,,132449,,,412.13107109069824,,,,,,
,,132449,,6.831169128417969,,,,,,,
84,,132449,,,,3.55062198638916,-15.943511009216309,-16.441572189331055,3.55062198638916,,
,,132499,,,412.0323657989502,,,,,,
,,132499,,28.23042869567871,,,,,,,
84,,132499,,,,3.551175832748413,-15.812481880187988,-16.300968170166016,3.551175832748413,,
,,132549,,,402.2936820983887,,,,,,
,,132549,,5.566120147705078,,,,,,,
84,,132549,,,,3.541656732559204,-15.752254486083984,-16.240995407104492,3.541656732559204,,
,,132599,,,414.77036476135254,,,,,,
,,132599,,23.211002349853516,,,,,,,
84,,132599,,,,3.5508487224578857,-15.986272811889648,-16.4846248626709,3.5508487224578857,,
,,132649,,,410.42375564575195,,,,,,
,,132649,,5.7353973388671875,,,,,,,
84,,132649,,,,3.5366697311401367,-15.826764106750488,-16.311431884765625,3.5366697311401367,,
,,132699,,,413.21706771850586,,,,,,
,,132699,,26.675939559936523,,,,,,,
84,,132699,,,,3.5531413555145264,-16.338851928710938,-16.828548431396484,3.5531413555145264,,
,,132749,,,410.907506942749,,,,,,
,,132749,,7.194995880126953,,,,,,,
84,,132749,,,,3.551680564880371,-16.18229866027832,-16.67286491394043,3.551680564880371,,
,,132799,,,406.1241149902344,,,,,,
,,132799,,28.910160064697266,,,,,,,
84,,132799,,,,3.558384656906128,-15.923864364624023,-16.399341583251953,3.558384656906128,,
,,132849,,,421.1750030517578,,,,,,
,,132849,,7.558107376098633,,,,,,,
84,,132849,,,,3.5471153259277344,-15.852482795715332,-16.354337692260742,3.5471153259277344,,
84,,132854,,,,,,,,-15.937448501586914,-16.34514617919922
,,132855,778.0417110919952,,,,,,,,
,0.0003,132855,,,,,,,,,
,,132899,,,404.74534034729004,,,,,,
,,132899,,26.821136474609375,,,,,,,
85,,132899,,,,3.5444676876068115,-15.627557754516602,-16.09848403930664,3.5444676876068115,,
,,132949,,,401.17621421813965,,,,,,
,,132949,,5.654096603393555,,,,,,,
85,,132949,,,,3.5515849590301514,-16.22688865661621,-16.71963882446289,3.5515849590301514,,
,,132999,,,411.1652374267578,,,,,,
,,132999,,23.143529891967773,,,,,,,
85,,132999,,,,3.5514347553253174,-15.479059219360352,-15.948994636535645,3.5514347553253174,,
,,133049,,,408.2639217376709,,,,,,
,,133049,,6.688833236694336,,,,,,,
85,,133049,,,,3.551793098449707,-15.927986145019531,-16.43100357055664,3.551793098449707,,
,,133099,,,406.341552734375,,,,,,
,,133099,,26.5047550201416,,,,,,,
85,,133099,,,,3.548879861831665,-15.938760757446289,-16.430553436279297,3.548879861831665,,
,,133149,,,398.3485698699951,,,,,,
,,133149,,7.222414016723633,,,,,,,
85,,133149,,,,3.5470564365386963,-15.666695594787598,-16.154541015625,3.5470564365386963,,
,,133199,,,412.0316505432129,,,,,,
,,133199,,28.45001220703125,,,,,,,
85,,133199,,,,3.5501954555511475,-16.234905242919922,-16.723312377929688,3.5501954555511475,,
,,133249,,,414.2956733703613,,,,,,
,,133249,,6.966114044189453,,,,,,,
85,,133249,,,,3.547769784927368,-15.892417907714844,-16.38228988647461,3.547769784927368,,
,,133299,,,406.466007232666,,,,,,
,,133299,,23.004770278930664,,,,,,,
85,,133299,,,,3.5516326427459717,-16.257675170898438,-16.7435302734375,3.5516326427459717,,
,,133349,,,408.693790435791,,,,,,
,,133349,,5.5999755859375,,,,,,,
85,,133349,,,,3.5559332370758057,-16.05039405822754,-16.539079666137695,3.5559332370758057,,
,,133399,,,408.66947174072266,,,,,,
,,133399,,25.098562240600586,,,,,,,
85,,133399,,,,3.5493037700653076,-15.963409423828125,-16.451181411743164,3.5493037700653076,,
,,133449,,,398.27704429626465,,,,,,
,,133449,,5.653142929077148,,,,,,,
85,,133449,,,,3.5535969734191895,-16.2689208984375,-16.75705337524414,3.5535969734191895,,
,,133499,,,417.0060157775879,,,,,,
,,133499,,27.4503231048584,,,,,,,
85,,133499,,,,3.5474538803100586,-16.32794952392578,-16.81489372253418,3.5474538803100586,,
,,133549,,,404.8876762390137,,,,,,
,,133549,,5.758762359619141,,,,,,,
85,,133549,,,,3.5488200187683105,-15.896354675292969,-16.384662628173828,3.5488200187683105,,
,,133599,,,405.44939041137695,,,,,,
,,133599,,22.846221923828125,,,,,,,
85,,133599,,,,3.5478222370147705,-15.916691780090332,-16.409626007080078,3.5478222370147705,,
,,133649,,,399.54614639282227,,,,,,
,,133649,,6.512641906738281,,,,,,,
85,,133649,,,,3.55303955078125,-16.03561019897461,-16.510517120361328,3.55303955078125,,
,,133699,,,407.3219299316406,,,,,,
,,133699,,28.73373031616211,,,,,,,
85,,133699,,,,3.5500247478485107,-15.426820755004883,-15.899118423461914,3.5500247478485107,,
,,133749,,,402.8747081756592,,,,,,
,,133749,,8.306741714477539,,,,,,,
85,,133749,,,,3.5399067401885986,-16.042572021484375,-16.53828239440918,3.5399067401885986,,
,,133799,,,404.16693687438965,,,,,,
,,133799,,22.95064926147461,,,,,,,
85,,133799,,,,3.5485146045684814,-15.990976333618164,-16.482715606689453,3.5485146045684814,,
,,133849,,,431.3192367553711,,,,,,
,,133849,,9.79757308959961,,,,,,,
85,,133849,,,,3.5518290996551514,-15.94393539428711,-16.445838928222656,3.5518290996551514,,
,,133899,,,436.65194511413574,,,,,,
,,133899,,25.397062301635742,,,,,,,
85,,133899,,,,3.544933319091797,-15.952461242675781,-16.43446159362793,3.544933319091797,,
,,133949,,,431.6678047180176,,,,,,
,,133949,,9.683370590209961,,,,,,,
85,,133949,,,,3.546412944793701,-16.049039840698242,-16.53040313720703,3.546412944793701,,
,,133999,,,430.4800033569336,,,,,,
,,133999,,27.714967727661133,,,,,,,
85,,133999,,,,3.5414581298828125,-16.18212890625,-16.65138816833496,3.5414581298828125,,
,,134049,,,425.520658493042,,,,,,
,,134049,,8.12077522277832,,,,,,,
85,,134049,,,,3.5462899208068848,-16.051029205322266,-16.52661895751953,3.5462899208068848,,
,,134099,,,409.4259738922119,,,,,,
,,134099,,25.11453628540039,,,,,,,
85,,134099,,,,3.547186851501465,-15.897017478942871,-16.388708114624023,3.547186851501465,,
,,134149,,,411.59558296203613,,,,,,
,,134149,,8.275032043457031,,,,,,,
85,,134149,,,,3.548929452896118,-16.13337516784668,-16.606060028076172,3.548929452896118,,
,,134199,,,402.8170108795166,,,,,,
,,134199,,22.96924591064453,,,,,,,
85,,134199,,,,3.544013261795044,-15.949033737182617,-16.440677642822266,3.544013261795044,,
,,134249,,,411.32593154907227,,,,,,
,,134249,,8.008718490600586,,,,,,,
85,,134249,,,,3.5492935180664062,-16.03462028503418,-16.529033660888672,3.5492935180664062,,
,,134299,,,408.19740295410156,,,,,,
,,134299,,27.65369415283203,,,,,,,
85,,134299,,,,3.547435760498047,-15.722502708435059,-16.228384017944336,3.547435760498047,,
,,134349,,,399.594783782959,,,,,,
,,134349,,8.352994918823242,,,,,,,
85,,134349,,,,3.5456411838531494,-15.829565048217773,-16.33024787902832,3.5456411838531494,,
,,134399,,,412.5235080718994,,,,,,
,,134399,,26.134729385375977,,,,,,,
85,,134399,,,,3.557101011276245,-15.792745590209961,-16.27213478088379,3.557101011276245,,
85,,134417,,,,,,,,-15.928094863891602,-16.336000442504883
,,134418,773.6316375732422,,,,,,,,
,0.0003,134418,,,,,,,,,
,,134449,,,417.4034595489502,,,,,,
,,134449,,7.833003997802734,,,,,,,
86,,134449,,,,3.547565221786499,-15.543400764465332,-16.027801513671875,3.547565221786499,,
,,134499,,,427.33120918273926,,,,,,
,,134499,,26.235342025756836,,,,,,,
86,,134499,,,,3.544283866882324,-16.065277099609375,-16.559886932373047,3.544283866882324,,
,,134549,,,423.9344596862793,,,,,,
,,134549,,7.6732635498046875,,,,,,,
86,,134549,,,,3.5412981510162354,-16.12002182006836,-16.613752365112305,3.5412981510162354,,
,,134599,,,424.93367195129395,,,,,,
,,134599,,25.31743049621582,,,,,,,
86,,134599,,,,3.5460941791534424,-15.917808532714844,-16.395580291748047,3.5460941791534424,,
,,134649,,,427.94227600097656,,,,,,
,,134649,,8.383989334106445,,,,,,,
86,,134649,,,,3.545707941055298,-16.18290901184082,-16.65334701538086,3.545707941055298,,
,,134699,,,426.38707160949707,,,,,,
,,134699,,25.369644165039062,,,,,,,
86,,134699,,,,3.542867422103882,-15.895782470703125,-16.37578010559082,3.542867422103882,,
,,134749,,,422.7933883666992,,,,,,
,,134749,,7.54094123840332,,,,,,,
86,,134749,,,,3.551264524459839,-16.051128387451172,-16.531660079956055,3.551264524459839,,
,,134799,,,432.30652809143066,,,,,,
,,134799,,26.104450225830078,,,,,,,
86,,134799,,,,3.551422119140625,-16.01925277709961,-16.48866081237793,3.551422119140625,,
,,134849,,,430.37962913513184,,,,,,
,,134849,,8.661985397338867,,,,,,,
86,,134849,,,,3.5404927730560303,-15.924847602844238,-16.38939094543457,3.5404927730560303,,
,,134899,,,426.4345169067383,,,,,,
,,134899,,26.907682418823242,,,,,,,
86,,134899,,,,3.5542924404144287,-15.900107383728027,-16.36274528503418,3.5542924404144287,,
,,134949,,,426.35369300842285,,,,,,
,,134949,,7.639169692993164,,,,,,,
86,,134949,,,,3.5541112422943115,-15.99478816986084,-16.47959327697754,3.5541112422943115,,
,,134999,,,426.47719383239746,,,,,,
,,134999,,25.163650512695312,,,,,,,
86,,134999,,,,3.5417394638061523,-16.31801414489746,-16.79405403137207,3.5417394638061523,,
,,135049,,,419.25573348999023,,,,,,
,,135049,,7.973670959472656,,,,,,,
86,,135049,,,,3.5427303314208984,-16.725282669067383,-17.20907211303711,3.5427303314208984,,
,,135099,,,434.93103981018066,,,,,,
,,135099,,25.986671447753906,,,,,,,
86,,135099,,,,3.5491087436676025,-15.838401794433594,-16.33313751220703,3.5491087436676025,,
,,135149,,,431.2906265258789,,,,,,
,,135149,,8.46409797668457,,,,,,,
86,,135149,,,,3.5494136810302734,-15.732580184936523,-16.206588745117188,3.5494136810302734,,
,,135199,,,429.1415214538574,,,,,,
,,135199,,26.2753963470459,,,,,,,
86,,135199,,,,3.5469045639038086,-16.034269332885742,-16.517017364501953,3.5469045639038086,,
,,135249,,,431.1232566833496,,,,,,
,,135249,,8.800029754638672,,,,,,,
86,,135249,,,,3.541210174560547,-16.501428604125977,-16.99237823486328,3.541210174560547,,
,,135299,,,418.987512588501,,,,,,
,,135299,,25.146007537841797,,,,,,,
86,,135299,,,,3.554081439971924,-16.144485473632812,-16.64112091064453,3.554081439971924,,
,,135349,,,426.0897636413574,,,,,,
,,135349,,8.49008560180664,,,,,,,
86,,135349,,,,3.547853708267212,-16.204219818115234,-16.68653106689453,3.547853708267212,,
,,135399,,,432.8010082244873,,,,,,
,,135399,,25.228261947631836,,,,,,,
86,,135399,,,,3.5575671195983887,-15.822839736938477,-16.314529418945312,3.5575671195983887,,
,,135449,,,429.51273918151855,,,,,,
,,135449,,8.672475814819336,,,,,,,
86,,135449,,,,3.5489323139190674,-15.97957992553711,-16.467588424682617,3.5489323139190674,,
,,135499,,,434.0252876281738,,,,,,
,,135499,,35.698890686035156,,,,,,,
86,,135499,,,,3.553783893585205,-15.713705062866211,-16.189605712890625,3.553783893585205,,
,,135549,,,429.4171333312988,,,,,,
,,135549,,9.876251220703125,,,,,,,
86,,135549,,,,3.5465190410614014,-16.343421936035156,-16.812597274780273,3.5465190410614014,,
,,135599,,,431.6222667694092,,,,,,
,,135599,,26.612520217895508,,,,,,,
86,,135599,,,,3.550523042678833,-16.054004669189453,-16.555706024169922,3.550523042678833,,
,,135649,,,426.15246772766113,,,,,,
,,135649,,10.327577590942383,,,,,,,
86,,135649,,,,3.5484938621520996,-16.08708953857422,-16.556039810180664,3.5484938621520996,,
,,135699,,,433.5312843322754,,,,,,
,,135699,,26.412010192871094,,,,,,,
86,,135699,,,,3.5560054779052734,-15.985570907592773,-16.477062225341797,3.5560054779052734,,
,,135749,,,432.0516586303711,,,,,,
,,135749,,8.265495300292969,,,,,,,
86,,135749,,,,3.552541494369507,-16.07355308532715,-16.55082893371582,3.552541494369507,,
,,135799,,,431.64682388305664,,,,,,
,,135799,,26.89838409423828,,,,,,,
86,,135799,,,,3.548966646194458,-16.13497543334961,-16.626699447631836,3.548966646194458,,
,,135849,,,434.2341423034668,,,,,,
,,135849,,9.829521179199219,,,,,,,
86,,135849,,,,3.543466091156006,-16.59882354736328,-17.085466384887695,3.543466091156006,,
,,135899,,,432.2948455810547,,,,,,
,,135899,,29.951095581054688,,,,,,,
86,,135899,,,,3.5422897338867188,-15.679825782775879,-16.166059494018555,3.5422897338867188,,
,,135949,,,431.88929557800293,,,,,,
,,135949,,9.198427200317383,,,,,,,
86,,135949,,,,3.54783034324646,-15.838594436645508,-16.312414169311523,3.54783034324646,,
86,,135980,,,,,,,,-15.933478355407715,-16.341583251953125
,,135981,803.5688655376434,,,,,,,,
,0.0003,135981,,,,,,,,,
,,135999,,,420.90463638305664,,,,,,
,,135999,,27.341604232788086,,,,,,,
87,,135999,,,,3.554455280303955,-15.975309371948242,-16.448610305786133,3.554455280303955,,
,,136049,,,427.872896194458,,,,,,
,,136049,,8.857011795043945,,,,,,,
87,,136049,,,,3.553849697113037,-15.995867729187012,-16.490049362182617,3.553849697113037,,
,,136099,,,425.6465435028076,,,,,,
,,136099,,27.45223045349121,,,,,,,
87,,136099,,,,3.5476131439208984,-16.086118698120117,-16.557174682617188,3.5476131439208984,,
,,136149,,,430.173397064209,,,,,,
,,136149,,8.828163146972656,,,,,,,
87,,136149,,,,3.5464019775390625,-15.761578559875488,-16.23521614074707,3.5464019775390625,,
,,136199,,,423.40826988220215,,,,,,
,,136199,,30.075550079345703,,,,,,,
87,,136199,,,,3.538675546646118,-16.05047035217285,-16.528488159179688,3.538675546646118,,
,,136249,,,434.9396228790283,,,,,,
,,136249,,8.854150772094727,,,,,,,
87,,136249,,,,3.5580456256866455,-16.139053344726562,-16.626405715942383,3.5580456256866455,,
,,136299,,,436.13481521606445,,,,,,
,,136299,,26.021957397460938,,,,,,,
87,,136299,,,,3.5460405349731445,-16.046607971191406,-16.54615592956543,3.5460405349731445,,
,,136349,,,435.1351261138916,,,,,,
,,136349,,8.169412612915039,,,,,,,
87,,136349,,,,3.5431768894195557,-16.460102081298828,-16.9410400390625,3.5431768894195557,,
,,136399,,,428.8010597229004,,,,,,
,,136399,,25.80881118774414,,,,,,,
87,,136399,,,,3.5498478412628174,-15.901305198669434,-16.37360382080078,3.5498478412628174,,
,,136449,,,435.65845489501953,,,,,,
,,136449,,8.525848388671875,,,,,,,
87,,136449,,,,3.5423638820648193,-15.751312255859375,-16.236204147338867,3.5423638820648193,,
,,136499,,,434.9234104156494,,,,,,
,,136499,,25.340795516967773,,,,,,,
87,,136499,,,,3.551628351211548,-15.902263641357422,-16.39784049987793,3.551628351211548,,
,,136549,,,432.2237968444824,,,,,,
,,136549,,8.247613906860352,,,,,,,
87,,136549,,,,3.545893669128418,-15.962139129638672,-16.44732093811035,3.545893669128418,,
,,136599,,,429.4159412384033,,,,,,
,,136599,,27.20189094543457,,,,,,,
87,,136599,,,,3.5438852310180664,-16.086740493774414,-16.58920669555664,3.5438852310180664,,
,,136649,,,433.2559108734131,,,,,,
,,136649,,8.423566818237305,,,,,,,
87,,136649,,,,3.547794818878174,-15.940906524658203,-16.44594955444336,3.547794818878174,,
,,136699,,,429.1377067565918,,,,,,
,,136699,,26.372432708740234,,,,,,,
87,,136699,,,,3.548656463623047,-15.790596008300781,-16.270679473876953,3.548656463623047,,
,,136749,,,427.7164936065674,,,,,,
,,136749,,9.14454460144043,,,,,,,
87,,136749,,,,3.5473315715789795,-16.199703216552734,-16.690290451049805,3.5473315715789795,,
,,136799,,,425.2593517303467,,,,,,
,,136799,,25.310039520263672,,,,,,,
87,,136799,,,,3.557060480117798,-16.102149963378906,-16.594425201416016,3.557060480117798,,
,,136849,,,427.8247356414795,,,,,,
,,136849,,8.133888244628906,,,,,,,
87,,136849,,,,3.546156883239746,-15.841068267822266,-16.331262588500977,3.546156883239746,,
,,136899,,,441.73598289489746,,,,,,
,,136899,,28.685331344604492,,,,,,,
87,,136899,,,,3.551159620285034,-16.003917694091797,-16.51093864440918,3.551159620285034,,
,,136949,,,428.0054569244385,,,,,,
,,136949,,8.651256561279297,,,,,,,
87,,136949,,,,3.5580694675445557,-16.497583389282227,-17.000316619873047,3.5580694675445557,,
,,136999,,,431.734561920166,,,,,,
,,136999,,25.369882583618164,,,,,,,
87,,136999,,,,3.549724578857422,-16.221553802490234,-16.726896286010742,3.549724578857422,,
,,137049,,,425.6606101989746,,,,,,
,,137049,,7.725715637207031,,,,,,,
87,,137049,,,,3.5506443977355957,-15.853658676147461,-16.33346939086914,3.5506443977355957,,
,,137099,,,426.6691207885742,,,,,,
,,137099,,26.32617950439453,,,,,,,
87,,137099,,,,3.5449090003967285,-16.241500854492188,-16.69777488708496,3.5449090003967285,,
,,137149,,,423.80356788635254,,,,,,
,,137149,,8.81505012512207,,,,,,,
87,,137149,,,,3.550448417663574,-15.794897079467773,-16.268632888793945,3.550448417663574,,
,,137199,,,428.3468723297119,,,,,,
,,137199,,26.883840560913086,,,,,,,
87,,137199,,,,3.552285671234131,-15.880300521850586,-16.369096755981445,3.552285671234131,,
,,137249,,,430.1028251647949,,,,,,
,,137249,,7.589101791381836,,,,,,,
87,,137249,,,,3.549224853515625,-15.600624084472656,-16.071611404418945,3.549224853515625,,
,,137299,,,429.0351867675781,,,,,,
,,137299,,27.438879013061523,,,,,,,
87,,137299,,,,3.557523727416992,-15.609678268432617,-16.083066940307617,3.557523727416992,,
,,137349,,,423.97594451904297,,,,,,
,,137349,,8.898258209228516,,,,,,,
87,,137349,,,,3.5493953227996826,-16.16037368774414,-16.64055824279785,3.5493953227996826,,
,,137399,,,429.75902557373047,,,,,,
,,137399,,27.567386627197266,,,,,,,
87,,137399,,,,3.5454134941101074,-16.227561950683594,-16.714157104492188,3.5454134941101074,,
,,137449,,,429.9509525299072,,,,,,
,,137449,,7.705211639404297,,,,,,,
87,,137449,,,,3.5444459915161133,-16.057373046875,-16.56454849243164,3.5444459915161133,,
,,137499,,,429.3324947357178,,,,,,
,,137499,,29.475688934326172,,,,,,,
87,,137499,,,,3.548997163772583,-15.526989936828613,-15.993818283081055,3.548997163772583,,
87,,137543,,,,,,,,-15.932347297668457,-16.33725357055664
,,137544,806.956714630127,,,,,,,,
,0.0003,137544,,,,,,,,,
,,137549,,,421.1881160736084,,,,,,
,,137549,,7.4481964111328125,,,,,,,
88,,137549,,,,3.5413753986358643,-15.890358924865723,-16.386539459228516,3.5413753986358643,,
,,137599,,,425.69541931152344,,,,,,
,,137599,,25.452613830566406,,,,,,,
88,,137599,,,,3.5502355098724365,-15.926858901977539,-16.385955810546875,3.5502355098724365,,
,,137649,,,416.78643226623535,,,,,,
,,137649,,7.481575012207031,,,,,,,
88,,137649,,,,3.545530080795288,-16.110172271728516,-16.594642639160156,3.545530080795288,,
,,137699,,,428.16734313964844,,,,,,
,,137699,,25.118112564086914,,,,,,,
88,,137699,,,,3.556753396987915,-15.667030334472656,-16.14179801940918,3.556753396987915,,
,,137749,,,420.3310012817383,,,,,,
,,137749,,9.045600891113281,,,,,,,
88,,137749,,,,3.5465340614318848,-15.61355209350586,-16.09542465209961,3.5465340614318848,,
,,137799,,,422.23072052001953,,,,,,
,,137799,,26.194095611572266,,,,,,,
88,,137799,,,,3.5447027683258057,-16.280685424804688,-16.772958755493164,3.5447027683258057,,
,,137849,,,421.07295989990234,,,,,,
,,137849,,8.440017700195312,,,,,,,
88,,137849,,,,3.5476417541503906,-16.066749572753906,-16.563385009765625,3.5476417541503906,,
,,137899,,,419.1551208496094,,,,,,
,,137899,,25.6350040435791,,,,,,,
88,,137899,,,,3.544883966445923,-15.906734466552734,-16.404678344726562,3.544883966445923,,
,,137949,,,426.5618324279785,,,,,,
,,137949,,7.876396179199219,,,,,,,
88,,137949,,,,3.542374610900879,-15.787092208862305,-16.246129989624023,3.542374610900879,,
,,137999,,,425.25291442871094,,,,,,
,,137999,,26.221275329589844,,,,,,,
88,,137999,,,,3.5480542182922363,-15.9363431930542,-16.428817749023438,3.5480542182922363,,
,,138049,,,416.0795211791992,,,,,,
,,138049,,8.202075958251953,,,,,,,
88,,138049,,,,3.547017812728882,-15.880220413208008,-16.354524612426758,3.547017812728882,,
,,138099,,,415.71569442749023,,,,,,
,,138099,,25.3756046295166,,,,,,,
88,,138099,,,,3.5434045791625977,-15.95802116394043,-16.429594039916992,3.5434045791625977,,
,,138149,,,416.7439937591553,,,,,,
,,138149,,8.733034133911133,,,,,,,
88,,138149,,,,3.556281089782715,-15.542543411254883,-16.01042366027832,3.556281089782715,,
,,138199,,,411.7388725280762,,,,,,
,,138199,,27.111530303955078,,,,,,,
88,,138199,,,,3.551164150238037,-16.442676544189453,-16.918058395385742,3.551164150238037,,
,,138249,,,428.5318851470947,,,,,,
,,138249,,9.135723114013672,,,,,,,
88,,138249,,,,3.5518810749053955,-15.977907180786133,-16.48965835571289,3.5518810749053955,,
,,138299,,,430.5567741394043,,,,,,
,,138299,,26.49211883544922,,,,,,,
88,,138299,,,,3.545396566390991,-16.071636199951172,-16.56193733215332,3.545396566390991,,
,,138349,,,426.76568031311035,,,,,,
,,138349,,8.459329605102539,,,,,,,
88,,138349,,,,3.551868200302124,-15.975898742675781,-16.465087890625,3.551868200302124,,
,,138399,,,432.15274810791016,,,,,,
,,138399,,25.753498077392578,,,,,,,
88,,138399,,,,3.544497013092041,-16.13944435119629,-16.629335403442383,3.544497013092041,,
,,138449,,,430.0675392150879,,,,,,
,,138449,,8.78143310546875,,,,,,,
88,,138449,,,,3.5576939582824707,-15.551878929138184,-16.022890090942383,3.5576939582824707,,
,,138499,,,434.3831539154053,,,,,,
,,138499,,26.238441467285156,,,,,,,
88,,138499,,,,3.5426409244537354,-15.78377914428711,-16.265798568725586,3.5426409244537354,,
,,138549,,,424.3307113647461,,,,,,
,,138549,,7.862091064453125,,,,,,,
88,,138549,,,,3.548604965209961,-15.7830228805542,-16.26525115966797,3.548604965209961,,
,,138599,,,426.771879196167,,,,,,
,,138599,,25.161266326904297,,,,,,,
88,,138599,,,,3.550755739212036,-15.925117492675781,-16.411373138427734,3.550755739212036,,
,,138649,,,430.9689998626709,,,,,,
,,138649,,8.446216583251953,,,,,,,
88,,138649,,,,3.5410401821136475,-16.29476547241211,-16.783849716186523,3.5410401821136475,,
,,138699,,,428.5714626312256,,,,,,
,,138699,,26.664257049560547,,,,,,,
88,,138699,,,,3.555631637573242,-16.240503311157227,-16.72975730895996,3.555631637573242,,
,,138749,,,427.443265914917,,,,,,
,,138749,,8.646011352539062,,,,,,,
88,,138749,,,,3.5453195571899414,-15.912365913391113,-16.3933162689209,3.5453195571899414,,
,,138799,,,434.13257598876953,,,,,,
,,138799,,28.966426849365234,,,,,,,
88,,138799,,,,3.5484261512756348,-15.789798736572266,-16.253408432006836,3.5484261512756348,,
,,138849,,,426.868200302124,,,,,,
,,138849,,9.309530258178711,,,,,,,
88,,138849,,,,3.548079490661621,-15.989334106445312,-16.44594383239746,3.548079490661621,,
,,138899,,,428.3788204193115,,,,,,
,,138899,,31.805992126464844,,,,,,,
88,,138899,,,,3.549499034881592,-16.40776252746582,-16.911651611328125,3.549499034881592,,
,,138949,,,428.7276268005371,,,,,,
,,138949,,7.677793502807617,,,,,,,
88,,138949,,,,3.5500118732452393,-15.942333221435547,-16.434587478637695,3.5500118732452393,,
,,138999,,,427.5171756744385,,,,,,
,,138999,,26.498079299926758,,,,,,,
88,,138999,,,,3.5430307388305664,-15.992186546325684,-16.466978073120117,3.5430307388305664,,
,,139049,,,427.7474880218506,,,,,,
,,139049,,9.408235549926758,,,,,,,
88,,139049,,,,3.543704032897949,-16.301774978637695,-16.7965145111084,3.543704032897949,,
,,139099,,,425.961971282959,,,,,,
,,139099,,25.366544723510742,,,,,,,
88,,139099,,,,3.547154664993286,-16.08642578125,-16.574596405029297,3.547154664993286,,
88,,139106,,,,,,,,-15.933194160461426,-16.33954620361328
,,139107,798.3415985107422,,,,,,,,
,0.0003,139107,,,,,,,,,
,,139149,,,415.07744789123535,,,,,,
,,139149,,7.340192794799805,,,,,,,
89,,139149,,,,3.5468623638153076,-15.783529281616211,-16.263809204101562,3.5468623638153076,,
,,139199,,,421.9939708709717,,,,,,
,,139199,,25.098800659179688,,,,,,,
89,,139199,,,,3.5499446392059326,-15.929920196533203,-16.42032241821289,3.5499446392059326,,
,,139249,,,432.42931365966797,,,,,,
,,139249,,7.655858993530273,,,,,,,
89,,139249,,,,3.5443477630615234,-16.295658111572266,-16.781354904174805,3.5443477630615234,,
,,139299,,,426.6228675842285,,,,,,
,,139299,,25.894880294799805,,,,,,,
89,,139299,,,,3.549481153488159,-16.290864944458008,-16.75840950012207,3.549481153488159,,
,,139349,,,429.87823486328125,,,,,,
,,139349,,8.529901504516602,,,,,,,
89,,139349,,,,3.5453224182128906,-15.888593673706055,-16.368621826171875,3.5453224182128906,,
,,139399,,,421.3390350341797,,,,,,
,,139399,,28.723955154418945,,,,,,,
89,,139399,,,,3.54662823677063,-16.189373016357422,-16.677120208740234,3.54662823677063,,
,,139449,,,424.6511459350586,,,,,,
,,139449,,9.767293930053711,,,,,,,
89,,139449,,,,3.54534912109375,-16.230453491210938,-16.725818634033203,3.54534912109375,,
,,139499,,,413.76662254333496,,,,,,
,,139499,,23.250102996826172,,,,,,,
89,,139499,,,,3.550562620162964,-15.84175968170166,-16.324020385742188,3.550562620162964,,
,,139549,,,415.61055183410645,,,,,,
,,139549,,7.45391845703125,,,,,,,
89,,139549,,,,3.553429126739502,-15.979110717773438,-16.45834732055664,3.553429126739502,,
,,139599,,,404.4821262359619,,,,,,
,,139599,,29.732704162597656,,,,,,,
89,,139599,,,,3.5474486351013184,-15.82148551940918,-16.316274642944336,3.5474486351013184,,
,,139649,,,412.49918937683105,,,,,,
,,139649,,8.591413497924805,,,,,,,
89,,139649,,,,3.547996759414673,-16.16162872314453,-16.63270378112793,3.547996759414673,,
,,139699,,,412.7657413482666,,,,,,
,,139699,,23.26226234436035,,,,,,,
89,,139699,,,,3.5448977947235107,-16.544414520263672,-17.002077102661133,3.5448977947235107,,
,,139749,,,411.32664680480957,,,,,,
,,139749,,7.274150848388672,,,,,,,
89,,139749,,,,3.5515902042388916,-16.083904266357422,-16.57264518737793,3.5515902042388916,,
,,139799,,,409.93475914001465,,,,,,
,,139799,,27.856826782226562,,,,,,,
89,,139799,,,,3.5499753952026367,-15.97233772277832,-16.45708465576172,3.5499753952026367,,
,,139849,,,402.8055667877197,,,,,,
,,139849,,7.7266693115234375,,,,,,,
89,,139849,,,,3.5531797409057617,-15.72261905670166,-16.212228775024414,3.5531797409057617,,
,,139899,,,408.2789421081543,,,,,,
,,139899,,23.29730987548828,,,,,,,
89,,139899,,,,3.550398588180542,-15.97808837890625,-16.459762573242188,3.550398588180542,,
,,139949,,,405.75337409973145,,,,,,
,,139949,,8.123397827148438,,,,,,,
89,,139949,,,,3.551008939743042,-15.878172874450684,-16.367530822753906,3.551008939743042,,
,,139999,,,404.64115142822266,,,,,,
,,139999,,28.95975112915039,,,,,,,
89,,139999,,,,3.5409605503082275,-16.00533676147461,-16.49561309814453,3.5409605503082275,,
,,140049,,,406.5842628479004,,,,,,
,,140049,,6.830692291259766,,,,,,,
89,,140049,,,,3.55460262298584,-16.080612182617188,-16.57549476623535,3.55460262298584,,
,,140099,,,411.49187088012695,,,,,,
,,140099,,27.842044830322266,,,,,,,
89,,140099,,,,3.5519189834594727,-16.238096237182617,-16.740360260009766,3.5519189834594727,,
,,140149,,,413.0585193634033,,,,,,
,,140149,,8.589506149291992,,,,,,,
89,,140149,,,,3.5514776706695557,-16.07655906677246,-16.5572452545166,3.5514776706695557,,
,,140199,,,411.04984283447266,,,,,,
,,140199,,23.466825485229492,,,,,,,
89,,140199,,,,3.5527870655059814,-16.046344757080078,-16.52872085571289,3.5527870655059814,,
,,140249,,,411.56816482543945,,,,,,
,,140249,,7.075309753417969,,,,,,,
89,,140249,,,,3.551142454147339,-15.757766723632812,-16.242246627807617,3.551142454147339,,
,,140299,,,405.1048755645752,,,,,,
,,140299,,25.275707244873047,,,,,,,
89,,140299,,,,3.5530059337615967,-16.04823112487793,-16.547969818115234,3.5530059337615967,,
,,140349,,,410.13550758361816,,,,,,
,,140349,,8.383035659790039,,,,,,,
89,,140349,,,,3.547075033187866,-16.23414421081543,-16.718515396118164,3.547075033187866,,
,,140399,,,403.8541316986084,,,,,,
,,140399,,23.201704025268555,,,,,,,
89,,140399,,,,3.542930841445923,-16.086063385009766,-16.56743621826172,3.542930841445923,,
,,140449,,,417.9060459136963,,,,,,
,,140449,,8.404016494750977,,,,,,,
89,,140449,,,,3.548962354660034,-15.987460136413574,-16.495403289794922,3.548962354660034,,
,,140499,,,413.9070510864258,,,,,,
,,140499,,27.180910110473633,,,,,,,
89,,140499,,,,3.542261838912964,-16.093271255493164,-16.562999725341797,3.542261838912964,,
,,140549,,,413.7711524963379,,,,,,
,,140549,,8.53872299194336,,,,,,,
89,,140549,,,,3.552748918533325,-15.906455993652344,-16.384994506835938,3.552748918533325,,
,,140599,,,413.0072593688965,,,,,,
,,140599,,28.9151668548584,,,,,,,
89,,140599,,,,3.545194625854492,-16.212112426757812,-16.702411651611328,3.545194625854492,,
,,140649,,,405.47895431518555,,,,,,
,,140649,,5.565404891967773,,,,,,,
89,,140649,,,,3.54972243309021,-16.02073097229004,-16.50627899169922,3.54972243309021,,
89,,140669,,,,,,,,-15.936344146728516,-16.340341567993164
,,140670,778.8796973228455,,,,,,,,
,0.0003,140670,,,,,,,,,
,,140699,,,407.85861015319824,,,,,,
,,140699,,27.84132957458496,,,,,,,
90,,140699,,,,3.5504117012023926,-16.167293548583984,-16.6390380859375,3.5504117012023926,,
,,140749,,,406.77928924560547,,,,,,
,,140749,,7.872819900512695,,,,,,,
90,,140749,,,,3.5441088676452637,-15.732501983642578,-16.223936080932617,3.5441088676452637,,
,,140799,,,406.80599212646484,,,,,,
,,140799,,22.95088768005371,,,,,,,
90,,140799,,,,3.5479736328125,-15.714701652526855,-16.177499771118164,3.5479736328125,,
,,140849,,,408.9946746826172,,,,,,
,,140849,,7.399797439575195,,,,,,,
90,,140849,,,,3.546786308288574,-16.05746841430664,-16.558456420898438,3.546786308288574,,
,,140899,,,403.72514724731445,,,,,,
,,140899,,24.944067001342773,,,,,,,
90,,140899,,,,3.5538580417633057,-15.638096809387207,-16.125045776367188,3.5538580417633057,,
,,140949,,,405.6107997894287,,,,,,
,,140949,,8.372068405151367,,,,,,,
90,,140949,,,,3.549219846725464,-16.12714195251465,-16.594804763793945,3.549219846725464,,
,,140999,,,415.0104522705078,,,,,,
,,140999,,27.05216407775879,,,,,,,
90,,140999,,,,3.54164719581604,-15.910764694213867,-16.387359619140625,3.54164719581604,,
,,141049,,,402.9245376586914,,,,,,
,,141049,,5.810022354125977,,,,,,,
90,,141049,,,,3.544306516647339,-16.086326599121094,-16.557390213012695,3.544306516647339,,
,,141099,,,419.44313049316406,,,,,,
,,141099,,27.945518493652344,,,,,,,
90,,141099,,,,3.5538456439971924,-15.737021446228027,-16.23151969909668,3.5538456439971924,,
,,141149,,,397.5975513458252,,,,,,
,,141149,,5.721807479858398,,,,,,,
90,,141149,,,,3.55436635017395,-16.001739501953125,-16.489686965942383,3.55436635017395,,
,,141199,,,401.43704414367676,,,,,,
,,141199,,23.27585220336914,,,,,,,
90,,141199,,,,3.5527379512786865,-15.630088806152344,-16.107112884521484,3.5527379512786865,,
,,141249,,,409.7115993499756,,,,,,
,,141249,,8.411169052124023,,,,,,,
90,,141249,,,,3.5521209239959717,-15.952794075012207,-16.432706832885742,3.5521209239959717,,
,,141299,,,406.9235324859619,,,,,,
,,141299,,24.242401123046875,,,,,,,
90,,141299,,,,3.5495901107788086,-15.868692398071289,-16.342294692993164,3.5495901107788086,,
,,141349,,,405.989408493042,,,,,,
,,141349,,8.053302764892578,,,,,,,
90,,141349,,,,3.5549046993255615,-16.063444137573242,-16.585683822631836,3.5549046993255615,,
,,141399,,,407.2856903076172,,,,,,
,,141399,,23.174762725830078,,,,,,,
90,,141399,,,,3.5534310340881348,-16.169313430786133,-16.655685424804688,3.5534310340881348,,
,,141449,,,398.1478214263916,,,,,,
,,141449,,6.697416305541992,,,,,,,
90,,141449,,,,3.541177272796631,-15.893255233764648,-16.390670776367188,3.541177272796631,,
,,141499,,,406.7966938018799,,,,,,
,,141499,,27.291059494018555,,,,,,,
90,,141499,,,,3.545722007751465,-15.991965293884277,-16.455392837524414,3.545722007751465,,
,,141549,,,409.6362590789795,,,,,,
,,141549,,8.337974548339844,,,,,,,
90,,141549,,,,3.553114652633667,-15.836981773376465,-16.317113876342773,3.553114652633667,,
,,141599,,,413.10811042785645,,,,,,
,,141599,,25.45785903930664,,,,,,,
90,,141599,,,,3.5482728481292725,-16.388633728027344,-16.874723434448242,3.5482728481292725,,
,,141649,,,425.63819885253906,,,,,,
,,141649,,8.289337158203125,,,,,,,
90,,141649,,,,3.546307325363159,-15.969738960266113,-16.44878578186035,3.546307325363159,,
,,141699,,,427.6890754699707,,,,,,
,,141699,,25.979995727539062,,,,,,,
90,,141699,,,,3.5452239513397217,-15.768644332885742,-16.24755096435547,3.5452239513397217,,
,,141749,,,421.0667610168457,,,,,,
,,141749,,9.847640991210938,,,,,,,
90,,141749,,,,3.5482394695281982,-16.146663665771484,-16.647550582885742,3.5482394695281982,,
,,141799,,,422.0912456512451,,,,,,
,,141799,,25.799989700317383,,,,,,,
90,,141799,,,,3.545597791671753,-16.15457534790039,-16.660865783691406,3.545597791671753,,
,,141849,,,433.1331253051758,,,,,,
,,141849,,10.41412353515625,,,,,,,
90,,141849,,,,3.5492002964019775,-15.78534984588623,-16.26076316833496,3.5492002964019775,,
,,141899,,,429.7170639038086,,,,,,
,,141899,,26.723861694335938,,,,,,,
90,,141899,,,,3.5486602783203125,-15.947282791137695,-16.44820213317871,3.5486602783203125,,
,,141949,,,436.2804889678955,,,,,,
,,141949,,8.848905563354492,,,,,,,
90,,141949,,,,3.546135187149048,-16.244657516479492,-16.722362518310547,3.546135187149048,,
,,141999,,,433.2458972930908,,,,,,
,,141999,,26.976346969604492,,,,,,,
90,,141999,,,,3.543362855911255,-15.926310539245605,-16.416215896606445,3.543362855911255,,
,,142049,,,428.91740798950195,,,,,,
,,142049,,8.357763290405273,,,,,,,
90,,142049,,,,3.5422544479370117,-15.961655616760254,-16.452800750732422,3.5422544479370117,,
,,142099,,,431.84924125671387,,,,,,
,,142099,,29.965877532958984,,,,,,,
90,,142099,,,,3.5452022552490234,-15.981966972351074,-16.48225975036621,3.5452022552490234,,
,,142149,,,431.67757987976074,,,,,,
,,142149,,8.959054946899414,,,,,,,
90,,142149,,,,3.5517168045043945,-15.76672649383545,-16.243375778198242,3.5517168045043945,,
,,142199,,,433.84647369384766,,,,,,
,,142199,,27.015209197998047,,,,,,,
90,,142199,,,,3.551337480545044,-16.107816696166992,-16.563467025756836,3.551337480545044,,
90,,142232,,,,,,,,-15.947784423828125,-16.358577728271484
,,142233,782.7539048194885,,,,,,,,
,0.0003,142233,,,,,,,,,
,,142249,,,422.2149848937988,,,,,,
,,142249,,8.358478546142578,,,,,,,
91,,142249,,,,3.547715663909912,-15.837818145751953,-16.322021484375,3.547715663909912,,
,,142299,,,430.2818775177002,,,,,,
,,142299,,26.883840560913086,,,,,,,
91,,142299,,,,3.5459399223327637,-16.421348571777344,-16.928810119628906,3.5459399223327637,,
,,142349,,,423.5565662384033,,,,,,
,,142349,,9.528398513793945,,,,,,,
91,,142349,,,,3.548656463623047,-15.774171829223633,-16.256149291992188,3.548656463623047,,
,,142399,,,428.50279808044434,,,,,,
,,142399,,26.366472244262695,,,,,,,
91,,142399,,,,3.5524284839630127,-15.986441612243652,-16.45974349975586,3.5524284839630127,,
,,142449,,,428.39550971984863,,,,,,
,,142449,,8.299589157104492,,,,,,,
91,,142449,,,,3.5511114597320557,-15.919178009033203,-16.391042709350586,3.5511114597320557,,
,,142499,,,430.74893951416016,,,,,,
,,142499,,26.301145553588867,,,,,,,
91,,142499,,,,3.558553457260132,-15.655735969543457,-16.13489532470703,3.558553457260132,,
,,142549,,,432.5406551361084,,,,,,
,,142549,,8.991003036499023,,,,,,,
91,,142549,,,,3.540600538253784,-15.914087295532227,-16.40205192565918,3.540600538253784,,
,,142599,,,434.0198040008545,,,,,,
,,142599,,26.844024658203125,,,,,,,
91,,142599,,,,3.5450456142425537,-16.050004959106445,-16.541549682617188,3.5450456142425537,,
,,142649,,,426.97644233703613,,,,,,
,,142649,,9.311437606811523,,,,,,,
91,,142649,,,,3.545621871948242,-16.120197296142578,-16.597780227661133,3.545621871948242,,
,,142699,,,429.2173385620117,,,,,,
,,142699,,25.926828384399414,,,,,,,
91,,142699,,,,3.5538170337677,-15.656586647033691,-16.140913009643555,3.5538170337677,,
,,142749,,,430.0801753997803,,,,,,
,,142749,,8.620023727416992,,,,,,,
91,,142749,,,,3.5422563552856445,-16.030914306640625,-16.51938247680664,3.5422563552856445,,
,,142799,,,428.13968658447266,,,,,,
,,142799,,26.02863311767578,,,,,,,
91,,142799,,,,3.5450384616851807,-15.703834533691406,-16.18109703063965,3.5450384616851807,,
,,142849,,,430.05824089050293,,,,,,
,,142849,,8.694648742675781,,,,,,,
91,,142849,,,,3.5475573539733887,-16.05654525756836,-16.54891586303711,3.5475573539733887,,
,,142899,,,426.7866611480713,,,,,,
,,142899,,25.31123161315918,,,,,,,
91,,142899,,,,3.5474023818969727,-16.13741683959961,-16.622726440429688,3.5474023818969727,,
,,142949,,,427.7510643005371,,,,,,
,,142949,,8.037567138671875,,,,,,,
91,,142949,,,,3.5530998706817627,-15.666864395141602,-16.16146469116211,3.5530998706817627,,
,,142999,,,428.73167991638184,,,,,,
,,142999,,27.463674545288086,,,,,,,
91,,142999,,,,3.5558836460113525,-16.26140785217285,-16.759328842163086,3.5558836460113525,,
,,143049,,,427.0496368408203,,,,,,
,,143049,,9.729623794555664,,,,,,,
91,,143049,,,,3.5388481616973877,-15.819568634033203,-16.293903350830078,3.5388481616973877,,
,,143099,,,424.2527484893799,,,,,,
,,143099,,26.151418685913086,,,,,,,
91,,143099,,,,3.5539703369140625,-16.27603530883789,-16.74785614013672,3.5539703369140625,,
,,143149,,,427.4916648864746,,,,,,
,,143149,,7.992744445800781,,,,,,,
91,,143149,,,,3.5549540519714355,-15.691381454467773,-16.15458106994629,3.5549540519714355,,
,,143199,,,427.79040336608887,,,,,,
,,143199,,30.80153465270996,,,,,,,
91,,143199,,,,3.539102077484131,-15.64904499053955,-16.12684440612793,3.539102077484131,,
,,143249,,,429.23855781555176,,,,,,
,,143249,,8.077383041381836,,,,,,,
91,,143249,,,,3.538400411605835,-16.310914993286133,-16.813077926635742,3.538400411605835,,
,,143299,,,428.1492233276367,,,,,,
,,143299,,26.1993408203125,,,,,,,
91,,143299,,,,3.554896116256714,-15.610637664794922,-16.089576721191406,3.554896116256714,,
,,143349,,,425.0469207763672,,,,,,
,,143349,,10.047674179077148,,,,,,,
91,,143349,,,,3.5516748428344727,-15.457557678222656,-15.941595077514648,3.5516748428344727,,
,,143399,,,427.1838665008545,,,,,,
,,143399,,26.98230743408203,,,,,,,
91,,143399,,,,3.5475234985351562,-15.712285995483398,-16.199588775634766,3.5475234985351562,,
,,143449,,,424.5479106903076,,,,,,
,,143449,,8.228778839111328,,,,,,,
91,,143449,,,,3.5455801486968994,-15.825183868408203,-16.282075881958008,3.5455801486968994,,
,,143499,,,432.4328899383545,,,,,,
,,143499,,25.675535202026367,,,,,,,
91,,143499,,,,3.5518383979797363,-16.07537078857422,-16.548038482666016,3.5518383979797363,,
,,143549,,,426.3262748718262,,,,,,
,,143549,,8.704662322998047,,,,,,,
91,,143549,,,,3.5488760471343994,-16.07799530029297,-16.548009872436523,3.5488760471343994,,
,,143599,,,429.11314964294434,,,,,,
,,143599,,27.459144592285156,,,,,,,
91,,143599,,,,3.5536720752716064,-15.899768829345703,-16.36475372314453,3.5536720752716064,,
,,143649,,,426.0854721069336,,,,,,
,,143649,,8.190631866455078,,,,,,,
91,,143649,,,,3.546414613723755,-15.726356506347656,-16.221054077148438,3.546414613723755,,
,,143699,,,428.2703399658203,,,,,,
,,143699,,27.525901794433594,,,,,,,
91,,143699,,,,3.549506187438965,-15.829078674316406,-16.286008834838867,3.549506187438965,,
,,143749,,,422.04928398132324,,,,,,
,,143749,,8.285760879516602,,,,,,,
91,,143749,,,,3.547116994857788,-15.98127555847168,-16.447561264038086,3.547116994857788,,
91,,143795,,,,,,,,-15.928618431091309,-16.331117630004883
,,143796,803.0481717586517,,,,,,,,
,0.0003,143796,,,,,,,,,
,,143799,,,425.0490665435791,,,,,,
,,143799,,29.81877326965332,,,,,,,
92,,143799,,,,3.547278642654419,-16.24070930480957,-16.71103858947754,3.547278642654419,,
,,143849,,,428.91645431518555,,,,,,
,,143849,,7.656574249267578,,,,,,,
92,,143849,,,,3.5513830184936523,-15.682469367980957,-16.13172149658203,3.5513830184936523,,
,,143899,,,426.82600021362305,,,,,,
,,143899,,26.456356048583984,,,,,,,
92,,143899,,,,3.543508768081665,-16.197982788085938,-16.663896560668945,3.543508768081665,,
,,143949,,,427.518367767334,,,,,,
,,143949,,9.356975555419922,,,,,,,
92,,143949,,,,3.553112506866455,-16.32573890686035,-16.8195858001709,3.553112506866455,,
,,143999,,,430.50241470336914,,,,,,
,,143999,,25.626659393310547,,,,,,,
92,,143999,,,,3.5490646362304688,-16.318450927734375,-16.805551528930664,3.5490646362304688,,
,,144049,,,429.23927307128906,,,,,,
,,144049,,8.638143539428711,,,,,,,
92,,144049,,,,3.553231716156006,-15.243265151977539,-15.707045555114746,3.553231716156006,,
,,144099,,,428.5693168640137,,,,,,
,,144099,,27.334213256835938,,,,,,,
92,,144099,,,,3.5507030487060547,-16.4741268157959,-16.967323303222656,3.5507030487060547,,
,,144149,,,426.70583724975586,,,,,,
,,144149,,8.718252182006836,,,,,,,
92,,144149,,,,3.545828104019165,-15.712949752807617,-16.190088272094727,3.545828104019165,,
,,144199,,,427.3815155029297,,,,,,
,,144199,,25.326251983642578,,,,,,,
92,,144199,,,,3.5476977825164795,-15.581790924072266,-16.054698944091797,3.5476977825164795,,
,,144249,,,430.6313991546631,,,,,,
,,144249,,8.527278900146484,,,,,,,
92,,144249,,,,3.5535433292388916,-15.974872589111328,-16.440759658813477,3.5535433292388916,,
,,144299,,,426.4531135559082,,,,,,
,,144299,,27.04310417175293,,,,,,,
92,,144299,,,,3.549229383468628,-15.801169395446777,-16.266111373901367,3.549229383468628,,
,,144349,,,421.5383529663086,,,,,,
,,144349,,7.999420166015625,,,,,,,
92,,144349,,,,3.5514559745788574,-15.817855834960938,-16.301639556884766,3.5514559745788574,,
,,144399,,,430.9847354888916,,,,,,
,,144399,,26.21936798095703,,,,,,,
92,,144399,,,,3.546888589859009,-15.982690811157227,-16.461668014526367,3.546888589859009,,
,,144449,,,429.1415214538574,,,,,,
,,144449,,8.241891860961914,,,,,,,
92,,144449,,,,3.5460615158081055,-15.931623458862305,-16.429014205932617,3.5460615158081055,,
,,144499,,,428.8134574890137,,,,,,
,,144499,,30.207395553588867,,,,,,,
92,,144499,,,,3.5459911823272705,-16.10092544555664,-16.575660705566406,3.5459911823272705,,
,,144549,,,428.8907051086426,,,,,,
,,144549,,9.596109390258789,,,,,,,
92,,144549,,,,3.5444815158843994,-15.730437278747559,-16.212387084960938,3.5444815158843994,,
,,144599,,,429.1982650756836,,,,,,
,,144599,,25.50482749938965,,,,,,,
92,,144599,,,,3.5466692447662354,-15.715007781982422,-16.201122283935547,3.5466692447662354,,
,,144649,,,430.5460453033447,,,,,,
,,144649,,8.124351501464844,,,,,,,
92,,144649,,,,3.544405460357666,-16.204248428344727,-16.677745819091797,3.544405460357666,,
,,144699,,,429.4106960296631,,,,,,
,,144699,,25.203943252563477,,,,,,,
92,,144699,,,,3.548736572265625,-16.1220703125,-16.588336944580078,3.548736572265625,,
,,144749,,,427.62112617492676,,,,,,
,,144749,,7.801532745361328,,,,,,,
92,,144749,,,,3.548412322998047,-15.845846176147461,-16.32314109802246,3.548412322998047,,
,,144799,,,430.8795928955078,,,,,,
,,144799,,26.712894439697266,,,,,,,
92,,144799,,,,3.554729461669922,-15.96385669708252,-16.446008682250977,3.554729461669922,,
,,144849,,,429.1515350341797,,,,,,
,,144849,,8.894205093383789,,,,,,,
92,,144849,,,,3.5453410148620605,-16.151517868041992,-16.65814208984375,3.5453410148620605,,
,,144899,,,432.2471618652344,,,,,,
,,144899,,29.574155807495117,,,,,,,
92,,144899,,,,3.5408458709716797,-16.100360870361328,-16.58576011657715,3.5408458709716797,,
,,144949,,,433.90393257141113,,,,,,
,,144949,,8.068561553955078,,,,,,,
92,,144949,,,,3.5461366176605225,-16.170757293701172,-16.659305572509766,3.5461366176605225,,
,,144999,,,431.47921562194824,,,,,,
,,144999,,26.3674259185791,,,,,,,
92,,144999,,,,3.5490481853485107,-16.021595001220703,-16.49564552307129,3.5490481853485107,,
,,145049,,,424.53861236572266,,,,,,
,,145049,,9.63592529296875,,,,,,,
92,,145049,,,,3.5563724040985107,-16.14661407470703,-16.63262939453125,3.5563724040985107,,
,,145099,,,433.5322380065918,,,,,,
,,145099,,25.896072387695312,,,,,,,
92,,145099,,,,3.558375120162964,-16.506301879882812,-16.969602584838867,3.558375120162964,,
,,145149,,,433.4595203399658,,,,,,
,,145149,,9.692668914794922,,,,,,,
92,,145149,,,,3.547973155975342,-15.749220848083496,-16.247739791870117,3.547973155975342,,
,,145199,,,425.7514476776123,,,,,,
,,145199,,28.81026268005371,,,,,,,
92,,145199,,,,3.5488853454589844,-16.25069808959961,-16.706661224365234,3.5488853454589844,,
,,145249,,,426.957368850708,,,,,,
,,145249,,8.088827133178711,,,,,,,
92,,145249,,,,3.5495195388793945,-15.838029861450195,-16.327739715576172,3.5495195388793945,,
,,145299,,,426.9447326660156,,,,,,
,,145299,,29.320716857910156,,,,,,,
92,,145299,,,,3.5493383407592773,-16.041568756103516,-16.50861358642578,3.5493383407592773,,
,,145349,,,430.7136535644531,,,,,,
,,145349,,8.369684219360352,,,,,,,
92,,145349,,,,3.5564699172973633,-16.080219268798828,-16.570878982543945,3.5564699172973633,,
92,,145358,,,,,,,,-15.92263126373291,-16.326290130615234
,,145359,803.7950530052185,,,,,,,,
,0.0003,145359,,,,,,,,,
,,145399,,,417.12069511413574,,,,,,
,,145399,,25.33435821533203,,,,,,,
93,,145399,,,,3.54074764251709,-15.965248107910156,-16.449077606201172,3.54074764251709,,
,,145449,,,428.2498359680176,,,,,,
,,145449,,7.470607757568359,,,,,,,
93,,145449,,,,3.5501861572265625,-16.277408599853516,-16.751605987548828,3.5501861572265625,,
,,145499,,,426.96499824523926,,,,,,
,,145499,,25.803565979003906,,,,,,,
93,,145499,,,,3.553953170776367,-15.715717315673828,-16.200580596923828,3.553953170776367,,
,,145549,,,429.0187358856201,,,,,,
,,145549,,7.741212844848633,,,,,,,
93,,145549,,,,3.542093515396118,-15.930973052978516,-16.40070915222168,3.542093515396118,,
,,145599,,,426.8655776977539,,,,,,
,,145599,,27.247190475463867,,,,,,,
93,,145599,,,,3.552593231201172,-15.468114852905273,-15.950162887573242,3.552593231201172,,
,,145649,,,431.1180114746094,,,,,,
,,145649,,9.923458099365234,,,,,,,
93,,145649,,,,3.5470495223999023,-16.10984230041504,-16.59798812866211,3.5470495223999023,,
,,145699,,,442.138671875,,,,,,
,,145699,,26.42655372619629,,,,,,,
93,,145699,,,,3.545427083969116,-15.909968376159668,-16.38916778564453,3.545427083969116,,
,,145749,,,433.46405029296875,,,,,,
,,145749,,10.013341903686523,,,,,,,
93,,145749,,,,3.5548698902130127,-15.594902038574219,-16.07186508178711,3.5548698902130127,,
,,145799,,,416.9738292694092,,,,,,
,,145799,,26.497602462768555,,,,,,,
93,,145799,,,,3.5501091480255127,-16.166969299316406,-16.64988136291504,3.5501091480255127,,
,,145849,,,414.5195484161377,,,,,,
,,145849,,8.414983749389648,,,,,,,
93,,145849,,,,3.5513131618499756,-16.108861923217773,-16.598278045654297,3.5513131618499756,,
,,145899,,,408.62154960632324,,,,,,
,,145899,,28.84674072265625,,,,,,,
93,,145899,,,,3.5504565238952637,-15.848590850830078,-16.317354202270508,3.5504565238952637,,
,,145949,,,416.3362979888916,,,,,,
,,145949,,7.748842239379883,,,,,,,
93,,145949,,,,3.552499532699585,-15.856204986572266,-16.34261131286621,3.552499532699585,,
,,145999,,,410.85052490234375,,,,,,
,,145999,,23.148298263549805,,,,,,,
93,,145999,,,,3.5382320880889893,-16.524864196777344,-17.028905868530273,3.5382320880889893,,
,,146049,,,415.13705253601074,,,,,,
,,146049,,7.2154998779296875,,,,,,,
93,,146049,,,,3.5526936054229736,-15.952134132385254,-16.414562225341797,3.5526936054229736,,
,,146099,,,405.98106384277344,,,,,,
,,146099,,23.04697036743164,,,,,,,
93,,146099,,,,3.5468013286590576,-16.081632614135742,-16.571958541870117,3.5468013286590576,,
,,146149,,,408.8866710662842,,,,,,
,,146149,,5.657672882080078,,,,,,,
93,,146149,,,,3.5500166416168213,-15.562824249267578,-16.061540603637695,3.5500166416168213,,
,,146199,,,425.66776275634766,,,,,,
,,146199,,29.796838760375977,,,,,,,
93,,146199,,,,3.548049211502075,-15.808638572692871,-16.295196533203125,3.548049211502075,,
,,146249,,,426.8968105316162,,,,,,
,,146249,,8.263111114501953,,,,,,,
93,,146249,,,,3.548565626144409,-15.955230712890625,-16.433073043823242,3.548565626144409,,
,,146299,,,425.7471561431885,,,,,,
,,146299,,26.597976684570312,,,,,,,
93,,146299,,,,3.550358295440674,-16.066041946411133,-16.56304359436035,3.550358295440674,,
,,146349,,,425.8685111999512,,,,,,
,,146349,,9.540557861328125,,,,,,,
93,,146349,,,,3.538691282272339,-16.041324615478516,-16.529096603393555,3.538691282272339,,
,,146399,,,432.42716789245605,,,,,,
,,146399,,26.621103286743164,,,,,,,
93,,146399,,,,3.5454823970794678,-15.914094924926758,-16.402942657470703,3.5454823970794678,,
,,146449,,,425.53257942199707,,,,,,
,,146449,,7.944345474243164,,,,,,,
93,,146449,,,,3.5476062297821045,-16.189895629882812,-16.68151092529297,3.5476062297821045,,
,,146499,,,435.67681312561035,,,,,,
,,146499,,25.271177291870117,,,,,,,
93,,146499,,,,3.5520575046539307,-15.931161880493164,-16.413883209228516,3.5520575046539307,,
,,146549,,,435.38641929626465,,,,,,
,,146549,,8.067131042480469,,,,,,,
93,,146549,,,,3.5503218173980713,-15.92721939086914,-16.40833854675293,3.5503218173980713,,
,,146599,,,430.7713508605957,,,,,,
,,146599,,26.340723037719727,,,,,,,
93,,146599,,,,3.5457544326782227,-15.78955078125,-16.269392013549805,3.5457544326782227,,
,,146649,,,426.50532722473145,,,,,,
,,146649,,9.488105773925781,,,,,,,
93,,146649,,,,3.543623685836792,-16.028160095214844,-16.50230598449707,3.543623685836792,,
,,146699,,,422.6856231689453,,,,,,
,,146699,,33.45751762390137,,,,,,,
93,,146699,,,,3.546168088912964,-16.21476173400879,-16.6937198638916,3.546168088912964,,
,,146749,,,432.4464797973633,,,,,,
,,146749,,9.682893753051758,,,,,,,
93,,146749,,,,3.54585862159729,-16.089521408081055,-16.583484649658203,3.54585862159729,,
,,146799,,,434.1740608215332,,,,,,
,,146799,,28.956174850463867,,,,,,,
93,,146799,,,,3.5451977252960205,-16.458953857421875,-16.94196891784668,3.5451977252960205,,
,,146849,,,437.885046005249,,,,,,
,,146849,,8.30698013305664,,,,,,,
93,,146849,,,,3.552358388900757,-16.501354217529297,-16.993680953979492,3.552358388900757,,
,,146899,,,435.88781356811523,,,,,,
,,146899,,26.584148406982422,,,,,,,
93,,146899,,,,3.5422282218933105,-15.90114688873291,-16.3854923248291,3.5422282218933105,,
93,,146921,,,,,,,,-15.9336519241333,-16.337881088256836
,,146922,797.8961811065674,,,,,,,,
,0.0003,146922,,,,,,,,,
,,146949,,,432.7225685119629,,,,,,
,,146949,,8.278131484985352,,,,,,,
94,,146949,,,,3.550185441970825,-15.735893249511719,-16.244781494140625,3.550185441970825,,
,,146999,,,431.72240257263184,,,,,,
,,146999,,25.762319564819336,,,,,,,
94,,146999,,,,3.5508110523223877,-15.945756912231445,-16.422826766967773,3.5508110523223877,,
,,147049,,,440.16051292419434,,,,,,
,,147049,,10.054826736450195,,,,,,,
94,,147049,,,,3.5632543563842773,-15.863102912902832,-16.331212997436523,3.5632543563842773,,
,,147099,,,433.4394931793213,,,,,,
,,147099,,31.247854232788086,,,,,,,
94,,147099,,,,3.547269821166992,-16.203956604003906,-16.675439834594727,3.547269821166992,,
,,147149,,,435.0557327270508,,,,,,
,,147149,,8.781671524047852,,,,,,,
94,,147149,,,,3.5517284870147705,-15.613299369812012,-16.111906051635742,3.5517284870147705,,
,,147199,,,431.0011863708496,,,,,,
,,147199,,28.814315795898438,,,,,,,
94,,147199,,,,3.5523877143859863,-16.075212478637695,-16.553434371948242,3.5523877143859863,,
,,147249,,,430.4077625274658,,,,,,
,,147249,,8.766651153564453,,,,,,,
94,,147249,,,,3.5427205562591553,-15.910265922546387,-16.393291473388672,3.5427205562591553,,
,,147299,,,432.6624870300293,,,,,,
,,147299,,27.978181838989258,,,,,,,
94,,147299,,,,3.556270122528076,-16.053924560546875,-16.52279281616211,3.556270122528076,,
,,147349,,,428.3432960510254,,,,,,
,,147349,,8.84246826171875,,,,,,,
94,,147349,,,,3.5442745685577393,-15.547237396240234,-16.012983322143555,3.5442745685577393,,
,,147399,,,434.558629989624,,,,,,
,,147399,,26.007890701293945,,,,,,,
94,,147399,,,,3.5496749877929688,-15.764776229858398,-16.224451065063477,3.5496749877929688,,
,,147449,,,429.7327995300293,,,,,,
,,147449,,9.27281379699707,,,,,,,
94,,147449,,,,3.5515124797821045,-15.902313232421875,-16.3782958984375,3.5515124797821045,,
,,147499,,,437.4878406524658,,,,,,
,,147499,,30.57384490966797,,,,,,,
94,,147499,,,,3.551769256591797,-15.702661514282227,-16.16488265991211,3.551769256591797,,
,,147549,,,429.5921325683594,,,,,,
,,147549,,10.001659393310547,,,,,,,
94,,147549,,,,3.5470681190490723,-16.291996002197266,-16.78789520263672,3.5470681190490723,,
,,147599,,,432.7876567840576,,,,,,
,,147599,,26.770830154418945,,,,,,,
94,,147599,,,,3.5416741371154785,-15.89206314086914,-16.378957748413086,3.5416741371154785,,
,,147649,,,432.8036308288574,,,,,,
,,147649,,8.669137954711914,,,,,,,
94,,147649,,,,3.548229932785034,-16.129060745239258,-16.621986389160156,3.548229932785034,,
,,147699,,,434.7372055053711,,,,,,
,,147699,,26.08466148376465,,,,,,,
94,,147699,,,,3.5390260219573975,-16.17361068725586,-16.656829833984375,3.5390260219573975,,
,,147749,,,430.8924674987793,,,,,,
,,147749,,8.595943450927734,,,,,,,
94,,147749,,,,3.543102264404297,-16.3231201171875,-16.793882369995117,3.543102264404297,,
,,147799,,,436.4585876464844,,,,,,
,,147799,,26.42655372619629,,,,,,,
94,,147799,,,,3.5494706630706787,-16.011581420898438,-16.488622665405273,3.5494706630706787,,
,,147849,,,427.77204513549805,,,,,,
,,147849,,8.090734481811523,,,,,,,
94,,147849,,,,3.551948070526123,-16.033245086669922,-16.51651382446289,3.551948070526123,,
,,147899,,,422.52039909362793,,,,,,
,,147899,,25.524616241455078,,,,,,,
94,,147899,,,,3.550363779067993,-16.121292114257812,-16.580230712890625,3.550363779067993,,
,,147949,,,432.7225685119629,,,,,,
,,147949,,7.673740386962891,,,,,,,
94,,147949,,,,3.5453672409057617,-15.889720916748047,-16.369224548339844,3.5453672409057617,,
,,147999,,,432.19709396362305,,,,,,
,,147999,,29.498815536499023,,,,,,,
94,,147999,,,,3.543508768081665,-15.731242179870605,-16.207483291625977,3.543508768081665,,
,,148049,,,430.9847354888916,,,,,,
,,148049,,8.499860763549805,,,,,,,
94,,148049,,,,3.5474703311920166,-16.210796356201172,-16.698991775512695,3.5474703311920166,,
,,148099,,,430.8018684387207,,,,,,
,,148099,,28.645753860473633,,,,,,,
94,,148099,,,,3.546287775039673,-16.192440032958984,-16.661540985107422,3.546287775039673,,
,,148149,,,431.3936233520508,,,,,,
,,148149,,8.068561553955078,,,,,,,
94,,148149,,,,3.556786060333252,-15.735260963439941,-16.21933364868164,3.556786060333252,,
,,148199,,,425.68159103393555,,,,,,
,,148199,,27.440547943115234,,,,,,,
94,,148199,,,,3.551408290863037,-15.931238174438477,-16.40020179748535,3.551408290863037,,
,,148249,,,428.4672737121582,,,,,,
,,148249,,8.561372756958008,,,,,,,
94,,148249,,,,3.5467517375946045,-15.7990140914917,-16.263757705688477,3.5467517375946045,,
,,148299,,,430.99069595336914,,,,,,
,,148299,,26.747703552246094,,,,,,,
94,,148299,,,,3.544806480407715,-15.904809951782227,-16.39592170715332,3.544806480407715,,
,,148349,,,429.80027198791504,,,,,,
,,148349,,12.506246566772461,,,,,,,
94,,148349,,,,3.5407402515411377,-15.75827407836914,-16.260631561279297,3.5407402515411377,,
,,148399,,,424.4673252105713,,,,,,
,,148399,,25.753498077392578,,,,,,,
94,,148399,,,,3.547011137008667,-16.05718231201172,-16.54852294921875,3.547011137008667,,
,,148449,,,424.4225025177002,,,,,,
,,148449,,7.595539093017578,,,,,,,
94,,148449,,,,3.5568292140960693,-15.925783157348633,-16.404279708862305,3.5568292140960693,,
94,,148484,,,,,,,,-15.924026489257812,-16.323989868164062
,,148485,807.6054308414459,,,,,,,,
,0.0003,148485,,,,,,,,,
,,148499,,,425.2486228942871,,,,,,
,,148499,,26.775360107421875,,,,,,,
95,,148499,,,,3.5478808879852295,-16.328758239746094,-16.796594619750977,3.5478808879852295,,
,,148549,,,425.31490325927734,,,,,,
,,148549,,8.146047592163086,,,,,,,
95,,148549,,,,3.548271417617798,-16.422605514526367,-16.906536102294922,3.548271417617798,,
,,148599,,,423.98619651794434,,,,,,
,,148599,,26.984214782714844,,,,,,,
95,,148599,,,,3.5489470958709717,-16.160572052001953,-16.62094497680664,3.5489470958709717,,
,,148649,,,423.236608505249,,,,,,
,,148649,,9.38558578491211,,,,,,,
95,,148649,,,,3.5466461181640625,-15.846230506896973,-16.33175277709961,3.5466461181640625,,
,,148699,,,420.5496311187744,,,,,,
,,148699,,28.38611602783203,,,,,,,
95,,148699,,,,3.5495245456695557,-16.45079803466797,-16.950883865356445,3.5495245456695557,,
,,148749,,,413.4194850921631,,,,,,
,,148749,,8.18181037902832,,,,,,,
95,,148749,,,,3.555177927017212,-15.79994010925293,-16.285219192504883,3.555177927017212,,
,,148799,,,423.0804443359375,,,,,,
,,148799,,24.841785430908203,,,,,,,
95,,148799,,,,3.5487887859344482,-16.08355712890625,-16.564035415649414,3.5487887859344482,,
,,148849,,,429.83531951904297,,,,,,
,,148849,,8.416175842285156,,,,,,,
95,,148849,,,,3.54610538482666,-16.077720642089844,-16.550642013549805,3.54610538482666,,
,,148899,,,423.2640266418457,,,,,,
,,148899,,26.840686798095703,,,,,,,
95,,148899,,,,3.555776357650757,-16.21204948425293,-16.69706916809082,3.555776357650757,,
,,148949,,,421.36502265930176,,,,,,
,,148949,,7.308483123779297,,,,,,,
95,,148949,,,,3.547072649002075,-16.41262435913086,-16.90570640563965,3.547072649002075,,
,,148999,,,427.8428554534912,,,,,,
,,148999,,25.38299560546875,,,,,,,
95,,148999,,,,3.545323371887207,-15.947410583496094,-16.431203842163086,3.545323371887207,,
,,149049,,,425.0166416168213,,,,,,
,,149049,,7.435321807861328,,,,,,,
95,,149049,,,,3.549931049346924,-15.90749740600586,-16.3987979888916,3.549931049346924,,
,,149099,,,425.36449432373047,,,,,,
,,149099,,25.5734920501709,,,,,,,
95,,149099,,,,3.5496602058410645,-15.790715217590332,-16.272594451904297,3.5496602058410645,,
,,149149,,,431.9436550140381,,,,,,
,,149149,,9.470224380493164,,,,,,,
95,,149149,,,,3.549689292907715,-16.07135772705078,-16.528392791748047,3.549689292907715,,
,,149199,,,426.96285247802734,,,,,,
,,149199,,29.35624122619629,,,,,,,
95,,149199,,,,3.5505242347717285,-15.964674949645996,-16.45630645751953,3.5505242347717285,,
,,149249,,,431.3516616821289,,,,,,
,,149249,,9.590387344360352,,,,,,,
95,,149249,,,,3.5608842372894287,-16.002262115478516,-16.480762481689453,3.5608842372894287,,
,,149299,,,433.9325428009033,,,,,,
,,149299,,25.90155601501465,,,,,,,
95,,149299,,,,3.5553197860717773,-15.921346664428711,-16.393651962280273,3.5553197860717773,,
,,149349,,,438.83419036865234,,,,,,
,,149349,,9.71221923828125,,,,,,,
95,,149349,,,,3.5513293743133545,-15.921772003173828,-16.425973892211914,3.5513293743133545,,
,,149399,,,426.6650676727295,,,,,,
,,149399,,26.636362075805664,,,,,,,
95,,149399,,,,3.545304536819458,-16.34579849243164,-16.827972412109375,3.545304536819458,,
,,149449,,,419.3885326385498,,,,,,
,,149449,,8.149385452270508,,,,,,,
95,,149449,,,,3.551694631576538,-16.062519073486328,-16.553403854370117,3.551694631576538,,
,,149499,,,415.41242599487305,,,,,,
,,149499,,27.720928192138672,,,,,,,
95,,149499,,,,3.5447192192077637,-16.01547622680664,-16.498817443847656,3.5447192192077637,,
,,149549,,,415.1468276977539,,,,,,
,,149549,,7.611513137817383,,,,,,,
95,,149549,,,,3.5450844764709473,-16.006929397583008,-16.483339309692383,3.5450844764709473,,
,,149599,,,413.7754440307617,,,,,,
,,149599,,25.691986083984375,,,,,,,
95,,149599,,,,3.54313063621521,-15.95919418334961,-16.432647705078125,3.54313063621521,,
,,149649,,,407.74083137512207,,,,,,
,,149649,,8.47935676574707,,,,,,,
95,,149649,,,,3.5410232543945312,-16.030181884765625,-16.514989852905273,3.5410232543945312,,
,,149699,,,413.4249687194824,,,,,,
,,149699,,25.944232940673828,,,,,,,
95,,149699,,,,3.547956705093384,-15.841705322265625,-16.311237335205078,3.547956705093384,,
,,149749,,,411.78369522094727,,,,,,
,,149749,,8.368253707885742,,,,,,,
95,,149749,,,,3.543287515640259,-16.050884246826172,-16.52263832092285,3.543287515640259,,
,,149799,,,416.45169258117676,,,,,,
,,149799,,23.860692977905273,,,,,,,
95,,149799,,,,3.5430548191070557,-15.866276741027832,-16.35934829711914,3.5430548191070557,,
,,149849,,,410.19368171691895,,,,,,
,,149849,,6.892204284667969,,,,,,,
95,,149849,,,,3.5503804683685303,-16.151567459106445,-16.610742568969727,3.5503804683685303,,
,,149899,,,407.23419189453125,,,,,,
,,149899,,25.7565975189209,,,,,,,
95,,149899,,,,3.5520710945129395,-15.985358238220215,-16.457069396972656,3.5520710945129395,,
,,149949,,,413.8963222503662,,,,,,
,,149949,,5.569696426391602,,,,,,,
95,,149949,,,,3.543621778488159,-16.21430206298828,-16.69873046875,3.543621778488159,,
,,149999,,,396.26336097717285,,,,,,
,,149999,,23.396015167236328,,,,,,,
95,,149999,,,,3.5520524978637695,-16.30404281616211,-16.770553588867188,3.5520524978637695,,
95,,150047,,,,,,,,-15.927900314331055,-16.330333709716797
,,150048,789.7723467350006,,,,,,,,
,0.0003,150048,,,,,,,,,
,,150049,,,397.7336883544922,,,,,,
,,150049,,5.867958068847656,,,,,,,
96,,150049,,,,3.5490920543670654,-16.118520736694336,-16.601058959960938,3.5490920543670654,,
,,150099,,,435.87470054626465,,,,,,
,,150099,,26.155471801757812,,,,,,,
96,,150099,,,,3.542344093322754,-15.97364616394043,-16.463159561157227,3.542344093322754,,
,,150149,,,429.0745258331299,,,,,,
,,150149,,10.015726089477539,,,,,,,
96,,150149,,,,3.5521316528320312,-15.463135719299316,-15.932570457458496,3.5521316528320312,,
,,150199,,,428.3154010772705,,,,,,
,,150199,,26.098251342773438,,,,,,,
96,,150199,,,,3.548429250717163,-15.768054962158203,-16.25520896911621,3.548429250717163,,
,,150249,,,424.4532585144043,,,,,,
,,150249,,7.950305938720703,,,,,,,
96,,150249,,,,3.5482616424560547,-15.877226829528809,-16.345739364624023,3.5482616424560547,,
,,150299,,,418.0729389190674,,,,,,
,,150299,,26.88288688659668,,,,,,,
96,,150299,,,,3.5459136962890625,-16.06793785095215,-16.540569305419922,3.5459136962890625,,
,,150349,,,427.70838737487793,,,,,,
,,150349,,8.668184280395508,,,,,,,
96,,150349,,,,3.5437982082366943,-16.232749938964844,-16.702775955200195,3.5437982082366943,,
,,150399,,,429.94046211242676,,,,,,
,,150399,,27.13155746459961,,,,,,,
96,,150399,,,,3.554530620574951,-15.573980331420898,-16.062442779541016,3.554530620574951,,
,,150449,,,431.6689968109131,,,,,,
,,150449,,8.621931076049805,,,,,,,
96,,150449,,,,3.5621633529663086,-16.399858474731445,-16.861297607421875,3.5621633529663086,,
,,150499,,,432.28673934936523,,,,,,
,,150499,,26.73482894897461,,,,,,,
96,,150499,,,,3.552588939666748,-16.49130630493164,-16.97904396057129,3.552588939666748,,
,,150549,,,431.58674240112305,,,,,,
,,150549,,8.356332778930664,,,,,,,
96,,150549,,,,3.55179762840271,-16.087764739990234,-16.567298889160156,3.55179762840271,,
,,150599,,,425.1229763031006,,,,,,
,,150599,,27.155637741088867,,,,,,,
96,,150599,,,,3.5524251461029053,-16.14324951171875,-16.622821807861328,3.5524251461029053,,
,,150649,,,429.5356273651123,,,,,,
,,150649,,10.411739349365234,,,,,,,
96,,150649,,,,3.5455479621887207,-15.824828147888184,-16.294225692749023,3.5455479621887207,,
,,150699,,,431.2565326690674,,,,,,
,,150699,,27.78005599975586,,,,,,,
96,,150699,,,,3.5504086017608643,-16.12167739868164,-16.613924026489258,3.5504086017608643,,
,,150749,,,432.7430725097656,,,,,,
,,150749,,9.325265884399414,,,,,,,
96,,150749,,,,3.549075126647949,-16.337745666503906,-16.83190155029297,3.549075126647949,,
,,150799,,,434.12017822265625,,,,,,
,,150799,,27.428627014160156,,,,,,,
96,,150799,,,,3.5468411445617676,-15.656306266784668,-16.12575912475586,3.5468411445617676,,
,,150849,,,434.7805976867676,,,,,,
,,150849,,9.019851684570312,,,,,,,
96,,150849,,,,3.5559136867523193,-15.444713592529297,-15.929238319396973,3.5559136867523193,,
,,150899,,,428.77936363220215,,,,,,
,,150899,,27.03404426574707,,,,,,,
96,,150899,,,,3.5500729084014893,-15.751397132873535,-16.222822189331055,3.5500729084014893,,
,,150949,,,427.2041320800781,,,,,,
,,150949,,9.821653366088867,,,,,,,
96,,150949,,,,3.5510079860687256,-15.934481620788574,-16.4005126953125,3.5510079860687256,,
,,150999,,,427.97207832336426,,,,,,
,,150999,,25.098085403442383,,,,,,,
96,,150999,,,,3.552220106124878,-15.929720878601074,-16.405054092407227,3.552220106124878,,
,,151049,,,430.8769702911377,,,,,,
,,151049,,9.58251953125,,,,,,,
96,,151049,,,,3.5462892055511475,-15.792957305908203,-16.271207809448242,3.5462892055511475,,
,,151099,,,432.6756000518799,,,,,,
,,151099,,26.409626007080078,,,,,,,
96,,151099,,,,3.5448033809661865,-15.938920974731445,-16.406890869140625,3.5448033809661865,,
,,151149,,,425.1692295074463,,,,,,
,,151149,,8.055448532104492,,,,,,,
96,,151149,,,,3.543370246887207,-16.182659149169922,-16.683429718017578,3.543370246887207,,
,,151199,,,421.917200088501,,,,,,
,,151199,,28.72157096862793,,,,,,,
96,,151199,,,,3.55084228515625,-15.959653854370117,-16.416851043701172,3.55084228515625,,
,,151249,,,408.27393531799316,,,,,,
,,151249,,6.943702697753906,,,,,,,
96,,151249,,,,3.5564959049224854,-16.094139099121094,-16.583765029907227,3.5564959049224854,,
,,151299,,,422.11222648620605,,,,,,
,,151299,,27.88710594177246,,,,,,,
96,,151299,,,,3.5452120304107666,-15.98547077178955,-16.452402114868164,3.5452120304107666,,
,,151349,,,423.28453063964844,,,,,,
,,151349,,8.58163833618164,,,,,,,
96,,151349,,,,3.556905508041382,-15.736894607543945,-16.222942352294922,3.556905508041382,,
,,151399,,,412.85228729248047,,,,,,
,,151399,,24.569034576416016,,,,,,,
96,,151399,,,,3.543452739715576,-15.974929809570312,-16.459566116333008,3.543452739715576,,
,,151449,,,418.2455539703369,,,,,,
,,151449,,8.347511291503906,,,,,,,
96,,151449,,,,3.542633056640625,-15.938765525817871,-16.432249069213867,3.542633056640625,,
,,151499,,,419.10552978515625,,,,,,
,,151499,,28.043746948242188,,,,,,,
96,,151499,,,,3.5383405685424805,-16.17626953125,-16.672231674194336,3.5383405685424805,,
,,151549,,,414.5464897155762,,,,,,
,,151549,,6.531715393066406,,,,,,,
96,,151549,,,,3.548699378967285,-15.5899076461792,-16.074256896972656,3.548699378967285,,
,,151599,,,414.5088195800781,,,,,,
,,151599,,24.8258113861084,,,,,,,
96,,151599,,,,3.548219919204712,-15.674747467041016,-16.140432357788086,3.548219919204712,,
96,,151610,,,,,,,,-15.928720474243164,-16.333770751953125
,,151611,797.8323678970337,,,,,,,,
,0.0003,151611,,,,,,,,,
,,151649,,,416.4233207702637,,,,,,
,,151649,,7.500886917114258,,,,,,,
97,,151649,,,,3.547348976135254,-15.445901870727539,-15.919697761535645,3.547348976135254,,
,,151699,,,402.10580825805664,,,,,,
,,151699,,22.70054817199707,,,,,,,
97,,151699,,,,3.536802291870117,-15.514967918395996,-15.986212730407715,3.536802291870117,,
,,151749,,,405.3022861480713,,,,,,
,,151749,,8.211612701416016,,,,,,,
97,,151749,,,,3.545109748840332,-16.049610137939453,-16.526208877563477,3.545109748840332,,
,,151799,,,406.9256782531738,,,,,,
,,151799,,29.45232391357422,,,,,,,
97,,151799,,,,3.5496249198913574,-15.971834182739258,-16.4676456451416,3.5496249198913574,,
,,151849,,,412.51373291015625,,,,,,
,,151849,,5.501985549926758,,,,,,,
97,,151849,,,,3.5497612953186035,-16.429418563842773,-16.921300888061523,3.5497612953186035,,
,,151899,,,403.87463569641113,,,,,,
,,151899,,24.998903274536133,,,,,,,
97,,151899,,,,3.540043592453003,-15.870701789855957,-16.35962677001953,3.540043592453003,,
,,151949,,,401.8263816833496,,,,,,
,,151949,,5.674600601196289,,,,,,,
97,,151949,,,,3.5431582927703857,-15.799077987670898,-16.290433883666992,3.5431582927703857,,
,,151999,,,407.46474266052246,,,,,,
,,151999,,27.108192443847656,,,,,,,
97,,151999,,,,3.553692579269409,-15.912755966186523,-16.410411834716797,3.553692579269409,,
,,152049,,,409.3189239501953,,,,,,
,,152049,,8.513689041137695,,,,,,,
97,,152049,,,,3.548358678817749,-15.60350227355957,-16.080617904663086,3.548358678817749,,
,,152099,,,418.72334480285645,,,,,,
,,152099,,28.487443923950195,,,,,,,
97,,152099,,,,3.546104669570923,-15.462026596069336,-15.957902908325195,3.546104669570923,,
,,152149,,,418.2848930358887,,,,,,
,,152149,,6.963253021240234,,,,,,,
97,,152149,,,,3.5551342964172363,-15.887453079223633,-16.352319717407227,3.5551342964172363,,
,,152199,,,412.0218753814697,,,,,,
,,152199,,24.86705780029297,,,,,,,
97,,152199,,,,3.5521228313446045,-15.922672271728516,-16.395122528076172,3.5521228313446045,,
,,152249,,,394.50645446777344,,,,,,
,,152249,,5.933046340942383,,,,,,,
97,,152249,,,,3.550410032272339,-16.333066940307617,-16.81503677368164,3.550410032272339,,
,,152299,,,403.86223793029785,,,,,,
,,152299,,23.161888122558594,,,,,,,
97,,152299,,,,3.54221773147583,-15.860138893127441,-16.33625030517578,3.54221773147583,,
,,152349,,,402.4956226348877,,,,,,
,,152349,,5.644321441650391,,,,,,,
97,,152349,,,,3.5476160049438477,-15.715335845947266,-16.196117401123047,3.5476160049438477,,
,,152399,,,403.5022258758545,,,,,,
,,152399,,22.866487503051758,,,,,,,
97,,152399,,,,3.55120587348938,-16.020957946777344,-16.484542846679688,3.55120587348938,,
,,152449,,,404.2229652404785,,,,,,
,,152449,,5.691051483154297,,,,,,,
97,,152449,,,,3.551497459411621,-16.08595085144043,-16.532636642456055,3.551497459411621,,
,,152499,,,396.5339660644531,,,,,,
,,152499,,23.24652671813965,,,,,,,
97,,152499,,,,3.5505778789520264,-15.533804893493652,-16.02754783630371,3.5505778789520264,,
,,152549,,,405.90715408325195,,,,,,
,,152549,,5.864143371582031,,,,,,,
97,,152549,,,,3.5533361434936523,-16.053640365600586,-16.519611358642578,3.5533361434936523,,
,,152599,,,402.2843837738037,,,,,,
,,152599,,23.181438446044922,,,,,,,
97,,152599,,,,3.548191547393799,-16.094402313232422,-16.57626724243164,3.548191547393799,,
,,152649,,,396.5892791748047,,,,,,
,,152649,,5.593538284301758,,,,,,,
97,,152649,,,,3.560087203979492,-15.90060806274414,-16.369007110595703,3.560087203979492,,
,,152699,,,396.11172676086426,,,,,,
,,152699,,22.96280860900879,,,,,,,
97,,152699,,,,3.5480458736419678,-15.95356273651123,-16.42646598815918,3.5480458736419678,,
,,152749,,,410.71486473083496,,,,,,
,,152749,,5.8345794677734375,,,,,,,
97,,152749,,,,3.546367645263672,-16.01799774169922,-16.485830307006836,3.546367645263672,,
,,152799,,,399.59716796875,,,,,,
,,152799,,23.37789535522461,,,,,,,
97,,152799,,,,3.558156728744507,-15.935224533081055,-16.406232833862305,3.558156728744507,,
,,152849,,,395.94244956970215,,,,,,
,,152849,,5.652189254760742,,,,,,,
97,,152849,,,,3.55230712890625,-15.97125244140625,-16.424726486206055,3.55230712890625,,
,,152899,,,400.2878665924072,,,,,,
,,152899,,22.979021072387695,,,,,,,
97,,152899,,,,3.5469143390655518,-15.962154388427734,-16.466211318969727,3.5469143390655518,,
,,152949,,,412.96863555908203,,,,,,
,,152949,,6.967067718505859,,,,,,,
97,,152949,,,,3.5417497158050537,-15.85094928741455,-16.330232620239258,3.5417497158050537,,
,,152999,,,421.6036796569824,,,,,,
,,152999,,24.11365509033203,,,,,,,
97,,152999,,,,3.5501224994659424,-16.002288818359375,-16.466136932373047,3.5501224994659424,,
,,153049,,,419.24285888671875,,,,,,
,,153049,,7.787227630615234,,,,,,,
97,,153049,,,,3.5504417419433594,-16.029159545898438,-16.52718162536621,3.5504417419433594,,
,,153099,,,416.68081283569336,,,,,,
,,153099,,24.89638328552246,,,,,,,
97,,153099,,,,3.5484209060668945,-15.740224838256836,-16.214088439941406,3.5484209060668945,,
,,153149,,,414.414644241333,,,,,,
,,153149,,8.14676284790039,,,,,,,
97,,153149,,,,3.552992105484009,-16.04450035095215,-16.50541877746582,3.552992105484009,,
97,,153173,,,,,,,,-15.930018424987793,-16.329761505126953
,,153174,768.0069875717163,,,,,,,,
,0.0003,153174,,,,,,,,,
,,153199,,,414.0667915344238,,,,,,
,,153199,,26.625633239746094,,,,,,,
98,,153199,,,,3.553417921066284,-15.706435203552246,-16.175464630126953,3.553417921066284,,
,,153249,,,420.8524227142334,,,,,,
,,153249,,7.445573806762695,,,,,,,
98,,153249,,,,3.5462849140167236,-15.758123397827148,-16.246965408325195,3.5462849140167236,,
,,153299,,,417.9067611694336,,,,,,
,,153299,,27.429819107055664,,,,,,,
98,,153299,,,,3.551880121231079,-15.905649185180664,-16.38252067565918,3.551880121231079,,
,,153349,,,414.95561599731445,,,,,,
,,153349,,7.561683654785156,,,,,,,
98,,153349,,,,3.544900417327881,-16.082374572753906,-16.5770263671875,3.544900417327881,,
,,153399,,,412.54425048828125,,,,,,
,,153399,,26.1843204498291,,,,,,,
98,,153399,,,,3.5444493293762207,-15.971842765808105,-16.425687789916992,3.5444493293762207,,
,,153449,,,415.4226779937744,,,,,,
,,153449,,7.243633270263672,,,,,,,
98,,153449,,,,3.5453174114227295,-16.095317840576172,-16.58945083618164,3.5453174114227295,,
,,153499,,,416.672945022583,,,,,,
,,153499,,26.433944702148438,,,,,,,
98,,153499,,,,3.5533952713012695,-15.675682067871094,-16.152652740478516,3.5533952713012695,,
,,153549,,,422.2869873046875,,,,,,
,,153549,,6.736278533935547,,,,,,,
98,,153549,,,,3.5476086139678955,-16.05753517150879,-16.52766227722168,3.5476086139678955,,
,,153599,,,414.9339199066162,,,,,,
,,153599,,23.362398147583008,,,,,,,
98,,153599,,,,3.5539674758911133,-16.042104721069336,-16.51479148864746,3.5539674758911133,,
,,153649,,,418.7905788421631,,,,,,
,,153649,,7.195472717285156,,,,,,,
98,,153649,,,,3.5498507022857666,-16.003082275390625,-16.48280906677246,3.5498507022857666,,
,,153699,,,417.3271656036377,,,,,,
,,153699,,27.665376663208008,,,,,,,
98,,153699,,,,3.548842668533325,-15.774431228637695,-16.246328353881836,3.548842668533325,,
,,153749,,,412.4283790588379,,,,,,
,,153749,,8.436203002929688,,,,,,,
98,,153749,,,,3.5430455207824707,-16.393089294433594,-16.887678146362305,3.5430455207824707,,
,,153799,,,416.22018814086914,,,,,,
,,153799,,27.352333068847656,,,,,,,
98,,153799,,,,3.5425097942352295,-16.432838439941406,-16.916961669921875,3.5425097942352295,,
,,153849,,,401.78394317626953,,,,,,
,,153849,,6.931543350219727,,,,,,,
98,,153849,,,,3.553611993789673,-15.799020767211914,-16.287866592407227,3.553611993789673,,
,,153899,,,412.74404525756836,,,,,,
,,153899,,27.713537216186523,,,,,,,
98,,153899,,,,3.5462963581085205,-15.91568374633789,-16.411357879638672,3.5462963581085205,,
,,153949,,,418.4985160827637,,,,,,
,,153949,,6.481647491455078,,,,,,,
98,,153949,,,,3.5528483390808105,-16.032976150512695,-16.503217697143555,3.5528483390808105,,
,,153999,,,411.61584854125977,,,,,,
,,153999,,26.365041732788086,,,,,,,
98,,153999,,,,3.550034761428833,-15.835756301879883,-16.304166793823242,3.550034761428833,,
,,154049,,,420.61686515808105,,,,,,
,,154049,,7.442474365234375,,,,,,,
98,,154049,,,,3.547024726867676,-15.799001693725586,-16.270755767822266,3.547024726867676,,
,,154099,,,415.8132076263428,,,,,,
,,154099,,26.61752700805664,,,,,,,
98,,154099,,,,3.5511248111724854,-16.282489776611328,-16.778104782104492,3.5511248111724854,,
,,154149,,,414.5040512084961,,,,,,
,,154149,,6.921052932739258,,,,,,,
98,,154149,,,,3.5558769702911377,-16.35785675048828,-16.827783584594727,3.5558769702911377,,
,,154199,,,417.88625717163086,,,,,,
,,154199,,24.646759033203125,,,,,,,
98,,154199,,,,3.545900821685791,-16.210811614990234,-16.678808212280273,3.545900821685791,,
,,154249,,,413.515567779541,,,,,,
,,154249,,6.6509246826171875,,,,,,,
98,,154249,,,,3.544647455215454,-16.110536575317383,-16.57955551147461,3.544647455215454,,
,,154299,,,418.898344039917,,,,,,
,,154299,,24.340152740478516,,,,,,,
98,,154299,,,,3.5479705333709717,-15.752527236938477,-16.22199821472168,3.5479705333709717,,
,,154349,,,409.86037254333496,,,,,,
,,154349,,7.199764251708984,,,,,,,
98,,154349,,,,3.5410497188568115,-15.967267990112305,-16.43385124206543,3.5410497188568115,,
,,154399,,,414.3178462982178,,,,,,
,,154399,,28.144121170043945,,,,,,,
98,,154399,,,,3.550567626953125,-15.794296264648438,-16.259838104248047,3.550567626953125,,
,,154449,,,419.4319248199463,,,,,,
,,154449,,7.954120635986328,,,,,,,
98,,154449,,,,3.5492491722106934,-15.860038757324219,-16.337404251098633,3.5492491722106934,,
,,154499,,,422.6217269897461,,,,,,
,,154499,,24.691343307495117,,,,,,,
98,,154499,,,,3.5473175048828125,-15.880960464477539,-16.35120964050293,3.5473175048828125,,
,,154549,,,415.04883766174316,,,,,,
,,154549,,8.409500122070312,,,,,,,
98,,154549,,,,3.551190137863159,-15.996892929077148,-16.490245819091797,3.551190137863159,,
,,154599,,,411.19384765625,,,,,,
,,154599,,28.212785720825195,,,,,,,
98,,154599,,,,3.542436361312866,-16.308202743530273,-16.791799545288086,3.542436361312866,,
,,154649,,,415.55190086364746,,,,,,
,,154649,,6.748437881469727,,,,,,,
98,,154649,,,,3.5548760890960693,-15.893691062927246,-16.38884735107422,3.5548760890960693,,
,,154699,,,418.4112548828125,,,,,,
,,154699,,27.725934982299805,,,,,,,
98,,154699,,,,3.5525615215301514,-16.41921043395996,-16.899465560913086,3.5525615215301514,,
98,,154736,,,,,,,,-15.928207397460938,-16.32724380493164
,,154737,780.5076942443848,,,,,,,,
,0.0003,154737,,,,,,,,,
,,154749,,,415.36808013916016,,,,,,
,,154749,,6.1893463134765625,,,,,,,
99,,154749,,,,3.546083927154541,-16.09597396850586,-16.563570022583008,3.546083927154541,,
,,154799,,,413.3172035217285,,,,,,
,,154799,,27.05860137939453,,,,,,,
99,,154799,,,,3.5460948944091797,-16.00368881225586,-16.463037490844727,3.5460948944091797,,
,,154849,,,413.8002395629883,,,,,,
,,154849,,7.566690444946289,,,,,,,
99,,154849,,,,3.5519213676452637,-15.73987102508545,-16.214534759521484,3.5519213676452637,,
,,154899,,,408.7386131286621,,,,,,
,,154899,,27.5876522064209,,,,,,,
99,,154899,,,,3.5513505935668945,-16.35895538330078,-16.833908081054688,3.5513505935668945,,
,,154949,,,405.1642417907715,,,,,,
,,154949,,8.817672729492188,,,,,,,
99,,154949,,,,3.5563061237335205,-16.044483184814453,-16.53801918029785,3.5563061237335205,,
,,154999,,,408.39338302612305,,,,,,
,,154999,,27.936220169067383,,,,,,,
99,,154999,,,,3.555375814437866,-15.900318145751953,-16.391876220703125,3.555375814437866,,
,,155049,,,425.89640617370605,,,,,,
,,155049,,8.638858795166016,,,,,,,
99,,155049,,,,3.546604633331299,-15.733055114746094,-16.234521865844727,3.546604633331299,,
,,155099,,,428.93004417419434,,,,,,
,,155099,,32.73415565490723,,,,,,,
99,,155099,,,,3.5398976802825928,-15.841143608093262,-16.3018741607666,3.5398976802825928,,
,,155149,,,424.9768257141113,,,,,,
,,155149,,8.869171142578125,,,,,,,
99,,155149,,,,3.553799867630005,-15.737422943115234,-16.21685028076172,3.553799867630005,,
,,155199,,,430.3021430969238,,,,,,
,,155199,,26.745319366455078,,,,,,,
99,,155199,,,,3.554516553878784,-15.928077697753906,-16.406705856323242,3.554516553878784,,
,,155249,,,418.3681011199951,,,,,,
,,155249,,8.635997772216797,,,,,,,
99,,155249,,,,3.554568290710449,-15.926802635192871,-16.40605354309082,3.554568290710449,,
,,155299,,,427.38986015319824,,,,,,
,,155299,,26.231765747070312,,,,,,,
99,,155299,,,,3.550967216491699,-15.975591659545898,-16.460424423217773,3.550967216491699,,
,,155349,,,436.66648864746094,,,,,,
,,155349,,8.002996444702148,,,,,,,
99,,155349,,,,3.5482330322265625,-15.547409057617188,-16.031536102294922,3.5482330322265625,,
,,155399,,,437.26325035095215,,,,,,
,,155399,,30.16066551208496,,,,,,,
99,,155399,,,,3.5497612953186035,-16.006187438964844,-16.47592544555664,3.5497612953186035,,
,,155449,,,424.2863655090332,,,,,,
,,155449,,8.24594497680664,,,,,,,
99,,155449,,,,3.568739891052246,-16.39073944091797,-16.87611198425293,3.568739891052246,,
,,155499,,,432.8744411468506,,,,,,
,,155499,,25.838375091552734,,,,,,,
99,,155499,,,,3.544187545776367,-15.763721466064453,-16.227542877197266,3.544187545776367,,
,,155549,,,435.2912902832031,,,,,,
,,155549,,8.880376815795898,,,,,,,
99,,155549,,,,3.5493550300598145,-15.951576232910156,-16.40323257446289,3.5493550300598145,,
,,155599,,,425.9946346282959,,,,,,
,,155599,,26.13520622253418,,,,,,,
99,,155599,,,,3.551758050918579,-15.904147148132324,-16.3980655670166,3.551758050918579,,
,,155649,,,430.1486015319824,,,,,,
,,155649,,8.967399597167969,,,,,,,
99,,155649,,,,3.554661750793457,-16.199447631835938,-16.682966232299805,3.554661750793457,,
,,155699,,,429.9125671386719,,,,,,
,,155699,,30.86376190185547,,,,,,,
99,,155699,,,,3.5508999824523926,-15.791757583618164,-16.307519912719727,3.5508999824523926,,
,,155749,,,426.70655250549316,,,,,,
,,155749,,7.691144943237305,,,,,,,
99,,155749,,,,3.5401408672332764,-16.024240493774414,-16.533369064331055,3.5401408672332764,,
,,155799,,,425.5502223968506,,,,,,
,,155799,,26.98516845703125,,,,,,,
99,,155799,,,,3.549859046936035,-16.152111053466797,-16.619169235229492,3.549859046936035,,
,,155849,,,429.5234680175781,,,,,,
,,155849,,8.280754089355469,,,,,,,
99,,155849,,,,3.552262544631958,-16.183372497558594,-16.66157341003418,3.552262544631958,,
,,155899,,,416.55826568603516,,,,,,
,,155899,,28.60879898071289,,,,,,,
99,,155899,,,,3.5469863414764404,-16.254436492919922,-16.721923828125,3.5469863414764404,,
,,155949,,,425.69541931152344,,,,,,
,,155949,,8.046150207519531,,,,,,,
99,,155949,,,,3.550255060195923,-15.932671546936035,-16.40005874633789,3.550255060195923,,
,,155999,,,427.11448669433594,,,,,,
,,155999,,26.920080184936523,,,,,,,
99,,155999,,,,3.5499937534332275,-15.860937118530273,-16.334571838378906,3.5499937534332275,,
,,156049,,,425.57477951049805,,,,,,
,,156049,,8.501291275024414,,,,,,,
99,,156049,,,,3.5545122623443604,-16.11227798461914,-16.621429443359375,3.5545122623443604,,
,,156099,,,419.2774295806885,,,,,,
,,156099,,25.255918502807617,,,,,,,
99,,156099,,,,3.546623468399048,-15.984529495239258,-16.477947235107422,3.546623468399048,,
,,156149,,,426.1136054992676,,,,,,
,,156149,,8.348464965820312,,,,,,,
99,,156149,,,,3.550527334213257,-16.08510971069336,-16.568805694580078,3.550527334213257,,
,,156199,,,430.30524253845215,,,,,,
,,156199,,25.950193405151367,,,,,,,
99,,156199,,,,3.544325590133667,-15.766778945922852,-16.25905418395996,3.544325590133667,,
,,156249,,,429.398775100708,,,,,,
,,156249,,7.696390151977539,,,,,,,
99,,156249,,,,3.548753023147583,-16.136920928955078,-16.619571685791016,3.548753023147583,,
,,156299,,,427.37531661987305,,,,,,
,,156299,,28.467893600463867,,,,,,,
99,,156299,,,,3.548689126968384,-15.701374053955078,-16.173860549926758,3.548689126968384,,
99,,156299,,,,,,,,-15.927164077758789,-16.328664779663086
,,156300,798.0191354751587,,,,,,,,
,0.0003,156300,,,,,,,,,
,,156349,,,426.75137519836426,,,,,,
,,156349,,8.748292922973633,,,,,,,
100,,156349,,,,3.5451598167419434,-16.029491424560547,-16.509620666503906,3.5451598167419434,,
,,156399,,,427.87861824035645,,,,,,
,,156399,,26.278257369995117,,,,,,,
100,,156399,,,,3.554396867752075,-15.855888366699219,-16.338382720947266,3.554396867752075,,
,,156449,,,435.50825119018555,,,,,,
,,156449,,8.2244873046875,,,,,,,
100,,156449,,,,3.54900860786438,-15.832053184509277,-16.317556381225586,3.54900860786438,,
,,156499,,,420.91846466064453,,,,,,
,,156499,,29.345035552978516,,,,,,,
100,,156499,,,,3.5406010150909424,-15.715702056884766,-16.186325073242188,3.5406010150909424,,
,,156549,,,429.7163486480713,,,,,,
,,156549,,7.896184921264648,,,,,,,
100,,156549,,,,3.545959711074829,-15.922489166259766,-16.40127944946289,3.545959711074829,,
,,156599,,,421.9803810119629,,,,,,
,,156599,,25.088071823120117,,,,,,,
100,,156599,,,,3.55005145072937,-16.27779769897461,-16.778568267822266,3.55005145072937,,
,,156649,,,426.5882968902588,,,,,,
,,156649,,8.86988639831543,,,,,,,
100,,156649,,,,3.5467617511749268,-16.198135375976562,-16.674285888671875,3.5467617511749268,,
,,156699,,,427.8535842895508,,,,,,
,,156699,,27.611494064331055,,,,,,,
100,,156699,,,,3.5466907024383545,-16.24087142944336,-16.704345703125,3.5466907024383545,,
,,156749,,,432.79027938842773,,,,,,
,,156749,,9.20414924621582,,,,,,,
100,,156749,,,,3.5445809364318848,-16.55425262451172,-17.019514083862305,3.5445809364318848,,
,,156799,,,425.74453353881836,,,,,,
,,156799,,25.089502334594727,,,,,,,
100,,156799,,,,3.546657085418701,-16.296958923339844,-16.79187774658203,3.546657085418701,,
,,156849,,,426.8810749053955,,,,,,
,,156849,,8.898735046386719,,,,,,,
100,,156849,,,,3.5519018173217773,-16.127361297607422,-16.61165428161621,3.5519018173217773,,
,,156899,,,425.90880393981934,,,,,,
,,156899,,26.957035064697266,,,,,,,
100,,156899,,,,3.550334930419922,-16.357168197631836,-16.83248519897461,3.550334930419922,,
,,156949,,,422.3759174346924,,,,,,
,,156949,,7.633686065673828,,,,,,,
100,,156949,,,,3.5436129570007324,-15.770978927612305,-16.244882583618164,3.5436129570007324,,
,,156999,,,429.86273765563965,,,,,,
,,156999,,27.17876434326172,,,,,,,
100,,156999,,,,3.5486514568328857,-15.801599502563477,-16.274991989135742,3.5486514568328857,,
,,157049,,,415.6301021575928,,,,,,
,,157049,,8.603811264038086,,,,,,,
100,,157049,,,,3.5561954975128174,-16.118881225585938,-16.589942932128906,3.5561954975128174,,
,,157099,,,416.14508628845215,,,,,,
,,157099,,26.148319244384766,,,,,,,
100,,157099,,,,3.5477452278137207,-16.239824295043945,-16.720783233642578,3.5477452278137207,,
,,157149,,,411.8690490722656,,,,,,
,,157149,,8.568525314331055,,,,,,,
100,,157149,,,,3.5545146465301514,-16.1524715423584,-16.643306732177734,3.5545146465301514,,
,,157199,,,412.7213954925537,,,,,,
,,157199,,26.103496551513672,,,,,,,
100,,157199,,,,3.541276216506958,-15.843118667602539,-16.32924461364746,3.541276216506958,,
,,157249,,,414.6461486816406,,,,,,
,,157249,,6.535053253173828,,,,,,,
100,,157249,,,,3.5500199794769287,-15.817678451538086,-16.300567626953125,3.5500199794769287,,
,,157299,,,409.0409278869629,,,,,,
,,157299,,27.74834632873535,,,,,,,
100,,157299,,,,3.5550155639648438,-16.025583267211914,-16.510509490966797,3.5550155639648438,,
,,157349,,,413.097620010376,,,,,,
,,157349,,8.563041687011719,,,,,,,
100,,157349,,,,3.551825761795044,-15.666349411010742,-16.138744354248047,3.551825761795044,,
,,157399,,,424.7732162475586,,,,,,
,,157399,,31.185626983642578,,,,,,,
100,,157399,,,,3.5441806316375732,-16.213600158691406,-16.711393356323242,3.5441806316375732,,
,,157449,,,426.4252185821533,,,,,,
,,157449,,9.606361389160156,,,,,,,
100,,157449,,,,3.5545830726623535,-16.086002349853516,-16.5670166015625,3.5545830726623535,,
,,157499,,,426.3792037963867,,,,,,
,,157499,,28.11598777770996,,,,,,,
100,,157499,,,,3.5478808879852295,-16.149362564086914,-16.647491455078125,3.5478808879852295,,
,,157549,,,422.6515293121338,,,,,,
,,157549,,7.705450057983398,,,,,,,
100,,157549,,,,3.543630838394165,-16.02899932861328,-16.516845703125,3.543630838394165,,
,,157599,,,428.73525619506836,,,,,,
,,157599,,29.45566177368164,,,,,,,
100,,157599,,,,3.5512516498565674,-15.816924095153809,-16.313840866088867,3.5512516498565674,,
,,157649,,,426.5139102935791,,,,,,
,,157649,,9.862184524536133,,,,,,,
100,,157649,,,,3.5479094982147217,-15.994243621826172,-16.493741989135742,3.5479094982147217,,
,,157699,,,427.59013175964355,,,,,,
,,157699,,24.988651275634766,,,,,,,
100,,157699,,,,3.5533087253570557,-15.742663383483887,-16.204553604125977,3.5533087253570557,,
,,157749,,,422.27745056152344,,,,,,
,,157749,,9.804964065551758,,,,,,,
100,,157749,,,,3.5346500873565674,-16.749874114990234,-17.241186141967773,3.5346500873565674,,
,,157799,,,417.8459644317627,,,,,,
,,157799,,24.9326229095459,,,,,,,
100,,157799,,,,3.5483076572418213,-15.854033470153809,-16.331581115722656,3.5483076572418213,,
,,157849,,,431.7905902862549,,,,,,
,,157849,,8.797645568847656,,,,,,,
100,,157849,,,,3.5472118854522705,-16.25958251953125,-16.728397369384766,3.5472118854522705,,
100,,157862,,,,,,,,-15.923015594482422,-16.325260162353516
,,157863,795.1309278011322,,,,,,,,
,0.0003,157863,,,,,,,,,
,,157899,,,429.110050201416,,,,,,
,,157899,,28.202533721923828,,,,,,,
101,,157899,,,,3.5431675910949707,-15.886329650878906,-16.35352897644043,3.5431675910949707,,
,,157949,,,426.46336555480957,,,,,,
,,157949,,7.497549057006836,,,,,,,
101,,157949,,,,3.548272132873535,-15.92404556274414,-16.400251388549805,3.548272132873535,,
,,157999,,,421.5126037597656,,,,,,
,,157999,,24.81389045715332,,,,,,,
101,,157999,,,,3.548617362976074,-16.026912689208984,-16.48965072631836,3.548617362976074,,
,,158049,,,421.6113090515137,,,,,,
,,158049,,7.351398468017578,,,,,,,
101,,158049,,,,3.547020196914673,-15.76475715637207,-16.23738670349121,3.547020196914673,,
,,158099,,,423.66647720336914,,,,,,
,,158099,,25.804758071899414,,,,,,,
101,,158099,,,,3.545252561569214,-16.162559509277344,-16.672161102294922,3.545252561569214,,
,,158149,,,433.67838859558105,,,,,,
,,158149,,7.882118225097656,,,,,,,
101,,158149,,,,3.547102212905884,-15.987039566040039,-16.462881088256836,3.547102212905884,,
,,158199,,,424.1514205932617,,,,,,
,,158199,,25.2382755279541,,,,,,,
101,,158199,,,,3.556419610977173,-15.372276306152344,-15.847359657287598,3.556419610977173,,
,,158249,,,428.4498691558838,,,,,,
,,158249,,7.716655731201172,,,,,,,
101,,158249,,,,3.56072735786438,-15.7415189743042,-16.19816780090332,3.56072735786438,,
,,158299,,,423.44212532043457,,,,,,
,,158299,,25.50220489501953,,,,,,,
101,,158299,,,,3.5568084716796875,-16.048709869384766,-16.542516708374023,3.5568084716796875,,
,,158349,,,432.4078559875488,,,,,,
,,158349,,9.089469909667969,,,,,,,
101,,158349,,,,3.544039726257324,-15.751948356628418,-16.241376876831055,3.544039726257324,,
,,158399,,,423.6738681793213,,,,,,
,,158399,,25.621652603149414,,,,,,,
101,,158399,,,,3.5472798347473145,-15.625347137451172,-16.096010208129883,3.5472798347473145,,
,,158449,,,424.0450859069824,,,,,,
,,158449,,7.820844650268555,,,,,,,
101,,158449,,,,3.5477969646453857,-15.84030532836914,-16.299131393432617,3.5477969646453857,,
,,158499,,,424.3426322937012,,,,,,
,,158499,,26.009321212768555,,,,,,,
101,,158499,,,,3.5529680252075195,-15.791196823120117,-16.2633056640625,3.5529680252075195,,
,,158549,,,424.5338439941406,,,,,,
,,158549,,7.9822540283203125,,,,,,,
101,,158549,,,,3.5541067123413086,-16.104022979736328,-16.58259391784668,3.5541067123413086,,
,,158599,,,427.32810974121094,,,,,,
,,158599,,26.394128799438477,,,,,,,
101,,158599,,,,3.5509557723999023,-15.82993221282959,-16.300832748413086,3.5509557723999023,,
,,158649,,,422.84154891967773,,,,,,
,,158649,,7.758617401123047,,,,,,,
101,,158649,,,,3.548564910888672,-15.789986610412598,-16.244054794311523,3.548564910888672,,
,,158699,,,423.57873916625977,,,,,,
,,158699,,25.57516098022461,,,,,,,
101,,158699,,,,3.5336720943450928,-15.915519714355469,-16.38533592224121,3.5336720943450928,,
,,158749,,,431.4448833465576,,,,,,
,,158749,,8.838176727294922,,,,,,,
101,,158749,,,,3.5608458518981934,-16.085540771484375,-16.548460006713867,3.5608458518981934,,
,,158799,,,433.9597225189209,,,,,,
,,158799,,25.40111541748047,,,,,,,
101,,158799,,,,3.545552968978882,-16.07306480407715,-16.556291580200195,3.545552968978882,,
,,158849,,,432.70087242126465,,,,,,
,,158849,,8.080005645751953,,,,,,,
101,,158849,,,,3.544642210006714,-16.23178482055664,-16.717512130737305,3.544642210006714,,
,,158899,,,430.55248260498047,,,,,,
,,158899,,30.972003936767578,,,,,,,
101,,158899,,,,3.5429818630218506,-16.265846252441406,-16.737613677978516,3.5429818630218506,,
,,158949,,,431.63418769836426,,,,,,
,,158949,,10.428428649902344,,,,,,,
101,,158949,,,,3.551417112350464,-16.02600860595703,-16.505109786987305,3.551417112350464,,
,,158999,,,420.90582847595215,,,,,,
,,158999,,27.858257293701172,,,,,,,
101,,158999,,,,3.5465240478515625,-16.004287719726562,-16.480426788330078,3.5465240478515625,,
,,159049,,,436.07568740844727,,,,,,
,,159049,,8.473396301269531,,,,,,,
101,,159049,,,,3.5545756816864014,-15.998797416687012,-16.48204803466797,3.5545756816864014,,
,,159099,,,441.1652088165283,,,,,,
,,159099,,27.08148956298828,,,,,,,
101,,159099,,,,3.546685218811035,-15.76099681854248,-16.22749137878418,3.546685218811035,,
,,159149,,,429.180383682251,,,,,,
,,159149,,9.268999099731445,,,,,,,
101,,159149,,,,3.5525805950164795,-16.304141998291016,-16.770654678344727,3.5525805950164795,,
,,159199,,,425.9216785430908,,,,,,
,,159199,,25.62880516052246,,,,,,,
101,,159199,,,,3.546339750289917,-16.4966983795166,-17.001432418823242,3.546339750289917,,
,,159249,,,425.55737495422363,,,,,,
,,159249,,7.91168212890625,,,,,,,
101,,159249,,,,3.551100730895996,-15.971467971801758,-16.46230697631836,3.551100730895996,,
,,159299,,,423.97475242614746,,,,,,
,,159299,,29.773950576782227,,,,,,,
101,,159299,,,,3.552131175994873,-15.570796966552734,-16.042404174804688,3.552131175994873,,
,,159349,,,397.75800704956055,,,,,,
,,159349,,5.693197250366211,,,,,,,
101,,159349,,,,3.5475339889526367,-16.32863426208496,-16.797496795654297,3.5475339889526367,,
,,159399,,,398.27680587768555,,,,,,
,,159399,,22.843122482299805,,,,,,,
101,,159399,,,,3.5573136806488037,-16.332565307617188,-16.82112693786621,3.5573136806488037,,
101,,159425,,,,,,,,-15.922300338745117,-16.323341369628906
,,159426,799.4806363582611,,,,,,,,
,0.0003,159426,,,,,,,,,
,,159449,,,413.06304931640625,,,,,,
,,159449,,6.869792938232422,,,,,,,
102,,159449,,,,3.5518200397491455,-16.068859100341797,-16.535852432250977,3.5518200397491455,,
,,159499,,,403.5303592681885,,,,,,
,,159499,,23.236751556396484,,,,,,,
102,,159499,,,,3.543809413909912,-15.894702911376953,-16.3875732421875,3.543809413909912,,
,,159549,,,412.1084213256836,,,,,,
,,159549,,7.902860641479492,,,,,,,
102,,159549,,,,3.551319122314453,-16.133228302001953,-16.580810546875,3.551319122314453,,
,,159599,,,403.37562561035156,,,,,,
,,159599,,22.997617721557617,,,,,,,
102,,159599,,,,3.5468270778656006,-16.124126434326172,-16.59160804748535,3.5468270778656006,,
,,159649,,,407.5775146484375,,,,,,
,,159649,,5.613565444946289,,,,,,,
102,,159649,,,,3.545281410217285,-16.012081146240234,-16.4764404296875,3.545281410217285,,
,,159699,,,794.2545413970947,,,,,,
,,159699,,28.455734252929688,,,,,,,
102,,159699,,,,3.5470712184906006,-15.822525024414062,-16.309797286987305,3.5470712184906006,,
,,159749,,,413.7105941772461,,,,,,
,,159749,,6.810665130615234,,,,,,,
102,,159749,,,,3.5434746742248535,-16.418540954589844,-16.88491439819336,3.5434746742248535,,
,,159799,,,411.9575023651123,,,,,,
,,159799,,27.80008316040039,,,,,,,
102,,159799,,,,3.54221248626709,-15.808614730834961,-16.285430908203125,3.54221248626709,,
,,159849,,,409.00492668151855,,,,,,
,,159849,,6.852626800537109,,,,,,,
102,,159849,,,,3.5488955974578857,-15.829971313476562,-16.315610885620117,3.5488955974578857,,
,,159899,,,412.3194217681885,,,,,,
,,159899,,26.53336524963379,,,,,,,
102,,159899,,,,3.5501060485839844,-16.03280258178711,-16.51036262512207,3.5501060485839844,,
,,159949,,,410.325288772583,,,,,,
,,159949,,7.491588592529297,,,,,,,
102,,159949,,,,3.553964138031006,-16.074966430664062,-16.55731773376465,3.553964138031006,,
,,159999,,,407.75370597839355,,,,,,
,,159999,,27.9233455657959,,,,,,,
102,,159999,,,,3.5463249683380127,-16.321800231933594,-16.808073043823242,3.5463249683380127,,
,,160049,,,402.93192863464355,,,,,,
,,160049,,8.036136627197266,,,,,,,
102,,160049,,,,3.543774366378784,-16.062358856201172,-16.52696990966797,3.543774366378784,,
,,160099,,,404.6344757080078,,,,,,
,,160099,,23.04553985595703,,,,,,,
102,,160099,,,,3.549417018890381,-16.282047271728516,-16.762943267822266,3.549417018890381,,
,,160149,,,399.4417190551758,,,,,,
,,160149,,5.599498748779297,,,,,,,
102,,160149,,,,3.5423660278320312,-16.04329490661621,-16.528379440307617,3.5423660278320312,,
,,160199,,,415.7290458679199,,,,,,
,,160199,,29.01744842529297,,,,,,,
102,,160199,,,,3.550041437149048,-16.227243423461914,-16.7006778717041,3.550041437149048,,
,,160249,,,433.4673881530762,,,,,,
,,160249,,8.128881454467773,,,,,,,
102,,160249,,,,3.552933931350708,-15.632457733154297,-16.106290817260742,3.552933931350708,,
,,160299,,,426.61428451538086,,,,,,
,,160299,,26.257753372192383,,,,,,,
102,,160299,,,,3.542736768722534,-16.03458023071289,-16.51736068725586,3.542736768722534,,
,,160349,,,424.5147705078125,,,,,,
,,160349,,8.496522903442383,,,,,,,
102,,160349,,,,3.545741558074951,-15.777311325073242,-16.268348693847656,3.545741558074951,,
,,160399,,,426.61070823669434,,,,,,
,,160399,,25.98404884338379,,,,,,,
102,,160399,,,,3.5494048595428467,-15.514930725097656,-15.994601249694824,3.5494048595428467,,
,,160449,,,421.4024543762207,,,,,,
,,160449,,7.666349411010742,,,,,,,
102,,160449,,,,3.5480527877807617,-16.34917449951172,-16.83538818359375,3.5480527877807617,,
,,160499,,,430.91416358947754,,,,,,
,,160499,,26.322603225708008,,,,,,,
102,,160499,,,,3.5530459880828857,-16.2198486328125,-16.688173294067383,3.5530459880828857,,
,,160549,,,431.6370487213135,,,,,,
,,160549,,8.681297302246094,,,,,,,
102,,160549,,,,3.5447213649749756,-15.994038581848145,-16.48065948486328,3.5447213649749756,,
,,160599,,,432.51514434814453,,,,,,
,,160599,,26.62062644958496,,,,,,,
102,,160599,,,,3.5464141368865967,-16.005348205566406,-16.476613998413086,3.5464141368865967,,
,,160649,,,424.9558448791504,,,,,,
,,160649,,8.352518081665039,,,,,,,
102,,160649,,,,3.5525364875793457,-15.685365676879883,-16.16449546813965,3.5525364875793457,,
,,160699,,,428.41529846191406,,,,,,
,,160699,,25.804758071899414,,,,,,,
102,,160699,,,,3.545072555541992,-15.94741439819336,-16.424001693725586,3.545072555541992,,
,,160749,,,429.45337295532227,,,,,,
,,160749,,8.133411407470703,,,,,,,
102,,160749,,,,3.5496819019317627,-16.069549560546875,-16.56062126159668,3.5496819019317627,,
,,160799,,,433.2699775695801,,,,,,
,,160799,,27.365922927856445,,,,,,,
102,,160799,,,,3.5498225688934326,-15.618951797485352,-16.104652404785156,3.5498225688934326,,
,,160849,,,432.12342262268066,,,,,,
,,160849,,7.790327072143555,,,,,,,
102,,160849,,,,3.55256986618042,-15.743255615234375,-16.223161697387695,3.55256986618042,,
,,160899,,,431.60176277160645,,,,,,
,,160899,,26.906967163085938,,,,,,,
102,,160899,,,,3.5521817207336426,-16.275634765625,-16.768356323242188,3.5521817207336426,,
,,160949,,,427.440881729126,,,,,,
,,160949,,8.594036102294922,,,,,,,
102,,160949,,,,3.552809953689575,-15.905407905578613,-16.360824584960938,3.552809953689575,,
102,,160988,,,,,,,,-15.92325496673584,-16.324251174926758
,,160989,785.9888663291931,,,,,,,,
,0.0003,160989,,,,,,,,,
,,160999,,,424.07894134521484,,,,,,
,,160999,,29.001712799072266,,,,,,,
103,,160999,,,,3.5469982624053955,-16.086380004882812,-16.556066513061523,3.5469982624053955,,
,,161049,,,438.31491470336914,,,,,,
,,161049,,8.568763732910156,,,,,,,
103,,161049,,,,3.54327130317688,-16.110769271850586,-16.60097312927246,3.54327130317688,,
,,161099,,,431.3211441040039,,,,,,
,,161099,,26.651859283447266,,,,,,,
103,,161099,,,,3.5531399250030518,-15.720952987670898,-16.196380615234375,3.5531399250030518,,
,,161149,,,432.27148056030273,,,,,,
,,161149,,8.832454681396484,,,,,,,
103,,161149,,,,3.556058168411255,-15.786453247070312,-16.247709274291992,3.556058168411255,,
,,161199,,,429.5625686645508,,,,,,
,,161199,,25.67434310913086,,,,,,,
103,,161199,,,,3.5492358207702637,-15.934181213378906,-16.415138244628906,3.5492358207702637,,
,,161249,,,429.36158180236816,,,,,,
,,161249,,10.022163391113281,,,,,,,
103,,161249,,,,3.555903434753418,-15.886380195617676,-16.382455825805664,3.555903434753418,,
,,161299,,,431.6861629486084,,,,,,
,,161299,,25.390148162841797,,,,,,,
103,,161299,,,,3.5439677238464355,-16.06554412841797,-16.533723831176758,3.5439677238464355,,
,,161349,,,429.0494918823242,,,,,,
,,161349,,9.400606155395508,,,,,,,
103,,161349,,,,3.543272018432617,-16.068729400634766,-16.547269821166992,3.543272018432617,,
,,161399,,,429.8124313354492,,,,,,
,,161399,,27.631521224975586,,,,,,,
103,,161399,,,,3.5413713455200195,-15.955005645751953,-16.413246154785156,3.5413713455200195,,
,,161449,,,424.8173236846924,,,,,,
,,161449,,8.25357437133789,,,,,,,
103,,161449,,,,3.548532009124756,-16.054912567138672,-16.527021408081055,3.548532009124756,,
,,161499,,,424.68714714050293,,,,,,
,,161499,,25.578737258911133,,,,,,,
103,,161499,,,,3.544294595718384,-16.06198501586914,-16.537179946899414,3.544294595718384,,
,,161549,,,423.4757423400879,,,,,,
,,161549,,8.35418701171875,,,,,,,
103,,161549,,,,3.5405497550964355,-15.948760986328125,-16.408254623413086,3.5405497550964355,,
,,161599,,,427.5059700012207,,,,,,
,,161599,,25.469303131103516,,,,,,,
103,,161599,,,,3.547679901123047,-15.862445831298828,-16.333383560180664,3.547679901123047,,
,,161649,,,429.89444732666016,,,,,,
,,161649,,7.716894149780273,,,,,,,
103,,161649,,,,3.548464775085449,-15.942695617675781,-16.42860984802246,3.548464775085449,,
,,161699,,,423.80332946777344,,,,,,
,,161699,,25.104761123657227,,,,,,,
103,,161699,,,,3.5501086711883545,-15.759420394897461,-16.242292404174805,3.5501086711883545,,
,,161749,,,420.6557273864746,,,,,,
,,161749,,7.512092590332031,,,,,,,
103,,161749,,,,3.5487191677093506,-15.888476371765137,-16.366825103759766,3.5487191677093506,,
,,161799,,,431.14233016967773,,,,,,
,,161799,,27.503013610839844,,,,,,,
103,,161799,,,,3.549905300140381,-16.09054183959961,-16.567996978759766,3.549905300140381,,
,,161849,,,430.9706687927246,,,,,,
,,161849,,9.180068969726562,,,,,,,
103,,161849,,,,3.5458598136901855,-15.654825210571289,-16.12973403930664,3.5458598136901855,,
,,161899,,,428.0121326446533,,,,,,
,,161899,,28.629541397094727,,,,,,,
103,,161899,,,,3.554777145385742,-15.939239501953125,-16.40237808227539,3.554777145385742,,
,,161949,,,413.0823612213135,,,,,,
,,161949,,7.365942001342773,,,,,,,
103,,161949,,,,3.5472707748413086,-16.52599334716797,-17.010236740112305,3.5472707748413086,,
,,161999,,,414.92533683776855,,,,,,
,,161999,,28.62071990966797,,,,,,,
103,,161999,,,,3.5507335662841797,-15.858892440795898,-16.318336486816406,3.5507335662841797,,
,,162049,,,411.2060070037842,,,,,,
,,162049,,8.853912353515625,,,,,,,
103,,162049,,,,3.5530271530151367,-16.105327606201172,-16.571563720703125,3.5530271530151367,,
,,162099,,,418.10107231140137,,,,,,
,,162099,,26.856660842895508,,,,,,,
103,,162099,,,,3.5460479259490967,-16.205881118774414,-16.683595657348633,3.5460479259490967,,
,,162149,,,423.19369316101074,,,,,,
,,162149,,8.653402328491211,,,,,,,
103,,162149,,,,3.5438718795776367,-16.040447235107422,-16.53553581237793,3.5438718795776367,,
,,162199,,,410.40754318237305,,,,,,
,,162199,,25.920391082763672,,,,,,,
103,,162199,,,,3.548656940460205,-15.889328002929688,-16.368999481201172,3.548656940460205,,
,,162249,,,416.93615913391113,,,,,,
,,162249,,7.477045059204102,,,,,,,
103,,162249,,,,3.5467729568481445,-15.574085235595703,-16.049402236938477,3.5467729568481445,,
,,162299,,,423.8147735595703,,,,,,
,,162299,,28.393983840942383,,,,,,,
103,,162299,,,,3.5646886825561523,-16.085376739501953,-16.5515079498291,3.5646886825561523,,
,,162349,,,418.6544418334961,,,,,,
,,162349,,7.219076156616211,,,,,,,
103,,162349,,,,3.5480449199676514,-15.990914344787598,-16.462100982666016,3.5480449199676514,,
,,162399,,,415.3308868408203,,,,,,
,,162399,,26.73649787902832,,,,,,,
103,,162399,,,,3.5504519939422607,-16.14746856689453,-16.611303329467773,3.5504519939422607,,
,,162449,,,413.18631172180176,,,,,,
,,162449,,8.42428207397461,,,,,,,
103,,162449,,,,3.544421911239624,-16.076107025146484,-16.542417526245117,3.544421911239624,,
,,162499,,,417.93274879455566,,,,,,
,,162499,,27.169227600097656,,,,,,,
103,,162499,,,,3.5432794094085693,-15.834138870239258,-16.305553436279297,3.5432794094085693,,
,,162549,,,427.6700019836426,,,,,,
,,162549,,8.527517318725586,,,,,,,
103,,162549,,,,3.5408339500427246,-16.086624145507812,-16.56966209411621,3.5408339500427246,,
103,,162551,,,,,,,,-15.923850059509277,-16.32259750366211
,,162552,794.7937121391296,,,,,,,,
,0.0003,162552,,,,,,,,,
,,162599,,,426.00274085998535,,,,,,
,,162599,,25.17843246459961,,,,,,,
104,,162599,,,,3.5528721809387207,-16.23102569580078,-16.715795516967773,3.5528721809387207,,
,,162649,,,426.16748809814453,,,,,,
,,162649,,9.263992309570312,,,,,,,
104,,162649,,,,3.5494418144226074,-15.836128234863281,-16.30908966064453,3.5494418144226074,,
,,162699,,,426.66053771972656,,,,,,
,,162699,,26.497840881347656,,,,,,,
104,,162699,,,,3.548892021179199,-15.960916519165039,-16.43027114868164,3.548892021179199,,
,,162749,,,421.4017391204834,,,,,,
,,162749,,7.352352142333984,,,,,,,
104,,162749,,,,3.552285671234131,-16.319049835205078,-16.79766845703125,3.552285671234131,,
,,162799,,,431.06698989868164,,,,,,
,,162799,,28.02252769470215,,,,,,,
104,,162799,,,,3.547685384750366,-16.06635284423828,-16.5541934967041,3.547685384750366,,
,,162849,,,438.1868839263916,,,,,,
,,162849,,8.703470230102539,,,,,,,
104,,162849,,,,3.550398111343384,-15.823232650756836,-16.28997230529785,3.550398111343384,,
,,162899,,,431.729793548584,,,,,,
,,162899,,26.374340057373047,,,,,,,
104,,162899,,,,3.5464162826538086,-15.925430297851562,-16.39710235595703,3.5464162826538086,,
,,162949,,,435.1067543029785,,,,,,
,,162949,,9.230852127075195,,,,,,,
104,,162949,,,,3.549715518951416,-15.81374454498291,-16.2965030670166,3.549715518951416,,
,,162999,,,432.0061206817627,,,,,,
,,162999,,27.630090713500977,,,,,,,
104,,162999,,,,3.5445468425750732,-15.845312118530273,-16.304372787475586,3.5445468425750732,,
,,163049,,,419.65365409851074,,,,,,
,,163049,,8.749961853027344,,,,,,,
104,,163049,,,,3.55179762840271,-16.217735290527344,-16.700397491455078,3.55179762840271,,
,,163099,,,433.7420463562012,,,,,,
,,163099,,29.620647430419922,,,,,,,
104,,163099,,,,3.5472047328948975,-16.112369537353516,-16.60869598388672,3.5472047328948975,,
,,163149,,,440.0217533111572,,,,,,
,,163149,,8.73565673828125,,,,,,,
104,,163149,,,,3.5493931770324707,-16.24175262451172,-16.724592208862305,3.5493931770324707,,
,,163199,,,436.495304107666,,,,,,
,,163199,,25.99811553955078,,,,,,,
104,,163199,,,,3.5462255477905273,-16.126354217529297,-16.59510612487793,3.5462255477905273,,
,,163249,,,423.8440990447998,,,,,,
,,163249,,8.79049301147461,,,,,,,
104,,163249,,,,3.5526187419891357,-16.02924156188965,-16.50212287902832,3.5526187419891357,,
,,163299,,,424.9551296234131,,,,,,
,,163299,,25.846481323242188,,,,,,,
104,,163299,,,,3.5467844009399414,-15.468375205993652,-15.948107719421387,3.5467844009399414,,
,,163349,,,433.6507320404053,,,,,,
,,163349,,8.897781372070312,,,,,,,
104,,163349,,,,3.548431873321533,-15.378738403320312,-15.859981536865234,3.548431873321533,,
,,163399,,,426.0387420654297,,,,,,
,,163399,,25.758981704711914,,,,,,,
104,,163399,,,,3.552759885787964,-16.381450653076172,-16.876728057861328,3.552759885787964,,
,,163449,,,423.71535301208496,,,,,,
,,163449,,8.409500122070312,,,,,,,
104,,163449,,,,3.552584409713745,-16.214107513427734,-16.694583892822266,3.552584409713745,,
,,163499,,,430.83882331848145,,,,,,
,,163499,,27.06432342529297,,,,,,,
104,,163499,,,,3.5556249618530273,-15.691513061523438,-16.157392501831055,3.5556249618530273,,
,,163549,,,432.04593658447266,,,,,,
,,163549,,9.30643081665039,,,,,,,
104,,163549,,,,3.5479202270507812,-16.230804443359375,-16.72378921508789,3.5479202270507812,,
,,163599,,,428.447961807251,,,,,,
,,163599,,26.86333656311035,,,,,,,
104,,163599,,,,3.5524990558624268,-16.045917510986328,-16.531396865844727,3.5524990558624268,,
,,163649,,,427.86216735839844,,,,,,
,,163649,,8.239269256591797,,,,,,,
104,,163649,,,,3.563671827316284,-15.753575325012207,-16.22209358215332,3.563671827316284,,
,,163699,,,427.8993606567383,,,,,,
,,163699,,27.016639709472656,,,,,,,
104,,163699,,,,3.541163206100464,-16.127660751342773,-16.60681915283203,3.541163206100464,,
,,163749,,,429.78382110595703,,,,,,
,,163749,,8.447647094726562,,,,,,,
104,,163749,,,,3.554832935333252,-16.282283782958984,-16.764856338500977,3.554832935333252,,
,,163799,,,433.40492248535156,,,,,,
,,163799,,26.04961395263672,,,,,,,
104,,163799,,,,3.548509359359741,-16.03531265258789,-16.508882522583008,3.548509359359741,,
,,163849,,,433.3641529083252,,,,,,
,,163849,,8.451223373413086,,,,,,,
104,,163849,,,,3.544828414916992,-16.09315299987793,-16.58208465576172,3.544828414916992,,
,,163899,,,431.29563331604004,,,,,,
,,163899,,27.291536331176758,,,,,,,
104,,163899,,,,3.5498290061950684,-16.157907485961914,-16.648662567138672,3.5498290061950684,,
,,163949,,,428.0412197113037,,,,,,
,,163949,,8.97669792175293,,,,,,,
104,,163949,,,,3.5456764698028564,-15.859353065490723,-16.33647346496582,3.5456764698028564,,
,,163999,,,428.8613796234131,,,,,,
,,163999,,25.87604522705078,,,,,,,
104,,163999,,,,3.5454864501953125,-15.759523391723633,-16.21190071105957,3.5454864501953125,,
,,164049,,,429.3525218963623,,,,,,
,,164049,,8.67915153503418,,,,,,,
104,,164049,,,,3.553370475769043,-15.442253112792969,-15.930855751037598,3.553370475769043,,
,,164099,,,430.5267333984375,,,,,,
,,164099,,30.138254165649414,,,,,,,
104,,164099,,,,3.550910234451294,-15.837625503540039,-16.31783103942871,3.550910234451294,,
104,,164114,,,,,,,,-15.92517375946045,-16.325374603271484
,,164115,808.8131392002106,,,,,,,,
,0.0003,164115,,,,,,,,,
,,164149,,,427.2468090057373,,,,,,
,,164149,,8.90040397644043,,,,,,,
105,,164149,,,,3.5425660610198975,-15.939485549926758,-16.404314041137695,3.5425660610198975,,
,,164199,,,431.133508682251,,,,,,
,,164199,,26.167631149291992,,,,,,,
105,,164199,,,,3.542890787124634,-16.35103988647461,-16.8492431640625,3.542890787124634,,
,,164249,,,434.61084365844727,,,,,,
,,164249,,9.279966354370117,,,,,,,
105,,164249,,,,3.552225351333618,-15.934492111206055,-16.405088424682617,3.552225351333618,,
,,164299,,,427.51026153564453,,,,,,
,,164299,,25.51436424255371,,,,,,,
105,,164299,,,,3.5378735065460205,-16.031110763549805,-16.50208282470703,3.5378735065460205,,
,,164349,,,421.10610008239746,,,,,,
,,164349,,8.703231811523438,,,,,,,
105,,164349,,,,3.552460193634033,-15.981139183044434,-16.46019172668457,3.552460193634033,,
,,164399,,,438.17806243896484,,,,,,
,,164399,,27.235984802246094,,,,,,,
105,,164399,,,,3.544525623321533,-15.865758895874023,-16.341114044189453,3.544525623321533,,
,,164449,,,433.7644577026367,,,,,,
,,164449,,8.285045623779297,,,,,,,
105,,164449,,,,3.553908586502075,-15.847758293151855,-16.334104537963867,3.553908586502075,,
,,164499,,,431.80203437805176,,,,,,
,,164499,,26.300430297851562,,,,,,,
105,,164499,,,,3.547144651412964,-16.01475715637207,-16.493938446044922,3.547144651412964,,
,,164549,,,434.8158836364746,,,,,,
,,164549,,9.95492935180664,,,,,,,
105,,164549,,,,3.5504963397979736,-16.050323486328125,-16.53110122680664,3.5504963397979736,,
,,164599,,,431.66422843933105,,,,,,
,,164599,,26.39627456665039,,,,,,,
105,,164599,,,,3.548943519592285,-15.951082229614258,-16.420082092285156,3.548943519592285,,
,,164649,,,432.36827850341797,,,,,,
,,164649,,8.426666259765625,,,,,,,
105,,164649,,,,3.5483434200286865,-16.31386375427246,-16.773210525512695,3.5483434200286865,,
,,164699,,,434.71646308898926,,,,,,
,,164699,,27.742385864257812,,,,,,,
105,,164699,,,,3.5544488430023193,-16.303646087646484,-16.7883243560791,3.5544488430023193,,
,,164749,,,416.58616065979004,,,,,,
,,164749,,7.764339447021484,,,,,,,
105,,164749,,,,3.550673723220825,-16.301387786865234,-16.783477783203125,3.550673723220825,,
,,164799,,,422.0597743988037,,,,,,
,,164799,,26.347637176513672,,,,,,,
105,,164799,,,,3.5470170974731445,-15.741395950317383,-16.232147216796875,3.5470170974731445,,
,,164849,,,432.4183464050293,,,,,,
,,164849,,7.844448089599609,,,,,,,
105,,164849,,,,3.540706157684326,-15.686643600463867,-16.17502784729004,3.540706157684326,,
,,164899,,,434.903621673584,,,,,,
,,164899,,26.860475540161133,,,,,,,
105,,164899,,,,3.548884391784668,-16.148120880126953,-16.616100311279297,3.548884391784668,,
,,164949,,,425.06933212280273,,,,,,
,,164949,,7.897138595581055,,,,,,,
105,,164949,,,,3.5562822818756104,-16.051286697387695,-16.522581100463867,3.5562822818756104,,
,,164999,,,430.98950386047363,,,,,,
,,164999,,25.347232818603516,,,,,,,
105,,164999,,,,3.549628496170044,-16.079971313476562,-16.57484245300293,3.549628496170044,,
,,165049,,,421.1537837982178,,,,,,
,,165049,,7.787942886352539,,,,,,,
105,,165049,,,,3.552654266357422,-16.005084991455078,-16.477510452270508,3.552654266357422,,
,,165099,,,429.3498992919922,,,,,,
,,165099,,29.91342544555664,,,,,,,
105,,165099,,,,3.555492401123047,-15.97278881072998,-16.45771598815918,3.555492401123047,,
,,165149,,,426.5143871307373,,,,,,
,,165149,,8.611679077148438,,,,,,,
105,,165149,,,,3.548600196838379,-16.06624984741211,-16.547348022460938,3.548600196838379,,
,,165199,,,429.28361892700195,,,,,,
,,165199,,26.97443962097168,,,,,,,
105,,165199,,,,3.543311595916748,-15.671958923339844,-16.14365577697754,3.543311595916748,,
,,165249,,,432.6028823852539,,,,,,
,,165249,,8.709430694580078,,,,,,,
105,,165249,,,,3.543365478515625,-16.31151580810547,-16.76626205444336,3.543365478515625,,
,,165299,,,429.0621280670166,,,,,,
,,165299,,25.177478790283203,,,,,,,
105,,165299,,,,3.552665948867798,-16.227333068847656,-16.71324920654297,3.552665948867798,,
,,165349,,,423.46668243408203,,,,,,
,,165349,,7.950067520141602,,,,,,,
105,,165349,,,,3.5515172481536865,-16.15597915649414,-16.617137908935547,3.5515172481536865,,
,,165399,,,432.5892925262451,,,,,,
,,165399,,26.00550651550293,,,,,,,
105,,165399,,,,3.5483031272888184,-15.71867847442627,-16.210180282592773,3.5483031272888184,,
,,165449,,,435.4548454284668,,,,,,
,,165449,,8.220434188842773,,,,,,,
105,,165449,,,,3.5511348247528076,-15.846561431884766,-16.314979553222656,3.5511348247528076,,
,,165499,,,426.9106388092041,,,,,,
,,165499,,30.045032501220703,,,,,,,
105,,165499,,,,3.5426416397094727,-16.10586166381836,-16.573345184326172,3.5426416397094727,,
,,165549,,,435.1620674133301,,,,,,
,,165549,,8.420228958129883,,,,,,,
105,,165549,,,,3.545009136199951,-16.055694580078125,-16.528120040893555,3.545009136199951,,
,,165599,,,425.4872798919678,,,,,,
,,165599,,25.19059181213379,,,,,,,
105,,165599,,,,3.538686752319336,-16.017013549804688,-16.49199104309082,3.538686752319336,,
,,165649,,,434.21268463134766,,,,,,
,,165649,,8.607864379882812,,,,,,,
105,,165649,,,,3.5458383560180664,-15.883512496948242,-16.372650146484375,3.5458383560180664,,
105,,165677,,,,,,,,-15.933423042297363,-16.34145164489746
,,165678,804.9428069591522,,,,,,,,
,0.0003,165678,,,,,,,,,
,,165699,,,408.341646194458,,,,,,
,,165699,,26.166439056396484,,,,,,,
106,,165699,,,,3.5459957122802734,-15.966927528381348,-16.456809997558594,3.5459957122802734,,
,,165749,,,403.55968475341797,,,,,,
,,165749,,8.241415023803711,,,,,,,
106,,165749,,,,3.547297239303589,-15.563740730285645,-16.03280258178711,3.547297239303589,,
,,165799,,,420.5167293548584,,,,,,
,,165799,,26.81279182434082,,,,,,,
106,,165799,,,,3.5503902435302734,-15.875686645507812,-16.358434677124023,3.5503902435302734,,
,,165849,,,413.9435291290283,,,,,,
,,165849,,7.951974868774414,,,,,,,
106,,165849,,,,3.542588233947754,-15.791230201721191,-16.259639739990234,3.542588233947754,,
,,165899,,,414.26682472229004,,,,,,
,,165899,,25.925159454345703,,,,,,,
106,,165899,,,,3.5508458614349365,-15.963114738464355,-16.437917709350586,3.5508458614349365,,
,,165949,,,409.32488441467285,,,,,,
,,165949,,5.6972503662109375,,,,,,,
106,,165949,,,,3.553175926208496,-16.114486694335938,-16.601945877075195,3.553175926208496,,
,,165999,,,412.0187759399414,,,,,,
,,165999,,24.760723114013672,,,,,,,
106,,165999,,,,3.5592868328094482,-16.071678161621094,-16.55397605895996,3.5592868328094482,,
,,166049,,,414.7510528564453,,,,,,
,,166049,,9.420394897460938,,,,,,,
106,,166049,,,,3.5562314987182617,-16.425395965576172,-16.917085647583008,3.5562314987182617,,
,,166099,,,401.39198303222656,,,,,,
,,166099,,26.801586151123047,,,,,,,
106,,166099,,,,3.540958881378174,-16.028762817382812,-16.496131896972656,3.540958881378174,,
,,166149,,,407.8524112701416,,,,,,
,,166149,,5.628108978271484,,,,,,,
106,,166149,,,,3.545015573501587,-16.331317901611328,-16.817604064941406,3.545015573501587,,
,,166199,,,413.3951663970947,,,,,,
,,166199,,25.519609451293945,,,,,,,
106,,166199,,,,3.5473697185516357,-16.129405975341797,-16.59135627746582,3.5473697185516357,,
,,166249,,,406.0244560241699,,,,,,
,,166249,,5.588531494140625,,,,,,,
106,,166249,,,,3.556027412414551,-15.97331714630127,-16.478229522705078,3.556027412414551,,
,,166299,,,411.87047958374023,,,,,,
,,166299,,26.260852813720703,,,,,,,
106,,166299,,,,3.546790361404419,-15.470439910888672,-15.96425724029541,3.546790361404419,,
,,166349,,,419.4142818450928,,,,,,
,,166349,,8.527994155883789,,,,,,,
106,,166349,,,,3.555431365966797,-15.960700035095215,-16.447555541992188,3.555431365966797,,
,,166399,,,406.0075283050537,,,,,,
,,166399,,28.93376350402832,,,,,,,
106,,166399,,,,3.5429131984710693,-15.64120864868164,-16.11509895324707,3.5429131984710693,,
,,166449,,,405.95388412475586,,,,,,
,,166449,,7.14111328125,,,,,,,
106,,166449,,,,3.545213460922241,-15.937807083129883,-16.441328048706055,3.545213460922241,,
,,166499,,,402.58145332336426,,,,,,
,,166499,,29.549121856689453,,,,,,,
106,,166499,,,,3.5537376403808594,-15.780550003051758,-16.22515106201172,3.5537376403808594,,
,,166549,,,414.83449935913086,,,,,,
,,166549,,7.298469543457031,,,,,,,
106,,166549,,,,3.5419411659240723,-16.13336944580078,-16.61618423461914,3.5419411659240723,,
,,166599,,,419.0635681152344,,,,,,
,,166599,,26.807785034179688,,,,,,,
106,,166599,,,,3.552443742752075,-15.89361572265625,-16.372596740722656,3.552443742752075,,
,,166649,,,418.9186096191406,,,,,,
,,166649,,8.692264556884766,,,,,,,
106,,166649,,,,3.548203468322754,-16.065509796142578,-16.519779205322266,3.548203468322754,,
,,166699,,,419.9247360229492,,,,,,
,,166699,,25.36773681640625,,,,,,,
106,,166699,,,,3.5449399948120117,-15.645547866821289,-16.11177635192871,3.5449399948120117,,
,,166749,,,412.78815269470215,,,,,,
,,166749,,6.93964958190918,,,,,,,
106,,166749,,,,3.5495622158050537,-16.003582000732422,-16.477462768554688,3.5495622158050537,,
,,166799,,,417.19508171081543,,,,,,
,,166799,,25.007009506225586,,,,,,,
106,,166799,,,,3.5460026264190674,-15.752336502075195,-16.252771377563477,3.5460026264190674,,
,,166849,,,420.84527015686035,,,,,,
,,166849,,8.745908737182617,,,,,,,
106,,166849,,,,3.544867515563965,-15.847061157226562,-16.38503646850586,3.544867515563965,,
,,166899,,,407.0429801940918,,,,,,
,,166899,,25.125741958618164,,,,,,,
106,,166899,,,,3.5448591709136963,-15.665336608886719,-16.14910888671875,3.5448591709136963,,
,,166949,,,425.3206253051758,,,,,,
,,166949,,8.269548416137695,,,,,,,
106,,166949,,,,3.5456836223602295,-15.983786582946777,-16.463642120361328,3.5456836223602295,,
,,166999,,,429.288387298584,,,,,,
,,166999,,25.246858596801758,,,,,,,
106,,166999,,,,3.5418059825897217,-16.134557723999023,-16.628429412841797,3.5418059825897217,,
,,167049,,,428.0819892883301,,,,,,
,,167049,,8.314132690429688,,,,,,,
106,,167049,,,,3.547386407852173,-16.178260803222656,-16.67047119140625,3.547386407852173,,
,,167099,,,429.83222007751465,,,,,,
,,167099,,26.17192268371582,,,,,,,
106,,167099,,,,3.546917676925659,-16.36160659790039,-16.828266143798828,3.546917676925659,,
,,167149,,,432.4774742126465,,,,,,
,,167149,,7.995843887329102,,,,,,,
106,,167149,,,,3.5491247177124023,-16.038272857666016,-16.49967384338379,3.5491247177124023,,
,,167199,,,427.54459381103516,,,,,,
,,167199,,29.104948043823242,,,,,,,
106,,167199,,,,3.5370776653289795,-16.030879974365234,-16.51304817199707,3.5370776653289795,,
106,,167240,,,,,,,,-15.93205738067627,-16.332557678222656
,,167241,780.5003914833069,,,,,,,,
,0.0003,167241,,,,,,,,,
,,167249,,,425.13465881347656,,,,,,
,,167249,,7.613182067871094,,,,,,,
107,,167249,,,,3.547560930252075,-15.850120544433594,-16.31710433959961,3.547560930252075,,
,,167299,,,422.2137928009033,,,,,,
,,167299,,25.45022964477539,,,,,,,
107,,167299,,,,3.5480363368988037,-15.67697525024414,-16.167448043823242,3.5480363368988037,,
,,167349,,,425.1437187194824,,,,,,
,,167349,,8.033275604248047,,,,,,,
107,,167349,,,,3.539005994796753,-15.767555236816406,-16.278043746948242,3.539005994796753,,
,,167399,,,430.0422668457031,,,,,,
,,167399,,26.509761810302734,,,,,,,
107,,167399,,,,3.552159070968628,-16.259496688842773,-16.74866485595703,3.552159070968628,,
,,167449,,,434.5576763153076,,,,,,
,,167449,,8.270502090454102,,,,,,,
107,,167449,,,,3.5402190685272217,-16.28518295288086,-16.778593063354492,3.5402190685272217,,
,,167499,,,429.69679832458496,,,,,,
,,167499,,26.326656341552734,,,,,,,
107,,167499,,,,3.547419548034668,-16.301589965820312,-16.781108856201172,3.547419548034668,,
,,167549,,,426.1651039123535,,,,,,
,,167549,,7.810354232788086,,,,,,,
107,,167549,,,,3.5457286834716797,-15.532736778259277,-16.033203125,3.5457286834716797,,
,,167599,,,435.11176109313965,,,,,,
,,167599,,25.712013244628906,,,,,,,
107,,167599,,,,3.551726818084717,-16.067684173583984,-16.531213760375977,3.551726818084717,,
,,167649,,,419.8317527770996,,,,,,
,,167649,,7.576465606689453,,,,,,,
107,,167649,,,,3.549180269241333,-15.69786262512207,-16.162187576293945,3.549180269241333,,
,,167699,,,429.332971572876,,,,,,
,,167699,,26.4589786529541,,,,,,,
107,,167699,,,,3.5410852432250977,-15.942350387573242,-16.398822784423828,3.5410852432250977,,
,,167749,,,425.173282623291,,,,,,
,,167749,,8.550643920898438,,,,,,,
107,,167749,,,,3.542170286178589,-15.89255428314209,-16.355859756469727,3.542170286178589,,
,,167799,,,423.05994033813477,,,,,,
,,167799,,25.515317916870117,,,,,,,
107,,167799,,,,3.5476479530334473,-15.884832382202148,-16.36150550842285,3.5476479530334473,,
,,167849,,,420.8357334136963,,,,,,
,,167849,,7.831573486328125,,,,,,,
107,,167849,,,,3.553314685821533,-15.886041641235352,-16.358169555664062,3.553314685821533,,
,,167899,,,423.2029914855957,,,,,,
,,167899,,25.062084197998047,,,,,,,
107,,167899,,,,3.5459630489349365,-15.682979583740234,-16.15501594543457,3.5459630489349365,,
,,167949,,,424.37005043029785,,,,,,
,,167949,,8.709430694580078,,,,,,,
107,,167949,,,,3.5457305908203125,-16.043039321899414,-16.51222801208496,3.5457305908203125,,
,,167999,,,431.62035942077637,,,,,,
,,167999,,26.23891830444336,,,,,,,
107,,167999,,,,3.557321786880493,-15.594047546386719,-16.078020095825195,3.557321786880493,,
,,168049,,,426.3460636138916,,,,,,
,,168049,,8.044242858886719,,,,,,,
107,,168049,,,,3.5463647842407227,-15.685215950012207,-16.173124313354492,3.5463647842407227,,
,,168099,,,419.8417663574219,,,,,,
,,168099,,27.164220809936523,,,,,,,
107,,168099,,,,3.5508947372436523,-15.870512962341309,-16.439727783203125,3.5508947372436523,,
,,168149,,,431.54406547546387,,,,,,
,,168149,,8.566141128540039,,,,,,,
107,,168149,,,,3.550152540206909,-16.01000213623047,-16.477577209472656,3.550152540206909,,
,,168199,,,432.2013854980469,,,,,,
,,168199,,26.204347610473633,,,,,,,
107,,168199,,,,3.5475106239318848,-15.885772705078125,-16.367938995361328,3.5475106239318848,,
,,168249,,,433.3217144012451,,,,,,
,,168249,,8.356332778930664,,,,,,,
107,,168249,,,,3.547884464263916,-15.856836318969727,-16.32966423034668,3.547884464263916,,
,,168299,,,424.8700141906738,,,,,,
,,168299,,25.652647018432617,,,,,,,
107,,168299,,,,3.548748731613159,-15.759156227111816,-16.220340728759766,3.548748731613159,,
,,168349,,,431.2915802001953,,,,,,
,,168349,,9.217023849487305,,,,,,,
107,,168349,,,,3.5488390922546387,-15.893843650817871,-16.370887756347656,3.5488390922546387,,
,,168399,,,424.8228073120117,,,,,,
,,168399,,25.684118270874023,,,,,,,
107,,168399,,,,3.549147844314575,-15.740720748901367,-16.193462371826172,3.549147844314575,,
,,168449,,,428.8487434387207,,,,,,
,,168449,,8.474349975585938,,,,,,,
107,,168449,,,,3.5501277446746826,-16.21022605895996,-16.691205978393555,3.5501277446746826,,
,,168499,,,433.0577850341797,,,,,,
,,168499,,26.66783332824707,,,,,,,
107,,168499,,,,3.5427398681640625,-16.228240966796875,-16.702880859375,3.5427398681640625,,
,,168549,,,426.9249439239502,,,,,,
,,168549,,7.795810699462891,,,,,,,
107,,168549,,,,3.552011251449585,-16.020973205566406,-16.488412857055664,3.552011251449585,,
,,168599,,,429.43716049194336,,,,,,
,,168599,,26.815414428710938,,,,,,,
107,,168599,,,,3.551218271255493,-15.581249237060547,-16.064556121826172,3.551218271255493,,
,,168649,,,422.5120544433594,,,,,,
,,168649,,8.780241012573242,,,,,,,
107,,168649,,,,3.553534507751465,-16.059423446655273,-16.566434860229492,3.553534507751465,,
,,168699,,,429.61668968200684,,,,,,
,,168699,,25.746822357177734,,,,,,,
107,,168699,,,,3.547060489654541,-16.33013153076172,-16.84304428100586,3.547060489654541,,
,,168749,,,425.75907707214355,,,,,,
,,168749,,8.751869201660156,,,,,,,
107,,168749,,,,3.5451924800872803,-15.938284873962402,-16.417688369750977,3.5451924800872803,,
,,168799,,,429.19278144836426,,,,,,
,,168799,,27.21238136291504,,,,,,,
107,,168799,,,,3.5466036796569824,-16.352344512939453,-16.8261775970459,3.5466036796569824,,
107,,168803,,,,,,,,-15.927709579467773,-16.32464599609375
,,168804,803.1641147136688,,,,,,,,
,0.0003,168804,,,,,,,,,
,,168849,,,425.74310302734375,,,,,,
,,168849,,8.30698013305664,,,,,,,
108,,168849,,,,3.550380229949951,-16.245777130126953,-16.72844886779785,3.550380229949951,,
,,168899,,,424.38578605651855,,,,,,
,,168899,,24.643421173095703,,,,,,,
108,,168899,,,,3.5552830696105957,-15.962966918945312,-16.41807746887207,3.5552830696105957,,
,,168949,,,430.0341606140137,,,,,,
,,168949,,7.317066192626953,,,,,,,
108,,168949,,,,3.5615029335021973,-16.018390655517578,-16.506561279296875,3.5615029335021973,,
,,168999,,,431.0178756713867,,,,,,
,,168999,,29.808521270751953,,,,,,,
108,,168999,,,,3.546708583831787,-16.15388298034668,-16.61094093322754,3.546708583831787,,
,,169049,,,428.55381965637207,,,,,,
,,169049,,7.8144073486328125,,,,,,,
108,,169049,,,,3.5512468814849854,-15.925317764282227,-16.405364990234375,3.5512468814849854,,
,,169099,,,427.2933006286621,,,,,,
,,169099,,24.984359741210938,,,,,,,
108,,169099,,,,3.544602870941162,-15.989201545715332,-16.449731826782227,3.544602870941162,,
,,169149,,,429.0812015533447,,,,,,
,,169149,,7.819414138793945,,,,,,,
108,,169149,,,,3.552560567855835,-16.175601959228516,-16.652509689331055,3.552560567855835,,
,,169199,,,432.8639507293701,,,,,,
,,169199,,25.519847869873047,,,,,,,
108,,169199,,,,3.551488161087036,-16.191482543945312,-16.68756675720215,3.551488161087036,,
,,169249,,,421.6158390045166,,,,,,
,,169249,,9.074926376342773,,,,,,,
108,,169249,,,,3.5487523078918457,-15.649580001831055,-16.127317428588867,3.5487523078918457,,
,,169299,,,421.27108573913574,,,,,,
,,169299,,26.59749984741211,,,,,,,
108,,169299,,,,3.556864023208618,-16.22421646118164,-16.68377113342285,3.556864023208618,,
,,169349,,,429.9664497375488,,,,,,
,,169349,,9.278535842895508,,,,,,,
108,,169349,,,,3.555209159851074,-16.17218780517578,-16.661943435668945,3.555209159851074,,
,,169399,,,435.4095458984375,,,,,,
,,169399,,25.10666847229004,,,,,,,
108,,169399,,,,3.5459187030792236,-16.046730041503906,-16.53008460998535,3.5459187030792236,,
,,169449,,,425.7998466491699,,,,,,
,,169449,,8.640766143798828,,,,,,,
108,,169449,,,,3.547778844833374,-15.985206604003906,-16.46316909790039,3.547778844833374,,
,,169499,,,428.59745025634766,,,,,,
,,169499,,24.97577667236328,,,,,,,
108,,169499,,,,3.5491294860839844,-15.671073913574219,-16.151487350463867,3.5491294860839844,,
,,169549,,,427.8419017791748,,,,,,
,,169549,,8.205413818359375,,,,,,,
108,,169549,,,,3.55065655708313,-15.847606658935547,-16.30164909362793,3.55065655708313,,
,,169599,,,432.73019790649414,,,,,,
,,169599,,25.890111923217773,,,,,,,
108,,169599,,,,3.5566372871398926,-15.784732818603516,-16.260162353515625,3.5566372871398926,,
,,169649,,,427.1359443664551,,,,,,
,,169649,,8.271455764770508,,,,,,,
108,,169649,,,,3.538200616836548,-15.987674713134766,-16.473234176635742,3.538200616836548,,
,,169699,,,428.9884567260742,,,,,,
,,169699,,26.781558990478516,,,,,,,
108,,169699,,,,3.543376922607422,-16.054931640625,-16.542966842651367,3.543376922607422,,
,,169749,,,423.3109951019287,,,,,,
,,169749,,9.277820587158203,,,,,,,
108,,169749,,,,3.5454649925231934,-15.540616035461426,-16.01611328125,3.5454649925231934,,
,,169799,,,424.483060836792,,,,,,
,,169799,,25.645017623901367,,,,,,,
108,,169799,,,,3.5543456077575684,-15.762711524963379,-16.25338363647461,3.5543456077575684,,
,,169849,,,433.9790344238281,,,,,,
,,169849,,9.052276611328125,,,,,,,
108,,169849,,,,3.549577474594116,-15.750954627990723,-16.23101043701172,3.549577474594116,,
,,169899,,,432.44481086730957,,,,,,
,,169899,,25.768518447875977,,,,,,,
108,,169899,,,,3.547954559326172,-15.795881271362305,-16.256933212280273,3.547954559326172,,
,,169949,,,431.1959743499756,,,,,,
,,169949,,8.529901504516602,,,,,,,
108,,169949,,,,3.549980401992798,-16.252197265625,-16.706878662109375,3.549980401992798,,
,,169999,,,427.8402328491211,,,,,,
,,169999,,25.47740936279297,,,,,,,
108,,169999,,,,3.5585882663726807,-15.656736373901367,-16.126684188842773,3.5585882663726807,,
,,170049,,,433.4909915924072,,,,,,
,,170049,,9.01031494140625,,,,,,,
108,,170049,,,,3.553060293197632,-16.09084129333496,-16.568981170654297,3.553060293197632,,
,,170099,,,428.8632869720459,,,,,,
,,170099,,27.77886390686035,,,,,,,
108,,170099,,,,3.5436525344848633,-16.120466232299805,-16.58420181274414,3.5436525344848633,,
,,170149,,,433.896541595459,,,,,,
,,170149,,8.389949798583984,,,,,,,
108,,170149,,,,3.547978401184082,-15.657753944396973,-16.137489318847656,3.547978401184082,,
,,170199,,,421.2524890899658,,,,,,
,,170199,,25.818347930908203,,,,,,,
108,,170199,,,,3.5494508743286133,-16.218706130981445,-16.708656311035156,3.5494508743286133,,
,,170249,,,427.8581142425537,,,,,,
,,170249,,8.749008178710938,,,,,,,
108,,170249,,,,3.55167555809021,-16.011062622070312,-16.47697639465332,3.55167555809021,,
,,170299,,,429.66151237487793,,,,,,
,,170299,,25.93851089477539,,,,,,,
108,,170299,,,,3.55291485786438,-15.981027603149414,-16.45193099975586,3.55291485786438,,
,,170349,,,433.57133865356445,,,,,,
,,170349,,8.81338119506836,,,,,,,
108,,170349,,,,3.5521175861358643,-16.131576538085938,-16.61450958251953,3.5521175861358643,,
108,,170366,,,,,,,,-15.923852920532227,-16.319910049438477
,,170367,802.8122079372406,,,,,,,,
,0.0003,170367,,,,,,,,,
,,170399,,,429.09884452819824,,,,,,
,,170399,,25.53701400756836,,,,,,,
109,,170399,,,,3.544447660446167,-16.48709487915039,-16.94449234008789,3.544447660446167,,
,,170449,,,425.9493350982666,,,,,,
,,170449,,10.14089584350586,,,,,,,
109,,170449,,,,3.551753520965576,-15.883134841918945,-16.347557067871094,3.551753520965576,,
,,170499,,,432.4808120727539,,,,,,
,,170499,,25.948286056518555,,,,,,,
109,,170499,,,,3.548720359802246,-16.195219039916992,-16.656959533691406,3.548720359802246,,
,,170549,,,425.19068717956543,,,,,,
,,170549,,8.853435516357422,,,,,,,
109,,170549,,,,3.5518999099731445,-16.096284866333008,-16.59090805053711,3.5518999099731445,,
,,170599,,,809.1068267822266,,,,,,
,,170599,,26.49545669555664,,,,,,,
109,,170599,,,,3.5481340885162354,-15.963489532470703,-16.436979293823242,3.5481340885162354,,
,,170649,,,427.57415771484375,,,,,,
,,170649,,8.267879486083984,,,,,,,
109,,170649,,,,3.5459845066070557,-16.153812408447266,-16.635046005249023,3.5459845066070557,,
,,170699,,,430.8469295501709,,,,,,
,,170699,,25.830507278442383,,,,,,,
109,,170699,,,,3.5547304153442383,-16.0507869720459,-16.520912170410156,3.5547304153442383,,
,,170749,,,436.3090991973877,,,,,,
,,170749,,8.446693420410156,,,,,,,
109,,170749,,,,3.5478439331054688,-16.103479385375977,-16.583398818969727,3.5478439331054688,,
,,170799,,,435.95170974731445,,,,,,
,,170799,,28.81598472595215,,,,,,,
109,,170799,,,,3.5500123500823975,-15.828974723815918,-16.299041748046875,3.5500123500823975,,
,,170849,,,436.51533126831055,,,,,,
,,170849,,8.432626724243164,,,,,,,
109,,170849,,,,3.5475730895996094,-16.43988800048828,-16.923322677612305,3.5475730895996094,,
,,170899,,,427.89602279663086,,,,,,
,,170899,,29.68621253967285,,,,,,,
109,,170899,,,,3.556171178817749,-16.067527770996094,-16.549354553222656,3.556171178817749,,
,,170949,,,430.6755065917969,,,,,,
,,170949,,9.028196334838867,,,,,,,
109,,170949,,,,3.541994571685791,-16.003463745117188,-16.462217330932617,3.541994571685791,,
,,170999,,,422.4710464477539,,,,,,
,,170999,,26.663541793823242,,,,,,,
109,,170999,,,,3.548316240310669,-15.924346923828125,-16.412076950073242,3.548316240310669,,
,,171049,,,421.31972312927246,,,,,,
,,171049,,8.374691009521484,,,,,,,
109,,171049,,,,3.5497090816497803,-16.0731143951416,-16.574453353881836,3.5497090816497803,,
,,171099,,,426.6238212585449,,,,,,
,,171099,,25.93684196472168,,,,,,,
109,,171099,,,,3.545337438583374,-16.25150489807129,-16.71660041809082,3.545337438583374,,
,,171149,,,431.52880668640137,,,,,,
,,171149,,8.669853210449219,,,,,,,
109,,171149,,,,3.551391839981079,-16.118555068969727,-16.639137268066406,3.551391839981079,,
,,171199,,,433.0117702484131,,,,,,
,,171199,,30.348777770996094,,,,,,,
109,,171199,,,,3.543792963027954,-16.0550537109375,-16.5330867767334,3.543792963027954,,
,,171249,,,415.15421867370605,,,,,,
,,171249,,5.966901779174805,,,,,,,
109,,171249,,,,3.548351287841797,-15.540990829467773,-16.010622024536133,3.548351287841797,,
,,171299,,,417.7827835083008,,,,,,
,,171299,,27.463436126708984,,,,,,,
109,,171299,,,,3.542588949203491,-16.26772117614746,-16.741796493530273,3.542588949203491,,
,,171349,,,409.06310081481934,,,,,,
,,171349,,5.966424942016602,,,,,,,
109,,171349,,,,3.554385185241699,-15.949127197265625,-16.427141189575195,3.554385185241699,,
,,171399,,,408.98656845092773,,,,,,
,,171399,,25.166988372802734,,,,,,,
109,,171399,,,,3.5514214038848877,-16.156375885009766,-16.638147354125977,3.5514214038848877,,
,,171449,,,414.3972396850586,,,,,,
,,171449,,5.7811737060546875,,,,,,,
109,,171449,,,,3.547543525695801,-15.784892082214355,-16.246885299682617,3.547543525695801,,
,,171499,,,397.66430854797363,,,,,,
,,171499,,22.87769317626953,,,,,,,
109,,171499,,,,3.546421527862549,-15.97763729095459,-16.446645736694336,3.546421527862549,,
,,171549,,,410.0522994995117,,,,,,
,,171549,,6.349086761474609,,,,,,,
109,,171549,,,,3.553333044052124,-16.13574981689453,-16.60460090637207,3.553333044052124,,
,,171599,,,423.877477645874,,,,,,
,,171599,,27.040958404541016,,,,,,,
109,,171599,,,,3.547685384750366,-15.886442184448242,-16.37273406982422,3.547685384750366,,
,,171649,,,423.23923110961914,,,,,,
,,171649,,8.111238479614258,,,,,,,
109,,171649,,,,3.551849365234375,-15.639880180358887,-16.119823455810547,3.551849365234375,,
,,171699,,,431.8974018096924,,,,,,
,,171699,,24.88565444946289,,,,,,,
109,,171699,,,,3.5485517978668213,-15.56705379486084,-16.02232551574707,3.5485517978668213,,
,,171749,,,428.68947982788086,,,,,,
,,171749,,8.628368377685547,,,,,,,
109,,171749,,,,3.554154872894287,-15.963005065917969,-16.42829132080078,3.554154872894287,,
,,171799,,,430.97615242004395,,,,,,
,,171799,,26.08513832092285,,,,,,,
109,,171799,,,,3.5520153045654297,-15.838327407836914,-16.3162841796875,3.5520153045654297,,
,,171849,,,425.9316921234131,,,,,,
,,171849,,8.456230163574219,,,,,,,
109,,171849,,,,3.551884889602661,-15.737655639648438,-16.202377319335938,3.551884889602661,,
,,171899,,,431.3671588897705,,,,,,
,,171899,,27.034521102905273,,,,,,,
109,,171899,,,,3.5490646362304688,-16.035324096679688,-16.540884017944336,3.5490646362304688,,
109,,171929,,,,,,,,-15.933018684387207,-16.33323860168457
,,171930,797.9166722297668,,,,,,,,
,0.0003,171930,,,,,,,,,
,,171949,,,431.12969398498535,,,,,,
,,171949,,8.872032165527344,,,,,,,
110,,171949,,,,3.55306339263916,-16.199304580688477,-16.67333984375,3.55306339263916,,
,,171999,,,425.5056381225586,,,,,,
,,171999,,25.6345272064209,,,,,,,
110,,171999,,,,3.547924757003784,-15.924715042114258,-16.40892219543457,3.547924757003784,,
,,172049,,,430.5441379547119,,,,,,
,,172049,,8.565902709960938,,,,,,,
110,,172049,,,,3.5507822036743164,-16.01163101196289,-16.50275421142578,3.5507822036743164,,
,,172099,,,428.938627243042,,,,,,
,,172099,,27.781248092651367,,,,,,,
110,,172099,,,,3.5517921447753906,-15.780815124511719,-16.25653839111328,3.5517921447753906,,
,,172149,,,425.2965450286865,,,,,,
,,172149,,9.469985961914062,,,,,,,
110,,172149,,,,3.549243927001953,-15.929285049438477,-16.39842987060547,3.549243927001953,,
,,172199,,,420.78471183776855,,,,,,
,,172199,,26.31664276123047,,,,,,,
110,,172199,,,,3.5475077629089355,-15.621133804321289,-16.111217498779297,3.5475077629089355,,
,,172249,,,426.0239601135254,,,,,,
,,172249,,7.897377014160156,,,,,,,
110,,172249,,,,3.550482988357544,-15.910701751708984,-16.37480926513672,3.550482988357544,,
,,172299,,,426.5730381011963,,,,,,
,,172299,,26.403427124023438,,,,,,,
110,,172299,,,,3.547501802444458,-15.864919662475586,-16.34133529663086,3.547501802444458,,
,,172349,,,425.6465435028076,,,,,,
,,172349,,8.26263427734375,,,,,,,
110,,172349,,,,3.546971559524536,-15.91982650756836,-16.389493942260742,3.546971559524536,,
,,172399,,,423.19178581237793,,,,,,
,,172399,,25.995254516601562,,,,,,,
110,,172399,,,,3.5569751262664795,-15.837898254394531,-16.328054428100586,3.5569751262664795,,
,,172449,,,424.5026111602783,,,,,,
,,172449,,8.241653442382812,,,,,,,
110,,172449,,,,3.5440773963928223,-16.220577239990234,-16.71078872680664,3.5440773963928223,,
,,172499,,,416.63646697998047,,,,,,
,,172499,,25.13575553894043,,,,,,,
110,,172499,,,,3.551927089691162,-15.535514831542969,-16.01456069946289,3.551927089691162,,
,,172549,,,426.8019199371338,,,,,,
,,172549,,8.28242301940918,,,,,,,
110,,172549,,,,3.543668508529663,-15.926942825317383,-16.390193939208984,3.543668508529663,,
,,172599,,,423.48527908325195,,,,,,
,,172599,,25.066137313842773,,,,,,,
110,,172599,,,,3.5501158237457275,-15.99803352355957,-16.47339630126953,3.5501158237457275,,
,,172649,,,426.36942863464355,,,,,,
,,172649,,7.938861846923828,,,,,,,
110,,172649,,,,3.547855854034424,-15.931516647338867,-16.397085189819336,3.547855854034424,,
,,172699,,,427.02460289001465,,,,,,
,,172699,,25.05350112915039,,,,,,,
110,,172699,,,,3.5471956729888916,-15.96125316619873,-16.432106018066406,3.5471956729888916,,
,,172749,,,426.22971534729004,,,,,,
,,172749,,7.946968078613281,,,,,,,
110,,172749,,,,3.5430173873901367,-15.982259750366211,-16.455673217773438,3.5430173873901367,,
,,172799,,,436.56110763549805,,,,,,
,,172799,,26.796340942382812,,,,,,,
110,,172799,,,,3.5566394329071045,-15.851144790649414,-16.30948257446289,3.5566394329071045,,
,,172849,,,424.5624542236328,,,,,,
,,172849,,8.028268814086914,,,,,,,
110,,172849,,,,3.549232006072998,-16.31107521057129,-16.78197479248047,3.549232006072998,,
,,172899,,,418.9431667327881,,,,,,
,,172899,,25.199174880981445,,,,,,,
110,,172899,,,,3.5497021675109863,-16.158302307128906,-16.61574363708496,3.5497021675109863,,
,,172949,,,436.1441135406494,,,,,,
,,172949,,9.81593132019043,,,,,,,
110,,172949,,,,3.5468459129333496,-16.538227081298828,-17.036678314208984,3.5468459129333496,,
,,172999,,,427.0603656768799,,,,,,
,,172999,,26.553630828857422,,,,,,,
110,,172999,,,,3.542295455932617,-15.848020553588867,-16.321184158325195,3.542295455932617,,
,,173049,,,427.8979301452637,,,,,,
,,173049,,8.117198944091797,,,,,,,
110,,173049,,,,3.547170400619507,-16.248401641845703,-16.733497619628906,3.547170400619507,,
,,173099,,,430.77540397644043,,,,,,
,,173099,,26.314735412597656,,,,,,,
110,,173099,,,,3.55096697807312,-15.89401626586914,-16.352645874023438,3.55096697807312,,
,,173149,,,433.87293815612793,,,,,,
,,173149,,8.452415466308594,,,,,,,
110,,173149,,,,3.5437207221984863,-15.867431640625,-16.343711853027344,3.5437207221984863,,
,,173199,,,421.68641090393066,,,,,,
,,173199,,25.62117576599121,,,,,,,
110,,173199,,,,3.5499117374420166,-15.868642807006836,-16.366802215576172,3.5499117374420166,,
,,173249,,,422.86133766174316,,,,,,
,,173249,,8.293628692626953,,,,,,,
110,,173249,,,,3.5492687225341797,-15.885425567626953,-16.36935806274414,3.5492687225341797,,
,,173299,,,429.8436641693115,,,,,,
,,173299,,26.16572380065918,,,,,,,
110,,173299,,,,3.549316644668579,-15.749809265136719,-16.223583221435547,3.549316644668579,,
,,173349,,,427.43945121765137,,,,,,
,,173349,,8.965015411376953,,,,,,,
110,,173349,,,,3.544027090072632,-16.03611183166504,-16.51453971862793,3.544027090072632,,
,,173399,,,433.3806037902832,,,,,,
,,173399,,26.345014572143555,,,,,,,
110,,173399,,,,3.558546304702759,-15.91103744506836,-16.378263473510742,3.558546304702759,,
,,173449,,,429.08596992492676,,,,,,
,,173449,,10.285615921020508,,,,,,,
110,,173449,,,,3.5472381114959717,-16.001235961914062,-16.48383140563965,3.5472381114959717,,
110,,173492,,,,,,,,-15.922101974487305,-16.31785011291504
,,173493,801.8359951972961,,,,,,,,
,0.0003,173493,,,,,,,,,
,,173499,,,421.3376045227051,,,,,,
,,173499,,25.87723731994629,,,,,,,
111,,173499,,,,3.55539608001709,-15.913389205932617,-16.379650115966797,3.55539608001709,,
,,173549,,,432.24453926086426,,,,,,
,,173549,,10.48898696899414,,,,,,,
111,,173549,,,,3.5452799797058105,-15.819743156433105,-16.287309646606445,3.5452799797058105,,
,,173599,,,426.999568939209,,,,,,
,,173599,,25.53868293762207,,,,,,,
111,,173599,,,,3.559110403060913,-16.06230926513672,-16.531225204467773,3.559110403060913,,
,,173649,,,427.69622802734375,,,,,,
,,173649,,8.90040397644043,,,,,,,
111,,173649,,,,3.5501508712768555,-16.066211700439453,-16.54477310180664,3.5501508712768555,,
,,173699,,,423.581600189209,,,,,,
,,173699,,26.738405227661133,,,,,,,
111,,173699,,,,3.544490337371826,-16.05241584777832,-16.539613723754883,3.544490337371826,,
,,173749,,,425.28700828552246,,,,,,
,,173749,,8.388996124267578,,,,,,,
111,,173749,,,,3.550197124481201,-15.946236610412598,-16.42824363708496,3.550197124481201,,
,,173799,,,429.5828342437744,,,,,,
,,173799,,27.0540714263916,,,,,,,
111,,173799,,,,3.54915714263916,-15.89463996887207,-16.361282348632812,3.54915714263916,,
,,173849,,,418.1227684020996,,,,,,
,,173849,,8.325576782226562,,,,,,,
111,,173849,,,,3.545865774154663,-15.78408432006836,-16.261146545410156,3.545865774154663,,
,,173899,,,431.3797950744629,,,,,,
,,173899,,28.82218360900879,,,,,,,
111,,173899,,,,3.5483152866363525,-15.599100112915039,-16.062938690185547,3.5483152866363525,,
,,173949,,,421.86474800109863,,,,,,
,,173949,,9.311199188232422,,,,,,,
111,,173949,,,,3.5523083209991455,-16.178905487060547,-16.65467071533203,3.5523083209991455,,
,,173999,,,426.01919174194336,,,,,,
,,173999,,27.211904525756836,,,,,,,
111,,173999,,,,3.550092935562134,-15.918758392333984,-16.39078140258789,3.550092935562134,,
,,174049,,,432.5118064880371,,,,,,
,,174049,,9.816408157348633,,,,,,,
111,,174049,,,,3.5452520847320557,-15.927806854248047,-16.39818000793457,3.5452520847320557,,
,,174099,,,427.41870880126953,,,,,,
,,174099,,26.796817779541016,,,,,,,
111,,174099,,,,3.5496761798858643,-15.983352661132812,-16.458518981933594,3.5496761798858643,,
,,174149,,,436.4919662475586,,,,,,
,,174149,,9.513378143310547,,,,,,,
111,,174149,,,,3.5437419414520264,-15.964652061462402,-16.42403793334961,3.5437419414520264,,
,,174199,,,432.63721466064453,,,,,,
,,174199,,28.527259826660156,,,,,,,
111,,174199,,,,3.5446879863739014,-15.91395378112793,-16.382680892944336,3.5446879863739014,,
,,174249,,,430.8147430419922,,,,,,
,,174249,,10.15615463256836,,,,,,,
111,,174249,,,,3.553159713745117,-15.798637390136719,-16.26723289489746,3.553159713745117,,
,,174299,,,431.6718578338623,,,,,,
,,174299,,25.65169334411621,,,,,,,
111,,174299,,,,3.5508384704589844,-15.867777824401855,-16.327831268310547,3.5508384704589844,,
,,174349,,,432.9802989959717,,,,,,
,,174349,,9.221553802490234,,,,,,,
111,,174349,,,,3.547183036804199,-16.15398597717285,-16.63329315185547,3.547183036804199,,
,,174399,,,430.7718276977539,,,,,,
,,174399,,30.09486198425293,,,,,,,
111,,174399,,,,3.548520803451538,-16.2022647857666,-16.690448760986328,3.548520803451538,,
,,174449,,,430.59778213500977,,,,,,
,,174449,,8.478164672851562,,,,,,,
111,,174449,,,,3.547358274459839,-16.068187713623047,-16.515853881835938,3.547358274459839,,
,,174499,,,428.1599521636963,,,,,,
,,174499,,27.31919288635254,,,,,,,
111,,174499,,,,3.5444905757904053,-15.915802001953125,-16.389183044433594,3.5444905757904053,,
,,174549,,,432.04212188720703,,,,,,
,,174549,,8.263111114501953,,,,,,,
111,,174549,,,,3.550130605697632,-15.647016525268555,-16.121776580810547,3.550130605697632,,
,,174599,,,424.8790740966797,,,,,,
,,174599,,27.68993377685547,,,,,,,
111,,174599,,,,3.5454018115997314,-15.459382057189941,-15.95361328125,3.5454018115997314,,
,,174649,,,427.4935722351074,,,,,,
,,174649,,8.232355117797852,,,,,,,
111,,174649,,,,3.546804666519165,-15.986981391906738,-16.46742057800293,3.546804666519165,,
,,174699,,,442.54541397094727,,,,,,
,,174699,,26.929140090942383,,,,,,,
111,,174699,,,,3.5550811290740967,-15.774070739746094,-16.246807098388672,3.5550811290740967,,
,,174749,,,428.0815124511719,,,,,,
,,174749,,8.366584777832031,,,,,,,
111,,174749,,,,3.5515096187591553,-15.693466186523438,-16.167783737182617,3.5515096187591553,,
,,174799,,,430.3104877471924,,,,,,
,,174799,,25.8486270904541,,,,,,,
111,,174799,,,,3.5511345863342285,-15.939800262451172,-16.42420768737793,3.5511345863342285,,
,,174849,,,425.8558750152588,,,,,,
,,174849,,9.230613708496094,,,,,,,
111,,174849,,,,3.5517208576202393,-16.051557540893555,-16.550148010253906,3.5517208576202393,,
,,174899,,,432.39402770996094,,,,,,
,,174899,,30.828237533569336,,,,,,,
111,,174899,,,,3.5552611351013184,-15.611080169677734,-16.097938537597656,3.5552611351013184,,
,,174949,,,423.5074520111084,,,,,,
,,174949,,9.160280227661133,,,,,,,
111,,174949,,,,3.5514721870422363,-15.705076217651367,-16.18082046508789,3.5514721870422363,,
,,174999,,,417.6967144012451,,,,,,
,,174999,,25.42567253112793,,,,,,,
111,,174999,,,,3.5538456439971924,-15.752887725830078,-16.210941314697266,3.5538456439971924,,
,,175049,,,418.49350929260254,,,,,,
,,175049,,8.870840072631836,,,,,,,
111,,175049,,,,3.5406787395477295,-16.041839599609375,-16.550504684448242,3.5406787395477295,,
111,,175055,,,,,,,,-15.919123649597168,-16.31432342529297
,,175056,804.7195427417755,,,,,,,,
,0.0003,175056,,,,,,,,,
,,175099,,,420.6819534301758,,,,,,
,,175099,,29.211997985839844,,,,,,,
112,,175099,,,,3.542745351791382,-16.083351135253906,-16.567626953125,3.542745351791382,,
,,175149,,,428.8749694824219,,,,,,
,,175149,,8.272886276245117,,,,,,,
112,,175149,,,,3.5492749214172363,-15.673996925354004,-16.152294158935547,3.5492749214172363,,
,,175199,,,430.35340309143066,,,,,,
,,175199,,25.221824645996094,,,,,,,
112,,175199,,,,3.549170970916748,-16.498809814453125,-16.96049690246582,3.549170970916748,,
,,175249,,,409.5284938812256,,,,,,
,,175249,,8.76474380493164,,,,,,,
112,,175249,,,,3.548892021179199,-16.375518798828125,-16.84801483154297,3.548892021179199,,
,,175299,,,410.57324409484863,,,,,,
,,175299,,28.621912002563477,,,,,,,
112,,175299,,,,3.5456724166870117,-16.279077529907227,-16.755069732666016,3.5456724166870117,,
,,175349,,,407.9558849334717,,,,,,
,,175349,,8.99505615234375,,,,,,,
112,,175349,,,,3.5508439540863037,-16.527400970458984,-16.99742889404297,3.5508439540863037,,
,,175399,,,423.95663261413574,,,,,,
,,175399,,26.60226821899414,,,,,,,
112,,175399,,,,3.550727367401123,-15.795415878295898,-16.252553939819336,3.550727367401123,,
,,175449,,,396.6710567474365,,,,,,
,,175449,,5.623340606689453,,,,,,,
112,,175449,,,,3.5471584796905518,-15.704891204833984,-16.198219299316406,3.5471584796905518,,
,,175499,,,401.02672576904297,,,,,,
,,175499,,22.833824157714844,,,,,,,
112,,175499,,,,3.540935516357422,-15.80415153503418,-16.283002853393555,3.540935516357422,,
,,175549,,,400.07591247558594,,,,,,
,,175549,,5.816459655761719,,,,,,,
112,,175549,,,,3.5523414611816406,-15.647295951843262,-16.13249969482422,3.5523414611816406,,
,,175599,,,397.2139358520508,,,,,,
,,175599,,22.973060607910156,,,,,,,
112,,175599,,,,3.5565364360809326,-16.21109390258789,-16.69414520263672,3.5565364360809326,,
,,175649,,,401.3197422027588,,,,,,
,,175649,,5.808115005493164,,,,,,,
112,,175649,,,,3.5480282306671143,-15.837854385375977,-16.306720733642578,3.5480282306671143,,
,,175699,,,402.66895294189453,,,,,,
,,175699,,23.396015167236328,,,,,,,
112,,175699,,,,3.5568339824676514,-16.24728775024414,-16.71794891357422,3.5568339824676514,,
,,175749,,,411.6363525390625,,,,,,
,,175749,,8.345365524291992,,,,,,,
112,,175749,,,,3.5509300231933594,-15.943233489990234,-16.428268432617188,3.5509300231933594,,
,,175799,,,419.5263385772705,,,,,,
,,175799,,24.597883224487305,,,,,,,
112,,175799,,,,3.553287982940674,-15.956793785095215,-16.41490364074707,3.553287982940674,,
,,175849,,,416.4290428161621,,,,,,
,,175849,,8.5296630859375,,,,,,,
112,,175849,,,,3.5526554584503174,-15.486156463623047,-15.938416481018066,3.5526554584503174,,
,,175899,,,416.8555736541748,,,,,,
,,175899,,23.32139015197754,,,,,,,
112,,175899,,,,3.553453207015991,-15.82262897491455,-16.291217803955078,3.553453207015991,,
,,175949,,,414.5333766937256,,,,,,
,,175949,,8.411645889282227,,,,,,,
112,,175949,,,,3.5452427864074707,-16.020225524902344,-16.50143814086914,3.5452427864074707,,
,,175999,,,413.3744239807129,,,,,,
,,175999,,24.660587310791016,,,,,,,
112,,175999,,,,3.541019916534424,-15.667694091796875,-16.145315170288086,3.541019916534424,,
,,176049,,,418.8106060028076,,,,,,
,,176049,,7.038593292236328,,,,,,,
112,,176049,,,,3.552297353744507,-15.779067039489746,-16.238849639892578,3.552297353744507,,
,,176099,,,415.2383804321289,,,,,,
,,176099,,24.53446388244629,,,,,,,
112,,176099,,,,3.5410587787628174,-15.911520004272461,-16.35140037536621,3.5410587787628174,,
,,176149,,,418.2085990905762,,,,,,
,,176149,,6.802558898925781,,,,,,,
112,,176149,,,,3.5512001514434814,-16.226280212402344,-16.700164794921875,3.5512001514434814,,
,,176199,,,418.2140827178955,,,,,,
,,176199,,24.32727813720703,,,,,,,
112,,176199,,,,3.549670934677124,-15.952676773071289,-16.407012939453125,3.549670934677124,,
,,176249,,,409.93356704711914,,,,,,
,,176249,,6.743192672729492,,,,,,,
112,,176249,,,,3.5498430728912354,-16.165008544921875,-16.64371681213379,3.5498430728912354,,
,,176299,,,417.56439208984375,,,,,,
,,176299,,28.116941452026367,,,,,,,
112,,176299,,,,3.5449442863464355,-16.10946273803711,-16.596233367919922,3.5449442863464355,,
,,176349,,,413.70582580566406,,,,,,
,,176349,,6.799221038818359,,,,,,,
112,,176349,,,,3.543292999267578,-16.248485565185547,-16.74269676208496,3.543292999267578,,
,,176399,,,416.05496406555176,,,,,,
,,176399,,25.807619094848633,,,,,,,
112,,176399,,,,3.5411040782928467,-15.778263092041016,-16.244054794311523,3.5411040782928467,,
,,176449,,,416.65148735046387,,,,,,
,,176449,,8.87918472290039,,,,,,,
112,,176449,,,,3.548731565475464,-15.801159858703613,-16.282133102416992,3.548731565475464,,
,,176499,,,450.1380920410156,,,,,,
,,176499,,29.58059310913086,,,,,,,
112,,176499,,,,3.549561023712158,-16.033424377441406,-16.52142333984375,3.549561023712158,,
,,176549,,,436.1386299133301,,,,,,
,,176549,,10.083913803100586,,,,,,,
112,,176549,,,,3.5478057861328125,-16.152910232543945,-16.650785446166992,3.5478057861328125,,
,,176599,,,435.17065048217773,,,,,,
,,176599,,27.383804321289062,,,,,,,
112,,176599,,,,3.5458779335021973,-16.214284896850586,-16.693510055541992,3.5458779335021973,,
112,,176618,,,,,,,,-15.920663833618164,-16.31793212890625
,,176619,780.603942155838,,,,,,,,
,0.0003,176619,,,,,,,,,
,,176649,,,427.95419692993164,,,,,,
,,176649,,9.909868240356445,,,,,,,
113,,176649,,,,3.5522944927215576,-16.09185791015625,-16.560901641845703,3.5522944927215576,,
,,176699,,,430.5837154388428,,,,,,
,,176699,,27.103424072265625,,,,,,,
113,,176699,,,,3.551405668258667,-16.124298095703125,-16.604768753051758,3.551405668258667,,
,,176749,,,433.3627223968506,,,,,,
,,176749,,9.43613052368164,,,,,,,
113,,176749,,,,3.547443389892578,-15.927789688110352,-16.401369094848633,3.547443389892578,,
,,176799,,,427.17838287353516,,,,,,
,,176799,,30.074119567871094,,,,,,,
113,,176799,,,,3.546128988265991,-16.130643844604492,-16.596555709838867,3.546128988265991,,
,,176849,,,430.8047294616699,,,,,,
,,176849,,8.421659469604492,,,,,,,
113,,176849,,,,3.544952869415283,-15.61878490447998,-16.08536720275879,3.544952869415283,,
,,176899,,,434.07464027404785,,,,,,
,,176899,,27.002573013305664,,,,,,,
113,,176899,,,,3.5429208278656006,-16.038410186767578,-16.512741088867188,3.5429208278656006,,
,,176949,,,428.62606048583984,,,,,,
,,176949,,8.997917175292969,,,,,,,
113,,176949,,,,3.5452771186828613,-16.13533592224121,-16.630104064941406,3.5452771186828613,,
,,176999,,,416.97049140930176,,,,,,
,,176999,,30.07030487060547,,,,,,,
113,,176999,,,,3.552102565765381,-16.049882888793945,-16.514245986938477,3.552102565765381,,
,,177049,,,399.8856544494629,,,,,,
,,177049,,7.311344146728516,,,,,,,
113,,177049,,,,3.553395986557007,-16.18568992614746,-16.65005874633789,3.553395986557007,,
,,177099,,,407.40370750427246,,,,,,
,,177099,,25.41971206665039,,,,,,,
113,,177099,,,,3.5561439990997314,-15.663717269897461,-16.135997772216797,3.5561439990997314,,
,,177149,,,409.55615043640137,,,,,,
,,177149,,8.522272109985352,,,,,,,
113,,177149,,,,3.5503509044647217,-16.11020278930664,-16.593494415283203,3.5503509044647217,,
,,177199,,,411.8061065673828,,,,,,
,,177199,,26.643753051757812,,,,,,,
113,,177199,,,,3.544177532196045,-15.430906295776367,-15.9124116897583,3.544177532196045,,
,,177249,,,418.9414978027344,,,,,,
,,177249,,8.481264114379883,,,,,,,
113,,177249,,,,3.5484001636505127,-16.0301513671875,-16.53011131286621,3.5484001636505127,,
,,177299,,,414.92247581481934,,,,,,
,,177299,,27.662992477416992,,,,,,,
113,,177299,,,,3.5412566661834717,-15.984212875366211,-16.45282745361328,3.5412566661834717,,
,,177349,,,417.4635410308838,,,,,,
,,177349,,6.886959075927734,,,,,,,
113,,177349,,,,3.5511326789855957,-15.852531433105469,-16.33614730834961,3.5511326789855957,,
,,177399,,,413.10834884643555,,,,,,
,,177399,,25.35271644592285,,,,,,,
113,,177399,,,,3.551929235458374,-15.828410148620605,-16.31226921081543,3.551929235458374,,
,,177449,,,414.25275802612305,,,,,,
,,177449,,6.979703903198242,,,,,,,
113,,177449,,,,3.5463643074035645,-16.016983032226562,-16.48317527770996,3.5463643074035645,,
,,177499,,,418.6086654663086,,,,,,
,,177499,,27.178287506103516,,,,,,,
113,,177499,,,,3.540175199508667,-16.158740997314453,-16.647127151489258,3.540175199508667,,
,,177549,,,411.48972511291504,,,,,,
,,177549,,8.062124252319336,,,,,,,
113,,177549,,,,3.5542941093444824,-15.862375259399414,-16.327367782592773,3.5542941093444824,,
,,177599,,,412.6710891723633,,,,,,
,,177599,,24.977445602416992,,,,,,,
113,,177599,,,,3.5488803386688232,-16.240463256835938,-16.710355758666992,3.5488803386688232,,
,,177649,,,414.36195373535156,,,,,,
,,177649,,6.646871566772461,,,,,,,
113,,177649,,,,3.5469014644622803,-15.950485229492188,-16.42766761779785,3.5469014644622803,,
,,177699,,,418.64705085754395,,,,,,
,,177699,,27.38785743713379,,,,,,,
113,,177699,,,,3.547443389892578,-15.86952018737793,-16.340423583984375,3.547443389892578,,
,,177749,,,414.8898124694824,,,,,,
,,177749,,7.514715194702148,,,,,,,
113,,177749,,,,3.5532078742980957,-16.002094268798828,-16.494688034057617,3.5532078742980957,,
,,177799,,,415.3623580932617,,,,,,
,,177799,,28.82671356201172,,,,,,,
113,,177799,,,,3.5490100383758545,-16.228042602539062,-16.713233947753906,3.5490100383758545,,
,,177849,,,420.58491706848145,,,,,,
,,177849,,8.498430252075195,,,,,,,
113,,177849,,,,3.5522727966308594,-15.955026626586914,-16.448728561401367,3.5522727966308594,,
,,177899,,,411.13805770874023,,,,,,
,,177899,,27.837514877319336,,,,,,,
113,,177899,,,,3.547774076461792,-16.156471252441406,-16.6179141998291,3.547774076461792,,
,,177949,,,413.0074977874756,,,,,,
,,177949,,8.40616226196289,,,,,,,
113,,177949,,,,3.5466105937957764,-15.76439094543457,-16.24146842956543,3.5466105937957764,,
,,177999,,,414.05177116394043,,,,,,
,,177999,,27.936458587646484,,,,,,,
113,,177999,,,,3.54876971244812,-15.914107322692871,-16.408206939697266,3.54876971244812,,
,,178049,,,413.75732421875,,,,,,
,,178049,,5.673646926879883,,,,,,,
113,,178049,,,,3.549318790435791,-16.09756088256836,-16.555458068847656,3.549318790435791,,
,,178099,,,415.5278205871582,,,,,,
,,178099,,25.545358657836914,,,,,,,
113,,178099,,,,3.54974365234375,-15.511398315429688,-16.004467010498047,3.54974365234375,,
,,178149,,,404.5999050140381,,,,,,
,,178149,,5.715847015380859,,,,,,,
113,,178149,,,,3.543671131134033,-16.182472229003906,-16.66602897644043,3.543671131134033,,
113,,178181,,,,,,,,-15.916096687316895,-16.31268882751465
,,178182,784.6382887363434,,,,,,,,
,0.0003,178182,,,,,,,,,
,,178199,,,428.5292625427246,,,,,,
,,178199,,29.881954193115234,,,,,,,
114,,178199,,,,3.541560649871826,-15.755650520324707,-16.221731185913086,3.541560649871826,,
,,178249,,,432.8892230987549,,,,,,
,,178249,,10.39433479309082,,,,,,,
114,,178249,,,,3.5583691596984863,-16.07939910888672,-16.550121307373047,3.5583691596984863,,
,,178299,,,422.8339195251465,,,,,,
,,178299,,25.98285675048828,,,,,,,
114,,178299,,,,3.5488240718841553,-15.945781707763672,-16.40959930419922,3.5488240718841553,,
,,178349,,,425.234317779541,,,,,,
,,178349,,8.362770080566406,,,,,,,
114,,178349,,,,3.5524144172668457,-16.169376373291016,-16.654762268066406,3.5524144172668457,,
,,178399,,,426.7442226409912,,,,,,
,,178399,,25.759458541870117,,,,,,,
114,,178399,,,,3.552253007888794,-16.023876190185547,-16.495147705078125,3.552253007888794,,
,,178449,,,424.9875545501709,,,,,,
,,178449,,8.445501327514648,,,,,,,
114,,178449,,,,3.544016122817993,-16.129783630371094,-16.589818954467773,3.544016122817993,,
,,178499,,,428.7426471710205,,,,,,
,,178499,,26.11684799194336,,,,,,,
114,,178499,,,,3.5560412406921387,-15.446380615234375,-15.914413452148438,3.5560412406921387,,
,,178549,,,426.8925189971924,,,,,,
,,178549,,8.086681365966797,,,,,,,
114,,178549,,,,3.551732301712036,-16.053394317626953,-16.514312744140625,3.551732301712036,,
,,178599,,,428.6501407623291,,,,,,
,,178599,,25.3140926361084,,,,,,,
114,,178599,,,,3.5455026626586914,-16.321584701538086,-16.817909240722656,3.5455026626586914,,
,,178649,,,435.02211570739746,,,,,,
,,178649,,9.600162506103516,,,,,,,
114,,178649,,,,3.5528275966644287,-16.017242431640625,-16.492834091186523,3.5528275966644287,,
,,178699,,,433.61735343933105,,,,,,
,,178699,,27.00018882751465,,,,,,,
114,,178699,,,,3.544151544570923,-15.438213348388672,-15.91277027130127,3.544151544570923,,
,,178749,,,427.40511894226074,,,,,,
,,178749,,8.512020111083984,,,,,,,
114,,178749,,,,3.5438714027404785,-16.26771354675293,-16.745161056518555,3.5438714027404785,,
,,178799,,,418.1349277496338,,,,,,
,,178799,,25.336027145385742,,,,,,,
114,,178799,,,,3.539628744125366,-16.193443298339844,-16.676687240600586,3.539628744125366,,
,,178849,,,428.6775588989258,,,,,,
,,178849,,8.697509765625,,,,,,,
114,,178849,,,,3.5472936630249023,-15.439079284667969,-15.908026695251465,3.5472936630249023,,
,,178899,,,431.3626289367676,,,,,,
,,178899,,28.81908416748047,,,,,,,
114,,178899,,,,3.554248571395874,-16.02017593383789,-16.50589370727539,3.554248571395874,,
,,178949,,,436.42592430114746,,,,,,
,,178949,,8.51297378540039,,,,,,,
114,,178949,,,,3.5430891513824463,-15.773773193359375,-16.233009338378906,3.5430891513824463,,
,,178999,,,429.0623664855957,,,,,,
,,178999,,30.028343200683594,,,,,,,
114,,178999,,,,3.5424320697784424,-16.107643127441406,-16.59339141845703,3.5424320697784424,,
,,179049,,,428.8651943206787,,,,,,
,,179049,,9.565591812133789,,,,,,,
114,,179049,,,,3.5456438064575195,-15.515345573425293,-15.984541893005371,3.5456438064575195,,
,,179099,,,426.91683769226074,,,,,,
,,179099,,25.149822235107422,,,,,,,
114,,179099,,,,3.5514819622039795,-16.317352294921875,-16.802682876586914,3.5514819622039795,,
,,179149,,,426.7840385437012,,,,,,
,,179149,,8.027315139770508,,,,,,,
114,,179149,,,,3.5524425506591797,-15.572341918945312,-16.029481887817383,3.5524425506591797,,
,,179199,,,427.1383285522461,,,,,,
,,179199,,29.397010803222656,,,,,,,
114,,179199,,,,3.549405336380005,-16.0300350189209,-16.502397537231445,3.549405336380005,,
,,179249,,,426.17058753967285,,,,,,
,,179249,,8.551597595214844,,,,,,,
114,,179249,,,,3.5505053997039795,-16.20265769958496,-16.659793853759766,3.5505053997039795,,
,,179299,,,416.70846939086914,,,,,,
,,179299,,25.47764778137207,,,,,,,
114,,179299,,,,3.558077096939087,-15.632171630859375,-16.10554313659668,3.558077096939087,,
,,179349,,,429.74376678466797,,,,,,
,,179349,,8.261919021606445,,,,,,,
114,,179349,,,,3.5469970703125,-15.904000282287598,-16.377113342285156,3.5469970703125,,
,,179399,,,427.23751068115234,,,,,,
,,179399,,25.263547897338867,,,,,,,
114,,179399,,,,3.5514755249023438,-16.105968475341797,-16.57762336730957,3.5514755249023438,,
,,179449,,,422.9693412780762,,,,,,
,,179449,,7.634639739990234,,,,,,,
114,,179449,,,,3.5529050827026367,-15.918033599853516,-16.380300521850586,3.5529050827026367,,
,,179499,,,420.34339904785156,,,,,,
,,179499,,26.056528091430664,,,,,,,
114,,179499,,,,3.552065134048462,-15.841431617736816,-16.296560287475586,3.552065134048462,,
,,179549,,,428.0366897583008,,,,,,
,,179549,,9.505987167358398,,,,,,,
114,,179549,,,,3.543748140335083,-16.040897369384766,-16.48604393005371,3.543748140335083,,
,,179599,,,421.60797119140625,,,,,,
,,179599,,25.087833404541016,,,,,,,
114,,179599,,,,3.548306465148926,-15.96691608428955,-16.44499397277832,3.548306465148926,,
,,179649,,,432.31892585754395,,,,,,
,,179649,,9.58395004272461,,,,,,,
114,,179649,,,,3.550462484359741,-16.0677490234375,-16.53683853149414,3.550462484359741,,
,,179699,,,412.0173454284668,,,,,,
,,179699,,22.818565368652344,,,,,,,
114,,179699,,,,3.5446462631225586,-16.00570297241211,-16.495500564575195,3.5446462631225586,,
114,,179744,,,,,,,,-15.92149829864502,-16.316192626953125
,,179745,800.0757346153259,,,,,,,,
,0.0003,179745,,,,,,,,,
,,179749,,,408.6427688598633,,,,,,
,,179749,,5.717039108276367,,,,,,,
115,,179749,,,,3.5523650646209717,-16.39984893798828,-16.863933563232422,3.5523650646209717,,
,,179799,,,412.10412979125977,,,,,,
,,179799,,27.39405632019043,,,,,,,
115,,179799,,,,3.5529637336730957,-16.04241180419922,-16.51529312133789,3.5529637336730957,,
,,179849,,,414.8292541503906,,,,,,
,,179849,,8.286714553833008,,,,,,,
115,,179849,,,,3.544398069381714,-16.1544189453125,-16.602907180786133,3.544398069381714,,
,,179899,,,418.2884693145752,,,,,,
,,179899,,24.7039794921875,,,,,,,
115,,179899,,,,3.557230234146118,-15.891552925109863,-16.359046936035156,3.557230234146118,,
,,179949,,,411.0240936279297,,,,,,
,,179949,,6.5860748291015625,,,,,,,
115,,179949,,,,3.547801971435547,-16.420827865600586,-16.897926330566406,3.547801971435547,,
,,179999,,,414.96920585632324,,,,,,
,,179999,,24.831056594848633,,,,,,,
115,,179999,,,,3.5492098331451416,-15.789082527160645,-16.265056610107422,3.5492098331451416,,
,,180049,,,413.2044315338135,,,,,,
,,180049,,5.673408508300781,,,,,,,
115,,180049,,,,3.5457613468170166,-15.956298828125,-16.428308486938477,3.5457613468170166,,
,,180099,,,411.2710952758789,,,,,,
,,180099,,22.827625274658203,,,,,,,
115,,180099,,,,3.550325870513916,-15.958120346069336,-16.429107666015625,3.550325870513916,,
,,180149,,,423.77209663391113,,,,,,
,,180149,,8.58759880065918,,,,,,,
115,,180149,,,,3.5510191917419434,-16.097030639648438,-16.5563907623291,3.5510191917419434,,
,,180199,,,419.3546772003174,,,,,,
,,180199,,24.91617202758789,,,,,,,
115,,180199,,,,3.5471959114074707,-16.18450927734375,-16.66448402404785,3.5471959114074707,,
,,180249,,,428.0385971069336,,,,,,
,,180249,,8.6517333984375,,,,,,,
115,,180249,,,,3.543799877166748,-15.825370788574219,-16.291545867919922,3.543799877166748,,
,,180299,,,432.7528476715088,,,,,,
,,180299,,25.92778205871582,,,,,,,
115,,180299,,,,3.547990083694458,-15.633384704589844,-16.100370407104492,3.547990083694458,,
,,180349,,,425.56309700012207,,,,,,
,,180349,,8.380651473999023,,,,,,,
115,,180349,,,,3.545480251312256,-16.42799186706543,-16.900596618652344,3.545480251312256,,
,,180399,,,426.00321769714355,,,,,,
,,180399,,27.698755264282227,,,,,,,
115,,180399,,,,3.5464773178100586,-16.369415283203125,-16.832561492919922,3.5464773178100586,,
,,180449,,,436.76042556762695,,,,,,
,,180449,,9.068012237548828,,,,,,,
115,,180449,,,,3.5461840629577637,-16.07511329650879,-16.5555362701416,3.5461840629577637,,
,,180499,,,430.91511726379395,,,,,,
,,180499,,26.81756019592285,,,,,,,
115,,180499,,,,3.543184995651245,-16.272327423095703,-16.72938346862793,3.543184995651245,,
,,180549,,,422.9722023010254,,,,,,
,,180549,,10.189294815063477,,,,,,,
115,,180549,,,,3.549579381942749,-15.821512222290039,-16.281810760498047,3.549579381942749,,
,,180599,,,424.3922233581543,,,,,,
,,180599,,27.71162986755371,,,,,,,
115,,180599,,,,3.5504186153411865,-16.20126724243164,-16.6575927734375,3.5504186153411865,,
,,180649,,,431.47873878479004,,,,,,
,,180649,,8.307933807373047,,,,,,,
115,,180649,,,,3.557762622833252,-16.023195266723633,-16.50877571105957,3.557762622833252,,
,,180699,,,429.5194149017334,,,,,,
,,180699,,30.687332153320312,,,,,,,
115,,180699,,,,3.5608301162719727,-15.856733322143555,-16.32434844970703,3.5608301162719727,,
,,180749,,,437.7133846282959,,,,,,
,,180749,,9.59014892578125,,,,,,,
115,,180749,,,,3.5464556217193604,-16.187301635742188,-16.66151237487793,3.5464556217193604,,
,,180799,,,428.9076328277588,,,,,,
,,180799,,27.09197998046875,,,,,,,
115,,180799,,,,3.549677610397339,-15.904603958129883,-16.35692024230957,3.549677610397339,,
,,180849,,,438.3218288421631,,,,,,
,,180849,,10.27822494506836,,,,,,,
115,,180849,,,,3.548617362976074,-16.014848709106445,-16.47789764404297,3.548617362976074,,
,,180899,,,439.5430088043213,,,,,,
,,180899,,27.060508728027344,,,,,,,
115,,180899,,,,3.55477237701416,-15.993653297424316,-16.46143341064453,3.55477237701416,,
,,180949,,,434.5266819000244,,,,,,
,,180949,,8.50677490234375,,,,,,,
115,,180949,,,,3.5590343475341797,-15.958765029907227,-16.438650131225586,3.5590343475341797,,
,,180999,,,429.61692810058594,,,,,,
,,180999,,29.854774475097656,,,,,,,
115,,180999,,,,3.554164409637451,-16.256763458251953,-16.754667282104492,3.554164409637451,,
,,181049,,,839.505672454834,,,,,,
,,181049,,8.253097534179688,,,,,,,
115,,181049,,,,3.544240951538086,-16.22188949584961,-16.698049545288086,3.544240951538086,,
,,181099,,,433.9306354522705,,,,,,
,,181099,,26.952743530273438,,,,,,,
115,,181099,,,,3.5446887016296387,-16.134716033935547,-16.631511688232422,3.5446887016296387,,
,,181149,,,434.8466396331787,,,,,,
,,181149,,9.34910774230957,,,,,,,
115,,181149,,,,3.5506269931793213,-15.507087707519531,-15.97496509552002,3.5506269931793213,,
,,181199,,,435.11295318603516,,,,,,
,,181199,,27.12273597717285,,,,,,,
115,,181199,,,,3.5467445850372314,-15.906624794006348,-16.384340286254883,3.5467445850372314,,
,,181249,,,431.9305419921875,,,,,,
,,181249,,10.595321655273438,,,,,,,
115,,181249,,,,3.553314447402954,-15.802978515625,-16.263822555541992,3.553314447402954,,
,,181299,,,416.9180393218994,,,,,,
,,181299,,27.32062339782715,,,,,,,
115,,181299,,,,3.5487172603607178,-15.69859504699707,-16.166776657104492,3.5487172603607178,,
115,,181307,,,,,,,,-15.916563987731934,-16.316123962402344
,,181308,803.6978328227997,,,,,,,,
,0.0003,181308,,,,,,,,,
,,181349,,,427.12855339050293,,,,,,
,,181349,,7.494449615478516,,,,,,,
116,,181349,,,,3.544722318649292,-15.849138259887695,-16.327312469482422,3.544722318649292,,
,,181399,,,421.71359062194824,,,,,,
,,181399,,28.766632080078125,,,,,,,
116,,181399,,,,3.5459511280059814,-15.71989631652832,-16.187162399291992,3.5459511280059814,,
,,181449,,,415.65513610839844,,,,,,
,,181449,,5.740642547607422,,,,,,,
116,,181449,,,,3.5483226776123047,-16.08213233947754,-16.572839736938477,3.5483226776123047,,
,,181499,,,426.78356170654297,,,,,,
,,181499,,28.06830406188965,,,,,,,
116,,181499,,,,3.552302360534668,-16.115440368652344,-16.60420799255371,3.552302360534668,,
,,181549,,,423.5689640045166,,,,,,
,,181549,,8.112907409667969,,,,,,,
116,,181549,,,,3.544790029525757,-16.098217010498047,-16.551679611206055,3.544790029525757,,
,,181599,,,421.2815761566162,,,,,,
,,181599,,27.5728702545166,,,,,,,
116,,181599,,,,3.5476629734039307,-15.747366905212402,-16.219789505004883,3.5476629734039307,,
,,181649,,,413.0384922027588,,,,,,
,,181649,,8.083343505859375,,,,,,,
116,,181649,,,,3.5490660667419434,-15.86671257019043,-16.346784591674805,3.5490660667419434,,
,,181699,,,417.38200187683105,,,,,,
,,181699,,24.72376823425293,,,,,,,
116,,181699,,,,3.5497522354125977,-15.862335205078125,-16.366640090942383,3.5497522354125977,,
,,181749,,,418.1077480316162,,,,,,
,,181749,,7.413148880004883,,,,,,,
116,,181749,,,,3.5528295040130615,-15.634401321411133,-16.083778381347656,3.5528295040130615,,
,,181799,,,416.96619987487793,,,,,,
,,181799,,23.625850677490234,,,,,,,
116,,181799,,,,3.547213554382324,-15.34947681427002,-15.816315650939941,3.547213554382324,,
,,181849,,,413.2094383239746,,,,,,
,,181849,,8.50534439086914,,,,,,,
116,,181849,,,,3.541501998901367,-16.175277709960938,-16.644750595092773,3.541501998901367,,
,,181899,,,413.6826992034912,,,,,,
,,181899,,27.549028396606445,,,,,,,
116,,181899,,,,3.548024892807007,-16.0130558013916,-16.481348037719727,3.548024892807007,,
,,181949,,,414.42275047302246,,,,,,
,,181949,,8.490800857543945,,,,,,,
116,,181949,,,,3.548459053039551,-15.641460418701172,-16.11491584777832,3.548459053039551,,
,,181999,,,417.52171516418457,,,,,,
,,181999,,26.607751846313477,,,,,,,
116,,181999,,,,3.5500240325927734,-16.0700626373291,-16.54437255859375,3.5500240325927734,,
,,182049,,,418.7784194946289,,,,,,
,,182049,,7.956504821777344,,,,,,,
116,,182049,,,,3.5498790740966797,-15.988275527954102,-16.465917587280273,3.5498790740966797,,
,,182099,,,412.1124744415283,,,,,,
,,182099,,25.91872215270996,,,,,,,
116,,182099,,,,3.55009388923645,-15.943391799926758,-16.41239356994629,3.55009388923645,,
,,182149,,,417.91462898254395,,,,,,
,,182149,,8.571863174438477,,,,,,,
116,,182149,,,,3.546004056930542,-15.843429565429688,-16.29364013671875,3.546004056930542,,
,,182199,,,418.2171821594238,,,,,,
,,182199,,28.189897537231445,,,,,,,
116,,182199,,,,3.5539445877075195,-16.151334762573242,-16.63960838317871,3.5539445877075195,,
,,182249,,,418.24889183044434,,,,,,
,,182249,,7.678747177124023,,,,,,,
116,,182249,,,,3.554971933364868,-16.02510643005371,-16.5169677734375,3.554971933364868,,
,,182299,,,416.4750576019287,,,,,,
,,182299,,25.1009464263916,,,,,,,
116,,182299,,,,3.537911891937256,-15.831332206726074,-16.30828285217285,3.537911891937256,,
,,182349,,,399.7764587402344,,,,,,
,,182349,,5.720615386962891,,,,,,,
116,,182349,,,,3.5516107082366943,-16.368663787841797,-16.856809616088867,3.5516107082366943,,
,,182399,,,414.86263275146484,,,,,,
,,182399,,23.802995681762695,,,,,,,
116,,182399,,,,3.556690216064453,-15.784161567687988,-16.249515533447266,3.556690216064453,,
,,182449,,,415.38286209106445,,,,,,
,,182449,,6.040334701538086,,,,,,,
116,,182449,,,,3.5476958751678467,-16.215511322021484,-16.710052490234375,3.5476958751678467,,
,,182499,,,414.80445861816406,,,,,,
,,182499,,24.600744247436523,,,,,,,
116,,182499,,,,3.5520083904266357,-15.696218490600586,-16.179311752319336,3.5520083904266357,,
,,182549,,,420.9742546081543,,,,,,
,,182549,,6.259918212890625,,,,,,,
116,,182549,,,,3.5484120845794678,-15.654573440551758,-16.113067626953125,3.5484120845794678,,
,,182599,,,416.0892963409424,,,,,,
,,182599,,24.89781379699707,,,,,,,
116,,182599,,,,3.553629159927368,-15.852176666259766,-16.307889938354492,3.553629159927368,,
,,182649,,,412.86182403564453,,,,,,
,,182649,,7.680416107177734,,,,,,,
116,,182649,,,,3.541388511657715,-15.616249084472656,-16.114397048950195,3.541388511657715,,
,,182699,,,419.73423957824707,,,,,,
,,182699,,24.031400680541992,,,,,,,
116,,182699,,,,3.547769069671631,-16.172901153564453,-16.67689323425293,3.547769069671631,,
,,182749,,,417.2670841217041,,,,,,
,,182749,,6.982088088989258,,,,,,,
116,,182749,,,,3.547971725463867,-16.041637420654297,-16.529788970947266,3.547971725463867,,
,,182799,,,430.2024841308594,,,,,,
,,182799,,28.191328048706055,,,,,,,
116,,182799,,,,3.549766778945923,-16.099830627441406,-16.588693618774414,3.549766778945923,,
,,182849,,,423.85101318359375,,,,,,
,,182849,,7.021665573120117,,,,,,,
116,,182849,,,,3.54643177986145,-16.049232482910156,-16.50246238708496,3.54643177986145,,
116,,182870,,,,,,,,-15.92232608795166,-16.317508697509766
,,182871,785.6831510066986,,,,,,,,
,0.0003,182871,,,,,,,,,
,,182899,,,412.5967025756836,,,,,,
,,182899,,27.060747146606445,,,,,,,
117,,182899,,,,3.5509276390075684,-15.765546798706055,-16.253610610961914,3.5509276390075684,,
,,182949,,,405.9927463531494,,,,,,
,,182949,,5.687236785888672,,,,,,,
117,,182949,,,,3.548637628555298,-16.057104110717773,-16.514629364013672,3.548637628555298,,
,,182999,,,400.4065990447998,,,,,,
,,182999,,25.485515594482422,,,,,,,
117,,182999,,,,3.5501420497894287,-15.955430030822754,-16.404172897338867,3.5501420497894287,,
,,183049,,,405.9724807739258,,,,,,
,,183049,,8.150815963745117,,,,,,,
117,,183049,,,,3.544342517852783,-16.098451614379883,-16.578815460205078,3.544342517852783,,
,,183099,,,414.4890308380127,,,,,,
,,183099,,26.83401107788086,,,,,,,
117,,183099,,,,3.5493547916412354,-16.090930938720703,-16.54535484313965,3.5493547916412354,,
,,183149,,,407.0611000061035,,,,,,
,,183149,,8.309125900268555,,,,,,,
117,,183149,,,,3.548733711242676,-15.8408842086792,-16.317773818969727,3.548733711242676,,
,,183199,,,411.76819801330566,,,,,,
,,183199,,26.45397186279297,,,,,,,
117,,183199,,,,3.553493022918701,-15.608831405639648,-16.0809326171875,3.553493022918701,,
,,183249,,,403.8381576538086,,,,,,
,,183249,,6.6852569580078125,,,,,,,
117,,183249,,,,3.5482451915740967,-16.08734893798828,-16.570642471313477,3.5482451915740967,,
,,183299,,,409.9094867706299,,,,,,
,,183299,,29.47092056274414,,,,,,,
117,,183299,,,,3.5425944328308105,-15.82840347290039,-16.307785034179688,3.5425944328308105,,
,,183349,,,400.66051483154297,,,,,,
,,183349,,5.759239196777344,,,,,,,
117,,183349,,,,3.5466933250427246,-15.94118881225586,-16.416757583618164,3.5466933250427246,,
,,183399,,,397.94445037841797,,,,,,
,,183399,,23.63109588623047,,,,,,,
117,,183399,,,,3.5464534759521484,-15.932455062866211,-16.408201217651367,3.5464534759521484,,
,,183449,,,414.47949409484863,,,,,,
,,183449,,5.564212799072266,,,,,,,
117,,183449,,,,3.546952247619629,-16.15511703491211,-16.630788803100586,3.546952247619629,,
,,183499,,,408.07247161865234,,,,,,
,,183499,,23.16737174987793,,,,,,,
117,,183499,,,,3.555089235305786,-15.888778686523438,-16.36111831665039,3.555089235305786,,
,,183549,,,416.0046577453613,,,,,,
,,183549,,5.6056976318359375,,,,,,,
117,,183549,,,,3.546334743499756,-16.217758178710938,-16.705265045166016,3.546334743499756,,
,,183599,,,407.7415466308594,,,,,,
,,183599,,23.21004867553711,,,,,,,
117,,183599,,,,3.5456454753875732,-15.962459564208984,-16.443662643432617,3.5456454753875732,,
,,183649,,,416.45073890686035,,,,,,
,,183649,,7.7953338623046875,,,,,,,
117,,183649,,,,3.5502984523773193,-16.129623413085938,-16.599550247192383,3.5502984523773193,,
,,183699,,,406.4192771911621,,,,,,
,,183699,,28.640270233154297,,,,,,,
117,,183699,,,,3.5493297576904297,-16.2540225982666,-16.73410415649414,3.5493297576904297,,
,,183749,,,415.3904914855957,,,,,,
,,183749,,8.14199447631836,,,,,,,
117,,183749,,,,3.5499794483184814,-16.08165740966797,-16.56049919128418,3.5499794483184814,,
,,183799,,,406.60691261291504,,,,,,
,,183799,,23.531198501586914,,,,,,,
117,,183799,,,,3.5445339679718018,-15.866055488586426,-16.34158706665039,3.5445339679718018,,
,,183849,,,414.17908668518066,,,,,,
,,183849,,5.612373352050781,,,,,,,
117,,183849,,,,3.5579192638397217,-16.351558685302734,-16.823457717895508,3.5579192638397217,,
,,183899,,,411.30590438842773,,,,,,
,,183899,,23.557662963867188,,,,,,,
117,,183899,,,,3.545349597930908,-16.10182762145996,-16.563274383544922,3.545349597930908,,
,,183949,,,404.74438667297363,,,,,,
,,183949,,5.606889724731445,,,,,,,
117,,183949,,,,3.547783851623535,-15.863715171813965,-16.295001983642578,3.547783851623535,,
,,183999,,,410.886287689209,,,,,,
,,183999,,23.543119430541992,,,,,,,
117,,183999,,,,3.5496461391448975,-16.061124801635742,-16.51421546936035,3.5496461391448975,,
,,184049,,,406.2318801879883,,,,,,
,,184049,,5.658626556396484,,,,,,,
117,,184049,,,,3.5463030338287354,-16.28702163696289,-16.76421356201172,3.5463030338287354,,
,,184099,,,413.6538505554199,,,,,,
,,184099,,22.96137809753418,,,,,,,
117,,184099,,,,3.5504631996154785,-15.819967269897461,-16.27871322631836,3.5504631996154785,,
,,184149,,,411.6947650909424,,,,,,
,,184149,,5.538702011108398,,,,,,,
117,,184149,,,,3.550661563873291,-15.5246000289917,-15.996203422546387,3.550661563873291,,
,,184199,,,412.4565124511719,,,,,,
,,184199,,27.685880661010742,,,,,,,
117,,184199,,,,3.5505285263061523,-15.797828674316406,-16.276784896850586,3.5505285263061523,,
,,184249,,,412.1725559234619,,,,,,
,,184249,,8.075952529907227,,,,,,,
117,,184249,,,,3.547982692718506,-16.36056137084961,-16.84022331237793,3.547982692718506,,
,,184299,,,399.10268783569336,,,,,,
,,184299,,27.9388427734375,,,,,,,
117,,184299,,,,3.545207977294922,-15.76416015625,-16.260988235473633,3.545207977294922,,
,,184349,,,422.22046852111816,,,,,,
,,184349,,7.034540176391602,,,,,,,
117,,184349,,,,3.548471689224243,-15.98386001586914,-16.462779998779297,3.548471689224243,,
,,184399,,,409.4052314758301,,,,,,
,,184399,,26.53360366821289,,,,,,,
117,,184399,,,,3.551448345184326,-15.596952438354492,-16.073583602905273,3.551448345184326,,
117,,184433,,,,,,,,-15.922883033752441,-16.320714950561523
,,184434,771.8335516452789,,,,,,,,
,0.0003,184434,,,,,,,,,
,,184449,,,420.5670356750488,,,,,,
,,184449,,7.108449935913086,,,,,,,
118,,184449,,,,3.551162004470825,-16.144107818603516,-16.61170768737793,3.551162004470825,,
,,184499,,,404.86764907836914,,,,,,
,,184499,,23.263216018676758,,,,,,,
118,,184499,,,,3.538332939147949,-16.381729125976562,-16.856849670410156,3.538332939147949,,
,,184549,,,422.8847026824951,,,,,,
,,184549,,6.892919540405273,,,,,,,
118,,184549,,,,3.542154550552368,-15.978033065795898,-16.45366859436035,3.542154550552368,,
,,184599,,,412.87970542907715,,,,,,
,,184599,,23.26202392578125,,,,,,,
118,,184599,,,,3.5414366722106934,-15.933745384216309,-16.40235710144043,3.5414366722106934,,
,,184649,,,413.30742835998535,,,,,,
,,184649,,7.34710693359375,,,,,,,
118,,184649,,,,3.555692672729492,-15.656959533691406,-16.114347457885742,3.555692672729492,,
,,184699,,,415.6994819641113,,,,,,
,,184699,,23.204565048217773,,,,,,,
118,,184699,,,,3.5420265197753906,-15.835004806518555,-16.291139602661133,3.5420265197753906,,
,,184749,,,408.7808132171631,,,,,,
,,184749,,8.306741714477539,,,,,,,
118,,184749,,,,3.5541515350341797,-15.769735336303711,-16.2304630279541,3.5541515350341797,,
,,184799,,,409.12675857543945,,,,,,
,,184799,,23.181676864624023,,,,,,,
118,,184799,,,,3.5458343029022217,-15.992738723754883,-16.47058868408203,3.5458343029022217,,
,,184849,,,397.7503776550293,,,,,,
,,184849,,8.318662643432617,,,,,,,
118,,184849,,,,3.5480611324310303,-16.601478576660156,-17.085222244262695,3.5480611324310303,,
,,184899,,,409.2216491699219,,,,,,
,,184899,,23.339271545410156,,,,,,,
118,,184899,,,,3.550135374069214,-15.968399047851562,-16.451751708984375,3.550135374069214,,
,,184949,,,424.82948303222656,,,,,,
,,184949,,8.04758071899414,,,,,,,
118,,184949,,,,3.5478880405426025,-16.224689483642578,-16.712657928466797,3.5478880405426025,,
,,184999,,,408.49852561950684,,,,,,
,,184999,,23.250579833984375,,,,,,,
118,,184999,,,,3.551767110824585,-15.785303115844727,-16.257944107055664,3.551767110824585,,
,,185049,,,411.0522270202637,,,,,,
,,185049,,8.011579513549805,,,,,,,
118,,185049,,,,3.541996955871582,-16.313140869140625,-16.79730796813965,3.541996955871582,,
,,185099,,,419.07739639282227,,,,,,
,,185099,,26.663541793823242,,,,,,,
118,,185099,,,,3.555013418197632,-16.02570152282715,-16.491483688354492,3.555013418197632,,
,,185149,,,413.62524032592773,,,,,,
,,185149,,5.608320236206055,,,,,,,
118,,185149,,,,3.5517022609710693,-15.782894134521484,-16.24736976623535,3.5517022609710693,,
,,185199,,,412.07361221313477,,,,,,
,,185199,,26.81732177734375,,,,,,,
118,,185199,,,,3.5432446002960205,-15.787671089172363,-16.2491455078125,3.5432446002960205,,
,,185249,,,411.9696617126465,,,,,,
,,185249,,8.201360702514648,,,,,,,
118,,185249,,,,3.5475146770477295,-16.401418685913086,-16.88314437866211,3.5475146770477295,,
,,185299,,,411.3445281982422,,,,,,
,,185299,,23.03624153137207,,,,,,,
118,,185299,,,,3.5524654388427734,-15.84880256652832,-16.303836822509766,3.5524654388427734,,
,,185349,,,408.1110954284668,,,,,,
,,185349,,5.872011184692383,,,,,,,
118,,185349,,,,3.5516247749328613,-16.197690963745117,-16.679767608642578,3.5516247749328613,,
,,185399,,,407.25135803222656,,,,,,
,,185399,,23.142576217651367,,,,,,,
118,,185399,,,,3.5554616451263428,-16.148624420166016,-16.631853103637695,3.5554616451263428,,
,,185449,,,414.3970012664795,,,,,,
,,185449,,6.758689880371094,,,,,,,
118,,185449,,,,3.5513195991516113,-16.04534912109375,-16.521902084350586,3.5513195991516113,,
,,185499,,,412.19615936279297,,,,,,
,,185499,,23.345232009887695,,,,,,,
118,,185499,,,,3.5512495040893555,-16.034488677978516,-16.50978660583496,3.5512495040893555,,
,,185549,,,405.8194160461426,,,,,,
,,185549,,5.704641342163086,,,,,,,
118,,185549,,,,3.5537407398223877,-15.579721450805664,-16.067203521728516,3.5537407398223877,,
,,185599,,,414.57366943359375,,,,,,
,,185599,,23.166418075561523,,,,,,,
118,,185599,,,,3.546354293823242,-15.745166778564453,-16.21816062927246,3.546354293823242,,
,,185649,,,406.41260147094727,,,,,,
,,185649,,6.997585296630859,,,,,,,
118,,185649,,,,3.5420281887054443,-16.09151840209961,-16.55616569519043,3.5420281887054443,,
,,185699,,,403.8112163543701,,,,,,
,,185699,,23.810863494873047,,,,,,,
118,,185699,,,,3.549633502960205,-16.235515594482422,-16.71055793762207,3.549633502960205,,
,,185749,,,406.3894748687744,,,,,,
,,185749,,5.778789520263672,,,,,,,
118,,185749,,,,3.544156312942505,-15.49323558807373,-15.978229522705078,3.544156312942505,,
,,185799,,,416.933536529541,,,,,,
,,185799,,23.05126190185547,,,,,,,
118,,185799,,,,3.5492613315582275,-15.82367992401123,-16.307735443115234,3.5492613315582275,,
,,185849,,,398.9412784576416,,,,,,
,,185849,,8.22305679321289,,,,,,,
118,,185849,,,,3.5568602085113525,-16.070419311523438,-16.53427505493164,3.5568602085113525,,
,,185899,,,413.3563041687012,,,,,,
,,185899,,23.421049118041992,,,,,,,
118,,185899,,,,3.54954195022583,-16.138790130615234,-16.586957931518555,3.54954195022583,,
,,185949,,,410.2652072906494,,,,,,
,,185949,,5.6171417236328125,,,,,,,
118,,185949,,,,3.5516233444213867,-16.017560958862305,-16.464801788330078,3.5516233444213867,,
118,,185996,,,,,,,,-15.920256614685059,-16.31133270263672
,,185997,773.0008521080017,,,,,,,,
,0.0003,185997,,,,,,,,,
,,185999,,,416.4388179779053,,,,,,
,,185999,,25.777816772460938,,,,,,,
119,,185999,,,,3.554542064666748,-15.715604782104492,-16.19491958618164,3.554542064666748,,
,,186049,,,404.5882225036621,,,,,,
,,186049,,7.201433181762695,,,,,,,
119,,186049,,,,3.5488977432250977,-15.9869384765625,-16.46259117126465,3.5488977432250977,,
,,186099,,,413.16723823547363,,,,,,
,,186099,,26.380538940429688,,,,,,,
119,,186099,,,,3.5560429096221924,-16.176593780517578,-16.663681030273438,3.5560429096221924,,
,,186149,,,417.44136810302734,,,,,,
,,186149,,8.354663848876953,,,,,,,
119,,186149,,,,3.548007011413574,-15.981091499328613,-16.457469940185547,3.548007011413574,,
,,186199,,,417.5300598144531,,,,,,
,,186199,,25.100231170654297,,,,,,,
119,,186199,,,,3.5472216606140137,-15.483431816101074,-15.951560020446777,3.5472216606140137,,
,,186249,,,411.33761405944824,,,,,,
,,186249,,7.790803909301758,,,,,,,
119,,186249,,,,3.5523130893707275,-15.90662956237793,-16.369701385498047,3.5523130893707275,,
,,186299,,,420.60112953186035,,,,,,
,,186299,,27.705669403076172,,,,,,,
119,,186299,,,,3.5595462322235107,-15.915971755981445,-16.378122329711914,3.5595462322235107,,
,,186349,,,411.43107414245605,,,,,,
,,186349,,5.588293075561523,,,,,,,
119,,186349,,,,3.5523271560668945,-15.920469284057617,-16.39562225341797,3.5523271560668945,,
,,186399,,,415.8205986022949,,,,,,
,,186399,,22.907257080078125,,,,,,,
119,,186399,,,,3.5562639236450195,-15.71078109741211,-16.167417526245117,3.5562639236450195,,
,,186449,,,407.2260856628418,,,,,,
,,186449,,5.671501159667969,,,,,,,
119,,186449,,,,3.549372434616089,-16.161550521850586,-16.62567901611328,3.549372434616089,,
,,186499,,,414.95513916015625,,,,,,
,,186499,,23.567676544189453,,,,,,,
119,,186499,,,,3.552281379699707,-15.847905158996582,-16.33587646484375,3.552281379699707,,
,,186549,,,409.1510772705078,,,,,,
,,186549,,8.182048797607422,,,,,,,
119,,186549,,,,3.5484962463378906,-16.101016998291016,-16.576229095458984,3.5484962463378906,,
,,186599,,,397.9532718658447,,,,,,
,,186599,,23.18263053894043,,,,,,,
119,,186599,,,,3.551488161087036,-16.05957794189453,-16.52678871154785,3.551488161087036,,
,,186649,,,399.3704319000244,,,,,,
,,186649,,5.687952041625977,,,,,,,
119,,186649,,,,3.5474650859832764,-16.042957305908203,-16.52312469482422,3.5474650859832764,,
,,186699,,,400.1355171203613,,,,,,
,,186699,,23.188352584838867,,,,,,,
119,,186699,,,,3.557060480117798,-15.710867881774902,-16.18255615234375,3.557060480117798,,
,,186749,,,403.7485122680664,,,,,,
,,186749,,5.957603454589844,,,,,,,
119,,186749,,,,3.544269323348999,-16.170494079589844,-16.642885208129883,3.544269323348999,,
,,186799,,,407.43446350097656,,,,,,
,,186799,,23.01788330078125,,,,,,,
119,,186799,,,,3.5456182956695557,-15.725982666015625,-16.18110466003418,3.5456182956695557,,
,,186849,,,401.9491672515869,,,,,,
,,186849,,5.6438446044921875,,,,,,,
119,,186849,,,,3.5548479557037354,-16.22174644470215,-16.704015731811523,3.5548479557037354,,
,,186899,,,407.75561332702637,,,,,,
,,186899,,23.760557174682617,,,,,,,
119,,186899,,,,3.5488157272338867,-16.140949249267578,-16.586803436279297,3.5488157272338867,,
,,186949,,,405.46202659606934,,,,,,
,,186949,,5.550622940063477,,,,,,,
119,,186949,,,,3.5535707473754883,-16.07501983642578,-16.549560546875,3.5535707473754883,,
,,186999,,,403.3384323120117,,,,,,
,,186999,,23.017168045043945,,,,,,,
119,,186999,,,,3.550288677215576,-15.923563003540039,-16.39106559753418,3.550288677215576,,
,,187049,,,406.3856601715088,,,,,,
,,187049,,6.746530532836914,,,,,,,
119,,187049,,,,3.5413975715637207,-16.119922637939453,-16.592390060424805,3.5413975715637207,,
,,187099,,,411.2203121185303,,,,,,
,,187099,,23.459911346435547,,,,,,,
119,,187099,,,,3.5493431091308594,-15.591482162475586,-16.056013107299805,3.5493431091308594,,
,,187149,,,413.02490234375,,,,,,
,,187149,,6.951332092285156,,,,,,,
119,,187149,,,,3.5482232570648193,-16.109825134277344,-16.584978103637695,3.5482232570648193,,
,,187199,,,407.35673904418945,,,,,,
,,187199,,28.247356414794922,,,,,,,
119,,187199,,,,3.542698860168457,-15.599461555480957,-16.059059143066406,3.542698860168457,,
,,187249,,,417.299747467041,,,,,,
,,187249,,6.703615188598633,,,,,,,
119,,187249,,,,3.549271821975708,-16.125503540039062,-16.61197280883789,3.549271821975708,,
,,187299,,,434.3225955963135,,,,,,
,,187299,,25.928974151611328,,,,,,,
119,,187299,,,,3.5489110946655273,-15.88664436340332,-16.367658615112305,3.5489110946655273,,
,,187349,,,433.16197395324707,,,,,,
,,187349,,8.310556411743164,,,,,,,
119,,187349,,,,3.546710729598999,-16.370363235473633,-16.84503936767578,3.546710729598999,,
,,187399,,,425.1999855041504,,,,,,
,,187399,,25.901079177856445,,,,,,,
119,,187399,,,,3.552293539047241,-15.962105751037598,-16.449548721313477,3.552293539047241,,
,,187449,,,439.1593933105469,,,,,,
,,187449,,8.506536483764648,,,,,,,
119,,187449,,,,3.55322003364563,-15.721746444702148,-16.183286666870117,3.55322003364563,,
,,187499,,,431.50973320007324,,,,,,
,,187499,,26.2908935546875,,,,,,,
119,,187499,,,,3.5498461723327637,-15.522198677062988,-15.986323356628418,3.5498461723327637,,
,,187549,,,435.36853790283203,,,,,,
,,187549,,8.371353149414062,,,,,,,
119,,187549,,,,3.553900718688965,-15.687559127807617,-16.17266845703125,3.553900718688965,,
119,,187559,,,,,,,,-15.921356201171875,-16.315582275390625
,,187560,777.7007822990417,,,,,,,,
,0.0003,187560,,,,,,,,,
,,187599,,,430.61089515686035,,,,,,
,,187599,,29.854297637939453,,,,,,,
120,,187599,,,,3.5519561767578125,-16.194908142089844,-16.660133361816406,3.5519561767578125,,
,,187649,,,427.5047779083252,,,,,,
,,187649,,8.640289306640625,,,,,,,
120,,187649,,,,3.5502004623413086,-16.03877067565918,-16.51306915283203,3.5502004623413086,,
,,187699,,,431.1861991882324,,,,,,
,,187699,,27.22620964050293,,,,,,,
120,,187699,,,,3.5478405952453613,-15.997517585754395,-16.45761489868164,3.5478405952453613,,
,,187749,,,430.3765296936035,,,,,,
,,187749,,8.649349212646484,,,,,,,
120,,187749,,,,3.544339418411255,-15.987138748168945,-16.461545944213867,3.544339418411255,,
,,187799,,,429.1706085205078,,,,,,
,,187799,,26.829957962036133,,,,,,,
120,,187799,,,,3.5462846755981445,-15.759285926818848,-16.22673988342285,3.5462846755981445,,
,,187849,,,425.8122444152832,,,,,,
,,187849,,7.976531982421875,,,,,,,
120,,187849,,,,3.5495197772979736,-15.983041763305664,-16.45649528503418,3.5495197772979736,,
,,187899,,,440.08398056030273,,,,,,
,,187899,,25.81191062927246,,,,,,,
120,,187899,,,,3.5479564666748047,-15.862411499023438,-16.351083755493164,3.5479564666748047,,
,,187949,,,431.25343322753906,,,,,,
,,187949,,9.051084518432617,,,,,,,
120,,187949,,,,3.552384853363037,-15.922061920166016,-16.38072395324707,3.552384853363037,,
,,187999,,,425.10342597961426,,,,,,
,,187999,,25.766372680664062,,,,,,,
120,,187999,,,,3.5508294105529785,-15.853928565979004,-16.309236526489258,3.5508294105529785,,
,,188049,,,427.6144504547119,,,,,,
,,188049,,8.464574813842773,,,,,,,
120,,188049,,,,3.5468883514404297,-16.04958724975586,-16.51436996459961,3.5468883514404297,,
,,188099,,,428.44176292419434,,,,,,
,,188099,,25.606632232666016,,,,,,,
120,,188099,,,,3.5419492721557617,-16.148971557617188,-16.61433982849121,3.5419492721557617,,
,,188149,,,430.27305603027344,,,,,,
,,188149,,8.770942687988281,,,,,,,
120,,188149,,,,3.5566775798797607,-16.081031799316406,-16.569913864135742,3.5566775798797607,,
,,188199,,,426.53679847717285,,,,,,
,,188199,,26.669979095458984,,,,,,,
120,,188199,,,,3.5552611351013184,-16.11368179321289,-16.585979461669922,3.5552611351013184,,
,,188249,,,430.0274848937988,,,,,,
,,188249,,9.618759155273438,,,,,,,
120,,188249,,,,3.5435972213745117,-15.8407564163208,-16.32490348815918,3.5435972213745117,,
,,188299,,,431.2465190887451,,,,,,
,,188299,,26.890039443969727,,,,,,,
120,,188299,,,,3.5507640838623047,-15.716068267822266,-16.16840934753418,3.5507640838623047,,
,,188349,,,433.80022048950195,,,,,,
,,188349,,8.971929550170898,,,,,,,
120,,188349,,,,3.5538389682769775,-15.872194290161133,-16.340139389038086,3.5538389682769775,,
,,188399,,,433.95209312438965,,,,,,
,,188399,,26.596546173095703,,,,,,,
120,,188399,,,,3.545720100402832,-15.687204360961914,-16.142822265625,3.545720100402832,,
,,188449,,,429.98671531677246,,,,,,
,,188449,,9.536504745483398,,,,,,,
120,,188449,,,,3.5565195083618164,-16.05876350402832,-16.53546905517578,3.5565195083618164,,
,,188499,,,432.053804397583,,,,,,
,,188499,,28.162002563476562,,,,,,,
120,,188499,,,,3.5494942665100098,-16.525989532470703,-17.008535385131836,3.5494942665100098,,
,,188549,,,429.34274673461914,,,,,,
,,188549,,8.861780166625977,,,,,,,
120,,188549,,,,3.549272060394287,-15.950149536132812,-16.424283981323242,3.549272060394287,,
,,188599,,,432.096004486084,,,,,,
,,188599,,26.253223419189453,,,,,,,
120,,188599,,,,3.5477724075317383,-15.702022552490234,-16.204111099243164,3.5477724075317383,,
,,188649,,,427.60753631591797,,,,,,
,,188649,,8.34345817565918,,,,,,,
120,,188649,,,,3.5449657440185547,-15.88172721862793,-16.33834457397461,3.5449657440185547,,
,,188699,,,429.5480251312256,,,,,,
,,188699,,29.99424934387207,,,,,,,
120,,188699,,,,3.5560221672058105,-15.672523498535156,-16.137725830078125,3.5560221672058105,,
,,188749,,,438.800573348999,,,,,,
,,188749,,8.064508438110352,,,,,,,
120,,188749,,,,3.5473504066467285,-16.121904373168945,-16.594615936279297,3.5473504066467285,,
,,188799,,,435.0748062133789,,,,,,
,,188799,,29.426097869873047,,,,,,,
120,,188799,,,,3.5447404384613037,-16.12860679626465,-16.595489501953125,3.5447404384613037,,
,,188849,,,424.53837394714355,,,,,,
,,188849,,8.537769317626953,,,,,,,
120,,188849,,,,3.5404675006866455,-15.701855659484863,-16.176490783691406,3.5404675006866455,,
,,188899,,,440.3688907623291,,,,,,
,,188899,,29.808521270751953,,,,,,,
120,,188899,,,,3.5501561164855957,-15.959763526916504,-16.440134048461914,3.5501561164855957,,
,,188949,,,431.6532611846924,,,,,,
,,188949,,8.94784927368164,,,,,,,
120,,188949,,,,3.541741371154785,-15.786399841308594,-16.26073455810547,3.541741371154785,,
,,188999,,,429.25381660461426,,,,,,
,,188999,,25.973796844482422,,,,,,,
120,,188999,,,,3.5449461936950684,-16.241962432861328,-16.723196029663086,3.5449461936950684,,
,,189049,,,432.9378604888916,,,,,,
,,189049,,9.180068969726562,,,,,,,
120,,189049,,,,3.551831007003784,-15.839339256286621,-16.310022354125977,3.551831007003784,,
,,189099,,,439.0590190887451,,,,,,
,,189099,,26.95178985595703,,,,,,,
120,,189099,,,,3.5501718521118164,-15.939242362976074,-16.418874740600586,3.5501718521118164,,
120,,189122,,,,,,,,-15.911771774291992,-16.30986785888672
,,189123,807.7921175956726,,,,,,,,
,0.0003,189123,,,,,,,,,
,,189149,,,431.20789527893066,,,,,,
,,189149,,9.116888046264648,,,,,,,
121,,189149,,,,3.548131227493286,-15.873186111450195,-16.34749984741211,3.548131227493286,,
,,189199,,,427.1092414855957,,,,,,
,,189199,,27.32229232788086,,,,,,,
121,,189199,,,,3.555300235748291,-15.865662574768066,-16.33704948425293,3.555300235748291,,
,,189249,,,427.89745330810547,,,,,,
,,189249,,8.03828239440918,,,,,,,
121,,189249,,,,3.552938461303711,-15.79941177368164,-16.26773452758789,3.552938461303711,,
,,189299,,,427.69718170166016,,,,,,
,,189299,,26.192188262939453,,,,,,,
121,,189299,,,,3.543281078338623,-15.964789390563965,-16.423757553100586,3.543281078338623,,
,,189349,,,424.92175102233887,,,,,,
,,189349,,8.008003234863281,,,,,,,
121,,189349,,,,3.5511345863342285,-16.03923797607422,-16.506351470947266,3.5511345863342285,,
,,189399,,,434.7643852233887,,,,,,
,,189399,,27.089357376098633,,,,,,,
121,,189399,,,,3.543422222137451,-15.642184257507324,-16.10843276977539,3.543422222137451,,
,,189449,,,427.9131889343262,,,,,,
,,189449,,8.869647979736328,,,,,,,
121,,189449,,,,3.545694589614868,-15.808155059814453,-16.300413131713867,3.545694589614868,,
,,189499,,,432.13510513305664,,,,,,
,,189499,,25.86531639099121,,,,,,,
121,,189499,,,,3.5551211833953857,-15.547877311706543,-16.01911735534668,3.5551211833953857,,
,,189549,,,421.3402271270752,,,,,,
,,189549,,7.950305938720703,,,,,,,
121,,189549,,,,3.5403120517730713,-16.23551368713379,-16.706886291503906,3.5403120517730713,,
,,189599,,,431.3833713531494,,,,,,
,,189599,,24.903535842895508,,,,,,,
121,,189599,,,,3.5446836948394775,-16.1121826171875,-16.58510398864746,3.5446836948394775,,
,,189649,,,431.1373233795166,,,,,,
,,189649,,8.492469787597656,,,,,,,
121,,189649,,,,3.544642210006714,-15.960551261901855,-16.4273681640625,3.544642210006714,,
,,189699,,,430.0832748413086,,,,,,
,,189699,,25.72941780090332,,,,,,,
121,,189699,,,,3.549680709838867,-16.190767288208008,-16.655080795288086,3.549680709838867,,
,,189749,,,438.3668899536133,,,,,,
,,189749,,10.21122932434082,,,,,,,
121,,189749,,,,3.5503039360046387,-15.848287582397461,-16.310165405273438,3.5503039360046387,,
,,189799,,,436.4345073699951,,,,,,
,,189799,,27.664661407470703,,,,,,,
121,,189799,,,,3.546182155609131,-16.00132179260254,-16.4644775390625,3.546182155609131,,
,,189849,,,428.17091941833496,,,,,,
,,189849,,8.71896743774414,,,,,,,
121,,189849,,,,3.555967092514038,-16.196792602539062,-16.65715217590332,3.555967092514038,,
,,189899,,,430.8505058288574,,,,,,
,,189899,,25.855541229248047,,,,,,,
121,,189899,,,,3.558260440826416,-15.952939987182617,-16.445537567138672,3.558260440826416,,
,,189949,,,435.4066848754883,,,,,,
,,189949,,8.337736129760742,,,,,,,
121,,189949,,,,3.5475807189941406,-15.80742073059082,-16.278554916381836,3.5475807189941406,,
,,189999,,,431.23793601989746,,,,,,
,,189999,,27.75406837463379,,,,,,,
121,,189999,,,,3.5465080738067627,-16.10376739501953,-16.572690963745117,3.5465080738067627,,
,,190049,,,428.1346797943115,,,,,,
,,190049,,8.626222610473633,,,,,,,
121,,190049,,,,3.5417349338531494,-16.2999267578125,-16.77920913696289,3.5417349338531494,,
,,190099,,,438.7087821960449,,,,,,
,,190099,,26.485919952392578,,,,,,,
121,,190099,,,,3.546539783477783,-16.06192398071289,-16.559043884277344,3.546539783477783,,
,,190149,,,434.171199798584,,,,,,
,,190149,,9.206771850585938,,,,,,,
121,,190149,,,,3.552812337875366,-16.09705924987793,-16.57707405090332,3.552812337875366,,
,,190199,,,430.53269386291504,,,,,,
,,190199,,29.67977523803711,,,,,,,
121,,190199,,,,3.5470781326293945,-15.935672760009766,-16.41781234741211,3.5470781326293945,,
,,190249,,,423.05684089660645,,,,,,
,,190249,,8.249759674072266,,,,,,,
121,,190249,,,,3.5513195991516113,-15.803396224975586,-16.2663516998291,3.5513195991516113,,
,,190299,,,440.04011154174805,,,,,,
,,190299,,26.724576950073242,,,,,,,
121,,190299,,,,3.5373833179473877,-15.729991912841797,-16.21933364868164,3.5373833179473877,,
,,190349,,,429.7158718109131,,,,,,
,,190349,,10.064363479614258,,,,,,,
121,,190349,,,,3.559429883956909,-15.860530853271484,-16.31640625,3.559429883956909,,
,,190399,,,435.64701080322266,,,,,,
,,190399,,25.725841522216797,,,,,,,
121,,190399,,,,3.5569119453430176,-15.857070922851562,-16.313989639282227,3.5569119453430176,,
,,190449,,,429.0792942047119,,,,,,
,,190449,,8.520841598510742,,,,,,,
121,,190449,,,,3.5488383769989014,-15.635194778442383,-16.084300994873047,3.5488383769989014,,
,,190499,,,426.6691207885742,,,,,,
,,190499,,29.033660888671875,,,,,,,
121,,190499,,,,3.5471675395965576,-16.022884368896484,-16.50860023498535,3.5471675395965576,,
,,190549,,,433.5060119628906,,,,,,
,,190549,,8.827686309814453,,,,,,,
121,,190549,,,,3.5505223274230957,-16.32973861694336,-16.79121971130371,3.5505223274230957,,
,,190599,,,432.66844749450684,,,,,,
,,190599,,25.94590187072754,,,,,,,
121,,190599,,,,3.551717758178711,-15.728044509887695,-16.227033615112305,3.551717758178711,,
,,190649,,,426.11098289489746,,,,,,
,,190649,,8.244991302490234,,,,,,,
121,,190649,,,,3.553919553756714,-16.067760467529297,-16.52021026611328,3.553919553756714,,
121,,190685,,,,,,,,-15.915776252746582,-16.30910873413086
,,190686,806.6670422554016,,,,,,,,
,0.0003,190686,,,,,,,,,
,,190699,,,422.590970993042,,,,,,
,,190699,,25.16961097717285,,,,,,,
122,,190699,,,,3.5519518852233887,-15.819718360900879,-16.27726936340332,3.5519518852233887,,
,,190749,,,425.2965450286865,,,,,,
,,190749,,9.212255477905273,,,,,,,
122,,190749,,,,3.5441174507141113,-15.957120895385742,-16.419654846191406,3.5441174507141113,,
,,190799,,,429.7914505004883,,,,,,
,,190799,,26.885271072387695,,,,,,,
122,,190799,,,,3.543955087661743,-15.996925354003906,-16.45650291442871,3.543955087661743,,
,,190849,,,420.84646224975586,,,,,,
,,190849,,8.358478546142578,,,,,,,
122,,190849,,,,3.5474634170532227,-16.08007049560547,-16.562969207763672,3.5474634170532227,,
,,190899,,,421.62108421325684,,,,,,
,,190899,,25.41661262512207,,,,,,,
122,,190899,,,,3.5520830154418945,-16.006778717041016,-16.47296905517578,3.5520830154418945,,
,,190949,,,432.8019618988037,,,,,,
,,190949,,9.006738662719727,,,,,,,
122,,190949,,,,3.546869993209839,-16.105531692504883,-16.558557510375977,3.546869993209839,,
,,190999,,,429.1682243347168,,,,,,
,,190999,,27.570247650146484,,,,,,,
122,,190999,,,,3.548970937728882,-16.033061981201172,-16.50455665588379,3.548970937728882,,
,,191049,,,433.43615531921387,,,,,,
,,191049,,8.664846420288086,,,,,,,
122,,191049,,,,3.5535881519317627,-15.807954788208008,-16.27581787109375,3.5535881519317627,,
,,191099,,,431.84709548950195,,,,,,
,,191099,,26.015758514404297,,,,,,,
122,,191099,,,,3.550513505935669,-15.726983070373535,-16.20914649963379,3.550513505935669,,
,,191149,,,423.50196838378906,,,,,,
,,191149,,7.793188095092773,,,,,,,
122,,191149,,,,3.546207904815674,-15.902961730957031,-16.3721866607666,3.546207904815674,,
,,191199,,,425.1842498779297,,,,,,
,,191199,,27.051687240600586,,,,,,,
122,,191199,,,,3.550084114074707,-15.742496490478516,-16.21152114868164,3.550084114074707,,
,,191249,,,436.22374534606934,,,,,,
,,191249,,8.437156677246094,,,,,,,
122,,191249,,,,3.552922248840332,-16.500507354736328,-16.947690963745117,3.552922248840332,,
,,191299,,,416.80359840393066,,,,,,
,,191299,,25.3140926361084,,,,,,,
122,,191299,,,,3.554849147796631,-15.71805477142334,-16.203351974487305,3.554849147796631,,
,,191349,,,405.5290222167969,,,,,,
,,191349,,7.045269012451172,,,,,,,
122,,191349,,,,3.5391225814819336,-16.1502628326416,-16.609094619750977,3.5391225814819336,,
,,191399,,,416.06831550598145,,,,,,
,,191399,,28.690576553344727,,,,,,,
122,,191399,,,,3.552851676940918,-15.734387397766113,-16.207889556884766,3.552851676940918,,
,,191449,,,414.36243057250977,,,,,,
,,191449,,8.275747299194336,,,,,,,
122,,191449,,,,3.5530412197113037,-15.936521530151367,-16.406789779663086,3.5530412197113037,,
,,191499,,,412.56189346313477,,,,,,
,,191499,,23.169755935668945,,,,,,,
122,,191499,,,,3.5393121242523193,-15.86588191986084,-16.326555252075195,3.5393121242523193,,
,,191549,,,411.236047744751,,,,,,
,,191549,,6.591558456420898,,,,,,,
122,,191549,,,,3.553656816482544,-15.850007057189941,-16.33216667175293,3.553656816482544,,
,,191599,,,396.24500274658203,,,,,,
,,191599,,22.895097732543945,,,,,,,
122,,191599,,,,3.549150228500366,-16.13773536682129,-16.617374420166016,3.549150228500366,,
,,191649,,,396.5928554534912,,,,,,
,,191649,,5.860567092895508,,,,,,,
122,,191649,,,,3.5506749153137207,-15.909656524658203,-16.368515014648438,3.5506749153137207,,
,,191699,,,396.9707489013672,,,,,,
,,191699,,23.33235740661621,,,,,,,
122,,191699,,,,3.5483593940734863,-15.792349815368652,-16.273361206054688,3.5483593940734863,,
,,191749,,,401.41749382019043,,,,,,
,,191749,,5.995988845825195,,,,,,,
122,,191749,,,,3.5422892570495605,-16.008689880371094,-16.486356735229492,3.5422892570495605,,
,,191799,,,395.09034156799316,,,,,,
,,191799,,22.968292236328125,,,,,,,
122,,191799,,,,3.540189027786255,-16.13408088684082,-16.590412139892578,3.540189027786255,,
,,191849,,,396.8923091888428,,,,,,
,,191849,,5.6934356689453125,,,,,,,
122,,191849,,,,3.545572519302368,-15.583134651184082,-16.056495666503906,3.545572519302368,,
,,191899,,,401.95417404174805,,,,,,
,,191899,,23.318767547607422,,,,,,,
122,,191899,,,,3.557114839553833,-15.92418384552002,-16.39828872680664,3.557114839553833,,
,,191949,,,395.07436752319336,,,,,,
,,191949,,6.148338317871094,,,,,,,
122,,191949,,,,3.5493102073669434,-15.901324272155762,-16.38037872314453,3.5493102073669434,,
,,191999,,,399.2350101470947,,,,,,
,,191999,,22.856712341308594,,,,,,,
122,,191999,,,,3.55033016204834,-15.9724702835083,-16.438493728637695,3.55033016204834,,
,,192049,,,401.8070697784424,,,,,,
,,192049,,5.985498428344727,,,,,,,
122,,192049,,,,3.544671058654785,-15.932402610778809,-16.39263153076172,3.544671058654785,,
,,192099,,,396.79431915283203,,,,,,
,,192099,,22.81332015991211,,,,,,,
122,,192099,,,,3.5479540824890137,-15.901802062988281,-16.37165069580078,3.5479540824890137,,
,,192149,,,396.65699005126953,,,,,,
,,192149,,6.020545959472656,,,,,,,
122,,192149,,,,3.537416934967041,-15.78782844543457,-16.258520126342773,3.537416934967041,,
,,192199,,,398.2810974121094,,,,,,
,,192199,,23.073673248291016,,,,,,,
122,,192199,,,,3.5582973957061768,-16.16373062133789,-16.62624740600586,3.5582973957061768,,
,,192249,,,399.05762672424316,,,,,,
122,,192248,,,,,,,,-15.918173789978027,-16.311786651611328
,,192249,775.9795060157776,,,,,,,,
,0.0003,192249,,,,,,,,,
,,192249,,,,,,,,,
123,,192249,,,,3.558682680130005,-15.555898666381836,-16.027145385742188,3.558682680130005,,
,,192299,,,399.2154598236084,,,,,,
,,192299,,22.959232330322266,,,,,,,
123,,192299,,,,3.551488161087036,-16.427879333496094,-16.896055221557617,3.551488161087036,,
,,192349,,,394.9854373931885,,,,,,
,,192349,,5.569934844970703,,,,,,,
123,,192349,,,,3.542607069015503,-16.002655029296875,-16.48036003112793,3.542607069015503,,
,,192399,,,395.60985565185547,,,,,,
,,192399,,23.145675659179688,,,,,,,
123,,192399,,,,3.5483040809631348,-16.048498153686523,-16.50875473022461,3.5483040809631348,,
,,192449,,,402.254581451416,,,,,,
,,192449,,5.641698837280273,,,,,,,
123,,192449,,,,3.5521926879882812,-16.02157974243164,-16.507091522216797,3.5521926879882812,,
,,192499,,,411.8304252624512,,,,,,
,,192499,,24.768829345703125,,,,,,,
123,,192499,,,,3.55643630027771,-15.852801322937012,-16.309797286987305,3.55643630027771,,
,,192549,,,411.90528869628906,,,,,,
,,192549,,5.586385726928711,,,,,,,
123,,192549,,,,3.5470733642578125,-15.699359893798828,-16.16082763671875,3.5470733642578125,,
,,192599,,,414.4933223724365,,,,,,
,,192599,,28.768539428710938,,,,,,,
123,,192599,,,,3.549906015396118,-16.063796997070312,-16.536083221435547,3.549906015396118,,
,,192649,,,413.4368896484375,,,,,,
,,192649,,6.731986999511719,,,,,,,
123,,192649,,,,3.550198554992676,-15.804072380065918,-16.2943115234375,3.550198554992676,,
,,192699,,,416.81814193725586,,,,,,
,,192699,,25.32505989074707,,,,,,,
123,,192699,,,,3.545668840408325,-15.922142028808594,-16.370708465576172,3.545668840408325,,
,,192749,,,411.6222858428955,,,,,,
,,192749,,7.849454879760742,,,,,,,
123,,192749,,,,3.5455150604248047,-16.493240356445312,-16.968812942504883,3.5455150604248047,,
,,192799,,,418.8368320465088,,,,,,
,,192799,,24.284839630126953,,,,,,,
123,,192799,,,,3.5418009757995605,-16.104347229003906,-16.562328338623047,3.5418009757995605,,
,,192849,,,413.0358695983887,,,,,,
,,192849,,7.530450820922852,,,,,,,
123,,192849,,,,3.550241708755493,-15.911848068237305,-16.376760482788086,3.550241708755493,,
,,192899,,,413.4402275085449,,,,,,
,,192899,,28.847217559814453,,,,,,,
123,,192899,,,,3.5507633686065674,-16.163787841796875,-16.640758514404297,3.5507633686065674,,
,,192949,,,416.8071746826172,,,,,,
,,192949,,6.744623184204102,,,,,,,
123,,192949,,,,3.5507333278656006,-15.637630462646484,-16.09156608581543,3.5507333278656006,,
,,192999,,,420.5169677734375,,,,,,
,,192999,,27.3439884185791,,,,,,,
123,,192999,,,,3.556105613708496,-16.249624252319336,-16.715757369995117,3.556105613708496,,
,,193049,,,412.86182403564453,,,,,,
,,193049,,8.368968963623047,,,,,,,
123,,193049,,,,3.543721914291382,-16.16077423095703,-16.63217544555664,3.543721914291382,,
,,193099,,,412.83702850341797,,,,,,
,,193099,,25.666475296020508,,,,,,,
123,,193099,,,,3.5522336959838867,-15.932821273803711,-16.400712966918945,3.5522336959838867,,
,,193149,,,409.7621440887451,,,,,,
,,193149,,7.5531005859375,,,,,,,
123,,193149,,,,3.5483238697052,-16.133289337158203,-16.600419998168945,3.5483238697052,,
,,193199,,,407.38654136657715,,,,,,
,,193199,,26.898622512817383,,,,,,,
123,,193199,,,,3.5451159477233887,-15.94436264038086,-16.425233840942383,3.5451159477233887,,
,,193249,,,412.87684440612793,,,,,,
,,193249,,7.361650466918945,,,,,,,
123,,193249,,,,3.549811363220215,-16.06063461303711,-16.534639358520508,3.549811363220215,,
,,193299,,,413.0425453186035,,,,,,
,,193299,,26.840925216674805,,,,,,,
123,,193299,,,,3.541472911834717,-16.284414291381836,-16.782407760620117,3.541472911834717,,
,,193349,,,415.26150703430176,,,,,,
,,193349,,8.845806121826172,,,,,,,
123,,193349,,,,3.550687789916992,-15.670639991760254,-16.137235641479492,3.550687789916992,,
,,193399,,,416.69535636901855,,,,,,
,,193399,,25.252580642700195,,,,,,,
123,,193399,,,,3.546653985977173,-15.73686408996582,-16.206846237182617,3.546653985977173,,
,,193449,,,409.06691551208496,,,,,,
,,193449,,7.385015487670898,,,,,,,
123,,193449,,,,3.552157402038574,-16.236948013305664,-16.714359283447266,3.552157402038574,,
,,193499,,,411.3905429840088,,,,,,
,,193499,,27.25839614868164,,,,,,,
123,,193499,,,,3.5445024967193604,-15.618294715881348,-16.094568252563477,3.5445024967193604,,
,,193549,,,411.04602813720703,,,,,,
,,193549,,8.804559707641602,,,,,,,
123,,193549,,,,3.5528440475463867,-16.085201263427734,-16.561092376708984,3.5528440475463867,,
,,193599,,,412.71305084228516,,,,,,
,,193599,,26.35645866394043,,,,,,,
123,,193599,,,,3.544506072998047,-16.56209373474121,-17.009654998779297,3.544506072998047,,
,,193649,,,413.5420322418213,,,,,,
,,193649,,8.295297622680664,,,,,,,
123,,193649,,,,3.5527446269989014,-15.746292114257812,-16.205461502075195,3.5527446269989014,,
,,193699,,,403.9740562438965,,,,,,
,,193699,,23.054122924804688,,,,,,,
123,,193699,,,,3.5515401363372803,-16.220075607299805,-16.688941955566406,3.5515401363372803,,
,,193749,,,410.9151363372803,,,,,,
,,193749,,7.7495574951171875,,,,,,,
123,,193749,,,,3.552727699279785,-15.695348739624023,-16.177490234375,3.552727699279785,,
,,193799,,,407.09733963012695,,,,,,
,,193799,,26.039600372314453,,,,,,,
123,,193799,,,,3.5518059730529785,-15.617082595825195,-16.09016227722168,3.5518059730529785,,
123,,193811,,,,,,,,-15.909160614013672,-16.304357528686523
,,193812,774.9872620105743,,,,,,,,
,0.0003,193812,,,,,,,,,
,,193849,,,415.1279926300049,,,,,,
,,193849,,7.642269134521484,,,,,,,
124,,193849,,,,3.5450897216796875,-15.653350830078125,-16.112966537475586,3.5450897216796875,,
,,193899,,,410.0453853607178,,,,,,
,,193899,,27.99367904663086,,,,,,,
124,,193899,,,,3.53701114654541,-16.223297119140625,-16.696516036987305,3.53701114654541,,
,,193949,,,419.7723865509033,,,,,,
,,193949,,7.761955261230469,,,,,,,
124,,193949,,,,3.5424914360046387,-16.246746063232422,-16.703353881835938,3.5424914360046387,,
,,193999,,,412.89734840393066,,,,,,
,,193999,,23.072004318237305,,,,,,,
124,,193999,,,,3.5517961978912354,-16.678895950317383,-17.153594970703125,3.5517961978912354,,
,,194049,,,419.3427562713623,,,,,,
,,194049,,6.619930267333984,,,,,,,
124,,194049,,,,3.5439202785491943,-16.108612060546875,-16.575525283813477,3.5439202785491943,,
,,194099,,,416.8124198913574,,,,,,
,,194099,,25.594234466552734,,,,,,,
124,,194099,,,,3.55633282661438,-15.836507797241211,-16.31473731994629,3.55633282661438,,
,,194149,,,419.8274612426758,,,,,,
,,194149,,8.44120979309082,,,,,,,
124,,194149,,,,3.5471179485321045,-15.855602264404297,-16.31467056274414,3.5471179485321045,,
,,194199,,,413.8445854187012,,,,,,
,,194199,,26.113033294677734,,,,,,,
124,,194199,,,,3.5499186515808105,-16.46548080444336,-16.92953872680664,3.5499186515808105,,
,,194249,,,408.5693359375,,,,,,
,,194249,,9.062767028808594,,,,,,,
124,,194249,,,,3.547870635986328,-16.116195678710938,-16.593975067138672,3.547870635986328,,
,,194299,,,398.3738422393799,,,,,,
,,194299,,22.88055419921875,,,,,,,
124,,194299,,,,3.5537939071655273,-15.750020027160645,-16.212839126586914,3.5537939071655273,,
,,194349,,,407.28044509887695,,,,,,
,,194349,,7.727861404418945,,,,,,,
124,,194349,,,,3.5500669479370117,-15.72781753540039,-16.177236557006836,3.5500669479370117,,
,,194399,,,413.632869720459,,,,,,
,,194399,,24.164438247680664,,,,,,,
124,,194399,,,,3.552492380142212,-15.921224594116211,-16.398029327392578,3.552492380142212,,
,,194449,,,407.57250785827637,,,,,,
,,194449,,8.58449935913086,,,,,,,
124,,194449,,,,3.548818826675415,-16.144332885742188,-16.613685607910156,3.548818826675415,,
,,194499,,,410.44139862060547,,,,,,
,,194499,,23.262977600097656,,,,,,,
124,,194499,,,,3.555685043334961,-16.386423110961914,-16.851064682006836,3.555685043334961,,
,,194549,,,415.4984951019287,,,,,,
,,194549,,8.172750473022461,,,,,,,
124,,194549,,,,3.5565977096557617,-15.906473159790039,-16.389970779418945,3.5565977096557617,,
,,194599,,,413.6683940887451,,,,,,
,,194599,,24.555206298828125,,,,,,,
124,,194599,,,,3.5561206340789795,-16.24298858642578,-16.69798469543457,3.5561206340789795,,
,,194649,,,412.92762756347656,,,,,,
,,194649,,8.282661437988281,,,,,,,
124,,194649,,,,3.55233097076416,-15.894781112670898,-16.356836318969727,3.55233097076416,,
,,194699,,,404.7539234161377,,,,,,
,,194699,,27.157306671142578,,,,,,,
124,,194699,,,,3.5397284030914307,-16.098548889160156,-16.580041885375977,3.5397284030914307,,
,,194749,,,414.0141010284424,,,,,,
,,194749,,7.69495964050293,,,,,,,
124,,194749,,,,3.54656720161438,-15.965324401855469,-16.438236236572266,3.54656720161438,,
,,194799,,,410.94350814819336,,,,,,
,,194799,,23.16880226135254,,,,,,,
124,,194799,,,,3.5547420978546143,-15.742474555969238,-16.2104434967041,3.5547420978546143,,
,,194849,,,410.8996391296387,,,,,,
,,194849,,7.288932800292969,,,,,,,
124,,194849,,,,3.550502300262451,-16.036056518554688,-16.50300407409668,3.550502300262451,,
,,194899,,,416.09716415405273,,,,,,
,,194899,,27.87327766418457,,,,,,,
124,,194899,,,,3.5491299629211426,-15.790163040161133,-16.258499145507812,3.5491299629211426,,
,,194949,,,412.91236877441406,,,,,,
,,194949,,8.27169418334961,,,,,,,
124,,194949,,,,3.545380115509033,-15.596414566040039,-16.063385009765625,3.545380115509033,,
,,194999,,,408.9851379394531,,,,,,
,,194999,,29.860734939575195,,,,,,,
124,,194999,,,,3.5497124195098877,-15.7098388671875,-16.164562225341797,3.5497124195098877,,
,,195049,,,410.2461338043213,,,,,,
,,195049,,7.606267929077148,,,,,,,
124,,195049,,,,3.5438506603240967,-15.945326805114746,-16.41600799560547,3.5438506603240967,,
,,195099,,,408.8282585144043,,,,,,
,,195099,,28.214454650878906,,,,,,,
124,,195099,,,,3.5469970703125,-15.723315238952637,-16.190509796142578,3.5469970703125,,
,,195149,,,413.39874267578125,,,,,,
,,195149,,5.950927734375,,,,,,,
124,,195149,,,,3.54897403717041,-16.1845703125,-16.65530776977539,3.54897403717041,,
,,195199,,,411.30995750427246,,,,,,
,,195199,,26.998281478881836,,,,,,,
124,,195199,,,,3.553492307662964,-15.685842514038086,-16.13749885559082,3.553492307662964,,
,,195249,,,409.38878059387207,,,,,,
,,195249,,5.693674087524414,,,,,,,
124,,195249,,,,3.5472371578216553,-16.32587432861328,-16.798093795776367,3.5472371578216553,,
,,195299,,,417.07801818847656,,,,,,
,,195299,,24.960994720458984,,,,,,,
124,,195299,,,,3.5457305908203125,-15.95762825012207,-16.430070877075195,3.5457305908203125,,
,,195349,,,412.8592014312744,,,,,,
,,195349,,7.779598236083984,,,,,,,
124,,195349,,,,3.541109561920166,-16.489444732666016,-16.97402000427246,3.541109561920166,,
124,,195374,,,,,,,,-15.916255950927734,-16.310659408569336
,,195375,777.5611336231232,,,,,,,,
,0.0003,195375,,,,,,,,,
,,195399,,,408.9550971984863,,,,,,
,,195399,,26.536226272583008,,,,,,,
125,,195399,,,,3.5523934364318848,-15.719507217407227,-16.161039352416992,3.5523934364318848,,
,,195449,,,412.5819206237793,,,,,,
,,195449,,6.612300872802734,,,,,,,
125,,195449,,,,3.5444676876068115,-16.188636779785156,-16.674442291259766,3.5444676876068115,,
,,195499,,,409.8827838897705,,,,,,
,,195499,,27.06122398376465,,,,,,,
125,,195499,,,,3.541496753692627,-16.41868782043457,-16.876712799072266,3.541496753692627,,
,,195549,,,410.25638580322266,,,,,,
,,195549,,9.567022323608398,,,,,,,
125,,195549,,,,3.5450336933135986,-15.802496910095215,-16.262836456298828,3.5450336933135986,,
,,195599,,,415.72022438049316,,,,,,
,,195599,,25.457143783569336,,,,,,,
125,,195599,,,,3.550230026245117,-16.220691680908203,-16.685197830200195,3.550230026245117,,
,,195649,,,413.68961334228516,,,,,,
,,195649,,8.374691009521484,,,,,,,
125,,195649,,,,3.548274517059326,-15.971171379089355,-16.46231460571289,3.548274517059326,,
,,195699,,,415.28964042663574,,,,,,
,,195699,,28.498172760009766,,,,,,,
125,,195699,,,,3.54958438873291,-15.928706169128418,-16.40045928955078,3.54958438873291,,
,,195749,,,413.63525390625,,,,,,
,,195749,,8.300542831420898,,,,,,,
125,,195749,,,,3.5526909828186035,-15.711833953857422,-16.18250846862793,3.5526909828186035,,
,,195799,,,409.4128608703613,,,,,,
,,195799,,26.1688232421875,,,,,,,
125,,195799,,,,3.547825336456299,-16.193984985351562,-16.661876678466797,3.547825336456299,,
,,195849,,,411.78321838378906,,,,,,
,,195849,,7.382631301879883,,,,,,,
125,,195849,,,,3.5446724891662598,-16.14838981628418,-16.59125518798828,3.5446724891662598,,
,,195899,,,407.5322151184082,,,,,,
,,195899,,28.263568878173828,,,,,,,
125,,195899,,,,3.551279306411743,-16.114683151245117,-16.605207443237305,3.551279306411743,,
,,195949,,,428.26175689697266,,,,,,
,,195949,,8.35275650024414,,,,,,,
125,,195949,,,,3.5474369525909424,-15.835380554199219,-16.291019439697266,3.5474369525909424,,
,,195999,,,427.5050163269043,,,,,,
,,195999,,29.476404190063477,,,,,,,
125,,195999,,,,3.5489189624786377,-15.955492973327637,-16.417949676513672,3.5489189624786377,,
,,196049,,,425.5805015563965,,,,,,
,,196049,,8.2244873046875,,,,,,,
125,,196049,,,,3.5510637760162354,-16.165508270263672,-16.640798568725586,3.5510637760162354,,
,,196099,,,437.0894432067871,,,,,,
,,196099,,27.634143829345703,,,,,,,
125,,196099,,,,3.5494160652160645,-16.051651000976562,-16.499780654907227,3.5494160652160645,,
,,196149,,,429.0163516998291,,,,,,
,,196149,,9.902715682983398,,,,,,,
125,,196149,,,,3.5489501953125,-16.002872467041016,-16.47710609436035,3.5489501953125,,
,,196199,,,426.0413646697998,,,,,,
,,196199,,415.97461700439453,,,,,,,
125,,196199,,,,3.5525572299957275,-16.19993019104004,-16.668590545654297,3.5525572299957275,,
,,196249,,,431.60223960876465,,,,,,
,,196249,,8.186578750610352,,,,,,,
125,,196249,,,,3.5495193004608154,-15.755005836486816,-16.221708297729492,3.5495193004608154,,
,,196299,,,429.68082427978516,,,,,,
,,196299,,27.49180793762207,,,,,,,
125,,196299,,,,3.5475993156433105,-16.163639068603516,-16.610963821411133,3.5475993156433105,,
,,196349,,,431.485652923584,,,,,,
,,196349,,8.347511291503906,,,,,,,
125,,196349,,,,3.545524835586548,-15.771787643432617,-16.224884033203125,3.545524835586548,,
,,196399,,,435.41932106018066,,,,,,
,,196399,,25.715351104736328,,,,,,,
125,,196399,,,,3.5481855869293213,-16.238893508911133,-16.705768585205078,3.5481855869293213,,
,,196449,,,433.89081954956055,,,,,,
,,196449,,8.112430572509766,,,,,,,
125,,196449,,,,3.5578434467315674,-15.916243553161621,-16.41741371154785,3.5578434467315674,,
,,196499,,,426.44214630126953,,,,,,
,,196499,,27.126073837280273,,,,,,,
125,,196499,,,,3.5484368801116943,-15.995391845703125,-16.44460678100586,3.5484368801116943,,
,,196549,,,425.51255226135254,,,,,,
,,196549,,8.693695068359375,,,,,,,
125,,196549,,,,3.550602436065674,-16.003143310546875,-16.49791145324707,3.550602436065674,,
,,196599,,,427.3104667663574,,,,,,
,,196599,,25.9702205657959,,,,,,,
125,,196599,,,,3.5544445514678955,-15.762619972229004,-16.21345329284668,3.5544445514678955,,
,,196649,,,432.1126937866211,,,,,,
,,196649,,8.493423461914062,,,,,,,
125,,196649,,,,3.546332359313965,-15.572882652282715,-16.028806686401367,3.546332359313965,,
,,196699,,,432.2338104248047,,,,,,
,,196699,,25.824785232543945,,,,,,,
125,,196699,,,,3.552255153656006,-15.885259628295898,-16.348215103149414,3.552255153656006,,
,,196749,,,428.20048332214355,,,,,,
,,196749,,8.253335952758789,,,,,,,
125,,196749,,,,3.548137664794922,-16.183683395385742,-16.666654586791992,3.548137664794922,,
,,196799,,,431.23340606689453,,,,,,
,,196799,,25.476455688476562,,,,,,,
125,,196799,,,,3.557934522628784,-16.04352569580078,-16.514511108398438,3.557934522628784,,
,,196849,,,426.2356758117676,,,,,,
,,196849,,7.959127426147461,,,,,,,
125,,196849,,,,3.5470263957977295,-15.999700546264648,-16.45022964477539,3.5470263957977295,,
,,196899,,,429.9013614654541,,,,,,
,,196899,,27.025461196899414,,,,,,,
125,,196899,,,,3.5467333793640137,-15.997036933898926,-16.466032028198242,3.5467333793640137,,
125,,196937,,,,,,,,-15.91843318939209,-16.309049606323242
,,196938,795.5742280483246,,,,,,,,
,0.0003,196938,,,,,,,,,
,,196949,,,433.4683418273926,,,,,,
,,196949,,9.370088577270508,,,,,,,
126,,196949,,,,3.548374652862549,-15.544768333435059,-16.002609252929688,3.548374652862549,,
,,196999,,,431.8249225616455,,,,,,
,,196999,,28.851985931396484,,,,,,,
126,,196999,,,,3.5499989986419678,-16.386978149414062,-16.852197647094727,3.5499989986419678,,
,,197049,,,427.4287223815918,,,,,,
,,197049,,8.866310119628906,,,,,,,
126,,197049,,,,3.556058168411255,-16.089984893798828,-16.561723709106445,3.556058168411255,,
,,197099,,,434.6649646759033,,,,,,
,,197099,,26.077747344970703,,,,,,,
126,,197099,,,,3.5503804683685303,-15.873653411865234,-16.34627342224121,3.5503804683685303,,
,,197149,,,426.9077777862549,,,,,,
,,197149,,8.721351623535156,,,,,,,
126,,197149,,,,3.5507616996765137,-15.769195556640625,-16.22351837158203,3.5507616996765137,,
,,197199,,,430.73368072509766,,,,,,
,,197199,,26.461124420166016,,,,,,,
126,,197199,,,,3.550931692123413,-16.043725967407227,-16.506284713745117,3.550931692123413,,
,,197249,,,432.88493156433105,,,,,,
,,197249,,8.580684661865234,,,,,,,
126,,197249,,,,3.549896240234375,-15.989358901977539,-16.436735153198242,3.549896240234375,,
,,197299,,,434.62347984313965,,,,,,
,,197299,,26.835918426513672,,,,,,,
126,,197299,,,,3.547443151473999,-15.86088752746582,-16.33542251586914,3.547443151473999,,
,,197349,,,431.59961700439453,,,,,,
,,197349,,8.12077522277832,,,,,,,
126,,197349,,,,3.5562973022460938,-15.770068168640137,-16.23196029663086,3.5562973022460938,,
,,197399,,,437.5443458557129,,,,,,
,,197399,,26.11827850341797,,,,,,,
126,,197399,,,,3.544833183288574,-16.097362518310547,-16.555253982543945,3.544833183288574,,
,,197449,,,434.3085289001465,,,,,,
,,197449,,8.207082748413086,,,,,,,
126,,197449,,,,3.542203903198242,-16.045148849487305,-16.50249481201172,3.542203903198242,,
,,197499,,,425.33183097839355,,,,,,
,,197499,,25.617122650146484,,,,,,,
126,,197499,,,,3.5498924255371094,-15.962516784667969,-16.43401527404785,3.5498924255371094,,
,,197549,,,436.3746643066406,,,,,,
,,197549,,8.557796478271484,,,,,,,
126,,197549,,,,3.5471088886260986,-16.097206115722656,-16.58196449279785,3.5471088886260986,,
,,197599,,,436.4328384399414,,,,,,
,,197599,,26.88765525817871,,,,,,,
126,,197599,,,,3.5479650497436523,-15.75980281829834,-16.232744216918945,3.5479650497436523,,
,,197649,,,423.8419532775879,,,,,,
,,197649,,6.963253021240234,,,,,,,
126,,197649,,,,3.5462517738342285,-15.711389541625977,-16.14881706237793,3.5462517738342285,,
,,197699,,,415.5995845794678,,,,,,
,,197699,,28.62834930419922,,,,,,,
126,,197699,,,,3.5414681434631348,-16.00663948059082,-16.44728660583496,3.5414681434631348,,
,,197749,,,416.08142852783203,,,,,,
,,197749,,7.165193557739258,,,,,,,
126,,197749,,,,3.5489072799682617,-15.576269149780273,-16.050874710083008,3.5489072799682617,,
,,197799,,,416.5174961090088,,,,,,
,,197799,,25.723695755004883,,,,,,,
126,,197799,,,,3.547133207321167,-16.199718475341797,-16.672990798950195,3.547133207321167,,
,,197849,,,419.82531547546387,,,,,,
,,197849,,8.713245391845703,,,,,,,
126,,197849,,,,3.548222064971924,-16.203338623046875,-16.663585662841797,3.548222064971924,,
,,197899,,,413.4204387664795,,,,,,
,,197899,,27.225732803344727,,,,,,,
126,,197899,,,,3.54337739944458,-15.930130004882812,-16.39915657043457,3.54337739944458,,
,,197949,,,415.90404510498047,,,,,,
,,197949,,8.485794067382812,,,,,,,
126,,197949,,,,3.557192325592041,-15.44117546081543,-15.900666236877441,3.557192325592041,,
,,197999,,,414.48068618774414,,,,,,
,,197999,,25.002479553222656,,,,,,,
126,,197999,,,,3.5505857467651367,-15.954126358032227,-16.421730041503906,3.5505857467651367,,
,,198049,,,414.3846035003662,,,,,,
,,198049,,8.457422256469727,,,,,,,
126,,198049,,,,3.5432209968566895,-16.0579776763916,-16.5145206451416,3.5432209968566895,,
,,198099,,,417.15359687805176,,,,,,
,,198099,,27.707815170288086,,,,,,,
126,,198099,,,,3.5493686199188232,-16.004981994628906,-16.482858657836914,3.5493686199188232,,
,,198149,,,415.7366752624512,,,,,,
,,198149,,8.706331253051758,,,,,,,
126,,198149,,,,3.54632568359375,-15.869308471679688,-16.361936569213867,3.54632568359375,,
,,198199,,,418.99991035461426,,,,,,
,,198199,,28.44381332397461,,,,,,,
126,,198199,,,,3.547952890396118,-16.041683197021484,-16.506189346313477,3.547952890396118,,
,,198249,,,418.4427261352539,,,,,,
,,198249,,8.525848388671875,,,,,,,
126,,198249,,,,3.5548765659332275,-16.029863357543945,-16.505319595336914,3.5548765659332275,,
,,198299,,,413.09571266174316,,,,,,
,,198299,,25.172948837280273,,,,,,,
126,,198299,,,,3.542240858078003,-16.241132736206055,-16.72163963317871,3.542240858078003,,
,,198349,,,415.71617126464844,,,,,,
,,198349,,8.440971374511719,,,,,,,
126,,198349,,,,3.5446105003356934,-16.020057678222656,-16.49093246459961,3.5446105003356934,,
,,198399,,,411.99564933776855,,,,,,
,,198399,,23.141145706176758,,,,,,,
126,,198399,,,,3.551309823989868,-15.970958709716797,-16.45721435546875,3.551309823989868,,
,,198449,,,412.8720760345459,,,,,,
,,198449,,6.87861442565918,,,,,,,
126,,198449,,,,3.547084331512451,-15.872746467590332,-16.337736129760742,3.547084331512451,,
,,198499,,,408.0955982208252,,,,,,
,,198499,,27.191162109375,,,,,,,
126,,198499,,,,3.5490002632141113,-15.930599212646484,-16.411029815673828,3.5490002632141113,,
126,,198500,,,,,,,,-15.91549015045166,-16.303430557250977
,,198501,793.0077702999115,,,,,,,,
,0.0003,198501,,,,,,,,,
,,198549,,,410.6457233428955,,,,,,
,,198549,,8.307695388793945,,,,,,,
127,,198549,,,,3.5458321571350098,-15.56350326538086,-16.010141372680664,3.5458321571350098,,
,,198599,,,415.8935546875,,,,,,
,,198599,,27.386188507080078,,,,,,,
127,,198599,,,,3.551877975463867,-15.890327453613281,-16.360414505004883,3.551877975463867,,
,,198649,,,413.18726539611816,,,,,,
,,198649,,8.069276809692383,,,,,,,
127,,198649,,,,3.5499513149261475,-15.975869178771973,-16.451183319091797,3.5499513149261475,,
,,198699,,,413.571834564209,,,,,,
,,198699,,27.369260787963867,,,,,,,
127,,198699,,,,3.544429302215576,-15.876264572143555,-16.346805572509766,3.544429302215576,,
,,198749,,,412.9600524902344,,,,,,
,,198749,,6.857633590698242,,,,,,,
127,,198749,,,,3.552818536758423,-15.756977081298828,-16.23757553100586,3.552818536758423,,
,,198799,,,413.4395122528076,,,,,,
,,198799,,28.636932373046875,,,,,,,
127,,198799,,,,3.548238515853882,-15.976909637451172,-16.443634033203125,3.548238515853882,,
,,198849,,,416.38898849487305,,,,,,
,,198849,,8.398771286010742,,,,,,,
127,,198849,,,,3.543973207473755,-16.017566680908203,-16.49777603149414,3.543973207473755,,
,,198899,,,417.65451431274414,,,,,,
,,198899,,28.99336814880371,,,,,,,
127,,198899,,,,3.5516445636749268,-15.695161819458008,-16.171302795410156,3.5516445636749268,,
,,198949,,,416.26954078674316,,,,,,
,,198949,,8.060216903686523,,,,,,,
127,,198949,,,,3.5543572902679443,-15.541894912719727,-15.993491172790527,3.5543572902679443,,
,,198999,,,416.49937629699707,,,,,,
,,198999,,27.66561508178711,,,,,,,
127,,198999,,,,3.545074462890625,-15.807287216186523,-16.267467498779297,3.545074462890625,,
,,199049,,,415.2815341949463,,,,,,
,,199049,,7.43556022644043,,,,,,,
127,,199049,,,,3.5460526943206787,-16.093971252441406,-16.572559356689453,3.5460526943206787,,
,,199099,,,411.37242317199707,,,,,,
,,199099,,25.437116622924805,,,,,,,
127,,199099,,,,3.54840087890625,-16.098220825195312,-16.588850021362305,3.54840087890625,,
,,199149,,,405.67541122436523,,,,,,
,,199149,,8.416414260864258,,,,,,,
127,,199149,,,,3.5556297302246094,-15.677328109741211,-16.138744354248047,3.5556297302246094,,
,,199199,,,415.87233543395996,,,,,,
,,199199,,28.954744338989258,,,,,,,
127,,199199,,,,3.5472826957702637,-15.887211799621582,-16.355907440185547,3.5472826957702637,,
,,199249,,,415.18259048461914,,,,,,
,,199249,,8.730411529541016,,,,,,,
127,,199249,,,,3.54583477973938,-15.720380783081055,-16.209026336669922,3.54583477973938,,
,,199299,,,416.05567932128906,,,,,,
,,199299,,28.03206443786621,,,,,,,
127,,199299,,,,3.551816940307617,-16.21019744873047,-16.689090728759766,3.551816940307617,,
,,199349,,,415.5690670013428,,,,,,
,,199349,,8.53109359741211,,,,,,,
127,,199349,,,,3.5409679412841797,-15.91554069519043,-16.395557403564453,3.5409679412841797,,
,,199399,,,413.5928153991699,,,,,,
,,199399,,27.54378318786621,,,,,,,
127,,199399,,,,3.545125961303711,-15.87371826171875,-16.35992431640625,3.545125961303711,,
,,199449,,,409.95168685913086,,,,,,
,,199449,,8.848905563354492,,,,,,,
127,,199449,,,,3.5486292839050293,-16.030986785888672,-16.51811981201172,3.5486292839050293,,
,,199499,,,418.1957244873047,,,,,,
,,199499,,24.01447296142578,,,,,,,
127,,199499,,,,3.5508651733398438,-15.682625770568848,-16.145166397094727,3.5508651733398438,,
,,199549,,,412.11462020874023,,,,,,
,,199549,,8.5601806640625,,,,,,,
127,,199549,,,,3.545929431915283,-15.854331970214844,-16.321199417114258,3.545929431915283,,
,,199599,,,415.03071784973145,,,,,,
,,199599,,28.303861618041992,,,,,,,
127,,199599,,,,3.547245502471924,-15.879938125610352,-16.36495018005371,3.547245502471924,,
,,199649,,,415.3139591217041,,,,,,
,,199649,,8.492231369018555,,,,,,,
127,,199649,,,,3.5546364784240723,-15.82674789428711,-16.30104637145996,3.5546364784240723,,
,,199699,,,411.121129989624,,,,,,
,,199699,,29.262065887451172,,,,,,,
127,,199699,,,,3.542489528656006,-15.816326141357422,-16.275039672851562,3.542489528656006,,
,,199749,,,414.75629806518555,,,,,,
,,199749,,8.044719696044922,,,,,,,
127,,199749,,,,3.5457894802093506,-16.181598663330078,-16.641958236694336,3.5457894802093506,,
,,199799,,,410.7840061187744,,,,,,
,,199799,,25.69413185119629,,,,,,,
127,,199799,,,,3.5524327754974365,-16.57254409790039,-17.051748275756836,3.5524327754974365,,
,,199849,,,410.73012351989746,,,,,,
,,199849,,7.919788360595703,,,,,,,
127,,199849,,,,3.5479016304016113,-16.188247680664062,-16.651838302612305,3.5479016304016113,,
,,199899,,,411.59582138061523,,,,,,
,,199899,,24.06787872314453,,,,,,,
127,,199899,,,,3.541874885559082,-15.800493240356445,-16.282793045043945,3.541874885559082,,
,,199949,,,413.5894775390625,,,,,,
,,199949,,8.559226989746094,,,,,,,
127,,199949,,,,3.5445926189422607,-15.80718994140625,-16.296876907348633,3.5445926189422607,,
,,199999,,,411.78202629089355,,,,,,
,,199999,,26.36408805847168,,,,,,,
127,,199999,,,,3.5439164638519287,-15.87734603881836,-16.33112907409668,3.5439164638519287,,
,,200049,,,413.85626792907715,,,,,,
,,200049,,7.356882095336914,,,,,,,
127,,200049,,,,3.5479469299316406,-16.12371826171875,-16.62495231628418,3.5479469299316406,,
127,,200063,,,,,,,,-15.921504974365234,-16.320505142211914
,,200064,777.9686319828033,,,,,,,,
,0.0003,200064,,,,,,,,,
,,200099,,,413.989782333374,,,,,,
,,200099,,28.214693069458008,,,,,,,
128,,200099,,,,3.5470921993255615,-15.855145454406738,-16.32893180847168,3.5470921993255615,,
,,200149,,,412.60337829589844,,,,,,
,,200149,,6.835222244262695,,,,,,,
128,,200149,,,,3.546940326690674,-16.0989990234375,-16.552270889282227,3.546940326690674,,
,,200199,,,408.966064453125,,,,,,
,,200199,,27.917146682739258,,,,,,,
128,,200199,,,,3.559229612350464,-15.599075317382812,-16.085411071777344,3.559229612350464,,
,,200249,,,414.67952728271484,,,,,,
,,200249,,6.656408309936523,,,,,,,
128,,200249,,,,3.555835723876953,-15.991996765136719,-16.458759307861328,3.555835723876953,,
,,200299,,,395.979642868042,,,,,,
,,200299,,27.02021598815918,,,,,,,
128,,200299,,,,3.550736665725708,-16.150150299072266,-16.60992431640625,3.550736665725708,,
,,200349,,,404.40964698791504,,,,,,
,,200349,,7.403135299682617,,,,,,,
128,,200349,,,,3.5526368618011475,-16.179889678955078,-16.650802612304688,3.5526368618011475,,
,,200399,,,413.1884574890137,,,,,,
,,200399,,26.64780616760254,,,,,,,
128,,200399,,,,3.5550761222839355,-15.655102729797363,-16.122482299804688,3.5550761222839355,,
,,200449,,,407.23395347595215,,,,,,
,,200449,,7.325887680053711,,,,,,,
128,,200449,,,,3.5479557514190674,-16.017921447753906,-16.480680465698242,3.5479557514190674,,
,,200499,,,412.3532772064209,,,,,,
,,200499,,25.366544723510742,,,,,,,
128,,200499,,,,3.5495316982269287,-16.16726303100586,-16.63555335998535,3.5495316982269287,,
,,200549,,,419.391393661499,,,,,,
,,200549,,9.577274322509766,,,,,,,
128,,200549,,,,3.550800085067749,-15.68031120300293,-16.132423400878906,3.550800085067749,,
,,200599,,,420.168399810791,,,,,,
,,200599,,24.7039794921875,,,,,,,
128,,200599,,,,3.54262638092041,-15.84529972076416,-16.29888343811035,3.54262638092041,,
,,200649,,,408.88452529907227,,,,,,
,,200649,,5.777835845947266,,,,,,,
128,,200649,,,,3.545624256134033,-16.156408309936523,-16.6241455078125,3.545624256134033,,
,,200699,,,412.7464294433594,,,,,,
,,200699,,27.112960815429688,,,,,,,
128,,200699,,,,3.546161413192749,-15.613399505615234,-16.074304580688477,3.546161413192749,,
,,200749,,,405.41672706604004,,,,,,
,,200749,,8.104085922241211,,,,,,,
128,,200749,,,,3.5399699211120605,-15.82054328918457,-16.29879379272461,3.5399699211120605,,
,,200799,,,410.8431339263916,,,,,,
,,200799,,28.087139129638672,,,,,,,
128,,200799,,,,3.550291061401367,-15.822975158691406,-16.288400650024414,3.550291061401367,,
,,200849,,,423.8872528076172,,,,,,
,,200849,,9.132146835327148,,,,,,,
128,,200849,,,,3.546454429626465,-16.156333923339844,-16.620508193969727,3.546454429626465,,
,,200899,,,406.2016010284424,,,,,,
,,200899,,23.984670639038086,,,,,,,
128,,200899,,,,3.5489537715911865,-16.057395935058594,-16.53940200805664,3.5489537715911865,,
,,200949,,,406.67223930358887,,,,,,
,,200949,,5.697488784790039,,,,,,,
128,,200949,,,,3.549767017364502,-16.19902801513672,-16.649805068969727,3.549767017364502,,
,,200999,,,406.54754638671875,,,,,,
,,200999,,26.18885040283203,,,,,,,
128,,200999,,,,3.541179656982422,-15.793912887573242,-16.256805419921875,3.541179656982422,,
,,201049,,,406.94379806518555,,,,,,
,,201049,,5.822181701660156,,,,,,,
128,,201049,,,,3.5443408489227295,-15.952046394348145,-16.40646743774414,3.5443408489227295,,
,,201099,,,414.36004638671875,,,,,,
,,201099,,24.901151657104492,,,,,,,
128,,201099,,,,3.5499913692474365,-15.967803001403809,-16.464847564697266,3.5499913692474365,,
,,201149,,,411.4377498626709,,,,,,
,,201149,,7.853984832763672,,,,,,,
128,,201149,,,,3.5524492263793945,-15.983990669250488,-16.45595932006836,3.5524492263793945,,
,,201199,,,409.1663360595703,,,,,,
,,201199,,26.509761810302734,,,,,,,
128,,201199,,,,3.545764446258545,-15.661431312561035,-16.11492347717285,3.545764446258545,,
,,201249,,,414.43371772766113,,,,,,
,,201249,,8.250236511230469,,,,,,,
128,,201249,,,,3.541504383087158,-15.652483940124512,-16.134563446044922,3.541504383087158,,
,,201299,,,415.43078422546387,,,,,,
,,201299,,28.145790100097656,,,,,,,
128,,201299,,,,3.5558812618255615,-16.224811553955078,-16.676151275634766,3.5558812618255615,,
,,201349,,,413.5549068450928,,,,,,
,,201349,,7.696390151977539,,,,,,,
128,,201349,,,,3.547250986099243,-15.94771957397461,-16.419536590576172,3.547250986099243,,
,,201399,,,407.2287082672119,,,,,,
,,201399,,23.482322692871094,,,,,,,
128,,201399,,,,3.5572314262390137,-16.23821258544922,-16.704931259155273,3.5572314262390137,,
,,201449,,,406.92710876464844,,,,,,
,,201449,,7.0972442626953125,,,,,,,
128,,201449,,,,3.5483720302581787,-15.932184219360352,-16.419723510742188,3.5483720302581787,,
,,201499,,,406.92663192749023,,,,,,
,,201499,,26.06201171875,,,,,,,
128,,201499,,,,3.5527524948120117,-16.347118377685547,-16.808713912963867,3.5527524948120117,,
,,201549,,,412.52732276916504,,,,,,
,,201549,,8.392572402954102,,,,,,,
128,,201549,,,,3.543330669403076,-16.069427490234375,-16.5296573638916,3.543330669403076,,
,,201599,,,416.09930992126465,,,,,,
,,201599,,27.611732482910156,,,,,,,
128,,201599,,,,3.5486881732940674,-16.194194793701172,-16.64927864074707,3.5486881732940674,,
128,,201626,,,,,,,,-15.922707557678223,-16.319995880126953
,,201627,777.1545097827911,,,,,,,,
,0.0003,201627,,,,,,,,,
,,201649,,,408.39171409606934,,,,,,
,,201649,,8.35275650024414,,,,,,,
129,,201649,,,,3.54897403717041,-15.792147636413574,-16.247926712036133,3.54897403717041,,
,,201699,,,414.9808883666992,,,,,,
,,201699,,25.207042694091797,,,,,,,
129,,201699,,,,3.5513789653778076,-15.884138107299805,-16.35923957824707,3.5513789653778076,,
,,201749,,,410.28523445129395,,,,,,
,,201749,,7.555484771728516,,,,,,,
129,,201749,,,,3.5421197414398193,-15.933538436889648,-16.40275764465332,3.5421197414398193,,
,,201799,,,404.5565128326416,,,,,,
,,201799,,26.313304901123047,,,,,,,
129,,201799,,,,3.551046133041382,-16.557395935058594,-17.030282974243164,3.551046133041382,,
,,201849,,,404.2515754699707,,,,,,
,,201849,,6.800413131713867,,,,,,,
129,,201849,,,,3.54728627204895,-15.94498062133789,-16.400297164916992,3.54728627204895,,
,,201899,,,415.54880142211914,,,,,,
,,201899,,29.247283935546875,,,,,,,
129,,201899,,,,3.5478341579437256,-16.121870040893555,-16.584802627563477,3.5478341579437256,,
,,201949,,,417.7732467651367,,,,,,
,,201949,,8.414506912231445,,,,,,,
129,,201949,,,,3.5460755825042725,-15.803028106689453,-16.261110305786133,3.5460755825042725,,
,,201999,,,416.5785312652588,,,,,,
,,201999,,24.404048919677734,,,,,,,
129,,201999,,,,3.5462334156036377,-15.940315246582031,-16.40130043029785,3.5462334156036377,,
,,202049,,,407.14478492736816,,,,,,
,,202049,,5.948543548583984,,,,,,,
129,,202049,,,,3.541454315185547,-16.06029510498047,-16.544198989868164,3.541454315185547,,
,,202099,,,410.93945503234863,,,,,,
,,202099,,25.34961700439453,,,,,,,
129,,202099,,,,3.558417320251465,-16.02256965637207,-16.485036849975586,3.558417320251465,,
,,202149,,,416.8739318847656,,,,,,
,,202149,,8.512020111083984,,,,,,,
129,,202149,,,,3.5462613105773926,-15.709434509277344,-16.174962997436523,3.5462613105773926,,
,,202199,,,416.6679382324219,,,,,,
,,202199,,27.57716178894043,,,,,,,
129,,202199,,,,3.558980941772461,-16.194278717041016,-16.65892219543457,3.558980941772461,,
,,202249,,,418.9133644104004,,,,,,
,,202249,,8.487224578857422,,,,,,,
129,,202249,,,,3.54827618598938,-16.07575225830078,-16.532451629638672,3.54827618598938,,
,,202299,,,413.72156143188477,,,,,,
,,202299,,23.24843406677246,,,,,,,
129,,202299,,,,3.548750638961792,-15.798389434814453,-16.2620906829834,3.548750638961792,,
,,202349,,,416.7327880859375,,,,,,
,,202349,,7.959127426147461,,,,,,,
129,,202349,,,,3.5500411987304688,-16.073976516723633,-16.560083389282227,3.5500411987304688,,
,,202399,,,419.48986053466797,,,,,,
,,202399,,23.44799041748047,,,,,,,
129,,202399,,,,3.548535108566284,-15.853912353515625,-16.32373046875,3.548535108566284,,
,,202449,,,408.7553024291992,,,,,,
,,202449,,6.5460205078125,,,,,,,
129,,202449,,,,3.547311305999756,-15.617026329040527,-16.09856414794922,3.547311305999756,,
,,202499,,,412.747859954834,,,,,,
,,202499,,27.940750122070312,,,,,,,
129,,202499,,,,3.557943105697632,-16.01959228515625,-16.507965087890625,3.557943105697632,,
,,202549,,,414.020299911499,,,,,,
,,202549,,8.496284484863281,,,,,,,
129,,202549,,,,3.542984962463379,-15.963157653808594,-16.429443359375,3.542984962463379,,
,,202599,,,413.35320472717285,,,,,,
,,202599,,25.323152542114258,,,,,,,
129,,202599,,,,3.5496861934661865,-15.93008804321289,-16.401161193847656,3.5496861934661865,,
,,202649,,,413.8181209564209,,,,,,
,,202649,,7.80034065246582,,,,,,,
129,,202649,,,,3.540771961212158,-16.106311798095703,-16.561067581176758,3.540771961212158,,
,,202699,,,412.79101371765137,,,,,,
,,202699,,24.417638778686523,,,,,,,
129,,202699,,,,3.5462536811828613,-15.995506286621094,-16.45480728149414,3.5462536811828613,,
,,202749,,,417.5252914428711,,,,,,
,,202749,,8.694171905517578,,,,,,,
129,,202749,,,,3.551283836364746,-16.088943481445312,-16.556800842285156,3.551283836364746,,
,,202799,,,408.59508514404297,,,,,,
,,202799,,28.44858169555664,,,,,,,
129,,202799,,,,3.554314613342285,-15.84145736694336,-16.315710067749023,3.554314613342285,,
,,202849,,,413.9535427093506,,,,,,
,,202849,,8.398771286010742,,,,,,,
129,,202849,,,,3.546377420425415,-16.241348266601562,-16.708593368530273,3.546377420425415,,
,,202899,,,413.0706787109375,,,,,,
,,202899,,25.72035789489746,,,,,,,
129,,202899,,,,3.5492751598358154,-16.033958435058594,-16.505619049072266,3.5492751598358154,,
,,202949,,,417.94872283935547,,,,,,
,,202949,,8.458375930786133,,,,,,,
129,,202949,,,,3.5426487922668457,-15.987239837646484,-16.438617706298828,3.5426487922668457,,
,,202999,,,420.076847076416,,,,,,
,,202999,,27.769804000854492,,,,,,,
129,,202999,,,,3.5492138862609863,-15.948685646057129,-16.41242790222168,3.5492138862609863,,
,,203049,,,414.08467292785645,,,,,,
,,203049,,7.457733154296875,,,,,,,
129,,203049,,,,3.5553808212280273,-16.154529571533203,-16.63338279724121,3.5553808212280273,,
,,203099,,,413.1484031677246,,,,,,
,,203099,,25.816917419433594,,,,,,,
129,,203099,,,,3.5552127361297607,-15.941825866699219,-16.40235710144043,3.5552127361297607,,
,,203149,,,424.1328239440918,,,,,,
,,203149,,6.3343048095703125,,,,,,,
129,,203149,,,,3.550950527191162,-16.454622268676758,-16.932403564453125,3.550950527191162,,
129,,203189,,,,,,,,-15.909821510314941,-16.301332473754883
,,203190,780.6881368160248,,,,,,,,
,0.0003,203190,,,,,,,,,
,,203199,,,410.50028800964355,,,,,,
,,203199,,24.264097213745117,,,,,,,
130,,203199,,,,3.551021099090576,-15.740781784057617,-16.20177459716797,3.551021099090576,,
,,203249,,,414.28685188293457,,,,,,
,,203249,,6.404638290405273,,,,,,,
130,,203249,,,,3.5465712547302246,-15.981971740722656,-16.449384689331055,3.5465712547302246,,
,,203299,,,413.5937690734863,,,,,,
,,203299,,27.56214141845703,,,,,,,
130,,203299,,,,3.553309202194214,-15.695865631103516,-16.16259002685547,3.553309202194214,,
,,203349,,,415.4090881347656,,,,,,
,,203349,,8.253097534179688,,,,,,,
130,,203349,,,,3.5526516437530518,-15.897693634033203,-16.35820198059082,3.5526516437530518,,
,,203399,,,414.933443069458,,,,,,
,,203399,,26.98969841003418,,,,,,,
130,,203399,,,,3.556767702102661,-16.038524627685547,-16.52762222290039,3.556767702102661,,
,,203449,,,423.01201820373535,,,,,,
,,203449,,7.862567901611328,,,,,,,
130,,203449,,,,3.544818878173828,-16.193994522094727,-16.65738296508789,3.544818878173828,,
,,203499,,,412.42027282714844,,,,,,
,,203499,,27.53734588623047,,,,,,,
130,,203499,,,,3.5507466793060303,-16.191272735595703,-16.667030334472656,3.5507466793060303,,
,,203549,,,407.3963165283203,,,,,,
,,203549,,8.517265319824219,,,,,,,
130,,203549,,,,3.552417516708374,-15.92629337310791,-16.389007568359375,3.552417516708374,,
,,203599,,,418.074369430542,,,,,,
,,203599,,24.55735206604004,,,,,,,
130,,203599,,,,3.545029878616333,-15.877073287963867,-16.344179153442383,3.545029878616333,,
,,203649,,,411.64565086364746,,,,,,
,,203649,,6.645679473876953,,,,,,,
130,,203649,,,,3.5498528480529785,-16.0398006439209,-16.493995666503906,3.5498528480529785,,
,,203699,,,417.9840087890625,,,,,,
,,203699,,29.259920120239258,,,,,,,
130,,203699,,,,3.545792579650879,-15.550024032592773,-16.01038932800293,3.545792579650879,,
,,203749,,,415.20047187805176,,,,,,
,,203749,,6.682634353637695,,,,,,,
130,,203749,,,,3.54457426071167,-16.138856887817383,-16.605371475219727,3.54457426071167,,
,,203799,,,417.38057136535645,,,,,,
,,203799,,24.554967880249023,,,,,,,
130,,203799,,,,3.542020082473755,-15.95321273803711,-16.420408248901367,3.542020082473755,,
,,203849,,,412.9343032836914,,,,,,
,,203849,,8.159637451171875,,,,,,,
130,,203849,,,,3.5458946228027344,-15.578621864318848,-16.050819396972656,3.5458946228027344,,
,,203899,,,419.79479789733887,,,,,,
,,203899,,28.63287925720215,,,,,,,
130,,203899,,,,3.5476198196411133,-16.245513916015625,-16.720945358276367,3.5476198196411133,,
,,203949,,,414.935827255249,,,,,,
,,203949,,7.465362548828125,,,,,,,
130,,203949,,,,3.5433437824249268,-16.05182647705078,-16.53260612487793,3.5433437824249268,,
,,203999,,,412.7047061920166,,,,,,
,,203999,,29.242992401123047,,,,,,,
130,,203999,,,,3.5436666011810303,-15.72043228149414,-16.19544219970703,3.5436666011810303,,
,,204049,,,420.85766792297363,,,,,,
,,204049,,8.00180435180664,,,,,,,
130,,204049,,,,3.554523229598999,-15.629807472229004,-16.103511810302734,3.554523229598999,,
,,204099,,,416.0130023956299,,,,,,
,,204099,,27.912378311157227,,,,,,,
130,,204099,,,,3.546967029571533,-16.1586856842041,-16.61598014831543,3.546967029571533,,
,,204149,,,431.1106204986572,,,,,,
,,204149,,8.759498596191406,,,,,,,
130,,204149,,,,3.5442874431610107,-15.903419494628906,-16.35440444946289,3.5442874431610107,,
,,204199,,,434.8330497741699,,,,,,
,,204199,,26.107072830200195,,,,,,,
130,,204199,,,,3.5448880195617676,-16.14983367919922,-16.60574722290039,3.5448880195617676,,
,,204249,,,428.21502685546875,,,,,,
,,204249,,8.081436157226562,,,,,,,
130,,204249,,,,3.5496838092803955,-15.921000480651855,-16.37226676940918,3.5496838092803955,,
,,204299,,,430.39751052856445,,,,,,
,,204299,,27.40788459777832,,,,,,,
130,,204299,,,,3.546905040740967,-16.027368545532227,-16.504791259765625,3.546905040740967,,
,,204349,,,441.8659210205078,,,,,,
,,204349,,8.837699890136719,,,,,,,
130,,204349,,,,3.546724557876587,-16.096843719482422,-16.567935943603516,3.546724557876587,,
,,204399,,,427.20651626586914,,,,,,
,,204399,,25.775671005249023,,,,,,,
130,,204399,,,,3.5507256984710693,-16.12188148498535,-16.59717559814453,3.5507256984710693,,
,,204449,,,438.08674812316895,,,,,,
,,204449,,8.92782211303711,,,,,,,
130,,204449,,,,3.552363872528076,-15.693696975708008,-16.154743194580078,3.552363872528076,,
,,204499,,,427.8576374053955,,,,,,
,,204499,,27.357816696166992,,,,,,,
130,,204499,,,,3.5519349575042725,-15.850393295288086,-16.319602966308594,3.5519349575042725,,
,,204549,,,430.2644729614258,,,,,,
,,204549,,8.959293365478516,,,,,,,
130,,204549,,,,3.5421254634857178,-15.720029830932617,-16.19104766845703,3.5421254634857178,,
,,204599,,,431.6449165344238,,,,,,
,,204599,,27.298688888549805,,,,,,,
130,,204599,,,,3.5532307624816895,-16.02407455444336,-16.491575241088867,3.5532307624816895,,
,,204649,,,432.5876235961914,,,,,,
,,204649,,8.649826049804688,,,,,,,
130,,204649,,,,3.553784132003784,-15.922279357910156,-16.404958724975586,3.553784132003784,,
,,204699,,,432.7692985534668,,,,,,
,,204699,,31.1739444732666,,,,,,,
130,,204699,,,,3.5457043647766113,-15.821889877319336,-16.279142379760742,3.5457043647766113,,
,,204749,,,428.7126064300537,,,,,,
,,204749,,9.152889251708984,,,,,,,
130,,204749,,,,3.5476579666137695,-16.226119995117188,-16.694976806640625,3.5476579666137695,,
130,,204752,,,,,,,,-15.913107872009277,-16.307334899902344
,,204753,791.3525454998016,,,,,,,,
,0.0003,204753,,,,,,,,,
,,204799,,,432.6772689819336,,,,,,
,,204799,,26.813745498657227,,,,,,,
131,,204799,,,,3.5494308471679688,-16.233928680419922,-16.707040786743164,3.5494308471679688,,
,,204849,,,433.0008029937744,,,,,,
,,204849,,8.420705795288086,,,,,,,
131,,204849,,,,3.5519256591796875,-16.1215763092041,-16.583009719848633,3.5519256591796875,,
,,204899,,,428.9860725402832,,,,,,
,,204899,,30.39264678955078,,,,,,,
131,,204899,,,,3.545172691345215,-16.147571563720703,-16.64398193359375,3.545172691345215,,
,,204949,,,426.15461349487305,,,,,,
,,204949,,9.160041809082031,,,,,,,
131,,204949,,,,3.5492916107177734,-15.886863708496094,-16.355777740478516,3.5492916107177734,,
,,204999,,,436.3105297088623,,,,,,
,,204999,,25.681018829345703,,,,,,,
131,,204999,,,,3.555500030517578,-16.056598663330078,-16.521564483642578,3.555500030517578,,
,,205049,,,427.19292640686035,,,,,,
,,205049,,8.99362564086914,,,,,,,
131,,205049,,,,3.551717519760132,-15.772699356079102,-16.242473602294922,3.551717519760132,,
,,205099,,,421.6756820678711,,,,,,
,,205099,,25.705575942993164,,,,,,,
131,,205099,,,,3.5475001335144043,-15.931992530822754,-16.404855728149414,3.5475001335144043,,
,,205149,,,435.6069564819336,,,,,,
,,205149,,8.864879608154297,,,,,,,
131,,205149,,,,3.541126012802124,-16.456806182861328,-16.92548370361328,3.541126012802124,,
,,205199,,,440.1834011077881,,,,,,
,,205199,,26.204586029052734,,,,,,,
131,,205199,,,,3.549625873565674,-15.735145568847656,-16.206331253051758,3.549625873565674,,
,,205249,,,431.2317371368408,,,,,,
,,205249,,9.317874908447266,,,,,,,
131,,205249,,,,3.5444891452789307,-16.034069061279297,-16.51156234741211,3.5444891452789307,,
,,205299,,,430.5837154388428,,,,,,
,,205299,,26.444435119628906,,,,,,,
131,,205299,,,,3.5459179878234863,-16.26565933227539,-16.730865478515625,3.5459179878234863,,
,,205349,,,429.9755096435547,,,,,,
,,205349,,8.756160736083984,,,,,,,
131,,205349,,,,3.5400614738464355,-15.833866119384766,-16.32237434387207,3.5400614738464355,,
,,205399,,,421.33474349975586,,,,,,
,,205399,,26.831626892089844,,,,,,,
131,,205399,,,,3.551332950592041,-15.654852867126465,-16.125516891479492,3.551332950592041,,
,,205449,,,430.92823028564453,,,,,,
,,205449,,10.318517684936523,,,,,,,
131,,205449,,,,3.5525896549224854,-15.770617485046387,-16.2574405670166,3.5525896549224854,,
,,205499,,,422.3363399505615,,,,,,
,,205499,,27.161598205566406,,,,,,,
131,,205499,,,,3.5578277111053467,-16.196269989013672,-16.66990852355957,3.5578277111053467,,
,,205549,,,422.5301742553711,,,,,,
,,205549,,10.7269287109375,,,,,,,
131,,205549,,,,3.539616584777832,-16.095869064331055,-16.56621742248535,3.539616584777832,,
,,205599,,,433.49313735961914,,,,,,
,,205599,,25.609493255615234,,,,,,,
131,,205599,,,,3.5490188598632812,-15.996317863464355,-16.467803955078125,3.5490188598632812,,
,,205649,,,429.5644760131836,,,,,,
,,205649,,8.170127868652344,,,,,,,
131,,205649,,,,3.545689582824707,-16.049880981445312,-16.504003524780273,3.545689582824707,,
,,205699,,,426.6824722290039,,,,,,
,,205699,,27.10723876953125,,,,,,,
131,,205699,,,,3.551274299621582,-15.946727752685547,-16.434574127197266,3.551274299621582,,
,,205749,,,426.3792037963867,,,,,,
,,205749,,10.000944137573242,,,,,,,
131,,205749,,,,3.546560049057007,-15.913068771362305,-16.39283561706543,3.546560049057007,,
,,205799,,,437.06655502319336,,,,,,
,,205799,,26.208162307739258,,,,,,,
131,,205799,,,,3.5510406494140625,-15.686759948730469,-16.13718032836914,3.5510406494140625,,
,,205849,,,416.3832664489746,,,,,,
,,205849,,8.223295211791992,,,,,,,
131,,205849,,,,3.54927921295166,-15.560466766357422,-16.017690658569336,3.54927921295166,,
,,205899,,,434.6315860748291,,,,,,
,,205899,,26.737213134765625,,,,,,,
131,,205899,,,,3.5434913635253906,-16.032054901123047,-16.51083755493164,3.5434913635253906,,
,,205949,,,432.74688720703125,,,,,,
,,205949,,8.596658706665039,,,,,,,
131,,205949,,,,3.546816825866699,-15.8828706741333,-16.365291595458984,3.546816825866699,,
,,205999,,,438.0676746368408,,,,,,
,,205999,,26.393651962280273,,,,,,,
131,,205999,,,,3.548452615737915,-15.805669784545898,-16.257963180541992,3.548452615737915,,
,,206049,,,432.06286430358887,,,,,,
,,206049,,8.775949478149414,,,,,,,
131,,206049,,,,3.5469882488250732,-15.802075386047363,-16.256006240844727,3.5469882488250732,,
,,206099,,,431.68044090270996,,,,,,
,,206099,,26.554107666015625,,,,,,,
131,,206099,,,,3.544626474380493,-15.843021392822266,-16.302274703979492,3.544626474380493,,
,,206149,,,430.2818775177002,,,,,,
,,206149,,8.324861526489258,,,,,,,
131,,206149,,,,3.5508673191070557,-16.037546157836914,-16.506563186645508,3.5508673191070557,,
,,206199,,,433.1502914428711,,,,,,
,,206199,,27.978897094726562,,,,,,,
131,,206199,,,,3.551154136657715,-16.07196044921875,-16.546215057373047,3.551154136657715,,
,,206249,,,432.77740478515625,,,,,,
,,206249,,10.226726531982422,,,,,,,
131,,206249,,,,3.5521352291107178,-15.840600967407227,-16.309263229370117,3.5521352291107178,,
,,206299,,,432.567834854126,,,,,,
,,206299,,26.433706283569336,,,,,,,
131,,206299,,,,3.5450072288513184,-15.817659378051758,-16.28520393371582,3.5450072288513184,,
131,,206315,,,,,,,,-15.917101860046387,-16.308074951171875
,,206316,808.5736885070801,,,,,,,,
,0.0003,206316,,,,,,,,,
,,206349,,,430.71579933166504,,,,,,
,,206349,,9.063720703125,,,,,,,
132,,206349,,,,3.544217824935913,-16.0183162689209,-16.510379791259766,3.544217824935913,,
,,206399,,,432.5885772705078,,,,,,
,,206399,,25.589942932128906,,,,,,,
132,,206399,,,,3.5477471351623535,-15.994071006774902,-16.455339431762695,3.5477471351623535,,
,,206449,,,428.94887924194336,,,,,,
,,206449,,8.58163833618164,,,,,,,
132,,206449,,,,3.552945852279663,-15.661808013916016,-16.134782791137695,3.552945852279663,,
,,206499,,,434.57555770874023,,,,,,
,,206499,,28.890132904052734,,,,,,,
132,,206499,,,,3.545863151550293,-15.597054481506348,-16.07038688659668,3.545863151550293,,
,,206549,,,427.9923439025879,,,,,,
,,206549,,10.268688201904297,,,,,,,
132,,206549,,,,3.541330099105835,-15.776704788208008,-16.23782730102539,3.541330099105835,,
,,206599,,,429.57139015197754,,,,,,
,,206599,,26.137351989746094,,,,,,,
132,,206599,,,,3.543764352798462,-15.972922325134277,-16.444461822509766,3.543764352798462,,
,,206649,,,424.2572784423828,,,,,,
,,206649,,8.354663848876953,,,,,,,
132,,206649,,,,3.5469014644622803,-15.541640281677246,-16.0054931640625,3.5469014644622803,,
,,206699,,,430.117130279541,,,,,,
,,206699,,26.08966827392578,,,,,,,
132,,206699,,,,3.5444021224975586,-15.943860054016113,-16.424198150634766,3.5444021224975586,,
,,206749,,,431.40697479248047,,,,,,
,,206749,,8.792638778686523,,,,,,,
132,,206749,,,,3.5477190017700195,-16.110923767089844,-16.58134651184082,3.5477190017700195,,
,,206799,,,426.53799057006836,,,,,,
,,206799,,29.735326766967773,,,,,,,
132,,206799,,,,3.5490031242370605,-15.943984985351562,-16.393156051635742,3.5490031242370605,,
,,206849,,,430.2065372467041,,,,,,
,,206849,,9.104728698730469,,,,,,,
132,,206849,,,,3.5426928997039795,-16.079940795898438,-16.58146095275879,3.5426928997039795,,
,,206899,,,436.39469146728516,,,,,,
,,206899,,26.60679817199707,,,,,,,
132,,206899,,,,3.554887533187866,-15.848857879638672,-16.308120727539062,3.554887533187866,,
,,206949,,,428.7724494934082,,,,,,
,,206949,,9.185791015625,,,,,,,
132,,206949,,,,3.5474791526794434,-15.893640518188477,-16.38774871826172,3.5474791526794434,,
,,206999,,,426.6223907470703,,,,,,
,,206999,,26.256561279296875,,,,,,,
132,,206999,,,,3.548539876937866,-16.222347259521484,-16.68138885498047,3.548539876937866,,
,,207049,,,430.66978454589844,,,,,,
,,207049,,8.906126022338867,,,,,,,
132,,207049,,,,3.5462772846221924,-16.16480255126953,-16.613500595092773,3.5462772846221924,,
,,207099,,,430.53340911865234,,,,,,
,,207099,,29.536962509155273,,,,,,,
132,,207099,,,,3.553354501724243,-16.004335403442383,-16.474294662475586,3.553354501724243,,
,,207149,,,435.10890007019043,,,,,,
,,207149,,8.416414260864258,,,,,,,
132,,207149,,,,3.5470733642578125,-15.929420471191406,-16.41706657409668,3.5470733642578125,,
,,207199,,,428.00116539001465,,,,,,
,,207199,,30.443191528320312,,,,,,,
132,,207199,,,,3.547032356262207,-16.17839813232422,-16.641098022460938,3.547032356262207,,
,,207249,,,430.33599853515625,,,,,,
,,207249,,8.966922760009766,,,,,,,
132,,207249,,,,3.547011137008667,-16.02808380126953,-16.482118606567383,3.547011137008667,,
,,207299,,,423.50006103515625,,,,,,
,,207299,,29.323816299438477,,,,,,,
132,,207299,,,,3.538982391357422,-15.771912574768066,-16.23824119567871,3.538982391357422,,
,,207349,,,426.63049697875977,,,,,,
,,207349,,8.863210678100586,,,,,,,
132,,207349,,,,3.544985294342041,-15.8692626953125,-16.322301864624023,3.544985294342041,,
,,207399,,,436.14983558654785,,,,,,
,,207399,,26.438236236572266,,,,,,,
132,,207399,,,,3.5540478229522705,-15.969148635864258,-16.46013069152832,3.5540478229522705,,
,,207449,,,433.34126472473145,,,,,,
,,207449,,8.939743041992188,,,,,,,
132,,207449,,,,3.547553539276123,-15.719856262207031,-16.17001724243164,3.547553539276123,,
,,207499,,,427.72436141967773,,,,,,
,,207499,,26.35645866394043,,,,,,,
132,,207499,,,,3.5477609634399414,-15.840261459350586,-16.32155418395996,3.5477609634399414,,
,,207549,,,426.26237869262695,,,,,,
,,207549,,7.994413375854492,,,,,,,
132,,207549,,,,3.54611873626709,-15.813528060913086,-16.28309440612793,3.54611873626709,,
,,207599,,,424.2830276489258,,,,,,
,,207599,,26.507854461669922,,,,,,,
132,,207599,,,,3.5437190532684326,-16.200176239013672,-16.65784454345703,3.5437190532684326,,
,,207649,,,429.882287979126,,,,,,
,,207649,,10.129213333129883,,,,,,,
132,,207649,,,,3.545034170150757,-15.62105941772461,-16.079343795776367,3.545034170150757,,
,,207699,,,430.8924674987793,,,,,,
,,207699,,27.498960494995117,,,,,,,
132,,207699,,,,3.5470921993255615,-15.8068208694458,-16.28792953491211,3.5470921993255615,,
,,207749,,,426.2824058532715,,,,,,
,,207749,,10.166645050048828,,,,,,,
132,,207749,,,,3.541846513748169,-15.356339454650879,-15.837111473083496,3.541846513748169,,
,,207799,,,425.65441131591797,,,,,,
,,207799,,28.00774574279785,,,,,,,
132,,207799,,,,3.5491583347320557,-15.974344253540039,-16.452495574951172,3.5491583347320557,,
,,207849,,,426.63121223449707,,,,,,
,,207849,,7.491588592529297,,,,,,,
132,,207849,,,,3.547398090362549,-16.016521453857422,-16.493865966796875,3.547398090362549,,
132,,207878,,,,,,,,-15.910518646240234,-16.301761627197266
,,207879,805.7350225448608,,,,,,,,
,0.0003,207879,,,,,,,,,
,,207899,,,429.48436737060547,,,,,,
,,207899,,25.473833084106445,,,,,,,
133,,207899,,,,3.549344778060913,-16.00061798095703,-16.47570037841797,3.549344778060913,,
,,207949,,,430.5903911590576,,,,,,
,,207949,,10.44154167175293,,,,,,,
133,,207949,,,,3.5434117317199707,-16.144859313964844,-16.60026741027832,3.5434117317199707,,
,,207999,,,423.23803901672363,,,,,,
,,207999,,25.211334228515625,,,,,,,
133,,207999,,,,3.55184006690979,-16.09876823425293,-16.587406158447266,3.55184006690979,,
,,208049,,,426.485538482666,,,,,,
,,208049,,8.71133804321289,,,,,,,
133,,208049,,,,3.5487000942230225,-16.250728607177734,-16.680641174316406,3.5487000942230225,,
,,208099,,,426.0985851287842,,,,,,
,,208099,,28.246641159057617,,,,,,,
133,,208099,,,,3.5526528358459473,-15.978682518005371,-16.45746612548828,3.5526528358459473,,
,,208149,,,432.18421936035156,,,,,,
,,208149,,8.573532104492188,,,,,,,
133,,208149,,,,3.547283172607422,-15.783976554870605,-16.242473602294922,3.547283172607422,,
,,208199,,,431.40625953674316,,,,,,
,,208199,,29.48451042175293,,,,,,,
133,,208199,,,,3.549015998840332,-16.314281463623047,-16.76656150817871,3.549015998840332,,
,,208249,,,433.5176944732666,,,,,,
,,208249,,8.254528045654297,,,,,,,
133,,208249,,,,3.5472586154937744,-15.93443489074707,-16.38463020324707,3.5472586154937744,,
,,208299,,,435.5931282043457,,,,,,
,,208299,,25.64263343811035,,,,,,,
133,,208299,,,,3.545032024383545,-16.012866973876953,-16.460786819458008,3.545032024383545,,
,,208349,,,424.1793155670166,,,,,,
,,208349,,8.169412612915039,,,,,,,
133,,208349,,,,3.5430312156677246,-15.886380195617676,-16.3585205078125,3.5430312156677246,,
,,208399,,,425.2767562866211,,,,,,
,,208399,,25.94900131225586,,,,,,,
133,,208399,,,,3.541086435317993,-16.089412689208984,-16.54775047302246,3.541086435317993,,
,,208449,,,431.8835735321045,,,,,,
,,208449,,10.028839111328125,,,,,,,
133,,208449,,,,3.546515703201294,-15.886606216430664,-16.340282440185547,3.546515703201294,,
,,208499,,,431.9732189178467,,,,,,
,,208499,,27.175426483154297,,,,,,,
133,,208499,,,,3.5453970432281494,-15.548056602478027,-16.004117965698242,3.5453970432281494,,
,,208549,,,431.26583099365234,,,,,,
,,208549,,8.631467819213867,,,,,,,
133,,208549,,,,3.542612314224243,-16.26034927368164,-16.72764778137207,3.542612314224243,,
,,208599,,,431.58698081970215,,,,,,
,,208599,,26.075363159179688,,,,,,,
133,,208599,,,,3.5470170974731445,-15.676759719848633,-16.168643951416016,3.5470170974731445,,
,,208649,,,430.5565357208252,,,,,,
,,208649,,10.492801666259766,,,,,,,
133,,208649,,,,3.5500590801239014,-15.56985855102539,-16.0621280670166,3.5500590801239014,,
,,208699,,,429.0733337402344,,,,,,
,,208699,,28.35392951965332,,,,,,,
133,,208699,,,,3.5491771697998047,-16.087486267089844,-16.541698455810547,3.5491771697998047,,
,,208749,,,425.63605308532715,,,,,,
,,208749,,10.151863098144531,,,,,,,
133,,208749,,,,3.548084020614624,-15.947249412536621,-16.41539764404297,3.548084020614624,,
,,208799,,,422.00636863708496,,,,,,
,,208799,,25.88057518005371,,,,,,,
133,,208799,,,,3.5480589866638184,-15.796266555786133,-16.25383949279785,3.5480589866638184,,
,,208849,,,420.1197624206543,,,,,,
,,208849,,7.947444915771484,,,,,,,
133,,208849,,,,3.551381826400757,-15.592876434326172,-16.057661056518555,3.551381826400757,,
,,208899,,,424.9143600463867,,,,,,
,,208899,,25.53081512451172,,,,,,,
133,,208899,,,,3.5524799823760986,-15.76708698272705,-16.246002197265625,3.5524799823760986,,
,,208949,,,421.2939739227295,,,,,,
,,208949,,8.198261260986328,,,,,,,
133,,208949,,,,3.5479161739349365,-16.07979393005371,-16.532489776611328,3.5479161739349365,,
,,208999,,,427.31261253356934,,,,,,
,,208999,,27.094602584838867,,,,,,,
133,,208999,,,,3.554608106613159,-15.889598846435547,-16.35599136352539,3.554608106613159,,
,,209049,,,427.45137214660645,,,,,,
,,209049,,8.179187774658203,,,,,,,
133,,209049,,,,3.549971342086792,-15.692482948303223,-16.1685791015625,3.549971342086792,,
,,209099,,,429.628849029541,,,,,,
,,209099,,28.012752532958984,,,,,,,
133,,209099,,,,3.549818754196167,-15.747339248657227,-16.21739387512207,3.549818754196167,,
,,209149,,,423.9053726196289,,,,,,
,,209149,,8.10861587524414,,,,,,,
133,,209149,,,,3.547368049621582,-16.426002502441406,-16.88920783996582,3.547368049621582,,
,,209199,,,430.39727210998535,,,,,,
,,209199,,25.185823440551758,,,,,,,
133,,209199,,,,3.5443615913391113,-15.788505554199219,-16.251949310302734,3.5443615913391113,,
,,209249,,,424.8526096343994,,,,,,
,,209249,,7.61723518371582,,,,,,,
133,,209249,,,,3.5541560649871826,-15.871811866760254,-16.331762313842773,3.5541560649871826,,
,,209299,,,429.9595355987549,,,,,,
,,209299,,27.24289894104004,,,,,,,
133,,209299,,,,3.539276361465454,-16.26327896118164,-16.74895477294922,3.539276361465454,,
,,209349,,,423.21085929870605,,,,,,
,,209349,,7.417917251586914,,,,,,,
133,,209349,,,,3.54775333404541,-16.213932037353516,-16.695173263549805,3.54775333404541,,
,,209399,,,432.83891677856445,,,,,,
,,209399,,25.769948959350586,,,,,,,
133,,209399,,,,3.547941207885742,-15.792729377746582,-16.235593795776367,3.547941207885742,,
133,,209441,,,,,,,,-15.91315746307373,-16.30406951904297
,,209442,803.2820038795471,,,,,,,,
,0.0003,209442,,,,,,,,,
,,209449,,,437.43276596069336,,,,,,
,,209449,,9.327888488769531,,,,,,,
134,,209449,,,,3.5491998195648193,-16.145137786865234,-16.63764190673828,3.5491998195648193,,
,,209499,,,431.88953399658203,,,,,,
,,209499,,26.274919509887695,,,,,,,
134,,209499,,,,3.5431904792785645,-15.484264373779297,-15.950922966003418,3.5431904792785645,,
,,209549,,,427.5965690612793,,,,,,
,,209549,,9.176015853881836,,,,,,,
134,,209549,,,,3.551321029663086,-16.379310607910156,-16.849035263061523,3.551321029663086,,
,,209599,,,426.85461044311523,,,,,,
,,209599,,25.621652603149414,,,,,,,
134,,209599,,,,3.548240900039673,-16.153430938720703,-16.610368728637695,3.548240900039673,,
,,209649,,,432.8453540802002,,,,,,
,,209649,,8.410453796386719,,,,,,,
134,,209649,,,,3.5525777339935303,-16.121410369873047,-16.57549476623535,3.5525777339935303,,
,,209699,,,429.9483299255371,,,,,,
,,209699,,25.859832763671875,,,,,,,
134,,209699,,,,3.5471158027648926,-15.589714050292969,-16.047760009765625,3.5471158027648926,,
,,209749,,,435.3330135345459,,,,,,
,,209749,,9.718894958496094,,,,,,,
134,,209749,,,,3.5500218868255615,-15.938077926635742,-16.406557083129883,3.5500218868255615,,
,,209799,,,428.02953720092773,,,,,,
,,209799,,26.404619216918945,,,,,,,
134,,209799,,,,3.54451584815979,-16.02394676208496,-16.508634567260742,3.54451584815979,,
,,209849,,,431.7176342010498,,,,,,
,,209849,,9.627819061279297,,,,,,,
134,,209849,,,,3.547882556915283,-15.809709548950195,-16.267230987548828,3.547882556915283,,
,,209899,,,437.1068477630615,,,,,,
,,209899,,25.876522064208984,,,,,,,
134,,209899,,,,3.5523157119750977,-16.022174835205078,-16.503055572509766,3.5523157119750977,,
,,209949,,,423.42376708984375,,,,,,
,,209949,,9.821176528930664,,,,,,,
134,,209949,,,,3.546510934829712,-16.20092010498047,-16.659738540649414,3.546510934829712,,
,,209999,,,427.60729789733887,,,,,,
,,209999,,28.6712646484375,,,,,,,
134,,209999,,,,3.5409274101257324,-16.163818359375,-16.625102996826172,3.5409274101257324,,
,,210049,,,425.6901741027832,,,,,,
,,210049,,9.149551391601562,,,,,,,
134,,210049,,,,3.5565264225006104,-15.806938171386719,-16.268688201904297,3.5565264225006104,,
,,210099,,,429.09908294677734,,,,,,
,,210099,,30.467748641967773,,,,,,,
134,,210099,,,,3.554121255874634,-16.063934326171875,-16.528493881225586,3.554121255874634,,
,,210149,,,424.1182804107666,,,,,,
,,210149,,9.092092514038086,,,,,,,
134,,210149,,,,3.544623851776123,-15.756454467773438,-16.227527618408203,3.544623851776123,,
,,210199,,,427.4120330810547,,,,,,
,,210199,,30.829906463623047,,,,,,,
134,,210199,,,,3.5573246479034424,-15.824711799621582,-16.304853439331055,3.5573246479034424,,
,,210249,,,425.142765045166,,,,,,
,,210249,,7.972955703735352,,,,,,,
134,,210249,,,,3.547004222869873,-16.20987319946289,-16.676889419555664,3.547004222869873,,
,,210299,,,424.26586151123047,,,,,,
,,210299,,25.388240814208984,,,,,,,
134,,210299,,,,3.5446791648864746,-15.510136604309082,-15.979706764221191,3.5446791648864746,,
,,210349,,,410.69769859313965,,,,,,
,,210349,,6.927967071533203,,,,,,,
134,,210349,,,,3.549023389816284,-15.755378723144531,-16.217714309692383,3.549023389816284,,
,,210399,,,407.8488349914551,,,,,,
,,210399,,26.047229766845703,,,,,,,
134,,210399,,,,3.5529699325561523,-16.145126342773438,-16.617145538330078,3.5529699325561523,,
,,210449,,,413.85817527770996,,,,,,
,,210449,,9.491443634033203,,,,,,,
134,,210449,,,,3.551422119140625,-15.656743049621582,-16.129669189453125,3.551422119140625,,
,,210499,,,412.9810333251953,,,,,,
,,210499,,26.58247947692871,,,,,,,
134,,210499,,,,3.5454721450805664,-16.269121170043945,-16.7564640045166,3.5454721450805664,,
,,210549,,,401.0651111602783,,,,,,
,,210549,,8.334159851074219,,,,,,,
134,,210549,,,,3.552703380584717,-16.116111755371094,-16.588687896728516,3.552703380584717,,
,,210599,,,405.1659107208252,,,,,,
,,210599,,25.014638900756836,,,,,,,
134,,210599,,,,3.5525786876678467,-15.714539527893066,-16.18226432800293,3.5525786876678467,,
,,210649,,,411.34047508239746,,,,,,
,,210649,,7.186174392700195,,,,,,,
134,,210649,,,,3.5525460243225098,-16.207691192626953,-16.68219757080078,3.5525460243225098,,
,,210699,,,406.17847442626953,,,,,,
,,210699,,30.00640869140625,,,,,,,
134,,210699,,,,3.541325092315674,-15.919634819030762,-16.392501831054688,3.541325092315674,,
,,210749,,,408.0469608306885,,,,,,
,,210749,,5.61070442199707,,,,,,,
134,,210749,,,,3.5452804565429688,-15.538141250610352,-15.997675895690918,3.5452804565429688,,
,,210799,,,408.0376625061035,,,,,,
,,210799,,23.436546325683594,,,,,,,
134,,210799,,,,3.545480489730835,-15.65356731414795,-16.121158599853516,3.545480489730835,,
,,210849,,,404.3748378753662,,,,,,
,,210849,,6.62684440612793,,,,,,,
134,,210849,,,,3.5425028800964355,-15.421978950500488,-15.87860107421875,3.5425028800964355,,
,,210899,,,406.2519073486328,,,,,,
,,210899,,26.162385940551758,,,,,,,
134,,210899,,,,3.5456559658050537,-16.020299911499023,-16.49489402770996,3.5456559658050537,,
,,210949,,,399.56212043762207,,,,,,
,,210949,,8.415460586547852,,,,,,,
134,,210949,,,,3.551326274871826,-15.768525123596191,-16.21294593811035,3.551326274871826,,
,,210999,,,411.029577255249,,,,,,
,,210999,,24.959802627563477,,,,,,,
134,,210999,,,,3.5517468452453613,-16.119365692138672,-16.59429931640625,3.5517468452453613,,
134,,211004,,,,,,,,-15.917535781860352,-16.307016372680664
,,211005,790.4182209968567,,,,,,,,
,0.0003,211005,,,,,,,,,
,,211049,,,415.59839248657227,,,,,,
,,211049,,5.579948425292969,,,,,,,
135,,211049,,,,3.544285774230957,-15.837357521057129,-16.29869842529297,3.544285774230957,,
,,211099,,,403.14674377441406,,,,,,
,,211099,,23.20098876953125,,,,,,,
135,,211099,,,,3.5466113090515137,-16.04153823852539,-16.51280403137207,3.5466113090515137,,
,,211149,,,409.6090793609619,,,,,,
,,211149,,7.037878036499023,,,,,,,
135,,211149,,,,3.551410436630249,-16.027379989624023,-16.47773551940918,3.551410436630249,,
,,211199,,,404.19816970825195,,,,,,
,,211199,,23.10490608215332,,,,,,,
135,,211199,,,,3.555915117263794,-15.540491104125977,-16.03754425048828,3.555915117263794,,
,,211249,,,398.4570503234863,,,,,,
,,211249,,5.50532341003418,,,,,,,
135,,211249,,,,3.550285816192627,-16.15478515625,-16.609882354736328,3.550285816192627,,
,,211299,,,407.698392868042,,,,,,
,,211299,,25.55561065673828,,,,,,,
135,,211299,,,,3.5540225505828857,-16.100727081298828,-16.544897079467773,3.5540225505828857,,
,,211349,,,407.2246551513672,,,,,,
,,211349,,8.330821990966797,,,,,,,
135,,211349,,,,3.5455117225646973,-15.988771438598633,-16.484636306762695,3.5455117225646973,,
,,211399,,,412.34898567199707,,,,,,
,,211399,,23.296833038330078,,,,,,,
135,,211399,,,,3.544400453567505,-16.254589080810547,-16.71626853942871,3.544400453567505,,
,,211449,,,400.44426918029785,,,,,,
,,211449,,5.692481994628906,,,,,,,
135,,211449,,,,3.5432372093200684,-15.722068786621094,-16.162322998046875,3.5432372093200684,,
,,211499,,,407.38391876220703,,,,,,
,,211499,,25.270700454711914,,,,,,,
135,,211499,,,,3.5527942180633545,-15.682971954345703,-16.140811920166016,3.5527942180633545,,
,,211549,,,406.40878677368164,,,,,,
,,211549,,5.609750747680664,,,,,,,
135,,211549,,,,3.543586015701294,-16.27324676513672,-16.75474739074707,3.543586015701294,,
,,211599,,,413.1278991699219,,,,,,
,,211599,,22.881746292114258,,,,,,,
135,,211599,,,,3.5524418354034424,-15.939590454101562,-16.405529022216797,3.5524418354034424,,
,,211649,,,409.17086601257324,,,,,,
,,211649,,7.541179656982422,,,,,,,
135,,211649,,,,3.548884153366089,-16.19477081298828,-16.663925170898438,3.548884153366089,,
,,211699,,,406.4607620239258,,,,,,
,,211699,,27.324438095092773,,,,,,,
135,,211699,,,,3.5532524585723877,-15.863551139831543,-16.315479278564453,3.5532524585723877,,
,,211749,,,407.3634147644043,,,,,,
,,211749,,7.2307586669921875,,,,,,,
135,,211749,,,,3.5535876750946045,-15.911831855773926,-16.371999740600586,3.5535876750946045,,
,,211799,,,415.24624824523926,,,,,,
,,211799,,27.49466896057129,,,,,,,
135,,211799,,,,3.5606160163879395,-16.282020568847656,-16.75328254699707,3.5606160163879395,,
,,211849,,,405.02119064331055,,,,,,
,,211849,,7.741451263427734,,,,,,,
135,,211849,,,,3.5537984371185303,-16.229198455810547,-16.674800872802734,3.5537984371185303,,
,,211899,,,397.6936340332031,,,,,,
,,211899,,23.34451675415039,,,,,,,
135,,211899,,,,3.5496203899383545,-16.10698699951172,-16.569347381591797,3.5496203899383545,,
,,211949,,,411.21983528137207,,,,,,
,,211949,,8.461713790893555,,,,,,,
135,,211949,,,,3.5382845401763916,-16.18553924560547,-16.65699577331543,3.5382845401763916,,
,,211999,,,406.599760055542,,,,,,
,,211999,,23.450136184692383,,,,,,,
135,,211999,,,,3.5389111042022705,-15.864034652709961,-16.332298278808594,3.5389111042022705,,
,,212049,,,403.6271572113037,,,,,,
,,212049,,5.573272705078125,,,,,,,
135,,212049,,,,3.5420901775360107,-15.825286865234375,-16.30040740966797,3.5420901775360107,,
,,212099,,,405.3668975830078,,,,,,
,,212099,,22.933244705200195,,,,,,,
135,,212099,,,,3.545315742492676,-15.911166191101074,-16.37448501586914,3.545315742492676,,
,,212149,,,405.8549404144287,,,,,,
,,212149,,5.678653717041016,,,,,,,
135,,212149,,,,3.549227714538574,-15.70370864868164,-16.167152404785156,3.549227714538574,,
,,212199,,,419.45362091064453,,,,,,
,,212199,,25.836944580078125,,,,,,,
135,,212199,,,,3.5433850288391113,-15.972576141357422,-16.444692611694336,3.5433850288391113,,
,,212249,,,414.2494201660156,,,,,,
,,212249,,5.700349807739258,,,,,,,
135,,212249,,,,3.5472099781036377,-16.095603942871094,-16.560165405273438,3.5472099781036377,,
,,212299,,,415.7745838165283,,,,,,
,,212299,,27.5113582611084,,,,,,,
135,,212299,,,,3.5488996505737305,-15.927780151367188,-16.394325256347656,3.5488996505737305,,
,,212349,,,415.42696952819824,,,,,,
,,212349,,7.0343017578125,,,,,,,
135,,212349,,,,3.547013998031616,-16.394519805908203,-16.846805572509766,3.547013998031616,,
,,212399,,,408.71667861938477,,,,,,
,,212399,,27.313232421875,,,,,,,
135,,212399,,,,3.5456247329711914,-15.702122688293457,-16.15848159790039,3.5456247329711914,,
,,212449,,,412.34707832336426,,,,,,
,,212449,,8.476495742797852,,,,,,,
135,,212449,,,,3.5493650436401367,-15.656015396118164,-16.093473434448242,3.5493650436401367,,
,,212499,,,408.2655906677246,,,,,,
,,212499,,22.948503494262695,,,,,,,
135,,212499,,,,3.5549888610839844,-16.150415420532227,-16.628137588500977,3.5549888610839844,,
,,212549,,,403.6257266998291,,,,,,
,,212549,,5.559682846069336,,,,,,,
135,,212549,,,,3.5555062294006348,-15.89338493347168,-16.359516143798828,3.5555062294006348,,
135,,212567,,,,,,,,-15.908401489257812,-16.297021865844727
,,212568,770.8218176364899,,,,,,,,
,0.0003,212568,,,,,,,,,
,,212599,,,411.6554260253906,,,,,,
,,212599,,29.163360595703125,,,,,,,
136,,212599,,,,3.548285722732544,-15.670828819274902,-16.13897705078125,3.548285722732544,,
,,212649,,,411.29231452941895,,,,,,
,,212649,,7.477760314941406,,,,,,,
136,,212649,,,,3.547581672668457,-16.09943389892578,-16.56865119934082,3.547581672668457,,
,,212699,,,414.6075248718262,,,,,,
,,212699,,24.798870086669922,,,,,,,
136,,212699,,,,3.546961545944214,-16.194931030273438,-16.67578887939453,3.546961545944214,,
,,212749,,,410.691499710083,,,,,,
,,212749,,8.265495300292969,,,,,,,
136,,212749,,,,3.546757936477661,-16.301000595092773,-16.78262710571289,3.546757936477661,,
,,212799,,,415.571928024292,,,,,,
,,212799,,26.323795318603516,,,,,,,
136,,212799,,,,3.557271718978882,-16.157001495361328,-16.63445281982422,3.557271718978882,,
,,212849,,,413.81335258483887,,,,,,
,,212849,,5.644321441650391,,,,,,,
136,,212849,,,,3.5454699993133545,-16.029529571533203,-16.48907470703125,3.5454699993133545,,
,,212899,,,414.905309677124,,,,,,
,,212899,,28.65314483642578,,,,,,,
136,,212899,,,,3.5472679138183594,-16.0863094329834,-16.54407501220703,3.5472679138183594,,
,,212949,,,415.2793884277344,,,,,,
,,212949,,5.873203277587891,,,,,,,
136,,212949,,,,3.5452117919921875,-15.947334289550781,-16.4234619140625,3.5452117919921875,,
,,212999,,,413.0897521972656,,,,,,
,,212999,,29.116392135620117,,,,,,,
136,,212999,,,,3.550410270690918,-15.864381790161133,-16.341127395629883,3.550410270690918,,
,,213049,,,416.8353080749512,,,,,,
,,213049,,6.771564483642578,,,,,,,
136,,213049,,,,3.5474236011505127,-15.948502540588379,-16.42338752746582,3.5474236011505127,,
,,213099,,,411.6799831390381,,,,,,
,,213099,,27.26888656616211,,,,,,,
136,,213099,,,,3.5520222187042236,-16.201160430908203,-16.67803382873535,3.5520222187042236,,
,,213149,,,416.1860942840576,,,,,,
,,213149,,7.237672805786133,,,,,,,
136,,213149,,,,3.5463812351226807,-15.684521675109863,-16.153564453125,3.5463812351226807,,
,,213199,,,415.21453857421875,,,,,,
,,213199,,23.670434951782227,,,,,,,
136,,213199,,,,3.5537588596343994,-15.485352516174316,-15.93195629119873,3.5537588596343994,,
,,213249,,,399.2781639099121,,,,,,
,,213249,,5.85174560546875,,,,,,,
136,,213249,,,,3.5473175048828125,-16.141435623168945,-16.60984992980957,3.5473175048828125,,
,,213299,,,396.9109058380127,,,,,,
,,213299,,23.2236385345459,,,,,,,
136,,213299,,,,3.5507915019989014,-16.205469131469727,-16.677001953125,3.5507915019989014,,
,,213349,,,403.2285213470459,,,,,,
,,213349,,5.866527557373047,,,,,,,
136,,213349,,,,3.554380178451538,-16.3111515045166,-16.78862190246582,3.554380178451538,,
,,213399,,,397.9663848876953,,,,,,
,,213399,,23.221969604492188,,,,,,,
136,,213399,,,,3.5502941608428955,-15.748993873596191,-16.210796356201172,3.5502941608428955,,
,,213449,,,404.01577949523926,,,,,,
,,213449,,9.078741073608398,,,,,,,
136,,213449,,,,3.5475902557373047,-16.264911651611328,-16.73970603942871,3.5475902557373047,,
,,213499,,,415.1496887207031,,,,,,
,,213499,,27.611494064331055,,,,,,,
136,,213499,,,,3.5435681343078613,-16.334821701049805,-16.814199447631836,3.5435681343078613,,
,,213549,,,405.11059761047363,,,,,,
,,213549,,5.677461624145508,,,,,,,
136,,213549,,,,3.54850697517395,-15.8770170211792,-16.339075088500977,3.54850697517395,,
,,213599,,,409.069299697876,,,,,,
,,213599,,28.371810913085938,,,,,,,
136,,213599,,,,3.547572612762451,-15.866050720214844,-16.344200134277344,3.547572612762451,,
,,213649,,,417.0341491699219,,,,,,
,,213649,,6.371021270751953,,,,,,,
136,,213649,,,,3.54376220703125,-15.759130477905273,-16.222169876098633,3.54376220703125,,
,,213699,,,412.7044677734375,,,,,,
,,213699,,26.619911193847656,,,,,,,
136,,213699,,,,3.547708034515381,-16.128957748413086,-16.60017967224121,3.547708034515381,,
,,213749,,,413.1925106048584,,,,,,
,,213749,,7.407665252685547,,,,,,,
136,,213749,,,,3.54988694190979,-16.059309005737305,-16.50071907043457,3.54988694190979,,
,,213799,,,409.3947410583496,,,,,,
,,213799,,23.37789535522461,,,,,,,
136,,213799,,,,3.5501768589019775,-15.836538314819336,-16.28476905822754,3.5501768589019775,,
,,213849,,,415.05885124206543,,,,,,
,,213849,,7.39288330078125,,,,,,,
136,,213849,,,,3.5496819019317627,-16.037887573242188,-16.516374588012695,3.5496819019317627,,
,,213899,,,417.99449920654297,,,,,,
,,213899,,24.56068992614746,,,,,,,
136,,213899,,,,3.543152093887329,-16.091440200805664,-16.552467346191406,3.543152093887329,,
,,213949,,,410.8552932739258,,,,,,
,,213949,,5.648136138916016,,,,,,,
136,,213949,,,,3.54611873626709,-15.727556228637695,-16.201431274414062,3.54611873626709,,
,,213999,,,415.12489318847656,,,,,,
,,213999,,28.873682022094727,,,,,,,
136,,213999,,,,3.551431179046631,-16.025739669799805,-16.505475997924805,3.551431179046631,,
,,214049,,,420.154333114624,,,,,,
,,214049,,8.375406265258789,,,,,,,
136,,214049,,,,3.55277156829834,-16.172313690185547,-16.627729415893555,3.55277156829834,,
,,214099,,,412.386417388916,,,,,,
,,214099,,24.491548538208008,,,,,,,
136,,214099,,,,3.5499212741851807,-16.304719924926758,-16.774866104125977,3.5499212741851807,,
136,,214130,,,,,,,,-15.907031059265137,-16.295454025268555
,,214131,774.7243416309357,,,,,,,,
,0.0003,214131,,,,,,,,,
,,214149,,,411.2892150878906,,,,,,
,,214149,,9.030818939208984,,,,,,,
137,,214149,,,,3.548969268798828,-16.24502944946289,-16.709875106811523,3.548969268798828,,
,,214199,,,410.64000129699707,,,,,,
,,214199,,28.872966766357422,,,,,,,
137,,214199,,,,3.554910898208618,-15.945752143859863,-16.419967651367188,3.554910898208618,,
,,214249,,,404.5403003692627,,,,,,
,,214249,,7.180213928222656,,,,,,,
137,,214249,,,,3.551361083984375,-16.135852813720703,-16.61323356628418,3.551361083984375,,
,,214299,,,410.58349609375,,,,,,
,,214299,,22.90797233581543,,,,,,,
137,,214299,,,,3.5454418659210205,-16.124378204345703,-16.5800724029541,3.5454418659210205,,
,,214349,,,411.3802909851074,,,,,,
,,214349,,8.500099182128906,,,,,,,
137,,214349,,,,3.539781093597412,-15.95625114440918,-16.433265686035156,3.539781093597412,,
,,214399,,,418.44773292541504,,,,,,
,,214399,,27.414321899414062,,,,,,,
137,,214399,,,,3.5451431274414062,-15.965848922729492,-16.446897506713867,3.5451431274414062,,
,,214449,,,411.5161895751953,,,,,,
,,214449,,7.505178451538086,,,,,,,
137,,214449,,,,3.547353506088257,-16.1016845703125,-16.58087158203125,3.547353506088257,,
,,214499,,,407.95373916625977,,,,,,
,,214499,,22.96614646911621,,,,,,,
137,,214499,,,,3.548553943634033,-15.940593719482422,-16.400686264038086,3.548553943634033,,
,,214549,,,411.7445945739746,,,,,,
,,214549,,8.31151008605957,,,,,,,
137,,214549,,,,3.5534353256225586,-16.18777847290039,-16.663494110107422,3.5534353256225586,,
,,214599,,,415.39907455444336,,,,,,
,,214599,,26.18551254272461,,,,,,,
137,,214599,,,,3.55251145362854,-16.225351333618164,-16.67985725402832,3.55251145362854,,
,,214649,,,410.0513458251953,,,,,,
,,214649,,6.8798065185546875,,,,,,,
137,,214649,,,,3.5471277236938477,-15.701302528381348,-16.17824363708496,3.5471277236938477,,
,,214699,,,407.3824882507324,,,,,,
,,214699,,23.099422454833984,,,,,,,
137,,214699,,,,3.5495386123657227,-15.837076187133789,-16.298364639282227,3.5495386123657227,,
,,214749,,,409.79552268981934,,,,,,
,,214749,,7.606983184814453,,,,,,,
137,,214749,,,,3.5465762615203857,-16.007177352905273,-16.450468063354492,3.5465762615203857,,
,,214799,,,414.37244415283203,,,,,,
,,214799,,27.284622192382812,,,,,,,
137,,214799,,,,3.542743444442749,-15.848265647888184,-16.328411102294922,3.542743444442749,,
,,214849,,,417.88291931152344,,,,,,
,,214849,,6.972789764404297,,,,,,,
137,,214849,,,,3.5458900928497314,-16.17502784729004,-16.642576217651367,3.5458900928497314,,
,,214899,,,407.9282283782959,,,,,,
,,214899,,28.763771057128906,,,,,,,
137,,214899,,,,3.5503904819488525,-16.301990509033203,-16.77361488342285,3.5503904819488525,,
,,214949,,,413.13791275024414,,,,,,
,,214949,,5.542755126953125,,,,,,,
137,,214949,,,,3.549089193344116,-16.10387420654297,-16.547868728637695,3.549089193344116,,
,,214999,,,414.4940376281738,,,,,,
,,214999,,27.664661407470703,,,,,,,
137,,214999,,,,3.557581663131714,-15.852187156677246,-16.29831314086914,3.557581663131714,,
,,215049,,,416.4135456085205,,,,,,
,,215049,,8.342981338500977,,,,,,,
137,,215049,,,,3.5500926971435547,-16.084787368774414,-16.567018508911133,3.5500926971435547,,
,,215099,,,414.5243167877197,,,,,,
,,215099,,24.467945098876953,,,,,,,
137,,215099,,,,3.5542900562286377,-16.01656150817871,-16.47885513305664,3.5542900562286377,,
,,215149,,,410.80617904663086,,,,,,
,,215149,,7.943630218505859,,,,,,,
137,,215149,,,,3.5477781295776367,-15.616761207580566,-16.088302612304688,3.5477781295776367,,
,,215199,,,416.2147045135498,,,,,,
,,215199,,24.9483585357666,,,,,,,
137,,215199,,,,3.544753074645996,-16.500591278076172,-16.959545135498047,3.544753074645996,,
,,215249,,,415.1303768157959,,,,,,
,,215249,,5.700826644897461,,,,,,,
137,,215249,,,,3.558734655380249,-15.376907348632812,-15.84511947631836,3.558734655380249,,
,,215299,,,414.5774841308594,,,,,,
,,215299,,25.675296783447266,,,,,,,
137,,215299,,,,3.547537088394165,-15.956732749938965,-16.412931442260742,3.547537088394165,,
,,215349,,,411.23270988464355,,,,,,
,,215349,,6.623744964599609,,,,,,,
137,,215349,,,,3.5505645275115967,-15.954109191894531,-16.405813217163086,3.5505645275115967,,
,,215399,,,420.32790184020996,,,,,,
,,215399,,27.654647827148438,,,,,,,
137,,215399,,,,3.543874979019165,-16.17867088317871,-16.641979217529297,3.543874979019165,,
,,215449,,,413.4097099304199,,,,,,
,,215449,,7.331371307373047,,,,,,,
137,,215449,,,,3.54384183883667,-16.27437973022461,-16.745058059692383,3.54384183883667,,
,,215499,,,412.4135971069336,,,,,,
,,215499,,27.637243270874023,,,,,,,
137,,215499,,,,3.553806781768799,-16.02800941467285,-16.488006591796875,3.553806781768799,,
,,215549,,,411.0682010650635,,,,,,
,,215549,,8.458614349365234,,,,,,,
137,,215549,,,,3.552478551864624,-15.898183822631836,-16.3814640045166,3.552478551864624,,
,,215599,,,411.548376083374,,,,,,
,,215599,,25.841712951660156,,,,,,,
137,,215599,,,,3.548276901245117,-15.77928638458252,-16.29619598388672,3.548276901245117,,
,,215649,,,411.135196685791,,,,,,
,,215649,,6.857156753540039,,,,,,,
137,,215649,,,,3.545985698699951,-16.008106231689453,-16.47723388671875,3.545985698699951,,
137,,215693,,,,,,,,-15.918886184692383,-16.309856414794922
,,215694,776.5071213245392,,,,,,,,
,0.0003,215694,,,,,,,,,
,,215699,,,436.65051460266113,,,,,,
,,215699,,25.74944496154785,,,,,,,
138,,215699,,,,3.546762228012085,-15.592607498168945,-16.058542251586914,3.546762228012085,,
,,215749,,,434.7107410430908,,,,,,
,,215749,,9.605884552001953,,,,,,,
138,,215749,,,,3.554065704345703,-15.83755111694336,-16.299484252929688,3.554065704345703,,
,,215799,,,417.95873641967773,,,,,,
,,215799,,24.967193603515625,,,,,,,
138,,215799,,,,3.5548722743988037,-15.838067054748535,-16.29808807373047,3.5548722743988037,,
,,215849,,,416.54443740844727,,,,,,
,,215849,,7.60650634765625,,,,,,,
138,,215849,,,,3.5485167503356934,-15.92086410522461,-16.38364028930664,3.5485167503356934,,
,,215899,,,418.9605712890625,,,,,,
,,215899,,23.427963256835938,,,,,,,
138,,215899,,,,3.550562620162964,-15.746220588684082,-16.21660614013672,3.550562620162964,,
,,215949,,,430.7231903076172,,,,,,
,,215949,,8.170127868652344,,,,,,,
138,,215949,,,,3.549628496170044,-15.848902702331543,-16.314796447753906,3.549628496170044,,
,,215999,,,430.0272464752197,,,,,,
,,215999,,25.220632553100586,,,,,,,
138,,215999,,,,3.5495333671569824,-16.182273864746094,-16.64585304260254,3.5495333671569824,,
,,216049,,,429.43334579467773,,,,,,
,,216049,,8.324146270751953,,,,,,,
138,,216049,,,,3.5423924922943115,-15.433188438415527,-15.919722557067871,3.5423924922943115,,
,,216099,,,433.7139129638672,,,,,,
,,216099,,26.262998580932617,,,,,,,
138,,216099,,,,3.549746513366699,-15.898209571838379,-16.351276397705078,3.549746513366699,,
,,216149,,,427.14977264404297,,,,,,
,,216149,,8.192300796508789,,,,,,,
138,,216149,,,,3.5532357692718506,-15.941019058227539,-16.399658203125,3.5532357692718506,,
,,216199,,,433.6972236633301,,,,,,
,,216199,,27.21405029296875,,,,,,,
138,,216199,,,,3.5530080795288086,-15.954556465148926,-16.434412002563477,3.5530080795288086,,
,,216249,,,430.81092834472656,,,,,,
,,216249,,8.243799209594727,,,,,,,
138,,216249,,,,3.553435802459717,-15.747920989990234,-16.218547821044922,3.553435802459717,,
,,216299,,,437.8516674041748,,,,,,
,,216299,,25.85911750793457,,,,,,,
138,,216299,,,,3.5542259216308594,-15.937369346618652,-16.42273712158203,3.5542259216308594,,
,,216349,,,430.23157119750977,,,,,,
,,216349,,7.935047149658203,,,,,,,
138,,216349,,,,3.5568974018096924,-16.044620513916016,-16.511783599853516,3.5568974018096924,,
,,216399,,,434.09204483032227,,,,,,
,,216399,,26.424407958984375,,,,,,,
138,,216399,,,,3.541049003601074,-15.68889331817627,-16.15639305114746,3.541049003601074,,
,,216449,,,429.14772033691406,,,,,,
,,216449,,8.122444152832031,,,,,,,
138,,216449,,,,3.555142641067505,-16.092884063720703,-16.56665802001953,3.555142641067505,,
,,216499,,,428.81155014038086,,,,,,
,,216499,,26.15189552307129,,,,,,,
138,,216499,,,,3.547010660171509,-15.443303108215332,-15.91103458404541,3.547010660171509,,
,,216549,,,426.9285202026367,,,,,,
,,216549,,9.930849075317383,,,,,,,
138,,216549,,,,3.5500810146331787,-16.080020904541016,-16.546842575073242,3.5500810146331787,,
,,216599,,,434.4203472137451,,,,,,
,,216599,,26.24678611755371,,,,,,,
138,,216599,,,,3.54630970954895,-16.219707489013672,-16.704444885253906,3.54630970954895,,
,,216649,,,434.84950065612793,,,,,,
,,216649,,10.555028915405273,,,,,,,
138,,216649,,,,3.5444822311401367,-15.756952285766602,-16.229354858398438,3.5444822311401367,,
,,216699,,,435.84513664245605,,,,,,
,,216699,,28.48672866821289,,,,,,,
138,,216699,,,,3.543959856033325,-15.822111129760742,-16.27813148498535,3.543959856033325,,
,,216749,,,421.3266372680664,,,,,,
,,216749,,6.789445877075195,,,,,,,
138,,216749,,,,3.543729782104492,-16.075515747070312,-16.5637149810791,3.543729782104492,,
,,216799,,,412.6920700073242,,,,,,
,,216799,,28.58448028564453,,,,,,,
138,,216799,,,,3.5491325855255127,-15.654182434082031,-16.116018295288086,3.5491325855255127,,
,,216849,,,418.9889430999756,,,,,,
,,216849,,7.537126541137695,,,,,,,
138,,216849,,,,3.5429203510284424,-15.916585922241211,-16.384262084960938,3.5429203510284424,,
,,216899,,,423.39468002319336,,,,,,
,,216899,,27.557373046875,,,,,,,
138,,216899,,,,3.550795316696167,-16.337196350097656,-16.790924072265625,3.550795316696167,,
,,216949,,,427.2313117980957,,,,,,
,,216949,,8.808135986328125,,,,,,,
138,,216949,,,,3.5507616996765137,-16.083616256713867,-16.531158447265625,3.5507616996765137,,
,,216999,,,416.95666313171387,,,,,,
,,216999,,26.50928497314453,,,,,,,
138,,216999,,,,3.5502750873565674,-16.19988250732422,-16.668964385986328,3.5502750873565674,,
,,217049,,,420.2237129211426,,,,,,
,,217049,,8.447408676147461,,,,,,,
138,,217049,,,,3.5516655445098877,-15.867097854614258,-16.331357955932617,3.5516655445098877,,
,,217099,,,410.9172821044922,,,,,,
,,217099,,27.122020721435547,,,,,,,
138,,217099,,,,3.552759885787964,-15.826709747314453,-16.285076141357422,3.552759885787964,,
,,217149,,,415.3168201446533,,,,,,
,,217149,,7.575273513793945,,,,,,,
138,,217149,,,,3.556846857070923,-15.791152954101562,-16.262714385986328,3.556846857070923,,
,,217199,,,416.5804386138916,,,,,,
,,217199,,28.211593627929688,,,,,,,
138,,217199,,,,3.5519862174987793,-15.878866195678711,-16.34433364868164,3.5519862174987793,,
,,217249,,,415.4539108276367,,,,,,
,,217249,,6.801605224609375,,,,,,,
138,,217249,,,,3.5434365272521973,-15.50158405303955,-15.975297927856445,3.5434365272521973,,
138,,217256,,,,,,,,-15.907397270202637,-16.297439575195312
,,217257,799.4443972110748,,,,,,,,
,0.0003,217257,,,,,,,,,
,,217299,,,407.7177047729492,,,,,,
,,217299,,25.035381317138672,,,,,,,
139,,217299,,,,3.5531933307647705,-15.930716514587402,-16.41310691833496,3.5531933307647705,,
,,217349,,,413.79261016845703,,,,,,
,,217349,,7.275104522705078,,,,,,,
139,,217349,,,,3.5529985427856445,-16.029319763183594,-16.499670028686523,3.5529985427856445,,
,,217399,,,412.59002685546875,,,,,,
,,217399,,27.049779891967773,,,,,,,
139,,217399,,,,3.545738697052002,-15.712696075439453,-16.171924591064453,3.545738697052002,,
,,217449,,,412.4011993408203,,,,,,
,,217449,,8.062362670898438,,,,,,,
139,,217449,,,,3.5521116256713867,-15.660483360290527,-16.124244689941406,3.5521116256713867,,
,,217499,,,408.21099281311035,,,,,,
,,217499,,25.60281753540039,,,,,,,
139,,217499,,,,3.5538063049316406,-15.867705345153809,-16.326702117919922,3.5538063049316406,,
,,217549,,,413.09261322021484,,,,,,
,,217549,,5.604982376098633,,,,,,,
139,,217549,,,,3.544870615005493,-15.908912658691406,-16.362321853637695,3.544870615005493,,
,,217599,,,416.2402153015137,,,,,,
,,217599,,27.68397331237793,,,,,,,
139,,217599,,,,3.5561656951904297,-16.1457462310791,-16.608686447143555,3.5561656951904297,,
,,217649,,,419.691801071167,,,,,,
,,217649,,7.207155227661133,,,,,,,
139,,217649,,,,3.5527782440185547,-16.17216682434082,-16.662322998046875,3.5527782440185547,,
,,217699,,,414.72935676574707,,,,,,
,,217699,,25.568246841430664,,,,,,,
139,,217699,,,,3.5447049140930176,-16.061565399169922,-16.527870178222656,3.5447049140930176,,
,,217749,,,414.5967960357666,,,,,,
,,217749,,6.310701370239258,,,,,,,
139,,217749,,,,3.547839879989624,-16.185890197753906,-16.633928298950195,3.547839879989624,,
,,217799,,,409.0464115142822,,,,,,
,,217799,,26.309967041015625,,,,,,,
139,,217799,,,,3.547226905822754,-16.07189178466797,-16.532712936401367,3.547226905822754,,
,,217849,,,415.3096675872803,,,,,,
,,217849,,8.321523666381836,,,,,,,
139,,217849,,,,3.5472869873046875,-15.533341407775879,-16.004215240478516,3.5472869873046875,,
,,217899,,,413.52128982543945,,,,,,
,,217899,,24.83677864074707,,,,,,,
139,,217899,,,,3.550020694732666,-16.080163955688477,-16.54146957397461,3.550020694732666,,
,,217949,,,407.15694427490234,,,,,,
,,217949,,8.40449333190918,,,,,,,
139,,217949,,,,3.5416853427886963,-15.414206504821777,-15.880338668823242,3.5416853427886963,,
,,217999,,,420.4697608947754,,,,,,
,,217999,,27.93145179748535,,,,,,,
139,,217999,,,,3.5420219898223877,-15.948858261108398,-16.414220809936523,3.5420219898223877,,
,,218049,,,413.79642486572266,,,,,,
,,218049,,7.622957229614258,,,,,,,
139,,218049,,,,3.5472447872161865,-16.083555221557617,-16.538000106811523,3.5472447872161865,,
,,218099,,,415.9243106842041,,,,,,
,,218099,,28.54752540588379,,,,,,,
139,,218099,,,,3.545339345932007,-16.160194396972656,-16.621488571166992,3.545339345932007,,
,,218149,,,415.9417152404785,,,,,,
,,218149,,8.10861587524414,,,,,,,
139,,218149,,,,3.5525293350219727,-15.944849967956543,-16.406295776367188,3.5525293350219727,,
,,218199,,,412.10126876831055,,,,,,
,,218199,,28.278827667236328,,,,,,,
139,,218199,,,,3.547175168991089,-15.940731048583984,-16.418216705322266,3.547175168991089,,
,,218249,,,416.4917469024658,,,,,,
,,218249,,6.84046745300293,,,,,,,
139,,218249,,,,3.5521819591522217,-15.972599029541016,-16.42947006225586,3.5521819591522217,,
,,218299,,,407.3023796081543,,,,,,
,,218299,,22.951126098632812,,,,,,,
139,,218299,,,,3.543429374694824,-15.956510543823242,-16.422090530395508,3.543429374694824,,
,,218349,,,413.27428817749023,,,,,,
,,218349,,7.7075958251953125,,,,,,,
139,,218349,,,,3.54866886138916,-15.975786209106445,-16.440677642822266,3.54866886138916,,
,,218399,,,417.32215881347656,,,,,,
,,218399,,27.03714370727539,,,,,,,
139,,218399,,,,3.55208158493042,-16.30520248413086,-16.75606346130371,3.55208158493042,,
,,218449,,,417.8659915924072,,,,,,
,,218449,,8.695602416992188,,,,,,,
139,,218449,,,,3.55502986907959,-15.733107566833496,-16.18709945678711,3.55502986907959,,
,,218499,,,416.38898849487305,,,,,,
,,218499,,24.658679962158203,,,,,,,
139,,218499,,,,3.545868396759033,-16.381263732910156,-16.854534149169922,3.545868396759033,,
,,218549,,,418.60437393188477,,,,,,
,,218549,,7.039308547973633,,,,,,,
139,,218549,,,,3.552751064300537,-16.013519287109375,-16.482830047607422,3.552751064300537,,
,,218599,,,408.1132411956787,,,,,,
,,218599,,23.328304290771484,,,,,,,
139,,218599,,,,3.550313711166382,-15.543856620788574,-15.990900993347168,3.550313711166382,,
,,218649,,,397.13048934936523,,,,,,
,,218649,,5.686044692993164,,,,,,,
139,,218649,,,,3.544881582260132,-15.723421096801758,-16.176740646362305,3.544881582260132,,
,,218699,,,399.51133728027344,,,,,,
,,218699,,22.79949188232422,,,,,,,
139,,218699,,,,3.541111469268799,-16.02631378173828,-16.494993209838867,3.541111469268799,,
,,218749,,,401.22056007385254,,,,,,
,,218749,,5.634307861328125,,,,,,,
139,,218749,,,,3.5475378036499023,-15.600003242492676,-16.051334381103516,3.5475378036499023,,
,,218799,,,428.0214309692383,,,,,,
,,218799,,25.983810424804688,,,,,,,
139,,218799,,,,3.549567699432373,-15.742378234863281,-16.229434967041016,3.549567699432373,,
139,,218819,,,,,,,,-15.906342506408691,-16.295133590698242
,,218820,778.3589553833008,,,,,,,,
,0.0003,218820,,,,,,,,,
,,218849,,,423.93016815185547,,,,,,
,,218849,,8.878231048583984,,,,,,,
140,,218849,,,,3.5497751235961914,-16.218746185302734,-16.694372177124023,3.5497751235961914,,
,,218899,,,421.69713973999023,,,,,,
,,218899,,27.00519561767578,,,,,,,
140,,218899,,,,3.5590574741363525,-15.914229393005371,-16.379150390625,3.5590574741363525,,
,,218949,,,429.0759563446045,,,,,,
,,218949,,8.321046829223633,,,,,,,
140,,218949,,,,3.5407676696777344,-16.045394897460938,-16.505615234375,3.5407676696777344,,
,,218999,,,433.25138092041016,,,,,,
,,218999,,27.457714080810547,,,,,,,
140,,218999,,,,3.5444047451019287,-15.68532943725586,-16.16661262512207,3.5444047451019287,,
,,219049,,,423.78950119018555,,,,,,
,,219049,,8.324146270751953,,,,,,,
140,,219049,,,,3.5443055629730225,-15.918631553649902,-16.391704559326172,3.5443055629730225,,
,,219099,,,424.84450340270996,,,,,,
,,219099,,25.73108673095703,,,,,,,
140,,219099,,,,3.5536482334136963,-16.195934295654297,-16.660120010375977,3.5536482334136963,,
,,219149,,,430.8497905731201,,,,,,
,,219149,,8.891105651855469,,,,,,,
140,,219149,,,,3.5489916801452637,-15.686885833740234,-16.15388298034668,3.5489916801452637,,
,,219199,,,436.0504150390625,,,,,,
,,219199,,29.932737350463867,,,,,,,
140,,219199,,,,3.554699659347534,-16.24500274658203,-16.726329803466797,3.554699659347534,,
,,219249,,,436.08927726745605,,,,,,
,,219249,,8.705854415893555,,,,,,,
140,,219249,,,,3.5513572692871094,-16.244491577148438,-16.725738525390625,3.5513572692871094,,
,,219299,,,440.340518951416,,,,,,
,,219299,,26.627779006958008,,,,,,,
140,,219299,,,,3.5461480617523193,-16.050392150878906,-16.523035049438477,3.5461480617523193,,
,,219349,,,428.9743900299072,,,,,,
,,219349,,8.625268936157227,,,,,,,
140,,219349,,,,3.5412755012512207,-15.705551147460938,-16.168437957763672,3.5412755012512207,,
,,219399,,,438.05623054504395,,,,,,
,,219399,,27.9538631439209,,,,,,,
140,,219399,,,,3.5376152992248535,-16.18600082397461,-16.647377014160156,3.5376152992248535,,
,,219449,,,433.47859382629395,,,,,,
,,219449,,9.289741516113281,,,,,,,
140,,219449,,,,3.547591209411621,-16.12183380126953,-16.575746536254883,3.547591209411621,,
,,219499,,,421.6327667236328,,,,,,
,,219499,,25.706052780151367,,,,,,,
140,,219499,,,,3.542717456817627,-15.909150123596191,-16.36046028137207,3.542717456817627,,
,,219549,,,435.3301525115967,,,,,,
,,219549,,8.91566276550293,,,,,,,
140,,219549,,,,3.5496134757995605,-16.07297706604004,-16.546964645385742,3.5496134757995605,,
,,219599,,,432.3275089263916,,,,,,
,,219599,,26.147842407226562,,,,,,,
140,,219599,,,,3.5495753288269043,-16.043567657470703,-16.49207878112793,3.5495753288269043,,
,,219649,,,443.5305595397949,,,,,,
,,219649,,9.2315673828125,,,,,,,
140,,219649,,,,3.5469846725463867,-16.21648597717285,-16.67681312561035,3.5469846725463867,,
,,219699,,,430.13715744018555,,,,,,
,,219699,,27.423381805419922,,,,,,,
140,,219699,,,,3.550872802734375,-15.878822326660156,-16.360654830932617,3.550872802734375,,
,,219749,,,439.4340515136719,,,,,,
,,219749,,8.641958236694336,,,,,,,
140,,219749,,,,3.5443344116210938,-15.877591133117676,-16.364728927612305,3.5443344116210938,,
,,219799,,,434.314489364624,,,,,,
,,219799,,26.146411895751953,,,,,,,
140,,219799,,,,3.548426389694214,-15.998786926269531,-16.47397232055664,3.548426389694214,,
,,219849,,,429.2445182800293,,,,,,
,,219849,,10.417461395263672,,,,,,,
140,,219849,,,,3.5511741638183594,-15.811575889587402,-16.272829055786133,3.5511741638183594,,
,,219899,,,439.7304058074951,,,,,,
,,219899,,26.822566986083984,,,,,,,
140,,219899,,,,3.5517704486846924,-16.474899291992188,-16.949697494506836,3.5517704486846924,,
,,219949,,,428.79557609558105,,,,,,
,,219949,,9.095430374145508,,,,,,,
140,,219949,,,,3.5506439208984375,-15.828495025634766,-16.285114288330078,3.5506439208984375,,
,,219999,,,430.47070503234863,,,,,,
,,219999,,26.37624740600586,,,,,,,
140,,219999,,,,3.552124500274658,-16.01047706604004,-16.488109588623047,3.552124500274658,,
,,220049,,,427.8244972229004,,,,,,
,,220049,,8.307933807373047,,,,,,,
140,,220049,,,,3.5464110374450684,-15.918691635131836,-16.358226776123047,3.5464110374450684,,
,,220099,,,429.8207759857178,,,,,,
,,220099,,26.13663673400879,,,,,,,
140,,220099,,,,3.5475659370422363,-16.228328704833984,-16.708341598510742,3.5475659370422363,,
,,220149,,,428.33685874938965,,,,,,
,,220149,,8.162260055541992,,,,,,,
140,,220149,,,,3.5451114177703857,-15.982935905456543,-16.435510635375977,3.5451114177703857,,
,,220199,,,428.117036819458,,,,,,
,,220199,,26.942014694213867,,,,,,,
140,,220199,,,,3.5562150478363037,-16.005172729492188,-16.483413696289062,3.5562150478363037,,
,,220249,,,430.0398826599121,,,,,,
,,220249,,9.708166122436523,,,,,,,
140,,220249,,,,3.544511556625366,-16.138248443603516,-16.601289749145508,3.544511556625366,,
,,220299,,,427.77371406555176,,,,,,
,,220299,,28.707027435302734,,,,,,,
140,,220299,,,,3.5471887588500977,-16.11537742614746,-16.562240600585938,3.5471887588500977,,
,,220349,,,426.91659927368164,,,,,,
,,220349,,6.97779655456543,,,,,,,
140,,220349,,,,3.5485661029815674,-16.008304595947266,-16.45583152770996,3.5485661029815674,,
140,,220382,,,,,,,,-15.913982391357422,-16.30489158630371
,,220383,807.9577879905701,,,,,,,,
,0.0003,220383,,,,,,,,,
,,220399,,,431.55908584594727,,,,,,
,,220399,,26.540279388427734,,,,,,,
141,,220399,,,,3.5453104972839355,-16.038333892822266,-16.495203018188477,3.5453104972839355,,
,,220449,,,435.4093074798584,,,,,,
,,220449,,8.391380310058594,,,,,,,
141,,220449,,,,3.5451786518096924,-15.813356399536133,-16.286029815673828,3.5451786518096924,,
,,220499,,,430.56631088256836,,,,,,
,,220499,,27.685165405273438,,,,,,,
141,,220499,,,,3.5494470596313477,-16.245275497436523,-16.731237411499023,3.5494470596313477,,
,,220549,,,426.4523983001709,,,,,,
,,220549,,8.122682571411133,,,,,,,
141,,220549,,,,3.55159854888916,-16.051673889160156,-16.5219783782959,3.55159854888916,,
,,220599,,,433.7780475616455,,,,,,
,,220599,,25.928974151611328,,,,,,,
141,,220599,,,,3.5450804233551025,-15.900945663452148,-16.363855361938477,3.5450804233551025,,
,,220649,,,428.80749702453613,,,,,,
,,220649,,8.260488510131836,,,,,,,
141,,220649,,,,3.552854537963867,-16.06542205810547,-16.5388126373291,3.552854537963867,,
,,220699,,,436.01202964782715,,,,,,
,,220699,,25.98857879638672,,,,,,,
141,,220699,,,,3.546769380569458,-15.870353698730469,-16.341447830200195,3.546769380569458,,
,,220749,,,437.0145797729492,,,,,,
,,220749,,10.147333145141602,,,,,,,
141,,220749,,,,3.5457355976104736,-15.74905776977539,-16.21734046936035,3.5457355976104736,,
,,220799,,,434.36431884765625,,,,,,
,,220799,,26.810646057128906,,,,,,,
141,,220799,,,,3.548970937728882,-16.24997329711914,-16.7343692779541,3.548970937728882,,
,,220849,,,427.42466926574707,,,,,,
,,220849,,7.93766975402832,,,,,,,
141,,220849,,,,3.5482301712036133,-15.793806076049805,-16.250078201293945,3.5482301712036133,,
,,220899,,,436.19704246520996,,,,,,
,,220899,,26.60226821899414,,,,,,,
141,,220899,,,,3.5461580753326416,-15.522906303405762,-15.991206169128418,3.5461580753326416,,
,,220949,,,428.35044860839844,,,,,,
,,220949,,8.182048797607422,,,,,,,
141,,220949,,,,3.547001600265503,-15.747352600097656,-16.19361686706543,3.547001600265503,,
,,220999,,,436.81979179382324,,,,,,
,,220999,,30.139446258544922,,,,,,,
141,,220999,,,,3.5577006340026855,-15.781196594238281,-16.24717903137207,3.5577006340026855,,
,,221049,,,431.17308616638184,,,,,,
,,221049,,9.033441543579102,,,,,,,
141,,221049,,,,3.544887065887451,-16.092609405517578,-16.555723190307617,3.544887065887451,,
,,221099,,,429.0604591369629,,,,,,
,,221099,,26.01170539855957,,,,,,,
141,,221099,,,,3.5485527515411377,-16.33007049560547,-16.79303741455078,3.5485527515411377,,
,,221149,,,430.12213706970215,,,,,,
,,221149,,8.684396743774414,,,,,,,
141,,221149,,,,3.553457260131836,-16.007122039794922,-16.46186637878418,3.553457260131836,,
,,221199,,,434.44037437438965,,,,,,
,,221199,,27.49013900756836,,,,,,,
141,,221199,,,,3.545520544052124,-16.15997886657715,-16.620956420898438,3.545520544052124,,
,,221249,,,432.47342109680176,,,,,,
,,221249,,8.234024047851562,,,,,,,
141,,221249,,,,3.5456368923187256,-16.362287521362305,-16.839540481567383,3.5456368923187256,,
,,221299,,,439.2969608306885,,,,,,
,,221299,,26.678085327148438,,,,,,,
141,,221299,,,,3.543433666229248,-16.017276763916016,-16.500598907470703,3.543433666229248,,
,,221349,,,438.4803771972656,,,,,,
,,221349,,8.424997329711914,,,,,,,
141,,221349,,,,3.5537075996398926,-15.363874435424805,-15.8206787109375,3.5537075996398926,,
,,221399,,,431.1025142669678,,,,,,
,,221399,,30.044078826904297,,,,,,,
141,,221399,,,,3.5466198921203613,-16.038074493408203,-16.494354248046875,3.5466198921203613,,
,,221449,,,431.28490447998047,,,,,,
,,221449,,8.260488510131836,,,,,,,
141,,221449,,,,3.555471658706665,-15.416608810424805,-15.891708374023438,3.555471658706665,,
,,221499,,,431.9627285003662,,,,,,
,,221499,,26.50141716003418,,,,,,,
141,,221499,,,,3.5524613857269287,-15.694591522216797,-16.174211502075195,3.5524613857269287,,
,,221549,,,434.14950370788574,,,,,,
,,221549,,8.271455764770508,,,,,,,
141,,221549,,,,3.55168080329895,-15.786928176879883,-16.244346618652344,3.55168080329895,,
,,221599,,,434.4768524169922,,,,,,
,,221599,,26.08036994934082,,,,,,,
141,,221599,,,,3.5534508228302,-15.4705171585083,-15.927584648132324,3.5534508228302,,
,,221649,,,434.0181350708008,,,,,,
,,221649,,8.226871490478516,,,,,,,
141,,221649,,,,3.550586462020874,-16.00589370727539,-16.449920654296875,3.550586462020874,,
,,221699,,,426.0411262512207,,,,,,
,,221699,,26.711225509643555,,,,,,,
141,,221699,,,,3.545435667037964,-15.537074089050293,-15.99199104309082,3.545435667037964,,
,,221749,,,434.8907470703125,,,,,,
,,221749,,10.63680648803711,,,,,,,
141,,221749,,,,3.5513200759887695,-16.22438621520996,-16.689790725708008,3.5513200759887695,,
,,221799,,,432.4533939361572,,,,,,
,,221799,,27.434825897216797,,,,,,,
141,,221799,,,,3.547835111618042,-15.994686126708984,-16.478551864624023,3.547835111618042,,
,,221849,,,430.8798313140869,,,,,,
,,221849,,8.93092155456543,,,,,,,
141,,221849,,,,3.543219566345215,-15.70839786529541,-16.16937255859375,3.543219566345215,,
,,221899,,,427.92224884033203,,,,,,
,,221899,,28.86343002319336,,,,,,,
141,,221899,,,,3.5534448623657227,-15.82449722290039,-16.290817260742188,3.5534448623657227,,
141,,221945,,,,,,,,-15.909446716308594,-16.298900604248047
,,221946,810.0114538669586,,,,,,,,
,0.0003,221946,,,,,,,,,
,,221949,,,422.9118824005127,,,,,,
,,221949,,9.341239929199219,,,,,,,
142,,221949,,,,3.5511507987976074,-15.878450393676758,-16.351905822753906,3.5511507987976074,,
,,221999,,,423.76160621643066,,,,,,
,,221999,,26.223421096801758,,,,,,,
142,,221999,,,,3.5475411415100098,-15.578889846801758,-16.059858322143555,3.5475411415100098,,
,,222049,,,438.01188468933105,,,,,,
,,222049,,10.021448135375977,,,,,,,
142,,222049,,,,3.5447022914886475,-15.849752426147461,-16.296506881713867,3.5447022914886475,,
,,222099,,,432.9721927642822,,,,,,
,,222099,,27.648210525512695,,,,,,,
142,,222099,,,,3.555227279663086,-15.828408241271973,-16.304203033447266,3.555227279663086,,
,,222149,,,428.06077003479004,,,,,,
,,222149,,8.55708122253418,,,,,,,
142,,222149,,,,3.550089120864868,-15.754690170288086,-16.196666717529297,3.550089120864868,,
,,222199,,,431.3783645629883,,,,,,
,,222199,,26.335477828979492,,,,,,,
142,,222199,,,,3.550110101699829,-16.25864601135254,-16.732858657836914,3.550110101699829,,
,,222249,,,430.1414489746094,,,,,,
,,222249,,8.149147033691406,,,,,,,
142,,222249,,,,3.547764778137207,-16.07038116455078,-16.52765464782715,3.547764778137207,,
,,222299,,,424.924373626709,,,,,,
,,222299,,28.127431869506836,,,,,,,
142,,222299,,,,3.5504589080810547,-16.00115966796875,-16.462125778198242,3.5504589080810547,,
,,222349,,,424.6532917022705,,,,,,
,,222349,,9.000778198242188,,,,,,,
142,,222349,,,,3.550562620162964,-16.059024810791016,-16.517864227294922,3.550562620162964,,
,,222399,,,428.27796936035156,,,,,,
,,222399,,27.077913284301758,,,,,,,
142,,222399,,,,3.54498028755188,-16.28390121459961,-16.759973526000977,3.54498028755188,,
,,222449,,,430.15098571777344,,,,,,
,,222449,,8.466958999633789,,,,,,,
142,,222449,,,,3.5471925735473633,-16.181833267211914,-16.668867111206055,3.5471925735473633,,
,,222499,,,434.2474937438965,,,,,,
,,222499,,26.29876136779785,,,,,,,
142,,222499,,,,3.548692464828491,-15.785971641540527,-16.250505447387695,3.548692464828491,,
,,222549,,,434.10444259643555,,,,,,
,,222549,,8.370637893676758,,,,,,,
142,,222549,,,,3.5527594089508057,-16.0377197265625,-16.479536056518555,3.5527594089508057,,
,,222599,,,434.7560405731201,,,,,,
,,222599,,27.60481834411621,,,,,,,
142,,222599,,,,3.552119731903076,-16.170642852783203,-16.618192672729492,3.552119731903076,,
,,222649,,,430.9203624725342,,,,,,
,,222649,,8.394002914428711,,,,,,,
142,,222649,,,,3.5503971576690674,-16.307479858398438,-16.769968032836914,3.5503971576690674,,
,,222699,,,425.75621604919434,,,,,,
,,222699,,28.218746185302734,,,,,,,
142,,222699,,,,3.547757863998413,-16.467044830322266,-16.952085494995117,3.547757863998413,,
,,222749,,,434.01050567626953,,,,,,
,,222749,,8.893013000488281,,,,,,,
142,,222749,,,,3.5534093379974365,-15.70943546295166,-16.15981674194336,3.5534093379974365,,
,,222799,,,433.6986541748047,,,,,,
,,222799,,26.032447814941406,,,,,,,
142,,222799,,,,3.5531365871429443,-16.053096771240234,-16.527408599853516,3.5531365871429443,,
,,222849,,,433.83216857910156,,,,,,
,,222849,,9.500980377197266,,,,,,,
142,,222849,,,,3.550198554992676,-15.964143753051758,-16.4324951171875,3.550198554992676,,
,,222899,,,429.64696884155273,,,,,,
,,222899,,27.271509170532227,,,,,,,
142,,222899,,,,3.54732346534729,-15.80720329284668,-16.25423240661621,3.54732346534729,,
,,222949,,,430.24277687072754,,,,,,
,,222949,,9.120464324951172,,,,,,,
142,,222949,,,,3.55199933052063,-15.910747528076172,-16.36246109008789,3.55199933052063,,
,,222999,,,431.72502517700195,,,,,,
,,222999,,27.15015411376953,,,,,,,
142,,222999,,,,3.548396587371826,-15.792665481567383,-16.25629997253418,3.548396587371826,,
,,223049,,,428.53617668151855,,,,,,
,,223049,,8.410930633544922,,,,,,,
142,,223049,,,,3.5556814670562744,-15.564065933227539,-16.03168487548828,3.5556814670562744,,
,,223099,,,431.3218593597412,,,,,,
,,223099,,29.366731643676758,,,,,,,
142,,223099,,,,3.548668146133423,-16.09280776977539,-16.540525436401367,3.548668146133423,,
,,223149,,,434.02671813964844,,,,,,
,,223149,,9.803295135498047,,,,,,,
142,,223149,,,,3.549326181411743,-16.153644561767578,-16.61115264892578,3.549326181411743,,
,,223199,,,423.91490936279297,,,,,,
,,223199,,25.849342346191406,,,,,,,
142,,223199,,,,3.5434069633483887,-16.063283920288086,-16.517805099487305,3.5434069633483887,,
,,223249,,,430.6344985961914,,,,,,
,,223249,,9.015321731567383,,,,,,,
142,,223249,,,,3.547250509262085,-15.861408233642578,-16.33993911743164,3.547250509262085,,
,,223299,,,431.7464828491211,,,,,,
,,223299,,25.774240493774414,,,,,,,
142,,223299,,,,3.5426530838012695,-15.971260070800781,-16.46445083618164,3.5426530838012695,,
,,223349,,,430.53579330444336,,,,,,
,,223349,,8.76617431640625,,,,,,,
142,,223349,,,,3.5521960258483887,-16.259294509887695,-16.736942291259766,3.5521960258483887,,
,,223399,,,431.35714530944824,,,,,,
,,223399,,26.012659072875977,,,,,,,
142,,223399,,,,3.54502010345459,-15.923206329345703,-16.3839111328125,3.54502010345459,,
,,223449,,,432.12413787841797,,,,,,
,,223449,,8.165597915649414,,,,,,,
142,,223449,,,,3.55521821975708,-15.704781532287598,-16.15780258178711,3.55521821975708,,
,,223499,,,431.1652183532715,,,,,,
,,223499,,26.322126388549805,,,,,,,
142,,223499,,,,3.546781301498413,-15.961432456970215,-16.42586326599121,3.546781301498413,,
142,,223508,,,,,,,,-15.910496711730957,-16.300472259521484
,,223509,808.3331661224365,,,,,,,,
,0.0003,223509,,,,,,,,,
,,223549,,,427.51431465148926,,,,,,
,,223549,,8.468389511108398,,,,,,,
143,,223549,,,,3.550309419631958,-15.663629531860352,-16.12129020690918,3.550309419631958,,
,,223599,,,426.6488552093506,,,,,,
,,223599,,27.83346176147461,,,,,,,
143,,223599,,,,3.5547704696655273,-15.753539085388184,-16.202131271362305,3.5547704696655273,,
,,223649,,,433.57014656066895,,,,,,
,,223649,,8.26573371887207,,,,,,,
143,,223649,,,,3.5524063110351562,-15.59501838684082,-16.041467666625977,3.5524063110351562,,
,,223699,,,426.344633102417,,,,,,
,,223699,,25.699853897094727,,,,,,,
143,,223699,,,,3.5524396896362305,-16.307737350463867,-16.772560119628906,3.5524396896362305,,
,,223749,,,432.0847988128662,,,,,,
,,223749,,8.937835693359375,,,,,,,
143,,223749,,,,3.5542428493499756,-15.981021881103516,-16.472593307495117,3.5542428493499756,,
,,223799,,,424.90577697753906,,,,,,
,,223799,,30.6704044342041,,,,,,,
143,,223799,,,,3.551330089569092,-15.82778549194336,-16.286869049072266,3.551330089569092,,
,,223849,,,426.7711639404297,,,,,,
,,223849,,9.062528610229492,,,,,,,
143,,223849,,,,3.540355682373047,-15.549917221069336,-16.036359786987305,3.540355682373047,,
,,223899,,,431.20265007019043,,,,,,
,,223899,,28.227567672729492,,,,,,,
143,,223899,,,,3.537672996520996,-15.738300323486328,-16.214691162109375,3.537672996520996,,
,,223949,,,434.9939823150635,,,,,,
,,223949,,8.75401496887207,,,,,,,
143,,223949,,,,3.550877571105957,-15.846118927001953,-16.29802131652832,3.550877571105957,,
,,223999,,,431.0953617095947,,,,,,
,,223999,,27.415990829467773,,,,,,,
143,,223999,,,,3.5402464866638184,-15.89660358428955,-16.36100959777832,3.5402464866638184,,
,,224049,,,425.1728057861328,,,,,,
,,224049,,9.262561798095703,,,,,,,
143,,224049,,,,3.5439391136169434,-15.920565605163574,-16.38013458251953,3.5439391136169434,,
,,224099,,,425.4133701324463,,,,,,
,,224099,,26.395082473754883,,,,,,,
143,,224099,,,,3.555485963821411,-15.995359420776367,-16.44561767578125,3.555485963821411,,
,,224149,,,434.62514877319336,,,,,,
,,224149,,8.970022201538086,,,,,,,
143,,224149,,,,3.542393207550049,-15.687152862548828,-16.166589736938477,3.542393207550049,,
,,224199,,,429.6302795410156,,,,,,
,,224199,,25.267839431762695,,,,,,,
143,,224199,,,,3.549964427947998,-16.058265686035156,-16.52853012084961,3.549964427947998,,
,,224249,,,432.99269676208496,,,,,,
,,224249,,7.819175720214844,,,,,,,
143,,224249,,,,3.5526788234710693,-15.915205955505371,-16.38823699951172,3.5526788234710693,,
,,224299,,,428.70163917541504,,,,,,
,,224299,,29.468774795532227,,,,,,,
143,,224299,,,,3.5498833656311035,-15.9087553024292,-16.392921447753906,3.5498833656311035,,
,,224349,,,432.18398094177246,,,,,,
,,224349,,8.561134338378906,,,,,,,
143,,224349,,,,3.550534963607788,-15.841363906860352,-16.300392150878906,3.550534963607788,,
,,224399,,,426.3784885406494,,,,,,
,,224399,,25.678396224975586,,,,,,,
143,,224399,,,,3.5450682640075684,-15.959354400634766,-16.413278579711914,3.5450682640075684,,
,,224449,,,429.06904220581055,,,,,,
,,224449,,9.908676147460938,,,,,,,
143,,224449,,,,3.5476810932159424,-15.959177017211914,-16.416059494018555,3.5476810932159424,,
,,224499,,,432.56235122680664,,,,,,
,,224499,,25.850772857666016,,,,,,,
143,,224499,,,,3.5492618083953857,-16.0169677734375,-16.48220443725586,3.5492618083953857,,
,,224549,,,432.0371150970459,,,,,,
,,224549,,8.048534393310547,,,,,,,
143,,224549,,,,3.5420520305633545,-15.788956642150879,-16.247865676879883,3.5420520305633545,,
,,224599,,,426.1481761932373,,,,,,
,,224599,,28.589963912963867,,,,,,,
143,,224599,,,,3.552908182144165,-16.501832962036133,-16.96855354309082,3.552908182144165,,
,,224649,,,426.8460273742676,,,,,,
,,224649,,8.061647415161133,,,,,,,
143,,224649,,,,3.5462646484375,-16.456361770629883,-16.923084259033203,3.5462646484375,,
,,224699,,,430.7668209075928,,,,,,
,,224699,,25.36773681640625,,,,,,,
143,,224699,,,,3.5445992946624756,-15.997756958007812,-16.47018051147461,3.5445992946624756,,
,,224749,,,429.8133850097656,,,,,,
,,224749,,7.81559944152832,,,,,,,
143,,224749,,,,3.549097776412964,-15.814681053161621,-16.27605628967285,3.549097776412964,,
,,224799,,,432.3573112487793,,,,,,
,,224799,,26.044368743896484,,,,,,,
143,,224799,,,,3.5497775077819824,-15.611897468566895,-16.076997756958008,3.5497775077819824,,
,,224849,,,427.43635177612305,,,,,,
,,224849,,8.738994598388672,,,,,,,
143,,224849,,,,3.5457875728607178,-15.914800643920898,-16.365652084350586,3.5457875728607178,,
,,224899,,,423.57802391052246,,,,,,
,,224899,,28.860807418823242,,,,,,,
143,,224899,,,,3.5510451793670654,-16.01119613647461,-16.498783111572266,3.5510451793670654,,
,,224949,,,427.9472827911377,,,,,,
,,224949,,8.054733276367188,,,,,,,
143,,224949,,,,3.5538179874420166,-16.135770797729492,-16.6037540435791,3.5538179874420166,,
,,224999,,,427.4308681488037,,,,,,
,,224999,,28.023481369018555,,,,,,,
143,,224999,,,,3.551429271697998,-16.11271858215332,-16.593219757080078,3.551429271697998,,
,,225049,,,428.94911766052246,,,,,,
,,225049,,9.358644485473633,,,,,,,
143,,225049,,,,3.5520083904266357,-16.37063980102539,-16.833913803100586,3.5520083904266357,,
143,,225071,,,,,,,,-15.908342361450195,-16.29545783996582
,,225072,805.2222599983215,,,,,,,,
,0.0003,225072,,,,,,,,,
,,225099,,,425.99034309387207,,,,,,
,,225099,,25.0093936920166,,,,,,,
144,,225099,,,,3.547499656677246,-15.853911399841309,-16.306133270263672,3.547499656677246,,
,,225149,,,427.27017402648926,,,,,,
,,225149,,8.690834045410156,,,,,,,
144,,225149,,,,3.5505571365356445,-15.781696319580078,-16.24793243408203,3.5505571365356445,,
,,225199,,,428.30562591552734,,,,,,
,,225199,,25.124311447143555,,,,,,,
144,,225199,,,,3.5467705726623535,-15.880973815917969,-16.349098205566406,3.5467705726623535,,
,,225249,,,427.5846481323242,,,,,,
,,225249,,8.968353271484375,,,,,,,
144,,225249,,,,3.5523977279663086,-15.810901641845703,-16.269786834716797,3.5523977279663086,,
,,225299,,,422.2421646118164,,,,,,
,,225299,,25.50649642944336,,,,,,,
144,,225299,,,,3.5567407608032227,-15.660778999328613,-16.118196487426758,3.5567407608032227,,
,,225349,,,425.0154495239258,,,,,,
,,225349,,8.026599884033203,,,,,,,
144,,225349,,,,3.5478289127349854,-15.744938850402832,-16.202547073364258,3.5478289127349854,,
,,225399,,,428.4799098968506,,,,,,
,,225399,,26.49402618408203,,,,,,,
144,,225399,,,,3.54525089263916,-15.9536714553833,-16.405094146728516,3.54525089263916,,
,,225449,,,426.6664981842041,,,,,,
,,225449,,9.979724884033203,,,,,,,
144,,225449,,,,3.5430800914764404,-16.282114028930664,-16.750993728637695,3.5430800914764404,,
,,225499,,,423.8920211791992,,,,,,
,,225499,,26.55625343322754,,,,,,,
144,,225499,,,,3.5476109981536865,-15.703668594360352,-16.180761337280273,3.5476109981536865,,
,,225549,,,432.3086738586426,,,,,,
,,225549,,8.574247360229492,,,,,,,
144,,225549,,,,3.545006036758423,-15.8074951171875,-16.280536651611328,3.545006036758423,,
,,225599,,,429.46934700012207,,,,,,
,,225599,,27.09054946899414,,,,,,,
144,,225599,,,,3.5516417026519775,-15.899166107177734,-16.356443405151367,3.5516417026519775,,
,,225649,,,431.00833892822266,,,,,,
,,225649,,8.381843566894531,,,,,,,
144,,225649,,,,3.546109914779663,-15.894112586975098,-16.366758346557617,3.546109914779663,,
,,225699,,,429.3515682220459,,,,,,
,,225699,,25.192737579345703,,,,,,,
144,,225699,,,,3.5478439331054688,-16.07356071472168,-16.545166015625,3.5478439331054688,,
,,225749,,,425.8275032043457,,,,,,
,,225749,,7.794618606567383,,,,,,,
144,,225749,,,,3.54062557220459,-15.908608436584473,-16.383867263793945,3.54062557220459,,
,,225799,,,431.7929744720459,,,,,,
,,225799,,25.9249210357666,,,,,,,
144,,225799,,,,3.5438289642333984,-15.907617568969727,-16.366336822509766,3.5438289642333984,,
,,225849,,,429.96859550476074,,,,,,
,,225849,,9.128332138061523,,,,,,,
144,,225849,,,,3.546144723892212,-15.655232429504395,-16.11130714416504,3.546144723892212,,
,,225899,,,432.9702854156494,,,,,,
,,225899,,25.946617126464844,,,,,,,
144,,225899,,,,3.546825885772705,-15.622344970703125,-16.076948165893555,3.546825885772705,,
,,225949,,,435.55450439453125,,,,,,
,,225949,,9.444475173950195,,,,,,,
144,,225949,,,,3.5439677238464355,-16.179079055786133,-16.652795791625977,3.5439677238464355,,
,,225999,,,428.9977550506592,,,,,,
,,225999,,30.280113220214844,,,,,,,
144,,225999,,,,3.544222354888916,-15.97493839263916,-16.43702507019043,3.544222354888916,,
,,226049,,,433.23707580566406,,,,,,
,,226049,,8.243322372436523,,,,,,,
144,,226049,,,,3.55155348777771,-16.160869598388672,-16.619964599609375,3.55155348777771,,
,,226099,,,424.8933792114258,,,,,,
,,226099,,25.555849075317383,,,,,,,
144,,226099,,,,3.550879955291748,-16.131813049316406,-16.59246063232422,3.550879955291748,,
,,226149,,,419.2495346069336,,,,,,
,,226149,,10.064363479614258,,,,,,,
144,,226149,,,,3.546757221221924,-16.313419342041016,-16.777360916137695,3.546757221221924,,
,,226199,,,426.2399673461914,,,,,,
,,226199,,25.93231201171875,,,,,,,
144,,226199,,,,3.5434703826904297,-15.908811569213867,-16.36768913269043,3.5434703826904297,,
,,226249,,,431.8404197692871,,,,,,
,,226249,,8.628368377685547,,,,,,,
144,,226249,,,,3.5493392944335938,-15.716658592224121,-16.1743106842041,3.5493392944335938,,
,,226299,,,430.0198554992676,,,,,,
,,226299,,26.00693702697754,,,,,,,
144,,226299,,,,3.5611486434936523,-15.618948936462402,-16.07036018371582,3.5611486434936523,,
,,226349,,,432.30199813842773,,,,,,
,,226349,,8.816003799438477,,,,,,,
144,,226349,,,,3.5537054538726807,-15.693391799926758,-16.159833908081055,3.5537054538726807,,
,,226399,,,431.6980838775635,,,,,,
,,226399,,27.12702751159668,,,,,,,
144,,226399,,,,3.5467095375061035,-16.187225341796875,-16.66777992248535,3.5467095375061035,,
,,226449,,,427.6871681213379,,,,,,
,,226449,,7.912635803222656,,,,,,,
144,,226449,,,,3.5393714904785156,-16.21785545349121,-16.671323776245117,3.5393714904785156,,
,,226499,,,430.60922622680664,,,,,,
,,226499,,27.489900588989258,,,,,,,
144,,226499,,,,3.5440711975097656,-15.700960159301758,-16.160364151000977,3.5440711975097656,,
,,226549,,,427.29973793029785,,,,,,
,,226549,,8.013486862182617,,,,,,,
144,,226549,,,,3.5507335662841797,-16.259103775024414,-16.715429306030273,3.5507335662841797,,
,,226599,,,430.9868812561035,,,,,,
,,226599,,27.098894119262695,,,,,,,
144,,226599,,,,3.5487661361694336,-15.873132705688477,-16.331363677978516,3.5487661361694336,,
144,,226634,,,,,,,,-15.911996841430664,-16.30116844177246
,,226635,804.942569732666,,,,,,,,
,0.0003,226635,,,,,,,,,
,,226649,,,425.55856704711914,,,,,,
,,226649,,8.361339569091797,,,,,,,
145,,226649,,,,3.552490472793579,-15.513410568237305,-15.990227699279785,3.552490472793579,,
,,226699,,,428.96294593811035,,,,,,
,,226699,,25.97808837890625,,,,,,,
145,,226699,,,,3.553339958190918,-16.23390007019043,-16.6868953704834,3.553339958190918,,
,,226749,,,427.9487133026123,,,,,,
,,226749,,9.660959243774414,,,,,,,
145,,226749,,,,3.553206205368042,-15.930307388305664,-16.38471221923828,3.553206205368042,,
,,226799,,,420.2544689178467,,,,,,
,,226799,,28.96404266357422,,,,,,,
145,,226799,,,,3.5382909774780273,-16.251373291015625,-16.721670150756836,3.5382909774780273,,
,,226849,,,428.3599853515625,,,,,,
,,226849,,9.437084197998047,,,,,,,
145,,226849,,,,3.5473296642303467,-16.01173973083496,-16.48668670654297,3.5473296642303467,,
,,226899,,,426.39970779418945,,,,,,
,,226899,,25.95210075378418,,,,,,,
145,,226899,,,,3.550144672393799,-15.758916854858398,-16.2445068359375,3.550144672393799,,
,,226949,,,427.4916648864746,,,,,,
,,226949,,8.058309555053711,,,,,,,
145,,226949,,,,3.545405149459839,-15.841521263122559,-16.299680709838867,3.545405149459839,,
,,226999,,,430.403470993042,,,,,,
,,226999,,28.646230697631836,,,,,,,
145,,226999,,,,3.5473453998565674,-15.621252059936523,-16.071218490600586,3.5473453998565674,,
,,227049,,,431.48183822631836,,,,,,
,,227049,,7.714271545410156,,,,,,,
145,,227049,,,,3.5505223274230957,-15.907475471496582,-16.363370895385742,3.5505223274230957,,
,,227099,,,434.9682331085205,,,,,,
,,227099,,25.512218475341797,,,,,,,
145,,227099,,,,3.5450103282928467,-15.94340991973877,-16.390121459960938,3.5450103282928467,,
,,227149,,,430.9051036834717,,,,,,
,,227149,,7.755517959594727,,,,,,,
145,,227149,,,,3.5484402179718018,-16.091819763183594,-16.560476303100586,3.5484402179718018,,
,,227199,,,431.5152168273926,,,,,,
,,227199,,26.552915573120117,,,,,,,
145,,227199,,,,3.5549468994140625,-16.01667022705078,-16.468626022338867,3.5549468994140625,,
,,227249,,,429.66508865356445,,,,,,
,,227249,,7.97581672668457,,,,,,,
145,,227249,,,,3.545630931854248,-16.256439208984375,-16.721742630004883,3.545630931854248,,
,,227299,,,430.18507957458496,,,,,,
,,227299,,26.575088500976562,,,,,,,
145,,227299,,,,3.5485284328460693,-15.66998291015625,-16.13448715209961,3.5485284328460693,,
,,227349,,,426.865816116333,,,,,,
,,227349,,8.462190628051758,,,,,,,
145,,227349,,,,3.548150062561035,-15.94272518157959,-16.423290252685547,3.548150062561035,,
,,227399,,,430.25708198547363,,,,,,
,,227399,,27.15754508972168,,,,,,,
145,,227399,,,,3.5496885776519775,-15.623851776123047,-16.082059860229492,3.5496885776519775,,
,,227449,,,431.821346282959,,,,,,
,,227449,,9.964942932128906,,,,,,,
145,,227449,,,,3.543621778488159,-16.45759391784668,-16.933427810668945,3.543621778488159,,
,,227499,,,436.10286712646484,,,,,,
,,227499,,27.115821838378906,,,,,,,
145,,227499,,,,3.550236225128174,-16.22418212890625,-16.687162399291992,3.550236225128174,,
,,227549,,,431.8859577178955,,,,,,
,,227549,,9.104013442993164,,,,,,,
145,,227549,,,,3.5537164211273193,-16.204334259033203,-16.661924362182617,3.5537164211273193,,
,,227599,,,428.1938076019287,,,,,,
,,227599,,26.13043785095215,,,,,,,
145,,227599,,,,3.5454301834106445,-15.64602279663086,-16.107219696044922,3.5454301834106445,,
,,227649,,,432.2948455810547,,,,,,
,,227649,,9.525537490844727,,,,,,,
145,,227649,,,,3.5521938800811768,-15.901947021484375,-16.359975814819336,3.5521938800811768,,
,,227699,,,434.09180641174316,,,,,,
,,227699,,26.750802993774414,,,,,,,
145,,227699,,,,3.5440337657928467,-16.085987091064453,-16.53307342529297,3.5440337657928467,,
,,227749,,,432.88397789001465,,,,,,
,,227749,,8.561372756958008,,,,,,,
145,,227749,,,,3.5514159202575684,-15.744821548461914,-16.211090087890625,3.5514159202575684,,
,,227799,,,429.642915725708,,,,,,
,,227799,,25.653362274169922,,,,,,,
145,,227799,,,,3.5468602180480957,-15.878664016723633,-16.353559494018555,3.5468602180480957,,
,,227849,,,429.9006462097168,,,,,,
,,227849,,8.768796920776367,,,,,,,
145,,227849,,,,3.538912773132324,-15.964762687683105,-16.427719116210938,3.538912773132324,,
,,227899,,,436.2344741821289,,,,,,
,,227899,,26.959896087646484,,,,,,,
145,,227899,,,,3.5498647689819336,-15.770304679870605,-16.218080520629883,3.5498647689819336,,
,,227949,,,428.9240837097168,,,,,,
,,227949,,9.081602096557617,,,,,,,
145,,227949,,,,3.5434987545013428,-16.009864807128906,-16.463470458984375,3.5434987545013428,,
,,227999,,,435.14513969421387,,,,,,
,,227999,,27.12082862854004,,,,,,,
145,,227999,,,,3.5508339405059814,-15.887798309326172,-16.339181900024414,3.5508339405059814,,
,,228049,,,439.929723739624,,,,,,
,,228049,,10.266542434692383,,,,,,,
145,,228049,,,,3.552335739135742,-15.92514419555664,-16.3948974609375,3.552335739135742,,
,,228099,,,439.64624404907227,,,,,,
,,228099,,26.999235153198242,,,,,,,
145,,228099,,,,3.5471067428588867,-15.553563117980957,-16.015775680541992,3.5471067428588867,,
,,228149,,,432.19733238220215,,,,,,
,,228149,,8.47935676574707,,,,,,,
145,,228149,,,,3.5502307415008545,-15.723703384399414,-16.184354782104492,3.5502307415008545,,
145,,228197,,,,,,,,-15.915717124938965,-16.304933547973633
,,228198,808.9899978637695,,,,,,,,
,0.0003,228198,,,,,,,,,
,,228199,,,434.64136123657227,,,,,,
,,228199,,25.56133270263672,,,,,,,
146,,228199,,,,3.555323600769043,-16.014680862426758,-16.48196792602539,3.555323600769043,,
,,228249,,,435.8482360839844,,,,,,
,,228249,,9.859561920166016,,,,,,,
146,,228249,,,,3.54825496673584,-16.12745475769043,-16.59337043762207,3.54825496673584,,
,,228299,,,433.3946704864502,,,,,,
,,228299,,26.75318717956543,,,,,,,
146,,228299,,,,3.5464963912963867,-16.2270565032959,-16.689775466918945,3.5464963912963867,,
,,228349,,,435.1174831390381,,,,,,
,,228349,,9.111166000366211,,,,,,,
146,,228349,,,,3.5551791191101074,-15.850595474243164,-16.31026268005371,3.5551791191101074,,
,,228399,,,435.8031749725342,,,,,,
,,228399,,26.507854461669922,,,,,,,
146,,228399,,,,3.553915023803711,-15.91457748413086,-16.37334632873535,3.553915023803711,,
,,228449,,,428.33924293518066,,,,,,
,,228449,,8.784770965576172,,,,,,,
146,,228449,,,,3.5448811054229736,-16.17584800720215,-16.62596893310547,3.5448811054229736,,
,,228499,,,429.16274070739746,,,,,,
,,228499,,28.427839279174805,,,,,,,
146,,228499,,,,3.551389694213867,-16.239519119262695,-16.700828552246094,3.551389694213867,,
,,228549,,,431.39171600341797,,,,,,
,,228549,,8.116960525512695,,,,,,,
146,,228549,,,,3.536729574203491,-16.104766845703125,-16.583316802978516,3.536729574203491,,
,,228599,,,428.56645584106445,,,,,,
,,228599,,26.319026947021484,,,,,,,
146,,228599,,,,3.5417773723602295,-16.078044891357422,-16.5679874420166,3.5417773723602295,,
,,228649,,,432.79290199279785,,,,,,
,,228649,,8.924007415771484,,,,,,,
146,,228649,,,,3.546555519104004,-15.919979095458984,-16.393959045410156,3.546555519104004,,
,,228699,,,422.6644039154053,,,,,,
,,228699,,29.456138610839844,,,,,,,
146,,228699,,,,3.559561014175415,-15.597625732421875,-16.06673812866211,3.559561014175415,,
,,228749,,,420.54128646850586,,,,,,
,,228749,,8.691549301147461,,,,,,,
146,,228749,,,,3.541893243789673,-15.656744003295898,-16.1242618560791,3.541893243789673,,
,,228799,,,421.7667579650879,,,,,,
,,228799,,23.256540298461914,,,,,,,
146,,228799,,,,3.5535764694213867,-16.130056381225586,-16.59050178527832,3.5535764694213867,,
,,228849,,,422.41907119750977,,,,,,
,,228849,,5.931615829467773,,,,,,,
146,,228849,,,,3.550607204437256,-15.919113159179688,-16.38889503479004,3.550607204437256,,
,,228899,,,416.3377285003662,,,,,,
,,228899,,25.699853897094727,,,,,,,
146,,228899,,,,3.5539212226867676,-15.623948097229004,-16.10152244567871,3.5539212226867676,,
,,228949,,,411.08131408691406,,,,,,
,,228949,,5.783557891845703,,,,,,,
146,,228949,,,,3.5400383472442627,-15.523972511291504,-15.97471809387207,3.5400383472442627,,
,,228999,,,413.07783126831055,,,,,,
,,228999,,26.717424392700195,,,,,,,
146,,228999,,,,3.5470876693725586,-15.92182731628418,-16.397106170654297,3.5470876693725586,,
,,229049,,,420.0100898742676,,,,,,
,,229049,,8.615255355834961,,,,,,,
146,,229049,,,,3.5555241107940674,-16.053321838378906,-16.52442741394043,3.5555241107940674,,
,,229099,,,415.241003036499,,,,,,
,,229099,,26.92103385925293,,,,,,,
146,,229099,,,,3.5462100505828857,-16.015186309814453,-16.483095169067383,3.5462100505828857,,
,,229149,,,411.9272232055664,,,,,,
,,229149,,7.942438125610352,,,,,,,
146,,229149,,,,3.5526745319366455,-16.01856803894043,-16.474681854248047,3.5526745319366455,,
,,229199,,,416.65101051330566,,,,,,
,,229199,,24.3685245513916,,,,,,,
146,,229199,,,,3.5533440113067627,-15.840478897094727,-16.306861877441406,3.5533440113067627,,
,,229249,,,418.43485832214355,,,,,,
,,229249,,7.446050643920898,,,,,,,
146,,229249,,,,3.5489017963409424,-15.920515060424805,-16.40062141418457,3.5489017963409424,,
,,229299,,,407.428503036499,,,,,,
,,229299,,27.5881290435791,,,,,,,
146,,229299,,,,3.552985191345215,-15.693647384643555,-16.148284912109375,3.552985191345215,,
,,229349,,,417.96278953552246,,,,,,
,,229349,,6.881952285766602,,,,,,,
146,,229349,,,,3.5463554859161377,-16.376781463623047,-16.830095291137695,3.5463554859161377,,
,,229399,,,419.8756217956543,,,,,,
,,229399,,26.712417602539062,,,,,,,
146,,229399,,,,3.546520948410034,-16.105480194091797,-16.55058479309082,3.546520948410034,,
,,229449,,,414.74318504333496,,,,,,
,,229449,,7.065773010253906,,,,,,,
146,,229449,,,,3.5488176345825195,-15.658467292785645,-16.123266220092773,3.5488176345825195,,
,,229499,,,406.79478645324707,,,,,,
,,229499,,26.46613121032715,,,,,,,
146,,229499,,,,3.5514144897460938,-16.110729217529297,-16.56441879272461,3.5514144897460938,,
,,229549,,,428.4684658050537,,,,,,
,,229549,,9.220600128173828,,,,,,,
146,,229549,,,,3.545959949493408,-16.039165496826172,-16.53023910522461,3.545959949493408,,
,,229599,,,433.621883392334,,,,,,
,,229599,,27.15754508972168,,,,,,,
146,,229599,,,,3.558086395263672,-15.502887725830078,-15.99176025390625,3.558086395263672,,
,,229649,,,429.02684211730957,,,,,,
,,229649,,9.635448455810547,,,,,,,
146,,229649,,,,3.5467031002044678,-15.985231399536133,-16.45123863220215,3.5467031002044678,,
,,229699,,,433.02416801452637,,,,,,
,,229699,,26.785850524902344,,,,,,,
146,,229699,,,,3.5481741428375244,-15.788042068481445,-16.262990951538086,3.5481741428375244,,
,,229749,,,436.1293315887451,,,,,,
,,229749,,10.412454605102539,,,,,,,
146,,229749,,,,3.5459229946136475,-15.720771789550781,-16.19662857055664,3.5459229946136475,,
146,,229760,,,,,,,,-15.912129402160645,-16.304889678955078
,,229761,797.7560904026031,,,,,,,,
,0.0003,229761,,,,,,,,,
,,229799,,,431.02502822875977,,,,,,
,,229799,,29.529094696044922,,,,,,,
147,,229799,,,,3.5482587814331055,-15.833549499511719,-16.309812545776367,3.5482587814331055,,
,,229849,,,430.8760166168213,,,,,,
,,229849,,8.118629455566406,,,,,,,
147,,229849,,,,3.5461621284484863,-16.12830924987793,-16.59480094909668,3.5461621284484863,,
,,229899,,,433.58516693115234,,,,,,
,,229899,,26.46017074584961,,,,,,,
147,,229899,,,,3.5519909858703613,-15.92540168762207,-16.38172149658203,3.5519909858703613,,
,,229949,,,434.7190856933594,,,,,,
,,229949,,8.710861206054688,,,,,,,
147,,229949,,,,3.544168710708618,-15.94017505645752,-16.41277313232422,3.544168710708618,,
,,229999,,,436.08593940734863,,,,,,
,,229999,,26.640892028808594,,,,,,,
147,,229999,,,,3.555449962615967,-16.221973419189453,-16.68181610107422,3.555449962615967,,
,,230049,,,425.05884170532227,,,,,,
,,230049,,8.642196655273438,,,,,,,
147,,230049,,,,3.554033041000366,-15.882466316223145,-16.346500396728516,3.554033041000366,,
,,230099,,,428.77960205078125,,,,,,
,,230099,,26.430368423461914,,,,,,,
147,,230099,,,,3.551300048828125,-15.809337615966797,-16.283512115478516,3.551300048828125,,
,,230149,,,434.10444259643555,,,,,,
,,230149,,8.892297744750977,,,,,,,
147,,230149,,,,3.5389721393585205,-15.74112606048584,-16.203128814697266,3.5389721393585205,,
,,230199,,,434.7686767578125,,,,,,
,,230199,,26.92580223083496,,,,,,,
147,,230199,,,,3.55859375,-15.891740798950195,-16.34566307067871,3.55859375,,
,,230249,,,433.7904453277588,,,,,,
,,230249,,9.184837341308594,,,,,,,
147,,230249,,,,3.546069622039795,-16.10245132446289,-16.557117462158203,3.546069622039795,,
,,230299,,,430.3891658782959,,,,,,
,,230299,,25.847673416137695,,,,,,,
147,,230299,,,,3.540743827819824,-16.019651412963867,-16.48037338256836,3.540743827819824,,
,,230349,,,429.0754795074463,,,,,,
,,230349,,8.141040802001953,,,,,,,
147,,230349,,,,3.5459282398223877,-16.069076538085938,-16.52609634399414,3.5459282398223877,,
,,230399,,,439.2733573913574,,,,,,
,,230399,,28.46693992614746,,,,,,,
147,,230399,,,,3.540414571762085,-15.870660781860352,-16.32390785217285,3.540414571762085,,
,,230449,,,434.68213081359863,,,,,,
,,230449,,8.460521697998047,,,,,,,
147,,230449,,,,3.5465612411499023,-16.031879425048828,-16.492595672607422,3.5465612411499023,,
,,230499,,,437.04915046691895,,,,,,
,,230499,,26.492834091186523,,,,,,,
147,,230499,,,,3.5596301555633545,-15.487678527832031,-15.95668888092041,3.5596301555633545,,
,,230549,,,432.023286819458,,,,,,
,,230549,,8.310794830322266,,,,,,,
147,,230549,,,,3.557621955871582,-15.899721145629883,-16.355539321899414,3.557621955871582,,
,,230599,,,430.1619529724121,,,,,,
,,230599,,29.744386672973633,,,,,,,
147,,230599,,,,3.5479736328125,-15.958996772766113,-16.419403076171875,3.5479736328125,,
,,230649,,,428.2724857330322,,,,,,
,,230649,,8.327007293701172,,,,,,,
147,,230649,,,,3.552861213684082,-15.969736099243164,-16.443586349487305,3.552861213684082,,
,,230699,,,443.1335926055908,,,,,,
,,230699,,27.29344367980957,,,,,,,
147,,230699,,,,3.554077386856079,-15.797700881958008,-16.267005920410156,3.554077386856079,,
,,230749,,,436.004638671875,,,,,,
,,230749,,8.581161499023438,,,,,,,
147,,230749,,,,3.5453460216522217,-15.522368431091309,-15.964365005493164,3.5453460216522217,,
,,230799,,,437.26634979248047,,,,,,
,,230799,,26.42536163330078,,,,,,,
147,,230799,,,,3.539992094039917,-15.975740432739258,-16.448087692260742,3.539992094039917,,
,,230849,,,422.8472709655762,,,,,,
,,230849,,8.692741394042969,,,,,,,
147,,230849,,,,3.548933744430542,-15.906953811645508,-16.382549285888672,3.548933744430542,,
,,230899,,,431.5922260284424,,,,,,
,,230899,,25.825977325439453,,,,,,,
147,,230899,,,,3.5523760318756104,-16.105995178222656,-16.585588455200195,3.5523760318756104,,
,,230949,,,428.4253120422363,,,,,,
,,230949,,8.388042449951172,,,,,,,
147,,230949,,,,3.5473077297210693,-15.965829849243164,-16.44112777709961,3.5473077297210693,,
,,230999,,,435.11295318603516,,,,,,
,,230999,,27.667522430419922,,,,,,,
147,,230999,,,,3.5465896129608154,-16.11619758605957,-16.57280158996582,3.5465896129608154,,
,,231049,,,437.2227191925049,,,,,,
,,231049,,8.699178695678711,,,,,,,
147,,231049,,,,3.5526280403137207,-16.20599365234375,-16.671710968017578,3.5526280403137207,,
,,231099,,,434.89718437194824,,,,,,
,,231099,,26.82662010192871,,,,,,,
147,,231099,,,,3.5477898120880127,-16.081783294677734,-16.56167221069336,3.5477898120880127,,
,,231149,,,437.1170997619629,,,,,,
,,231149,,8.211374282836914,,,,,,,
147,,231149,,,,3.5453672409057617,-15.668350219726562,-16.150087356567383,3.5453672409057617,,
,,231199,,,428.8918972015381,,,,,,
,,231199,,25.893449783325195,,,,,,,
147,,231199,,,,3.548893928527832,-15.813129425048828,-16.265178680419922,3.548893928527832,,
,,231249,,,432.6462745666504,,,,,,
,,231249,,8.723258972167969,,,,,,,
147,,231249,,,,3.550783395767212,-15.895474433898926,-16.36745834350586,3.550783395767212,,
,,231299,,,434.63826179504395,,,,,,
,,231299,,25.39849281311035,,,,,,,
147,,231299,,,,3.547424793243408,-15.930575370788574,-16.403057098388672,3.547424793243408,,
147,,231323,,,,,,,,-15.907963752746582,-16.296192169189453
,,231324,812.7680861949921,,,,,,,,
,0.0003,231324,,,,,,,,,
,,231349,,,421.10133171081543,,,,,,
,,231349,,7.80940055847168,,,,,,,
148,,231349,,,,3.5507326126098633,-15.66544246673584,-16.12746810913086,3.5507326126098633,,
,,231399,,,414.6459102630615,,,,,,
,,231399,,25.254249572753906,,,,,,,
148,,231399,,,,3.5464329719543457,-16.17684555053711,-16.660844802856445,3.5464329719543457,,
,,231449,,,404.4952392578125,,,,,,
,,231449,,7.592439651489258,,,,,,,
148,,231449,,,,3.5503909587860107,-16.22872543334961,-16.690690994262695,3.5503909587860107,,
,,231499,,,403.3386707305908,,,,,,
,,231499,,27.02021598815918,,,,,,,
148,,231499,,,,3.5482263565063477,-16.15319061279297,-16.624704360961914,3.5482263565063477,,
,,231549,,,400.132417678833,,,,,,
,,231549,,5.646705627441406,,,,,,,
148,,231549,,,,3.548196315765381,-16.146568298339844,-16.61096954345703,3.548196315765381,,
,,231599,,,397.1850872039795,,,,,,
,,231599,,23.137331008911133,,,,,,,
148,,231599,,,,3.5508666038513184,-15.92943000793457,-16.362651824951172,3.5508666038513184,,
,,231649,,,398.34141731262207,,,,,,
,,231649,,5.785703659057617,,,,,,,
148,,231649,,,,3.547069549560547,-15.703923225402832,-16.161548614501953,3.547069549560547,,
,,231699,,,403.20301055908203,,,,,,
,,231699,,23.009061813354492,,,,,,,
148,,231699,,,,3.545670747756958,-16.24333381652832,-16.7000789642334,3.545670747756958,,
,,231749,,,403.4914970397949,,,,,,
,,231749,,5.5828094482421875,,,,,,,
148,,231749,,,,3.5421719551086426,-16.5432071685791,-17.01800537109375,3.5421719551086426,,
,,231799,,,405.3201675415039,,,,,,
,,231799,,29.600858688354492,,,,,,,
148,,231799,,,,3.5478920936584473,-15.803540229797363,-16.264249801635742,3.5478920936584473,,
,,231849,,,404.5875072479248,,,,,,
,,231849,,5.586147308349609,,,,,,,
148,,231849,,,,3.548529624938965,-15.817301750183105,-16.293014526367188,3.548529624938965,,
,,231899,,,406.9368839263916,,,,,,
,,231899,,25.787830352783203,,,,,,,
148,,231899,,,,3.5511510372161865,-15.947007179260254,-16.395517349243164,3.5511510372161865,,
,,231949,,,413.0129814147949,,,,,,
,,231949,,8.304834365844727,,,,,,,
148,,231949,,,,3.550999164581299,-15.461980819702148,-15.93260383605957,3.550999164581299,,
,,231999,,,412.4336242675781,,,,,,
,,231999,,26.993751525878906,,,,,,,
148,,231999,,,,3.541330575942993,-15.776403427124023,-16.23766326904297,3.541330575942993,,
,,232049,,,411.01646423339844,,,,,,
,,232049,,7.565021514892578,,,,,,,
148,,232049,,,,3.553173065185547,-16.077117919921875,-16.557069778442383,3.553173065185547,,
,,232099,,,412.6737117767334,,,,,,
,,232099,,23.138761520385742,,,,,,,
148,,232099,,,,3.548335075378418,-16.111343383789062,-16.593076705932617,3.548335075378418,,
,,232149,,,408.36119651794434,,,,,,
,,232149,,7.420063018798828,,,,,,,
148,,232149,,,,3.5490407943725586,-15.835189819335938,-16.293563842773438,3.5490407943725586,,
,,232199,,,412.75644302368164,,,,,,
,,232199,,26.84783935546875,,,,,,,
148,,232199,,,,3.5532054901123047,-16.309017181396484,-16.813215255737305,3.5532054901123047,,
,,232249,,,412.95933723449707,,,,,,
,,232249,,6.985187530517578,,,,,,,
148,,232249,,,,3.5474956035614014,-15.840869903564453,-16.30569839477539,3.5474956035614014,,
,,232299,,,414.57319259643555,,,,,,
,,232299,,28.14316749572754,,,,,,,
148,,232299,,,,3.5439934730529785,-16.120311737060547,-16.575815200805664,3.5439934730529785,,
,,232349,,,408.36644172668457,,,,,,
,,232349,,8.487701416015625,,,,,,,
148,,232349,,,,3.547297239303589,-15.74400520324707,-16.218347549438477,3.547297239303589,,
,,232399,,,407.57298469543457,,,,,,
,,232399,,22.876739501953125,,,,,,,
148,,232399,,,,3.544971227645874,-16.042770385742188,-16.49597930908203,3.544971227645874,,
,,232449,,,411.04626655578613,,,,,,
,,232449,,8.02755355834961,,,,,,,
148,,232449,,,,3.5456011295318604,-15.730920791625977,-16.193784713745117,3.5456011295318604,,
,,232499,,,401.9660949707031,,,,,,
,,232499,,23.081541061401367,,,,,,,
148,,232499,,,,3.5471293926239014,-15.477023124694824,-15.943394660949707,3.5471293926239014,,
,,232549,,,400.42924880981445,,,,,,
,,232549,,7.352590560913086,,,,,,,
148,,232549,,,,3.5407490730285645,-16.22512435913086,-16.690658569335938,3.5407490730285645,,
,,232599,,,396.1181640625,,,,,,
,,232599,,23.081064224243164,,,,,,,
148,,232599,,,,3.549778938293457,-15.875181198120117,-16.353036880493164,3.549778938293457,,
,,232649,,,408.2975387573242,,,,,,
,,232649,,7.337093353271484,,,,,,,
148,,232649,,,,3.543766975402832,-15.975860595703125,-16.44706916809082,3.543766975402832,,
,,232699,,,400.9425640106201,,,,,,
,,232699,,23.531198501586914,,,,,,,
148,,232699,,,,3.555202007293701,-15.687836647033691,-16.150222778320312,3.555202007293701,,
,,232749,,,409.81483459472656,,,,,,
,,232749,,5.736112594604492,,,,,,,
148,,232749,,,,3.5474486351013184,-16.04647445678711,-16.53737449645996,3.5474486351013184,,
,,232799,,,400.5749225616455,,,,,,
,,232799,,23.345232009887695,,,,,,,
148,,232799,,,,3.5435760021209717,-16.029733657836914,-16.507144927978516,3.5435760021209717,,
,,232849,,,400.30717849731445,,,,,,
,,232849,,8.527994155883789,,,,,,,
148,,232849,,,,3.5425734519958496,-15.675415992736816,-16.148540496826172,3.5425734519958496,,
148,,232886,,,,,,,,-15.9099702835083,-16.296594619750977
,,232887,768.3688933849335,,,,,,,,
,0.0003,232887,,,,,,,,,
,,232899,,,396.8169689178467,,,,,,
,,232899,,29.489994049072266,,,,,,,
149,,232899,,,,3.5480260848999023,-15.861194610595703,-16.33882713317871,3.5480260848999023,,
,,232949,,,405.5953025817871,,,,,,
,,232949,,7.719516754150391,,,,,,,
149,,232949,,,,3.55153751373291,-15.801864624023438,-16.267663955688477,3.55153751373291,,
,,232999,,,400.76136589050293,,,,,,
,,232999,,23.145437240600586,,,,,,,
149,,232999,,,,3.5477511882781982,-16.176692962646484,-16.63377571105957,3.5477511882781982,,
,,233049,,,403.23400497436523,,,,,,
,,233049,,5.637407302856445,,,,,,,
149,,233049,,,,3.551848888397217,-15.393278121948242,-15.850123405456543,3.551848888397217,,
,,233099,,,403.13172340393066,,,,,,
,,233099,,22.97186851501465,,,,,,,
149,,233099,,,,3.546055793762207,-15.924413681030273,-16.400388717651367,3.546055793762207,,
,,233149,,,411.8351936340332,,,,,,
,,233149,,7.376194000244141,,,,,,,
149,,233149,,,,3.549555540084839,-16.181053161621094,-16.64278793334961,3.549555540084839,,
,,233199,,,399.1396427154541,,,,,,
,,233199,,23.029804229736328,,,,,,,
149,,233199,,,,3.5549676418304443,-15.701910018920898,-16.157907485961914,3.5549676418304443,,
,,233249,,,404.80494499206543,,,,,,
,,233249,,7.266044616699219,,,,,,,
149,,233249,,,,3.5479142665863037,-16.081933975219727,-16.581674575805664,3.5479142665863037,,
,,233299,,,406.660795211792,,,,,,
,,233299,,22.963523864746094,,,,,,,
149,,233299,,,,3.5514378547668457,-16.106815338134766,-16.565683364868164,3.5514378547668457,,
,,233349,,,404.3095111846924,,,,,,
,,233349,,6.803274154663086,,,,,,,
149,,233349,,,,3.5519115924835205,-15.720308303833008,-16.18852424621582,3.5519115924835205,,
,,233399,,,405.72357177734375,,,,,,
,,233399,,23.122072219848633,,,,,,,
149,,233399,,,,3.5570170879364014,-16.074033737182617,-16.506572723388672,3.5570170879364014,,
,,233449,,,402.4062156677246,,,,,,
,,233449,,7.61103630065918,,,,,,,
149,,233449,,,,3.5477705001831055,-15.614093780517578,-16.09041404724121,3.5477705001831055,,
,,233499,,,410.77208518981934,,,,,,
,,233499,,26.183128356933594,,,,,,,
149,,233499,,,,3.5469932556152344,-15.74206256866455,-16.186603546142578,3.5469932556152344,,
,,233549,,,406.0368537902832,,,,,,
,,233549,,6.344318389892578,,,,,,,
149,,233549,,,,3.541692018508911,-15.915173530578613,-16.366069793701172,3.541692018508911,,
,,233599,,,423.628568649292,,,,,,
,,233599,,27.518033981323242,,,,,,,
149,,233599,,,,3.5451695919036865,-16.490238189697266,-16.97081756591797,3.5451695919036865,,
,,233649,,,408.86688232421875,,,,,,
,,233649,,5.578041076660156,,,,,,,
149,,233649,,,,3.548348903656006,-16.03228759765625,-16.494895935058594,3.548348903656006,,
,,233699,,,411.0136032104492,,,,,,
,,233699,,23.02718162536621,,,,,,,
149,,233699,,,,3.555169105529785,-16.033710479736328,-16.51171875,3.555169105529785,,
,,233749,,,411.1506938934326,,,,,,
,,233749,,5.626916885375977,,,,,,,
149,,233749,,,,3.5496177673339844,-15.983331680297852,-16.442319869995117,3.5496177673339844,,
,,233799,,,415.9276485443115,,,,,,
,,233799,,28.146982192993164,,,,,,,
149,,233799,,,,3.541071653366089,-15.734382629394531,-16.205198287963867,3.541071653366089,,
,,233849,,,409.8367691040039,,,,,,
,,233849,,8.775711059570312,,,,,,,
149,,233849,,,,3.5438334941864014,-15.972267150878906,-16.428813934326172,3.5438334941864014,,
