epoch,step,time/epoch (s),time/inter_step (ms),time/intra_step (ms),train/loss,train/pair_count,train/quality,train/reward,val/gap,val/makespan,val/reward
,49,,,346.6601371765137,,,,,,,
,49,,0.5540847778320312,,,,,,,,
,99,,,343.0173397064209,,,,,,,
,99,,9.209394454956055,,,,,,,,
,149,,,344.9218273162842,,,,,,,
,149,,0.3955364227294922,,,,,,,,
,199,,,344.8622226715088,,,,,,,
,199,,9.12165641784668,,,,,,,,
,249,,,344.80786323547363,,,,,,,
,249,,0.38433074951171875,,,,,,,,
,299,,,350.54945945739746,,,,,,,
,299,,9.00888442993164,,,,,,,,
,349,,,344.6199893951416,,,,,,,
,349,,0.4329681396484375,,,,,,,,
,399,,,343.08433532714844,,,,,,,
,399,,9.05466079711914,,,,,,,,
,449,,,347.5472927093506,,,,,,,
,449,,0.6229877471923828,,,,,,,,
,499,,,356.5034866333008,,,,,,,
,499,,9.01341438293457,,,,,,,,
,549,,,350.20923614501953,,,,,,,
,549,,0.3962516784667969,,,,,,,,
,599,,,344.2883491516113,,,,,,,
,599,,17.271041870117188,,,,,,,,
,649,,,358.9165210723877,,,,,,,
,649,,0.4086494445800781,,,,,,,,
,699,,,348.3843803405762,,,,,,,
,699,,9.008646011352539,,,,,,,,
,749,,,344.71917152404785,,,,,,,
,749,,0.385284423828125,,,,,,,,
,799,,,344.1743850708008,,,,,,,
,799,,8.991003036499023,,,,,,,,
,849,,,344.1288471221924,,,,,,,
,849,,0.4088878631591797,,,,,,,,
,899,,,343.89352798461914,,,,,,,
,899,,9.024620056152344,,,,,,,,
,949,,,345.08562088012695,,,,,,,
,949,,0.37789344787597656,,,,,,,,
,999,,,344.58446502685547,,,,,,,
,999,,8.997917175292969,,,,,,,,
,1049,,,346.62485122680664,,,,,,,
,1049,,0.34928321838378906,,,,,,,,
,1099,,,358.7608337402344,,,,,,,
,1099,,9.23919677734375,,,,,,,,
,1149,,,354.2020320892334,,,,,,,
,1149,,0.3743171691894531,,,,,,,,
,1199,,,343.7933921813965,,,,,,,
,1199,,8.807897567749023,,,,,,,,
,1249,,,341.9661521911621,,,,,,,
,1249,,0.39958953857421875,,,,,,,,
,1299,,,352.2157669067383,,,,,,,
,1299,,8.978605270385742,,,,,,,,
,1349,,,344.80762481689453,,,,,,,
,1349,,0.36644935607910156,,,,,,,,
,1399,,,344.0060615539551,,,,,,,
,1399,,8.546113967895508,,,,,,,,
,1449,,,344.921350479126,,,,,,,
,1449,,0.38743019104003906,,,,,,,,
,1499,,,348.907470703125,,,,,,,
,1499,,9.204864501953125,,,,,,,,
,1549,,,341.2959575653076,,,,,,,
,1549,,0.354766845703125,,,,,,,,
,1599,,,347.5370407104492,,,,,,,
,1599,,8.495569229125977,,,,,,,,
,1649,,,350.77619552612305,,,,,,,
,1649,,0.3914833068847656,,,,,,,,
,1699,,,343.5091972351074,,,,,,,
,1699,,9.162664413452148,,,,,,,,
,1749,,,351.77111625671387,,,,,,,
,1749,,0.3795623779296875,,,,,,,,
,1799,,,347.68080711364746,,,,,,,
,1799,,8.413553237915039,,,,,,,,
,1849,,,342.6351547241211,,,,,,,
,1849,,0.3943443298339844,,,,,,,,
,1899,,,342.93127059936523,,,,,,,
,1899,,9.0179443359375,,,,,,,,
,1949,,,342.6053524017334,,,,,,,
,1949,,0.36072731018066406,,,,,,,,
,1999,,,345.064640045166,,,,,,,
,1999,,8.708000183105469,,,,,,,,
,2049,,,346.2786674499512,,,,,,,
,2049,,0.431060791015625,,,,,,,,
,2099,,,350.37851333618164,,,,,,,
,2099,,8.943557739257812,,,,,,,,
,2149,,,344.6075916290283,,,,,,,
,2149,,0.3719329833984375,,,,,,,,
,2199,,,350.24118423461914,,,,,,,
,2199,,8.472204208374023,,,,,,,,
,2249,,,341.78757667541504,,,,,,,
,2249,,0.3859996795654297,,,,,,,,
,2299,,,341.43853187561035,,,,,,,
,2299,,8.627653121948242,,,,,,,,
,2349,,,344.0818786621094,,,,,,,
,2349,,0.38123130798339844,,,,,,,,
,2399,,,341.52865409851074,,,,,,,
,2399,,8.47172737121582,,,,,,,,
,2449,,,348.7370014190674,,,,,,,
,2449,,0.4000663757324219,,,,,,,,
,2499,,,343.51110458374023,,,,,,,
,2499,,9.105443954467773,,,,,,,,
,2549,,,344.8491096496582,,,,,,,
,2549,,0.3924369812011719,,,,,,,,
,2599,,,344.8052406311035,,,,,,,
,2599,,8.626222610473633,,,,,,,,
,2649,,,351.7580032348633,,,,,,,
,2649,,0.40340423583984375,,,,,,,,
,2699,,,342.1754837036133,,,,,,,
,2699,,8.997678756713867,,,,,,,,
,2749,,,342.49091148376465,,,,,,,
,2749,,0.3650188446044922,,,,,,,,
,2799,,,343.0671691894531,,,,,,,
,2799,,8.569478988647461,,,,,,,,
,2849,,,342.33617782592773,,,,,,,
,2849,,0.39458274841308594,,,,,,,,
,2899,,,347.6214408874512,,,,,,,
,2899,,9.19651985168457,,,,,,,,
,2949,,,344.921350479126,,,,,,,
,2949,,0.3619194030761719,,,,,,,,
,2999,,,346.2233543395996,,,,,,,
,2999,,8.536338806152344,,,,,,,,
,3049,,,344.73323822021484,,,,,,,
,3049,,0.36025047302246094,,,,,,,,
,3099,,,345.5543518066406,,,,,,,
,3099,,8.637189865112305,,,,,,,,
,3149,,,343.1849479675293,,,,,,,
,3149,,0.36454200744628906,,,,,,,,
,3199,,,341.75944328308105,,,,,,,
,3199,,8.949518203735352,,,,,,,,
,3249,,,347.00989723205566,,,,,,,
,3249,,0.3714561462402344,,,,,,,,
,3299,,,345.3643321990967,,,,,,,
,3299,,8.609771728515625,,,,,,,,
,3349,,,342.50521659851074,,,,,,,
,3349,,0.3669261932373047,,,,,,,,
,3399,,,345.505952835083,,,,,,,
,3399,,9.038925170898438,,,,,,,,
,3449,,,342.70501136779785,,,,,,,
,3449,,0.3542900085449219,,,,,,,,
,3499,,,343.1229591369629,,,,,,,
,3499,,8.64100456237793,,,,,,,,
,3549,,,347.9595184326172,,,,,,,
,3549,,0.3643035888671875,,,,,,,,
,3599,,,342.53430366516113,,,,,,,
,3599,,9.156227111816406,,,,,,,,
,3649,,,342.862606048584,,,,,,,
,3649,,0.370025634765625,,,,,,,,
,3699,,,344.59924697875977,,,,,,,
,3699,,8.482694625854492,,,,,,,,
,3749,,,345.4105854034424,,,,,,,
,3749,,0.36978721618652344,,,,,,,,
,3799,,,344.66099739074707,,,,,,,
,3799,,9.020805358886719,,,,,,,,
,3849,,,344.4645404815674,,,,,,,
,3849,,0.3628730773925781,,,,,,,,
,3899,,,352.705717086792,,,,,,,
,3899,,15.996217727661133,,,,,,,,
,3949,,,343.0767059326172,,,,,,,
,3949,,0.3516674041748047,,,,,,,,
,3999,,,343.02568435668945,,,,,,,
,3999,,8.983612060546875,,,,,,,,
,4049,,,344.0542221069336,,,,,,,
,4049,,0.36263465881347656,,,,,,,,
,4099,,,344.61140632629395,,,,,,,
,4099,,8.628368377685547,,,,,,,,
,4149,,,350.4817485809326,,,,,,,
,4149,,0.37479400634765625,,,,,,,,
,4199,,,354.82120513916016,,,,,,,
,4199,,9.012460708618164,,,,,,,,
,4249,,,357.6042652130127,,,,,,,
,4249,,0.3731250762939453,,,,,,,,
,4299,,,343.32799911499023,,,,,,,
,4299,,8.421897888183594,,,,,,,,
,4349,,,345.1986312866211,,,,,,,
,4349,,0.3993511199951172,,,,,,,,
,4399,,,348.3462333679199,,,,,,,
,4399,,17.54164695739746,,,,,,,,
,4449,,,344.43187713623047,,,,,,,
,4449,,0.3533363342285156,,,,,,,,
,4499,,,345.30019760131836,,,,,,,
,4499,,8.467435836791992,,,,,,,,
,4549,,,353.7747859954834,,,,,,,
,4549,,0.3829002380371094,,,,,,,,
,4599,,,343.49918365478516,,,,,,,
,4599,,9.021759033203125,,,,,,,,
,4649,,,345.2789783477783,,,,,,,
,4649,,0.40030479431152344,,,,,,,,
,4699,,,354.69818115234375,,,,,,,
,4699,,8.895158767700195,,,,,,,,
,4749,,,345.82972526550293,,,,,,,
,4749,,0.38170814514160156,,,,,,,,
,4799,,,343.7798023223877,,,,,,,
,4799,,8.748531341552734,,,,,,,,
,4849,,,343.46842765808105,,,,,,,
,4849,,0.3643035888671875,,,,,,,,
,4899,,,351.0255813598633,,,,,,,
,4899,,8.459329605102539,,,,,,,,
,4949,,,343.2888984680176,,,,,,,
,4949,,0.38814544677734375,,,,,,,,
,4999,,,343.6887264251709,,,,,,,
,4999,,8.79216194152832,,,,,,,,
0,4999,,,,,,,,3.8389174938201904,1722.6199951171875,-1722.6199951171875
,5000,1760.5995168685913,,,,,,,,,
0,4999,,,,0.695702314376831,8046.412109375,1.185684084892273,-1740.80859375,,,
,5049,,,345.9045886993408,,,,,,,
,5049,,0.3998279571533203,,,,,,,,
,5099,,,345.78514099121094,,,,,,,
,5099,,8.919477462768555,,,,,,,,
,5149,,,345.97253799438477,,,,,,,
,5149,,0.3657341003417969,,,,,,,,
,5199,,,344.3295955657959,,,,,,,
,5199,,8.759737014770508,,,,,,,,
,5249,,,354.62260246276855,,,,,,,
,5249,,0.40793418884277344,,,,,,,,
,5299,,,346.2197780609131,,,,,,,
,5299,,9.330272674560547,,,,,,,,
,5349,,,344.75207328796387,,,,,,,
,5349,,0.3707408905029297,,,,,,,,
,5399,,,342.63157844543457,,,,,,,
,5399,,8.482217788696289,,,,,,,,
,5449,,,355.41224479675293,,,,,,,
,5449,,0.3848075866699219,,,,,,,,
,5499,,,342.2527313232422,,,,,,,
,5499,,8.461236953735352,,,,,,,,
,5549,,,342.59700775146484,,,,,,,
,5549,,0.3523826599121094,,,,,,,,
,5599,,,342.8306579589844,,,,,,,
,5599,,8.759260177612305,,,,,,,,
,5649,,,342.7319526672363,,,,,,,
,5649,,0.3764629364013672,,,,,,,,
,5699,,,344.191312789917,,,,,,,
,5699,,8.972883224487305,,,,,,,,
,5749,,,357.24759101867676,,,,,,,
,5749,,0.3795623779296875,,,,,,,,
,5799,,,348.2775688171387,,,,,,,
,5799,,9.157419204711914,,,,,,,,
,5849,,,356.3392162322998,,,,,,,
,5849,,0.3676414489746094,,,,,,,,
,5899,,,353.41882705688477,,,,,,,
,5899,,8.658647537231445,,,,,,,,
,5949,,,342.5137996673584,,,,,,,
,5949,,0.3573894500732422,,,,,,,,
,5999,,,342.3573970794678,,,,,,,
,5999,,8.694887161254883,,,,,,,,
,6049,,,356.8587303161621,,,,,,,
,6049,,0.37550926208496094,,,,,,,,
,6099,,,343.13464164733887,,,,,,,
,6099,,8.847475051879883,,,,,,,,
,6149,,,342.7472114562988,,,,,,,
,6149,,0.38552284240722656,,,,,,,,
,6199,,,366.1637306213379,,,,,,,
,6199,,9.610891342163086,,,,,,,,
,6249,,,344.04921531677246,,,,,,,
,6249,,0.3566741943359375,,,,,,,,
,6299,,,346.96006774902344,,,,,,,
,6299,,8.61215591430664,,,,,,,,
,6349,,,344.26188468933105,,,,,,,
,6349,,0.3578662872314453,,,,,,,,
,6399,,,348.0839729309082,,,,,,,
,6399,,9.09280776977539,,,,,,,,
,6449,,,343.5475826263428,,,,,,,
,6449,,0.37598609924316406,,,,,,,,
,6499,,,343.75810623168945,,,,,,,
,6499,,8.527517318725586,,,,,,,,
,6549,,,343.6579704284668,,,,,,,
,6549,,0.37097930908203125,,,,,,,,
,6599,,,351.7167568206787,,,,,,,
,6599,,8.959531784057617,,,,,,,,
,6649,,,352.28800773620605,,,,,,,
,6649,,0.3685951232910156,,,,,,,,
,6699,,,353.8341522216797,,,,,,,
,6699,,8.437156677246094,,,,,,,,
,6749,,,351.1028289794922,,,,,,,
,6749,,0.36644935607910156,,,,,,,,
,6799,,,346.03214263916016,,,,,,,
,6799,,9.059429168701172,,,,,,,,
,6849,,,346.44460678100586,,,,,,,
,6849,,0.36597251892089844,,,,,,,,
,6899,,,343.2269096374512,,,,,,,
,6899,,16.76797866821289,,,,,,,,
,6949,,,346.5604782104492,,,,,,,
,6949,,0.38123130798339844,,,,,,,,
,6999,,,342.68689155578613,,,,,,,
,6999,,8.995294570922852,,,,,,,,
,7049,,,342.9379463195801,,,,,,,
,7049,,0.3666877746582031,,,,,,,,
,7099,,,344.09403800964355,,,,,,,
,7099,,8.612632751464844,,,,,,,,
,7149,,,342.7248001098633,,,,,,,
,7149,,0.3826618194580078,,,,,,,,
,7199,,,355.4511070251465,,,,,,,
,7199,,8.982181549072266,,,,,,,,
,7249,,,342.1804904937744,,,,,,,
,7249,,0.3712177276611328,,,,,,,,
,7299,,,342.47350692749023,,,,,,,
,7299,,8.426427841186523,,,,,,,,
,7349,,,354.7041416168213,,,,,,,
,7349,,0.36978721618652344,,,,,,,,
,7399,,,345.9134101867676,,,,,,,
,7399,,9.064912796020508,,,,,,,,
,7449,,,350.63624382019043,,,,,,,
,7449,,1.1904239654541016,,,,,,,,
,7499,,,343.6596393585205,,,,,,,
,7499,,8.413553237915039,,,,,,,,
,7549,,,344.56467628479004,,,,,,,
,7549,,0.396728515625,,,,,,,,
,7599,,,343.9443111419678,,,,,,,
,7599,,9.02414321899414,,,,,,,,
,7649,,,343.81103515625,,,,,,,
,7649,,0.36334991455078125,,,,,,,,
,7699,,,343.84870529174805,,,,,,,
,7699,,8.460521697998047,,,,,,,,
,7749,,,342.6542282104492,,,,,,,
,7749,,0.3917217254638672,,,,,,,,
,7799,,,362.66207695007324,,,,,,,
,7799,,9.167194366455078,,,,,,,,
,7849,,,342.4181938171387,,,,,,,
,7849,,0.3643035888671875,,,,,,,,
,7899,,,345.01123428344727,,,,,,,
,7899,,8.407831192016602,,,,,,,,
,7949,,,342.96679496765137,,,,,,,
,7949,,0.3998279571533203,,,,,,,,
,7999,,,344.0375328063965,,,,,,,
,7999,,9.046792984008789,,,,,,,,
,8049,,,344.4511890411377,,,,,,,
,8049,,0.3681182861328125,,,,,,,,
,8099,,,342.4551486968994,,,,,,,
,8099,,8.425712585449219,,,,,,,,
,8149,,,342.0529365539551,,,,,,,
,8149,,0.39649009704589844,,,,,,,,
,8199,,,343.9450263977051,,,,,,,
,8199,,8.944272994995117,,,,,,,,
,8249,,,344.3312644958496,,,,,,,
,8249,,0.3654956817626953,,,,,,,,
,8299,,,342.9574966430664,,,,,,,
,8299,,8.832693099975586,,,,,,,,
,8349,,,342.3123359680176,,,,,,,
,8349,,0.38933753967285156,,,,,,,,
,8399,,,344.21253204345703,,,,,,,
,8399,,9.062528610229492,,,,,,,,
,8449,,,346.54808044433594,,,,,,,
,8449,,0.3757476806640625,,,,,,,,
,8499,,,343.5938358306885,,,,,,,
,8499,,8.627653121948242,,,,,,,,
,8549,,,347.11170196533203,,,,,,,
,8549,,0.39196014404296875,,,,,,,,
,8599,,,343.74451637268066,,,,,,,
,8599,,8.939743041992188,,,,,,,,
,8649,,,344.480037689209,,,,,,,
,8649,,0.3783702850341797,,,,,,,,
,8699,,,344.6023464202881,,,,,,,
,8699,,8.580207824707031,,,,,,,,
,8749,,,343.6300754547119,,,,,,,
,8749,,0.3695487976074219,,,,,,,,
,8799,,,350.1284122467041,,,,,,,
,8799,,8.781194686889648,,,,,,,,
,8849,,,344.897985458374,,,,,,,
,8849,,0.36907196044921875,,,,,,,,
,8899,,,343.7175750732422,,,,,,,
,8899,,8.841753005981445,,,,,,,,
,8949,,,353.29556465148926,,,,,,,
,8949,,0.41031837463378906,,,,,,,,
,8999,,,343.2595729827881,,,,,,,
,8999,,8.594274520874023,,,,,,,,
,9049,,,349.1249084472656,,,,,,,
,9049,,0.3848075866699219,,,,,,,,
,9099,,,342.1754837036133,,,,,,,
,9099,,8.643865585327148,,,,,,,,
,9149,,,346.4977741241455,,,,,,,
,9149,,0.3809928894042969,,,,,,,,
,9199,,,346.085786819458,,,,,,,
,9199,,9.026288986206055,,,,,,,,
,9249,,,343.153715133667,,,,,,,
,9249,,0.36525726318359375,,,,,,,,
,9299,,,346.39453887939453,,,,,,,
,9299,,8.865833282470703,,,,,,,,
,9349,,,344.1729545593262,,,,,,,
,9349,,0.37097930908203125,,,,,,,,
,9399,,,344.05016899108887,,,,,,,
,9399,,8.725166320800781,,,,,,,,
,9449,,,343.25361251831055,,,,,,,
,9449,,0.3707408905029297,,,,,,,,
,9499,,,343.81914138793945,,,,,,,
,9499,,8.984804153442383,,,,,,,,
,9549,,,366.6653633117676,,,,,,,
,9549,,0.3726482391357422,,,,,,,,
,9599,,,343.700647354126,,,,,,,
,9599,,8.415460586547852,,,,,,,,
,9649,,,345.7629680633545,,,,,,,
,9649,,0.35953521728515625,,,,,,,,
,9699,,,347.0005989074707,,,,,,,
,9699,,9.00888442993164,,,,,,,,
,9749,,,345.5233573913574,,,,,,,
,9749,,0.35643577575683594,,,,,,,,
,9799,,,347.25165367126465,,,,,,,
,9799,,8.61358642578125,,,,,,,,
,9849,,,346.0235595703125,,,,,,,
,9849,,0.38313865661621094,,,,,,,,
,9899,,,343.72496604919434,,,,,,,
,9899,,8.454322814941406,,,,,,,,
,9949,,,358.73937606811523,,,,,,,
,9949,,0.370025634765625,,,,,,,,
,9999,,,343.8732624053955,,,,,,,
,9999,,8.394241333007812,,,,,,,,
1,9999,,,,,,,,3.8851914405822754,1723.4200439453125,-1723.4200439453125
,10000,1760.1078202724457,,,,,,,,,
1,9999,,,,0.6945376992225647,8046.32470703125,1.1778115034103394,-1728.6905517578125,,,
,10049,,,343.03903579711914,,,,,,,
,10049,,0.4107952117919922,,,,,,,,
,10099,,,343.46795082092285,,,,,,,
,10099,,8.438825607299805,,,,,,,,
,10149,,,356.64844512939453,,,,,,,
,10149,,0.3943443298339844,,,,,,,,
,10199,,,345.2415466308594,,,,,,,
,10199,,8.973360061645508,,,,,,,,
,10249,,,345.2341556549072,,,,,,,
,10249,,0.39267539978027344,,,,,,,,
,10299,,,355.4842472076416,,,,,,,
,10299,,8.407354354858398,,,,,,,,
,10349,,,343.8069820404053,,,,,,,
,10349,,0.3638267517089844,,,,,,,,
,10399,,,344.90180015563965,,,,,,,
,10399,,9.018898010253906,,,,,,,,
,10449,,,360.95571517944336,,,,,,,
,10449,,0.4036426544189453,,,,,,,,
,10499,,,345.0644016265869,,,,,,,
,10499,,8.438348770141602,,,,,,,,
,10549,,,349.00832176208496,,,,,,,
,10549,,0.39649009704589844,,,,,,,,
,10599,,,355.7097911834717,,,,,,,
,10599,,8.90350341796875,,,,,,,,
,10649,,,347.14293479919434,,,,,,,
,10649,,0.3795623779296875,,,,,,,,
,10699,,,344.0887928009033,,,,,,,
,10699,,8.590936660766602,,,,,,,,
,10749,,,345.9031581878662,,,,,,,
,10749,,0.3523826599121094,,,,,,,,
,10799,,,344.454288482666,,,,,,,
,10799,,8.895158767700195,,,,,,,,
,10849,,,343.83130073547363,,,,,,,
,10849,,0.37097930908203125,,,,,,,,
,10899,,,349.38645362854004,,,,,,,
,10899,,8.57090950012207,,,,,,,,
,10949,,,344.27595138549805,,,,,,,
,10949,,0.3712177276611328,,,,,,,,
,10999,,,344.24519538879395,,,,,,,
,10999,,8.966445922851562,,,,,,,,
,11049,,,344.14029121398926,,,,,,,
,11049,,0.38814544677734375,,,,,,,,
,11099,,,345.5965518951416,,,,,,,
,11099,,8.53276252746582,,,,,,,,
,11149,,,343.80412101745605,,,,,,,
,11149,,0.3552436828613281,,,,,,,,
,11199,,,345.1824188232422,,,,,,,
,11199,,8.884191513061523,,,,,,,,
,11249,,,345.16406059265137,,,,,,,
,11249,,0.37169456481933594,,,,,,,,
,11299,,,344.58065032958984,,,,,,,
,11299,,8.600234985351562,,,,,,,,
,11349,,,345.1528549194336,,,,,,,
,11349,,0.3662109375,,,,,,,,
,11399,,,344.19894218444824,,,,,,,
,11399,,8.988618850708008,,,,,,,,
,11449,,,341.71104431152344,,,,,,,
,11449,,0.36406517028808594,,,,,,,,
,11499,,,342.12446212768555,,,,,,,
,11499,,8.492231369018555,,,,,,,,
,11549,,,342.987060546875,,,,,,,
,11549,,0.3566741943359375,,,,,,,,
,11599,,,356.42123222351074,,,,,,,
,11599,,8.610248565673828,,,,,,,,
,11649,,,340.51012992858887,,,,,,,
,11649,,0.36525726318359375,,,,,,,,
,11699,,,339.89787101745605,,,,,,,
,11699,,8.764028549194336,,,,,,,,
,11749,,,340.41404724121094,,,,,,,
,11749,,0.3523826599121094,,,,,,,,
,11799,,,340.2373790740967,,,,,,,
,11799,,8.430719375610352,,,,,,,,
,11849,,,340.3325080871582,,,,,,,
,11849,,0.39958953857421875,,,,,,,,
,11899,,,339.71095085144043,,,,,,,
,11899,,8.368730545043945,,,,,,,,
,11949,,,348.82140159606934,,,,,,,
,11949,,0.35572052001953125,,,,,,,,
,11999,,,338.93370628356934,,,,,,,
,11999,,8.449554443359375,,,,,,,,
,12049,,,339.40935134887695,,,,,,,
,12049,,0.3879070281982422,,,,,,,,
,12099,,,342.03028678894043,,,,,,,
,12099,,14.844894409179688,,,,,,,,
,12149,,,340.2271270751953,,,,,,,
,12149,,0.3600120544433594,,,,,,,,
,12199,,,341.79186820983887,,,,,,,
,12199,,8.420944213867188,,,,,,,,
,12249,,,339.4455909729004,,,,,,,
,12249,,0.3910064697265625,,,,,,,,
,12299,,,340.4717445373535,,,,,,,
,12299,,8.965015411376953,,,,,,,,
,12349,,,341.22180938720703,,,,,,,
,12349,,0.3523826599121094,,,,,,,,
,12399,,,344.3310260772705,,,,,,,
,12399,,8.476972579956055,,,,,,,,
,12449,,,344.2847728729248,,,,,,,
,12449,,0.41484832763671875,,,,,,,,
,12499,,,339.83731269836426,,,,,,,
,12499,,9.165287017822266,,,,,,,,
,12549,,,339.4439220428467,,,,,,,
,12549,,0.35691261291503906,,,,,,,,
,12599,,,340.2247428894043,,,,,,,
,12599,,17.4868106842041,,,,,,,,
,12649,,,340.62981605529785,,,,,,,
,12649,,0.3883838653564453,,,,,,,,
,12699,,,341.6633605957031,,,,,,,
,12699,,8.99648666381836,,,,,,,,
,12749,,,342.6527976989746,,,,,,,
,12749,,0.3514289855957031,,,,,,,,
,12799,,,340.6562805175781,,,,,,,
,12799,,8.383750915527344,,,,,,,,
,12849,,,347.8894233703613,,,,,,,
,12849,,0.38886070251464844,,,,,,,,
,12899,,,343.60480308532715,,,,,,,
,12899,,15.436649322509766,,,,,,,,
,12949,,,339.44177627563477,,,,,,,
,12949,,0.36072731018066406,,,,,,,,
,12999,,,341.0940170288086,,,,,,,
,12999,,8.42905044555664,,,,,,,,
,13049,,,340.09623527526855,,,,,,,
,13049,,0.3910064697265625,,,,,,,,
,13099,,,352.5280952453613,,,,,,,
,13099,,9.072542190551758,,,,,,,,
,13149,,,340.96455574035645,,,,,,,
,13149,,0.3516674041748047,,,,,,,,
,13199,,,342.82445907592773,,,,,,,
,13199,,8.461713790893555,,,,,,,,
,13249,,,351.76825523376465,,,,,,,
,13249,,0.3826618194580078,,,,,,,,
,13299,,,345.29757499694824,,,,,,,
,13299,,9.045600891113281,,,,,,,,
,13349,,,341.56107902526855,,,,,,,
,13349,,0.3688335418701172,,,,,,,,
,13399,,,341.85147285461426,,,,,,,
,13399,,8.461952209472656,,,,,,,,
,13449,,,341.4161205291748,,,,,,,
,13449,,0.38504600524902344,,,,,,,,
,13499,,,341.3560390472412,,,,,,,
,13499,,9.15384292602539,,,,,,,,
,13549,,,596.503734588623,,,,,,,
,13549,,0.4057884216308594,,,,,,,,
,13599,,,340.0571346282959,,,,,,,
,13599,,8.434772491455078,,,,,,,,
,13649,,,341.7484760284424,,,,,,,
,13649,,0.39124488830566406,,,,,,,,
,13699,,,343.0490493774414,,,,,,,
,13699,,8.977413177490234,,,,,,,,
,13749,,,353.3492088317871,,,,,,,
,13749,,0.3848075866699219,,,,,,,,
,13799,,,344.49124336242676,,,,,,,
,13799,,8.409976959228516,,,,,,,,
,13849,,,339.9662971496582,,,,,,,
,13849,,0.38313865661621094,,,,,,,,
,13899,,,341.5944576263428,,,,,,,
,13899,,9.05466079711914,,,,,,,,
,13949,,,344.3920612335205,,,,,,,
,13949,,0.3781318664550781,,,,,,,,
,13999,,,341.86339378356934,,,,,,,
,13999,,8.361339569091797,,,,,,,,
,14049,,,346.3268280029297,,,,,,,
,14049,,0.48089027404785156,,,,,,,,
,14099,,,341.23778343200684,,,,,,,
,14099,,9.226322174072266,,,,,,,,
,14149,,,340.0459289550781,,,,,,,
,14149,,0.36525726318359375,,,,,,,,
,14199,,,342.7622318267822,,,,,,,
,14199,,8.469820022583008,,,,,,,,
,14249,,,374.0816116333008,,,,,,,
,14249,,0.6206035614013672,,,,,,,,
,14299,,,368.8192367553711,,,,,,,
,14299,,9.070873260498047,,,,,,,,
,14349,,,372.09177017211914,,,,,,,
,14349,,0.3681182861328125,,,,,,,,
,14399,,,368.8960075378418,,,,,,,
,14399,,8.966922760009766,,,,,,,,
,14449,,,369.1887855529785,,,,,,,
,14449,,0.3685951232910156,,,,,,,,
,14499,,,370.30553817749023,,,,,,,
,14499,,9.030580520629883,,,,,,,,
,14549,,,373.9190101623535,,,,,,,
,14549,,0.3638267517089844,,,,,,,,
,14599,,,372.16997146606445,,,,,,,
,14599,,8.446455001831055,,,,,,,,
,14649,,,369.30274963378906,,,,,,,
,14649,,0.3898143768310547,,,,,,,,
,14699,,,340.55566787719727,,,,,,,
,14699,,12.493133544921875,,,,,,,,
,14749,,,344.19751167297363,,,,,,,
,14749,,0.3647804260253906,,,,,,,,
,14799,,,341.43853187561035,,,,,,,
,14799,,8.426666259765625,,,,,,,,
,14849,,,345.33119201660156,,,,,,,
,14849,,0.4010200500488281,,,,,,,,
,14899,,,349.6897220611572,,,,,,,
,14899,,9.017229080200195,,,,,,,,
,14949,,,344.00177001953125,,,,,,,
,14949,,0.3688335418701172,,,,,,,,
,14999,,,356.21094703674316,,,,,,,
,14999,,8.863687515258789,,,,,,,,
2,14999,,,,,,,,3.787626028060913,1721.6099853515625,-1721.6099853515625
,15000,1762.309007883072,,,,,,,,,
2,14999,,,,0.69449782371521,8045.84228515625,1.1760309934616089,-1725.53955078125,,,
,15049,,,341.174840927124,,,,,,,
,15049,,0.3604888916015625,,,,,,,,
,15099,,,357.01441764831543,,,,,,,
,15099,,8.43358039855957,,,,,,,,
,15149,,,339.733362197876,,,,,,,
,15149,,0.3666877746582031,,,,,,,,
,15199,,,339.2493724822998,,,,,,,
,15199,,8.98432731628418,,,,,,,,
,15249,,,339.9629592895508,,,,,,,
,15249,,0.35572052001953125,,,,,,,,
,15299,,,339.9477005004883,,,,,,,
,15299,,8.382558822631836,,,,,,,,
,15349,,,340.75331687927246,,,,,,,
,15349,,0.3631114959716797,,,,,,,,
,15399,,,339.50352668762207,,,,,,,
,15399,,8.860588073730469,,,,,,,,
,15449,,,353.4212112426758,,,,,,,
,15449,,0.38313865661621094,,,,,,,,
,15499,,,341.4416313171387,,,,,,,
,15499,,8.68535041809082,,,,,,,,
,15549,,,339.25390243530273,,,,,,,
,15549,,0.3578662872314453,,,,,,,,
,15599,,,354.0656566619873,,,,,,,
,15599,,9.495019912719727,,,,,,,,
,15649,,,339.5524024963379,,,,,,,
,15649,,0.3573894500732422,,,,,,,,
,15699,,,339.45322036743164,,,,,,,
,15699,,8.4075927734375,,,,,,,,
,15749,,,339.0355110168457,,,,,,,
,15749,,0.3452301025390625,,,,,,,,
,15799,,,339.8609161376953,,,,,,,
,15799,,8.812189102172852,,,,,,,,
,15849,,,340.99769592285156,,,,,,,
,15849,,0.40268898010253906,,,,,,,,
,15899,,,346.9052314758301,,,,,,,
,15899,,8.642911911010742,,,,,,,,
,15949,,,342.3030376434326,,,,,,,
,15949,,0.35691261291503906,,,,,,,,
,15999,,,339.72978591918945,,,,,,,
,15999,,8.852720260620117,,,,,,,,
,16049,,,344.1908359527588,,,,,,,
,16049,,0.3533363342285156,,,,,,,,
,16099,,,360.6302738189697,,,,,,,
,16099,,8.40139389038086,,,,,,,,
,16149,,,343.5022830963135,,,,,,,
,16149,,0.3554821014404297,,,,,,,,
,16199,,,345.72505950927734,,,,,,,
,16199,,8.894920349121094,,,,,,,,
,16249,,,344.4986343383789,,,,,,,
,16249,,0.3724098205566406,,,,,,,,
,16299,,,343.25242042541504,,,,,,,
,16299,,8.695602416992188,,,,,,,,
,16349,,,348.16479682922363,,,,,,,
,16349,,0.3960132598876953,,,,,,,,
,16399,,,350.48460960388184,,,,,,,
,16399,,8.998870849609375,,,,,,,,
,16449,,,344.851016998291,,,,,,,
,16449,,0.38743019104003906,,,,,,,,
,16499,,,346.10700607299805,,,,,,,
,16499,,8.597135543823242,,,,,,,,
,16549,,,343.4176445007324,,,,,,,
,16549,,0.3612041473388672,,,,,,,,
,16599,,,356.10389709472656,,,,,,,
,16599,,9.467124938964844,,,,,,,,
,16649,,,347.6369380950928,,,,,,,
,16649,,0.37860870361328125,,,,,,,,
,16699,,,345.684289932251,,,,,,,
,16699,,8.672475814819336,,,,,,,,
,16749,,,344.12097930908203,,,,,,,
,16749,,0.3666877746582031,,,,,,,,
,16799,,,344.5470333099365,,,,,,,
,16799,,9.246110916137695,,,,,,,,
,16849,,,342.52071380615234,,,,,,,
,16849,,0.3669261932373047,,,,,,,,
,16899,,,342.55504608154297,,,,,,,
,16899,,8.398771286010742,,,,,,,,
,16949,,,350.4648208618164,,,,,,,
,16949,,0.5414485931396484,,,,,,,,
,16999,,,344.484806060791,,,,,,,
,16999,,9.020328521728516,,,,,,,,
,17049,,,344.6383476257324,,,,,,,
,17049,,0.3676414489746094,,,,,,,,
,17099,,,355.4420471191406,,,,,,,
,17099,,8.999824523925781,,,,,,,,
,17149,,,342.1347141265869,,,,,,,
,17149,,0.35762786865234375,,,,,,,,
,17199,,,358.5031032562256,,,,,,,
,17199,,9.457588195800781,,,,,,,,
,17249,,,341.69864654541016,,,,,,,
,17249,,0.3819465637207031,,,,,,,,
,17299,,,344.0113067626953,,,,,,,
,17299,,8.467435836791992,,,,,,,,
,17349,,,341.41039848327637,,,,,,,
,17349,,0.38504600524902344,,,,,,,,
,17399,,,358.4740161895752,,,,,,,
,17399,,9.059667587280273,,,,,,,,
,17449,,,343.0132865905762,,,,,,,
,17449,,0.3733634948730469,,,,,,,,
,17499,,,342.50783920288086,,,,,,,
,17499,,8.416891098022461,,,,,,,,
,17549,,,342.7877426147461,,,,,,,
,17549,,0.39386749267578125,,,,,,,,
,17599,,,343.1515693664551,,,,,,,
,17599,,8.964776992797852,,,,,,,,
,17649,,,342.3459529876709,,,,,,,
,17649,,0.3628730773925781,,,,,,,,
,17699,,,342.132568359375,,,,,,,
,17699,,8.425235748291016,,,,,,,,
,17749,,,344.0887928009033,,,,,,,
,17749,,0.3864765167236328,,,,,,,,
,17799,,,343.25456619262695,,,,,,,
,17799,,9.04083251953125,,,,,,,,
,17849,,,362.8387451171875,,,,,,,
,17849,,0.5812644958496094,,,,,,,,
,17899,,,341.7680263519287,,,,,,,
,17899,,8.489847183227539,,,,,,,,
,17949,,,345.2911376953125,,,,,,,
,17949,,0.3981590270996094,,,,,,,,
,17999,,,344.42877769470215,,,,,,,
,17999,,9.137153625488281,,,,,,,,
,18049,,,344.6533679962158,,,,,,,
,18049,,0.37932395935058594,,,,,,,,
,18099,,,342.3783779144287,,,,,,,
,18099,,8.434295654296875,,,,,,,,
,18149,,,355.43370246887207,,,,,,,
,18149,,0.4208087921142578,,,,,,,,
,18199,,,342.365026473999,,,,,,,
,18199,,8.949518203735352,,,,,,,,
,18249,,,345.80397605895996,,,,,,,
,18249,,0.3771781921386719,,,,,,,,
,18299,,,347.7668762207031,,,,,,,
,18299,,8.663654327392578,,,,,,,,
,18349,,,342.2656059265137,,,,,,,
,18349,,0.39196014404296875,,,,,,,,
,18399,,,349.49803352355957,,,,,,,
,18399,,8.996725082397461,,,,,,,,
,18449,,,344.16961669921875,,,,,,,
,18449,,0.362396240234375,,,,,,,,
,18499,,,342.27490425109863,,,,,,,
,18499,,8.570432662963867,,,,,,,,
,18549,,,342.06438064575195,,,,,,,
,18549,,0.4038810729980469,,,,,,,,
,18599,,,343.109130859375,,,,,,,
,18599,,8.568048477172852,,,,,,,,
,18649,,,345.9362983703613,,,,,,,
,18649,,0.3800392150878906,,,,,,,,
,18699,,,341.98474884033203,,,,,,,
,18699,,8.6822509765625,,,,,,,,
,18749,,,345.9196090698242,,,,,,,
,18749,,0.36835670471191406,,,,,,,,
,18799,,,342.8645133972168,,,,,,,
,18799,,8.818626403808594,,,,,,,,
,18849,,,345.1497554779053,,,,,,,
,18849,,0.3695487976074219,,,,,,,,
,18899,,,344.7685241699219,,,,,,,
,18899,,8.662700653076172,,,,,,,,
,18949,,,344.0742492675781,,,,,,,
,18949,,0.3731250762939453,,,,,,,,
,18999,,,343.03879737854004,,,,,,,
,18999,,8.817672729492188,,,,,,,,
,19049,,,342.5571918487549,,,,,,,
,19049,,0.3712177276611328,,,,,,,,
,19099,,,351.7935276031494,,,,,,,
,19099,,9.009122848510742,,,,,,,,
,19149,,,343.3337211608887,,,,,,,
,19149,,0.3707408905029297,,,,,,,,
,19199,,,344.135046005249,,,,,,,
,19199,,8.565187454223633,,,,,,,,
,19249,,,343.9676761627197,,,,,,,
,19249,,0.3864765167236328,,,,,,,,
,19299,,,342.03481674194336,,,,,,,
,19299,,8.543729782104492,,,,,,,,
,19349,,,343.1246280670166,,,,,,,
,19349,,0.36835670471191406,,,,,,,,
,19399,,,354.58970069885254,,,,,,,
,19399,,8.529186248779297,,,,,,,,
,19449,,,342.653751373291,,,,,,,
,19449,,0.3681182861328125,,,,,,,,
,19499,,,343.7802791595459,,,,,,,
,19499,,9.01031494140625,,,,,,,,
,19549,,,347.9335308074951,,,,,,,
,19549,,1.2176036834716797,,,,,,,,
,19599,,,343.85037422180176,,,,,,,
,19599,,8.475065231323242,,,,,,,,
,19649,,,341.85314178466797,,,,,,,
,19649,,0.36454200744628906,,,,,,,,
,19699,,,346.3106155395508,,,,,,,
,19699,,15.275716781616211,,,,,,,,
,19749,,,340.35253524780273,,,,,,,
,19749,,0.35190582275390625,,,,,,,,
,19799,,,354.48384284973145,,,,,,,
,19799,,8.778810501098633,,,,,,,,
,19849,,,342.01884269714355,,,,,,,
,19849,,0.3437995910644531,,,,,,,,
,19899,,,342.9553508758545,,,,,,,
,19899,,9.337663650512695,,,,,,,,
,19949,,,343.9815044403076,,,,,,,
,19949,,0.3612041473388672,,,,,,,,
,19999,,,341.4194583892822,,,,,,,
,19999,,8.487939834594727,,,,,,,,
3,19999,,,,,,,,3.507680892944336,1716.9000244140625,-1716.9000244140625
,20000,1751.7117021083832,,,,,,,,,
3,19999,,,,0.6945319771766663,8043.7392578125,1.1759370565414429,-1723.502197265625,,,
,20049,,,342.7584171295166,,,,,,,
,20049,,0.3509521484375,,,,,,,,
,20099,,,350.0978946685791,,,,,,,
,20099,,8.453845977783203,,,,,,,,
,20149,,,340.72399139404297,,,,,,,
,20149,,0.3554821014404297,,,,,,,,
,20199,,,340.9605026245117,,,,,,,
,20199,,8.868217468261719,,,,,,,,
,20249,,,350.0640392303467,,,,,,,
,20249,,0.36597251892089844,,,,,,,,
,20299,,,341.94159507751465,,,,,,,
,20299,,8.600234985351562,,,,,,,,
,20349,,,341.45259857177734,,,,,,,
,20349,,0.35691261291503906,,,,,,,,
,20399,,,342.32544898986816,,,,,,,
,20399,,9.043693542480469,,,,,,,,
,20449,,,340.59739112854004,,,,,,,
,20449,,0.3662109375,,,,,,,,
,20499,,,342.50473976135254,,,,,,,
,20499,,8.84556770324707,,,,,,,,
,20549,,,342.2117233276367,,,,,,,
,20549,,0.3764629364013672,,,,,,,,
,20599,,,341.64881706237793,,,,,,,
,20599,,9.1552734375,,,,,,,,
,20649,,,340.5275344848633,,,,,,,
,20649,,0.3612041473388672,,,,,,,,
,20699,,,340.7297134399414,,,,,,,
,20699,,8.411407470703125,,,,,,,,
,20749,,,340.9416675567627,,,,,,,
,20749,,0.3616809844970703,,,,,,,,
,20799,,,343.2183265686035,,,,,,,
,20799,,8.943796157836914,,,,,,,,
,20849,,,343.17612648010254,,,,,,,
,20849,,0.3712177276611328,,,,,,,,
,20899,,,341.7046070098877,,,,,,,
,20899,,8.651494979858398,,,,,,,,
,20949,,,345.73984146118164,,,,,,,
,20949,,0.37932395935058594,,,,,,,,
,20999,,,342.7162170410156,,,,,,,
,20999,,9.003639221191406,,,,,,,,
,21049,,,343.02568435668945,,,,,,,
,21049,,0.35691261291503906,,,,,,,,
,21099,,,340.26384353637695,,,,,,,
,21099,,8.372783660888672,,,,,,,,
,21149,,,342.9684638977051,,,,,,,
,21149,,0.3788471221923828,,,,,,,,
,21199,,,342.0441150665283,,,,,,,
,21199,,8.97359848022461,,,,,,,,
,21249,,,344.9597358703613,,,,,,,
,21249,,0.36072731018066406,,,,,,,,
,21299,,,343.4419631958008,,,,,,,
,21299,,8.851289749145508,,,,,,,,
,21349,,,342.9746627807617,,,,,,,
,21349,,0.3635883331298828,,,,,,,,
,21399,,,346.3311195373535,,,,,,,
,21399,,8.59212875366211,,,,,,,,
,21449,,,346.4703559875488,,,,,,,
,21449,,0.36787986755371094,,,,,,,,
,21499,,,346.2564945220947,,,,,,,
,21499,,8.439064025878906,,,,,,,,
,21549,,,344.48766708374023,,,,,,,
,21549,,0.3886222839355469,,,,,,,,
,21599,,,345.52502632141113,,,,,,,
,21599,,9.014368057250977,,,,,,,,
,21649,,,344.9273109436035,,,,,,,
,21649,,0.3662109375,,,,,,,,
,21699,,,346.85444831848145,,,,,,,
,21699,,8.650779724121094,,,,,,,,
,21749,,,343.8608646392822,,,,,,,
,21749,,0.3941059112548828,,,,,,,,
,21799,,,355.083703994751,,,,,,,
,21799,,17.143964767456055,,,,,,,,
,21849,,,346.0571765899658,,,,,,,
,21849,,0.35953521728515625,,,,,,,,
,21899,,,343.1434631347656,,,,,,,
,21899,,8.470773696899414,,,,,,,,
,21949,,,343.2464599609375,,,,,,,
,21949,,0.39505958557128906,,,,,,,,
,21999,,,344.41661834716797,,,,,,,
,21999,,9.02247428894043,,,,,,,,
,22049,,,362.03956604003906,,,,,,,
,22049,,0.8075237274169922,,,,,,,,
,22099,,,359.0073585510254,,,,,,,
,22099,,8.569002151489258,,,,,,,,
,22149,,,346.68684005737305,,,,,,,
,22149,,0.39696693420410156,,,,,,,,
,22199,,,343.4789180755615,,,,,,,
,22199,,8.261919021606445,,,,,,,,
,22249,,,349.1482734680176,,,,,,,
,22249,,0.3857612609863281,,,,,,,,
,22299,,,343.6615467071533,,,,,,,
,22299,,8.417129516601562,,,,,,,,
,22349,,,345.2033996582031,,,,,,,
,22349,,0.40149688720703125,,,,,,,,
,22399,,,344.402551651001,,,,,,,
,22399,,9.125709533691406,,,,,,,,
,22449,,,344.1028594970703,,,,,,,
,22449,,0.3643035888671875,,,,,,,,
,22499,,,343.7211513519287,,,,,,,
,22499,,8.742809295654297,,,,,,,,
,22549,,,346.4784622192383,,,,,,,
,22549,,0.39505958557128906,,,,,,,,
,22599,,,344.31934356689453,,,,,,,
,22599,,8.234739303588867,,,,,,,,
,22649,,,345.68309783935547,,,,,,,
,22649,,0.3643035888671875,,,,,,,,
,22699,,,343.9009189605713,,,,,,,
,22699,,8.527278900146484,,,,,,,,
,22749,,,343.1389331817627,,,,,,,
,22749,,0.4086494445800781,,,,,,,,
,22799,,,343.52874755859375,,,,,,,
,22799,,14.014244079589844,,,,,,,,
,22849,,,346.47107124328613,,,,,,,
,22849,,0.370025634765625,,,,,,,,
,22899,,,343.25480461120605,,,,,,,
,22899,,8.646488189697266,,,,,,,,
,22949,,,350.5444526672363,,,,,,,
,22949,,0.40459632873535156,,,,,,,,
,22999,,,346.1029529571533,,,,,,,
,22999,,9.070396423339844,,,,,,,,
,23049,,,343.0967330932617,,,,,,,
,23049,,0.3788471221923828,,,,,,,,
,23099,,,356.43625259399414,,,,,,,
,23099,,9.142637252807617,,,,,,,,
,23149,,,358.74009132385254,,,,,,,
,23149,,0.4062652587890625,,,,,,,,
,23199,,,343.4579372406006,,,,,,,
,23199,,8.8043212890625,,,,,,,,
,23249,,,346.1434841156006,,,,,,,
,23249,,0.36978721618652344,,,,,,,,
,23299,,,344.15340423583984,,,,,,,
,23299,,8.856058120727539,,,,,,,,
,23349,,,344.5732593536377,,,,,,,
,23349,,0.41365623474121094,,,,,,,,
,23399,,,344.55180168151855,,,,,,,
,23399,,8.41379165649414,,,,,,,,
,23449,,,344.90346908569336,,,,,,,
,23449,,0.3561973571777344,,,,,,,,
,23499,,,357.04803466796875,,,,,,,
,23499,,9.334564208984375,,,,,,,,
,23549,,,345.49927711486816,,,,,,,
,23549,,0.3800392150878906,,,,,,,,
,23599,,,347.70917892456055,,,,,,,
,23599,,14.432191848754883,,,,,,,,
,23649,,,347.2130298614502,,,,,,,
,23649,,0.3790855407714844,,,,,,,,
,23699,,,357.867956161499,,,,,,,
,23699,,9.468555450439453,,,,,,,,
,23749,,,346.53234481811523,,,,,,,
,23749,,0.37932395935058594,,,,,,,,
,23799,,,344.7701930999756,,,,,,,
,23799,,8.488893508911133,,,,,,,,
,23849,,,357.66029357910156,,,,,,,
,23849,,0.3814697265625,,,,,,,,
,23899,,,344.5773124694824,,,,,,,
,23899,,9.014606475830078,,,,,,,,
,23949,,,357.01727867126465,,,,,,,
,23949,,0.4208087921142578,,,,,,,,
,23999,,,346.97961807250977,,,,,,,
,23999,,8.914947509765625,,,,,,,,
,24049,,,348.71959686279297,,,,,,,
,24049,,0.3745555877685547,,,,,,,,
,24099,,,350.21162033081055,,,,,,,
,24099,,9.092330932617188,,,,,,,,
,24149,,,356.3265800476074,,,,,,,
,24149,,0.3647804260253906,,,,,,,,
,24199,,,357.0559024810791,,,,,,,
,24199,,8.913993835449219,,,,,,,,
,24249,,,351.61280632019043,,,,,,,
,24249,,0.4181861877441406,,,,,,,,
,24299,,,345.1223373413086,,,,,,,
,24299,,8.9874267578125,,,,,,,,
,24349,,,351.00507736206055,,,,,,,
,24349,,0.3857612609863281,,,,,,,,
,24399,,,345.7329273223877,,,,,,,
,24399,,8.56924057006836,,,,,,,,
,24449,,,346.372127532959,,,,,,,
,24449,,0.43702125549316406,,,,,,,,
,24499,,,344.82359886169434,,,,,,,
,24499,,9.076356887817383,,,,,,,,
,24549,,,348.1767177581787,,,,,,,
,24549,,0.37097930908203125,,,,,,,,
,24599,,,347.015380859375,,,,,,,
,24599,,254.02212142944336,,,,,,,,
,24649,,,348.6158847808838,,,,,,,
,24649,,0.4153251647949219,,,,,,,,
,24699,,,346.88782691955566,,,,,,,
,24699,,8.887052536010742,,,,,,,,
,24749,,,344.7530269622803,,,,,,,
,24749,,0.3731250762939453,,,,,,,,
,24799,,,346.40955924987793,,,,,,,
,24799,,8.68082046508789,,,,,,,,
,24849,,,347.1355438232422,,,,,,,
,24849,,0.4220008850097656,,,,,,,,
,24899,,,353.27696800231934,,,,,,,
,24899,,9.044885635375977,,,,,,,,
,24949,,,359.36498641967773,,,,,,,
,24949,,0.728607177734375,,,,,,,,
,24999,,,357.3131561279297,,,,,,,
,24999,,8.934259414672852,,,,,,,,
4,24999,,,,,,,,3.537263870239258,1717.469970703125,-1717.469970703125
,25000,1762.8475172519684,,,,,,,,,
4,24999,,,,0.6939772963523865,8042.75830078125,1.1735477447509766,-1722.56396484375,,,
,25049,,,343.82128715515137,,,,,,,
,25049,,0.3762245178222656,,,,,,,,
,25099,,,361.3886833190918,,,,,,,
,25099,,8.968353271484375,,,,,,,,
,25149,,,343.2610034942627,,,,,,,
,25149,,0.39768218994140625,,,,,,,,
,25199,,,359.5273494720459,,,,,,,
,25199,,9.604930877685547,,,,,,,,
,25249,,,350.7208824157715,,,,,,,
,25249,,0.3726482391357422,,,,,,,,
,25299,,,345.059871673584,,,,,,,
,25299,,8.455276489257812,,,,,,,,
,25349,,,347.4690914154053,,,,,,,
,25349,,0.40721893310546875,,,,,,,,
,25399,,,346.33636474609375,,,,,,,
,25399,,8.531808853149414,,,,,,,,
,25449,,,346.39525413513184,,,,,,,
,25449,,0.36454200744628906,,,,,,,,
,25499,,,343.36352348327637,,,,,,,
,25499,,8.430957794189453,,,,,,,,
,25549,,,345.51286697387695,,,,,,,
,25549,,0.4000663757324219,,,,,,,,
,25599,,,343.86730194091797,,,,,,,
,25599,,9.070634841918945,,,,,,,,
,25649,,,354.91466522216797,,,,,,,
,25649,,0.36454200744628906,,,,,,,,
,25699,,,343.2297706604004,,,,,,,
,25699,,8.601903915405273,,,,,,,,
,25749,,,347.0792770385742,,,,,,,
,25749,,0.39958953857421875,,,,,,,,
,25799,,,358.2918643951416,,,,,,,
,25799,,9.274959564208984,,,,,,,,
,25849,,,344.09523010253906,,,,,,,
,25849,,0.35834312438964844,,,,,,,,
,25899,,,359.1575622558594,,,,,,,
,25899,,9.128570556640625,,,,,,,,
,25949,,,349.8389720916748,,,,,,,
,25949,,0.3867149353027344,,,,,,,,
,25999,,,352.4801731109619,,,,,,,
,25999,,8.837461471557617,,,,,,,,
,26049,,,353.0547618865967,,,,,,,
,26049,,0.38242340087890625,,,,,,,,
,26099,,,352.65398025512695,,,,,,,
,26099,,9.12332534790039,,,,,,,,
,26149,,,356.9750785827637,,,,,,,
,26149,,0.396728515625,,,,,,,,
,26199,,,348.0989933013916,,,,,,,
,26199,,8.452415466308594,,,,,,,,
,26249,,,345.7019329071045,,,,,,,
,26249,,0.3573894500732422,,,,,,,,
,26299,,,345.6575870513916,,,,,,,
,26299,,8.89444351196289,,,,,,,,
,26349,,,345.78776359558105,,,,,,,
,26349,,0.37598609924316406,,,,,,,,
,26399,,,346.4841842651367,,,,,,,
,26399,,8.637189865112305,,,,,,,,
,26449,,,346.0352420806885,,,,,,,
,26449,,0.3705024719238281,,,,,,,,
,26499,,,345.2434539794922,,,,,,,
,26499,,9.170770645141602,,,,,,,,
,26549,,,345.2432155609131,,,,,,,
,26549,,0.3662109375,,,,,,,,
,26599,,,343.3265686035156,,,,,,,
,26599,,8.372068405151367,,,,,,,,
,26649,,,344.6509838104248,,,,,,,
,26649,,0.38552284240722656,,,,,,,,
,26699,,,345.0613021850586,,,,,,,
,26699,,9.03940200805664,,,,,,,,
,26749,,,346.8446731567383,,,,,,,
,26749,,0.3695487976074219,,,,,,,,
,26799,,,345.84546089172363,,,,,,,
,26799,,8.602380752563477,,,,,,,,
,26849,,,344.6938991546631,,,,,,,
,26849,,0.3662109375,,,,,,,,
,26899,,,357.52177238464355,,,,,,,
,26899,,9.38105583190918,,,,,,,,
,26949,,,344.18582916259766,,,,,,,
,26949,,0.38051605224609375,,,,,,,,
,26999,,,344.1751003265381,,,,,,,
,26999,,8.496999740600586,,,,,,,,
,27049,,,345.23940086364746,,,,,,,
,27049,,0.4489421844482422,,,,,,,,
,27099,,,344.32363510131836,,,,,,,
,27099,,8.978843688964844,,,,,,,,
,27149,,,344.87342834472656,,,,,,,
,27149,,0.3705024719238281,,,,,,,,
,27199,,,345.6707000732422,,,,,,,
,27199,,8.462667465209961,,,,,,,,
,27249,,,346.0729122161865,,,,,,,
,27249,,0.39076805114746094,,,,,,,,
,27299,,,346.3294506072998,,,,,,,
,27299,,9.03010368347168,,,,,,,,
,27349,,,347.12910652160645,,,,,,,
,27349,,0.38909912109375,,,,,,,,
,27399,,,345.2622890472412,,,,,,,
,27399,,8.451461791992188,,,,,,,,
,27449,,,353.1644344329834,,,,,,,
,27449,,0.39505958557128906,,,,,,,,
,27499,,,344.8014259338379,,,,,,,
,27499,,9.013175964355469,,,,,,,,
,27549,,,346.5008735656738,,,,,,,
,27549,,0.37741661071777344,,,,,,,,
,27599,,,349.3373394012451,,,,,,,
,27599,,8.540630340576172,,,,,,,,
,27649,,,350.7866859436035,,,,,,,
,27649,,0.4074573516845703,,,,,,,,
,27699,,,343.17898750305176,,,,,,,
,27699,,9.010076522827148,,,,,,,,
,27749,,,342.7112102508545,,,,,,,
,27749,,0.36025047302246094,,,,,,,,
,27799,,,342.70334243774414,,,,,,,
,27799,,8.751153945922852,,,,,,,,
,27849,,,346.118688583374,,,,,,,
,27849,,0.43272972106933594,,,,,,,,
,27899,,,346.18115425109863,,,,,,,
,27899,,8.960485458374023,,,,,,,,
,27949,,,342.17333793640137,,,,,,,
,27949,,0.36644935607910156,,,,,,,,
,27999,,,341.19272232055664,,,,,,,
,27999,,8.443593978881836,,,,,,,,
,28049,,,349.40338134765625,,,,,,,
,28049,,0.3826618194580078,,,,,,,,
,28099,,,344.3000316619873,,,,,,,
,28099,,9.014129638671875,,,,,,,,
,28149,,,343.19233894348145,,,,,,,
,28149,,0.3609657287597656,,,,,,,,
,28199,,,353.41334342956543,,,,,,,
,28199,,8.480072021484375,,,,,,,,
,28249,,,341.017484664917,,,,,,,
,28249,,0.3609657287597656,,,,,,,,
,28299,,,348.3710289001465,,,,,,,
,28299,,8.613109588623047,,,,,,,,
,28349,,,350.492000579834,,,,,,,
,28349,,0.36144256591796875,,,,,,,,
,28399,,,354.7861576080322,,,,,,,
,28399,,8.620023727416992,,,,,,,,
,28449,,,341.74203872680664,,,,,,,
,28449,,0.38933753967285156,,,,,,,,
,28499,,,341.3851261138916,,,,,,,
,28499,,17.26055145263672,,,,,,,,
,28549,,,343.3341979980469,,,,,,,
,28549,,0.37598609924316406,,,,,,,,
,28599,,,344.9540138244629,,,,,,,
,28599,,8.595466613769531,,,,,,,,
,28649,,,341.9067859649658,,,,,,,
,28649,,0.3590583801269531,,,,,,,,
,28699,,,340.8036231994629,,,,,,,
,28699,,8.653879165649414,,,,,,,,
,28749,,,345.2949523925781,,,,,,,
,28749,,0.36144256591796875,,,,,,,,
,28799,,,342.7271842956543,,,,,,,
,28799,,8.711099624633789,,,,,,,,
,28849,,,341.228723526001,,,,,,,
,28849,,0.3993511199951172,,,,,,,,
,28899,,,342.9131507873535,,,,,,,
,28899,,9.011983871459961,,,,,,,,
,28949,,,342.6072597503662,,,,,,,
,28949,,0.3662109375,,,,,,,,
,28999,,,341.01414680480957,,,,,,,
,28999,,8.42142105102539,,,,,,,,
,29049,,,342.7619934082031,,,,,,,
,29049,,0.41794776916503906,,,,,,,,
,29099,,,343.6887264251709,,,,,,,
,29099,,8.952856063842773,,,,,,,,
,29149,,,342.0219421386719,,,,,,,
,29149,,0.3643035888671875,,,,,,,,
,29199,,,344.1493511199951,,,,,,,
,29199,,8.45646858215332,,,,,,,,
,29249,,,342.95105934143066,,,,,,,
,29249,,0.38433074951171875,,,,,,,,
,29299,,,340.9714698791504,,,,,,,
,29299,,9.169578552246094,,,,,,,,
,29349,,,339.4443988800049,,,,,,,
,29349,,0.37741661071777344,,,,,,,,
,29399,,,341.19367599487305,,,,,,,
,29399,,8.388757705688477,,,,,,,,
,29449,,,340.3499126434326,,,,,,,
,29449,,0.38743019104003906,,,,,,,,
,29499,,,344.18511390686035,,,,,,,
,29499,,8.4686279296875,,,,,,,,
,29549,,,342.30923652648926,,,,,,,
,29549,,0.3647804260253906,,,,,,,,
,29599,,,341.36366844177246,,,,,,,
,29599,,8.414745330810547,,,,,,,,
,29649,,,341.83764457702637,,,,,,,
,29649,,0.41031837463378906,,,,,,,,
,29699,,,342.03100204467773,,,,,,,
,29699,,8.939266204833984,,,,,,,,
,29749,,,341.73107147216797,,,,,,,
,29749,,0.36716461181640625,,,,,,,,
,29799,,,343.2178497314453,,,,,,,
,29799,,8.669614791870117,,,,,,,,
,29849,,,355.7443618774414,,,,,,,
,29849,,0.4279613494873047,,,,,,,,
,29899,,,340.06524085998535,,,,,,,
,29899,,8.439779281616211,,,,,,,,
,29949,,,340.84486961364746,,,,,,,
,29949,,0.35262107849121094,,,,,,,,
,29999,,,339.6022319793701,,,,,,,
,29999,,8.402109146118164,,,,,,,,
5,29999,,,,,,,,3.4650936126708984,1716.18994140625,-1716.18994140625
,30000,1759.331437587738,,,,,,,,,
5,29999,,,,0.6938759088516235,8037.9423828125,1.1730408668518066,-1721.9317626953125,,,
,30049,,,349.6081829071045,,,,,,,
,30049,,0.35691261291503906,,,,,,,,
,30099,,,346.79698944091797,,,,,,,
,30099,,8.419513702392578,,,,,,,,
,30149,,,341.386079788208,,,,,,,
,30149,,0.37980079650878906,,,,,,,,
,30199,,,340.45934677124023,,,,,,,
,30199,,8.280038833618164,,,,,,,,
,30249,,,340.8341407775879,,,,,,,
,30249,,0.377655029296875,,,,,,,,
,30299,,,341.8619632720947,,,,,,,
,30299,,8.57853889465332,,,,,,,,
,30349,,,339.3857479095459,,,,,,,
,30349,,0.3597736358642578,,,,,,,,
,30399,,,342.7460193634033,,,,,,,
,30399,,8.994579315185547,,,,,,,,
,30449,,,354.7384738922119,,,,,,,
,30449,,0.3871917724609375,,,,,,,,
,30499,,,353.2900810241699,,,,,,,
,30499,,8.813142776489258,,,,,,,,
,30549,,,343.0027961730957,,,,,,,
,30549,,0.3542900085449219,,,,,,,,
,30599,,,340.06762504577637,,,,,,,
,30599,,8.542060852050781,,,,,,,,
,30649,,,354.71606254577637,,,,,,,
,30649,,0.3757476806640625,,,,,,,,
,30699,,,344.163179397583,,,,,,,
,30699,,8.406639099121094,,,,,,,,
,30749,,,339.51735496520996,,,,,,,
,30749,,0.37360191345214844,,,,,,,,
,30799,,,340.4836654663086,,,,,,,
,30799,,8.944272994995117,,,,,,,,
,30849,,,341.15099906921387,,,,,,,
,30849,,0.3807544708251953,,,,,,,,
,30899,,,340.8379554748535,,,,,,,
,30899,,8.576154708862305,,,,,,,,
,30949,,,343.7812328338623,,,,,,,
,30949,,0.3638267517089844,,,,,,,,
,30999,,,341.3689136505127,,,,,,,
,30999,,9.34457778930664,,,,,,,,
,31049,,,354.686975479126,,,,,,,
,31049,,0.3712177276611328,,,,,,,,
,31099,,,353.38807106018066,,,,,,,
,31099,,8.418798446655273,,,,,,,,
,31149,,,344.37108039855957,,,,,,,
,31149,,0.35262107849121094,,,,,,,,
,31199,,,356.0984134674072,,,,,,,
,31199,,9.442567825317383,,,,,,,,
,31249,,,344.00391578674316,,,,,,,
,31249,,0.3769397735595703,,,,,,,,
,31299,,,343.7967300415039,,,,,,,
,31299,,8.460760116577148,,,,,,,,
,31349,,,348.98972511291504,,,,,,,
,31349,,0.37479400634765625,,,,,,,,
,31399,,,346.59838676452637,,,,,,,
,31399,,8.525609970092773,,,,,,,,
,31449,,,346.15111351013184,,,,,,,
,31449,,0.35762786865234375,,,,,,,,
,31499,,,345.8244800567627,,,,,,,
,31499,,8.665084838867188,,,,,,,,
,31549,,,341.86482429504395,,,,,,,
,31549,,0.3573894500732422,,,,,,,,
,31599,,,344.9397087097168,,,,,,,
,31599,,9.207725524902344,,,,,,,,
,31649,,,346.0657596588135,,,,,,,
,31649,,0.37598609924316406,,,,,,,,
,31699,,,344.85340118408203,,,,,,,
,31699,,8.420228958129883,,,,,,,,
,31749,,,344.3930149078369,,,,,,,
,31749,,0.3981590270996094,,,,,,,,
,31799,,,357.6321601867676,,,,,,,
,31799,,8.573055267333984,,,,,,,,
,31849,,,347.7146625518799,,,,,,,
,31849,,0.3631114959716797,,,,,,,,
,31899,,,342.62943267822266,,,,,,,
,31899,,8.411645889282227,,,,,,,,
,31949,,,355.0422191619873,,,,,,,
,31949,,0.37288665771484375,,,,,,,,
,31999,,,348.6056327819824,,,,,,,
,31999,,9.013891220092773,,,,,,,,
,32049,,,364.20345306396484,,,,,,,
,32049,,0.40030479431152344,,,,,,,,
,32099,,,348.4764099121094,,,,,,,
,32099,,8.470773696899414,,,,,,,,
,32149,,,360.0611686706543,,,,,,,
,32149,,0.3857612609863281,,,,,,,,
,32199,,,345.02315521240234,,,,,,,
,32199,,9.251832962036133,,,,,,,,
,32249,,,353.7571430206299,,,,,,,
,32249,,0.36025047302246094,,,,,,,,
,32299,,,345.32833099365234,,,,,,,
,32299,,8.419513702392578,,,,,,,,
,32349,,,345.25012969970703,,,,,,,
,32349,,0.3657341003417969,,,,,,,,
,32399,,,352.3893356323242,,,,,,,
,32399,,8.981943130493164,,,,,,,,
,32449,,,345.16358375549316,,,,,,,
,32449,,0.37741661071777344,,,,,,,,
,32499,,,355.89075088500977,,,,,,,
,32499,,8.697509765625,,,,,,,,
,32549,,,351.6535758972168,,,,,,,
,32549,,0.3943443298339844,,,,,,,,
,32599,,,347.02086448669434,,,,,,,
,32599,,9.170770645141602,,,,,,,,
,32649,,,353.02734375,,,,,,,
,32649,,0.38504600524902344,,,,,,,,
,32699,,,345.6089496612549,,,,,,,
,32699,,8.259057998657227,,,,,,,,
,32749,,,347.44930267333984,,,,,,,
,32749,,0.35762786865234375,,,,,,,,
,32799,,,351.104736328125,,,,,,,
,32799,,9.209394454956055,,,,,,,,
,32849,,,346.1647033691406,,,,,,,
,32849,,0.3681182861328125,,,,,,,,
,32899,,,356.8267822265625,,,,,,,
,32899,,9.310007095336914,,,,,,,,
,32949,,,344.9382781982422,,,,,,,
,32949,,0.36454200744628906,,,,,,,,
,32999,,,347.5000858306885,,,,,,,
,32999,,8.972883224487305,,,,,,,,
,33049,,,345.02196311950684,,,,,,,
,33049,,0.3559589385986328,,,,,,,,
,33099,,,346.8470573425293,,,,,,,
,33099,,8.43191146850586,,,,,,,,
,33149,,,343.3248996734619,,,,,,,
,33149,,0.3635883331298828,,,,,,,,
,33199,,,351.83024406433105,,,,,,,
,33199,,9.05466079711914,,,,,,,,
,33249,,,343.350887298584,,,,,,,
,33249,,0.36263465881347656,,,,,,,,
,33299,,,345.1378345489502,,,,,,,
,33299,,8.185863494873047,,,,,,,,
,33349,,,353.3775806427002,,,,,,,
,33349,,0.35858154296875,,,,,,,,
,33399,,,346.47560119628906,,,,,,,
,33399,,9.10043716430664,,,,,,,,
,33449,,,355.8926582336426,,,,,,,
,33449,,0.3788471221923828,,,,,,,,
,33499,,,344.9218273162842,,,,,,,
,33499,,8.461713790893555,,,,,,,,
,33549,,,349.2088317871094,,,,,,,
,33549,,0.35762786865234375,,,,,,,,
,33599,,,345.31211853027344,,,,,,,
,33599,,8.877038955688477,,,,,,,,
,33649,,,344.14148330688477,,,,,,,
,33649,,0.36787986755371094,,,,,,,,
,33699,,,359.973669052124,,,,,,,
,33699,,9.056806564331055,,,,,,,,
,33749,,,345.4596996307373,,,,,,,
,33749,,0.3936290740966797,,,,,,,,
,33799,,,345.7221984863281,,,,,,,
,33799,,8.858680725097656,,,,,,,,
,33849,,,344.9668884277344,,,,,,,
,33849,,0.3714561462402344,,,,,,,,
,33899,,,356.8224906921387,,,,,,,
,33899,,8.45193862915039,,,,,,,,
,33949,,,345.3185558319092,,,,,,,
,33949,,0.3638267517089844,,,,,,,,
,33999,,,345.45350074768066,,,,,,,
,33999,,9.009361267089844,,,,,,,,
,34049,,,354.1455268859863,,,,,,,
,34049,,0.3781318664550781,,,,,,,,
,34099,,,345.22008895874023,,,,,,,
,34099,,8.559942245483398,,,,,,,,
,34149,,,348.15120697021484,,,,,,,
,34149,,0.3628730773925781,,,,,,,,
,34199,,,347.8224277496338,,,,,,,
,34199,,8.929014205932617,,,,,,,,
,34249,,,344.6509838104248,,,,,,,
,34249,,0.36525726318359375,,,,,,,,
,34299,,,345.7014560699463,,,,,,,
,34299,,8.481502532958984,,,,,,,,
,34349,,,346.5538024902344,,,,,,,
,34349,,0.3714561462402344,,,,,,,,
,34399,,,347.1994400024414,,,,,,,
,34399,,8.830785751342773,,,,,,,,
,34449,,,351.2418270111084,,,,,,,
,34449,,0.3669261932373047,,,,,,,,
,34499,,,349.4143486022949,,,,,,,
,34499,,8.59689712524414,,,,,,,,
,34549,,,346.8742370605469,,,,,,,
,34549,,0.35881996154785156,,,,,,,,
,34599,,,347.8081226348877,,,,,,,
,34599,,8.980035781860352,,,,,,,,
,34649,,,353.0395030975342,,,,,,,
,34649,,0.3714561462402344,,,,,,,,
,34699,,,342.6833152770996,,,,,,,
,34699,,8.448600769042969,,,,,,,,
,34749,,,366.5781021118164,,,,,,,
,34749,,0.3573894500732422,,,,,,,,
,34799,,,344.6919918060303,,,,,,,
,34799,,8.857965469360352,,,,,,,,
,34849,,,344.5878028869629,,,,,,,
,34849,,0.3714561462402344,,,,,,,,
,34899,,,342.74816513061523,,,,,,,
,34899,,8.579730987548828,,,,,,,,
,34949,,,345.61800956726074,,,,,,,
,34949,,0.37360191345214844,,,,,,,,
,34999,,,361.27281188964844,,,,,,,
,34999,,8.988142013549805,,,,,,,,
6,34999,,,,,,,,3.3590805530548096,1714.5899658203125,-1714.5899658203125
,35000,1762.7209622859955,,,,,,,,,
6,34999,,,,0.6931340098381042,8035.90966796875,1.1712239980697632,-1719.944580078125,,,
,35049,,,351.2699604034424,,,,,,,
,35049,,0.3654956817626953,,,,,,,,
,35099,,,344.56825256347656,,,,,,,
,35099,,8.618354797363281,,,,,,,,
,35149,,,362.98227310180664,,,,,,,
,35149,,0.4367828369140625,,,,,,,,
,35199,,,344.4943428039551,,,,,,,
,35199,,8.994817733764648,,,,,,,,
,35249,,,346.834659576416,,,,,,,
,35249,,0.3712177276611328,,,,,,,,
,35299,,,342.3008918762207,,,,,,,
,35299,,8.440494537353516,,,,,,,,
,35349,,,357.891321182251,,,,,,,
,35349,,0.41794776916503906,,,,,,,,
,35399,,,342.5943851470947,,,,,,,
,35399,,8.450031280517578,,,,,,,,
,35449,,,344.5935249328613,,,,,,,
,35449,,0.3581047058105469,,,,,,,,
,35499,,,345.26848793029785,,,,,,,
,35499,,8.480548858642578,,,,,,,,
,35549,,,348.19626808166504,,,,,,,
,35549,,0.4017353057861328,,,,,,,,
,35599,,,345.2496528625488,,,,,,,
,35599,,8.970499038696289,,,,,,,,
,35649,,,344.4526195526123,,,,,,,
,35649,,0.3879070281982422,,,,,,,,
,35699,,,345.6578254699707,,,,,,,
,35699,,8.517026901245117,,,,,,,,
,35749,,,345.38936614990234,,,,,,,
,35749,,0.3943443298339844,,,,,,,,
,35799,,,351.8087863922119,,,,,,,
,35799,,10.31804084777832,,,,,,,,
,35849,,,342.1895503997803,,,,,,,
,35849,,0.4031658172607422,,,,,,,,
,35899,,,342.8483009338379,,,,,,,
,35899,,8.746623992919922,,,,,,,,
,35949,,,344.90299224853516,,,,,,,
,35949,,0.37097930908203125,,,,,,,,
,35999,,,347.52392768859863,,,,,,,
,35999,,8.847713470458984,,,,,,,,
,36049,,,343.33300590515137,,,,,,,
,36049,,0.38361549377441406,,,,,,,,
,36099,,,343.00851821899414,,,,,,,
,36099,,8.469104766845703,,,,,,,,
,36149,,,343.9948558807373,,,,,,,
,36149,,0.3933906555175781,,,,,,,,
,36199,,,345.9346294403076,,,,,,,
,36199,,9.072303771972656,,,,,,,,
,36249,,,355.44872283935547,,,,,,,
,36249,,0.370025634765625,,,,,,,,
,36299,,,354.400634765625,,,,,,,
,36299,,8.659124374389648,,,,,,,,
,36349,,,346.1000919342041,,,,,,,
,36349,,0.3943443298339844,,,,,,,,
,36399,,,345.5774784088135,,,,,,,
,36399,,8.816003799438477,,,,,,,,
,36449,,,355.6334972381592,,,,,,,
,36449,,0.3674030303955078,,,,,,,,
,36499,,,364.92300033569336,,,,,,,
,36499,,9.438514709472656,,,,,,,,
,36549,,,346.8770980834961,,,,,,,
,36549,,0.3719329833984375,,,,,,,,
,36599,,,358.0162525177002,,,,,,,
,36599,,8.616447448730469,,,,,,,,
,36649,,,353.1215190887451,,,,,,,
,36649,,0.35572052001953125,,,,,,,,
,36699,,,348.01578521728516,,,,,,,
,36699,,8.859634399414062,,,,,,,,
,36749,,,348.9265441894531,,,,,,,
,36749,,0.3726482391357422,,,,,,,,
,36799,,,346.98963165283203,,,,,,,
,36799,,8.931398391723633,,,,,,,,
,36849,,,346.82703018188477,,,,,,,
,36849,,0.3783702850341797,,,,,,,,
,36899,,,348.7544059753418,,,,,,,
,36899,,9.075164794921875,,,,,,,,
,36949,,,347.3079204559326,,,,,,,
,36949,,0.3769397735595703,,,,,,,,
,36999,,,347.1946716308594,,,,,,,
,36999,,8.424758911132812,,,,,,,,
,37049,,,345.9036350250244,,,,,,,
,37049,,0.35881996154785156,,,,,,,,
,37099,,,350.7564067840576,,,,,,,
,37099,,9.016036987304688,,,,,,,,
,37149,,,349.8110771179199,,,,,,,
,37149,,0.37217140197753906,,,,,,,,
,37199,,,347.92590141296387,,,,,,,
,37199,,8.504867553710938,,,,,,,,
,37249,,,347.4392890930176,,,,,,,
,37249,,0.3879070281982422,,,,,,,,
,37299,,,348.569393157959,,,,,,,
,37299,,9.15217399597168,,,,,,,,
,37349,,,358.7837219238281,,,,,,,
,37349,,0.3685951232910156,,,,,,,,
,37399,,,347.1798896789551,,,,,,,
,37399,,8.453369140625,,,,,,,,
,37449,,,348.97375106811523,,,,,,,
,37449,,0.41294097900390625,,,,,,,,
,37499,,,357.7449321746826,,,,,,,
,37499,,8.965730667114258,,,,,,,,
,37549,,,344.64526176452637,,,,,,,
,37549,,0.3802776336669922,,,,,,,,
,37599,,,360.16154289245605,,,,,,,
,37599,,8.523225784301758,,,,,,,,
,37649,,,345.35765647888184,,,,,,,
,37649,,0.39458274841308594,,,,,,,,
,37699,,,345.28470039367676,,,,,,,
,37699,,9.025096893310547,,,,,,,,
,37749,,,344.8293209075928,,,,,,,
,37749,,0.3693103790283203,,,,,,,,
,37799,,,347.29766845703125,,,,,,,
,37799,,8.801460266113281,,,,,,,,
,37849,,,348.4342098236084,,,,,,,
,37849,,0.38623809814453125,,,,,,,,
,37899,,,346.54951095581055,,,,,,,
,37899,,8.455991744995117,,,,,,,,
,37949,,,345.02100944519043,,,,,,,
,37949,,0.3590583801269531,,,,,,,,
,37999,,,357.12671279907227,,,,,,,
,37999,,8.468151092529297,,,,,,,,
,38049,,,361.5593910217285,,,,,,,
,38049,,0.3998279571533203,,,,,,,,
,38099,,,345.0303077697754,,,,,,,
,38099,,8.96906852722168,,,,,,,,
,38149,,,344.64001655578613,,,,,,,
,38149,,0.37360191345214844,,,,,,,,
,38199,,,350.8131504058838,,,,,,,
,38199,,8.483648300170898,,,,,,,,
,38249,,,344.91777420043945,,,,,,,
,38249,,0.3733634948730469,,,,,,,,
,38299,,,342.82445907592773,,,,,,,
,38299,,8.57234001159668,,,,,,,,
,38349,,,346.55189514160156,,,,,,,
,38349,,0.3616809844970703,,,,,,,,
,38399,,,342.5297737121582,,,,,,,
,38399,,9.852886199951172,,,,,,,,
,38449,,,343.0173397064209,,,,,,,
,38449,,0.40459632873535156,,,,,,,,
,38499,,,353.557825088501,,,,,,,
,38499,,9.078741073608398,,,,,,,,
,38549,,,354.29859161376953,,,,,,,
,38549,,0.38313865661621094,,,,,,,,
,38599,,,359.90452766418457,,,,,,,
,38599,,8.496761322021484,,,,,,,,
,38649,,,356.05311393737793,,,,,,,
,38649,,0.4067420959472656,,,,,,,,
,38699,,,348.63924980163574,,,,,,,
,38699,,8.822917938232422,,,,,,,,
,38749,,,343.75715255737305,,,,,,,
,38749,,0.3590583801269531,,,,,,,,
,38799,,,345.51262855529785,,,,,,,
,38799,,8.459091186523438,,,,,,,,
,38849,,,343.7235355377197,,,,,,,
,38849,,0.3972053527832031,,,,,,,,
,38899,,,347.9266166687012,,,,,,,
,38899,,9.005546569824219,,,,,,,,
,38949,,,355.5793762207031,,,,,,,
,38949,,1.1038780212402344,,,,,,,,
,38999,,,346.13680839538574,,,,,,,
,38999,,8.467674255371094,,,,,,,,
,39049,,,350.25691986083984,,,,,,,
,39049,,0.3924369812011719,,,,,,,,
,39099,,,353.14083099365234,,,,,,,
,39099,,8.418560028076172,,,,,,,,
,39149,,,344.0966606140137,,,,,,,
,39149,,0.36263465881347656,,,,,,,,
,39199,,,343.60456466674805,,,,,,,
,39199,,8.63194465637207,,,,,,,,
,39249,,,351.9434928894043,,,,,,,
,39249,,0.37384033203125,,,,,,,,
,39299,,,345.8118438720703,,,,,,,
,39299,,9.055376052856445,,,,,,,,
,39349,,,343.5935974121094,,,,,,,
,39349,,0.36025047302246094,,,,,,,,
,39399,,,344.3593978881836,,,,,,,
,39399,,9.346723556518555,,,,,,,,
,39449,,,341.92490577697754,,,,,,,
,39449,,0.3638267517089844,,,,,,,,
,39499,,,344.7265625,,,,,,,
,39499,,8.392095565795898,,,,,,,,
,39549,,,344.1767692565918,,,,,,,
,39549,,0.36144256591796875,,,,,,,,
,39599,,,345.0891971588135,,,,,,,
,39599,,8.977174758911133,,,,,,,,
,39649,,,342.9064750671387,,,,,,,
,39649,,0.37026405334472656,,,,,,,,
,39699,,,350.8024215698242,,,,,,,
,39699,,8.57853889465332,,,,,,,,
,39749,,,345.37649154663086,,,,,,,
,39749,,0.3681182861328125,,,,,,,,
,39799,,,341.5343761444092,,,,,,,
,39799,,9.107351303100586,,,,,,,,
,39849,,,344.8326587677002,,,,,,,
,39849,,1.1920928955078125,,,,,,,,
,39899,,,346.95959091186523,,,,,,,
,39899,,8.765935897827148,,,,,,,,
,39949,,,349.8806953430176,,,,,,,
,39949,,0.4863739013671875,,,,,,,,
,39999,,,341.91322326660156,,,,,,,
,39999,,8.958101272583008,,,,,,,,
7,39999,,,,,,,,3.4451661109924316,1715.8699951171875,-1715.8699951171875
,40000,1768.2192676067352,,,,,,,,,
7,39999,,,,0.6938002109527588,8032.33447265625,1.1699868440628052,-1718.55224609375,,,
,40049,,,350.64077377319336,,,,,,,
,40049,,0.37217140197753906,,,,,,,,
,40099,,,344.51913833618164,,,,,,,
,40099,,9.289979934692383,,,,,,,,
,40149,,,344.96212005615234,,,,,,,
,40149,,0.3616809844970703,,,,,,,,
,40199,,,348.3436107635498,,,,,,,
,40199,,8.452177047729492,,,,,,,,
,40249,,,355.04698753356934,,,,,,,
,40249,,0.3597736358642578,,,,,,,,
,40299,,,349.29871559143066,,,,,,,
,40299,,9.282350540161133,,,,,,,,
,40349,,,356.0504913330078,,,,,,,
,40349,,0.3676414489746094,,,,,,,,
,40399,,,346.40026092529297,,,,,,,
,40399,,8.858919143676758,,,,,,,,
,40449,,,343.7488079071045,,,,,,,
,40449,,0.4086494445800781,,,,,,,,
,40499,,,343.6453342437744,,,,,,,
,40499,,9.002208709716797,,,,,,,,
,40549,,,341.8750762939453,,,,,,,
,40549,,0.3638267517089844,,,,,,,,
,40599,,,344.6946144104004,,,,,,,
,40599,,8.450508117675781,,,,,,,,
,40649,,,344.04468536376953,,,,,,,
,40649,,0.40030479431152344,,,,,,,,
,40699,,,343.87660026550293,,,,,,,
,40699,,9.155035018920898,,,,,,,,
,40749,,,364.8180961608887,,,,,,,
,40749,,0.39005279541015625,,,,,,,,
,40799,,,345.5042839050293,,,,,,,
,40799,,8.415699005126953,,,,,,,,
,40849,,,344.79784965515137,,,,,,,
,40849,,0.3883838653564453,,,,,,,,
,40899,,,345.09754180908203,,,,,,,
,40899,,9.008646011352539,,,,,,,,
,40949,,,344.39730644226074,,,,,,,
,40949,,0.37169456481933594,,,,,,,,
,40999,,,348.4315872192383,,,,,,,
,40999,,8.569717407226562,,,,,,,,
,41049,,,352.65064239501953,,,,,,,
,41049,,0.5061626434326172,,,,,,,,
,41099,,,342.27442741394043,,,,,,,
,41099,,9.000539779663086,,,,,,,,
,41149,,,365.48590660095215,,,,,,,
,41149,,0.3705024719238281,,,,,,,,
,41199,,,342.8165912628174,,,,,,,
,41199,,8.747100830078125,,,,,,,,
,41249,,,343.5711860656738,,,,,,,
,41249,,0.3833770751953125,,,,,,,,
,41299,,,354.09092903137207,,,,,,,
,41299,,9.008407592773438,,,,,,,,
,41349,,,343.22142601013184,,,,,,,
,41349,,0.36716461181640625,,,,,,,,
,41399,,,342.3917293548584,,,,,,,
,41399,,8.469343185424805,,,,,,,,
,41449,,,360.92305183410645,,,,,,,
,41449,,0.4181861877441406,,,,,,,,
,41499,,,347.2025394439697,,,,,,,
,41499,,9.312868118286133,,,,,,,,
,41549,,,354.9623489379883,,,,,,,
,41549,,0.3669261932373047,,,,,,,,
,41599,,,347.4142551422119,,,,,,,
,41599,,8.56924057006836,,,,,,,,
,41649,,,346.0049629211426,,,,,,,
,41649,,0.39577484130859375,,,,,,,,
,41699,,,343.2891368865967,,,,,,,
,41699,,9.011507034301758,,,,,,,,
,41749,,,343.9791202545166,,,,,,,
,41749,,0.3688335418701172,,,,,,,,
,41799,,,343.46747398376465,,,,,,,
,41799,,8.41832160949707,,,,,,,,
,41849,,,346.93336486816406,,,,,,,
,41849,,0.4169940948486328,,,,,,,,
,41899,,,343.6465263366699,,,,,,,
,41899,,9.028196334838867,,,,,,,,
,41949,,,344.4478511810303,,,,,,,
,41949,,0.35071372985839844,,,,,,,,
,41999,,,343.77288818359375,,,,,,,
,41999,,8.41975212097168,,,,,,,,
,42049,,,344.55227851867676,,,,,,,
,42049,,0.3991127014160156,,,,,,,,
,42099,,,343.25671195983887,,,,,,,
,42099,,8.9874267578125,,,,,,,,
,42149,,,348.006010055542,,,,,,,
,42149,,0.3600120544433594,,,,,,,,
,42199,,,349.4298458099365,,,,,,,
,42199,,8.550167083740234,,,,,,,,
,42249,,,344.4399833679199,,,,,,,
,42249,,0.39315223693847656,,,,,,,,
,42299,,,359.0736389160156,,,,,,,
,42299,,9.548425674438477,,,,,,,,
,42349,,,342.6177501678467,,,,,,,
,42349,,0.36978721618652344,,,,,,,,
,42399,,,344.7296619415283,,,,,,,
,42399,,8.603096008300781,,,,,,,,
,42449,,,351.84621810913086,,,,,,,
,42449,,0.3864765167236328,,,,,,,,
,42499,,,345.1883792877197,,,,,,,
,42499,,8.953094482421875,,,,,,,,
,42549,,,345.8287715911865,,,,,,,
,42549,,0.36263465881347656,,,,,,,,
,42599,,,352.71763801574707,,,,,,,
,42599,,8.49008560180664,,,,,,,,
,42649,,,348.5846519470215,,,,,,,
,42649,,0.3991127014160156,,,,,,,,
,42699,,,347.51343727111816,,,,,,,
,42699,,9.018421173095703,,,,,,,,
,42749,,,352.50401496887207,,,,,,,
,42749,,0.3561973571777344,,,,,,,,
,42799,,,342.9539203643799,,,,,,,
,42799,,8.63504409790039,,,,,,,,
,42849,,,343.9524173736572,,,,,,,
,42849,,0.3705024719238281,,,,,,,,
,42899,,,344.78068351745605,,,,,,,
,42899,,8.941411972045898,,,,,,,,
,42949,,,341.930627822876,,,,,,,
,42949,,0.3542900085449219,,,,,,,,
,42999,,,342.8633213043213,,,,,,,
,42999,,8.881330490112305,,,,,,,,
,43049,,,344.6645736694336,,,,,,,
,43049,,0.3676414489746094,,,,,,,,
,43099,,,343.0948257446289,,,,,,,
,43099,,8.695602416992188,,,,,,,,
,43149,,,609.3485355377197,,,,,,,
,43149,,0.41294097900390625,,,,,,,,
,43199,,,346.299409866333,,,,,,,
,43199,,8.864164352416992,,,,,,,,
,43249,,,344.5696830749512,,,,,,,
,43249,,0.3724098205566406,,,,,,,,
,43299,,,353.8930416107178,,,,,,,
,43299,,8.56328010559082,,,,,,,,
,43349,,,343.5821533203125,,,,,,,
,43349,,0.362396240234375,,,,,,,,
,43399,,,348.0033874511719,,,,,,,
,43399,,16.07966423034668,,,,,,,,
,43449,,,342.79584884643555,,,,,,,
,43449,,0.362396240234375,,,,,,,,
,43499,,,346.3635444641113,,,,,,,
,43499,,8.821964263916016,,,,,,,,
,43549,,,345.9663391113281,,,,,,,
,43549,,0.3845691680908203,,,,,,,,
,43599,,,343.829870223999,,,,,,,
,43599,,8.527517318725586,,,,,,,,
,43649,,,343.5981273651123,,,,,,,
,43649,,0.3590583801269531,,,,,,,,
,43699,,,343.3403968811035,,,,,,,
,43699,,8.368253707885742,,,,,,,,
,43749,,,343.11437606811523,,,,,,,
,43749,,0.3600120544433594,,,,,,,,
,43799,,,345.9644317626953,,,,,,,
,43799,,8.990049362182617,,,,,,,,
,43849,,,355.44848442077637,,,,,,,
,43849,,1.0824203491210938,,,,,,,,
,43899,,,345.49474716186523,,,,,,,
,43899,,8.423089981079102,,,,,,,,
,43949,,,346.8177318572998,,,,,,,
,43949,,0.3795623779296875,,,,,,,,
,43999,,,353.4717559814453,,,,,,,
,43999,,8.98289680480957,,,,,,,,
,44049,,,344.43140029907227,,,,,,,
,44049,,0.370025634765625,,,,,,,,
,44099,,,345.0818061828613,,,,,,,
,44099,,8.34798812866211,,,,,,,,
,44149,,,347.61762619018555,,,,,,,
,44149,,0.3914833068847656,,,,,,,,
,44199,,,347.6712703704834,,,,,,,
,44199,,9.153366088867188,,,,,,,,
,44249,,,343.40906143188477,,,,,,,
,44249,,0.3712177276611328,,,,,,,,
,44299,,,353.4512519836426,,,,,,,
,44299,,8.438587188720703,,,,,,,,
,44349,,,342.8685665130615,,,,,,,
,44349,,0.3895759582519531,,,,,,,,
,44399,,,349.79724884033203,,,,,,,
,44399,,8.426904678344727,,,,,,,,
,44449,,,347.2142219543457,,,,,,,
,44449,,0.3693103790283203,,,,,,,,
,44499,,,346.1499214172363,,,,,,,
,44499,,8.47625732421875,,,,,,,,
,44549,,,348.050594329834,,,,,,,
,44549,,0.4055500030517578,,,,,,,,
,44599,,,342.7245616912842,,,,,,,
,44599,,8.978128433227539,,,,,,,,
,44649,,,346.5855121612549,,,,,,,
,44649,,0.3921985626220703,,,,,,,,
,44699,,,343.5249328613281,,,,,,,
,44699,,8.462190628051758,,,,,,,,
,44749,,,342.2114849090576,,,,,,,
,44749,,0.4057884216308594,,,,,,,,
,44799,,,345.77441215515137,,,,,,,
,44799,,17.33851432800293,,,,,,,,
,44849,,,351.90558433532715,,,,,,,
,44849,,0.3552436828613281,,,,,,,,
,44899,,,342.775821685791,,,,,,,
,44899,,8.508682250976562,,,,,,,,
,44949,,,342.60034561157227,,,,,,,
,44949,,0.3979206085205078,,,,,,,,
,44999,,,361.16719245910645,,,,,,,
,44999,,9.000301361083984,,,,,,,,
8,44999,,,,,,,,3.754232406616211,1721.22998046875,-1721.22998046875
,45000,1763.585189819336,,,,,,,,,
8,44999,,,,0.6940474510192871,8033.6669921875,1.1690477132797241,-1718.2701416015625,,,
,45049,,,351.84454917907715,,,,,,,
,45049,,0.39577484130859375,,,,,,,,
,45099,,,345.34358978271484,,,,,,,
,45099,,9.11092758178711,,,,,,,,
,45149,,,344.3446159362793,,,,,,,
,45149,,0.3619194030761719,,,,,,,,
,45199,,,344.85411643981934,,,,,,,
,45199,,8.455276489257812,,,,,,,,
,45249,,,344.55204010009766,,,,,,,
,45249,,0.38814544677734375,,,,,,,,
,45299,,,343.08815002441406,,,,,,,
,45299,,9.058475494384766,,,,,,,,
,45349,,,346.3568687438965,,,,,,,
,45349,,0.3707408905029297,,,,,,,,
,45399,,,358.5822582244873,,,,,,,
,45399,,8.875131607055664,,,,,,,,
,45449,,,346.97794914245605,,,,,,,
,45449,,0.3986358642578125,,,,,,,,
,45499,,,342.58198738098145,,,,,,,
,45499,,8.966207504272461,,,,,,,,
,45549,,,354.30192947387695,,,,,,,
,45549,,0.37479400634765625,,,,,,,,
,45599,,,356.53138160705566,,,,,,,
,45599,,8.60595703125,,,,,,,,
,45649,,,342.96202659606934,,,,,,,
,45649,,0.4100799560546875,,,,,,,,
,45699,,,358.2148551940918,,,,,,,
,45699,,16.817808151245117,,,,,,,,
,45749,,,353.2223701477051,,,,,,,
,45749,,0.3769397735595703,,,,,,,,
,45799,,,356.5366268157959,,,,,,,
,45799,,8.838176727294922,,,,,,,,
,45849,,,344.8166847229004,,,,,,,
,45849,,0.40030479431152344,,,,,,,,
,45899,,,353.1930446624756,,,,,,,
,45899,,9.006261825561523,,,,,,,,
,45949,,,356.2431335449219,,,,,,,
,45949,,0.38504600524902344,,,,,,,,
,45999,,,342.6530361175537,,,,,,,
,45999,,8.464336395263672,,,,,,,,
,46049,,,350.39806365966797,,,,,,,
,46049,,0.42247772216796875,,,,,,,,
,46099,,,357.07855224609375,,,,,,,
,46099,,8.890628814697266,,,,,,,,
,46149,,,350.7864475250244,,,,,,,
,46149,,0.400543212890625,,,,,,,,
,46199,,,345.84498405456543,,,,,,,
,46199,,8.644342422485352,,,,,,,,
,46249,,,347.2328186035156,,,,,,,
,46249,,0.4096031188964844,,,,,,,,
,46299,,,345.6137180328369,,,,,,,
,46299,,8.812904357910156,,,,,,,,
,46349,,,344.7396755218506,,,,,,,
,46349,,0.35881996154785156,,,,,,,,
,46399,,,342.9734706878662,,,,,,,
,46399,,8.402347564697266,,,,,,,,
,46449,,,351.51195526123047,,,,,,,
,46449,,0.4012584686279297,,,,,,,,
,46499,,,346.07625007629395,,,,,,,
,46499,,8.604764938354492,,,,,,,,
,46549,,,344.75255012512207,,,,,,,
,46549,,0.3554821014404297,,,,,,,,
,46599,,,343.71161460876465,,,,,,,
,46599,,8.973836898803711,,,,,,,,
,46649,,,344.5780277252197,,,,,,,
,46649,,0.3724098205566406,,,,,,,,
,46699,,,345.3505039215088,,,,,,,
,46699,,8.599042892456055,,,,,,,,
,46749,,,344.8307514190674,,,,,,,
,46749,,0.3609657287597656,,,,,,,,
,46799,,,346.3103771209717,,,,,,,
,46799,,8.693456649780273,,,,,,,,
,46849,,,343.36233139038086,,,,,,,
,46849,,0.36072731018066406,,,,,,,,
,46899,,,345.3543186187744,,,,,,,
,46899,,8.623361587524414,,,,,,,,
,46949,,,342.92101860046387,,,,,,,
,46949,,0.35381317138671875,,,,,,,,
,46999,,,344.9990749359131,,,,,,,
,46999,,8.903026580810547,,,,,,,,
,47049,,,342.6477909088135,,,,,,,
,47049,,0.38814544677734375,,,,,,,,
,47099,,,345.996618270874,,,,,,,
,47099,,8.61501693725586,,,,,,,,
,47149,,,358.0806255340576,,,,,,,
,47149,,0.38313865661621094,,,,,,,,
,47199,,,346.09222412109375,,,,,,,
,47199,,9.066343307495117,,,,,,,,
,47249,,,343.08648109436035,,,,,,,
,47249,,0.3521442413330078,,,,,,,,
,47299,,,353.49154472351074,,,,,,,
,47299,,8.435249328613281,,,,,,,,
,47349,,,345.95179557800293,,,,,,,
,47349,,0.35309791564941406,,,,,,,,
,47399,,,346.5380668640137,,,,,,,
,47399,,9.086132049560547,,,,,,,,
,47449,,,345.9184169769287,,,,,,,
,47449,,0.3829002380371094,,,,,,,,
,47499,,,346.99273109436035,,,,,,,
,47499,,8.679389953613281,,,,,,,,
,47549,,,356.04166984558105,,,,,,,
,47549,,0.37789344787597656,,,,,,,,
,47599,,,350.63910484313965,,,,,,,
,47599,,9.55820083618164,,,,,,,,
,47649,,,344.9373245239258,,,,,,,
,47649,,0.3561973571777344,,,,,,,,
,47699,,,345.89481353759766,,,,,,,
,47699,,8.473634719848633,,,,,,,,
,47749,,,342.93055534362793,,,,,,,
,47749,,0.3612041473388672,,,,,,,,
,47799,,,342.4038887023926,,,,,,,
,47799,,9.013175964355469,,,,,,,,
,47849,,,345.72720527648926,,,,,,,
,47849,,0.38743019104003906,,,,,,,,
,47899,,,358.9813709259033,,,,,,,
,47899,,9.189844131469727,,,,,,,,
,47949,,,343.5349464416504,,,,,,,
,47949,,0.37217140197753906,,,,,,,,
,47999,,,352.7183532714844,,,,,,,
,47999,,9.026765823364258,,,,,,,,
,48049,,,343.26171875,,,,,,,
,48049,,0.3521442413330078,,,,,,,,
,48099,,,343.15013885498047,,,,,,,
,48099,,8.749008178710938,,,,,,,,
,48149,,,353.55091094970703,,,,,,,
,48149,,0.37932395935058594,,,,,,,,
,48199,,,343.5859680175781,,,,,,,
,48199,,8.964061737060547,,,,,,,,
,48249,,,346.0111618041992,,,,,,,
,48249,,0.3612041473388672,,,,,,,,
,48299,,,343.0655002593994,,,,,,,
,48299,,8.524417877197266,,,,,,,,
,48349,,,344.8822498321533,,,,,,,
,48349,,0.39124488830566406,,,,,,,,
,48399,,,346.8923568725586,,,,,,,
,48399,,9.08803939819336,,,,,,,,
,48449,,,343.8746929168701,,,,,,,
,48449,,0.3762245178222656,,,,,,,,
,48499,,,343.6927795410156,,,,,,,
,48499,,8.723020553588867,,,,,,,,
,48549,,,342.94748306274414,,,,,,,
,48549,,0.3936290740966797,,,,,,,,
,48599,,,344.50411796569824,,,,,,,
,48599,,9.027481079101562,,,,,,,,
,48649,,,349.2751121520996,,,,,,,
,48649,,0.37598609924316406,,,,,,,,
,48699,,,344.24662590026855,,,,,,,
,48699,,8.800983428955078,,,,,,,,
,48749,,,344.5918560028076,,,,,,,
,48749,,0.46062469482421875,,,,,,,,
,48799,,,342.64278411865234,,,,,,,
,48799,,8.935689926147461,,,,,,,,
,48849,,,342.84138679504395,,,,,,,
,48849,,0.3647804260253906,,,,,,,,
,48899,,,347.27954864501953,,,,,,,
,48899,,8.511781692504883,,,,,,,,
,48949,,,342.6945209503174,,,,,,,
,48949,,0.38242340087890625,,,,,,,,
,48999,,,343.0469036102295,,,,,,,
,48999,,9.11092758178711,,,,,,,,
,49049,,,344.280481338501,,,,,,,
,49049,,0.36144256591796875,,,,,,,,
,49099,,,344.6531295776367,,,,,,,
,49099,,8.76760482788086,,,,,,,,
,49149,,,342.49401092529297,,,,,,,
,49149,,0.3917217254638672,,,,,,,,
,49199,,,353.8193702697754,,,,,,,
,49199,,9.006738662719727,,,,,,,,
,49249,,,345.0143337249756,,,,,,,
,49249,,0.3571510314941406,,,,,,,,
,49299,,,342.7596092224121,,,,,,,
,49299,,8.432626724243164,,,,,,,,
,49349,,,343.8396453857422,,,,,,,
,49349,,0.3952980041503906,,,,,,,,
,49399,,,345.6308841705322,,,,,,,
,49399,,9.034872055053711,,,,,,,,
,49449,,,344.724178314209,,,,,,,
,49449,,0.3731250762939453,,,,,,,,
,49499,,,349.9321937561035,,,,,,,
,49499,,8.526325225830078,,,,,,,,
,49549,,,345.01075744628906,,,,,,,
,49549,,0.39958953857421875,,,,,,,,
,49599,,,345.7491397857666,,,,,,,
,49599,,9.50002670288086,,,,,,,,
,49649,,,357.4402332305908,,,,,,,
,49649,,0.37217140197753906,,,,,,,,
,49699,,,355.1609516143799,,,,,,,
,49699,,8.798837661743164,,,,,,,,
,49749,,,352.8587818145752,,,,,,,
,49749,,0.3802776336669922,,,,,,,,
,49799,,,346.2231159210205,,,,,,,
,49799,,8.818626403808594,,,,,,,,
,49849,,,345.60537338256836,,,,,,,
,49849,,0.36334991455078125,,,,,,,,
,49899,,,343.489408493042,,,,,,,
,49899,,8.990049362182617,,,,,,,,
,49949,,,343.2459831237793,,,,,,,
,49949,,0.3674030303955078,,,,,,,,
,49999,,,342.35548973083496,,,,,,,
,49999,,8.72182846069336,,,,,,,,
9,49999,,,,,,,,3.4719185829162598,1716.43994140625,-1716.43994140625
,50000,1762.5722851753235,,,,,,,,,
9,49999,,,,0.6936050057411194,8035.55029296875,1.1700342893600464,-1717.7900390625,,,
,50049,,,342.48900413513184,,,,,,,
,50049,,0.40435791015625,,,,,,,,
,50099,,,354.8426628112793,,,,,,,
,50099,,8.553266525268555,,,,,,,,
,50149,,,347.74255752563477,,,,,,,
,50149,,0.40078163146972656,,,,,,,,
,50199,,,357.85508155822754,,,,,,,
,50199,,9.232521057128906,,,,,,,,
,50249,,,344.45643424987793,,,,,,,
,50249,,0.3733634948730469,,,,,,,,
,50299,,,351.5665531158447,,,,,,,
,50299,,9.151697158813477,,,,,,,,
,50349,,,342.3490524291992,,,,,,,
,50349,,0.3705024719238281,,,,,,,,
,50399,,,355.546236038208,,,,,,,
,50399,,8.929967880249023,,,,,,,,
,50449,,,344.698429107666,,,,,,,
,50449,,0.3845691680908203,,,,,,,,
,50499,,,344.12693977355957,,,,,,,
,50499,,8.401632308959961,,,,,,,,
,50549,,,343.10197830200195,,,,,,,
,50549,,0.3535747528076172,,,,,,,,
,50599,,,358.2651615142822,,,,,,,
,50599,,9.060144424438477,,,,,,,,
,50649,,,344.64001655578613,,,,,,,
,50649,,0.3657341003417969,,,,,,,,
,50699,,,358.66808891296387,,,,,,,
,50699,,9.327411651611328,,,,,,,,
,50749,,,344.9857234954834,,,,,,,
,50749,,0.36597251892089844,,,,,,,,
,50799,,,352.6418209075928,,,,,,,
,50799,,8.541107177734375,,,,,,,,
,50849,,,342.4539566040039,,,,,,,
,50849,,0.4031658172607422,,,,,,,,
,50899,,,343.10007095336914,,,,,,,
,50899,,8.516788482666016,,,,,,,,
,50949,,,346.7411994934082,,,,,,,
,50949,,0.36263465881347656,,,,,,,,
,50999,,,344.29931640625,,,,,,,
,50999,,8.631706237792969,,,,,,,,
,51049,,,343.2629108428955,,,,,,,
,51049,,0.3695487976074219,,,,,,,,
,51099,,,349.6885299682617,,,,,,,
,51099,,9.211063385009766,,,,,,,,
,51149,,,343.1394100189209,,,,,,,
,51149,,0.3726482391357422,,,,,,,,
,51199,,,345.03698348999023,,,,,,,
,51199,,9.072542190551758,,,,,,,,
,51249,,,344.832181930542,,,,,,,
,51249,,0.36406517028808594,,,,,,,,
,51299,,,346.82345390319824,,,,,,,
,51299,,8.527994155883789,,,,,,,,
,51349,,,349.9865531921387,,,,,,,
,51349,,0.3714561462402344,,,,,,,,
,51399,,,343.90926361083984,,,,,,,
,51399,,8.802175521850586,,,,,,,,
,51449,,,343.578577041626,,,,,,,
,51449,,0.3750324249267578,,,,,,,,
,51499,,,342.9074287414551,,,,,,,
,51499,,17.148733139038086,,,,,,,,
,51549,,,348.9863872528076,,,,,,,
,51549,,0.36644935607910156,,,,,,,,
,51599,,,345.7756042480469,,,,,,,
,51599,,9.220123291015625,,,,,,,,
,51649,,,343.7373638153076,,,,,,,
,51649,,0.3654956817626953,,,,,,,,
,51699,,,343.1060314178467,,,,,,,
,51699,,8.563518524169922,,,,,,,,
,51749,,,355.2875518798828,,,,,,,
,51749,,0.36716461181640625,,,,,,,,
,51799,,,350.91114044189453,,,,,,,
,51799,,9.047985076904297,,,,,,,,
,51849,,,355.58366775512695,,,,,,,
,51849,,0.39839744567871094,,,,,,,,
,51899,,,341.7534828186035,,,,,,,
,51899,,8.394241333007812,,,,,,,,
,51949,,,356.95362091064453,,,,,,,
,51949,,0.37169456481933594,,,,,,,,
,51999,,,357.1169376373291,,,,,,,
,51999,,9.350299835205078,,,,,,,,
,52049,,,345.23487091064453,,,,,,,
,52049,,0.3769397735595703,,,,,,,,
,52099,,,341.8550491333008,,,,,,,
,52099,,8.406639099121094,,,,,,,,
,52149,,,343.7771797180176,,,,,,,
,52149,,0.3516674041748047,,,,,,,,
,52199,,,344.515323638916,,,,,,,
,52199,,9.08350944519043,,,,,,,,
,52249,,,352.77700424194336,,,,,,,
,52249,,0.3883838653564453,,,,,,,,
,52299,,,341.6588306427002,,,,,,,
,52299,,8.396625518798828,,,,,,,,
,52349,,,342.6403999328613,,,,,,,
,52349,,0.37789344787597656,,,,,,,,
,52399,,,344.17152404785156,,,,,,,
,52399,,9.244918823242188,,,,,,,,
,52449,,,341.7375087738037,,,,,,,
,52449,,0.38051605224609375,,,,,,,,
,52499,,,342.7846431732178,,,,,,,
,52499,,8.601665496826172,,,,,,,,
,52549,,,341.33219718933105,,,,,,,
,52549,,0.37598609924316406,,,,,,,,
,52599,,,346.8317985534668,,,,,,,
,52599,,17.206192016601562,,,,,,,,
,52649,,,343.20855140686035,,,,,,,
,52649,,0.36978721618652344,,,,,,,,
,52699,,,350.7106304168701,,,,,,,
,52699,,8.457183837890625,,,,,,,,
,52749,,,347.0938205718994,,,,,,,
,52749,,0.4971027374267578,,,,,,,,
,52799,,,342.7455425262451,,,,,,,
,52799,,8.998632431030273,,,,,,,,
,52849,,,342.26012229919434,,,,,,,
,52849,,0.37097930908203125,,,,,,,,
,52899,,,341.7792320251465,,,,,,,
,52899,,8.366823196411133,,,,,,,,
,52949,,,343.5933589935303,,,,,,,
,52949,,0.3807544708251953,,,,,,,,
,52999,,,349.2612838745117,,,,,,,
,52999,,9.011507034301758,,,,,,,,
,53049,,,343.52898597717285,,,,,,,
,53049,,0.37407875061035156,,,,,,,,
,53099,,,346.09413146972656,,,,,,,
,53099,,8.43358039855957,,,,,,,,
,53149,,,343.81937980651855,,,,,,,
,53149,,0.40459632873535156,,,,,,,,
,53199,,,343.2168960571289,,,,,,,
,53199,,8.967876434326172,,,,,,,,
,53249,,,344.9680805206299,,,,,,,
,53249,,0.3609657287597656,,,,,,,,
,53299,,,344.1896438598633,,,,,,,
,53299,,8.656740188598633,,,,,,,,
,53349,,,342.6523208618164,,,,,,,
,53349,,0.38886070251464844,,,,,,,,
,53399,,,343.2424068450928,,,,,,,
,53399,,8.992910385131836,,,,,,,,
,53449,,,343.67966651916504,,,,,,,
,53449,,0.36406517028808594,,,,,,,,
,53499,,,340.82508087158203,,,,,,,
,53499,,8.470773696899414,,,,,,,,
,53549,,,341.93968772888184,,,,,,,
,53549,,0.39505958557128906,,,,,,,,
,53599,,,341.597318649292,,,,,,,
,53599,,9.177446365356445,,,,,,,,
,53649,,,344.96164321899414,,,,,,,
,53649,,0.37479400634765625,,,,,,,,
,53699,,,341.81690216064453,,,,,,,
,53699,,8.474111557006836,,,,,,,,
,53749,,,348.7205505371094,,,,,,,
,53749,,0.3936290740966797,,,,,,,,
,53799,,,342.3020839691162,,,,,,,
,53799,,8.235931396484375,,,,,,,,
,53849,,,343.7824249267578,,,,,,,
,53849,,0.3573894500732422,,,,,,,,
,53899,,,344.29359436035156,,,,,,,
,53899,,8.621931076049805,,,,,,,,
,53949,,,342.9992198944092,,,,,,,
,53949,,0.4253387451171875,,,,,,,,
,53999,,,343.3358669281006,,,,,,,
,53999,,9.058475494384766,,,,,,,,
,54049,,,343.6272144317627,,,,,,,
,54049,,0.40841102600097656,,,,,,,,
,54099,,,342.02075004577637,,,,,,,
,54099,,8.254051208496094,,,,,,,,
,54149,,,342.32020378112793,,,,,,,
,54149,,0.36907196044921875,,,,,,,,
,54199,,,341.6409492492676,,,,,,,
,54199,,8.41975212097168,,,,,,,,
,54249,,,342.01502799987793,,,,,,,
,54249,,0.347137451171875,,,,,,,,
,54299,,,344.4561958312988,,,,,,,
,54299,,8.625984191894531,,,,,,,,
,54349,,,344.0699577331543,,,,,,,
,54349,,0.36978721618652344,,,,,,,,
,54399,,,341.400146484375,,,,,,,
,54399,,8.79216194152832,,,,,,,,
,54449,,,344.68722343444824,,,,,,,
,54449,,0.362396240234375,,,,,,,,
,54499,,,349.12991523742676,,,,,,,
,54499,,9.105205535888672,,,,,,,,
,54549,,,343.0342674255371,,,,,,,
,54549,,0.3681182861328125,,,,,,,,
,54599,,,360.1541519165039,,,,,,,
,54599,,8.997201919555664,,,,,,,,
,54649,,,341.6018486022949,,,,,,,
,54649,,0.354766845703125,,,,,,,,
,54699,,,344.38562393188477,,,,,,,
,54699,,8.958816528320312,,,,,,,,
,54749,,,341.69936180114746,,,,,,,
,54749,,0.3750324249267578,,,,,,,,
,54799,,,344.4368839263916,,,,,,,
,54799,,8.813142776489258,,,,,,,,
,54849,,,341.4461612701416,,,,,,,
,54849,,0.36144256591796875,,,,,,,,
,54899,,,344.1190719604492,,,,,,,
,54899,,8.84556770324707,,,,,,,,
,54949,,,343.0509567260742,,,,,,,
,54949,,0.3669261932373047,,,,,,,,
,54999,,,343.4946537017822,,,,,,,
,54999,,8.475780487060547,,,,,,,,
10,54999,,,,,,,,3.4956536293029785,1717.030029296875,-1717.030029296875
,55000,1759.4385035037994,,,,,,,,,
10,54999,,,,0.6935386061668396,8030.328125,1.167884111404419,-1717.1632080078125,,,
,55049,,,341.036319732666,,,,,,,
,55049,,0.3647804260253906,,,,,,,,
,55099,,,354.1827201843262,,,,,,,
,55099,,9.066104888916016,,,,,,,,
,55149,,,342.78011322021484,,,,,,,
,55149,,0.3628730773925781,,,,,,,,
,55199,,,345.0164794921875,,,,,,,
,55199,,9.138107299804688,,,,,,,,
,55249,,,344.2196846008301,,,,,,,
,55249,,0.3559589385986328,,,,,,,,
,55299,,,343.4488773345947,,,,,,,
,55299,,8.605003356933594,,,,,,,,
,55349,,,344.80834007263184,,,,,,,
,55349,,0.37288665771484375,,,,,,,,
,55399,,,345.83091735839844,,,,,,,
,55399,,8.71896743774414,,,,,,,,
,55449,,,340.99411964416504,,,,,,,
,55449,,0.38909912109375,,,,,,,,
,55499,,,344.4192409515381,,,,,,,
,55499,,8.794069290161133,,,,,,,,
,55549,,,344.41089630126953,,,,,,,
,55549,,0.36716461181640625,,,,,,,,
,55599,,,345.3526496887207,,,,,,,
,55599,,9.142875671386719,,,,,,,,
,55649,,,343.3108329772949,,,,,,,
,55649,,0.37169456481933594,,,,,,,,
,55699,,,342.72122383117676,,,,,,,
,55699,,8.423566818237305,,,,,,,,
,55749,,,347.2921848297119,,,,,,,
,55749,,0.35500526428222656,,,,,,,,
,55799,,,344.6626663208008,,,,,,,
,55799,,8.88371467590332,,,,,,,,
,55849,,,356.1086654663086,,,,,,,
,55849,,0.3809928894042969,,,,,,,,
,55899,,,346.2965488433838,,,,,,,
,55899,,8.539676666259766,,,,,,,,
,55949,,,353.4553050994873,,,,,,,
,55949,,0.3693103790283203,,,,,,,,
,55999,,,344.329833984375,,,,,,,
,55999,,9.032487869262695,,,,,,,,
,56049,,,342.7846431732178,,,,,,,
,56049,,0.3752708435058594,,,,,,,,
,56099,,,342.36669540405273,,,,,,,
,56099,,8.426427841186523,,,,,,,,
,56149,,,351.99832916259766,,,,,,,
,56149,,0.3566741943359375,,,,,,,,
,56199,,,357.21874237060547,,,,,,,
,56199,,9.348392486572266,,,,,,,,
,56249,,,347.8047847747803,,,,,,,
,56249,,0.3802776336669922,,,,,,,,
,56299,,,353.2605171203613,,,,,,,
,56299,,8.590221405029297,,,,,,,,
,56349,,,346.24624252319336,,,,,,,
,56349,,0.37479400634765625,,,,,,,,
,56399,,,342.543363571167,,,,,,,
,56399,,8.903026580810547,,,,,,,,
,56449,,,345.55721282958984,,,,,,,
,56449,,0.3962516784667969,,,,,,,,
,56499,,,360.82911491394043,,,,,,,
,56499,,8.758783340454102,,,,,,,,
,56549,,,348.1628894805908,,,,,,,
,56549,,0.3592967987060547,,,,,,,,
,56599,,,360.49342155456543,,,,,,,
,56599,,9.539127349853516,,,,,,,,
,56649,,,342.5462245941162,,,,,,,
,56649,,0.3821849822998047,,,,,,,,
,56699,,,342.9594039916992,,,,,,,
,56699,,8.458614349365234,,,,,,,,
,56749,,,347.0947742462158,,,,,,,
,56749,,0.39887428283691406,,,,,,,,
,56799,,,343.2202339172363,,,,,,,
,56799,,8.980274200439453,,,,,,,,
,56849,,,348.92797470092773,,,,,,,
,56849,,0.3643035888671875,,,,,,,,
,56899,,,346.91858291625977,,,,,,,
,56899,,8.699178695678711,,,,,,,,
,56949,,,342.8053855895996,,,,,,,
,56949,,0.36907196044921875,,,,,,,,
,56999,,,345.3493118286133,,,,,,,
,56999,,16.962051391601562,,,,,,,,
,57049,,,344.8169231414795,,,,,,,
,57049,,0.3676414489746094,,,,,,,,
,57099,,,349.72262382507324,,,,,,,
,57099,,8.471488952636719,,,,,,,,
,57149,,,351.15647315979004,,,,,,,
,57149,,0.35953521728515625,,,,,,,,
,57199,,,342.47493743896484,,,,,,,
,57199,,9.081840515136719,,,,,,,,
,57249,,,345.1409339904785,,,,,,,
,57249,,0.3609657287597656,,,,,,,,
,57299,,,351.7298698425293,,,,,,,
,57299,,8.437633514404297,,,,,,,,
,57349,,,346.2963104248047,,,,,,,
,57349,,0.3833770751953125,,,,,,,,
,57399,,,342.73815155029297,,,,,,,
,57399,,8.967161178588867,,,,,,,,
,57449,,,358.31427574157715,,,,,,,
,57449,,0.3790855407714844,,,,,,,,
,57499,,,343.2765007019043,,,,,,,
,57499,,8.452653884887695,,,,,,,,
,57549,,,342.9911136627197,,,,,,,
,57549,,0.3871917724609375,,,,,,,,
,57599,,,346.9114303588867,,,,,,,
,57599,,9.276866912841797,,,,,,,,
,57649,,,346.9228744506836,,,,,,,
,57649,,0.3914833068847656,,,,,,,,
,57699,,,346.2843894958496,,,,,,,
,57699,,8.503437042236328,,,,,,,,
,57749,,,346.5909957885742,,,,,,,
,57749,,0.40841102600097656,,,,,,,,
,57799,,,350.9864807128906,,,,,,,
,57799,,8.812665939331055,,,,,,,,
,57849,,,352.4973392486572,,,,,,,
,57849,,0.35691261291503906,,,,,,,,
,57899,,,343.0440425872803,,,,,,,
,57899,,8.899211883544922,,,,,,,,
,57949,,,342.52238273620605,,,,,,,
,57949,,0.38623809814453125,,,,,,,,
,57999,,,353.6078929901123,,,,,,,
,57999,,8.994340896606445,,,,,,,,
,58049,,,342.88573265075684,,,,,,,
,58049,,0.35834312438964844,,,,,,,,
,58099,,,342.88620948791504,,,,,,,
,58099,,8.486747741699219,,,,,,,,
,58149,,,358.19005966186523,,,,,,,
,58149,,0.4000663757324219,,,,,,,,
,58199,,,344.9716567993164,,,,,,,
,58199,,8.437871932983398,,,,,,,,
,58249,,,343.3384895324707,,,,,,,
,58249,,0.3566741943359375,,,,,,,,
,58299,,,351.0308265686035,,,,,,,
,58299,,8.499383926391602,,,,,,,,
,58349,,,343.0912494659424,,,,,,,
,58349,,0.3921985626220703,,,,,,,,
,58399,,,345.0353145599365,,,,,,,
,58399,,8.891582489013672,,,,,,,,
,58449,,,352.59175300598145,,,,,,,
,58449,,0.3859996795654297,,,,,,,,
,58499,,,343.14608573913574,,,,,,,
,58499,,8.497238159179688,,,,,,,,
,58549,,,345.4296588897705,,,,,,,
,58549,,0.3921985626220703,,,,,,,,
,58599,,,343.1274890899658,,,,,,,
,58599,,8.441925048828125,,,,,,,,
,58649,,,346.7998504638672,,,,,,,
,58649,,0.3695487976074219,,,,,,,,
,58699,,,349.4696617126465,,,,,,,
,58699,,8.963823318481445,,,,,,,,
,58749,,,352.6923656463623,,,,,,,
,58749,,0.37169456481933594,,,,,,,,
,58799,,,342.8623676300049,,,,,,,
,58799,,8.8348388671875,,,,,,,,
,58849,,,352.5247573852539,,,,,,,
,58849,,0.37789344787597656,,,,,,,,
,58899,,,349.0712642669678,,,,,,,
,58899,,8.472204208374023,,,,,,,,
,58949,,,343.705415725708,,,,,,,
,58949,,0.39458274841308594,,,,,,,,
,58999,,,346.53449058532715,,,,,,,
,58999,,8.448362350463867,,,,,,,,
,59049,,,343.42288970947266,,,,,,,
,59049,,0.35309791564941406,,,,,,,,
,59099,,,345.18885612487793,,,,,,,
,59099,,8.40306282043457,,,,,,,,
,59149,,,347.04113006591797,,,,,,,
,59149,,0.38051605224609375,,,,,,,,
,59199,,,343.4109687805176,,,,,,,
,59199,,9.033441543579102,,,,,,,,
,59249,,,356.4729690551758,,,,,,,
,59249,,0.3943443298339844,,,,,,,,
,59299,,,343.67871284484863,,,,,,,
,59299,,9.092092514038086,,,,,,,,
,59349,,,345.88003158569336,,,,,,,
,59349,,0.38909912109375,,,,,,,,
,59399,,,345.3998565673828,,,,,,,
,59399,,8.64720344543457,,,,,,,,
,59449,,,351.9725799560547,,,,,,,
,59449,,0.36525726318359375,,,,,,,,
,59499,,,342.6828384399414,,,,,,,
,59499,,8.899450302124023,,,,,,,,
,59549,,,345.745325088501,,,,,,,
,59549,,0.3707408905029297,,,,,,,,
,59599,,,351.00579261779785,,,,,,,
,59599,,8.58449935913086,,,,,,,,
,59649,,,342.6198959350586,,,,,,,
,59649,,0.3685951232910156,,,,,,,,
,59699,,,347.3949432373047,,,,,,,
,59699,,9.032726287841797,,,,,,,,
,59749,,,354.6135425567627,,,,,,,
,59749,,0.3764629364013672,,,,,,,,
,59799,,,349.3499755859375,,,,,,,
,59799,,8.680582046508789,,,,,,,,
,59849,,,346.1885452270508,,,,,,,
,59849,,0.3578662872314453,,,,,,,,
,59899,,,356.86564445495605,,,,,,,
,59899,,8.83340835571289,,,,,,,,
,59949,,,342.40269660949707,,,,,,,
,59949,,0.37789344787597656,,,,,,,,
,59999,,,342.9427146911621,,,,,,,
,59999,,8.40616226196289,,,,,,,,
11,59999,,,,,,,,3.3361589908599854,1714.27001953125,-1714.27001953125
,60000,1760.493733406067,,,,,,,,,
11,59999,,,,0.6931408643722534,8026.08154296875,1.165387511253357,-1717.3221435546875,,,
,60049,,,346.9841480255127,,,,,,,
,60049,,0.3650188446044922,,,,,,,,
,60099,,,355.04937171936035,,,,,,,
,60099,,8.59832763671875,,,,,,,,
,60149,,,343.26863288879395,,,,,,,
,60149,,0.36406517028808594,,,,,,,,
,60199,,,345.64995765686035,,,,,,,
,60199,,8.577346801757812,,,,,,,,
,60249,,,345.49808502197266,,,,,,,
,60249,,0.38814544677734375,,,,,,,,
,60299,,,346.1751937866211,,,,,,,
,60299,,9.013891220092773,,,,,,,,
,60349,,,342.75078773498535,,,,,,,
,60349,,0.3631114959716797,,,,,,,,
,60399,,,353.6391258239746,,,,,,,
,60399,,9.063005447387695,,,,,,,,
,60449,,,344.7721004486084,,,,,,,
,60449,,0.3654956817626953,,,,,,,,
,60499,,,345.61824798583984,,,,,,,
,60499,,8.291482925415039,,,,,,,,
,60549,,,354.4039726257324,,,,,,,
,60549,,0.3693103790283203,,,,,,,,
,60599,,,345.5476760864258,,,,,,,
,60599,,8.926868438720703,,,,,,,,
,60649,,,353.24573516845703,,,,,,,
,60649,,0.396728515625,,,,,,,,
,60699,,,350.51918029785156,,,,,,,
,60699,,8.629083633422852,,,,,,,,
,60749,,,342.41509437561035,,,,,,,
,60749,,0.36072731018066406,,,,,,,,
,60799,,,343.46795082092285,,,,,,,
,60799,,9.000539779663086,,,,,,,,
,60849,,,357.1929931640625,,,,,,,
,60849,,0.3807544708251953,,,,,,,,
,60899,,,345.23606300354004,,,,,,,
,60899,,8.482933044433594,,,,,,,,
,60949,,,343.1727886199951,,,,,,,
,60949,,0.4055500030517578,,,,,,,,
,60999,,,352.1463871002197,,,,,,,
,60999,,8.85009765625,,,,,,,,
,61049,,,353.9457321166992,,,,,,,
,61049,,0.38743019104003906,,,,,,,,
,61099,,,346.266508102417,,,,,,,
,61099,,8.962869644165039,,,,,,,,
,61149,,,350.999116897583,,,,,,,
,61149,,0.3952980041503906,,,,,,,,
,61199,,,344.6924686431885,,,,,,,
,61199,,9.04536247253418,,,,,,,,
,61249,,,349.84374046325684,,,,,,,
,61249,,0.38909912109375,,,,,,,,
,61299,,,343.45197677612305,,,,,,,
,61299,,8.634090423583984,,,,,,,,
,61349,,,349.20382499694824,,,,,,,
,61349,,0.38909912109375,,,,,,,,
,61399,,,343.660831451416,,,,,,,
,61399,,8.991003036499023,,,,,,,,
,61449,,,344.815731048584,,,,,,,
,61449,,0.3669261932373047,,,,,,,,
,61499,,,343.28317642211914,,,,,,,
,61499,,8.412837982177734,,,,,,,,
,61549,,,345.2622890472412,,,,,,,
,61549,,0.3807544708251953,,,,,,,,
,61599,,,347.3620414733887,,,,,,,
,61599,,9.05609130859375,,,,,,,,
,61649,,,342.18502044677734,,,,,,,
,61649,,0.3764629364013672,,,,,,,,
,61699,,,345.9286689758301,,,,,,,
,61699,,8.53872299194336,,,,,,,,
,61749,,,352.04243659973145,,,,,,,
,61749,,0.3612041473388672,,,,,,,,
,61799,,,345.57342529296875,,,,,,,
,61799,,8.438825607299805,,,,,,,,
,61849,,,342.65947341918945,,,,,,,
,61849,,0.3573894500732422,,,,,,,,
,61899,,,344.4652557373047,,,,,,,
,61899,,10.216474533081055,,,,,,,,
,61949,,,345.5173969268799,,,,,,,
,61949,,0.40078163146972656,,,,,,,,
,61999,,,355.85784912109375,,,,,,,
,61999,,9.384870529174805,,,,,,,,
,62049,,,343.3260917663574,,,,,,,
,62049,,0.3688335418701172,,,,,,,,
,62099,,,342.4220085144043,,,,,,,
,62099,,8.500099182128906,,,,,,,,
,62149,,,342.1308994293213,,,,,,,
,62149,,0.39958953857421875,,,,,,,,
,62199,,,346.6949462890625,,,,,,,
,62199,,8.645772933959961,,,,,,,,
,62249,,,345.3638553619385,,,,,,,
,62249,,0.3540515899658203,,,,,,,,
,62299,,,345.517635345459,,,,,,,
,62299,,8.59379768371582,,,,,,,,
,62349,,,342.5428867340088,,,,,,,
,62349,,0.3857612609863281,,,,,,,,
,62399,,,342.2224521636963,,,,,,,
,62399,,8.977651596069336,,,,,,,,
,62449,,,345.63136100769043,,,,,,,
,62449,,0.3628730773925781,,,,,,,,
,62499,,,345.37577629089355,,,,,,,
,62499,,8.620500564575195,,,,,,,,
,62549,,,344.2966938018799,,,,,,,
,62549,,0.3955364227294922,,,,,,,,
,62599,,,359.3413829803467,,,,,,,
,62599,,8.616209030151367,,,,,,,,
,62649,,,355.4985523223877,,,,,,,
,62649,,0.354766845703125,,,,,,,,
,62699,,,344.6154594421387,,,,,,,
,62699,,8.430004119873047,,,,,,,,
,62749,,,363.6209964752197,,,,,,,
,62749,,0.40912628173828125,,,,,,,,
,62799,,,341.480016708374,,,,,,,
,62799,,9.002923965454102,,,,,,,,
,62849,,,345.81732749938965,,,,,,,
,62849,,0.37550926208496094,,,,,,,,
,62899,,,346.04692459106445,,,,,,,
,62899,,8.605480194091797,,,,,,,,
,62949,,,346.1742401123047,,,,,,,
,62949,,0.4048347473144531,,,,,,,,
,62999,,,349.8270511627197,,,,,,,
,62999,,9.184598922729492,,,,,,,,
,63049,,,346.73261642456055,,,,,,,
,63049,,0.41413307189941406,,,,,,,,
,63099,,,341.2749767303467,,,,,,,
,63099,,8.41832160949707,,,,,,,,
,63149,,,345.2720642089844,,,,,,,
,63149,,0.408172607421875,,,,,,,,
,63199,,,341.7670726776123,,,,,,,
,63199,,8.99195671081543,,,,,,,,
,63249,,,350.5828380584717,,,,,,,
,63249,,0.3688335418701172,,,,,,,,
,63299,,,346.6761112213135,,,,,,,
,63299,,8.727073669433594,,,,,,,,
,63349,,,360.2335453033447,,,,,,,
,63349,,0.4134178161621094,,,,,,,,
,63399,,,342.00549125671387,,,,,,,
,63399,,8.938074111938477,,,,,,,,
,63449,,,341.35890007019043,,,,,,,
,63449,,0.3707408905029297,,,,,,,,
,63499,,,340.817928314209,,,,,,,
,63499,,8.634805679321289,,,,,,,,
,63549,,,362.9434108734131,,,,,,,
,63549,,0.4112720489501953,,,,,,,,
,63599,,,341.10403060913086,,,,,,,
,63599,,8.834600448608398,,,,,,,,
,63649,,,342.55194664001465,,,,,,,
,63649,,0.4169940948486328,,,,,,,,
,63699,,,341.16053581237793,,,,,,,
,63699,,17.301559448242188,,,,,,,,
,63749,,,343.89686584472656,,,,,,,
,63749,,0.3719329833984375,,,,,,,,
,63799,,,340.73805809020996,,,,,,,
,63799,,8.44717025756836,,,,,,,,
,63849,,,353.12414169311523,,,,,,,
,63849,,0.3933906555175781,,,,,,,,
,63899,,,342.45896339416504,,,,,,,
,63899,,8.894681930541992,,,,,,,,
,63949,,,354.5041084289551,,,,,,,
,63949,,0.3871917724609375,,,,,,,,
,63999,,,355.96346855163574,,,,,,,
,63999,,8.55398178100586,,,,,,,,
,64049,,,343.53160858154297,,,,,,,
,64049,,0.3733634948730469,,,,,,,,
,64099,,,341.4733409881592,,,,,,,
,64099,,9.16147232055664,,,,,,,,
,64149,,,342.4844741821289,,,,,,,
,64149,,0.37097930908203125,,,,,,,,
,64199,,,341.3350582122803,,,,,,,
,64199,,8.403301239013672,,,,,,,,
,64249,,,344.10619735717773,,,,,,,
,64249,,0.36787986755371094,,,,,,,,
,64299,,,354.05707359313965,,,,,,,
,64299,,9.512901306152344,,,,,,,,
,64349,,,340.5570983886719,,,,,,,
,64349,,0.3647804260253906,,,,,,,,
,64399,,,342.1669006347656,,,,,,,
,64399,,8.478164672851562,,,,,,,,
,64449,,,345.5231189727783,,,,,,,
,64449,,0.6809234619140625,,,,,,,,
,64499,,,343.6586856842041,,,,,,,
,64499,,9.063959121704102,,,,,,,,
,64549,,,342.37170219421387,,,,,,,
,64549,,0.36597251892089844,,,,,,,,
,64599,,,353.2710075378418,,,,,,,
,64599,,15.176057815551758,,,,,,,,
,64649,,,341.2055969238281,,,,,,,
,64649,,0.3516674041748047,,,,,,,,
,64699,,,345.34287452697754,,,,,,,
,64699,,19.549846649169922,,,,,,,,
,64749,,,343.06836128234863,,,,,,,
,64749,,0.4100799560546875,,,,,,,,
,64799,,,342.4050807952881,,,,,,,
,64799,,8.538961410522461,,,,,,,,
,64849,,,341.87936782836914,,,,,,,
,64849,,0.37789344787597656,,,,,,,,
,64899,,,340.3291702270508,,,,,,,
,64899,,8.970260620117188,,,,,,,,
,64949,,,348.0679988861084,,,,,,,
,64949,,0.38504600524902344,,,,,,,,
,64999,,,342.95654296875,,,,,,,
,64999,,252.85863876342773,,,,,,,,
12,64999,,,,,,,,3.4227373600006104,1715.77001953125,-1715.77001953125
,65000,1759.2401523590088,,,,,,,,,
12,64999,,,,0.6938050389289856,8022.86962890625,1.1656086444854736,-1717.0955810546875,,,
,65049,,,340.9273624420166,,,,,,,
,65049,,0.3581047058105469,,,,,,,,
,65099,,,350.01182556152344,,,,,,,
,65099,,8.826971054077148,,,,,,,,
,65149,,,341.19319915771484,,,,,,,
,65149,,0.3612041473388672,,,,,,,,
,65199,,,341.7391777038574,,,,,,,
,65199,,8.861780166625977,,,,,,,,
,65249,,,341.702938079834,,,,,,,
,65249,,0.36334991455078125,,,,,,,,
,65299,,,342.8385257720947,,,,,,,
,65299,,8.75401496887207,,,,,,,,
,65349,,,343.5969352722168,,,,,,,
,65349,,0.3674030303955078,,,,,,,,
,65399,,,341.4127826690674,,,,,,,
,65399,,8.836746215820312,,,,,,,,
,65449,,,340.3956890106201,,,,,,,
,65449,,0.38743019104003906,,,,,,,,
,65499,,,343.16325187683105,,,,,,,
,65499,,8.572578430175781,,,,,,,,
,65549,,,355.2248477935791,,,,,,,
,65549,,0.3733634948730469,,,,,,,,
,65599,,,343.2433605194092,,,,,,,
,65599,,8.912801742553711,,,,,,,,
,65649,,,346.2860584259033,,,,,,,
,65649,,0.37288665771484375,,,,,,,,
,65699,,,340.0909900665283,,,,,,,
,65699,,8.459091186523438,,,,,,,,
,65749,,,344.1646099090576,,,,,,,
,65749,,0.3631114959716797,,,,,,,,
,65799,,,342.5273895263672,,,,,,,
,65799,,17.426490783691406,,,,,,,,
,65849,,,346.3437557220459,,,,,,,
,65849,,0.38051605224609375,,,,,,,,
,65899,,,342.9126739501953,,,,,,,
,65899,,8.426904678344727,,,,,,,,
,65949,,,344.1967964172363,,,,,,,
,65949,,0.3705024719238281,,,,,,,,
,65999,,,347.3227024078369,,,,,,,
,65999,,9.11855697631836,,,,,,,,
,66049,,,342.606782913208,,,,,,,
,66049,,0.37217140197753906,,,,,,,,
,66099,,,351.8197536468506,,,,,,,
,66099,,8.304357528686523,,,,,,,,
,66149,,,345.8726406097412,,,,,,,
,66149,,0.3616809844970703,,,,,,,,
,66199,,,347.2747802734375,,,,,,,
,66199,,9.026527404785156,,,,,,,,
,66249,,,354.4144630432129,,,,,,,
,66249,,0.3552436828613281,,,,,,,,
,66299,,,343.83511543273926,,,,,,,
,66299,,8.393287658691406,,,,,,,,
,66349,,,347.98145294189453,,,,,,,
,66349,,0.392913818359375,,,,,,,,
,66399,,,354.9177646636963,,,,,,,
,66399,,9.258031845092773,,,,,,,,
,66449,,,343.62149238586426,,,,,,,
,66449,,0.3650188446044922,,,,,,,,
,66499,,,343.40572357177734,,,,,,,
,66499,,8.50057601928711,,,,,,,,
,66549,,,342.1056270599365,,,,,,,
,66549,,0.3936290740966797,,,,,,,,
,66599,,,343.66893768310547,,,,,,,
,66599,,8.730173110961914,,,,,,,,
,66649,,,353.8553714752197,,,,,,,
,66649,,0.35572052001953125,,,,,,,,
,66699,,,345.34692764282227,,,,,,,
,66699,,8.431434631347656,,,,,,,,
,66749,,,343.6541557312012,,,,,,,
,66749,,0.3902912139892578,,,,,,,,
,66799,,,343.8236713409424,,,,,,,
,66799,,8.997201919555664,,,,,,,,
,66849,,,357.3286533355713,,,,,,,
,66849,,0.3883838653564453,,,,,,,,
,66899,,,356.8134307861328,,,,,,,
,66899,,8.826971054077148,,,,,,,,
,66949,,,353.31225395202637,,,,,,,
,66949,,1.386404037475586,,,,,,,,
,66999,,,342.3135280609131,,,,,,,
,66999,,8.460044860839844,,,,,,,,
,67049,,,345.74294090270996,,,,,,,
,67049,,0.3554821014404297,,,,,,,,
,67099,,,343.5087203979492,,,,,,,
,67099,,8.40449333190918,,,,,,,,
,67149,,,343.6093330383301,,,,,,,
,67149,,0.4086494445800781,,,,,,,,
,67199,,,344.8941707611084,,,,,,,
,67199,,9.006023406982422,,,,,,,,
,67249,,,345.8070755004883,,,,,,,
,67249,,0.3638267517089844,,,,,,,,
,67299,,,342.8969383239746,,,,,,,
,67299,,8.45956802368164,,,,,,,,
,67349,,,346.1589813232422,,,,,,,
,67349,,0.4177093505859375,,,,,,,,
,67399,,,343.4431552886963,,,,,,,
,67399,,9.05299186706543,,,,,,,,
,67449,,,343.80030632019043,,,,,,,
,67449,,0.3581047058105469,,,,,,,,
,67499,,,346.38500213623047,,,,,,,
,67499,,8.206605911254883,,,,,,,,
,67549,,,345.4923629760742,,,,,,,
,67549,,0.4127025604248047,,,,,,,,
,67599,,,342.72313117980957,,,,,,,
,67599,,9.01484489440918,,,,,,,,
,67649,,,343.08791160583496,,,,,,,
,67649,,0.3752708435058594,,,,,,,,
,67699,,,344.42830085754395,,,,,,,
,67699,,8.50820541381836,,,,,,,,
,67749,,,345.17908096313477,,,,,,,
,67749,,0.39958953857421875,,,,,,,,
,67799,,,341.95661544799805,,,,,,,
,67799,,9.155988693237305,,,,,,,,
,67849,,,343.86634826660156,,,,,,,
,67849,,0.36025047302246094,,,,,,,,
,67899,,,343.11819076538086,,,,,,,
,67899,,8.729219436645508,,,,,,,,
,67949,,,354.1865348815918,,,,,,,
,67949,,0.415802001953125,,,,,,,,
,67999,,,341.65453910827637,,,,,,,
,67999,,8.970260620117188,,,,,,,,
,68049,,,342.8964614868164,,,,,,,
,68049,,0.37789344787597656,,,,,,,,
,68099,,,343.94025802612305,,,,,,,
,68099,,8.455991744995117,,,,,,,,
,68149,,,342.94986724853516,,,,,,,
,68149,,0.3936290740966797,,,,,,,,
,68199,,,341.05420112609863,,,,,,,
,68199,,8.995532989501953,,,,,,,,
,68249,,,342.06414222717285,,,,,,,
,68249,,0.35071372985839844,,,,,,,,
,68299,,,356.25481605529785,,,,,,,
,68299,,8.373498916625977,,,,,,,,
,68349,,,340.72279930114746,,,,,,,
,68349,,0.3952980041503906,,,,,,,,
,68399,,,343.4150218963623,,,,,,,
,68399,,9.106874465942383,,,,,,,,
,68449,,,340.2981758117676,,,,,,,
,68449,,0.36144256591796875,,,,,,,,
,68499,,,345.1037406921387,,,,,,,
,68499,,9.022235870361328,,,,,,,,
,68549,,,361.6776466369629,,,,,,,
,68549,,0.40793418884277344,,,,,,,,
,68599,,,342.85497665405273,,,,,,,
,68599,,9.004592895507812,,,,,,,,
,68649,,,343.7204360961914,,,,,,,
,68649,,0.3542900085449219,,,,,,,,
,68699,,,341.60900115966797,,,,,,,
,68699,,8.502960205078125,,,,,,,,
,68749,,,344.1617488861084,,,,,,,
,68749,,0.38552284240722656,,,,,,,,
,68799,,,340.20352363586426,,,,,,,
,68799,,8.999824523925781,,,,,,,,
,68849,,,341.20893478393555,,,,,,,
,68849,,0.3647804260253906,,,,,,,,
,68899,,,349.64561462402344,,,,,,,
,68899,,8.548259735107422,,,,,,,,
,68949,,,342.2057628631592,,,,,,,
,68949,,0.4055500030517578,,,,,,,,
,68999,,,340.8324718475342,,,,,,,
,68999,,8.985519409179688,,,,,,,,
,69049,,,349.3030071258545,,,,,,,
,69049,,0.3609657287597656,,,,,,,,
,69099,,,341.1743640899658,,,,,,,
,69099,,8.50224494934082,,,,,,,,
,69149,,,344.1476821899414,,,,,,,
,69149,,0.3821849822998047,,,,,,,,
,69199,,,343.3103561401367,,,,,,,
,69199,,8.934497833251953,,,,,,,,
,69249,,,344.3489074707031,,,,,,,
,69249,,0.36406517028808594,,,,,,,,
,69299,,,343.2953357696533,,,,,,,
,69299,,8.708477020263672,,,,,,,,
,69349,,,341.75586700439453,,,,,,,
,69349,,0.38743019104003906,,,,,,,,
,69399,,,341.39561653137207,,,,,,,
,69399,,9.176492691040039,,,,,,,,
,69449,,,341.310977935791,,,,,,,
,69449,,0.35381317138671875,,,,,,,,
,69499,,,341.4793014526367,,,,,,,
,69499,,8.436441421508789,,,,,,,,
,69549,,,343.949556350708,,,,,,,
,69549,,0.4029273986816406,,,,,,,,
,69599,,,347.2273349761963,,,,,,,
,69599,,9.143352508544922,,,,,,,,
,69649,,,342.6229953765869,,,,,,,
,69649,,0.37169456481933594,,,,,,,,
,69699,,,343.25528144836426,,,,,,,
,69699,,12.13383674621582,,,,,,,,
,69749,,,358.72459411621094,,,,,,,
,69749,,0.4105567932128906,,,,,,,,
,69799,,,348.44493865966797,,,,,,,
,69799,,9.215593338012695,,,,,,,,
,69849,,,411.6384983062744,,,,,,,
,69849,,0.40793418884277344,,,,,,,,
,69899,,,410.4962348937988,,,,,,,
,69899,,8.702754974365234,,,,,,,,
,69949,,,417.6342487335205,,,,,,,
,69949,,0.4279613494873047,,,,,,,,
,69999,,,412.4767780303955,,,,,,,
,69999,,8.885622024536133,,,,,,,,
13,69999,,,,,,,,3.2420666217803955,1712.6400146484375,-1712.6400146484375
,70000,1774.211830854416,,,,,,,,,
13,69999,,,,0.6939441561698914,8020.8154296875,1.1645950078964233,-1716.6988525390625,,,
,70049,,,429.4092655181885,,,,,,,
,70049,,0.4394054412841797,,,,,,,,
,70099,,,412.35804557800293,,,,,,,
,70099,,8.499622344970703,,,,,,,,
,70149,,,413.4068489074707,,,,,,,
,70149,,0.47516822814941406,,,,,,,,
,70199,,,428.1165599822998,,,,,,,
,70199,,9.512662887573242,,,,,,,,
,70249,,,412.1394157409668,,,,,,,
,70249,,0.4303455352783203,,,,,,,,
,70299,,,419.1315174102783,,,,,,,
,70299,,9.062767028808594,,,,,,,,
,70349,,,342.4711227416992,,,,,,,
,70349,,0.3719329833984375,,,,,,,,
,70399,,,342.7751064300537,,,,,,,
,70399,,8.554458618164062,,,,,,,,
,70449,,,348.6523628234863,,,,,,,
,70449,,0.37169456481933594,,,,,,,,
,70499,,,344.2366123199463,,,,,,,
,70499,,9.026765823364258,,,,,,,,
,70549,,,343.2493209838867,,,,,,,
,70549,,0.3719329833984375,,,,,,,,
,70599,,,343.5244560241699,,,,,,,
,70599,,8.529901504516602,,,,,,,,
,70649,,,341.9959545135498,,,,,,,
,70649,,0.3662109375,,,,,,,,
,70699,,,342.6074981689453,,,,,,,
,70699,,8.972406387329102,,,,,,,,
,70749,,,355.55028915405273,,,,,,,
,70749,,0.3762245178222656,,,,,,,,
,70799,,,344.2361354827881,,,,,,,
,70799,,8.412599563598633,,,,,,,,
,70849,,,346.42863273620605,,,,,,,
,70849,,0.40650367736816406,,,,,,,,
,70899,,,354.2294502258301,,,,,,,
,70899,,9.034395217895508,,,,,,,,
,70949,,,342.81206130981445,,,,,,,
,70949,,0.3719329833984375,,,,,,,,
,70999,,,343.7645435333252,,,,,,,
,70999,,8.539676666259766,,,,,,,,
,71049,,,342.61631965637207,,,,,,,
,71049,,0.3910064697265625,,,,,,,,
,71099,,,345.72291374206543,,,,,,,
,71099,,8.258819580078125,,,,,,,,
,71149,,,348.799467086792,,,,,,,
,71149,,0.35858154296875,,,,,,,,
,71199,,,354.24017906188965,,,,,,,
,71199,,8.20016860961914,,,,,,,,
,71249,,,345.30162811279297,,,,,,,
,71249,,0.38909912109375,,,,,,,,
,71299,,,358.3369255065918,,,,,,,
,71299,,9.425640106201172,,,,,,,,
,71349,,,345.6449508666992,,,,,,,
,71349,,0.3619194030761719,,,,,,,,
,71399,,,344.03324127197266,,,,,,,
,71399,,8.45646858215332,,,,,,,,
,71449,,,344.76232528686523,,,,,,,
,71449,,0.3955364227294922,,,,,,,,
,71499,,,342.7600860595703,,,,,,,
,71499,,8.749246597290039,,,,,,,,
,71549,,,344.6221351623535,,,,,,,
,71549,,0.3592967987060547,,,,,,,,
,71599,,,343.89758110046387,,,,,,,
,71599,,8.448362350463867,,,,,,,,
,71649,,,343.53017807006836,,,,,,,
,71649,,0.3943443298339844,,,,,,,,
,71699,,,343.0135250091553,,,,,,,
,71699,,9.039878845214844,,,,,,,,
,71749,,,342.33951568603516,,,,,,,
,71749,,0.3581047058105469,,,,,,,,
,71799,,,341.52722358703613,,,,,,,
,71799,,8.826017379760742,,,,,,,,
,71849,,,338.7916088104248,,,,,,,
,71849,,0.3864765167236328,,,,,,,,
,71899,,,340.65914154052734,,,,,,,
,71899,,9.179115295410156,,,,,,,,
,71949,,,342.73505210876465,,,,,,,
,71949,,0.3464221954345703,,,,,,,,
,71999,,,340.7294750213623,,,,,,,
,71999,,8.413314819335938,,,,,,,,
,72049,,,342.606782913208,,,,,,,
,72049,,0.392913818359375,,,,,,,,
,72099,,,341.71319007873535,,,,,,,
,72099,,8.99052619934082,,,,,,,,
,72149,,,353.532075881958,,,,,,,
,72149,,0.3781318664550781,,,,,,,,
,72199,,,339.12062644958496,,,,,,,
,72199,,8.45026969909668,,,,,,,,
,72249,,,352.22911834716797,,,,,,,
,72249,,0.3936290740966797,,,,,,,,
,72299,,,340.96813201904297,,,,,,,
,72299,,8.35728645324707,,,,,,,,
,72349,,,339.9524688720703,,,,,,,
,72349,,0.3464221954345703,,,,,,,,
,72399,,,342.47374534606934,,,,,,,
,72399,,8.36801528930664,,,,,,,,
,72449,,,339.9772644042969,,,,,,,
,72449,,0.3952980041503906,,,,,,,,
,72499,,,342.9069519042969,,,,,,,
,72499,,9.118795394897461,,,,,,,,
,72549,,,339.9941921234131,,,,,,,
,72549,,0.3566741943359375,,,,,,,,
,72599,,,343.7929153442383,,,,,,,
,72599,,13.671398162841797,,,,,,,,
,72649,,,340.49272537231445,,,,,,,
,72649,,0.38623809814453125,,,,,,,,
,72699,,,354.28857803344727,,,,,,,
,72699,,8.786678314208984,,,,,,,,
,72749,,,340.0073051452637,,,,,,,
,72749,,0.3533363342285156,,,,,,,,
,72799,,,340.60120582580566,,,,,,,
,72799,,8.41665267944336,,,,,,,,
,72849,,,340.03186225891113,,,,,,,
,72849,,0.3921985626220703,,,,,,,,
,72899,,,349.99847412109375,,,,,,,
,72899,,9.016275405883789,,,,,,,,
,72949,,,342.70644187927246,,,,,,,
,72949,,0.3731250762939453,,,,,,,,
,72999,,,340.76690673828125,,,,,,,
,72999,,8.402824401855469,,,,,,,,
,73049,,,343.05834770202637,,,,,,,
,73049,,0.3974437713623047,,,,,,,,
,73099,,,343.1684970855713,,,,,,,
,73099,,9.039878845214844,,,,,,,,
,73149,,,343.16015243530273,,,,,,,
,73149,,0.3554821014404297,,,,,,,,
,73199,,,344.6066379547119,,,,,,,
,73199,,8.834600448608398,,,,,,,,
,73249,,,343.0218696594238,,,,,,,
,73249,,0.39196014404296875,,,,,,,,
,73299,,,342.55218505859375,,,,,,,
,73299,,8.678197860717773,,,,,,,,
,73349,,,343.4338569641113,,,,,,,
,73349,,0.3604888916015625,,,,,,,,
,73399,,,386.26742362976074,,,,,,,
,73399,,8.471965789794922,,,,,,,,
,73449,,,343.20998191833496,,,,,,,
,73449,,0.3905296325683594,,,,,,,,
,73499,,,341.39370918273926,,,,,,,
,73499,,8.988380432128906,,,,,,,,
,73549,,,342.3280715942383,,,,,,,
,73549,,0.3490447998046875,,,,,,,,
,73599,,,352.9689311981201,,,,,,,
,73599,,8.720874786376953,,,,,,,,
,73649,,,355.04150390625,,,,,,,
,73649,,0.39696693420410156,,,,,,,,
,73699,,,359.38191413879395,,,,,,,
,73699,,9.216785430908203,,,,,,,,
,73749,,,340.63005447387695,,,,,,,
,73749,,0.36406517028808594,,,,,,,,
,73799,,,341.6924476623535,,,,,,,
,73799,,8.487701416015625,,,,,,,,
,73849,,,343.85156631469727,,,,,,,
,73849,,0.3910064697265625,,,,,,,,
,73899,,,356.58860206604004,,,,,,,
,73899,,10.539531707763672,,,,,,,,
,73949,,,339.79058265686035,,,,,,,
,73949,,0.35262107849121094,,,,,,,,
,73999,,,346.16804122924805,,,,,,,
,73999,,8.67772102355957,,,,,,,,
,74049,,,339.907169342041,,,,,,,
,74049,,0.3705024719238281,,,,,,,,
,74099,,,341.2935733795166,,,,,,,
,74099,,8.803844451904297,,,,,,,,
,74149,,,339.6782875061035,,,,,,,
,74149,,0.3647804260253906,,,,,,,,
,74199,,,354.11953926086426,,,,,,,
,74199,,9.288787841796875,,,,,,,,
,74249,,,342.85473823547363,,,,,,,
,74249,,0.37932395935058594,,,,,,,,
,74299,,,352.30445861816406,,,,,,,
,74299,,8.612632751464844,,,,,,,,
,74349,,,340.24572372436523,,,,,,,
,74349,,0.3578662872314453,,,,,,,,
,74399,,,339.94364738464355,,,,,,,
,74399,,8.68535041809082,,,,,,,,
,74449,,,353.1224727630615,,,,,,,
,74449,,0.4069805145263672,,,,,,,,
,74499,,,339.0481472015381,,,,,,,
,74499,,8.82577896118164,,,,,,,,
,74549,,,340.1775360107422,,,,,,,
,74549,,0.36644935607910156,,,,,,,,
,74599,,,339.893102645874,,,,,,,
,74599,,8.896589279174805,,,,,,,,
,74649,,,340.52515029907227,,,,,,,
,74649,,0.3743171691894531,,,,,,,,
,74699,,,353.09505462646484,,,,,,,
,74699,,8.385419845581055,,,,,,,,
,74749,,,345.37577629089355,,,,,,,
,74749,,0.3631114959716797,,,,,,,,
,74799,,,340.4991626739502,,,,,,,
,74799,,8.884191513061523,,,,,,,,
,74849,,,342.96512603759766,,,,,,,
,74849,,0.3674030303955078,,,,,,,,
,74899,,,343.9362049102783,,,,,,,
,74899,,8.566141128540039,,,,,,,,
,74949,,,342.56815910339355,,,,,,,
,74949,,0.3590583801269531,,,,,,,,
,74999,,,348.217248916626,,,,,,,
,74999,,8.8958740234375,,,,,,,,
14,74999,,,,,,,,3.2372231483459473,1712.6099853515625,-1712.6099853515625
,75000,1776.8394956588745,,,,,,,,,
14,74999,,,,0.6935141086578369,8028.64501953125,1.165461778640747,-1716.412353515625,,,
,75049,,,347.414493560791,,,,,,,
,75049,,0.36907196044921875,,,,,,,,
,75099,,,339.05625343322754,,,,,,,
,75099,,8.898019790649414,,,,,,,,
,75149,,,340.5263423919678,,,,,,,
,75149,,0.3743171691894531,,,,,,,,
,75199,,,339.4279479980469,,,,,,,
,75199,,8.47005844116211,,,,,,,,
,75249,,,343.048095703125,,,,,,,
,75249,,0.3528594970703125,,,,,,,,
,75299,,,343.3575630187988,,,,,,,
,75299,,8.858680725097656,,,,,,,,
,75349,,,340.13819694519043,,,,,,,
,75349,,0.36907196044921875,,,,,,,,
,75399,,,342.5421714782715,,,,,,,
,75399,,8.772850036621094,,,,,,,,
,75449,,,342.84377098083496,,,,,,,
,75449,,0.3635883331298828,,,,,,,,
,75499,,,347.69654273986816,,,,,,,
,75499,,8.912801742553711,,,,,,,,
,75549,,,342.86975860595703,,,,,,,
,75549,,0.3485679626464844,,,,,,,,
,75599,,,341.1076068878174,,,,,,,
,75599,,8.401632308959961,,,,,,,,
,75649,,,338.32335472106934,,,,,,,
,75649,,0.3542900085449219,,,,,,,,
,75699,,,347.0752239227295,,,,,,,
,75699,,8.85319709777832,,,,,,,,
,75749,,,350.0840663909912,,,,,,,
,75749,,0.38623809814453125,,,,,,,,
,75799,,,340.18659591674805,,,,,,,
,75799,,8.742570877075195,,,,,,,,
,75849,,,342.4115180969238,,,,,,,
,75849,,0.6887912750244141,,,,,,,,
,75899,,,345.08442878723145,,,,,,,
,75899,,9.020566940307617,,,,,,,,
,75949,,,338.86265754699707,,,,,,,
,75949,,0.35858154296875,,,,,,,,
,75999,,,343.03855895996094,,,,,,,
,75999,,8.841991424560547,,,,,,,,
,76049,,,339.87879753112793,,,,,,,
,76049,,0.36454200744628906,,,,,,,,
,76099,,,338.6514186859131,,,,,,,
,76099,,8.853673934936523,,,,,,,,
,76149,,,345.0195789337158,,,,,,,
,76149,,0.4100799560546875,,,,,,,,
,76199,,,349.2293357849121,,,,,,,
,76199,,8.588790893554688,,,,,,,,
,76249,,,343.2607650756836,,,,,,,
,76249,,0.36334991455078125,,,,,,,,
,76299,,,341.4459228515625,,,,,,,
,76299,,8.974790573120117,,,,,,,,
,76349,,,347.5184440612793,,,,,,,
,76349,,0.36716461181640625,,,,,,,,
,76399,,,339.2665386199951,,,,,,,
,76399,,8.52346420288086,,,,,,,,
,76449,,,344.6619510650635,,,,,,,
,76449,,0.36072731018066406,,,,,,,,
,76499,,,339.4181728363037,,,,,,,
,76499,,9.026527404785156,,,,,,,,
,76549,,,352.39291191101074,,,,,,,
,76549,,0.37360191345214844,,,,,,,,
,76599,,,341.5343761444092,,,,,,,
,76599,,8.41665267944336,,,,,,,,
,76649,,,349.196195602417,,,,,,,
,76649,,0.37789344787597656,,,,,,,,
,76699,,,342.79394149780273,,,,,,,
,76699,,8.980274200439453,,,,,,,,
,76749,,,352.6616096496582,,,,,,,
,76749,,0.37026405334472656,,,,,,,,
,76799,,,351.98187828063965,,,,,,,
,76799,,8.79049301147461,,,,,,,,
,76849,,,338.61351013183594,,,,,,,
,76849,,0.35262107849121094,,,,,,,,
,76899,,,339.91503715515137,,,,,,,
,76899,,8.972883224487305,,,,,,,,
,76949,,,341.77613258361816,,,,,,,
,76949,,0.35953521728515625,,,,,,,,
,76999,,,345.090389251709,,,,,,,
,76999,,8.44883918762207,,,,,,,,
,77049,,,342.12636947631836,,,,,,,
,77049,,0.37980079650878906,,,,,,,,
,77099,,,345.705509185791,,,,,,,
,77099,,9.073019027709961,,,,,,,,
,77149,,,347.93710708618164,,,,,,,
,77149,,0.3631114959716797,,,,,,,,
,77199,,,346.1575508117676,,,,,,,
,77199,,8.593320846557617,,,,,,,,
,77249,,,339.71142768859863,,,,,,,
,77249,,0.3533363342285156,,,,,,,,
,77299,,,342.14186668395996,,,,,,,
,77299,,9.312152862548828,,,,,,,,
,77349,,,341.7482376098633,,,,,,,
,77349,,0.3685951232910156,,,,,,,,
,77399,,,352.6132106781006,,,,,,,
,77399,,8.507490158081055,,,,,,,,
,77449,,,339.1759395599365,,,,,,,
,77449,,0.35834312438964844,,,,,,,,
,77499,,,340.70777893066406,,,,,,,
,77499,,9.004592895507812,,,,,,,,
,77549,,,347.9039669036865,,,,,,,
,77549,,0.40435791015625,,,,,,,,
,77599,,,339.1919136047363,,,,,,,
,77599,,8.395671844482422,,,,,,,,
,77649,,,341.57657623291016,,,,,,,
,77649,,0.3783702850341797,,,,,,,,
,77699,,,342.512845993042,,,,,,,
,77699,,9.024858474731445,,,,,,,,
,77749,,,340.0120735168457,,,,,,,
,77749,,0.36454200744628906,,,,,,,,
,77799,,,353.6648750305176,,,,,,,
,77799,,8.476495742797852,,,,,,,,
,77849,,,339.28751945495605,,,,,,,
,77849,,0.37169456481933594,,,,,,,,
,77899,,,338.9453887939453,,,,,,,
,77899,,9.300470352172852,,,,,,,,
,77949,,,341.39299392700195,,,,,,,
,77949,,0.3952980041503906,,,,,,,,
,77999,,,344.54846382141113,,,,,,,
,77999,,8.407115936279297,,,,,,,,
,78049,,,342.0226573944092,,,,,,,
,78049,,0.3619194030761719,,,,,,,,
,78099,,,341.5548801422119,,,,,,,
,78099,,8.727312088012695,,,,,,,,
,78149,,,341.1870002746582,,,,,,,
,78149,,0.3616809844970703,,,,,,,,
,78199,,,341.72964096069336,,,,,,,
,78199,,8.437395095825195,,,,,,,,
,78249,,,340.8465385437012,,,,,,,
,78249,,0.37097930908203125,,,,,,,,
,78299,,,350.4018783569336,,,,,,,
,78299,,9.176492691040039,,,,,,,,
,78349,,,345.5028533935547,,,,,,,
,78349,,0.3826618194580078,,,,,,,,
,78399,,,342.4060344696045,,,,,,,
,78399,,8.197784423828125,,,,,,,,
,78449,,,360.12959480285645,,,,,,,
,78449,,0.51116943359375,,,,,,,,
,78499,,,342.41366386413574,,,,,,,
,78499,,9.035110473632812,,,,,,,,
,78549,,,342.881441116333,,,,,,,
,78549,,0.36263465881347656,,,,,,,,
,78599,,,346.5142250061035,,,,,,,
,78599,,8.626461029052734,,,,,,,,
,78649,,,347.5966453552246,,,,,,,
,78649,,0.3840923309326172,,,,,,,,
,78699,,,359.4207763671875,,,,,,,
,78699,,9.163856506347656,,,,,,,,
,78749,,,351.65905952453613,,,,,,,
,78749,,0.4715919494628906,,,,,,,,
,78799,,,344.5165157318115,,,,,,,
,78799,,8.556604385375977,,,,,,,,
,78849,,,346.3761806488037,,,,,,,
,78849,,0.3952980041503906,,,,,,,,
,78899,,,342.4103260040283,,,,,,,
,78899,,9.081840515136719,,,,,,,,
,78949,,,346.18306159973145,,,,,,,
,78949,,0.3647804260253906,,,,,,,,
,78999,,,346.80914878845215,,,,,,,
,78999,,8.250236511230469,,,,,,,,
,79049,,,352.1292209625244,,,,,,,
,79049,,0.4417896270751953,,,,,,,,
,79099,,,346.2069034576416,,,,,,,
,79099,,9.053707122802734,,,,,,,,
,79149,,,342.34094619750977,,,,,,,
,79149,,0.36215782165527344,,,,,,,,
,79199,,,344.5324897766113,,,,,,,
,79199,,8.52513313293457,,,,,,,,
,79249,,,357.01870918273926,,,,,,,
,79249,,0.40435791015625,,,,,,,,
,79299,,,342.1056270599365,,,,,,,
,79299,,9.14144515991211,,,,,,,,
,79349,,,343.23692321777344,,,,,,,
,79349,,0.3669261932373047,,,,,,,,
,79399,,,360.027551651001,,,,,,,
,79399,,15.553712844848633,,,,,,,,
,79449,,,345.1814651489258,,,,,,,
,79449,,0.39458274841308594,,,,,,,,
,79499,,,346.5464115142822,,,,,,,
,79499,,9.142160415649414,,,,,,,,
,79549,,,342.517614364624,,,,,,,
,79549,,0.3795623779296875,,,,,,,,
,79599,,,353.8682460784912,,,,,,,
,79599,,8.862495422363281,,,,,,,,
,79649,,,348.29187393188477,,,,,,,
,79649,,0.4096031188964844,,,,,,,,
,79699,,,350.1121997833252,,,,,,,
,79699,,9.12332534790039,,,,,,,,
,79749,,,346.0729122161865,,,,,,,
,79749,,0.37550926208496094,,,,,,,,
,79799,,,342.76366233825684,,,,,,,
,79799,,8.552312850952148,,,,,,,,
,79849,,,357.5897216796875,,,,,,,
,79849,,0.44655799865722656,,,,,,,,
,79899,,,347.95665740966797,,,,,,,
,79899,,17.990589141845703,,,,,,,,
,79949,,,357.468843460083,,,,,,,
,79949,,0.37980079650878906,,,,,,,,
,79999,,,342.73672103881836,,,,,,,
,79999,,9.040355682373047,,,,,,,,
15,79999,,,,,,,,3.296835422515869,1713.489990234375,-1713.489990234375
,80000,1749.9713628292084,,,,,,,,,
15,79999,,,,0.6932247281074524,8021.86328125,1.1642274856567383,-1716.380615234375,,,
,80049,,,349.2565155029297,,,,,,,
,80049,,0.36406517028808594,,,,,,,,
,80099,,,355.90648651123047,,,,,,,
,80099,,9.120941162109375,,,,,,,,
,80149,,,348.7095832824707,,,,,,,
,80149,,0.4038810729980469,,,,,,,,
,80199,,,348.2928276062012,,,,,,,
,80199,,8.705377578735352,,,,,,,,
,80249,,,354.63523864746094,,,,,,,
,80249,,0.41103363037109375,,,,,,,,
,80299,,,346.6930389404297,,,,,,,
,80299,,9.193181991577148,,,,,,,,
,80349,,,351.40180587768555,,,,,,,
,80349,,0.39124488830566406,,,,,,,,
,80399,,,352.75983810424805,,,,,,,
,80399,,8.727312088012695,,,,,,,,
,80449,,,360.2142333984375,,,,,,,
,80449,,0.38361549377441406,,,,,,,,
,80499,,,348.24347496032715,,,,,,,
,80499,,9.304046630859375,,,,,,,,
,80549,,,349.1320610046387,,,,,,,
,80549,,0.38552284240722656,,,,,,,,
,80599,,,349.7617244720459,,,,,,,
,80599,,8.569717407226562,,,,,,,,
,80649,,,360.65673828125,,,,,,,
,80649,,0.3955364227294922,,,,,,,,
,80699,,,351.31072998046875,,,,,,,
,80699,,17.67754554748535,,,,,,,,
,80749,,,347.4726676940918,,,,,,,
,80749,,0.40221214294433594,,,,,,,,
,80799,,,348.6325740814209,,,,,,,
,80799,,8.599519729614258,,,,,,,,
,80849,,,358.05511474609375,,,,,,,
,80849,,0.3981590270996094,,,,,,,,
,80899,,,346.7116355895996,,,,,,,
,80899,,8.774280548095703,,,,,,,,
,80949,,,348.0398654937744,,,,,,,
,80949,,0.36835670471191406,,,,,,,,
,80999,,,349.10011291503906,,,,,,,
,80999,,8.492708206176758,,,,,,,,
,81049,,,346.7082977294922,,,,,,,
,81049,,0.3924369812011719,,,,,,,,
,81099,,,351.4373302459717,,,,,,,
,81099,,9.162664413452148,,,,,,,,
,81149,,,348.3877182006836,,,,,,,
,81149,,0.3790855407714844,,,,,,,,
,81199,,,348.26183319091797,,,,,,,
,81199,,8.633852005004883,,,,,,,,
,81249,,,347.1415042877197,,,,,,,
,81249,,0.4260540008544922,,,,,,,,
,81299,,,350.18038749694824,,,,,,,
,81299,,8.882761001586914,,,,,,,,
,81349,,,354.40945625305176,,,,,,,
,81349,,0.38504600524902344,,,,,,,,
,81399,,,350.1718044281006,,,,,,,
,81399,,8.929014205932617,,,,,,,,
,81449,,,348.48570823669434,,,,,,,
,81449,,0.3962516784667969,,,,,,,,
,81499,,,351.22132301330566,,,,,,,
,81499,,9.092092514038086,,,,,,,,
,81549,,,348.54841232299805,,,,,,,
,81549,,0.36978721618652344,,,,,,,,
,81599,,,352.12111473083496,,,,,,,
,81599,,8.50224494934082,,,,,,,,
,81649,,,349.46274757385254,,,,,,,
,81649,,0.37097930908203125,,,,,,,,
,81699,,,349.47967529296875,,,,,,,
,81699,,16.713857650756836,,,,,,,,
,81749,,,346.6184139251709,,,,,,,
,81749,,0.36025047302246094,,,,,,,,
,81799,,,348.3288288116455,,,,,,,
,81799,,8.536338806152344,,,,,,,,
,81849,,,358.2041263580322,,,,,,,
,81849,,0.4074573516845703,,,,,,,,
,81899,,,346.32110595703125,,,,,,,
,81899,,9.024381637573242,,,,,,,,
,81949,,,349.09868240356445,,,,,,,
,81949,,0.38886070251464844,,,,,,,,
,81999,,,345.67713737487793,,,,,,,
,81999,,8.429765701293945,,,,,,,,
,82049,,,345.89576721191406,,,,,,,
,82049,,0.3859996795654297,,,,,,,,
,82099,,,345.22271156311035,,,,,,,
,82099,,8.395910263061523,,,,,,,,
,82149,,,345.36242485046387,,,,,,,
,82149,,0.3497600555419922,,,,,,,,
,82199,,,345.48354148864746,,,,,,,
,82199,,8.488655090332031,,,,,,,,
,82249,,,345.65019607543945,,,,,,,
,82249,,0.3688335418701172,,,,,,,,
,82299,,,362.6747131347656,,,,,,,
,82299,,8.604288101196289,,,,,,,,
,82349,,,343.4731960296631,,,,,,,
,82349,,0.3657341003417969,,,,,,,,
,82399,,,345.9198474884033,,,,,,,
,82399,,14.397144317626953,,,,,,,,
,82449,,,342.62967109680176,,,,,,,
,82449,,0.3609657287597656,,,,,,,,
,82499,,,346.22907638549805,,,,,,,
,82499,,8.173227310180664,,,,,,,,
,82549,,,343.31369400024414,,,,,,,
,82549,,0.35309791564941406,,,,,,,,
,82599,,,342.87548065185547,,,,,,,
,82599,,8.821249008178711,,,,,,,,
,82649,,,343.37759017944336,,,,,,,
,82649,,0.36835670471191406,,,,,,,,
,82699,,,350.5055904388428,,,,,,,
,82699,,8.380889892578125,,,,,,,,
,82749,,,350.68702697753906,,,,,,,
,82749,,0.3592967987060547,,,,,,,,
,82799,,,344.2513942718506,,,,,,,
,82799,,8.796215057373047,,,,,,,,
,82849,,,343.5661792755127,,,,,,,
,82849,,0.35691261291503906,,,,,,,,
,82899,,,343.2490825653076,,,,,,,
,82899,,8.105039596557617,,,,,,,,
,82949,,,343.4145450592041,,,,,,,
,82949,,0.3516674041748047,,,,,,,,
,82999,,,343.68348121643066,,,,,,,
,82999,,8.553504943847656,,,,,,,,
,83049,,,345.61753273010254,,,,,,,
,83049,,0.3695487976074219,,,,,,,,
,83099,,,343.56093406677246,,,,,,,
,83099,,8.375406265258789,,,,,,,,
,83149,,,343.2753086090088,,,,,,,
,83149,,0.36406517028808594,,,,,,,,
,83199,,,343.45126152038574,,,,,,,
,83199,,8.779525756835938,,,,,,,,
,83249,,,343.20688247680664,,,,,,,
,83249,,0.3662109375,,,,,,,,
,83299,,,345.86310386657715,,,,,,,
,83299,,8.152246475219727,,,,,,,,
,83349,,,343.6412811279297,,,,,,,
,83349,,0.3457069396972656,,,,,,,,
,83399,,,343.0473804473877,,,,,,,
,83399,,8.695125579833984,,,,,,,,
,83449,,,343.0335521697998,,,,,,,
,83449,,0.3802776336669922,,,,,,,,
,83499,,,342.8232669830322,,,,,,,
,83499,,8.359670639038086,,,,,,,,
,83549,,,343.43552589416504,,,,,,,
,83549,,0.354766845703125,,,,,,,,
,83599,,,343.5359001159668,,,,,,,
,83599,,8.939266204833984,,,,,,,,
,83649,,,344.4643020629883,,,,,,,
,83649,,0.35309791564941406,,,,,,,,
,83699,,,343.83130073547363,,,,,,,
,83699,,7.973432540893555,,,,,,,,
,83749,,,343.0802822113037,,,,,,,
,83749,,0.3566741943359375,,,,,,,,
,83799,,,343.8854217529297,,,,,,,
,83799,,9.045600891113281,,,,,,,,
,83849,,,343.92356872558594,,,,,,,
,83849,,0.3590583801269531,,,,,,,,
,83899,,,343.1360721588135,,,,,,,
,83899,,8.189916610717773,,,,,,,,
,83949,,,352.07414627075195,,,,,,,
,83949,,0.35500526428222656,,,,,,,,
,83999,,,343.7201976776123,,,,,,,
,83999,,8.876800537109375,,,,,,,,
,84049,,,343.3089256286621,,,,,,,
,84049,,0.3604888916015625,,,,,,,,
,84099,,,343.5778617858887,,,,,,,
,84099,,8.399248123168945,,,,,,,,
,84149,,,343.65177154541016,,,,,,,
,84149,,0.37860870361328125,,,,,,,,
,84199,,,343.9908027648926,,,,,,,
,84199,,8.874893188476562,,,,,,,,
,84249,,,352.37789154052734,,,,,,,
,84249,,0.3726482391357422,,,,,,,,
,84299,,,343.142032623291,,,,,,,
,84299,,8.385181427001953,,,,,,,,
,84349,,,343.9793586730957,,,,,,,
,84349,,0.3800392150878906,,,,,,,,
,84399,,,345.1519012451172,,,,,,,
,84399,,8.805513381958008,,,,,,,,
,84449,,,343.29819679260254,,,,,,,
,84449,,0.3578662872314453,,,,,,,,
,84499,,,343.37830543518066,,,,,,,
,84499,,8.326530456542969,,,,,,,,
,84549,,,346.8739986419678,,,,,,,
,84549,,0.3864765167236328,,,,,,,,
,84599,,,343.6751365661621,,,,,,,
,84599,,8.718490600585938,,,,,,,,
,84649,,,344.4693088531494,,,,,,,
,84649,,0.3566741943359375,,,,,,,,
,84699,,,343.43862533569336,,,,,,,
,84699,,8.15439224243164,,,,,,,,
,84749,,,347.46241569519043,,,,,,,
,84749,,0.46133995056152344,,,,,,,,
,84799,,,343.6307907104492,,,,,,,
,84799,,8.696556091308594,,,,,,,,
,84849,,,343.2328701019287,,,,,,,
,84849,,0.3581047058105469,,,,,,,,
,84899,,,343.4596061706543,,,,,,,
,84899,,8.263826370239258,,,,,,,,
,84949,,,344.0549373626709,,,,,,,
,84949,,0.37550926208496094,,,,,,,,
,84999,,,345.34454345703125,,,,,,,
,84999,,8.525609970092773,,,,,,,,
16,84999,,,,,,,,3.082223415374756,1709.949951171875,-1709.949951171875
,85000,1764.1473848819733,,,,,,,,,
16,84999,,,,0.693143904209137,8020.4150390625,1.1642082929611206,-1716.4705810546875,,,
,85049,,,343.49775314331055,,,,,,,
,85049,,0.400543212890625,,,,,,,,
,85099,,,344.20251846313477,,,,,,,
,85099,,8.759260177612305,,,,,,,,
,85149,,,343.42288970947266,,,,,,,
,85149,,0.35381317138671875,,,,,,,,
,85199,,,343.61720085144043,,,,,,,
,85199,,8.166074752807617,,,,,,,,
,85249,,,345.4852104187012,,,,,,,
,85249,,0.3783702850341797,,,,,,,,
,85299,,,343.45555305480957,,,,,,,
,85299,,8.482217788696289,,,,,,,,
,85349,,,343.92380714416504,,,,,,,
,85349,,0.347137451171875,,,,,,,,
,85399,,,343.6570167541504,,,,,,,
,85399,,7.933139801025391,,,,,,,,
,85449,,,343.5215950012207,,,,,,,
,85449,,0.37789344787597656,,,,,,,,
,85499,,,343.5065746307373,,,,,,,
,85499,,8.609771728515625,,,,,,,,
,85549,,,351.43232345581055,,,,,,,
,85549,,0.35572052001953125,,,,,,,,
,85599,,,343.65105628967285,,,,,,,
,85599,,8.212566375732422,,,,,,,,
,85649,,,343.9512252807617,,,,,,,
,85649,,0.39076805114746094,,,,,,,,
,85699,,,351.8979549407959,,,,,,,
,85699,,8.388996124267578,,,,,,,,
,85749,,,340.21520614624023,,,,,,,
,85749,,0.34046173095703125,,,,,,,,
,85799,,,340.7278060913086,,,,,,,
,85799,,7.9975128173828125,,,,,,,,
,85849,,,339.9393558502197,,,,,,,
,85849,,0.3745555877685547,,,,,,,,
,85899,,,340.23046493530273,,,,,,,
,85899,,8.67772102355957,,,,,,,,
,85949,,,340.40164947509766,,,,,,,
,85949,,0.3466606140136719,,,,,,,,
,85999,,,340.3902053833008,,,,,,,
,85999,,8.18324089050293,,,,,,,,
,86049,,,348.89769554138184,,,,,,,
,86049,,0.39267539978027344,,,,,,,,
,86099,,,339.8864269256592,,,,,,,
,86099,,8.605480194091797,,,,,,,,
,86149,,,340.0251865386963,,,,,,,
,86149,,0.34499168395996094,,,,,,,,
,86199,,,341.1526679992676,,,,,,,
,86199,,8.353471755981445,,,,,,,,
,86249,,,346.54927253723145,,,,,,,
,86249,,1.2574195861816406,,,,,,,,
,86299,,,341.0212993621826,,,,,,,
,86299,,8.62574577331543,,,,,,,,
,86349,,,340.6076431274414,,,,,,,
,86349,,0.3514289855957031,,,,,,,,
,86399,,,340.3127193450928,,,,,,,
,86399,,8.19849967956543,,,,,,,,
,86449,,,340.40164947509766,,,,,,,
,86449,,0.3800392150878906,,,,,,,,
,86499,,,340.3630256652832,,,,,,,
,86499,,8.687019348144531,,,,,,,,
,86549,,,340.47865867614746,,,,,,,
,86549,,0.3573894500732422,,,,,,,,
,86599,,,343.63603591918945,,,,,,,
,86599,,8.697271347045898,,,,,,,,
,86649,,,340.73829650878906,,,,,,,
,86649,,0.3693103790283203,,,,,,,,
,86699,,,341.3095474243164,,,,,,,
,86699,,8.676767349243164,,,,,,,,
,86749,,,341.9361114501953,,,,,,,
,86749,,0.3521442413330078,,,,,,,,
,86799,,,340.67487716674805,,,,,,,
,86799,,13.008594512939453,,,,,,,,
,86849,,,340.94738960266113,,,,,,,
,86849,,0.3764629364013672,,,,,,,,
,86899,,,340.1622772216797,,,,,,,
,86899,,8.311748504638672,,,,,,,,
,86949,,,349.09844398498535,,,,,,,
,86949,,0.3457069396972656,,,,,,,,
,86999,,,341.4745330810547,,,,,,,
,86999,,8.541345596313477,,,,,,,,
,87049,,,340.70754051208496,,,,,,,
,87049,,0.35381317138671875,,,,,,,,
,87099,,,348.8938808441162,,,,,,,
,87099,,8.265972137451172,,,,,,,,
,87149,,,340.6329154968262,,,,,,,
,87149,,0.35190582275390625,,,,,,,,
,87199,,,341.3107395172119,,,,,,,
,87199,,8.588552474975586,,,,,,,,
,87249,,,340.12746810913086,,,,,,,
,87249,,0.35381317138671875,,,,,,,,
,87299,,,340.64388275146484,,,,,,,
,87299,,16.68095588684082,,,,,,,,
,87349,,,340.6260013580322,,,,,,,
,87349,,0.3483295440673828,,,,,,,,
,87399,,,339.97178077697754,,,,,,,
,87399,,8.749723434448242,,,,,,,,
,87449,,,349.8704433441162,,,,,,,
,87449,,0.35858154296875,,,,,,,,
,87499,,,341.04156494140625,,,,,,,
,87499,,8.24737548828125,,,,,,,,
,87549,,,340.5871391296387,,,,,,,
,87549,,0.35119056701660156,,,,,,,,
,87599,,,340.7764434814453,,,,,,,
,87599,,8.596658706665039,,,,,,,,
,87649,,,342.38696098327637,,,,,,,
,87649,,0.37598609924316406,,,,,,,,
,87699,,,340.45886993408203,,,,,,,
,87699,,8.272647857666016,,,,,,,,
,87749,,,340.5492305755615,,,,,,,
,87749,,0.3504753112792969,,,,,,,,
,87799,,,340.6031131744385,,,,,,,
,87799,,8.753538131713867,,,,,,,,
,87849,,,340.2886390686035,,,,,,,
,87849,,0.3540515899658203,,,,,,,,
,87899,,,340.30795097351074,,,,,,,
,87899,,8.32986831665039,,,,,,,,
,87949,,,341.0654067993164,,,,,,,
,87949,,0.3504753112792969,,,,,,,,
,87999,,,340.0735855102539,,,,,,,
,87999,,8.605003356933594,,,,,,,,
,88049,,,340.46483039855957,,,,,,,
,88049,,0.3523826599121094,,,,,,,,
,88099,,,340.30771255493164,,,,,,,
,88099,,8.261680603027344,,,,,,,,
,88149,,,340.5132293701172,,,,,,,
,88149,,0.3464221954345703,,,,,,,,
,88199,,,340.99578857421875,,,,,,,
,88199,,8.311748504638672,,,,,,,,
,88249,,,340.3890132904053,,,,,,,
,88249,,0.35762786865234375,,,,,,,,
,88299,,,340.87586402893066,,,,,,,
,88299,,8.522987365722656,,,,,,,,
,88349,,,341.1374092102051,,,,,,,
,88349,,0.3497600555419922,,,,,,,,
,88399,,,340.3494358062744,,,,,,,
,88399,,8.227109909057617,,,,,,,,
,88449,,,340.7588005065918,,,,,,,
,88449,,0.3788471221923828,,,,,,,,
,88499,,,342.5784111022949,,,,,,,
,88499,,8.628606796264648,,,,,,,,
,88549,,,348.6812114715576,,,,,,,
,88549,,0.3552436828613281,,,,,,,,
,88599,,,341.71080589294434,,,,,,,
,88599,,8.353948593139648,,,,,,,,
,88649,,,340.9285545349121,,,,,,,
,88649,,0.3762245178222656,,,,,,,,
,88699,,,340.47436714172363,,,,,,,
,88699,,8.698701858520508,,,,,,,,
,88749,,,340.8968448638916,,,,,,,
,88749,,0.36716461181640625,,,,,,,,
,88799,,,341.2671089172363,,,,,,,
,88799,,8.204460144042969,,,,,,,,
,88849,,,340.8644199371338,,,,,,,
,88849,,0.3764629364013672,,,,,,,,
,88899,,,345.90721130371094,,,,,,,
,88899,,8.685588836669922,,,,,,,,
,88949,,,340.73543548583984,,,,,,,
,88949,,0.34999847412109375,,,,,,,,
,88999,,,340.8505916595459,,,,,,,
,88999,,8.344650268554688,,,,,,,,
,89049,,,343.2888984680176,,,,,,,
,89049,,0.37980079650878906,,,,,,,,
,89099,,,341.00842475891113,,,,,,,
,89099,,8.665323257446289,,,,,,,,
,89149,,,341.5353298187256,,,,,,,
,89149,,0.35643577575683594,,,,,,,,
,89199,,,341.63546562194824,,,,,,,
,89199,,8.205652236938477,,,,,,,,
,89249,,,342.6964282989502,,,,,,,
,89249,,0.37980079650878906,,,,,,,,
,89299,,,340.6336307525635,,,,,,,
,89299,,8.951187133789062,,,,,,,,
,89349,,,341.0162925720215,,,,,,,
,89349,,0.3559589385986328,,,,,,,,
,89399,,,340.87133407592773,,,,,,,
,89399,,17.37070083618164,,,,,,,,
,89449,,,340.5771255493164,,,,,,,
,89449,,0.3578662872314453,,,,,,,,
,89499,,,340.46173095703125,,,,,,,
,89499,,8.601903915405273,,,,,,,,
,89549,,,340.7473564147949,,,,,,,
,89549,,0.3533363342285156,,,,,,,,
,89599,,,345.63469886779785,,,,,,,
,89599,,8.690357208251953,,,,,,,,
,89649,,,340.4421806335449,,,,,,,
,89649,,0.3573894500732422,,,,,,,,
,89699,,,340.4805660247803,,,,,,,
,89699,,8.314132690429688,,,,,,,,
,89749,,,340.9724235534668,,,,,,,
,89749,,0.35119056701660156,,,,,,,,
,89799,,,340.64340591430664,,,,,,,
,89799,,8.503437042236328,,,,,,,,
,89849,,,338.5658264160156,,,,,,,
,89849,,0.35262107849121094,,,,,,,,
,89899,,,342.1206474304199,,,,,,,
,89899,,8.598089218139648,,,,,,,,
,89949,,,339.4761085510254,,,,,,,
,89949,,0.34999847412109375,,,,,,,,
,89999,,,338.8783931732178,,,,,,,
,89999,,8.211135864257812,,,,,,,,
17,89999,,,,,,,,3.0688226222991943,1709.760009765625,-1709.760009765625
,90000,1737.8224413394928,,,,,,,,,
17,89999,,,,0.6932787299156189,8016.8935546875,1.1634318828582764,-1716.322998046875,,,
,90049,,,339.9620056152344,,,,,,,
,90049,,0.35262107849121094,,,,,,,,
,90099,,,340.57164192199707,,,,,,,
,90099,,8.197784423828125,,,,,,,,
,90149,,,340.0614261627197,,,,,,,
,90149,,0.37217140197753906,,,,,,,,
,90199,,,340.3329849243164,,,,,,,
,90199,,8.675575256347656,,,,,,,,
,90249,,,340.5876159667969,,,,,,,
,90249,,0.3437995910644531,,,,,,,,
,90299,,,340.5280113220215,,,,,,,
,90299,,8.340120315551758,,,,,,,,
,90349,,,340.6491279602051,,,,,,,
,90349,,0.370025634765625,,,,,,,,
,90399,,,340.2564525604248,,,,,,,
,90399,,8.753538131713867,,,,,,,,
,90449,,,340.07740020751953,,,,,,,
,90449,,0.3502368927001953,,,,,,,,
,90499,,,340.5568599700928,,,,,,,
,90499,,8.278846740722656,,,,,,,,
,90549,,,348.91748428344727,,,,,,,
,90549,,0.3764629364013672,,,,,,,,
,90599,,,340.2228355407715,,,,,,,
,90599,,8.663415908813477,,,,,,,,
,90649,,,340.2903079986572,,,,,,,
,90649,,0.3540515899658203,,,,,,,,
,90699,,,341.3519859313965,,,,,,,
,90699,,8.324861526489258,,,,,,,,
,90749,,,340.1031494140625,,,,,,,
,90749,,0.36978721618652344,,,,,,,,
,90799,,,342.26107597351074,,,,,,,
,90799,,8.652687072753906,,,,,,,,
,90849,,,340.512752532959,,,,,,,
,90849,,0.3516674041748047,,,,,,,,
,90899,,,349.34449195861816,,,,,,,
,90899,,8.142709732055664,,,,,,,,
,90949,,,340.52324295043945,,,,,,,
,90949,,0.3917217254638672,,,,,,,,
,90999,,,340.69061279296875,,,,,,,
,90999,,8.68988037109375,,,,,,,,
,91049,,,340.53945541381836,,,,,,,
,91049,,0.35071372985839844,,,,,,,,
,91099,,,340.4965400695801,,,,,,,
,91099,,8.329153060913086,,,,,,,,
,91149,,,340.6095504760742,,,,,,,
,91149,,0.36835670471191406,,,,,,,,
,91199,,,341.02630615234375,,,,,,,
,91199,,8.52060317993164,,,,,,,,
,91249,,,340.9152030944824,,,,,,,
,91249,,0.3497600555419922,,,,,,,,
,91299,,,340.1765823364258,,,,,,,
,91299,,8.117914199829102,,,,,,,,
,91349,,,340.6076431274414,,,,,,,
,91349,,0.3490447998046875,,,,,,,,
,91399,,,340.6064510345459,,,,,,,
,91399,,8.712053298950195,,,,,,,,
,91449,,,340.5802249908447,,,,,,,
,91449,,0.3523826599121094,,,,,,,,
,91499,,,340.41786193847656,,,,,,,
,91499,,8.314847946166992,,,,,,,,
,91549,,,340.2373790740967,,,,,,,
,91549,,0.3724098205566406,,,,,,,,
,91599,,,340.8534526824951,,,,,,,
,91599,,8.692741394042969,,,,,,,,
,91649,,,339.82110023498535,,,,,,,
,91649,,0.35119056701660156,,,,,,,,
,91699,,,340.6226634979248,,,,,,,
,91699,,7.949113845825195,,,,,,,,
,91749,,,339.8725986480713,,,,,,,
,91749,,0.3707408905029297,,,,,,,,
,91799,,,348.71888160705566,,,,,,,
,91799,,8.66246223449707,,,,,,,,
,91849,,,340.1784896850586,,,,,,,
,91849,,0.3502368927001953,,,,,,,,
,91899,,,343.1575298309326,,,,,,,
,91899,,8.124589920043945,,,,,,,,
,91949,,,341.88365936279297,,,,,,,
,91949,,0.3705024719238281,,,,,,,,
,91999,,,342.0848846435547,,,,,,,
,91999,,8.716583251953125,,,,,,,,
,92049,,,342.1788215637207,,,,,,,
,92049,,0.3528594970703125,,,,,,,,
,92099,,,342.1046733856201,,,,,,,
,92099,,8.264541625976562,,,,,,,,
,92149,,,342.9701328277588,,,,,,,
,92149,,1.1913776397705078,,,,,,,,
,92199,,,342.1061038970947,,,,,,,
,92199,,8.738279342651367,,,,,,,,
,92249,,,341.34459495544434,,,,,,,
,92249,,0.3521442413330078,,,,,,,,
,92299,,,349.9898910522461,,,,,,,
,92299,,8.170604705810547,,,,,,,,
,92349,,,341.8254852294922,,,,,,,
,92349,,0.3573894500732422,,,,,,,,
,92399,,,341.86458587646484,,,,,,,
,92399,,8.793354034423828,,,,,,,,
,92449,,,343.17994117736816,,,,,,,
,92449,,0.3559589385986328,,,,,,,,
,92499,,,346.9090461730957,,,,,,,
,92499,,8.30078125,,,,,,,,
,92549,,,341.8710231781006,,,,,,,
,92549,,0.3514289855957031,,,,,,,,
,92599,,,341.66812896728516,,,,,,,
,92599,,8.631229400634766,,,,,,,,
,92649,,,341.68338775634766,,,,,,,
,92649,,0.35881996154785156,,,,,,,,
,92699,,,341.66860580444336,,,,,,,
,92699,,8.357048034667969,,,,,,,,
,92749,,,341.6941165924072,,,,,,,
,92749,,0.3476142883300781,,,,,,,,
,92799,,,350.811243057251,,,,,,,
,92799,,8.615493774414062,,,,,,,,
,92849,,,342.24820137023926,,,,,,,
,92849,,0.35953521728515625,,,,,,,,
,92899,,,341.4123058319092,,,,,,,
,92899,,8.310079574584961,,,,,,,,
,92949,,,341.45331382751465,,,,,,,
,92949,,0.3516674041748047,,,,,,,,
,92999,,,342.1306610107422,,,,,,,
,92999,,8.579254150390625,,,,,,,,
,93049,,,342.0748710632324,,,,,,,
,93049,,0.3771781921386719,,,,,,,,
,93099,,,341.8877124786377,,,,,,,
,93099,,8.34345817565918,,,,,,,,
,93149,,,341.7799472808838,,,,,,,
,93149,,0.34618377685546875,,,,,,,,
,93199,,,347.87774085998535,,,,,,,
,93199,,8.474588394165039,,,,,,,,
,93249,,,342.0066833496094,,,,,,,
,93249,,0.3612041473388672,,,,,,,,
,93299,,,349.70664978027344,,,,,,,
,93299,,8.476734161376953,,,,,,,,
,93349,,,341.81761741638184,,,,,,,
,93349,,0.36835670471191406,,,,,,,,
,93399,,,341.4325714111328,,,,,,,
,93399,,8.12530517578125,,,,,,,,
,93449,,,341.66860580444336,,,,,,,
,93449,,0.3788471221923828,,,,,,,,
,93499,,,341.693639755249,,,,,,,
,93499,,8.748054504394531,,,,,,,,
,93549,,,341.42112731933594,,,,,,,
,93549,,0.35071372985839844,,,,,,,,
,93599,,,341.89391136169434,,,,,,,
,93599,,8.35728645324707,,,,,,,,
,93649,,,341.78638458251953,,,,,,,
,93649,,0.36716461181640625,,,,,,,,
,93699,,,341.9773578643799,,,,,,,
,93699,,8.716821670532227,,,,,,,,
,93749,,,342.1144485473633,,,,,,,
,93749,,0.3559589385986328,,,,,,,,
,93799,,,342.15426445007324,,,,,,,
,93799,,8.208990097045898,,,,,,,,
,93849,,,342.1826362609863,,,,,,,
,93849,,0.3764629364013672,,,,,,,,
,93899,,,342.205286026001,,,,,,,
,93899,,8.38470458984375,,,,,,,,
,93949,,,342.03338623046875,,,,,,,
,93949,,0.34689903259277344,,,,,,,,
,93999,,,342.029333114624,,,,,,,
,93999,,8.51583480834961,,,,,,,,
,94049,,,341.9661521911621,,,,,,,
,94049,,0.37741661071777344,,,,,,,,
,94099,,,343.0502414703369,,,,,,,
,94099,,8.70060920715332,,,,,,,,
,94149,,,342.5586223602295,,,,,,,
,94149,,1.07574462890625,,,,,,,,
,94199,,,341.9229984283447,,,,,,,
,94199,,8.261680603027344,,,,,,,,
,94249,,,342.75341033935547,,,,,,,
,94249,,0.3788471221923828,,,,,,,,
,94299,,,342.13781356811523,,,,,,,
,94299,,8.352279663085938,,,,,,,,
,94349,,,342.09203720092773,,,,,,,
,94349,,0.3440380096435547,,,,,,,,
,94399,,,342.1638011932373,,,,,,,
,94399,,8.183956146240234,,,,,,,,
,94449,,,342.51928329467773,,,,,,,
,94449,,0.3705024719238281,,,,,,,,
,94499,,,343.6894416809082,,,,,,,
,94499,,8.745908737182617,,,,,,,,
,94549,,,342.3728942871094,,,,,,,
,94549,,0.36072731018066406,,,,,,,,
,94599,,,341.86339378356934,,,,,,,
,94599,,8.444786071777344,,,,,,,,
,94649,,,342.0722484588623,,,,,,,
,94649,,0.377655029296875,,,,,,,,
,94699,,,341.52746200561523,,,,,,,
,94699,,8.75544548034668,,,,,,,,
,94749,,,341.87865257263184,,,,,,,
,94749,,0.3523826599121094,,,,,,,,
,94799,,,342.08035469055176,,,,,,,
,94799,,8.348941802978516,,,,,,,,
,94849,,,342.0391082763672,,,,,,,
,94849,,0.34618377685546875,,,,,,,,
,94899,,,342.32258796691895,,,,,,,
,94899,,8.481740951538086,,,,,,,,
,94949,,,342.2534465789795,,,,,,,
,94949,,0.35262107849121094,,,,,,,,
,94999,,,341.4011001586914,,,,,,,
,94999,,8.141517639160156,,,,,,,,
18,94999,,,,,,,,3.2808310985565186,1713.22998046875,-1713.22998046875
,95000,1739.490552186966,,,,,,,,,
18,94999,,,,0.6929455995559692,8014.9013671875,1.1628096103668213,-1715.9151611328125,,,
,95049,,,342.2274589538574,,,,,,,
,95049,,0.3533363342285156,,,,,,,,
,95099,,,342.2544002532959,,,,,,,
,95099,,8.18777084350586,,,,,,,,
,95149,,,342.2384262084961,,,,,,,
,95149,,0.34546852111816406,,,,,,,,
,95199,,,346.06361389160156,,,,,,,
,95199,,9.088277816772461,,,,,,,,
,95249,,,341.6900634765625,,,,,,,
,95249,,0.3578662872314453,,,,,,,,
,95299,,,341.8610095977783,,,,,,,
,95299,,8.191347122192383,,,,,,,,
,95349,,,342.257022857666,,,,,,,
,95349,,0.34809112548828125,,,,,,,,
,95399,,,342.35572814941406,,,,,,,
,95399,,8.873462677001953,,,,,,,,
,95449,,,341.81666374206543,,,,,,,
,95449,,0.3609657287597656,,,,,,,,
,95499,,,341.8712615966797,,,,,,,
,95499,,8.143186569213867,,,,,,,,
,95549,,,342.36955642700195,,,,,,,
,95549,,0.35500526428222656,,,,,,,,
,95599,,,342.52095222473145,,,,,,,
,95599,,8.88204574584961,,,,,,,,
,95649,,,341.99047088623047,,,,,,,
,95649,,0.35190582275390625,,,,,,,,
,95699,,,341.79210662841797,,,,,,,
,95699,,8.258581161499023,,,,,,,,
,95749,,,341.71342849731445,,,,,,,
,95749,,0.36716461181640625,,,,,,,,
,95799,,,341.83812141418457,,,,,,,
,95799,,8.68535041809082,,,,,,,,
,95849,,,342.3612117767334,,,,,,,
,95849,,0.3504753112792969,,,,,,,,
,95899,,,342.12779998779297,,,,,,,
,95899,,8.116960525512695,,,,,,,,
,95949,,,341.7651653289795,,,,,,,
,95949,,0.3485679626464844,,,,,,,,
,95999,,,341.9492244720459,,,,,,,
,95999,,8.347272872924805,,,,,,,,
,96049,,,341.7539596557617,,,,,,,
,96049,,0.3437995910644531,,,,,,,,
,96099,,,342.5900936126709,,,,,,,
,96099,,8.12530517578125,,,,,,,,
,96149,,,342.21434593200684,,,,,,,
,96149,,0.3731250762939453,,,,,,,,
,96199,,,341.60876274108887,,,,,,,
,96199,,8.714437484741211,,,,,,,,
,96249,,,342.12303161621094,,,,,,,
,96249,,0.3719329833984375,,,,,,,,
,96299,,,343.05548667907715,,,,,,,
,96299,,8.168935775756836,,,,,,,,
,96349,,,341.9170379638672,,,,,,,
,96349,,0.37670135498046875,,,,,,,,
,96399,,,341.62187576293945,,,,,,,
,96399,,8.45956802368164,,,,,,,,
,96449,,,341.6147232055664,,,,,,,
,96449,,0.347137451171875,,,,,,,,
,96499,,,342.0755863189697,,,,,,,
,96499,,8.14676284790039,,,,,,,,
,96549,,,342.53740310668945,,,,,,,
,96549,,0.38361549377441406,,,,,,,,
,96599,,,341.7360782623291,,,,,,,
,96599,,8.725881576538086,,,,,,,,
,96649,,,341.5963649749756,,,,,,,
,96649,,0.3497600555419922,,,,,,,,
,96699,,,351.14169120788574,,,,,,,
,96699,,8.20159912109375,,,,,,,,
,96749,,,341.9666290283203,,,,,,,
,96749,,0.3757476806640625,,,,,,,,
,96799,,,341.5076732635498,,,,,,,
,96799,,8.393287658691406,,,,,,,,
,96849,,,342.18335151672363,,,,,,,
,96849,,0.34356117248535156,,,,,,,,
,96899,,,341.7239189147949,,,,,,,
,96899,,8.46409797668457,,,,,,,,
,96949,,,341.80665016174316,,,,,,,
,96949,,0.370025634765625,,,,,,,,
,96999,,,342.4410820007324,,,,,,,
,96999,,8.646488189697266,,,,,,,,
,97049,,,342.2074317932129,,,,,,,
,97049,,0.35762786865234375,,,,,,,,
,97099,,,342.0703411102295,,,,,,,
,97099,,8.276700973510742,,,,,,,,
,97149,,,341.6268825531006,,,,,,,
,97149,,0.37789344787597656,,,,,,,,
,97199,,,350.13508796691895,,,,,,,
,97199,,8.640050888061523,,,,,,,,
,97249,,,341.8416976928711,,,,,,,
,97249,,0.3464221954345703,,,,,,,,
,97299,,,341.2952423095703,,,,,,,
,97299,,8.359909057617188,,,,,,,,
,97349,,,342.0984745025635,,,,,,,
,97349,,0.39577484130859375,,,,,,,,
,97399,,,341.6595458984375,,,,,,,
,97399,,8.812665939331055,,,,,,,,
,97449,,,341.9928550720215,,,,,,,
,97449,,0.34999847412109375,,,,,,,,
,97499,,,341.7196273803711,,,,,,,
,97499,,8.212804794311523,,,,,,,,
,97549,,,343.0604934692383,,,,,,,
,97549,,0.3790855407714844,,,,,,,,
,97599,,,341.7706489562988,,,,,,,
,97599,,8.338451385498047,,,,,,,,
,97649,,,342.0531749725342,,,,,,,
,97649,,0.3428459167480469,,,,,,,,
,97699,,,342.17071533203125,,,,,,,
,97699,,8.26120376586914,,,,,,,,
,97749,,,341.7162895202637,,,,,,,
,97749,,0.3788471221923828,,,,,,,,
,97799,,,341.66908264160156,,,,,,,
,97799,,8.79979133605957,,,,,,,,
,97849,,,342.06509590148926,,,,,,,
,97849,,0.3445148468017578,,,,,,,,
,97899,,,342.41390228271484,,,,,,,
,97899,,8.161306381225586,,,,,,,,
,97949,,,341.58825874328613,,,,,,,
,97949,,0.37550926208496094,,,,,,,,
,97999,,,341.6876792907715,,,,,,,
,97999,,9.186983108520508,,,,,,,,
,98049,,,341.43733978271484,,,,,,,
,98049,,0.34117698669433594,,,,,,,,
,98099,,,342.70286560058594,,,,,,,
,98099,,8.394002914428711,,,,,,,,
,98149,,,341.5529727935791,,,,,,,
,98149,,0.36144256591796875,,,,,,,,
,98199,,,341.91012382507324,,,,,,,
,98199,,8.515596389770508,,,,,,,,
,98249,,,342.36860275268555,,,,,,,
,98249,,0.3476142883300781,,,,,,,,
,98299,,,342.0231342315674,,,,,,,
,98299,,8.211612701416016,,,,,,,,
,98349,,,343.5177803039551,,,,,,,
,98349,,0.3769397735595703,,,,,,,,
,98399,,,347.7203845977783,,,,,,,
,98399,,8.674144744873047,,,,,,,,
,98449,,,341.91274642944336,,,,,,,
,98449,,0.3466606140136719,,,,,,,,
,98499,,,342.0987129211426,,,,,,,
,98499,,8.582592010498047,,,,,,,,
,98549,,,342.4994945526123,,,,,,,
,98549,,0.3802776336669922,,,,,,,,
,98599,,,343.84965896606445,,,,,,,
,98599,,8.588552474975586,,,,,,,,
,98649,,,341.97187423706055,,,,,,,
,98649,,0.35500526428222656,,,,,,,,
,98699,,,342.3445224761963,,,,,,,
,98699,,8.684635162353516,,,,,,,,
,98749,,,342.0898914337158,,,,,,,
,98749,,0.3590583801269531,,,,,,,,
,98799,,,341.7491912841797,,,,,,,
,98799,,8.372068405151367,,,,,,,,
,98849,,,352.0801067352295,,,,,,,
,98849,,0.34308433532714844,,,,,,,,
,98899,,,342.48971939086914,,,,,,,
,98899,,8.690834045410156,,,,,,,,
,98949,,,342.14234352111816,,,,,,,
,98949,,0.35858154296875,,,,,,,,
,98999,,,342.7541255950928,,,,,,,
,98999,,8.291482925415039,,,,,,,,
,99049,,,347.7029800415039,,,,,,,
,99049,,0.3521442413330078,,,,,,,,
,99099,,,345.6563949584961,,,,,,,
,99099,,8.798360824584961,,,,,,,,
,99149,,,342.10920333862305,,,,,,,
,99149,,0.35071372985839844,,,,,,,,
,99199,,,342.6330089569092,,,,,,,
,99199,,8.332014083862305,,,,,,,,
,99249,,,342.1969413757324,,,,,,,
,99249,,0.3459453582763672,,,,,,,,
,99299,,,379.5051574707031,,,,,,,
,99299,,9.127378463745117,,,,,,,,
,99349,,,344.15650367736816,,,,,,,
,99349,,0.36072731018066406,,,,,,,,
,99399,,,342.1297073364258,,,,,,,
,99399,,8.357048034667969,,,,,,,,
,99449,,,341.78829193115234,,,,,,,
,99449,,0.34737586975097656,,,,,,,,
,99499,,,342.1435356140137,,,,,,,
,99499,,8.730173110961914,,,,,,,,
,99549,,,346.5757369995117,,,,,,,
,99549,,0.35381317138671875,,,,,,,,
,99599,,,342.38386154174805,,,,,,,
,99599,,8.139848709106445,,,,,,,,
,99649,,,342.12708473205566,,,,,,,
,99649,,0.3483295440673828,,,,,,,,
,99699,,,342.4222469329834,,,,,,,
,99699,,8.983612060546875,,,,,,,,
,99749,,,341.9623374938965,,,,,,,
,99749,,0.3523826599121094,,,,,,,,
,99799,,,342.12660789489746,,,,,,,
,99799,,8.169174194335938,,,,,,,,
,99849,,,350.6157398223877,,,,,,,
,99849,,0.3712177276611328,,,,,,,,
,99899,,,341.7840003967285,,,,,,,
,99899,,8.761405944824219,,,,,,,,
,99949,,,341.92728996276855,,,,,,,
,99949,,0.3592967987060547,,,,,,,,
,99999,,,341.85266494750977,,,,,,,
,99999,,8.188962936401367,,,,,,,,
19,99999,,,,,,,,3.3396196365356445,1714.31005859375,-1714.31005859375
,100000,1742.6081969738007,,,,,,,,,
19,99999,,,,0.6930809020996094,8020.21435546875,1.1626826524734497,-1716.5821533203125,,,
