epoch,step,time/epoch (s),time/inter_step (ms),time/intra_step (ms),train/loss,train/pair_count,train/quality,train/reward,val/gap,val/makespan,val/reward
,49,,,1134.8869800567627,,,,,,,
,49,,2.298593521118164,,,,,,,,
,99,,,1101.3820171356201,,,,,,,
,99,,12.598991394042969,,,,,,,,
,149,,,1363.0633354187012,,,,,,,
,149,,2.02178955078125,,,,,,,,
,199,,,1120.6800937652588,,,,,,,
,199,,10.845184326171875,,,,,,,,
,249,,,1123.830795288086,,,,,,,
,249,,4.277706146240234,,,,,,,,
,299,,,1117.3059940338135,,,,,,,
,299,,9.411334991455078,,,,,,,,
,349,,,1136.824607849121,,,,,,,
,349,,1.7118453979492188,,,,,,,,
,399,,,1109.3943119049072,,,,,,,
,399,,9.4451904296875,,,,,,,,
,449,,,1188.1232261657715,,,,,,,
,449,,1.1060237884521484,,,,,,,,
,499,,,1125.4467964172363,,,,,,,
,499,,10.59579849243164,,,,,,,,
,549,,,1127.9323101043701,,,,,,,
,549,,2.191781997680664,,,,,,,,
,599,,,1132.9798698425293,,,,,,,
,599,,10.71786880493164,,,,,,,,
,649,,,1118.2467937469482,,,,,,,
,649,,1.8930435180664062,,,,,,,,
,699,,,1119.1978454589844,,,,,,,
,699,,11.541604995727539,,,,,,,,
,749,,,1151.8597602844238,,,,,,,
,749,,1.8739700317382812,,,,,,,,
,799,,,1142.7440643310547,,,,,,,
,799,,10.13636589050293,,,,,,,,
,849,,,1104.7844886779785,,,,,,,
,849,,1.7650127410888672,,,,,,,,
,899,,,1098.5143184661865,,,,,,,
,899,,10.612964630126953,,,,,,,,
,949,,,1117.3205375671387,,,,,,,
,949,,1.895904541015625,,,,,,,,
,999,,,1185.4259967803955,,,,,,,
,999,,10.70857048034668,,,,,,,,
,1049,,,1372.6317882537842,,,,,,,
,1049,,2.944469451904297,,,,,,,,
,1099,,,1354.572057723999,,,,,,,
,1099,,13.456583023071289,,,,,,,,
,1149,,,1350.7897853851318,,,,,,,
,1149,,1.8372535705566406,,,,,,,,
,1199,,,1337.0678424835205,,,,,,,
,1199,,10.286092758178711,,,,,,,,
,1249,,,1112.4300956726074,,,,,,,
,1249,,1.5370845794677734,,,,,,,,
,1299,,,1107.9189777374268,,,,,,,
,1299,,9.261846542358398,,,,,,,,
,1349,,,1125.9145736694336,,,,,,,
,1349,,0.67138671875,,,,,,,,
,1399,,,1132.70902633667,,,,,,,
,1399,,10.349512100219727,,,,,,,,
,1449,,,1127.0625591278076,,,,,,,
,1449,,1.2102127075195312,,,,,,,,
,1499,,,1104.503870010376,,,,,,,
,1499,,9.333133697509766,,,,,,,,
,1549,,,1103.041172027588,,,,,,,
,1549,,1.5289783477783203,,,,,,,,
,1599,,,1113.121747970581,,,,,,,
,1599,,10.272979736328125,,,,,,,,
,1649,,,1102.1687984466553,,,,,,,
,1649,,3.549814224243164,,,,,,,,
,1699,,,1095.353126525879,,,,,,,
,1699,,10.268688201904297,,,,,,,,
,1749,,,1124.6774196624756,,,,,,,
,1749,,1.7905235290527344,,,,,,,,
,1799,,,1129.2750835418701,,,,,,,
,1799,,10.411977767944336,,,,,,,,
,1849,,,1120.6672191619873,,,,,,,
,1849,,1.7786026000976562,,,,,,,,
,1899,,,1111.332654953003,,,,,,,
,1899,,9.54890251159668,,,,,,,,
,1949,,,1121.5407848358154,,,,,,,
,1949,,2.340078353881836,,,,,,,,
,1999,,,1114.776611328125,,,,,,,
,1999,,10.394573211669922,,,,,,,,
,2049,,,1118.225336074829,,,,,,,
,2049,,1.7573833465576172,,,,,,,,
,2099,,,1287.4605655670166,,,,,,,
,2099,,11.035919189453125,,,,,,,,
,2149,,,1105.7507991790771,,,,,,,
,2149,,1.7375946044921875,,,,,,,,
,2199,,,1107.454538345337,,,,,,,
,2199,,9.274005889892578,,,,,,,,
,2249,,,1086.4136219024658,,,,,,,
,2249,,1.5935897827148438,,,,,,,,
,2299,,,1149.914264678955,,,,,,,
,2299,,10.225534439086914,,,,,,,,
,2349,,,1102.8542518615723,,,,,,,
,2349,,1.9121170043945312,,,,,,,,
,2399,,,1112.069845199585,,,,,,,
,2399,,10.41102409362793,,,,,,,,
,2449,,,1220.8518981933594,,,,,,,
,2449,,1.7244815826416016,,,,,,,,
,2499,,,1102.4339199066162,,,,,,,
,2499,,10.306835174560547,,,,,,,,
,2549,,,1209.9664211273193,,,,,,,
,2549,,1.7189979553222656,,,,,,,,
,2599,,,1119.9214458465576,,,,,,,
,2599,,9.47427749633789,,,,,,,,
,2649,,,1111.6530895233154,,,,,,,
,2649,,3.1599998474121094,,,,,,,,
,2699,,,1207.9591751098633,,,,,,,
,2699,,9.549856185913086,,,,,,,,
,2749,,,1097.8479385375977,,,,,,,
,2749,,0.6489753723144531,,,,,,,,
,2799,,,1101.9296646118164,,,,,,,
,2799,,9.229183197021484,,,,,,,,
,2849,,,1105.9188842773438,,,,,,,
,2849,,1.714944839477539,,,,,,,,
,2899,,,1106.6017150878906,,,,,,,
,2899,,9.222745895385742,,,,,,,,
,2949,,,1103.8150787353516,,,,,,,
,2949,,2.5811195373535156,,,,,,,,
,2999,,,1106.4436435699463,,,,,,,
,2999,,11.42120361328125,,,,,,,,
,3049,,,1086.5333080291748,,,,,,,
,3049,,0.5717277526855469,,,,,,,,
,3099,,,1107.1999073028564,,,,,,,
,3099,,10.267257690429688,,,,,,,,
,3149,,,1113.1653785705566,,,,,,,
,3149,,1.7628669738769531,,,,,,,,
,3199,,,1116.6472434997559,,,,,,,
,3199,,13.08131217956543,,,,,,,,
,3249,,,1112.1854782104492,,,,,,,
,3249,,0.7090568542480469,,,,,,,,
,3299,,,1104.3930053710938,,,,,,,
,3299,,9.501218795776367,,,,,,,,
,3349,,,1103.0550003051758,,,,,,,
,3349,,1.806497573852539,,,,,,,,
,3399,,,1100.2459526062012,,,,,,,
,3399,,10.127782821655273,,,,,,,,
,3449,,,1107.7876091003418,,,,,,,
,3449,,0.6568431854248047,,,,,,,,
,3499,,,1109.745740890503,,,,,,,
,3499,,10.320186614990234,,,,,,,,
,3549,,,1093.2278633117676,,,,,,,
,3549,,3.6613941192626953,,,,,,,,
,3599,,,1100.8009910583496,,,,,,,
,3599,,9.656190872192383,,,,,,,,
,3649,,,1131.1025619506836,,,,,,,
,3649,,0.8790493011474609,,,,,,,,
,3699,,,1100.8565425872803,,,,,,,
,3699,,11.646509170532227,,,,,,,,
,3749,,,1108.2308292388916,,,,,,,
,3749,,1.5909671783447266,,,,,,,,
,3799,,,1122.161626815796,,,,,,,
,3799,,12.213945388793945,,,,,,,,
,3849,,,1102.9229164123535,,,,,,,
,3849,,1.6987323760986328,,,,,,,,
,3899,,,1112.968921661377,,,,,,,
,3899,,14.863967895507812,,,,,,,,
,3949,,,1117.0618534088135,,,,,,,
,3949,,0.7486343383789062,,,,,,,,
,3999,,,1097.7938175201416,,,,,,,
,3999,,10.221004486083984,,,,,,,,
,4049,,,1096.2212085723877,,,,,,,
,4049,,1.682281494140625,,,,,,,,
,4099,,,1098.9458560943604,,,,,,,
,4099,,9.082317352294922,,,,,,,,
,4149,,,1094.4323539733887,,,,,,,
,4149,,1.707315444946289,,,,,,,,
,4199,,,1094.5298671722412,,,,,,,
,4199,,10.279655456542969,,,,,,,,
,4249,,,1110.771656036377,,,,,,,
,4249,,1.3327598571777344,,,,,,,,
,4299,,,1113.6810779571533,,,,,,,
,4299,,10.253667831420898,,,,,,,,
,4349,,,1105.4906845092773,,,,,,,
,4349,,0.6561279296875,,,,,,,,
,4399,,,1104.4237613677979,,,,,,,
,4399,,10.225772857666016,,,,,,,,
,4449,,,1098.4382629394531,,,,,,,
,4449,,2.513408660888672,,,,,,,,
,4499,,,1100.0266075134277,,,,,,,
,4499,,10.27369499206543,,,,,,,,
,4549,,,1084.5682621002197,,,,,,,
,4549,,1.5194416046142578,,,,,,,,
,4599,,,1101.2520790100098,,,,,,,
,4599,,9.085893630981445,,,,,,,,
,4649,,,1101.3758182525635,,,,,,,
,4649,,0.7081031799316406,,,,,,,,
,4699,,,1123.2917308807373,,,,,,,
,4699,,12.888193130493164,,,,,,,,
,4749,,,1151.522159576416,,,,,,,
,4749,,1.7609596252441406,,,,,,,,
,4799,,,1105.8025360107422,,,,,,,
,4799,,10.198116302490234,,,,,,,,
,4849,,,1096.3494777679443,,,,,,,
,4849,,1.741647720336914,,,,,,,,
,4899,,,1096.6980457305908,,,,,,,
,4899,,9.372472763061523,,,,,,,,
,4949,,,1103.7158966064453,,,,,,,
,4949,,1.7712116241455078,,,,,,,,
,4999,,,1097.6128578186035,,,,,,,
,4999,,10.326385498046875,,,,,,,,
,5049,,,400.9437561035156,,,,,,,
,5049,,0.499725341796875,,,,,,,,
,5099,,,372.50328063964844,,,,,,,
,5099,,9.386301040649414,,,,,,,,
,5149,,,373.0044364929199,,,,,,,
,5149,,0.47659873962402344,,,,,,,,
,5199,,,363.8312816619873,,,,,,,
,5199,,8.477210998535156,,,,,,,,
,5249,,,375.6861686706543,,,,,,,
,5249,,0.5662441253662109,,,,,,,,
,5299,,,384.81831550598145,,,,,,,
,5299,,9.180307388305664,,,,,,,,
,5349,,,381.514310836792,,,,,,,
,5349,,0.4792213439941406,,,,,,,,
,5399,,,376.8482208251953,,,,,,,
,5399,,8.878231048583984,,,,,,,,
,5449,,,369.340181350708,,,,,,,
,5449,,0.39649009704589844,,,,,,,,
,5499,,,361.25683784484863,,,,,,,
,5499,,8.355379104614258,,,,,,,,
,5549,,,399.52874183654785,,,,,,,
,5549,,0.5190372467041016,,,,,,,,
,5599,,,372.8775978088379,,,,,,,
,5599,,9.204626083374023,,,,,,,,
,5649,,,370.9592819213867,,,,,,,
,5649,,0.49304962158203125,,,,,,,,
,5699,,,370.4850673675537,,,,,,,
,5699,,9.228706359863281,,,,,,,,
,5749,,,361.10973358154297,,,,,,,
,5749,,0.4038810729980469,,,,,,,,
,5799,,,372.4205493927002,,,,,,,
,5799,,8.670330047607422,,,,,,,,
,5849,,,365.6609058380127,,,,,,,
,5849,,0.5192756652832031,,,,,,,,
,5899,,,376.7850399017334,,,,,,,
,5899,,16.114234924316406,,,,,,,,
,5949,,,364.8393154144287,,,,,,,
,5949,,0.5023479461669922,,,,,,,,
,5999,,,365.67068099975586,,,,,,,
,5999,,9.06682014465332,,,,,,,,
,6049,,,377.0895004272461,,,,,,,
,6049,,0.46825408935546875,,,,,,,,
,6099,,,375.0638961791992,,,,,,,
,6099,,9.311676025390625,,,,,,,,
,6149,,,375.4243850708008,,,,,,,
,6149,,2.3412704467773438,,,,,,,,
,6199,,,370.6796169281006,,,,,,,
,6199,,8.606672286987305,,,,,,,,
,6249,,,362.2393608093262,,,,,,,
,6249,,0.3917217254638672,,,,,,,,
,6299,,,368.9398765563965,,,,,,,
,6299,,9.252548217773438,,,,,,,,
,6349,,,365.9710884094238,,,,,,,
,6349,,0.4711151123046875,,,,,,,,
,6399,,,365.80610275268555,,,,,,,
,6399,,8.825302124023438,,,,,,,,
,6449,,,372.9586601257324,,,,,,,
,6449,,0.5486011505126953,,,,,,,,
,6499,,,365.95654487609863,,,,,,,
,6499,,9.260416030883789,,,,,,,,
,6549,,,361.35363578796387,,,,,,,
,6549,,0.43129920959472656,,,,,,,,
,6599,,,365.1752471923828,,,,,,,
,6599,,9.237289428710938,,,,,,,,
,6649,,,380.54585456848145,,,,,,,
,6649,,1.2888908386230469,,,,,,,,
,6699,,,367.33317375183105,,,,,,,
,6699,,9.146928787231445,,,,,,,,
,6749,,,369.42219734191895,,,,,,,
,6749,,1.1527538299560547,,,,,,,,
,6799,,,363.72947692871094,,,,,,,
,6799,,8.475303649902344,,,,,,,,
,6849,,,369.6296215057373,,,,,,,
,6849,,0.5178451538085938,,,,,,,,
,6899,,,374.5396137237549,,,,,,,
,6899,,20.159244537353516,,,,,,,,
,6949,,,373.19254875183105,,,,,,,
,6949,,0.5064010620117188,,,,,,,,
,6999,,,372.4644184112549,,,,,,,
,6999,,8.761167526245117,,,,,,,,
,7049,,,367.0310974121094,,,,,,,
,7049,,0.46563148498535156,,,,,,,,
,7099,,,373.1081485748291,,,,,,,
,7099,,9.355306625366211,,,,,,,,
,7149,,,373.1422424316406,,,,,,,
,7149,,0.5159378051757812,,,,,,,,
,7199,,,369.9057102203369,,,,,,,
,7199,,9.203910827636719,,,,,,,,
,7249,,,365.7336235046387,,,,,,,
,7249,,0.48232078552246094,,,,,,,,
,7299,,,370.7606792449951,,,,,,,
,7299,,9.115934371948242,,,,,,,,
,7349,,,367.2504425048828,,,,,,,
,7349,,0.4119873046875,,,,,,,,
,7399,,,373.05355072021484,,,,,,,
,7399,,8.519172668457031,,,,,,,,
,7449,,,417.6440238952637,,,,,,,
,7449,,1.0046958923339844,,,,,,,,
,7499,,,449.54586029052734,,,,,,,
,7499,,8.81338119506836,,,,,,,,
,7549,,,374.2713928222656,,,,,,,
,7549,,1.0690689086914062,,,,,,,,
,7599,,,356.656551361084,,,,,,,
,7599,,8.4075927734375,,,,,,,,
,7649,,,363.06238174438477,,,,,,,
,7649,,0.4210472106933594,,,,,,,,
,7699,,,357.94973373413086,,,,,,,
,7699,,8.644580841064453,,,,,,,,
,7749,,,354.02798652648926,,,,,,,
,7749,,0.3948211669921875,,,,,,,,
,7799,,,353.4865379333496,,,,,,,
,7799,,8.679628372192383,,,,,,,,
,7849,,,361.4833354949951,,,,,,,
,7849,,0.38433074951171875,,,,,,,,
,7899,,,359.94744300842285,,,,,,,
,7899,,8.551836013793945,,,,,,,,
,7949,,,353.7571430206299,,,,,,,
,7949,,0.38623809814453125,,,,,,,,
,7999,,,368.847131729126,,,,,,,
,7999,,8.484840393066406,,,,,,,,
,8049,,,350.5709171295166,,,,,,,
,8049,,0.4124641418457031,,,,,,,,
,8099,,,348.1929302215576,,,,,,,
,8099,,10.394811630249023,,,,,,,,
,8149,,,426.11026763916016,,,,,,,
,8149,,1.2638568878173828,,,,,,,,
,8199,,,423.0666160583496,,,,,,,
,8199,,8.446216583251953,,,,,,,,
,8249,,,412.17780113220215,,,,,,,
,8249,,0.45418739318847656,,,,,,,,
,8299,,,413.33961486816406,,,,,,,
,8299,,8.411884307861328,,,,,,,,
,8349,,,412.78672218322754,,,,,,,
,8349,,0.4239082336425781,,,,,,,,
,8399,,,412.3990535736084,,,,,,,
,8399,,8.37254524230957,,,,,,,,
,8449,,,411.8077754974365,,,,,,,
,8449,,0.4210472106933594,,,,,,,,
,8499,,,412.9502773284912,,,,,,,
,8499,,8.199453353881836,,,,,,,,
,8549,,,411.88526153564453,,,,,,,
,8549,,0.42438507080078125,,,,,,,,
,8599,,,412.10436820983887,,,,,,,
,8599,,8.352279663085938,,,,,,,,
,8649,,,426.44262313842773,,,,,,,
,8649,,0.9365081787109375,,,,,,,,
,8699,,,412.5018119812012,,,,,,,
,8699,,16.177892684936523,,,,,,,,
,8749,,,413.4519100189209,,,,,,,
,8749,,0.3991127014160156,,,,,,,,
,8799,,,414.28399085998535,,,,,,,
,8799,,16.028404235839844,,,,,,,,
,8849,,,415.82393646240234,,,,,,,
,8849,,0.38909912109375,,,,,,,,
,8899,,,420.24755477905273,,,,,,,
,8899,,8.378982543945312,,,,,,,,
,8949,,,421.8766689300537,,,,,,,
,8949,,0.3986358642578125,,,,,,,,
,8999,,,414.2639636993408,,,,,,,
,8999,,16.3421630859375,,,,,,,,
,9049,,,415.41028022766113,,,,,,,
,9049,,0.4749298095703125,,,,,,,,
,9099,,,412.91260719299316,,,,,,,
,9099,,16.559600830078125,,,,,,,,
,9149,,,412.77551651000977,,,,,,,
,9149,,0.44035911560058594,,,,,,,,
,9199,,,412.8293991088867,,,,,,,
,9199,,8.385896682739258,,,,,,,,
,9249,,,423.6636161804199,,,,,,,
,9249,,0.45228004455566406,,,,,,,,
,9299,,,412.9915237426758,,,,,,,
,9299,,8.25047492980957,,,,,,,,
,9349,,,419.9032783508301,,,,,,,
,9349,,0.4010200500488281,,,,,,,,
,9399,,,412.11962699890137,,,,,,,
,9399,,8.515119552612305,,,,,,,,
,9449,,,416.8689250946045,,,,,,,
,9449,,0.3960132598876953,,,,,,,,
,9499,,,420.121431350708,,,,,,,
,9499,,15.523672103881836,,,,,,,,
,9549,,,412.31465339660645,,,,,,,
,9549,,0.3883838653564453,,,,,,,,
,9599,,,419.95859146118164,,,,,,,
,9599,,13.915777206420898,,,,,,,,
,9649,,,421.0371971130371,,,,,,,
,9649,,0.40340423583984375,,,,,,,,
,9699,,,417.6363945007324,,,,,,,
,9699,,7.92384147644043,,,,,,,,
,9749,,,412.0049476623535,,,,,,,
,9749,,0.3948211669921875,,,,,,,,
,9799,,,420.6662178039551,,,,,,,
,9799,,8.177757263183594,,,,,,,,
,9849,,,412.3871326446533,,,,,,,
,9849,,0.3974437713623047,,,,,,,,
,9899,,,412.37688064575195,,,,,,,
,9899,,8.323907852172852,,,,,,,,
,9949,,,420.3956127166748,,,,,,,
,9949,,0.40435791015625,,,,,,,,
,9999,,,426.0709285736084,,,,,,,
,9999,,15.637874603271484,,,,,,,,
,10049,,,629.7397613525391,,,,,,,
,10049,,0.4258155822753906,,,,,,,,
,10099,,,615.4272556304932,,,,,,,
,10099,,8.473396301269531,,,,,,,,
,10149,,,618.4535026550293,,,,,,,
,10149,,1.3463497161865234,,,,,,,,
,10199,,,616.9884204864502,,,,,,,
,10199,,8.070230484008789,,,,,,,,
,10249,,,615.9107685089111,,,,,,,
,10249,,0.44417381286621094,,,,,,,,
,10299,,,628.0133724212646,,,,,,,
,10299,,8.600711822509766,,,,,,,,
,10349,,,619.401216506958,,,,,,,
,10349,,0.9763240814208984,,,,,,,,
,10399,,,625.0200271606445,,,,,,,
,10399,,16.180753707885742,,,,,,,,
,10449,,,616.2757873535156,,,,,,,
,10449,,0.4420280456542969,,,,,,,,
,10499,,,617.9516315460205,,,,,,,
,10499,,8.811712265014648,,,,,,,,
,10549,,,616.9576644897461,,,,,,,
,10549,,0.4153251647949219,,,,,,,,
,10599,,,625.1711845397949,,,,,,,
,10599,,8.575439453125,,,,,,,,
,10649,,,634.8268985748291,,,,,,,
,10649,,1.192331314086914,,,,,,,,
,10699,,,618.4735298156738,,,,,,,
,10699,,8.778572082519531,,,,,,,,
,10749,,,615.4172420501709,,,,,,,
,10749,,0.41675567626953125,,,,,,,,
,10799,,,624.7689723968506,,,,,,,
,10799,,8.56328010559082,,,,,,,,
,10849,,,628.2165050506592,,,,,,,
,10849,,0.44465065002441406,,,,,,,,
,10899,,,623.6639022827148,,,,,,,
,10899,,8.50057601928711,,,,,,,,
,10949,,,624.9394416809082,,,,,,,
,10949,,0.4889965057373047,,,,,,,,
,10999,,,623.5108375549316,,,,,,,
,10999,,15.438079833984375,,,,,,,,
,11049,,,615.9658432006836,,,,,,,
,11049,,0.40650367736816406,,,,,,,,
,11099,,,628.1678676605225,,,,,,,
,11099,,8.63790512084961,,,,,,,,
,11149,,,617.5839900970459,,,,,,,
,11149,,0.43964385986328125,,,,,,,,
,11199,,,620.5151081085205,,,,,,,
,11199,,10.875940322875977,,,,,,,,
,11249,,,617.0084476470947,,,,,,,
,11249,,0.423431396484375,,,,,,,,
,11299,,,615.6761646270752,,,,,,,
,11299,,8.588790893554688,,,,,,,,
,11349,,,618.8960075378418,,,,,,,
,11349,,0.4749298095703125,,,,,,,,
,11399,,,615.6556606292725,,,,,,,
,11399,,8.580446243286133,,,,,,,,
,11449,,,615.6997680664062,,,,,,,
,11449,,0.4112720489501953,,,,,,,,
,11499,,,614.7034168243408,,,,,,,
,11499,,8.044719696044922,,,,,,,,
,11549,,,615.7338619232178,,,,,,,
,11549,,0.4563331604003906,,,,,,,,
,11599,,,615.4310703277588,,,,,,,
,11599,,17.194747924804688,,,,,,,,
,11649,,,624.6347427368164,,,,,,,
,11649,,0.4401206970214844,,,,,,,,
,11699,,,622.6377487182617,,,,,,,
,11699,,8.69607925415039,,,,,,,,
,11749,,,619.9347972869873,,,,,,,
,11749,,0.4112720489501953,,,,,,,,
,11799,,,635.9546184539795,,,,,,,
,11799,,8.74185562133789,,,,,,,,
,11849,,,617.5830364227295,,,,,,,
,11849,,0.46324729919433594,,,,,,,,
,11899,,,635.382890701294,,,,,,,
,11899,,14.642953872680664,,,,,,,,
,11949,,,614.6647930145264,,,,,,,
,11949,,0.4119873046875,,,,,,,,
,11999,,,615.9160137176514,,,,,,,
,11999,,8.673906326293945,,,,,,,,
,12049,,,629.0555000305176,,,,,,,
,12049,,1.4362335205078125,,,,,,,,
,12099,,,613.9225959777832,,,,,,,
,12099,,17.05193519592285,,,,,,,,
,12149,,,616.1417961120605,,,,,,,
,12149,,0.4527568817138672,,,,,,,,
,12199,,,614.661693572998,,,,,,,
,12199,,16.937255859375,,,,,,,,
,12249,,,622.6375102996826,,,,,,,
,12249,,0.4184246063232422,,,,,,,,
,12299,,,628.4263134002686,,,,,,,
,12299,,14.410257339477539,,,,,,,,
,12349,,,631.3624382019043,,,,,,,
,12349,,0.4074573516845703,,,,,,,,
,12399,,,617.3832416534424,,,,,,,
,12399,,8.792877197265625,,,,,,,,
,12449,,,614.7708892822266,,,,,,,
,12449,,1.3265609741210938,,,,,,,,
,12499,,,632.0300102233887,,,,,,,
,12499,,12.600421905517578,,,,,,,,
,12549,,,619.0462112426758,,,,,,,
,12549,,1.2967586517333984,,,,,,,,
,12599,,,623.680591583252,,,,,,,
,12599,,14.15872573852539,,,,,,,,
,12649,,,511.31725311279297,,,,,,,
,12649,,1.2884140014648438,,,,,,,,
,12699,,,509.46640968322754,,,,,,,
,12699,,8.403539657592773,,,,,,,,
,12749,,,510.29062271118164,,,,,,,
,12749,,0.41937828063964844,,,,,,,,
,12799,,,510.18714904785156,,,,,,,
,12799,,8.413553237915039,,,,,,,,
,12849,,,518.6061859130859,,,,,,,
,12849,,0.3845691680908203,,,,,,,,
,12899,,,519.8686122894287,,,,,,,
,12899,,8.421897888183594,,,,,,,,
,12949,,,522.169828414917,,,,,,,
,12949,,0.8091926574707031,,,,,,,,
,12999,,,510.9097957611084,,,,,,,
,12999,,8.539676666259766,,,,,,,,
,13049,,,510.39862632751465,,,,,,,
,13049,,0.38623809814453125,,,,,,,,
,13099,,,509.90819931030273,,,,,,,
,13099,,8.461952209472656,,,,,,,,
,13149,,,514.6870613098145,,,,,,,
,13149,,0.5621910095214844,,,,,,,,
,13199,,,518.4967517852783,,,,,,,
,13199,,8.694171905517578,,,,,,,,
,13249,,,510.6639862060547,,,,,,,
,13249,,0.37288665771484375,,,,,,,,
,13299,,,517.4925327301025,,,,,,,
,13299,,8.366823196411133,,,,,,,,
,13349,,,515.4986381530762,,,,,,,
,13349,,1.2197494506835938,,,,,,,,
,13399,,,515.0294303894043,,,,,,,
,13399,,13.751745223999023,,,,,,,,
,13449,,,512.0213031768799,,,,,,,
,13449,,0.3902912139892578,,,,,,,,
,13499,,,510.6477737426758,,,,,,,
,13499,,8.446693420410156,,,,,,,,
,13549,,,510.7591152191162,,,,,,,
,13549,,0.3952980041503906,,,,,,,,
,13599,,,516.106367111206,,,,,,,
,13599,,14.795780181884766,,,,,,,,
,13649,,,509.6933841705322,,,,,,,
,13649,,0.4029273986816406,,,,,,,,
,13699,,,519.6230411529541,,,,,,,
,13699,,8.438348770141602,,,,,,,,
,13749,,,511.3234519958496,,,,,,,
,13749,,0.41961669921875,,,,,,,,
,13799,,,524.5022773742676,,,,,,,
,13799,,8.452892303466797,,,,,,,,
,13849,,,519.4311141967773,,,,,,,
,13849,,0.3857612609863281,,,,,,,,
,13899,,,528.1109809875488,,,,,,,
,13899,,8.516550064086914,,,,,,,,
,13949,,,519.6866989135742,,,,,,,
,13949,,0.3864765167236328,,,,,,,,
,13999,,,512.9456520080566,,,,,,,
,13999,,7.978677749633789,,,,,,,,
,14049,,,518.4054374694824,,,,,,,
,14049,,0.36406517028808594,,,,,,,,
,14099,,,518.3107852935791,,,,,,,
,14099,,8.409738540649414,,,,,,,,
,14149,,,513.066291809082,,,,,,,
,14149,,0.3762245178222656,,,,,,,,
,14199,,,530.982494354248,,,,,,,
,14199,,14.725685119628906,,,,,,,,
,14249,,,521.8825340270996,,,,,,,
,14249,,0.39505958557128906,,,,,,,,
,14299,,,521.9087600708008,,,,,,,
,14299,,8.300065994262695,,,,,,,,
,14349,,,514.1596794128418,,,,,,,
,14349,,0.4029273986816406,,,,,,,,
,14399,,,512.7694606781006,,,,,,,
,14399,,8.424043655395508,,,,,,,,
,14449,,,519.9241638183594,,,,,,,
,14449,,0.3819465637207031,,,,,,,,
,14499,,,514.7936344146729,,,,,,,
,14499,,8.044719696044922,,,,,,,,
,14549,,,514.6148204803467,,,,,,,
,14549,,0.4260540008544922,,,,,,,,
,14599,,,531.1131477355957,,,,,,,
,14599,,8.492469787597656,,,,,,,,
,14649,,,531.3706398010254,,,,,,,
,14649,,0.4100799560546875,,,,,,,,
,14699,,,530.6503772735596,,,,,,,
,14699,,8.469820022583008,,,,,,,,
,14749,,,513.0507946014404,,,,,,,
,14749,,0.4303455352783203,,,,,,,,
,14799,,,532.2632789611816,,,,,,,
,14799,,15.25425910949707,,,,,,,,
,14849,,,517.6024436950684,,,,,,,
,14849,,0.396728515625,,,,,,,,
,14899,,,519.1206932067871,,,,,,,
,14899,,8.588790893554688,,,,,,,,
,14949,,,513.2720470428467,,,,,,,
,14949,,0.37169456481933594,,,,,,,,
,14999,,,523.2512950897217,,,,,,,
,14999,,15.756607055664062,,,,,,,,
,15049,,,694.8485374450684,,,,,,,
,15049,,0.39005279541015625,,,,,,,,
,15099,,,699.5184421539307,,,,,,,
,15099,,11.809349060058594,,,,,,,,
,15149,,,686.9852542877197,,,,,,,
,15149,,0.38695335388183594,,,,,,,,
,15199,,,698.0860233306885,,,,,,,
,15199,,8.812189102172852,,,,,,,,
,15249,,,687.8516674041748,,,,,,,
,15249,,1.2497901916503906,,,,,,,,
,15299,,,688.6086463928223,,,,,,,
,15299,,8.811473846435547,,,,,,,,
,15349,,,712.2654914855957,,,,,,,
,15349,,1.432657241821289,,,,,,,,
,15399,,,706.6061496734619,,,,,,,
,15399,,12.653350830078125,,,,,,,,
,15449,,,688.1983280181885,,,,,,,
,15449,,0.4024505615234375,,,,,,,,
,15499,,,713.8760089874268,,,,,,,
,15499,,8.293867111206055,,,,,,,,
,15549,,,708.9581489562988,,,,,,,
,15549,,1.3494491577148438,,,,,,,,
,15599,,,708.2946300506592,,,,,,,
,15599,,8.702278137207031,,,,,,,,
,15649,,,689.0928745269775,,,,,,,
,15649,,0.4291534423828125,,,,,,,,
,15699,,,695.9249973297119,,,,,,,
,15699,,17.611265182495117,,,,,,,,
,15749,,,751.2829303741455,,,,,,,
,15749,,0.5483627319335938,,,,,,,,
,15799,,,752.5293827056885,,,,,,,
,15799,,12.470006942749023,,,,,,,,
,15849,,,757.2982311248779,,,,,,,
,15849,,1.5006065368652344,,,,,,,,
,15899,,,737.551212310791,,,,,,,
,15899,,9.842157363891602,,,,,,,,
,15949,,,914.6583080291748,,,,,,,
,15949,,0.7116794586181641,,,,,,,,
,15999,,,742.4235343933105,,,,,,,
,15999,,9.834051132202148,,,,,,,,
,16049,,,760.8127593994141,,,,,,,
,16049,,0.6773471832275391,,,,,,,,
,16099,,,775.2132415771484,,,,,,,
,16099,,11.101484298706055,,,,,,,,
,16149,,,802.727460861206,,,,,,,
,16149,,0.6222724914550781,,,,,,,,
,16199,,,753.5305023193359,,,,,,,
,16199,,12.854814529418945,,,,,,,,
,16249,,,737.3678684234619,,,,,,,
,16249,,0.6213188171386719,,,,,,,,
,16299,,,746.0649013519287,,,,,,,
,16299,,10.044574737548828,,,,,,,,
,16349,,,750.537633895874,,,,,,,
,16349,,0.6613731384277344,,,,,,,,
,16399,,,782.1176052093506,,,,,,,
,16399,,9.23466682434082,,,,,,,,
,16449,,,793.5779094696045,,,,,,,
,16449,,0.6225109100341797,,,,,,,,
,16499,,,734.3864440917969,,,,,,,
,16499,,9.87863540649414,,,,,,,,
,16549,,,752.758264541626,,,,,,,
,16549,,0.6403923034667969,,,,,,,,
,16599,,,752.5842189788818,,,,,,,
,16599,,10.151147842407227,,,,,,,,
,16649,,,805.8826923370361,,,,,,,
,16649,,0.6153583526611328,,,,,,,,
,16699,,,812.8063678741455,,,,,,,
,16699,,21.8508243560791,,,,,,,,
,16749,,,743.474006652832,,,,,,,
,16749,,0.7035732269287109,,,,,,,,
,16799,,,745.5105781555176,,,,,,,
,16799,,16.805171966552734,,,,,,,,
,16849,,,752.2149085998535,,,,,,,
,16849,,1.5120506286621094,,,,,,,,
,16899,,,734.872579574585,,,,,,,
,16899,,13.08751106262207,,,,,,,,
,16949,,,740.048885345459,,,,,,,
,16949,,0.6186962127685547,,,,,,,,
,16999,,,742.5618171691895,,,,,,,
,16999,,9.765148162841797,,,,,,,,
,17049,,,750.8113384246826,,,,,,,
,17049,,0.6494522094726562,,,,,,,,
,17099,,,739.5315170288086,,,,,,,
,17099,,9.765863418579102,,,,,,,,
,17149,,,736.9430065155029,,,,,,,
,17149,,1.190185546875,,,,,,,,
,17199,,,745.0394630432129,,,,,,,
,17199,,9.329080581665039,,,,,,,,
,17249,,,745.9437847137451,,,,,,,
,17249,,0.5686283111572266,,,,,,,,
,17299,,,1335.0715637207031,,,,,,,
,17299,,9.149789810180664,,,,,,,,
,17349,,,743.9510822296143,,,,,,,
,17349,,0.6189346313476562,,,,,,,,
,17399,,,741.3187026977539,,,,,,,
,17399,,13.50259780883789,,,,,,,,
,17449,,,739.8843765258789,,,,,,,
,17449,,1.466989517211914,,,,,,,,
,17499,,,738.6946678161621,,,,,,,
,17499,,9.403228759765625,,,,,,,,
,17549,,,734.0352535247803,,,,,,,
,17549,,0.8671283721923828,,,,,,,,
,17599,,,734.9927425384521,,,,,,,
,17599,,9.740352630615234,,,,,,,,
,17649,,,763.8323307037354,,,,,,,
,17649,,1.2416839599609375,,,,,,,,
,17699,,,749.6592998504639,,,,,,,
,17699,,9.829521179199219,,,,,,,,
,17749,,,738.9481067657471,,,,,,,
,17749,,0.5390644073486328,,,,,,,,
,17799,,,739.2458915710449,,,,,,,
,17799,,9.875059127807617,,,,,,,,
,17849,,,751.1007785797119,,,,,,,
,17849,,1.4612674713134766,,,,,,,,
,17899,,,743.0615425109863,,,,,,,
,17899,,9.102106094360352,,,,,,,,
,17949,,,743.4463500976562,,,,,,,
,17949,,0.6067752838134766,,,,,,,,
,17999,,,736.4554405212402,,,,,,,
,17999,,9.675979614257812,,,,,,,,
,18049,,,777.4913311004639,,,,,,,
,18049,,1.4088153839111328,,,,,,,,
,18099,,,739.250659942627,,,,,,,
,18099,,9.814023971557617,,,,,,,,
,18149,,,739.1922473907471,,,,,,,
,18149,,0.5645751953125,,,,,,,,
,18199,,,738.8327121734619,,,,,,,
,18199,,9.687185287475586,,,,,,,,
,18249,,,736.9439601898193,,,,,,,
,18249,,1.3790130615234375,,,,,,,,
,18299,,,741.896390914917,,,,,,,
,18299,,9.750604629516602,,,,,,,,
,18349,,,738.283634185791,,,,,,,
,18349,,0.5941390991210938,,,,,,,,
,18399,,,752.5825500488281,,,,,,,
,18399,,14.204025268554688,,,,,,,,
,18449,,,749.9403953552246,,,,,,,
,18449,,0.48232078552246094,,,,,,,,
,18499,,,737.2491359710693,,,,,,,
,18499,,14.660120010375977,,,,,,,,
,18549,,,781.41188621521,,,,,,,
,18549,,0.6020069122314453,,,,,,,,
,18599,,,747.6751804351807,,,,,,,
,18599,,9.908199310302734,,,,,,,,
,18649,,,744.1699504852295,,,,,,,
,18649,,0.7708072662353516,,,,,,,,
,18699,,,738.9686107635498,,,,,,,
,18699,,17.205238342285156,,,,,,,,
,18749,,,734.2383861541748,,,,,,,
,18749,,0.5521774291992188,,,,,,,,
,18799,,,745.0008392333984,,,,,,,
,18799,,9.706735610961914,,,,,,,,
,18849,,,754.173994064331,,,,,,,
,18849,,0.8025169372558594,,,,,,,,
,18899,,,744.7283267974854,,,,,,,
,18899,,9.331464767456055,,,,,,,,
,18949,,,736.3150119781494,,,,,,,
,18949,,0.6618499755859375,,,,,,,,
,18999,,,733.3652973175049,,,,,,,
,18999,,9.95326042175293,,,,,,,,
,19049,,,771.9230651855469,,,,,,,
,19049,,0.5729198455810547,,,,,,,,
,19099,,,745.781660079956,,,,,,,
,19099,,13.048887252807617,,,,,,,,
,19149,,,733.5050106048584,,,,,,,
,19149,,0.6134510040283203,,,,,,,,
,19199,,,741.0449981689453,,,,,,,
,19199,,9.762287139892578,,,,,,,,
,19249,,,744.6198463439941,,,,,,,
,19249,,1.4603137969970703,,,,,,,,
,19299,,,738.0466461181641,,,,,,,
,19299,,9.73820686340332,,,,,,,,
,19349,,,732.8917980194092,,,,,,,
,19349,,0.469207763671875,,,,,,,,
,19399,,,748.6727237701416,,,,,,,
,19399,,12.875556945800781,,,,,,,,
,19449,,,780.2629470825195,,,,,,,
,19449,,1.524209976196289,,,,,,,,
,19499,,,748.6996650695801,,,,,,,
,19499,,13.016700744628906,,,,,,,,
,19549,,,738.2829189300537,,,,,,,
,19549,,0.5991458892822266,,,,,,,,
,19599,,,722.5296497344971,,,,,,,
,19599,,9.468317031860352,,,,,,,,
,19649,,,755.211353302002,,,,,,,
,19649,,1.283407211303711,,,,,,,,
,19699,,,756.5743923187256,,,,,,,
,19699,,9.899139404296875,,,,,,,,
,19749,,,739.713191986084,,,,,,,
,19749,,0.5567073822021484,,,,,,,,
,19799,,,759.0727806091309,,,,,,,
,19799,,9.413719177246094,,,,,,,,
,19849,,,743.0565357208252,,,,,,,
,19849,,0.5128383636474609,,,,,,,,
,19899,,,734.6947193145752,,,,,,,
,19899,,9.896993637084961,,,,,,,,
,19949,,,759.2363357543945,,,,,,,
,19949,,0.6921291351318359,,,,,,,,
,19999,,,726.708173751831,,,,,,,
,19999,,9.55343246459961,,,,,,,,
,20049,,,1016.6544914245605,,,,,,,
,20049,,1.5637874603271484,,,,,,,,
,20099,,,816.2524700164795,,,,,,,
,20099,,9.552717208862305,,,,,,,,
,20149,,,843.2116508483887,,,,,,,
,20149,,1.477956771850586,,,,,,,,
,20199,,,823.803186416626,,,,,,,
,20199,,21.607160568237305,,,,,,,,
,20249,,,826.9104957580566,,,,,,,
,20249,,1.5113353729248047,,,,,,,,
,20299,,,838.2978439331055,,,,,,,
,20299,,10.054588317871094,,,,,,,,
,20349,,,818.7727928161621,,,,,,,
,20349,,1.3723373413085938,,,,,,,,
,20399,,,838.721752166748,,,,,,,
,20399,,13.020515441894531,,,,,,,,
,20449,,,825.3238201141357,,,,,,,
,20449,,3.4041404724121094,,,,,,,,
,20499,,,821.7196464538574,,,,,,,
,20499,,9.309530258178711,,,,,,,,
,20549,,,816.0288333892822,,,,,,,
,20549,,1.2259483337402344,,,,,,,,
,20599,,,862.7340793609619,,,,,,,
,20599,,12.903928756713867,,,,,,,,
,20649,,,846.4455604553223,,,,,,,
,20649,,2.4442672729492188,,,,,,,,
,20699,,,823.0147361755371,,,,,,,
,20699,,10.090827941894531,,,,,,,,
,20749,,,823.5249519348145,,,,,,,
,20749,,1.3701915740966797,,,,,,,,
,20799,,,932.6198101043701,,,,,,,
,20799,,13.533353805541992,,,,,,,,
,20849,,,831.0010433197021,,,,,,,
,20849,,2.9516220092773438,,,,,,,,
,20899,,,824.1302967071533,,,,,,,
,20899,,13.268470764160156,,,,,,,,
,20949,,,835.5057239532471,,,,,,,
,20949,,1.5146732330322266,,,,,,,,
,20999,,,837.4943733215332,,,,,,,
,20999,,10.150909423828125,,,,,,,,
,21049,,,827.0406723022461,,,,,,,
,21049,,1.4548301696777344,,,,,,,,
,21099,,,831.7556381225586,,,,,,,
,21099,,9.485721588134766,,,,,,,,
,21149,,,836.6110324859619,,,,,,,
,21149,,2.2444725036621094,,,,,,,,
,21199,,,826.4050483703613,,,,,,,
,21199,,9.90438461303711,,,,,,,,
,21249,,,833.7769508361816,,,,,,,
,21249,,3.1909942626953125,,,,,,,,
,21299,,,855.6559085845947,,,,,,,
,21299,,9.991168975830078,,,,,,,,
,21349,,,827.7485370635986,,,,,,,
,21349,,1.2450218200683594,,,,,,,,
,21399,,,1374.194622039795,,,,,,,
,21399,,9.413480758666992,,,,,,,,
,21449,,,829.4155597686768,,,,,,,
,21449,,1.4157295227050781,,,,,,,,
,21499,,,891.6938304901123,,,,,,,
,21499,,14.432907104492188,,,,,,,,
,21549,,,828.0606269836426,,,,,,,
,21549,,1.4567375183105469,,,,,,,,
,21599,,,809.8006248474121,,,,,,,
,21599,,8.994102478027344,,,,,,,,
,21649,,,826.6680240631104,,,,,,,
,21649,,1.4312267303466797,,,,,,,,
,21699,,,814.8105144500732,,,,,,,
,21699,,9.728193283081055,,,,,,,,
,21749,,,860.0361347198486,,,,,,,
,21749,,1.4579296112060547,,,,,,,,
,21799,,,820.9254741668701,,,,,,,
,21799,,9.871244430541992,,,,,,,,
,21849,,,830.5826187133789,,,,,,,
,21849,,3.137826919555664,,,,,,,,
,21899,,,830.9524059295654,,,,,,,
,21899,,15.268564224243164,,,,,,,,
,21949,,,826.007604598999,,,,,,,
,21949,,2.7132034301757812,,,,,,,,
,21999,,,828.0465602874756,,,,,,,
,21999,,9.886980056762695,,,,,,,,
,22049,,,820.2004432678223,,,,,,,
,22049,,2.027273178100586,,,,,,,,
,22099,,,832.2639465332031,,,,,,,
,22099,,9.89842414855957,,,,,,,,
,22149,,,833.5154056549072,,,,,,,
,22149,,1.470804214477539,,,,,,,,
,22199,,,835.9637260437012,,,,,,,
,22199,,15.25259017944336,,,,,,,,
,22249,,,871.3381290435791,,,,,,,
,22249,,1.4224052429199219,,,,,,,,
,22299,,,824.0118026733398,,,,,,,
,22299,,9.983301162719727,,,,,,,,
,22349,,,933.7723255157471,,,,,,,
,22349,,1.5597343444824219,,,,,,,,
,22399,,,807.0249557495117,,,,,,,
,22399,,9.582757949829102,,,,,,,,
,22449,,,840.9228324890137,,,,,,,
,22449,,1.6484260559082031,,,,,,,,
,22499,,,836.4818096160889,,,,,,,
,22499,,9.417057037353516,,,,,,,,
,22549,,,842.2873020172119,,,,,,,
,22549,,3.215789794921875,,,,,,,,
,22599,,,842.7984714508057,,,,,,,
,22599,,10.045766830444336,,,,,,,,
,22649,,,837.165355682373,,,,,,,
,22649,,1.455068588256836,,,,,,,,
,22699,,,843.2433605194092,,,,,,,
,22699,,10.746240615844727,,,,,,,,
,22749,,,825.8001804351807,,,,,,,
,22749,,3.240346908569336,,,,,,,,
,22799,,,850.5094051361084,,,,,,,
,22799,,9.530067443847656,,,,,,,,
,22849,,,857.7911853790283,,,,,,,
,22849,,1.5175342559814453,,,,,,,,
,22899,,,832.4785232543945,,,,,,,
,22899,,12.34126091003418,,,,,,,,
,22949,,,834.7740173339844,,,,,,,
,22949,,1.5435218811035156,,,,,,,,
,22999,,,841.0632610321045,,,,,,,
,22999,,11.525630950927734,,,,,,,,
,23049,,,823.8964080810547,,,,,,,
,23049,,1.4421939849853516,,,,,,,,
,23099,,,817.5959587097168,,,,,,,
,23099,,9.292840957641602,,,,,,,,
,23149,,,838.6671543121338,,,,,,,
,23149,,1.6095638275146484,,,,,,,,
,23199,,,843.6903953552246,,,,,,,
,23199,,10.221719741821289,,,,,,,,
,23249,,,840.369462966919,,,,,,,
,23249,,1.5416145324707031,,,,,,,,
,23299,,,852.9574871063232,,,,,,,
,23299,,10.684967041015625,,,,,,,,
,23349,,,877.3798942565918,,,,,,,
,23349,,1.6016960144042969,,,,,,,,
,23399,,,851.0322570800781,,,,,,,
,23399,,10.119199752807617,,,,,,,,
,23449,,,840.1374816894531,,,,,,,
,23449,,2.5098323822021484,,,,,,,,
,23499,,,855.7147979736328,,,,,,,
,23499,,9.959220886230469,,,,,,,,
,23549,,,854.5808792114258,,,,,,,
,23549,,2.7256011962890625,,,,,,,,
,23599,,,836.6129398345947,,,,,,,
,23599,,12.399435043334961,,,,,,,,
,23649,,,832.6175212860107,,,,,,,
,23649,,1.5900135040283203,,,,,,,,
,23699,,,838.3660316467285,,,,,,,
,23699,,13.586759567260742,,,,,,,,
,23749,,,832.2157859802246,,,,,,,
,23749,,1.4309883117675781,,,,,,,,
,23799,,,817.8536891937256,,,,,,,
,23799,,9.93967056274414,,,,,,,,
,23849,,,825.3192901611328,,,,,,,
,23849,,1.5730857849121094,,,,,,,,
,23899,,,826.6608715057373,,,,,,,
,23899,,9.580373764038086,,,,,,,,
,23949,,,830.1479816436768,,,,,,,
,23949,,1.5888214111328125,,,,,,,,
,23999,,,825.8872032165527,,,,,,,
,23999,,10.169506072998047,,,,,,,,
,24049,,,841.3655757904053,,,,,,,
,24049,,1.4941692352294922,,,,,,,,
,24099,,,828.6747932434082,,,,,,,
,24099,,12.299299240112305,,,,,,,,
,24149,,,830.9988975524902,,,,,,,
,24149,,1.5637874603271484,,,,,,,,
,24199,,,844.6650505065918,,,,,,,
,24199,,16.254186630249023,,,,,,,,
,24249,,,817.5570964813232,,,,,,,
,24249,,1.5425682067871094,,,,,,,,
,24299,,,860.1996898651123,,,,,,,
,24299,,13.430595397949219,,,,,,,,
,24349,,,834.3486785888672,,,,,,,
,24349,,1.5020370483398438,,,,,,,,
,24399,,,1023.256778717041,,,,,,,
,24399,,10.88714599609375,,,,,,,,
,24449,,,890.1205062866211,,,,,,,
,24449,,1.5838146209716797,,,,,,,,
,24499,,,909.7690582275391,,,,,,,
,24499,,11.33108139038086,,,,,,,,
,24549,,,887.6464366912842,,,,,,,
,24549,,2.164602279663086,,,,,,,,
,24599,,,849.327802658081,,,,,,,
,24599,,12.237787246704102,,,,,,,,
,24649,,,832.6358795166016,,,,,,,
,24649,,1.5778541564941406,,,,,,,,
,24699,,,831.5603733062744,,,,,,,
,24699,,11.891365051269531,,,,,,,,
,24749,,,934.9792003631592,,,,,,,
,24749,,1.7802715301513672,,,,,,,,
,24799,,,827.5625705718994,,,,,,,
,24799,,9.43613052368164,,,,,,,,
,24849,,,838.233470916748,,,,,,,
,24849,,1.5268325805664062,,,,,,,,
,24899,,,859.025239944458,,,,,,,
,24899,,10.305166244506836,,,,,,,,
,24949,,,827.8787136077881,,,,,,,
,24949,,1.5141963958740234,,,,,,,,
,24999,,,848.477840423584,,,,,,,
,24999,,11.288881301879883,,,,,,,,
,25049,,,1489.3085956573486,,,,,,,
,25049,,2.159595489501953,,,,,,,,
,25099,,,1567.0945644378662,,,,,,,
,25099,,10.679483413696289,,,,,,,,
,25149,,,1838.6948108673096,,,,,,,
,25149,,2.851247787475586,,,,,,,,
,25199,,,1477.2608280181885,,,,,,,
,25199,,9.487390518188477,,,,,,,,
,25249,,,1474.9183654785156,,,,,,,
,25249,,2.2742748260498047,,,,,,,,
,25299,,,1472.240686416626,,,,,,,
,25299,,9.45281982421875,,,,,,,,
,25349,,,1492.0403957366943,,,,,,,
,25349,,2.25067138671875,,,,,,,,
,25399,,,1485.443353652954,,,,,,,
,25399,,10.890483856201172,,,,,,,,
,25449,,,1494.6765899658203,,,,,,,
,25449,,3.1423568725585938,,,,,,,,
,25499,,,1463.9267921447754,,,,,,,
,25499,,10.704278945922852,,,,,,,,
,25549,,,1485.203504562378,,,,,,,
,25549,,2.4378299713134766,,,,,,,,
,25599,,,1483.0436706542969,,,,,,,
,25599,,10.50114631652832,,,,,,,,
,25649,,,1519.017219543457,,,,,,,
,25649,,2.3055076599121094,,,,,,,,
,25699,,,1505.429983139038,,,,,,,
,25699,,14.112710952758789,,,,,,,,
,25749,,,1474.0264415740967,,,,,,,
,25749,,2.2706985473632812,,,,,,,,
,25799,,,1499.7615814208984,,,,,,,
,25799,,10.430574417114258,,,,,,,,
,25849,,,1508.772850036621,,,,,,,
,25849,,2.3474693298339844,,,,,,,,
,25899,,,1510.3473663330078,,,,,,,
,25899,,11.244535446166992,,,,,,,,
,25949,,,1503.2262802124023,,,,,,,
,25949,,2.148151397705078,,,,,,,,
,25999,,,1476.5546321868896,,,,,,,
,25999,,11.04426383972168,,,,,,,,
,26049,,,1486.0374927520752,,,,,,,
,26049,,2.3496150970458984,,,,,,,,
,26099,,,1486.227035522461,,,,,,,
,26099,,11.523723602294922,,,,,,,,
,26149,,,1471.1759090423584,,,,,,,
,26149,,2.035379409790039,,,,,,,,
,26199,,,1503.1540393829346,,,,,,,
,26199,,11.072874069213867,,,,,,,,
,26249,,,1532.7599048614502,,,,,,,
,26249,,3.1261444091796875,,,,,,,,
,26299,,,1502.3963451385498,,,,,,,
,26299,,9.5672607421875,,,,,,,,
,26349,,,1489.4847869873047,,,,,,,
,26349,,2.3000240325927734,,,,,,,,
,26399,,,1543.1716442108154,,,,,,,
,26399,,10.610103607177734,,,,,,,,
,26449,,,1464.6868705749512,,,,,,,
,26449,,0.7398128509521484,,,,,,,,
,26499,,,1475.1648902893066,,,,,,,
,26499,,11.01374626159668,,,,,,,,
,26549,,,1451.1375427246094,,,,,,,
,26549,,1.9009113311767578,,,,,,,,
,26599,,,1425.4775047302246,,,,,,,
,26599,,10.189533233642578,,,,,,,,
,26649,,,1363.6727333068848,,,,,,,
,26649,,3.028392791748047,,,,,,,,
,26699,,,1369.0540790557861,,,,,,,
,26699,,9.602069854736328,,,,,,,,
,26749,,,1370.3804016113281,,,,,,,
,26749,,1.7464160919189453,,,,,,,,
,26799,,,1379.8692226409912,,,,,,,
,26799,,9.861946105957031,,,,,,,,
,26849,,,1360.0411415100098,,,,,,,
,26849,,1.6911029815673828,,,,,,,,
,26899,,,1366.5554523468018,,,,,,,
,26899,,9.649276733398438,,,,,,,,
,26949,,,1491.335153579712,,,,,,,
,26949,,2.5818347930908203,,,,,,,,
,26999,,,1845.3679084777832,,,,,,,
,26999,,11.188268661499023,,,,,,,,
,27049,,,1504.544973373413,,,,,,,
,27049,,3.505706787109375,,,,,,,,
,27099,,,1515.3729915618896,,,,,,,
,27099,,11.518478393554688,,,,,,,,
,27149,,,1490.1106357574463,,,,,,,
,27149,,2.6340484619140625,,,,,,,,
,27199,,,1482.7744960784912,,,,,,,
,27199,,14.19830322265625,,,,,,,,
,27249,,,1504.1437149047852,,,,,,,
,27249,,2.6559829711914062,,,,,,,,
,27299,,,1929.6910762786865,,,,,,,
,27299,,14.564752578735352,,,,,,,,
,27349,,,1532.325029373169,,,,,,,
,27349,,2.6407241821289062,,,,,,,,
,27399,,,1505.3026676177979,,,,,,,
,27399,,9.473085403442383,,,,,,,,
,27449,,,1490.1914596557617,,,,,,,
,27449,,2.557516098022461,,,,,,,,
,27499,,,1477.8883457183838,,,,,,,
,27499,,11.245489120483398,,,,,,,,
,27549,,,1875.2834796905518,,,,,,,
,27549,,2.2459030151367188,,,,,,,,
,27599,,,1566.2810802459717,,,,,,,
,27599,,11.183738708496094,,,,,,,,
,27649,,,1500.403881072998,,,,,,,
,27649,,2.3343563079833984,,,,,,,,
,27699,,,1573.5254287719727,,,,,,,
,27699,,11.122941970825195,,,,,,,,
,27749,,,1481.1804294586182,,,,,,,
,27749,,2.3059844970703125,,,,,,,,
,27799,,,1521.3942527770996,,,,,,,
,27799,,9.664058685302734,,,,,,,,
,27849,,,1516.629934310913,,,,,,,
,27849,,2.619028091430664,,,,,,,,
,27899,,,1573.939561843872,,,,,,,
,27899,,14.836788177490234,,,,,,,,
,27949,,,1495.821237564087,,,,,,,
,27949,,2.4268627166748047,,,,,,,,
,27999,,,1494.4283962249756,,,,,,,
,27999,,11.0015869140625,,,,,,,,
,28049,,,1496.1509704589844,,,,,,,
,28049,,2.529144287109375,,,,,,,,
,28099,,,1486.9384765625,,,,,,,
,28099,,11.151313781738281,,,,,,,,
,28149,,,1496.0551261901855,,,,,,,
,28149,,2.6590824127197266,,,,,,,,
,28199,,,1617.3679828643799,,,,,,,
,28199,,11.073827743530273,,,,,,,,
,28249,,,1496.62184715271,,,,,,,
,28249,,2.3593902587890625,,,,,,,,
,28299,,,1498.2733726501465,,,,,,,
,28299,,9.59157943725586,,,,,,,,
,28349,,,1491.0521507263184,,,,,,,
,28349,,2.2766590118408203,,,,,,,,
,28399,,,1480.9086322784424,,,,,,,
,28399,,11.022806167602539,,,,,,,,
,28449,,,1484.445571899414,,,,,,,
,28449,,2.408742904663086,,,,,,,,
,28499,,,1682.0127964019775,,,,,,,
,28499,,11.120319366455078,,,,,,,,
,28549,,,1683.1679344177246,,,,,,,
,28549,,0.6802082061767578,,,,,,,,
,28599,,,1610.7347011566162,,,,,,,
,28599,,12.722969055175781,,,,,,,,
,28649,,,1503.5769939422607,,,,,,,
,28649,,2.2339820861816406,,,,,,,,
,28699,,,1491.6388988494873,,,,,,,
,28699,,11.34037971496582,,,,,,,,
,28749,,,1491.0502433776855,,,,,,,
,28749,,3.167390823364258,,,,,,,,
,28799,,,1484.5514297485352,,,,,,,
,28799,,10.668754577636719,,,,,,,,
,28849,,,1575.256109237671,,,,,,,
,28849,,2.450227737426758,,,,,,,,
,28899,,,1526.087999343872,,,,,,,
,28899,,11.585712432861328,,,,,,,,
,28949,,,1487.0483875274658,,,,,,,
,28949,,2.302885055541992,,,,,,,,
,28999,,,1464.4205570220947,,,,,,,
,28999,,10.681390762329102,,,,,,,,
,29049,,,1502.5546550750732,,,,,,,
,29049,,4.65846061706543,,,,,,,,
,29099,,,1495.023488998413,,,,,,,
,29099,,16.77536964416504,,,,,,,,
,29149,,,1504.349708557129,,,,,,,
,29149,,2.3393630981445312,,,,,,,,
,29199,,,1462.1126651763916,,,,,,,
,29199,,10.577678680419922,,,,,,,,
,29249,,,1508.6214542388916,,,,,,,
,29249,,2.3894309997558594,,,,,,,,
,29299,,,1516.6008472442627,,,,,,,
,29299,,11.232376098632812,,,,,,,,
,29349,,,1490.2033805847168,,,,,,,
,29349,,2.393960952758789,,,,,,,,
,29399,,,1478.7516593933105,,,,,,,
,29399,,11.208057403564453,,,,,,,,
,29449,,,1469.637393951416,,,,,,,
,29449,,2.233266830444336,,,,,,,,
,29499,,,1496.4005947113037,,,,,,,
,29499,,9.86480712890625,,,,,,,,
,29549,,,1483.1619262695312,,,,,,,
,29549,,2.2690296173095703,,,,,,,,
,29599,,,1494.2140579223633,,,,,,,
,29599,,12.274026870727539,,,,,,,,
,29649,,,1472.2216129302979,,,,,,,
,29649,,2.1774768829345703,,,,,,,,
,29699,,,1476.9830703735352,,,,,,,
,29699,,11.186838150024414,,,,,,,,
,29749,,,1484.3931198120117,,,,,,,
,29749,,3.704071044921875,,,,,,,,
,29799,,,1492.8297996520996,,,,,,,
,29799,,11.047124862670898,,,,,,,,
,29849,,,1469.9323177337646,,,,,,,
,29849,,2.163410186767578,,,,,,,,
,29899,,,1525.9716510772705,,,,,,,
,29899,,11.128425598144531,,,,,,,,
,29949,,,1472.7342128753662,,,,,,,
,29949,,2.286672592163086,,,,,,,,
,29999,,,1483.8976860046387,,,,,,,
,29999,,10.945320129394531,,,,,,,,
0,29999,,,,,,,,7.722295761108398,2638.99169921875,-2638.99169921875
,30000,26420.147226810455,,,,,,,,,
0,29999,,,,0.700361967086792,8086.9599609375,1.1489243507385254,-2630.71435546875,,,
,30049,,,552.5245666503906,,,,,,,
,30049,,0.5893707275390625,,,,,,,,
,30099,,,552.5681972503662,,,,,,,
,30099,,9.606122970581055,,,,,,,,
,30149,,,548.267126083374,,,,,,,
,30149,,0.6117820739746094,,,,,,,,
,30199,,,549.1924285888672,,,,,,,
,30199,,9.507417678833008,,,,,,,,
,30249,,,558.4890842437744,,,,,,,
,30249,,0.5211830139160156,,,,,,,,
,30299,,,552.2911548614502,,,,,,,
,30299,,8.942127227783203,,,,,,,,
,30349,,,604.6748161315918,,,,,,,
,30349,,0.5249977111816406,,,,,,,,
,30399,,,604.778528213501,,,,,,,
,30399,,9.684324264526367,,,,,,,,
,30449,,,548.8879680633545,,,,,,,
,30449,,0.5006790161132812,,,,,,,,
,30499,,,552.7911186218262,,,,,,,
,30499,,11.847496032714844,,,,,,,,
,30549,,,564.1524791717529,,,,,,,
,30549,,1.466989517211914,,,,,,,,
,30599,,,558.8033199310303,,,,,,,
,30599,,9.530782699584961,,,,,,,,
,30649,,,553.9591312408447,,,,,,,
,30649,,0.6046295166015625,,,,,,,,
,30699,,,572.6175308227539,,,,,,,
,30699,,8.957624435424805,,,,,,,,
,30749,,,553.7002086639404,,,,,,,
,30749,,0.5769729614257812,,,,,,,,
,30799,,,563.7221336364746,,,,,,,
,30799,,9.339094161987305,,,,,,,,
,30849,,,559.0717792510986,,,,,,,
,30849,,0.6928443908691406,,,,,,,,
,30899,,,565.6306743621826,,,,,,,
,30899,,14.378786087036133,,,,,,,,
,30949,,,554.1055202484131,,,,,,,
,30949,,0.5440711975097656,,,,,,,,
,30999,,,555.4535388946533,,,,,,,
,30999,,9.536266326904297,,,,,,,,
,31049,,,557.8336715698242,,,,,,,
,31049,,0.6287097930908203,,,,,,,,
,31099,,,569.2708492279053,,,,,,,
,31099,,13.09967041015625,,,,,,,,
,31149,,,545.8338260650635,,,,,,,
,31149,,0.476837158203125,,,,,,,,
,31199,,,687.3641014099121,,,,,,,
,31199,,13.677358627319336,,,,,,,,
,31249,,,562.1674060821533,,,,,,,
,31249,,1.1548995971679688,,,,,,,,
,31299,,,553.1387329101562,,,,,,,
,31299,,9.430170059204102,,,,,,,,
,31349,,,565.1671886444092,,,,,,,
,31349,,0.5240440368652344,,,,,,,,
,31399,,,575.920820236206,,,,,,,
,31399,,14.380693435668945,,,,,,,,
,31449,,,566.3089752197266,,,,,,,
,31449,,0.5490779876708984,,,,,,,,
,31499,,,552.5414943695068,,,,,,,
,31499,,16.887187957763672,,,,,,,,
,31549,,,554.64768409729,,,,,,,
,31549,,0.591278076171875,,,,,,,,
,31599,,,558.1762790679932,,,,,,,
,31599,,9.663105010986328,,,,,,,,
,31649,,,567.0857429504395,,,,,,,
,31649,,0.4792213439941406,,,,,,,,
,31699,,,560.3184700012207,,,,,,,
,31699,,9.59014892578125,,,,,,,,
,31749,,,563.3785724639893,,,,,,,
,31749,,0.5314350128173828,,,,,,,,
,31799,,,564.5492076873779,,,,,,,
,31799,,9.670257568359375,,,,,,,,
,31849,,,564.7375583648682,,,,,,,
,31849,,0.48923492431640625,,,,,,,,
,31899,,,561.3253116607666,,,,,,,
,31899,,9.520530700683594,,,,,,,,
,31949,,,564.1977787017822,,,,,,,
,31949,,0.5965232849121094,,,,,,,,
,31999,,,552.4237155914307,,,,,,,
,31999,,9.561777114868164,,,,,,,,
,32049,,,557.4376583099365,,,,,,,
,32049,,0.5552768707275391,,,,,,,,
,32099,,,680.1409721374512,,,,,,,
,32099,,9.743928909301758,,,,,,,,
,32149,,,689.8446083068848,,,,,,,
,32149,,0.6499290466308594,,,,,,,,
,32199,,,550.2669811248779,,,,,,,
,32199,,9.544610977172852,,,,,,,,
,32249,,,563.5886192321777,,,,,,,
,32249,,0.5733966827392578,,,,,,,,
,32299,,,587.5823497772217,,,,,,,
,32299,,9.824752807617188,,,,,,,,
,32349,,,551.887035369873,,,,,,,
,32349,,0.48232078552246094,,,,,,,,
,32399,,,565.1021003723145,,,,,,,
,32399,,9.517669677734375,,,,,,,,
,32449,,,592.5099849700928,,,,,,,
,32449,,1.348733901977539,,,,,,,,
,32499,,,555.0568103790283,,,,,,,
,32499,,9.073495864868164,,,,,,,,
,32549,,,558.7306022644043,,,,,,,
,32549,,0.5717277526855469,,,,,,,,
,32599,,,547.3666191101074,,,,,,,
,32599,,9.555339813232422,,,,,,,,
,32649,,,557.187557220459,,,,,,,
,32649,,0.5679130554199219,,,,,,,,
,32699,,,543.8637733459473,,,,,,,
,32699,,9.30023193359375,,,,,,,,
,32749,,,612.6163005828857,,,,,,,
,32749,,0.6022453308105469,,,,,,,,
,32799,,,555.2620887756348,,,,,,,
,32799,,8.967161178588867,,,,,,,,
,32849,,,553.8327693939209,,,,,,,
,32849,,1.4541149139404297,,,,,,,,
,32899,,,553.2691478729248,,,,,,,
,32899,,15.720844268798828,,,,,,,,
,32949,,,553.0881881713867,,,,,,,
,32949,,0.5707740783691406,,,,,,,,
,32999,,,570.0333118438721,,,,,,,
,32999,,9.521007537841797,,,,,,,,
,33049,,,572.8778839111328,,,,,,,
,33049,,0.4928112030029297,,,,,,,,
,33099,,,572.8044509887695,,,,,,,
,33099,,13.057947158813477,,,,,,,,
,33149,,,559.7164630889893,,,,,,,
,33149,,0.5812644958496094,,,,,,,,
,33199,,,564.5337104797363,,,,,,,
,33199,,14.620304107666016,,,,,,,,
,33249,,,551.0060787200928,,,,,,,
,33249,,0.4925727844238281,,,,,,,,
,33299,,,568.2251453399658,,,,,,,
,33299,,9.541988372802734,,,,,,,,
,33349,,,568.2651996612549,,,,,,,
,33349,,0.5221366882324219,,,,,,,,
,33399,,,549.5176315307617,,,,,,,
,33399,,9.335041046142578,,,,,,,,
,33449,,,560.9872341156006,,,,,,,
,33449,,0.5450248718261719,,,,,,,,
,33499,,,549.9598979949951,,,,,,,
,33499,,9.495735168457031,,,,,,,,
,33549,,,559.3283176422119,,,,,,,
,33549,,0.54168701171875,,,,,,,,
,33599,,,544.7752475738525,,,,,,,
,33599,,9.335994720458984,,,,,,,,
,33649,,,565.3448104858398,,,,,,,
,33649,,0.5412101745605469,,,,,,,,
,33699,,,575.2289295196533,,,,,,,
,33699,,9.418249130249023,,,,,,,,
,33749,,,583.8794708251953,,,,,,,
,33749,,0.4439353942871094,,,,,,,,
,33799,,,555.5789470672607,,,,,,,
,33799,,9.579658508300781,,,,,,,,
,33849,,,557.9102039337158,,,,,,,
,33849,,0.5290508270263672,,,,,,,,
,33899,,,562.9696846008301,,,,,,,
,33899,,9.667158126831055,,,,,,,,
,33949,,,556.9305419921875,,,,,,,
,33949,,0.49185752868652344,,,,,,,,
,33999,,,562.1068477630615,,,,,,,
,33999,,9.56416130065918,,,,,,,,
,34049,,,550.7237911224365,,,,,,,
,34049,,0.5335807800292969,,,,,,,,
,34099,,,546.5691089630127,,,,,,,
,34099,,8.9111328125,,,,,,,,
,34149,,,561.9297027587891,,,,,,,
,34149,,0.5152225494384766,,,,,,,,
,34199,,,553.5764694213867,,,,,,,
,34199,,14.801263809204102,,,,,,,,
,34249,,,553.5194873809814,,,,,,,
,34249,,1.2750625610351562,,,,,,,,
,34299,,,565.0248527526855,,,,,,,
,34299,,9.500503540039062,,,,,,,,
,34349,,,549.8836040496826,,,,,,,
,34349,,0.5526542663574219,,,,,,,,
,34399,,,560.326337814331,,,,,,,
,34399,,9.696722030639648,,,,,,,,
,34449,,,545.849084854126,,,,,,,
,34449,,0.4744529724121094,,,,,,,,
,34499,,,556.1480522155762,,,,,,,
,34499,,9.12332534790039,,,,,,,,
,34549,,,561.4886283874512,,,,,,,
,34549,,0.5447864532470703,,,,,,,,
,34599,,,546.2892055511475,,,,,,,
,34599,,8.797883987426758,,,,,,,,
,34649,,,546.0622310638428,,,,,,,
,34649,,0.48661231994628906,,,,,,,,
,34699,,,605.8187484741211,,,,,,,
,34699,,9.634971618652344,,,,,,,,
,34749,,,623.9697933197021,,,,,,,
,34749,,0.5774497985839844,,,,,,,,
,34799,,,598.5519886016846,,,,,,,
,34799,,9.443283081054688,,,,,,,,
,34849,,,562.0853900909424,,,,,,,
,34849,,0.5664825439453125,,,,,,,,
,34899,,,1102.752685546875,,,,,,,
,34899,,12.477874755859375,,,,,,,,
,34949,,,690.3481483459473,,,,,,,
,34949,,0.9255409240722656,,,,,,,,
,34999,,,688.0481243133545,,,,,,,
,34999,,13.401269912719727,,,,,,,,
,35049,,,752.3965835571289,,,,,,,
,35049,,0.9438991546630859,,,,,,,,
,35099,,,729.1584014892578,,,,,,,
,35099,,9.565353393554688,,,,,,,,
,35149,,,732.3603630065918,,,,,,,
,35149,,0.5514621734619141,,,,,,,,
,35199,,,746.0484504699707,,,,,,,
,35199,,9.946584701538086,,,,,,,,
,35249,,,737.0626926422119,,,,,,,
,35249,,0.5588531494140625,,,,,,,,
,35299,,,755.1524639129639,,,,,,,
,35299,,14.189481735229492,,,,,,,,
,35349,,,756.9844722747803,,,,,,,
,35349,,0.5657672882080078,,,,,,,,
,35399,,,745.4750537872314,,,,,,,
,35399,,9.255170822143555,,,,,,,,
,35449,,,750.9660720825195,,,,,,,
,35449,,1.28173828125,,,,,,,,
,35499,,,735.1655960083008,,,,,,,
,35499,,12.187719345092773,,,,,,,,
,35549,,,760.5993747711182,,,,,,,
,35549,,0.6108283996582031,,,,,,,,
,35599,,,751.7111301422119,,,,,,,
,35599,,9.91678237915039,,,,,,,,
,35649,,,755.8102607727051,,,,,,,
,35649,,0.743865966796875,,,,,,,,
,35699,,,752.3248195648193,,,,,,,
,35699,,9.868621826171875,,,,,,,,
,35749,,,753.3607482910156,,,,,,,
,35749,,0.6563663482666016,,,,,,,,
,35799,,,751.0116100311279,,,,,,,
,35799,,9.949684143066406,,,,,,,,
,35849,,,749.6798038482666,,,,,,,
,35849,,0.5488395690917969,,,,,,,,
,35899,,,731.8761348724365,,,,,,,
,35899,,9.584188461303711,,,,,,,,
,35949,,,746.2902069091797,,,,,,,
,35949,,1.5420913696289062,,,,,,,,
,35999,,,743.26491355896,,,,,,,
,35999,,9.757757186889648,,,,,,,,
,36049,,,763.024091720581,,,,,,,
,36049,,1.4309883117675781,,,,,,,,
,36099,,,756.3796043395996,,,,,,,
,36099,,12.724161148071289,,,,,,,,
,36149,,,744.6796894073486,,,,,,,
,36149,,0.5214214324951172,,,,,,,,
,36199,,,749.0439414978027,,,,,,,
,36199,,14.90163803100586,,,,,,,,
,36249,,,744.6916103363037,,,,,,,
,36249,,0.5779266357421875,,,,,,,,
,36299,,,763.1702423095703,,,,,,,
,36299,,9.226322174072266,,,,,,,,
,36349,,,762.0739936828613,,,,,,,
,36349,,0.9493827819824219,,,,,,,,
,36399,,,754.9149990081787,,,,,,,
,36399,,9.040355682373047,,,,,,,,
,36449,,,914.5150184631348,,,,,,,
,36449,,0.5898475646972656,,,,,,,,
,36499,,,916.7993068695068,,,,,,,
,36499,,10.136842727661133,,,,,,,,
,36549,,,750.5707740783691,,,,,,,
,36549,,0.6167888641357422,,,,,,,,
,36599,,,754.8844814300537,,,,,,,
,36599,,9.679079055786133,,,,,,,,
,36649,,,745.0501918792725,,,,,,,
,36649,,0.6728172302246094,,,,,,,,
,36699,,,804.5897483825684,,,,,,,
,36699,,10.639190673828125,,,,,,,,
,36749,,,764.2221450805664,,,,,,,
,36749,,0.5903244018554688,,,,,,,,
,36799,,,744.5604801177979,,,,,,,
,36799,,9.905099868774414,,,,,,,,
,36849,,,757.481575012207,,,,,,,
,36849,,0.6029605865478516,,,,,,,,
,36899,,,742.7327632904053,,,,,,,
,36899,,9.61613655090332,,,,,,,,
,36949,,,754.6136379241943,,,,,,,
,36949,,0.5626678466796875,,,,,,,,
,36999,,,740.8654689788818,,,,,,,
,36999,,10.475873947143555,,,,,,,,
,37049,,,726.2973785400391,,,,,,,
,37049,,0.5235671997070312,,,,,,,,
,37099,,,741.030216217041,,,,,,,
,37099,,9.91511344909668,,,,,,,,
,37149,,,743.431568145752,,,,,,,
,37149,,1.3401508331298828,,,,,,,,
,37199,,,750.6020069122314,,,,,,,
,37199,,9.819269180297852,,,,,,,,
,37249,,,760.8950138092041,,,,,,,
,37249,,0.6036758422851562,,,,,,,,
,37299,,,729.804277420044,,,,,,,
,37299,,9.572744369506836,,,,,,,,
,37349,,,745.5332279205322,,,,,,,
,37349,,0.5815029144287109,,,,,,,,
,37399,,,749.4242191314697,,,,,,,
,37399,,9.368181228637695,,,,,,,,
,37449,,,757.2405338287354,,,,,,,
,37449,,0.6091594696044922,,,,,,,,
,37499,,,779.9596786499023,,,,,,,
,37499,,9.806632995605469,,,,,,,,
,37549,,,807.255744934082,,,,,,,
,37549,,0.9970664978027344,,,,,,,,
,37599,,,822.4594593048096,,,,,,,
,37599,,13.866424560546875,,,,,,,,
,37649,,,739.3844127655029,,,,,,,
,37649,,0.5910396575927734,,,,,,,,
,37699,,,833.9369297027588,,,,,,,
,37699,,9.951114654541016,,,,,,,,
,37749,,,758.1889629364014,,,,,,,
,37749,,1.5001296997070312,,,,,,,,
,37799,,,723.8607406616211,,,,,,,
,37799,,9.654045104980469,,,,,,,,
,37849,,,714.82253074646,,,,,,,
,37849,,0.5064010620117188,,,,,,,,
,37899,,,722.3141193389893,,,,,,,
,37899,,9.371757507324219,,,,,,,,
,37949,,,716.2947654724121,,,,,,,
,37949,,0.4820823669433594,,,,,,,,
,37999,,,687.4704360961914,,,,,,,
,37999,,13.630867004394531,,,,,,,,
,38049,,,690.7296180725098,,,,,,,
,38049,,0.44155120849609375,,,,,,,,
,38099,,,763.8416290283203,,,,,,,
,38099,,8.848428726196289,,,,,,,,
,38149,,,759.7858905792236,,,,,,,
,38149,,0.4372596740722656,,,,,,,,
,38199,,,761.0650062561035,,,,,,,
,38199,,8.928775787353516,,,,,,,,
,38249,,,754.3139457702637,,,,,,,
,38249,,0.5805492401123047,,,,,,,,
,38299,,,749.7069835662842,,,,,,,
,38299,,8.79669189453125,,,,,,,,
,38349,,,758.0242156982422,,,,,,,
,38349,,0.43463706970214844,,,,,,,,
,38399,,,751.434326171875,,,,,,,
,38399,,8.884906768798828,,,,,,,,
,38449,,,751.4669895172119,,,,,,,
,38449,,0.39958953857421875,,,,,,,,
,38499,,,749.3960857391357,,,,,,,
,38499,,8.733510971069336,,,,,,,,
,38549,,,748.682975769043,,,,,,,
,38549,,0.40149688720703125,,,,,,,,
,38599,,,741.9462203979492,,,,,,,
,38599,,8.754491806030273,,,,,,,,
,38649,,,1258.0044269561768,,,,,,,
,38649,,0.45490264892578125,,,,,,,,
,38699,,,759.7935199737549,,,,,,,
,38699,,8.784294128417969,,,,,,,,
,38749,,,751.5413761138916,,,,,,,
,38749,,0.40435791015625,,,,,,,,
,38799,,,755.7041645050049,,,,,,,
,38799,,8.223295211791992,,,,,,,,
,38849,,,755.711555480957,,,,,,,
,38849,,0.39267539978027344,,,,,,,,
,38899,,,756.0422420501709,,,,,,,
,38899,,8.777141571044922,,,,,,,,
,38949,,,750.2501010894775,,,,,,,
,38949,,0.39577484130859375,,,,,,,,
,38999,,,750.8125305175781,,,,,,,
,38999,,16.216039657592773,,,,,,,,
,39049,,,747.3361492156982,,,,,,,
,39049,,0.4153251647949219,,,,,,,,
,39099,,,751.6319751739502,,,,,,,
,39099,,8.76617431640625,,,,,,,,
,39149,,,745.8271980285645,,,,,,,
,39149,,0.4329681396484375,,,,,,,,
,39199,,,754.249095916748,,,,,,,
,39199,,8.849620819091797,,,,,,,,
,39249,,,755.0601959228516,,,,,,,
,39249,,0.4858970642089844,,,,,,,,
,39299,,,746.0367679595947,,,,,,,
,39299,,14.27912712097168,,,,,,,,
,39349,,,786.1359119415283,,,,,,,
,39349,,0.4379749298095703,,,,,,,,
,39399,,,687.5925064086914,,,,,,,
,39399,,8.782386779785156,,,,,,,,
,39449,,,681.6730499267578,,,,,,,
,39449,,0.4341602325439453,,,,,,,,
,39499,,,691.3635730743408,,,,,,,
,39499,,8.649349212646484,,,,,,,,
,39549,,,681.7700862884521,,,,,,,
,39549,,0.45013427734375,,,,,,,,
,39599,,,695.4648494720459,,,,,,,
,39599,,14.271736145019531,,,,,,,,
,39649,,,682.373046875,,,,,,,
,39649,,0.3921985626220703,,,,,,,,
,39699,,,694.2851543426514,,,,,,,
,39699,,8.405208587646484,,,,,,,,
,39749,,,693.185567855835,,,,,,,
,39749,,1.1091232299804688,,,,,,,,
,39799,,,681.936502456665,,,,,,,
,39799,,8.739709854125977,,,,,,,,
,39849,,,686.9363784790039,,,,,,,
,39849,,0.38433074951171875,,,,,,,,
,39899,,,681.6971302032471,,,,,,,
,39899,,8.737564086914062,,,,,,,,
,39949,,,681.6229820251465,,,,,,,
,39949,,0.3910064697265625,,,,,,,,
,39999,,,692.9497718811035,,,,,,,
,39999,,9.252309799194336,,,,,,,,
,40049,,,1835.0789546966553,,,,,,,
,40049,,1.802682876586914,,,,,,,,
,40099,,,1365.2784824371338,,,,,,,
,40099,,9.654521942138672,,,,,,,,
,40149,,,1373.2752799987793,,,,,,,
,40149,,1.7063617706298828,,,,,,,,
,40199,,,1365.3514385223389,,,,,,,
,40199,,9.682416915893555,,,,,,,,
,40249,,,1365.7429218292236,,,,,,,
,40249,,4.624128341674805,,,,,,,,
,40299,,,1361.7067337036133,,,,,,,
,40299,,9.59634780883789,,,,,,,,
,40349,,,1379.5132637023926,,,,,,,
,40349,,1.6825199127197266,,,,,,,,
,40399,,,1370.8951473236084,,,,,,,
,40399,,9.6588134765625,,,,,,,,
,40449,,,1362.8551959991455,,,,,,,
,40449,,1.676321029663086,,,,,,,,
,40499,,,1362.7564907073975,,,,,,,
,40499,,9.72127914428711,,,,,,,,
,40549,,,1375.837802886963,,,,,,,
,40549,,1.6789436340332031,,,,,,,,
,40599,,,1388.063669204712,,,,,,,
,40599,,9.762048721313477,,,,,,,,
,40649,,,1368.9911365509033,,,,,,,
,40649,,1.6443729400634766,,,,,,,,
,40699,,,1363.1749153137207,,,,,,,
,40699,,9.71531867980957,,,,,,,,
,40749,,,1369.7888851165771,,,,,,,
,40749,,1.7213821411132812,,,,,,,,
,40799,,,1379.819393157959,,,,,,,
,40799,,8.478879928588867,,,,,,,,
,40849,,,1372.558355331421,,,,,,,
,40849,,1.6973018646240234,,,,,,,,
,40899,,,1361.5877628326416,,,,,,,
,40899,,9.62209701538086,,,,,,,,
,40949,,,1369.2042827606201,,,,,,,
,40949,,1.680612564086914,,,,,,,,
,40999,,,1373.1515407562256,,,,,,,
,40999,,9.649515151977539,,,,,,,,
,41049,,,1363.8088703155518,,,,,,,
,41049,,1.6891956329345703,,,,,,,,
,41099,,,1655.1270484924316,,,,,,,
,41099,,10.31804084777832,,,,,,,,
,41149,,,1652.9874801635742,,,,,,,
,41149,,1.7745494842529297,,,,,,,,
,41199,,,1672.903299331665,,,,,,,
,41199,,9.739160537719727,,,,,,,,
,41249,,,1646.9109058380127,,,,,,,
,41249,,1.8804073333740234,,,,,,,,
,41299,,,1657.515048980713,,,,,,,
,41299,,10.856389999389648,,,,,,,,
,41349,,,1667.9797172546387,,,,,,,
,41349,,2.6612281799316406,,,,,,,,
,41399,,,1643.9242362976074,,,,,,,
,41399,,9.746551513671875,,,,,,,,
,41449,,,1638.852596282959,,,,,,,
,41449,,1.7201900482177734,,,,,,,,
,41499,,,1654.2446613311768,,,,,,,
,41499,,9.796857833862305,,,,,,,,
,41549,,,1650.1085758209229,,,,,,,
,41549,,3.9026737213134766,,,,,,,,
,41599,,,1657.3371887207031,,,,,,,
,41599,,9.989500045776367,,,,,,,,
,41649,,,1647.9382514953613,,,,,,,
,41649,,1.7666816711425781,,,,,,,,
,41699,,,1646.3623046875,,,,,,,
,41699,,11.366605758666992,,,,,,,,
,41749,,,1650.857925415039,,,,,,,
,41749,,4.72712516784668,,,,,,,,
,41799,,,1656.6259860992432,,,,,,,
,41799,,9.861469268798828,,,,,,,,
,41849,,,1648.3170986175537,,,,,,,
,41849,,1.737356185913086,,,,,,,,
,41899,,,1658.1223011016846,,,,,,,
,41899,,9.701728820800781,,,,,,,,
,41949,,,1653.7961959838867,,,,,,,
,41949,,4.759550094604492,,,,,,,,
,41999,,,1664.5596027374268,,,,,,,
,41999,,9.719133377075195,,,,,,,,
,42049,,,1635.5886459350586,,,,,,,
,42049,,1.7423629760742188,,,,,,,,
,42099,,,1645.1480388641357,,,,,,,
,42099,,10.524988174438477,,,,,,,,
,42149,,,1656.9437980651855,,,,,,,
,42149,,1.7876625061035156,,,,,,,,
,42199,,,1645.766258239746,,,,,,,
,42199,,9.725093841552734,,,,,,,,
,42249,,,1646.5158462524414,,,,,,,
,42249,,4.615545272827148,,,,,,,,
,42299,,,1653.7275314331055,,,,,,,
,42299,,9.702444076538086,,,,,,,,
,42349,,,1653.0563831329346,,,,,,,
,42349,,1.714944839477539,,,,,,,,
,42399,,,1645.1387405395508,,,,,,,
,42399,,10.655641555786133,,,,,,,,
,42449,,,1641.7193412780762,,,,,,,
,42449,,3.1862258911132812,,,,,,,,
,42499,,,1648.261547088623,,,,,,,
,42499,,14.446020126342773,,,,,,,,
,42549,,,1642.530918121338,,,,,,,
,42549,,1.9459724426269531,,,,,,,,
,42599,,,1643.1419849395752,,,,,,,
,42599,,9.681940078735352,,,,,,,,
,42649,,,1654.1388034820557,,,,,,,
,42649,,1.7733573913574219,,,,,,,,
,42699,,,1503.3774375915527,,,,,,,
,42699,,9.778499603271484,,,,,,,,
,42749,,,1496.8748092651367,,,,,,,
,42749,,1.676797866821289,,,,,,,,
,42799,,,1480.435848236084,,,,,,,
,42799,,9.672403335571289,,,,,,,,
,42849,,,1488.9416694641113,,,,,,,
,42849,,1.6584396362304688,,,,,,,,
,42899,,,1490.58198928833,,,,,,,
,42899,,9.999275207519531,,,,,,,,
,42949,,,1496.0176944732666,,,,,,,
,42949,,0.5371570587158203,,,,,,,,
,42999,,,1504.8964023590088,,,,,,,
,42999,,14.992237091064453,,,,,,,,
,43049,,,1507.6282024383545,,,,,,,
,43049,,3.325223922729492,,,,,,,,
,43099,,,1488.9369010925293,,,,,,,
,43099,,9.605884552001953,,,,,,,,
,43149,,,1494.3230152130127,,,,,,,
,43149,,1.7261505126953125,,,,,,,,
,43199,,,1491.926908493042,,,,,,,
,43199,,9.667158126831055,,,,,,,,
,43249,,,1482.7821254730225,,,,,,,
,43249,,4.55927848815918,,,,,,,,
,43299,,,1488.0800247192383,,,,,,,
,43299,,9.594917297363281,,,,,,,,
,43349,,,1486.978530883789,,,,,,,
,43349,,1.6863346099853516,,,,,,,,
,43399,,,1490.5152320861816,,,,,,,
,43399,,8.568763732910156,,,,,,,,
,43449,,,1487.2770309448242,,,,,,,
,43449,,1.6753673553466797,,,,,,,,
,43499,,,1492.9931163787842,,,,,,,
,43499,,11.289119720458984,,,,,,,,
,43549,,,1489.964246749878,,,,,,,
,43549,,1.6582012176513672,,,,,,,,
,43599,,,1501.2402534484863,,,,,,,
,43599,,9.693384170532227,,,,,,,,
,43649,,,1495.4631328582764,,,,,,,
,43649,,1.6453266143798828,,,,,,,,
,43699,,,1556.4231872558594,,,,,,,
,43699,,11.446475982666016,,,,,,,,
,43749,,,1487.3223304748535,,,,,,,
,43749,,1.6570091247558594,,,,,,,,
,43799,,,1492.9084777832031,,,,,,,
,43799,,9.645223617553711,,,,,,,,
,43849,,,1501.1162757873535,,,,,,,
,43849,,1.676797866821289,,,,,,,,
,43899,,,1497.410535812378,,,,,,,
,43899,,8.471965789794922,,,,,,,,
,43949,,,1486.9766235351562,,,,,,,
,43949,,1.676797866821289,,,,,,,,
,43999,,,1498.0051517486572,,,,,,,
,43999,,10.883092880249023,,,,,,,,
,44049,,,1504.8191547393799,,,,,,,
,44049,,2.240419387817383,,,,,,,,
,44099,,,1488.5573387145996,,,,,,,
,44099,,9.604215621948242,,,,,,,,
,44149,,,1489.286184310913,,,,,,,
,44149,,0.6067752838134766,,,,,,,,
,44199,,,1493.7586784362793,,,,,,,
,44199,,13.30876350402832,,,,,,,,
,44249,,,1492.4275875091553,,,,,,,
,44249,,0.5688667297363281,,,,,,,,
,44299,,,1498.3065128326416,,,,,,,
,44299,,9.680032730102539,,,,,,,,
,44349,,,1480.7531833648682,,,,,,,
,44349,,1.6896724700927734,,,,,,,,
,44399,,,1493.5462474822998,,,,,,,
,44399,,13.031005859375,,,,,,,,
,44449,,,1497.7164268493652,,,,,,,
,44449,,2.414703369140625,,,,,,,,
,44499,,,1500.356674194336,,,,,,,
,44499,,9.618282318115234,,,,,,,,
,44549,,,1489.405632019043,,,,,,,
,44549,,1.6605854034423828,,,,,,,,
,44599,,,1499.964952468872,,,,,,,
,44599,,9.659528732299805,,,,,,,,
,44649,,,1503.1898021697998,,,,,,,
,44649,,1.861572265625,,,,,,,,
,44699,,,1505.3722858428955,,,,,,,
,44699,,9.808063507080078,,,,,,,,
,44749,,,1488.5845184326172,,,,,,,
,44749,,1.6663074493408203,,,,,,,,
,44799,,,1490.123987197876,,,,,,,
,44799,,9.585857391357422,,,,,,,,
,44849,,,1493.1352138519287,,,,,,,
,44849,,1.6775131225585938,,,,,,,,
,44899,,,1491.523265838623,,,,,,,
,44899,,9.674549102783203,,,,,,,,
,44949,,,1500.0,,,,,,,
,44949,,0.7989406585693359,,,,,,,,
,44999,,,1487.4811172485352,,,,,,,
,44999,,9.64045524597168,,,,,,,,
,45049,,,1120.5077171325684,,,,,,,
,45049,,1.3272762298583984,,,,,,,,
,45099,,,1120.393991470337,,,,,,,
,45099,,13.909101486206055,,,,,,,,
,45149,,,1117.1677112579346,,,,,,,
,45149,,1.3275146484375,,,,,,,,
,45199,,,1125.8187294006348,,,,,,,
,45199,,10.977983474731445,,,,,,,,
,45249,,,1676.7237186431885,,,,,,,
,45249,,1.4328956604003906,,,,,,,,
,45299,,,1127.9964447021484,,,,,,,
,45299,,8.70203971862793,,,,,,,,
,45349,,,1107.335090637207,,,,,,,
,45349,,1.3027191162109375,,,,,,,,
,45399,,,1117.0973777770996,,,,,,,
,45399,,9.176254272460938,,,,,,,,
,45449,,,1109.7331047058105,,,,,,,
,45449,,1.354217529296875,,,,,,,,
,45499,,,1118.285894393921,,,,,,,
,45499,,9.106874465942383,,,,,,,,
,45549,,,1107.6712608337402,,,,,,,
,45549,,1.3260841369628906,,,,,,,,
,45599,,,1126.1746883392334,,,,,,,
,45599,,15.628337860107422,,,,,,,,
,45649,,,1127.342939376831,,,,,,,
,45649,,1.4116764068603516,,,,,,,,
,45699,,,1125.3056526184082,,,,,,,
,45699,,8.668661117553711,,,,,,,,
,45749,,,1129.0836334228516,,,,,,,
,45749,,1.346588134765625,,,,,,,,
,45799,,,1132.2555541992188,,,,,,,
,45799,,9.183645248413086,,,,,,,,
,45849,,,1123.5551834106445,,,,,,,
,45849,,1.338958740234375,,,,,,,,
,45899,,,1127.230167388916,,,,,,,
,45899,,9.203910827636719,,,,,,,,
,45949,,,1124.833345413208,,,,,,,
,45949,,1.3318061828613281,,,,,,,,
,45999,,,1127.2954940795898,,,,,,,
,45999,,9.222030639648438,,,,,,,,
,46049,,,1136.8470191955566,,,,,,,
,46049,,1.4679431915283203,,,,,,,,
,46099,,,1127.070665359497,,,,,,,
,46099,,9.219646453857422,,,,,,,,
,46149,,,1126.7147064208984,,,,,,,
,46149,,1.3382434844970703,,,,,,,,
,46199,,,1126.6591548919678,,,,,,,
,46199,,9.191274642944336,,,,,,,,
,46249,,,1139.1189098358154,,,,,,,
,46249,,1.3759136199951172,,,,,,,,
,46299,,,1125.6930828094482,,,,,,,
,46299,,9.25445556640625,,,,,,,,
,46349,,,1127.3670196533203,,,,,,,
,46349,,1.3344287872314453,,,,,,,,
,46399,,,1132.5263977050781,,,,,,,
,46399,,13.06009292602539,,,,,,,,
,46449,,,1129.3749809265137,,,,,,,
,46449,,1.3284683227539062,,,,,,,,
,46499,,,1120.6326484680176,,,,,,,
,46499,,9.190559387207031,,,,,,,,
,46549,,,1119.551420211792,,,,,,,
,46549,,1.310586929321289,,,,,,,,
,46599,,,1124.9375343322754,,,,,,,
,46599,,9.18722152709961,,,,,,,,
,46649,,,1127.5296211242676,,,,,,,
,46649,,3.476381301879883,,,,,,,,
,46699,,,1137.8586292266846,,,,,,,
,46699,,10.35451889038086,,,,,,,,
,46749,,,1128.1685829162598,,,,,,,
,46749,,1.3077259063720703,,,,,,,,
,46799,,,1118.9541816711426,,,,,,,
,46799,,9.198427200317383,,,,,,,,
,46849,,,1131.6258907318115,,,,,,,
,46849,,3.2482147216796875,,,,,,,,
,46899,,,1116.0790920257568,,,,,,,
,46899,,9.043455123901367,,,,,,,,
,46949,,,1033.5123538970947,,,,,,,
,46949,,1.3427734375,,,,,,,,
,46999,,,1040.3227806091309,,,,,,,
,46999,,9.16147232055664,,,,,,,,
,47049,,,1033.2565307617188,,,,,,,
,47049,,3.433704376220703,,,,,,,,
,47099,,,1045.4285144805908,,,,,,,
,47099,,13.518333435058594,,,,,,,,
,47149,,,1041.0058498382568,,,,,,,
,47149,,1.3332366943359375,,,,,,,,
,47199,,,1044.5499420166016,,,,,,,
,47199,,9.227752685546875,,,,,,,,
,47249,,,1031.4016342163086,,,,,,,
,47249,,1.3282299041748047,,,,,,,,
,47299,,,1041.2447452545166,,,,,,,
,47299,,9.194374084472656,,,,,,,,
,47349,,,1031.3589572906494,,,,,,,
,47349,,1.3241767883300781,,,,,,,,
,47399,,,1042.8104400634766,,,,,,,
,47399,,9.336471557617188,,,,,,,,
,47449,,,1031.3811302185059,,,,,,,
,47449,,3.7078857421875,,,,,,,,
,47499,,,1051.6626834869385,,,,,,,
,47499,,12.451410293579102,,,,,,,,
,47549,,,1042.0703887939453,,,,,,,
,47549,,1.3055801391601562,,,,,,,,
,47599,,,1044.771671295166,,,,,,,
,47599,,11.65318489074707,,,,,,,,
,47649,,,1044.2488193511963,,,,,,,
,47649,,1.3580322265625,,,,,,,,
,47699,,,1040.9786701202393,,,,,,,
,47699,,9.179353713989258,,,,,,,,
,47749,,,1040.2541160583496,,,,,,,
,47749,,1.3473033905029297,,,,,,,,
,47799,,,1033.137559890747,,,,,,,
,47799,,9.255170822143555,,,,,,,,
,47849,,,1040.4155254364014,,,,,,,
,47849,,1.331329345703125,,,,,,,,
,47899,,,1033.7653160095215,,,,,,,
,47899,,9.20557975769043,,,,,,,,
,47949,,,1036.794662475586,,,,,,,
,47949,,3.70025634765625,,,,,,,,
,47999,,,1032.3498249053955,,,,,,,
,47999,,8.762359619140625,,,,,,,,
,48049,,,1040.6317710876465,,,,,,,
,48049,,1.3535022735595703,,,,,,,,
,48099,,,1044.9974536895752,,,,,,,
,48099,,9.226083755493164,,,,,,,,
,48149,,,1031.4805507659912,,,,,,,
,48149,,1.3470649719238281,,,,,,,,
,48199,,,1042.0918464660645,,,,,,,
,48199,,11.77978515625,,,,,,,,
,48249,,,1041.7110919952393,,,,,,,
,48249,,1.312255859375,,,,,,,,
,48299,,,1034.9111557006836,,,,,,,
,48299,,9.192466735839844,,,,,,,,
,48349,,,1031.855583190918,,,,,,,
,48349,,1.329183578491211,,,,,,,,
,48399,,,1045.5474853515625,,,,,,,
,48399,,9.365558624267578,,,,,,,,
,48449,,,1043.1838035583496,,,,,,,
,48449,,3.7043094635009766,,,,,,,,
,48499,,,1117.401361465454,,,,,,,
,48499,,9.183168411254883,,,,,,,,
,48549,,,1122.6208209991455,,,,,,,
,48549,,2.7861595153808594,,,,,,,,
,48599,,,1116.0054206848145,,,,,,,
,48599,,9.181737899780273,,,,,,,,
,48649,,,1117.6493167877197,,,,,,,
,48649,,3.9606094360351562,,,,,,,,
,48699,,,1116.5423393249512,,,,,,,
,48699,,9.24539566040039,,,,,,,,
,48749,,,1134.9916458129883,,,,,,,
,48749,,3.5550594329833984,,,,,,,,
,48799,,,1129.7895908355713,,,,,,,
,48799,,12.131690979003906,,,,,,,,
,48849,,,1126.4982223510742,,,,,,,
,48849,,1.361846923828125,,,,,,,,
,48899,,,1122.3759651184082,,,,,,,
,48899,,9.22846794128418,,,,,,,,
,48949,,,1129.1544437408447,,,,,,,
,48949,,1.359701156616211,,,,,,,,
,48999,,,1130.8789253234863,,,,,,,
,48999,,9.206295013427734,,,,,,,,
,49049,,,1126.7507076263428,,,,,,,
,49049,,1.3108253479003906,,,,,,,,
,49099,,,1131.687879562378,,,,,,,
,49099,,13.31186294555664,,,,,,,,
,49149,,,1126.4772415161133,,,,,,,
,49149,,1.33514404296875,,,,,,,,
,49199,,,1137.7663612365723,,,,,,,
,49199,,9.36126708984375,,,,,,,,
,49249,,,1124.8974800109863,,,,,,,
,49249,,1.3365745544433594,,,,,,,,
,49299,,,1129.474401473999,,,,,,,
,49299,,15.130996704101562,,,,,,,,
,49349,,,1127.5339126586914,,,,,,,
,49349,,1.3108253479003906,,,,,,,,
,49399,,,1129.5132637023926,,,,,,,
,49399,,9.21320915222168,,,,,,,,
,49449,,,1165.4472351074219,,,,,,,
,49449,,1.493215560913086,,,,,,,,
,49499,,,1135.0631713867188,,,,,,,
,49499,,11.174440383911133,,,,,,,,
,49549,,,1125.8821487426758,,,,,,,
,49549,,1.3573169708251953,,,,,,,,
,49599,,,1128.279685974121,,,,,,,
,49599,,9.228944778442383,,,,,,,,
,49649,,,1126.1868476867676,,,,,,,
,49649,,1.3380050659179688,,,,,,,,
,49699,,,1124.0897178649902,,,,,,,
,49699,,9.064197540283203,,,,,,,,
,49749,,,1128.4854412078857,,,,,,,
,49749,,1.3244152069091797,,,,,,,,
,49799,,,1132.2360038757324,,,,,,,
,49799,,9.233951568603516,,,,,,,,
,49849,,,1129.8840045928955,,,,,,,
,49849,,3.704547882080078,,,,,,,,
,49899,,,1127.413272857666,,,,,,,
,49899,,8.63027572631836,,,,,,,,
,49949,,,1124.2053508758545,,,,,,,
,49949,,1.3227462768554688,,,,,,,,
,49999,,,1138.073444366455,,,,,,,
,49999,,11.424541473388672,,,,,,,,
,50049,,,844.1517353057861,,,,,,,
,50049,,1.1467933654785156,,,,,,,,
,50099,,,839.8306369781494,,,,,,,
,50099,,8.315801620483398,,,,,,,,
,50149,,,840.423583984375,,,,,,,
,50149,,1.0919570922851562,,,,,,,,
,50199,,,850.3119945526123,,,,,,,
,50199,,11.510848999023438,,,,,,,,
,50249,,,843.3783054351807,,,,,,,
,50249,,2.042055130004883,,,,,,,,
,50299,,,841.0775661468506,,,,,,,
,50299,,17.060041427612305,,,,,,,,
,50349,,,841.5067195892334,,,,,,,
,50349,,3.1499862670898438,,,,,,,,
,50399,,,846.1050987243652,,,,,,,
,50399,,8.380889892578125,,,,,,,,
,50449,,,844.9356555938721,,,,,,,
,50449,,3.073453903198242,,,,,,,,
,50499,,,842.0088291168213,,,,,,,
,50499,,8.940458297729492,,,,,,,,
,50549,,,839.3268585205078,,,,,,,
,50549,,2.0194053649902344,,,,,,,,
,50599,,,845.5348014831543,,,,,,,
,50599,,8.742570877075195,,,,,,,,
,50649,,,848.3147621154785,,,,,,,
,50649,,1.1243820190429688,,,,,,,,
,50699,,,841.562032699585,,,,,,,
,50699,,8.295059204101562,,,,,,,,
,50749,,,839.8334980010986,,,,,,,
,50749,,1.1053085327148438,,,,,,,,
,50799,,,851.7143726348877,,,,,,,
,50799,,9.000301361083984,,,,,,,,
,50849,,,845.6094264984131,,,,,,,
,50849,,3.162860870361328,,,,,,,,
,50899,,,850.0206470489502,,,,,,,
,50899,,8.911848068237305,,,,,,,,
,50949,,,844.475269317627,,,,,,,
,50949,,3.1037330627441406,,,,,,,,
,50999,,,843.5134887695312,,,,,,,
,50999,,8.852243423461914,,,,,,,,
,51049,,,842.5426483154297,,,,,,,
,51049,,3.178119659423828,,,,,,,,
,51099,,,849.9987125396729,,,,,,,
,51099,,9.266853332519531,,,,,,,,
,51149,,,843.5287475585938,,,,,,,
,51149,,1.1029243469238281,,,,,,,,
,51199,,,839.252233505249,,,,,,,
,51199,,8.319616317749023,,,,,,,,
,51249,,,847.1040725708008,,,,,,,
,51249,,1.0924339294433594,,,,,,,,
,51299,,,844.4216251373291,,,,,,,
,51299,,8.865833282470703,,,,,,,,
,51349,,,842.2989845275879,,,,,,,
,51349,,1.0612010955810547,,,,,,,,
,51399,,,850.0957489013672,,,,,,,
,51399,,15.819787979125977,,,,,,,,
,51449,,,847.2952842712402,,,,,,,
,51449,,3.0684471130371094,,,,,,,,
,51499,,,776.4356136322021,,,,,,,
,51499,,8.360624313354492,,,,,,,,
,51549,,,778.2554626464844,,,,,,,
,51549,,1.0602474212646484,,,,,,,,
,51599,,,785.8414649963379,,,,,,,
,51599,,14.345407485961914,,,,,,,,
,51649,,,803.992748260498,,,,,,,
,51649,,2.986907958984375,,,,,,,,
,51699,,,768.5644626617432,,,,,,,
,51699,,8.853435516357422,,,,,,,,
,51749,,,769.2689895629883,,,,,,,
,51749,,1.1034011840820312,,,,,,,,
,51799,,,768.4357166290283,,,,,,,
,51799,,8.850574493408203,,,,,,,,
,51849,,,776.9544124603271,,,,,,,
,51849,,1.0755062103271484,,,,,,,,
,51899,,,769.5753574371338,,,,,,,
,51899,,8.82863998413086,,,,,,,,
,51949,,,769.5977687835693,,,,,,,
,51949,,1.0564327239990234,,,,,,,,
,51999,,,769.5751190185547,,,,,,,
,51999,,8.867979049682617,,,,,,,,
,52049,,,775.2804756164551,,,,,,,
,52049,,3.0603408813476562,,,,,,,,
,52099,,,780.1241874694824,,,,,,,
,52099,,8.311271667480469,,,,,,,,
,52149,,,778.423547744751,,,,,,,
,52149,,1.1301040649414062,,,,,,,,
,52199,,,774.6970653533936,,,,,,,
,52199,,11.95383071899414,,,,,,,,
,52249,,,770.7993984222412,,,,,,,
,52249,,1.0581016540527344,,,,,,,,
,52299,,,779.2150974273682,,,,,,,
,52299,,8.306503295898438,,,,,,,,
,52349,,,769.4995403289795,,,,,,,
,52349,,1.1096000671386719,,,,,,,,
,52399,,,1292.3014163970947,,,,,,,
,52399,,13.028860092163086,,,,,,,,
,52449,,,781.9855213165283,,,,,,,
,52449,,1.077890396118164,,,,,,,,
,52499,,,780.8642387390137,,,,,,,
,52499,,17.87590980529785,,,,,,,,
,52549,,,770.850419998169,,,,,,,
,52549,,1.7652511596679688,,,,,,,,
,52599,,,779.172420501709,,,,,,,
,52599,,8.36801528930664,,,,,,,,
,52649,,,777.6849269866943,,,,,,,
,52649,,1.0995864868164062,,,,,,,,
,52699,,,780.982494354248,,,,,,,
,52699,,8.768320083618164,,,,,,,,
,52749,,,772.3245620727539,,,,,,,
,52749,,3.1740665435791016,,,,,,,,
,52799,,,783.6134433746338,,,,,,,
,52799,,17.815351486206055,,,,,,,,
,52849,,,778.3169746398926,,,,,,,
,52849,,1.1055469512939453,,,,,,,,
,52899,,,785.4189872741699,,,,,,,
,52899,,10.938882827758789,,,,,,,,
,52949,,,784.1262817382812,,,,,,,
,52949,,3.07464599609375,,,,,,,,
,52999,,,771.9948291778564,,,,,,,
,52999,,15.797138214111328,,,,,,,,
,53049,,,779.1159152984619,,,,,,,
,53049,,1.1317729949951172,,,,,,,,
,53099,,,782.0420265197754,,,,,,,
,53099,,8.873224258422852,,,,,,,,
,53149,,,769.036054611206,,,,,,,
,53149,,1.1456012725830078,,,,,,,,
,53199,,,778.5604000091553,,,,,,,
,53199,,8.974790573120117,,,,,,,,
,53249,,,769.547700881958,,,,,,,
,53249,,3.0977725982666016,,,,,,,,
,53299,,,770.9999084472656,,,,,,,
,53299,,8.83793830871582,,,,,,,,
,53349,,,779.2863845825195,,,,,,,
,53349,,1.1243820190429688,,,,,,,,
,53399,,,778.7609100341797,,,,,,,
,53399,,8.908271789550781,,,,,,,,
,53449,,,783.973217010498,,,,,,,
,53449,,3.053426742553711,,,,,,,,
,53499,,,777.7667045593262,,,,,,,
,53499,,8.311271667480469,,,,,,,,
,53549,,,779.9167633056641,,,,,,,
,53549,,1.0840892791748047,,,,,,,,
,53599,,,775.855541229248,,,,,,,
,53599,,8.846282958984375,,,,,,,,
,53649,,,783.5884094238281,,,,,,,
,53649,,1.081705093383789,,,,,,,,
,53699,,,775.6919860839844,,,,,,,
,53699,,8.324861526489258,,,,,,,,
,53749,,,770.2844142913818,,,,,,,
,53749,,1.1050701141357422,,,,,,,,
,53799,,,780.318021774292,,,,,,,
,53799,,12.687206268310547,,,,,,,,
,53849,,,777.5161266326904,,,,,,,
,53849,,1.0805130004882812,,,,,,,,
,53899,,,772.028923034668,,,,,,,
,53899,,8.95380973815918,,,,,,,,
,53949,,,768.2919502258301,,,,,,,
,53949,,1.0831356048583984,,,,,,,,
,53999,,,769.1352367401123,,,,,,,
,53999,,8.704900741577148,,,,,,,,
,54049,,,777.7013778686523,,,,,,,
,54049,,1.1000633239746094,,,,,,,,
,54099,,,778.7210941314697,,,,,,,
,54099,,8.31747055053711,,,,,,,,
,54149,,,780.2023887634277,,,,,,,
,54149,,1.1010169982910156,,,,,,,,
,54199,,,769.9625492095947,,,,,,,
,54199,,11.801004409790039,,,,,,,,
,54249,,,778.0375480651855,,,,,,,
,54249,,1.0921955108642578,,,,,,,,
,54299,,,786.0186100006104,,,,,,,
,54299,,13.056755065917969,,,,,,,,
,54349,,,770.0169086456299,,,,,,,
,54349,,1.066446304321289,,,,,,,,
,54399,,,775.9146690368652,,,,,,,
,54399,,8.924245834350586,,,,,,,,
,54449,,,771.1899280548096,,,,,,,
,54449,,1.9276142120361328,,,,,,,,
,54499,,,779.8755168914795,,,,,,,
,54499,,8.802413940429688,,,,,,,,
,54549,,,776.4887809753418,,,,,,,
,54549,,3.178834915161133,,,,,,,,
,54599,,,802.3924827575684,,,,,,,
,54599,,8.7432861328125,,,,,,,,
,54649,,,770.0560092926025,,,,,,,
,54649,,1.1053085327148438,,,,,,,,
,54699,,,777.4744033813477,,,,,,,
,54699,,8.866310119628906,,,,,,,,
,54749,,,779.9134254455566,,,,,,,
,54749,,2.2182464599609375,,,,,,,,
,54799,,,785.5243682861328,,,,,,,
,54799,,12.740373611450195,,,,,,,,
,54849,,,778.7096500396729,,,,,,,
,54849,,3.0355453491210938,,,,,,,,
,54899,,,768.3572769165039,,,,,,,
,54899,,8.430242538452148,,,,,,,,
,54949,,,785.8619689941406,,,,,,,
,54949,,1.0654926300048828,,,,,,,,
,54999,,,781.0287475585938,,,,,,,
,54999,,13.897418975830078,,,,,,,,
,55049,,,352.02860832214355,,,,,,,
,55049,,0.3848075866699219,,,,,,,,
,55099,,,345.3364372253418,,,,,,,
,55099,,17.035961151123047,,,,,,,,
,55149,,,353.971004486084,,,,,,,
,55149,,0.36406517028808594,,,,,,,,
,55199,,,362.96749114990234,,,,,,,
,55199,,7.821798324584961,,,,,,,,
,55249,,,354.07114028930664,,,,,,,
,55249,,0.7839202880859375,,,,,,,,
,55299,,,345.37625312805176,,,,,,,
,55299,,8.222341537475586,,,,,,,,
,55349,,,353.92165184020996,,,,,,,
,55349,,0.3819465637207031,,,,,,,,
,55399,,,345.569372177124,,,,,,,
,55399,,16.44754409790039,,,,,,,,
,55449,,,345.3190326690674,,,,,,,
,55449,,0.3991127014160156,,,,,,,,
,55499,,,347.25093841552734,,,,,,,
,55499,,16.806602478027344,,,,,,,,
,55549,,,346.53759002685547,,,,,,,
,55549,,0.6263256072998047,,,,,,,,
,55599,,,358.88147354125977,,,,,,,
,55599,,8.398294448852539,,,,,,,,
,55649,,,346.04549407958984,,,,,,,
,55649,,0.37097930908203125,,,,,,,,
,55699,,,351.9415855407715,,,,,,,
,55699,,7.770299911499023,,,,,,,,
,55749,,,354.6028137207031,,,,,,,
,55749,,0.8819103240966797,,,,,,,,
,55799,,,350.1558303833008,,,,,,,
,55799,,8.253812789916992,,,,,,,,
,55849,,,353.3031940460205,,,,,,,
,55849,,0.3809928894042969,,,,,,,,
,55899,,,344.79784965515137,,,,,,,
,55899,,17.197608947753906,,,,,,,,
,55949,,,345.77488899230957,,,,,,,
,55949,,0.3650188446044922,,,,,,,,
,55999,,,353.3611297607422,,,,,,,
,55999,,7.581949234008789,,,,,,,,
,56049,,,345.25322914123535,,,,,,,
,56049,,0.3631114959716797,,,,,,,,
,56099,,,354.2666435241699,,,,,,,
,56099,,16.722917556762695,,,,,,,,
,56149,,,345.1650142669678,,,,,,,
,56149,,0.36334991455078125,,,,,,,,
,56199,,,345.2296257019043,,,,,,,
,56199,,7.745027542114258,,,,,,,,
,56249,,,354.0048599243164,,,,,,,
,56249,,0.39649009704589844,,,,,,,,
,56299,,,345.61824798583984,,,,,,,
,56299,,8.214235305786133,,,,,,,,
,56349,,,345.4606533050537,,,,,,,
,56349,,0.3864765167236328,,,,,,,,
,56399,,,345.2425003051758,,,,,,,
,56399,,8.34798812866211,,,,,,,,
,56449,,,345.2723026275635,,,,,,,
,56449,,0.3693103790283203,,,,,,,,
,56499,,,346.1167812347412,,,,,,,
,56499,,8.123397827148438,,,,,,,,
,56549,,,345.55697441101074,,,,,,,
,56549,,0.36072731018066406,,,,,,,,
,56599,,,362.49709129333496,,,,,,,
,56599,,7.777214050292969,,,,,,,,
,56649,,,345.37744522094727,,,,,,,
,56649,,0.3628730773925781,,,,,,,,
,56699,,,358.4260940551758,,,,,,,
,56699,,8.272409439086914,,,,,,,,
,56749,,,357.3732376098633,,,,,,,
,56749,,0.3631114959716797,,,,,,,,
,56799,,,354.3238639831543,,,,,,,
,56799,,9.963035583496094,,,,,,,,
,56849,,,349.43127632141113,,,,,,,
,56849,,1.0776519775390625,,,,,,,,
,56899,,,360.6114387512207,,,,,,,
,56899,,8.112430572509766,,,,,,,,
,56949,,,359.91549491882324,,,,,,,
,56949,,0.3769397735595703,,,,,,,,
,56999,,,354.62212562561035,,,,,,,
,56999,,8.40139389038086,,,,,,,,
,57049,,,346.73500061035156,,,,,,,
,57049,,0.3731250762939453,,,,,,,,
,57099,,,367.5260543823242,,,,,,,
,57099,,14.887571334838867,,,,,,,,
,57149,,,345.2939987182617,,,,,,,
,57149,,0.3960132598876953,,,,,,,,
,57199,,,362.02239990234375,,,,,,,
,57199,,8.198976516723633,,,,,,,,
,57249,,,352.60963439941406,,,,,,,
,57249,,0.35858154296875,,,,,,,,
,57299,,,345.37386894226074,,,,,,,
,57299,,16.97540283203125,,,,,,,,
,57349,,,354.07471656799316,,,,,,,
,57349,,0.370025634765625,,,,,,,,
,57399,,,358.140230178833,,,,,,,
,57399,,14.362335205078125,,,,,,,,
,57449,,,353.99556159973145,,,,,,,
,57449,,0.38623809814453125,,,,,,,,
,57499,,,358.37483406066895,,,,,,,
,57499,,8.208513259887695,,,,,,,,
,57549,,,353.09410095214844,,,,,,,
,57549,,0.7233619689941406,,,,,,,,
,57599,,,352.02884674072266,,,,,,,
,57599,,7.623195648193359,,,,,,,,
,57649,,,355.48996925354004,,,,,,,
,57649,,1.1899471282958984,,,,,,,,
,57699,,,354.55894470214844,,,,,,,
,57699,,8.28409194946289,,,,,,,,
,57749,,,353.4071445465088,,,,,,,
,57749,,0.3807544708251953,,,,,,,,
,57799,,,345.3803062438965,,,,,,,
,57799,,16.521692276000977,,,,,,,,
,57849,,,345.7021713256836,,,,,,,
,57849,,0.36907196044921875,,,,,,,,
,57899,,,355.23509979248047,,,,,,,
,57899,,8.261680603027344,,,,,,,,
,57949,,,348.93798828125,,,,,,,
,57949,,0.3733634948730469,,,,,,,,
,57999,,,345.32761573791504,,,,,,,
,57999,,8.100509643554688,,,,,,,,
,58049,,,359.1756820678711,,,,,,,
,58049,,0.3554821014404297,,,,,,,,
,58099,,,343.3375358581543,,,,,,,
,58099,,8.27646255493164,,,,,,,,
,58149,,,343.6851501464844,,,,,,,
,58149,,0.36597251892089844,,,,,,,,
,58199,,,352.2493839263916,,,,,,,
,58199,,7.724523544311523,,,,,,,,
,58249,,,344.606876373291,,,,,,,
,58249,,0.7386207580566406,,,,,,,,
,58299,,,347.72658348083496,,,,,,,
,58299,,8.143186569213867,,,,,,,,
,58349,,,348.9072322845459,,,,,,,
,58349,,0.3581047058105469,,,,,,,,
,58399,,,343.05548667907715,,,,,,,
,58399,,8.139610290527344,,,,,,,,
,58449,,,343.2893753051758,,,,,,,
,58449,,0.37217140197753906,,,,,,,,
,58499,,,342.9303169250488,,,,,,,
,58499,,16.54672622680664,,,,,,,,
,58549,,,348.4213352203369,,,,,,,
,58549,,0.3902912139892578,,,,,,,,
,58599,,,342.84281730651855,,,,,,,
,58599,,8.071422576904297,,,,,,,,
,58649,,,352.7042865753174,,,,,,,
,58649,,0.74005126953125,,,,,,,,
,58699,,,343.6417579650879,,,,,,,
,58699,,8.330106735229492,,,,,,,,
,58749,,,352.0166873931885,,,,,,,
,58749,,0.35858154296875,,,,,,,,
,58799,,,354.51292991638184,,,,,,,
,58799,,7.882833480834961,,,,,,,,
,58849,,,343.8899517059326,,,,,,,
,58849,,0.3650188446044922,,,,,,,,
,58899,,,346.06409072875977,,,,,,,
,58899,,8.185148239135742,,,,,,,,
,58949,,,343.0309295654297,,,,,,,
,58949,,0.3650188446044922,,,,,,,,
,58999,,,351.49598121643066,,,,,,,
,58999,,7.548093795776367,,,,,,,,
,59049,,,345.259428024292,,,,,,,
,59049,,1.2919902801513672,,,,,,,,
,59099,,,343.214750289917,,,,,,,
,59099,,8.228063583374023,,,,,,,,
,59149,,,344.310998916626,,,,,,,
,59149,,0.3657341003417969,,,,,,,,
,59199,,,343.7378406524658,,,,,,,
,59199,,8.277416229248047,,,,,,,,
,59249,,,340.4824733734131,,,,,,,
,59249,,0.3726482391357422,,,,,,,,
,59299,,,340.3654098510742,,,,,,,
,59299,,7.553815841674805,,,,,,,,
,59349,,,340.26026725769043,,,,,,,
,59349,,0.3590583801269531,,,,,,,,
,59399,,,347.81837463378906,,,,,,,
,59399,,7.801294326782227,,,,,,,,
,59449,,,338.665246963501,,,,,,,
,59449,,0.34928321838378906,,,,,,,,
,59499,,,338.70553970336914,,,,,,,
,59499,,7.560491561889648,,,,,,,,
,59549,,,338.82713317871094,,,,,,,
,59549,,0.38123130798339844,,,,,,,,
,59599,,,348.0074405670166,,,,,,,
,59599,,8.048295974731445,,,,,,,,
,59649,,,345.3998565673828,,,,,,,
,59649,,0.35190582275390625,,,,,,,,
,59699,,,347.64575958251953,,,,,,,
,59699,,8.06879997253418,,,,,,,,
,59749,,,346.893310546875,,,,,,,
,59749,,0.3604888916015625,,,,,,,,
,59799,,,342.6194190979004,,,,,,,
,59799,,16.22748374938965,,,,,,,,
,59849,,,338.9852046966553,,,,,,,
,59849,,0.3819465637207031,,,,,,,,
,59899,,,347.6090431213379,,,,,,,
,59899,,8.181095123291016,,,,,,,,
,59949,,,339.1683101654053,,,,,,,
,59949,,0.3764629364013672,,,,,,,,
,59999,,,348.2048511505127,,,,,,,
,59999,,8.0718994140625,,,,,,,,
1,59999,,,,,,,,6.5119948387146,2607.985107421875,-2607.985107421875
,60000,25829.12031364441,,,,,,,,,
1,59999,,,,0.699474036693573,8080.3720703125,1.1429822444915771,-2613.960205078125,,,
,60049,,,352.6947498321533,,,,,,,
,60049,,0.3979206085205078,,,,,,,,
,60099,,,344.4242477416992,,,,,,,
,60099,,8.28695297241211,,,,,,,,
,60149,,,345.1833724975586,,,,,,,
,60149,,0.362396240234375,,,,,,,,
,60199,,,352.26941108703613,,,,,,,
,60199,,7.556438446044922,,,,,,,,
,60249,,,344.4478511810303,,,,,,,
,60249,,0.3941059112548828,,,,,,,,
,60299,,,355.1943302154541,,,,,,,
,60299,,8.053064346313477,,,,,,,,
,60349,,,351.83238983154297,,,,,,,
,60349,,1.1966228485107422,,,,,,,,
,60399,,,353.7912368774414,,,,,,,
,60399,,8.112907409667969,,,,,,,,
,60449,,,344.3014621734619,,,,,,,
,60449,,0.35953521728515625,,,,,,,,
,60499,,,362.05410957336426,,,,,,,
,60499,,16.164541244506836,,,,,,,,
,60549,,,344.53821182250977,,,,,,,
,60549,,0.3955364227294922,,,,,,,,
,60599,,,347.03946113586426,,,,,,,
,60599,,13.661384582519531,,,,,,,,
,60649,,,344.3026542663574,,,,,,,
,60649,,0.35452842712402344,,,,,,,,
,60699,,,344.3629741668701,,,,,,,
,60699,,8.124589920043945,,,,,,,,
,60749,,,345.00622749328613,,,,,,,
,60749,,0.8440017700195312,,,,,,,,
,60799,,,346.6212749481201,,,,,,,
,60799,,14.452695846557617,,,,,,,,
,60849,,,352.96034812927246,,,,,,,
,60849,,0.6482601165771484,,,,,,,,
,60899,,,353.557825088501,,,,,,,
,60899,,8.12673568725586,,,,,,,,
,60949,,,359.9405288696289,,,,,,,
,60949,,0.3795623779296875,,,,,,,,
,60999,,,345.1261520385742,,,,,,,
,60999,,8.066177368164062,,,,,,,,
,61049,,,353.623628616333,,,,,,,
,61049,,0.40459632873535156,,,,,,,,
,61099,,,344.4836139678955,,,,,,,
,61099,,8.291482925415039,,,,,,,,
,61149,,,351.20463371276855,,,,,,,
,61149,,0.37980079650878906,,,,,,,,
,61199,,,354.0651798248291,,,,,,,
,61199,,8.21232795715332,,,,,,,,
,61249,,,353.10840606689453,,,,,,,
,61249,,0.3643035888671875,,,,,,,,
,61299,,,345.7684516906738,,,,,,,
,61299,,8.346080780029297,,,,,,,,
,61349,,,344.35462951660156,,,,,,,
,61349,,0.38504600524902344,,,,,,,,
,61399,,,350.3596782684326,,,,,,,
,61399,,7.882833480834961,,,,,,,,
,61449,,,344.6033000946045,,,,,,,
,61449,,0.36144256591796875,,,,,,,,
,61499,,,354.95448112487793,,,,,,,
,61499,,15.024185180664062,,,,,,,,
,61549,,,344.59853172302246,,,,,,,
,61549,,0.396728515625,,,,,,,,
,61599,,,351.9093990325928,,,,,,,
,61599,,15.12289047241211,,,,,,,,
,61649,,,344.573974609375,,,,,,,
,61649,,0.38051605224609375,,,,,,,,
,61699,,,364.63165283203125,,,,,,,
,61699,,16.80898666381836,,,,,,,,
,61749,,,352.25510597229004,,,,,,,
,61749,,0.3681182861328125,,,,,,,,
,61799,,,352.1866798400879,,,,,,,
,61799,,8.152246475219727,,,,,,,,
,61849,,,344.71988677978516,,,,,,,
,61849,,0.3724098205566406,,,,,,,,
,61899,,,352.51593589782715,,,,,,,
,61899,,7.651805877685547,,,,,,,,
,61949,,,344.1472053527832,,,,,,,
,61949,,0.3921985626220703,,,,,,,,
,61999,,,344.39635276794434,,,,,,,
,61999,,8.123636245727539,,,,,,,,
,62049,,,353.0566692352295,,,,,,,
,62049,,0.3609657287597656,,,,,,,,
,62099,,,345.73864936828613,,,,,,,
,62099,,8.356094360351562,,,,,,,,
,62149,,,344.7573184967041,,,,,,,
,62149,,0.36978721618652344,,,,,,,,
,62199,,,344.0673351287842,,,,,,,
,62199,,7.724285125732422,,,,,,,,
,62249,,,344.5906639099121,,,,,,,
,62249,,0.3643035888671875,,,,,,,,
,62299,,,347.7215766906738,,,,,,,
,62299,,15.856504440307617,,,,,,,,
,62349,,,352.70047187805176,,,,,,,
,62349,,0.3657341003417969,,,,,,,,
,62399,,,349.80106353759766,,,,,,,
,62399,,8.275508880615234,,,,,,,,
,62449,,,355.6709289550781,,,,,,,
,62449,,0.4019737243652344,,,,,,,,
,62499,,,346.4071750640869,,,,,,,
,62499,,14.748811721801758,,,,,,,,
,62549,,,344.6815013885498,,,,,,,
,62549,,0.3674030303955078,,,,,,,,
,62599,,,358.33144187927246,,,,,,,
,62599,,8.128643035888672,,,,,,,,
,62649,,,359.7888946533203,,,,,,,
,62649,,0.38743019104003906,,,,,,,,
,62699,,,363.3451461791992,,,,,,,
,62699,,13.045787811279297,,,,,,,,
,62749,,,352.581262588501,,,,,,,
,62749,,0.3733634948730469,,,,,,,,
,62799,,,344.59614753723145,,,,,,,
,62799,,16.553640365600586,,,,,,,,
,62849,,,353.08027267456055,,,,,,,
,62849,,0.3826618194580078,,,,,,,,
,62899,,,348.36459159851074,,,,,,,
,62899,,14.034032821655273,,,,,,,,
,62949,,,353.0304431915283,,,,,,,
,62949,,0.3933906555175781,,,,,,,,
,62999,,,349.4694232940674,,,,,,,
,62999,,8.107423782348633,,,,,,,,
,63049,,,347.4738597869873,,,,,,,
,63049,,0.36787986755371094,,,,,,,,
,63099,,,358.1995964050293,,,,,,,
,63099,,8.486747741699219,,,,,,,,
,63149,,,351.66430473327637,,,,,,,
,63149,,0.3902912139892578,,,,,,,,
,63199,,,352.9849052429199,,,,,,,
,63199,,7.729530334472656,,,,,,,,
,63249,,,344.5713520050049,,,,,,,
,63249,,0.3972053527832031,,,,,,,,
,63299,,,352.8914451599121,,,,,,,
,63299,,8.098602294921875,,,,,,,,
,63349,,,349.841833114624,,,,,,,
,63349,,0.3762245178222656,,,,,,,,
,63399,,,344.3715572357178,,,,,,,
,63399,,8.128881454467773,,,,,,,,
,63449,,,360.3396415710449,,,,,,,
,63449,,0.3600120544433594,,,,,,,,
,63499,,,344.38061714172363,,,,,,,
,63499,,8.24594497680664,,,,,,,,
,63549,,,354.5420169830322,,,,,,,
,63549,,0.37217140197753906,,,,,,,,
,63599,,,347.2568988800049,,,,,,,
,63599,,13.735771179199219,,,,,,,,
,63649,,,355.20339012145996,,,,,,,
,63649,,0.3647804260253906,,,,,,,,
,63699,,,345.05176544189453,,,,,,,
,63699,,7.722616195678711,,,,,,,,
,63749,,,360.87965965270996,,,,,,,
,63749,,0.3864765167236328,,,,,,,,
,63799,,,352.9031276702881,,,,,,,
,63799,,7.9631805419921875,,,,,,,,
,63849,,,361.436128616333,,,,,,,
,63849,,0.4470348358154297,,,,,,,,
,63899,,,345.1669216156006,,,,,,,
,63899,,8.363008499145508,,,,,,,,
,63949,,,353.1308174133301,,,,,,,
,63949,,0.35953521728515625,,,,,,,,
,63999,,,344.75231170654297,,,,,,,
,63999,,8.220672607421875,,,,,,,,
,64049,,,353.04713249206543,,,,,,,
,64049,,0.3707408905029297,,,,,,,,
,64099,,,344.8748588562012,,,,,,,
,64099,,7.781744003295898,,,,,,,,
,64149,,,357.2399616241455,,,,,,,
,64149,,1.2693405151367188,,,,,,,,
,64199,,,344.1188335418701,,,,,,,
,64199,,8.208274841308594,,,,,,,,
,64249,,,344.7906970977783,,,,,,,
,64249,,0.36215782165527344,,,,,,,,
,64299,,,353.6801338195801,,,,,,,
,64299,,7.511138916015625,,,,,,,,
,64349,,,344.27523612976074,,,,,,,
,64349,,0.39649009704589844,,,,,,,,
,64399,,,345.2742099761963,,,,,,,
,64399,,8.086919784545898,,,,,,,,
,64449,,,344.2234992980957,,,,,,,
,64449,,0.3643035888671875,,,,,,,,
,64499,,,349.9915599822998,,,,,,,
,64499,,8.254289627075195,,,,,,,,
,64549,,,356.00757598876953,,,,,,,
,64549,,0.3712177276611328,,,,,,,,
,64599,,,353.5115718841553,,,,,,,
,64599,,7.647275924682617,,,,,,,,
,64649,,,344.5720672607422,,,,,,,
,64649,,0.3974437713623047,,,,,,,,
,64699,,,344.47741508483887,,,,,,,
,64699,,8.139371871948242,,,,,,,,
,64749,,,352.94651985168457,,,,,,,
,64749,,0.36144256591796875,,,,,,,,
,64799,,,344.36655044555664,,,,,,,
,64799,,8.123159408569336,,,,,,,,
,64849,,,350.1713275909424,,,,,,,
,64849,,0.3590583801269531,,,,,,,,
,64899,,,344.50268745422363,,,,,,,
,64899,,7.796287536621094,,,,,,,,
,64949,,,344.9976444244385,,,,,,,
,64949,,0.3991127014160156,,,,,,,,
,64999,,,344.73633766174316,,,,,,,
,64999,,8.063554763793945,,,,,,,,
,65049,,,1043.2560443878174,,,,,,,
,65049,,3.7903785705566406,,,,,,,,
,65099,,,1043.830156326294,,,,,,,
,65099,,9.30476188659668,,,,,,,,
,65149,,,1037.1546745300293,,,,,,,
,65149,,1.3492107391357422,,,,,,,,
,65199,,,1030.8380126953125,,,,,,,
,65199,,9.18722152709961,,,,,,,,
,65249,,,1038.8531684875488,,,,,,,
,65249,,1.3573169708251953,,,,,,,,
,65299,,,1084.0122699737549,,,,,,,
,65299,,9.149312973022461,,,,,,,,
,65349,,,1040.2796268463135,,,,,,,
,65349,,1.3151168823242188,,,,,,,,
,65399,,,1034.5582962036133,,,,,,,
,65399,,9.237289428710938,,,,,,,,
,65449,,,1041.3379669189453,,,,,,,
,65449,,1.3532638549804688,,,,,,,,
,65499,,,1044.1768169403076,,,,,,,
,65499,,9.144306182861328,,,,,,,,
,65549,,,1040.4703617095947,,,,,,,
,65549,,1.3594627380371094,,,,,,,,
,65599,,,1044.3017482757568,,,,,,,
,65599,,11.775016784667969,,,,,,,,
,65649,,,1030.296802520752,,,,,,,
,65649,,1.3370513916015625,,,,,,,,
,65699,,,1046.0724830627441,,,,,,,
,65699,,13.297796249389648,,,,,,,,
,65749,,,1041.3463115692139,,,,,,,
,65749,,3.834962844848633,,,,,,,,
,65799,,,1040.7166481018066,,,,,,,
,65799,,8.799552917480469,,,,,,,,
,65849,,,1039.9532318115234,,,,,,,
,65849,,1.369476318359375,,,,,,,,
,65899,,,1257.4586868286133,,,,,,,
,65899,,10.707855224609375,,,,,,,,
,65949,,,1247.3466396331787,,,,,,,
,65949,,4.085063934326172,,,,,,,,
,65999,,,1244.2946434020996,,,,,,,
,65999,,15.090703964233398,,,,,,,,
,66049,,,1248.8558292388916,,,,,,,
,66049,,3.270864486694336,,,,,,,,
,66099,,,1254.4946670532227,,,,,,,
,66099,,10.742425918579102,,,,,,,,
,66149,,,1790.1451587677002,,,,,,,
,66149,,2.087831497192383,,,,,,,,
,66199,,,1248.8298416137695,,,,,,,
,66199,,14.295816421508789,,,,,,,,
,66249,,,1254.3115615844727,,,,,,,
,66249,,3.624439239501953,,,,,,,,
,66299,,,1241.4588928222656,,,,,,,
,66299,,9.311914443969727,,,,,,,,
,66349,,,1245.3951835632324,,,,,,,
,66349,,2.7217864990234375,,,,,,,,
,66399,,,1239.7699356079102,,,,,,,
,66399,,9.273052215576172,,,,,,,,
,66449,,,1240.1068210601807,,,,,,,
,66449,,1.4271736145019531,,,,,,,,
,66499,,,1256.016731262207,,,,,,,
,66499,,9.493827819824219,,,,,,,,
,66549,,,1234.6627712249756,,,,,,,
,66549,,3.545999526977539,,,,,,,,
,66599,,,1242.1338558197021,,,,,,,
,66599,,9.25898551940918,,,,,,,,
,66649,,,1243.8254356384277,,,,,,,
,66649,,3.791332244873047,,,,,,,,
,66699,,,1322.141170501709,,,,,,,
,66699,,10.387420654296875,,,,,,,,
,66749,,,1229.2368412017822,,,,,,,
,66749,,1.3580322265625,,,,,,,,
,66799,,,1320.695400238037,,,,,,,
,66799,,9.423255920410156,,,,,,,,
,66849,,,1242.0363426208496,,,,,,,
,66849,,1.3713836669921875,,,,,,,,
,66899,,,1243.4449195861816,,,,,,,
,66899,,9.253501892089844,,,,,,,,
,66949,,,1229.6669483184814,,,,,,,
,66949,,1.3649463653564453,,,,,,,,
,66999,,,1250.410556793213,,,,,,,
,66999,,9.474992752075195,,,,,,,,
,67049,,,1115.264892578125,,,,,,,
,67049,,1.354217529296875,,,,,,,,
,67099,,,1110.109806060791,,,,,,,
,67099,,9.257078170776367,,,,,,,,
,67149,,,1126.3043880462646,,,,,,,
,67149,,1.4595985412597656,,,,,,,,
,67199,,,1108.3695888519287,,,,,,,
,67199,,9.186267852783203,,,,,,,,
,67249,,,1108.553171157837,,,,,,,
,67249,,1.3222694396972656,,,,,,,,
,67299,,,1109.5657348632812,,,,,,,
,67299,,9.151220321655273,,,,,,,,
,67349,,,1110.3839874267578,,,,,,,
,67349,,1.3194084167480469,,,,,,,,
,67399,,,1107.9156398773193,,,,,,,
,67399,,9.179830551147461,,,,,,,,
,67449,,,1107.6664924621582,,,,,,,
,67449,,1.3115406036376953,,,,,,,,
,67499,,,1114.0615940093994,,,,,,,
,67499,,8.658885955810547,,,,,,,,
,67549,,,1104.5589447021484,,,,,,,
,67549,,1.2857913970947266,,,,,,,,
,67599,,,1103.1818389892578,,,,,,,
,67599,,9.222030639648438,,,,,,,,
,67649,,,1103.7757396697998,,,,,,,
,67649,,1.27410888671875,,,,,,,,
,67699,,,1109.2045307159424,,,,,,,
,67699,,9.133100509643555,,,,,,,,
,67749,,,1104.292631149292,,,,,,,
,67749,,1.3034343719482422,,,,,,,,
,67799,,,1111.1748218536377,,,,,,,
,67799,,9.115457534790039,,,,,,,,
,67849,,,1110.0571155548096,,,,,,,
,67849,,1.2867450714111328,,,,,,,,
,67899,,,1112.9324436187744,,,,,,,
,67899,,9.08970832824707,,,,,,,,
,67949,,,1112.652063369751,,,,,,,
,67949,,1.2729167938232422,,,,,,,,
,67999,,,1107.7029705047607,,,,,,,
,67999,,13.784170150756836,,,,,,,,
,68049,,,1106.5127849578857,,,,,,,
,68049,,3.415822982788086,,,,,,,,
,68099,,,1104.7992706298828,,,,,,,
,68099,,9.144306182861328,,,,,,,,
,68149,,,1109.4579696655273,,,,,,,
,68149,,3.6592483520507812,,,,,,,,
,68199,,,1109.7116470336914,,,,,,,
,68199,,9.118318557739258,,,,,,,,
,68249,,,1109.5457077026367,,,,,,,
,68249,,2.925872802734375,,,,,,,,
,68299,,,1112.0779514312744,,,,,,,
,68299,,17.03333854675293,,,,,,,,
,68349,,,1108.152151107788,,,,,,,
,68349,,1.2879371643066406,,,,,,,,
,68399,,,1106.2214374542236,,,,,,,
,68399,,15.637397766113281,,,,,,,,
,68449,,,1110.8789443969727,,,,,,,
,68449,,3.6656856536865234,,,,,,,,
,68499,,,1105.4925918579102,,,,,,,
,68499,,15.73944091796875,,,,,,,,
,68549,,,1103.9025783538818,,,,,,,
,68549,,2.739429473876953,,,,,,,,
,68599,,,1112.2195720672607,,,,,,,
,68599,,11.60573959350586,,,,,,,,
,68649,,,1105.783224105835,,,,,,,
,68649,,1.2896060943603516,,,,,,,,
,68699,,,1105.6067943572998,,,,,,,
,68699,,15.527963638305664,,,,,,,,
,68749,,,1115.9446239471436,,,,,,,
,68749,,3.9947032928466797,,,,,,,,
,68799,,,1111.3929748535156,,,,,,,
,68799,,9.911537170410156,,,,,,,,
,68849,,,1110.210657119751,,,,,,,
,68849,,3.233671188354492,,,,,,,,
,68899,,,1103.1548976898193,,,,,,,
,68899,,17.71259307861328,,,,,,,,
,68949,,,1103.0964851379395,,,,,,,
,68949,,1.318216323852539,,,,,,,,
,68999,,,1102.9236316680908,,,,,,,
,68999,,17.143964767456055,,,,,,,,
,69049,,,1110.767126083374,,,,,,,
,69049,,1.7044544219970703,,,,,,,,
,69099,,,1114.393711090088,,,,,,,
,69099,,10.290861129760742,,,,,,,,
,69149,,,1105.4530143737793,,,,,,,
,69149,,2.8824806213378906,,,,,,,,
,69199,,,1106.8100929260254,,,,,,,
,69199,,17.190933227539062,,,,,,,,
,69249,,,1104.0520668029785,,,,,,,
,69249,,1.2943744659423828,,,,,,,,
,69299,,,1104.53200340271,,,,,,,
,69299,,16.70694351196289,,,,,,,,
,69349,,,1112.2667789459229,,,,,,,
,69349,,3.73077392578125,,,,,,,,
,69399,,,1105.4189205169678,,,,,,,
,69399,,8.702278137207031,,,,,,,,
,69449,,,1109.4093322753906,,,,,,,
,69449,,3.6902427673339844,,,,,,,,
,69499,,,1112.9207611083984,,,,,,,
,69499,,11.386394500732422,,,,,,,,
,69549,,,1105.0503253936768,,,,,,,
,69549,,1.2946128845214844,,,,,,,,
,69599,,,1122.1203804016113,,,,,,,
,69599,,11.828422546386719,,,,,,,,
,69649,,,1110.6882095336914,,,,,,,
,69649,,3.1578540802001953,,,,,,,,
,69699,,,1125.3643035888672,,,,,,,
,69699,,11.465311050415039,,,,,,,,
,69749,,,1123.462200164795,,,,,,,
,69749,,2.8374195098876953,,,,,,,,
,69799,,,1119.2526817321777,,,,,,,
,69799,,8.942365646362305,,,,,,,,
,69849,,,1115.724802017212,,,,,,,
,69849,,1.2760162353515625,,,,,,,,
,69899,,,1116.3825988769531,,,,,,,
,69899,,15.048980712890625,,,,,,,,
,69949,,,1115.0903701782227,,,,,,,
,69949,,3.667116165161133,,,,,,,,
,69999,,,1119.8363304138184,,,,,,,
,69999,,10.576009750366211,,,,,,,,
,70049,,,559.8399639129639,,,,,,,
,70049,,0.37789344787597656,,,,,,,,
,70099,,,560.9173774719238,,,,,,,
,70099,,15.600204467773438,,,,,,,,
,70149,,,567.7304267883301,,,,,,,
,70149,,0.40531158447265625,,,,,,,,
,70199,,,560.4865550994873,,,,,,,
,70199,,8.246898651123047,,,,,,,,
,70249,,,559.7212314605713,,,,,,,
,70249,,0.40841102600097656,,,,,,,,
,70299,,,567.840576171875,,,,,,,
,70299,,17.01831817626953,,,,,,,,
,70349,,,568.5222148895264,,,,,,,
,70349,,0.4048347473144531,,,,,,,,
,70399,,,566.8380260467529,,,,,,,
,70399,,8.359193801879883,,,,,,,,
,70449,,,560.0399971008301,,,,,,,
,70449,,0.3745555877685547,,,,,,,,
,70499,,,561.1834526062012,,,,,,,
,70499,,14.323949813842773,,,,,,,,
,70549,,,551.8431663513184,,,,,,,
,70549,,0.3769397735595703,,,,,,,,
,70599,,,559.8692893981934,,,,,,,
,70599,,8.269309997558594,,,,,,,,
,70649,,,560.150146484375,,,,,,,
,70649,,0.37384033203125,,,,,,,,
,70699,,,568.2499408721924,,,,,,,
,70699,,17.28081703186035,,,,,,,,
,70749,,,551.4295101165771,,,,,,,
,70749,,0.37384033203125,,,,,,,,
,70799,,,560.204267501831,,,,,,,
,70799,,7.898092269897461,,,,,,,,
,70849,,,566.9040679931641,,,,,,,
,70849,,1.2319087982177734,,,,,,,,
,70899,,,567.5382614135742,,,,,,,
,70899,,17.17829704284668,,,,,,,,
,70949,,,564.1834735870361,,,,,,,
,70949,,0.4019737243652344,,,,,,,,
,70999,,,559.5390796661377,,,,,,,
,70999,,8.255481719970703,,,,,,,,
,71049,,,560.0826740264893,,,,,,,
,71049,,0.40531158447265625,,,,,,,,
,71099,,,560.6157779693604,,,,,,,
,71099,,14.838695526123047,,,,,,,,
,71149,,,564.6755695343018,,,,,,,
,71149,,0.3821849822998047,,,,,,,,
,71199,,,560.1391792297363,,,,,,,
,71199,,7.9479217529296875,,,,,,,,
,71249,,,559.61012840271,,,,,,,
,71249,,0.38170814514160156,,,,,,,,
,71299,,,568.1188106536865,,,,,,,
,71299,,17.072677612304688,,,,,,,,
,71349,,,563.6217594146729,,,,,,,
,71349,,1.0497570037841797,,,,,,,,
,71399,,,560.6682300567627,,,,,,,
,71399,,17.87424087524414,,,,,,,,
,71449,,,563.3957386016846,,,,,,,
,71449,,0.3743171691894531,,,,,,,,
,71499,,,563.3125305175781,,,,,,,
,71499,,16.978979110717773,,,,,,,,
,71549,,,570.6818103790283,,,,,,,
,71549,,0.3726482391357422,,,,,,,,
,71599,,,551.8412590026855,,,,,,,
,71599,,8.579730987548828,,,,,,,,
,71649,,,559.434175491333,,,,,,,
,71649,,0.37479400634765625,,,,,,,,
,71699,,,561.0802173614502,,,,,,,
,71699,,7.728815078735352,,,,,,,,
,71749,,,563.2884502410889,,,,,,,
,71749,,0.40435791015625,,,,,,,,
,71799,,,559.2358112335205,,,,,,,
,71799,,8.255720138549805,,,,,,,,
,71849,,,560.760498046875,,,,,,,
,71849,,0.3998279571533203,,,,,,,,
,71899,,,559.7729682922363,,,,,,,
,71899,,8.217573165893555,,,,,,,,
,71949,,,568.0387020111084,,,,,,,
,71949,,0.40078163146972656,,,,,,,,
,71999,,,558.5768222808838,,,,,,,
,71999,,8.029460906982422,,,,,,,,
,72049,,,559.8089694976807,,,,,,,
,72049,,0.4036426544189453,,,,,,,,
,72099,,,560.621976852417,,,,,,,
,72099,,8.401155471801758,,,,,,,,
,72149,,,558.5896968841553,,,,,,,
,72149,,0.37741661071777344,,,,,,,,
,72199,,,560.5449676513672,,,,,,,
,72199,,16.92652702331543,,,,,,,,
,72249,,,561.4988803863525,,,,,,,
,72249,,0.3752708435058594,,,,,,,,
,72299,,,560.880184173584,,,,,,,
,72299,,8.340120315551758,,,,,,,,
,72349,,,568.1421756744385,,,,,,,
,72349,,0.3731250762939453,,,,,,,,
,72399,,,565.6106472015381,,,,,,,
,72399,,16.7233943939209,,,,,,,,
,72449,,,562.2844696044922,,,,,,,
,72449,,0.3685951232910156,,,,,,,,
,72499,,,561.5544319152832,,,,,,,
,72499,,7.706165313720703,,,,,,,,
,72549,,,567.4033164978027,,,,,,,
,72549,,0.40602684020996094,,,,,,,,
,72599,,,565.9160614013672,,,,,,,
,72599,,8.243799209594727,,,,,,,,
,72649,,,559.9133968353271,,,,,,,
,72649,,0.4062652587890625,,,,,,,,
,72699,,,567.0959949493408,,,,,,,
,72699,,16.840696334838867,,,,,,,,
,72749,,,551.3622760772705,,,,,,,
,72749,,0.40459632873535156,,,,,,,,
,72799,,,561.9649887084961,,,,,,,
,72799,,8.251190185546875,,,,,,,,
,72849,,,567.1670436859131,,,,,,,
,72849,,0.4107952117919922,,,,,,,,
,72899,,,568.2735443115234,,,,,,,
,72899,,17.3342227935791,,,,,,,,
,72949,,,560.7361793518066,,,,,,,
,72949,,0.39196014404296875,,,,,,,,
,72999,,,559.9491596221924,,,,,,,
,72999,,15.924453735351562,,,,,,,,
,73049,,,568.4967041015625,,,,,,,
,73049,,1.2214183807373047,,,,,,,,
,73099,,,558.4127902984619,,,,,,,
,73099,,8.280515670776367,,,,,,,,
,73149,,,563.3060932159424,,,,,,,
,73149,,0.3719329833984375,,,,,,,,
,73199,,,566.8449401855469,,,,,,,
,73199,,14.881134033203125,,,,,,,,
,73249,,,556.5814971923828,,,,,,,
,73249,,0.37360191345214844,,,,,,,,
,73299,,,559.5283508300781,,,,,,,
,73299,,8.537530899047852,,,,,,,,
,73349,,,560.4631900787354,,,,,,,
,73349,,0.3712177276611328,,,,,,,,
,73399,,,569.1993236541748,,,,,,,
,73399,,16.32857322692871,,,,,,,,
,73449,,,558.4297180175781,,,,,,,
,73449,,0.396728515625,,,,,,,,
,73499,,,553.4191131591797,,,,,,,
,73499,,8.203506469726562,,,,,,,,
,73549,,,556.8840503692627,,,,,,,
,73549,,0.3941059112548828,,,,,,,,
,73599,,,556.0860633850098,,,,,,,
,73599,,8.188962936401367,,,,,,,,
,73649,,,548.0852127075195,,,,,,,
,73649,,0.4191398620605469,,,,,,,,
,73699,,,557.5928688049316,,,,,,,
,73699,,8.069276809692383,,,,,,,,
,73749,,,556.7708015441895,,,,,,,
,73749,,0.36072731018066406,,,,,,,,
,73799,,,548.9253997802734,,,,,,,
,73799,,8.334636688232422,,,,,,,,
,73849,,,559.8196983337402,,,,,,,
,73849,,0.3712177276611328,,,,,,,,
,73899,,,558.2277774810791,,,,,,,
,73899,,8.260488510131836,,,,,,,,
,73949,,,557.1451187133789,,,,,,,
,73949,,0.3731250762939453,,,,,,,,
,73999,,,557.6162338256836,,,,,,,
,73999,,8.268356323242188,,,,,,,,
,74049,,,549.0696430206299,,,,,,,
,74049,,0.37288665771484375,,,,,,,,
,74099,,,556.7843914031982,,,,,,,
,74099,,8.49461555480957,,,,,,,,
,74149,,,556.6399097442627,,,,,,,
,74149,,0.39005279541015625,,,,,,,,
,74199,,,548.2301712036133,,,,,,,
,74199,,7.70878791809082,,,,,,,,
,74249,,,558.117151260376,,,,,,,
,74249,,0.39839744567871094,,,,,,,,
,74299,,,557.3561191558838,,,,,,,
,74299,,8.227109909057617,,,,,,,,
,74349,,,557.103157043457,,,,,,,
,74349,,0.40149688720703125,,,,,,,,
,74399,,,556.7061901092529,,,,,,,
,74399,,8.234262466430664,,,,,,,,
,74449,,,548.7301349639893,,,,,,,
,74449,,0.40149688720703125,,,,,,,,
,74499,,,556.9109916687012,,,,,,,
,74499,,8.027315139770508,,,,,,,,
,74549,,,560.0955486297607,,,,,,,
,74549,,0.4298686981201172,,,,,,,,
,74599,,,548.464298248291,,,,,,,
,74599,,8.289337158203125,,,,,,,,
,74649,,,556.9264888763428,,,,,,,
,74649,,0.3750324249267578,,,,,,,,
,74699,,,558.6652755737305,,,,,,,
,74699,,8.188486099243164,,,,,,,,
,74749,,,562.1693134307861,,,,,,,
,74749,,0.3783702850341797,,,,,,,,
,74799,,,559.8890781402588,,,,,,,
,74799,,8.318185806274414,,,,,,,,
,74849,,,559.8182678222656,,,,,,,
,74849,,0.37097930908203125,,,,,,,,
,74899,,,556.6802024841309,,,,,,,
,74899,,7.971048355102539,,,,,,,,
,74949,,,563.5702610015869,,,,,,,
,74949,,0.39696693420410156,,,,,,,,
,74999,,,560.0666999816895,,,,,,,
,74999,,8.033275604248047,,,,,,,,
,75049,,,826.0242938995361,,,,,,,
,75049,,1.0395050048828125,,,,,,,,
,75099,,,826.6959190368652,,,,,,,
,75099,,8.606910705566406,,,,,,,,
,75149,,,831.6617012023926,,,,,,,
,75149,,1.0085105895996094,,,,,,,,
,75199,,,827.2929191589355,,,,,,,
,75199,,8.788585662841797,,,,,,,,
,75249,,,828.345775604248,,,,,,,
,75249,,1.0097026824951172,,,,,,,,
,75299,,,827.0769119262695,,,,,,,
,75299,,8.21685791015625,,,,,,,,
,75349,,,825.1204490661621,,,,,,,
,75349,,1.0085105895996094,,,,,,,,
,75399,,,832.1146965026855,,,,,,,
,75399,,8.60142707824707,,,,,,,,
,75449,,,828.9172649383545,,,,,,,
,75449,,1.0783672332763672,,,,,,,,
,75499,,,840.9552574157715,,,,,,,
,75499,,10.711669921875,,,,,,,,
,75549,,,832.770824432373,,,,,,,
,75549,,1.0752677917480469,,,,,,,,
,75599,,,834.2320919036865,,,,,,,
,75599,,8.610963821411133,,,,,,,,
,75649,,,839.6995067596436,,,,,,,
,75649,,1.0936260223388672,,,,,,,,
,75699,,,835.6246948242188,,,,,,,
,75699,,8.750200271606445,,,,,,,,
,75749,,,833.4236145019531,,,,,,,
,75749,,1.089334487915039,,,,,,,,
,75799,,,832.930326461792,,,,,,,
,75799,,16.237735748291016,,,,,,,,
,75849,,,833.9874744415283,,,,,,,
,75849,,1.0464191436767578,,,,,,,,
,75899,,,834.5439434051514,,,,,,,
,75899,,8.646488189697266,,,,,,,,
,75949,,,835.0591659545898,,,,,,,
,75949,,1.069784164428711,,,,,,,,
,75999,,,835.878849029541,,,,,,,
,75999,,8.779525756835938,,,,,,,,
,76049,,,840.7597541809082,,,,,,,
,76049,,3.1442642211914062,,,,,,,,
,76099,,,835.2158069610596,,,,,,,
,76099,,8.297204971313477,,,,,,,,
,76149,,,835.5648517608643,,,,,,,
,76149,,1.0690689086914062,,,,,,,,
,76199,,,837.9199504852295,,,,,,,
,76199,,8.801460266113281,,,,,,,,
,76249,,,804.7952651977539,,,,,,,
,76249,,1.0881423950195312,,,,,,,,
,76299,,,764.340877532959,,,,,,,
,76299,,8.701324462890625,,,,,,,,
,76349,,,783.3254337310791,,,,,,,
,76349,,1.6062259674072266,,,,,,,,
,76399,,,762.5715732574463,,,,,,,
,76399,,16.666650772094727,,,,,,,,
,76449,,,775.1855850219727,,,,,,,
,76449,,3.111124038696289,,,,,,,,
,76499,,,777.0907878875732,,,,,,,
,76499,,11.72184944152832,,,,,,,,
,76549,,,762.7756595611572,,,,,,,
,76549,,1.077413558959961,,,,,,,,
,76599,,,771.6047763824463,,,,,,,
,76599,,8.869171142578125,,,,,,,,
,76649,,,779.1316509246826,,,,,,,
,76649,,1.5919208526611328,,,,,,,,
,76699,,,762.7749443054199,,,,,,,
,76699,,17.14468002319336,,,,,,,,
,76749,,,772.4208831787109,,,,,,,
,76749,,1.0826587677001953,,,,,,,,
,76799,,,763.361930847168,,,,,,,
,76799,,8.757352828979492,,,,,,,,
,76849,,,774.1677761077881,,,,,,,
,76849,,1.0445117950439453,,,,,,,,
,76899,,,763.765811920166,,,,,,,
,76899,,8.787393569946289,,,,,,,,
,76949,,,771.7041969299316,,,,,,,
,76949,,1.041412353515625,,,,,,,,
,76999,,,776.5228748321533,,,,,,,
,76999,,12.712478637695312,,,,,,,,
,77049,,,778.745174407959,,,,,,,
,77049,,3.19671630859375,,,,,,,,
,77099,,,769.2294120788574,,,,,,,
,77099,,8.811473846435547,,,,,,,,
,77149,,,763.6270523071289,,,,,,,
,77149,,1.0874271392822266,,,,,,,,
,77199,,,772.9628086090088,,,,,,,
,77199,,8.31913948059082,,,,,,,,
,77249,,,762.6192569732666,,,,,,,
,77249,,1.093149185180664,,,,,,,,
,77299,,,775.0890254974365,,,,,,,
,77299,,14.779806137084961,,,,,,,,
,77349,,,778.2483100891113,,,,,,,
,77349,,1.0790824890136719,,,,,,,,
,77399,,,776.0014533996582,,,,,,,
,77399,,15.977621078491211,,,,,,,,
,77449,,,777.9903411865234,,,,,,,
,77449,,1.0457038879394531,,,,,,,,
,77499,,,775.965690612793,,,,,,,
,77499,,8.80575180053711,,,,,,,,
,77549,,,772.9175090789795,,,,,,,
,77549,,1.0652542114257812,,,,,,,,
,77599,,,773.4923362731934,,,,,,,
,77599,,14.973878860473633,,,,,,,,
,77649,,,770.5752849578857,,,,,,,
,77649,,2.8395652770996094,,,,,,,,
,77699,,,771.2619304656982,,,,,,,
,77699,,8.741378784179688,,,,,,,,
,77749,,,774.3973731994629,,,,,,,
,77749,,1.0814666748046875,,,,,,,,
,77799,,,771.0986137390137,,,,,,,
,77799,,8.920431137084961,,,,,,,,
,77849,,,771.9182968139648,,,,,,,
,77849,,1.0602474212646484,,,,,,,,
,77899,,,779.0381908416748,,,,,,,
,77899,,11.655807495117188,,,,,,,,
,77949,,,763.6964321136475,,,,,,,
,77949,,1.0371208190917969,,,,,,,,
,77999,,,777.1205902099609,,,,,,,
,77999,,8.80575180053711,,,,,,,,
,78049,,,771.451473236084,,,,,,,
,78049,,1.050710678100586,,,,,,,,
,78099,,,762.315034866333,,,,,,,
,78099,,8.308887481689453,,,,,,,,
,78149,,,777.6968479156494,,,,,,,
,78149,,1.1861324310302734,,,,,,,,
,78199,,,779.6986103057861,,,,,,,
,78199,,8.95547866821289,,,,,,,,
,78249,,,771.0981369018555,,,,,,,
,78249,,1.065969467163086,,,,,,,,
,78299,,,771.3363170623779,,,,,,,
,78299,,17.008304595947266,,,,,,,,
,78349,,,771.1737155914307,,,,,,,
,78349,,1.0821819305419922,,,,,,,,
,78399,,,765.9366130828857,,,,,,,
,78399,,8.724689483642578,,,,,,,,
,78449,,,771.0700035095215,,,,,,,
,78449,,1.0657310485839844,,,,,,,,
,78499,,,763.361930847168,,,,,,,
,78499,,17.08698272705078,,,,,,,,
,78549,,,776.4172554016113,,,,,,,
,78549,,3.0536651611328125,,,,,,,,
,78599,,,771.5656757354736,,,,,,,
,78599,,8.818626403808594,,,,,,,,
,78649,,,762.9222869873047,,,,,,,
,78649,,1.0366439819335938,,,,,,,,
,78699,,,769.8395252227783,,,,,,,
,78699,,8.271932601928711,,,,,,,,
,78749,,,768.7745094299316,,,,,,,
,78749,,1.2009143829345703,,,,,,,,
,78799,,,763.0782127380371,,,,,,,
,78799,,8.789300918579102,,,,,,,,
