epoch,lr-Adam,step,time/epoch (s),time/inter_step (ms),time/intra_step (ms),train/loss,train/reward,val/max_aug_reward,val/max_reward,val/reward
,0.0003,0,,,,,,,,
,,49,,,169.67034339904785,,,,,
,,49,,3.1020641326904297,,,,,,
0,,49,,,,0.616175651550293,-6.828668117523193,,,
,,99,,,172.22118377685547,,,,,
,,99,,20.91813087463379,,,,,,
0,,99,,,,0.6103577613830566,-6.670837879180908,,,
,,149,,,164.0794277191162,,,,,
,,149,,3.347158432006836,,,,,,
0,,149,,,,0.6059390306472778,-6.579965114593506,,,
,,199,,,172.5451946258545,,,,,
,,199,,22.825956344604492,,,,,,
0,,199,,,,0.6159622073173523,-6.554952144622803,,,
,,249,,,165.57836532592773,,,,,
,,249,,2.8791427612304688,,,,,,
0,,249,,,,0.6099967360496521,-6.46566104888916,,,
,,299,,,168.8232421875,,,,,
,,299,,23.37646484375,,,,,,
0,,299,,,,0.6193214058876038,-6.41712760925293,,,
,,349,,,165.02952575683594,,,,,
,,349,,2.8715133666992188,,,,,,
0,,349,,,,0.6163128018379211,-6.356249809265137,,,
,,399,,,164.70861434936523,,,,,
,,399,,20.581960678100586,,,,,,
0,,399,,,,0.6199139356613159,-6.364859580993652,,,
,,449,,,164.9494171142578,,,,,
,,449,,2.996206283569336,,,,,,
0,,449,,,,0.6163380742073059,-6.355813980102539,,,
,,499,,,166.02325439453125,,,,,
,,499,,20.436763763427734,,,,,,
0,,499,,,,0.6215962767601013,-6.256414890289307,,,
,,549,,,164.933443069458,,,,,
,,549,,2.7642250061035156,,,,,,
0,,549,,,,0.6125914454460144,-6.341827392578125,,,
,,599,,,171.6620922088623,,,,,
,,599,,20.412921905517578,,,,,,
0,,599,,,,0.6223347187042236,-6.306175231933594,,,
,,649,,,169.04616355895996,,,,,
,,649,,4.182100296020508,,,,,,
0,,649,,,,0.6209964156150818,-6.28483772277832,,,
,,699,,,168.61724853515625,,,,,
,,699,,20.427942276000977,,,,,,
0,,699,,,,0.6245144009590149,-6.249799728393555,,,
,,749,,,164.59035873413086,,,,,
,,749,,2.8188228607177734,,,,,,
0,,749,,,,0.6264371275901794,-6.269861221313477,,,
,,799,,,166.12553596496582,,,,,
,,799,,20.59769630432129,,,,,,
0,,799,,,,0.6168667078018188,-6.246438980102539,,,
,,849,,,170.1071262359619,,,,,
,,849,,2.8798580169677734,,,,,,
0,,849,,,,0.622878909111023,-6.259581089019775,,,
,,899,,,164.58988189697266,,,,,
,,899,,20.237445831298828,,,,,,
0,,899,,,,0.62226802110672,-6.203409194946289,,,
,,949,,,163.50603103637695,,,,,
,,949,,2.6602745056152344,,,,,,
0,,949,,,,0.622163712978363,-6.179718494415283,,,
,,999,,,165.82560539245605,,,,,
,,999,,20.962953567504883,,,,,,
0,,999,,,,0.6183454394340515,-6.228043079376221,,,
,,1049,,,167.9532527923584,,,,,
,,1049,,3.777027130126953,,,,,,
0,,1049,,,,0.620914876461029,-6.227065086364746,,,
,,1099,,,168.12777519226074,,,,,
,,1099,,23.452043533325195,,,,,,
0,,1099,,,,0.6258199214935303,-6.187836170196533,,,
,,1149,,,164.2148494720459,,,,,
,,1149,,2.9730796813964844,,,,,,
0,,1149,,,,0.6210289001464844,-6.229676246643066,,,
,,1199,,,166.3341522216797,,,,,
,,1199,,23.966550827026367,,,,,,
0,,1199,,,,0.6181474924087524,-6.191330432891846,,,
,,1249,,,164.83139991760254,,,,,
,,1249,,2.858877182006836,,,,,,
0,,1249,,,,0.6253869533538818,-6.202672004699707,,,
,,1299,,,165.08960723876953,,,,,
,,1299,,20.281314849853516,,,,,,
0,,1299,,,,0.6231372356414795,-6.27699089050293,,,
,,1349,,,164.808988571167,,,,,
,,1349,,2.858400344848633,,,,,,
0,,1349,,,,0.6274391412734985,-6.191310405731201,,,
,,1399,,,164.6132469177246,,,,,
,,1399,,20.645856857299805,,,,,,
0,,1399,,,,0.6154029965400696,-6.223670482635498,,,
,,1449,,,165.56167602539062,,,,,
,,1449,,2.8514862060546875,,,,,,
0,,1449,,,,0.6264121532440186,-6.172993183135986,,,
,,1499,,,164.99590873718262,,,,,
,,1499,,20.054101943969727,,,,,,
0,,1499,,,,0.6228793263435364,-6.215436935424805,,,
,,1549,,,164.73698616027832,,,,,
,,1549,,2.8657913208007812,,,,,,
0,,1549,,,,0.6190235614776611,-6.184712886810303,,,
0,,1562,,,,,,-5.725313186645508,-5.772472858428955,-6.074781894683838
,,1563,296.44468569755554,,,,,,,
,0.0003,1563,,,,,,,,
,,1599,,,167.24061965942383,,,,,
,,1599,,20.92146873474121,,,,,,
1,,1599,,,,0.6258434653282166,-6.1953125,,,
,,1649,,,164.52765464782715,,,,,
,,1649,,2.904653549194336,,,,,,
1,,1649,,,,0.6221116185188293,-6.1660003662109375,,,
,,1699,,,165.98892211914062,,,,,
,,1699,,20.090579986572266,,,,,,
1,,1699,,,,0.6198349595069885,-6.185245037078857,,,
,,1749,,,165.29560089111328,,,,,
,,1749,,2.796173095703125,,,,,,
1,,1749,,,,0.6152270436286926,-6.161980628967285,,,
,,1799,,,170.88747024536133,,,,,
,,1799,,20.154237747192383,,,,,,
1,,1799,,,,0.6197368502616882,-6.125977516174316,,,
,,1849,,,170.42803764343262,,,,,
,,1849,,4.266023635864258,,,,,,
1,,1849,,,,0.6195172667503357,-6.190344333648682,,,
,,1899,,,164.4606590270996,,,,,
,,1899,,20.16758918762207,,,,,,
1,,1899,,,,0.623749852180481,-6.193210124969482,,,
,,1949,,,165.39478302001953,,,,,
,,1949,,2.862691879272461,,,,,,
1,,1949,,,,0.6245093941688538,-6.206002235412598,,,
,,1999,,,165.68970680236816,,,,,
,,1999,,20.159244537353516,,,,,,
1,,1999,,,,0.6254027485847473,-6.099780082702637,,,
,,2049,,,166.8086051940918,,,,,
,,2049,,2.7916431427001953,,,,,,
1,,2049,,,,0.6252042055130005,-6.1426520347595215,,,
,,2099,,,167.8609848022461,,,,,
,,2099,,20.264863967895508,,,,,,
1,,2099,,,,0.6277533769607544,-6.126003742218018,,,
,,2149,,,168.02716255187988,,,,,
,,2149,,4.347562789916992,,,,,,
1,,2149,,,,0.6285290718078613,-6.145219802856445,,,
,,2199,,,164.2744541168213,,,,,
,,2199,,20.383596420288086,,,,,,
1,,2199,,,,0.6232612729072571,-6.179018974304199,,,
,,2249,,,164.5801067352295,,,,,
,,2249,,2.7816295623779297,,,,,,
1,,2249,,,,0.618065595626831,-6.174482822418213,,,
,,2299,,,173.4616756439209,,,,,
,,2299,,20.700931549072266,,,,,,
1,,2299,,,,0.6192917227745056,-6.156825542449951,,,
,,2349,,,407.74083137512207,,,,,
,,2349,,4.2247772216796875,,,,,,
1,,2349,,,,0.6282368302345276,-6.146655559539795,,,
,,2399,,,165.1477813720703,,,,,
,,2399,,20.485401153564453,,,,,,
1,,2399,,,,0.6186653971672058,-6.126036643981934,,,
,,2449,,,167.4816608428955,,,,,
,,2449,,3.696918487548828,,,,,,
1,,2449,,,,0.6258494257926941,-6.120854377746582,,,
,,2499,,,170.67551612854004,,,,,
,,2499,,20.21479606628418,,,,,,
1,,2499,,,,0.6241615414619446,-6.112654685974121,,,
,,2549,,,164.98184204101562,,,,,
,,2549,,2.7837753295898438,,,,,,
1,,2549,,,,0.6199666857719421,-6.093173027038574,,,
,,2599,,,164.83426094055176,,,,,
,,2599,,20.175457000732422,,,,,,
1,,2599,,,,0.6273501515388489,-6.155070781707764,,,
,,2649,,,164.58559036254883,,,,,
,,2649,,2.8014183044433594,,,,,,
1,,2649,,,,0.6338900923728943,-6.209104537963867,,,
,,2699,,,166.2147045135498,,,,,
,,2699,,20.71690559387207,,,,,,
1,,2699,,,,0.6255207657814026,-6.120485782623291,,,
,,2749,,,166.92352294921875,,,,,
,,2749,,2.7883052825927734,,,,,,
1,,2749,,,,0.6239578127861023,-6.134918212890625,,,
,,2799,,,172.72305488586426,,,,,
,,2799,,23.07295799255371,,,,,,
1,,2799,,,,0.6269510984420776,-6.081013202667236,,,
,,2849,,,166.84794425964355,,,,,
,,2849,,4.260540008544922,,,,,,
1,,2849,,,,0.6275855898857117,-6.10674524307251,,,
,,2899,,,165.37189483642578,,,,,
,,2899,,20.2176570892334,,,,,,
1,,2899,,,,0.6295207142829895,-6.066712379455566,,,
,,2949,,,166.2604808807373,,,,,
,,2949,,2.850770950317383,,,,,,
1,,2949,,,,0.6230660080909729,-6.083128452301025,,,
,,2999,,,165.6777858734131,,,,,
,,2999,,20.169496536254883,,,,,,
1,,2999,,,,0.6313862204551697,-6.079370975494385,,,
,,3049,,,165.0714874267578,,,,,
,,3049,,2.9354095458984375,,,,,,
1,,3049,,,,0.627589225769043,-6.079746723175049,,,
,,3099,,,163.98310661315918,,,,,
,,3099,,20.413875579833984,,,,,,
1,,3099,,,,0.6257467865943909,-6.096364498138428,,,
1,,3125,,,,,,-5.714968204498291,-5.759573459625244,-6.018387794494629
,,3126,295.54414534568787,,,,,,,
,0.0003,3126,,,,,,,,
,,3149,,,166.87965393066406,,,,,
,,3149,,4.361629486083984,,,,,,
2,,3149,,,,0.6289291977882385,-6.0525803565979,,,
,,3199,,,165.43865203857422,,,,,
,,3199,,20.267724990844727,,,,,,
2,,3199,,,,0.6227915287017822,-6.08275032043457,,,
,,3249,,,165.13395309448242,,,,,
,,3249,,2.9249191284179688,,,,,,
2,,3249,,,,0.627920925617218,-6.042125701904297,,,
,,3299,,,169.9504852294922,,,,,
,,3299,,23.13089370727539,,,,,,
2,,3299,,,,0.6299689412117004,-6.069868087768555,,,
,,3349,,,178.0385971069336,,,,,
,,3349,,4.410505294799805,,,,,,
2,,3349,,,,0.631665050983429,-6.061391353607178,,,
,,3399,,,169.40760612487793,,,,,
,,3399,,20.290374755859375,,,,,,
2,,3399,,,,0.6375669836997986,-6.101108074188232,,,
,,3449,,,170.23992538452148,,,,,
,,3449,,4.4841766357421875,,,,,,
2,,3449,,,,0.6334969401359558,-6.07975435256958,,,
,,3499,,,168.56861114501953,,,,,
,,3499,,20.59483528137207,,,,,,
2,,3499,,,,0.6260644197463989,-6.073422908782959,,,
,,3549,,,167.7110195159912,,,,,
,,3549,,2.9039382934570312,,,,,,
2,,3549,,,,0.6308654546737671,-6.1192827224731445,,,
,,3599,,,168.19214820861816,,,,,
,,3599,,20.326614379882812,,,,,,
2,,3599,,,,0.6285668611526489,-6.056069374084473,,,
,,3649,,,172.91569709777832,,,,,
,,3649,,2.8731822967529297,,,,,,
2,,3649,,,,0.6341707706451416,-6.102711200714111,,,
,,3699,,,165.65608978271484,,,,,
,,3699,,19.839048385620117,,,,,,
2,,3699,,,,0.6254422664642334,-6.102119445800781,,,
,,3749,,,169.4200038909912,,,,,
,,3749,,2.837657928466797,,,,,,
2,,3749,,,,0.628176748752594,-6.052679538726807,,,
,,3799,,,169.72112655639648,,,,,
,,3799,,20.153284072875977,,,,,,
2,,3799,,,,0.6312145590782166,-6.05230188369751,,,
,,3849,,,166.28360748291016,,,,,
,,3849,,2.794981002807617,,,,,,
2,,3849,,,,0.6258715987205505,-6.036444187164307,,,
,,3899,,,166.9442653656006,,,,,
,,3899,,20.761728286743164,,,,,,
2,,3899,,,,0.6354842185974121,-6.080747127532959,,,
,,3949,,,168.90978813171387,,,,,
,,3949,,4.622459411621094,,,,,,
2,,3949,,,,0.624290406703949,-6.027618885040283,,,
,,3999,,,165.40241241455078,,,,,
,,3999,,20.841598510742188,,,,,,
2,,3999,,,,0.6356217861175537,-6.098777770996094,,,
,,4049,,,165.44342041015625,,,,,
,,4049,,2.930879592895508,,,,,,
2,,4049,,,,0.6295345425605774,-6.048410415649414,,,
,,4099,,,166.978120803833,,,,,
,,4099,,20.74742317199707,,,,,,
2,,4099,,,,0.6298413872718811,-6.062781810760498,,,
,,4149,,,168.5190200805664,,,,,
,,4149,,3.85284423828125,,,,,,
2,,4149,,,,0.6287407279014587,-6.055976390838623,,,
,,4199,,,169.91901397705078,,,,,
,,4199,,20.546436309814453,,,,,,
2,,4199,,,,0.6269293427467346,-6.047861099243164,,,
,,4249,,,165.2657985687256,,,,,
,,4249,,2.908468246459961,,,,,,
2,,4249,,,,0.6310350298881531,-6.032107353210449,,,
,,4299,,,168.19286346435547,,,,,
,,4299,,20.19524574279785,,,,,,
2,,4299,,,,0.6337748765945435,-6.076132297515869,,,
,,4349,,,168.39337348937988,,,,,
,,4349,,2.9370784759521484,,,,,,
2,,4349,,,,0.6308642029762268,-6.061202049255371,,,
,,4399,,,165.5254364013672,,,,,
,,4399,,20.30038833618164,,,,,,
2,,4399,,,,0.6390756368637085,-6.060462474822998,,,
,,4449,,,169.968843460083,,,,,
,,4449,,4.667043685913086,,,,,,
2,,4449,,,,0.6364131569862366,-6.0821213722229,,,
,,4499,,,169.04616355895996,,,,,
,,4499,,23.1173038482666,,,,,,
2,,4499,,,,0.634587824344635,-6.070532321929932,,,
,,4549,,,172.48797416687012,,,,,
,,4549,,3.240346908569336,,,,,,
2,,4549,,,,0.6408982872962952,-6.060866355895996,,,
,,4599,,,166.90540313720703,,,,,
,,4599,,20.33686637878418,,,,,,
2,,4599,,,,0.6290699243545532,-5.974599361419678,,,
,,4649,,,165.60006141662598,,,,,
,,4649,,2.9816627502441406,,,,,,
2,,4649,,,,0.6295319199562073,-6.005673885345459,,,
2,,4688,,,,,,-5.7147088050842285,-5.769443511962891,-5.9854912757873535
,,4689,299.03452038764954,,,,,,,
,0.0003,4689,,,,,,,,
,,4699,,,163.76256942749023,,,,,
,,4699,,20.462989807128906,,,,,,
3,,4699,,,,0.6345195174217224,-6.077980995178223,,,
,,4749,,,165.4822826385498,,,,,
,,4749,,2.852916717529297,,,,,,
3,,4749,,,,0.6369656920433044,-6.046369552612305,,,
,,4799,,,164.34884071350098,,,,,
,,4799,,20.123958587646484,,,,,,
3,,4799,,,,0.642049252986908,-5.922060966491699,,,
,,4849,,,166.9905185699463,,,,,
,,4849,,3.111124038696289,,,,,,
3,,4849,,,,0.6363043189048767,-6.034185886383057,,,
,,4899,,,166.5968894958496,,,,,
,,4899,,20.37644386291504,,,,,,
3,,4899,,,,0.6369546055793762,-5.990213394165039,,,
,,4949,,,166.87989234924316,,,,,
,,4949,,2.918243408203125,,,,,,
3,,4949,,,,0.640548825263977,-6.02670955657959,,,
,,4999,,,168.3371067047119,,,,,
,,4999,,20.153045654296875,,,,,,
3,,4999,,,,0.6391651630401611,-5.95279598236084,,,
,,5049,,,172.01900482177734,,,,,
,,5049,,4.189252853393555,,,,,,
3,,5049,,,,0.6409962177276611,-6.067742824554443,,,
,,5099,,,171.60511016845703,,,,,
,,5099,,20.3249454498291,,,,,,
3,,5099,,,,0.64322829246521,-5.989936828613281,,,
,,5149,,,171.09274864196777,,,,,
,,5149,,2.856016159057617,,,,,,
3,,5149,,,,0.6381731629371643,-6.037430763244629,,,
,,5199,,,172.013521194458,,,,,
,,5199,,23.218870162963867,,,,,,
3,,5199,,,,0.643174409866333,-6.038034915924072,,,
,,5249,,,169.2039966583252,,,,,
,,5249,,2.9108524322509766,,,,,,
3,,5249,,,,0.6378519535064697,-6.008443355560303,,,
,,5299,,,170.49646377563477,,,,,
,,5299,,22.022724151611328,,,,,,
3,,5299,,,,0.6412097811698914,-6.074244022369385,,,
,,5349,,,170.30000686645508,,,,,
,,5349,,2.9311180114746094,,,,,,
3,,5349,,,,0.6382777094841003,-6.024209022521973,,,
,,5399,,,168.6098575592041,,,,,
,,5399,,19.959211349487305,,,,,,
3,,5399,,,,0.6412304043769836,-6.023957252502441,,,
,,5449,,,170.86315155029297,,,,,
,,5449,,2.9959678649902344,,,,,,
3,,5449,,,,0.6439791917800903,-6.054626941680908,,,
,,5499,,,169.48986053466797,,,,,
,,5499,,19.893407821655273,,,,,,
3,,5499,,,,0.6437889933586121,-5.96782922744751,,,
,,5549,,,169.6934700012207,,,,,
,,5549,,3.0117034912109375,,,,,,
3,,5549,,,,0.6361261606216431,-5.965648174285889,,,
,,5599,,,169.82531547546387,,,,,
,,5599,,23.258447647094727,,,,,,
3,,5599,,,,0.6441980600357056,-5.953820705413818,,,
,,5649,,,169.61908340454102,,,,,
,,5649,,2.9196739196777344,,,,,,
3,,5649,,,,0.6431834697723389,-5.938385963439941,,,
,,5699,,,169.95596885681152,,,,,
,,5699,,20.45893669128418,,,,,,
3,,5699,,,,0.6428560614585876,-5.967270851135254,,,
,,5749,,,168.83111000061035,,,,,
,,5749,,2.8345584869384766,,,,,,
3,,5749,,,,0.6344615817070007,-6.00541353225708,,,
,,5799,,,169.68631744384766,,,,,
,,5799,,20.071983337402344,,,,,,
3,,5799,,,,0.6417025327682495,-5.966897964477539,,,
,,5849,,,168.43485832214355,,,,,
,,5849,,2.8972625732421875,,,,,,
3,,5849,,,,0.6399968862533569,-5.981022834777832,,,
,,5899,,,166.56255722045898,,,,,
,,5899,,20.19953727722168,,,,,,
3,,5899,,,,0.6456612348556519,-5.899704456329346,,,
,,5949,,,168.3523654937744,,,,,
,,5949,,2.7341842651367188,,,,,,
3,,5949,,,,0.6378533840179443,-5.9927568435668945,,,
,,5999,,,169.36230659484863,,,,,
,,5999,,20.299196243286133,,,,,,
3,,5999,,,,0.648082435131073,-6.006411552429199,,,
,,6049,,,167.0370101928711,,,,,
,,6049,,2.9211044311523438,,,,,,
3,,6049,,,,0.6435471177101135,-5.964996337890625,,,
,,6099,,,167.98782348632812,,,,,
,,6099,,20.145654678344727,,,,,,
3,,6099,,,,0.6396450996398926,-6.004732608795166,,,
,,6149,,,166.98050498962402,,,,,
,,6149,,2.9549598693847656,,,,,,
3,,6149,,,,0.643735945224762,-5.978627681732178,,,
,,6199,,,166.40853881835938,,,,,
,,6199,,20.740747451782227,,,,,,
3,,6199,,,,0.6406732797622681,-5.9410247802734375,,,
,,6249,,,170.11404037475586,,,,,
,,6249,,3.1304359436035156,,,,,,
3,,6249,,,,0.6430192589759827,-5.942080497741699,,,
3,,6251,,,,,,-5.705183029174805,-5.744948387145996,-5.925464153289795
,,6252,301.0127594470978,,,,,,,
,0.0003,6252,,,,,,,,
,,6299,,,166.69487953186035,,,,,
,,6299,,20.43318748474121,,,,,,
4,,6299,,,,0.646990954875946,-5.93204927444458,,,
,,6349,,,167.19841957092285,,,,,
,,6349,,2.947568893432617,,,,,,
4,,6349,,,,0.6474633812904358,-5.92486047744751,,,
,,6399,,,166.78905487060547,,,,,
,,6399,,20.225048065185547,,,,,,
4,,6399,,,,0.645163357257843,-5.970771789550781,,,
,,6449,,,166.7346954345703,,,,,
,,6449,,2.9556751251220703,,,,,,
4,,6449,,,,0.6454724669456482,-5.931523323059082,,,
,,6499,,,166.2437915802002,,,,,
,,6499,,20.426511764526367,,,,,,
4,,6499,,,,0.6411446332931519,-5.88972282409668,,,
,,6549,,,165.1906967163086,,,,,
,,6549,,2.9883384704589844,,,,,,
4,,6549,,,,0.6504914164543152,-5.9692888259887695,,,
,,6599,,,167.33670234680176,,,,,
,,6599,,20.45893669128418,,,,,,
4,,6599,,,,0.6497079730033875,-5.912913799285889,,,
,,6649,,,165.9524440765381,,,,,
,,6649,,2.9981136322021484,,,,,,
4,,6649,,,,0.6482937335968018,-5.929990291595459,,,
,,6699,,,165.96293449401855,,,,,
,,6699,,20.319700241088867,,,,,,
4,,6699,,,,0.6456630825996399,-5.974206447601318,,,
,,6749,,,165.8949851989746,,,,,
,,6749,,3.3385753631591797,,,,,,
4,,6749,,,,0.6414403915405273,-5.95884895324707,,,
,,6799,,,165.46940803527832,,,,,
,,6799,,20.871400833129883,,,,,,
4,,6799,,,,0.6480796933174133,-5.980452537536621,,,
,,6849,,,166.18609428405762,,,,,
,,6849,,3.079652786254883,,,,,,
4,,6849,,,,0.6431333422660828,-5.911190509796143,,,
,,6899,,,167.71411895751953,,,,,
,,6899,,23.448467254638672,,,,,,
4,,6899,,,,0.6427039504051208,-5.951442718505859,,,
,,6949,,,166.78476333618164,,,,,
,,6949,,3.926992416381836,,,,,,
4,,6949,,,,0.6414515376091003,-5.912717819213867,,,
,,6999,,,166.4285659790039,,,,,
,,6999,,20.391225814819336,,,,,,
4,,6999,,,,0.6497121453285217,-5.9185791015625,,,
,,7049,,,168.78509521484375,,,,,
,,7049,,4.630088806152344,,,,,,
4,,7049,,,,0.6520946025848389,-5.885477066040039,,,
,,7099,,,169.61932182312012,,,,,
,,7099,,22.459983825683594,,,,,,
4,,7099,,,,0.6491867303848267,-5.924619197845459,,,
,,7149,,,166.5363311767578,,,,,
,,7149,,2.913951873779297,,,,,,
4,,7149,,,,0.6450409889221191,-5.976860046386719,,,
,,7199,,,166.26620292663574,,,,,
,,7199,,20.39337158203125,,,,,,
4,,7199,,,,0.6466347575187683,-5.944832801818848,,,
,,7249,,,166.54586791992188,,,,,
,,7249,,2.9914379119873047,,,,,,
4,,7249,,,,0.645503044128418,-5.923332214355469,,,
,,7299,,,163.96045684814453,,,,,
,,7299,,19.98448371887207,,,,,,
4,,7299,,,,0.6465243697166443,-5.920207500457764,,,
,,7349,,,166.58926010131836,,,,,
,,7349,,2.7801990509033203,,,,,,
4,,7349,,,,0.6466131210327148,-6.013041973114014,,,
,,7399,,,165.89879989624023,,,,,
,,7399,,20.899057388305664,,,,,,
4,,7399,,,,0.6534481048583984,-5.950780391693115,,,
,,7449,,,165.64178466796875,,,,,
,,7449,,3.0167102813720703,,,,,,
4,,7449,,,,0.650283694267273,-5.9270501136779785,,,
,,7499,,,166.0783290863037,,,,,
,,7499,,20.563125610351562,,,,,,
4,,7499,,,,0.6550301313400269,-5.975045204162598,,,
,,7549,,,164.22390937805176,,,,,
,,7549,,3.0319690704345703,,,,,,
4,,7549,,,,0.6455287337303162,-5.974588871002197,,,
,,7599,,,166.88871383666992,,,,,
,,7599,,20.525693893432617,,,,,,
4,,7599,,,,0.6527729034423828,-5.87819242477417,,,
,,7649,,,164.91007804870605,,,,,
,,7649,,3.072977066040039,,,,,,
4,,7649,,,,0.6527881622314453,-5.962621212005615,,,
,,7699,,,165.48490524291992,,,,,
,,7699,,20.323514938354492,,,,,,
4,,7699,,,,0.6536664962768555,-5.924199104309082,,,
,,7749,,,167.44160652160645,,,,,
,,7749,,2.9611587524414062,,,,,,
4,,7749,,,,0.648932695388794,-5.968695163726807,,,
,,7799,,,166.53203964233398,,,,,
,,7799,,20.2486515045166,,,,,,
4,,7799,,,,0.6478647589683533,-5.922362327575684,,,
4,,7814,,,,,,-5.700594902038574,-5.733814716339111,-5.886748790740967
,,7815,296.986932516098,,,,,,,
,0.0003,7815,,,,,,,,
,,7849,,,166.03469848632812,,,,,
,,7849,,2.9561519622802734,,,,,,
5,,7849,,,,0.6542394161224365,-5.940024375915527,,,
,,7899,,,166.16058349609375,,,,,
,,7899,,20.28656005859375,,,,,,
5,,7899,,,,0.6466110944747925,-5.852626800537109,,,
,,7949,,,165.64106941223145,,,,,
,,7949,,2.9439926147460938,,,,,,
5,,7949,,,,0.6494735479354858,-5.922233581542969,,,
,,7999,,,165.09509086608887,,,,,
,,7999,,20.331382751464844,,,,,,
5,,7999,,,,0.6508616805076599,-5.910696983337402,,,
,,8049,,,170.89223861694336,,,,,
,,8049,,2.8786659240722656,,,,,,
5,,8049,,,,0.6512923836708069,-5.947573661804199,,,
,,8099,,,166.0940647125244,,,,,
,,8099,,20.35689353942871,,,,,,
5,,8099,,,,0.6490344405174255,-5.850632190704346,,,
,,8149,,,168.37668418884277,,,,,
,,8149,,4.060268402099609,,,,,,
5,,8149,,,,0.6508548259735107,-5.872049331665039,,,
,,8199,,,165.69185256958008,,,,,
,,8199,,20.252704620361328,,,,,,
5,,8199,,,,0.6503111124038696,-5.961001873016357,,,
,,8249,,,171.02813720703125,,,,,
,,8249,,2.916097640991211,,,,,,
5,,8249,,,,0.6489983797073364,-5.850379467010498,,,
,,8299,,,168.18976402282715,,,,,
,,8299,,23.261308670043945,,,,,,
5,,8299,,,,0.6493228077888489,-5.876561164855957,,,
,,8349,,,170.58610916137695,,,,,
,,8349,,3.743886947631836,,,,,,
5,,8349,,,,0.6506821513175964,-5.916718482971191,,,
,,8399,,,166.05591773986816,,,,,
,,8399,,20.505905151367188,,,,,,
5,,8399,,,,0.649713397026062,-5.891100883483887,,,
,,8449,,,171.19812965393066,,,,,
,,8449,,2.9168128967285156,,,,,,
5,,8449,,,,0.6503068208694458,-5.882976531982422,,,
,,8499,,,166.19014739990234,,,,,
,,8499,,20.41339874267578,,,,,,
5,,8499,,,,0.6498355269432068,-5.859755516052246,,,
,,8549,,,168.25556755065918,,,,,
,,8549,,2.9363632202148438,,,,,,
5,,8549,,,,0.6547180414199829,-5.883906841278076,,,
,,8599,,,165.6363010406494,,,,,
,,8599,,21.1789608001709,,,,,,
5,,8599,,,,0.6503161191940308,-5.918735027313232,,,
,,8649,,,165.98749160766602,,,,,
,,8649,,2.9430389404296875,,,,,,
5,,8649,,,,0.6526536345481873,-5.926814556121826,,,
,,8699,,,169.11983489990234,,,,,
,,8699,,20.81584930419922,,,,,,
5,,8699,,,,0.65114426612854,-5.880507469177246,,,
,,8749,,,166.2609577178955,,,,,
,,8749,,2.960205078125,,,,,,
5,,8749,,,,0.6491296887397766,-5.8370232582092285,,,
,,8799,,,166.05567932128906,,,,,
,,8799,,20.647764205932617,,,,,,
5,,8799,,,,0.6507695317268372,-5.93107271194458,,,
,,8849,,,165.50397872924805,,,,,
,,8849,,2.8595924377441406,,,,,,
5,,8849,,,,0.6508002877235413,-5.91472864151001,,,
,,8899,,,165.8775806427002,,,,,
,,8899,,20.626068115234375,,,,,,
5,,8899,,,,0.6521674990653992,-5.922634124755859,,,
,,8949,,,160.28404235839844,,,,,
,,8949,,1.7879009246826172,,,,,,
5,,8949,,,,0.6481850147247314,-5.911225318908691,,,
,,8999,,,162.02783584594727,,,,,
,,8999,,19.77086067199707,,,,,,
5,,8999,,,,0.6568858623504639,-5.983860969543457,,,
,,9049,,,159.78002548217773,,,,,
,,9049,,1.8017292022705078,,,,,,
5,,9049,,,,0.6545229554176331,-5.896886348724365,,,
,,9099,,,160.5207920074463,,,,,
,,9099,,19.41847801208496,,,,,,
5,,9099,,,,0.6552560329437256,-5.973321437835693,,,
,,9149,,,159.53636169433594,,,,,
,,9149,,1.8157958984375,,,,,,
5,,9149,,,,0.6481414437294006,-5.812489032745361,,,
,,9199,,,160.30073165893555,,,,,
,,9199,,19.798994064331055,,,,,,
5,,9199,,,,0.6520830988883972,-5.924610614776611,,,
,,9249,,,160.46762466430664,,,,,
,,9249,,1.7921924591064453,,,,,,
5,,9249,,,,0.6535987257957458,-5.830145359039307,,,
,,9299,,,164.5350456237793,,,,,
,,9299,,20.101308822631836,,,,,,
5,,9299,,,,0.6590341925621033,-5.881926536560059,,,
,,9349,,,159.46197509765625,,,,,
,,9349,,1.718282699584961,,,,,,
5,,9349,,,,0.6562801003456116,-5.902991771697998,,,
5,,9377,,,,,,-5.699460506439209,-5.730453968048096,-5.869085311889648
,,9378,293.2024977207184,,,,,,,
,0.0003,9378,,,,,,,,
,,9399,,,159.1947078704834,,,,,
,,9399,,19.50979232788086,,,,,,
6,,9399,,,,0.656173586845398,-5.877664566040039,,,
,,9449,,,159.64341163635254,,,,,
,,9449,,2.4826526641845703,,,,,,
6,,9449,,,,0.6546576023101807,-5.851078510284424,,,
,,9499,,,164.00480270385742,,,,,
,,9499,,19.65045928955078,,,,,,
6,,9499,,,,0.6527628898620605,-5.920843601226807,,,
,,9549,,,162.44959831237793,,,,,
,,9549,,1.8336772918701172,,,,,,
6,,9549,,,,0.6556433439254761,-5.92849588394165,,,
,,9599,,,160.12287139892578,,,,,
,,9599,,19.489288330078125,,,,,,
6,,9599,,,,0.6546820998191833,-5.911221981048584,,,
,,9649,,,161.16786003112793,,,,,
,,9649,,1.8072128295898438,,,,,,
6,,9649,,,,0.6589740514755249,-5.822894096374512,,,
,,9699,,,160.6588363647461,,,,,
,,9699,,19.659996032714844,,,,,,
6,,9699,,,,0.660873293876648,-5.865402698516846,,,
,,9749,,,160.2613925933838,,,,,
,,9749,,1.7774105072021484,,,,,,
6,,9749,,,,0.6560434699058533,-5.928714275360107,,,
,,9799,,,160.65549850463867,,,,,
,,9799,,19.71888542175293,,,,,,
6,,9799,,,,0.6550849080085754,-5.918839454650879,,,
,,9849,,,162.55497932434082,,,,,
,,9849,,1.893758773803711,,,,,,
6,,9849,,,,0.6580459475517273,-5.90641450881958,,,
,,9899,,,161.09347343444824,,,,,
,,9899,,20.044565200805664,,,,,,
6,,9899,,,,0.6575462818145752,-5.842281341552734,,,
,,9949,,,161.17024421691895,,,,,
,,9949,,1.8045902252197266,,,,,,
6,,9949,,,,0.6560803651809692,-5.922137260437012,,,
,,9999,,,160.3832244873047,,,,,
,,9999,,19.800424575805664,,,,,,
6,,9999,,,,0.6549366116523743,-5.840787410736084,,,
,,10049,,,160.68315505981445,,,,,
,,10049,,1.8317699432373047,,,,,,
6,,10049,,,,0.6551068425178528,-5.8982672691345215,,,
,,10099,,,161.03410720825195,,,,,
,,10099,,19.55890655517578,,,,,,
6,,10099,,,,0.6554254293441772,-5.823765754699707,,,
,,10149,,,161.1173152923584,,,,,
,,10149,,1.8317699432373047,,,,,,
6,,10149,,,,0.6556515097618103,-5.875290870666504,,,
,,10199,,,165.56215286254883,,,,,
,,10199,,20.158052444458008,,,,,,
6,,10199,,,,0.6595059037208557,-5.897830486297607,,,
,,10249,,,166.0137176513672,,,,,
,,10249,,1.939535140991211,,,,,,
6,,10249,,,,0.6530338525772095,-5.858555793762207,,,
,,10299,,,160.38036346435547,,,,,
,,10299,,19.771337509155273,,,,,,
6,,10299,,,,0.6603684425354004,-5.845842361450195,,,
,,10349,,,160.4921817779541,,,,,
,,10349,,1.7976760864257812,,,,,,
6,,10349,,,,0.6600874662399292,-5.907808780670166,,,
,,10399,,,161.5896224975586,,,,,
,,10399,,19.47951316833496,,,,,,
6,,10399,,,,0.6600330471992493,-5.922957420349121,,,
,,10449,,,159.9142551422119,,,,,
,,10449,,1.8749237060546875,,,,,,
6,,10449,,,,0.6633555293083191,-5.851375102996826,,,
,,10499,,,161.1192226409912,,,,,
,,10499,,19.40298080444336,,,,,,
6,,10499,,,,0.6604995727539062,-5.821677207946777,,,
,,10549,,,161.4687442779541,,,,,
,,10549,,1.8320083618164062,,,,,,
6,,10549,,,,0.6620832085609436,-5.868827819824219,,,
,,10599,,,160.79020500183105,,,,,
,,10599,,19.3941593170166,,,,,,
6,,10599,,,,0.6581429839134216,-5.848528861999512,,,
,,10649,,,160.05754470825195,,,,,
,,10649,,1.8608570098876953,,,,,,
6,,10649,,,,0.6540480256080627,-5.85635232925415,,,
,,10699,,,161.2997055053711,,,,,
,,10699,,19.81067657470703,,,,,,
6,,10699,,,,0.6602861285209656,-5.78672456741333,,,
,,10749,,,161.99278831481934,,,,,
,,10749,,1.833200454711914,,,,,,
6,,10749,,,,0.6613046526908875,-5.865728855133057,,,
,,10799,,,160.82262992858887,,,,,
,,10799,,19.783973693847656,,,,,,
6,,10799,,,,0.6610397100448608,-5.856503963470459,,,
,,10849,,,160.3999137878418,,,,,
,,10849,,1.9085407257080078,,,,,,
6,,10849,,,,0.6607010960578918,-5.874346733093262,,,
,,10899,,,160.4762077331543,,,,,
,,10899,,19.724369049072266,,,,,,
6,,10899,,,,0.6575184464454651,-5.84133243560791,,,
6,,10940,,,,,,-5.698958873748779,-5.7269606590271,-5.85029935836792
,,10941,285.62477445602417,,,,,,,
,0.0003,10941,,,,,,,,
,,10949,,,161.6971492767334,,,,,
,,10949,,1.8048286437988281,,,,,,
7,,10949,,,,0.6567617058753967,-5.907651424407959,,,
,,10999,,,160.29810905456543,,,,,
,,10999,,19.392967224121094,,,,,,
7,,10999,,,,0.6633225679397583,-5.865265846252441,,,
,,11049,,,160.01057624816895,,,,,
,,11049,,1.7619132995605469,,,,,,
7,,11049,,,,0.6616499423980713,-5.864737033843994,,,
,,11099,,,159.98268127441406,,,,,
,,11099,,19.7298526763916,,,,,,
7,,11099,,,,0.6589409112930298,-5.824240207672119,,,
,,11149,,,163.57898712158203,,,,,
,,11149,,1.7671585083007812,,,,,,
7,,11149,,,,0.657293975353241,-5.825819492340088,,,
,,11199,,,163.75064849853516,,,,,
,,11199,,19.891738891601562,,,,,,
7,,11199,,,,0.6590990424156189,-5.905971527099609,,,
,,11249,,,160.83049774169922,,,,,
,,11249,,1.7726421356201172,,,,,,
7,,11249,,,,0.662076473236084,-5.887466907501221,,,
,,11299,,,160.61973571777344,,,,,
,,11299,,19.826173782348633,,,,,,
7,,11299,,,,0.6538480520248413,-5.834466457366943,,,
,,11349,,,160.4607105255127,,,,,
,,11349,,1.7852783203125,,,,,,
7,,11349,,,,0.6620069146156311,-5.873847961425781,,,
,,11399,,,160.72630882263184,,,,,
,,11399,,19.57225799560547,,,,,,
7,,11399,,,,0.6634906530380249,-5.833351135253906,,,
,,11449,,,160.43996810913086,,,,,
,,11449,,1.7976760864257812,,,,,,
7,,11449,,,,0.6627007722854614,-5.923666954040527,,,
,,11499,,,160.07542610168457,,,,,
,,11499,,19.766569137573242,,,,,,
7,,11499,,,,0.6602650880813599,-5.833252429962158,,,
,,11549,,,160.75491905212402,,,,,
,,11549,,1.7757415771484375,,,,,,
7,,11549,,,,0.6659619808197021,-5.916888236999512,,,
,,11599,,,161.0722541809082,,,,,
,,11599,,19.37699317932129,,,,,,
7,,11599,,,,0.6594351530075073,-5.890872478485107,,,
,,11649,,,160.5973243713379,,,,,
,,11649,,1.7724037170410156,,,,,,
7,,11649,,,,0.6597830653190613,-5.8122992515563965,,,
,,11699,,,160.32671928405762,,,,,
,,11699,,19.675254821777344,,,,,,
7,,11699,,,,0.6645854115486145,-5.906575679779053,,,
,,11749,,,159.65509414672852,,,,,
,,11749,,1.802206039428711,,,,,,
7,,11749,,,,0.660775899887085,-5.872308254241943,,,
,,11799,,,159.99722480773926,,,,,
,,11799,,19.928455352783203,,,,,,
7,,11799,,,,0.6637766361236572,-5.851080417633057,,,
,,11849,,,160.02988815307617,,,,,
,,11849,,1.83868408203125,,,,,,
7,,11849,,,,0.6598666310310364,-5.8011016845703125,,,
,,11899,,,160.61139106750488,,,,,
,,11899,,19.655704498291016,,,,,,
7,,11899,,,,0.6643922924995422,-5.867928504943848,,,
,,11949,,,160.858154296875,,,,,
,,11949,,1.7936229705810547,,,,,,
7,,11949,,,,0.6646208167076111,-5.879136085510254,,,
,,11999,,,160.87961196899414,,,,,
,,11999,,19.23394203186035,,,,,,
7,,11999,,,,0.6657654047012329,-5.823884010314941,,,
,,12049,,,159.90281105041504,,,,,
,,12049,,1.758575439453125,,,,,,
7,,12049,,,,0.6614528298377991,-5.864389896392822,,,
,,12099,,,159.3022346496582,,,,,
,,12099,,19.479751586914062,,,,,,
7,,12099,,,,0.6640766859054565,-5.8843278884887695,,,
,,12149,,,160.2797508239746,,,,,
,,12149,,1.806497573852539,,,,,,
7,,12149,,,,0.6677466034889221,-5.841955661773682,,,
,,12199,,,160.7382297515869,,,,,
,,12199,,19.51122283935547,,,,,,
7,,12199,,,,0.6640993356704712,-5.81127405166626,,,
,,12249,,,160.47000885009766,,,,,
,,12249,,1.8985271453857422,,,,,,
7,,12249,,,,0.6651449799537659,-5.823127269744873,,,
,,12299,,,161.03839874267578,,,,,
,,12299,,19.378185272216797,,,,,,
7,,12299,,,,0.6688895225524902,-5.865912437438965,,,
,,12349,,,163.74850273132324,,,,,
,,12349,,1.8565654754638672,,,,,,
7,,12349,,,,0.6590191125869751,-5.855790138244629,,,
,,12399,,,160.94326972961426,,,,,
,,12399,,19.40751075744629,,,,,,
7,,12399,,,,0.6676884889602661,-5.845646858215332,,,
,,12449,,,159.60335731506348,,,,,
,,12449,,1.7862319946289062,,,,,,
7,,12449,,,,0.6636221408843994,-5.862335205078125,,,
,,12499,,,160.76207160949707,,,,,
,,12499,,20.02882957458496,,,,,,
7,,12499,,,,0.670134425163269,-5.854078769683838,,,
7,,12503,,,,,,-5.69782018661499,-5.724798202514648,-5.838204383850098
,,12504,284.9099905490875,,,,,,,
,0.0003,12504,,,,,,,,
,,12549,,,161.56768798828125,,,,,
,,12549,,1.8472671508789062,,,,,,
8,,12549,,,,0.6648478507995605,-5.783256530761719,,,
,,12599,,,163.52581977844238,,,,,
,,12599,,19.798755645751953,,,,,,
8,,12599,,,,0.6642924547195435,-5.804268836975098,,,
,,12649,,,160.1579189300537,,,,,
,,12649,,1.9326210021972656,,,,,,
8,,12649,,,,0.6684126853942871,-5.805450439453125,,,
,,12699,,,160.60781478881836,,,,,
,,12699,,19.81186866760254,,,,,,
8,,12699,,,,0.6626195907592773,-5.795554161071777,,,
,,12749,,,162.99939155578613,,,,,
,,12749,,1.8913745880126953,,,,,,
8,,12749,,,,0.6665088534355164,-5.82133674621582,,,
,,12799,,,162.94431686401367,,,,,
,,12799,,19.8211669921875,,,,,,
8,,12799,,,,0.6637102365493774,-5.877609729766846,,,
,,12849,,,163.47694396972656,,,,,
,,12849,,1.8434524536132812,,,,,,
8,,12849,,,,0.6642904281616211,-5.83703088760376,,,
,,12899,,,160.60900688171387,,,,,
,,12899,,19.652366638183594,,,,,,
8,,12899,,,,0.6655107140541077,-5.869721412658691,,,
,,12949,,,159.64388847351074,,,,,
,,12949,,1.8093585968017578,,,,,,
8,,12949,,,,0.6679390072822571,-5.811047077178955,,,
,,12999,,,160.05754470825195,,,,,
,,12999,,19.695520401000977,,,,,,
8,,12999,,,,0.6663957834243774,-5.869304180145264,,,
,,13049,,,160.46500205993652,,,,,
,,13049,,1.8727779388427734,,,,,,
8,,13049,,,,0.6681805849075317,-5.764705657958984,,,
,,13099,,,160.1552963256836,,,,,
,,13099,,19.3936824798584,,,,,,
8,,13099,,,,0.6627711653709412,-5.813091278076172,,,
,,13149,,,159.97076034545898,,,,,
,,13149,,1.8680095672607422,,,,,,
8,,13149,,,,0.6706540584564209,-5.818438529968262,,,
,,13199,,,160.28070449829102,,,,,
,,13199,,19.63329315185547,,,,,,
8,,13199,,,,0.6693614721298218,-5.8784637451171875,,,
,,13249,,,159.70253944396973,,,,,
,,13249,,1.8658638000488281,,,,,,
8,,13249,,,,0.6692371368408203,-5.846771240234375,,,
,,13299,,,161.90743446350098,,,,,
,,13299,,19.869565963745117,,,,,,
8,,13299,,,,0.6664013266563416,-5.815560817718506,,,
,,13349,,,162.7187728881836,,,,,
,,13349,,1.832723617553711,,,,,,
8,,13349,,,,0.6679301857948303,-5.8408026695251465,,,
,,13399,,,161.16595268249512,,,,,
,,13399,,19.550085067749023,,,,,,
8,,13399,,,,0.6642829775810242,-5.832045555114746,,,
,,13449,,,161.66949272155762,,,,,
,,13449,,1.8799304962158203,,,,,,
8,,13449,,,,0.6620040535926819,-5.912816047668457,,,
,,13499,,,161.99898719787598,,,,,
,,13499,,19.71912384033203,,,,,,
8,,13499,,,,0.6737131476402283,-5.843345642089844,,,
,,13549,,,162.21094131469727,,,,,
,,13549,,1.8868446350097656,,,,,,
8,,13549,,,,0.6681028604507446,-5.860199451446533,,,
,,13599,,,162.07218170166016,,,,,
,,13599,,19.621610641479492,,,,,,
8,,13599,,,,0.666226327419281,-5.832404613494873,,,
,,13649,,,160.6435775756836,,,,,
,,13649,,2.1800994873046875,,,,,,
8,,13649,,,,0.66664719581604,-5.836112022399902,,,
,,13699,,,160.78639030456543,,,,,
,,13699,,19.742727279663086,,,,,,
8,,13699,,,,0.666375458240509,-5.896496295928955,,,
,,13749,,,161.09514236450195,,,,,
,,13749,,1.9044876098632812,,,,,,
8,,13749,,,,0.6651336550712585,-5.843780517578125,,,
,,13799,,,160.46524047851562,,,,,
,,13799,,19.618749618530273,,,,,,
8,,13799,,,,0.6689143776893616,-5.882552146911621,,,
,,13849,,,160.99190711975098,,,,,
,,13849,,1.9636154174804688,,,,,,
8,,13849,,,,0.6651663780212402,-5.851736545562744,,,
,,13899,,,161.56911849975586,,,,,
,,13899,,19.86980438232422,,,,,,
8,,13899,,,,0.6664249300956726,-5.830329895019531,,,
,,13949,,,162.15920448303223,,,,,
,,13949,,1.9235610961914062,,,,,,
8,,13949,,,,0.6691348552703857,-5.892240524291992,,,
,,13999,,,161.42630577087402,,,,,
,,13999,,19.569873809814453,,,,,,
8,,13999,,,,0.6696370244026184,-5.825494766235352,,,
,,14049,,,160.95948219299316,,,,,
,,14049,,1.8684864044189453,,,,,,
8,,14049,,,,0.6692124605178833,-5.821786880493164,,,
8,,14066,,,,,,-5.69732141494751,-5.729221343994141,-5.841847896575928
,,14067,285.79952788352966,,,,,,,
,0.0003,14067,,,,,,,,
,,14099,,,160.61687469482422,,,,,
,,14099,,19.630908966064453,,,,,,
9,,14099,,,,0.6679568290710449,-5.825822830200195,,,
,,14149,,,161.7872714996338,,,,,
,,14149,,1.8527507781982422,,,,,,
9,,14149,,,,0.6659307479858398,-5.83726692199707,,,
,,14199,,,161.4983081817627,,,,,
,,14199,,19.40321922302246,,,,,,
9,,14199,,,,0.6656988263130188,-5.8865885734558105,,,
,,14249,,,169.74878311157227,,,,,
,,14249,,1.821279525756836,,,,,,
9,,14249,,,,0.6739710569381714,-5.833595275878906,,,
,,14299,,,162.5962257385254,,,,,
,,14299,,19.28091049194336,,,,,,
9,,14299,,,,0.6680092215538025,-5.878428936004639,,,
,,14349,,,161.99874877929688,,,,,
,,14349,,1.80816650390625,,,,,,
9,,14349,,,,0.668104350566864,-5.816055774688721,,,
,,14399,,,161.35096549987793,,,,,
,,14399,,19.936323165893555,,,,,,
9,,14399,,,,0.6654731631278992,-5.866856575012207,,,
,,14449,,,160.4175567626953,,,,,
,,14449,,1.8432140350341797,,,,,,
9,,14449,,,,0.6674751043319702,-5.81499719619751,,,
,,14499,,,160.73966026306152,,,,,
,,14499,,19.577980041503906,,,,,,
9,,14499,,,,0.6704192757606506,-5.866093158721924,,,
,,14549,,,160.9952449798584,,,,,
,,14549,,1.8467903137207031,,,,,,
9,,14549,,,,0.6703190803527832,-5.905135154724121,,,
,,14599,,,165.00091552734375,,,,,
,,14599,,20.45583724975586,,,,,,
9,,14599,,,,0.6676715016365051,-5.8881120681762695,,,
,,14649,,,162.37497329711914,,,,,
,,14649,,1.8506050109863281,,,,,,
9,,14649,,,,0.6682737469673157,-5.846790790557861,,,
,,14699,,,161.35001182556152,,,,,
,,14699,,19.44255828857422,,,,,,
9,,14699,,,,0.669151246547699,-5.8254289627075195,,,
,,14749,,,161.21745109558105,,,,,
,,14749,,1.875162124633789,,,,,,
9,,14749,,,,0.6704288721084595,-5.808666706085205,,,
,,14799,,,161.5297794342041,,,,,
,,14799,,19.438982009887695,,,,,,
9,,14799,,,,0.6668633818626404,-5.879801273345947,,,
,,14849,,,168.48278045654297,,,,,
,,14849,,1.9328594207763672,,,,,,
9,,14849,,,,0.6711768507957458,-5.792543888092041,,,
,,14899,,,162.53280639648438,,,,,
,,14899,,19.7908878326416,,,,,,
9,,14899,,,,0.6673946976661682,-5.813815593719482,,,
,,14949,,,161.51857376098633,,,,,
,,14949,,1.9023418426513672,,,,,,
9,,14949,,,,0.671334445476532,-5.856637001037598,,,
,,14999,,,161.58747673034668,,,,,
,,14999,,19.98305320739746,,,,,,
9,,14999,,,,0.6705798506736755,-5.849423885345459,,,
,,15049,,,160.24255752563477,,,,,
,,15049,,1.7824172973632812,,,,,,
9,,15049,,,,0.6711933016777039,-5.850837230682373,,,
,,15099,,,160.2790355682373,,,,,
,,15099,,19.731998443603516,,,,,,
9,,15099,,,,0.6713412404060364,-5.770975112915039,,,
,,15149,,,160.50148010253906,,,,,
,,15149,,1.7693042755126953,,,,,,
9,,15149,,,,0.6758992075920105,-5.8656792640686035,,,
,,15199,,,160.5384349822998,,,,,
,,15199,,19.66238021850586,,,,,,
9,,15199,,,,0.6699995398521423,-5.829345703125,,,
,,15249,,,159.89041328430176,,,,,
,,15249,,2.148866653442383,,,,,,
9,,15249,,,,0.670333206653595,-5.874247074127197,,,
,,15299,,,159.92045402526855,,,,,
,,15299,,19.648313522338867,,,,,,
9,,15299,,,,0.6649277806282043,-5.818012714385986,,,
,,15349,,,160.9628200531006,,,,,
,,15349,,1.8007755279541016,,,,,,
9,,15349,,,,0.6686832308769226,-5.869318008422852,,,
,,15399,,,160.50243377685547,,,,,
,,15399,,19.611358642578125,,,,,,
9,,15399,,,,0.6675931215286255,-5.84538459777832,,,
,,15449,,,161.15546226501465,,,,,
,,15449,,2.916097640991211,,,,,,
9,,15449,,,,0.6720856428146362,-5.791103363037109,,,
,,15499,,,172.91593551635742,,,,,
,,15499,,19.281387329101562,,,,,,
9,,15499,,,,0.6704137921333313,-5.776678562164307,,,
,,15549,,,160.42733192443848,,,,,
,,15549,,1.8818378448486328,,,,,,
9,,15549,,,,0.6712988018989563,-5.800901889801025,,,
,,15599,,,162.200927734375,,,,,
,,15599,,19.63353157043457,,,,,,
9,,15599,,,,0.67106032371521,-5.794878005981445,,,
9,,15629,,,,,,-5.697502136230469,-5.722421646118164,-5.821903705596924
,,15630,286.32364988327026,,,,,,,
,0.0003,15630,,,,,,,,
,,15649,,,160.9029769897461,,,,,
,,15649,,1.8990039825439453,,,,,,
10,,15649,,,,0.6681532859802246,-5.779098987579346,,,
,,15699,,,160.97784042358398,,,,,
,,15699,,19.931793212890625,,,,,,
10,,15699,,,,0.6728516817092896,-5.849315643310547,,,
,,15749,,,164.84713554382324,,,,,
,,15749,,1.8773078918457031,,,,,,
10,,15749,,,,0.6729093790054321,-5.806675434112549,,,
,,15799,,,161.8671417236328,,,,,
,,15799,,19.437313079833984,,,,,,
10,,15799,,,,0.6710925102233887,-5.90115213394165,,,
,,15849,,,160.1872444152832,,,,,
,,15849,,1.8460750579833984,,,,,,
10,,15849,,,,0.6678633093833923,-5.851330280303955,,,
,,15899,,,160.82191467285156,,,,,
,,15899,,19.445419311523438,,,,,,
10,,15899,,,,0.6695687770843506,-5.852986812591553,,,
,,15949,,,161.20624542236328,,,,,
,,15949,,1.8286705017089844,,,,,,
10,,15949,,,,0.6695446372032166,-5.808175086975098,,,
,,15999,,,160.61782836914062,,,,,
,,15999,,19.772768020629883,,,,,,
10,,15999,,,,0.6702829003334045,-5.813244342803955,,,
,,16049,,,160.84933280944824,,,,,
,,16049,,2.1860599517822266,,,,,,
10,,16049,,,,0.669622540473938,-5.808406829833984,,,
,,16099,,,163.9869213104248,,,,,
,,16099,,19.7598934173584,,,,,,
10,,16099,,,,0.6710429787635803,-5.766055583953857,,,
,,16149,,,160.36272048950195,,,,,
,,16149,,1.8663406372070312,,,,,,
10,,16149,,,,0.6727944612503052,-5.816781044006348,,,
,,16199,,,160.00699996948242,,,,,
,,16199,,19.794464111328125,,,,,,
10,,16199,,,,0.6726336479187012,-5.806710243225098,,,
,,16249,,,160.53485870361328,,,,,
,,16249,,1.8808841705322266,,,,,,
10,,16249,,,,0.6730252504348755,-5.776583194732666,,,
,,16299,,,161.2701416015625,,,,,
,,16299,,19.55389976501465,,,,,,
10,,16299,,,,0.6727024912834167,-5.825348377227783,,,
,,16349,,,161.10920906066895,,,,,
,,16349,,1.8801689147949219,,,,,,
10,,16349,,,,0.6719328761100769,-5.79762601852417,,,
,,16399,,,161.12589836120605,,,,,
,,16399,,19.64879035949707,,,,,,
10,,16399,,,,0.6686981320381165,-5.912528038024902,,,
,,16449,,,166.5971279144287,,,,,
,,16449,,1.9309520721435547,,,,,,
10,,16449,,,,0.6712542176246643,-5.806536674499512,,,
,,16499,,,160.3105068206787,,,,,
,,16499,,19.806623458862305,,,,,,
10,,16499,,,,0.6741975545883179,-5.84514856338501,,,
,,16549,,,161.1771583557129,,,,,
,,16549,,1.83868408203125,,,,,,
10,,16549,,,,0.6716694235801697,-5.831467151641846,,,
,,16599,,,161.06724739074707,,,,,
,,16599,,20.07317543029785,,,,,,
10,,16599,,,,0.6751476526260376,-5.8350510597229,,,
,,16649,,,160.89558601379395,,,,,
,,16649,,1.8830299377441406,,,,,,
10,,16649,,,,0.6737120747566223,-5.822977066040039,,,
,,16699,,,161.10920906066895,,,,,
,,16699,,20.067453384399414,,,,,,
10,,16699,,,,0.6721982359886169,-5.831377029418945,,,
,,16749,,,160.7797145843506,,,,,
,,16749,,1.9025802612304688,,,,,,
10,,16749,,,,0.6724386811256409,-5.851616859436035,,,
,,16799,,,160.28499603271484,,,,,
,,16799,,20.123004913330078,,,,,,
10,,16799,,,,0.6715618371963501,-5.739040851593018,,,
,,16849,,,161.09108924865723,,,,,
,,16849,,1.8343925476074219,,,,,,
10,,16849,,,,0.6704952716827393,-5.801146030426025,,,
,,16899,,,161.58723831176758,,,,,
,,16899,,19.883155822753906,,,,,,
10,,16899,,,,0.6716242432594299,-5.763689994812012,,,
,,16949,,,160.75706481933594,,,,,
,,16949,,2.262592315673828,,,,,,
10,,16949,,,,0.6691964864730835,-5.787674427032471,,,
,,16999,,,161.08155250549316,,,,,
,,16999,,20.197153091430664,,,,,,
10,,16999,,,,0.6699727177619934,-5.7780961990356445,,,
,,17049,,,165.56143760681152,,,,,
,,17049,,1.8725395202636719,,,,,,
10,,17049,,,,0.6730318665504456,-5.720829963684082,,,
,,17099,,,164.48116302490234,,,,,
,,17099,,20.42841911315918,,,,,,
10,,17099,,,,0.668718159198761,-5.834390640258789,,,
,,17149,,,160.7067584991455,,,,,
,,17149,,1.8699169158935547,,,,,,
10,,17149,,,,0.6753655076026917,-5.861865520477295,,,
10,,17192,,,,,,-5.698235034942627,-5.725677490234375,-5.8243279457092285
,,17193,286.45568084716797,,,,,,,
,0.0003,17193,,,,,,,,
,,17199,,,160.1412296295166,,,,,
,,17199,,19.504547119140625,,,,,,
11,,17199,,,,0.6719605326652527,-5.788114070892334,,,
,,17249,,,162.14656829833984,,,,,
,,17249,,3.2193660736083984,,,,,,
11,,17249,,,,0.672527551651001,-5.781437873840332,,,
,,17299,,,164.7028923034668,,,,,
,,17299,,19.690990447998047,,,,,,
11,,17299,,,,0.6783967018127441,-5.836846828460693,,,
,,17349,,,161.56625747680664,,,,,
,,17349,,1.8320083618164062,,,,,,
11,,17349,,,,0.67267906665802,-5.830665111541748,,,
,,17399,,,160.1707935333252,,,,,
,,17399,,19.578933715820312,,,,,,
11,,17399,,,,0.6701635718345642,-5.817414283752441,,,
,,17449,,,160.69340705871582,,,,,
,,17449,,1.8718242645263672,,,,,,
11,,17449,,,,0.670085608959198,-5.75092887878418,,,
,,17499,,,162.5692844390869,,,,,
,,17499,,20.044326782226562,,,,,,
11,,17499,,,,0.6699286699295044,-5.744769096374512,,,
,,17549,,,162.22572326660156,,,,,
,,17549,,1.8532276153564453,,,,,,
11,,17549,,,,0.6713320016860962,-5.822700023651123,,,
,,17599,,,159.80124473571777,,,,,
,,17599,,19.640445709228516,,,,,,
11,,17599,,,,0.6758665442466736,-5.83095121383667,,,
,,17649,,,160.74466705322266,,,,,
,,17649,,2.023458480834961,,,,,,
11,,17649,,,,0.6757063865661621,-5.808624744415283,,,
,,17699,,,160.33101081848145,,,,,
,,17699,,20.002365112304688,,,,,,
11,,17699,,,,0.669452428817749,-5.856810092926025,,,
,,17749,,,160.24351119995117,,,,,
,,17749,,1.8260478973388672,,,,,,
11,,17749,,,,0.6704908013343811,-5.798438549041748,,,
,,17799,,,160.54439544677734,,,,,
,,17799,,19.60611343383789,,,,,,
11,,17799,,,,0.6683143973350525,-5.780755519866943,,,
,,17849,,,160.2041721343994,,,,,
,,17849,,1.875162124633789,,,,,,
11,,17849,,,,0.67198646068573,-5.819496154785156,,,
,,17899,,,167.42587089538574,,,,,
,,17899,,19.74344253540039,,,,,,
11,,17899,,,,0.674965500831604,-5.788337230682373,,,
,,17949,,,161.4518165588379,,,,,
,,17949,,1.779794692993164,,,,,,
11,,17949,,,,0.6714258193969727,-5.805283069610596,,,
,,17999,,,160.8574390411377,,,,,
,,17999,,19.614696502685547,,,,,,
11,,17999,,,,0.673984706401825,-5.823885440826416,,,
,,18049,,,161.4665985107422,,,,,
,,18049,,1.8048286437988281,,,,,,
11,,18049,,,,0.6728411316871643,-5.878623008728027,,,
,,18099,,,160.70270538330078,,,,,
,,18099,,19.337892532348633,,,,,,
11,,18099,,,,0.6735159754753113,-5.826996803283691,,,
,,18149,,,162.06026077270508,,,,,
,,18149,,1.867532730102539,,,,,,
11,,18149,,,,0.6735487580299377,-5.852971076965332,,,
,,18199,,,162.40739822387695,,,,,
,,18199,,22.445201873779297,,,,,,
11,,18199,,,,0.6716534495353699,-5.785710334777832,,,
,,18249,,,168.5779094696045,,,,,
,,18249,,1.8146038055419922,,,,,,
11,,18249,,,,0.6717038750648499,-5.814091682434082,,,
,,18299,,,160.95781326293945,,,,,
,,18299,,19.66691017150879,,,,,,
11,,18299,,,,0.6727762818336487,-5.822333812713623,,,
,,18349,,,160.66312789916992,,,,,
,,18349,,1.8343925476074219,,,,,,
11,,18349,,,,0.6702191233634949,-5.85644006729126,,,
,,18399,,,160.77089309692383,,,,,
,,18399,,20.189523696899414,,,,,,
11,,18399,,,,0.6753901839256287,-5.818943977355957,,,
,,18449,,,160.69459915161133,,,,,
,,18449,,1.8939971923828125,,,,,,
11,,18449,,,,0.6703152656555176,-5.780025482177734,,,
,,18499,,,161.06152534484863,,,,,
,,18499,,19.518136978149414,,,,,,
11,,18499,,,,0.6742890477180481,-5.851155757904053,,,
,,18549,,,159.78598594665527,,,,,
,,18549,,1.8317699432373047,,,,,,
11,,18549,,,,0.6754239797592163,-5.7862467765808105,,,
,,18599,,,160.62116622924805,,,,,
,,18599,,22.103309631347656,,,,,,
11,,18599,,,,0.6710892915725708,-5.815296649932861,,,
,,18649,,,159.98339653015137,,,,,
,,18649,,1.8703937530517578,,,,,,
11,,18649,,,,0.6685343384742737,-5.811275959014893,,,
,,18699,,,160.28833389282227,,,,,
,,18699,,19.36507225036621,,,,,,
11,,18699,,,,0.6740193367004395,-5.858523368835449,,,
,,18749,,,160.28881072998047,,,,,
,,18749,,1.8105506896972656,,,,,,
11,,18749,,,,0.6731221079826355,-5.907059192657471,,,
11,,18755,,,,,,-5.695852279663086,-5.719239711761475,-5.819620132446289
,,18756,285.8766596317291,,,,,,,
,0.0003,18756,,,,,,,,
,,18799,,,161.03410720825195,,,,,
,,18799,,19.704818725585938,,,,,,
12,,18799,,,,0.6746231317520142,-5.855030536651611,,,
,,18849,,,160.45022010803223,,,,,
,,18849,,1.8725395202636719,,,,,,
12,,18849,,,,0.6713237762451172,-5.799262046813965,,,
,,18899,,,159.9559783935547,,,,,
,,18899,,19.521474838256836,,,,,,
12,,18899,,,,0.6707401871681213,-5.836122989654541,,,
,,18949,,,161.74054145812988,,,,,
,,18949,,1.8754005432128906,,,,,,
12,,18949,,,,0.675437331199646,-5.83188533782959,,,
,,18999,,,160.05706787109375,,,,,
,,18999,,19.932270050048828,,,,,,
12,,18999,,,,0.6709591150283813,-5.889179706573486,,,
,,19049,,,162.26696968078613,,,,,
,,19049,,1.9118785858154297,,,,,,
12,,19049,,,,0.6735585927963257,-5.886974811553955,,,
,,19099,,,160.186767578125,,,,,
,,19099,,19.738197326660156,,,,,,
12,,19099,,,,0.674604058265686,-5.845181941986084,,,
,,19149,,,161.67855262756348,,,,,
,,19149,,1.8763542175292969,,,,,,
12,,19149,,,,0.6743633151054382,-5.8430657386779785,,,
,,19199,,,161.80014610290527,,,,,
,,19199,,19.8519229888916,,,,,,
12,,19199,,,,0.6782627701759338,-5.832822799682617,,,
,,19249,,,160.72940826416016,,,,,
,,19249,,1.9195079803466797,,,,,,
12,,19249,,,,0.6733608245849609,-5.792330265045166,,,
,,19299,,,160.54916381835938,,,,,
,,19299,,19.557952880859375,,,,,,
12,,19299,,,,0.6756949424743652,-5.831233978271484,,,
,,19349,,,161.2076759338379,,,,,
,,19349,,1.8498897552490234,,,,,,
12,,19349,,,,0.6730570793151855,-5.826403617858887,,,
,,19399,,,161.25059127807617,,,,,
,,19399,,20.011186599731445,,,,,,
12,,19399,,,,0.673670768737793,-5.802894115447998,,,
,,19449,,,161.00740432739258,,,,,
,,19449,,1.8570423126220703,,,,,,
12,,19449,,,,0.676291823387146,-5.856402397155762,,,
,,19499,,,159.7604751586914,,,,,
,,19499,,19.680261611938477,,,,,,
12,,19499,,,,0.6733767986297607,-5.811547756195068,,,
,,19549,,,160.41946411132812,,,,,
,,19549,,1.9385814666748047,,,,,,
12,,19549,,,,0.6698483824729919,-5.82667350769043,,,
,,19599,,,162.00518608093262,,,,,
,,19599,,19.80447769165039,,,,,,
12,,19599,,,,0.673829972743988,-5.867436408996582,,,
,,19649,,,160.7813835144043,,,,,
,,19649,,1.8646717071533203,,,,,,
12,,19649,,,,0.6731318235397339,-5.823503494262695,,,
,,19699,,,160.76970100402832,,,,,
,,19699,,19.719362258911133,,,,,,
12,,19699,,,,0.6735203862190247,-5.808637619018555,,,
,,19749,,,160.8278751373291,,,,,
,,19749,,1.9257068634033203,,,,,,
12,,19749,,,,0.6772685050964355,-5.864163875579834,,,
,,19799,,,160.80403327941895,,,,,
,,19799,,19.567251205444336,,,,,,
12,,19799,,,,0.6737216711044312,-5.829708576202393,,,
,,19849,,,161.22889518737793,,,,,
,,19849,,1.934051513671875,,,,,,
12,,19849,,,,0.672663152217865,-5.831564903259277,,,
,,19899,,,160.13789176940918,,,,,
,,19899,,19.64259147644043,,,,,,
12,,19899,,,,0.6722850799560547,-5.78507661819458,,,
,,19949,,,160.60400009155273,,,,,
,,19949,,1.9924640655517578,,,,,,
12,,19949,,,,0.6733130216598511,-5.839569091796875,,,
,,19999,,,160.89105606079102,,,,,
,,19999,,19.85335350036621,,,,,,
12,,19999,,,,0.672615110874176,-5.855458736419678,,,
,,20049,,,160.95638275146484,,,,,
,,20049,,1.943826675415039,,,,,,
12,,20049,,,,0.6746697425842285,-5.792929649353027,,,
,,20099,,,161.7717742919922,,,,,
,,20099,,20.258426666259766,,,,,,
12,,20099,,,,0.6703447103500366,-5.836193561553955,,,
,,20149,,,161.07606887817383,,,,,
,,20149,,1.905202865600586,,,,,,
12,,20149,,,,0.6763375997543335,-5.68925666809082,,,
,,20199,,,161.37957572937012,,,,,
,,20199,,20.0803279876709,,,,,,
12,,20199,,,,0.6745293140411377,-5.814971923828125,,,
,,20249,,,161.06486320495605,,,,,
,,20249,,1.9390583038330078,,,,,,
12,,20249,,,,0.6739276647567749,-5.8304314613342285,,,
,,20299,,,160.92824935913086,,,,,
,,20299,,19.8819637298584,,,,,,
12,,20299,,,,0.6772795915603638,-5.844627380371094,,,
12,,20318,,,,,,-5.69598913192749,-5.719771385192871,-5.81428861618042
,,20319,286.38497614860535,,,,,,,
,0.0003,20319,,,,,,,,
,,20349,,,161.87429428100586,,,,,
,,20349,,1.878976821899414,,,,,,
13,,20349,,,,0.6758106350898743,-5.823196887969971,,,
,,20399,,,160.67790985107422,,,,,
,,20399,,20.252704620361328,,,,,,
13,,20399,,,,0.6737897396087646,-5.684476375579834,,,
,,20449,,,159.92379188537598,,,,,
,,20449,,1.8260478973388672,,,,,,
13,,20449,,,,0.6767868995666504,-5.79636812210083,,,
,,20499,,,160.9022617340088,,,,,
,,20499,,19.697189331054688,,,,,,
13,,20499,,,,0.6736077666282654,-5.8282365798950195,,,
,,20549,,,161.15140914916992,,,,,
,,20549,,1.8525123596191406,,,,,,
13,,20549,,,,0.6718251705169678,-5.815170764923096,,,
,,20599,,,161.9729995727539,,,,,
,,20599,,19.831418991088867,,,,,,
13,,20599,,,,0.6758310198783875,-5.818547248840332,,,
,,20649,,,163.73229026794434,,,,,
,,20649,,1.8856525421142578,,,,,,
13,,20649,,,,0.67213374376297,-5.79660701751709,,,
,,20699,,,160.62593460083008,,,,,
,,20699,,19.756317138671875,,,,,,
13,,20699,,,,0.6757187843322754,-5.848654747009277,,,
,,20749,,,160.6297492980957,,,,,
,,20749,,1.882314682006836,,,,,,
13,,20749,,,,0.6770762205123901,-5.847790241241455,,,
,,20799,,,161.96489334106445,,,,,
,,20799,,20.180225372314453,,,,,,
13,,20799,,,,0.67928546667099,-5.869272232055664,,,
,,20849,,,161.35168075561523,,,,,
,,20849,,1.8625259399414062,,,,,,
13,,20849,,,,0.675448477268219,-5.867440223693848,,,
,,20899,,,161.15069389343262,,,,,
,,20899,,19.59538459777832,,,,,,
13,,20899,,,,0.6772304177284241,-5.817200660705566,,,
,,20949,,,160.35032272338867,,,,,
,,20949,,1.856088638305664,,,,,,
13,,20949,,,,0.6716402769088745,-5.834431171417236,,,
,,20999,,,161.10897064208984,,,,,
,,20999,,19.81949806213379,,,,,,
13,,20999,,,,0.6772227883338928,-5.756223678588867,,,
,,21049,,,161.16905212402344,,,,,
,,21049,,1.93023681640625,,,,,,
13,,21049,,,,0.6741306781768799,-5.839992046356201,,,
,,21099,,,161.1306667327881,,,,,
,,21099,,19.513845443725586,,,,,,
13,,21099,,,,0.6754090785980225,-5.848593711853027,,,
,,21149,,,161.08250617980957,,,,,
,,21149,,1.9686222076416016,,,,,,
13,,21149,,,,0.6742463111877441,-5.786154747009277,,,
,,21199,,,161.15474700927734,,,,,
,,21199,,19.787073135375977,,,,,,
13,,21199,,,,0.6736559271812439,-5.801880836486816,,,
,,21249,,,161.47947311401367,,,,,
,,21249,,1.9330978393554688,,,,,,
13,,21249,,,,0.6795793175697327,-5.837287425994873,,,
,,21299,,,160.73107719421387,,,,,
,,21299,,19.8667049407959,,,,,,
13,,21299,,,,0.6726093292236328,-5.815459251403809,,,
,,21349,,,160.7840061187744,,,,,
,,21349,,1.9130706787109375,,,,,,
13,,21349,,,,0.6731312870979309,-5.82005500793457,,,
,,21399,,,160.99143028259277,,,,,
,,21399,,20.01357078552246,,,,,,
13,,21399,,,,0.6759251356124878,-5.835893630981445,,,
,,21449,,,161.29183769226074,,,,,
,,21449,,1.9540786743164062,,,,,,
13,,21449,,,,0.678473949432373,-5.764925956726074,,,
,,21499,,,161.58318519592285,,,,,
,,21499,,19.455432891845703,,,,,,
13,,21499,,,,0.6776837706565857,-5.842154026031494,,,
,,21549,,,161.41057014465332,,,,,
,,21549,,1.9450187683105469,,,,,,
13,,21549,,,,0.6768618822097778,-5.877089023590088,,,
,,21599,,,161.40198707580566,,,,,
,,21599,,24.15156364440918,,,,,,
13,,21599,,,,0.6752821803092957,-5.74378776550293,,,
,,21649,,,160.46833992004395,,,,,
,,21649,,1.9867420196533203,,,,,,
13,,21649,,,,0.6746026873588562,-5.799618244171143,,,
,,21699,,,160.91537475585938,,,,,
,,21699,,19.788503646850586,,,,,,
13,,21699,,,,0.6743712425231934,-5.822159767150879,,,
,,21749,,,161.27443313598633,,,,,
,,21749,,1.9392967224121094,,,,,,
13,,21749,,,,0.6764859557151794,-5.814963340759277,,,
,,21799,,,160.91251373291016,,,,,
,,21799,,19.918441772460938,,,,,,
13,,21799,,,,0.6741202473640442,-5.765499114990234,,,
,,21849,,,160.95495223999023,,,,,
,,21849,,2.0825862884521484,,,,,,
13,,21849,,,,0.6748926639556885,-5.90009880065918,,,
13,,21881,,,,,,-5.695425987243652,-5.717456817626953,-5.807002067565918
,,21882,286.08173394203186,,,,,,,
,0.0003,21882,,,,,,,,
,,21899,,,165.87328910827637,,,,,
,,21899,,19.896268844604492,,,,,,
14,,21899,,,,0.6743074655532837,-5.799551486968994,,,
,,21949,,,162.85061836242676,,,,,
,,21949,,1.9502639770507812,,,,,,
14,,21949,,,,0.6723875403404236,-5.9078049659729,,,
,,21999,,,161.40055656433105,,,,,
,,21999,,19.623756408691406,,,,,,
14,,21999,,,,0.6795618534088135,-5.783676624298096,,,
,,22049,,,164.24298286437988,,,,,
,,22049,,3.2804012298583984,,,,,,
14,,22049,,,,0.6750237345695496,-5.852375507354736,,,
,,22099,,,161.15379333496094,,,,,
,,22099,,19.664764404296875,,,,,,
14,,22099,,,,0.6743232607841492,-5.900569438934326,,,
,,22149,,,161.3750457763672,,,,,
,,22149,,1.8854141235351562,,,,,,
14,,22149,,,,0.6711522936820984,-5.791728973388672,,,
,,22199,,,161.6964340209961,,,,,
,,22199,,19.736528396606445,,,,,,
14,,22199,,,,0.6737884283065796,-5.845353126525879,,,
,,22249,,,160.88342666625977,,,,,
,,22249,,1.895904541015625,,,,,,
14,,22249,,,,0.6770228147506714,-5.82612419128418,,,
,,22299,,,161.21721267700195,,,,,
,,22299,,19.837617874145508,,,,,,
14,,22299,,,,0.6752208471298218,-5.830787181854248,,,
,,22349,,,161.67402267456055,,,,,
,,22349,,1.8801689147949219,,,,,,
14,,22349,,,,0.6769430637359619,-5.803102493286133,,,
,,22399,,,161.31258010864258,,,,,
,,22399,,19.893884658813477,,,,,,
14,,22399,,,,0.6765908002853394,-5.83397102355957,,,
,,22449,,,161.40341758728027,,,,,
,,22449,,1.9259452819824219,,,,,,
14,,22449,,,,0.675910234451294,-5.859472751617432,,,
,,22499,,,162.0650291442871,,,,,
,,22499,,19.47331428527832,,,,,,
14,,22499,,,,0.6740012764930725,-5.761142253875732,,,
,,22549,,,161.49449348449707,,,,,
,,22549,,1.9378662109375,,,,,,
14,,22549,,,,0.6747187972068787,-5.811569690704346,,,
,,22599,,,162.08362579345703,,,,,
,,22599,,19.600391387939453,,,,,,
14,,22599,,,,0.6767957210540771,-5.806682586669922,,,
,,22649,,,161.76319122314453,,,,,
,,22649,,1.9309520721435547,,,,,,
14,,22649,,,,0.6746273040771484,-5.776679992675781,,,
,,22699,,,160.39299964904785,,,,,
,,22699,,19.391536712646484,,,,,,
14,,22699,,,,0.6751574873924255,-5.786313533782959,,,
,,22749,,,167.90509223937988,,,,,
,,22749,,1.9528865814208984,,,,,,
14,,22749,,,,0.6777703762054443,-5.768324851989746,,,
,,22799,,,160.70866584777832,,,,,
,,22799,,19.773244857788086,,,,,,
14,,22799,,,,0.6781212687492371,-5.861776828765869,,,
,,22849,,,160.67004203796387,,,,,
,,22849,,1.9297599792480469,,,,,,
14,,22849,,,,0.677419900894165,-5.775170803070068,,,
,,22899,,,160.52627563476562,,,,,
,,22899,,19.71888542175293,,,,,,
14,,22899,,,,0.6740483641624451,-5.772037029266357,,,
,,22949,,,160.7069969177246,,,,,
,,22949,,1.9483566284179688,,,,,,
14,,22949,,,,0.673394501209259,-5.791920185089111,,,
,,22999,,,160.71510314941406,,,,,
,,22999,,19.35434341430664,,,,,,
14,,22999,,,,0.6745643019676208,-5.710225582122803,,,
,,23049,,,160.36415100097656,,,,,
,,23049,,1.9025802612304688,,,,,,
14,,23049,,,,0.6733210682868958,-5.803524494171143,,,
,,23099,,,160.50314903259277,,,,,
,,23099,,19.638776779174805,,,,,,
14,,23099,,,,0.6756284236907959,-5.81632661819458,,,
,,23149,,,161.10491752624512,,,,,
,,23149,,1.9059181213378906,,,,,,
14,,23149,,,,0.6728140115737915,-5.884068965911865,,,
,,23199,,,161.08202934265137,,,,,
,,23199,,19.65188980102539,,,,,,
14,,23199,,,,0.6757246851921082,-5.76568603515625,,,
,,23249,,,160.9172821044922,,,,,
,,23249,,1.9009113311767578,,,,,,
14,,23249,,,,0.6744586825370789,-5.859744548797607,,,
,,23299,,,161.4363193511963,,,,,
,,23299,,20.19476890563965,,,,,,
14,,23299,,,,0.6752890348434448,-5.827064514160156,,,
,,23349,,,161.25726699829102,,,,,
,,23349,,1.9726753234863281,,,,,,
14,,23349,,,,0.6774407029151917,-5.849548816680908,,,
,,23399,,,160.50386428833008,,,,,
,,23399,,19.7141170501709,,,,,,
14,,23399,,,,0.6788277626037598,-5.751266956329346,,,
14,,23444,,,,,,-5.695583343505859,-5.715641975402832,-5.797839164733887
,,23445,286.57797360420227,,,,,,,
,0.0003,23445,,,,,,,,
,,23449,,,161.07940673828125,,,,,
,,23449,,1.8763542175292969,,,,,,
15,,23449,,,,0.677800178527832,-5.833695411682129,,,
,,23499,,,161.2393856048584,,,,,
,,23499,,19.387483596801758,,,,,,
15,,23499,,,,0.6756243109703064,-5.781094074249268,,,
,,23549,,,162.7063751220703,,,,,
,,23549,,3.2727718353271484,,,,,,
15,,23549,,,,0.6756561994552612,-5.772727966308594,,,
,,23599,,,159.98387336730957,,,,,
,,23599,,19.337892532348633,,,,,,
15,,23599,,,,0.677371621131897,-5.822174072265625,,,
,,23649,,,160.66455841064453,,,,,
,,23649,,1.9016265869140625,,,,,,
15,,23649,,,,0.6746793985366821,-5.803274631500244,,,
,,23699,,,161.29422187805176,,,,,
,,23699,,19.97995376586914,,,,,,
15,,23699,,,,0.6786376237869263,-5.802037715911865,,,
,,23749,,,161.773681640625,,,,,
,,23749,,1.9636154174804688,,,,,,
15,,23749,,,,0.6756133437156677,-5.821864604949951,,,
,,23799,,,162.14942932128906,,,,,
,,23799,,19.67024803161621,,,,,,
15,,23799,,,,0.6748995780944824,-5.853435516357422,,,
,,23849,,,160.1707935333252,,,,,
,,23849,,1.8761157989501953,,,,,,
15,,23849,,,,0.6790921092033386,-5.810900688171387,,,
,,23899,,,160.97044944763184,,,,,
,,23899,,19.559621810913086,,,,,,
15,,23899,,,,0.6774000525474548,-5.79188871383667,,,
,,23949,,,160.93921661376953,,,,,
,,23949,,1.8820762634277344,,,,,,
15,,23949,,,,0.6759870648384094,-5.818078994750977,,,
,,23999,,,161.21983528137207,,,,,
,,23999,,20.09749412536621,,,,,,
15,,23999,,,,0.6766358017921448,-5.846065044403076,,,
,,24049,,,161.60893440246582,,,,,
,,24049,,1.8868446350097656,,,,,,
15,,24049,,,,0.6791570782661438,-5.837830543518066,,,
,,24099,,,161.8633270263672,,,,,
,,24099,,19.778728485107422,,,,,,
15,,24099,,,,0.6750892400741577,-5.803859710693359,,,
,,24149,,,161.88430786132812,,,,,
,,24149,,1.9123554229736328,,,,,,
15,,24149,,,,0.6754577159881592,-5.814005374908447,,,
,,24199,,,162.60337829589844,,,,,
,,24199,,21.90423011779785,,,,,,
15,,24199,,,,0.679988443851471,-5.829146385192871,,,
,,24249,,,168.7464714050293,,,,,
,,24249,,1.9216537475585938,,,,,,
15,,24249,,,,0.6784507632255554,-5.843825340270996,,,
,,24299,,,160.57085990905762,,,,,
,,24299,,20.003318786621094,,,,,,
15,,24299,,,,0.6783315539360046,-5.833361625671387,,,
,,24349,,,161.7600917816162,,,,,
,,24349,,1.9233226776123047,,,,,,
15,,24349,,,,0.6717456579208374,-5.800041198730469,,,
,,24399,,,163.64192962646484,,,,,
,,24399,,19.985198974609375,,,,,,
15,,24399,,,,0.6761292219161987,-5.852755546569824,,,
,,24449,,,161.9260311126709,,,,,
,,24449,,1.9237995147705078,,,,,,
15,,24449,,,,0.6762778759002686,-5.77964448928833,,,
,,24499,,,161.03720664978027,,,,,
,,24499,,19.5467472076416,,,,,,
15,,24499,,,,0.6753752827644348,-5.751025199890137,,,
,,24549,,,162.05358505249023,,,,,
,,24549,,1.9803047180175781,,,,,,
15,,24549,,,,0.6778272390365601,-5.787137508392334,,,
,,24599,,,161.12732887268066,,,,,
,,24599,,19.70362663269043,,,,,,
15,,24599,,,,0.6752219796180725,-5.844309329986572,,,
,,24649,,,162.03999519348145,,,,,
,,24649,,1.9707679748535156,,,,,,
15,,24649,,,,0.6763753294944763,-5.816562175750732,,,
,,24699,,,161.35382652282715,,,,,
,,24699,,19.8667049407959,,,,,,
15,,24699,,,,0.6755802035331726,-5.780773162841797,,,
,,24749,,,162.47296333312988,,,,,
,,24749,,1.9431114196777344,,,,,,
15,,24749,,,,0.6744443774223328,-5.7739105224609375,,,
,,24799,,,164.57676887512207,,,,,
,,24799,,19.746780395507812,,,,,,
15,,24799,,,,0.6757385730743408,-5.809072017669678,,,
,,24849,,,161.8633270263672,,,,,
,,24849,,1.936197280883789,,,,,,
15,,24849,,,,0.6759427785873413,-5.80980110168457,,,
,,24899,,,161.33594512939453,,,,,
,,24899,,20.243167877197266,,,,,,
15,,24899,,,,0.6762098073959351,-5.824305057525635,,,
,,24949,,,161.34309768676758,,,,,
,,24949,,1.9102096557617188,,,,,,
15,,24949,,,,0.6763837933540344,-5.824277400970459,,,
,,24999,,,161.1008644104004,,,,,
,,24999,,20.230531692504883,,,,,,
15,,24999,,,,0.6782944798469543,-5.852260589599609,,,
15,,25007,,,,,,-5.695024013519287,-5.717098236083984,-5.8027849197387695
,,25008,286.5552098751068,,,,,,,
,0.0003,25008,,,,,,,,
,,25049,,,161.37218475341797,,,,,
,,25049,,1.9485950469970703,,,,,,
16,,25049,,,,0.6731635928153992,-5.89531135559082,,,
,,25099,,,164.63899612426758,,,,,
,,25099,,19.42920684814453,,,,,,
16,,25099,,,,0.6774305105209351,-5.77741813659668,,,
,,25149,,,164.78276252746582,,,,,
,,25149,,1.909494400024414,,,,,,
16,,25149,,,,0.6740317940711975,-5.780503273010254,,,
,,25199,,,161.4828109741211,,,,,
,,25199,,19.68526840209961,,,,,,
16,,25199,,,,0.6764309406280518,-5.790708065032959,,,
,,25249,,,161.47851943969727,,,,,
,,25249,,1.954793930053711,,,,,,
16,,25249,,,,0.6718149185180664,-5.797194480895996,,,
,,25299,,,164.6554470062256,,,,,
,,25299,,19.614696502685547,,,,,,
16,,25299,,,,0.6793153285980225,-5.796263217926025,,,
,,25349,,,161.37433052062988,,,,,
,,25349,,1.9345283508300781,,,,,,
16,,25349,,,,0.6795291304588318,-5.822035789489746,,,
,,25399,,,165.38143157958984,,,,,
,,25399,,19.659757614135742,,,,,,
16,,25399,,,,0.6758826971054077,-5.823126792907715,,,
,,25449,,,161.98110580444336,,,,,
,,25449,,1.931905746459961,,,,,,
16,,25449,,,,0.6738138198852539,-5.817549705505371,,,
,,25499,,,161.32712364196777,,,,,
,,25499,,19.924163818359375,,,,,,
16,,25499,,,,0.6777060627937317,-5.773738861083984,,,
,,25549,,,160.7356071472168,,,,,
,,25549,,1.9369125366210938,,,,,,
16,,25549,,,,0.6738759279251099,-5.844333171844482,,,
,,25599,,,161.87500953674316,,,,,
,,25599,,20.14303207397461,,,,,,
16,,25599,,,,0.6832735538482666,-5.790238380432129,,,
,,25649,,,162.2166633605957,,,,,
,,25649,,1.962900161743164,,,,,,
16,,25649,,,,0.6772623658180237,-5.800576210021973,,,
,,25699,,,162.05167770385742,,,,,
,,25699,,19.69599723815918,,,,,,
16,,25699,,,,0.6770694255828857,-5.799376487731934,,,
,,25749,,,161.1936092376709,,,,,
,,25749,,1.9114017486572266,,,,,,
16,,25749,,,,0.6757667660713196,-5.831878662109375,,,
,,25799,,,161.0410213470459,,,,,
,,25799,,20.124197006225586,,,,,,
16,,25799,,,,0.677685022354126,-5.843257427215576,,,
,,25849,,,163.2699966430664,,,,,
,,25849,,3.3693313598632812,,,,,,
16,,25849,,,,0.6793113946914673,-5.811824798583984,,,
,,25899,,,162.89472579956055,,,,,
,,25899,,20.119905471801758,,,,,,
16,,25899,,,,0.6763161420822144,-5.829843521118164,,,
,,25949,,,161.0276699066162,,,,,
,,25949,,2.0041465759277344,,,,,,
16,,25949,,,,0.6739688515663147,-5.834438323974609,,,
,,25999,,,172.9602813720703,,,,,
,,25999,,19.926786422729492,,,,,,
16,,25999,,,,0.6754618883132935,-5.819860935211182,,,
,,26049,,,159.9559783935547,,,,,
,,26049,,1.9752979278564453,,,,,,
16,,26049,,,,0.6763586401939392,-5.797614574432373,,,
,,26099,,,159.76881980895996,,,,,
,,26099,,19.608259201049805,,,,,,
16,,26099,,,,0.6749356389045715,-5.801009178161621,,,
,,26149,,,160.75658798217773,,,,,
,,26149,,1.9137859344482422,,,,,,
16,,26149,,,,0.6737924814224243,-5.793195724487305,,,
,,26199,,,160.1696014404297,,,,,
,,26199,,19.320964813232422,,,,,,
16,,26199,,,,0.6724584698677063,-5.814440727233887,,,
,,26249,,,160.3386402130127,,,,,
,,26249,,1.9707679748535156,,,,,,
16,,26249,,,,0.6754220724105835,-5.7979865074157715,,,
,,26299,,,160.2611541748047,,,,,
,,26299,,19.28091049194336,,,,,,
16,,26299,,,,0.6802934408187866,-5.816834449768066,,,
,,26349,,,160.31694412231445,,,,,
,,26349,,2.001047134399414,,,,,,
16,,26349,,,,0.6768903136253357,-5.798213958740234,,,
,,26399,,,160.05468368530273,,,,,
,,26399,,20.186901092529297,,,,,,
16,,26399,,,,0.6759504079818726,-5.774648189544678,,,
,,26449,,,160.48789024353027,,,,,
,,26449,,2.085447311401367,,,,,,
16,,26449,,,,0.6780357956886292,-5.824156761169434,,,
,,26499,,,160.1114273071289,,,,,
,,26499,,19.498586654663086,,,,,,
16,,26499,,,,0.6776459813117981,-5.796121597290039,,,
,,26549,,,159.4521999359131,,,,,
,,26549,,1.9311904907226562,,,,,,
16,,26549,,,,0.677277147769928,-5.806027889251709,,,
16,,26570,,,,,,-5.695868015289307,-5.719354629516602,-5.80029821395874
,,26571,286.95862197875977,,,,,,,
,0.0003,26571,,,,,,,,
,,26599,,,160.84671020507812,,,,,
,,26599,,19.21224594116211,,,,,,
17,,26599,,,,0.6788251399993896,-5.771174907684326,,,
,,26649,,,160.84051132202148,,,,,
,,26649,,1.8916130065917969,,,,,,
17,,26649,,,,0.6763030290603638,-5.81577205657959,,,
,,26699,,,160.7651710510254,,,,,
,,26699,,20.008563995361328,,,,,,
17,,26699,,,,0.6771643757820129,-5.770043849945068,,,
,,26749,,,159.93189811706543,,,,,
,,26749,,1.882791519165039,,,,,,
17,,26749,,,,0.6796565651893616,-5.796469688415527,,,
,,26799,,,160.05587577819824,,,,,
,,26799,,19.477367401123047,,,,,,
17,,26799,,,,0.6752981543540955,-5.855378150939941,,,
,,26849,,,159.87491607666016,,,,,
,,26849,,1.8732547760009766,,,,,,
17,,26849,,,,0.6772257089614868,-5.786253452301025,,,
,,26899,,,160.54916381835938,,,,,
,,26899,,19.25373077392578,,,,,,
17,,26899,,,,0.6775370836257935,-5.792223930358887,,,
,,26949,,,160.20584106445312,,,,,
,,26949,,1.8951892852783203,,,,,,
17,,26949,,,,0.6763855218887329,-5.7972564697265625,,,
,,26999,,,160.83073616027832,,,,,
,,26999,,19.6378231048584,,,,,,
17,,26999,,,,0.6755520105361938,-5.806071758270264,,,
,,27049,,,160.72583198547363,,,,,
,,27049,,1.8641948699951172,,,,,,
17,,27049,,,,0.6758401393890381,-5.818747520446777,,,
,,27099,,,160.86721420288086,,,,,
,,27099,,19.431591033935547,,,,,,
17,,27099,,,,0.6736375093460083,-5.786749362945557,,,
,,27149,,,160.10689735412598,,,,,
,,27149,,1.8765926361083984,,,,,,
17,,27149,,,,0.6767286062240601,-5.841619968414307,,,
,,27199,,,160.935640335083,,,,,
,,27199,,19.654035568237305,,,,,,
17,,27199,,,,0.674577534198761,-5.758742332458496,,,
,,27249,,,161.1928939819336,,,,,
,,27249,,1.9161701202392578,,,,,,
17,,27249,,,,0.6827757358551025,-5.835474491119385,,,
,,27299,,,165.34709930419922,,,,,
,,27299,,24.161815643310547,,,,,,
17,,27299,,,,0.6784240007400513,-5.7778544425964355,,,
,,27349,,,163.71774673461914,,,,,
,,27349,,1.898050308227539,,,,,,
17,,27349,,,,0.676863431930542,-5.81017541885376,,,
,,27399,,,160.77136993408203,,,,,
,,27399,,19.64092254638672,,,,,,
17,,27399,,,,0.6764529943466187,-5.72243595123291,,,
,,27449,,,160.3870391845703,,,,,
,,27449,,1.9383430480957031,,,,,,
17,,27449,,,,0.6747633814811707,-5.812960147857666,,,
,,27499,,,160.9501838684082,,,,,
,,27499,,19.611597061157227,,,,,,
17,,27499,,,,0.6774105429649353,-5.852872371673584,,,
,,27549,,,160.11786460876465,,,,,
,,27549,,1.9066333770751953,,,,,,
17,,27549,,,,0.6754516363143921,-5.737337589263916,,,
,,27599,,,161.2401008605957,,,,,
,,27599,,19.709110260009766,,,,,,
17,,27599,,,,0.6783450841903687,-5.820777416229248,,,
,,27649,,,163.56277465820312,,,,,
,,27649,,1.9817352294921875,,,,,,
17,,27649,,,,0.6780062317848206,-5.801601409912109,,,
,,27699,,,160.45594215393066,,,,,
,,27699,,19.56486701965332,,,,,,
17,,27699,,,,0.676429271697998,-5.855134010314941,,,
,,27749,,,160.44044494628906,,,,,
,,27749,,2.149343490600586,,,,,,
17,,27749,,,,0.6787118911743164,-5.750972747802734,,,
,,27799,,,160.77923774719238,,,,,
,,27799,,19.505023956298828,,,,,,
17,,27799,,,,0.680307924747467,-5.782584190368652,,,
,,27849,,,163.7899875640869,,,,,
,,27849,,3.260374069213867,,,,,,
17,,27849,,,,0.6752705574035645,-5.823537349700928,,,
,,27899,,,160.76326370239258,,,,,
,,27899,,24.580717086791992,,,,,,
17,,27899,,,,0.6794686317443848,-5.757349014282227,,,
,,27949,,,161.81159019470215,,,,,
,,27949,,2.1207332611083984,,,,,,
17,,27949,,,,0.6771273016929626,-5.770508289337158,,,
,,27999,,,160.29047966003418,,,,,
,,27999,,19.498825073242188,,,,,,
17,,27999,,,,0.676376223564148,-5.820173740386963,,,
,,28049,,,160.9034538269043,,,,,
,,28049,,2.15911865234375,,,,,,
17,,28049,,,,0.6727827787399292,-5.84182071685791,,,
,,28099,,,162.59145736694336,,,,,
,,28099,,19.681453704833984,,,,,,
17,,28099,,,,0.6766939163208008,-5.816214084625244,,,
17,,28133,,,,,,-5.695464611053467,-5.717571258544922,-5.7968645095825195
,,28134,286.00390219688416,,,,,,,
,0.0003,28134,,,,,,,,
,,28149,,,165.28677940368652,,,,,
,,28149,,1.9385814666748047,,,,,,
18,,28149,,,,0.6782723069190979,-5.801153659820557,,,
,,28199,,,160.33458709716797,,,,,
,,28199,,19.402027130126953,,,,,,
18,,28199,,,,0.6787890195846558,-5.816658973693848,,,
,,28249,,,161.55004501342773,,,,,
,,28249,,1.9068717956542969,,,,,,
18,,28249,,,,0.6784501075744629,-5.80350923538208,,,
,,28299,,,170.52292823791504,,,,,
,,28299,,19.764423370361328,,,,,,
18,,28299,,,,0.6771897673606873,-5.843686580657959,,,
,,28349,,,160.87865829467773,,,,,
,,28349,,1.949310302734375,,,,,,
18,,28349,,,,0.6804211735725403,-5.737800598144531,,,
,,28399,,,160.28690338134766,,,,,
,,28399,,19.886016845703125,,,,,,
18,,28399,,,,0.6792090535163879,-5.798152923583984,,,
,,28449,,,160.59517860412598,,,,,
,,28449,,1.886606216430664,,,,,,
18,,28449,,,,0.6741706728935242,-5.759081840515137,,,
,,28499,,,160.60304641723633,,,,,
,,28499,,19.599437713623047,,,,,,
18,,28499,,,,0.6763328313827515,-5.746941566467285,,,
,,28549,,,160.9494686126709,,,,,
,,28549,,1.9648075103759766,,,,,,
18,,28549,,,,0.6771437525749207,-5.815519332885742,,,
,,28599,,,161.1807346343994,,,,,
,,28599,,19.432783126831055,,,,,,
18,,28599,,,,0.6781315207481384,-5.7638444900512695,,,
,,28649,,,160.64882278442383,,,,,
,,28649,,1.9135475158691406,,,,,,
18,,28649,,,,0.6775292158126831,-5.82732629776001,,,
,,28699,,,160.8593463897705,,,,,
,,28699,,19.815683364868164,,,,,,
18,,28699,,,,0.6738347411155701,-5.805391311645508,,,
,,28749,,,160.57968139648438,,,,,
,,28749,,1.9168853759765625,,,,,,
18,,28749,,,,0.6787223219871521,-5.809036731719971,,,
,,28799,,,160.91370582580566,,,,,
,,28799,,19.895553588867188,,,,,,
18,,28799,,,,0.6801182627677917,-5.798008441925049,,,
,,28849,,,160.16244888305664,,,,,
,,28849,,1.9059181213378906,,,,,,
18,,28849,,,,0.6762807369232178,-5.815053462982178,,,
,,28899,,,159.91997718811035,,,,,
,,28899,,19.431352615356445,,,,,,
18,,28899,,,,0.6769095063209534,-5.7992682456970215,,,
,,28949,,,160.36081314086914,,,,,
,,28949,,2.215147018432617,,,,,,
18,,28949,,,,0.6766567230224609,-5.814418792724609,,,
,,28999,,,161.1769199371338,,,,,
,,28999,,19.685745239257812,,,,,,
18,,28999,,,,0.6751000881195068,-5.762401103973389,,,
,,29049,,,165.2235984802246,,,,,
,,29049,,1.9378662109375,,,,,,
18,,29049,,,,0.6764814257621765,-5.808849811553955,,,
,,29099,,,160.60638427734375,,,,,
,,29099,,19.788503646850586,,,,,,
18,,29099,,,,0.6826089024543762,-5.738412380218506,,,
,,29149,,,160.73918342590332,,,,,
,,29149,,1.9598007202148438,,,,,,
18,,29149,,,,0.6781952381134033,-5.808193206787109,,,
,,29199,,,161.698579788208,,,,,
,,29199,,25.533676147460938,,,,,,
18,,29199,,,,0.6750612854957581,-5.766643524169922,,,
,,29249,,,160.60519218444824,,,,,
,,29249,,1.9922256469726562,,,,,,
18,,29249,,,,0.6792730689048767,-5.766516208648682,,,
,,29299,,,160.78805923461914,,,,,
,,29299,,23.91529083251953,,,,,,
18,,29299,,,,0.6757519841194153,-5.77895975112915,,,
,,29349,,,160.4001522064209,,,,,
,,29349,,1.9364356994628906,,,,,,
18,,29349,,,,0.6753005385398865,-5.813313961029053,,,
,,29399,,,159.83176231384277,,,,,
,,29399,,19.317150115966797,,,,,,
18,,29399,,,,0.6796185374259949,-5.818195819854736,,,
,,29449,,,160.60447692871094,,,,,
,,29449,,1.9505023956298828,,,,,,
18,,29449,,,,0.6767183542251587,-5.782968521118164,,,
,,29499,,,160.64047813415527,,,,,
,,29499,,19.69003677368164,,,,,,
18,,29499,,,,0.6769309043884277,-5.791147232055664,,,
,,29549,,,160.5832576751709,,,,,
,,29549,,1.9903182983398438,,,,,,
18,,29549,,,,0.6768852472305298,-5.800591468811035,,,
,,29599,,,159.65962409973145,,,,,
,,29599,,19.84715461730957,,,,,,
18,,29599,,,,0.6774793863296509,-5.789960861206055,,,
,,29649,,,159.87682342529297,,,,,
,,29649,,1.9502639770507812,,,,,,
18,,29649,,,,0.6773055195808411,-5.8559250831604,,,
18,,29696,,,,,,-5.695226192474365,-5.718509197235107,-5.800958633422852
,,29697,286.11885023117065,,,,,,,
,0.0003,29697,,,,,,,,
,,29699,,,160.44926643371582,,,,,
,,29699,,24.005651473999023,,,,,,
19,,29699,,,,0.6786783337593079,-5.855615139007568,,,
,,29749,,,160.12263298034668,,,,,
,,29749,,1.916646957397461,,,,,,
19,,29749,,,,0.6790664792060852,-5.838627338409424,,,
,,29799,,,164.0763282775879,,,,,
,,29799,,19.608736038208008,,,,,,
19,,29799,,,,0.6790841221809387,-5.796877384185791,,,
,,29849,,,160.9475612640381,,,,,
,,29849,,1.8908977508544922,,,,,,
19,,29849,,,,0.6766969561576843,-5.837424278259277,,,
,,29899,,,159.95359420776367,,,,,
,,29899,,19.323348999023438,,,,,,
19,,29899,,,,0.6788813471794128,-5.755886077880859,,,
,,29949,,,160.47334671020508,,,,,
,,29949,,1.9176006317138672,,,,,,
19,,29949,,,,0.6773391962051392,-5.766635417938232,,,
,,29999,,,161.02838516235352,,,,,
,,29999,,19.775390625,,,,,,
19,,29999,,,,0.6767339110374451,-5.80122184753418,,,
,,30049,,,160.60829162597656,,,,,
,,30049,,2.6268959045410156,,,,,,
19,,30049,,,,0.6751797795295715,-5.817509651184082,,,
,,30099,,,163.67197036743164,,,,,
,,30099,,19.638776779174805,,,,,,
19,,30099,,,,0.6818660497665405,-5.8226318359375,,,
,,30149,,,161.03053092956543,,,,,
,,30149,,1.9092559814453125,,,,,,
19,,30149,,,,0.6785889267921448,-5.78892707824707,,,
,,30199,,,162.70112991333008,,,,,
,,30199,,19.791841506958008,,,,,,
19,,30199,,,,0.6766374707221985,-5.768252849578857,,,
,,30249,,,160.4156494140625,,,,,
,,30249,,1.962423324584961,,,,,,
19,,30249,,,,0.6791859269142151,-5.834967136383057,,,
,,30299,,,160.40682792663574,,,,,
,,30299,,19.822120666503906,,,,,,
19,,30299,,,,0.6799612045288086,-5.835594177246094,,,
,,30349,,,159.82317924499512,,,,,
,,30349,,1.9407272338867188,,,,,,
19,,30349,,,,0.6783537268638611,-5.807803630828857,,,
,,30399,,,161.16714477539062,,,,,
,,30399,,19.589900970458984,,,,,,
19,,30399,,,,0.6777344346046448,-5.782991886138916,,,
,,30449,,,160.06994247436523,,,,,
,,30449,,1.9130706787109375,,,,,,
19,,30449,,,,0.6777389645576477,-5.788942813873291,,,
,,30499,,,162.31393814086914,,,,,
,,30499,,24.86276626586914,,,,,,
19,,30499,,,,0.6809467673301697,-5.821405410766602,,,
,,30549,,,160.50267219543457,,,,,
,,30549,,1.9304752349853516,,,,,,
19,,30549,,,,0.6778856515884399,-5.824337005615234,,,
,,30599,,,162.8713607788086,,,,,
,,30599,,22.529125213623047,,,,,,
19,,30599,,,,0.6746581792831421,-5.759696960449219,,,
,,30649,,,407.8540802001953,,,,,
,,30649,,1.9652843475341797,,,,,,
19,,30649,,,,0.6786161065101624,-5.79667854309082,,,
,,30699,,,161.03339195251465,,,,,
,,30699,,19.308805465698242,,,,,,
19,,30699,,,,0.6796132326126099,-5.800052165985107,,,
,,30749,,,159.90614891052246,,,,,
,,30749,,1.9028186798095703,,,,,,
19,,30749,,,,0.6756918430328369,-5.757213115692139,,,
,,30799,,,160.8266830444336,,,,,
,,30799,,19.771099090576172,,,,,,
19,,30799,,,,0.6772782802581787,-5.75262451171875,,,
,,30849,,,161.08083724975586,,,,,
,,30849,,1.9555091857910156,,,,,,
19,,30849,,,,0.6803178191184998,-5.85786771774292,,,
,,30899,,,160.5203151702881,,,,,
,,30899,,24.584054946899414,,,,,,
19,,30899,,,,0.6830613613128662,-5.743710994720459,,,
,,30949,,,160.46476364135742,,,,,
,,30949,,1.9197463989257812,,,,,,
19,,30949,,,,0.6757016777992249,-5.811938285827637,,,
,,30999,,,160.7661247253418,,,,,
,,30999,,19.608020782470703,,,,,,
19,,30999,,,,0.6809653043746948,-5.800073146820068,,,
,,31049,,,164.4744873046875,,,,,
,,31049,,1.926422119140625,,,,,,
19,,31049,,,,0.679982602596283,-5.8174052238464355,,,
,,31099,,,166.63193702697754,,,,,
,,31099,,19.324779510498047,,,,,,
19,,31099,,,,0.6749188303947449,-5.774938106536865,,,
,,31149,,,160.43734550476074,,,,,
,,31149,,2.200603485107422,,,,,,
19,,31149,,,,0.6777693629264832,-5.830571174621582,,,
,,31199,,,162.45746612548828,,,,,
,,31199,,24.156808853149414,,,,,,
19,,31199,,,,0.6822599172592163,-5.859966278076172,,,
,,31249,,,162.25218772888184,,,,,
,,31249,,2.729654312133789,,,,,,
19,,31249,,,,0.6774885654449463,-5.826183795928955,,,
19,,31259,,,,,,-5.6943182945251465,-5.713112831115723,-5.79426383972168
,,31260,286.64174246788025,,,,,,,
,0.0003,31260,,,,,,,,
,,31299,,,167.10519790649414,,,,,
,,31299,,19.502878189086914,,,,,,
20,,31299,,,,0.6750918030738831,-5.774033069610596,,,
,,31349,,,167.12379455566406,,,,,
,,31349,,1.9178390502929688,,,,,,
20,,31349,,,,0.6806894540786743,-5.806896686553955,,,
,,31399,,,160.94136238098145,,,,,
,,31399,,19.62137222290039,,,,,,
20,,31399,,,,0.6824628114700317,-5.817123889923096,,,
,,31449,,,161.57865524291992,,,,,
,,31449,,1.9283294677734375,,,,,,
20,,31449,,,,0.681161105632782,-5.78635311126709,,,
,,31499,,,161.00573539733887,,,,,
,,31499,,19.3939208984375,,,,,,
20,,31499,,,,0.6777774691581726,-5.792274475097656,,,
,,31549,,,160.73083877563477,,,,,
,,31549,,2.048492431640625,,,,,,
20,,31549,,,,0.6739940047264099,-5.821622371673584,,,
,,31599,,,160.63594818115234,,,,,
,,31599,,19.829511642456055,,,,,,
20,,31599,,,,0.6789745688438416,-5.823508262634277,,,
,,31649,,,167.78063774108887,,,,,
,,31649,,1.9657611846923828,,,,,,
20,,31649,,,,0.6776948571205139,-5.78521203994751,,,
,,31699,,,160.5052947998047,,,,,
,,31699,,26.08656883239746,,,,,,
20,,31699,,,,0.6768012642860413,-5.842087268829346,,,
,,31749,,,160.50958633422852,,,,,
,,31749,,2.309560775756836,,,,,,
20,,31749,,,,0.6810354590415955,-5.794342041015625,,,
,,31799,,,167.90366172790527,,,,,
,,31799,,19.425392150878906,,,,,,
20,,31799,,,,0.6770365834236145,-5.791270732879639,,,
,,31849,,,167.07968711853027,,,,,
,,31849,,1.9524097442626953,,,,,,
20,,31849,,,,0.679812490940094,-5.775430679321289,,,
,,31899,,,160.5546474456787,,,,,
,,31899,,19.467830657958984,,,,,,
20,,31899,,,,0.6760450005531311,-5.799527645111084,,,
,,31949,,,160.4599952697754,,,,,
,,31949,,1.917123794555664,,,,,,
20,,31949,,,,0.6712555289268494,-5.818878650665283,,,
,,31999,,,160.7041358947754,,,,,
,,31999,,23.865222930908203,,,,,,
20,,31999,,,,0.6783880591392517,-5.723676681518555,,,
,,32049,,,167.22679138183594,,,,,
,,32049,,1.8842220306396484,,,,,,
20,,32049,,,,0.6758093237876892,-5.722522258758545,,,
,,32099,,,161.04817390441895,,,,,
,,32099,,19.568920135498047,,,,,,
20,,32099,,,,0.680232048034668,-5.803242206573486,,,
,,32149,,,167.5393581390381,,,,,
,,32149,,2.0325183868408203,,,,,,
20,,32149,,,,0.6768110394477844,-5.821186542510986,,,
,,32199,,,160.11810302734375,,,,,
,,32199,,20.117998123168945,,,,,,
20,,32199,,,,0.6806855201721191,-5.821906566619873,,,
,,32249,,,160.35223007202148,,,,,
,,32249,,1.9245147705078125,,,,,,
20,,32249,,,,0.6780318021774292,-5.872305870056152,,,
,,32299,,,167.4642562866211,,,,,
,,32299,,19.60587501525879,,,,,,
20,,32299,,,,0.6805717349052429,-5.809601783752441,,,
,,32349,,,167.62328147888184,,,,,
,,32349,,2.0830631256103516,,,,,,
20,,32349,,,,0.6782568097114563,-5.754768371582031,,,
,,32399,,,167.36674308776855,,,,,
,,32399,,19.45948600769043,,,,,,
20,,32399,,,,0.6789700388908386,-5.825654029846191,,,
,,32449,,,160.51435470581055,,,,,
,,32449,,1.9378662109375,,,,,,
20,,32449,,,,0.6790769696235657,-5.7197747230529785,,,
,,32499,,,160.82310676574707,,,,,
,,32499,,19.36960220336914,,,,,,
20,,32499,,,,0.6768983602523804,-5.83000373840332,,,
,,32549,,,167.5732135772705,,,,,
,,32549,,1.962423324584961,,,,,,
20,,32549,,,,0.6809210181236267,-5.7679877281188965,,,
,,32599,,,165.75026512145996,,,,,
,,32599,,20.272254943847656,,,,,,
20,,32599,,,,0.6830248236656189,-5.790985107421875,,,
,,32649,,,167.6485538482666,,,,,
,,32649,,2.0058155059814453,,,,,,
20,,32649,,,,0.6769415736198425,-5.792024612426758,,,
,,32699,,,159.67607498168945,,,,,
,,32699,,19.880294799804688,,,,,,
20,,32699,,,,0.6775007843971252,-5.737765789031982,,,
,,32749,,,166.44835472106934,,,,,
,,32749,,2.2454261779785156,,,,,,
20,,32749,,,,0.6799964308738708,-5.749812602996826,,,
,,32799,,,160.05468368530273,,,,,
,,32799,,19.443988800048828,,,,,,
20,,32799,,,,0.6769818067550659,-5.775447845458984,,,
20,,32822,,,,,,-5.694897174835205,-5.716151714324951,-5.796057224273682
,,32823,290.72857689857483,,,,,,,
,0.0003,32823,,,,,,,,
,,32849,,,160.36057472229004,,,,,
,,32849,,1.9307136535644531,,,,,,
21,,32849,,,,0.6791130900382996,-5.757008075714111,,,
,,32899,,,160.31622886657715,,,,,
,,32899,,19.433975219726562,,,,,,
21,,32899,,,,0.6782329678535461,-5.771615028381348,,,
,,32949,,,166.18108749389648,,,,,
,,32949,,2.070188522338867,,,,,,
21,,32949,,,,0.6795336008071899,-5.772733211517334,,,
,,32999,,,166.50700569152832,,,,,
,,32999,,19.702672958374023,,,,,,
21,,32999,,,,0.6755818724632263,-5.843942642211914,,,
,,33049,,,166.9447422027588,,,,,
,,33049,,1.9176006317138672,,,,,,
21,,33049,,,,0.678466796875,-5.780838489532471,,,
,,33099,,,166.66388511657715,,,,,
,,33099,,19.60301399230957,,,,,,
21,,33099,,,,0.6756482720375061,-5.82295036315918,,,
,,33149,,,160.09831428527832,,,,,
,,33149,,1.9550323486328125,,,,,,
21,,33149,,,,0.6807939410209656,-5.911288261413574,,,
,,33199,,,160.83955764770508,,,,,
,,33199,,19.608020782470703,,,,,,
21,,33199,,,,0.6784687638282776,-5.786604881286621,,,
,,33249,,,160.0666046142578,,,,,
,,33249,,1.9457340240478516,,,,,,
21,,33249,,,,0.6784051656723022,-5.774238109588623,,,
,,33299,,,167.60492324829102,,,,,
,,33299,,19.517183303833008,,,,,,
21,,33299,,,,0.6751779913902283,-5.81144380569458,,,
,,33349,,,171.4482307434082,,,,,
,,33349,,1.9135475158691406,,,,,,
21,,33349,,,,0.6757545471191406,-5.775129318237305,,,
,,33399,,,160.63284873962402,,,,,
,,33399,,20.037174224853516,,,,,,
21,,33399,,,,0.6760932207107544,-5.774362564086914,,,
,,33449,,,160.66908836364746,,,,,
,,33449,,1.9254684448242188,,,,,,
21,,33449,,,,0.67539381980896,-5.809027194976807,,,
,,33499,,,166.99767112731934,,,,,
,,33499,,19.60921287536621,,,,,,
21,,33499,,,,0.6795286536216736,-5.765178203582764,,,
,,33549,,,160.6884002685547,,,,,
,,33549,,1.9004344940185547,,,,,,
21,,33549,,,,0.6772081851959229,-5.823921203613281,,,
,,33599,,,166.7461395263672,,,,,
,,33599,,19.649267196655273,,,,,,
21,,33599,,,,0.678423285484314,-5.816423416137695,,,
,,33649,,,166.11814498901367,,,,,
,,33649,,1.9683837890625,,,,,,
21,,33649,,,,0.6796801090240479,-5.8055033683776855,,,
,,33699,,,167.27709770202637,,,,,
,,33699,,19.412517547607422,,,,,,
21,,33699,,,,0.6755659580230713,-5.80582857131958,,,
,,33749,,,160.1564884185791,,,,,
,,33749,,1.9295215606689453,,,,,,
21,,33749,,,,0.6759958267211914,-5.86536169052124,,,
,,33799,,,166.6417121887207,,,,,
,,33799,,19.83022689819336,,,,,,
21,,33799,,,,0.6796494126319885,-5.81872034072876,,,
,,33849,,,167.05703735351562,,,,,
,,33849,,1.928567886352539,,,,,,
21,,33849,,,,0.6764488220214844,-5.834766864776611,,,
,,33899,,,167.27042198181152,,,,,
,,33899,,19.438743591308594,,,,,,
21,,33899,,,,0.6800145506858826,-5.702068328857422,,,
,,33949,,,164.14117813110352,,,,,
,,33949,,1.9330978393554688,,,,,,
21,,33949,,,,0.6780300140380859,-5.801156520843506,,,
,,33999,,,167.41585731506348,,,,,
,,33999,,19.426345825195312,,,,,,
21,,33999,,,,0.6806948184967041,-5.784773826599121,,,
,,34049,,,160.48455238342285,,,,,
,,34049,,1.9848346710205078,,,,,,
21,,34049,,,,0.67928147315979,-5.741967678070068,,,
,,34099,,,159.88636016845703,,,,,
,,34099,,19.728660583496094,,,,,,
21,,34099,,,,0.6796252131462097,-5.844228267669678,,,
,,34149,,,167.64426231384277,,,,,
,,34149,,2.0284652709960938,,,,,,
21,,34149,,,,0.6798648238182068,-5.795382499694824,,,
,,34199,,,160.72630882263184,,,,,
,,34199,,19.7908878326416,,,,,,
21,,34199,,,,0.6812071800231934,-5.816735744476318,,,
,,34249,,,160.4013442993164,,,,,
,,34249,,1.9299983978271484,,,,,,
21,,34249,,,,0.6797435283660889,-5.849615573883057,,,
,,34299,,,167.24252700805664,,,,,
,,34299,,20.062923431396484,,,,,,
21,,34299,,,,0.6797197461128235,-5.769789218902588,,,
,,34349,,,173.49720001220703,,,,,
,,34349,,2.734661102294922,,,,,,
21,,34349,,,,0.6805493831634521,-5.755617618560791,,,
21,,34385,,,,,,-5.694522857666016,-5.713619709014893,-5.787480354309082
,,34386,291.343599319458,,,,,,,
,0.0003,34386,,,,,,,,
,,34399,,,161.77105903625488,,,,,
,,34399,,19.520282745361328,,,,,,
22,,34399,,,,0.6792116165161133,-5.796518325805664,,,
,,34449,,,160.9206199645996,,,,,
,,34449,,1.9702911376953125,,,,,,
22,,34449,,,,0.6799100637435913,-5.803499698638916,,,
,,34499,,,167.67001152038574,,,,,
,,34499,,19.768714904785156,,,,,,
22,,34499,,,,0.6810157299041748,-5.834126949310303,,,
,,34549,,,167.80328750610352,,,,,
,,34549,,1.9307136535644531,,,,,,
22,,34549,,,,0.681290328502655,-5.781042575836182,,,
,,34599,,,161.23223304748535,,,,,
,,34599,,19.67644691467285,,,,,,
22,,34599,,,,0.6814786195755005,-5.777303218841553,,,
,,34649,,,161.53311729431152,,,,,
,,34649,,1.954793930053711,,,,,,
22,,34649,,,,0.6764923334121704,-5.781264305114746,,,
,,34699,,,161.12661361694336,,,,,
,,34699,,19.74964141845703,,,,,,
22,,34699,,,,0.6760097146034241,-5.759372234344482,,,
,,34749,,,167.30737686157227,,,,,
,,34749,,1.951456069946289,,,,,,
22,,34749,,,,0.6796776652336121,-5.794595718383789,,,
,,34799,,,167.88864135742188,,,,,
,,34799,,19.729137420654297,,,,,,
22,,34799,,,,0.6754944324493408,-5.78434944152832,,,
,,34849,,,161.01431846618652,,,,,
,,34849,,1.9583702087402344,,,,,,
22,,34849,,,,0.6770399808883667,-5.722403049468994,,,
,,34899,,,160.75968742370605,,,,,
,,34899,,19.522666931152344,,,,,,
22,,34899,,,,0.6777051687240601,-5.80950927734375,,,
,,34949,,,165.3430461883545,,,,,
,,34949,,1.9426345825195312,,,,,,
22,,34949,,,,0.6776086091995239,-5.727911949157715,,,
,,34999,,,161.1189842224121,,,,,
,,34999,,19.80876922607422,,,,,,
22,,34999,,,,0.6804831624031067,-5.91935920715332,,,
,,35049,,,167.79565811157227,,,,,
,,35049,,1.9316673278808594,,,,,,
22,,35049,,,,0.6775175929069519,-5.745537757873535,,,
,,35099,,,166.65053367614746,,,,,
,,35099,,19.524335861206055,,,,,,
22,,35099,,,,0.6767826676368713,-5.772224426269531,,,
,,35149,,,167.2050952911377,,,,,
,,35149,,1.950979232788086,,,,,,
22,,35149,,,,0.6811354160308838,-5.755541801452637,,,
,,35199,,,167.64378547668457,,,,,
,,35199,,19.79970932006836,,,,,,
22,,35199,,,,0.6808509230613708,-5.746085166931152,,,
,,35249,,,161.29541397094727,,,,,
,,35249,,1.9876956939697266,,,,,,
22,,35249,,,,0.6736305952072144,-5.792845726013184,,,
,,35299,,,162.12773323059082,,,,,
,,35299,,25.893449783325195,,,,,,
22,,35299,,,,0.6782896518707275,-5.788010597229004,,,
,,35349,,,160.83788871765137,,,,,
,,35349,,2.0377635955810547,,,,,,
22,,35349,,,,0.6802576184272766,-5.802897930145264,,,
,,35399,,,161.54098510742188,,,,,
,,35399,,19.998788833618164,,,,,,
22,,35399,,,,0.6817938685417175,-5.768881797790527,,,
,,35449,,,159.45029258728027,,,,,
,,35449,,2.0503997802734375,,,,,,
22,,35449,,,,0.6791907548904419,-5.764824867248535,,,
,,35499,,,167.3741340637207,,,,,
,,35499,,19.43492889404297,,,,,,
22,,35499,,,,0.6826775074005127,-5.822187423706055,,,
,,35549,,,171.17643356323242,,,,,
,,35549,,2.0017623901367188,,,,,,
22,,35549,,,,0.6785117983818054,-5.842172145843506,,,
,,35599,,,166.6085720062256,,,,,
,,35599,,19.81353759765625,,,,,,
22,,35599,,,,0.6790754795074463,-5.742073059082031,,,
,,35649,,,166.57209396362305,,,,,
,,35649,,1.9614696502685547,,,,,,
22,,35649,,,,0.6825477480888367,-5.8252692222595215,,,
,,35699,,,167.40083694458008,,,,,
,,35699,,19.984722137451172,,,,,,
22,,35699,,,,0.6814782619476318,-5.77445650100708,,,
,,35749,,,172.13797569274902,,,,,
,,35749,,2.1135807037353516,,,,,,
22,,35749,,,,0.6778356432914734,-5.72542667388916,,,
,,35799,,,167.54674911499023,,,,,
,,35799,,19.593238830566406,,,,,,
22,,35799,,,,0.6793884634971619,-5.808116912841797,,,
,,35849,,,160.8750820159912,,,,,
,,35849,,1.9986629486083984,,,,,,
22,,35849,,,,0.6826326847076416,-5.799347400665283,,,
,,35899,,,161.50712966918945,,,,,
,,35899,,19.843101501464844,,,,,,
22,,35899,,,,0.6772261261940002,-5.776199817657471,,,
,,35949,,,161.67020797729492,,,,,
22,,35948,,,,,,-5.694636821746826,-5.7148027420043945,-5.790806770324707
,,35949,292.12860131263733,,,,,,,
,0.0003,35949,,,,,,,,
,,35949,,,,,,,,
23,,35949,,,,0.6798544526100159,-5.758872032165527,,,
,,35999,,,160.50004959106445,,,,,
,,35999,,19.869089126586914,,,,,,
23,,35999,,,,0.6807304620742798,-5.847538948059082,,,
,,36049,,,161.77821159362793,,,,,
,,36049,,2.7496814727783203,,,,,,
23,,36049,,,,0.6797052025794983,-5.820583820343018,,,
,,36099,,,160.68649291992188,,,,,
,,36099,,19.61040496826172,,,,,,
23,,36099,,,,0.682959794998169,-5.832986831665039,,,
,,36149,,,160.5701446533203,,,,,
,,36149,,1.9202232360839844,,,,,,
23,,36149,,,,0.6799001693725586,-5.798617839813232,,,
,,36199,,,174.26729202270508,,,,,
,,36199,,20.275354385375977,,,,,,
23,,36199,,,,0.6823098063468933,-5.848730564117432,,,
,,36249,,,162.82105445861816,,,,,
,,36249,,3.2820701599121094,,,,,,
23,,36249,,,,0.6808151006698608,-5.825756549835205,,,
,,36299,,,160.50481796264648,,,,,
,,36299,,19.33002471923828,,,,,,
23,,36299,,,,0.6806339025497437,-5.816936492919922,,,
,,36349,,,165.6167507171631,,,,,
,,36349,,1.9681453704833984,,,,,,
23,,36349,,,,0.6800118684768677,-5.792566776275635,,,
,,36399,,,173.8433837890625,,,,,
,,36399,,19.61660385131836,,,,,,
23,,36399,,,,0.6814783215522766,-5.835821628570557,,,
,,36449,,,166.4438247680664,,,,,
,,36449,,1.9946098327636719,,,,,,
23,,36449,,,,0.6761974692344666,-5.824117183685303,,,
,,36499,,,165.6320095062256,,,,,
,,36499,,19.548416137695312,,,,,,
23,,36499,,,,0.6792523860931396,-5.789340496063232,,,
,,36549,,,166.3980484008789,,,,,
,,36549,,1.9907951354980469,,,,,,
23,,36549,,,,0.6791287064552307,-5.734717845916748,,,
,,36599,,,166.9931411743164,,,,,
,,36599,,19.598007202148438,,,,,,
23,,36599,,,,0.6809033751487732,-5.805538177490234,,,
,,36649,,,166.4433479309082,,,,,
,,36649,,1.962423324584961,,,,,,
23,,36649,,,,0.681568443775177,-5.770290374755859,,,
,,36699,,,166.2740707397461,,,,,
,,36699,,20.09296417236328,,,,,,
23,,36699,,,,0.6793328523635864,-5.733481407165527,,,
,,36749,,,167.29259490966797,,,,,
,,36749,,1.9946098327636719,,,,,,
23,,36749,,,,0.6808831095695496,-5.780881404876709,,,
,,36799,,,166.94045066833496,,,,,
,,36799,,19.992589950561523,,,,,,
23,,36799,,,,0.6780980825424194,-5.816447734832764,,,
,,36849,,,172.2428798675537,,,,,
,,36849,,2.474546432495117,,,,,,
23,,36849,,,,0.6796497106552124,-5.77256965637207,,,
,,36899,,,168.2584285736084,,,,,
,,36899,,20.212888717651367,,,,,,
23,,36899,,,,0.6794196367263794,-5.80544900894165,,,
,,36949,,,167.48285293579102,,,,,
,,36949,,1.9619464874267578,,,,,,
23,,36949,,,,0.6837020516395569,-5.787647724151611,,,
,,36999,,,172.9450225830078,,,,,
,,36999,,20.824670791625977,,,,,,
23,,36999,,,,0.6776922345161438,-5.79732084274292,,,
,,37049,,,166.60761833190918,,,,,
,,37049,,1.9686222076416016,,,,,,
23,,37049,,,,0.6805726885795593,-5.842939376831055,,,
,,37099,,,166.98288917541504,,,,,
,,37099,,19.792556762695312,,,,,,
23,,37099,,,,0.67901211977005,-5.785823345184326,,,
,,37149,,,166.81432723999023,,,,,
,,37149,,1.9948482513427734,,,,,,
23,,37149,,,,0.6799145340919495,-5.758215427398682,,,
,,37199,,,166.72611236572266,,,,,
,,37199,,20.026445388793945,,,,,,
23,,37199,,,,0.6811466217041016,-5.797061443328857,,,
,,37249,,,167.13929176330566,,,,,
,,37249,,2.0999908447265625,,,,,,
23,,37249,,,,0.6784161329269409,-5.765842914581299,,,
,,37299,,,171.01240158081055,,,,,
,,37299,,19.60134506225586,,,,,,
23,,37299,,,,0.6810576915740967,-5.729096412658691,,,
,,37349,,,166.97978973388672,,,,,
,,37349,,2.0461082458496094,,,,,,
23,,37349,,,,0.6754297018051147,-5.826783180236816,,,
,,37399,,,167.46020317077637,,,,,
,,37399,,19.971609115600586,,,,,,
23,,37399,,,,0.6754893064498901,-5.757725715637207,,,
,,37449,,,167.54388809204102,,,,,
,,37449,,2.0418167114257812,,,,,,
23,,37449,,,,0.6744144558906555,-5.862023830413818,,,
,,37499,,,164.6265983581543,,,,,
,,37499,,19.34528350830078,,,,,,
23,,37499,,,,0.6809062957763672,-5.790388584136963,,,
23,,37511,,,,,,-5.694170951843262,-5.713443279266357,-5.787754535675049
,,37512,294.0365869998932,,,,,,,
,0.0003,37512,,,,,,,,
,,37549,,,161.12828254699707,,,,,
,,37549,,1.9576549530029297,,,,,,
24,,37549,,,,0.6778555512428284,-5.726777076721191,,,
,,37599,,,162.36543655395508,,,,,
,,37599,,19.787311553955078,,,,,,
24,,37599,,,,0.681772768497467,-5.821290969848633,,,
,,37649,,,162.60600090026855,,,,,
,,37649,,2.786874771118164,,,,,,
24,,37649,,,,0.6784888505935669,-5.828588962554932,,,
,,37699,,,162.45412826538086,,,,,
,,37699,,19.63019371032715,,,,,,
24,,37699,,,,0.6780916452407837,-5.771455764770508,,,
,,37749,,,169.9352264404297,,,,,
,,37749,,1.9621849060058594,,,,,,
24,,37749,,,,0.6803411245346069,-5.821696758270264,,,
,,37799,,,163.78021240234375,,,,,
,,37799,,19.313573837280273,,,,,,
24,,37799,,,,0.6788867115974426,-5.795873165130615,,,
,,37849,,,161.58580780029297,,,,,
,,37849,,2.0570755004882812,,,,,,
24,,37849,,,,0.6799578070640564,-5.69647216796875,,,
,,37899,,,161.46183013916016,,,,,
,,37899,,19.57082748413086,,,,,,
24,,37899,,,,0.6749920845031738,-5.771651268005371,,,
,,37949,,,178.89833450317383,,,,,
,,37949,,3.943204879760742,,,,,,
24,,37949,,,,0.6792880892753601,-5.7712082862854,,,
,,37999,,,192.71373748779297,,,,,
,,37999,,29.282569885253906,,,,,,
24,,37999,,,,0.6781660914421082,-5.776702880859375,,,
,,38049,,,175.17733573913574,,,,,
,,38049,,3.3905506134033203,,,,,,
24,,38049,,,,0.6789573431015015,-5.81104850769043,,,
,,38099,,,181.35619163513184,,,,,
,,38099,,20.933866500854492,,,,,,
24,,38099,,,,0.6757621765136719,-5.756171703338623,,,
,,38149,,,183.5336685180664,,,,,
,,38149,,4.650592803955078,,,,,,
24,,38149,,,,0.6791023015975952,-5.794579982757568,,,
,,38199,,,171.48160934448242,,,,,
,,38199,,20.70450782775879,,,,,,
24,,38199,,,,0.681118905544281,-5.831557273864746,,,
,,38249,,,171.08488082885742,,,,,
,,38249,,3.3800601959228516,,,,,,
24,,38249,,,,0.678724467754364,-5.805997371673584,,,
,,38299,,,163.21420669555664,,,,,
,,38299,,20.32947540283203,,,,,,
24,,38299,,,,0.6782485842704773,-5.773220062255859,,,
,,38349,,,170.06945610046387,,,,,
,,38349,,3.965139389038086,,,,,,
24,,38349,,,,0.6811081171035767,-5.808107376098633,,,
,,38399,,,166.28098487854004,,,,,
,,38399,,19.738197326660156,,,,,,
24,,38399,,,,0.6795380711555481,-5.82225227355957,,,
,,38449,,,172.8196144104004,,,,,
,,38449,,2.935171127319336,,,,,,
24,,38449,,,,0.6802750825881958,-5.80535364151001,,,
,,38499,,,174.77059364318848,,,,,
,,38499,,24.559736251831055,,,,,,
24,,38499,,,,0.6770071983337402,-5.830928802490234,,,
,,38549,,,163.97833824157715,,,,,
,,38549,,2.186298370361328,,,,,,
24,,38549,,,,0.6805574893951416,-5.722067832946777,,,
,,38599,,,168.95461082458496,,,,,
,,38599,,20.972251892089844,,,,,,
24,,38599,,,,0.6773226857185364,-5.804877281188965,,,
,,38649,,,426.9719123840332,,,,,
,,38649,,3.2982826232910156,,,,,,
24,,38649,,,,0.678778886795044,-5.745743751525879,,,
,,38699,,,171.83566093444824,,,,,
,,38699,,20.840167999267578,,,,,,
24,,38699,,,,0.6799201965332031,-5.8110270500183105,,,
,,38749,,,172.6987361907959,,,,,
,,38749,,3.3538341522216797,,,,,,
24,,38749,,,,0.6835731267929077,-5.782859802246094,,,
,,38799,,,165.52329063415527,,,,,
,,38799,,20.018577575683594,,,,,,
24,,38799,,,,0.6784378290176392,-5.761111259460449,,,
,,38849,,,167.95682907104492,,,,,
,,38849,,3.515005111694336,,,,,,
24,,38849,,,,0.6793469190597534,-5.755190372467041,,,
,,38899,,,169.16489601135254,,,,,
,,38899,,21.337032318115234,,,,,,
24,,38899,,,,0.6799234747886658,-5.776841163635254,,,
,,38949,,,171.0066795349121,,,,,
,,38949,,5.066394805908203,,,,,,
24,,38949,,,,0.6765509247779846,-5.705780029296875,,,
,,38999,,,170.731782913208,,,,,
,,38999,,22.174358367919922,,,,,,
24,,38999,,,,0.6809177994728088,-5.807680606842041,,,
,,39049,,,168.09725761413574,,,,,
,,39049,,3.397703170776367,,,,,,
24,,39049,,,,0.6775793433189392,-5.800682067871094,,,
24,,39074,,,,,,-5.693909168243408,-5.712011337280273,-5.7834601402282715
,,39075,301.32166028022766,,,,,,,
,0.0003,39075,,,,,,,,
,,39099,,,169.78979110717773,,,,,
,,39099,,20.9195613861084,,,,,,
25,,39099,,,,0.6821252107620239,-5.734076023101807,,,
,,39149,,,168.53833198547363,,,,,
,,39149,,3.3898353576660156,,,,,,
25,,39149,,,,0.6801848411560059,-5.838942527770996,,,
,,39199,,,168.98036003112793,,,,,
,,39199,,20.763158798217773,,,,,,
25,,39199,,,,0.6802033185958862,-5.788775444030762,,,
,,39249,,,173.77638816833496,,,,,
,,39249,,3.2889842987060547,,,,,,
25,,39249,,,,0.6820454597473145,-5.788402080535889,,,
,,39299,,,169.59309577941895,,,,,
,,39299,,20.763158798217773,,,,,,
25,,39299,,,,0.6789581179618835,-5.791693687438965,,,
,,39349,,,168.79987716674805,,,,,
,,39349,,3.297090530395508,,,,,,
25,,39349,,,,0.6770130395889282,-5.781773567199707,,,
,,39399,,,170.5796718597412,,,,,
,,39399,,20.584583282470703,,,,,,
25,,39399,,,,0.677278995513916,-5.761794090270996,,,
,,39449,,,169.50392723083496,,,,,
,,39449,,3.3218860626220703,,,,,,
25,,39449,,,,0.6788290143013,-5.794549465179443,,,
,,39499,,,167.677640914917,,,,,
,,39499,,20.609140396118164,,,,,,
25,,39499,,,,0.679210364818573,-5.7628397941589355,,,
,,39549,,,175.9176254272461,,,,,
,,39549,,3.2761096954345703,,,,,,
25,,39549,,,,0.6798124313354492,-5.791220664978027,,,
,,39599,,,168.38908195495605,,,,,
,,39599,,20.870685577392578,,,,,,
25,,39599,,,,0.6796205639839172,-5.79047155380249,,,
,,39649,,,173.06804656982422,,,,,
,,39649,,3.366231918334961,,,,,,
25,,39649,,,,0.6822629570960999,-5.79994010925293,,,
,,39699,,,168.14613342285156,,,,,
,,39699,,20.424842834472656,,,,,,
25,,39699,,,,0.6811070442199707,-5.805056571960449,,,
,,39749,,,167.83666610717773,,,,,
,,39749,,3.293275833129883,,,,,,
25,,39749,,,,0.6769558787345886,-5.756106376647949,,,
,,39799,,,172.35994338989258,,,,,
,,39799,,23.616790771484375,,,,,,
25,,39799,,,,0.6777936220169067,-5.761436462402344,,,
,,39849,,,166.6567325592041,,,,,
,,39849,,3.2587051391601562,,,,,,
25,,39849,,,,0.6793710589408875,-5.78202486038208,,,
,,39899,,,167.8612232208252,,,,,
,,39899,,20.515918731689453,,,,,,
25,,39899,,,,0.6793639659881592,-5.79829216003418,,,
,,39949,,,167.5715446472168,,,,,
,,39949,,3.342866897583008,,,,,,
25,,39949,,,,0.67923903465271,-5.790421009063721,,,
,,39999,,,168.75386238098145,,,,,
,,39999,,20.655155181884766,,,,,,
25,,39999,,,,0.6782518029212952,-5.78911018371582,,,
,,40049,,,167.14215278625488,,,,,
,,40049,,3.2198429107666016,,,,,,
25,,40049,,,,0.6794736385345459,-5.830686092376709,,,
,,40099,,,168.49994659423828,,,,,
,,40099,,20.948171615600586,,,,,,
25,,40099,,,,0.6803430318832397,-5.83047342300415,,,
,,40149,,,174.27897453308105,,,,,
,,40149,,3.4401416778564453,,,,,,
25,,40149,,,,0.6747887134552002,-5.782360553741455,,,
,,40199,,,167.97208786010742,,,,,
,,40199,,20.76554298400879,,,,,,
25,,40199,,,,0.6818400621414185,-5.752591609954834,,,
,,40249,,,168.05076599121094,,,,,
,,40249,,3.318309783935547,,,,,,
25,,40249,,,,0.6776528358459473,-5.826617240905762,,,
,,40299,,,168.31660270690918,,,,,
,,40299,,20.519018173217773,,,,,,
25,,40299,,,,0.6814022660255432,-5.79638671875,,,
,,40349,,,168.83134841918945,,,,,
,,40349,,3.6208629608154297,,,,,,
25,,40349,,,,0.678093433380127,-5.824189186096191,,,
,,40399,,,172.82891273498535,,,,,
,,40399,,23.677825927734375,,,,,,
25,,40399,,,,0.6778247952461243,-5.79419469833374,,,
,,40449,,,168.16020011901855,,,,,
,,40449,,3.774881362915039,,,,,,
25,,40449,,,,0.6795397996902466,-5.785383701324463,,,
,,40499,,,174.53765869140625,,,,,
,,40499,,21.121740341186523,,,,,,
25,,40499,,,,0.6813418865203857,-5.734700679779053,,,
,,40549,,,168.3967113494873,,,,,
,,40549,,3.2799243927001953,,,,,,
25,,40549,,,,0.6796456575393677,-5.80877161026001,,,
,,40599,,,169.95573043823242,,,,,
,,40599,,20.9043025970459,,,,,,
25,,40599,,,,0.6810933947563171,-5.792996883392334,,,
25,,40637,,,,,,-5.693784713745117,-5.71104621887207,-5.783348083496094
,,40638,300.8834445476532,,,,,,,
,0.0003,40638,,,,,,,,
,,40649,,,168.30039024353027,,,,,
,,40649,,3.404855728149414,,,,,,
26,,40649,,,,0.6810722351074219,-5.744444370269775,,,
,,40699,,,169.10481452941895,,,,,
,,40699,,20.808935165405273,,,,,,
26,,40699,,,,0.6802230477333069,-5.723544597625732,,,
,,40749,,,168.9915657043457,,,,,
,,40749,,3.3714771270751953,,,,,,
26,,40749,,,,0.6787815093994141,-5.836738109588623,,,
,,40799,,,170.37582397460938,,,,,
,,40799,,20.740270614624023,,,,,,
26,,40799,,,,0.6795860528945923,-5.77304744720459,,,
,,40849,,,169.5556640625,,,,,
,,40849,,3.35693359375,,,,,,
26,,40849,,,,0.6762793660163879,-5.828797340393066,,,
,,40899,,,169.2790985107422,,,,,
,,40899,,21.064281463623047,,,,,,
26,,40899,,,,0.6777324080467224,-5.785404682159424,,,
,,40949,,,168.50614547729492,,,,,
,,40949,,3.3333301544189453,,,,,,
26,,40949,,,,0.6808518171310425,-5.740418434143066,,,
,,40999,,,170.26138305664062,,,,,
,,40999,,21.183013916015625,,,,,,
26,,40999,,,,0.6837387681007385,-5.817173480987549,,,
,,41049,,,168.90907287597656,,,,,
,,41049,,3.368854522705078,,,,,,
26,,41049,,,,0.6783865094184875,-5.823935508728027,,,
,,41099,,,169.23284530639648,,,,,
,,41099,,20.686626434326172,,,,,,
26,,41099,,,,0.6772446036338806,-5.805859088897705,,,
,,41149,,,169.30365562438965,,,,,
,,41149,,3.4046173095703125,,,,,,
26,,41149,,,,0.6816598176956177,-5.801692962646484,,,
,,41199,,,169.3558692932129,,,,,
,,41199,,21.039485931396484,,,,,,
26,,41199,,,,0.6801497936248779,-5.836020469665527,,,
,,41249,,,170.06492614746094,,,,,
,,41249,,3.3800601959228516,,,,,,
26,,41249,,,,0.680555522441864,-5.818687438964844,,,
,,41299,,,169.11840438842773,,,,,
,,41299,,21.078109741210938,,,,,,
26,,41299,,,,0.6811701655387878,-5.761565208435059,,,
,,41349,,,169.60573196411133,,,,,
,,41349,,3.409147262573242,,,,,,
26,,41349,,,,0.6758235692977905,-5.729438781738281,,,
,,41399,,,175.0326156616211,,,,,
,,41399,,20.81465721130371,,,,,,
26,,41399,,,,0.6799895763397217,-5.7566986083984375,,,
,,41449,,,169.4166660308838,,,,,
,,41449,,3.522157669067383,,,,,,
26,,41449,,,,0.6808549165725708,-5.74235725402832,,,
,,41499,,,167.96588897705078,,,,,
,,41499,,20.817041397094727,,,,,,
26,,41499,,,,0.6818386912345886,-5.790637016296387,,,
,,41549,,,168.7908172607422,,,,,
,,41549,,3.3981800079345703,,,,,,
26,,41549,,,,0.6830238699913025,-5.803765773773193,,,
,,41599,,,169.46673393249512,,,,,
,,41599,,20.746469497680664,,,,,,
26,,41599,,,,0.6782894730567932,-5.777846336364746,,,
,,41649,,,178.02906036376953,,,,,
,,41649,,4.390239715576172,,,,,,
26,,41649,,,,0.6785235404968262,-5.726061820983887,,,
,,41699,,,169.4333553314209,,,,,
,,41699,,20.98250389099121,,,,,,
26,,41699,,,,0.6804473400115967,-5.779539585113525,,,
,,41749,,,169.4340705871582,,,,,
,,41749,,3.403186798095703,,,,,,
26,,41749,,,,0.6787895560264587,-5.727291107177734,,,
,,41799,,,168.80512237548828,,,,,
,,41799,,21.4993953704834,,,,,,
26,,41799,,,,0.6789159774780273,-5.729502201080322,,,
,,41849,,,167.31572151184082,,,,,
,,41849,,3.459453582763672,,,,,,
26,,41849,,,,0.6800820231437683,-5.729736328125,,,
,,41899,,,169.87085342407227,,,,,
,,41899,,21.439313888549805,,,,,,
26,,41899,,,,0.6784940958023071,-5.797682762145996,,,
,,41949,,,168.92313957214355,,,,,
,,41949,,3.481626510620117,,,,,,
26,,41949,,,,0.6792230010032654,-5.811972141265869,,,
,,41999,,,168.9472198486328,,,,,
,,41999,,20.906925201416016,,,,,,
26,,41999,,,,0.6800300478935242,-5.78530740737915,,,
,,42049,,,169.22664642333984,,,,,
,,42049,,3.400564193725586,,,,,,
26,,42049,,,,0.6781994700431824,-5.714365482330322,,,
,,42099,,,169.10839080810547,,,,,
,,42099,,20.877361297607422,,,,,,
26,,42099,,,,0.6816369295120239,-5.749364376068115,,,
,,42149,,,169.3897247314453,,,,,
,,42149,,3.5021305084228516,,,,,,
26,,42149,,,,0.6786272525787354,-5.81791877746582,,,
,,42199,,,171.68879508972168,,,,,
,,42199,,22.922992706298828,,,,,,
26,,42199,,,,0.6819912791252136,-5.817099571228027,,,
26,,42200,,,,,,-5.694949626922607,-5.714717388153076,-5.782900810241699
,,42201,302.06364393234253,,,,,,,
,0.0003,42201,,,,,,,,
,,42249,,,168.81823539733887,,,,,
,,42249,,3.4170150756835938,,,,,,
27,,42249,,,,0.6757705807685852,-5.816027641296387,,,
,,42299,,,168.64538192749023,,,,,
,,42299,,20.64204216003418,,,,,,
27,,42299,,,,0.67967689037323,-5.810361385345459,,,
,,42349,,,173.88415336608887,,,,,
,,42349,,3.230571746826172,,,,,,
27,,42349,,,,0.6803126931190491,-5.8168840408325195,,,
,,42399,,,168.1954860687256,,,,,
,,42399,,20.967960357666016,,,,,,
27,,42399,,,,0.6774182319641113,-5.7508544921875,,,
,,42449,,,176.95307731628418,,,,,
,,42449,,3.447294235229492,,,,,,
27,,42449,,,,0.6792377233505249,-5.72554874420166,,,
,,42499,,,177.07061767578125,,,,,
,,42499,,20.789146423339844,,,,,,
27,,42499,,,,0.6794472932815552,-5.757846355438232,,,
,,42549,,,170.77112197875977,,,,,
,,42549,,3.031492233276367,,,,,,
27,,42549,,,,0.6800768375396729,-5.752367973327637,,,
,,42599,,,172.45197296142578,,,,,
,,42599,,20.729541778564453,,,,,,
27,,42599,,,,0.6806648969650269,-5.795604705810547,,,
,,42649,,,169.48318481445312,,,,,
,,42649,,3.290414810180664,,,,,,
27,,42649,,,,0.6817014217376709,-5.764834403991699,,,
,,42699,,,172.73235321044922,,,,,
,,42699,,20.874500274658203,,,,,,
27,,42699,,,,0.6810223460197449,-5.764891147613525,,,
,,42749,,,172.3618507385254,,,,,
,,42749,,3.319263458251953,,,,,,
27,,42749,,,,0.6823549866676331,-5.767158031463623,,,
,,42799,,,169.42167282104492,,,,,
,,42799,,21.022319793701172,,,,,,
27,,42799,,,,0.6803299188613892,-5.793567180633545,,,
,,42849,,,169.60978507995605,,,,,
,,42849,,3.4072399139404297,,,,,,
27,,42849,,,,0.6796107292175293,-5.80571985244751,,,
,,42899,,,169.4815158843994,,,,,
,,42899,,20.876169204711914,,,,,,
27,,42899,,,,0.677962601184845,-5.739264011383057,,,
,,42949,,,169.0661907196045,,,,,
,,42949,,3.4928321838378906,,,,,,
27,,42949,,,,0.678359866142273,-5.79118013381958,,,
,,42999,,,170.51386833190918,,,,,
,,42999,,20.9963321685791,,,,,,
27,,42999,,,,0.6805040240287781,-5.775853157043457,,,
,,43049,,,168.57075691223145,,,,,
,,43049,,3.4492015838623047,,,,,,
27,,43049,,,,0.6767702102661133,-5.7407402992248535,,,
,,43099,,,168.08319091796875,,,,,
,,43099,,20.36142349243164,,,,,,
27,,43099,,,,0.6784759759902954,-5.822750568389893,,,
,,43149,,,174.46136474609375,,,,,
,,43149,,3.3979415893554688,,,,,,
27,,43149,,,,0.6804892420768738,-5.811971187591553,,,
,,43199,,,171.15449905395508,,,,,
,,43199,,20.920515060424805,,,,,,
27,,43199,,,,0.6776254177093506,-5.780827045440674,,,
,,43249,,,168.90692710876465,,,,,
,,43249,,3.5452842712402344,,,,,,
27,,43249,,,,0.6802529096603394,-5.825006484985352,,,
,,43299,,,168.91932487487793,,,,,
,,43299,,20.656108856201172,,,,,,
27,,43299,,,,0.6809128522872925,-5.758603572845459,,,
,,43349,,,175.0040054321289,,,,,
,,43349,,3.4203529357910156,,,,,,
27,,43349,,,,0.6752119064331055,-5.793389797210693,,,
,,43399,,,172.75357246398926,,,,,
,,43399,,23.46062660217285,,,,,,
27,,43399,,,,0.6792131066322327,-5.789351463317871,,,
,,43449,,,173.7959384918213,,,,,
,,43449,,3.3330917358398438,,,,,,
27,,43449,,,,0.6807365417480469,-5.762520790100098,,,
,,43499,,,168.57361793518066,,,,,
,,43499,,21.05569839477539,,,,,,
27,,43499,,,,0.6793298125267029,-5.782322883605957,,,
,,43549,,,168.62964630126953,,,,,
,,43549,,3.326892852783203,,,,,,
27,,43549,,,,0.6795223355293274,-5.795700550079346,,,
,,43599,,,174.39961433410645,,,,,
,,43599,,21.230697631835938,,,,,,
27,,43599,,,,0.6778198480606079,-5.779186248779297,,,
,,43649,,,169.2371368408203,,,,,
,,43649,,3.4317970275878906,,,,,,
27,,43649,,,,0.6806958317756653,-5.723987102508545,,,
,,43699,,,175.2026081085205,,,,,
,,43699,,21.065711975097656,,,,,,
27,,43699,,,,0.6742928624153137,-5.791805267333984,,,
,,43749,,,169.6174144744873,,,,,
,,43749,,3.3621788024902344,,,,,,
27,,43749,,,,0.677882730960846,-5.7950358390808105,,,
27,,43763,,,,,,-5.693431854248047,-5.710659027099609,-5.7807111740112305
,,43764,303.6446716785431,,,,,,,
,0.0003,43764,,,,,,,,
,,43799,,,168.4279441833496,,,,,
,,43799,,21.024227142333984,,,,,,
28,,43799,,,,0.680382490158081,-5.79716157913208,,,
,,43849,,,169.84200477600098,,,,,
,,43849,,3.2002925872802734,,,,,,
28,,43849,,,,0.6766048669815063,-5.762759685516357,,,
,,43899,,,169.16942596435547,,,,,
,,43899,,21.586179733276367,,,,,,
28,,43899,,,,0.6781396269798279,-5.769388198852539,,,
,,43949,,,169.64483261108398,,,,,
,,43949,,3.3249855041503906,,,,,,
28,,43949,,,,0.6756465435028076,-5.787415504455566,,,
,,43999,,,176.23353004455566,,,,,
,,43999,,21.1794376373291,,,,,,
28,,43999,,,,0.6787952780723572,-5.797616481781006,,,
,,44049,,,168.2908535003662,,,,,
,,44049,,3.804445266723633,,,,,,
28,,44049,,,,0.6821255087852478,-5.797902584075928,,,
,,44099,,,168.74289512634277,,,,,
,,44099,,20.71070671081543,,,,,,
28,,44099,,,,0.6803675293922424,-5.731568336486816,,,
,,44149,,,168.8692569732666,,,,,
,,44149,,3.382444381713867,,,,,,
28,,44149,,,,0.6806576251983643,-5.776381492614746,,,
,,44199,,,168.90192031860352,,,,,
,,44199,,20.73359489440918,,,,,,
28,,44199,,,,0.6808652877807617,-5.846691131591797,,,
,,44249,,,167.91105270385742,,,,,
,,44249,,3.644227981567383,,,,,,
28,,44249,,,,0.6780237555503845,-5.804624557495117,,,
,,44299,,,168.96796226501465,,,,,
,,44299,,20.839929580688477,,,,,,
28,,44299,,,,0.682547390460968,-5.74395227432251,,,
,,44349,,,168.14351081848145,,,,,
,,44349,,3.336668014526367,,,,,,
28,,44349,,,,0.6820794939994812,-5.772407531738281,,,
,,44399,,,168.08247566223145,,,,,
,,44399,,20.717859268188477,,,,,,
28,,44399,,,,0.6804196238517761,-5.813849925994873,,,
,,44449,,,168.13135147094727,,,,,
,,44449,,3.368377685546875,,,,,,
28,,44449,,,,0.6811013221740723,-5.814680099487305,,,
,,44499,,,167.82522201538086,,,,,
,,44499,,20.681142807006836,,,,,,
28,,44499,,,,0.6797457933425903,-5.843721866607666,,,
,,44549,,,170.59612274169922,,,,,
,,44549,,3.337383270263672,,,,,,
28,,44549,,,,0.6776432991027832,-5.831513404846191,,,
,,44599,,,176.62882804870605,,,,,
,,44599,,20.8587646484375,,,,,,
28,,44599,,,,0.6810171008110046,-5.79813814163208,,,
,,44649,,,168.6697006225586,,,,,
,,44649,,3.5505294799804688,,,,,,
28,,44649,,,,0.679426908493042,-5.73687219619751,,,
,,44699,,,178.053617477417,,,,,
,,44699,,20.833492279052734,,,,,,
28,,44699,,,,0.6821204423904419,-5.761911392211914,,,
,,44749,,,169.63696479797363,,,,,
,,44749,,3.3478736877441406,,,,,,
28,,44749,,,,0.6798220872879028,-5.801666259765625,,,
,,44799,,,170.58372497558594,,,,,
,,44799,,20.621776580810547,,,,,,
28,,44799,,,,0.6792033910751343,-5.82765007019043,,,
,,44849,,,170.6397533416748,,,,,
,,44849,,4.273414611816406,,,,,,
28,,44849,,,,0.6808446645736694,-5.824587345123291,,,
,,44899,,,169.7080135345459,,,,,
,,44899,,21.588802337646484,,,,,,
28,,44899,,,,0.6801838278770447,-5.7773919105529785,,,
,,44949,,,177.33335494995117,,,,,
,,44949,,3.3659934997558594,,,,,,
28,,44949,,,,0.6796607971191406,-5.797446250915527,,,
,,44999,,,170.18604278564453,,,,,
,,44999,,20.95627784729004,,,,,,
28,,44999,,,,0.6778196692466736,-5.866057395935059,,,
,,45049,,,167.93370246887207,,,,,
,,45049,,3.363370895385742,,,,,,
28,,45049,,,,0.681808590888977,-5.751320838928223,,,
,,45099,,,168.43175888061523,,,,,
,,45099,,20.989656448364258,,,,,,
28,,45099,,,,0.6790881752967834,-5.787412166595459,,,
,,45149,,,169.43669319152832,,,,,
,,45149,,3.445148468017578,,,,,,
28,,45149,,,,0.6821373105049133,-5.782340049743652,,,
,,45199,,,168.3487892150879,,,,,
,,45199,,20.62058448791504,,,,,,
28,,45199,,,,0.6795307993888855,-5.797322750091553,,,
,,45249,,,171.09394073486328,,,,,
,,45249,,3.5164356231689453,,,,,,
28,,45249,,,,0.6782177686691284,-5.773997783660889,,,
,,45299,,,173.87080192565918,,,,,
,,45299,,20.88189125061035,,,,,,
28,,45299,,,,0.6804521083831787,-5.752050876617432,,,
28,,45326,,,,,,-5.694148063659668,-5.712150573730469,-5.779701232910156
,,45327,302.9731254577637,,,,,,,
,0.0003,45327,,,,,,,,
,,45349,,,176.8639087677002,,,,,
,,45349,,3.3066272735595703,,,,,,
29,,45349,,,,0.6825524568557739,-5.84174919128418,,,
,,45399,,,175.1091480255127,,,,,
,,45399,,20.72000503540039,,,,,,
29,,45399,,,,0.6781487464904785,-5.784859657287598,,,
,,45449,,,174.85952377319336,,,,,
,,45449,,3.2672882080078125,,,,,,
29,,45449,,,,0.6778337359428406,-5.793393611907959,,,
,,45499,,,171.40483856201172,,,,,
,,45499,,20.61176300048828,,,,,,
29,,45499,,,,0.6798002123832703,-5.774320125579834,,,
,,45549,,,171.18120193481445,,,,,
,,45549,,3.254413604736328,,,,,,
29,,45549,,,,0.6830320954322815,-5.722327709197998,,,
,,45599,,,174.60155487060547,,,,,
,,45599,,20.804643630981445,,,,,,
29,,45599,,,,0.6784486770629883,-5.762876987457275,,,
,,45649,,,172.97959327697754,,,,,
,,45649,,3.298521041870117,,,,,,
29,,45649,,,,0.682305634021759,-5.770233154296875,,,
,,45699,,,174.61347579956055,,,,,
,,45699,,21.172761917114258,,,,,,
29,,45699,,,,0.6767749190330505,-5.83687686920166,,,
,,45749,,,169.43693161010742,,,,,
,,45749,,3.3414363861083984,,,,,,
29,,45749,,,,0.6770803928375244,-5.715404987335205,,,
,,45799,,,170.64142227172852,,,,,
,,45799,,21.2252140045166,,,,,,
29,,45799,,,,0.6792716383934021,-5.777340412139893,,,
,,45849,,,169.5992946624756,,,,,
,,45849,,3.325939178466797,,,,,,
29,,45849,,,,0.6782305836677551,-5.789993762969971,,,
,,45899,,,170.4847812652588,,,,,
,,45899,,20.62535285949707,,,,,,
29,,45899,,,,0.6806915998458862,-5.803855895996094,,,
,,45949,,,174.8180389404297,,,,,
,,45949,,3.4329891204833984,,,,,,
29,,45949,,,,0.6828499436378479,-5.792286396026611,,,
,,45999,,,169.62003707885742,,,,,
,,45999,,20.94292640686035,,,,,,
29,,45999,,,,0.6792254447937012,-5.791397571563721,,,
,,46049,,,170.4392433166504,,,,,
,,46049,,3.3485889434814453,,,,,,
29,,46049,,,,0.6824474334716797,-5.780205726623535,,,
,,46099,,,168.9434051513672,,,,,
,,46099,,21.016359329223633,,,,,,
29,,46099,,,,0.6801366806030273,-5.800195217132568,,,
,,46149,,,169.12126541137695,,,,,
,,46149,,3.3609867095947266,,,,,,
29,,46149,,,,0.6810189485549927,-5.833574295043945,,,
,,46199,,,169.30580139160156,,,,,
,,46199,,20.85709571838379,,,,,,
29,,46199,,,,0.6804067492485046,-5.751490116119385,,,
,,46249,,,167.88148880004883,,,,,
,,46249,,3.294229507446289,,,,,,
29,,46249,,,,0.6764540076255798,-5.8003387451171875,,,
,,46299,,,167.71650314331055,,,,,
,,46299,,20.401477813720703,,,,,,
29,,46299,,,,0.6821177005767822,-5.7819743156433105,,,
,,46349,,,169.81887817382812,,,,,
,,46349,,3.380298614501953,,,,,,
29,,46349,,,,0.6798839569091797,-5.764523029327393,,,
,,46399,,,170.71986198425293,,,,,
,,46399,,21.054983139038086,,,,,,
29,,46399,,,,0.6801037192344666,-5.760086536407471,,,
,,46449,,,168.6098575592041,,,,,
,,46449,,3.260374069213867,,,,,,
29,,46449,,,,0.6774346828460693,-5.803757190704346,,,
,,46499,,,167.94252395629883,,,,,
,,46499,,20.686626434326172,,,,,,
29,,46499,,,,0.6782859563827515,-5.774330139160156,,,
,,46549,,,169.64221000671387,,,,,
,,46549,,3.3197402954101562,,,,,,
29,,46549,,,,0.6831426620483398,-5.825430870056152,,,
,,46599,,,168.01095008850098,,,,,
,,46599,,21.015644073486328,,,,,,
29,,46599,,,,0.6786026358604431,-5.746928691864014,,,
,,46649,,,169.71302032470703,,,,,
,,46649,,3.411531448364258,,,,,,
29,,46649,,,,0.6796915531158447,-5.75555419921875,,,
,,46699,,,167.1011447906494,,,,,
,,46699,,20.806312561035156,,,,,,
29,,46699,,,,0.6788406372070312,-5.710181713104248,,,
,,46749,,,167.65284538269043,,,,,
,,46749,,3.2143592834472656,,,,,,
29,,46749,,,,0.6784027218818665,-5.7769083976745605,,,
,,46799,,,174.47566986083984,,,,,
,,46799,,20.670175552368164,,,,,,
29,,46799,,,,0.6772125363349915,-5.830794334411621,,,
,,46849,,,173.77948760986328,,,,,
,,46849,,3.342151641845703,,,,,,
29,,46849,,,,0.6796386241912842,-5.842360496520996,,,
29,,46889,,,,,,-5.695728302001953,-5.7151641845703125,-5.77706241607666
,,46890,302.72311425209045,,,,,,,
,0.0003,46890,,,,,,,,
,,46899,,,171.12302780151367,,,,,
,,46899,,20.64800262451172,,,,,,
30,,46899,,,,0.6779374480247498,-5.758052825927734,,,
,,46949,,,169.1904067993164,,,,,
,,46949,,3.4058094024658203,,,,,,
30,,46949,,,,0.680668294429779,-5.790568828582764,,,
,,46999,,,168.7765121459961,,,,,
,,46999,,20.62702178955078,,,,,,
30,,46999,,,,0.6784824132919312,-5.745689392089844,,,
,,47049,,,174.09944534301758,,,,,
,,47049,,3.389120101928711,,,,,,
30,,47049,,,,0.6801987886428833,-5.809763431549072,,,
,,47099,,,170.99261283874512,,,,,
,,47099,,20.752429962158203,,,,,,
30,,47099,,,,0.6792349815368652,-5.789936542510986,,,
,,47149,,,168.87617111206055,,,,,
,,47149,,3.3309459686279297,,,,,,
30,,47149,,,,0.6813419461250305,-5.859068393707275,,,
,,47199,,,173.6469268798828,,,,,
,,47199,,21.3470458984375,,,,,,
30,,47199,,,,0.6790376305580139,-5.803842067718506,,,
,,47249,,,168.82061958312988,,,,,
,,47249,,3.41033935546875,,,,,,
30,,47249,,,,0.679965078830719,-5.778780937194824,,,
,,47299,,,169.2945957183838,,,,,
,,47299,,20.68185806274414,,,,,,
30,,47299,,,,0.6803033947944641,-5.734860897064209,,,
,,47349,,,174.17621612548828,,,,,
,,47349,,3.411531448364258,,,,,,
30,,47349,,,,0.6799377799034119,-5.818013668060303,,,
,,47399,,,171.4613437652588,,,,,
,,47399,,20.700693130493164,,,,,,
30,,47399,,,,0.6814979314804077,-5.791769981384277,,,
,,47449,,,172.76906967163086,,,,,
,,47449,,4.351139068603516,,,,,,
30,,47449,,,,0.678744375705719,-5.776555061340332,,,
,,47499,,,169.464111328125,,,,,
,,47499,,21.06761932373047,,,,,,
30,,47499,,,,0.6800632476806641,-5.78587532043457,,,
,,47549,,,175.56428909301758,,,,,
,,47549,,3.3996105194091797,,,,,,
30,,47549,,,,0.6809037327766418,-5.77123498916626,,,
,,47599,,,168.69068145751953,,,,,
,,47599,,21.08621597290039,,,,,,
30,,47599,,,,0.684780478477478,-5.819052219390869,,,
,,47649,,,169.01659965515137,,,,,
,,47649,,3.443002700805664,,,,,,
30,,47649,,,,0.6807145476341248,-5.749403953552246,,,
,,47699,,,167.87385940551758,,,,,
,,47699,,20.390033721923828,,,,,,
30,,47699,,,,0.679344117641449,-5.819591522216797,,,
,,47749,,,168.6725616455078,,,,,
,,47749,,3.388643264770508,,,,,,
30,,47749,,,,0.6794567108154297,-5.8410234451293945,,,
,,47799,,,168.17927360534668,,,,,
,,47799,,21.363496780395508,,,,,,
30,,47799,,,,0.6813657879829407,-5.808273792266846,,,
,,47849,,,170.84836959838867,,,,,
,,47849,,3.7355422973632812,,,,,,
30,,47849,,,,0.6825295090675354,-5.759175777435303,,,
,,47899,,,172.5451946258545,,,,,
,,47899,,20.940065383911133,,,,,,
30,,47899,,,,0.6824273467063904,-5.790889739990234,,,
,,47949,,,169.17777061462402,,,,,
,,47949,,3.3779144287109375,,,,,,
30,,47949,,,,0.6831896305084229,-5.757213592529297,,,
,,47999,,,176.2373447418213,,,,,
,,47999,,20.799636840820312,,,,,,
30,,47999,,,,0.6803305149078369,-5.788606643676758,,,
,,48049,,,169.42453384399414,,,,,
,,48049,,3.452777862548828,,,,,,
30,,48049,,,,0.6804799437522888,-5.775990962982178,,,
,,48099,,,168.81632804870605,,,,,
,,48099,,20.52617073059082,,,,,,
30,,48099,,,,0.6780490279197693,-5.747482776641846,,,
,,48149,,,168.8683032989502,,,,,
,,48149,,3.5517215728759766,,,,,,
30,,48149,,,,0.6813668012619019,-5.71734619140625,,,
,,48199,,,171.10514640808105,,,,,
,,48199,,21.0421085357666,,,,,,
30,,48199,,,,0.6783090233802795,-5.763070106506348,,,
,,48249,,,169.21710968017578,,,,,
,,48249,,3.4673213958740234,,,,,,
30,,48249,,,,0.6786419153213501,-5.794211387634277,,,
,,48299,,,173.91109466552734,,,,,
,,48299,,22.602081298828125,,,,,,
30,,48299,,,,0.6807762384414673,-5.803961277008057,,,
,,48349,,,177.51049995422363,,,,,
,,48349,,3.807544708251953,,,,,,
30,,48349,,,,0.6832981109619141,-5.817357063293457,,,
,,48399,,,168.85113716125488,,,,,
,,48399,,21.149396896362305,,,,,,
30,,48399,,,,0.6800480484962463,-5.744982719421387,,,
,,48449,,,168.62988471984863,,,,,
,,48449,,3.4351348876953125,,,,,,
30,,48449,,,,0.6796966791152954,-5.828742504119873,,,
30,,48452,,,,,,-5.694772720336914,-5.712612152099609,-5.775777816772461
,,48453,303.0355749130249,,,,,,,
,0.0003,48453,,,,,,,,
,,48499,,,177.59013175964355,,,,,
,,48499,,22.346019744873047,,,,,,
31,,48499,,,,0.6802686452865601,-5.769324779510498,,,
,,48549,,,167.56558418273926,,,,,
,,48549,,3.070354461669922,,,,,,
31,,48549,,,,0.6808074712753296,-5.790140628814697,,,
,,48599,,,168.0595874786377,,,,,
,,48599,,20.891666412353516,,,,,,
31,,48599,,,,0.6803257465362549,-5.751348972320557,,,
,,48649,,,170.77040672302246,,,,,
,,48649,,4.363536834716797,,,,,,
31,,48649,,,,0.6786868572235107,-5.789355278015137,,,
,,48699,,,170.53818702697754,,,,,
,,48699,,20.665884017944336,,,,,,
31,,48699,,,,0.682754635810852,-5.798923969268799,,,
,,48749,,,168.3826446533203,,,,,
,,48749,,3.348827362060547,,,,,,
31,,48749,,,,0.6820248365402222,-5.80725622177124,,,
,,48799,,,168.58506202697754,,,,,
,,48799,,20.621061325073242,,,,,,
31,,48799,,,,0.6828595399856567,-5.699568748474121,,,
,,48849,,,168.6403751373291,,,,,
,,48849,,3.343820571899414,,,,,,
31,,48849,,,,0.6827843189239502,-5.763716220855713,,,
,,48899,,,169.2638397216797,,,,,
,,48899,,20.509719848632812,,,,,,
31,,48899,,,,0.6803034543991089,-5.758494853973389,,,
,,48949,,,173.797607421875,,,,,
,,48949,,3.3326148986816406,,,,,,
31,,48949,,,,0.6806083917617798,-5.79278564453125,,,
,,48999,,,174.5932102203369,,,,,
,,48999,,21.160364151000977,,,,,,
31,,48999,,,,0.6845300197601318,-5.732381343841553,,,
,,49049,,,172.23596572875977,,,,,
,,49049,,4.180908203125,,,,,,
31,,49049,,,,0.6838680505752563,-5.80955696105957,,,
,,49099,,,171.0982322692871,,,,,
,,49099,,22.05944061279297,,,,,,
31,,49099,,,,0.6796625256538391,-5.795382976531982,,,
,,49149,,,169.92521286010742,,,,,
,,49149,,3.3936500549316406,,,,,,
31,,49149,,,,0.6806361675262451,-5.7685770988464355,,,
,,49199,,,168.8694953918457,,,,,
,,49199,,20.926475524902344,,,,,,
31,,49199,,,,0.6799329519271851,-5.786965370178223,,,
,,49249,,,168.9603328704834,,,,,
,,49249,,3.5867691040039062,,,,,,
31,,49249,,,,0.6800877451896667,-5.744345188140869,,,
,,49299,,,167.97661781311035,,,,,
,,49299,,20.679712295532227,,,,,,
31,,49299,,,,0.6822470426559448,-5.772345066070557,,,
,,49349,,,165.8914089202881,,,,,
,,49349,,3.3702850341796875,,,,,,
31,,49349,,,,0.682052731513977,-5.805120944976807,,,
,,49399,,,168.6248779296875,,,,,
,,49399,,20.49851417541504,,,,,,
31,,49399,,,,0.6804746985435486,-5.795109748840332,,,
,,49449,,,173.4933853149414,,,,,
,,49449,,3.3059120178222656,,,,,,
31,,49449,,,,0.6782856583595276,-5.79763650894165,,,
,,49499,,,168.5030460357666,,,,,
,,49499,,21.338224411010742,,,,,,
31,,49499,,,,0.6823729872703552,-5.759090423583984,,,
,,49549,,,168.23887825012207,,,,,
,,49549,,3.711223602294922,,,,,,
31,,49549,,,,0.6767073273658752,-5.754424095153809,,,
,,49599,,,168.54214668273926,,,,,
,,49599,,20.610570907592773,,,,,,
31,,49599,,,,0.6806132793426514,-5.823563098907471,,,
,,49649,,,168.32351684570312,,,,,
,,49649,,3.3724308013916016,,,,,,
31,,49649,,,,0.6775280237197876,-5.793262958526611,,,
,,49699,,,168.4401035308838,,,,,
,,49699,,20.724773406982422,,,,,,
31,,49699,,,,0.6786718964576721,-5.799936771392822,,,
,,49749,,,172.90973663330078,,,,,
,,49749,,3.4706592559814453,,,,,,
31,,49749,,,,0.6800829768180847,-5.739384651184082,,,
,,49799,,,168.1067943572998,,,,,
,,49799,,20.292282104492188,,,,,,
31,,49799,,,,0.6803292632102966,-5.750724792480469,,,
,,49849,,,168.75505447387695,,,,,
,,49849,,3.4759044647216797,,,,,,
31,,49849,,,,0.6797699332237244,-5.767853736877441,,,
,,49899,,,168.29419136047363,,,,,
,,49899,,21.15774154663086,,,,,,
31,,49899,,,,0.6806169748306274,-5.772314548492432,,,
,,49949,,,168.99514198303223,,,,,
,,49949,,3.376483917236328,,,,,,
31,,49949,,,,0.6811767220497131,-5.743082046508789,,,
,,49999,,,168.58291625976562,,,,,
,,49999,,20.696640014648438,,,,,,
31,,49999,,,,0.6785354614257812,-5.794196605682373,,,
31,,50015,,,,,,-5.693312168121338,-5.711282730102539,-5.780423164367676
,,50016,301.78847646713257,,,,,,,
,0.0003,50016,,,,,,,,
,,50049,,,168.5631275177002,,,,,
,,50049,,3.408670425415039,,,,,,
32,,50049,,,,0.6792824864387512,-5.791902542114258,,,
,,50099,,,167.94633865356445,,,,,
,,50099,,20.589351654052734,,,,,,
32,,50099,,,,0.6804119944572449,-5.81848669052124,,,
,,50149,,,168.42055320739746,,,,,
,,50149,,3.3867359161376953,,,,,,
32,,50149,,,,0.6806085705757141,-5.805490493774414,,,
,,50199,,,168.81108283996582,,,,,
,,50199,,20.97344398498535,,,,,,
32,,50199,,,,0.6813196539878845,-5.773914813995361,,,
,,50249,,,168.51115226745605,,,,,
,,50249,,3.6873817443847656,,,,,,
32,,50249,,,,0.6826007962226868,-5.723420143127441,,,
,,50299,,,168.0583953857422,,,,,
,,50299,,20.587921142578125,,,,,,
32,,50299,,,,0.6806855797767639,-5.806510925292969,,,
,,50349,,,177.42037773132324,,,,,
,,50349,,3.367185592651367,,,,,,
32,,50349,,,,0.6804574728012085,-5.772975921630859,,,
,,50399,,,169.15345191955566,,,,,
,,50399,,21.096467971801758,,,,,,
32,,50399,,,,0.6764245629310608,-5.778331756591797,,,
,,50449,,,168.81871223449707,,,,,
,,50449,,3.401517868041992,,,,,,
32,,50449,,,,0.6825175285339355,-5.805123805999756,,,
,,50499,,,168.90525817871094,,,,,
,,50499,,20.955562591552734,,,,,,
32,,50499,,,,0.6791803240776062,-5.7356462478637695,,,
,,50549,,,167.9666042327881,,,,,
,,50549,,3.403902053833008,,,,,,
32,,50549,,,,0.6815211176872253,-5.710845947265625,,,
,,50599,,,167.54388809204102,,,,,
,,50599,,20.985126495361328,,,,,,
32,,50599,,,,0.6824623942375183,-5.772467136383057,,,
,,50649,,,169.27552223205566,,,,,
,,50649,,3.3333301544189453,,,,,,
32,,50649,,,,0.6786898970603943,-5.676908016204834,,,
,,50699,,,167.75965690612793,,,,,
,,50699,,20.90001106262207,,,,,,
32,,50699,,,,0.6804500818252563,-5.745311737060547,,,
,,50749,,,169.6908473968506,,,,,
,,50749,,3.6978721618652344,,,,,,
32,,50749,,,,0.6829885244369507,-5.766323566436768,,,
,,50799,,,177.1218776702881,,,,,
,,50799,,22.15266227722168,,,,,,
32,,50799,,,,0.6774218678474426,-5.800031661987305,,,
,,50849,,,169.46029663085938,,,,,
,,50849,,3.464221954345703,,,,,,
32,,50849,,,,0.6799827814102173,-5.76970911026001,,,
,,50899,,,168.55645179748535,,,,,
,,50899,,20.888805389404297,,,,,,
32,,50899,,,,0.6810519695281982,-5.790412425994873,,,
,,50949,,,168.94936561584473,,,,,
,,50949,,3.4475326538085938,,,,,,
32,,50949,,,,0.6800591349601746,-5.730940341949463,,,
,,50999,,,168.32876205444336,,,,,
,,50999,,21.2862491607666,,,,,,
32,,50999,,,,0.6800178289413452,-5.824851036071777,,,
,,51049,,,170.9146499633789,,,,,
,,51049,,4.378795623779297,,,,,,
32,,51049,,,,0.6813124418258667,-5.862729549407959,,,
,,51099,,,170.47882080078125,,,,,
,,51099,,23.422718048095703,,,,,,
32,,51099,,,,0.6797668933868408,-5.757568359375,,,
,,51149,,,168.6553955078125,,,,,
,,51149,,3.3893585205078125,,,,,,
32,,51149,,,,0.6831909418106079,-5.792826175689697,,,
,,51199,,,168.26772689819336,,,,,
,,51199,,21.08621597290039,,,,,,
32,,51199,,,,0.681797206401825,-5.802992820739746,,,
,,51249,,,168.49112510681152,,,,,
,,51249,,3.5352706909179688,,,,,,
32,,51249,,,,0.6819131374359131,-5.811372756958008,,,
,,51299,,,169.55161094665527,,,,,
,,51299,,20.949602127075195,,,,,,
32,,51299,,,,0.682303786277771,-5.782476902008057,,,
,,51349,,,172.15418815612793,,,,,
,,51349,,3.1282901763916016,,,,,,
32,,51349,,,,0.6786383390426636,-5.757822036743164,,,
,,51399,,,168.55335235595703,,,,,
,,51399,,21.625995635986328,,,,,,
32,,51399,,,,0.6826953291893005,-5.820454120635986,,,
,,51449,,,168.88928413391113,,,,,
,,51449,,3.485441207885742,,,,,,
32,,51449,,,,0.6789482235908508,-5.78944206237793,,,
,,51499,,,168.95174980163574,,,,,
,,51499,,21.333694458007812,,,,,,
32,,51499,,,,0.6809643507003784,-5.74265718460083,,,
,,51549,,,169.5401668548584,,,,,
,,51549,,3.3292770385742188,,,,,,
32,,51549,,,,0.6798953413963318,-5.725625038146973,,,
32,,51578,,,,,,-5.693511009216309,-5.710286617279053,-5.774946212768555
,,51579,301.0762689113617,,,,,,,
,0.0003,51579,,,,,,,,
,,51599,,,169.05856132507324,,,,,
,,51599,,20.8284854888916,,,,,,
33,,51599,,,,0.6838452219963074,-5.76560640335083,,,
,,51649,,,172.4090576171875,,,,,
,,51649,,4.510402679443359,,,,,,
33,,51649,,,,0.6808831095695496,-5.770393371582031,,,
,,51699,,,166.1057472229004,,,,,
,,51699,,21.018028259277344,,,,,,
33,,51699,,,,0.679534375667572,-5.826272964477539,,,
,,51749,,,171.41485214233398,,,,,
,,51749,,4.986047744750977,,,,,,
33,,51749,,,,0.6846967935562134,-5.806797504425049,,,
,,51799,,,168.17474365234375,,,,,
,,51799,,20.729780197143555,,,,,,
33,,51799,,,,0.6821931600570679,-5.779717922210693,,,
,,51849,,,169.1737174987793,,,,,
,,51849,,3.3562183380126953,,,,,,
33,,51849,,,,0.6822506189346313,-5.78187894821167,,,
,,51899,,,168.89142990112305,,,,,
,,51899,,20.61748504638672,,,,,,
33,,51899,,,,0.6816523671150208,-5.772420406341553,,,
,,51949,,,168.53737831115723,,,,,
,,51949,,3.4537315368652344,,,,,,
33,,51949,,,,0.6829046010971069,-5.840537071228027,,,
,,51999,,,169.281005859375,,,,,
,,51999,,20.684242248535156,,,,,,
33,,51999,,,,0.6816270351409912,-5.794658184051514,,,
,,52049,,,172.96791076660156,,,,,
,,52049,,3.335237503051758,,,,,,
33,,52049,,,,0.6812129020690918,-5.752490043640137,,,
,,52099,,,168.8690185546875,,,,,
,,52099,,20.581960678100586,,,,,,
33,,52099,,,,0.6790788173675537,-5.779818058013916,,,
,,52149,,,168.7147617340088,,,,,
,,52149,,3.0198097229003906,,,,,,
33,,52149,,,,0.6791149973869324,-5.831614971160889,,,
,,52199,,,169.13366317749023,,,,,
,,52199,,20.586252212524414,,,,,,
33,,52199,,,,0.6817710995674133,-5.781857013702393,,,
,,52249,,,171.12040519714355,,,,,
,,52249,,4.530668258666992,,,,,,
33,,52249,,,,0.6829378604888916,-5.730698108673096,,,
,,52299,,,169.23117637634277,,,,,
,,52299,,20.763158798217773,,,,,,
33,,52299,,,,0.6816182732582092,-5.79503059387207,,,
,,52349,,,173.5212802886963,,,,,
,,52349,,3.3915042877197266,,,,,,
33,,52349,,,,0.678316593170166,-5.831748008728027,,,
,,52399,,,171.32067680358887,,,,,
,,52399,,21.090984344482422,,,,,,
33,,52399,,,,0.6828888058662415,-5.855014324188232,,,
,,52449,,,169.24524307250977,,,,,
,,52449,,3.1011104583740234,,,,,,
33,,52449,,,,0.6795404553413391,-5.688082695007324,,,
,,52499,,,169.28625106811523,,,,,
,,52499,,20.75648307800293,,,,,,
33,,52499,,,,0.6767707467079163,-5.799803256988525,,,
,,52549,,,168.78914833068848,,,,,
,,52549,,3.3605098724365234,,,,,,
33,,52549,,,,0.6819419860839844,-5.772136688232422,,,
,,52599,,,169.6181297302246,,,,,
,,52599,,20.8890438079834,,,,,,
33,,52599,,,,0.6798528432846069,-5.807303428649902,,,
,,52649,,,169.16799545288086,,,,,
,,52649,,3.342866897583008,,,,,,
33,,52649,,,,0.6862216591835022,-5.7371506690979,,,
,,52699,,,169.36779022216797,,,,,
,,52699,,20.977020263671875,,,,,,
33,,52699,,,,0.6820762157440186,-5.787173748016357,,,
,,52749,,,169.9390411376953,,,,,
,,52749,,3.5598278045654297,,,,,,
33,,52749,,,,0.6829599142074585,-5.705627918243408,,,
,,52799,,,171.76294326782227,,,,,
,,52799,,20.63751220703125,,,,,,
33,,52799,,,,0.6820332407951355,-5.759766101837158,,,
,,52849,,,173.58684539794922,,,,,
,,52849,,3.39508056640625,,,,,,
33,,52849,,,,0.6781293153762817,-5.832365989685059,,,
,,52899,,,171.60606384277344,,,,,
,,52899,,21.46124839782715,,,,,,
33,,52899,,,,0.6789582371711731,-5.773017406463623,,,
,,52949,,,175.31371116638184,,,,,
,,52949,,4.000425338745117,,,,,,
33,,52949,,,,0.6811533570289612,-5.810647964477539,,,
,,52999,,,175.63939094543457,,,,,
,,52999,,20.848989486694336,,,,,,
33,,52999,,,,0.6821128129959106,-5.701098918914795,,,
,,53049,,,170.52197456359863,,,,,
,,53049,,3.504037857055664,,,,,,
33,,53049,,,,0.6820124983787537,-5.76140832901001,,,
,,53099,,,174.58820343017578,,,,,
,,53099,,21.055221557617188,,,,,,
33,,53099,,,,0.6816189289093018,-5.747474193572998,,,
33,,53141,,,,,,-5.693909168243408,-5.711206912994385,-5.774996757507324
,,53142,302.53937673568726,,,,,,,
,0.0003,53142,,,,,,,,
,,53149,,,170.0897216796875,,,,,
,,53149,,3.4148693084716797,,,,,,
34,,53149,,,,0.680978536605835,-5.781671047210693,,,
,,53199,,,169.11673545837402,,,,,
,,53199,,21.029949188232422,,,,,,
34,,53199,,,,0.6786615252494812,-5.7855424880981445,,,
,,53249,,,172.6245880126953,,,,,
,,53249,,3.1223297119140625,,,,,,
34,,53249,,,,0.6762343049049377,-5.813790321350098,,,
,,53299,,,168.30110549926758,,,,,
,,53299,,20.797014236450195,,,,,,
34,,53299,,,,0.6825531721115112,-5.7952399253845215,,,
,,53349,,,170.41325569152832,,,,,
,,53349,,3.3979415893554688,,,,,,
34,,53349,,,,0.6802751421928406,-5.776544094085693,,,
,,53399,,,170.26019096374512,,,,,
,,53399,,23.509979248046875,,,,,,
34,,53399,,,,0.6802642345428467,-5.805792808532715,,,
,,53449,,,170.75777053833008,,,,,
,,53449,,3.34930419921875,,,,,,
34,,53449,,,,0.6811379790306091,-5.837642669677734,,,
,,53499,,,167.7529811859131,,,,,
,,53499,,21.01445198059082,,,,,,
34,,53499,,,,0.6801500916481018,-5.756045818328857,,,
,,53549,,,168.3518886566162,,,,,
,,53549,,3.357410430908203,,,,,,
34,,53549,,,,0.6800512075424194,-5.766166687011719,,,
,,53599,,,167.55175590515137,,,,,
,,53599,,21.038293838500977,,,,,,
34,,53599,,,,0.6809811592102051,-5.767327785491943,,,
,,53649,,,168.87187957763672,,,,,
,,53649,,3.393411636352539,,,,,,
34,,53649,,,,0.6794446706771851,-5.8165788650512695,,,
,,53699,,,167.43206977844238,,,,,
,,53699,,20.690441131591797,,,,,,
34,,53699,,,,0.6776014566421509,-5.728418827056885,,,
,,53749,,,168.3051586151123,,,,,
,,53749,,3.340482711791992,,,,,,
34,,53749,,,,0.6838797926902771,-5.771243095397949,,,
,,53799,,,166.72468185424805,,,,,
,,53799,,20.624160766601562,,,,,,
34,,53799,,,,0.6827704310417175,-5.782205104827881,,,
,,53849,,,169.11005973815918,,,,,
,,53849,,3.356456756591797,,,,,,
34,,53849,,,,0.6812266111373901,-5.723016262054443,,,
,,53899,,,169.173002243042,,,,,
,,53899,,20.83420753479004,,,,,,
34,,53899,,,,0.6826285719871521,-5.76531457901001,,,
,,53949,,,170.3505516052246,,,,,
,,53949,,3.4027099609375,,,,,,
34,,53949,,,,0.6779231429100037,-5.799301624298096,,,
,,53999,,,167.5581932067871,,,,,
,,53999,,20.960330963134766,,,,,,
34,,53999,,,,0.6771990060806274,-5.744001388549805,,,
,,54049,,,168.17140579223633,,,,,
,,54049,,3.3299922943115234,,,,,,
34,,54049,,,,0.6821864247322083,-5.769882678985596,,,
,,54099,,,169.83675956726074,,,,,
,,54099,,22.494077682495117,,,,,,
34,,54099,,,,0.6791010499000549,-5.770137310028076,,,
,,54149,,,167.86909103393555,,,,,
,,54149,,3.297090530395508,,,,,,
34,,54149,,,,0.6804547309875488,-5.767055511474609,,,
,,54199,,,167.59896278381348,,,,,
,,54199,,20.891666412353516,,,,,,
34,,54199,,,,0.6816628575325012,-5.790049076080322,,,
,,54249,,,169.03066635131836,,,,,
,,54249,,3.3881664276123047,,,,,,
34,,54249,,,,0.6827309727668762,-5.74961519241333,,,
,,54299,,,168.45703125,,,,,
,,54299,,20.894289016723633,,,,,,
34,,54299,,,,0.6795996427536011,-5.869776248931885,,,
,,54349,,,168.37668418884277,,,,,
,,54349,,3.542184829711914,,,,,,
34,,54349,,,,0.6803931593894958,-5.827750205993652,,,
,,54399,,,167.4494743347168,,,,,
,,54399,,20.494461059570312,,,,,,
34,,54399,,,,0.6815481781959534,-5.76447868347168,,,
,,54449,,,169.61026191711426,,,,,
,,54449,,4.815340042114258,,,,,,
34,,54449,,,,0.6825430989265442,-5.796751022338867,,,
,,54499,,,168.29705238342285,,,,,
,,54499,,21.11077308654785,,,,,,
34,,54499,,,,0.6794811487197876,-5.733047962188721,,,
