epoch,step,train/loss,train/max_reward,train/reward,val/max_aug_reward,val/max_reward,val/reward
0,49,-2.740129232406616,-7.350297927856445,-8.638178825378418,,,
0,99,-2.065908908843994,-6.717072486877441,-7.774156093597412,,,
0,149,-1.705979824066162,-6.6265106201171875,-7.576026916503906,,,
0,199,-1.3706378936767578,-6.588072299957275,-7.506473064422607,,,
0,249,-1.2879289388656616,-6.496925354003906,-7.391716957092285,,,
0,299,-1.3752976655960083,-6.380409240722656,-7.289037704467773,,,
0,349,-1.42986261844635,-6.39854621887207,-7.24986457824707,,,
0,399,-1.344807744026184,-6.414324760437012,-7.247153282165527,,,
0,449,-1.0557758808135986,-6.325268745422363,-7.124935626983643,,,
0,499,-1.009207010269165,-6.274572849273682,-7.059161186218262,,,
0,549,-1.0761895179748535,-6.389505386352539,-7.140830993652344,,,
0,599,-1.509770154953003,-6.282902717590332,-7.094811916351318,,,
0,649,-1.2680213451385498,-6.234824180603027,-7.012903213500977,,,
0,699,-1.3066226243972778,-6.372143745422363,-7.107446193695068,,,
0,749,-1.0560435056686401,-6.181770324707031,-6.91908073425293,,,
0,799,-0.9210465550422668,-6.224881649017334,-6.951979637145996,,,
0,849,-0.9532768130302429,-6.172451019287109,-6.8762383460998535,,,
0,899,-0.9335219264030457,-6.178525924682617,-6.904664039611816,,,
0,949,-0.828302264213562,-6.220029830932617,-6.911646366119385,,,
0,999,-0.8158404231071472,-6.149100303649902,-6.846468448638916,,,
0,1049,-0.8332991003990173,-6.177727222442627,-6.855844497680664,,,
0,1099,-0.848016619682312,-6.070908546447754,-6.756845474243164,,,
0,1149,-0.767646849155426,-6.152023792266846,-6.781660079956055,,,
0,1199,-0.7560924887657166,-6.13541316986084,-6.771207809448242,,,
0,1249,-0.6963120698928833,-6.005876541137695,-6.643405437469482,,,
0,1299,-0.7789723873138428,-6.072391510009766,-6.708757400512695,,,
0,1349,-0.7553483247756958,-6.080214500427246,-6.706972122192383,,,
0,1399,-0.7319284677505493,-6.054381370544434,-6.693388938903809,,,
0,1449,-0.6672689914703369,-6.008266448974609,-6.613613605499268,,,
0,1499,-0.7118999361991882,-6.0754876136779785,-6.686667442321777,,,
0,1549,-0.7313745021820068,-6.044858932495117,-6.6545023918151855,,,
0,1599,-0.6524685621261597,-6.09018611907959,-6.678857326507568,,,
0,1649,-0.719655454158783,-6.081241130828857,-6.662012577056885,,,
0,1699,-0.8224310874938965,-5.996100425720215,-6.598058223724365,,,
0,1749,-0.687252402305603,-6.019810676574707,-6.603240966796875,,,
0,1799,-0.6770809888839722,-5.999959945678711,-6.569097518920898,,,
0,1849,-0.6247940063476562,-6.049576282501221,-6.604761600494385,,,
0,1899,-0.682432234287262,-6.012248992919922,-6.589977264404297,,,
0,1949,-0.5236796736717224,-5.968123435974121,-6.530583381652832,,,
0,1999,-0.6206533312797546,-5.952309608459473,-6.51113224029541,,,
0,2049,-0.8368602395057678,-6.023213863372803,-6.587984561920166,,,
0,2099,-0.5850550532341003,-5.960864067077637,-6.49454927444458,,,
0,2149,-0.6422531604766846,-6.001636505126953,-6.541447639465332,,,
0,2199,-0.5393454432487488,-6.036221027374268,-6.584609031677246,,,
0,2249,-0.49108055233955383,-5.999192714691162,-6.543045997619629,,,
0,2299,-0.4678691327571869,-6.0207905769348145,-6.527397155761719,,,
0,2349,-0.5422435998916626,-5.934304237365723,-6.446744918823242,,,
0,2399,-0.42968443036079407,-5.939855575561523,-6.451591491699219,,,
0,2449,-0.3911285400390625,-5.949365139007568,-6.476476669311523,,,
0,2499,-0.3996928334236145,-5.985928058624268,-6.482876300811768,,,
0,2499,,,,-5.799622058868408,-5.944867134094238,-6.379292011260986
1,2549,-0.42359745502471924,-5.967999458312988,-6.482588768005371,,,
1,2599,-0.4139965772628784,-5.944672107696533,-6.431236267089844,,,
1,2649,-0.4408590495586395,-6.006740093231201,-6.50767707824707,,,
1,2699,-0.4477744698524475,-5.936139106750488,-6.436672210693359,,,
1,2749,-0.4119308292865753,-5.947727203369141,-6.445284366607666,,,
1,2799,-0.3812216818332672,-5.965548992156982,-6.443627834320068,,,
1,2849,-0.4255612790584564,-5.97173547744751,-6.450690746307373,,,
1,2899,-0.44554397463798523,-5.870523929595947,-6.404415607452393,,,
1,2949,-0.41402143239974976,-5.944973945617676,-6.438807964324951,,,
1,2999,-0.35015273094177246,-5.978515625,-6.457703590393066,,,
1,3049,-0.5027453303337097,-5.935520172119141,-6.4316582679748535,,,
1,3099,-0.38454240560531616,-5.9551239013671875,-6.429867267608643,,,
1,3149,-0.3691450357437134,-6.0376176834106445,-6.515913009643555,,,
1,3199,-0.6572111248970032,-6.002452373504639,-6.504955768585205,,,
1,3249,-0.4057437777519226,-5.946403503417969,-6.423859119415283,,,
1,3299,-0.3252889811992645,-5.9253830909729,-6.400016784667969,,,
1,3349,-0.3314289152622223,-5.897789001464844,-6.385091304779053,,,
1,3399,-0.3459188640117645,-5.866387844085693,-6.344666481018066,,,
1,3449,-0.3763861656188965,-5.913753032684326,-6.382808685302734,,,
1,3499,-0.3096640408039093,-5.978089332580566,-6.455069541931152,,,
1,3549,-0.324371874332428,-5.8841423988342285,-6.359745979309082,,,
1,3599,-0.31003040075302124,-5.92636775970459,-6.4132537841796875,,,
1,3649,-0.3216099441051483,-6.008248329162598,-6.479159832000732,,,
1,3699,-0.3417383134365082,-5.939513683319092,-6.418990135192871,,,
1,3749,-0.32036739587783813,-5.979757785797119,-6.444169998168945,,,
1,3799,-0.36229804158210754,-5.946600914001465,-6.428385257720947,,,
1,3849,-0.3729763627052307,-5.960935115814209,-6.4139323234558105,,,
1,3899,-0.2509068548679352,-5.847533226013184,-6.296811580657959,,,
1,3949,-0.35815200209617615,-5.907475471496582,-6.367850303649902,,,
1,3999,-0.35446566343307495,-5.9784016609191895,-6.423181056976318,,,
1,4049,-0.32043829560279846,-5.892252445220947,-6.346136569976807,,,
1,4099,-0.3699803352355957,-5.905080795288086,-6.359314918518066,,,
1,4149,-0.3242122530937195,-5.932447910308838,-6.391050815582275,,,
1,4199,-0.30328845977783203,-5.905888080596924,-6.3506388664245605,,,
1,4249,-0.31741905212402344,-5.853148460388184,-6.319702625274658,,,
1,4299,-0.4033595323562622,-5.871210098266602,-6.345236301422119,,,
1,4349,-0.24908293783664703,-5.94033670425415,-6.387362480163574,,,
1,4399,-0.3974998891353607,-5.928817272186279,-6.398673057556152,,,
1,4449,-0.3249973654747009,-5.8431572914123535,-6.296762466430664,,,
1,4499,-0.3044646382331848,-5.89231014251709,-6.330183029174805,,,
1,4549,-0.27764350175857544,-5.875270843505859,-6.314322471618652,,,
1,4599,-0.2813490033149719,-5.848071098327637,-6.305918216705322,,,
1,4649,-0.2963147759437561,-5.9160003662109375,-6.356660842895508,,,
1,4699,-0.25360071659088135,-5.852519989013672,-6.31230354309082,,,
1,4749,-0.26747947931289673,-5.847907066345215,-6.28143310546875,,,
1,4799,-0.32310593128204346,-5.891138076782227,-6.35051965713501,,,
1,4849,-0.23872219026088715,-5.948159217834473,-6.382514476776123,,,
1,4899,-0.2951909005641937,-5.856382369995117,-6.318253040313721,,,
1,4949,-0.2624634802341461,-5.923091888427734,-6.352530002593994,,,
1,4999,-0.2859455943107605,-5.90528678894043,-6.3431854248046875,,,
1,4999,,,,-5.758732318878174,-5.868014812469482,-6.257360458374023
2,5049,-0.43742597103118896,-5.831582069396973,-6.27509880065918,,,
2,5099,-0.28242385387420654,-5.896914482116699,-6.344598770141602,,,
2,5149,-0.30414846539497375,-5.858116149902344,-6.3021159172058105,,,
2,5199,-0.4037189781665802,-5.89988899230957,-6.347140789031982,,,
2,5249,-0.2889692187309265,-5.802751541137695,-6.245707988739014,,,
2,5299,-0.30231809616088867,-5.837235450744629,-6.2856950759887695,,,
2,5349,-0.2743079960346222,-5.848764419555664,-6.281885147094727,,,
2,5399,-0.27552664279937744,-5.871593952178955,-6.317044734954834,,,
2,5449,-0.28611287474632263,-5.849477767944336,-6.286045551300049,,,
2,5499,-0.2764357626438141,-5.8776984214782715,-6.305229187011719,,,
2,5549,-0.28469526767730713,-5.900179862976074,-6.332820892333984,,,
2,5599,-0.2575799226760864,-5.855327606201172,-6.296690464019775,,,
2,5649,-0.2685089707374573,-5.8678669929504395,-6.272644996643066,,,
2,5699,-0.25554192066192627,-5.913681507110596,-6.347679138183594,,,
2,5749,-0.27493128180503845,-5.902135848999023,-6.336945056915283,,,
2,5799,-0.3080909252166748,-5.903354167938232,-6.3254313468933105,,,
2,5849,-0.2726987302303314,-5.853517532348633,-6.3023576736450195,,,
2,5899,-0.22526949644088745,-5.85399055480957,-6.2819504737854,,,
2,5949,-0.32330870628356934,-5.933547496795654,-6.380317211151123,,,
2,5999,-0.2687801122665405,-5.897497177124023,-6.344597816467285,,,
2,6049,-0.2814440429210663,-5.967370986938477,-6.393314838409424,,,
2,6099,-0.20114511251449585,-5.882696151733398,-6.314321041107178,,,
2,6149,-0.24761962890625,-5.935569763183594,-6.360526084899902,,,
2,6199,-0.23712515830993652,-5.8744215965271,-6.314460277557373,,,
2,6249,-0.2309701293706894,-5.835085868835449,-6.258331298828125,,,
2,6299,-0.31583884358406067,-5.841058731079102,-6.265723705291748,,,
2,6349,-0.27763891220092773,-5.865298271179199,-6.2923583984375,,,
2,6399,-0.2588321268558502,-5.903929710388184,-6.312266826629639,,,
2,6449,-0.24173124134540558,-5.904948711395264,-6.3167009353637695,,,
2,6499,-0.2294730693101883,-5.9738969802856445,-6.393992900848389,,,
2,6549,-0.30696144700050354,-5.914612770080566,-6.339146137237549,,,
2,6599,-0.28534066677093506,-5.892498016357422,-6.323848247528076,,,
2,6649,-0.24406270682811737,-5.864806175231934,-6.305019855499268,,,
2,6699,-0.2359747588634491,-5.875886917114258,-6.297821044921875,,,
2,6749,-0.21888190507888794,-5.900440216064453,-6.316186428070068,,,
2,6799,-0.24185122549533844,-5.916906356811523,-6.342557430267334,,,
2,6849,-0.27022525668144226,-5.866434574127197,-6.291316986083984,,,
2,6899,-0.27568209171295166,-5.923851013183594,-6.342315673828125,,,
2,6949,-0.22651229798793793,-5.853865623474121,-6.274006366729736,,,
2,6999,-0.2739633619785309,-5.854358196258545,-6.2719316482543945,,,
2,7049,-0.22642657160758972,-5.922931671142578,-6.3431925773620605,,,
2,7099,-0.22230955958366394,-5.853131294250488,-6.271790504455566,,,
2,7149,-0.2043934166431427,-5.8309855461120605,-6.23714542388916,,,
2,7199,-0.26403874158859253,-5.849845886230469,-6.266849040985107,,,
2,7249,-0.2650867700576782,-5.886527061462402,-6.316027641296387,,,
2,7299,-0.29974785447120667,-5.811283588409424,-6.239842891693115,,,
2,7349,-0.2570898234844208,-5.824933052062988,-6.240679740905762,,,
2,7399,-0.2304588109254837,-5.822827339172363,-6.263487815856934,,,
2,7449,-0.2173415571451187,-5.880232810974121,-6.282753944396973,,,
2,7499,-0.25005972385406494,-5.839552879333496,-6.267175674438477,,,
2,7499,,,,-5.741039276123047,-5.8397674560546875,-6.214664459228516
3,7549,-0.26265934109687805,-5.799064636230469,-6.2338433265686035,,,
3,7599,-0.2218158096075058,-5.872215270996094,-6.275986194610596,,,
3,7649,-0.2684289515018463,-5.825390815734863,-6.260679244995117,,,
3,7699,-0.21460038423538208,-5.8170061111450195,-6.215221881866455,,,
3,7749,-0.27048632502555847,-5.861688613891602,-6.289798259735107,,,
3,7799,-0.22595864534378052,-5.876590251922607,-6.2984209060668945,,,
3,7849,-0.24039793014526367,-5.7811174392700195,-6.1913323402404785,,,
3,7899,-0.20294158160686493,-5.827425003051758,-6.235749244689941,,,
3,7949,-0.20389865338802338,-5.8500261306762695,-6.248922824859619,,,
3,7999,-0.21845422685146332,-5.862390518188477,-6.24933385848999,,,
3,8049,-0.22808827459812164,-5.857300758361816,-6.255393981933594,,,
3,8099,-0.21079662442207336,-5.799551010131836,-6.235922813415527,,,
3,8149,-0.23476175963878632,-5.870968818664551,-6.307926654815674,,,
3,8199,-0.21803264319896698,-5.925046920776367,-6.326000690460205,,,
3,8249,-0.21559348702430725,-5.846517562866211,-6.270168304443359,,,
3,8299,-0.20622657239437103,-5.807822227478027,-6.222682952880859,,,
3,8349,-0.2595996856689453,-5.886946678161621,-6.284332275390625,,,
3,8399,-0.23944425582885742,-5.8347015380859375,-6.2459282875061035,,,
3,8449,-0.1883857548236847,-5.8558783531188965,-6.260158061981201,,,
3,8499,-0.2213006168603897,-5.896204948425293,-6.309301853179932,,,
3,8549,-0.28276175260543823,-5.861291885375977,-6.259907245635986,,,
3,8599,-0.19791944324970245,-5.8738813400268555,-6.2690911293029785,,,
3,8649,-0.2234082818031311,-5.830859184265137,-6.238027095794678,,,
3,8699,-0.23535463213920593,-5.862758636474609,-6.285571575164795,,,
3,8749,-0.18063847720623016,-5.838807582855225,-6.24124813079834,,,
3,8799,-0.21806897222995758,-5.8875346183776855,-6.290271282196045,,,
3,8849,-0.22553886473178864,-5.88138484954834,-6.295610427856445,,,
3,8899,-0.2171306610107422,-5.801255226135254,-6.205058574676514,,,
3,8949,-0.21145503222942352,-5.891385555267334,-6.289426803588867,,,
3,8999,-0.2025504857301712,-5.777613162994385,-6.171907424926758,,,
3,9049,-0.2297244518995285,-5.810978889465332,-6.212459564208984,,,
3,9099,-0.23079116642475128,-5.90009880065918,-6.286977291107178,,,
3,9149,-0.22047632932662964,-5.800845623016357,-6.192755699157715,,,
3,9199,-0.20956216752529144,-5.839914321899414,-6.254040241241455,,,
3,9249,-0.236130028963089,-5.800917625427246,-6.215117454528809,,,
3,9299,-0.20705606043338776,-5.798362731933594,-6.197432518005371,,,
3,9349,-0.23809771239757538,-5.789120674133301,-6.20707368850708,,,
3,9399,-0.211505725979805,-5.819507122039795,-6.2302775382995605,,,
3,9449,-0.2920258939266205,-5.928680419921875,-6.313442707061768,,,
3,9499,-0.21141761541366577,-5.8629841804504395,-6.253393650054932,,,
3,9549,-0.2515513300895691,-5.816530227661133,-6.207160472869873,,,
3,9599,-0.23033271729946136,-5.856695175170898,-6.262170791625977,,,
3,9649,-0.25422441959381104,-5.830460071563721,-6.235934257507324,,,
3,9699,-0.183496356010437,-5.847099304199219,-6.2286834716796875,,,
3,9749,-0.21998122334480286,-5.843936920166016,-6.242063999176025,,,
3,9799,-0.25066453218460083,-5.774571418762207,-6.16357946395874,,,
3,9849,-0.19673313200473785,-5.87818717956543,-6.27770471572876,,,
3,9899,-0.20628756284713745,-5.85422420501709,-6.265631675720215,,,
3,9949,-0.19157184660434723,-5.812444686889648,-6.20878267288208,,,
3,9999,-0.263064444065094,-5.845436096191406,-6.259823322296143,,,
3,9999,,,,-5.733201026916504,-5.820395469665527,-6.170986175537109
4,10049,-0.24520529806613922,-5.83951473236084,-6.222664833068848,,,
4,10099,-0.17676468193531036,-5.879970550537109,-6.274711608886719,,,
4,10149,-0.20929324626922607,-5.873923301696777,-6.245455265045166,,,
4,10199,-0.22351187467575073,-5.8543548583984375,-6.243432998657227,,,
4,10249,-0.2671556770801544,-5.7741804122924805,-6.184836387634277,,,
4,10299,-0.18941588699817657,-5.792295932769775,-6.186108112335205,,,
4,10349,-0.23908685147762299,-5.861510276794434,-6.243142127990723,,,
4,10399,-0.2171729952096939,-5.794516086578369,-6.184028625488281,,,
4,10449,-0.24649779498577118,-5.885001182556152,-6.266717433929443,,,
4,10499,-0.2428770810365677,-5.825405120849609,-6.22675085067749,,,
4,10549,-0.22434112429618835,-5.846711158752441,-6.261877536773682,,,
4,10599,-0.1609123945236206,-5.836197853088379,-6.232276916503906,,,
4,10649,-0.2573276460170746,-5.833672046661377,-6.218539714813232,,,
4,10699,-0.18149520456790924,-5.787013053894043,-6.174937725067139,,,
4,10749,-0.2214685082435608,-5.773551940917969,-6.1514787673950195,,,
4,10799,-0.24731555581092834,-5.828596591949463,-6.213265419006348,,,
4,10849,-0.22848567366600037,-5.8298797607421875,-6.225316047668457,,,
4,10899,-0.22947005927562714,-5.862464904785156,-6.255699157714844,,,
4,10949,-0.25342968106269836,-5.7669878005981445,-6.161676406860352,,,
4,10999,-0.19027812778949738,-5.8686747550964355,-6.245251178741455,,,
4,11049,-0.22366443276405334,-5.805952072143555,-6.172296047210693,,,
4,11099,-0.2610366642475128,-5.827367782592773,-6.238079071044922,,,
4,11149,-0.2224726378917694,-5.813991546630859,-6.185032844543457,,,
4,11199,-0.2588754892349243,-5.84521484375,-6.2185211181640625,,,
4,11249,-0.20083659887313843,-5.8346147537231445,-6.208539962768555,,,
4,11299,-0.21222785115242004,-5.809791564941406,-6.202712059020996,,,
4,11349,-0.16279777884483337,-5.820064067840576,-6.1982316970825195,,,
4,11399,-0.18915465474128723,-5.792142391204834,-6.176436424255371,,,
4,11449,-0.2071884274482727,-5.762184143066406,-6.152458190917969,,,
4,11499,-0.2422451376914978,-5.829163551330566,-6.230784893035889,,,
4,11549,-0.19772948324680328,-5.8119940757751465,-6.199535369873047,,,
4,11599,-0.19210846722126007,-5.8227105140686035,-6.194221019744873,,,
4,11649,-0.23437106609344482,-5.775174140930176,-6.144360065460205,,,
4,11699,-0.2525148093700409,-5.833307266235352,-6.219491958618164,,,
4,11749,-0.18891677260398865,-5.818537712097168,-6.177438735961914,,,
4,11799,-0.23969872295856476,-5.79503870010376,-6.160597801208496,,,
4,11849,-0.2633155584335327,-5.829195976257324,-6.216990947723389,,,
4,11899,-0.18349051475524902,-5.841272354125977,-6.206532955169678,,,
4,11949,-0.2402973473072052,-5.791897773742676,-6.176419734954834,,,
4,11999,-0.21748557686805725,-5.833265781402588,-6.20128870010376,,,
4,12049,-0.20079046487808228,-5.817667484283447,-6.187776565551758,,,
4,12099,-0.23301318287849426,-5.814407825469971,-6.200141429901123,,,
4,12149,-0.18940475583076477,-5.775075435638428,-6.1504364013671875,,,
4,12199,-0.22586148977279663,-5.832292556762695,-6.202584743499756,,,
4,12249,-0.22338689863681793,-5.8095598220825195,-6.172688961029053,,,
4,12299,-0.22430112957954407,-5.835915565490723,-6.221277713775635,,,
4,12349,-0.2264862358570099,-5.820500373840332,-6.191678524017334,,,
4,12399,-0.28837981820106506,-5.784036636352539,-6.178181171417236,,,
4,12449,-0.2636178433895111,-5.826747894287109,-6.192413330078125,,,
4,12499,-0.30708223581314087,-5.864638805389404,-6.239351272583008,,,
4,12499,,,,-5.725611686706543,-5.81006383895874,-6.126009941101074
5,12549,-0.2342534214258194,-5.815054893493652,-6.178989887237549,,,
5,12599,-0.23230323195457458,-5.870661735534668,-6.225887298583984,,,
5,12649,-0.22377853095531464,-5.889357566833496,-6.241174221038818,,,
5,12699,-0.354939728975296,-5.843474388122559,-6.192387580871582,,,
5,12749,-0.2113429605960846,-5.859753131866455,-6.219491004943848,,,
5,12799,-0.23614798486232758,-5.757370948791504,-6.110601902008057,,,
5,12849,-0.2754911780357361,-5.846485137939453,-6.184027194976807,,,
5,12899,-0.25598952174186707,-5.766777992248535,-6.104233264923096,,,
5,12949,-0.2831689715385437,-5.917912483215332,-6.276584148406982,,,
5,12999,-0.2409798949956894,-5.827516555786133,-6.165811538696289,,,
5,13049,-0.23047107458114624,-5.834104537963867,-6.190571308135986,,,
5,13099,-0.20204263925552368,-5.794528961181641,-6.132978439331055,,,
5,13149,-0.2779625356197357,-5.870648384094238,-6.215082168579102,,,
5,13199,-0.23931926488876343,-5.837014675140381,-6.194815635681152,,,
5,13249,-0.23870033025741577,-5.787747383117676,-6.13672399520874,,,
5,13299,-0.24152064323425293,-5.846179962158203,-6.170890808105469,,,
5,13349,-0.22178584337234497,-5.832136631011963,-6.178674221038818,,,
5,13399,-0.2687356472015381,-5.854897499084473,-6.19886589050293,,,
5,13449,-0.27067068219184875,-5.835454940795898,-6.193400859832764,,,
5,13499,-0.2432485967874527,-5.81163215637207,-6.165329456329346,,,
5,13549,-0.27536821365356445,-5.80332088470459,-6.161077976226807,,,
5,13599,-0.20308375358581543,-5.781426906585693,-6.115922927856445,,,
5,13649,-0.2436085194349289,-5.853877067565918,-6.185357570648193,,,
5,13699,-0.22757132351398468,-5.812405586242676,-6.153299331665039,,,
5,13749,-0.24916596710681915,-5.844097137451172,-6.1652069091796875,,,
5,13799,-0.2513883113861084,-5.801709175109863,-6.12483024597168,,,
5,13849,-0.2920900285243988,-5.78248405456543,-6.115449905395508,,,
5,13899,-0.3107902705669403,-5.849427700042725,-6.202221393585205,,,
5,13949,-0.1913323998451233,-5.827712535858154,-6.148141860961914,,,
5,13999,-0.2115992158651352,-5.802581787109375,-6.120296478271484,,,
5,14049,-0.2357514202594757,-5.7790446281433105,-6.102397918701172,,,
5,14099,-0.23587454855442047,-5.785335063934326,-6.102106094360352,,,
5,14149,-0.2503926157951355,-5.8374481201171875,-6.163205623626709,,,
5,14199,-0.1983570009469986,-5.875258445739746,-6.193211078643799,,,
5,14249,-0.23605990409851074,-5.787960052490234,-6.120945930480957,,,
5,14299,-0.2170485258102417,-5.8104352951049805,-6.134413719177246,,,
5,14349,-0.2579670548439026,-5.767402172088623,-6.108948707580566,,,
5,14399,-0.21173444390296936,-5.788361549377441,-6.119241714477539,,,
5,14449,-0.22846119105815887,-5.85508918762207,-6.162308216094971,,,
5,14499,-0.2018926739692688,-5.736537933349609,-6.058230876922607,,,
5,14549,-0.22914603352546692,-5.795402526855469,-6.143162727355957,,,
5,14599,-0.31623682379722595,-5.852443695068359,-6.16698694229126,,,
5,14649,-0.25430095195770264,-5.774055480957031,-6.093142986297607,,,
5,14699,-0.25146597623825073,-5.79443883895874,-6.104022026062012,,,
5,14749,-0.26015540957450867,-5.756888389587402,-6.071990966796875,,,
5,14799,-0.260414183139801,-5.746553421020508,-6.064908504486084,,,
5,14849,-0.25342899560928345,-5.828517913818359,-6.1353631019592285,,,
5,14899,-0.2201554775238037,-5.837451934814453,-6.157841682434082,,,
5,14949,-0.2550421953201294,-5.850926399230957,-6.164836883544922,,,
5,14999,-0.22717295587062836,-5.780243873596191,-6.086125373840332,,,
5,14999,,,,-5.723033428192139,-5.800515174865723,-6.07219123840332
6,15049,-0.2373609095811844,-5.7744340896606445,-6.070120811462402,,,
6,15099,-0.256257027387619,-5.750024795532227,-6.055643081665039,,,
6,15149,-0.19072166085243225,-5.793659210205078,-6.07824182510376,,,
6,15199,-0.2506788969039917,-5.874581813812256,-6.1638641357421875,,,
6,15249,-0.1699487417936325,-5.795969009399414,-6.117220401763916,,,
6,15299,-0.2590416967868805,-5.772357940673828,-6.089366912841797,,,
6,15349,-0.22031842172145844,-5.81110954284668,-6.123086929321289,,,
6,15399,-0.2488383799791336,-5.8117499351501465,-6.128132343292236,,,
6,15449,-0.2189907729625702,-5.7574462890625,-6.05159330368042,,,
6,15499,-0.21715235710144043,-5.819754123687744,-6.10985803604126,,,
6,15549,-0.1868268996477127,-5.783566474914551,-6.081367015838623,,,
6,15599,-0.25990989804267883,-5.846761226654053,-6.165286064147949,,,
6,15649,-0.2763558626174927,-5.808249473571777,-6.114941120147705,,,
6,15699,-0.2276248186826706,-5.772233963012695,-6.068148136138916,,,
6,15749,-0.2579552233219147,-5.8291778564453125,-6.122506141662598,,,
6,15799,-0.28633472323417664,-5.839032173156738,-6.146656513214111,,,
6,15849,-0.24288791418075562,-5.815185546875,-6.093936443328857,,,
6,15899,-0.2844772934913635,-5.797729969024658,-6.070127964019775,,,
6,15949,-0.28158023953437805,-5.881516933441162,-6.152152061462402,,,
6,15999,-0.27311497926712036,-5.837298393249512,-6.094408988952637,,,
6,16049,-0.24870207905769348,-5.846128940582275,-6.099996089935303,,,
6,16099,-0.24446284770965576,-5.811717987060547,-6.093455791473389,,,
6,16149,-0.22385676205158234,-5.77489709854126,-6.018426418304443,,,
6,16199,-0.2488545924425125,-5.867879867553711,-6.109575271606445,,,
6,16249,-0.21191415190696716,-5.819645881652832,-6.059027671813965,,,
6,16299,-0.3154488801956177,-5.792656898498535,-6.072663307189941,,,
6,16349,-0.24143297970294952,-5.807572364807129,-6.07402229309082,,,
6,16399,-0.2781391441822052,-5.800960540771484,-6.049854755401611,,,
6,16449,-0.2683661878108978,-5.811753273010254,-6.08302116394043,,,
6,16499,-0.29134345054626465,-5.774938106536865,-6.024824142456055,,,
6,16549,-0.28763139247894287,-5.871197700500488,-6.115848064422607,,,
6,16599,-0.2365882843732834,-5.827258586883545,-6.089715957641602,,,
6,16649,-0.288933128118515,-5.783945083618164,-6.0167083740234375,,,
6,16699,-0.2959448993206024,-5.794554710388184,-6.038796901702881,,,
6,16749,-0.27744928002357483,-5.826337814331055,-6.0857672691345215,,,
6,16799,-0.21122455596923828,-5.844733715057373,-6.103002071380615,,,
6,16849,-0.205485001206398,-5.796996593475342,-6.032272815704346,,,
6,16899,-0.26236626505851746,-5.775218963623047,-6.022977352142334,,,
6,16949,-0.27527520060539246,-5.823098182678223,-6.075973987579346,,,
6,16999,-0.2683560848236084,-5.754298210144043,-5.987764835357666,,,
6,17049,-0.25975245237350464,-5.783632755279541,-6.004752159118652,,,
6,17099,-0.24277080595493317,-5.87425422668457,-6.110044956207275,,,
6,17149,-0.2460682988166809,-5.779480934143066,-6.012592792510986,,,
6,17199,-0.22730034589767456,-5.742170333862305,-5.963891983032227,,,
6,17249,-0.2502891719341278,-5.759282112121582,-5.991322994232178,,,
6,17299,-0.28481584787368774,-5.750009059906006,-5.980127811431885,,,
6,17349,-0.26712554693222046,-5.762326717376709,-5.999344348907471,,,
6,17399,-0.26018062233924866,-5.7952880859375,-6.031783103942871,,,
6,17449,-0.21710525453090668,-5.75749397277832,-5.977457046508789,,,
6,17499,-0.22405287623405457,-5.738455295562744,-5.955172061920166,,,
6,17499,,,,-5.7207560539245605,-5.783495903015137,-5.9715142250061035
7,17549,-0.22211439907550812,-5.805200576782227,-6.0404510498046875,,,
7,17599,-0.3131244480609894,-5.768373489379883,-6.010018348693848,,,
7,17649,-0.2578086853027344,-5.8058624267578125,-6.041504859924316,,,
7,17699,-0.24832548201084137,-5.72791862487793,-5.948800563812256,,,
7,17749,-0.2158782184123993,-5.797927379608154,-6.041257381439209,,,
7,17799,-0.23835544288158417,-5.806585788726807,-6.028361797332764,,,
7,17849,-0.2187005877494812,-5.790534973144531,-6.014200687408447,,,
7,17899,-0.25234875082969666,-5.845650672912598,-6.072501182556152,,,
7,17949,-0.22409823536872864,-5.817599296569824,-6.03343391418457,,,
7,17999,-0.25445112586021423,-5.73819637298584,-5.960774898529053,,,
7,18049,-0.22930637001991272,-5.794590950012207,-6.02102518081665,,,
7,18099,-0.2300325483083725,-5.7883100509643555,-6.009511470794678,,,
7,18149,-0.19280599057674408,-5.7547783851623535,-5.964869976043701,,,
7,18199,-0.24268923699855804,-5.740145206451416,-5.9815216064453125,,,
7,18249,-0.23734982311725616,-5.709371566772461,-5.934932708740234,,,
7,18299,-0.23194225132465363,-5.804831027984619,-6.028599739074707,,,
7,18349,-0.19605468213558197,-5.75341796875,-5.966095924377441,,,
7,18399,-0.2137003242969513,-5.778120517730713,-5.998170852661133,,,
7,18449,-0.2193286120891571,-5.761964797973633,-5.988293170928955,,,
7,18499,-0.27844148874282837,-5.735833168029785,-5.952873229980469,,,
7,18549,-0.24605239927768707,-5.703273773193359,-5.950057029724121,,,
7,18599,-0.24590133130550385,-5.769203186035156,-6.001731872558594,,,
7,18649,-0.20034582912921906,-5.788727283477783,-6.002308368682861,,,
7,18699,-0.22092051804065704,-5.7911272048950195,-6.000158786773682,,,
7,18749,-0.20473816990852356,-5.790699005126953,-6.005626678466797,,,
7,18799,-0.2559414505958557,-5.807794570922852,-6.028179168701172,,,
7,18849,-0.24123652279376984,-5.790503978729248,-6.017664432525635,,,
7,18899,-0.246394082903862,-5.695511817932129,-5.917526721954346,,,
7,18949,-0.2137252390384674,-5.758347511291504,-5.984007358551025,,,
7,18999,-0.2478851079940796,-5.786059379577637,-6.000116348266602,,,
7,19049,-0.21965430676937103,-5.750136852264404,-5.977380752563477,,,
7,19099,-0.20550815761089325,-5.793760299682617,-6.005546569824219,,,
7,19149,-0.1726687252521515,-5.7673797607421875,-5.987362384796143,,,
7,19199,-0.16763953864574432,-5.728135108947754,-5.937325954437256,,,
7,19249,-0.25203514099121094,-5.793990612030029,-6.016618728637695,,,
7,19299,-0.19731129705905914,-5.742887020111084,-5.954272270202637,,,
7,19349,-0.19575120508670807,-5.815425395965576,-6.0234808921813965,,,
7,19399,-0.22140197455883026,-5.787088394165039,-6.008220195770264,,,
7,19449,-0.20210662484169006,-5.750486373901367,-5.95547342300415,,,
7,19499,-0.21613772213459015,-5.76833438873291,-5.984249114990234,,,
7,19549,-0.2333177924156189,-5.8518967628479,-6.061027526855469,,,
7,19599,-0.1762012094259262,-5.7668352127075195,-5.983949661254883,,,
7,19649,-0.2414226233959198,-5.800021171569824,-6.013473987579346,,,
7,19699,-0.21661120653152466,-5.7939910888671875,-5.999175071716309,,,
7,19749,-0.22021394968032837,-5.739107131958008,-5.946645259857178,,,
7,19799,-0.23570409417152405,-5.79971981048584,-6.0094170570373535,,,
7,19849,-0.2076667994260788,-5.822539329528809,-6.026122093200684,,,
7,19899,-0.2064639776945114,-5.777569770812988,-5.985522270202637,,,
7,19949,-0.19894011318683624,-5.839312553405762,-6.055798053741455,,,
7,19999,-0.2043326199054718,-5.733242988586426,-5.941147327423096,,,
7,19999,,,,-5.717337131500244,-5.774104118347168,-5.939856052398682
8,20049,-0.16883815824985504,-5.83808708190918,-6.042206764221191,,,
8,20099,-0.253692626953125,-5.779008388519287,-5.986513614654541,,,
8,20149,-0.217424675822258,-5.706381797790527,-5.910505294799805,,,
8,20199,-0.21063368022441864,-5.784163475036621,-6.0058274269104,,,
8,20249,-0.20381003618240356,-5.757105827331543,-5.958674907684326,,,
8,20299,-0.19864170253276825,-5.759249210357666,-5.951986789703369,,,
8,20349,-0.1801273673772812,-5.704936981201172,-5.892702579498291,,,
8,20399,-0.24846693873405457,-5.789609909057617,-5.996102809906006,,,
8,20449,-0.1833408623933792,-5.785148620605469,-5.979263782501221,,,
8,20499,-0.25077614188194275,-5.782761573791504,-6.008701801300049,,,
8,20549,-0.1935158520936966,-5.673439025878906,-5.873189449310303,,,
8,20599,-0.21213868260383606,-5.756218910217285,-5.959092140197754,,,
8,20649,-0.18807151913642883,-5.751821517944336,-5.960011005401611,,,
8,20699,-0.20172320306301117,-5.743322849273682,-5.951480388641357,,,
8,20749,-0.20389652252197266,-5.7492170333862305,-5.951478004455566,,,
8,20799,-0.22358213365077972,-5.851332664489746,-6.078336715698242,,,
8,20849,-0.16083741188049316,-5.703505516052246,-5.896170616149902,,,
8,20899,-0.20835979282855988,-5.763496398925781,-5.950462341308594,,,
8,20949,-0.17683099210262299,-5.734896659851074,-5.922658443450928,,,
8,20999,-0.19455334544181824,-5.764745712280273,-5.956584453582764,,,
8,21049,-0.25422143936157227,-5.786431789398193,-5.98771333694458,,,
8,21099,-0.2123749554157257,-5.789729595184326,-5.992595672607422,,,
8,21149,-0.21818026900291443,-5.797974586486816,-5.998989105224609,,,
8,21199,-0.1664397418498993,-5.688055992126465,-5.882632732391357,,,
8,21249,-0.19110511243343353,-5.721484661102295,-5.913370132446289,,,
8,21299,-0.18907161056995392,-5.743900299072266,-5.934969425201416,,,
8,21349,-0.26575353741645813,-5.77502965927124,-5.978529453277588,,,
8,21399,-0.15774574875831604,-5.728490352630615,-5.930972099304199,,,
8,21449,-0.2399226725101471,-5.813207626342773,-6.020987033843994,,,
8,21499,-0.18353866040706635,-5.764141082763672,-5.965476036071777,,,
8,21549,-0.18673892319202423,-5.6937150955200195,-5.893666744232178,,,
8,21599,-0.1565534770488739,-5.74381160736084,-5.922701835632324,,,
8,21649,-0.20277683436870575,-5.780035018920898,-5.986047267913818,,,
8,21699,-0.20145122706890106,-5.7465596199035645,-5.936761379241943,,,
8,21749,-0.21660424768924713,-5.7546305656433105,-5.950235366821289,,,
8,21799,-0.17789599299430847,-5.76555871963501,-5.960648059844971,,,
8,21849,-0.18992148339748383,-5.740805625915527,-5.925638198852539,,,
8,21899,-0.2096766233444214,-5.690649032592773,-5.87622594833374,,,
8,21949,-0.18979237973690033,-5.7706217765808105,-5.96569299697876,,,
8,21999,-0.2320321649312973,-5.774070739746094,-5.970376014709473,,,
8,22049,-0.1664399653673172,-5.766363143920898,-5.9647216796875,,,
8,22099,-0.20868805050849915,-5.761831760406494,-5.955106258392334,,,
8,22149,-0.16588367521762848,-5.819761276245117,-6.007498741149902,,,
8,22199,-0.17241054773330688,-5.728173732757568,-5.939948558807373,,,
8,22249,-0.18745730817317963,-5.778354167938232,-5.968636512756348,,,
8,22299,-0.2793408930301666,-5.802896499633789,-6.006131649017334,,,
8,22349,-0.1767129898071289,-5.729695796966553,-5.915440559387207,,,
8,22399,-0.2010454535484314,-5.719142436981201,-5.9093146324157715,,,
8,22449,-0.17680300772190094,-5.714683532714844,-5.901430130004883,,,
8,22499,-0.2097538560628891,-5.755581855773926,-5.940313816070557,,,
8,22499,,,,-5.717606067657471,-5.768242359161377,-5.920130252838135
9,22549,-0.17992497980594635,-5.784158706665039,-5.965616226196289,,,
9,22599,-0.14572922885417938,-5.7674560546875,-5.951710224151611,,,
9,22649,-0.17461776733398438,-5.790260314941406,-5.983705997467041,,,
9,22699,-0.15091168880462646,-5.708621025085449,-5.878259658813477,,,
9,22749,-0.2220316231250763,-5.777697563171387,-5.971320629119873,,,
9,22799,-0.20810237526893616,-5.8391523361206055,-6.019091606140137,,,
9,22849,-0.16299554705619812,-5.752229690551758,-5.921860218048096,,,
9,22899,-0.16641439497470856,-5.770214557647705,-5.961907386779785,,,
9,22949,-0.1818447858095169,-5.762991905212402,-5.952262878417969,,,
9,22999,-0.1483706831932068,-5.76515531539917,-5.951844215393066,,,
9,23049,-0.21945342421531677,-5.760184288024902,-5.956018447875977,,,
9,23099,-0.19914142787456512,-5.7600226402282715,-5.954029560089111,,,
9,23149,-0.210535928606987,-5.744845390319824,-5.929080486297607,,,
9,23199,-0.19849593937397003,-5.779449462890625,-5.965715408325195,,,
9,23249,-0.16475971043109894,-5.744001388549805,-5.943167209625244,,,
9,23299,-0.13994187116622925,-5.783987522125244,-5.950923442840576,,,
9,23349,-0.1876979023218155,-5.826746940612793,-6.009443283081055,,,
9,23399,-0.21704667806625366,-5.795131683349609,-5.98928689956665,,,
9,23449,-0.14346326887607574,-5.739829063415527,-5.9264655113220215,,,
9,23499,-0.17053836584091187,-5.787569999694824,-5.96183443069458,,,
9,23549,-0.1570117175579071,-5.805600166320801,-5.989387035369873,,,
9,23599,-0.16149279475212097,-5.709563255310059,-5.885889530181885,,,
9,23649,-0.17029979825019836,-5.77958869934082,-5.960054397583008,,,
9,23699,-0.1757354885339737,-5.780233383178711,-5.960052967071533,,,
9,23749,-0.15968741476535797,-5.687884330749512,-5.874186038970947,,,
9,23799,-0.18942351639270782,-5.714138031005859,-5.9135613441467285,,,
9,23849,-0.15765415132045746,-5.8172454833984375,-5.999833106994629,,,
9,23899,-0.16010570526123047,-5.764388084411621,-5.950953006744385,,,
9,23949,-0.15082699060440063,-5.750205993652344,-5.929722785949707,,,
9,23999,-0.18064261972904205,-5.742645263671875,-5.942732334136963,,,
9,24049,-0.19764220714569092,-5.780184745788574,-5.975137710571289,,,
9,24099,-0.1572699099779129,-5.769636631011963,-5.950962543487549,,,
9,24149,-0.13892041146755219,-5.802857398986816,-5.975627422332764,,,
9,24199,-0.1635962575674057,-5.684206485748291,-5.8599700927734375,,,
9,24249,-0.17537860572338104,-5.8143510818481445,-5.990455150604248,,,
9,24299,-0.1801740676164627,-5.752755165100098,-5.9305548667907715,,,
9,24349,-0.15899020433425903,-5.688329219818115,-5.861092567443848,,,
9,24399,-0.16555847227573395,-5.795072555541992,-5.969758033752441,,,
9,24449,-0.1692366749048233,-5.736894130706787,-5.919497966766357,,,
9,24499,-0.13786713778972626,-5.772861003875732,-5.946596145629883,,,
9,24549,-0.2057761698961258,-5.794289588928223,-5.986961364746094,,,
9,24599,-0.18319262564182281,-5.800843715667725,-5.992006778717041,,,
9,24649,-0.1583956778049469,-5.788908958435059,-5.962634086608887,,,
9,24699,-0.15251176059246063,-5.782227516174316,-5.972061634063721,,,
9,24749,-0.1789398491382599,-5.748830318450928,-5.936157703399658,,,
9,24799,-0.18020309507846832,-5.745401382446289,-5.933949947357178,,,
9,24849,-0.15270498394966125,-5.744771480560303,-5.9150071144104,,,
9,24899,-0.15702202916145325,-5.727602958679199,-5.902806282043457,,,
9,24949,-0.16375549137592316,-5.809479713439941,-5.986849308013916,,,
9,24999,-0.14020946621894836,-5.836597919464111,-6.024360179901123,,,
9,24999,,,,-5.714236736297607,-5.758265018463135,-5.901762962341309
10,25049,-0.17503221333026886,-5.772876739501953,-5.939662456512451,,,
10,25099,-0.1688990741968155,-5.737939834594727,-5.90952205657959,,,
10,25149,-0.14838160574436188,-5.819394588470459,-5.999477386474609,,,
10,25199,-0.18159683048725128,-5.7621660232543945,-5.946612358093262,,,
10,25249,-0.1451312005519867,-5.780570030212402,-5.949938774108887,,,
10,25299,-0.1663481742143631,-5.749034404754639,-5.933513164520264,,,
10,25349,-0.18479061126708984,-5.777738571166992,-5.9577860832214355,,,
10,25399,-0.1591363251209259,-5.752527236938477,-5.919848918914795,,,
10,25449,-0.14488331973552704,-5.697860240936279,-5.868255615234375,,,
10,25499,-0.1506836861371994,-5.741838455200195,-5.91450309753418,,,
10,25549,-0.18230682611465454,-5.789822101593018,-5.968232154846191,,,
10,25599,-0.14525549113750458,-5.7302398681640625,-5.903473377227783,,,
10,25649,-0.14785002171993256,-5.790552139282227,-5.961399555206299,,,
10,25699,-0.12807317078113556,-5.754382610321045,-5.935859203338623,,,
10,25749,-0.1410387009382248,-5.716013431549072,-5.882753849029541,,,
10,25799,-0.1666112095117569,-5.78811502456665,-5.961849212646484,,,
10,25849,-0.18760007619857788,-5.795085906982422,-5.96704626083374,,,
10,25899,-0.1397680640220642,-5.714200019836426,-5.891909122467041,,,
10,25949,-0.15644270181655884,-5.75800895690918,-5.93339729309082,,,
10,25999,-0.19200728833675385,-5.7315826416015625,-5.901033878326416,,,
10,26049,-0.14674930274486542,-5.80246639251709,-5.976543426513672,,,
10,26099,-0.16749724745750427,-5.769354343414307,-5.943400859832764,,,
10,26149,-0.16294914484024048,-5.689821243286133,-5.846316814422607,,,
10,26199,-0.14822112023830414,-5.797774791717529,-5.963954448699951,,,
10,26249,-0.18347914516925812,-5.778086185455322,-5.962526798248291,,,
10,26299,-0.17681141197681427,-5.810446739196777,-5.996000289916992,,,
10,26349,-0.181497722864151,-5.766225814819336,-5.930674076080322,,,
10,26399,-0.1900944858789444,-5.7322869300842285,-5.9163031578063965,,,
10,26449,-0.16446453332901,-5.736084938049316,-5.921119213104248,,,
10,26499,-0.1848369538784027,-5.775792121887207,-5.938432693481445,,,
10,26549,-0.14447936415672302,-5.814390182495117,-5.981992244720459,,,
10,26599,-0.15477830171585083,-5.734582901000977,-5.897895336151123,,,
10,26649,-0.1588646024465561,-5.749396324157715,-5.911147117614746,,,
10,26699,-0.1546231359243393,-5.775824546813965,-5.942234516143799,,,
10,26749,-0.12395120412111282,-5.775595664978027,-5.948514938354492,,,
10,26799,-0.14827972650527954,-5.767865180969238,-5.947874546051025,,,
10,26849,-0.1826554834842682,-5.815609931945801,-5.979459285736084,,,
10,26899,-0.18296755850315094,-5.788173675537109,-5.963588714599609,,,
10,26949,-0.14630065858364105,-5.779086112976074,-5.943287372589111,,,
10,26999,-0.13341179490089417,-5.796954154968262,-5.967871189117432,,,
10,27049,-0.199681356549263,-5.738002300262451,-5.902585983276367,,,
10,27099,-0.17392180860042572,-5.805320739746094,-5.974101543426514,,,
10,27149,-0.13805341720581055,-5.769359588623047,-5.925290584564209,,,
10,27199,-0.133409783244133,-5.736232757568359,-5.891133785247803,,,
10,27249,-0.14754576981067657,-5.739619731903076,-5.909177780151367,,,
10,27299,-0.2066350132226944,-5.769032001495361,-5.930830001831055,,,
10,27349,-0.16355647146701813,-5.77254056930542,-5.951740741729736,,,
10,27399,-0.13368959724903107,-5.765879154205322,-5.931309700012207,,,
10,27449,-0.13732895255088806,-5.751379489898682,-5.920617580413818,,,
10,27499,-0.1759110391139984,-5.8026018142700195,-5.97084379196167,,,
10,27499,,,,-5.715023040771484,-5.761452674865723,-5.900226593017578
11,27549,-0.15897545218467712,-5.754993915557861,-5.927469253540039,,,
11,27599,-0.1406698226928711,-5.762478828430176,-5.938318729400635,,,
11,27649,-0.21705138683319092,-5.7818169593811035,-5.956475734710693,,,
11,27699,-0.14261269569396973,-5.749595642089844,-5.905345439910889,,,
11,27749,-0.1713552623987198,-5.780813217163086,-5.9400529861450195,,,
11,27799,-0.14821402728557587,-5.764358043670654,-5.931708335876465,,,
11,27849,-0.12087523937225342,-5.7833251953125,-5.937898635864258,,,
11,27899,-0.1595057249069214,-5.724281311035156,-5.895776748657227,,,
11,27949,-0.1309683620929718,-5.736545562744141,-5.89934778213501,,,
11,27999,-0.13927482068538666,-5.768840789794922,-5.950336933135986,,,
11,28049,-0.1449234038591385,-5.735504150390625,-5.895951271057129,,,
11,28099,-0.12972824275493622,-5.8430280685424805,-6.0092902183532715,,,
11,28149,-0.13561393320560455,-5.710432052612305,-5.8689775466918945,,,
11,28199,-0.16523635387420654,-5.738422393798828,-5.9029364585876465,,,
11,28249,-0.11902591586112976,-5.697449684143066,-5.863305568695068,,,
11,28299,-0.16010485589504242,-5.7207841873168945,-5.887645244598389,,,
11,28349,-0.15460249781608582,-5.771947860717773,-5.9403300285339355,,,
11,28399,-0.13605588674545288,-5.79793119430542,-5.945476531982422,,,
11,28449,-0.1397566795349121,-5.763228416442871,-5.93117094039917,,,
11,28499,-0.14713725447654724,-5.795473098754883,-5.970235347747803,,,
11,28549,-0.13718882203102112,-5.753979206085205,-5.917479038238525,,,
11,28599,-0.16031043231487274,-5.727049350738525,-5.891347408294678,,,
11,28649,-0.14472584426403046,-5.767094612121582,-5.930769920349121,,,
11,28699,-0.15647971630096436,-5.757174015045166,-5.9153008460998535,,,
11,28749,-0.1570325344800949,-5.7018303871154785,-5.849618434906006,,,
11,28799,-0.13234995305538177,-5.759350299835205,-5.93367338180542,,,
11,28849,-0.1280132234096527,-5.775261878967285,-5.927905082702637,,,
11,28899,-0.15027466416358948,-5.763236045837402,-5.919346809387207,,,
11,28949,-0.15052463114261627,-5.720762252807617,-5.882139682769775,,,
11,28999,-0.17391337454319,-5.73407506942749,-5.899837493896484,,,
11,29049,-0.1524834930896759,-5.716165065765381,-5.884367942810059,,,
11,29099,-0.14628219604492188,-5.816866874694824,-5.988763332366943,,,
11,29149,-0.14522966742515564,-5.750825881958008,-5.924122333526611,,,
11,29199,-0.13447481393814087,-5.740991592407227,-5.895777225494385,,,
11,29249,-0.14461980760097504,-5.755499839782715,-5.918482303619385,,,
11,29299,-0.11849603056907654,-5.722553253173828,-5.867000579833984,,,
11,29349,-0.17986735701560974,-5.650677680969238,-5.814616680145264,,,
11,29399,-0.14512181282043457,-5.798527717590332,-5.957939147949219,,,
11,29449,-0.16469112038612366,-5.771594047546387,-5.936831951141357,,,
11,29499,-0.151255264878273,-5.770289421081543,-5.928450584411621,,,
11,29549,-0.12254093587398529,-5.7641754150390625,-5.921674728393555,,,
11,29599,-0.15349988639354706,-5.811554908752441,-5.984961986541748,,,
11,29649,-0.1411699801683426,-5.802340984344482,-5.957744598388672,,,
11,29699,-0.15148456394672394,-5.814163684844971,-5.985726356506348,,,
11,29749,-0.1555330753326416,-5.798427581787109,-5.948060989379883,,,
11,29799,-0.13789382576942444,-5.753111362457275,-5.906807899475098,,,
11,29849,-0.10643132030963898,-5.7726521492004395,-5.923838138580322,,,
11,29899,-0.10313286632299423,-5.718393802642822,-5.875315189361572,,,
11,29949,-0.2051720768213272,-5.733846664428711,-5.889196872711182,,,
11,29999,-0.1346188634634018,-5.7523698806762695,-5.91099739074707,,,
11,29999,,,,-5.71028470993042,-5.748615741729736,-5.875677108764648
12,30049,-0.1441211700439453,-5.777093410491943,-5.938012599945068,,,
12,30099,-0.15818050503730774,-5.71934700012207,-5.884746074676514,,,
12,30149,-0.1469481885433197,-5.764104843139648,-5.930405139923096,,,
12,30199,-0.1312403529882431,-5.725235939025879,-5.866255760192871,,,
12,30249,-0.14577481150627136,-5.7597150802612305,-5.910758018493652,,,
12,30299,-0.12980255484580994,-5.805840492248535,-5.967516899108887,,,
12,30349,-0.11988834291696548,-5.749237060546875,-5.907806396484375,,,
12,30399,-0.15470483899116516,-5.777630805969238,-5.931729793548584,,,
12,30449,-0.15178526937961578,-5.728163719177246,-5.896864414215088,,,
12,30499,-0.16696365177631378,-5.759584903717041,-5.925518035888672,,,
12,30549,-0.11185964196920395,-5.726871967315674,-5.883181095123291,,,
12,30599,-0.11611825972795486,-5.787796974182129,-5.9364013671875,,,
12,30649,-0.14725971221923828,-5.7819013595581055,-5.950462341308594,,,
12,30699,-0.15727056562900543,-5.773483753204346,-5.943934917449951,,,
12,30749,-0.1352405846118927,-5.775144577026367,-5.93340539932251,,,
12,30799,-0.16400012373924255,-5.711148738861084,-5.863675594329834,,,
12,30849,-0.24645762145519257,-5.725056171417236,-5.888280391693115,,,
12,30899,-0.14833977818489075,-5.763084411621094,-5.922717571258545,,,
12,30949,-0.15125609934329987,-5.754351615905762,-5.916933536529541,,,
12,30999,-0.1312880516052246,-5.807145118713379,-5.96605110168457,,,
12,31049,-0.13965219259262085,-5.724400520324707,-5.873096942901611,,,
12,31099,-0.13855598866939545,-5.788582801818848,-5.954715251922607,,,
12,31149,-0.13678687810897827,-5.688780784606934,-5.843112468719482,,,
12,31199,-0.1563253551721573,-5.749125957489014,-5.901631832122803,,,
12,31249,-0.15238502621650696,-5.701807975769043,-5.864390850067139,,,
12,31299,-0.11171773821115494,-5.740603923797607,-5.8956522941589355,,,
12,31349,-0.1218617632985115,-5.720057487487793,-5.865930557250977,,,
12,31399,-0.16273841261863708,-5.814443588256836,-5.978435516357422,,,
12,31449,-0.14583148062229156,-5.730841636657715,-5.890692234039307,,,
12,31499,-0.12834720313549042,-5.697768688201904,-5.853339672088623,,,
12,31549,-0.14453713595867157,-5.766464710235596,-5.922987937927246,,,
12,31599,-0.1711999922990799,-5.726045608520508,-5.879130840301514,,,
12,31649,-0.17665763199329376,-5.751585483551025,-5.912282466888428,,,
12,31699,-0.1293102204799652,-5.759124755859375,-5.910723686218262,,,
12,31749,-0.13435065746307373,-5.738216876983643,-5.891679763793945,,,
12,31799,-0.15137739479541779,-5.7093963623046875,-5.869629859924316,,,
12,31849,-0.13879823684692383,-5.783308982849121,-5.931331157684326,,,
12,31899,-0.1370418667793274,-5.730135917663574,-5.893439292907715,,,
12,31949,-0.19372087717056274,-5.758624076843262,-5.917921543121338,,,
12,31999,-0.15200456976890564,-5.800992012023926,-5.965615272521973,,,
12,32049,-0.1364051252603531,-5.711849212646484,-5.870269775390625,,,
12,32099,-0.13724274933338165,-5.8018622398376465,-5.96302604675293,,,
12,32149,-0.13608594238758087,-5.719881057739258,-5.880591869354248,,,
12,32199,-0.13995952904224396,-5.749133110046387,-5.89506196975708,,,
12,32249,-0.13599181175231934,-5.783010482788086,-5.93638801574707,,,
12,32299,-0.13110984861850739,-5.7591094970703125,-5.903399467468262,,,
12,32349,-0.1603918820619583,-5.76068639755249,-5.913780212402344,,,
12,32399,-0.13417501747608185,-5.767224311828613,-5.913649082183838,,,
12,32449,-0.15978266298770905,-5.744851589202881,-5.910955905914307,,,
12,32499,-0.12293539941310883,-5.790647506713867,-5.938178539276123,,,
12,32499,,,,-5.713310718536377,-5.758100986480713,-5.879347801208496
13,32549,-0.13173088431358337,-5.693437576293945,-5.83968448638916,,,
13,32599,-0.10091841220855713,-5.713724136352539,-5.852286338806152,,,
13,32649,-0.13029251992702484,-5.787212371826172,-5.962705135345459,,,
13,32699,-0.13952825963497162,-5.784747123718262,-5.933156490325928,,,
13,32749,-0.10886748135089874,-5.788321495056152,-5.9303812980651855,,,
13,32799,-0.13733719289302826,-5.765773773193359,-5.920392990112305,,,
13,32849,-0.1377635896205902,-5.744672775268555,-5.893136024475098,,,
13,32899,-0.12147519737482071,-5.762214660644531,-5.921195983886719,,,
13,32949,-0.10983780026435852,-5.700554847717285,-5.841712474822998,,,
13,32999,-0.11082132160663605,-5.760010719299316,-5.903830528259277,,,
13,33049,-0.12915578484535217,-5.7337541580200195,-5.883519172668457,,,
13,33099,-0.128168523311615,-5.776325702667236,-5.919529438018799,,,
13,33149,-0.14112311601638794,-5.759430885314941,-5.908571720123291,,,
13,33199,-0.1420729011297226,-5.735353469848633,-5.872774600982666,,,
13,33249,-0.14718270301818848,-5.684343338012695,-5.841049671173096,,,
13,33299,-0.12913069128990173,-5.783029079437256,-5.942843914031982,,,
13,33349,-0.11701282113790512,-5.743852138519287,-5.884051322937012,,,
13,33399,-0.098777636885643,-5.725063800811768,-5.869392395019531,,,
13,33449,-0.11439049243927002,-5.661005973815918,-5.794142723083496,,,
13,33499,-0.148539200425148,-5.740566730499268,-5.895843982696533,,,
13,33549,-0.13809558749198914,-5.801487922668457,-5.947098255157471,,,
13,33599,-0.11374042183160782,-5.7159881591796875,-5.860109329223633,,,
13,33649,-0.14936473965644836,-5.818599700927734,-5.970412254333496,,,
13,33699,-0.10724557936191559,-5.736052989959717,-5.8776750564575195,,,
13,33749,-0.10224494338035583,-5.750618934631348,-5.894300937652588,,,
13,33799,-0.16086463630199432,-5.772445201873779,-5.925991058349609,,,
13,33849,-0.1511814296245575,-5.7930498123168945,-5.947667598724365,,,
13,33899,-0.12978699803352356,-5.715144634246826,-5.858499526977539,,,
13,33949,-0.14724093675613403,-5.753944396972656,-5.911981105804443,,,
13,33999,-0.11047545820474625,-5.784882545471191,-5.929733753204346,,,
13,34049,-0.11841512471437454,-5.7301788330078125,-5.856469631195068,,,
13,34099,-0.12340192496776581,-5.736767768859863,-5.892197132110596,,,
13,34149,-0.15454551577568054,-5.755642890930176,-5.914669513702393,,,
13,34199,-0.12386836856603622,-5.7368621826171875,-5.875070095062256,,,
13,34249,-0.10622049123048782,-5.713929176330566,-5.8490471839904785,,,
13,34299,-0.1471337527036667,-5.766475677490234,-5.913188934326172,,,
13,34349,-0.14586852490901947,-5.769532203674316,-5.909823894500732,,,
13,34399,-0.13620994985103607,-5.751441955566406,-5.892208576202393,,,
13,34449,-0.15006959438323975,-5.776777267456055,-5.937681198120117,,,
13,34499,-0.15420100092887878,-5.76082706451416,-5.908847332000732,,,
13,34549,-0.11229150742292404,-5.727481365203857,-5.8653435707092285,,,
13,34599,-0.14263896644115448,-5.752280235290527,-5.90728235244751,,,
13,34649,-0.11377515643835068,-5.806815147399902,-5.957629680633545,,,
13,34699,-0.10449931770563126,-5.74580717086792,-5.888412952423096,,,
13,34749,-0.11687257140874863,-5.764030456542969,-5.915693759918213,,,
13,34799,-0.13288582861423492,-5.737508773803711,-5.88248872756958,,,
13,34849,-0.13820026814937592,-5.735695838928223,-5.888007164001465,,,
13,34899,-0.14690403640270233,-5.767875671386719,-5.919684410095215,,,
13,34949,-0.18376880884170532,-5.733688831329346,-5.887103080749512,,,
13,34999,-0.13416647911071777,-5.787213325500488,-5.943571090698242,,,
13,34999,,,,-5.708623886108398,-5.74332332611084,-5.860398292541504
14,35049,-0.11157335340976715,-5.742854118347168,-5.891815185546875,,,
14,35099,-0.0999886766076088,-5.675583362579346,-5.822856426239014,,,
14,35149,-0.13535232841968536,-5.780416965484619,-5.928678035736084,,,
14,35199,-0.11301236599683762,-5.743768692016602,-5.899385929107666,,,
14,35249,-0.13467103242874146,-5.75411319732666,-5.898024559020996,,,
14,35299,-0.1362004280090332,-5.717942237854004,-5.869571208953857,,,
14,35349,-0.13931801915168762,-5.752468109130859,-5.902176380157471,,,
14,35399,-0.1514333337545395,-5.736947536468506,-5.87611198425293,,,
14,35449,-0.13099166750907898,-5.814113616943359,-5.956728935241699,,,
14,35499,-0.1434536874294281,-5.755120277404785,-5.893790245056152,,,
14,35549,-0.11337220668792725,-5.759487152099609,-5.895771503448486,,,
14,35599,-0.11179181933403015,-5.796950817108154,-5.934939861297607,,,
14,35649,-0.1304682344198227,-5.734339714050293,-5.887590408325195,,,
14,35699,-0.10871867835521698,-5.699116230010986,-5.835813999176025,,,
14,35749,-0.11077956110239029,-5.763655662536621,-5.898257732391357,,,
14,35799,-0.12293443083763123,-5.736514091491699,-5.868007183074951,,,
14,35849,-0.142884761095047,-5.7866597175598145,-5.9427170753479,,,
14,35899,-0.10675101727247238,-5.796895503997803,-5.940070152282715,,,
14,35949,-0.13580182194709778,-5.791567325592041,-5.933348655700684,,,
14,35999,-0.08680976927280426,-5.7754926681518555,-5.911136150360107,,,
14,36049,-0.10432428121566772,-5.7938642501831055,-5.93956995010376,,,
14,36099,-0.1315011978149414,-5.769540786743164,-5.907909870147705,,,
14,36149,-0.12006301432847977,-5.749031066894531,-5.884095191955566,,,
14,36199,-0.12865079939365387,-5.699833393096924,-5.840482234954834,,,
14,36249,-0.13151836395263672,-5.690512657165527,-5.830769062042236,,,
14,36299,-0.12809854745864868,-5.790729522705078,-5.934660911560059,,,
14,36349,-0.09358294308185577,-5.740553379058838,-5.8722968101501465,,,
14,36399,-0.13635051250457764,-5.758245468139648,-5.9017205238342285,,,
14,36449,-0.13527780771255493,-5.762219429016113,-5.906739234924316,,,
14,36499,-0.14720769226551056,-5.706965446472168,-5.8450140953063965,,,
14,36549,-0.10861963033676147,-5.731315612792969,-5.868957996368408,,,
14,36599,-0.1321960836648941,-5.69943904876709,-5.852107524871826,,,
14,36649,-0.13352495431900024,-5.720126152038574,-5.87481689453125,,,
14,36699,-0.11659469455480576,-5.771109580993652,-5.913829326629639,,,
14,36749,-0.09593606740236282,-5.785199165344238,-5.927642822265625,,,
14,36799,-0.12402364611625671,-5.730029106140137,-5.881352424621582,,,
14,36849,-0.13534606993198395,-5.7267889976501465,-5.865218162536621,,,
14,36899,-0.18476073443889618,-5.720393657684326,-5.861119270324707,,,
14,36949,-0.09984789788722992,-5.733605861663818,-5.868531227111816,,,
14,36999,-0.1464506983757019,-5.781948566436768,-5.928779602050781,,,
14,37049,-0.0737086832523346,-5.754868030548096,-5.881080150604248,,,
14,37099,-0.12231718003749847,-5.691088676452637,-5.828149318695068,,,
14,37149,-0.1535257250070572,-5.750354290008545,-5.899144172668457,,,
14,37199,-0.10076498985290527,-5.737819671630859,-5.865420818328857,,,
14,37249,-0.10204651951789856,-5.718487739562988,-5.852728843688965,,,
14,37299,-0.14856943488121033,-5.682546138763428,-5.828367710113525,,,
14,37349,-0.12430368363857269,-5.742253303527832,-5.882155418395996,,,
14,37399,-0.13802583515644073,-5.722614288330078,-5.8769378662109375,,,
14,37449,-0.11156173795461655,-5.74493408203125,-5.886307716369629,,,
14,37499,-0.08845200389623642,-5.722319602966309,-5.846475601196289,,,
14,37499,,,,-5.709219455718994,-5.74371337890625,-5.855946063995361
15,37549,-0.12297606468200684,-5.770914077758789,-5.910166263580322,,,
15,37599,-0.11132677644491196,-5.754122734069824,-5.893552303314209,,,
15,37649,-0.1320071816444397,-5.788456916809082,-5.932471752166748,,,
15,37699,-0.14166393876075745,-5.788477897644043,-5.938202857971191,,,
15,37749,-0.1542937308549881,-5.756622314453125,-5.899593353271484,,,
15,37799,-0.12261109799146652,-5.739415168762207,-5.874245643615723,,,
15,37849,-0.11746425181627274,-5.761492729187012,-5.906118869781494,,,
15,37899,-0.10593835264444351,-5.742191791534424,-5.868470191955566,,,
15,37949,-0.12167012691497803,-5.740453243255615,-5.891671180725098,,,
15,37999,-0.11144495010375977,-5.694215774536133,-5.83474588394165,,,
15,38049,-0.12202664464712143,-5.7357964515686035,-5.863537311553955,,,
15,38099,-0.11106555908918381,-5.716287612915039,-5.863915920257568,,,
15,38149,-0.10659333318471909,-5.809128761291504,-5.952560901641846,,,
15,38199,-0.16220058500766754,-5.724639892578125,-5.860489368438721,,,
15,38249,-0.11700144410133362,-5.784090995788574,-5.925426483154297,,,
15,38299,-0.09406533092260361,-5.763084888458252,-5.886399269104004,,,
15,38349,-0.12379415333271027,-5.761658668518066,-5.90880012512207,,,
15,38399,-0.08504655957221985,-5.812456130981445,-5.93773889541626,,,
15,38449,-0.1297736018896103,-5.74088191986084,-5.8738837242126465,,,
15,38499,-0.11315486580133438,-5.747261047363281,-5.881459712982178,,,
15,38549,-0.09211581200361252,-5.71572732925415,-5.835375785827637,,,
15,38599,-0.1524798423051834,-5.73118782043457,-5.869736194610596,,,
15,38649,-0.13590015470981598,-5.701954364776611,-5.827264308929443,,,
15,38699,-0.13910217583179474,-5.709900856018066,-5.861093521118164,,,
15,38749,-0.10970835387706757,-5.707583427429199,-5.841219902038574,,,
15,38799,-0.12330272048711777,-5.754106521606445,-5.8851165771484375,,,
15,38849,-0.09938754886388779,-5.747393608093262,-5.883415222167969,,,
15,38899,-0.1121261864900589,-5.743764400482178,-5.880585670471191,,,
15,38949,-0.11270653456449509,-5.8058671951293945,-5.943706035614014,,,
15,38999,-0.13516436517238617,-5.806776523590088,-5.942975997924805,,,
15,39049,-0.12749992311000824,-5.822362899780273,-5.953671932220459,,,
15,39099,-0.1403580754995346,-5.838012218475342,-5.983162879943848,,,
15,39149,-0.10715557634830475,-5.782645225524902,-5.915113925933838,,,
15,39199,-0.10910815745592117,-5.762112140655518,-5.900687217712402,,,
15,39249,-0.10587450116872787,-5.738103866577148,-5.865142822265625,,,
15,39299,-0.16894039511680603,-5.75943660736084,-5.898775100708008,,,
15,39349,-0.11064233630895615,-5.7086286544799805,-5.8339056968688965,,,
15,39399,-0.10340075939893723,-5.688431739807129,-5.825476169586182,,,
15,39449,-0.10888763517141342,-5.754856109619141,-5.885725975036621,,,
15,39499,-0.10491323471069336,-5.83985710144043,-5.974791049957275,,,
15,39549,-0.11600668728351593,-5.73491907119751,-5.875750541687012,,,
15,39599,-0.1153733879327774,-5.68394660949707,-5.821860313415527,,,
15,39649,-0.09871762990951538,-5.745415210723877,-5.881692886352539,,,
15,39699,-0.08555171638727188,-5.751801490783691,-5.888725280761719,,,
15,39749,-0.1426408886909485,-5.785287857055664,-5.933021545410156,,,
15,39799,-0.10437473654747009,-5.73976993560791,-5.875712871551514,,,
15,39849,-0.11125629395246506,-5.733829021453857,-5.870873928070068,,,
15,39899,-0.10776956379413605,-5.843892574310303,-5.9683756828308105,,,
15,39949,-0.14322763681411743,-5.7327880859375,-5.875313758850098,,,
15,39999,-0.14927615225315094,-5.74852180480957,-5.902475357055664,,,
15,39999,,,,-5.710665225982666,-5.745545864105225,-5.853213310241699
16,40049,-0.1338566243648529,-5.809196949005127,-5.94635009765625,,,
16,40099,-0.11948943883180618,-5.7993388175964355,-5.926671028137207,,,
16,40149,-0.12558650970458984,-5.738887310028076,-5.877963542938232,,,
16,40199,-0.11336933821439743,-5.74280309677124,-5.866917610168457,,,
16,40249,-0.10871339589357376,-5.732409954071045,-5.86522912979126,,,
16,40299,-0.13372020423412323,-5.744846343994141,-5.8832268714904785,,,
16,40349,-0.1277499496936798,-5.76163911819458,-5.905435085296631,,,
16,40399,-0.12560711801052094,-5.707470417022705,-5.848307132720947,,,
16,40449,-0.13239677250385284,-5.741466522216797,-5.875900745391846,,,
16,40499,-0.14661821722984314,-5.729639053344727,-5.870597839355469,,,
16,40549,-0.12412688881158829,-5.682941913604736,-5.814006328582764,,,
16,40599,-0.12386275827884674,-5.733990669250488,-5.873515605926514,,,
16,40649,-0.12711189687252045,-5.777995586395264,-5.91433572769165,,,
16,40699,-0.10563777387142181,-5.733611583709717,-5.86069917678833,,,
16,40749,-0.09310542792081833,-5.795964241027832,-5.934480667114258,,,
16,40799,-0.10542705655097961,-5.722261428833008,-5.851384162902832,,,
16,40849,-0.12276922166347504,-5.714713096618652,-5.8439621925354,,,
16,40899,-0.11879119277000427,-5.711984157562256,-5.851730823516846,,,
16,40949,-0.11408298462629318,-5.754510879516602,-5.902134895324707,,,
16,40999,-0.11652985960245132,-5.771284103393555,-5.8945159912109375,,,
16,41049,-0.09972552955150604,-5.772436618804932,-5.913345813751221,,,
16,41099,-0.14227446913719177,-5.724084377288818,-5.85991096496582,,,
16,41149,-0.11419451236724854,-5.669069766998291,-5.802723407745361,,,
16,41199,-0.13255973160266876,-5.688312530517578,-5.822048187255859,,,
16,41249,-0.12044015526771545,-5.749973297119141,-5.886331558227539,,,
16,41299,-0.09611383080482483,-5.737523555755615,-5.88047981262207,,,
16,41349,-0.11554187536239624,-5.772799491882324,-5.90273904800415,,,
16,41399,-0.09731753915548325,-5.814388275146484,-5.954397678375244,,,
16,41449,-0.10284692794084549,-5.754763603210449,-5.889991283416748,,,
16,41499,-0.08533766865730286,-5.759860038757324,-5.88995361328125,,,
16,41549,-0.1124553456902504,-5.782868385314941,-5.9262542724609375,,,
16,41599,-0.0851820558309555,-5.811784267425537,-5.932695388793945,,,
16,41649,-0.11404410749673843,-5.709630012512207,-5.843710422515869,,,
16,41699,-0.10238030552864075,-5.707888603210449,-5.823556900024414,,,
16,41749,-0.13759003579616547,-5.7158637046813965,-5.855870246887207,,,
16,41799,-0.11601342260837555,-5.7321014404296875,-5.856888294219971,,,
16,41849,-0.10821782797574997,-5.819269180297852,-5.944510459899902,,,
16,41899,-0.11953189224004745,-5.78815221786499,-5.9255523681640625,,,
16,41949,-0.09763915836811066,-5.704434394836426,-5.835791110992432,,,
16,41999,-0.10081588476896286,-5.794412136077881,-5.922431945800781,,,
16,42049,-0.0977373868227005,-5.71134090423584,-5.84026575088501,,,
16,42099,-0.11999794095754623,-5.808963775634766,-5.956650257110596,,,
16,42149,-0.10114055126905441,-5.771623611450195,-5.892617225646973,,,
16,42199,-0.09766365587711334,-5.780731678009033,-5.914628982543945,,,
16,42249,-0.10636592656373978,-5.756224632263184,-5.880773067474365,,,
16,42299,-0.09901046752929688,-5.719476699829102,-5.843643665313721,,,
16,42349,-0.10278850048780441,-5.727499961853027,-5.85536527633667,,,
16,42399,-0.10263693332672119,-5.750155925750732,-5.875111103057861,,,
16,42449,-0.1571628451347351,-5.7127885818481445,-5.849221229553223,,,
16,42499,-0.11000187695026398,-5.808381080627441,-5.927009105682373,,,
16,42499,,,,-5.707656383514404,-5.740905284881592,-5.843801975250244
17,42549,-0.10728485137224197,-5.75584077835083,-5.884706497192383,,,
17,42599,-0.11172530800104141,-5.77031135559082,-5.897612571716309,,,
17,42649,-0.10551013797521591,-5.711463451385498,-5.840768337249756,,,
17,42699,-0.10793152451515198,-5.73214054107666,-5.854327201843262,,,
17,42749,-0.11649820953607559,-5.715984344482422,-5.866425514221191,,,
17,42799,-0.11184203624725342,-5.734151363372803,-5.871109485626221,,,
17,42849,-0.10803577303886414,-5.7710113525390625,-5.896302223205566,,,
17,42899,-0.1332661658525467,-5.682023048400879,-5.80858039855957,,,
17,42949,-0.08513989299535751,-5.7085280418396,-5.842228889465332,,,
17,42999,-0.09437501430511475,-5.743992328643799,-5.866462230682373,,,
17,43049,-0.09774632006883621,-5.761547565460205,-5.895773887634277,,,
17,43099,-0.12846997380256653,-5.751219272613525,-5.87649393081665,,,
17,43149,-0.09880838543176651,-5.750691890716553,-5.881844997406006,,,
17,43199,-0.12554875016212463,-5.721562385559082,-5.84791898727417,,,
17,43249,-0.10535457730293274,-5.779661655426025,-5.911508083343506,,,
17,43299,-0.14645719528198242,-5.719603538513184,-5.85548210144043,,,
17,43349,-0.12742303311824799,-5.747934341430664,-5.877898216247559,,,
17,43399,-0.11229546368122101,-5.773886203765869,-5.896866321563721,,,
17,43449,-0.13522174954414368,-5.743471145629883,-5.892192363739014,,,
17,43499,-0.10684433579444885,-5.727871894836426,-5.851798057556152,,,
17,43549,-0.142348513007164,-5.685695648193359,-5.829241752624512,,,
17,43599,-0.11877519637346268,-5.745482921600342,-5.867798805236816,,,
17,43649,-0.09270527958869934,-5.744028568267822,-5.878721237182617,,,
17,43699,-0.10989391058683395,-5.759801864624023,-5.877908706665039,,,
17,43749,-0.10463205724954605,-5.838356018066406,-5.971025466918945,,,
17,43799,-0.0937972217798233,-5.765276908874512,-5.875532627105713,,,
17,43849,-0.09144049137830734,-5.75853157043457,-5.875202655792236,,,
17,43899,-0.10111673176288605,-5.731470108032227,-5.8497819900512695,,,
17,43949,-0.08148033171892166,-5.749204635620117,-5.861353397369385,,,
17,43999,-0.09895250201225281,-5.737880706787109,-5.879912376403809,,,
17,44049,-0.10382606089115143,-5.722158432006836,-5.844978332519531,,,
17,44099,-0.11895633488893509,-5.722546577453613,-5.84092378616333,,,
17,44149,-0.10495471954345703,-5.687899589538574,-5.815404415130615,,,
17,44199,-0.10524944216012955,-5.761937141418457,-5.8960394859313965,,,
17,44249,-0.10683231055736542,-5.710539817810059,-5.828129768371582,,,
17,44299,-0.08839011192321777,-5.7506866455078125,-5.868321895599365,,,
17,44349,-0.09698686748743057,-5.80316686630249,-5.924816131591797,,,
17,44399,-0.09578527510166168,-5.72797966003418,-5.851050853729248,,,
17,44449,-0.11471493542194366,-5.714587211608887,-5.844112396240234,,,
17,44499,-0.12883244454860687,-5.728141784667969,-5.862390041351318,,,
17,44549,-0.1209949404001236,-5.793747901916504,-5.92756462097168,,,
17,44599,-0.12016131728887558,-5.718722343444824,-5.848180294036865,,,
17,44649,-0.12164232134819031,-5.767388343811035,-5.894095420837402,,,
17,44699,-0.09705112129449844,-5.780489921569824,-5.9051361083984375,,,
17,44749,-0.10776194930076599,-5.717067718505859,-5.850290775299072,,,
17,44799,-0.10373982042074203,-5.790977478027344,-5.93376350402832,,,
17,44849,-0.11361310631036758,-5.7044854164123535,-5.828775405883789,,,
17,44899,-0.09908938407897949,-5.69223690032959,-5.815688133239746,,,
17,44949,-0.12116716057062149,-5.736391067504883,-5.88161563873291,,,
17,44999,-0.10373937338590622,-5.739072799682617,-5.858797550201416,,,
17,44999,,,,-5.706852436065674,-5.738987445831299,-5.8411173820495605
18,45049,-0.1140688881278038,-5.737723350524902,-5.86778450012207,,,
18,45099,-0.11206699162721634,-5.7866668701171875,-5.918426513671875,,,
18,45149,-0.07643213868141174,-5.7270612716674805,-5.837832927703857,,,
18,45199,-0.14415714144706726,-5.777554512023926,-5.896257400512695,,,
18,45249,-0.1102590560913086,-5.700444221496582,-5.825528621673584,,,
18,45299,-0.08381029218435287,-5.7590556144714355,-5.884885311126709,,,
18,45349,-0.0952991247177124,-5.773768901824951,-5.90107536315918,,,
18,45399,-0.10173941403627396,-5.6875200271606445,-5.820986747741699,,,
18,45449,-0.12558718025684357,-5.751863479614258,-5.8940253257751465,,,
18,45499,-0.1413436084985733,-5.73492431640625,-5.860968112945557,,,
18,45549,-0.11637076735496521,-5.757021903991699,-5.899272918701172,,,
18,45599,-0.11127957701683044,-5.760397911071777,-5.890686511993408,,,
18,45649,-0.09807959944009781,-5.694002628326416,-5.813485145568848,,,
18,45699,-0.10980381071567535,-5.706455230712891,-5.831410884857178,,,
18,45749,-0.10234680026769638,-5.767348766326904,-5.88197135925293,,,
18,45799,-0.11716034263372421,-5.728415012359619,-5.850050449371338,,,
18,45849,-0.1267610341310501,-5.757915019989014,-5.882355690002441,,,
18,45899,-0.1062060222029686,-5.7558817863464355,-5.873859882354736,,,
18,45949,-0.10175176709890366,-5.755043029785156,-5.882094383239746,,,
18,45999,-0.12912359833717346,-5.721333026885986,-5.834841251373291,,,
18,46049,-0.10957488417625427,-5.758406639099121,-5.8842315673828125,,,
18,46099,-0.08628693222999573,-5.753891944885254,-5.884698390960693,,,
18,46149,-0.10680585354566574,-5.731902122497559,-5.849576473236084,,,
18,46199,-0.11251115798950195,-5.751193523406982,-5.886897563934326,,,
18,46249,-0.09679276496171951,-5.706914901733398,-5.815388202667236,,,
18,46299,-0.1241726353764534,-5.697223663330078,-5.822197914123535,,,
18,46349,-0.09984678030014038,-5.724493980407715,-5.854263782501221,,,
18,46399,-0.11986400187015533,-5.7827534675598145,-5.91252326965332,,,
18,46449,-0.11836162954568863,-5.7652974128723145,-5.893139362335205,,,
18,46499,-0.12654492259025574,-5.782346725463867,-5.914538383483887,,,
18,46549,-0.08492927253246307,-5.779426574707031,-5.88803768157959,,,
18,46599,-0.08344630897045135,-5.6969451904296875,-5.816081523895264,,,
18,46649,-0.11706345528364182,-5.708901405334473,-5.831432342529297,,,
18,46699,-0.10083175450563431,-5.769093036651611,-5.908310413360596,,,
18,46749,-0.1305123120546341,-5.770188808441162,-5.898401737213135,,,
18,46799,-0.10985878109931946,-5.747865676879883,-5.889096736907959,,,
18,46849,-0.11372333019971848,-5.701296806335449,-5.824182987213135,,,
18,46899,-0.09113486856222153,-5.751665115356445,-5.868873119354248,,,
18,46949,-0.10848142206668854,-5.7562994956970215,-5.883223533630371,,,
18,46999,-0.13485528528690338,-5.714477062225342,-5.832289218902588,,,
18,47049,-0.09102080762386322,-5.72023868560791,-5.831706523895264,,,
18,47099,-0.1270132064819336,-5.719090461730957,-5.84199333190918,,,
18,47149,-0.08766146749258041,-5.786930084228516,-5.92631196975708,,,
18,47199,-0.09051547944545746,-5.679925918579102,-5.808149337768555,,,
18,47249,-0.11311793327331543,-5.784398078918457,-5.911355972290039,,,
18,47299,-0.10535813868045807,-5.719926834106445,-5.830069541931152,,,
18,47349,-0.08986638486385345,-5.713568687438965,-5.83751106262207,,,
18,47399,-0.0759153887629509,-5.783056259155273,-5.904593467712402,,,
18,47449,-0.11951503157615662,-5.745999336242676,-5.875072956085205,,,
18,47499,-0.09990249574184418,-5.70729923248291,-5.829003810882568,,,
18,47499,,,,-5.7065277099609375,-5.737875938415527,-5.836765289306641
19,47549,-0.10623551905155182,-5.764573097229004,-5.891849994659424,,,
19,47599,-0.10220971703529358,-5.65894079208374,-5.785433292388916,,,
19,47649,-0.08446026593446732,-5.7089762687683105,-5.819923400878906,,,
19,47699,-0.10465049743652344,-5.767541885375977,-5.891299724578857,,,
19,47749,-0.10812289267778397,-5.733318328857422,-5.854926586151123,,,
19,47799,-0.14716212451457977,-5.741361618041992,-5.858479022979736,,,
19,47849,-0.128238707780838,-5.765273094177246,-5.891770362854004,,,
19,47899,-0.16148805618286133,-5.728060722351074,-5.855194091796875,,,
19,47949,-0.0789637565612793,-5.709396839141846,-5.822237491607666,,,
19,47999,-0.09175985306501389,-5.722867965698242,-5.853831768035889,,,
19,48049,-0.1062745675444603,-5.717663288116455,-5.840246677398682,,,
19,48099,-0.12450652569532394,-5.743697166442871,-5.87628698348999,,,
19,48149,-0.088298499584198,-5.7447943687438965,-5.855583190917969,,,
19,48199,-0.08112893998622894,-5.642143249511719,-5.759737014770508,,,
19,48249,-0.0890895277261734,-5.731163024902344,-5.845221996307373,,,
19,48299,-0.09240000694990158,-5.742128849029541,-5.857515811920166,,,
19,48349,-0.11141269654035568,-5.752092361450195,-5.867366790771484,,,
19,48399,-0.11035589873790741,-5.815779685974121,-5.933435916900635,,,
19,48449,-0.07671227306127548,-5.786972999572754,-5.916177749633789,,,
19,48499,-0.1345154494047165,-5.689787864685059,-5.81820011138916,,,
19,48549,-0.08724620938301086,-5.712041854858398,-5.828763961791992,,,
19,48599,-0.09754166752099991,-5.750119686126709,-5.868006229400635,,,
19,48649,-0.08403746783733368,-5.743870735168457,-5.856604099273682,,,
19,48699,-0.16606304049491882,-5.787118434906006,-5.919775485992432,,,
19,48749,-0.1090506836771965,-5.702336311340332,-5.825928211212158,,,
19,48799,-0.08540450036525726,-5.744317054748535,-5.859081745147705,,,
19,48849,-0.09740621596574783,-5.755821228027344,-5.896388530731201,,,
19,48899,-0.08892451971769333,-5.73541259765625,-5.85483980178833,,,
19,48949,-0.08497932553291321,-5.758756160736084,-5.874725341796875,,,
19,48999,-0.08776012063026428,-5.68613338470459,-5.798807144165039,,,
19,49049,-0.10863281041383743,-5.684454917907715,-5.7973198890686035,,,
19,49099,-0.09898393601179123,-5.711661338806152,-5.825356483459473,,,
19,49149,-0.0742550939321518,-5.760514736175537,-5.875512599945068,,,
19,49199,-0.15193374454975128,-5.712551116943359,-5.832795143127441,,,
19,49249,-0.10775414109230042,-5.7010674476623535,-5.828829288482666,,,
19,49299,-0.09779413044452667,-5.732189655303955,-5.856522083282471,,,
19,49349,-0.088592030107975,-5.695766448974609,-5.813225746154785,,,
19,49399,-0.1287727952003479,-5.79632568359375,-5.923066139221191,,,
19,49449,-0.07612892240285873,-5.739286422729492,-5.851511001586914,,,
19,49499,-0.12222932279109955,-5.757636070251465,-5.883721828460693,,,
19,49549,-0.10019458830356598,-5.732024192810059,-5.835968017578125,,,
19,49599,-0.10939061641693115,-5.779453754425049,-5.8993706703186035,,,
19,49649,-0.0942709818482399,-5.748458385467529,-5.871647357940674,,,
19,49699,-0.09423532336950302,-5.705857753753662,-5.837691307067871,,,
19,49749,-0.11007355153560638,-5.776854991912842,-5.899667739868164,,,
19,49799,-0.14085230231285095,-5.75046443939209,-5.883070468902588,,,
19,49849,-0.08305318653583527,-5.71571159362793,-5.839408874511719,,,
19,49899,-0.14970622956752777,-5.700058937072754,-5.830935955047607,,,
19,49949,-0.08772408962249756,-5.731812477111816,-5.854865074157715,,,
19,49999,-0.0871991440653801,-5.769084930419922,-5.88443660736084,,,
19,49999,,,,-5.709652423858643,-5.742232322692871,-5.838510990142822
20,50049,-0.11696868389844894,-5.706687927246094,-5.837273597717285,,,
20,50099,-0.09415733814239502,-5.722872734069824,-5.841228485107422,,,
20,50149,-0.07289986312389374,-5.713029384613037,-5.826015472412109,,,
20,50199,-0.09419630467891693,-5.71405029296875,-5.821280479431152,,,
20,50249,-0.09707988798618317,-5.726287364959717,-5.843428611755371,,,
20,50299,-0.07983675599098206,-5.725166320800781,-5.832133769989014,,,
20,50349,-0.09710114449262619,-5.720608234405518,-5.844483375549316,,,
20,50399,-0.11441276222467422,-5.740246772766113,-5.855900287628174,,,
20,50449,-0.09238029271364212,-5.711053371429443,-5.83839750289917,,,
20,50499,-0.09535262733697891,-5.750925064086914,-5.863877296447754,,,
20,50549,-0.09084256738424301,-5.775203704833984,-5.887770175933838,,,
20,50599,-0.11351262032985687,-5.716696739196777,-5.839118003845215,,,
20,50649,-0.09250952303409576,-5.73106050491333,-5.844427585601807,,,
20,50699,-0.0829029381275177,-5.69059419631958,-5.804689884185791,,,
20,50749,-0.08684460073709488,-5.749830722808838,-5.86620569229126,,,
20,50799,-0.09096620976924896,-5.749682426452637,-5.86750602722168,,,
20,50849,-0.06742357462644577,-5.658856391906738,-5.76798677444458,,,
20,50899,-0.10264615714550018,-5.678061485290527,-5.797659873962402,,,
20,50949,-0.07940665632486343,-5.718722343444824,-5.830150127410889,,,
20,50999,-0.10593503713607788,-5.754390716552734,-5.879174709320068,,,
20,51049,-0.09705427289009094,-5.758004188537598,-5.8678107261657715,,,
20,51099,-0.10495460033416748,-5.758247375488281,-5.877011775970459,,,
20,51149,-0.07958155870437622,-5.748357772827148,-5.869202613830566,,,
20,51199,-0.09332200884819031,-5.757944107055664,-5.876283645629883,,,
20,51249,-0.07885906845331192,-5.74113130569458,-5.841092586517334,,,
20,51299,-0.08311174064874649,-5.775031089782715,-5.881298542022705,,,
20,51349,-0.09518811851739883,-5.7460527420043945,-5.863855838775635,,,
20,51399,-0.10875888913869858,-5.788986682891846,-5.898775577545166,,,
20,51449,-0.09054665267467499,-5.786394119262695,-5.907207012176514,,,
20,51499,-0.07235867530107498,-5.707691192626953,-5.814392566680908,,,
20,51549,-0.09993679076433182,-5.736431121826172,-5.847683429718018,,,
20,51599,-0.09002424031496048,-5.769360542297363,-5.889790058135986,,,
20,51649,-0.11745303869247437,-5.723066329956055,-5.84814453125,,,
20,51699,-0.07901154458522797,-5.754096984863281,-5.869435787200928,,,
20,51749,-0.07000952214002609,-5.73137092590332,-5.8333258628845215,,,
20,51799,-0.0951637402176857,-5.729952812194824,-5.841346740722656,,,
20,51849,-0.08204667270183563,-5.739359378814697,-5.844455242156982,,,
20,51899,-0.10395845770835876,-5.778550148010254,-5.905152320861816,,,
20,51949,-0.07983047515153885,-5.772234916687012,-5.892650127410889,,,
20,51999,-0.09373839944601059,-5.733458995819092,-5.8466410636901855,,,
20,52049,-0.1159982904791832,-5.743063926696777,-5.856465816497803,,,
20,52099,-0.10442239791154861,-5.717731475830078,-5.845969200134277,,,
20,52149,-0.10394752025604248,-5.744040489196777,-5.85133171081543,,,
20,52199,-0.06887893378734589,-5.738677978515625,-5.838290691375732,,,
20,52249,-0.09228921681642532,-5.748551368713379,-5.864400386810303,,,
20,52299,-0.09397242218255997,-5.794144630432129,-5.904844760894775,,,
20,52349,-0.11826567351818085,-5.668657302856445,-5.791299819946289,,,
20,52399,-0.1158607080578804,-5.730203628540039,-5.85979700088501,,,
20,52449,-0.09982059895992279,-5.667418956756592,-5.792776584625244,,,
20,52499,-0.07692303508520126,-5.705972194671631,-5.819816589355469,,,
20,52499,,,,-5.706981658935547,-5.737746715545654,-5.830006122589111
21,52549,-0.08714816719293594,-5.700165748596191,-5.800999641418457,,,
21,52599,-0.09122216701507568,-5.703100204467773,-5.812640190124512,,,
21,52649,-0.11080748587846756,-5.738770961761475,-5.849366188049316,,,
21,52699,-0.08446013927459717,-5.716696739196777,-5.824634075164795,,,
21,52749,-0.0908563956618309,-5.729375839233398,-5.851626873016357,,,
21,52799,-0.08082911372184753,-5.741968631744385,-5.850841045379639,,,
21,52849,-0.12446080148220062,-5.7631611824035645,-5.88090181350708,,,
21,52899,-0.10689166933298111,-5.737146854400635,-5.844433307647705,,,
21,52949,-0.11721532791852951,-5.781454086303711,-5.899036884307861,,,
21,52999,-0.10368304699659348,-5.74124002456665,-5.873952388763428,,,
21,53049,-0.10328319668769836,-5.766101837158203,-5.881519794464111,,,
21,53099,-0.07436861097812653,-5.740340232849121,-5.850654602050781,,,
21,53149,-0.10807126760482788,-5.7382001876831055,-5.861232757568359,,,
21,53199,-0.09400766342878342,-5.714902877807617,-5.821745872497559,,,
21,53249,-0.1280447095632553,-5.728542327880859,-5.871071815490723,,,
21,53299,-0.08788605779409409,-5.7235002517700195,-5.82981538772583,,,
21,53349,-0.08187755197286606,-5.741149425506592,-5.851863861083984,,,
21,53399,-0.07620455324649811,-5.69075870513916,-5.803736209869385,,,
21,53449,-0.09007468074560165,-5.677330017089844,-5.797265529632568,,,
21,53499,-0.10680142790079117,-5.727785110473633,-5.852663040161133,,,
21,53549,-0.12956656515598297,-5.750383377075195,-5.860681056976318,,,
21,53599,-0.08322795480489731,-5.698906898498535,-5.807923316955566,,,
21,53649,-0.08115211129188538,-5.724135875701904,-5.831260681152344,,,
21,53699,-0.1005825400352478,-5.745377540588379,-5.8622870445251465,,,
21,53749,-0.07749371230602264,-5.777585983276367,-5.8943939208984375,,,
21,53799,-0.09464069455862045,-5.735708236694336,-5.842842102050781,,,
21,53849,-0.08482091873884201,-5.741388320922852,-5.863205432891846,,,
21,53899,-0.09619379788637161,-5.675076484680176,-5.782109260559082,,,
21,53949,-0.0823814868927002,-5.782308578491211,-5.893331050872803,,,
21,53999,-0.07490811496973038,-5.697882652282715,-5.811327934265137,,,
21,54049,-0.09527044743299484,-5.776808738708496,-5.889575004577637,,,
21,54099,-0.07316024601459503,-5.7435302734375,-5.849084377288818,,,
21,54149,-0.1157061755657196,-5.733616352081299,-5.841208457946777,,,
21,54199,-0.11266389489173889,-5.752617835998535,-5.8621416091918945,,,
21,54249,-0.09847787767648697,-5.720636367797852,-5.826323509216309,,,
21,54299,-0.10784782469272614,-5.727392673492432,-5.8461809158325195,,,
21,54349,-0.0846933126449585,-5.711101531982422,-5.818390846252441,,,
21,54399,-0.09605565667152405,-5.710411548614502,-5.824207782745361,,,
21,54449,-0.10181653499603271,-5.69740104675293,-5.81141471862793,,,
21,54499,-0.09965541958808899,-5.7347211837768555,-5.841184139251709,,,
21,54549,-0.08667973428964615,-5.684410095214844,-5.8014044761657715,,,
21,54599,-0.0928996354341507,-5.760153770446777,-5.881147384643555,,,
21,54649,-0.08129695057868958,-5.780365943908691,-5.891026496887207,,,
21,54699,-0.10887229442596436,-5.730654239654541,-5.842439651489258,,,
21,54749,-0.10504575818777084,-5.769317626953125,-5.894874572753906,,,
21,54799,-0.12499072402715683,-5.776087760925293,-5.89027214050293,,,
21,54849,-0.08132375776767731,-5.73414945602417,-5.85051155090332,,,
21,54899,-0.07484915852546692,-5.791934013366699,-5.911105632781982,,,
21,54949,-0.10350456088781357,-5.708911418914795,-5.832777500152588,,,
21,54999,-0.09932491183280945,-5.745772361755371,-5.866179466247559,,,
21,54999,,,,-5.705846309661865,-5.733819007873535,-5.825169086456299
22,55049,-0.07853183895349503,-5.7320756912231445,-5.8493266105651855,,,
22,55099,-0.08666856586933136,-5.712703227996826,-5.827055931091309,,,
22,55149,-0.09579547494649887,-5.733279228210449,-5.850253582000732,,,
22,55199,-0.08902662247419357,-5.689905166625977,-5.801786422729492,,,
22,55249,-0.08341984450817108,-5.71043586730957,-5.820687294006348,,,
22,55299,-0.10860560834407806,-5.762791156768799,-5.867734432220459,,,
22,55349,-0.11711175739765167,-5.727457046508789,-5.830477714538574,,,
22,55399,-0.09547165036201477,-5.708995819091797,-5.834191799163818,,,
22,55449,-0.09258021414279938,-5.745863437652588,-5.855281829833984,,,
22,55499,-0.07980726659297943,-5.720062732696533,-5.833466529846191,,,
22,55549,-0.09233131259679794,-5.696054935455322,-5.806957721710205,,,
22,55599,-0.06996896862983704,-5.784463882446289,-5.8961992263793945,,,
22,55649,-0.09535177052021027,-5.735465049743652,-5.842152118682861,,,
22,55699,-0.14454184472560883,-5.75200080871582,-5.8744354248046875,,,
22,55749,-0.08815927058458328,-5.7530670166015625,-5.866716384887695,,,
22,55799,-0.0847126916050911,-5.76862907409668,-5.88758659362793,,,
22,55849,-0.0829106792807579,-5.7318644523620605,-5.844344139099121,,,
22,55899,-0.0780162513256073,-5.7390289306640625,-5.839725017547607,,,
22,55949,-0.08525034040212631,-5.787093162536621,-5.912569999694824,,,
22,55999,-0.09025001525878906,-5.6280837059021,-5.736234188079834,,,
22,56049,-0.07779202610254288,-5.806405544281006,-5.921278476715088,,,
22,56099,-0.09978052973747253,-5.688106536865234,-5.810253620147705,,,
22,56149,-0.09808948636054993,-5.7623701095581055,-5.8802490234375,,,
22,56199,-0.09143073111772537,-5.759973526000977,-5.8695969581604,,,
22,56249,-0.09732774645090103,-5.7263503074646,-5.8415398597717285,,,
22,56299,-0.14434003829956055,-5.704710960388184,-5.840518474578857,,,
22,56349,-0.11100944131612778,-5.770638465881348,-5.882315635681152,,,
22,56399,-0.08869300037622452,-5.7306013107299805,-5.840672492980957,,,
22,56449,-0.07505591213703156,-5.705444812774658,-5.807277202606201,,,
22,56499,-0.12119327485561371,-5.742074012756348,-5.869898319244385,,,
22,56549,-0.06487555801868439,-5.748232841491699,-5.849388122558594,,,
22,56599,-0.11188337951898575,-5.758279800415039,-5.873127460479736,,,
22,56649,-0.07771605253219604,-5.666722297668457,-5.762474060058594,,,
22,56699,-0.0878848135471344,-5.7417521476745605,-5.857012748718262,,,
22,56749,-0.0790402814745903,-5.762624740600586,-5.875765323638916,,,
22,56799,-0.05753764882683754,-5.76856803894043,-5.862908840179443,,,
22,56849,-0.08694591373205185,-5.750522613525391,-5.857935428619385,,,
22,56899,-0.10299762338399887,-5.769049167633057,-5.888365268707275,,,
22,56949,-0.09528423100709915,-5.734452247619629,-5.843063831329346,,,
22,56999,-0.06602657586336136,-5.723357200622559,-5.8279571533203125,,,
22,57049,-0.08078575134277344,-5.770936965942383,-5.881352424621582,,,
22,57099,-0.11903311312198639,-5.746518611907959,-5.871323108673096,,,
22,57149,-0.08926869928836823,-5.769664764404297,-5.883570194244385,,,
22,57199,-0.0936245247721672,-5.712522983551025,-5.8243913650512695,,,
22,57249,-0.10271314531564713,-5.751556396484375,-5.866761207580566,,,
22,57299,-0.09382323175668716,-5.786010265350342,-5.901087284088135,,,
22,57349,-0.08793588727712631,-5.70301628112793,-5.810980796813965,,,
22,57399,-0.06632523238658905,-5.744732856750488,-5.848609924316406,,,
22,57449,-0.13617892563343048,-5.707357883453369,-5.830516338348389,,,
22,57499,-0.06834622472524643,-5.672100067138672,-5.77468204498291,,,
22,57499,,,,-5.706524848937988,-5.737060546875,-5.824436187744141
23,57549,-0.07720743119716644,-5.711833953857422,-5.824396133422852,,,
23,57599,-0.0866585299372673,-5.754987716674805,-5.867262363433838,,,
23,57649,-0.061287011951208115,-5.763967514038086,-5.869312763214111,,,
23,57699,-0.08686243742704391,-5.677642822265625,-5.788784027099609,,,
23,57749,-0.08568532764911652,-5.689888954162598,-5.800360202789307,,,
23,57799,-0.08094850182533264,-5.744469165802002,-5.853808403015137,,,
23,57849,-0.09885726124048233,-5.713033199310303,-5.809255123138428,,,
23,57899,-0.08274415880441666,-5.742824554443359,-5.855776786804199,,,
23,57949,-0.09643195569515228,-5.75301456451416,-5.86923885345459,,,
23,57999,-0.07975191622972488,-5.743016242980957,-5.846610069274902,,,
23,58049,-0.07687769085168839,-5.759187698364258,-5.873016357421875,,,
23,58099,-0.09683170169591904,-5.674139976501465,-5.777994155883789,,,
23,58149,-0.06720316410064697,-5.726909637451172,-5.82871150970459,,,
23,58199,-0.08029086887836456,-5.764229774475098,-5.873615741729736,,,
23,58249,-0.09348908811807632,-5.758360385894775,-5.859899997711182,,,
23,58299,-0.07580848783254623,-5.692119598388672,-5.793134689331055,,,
23,58349,-0.10197296738624573,-5.716428756713867,-5.828818321228027,,,
23,58399,-0.10227557271718979,-5.782810688018799,-5.895401954650879,,,
23,58449,-0.08419694751501083,-5.741207122802734,-5.846396446228027,,,
23,58499,-0.1098223477602005,-5.6775078773498535,-5.792247295379639,,,
23,58549,-0.09550075232982635,-5.754993438720703,-5.872481346130371,,,
23,58599,-0.0640491247177124,-5.727964878082275,-5.826808929443359,,,
23,58649,-0.11903947591781616,-5.792179107666016,-5.907442569732666,,,
23,58699,-0.07979860156774521,-5.738795757293701,-5.842030048370361,,,
23,58749,-0.08377975225448608,-5.693400859832764,-5.78912353515625,,,
23,58799,-0.0995677039027214,-5.772710800170898,-5.88287878036499,,,
23,58849,-0.0939694195985794,-5.713850021362305,-5.824321269989014,,,
23,58899,-0.09549466520547867,-5.7075042724609375,-5.821692943572998,,,
23,58949,-0.07748759537935257,-5.702638149261475,-5.807826995849609,,,
23,58999,-0.0931423008441925,-5.705911159515381,-5.820192813873291,,,
23,59049,-0.07856626063585281,-5.747798919677734,-5.854523658752441,,,
23,59099,-0.0847083106637001,-5.695960521697998,-5.804435729980469,,,
23,59149,-0.08242712169885635,-5.692597389221191,-5.792973518371582,,,
23,59199,-0.07547009736299515,-5.745245933532715,-5.854924201965332,,,
23,59249,-0.0797525942325592,-5.7530198097229,-5.855223178863525,,,
23,59299,-0.08187596499919891,-5.71891975402832,-5.824443340301514,,,
23,59349,-0.07340998202562332,-5.75946044921875,-5.859747409820557,,,
23,59399,-0.09409026801586151,-5.755790710449219,-5.865014553070068,,,
23,59449,-0.09882570058107376,-5.749508380889893,-5.85760498046875,,,
23,59499,-0.09075620770454407,-5.710786819458008,-5.826146125793457,,,
23,59549,-0.11738750338554382,-5.758998870849609,-5.884615421295166,,,
23,59599,-0.07613788545131683,-5.710287094116211,-5.807828903198242,,,
23,59649,-0.09747527539730072,-5.752621650695801,-5.865988731384277,,,
23,59699,-0.09518394619226456,-5.782918930053711,-5.887556076049805,,,
23,59749,-0.07782794535160065,-5.740142822265625,-5.843019962310791,,,
23,59799,-0.0991024598479271,-5.730071067810059,-5.838945388793945,,,
23,59849,-0.07356265187263489,-5.752875804901123,-5.860872745513916,,,
23,59899,-0.08240757137537003,-5.712708950042725,-5.8214592933654785,,,
23,59949,-0.08866631984710693,-5.726263046264648,-5.844413757324219,,,
23,59999,-0.06611347943544388,-5.702309608459473,-5.796595096588135,,,
23,59999,,,,-5.7062273025512695,-5.734861850738525,-5.8190016746521
24,60049,-0.1008242517709732,-5.711338996887207,-5.819485187530518,,,
24,60099,-0.07749646157026291,-5.751077651977539,-5.852015018463135,,,
24,60149,-0.07746928185224533,-5.753489971160889,-5.848989963531494,,,
24,60199,-0.0936315581202507,-5.70979642868042,-5.818859577178955,,,
24,60249,-0.07174938917160034,-5.638064384460449,-5.740387916564941,,,
24,60299,-0.09015177190303802,-5.710484027862549,-5.819990634918213,,,
24,60349,-0.10326932370662689,-5.810647487640381,-5.929689884185791,,,
24,60399,-0.07226407527923584,-5.700944900512695,-5.804606914520264,,,
24,60449,-0.07866472005844116,-5.768047332763672,-5.869210243225098,,,
24,60499,-0.09588408470153809,-5.724576950073242,-5.844788551330566,,,
24,60549,-0.08260299265384674,-5.694537162780762,-5.798635005950928,,,
24,60599,-0.09256986528635025,-5.711467742919922,-5.821243762969971,,,
24,60649,-0.0809338390827179,-5.653711318969727,-5.765758991241455,,,
24,60699,-0.0634608194231987,-5.791782379150391,-5.893245697021484,,,
24,60749,-0.10601670295000076,-5.712637424468994,-5.825272083282471,,,
24,60799,-0.0776543989777565,-5.732239723205566,-5.832594871520996,,,
24,60849,-0.07748567312955856,-5.7849016189575195,-5.896393299102783,,,
24,60899,-0.09190475195646286,-5.702522277832031,-5.804374694824219,,,
24,60949,-0.09579822421073914,-5.721409320831299,-5.839186668395996,,,
24,60999,-0.09414148330688477,-5.784772872924805,-5.896716117858887,,,
24,61049,-0.06448154151439667,-5.746311664581299,-5.858354568481445,,,
24,61099,-0.08129118382930756,-5.796811103820801,-5.902052402496338,,,
24,61149,-0.065778449177742,-5.772773265838623,-5.883820533752441,,,
24,61199,-0.08169476687908173,-5.6974687576293945,-5.7977118492126465,,,
24,61249,-0.09658606350421906,-5.763754367828369,-5.870034217834473,,,
24,61299,-0.08998878300189972,-5.757270812988281,-5.878180980682373,,,
24,61349,-0.10340502858161926,-5.759716033935547,-5.867258548736572,,,
24,61399,-0.11392589658498764,-5.662658214569092,-5.770414352416992,,,
24,61449,-0.061322592198848724,-5.7455925941467285,-5.845311641693115,,,
24,61499,-0.07729116082191467,-5.720221996307373,-5.827664852142334,,,
24,61549,-0.05671204254031181,-5.69769811630249,-5.798240661621094,,,
24,61599,-0.07379608601331711,-5.70002555847168,-5.803687572479248,,,
24,61649,-0.06806016713380814,-5.767318248748779,-5.87054443359375,,,
24,61699,-0.1308235377073288,-5.741428375244141,-5.845184326171875,,,
24,61749,-0.12487208843231201,-5.691211700439453,-5.803170204162598,,,
24,61799,-0.09067734330892563,-5.694809436798096,-5.794059753417969,,,
24,61849,-0.10025341063737869,-5.64862060546875,-5.746748924255371,,,
24,61899,-0.06677380204200745,-5.696138381958008,-5.801679611206055,,,
24,61949,-0.11443526297807693,-5.747308254241943,-5.867734909057617,,,
24,61999,-0.0847727358341217,-5.706258773803711,-5.808879375457764,,,
24,62049,-0.07357018440961838,-5.7612504959106445,-5.864968776702881,,,
24,62099,-0.11301828175783157,-5.733345985412598,-5.856069087982178,,,
24,62149,-0.08564884215593338,-5.740328788757324,-5.847818374633789,,,
24,62199,-0.07551773637533188,-5.692232131958008,-5.788459300994873,,,
24,62249,-0.06796061247587204,-5.709001541137695,-5.805341720581055,,,
24,62299,-0.08139076828956604,-5.73521089553833,-5.845081806182861,,,
24,62349,-0.09947262704372406,-5.710236549377441,-5.814645767211914,,,
24,62399,-0.06641092896461487,-5.765460014343262,-5.8617401123046875,,,
24,62449,-0.07051672786474228,-5.681765556335449,-5.782481670379639,,,
24,62499,-0.07105665653944016,-5.70413875579834,-5.808411121368408,,,
24,62499,,,,-5.703611850738525,-5.731848239898682,-5.818780899047852
25,62549,-0.08891801536083221,-5.714482307434082,-5.827993869781494,,,
25,62599,-0.09588643163442612,-5.732492446899414,-5.845955848693848,,,
25,62649,-0.07265394926071167,-5.7121429443359375,-5.819809436798096,,,
25,62699,-0.06663970649242401,-5.715048313140869,-5.8103928565979,,,
25,62749,-0.0866781622171402,-5.653306484222412,-5.7458648681640625,,,
25,62799,-0.07608812302350998,-5.728465557098389,-5.819895267486572,,,
25,62849,-0.08557447046041489,-5.697013854980469,-5.801756381988525,,,
25,62899,-0.1069059669971466,-5.7585062980651855,-5.867347240447998,,,
25,62949,-0.07786453515291214,-5.715236186981201,-5.816049575805664,,,
25,62999,-0.07688067853450775,-5.7542724609375,-5.860564231872559,,,
25,63049,-0.0909852609038353,-5.7171125411987305,-5.815288066864014,,,
25,63099,-0.10859365016222,-5.737114906311035,-5.853082180023193,,,
25,63149,-0.09064266085624695,-5.708211898803711,-5.805200576782227,,,
25,63199,-0.07120309770107269,-5.7374796867370605,-5.832088947296143,,,
25,63249,-0.10566463321447372,-5.727228164672852,-5.83687162399292,,,
25,63299,-0.06464527547359467,-5.716348648071289,-5.816317081451416,,,
25,63349,-0.09004656225442886,-5.7452802658081055,-5.851899147033691,,,
25,63399,-0.07419224828481674,-5.736334800720215,-5.843850135803223,,,
25,63449,-0.07031866908073425,-5.747377395629883,-5.846653461456299,,,
25,63499,-0.08319678902626038,-5.798275470733643,-5.911730766296387,,,
25,63549,-0.08550004661083221,-5.68955135345459,-5.7828369140625,,,
25,63599,-0.09025134891271591,-5.690303802490234,-5.789586067199707,,,
25,63649,-0.09445933252573013,-5.701046943664551,-5.816686153411865,,,
25,63699,-0.06880959123373032,-5.7076191902160645,-5.812763690948486,,,
25,63749,-0.06258667260408401,-5.696385383605957,-5.790309429168701,,,
25,63799,-0.06146645545959473,-5.786613464355469,-5.885528564453125,,,
25,63849,-0.08091211318969727,-5.732227325439453,-5.840887546539307,,,
25,63899,-0.06180306151509285,-5.776306629180908,-5.873616695404053,,,
25,63949,-0.08384540677070618,-5.672269821166992,-5.771585464477539,,,
25,63999,-0.11879734694957733,-5.77827262878418,-5.886769771575928,,,
25,64049,-0.07051756978034973,-5.729527950286865,-5.8322625160217285,,,
25,64099,-0.08547928929328918,-5.719960689544678,-5.820382118225098,,,
25,64149,-0.0777188315987587,-5.77423095703125,-5.882078170776367,,,
25,64199,-0.09217706322669983,-5.735256195068359,-5.833758354187012,,,
25,64249,-0.06794627010822296,-5.724066734313965,-5.822503089904785,,,
25,64299,-0.08089051395654678,-5.743134021759033,-5.848515510559082,,,
25,64349,-0.10365351289510727,-5.730673789978027,-5.83846378326416,,,
25,64399,-0.08199630677700043,-5.730340003967285,-5.838925838470459,,,
25,64449,-0.10396052896976471,-5.690735340118408,-5.8033270835876465,,,
25,64499,-0.09109808504581451,-5.7035346031188965,-5.816131591796875,,,
25,64549,-0.06729037314653397,-5.731757164001465,-5.837950229644775,,,
25,64599,-0.10231581330299377,-5.719552040100098,-5.819931983947754,,,
25,64649,-0.0866440013051033,-5.733857154846191,-5.83652925491333,,,
25,64699,-0.0901564285159111,-5.681722640991211,-5.793412208557129,,,
25,64749,-0.06897758692502975,-5.713911056518555,-5.814827919006348,,,
25,64799,-0.06851423531770706,-5.689271926879883,-5.784007549285889,,,
25,64849,-0.08332143723964691,-5.683711528778076,-5.77854585647583,,,
25,64899,-0.056732505559921265,-5.735966205596924,-5.821897983551025,,,
25,64949,-0.07203935831785202,-5.742876052856445,-5.852962970733643,,,
25,64999,-0.07326673716306686,-5.72259521484375,-5.81853723526001,,,
25,64999,,,,-5.704319000244141,-5.732276916503906,-5.815523147583008
26,65049,-0.07688982784748077,-5.689480304718018,-5.792873382568359,,,
26,65099,-0.08924642205238342,-5.736417770385742,-5.838581562042236,,,
26,65149,-0.08709172904491425,-5.67896842956543,-5.773503303527832,,,
26,65199,-0.05808494612574577,-5.723702907562256,-5.820731163024902,,,
26,65249,-0.09950368851423264,-5.689299583435059,-5.78995943069458,,,
26,65299,-0.08894500881433487,-5.681861877441406,-5.780465602874756,,,
26,65349,-0.10408163070678711,-5.74561882019043,-5.849228858947754,,,
26,65399,-0.0800987109541893,-5.664576530456543,-5.76713228225708,,,
26,65449,-0.12309131026268005,-5.715301990509033,-5.823897361755371,,,
26,65499,-0.0635264441370964,-5.661958694458008,-5.75959587097168,,,
26,65549,-0.0650007352232933,-5.752764701843262,-5.859726428985596,,,
26,65599,-0.07669293135404587,-5.693160533905029,-5.804927825927734,,,
26,65649,-0.0732322409749031,-5.74029541015625,-5.840193748474121,,,
26,65699,-0.07840791344642639,-5.758246421813965,-5.860192775726318,,,
26,65749,-0.09166872501373291,-5.7344255447387695,-5.84421968460083,,,
26,65799,-0.07710666209459305,-5.753342151641846,-5.860308647155762,,,
26,65849,-0.0965556725859642,-5.759631633758545,-5.874730110168457,,,
26,65899,-0.07039085030555725,-5.739562034606934,-5.834264278411865,,,
26,65949,-0.0798291489481926,-5.77098274230957,-5.8738555908203125,,,
26,65999,-0.06786451488733292,-5.746329307556152,-5.8491411209106445,,,
26,66049,-0.06494839489459991,-5.75867223739624,-5.848084449768066,,,
26,66099,-0.08986389636993408,-5.710165500640869,-5.815392971038818,,,
26,66149,-0.07064877450466156,-5.707221031188965,-5.809311866760254,,,
26,66199,-0.06451844424009323,-5.717584609985352,-5.823041915893555,,,
26,66249,-0.06730761379003525,-5.732115745544434,-5.82116174697876,,,
26,66299,-0.060194872319698334,-5.712141990661621,-5.802653789520264,,,
26,66349,-0.06348159909248352,-5.696700096130371,-5.792138576507568,,,
26,66399,-0.06064910814166069,-5.6941986083984375,-5.786332130432129,,,
26,66449,-0.07753901183605194,-5.773553371429443,-5.875918865203857,,,
26,66499,-0.07274158298969269,-5.669582366943359,-5.767608642578125,,,
26,66549,-0.06749456375837326,-5.762526512145996,-5.860437393188477,,,
26,66599,-0.07750995457172394,-5.750942230224609,-5.850974082946777,,,
26,66649,-0.09388557821512222,-5.771901607513428,-5.882508277893066,,,
26,66699,-0.06845975667238235,-5.679961204528809,-5.777095794677734,,,
26,66749,-0.08055806905031204,-5.671866416931152,-5.770691871643066,,,
26,66799,-0.06983213871717453,-5.760345458984375,-5.856735706329346,,,
26,66849,-0.08711417764425278,-5.742372989654541,-5.850845813751221,,,
26,66899,-0.07355101406574249,-5.69175386428833,-5.788321495056152,,,
26,66949,-0.06685103476047516,-5.721601963043213,-5.8149003982543945,,,
26,66999,-0.12395495921373367,-5.708959102630615,-5.817768573760986,,,
26,67049,-0.08035135269165039,-5.699570655822754,-5.805322170257568,,,
26,67099,-0.13143740594387054,-5.769623279571533,-5.881608963012695,,,
26,67149,-0.07449719309806824,-5.73237943649292,-5.833123683929443,,,
26,67199,-0.06944342702627182,-5.770571708679199,-5.877322673797607,,,
26,67249,-0.06847694516181946,-5.73227071762085,-5.831140041351318,,,
26,67299,-0.09323900192975998,-5.710390567779541,-5.819258689880371,,,
26,67349,-0.08317256718873978,-5.76528263092041,-5.87012243270874,,,
26,67399,-0.08436403423547745,-5.671422004699707,-5.767435073852539,,,
26,67449,-0.10213720798492432,-5.683584213256836,-5.7876877784729,,,
26,67499,-0.07457607239484787,-5.703475475311279,-5.803750038146973,,,
26,67499,,,,-5.703709602355957,-5.729876518249512,-5.81070613861084
27,67549,-0.07557456940412521,-5.776056289672852,-5.876328468322754,,,
27,67599,-0.08218240737915039,-5.7690205574035645,-5.873962879180908,,,
27,67649,-0.07669132947921753,-5.760152816772461,-5.8599534034729,,,
27,67699,-0.10168445110321045,-5.777828216552734,-5.883811950683594,,,
27,67749,-0.08127191662788391,-5.6226701736450195,-5.715865135192871,,,
27,67799,-0.08923732489347458,-5.678633689880371,-5.785742282867432,,,
27,67849,-0.10213232040405273,-5.720207214355469,-5.812801361083984,,,
27,67899,-0.06317596137523651,-5.753586769104004,-5.857115268707275,,,
27,67949,-0.0981018990278244,-5.732304096221924,-5.840817928314209,,,
27,67999,-0.06783902645111084,-5.741253852844238,-5.8399200439453125,,,
27,68049,-0.08590307086706161,-5.724681377410889,-5.817887306213379,,,
27,68099,-0.08032432198524475,-5.720733165740967,-5.828322410583496,,,
27,68149,-0.07400001585483551,-5.688735485076904,-5.791033744812012,,,
27,68199,-0.09536223858594894,-5.744373321533203,-5.845286846160889,,,
27,68249,-0.06503202021121979,-5.726040363311768,-5.828759670257568,,,
27,68299,-0.07275073975324631,-5.750787734985352,-5.849646091461182,,,
27,68349,-0.097004733979702,-5.758228778839111,-5.866125583648682,,,
27,68399,-0.07963734120130539,-5.7450971603393555,-5.851049900054932,,,
27,68449,-0.05920249968767166,-5.692817211151123,-5.790251731872559,,,
27,68499,-0.0787137895822525,-5.707836627960205,-5.809496879577637,,,
27,68549,-0.06743475794792175,-5.707083225250244,-5.80448579788208,,,
27,68599,-0.07713005691766739,-5.701728820800781,-5.79705810546875,,,
27,68649,-0.09272309392690659,-5.730472564697266,-5.841200351715088,,,
27,68699,-0.08163844794034958,-5.770038604736328,-5.87053108215332,,,
27,68749,-0.06880626827478409,-5.688358306884766,-5.783689022064209,,,
27,68799,-0.06482885032892227,-5.690366744995117,-5.789322376251221,,,
27,68849,-0.08110534399747849,-5.768014430999756,-5.865099906921387,,,
27,68899,-0.0913572758436203,-5.802635192871094,-5.9063873291015625,,,
27,68949,-0.06410327553749084,-5.752918243408203,-5.846423149108887,,,
27,68999,-0.07166427373886108,-5.763875961303711,-5.865825176239014,,,
27,69049,-0.0676926001906395,-5.734404563903809,-5.822028636932373,,,
27,69099,-0.08493498712778091,-5.731095314025879,-5.825971603393555,,,
27,69149,-0.07770197838544846,-5.769811153411865,-5.875998020172119,,,
27,69199,-0.07493887096643448,-5.712359428405762,-5.801557540893555,,,
27,69249,-0.07683809846639633,-5.6811628341674805,-5.789734363555908,,,
27,69299,-0.07076884061098099,-5.677399635314941,-5.77862548828125,,,
27,69349,-0.09573660045862198,-5.706894874572754,-5.817033767700195,,,
27,69399,-0.062415264546871185,-5.72896671295166,-5.817542552947998,,,
27,69449,-0.10878805071115494,-5.756896018981934,-5.859604358673096,,,
27,69499,-0.058350879698991776,-5.735385894775391,-5.831016540527344,,,
27,69549,-0.08561188727617264,-5.711492538452148,-5.812151908874512,,,
27,69599,-0.082553431391716,-5.732082366943359,-5.82017183303833,,,
27,69649,-0.08367610722780228,-5.75284481048584,-5.843935966491699,,,
27,69699,-0.0568842887878418,-5.7574357986450195,-5.8531622886657715,,,
27,69749,-0.07860088348388672,-5.756953239440918,-5.849241256713867,,,
27,69799,-0.05035359412431717,-5.67423152923584,-5.761507034301758,,,
27,69849,-0.07657106965780258,-5.692477226257324,-5.77579927444458,,,
27,69899,-0.11575552076101303,-5.746951103210449,-5.849074363708496,,,
27,69949,-0.0788780227303505,-5.699251174926758,-5.7972092628479,,,
27,69999,-0.08999831229448318,-5.731557369232178,-5.832292556762695,,,
27,69999,,,,-5.702091217041016,-5.726421356201172,-5.808304309844971
28,70049,-0.060546983033418655,-5.685186862945557,-5.779770374298096,,,
28,70099,-0.07402219623327255,-5.750325679779053,-5.855344295501709,,,
28,70149,-0.07892385870218277,-5.723336219787598,-5.816833972930908,,,
28,70199,-0.06433519721031189,-5.727458953857422,-5.826209545135498,,,
28,70249,-0.08828520774841309,-5.725107192993164,-5.835140228271484,,,
28,70299,-0.0742868036031723,-5.7055864334106445,-5.811921119689941,,,
28,70349,-0.06013894081115723,-5.679908752441406,-5.789618968963623,,,
28,70399,-0.08058755844831467,-5.7398529052734375,-5.837904453277588,,,
28,70449,-0.09077676385641098,-5.7273640632629395,-5.818867206573486,,,
28,70499,-0.07159202545881271,-5.751799583435059,-5.857151508331299,,,
28,70549,-0.06025506928563118,-5.743586540222168,-5.834553241729736,,,
28,70599,-0.07139146327972412,-5.778929710388184,-5.878791332244873,,,
28,70649,-0.07855357229709625,-5.716241836547852,-5.814043998718262,,,
28,70699,-0.097135990858078,-5.70497465133667,-5.801583766937256,,,
28,70749,-0.08097060769796371,-5.803830146789551,-5.893610000610352,,,
28,70799,-0.0810503289103508,-5.684950828552246,-5.781121253967285,,,
28,70849,-0.07706688344478607,-5.671563625335693,-5.77107048034668,,,
28,70899,-0.06260381639003754,-5.744956016540527,-5.831521987915039,,,
28,70949,-0.08367124199867249,-5.775641918182373,-5.888249397277832,,,
28,70999,-0.0800049751996994,-5.695613861083984,-5.7844696044921875,,,
28,71049,-0.08131292462348938,-5.74616813659668,-5.838185787200928,,,
28,71099,-0.05921803414821625,-5.719324111938477,-5.808475017547607,,,
28,71149,-0.07877396047115326,-5.7548112869262695,-5.845810890197754,,,
28,71199,-0.09090383350849152,-5.777007102966309,-5.884590148925781,,,
28,71249,-0.09937795251607895,-5.797618865966797,-5.889312744140625,,,
28,71299,-0.07881379127502441,-5.770342826843262,-5.866140842437744,,,
28,71349,-0.07323815673589706,-5.730937957763672,-5.8218817710876465,,,
28,71399,-0.09181106090545654,-5.7180891036987305,-5.82804536819458,,,
28,71449,-0.0780654102563858,-5.722742080688477,-5.818043231964111,,,
28,71499,-0.09248760342597961,-5.6949357986450195,-5.794447422027588,,,
28,71549,-0.07566949725151062,-5.700305938720703,-5.791591644287109,,,
28,71599,-0.06432826817035675,-5.725703239440918,-5.828400135040283,,,
28,71649,-0.08732360601425171,-5.78896951675415,-5.886627674102783,,,
28,71699,-0.07143048942089081,-5.673489093780518,-5.758016109466553,,,
28,71749,-0.06906479597091675,-5.700428009033203,-5.792571067810059,,,
28,71799,-0.10096888989210129,-5.755345821380615,-5.859667778015137,,,
28,71849,-0.07657970488071442,-5.758811950683594,-5.85713005065918,,,
28,71899,-0.07077103108167648,-5.727360248565674,-5.824489593505859,,,
28,71949,-0.08131757378578186,-5.721225261688232,-5.815544128417969,,,
28,71999,-0.0708174854516983,-5.7574052810668945,-5.8577165603637695,,,
28,72049,-0.06766452640295029,-5.718471050262451,-5.809716701507568,,,
28,72099,-0.09529218822717667,-5.7210798263549805,-5.810358047485352,,,
28,72149,-0.05295037105679512,-5.75972843170166,-5.85570764541626,,,
28,72199,-0.0732056275010109,-5.671178817749023,-5.7695770263671875,,,
28,72249,-0.07997190952301025,-5.743395805358887,-5.838920593261719,,,
28,72299,-0.05016440898180008,-5.78123664855957,-5.861171722412109,,,
28,72349,-0.07285980135202408,-5.731783866882324,-5.8369059562683105,,,
28,72399,-0.05620463192462921,-5.673703193664551,-5.761536598205566,,,
28,72449,-0.0684003159403801,-5.777966022491455,-5.892022609710693,,,
28,72499,-0.07194878160953522,-5.659391403198242,-5.751689434051514,,,
28,72499,,,,-5.704415798187256,-5.730841159820557,-5.808337688446045
29,72549,-0.07041827589273453,-5.725681304931641,-5.817645072937012,,,
29,72599,-0.07271388173103333,-5.681448936462402,-5.778514862060547,,,
29,72649,-0.09130111336708069,-5.722289085388184,-5.8091959953308105,,,
29,72699,-0.06211439147591591,-5.739369869232178,-5.838191986083984,,,
29,72749,-0.09348420798778534,-5.742859840393066,-5.834296703338623,,,
29,72799,-0.0778910368680954,-5.753210067749023,-5.852535247802734,,,
29,72849,-0.0918528363108635,-5.769815444946289,-5.876120567321777,,,
29,72899,-0.09060060232877731,-5.748335361480713,-5.855600357055664,,,
29,72949,-0.07104908674955368,-5.6801228523254395,-5.775418758392334,,,
29,72999,-0.0680697113275528,-5.725709915161133,-5.819157123565674,,,
29,73049,-0.07651337236166,-5.643783092498779,-5.736199855804443,,,
29,73099,-0.0671820417046547,-5.7432541847229,-5.836287498474121,,,
29,73149,-0.06739632040262222,-5.727348804473877,-5.8179168701171875,,,
29,73199,-0.08795628696680069,-5.719794750213623,-5.820914268493652,,,
29,73249,-0.08609932661056519,-5.7499542236328125,-5.8415422439575195,,,
29,73299,-0.06026040390133858,-5.706882476806641,-5.796454906463623,,,
29,73349,-0.07964415103197098,-5.782561302185059,-5.881406307220459,,,
29,73399,-0.07202766090631485,-5.732190132141113,-5.8262939453125,,,
29,73449,-0.09707853198051453,-5.747395992279053,-5.8507256507873535,,,
29,73499,-0.09478232264518738,-5.732156753540039,-5.823188304901123,,,
29,73549,-0.06178624927997589,-5.708535194396973,-5.801229000091553,,,
29,73599,-0.06745337694883347,-5.7163987159729,-5.81252384185791,,,
29,73649,-0.05573654919862747,-5.730050086975098,-5.822959899902344,,,
29,73699,-0.06488753855228424,-5.716955184936523,-5.815892219543457,,,
29,73749,-0.050521936267614365,-5.738880157470703,-5.826412200927734,,,
29,73799,-0.08830846846103668,-5.741629600524902,-5.844118118286133,,,
29,73849,-0.0692531168460846,-5.78142786026001,-5.88076639175415,,,
29,73899,-0.07065790146589279,-5.727385520935059,-5.819183349609375,,,
29,73949,-0.08667712658643723,-5.772298812866211,-5.863783836364746,,,
29,73999,-0.104563869535923,-5.72262716293335,-5.824121952056885,,,
29,74049,-0.06688239425420761,-5.7091875076293945,-5.800801753997803,,,
29,74099,-0.07534147799015045,-5.763765811920166,-5.865326881408691,,,
29,74149,-0.08802419155836105,-5.721312522888184,-5.821387767791748,,,
29,74199,-0.05578937381505966,-5.695193290710449,-5.788297176361084,,,
29,74249,-0.07342413067817688,-5.708720684051514,-5.789102554321289,,,
29,74299,-0.085906982421875,-5.729588508605957,-5.82937479019165,,,
29,74349,-0.07178472727537155,-5.74732780456543,-5.8523149490356445,,,
29,74399,-0.08058580011129379,-5.734691619873047,-5.840479373931885,,,
29,74449,-0.07274910807609558,-5.701574802398682,-5.792403221130371,,,
29,74499,-0.04773237183690071,-5.6707940101623535,-5.74995756149292,,,
29,74549,-0.05687519907951355,-5.757392883300781,-5.850951194763184,,,
29,74599,-0.06305821985006332,-5.690417766571045,-5.787057876586914,,,
29,74649,-0.07392952591180801,-5.709578514099121,-5.810235500335693,,,
29,74699,-0.07935649901628494,-5.729393005371094,-5.822209358215332,,,
29,74749,-0.0863076001405716,-5.784329891204834,-5.888171672821045,,,
29,74799,-0.06397749483585358,-5.730565547943115,-5.817372798919678,,,
29,74849,-0.062182243913412094,-5.735620498657227,-5.827803611755371,,,
29,74899,-0.07059384882450104,-5.76935338973999,-5.868808269500732,,,
29,74949,-0.06686144322156906,-5.713264465332031,-5.80786657333374,,,
29,74999,-0.05682967230677605,-5.66265344619751,-5.761491775512695,,,
29,74999,,,,-5.702945709228516,-5.729696750640869,-5.807628154754639
30,75049,-0.07251404970884323,-5.723155498504639,-5.816916465759277,,,
30,75099,-0.06703945994377136,-5.755876064300537,-5.845624923706055,,,
30,75149,-0.06030932813882828,-5.704143047332764,-5.789373874664307,,,
30,75199,-0.08812694996595383,-5.728686332702637,-5.813625812530518,,,
30,75249,-0.06755983084440231,-5.70857572555542,-5.786042213439941,,,
30,75299,-0.08614761382341385,-5.690276145935059,-5.784708023071289,,,
30,75349,-0.06992390751838684,-5.736593246459961,-5.839630126953125,,,
30,75399,-0.06246635317802429,-5.679399490356445,-5.768709659576416,,,
30,75449,-0.055791400372982025,-5.6910810470581055,-5.77252197265625,,,
30,75499,-0.0654023066163063,-5.734805583953857,-5.823505878448486,,,
30,75549,-0.07357347756624222,-5.66937255859375,-5.7664971351623535,,,
30,75599,-0.08628664165735245,-5.707699298858643,-5.813875675201416,,,
30,75649,-0.10051359236240387,-5.719188690185547,-5.824423789978027,,,
30,75699,-0.06783261895179749,-5.728488922119141,-5.8171820640563965,,,
30,75749,-0.08137581497430801,-5.763117790222168,-5.846019268035889,,,
30,75799,-0.05783597752451897,-5.729951858520508,-5.8260931968688965,,,
30,75849,-0.07027491182088852,-5.733196258544922,-5.827519416809082,,,
30,75899,-0.126546710729599,-5.712639808654785,-5.809625148773193,,,
30,75949,-0.05710073187947273,-5.675025939941406,-5.768935203552246,,,
30,75999,-0.06681332737207413,-5.759798049926758,-5.848311424255371,,,
30,76049,-0.07010484486818314,-5.792511940002441,-5.900155067443848,,,
30,76099,-0.07263679057359695,-5.739387035369873,-5.828180313110352,,,
30,76149,-0.07171446084976196,-5.73513126373291,-5.826322078704834,,,
30,76199,-0.06490225344896317,-5.751899719238281,-5.855888366699219,,,
30,76249,-0.06967232376337051,-5.680610656738281,-5.769069194793701,,,
30,76299,-0.08891677856445312,-5.7613725662231445,-5.865236759185791,,,
30,76349,-0.05156054347753525,-5.748507022857666,-5.851466655731201,,,
30,76399,-0.07654932141304016,-5.701364517211914,-5.796581745147705,,,
30,76449,-0.05467958375811577,-5.688312530517578,-5.785601615905762,,,
30,76499,-0.060706887394189835,-5.685892105102539,-5.791651248931885,,,
30,76549,-0.06042783707380295,-5.732180595397949,-5.815425872802734,,,
30,76599,-0.06842231005430222,-5.703814506530762,-5.801356792449951,,,
30,76649,-0.07130935788154602,-5.76042366027832,-5.844596862792969,,,
30,76699,-0.060512468218803406,-5.741405963897705,-5.827132225036621,,,
30,76749,-0.0882066860795021,-5.740579605102539,-5.821982383728027,,,
30,76799,-0.0628875270485878,-5.726950645446777,-5.831827640533447,,,
30,76849,-0.09352746605873108,-5.70296573638916,-5.800319671630859,,,
30,76899,-0.07221147418022156,-5.743302345275879,-5.834407329559326,,,
30,76949,-0.054920297116041183,-5.732668876647949,-5.816904067993164,,,
30,76999,-0.04813281446695328,-5.75933837890625,-5.856306076049805,,,
30,77049,-0.060808952897787094,-5.740177154541016,-5.826375484466553,,,
30,77099,-0.08090232312679291,-5.704287528991699,-5.794657230377197,,,
30,77149,-0.07822597026824951,-5.722031593322754,-5.821662425994873,,,
30,77199,-0.08024642616510391,-5.785052299499512,-5.872334957122803,,,
30,77249,-0.08192311972379684,-5.700234413146973,-5.79582405090332,,,
30,77299,-0.06996959447860718,-5.709074974060059,-5.804582595825195,,,
30,77349,-0.07406393438577652,-5.684299468994141,-5.766528129577637,,,
30,77399,-0.05852712318301201,-5.710422515869141,-5.801570892333984,,,
30,77449,-0.06309070438146591,-5.709062576293945,-5.799733638763428,,,
30,77499,-0.07603303343057632,-5.701838970184326,-5.78185510635376,,,
30,77499,,,,-5.702350616455078,-5.726768970489502,-5.804579257965088
31,77549,-0.07747197896242142,-5.806985855102539,-5.906332969665527,,,
31,77599,-0.07399485260248184,-5.7021307945251465,-5.794002532958984,,,
31,77649,-0.07314833253622055,-5.692374229431152,-5.782015323638916,,,
31,77699,-0.0666683092713356,-5.7347331047058105,-5.833687782287598,,,
31,77749,-0.07249057292938232,-5.7625017166137695,-5.85218620300293,,,
31,77799,-0.04858323559165001,-5.744347095489502,-5.828265190124512,,,
31,77849,-0.08427401632070541,-5.695825099945068,-5.795435428619385,,,
31,77899,-0.051904648542404175,-5.692099571228027,-5.7761406898498535,,,
31,77949,-0.08255145698785782,-5.7107110023498535,-5.804590702056885,,,
31,77999,-0.06292624026536942,-5.762214660644531,-5.852142333984375,,,
31,78049,-0.06143340840935707,-5.718225479125977,-5.816586971282959,,,
31,78099,-0.05312943458557129,-5.719532012939453,-5.81403923034668,,,
31,78149,-0.06234294921159744,-5.671443939208984,-5.757119178771973,,,
31,78199,-0.05920685455203056,-5.690769672393799,-5.77365779876709,,,
31,78249,-0.08919782191514969,-5.712681293487549,-5.816112995147705,,,
31,78299,-0.07141751050949097,-5.673152923583984,-5.762842655181885,,,
31,78349,-0.08203210681676865,-5.762485504150391,-5.86352014541626,,,
31,78399,-0.0619894377887249,-5.731013298034668,-5.811707496643066,,,
31,78449,-0.06245032325387001,-5.7011823654174805,-5.800404071807861,,,
31,78499,-0.05607466399669647,-5.731161117553711,-5.822556018829346,,,
31,78549,-0.08140525966882706,-5.688075065612793,-5.778378963470459,,,
31,78599,-0.06787151098251343,-5.664032936096191,-5.74371862411499,,,
31,78649,-0.08697042614221573,-5.705101013183594,-5.804688453674316,,,
31,78699,-0.05359207093715668,-5.733186721801758,-5.82207727432251,,,
31,78749,-0.08075452595949173,-5.727776527404785,-5.824826717376709,,,
31,78799,-0.06807463616132736,-5.704421520233154,-5.797598838806152,,,
31,78849,-0.07267631590366364,-5.749434471130371,-5.840430736541748,,,
31,78899,-0.07240737974643707,-5.725331783294678,-5.826303005218506,,,
31,78949,-0.06359193474054337,-5.787127494812012,-5.88311243057251,,,
31,78999,-0.07416994124650955,-5.713380813598633,-5.803101062774658,,,
31,79049,-0.05756590887904167,-5.680584907531738,-5.770391941070557,,,
31,79099,-0.09162794798612595,-5.756442070007324,-5.846888065338135,,,
31,79149,-0.08453050255775452,-5.719079971313477,-5.819451808929443,,,
31,79199,-0.056238386780023575,-5.725041389465332,-5.804894924163818,,,
31,79249,-0.06134149432182312,-5.771224021911621,-5.873274326324463,,,
31,79299,-0.0675823763012886,-5.69223690032959,-5.781520843505859,,,
31,79349,-0.07869643718004227,-5.762129306793213,-5.859528064727783,,,
31,79399,-0.06315527856349945,-5.728090286254883,-5.812468528747559,,,
31,79449,-0.051044829189777374,-5.766190528869629,-5.851831436157227,,,
31,79499,-0.05880071595311165,-5.712820053100586,-5.802203178405762,,,
31,79549,-0.06416907906532288,-5.738160133361816,-5.826333045959473,,,
31,79599,-0.06940662860870361,-5.728850364685059,-5.818887710571289,,,
31,79649,-0.06716751307249069,-5.713651657104492,-5.80224609375,,,
31,79699,-0.07096860557794571,-5.71225643157959,-5.805630207061768,,,
31,79749,-0.06668397039175034,-5.723933696746826,-5.8223490715026855,,,
31,79799,-0.06168415769934654,-5.720393180847168,-5.813419818878174,,,
31,79849,-0.06188054755330086,-5.737527370452881,-5.823819637298584,,,
31,79899,-0.06570884585380554,-5.731738090515137,-5.827317237854004,,,
31,79949,-0.07519997656345367,-5.727298736572266,-5.82362174987793,,,
31,79999,-0.07177626341581345,-5.70860481262207,-5.788853645324707,,,
31,79999,,,,-5.703865051269531,-5.729896068572998,-5.803132057189941
32,80049,-0.06537118554115295,-5.729612350463867,-5.813683986663818,,,
32,80099,-0.07877977192401886,-5.683413982391357,-5.765254974365234,,,
32,80149,-0.07481233775615692,-5.726966381072998,-5.813930988311768,,,
32,80199,-0.062069930136203766,-5.7450408935546875,-5.840671062469482,,,
32,80249,-0.09358484297990799,-5.780180931091309,-5.887122631072998,,,
32,80299,-0.056373413652181625,-5.734137535095215,-5.82251501083374,,,
32,80349,-0.06283103674650192,-5.683109283447266,-5.7778754234313965,,,
32,80399,-0.07838376611471176,-5.774560928344727,-5.874478816986084,,,
32,80449,-0.07972671836614609,-5.710532188415527,-5.806933403015137,,,
32,80499,-0.06357699632644653,-5.782406330108643,-5.8724822998046875,,,
32,80549,-0.06146928295493126,-5.659306526184082,-5.749777793884277,,,
32,80599,-0.050726089626550674,-5.718286514282227,-5.800363540649414,,,
32,80649,-0.058302801102399826,-5.712261199951172,-5.811111927032471,,,
32,80699,-0.05908168479800224,-5.746884346008301,-5.8279709815979,,,
32,80749,-0.08052647113800049,-5.75834846496582,-5.854546546936035,,,
32,80799,-0.058738887310028076,-5.723661422729492,-5.814043998718262,,,
32,80849,-0.06927832216024399,-5.703927040100098,-5.78753662109375,,,
32,80899,-0.08840732276439667,-5.695564270019531,-5.789538383483887,,,
32,80949,-0.06484757363796234,-5.771498203277588,-5.871667385101318,,,
32,80999,-0.056749533861875534,-5.716423988342285,-5.810966491699219,,,
32,81049,-0.07284096628427505,-5.750053405761719,-5.833906173706055,,,
32,81099,-0.08111751079559326,-5.650548458099365,-5.735198974609375,,,
32,81149,-0.05607014149427414,-5.7555460929870605,-5.837830543518066,,,
32,81199,-0.06612388789653778,-5.748793125152588,-5.835720062255859,,,
32,81249,-0.07999835163354874,-5.73386287689209,-5.832363128662109,,,
32,81299,-0.07474732398986816,-5.785749435424805,-5.8796610832214355,,,
32,81349,-0.06215449050068855,-5.730888366699219,-5.817019462585449,,,
32,81399,-0.06855911761522293,-5.733016014099121,-5.823270320892334,,,
32,81449,-0.047078341245651245,-5.718708515167236,-5.795906066894531,,,
32,81499,-0.05075903609395027,-5.692360877990723,-5.775399208068848,,,
32,81549,-0.07223787903785706,-5.687912464141846,-5.796539306640625,,,
32,81599,-0.08095578849315643,-5.732322692871094,-5.825102806091309,,,
32,81649,-0.07821600139141083,-5.707525253295898,-5.805222034454346,,,
32,81699,-0.06273626536130905,-5.745635986328125,-5.834564208984375,,,
32,81749,-0.06888341903686523,-5.737513542175293,-5.829520225524902,,,
32,81799,-0.05658223107457161,-5.700868606567383,-5.7804694175720215,,,
32,81849,-0.08877091854810715,-5.732824325561523,-5.828927993774414,,,
32,81899,-0.07047328352928162,-5.77372932434082,-5.870759010314941,,,
32,81949,-0.0793764591217041,-5.715963363647461,-5.811124324798584,,,
32,81999,-0.05750688537955284,-5.661650657653809,-5.749895095825195,,,
32,82049,-0.05358812212944031,-5.726498126983643,-5.811939716339111,,,
32,82099,-0.06921402364969254,-5.7786149978637695,-5.875374794006348,,,
32,82149,-0.09165611118078232,-5.725168228149414,-5.827676296234131,,,
32,82199,-0.06655804812908173,-5.671505928039551,-5.767210960388184,,,
32,82249,-0.06231287866830826,-5.7593278884887695,-5.849556922912598,,,
32,82299,-0.06673722714185715,-5.690816402435303,-5.779644012451172,,,
32,82349,-0.07114408165216446,-5.713561058044434,-5.803916931152344,,,
32,82399,-0.06447084248065948,-5.734349250793457,-5.833428382873535,,,
32,82449,-0.07948920875787735,-5.737668037414551,-5.836851596832275,,,
32,82499,-0.05715301260352135,-5.735438346862793,-5.8258256912231445,,,
32,82499,,,,-5.702447891235352,-5.72625207901001,-5.799631595611572
33,82549,-0.050574664026498795,-5.772426605224609,-5.851078987121582,,,
33,82599,-0.07115406543016434,-5.726581573486328,-5.808587551116943,,,
33,82649,-0.06565870344638824,-5.704742908477783,-5.790277004241943,,,
33,82699,-0.06770377606153488,-5.71174430847168,-5.802209377288818,,,
33,82749,-0.08637847751379013,-5.764627456665039,-5.855449676513672,,,
33,82799,-0.06902698427438736,-5.697105407714844,-5.777176380157471,,,
33,82849,-0.06316397339105606,-5.596349239349365,-5.68561315536499,,,
33,82899,-0.10136012732982635,-5.694472789764404,-5.794791221618652,,,
33,82949,-0.056261301040649414,-5.77213191986084,-5.848652362823486,,,
33,82999,-0.0698031336069107,-5.712434768676758,-5.810178279876709,,,
33,83049,-0.06637968122959137,-5.712961196899414,-5.796197414398193,,,
33,83099,-0.06842963397502899,-5.739274024963379,-5.832495212554932,,,
33,83149,-0.07229943573474884,-5.766800403594971,-5.857171535491943,,,
33,83199,-0.045038145035505295,-5.676349639892578,-5.756840705871582,,,
33,83249,-0.06632542610168457,-5.730473518371582,-5.81585168838501,,,
33,83299,-0.06948303431272507,-5.708371162414551,-5.796205997467041,,,
33,83349,-0.06837636977434158,-5.734871864318848,-5.82358980178833,,,
33,83399,-0.06743256002664566,-5.67243766784668,-5.757471561431885,,,
33,83449,-0.0666874572634697,-5.709200859069824,-5.81375789642334,,,
33,83499,-0.06024548411369324,-5.7556047439575195,-5.83729887008667,,,
33,83549,-0.07281237095594406,-5.741710662841797,-5.828258514404297,,,
33,83599,-0.06819456070661545,-5.749024391174316,-5.848158836364746,,,
33,83649,-0.05434631556272507,-5.721588134765625,-5.801141738891602,,,
33,83699,-0.07005014270544052,-5.732545852661133,-5.821431636810303,,,
33,83749,-0.062478382140398026,-5.741716384887695,-5.838030815124512,,,
33,83799,-0.06873299181461334,-5.774951457977295,-5.860635757446289,,,
33,83849,-0.06042051315307617,-5.721620559692383,-5.814284324645996,,,
33,83899,-0.07144720107316971,-5.723065376281738,-5.809404373168945,,,
33,83949,-0.06701309978961945,-5.714166641235352,-5.803737640380859,,,
33,83999,-0.05259003862738609,-5.732945442199707,-5.815853118896484,,,
33,84049,-0.06332206726074219,-5.794926643371582,-5.876942157745361,,,
33,84099,-0.08932612836360931,-5.747148513793945,-5.832385063171387,,,
33,84149,-0.05372718349099159,-5.767386436462402,-5.843672752380371,,,
33,84199,-0.0642256885766983,-5.736804008483887,-5.822840213775635,,,
33,84249,-0.06620624661445618,-5.730417728424072,-5.820161819458008,,,
33,84299,-0.08330722898244858,-5.744263648986816,-5.830153465270996,,,
33,84349,-0.06342089176177979,-5.681765556335449,-5.767087936401367,,,
33,84399,-0.05481709912419319,-5.6823835372924805,-5.765102863311768,,,
33,84449,-0.10520019382238388,-5.71849250793457,-5.805441379547119,,,
33,84499,-0.08053398877382278,-5.767536163330078,-5.86670446395874,,,
33,84549,-0.053110525012016296,-5.752072334289551,-5.832282543182373,,,
33,84599,-0.06084873527288437,-5.74011754989624,-5.819888591766357,,,
33,84649,-0.08392222225666046,-5.695342063903809,-5.781832218170166,,,
33,84699,-0.06484819203615189,-5.7842020988464355,-5.871344089508057,,,
33,84749,-0.057884786278009415,-5.70288610458374,-5.784717082977295,,,
33,84799,-0.05615444853901863,-5.711728572845459,-5.79474401473999,,,
33,84849,-0.05957775563001633,-5.774416923522949,-5.870181560516357,,,
33,84899,-0.06527618318796158,-5.814604759216309,-5.9099884033203125,,,
33,84949,-0.05895024165511131,-5.750100135803223,-5.841794967651367,,,
33,84999,-0.055950429290533066,-5.769179344177246,-5.850812911987305,,,
33,84999,,,,-5.70208215713501,-5.725403308868408,-5.796500205993652
34,85049,-0.07291007041931152,-5.712276458740234,-5.801319599151611,,,
34,85099,-0.06395222246646881,-5.688719749450684,-5.780226707458496,,,
34,85149,-0.07569177448749542,-5.772679328918457,-5.868404388427734,,,
34,85199,-0.0851966068148613,-5.74318265914917,-5.823995113372803,,,
34,85249,-0.06337886303663254,-5.725929260253906,-5.820469856262207,,,
34,85299,-0.08349204808473587,-5.788168907165527,-5.879621982574463,,,
34,85349,-0.08126799762248993,-5.702117919921875,-5.800364971160889,,,
34,85399,-0.08152388036251068,-5.784416198730469,-5.870773792266846,,,
34,85449,-0.0494103766977787,-5.664634704589844,-5.742565631866455,,,
34,85499,-0.06303999572992325,-5.755772113800049,-5.846734523773193,,,
34,85549,-0.051196735352277756,-5.742158889770508,-5.834732532501221,,,
34,85599,-0.06934390217065811,-5.777134418487549,-5.873095512390137,,,
34,85649,-0.07544487714767456,-5.716001510620117,-5.812650203704834,,,
34,85699,-0.07927624881267548,-5.716059684753418,-5.817978382110596,,,
34,85749,-0.08205512911081314,-5.752985954284668,-5.845699787139893,,,
34,85799,-0.07286184281110764,-5.745461463928223,-5.827329158782959,,,
34,85849,-0.08989600092172623,-5.734052658081055,-5.819579124450684,,,
34,85899,-0.06889542937278748,-5.713161468505859,-5.79394006729126,,,
34,85949,-0.06541213393211365,-5.7288665771484375,-5.815522193908691,,,
34,85999,-0.08195452392101288,-5.718447685241699,-5.801855564117432,,,
34,86049,-0.06376555562019348,-5.703944683074951,-5.789953708648682,,,
34,86099,-0.05774106830358505,-5.7754364013671875,-5.858118534088135,,,
34,86149,-0.0637873113155365,-5.742457866668701,-5.824349403381348,,,
34,86199,-0.049600761383771896,-5.733395576477051,-5.810060977935791,,,
34,86249,-0.05846576392650604,-5.728586196899414,-5.818008899688721,,,
34,86299,-0.06824738532304764,-5.768120288848877,-5.878193378448486,,,
34,86349,-0.08373714983463287,-5.678314685821533,-5.78162956237793,,,
34,86399,-0.05166067183017731,-5.737398624420166,-5.817847728729248,,,
34,86449,-0.08251988887786865,-5.712854385375977,-5.812417984008789,,,
34,86499,-0.06793708354234695,-5.7040252685546875,-5.7942962646484375,,,
34,86549,-0.06171660125255585,-5.765910625457764,-5.849008083343506,,,
34,86599,-0.06728492677211761,-5.706705570220947,-5.7958292961120605,,,
34,86649,-0.0648631751537323,-5.7134175300598145,-5.799591541290283,,,
34,86699,-0.06796582043170929,-5.733191967010498,-5.819706439971924,,,
34,86749,-0.06387444585561752,-5.722088813781738,-5.8108086585998535,,,
34,86799,-0.06448044627904892,-5.722203254699707,-5.800895690917969,,,
34,86849,-0.052128102630376816,-5.704093933105469,-5.782872200012207,,,
34,86899,-0.05859402194619179,-5.6946868896484375,-5.7723517417907715,,,
34,86949,-0.08162488788366318,-5.700495719909668,-5.791162014007568,,,
34,86999,-0.07387378066778183,-5.743339538574219,-5.826140403747559,,,
34,87049,-0.05001200735569,-5.7059736251831055,-5.788019180297852,,,
34,87099,-0.09684854000806808,-5.692841053009033,-5.7813568115234375,,,
34,87149,-0.06180344894528389,-5.759507179260254,-5.845367431640625,,,
34,87199,-0.051561105996370316,-5.775270938873291,-5.868565082550049,,,
34,87249,-0.06624282151460648,-5.743809700012207,-5.834423065185547,,,
34,87299,-0.05645909160375595,-5.670923709869385,-5.751357078552246,,,
34,87349,-0.047411732375621796,-5.732022285461426,-5.817261219024658,,,
34,87399,-0.055247485637664795,-5.76460075378418,-5.846894264221191,,,
34,87449,-0.06437553465366364,-5.724114418029785,-5.810275077819824,,,
34,87499,-0.0748797133564949,-5.714504718780518,-5.80128288269043,,,
34,87499,,,,-5.702825546264648,-5.7272748947143555,-5.797155380249023
35,87549,-0.05146023631095886,-5.747064590454102,-5.836395263671875,,,
35,87599,-0.06858104467391968,-5.707537651062012,-5.8012614250183105,,,
35,87649,-0.09356199204921722,-5.6386919021606445,-5.727604866027832,,,
35,87699,-0.05851418524980545,-5.737512588500977,-5.829843521118164,,,
35,87749,-0.08527515083551407,-5.693143367767334,-5.778104305267334,,,
35,87799,-0.08917246013879776,-5.68649959564209,-5.788381099700928,,,
35,87849,-0.0877811387181282,-5.754450798034668,-5.835077285766602,,,
35,87899,-0.07329920679330826,-5.753032684326172,-5.853853702545166,,,
35,87949,-0.08199559152126312,-5.71678352355957,-5.804040908813477,,,
35,87999,-0.08009376376867294,-5.677593231201172,-5.763262748718262,,,
35,88049,-0.0640631765127182,-5.69175910949707,-5.781691551208496,,,
35,88099,-0.056726668030023575,-5.7028937339782715,-5.7831573486328125,,,
35,88149,-0.07102403789758682,-5.707761764526367,-5.795217037200928,,,
35,88199,-0.08683835715055466,-5.7622246742248535,-5.85647439956665,,,
35,88249,-0.06999870389699936,-5.805438041687012,-5.894570827484131,,,
35,88299,-0.051213301718235016,-5.71638822555542,-5.805966854095459,,,
35,88349,-0.05728437379002571,-5.702832221984863,-5.780559062957764,,,
35,88399,-0.0593869686126709,-5.688143730163574,-5.76755952835083,,,
35,88449,-0.06330320984125137,-5.741872787475586,-5.834396839141846,,,
35,88499,-0.08528478443622589,-5.720108509063721,-5.798213481903076,,,
35,88549,-0.054273299872875214,-5.7408270835876465,-5.816131591796875,,,
35,88599,-0.062472179532051086,-5.676924705505371,-5.767685890197754,,,
35,88649,-0.06082573160529137,-5.709658622741699,-5.788505554199219,,,
35,88699,-0.06438024342060089,-5.712579250335693,-5.801217079162598,,,
35,88749,-0.06259896606206894,-5.776854991912842,-5.865015506744385,,,
35,88799,-0.06434052437543869,-5.725959777832031,-5.807275295257568,,,
35,88849,-0.0727105364203453,-5.730542182922363,-5.83113431930542,,,
35,88899,-0.0454438142478466,-5.750713348388672,-5.844704627990723,,,
35,88949,-0.06652292609214783,-5.703466892242432,-5.789426803588867,,,
35,88999,-0.05876201391220093,-5.667547225952148,-5.755134582519531,,,
35,89049,-0.07120423763990402,-5.762855529785156,-5.858287334442139,,,
35,89099,-0.07039118558168411,-5.800334930419922,-5.887373924255371,,,
35,89149,-0.09337495267391205,-5.725319862365723,-5.813612461090088,,,
35,89199,-0.05466671660542488,-5.7341084480285645,-5.819471836090088,,,
35,89249,-0.04133512079715729,-5.7436017990112305,-5.815996170043945,,,
35,89299,-0.06350334733724594,-5.754545211791992,-5.843564987182617,,,
35,89349,-0.07102465629577637,-5.722070693969727,-5.817280292510986,,,
35,89399,-0.0684032216668129,-5.749309539794922,-5.839478492736816,,,
35,89449,-0.062142666429281235,-5.740886688232422,-5.837512016296387,,,
35,89499,-0.05762847885489464,-5.7158403396606445,-5.7983245849609375,,,
35,89549,-0.08311429619789124,-5.750977039337158,-5.847535133361816,,,
35,89599,-0.11229090392589569,-5.768868923187256,-5.85652494430542,,,
35,89649,-0.058184776455163956,-5.735251426696777,-5.819664001464844,,,
35,89699,-0.07588593661785126,-5.7458391189575195,-5.831881046295166,,,
35,89749,-0.0663677379488945,-5.737046241760254,-5.825465679168701,,,
35,89799,-0.09320160746574402,-5.740797996520996,-5.830881595611572,,,
35,89849,-0.07435734570026398,-5.7083258628845215,-5.797079563140869,,,
35,89899,-0.06046226993203163,-5.692365646362305,-5.7829132080078125,,,
35,89949,-0.03972432017326355,-5.706972599029541,-5.783567428588867,,,
35,89999,-0.036728642880916595,-5.6847734451293945,-5.756192684173584,,,
35,89999,,,,-5.702508926391602,-5.728976726531982,-5.7983903884887695
36,90049,-0.07177963852882385,-5.7069993019104,-5.792844772338867,,,
36,90099,-0.07911942899227142,-5.703444957733154,-5.78239107131958,,,
36,90149,-0.06299733370542526,-5.759756088256836,-5.8406982421875,,,
36,90199,-0.0862416997551918,-5.712396621704102,-5.80938720703125,,,
36,90249,-0.05836515128612518,-5.72477912902832,-5.807746410369873,,,
36,90299,-0.08964908123016357,-5.715404987335205,-5.824410438537598,,,
36,90349,-0.053149204701185226,-5.740203857421875,-5.817152500152588,,,
36,90399,-0.058340270072221756,-5.781076431274414,-5.870433330535889,,,
36,90449,-0.059547100216150284,-5.681689262390137,-5.764649391174316,,,
36,90499,-0.059887245297431946,-5.702558517456055,-5.784068584442139,,,
36,90549,-0.06405538320541382,-5.751094818115234,-5.839022159576416,,,
36,90599,-0.06644540280103683,-5.670132160186768,-5.752464294433594,,,
36,90649,-0.055257346481084824,-5.706625938415527,-5.7992844581604,,,
36,90699,-0.06376529484987259,-5.753459930419922,-5.843494892120361,,,
36,90749,-0.045898742973804474,-5.681817054748535,-5.77381706237793,,,
36,90799,-0.05396927148103714,-5.700068473815918,-5.784017086029053,,,
36,90849,-0.061717551201581955,-5.713353633880615,-5.796696186065674,,,
36,90899,-0.06698630005121231,-5.726805686950684,-5.806894779205322,,,
36,90949,-0.06026959419250488,-5.741765975952148,-5.828227519989014,,,
36,90999,-0.04936155304312706,-5.738563060760498,-5.819180965423584,,,
36,91049,-0.07051437348127365,-5.746440410614014,-5.837276458740234,,,
36,91099,-0.056359585374593735,-5.717032432556152,-5.7981858253479,,,
36,91149,-0.06311386078596115,-5.722522735595703,-5.82557487487793,,,
36,91199,-0.051199253648519516,-5.74595832824707,-5.83115816116333,,,
36,91249,-0.07012470811605453,-5.7330241203308105,-5.821127891540527,,,
36,91299,-0.06171463057398796,-5.687124252319336,-5.769982814788818,,,
36,91349,-0.08258635550737381,-5.721179008483887,-5.813051223754883,,,
36,91399,-0.06426253169775009,-5.719814777374268,-5.806851863861084,,,
36,91449,-0.06793344020843506,-5.718258857727051,-5.803028583526611,,,
36,91499,-0.10663564503192902,-5.725014686584473,-5.812450885772705,,,
36,91549,-0.06878229975700378,-5.742204666137695,-5.842104434967041,,,
36,91599,-0.06938169151544571,-5.691197872161865,-5.779865741729736,,,
36,91649,-0.05098022520542145,-5.719329357147217,-5.804953098297119,,,
36,91699,-0.07405643165111542,-5.751152038574219,-5.850502967834473,,,
36,91749,-0.07134765386581421,-5.754711151123047,-5.840364933013916,,,
36,91799,-0.06157049164175987,-5.722159385681152,-5.806071758270264,,,
36,91849,-0.06729249656200409,-5.727897644042969,-5.82194709777832,,,
36,91899,-0.04700504615902901,-5.735864639282227,-5.820651054382324,,,
36,91949,-0.07537682354450226,-5.692653179168701,-5.778809070587158,,,
36,91999,-0.04888324812054634,-5.677528381347656,-5.758398532867432,,,
36,92049,-0.06829895824193954,-5.727914810180664,-5.81077241897583,,,
36,92099,-0.04779377952218056,-5.7259111404418945,-5.805088996887207,,,
36,92149,-0.09081348031759262,-5.695743560791016,-5.782356262207031,,,
36,92199,-0.056409016251564026,-5.671605587005615,-5.762645244598389,,,
36,92249,-0.06405716389417648,-5.723089218139648,-5.802891731262207,,,
36,92299,-0.05736251547932625,-5.714494228363037,-5.808138370513916,,,
36,92349,-0.04760899394750595,-5.741560935974121,-5.82695198059082,,,
36,92399,-0.061990439891815186,-5.739843845367432,-5.82982873916626,,,
36,92449,-0.05625429004430771,-5.775859832763672,-5.862067699432373,,,
36,92499,-0.06283412128686905,-5.726860523223877,-5.80706787109375,,,
36,92499,,,,-5.702565670013428,-5.726099491119385,-5.795176982879639
37,92549,-0.05612635612487793,-5.720098495483398,-5.801484107971191,,,
37,92599,-0.06525514274835587,-5.707618236541748,-5.792769432067871,,,
37,92649,-0.11992013454437256,-5.75634765625,-5.850671291351318,,,
37,92699,-0.080225870013237,-5.710384368896484,-5.802768230438232,,,
37,92749,-0.05823393538594246,-5.751066207885742,-5.834592342376709,,,
37,92799,-0.0760035291314125,-5.740123271942139,-5.816583156585693,,,
37,92849,-0.06225801259279251,-5.7550201416015625,-5.842060565948486,,,
37,92899,-0.04767995700240135,-5.772385597229004,-5.864774227142334,,,
37,92949,-0.04453849792480469,-5.7074103355407715,-5.789474964141846,,,
37,92999,-0.05066097527742386,-5.730640411376953,-5.81022310256958,,,
37,93049,-0.0683305636048317,-5.774011611938477,-5.87205696105957,,,
37,93099,-0.06447992473840714,-5.6791534423828125,-5.766124248504639,,,
37,93149,-0.06291233748197556,-5.789486885070801,-5.886160850524902,,,
37,93199,-0.07299498468637466,-5.708310127258301,-5.788698673248291,,,
37,93249,-0.056887395679950714,-5.710397720336914,-5.797554016113281,,,
37,93299,-0.08273313194513321,-5.732773303985596,-5.819055080413818,,,
37,93349,-0.05165554955601692,-5.731707572937012,-5.812663555145264,,,
37,93399,-0.08323287963867188,-5.707239627838135,-5.790876388549805,,,
37,93449,-0.060595590621232986,-5.652076721191406,-5.736088752746582,,,
37,93499,-0.053618431091308594,-5.72007942199707,-5.795071125030518,,,
37,93549,-0.07031731307506561,-5.677005767822266,-5.757449150085449,,,
37,93599,-0.06284991651773453,-5.636688709259033,-5.706667423248291,,,
37,93649,-0.07497121393680573,-5.715699195861816,-5.801586627960205,,,
37,93699,-0.05817896127700806,-5.718780517578125,-5.807068824768066,,,
37,93749,-0.10061050206422806,-5.742793083190918,-5.838091850280762,,,
37,93799,-0.07334712892770767,-5.766930103302002,-5.85454797744751,,,
37,93849,-0.07166874408721924,-5.661397933959961,-5.751200199127197,,,
37,93899,-0.0837244987487793,-5.767751693725586,-5.860734939575195,,,
37,93949,-0.04269496351480484,-5.785045623779297,-5.866654396057129,,,
37,93999,-0.07013461738824844,-5.743932723999023,-5.825718879699707,,,
37,94049,-0.09618790447711945,-5.676370620727539,-5.764621257781982,,,
37,94099,-0.05726262927055359,-5.729708671569824,-5.804243564605713,,,
37,94149,-0.05141524225473404,-5.728679656982422,-5.811529636383057,,,
37,94199,-0.05699162185192108,-5.726877689361572,-5.815704345703125,,,
37,94249,-0.06237690895795822,-5.674188613891602,-5.765445232391357,,,
37,94299,-0.04878777265548706,-5.746643543243408,-5.815778732299805,,,
37,94349,-0.05674786865711212,-5.711544036865234,-5.797036170959473,,,
37,94399,-0.07359849661588669,-5.722751617431641,-5.803311824798584,,,
37,94449,-0.06463337689638138,-5.729320049285889,-5.822361946105957,,,
37,94499,-0.0750897005200386,-5.673418998718262,-5.756740570068359,,,
37,94549,-0.07214537262916565,-5.699711799621582,-5.789394378662109,,,
37,94599,-0.08261878788471222,-5.773619651794434,-5.863811016082764,,,
37,94649,-0.07815080136060715,-5.756567478179932,-5.853701591491699,,,
37,94699,-0.05576503276824951,-5.736091136932373,-5.810794353485107,,,
37,94749,-0.07065452635288239,-5.750356674194336,-5.828463077545166,,,
37,94799,-0.055210456252098083,-5.70987606048584,-5.792115211486816,,,
37,94849,-0.06611479818820953,-5.7102274894714355,-5.806820392608643,,,
37,94899,-0.061156708747148514,-5.679234504699707,-5.764119625091553,,,
37,94949,-0.07587604224681854,-5.707256317138672,-5.786980628967285,,,
37,94999,-0.052804213017225266,-5.690146446228027,-5.763683795928955,,,
37,94999,,,,-5.702392578125,-5.725009918212891,-5.790781021118164
38,95049,-0.05833881348371506,-5.722724914550781,-5.8041300773620605,,,
38,95099,-0.06415469199419022,-5.775328636169434,-5.858328819274902,,,
38,95149,-0.07994238287210464,-5.79534912109375,-5.876842021942139,,,
38,95199,-0.058520831167697906,-5.701688766479492,-5.780242919921875,,,
38,95249,-0.052473392337560654,-5.696839809417725,-5.7814836502075195,,,
38,95299,-0.05456940457224846,-5.7253828048706055,-5.799604892730713,,,
38,95349,-0.0505572110414505,-5.7418365478515625,-5.817827224731445,,,
38,95399,-0.05759173259139061,-5.690565586090088,-5.775887489318848,,,
38,95449,-0.058312300592660904,-5.743902206420898,-5.8185296058654785,,,
38,95499,-0.06396056711673737,-5.713488578796387,-5.804394245147705,,,
38,95549,-0.06408729404211044,-5.735206604003906,-5.823426246643066,,,
38,95599,-0.08045105636119843,-5.722307205200195,-5.80125617980957,,,
38,95649,-0.05566014349460602,-5.744876861572266,-5.828273773193359,,,
38,95699,-0.05078279227018356,-5.742162704467773,-5.820240497589111,,,
38,95749,-0.06807426363229752,-5.707340240478516,-5.800288677215576,,,
38,95799,-0.05800486356019974,-5.754892349243164,-5.837529182434082,,,
38,95849,-0.0685320571064949,-5.700852394104004,-5.7873430252075195,,,
38,95899,-0.05915158987045288,-5.765131950378418,-5.847311973571777,,,
38,95949,-0.08070691674947739,-5.700977325439453,-5.788653373718262,,,
38,95999,-0.04370472952723503,-5.715409278869629,-5.788680076599121,,,
38,96049,-0.06464728713035583,-5.690984725952148,-5.767587661743164,,,
38,96099,-0.0776587501168251,-5.746779918670654,-5.829228401184082,,,
38,96149,-0.07119528949260712,-5.720910549163818,-5.81065559387207,,,
38,96199,-0.06493183970451355,-5.693927764892578,-5.772794246673584,,,
38,96249,-0.04855317994952202,-5.750826358795166,-5.838080883026123,,,
38,96299,-0.06515117734670639,-5.690931797027588,-5.776989459991455,,,
38,96349,-0.057703230530023575,-5.707592010498047,-5.783657073974609,,,
38,96399,-0.06446114927530289,-5.71006441116333,-5.785796165466309,,,
38,96449,-0.04908551275730133,-5.71591329574585,-5.788642406463623,,,
38,96499,-0.06668788939714432,-5.740625858306885,-5.828114032745361,,,
38,96549,-0.06031219661235809,-5.735834121704102,-5.821403503417969,,,
38,96599,-0.04923705384135246,-5.710381984710693,-5.785989761352539,,,
38,96649,-0.06226582080125809,-5.711658477783203,-5.791451454162598,,,
38,96699,-0.0729023665189743,-5.708251953125,-5.796431541442871,,,
38,96749,-0.05228140205144882,-5.717118263244629,-5.800914764404297,,,
38,96799,-0.053472116589546204,-5.721785545349121,-5.800291061401367,,,
38,96849,-0.06769006699323654,-5.739781856536865,-5.812605381011963,,,
38,96899,-0.058486584573984146,-5.722845077514648,-5.800699234008789,,,
38,96949,-0.04490484297275543,-5.726121425628662,-5.798529148101807,,,
38,96999,-0.06374261528253555,-5.815077781677246,-5.89959192276001,,,
38,97049,-0.056591738015413284,-5.668900966644287,-5.758115291595459,,,
38,97099,-0.060904692858457565,-5.731875896453857,-5.8063578605651855,,,
38,97149,-0.06530564278364182,-5.71927547454834,-5.806107044219971,,,
38,97199,-0.06517334282398224,-5.724340438842773,-5.805269718170166,,,
38,97249,-0.06891309469938278,-5.691344261169434,-5.773172378540039,,,
38,97299,-0.06012679263949394,-5.697719573974609,-5.7804741859436035,,,
38,97349,-0.054300956428050995,-5.751733303070068,-5.837184906005859,,,
38,97399,-0.060655612498521805,-5.744620323181152,-5.821407794952393,,,
38,97449,-0.06569282710552216,-5.69414758682251,-5.787720680236816,,,
38,97499,-0.08390666544437408,-5.689478874206543,-5.77839469909668,,,
38,97499,,,,-5.701029300689697,-5.724448204040527,-5.7941155433654785
39,97549,-0.047807883471250534,-5.696065902709961,-5.777825832366943,,,
39,97599,-0.06174210458993912,-5.661599636077881,-5.733168125152588,,,
39,97649,-0.08874189108610153,-5.699278354644775,-5.784681797027588,,,
39,97699,-0.06138862296938896,-5.677263259887695,-5.764029026031494,,,
39,97749,-0.06658288836479187,-5.728037357330322,-5.815284729003906,,,
39,97799,-0.06789793074131012,-5.678367614746094,-5.765224933624268,,,
39,97849,-0.06784868985414505,-5.664178848266602,-5.744123458862305,,,
39,97899,-0.04682677239179611,-5.709218978881836,-5.7878289222717285,,,
39,97949,-0.04045087844133377,-5.706287384033203,-5.7795090675354,,,
39,97999,-0.06005186587572098,-5.77504301071167,-5.855626106262207,,,
39,98049,-0.06290364265441895,-5.705333232879639,-5.785491943359375,,,
39,98099,-0.05377863720059395,-5.6856489181518555,-5.764564514160156,,,
39,98149,-0.06500615179538727,-5.751666069030762,-5.829383373260498,,,
39,98199,-0.062173765152692795,-5.703054428100586,-5.788430690765381,,,
39,98249,-0.06635888665914536,-5.805829048156738,-5.899353504180908,,,
39,98299,-0.0544864721596241,-5.747629165649414,-5.83444881439209,,,
39,98349,-0.05200735479593277,-5.779889106750488,-5.860476493835449,,,
39,98399,-0.059263672679662704,-5.7000813484191895,-5.783951282501221,,,
39,98449,-0.056796591728925705,-5.771915435791016,-5.856835842132568,,,
39,98499,-0.05339319258928299,-5.725492477416992,-5.8058295249938965,,,
39,98549,-0.07072485983371735,-5.735617637634277,-5.82148551940918,,,
39,98599,-0.07718294113874435,-5.712576866149902,-5.803475379943848,,,
39,98649,-0.05977479740977287,-5.728921890258789,-5.803414821624756,,,
39,98699,-0.07963763177394867,-5.683448791503906,-5.763621807098389,,,
39,98749,-0.050342023372650146,-5.709735870361328,-5.792670726776123,,,
39,98799,-0.05539855360984802,-5.728433132171631,-5.80234956741333,,,
39,98849,-0.06336396187543869,-5.710666179656982,-5.788470268249512,,,
39,98899,-0.04845885559916496,-5.677206993103027,-5.752413272857666,,,
39,98949,-0.053370919078588486,-5.798618316650391,-5.873563289642334,,,
39,98999,-0.07289335876703262,-5.7791852951049805,-5.859354019165039,,,
39,99049,-0.06593247503042221,-5.722017288208008,-5.807042121887207,,,
39,99099,-0.06335500627756119,-5.720381259918213,-5.803477764129639,,,
39,99149,-0.06483031809329987,-5.683716297149658,-5.771122932434082,,,
39,99199,-0.07607781141996384,-5.704162120819092,-5.790729999542236,,,
39,99249,-0.05942663550376892,-5.743305206298828,-5.839430809020996,,,
39,99299,-0.061978261917829514,-5.75756311416626,-5.831694602966309,,,
39,99349,-0.051845770329236984,-5.729856491088867,-5.815700531005859,,,
39,99399,-0.08144368976354599,-5.747770309448242,-5.84487247467041,,,
39,99449,-0.054501455277204514,-5.704983234405518,-5.779053688049316,,,
39,99499,-0.07872055470943451,-5.7343292236328125,-5.817566871643066,,,
39,99549,-0.0873568132519722,-5.7632246017456055,-5.84537935256958,,,
39,99599,-0.04979921132326126,-5.7079315185546875,-5.787039756774902,,,
39,99649,-0.049214284867048264,-5.7421793937683105,-5.824385643005371,,,
39,99699,-0.05541418865323067,-5.696681022644043,-5.778389930725098,,,
39,99749,-0.046095579862594604,-5.7567853927612305,-5.834100246429443,,,
39,99799,-0.054589059203863144,-5.759105205535889,-5.836684226989746,,,
39,99849,-0.07405415177345276,-5.735788345336914,-5.818920612335205,,,
39,99899,-0.07338867336511612,-5.705446720123291,-5.786277770996094,,,
39,99949,-0.0793912410736084,-5.713271617889404,-5.793117046356201,,,
39,99999,-0.05809028074145317,-5.697113037109375,-5.783356189727783,,,
39,99999,,,,-5.701014041900635,-5.723322868347168,-5.792764663696289
40,100049,-0.06088033691048622,-5.724279403686523,-5.824799537658691,,,
40,100099,-0.0466596819460392,-5.651605606079102,-5.720607757568359,,,
40,100149,-0.07289599627256393,-5.708730220794678,-5.792448043823242,,,
40,100199,-0.053742408752441406,-5.6775641441345215,-5.762109279632568,,,
40,100249,-0.05487125739455223,-5.735986232757568,-5.815526008605957,,,
40,100299,-0.07275228202342987,-5.676140785217285,-5.756470680236816,,,
40,100349,-0.045898083597421646,-5.801966667175293,-5.877767086029053,,,
40,100399,-0.0624488964676857,-5.747531414031982,-5.827400207519531,,,
40,100449,-0.05080149695277214,-5.731984615325928,-5.821333885192871,,,
40,100499,-0.05354634299874306,-5.699865818023682,-5.77901029586792,,,
40,100549,-0.044292669743299484,-5.643099784851074,-5.717072010040283,,,
40,100599,-0.06105522811412811,-5.780893802642822,-5.864433288574219,,,
40,100649,-0.029413262382149696,-5.693925857543945,-5.75871467590332,,,
40,100699,-0.06154271960258484,-5.7594990730285645,-5.854085445404053,,,
40,100749,-0.08266551792621613,-5.740609169006348,-5.824008464813232,,,
40,100799,-0.056969814002513885,-5.7484540939331055,-5.829336643218994,,,
40,100849,-0.06613453477621078,-5.716963768005371,-5.806556224822998,,,
40,100899,-0.0652119368314743,-5.753676891326904,-5.835890769958496,,,
40,100949,-0.05908238887786865,-5.729958534240723,-5.817729473114014,,,
40,100999,-0.06525561213493347,-5.697199821472168,-5.7696661949157715,,,
40,101049,-0.048964038491249084,-5.7209391593933105,-5.797924518585205,,,
40,101099,-0.06345278769731522,-5.66019868850708,-5.743526458740234,,,
40,101149,-0.06971990317106247,-5.7717437744140625,-5.852718830108643,,,
40,101199,-0.050891149789094925,-5.748268127441406,-5.830589294433594,,,
40,101249,-0.0667077824473381,-5.726692199707031,-5.813112258911133,,,
40,101299,-0.058320969343185425,-5.767505645751953,-5.8513054847717285,,,
40,101349,-0.06957998871803284,-5.688086986541748,-5.772830486297607,,,
40,101399,-0.06130087748169899,-5.719578742980957,-5.801995754241943,,,
40,101449,-0.046558912843465805,-5.707266330718994,-5.784411907196045,,,
40,101499,-0.0647578313946724,-5.773171901702881,-5.859396934509277,,,
40,101549,-0.05479007586836815,-5.684266567230225,-5.76626443862915,,,
40,101599,-0.05525169149041176,-5.737707138061523,-5.815962791442871,,,
40,101649,-0.10199446231126785,-5.768762588500977,-5.845296382904053,,,
40,101699,-0.051988303661346436,-5.7214765548706055,-5.792400360107422,,,
40,101749,-0.06609582155942917,-5.664005756378174,-5.745794773101807,,,
40,101799,-0.06291509419679642,-5.6556315422058105,-5.736687660217285,,,
40,101849,-0.05168725922703743,-5.716733932495117,-5.789284706115723,,,
40,101899,-0.059424541890621185,-5.698001384735107,-5.780523777008057,,,
40,101949,-0.0687791109085083,-5.708907127380371,-5.789172649383545,,,
40,101999,-0.05596853047609329,-5.701545715332031,-5.780975341796875,,,
40,102049,-0.06668994575738907,-5.698716163635254,-5.771430492401123,,,
40,102099,-0.0978001207113266,-5.7544121742248535,-5.8359055519104,,,
40,102149,-0.07325047999620438,-5.684454917907715,-5.767811298370361,,,
40,102199,-0.05931759625673294,-5.666182994842529,-5.755003452301025,,,
40,102249,-0.0754917785525322,-5.681942462921143,-5.766234397888184,,,
40,102299,-0.0549701526761055,-5.6909027099609375,-5.777443885803223,,,
40,102349,-0.04432494938373566,-5.70967960357666,-5.789178371429443,,,
40,102399,-0.04064621403813362,-5.740510940551758,-5.821753978729248,,,
40,102449,-0.06410826742649078,-5.692025184631348,-5.768558025360107,,,
40,102499,-0.07089262455701828,-5.7009992599487305,-5.775607585906982,,,
40,102499,,,,-5.701442241668701,-5.723927021026611,-5.7887282371521
41,102549,-0.06080130487680435,-5.70040225982666,-5.771820068359375,,,
41,102599,-0.05299941450357437,-5.738964557647705,-5.809114456176758,,,
41,102649,-0.049937229603528976,-5.725393295288086,-5.799948692321777,,,
41,102699,-0.05092589184641838,-5.717460632324219,-5.792429447174072,,,
41,102749,-0.06259877234697342,-5.686534881591797,-5.768014907836914,,,
41,102799,-0.04476223886013031,-5.711118698120117,-5.795308589935303,,,
41,102849,-0.06833871454000473,-5.77558708190918,-5.859170913696289,,,
41,102899,-0.05469145625829697,-5.719860076904297,-5.809459209442139,,,
41,102949,-0.05547598749399185,-5.792636394500732,-5.863771915435791,,,
41,102999,-0.07745912671089172,-5.714481353759766,-5.794090270996094,,,
41,103049,-0.06422364711761475,-5.627819061279297,-5.702495574951172,,,
41,103099,-0.05581023171544075,-5.745094299316406,-5.823250770568848,,,
41,103149,-0.04545509070158005,-5.7218804359436035,-5.798095703125,,,
41,103199,-0.06725076586008072,-5.728904724121094,-5.809683322906494,,,
41,103249,-0.061639685183763504,-5.721431732177734,-5.800383567810059,,,
41,103299,-0.06630256026983261,-5.716828346252441,-5.787589073181152,,,
41,103349,-0.0712975263595581,-5.765206813812256,-5.852038383483887,,,
41,103399,-0.04468478634953499,-5.730825901031494,-5.799976825714111,,,
41,103449,-0.06297457218170166,-5.746367454528809,-5.823253631591797,,,
41,103499,-0.07386456429958344,-5.728166103363037,-5.8167405128479,,,
41,103549,-0.07366067916154861,-5.728835582733154,-5.814215660095215,,,
41,103599,-0.05051250383257866,-5.7835893630981445,-5.869213581085205,,,
41,103649,-0.056156862527132034,-5.724794387817383,-5.804819107055664,,,
41,103699,-0.049572475254535675,-5.697639465332031,-5.780413627624512,,,
41,103749,-0.05504138022661209,-5.663481712341309,-5.737701892852783,,,
41,103799,-0.044029414653778076,-5.756084442138672,-5.837508201599121,,,
41,103849,-0.05759512260556221,-5.739312648773193,-5.812839031219482,,,
41,103899,-0.07593413442373276,-5.745027542114258,-5.821730613708496,,,
41,103949,-0.07803831249475479,-5.735689163208008,-5.81329870223999,,,
41,103999,-0.09688793867826462,-5.764552593231201,-5.850494861602783,,,
41,104049,-0.06934935599565506,-5.749813079833984,-5.836380481719971,,,
41,104099,-0.09116331487894058,-5.693922519683838,-5.786716938018799,,,
41,104149,-0.06874693930149078,-5.767578125,-5.86102294921875,,,
41,104199,-0.06888915598392487,-5.770557403564453,-5.853826999664307,,,
41,104249,-0.07219025492668152,-5.783602237701416,-5.864725112915039,,,
41,104299,-0.055532749742269516,-5.794735908508301,-5.872391223907471,,,
41,104349,-0.05336036905646324,-5.728314399719238,-5.806027889251709,,,
41,104399,-0.047391559928655624,-5.669249057769775,-5.752548694610596,,,
41,104449,-0.04241519048810005,-5.7308526039123535,-5.799999713897705,,,
41,104499,-0.04415051266551018,-5.753017425537109,-5.836283206939697,,,
41,104549,-0.055767372250556946,-5.723243713378906,-5.806365966796875,,,
41,104599,-0.04694100841879845,-5.69426965713501,-5.76853609085083,,,
41,104649,-0.048431724309921265,-5.739150047302246,-5.8120245933532715,,,
41,104699,-0.05322455242276192,-5.708759784698486,-5.790350914001465,,,
41,104749,-0.051137976348400116,-5.741532325744629,-5.820589065551758,,,
41,104799,-0.06857388466596603,-5.672876358032227,-5.7577996253967285,,,
41,104849,-0.0859396904706955,-5.718173503875732,-5.796138286590576,,,
41,104899,-0.058004509657621384,-5.781292915344238,-5.860781192779541,,,
41,104949,-0.053642816841602325,-5.658222198486328,-5.738658428192139,,,
41,104999,-0.051500365138053894,-5.680346965789795,-5.758430004119873,,,
41,104999,,,,-5.7012505531311035,-5.722499847412109,-5.786238670349121
42,105049,-0.05384375527501106,-5.690934181213379,-5.753239154815674,,,
42,105099,-0.039632514119148254,-5.725704193115234,-5.801572322845459,,,
42,105149,-0.05639609321951866,-5.707802772521973,-5.778928279876709,,,
42,105199,-0.057578105479478836,-5.710224151611328,-5.791971683502197,,,
42,105249,-0.047631267458200455,-5.693887710571289,-5.765473365783691,,,
42,105299,-0.04669807851314545,-5.7468061447143555,-5.826574802398682,,,
42,105349,-0.07668017596006393,-5.677691459655762,-5.748405456542969,,,
42,105399,-0.05150764435529709,-5.717625617980957,-5.793341159820557,,,
42,105449,-0.04720710590481758,-5.730979919433594,-5.797394752502441,,,
42,105499,-0.042203739285469055,-5.728964805603027,-5.8105149269104,,,
42,105549,-0.0683632418513298,-5.695583343505859,-5.783081531524658,,,
42,105599,-0.04694722592830658,-5.678857803344727,-5.751392841339111,,,
42,105649,-0.060972146689891815,-5.661267280578613,-5.735421180725098,,,
42,105699,-0.042471595108509064,-5.711612224578857,-5.781215667724609,,,
42,105749,-0.06604127585887909,-5.66135311126709,-5.746915340423584,,,
42,105799,-0.06744302809238434,-5.697954177856445,-5.776402473449707,,,
42,105849,-0.04832053184509277,-5.726175785064697,-5.802962303161621,,,
42,105899,-0.04394208639860153,-5.747133255004883,-5.8292059898376465,,,
42,105949,-0.0576217845082283,-5.7432379722595215,-5.832057476043701,,,
42,105999,-0.06222899258136749,-5.674068927764893,-5.76618766784668,,,
42,106049,-0.0567871518433094,-5.7233428955078125,-5.81204891204834,,,
42,106099,-0.04967566207051277,-5.73305082321167,-5.817281246185303,,,
42,106149,-0.04320359230041504,-5.706016540527344,-5.774262428283691,,,
42,106199,-0.04266727343201637,-5.723012447357178,-5.798872947692871,,,
42,106249,-0.0626358613371849,-5.729798793792725,-5.806979179382324,,,
42,106299,-0.05404346436262131,-5.6798529624938965,-5.750257968902588,,,
42,106349,-0.06464941054582596,-5.769507884979248,-5.846333980560303,,,
42,106399,-0.05466807261109352,-5.747917652130127,-5.831987380981445,,,
42,106449,-0.0445181205868721,-5.727632522583008,-5.798056125640869,,,
42,106499,-0.10857971757650375,-5.701202869415283,-5.782730579376221,,,
42,106549,-0.0589052177965641,-5.71890926361084,-5.796945571899414,,,
42,106599,-0.06314584612846375,-5.724398612976074,-5.80199670791626,,,
42,106649,-0.04489912837743759,-5.728821277618408,-5.794604301452637,,,
42,106699,-0.056862108409404755,-5.713420867919922,-5.786685466766357,,,
42,106749,-0.040515344589948654,-5.709779739379883,-5.783567905426025,,,
42,106799,-0.04973353445529938,-5.745525360107422,-5.830516815185547,,,
42,106849,-0.0699017345905304,-5.756235122680664,-5.834997653961182,,,
42,106899,-0.049591634422540665,-5.68593692779541,-5.76479959487915,,,
42,106949,-0.06030963733792305,-5.733482837677002,-5.824814796447754,,,
42,106999,-0.06632096320390701,-5.701614856719971,-5.7895731925964355,,,
42,107049,-0.07347285747528076,-5.771549224853516,-5.859488487243652,,,
42,107099,-0.06005573272705078,-5.746730804443359,-5.820606708526611,,,
42,107149,-0.049214497208595276,-5.7515058517456055,-5.8265838623046875,,,
42,107199,-0.0694742202758789,-5.736137866973877,-5.811935901641846,,,
42,107249,-0.05322211980819702,-5.741609573364258,-5.820191383361816,,,
42,107299,-0.06946129351854324,-5.768195629119873,-5.850030422210693,,,
42,107349,-0.06885512918233871,-5.718921661376953,-5.798801898956299,,,
42,107399,-0.06578245013952255,-5.732655048370361,-5.806141376495361,,,
42,107449,-0.09301016479730606,-5.693060398101807,-5.774736404418945,,,
42,107499,-0.052490442991256714,-5.769098281860352,-5.847556114196777,,,
42,107499,,,,-5.700904846191406,-5.723997592926025,-5.787708759307861
43,107549,-0.04123108834028244,-5.7048749923706055,-5.780465602874756,,,
43,107599,-0.062441304326057434,-5.722867965698242,-5.798253059387207,,,
43,107649,-0.05396420881152153,-5.739938259124756,-5.8255295753479,,,
43,107699,-0.05481317266821861,-5.758761882781982,-5.839244365692139,,,
43,107749,-0.0425972118973732,-5.683726787567139,-5.751194953918457,,,
43,107799,-0.06664158403873444,-5.727222442626953,-5.815526008605957,,,
43,107849,-0.04348432272672653,-5.703813552856445,-5.769012451171875,,,
43,107899,-0.05168727785348892,-5.738295078277588,-5.8230791091918945,,,
43,107949,-0.0761154368519783,-5.763465881347656,-5.842893123626709,,,
43,107999,-0.031769659370183945,-5.729286193847656,-5.792208194732666,,,
43,108049,-0.04684621840715408,-5.693367004394531,-5.774106502532959,,,
43,108099,-0.08180688321590424,-5.680829048156738,-5.759926795959473,,,
43,108149,-0.0586053729057312,-5.708237648010254,-5.798567295074463,,,
43,108199,-0.06547611206769943,-5.700967788696289,-5.789398193359375,,,
43,108249,-0.07226740568876266,-5.693428039550781,-5.775099754333496,,,
43,108299,-0.041443679481744766,-5.676475524902344,-5.7524590492248535,,,
43,108349,-0.056662943214178085,-5.743968963623047,-5.825538158416748,,,
43,108399,-0.053018562495708466,-5.723209381103516,-5.801798343658447,,,
43,108449,-0.05141691491007805,-5.743488311767578,-5.822525978088379,,,
43,108499,-0.07468263804912567,-5.685586929321289,-5.766317844390869,,,
43,108549,-0.033217791467905045,-5.6932373046875,-5.768938064575195,,,
43,108599,-0.05870111659169197,-5.682723045349121,-5.754922866821289,,,
43,108649,-0.061379097402095795,-5.6879191398620605,-5.762794017791748,,,
43,108699,-0.05534765124320984,-5.6901350021362305,-5.7712082862854,,,
43,108749,-0.09028530865907669,-5.706789016723633,-5.787561893463135,,,
43,108799,-0.058292850852012634,-5.686652183532715,-5.759992599487305,,,
43,108849,-0.03737406060099602,-5.704970359802246,-5.774111747741699,,,
43,108899,-0.04504461959004402,-5.684026718139648,-5.763524055480957,,,
43,108949,-0.06123071908950806,-5.642947196960449,-5.718573093414307,,,
43,108999,-0.08363282680511475,-5.705767631530762,-5.787927150726318,,,
43,109049,-0.06788168102502823,-5.685826301574707,-5.760700702667236,,,
43,109099,-0.035452958196401596,-5.678957462310791,-5.743182182312012,,,
43,109149,-0.03869490697979927,-5.71507453918457,-5.795244216918945,,,
43,109199,-0.10600761324167252,-5.7464704513549805,-5.822243690490723,,,
43,109249,-0.04512745887041092,-5.729793071746826,-5.791148662567139,,,
43,109299,-0.055939119309186935,-5.736188888549805,-5.816508769989014,,,
43,109349,-0.09217454493045807,-5.733956336975098,-5.818824291229248,,,
43,109399,-0.0895019918680191,-5.74614143371582,-5.828291893005371,,,
43,109449,-0.05068158358335495,-5.678984642028809,-5.760087966918945,,,
43,109499,-0.0553525872528553,-5.74783182144165,-5.830242156982422,,,
43,109549,-0.06509815901517868,-5.732753753662109,-5.79730224609375,,,
43,109599,-0.048046182841062546,-5.717870712280273,-5.796183109283447,,,
43,109649,-0.044265564531087875,-5.73142671585083,-5.806828022003174,,,
43,109699,-0.06381364911794662,-5.7176899909973145,-5.8028998374938965,,,
43,109749,-0.04525570943951607,-5.7201924324035645,-5.796370506286621,,,
43,109799,-0.051236361265182495,-5.71663761138916,-5.795271873474121,,,
43,109849,-0.08787376433610916,-5.775796890258789,-5.85747766494751,,,
43,109899,-0.08408775180578232,-5.750057220458984,-5.830320358276367,,,
43,109949,-0.07101903855800629,-5.728302955627441,-5.812448024749756,,,
43,109999,-0.05312775447964668,-5.722981929779053,-5.800790309906006,,,
43,109999,,,,-5.701663494110107,-5.725276470184326,-5.786809921264648
44,110049,-0.04305388033390045,-5.742462158203125,-5.809189319610596,,,
44,110099,-0.055027756839990616,-5.74123477935791,-5.825029373168945,,,
44,110149,-0.05051827430725098,-5.690872669219971,-5.762759685516357,,,
44,110199,-0.043120067566633224,-5.734018325805664,-5.801481246948242,,,
44,110249,-0.040623024106025696,-5.668944358825684,-5.74187707901001,,,
44,110299,-0.0551162026822567,-5.677238941192627,-5.749669075012207,,,
44,110349,-0.06786179542541504,-5.7288360595703125,-5.807151794433594,,,
44,110399,-0.05255575850605965,-5.721717834472656,-5.797167778015137,,,
44,110449,-0.04285657778382301,-5.747117519378662,-5.829954624176025,,,
44,110499,-0.04068369418382645,-5.753781318664551,-5.8186259269714355,,,
44,110549,-0.04758799448609352,-5.784151077270508,-5.8643341064453125,,,
44,110599,-0.05899731442332268,-5.702217102050781,-5.776608943939209,,,
44,110649,-0.05222070962190628,-5.767854690551758,-5.849879741668701,,,
44,110699,-0.0593540258705616,-5.698265075683594,-5.774619102478027,,,
44,110749,-0.04713718220591545,-5.678409576416016,-5.758298397064209,,,
44,110799,-0.042288750410079956,-5.7099151611328125,-5.7750139236450195,,,
44,110849,-0.04297782853245735,-5.760425090789795,-5.837077617645264,,,
44,110899,-0.05509045347571373,-5.709186553955078,-5.78506326675415,,,
44,110949,-0.07340768724679947,-5.74008321762085,-5.817590236663818,,,
44,110999,-0.05364556983113289,-5.7127366065979,-5.795534610748291,,,
44,111049,-0.05707763507962227,-5.73779296875,-5.821756362915039,,,
44,111099,-0.07620857656002045,-5.712631702423096,-5.789618968963623,,,
44,111149,-0.055533237755298615,-5.701512336730957,-5.789413928985596,,,
44,111199,-0.04042581096291542,-5.648474216461182,-5.713659763336182,,,
44,111249,-0.04799468070268631,-5.7455363273620605,-5.820993423461914,,,
44,111299,-0.05286073684692383,-5.740522861480713,-5.815165996551514,,,
44,111349,-0.046534404158592224,-5.714835166931152,-5.788042068481445,,,
44,111399,-0.058780696243047714,-5.748290061950684,-5.827033519744873,,,
44,111449,-0.04747757688164711,-5.708967208862305,-5.764277935028076,,,
44,111499,-0.05182669684290886,-5.739145278930664,-5.819096565246582,,,
44,111549,-0.051244210451841354,-5.689598083496094,-5.767518043518066,,,
44,111599,-0.05865218862891197,-5.738603591918945,-5.81728982925415,,,
44,111649,-0.0783761739730835,-5.724704742431641,-5.797494888305664,,,
44,111699,-0.044146813452243805,-5.694469451904297,-5.758235454559326,,,
44,111749,-0.0517193004488945,-5.715375900268555,-5.792808532714844,,,
44,111799,-0.04795036092400551,-5.692043304443359,-5.763685703277588,,,
44,111849,-0.05069418251514435,-5.716094017028809,-5.792464256286621,,,
44,111899,-0.05783828720450401,-5.693088531494141,-5.765560150146484,,,
44,111949,-0.061960943043231964,-5.693835258483887,-5.776805877685547,,,
44,111999,-0.06278858333826065,-5.703709602355957,-5.777409553527832,,,
44,112049,-0.05367729067802429,-5.711066722869873,-5.780148983001709,,,
44,112099,-0.049837876111269,-5.754273414611816,-5.820631980895996,,,
44,112149,-0.05035920813679695,-5.730355262756348,-5.807353496551514,,,
44,112199,-0.05378293991088867,-5.756139278411865,-5.83929443359375,,,
44,112249,-0.05840495601296425,-5.65831184387207,-5.72900390625,,,
44,112299,-0.052782636135816574,-5.708549499511719,-5.790657997131348,,,
44,112349,-0.06992653012275696,-5.727441787719727,-5.815347671508789,,,
44,112399,-0.048828236758708954,-5.747401237487793,-5.825414180755615,,,
44,112449,-0.05106870457530022,-5.717477798461914,-5.795016288757324,,,
44,112499,-0.04431326687335968,-5.685770034790039,-5.76043701171875,,,
44,112499,,,,-5.701521396636963,-5.72393798828125,-5.78552770614624
45,112549,-0.07648036628961563,-5.700657844543457,-5.785728454589844,,,
45,112599,-0.0853198990225792,-5.75012731552124,-5.83250093460083,,,
45,112649,-0.06646458059549332,-5.774268627166748,-5.856107234954834,,,
45,112699,-0.06801926344633102,-5.699673175811768,-5.7699785232543945,,,
45,112749,-0.05169077590107918,-5.691855430603027,-5.760329246520996,,,
45,112799,-0.0678427666425705,-5.670838356018066,-5.755527019500732,,,
45,112849,-0.07480744272470474,-5.685798168182373,-5.768300533294678,,,
45,112899,-0.05080956220626831,-5.698920726776123,-5.777830600738525,,,
45,112949,-0.0485786572098732,-5.739038467407227,-5.811165809631348,,,
45,112999,-0.055871061980724335,-5.66195821762085,-5.730809688568115,,,
45,113049,-0.06619873642921448,-5.75104284286499,-5.827672004699707,,,
45,113099,-0.0404973030090332,-5.658716201782227,-5.734141826629639,,,
45,113149,-0.04776594042778015,-5.704826354980469,-5.778584003448486,,,
45,113199,-0.04813570901751518,-5.693330764770508,-5.759030818939209,,,
45,113249,-0.058551039546728134,-5.723575115203857,-5.794136047363281,,,
45,113299,-0.03600011393427849,-5.706670761108398,-5.784363746643066,,,
45,113349,-0.05200999602675438,-5.705299377441406,-5.776375770568848,,,
45,113399,-0.06115679442882538,-5.742988109588623,-5.824821472167969,,,
45,113449,-0.03994002565741539,-5.6925578117370605,-5.7550530433654785,,,
45,113499,-0.04225592687726021,-5.686032295227051,-5.757104873657227,,,
45,113549,-0.05385104939341545,-5.680480003356934,-5.755729675292969,,,
45,113599,-0.04706175625324249,-5.74891471862793,-5.820067405700684,,,
45,113649,-0.06480523943901062,-5.764609336853027,-5.844735622406006,,,
45,113699,-0.0606093592941761,-5.726839065551758,-5.803496360778809,,,
45,113749,-0.12142837047576904,-5.7454023361206055,-5.827977657318115,,,
45,113799,-0.05676501244306564,-5.767656326293945,-5.851188659667969,,,
45,113849,-0.046113718301057816,-5.725127220153809,-5.8008294105529785,,,
45,113899,-0.05162709206342697,-5.658308982849121,-5.731319427490234,,,
45,113949,-0.052769821137189865,-5.691547393798828,-5.75592041015625,,,
45,113999,-0.08137072622776031,-5.704830169677734,-5.786950588226318,,,
45,114049,-0.053672924637794495,-5.71080207824707,-5.793068885803223,,,
45,114099,-0.04162155091762543,-5.747265815734863,-5.8195624351501465,,,
45,114149,-0.04568565636873245,-5.64710807800293,-5.72031307220459,,,
45,114199,-0.0540308840572834,-5.764657020568848,-5.844345569610596,,,
45,114249,-0.05710843950510025,-5.725574016571045,-5.810699462890625,,,
45,114299,-0.07102513313293457,-5.68227481842041,-5.759986400604248,,,
45,114349,-0.04523863643407822,-5.732640266418457,-5.803999900817871,,,
45,114399,-0.05990700423717499,-5.672842025756836,-5.756587982177734,,,
45,114449,-0.0739329531788826,-5.739385604858398,-5.819672107696533,,,
45,114499,-0.05004879832267761,-5.721549034118652,-5.802056789398193,,,
45,114549,-0.03957163542509079,-5.716892242431641,-5.791459083557129,,,
45,114599,-0.05848930776119232,-5.689130783081055,-5.773459434509277,,,
45,114649,-0.04032008722424507,-5.73753023147583,-5.8106369972229,,,
45,114699,-0.05031333863735199,-5.716608047485352,-5.78926944732666,,,
45,114749,-0.06474106758832932,-5.6744890213012695,-5.743536472320557,,,
45,114799,-0.06369731575250626,-5.773614883422852,-5.845771312713623,,,
45,114849,-0.050429683178663254,-5.698355674743652,-5.770142555236816,,,
45,114899,-0.08633354306221008,-5.692419528961182,-5.76951789855957,,,
45,114949,-0.06535761803388596,-5.698526382446289,-5.7756876945495605,,,
45,114999,-0.05144698917865753,-5.711529731750488,-5.780097961425781,,,
45,114999,,,,-5.7002339363098145,-5.722171306610107,-5.784939289093018
46,115049,-0.04552478715777397,-5.687449932098389,-5.760596752166748,,,
46,115099,-0.09385337680578232,-5.726944446563721,-5.809202671051025,,,
46,115149,-0.048983123153448105,-5.655461311340332,-5.729626178741455,,,
46,115199,-0.05645041912794113,-5.6978349685668945,-5.775857448577881,,,
46,115249,-0.051674049347639084,-5.751293659210205,-5.823509216308594,,,
46,115299,-0.04790379852056503,-5.734663486480713,-5.8075852394104,,,
46,115349,-0.049697473645210266,-5.655362129211426,-5.723814964294434,,,
46,115399,-0.041980285197496414,-5.700896739959717,-5.76846170425415,,,
46,115449,-0.044650811702013016,-5.733407497406006,-5.792775630950928,,,
46,115499,-0.0461839996278286,-5.724210262298584,-5.800570011138916,,,
46,115549,-0.059907522052526474,-5.724545478820801,-5.804076194763184,,,
46,115599,-0.06808558106422424,-5.721299171447754,-5.799872398376465,,,
46,115649,-0.05098528414964676,-5.725427150726318,-5.801949501037598,,,
46,115699,-0.05244305357336998,-5.731105804443359,-5.803025245666504,,,
46,115749,-0.07607903331518173,-5.789323806762695,-5.882001876831055,,,
46,115799,-0.03832795098423958,-5.646762371063232,-5.71221399307251,,,
46,115849,-0.0650174543261528,-5.677433967590332,-5.74733304977417,,,
46,115899,-0.055744946002960205,-5.784268856048584,-5.854076862335205,,,
46,115949,-0.06441313773393631,-5.724592208862305,-5.795735836029053,,,
46,115999,-0.06714282184839249,-5.747438907623291,-5.825345993041992,,,
46,116049,-0.05265369266271591,-5.716136932373047,-5.785608768463135,,,
46,116099,-0.040222108364105225,-5.697250843048096,-5.762122631072998,,,
46,116149,-0.03764671832323074,-5.723788738250732,-5.79757022857666,,,
46,116199,-0.05195045843720436,-5.689573764801025,-5.762247085571289,,,
46,116249,-0.06807474792003632,-5.691343307495117,-5.775491714477539,,,
46,116299,-0.04736267402768135,-5.798497200012207,-5.876501560211182,,,
46,116349,-0.049260325729846954,-5.748059272766113,-5.815757751464844,,,
46,116399,-0.06496376544237137,-5.690366744995117,-5.767575740814209,,,
46,116449,-0.045666664838790894,-5.717611312866211,-5.790093898773193,,,
46,116499,-0.05225621908903122,-5.688462734222412,-5.761713027954102,,,
46,116549,-0.0520201101899147,-5.732674598693848,-5.807268142700195,,,
46,116599,-0.046337030827999115,-5.766294479370117,-5.844498157501221,,,
46,116649,-0.06590942293405533,-5.71098518371582,-5.790369510650635,,,
46,116699,-0.05976131185889244,-5.744110107421875,-5.82220458984375,,,
46,116749,-0.08041150867938995,-5.735560417175293,-5.808315277099609,,,
46,116799,-0.08520753681659698,-5.683862686157227,-5.755062103271484,,,
46,116849,-0.06654241681098938,-5.737546443939209,-5.826326370239258,,,
46,116899,-0.059619903564453125,-5.7030205726623535,-5.775332450866699,,,
46,116949,-0.04010585695505142,-5.803496837615967,-5.882527828216553,,,
46,116999,-0.04537045210599899,-5.729593276977539,-5.799724102020264,,,
46,117049,-0.05981922894716263,-5.689690589904785,-5.775040149688721,,,
46,117099,-0.046451814472675323,-5.7261552810668945,-5.799840450286865,,,
46,117149,-0.04924123361706734,-5.693940162658691,-5.761974811553955,,,
46,117199,-0.0374068059027195,-5.732548713684082,-5.811102390289307,,,
46,117249,-0.04027850925922394,-5.754421234130859,-5.831809043884277,,,
46,117299,-0.04726063460111618,-5.743334770202637,-5.821173191070557,,,
46,117349,-0.059741370379924774,-5.753486156463623,-5.83308219909668,,,
46,117399,-0.07552150636911392,-5.7312445640563965,-5.821706295013428,,,
46,117449,-0.0425051674246788,-5.731145858764648,-5.814835071563721,,,
46,117499,-0.05591340735554695,-5.7655229568481445,-5.838139533996582,,,
46,117499,,,,-5.698583602905273,-5.720583438873291,-5.7844157218933105
47,117549,-0.057043589651584625,-5.704676151275635,-5.774580955505371,,,
47,117599,-0.05950537696480751,-5.7427263259887695,-5.814931392669678,,,
47,117649,-0.04619640111923218,-5.730219841003418,-5.7974467277526855,,,
47,117699,-0.05620184168219566,-5.733949661254883,-5.797705173492432,,,
47,117749,-0.053560011088848114,-5.715248107910156,-5.790255546569824,,,
47,117799,-0.06725804507732391,-5.7328362464904785,-5.806155681610107,,,
47,117849,-0.05443471670150757,-5.736553192138672,-5.800221920013428,,,
47,117899,-0.07403944432735443,-5.714550018310547,-5.796345233917236,,,
47,117949,-0.04405398294329643,-5.7071685791015625,-5.789933204650879,,,
47,117999,-0.04109450429677963,-5.734251499176025,-5.802247047424316,,,
47,118049,-0.04073474928736687,-5.747311592102051,-5.81267786026001,,,
47,118099,-0.060318682342767715,-5.675119400024414,-5.740574836730957,,,
47,118149,-0.044067591428756714,-5.65336799621582,-5.723405838012695,,,
47,118199,-0.05621396750211716,-5.753718376159668,-5.8277435302734375,,,
47,118249,-0.0610153004527092,-5.771561622619629,-5.85784912109375,,,
47,118299,-0.04852955788373947,-5.761758804321289,-5.835394382476807,,,
47,118349,-0.06043633446097374,-5.784231662750244,-5.858884334564209,,,
47,118399,-0.060371141880750656,-5.768218040466309,-5.859618186950684,,,
47,118449,-0.03855282813310623,-5.714548110961914,-5.779663562774658,,,
47,118499,-0.037753019481897354,-5.73445987701416,-5.801279067993164,,,
47,118549,-0.039672527462244034,-5.740045547485352,-5.817856788635254,,,
47,118599,-0.057865168899297714,-5.697409629821777,-5.778122425079346,,,
47,118649,-0.0677519142627716,-5.720517158508301,-5.804997444152832,,,
47,118699,-0.06757226586341858,-5.718949317932129,-5.794291973114014,,,
47,118749,-0.04326047748327255,-5.738959312438965,-5.811141014099121,,,
47,118799,-0.05620656535029411,-5.718869209289551,-5.797311782836914,,,
47,118849,-0.06495272368192673,-5.739236831665039,-5.811447620391846,,,
47,118899,-0.047525081783533096,-5.69364595413208,-5.769486427307129,,,
47,118949,-0.06247834861278534,-5.733763694763184,-5.801314353942871,,,
47,118999,-0.0537988655269146,-5.675238609313965,-5.742058753967285,,,
47,119049,-0.08542963117361069,-5.673811435699463,-5.749667644500732,,,
47,119099,-0.05185873061418533,-5.72613525390625,-5.817870140075684,,,
47,119149,-0.052496399730443954,-5.730703353881836,-5.800766944885254,,,
47,119199,-0.055349744856357574,-5.673061847686768,-5.742685794830322,,,
47,119249,-0.06257760524749756,-5.674086093902588,-5.75310754776001,,,
47,119299,-0.05578036233782768,-5.719461917877197,-5.792916297912598,,,
47,119349,-0.03710199147462845,-5.738428115844727,-5.808626651763916,,,
47,119399,-0.05233876034617424,-5.736572265625,-5.80808162689209,,,
47,119449,-0.06137482449412346,-5.709069728851318,-5.778817653656006,,,
47,119499,-0.05642217397689819,-5.719069480895996,-5.801917552947998,,,
47,119549,-0.044630639255046844,-5.738373756408691,-5.812823295593262,,,
47,119599,-0.05295747518539429,-5.693416595458984,-5.764404296875,,,
47,119649,-0.05203203856945038,-5.808973789215088,-5.876008033752441,,,
47,119699,-0.03856071084737778,-5.706777572631836,-5.769541263580322,,,
47,119749,-0.04640195891261101,-5.743945121765137,-5.811465740203857,,,
47,119799,-0.062489502131938934,-5.736974716186523,-5.815561294555664,,,
47,119849,-0.05089567229151726,-5.777754783630371,-5.8622331619262695,,,
47,119899,-0.05735590681433678,-5.703543663024902,-5.782651424407959,,,
47,119949,-0.039715252816677094,-5.687878608703613,-5.764854431152344,,,
47,119999,-0.046901993453502655,-5.715145587921143,-5.792594909667969,,,
47,119999,,,,-5.70031213760376,-5.72265100479126,-5.78316068649292
48,120049,-0.05176246538758278,-5.683027267456055,-5.752877235412598,,,
48,120099,-0.07766608148813248,-5.701901435852051,-5.789881229400635,,,
48,120149,-0.04488036036491394,-5.749532699584961,-5.819135665893555,,,
48,120199,-0.04958505183458328,-5.745884418487549,-5.813538551330566,,,
48,120249,-0.052048105746507645,-5.690974235534668,-5.767482280731201,,,
48,120299,-0.06227076053619385,-5.746041297912598,-5.810267925262451,,,
48,120349,-0.05251055210828781,-5.683339595794678,-5.756505012512207,,,
48,120399,-0.04682750627398491,-5.745499610900879,-5.817676067352295,,,
48,120449,-0.05939292907714844,-5.743703365325928,-5.821550369262695,,,
48,120499,-0.03332199901342392,-5.711982250213623,-5.786369323730469,,,
48,120549,-0.05008021369576454,-5.719726085662842,-5.794475078582764,,,
48,120599,-0.04327540844678879,-5.759079933166504,-5.8213043212890625,,,
48,120649,-0.05403534695506096,-5.743077278137207,-5.828949928283691,,,
48,120699,-0.04770929738879204,-5.780603408813477,-5.853871822357178,,,
48,120749,-0.050942644476890564,-5.733884334564209,-5.804964542388916,,,
48,120799,-0.07157869637012482,-5.731302261352539,-5.806347370147705,,,
48,120849,-0.05819131061434746,-5.725703716278076,-5.796209812164307,,,
48,120899,-0.06643594801425934,-5.738707542419434,-5.819523811340332,,,
48,120949,-0.04936809092760086,-5.712948799133301,-5.777655124664307,,,
48,120999,-0.047153323888778687,-5.7518768310546875,-5.828210830688477,,,
48,121049,-0.04445307329297066,-5.709136009216309,-5.779138088226318,,,
48,121099,-0.052751459181308746,-5.752219200134277,-5.831567287445068,,,
48,121149,-0.05238590016961098,-5.717220306396484,-5.787496089935303,,,
48,121199,-0.03739456459879875,-5.709593772888184,-5.781027793884277,,,
48,121249,-0.04880363866686821,-5.781031131744385,-5.854617118835449,,,
48,121299,-0.05184148624539375,-5.713713645935059,-5.785910606384277,,,
48,121349,-0.04757893085479736,-5.748682022094727,-5.827895164489746,,,
48,121399,-0.03538771718740463,-5.725362300872803,-5.7978668212890625,,,
48,121449,-0.0417189821600914,-5.698581218719482,-5.765227317810059,,,
48,121499,-0.07830493897199631,-5.744649887084961,-5.810549259185791,,,
48,121549,-0.03396284207701683,-5.7120208740234375,-5.775981426239014,,,
48,121599,-0.05560285970568657,-5.647983074188232,-5.720409870147705,,,
48,121649,-0.05352536961436272,-5.709413528442383,-5.775057315826416,,,
48,121699,-0.052586667239665985,-5.7579169273376465,-5.830952167510986,,,
48,121749,-0.047031473368406296,-5.7253923416137695,-5.79704475402832,,,
48,121799,-0.04573171213269234,-5.677961826324463,-5.75808572769165,,,
48,121849,-0.05637329816818237,-5.71143913269043,-5.7747802734375,,,
48,121899,-0.05438678711652756,-5.671367168426514,-5.744019508361816,,,
48,121949,-0.0575299933552742,-5.749843120574951,-5.8208513259887695,,,
48,121999,-0.04220196604728699,-5.731649398803711,-5.796536922454834,,,
48,122049,-0.043004732578992844,-5.728085517883301,-5.792725563049316,,,
48,122099,-0.04809068515896797,-5.754574298858643,-5.828392028808594,,,
48,122149,-0.05515916645526886,-5.698010444641113,-5.77046012878418,,,
48,122199,-0.059264153242111206,-5.708714485168457,-5.77948522567749,,,
48,122249,-0.06850410252809525,-5.696652412414551,-5.76342248916626,,,
48,122299,-0.03710703179240227,-5.719511032104492,-5.791098594665527,,,
48,122349,-0.07364001125097275,-5.68353796005249,-5.759139060974121,,,
48,122399,-0.052162379026412964,-5.755139350891113,-5.837681770324707,,,
48,122449,-0.08595579117536545,-5.75026798248291,-5.834372520446777,,,
48,122499,-0.05712474510073662,-5.740616321563721,-5.80804443359375,,,
48,122499,,,,-5.700313568115234,-5.720829486846924,-5.7797932624816895
49,122549,-0.060288045555353165,-5.694515228271484,-5.764402866363525,,,
49,122599,-0.0627816841006279,-5.708808898925781,-5.777536869049072,,,
49,122649,-0.055548880249261856,-5.693731307983398,-5.764891147613525,,,
49,122699,-0.060041192919015884,-5.712364196777344,-5.789417743682861,,,
49,122749,-0.06501233577728271,-5.746665000915527,-5.828884124755859,,,
49,122799,-0.07235027104616165,-5.695167064666748,-5.769830226898193,,,
49,122849,-0.06704621762037277,-5.707171440124512,-5.788395881652832,,,
49,122899,-0.04423288628458977,-5.764188289642334,-5.843922138214111,,,
49,122949,-0.055297594517469406,-5.727020263671875,-5.793111324310303,,,
49,122999,-0.034020524471998215,-5.691891193389893,-5.755663871765137,,,
49,123049,-0.04251105338335037,-5.682896614074707,-5.756381511688232,,,
49,123099,-0.044077418744564056,-5.724143028259277,-5.797719478607178,,,
49,123149,-0.0492781326174736,-5.681002616882324,-5.750665664672852,,,
49,123199,-0.04716619476675987,-5.754779815673828,-5.824718475341797,,,
49,123249,-0.04662002623081207,-5.674121856689453,-5.740542888641357,,,
49,123299,-0.06591258943080902,-5.719917297363281,-5.802103042602539,,,
49,123349,-0.06909304857254028,-5.730918884277344,-5.80896520614624,,,
49,123399,-0.04604220390319824,-5.7099714279174805,-5.773557186126709,,,
49,123449,-0.05288497358560562,-5.678133010864258,-5.750779151916504,,,
49,123499,-0.04682449251413345,-5.738297462463379,-5.823887348175049,,,
49,123549,-0.03950067609548569,-5.746189594268799,-5.808841228485107,,,
49,123599,-0.05236164852976799,-5.741863250732422,-5.814428806304932,,,
49,123649,-0.055847689509391785,-5.725586891174316,-5.803031921386719,,,
49,123699,-0.03965883329510689,-5.666490077972412,-5.733521461486816,,,
49,123749,-0.04618094861507416,-5.759760856628418,-5.830076694488525,,,
49,123799,-0.05246203765273094,-5.709324836730957,-5.783040523529053,,,
49,123849,-0.044088590890169144,-5.727087497711182,-5.792443752288818,,,
49,123899,-0.05327800288796425,-5.680939674377441,-5.757283687591553,,,
49,123949,-0.03909280523657799,-5.717746734619141,-5.779910564422607,,,
49,123999,-0.05277835205197334,-5.737606525421143,-5.813438415527344,,,
49,124049,-0.051443614065647125,-5.74198055267334,-5.811877250671387,,,
49,124099,-0.04436488822102547,-5.748432636260986,-5.820579528808594,,,
49,124149,-0.05134832113981247,-5.700386047363281,-5.773550987243652,,,
49,124199,-0.07333296537399292,-5.684365749359131,-5.758570194244385,,,
49,124249,-0.06769351661205292,-5.771744728088379,-5.847955226898193,,,
49,124299,-0.03873755782842636,-5.697999477386475,-5.775191307067871,,,
49,124349,-0.0673006922006607,-5.7348432540893555,-5.810336112976074,,,
49,124399,-0.05352477729320526,-5.702168941497803,-5.771378040313721,,,
49,124449,-0.07760092616081238,-5.706092834472656,-5.781362056732178,,,
49,124499,-0.04721565172076225,-5.690961837768555,-5.757424354553223,,,
49,124549,-0.054795268923044205,-5.665708541870117,-5.736987113952637,,,
49,124599,-0.058096714317798615,-5.726166725158691,-5.792612552642822,,,
49,124649,-0.07062701880931854,-5.714167594909668,-5.7884368896484375,,,
49,124699,-0.052892133593559265,-5.646512508392334,-5.717715263366699,,,
49,124749,-0.041999977082014084,-5.712369918823242,-5.787593841552734,,,
49,124799,-0.042632296681404114,-5.693120956420898,-5.757036209106445,,,
49,124849,-0.040099844336509705,-5.685768127441406,-5.756173133850098,,,
49,124899,-0.09783278405666351,-5.728282928466797,-5.80744743347168,,,
49,124949,-0.04154568910598755,-5.739323616027832,-5.805363655090332,,,
49,124999,-0.06812429428100586,-5.704662322998047,-5.7741923332214355,,,
49,124999,,,,-5.701004505157471,-5.7233052253723145,-5.7814741134643555
50,125049,-0.041179150342941284,-5.738713264465332,-5.812345027923584,,,
50,125099,-0.05733552202582359,-5.665241241455078,-5.737155437469482,,,
50,125149,-0.06634515523910522,-5.657815933227539,-5.72529411315918,,,
50,125199,-0.037788838148117065,-5.680717468261719,-5.7427239418029785,,,
50,125249,-0.045411366969347,-5.716810703277588,-5.778265476226807,,,
50,125299,-0.034521494060754776,-5.733551502227783,-5.801313400268555,,,
50,125349,-0.03749445825815201,-5.747472763061523,-5.819841384887695,,,
50,125399,-0.04696398600935936,-5.756633758544922,-5.816343784332275,,,
50,125449,-0.04234500974416733,-5.645269393920898,-5.710501194000244,,,
50,125499,-0.07487532496452332,-5.726645469665527,-5.803526401519775,,,
50,125549,-0.05633140355348587,-5.7234883308410645,-5.799368858337402,,,
50,125599,-0.0527423657476902,-5.7532267570495605,-5.834293842315674,,,
50,125649,-0.03683407977223396,-5.686799049377441,-5.754168510437012,,,
50,125699,-0.06620766222476959,-5.746132850646973,-5.821165561676025,,,
50,125749,-0.05044462904334068,-5.72996711730957,-5.803835868835449,,,
50,125799,-0.07206790149211884,-5.66920804977417,-5.735933303833008,,,
50,125849,-0.040694188326597214,-5.704440593719482,-5.789623260498047,,,
50,125899,-0.03751291334629059,-5.710406303405762,-5.774984836578369,,,
50,125949,-0.05055477097630501,-5.725253105163574,-5.792692184448242,,,
50,125999,-0.04277071729302406,-5.6351118087768555,-5.703742980957031,,,
50,126049,-0.055894635617733,-5.746635437011719,-5.831332683563232,,,
50,126099,-0.05546737462282181,-5.720263957977295,-5.799704551696777,,,
50,126149,-0.03713809698820114,-5.699873447418213,-5.780762672424316,,,
50,126199,-0.0453825369477272,-5.662705421447754,-5.747189044952393,,,
50,126249,-0.05856608599424362,-5.741569519042969,-5.823100566864014,,,
50,126299,-0.07397828251123428,-5.671447277069092,-5.742373466491699,,,
50,126349,-0.055898044258356094,-5.717812538146973,-5.788626670837402,,,
50,126399,-0.07087361812591553,-5.702805995941162,-5.780147075653076,,,
50,126449,-0.04840822145342827,-5.68148136138916,-5.758729934692383,,,
50,126499,-0.0501316674053669,-5.701168060302734,-5.77463960647583,,,
50,126549,-0.04774899408221245,-5.7474236488342285,-5.829686164855957,,,
50,126599,-0.04717182368040085,-5.730991363525391,-5.80242919921875,,,
50,126649,-0.050025470554828644,-5.706421852111816,-5.789169788360596,,,
50,126699,-0.04883565753698349,-5.656209945678711,-5.723958492279053,,,
50,126749,-0.10276070982217789,-5.7186174392700195,-5.79564094543457,,,
50,126799,-0.05045542120933533,-5.708373546600342,-5.787680625915527,,,
50,126849,-0.050880782306194305,-5.7170538902282715,-5.787499904632568,,,
50,126899,-0.049532048404216766,-5.723305702209473,-5.793990135192871,,,
50,126949,-0.04624433442950249,-5.748661518096924,-5.818142414093018,,,
50,126999,-0.03739447891712189,-5.708211421966553,-5.768055438995361,,,
50,127049,-0.04770953953266144,-5.697483062744141,-5.773300647735596,,,
50,127099,-0.034460294991731644,-5.720621585845947,-5.779109477996826,,,
50,127149,-0.051840655505657196,-5.63980770111084,-5.71259880065918,,,
50,127199,-0.04627580940723419,-5.72828483581543,-5.793393611907959,,,
50,127249,-0.0439288504421711,-5.668506145477295,-5.732402324676514,,,
50,127299,-0.06753890216350555,-5.741803169250488,-5.81804895401001,,,
50,127349,-0.05155971273779869,-5.696523666381836,-5.764807224273682,,,
50,127399,-0.04025883227586746,-5.723573684692383,-5.80949068069458,,,
50,127449,-0.044291265308856964,-5.702419757843018,-5.789290428161621,,,
50,127499,-0.05359631031751633,-5.730764389038086,-5.804614067077637,,,
50,127499,,,,-5.700196266174316,-5.72165060043335,-5.779828071594238
51,127549,-0.045080479234457016,-5.769278526306152,-5.844789981842041,,,
51,127599,-0.0433770976960659,-5.6873087882995605,-5.757821083068848,,,
51,127649,-0.05833384767174721,-5.688837051391602,-5.760571002960205,,,
51,127699,-0.0680195540189743,-5.77152156829834,-5.855869770050049,,,
51,127749,-0.07335024327039719,-5.7488555908203125,-5.8296732902526855,,,
51,127799,-0.049379296600818634,-5.74062442779541,-5.811102867126465,,,
51,127849,-0.04631267115473747,-5.687102317810059,-5.758434295654297,,,
51,127899,-0.031066130846738815,-5.694896221160889,-5.762535095214844,,,
51,127949,-0.05589737743139267,-5.727301597595215,-5.798160076141357,,,
51,127999,-0.06895053386688232,-5.740443229675293,-5.819020748138428,,,
51,128049,-0.061723675578832626,-5.71212100982666,-5.777536869049072,,,
51,128099,-0.06770075857639313,-5.8072123527526855,-5.882266521453857,,,
51,128149,-0.041903384029865265,-5.698469638824463,-5.760169506072998,,,
51,128199,-0.04731142893433571,-5.7358903884887695,-5.810605525970459,,,
51,128249,-0.040027353912591934,-5.747427463531494,-5.8102617263793945,,,
51,128299,-0.05558960884809494,-5.710789203643799,-5.78063440322876,,,
51,128349,-0.07597046345472336,-5.711606502532959,-5.786549091339111,,,
51,128399,-0.06618109345436096,-5.705223083496094,-5.777803421020508,,,
51,128449,-0.05550709739327431,-5.719165802001953,-5.79198694229126,,,
51,128499,-0.03193497657775879,-5.677638053894043,-5.738273620605469,,,
51,128549,-0.04750421270728111,-5.696070671081543,-5.767662048339844,,,
51,128599,-0.04769277945160866,-5.712930202484131,-5.780811786651611,,,
51,128649,-0.0639142096042633,-5.809143543243408,-5.879484176635742,,,
51,128699,-0.060883697122335434,-5.751204967498779,-5.822265625,,,
51,128749,-0.08638127893209457,-5.700718879699707,-5.773540019989014,,,
51,128799,-0.057145338505506516,-5.751289367675781,-5.823687553405762,,,
51,128849,-0.04193412512540817,-5.704666614532471,-5.77617073059082,,,
51,128899,-0.06358209997415543,-5.718315124511719,-5.803386688232422,,,
51,128949,-0.03841197490692139,-5.7094035148620605,-5.785704135894775,,,
51,128999,-0.047444503754377365,-5.704982757568359,-5.7702317237854,,,
51,129049,-0.05961691588163376,-5.765542984008789,-5.836991310119629,,,
51,129099,-0.04636513069272041,-5.780309677124023,-5.856839656829834,,,
51,129149,-0.036322448402643204,-5.72030782699585,-5.7846221923828125,,,
51,129199,-0.04458077251911163,-5.730138778686523,-5.798224925994873,,,
51,129249,-0.06475726515054703,-5.692559242248535,-5.781220436096191,,,
51,129299,-0.04550471156835556,-5.670225143432617,-5.736800193786621,,,
51,129349,-0.037519846111536026,-5.7230939865112305,-5.797452449798584,,,
51,129399,-0.046802062541246414,-5.7176618576049805,-5.798757076263428,,,
51,129449,-0.05005399137735367,-5.720791816711426,-5.787182331085205,,,
51,129499,-0.04888635873794556,-5.723039627075195,-5.787720680236816,,,
51,129549,-0.0562104694545269,-5.791939735412598,-5.869700908660889,,,
51,129599,-0.04744759574532509,-5.746038436889648,-5.8138275146484375,,,
51,129649,-0.05341293290257454,-5.774656295776367,-5.848182201385498,,,
51,129699,-0.043562840670347214,-5.776242733001709,-5.846164226531982,,,
51,129749,-0.04440108314156532,-5.780323505401611,-5.851700305938721,,,
51,129799,-0.06359715759754181,-5.762737274169922,-5.834212303161621,,,
51,129849,-0.05054406821727753,-5.667696952819824,-5.733141899108887,,,
51,129899,-0.04755421355366707,-5.7051496505737305,-5.775186538696289,,,
51,129949,-0.05322260409593582,-5.705755233764648,-5.77423620223999,,,
51,129999,-0.07971636950969696,-5.718660831451416,-5.794294357299805,,,
51,129999,,,,-5.700313568115234,-5.720727920532227,-5.778224945068359
52,130049,-0.04185773804783821,-5.690623760223389,-5.764685153961182,,,
52,130099,-0.06964275985956192,-5.732587814331055,-5.809486389160156,,,
52,130149,-0.05375208705663681,-5.738502502441406,-5.814691066741943,,,
52,130199,-0.036918655037879944,-5.746482849121094,-5.8187456130981445,,,
52,130249,-0.05816783383488655,-5.713455677032471,-5.78535270690918,,,
52,130299,-0.041950758546590805,-5.721195220947266,-5.79927921295166,,,
52,130349,-0.0744476318359375,-5.752973556518555,-5.825038909912109,,,
52,130399,-0.0674353763461113,-5.715749263763428,-5.790010452270508,,,
52,130449,-0.044465336948633194,-5.754819393157959,-5.823214530944824,,,
52,130499,-0.054848890751600266,-5.728899955749512,-5.788156509399414,,,
52,130549,-0.04498014226555824,-5.687720775604248,-5.747260570526123,,,
52,130599,-0.055163051933050156,-5.692376136779785,-5.768045425415039,,,
52,130649,-0.03165145590901375,-5.764926910400391,-5.836342811584473,,,
52,130699,-0.07029139250516891,-5.7833075523376465,-5.854870319366455,,,
52,130749,-0.052977144718170166,-5.6951704025268555,-5.755720138549805,,,
52,130799,-0.054305389523506165,-5.7462944984436035,-5.819314002990723,,,
52,130849,-0.04911111667752266,-5.754918098449707,-5.823140621185303,,,
52,130899,-0.04513789713382721,-5.671031951904297,-5.730411052703857,,,
52,130949,-0.06670589745044708,-5.707551956176758,-5.783087730407715,,,
52,130999,-0.058883581310510635,-5.721254348754883,-5.795528411865234,,,
52,131049,-0.04650663211941719,-5.671003341674805,-5.733858585357666,,,
52,131099,-0.03573313727974892,-5.7155866622924805,-5.783953666687012,,,
52,131149,-0.0513782724738121,-5.734894752502441,-5.810080528259277,,,
52,131199,-0.043640341609716415,-5.678905487060547,-5.752751350402832,,,
52,131249,-0.05127190425992012,-5.7199859619140625,-5.785610198974609,,,
52,131299,-0.044272325932979584,-5.7527756690979,-5.827931880950928,,,
52,131349,-0.0510375052690506,-5.702268600463867,-5.777998924255371,,,
52,131399,-0.06362145394086838,-5.76024055480957,-5.8328070640563965,,,
52,131449,-0.04687108099460602,-5.6241254806518555,-5.687991142272949,,,
52,131499,-0.06603632122278214,-5.722684860229492,-5.8026604652404785,,,
52,131549,-0.04365275800228119,-5.688531875610352,-5.765276908874512,,,
52,131599,-0.06850524246692657,-5.726243019104004,-5.79754114151001,,,
52,131649,-0.04415304586291313,-5.760503768920898,-5.828189373016357,,,
52,131699,-0.04054202139377594,-5.742438316345215,-5.809122085571289,,,
52,131749,-0.06393082439899445,-5.764505386352539,-5.842634201049805,,,
52,131799,-0.0516345389187336,-5.706219673156738,-5.767476558685303,,,
52,131849,-0.055549077689647675,-5.703343391418457,-5.781962871551514,,,
52,131899,-0.05322724208235741,-5.705248832702637,-5.777923583984375,,,
52,131949,-0.053055115044116974,-5.706650733947754,-5.77022647857666,,,
52,131999,-0.05893603339791298,-5.682580947875977,-5.747341632843018,,,
52,132049,-0.04891504347324371,-5.657107353210449,-5.729856967926025,,,
52,132099,-0.04906143620610237,-5.742973327636719,-5.808752536773682,,,
52,132149,-0.05230855941772461,-5.739410877227783,-5.805927753448486,,,
52,132199,-0.03764241188764572,-5.703332901000977,-5.770235538482666,,,
52,132249,-0.04145373776555061,-5.716608047485352,-5.78935432434082,,,
52,132299,-0.03429275378584862,-5.689868927001953,-5.759700298309326,,,
52,132349,-0.05331200361251831,-5.721421241760254,-5.787988662719727,,,
52,132399,-0.07015231996774673,-5.749029636383057,-5.828298091888428,,,
52,132449,-0.05564121901988983,-5.710108757019043,-5.783797264099121,,,
52,132499,-0.0383589044213295,-5.716643333435059,-5.783051490783691,,,
52,132499,,,,-5.699398517608643,-5.7246413230896,-5.785340785980225
53,132549,-0.043129127472639084,-5.692918300628662,-5.766482830047607,,,
53,132599,-0.044089507311582565,-5.7225446701049805,-5.79437255859375,,,
53,132649,-0.043545931577682495,-5.689626216888428,-5.7569260597229,,,
53,132699,-0.04309000074863434,-5.692782878875732,-5.767491340637207,,,
53,132749,-0.040586214512586594,-5.702775001525879,-5.767982482910156,,,
53,132799,-0.04062451422214508,-5.689903736114502,-5.756197929382324,,,
53,132849,-0.03319786861538887,-5.693443775177002,-5.758264064788818,,,
53,132899,-0.04439251497387886,-5.712620735168457,-5.778588771820068,,,
53,132949,-0.03815441578626633,-5.702875137329102,-5.766660213470459,,,
53,132999,-0.046332892030477524,-5.7203450202941895,-5.792197227478027,,,
53,133049,-0.05306147038936615,-5.696552753448486,-5.768393039703369,,,
53,133099,-0.06249939650297165,-5.7190680503845215,-5.80036735534668,,,
53,133149,-0.041163019835948944,-5.7527642250061035,-5.819090366363525,,,
53,133199,-0.0478111207485199,-5.716292381286621,-5.780867576599121,,,
53,133249,-0.03345333784818649,-5.7092766761779785,-5.775166034698486,,,
53,133299,-0.04435961693525314,-5.700201034545898,-5.77473258972168,,,
53,133349,-0.05163149535655975,-5.713338851928711,-5.795367240905762,,,
53,133399,-0.04927421361207962,-5.701700210571289,-5.768646240234375,,,
53,133449,-0.038347430527210236,-5.710746765136719,-5.776871681213379,,,
53,133499,-0.062070176005363464,-5.704845428466797,-5.771866321563721,,,
53,133549,-0.038895972073078156,-5.701402187347412,-5.774868488311768,,,
53,133599,-0.056965310126543045,-5.722658634185791,-5.796502113342285,,,
53,133649,-0.044798593968153,-5.673973560333252,-5.740731716156006,,,
53,133699,-0.04794979467988014,-5.729639053344727,-5.797998428344727,,,
53,133749,-0.048734527081251144,-5.768672943115234,-5.837772846221924,,,
53,133799,-0.05476844683289528,-5.698755264282227,-5.763303279876709,,,
53,133849,-0.06802306324243546,-5.66554594039917,-5.737037658691406,,,
53,133899,-0.0703418180346489,-5.757549285888672,-5.827423572540283,,,
53,133949,-0.06082942336797714,-5.690825462341309,-5.768147945404053,,,
53,133999,-0.047943320125341415,-5.7352070808410645,-5.805220603942871,,,
53,134049,-0.04565714672207832,-5.724318504333496,-5.787390232086182,,,
53,134099,-0.04369780421257019,-5.770930290222168,-5.835227012634277,,,
53,134149,-0.056741874665021896,-5.675458908081055,-5.748555660247803,,,
53,134199,-0.03834738954901695,-5.625733375549316,-5.695286750793457,,,
53,134249,-0.04491224139928818,-5.726327896118164,-5.796555042266846,,,
53,134299,-0.040736570954322815,-5.738959789276123,-5.8227410316467285,,,
53,134349,-0.047081079334020615,-5.737409591674805,-5.802857398986816,,,
53,134399,-0.03943875804543495,-5.736204624176025,-5.810983657836914,,,
53,134449,-0.05685834586620331,-5.735963821411133,-5.801364421844482,,,
53,134499,-0.0477352999150753,-5.72702693939209,-5.80992317199707,,,
53,134549,-0.046670522540807724,-5.755858898162842,-5.820624828338623,,,
53,134599,-0.04201965406537056,-5.7148051261901855,-5.793383598327637,,,
53,134649,-0.06446151435375214,-5.716676235198975,-5.792270183563232,,,
53,134699,-0.05234076455235481,-5.669380187988281,-5.743068695068359,,,
53,134749,-0.05971747264266014,-5.736532211303711,-5.812460899353027,,,
53,134799,-0.06452713161706924,-5.700259208679199,-5.772244930267334,,,
53,134849,-0.053272444754838943,-5.699729919433594,-5.770010948181152,,,
53,134899,-0.05307826027274132,-5.735228061676025,-5.801880836486816,,,
53,134949,-0.04385540261864662,-5.7047882080078125,-5.770169734954834,,,
53,134999,-0.041659772396087646,-5.703600883483887,-5.768921375274658,,,
53,134999,,,,-5.700290679931641,-5.721456527709961,-5.778230667114258
54,135049,-0.058919019997119904,-5.761477470397949,-5.840462684631348,,,
54,135099,-0.05590718239545822,-5.7161407470703125,-5.788117408752441,,,
54,135149,-0.04314561188220978,-5.666238784790039,-5.734943866729736,,,
54,135199,-0.03426496684551239,-5.664107322692871,-5.725769996643066,,,
54,135249,-0.046447549015283585,-5.747580528259277,-5.821329116821289,,,
54,135299,-0.043885450810194016,-5.700320243835449,-5.763596534729004,,,
54,135349,-0.04567113146185875,-5.709334373474121,-5.770782947540283,,,
54,135399,-0.04259652644395828,-5.698197364807129,-5.763228416442871,,,
54,135449,-0.03884980455040932,-5.706218719482422,-5.7746500968933105,,,
54,135499,-0.05961133912205696,-5.685883522033691,-5.747322082519531,,,
54,135549,-0.05433447286486626,-5.735777854919434,-5.81048583984375,,,
54,135599,-0.060233984142541885,-5.750362396240234,-5.832912921905518,,,
54,135649,-0.04628775641322136,-5.676398277282715,-5.742415428161621,,,
54,135699,-0.047654103487730026,-5.726977348327637,-5.796872615814209,,,
54,135749,-0.04712459444999695,-5.66888427734375,-5.743168830871582,,,
54,135799,-0.050995972007513046,-5.686102867126465,-5.761263847351074,,,
54,135849,-0.08396150171756744,-5.682899475097656,-5.761908054351807,,,
54,135899,-0.0540272518992424,-5.727790832519531,-5.80205774307251,,,
54,135949,-0.061808500438928604,-5.741259574890137,-5.812049388885498,,,
54,135999,-0.04738001152873039,-5.643196105957031,-5.7087626457214355,,,
54,136049,-0.04842355102300644,-5.733282089233398,-5.79925012588501,,,
54,136099,-0.045969028025865555,-5.675899028778076,-5.734764099121094,,,
54,136149,-0.0572645366191864,-5.744016170501709,-5.81151819229126,,,
54,136199,-0.05661578103899956,-5.672822952270508,-5.749342918395996,,,
54,136249,-0.046233776956796646,-5.796187400817871,-5.872579097747803,,,
54,136299,-0.059664055705070496,-5.6814446449279785,-5.749631881713867,,,
54,136349,-0.07007484138011932,-5.749985218048096,-5.823491096496582,,,
54,136399,-0.04527302086353302,-5.642756462097168,-5.706452369689941,,,
54,136449,-0.050743237137794495,-5.724274635314941,-5.797580242156982,,,
54,136499,-0.03873584792017937,-5.726785659790039,-5.795572757720947,,,
54,136549,-0.06689918041229248,-5.7194037437438965,-5.787295818328857,,,
54,136599,-0.04754376411437988,-5.708460807800293,-5.778266429901123,,,
54,136649,-0.058016661554574966,-5.669034004211426,-5.734735012054443,,,
54,136699,-0.0646553561091423,-5.737164497375488,-5.813706398010254,,,
54,136749,-0.04985525831580162,-5.715193271636963,-5.783360481262207,,,
54,136799,-0.05047297850251198,-5.739792823791504,-5.810431957244873,,,
54,136849,-0.06310504674911499,-5.7221150398254395,-5.789911270141602,,,
54,136899,-0.039673853665590286,-5.685271739959717,-5.750297546386719,,,
54,136949,-0.04105367138981819,-5.674685001373291,-5.74856424331665,,,
54,136999,-0.06252847611904144,-5.754602909088135,-5.827150821685791,,,
54,137049,-0.048003483563661575,-5.782829284667969,-5.84458065032959,,,
54,137099,-0.046130236238241196,-5.761950492858887,-5.827728271484375,,,
54,137149,-0.029843401163816452,-5.738080978393555,-5.801883220672607,,,
54,137199,-0.047725122421979904,-5.7243475914001465,-5.802710056304932,,,
54,137249,-0.045958977192640305,-5.683177471160889,-5.750864028930664,,,
54,137299,-0.03923773020505905,-5.704098701477051,-5.767951488494873,,,
54,137349,-0.032474320381879807,-5.756452560424805,-5.821453094482422,,,
54,137399,-0.04511329531669617,-5.7516937255859375,-5.827656269073486,,,
54,137449,-0.06297885626554489,-5.711767673492432,-5.805753707885742,,,
54,137499,-0.06297892332077026,-5.684070587158203,-5.753632545471191,,,
54,137499,,,,-5.698819637298584,-5.718822956085205,-5.775953769683838
55,137549,-0.045226190239191055,-5.710708141326904,-5.777022361755371,,,
55,137599,-0.047928981482982635,-5.702618598937988,-5.76617431640625,,,
55,137649,-0.050508689135313034,-5.699836254119873,-5.7714762687683105,,,
55,137699,-0.0576629713177681,-5.722182273864746,-5.790416240692139,,,
55,137749,-0.05325143784284592,-5.681344032287598,-5.746129035949707,,,
55,137799,-0.05512435734272003,-5.670941352844238,-5.737914085388184,,,
55,137849,-0.0581081360578537,-5.754467487335205,-5.823107719421387,,,
55,137899,-0.0383843258023262,-5.7372822761535645,-5.798726558685303,,,
55,137949,-0.04919038340449333,-5.745340824127197,-5.818466663360596,,,
55,137999,-0.049563806504011154,-5.756386756896973,-5.825394153594971,,,
55,138049,-0.03689582273364067,-5.692286491394043,-5.765102863311768,,,
55,138099,-0.06252849847078323,-5.690309524536133,-5.756208419799805,,,
55,138149,-0.03879828378558159,-5.723088264465332,-5.792215347290039,,,
55,138199,-0.059859104454517365,-5.737183570861816,-5.8112711906433105,,,
55,138249,-0.06747865676879883,-5.702701568603516,-5.7755866050720215,,,
55,138299,-0.034558214247226715,-5.714947700500488,-5.772297382354736,,,
55,138349,-0.04754878953099251,-5.692208290100098,-5.758949279785156,,,
55,138399,-0.042967069894075394,-5.733001708984375,-5.79987096786499,,,
55,138449,-0.04036193713545799,-5.687824249267578,-5.753360271453857,,,
55,138499,-0.05977813899517059,-5.749117374420166,-5.825417995452881,,,
55,138549,-0.05344422161579132,-5.651366233825684,-5.721773624420166,,,
55,138599,-0.06806571036577225,-5.677252769470215,-5.750914096832275,,,
55,138649,-0.04388893023133278,-5.698037147521973,-5.760566234588623,,,
55,138699,-0.05275534465909004,-5.749432563781738,-5.822581768035889,,,
55,138749,-0.03736625239253044,-5.701600074768066,-5.768232822418213,,,
55,138799,-0.05115705356001854,-5.701669692993164,-5.7717485427856445,,,
55,138849,-0.05005503445863724,-5.692074775695801,-5.764981746673584,,,
55,138899,-0.04517025500535965,-5.756495475769043,-5.828876972198486,,,
55,138949,-0.05089021474123001,-5.7089738845825195,-5.784066200256348,,,
55,138999,-0.07529201358556747,-5.707901477813721,-5.775951862335205,,,
55,139049,-0.03664641082286835,-5.690446376800537,-5.755908012390137,,,
55,139099,-0.055799879133701324,-5.69428014755249,-5.761145114898682,,,
55,139149,-0.052688587456941605,-5.709020614624023,-5.777318477630615,,,
55,139199,-0.04156745970249176,-5.678826332092285,-5.751768589019775,,,
55,139249,-0.05361839011311531,-5.725917816162109,-5.798454284667969,,,
55,139299,-0.04818989336490631,-5.769901275634766,-5.841022968292236,,,
55,139349,-0.043949589133262634,-5.7702317237854,-5.839207172393799,,,
55,139399,-0.05208005756139755,-5.728399276733398,-5.796090126037598,,,
55,139449,-0.040732525289058685,-5.72763729095459,-5.789523601531982,,,
55,139499,-0.05584827437996864,-5.736754417419434,-5.811501502990723,,,
55,139549,-0.055068593472242355,-5.694345474243164,-5.778164386749268,,,
55,139599,-0.06338012218475342,-5.677105903625488,-5.75592565536499,,,
55,139649,-0.05914335697889328,-5.686038970947266,-5.753442287445068,,,
55,139699,-0.05143594741821289,-5.766902923583984,-5.835626602172852,,,
55,139749,-0.03396392613649368,-5.694266319274902,-5.757845401763916,,,
55,139799,-0.0472077839076519,-5.699917316436768,-5.768704891204834,,,
55,139849,-0.046825576573610306,-5.675765037536621,-5.746333599090576,,,
55,139899,-0.0495474711060524,-5.716381072998047,-5.783536434173584,,,
55,139949,-0.0461379811167717,-5.69677734375,-5.763503074645996,,,
55,139999,-0.03824257850646973,-5.697788238525391,-5.761084079742432,,,
55,139999,,,,-5.6992716789245605,-5.719965934753418,-5.777304649353027
56,140049,-0.05652105063199997,-5.747227668762207,-5.817618370056152,,,
56,140099,-0.0345056988298893,-5.692254066467285,-5.745920181274414,,,
56,140149,-0.06367173790931702,-5.722211837768555,-5.794869899749756,,,
56,140199,-0.056559640914201736,-5.698097229003906,-5.764955520629883,,,
56,140249,-0.0361349992454052,-5.748893737792969,-5.809934616088867,,,
56,140299,-0.036795683205127716,-5.736642837524414,-5.804769992828369,,,
56,140349,-0.029245393350720406,-5.674415588378906,-5.724373817443848,,,
56,140399,-0.055009469389915466,-5.742527008056641,-5.82459020614624,,,
56,140449,-0.05486098676919937,-5.722202301025391,-5.779472351074219,,,
56,140499,-0.058055270463228226,-5.698589324951172,-5.772620677947998,,,
56,140549,-0.05468616262078285,-5.727282524108887,-5.801372528076172,,,
56,140599,-0.03553213179111481,-5.757877349853516,-5.826760768890381,,,
56,140649,-0.043985918164253235,-5.741724967956543,-5.809455871582031,,,
56,140699,-0.05115906521677971,-5.694989204406738,-5.757466793060303,,,
56,140749,-0.05615604296326637,-5.71931266784668,-5.785308837890625,,,
56,140799,-0.043618496507406235,-5.759091854095459,-5.826250076293945,,,
56,140849,-0.05149286985397339,-5.756568908691406,-5.835915565490723,,,
56,140899,-0.04271587356925011,-5.707267761230469,-5.766966342926025,,,
56,140949,-0.044954780489206314,-5.768362522125244,-5.837288856506348,,,
56,140999,-0.056445565074682236,-5.6828203201293945,-5.7514262199401855,,,
56,141049,-0.04379590228199959,-5.708216667175293,-5.771955490112305,,,
56,141099,-0.041886571794748306,-5.732783317565918,-5.801474571228027,,,
56,141149,-0.0543082021176815,-5.7205071449279785,-5.789801120758057,,,
56,141199,-0.03186243027448654,-5.685976028442383,-5.757241249084473,,,
56,141249,-0.06631055474281311,-5.75554895401001,-5.827574253082275,,,
56,141299,-0.05350440740585327,-5.727409362792969,-5.795361042022705,,,
56,141349,-0.05422879010438919,-5.714969635009766,-5.780911922454834,,,
56,141399,-0.042091988027095795,-5.767462730407715,-5.838935375213623,,,
56,141449,-0.0491810217499733,-5.710927486419678,-5.775185585021973,,,
56,141499,-0.06032884493470192,-5.704427719116211,-5.7725830078125,,,
56,141549,-0.03853889927268028,-5.728394508361816,-5.788135051727295,,,
56,141599,-0.05015645921230316,-5.721208572387695,-5.788219928741455,,,
56,141649,-0.04922487586736679,-5.728482246398926,-5.79814338684082,,,
56,141699,-0.05760995298624039,-5.724832057952881,-5.797884464263916,,,
56,141749,-0.05191464722156525,-5.783403396606445,-5.857611179351807,,,
56,141799,-0.052046485245227814,-5.726372241973877,-5.7862982749938965,,,
56,141849,-0.031873252242803574,-5.7366790771484375,-5.801686763763428,,,
56,141899,-0.06120400130748749,-5.761846542358398,-5.828681945800781,,,
56,141949,-0.05312013626098633,-5.692648410797119,-5.759517192840576,,,
56,141999,-0.03364422172307968,-5.6650800704956055,-5.73027229309082,,,
56,142049,-0.04318971931934357,-5.624767303466797,-5.6940836906433105,,,
56,142099,-0.0390930213034153,-5.720419883728027,-5.785295486450195,,,
56,142149,-0.04258345440030098,-5.683055877685547,-5.75081729888916,,,
56,142199,-0.04713757336139679,-5.702549934387207,-5.769854545593262,,,
56,142249,-0.05402381718158722,-5.7613677978515625,-5.835579872131348,,,
56,142299,-0.043029192835092545,-5.706347465515137,-5.774059772491455,,,
56,142349,-0.050408799201250076,-5.708005905151367,-5.775240421295166,,,
56,142399,-0.04651181027293205,-5.757246017456055,-5.823101043701172,,,
56,142449,-0.044706523418426514,-5.691817760467529,-5.757410049438477,,,
56,142499,-0.04302024096250534,-5.769834518432617,-5.8381242752075195,,,
56,142499,,,,-5.698409080505371,-5.717785358428955,-5.774730205535889
57,142549,-0.042689960449934006,-5.706130504608154,-5.771196365356445,,,
57,142599,-0.03316584974527359,-5.754081726074219,-5.817574501037598,,,
57,142649,-0.04707169905304909,-5.795330047607422,-5.863744258880615,,,
57,142699,-0.05065107345581055,-5.7270660400390625,-5.799970626831055,,,
57,142749,-0.03520959988236427,-5.72475528717041,-5.789846897125244,,,
57,142799,-0.036634717136621475,-5.702031135559082,-5.773357391357422,,,
57,142849,-0.03797190263867378,-5.747137069702148,-5.816839694976807,,,
57,142899,-0.03862116485834122,-5.776630401611328,-5.847857475280762,,,
57,142949,-0.046641912311315536,-5.740253925323486,-5.803721904754639,,,
57,142999,-0.06009041517972946,-5.731716156005859,-5.804381370544434,,,
57,143049,-0.05313740670681,-5.74382209777832,-5.814688205718994,,,
57,143099,-0.055145833641290665,-5.697401523590088,-5.77189826965332,,,
57,143149,-0.06354207545518875,-5.6711835861206055,-5.750982761383057,,,
57,143199,-0.041403234004974365,-5.685281753540039,-5.754715442657471,,,
57,143249,-0.05016953498125076,-5.753821849822998,-5.824259281158447,,,
57,143299,-0.036756645888090134,-5.743185043334961,-5.812437534332275,,,
57,143349,-0.04830409958958626,-5.7080278396606445,-5.782719612121582,,,
57,143399,-0.03297572582960129,-5.658977508544922,-5.721893310546875,,,
57,143449,-0.06515073031187057,-5.7108917236328125,-5.790491580963135,,,
57,143499,-0.04874347522854805,-5.75821590423584,-5.829706192016602,,,
57,143549,-0.04105467349290848,-5.73714542388916,-5.800332069396973,,,
57,143599,-0.04035269469022751,-5.714380264282227,-5.791478157043457,,,
57,143649,-0.0333646684885025,-5.7277302742004395,-5.779860019683838,,,
57,143699,-0.041549623012542725,-5.724447727203369,-5.797835350036621,,,
57,143749,-0.055716320872306824,-5.746906280517578,-5.828032493591309,,,
57,143799,-0.05344077944755554,-5.684752464294434,-5.746793746948242,,,
57,143849,-0.05264018848538399,-5.732268810272217,-5.799447059631348,,,
57,143899,-0.04619409888982773,-5.711529731750488,-5.780272006988525,,,
57,143949,-0.03251424804329872,-5.770159721374512,-5.828747272491455,,,
57,143999,-0.046380672603845596,-5.709866523742676,-5.781022071838379,,,
57,144049,-0.05553026124835014,-5.723385334014893,-5.784145355224609,,,
57,144099,-0.07148908078670502,-5.71706485748291,-5.780068397521973,,,
57,144149,-0.03346961364150047,-5.735438346862793,-5.789429664611816,,,
57,144199,-0.060584038496017456,-5.74614143371582,-5.810939311981201,,,
57,144249,-0.043007392436265945,-5.716798305511475,-5.776694297790527,,,
57,144299,-0.035348568111658096,-5.679508686065674,-5.754006862640381,,,
57,144349,-0.05302363261580467,-5.740566253662109,-5.816168308258057,,,
57,144399,-0.06413329392671585,-5.743536472320557,-5.818760395050049,,,
57,144449,-0.06125127524137497,-5.737648010253906,-5.808890342712402,,,
57,144499,-0.045344457030296326,-5.734529972076416,-5.80091667175293,,,
57,144549,-0.04924234747886658,-5.6846208572387695,-5.753854751586914,,,
57,144599,-0.04488430917263031,-5.772305488586426,-5.83848762512207,,,
57,144649,-0.041275832802057266,-5.743298530578613,-5.808511734008789,,,
57,144699,-0.0543392151594162,-5.699871063232422,-5.777919292449951,,,
57,144749,-0.06844442337751389,-5.729402542114258,-5.801839351654053,,,
57,144799,-0.03459993004798889,-5.731688022613525,-5.794771671295166,,,
57,144849,-0.038903702050447464,-5.738744735717773,-5.801863670349121,,,
57,144899,-0.08902519196271896,-5.7171406745910645,-5.7941508293151855,,,
57,144949,-0.03948879987001419,-5.744694709777832,-5.803867816925049,,,
57,144999,-0.04774447903037071,-5.759185314178467,-5.837679386138916,,,
57,144999,,,,-5.698845863342285,-5.717221736907959,-5.7732977867126465
58,145049,-0.04737113416194916,-5.7052459716796875,-5.772241115570068,,,
58,145099,-0.054202497005462646,-5.715767860412598,-5.777976989746094,,,
58,145149,-0.05350345000624657,-5.7958173751831055,-5.873881816864014,,,
58,145199,-0.040155284106731415,-5.694094657897949,-5.75773286819458,,,
58,145249,-0.07545831799507141,-5.698294162750244,-5.766107082366943,,,
58,145299,-0.040365900844335556,-5.674193382263184,-5.737911224365234,,,
58,145349,-0.041966572403907776,-5.708980560302734,-5.777712345123291,,,
58,145399,-0.05208439379930496,-5.785434722900391,-5.849751949310303,,,
58,145449,-0.06426370143890381,-5.6939592361450195,-5.77436637878418,,,
58,145499,-0.06892070174217224,-5.728517532348633,-5.792032241821289,,,
58,145549,-0.044125184416770935,-5.780898094177246,-5.858726501464844,,,
58,145599,-0.02805343084037304,-5.7305684089660645,-5.785120487213135,,,
58,145649,-0.03599170222878456,-5.797910690307617,-5.870889663696289,,,
58,145699,-0.04648195207118988,-5.743043899536133,-5.80880069732666,,,
58,145749,-0.03784411400556564,-5.745215892791748,-5.81141471862793,,,
58,145799,-0.060138095170259476,-5.721649169921875,-5.782121658325195,,,
58,145849,-0.049097802489995956,-5.704063892364502,-5.780916213989258,,,
58,145899,-0.04629465937614441,-5.706665515899658,-5.765483379364014,,,
58,145949,-0.041416194289922714,-5.686250686645508,-5.748692512512207,,,
58,145999,-0.06397219747304916,-5.714846134185791,-5.77831506729126,,,
58,146049,-0.0557604543864727,-5.702794075012207,-5.783401966094971,,,
58,146099,-0.053919468075037,-5.687526226043701,-5.748960018157959,,,
58,146149,-0.04618556424975395,-5.7311625480651855,-5.801965236663818,,,
58,146199,-0.05332460254430771,-5.738036632537842,-5.811723709106445,,,
58,146249,-0.043143581598997116,-5.731669902801514,-5.790048599243164,,,
58,146299,-0.05506616830825806,-5.778701305389404,-5.847648620605469,,,
58,146349,-0.06462109088897705,-5.764883041381836,-5.846906661987305,,,
58,146399,-0.03281940892338753,-5.776863098144531,-5.842925071716309,,,
58,146449,-0.05825996398925781,-5.704416275024414,-5.772768974304199,,,
58,146499,-0.04284176602959633,-5.703176975250244,-5.761190891265869,,,
58,146549,-0.04919440299272537,-5.717233180999756,-5.782139778137207,,,
58,146599,-0.04387980327010155,-5.689737319946289,-5.745065689086914,,,
58,146649,-0.06756465882062912,-5.761697769165039,-5.8295488357543945,,,
58,146699,-0.0499681793153286,-5.727818489074707,-5.788924217224121,,,
58,146749,-0.04286704584956169,-5.724987983703613,-5.788929462432861,,,
58,146799,-0.04095156490802765,-5.7591047286987305,-5.831435203552246,,,
58,146849,-0.037279050797224045,-5.761130332946777,-5.817936897277832,,,
58,146899,-0.05294373258948326,-5.754787921905518,-5.818127155303955,,,
58,146949,-0.04914044588804245,-5.678959369659424,-5.741837024688721,,,
58,146999,-0.033723071217536926,-5.721950531005859,-5.784632205963135,,,
58,147049,-0.03788585960865021,-5.728219032287598,-5.793326377868652,,,
58,147099,-0.04439909756183624,-5.728076457977295,-5.790124416351318,,,
58,147149,-0.050376858562231064,-5.728772163391113,-5.790688991546631,,,
58,147199,-0.04656072333455086,-5.72394323348999,-5.789638519287109,,,
58,147249,-0.035937923938035965,-5.691173553466797,-5.747325420379639,,,
58,147299,-0.03877989575266838,-5.6988725662231445,-5.761581897735596,,,
58,147349,-0.04026572033762932,-5.731578826904297,-5.791731834411621,,,
58,147399,-0.034882329404354095,-5.717602729797363,-5.774930953979492,,,
58,147449,-0.048608820885419846,-5.69279670715332,-5.757104396820068,,,
58,147499,-0.04408588260412216,-5.718637943267822,-5.792359352111816,,,
58,147499,,,,-5.700237274169922,-5.721463203430176,-5.775464057922363
59,147549,-0.05500711500644684,-5.696180820465088,-5.762109279632568,,,
59,147599,-0.04043012484908104,-5.760337829589844,-5.825850486755371,,,
59,147649,-0.04175450652837753,-5.723552227020264,-5.782854080200195,,,
59,147699,-0.04114752635359764,-5.758525848388672,-5.817899227142334,,,
59,147749,-0.041464079171419144,-5.694180965423584,-5.7562761306762695,,,
59,147799,-0.07015903294086456,-5.714678764343262,-5.7897186279296875,,,
59,147849,-0.0644742026925087,-5.771517753601074,-5.83746337890625,,,
59,147899,-0.033746667206287384,-5.775450229644775,-5.853842735290527,,,
59,147949,-0.05669128894805908,-5.719594955444336,-5.792683124542236,,,
59,147999,-0.04616507515311241,-5.720860958099365,-5.785862922668457,,,
59,148049,-0.039193104952573776,-5.702975749969482,-5.766360759735107,,,
59,148099,-0.043667204678058624,-5.689854621887207,-5.753959655761719,,,
59,148149,-0.055507343262434006,-5.745453834533691,-5.811607360839844,,,
59,148199,-0.04222732409834862,-5.713376998901367,-5.778462886810303,,,
59,148249,-0.06931038945913315,-5.6672258377075195,-5.738331317901611,,,
59,148299,-0.03558596596121788,-5.710514545440674,-5.781389236450195,,,
59,148349,-0.036472298204898834,-5.720008373260498,-5.7844157218933105,,,
59,148399,-0.044978074729442596,-5.752640724182129,-5.810603618621826,,,
59,148449,-0.05345694348216057,-5.704111099243164,-5.779806613922119,,,
59,148499,-0.057947348803281784,-5.688379287719727,-5.761634349822998,,,
59,148549,-0.027303094044327736,-5.686627388000488,-5.751443862915039,,,
59,148599,-0.04504125565290451,-5.680593967437744,-5.740574836730957,,,
59,148649,-0.04159526899456978,-5.724522113800049,-5.788286209106445,,,
59,148699,-0.04322338104248047,-5.706140041351318,-5.771317005157471,,,
59,148749,-0.06627000868320465,-5.670845031738281,-5.743933200836182,,,
59,148799,-0.055181171745061874,-5.701337814331055,-5.772744178771973,,,
59,148849,-0.04919476434588432,-5.73786735534668,-5.80620002746582,,,
59,148899,-0.04222705587744713,-5.7116265296936035,-5.783084392547607,,,
59,148949,-0.04538627341389656,-5.743163108825684,-5.805051326751709,,,
59,148999,-0.047966811805963516,-5.771616458892822,-5.83440637588501,,,
59,149049,-0.04114846512675285,-5.681355953216553,-5.756919860839844,,,
59,149099,-0.026181884109973907,-5.733163356781006,-5.790750503540039,,,
59,149149,-0.04289509356021881,-5.729475975036621,-5.799938678741455,,,
59,149199,-0.09016545861959457,-5.717846870422363,-5.789511680603027,,,
59,149249,-0.04484515264630318,-5.75027322769165,-5.816141605377197,,,
59,149299,-0.0810493677854538,-5.755568981170654,-5.833865165710449,,,
59,149349,-0.04521839693188667,-5.743408203125,-5.815936088562012,,,
59,149399,-0.041637174785137177,-5.714353561401367,-5.7772216796875,,,
59,149449,-0.06102000176906586,-5.665380001068115,-5.732218265533447,,,
59,149499,-0.0830468162894249,-5.653888702392578,-5.718730926513672,,,
59,149549,-0.040813036262989044,-5.69129753112793,-5.754924774169922,,,
59,149599,-0.037408504635095596,-5.761745452880859,-5.830140113830566,,,
59,149649,-0.04728600010275841,-5.678855895996094,-5.743002891540527,,,
59,149699,-0.0414138101041317,-5.77666711807251,-5.838724613189697,,,
59,149749,-0.06138186156749725,-5.703548908233643,-5.77543830871582,,,
59,149799,-0.04786918684840202,-5.725851058959961,-5.7867045402526855,,,
59,149849,-0.03923529386520386,-5.734787940979004,-5.787211894989014,,,
59,149899,-0.06636609882116318,-5.726212501525879,-5.7984299659729,,,
59,149949,-0.05001411214470863,-5.710426330566406,-5.776162624359131,,,
59,149999,-0.050034888088703156,-5.705641746520996,-5.779559135437012,,,
59,149999,,,,-5.698835372924805,-5.718227386474609,-5.7719573974609375
60,150049,-0.03729136288166046,-5.691256523132324,-5.753756999969482,,,
60,150099,-0.06317362934350967,-5.749474048614502,-5.815939903259277,,,
60,150149,-0.05824418365955353,-5.741071701049805,-5.794625282287598,,,
60,150199,-0.0339411161839962,-5.727255344390869,-5.7957587242126465,,,
60,150249,-0.05046766251325607,-5.739293575286865,-5.815162658691406,,,
60,150299,-0.04527441784739494,-5.703113079071045,-5.769045829772949,,,
60,150349,-0.039806295186281204,-5.667519569396973,-5.73980188369751,,,
60,150399,-0.0376334972679615,-5.741153240203857,-5.802414417266846,,,
60,150449,-0.044635724276304245,-5.694939613342285,-5.766231060028076,,,
60,150499,-0.04033541679382324,-5.7042555809021,-5.774464130401611,,,
60,150549,-0.06265854090452194,-5.783896446228027,-5.853241920471191,,,
60,150599,-0.04963701218366623,-5.712043762207031,-5.771742820739746,,,
60,150649,-0.04386230185627937,-5.76579475402832,-5.822535037994385,,,
60,150699,-0.04958789795637131,-5.788636207580566,-5.860506057739258,,,
60,150749,-0.04887162148952484,-5.7089691162109375,-5.767822265625,,,
60,150799,-0.039550382643938065,-5.682426452636719,-5.749061107635498,,,
60,150849,-0.04782439023256302,-5.751184463500977,-5.8215155601501465,,,
60,150899,-0.036158185452222824,-5.760408401489258,-5.828483581542969,,,
60,150949,-0.039912205189466476,-5.718585014343262,-5.773338317871094,,,
60,150999,-0.03444603830575943,-5.73805046081543,-5.804206371307373,,,
60,151049,-0.03643249347805977,-5.692902565002441,-5.756187438964844,,,
60,151099,-0.048155516386032104,-5.7244462966918945,-5.790298938751221,,,
60,151149,-0.0556340217590332,-5.723714828491211,-5.785477161407471,,,
60,151199,-0.03907011076807976,-5.743910789489746,-5.805346488952637,,,
60,151249,-0.033984582871198654,-5.715315818786621,-5.78125,,,
60,151299,-0.06939814239740372,-5.692923545837402,-5.757979393005371,,,
60,151349,-0.04173450544476509,-5.670860290527344,-5.725019454956055,,,
60,151399,-0.04933721572160721,-5.77266788482666,-5.829527378082275,,,
60,151449,-0.051336877048015594,-5.790367126464844,-5.853219032287598,,,
60,151499,-0.04317732900381088,-5.783613204956055,-5.854821681976318,,,
60,151549,-0.04368913173675537,-5.707837104797363,-5.767171382904053,,,
60,151599,-0.03916214779019356,-5.681615352630615,-5.745439529418945,,,
60,151649,-0.048158373683691025,-5.728102207183838,-5.799421310424805,,,
60,151699,-0.04495840147137642,-5.701446533203125,-5.77369499206543,,,
60,151749,-0.040289506316185,-5.721396446228027,-5.7826361656188965,,,
60,151799,-0.039912149310112,-5.762817859649658,-5.8328423500061035,,,
60,151849,-0.04064236208796501,-5.715282440185547,-5.7751383781433105,,,
60,151899,-0.05688229575753212,-5.739377021789551,-5.79788064956665,,,
60,151949,-0.03895945847034454,-5.7309112548828125,-5.804991245269775,,,
60,151999,-0.03786858171224594,-5.719865798950195,-5.785745620727539,,,
60,152049,-0.037880681455135345,-5.7265095710754395,-5.798480033874512,,,
60,152099,-0.02853451669216156,-5.711318016052246,-5.774631023406982,,,
60,152149,-0.048740219324827194,-5.735010147094727,-5.801945209503174,,,
60,152199,-0.061466578394174576,-5.7068400382995605,-5.787492752075195,,,
60,152249,-0.06397102773189545,-5.727736473083496,-5.7975029945373535,,,
60,152299,-0.04857860505580902,-5.736663818359375,-5.7961859703063965,,,
60,152349,-0.03362664952874184,-5.712770938873291,-5.778825759887695,,,
60,152399,-0.053607091307640076,-5.695822238922119,-5.761061668395996,,,
60,152449,-0.06514513492584229,-5.7447662353515625,-5.807382583618164,,,
60,152499,-0.046624284237623215,-5.7116827964782715,-5.777355670928955,,,
60,152499,,,,-5.6998372077941895,-5.71909761428833,-5.772529125213623
61,152549,-0.03749178349971771,-5.71335506439209,-5.773318767547607,,,
61,152599,-0.041389282792806625,-5.736295223236084,-5.802403450012207,,,
61,152649,-0.0383002832531929,-5.70138692855835,-5.760351657867432,,,
61,152699,-0.048505354672670364,-5.766857624053955,-5.832251071929932,,,
61,152749,-0.04094850271940231,-5.711156368255615,-5.772047996520996,,,
61,152799,-0.04838136211037636,-5.712484836578369,-5.783911228179932,,,
61,152849,-0.03267476335167885,-5.750059604644775,-5.814083099365234,,,
61,152899,-0.030199691653251648,-5.662042140960693,-5.716439723968506,,,
61,152949,-0.028587397187948227,-5.748937606811523,-5.806789398193359,,,
61,152999,-0.04005686566233635,-5.7022013664245605,-5.773719310760498,,,
61,153049,-0.04057186841964722,-5.699450492858887,-5.764229774475098,,,
61,153099,-0.06337911635637283,-5.725478172302246,-5.784785747528076,,,
61,153149,-0.05782144516706467,-5.783293724060059,-5.857097148895264,,,
61,153199,-0.03510216251015663,-5.677282810211182,-5.725551605224609,,,
61,153249,-0.057122085243463516,-5.755893707275391,-5.824355125427246,,,
61,153299,-0.036954112350940704,-5.749093055725098,-5.810211181640625,,,
61,153349,-0.0438261404633522,-5.685934066772461,-5.756752967834473,,,
61,153399,-0.0500221848487854,-5.7757368087768555,-5.844474792480469,,,
61,153449,-0.046449363231658936,-5.672077178955078,-5.734345436096191,,,
61,153499,-0.05196419730782509,-5.699475288391113,-5.762811183929443,,,
61,153549,-0.054840087890625,-5.6877241134643555,-5.753674030303955,,,
61,153599,-0.04386354982852936,-5.717386722564697,-5.787960529327393,,,
61,153649,-0.05134047567844391,-5.699208736419678,-5.757837772369385,,,
61,153699,-0.042039819061756134,-5.712860584259033,-5.778572082519531,,,
61,153749,-0.04019986838102341,-5.782891273498535,-5.851615905761719,,,
61,153799,-0.05168088153004646,-5.752779483795166,-5.819189548492432,,,
61,153849,-0.05085069686174393,-5.64387845993042,-5.705697059631348,,,
61,153899,-0.04125472158193588,-5.708176612854004,-5.772419452667236,,,
61,153949,-0.0399981364607811,-5.687626838684082,-5.751914978027344,,,
61,153999,-0.07021913677453995,-5.686877250671387,-5.754227161407471,,,
61,154049,-0.054006461054086685,-5.741072177886963,-5.793436527252197,,,
61,154099,-0.04478238895535469,-5.752139091491699,-5.823744773864746,,,
61,154149,-0.05287854000926018,-5.696938991546631,-5.759727478027344,,,
61,154199,-0.040885549038648605,-5.729815483093262,-5.796217441558838,,,
61,154249,-0.047731827944517136,-5.744178771972656,-5.802900314331055,,,
61,154299,-0.03807500749826431,-5.776766777038574,-5.842706203460693,,,
61,154349,-0.027412451803684235,-5.719765663146973,-5.778477668762207,,,
61,154399,-0.046823542565107346,-5.748170852661133,-5.814857006072998,,,
61,154449,-0.04711313918232918,-5.757795810699463,-5.824459075927734,,,
61,154499,-0.056606657803058624,-5.706953048706055,-5.771393775939941,,,
61,154549,-0.04735834151506424,-5.711554527282715,-5.782824516296387,,,
61,154599,-0.05999843403697014,-5.695849418640137,-5.757048606872559,,,
61,154649,-0.039582300931215286,-5.698552131652832,-5.764662265777588,,,
61,154699,-0.039016615599393845,-5.683378219604492,-5.745298862457275,,,
61,154749,-0.0693153589963913,-5.724492073059082,-5.784487247467041,,,
61,154799,-0.04097098112106323,-5.7659454345703125,-5.828464031219482,,,
61,154849,-0.031717196106910706,-5.714326858520508,-5.782019138336182,,,
61,154899,-0.03445455804467201,-5.708168983459473,-5.7638750076293945,,,
61,154949,-0.04280092939734459,-5.649509429931641,-5.713263988494873,,,
61,154999,-0.038933709263801575,-5.6585869789123535,-5.718647480010986,,,
61,154999,,,,-5.698253154754639,-5.7178473472595215,-5.771607398986816
62,155049,-0.037200432270765305,-5.644992828369141,-5.705801486968994,,,
62,155099,-0.06170053407549858,-5.715332984924316,-5.784783840179443,,,
62,155149,-0.05351167917251587,-5.72540283203125,-5.796954154968262,,,
62,155199,-0.04772225394845009,-5.691751480102539,-5.756465435028076,,,
62,155249,-0.07025860995054245,-5.75423526763916,-5.820391654968262,,,
62,155299,-0.04159561172127724,-5.635802268981934,-5.697707176208496,,,
62,155349,-0.06465975940227509,-5.662195205688477,-5.727908611297607,,,
62,155399,-0.03781774267554283,-5.707697868347168,-5.765344142913818,,,
62,155449,-0.03504335507750511,-5.706747055053711,-5.763401508331299,,,
62,155499,-0.040374789386987686,-5.707066535949707,-5.762682914733887,,,
62,155549,-0.04569549486041069,-5.742797374725342,-5.801428318023682,,,
62,155599,-0.048738569021224976,-5.742096900939941,-5.811896800994873,,,
62,155649,-0.055774860084056854,-5.752760410308838,-5.818224906921387,,,
62,155699,-0.058404263108968735,-5.715730667114258,-5.783852577209473,,,
62,155749,-0.04380527511239052,-5.709587574005127,-5.771500110626221,,,
62,155799,-0.048037365078926086,-5.732148170471191,-5.793144226074219,,,
62,155849,-0.046280164271593094,-5.702761650085449,-5.766357898712158,,,
62,155899,-0.037923458963632584,-5.711591720581055,-5.766822338104248,,,
62,155949,-0.045677609741687775,-5.689043998718262,-5.754764080047607,,,
62,155999,-0.04285622015595436,-5.732234001159668,-5.803690433502197,,,
62,156049,-0.07613860070705414,-5.721609115600586,-5.796725749969482,,,
62,156099,-0.02954217791557312,-5.740084648132324,-5.800991058349609,,,
62,156149,-0.04798733443021774,-5.694244861602783,-5.761833190917969,,,
62,156199,-0.03581808879971504,-5.741447448730469,-5.80787467956543,,,
62,156249,-0.03563724830746651,-5.704684257507324,-5.764161109924316,,,
62,156299,-0.05678282678127289,-5.697439670562744,-5.7557902336120605,,,
62,156349,-0.06363477557897568,-5.704720497131348,-5.768310546875,,,
62,156399,-0.04834354296326637,-5.743836879730225,-5.813579559326172,,,
62,156449,-0.05849117040634155,-5.709331512451172,-5.776582717895508,,,
62,156499,-0.05539179593324661,-5.70325231552124,-5.767495632171631,,,
62,156549,-0.053636398166418076,-5.768524169921875,-5.82771110534668,,,
62,156599,-0.03483925759792328,-5.7108049392700195,-5.775064468383789,,,
62,156649,-0.09059006720781326,-5.728078365325928,-5.792112827301025,,,
62,156699,-0.03348585218191147,-5.723686218261719,-5.784489631652832,,,
62,156749,-0.04574301466345787,-5.716651439666748,-5.784983158111572,,,
62,156799,-0.05501873046159744,-5.744503974914551,-5.809131145477295,,,
62,156849,-0.045299939811229706,-5.632697105407715,-5.696385383605957,,,
62,156899,-0.051384419202804565,-5.74794864654541,-5.804782390594482,,,
62,156949,-0.06923143565654755,-5.701377868652344,-5.769667625427246,,,
62,156999,-0.03310263901948929,-5.754143714904785,-5.8109307289123535,,,
62,157049,-0.041873130947351456,-5.6451873779296875,-5.70629358291626,,,
62,157099,-0.03267287090420723,-5.713913917541504,-5.773590087890625,,,
62,157149,-0.03696097061038017,-5.699024200439453,-5.761658191680908,,,
62,157199,-0.03645143285393715,-5.686910629272461,-5.741198539733887,,,
62,157249,-0.04619203507900238,-5.706725120544434,-5.76711368560791,,,
62,157299,-0.05739762261509895,-5.664158821105957,-5.7228264808654785,,,
62,157349,-0.044331807643175125,-5.702223777770996,-5.763571739196777,,,
62,157399,-0.04212209954857826,-5.694602966308594,-5.762063503265381,,,
62,157449,-0.028444819152355194,-5.7103657722473145,-5.7741875648498535,,,
62,157499,-0.039553020149469376,-5.727612495422363,-5.789548397064209,,,
62,157499,,,,-5.698558330535889,-5.718481063842773,-5.772420883178711
63,157549,-0.034198567271232605,-5.721360683441162,-5.776070594787598,,,
63,157599,-0.03757362812757492,-5.670205593109131,-5.7357177734375,,,
63,157649,-0.049538303166627884,-5.685948371887207,-5.7487616539001465,,,
63,157699,-0.042133450508117676,-5.696396827697754,-5.751150608062744,,,
63,157749,-0.04302510246634483,-5.685786724090576,-5.751275539398193,,,
63,157799,-0.036927640438079834,-5.767289638519287,-5.831595420837402,,,
63,157849,-0.04545418545603752,-5.695799827575684,-5.763290882110596,,,
63,157899,-0.02449929714202881,-5.69944429397583,-5.765852928161621,,,
63,157949,-0.06862439215183258,-5.747352123260498,-5.817636489868164,,,
63,157999,-0.0479576513171196,-5.777783393859863,-5.84362268447876,,,
63,158049,-0.04114345461130142,-5.684870719909668,-5.752812385559082,,,
63,158099,-0.04649966582655907,-5.702901840209961,-5.763039588928223,,,
63,158149,-0.04773009195923805,-5.687065601348877,-5.750057220458984,,,
63,158199,-0.06579689681529999,-5.720387935638428,-5.782625198364258,,,
63,158249,-0.057314060628414154,-5.6973652839660645,-5.757383346557617,,,
63,158299,-0.03412071615457535,-5.714391708374023,-5.786357402801514,,,
63,158349,-0.0427023246884346,-5.774576187133789,-5.832313060760498,,,
63,158399,-0.03765653818845749,-5.713379859924316,-5.775854587554932,,,
63,158449,-0.03726990148425102,-5.697315692901611,-5.761397361755371,,,
63,158499,-0.038971491158008575,-5.721498012542725,-5.781747817993164,,,
63,158549,-0.04672861844301224,-5.725790977478027,-5.794124603271484,,,
63,158599,-0.043720927089452744,-5.729526519775391,-5.792751312255859,,,
63,158649,-0.04814734682440758,-5.7352495193481445,-5.797666072845459,,,
63,158699,-0.04402293637394905,-5.7431488037109375,-5.81227445602417,,,
63,158749,-0.049314744770526886,-5.747734069824219,-5.808182716369629,,,
63,158799,-0.037956878542900085,-5.693630218505859,-5.763246536254883,,,
63,158849,-0.06084742397069931,-5.760519981384277,-5.825294017791748,,,
63,158899,-0.03774562478065491,-5.735713958740234,-5.807892799377441,,,
63,158949,-0.05393410474061966,-5.720354080200195,-5.78660249710083,,,
63,158999,-0.036606304347515106,-5.708868026733398,-5.772956371307373,,,
63,159049,-0.04382862150669098,-5.713939189910889,-5.785725116729736,,,
63,159099,-0.02954901196062565,-5.659856796264648,-5.725716590881348,,,
63,159149,-0.051877208054065704,-5.751286506652832,-5.817513942718506,,,
63,159199,-0.0708962231874466,-5.709934234619141,-5.775274753570557,,,
63,159249,-0.056087322533130646,-5.708453178405762,-5.7698974609375,,,
63,159299,-0.05387033522129059,-5.789281845092773,-5.870251178741455,,,
63,159349,-0.057751502841711044,-5.703531265258789,-5.770407676696777,,,
63,159399,-0.06771845370531082,-5.709652900695801,-5.779386043548584,,,
63,159449,-0.04394888877868652,-5.735645771026611,-5.795788288116455,,,
63,159499,-0.037933241575956345,-5.6777238845825195,-5.745604038238525,,,
63,159549,-0.038030240684747696,-5.747812747955322,-5.81719970703125,,,
63,159599,-0.07707525044679642,-5.712392330169678,-5.779617786407471,,,
63,159649,-0.039747294038534164,-5.694887161254883,-5.75707483291626,,,
63,159699,-0.04809319227933884,-5.748446941375732,-5.817856311798096,,,
63,159749,-0.04074655473232269,-5.725476264953613,-5.78869104385376,,,
63,159799,-0.0669005960226059,-5.761083126068115,-5.828439712524414,,,
63,159849,-0.03632524982094765,-5.696317672729492,-5.75434684753418,,,
63,159899,-0.05377478897571564,-5.730405807495117,-5.7951340675354,,,
63,159949,-0.032345276325941086,-5.688995361328125,-5.754750728607178,,,
63,159999,-0.05347108840942383,-5.729384899139404,-5.7992377281188965,,,
63,159999,,,,-5.698449611663818,-5.716629505157471,-5.769488334655762
64,160049,-0.05710400268435478,-5.725457191467285,-5.790045261383057,,,
64,160099,-0.0473247766494751,-5.7287492752075195,-5.803124904632568,,,
64,160149,-0.051146600395441055,-5.71889591217041,-5.782166481018066,,,
64,160199,-0.027493972331285477,-5.7345991134643555,-5.790763854980469,,,
64,160249,-0.04650368541479111,-5.708889961242676,-5.771970748901367,,,
64,160299,-0.04279661551117897,-5.769696235656738,-5.833588600158691,,,
64,160349,-0.0406760573387146,-5.78385066986084,-5.846593379974365,,,
64,160399,-0.0558539554476738,-5.751676559448242,-5.819119930267334,,,
64,160449,-0.05101662501692772,-5.759808540344238,-5.832854270935059,,,
64,160499,-0.03833572193980217,-5.722128868103027,-5.789499282836914,,,
64,160549,-0.03955597057938576,-5.751714706420898,-5.811681270599365,,,
64,160599,-0.026079358533024788,-5.754472732543945,-5.824310779571533,,,
64,160649,-0.03721978887915611,-5.747133731842041,-5.807178974151611,,,
64,160699,-0.05012555792927742,-5.707670211791992,-5.768990993499756,,,
64,160749,-0.033621009439229965,-5.714714050292969,-5.774442195892334,,,
64,160799,-0.04385509341955185,-5.744661331176758,-5.8090386390686035,,,
64,160849,-0.04248799383640289,-5.722612380981445,-5.784313678741455,,,
64,160899,-0.057514265179634094,-5.711950778961182,-5.776944637298584,,,
64,160949,-0.06887964904308319,-5.712324142456055,-5.784607887268066,,,
64,160999,-0.038395192474126816,-5.735542297363281,-5.800759315490723,,,
64,161049,-0.03274979069828987,-5.756013870239258,-5.814265727996826,,,
64,161099,-0.042761482298374176,-5.763146877288818,-5.831019878387451,,,
64,161149,-0.03768670931458473,-5.7301130294799805,-5.79685115814209,,,
64,161199,-0.04347410053014755,-5.705312252044678,-5.768128395080566,,,
64,161249,-0.04024532809853554,-5.666197776794434,-5.728294372558594,,,
64,161299,-0.05103471502661705,-5.704529285430908,-5.770726203918457,,,
64,161349,-0.037008918821811676,-5.770752906799316,-5.830191135406494,,,
64,161399,-0.033526964485645294,-5.728276252746582,-5.776657581329346,,,
64,161449,-0.039188452064991,-5.700448036193848,-5.760648727416992,,,
64,161499,-0.05309847742319107,-5.733344554901123,-5.792834758758545,,,
64,161549,-0.03292248025536537,-5.760082244873047,-5.815032958984375,,,
64,161599,-0.027777034789323807,-5.669418811798096,-5.727226257324219,,,
64,161649,-0.05865195021033287,-5.691455364227295,-5.75413703918457,,,
64,161699,-0.04111119732260704,-5.6654815673828125,-5.729435920715332,,,
64,161749,-0.03679829090833664,-5.72056245803833,-5.784576416015625,,,
64,161799,-0.035677287727594376,-5.761569023132324,-5.826830863952637,,,
64,161849,-0.05196776241064072,-5.666389465332031,-5.729109764099121,,,
64,161899,-0.033542510122060776,-5.6838884353637695,-5.744104862213135,,,
64,161949,-0.04478602856397629,-5.721823215484619,-5.797595024108887,,,
64,161999,-0.04144483432173729,-5.76155948638916,-5.817014217376709,,,
64,162049,-0.04019512981176376,-5.774259090423584,-5.84381628036499,,,
64,162099,-0.05019024759531021,-5.689634799957275,-5.75272798538208,,,
64,162149,-0.05197232589125633,-5.7372236251831055,-5.799681663513184,,,
64,162199,-0.058022331446409225,-5.670816421508789,-5.733090877532959,,,
64,162249,-0.048763208091259,-5.776359558105469,-5.852493762969971,,,
64,162299,-0.042311180382966995,-5.712560653686523,-5.772950172424316,,,
64,162349,-0.04631049558520317,-5.687185287475586,-5.745514392852783,,,
64,162399,-0.05956830456852913,-5.768332481384277,-5.847809791564941,,,
64,162449,-0.03989709913730621,-5.758150100708008,-5.819777488708496,,,
64,162499,-0.04933502897620201,-5.7227983474731445,-5.777541160583496,,,
64,162499,,,,-5.698190689086914,-5.718072891235352,-5.77092981338501
65,162549,-0.04062784090638161,-5.733017921447754,-5.796515464782715,,,
65,162599,-0.047142282128334045,-5.6918044090271,-5.764310836791992,,,
65,162649,-0.03591975197196007,-5.692781448364258,-5.7472405433654785,,,
65,162699,-0.05074816942214966,-5.758925437927246,-5.828824520111084,,,
65,162749,-0.047473981976509094,-5.6642303466796875,-5.724053382873535,,,
65,162799,-0.04200711101293564,-5.679116249084473,-5.739057540893555,,,
65,162849,-0.031249158084392548,-5.749935150146484,-5.803683757781982,,,
65,162899,-0.04751726984977722,-5.724433422088623,-5.7961273193359375,,,
65,162949,-0.0416836254298687,-5.665231704711914,-5.728828430175781,,,
65,162999,-0.03806973993778229,-5.741198539733887,-5.811431884765625,,,
65,163049,-0.03826315701007843,-5.708510875701904,-5.776269435882568,,,
65,163099,-0.040912941098213196,-5.74941349029541,-5.81315803527832,,,
65,163149,-0.052930064499378204,-5.710556507110596,-5.778676509857178,,,
65,163199,-0.03986883908510208,-5.701084136962891,-5.764089107513428,,,
65,163249,-0.06539511680603027,-5.726353645324707,-5.789162635803223,,,
65,163299,-0.03389879688620567,-5.678863525390625,-5.739338397979736,,,
65,163349,-0.039288464933633804,-5.722118377685547,-5.785760402679443,,,
65,163399,-0.04126494750380516,-5.723957538604736,-5.778703689575195,,,
65,163449,-0.058767713606357574,-5.732353687286377,-5.804812908172607,,,
65,163499,-0.03168265148997307,-5.734987258911133,-5.792579650878906,,,
65,163549,-0.04128672555088997,-5.734881401062012,-5.804152488708496,,,
65,163599,-0.03714870661497116,-5.706422805786133,-5.772226810455322,,,
65,163649,-0.04770888388156891,-5.714505672454834,-5.770011901855469,,,
65,163699,-0.03395950421690941,-5.774188041687012,-5.836842060089111,,,
65,163749,-0.06968452036380768,-5.742672920227051,-5.807740211486816,,,
65,163799,-0.03281822055578232,-5.717289447784424,-5.775321006774902,,,
65,163849,-0.04504886642098427,-5.708765983581543,-5.76902437210083,,,
65,163899,-0.047949228435754776,-5.718265533447266,-5.778157711029053,,,
65,163949,-0.04428762197494507,-5.742001533508301,-5.801878452301025,,,
65,163999,-0.03597914054989815,-5.764832496643066,-5.822664737701416,,,
65,164049,-0.04215090721845627,-5.721099376678467,-5.784544467926025,,,
65,164099,-0.0600326769053936,-5.742918014526367,-5.803925514221191,,,
65,164149,-0.03930125758051872,-5.710409164428711,-5.765012264251709,,,
65,164199,-0.058820370584726334,-5.709114074707031,-5.764068603515625,,,
65,164249,-0.028417276218533516,-5.695618629455566,-5.755286693572998,,,
65,164299,-0.05212126672267914,-5.748235702514648,-5.811704635620117,,,
65,164349,-0.06989548355340958,-5.752680778503418,-5.820583820343018,,,
65,164399,-0.04239654541015625,-5.721726417541504,-5.789285182952881,,,
65,164449,-0.050547581166028976,-5.677140235900879,-5.742364406585693,,,
65,164499,-0.03215813264250755,-5.743192672729492,-5.800541877746582,,,
65,164549,-0.03346190229058266,-5.752079963684082,-5.81121301651001,,,
65,164599,-0.03194780647754669,-5.675633907318115,-5.739472389221191,,,
65,164649,-0.04788052290678024,-5.793163299560547,-5.860901832580566,,,
65,164699,-0.034979142248630524,-5.695858001708984,-5.757364273071289,,,
65,164749,-0.0602572038769722,-5.7678117752075195,-5.838658809661865,,,
65,164799,-0.05311032757163048,-5.710365295410156,-5.779177188873291,,,
65,164849,-0.045457225292921066,-5.742059230804443,-5.801662445068359,,,
65,164899,-0.06370954215526581,-5.741990089416504,-5.8121185302734375,,,
65,164949,-0.043810948729515076,-5.701395511627197,-5.756620407104492,,,
65,164999,-0.03570200130343437,-5.7507219314575195,-5.814727783203125,,,
65,164999,,,,-5.6991868019104,-5.719799041748047,-5.771311283111572
66,165049,-0.061010491102933884,-5.687636375427246,-5.745157241821289,,,
66,165099,-0.05426238104701042,-5.707037925720215,-5.77287483215332,,,
66,165149,-0.02847268432378769,-5.68453311920166,-5.741440296173096,,,
66,165199,-0.037943728268146515,-5.7581987380981445,-5.836897850036621,,,
66,165249,-0.05485012009739876,-5.754315376281738,-5.825830936431885,,,
66,165299,-0.04570155218243599,-5.711665630340576,-5.771745681762695,,,
66,165349,-0.035653553903102875,-5.739212989807129,-5.799141883850098,,,
66,165399,-0.049617089331150055,-5.724514961242676,-5.781248569488525,,,
66,165449,-0.03417522832751274,-5.710357666015625,-5.763647556304932,,,
66,165499,-0.041795551776885986,-5.710492134094238,-5.777235984802246,,,
66,165549,-0.04092567414045334,-5.71363639831543,-5.774868011474609,,,
66,165599,-0.04899195581674576,-5.740481853485107,-5.805975437164307,,,
66,165649,-0.038140203803777695,-5.750247955322266,-5.817987442016602,,,
66,165699,-0.041581057012081146,-5.685917854309082,-5.752365589141846,,,
66,165749,-0.0538589283823967,-5.74948787689209,-5.812652587890625,,,
66,165799,-0.03795391321182251,-5.665152072906494,-5.723964691162109,,,
66,165849,-0.046320557594299316,-5.684628009796143,-5.744099140167236,,,
66,165899,-0.04061396047472954,-5.714662075042725,-5.77523136138916,,,
66,165949,-0.05878050997853279,-5.72412109375,-5.788158416748047,,,
66,165999,-0.04483172297477722,-5.733736038208008,-5.796329975128174,,,
66,166049,-0.04446404427289963,-5.690893173217773,-5.753593444824219,,,
66,166099,-0.03413133695721626,-5.718793869018555,-5.785073757171631,,,
66,166149,-0.062353186309337616,-5.678389072418213,-5.7445969581604,,,
66,166199,-0.0397530272603035,-5.652329444885254,-5.713020324707031,,,
66,166249,-0.04232581704854965,-5.79081916809082,-5.850406169891357,,,
66,166299,-0.05377950146794319,-5.715407371520996,-5.787696361541748,,,
66,166349,-0.03695831820368767,-5.743963718414307,-5.80588960647583,,,
66,166399,-0.03197735175490379,-5.716862201690674,-5.775669574737549,,,
66,166449,-0.027109844610095024,-5.671271800994873,-5.724365711212158,,,
66,166499,-0.04713703691959381,-5.713066101074219,-5.770483493804932,,,
66,166549,-0.07016616314649582,-5.746017932891846,-5.808515548706055,,,
66,166599,-0.03276059031486511,-5.7243452072143555,-5.786448001861572,,,
66,166649,-0.038731031119823456,-5.687675476074219,-5.7479071617126465,,,
66,166699,-0.04983176663517952,-5.694458961486816,-5.758519172668457,,,
66,166749,-0.0382012203335762,-5.723410606384277,-5.782715797424316,,,
66,166799,-0.05360390618443489,-5.728683948516846,-5.79716682434082,,,
66,166849,-0.029833313077688217,-5.711554527282715,-5.776093482971191,,,
66,166899,-0.039955753833055496,-5.716883182525635,-5.774106502532959,,,
66,166949,-0.05429353564977646,-5.732193946838379,-5.799914360046387,,,
66,166999,-0.05882728844881058,-5.712676048278809,-5.780252933502197,,,
66,167049,-0.03528575226664543,-5.664340972900391,-5.717473030090332,,,
66,167099,-0.050219204276800156,-5.715507507324219,-5.780914306640625,,,
66,167149,-0.046270404011011124,-5.7179694175720215,-5.785289287567139,,,
66,167199,-0.04316597804427147,-5.717884063720703,-5.773524761199951,,,
66,167249,-0.039746932685375214,-5.724830627441406,-5.791235446929932,,,
66,167299,-0.04765121266245842,-5.72639274597168,-5.792486667633057,,,
66,167349,-0.03863144665956497,-5.726803779602051,-5.783652305603027,,,
66,167399,-0.06275837123394012,-5.758135795593262,-5.81925630569458,,,
66,167449,-0.040502723306417465,-5.702101707458496,-5.763923168182373,,,
66,167499,-0.05032233148813248,-5.695882797241211,-5.763467788696289,,,
66,167499,,,,-5.699306488037109,-5.718603610992432,-5.769345283508301
67,167549,-0.04161101579666138,-5.700437545776367,-5.753575325012207,,,
67,167599,-0.039936356246471405,-5.72251033782959,-5.781971454620361,,,
67,167649,-0.04448740929365158,-5.69769287109375,-5.754715442657471,,,
67,167699,-0.028756894171237946,-5.678651809692383,-5.730493068695068,,,
67,167749,-0.04663229361176491,-5.715244293212891,-5.7776312828063965,,,
67,167799,-0.04630839824676514,-5.722272872924805,-5.780148029327393,,,
67,167849,-0.03881870582699776,-5.762250900268555,-5.828097820281982,,,
67,167899,-0.04005897790193558,-5.782282829284668,-5.846485614776611,,,
67,167949,-0.03199024498462677,-5.689164161682129,-5.749204635620117,,,
67,167999,-0.046766042709350586,-5.743608474731445,-5.803076267242432,,,
67,168049,-0.03457406908273697,-5.692314147949219,-5.75270414352417,,,
67,168099,-0.05263015627861023,-5.715077877044678,-5.774050712585449,,,
67,168149,-0.048934925347566605,-5.72011661529541,-5.772437572479248,,,
67,168199,-0.04785916209220886,-5.661704063415527,-5.729406833648682,,,
67,168249,-0.07594025135040283,-5.74503755569458,-5.8125176429748535,,,
67,168299,-0.04485711827874184,-5.674978256225586,-5.739171504974365,,,
67,168349,-0.05574413016438484,-5.7140421867370605,-5.7745842933654785,,,
67,168399,-0.03622039407491684,-5.670616626739502,-5.732643127441406,,,
67,168449,-0.032677944749593735,-5.709015846252441,-5.776285171508789,,,
67,168499,-0.04237239435315132,-5.741543769836426,-5.805973529815674,,,
67,168549,-0.044795259833335876,-5.721948146820068,-5.788671970367432,,,
67,168599,-0.046674326062202454,-5.69862699508667,-5.764520645141602,,,
67,168649,-0.03072550520300865,-5.69269323348999,-5.749948501586914,,,
67,168699,-0.05918331444263458,-5.7292070388793945,-5.787373065948486,,,
67,168749,-0.049527186900377274,-5.759026527404785,-5.829250335693359,,,
67,168799,-0.03384841978549957,-5.672451972961426,-5.734175205230713,,,
67,168849,-0.03791091963648796,-5.666473388671875,-5.727208137512207,,,
67,168899,-0.04639020189642906,-5.73750638961792,-5.803850173950195,,,
67,168949,-0.03591494262218475,-5.70932149887085,-5.780603885650635,,,
67,168999,-0.04138442873954773,-5.706401824951172,-5.762049198150635,,,
67,169049,-0.043150950223207474,-5.633343696594238,-5.694642066955566,,,
67,169099,-0.0401909202337265,-5.6677751541137695,-5.729143142700195,,,
67,169149,-0.053675659000873566,-5.757541656494141,-5.8302459716796875,,,
67,169199,-0.03143402934074402,-5.719521522521973,-5.784119129180908,,,
67,169249,-0.027511419728398323,-5.730600357055664,-5.784858703613281,,,
67,169299,-0.03799571469426155,-5.702062129974365,-5.758333683013916,,,
67,169349,-0.03946907818317413,-5.706202507019043,-5.762726306915283,,,
67,169399,-0.04119216278195381,-5.723021507263184,-5.778727054595947,,,
67,169449,-0.03439470753073692,-5.749261856079102,-5.812428951263428,,,
67,169499,-0.04415494203567505,-5.75322961807251,-5.810535907745361,,,
67,169549,-0.039283402264118195,-5.73024845123291,-5.7993903160095215,,,
67,169599,-0.044921617954969406,-5.66278600692749,-5.729283332824707,,,
67,169649,-0.02763466350734234,-5.723021507263184,-5.779460430145264,,,
67,169699,-0.04159383103251457,-5.748638153076172,-5.80020809173584,,,
67,169749,-0.05103093013167381,-5.767696857452393,-5.831619739532471,,,
67,169799,-0.039113063365221024,-5.696136474609375,-5.755983829498291,,,
67,169849,-0.04021612927317619,-5.7248640060424805,-5.773604393005371,,,
67,169899,-0.03393922373652458,-5.686613082885742,-5.7497992515563965,,,
67,169949,-0.03931237757205963,-5.704799652099609,-5.764982223510742,,,
67,169999,-0.04890015348792076,-5.667450904846191,-5.730403423309326,,,
67,169999,,,,-5.698585033416748,-5.7180352210998535,-5.768776893615723
68,170049,-0.047720059752464294,-5.722087860107422,-5.784046649932861,,,
68,170099,-0.048969801515340805,-5.733847618103027,-5.798621654510498,,,
68,170149,-0.06470586359500885,-5.668977737426758,-5.7386322021484375,,,
68,170199,-0.05031690374016762,-5.665848731994629,-5.735524654388428,,,
68,170249,-0.03732246160507202,-5.771969795227051,-5.833806037902832,,,
68,170299,-0.04145081341266632,-5.702438831329346,-5.762048244476318,,,
68,170349,-0.035776879638433456,-5.723428726196289,-5.7758307456970215,,,
68,170399,-0.042556166648864746,-5.660002708435059,-5.720949649810791,,,
68,170449,-0.03221413120627403,-5.704275131225586,-5.768564701080322,,,
68,170499,-0.046874117106199265,-5.6408514976501465,-5.704067707061768,,,
68,170549,-0.08304839581251144,-5.722460746765137,-5.783346652984619,,,
68,170599,-0.029448535293340683,-5.727303981781006,-5.7842326164245605,,,
68,170649,-0.028187043964862823,-5.7126569747924805,-5.7679362297058105,,,
68,170699,-0.044262517243623734,-5.687366485595703,-5.748818874359131,,,
68,170749,-0.04179663211107254,-5.704351425170898,-5.766259670257568,,,
68,170799,-0.05359699949622154,-5.707125663757324,-5.766025066375732,,,
68,170849,-0.03669368103146553,-5.718963146209717,-5.772682189941406,,,
68,170899,-0.02642177604138851,-5.763835906982422,-5.814822196960449,,,
68,170949,-0.03482791408896446,-5.725698471069336,-5.789200305938721,,,
68,170999,-0.04255904629826546,-5.722908973693848,-5.787975788116455,,,
68,171049,-0.04252025857567787,-5.74629545211792,-5.806743621826172,,,
68,171099,-0.03796669468283653,-5.728736400604248,-5.787209510803223,,,
68,171149,-0.04894362762570381,-5.732716083526611,-5.805117130279541,,,
68,171199,-0.05428895354270935,-5.755983352661133,-5.818470478057861,,,
68,171249,-0.042857054620981216,-5.720771789550781,-5.788667678833008,,,
68,171299,-0.04555220529437065,-5.705540657043457,-5.759668827056885,,,
68,171349,-0.038729529827833176,-5.725961208343506,-5.788577556610107,,,
68,171399,-0.03893665224313736,-5.699143409729004,-5.754744529724121,,,
68,171449,-0.0357663668692112,-5.682331562042236,-5.74407434463501,,,
68,171499,-0.04102003574371338,-5.734987258911133,-5.80510139465332,,,
68,171549,-0.05312824249267578,-5.739425182342529,-5.806390285491943,,,
68,171599,-0.041898708790540695,-5.7701921463012695,-5.830850124359131,,,
68,171649,-0.04729161038994789,-5.717130661010742,-5.775918006896973,,,
68,171699,-0.033265601843595505,-5.742620468139648,-5.799138069152832,,,
68,171749,-0.03173304349184036,-5.663456916809082,-5.719090461730957,,,
68,171799,-0.03128046914935112,-5.667520999908447,-5.724014759063721,,,
68,171849,-0.05808151140809059,-5.658496856689453,-5.714720726013184,,,
68,171899,-0.041804179549217224,-5.713927268981934,-5.782035827636719,,,
68,171949,-0.0426337756216526,-5.698122024536133,-5.754584789276123,,,
68,171999,-0.031315792351961136,-5.6890411376953125,-5.754011154174805,,,
68,172049,-0.05851257964968681,-5.688871383666992,-5.75178861618042,,,
68,172099,-0.04552297666668892,-5.71087646484375,-5.774144172668457,,,
68,172149,-0.05892760306596756,-5.7124786376953125,-5.772163391113281,,,
68,172199,-0.06155763566493988,-5.741909980773926,-5.804934978485107,,,
68,172249,-0.05964115634560585,-5.732939720153809,-5.79555606842041,,,
68,172299,-0.05450751259922981,-5.756752014160156,-5.817298412322998,,,
68,172349,-0.03430943191051483,-5.709145545959473,-5.766802787780762,,,
68,172399,-0.08507364243268967,-5.653524398803711,-5.716848850250244,,,
68,172449,-0.038554925471544266,-5.678677558898926,-5.733331680297852,,,
68,172499,-0.04326676204800606,-5.769068717956543,-5.826258182525635,,,
68,172499,,,,-5.698156833648682,-5.716317653656006,-5.76678991317749
69,172549,-0.038927484303712845,-5.75043249130249,-5.812755107879639,,,
69,172599,-0.048309825360774994,-5.6768035888671875,-5.74155330657959,,,
69,172649,-0.044957492500543594,-5.710500717163086,-5.769487380981445,,,
69,172699,-0.03748765215277672,-5.717001914978027,-5.779274940490723,,,
69,172749,-0.04894779995083809,-5.690261363983154,-5.747923374176025,,,
69,172799,-0.03483383730053902,-5.713927268981934,-5.77921724319458,,,
69,172849,-0.03238218277692795,-5.654481887817383,-5.713295936584473,,,
69,172899,-0.049329280853271484,-5.783299446105957,-5.850584983825684,,,
69,172949,-0.0530945248901844,-5.716045379638672,-5.786697864532471,,,
69,172999,-0.04645007103681564,-5.720332145690918,-5.78459358215332,,,
69,173049,-0.05327639356255531,-5.739575386047363,-5.799533367156982,,,
69,173099,-0.05244689807295799,-5.689129829406738,-5.753873348236084,,,
69,173149,-0.032133109867572784,-5.683232307434082,-5.742868423461914,,,
69,173199,-0.05034274980425835,-5.733362674713135,-5.787869930267334,,,
69,173249,-0.04974277317523956,-5.770413398742676,-5.845125198364258,,,
69,173299,-0.034487105906009674,-5.754486083984375,-5.810194492340088,,,
69,173349,-0.04384872317314148,-5.723756313323975,-5.783026695251465,,,
69,173399,-0.04851877689361572,-5.6716413497924805,-5.728533744812012,,,
69,173449,-0.034281354397535324,-5.742462158203125,-5.806362152099609,,,
69,173499,-0.03539222478866577,-5.7039971351623535,-5.763960361480713,,,
69,173549,-0.04509333521127701,-5.7362189292907715,-5.797658443450928,,,
69,173599,-0.040581949055194855,-5.674236297607422,-5.724353313446045,,,
69,173649,-0.04962940514087677,-5.737003326416016,-5.791862487792969,,,
69,173699,-0.038273267447948456,-5.733550548553467,-5.797875881195068,,,
69,173749,-0.03735746070742607,-5.738214015960693,-5.799152851104736,,,
69,173799,-0.0497828871011734,-5.675363540649414,-5.7375712394714355,,,
69,173849,-0.04313063621520996,-5.682920455932617,-5.742706298828125,,,
69,173899,-0.050433091819286346,-5.659999847412109,-5.71242618560791,,,
69,173949,-0.03234982490539551,-5.765911102294922,-5.8219170570373535,,,
69,173999,-0.05655033141374588,-5.676163673400879,-5.736751556396484,,,
69,174049,-0.05409756675362587,-5.699955463409424,-5.759763717651367,,,
69,174099,-0.029263261705636978,-5.679135322570801,-5.744446277618408,,,
69,174149,-0.028527943417429924,-5.715414047241211,-5.763582706451416,,,
69,174199,-0.04388052225112915,-5.752201080322266,-5.81333589553833,,,
69,174249,-0.040123555809259415,-5.683553695678711,-5.740907669067383,,,
69,174299,-0.03963622823357582,-5.712832450866699,-5.768277645111084,,,
69,174349,-0.04530395567417145,-5.745143890380859,-5.810133934020996,,,
69,174399,-0.03289002552628517,-5.692400932312012,-5.748435020446777,,,
69,174449,-0.047716621309518814,-5.777192115783691,-5.842281818389893,,,
69,174499,-0.04863138124346733,-5.760374546051025,-5.821221828460693,,,
69,174549,-0.04984980449080467,-5.681366920471191,-5.749752044677734,,,
69,174599,-0.03979847952723503,-5.745790958404541,-5.808535099029541,,,
69,174649,-0.043127335608005524,-5.720851421356201,-5.778809547424316,,,
69,174699,-0.04093889147043228,-5.699038505554199,-5.760982990264893,,,
69,174749,-0.040755175054073334,-5.72713565826416,-5.784888744354248,,,
69,174799,-0.04038549214601517,-5.725519180297852,-5.785913467407227,,,
69,174849,-0.028540339320898056,-5.733632564544678,-5.78262186050415,,,
69,174899,-0.04634411633014679,-5.697699546813965,-5.758708477020264,,,
69,174949,-0.03657862916588783,-5.684391021728516,-5.748873233795166,,,
69,174999,-0.0357750840485096,-5.701293468475342,-5.756846904754639,,,
69,174999,,,,-5.698575973510742,-5.717585563659668,-5.767287254333496
70,175049,-0.036822088062763214,-5.751136302947998,-5.8088059425354,,,
70,175099,-0.047630682587623596,-5.737236976623535,-5.800874710083008,,,
70,175149,-0.038455892354249954,-5.715627670288086,-5.774860858917236,,,
70,175199,-0.04590354859828949,-5.7342376708984375,-5.787471771240234,,,
70,175249,-0.030117230489850044,-5.754384994506836,-5.823277473449707,,,
70,175299,-0.03724917396903038,-5.710818290710449,-5.775411128997803,,,
70,175349,-0.036993928253650665,-5.740426063537598,-5.796942234039307,,,
70,175399,-0.038705307990312576,-5.691037178039551,-5.755931377410889,,,
70,175449,-0.03845467418432236,-5.6978044509887695,-5.767393112182617,,,
70,175499,-0.06725099682807922,-5.7409515380859375,-5.796288967132568,,,
70,175549,-0.030182287096977234,-5.704215049743652,-5.769097805023193,,,
70,175599,-0.03563680499792099,-5.691207408905029,-5.748735427856445,,,
70,175649,-0.03598032146692276,-5.633959770202637,-5.695193767547607,,,
70,175699,-0.040576186031103134,-5.665363311767578,-5.720444679260254,,,
70,175749,-0.05138324573636055,-5.715842247009277,-5.77764368057251,,,
70,175799,-0.038038864731788635,-5.712453842163086,-5.778887748718262,,,
70,175849,-0.04401015117764473,-5.6787519454956055,-5.742168426513672,,,
70,175899,-0.04045110568404198,-5.700283050537109,-5.76627779006958,,,
70,175949,-0.0325307734310627,-5.664787292480469,-5.725196361541748,,,
70,175999,-0.04820342734456062,-5.689925670623779,-5.742846488952637,,,
70,176049,-0.035067833960056305,-5.742063522338867,-5.806990623474121,,,
70,176099,-0.048052992671728134,-5.689015865325928,-5.76173734664917,,,
70,176149,-0.04485822468996048,-5.756112575531006,-5.820658206939697,,,
70,176199,-0.028967007994651794,-5.741704940795898,-5.804147243499756,,,
70,176249,-0.034236155450344086,-5.698716163635254,-5.7574143409729,,,
70,176299,-0.03664117306470871,-5.734610557556152,-5.799585819244385,,,
70,176349,-0.05862290412187576,-5.686864852905273,-5.751613616943359,,,
70,176399,-0.03346073254942894,-5.709037780761719,-5.770320892333984,,,
70,176449,-0.030358975753188133,-5.667046070098877,-5.729698181152344,,,
70,176499,-0.03576935827732086,-5.705272674560547,-5.756231784820557,,,
70,176549,-0.04114686697721481,-5.748626708984375,-5.80887508392334,,,
70,176599,-0.03981965035200119,-5.690446853637695,-5.749520778656006,,,
70,176649,-0.0363217294216156,-5.76856803894043,-5.824944972991943,,,
70,176699,-0.03605804964900017,-5.737978935241699,-5.796896457672119,,,
70,176749,-0.03070385567843914,-5.676119804382324,-5.733823299407959,,,
70,176799,-0.034030135720968246,-5.702272415161133,-5.771811485290527,,,
70,176849,-0.048455219715833664,-5.735858917236328,-5.805235385894775,,,
70,176899,-0.03366944566369057,-5.696987152099609,-5.76386022567749,,,
70,176949,-0.04722774401307106,-5.6849589347839355,-5.742999076843262,,,
70,176999,-0.035073328763246536,-5.735512733459473,-5.792724609375,,,
70,177049,-0.039008453488349915,-5.701593399047852,-5.755844593048096,,,
70,177099,-0.041763875633478165,-5.761880874633789,-5.823200702667236,,,
70,177149,-0.037607643753290176,-5.698792457580566,-5.757824420928955,,,
70,177199,-0.03567612171173096,-5.692798614501953,-5.75513219833374,,,
70,177249,-0.04705754294991493,-5.687695026397705,-5.752753257751465,,,
70,177299,-0.052957016974687576,-5.649317741394043,-5.706496238708496,,,
70,177349,-0.04359086975455284,-5.699601173400879,-5.75330924987793,,,
70,177399,-0.035391390323638916,-5.72569465637207,-5.779543399810791,,,
70,177449,-0.035512275993824005,-5.713141441345215,-5.773810863494873,,,
70,177499,-0.04435645043849945,-5.755741119384766,-5.813193321228027,,,
70,177499,,,,-5.697859764099121,-5.716609001159668,-5.767009735107422
71,177549,-0.059814661741256714,-5.714539051055908,-5.782022953033447,,,
71,177599,-0.034132614731788635,-5.760395050048828,-5.828114986419678,,,
71,177649,-0.042286165058612823,-5.7488250732421875,-5.811197757720947,,,
71,177699,-0.060755450278520584,-5.687150478363037,-5.760532855987549,,,
71,177749,-0.04307200387120247,-5.696998596191406,-5.746531963348389,,,
71,177799,-0.023641470819711685,-5.6647491455078125,-5.718008518218994,,,
71,177849,-0.045875489711761475,-5.710583686828613,-5.76641845703125,,,
71,177899,-0.029719511047005653,-5.737705707550049,-5.789520263671875,,,
71,177949,-0.05097246170043945,-5.679496765136719,-5.738867282867432,,,
71,177999,-0.03333012014627457,-5.750144004821777,-5.8145751953125,,,
71,178049,-0.043326206505298615,-5.6890153884887695,-5.749292850494385,,,
71,178099,-0.04507046192884445,-5.710202693939209,-5.7777099609375,,,
71,178149,-0.05881122499704361,-5.713177680969238,-5.780230522155762,,,
71,178199,-0.06044616550207138,-5.69583797454834,-5.759467601776123,,,
71,178249,-0.053056538105010986,-5.7280755043029785,-5.78562593460083,,,
71,178299,-0.03686702251434326,-5.66692590713501,-5.7190141677856445,,,
71,178349,-0.053702257573604584,-5.742513179779053,-5.81118631362915,,,
71,178399,-0.06787083297967911,-5.668543815612793,-5.719191074371338,,,
71,178449,-0.035911787301301956,-5.696033000946045,-5.75576114654541,,,
71,178499,-0.03694206848740578,-5.748025894165039,-5.805858612060547,,,
71,178549,-0.03828303888440132,-5.695282936096191,-5.758488655090332,,,
71,178599,-0.03126945719122887,-5.728799819946289,-5.790789604187012,,,
71,178649,-0.03334038704633713,-5.727538108825684,-5.783411502838135,,,
71,178699,-0.052736472338438034,-5.701849937438965,-5.759924411773682,,,
71,178749,-0.03550827503204346,-5.7067341804504395,-5.7575249671936035,,,
71,178799,-0.05254583805799484,-5.717816352844238,-5.783571243286133,,,
71,178849,-0.04379323869943619,-5.717092514038086,-5.778026103973389,,,
71,178899,-0.030087295919656754,-5.715887069702148,-5.775667667388916,,,
71,178949,-0.050919294357299805,-5.66732931137085,-5.7285003662109375,,,
71,178999,-0.039796702563762665,-5.717085838317871,-5.784424781799316,,,
71,179049,-0.03783699497580528,-5.663100242614746,-5.720552921295166,,,
71,179099,-0.03585483878850937,-5.700499534606934,-5.758573055267334,,,
71,179149,-0.05192872881889343,-5.626748085021973,-5.680643081665039,,,
71,179199,-0.031482722610235214,-5.681887626647949,-5.745658874511719,,,
71,179249,-0.025657963007688522,-5.706186294555664,-5.763073444366455,,,
71,179299,-0.035868722945451736,-5.739227294921875,-5.797199726104736,,,
71,179349,-0.035221412777900696,-5.668214321136475,-5.730318546295166,,,
71,179399,-0.045428913086652756,-5.762849807739258,-5.821588039398193,,,
71,179449,-0.06045360118150711,-5.703059673309326,-5.7666754722595215,,,
71,179499,-0.02746214158833027,-5.6966447830200195,-5.7580413818359375,,,
71,179549,-0.039737518876791,-5.711949348449707,-5.77366828918457,,,
71,179599,-0.057195622473955154,-5.745915412902832,-5.804252624511719,,,
71,179649,-0.03589576110243797,-5.727573871612549,-5.7832560539245605,,,
71,179699,-0.04384893178939819,-5.6638946533203125,-5.727792263031006,,,
71,179749,-0.03733009099960327,-5.690252304077148,-5.759648323059082,,,
71,179799,-0.03611578792333603,-5.736624717712402,-5.798846244812012,,,
71,179849,-0.04318942129611969,-5.703172206878662,-5.76671838760376,,,
71,179899,-0.035750795155763626,-5.786133766174316,-5.849524021148682,,,
71,179949,-0.032312553375959396,-5.737683296203613,-5.792578220367432,,,
71,179999,-0.03888675570487976,-5.7057600021362305,-5.767897605895996,,,
71,179999,,,,-5.69782829284668,-5.715564727783203,-5.766419887542725
72,180049,-0.0375991053879261,-5.77116584777832,-5.820745944976807,,,
72,180099,-0.045444659888744354,-5.700448989868164,-5.767873287200928,,,
72,180149,-0.04697718098759651,-5.733160495758057,-5.793835163116455,,,
72,180199,-0.03714342787861824,-5.746061325073242,-5.802735328674316,,,
72,180249,-0.03797725960612297,-5.767371654510498,-5.830697536468506,,,
72,180299,-0.028019072487950325,-5.760216236114502,-5.823905944824219,,,
72,180349,-0.03356274589896202,-5.760857582092285,-5.815526008605957,,,
72,180399,-0.04276764765381813,-5.729499340057373,-5.789189338684082,,,
72,180449,-0.027866138145327568,-5.6901960372924805,-5.752719402313232,,,
72,180499,-0.029063286259770393,-5.69734001159668,-5.759140491485596,,,
72,180549,-0.04019061103463173,-5.745843887329102,-5.804018020629883,,,
72,180599,-0.04450813680887222,-5.712129592895508,-5.778127193450928,,,
72,180649,-0.03311700373888016,-5.669250011444092,-5.721286296844482,,,
72,180699,-0.038805875927209854,-5.745293617248535,-5.80012845993042,,,
72,180749,-0.051956743001937866,-5.801136016845703,-5.858254909515381,,,
72,180799,-0.05209510773420334,-5.713698387145996,-5.773298263549805,,,
72,180849,-0.045434217900037766,-5.712146282196045,-5.7710862159729,,,
72,180899,-0.03581840917468071,-5.705887794494629,-5.765442848205566,,,
72,180949,-0.04305359721183777,-5.740684509277344,-5.803229808807373,,,
72,180999,-0.03470035642385483,-5.685698986053467,-5.74886417388916,,,
72,181049,-0.043635740876197815,-5.721649169921875,-5.783326148986816,,,
72,181099,-0.053704168647527695,-5.702523708343506,-5.757821083068848,,,
72,181149,-0.036854300647974014,-5.705315113067627,-5.763314247131348,,,
72,181199,-0.035572364926338196,-5.688619613647461,-5.755764007568359,,,
72,181249,-0.05304611474275589,-5.695214748382568,-5.7595133781433105,,,
72,181299,-0.04515879601240158,-5.7409586906433105,-5.80870246887207,,,
72,181349,-0.0575631782412529,-5.690138816833496,-5.762451648712158,,,
72,181399,-0.04085957258939743,-5.711568832397461,-5.768773078918457,,,
72,181449,-0.04035666957497597,-5.710107326507568,-5.767962455749512,,,
72,181499,-0.04085317999124527,-5.732737064361572,-5.79162073135376,,,
72,181549,-0.041210565716028214,-5.727431297302246,-5.791636943817139,,,
72,181599,-0.04941744729876518,-5.713087558746338,-5.778459548950195,,,
72,181649,-0.028045862913131714,-5.698787689208984,-5.754289627075195,,,
72,181699,-0.03613035008311272,-5.641526222229004,-5.700167179107666,,,
72,181749,-0.06787920743227005,-5.759052276611328,-5.818295955657959,,,
72,181799,-0.03478219360113144,-5.654427528381348,-5.712249755859375,,,
72,181849,-0.0381530299782753,-5.680769443511963,-5.73667573928833,,,
72,181899,-0.030786583200097084,-5.743739128112793,-5.801990985870361,,,
72,181949,-0.05019035190343857,-5.657718658447266,-5.721091270446777,,,
72,181999,-0.029489852488040924,-5.697521209716797,-5.752065181732178,,,
72,182049,-0.033793218433856964,-5.697655200958252,-5.755607604980469,,,
72,182099,-0.038406852632761,-5.697694778442383,-5.766452312469482,,,
72,182149,-0.06916577368974686,-5.676570892333984,-5.7252197265625,,,
72,182199,-0.045198291540145874,-5.6896772384643555,-5.74214506149292,,,
72,182249,-0.02890872023999691,-5.731493949890137,-5.786184787750244,,,
72,182299,-0.04021501541137695,-5.786672115325928,-5.8594584465026855,,,
72,182349,-0.036920417100191116,-5.714936256408691,-5.774542808532715,,,
72,182399,-0.03415445238351822,-5.716053009033203,-5.778171062469482,,,
72,182449,-0.04062018170952797,-5.717235565185547,-5.775528907775879,,,
72,182499,-0.040613334625959396,-5.74101448059082,-5.799196720123291,,,
72,182499,,,,-5.697781085968018,-5.716702461242676,-5.766670227050781
73,182549,-0.030937999486923218,-5.752215385437012,-5.803257465362549,,,
73,182599,-0.026167651638388634,-5.707624912261963,-5.773163795471191,,,
73,182649,-0.04194827377796173,-5.706851959228516,-5.767402648925781,,,
73,182699,-0.03505561128258705,-5.775300979614258,-5.836890697479248,,,
73,182749,-0.04012409970164299,-5.720001697540283,-5.779294490814209,,,
73,182799,-0.041936907917261124,-5.662586688995361,-5.721438884735107,,,
73,182849,-0.028899215161800385,-5.680516242980957,-5.734135627746582,,,
73,182899,-0.04618620127439499,-5.719951629638672,-5.783336162567139,,,
73,182949,-0.027822189033031464,-5.670705318450928,-5.722927093505859,,,
73,182999,-0.030323918908834457,-5.706339359283447,-5.763360500335693,,,
73,183049,-0.04379795491695404,-5.690474510192871,-5.747097492218018,,,
73,183099,-0.04572739824652672,-5.7473225593566895,-5.805453777313232,,,
73,183149,-0.04496871307492256,-5.660489082336426,-5.716141223907471,,,
73,183199,-0.039602454751729965,-5.651274681091309,-5.714903831481934,,,
73,183249,-0.0317189060151577,-5.750817775726318,-5.818296432495117,,,
73,183299,-0.06338881701231003,-5.736789226531982,-5.793429851531982,,,
73,183349,-0.030698304995894432,-5.681911468505859,-5.732044696807861,,,
73,183399,-0.039520688354969025,-5.756701946258545,-5.819684982299805,,,
73,183449,-0.03564049303531647,-5.667038440704346,-5.724871635437012,,,
73,183499,-0.04856225475668907,-5.661733150482178,-5.7226996421813965,,,
73,183549,-0.03393377363681793,-5.714622497558594,-5.777375221252441,,,
73,183599,-0.032897379249334335,-5.701854705810547,-5.761486530303955,,,
73,183649,-0.0462016761302948,-5.681534290313721,-5.74375581741333,,,
73,183699,-0.03678026422858238,-5.692266464233398,-5.751323223114014,,,
73,183749,-0.05285142734646797,-5.688642978668213,-5.752220153808594,,,
73,183799,-0.051000069826841354,-5.7516937255859375,-5.813915729522705,,,
73,183849,-0.03552768751978874,-5.723963737487793,-5.778782367706299,,,
73,183899,-0.05309401825070381,-5.77579927444458,-5.838995456695557,,,
73,183949,-0.03755437582731247,-5.704577922821045,-5.75836706161499,,,
73,183999,-0.0525151826441288,-5.755720138549805,-5.82012414932251,,,
73,184049,-0.04027403146028519,-5.771148681640625,-5.835671424865723,,,
73,184099,-0.03684106096625328,-5.675559043884277,-5.72767448425293,,,
73,184149,-0.026093367487192154,-5.6760101318359375,-5.731401443481445,,,
73,184199,-0.04215136915445328,-5.675237655639648,-5.73448371887207,,,
73,184249,-0.037383317947387695,-5.686412811279297,-5.747712135314941,,,
73,184299,-0.05497688800096512,-5.762799263000488,-5.822319030761719,,,
73,184349,-0.028344521299004555,-5.722909927368164,-5.781098365783691,,,
73,184399,-0.0377105288207531,-5.689955234527588,-5.743312835693359,,,
73,184449,-0.037448566406965256,-5.76004695892334,-5.815543174743652,,,
73,184499,-0.040366094559431076,-5.698211669921875,-5.752115249633789,,,
73,184549,-0.034795090556144714,-5.681700229644775,-5.741324424743652,,,
73,184599,-0.05806240066885948,-5.721292018890381,-5.780955791473389,,,
73,184649,-0.034868206828832626,-5.709142684936523,-5.769875526428223,,,
73,184699,-0.059021737426519394,-5.714578628540039,-5.784430027008057,,,
73,184749,-0.032499294728040695,-5.707424640655518,-5.761248588562012,,,
73,184799,-0.06040147691965103,-5.703891754150391,-5.763724327087402,,,
73,184849,-0.02795594185590744,-5.681268692016602,-5.732627868652344,,,
73,184899,-0.04526535049080849,-5.698168754577637,-5.758883953094482,,,
73,184949,-0.032110393047332764,-5.720564842224121,-5.776273727416992,,,
73,184999,-0.031063182279467583,-5.701070308685303,-5.7562737464904785,,,
73,184999,,,,-5.699298858642578,-5.718307971954346,-5.767204284667969
74,185049,-0.02841963991522789,-5.708571434020996,-5.76263427734375,,,
74,185099,-0.032573893666267395,-5.62876033782959,-5.679546356201172,,,
74,185149,-0.0394151397049427,-5.74056339263916,-5.791820049285889,,,
74,185199,-0.03223608806729317,-5.74773645401001,-5.801628112792969,,,
74,185249,-0.03734998777508736,-5.680548667907715,-5.748893737792969,,,
74,185299,-0.046833161264657974,-5.697576522827148,-5.758718013763428,,,
74,185349,-0.036665964871644974,-5.687966823577881,-5.74380350112915,,,
74,185399,-0.06658510863780975,-5.727832794189453,-5.797364234924316,,,
74,185449,-0.03691144287586212,-5.70234489440918,-5.758636474609375,,,
74,185499,-0.05268363654613495,-5.695974349975586,-5.760982990264893,,,
74,185549,-0.03391459211707115,-5.710883617401123,-5.766653537750244,,,
74,185599,-0.028779463842511177,-5.7217254638671875,-5.784701824188232,,,
74,185649,-0.04878232255578041,-5.695097923278809,-5.752829551696777,,,
74,185699,-0.05562905594706535,-5.687002658843994,-5.746575832366943,,,
74,185749,-0.030876316130161285,-5.705324649810791,-5.758255481719971,,,
74,185799,-0.030484383925795555,-5.737149238586426,-5.787506103515625,,,
74,185849,-0.03160100802779198,-5.672366619110107,-5.729362487792969,,,
74,185899,-0.04312103986740112,-5.751497268676758,-5.816417694091797,,,
74,185949,-0.044908344745635986,-5.72910213470459,-5.792582988739014,,,
74,185999,-0.0513172410428524,-5.73980188369751,-5.805723667144775,,,
74,186049,-0.037407081574201584,-5.76754903793335,-5.8284592628479,,,
74,186099,-0.03970804437994957,-5.733335494995117,-5.795804500579834,,,
74,186149,-0.07307089865207672,-5.7566351890563965,-5.822649002075195,,,
74,186199,-0.045547936111688614,-5.739333152770996,-5.798820495605469,,,
74,186249,-0.036284565925598145,-5.74986457824707,-5.80263090133667,,,
74,186299,-0.02920619584619999,-5.682612419128418,-5.73954963684082,,,
74,186349,-0.04201970994472504,-5.743443489074707,-5.807288646697998,,,
74,186399,-0.029513001441955566,-5.671511650085449,-5.730175495147705,,,
74,186449,-0.05549125373363495,-5.673310279846191,-5.72745943069458,,,
74,186499,-0.04441049322485924,-5.732142925262451,-5.797684192657471,,,
74,186549,-0.03876843303442001,-5.719529628753662,-5.7847723960876465,,,
74,186599,-0.041953396052122116,-5.764788627624512,-5.819739818572998,,,
74,186649,-0.0282713882625103,-5.725973606109619,-5.785984516143799,,,
74,186699,-0.03334863856434822,-5.725447654724121,-5.782925128936768,,,
74,186749,-0.07008199393749237,-5.742417335510254,-5.802606582641602,,,
74,186799,-0.034045565873384476,-5.731049537658691,-5.78787088394165,,,
74,186849,-0.03651333972811699,-5.724452018737793,-5.775922775268555,,,
74,186899,-0.03180771693587303,-5.708024024963379,-5.767480850219727,,,
74,186949,-0.04997924715280533,-5.7821245193481445,-5.842486381530762,,,
74,186999,-0.03680473938584328,-5.679133892059326,-5.738929748535156,,,
74,187049,-0.05437003821134567,-5.698034763336182,-5.751733303070068,,,
74,187099,-0.05003596097230911,-5.783671855926514,-5.838454246520996,,,
74,187149,-0.05212487652897835,-5.701627731323242,-5.759712219238281,,,
74,187199,-0.036561038345098495,-5.704230785369873,-5.758469581604004,,,
74,187249,-0.035396967083215714,-5.7181854248046875,-5.78458833694458,,,
74,187299,-0.05138392373919487,-5.6830010414123535,-5.740533351898193,,,
74,187349,-0.04734804108738899,-5.742527008056641,-5.814640998840332,,,
74,187399,-0.047857340425252914,-5.7862324714660645,-5.854080677032471,,,
74,187449,-0.039142828434705734,-5.726259231567383,-5.782900333404541,,,
74,187499,-0.053025826811790466,-5.701938629150391,-5.764279842376709,,,
74,187499,,,,-5.699353218078613,-5.718142032623291,-5.76523494720459
75,187549,-0.03819078207015991,-5.6934733390808105,-5.75408411026001,,,
75,187599,-0.04417545348405838,-5.706516265869141,-5.7644195556640625,,,
75,187649,-0.03744061291217804,-5.687899589538574,-5.740137577056885,,,
75,187699,-0.05518360063433647,-5.753579139709473,-5.807035446166992,,,
75,187749,-0.03922581300139427,-5.730352878570557,-5.782379150390625,,,
75,187799,-0.033889975398778915,-5.7344560623168945,-5.793442726135254,,,
75,187849,-0.03419072926044464,-5.743387222290039,-5.803201675415039,,,
75,187899,-0.05898081511259079,-5.750335693359375,-5.818254470825195,,,
75,187949,-0.04795918986201286,-5.695273399353027,-5.7603068351745605,,,
75,187999,-0.0413602739572525,-5.6561198234558105,-5.712864398956299,,,
75,188049,-0.04120536148548126,-5.706977844238281,-5.766922950744629,,,
75,188099,-0.03673730418086052,-5.75479793548584,-5.818667888641357,,,
75,188149,-0.03754635900259018,-5.666887283325195,-5.734255790710449,,,
75,188199,-0.03755921870470047,-5.740835189819336,-5.793522834777832,,,
75,188249,-0.03375377506017685,-5.66252326965332,-5.7137675285339355,,,
75,188299,-0.03084573708474636,-5.727831840515137,-5.778419494628906,,,
75,188349,-0.026000604033470154,-5.680912494659424,-5.732799530029297,,,
75,188399,-0.054257750511169434,-5.68300724029541,-5.743945598602295,,,
75,188449,-0.051615431904792786,-5.686428070068359,-5.757017612457275,,,
75,188499,-0.03151077777147293,-5.709138870239258,-5.765017032623291,,,
75,188549,-0.04388038441538811,-5.743304252624512,-5.8076348304748535,,,
75,188599,-0.05224039778113365,-5.6564435958862305,-5.721974849700928,,,
75,188649,-0.04639275744557381,-5.741294860839844,-5.794174671173096,,,
75,188699,-0.05056034028530121,-5.719184398651123,-5.78226900100708,,,
75,188749,-0.03509490564465523,-5.734516143798828,-5.793034076690674,,,
75,188799,-0.03456200286746025,-5.734963417053223,-5.7921648025512695,,,
75,188849,-0.049281127750873566,-5.6694111824035645,-5.725893497467041,,,
75,188899,-0.03997303545475006,-5.718919277191162,-5.780631065368652,,,
75,188949,-0.04268127307295799,-5.693393707275391,-5.74895715713501,,,
75,188999,-0.05038640275597572,-5.644618511199951,-5.702851295471191,,,
75,189049,-0.0237745251506567,-5.718125820159912,-5.77174186706543,,,
75,189099,-0.023708539083600044,-5.712404251098633,-5.756879806518555,,,
75,189149,-0.025697775185108185,-5.6371307373046875,-5.690001010894775,,,
75,189199,-0.050084833055734634,-5.698039531707764,-5.763786315917969,,,
75,189249,-0.04661457613110542,-5.718824863433838,-5.780356407165527,,,
75,189299,-0.0454520583152771,-5.70861291885376,-5.76423454284668,,,
75,189349,-0.04702777415513992,-5.729138374328613,-5.7929534912109375,,,
75,189399,-0.04569017142057419,-5.744823932647705,-5.79998779296875,,,
75,189449,-0.059028517454862595,-5.703914642333984,-5.761777877807617,,,
75,189499,-0.03762514516711235,-5.685752868652344,-5.743463039398193,,,
75,189549,-0.04137508198618889,-5.686517715454102,-5.742592811584473,,,
75,189599,-0.03667540103197098,-5.680919647216797,-5.740065574645996,,,
75,189649,-0.03228306770324707,-5.702023983001709,-5.755321025848389,,,
75,189699,-0.03234317526221275,-5.6967620849609375,-5.763166427612305,,,
75,189749,-0.06249724328517914,-5.686972141265869,-5.75414514541626,,,
75,189799,-0.037255942821502686,-5.697255611419678,-5.7491655349731445,,,
75,189849,-0.038321997970342636,-5.712417125701904,-5.765324592590332,,,
75,189899,-0.039060335606336594,-5.691311836242676,-5.740569114685059,,,
75,189949,-0.035933513194322586,-5.716418266296387,-5.770984172821045,,,
75,189999,-0.03724643960595131,-5.723298072814941,-5.786774158477783,,,
75,189999,,,,-5.698270320892334,-5.717098236083984,-5.765913486480713
76,190049,-0.05406644567847252,-5.688562393188477,-5.748403072357178,,,
76,190099,-0.04119250178337097,-5.741992950439453,-5.789812088012695,,,
76,190149,-0.0453181266784668,-5.68850564956665,-5.747046947479248,,,
76,190199,-0.024333477020263672,-5.704469680786133,-5.756782054901123,,,
76,190249,-0.04826242849230766,-5.674079895019531,-5.735601902008057,,,
76,190299,-0.05418599024415016,-5.667148590087891,-5.725560188293457,,,
76,190349,-0.02912757359445095,-5.748972415924072,-5.804301738739014,,,
76,190399,-0.025362033396959305,-5.701377868652344,-5.757713317871094,,,
76,190449,-0.033716343343257904,-5.725165367126465,-5.789253234863281,,,
76,190499,-0.04921918734908104,-5.781198978424072,-5.84507942199707,,,
76,190549,-0.04787818714976311,-5.682670593261719,-5.737947940826416,,,
76,190599,-0.04751700162887573,-5.71981143951416,-5.7788825035095215,,,
76,190649,-0.04388241842389107,-5.712976932525635,-5.770358085632324,,,
76,190699,-0.03880903497338295,-5.65860652923584,-5.725379467010498,,,
76,190749,-0.0269622802734375,-5.730536460876465,-5.782981872558594,,,
76,190799,-0.041159313172101974,-5.7290143966674805,-5.789618968963623,,,
76,190849,-0.03696258366107941,-5.751130104064941,-5.807260990142822,,,
76,190899,-0.0460590124130249,-5.70930290222168,-5.773787498474121,,,
76,190949,-0.03218831494450569,-5.6743483543396,-5.725996017456055,,,
76,190999,-0.038467228412628174,-5.727485656738281,-5.791029930114746,,,
76,191049,-0.0471416600048542,-5.786616325378418,-5.84424352645874,,,
76,191099,-0.04463910311460495,-5.670181751251221,-5.731849193572998,,,
76,191149,-0.038901012390851974,-5.661726951599121,-5.717602252960205,,,
76,191199,-0.03373744338750839,-5.702883720397949,-5.771094799041748,,,
76,191249,-0.05551712214946747,-5.7278828620910645,-5.795739650726318,,,
76,191299,-0.048427995294332504,-5.673208236694336,-5.727293491363525,,,
76,191349,-0.04925847426056862,-5.6818718910217285,-5.737547397613525,,,
76,191399,-0.033601853996515274,-5.727574825286865,-5.784836292266846,,,
76,191449,-0.04547986015677452,-5.691352367401123,-5.755491733551025,,,
76,191499,-0.03355603665113449,-5.743831634521484,-5.794198036193848,,,
76,191549,-0.03110002540051937,-5.746457099914551,-5.808409214019775,,,
76,191599,-0.03554706647992134,-5.6737446784973145,-5.7214250564575195,,,
76,191649,-0.03654788061976433,-5.7479634284973145,-5.798329830169678,,,
76,191699,-0.03158598393201828,-5.738368034362793,-5.792752742767334,,,
76,191749,-0.03868631646037102,-5.681304931640625,-5.736261367797852,,,
76,191799,-0.04559476673603058,-5.695346832275391,-5.761801719665527,,,
76,191849,-0.022941922768950462,-5.709717750549316,-5.764256477355957,,,
76,191899,-0.04655417427420616,-5.693271636962891,-5.753477573394775,,,
76,191949,-0.04127751290798187,-5.69486141204834,-5.751040458679199,,,
76,191999,-0.03211839869618416,-5.68834924697876,-5.74342155456543,,,
76,192049,-0.05589400976896286,-5.6457839012146,-5.706406116485596,,,
76,192099,-0.053060825914144516,-5.697052478790283,-5.759081840515137,,,
76,192149,-0.03583367168903351,-5.7200446128845215,-5.786427021026611,,,
76,192199,-0.0363035574555397,-5.721889972686768,-5.769344329833984,,,
76,192249,-0.03199160099029541,-5.699124336242676,-5.753116130828857,,,
76,192299,-0.035484679043293,-5.701798439025879,-5.762156009674072,,,
76,192349,-0.03253212571144104,-5.758407115936279,-5.81746768951416,,,
76,192399,-0.04393302649259567,-5.683022499084473,-5.73919677734375,,,
76,192449,-0.0331299789249897,-5.720698833465576,-5.773237228393555,,,
76,192499,-0.037583403289318085,-5.728201389312744,-5.787590026855469,,,
76,192499,,,,-5.698184490203857,-5.715620517730713,-5.762777805328369
77,192549,-0.0439983531832695,-5.717500686645508,-5.772862434387207,,,
77,192599,-0.04814204201102257,-5.741740703582764,-5.794227123260498,,,
77,192649,-0.029363963752985,-5.7103424072265625,-5.764341831207275,,,
77,192699,-0.05098063498735428,-5.652099132537842,-5.714151382446289,,,
77,192749,-0.05229563266038895,-5.712940692901611,-5.778196811676025,,,
77,192799,-0.03211388736963272,-5.715751647949219,-5.773918151855469,,,
77,192849,-0.03415580093860626,-5.7387166023254395,-5.801219463348389,,,
77,192899,-0.049492090940475464,-5.7744317054748535,-5.837308406829834,,,
77,192949,-0.038883887231349945,-5.6695780754089355,-5.724710464477539,,,
77,192999,-0.0686652734875679,-5.721684455871582,-5.780016899108887,,,
77,193049,-0.056327685713768005,-5.755030632019043,-5.81755256652832,,,
77,193099,-0.0335213765501976,-5.752558708190918,-5.806493282318115,,,
77,193149,-0.04345652088522911,-5.742879390716553,-5.795368671417236,,,
77,193199,-0.0346960686147213,-5.703680038452148,-5.760203838348389,,,
77,193249,-0.041324432939291,-5.706411838531494,-5.774562358856201,,,
77,193299,-0.03814232349395752,-5.757749080657959,-5.81834077835083,,,
77,193349,-0.04614565894007683,-5.723183631896973,-5.786706924438477,,,
77,193399,-0.027033302932977676,-5.707609176635742,-5.757779598236084,,,
77,193449,-0.043719809502363205,-5.720558166503906,-5.773066997528076,,,
77,193499,-0.040294986218214035,-5.709702491760254,-5.7646613121032715,,,
77,193549,-0.04569286108016968,-5.745034694671631,-5.80125093460083,,,
77,193599,-0.029816215857863426,-5.70308780670166,-5.756641864776611,,,
77,193649,-0.03675932437181473,-5.694493293762207,-5.747983455657959,,,
77,193699,-0.06065437197685242,-5.728043556213379,-5.783730506896973,,,
77,193749,-0.06617791950702667,-5.690242767333984,-5.758406162261963,,,
77,193799,-0.036106422543525696,-5.716902732849121,-5.777743339538574,,,
77,193849,-0.033695440739393234,-5.716813087463379,-5.77038049697876,,,
77,193899,-0.0433601550757885,-5.6862077713012695,-5.746345043182373,,,
77,193949,-0.030941175296902657,-5.6924004554748535,-5.744866847991943,,,
77,193999,-0.031345561146736145,-5.65614128112793,-5.707156658172607,,,
77,194049,-0.04428862780332565,-5.72867488861084,-5.780911922454834,,,
77,194099,-0.053803976625204086,-5.7044243812561035,-5.761332988739014,,,
77,194149,-0.043843306601047516,-5.680855751037598,-5.751933574676514,,,
77,194199,-0.0527103953063488,-5.706887245178223,-5.770686626434326,,,
77,194249,-0.04112044349312782,-5.635033130645752,-5.6913652420043945,,,
77,194299,-0.0314180925488472,-5.7095746994018555,-5.762213230133057,,,
77,194349,-0.053691376000642776,-5.6479058265686035,-5.708799839019775,,,
77,194399,-0.054558541625738144,-5.655143737792969,-5.710534572601318,,,
77,194449,-0.025748686864972115,-5.6677751541137695,-5.728273868560791,,,
77,194499,-0.027667498216032982,-5.708873748779297,-5.766030311584473,,,
77,194549,-0.04597000032663345,-5.643374443054199,-5.703056335449219,,,
77,194599,-0.03726945444941521,-5.695986747741699,-5.751866817474365,,,
77,194649,-0.031781766563653946,-5.758633613586426,-5.827297210693359,,,
77,194699,-0.03382888063788414,-5.718087196350098,-5.779295444488525,,,
77,194749,-0.025252634659409523,-5.734555244445801,-5.7851715087890625,,,
77,194799,-0.03297877311706543,-5.702577114105225,-5.754039287567139,,,
77,194849,-0.04251369833946228,-5.679862976074219,-5.739368915557861,,,
77,194899,-0.03498196229338646,-5.73914098739624,-5.798989772796631,,,
77,194949,-0.046693481504917145,-5.790949821472168,-5.851536273956299,,,
77,194999,-0.039656441658735275,-5.733742713928223,-5.7913498878479,,,
77,194999,,,,-5.69798469543457,-5.715312480926514,-5.7620849609375
78,195049,-0.046989381313323975,-5.686245918273926,-5.741479396820068,,,
78,195099,-0.05214256793260574,-5.698099136352539,-5.758522033691406,,,
78,195149,-0.05119549110531807,-5.688138008117676,-5.743112564086914,,,
78,195199,-0.03787489980459213,-5.665726184844971,-5.726885795593262,,,
78,195249,-0.042516980320215225,-5.697475433349609,-5.750637054443359,,,
78,195299,-0.03287079185247421,-5.7388596534729,-5.798332214355469,,,
78,195349,-0.029888281598687172,-5.752344608306885,-5.809946060180664,,,
78,195399,-0.036442145705223083,-5.655845642089844,-5.716069221496582,,,
78,195449,-0.044914744794368744,-5.733755588531494,-5.796702861785889,,,
78,195499,-0.040096085518598557,-5.647571563720703,-5.704819679260254,,,
78,195549,-0.03562283515930176,-5.6901750564575195,-5.746284008026123,,,
78,195599,-0.05039383843541145,-5.704461097717285,-5.760138988494873,,,
78,195649,-0.05512816831469536,-5.668277740478516,-5.724692344665527,,,
78,195699,-0.03314405307173729,-5.685295104980469,-5.73884391784668,,,
78,195749,-0.062493130564689636,-5.762115955352783,-5.824294090270996,,,
78,195799,-0.01932668685913086,-5.652609825134277,-5.705067157745361,,,
78,195849,-0.06916839629411697,-5.710421562194824,-5.772418022155762,,,
78,195899,-0.037658534944057465,-5.6868791580200195,-5.747592449188232,,,
78,195949,-0.06221405789256096,-5.7610673904418945,-5.82560396194458,,,
78,195999,-0.03330177068710327,-5.7531633377075195,-5.80884313583374,,,
78,196049,-0.031595077365636826,-5.737679481506348,-5.795361042022705,,,
78,196099,-0.03185206279158592,-5.746116638183594,-5.806615352630615,,,
78,196149,-0.025049109011888504,-5.717079162597656,-5.768099784851074,,,
78,196199,-0.047045476734638214,-5.72241735458374,-5.791347503662109,,,
78,196249,-0.03277185931801796,-5.713238716125488,-5.763731479644775,,,
78,196299,-0.027928346768021584,-5.685929298400879,-5.738099098205566,,,
78,196349,-0.03093338944017887,-5.71026086807251,-5.762135028839111,,,
78,196399,-0.035848576575517654,-5.703769207000732,-5.762640476226807,,,
78,196449,-0.03094550222158432,-5.674798011779785,-5.742443084716797,,,
78,196499,-0.03993890807032585,-5.718980312347412,-5.771107196807861,,,
78,196549,-0.035888250917196274,-5.746942520141602,-5.805631160736084,,,
78,196599,-0.07253018021583557,-5.698297500610352,-5.754706859588623,,,
78,196649,-0.03354168310761452,-5.705954074859619,-5.764847278594971,,,
78,196699,-0.031282611191272736,-5.707340240478516,-5.755406379699707,,,
78,196749,-0.039635442197322845,-5.719916343688965,-5.775645732879639,,,
78,196799,-0.04410532861948013,-5.682786464691162,-5.739222049713135,,,
78,196849,-0.049466323107481,-5.7638258934021,-5.82741117477417,,,
78,196899,-0.05865630879998207,-5.713380813598633,-5.765408992767334,,,
78,196949,-0.04031062126159668,-5.681914329528809,-5.739816665649414,,,
78,196999,-0.034234050661325455,-5.694999694824219,-5.743727207183838,,,
78,197049,-0.04076189920306206,-5.66783332824707,-5.720223426818848,,,
78,197099,-0.05024821311235428,-5.707225322723389,-5.76416540145874,,,
78,197149,-0.04401817545294762,-5.653554916381836,-5.707375526428223,,,
78,197199,-0.02754664421081543,-5.74798583984375,-5.811063289642334,,,
78,197249,-0.04871353134512901,-5.695443153381348,-5.74940299987793,,,
78,197299,-0.04007961228489876,-5.7005743980407715,-5.76685905456543,,,
78,197349,-0.06032685190439224,-5.732975959777832,-5.79100227355957,,,
78,197399,-0.03735923394560814,-5.6980438232421875,-5.753424644470215,,,
78,197449,-0.029033560305833817,-5.713675498962402,-5.766420364379883,,,
78,197499,-0.02634461410343647,-5.709314346313477,-5.759920597076416,,,
78,197499,,,,-5.698018550872803,-5.715035438537598,-5.7624382972717285
79,197549,-0.049681536853313446,-5.667110443115234,-5.7301025390625,,,
79,197599,-0.034327633678913116,-5.634546756744385,-5.688942909240723,,,
79,197649,-0.02439170517027378,-5.7147626876831055,-5.760749340057373,,,
79,197699,-0.037889573723077774,-5.694218635559082,-5.7547607421875,,,
79,197749,-0.04878847673535347,-5.72615909576416,-5.78143835067749,,,
79,197799,-0.04034403711557388,-5.778316497802734,-5.84232759475708,,,
79,197849,-0.03394422307610512,-5.704324722290039,-5.752534866333008,,,
79,197899,-0.0468786358833313,-5.7400312423706055,-5.81074857711792,,,
79,197949,-0.04108945652842522,-5.696148872375488,-5.760141372680664,,,
79,197999,-0.030663279816508293,-5.703500747680664,-5.752657890319824,,,
79,198049,-0.033528514206409454,-5.698642253875732,-5.754493713378906,,,
79,198099,-0.03928840160369873,-5.745396614074707,-5.797510623931885,,,
79,198149,-0.04190678894519806,-5.726665496826172,-5.785082817077637,,,
79,198199,-0.05414983257651329,-5.692021369934082,-5.742480754852295,,,
79,198249,-0.03679771348834038,-5.749370098114014,-5.802161693572998,,,
79,198299,-0.03658004850149155,-5.780313968658447,-5.839988708496094,,,
79,198349,-0.052400920540094376,-5.764248847961426,-5.822822093963623,,,
79,198399,-0.04191332682967186,-5.693292617797852,-5.757023811340332,,,
79,198449,-0.02717188559472561,-5.686895847320557,-5.737416744232178,,,
79,198499,-0.0352245457470417,-5.726165771484375,-5.784112453460693,,,
79,198549,-0.04618839547038078,-5.667119026184082,-5.715742111206055,,,
79,198599,-0.04043640196323395,-5.752803802490234,-5.811755657196045,,,
79,198649,-0.04033954441547394,-5.696773052215576,-5.750283241271973,,,
79,198699,-0.041523680090904236,-5.757378578186035,-5.81024169921875,,,
79,198749,-0.046685416251420975,-5.731856346130371,-5.792867183685303,,,
79,198799,-0.03337442874908447,-5.731801986694336,-5.790843486785889,,,
79,198849,-0.0374131053686142,-5.719442367553711,-5.774271011352539,,,
79,198899,-0.026163935661315918,-5.704899787902832,-5.763774394989014,,,
79,198949,-0.03834503889083862,-5.68858528137207,-5.744784832000732,,,
79,198999,-0.040607891976833344,-5.732317924499512,-5.787178993225098,,,
79,199049,-0.038869209587574005,-5.684588432312012,-5.74927282333374,,,
79,199099,-0.0239680428057909,-5.6921772956848145,-5.742743015289307,,,
79,199149,-0.05346060171723366,-5.668191909790039,-5.73221492767334,,,
79,199199,-0.04735661298036575,-5.715130805969238,-5.7756547927856445,,,
79,199249,-0.03279012069106102,-5.592598915100098,-5.642175197601318,,,
79,199299,-0.02968699298799038,-5.780865669250488,-5.834131717681885,,,
79,199349,-0.027235209941864014,-5.677123069763184,-5.724960803985596,,,
79,199399,-0.05564100295305252,-5.7072930335998535,-5.765169620513916,,,
79,199449,-0.027639297768473625,-5.735349655151367,-5.786159515380859,,,
79,199499,-0.02606399916112423,-5.713916778564453,-5.769536018371582,,,
79,199549,-0.02962806075811386,-5.716349124908447,-5.774833679199219,,,
79,199599,-0.030581945553421974,-5.792469024658203,-5.846702575683594,,,
79,199649,-0.0479411780834198,-5.74301815032959,-5.795013904571533,,,
79,199699,-0.03568892553448677,-5.729368209838867,-5.781344413757324,,,
79,199749,-0.02364412695169449,-5.7232160568237305,-5.775537014007568,,,
79,199799,-0.04149504005908966,-5.721255302429199,-5.774778842926025,,,
79,199849,-0.03839341923594475,-5.771934509277344,-5.835101127624512,,,
79,199899,-0.03522399440407753,-5.750236511230469,-5.803048133850098,,,
79,199949,-0.03228559345006943,-5.739828586578369,-5.7904839515686035,,,
79,199999,-0.03602093085646629,-5.697032928466797,-5.757849216461182,,,
79,199999,,,,-5.696828365325928,-5.71589469909668,-5.766360282897949
80,200049,-0.03964544087648392,-5.711247444152832,-5.774833679199219,,,
80,200099,-0.06229736655950546,-5.729415416717529,-5.797022342681885,,,
80,200149,-0.03787301480770111,-5.675661087036133,-5.728342533111572,,,
80,200199,-0.04195089265704155,-5.733841896057129,-5.797237396240234,,,
80,200249,-0.045953527092933655,-5.7514328956604,-5.81676721572876,,,
80,200299,-0.029973430559039116,-5.697129726409912,-5.743719577789307,,,
80,200349,-0.06131918728351593,-5.735580921173096,-5.799289226531982,,,
80,200399,-0.03026212379336357,-5.688197135925293,-5.743243217468262,,,
80,200449,-0.03542359173297882,-5.685582160949707,-5.73806619644165,,,
80,200499,-0.029548296704888344,-5.723870754241943,-5.783348083496094,,,
80,200549,-0.033357080072164536,-5.763011932373047,-5.8151092529296875,,,
80,200599,-0.03183949738740921,-5.691539764404297,-5.742103099822998,,,
80,200649,-0.025645626708865166,-5.747219085693359,-5.798622131347656,,,
80,200699,-0.04576713964343071,-5.707262992858887,-5.766137599945068,,,
80,200749,-0.039070677012205124,-5.721450328826904,-5.7791008949279785,,,
80,200799,-0.05004808306694031,-5.73082160949707,-5.787554740905762,,,
80,200849,-0.02615675888955593,-5.716911315917969,-5.766101360321045,,,
80,200899,-0.031432848423719406,-5.683840751647949,-5.73785924911499,,,
80,200949,-0.0353134386241436,-5.710015296936035,-5.764318943023682,,,
80,200999,-0.052221085876226425,-5.720029830932617,-5.784042835235596,,,
80,201049,-0.030576037243008614,-5.720314979553223,-5.772707939147949,,,
80,201099,-0.04073486104607582,-5.695833206176758,-5.749475002288818,,,
80,201149,-0.050973959267139435,-5.731464862823486,-5.792418003082275,,,
80,201199,-0.06061401218175888,-5.731005668640137,-5.801692962646484,,,
80,201249,-0.03723207861185074,-5.681105613708496,-5.740731239318848,,,
80,201299,-0.05875313654541969,-5.683801651000977,-5.755699157714844,,,
80,201349,-0.05512281134724617,-5.722241401672363,-5.783768177032471,,,
80,201399,-0.03472432494163513,-5.735301971435547,-5.7959113121032715,,,
80,201449,-0.025591015815734863,-5.761368274688721,-5.823126792907715,,,
80,201499,-0.03771134465932846,-5.740585803985596,-5.803146839141846,,,
80,201549,-0.03560309484601021,-5.692142009735107,-5.747194766998291,,,
80,201599,-0.04466823861002922,-5.670412063598633,-5.729684829711914,,,
80,201649,-0.06403732299804688,-5.760489463806152,-5.826535701751709,,,
80,201699,-0.04489361122250557,-5.740212440490723,-5.80062198638916,,,
80,201749,-0.03349611535668373,-5.682340145111084,-5.734927177429199,,,
80,201799,-0.05498654395341873,-5.749874114990234,-5.816579341888428,,,
80,201849,-0.027187880128622055,-5.685680389404297,-5.739452838897705,,,
80,201899,-0.026899205520749092,-5.697005748748779,-5.747830867767334,,,
80,201949,-0.022365504875779152,-5.6827802658081055,-5.73660135269165,,,
80,201999,-0.04845059663057327,-5.723258018493652,-5.7901434898376465,,,
80,202049,-0.03500579670071602,-5.703916549682617,-5.75834321975708,,,
80,202099,-0.042732350528240204,-5.74849271774292,-5.816978454589844,,,
80,202149,-0.05393342673778534,-5.687674045562744,-5.744698524475098,,,
80,202199,-0.052246835082769394,-5.741686820983887,-5.802088260650635,,,
80,202249,-0.04264305904507637,-5.679740905761719,-5.740926265716553,,,
80,202299,-0.05428418889641762,-5.652655124664307,-5.711132526397705,,,
80,202349,-0.044388968497514725,-5.692422866821289,-5.754532814025879,,,
80,202399,-0.040398940443992615,-5.710628509521484,-5.772171497344971,,,
80,202449,-0.0325431227684021,-5.650548458099365,-5.701423168182373,,,
80,202499,-0.030399801209568977,-5.684175491333008,-5.7362213134765625,,,
80,202499,,,,-5.697619438171387,-5.716981410980225,-5.764801025390625
81,202549,-0.042644765228033066,-5.76233434677124,-5.820803165435791,,,
81,202599,-0.032666925340890884,-5.689123630523682,-5.747359275817871,,,
81,202649,-0.05065687373280525,-5.736069202423096,-5.792405128479004,,,
81,202699,-0.04963938519358635,-5.754814147949219,-5.812572956085205,,,
81,202749,-0.04920068755745888,-5.735849380493164,-5.7868218421936035,,,
81,202799,-0.03711932897567749,-5.812012672424316,-5.873282432556152,,,
81,202849,-0.02751256339251995,-5.706969261169434,-5.75720739364624,,,
81,202899,-0.02992444671690464,-5.703641891479492,-5.763588905334473,,,
81,202949,-0.034659143537282944,-5.663684844970703,-5.71898078918457,,,
81,202999,-0.03980628401041031,-5.728347301483154,-5.788624286651611,,,
81,203049,-0.04043286293745041,-5.705376625061035,-5.759554386138916,,,
81,203099,-0.03142639994621277,-5.725766181945801,-5.777807712554932,,,
81,203149,-0.029619842767715454,-5.738842964172363,-5.794411659240723,,,
81,203199,-0.03229345753788948,-5.6893768310546875,-5.74528169631958,,,
81,203249,-0.02560317888855934,-5.729742050170898,-5.784090995788574,,,
81,203299,-0.03947930783033371,-5.719849586486816,-5.774816989898682,,,
81,203349,-0.059067439287900925,-5.781427383422852,-5.840277194976807,,,
81,203399,-0.03872828930616379,-5.6632537841796875,-5.726118087768555,,,
81,203449,-0.04556017369031906,-5.698026657104492,-5.756801605224609,,,
81,203499,-0.029817599803209305,-5.7467803955078125,-5.802176475524902,,,
81,203549,-0.021970978006720543,-5.73634147644043,-5.78056526184082,,,
81,203599,-0.03209914267063141,-5.70719051361084,-5.763023376464844,,,
81,203649,-0.027580490335822105,-5.770137310028076,-5.819960594177246,,,
81,203699,-0.04699426516890526,-5.71767520904541,-5.78068208694458,,,
81,203749,-0.03357359766960144,-5.730420112609863,-5.777976036071777,,,
81,203799,-0.031210478395223618,-5.710160732269287,-5.779523849487305,,,
81,203849,-0.05480656027793884,-5.700618743896484,-5.760962963104248,,,
81,203899,-0.03160165250301361,-5.737545967102051,-5.791007995605469,,,
81,203949,-0.030488619580864906,-5.706965923309326,-5.761630535125732,,,
81,203999,-0.032115161418914795,-5.680903434753418,-5.735570430755615,,,
81,204049,-0.0290995966643095,-5.697210311889648,-5.749368667602539,,,
81,204099,-0.03419826179742813,-5.7182230949401855,-5.772833347320557,,,
81,204149,-0.0354577898979187,-5.712691307067871,-5.766266345977783,,,
81,204199,-0.030225254595279694,-5.694937705993652,-5.745816707611084,,,
81,204249,-0.06459610909223557,-5.716221809387207,-5.784999370574951,,,
81,204299,-0.0496957004070282,-5.729583740234375,-5.785281658172607,,,
81,204349,-0.049167755991220474,-5.685303688049316,-5.74453592300415,,,
81,204399,-0.03289610147476196,-5.756437301635742,-5.815027236938477,,,
81,204449,-0.03930028900504112,-5.703549385070801,-5.7584357261657715,,,
81,204499,-0.03818271681666374,-5.697121620178223,-5.758933067321777,,,
81,204549,-0.046951957046985626,-5.727416038513184,-5.788172245025635,,,
81,204599,-0.049797553569078445,-5.632068634033203,-5.67918586730957,,,
81,204649,-0.04246734455227852,-5.695686340332031,-5.7545366287231445,,,
81,204699,-0.0432896614074707,-5.768281936645508,-5.824288368225098,,,
81,204749,-0.03117465414106846,-5.706923007965088,-5.759603023529053,,,
81,204799,-0.0372859425842762,-5.688003063201904,-5.746434211730957,,,
81,204849,-0.04649411141872406,-5.692559242248535,-5.750938415527344,,,
81,204899,-0.03609785810112953,-5.737520694732666,-5.792049407958984,,,
81,204949,-0.025419358164072037,-5.742939472198486,-5.794867992401123,,,
81,204999,-0.041663024574518204,-5.677543640136719,-5.727468013763428,,,
81,204999,,,,-5.698716640472412,-5.7157301902771,-5.761763095855713
82,205049,-0.03270545229315758,-5.6389570236206055,-5.687611103057861,,,
82,205099,-0.04327240213751793,-5.6998419761657715,-5.75669527053833,,,
82,205149,-0.04970906302332878,-5.73340368270874,-5.795835018157959,,,
82,205199,-0.03311973065137863,-5.737895965576172,-5.792166233062744,,,
82,205249,-0.04352744296193123,-5.712900161743164,-5.768980503082275,,,
82,205299,-0.03831515833735466,-5.6782026290893555,-5.725532054901123,,,
82,205349,-0.04476439207792282,-5.638039588928223,-5.6908698081970215,,,
82,205399,-0.028413666412234306,-5.737090110778809,-5.794922351837158,,,
82,205449,-0.029520496726036072,-5.704257011413574,-5.750288963317871,,,
82,205499,-0.05925562232732773,-5.745484352111816,-5.803812026977539,,,
82,205549,-0.03665142133831978,-5.720132827758789,-5.774659156799316,,,
82,205599,-0.033828254789114,-5.741111755371094,-5.799168586730957,,,
82,205649,-0.019689086824655533,-5.719893455505371,-5.767935752868652,,,
82,205699,-0.03195524588227272,-5.718212127685547,-5.772239685058594,,,
82,205749,-0.03508222848176956,-5.780669212341309,-5.83551025390625,,,
82,205799,-0.029090996831655502,-5.7540788650512695,-5.803772926330566,,,
82,205849,-0.029277576133608818,-5.736001491546631,-5.793267250061035,,,
82,205899,-0.030439095571637154,-5.704161643981934,-5.757485389709473,,,
82,205949,-0.034888505935668945,-5.657486438751221,-5.715556621551514,,,
82,205999,-0.036065734922885895,-5.661103248596191,-5.717128753662109,,,
82,206049,-0.0427006334066391,-5.674685478210449,-5.734433650970459,,,
82,206099,-0.04116092994809151,-5.729447364807129,-5.793487548828125,,,
82,206149,-0.029298700392246246,-5.735186576843262,-5.786675930023193,,,
82,206199,-0.05485257878899574,-5.686586380004883,-5.743663311004639,,,
82,206249,-0.054059188812971115,-5.745096206665039,-5.800203800201416,,,
82,206299,-0.02646448090672493,-5.70560359954834,-5.759914398193359,,,
82,206349,-0.044791802763938904,-5.739997863769531,-5.799129009246826,,,
82,206399,-0.05609602853655815,-5.759692192077637,-5.819972991943359,,,
82,206449,-0.03156106546521187,-5.684831619262695,-5.742741584777832,,,
82,206499,-0.038859773427248,-5.690737724304199,-5.750698089599609,,,
82,206549,-0.0427187904715538,-5.773098945617676,-5.834864139556885,,,
82,206599,-0.03357161581516266,-5.699637413024902,-5.757880687713623,,,
82,206649,-0.04403582960367203,-5.672861099243164,-5.728360652923584,,,
82,206699,-0.04019131511449814,-5.683714866638184,-5.736616134643555,,,
82,206749,-0.0359199121594429,-5.723865509033203,-5.783770561218262,,,
82,206799,-0.039442505687475204,-5.707135200500488,-5.761790752410889,,,
82,206849,-0.025565342977643013,-5.741755485534668,-5.792139053344727,,,
82,206899,-0.030543820932507515,-5.655641078948975,-5.709653854370117,,,
82,206949,-0.04167049378156662,-5.696200370788574,-5.753081321716309,,,
82,206999,-0.05012403801083565,-5.677850723266602,-5.736641883850098,,,
82,207049,-0.05067034065723419,-5.737986087799072,-5.795881271362305,,,
82,207099,-0.032272063195705414,-5.718250274658203,-5.77640962600708,,,
82,207149,-0.03474324941635132,-5.737419128417969,-5.797023773193359,,,
82,207199,-0.06544668227434158,-5.731914520263672,-5.792588233947754,,,
82,207249,-0.02758646383881569,-5.728438377380371,-5.7813897132873535,,,
82,207299,-0.03355301916599274,-5.7798686027526855,-5.834250450134277,,,
82,207349,-0.04974399507045746,-5.6827569007873535,-5.743406295776367,,,
82,207399,-0.0589422732591629,-5.790009498596191,-5.857893943786621,,,
82,207449,-0.03933629393577576,-5.727814674377441,-5.778900146484375,,,
82,207499,-0.025129474699497223,-5.6607208251953125,-5.71650505065918,,,
82,207499,,,,-5.697873592376709,-5.717167854309082,-5.764519691467285
83,207549,-0.03285330906510353,-5.693612575531006,-5.752604961395264,,,
83,207599,-0.029636893421411514,-5.749753952026367,-5.804183006286621,,,
83,207649,-0.04311039298772812,-5.734123229980469,-5.794175148010254,,,
83,207699,-0.03108246996998787,-5.72425651550293,-5.770259380340576,,,
83,207749,-0.04104775935411453,-5.7433552742004395,-5.805553913116455,,,
83,207799,-0.05157758668065071,-5.735008716583252,-5.792070388793945,,,
83,207849,-0.033265452831983566,-5.6926774978637695,-5.738492488861084,,,
83,207899,-0.02555798925459385,-5.704852104187012,-5.7546916007995605,,,
83,207949,-0.03399157524108887,-5.660551071166992,-5.715755939483643,,,
83,207999,-0.04014391452074051,-5.725411415100098,-5.781887531280518,,,
83,208049,-0.07038348913192749,-5.69161319732666,-5.752764701843262,,,
83,208099,-0.03521769121289253,-5.730738639831543,-5.782386302947998,,,
83,208149,-0.0366954430937767,-5.705294132232666,-5.758864402770996,,,
83,208199,-0.03869558870792389,-5.695055961608887,-5.744740009307861,,,
83,208249,-0.028286227956414223,-5.683856964111328,-5.733884334564209,,,
83,208299,-0.03003409318625927,-5.707860946655273,-5.762076377868652,,,
83,208349,-0.03763245418667793,-5.758818626403809,-5.822878837585449,,,
83,208399,-0.032703857868909836,-5.718398094177246,-5.775029182434082,,,
83,208449,-0.03330881521105766,-5.635486602783203,-5.693007469177246,,,
83,208499,-0.05503980442881584,-5.772377014160156,-5.8332037925720215,,,
83,208549,-0.03570529446005821,-5.721404075622559,-5.782543659210205,,,
83,208599,-0.036560673266649246,-5.780572891235352,-5.836670875549316,,,
83,208649,-0.03936433047056198,-5.689496994018555,-5.742186546325684,,,
83,208699,-0.021913710981607437,-5.691263675689697,-5.73640251159668,,,
83,208749,-0.03821645677089691,-5.685898780822754,-5.737119197845459,,,
83,208799,-0.05909202620387077,-5.738157272338867,-5.79543924331665,,,
83,208849,-0.03273916244506836,-5.688787460327148,-5.739796161651611,,,
83,208899,-0.03532516583800316,-5.690855026245117,-5.747894287109375,,,
83,208949,-0.02893703803420067,-5.691495895385742,-5.741239070892334,,,
83,208999,-0.04636526107788086,-5.716229438781738,-5.768033504486084,,,
83,209049,-0.03686889261007309,-5.694782733917236,-5.753558158874512,,,
83,209099,-0.057249125093221664,-5.676589012145996,-5.735057353973389,,,
83,209149,-0.04680383577942848,-5.766643524169922,-5.825209617614746,,,
83,209199,-0.04938822612166405,-5.700229167938232,-5.755529880523682,,,
83,209249,-0.04111736640334129,-5.668947219848633,-5.723319053649902,,,
83,209299,-0.0367138534784317,-5.656975746154785,-5.7115044593811035,,,
83,209349,-0.055199697613716125,-5.685873031616211,-5.738864421844482,,,
83,209399,-0.03183484822511673,-5.683516979217529,-5.732090473175049,,,
83,209449,-0.0368492528796196,-5.7109808921813965,-5.759552955627441,,,
83,209499,-0.032885029911994934,-5.677254676818848,-5.720677375793457,,,
83,209549,-0.051449451595544815,-5.681938171386719,-5.747496128082275,,,
83,209599,-0.04430871829390526,-5.7876362800598145,-5.845307350158691,,,
83,209649,-0.05565178394317627,-5.713427543640137,-5.777056694030762,,,
83,209699,-0.04864436388015747,-5.754971981048584,-5.810422420501709,,,
83,209749,-0.028064526617527008,-5.664819240570068,-5.709876537322998,,,
83,209799,-0.03862989321351051,-5.6941046714782715,-5.752499103546143,,,
83,209849,-0.04008801281452179,-5.7128214836120605,-5.772647380828857,,,
83,209899,-0.028624970465898514,-5.699855804443359,-5.749733924865723,,,
83,209949,-0.04023747891187668,-5.676492691040039,-5.723548889160156,,,
83,209999,-0.0231439508497715,-5.708095073699951,-5.7575364112854,,,
83,209999,,,,-5.697741985321045,-5.716317176818848,-5.763754844665527
84,210049,-0.03735659644007683,-5.7303996086120605,-5.782244682312012,,,
84,210099,-0.029119528830051422,-5.717794895172119,-5.772993087768555,,,
84,210149,-0.026236632838845253,-5.709237098693848,-5.764161109924316,,,
84,210199,-0.02634723111987114,-5.727664947509766,-5.777392387390137,,,
84,210249,-0.043255116790533066,-5.657227993011475,-5.714875221252441,,,
84,210299,-0.03625323250889778,-5.683712005615234,-5.739203453063965,,,
84,210349,-0.03268374875187874,-5.686282157897949,-5.749971389770508,,,
84,210399,-0.044583551585674286,-5.720658779144287,-5.776795387268066,,,
84,210449,-0.046250928193330765,-5.673210620880127,-5.72146463394165,,,
84,210499,-0.02932475320994854,-5.679591178894043,-5.7352166175842285,,,
84,210549,-0.037509918212890625,-5.654942989349365,-5.70835018157959,,,
84,210599,-0.03984428197145462,-5.723289966583252,-5.7875213623046875,,,
84,210649,-0.03960514813661575,-5.723567008972168,-5.783797264099121,,,
84,210699,-0.037890948355197906,-5.717528343200684,-5.779244422912598,,,
84,210749,-0.026981646195054054,-5.708056926727295,-5.761527061462402,,,
84,210799,-0.027997231110930443,-5.744197845458984,-5.79852294921875,,,
84,210849,-0.03687676042318344,-5.692690849304199,-5.74515962600708,,,
84,210899,-0.03618631884455681,-5.701850414276123,-5.763233661651611,,,
84,210949,-0.02917575277388096,-5.70131254196167,-5.75757360458374,,,
84,210999,-0.05499611794948578,-5.720146179199219,-5.775609016418457,,,
84,211049,-0.059242650866508484,-5.69980525970459,-5.749307632446289,,,
84,211099,-0.03174483776092529,-5.728518962860107,-5.784249305725098,,,
84,211149,-0.04143602401018143,-5.715721130371094,-5.767631530761719,,,
84,211199,-0.027185343205928802,-5.63587760925293,-5.6789164543151855,,,
84,211249,-0.06342974305152893,-5.674642562866211,-5.734879493713379,,,
84,211299,-0.02872125804424286,-5.717154026031494,-5.765161514282227,,,
84,211349,-0.0320541076362133,-5.724985122680664,-5.7723259925842285,,,
84,211399,-0.031001152470707893,-5.705799102783203,-5.760520935058594,,,
84,211449,-0.03253252059221268,-5.786014080047607,-5.845945358276367,,,
84,211499,-0.03334185108542442,-5.686285018920898,-5.732605934143066,,,
84,211549,-0.059477873146533966,-5.686532020568848,-5.746278762817383,,,
84,211599,-0.028200285509228706,-5.7421722412109375,-5.7955322265625,,,
84,211649,-0.03792814910411835,-5.684109210968018,-5.743635177612305,,,
84,211699,-0.03814931958913803,-5.690530300140381,-5.754615306854248,,,
84,211749,-0.04537333548069,-5.719179153442383,-5.782107830047607,,,
84,211799,-0.032925236970186234,-5.702191352844238,-5.7537665367126465,,,
84,211849,-0.03607012704014778,-5.730439186096191,-5.784854412078857,,,
84,211899,-0.0363578200340271,-5.72301721572876,-5.783580780029297,,,
84,211949,-0.029880156740546227,-5.687787055969238,-5.736875057220459,,,
84,211999,-0.037843432277441025,-5.751941680908203,-5.816495418548584,,,
84,212049,-0.025685152038931847,-5.738612174987793,-5.794914245605469,,,
84,212099,-0.020662957802414894,-5.745615005493164,-5.800559043884277,,,
84,212149,-0.03679447993636131,-5.754644870758057,-5.805300235748291,,,
84,212199,-0.03242388740181923,-5.702763080596924,-5.756227970123291,,,
84,212249,-0.0400722436606884,-5.709349632263184,-5.763062477111816,,,
84,212299,-0.056983258575201035,-5.707366466522217,-5.77503776550293,,,
84,212349,-0.04097637161612511,-5.750092506408691,-5.806048393249512,,,
84,212399,-0.03775223344564438,-5.74476957321167,-5.799179553985596,,,
84,212449,-0.06251990795135498,-5.722715377807617,-5.788435459136963,,,
84,212499,-0.03156205639243126,-5.7217206954956055,-5.780989170074463,,,
84,212499,,,,-5.697756290435791,-5.714756488800049,-5.7607526779174805
85,212549,-0.049241919070482254,-5.734814643859863,-5.80366325378418,,,
85,212599,-0.03704535961151123,-5.677270412445068,-5.732241630554199,,,
85,212649,-0.041554249823093414,-5.687678813934326,-5.74661111831665,,,
85,212699,-0.04806147888302803,-5.720360279083252,-5.780991554260254,,,
85,212749,-0.046374257653951645,-5.717709541320801,-5.772648811340332,,,
85,212799,-0.053023431450128555,-5.774909973144531,-5.834566593170166,,,
85,212849,-0.03300432488322258,-5.710390090942383,-5.765247821807861,,,
85,212899,-0.03507980331778526,-5.728287696838379,-5.774948596954346,,,
85,212949,-0.04158864915370941,-5.709146976470947,-5.767283916473389,,,
85,212999,-0.04617010056972504,-5.71925163269043,-5.772138595581055,,,
85,213049,-0.02187061309814453,-5.764318943023682,-5.81773567199707,,,
85,213099,-0.032698679715394974,-5.688320159912109,-5.744348049163818,,,
85,213149,-0.032564446330070496,-5.679617404937744,-5.741090774536133,,,
85,213199,-0.04359167069196701,-5.768209934234619,-5.826304912567139,,,
85,213249,-0.03310193493962288,-5.725590705871582,-5.778353214263916,,,
85,213299,-0.026769032701849937,-5.728558540344238,-5.781069755554199,,,
85,213349,-0.031414251774549484,-5.7442450523376465,-5.797832489013672,,,
85,213399,-0.03261900320649147,-5.703554153442383,-5.761421203613281,,,
85,213449,-0.03624047338962555,-5.70375394821167,-5.752469539642334,,,
85,213499,-0.043433789163827896,-5.717354774475098,-5.778414249420166,,,
85,213549,-0.027967695146799088,-5.70713996887207,-5.753942966461182,,,
85,213599,-0.026949133723974228,-5.737811088562012,-5.791855335235596,,,
85,213649,-0.04426007717847824,-5.689043998718262,-5.7462921142578125,,,
85,213699,-0.023437509313225746,-5.7260050773620605,-5.783892631530762,,,
85,213749,-0.03299243003129959,-5.7353715896606445,-5.789572238922119,,,
85,213799,-0.037045709788799286,-5.65625,-5.704073905944824,,,
85,213849,-0.036938998848199844,-5.790731430053711,-5.852004051208496,,,
85,213899,-0.028162449598312378,-5.746767044067383,-5.797326564788818,,,
85,213949,-0.03543931618332863,-5.760415077209473,-5.81279182434082,,,
85,213999,-0.04364289343357086,-5.732056617736816,-5.78588342666626,,,
85,214049,-0.038487184792757034,-5.696070671081543,-5.747925758361816,,,
85,214099,-0.030234145000576973,-5.663124084472656,-5.719507694244385,,,
85,214149,-0.03726789727807045,-5.741619110107422,-5.804661750793457,,,
85,214199,-0.04051404818892479,-5.691710472106934,-5.749799728393555,,,
85,214249,-0.04233168438076973,-5.703777313232422,-5.755939960479736,,,
85,214299,-0.04644651338458061,-5.762959003448486,-5.81956672668457,,,
85,214349,-0.04142732545733452,-5.713778018951416,-5.769869327545166,,,
85,214399,-0.0301625058054924,-5.71212100982666,-5.765380859375,,,
85,214449,-0.033763643354177475,-5.716792583465576,-5.768392086029053,,,
85,214499,-0.09258319437503815,-5.690950870513916,-5.752270221710205,,,
85,214549,-0.046589117497205734,-5.751757621765137,-5.805213451385498,,,
85,214599,-0.03982076421380043,-5.719478607177734,-5.776395320892334,,,
85,214649,-0.031095124781131744,-5.7637481689453125,-5.816803455352783,,,
85,214699,-0.031222227960824966,-5.675066947937012,-5.726593494415283,,,
85,214749,-0.04350102320313454,-5.667296409606934,-5.72899055480957,,,
85,214799,-0.03171940892934799,-5.708724021911621,-5.765866756439209,,,
85,214849,-0.0415714867413044,-5.689122200012207,-5.750524997711182,,,
85,214899,-0.02878238633275032,-5.687433242797852,-5.733080863952637,,,
85,214949,-0.03430894762277603,-5.721111297607422,-5.780878067016602,,,
85,214999,-0.027719924226403236,-5.752998352050781,-5.808029651641846,,,
85,214999,,,,-5.697702407836914,-5.715362071990967,-5.761276721954346
86,215049,-0.03042055480182171,-5.682252407073975,-5.737764835357666,,,
86,215099,-0.05957598239183426,-5.660054683685303,-5.710278034210205,,,
86,215149,-0.030648546293377876,-5.695672512054443,-5.753353118896484,,,
86,215199,-0.0341217927634716,-5.689042091369629,-5.747570514678955,,,
86,215249,-0.0290150698274374,-5.726804256439209,-5.774943828582764,,,
86,215299,-0.03360498696565628,-5.738319396972656,-5.803747653961182,,,
86,215349,-0.03211713582277298,-5.734343528747559,-5.791995048522949,,,
86,215399,-0.03380601853132248,-5.7043352127075195,-5.758939266204834,,,
86,215449,-0.020220670849084854,-5.7635979652404785,-5.810776233673096,,,
86,215499,-0.02997986227273941,-5.714919090270996,-5.764725208282471,,,
86,215549,-0.04527037590742111,-5.745079517364502,-5.812984943389893,,,
86,215599,-0.028083769604563713,-5.691224098205566,-5.750162124633789,,,
86,215649,-0.03668539598584175,-5.706316947937012,-5.759174823760986,,,
86,215699,-0.03586365282535553,-5.704133033752441,-5.755187034606934,,,
86,215749,-0.024002814665436745,-5.707368850708008,-5.755856990814209,,,
86,215799,-0.027730587869882584,-5.706535339355469,-5.766023635864258,,,
86,215849,-0.0456814244389534,-5.672389030456543,-5.721213340759277,,,
86,215899,-0.06239126995205879,-5.7349629402160645,-5.784002780914307,,,
86,215949,-0.049357157200574875,-5.7455902099609375,-5.794482707977295,,,
86,215999,-0.03899526223540306,-5.733747959136963,-5.78773832321167,,,
86,216049,-0.052143361419439316,-5.69697380065918,-5.762732982635498,,,
86,216099,-0.02795475348830223,-5.698721408843994,-5.748373985290527,,,
86,216149,-0.023833157494664192,-5.652115345001221,-5.705196857452393,,,
86,216199,-0.033046916127204895,-5.719061851501465,-5.772101879119873,,,
86,216249,-0.03833930939435959,-5.72526741027832,-5.787282466888428,,,
86,216299,-0.04874912276864052,-5.725296974182129,-5.789069652557373,,,
86,216349,-0.02939515747129917,-5.708856105804443,-5.762131690979004,,,
86,216399,-0.04120984300971031,-5.7482171058654785,-5.800426959991455,,,
86,216449,-0.027276691049337387,-5.720293045043945,-5.771193504333496,,,
86,216499,-0.04157812148332596,-5.744625568389893,-5.797631740570068,,,
86,216549,-0.05058323219418526,-5.740331649780273,-5.801121234893799,,,
86,216599,-0.045870088040828705,-5.711799621582031,-5.75712776184082,,,
86,216649,-0.03459884226322174,-5.67232608795166,-5.710044860839844,,,
86,216699,-0.042193975299596786,-5.739060401916504,-5.797062873840332,,,
86,216749,-0.0337495282292366,-5.732378005981445,-5.795718193054199,,,
86,216799,-0.03301791474223137,-5.782853126525879,-5.83419132232666,,,
86,216849,-0.03767850622534752,-5.667464256286621,-5.723989009857178,,,
86,216899,-0.03194165602326393,-5.675985813140869,-5.724363803863525,,,
86,216949,-0.0322052463889122,-5.740426063537598,-5.798296928405762,,,
86,216999,-0.033314019441604614,-5.771084785461426,-5.832958698272705,,,
86,217049,-0.026886215433478355,-5.735743522644043,-5.787315368652344,,,
86,217099,-0.05096082389354706,-5.748954772949219,-5.803105354309082,,,
86,217149,-0.06193023920059204,-5.733007907867432,-5.792869567871094,,,
86,217199,-0.05289161950349808,-5.684268474578857,-5.74531364440918,,,
86,217249,-0.02331688068807125,-5.6510467529296875,-5.698492527008057,,,
86,217299,-0.023876070976257324,-5.759451389312744,-5.815706729888916,,,
86,217349,-0.027145273983478546,-5.754859447479248,-5.802324295043945,,,
86,217399,-0.035444725304841995,-5.696707725524902,-5.757242679595947,,,
86,217449,-0.046580970287323,-5.677353858947754,-5.727450370788574,,,
86,217499,-0.050735052675008774,-5.750783443450928,-5.807692527770996,,,
86,217499,,,,-5.698203086853027,-5.7144551277160645,-5.758653163909912
87,217549,-0.05485966429114342,-5.74399471282959,-5.805091381072998,,,
87,217599,-0.03728707879781723,-5.732032775878906,-5.790719985961914,,,
87,217649,-0.03223343938589096,-5.711457252502441,-5.7561211585998535,,,
87,217699,-0.03000914305448532,-5.714951515197754,-5.7668046951293945,,,
87,217749,-0.037698984146118164,-5.679315567016602,-5.728496074676514,,,
87,217799,-0.023447060957551003,-5.727875232696533,-5.773157596588135,,,
87,217849,-0.040557146072387695,-5.699119567871094,-5.758006572723389,,,
87,217899,-0.05458216369152069,-5.697226524353027,-5.751382350921631,,,
87,217949,-0.030721871182322502,-5.682058811187744,-5.733279705047607,,,
87,217999,-0.0366092212498188,-5.6952805519104,-5.743786334991455,,,
87,218049,-0.03386411443352699,-5.710378646850586,-5.769315242767334,,,
87,218099,-0.0444670245051384,-5.688674449920654,-5.750334739685059,,,
87,218149,-0.028510617092251778,-5.728002071380615,-5.777750015258789,,,
87,218199,-0.032999437302351,-5.685732841491699,-5.73603630065918,,,
87,218249,-0.030539920553565025,-5.721160411834717,-5.775201320648193,,,
87,218299,-0.03993076831102371,-5.69480037689209,-5.752281188964844,,,
87,218349,-0.03571482002735138,-5.721051216125488,-5.773350715637207,,,
87,218399,-0.041424497961997986,-5.685239791870117,-5.741459846496582,,,
87,218449,-0.02192106284201145,-5.695046424865723,-5.742455959320068,,,
87,218499,-0.06068618595600128,-5.6986188888549805,-5.754643440246582,,,
87,218549,-0.02598736248910427,-5.697697162628174,-5.741318225860596,,,
87,218599,-0.041219718754291534,-5.7315545082092285,-5.790439128875732,,,
87,218649,-0.03550393879413605,-5.7026519775390625,-5.759246826171875,,,
87,218699,-0.032231733202934265,-5.73629093170166,-5.7901835441589355,,,
87,218749,-0.03819529339671135,-5.691325664520264,-5.742495059967041,,,
87,218799,-0.03407517075538635,-5.732908248901367,-5.791705131530762,,,
87,218849,-0.040381401777267456,-5.729597091674805,-5.786888122558594,,,
87,218899,-0.038844119757413864,-5.6800713539123535,-5.74323844909668,,,
87,218949,-0.03939294442534447,-5.700658798217773,-5.762955188751221,,,
87,218999,-0.0541636124253273,-5.66116189956665,-5.721467971801758,,,
87,219049,-0.03650563955307007,-5.727910995483398,-5.789771556854248,,,
87,219099,-0.03927544876933098,-5.739197731018066,-5.796012878417969,,,
87,219149,-0.04737665131688118,-5.694864273071289,-5.747795104980469,,,
87,219199,-0.03327318653464317,-5.672059059143066,-5.7299675941467285,,,
87,219249,-0.026064414530992508,-5.736823081970215,-5.798868179321289,,,
87,219299,-0.0459434911608696,-5.709792137145996,-5.764965534210205,,,
87,219349,-0.03092357888817787,-5.725825309753418,-5.779623508453369,,,
87,219399,-0.057024035602808,-5.712061882019043,-5.762524127960205,,,
87,219449,-0.04239799082279205,-5.785398006439209,-5.8433051109313965,,,
87,219499,-0.030795542523264885,-5.716969966888428,-5.773221969604492,,,
87,219549,-0.033649906516075134,-5.742082595825195,-5.796814918518066,,,
87,219599,-0.025865839794278145,-5.7762274742126465,-5.828190803527832,,,
87,219649,-0.050075728446245193,-5.702922344207764,-5.759096145629883,,,
87,219699,-0.02996755577623844,-5.713720321655273,-5.762362003326416,,,
87,219749,-0.03126201778650284,-5.746679306030273,-5.812305927276611,,,
87,219799,-0.02768765576183796,-5.736234664916992,-5.784021854400635,,,
87,219849,-0.03324638679623604,-5.735818862915039,-5.790512561798096,,,
87,219899,-0.03666205331683159,-5.749690055847168,-5.8008012771606445,,,
87,219949,-0.026483645662665367,-5.72563362121582,-5.770705223083496,,,
87,219999,-0.02892886847257614,-5.666706085205078,-5.734790325164795,,,
87,219999,,,,-5.698394775390625,-5.715897083282471,-5.760733127593994
88,220049,-0.03000497817993164,-5.694417953491211,-5.745444297790527,,,
88,220099,-0.036434926092624664,-5.713135719299316,-5.767630577087402,,,
88,220149,-0.033218733966350555,-5.7464118003845215,-5.789251804351807,,,
88,220199,-0.034938838332891464,-5.767390251159668,-5.83879280090332,,,
88,220249,-0.03987511619925499,-5.729524612426758,-5.78480863571167,,,
88,220299,-0.034520473331213,-5.7518510818481445,-5.810549736022949,,,
88,220349,-0.038839153945446014,-5.709425926208496,-5.766044616699219,,,
88,220399,-0.028735555708408356,-5.661043167114258,-5.711155891418457,,,
88,220449,-0.04888702183961868,-5.763898849487305,-5.82842493057251,,,
88,220499,-0.02936103567481041,-5.688608169555664,-5.736550807952881,,,
88,220549,-0.034685444086790085,-5.75651216506958,-5.812941551208496,,,
88,220599,-0.03538409620523453,-5.684780597686768,-5.73089599609375,,,
88,220649,-0.036953285336494446,-5.683404922485352,-5.739706516265869,,,
88,220699,-0.030044879764318466,-5.744527816772461,-5.80018424987793,,,
88,220749,-0.050935856997966766,-5.735789775848389,-5.794104099273682,,,
88,220799,-0.04722723737359047,-5.712584018707275,-5.773138523101807,,,
88,220849,-0.03340741619467735,-5.708907604217529,-5.76714563369751,,,
88,220899,-0.037162914872169495,-5.740379810333252,-5.791238307952881,,,
88,220949,-0.04151220619678497,-5.72812557220459,-5.796426773071289,,,
88,220999,-0.027485568076372147,-5.684778213500977,-5.748291015625,,,
88,221049,-0.03289666399359703,-5.7096147537231445,-5.76408052444458,,,
88,221099,-0.03533725067973137,-5.718526840209961,-5.782174587249756,,,
88,221149,-0.032124586403369904,-5.689734935760498,-5.7459635734558105,,,
88,221199,-0.023469485342502594,-5.704773426055908,-5.749743938446045,,,
88,221249,-0.0493055060505867,-5.787818908691406,-5.8493332862854,,,
88,221299,-0.044849175959825516,-5.745417594909668,-5.805446624755859,,,
88,221349,-0.04045921191573143,-5.696870803833008,-5.756616115570068,,,
88,221399,-0.037201881408691406,-5.656775951385498,-5.710678577423096,,,
88,221449,-0.033514685928821564,-5.765793800354004,-5.819247722625732,,,
88,221499,-0.032903824001550674,-5.723085403442383,-5.780671119689941,,,
88,221549,-0.026401251554489136,-5.720634460449219,-5.762094497680664,,,
88,221599,-0.044320110231637955,-5.736515998840332,-5.78908109664917,,,
88,221649,-0.01819743774831295,-5.73409366607666,-5.783088207244873,,,
88,221699,-0.04040110856294632,-5.747091293334961,-5.80828857421875,,,
88,221749,-0.037682756781578064,-5.74479866027832,-5.805349826812744,,,
88,221799,-0.02874358370900154,-5.656085968017578,-5.701852798461914,,,
88,221849,-0.031978484243154526,-5.731767654418945,-5.79518461227417,,,
88,221899,-0.028399460017681122,-5.765851974487305,-5.825596332550049,,,
88,221949,-0.042150843888521194,-5.749755859375,-5.802846431732178,,,
88,221999,-0.046767186373472214,-5.680393218994141,-5.734164714813232,,,
88,222049,-0.03672558069229126,-5.722499847412109,-5.772993087768555,,,
88,222099,-0.0315055213868618,-5.76942253112793,-5.827365398406982,,,
88,222149,-0.040230587124824524,-5.641282558441162,-5.697999000549316,,,
88,222199,-0.03877856954932213,-5.752704620361328,-5.803598403930664,,,
88,222249,-0.03680296242237091,-5.695080757141113,-5.7447991371154785,,,
88,222299,-0.02210676111280918,-5.689031600952148,-5.742045879364014,,,
88,222349,-0.035773616284132004,-5.696059226989746,-5.757512092590332,,,
88,222399,-0.04593148082494736,-5.716279983520508,-5.771420001983643,,,
88,222449,-0.04378453642129898,-5.664292335510254,-5.721669673919678,,,
88,222499,-0.032607097178697586,-5.720798492431641,-5.770020484924316,,,
88,222499,,,,-5.697826385498047,-5.7141852378845215,-5.7584404945373535
89,222549,-0.041308093816041946,-5.662996292114258,-5.722652435302734,,,
89,222599,-0.040821537375450134,-5.697434425354004,-5.753434181213379,,,
89,222649,-0.026191750541329384,-5.705427169799805,-5.753637790679932,,,
89,222699,-0.022245101630687714,-5.690666198730469,-5.744917869567871,,,
89,222749,-0.044800687581300735,-5.680824279785156,-5.736084938049316,,,
89,222799,-0.03564860299229622,-5.74869441986084,-5.80659294128418,,,
89,222849,-0.031219014897942543,-5.741813659667969,-5.797034740447998,,,
89,222899,-0.044732436537742615,-5.725366592407227,-5.789038181304932,,,
89,222949,-0.02358265407383442,-5.638948440551758,-5.6879096031188965,,,
89,222999,-0.03172383829951286,-5.688021659851074,-5.738869667053223,,,
89,223049,-0.033446427434682846,-5.780889511108398,-5.835009574890137,,,
89,223099,-0.029177436605095863,-5.68719482421875,-5.733300685882568,,,
89,223149,-0.04089202359318733,-5.704041481018066,-5.7627739906311035,,,
89,223199,-0.039980072528123856,-5.7314910888671875,-5.789566516876221,,,
89,223249,-0.033538587391376495,-5.680451393127441,-5.72954797744751,,,
89,223299,-0.039515893906354904,-5.681938648223877,-5.738821506500244,,,
89,223349,-0.03711232170462608,-5.687934875488281,-5.741791725158691,,,
89,223399,-0.041035450994968414,-5.736505508422852,-5.790469646453857,,,
89,223449,-0.03153233602643013,-5.7065582275390625,-5.761394023895264,,,
89,223499,-0.07607217133045197,-5.706853866577148,-5.760249614715576,,,
89,223549,-0.04337350279092789,-5.656970977783203,-5.708743572235107,,,
89,223599,-0.06121765449643135,-5.688338279724121,-5.746541500091553,,,
89,223649,-0.04176641255617142,-5.734485626220703,-5.790286540985107,,,
89,223699,-0.03908151760697365,-5.721920967102051,-5.76911735534668,,,
89,223749,-0.02386646158993244,-5.661188125610352,-5.7163987159729,,,
89,223799,-0.035200249403715134,-5.749735355377197,-5.79538631439209,,,
89,223849,-0.04346821829676628,-5.7410783767700195,-5.797270774841309,,,
89,223899,-0.034863512963056564,-5.709959030151367,-5.760825157165527,,,
89,223949,-0.040138281881809235,-5.7532453536987305,-5.805602073669434,,,
89,223999,-0.036873798817396164,-5.756644248962402,-5.81256103515625,,,
89,224049,-0.0257812961935997,-5.74553918838501,-5.807979583740234,,,
89,224099,-0.021158447489142418,-5.697963237762451,-5.750646114349365,,,
89,224149,-0.04460499808192253,-5.714896202087402,-5.7627081871032715,,,
89,224199,-0.028652552515268326,-5.667243003845215,-5.710389137268066,,,
89,224249,-0.0640888512134552,-5.736603736877441,-5.790230751037598,,,
89,224299,-0.031092526391148567,-5.704334735870361,-5.76404333114624,,,
89,224349,-0.042289551347494125,-5.728029251098633,-5.782446384429932,,,
89,224399,-0.041253428906202316,-5.717189788818359,-5.768877983093262,,,
89,224449,-0.031238993629813194,-5.727291107177734,-5.786501884460449,,,
89,224499,-0.021414197981357574,-5.78426456451416,-5.832618713378906,,,
89,224549,-0.0416325181722641,-5.705349922180176,-5.757162570953369,,,
89,224599,-0.03548940643668175,-5.722804546356201,-5.781822204589844,,,
89,224649,-0.042021654546260834,-5.71445369720459,-5.761780738830566,,,
89,224699,-0.035292819142341614,-5.796889781951904,-5.853282928466797,,,
89,224749,-0.03318832442164421,-5.717891216278076,-5.770706653594971,,,
89,224799,-0.029243145138025284,-5.646928787231445,-5.695933818817139,,,
89,224849,-0.03316342458128929,-5.718526363372803,-5.7682013511657715,,,
89,224899,-0.044969454407691956,-5.742319107055664,-5.794621467590332,,,
89,224949,-0.043657369911670685,-5.692272186279297,-5.752425193786621,,,
89,224999,-0.026533139869570732,-5.675127029418945,-5.724546909332275,,,
89,224999,,,,-5.697753429412842,-5.715372085571289,-5.759583950042725
90,225049,-0.05212877690792084,-5.798059463500977,-5.855556488037109,,,
90,225099,-0.02816075272858143,-5.717008590698242,-5.764740943908691,,,
90,225149,-0.04483174532651901,-5.772696495056152,-5.83068323135376,,,
90,225199,-0.028798704966902733,-5.695354461669922,-5.749636173248291,,,
90,225249,-0.021979641169309616,-5.680954933166504,-5.728804588317871,,,
90,225299,-0.048161424696445465,-5.662491321563721,-5.711414813995361,,,
90,225349,-0.039321158081293106,-5.697962760925293,-5.758521556854248,,,
90,225399,-0.02832312509417534,-5.705741882324219,-5.755438327789307,,,
90,225449,-0.02687092311680317,-5.709114074707031,-5.765851974487305,,,
90,225499,-0.03877660632133484,-5.699080467224121,-5.750090599060059,,,
90,225549,-0.025937318801879883,-5.716667175292969,-5.763298988342285,,,
90,225599,-0.04084073752164841,-5.71906852722168,-5.773327350616455,,,
90,225649,-0.04267529398202896,-5.703193187713623,-5.75260591506958,,,
90,225699,-0.05194266140460968,-5.682487487792969,-5.733493328094482,,,
90,225749,-0.027914971113204956,-5.743702411651611,-5.795619964599609,,,
90,225799,-0.027768321335315704,-5.745423793792725,-5.801484107971191,,,
90,225849,-0.025582339614629745,-5.740813732147217,-5.793160438537598,,,
90,225899,-0.03796381875872612,-5.737514019012451,-5.787214279174805,,,
90,225949,-0.02378261089324951,-5.649724006652832,-5.697378635406494,,,
90,225999,-0.02602269873023033,-5.678276062011719,-5.726674556732178,,,
90,226049,-0.04030082747340202,-5.722835540771484,-5.781820774078369,,,
90,226099,-0.029154472053050995,-5.670379638671875,-5.722734451293945,,,
90,226149,-0.04774731025099754,-5.718125343322754,-5.778565406799316,,,
90,226199,-0.03403947874903679,-5.713787078857422,-5.764160633087158,,,
90,226249,-0.04247479513287544,-5.730029106140137,-5.78346061706543,,,
90,226299,-0.0337076261639595,-5.729880332946777,-5.781518459320068,,,
90,226349,-0.0343276746571064,-5.752724647521973,-5.807972431182861,,,
90,226399,-0.04056231305003166,-5.703000068664551,-5.758624076843262,,,
90,226449,-0.026402391493320465,-5.709722518920898,-5.7621660232543945,,,
90,226499,-0.054105594754219055,-5.65853214263916,-5.710733413696289,,,
90,226549,-0.03971785679459572,-5.709932327270508,-5.757736682891846,,,
90,226599,-0.02874501422047615,-5.724715232849121,-5.773745536804199,,,
90,226649,-0.05366082862019539,-5.672741889953613,-5.725013256072998,,,
90,226699,-0.031340837478637695,-5.708853721618652,-5.7566962242126465,,,
90,226749,-0.03651682659983635,-5.701014518737793,-5.75522518157959,,,
90,226799,-0.027581939473748207,-5.722467422485352,-5.770054817199707,,,
90,226849,-0.02698703669011593,-5.719633102416992,-5.763181209564209,,,
90,226899,-0.03660672903060913,-5.712563991546631,-5.767083644866943,,,
90,226949,-0.036159317940473557,-5.678200721740723,-5.728499412536621,,,
90,226999,-0.04360486939549446,-5.751333236694336,-5.799703121185303,,,
90,227049,-0.02973335050046444,-5.729662895202637,-5.788277626037598,,,
90,227099,-0.07896342128515244,-5.7295637130737305,-5.78741455078125,,,
90,227149,-0.05983584374189377,-5.750149250030518,-5.8061137199401855,,,
90,227199,-0.03176772594451904,-5.719300270080566,-5.788825988769531,,,
90,227249,-0.04210032522678375,-5.653239727020264,-5.708006858825684,,,
90,227299,-0.03179262951016426,-5.715250492095947,-5.765010356903076,,,
90,227349,-0.024679893627762794,-5.739071369171143,-5.78892183303833,,,
90,227399,-0.02626439556479454,-5.725175380706787,-5.776103496551514,,,
90,227449,-0.04474271833896637,-5.735816955566406,-5.791954040527344,,,
90,227499,-0.043701060116291046,-5.7288818359375,-5.781876087188721,,,
90,227499,,,,-5.697262287139893,-5.713362693786621,-5.75677490234375
91,227549,-0.043509677052497864,-5.714781284332275,-5.770151615142822,,,
91,227599,-0.04920990765094757,-5.698410987854004,-5.758437156677246,,,
91,227649,-0.04081513732671738,-5.7629714012146,-5.821664810180664,,,
91,227699,-0.03403790295124054,-5.677006721496582,-5.728689670562744,,,
91,227749,-0.02881786599755287,-5.681381702423096,-5.730384349822998,,,
91,227799,-0.038281429558992386,-5.724397659301758,-5.782314300537109,,,
91,227849,-0.029131872579455376,-5.702653408050537,-5.760504245758057,,,
91,227899,-0.03256997838616371,-5.731398582458496,-5.790734767913818,,,
91,227949,-0.04280632734298706,-5.674524307250977,-5.7268242835998535,,,
91,227999,-0.06960771232843399,-5.709959030151367,-5.765039920806885,,,
91,228049,-0.03268999978899956,-5.6841278076171875,-5.737975120544434,,,
91,228099,-0.030816983431577682,-5.708460807800293,-5.76220703125,,,
91,228149,-0.028728248551487923,-5.73785924911499,-5.787173748016357,,,
91,228199,-0.027753237634897232,-5.752083778381348,-5.817408084869385,,,
91,228249,-0.042962417006492615,-5.750323295593262,-5.811441421508789,,,
91,228299,-0.03619401529431343,-5.728962421417236,-5.786931037902832,,,
91,228349,-0.024285757914185524,-5.756038665771484,-5.8064751625061035,,,
91,228399,-0.03410852700471878,-5.721095085144043,-5.782451152801514,,,
91,228449,-0.03249058127403259,-5.70979642868042,-5.762002944946289,,,
91,228499,-0.04173571616411209,-5.69751501083374,-5.756999969482422,,,
91,228549,-0.024682439863681793,-5.733577728271484,-5.7855963706970215,,,
91,228599,-0.026642510667443275,-5.692663192749023,-5.735962390899658,,,
91,228649,-0.03262146934866905,-5.69251823425293,-5.742168426513672,,,
91,228699,-0.02480330504477024,-5.716252326965332,-5.764611721038818,,,
91,228749,-0.04169534146785736,-5.700489044189453,-5.752726078033447,,,
91,228799,-0.027225593104958534,-5.765904426574707,-5.821829319000244,,,
91,228849,-0.029264044016599655,-5.681521892547607,-5.727688312530518,,,
91,228899,-0.03345957770943642,-5.737687110900879,-5.79273796081543,,,
91,228949,-0.07164871692657471,-5.719727516174316,-5.788891315460205,,,
91,228999,-0.023180650547146797,-5.674368858337402,-5.722992897033691,,,
91,229049,-0.0360071137547493,-5.742523670196533,-5.796295642852783,,,
91,229099,-0.04306469485163689,-5.704105377197266,-5.7548065185546875,,,
91,229149,-0.056364092975854874,-5.771235466003418,-5.83747673034668,,,
91,229199,-0.032465748488903046,-5.721838474273682,-5.76380729675293,,,
91,229249,-0.02506520226597786,-5.705265045166016,-5.756968975067139,,,
91,229299,-0.07742713391780853,-5.6788716316223145,-5.741236209869385,,,
91,229349,-0.02541268803179264,-5.695384979248047,-5.747808933258057,,,
91,229399,-0.030288606882095337,-5.726271629333496,-5.77838134765625,,,
91,229449,-0.05553242191672325,-5.703976154327393,-5.757321834564209,,,
91,229499,-0.029056165367364883,-5.693230152130127,-5.749296188354492,,,
91,229549,-0.04566972702741623,-5.70647668838501,-5.765089988708496,,,
91,229599,-0.04395543038845062,-5.697747230529785,-5.751789569854736,,,
91,229649,-0.06056807562708855,-5.728743553161621,-5.796012878417969,,,
91,229699,-0.03484446555376053,-5.73246431350708,-5.781033992767334,,,
91,229749,-0.026822589337825775,-5.720101833343506,-5.771232604980469,,,
91,229799,-0.03472180664539337,-5.7133989334106445,-5.774209499359131,,,
91,229849,-0.04631071910262108,-5.714427471160889,-5.764368534088135,,,
91,229899,-0.03356601297855377,-5.609879016876221,-5.650678634643555,,,
91,229949,-0.027756474912166595,-5.717624187469482,-5.773797512054443,,,
91,229999,-0.04433290287852287,-5.661630630493164,-5.721292495727539,,,
91,229999,,,,-5.697508335113525,-5.713047027587891,-5.756997108459473
92,230049,-0.032504402101039886,-5.7079877853393555,-5.762990474700928,,,
92,230099,-0.02932594157755375,-5.728931427001953,-5.783242702484131,,,
92,230149,-0.05827048793435097,-5.748793601989746,-5.806357383728027,,,
92,230199,-0.02930806763470173,-5.715457439422607,-5.776587963104248,,,
92,230249,-0.025810400024056435,-5.682971954345703,-5.740245819091797,,,
92,230299,-0.030828645452857018,-5.7055230140686035,-5.754576206207275,,,
92,230349,-0.03340956196188927,-5.702718257904053,-5.763033390045166,,,
92,230399,-0.03327838331460953,-5.69212532043457,-5.739498138427734,,,
92,230449,-0.03399873152375221,-5.681985855102539,-5.737156867980957,,,
92,230499,-0.0475323386490345,-5.695645332336426,-5.74876594543457,,,
92,230549,-0.028103122487664223,-5.642931938171387,-5.697499752044678,,,
92,230599,-0.032922085374593735,-5.69875431060791,-5.748140811920166,,,
92,230649,-0.024790151044726372,-5.752573013305664,-5.801415920257568,,,
92,230699,-0.03756480664014816,-5.696906089782715,-5.750611305236816,,,
92,230749,-0.041135672479867935,-5.7352800369262695,-5.798354148864746,,,
92,230799,-0.02625468745827675,-5.740978240966797,-5.789967060089111,,,
92,230849,-0.022439373657107353,-5.726659774780273,-5.779959678649902,,,
92,230899,-0.028218038380146027,-5.753743648529053,-5.802149295806885,,,
92,230949,-0.035734038800001144,-5.699346542358398,-5.75145959854126,,,
92,230999,-0.02489183284342289,-5.7194294929504395,-5.775071144104004,,,
92,231049,-0.061969783157110214,-5.68536901473999,-5.735629558563232,,,
92,231099,-0.0525481253862381,-5.718938827514648,-5.768304347991943,,,
92,231149,-0.03590227663516998,-5.725473403930664,-5.779253959655762,,,
92,231199,-0.050929583609104156,-5.697926998138428,-5.749767780303955,,,
92,231249,-0.02382744662463665,-5.7119879722595215,-5.767631530761719,,,
92,231299,-0.05218584090471268,-5.681997299194336,-5.7397613525390625,,,
92,231349,-0.04628093168139458,-5.717669486999512,-5.783473968505859,,,
92,231399,-0.022494420409202576,-5.706907272338867,-5.751279354095459,,,
92,231449,-0.036777399480342865,-5.745508193969727,-5.799239158630371,,,
92,231499,-0.045762497931718826,-5.6787309646606445,-5.735193252563477,,,
92,231549,-0.024487590417265892,-5.686162948608398,-5.733957290649414,,,
92,231599,-0.03550098463892937,-5.787892818450928,-5.845078468322754,,,
92,231649,-0.04389958456158638,-5.634628772735596,-5.691040992736816,,,
92,231699,-0.0442131906747818,-5.702085494995117,-5.757315158843994,,,
92,231749,-0.04301789775490761,-5.694060325622559,-5.751296043395996,,,
92,231799,-0.03444603458046913,-5.705015182495117,-5.756677150726318,,,
92,231849,-0.032860253006219864,-5.706791877746582,-5.758331298828125,,,
92,231899,-0.05139746516942978,-5.7119269371032715,-5.765341281890869,,,
92,231949,-0.03647536039352417,-5.708394527435303,-5.765212059020996,,,
92,231999,-0.03732304647564888,-5.668455600738525,-5.719916343688965,,,
92,232049,-0.028308825567364693,-5.735232830047607,-5.786857604980469,,,
92,232099,-0.03464806452393532,-5.689423561096191,-5.739473819732666,,,
92,232149,-0.056325092911720276,-5.739740371704102,-5.795392990112305,,,
92,232199,-0.025748636573553085,-5.680000305175781,-5.726099491119385,,,
92,232249,-0.050453852862119675,-5.738469123840332,-5.797375202178955,,,
92,232299,-0.047640666365623474,-5.735922813415527,-5.793912410736084,,,
92,232349,-0.04379025474190712,-5.717643737792969,-5.772211074829102,,,
92,232399,-0.029047507792711258,-5.687480926513672,-5.735634803771973,,,
92,232449,-0.03550415113568306,-5.7335357666015625,-5.785174369812012,,,
92,232499,-0.03796422481536865,-5.716095447540283,-5.773564338684082,,,
92,232499,,,,-5.697355270385742,-5.71437406539917,-5.758817195892334
93,232549,-0.028832506388425827,-5.729213714599609,-5.785266399383545,,,
93,232599,-0.030888432636857033,-5.754654407501221,-5.80000638961792,,,
93,232649,-0.034220874309539795,-5.718689918518066,-5.768835544586182,,,
93,232699,-0.026013733819127083,-5.654976844787598,-5.695784568786621,,,
93,232749,-0.037162020802497864,-5.705635070800781,-5.760818958282471,,,
93,232799,-0.030607251450419426,-5.703591346740723,-5.754311561584473,,,
93,232849,-0.02970413863658905,-5.636954307556152,-5.680781841278076,,,
93,232899,-0.05251162871718407,-5.7931108474731445,-5.851511001586914,,,
93,232949,-0.040951285511255264,-5.672664642333984,-5.727108001708984,,,
93,232999,-0.036352064460515976,-5.724440097808838,-5.782543659210205,,,
93,233049,-0.027682576328516006,-5.711841106414795,-5.758026123046875,,,
93,233099,-0.03761438652873039,-5.764565467834473,-5.823561668395996,,,
93,233149,-0.027768738567829132,-5.718936920166016,-5.768731594085693,,,
93,233199,-0.030893033370375633,-5.748512268066406,-5.805389881134033,,,
93,233249,-0.03482523187994957,-5.7026214599609375,-5.749665260314941,,,
93,233299,-0.03478222340345383,-5.692334175109863,-5.744451999664307,,,
93,233349,-0.046321332454681396,-5.699916839599609,-5.753451824188232,,,
93,233399,-0.044607918709516525,-5.6969451904296875,-5.756189346313477,,,
93,233449,-0.024932319298386574,-5.713118076324463,-5.761377334594727,,,
93,233499,-0.04095660150051117,-5.698851585388184,-5.754414081573486,,,
93,233549,-0.029331408441066742,-5.691863059997559,-5.74700403213501,,,
93,233599,-0.030838241800665855,-5.659379005432129,-5.714383602142334,,,
93,233649,-0.03240963816642761,-5.7816290855407715,-5.832131862640381,,,
93,233699,-0.028178982436656952,-5.680171966552734,-5.723203659057617,,,
93,233749,-0.04126749560236931,-5.73690938949585,-5.787465572357178,,,
93,233799,-0.030725106596946716,-5.761265754699707,-5.811471462249756,,,
93,233849,-0.04315899685025215,-5.6935133934021,-5.748342990875244,,,
93,233899,-0.04064229875802994,-5.698634624481201,-5.763214111328125,,,
93,233949,-0.0533241368830204,-5.7071533203125,-5.755568504333496,,,
93,233999,-0.04104229807853699,-5.77933406829834,-5.840117454528809,,,
93,234049,-0.047172240912914276,-5.758025169372559,-5.811893939971924,,,
93,234099,-0.029505925253033638,-5.711636543273926,-5.761226654052734,,,
93,234149,-0.030232366174459457,-5.734845161437988,-5.7842607498168945,,,
93,234199,-0.034750450402498245,-5.706601142883301,-5.757658958435059,,,
93,234249,-0.021971020847558975,-5.717015743255615,-5.761019229888916,,,
93,234299,-0.02791016548871994,-5.720561981201172,-5.768861770629883,,,
93,234349,-0.02843906730413437,-5.735067367553711,-5.78659725189209,,,
93,234399,-0.04036489874124527,-5.726101875305176,-5.782010555267334,,,
93,234449,-0.03729485347867012,-5.715474605560303,-5.772144794464111,,,
93,234499,-0.02993757650256157,-5.721161842346191,-5.765520095825195,,,
93,234549,-0.03807874768972397,-5.726128578186035,-5.784359455108643,,,
93,234599,-0.03923801705241203,-5.773244857788086,-5.821457386016846,,,
93,234649,-0.039842307567596436,-5.731624603271484,-5.785682201385498,,,
93,234699,-0.03857012093067169,-5.660399913787842,-5.707986831665039,,,
93,234749,-0.04200845584273338,-5.671172142028809,-5.719413757324219,,,
93,234799,-0.04801633581519127,-5.766622543334961,-5.823616981506348,,,
93,234849,-0.034883007407188416,-5.717197418212891,-5.782963752746582,,,
93,234899,-0.02830560877919197,-5.755245208740234,-5.815766334533691,,,
93,234949,-0.03873870149254799,-5.680917739868164,-5.737885475158691,,,
93,234999,-0.03825300186872482,-5.763256072998047,-5.820700645446777,,,
93,234999,,,,-5.696674823760986,-5.713155746459961,-5.758452415466309
94,235049,-0.024101318791508675,-5.703560829162598,-5.758399963378906,,,
94,235099,-0.03658758103847504,-5.738292217254639,-5.794004917144775,,,
94,235149,-0.05697675049304962,-5.733020782470703,-5.785658836364746,,,
94,235199,-0.03259779512882233,-5.678545951843262,-5.722763538360596,,,
94,235249,-0.03668363019824028,-5.690472602844238,-5.746307373046875,,,
94,235299,-0.03265994414687157,-5.706155776977539,-5.757850170135498,,,
94,235349,-0.04176739603281021,-5.707458972930908,-5.76453971862793,,,
94,235399,-0.04024245962500572,-5.71523380279541,-5.766979217529297,,,
94,235449,-0.047870077192783356,-5.715883255004883,-5.776023864746094,,,
94,235499,-0.030811958014965057,-5.722800254821777,-5.772169589996338,,,
94,235549,-0.03211655840277672,-5.701350688934326,-5.760401248931885,,,
94,235599,-0.03492489084601402,-5.6880011558532715,-5.742909908294678,,,
94,235649,-0.042619671672582626,-5.687010765075684,-5.745913505554199,,,
94,235699,-0.04305947199463844,-5.715526103973389,-5.768988132476807,,,
94,235749,-0.04308173060417175,-5.703643798828125,-5.753237247467041,,,
94,235799,-0.03623221814632416,-5.776737213134766,-5.830473899841309,,,
94,235849,-0.03477965295314789,-5.707786560058594,-5.765665531158447,,,
94,235899,-0.026763729751110077,-5.686076641082764,-5.73823356628418,,,
94,235949,-0.02292516641318798,-5.670680999755859,-5.721090793609619,,,
94,235999,-0.030167175456881523,-5.703096866607666,-5.748261451721191,,,
94,236049,-0.028737863525748253,-5.735827445983887,-5.781797409057617,,,
94,236099,-0.019911842420697212,-5.6447529792785645,-5.698060989379883,,,
94,236149,-0.022070126608014107,-5.700587272644043,-5.751631736755371,,,
94,236199,-0.03149346634745598,-5.711950302124023,-5.768784523010254,,,
94,236249,-0.04079500585794449,-5.685567855834961,-5.740750789642334,,,
94,236299,-0.03460567817091942,-5.715201377868652,-5.763208866119385,,,
94,236349,-0.037768200039863586,-5.64953088760376,-5.706059455871582,,,
94,236399,-0.04313283786177635,-5.715700149536133,-5.781931400299072,,,
94,236449,-0.02227431908249855,-5.676721572875977,-5.719456672668457,,,
94,236499,-0.024632491171360016,-5.7475361824035645,-5.797760963439941,,,
94,236549,-0.03295232728123665,-5.746223449707031,-5.799151420593262,,,
94,236599,-0.03540014103055,-5.731995105743408,-5.787059783935547,,,
94,236649,-0.024845322594046593,-5.694241046905518,-5.740659236907959,,,
94,236699,-0.037990354001522064,-5.724069595336914,-5.778360366821289,,,
94,236749,-0.03661056607961655,-5.7061872482299805,-5.753497123718262,,,
94,236799,-0.029376238584518433,-5.753092288970947,-5.817945957183838,,,
94,236849,-0.04878635331988335,-5.772736549377441,-5.825634002685547,,,
94,236899,-0.03717271611094475,-5.71347713470459,-5.762834548950195,,,
94,236949,-0.06015357747673988,-5.740788459777832,-5.8021135330200195,,,
94,236999,-0.03413420915603638,-5.751950263977051,-5.804152011871338,,,
94,237049,-0.03724413365125656,-5.74092960357666,-5.792419910430908,,,
94,237099,-0.04550828039646149,-5.687877655029297,-5.743195533752441,,,
94,237149,-0.03362330421805382,-5.739718437194824,-5.792020320892334,,,
94,237199,-0.0401296503841877,-5.701895713806152,-5.756494998931885,,,
94,237249,-0.04920845106244087,-5.712592124938965,-5.770871639251709,,,
94,237299,-0.03270520269870758,-5.708626747131348,-5.76322078704834,,,
94,237349,-0.02235092781484127,-5.703303337097168,-5.748742580413818,,,
94,237399,-0.021883049979805946,-5.7791748046875,-5.82282829284668,,,
94,237449,-0.033085692673921585,-5.703250408172607,-5.754037380218506,,,
94,237499,-0.04040006175637245,-5.692564010620117,-5.743353366851807,,,
94,237499,,,,-5.697456359863281,-5.713383197784424,-5.757404327392578
95,237549,-0.028046531602740288,-5.688464164733887,-5.739750385284424,,,
95,237599,-0.04119311645627022,-5.682088851928711,-5.736354827880859,,,
95,237649,-0.025973601266741753,-5.76911735534668,-5.823863983154297,,,
95,237699,-0.03331371396780014,-5.729522705078125,-5.790388107299805,,,
95,237749,-0.04323925822973251,-5.707880973815918,-5.755897521972656,,,
95,237799,-0.03598572313785553,-5.733724117279053,-5.794318199157715,,,
95,237849,-0.0322866290807724,-5.684457302093506,-5.735138893127441,,,
95,237899,-0.03290729597210884,-5.738827705383301,-5.793684959411621,,,
95,237949,-0.050115447491407394,-5.7294158935546875,-5.792770862579346,,,
95,237999,-0.03616992384195328,-5.64622163772583,-5.692760944366455,,,
95,238049,-0.026317214593291283,-5.629079818725586,-5.684042453765869,,,
95,238099,-0.03225081041455269,-5.736374378204346,-5.785747051239014,,,
95,238149,-0.04064987227320671,-5.719175815582275,-5.764258861541748,,,
95,238199,-0.028892621397972107,-5.671038627624512,-5.721203327178955,,,
95,238249,-0.031439393758773804,-5.726896286010742,-5.775009632110596,,,
95,238299,-0.03632286563515663,-5.711869716644287,-5.76945161819458,,,
95,238349,-0.04252278059720993,-5.711565017700195,-5.768361568450928,,,
95,238399,-0.0321308858692646,-5.714044094085693,-5.765045642852783,,,
95,238449,-0.036049142479896545,-5.686314582824707,-5.741115093231201,,,
95,238499,-0.02667628414928913,-5.749672889709473,-5.80570125579834,,,
95,238549,-0.06619442254304886,-5.75178861618042,-5.81028938293457,,,
95,238599,-0.033723872154951096,-5.724052906036377,-5.774094104766846,,,
95,238649,-0.0424252413213253,-5.687577247619629,-5.735489368438721,,,
95,238699,-0.046154674142599106,-5.650394916534424,-5.705113410949707,,,
95,238749,-0.03933199495077133,-5.656003952026367,-5.706022262573242,,,
95,238799,-0.0403766892850399,-5.689811706542969,-5.743776321411133,,,
95,238849,-0.02303473837673664,-5.7010498046875,-5.750785827636719,,,
95,238899,-0.03733174875378609,-5.7224860191345215,-5.782697677612305,,,
95,238949,-0.029498223215341568,-5.730673789978027,-5.777052402496338,,,
95,238999,-0.03816206008195877,-5.657673358917236,-5.701155662536621,,,
95,239049,-0.040363606065511703,-5.695561408996582,-5.739346027374268,,,
95,239099,-0.04510664939880371,-5.750484466552734,-5.80470085144043,,,
95,239149,-0.0291152186691761,-5.614175319671631,-5.661957740783691,,,
95,239199,-0.028284400701522827,-5.697371482849121,-5.736969470977783,,,
95,239249,-0.022620614618062973,-5.707538604736328,-5.762514591217041,,,
95,239299,-0.02337377518415451,-5.709134101867676,-5.751563549041748,,,
95,239349,-0.029202565550804138,-5.730025291442871,-5.785833835601807,,,
95,239399,-0.033920787274837494,-5.661387920379639,-5.702549934387207,,,
95,239449,-0.025509754195809364,-5.742997169494629,-5.787195682525635,,,
95,239499,-0.045086588710546494,-5.690345287322998,-5.741469383239746,,,
95,239549,-0.04096019268035889,-5.724982738494873,-5.777709007263184,,,
95,239599,-0.025954386219382286,-5.72263765335083,-5.772364139556885,,,
95,239649,-0.03248107060790062,-5.697052001953125,-5.751022815704346,,,
95,239699,-0.025337228551506996,-5.675477981567383,-5.725992202758789,,,
95,239749,-0.035497456789016724,-5.732282638549805,-5.7800493240356445,,,
95,239799,-0.031060971319675446,-5.670870780944824,-5.717336177825928,,,
95,239849,-0.0280973669141531,-5.741446495056152,-5.796060562133789,,,
95,239899,-0.03372742235660553,-5.703244686126709,-5.75797176361084,,,
95,239949,-0.02479044534265995,-5.736387729644775,-5.791580677032471,,,
95,239999,-0.019347958266735077,-5.7237348556518555,-5.765292167663574,,,
95,239999,,,,-5.697941303253174,-5.715856075286865,-5.759817600250244
96,240049,-0.047547902911901474,-5.704229354858398,-5.761916160583496,,,
96,240099,-0.03361808881163597,-5.675524711608887,-5.728940963745117,,,
96,240149,-0.02065477892756462,-5.715709686279297,-5.769083023071289,,,
96,240199,-0.04177962616086006,-5.677470684051514,-5.729761600494385,,,
96,240249,-0.029954461380839348,-5.680455207824707,-5.724756717681885,,,
96,240299,-0.025705354288220406,-5.726374626159668,-5.783835411071777,,,
96,240349,-0.0353386215865612,-5.74326229095459,-5.797135353088379,,,
96,240399,-0.04521600529551506,-5.726702690124512,-5.778937816619873,,,
96,240449,-0.04241744056344032,-5.706782341003418,-5.7633209228515625,,,
96,240499,-0.03162272274494171,-5.746456623077393,-5.800502777099609,,,
96,240549,-0.039815593510866165,-5.741400718688965,-5.7987961769104,,,
96,240599,-0.04296652227640152,-5.740725517272949,-5.789360046386719,,,
96,240649,-0.026131631806492805,-5.6933393478393555,-5.74395227432251,,,
96,240699,-0.03476819768548012,-5.681697845458984,-5.7299017906188965,,,
96,240749,-0.03556437790393829,-5.70434045791626,-5.764243125915527,,,
96,240799,-0.03615482896566391,-5.7520751953125,-5.812621116638184,,,
96,240849,-0.05272280424833298,-5.705477714538574,-5.754438400268555,,,
96,240899,-0.03326448053121567,-5.713947296142578,-5.76369571685791,,,
96,240949,-0.04027084633708,-5.697443008422852,-5.749101638793945,,,
96,240999,-0.0183478444814682,-5.686298370361328,-5.730085372924805,,,
96,241049,-0.04273108392953873,-5.765518665313721,-5.824236869812012,,,
96,241099,-0.038598041981458664,-5.732731819152832,-5.783329963684082,,,
96,241149,-0.026807580143213272,-5.710175514221191,-5.754451751708984,,,
96,241199,-0.03445165976881981,-5.737218856811523,-5.794553279876709,,,
96,241249,-0.03889951854944229,-5.73331880569458,-5.790087699890137,,,
96,241299,-0.024794094264507294,-5.659830093383789,-5.704375267028809,,,
96,241349,-0.06701896339654922,-5.7206621170043945,-5.773858070373535,,,
96,241399,-0.027081647887825966,-5.752933502197266,-5.799966335296631,,,
96,241449,-0.03936374559998512,-5.750145435333252,-5.8108696937561035,,,
96,241499,-0.02813851274549961,-5.726777076721191,-5.77537202835083,,,
96,241549,-0.02285717986524105,-5.762942314147949,-5.81306266784668,,,
96,241599,-0.029189469292759895,-5.734015464782715,-5.781392574310303,,,
96,241649,-0.032751865684986115,-5.680245399475098,-5.734828948974609,,,
96,241699,-0.029811762273311615,-5.663371562957764,-5.718538761138916,,,
96,241749,-0.03517874330282211,-5.768238067626953,-5.823617935180664,,,
96,241799,-0.04035450890660286,-5.711032867431641,-5.767003059387207,,,
96,241849,-0.03603042662143707,-5.629648208618164,-5.682367324829102,,,
96,241899,-0.0343477800488472,-5.674586296081543,-5.730244159698486,,,
96,241949,-0.025708308443427086,-5.676507472991943,-5.72288179397583,,,
96,241999,-0.026467084884643555,-5.721306324005127,-5.7768235206604,,,
96,242049,-0.03094278834760189,-5.667008399963379,-5.712902545928955,,,
96,242099,-0.028620008379220963,-5.6984710693359375,-5.747984409332275,,,
96,242149,-0.045689020305871964,-5.73712158203125,-5.788846492767334,,,
96,242199,-0.04272960498929024,-5.688632488250732,-5.7436394691467285,,,
96,242249,-0.03497203439474106,-5.759839057922363,-5.810758113861084,,,
96,242299,-0.03211579844355583,-5.690563201904297,-5.742285251617432,,,
96,242349,-0.030457753688097,-5.677248477935791,-5.7282562255859375,,,
96,242399,-0.026892201974987984,-5.725775241851807,-5.773964881896973,,,
96,242449,-0.026878438889980316,-5.766812324523926,-5.82269287109375,,,
96,242499,-0.038424719125032425,-5.700615882873535,-5.749039649963379,,,
96,242499,,,,-5.697678565979004,-5.713477611541748,-5.756246089935303
97,242549,-0.03084571845829487,-5.722423553466797,-5.778688907623291,,,
97,242599,-0.05533101037144661,-5.762157440185547,-5.828267574310303,,,
97,242649,-0.02994084730744362,-5.7366437911987305,-5.7952446937561035,,,
97,242699,-0.044175948947668076,-5.76078462600708,-5.820657253265381,,,
97,242749,-0.024066103622317314,-5.705197811126709,-5.7546868324279785,,,
97,242799,-0.03540387749671936,-5.708359718322754,-5.761741638183594,,,
97,242849,-0.03637729957699776,-5.757461071014404,-5.810869216918945,,,
97,242899,-0.052366454154253006,-5.6773786544799805,-5.731362819671631,,,
97,242949,-0.029176389798521996,-5.727758884429932,-5.789633750915527,,,
97,242999,-0.04075804725289345,-5.722589015960693,-5.776675224304199,,,
97,243049,-0.03357144817709923,-5.681528091430664,-5.7247514724731445,,,
97,243099,-0.02691219188272953,-5.702603340148926,-5.749998569488525,,,
97,243149,-0.0340818352997303,-5.705541610717773,-5.762770652770996,,,
97,243199,-0.023874087259173393,-5.711440086364746,-5.763582706451416,,,
97,243249,-0.047876887023448944,-5.773760795593262,-5.826172828674316,,,
97,243299,-0.030964838340878487,-5.699928283691406,-5.759070873260498,,,
97,243349,-0.03775668144226074,-5.701545715332031,-5.752503395080566,,,
97,243399,-0.03909150883555412,-5.779813766479492,-5.824868679046631,,,
97,243449,-0.0402413085103035,-5.760524749755859,-5.817230224609375,,,
97,243499,-0.025356315076351166,-5.763699531555176,-5.813332557678223,,,
97,243549,-0.02883930318057537,-5.725971698760986,-5.77714729309082,,,
97,243599,-0.03020179271697998,-5.7212395668029785,-5.770517349243164,,,
97,243649,-0.023980988189578056,-5.6467695236206055,-5.685713291168213,,,
97,243699,-0.03212418034672737,-5.683931350708008,-5.731899261474609,,,
97,243749,-0.03323749080300331,-5.684084892272949,-5.73199462890625,,,
97,243799,-0.04592359811067581,-5.681100368499756,-5.741481781005859,,,
97,243849,-0.03244942054152489,-5.753288269042969,-5.8087358474731445,,,
97,243899,-0.0404055155813694,-5.702888488769531,-5.758105278015137,,,
97,243949,-0.037531912326812744,-5.697530746459961,-5.746800422668457,,,
97,243999,-0.018542766571044922,-5.669986248016357,-5.718367576599121,,,
97,244049,-0.023887701332569122,-5.781022071838379,-5.828470230102539,,,
97,244099,-0.025458430871367455,-5.735267162322998,-5.786863327026367,,,
97,244149,-0.03221907094120979,-5.733846187591553,-5.790122985839844,,,
97,244199,-0.03296148404479027,-5.740721702575684,-5.796814918518066,,,
97,244249,-0.03143441677093506,-5.678336143493652,-5.727273941040039,,,
97,244299,-0.046274080872535706,-5.728659629821777,-5.785998344421387,,,
97,244349,-0.041757430881261826,-5.666994094848633,-5.718533992767334,,,
97,244399,-0.023000920191407204,-5.736239910125732,-5.785655975341797,,,
97,244449,-0.028550423681735992,-5.719888687133789,-5.770273208618164,,,
97,244499,-0.033314354717731476,-5.739704608917236,-5.794050216674805,,,
97,244549,-0.03889503329992294,-5.679572582244873,-5.731675148010254,,,
97,244599,-0.023318786174058914,-5.6910014152526855,-5.738632678985596,,,
97,244649,-0.018585234880447388,-5.699297904968262,-5.747468948364258,,,
97,244699,-0.047977808862924576,-5.742976188659668,-5.791122913360596,,,
97,244749,-0.031361136585474014,-5.7294206619262695,-5.778016090393066,,,
97,244799,-0.03641439974308014,-5.7170209884643555,-5.769937992095947,,,
97,244849,-0.031801026314496994,-5.751409530639648,-5.799335956573486,,,
97,244899,-0.036023709923028946,-5.699007987976074,-5.7534356117248535,,,
97,244949,-0.03220328688621521,-5.718602180480957,-5.771235942840576,,,
97,244999,-0.022885002195835114,-5.682013511657715,-5.728399753570557,,,
97,244999,,,,-5.696622371673584,-5.711740493774414,-5.755380630493164
98,245049,-0.059596650302410126,-5.715140342712402,-5.7722039222717285,,,
98,245099,-0.035257358103990555,-5.750417709350586,-5.802966594696045,,,
98,245149,-0.06061720848083496,-5.712447166442871,-5.773025989532471,,,
98,245199,-0.030970260500907898,-5.618682861328125,-5.670716285705566,,,
98,245249,-0.029787832871079445,-5.742051601409912,-5.795281887054443,,,
98,245299,-0.0327896922826767,-5.696314811706543,-5.74229097366333,,,
98,245349,-0.029329171404242516,-5.720094203948975,-5.767924785614014,,,
98,245399,-0.03784323111176491,-5.708818435668945,-5.763194561004639,,,
98,245449,-0.02887050248682499,-5.686557769775391,-5.736381530761719,,,
98,245499,-0.03605686500668526,-5.708379745483398,-5.771828651428223,,,
98,245549,-0.03436111658811569,-5.772265434265137,-5.828536033630371,,,
98,245599,-0.03334709256887436,-5.698646545410156,-5.746355056762695,,,
98,245649,-0.02870590053498745,-5.68477201461792,-5.733205318450928,,,
98,245699,-0.023486614227294922,-5.739545822143555,-5.782681941986084,,,
98,245749,-0.03139674291014671,-5.749610900878906,-5.807403564453125,,,
98,245799,-0.019407369196414948,-5.706402778625488,-5.7509765625,,,
98,245849,-0.032573260366916656,-5.643353462219238,-5.696348667144775,,,
98,245899,-0.04581219702959061,-5.737638473510742,-5.78751802444458,,,
98,245949,-0.03684024140238762,-5.687758445739746,-5.730742454528809,,,
98,245999,-0.06499478965997696,-5.691169738769531,-5.746499061584473,,,
98,246049,-0.05007869750261307,-5.725152492523193,-5.77997350692749,,,
98,246099,-0.04130857437849045,-5.750561714172363,-5.809192180633545,,,
98,246149,-0.03291705623269081,-5.696967124938965,-5.7496514320373535,,,
98,246199,-0.034222837537527084,-5.690101623535156,-5.738719463348389,,,
98,246249,-0.02997179888188839,-5.723577499389648,-5.774497032165527,,,
98,246299,-0.031003564596176147,-5.687482833862305,-5.752221584320068,,,
98,246349,-0.02944408915936947,-5.725061416625977,-5.772857666015625,,,
98,246399,-0.02919306978583336,-5.658054828643799,-5.71097993850708,,,
98,246449,-0.03650195896625519,-5.695376396179199,-5.748547077178955,,,
98,246499,-0.035495877265930176,-5.723532676696777,-5.779974460601807,,,
98,246549,-0.03060249797999859,-5.744789123535156,-5.801551342010498,,,
98,246599,-0.03349490091204643,-5.61826229095459,-5.664109230041504,,,
98,246649,-0.035786811262369156,-5.663797855377197,-5.710733890533447,,,
98,246699,-0.037740327417850494,-5.724050045013428,-5.771816253662109,,,
98,246749,-0.0370895080268383,-5.747942924499512,-5.796607971191406,,,
98,246799,-0.03054431825876236,-5.688551902770996,-5.736945629119873,,,
98,246849,-0.02113654650747776,-5.732314586639404,-5.785582065582275,,,
98,246899,-0.05065790191292763,-5.711991310119629,-5.767632961273193,,,
98,246949,-0.022953208535909653,-5.699337482452393,-5.749651908874512,,,
98,246999,-0.03895225003361702,-5.7298736572265625,-5.782942295074463,,,
98,247049,-0.05145474150776863,-5.716075897216797,-5.770496845245361,,,
98,247099,-0.027886424213647842,-5.7079315185546875,-5.750063419342041,,,
98,247149,-0.03459552675485611,-5.792078971862793,-5.842845439910889,,,
98,247199,-0.031245091930031776,-5.694257736206055,-5.75101900100708,,,
98,247249,-0.021455954760313034,-5.741933822631836,-5.793065071105957,,,
98,247299,-0.048521094024181366,-5.7322540283203125,-5.794633865356445,,,
98,247349,-0.05393782630562782,-5.698192119598389,-5.753553867340088,,,
98,247399,-0.05497175082564354,-5.7499895095825195,-5.81138277053833,,,
98,247449,-0.04259303957223892,-5.679226875305176,-5.731284141540527,,,
98,247499,-0.03591873124241829,-5.678495407104492,-5.731356143951416,,,
98,247499,,,,-5.6976776123046875,-5.714561462402344,-5.756907939910889
99,247549,-0.021971633657813072,-5.672393798828125,-5.718216896057129,,,
99,247599,-0.027347711846232414,-5.650773525238037,-5.7009501457214355,,,
99,247649,-0.036924950778484344,-5.727931976318359,-5.775907039642334,,,
99,247699,-0.038588088005781174,-5.690656661987305,-5.739035606384277,,,
99,247749,-0.02414807677268982,-5.660058975219727,-5.709902286529541,,,
99,247799,-0.030381212010979652,-5.7481913566589355,-5.801785945892334,,,
99,247849,-0.029120950028300285,-5.747366905212402,-5.790937423706055,,,
99,247899,-0.023487532511353493,-5.722900390625,-5.77296257019043,,,
99,247949,-0.0435965433716774,-5.7018938064575195,-5.761843204498291,,,
99,247999,-0.024836884811520576,-5.719207286834717,-5.773065090179443,,,
99,248049,-0.0405581071972847,-5.680657386779785,-5.737978935241699,,,
99,248099,-0.03710184246301651,-5.695468902587891,-5.739935874938965,,,
99,248149,-0.03725337237119675,-5.712223052978516,-5.771196365356445,,,
99,248199,-0.026320112869143486,-5.713525772094727,-5.767229080200195,,,
99,248249,-0.026273254305124283,-5.679315090179443,-5.727070331573486,,,
99,248299,-0.036716632544994354,-5.746260166168213,-5.7963457107543945,,,
99,248349,-0.040259189903736115,-5.681458473205566,-5.7307963371276855,,,
99,248399,-0.039865996688604355,-5.747912883758545,-5.802994251251221,,,
99,248449,-0.03285563737154007,-5.710233688354492,-5.761107444763184,,,
99,248499,-0.03889540955424309,-5.6785478591918945,-5.738664627075195,,,
99,248549,-0.04344596713781357,-5.725101470947266,-5.780173301696777,,,
99,248599,-0.046299297362565994,-5.700089454650879,-5.7529826164245605,,,
99,248649,-0.025784220546483994,-5.680612564086914,-5.7271599769592285,,,
99,248699,-0.049697861075401306,-5.739958763122559,-5.796637535095215,,,
99,248749,-0.02928091399371624,-5.672954559326172,-5.720362186431885,,,
99,248799,-0.06368864327669144,-5.730576515197754,-5.7820258140563965,,,
99,248849,-0.02306390181183815,-5.719733238220215,-5.77332878112793,,,
99,248899,-0.033716123551130295,-5.751202583312988,-5.809664249420166,,,
99,248949,-0.03771046921610832,-5.719347953796387,-5.766661167144775,,,
99,248999,-0.0275003332644701,-5.754651069641113,-5.805305480957031,,,
99,249049,-0.04245778173208237,-5.706455230712891,-5.76029634475708,,,
99,249099,-0.04455132782459259,-5.669366836547852,-5.719465255737305,,,
99,249149,-0.030116653069853783,-5.744831562042236,-5.793465614318848,,,
99,249199,-0.03580617904663086,-5.684060573577881,-5.733887672424316,,,
99,249249,-0.04886302351951599,-5.754767417907715,-5.821108341217041,,,
99,249299,-0.039711449295282364,-5.70811653137207,-5.756546497344971,,,
99,249349,-0.045445460826158524,-5.753708839416504,-5.809914588928223,,,
99,249399,-0.03515174612402916,-5.719085216522217,-5.766735553741455,,,
99,249449,-0.027551498264074326,-5.688350200653076,-5.736424922943115,,,
99,249499,-0.026144428178668022,-5.702853202819824,-5.753983020782471,,,
99,249549,-0.03837679699063301,-5.743247985839844,-5.796280860900879,,,
99,249599,-0.043879926204681396,-5.754388332366943,-5.807122230529785,,,
99,249649,-0.02857927232980728,-5.747706890106201,-5.79675817489624,,,
99,249699,-0.03369169682264328,-5.740930080413818,-5.789653778076172,,,
99,249749,-0.0206675473600626,-5.703032493591309,-5.740596294403076,,,
99,249799,-0.04254457354545593,-5.672090530395508,-5.726837158203125,,,
99,249849,-0.044405750930309296,-5.738201141357422,-5.789173603057861,,,
99,249899,-0.026321351528167725,-5.754495143890381,-5.80051326751709,,,
99,249949,-0.03196064010262489,-5.706808090209961,-5.766965866088867,,,
99,249999,-0.024047963321208954,-5.618622779846191,-5.667746067047119,,,
99,249999,,,,-5.696478843688965,-5.712831497192383,-5.756223201751709
