epoch,lr-Adam,step,time/epoch (s),time/inter_step (ms),time/intra_step (ms),train/loss,train/reward,val/max_aug_reward,val/max_reward,val/reward
,0.0003,0,,,,,,,,
,,49,,,319.81897354125977,,,,,
,,49,,8.609771728515625,,,,,,
0,,49,,,,0.5020307302474976,-10.442967414855957,,,
,,99,,,275.79498291015625,,,,,
,,99,,17.411470413208008,,,,,,
0,,99,,,,0.5000510215759277,-10.299943923950195,,,
,,149,,,277.087926864624,,,,,
,,149,,11.389017105102539,,,,,,
0,,149,,,,0.5034151077270508,-10.060243606567383,,,
,,199,,,276.72553062438965,,,,,
,,199,,17.422199249267578,,,,,,
0,,199,,,,0.5129168033599854,-9.85446548461914,,,
,,249,,,275.71892738342285,,,,,
,,249,,12.274026870727539,,,,,,
0,,249,,,,0.5159779787063599,-9.684879302978516,,,
,,299,,,287.81747817993164,,,,,
,,299,,24.854660034179688,,,,,,
0,,299,,,,0.5174250602722168,-9.664162635803223,,,
,,349,,,274.6915817260742,,,,,
,,349,,12.627840042114258,,,,,,
0,,349,,,,0.518923282623291,-9.46183967590332,,,
,,399,,,274.8868465423584,,,,,
,,399,,20.109891891479492,,,,,,
0,,399,,,,0.5246907472610474,-9.422591209411621,,,
,,449,,,275.6998538970947,,,,,
,,449,,13.664722442626953,,,,,,
0,,449,,,,0.5245864391326904,-9.310786247253418,,,
,,499,,,274.5988368988037,,,,,
,,499,,17.07601547241211,,,,,,
0,,499,,,,0.530724287033081,-9.26357650756836,,,
,,549,,,274.54614639282227,,,,,
,,549,,14.00303840637207,,,,,,
0,,549,,,,0.5274009704589844,-9.21047306060791,,,
,,599,,,274.25169944763184,,,,,
,,599,,17.102479934692383,,,,,,
0,,599,,,,0.5338598489761353,-9.22870922088623,,,
,,649,,,274.20902252197266,,,,,
,,649,,15.954256057739258,,,,,,
0,,649,,,,0.5279414653778076,-9.190728187561035,,,
,,699,,,273.7605571746826,,,,,
,,699,,17.02713966369629,,,,,,
0,,699,,,,0.5315583944320679,-9.21985912322998,,,
,,749,,,281.33678436279297,,,,,
,,749,,13.449668884277344,,,,,,
0,,749,,,,0.534201979637146,-9.1113862991333,,,
,,799,,,274.43480491638184,,,,,
,,799,,17.001867294311523,,,,,,
0,,799,,,,0.5334992408752441,-9.162734031677246,,,
,,849,,,290.3110980987549,,,,,
,,849,,12.141704559326172,,,,,,
0,,849,,,,0.5313349962234497,-9.030052185058594,,,
,,899,,,274.4002342224121,,,,,
,,899,,16.758441925048828,,,,,,
0,,899,,,,0.5367163419723511,-9.059038162231445,,,
,,949,,,282.4563980102539,,,,,
,,949,,11.837005615234375,,,,,,
0,,949,,,,0.5383604764938354,-9.070833206176758,,,
,,999,,,274.11460876464844,,,,,
,,999,,16.905784606933594,,,,,,
0,,999,,,,0.5366020202636719,-9.0269775390625,,,
,,1049,,,295.4089641571045,,,,,
,,1049,,8.941888809204102,,,,,,
0,,1049,,,,0.5369834899902344,-9.03857421875,,,
,,1099,,,281.68177604675293,,,,,
,,1099,,17.23337173461914,,,,,,
0,,1099,,,,0.5409795045852661,-8.999637603759766,,,
,,1149,,,273.3151912689209,,,,,
,,1149,,12.490510940551758,,,,,,
0,,1149,,,,0.5401158332824707,-9.019168853759766,,,
,,1199,,,275.3148078918457,,,,,
,,1199,,16.557931900024414,,,,,,
0,,1199,,,,0.5375156402587891,-8.983430862426758,,,
,,1249,,,275.3305435180664,,,,,
,,1249,,13.268709182739258,,,,,,
0,,1249,,,,0.5396275520324707,-8.98901081085205,,,
,,1299,,,276.36194229125977,,,,,
,,1299,,22.07803726196289,,,,,,
0,,1299,,,,0.54071044921875,-9.01015853881836,,,
,,1349,,,291.1970615386963,,,,,
,,1349,,12.710809707641602,,,,,,
0,,1349,,,,0.5424344539642334,-8.987288475036621,,,
,,1399,,,277.47321128845215,,,,,
,,1399,,17.222881317138672,,,,,,
0,,1399,,,,0.5427383184432983,-8.96021556854248,,,
,,1449,,,278.1720161437988,,,,,
,,1449,,13.844966888427734,,,,,,
0,,1449,,,,0.5465420484542847,-8.900671005249023,,,
,,1499,,,277.3599624633789,,,,,
,,1499,,16.620397567749023,,,,,,
0,,1499,,,,0.540920615196228,-8.898945808410645,,,
,,1549,,,283.3738327026367,,,,,
,,1549,,13.123512268066406,,,,,,
0,,1549,,,,0.5412319898605347,-8.932483673095703,,,
0,,1562,,,,,,-7.93214750289917,-8.026995658874512,-8.460651397705078
,,1563,563.7145466804504,,,,,,,
,0.0003,1563,,,,,,,,
,,1599,,,289.9448871612549,,,,,
,,1599,,20.169496536254883,,,,,,
1,,1599,,,,0.5396490097045898,-8.940452575683594,,,
,,1649,,,291.7208671569824,,,,,
,,1649,,5.359411239624023,,,,,,
1,,1649,,,,0.539955735206604,-8.911520957946777,,,
,,1699,,,278.6672115325928,,,,,
,,1699,,22.655487060546875,,,,,,
1,,1699,,,,0.5484988689422607,-8.904224395751953,,,
,,1749,,,273.1211185455322,,,,,
,,1749,,14.482736587524414,,,,,,
1,,1749,,,,0.5398082733154297,-8.950726509094238,,,
,,1799,,,281.69727325439453,,,,,
,,1799,,16.56055450439453,,,,,,
1,,1799,,,,0.5483167171478271,-8.852920532226562,,,
,,1849,,,276.1549949645996,,,,,
,,1849,,11.623144149780273,,,,,,
1,,1849,,,,0.549035906791687,-8.872445106506348,,,
,,1899,,,282.11498260498047,,,,,
,,1899,,16.48259162902832,,,,,,
1,,1899,,,,0.5458203554153442,-8.826974868774414,,,
,,1949,,,275.3615379333496,,,,,
,,1949,,12.771844863891602,,,,,,
1,,1949,,,,0.5487483739852905,-8.874285697937012,,,
,,1999,,,274.3983268737793,,,,,
,,1999,,16.479015350341797,,,,,,
1,,1999,,,,0.5404961109161377,-8.856768608093262,,,
,,2049,,,276.5638828277588,,,,,
,,2049,,13.736486434936523,,,,,,
1,,2049,,,,0.5531678199768066,-8.876344680786133,,,
,,2099,,,276.86595916748047,,,,,
,,2099,,16.576766967773438,,,,,,
1,,2099,,,,0.5416669845581055,-8.835384368896484,,,
,,2149,,,276.503324508667,,,,,
,,2149,,13.727426528930664,,,,,,
1,,2149,,,,0.5472509860992432,-8.873207092285156,,,
,,2199,,,285.70055961608887,,,,,
,,2199,,16.345977783203125,,,,,,
1,,2199,,,,0.5475649833679199,-8.90279483795166,,,
,,2249,,,275.20203590393066,,,,,
,,2249,,13.964653015136719,,,,,,
1,,2249,,,,0.5506359338760376,-8.824048042297363,,,
,,2299,,,276.9901752471924,,,,,
,,2299,,16.51144027709961,,,,,,
1,,2299,,,,0.5471793413162231,-8.787895202636719,,,
,,2349,,,275.5696773529053,,,,,
,,2349,,13.193368911743164,,,,,,
1,,2349,,,,0.5527675151824951,-8.791618347167969,,,
,,2399,,,274.58930015563965,,,,,
,,2399,,25.544166564941406,,,,,,
1,,2399,,,,0.5461318492889404,-8.752734184265137,,,
,,2449,,,303.0247688293457,,,,,
,,2449,,7.010221481323242,,,,,,
1,,2449,,,,0.5519524812698364,-8.813186645507812,,,
,,2499,,,274.6617794036865,,,,,
,,2499,,25.370121002197266,,,,,,
1,,2499,,,,0.5460872650146484,-8.75814437866211,,,
,,2549,,,288.61069679260254,,,,,
,,2549,,4.896640777587891,,,,,,
1,,2549,,,,0.5469315052032471,-8.758895874023438,,,
,,2599,,,274.4622230529785,,,,,
,,2599,,16.604900360107422,,,,,,
1,,2599,,,,0.549930214881897,-8.79814338684082,,,
,,2649,,,273.6194133758545,,,,,
,,2649,,13.446569442749023,,,,,,
1,,2649,,,,0.551055908203125,-8.7988862991333,,,
,,2699,,,274.3794918060303,,,,,
,,2699,,16.57724380493164,,,,,,
1,,2699,,,,0.5517078638076782,-8.790371894836426,,,
,,2749,,,274.45101737976074,,,,,
,,2749,,12.972116470336914,,,,,,
1,,2749,,,,0.5482665300369263,-8.76527214050293,,,
,,2799,,,276.949405670166,,,,,
,,2799,,22.58014678955078,,,,,,
1,,2799,,,,0.5518863201141357,-8.755767822265625,,,
,,2849,,,273.820161819458,,,,,
,,2849,,12.86625862121582,,,,,,
1,,2849,,,,0.5489585399627686,-8.75243091583252,,,
,,2899,,,273.73814582824707,,,,,
,,2899,,25.672435760498047,,,,,,
1,,2899,,,,0.5524863004684448,-8.71444034576416,,,
,,2949,,,273.49853515625,,,,,
,,2949,,13.45062255859375,,,,,,
1,,2949,,,,0.5497052669525146,-8.70259952545166,,,
,,2999,,,276.5665054321289,,,,,
,,2999,,16.501665115356445,,,,,,
1,,2999,,,,0.5530680418014526,-8.661197662353516,,,
,,3049,,,294.1312789916992,,,,,
,,3049,,4.443645477294922,,,,,,
1,,3049,,,,0.5503813028335571,-8.74614143371582,,,
,,3099,,,284.7881317138672,,,,,
,,3099,,16.73436164855957,,,,,,
1,,3099,,,,0.5516854524612427,-8.696905136108398,,,
1,,3125,,,,,,-7.900698661804199,-7.984385013580322,-8.351653099060059
,,3126,558.0666570663452,,,,,,,
,0.0003,3126,,,,,,,,
,,3149,,,285.11977195739746,,,,,
,,3149,,14.179468154907227,,,,,,
2,,3149,,,,0.5514163970947266,-8.716666221618652,,,
,,3199,,,288.2986068725586,,,,,
,,3199,,24.393796920776367,,,,,,
2,,3199,,,,0.5512936115264893,-8.69759464263916,,,
,,3249,,,281.3301086425781,,,,,
,,3249,,10.441780090332031,,,,,,
2,,3249,,,,0.5528818368911743,-8.736906051635742,,,
,,3299,,,288.58327865600586,,,,,
,,3299,,17.17376708984375,,,,,,
2,,3299,,,,0.5537129640579224,-8.700610160827637,,,
,,3349,,,286.9410514831543,,,,,
,,3349,,14.131546020507812,,,,,,
2,,3349,,,,0.5508468151092529,-8.735825538635254,,,
,,3399,,,287.8129482269287,,,,,
,,3399,,17.401695251464844,,,,,,
2,,3399,,,,0.5535212755203247,-8.7050142288208,,,
,,3449,,,291.14484786987305,,,,,
,,3449,,9.849071502685547,,,,,,
2,,3449,,,,0.5502179861068726,-8.70625114440918,,,
,,3499,,,277.94742584228516,,,,,
,,3499,,16.619205474853516,,,,,,
2,,3499,,,,0.5524934530258179,-8.663347244262695,,,
,,3549,,,279.5560359954834,,,,,
,,3549,,11.753559112548828,,,,,,
2,,3549,,,,0.5538010597229004,-8.639239311218262,,,
,,3599,,,288.2699966430664,,,,,
,,3599,,23.215532302856445,,,,,,
2,,3599,,,,0.5516623258590698,-8.655915260314941,,,
,,3649,,,277.5845527648926,,,,,
,,3649,,15.114784240722656,,,,,,
2,,3649,,,,0.5537508726119995,-8.67470645904541,,,
,,3699,,,278.0606746673584,,,,,
,,3699,,16.759634017944336,,,,,,
2,,3699,,,,0.5534180402755737,-8.66537857055664,,,
,,3749,,,290.6010150909424,,,,,
,,3749,,9.243249893188477,,,,,,
2,,3749,,,,0.5550817251205444,-8.654232025146484,,,
,,3799,,,305.33504486083984,,,,,
,,3799,,18.379926681518555,,,,,,
2,,3799,,,,0.5503028631210327,-8.63965892791748,,,
,,3849,,,289.5221710205078,,,,,
,,3849,,11.851072311401367,,,,,,
2,,3849,,,,0.555794358253479,-8.630322456359863,,,
,,3899,,,277.82607078552246,,,,,
,,3899,,16.92962646484375,,,,,,
2,,3899,,,,0.5580484867095947,-8.581021308898926,,,
,,3949,,,277.4817943572998,,,,,
,,3949,,13.488531112670898,,,,,,
2,,3949,,,,0.5553926229476929,-8.71290111541748,,,
,,3999,,,278.1944274902344,,,,,
,,3999,,25.992393493652344,,,,,,
2,,3999,,,,0.5536150932312012,-8.679421424865723,,,
,,4049,,,276.84950828552246,,,,,
,,4049,,13.553857803344727,,,,,,
2,,4049,,,,0.5602320432662964,-8.603730201721191,,,
,,4099,,,278.06639671325684,,,,,
,,4099,,17.145395278930664,,,,,,
2,,4099,,,,0.5549106597900391,-8.62855052947998,,,
,,4149,,,280.04932403564453,,,,,
,,4149,,12.23134994506836,,,,,,
2,,4149,,,,0.5520355701446533,-8.639508247375488,,,
,,4199,,,277.60863304138184,,,,,
,,4199,,25.353193283081055,,,,,,
2,,4199,,,,0.559270977973938,-8.674120903015137,,,
,,4249,,,288.29360008239746,,,,,
,,4249,,12.8021240234375,,,,,,
2,,4249,,,,0.556126594543457,-8.644828796386719,,,
,,4299,,,306.6296577453613,,,,,
,,4299,,23.036718368530273,,,,,,
2,,4299,,,,0.5560247898101807,-8.618622779846191,,,
,,4349,,,277.56690979003906,,,,,
,,4349,,15.444278717041016,,,,,,
2,,4349,,,,0.5585629940032959,-8.678303718566895,,,
,,4399,,,277.9669761657715,,,,,
,,4399,,25.44569969177246,,,,,,
2,,4399,,,,0.5536009073257446,-8.624576568603516,,,
,,4449,,,287.03927993774414,,,,,
,,4449,,14.892101287841797,,,,,,
2,,4449,,,,0.5604242086410522,-8.615748405456543,,,
,,4499,,,291.40233993530273,,,,,
,,4499,,22.19080924987793,,,,,,
2,,4499,,,,0.5553474426269531,-8.690465927124023,,,
,,4549,,,312.2227191925049,,,,,
,,4549,,8.485794067382812,,,,,,
2,,4549,,,,0.5606017112731934,-8.62129020690918,,,
,,4599,,,277.9867649078369,,,,,
,,4599,,16.793489456176758,,,,,,
2,,4599,,,,0.5587154626846313,-8.621877670288086,,,
,,4649,,,291.29743576049805,,,,,
,,4649,,8.922100067138672,,,,,,
2,,4649,,,,0.5629403591156006,-8.641746520996094,,,
2,,4688,,,,,,-7.879997730255127,-7.961820125579834,-8.307280540466309
,,4689,564.1523189544678,,,,,,,
,0.0003,4689,,,,,,,,
,,4699,,,279.9513339996338,,,,,
,,4699,,16.65353775024414,,,,,,
3,,4699,,,,0.5601533651351929,-8.621726989746094,,,
,,4749,,,281.294584274292,,,,,
,,4749,,9.116888046264648,,,,,,
3,,4749,,,,0.5581740140914917,-8.560216903686523,,,
,,4799,,,287.66775131225586,,,,,
,,4799,,16.67642593383789,,,,,,
3,,4799,,,,0.5591381788253784,-8.598631858825684,,,
,,4849,,,282.3450565338135,,,,,
,,4849,,9.915351867675781,,,,,,
3,,4849,,,,0.5617871284484863,-8.583294868469238,,,
,,4899,,,297.69325256347656,,,,,
,,4899,,26.119709014892578,,,,,,
3,,4899,,,,0.5614023208618164,-8.624922752380371,,,
,,4949,,,308.4070682525635,,,,,
,,4949,,6.172895431518555,,,,,,
3,,4949,,,,0.5598515272140503,-8.578954696655273,,,
,,4999,,,281.5678119659424,,,,,
,,4999,,20.615816116333008,,,,,,
3,,4999,,,,0.5629363059997559,-8.59796142578125,,,
,,5049,,,290.1942729949951,,,,,
,,5049,,8.002281188964844,,,,,,
3,,5049,,,,0.5600943565368652,-8.607829093933105,,,
,,5099,,,284.881591796875,,,,,
,,5099,,16.479015350341797,,,,,,
3,,5099,,,,0.5659853219985962,-8.592497825622559,,,
,,5149,,,285.2485179901123,,,,,
,,5149,,13.13638687133789,,,,,,
3,,5149,,,,0.5614607334136963,-8.581765174865723,,,
,,5199,,,279.44374084472656,,,,,
,,5199,,22.434711456298828,,,,,,
3,,5199,,,,0.5589569807052612,-8.551921844482422,,,
,,5249,,,278.2893180847168,,,,,
,,5249,,12.586355209350586,,,,,,
3,,5249,,,,0.5662132501602173,-8.57455825805664,,,
,,5299,,,276.8054008483887,,,,,
,,5299,,16.507387161254883,,,,,,
3,,5299,,,,0.5616005659103394,-8.589460372924805,,,
,,5349,,,276.89290046691895,,,,,
,,5349,,13.357877731323242,,,,,,
3,,5349,,,,0.561684250831604,-8.568490982055664,,,
,,5399,,,277.32205390930176,,,,,
,,5399,,16.671419143676758,,,,,,
3,,5399,,,,0.5596506595611572,-8.512616157531738,,,
,,5449,,,278.2440185546875,,,,,
,,5449,,13.64278793334961,,,,,,
3,,5449,,,,0.5617972612380981,-8.510929107666016,,,
,,5499,,,283.7855815887451,,,,,
,,5499,,16.454696655273438,,,,,,
3,,5499,,,,0.5618178844451904,-8.608281135559082,,,
,,5549,,,276.88097953796387,,,,,
,,5549,,13.601541519165039,,,,,,
3,,5549,,,,0.5641293525695801,-8.56429386138916,,,
,,5599,,,278.09762954711914,,,,,
,,5599,,16.720294952392578,,,,,,
3,,5599,,,,0.5646572113037109,-8.55825424194336,,,
,,5649,,,277.3122787475586,,,,,
,,5649,,13.48114013671875,,,,,,
3,,5649,,,,0.566408634185791,-8.444743156433105,,,
,,5699,,,276.62110328674316,,,,,
,,5699,,16.583919525146484,,,,,,
3,,5699,,,,0.5658341646194458,-8.558425903320312,,,
,,5749,,,285.4924201965332,,,,,
,,5749,,13.029813766479492,,,,,,
3,,5749,,,,0.565319299697876,-8.475297927856445,,,
,,5799,,,277.0955562591553,,,,,
,,5799,,16.630887985229492,,,,,,
3,,5799,,,,0.5650852918624878,-8.57871150970459,,,
,,5849,,,277.7841091156006,,,,,
,,5849,,12.84337043762207,,,,,,
3,,5849,,,,0.5672239065170288,-8.551569938659668,,,
,,5899,,,276.40748023986816,,,,,
,,5899,,16.83354377746582,,,,,,
3,,5899,,,,0.5665798187255859,-8.51771354675293,,,
,,5949,,,281.8171977996826,,,,,
,,5949,,9.913206100463867,,,,,,
3,,5949,,,,0.5675216913223267,-8.50825023651123,,,
,,5999,,,286.6349220275879,,,,,
,,5999,,16.549348831176758,,,,,,
3,,5999,,,,0.5651262998580933,-8.479928016662598,,,
,,6049,,,277.2705554962158,,,,,
,,6049,,12.838602066040039,,,,,,
3,,6049,,,,0.5667301416397095,-8.578333854675293,,,
,,6099,,,277.834415435791,,,,,
,,6099,,16.903400421142578,,,,,,
3,,6099,,,,0.5682241916656494,-8.498940467834473,,,
,,6149,,,277.5847911834717,,,,,
,,6149,,13.277530670166016,,,,,,
3,,6149,,,,0.5677465200424194,-8.519325256347656,,,
,,6199,,,276.28445625305176,,,,,
,,6199,,25.71582794189453,,,,,,
3,,6199,,,,0.5649079084396362,-8.5435152053833,,,
,,6249,,,277.024507522583,,,,,
,,6249,,13.113260269165039,,,,,,
3,,6249,,,,0.5654392242431641,-8.522722244262695,,,
3,,6251,,,,,,-7.861298561096191,-7.933789253234863,-8.249746322631836
,,6252,560.7729592323303,,,,,,,
,0.0003,6252,,,,,,,,
,,6299,,,295.102596282959,,,,,
,,6299,,18.267154693603516,,,,,,
4,,6299,,,,0.5659400224685669,-8.464873313903809,,,
,,6349,,,288.87486457824707,,,,,
,,6349,,7.841825485229492,,,,,,
4,,6349,,,,0.5654321908950806,-8.48788070678711,,,
,,6399,,,299.5731830596924,,,,,
,,6399,,17.231225967407227,,,,,,
4,,6399,,,,0.5672589540481567,-8.51086139678955,,,
,,6449,,,277.30727195739746,,,,,
,,6449,,13.364553451538086,,,,,,
4,,6449,,,,0.5698128938674927,-8.462654113769531,,,
,,6499,,,278.20682525634766,,,,,
,,6499,,21.203279495239258,,,,,,
4,,6499,,,,0.5724705457687378,-8.49242877960205,,,
,,6549,,,277.01640129089355,,,,,
,,6549,,13.558387756347656,,,,,,
4,,6549,,,,0.5706106424331665,-8.454237937927246,,,
,,6599,,,278.8212299346924,,,,,
,,6599,,24.58786964416504,,,,,,
4,,6599,,,,0.5710635185241699,-8.5003662109375,,,
,,6649,,,288.5167598724365,,,,,
,,6649,,8.744001388549805,,,,,,
4,,6649,,,,0.5707151889801025,-8.48383903503418,,,
,,6699,,,288.2390022277832,,,,,
,,6699,,17.83299446105957,,,,,,
4,,6699,,,,0.5677657127380371,-8.539583206176758,,,
,,6749,,,280.1053524017334,,,,,
,,6749,,11.698007583618164,,,,,,
4,,6749,,,,0.5638376474380493,-8.461251258850098,,,
,,6799,,,285.8138084411621,,,,,
,,6799,,16.70074462890625,,,,,,
4,,6799,,,,0.5680710077285767,-8.466119766235352,,,
,,6849,,,282.60087966918945,,,,,
,,6849,,9.3536376953125,,,,,,
4,,6849,,,,0.5675562620162964,-8.49764347076416,,,
,,6899,,,282.686710357666,,,,,
,,6899,,21.9573974609375,,,,,,
4,,6899,,,,0.5691709518432617,-8.459637641906738,,,
,,6949,,,277.6823043823242,,,,,
,,6949,,14.573812484741211,,,,,,
4,,6949,,,,0.5712257623672485,-8.441170692443848,,,
,,6999,,,278.5069942474365,,,,,
,,6999,,17.057418823242188,,,,,,
4,,6999,,,,0.568396806716919,-8.456877708435059,,,
,,7049,,,287.02545166015625,,,,,
,,7049,,10.90097427368164,,,,,,
4,,7049,,,,0.5734212398529053,-8.440601348876953,,,
,,7099,,,281.2044620513916,,,,,
,,7099,,23.043394088745117,,,,,,
4,,7099,,,,0.5694125890731812,-8.50147819519043,,,
,,7149,,,295.3295707702637,,,,,
,,7149,,9.181022644042969,,,,,,
4,,7149,,,,0.5764216184616089,-8.485172271728516,,,
,,7199,,,290.91405868530273,,,,,
,,7199,,21.605968475341797,,,,,,
4,,7199,,,,0.5684760808944702,-8.494505882263184,,,
,,7249,,,311.3594055175781,,,,,
,,7249,,10.58650016784668,,,,,,
4,,7249,,,,0.5738273859024048,-8.415470123291016,,,
,,7299,,,286.09514236450195,,,,,
,,7299,,25.689363479614258,,,,,,
4,,7299,,,,0.5696216821670532,-8.434107780456543,,,
,,7349,,,282.64427185058594,,,,,
,,7349,,9.701251983642578,,,,,,
4,,7349,,,,0.5691045522689819,-8.407269477844238,,,
,,7399,,,277.56524085998535,,,,,
,,7399,,17.052888870239258,,,,,,
4,,7399,,,,0.5732572078704834,-8.496938705444336,,,
,,7449,,,285.9783172607422,,,,,
,,7449,,13.517379760742188,,,,,,
4,,7449,,,,0.5709270238876343,-8.471198081970215,,,
,,7499,,,277.5914669036865,,,,,
,,7499,,17.235279083251953,,,,,,
4,,7499,,,,0.570507287979126,-8.46995735168457,,,
,,7549,,,308.4719181060791,,,,,
,,7549,,5.583047866821289,,,,,,
4,,7549,,,,0.5725033283233643,-8.405305862426758,,,
,,7599,,,285.42494773864746,,,,,
,,7599,,16.6778564453125,,,,,,
4,,7599,,,,0.5753365755081177,-8.492851257324219,,,
,,7649,,,282.1500301361084,,,,,
,,7649,,10.837554931640625,,,,,,
4,,7649,,,,0.5743924379348755,-8.411730766296387,,,
,,7699,,,282.32502937316895,,,,,
,,7699,,22.755146026611328,,,,,,
4,,7699,,,,0.5719864368438721,-8.43295955657959,,,
,,7749,,,299.49140548706055,,,,,
,,7749,,7.203102111816406,,,,,,
4,,7749,,,,0.5749279260635376,-8.41402530670166,,,
,,7799,,,290.726900100708,,,,,
,,7799,,21.900653839111328,,,,,,
4,,7799,,,,0.577303409576416,-8.35642147064209,,,
4,,7814,,,,,,-7.847159385681152,-7.915007591247559,-8.204602241516113
,,7815,563.693110704422,,,,,,,
,0.0003,7815,,,,,,,,
,,7849,,,297.9617118835449,,,,,
,,7849,,7.04646110534668,,,,,,
5,,7849,,,,0.576116681098938,-8.415483474731445,,,
,,7899,,,279.94585037231445,,,,,
,,7899,,22.289514541625977,,,,,,
5,,7899,,,,0.5749763250350952,-8.466253280639648,,,
,,7949,,,292.309045791626,,,,,
,,7949,,10.533809661865234,,,,,,
5,,7949,,,,0.5762242078781128,-8.47479248046875,,,
,,7999,,,277.332067489624,,,,,
,,7999,,16.63064956665039,,,,,,
5,,7999,,,,0.5724959373474121,-8.447404861450195,,,
,,8049,,,286.2098217010498,,,,,
,,8049,,13.547182083129883,,,,,,
5,,8049,,,,0.5767221450805664,-8.349122047424316,,,
,,8099,,,291.98265075683594,,,,,
,,8099,,23.85401725769043,,,,,,
5,,8099,,,,0.5735836029052734,-8.403718948364258,,,
,,8149,,,288.79332542419434,,,,,
,,8149,,13.486623764038086,,,,,,
5,,8149,,,,0.5755337476730347,-8.354945182800293,,,
,,8199,,,278.5007953643799,,,,,
,,8199,,16.810178756713867,,,,,,
5,,8199,,,,0.5752278566360474,-8.412155151367188,,,
,,8249,,,278.55849266052246,,,,,
,,8249,,14.385700225830078,,,,,,
5,,8249,,,,0.5760116577148438,-8.419485092163086,,,
,,8299,,,277.2045135498047,,,,,
,,8299,,16.828536987304688,,,,,,
5,,8299,,,,0.5757313966751099,-8.382894515991211,,,
,,8349,,,276.5381336212158,,,,,
,,8349,,13.454437255859375,,,,,,
5,,8349,,,,0.577376127243042,-8.4140625,,,
,,8399,,,277.02856063842773,,,,,
,,8399,,16.719341278076172,,,,,,
5,,8399,,,,0.5730684995651245,-8.363210678100586,,,
,,8449,,,308.1657886505127,,,,,
,,8449,,8.99052619934082,,,,,,
5,,8449,,,,0.5766816139221191,-8.369111061096191,,,
,,8499,,,286.4992618560791,,,,,
,,8499,,24.858951568603516,,,,,,
5,,8499,,,,0.5744811296463013,-8.360767364501953,,,
,,8549,,,285.1417064666748,,,,,
,,8549,,13.198614120483398,,,,,,
5,,8549,,,,0.5752990245819092,-8.423548698425293,,,
,,8599,,,284.8513126373291,,,,,
,,8599,,16.909360885620117,,,,,,
5,,8599,,,,0.575547456741333,-8.413012504577637,,,
,,8649,,,277.07529067993164,,,,,
,,8649,,14.799118041992188,,,,,,
5,,8649,,,,0.5749810934066772,-8.433451652526855,,,
,,8699,,,290.0416851043701,,,,,
,,8699,,20.726680755615234,,,,,,
5,,8699,,,,0.5778665542602539,-8.402322769165039,,,
,,8749,,,276.519775390625,,,,,
,,8749,,13.691902160644531,,,,,,
5,,8749,,,,0.576662540435791,-8.33978271484375,,,
,,8799,,,285.6476306915283,,,,,
,,8799,,16.622304916381836,,,,,,
5,,8799,,,,0.5763542652130127,-8.366966247558594,,,
,,8849,,,275.8779525756836,,,,,
,,8849,,14.229059219360352,,,,,,
5,,8849,,,,0.5752065181732178,-8.456403732299805,,,
,,8899,,,290.0362014770508,,,,,
,,8899,,23.01502227783203,,,,,,
5,,8899,,,,0.5734703540802002,-8.363512992858887,,,
,,8949,,,287.3852252960205,,,,,
,,8949,,13.511180877685547,,,,,,
5,,8949,,,,0.5765547752380371,-8.428366661071777,,,
,,8999,,,287.2881889343262,,,,,
,,8999,,23.871898651123047,,,,,,
5,,8999,,,,0.5768895149230957,-8.390689849853516,,,
,,9049,,,276.8282890319824,,,,,
,,9049,,14.857769012451172,,,,,,
5,,9049,,,,0.5813496112823486,-8.336115837097168,,,
,,9099,,,288.5873317718506,,,,,
,,9099,,23.148536682128906,,,,,,
5,,9099,,,,0.5765116214752197,-8.380016326904297,,,
,,9149,,,282.43207931518555,,,,,
,,9149,,13.300418853759766,,,,,,
5,,9149,,,,0.5779008865356445,-8.367202758789062,,,
,,9199,,,288.07806968688965,,,,,
,,9199,,21.87514305114746,,,,,,
5,,9199,,,,0.5793622732162476,-8.319454193115234,,,
,,9249,,,286.074161529541,,,,,
,,9249,,14.92762565612793,,,,,,
5,,9249,,,,0.5743833780288696,-8.352203369140625,,,
,,9299,,,290.23241996765137,,,,,
,,9299,,17.224550247192383,,,,,,
5,,9299,,,,0.5759638547897339,-8.381600379943848,,,
,,9349,,,295.33863067626953,,,,,
,,9349,,5.788087844848633,,,,,,
5,,9349,,,,0.5805732011795044,-8.380189895629883,,,
5,,9377,,,,,,-7.8347086906433105,-7.89844274520874,-8.176692008972168
,,9378,564.0245170593262,,,,,,,
,0.0003,9378,,,,,,,,
,,9399,,,277.1115303039551,,,,,
,,9399,,17.430543899536133,,,,,,
6,,9399,,,,0.5736410617828369,-8.430041313171387,,,
,,9449,,,286.04769706726074,,,,,
,,9449,,13.962984085083008,,,,,,
6,,9449,,,,0.5832568407058716,-8.350894927978516,,,
,,9499,,,278.1054973602295,,,,,
,,9499,,25.166988372802734,,,,,,
6,,9499,,,,0.5750852823257446,-8.377604484558105,,,
,,9549,,,288.135290145874,,,,,
,,9549,,13.127565383911133,,,,,,
6,,9549,,,,0.5787317752838135,-8.376676559448242,,,
,,9599,,,299.4353771209717,,,,,
,,9599,,17.581701278686523,,,,,,
6,,9599,,,,0.5800106525421143,-8.428794860839844,,,
,,9649,,,286.87548637390137,,,,,
,,9649,,12.517690658569336,,,,,,
6,,9649,,,,0.5767145156860352,-8.39108657836914,,,
,,9699,,,277.1768569946289,,,,,
,,9699,,24.751663208007812,,,,,,
6,,9699,,,,0.5742306709289551,-8.326105117797852,,,
,,9749,,,282.44495391845703,,,,,
,,9749,,13.578414916992188,,,,,,
6,,9749,,,,0.5781402587890625,-8.330636024475098,,,
,,9799,,,279.346227645874,,,,,
,,9799,,24.475812911987305,,,,,,
6,,9799,,,,0.5801959037780762,-8.41590690612793,,,
,,9849,,,278.29957008361816,,,,,
,,9849,,13.430595397949219,,,,,,
6,,9849,,,,0.5804389715194702,-8.360597610473633,,,
,,9899,,,278.9311408996582,,,,,
,,9899,,16.908884048461914,,,,,,
6,,9899,,,,0.5748618841171265,-8.394423484802246,,,
,,9949,,,277.6007652282715,,,,,
,,9949,,14.961004257202148,,,,,,
6,,9949,,,,0.5791834592819214,-8.331298828125,,,
,,9999,,,278.820276260376,,,,,
,,9999,,17.331838607788086,,,,,,
6,,9999,,,,0.5779013633728027,-8.326136589050293,,,
,,10049,,,283.5109233856201,,,,,
,,10049,,9.997844696044922,,,,,,
6,,10049,,,,0.5790308713912964,-8.362138748168945,,,
,,10099,,,286.11230850219727,,,,,
,,10099,,25.362014770507812,,,,,,
6,,10099,,,,0.5783288478851318,-8.420295715332031,,,
,,10149,,,276.95751190185547,,,,,
,,10149,,14.825582504272461,,,,,,
6,,10149,,,,0.5699048638343811,-8.323277473449707,,,
,,10199,,,286.8075370788574,,,,,
,,10199,,16.884326934814453,,,,,,
6,,10199,,,,0.5765372514724731,-8.30777645111084,,,
,,10249,,,286.5488529205322,,,,,
,,10249,,13.231277465820312,,,,,,
6,,10249,,,,0.5756716728210449,-8.407464027404785,,,
,,10299,,,291.3641929626465,,,,,
,,10299,,21.052837371826172,,,,,,
6,,10299,,,,0.57972252368927,-8.313905715942383,,,
,,10349,,,277.6787281036377,,,,,
,,10349,,13.704299926757812,,,,,,
6,,10349,,,,0.5811561942100525,-8.320390701293945,,,
,,10399,,,280.1809310913086,,,,,
,,10399,,23.450613021850586,,,,,,
6,,10399,,,,0.5738328695297241,-8.350807189941406,,,
,,10449,,,283.13302993774414,,,,,
,,10449,,8.595943450927734,,,,,,
6,,10449,,,,0.574416995048523,-8.368663787841797,,,
,,10499,,,286.88788414001465,,,,,
,,10499,,17.32635498046875,,,,,,
6,,10499,,,,0.574570894241333,-8.298362731933594,,,
,,10549,,,283.3991050720215,,,,,
,,10549,,10.741233825683594,,,,,,
6,,10549,,,,0.5618743896484375,-8.43704891204834,,,
,,10599,,,292.90151596069336,,,,,
,,10599,,17.296791076660156,,,,,,
6,,10599,,,,0.5802277326583862,-8.317770957946777,,,
,,10649,,,288.77878189086914,,,,,
,,10649,,13.628721237182617,,,,,,
6,,10649,,,,0.5764567852020264,-8.399531364440918,,,
,,10699,,,287.8680229187012,,,,,
,,10699,,24.082422256469727,,,,,,
6,,10699,,,,0.5596977472305298,-8.52285099029541,,,
,,10749,,,282.2997570037842,,,,,
,,10749,,10.102272033691406,,,,,,
6,,10749,,,,0.5621389150619507,-8.480111122131348,,,
,,10799,,,278.35917472839355,,,,,
,,10799,,16.84260368347168,,,,,,
6,,10799,,,,0.5554194450378418,-8.55406379699707,,,
,,10849,,,285.7983112335205,,,,,
,,10849,,13.674020767211914,,,,,,
6,,10849,,,,0.47549736499786377,-9.608975410461426,,,
,,10899,,,278.7318229675293,,,,,
,,10899,,16.947031021118164,,,,,,
6,,10899,,,,0.48652660846710205,-9.337372779846191,,,
6,,10940,,,,,,-7.827792167663574,-7.889021873474121,-9.358023643493652
,,10941,567.18998503685,,,,,,,
,0.0003,10941,,,,,,,,
,,10949,,,278.7315845489502,,,,,
,,10949,,13.046741485595703,,,,,,
7,,10949,,,,0.46517813205718994,-9.126360893249512,,,
,,10999,,,273.3626365661621,,,,,
,,10999,,17.05646514892578,,,,,,
7,,10999,,,,0.4718954563140869,-8.754651069641113,,,
,,11049,,,282.21726417541504,,,,,
,,11049,,14.431238174438477,,,,,,
7,,11049,,,,0.4613761901855469,-8.75969409942627,,,
,,11099,,,281.97717666625977,,,,,
,,11099,,25.378704071044922,,,,,,
7,,11099,,,,0.47542881965637207,-8.675779342651367,,,
,,11149,,,285.61902046203613,,,,,
,,11149,,11.374473571777344,,,,,,
7,,11149,,,,0.4856123924255371,-8.632858276367188,,,
,,11199,,,273.04530143737793,,,,,
,,11199,,25.390148162841797,,,,,,
7,,11199,,,,0.47210073471069336,-8.646127700805664,,,
,,11249,,,273.8640308380127,,,,,
,,11249,,13.701677322387695,,,,,,
7,,11249,,,,0.4656848907470703,-8.604615211486816,,,
,,11299,,,274.0516662597656,,,,,
,,11299,,16.502857208251953,,,,,,
7,,11299,,,,0.4763784408569336,-8.619317054748535,,,
,,11349,,,273.9827632904053,,,,,
,,11349,,14.330625534057617,,,,,,
7,,11349,,,,0.47353529930114746,-8.635091781616211,,,
,,11399,,,282.7634811401367,,,,,
,,11399,,17.177820205688477,,,,,,
7,,11399,,,,0.4656190872192383,-8.627821922302246,,,
,,11449,,,285.71271896362305,,,,,
,,11449,,11.018514633178711,,,,,,
7,,11449,,,,0.4631309509277344,-8.669407844543457,,,
,,11499,,,275.3465175628662,,,,,
,,11499,,16.800880432128906,,,,,,
7,,11499,,,,0.45628905296325684,-8.624598503112793,,,
,,11549,,,305.1900863647461,,,,,
,,11549,,5.937337875366211,,,,,,
7,,11549,,,,0.46145200729370117,-8.626983642578125,,,
,,11599,,,281.7234992980957,,,,,
,,11599,,16.691923141479492,,,,,,
7,,11599,,,,0.44890666007995605,-8.703079223632812,,,
,,11649,,,279.0498733520508,,,,,
,,11649,,9.638071060180664,,,,,,
7,,11649,,,,0.4495723247528076,-8.6766939163208,,,
,,11699,,,280.71022033691406,,,,,
,,11699,,16.628503799438477,,,,,,
7,,11699,,,,0.4518752098083496,-8.590039253234863,,,
,,11749,,,273.42915534973145,,,,,
,,11749,,13.736486434936523,,,,,,
7,,11749,,,,0.4545729160308838,-8.655165672302246,,,
,,11799,,,285.04037857055664,,,,,
,,11799,,23.043155670166016,,,,,,
7,,11799,,,,0.4551360607147217,-8.601095199584961,,,
,,11849,,,302.3512363433838,,,,,
,,11849,,7.161855697631836,,,,,,
7,,11849,,,,0.4431726932525635,-8.640884399414062,,,
,,11899,,,290.6982898712158,,,,,
,,11899,,18.08643341064453,,,,,,
7,,11899,,,,0.44408345222473145,-8.672630310058594,,,
,,11949,,,273.0271816253662,,,,,
,,11949,,13.992786407470703,,,,,,
7,,11949,,,,0.43994140625,-8.615694999694824,,,
,,11999,,,272.4909782409668,,,,,
,,11999,,16.740083694458008,,,,,,
7,,11999,,,,0.44319868087768555,-8.63890266418457,,,
,,12049,,,276.54504776000977,,,,,
,,12049,,11.29770278930664,,,,,,
7,,12049,,,,0.4385087490081787,-8.68246078491211,,,
,,12099,,,274.7938632965088,,,,,
,,12099,,22.09925651550293,,,,,,
7,,12099,,,,0.43415403366088867,-8.645750999450684,,,
,,12149,,,272.993803024292,,,,,
,,12149,,13.685941696166992,,,,,,
7,,12149,,,,0.4345434904098511,-8.667094230651855,,,
,,12199,,,282.0239067077637,,,,,
,,12199,,16.47043228149414,,,,,,
7,,12199,,,,0.4318428039550781,-8.609334945678711,,,
,,12249,,,274.5993137359619,,,,,
,,12249,,13.615608215332031,,,,,,
7,,12249,,,,0.4349023103713989,-8.661858558654785,,,
,,12299,,,275.4840850830078,,,,,
,,12299,,22.423505783081055,,,,,,
7,,12299,,,,0.4326951503753662,-8.6381196975708,,,
,,12349,,,278.01036834716797,,,,,
,,12349,,9.271860122680664,,,,,,
7,,12349,,,,0.43430519104003906,-8.633536338806152,,,
,,12399,,,273.4875679016113,,,,,
,,12399,,25.207042694091797,,,,,,
7,,12399,,,,0.4279792308807373,-8.61417293548584,,,
,,12449,,,273.2212543487549,,,,,
,,12449,,13.89622688293457,,,,,,
7,,12449,,,,0.42870402336120605,-8.673260688781738,,,
,,12499,,,279.96325492858887,,,,,
,,12499,,16.57700538635254,,,,,,
7,,12499,,,,0.42567384243011475,-8.677958488464355,,,
7,,12503,,,,,,-7.821991443634033,-7.8805131912231445,-8.155070304870605
,,12504,559.037032365799,,,,,,,
,0.0003,12504,,,,,,,,
,,12549,,,280.63297271728516,,,,,
,,12549,,13.236284255981445,,,,,,
8,,12549,,,,0.4313962459564209,-8.577082633972168,,,
,,12599,,,274.3966579437256,,,,,
,,12599,,16.827106475830078,,,,,,
8,,12599,,,,0.43560266494750977,-8.56473445892334,,,
,,12649,,,287.68157958984375,,,,,
,,12649,,9.190559387207031,,,,,,
8,,12649,,,,0.4253060817718506,-8.613701820373535,,,
,,12699,,,283.87928009033203,,,,,
,,12699,,16.6170597076416,,,,,,
8,,12699,,,,0.41640210151672363,-8.729430198669434,,,
,,12749,,,273.82445335388184,,,,,
,,12749,,14.029264450073242,,,,,,
8,,12749,,,,0.42488551139831543,-8.61594009399414,,,
,,12799,,,283.8461399078369,,,,,
,,12799,,24.13320541381836,,,,,,
8,,12799,,,,0.4208488464355469,-8.652661323547363,,,
,,12849,,,285.0980758666992,,,,,
,,12849,,13.555765151977539,,,,,,
8,,12849,,,,0.42429375648498535,-8.693167686462402,,,
,,12899,,,282.48071670532227,,,,,
,,12899,,17.218589782714844,,,,,,
8,,12899,,,,0.4138295650482178,-8.674201965332031,,,
,,12949,,,274.4884490966797,,,,,
,,12949,,14.632701873779297,,,,,,
8,,12949,,,,0.4144420623779297,-8.643991470336914,,,
,,12999,,,282.4056148529053,,,,,
,,12999,,16.90983772277832,,,,,,
8,,12999,,,,0.410900354385376,-8.691662788391113,,,
,,13049,,,286.210298538208,,,,,
,,13049,,11.218070983886719,,,,,,
8,,13049,,,,0.4134957790374756,-8.657435417175293,,,
,,13099,,,288.6929512023926,,,,,
,,13099,,20.70927619934082,,,,,,
8,,13099,,,,0.4125492572784424,-8.627690315246582,,,
,,13149,,,273.7295627593994,,,,,
,,13149,,15.278100967407227,,,,,,
8,,13149,,,,0.4114854335784912,-8.624361038208008,,,
,,13199,,,273.39792251586914,,,,,
,,13199,,16.814231872558594,,,,,,
8,,13199,,,,0.4118163585662842,-8.668999671936035,,,
,,13249,,,277.0512104034424,,,,,
,,13249,,11.846303939819336,,,,,,
8,,13249,,,,0.40921616554260254,-8.664528846740723,,,
,,13299,,,273.7693786621094,,,,,
,,13299,,17.13418960571289,,,,,,
8,,13299,,,,0.4079153537750244,-8.633670806884766,,,
,,13349,,,283.7374210357666,,,,,
,,13349,,14.017581939697266,,,,,,
8,,13349,,,,0.4097566604614258,-8.659550666809082,,,
,,13399,,,274.8293876647949,,,,,
,,13399,,16.811609268188477,,,,,,
8,,13399,,,,0.40366578102111816,-8.682733535766602,,,
,,13449,,,284.5461368560791,,,,,
,,13449,,11.538982391357422,,,,,,
8,,13449,,,,0.40540099143981934,-8.619279861450195,,,
,,13499,,,285.7077121734619,,,,,
,,13499,,23.100614547729492,,,,,,
8,,13499,,,,0.40930867195129395,-8.625965118408203,,,
,,13549,,,275.85387229919434,,,,,
,,13549,,14.096975326538086,,,,,,
8,,13549,,,,0.4092080593109131,-8.624281883239746,,,
,,13599,,,281.33153915405273,,,,,
,,13599,,17.071247100830078,,,,,,
8,,13599,,,,0.3995375633239746,-8.685506820678711,,,
,,13649,,,290.0421619415283,,,,,
,,13649,,11.38758659362793,,,,,,
8,,13649,,,,0.40318000316619873,-8.64682388305664,,,
,,13699,,,288.0685329437256,,,,,
,,13699,,17.023324966430664,,,,,,
8,,13699,,,,0.4045374393463135,-8.671321868896484,,,
,,13749,,,286.9446277618408,,,,,
,,13749,,13.254642486572266,,,,,,
8,,13749,,,,0.3980414867401123,-8.635671615600586,,,
,,13799,,,281.59379959106445,,,,,
,,13799,,23.68903160095215,,,,,,
8,,13799,,,,0.39980316162109375,-8.672041893005371,,,
,,13849,,,279.7577381134033,,,,,
,,13849,,13.529539108276367,,,,,,
8,,13849,,,,0.39630770683288574,-8.702804565429688,,,
,,13899,,,278.21898460388184,,,,,
,,13899,,16.87335968017578,,,,,,
8,,13899,,,,0.39922213554382324,-8.604994773864746,,,
,,13949,,,292.2043800354004,,,,,
,,13949,,9.012222290039062,,,,,,
8,,13949,,,,0.39415574073791504,-8.666451454162598,,,
,,13999,,,291.8577194213867,,,,,
,,13999,,24.44005012512207,,,,,,
8,,13999,,,,0.3996713161468506,-8.639416694641113,,,
,,14049,,,278.792142868042,,,,,
,,14049,,14.037609100341797,,,,,,
8,,14049,,,,0.40155553817749023,-8.677764892578125,,,
8,,14066,,,,,,-7.817586898803711,-7.875153064727783,-8.15616226196289
,,14067,562.7371227741241,,,,,,,
,0.0003,14067,,,,,,,,
,,14099,,,279.75916862487793,,,,,
,,14099,,23.904800415039062,,,,,,
9,,14099,,,,0.40012121200561523,-8.683019638061523,,,
,,14149,,,279.0255546569824,,,,,
,,14149,,14.763355255126953,,,,,,
9,,14149,,,,0.3980724811553955,-8.694157600402832,,,
,,14199,,,293.2596206665039,,,,,
,,14199,,21.661043167114258,,,,,,
9,,14199,,,,0.39383363723754883,-8.72535514831543,,,
,,14249,,,284.0147018432617,,,,,
,,14249,,9.06062126159668,,,,,,
9,,14249,,,,0.3958914279937744,-8.651979446411133,,,
,,14299,,,289.50953483581543,,,,,
,,14299,,25.221586227416992,,,,,,
9,,14299,,,,0.3960644006729126,-8.69482421875,,,
,,14349,,,278.5623073577881,,,,,
,,14349,,13.483762741088867,,,,,,
9,,14349,,,,0.3987879753112793,-8.71049690246582,,,
,,14399,,,279.29139137268066,,,,,
,,14399,,17.061233520507812,,,,,,
9,,14399,,,,0.39280009269714355,-8.767715454101562,,,
,,14449,,,282.61756896972656,,,,,
,,14449,,10.27536392211914,,,,,,
9,,14449,,,,0.3969731330871582,-8.72524642944336,,,
,,14499,,,302.54387855529785,,,,,
,,14499,,18.049001693725586,,,,,,
9,,14499,,,,0.3859705924987793,-8.75277042388916,,,
,,14549,,,286.87214851379395,,,,,
,,14549,,13.239860534667969,,,,,,
9,,14549,,,,0.3901689052581787,-8.71117877960205,,,
,,14599,,,278.5301208496094,,,,,
,,14599,,16.58010482788086,,,,,,
9,,14599,,,,0.38831543922424316,-8.699811935424805,,,
,,14649,,,279.263973236084,,,,,
,,14649,,15.361309051513672,,,,,,
9,,14649,,,,0.3850531578063965,-8.78061294555664,,,
,,14699,,,284.51061248779297,,,,,
,,14699,,25.385141372680664,,,,,,
9,,14699,,,,0.3793814182281494,-8.819924354553223,,,
,,14749,,,294.0530776977539,,,,,
,,14749,,10.095834732055664,,,,,,
9,,14749,,,,0.3886861801147461,-8.757606506347656,,,
,,14799,,,290.5573844909668,,,,,
,,14799,,25.577068328857422,,,,,,
9,,14799,,,,0.3839688301086426,-8.789822578430176,,,
,,14849,,,279.04343605041504,,,,,
,,14849,,13.499736785888672,,,,,,
9,,14849,,,,0.37893128395080566,-8.779189109802246,,,
,,14899,,,291.0583019256592,,,,,
,,14899,,21.543264389038086,,,,,,
9,,14899,,,,0.37352776527404785,-8.736679077148438,,,
,,14949,,,287.2278690338135,,,,,
,,14949,,13.116121292114258,,,,,,
9,,14949,,,,0.36879992485046387,-8.807892799377441,,,
,,14999,,,288.7578010559082,,,,,
,,14999,,25.736331939697266,,,,,,
9,,14999,,,,0.3655986785888672,-8.770007133483887,,,
,,15049,,,287.2469425201416,,,,,
,,15049,,14.985799789428711,,,,,,
9,,15049,,,,0.36635684967041016,-8.795319557189941,,,
,,15099,,,294.94333267211914,,,,,
,,15099,,26.311635971069336,,,,,,
9,,15099,,,,0.3705294132232666,-8.863776206970215,,,
,,15149,,,279.3457508087158,,,,,
,,15149,,12.990236282348633,,,,,,
9,,15149,,,,0.36563825607299805,-8.962739944458008,,,
,,15199,,,290.7671928405762,,,,,
,,15199,,21.025896072387695,,,,,,
9,,15199,,,,0.3726308345794678,-8.825292587280273,,,
,,15249,,,283.6132049560547,,,,,
,,15249,,9.09423828125,,,,,,
9,,15249,,,,0.363242506980896,-8.907214164733887,,,
,,15299,,,287.1677875518799,,,,,
,,15299,,16.628026962280273,,,,,,
9,,15299,,,,0.36642885208129883,-8.937212944030762,,,
,,15349,,,285.53247451782227,,,,,
,,15349,,13.652324676513672,,,,,,
9,,15349,,,,0.36385130882263184,-8.834179878234863,,,
,,15399,,,283.3552360534668,,,,,
,,15399,,22.20773696899414,,,,,,
9,,15399,,,,0.36375975608825684,-8.938138008117676,,,
,,15449,,,278.95450592041016,,,,,
,,15449,,12.932062149047852,,,,,,
9,,15449,,,,0.36327147483825684,-8.985578536987305,,,
,,15499,,,278.5003185272217,,,,,
,,15499,,25.321483612060547,,,,,,
9,,15499,,,,0.3641788959503174,-8.952812194824219,,,
,,15549,,,278.5482406616211,,,,,
,,15549,,13.582229614257812,,,,,,
9,,15549,,,,0.3660118579864502,-8.999764442443848,,,
,,15599,,,287.42074966430664,,,,,
,,15599,,22.150278091430664,,,,,,
9,,15599,,,,0.3592660427093506,-9.020554542541504,,,
9,,15629,,,,,,-7.813039779663086,-7.866998672485352,-8.13542652130127
,,15630,567.8949100971222,,,,,,,
,0.0003,15630,,,,,,,,
,,15649,,,295.4540252685547,,,,,
,,15649,,11.594533920288086,,,,,,
10,,15649,,,,0.3484632968902588,-9.020153045654297,,,
,,15699,,,277.94933319091797,,,,,
,,15699,,17.020702362060547,,,,,,
10,,15699,,,,0.3571901321411133,-9.069640159606934,,,
,,15749,,,278.6378860473633,,,,,
,,15749,,13.423919677734375,,,,,,
10,,15749,,,,0.3601667881011963,-9.085991859436035,,,
,,15799,,,279.04820442199707,,,,,
,,15799,,23.57316017150879,,,,,,
10,,15799,,,,0.35474443435668945,-9.075264930725098,,,
,,15849,,,277.29320526123047,,,,,
,,15849,,14.053583145141602,,,,,,
10,,15849,,,,0.3458821773529053,-9.146193504333496,,,
,,15899,,,277.6017189025879,,,,,
,,15899,,16.891956329345703,,,,,,
10,,15899,,,,0.35620617866516113,-9.03679084777832,,,
,,15949,,,276.716947555542,,,,,
,,15949,,15.102863311767578,,,,,,
10,,15949,,,,0.35083770751953125,-9.13782787322998,,,
,,15999,,,285.13073921203613,,,,,
,,15999,,26.310443878173828,,,,,,
10,,15999,,,,0.3515603542327881,-9.169190406799316,,,
,,16049,,,287.7652645111084,,,,,
,,16049,,10.586977005004883,,,,,,
10,,16049,,,,0.34963297843933105,-9.039583206176758,,,
,,16099,,,285.7708930969238,,,,,
,,16099,,17.305612564086914,,,,,,
10,,16099,,,,0.35231733322143555,-9.068769454956055,,,
,,16149,,,276.3221263885498,,,,,
,,16149,,14.343023300170898,,,,,,
10,,16149,,,,0.3454585075378418,-9.183680534362793,,,
,,16199,,,284.61289405822754,,,,,
,,16199,,16.75724983215332,,,,,,
10,,16199,,,,0.3534696102142334,-9.135732650756836,,,
,,16249,,,290.6501293182373,,,,,
,,16249,,8.544683456420898,,,,,,
10,,16249,,,,0.35013818740844727,-9.181849479675293,,,
,,16299,,,292.44112968444824,,,,,
,,16299,,21.744489669799805,,,,,,
10,,16299,,,,0.34491920471191406,-8.985733032226562,,,
,,16349,,,277.33683586120605,,,,,
,,16349,,14.068126678466797,,,,,,
10,,16349,,,,0.3478142023086548,-9.040430068969727,,,
,,16399,,,279.85596656799316,,,,,
,,16399,,23.46658706665039,,,,,,
10,,16399,,,,0.3430287837982178,-9.116413116455078,,,
,,16449,,,277.15158462524414,,,,,
,,16449,,13.472557067871094,,,,,,
10,,16449,,,,0.34598493576049805,-9.099715232849121,,,
,,16499,,,276.7987251281738,,,,,
,,16499,,17.29750633239746,,,,,,
10,,16499,,,,0.3407020568847656,-9.197755813598633,,,
,,16549,,,286.9906425476074,,,,,
,,16549,,13.538360595703125,,,,,,
10,,16549,,,,0.3377981185913086,-9.186640739440918,,,
,,16599,,,288.8212203979492,,,,,
,,16599,,17.061233520507812,,,,,,
10,,16599,,,,0.3369729518890381,-9.192349433898926,,,
,,16649,,,286.9606018066406,,,,,
,,16649,,13.213634490966797,,,,,,
10,,16649,,,,0.3449687957763672,-9.022008895874023,,,
,,16699,,,286.24820709228516,,,,,
,,16699,,17.311811447143555,,,,,,
10,,16699,,,,0.3432462215423584,-9.143062591552734,,,
,,16749,,,276.78918838500977,,,,,
,,16749,,14.063358306884766,,,,,,
10,,16749,,,,0.3416473865509033,-9.132731437683105,,,
,,16799,,,285.77423095703125,,,,,
,,16799,,26.389598846435547,,,,,,
10,,16799,,,,0.33669137954711914,-9.274617195129395,,,
,,16849,,,285.3975296020508,,,,,
,,16849,,13.614654541015625,,,,,,
10,,16849,,,,0.3385496139526367,-9.200247764587402,,,
,,16899,,,292.4919128417969,,,,,
,,16899,,24.0933895111084,,,,,,
10,,16899,,,,0.33222150802612305,-9.15125560760498,,,
,,16949,,,277.25672721862793,,,,,
,,16949,,13.971567153930664,,,,,,
10,,16949,,,,0.3352992534637451,-9.145384788513184,,,
,,16999,,,277.4319648742676,,,,,
,,16999,,26.368379592895508,,,,,,
10,,16999,,,,0.3433551788330078,-9.055153846740723,,,
,,17049,,,285.9365940093994,,,,,
,,17049,,13.22317123413086,,,,,,
10,,17049,,,,0.3410860300064087,-9.19670295715332,,,
,,17099,,,279.7739505767822,,,,,
,,17099,,25.91109275817871,,,,,,
10,,17099,,,,0.33182311058044434,-9.295653343200684,,,
,,17149,,,285.6130599975586,,,,,
,,17149,,12.180566787719727,,,,,,
10,,17149,,,,0.34005308151245117,-9.163040161132812,,,
10,,17192,,,,,,-7.808979034423828,-7.861663341522217,-8.146526336669922
,,17193,565.9452846050262,,,,,,,
,0.0003,17193,,,,,,,,
,,17199,,,282.5310230255127,,,,,
,,17199,,22.487163543701172,,,,,,
11,,17199,,,,0.34598398208618164,-9.17127799987793,,,
,,17249,,,291.31484031677246,,,,,
,,17249,,11.703014373779297,,,,,,
11,,17249,,,,0.34415268898010254,-9.144573211669922,,,
,,17299,,,284.9240303039551,,,,,
,,17299,,25.582551956176758,,,,,,
11,,17299,,,,0.34055018424987793,-9.070902824401855,,,
,,17349,,,275.3264904022217,,,,,
,,17349,,13.394355773925781,,,,,,
11,,17349,,,,0.3334999084472656,-9.334112167358398,,,
,,17399,,,283.9624881744385,,,,,
,,17399,,16.74818992614746,,,,,,
11,,17399,,,,0.33540821075439453,-9.234086990356445,,,
,,17449,,,282.72247314453125,,,,,
,,17449,,13.206005096435547,,,,,,
11,,17449,,,,0.33765149116516113,-9.222429275512695,,,
,,17499,,,285.200834274292,,,,,
,,17499,,16.666412353515625,,,,,,
11,,17499,,,,0.34651732444763184,-9.156085014343262,,,
,,17549,,,276.97181701660156,,,,,
,,17549,,11.772394180297852,,,,,,
11,,17549,,,,0.3469541072845459,-9.052051544189453,,,
,,17599,,,283.25939178466797,,,,,
,,17599,,16.805410385131836,,,,,,
11,,17599,,,,0.3363114595413208,-9.250545501708984,,,
,,17649,,,275.6049633026123,,,,,
,,17649,,13.335704803466797,,,,,,
11,,17649,,,,0.33176684379577637,-9.275968551635742,,,
,,17699,,,282.11140632629395,,,,,
,,17699,,21.99530601501465,,,,,,
11,,17699,,,,0.3320894241333008,-9.261116981506348,,,
,,17749,,,288.53368759155273,,,,,
,,17749,,11.620044708251953,,,,,,
11,,17749,,,,0.3254547119140625,-9.209866523742676,,,
,,17799,,,294.1141128540039,,,,,
,,17799,,24.16515350341797,,,,,,
11,,17799,,,,0.3268444538116455,-9.23420238494873,,,
,,17849,,,283.77246856689453,,,,,
,,17849,,12.728214263916016,,,,,,
11,,17849,,,,0.3256540298461914,-9.22650146484375,,,
,,17899,,,286.6706848144531,,,,,
,,17899,,23.34904670715332,,,,,,
11,,17899,,,,0.32275986671447754,-9.249847412109375,,,
,,17949,,,286.5767478942871,,,,,
,,17949,,14.222860336303711,,,,,,
11,,17949,,,,0.3283865451812744,-9.159774780273438,,,
,,17999,,,277.65607833862305,,,,,
,,17999,,22.5830078125,,,,,,
11,,17999,,,,0.329348087310791,-9.181514739990234,,,
,,18049,,,275.41661262512207,,,,,
,,18049,,13.306140899658203,,,,,,
11,,18049,,,,0.320603609085083,-9.243081092834473,,,
,,18099,,,287.369966506958,,,,,
,,18099,,17.18759536743164,,,,,,
11,,18099,,,,0.32343459129333496,-9.301066398620605,,,
,,18149,,,283.94222259521484,,,,,
,,18149,,15.254974365234375,,,,,,
11,,18149,,,,0.3273780345916748,-9.05128002166748,,,
,,18199,,,283.08701515197754,,,,,
,,18199,,25.783300399780273,,,,,,
11,,18199,,,,0.32189321517944336,-9.313186645507812,,,
,,18249,,,287.62125968933105,,,,,
,,18249,,11.636018753051758,,,,,,
11,,18249,,,,0.32927846908569336,-9.207401275634766,,,
,,18299,,,276.18861198425293,,,,,
,,18299,,16.60442352294922,,,,,,
11,,18299,,,,0.3193035125732422,-9.177729606628418,,,
,,18349,,,284.5463752746582,,,,,
,,18349,,12.449979782104492,,,,,,
11,,18349,,,,0.3196685314178467,-9.086958885192871,,,
,,18399,,,286.01813316345215,,,,,
,,18399,,23.099184036254883,,,,,,
11,,18399,,,,0.3311467170715332,-9.200377464294434,,,
,,18449,,,286.7553234100342,,,,,
,,18449,,11.492013931274414,,,,,,
11,,18449,,,,0.32091355323791504,-9.215319633483887,,,
,,18499,,,277.1155834197998,,,,,
,,18499,,16.72506332397461,,,,,,
11,,18499,,,,0.33206915855407715,-9.126387596130371,,,
,,18549,,,290.50540924072266,,,,,
,,18549,,9.460687637329102,,,,,,
11,,18549,,,,0.33123254776000977,-9.17020320892334,,,
,,18599,,,290.1155948638916,,,,,
,,18599,,22.939443588256836,,,,,,
11,,18599,,,,0.3342628479003906,-9.091981887817383,,,
,,18649,,,276.0143280029297,,,,,
,,18649,,14.043092727661133,,,,,,
11,,18649,,,,0.32811427116394043,-9.272806167602539,,,
,,18699,,,285.14742851257324,,,,,
,,18699,,24.733543395996094,,,,,,
11,,18699,,,,0.3355410099029541,-9.269794464111328,,,
,,18749,,,275.82383155822754,,,,,
,,18749,,13.043403625488281,,,,,,
11,,18749,,,,0.3269929885864258,-9.160944938659668,,,
11,,18755,,,,,,-7.805397033691406,-7.856801509857178,-8.135035514831543
,,18756,562.4721260070801,,,,,,,
,0.0003,18756,,,,,,,,
,,18799,,,276.51453018188477,,,,,
,,18799,,26.095867156982422,,,,,,
12,,18799,,,,0.3306138515472412,-9.132494926452637,,,
,,18849,,,275.01392364501953,,,,,
,,18849,,13.817310333251953,,,,,,
12,,18849,,,,0.3243800401687622,-9.087056159973145,,,
,,18899,,,276.23629570007324,,,,,
,,18899,,16.753196716308594,,,,,,
12,,18899,,,,0.328582763671875,-9.184720039367676,,,
,,18949,,,278.34033966064453,,,,,
,,18949,,11.052131652832031,,,,,,
12,,18949,,,,0.32468223571777344,-9.165263175964355,,,
,,18999,,,276.0610580444336,,,,,
,,18999,,16.772031784057617,,,,,,
12,,18999,,,,0.3249528408050537,-9.193312644958496,,,
,,19049,,,284.0566635131836,,,,,
,,19049,,12.738943099975586,,,,,,
12,,19049,,,,0.32653093338012695,-9.143957138061523,,,
,,19099,,,283.04052352905273,,,,,
,,19099,,25.403976440429688,,,,,,
12,,19099,,,,0.3243391513824463,-9.138028144836426,,,
,,19149,,,276.5541076660156,,,,,
,,19149,,13.177871704101562,,,,,,
12,,19149,,,,0.3158693313598633,-9.107748031616211,,,
,,19199,,,276.8218517303467,,,,,
,,19199,,23.532390594482422,,,,,,
12,,19199,,,,0.32292723655700684,-9.190777778625488,,,
,,19249,,,288.3772850036621,,,,,
,,19249,,8.966207504272461,,,,,,
12,,19249,,,,0.31914734840393066,-9.277055740356445,,,
,,19299,,,285.1724624633789,,,,,
,,19299,,17.015933990478516,,,,,,
12,,19299,,,,0.3042104244232178,-9.21397590637207,,,
,,19349,,,275.5403518676758,,,,,
,,19349,,15.565872192382812,,,,,,
12,,19349,,,,0.3152048587799072,-9.283553123474121,,,
,,19399,,,285.0759029388428,,,,,
,,19399,,16.777515411376953,,,,,,
12,,19399,,,,0.3214871883392334,-9.182581901550293,,,
,,19449,,,275.4225730895996,,,,,
,,19449,,15.866994857788086,,,,,,
12,,19449,,,,0.321580171585083,-9.21599006652832,,,
,,19499,,,277.20117568969727,,,,,
,,19499,,25.688886642456055,,,,,,
12,,19499,,,,0.3254079818725586,-9.195866584777832,,,
,,19549,,,276.10015869140625,,,,,
,,19549,,12.877464294433594,,,,,,
12,,19549,,,,0.3293696641921997,-9.200183868408203,,,
,,19599,,,302.048921585083,,,,,
,,19599,,27.25529670715332,,,,,,
12,,19599,,,,0.32363104820251465,-9.189889907836914,,,
,,19649,,,283.9667797088623,,,,,
,,19649,,13.067007064819336,,,,,,
12,,19649,,,,0.32586240768432617,-9.12939739227295,,,
,,19699,,,285.2489948272705,,,,,
,,19699,,25.9397029876709,,,,,,
12,,19699,,,,0.3231165409088135,-9.164538383483887,,,
,,19749,,,275.0270366668701,,,,,
,,19749,,13.663768768310547,,,,,,
12,,19749,,,,0.32506227493286133,-9.179182052612305,,,
,,19799,,,282.84716606140137,,,,,
,,19799,,16.836166381835938,,,,,,
12,,19799,,,,0.32207703590393066,-9.161678314208984,,,
,,19849,,,276.4005661010742,,,,,
,,19849,,13.150930404663086,,,,,,
12,,19849,,,,0.3299691677093506,-9.196908950805664,,,
,,19899,,,287.6851558685303,,,,,
,,19899,,23.263216018676758,,,,,,
12,,19899,,,,0.32903099060058594,-9.144862174987793,,,
,,19949,,,283.93006324768066,,,,,
,,19949,,15.022754669189453,,,,,,
12,,19949,,,,0.3323535919189453,-9.102858543395996,,,
,,19999,,,287.1971130371094,,,,,
,,19999,,17.16303825378418,,,,,,
12,,19999,,,,0.32488584518432617,-9.168951988220215,,,
,,20049,,,283.9632034301758,,,,,
,,20049,,12.966632843017578,,,,,,
12,,20049,,,,0.32925307750701904,-9.148053169250488,,,
,,20099,,,284.0309143066406,,,,,
,,20099,,25.508880615234375,,,,,,
12,,20099,,,,0.32349061965942383,-9.126215934753418,,,
,,20149,,,277.6496410369873,,,,,
,,20149,,12.80069351196289,,,,,,
12,,20149,,,,0.33074188232421875,-9.029655456542969,,,
,,20199,,,284.35564041137695,,,,,
,,20199,,25.61497688293457,,,,,,
12,,20199,,,,0.32562875747680664,-9.18062973022461,,,
,,20249,,,276.48282051086426,,,,,
,,20249,,12.628793716430664,,,,,,
12,,20249,,,,0.32812929153442383,-9.127853393554688,,,
,,20299,,,285.2747440338135,,,,,
,,20299,,25.78115463256836,,,,,,
12,,20299,,,,0.32143068313598633,-9.086993217468262,,,
12,,20318,,,,,,-7.801426410675049,-7.849171161651611,-8.120139122009277
,,20319,562.7782611846924,,,,,,,
,0.0003,20319,,,,,,,,
,,20349,,,276.6590118408203,,,,,
,,20349,,11.989831924438477,,,,,,
13,,20349,,,,0.32610392570495605,-9.088584899902344,,,
,,20399,,,284.8021984100342,,,,,
,,20399,,16.895771026611328,,,,,,
13,,20399,,,,0.3287620544433594,-9.089743614196777,,,
,,20449,,,278.95164489746094,,,,,
,,20449,,10.443687438964844,,,,,,
13,,20449,,,,0.3188924789428711,-9.193365097045898,,,
,,20499,,,285.77399253845215,,,,,
,,20499,,25.292396545410156,,,,,,
13,,20499,,,,0.325225830078125,-9.194780349731445,,,
,,20549,,,277.2681713104248,,,,,
,,20549,,14.245986938476562,,,,,,
13,,20549,,,,0.32317233085632324,-9.135127067565918,,,
,,20599,,,279.2243957519531,,,,,
,,20599,,22.486448287963867,,,,,,
13,,20599,,,,0.3116295337677002,-9.151873588562012,,,
,,20649,,,277.4393558502197,,,,,
,,20649,,13.684988021850586,,,,,,
13,,20649,,,,0.3204832077026367,-9.092103004455566,,,
,,20699,,,282.9616069793701,,,,,
,,20699,,16.746997833251953,,,,,,
13,,20699,,,,0.32275962829589844,-9.2863187789917,,,
,,20749,,,280.2746295928955,,,,,
,,20749,,9.57345962524414,,,,,,
13,,20749,,,,0.3148152828216553,-9.170044898986816,,,
,,20799,,,284.69300270080566,,,,,
,,20799,,16.962051391601562,,,,,,
13,,20799,,,,0.31333446502685547,-9.252629280090332,,,
,,20849,,,276.70931816101074,,,,,
,,20849,,12.191534042358398,,,,,,
13,,20849,,,,0.31826353073120117,-9.186352729797363,,,
,,20899,,,278.35941314697266,,,,,
,,20899,,21.55017852783203,,,,,,
13,,20899,,,,0.32009053230285645,-9.055730819702148,,,
,,20949,,,287.2753143310547,,,,,
,,20949,,12.397289276123047,,,,,,
13,,20949,,,,0.31804442405700684,-9.15192699432373,,,
,,20999,,,288.3725166320801,,,,,
,,20999,,25.611400604248047,,,,,,
13,,20999,,,,0.3171703815460205,-9.133036613464355,,,
,,21049,,,277.7690887451172,,,,,
,,21049,,12.37177848815918,,,,,,
13,,21049,,,,0.3198821544647217,-9.069982528686523,,,
,,21099,,,286.0980033874512,,,,,
,,21099,,25.63619613647461,,,,,,
13,,21099,,,,0.3109474182128906,-9.254884719848633,,,
,,21149,,,289.5810604095459,,,,,
,,21149,,7.092952728271484,,,,,,
13,,21149,,,,0.31086206436157227,-9.142139434814453,,,
,,21199,,,278.49626541137695,,,,,
,,21199,,22.65024185180664,,,,,,
13,,21199,,,,0.31311726570129395,-9.257542610168457,,,
,,21249,,,276.6246795654297,,,,,
,,21249,,14.58597183227539,,,,,,
13,,21249,,,,0.3169546127319336,-9.042786598205566,,,
,,21299,,,276.37338638305664,,,,,
,,21299,,16.87479019165039,,,,,,
13,,21299,,,,0.3104074001312256,-9.17426586151123,,,
,,21349,,,284.31129455566406,,,,,
,,21349,,12.082338333129883,,,,,,
13,,21349,,,,0.31447625160217285,-9.201325416564941,,,
,,21399,,,284.78527069091797,,,,,
,,21399,,16.615629196166992,,,,,,
13,,21399,,,,0.30599021911621094,-9.206527709960938,,,
,,21449,,,275.74801445007324,,,,,
,,21449,,12.378931045532227,,,,,,
13,,21449,,,,0.31179356575012207,-9.194856643676758,,,
,,21499,,,282.4821472167969,,,,,
,,21499,,23.530244827270508,,,,,,
13,,21499,,,,0.30790209770202637,-9.171403884887695,,,
,,21549,,,277.6064872741699,,,,,
,,21549,,11.547088623046875,,,,,,
13,,21549,,,,0.30946946144104004,-9.098276138305664,,,
,,21599,,,281.4018726348877,,,,,
,,21599,,17.390966415405273,,,,,,
13,,21599,,,,0.3098015785217285,-9.120119094848633,,,
,,21649,,,276.99851989746094,,,,,
,,21649,,11.92164421081543,,,,,,
13,,21649,,,,0.31262636184692383,-9.144049644470215,,,
,,21699,,,276.2939929962158,,,,,
,,21699,,16.663789749145508,,,,,,
13,,21699,,,,0.31813621520996094,-9.018641471862793,,,
,,21749,,,287.3497009277344,,,,,
,,21749,,11.296987533569336,,,,,,
13,,21749,,,,0.3192758560180664,-9.017656326293945,,,
,,21799,,,287.37902641296387,,,,,
,,21799,,23.439407348632812,,,,,,
13,,21799,,,,0.3137122392654419,-9.130219459533691,,,
,,21849,,,277.16612815856934,,,,,
,,21849,,11.71255111694336,,,,,,
13,,21849,,,,0.3182419538497925,-9.220786094665527,,,
13,,21881,,,,,,-7.798232078552246,-7.844438076019287,-8.115622520446777
,,21882,562.9716212749481,,,,,,,
,0.0003,21882,,,,,,,,
,,21899,,,281.1875343322754,,,,,
,,21899,,23.985624313354492,,,,,,
14,,21899,,,,0.3214240074157715,-9.15369701385498,,,
,,21949,,,291.49675369262695,,,,,
,,21949,,6.656646728515625,,,,,,
14,,21949,,,,0.32131004333496094,-9.226542472839355,,,
,,21999,,,287.7812385559082,,,,,
,,21999,,25.653362274169922,,,,,,
14,,21999,,,,0.32860398292541504,-9.007492065429688,,,
,,22049,,,277.1430015563965,,,,,
,,22049,,12.424468994140625,,,,,,
14,,22049,,,,0.3154311180114746,-9.112279891967773,,,
,,22099,,,285.8901023864746,,,,,
,,22099,,24.987459182739258,,,,,,
14,,22099,,,,0.32246875762939453,-9.041051864624023,,,
,,22149,,,276.5932083129883,,,,,
,,22149,,12.308835983276367,,,,,,
14,,22149,,,,0.31751108169555664,-9.068852424621582,,,
,,22199,,,289.4723415374756,,,,,
,,22199,,23.2846736907959,,,,,,
14,,22199,,,,0.3283042907714844,-8.984604835510254,,,
,,22249,,,276.72767639160156,,,,,
,,22249,,11.723041534423828,,,,,,
14,,22249,,,,0.31818342208862305,-9.07132625579834,,,
,,22299,,,285.006046295166,,,,,
,,22299,,17.028093338012695,,,,,,
14,,22299,,,,0.31874871253967285,-9.181633949279785,,,
,,22349,,,290.56525230407715,,,,,
,,22349,,7.013082504272461,,,,,,
14,,22349,,,,0.32337069511413574,-9.087289810180664,,,
,,22399,,,275.6462097167969,,,,,
,,22399,,17.007112503051758,,,,,,
14,,22399,,,,0.32448387145996094,-9.062844276428223,,,
,,22449,,,284.773588180542,,,,,
,,22449,,12.301206588745117,,,,,,
14,,22449,,,,0.32617878913879395,-9.065584182739258,,,
,,22499,,,279.6509265899658,,,,,
,,22499,,17.042875289916992,,,,,,
14,,22499,,,,0.32694101333618164,-9.133458137512207,,,
,,22549,,,278.8128852844238,,,,,
,,22549,,11.705160140991211,,,,,,
14,,22549,,,,0.32578134536743164,-9.024542808532715,,,
,,22599,,,280.0142765045166,,,,,
,,22599,,22.41683006286621,,,,,,
14,,22599,,,,0.32825136184692383,-9.100738525390625,,,
,,22649,,,282.56964683532715,,,,,
,,22649,,9.599447250366211,,,,,,
14,,22649,,,,0.32456374168395996,-9.177634239196777,,,
,,22699,,,278.3546447753906,,,,,
,,22699,,17.34614372253418,,,,,,
14,,22699,,,,0.3300206661224365,-9.026155471801758,,,
,,22749,,,291.37492179870605,,,,,
,,22749,,11.15870475769043,,,,,,
14,,22749,,,,0.33002400398254395,-9.059276580810547,,,
,,22799,,,290.2054786682129,,,,,
,,22799,,21.99244499206543,,,,,,
14,,22799,,,,0.3291585445404053,-9.015177726745605,,,
,,22849,,,279.9866199493408,,,,,
,,22849,,9.190797805786133,,,,,,
14,,22849,,,,0.32511723041534424,-9.06378173828125,,,
,,22899,,,285.3062152862549,,,,,
,,22899,,25.65312385559082,,,,,,
14,,22899,,,,0.3242696523666382,-8.986776351928711,,,
,,22949,,,276.3781547546387,,,,,
,,22949,,14.830827713012695,,,,,,
14,,22949,,,,0.31467103958129883,-9.156538009643555,,,
,,22999,,,289.3860340118408,,,,,
,,22999,,25.234699249267578,,,,,,
14,,22999,,,,0.3156336545944214,-9.027307510375977,,,
,,23049,,,289.9181842803955,,,,,
,,23049,,10.180473327636719,,,,,,
14,,23049,,,,0.3119640350341797,-9.03043270111084,,,
,,23099,,,279.93059158325195,,,,,
,,23099,,21.86727523803711,,,,,,
14,,23099,,,,0.312164306640625,-9.15563678741455,,,
,,23149,,,277.0817279815674,,,,,
,,23149,,11.46388053894043,,,,,,
14,,23149,,,,0.3121986389160156,-9.100640296936035,,,
,,23199,,,276.54099464416504,,,,,
,,23199,,16.838550567626953,,,,,,
14,,23199,,,,0.31725120544433594,-9.080833435058594,,,
,,23249,,,276.2258052825928,,,,,
,,23249,,12.208700180053711,,,,,,
14,,23249,,,,0.3092613220214844,-9.145938873291016,,,
,,23299,,,287.2600555419922,,,,,
,,23299,,22.197723388671875,,,,,,
14,,23299,,,,0.32974886894226074,-9.036223411560059,,,
,,23349,,,278.5804271697998,,,,,
,,23349,,10.339021682739258,,,,,,
14,,23349,,,,0.3266868591308594,-9.073625564575195,,,
,,23399,,,304.5494556427002,,,,,
,,23399,,18.33033561706543,,,,,,
14,,23399,,,,0.3212987184524536,-9.043464660644531,,,
14,,23444,,,,,,-7.797189712524414,-7.842421054840088,-8.088541984558105
,,23445,563.9483218193054,,,,,,,
,0.0003,23445,,,,,,,,
,,23449,,,280.93671798706055,,,,,
,,23449,,8.807182312011719,,,,,,
15,,23449,,,,0.3206033706665039,-9.120951652526855,,,
,,23499,,,280.49731254577637,,,,,
,,23499,,22.801637649536133,,,,,,
15,,23499,,,,0.3251481056213379,-9.108803749084473,,,
,,23549,,,284.3437194824219,,,,,
,,23549,,14.322519302368164,,,,,,
15,,23549,,,,0.31991100311279297,-9.12564754486084,,,
,,23599,,,290.4784679412842,,,,,
,,23599,,19.25182342529297,,,,,,
15,,23599,,,,0.31737828254699707,-9.014130592346191,,,
,,23649,,,320.0945854187012,,,,,
,,23649,,2.9616355895996094,,,,,,
15,,23649,,,,0.3104219436645508,-9.16981315612793,,,
,,23699,,,285.062313079834,,,,,
,,23699,,25.455713272094727,,,,,,
15,,23699,,,,0.3076171875,-9.108233451843262,,,
,,23749,,,286.7395877838135,,,,,
,,23749,,13.891220092773438,,,,,,
15,,23749,,,,0.3118724822998047,-9.124792098999023,,,
,,23799,,,285.0809097290039,,,,,
,,23799,,25.275707244873047,,,,,,
15,,23799,,,,0.30562663078308105,-9.142926216125488,,,
,,23849,,,284.8198413848877,,,,,
,,23849,,12.143611907958984,,,,,,
15,,23849,,,,0.30619990825653076,-9.203222274780273,,,
,,23899,,,286.5025997161865,,,,,
,,23899,,17.08984375,,,,,,
15,,23899,,,,0.3185403347015381,-9.158904075622559,,,
,,23949,,,287.0790958404541,,,,,
,,23949,,10.710477828979492,,,,,,
15,,23949,,,,0.3139326572418213,-9.13650894165039,,,
,,23999,,,285.14599800109863,,,,,
,,23999,,17.14611053466797,,,,,,
15,,23999,,,,0.3137693405151367,-9.131623268127441,,,
,,24049,,,285.7317924499512,,,,,
,,24049,,14.476537704467773,,,,,,
15,,24049,,,,0.31264352798461914,-8.953218460083008,,,
,,24099,,,296.7946529388428,,,,,
,,24099,,20.971298217773438,,,,,,
15,,24099,,,,0.3158900737762451,-9.169066429138184,,,
,,24149,,,276.13139152526855,,,,,
,,24149,,12.037277221679688,,,,,,
15,,24149,,,,0.3181192874908447,-9.033318519592285,,,
,,24199,,,287.08815574645996,,,,,
,,24199,,25.147199630737305,,,,,,
15,,24199,,,,0.3166232109069824,-9.064151763916016,,,
,,24249,,,294.43979263305664,,,,,
,,24249,,7.065057754516602,,,,,,
15,,24249,,,,0.30783724784851074,-9.153618812561035,,,
,,24299,,,279.1178226470947,,,,,
,,24299,,25.3143310546875,,,,,,
15,,24299,,,,0.3139634132385254,-9.084607124328613,,,
,,24349,,,287.55831718444824,,,,,
,,24349,,9.864568710327148,,,,,,
15,,24349,,,,0.3120155334472656,-9.126443862915039,,,
,,24399,,,288.4955406188965,,,,,
,,24399,,17.035722732543945,,,,,,
15,,24399,,,,0.31746411323547363,-9.066781997680664,,,
,,24449,,,277.6074409484863,,,,,
,,24449,,14.363527297973633,,,,,,
15,,24449,,,,0.30842626094818115,-9.134671211242676,,,
,,24499,,,277.5754928588867,,,,,
,,24499,,16.741275787353516,,,,,,
15,,24499,,,,0.3112456798553467,-9.085227012634277,,,
,,24549,,,280.22170066833496,,,,,
,,24549,,10.249137878417969,,,,,,
15,,24549,,,,0.3177156448364258,-8.965263366699219,,,
,,24599,,,287.2593402862549,,,,,
,,24599,,16.96014404296875,,,,,,
15,,24599,,,,0.31534695625305176,-9.01537799835205,,,
,,24649,,,279.6661853790283,,,,,
,,24649,,9.853363037109375,,,,,,
15,,24649,,,,0.3096046447753906,-9.111555099487305,,,
,,24699,,,287.5046730041504,,,,,
,,24699,,21.22640609741211,,,,,,
15,,24699,,,,0.3138084411621094,-9.064330101013184,,,
,,24749,,,285.2306365966797,,,,,
,,24749,,14.071226119995117,,,,,,
15,,24749,,,,0.31583523750305176,-9.023634910583496,,,
,,24799,,,284.6248149871826,,,,,
,,24799,,16.643285751342773,,,,,,
15,,24799,,,,0.3097386360168457,-9.143754959106445,,,
,,24849,,,289.74318504333496,,,,,
,,24849,,10.164499282836914,,,,,,
15,,24849,,,,0.32189786434173584,-9.027898788452148,,,
,,24899,,,283.0679416656494,,,,,
,,24899,,22.339820861816406,,,,,,
15,,24899,,,,0.31997060775756836,-9.01327896118164,,,
,,24949,,,278.91087532043457,,,,,
,,24949,,11.211633682250977,,,,,,
15,,24949,,,,0.3242366313934326,-8.939723014831543,,,
,,24999,,,276.69644355773926,,,,,
,,24999,,16.95728302001953,,,,,,
15,,24999,,,,0.32485389709472656,-9.010757446289062,,,
15,,25007,,,,,,-7.797921657562256,-7.845317363739014,-8.0901517868042
,,25008,563.390388250351,,,,,,,
,0.0003,25008,,,,,,,,
,,25049,,,276.56054496765137,,,,,
,,25049,,14.720916748046875,,,,,,
16,,25049,,,,0.32102811336517334,-8.998902320861816,,,
,,25099,,,277.3566246032715,,,,,
,,25099,,25.504350662231445,,,,,,
16,,25099,,,,0.3244664669036865,-9.088567733764648,,,
,,25149,,,281.5532684326172,,,,,
,,25149,,14.157295227050781,,,,,,
16,,25149,,,,0.3242170810699463,-9.016997337341309,,,
,,25199,,,276.57341957092285,,,,,
,,25199,,16.829490661621094,,,,,,
16,,25199,,,,0.32837486267089844,-8.986347198486328,,,
,,25249,,,279.9839973449707,,,,,
,,25249,,10.297298431396484,,,,,,
16,,25249,,,,0.3224146366119385,-9.030936241149902,,,
,,25299,,,276.62110328674316,,,,,
,,25299,,17.067432403564453,,,,,,
16,,25299,,,,0.32460808753967285,-8.973420143127441,,,
,,25349,,,303.42793464660645,,,,,
,,25349,,4.288673400878906,,,,,,
16,,25349,,,,0.32518887519836426,-9.022768020629883,,,
,,25399,,,287.31846809387207,,,,,
,,25399,,17.786264419555664,,,,,,
16,,25399,,,,0.3157384395599365,-9.03188705444336,,,
,,25449,,,277.06193923950195,,,,,
,,25449,,11.453390121459961,,,,,,
16,,25449,,,,0.3195817470550537,-9.053397178649902,,,
,,25499,,,277.0650386810303,,,,,
,,25499,,16.897201538085938,,,,,,
16,,25499,,,,0.3243408203125,-8.950873374938965,,,
,,25549,,,285.30097007751465,,,,,
,,25549,,11.848211288452148,,,,,,
16,,25549,,,,0.31032586097717285,-9.061545372009277,,,
,,25599,,,277.26054191589355,,,,,
,,25599,,17.210960388183594,,,,,,
16,,25599,,,,0.323436975479126,-8.95279598236084,,,
,,25649,,,278.0275344848633,,,,,
,,25649,,11.713981628417969,,,,,,
16,,25649,,,,0.30836009979248047,-9.099282264709473,,,
,,25699,,,277.4055004119873,,,,,
,,25699,,17.20452308654785,,,,,,
16,,25699,,,,0.3196437358856201,-9.097895622253418,,,
,,25749,,,277.9662609100342,,,,,
,,25749,,11.860132217407227,,,,,,
16,,25749,,,,0.32003605365753174,-9.044407844543457,,,
,,25799,,,285.6433391571045,,,,,
,,25799,,16.960859298706055,,,,,,
16,,25799,,,,0.3207359313964844,-9.101269721984863,,,
,,25849,,,277.50492095947266,,,,,
,,25849,,12.112140655517578,,,,,,
16,,25849,,,,0.3192930221557617,-9.046294212341309,,,
,,25899,,,278.40185165405273,,,,,
,,25899,,17.653942108154297,,,,,,
16,,25899,,,,0.31470203399658203,-9.02155590057373,,,
,,25949,,,278.6061763763428,,,,,
,,25949,,12.059211730957031,,,,,,
16,,25949,,,,0.32204532623291016,-9.005714416503906,,,
,,25999,,,278.3548831939697,,,,,
,,25999,,16.919374465942383,,,,,,
16,,25999,,,,0.31749463081359863,-8.984478950500488,,,
,,26049,,,277.65941619873047,,,,,
,,26049,,11.86227798461914,,,,,,
16,,26049,,,,0.31519508361816406,-9.036996841430664,,,
,,26099,,,277.93002128601074,,,,,
,,26099,,17.160415649414062,,,,,,
16,,26099,,,,0.3202214241027832,-9.005464553833008,,,
,,26149,,,277.9574394226074,,,,,
,,26149,,11.977672576904297,,,,,,
16,,26149,,,,0.3207426071166992,-9.043704986572266,,,
,,26199,,,278.54275703430176,,,,,
,,26199,,17.002582550048828,,,,,,
16,,26199,,,,0.31584882736206055,-8.996806144714355,,,
,,26249,,,278.4557342529297,,,,,
,,26249,,11.670827865600586,,,,,,
16,,26249,,,,0.3169431686401367,-9.00931167602539,,,
,,26299,,,278.1391143798828,,,,,
,,26299,,16.919851303100586,,,,,,
16,,26299,,,,0.3059687614440918,-9.093490600585938,,,
,,26349,,,277.6143550872803,,,,,
,,26349,,12.369871139526367,,,,,,
16,,26349,,,,0.3186635971069336,-8.955833435058594,,,
,,26399,,,278.10072898864746,,,,,
,,26399,,17.272472381591797,,,,,,
16,,26399,,,,0.31773948669433594,-9.063294410705566,,,
,,26449,,,277.36568450927734,,,,,
,,26449,,12.314319610595703,,,,,,
16,,26449,,,,0.30760622024536133,-9.052425384521484,,,
,,26499,,,278.18775177001953,,,,,
,,26499,,16.934871673583984,,,,,,
16,,26499,,,,0.31124794483184814,-9.056493759155273,,,
,,26549,,,277.6451110839844,,,,,
,,26549,,12.467145919799805,,,,,,
16,,26549,,,,0.3150017261505127,-9.095109939575195,,,
16,,26570,,,,,,-7.79583740234375,-7.8414154052734375,-8.085031509399414
,,26571,558.042224407196,,,,,,,
,0.0003,26571,,,,,,,,
,,26599,,,277.17041969299316,,,,,
,,26599,,16.779661178588867,,,,,,
17,,26599,,,,0.33010363578796387,-8.965049743652344,,,
,,26649,,,291.6595935821533,,,,,
,,26649,,8.176326751708984,,,,,,
17,,26649,,,,0.32731127738952637,-8.929831504821777,,,
,,26699,,,305.1016330718994,,,,,
,,26699,,26.39937400817871,,,,,,
17,,26699,,,,0.32560133934020996,-8.997945785522461,,,
,,26749,,,277.2789001464844,,,,,
,,26749,,12.049674987792969,,,,,,
17,,26749,,,,0.32540082931518555,-9.035667419433594,,,
,,26799,,,277.2250175476074,,,,,
,,26799,,16.628026962280273,,,,,,
17,,26799,,,,0.31590330600738525,-9.032082557678223,,,
,,26849,,,277.1947383880615,,,,,
,,26849,,12.211322784423828,,,,,,
17,,26849,,,,0.32197117805480957,-9.085217475891113,,,
,,26899,,,277.8284549713135,,,,,
,,26899,,16.893386840820312,,,,,,
17,,26899,,,,0.3162961006164551,-9.117053985595703,,,
,,26949,,,284.1916084289551,,,,,
,,26949,,9.848356246948242,,,,,,
17,,26949,,,,0.31722235679626465,-9.112257957458496,,,
,,26999,,,277.99129486083984,,,,,
,,26999,,16.811132431030273,,,,,,
17,,26999,,,,0.3122727870941162,-9.03278636932373,,,
,,27049,,,277.94623374938965,,,,,
,,27049,,11.480569839477539,,,,,,
17,,27049,,,,0.312603235244751,-9.088550567626953,,,
,,27099,,,277.60791778564453,,,,,
,,27099,,17.025470733642578,,,,,,
17,,27099,,,,0.33231353759765625,-8.958147048950195,,,
,,27149,,,278.0575752258301,,,,,
,,27149,,11.42430305480957,,,,,,
17,,27149,,,,0.3195164203643799,-8.995131492614746,,,
,,27199,,,278.1369686126709,,,,,
,,27199,,16.83640480041504,,,,,,
17,,27199,,,,0.32019829750061035,-8.992999076843262,,,
,,27249,,,278.0134677886963,,,,,
,,27249,,11.377811431884766,,,,,,
17,,27249,,,,0.3198099136352539,-8.942813873291016,,,
,,27299,,,278.339147567749,,,,,
,,27299,,16.814708709716797,,,,,,
17,,27299,,,,0.3166618347167969,-9.00802230834961,,,
,,27349,,,277.1000862121582,,,,,
,,27349,,12.414932250976562,,,,,,
17,,27349,,,,0.3189113140106201,-8.956622123718262,,,
,,27399,,,277.3594856262207,,,,,
,,27399,,17.066001892089844,,,,,,
17,,27399,,,,0.3247910737991333,-9.08270263671875,,,
,,27449,,,278.9473533630371,,,,,
,,27449,,12.189865112304688,,,,,,
17,,27449,,,,0.32811927795410156,-9.020631790161133,,,
,,27499,,,277.3592472076416,,,,,
,,27499,,16.965389251708984,,,,,,
17,,27499,,,,0.3243415355682373,-9.012714385986328,,,
,,27549,,,302.70934104919434,,,,,
,,27549,,3.7882328033447266,,,,,,
17,,27549,,,,0.32403743267059326,-9.115302085876465,,,
,,27599,,,278.6562442779541,,,,,
,,27599,,17.509937286376953,,,,,,
17,,27599,,,,0.32852792739868164,-9.008492469787598,,,
,,27649,,,277.55165100097656,,,,,
,,27649,,12.074708938598633,,,,,,
17,,27649,,,,0.3251173496246338,-8.99250316619873,,,
,,27699,,,278.4416675567627,,,,,
,,27699,,16.97564125061035,,,,,,
17,,27699,,,,0.33324098587036133,-8.974579811096191,,,
,,27749,,,279.47020530700684,,,,,
,,27749,,10.702848434448242,,,,,,
17,,27749,,,,0.33362293243408203,-9.067570686340332,,,
,,27799,,,286.97752952575684,,,,,
,,27799,,17.137765884399414,,,,,,
17,,27799,,,,0.3246941566467285,-9.022697448730469,,,
,,27849,,,280.1370620727539,,,,,
,,27849,,10.090351104736328,,,,,,
17,,27849,,,,0.3184387683868408,-8.98188304901123,,,
,,27899,,,279.8023223876953,,,,,
,,27899,,23.643016815185547,,,,,,
17,,27899,,,,0.3203270435333252,-9.049077033996582,,,
,,27949,,,286.6168022155762,,,,,
,,27949,,11.466503143310547,,,,,,
17,,27949,,,,0.32085704803466797,-8.990277290344238,,,
,,27999,,,277.9843807220459,,,,,
,,27999,,16.82448387145996,,,,,,
17,,27999,,,,0.31301021575927734,-9.038565635681152,,,
,,28049,,,277.6973247528076,,,,,
,,28049,,11.735200881958008,,,,,,
17,,28049,,,,0.32018423080444336,-8.92819595336914,,,
,,28099,,,278.2483100891113,,,,,
,,28099,,17.79007911682129,,,,,,
17,,28099,,,,0.31421327590942383,-8.985828399658203,,,
17,,28133,,,,,,-7.792204856872559,-7.834748268127441,-8.076472282409668
,,28134,556.9356229305267,,,,,,,
,0.0003,28134,,,,,,,,
,,28149,,,280.08437156677246,,,,,
,,28149,,11.626243591308594,,,,,,
18,,28149,,,,0.3147392272949219,-8.99200439453125,,,
,,28199,,,279.6914577484131,,,,,
,,28199,,17.60411262512207,,,,,,
18,,28199,,,,0.3245110511779785,-8.983811378479004,,,
,,28249,,,279.71696853637695,,,,,
,,28249,,11.868000030517578,,,,,,
18,,28249,,,,0.31604909896850586,-9.050415992736816,,,
,,28299,,,279.74629402160645,,,,,
,,28299,,17.12203025817871,,,,,,
18,,28299,,,,0.3230220079421997,-8.955110549926758,,,
,,28349,,,286.9575023651123,,,,,
,,28349,,11.31892204284668,,,,,,
18,,28349,,,,0.32182931900024414,-9.028285026550293,,,
,,28399,,,280.9131145477295,,,,,
,,28399,,24.750947952270508,,,,,,
18,,28399,,,,0.3192570209503174,-9.099638938903809,,,
,,28449,,,287.62149810791016,,,,,
,,28449,,11.585235595703125,,,,,,
18,,28449,,,,0.3141045570373535,-8.987441062927246,,,
,,28499,,,279.6962261199951,,,,,
,,28499,,17.035961151123047,,,,,,
18,,28499,,,,0.3144810199737549,-9.031572341918945,,,
,,28549,,,279.53028678894043,,,,,
,,28549,,12.076139450073242,,,,,,
18,,28549,,,,0.3168056011199951,-9.096452713012695,,,
,,28599,,,279.9341678619385,,,,,
,,28599,,17.28224754333496,,,,,,
18,,28599,,,,0.3169138431549072,-8.953187942504883,,,
,,28649,,,279.4797420501709,,,,,
,,28649,,12.418031692504883,,,,,,
18,,28649,,,,0.31833386421203613,-8.981765747070312,,,
,,28699,,,291.4543151855469,,,,,
,,28699,,23.465633392333984,,,,,,
18,,28699,,,,0.3147733211517334,-8.964293479919434,,,
,,28749,,,280.0261974334717,,,,,
,,28749,,11.552572250366211,,,,,,
18,,28749,,,,0.3107881546020508,-9.02321720123291,,,
,,28799,,,280.08055686950684,,,,,
,,28799,,17.11106300354004,,,,,,
18,,28799,,,,0.31772565841674805,-8.943732261657715,,,
,,28849,,,278.8844108581543,,,,,
,,28849,,12.398481369018555,,,,,,
18,,28849,,,,0.31851935386657715,-9.004949569702148,,,
,,28899,,,280.0476551055908,,,,,
,,28899,,17.00115203857422,,,,,,
18,,28899,,,,0.3062167167663574,-9.112317085266113,,,
,,28949,,,279.5698642730713,,,,,
,,28949,,12.201070785522461,,,,,,
18,,28949,,,,0.3081936836242676,-9.032367706298828,,,
,,28999,,,280.40289878845215,,,,,
,,28999,,24.96957778930664,,,,,,
18,,28999,,,,0.3081076145172119,-9.119790077209473,,,
,,29049,,,284.64388847351074,,,,,
,,29049,,15.149831771850586,,,,,,
18,,29049,,,,0.3192589282989502,-9.030488014221191,,,
,,29099,,,279.8175811767578,,,,,
,,29099,,17.49587059020996,,,,,,
18,,29099,,,,0.32240772247314453,-8.973240852355957,,,
,,29149,,,279.9201011657715,,,,,
,,29149,,11.877775192260742,,,,,,
18,,29149,,,,0.32978129386901855,-8.979955673217773,,,
,,29199,,,308.75420570373535,,,,,
,,29199,,18.471717834472656,,,,,,
18,,29199,,,,0.3188788890838623,-8.985361099243164,,,
,,29249,,,289.6997928619385,,,,,
,,29249,,12.040138244628906,,,,,,
18,,29249,,,,0.3170583248138428,-8.972448348999023,,,
,,29299,,,279.54912185668945,,,,,
,,29299,,17.339229583740234,,,,,,
18,,29299,,,,0.3212578296661377,-9.01057243347168,,,
,,29349,,,280.38787841796875,,,,,
,,29349,,11.073827743530273,,,,,,
18,,29349,,,,0.3232295513153076,-8.987667083740234,,,
,,29399,,,292.2666072845459,,,,,
,,29399,,17.06838607788086,,,,,,
18,,29399,,,,0.3187505006790161,-9.006009101867676,,,
,,29449,,,280.0555229187012,,,,,
,,29449,,11.659622192382812,,,,,,
18,,29449,,,,0.31592369079589844,-9.090456008911133,,,
,,29499,,,279.39867973327637,,,,,
,,29499,,16.890764236450195,,,,,,
18,,29499,,,,0.3120100498199463,-8.896388053894043,,,
,,29549,,,278.9957523345947,,,,,
,,29549,,12.641429901123047,,,,,,
18,,29549,,,,0.3172914981842041,-8.968842506408691,,,
,,29599,,,279.63709831237793,,,,,
,,29599,,17.41194725036621,,,,,,
18,,29599,,,,0.3059723377227783,-9.020697593688965,,,
,,29649,,,279.27350997924805,,,,,
,,29649,,12.434720993041992,,,,,,
18,,29649,,,,0.3067319393157959,-9.10443115234375,,,
18,,29696,,,,,,-7.79196310043335,-7.834274768829346,-8.069218635559082
,,29697,560.5060513019562,,,,,,,
,0.0003,29697,,,,,,,,
,,29699,,,326.0912895202637,,,,,
,,29699,,25.244712829589844,,,,,,
19,,29699,,,,0.31423401832580566,-8.97167682647705,,,
,,29749,,,280.7009220123291,,,,,
,,29749,,10.805845260620117,,,,,,
19,,29749,,,,0.3055901527404785,-9.009597778320312,,,
,,29799,,,283.7364673614502,,,,,
,,29799,,23.22983741760254,,,,,,
19,,29799,,,,0.3115410804748535,-8.95853042602539,,,
,,29849,,,288.663387298584,,,,,
,,29849,,12.230873107910156,,,,,,
19,,29849,,,,0.3160686492919922,-9.080362319946289,,,
,,29899,,,281.60834312438965,,,,,
,,29899,,22.840261459350586,,,,,,
19,,29899,,,,0.3117866516113281,-9.044204711914062,,,
,,29949,,,279.3889045715332,,,,,
,,29949,,11.775732040405273,,,,,,
19,,29949,,,,0.3109290599822998,-9.028849601745605,,,
,,29999,,,281.8284034729004,,,,,
,,29999,,21.463394165039062,,,,,,
19,,29999,,,,0.3155360221862793,-8.953307151794434,,,
,,30049,,,290.07863998413086,,,,,
,,30049,,3.6301612854003906,,,,,,
19,,30049,,,,0.32382845878601074,-9.00283145904541,,,
,,30099,,,279.5870304107666,,,,,
,,30099,,16.884803771972656,,,,,,
19,,30099,,,,0.31630969047546387,-8.98149299621582,,,
,,30149,,,279.2966365814209,,,,,
,,30149,,11.96599006652832,,,,,,
19,,30149,,,,0.3202853202819824,-8.920897483825684,,,
,,30199,,,284.63101387023926,,,,,
,,30199,,21.453857421875,,,,,,
19,,30199,,,,0.31910181045532227,-8.933467864990234,,,
,,30249,,,279.6308994293213,,,,,
,,30249,,11.654376983642578,,,,,,
19,,30249,,,,0.3191807270050049,-9.050883293151855,,,
,,30299,,,279.1099548339844,,,,,
,,30299,,16.76487922668457,,,,,,
19,,30299,,,,0.3236868381500244,-9.027536392211914,,,
,,30349,,,283.5061550140381,,,,,
,,30349,,9.638547897338867,,,,,,
19,,30349,,,,0.32027482986450195,-9.007807731628418,,,
,,30399,,,279.73031997680664,,,,,
,,30399,,16.78299903869629,,,,,,
19,,30399,,,,0.319202184677124,-8.921669960021973,,,
,,30449,,,278.9585590362549,,,,,
,,30449,,11.99483871459961,,,,,,
19,,30449,,,,0.32215380668640137,-8.923047065734863,,,
,,30499,,,279.64305877685547,,,,,
,,30499,,17.05169677734375,,,,,,
19,,30499,,,,0.3127017021179199,-9.00168228149414,,,
,,30549,,,279.33335304260254,,,,,
,,30549,,11.720895767211914,,,,,,
19,,30549,,,,0.31305360794067383,-9.095535278320312,,,
,,30599,,,279.4351577758789,,,,,
,,30599,,17.101287841796875,,,,,,
19,,30599,,,,0.31033825874328613,-9.05330753326416,,,
,,30649,,,279.1471481323242,,,,,
,,30649,,12.082576751708984,,,,,,
19,,30649,,,,0.3144557476043701,-9.080718040466309,,,
,,30699,,,279.6938419342041,,,,,
,,30699,,17.277240753173828,,,,,,
19,,30699,,,,0.31216323375701904,-9.04828929901123,,,
,,30749,,,279.41203117370605,,,,,
,,30749,,11.667490005493164,,,,,,
19,,30749,,,,0.31632208824157715,-9.042803764343262,,,
,,30799,,,279.5987129211426,,,,,
,,30799,,16.88408851623535,,,,,,
19,,30799,,,,0.3146829605102539,-8.957352638244629,,,
,,30849,,,279.76012229919434,,,,,
,,30849,,12.863636016845703,,,,,,
19,,30849,,,,0.3128626346588135,-9.019707679748535,,,
,,30899,,,279.4797420501709,,,,,
,,30899,,17.266511917114258,,,,,,
19,,30899,,,,0.31560420989990234,-9.001925468444824,,,
,,30949,,,279.5734405517578,,,,,
,,30949,,11.4288330078125,,,,,,
19,,30949,,,,0.31749868392944336,-8.860687255859375,,,
,,30999,,,282.82642364501953,,,,,
,,30999,,21.64769172668457,,,,,,
19,,30999,,,,0.31373393535614014,-8.971527099609375,,,
,,31049,,,288.5308265686035,,,,,
,,31049,,11.311531066894531,,,,,,
19,,31049,,,,0.3112450838088989,-9.015689849853516,,,
,,31099,,,282.0100784301758,,,,,
,,31099,,22.437334060668945,,,,,,
19,,31099,,,,0.3108651638031006,-8.938775062561035,,,
,,31149,,,289.05296325683594,,,,,
,,31149,,11.049509048461914,,,,,,
19,,31149,,,,0.3121051788330078,-8.938185691833496,,,
,,31199,,,279.42657470703125,,,,,
,,31199,,16.934871673583984,,,,,,
19,,31199,,,,0.30815649032592773,-9.094283103942871,,,
,,31249,,,279.71577644348145,,,,,
,,31249,,11.538982391357422,,,,,,
19,,31249,,,,0.3068578243255615,-8.994514465332031,,,
19,,31259,,,,,,-7.790344715118408,-7.831543922424316,-8.067502975463867
,,31260,559.8286762237549,,,,,,,
,0.0003,31260,,,,,,,,
,,31299,,,279.4806957244873,,,,,
,,31299,,17.238616943359375,,,,,,
20,,31299,,,,0.3121209144592285,-9.032866477966309,,,
,,31349,,,288.8059616088867,,,,,
,,31349,,11.526346206665039,,,,,,
20,,31349,,,,0.318803071975708,-9.02966594696045,,,
,,31399,,,280.2920341491699,,,,,
,,31399,,17.141342163085938,,,,,,
20,,31399,,,,0.31577467918395996,-8.936190605163574,,,
,,31449,,,289.4561290740967,,,,,
,,31449,,13.983964920043945,,,,,,
20,,31449,,,,0.31667304039001465,-8.959759712219238,,,
,,31499,,,279.5870304107666,,,,,
,,31499,,17.310619354248047,,,,,,
20,,31499,,,,0.322967529296875,-8.877263069152832,,,
,,31549,,,280.10058403015137,,,,,
,,31549,,12.091875076293945,,,,,,
20,,31549,,,,0.3137948513031006,-9.025678634643555,,,
,,31599,,,279.27541732788086,,,,,
,,31599,,16.956090927124023,,,,,,
20,,31599,,,,0.3130788803100586,-9.040228843688965,,,
,,31649,,,285.58921813964844,,,,,
,,31649,,6.380319595336914,,,,,,
20,,31649,,,,0.3155083656311035,-9.003937721252441,,,
,,31699,,,279.30307388305664,,,,,
,,31699,,17.34018325805664,,,,,,
20,,31699,,,,0.30803489685058594,-8.95535659790039,,,
,,31749,,,279.61087226867676,,,,,
,,31749,,12.591361999511719,,,,,,
20,,31749,,,,0.31146788597106934,-9.096797943115234,,,
,,31799,,,286.4344120025635,,,,,
,,31799,,17.08531379699707,,,,,,
20,,31799,,,,0.31684255599975586,-8.958898544311523,,,
,,31849,,,294.780969619751,,,,,
,,31849,,5.134344100952148,,,,,,
20,,31849,,,,0.31885647773742676,-8.982295989990234,,,
,,31899,,,279.5522212982178,,,,,
,,31899,,16.87169075012207,,,,,,
20,,31899,,,,0.31646037101745605,-8.96727180480957,,,
,,31949,,,279.3431282043457,,,,,
,,31949,,12.402057647705078,,,,,,
20,,31949,,,,0.30893945693969727,-9.019288063049316,,,
,,31999,,,279.5696258544922,,,,,
,,31999,,17.24076271057129,,,,,,
20,,31999,,,,0.3106040954589844,-8.914412498474121,,,
,,32049,,,286.66090965270996,,,,,
,,32049,,5.282878875732422,,,,,,
20,,32049,,,,0.3069312572479248,-9.060574531555176,,,
,,32099,,,280.25221824645996,,,,,
,,32099,,17.4562931060791,,,,,,
20,,32099,,,,0.31975317001342773,-8.951752662658691,,,
,,32149,,,285.68172454833984,,,,,
,,32149,,6.286144256591797,,,,,,
20,,32149,,,,0.31612706184387207,-9.025623321533203,,,
,,32199,,,279.63852882385254,,,,,
,,32199,,16.978025436401367,,,,,,
20,,32199,,,,0.3209695816040039,-9.010319709777832,,,
,,32249,,,279.99401092529297,,,,,
,,32249,,11.749744415283203,,,,,,
20,,32249,,,,0.3259756565093994,-8.8837308883667,,,
,,32299,,,285.37702560424805,,,,,
,,32299,,17.153263092041016,,,,,,
20,,32299,,,,0.3195834159851074,-9.043452262878418,,,
,,32349,,,303.5304546356201,,,,,
,,32349,,3.1898021697998047,,,,,,
20,,32349,,,,0.318206787109375,-9.024096488952637,,,
,,32399,,,286.4668369293213,,,,,
,,32399,,17.191648483276367,,,,,,
20,,32399,,,,0.31810081005096436,-8.995718002319336,,,
,,32449,,,279.9792289733887,,,,,
,,32449,,11.590957641601562,,,,,,
20,,32449,,,,0.31429505348205566,-9.07091999053955,,,
,,32499,,,288.5289192199707,,,,,
,,32499,,17.52614974975586,,,,,,
20,,32499,,,,0.30949389934539795,-9.064714431762695,,,
,,32549,,,285.8731746673584,,,,,
,,32549,,5.657434463500977,,,,,,
20,,32549,,,,0.3251612186431885,-8.940640449523926,,,
,,32599,,,279.5145511627197,,,,,
,,32599,,17.2426700592041,,,,,,
20,,32599,,,,0.31850385665893555,-9.015955924987793,,,
,,32649,,,294.536828994751,,,,,
,,32649,,5.358695983886719,,,,,,
20,,32649,,,,0.3260829448699951,-9.092434883117676,,,
,,32699,,,279.4637680053711,,,,,
,,32699,,17.126083374023438,,,,,,
20,,32699,,,,0.3164212703704834,-9.059013366699219,,,
,,32749,,,294.8582172393799,,,,,
,,32749,,3.0117034912109375,,,,,,
20,,32749,,,,0.3094789981842041,-9.188185691833496,,,
,,32799,,,279.9193859100342,,,,,
,,32799,,17.349958419799805,,,,,,
20,,32799,,,,0.30906522274017334,-9.020232200622559,,,
20,,32822,,,,,,-7.789653778076172,-7.829883575439453,-8.063776969909668
,,32823,561.6919450759888,,,,,,,
,0.0003,32823,,,,,,,,
,,32849,,,279.6778678894043,,,,,
,,32849,,12.083053588867188,,,,,,
21,,32849,,,,0.3097057342529297,-9.049124717712402,,,
,,32899,,,306.2613010406494,,,,,
,,32899,,23.602962493896484,,,,,,
21,,32899,,,,0.31270670890808105,-8.964884757995605,,,
,,32949,,,285.5398654937744,,,,,
,,32949,,5.986690521240234,,,,,,
21,,32949,,,,0.30098283290863037,-9.05740737915039,,,
,,32999,,,285.69531440734863,,,,,
,,32999,,17.4410343170166,,,,,,
21,,32999,,,,0.308351993560791,-9.033538818359375,,,
,,33049,,,285.1600646972656,,,,,
,,33049,,6.11114501953125,,,,,,
21,,33049,,,,0.31330013275146484,-8.976404190063477,,,
,,33099,,,294.9190139770508,,,,,
,,33099,,16.869306564331055,,,,,,
21,,33099,,,,0.3074769973754883,-8.91254997253418,,,
,,33149,,,279.1123390197754,,,,,
,,33149,,12.241363525390625,,,,,,
21,,33149,,,,0.3151388168334961,-8.999799728393555,,,
,,33199,,,279.8752784729004,,,,,
,,33199,,25.543212890625,,,,,,
21,,33199,,,,0.32094788551330566,-8.909985542297363,,,
,,33249,,,279.21032905578613,,,,,
,,33249,,11.956214904785156,,,,,,
21,,33249,,,,0.3263065814971924,-8.896079063415527,,,
,,33299,,,285.3717803955078,,,,,
,,33299,,16.90816879272461,,,,,,
21,,33299,,,,0.3249094486236572,-8.966392517089844,,,
,,33349,,,293.1809425354004,,,,,
,,33349,,5.348682403564453,,,,,,
21,,33349,,,,0.31296229362487793,-8.973370552062988,,,
,,33399,,,279.0398597717285,,,,,
,,33399,,16.92485809326172,,,,,,
21,,33399,,,,0.3144644498825073,-9.000934600830078,,,
,,33449,,,291.9185161590576,,,,,
,,33449,,14.414548873901367,,,,,,
21,,33449,,,,0.31780457496643066,-8.961609840393066,,,
,,33499,,,284.74926948547363,,,,,
,,33499,,16.930580139160156,,,,,,
21,,33499,,,,0.32943296432495117,-8.91788101196289,,,
,,33549,,,279.03103828430176,,,,,
,,33549,,12.043476104736328,,,,,,
21,,33549,,,,0.31743526458740234,-9.110235214233398,,,
,,33599,,,285.2935791015625,,,,,
,,33599,,17.07935333251953,,,,,,
21,,33599,,,,0.3238236904144287,-9.085210800170898,,,
,,33649,,,280.4436683654785,,,,,
,,33649,,11.014938354492188,,,,,,
21,,33649,,,,0.31874561309814453,-8.951638221740723,,,
,,33699,,,297.4967956542969,,,,,
,,33699,,17.266273498535156,,,,,,
21,,33699,,,,0.31494998931884766,-9.028616905212402,,,
,,33749,,,279.27541732788086,,,,,
,,33749,,11.695623397827148,,,,,,
21,,33749,,,,0.3309898376464844,-8.898237228393555,,,
,,33799,,,294.417142868042,,,,,
,,33799,,16.88408851623535,,,,,,
21,,33799,,,,0.32727575302124023,-9.07589340209961,,,
,,33849,,,292.6981449127197,,,,,
,,33849,,6.746530532836914,,,,,,
21,,33849,,,,0.3208959102630615,-9.055197715759277,,,
,,33899,,,285.8157157897949,,,,,
,,33899,,17.31705665588379,,,,,,
21,,33899,,,,0.31832289695739746,-9.01935863494873,,,
,,33949,,,279.7842025756836,,,,,
,,33949,,11.461973190307617,,,,,,
21,,33949,,,,0.3146517276763916,-8.98514175415039,,,
,,33999,,,285.4762077331543,,,,,
,,33999,,16.976356506347656,,,,,,
21,,33999,,,,0.32015299797058105,-9.056004524230957,,,
,,34049,,,287.822961807251,,,,,
,,34049,,11.698007583618164,,,,,,
21,,34049,,,,0.32733750343322754,-8.893220901489258,,,
,,34099,,,281.38089179992676,,,,,
,,34099,,17.109394073486328,,,,,,
21,,34099,,,,0.3105628490447998,-9.072522163391113,,,
,,34149,,,286.47804260253906,,,,,
,,34149,,5.93256950378418,,,,,,
21,,34149,,,,0.3213369846343994,-8.93002700805664,,,
,,34199,,,279.2201042175293,,,,,
,,34199,,16.87765121459961,,,,,,
21,,34199,,,,0.3147921562194824,-9.000922203063965,,,
,,34249,,,279.6599864959717,,,,,
,,34249,,11.886835098266602,,,,,,
21,,34249,,,,0.31178390979766846,-8.97603702545166,,,
,,34299,,,285.7379913330078,,,,,
,,34299,,16.8759822845459,,,,,,
21,,34299,,,,0.31864476203918457,-9.013465881347656,,,
,,34349,,,284.93380546569824,,,,,
,,34349,,5.983829498291016,,,,,,
21,,34349,,,,0.3183259963989258,-9.008865356445312,,,
21,,34385,,,,,,-7.789638996124268,-7.829456329345703,-8.054438591003418
,,34386,561.5474925041199,,,,,,,
,0.0003,34386,,,,,,,,
,,34399,,,279.38294410705566,,,,,
,,34399,,17.059803009033203,,,,,,
22,,34399,,,,0.3152945041656494,-9.055084228515625,,,
,,34449,,,287.5251770019531,,,,,
,,34449,,10.604619979858398,,,,,,
22,,34449,,,,0.31897902488708496,-8.865560531616211,,,
,,34499,,,285.3543758392334,,,,,
,,34499,,16.938209533691406,,,,,,
22,,34499,,,,0.31828510761260986,-8.986909866333008,,,
,,34549,,,285.83264350891113,,,,,
,,34549,,5.881547927856445,,,,,,
22,,34549,,,,0.3195672035217285,-8.990992546081543,,,
,,34599,,,279.47473526000977,,,,,
,,34599,,17.01498031616211,,,,,,
22,,34599,,,,0.32573890686035156,-8.969218254089355,,,
,,34649,,,284.1484546661377,,,,,
,,34649,,11.304855346679688,,,,,,
22,,34649,,,,0.32648134231567383,-8.917963981628418,,,
,,34699,,,280.40337562561035,,,,,
,,34699,,24.92237091064453,,,,,,
22,,34699,,,,0.32781457901000977,-8.916407585144043,,,
,,34749,,,285.91346740722656,,,,,
,,34749,,5.72657585144043,,,,,,
22,,34749,,,,0.31593751907348633,-8.961878776550293,,,
,,34799,,,284.82866287231445,,,,,
,,34799,,17.290830612182617,,,,,,
22,,34799,,,,0.31717896461486816,-8.92010498046875,,,
,,34849,,,290.4071807861328,,,,,
,,34849,,12.356758117675781,,,,,,
22,,34849,,,,0.3122541904449463,-8.97390079498291,,,
,,34899,,,279.88433837890625,,,,,
,,34899,,17.317533493041992,,,,,,
22,,34899,,,,0.3137686252593994,-8.996712684631348,,,
,,34949,,,284.6684455871582,,,,,
,,34949,,8.852720260620117,,,,,,
22,,34949,,,,0.3143742084503174,-9.034390449523926,,,
,,34999,,,279.7374725341797,,,,,
,,34999,,16.907691955566406,,,,,,
22,,34999,,,,0.3133350610733032,-9.027876853942871,,,
,,35049,,,285.69531440734863,,,,,
,,35049,,6.56437873840332,,,,,,
22,,35049,,,,0.3208909034729004,-8.899782180786133,,,
,,35099,,,285.33267974853516,,,,,
,,35099,,17.258167266845703,,,,,,
22,,35099,,,,0.32939887046813965,-8.916362762451172,,,
,,35149,,,285.8152389526367,,,,,
,,35149,,6.711721420288086,,,,,,
22,,35149,,,,0.32320427894592285,-8.948015213012695,,,
,,35199,,,292.02961921691895,,,,,
,,35199,,17.00735092163086,,,,,,
22,,35199,,,,0.3171255588531494,-8.939498901367188,,,
,,35249,,,282.4888229370117,,,,,
,,35249,,11.583328247070312,,,,,,
22,,35249,,,,0.3210175037384033,-8.925835609436035,,,
,,35299,,,279.74843978881836,,,,,
,,35299,,17.43793487548828,,,,,,
22,,35299,,,,0.3169248104095459,-9.020017623901367,,,
,,35349,,,279.85358238220215,,,,,
,,35349,,12.430191040039062,,,,,,
22,,35349,,,,0.316190242767334,-9.043648719787598,,,
,,35399,,,288.4664535522461,,,,,
,,35399,,16.995668411254883,,,,,,
22,,35399,,,,0.318737268447876,-8.986287117004395,,,
,,35449,,,279.8447608947754,,,,,
,,35449,,11.894941329956055,,,,,,
22,,35449,,,,0.3229491710662842,-8.901412010192871,,,
,,35499,,,291.11647605895996,,,,,
,,35499,,17.701148986816406,,,,,,
22,,35499,,,,0.3171675205230713,-8.959444046020508,,,
,,35549,,,285.68172454833984,,,,,
,,35549,,6.098270416259766,,,,,,
22,,35549,,,,0.31124258041381836,-9.086098670959473,,,
,,35599,,,285.7701778411865,,,,,
,,35599,,17.1811580657959,,,,,,
22,,35599,,,,0.3109257221221924,-9.035770416259766,,,
,,35649,,,286.0403060913086,,,,,
,,35649,,5.903720855712891,,,,,,
22,,35649,,,,0.3140554428100586,-8.904210090637207,,,
,,35699,,,294.5389747619629,,,,,
,,35699,,17.180919647216797,,,,,,
22,,35699,,,,0.3154172897338867,-8.902392387390137,,,
,,35749,,,286.71741485595703,,,,,
,,35749,,5.697727203369141,,,,,,
22,,35749,,,,0.3135385513305664,-9.009087562561035,,,
,,35799,,,285.3238582611084,,,,,
,,35799,,17.10343360900879,,,,,,
22,,35799,,,,0.31389307975769043,-8.848278999328613,,,
,,35849,,,280.2572250366211,,,,,
,,35849,,11.496543884277344,,,,,,
22,,35849,,,,0.3057210445404053,-9.003966331481934,,,
,,35899,,,280.0137996673584,,,,,
,,35899,,17.0590877532959,,,,,,
22,,35899,,,,0.3147561550140381,-8.980751991271973,,,
,,35949,,,278.4712314605713,,,,,
22,,35948,,,,,,-7.78684139251709,-7.824174880981445,-8.042341232299805
,,35949,561.4142694473267,,,,,,,
,0.0003,35949,,,,,,,,
,,35949,,,,,,,,
23,,35949,,,,0.30911684036254883,-9.081952095031738,,,
,,35999,,,278.8829803466797,,,,,
,,35999,,17.062664031982422,,,,,,
23,,35999,,,,0.31754231452941895,-8.98393726348877,,,
,,36049,,,288.27404975891113,,,,,
,,36049,,11.487245559692383,,,,,,
23,,36049,,,,0.3148808479309082,-9.003349304199219,,,
,,36099,,,280.84850311279297,,,,,
,,36099,,17.187833786010742,,,,,,
23,,36099,,,,0.3195164203643799,-8.945688247680664,,,
,,36149,,,278.86271476745605,,,,,
,,36149,,12.716293334960938,,,,,,
23,,36149,,,,0.3222494125366211,-9.020076751708984,,,
,,36199,,,281.07333183288574,,,,,
,,36199,,17.113447189331055,,,,,,
23,,36199,,,,0.30863189697265625,-9.01860237121582,,,
,,36249,,,279.2847156524658,,,,,
,,36249,,11.924982070922852,,,,,,
23,,36249,,,,0.31238889694213867,-9.056241035461426,,,
,,36299,,,279.17981147766113,,,,,
,,36299,,16.944408416748047,,,,,,
23,,36299,,,,0.3081166744232178,-9.07763385772705,,,
,,36349,,,285.3550910949707,,,,,
,,36349,,6.422519683837891,,,,,,
23,,36349,,,,0.30782580375671387,-9.090255737304688,,,
,,36399,,,292.00077056884766,,,,,
,,36399,,17.134428024291992,,,,,,
23,,36399,,,,0.3083808422088623,-9.039163589477539,,,
,,36449,,,284.41858291625977,,,,,
,,36449,,6.6051483154296875,,,,,,
23,,36449,,,,0.311542272567749,-9.111228942871094,,,
,,36499,,,285.08949279785156,,,,,
,,36499,,17.026424407958984,,,,,,
23,,36499,,,,0.3173098564147949,-9.145079612731934,,,
,,36549,,,284.59835052490234,,,,,
,,36549,,6.613016128540039,,,,,,
23,,36549,,,,0.31925153732299805,-8.933576583862305,,,
,,36599,,,284.94739532470703,,,,,
,,36599,,16.79229736328125,,,,,,
23,,36599,,,,0.31420111656188965,-9.020977020263672,,,
,,36649,,,293.60175132751465,,,,,
,,36649,,6.314516067504883,,,,,,
23,,36649,,,,0.311747670173645,-9.045612335205078,,,
,,36699,,,302.4933338165283,,,,,
,,36699,,17.780065536499023,,,,,,
23,,36699,,,,0.31390976905822754,-9.084729194641113,,,
,,36749,,,285.62355041503906,,,,,
,,36749,,6.514787673950195,,,,,,
23,,36749,,,,0.31269383430480957,-9.036078453063965,,,
,,36799,,,285.3353023529053,,,,,
,,36799,,17.0900821685791,,,,,,
23,,36799,,,,0.314190149307251,-8.994758605957031,,,
,,36849,,,284.182071685791,,,,,
,,36849,,6.731748580932617,,,,,,
23,,36849,,,,0.30464696884155273,-9.019362449645996,,,
,,36899,,,293.8494682312012,,,,,
,,36899,,17.03023910522461,,,,,,
23,,36899,,,,0.31757307052612305,-8.913871765136719,,,
,,36949,,,284.75165367126465,,,,,
,,36949,,6.186008453369141,,,,,,
23,,36949,,,,0.31116771697998047,-8.915875434875488,,,
,,36999,,,293.9140796661377,,,,,
,,36999,,17.08984375,,,,,,
23,,36999,,,,0.3134427070617676,-8.999921798706055,,,
,,37049,,,290.5082702636719,,,,,
,,37049,,3.0553340911865234,,,,,,
23,,37049,,,,0.30833888053894043,-9.015656471252441,,,
,,37099,,,295.1016426086426,,,,,
,,37099,,16.838550567626953,,,,,,
23,,37099,,,,0.31049084663391113,-9.066385269165039,,,
,,37149,,,293.3046817779541,,,,,
,,37149,,6.18433952331543,,,,,,
23,,37149,,,,0.30960988998413086,-9.103606224060059,,,
,,37199,,,294.0518856048584,,,,,
,,37199,,17.56572723388672,,,,,,
23,,37199,,,,0.3067166805267334,-9.0371675491333,,,
,,37249,,,284.58452224731445,,,,,
,,37249,,6.453752517700195,,,,,,
23,,37249,,,,0.3123188018798828,-9.075248718261719,,,
,,37299,,,293.2391166687012,,,,,
,,37299,,16.851425170898438,,,,,,
23,,37299,,,,0.31321072578430176,-9.12819766998291,,,
,,37349,,,289.0143394470215,,,,,
,,37349,,3.4368038177490234,,,,,,
23,,37349,,,,0.3100743293762207,-9.021963119506836,,,
,,37399,,,285.2635383605957,,,,,
,,37399,,16.902685165405273,,,,,,
23,,37399,,,,0.31499361991882324,-9.013971328735352,,,
,,37449,,,279.6893119812012,,,,,
,,37449,,13.85807991027832,,,,,,
23,,37449,,,,0.3168191909790039,-8.928189277648926,,,
,,37499,,,287.8384590148926,,,,,
,,37499,,17.144441604614258,,,,,,
23,,37499,,,,0.3180663585662842,-9.018437385559082,,,
23,,37511,,,,,,-7.787660121917725,-7.8264970779418945,-8.042413711547852
,,37512,561.3532433509827,,,,,,,
,0.0003,37512,,,,,,,,
,,37549,,,293.9152717590332,,,,,
,,37549,,9.540319442749023,,,,,,
24,,37549,,,,0.3168456554412842,-8.945191383361816,,,
,,37599,,,279.3841361999512,,,,,
,,37599,,17.059326171875,,,,,,
24,,37599,,,,0.3183729648590088,-9.041007041931152,,,
,,37649,,,279.2778015136719,,,,,
,,37649,,12.786865234375,,,,,,
24,,37649,,,,0.3101769685745239,-9.083377838134766,,,
,,37699,,,287.89305686950684,,,,,
,,37699,,17.139911651611328,,,,,,
24,,37699,,,,0.3123664855957031,-9.040556907653809,,,
,,37749,,,279.3710231781006,,,,,
,,37749,,12.485504150390625,,,,,,
24,,37749,,,,0.31361985206604004,-9.014883995056152,,,
,,37799,,,280.040979385376,,,,,
,,37799,,17.423391342163086,,,,,,
24,,37799,,,,0.31122732162475586,-8.950824737548828,,,
,,37849,,,284.50465202331543,,,,,
,,37849,,9.367704391479492,,,,,,
24,,37849,,,,0.31804919242858887,-8.942984580993652,,,
,,37899,,,279.4454097747803,,,,,
,,37899,,17.289400100708008,,,,,,
24,,37899,,,,0.3092653751373291,-9.085597038269043,,,
,,37949,,,279.3722152709961,,,,,
,,37949,,12.523651123046875,,,,,,
24,,37949,,,,0.3098471164703369,-9.009411811828613,,,
,,37999,,,279.6187400817871,,,,,
,,37999,,17.390966415405273,,,,,,
24,,37999,,,,0.31272315979003906,-8.940496444702148,,,
,,38049,,,280.2393436431885,,,,,
,,38049,,11.751890182495117,,,,,,
24,,38049,,,,0.31853485107421875,-8.851961135864258,,,
,,38099,,,279.7393798828125,,,,,
,,38099,,17.15254783630371,,,,,,
24,,38099,,,,0.31450796127319336,-8.944314002990723,,,
,,38149,,,311.7516040802002,,,,,
,,38149,,6.426334381103516,,,,,,
24,,38149,,,,0.3212144374847412,-9.02062702178955,,,
,,38199,,,280.1239490509033,,,,,
,,38199,,17.41933822631836,,,,,,
24,,38199,,,,0.3189103603363037,-8.954259872436523,,,
,,38249,,,279.9103260040283,,,,,
,,38249,,11.803150177001953,,,,,,
24,,38249,,,,0.3246793746948242,-8.895770072937012,,,
,,38299,,,279.2682647705078,,,,,
,,38299,,17.653226852416992,,,,,,
24,,38299,,,,0.3120846748352051,-9.032365798950195,,,
,,38349,,,280.51018714904785,,,,,
,,38349,,14.341354370117188,,,,,,
24,,38349,,,,0.3161792755126953,-8.957083702087402,,,
,,38399,,,291.13245010375977,,,,,
,,38399,,18.709659576416016,,,,,,
24,,38399,,,,0.3141775131225586,-9.094098091125488,,,
,,38449,,,282.29475021362305,,,,,
,,38449,,11.226654052734375,,,,,,
24,,38449,,,,0.3155381679534912,-8.936324119567871,,,
,,38499,,,288.2506847381592,,,,,
,,38499,,17.25292205810547,,,,,,
24,,38499,,,,0.32023119926452637,-9.003575325012207,,,
,,38549,,,279.96134757995605,,,,,
,,38549,,12.317180633544922,,,,,,
24,,38549,,,,0.32502198219299316,-8.975796699523926,,,
,,38599,,,289.22080993652344,,,,,
,,38599,,17.398834228515625,,,,,,
24,,38599,,,,0.3264343738555908,-8.951801300048828,,,
,,38649,,,279.99329566955566,,,,,
,,38649,,12.001276016235352,,,,,,
24,,38649,,,,0.3174312114715576,-8.948784828186035,,,
,,38699,,,280.3919315338135,,,,,
,,38699,,17.10653305053711,,,,,,
24,,38699,,,,0.30805134773254395,-9.046586990356445,,,
,,38749,,,280.9574604034424,,,,,
,,38749,,11.897802352905273,,,,,,
24,,38749,,,,0.3087613582611084,-8.921210289001465,,,
,,38799,,,280.7161808013916,,,,,
,,38799,,17.334699630737305,,,,,,
24,,38799,,,,0.30922746658325195,-9.02978229522705,,,
,,38849,,,279.6492576599121,,,,,
,,38849,,15.366315841674805,,,,,,
24,,38849,,,,0.3109469413757324,-9.006587028503418,,,
,,38899,,,280.1399230957031,,,,,
,,38899,,17.59171485900879,,,,,,
24,,38899,,,,0.3099055290222168,-9.014544486999512,,,
,,38949,,,279.93202209472656,,,,,
,,38949,,12.009143829345703,,,,,,
24,,38949,,,,0.3129711151123047,-9.066521644592285,,,
,,38999,,,290.73214530944824,,,,,
,,38999,,25.631189346313477,,,,,,
24,,38999,,,,0.31618237495422363,-9.109284400939941,,,
,,39049,,,298.145055770874,,,,,
,,39049,,3.838062286376953,,,,,,
24,,39049,,,,0.3180588483810425,-8.97617244720459,,,
24,,39074,,,,,,-7.7876811027526855,-7.8277997970581055,-8.049221992492676
,,39075,561.4406774044037,,,,,,,
,0.0003,39075,,,,,,,,
,,39099,,,279.32119369506836,,,,,
,,39099,,17.194271087646484,,,,,,
25,,39099,,,,0.3170919418334961,-9.014044761657715,,,
,,39149,,,279.4489860534668,,,,,
,,39149,,11.886358261108398,,,,,,
25,,39149,,,,0.31718969345092773,-8.996481895446777,,,
,,39199,,,279.5243263244629,,,,,
,,39199,,16.934633255004883,,,,,,
25,,39199,,,,0.3094301223754883,-9.069197654724121,,,
,,39249,,,288.1782054901123,,,,,
,,39249,,11.57832145690918,,,,,,
25,,39249,,,,0.30081915855407715,-9.09858226776123,,,
,,39299,,,281.5845012664795,,,,,
,,39299,,17.072439193725586,,,,,,
25,,39299,,,,0.305570125579834,-9.057242393493652,,,
,,39349,,,291.35775566101074,,,,,
,,39349,,11.038541793823242,,,,,,
25,,39349,,,,0.3091695308685303,-9.031231880187988,,,
,,39399,,,279.7720432281494,,,,,
,,39399,,17.242431640625,,,,,,
25,,39399,,,,0.3060574531555176,-9.104260444641113,,,
,,39449,,,279.1171073913574,,,,,
,,39449,,12.400627136230469,,,,,,
25,,39449,,,,0.3057997226715088,-9.100082397460938,,,
,,39499,,,284.0242385864258,,,,,
,,39499,,19.976139068603516,,,,,,
25,,39499,,,,0.3107330799102783,-9.027199745178223,,,
,,39549,,,279.2186737060547,,,,,
,,39549,,12.084245681762695,,,,,,
25,,39549,,,,0.31194567680358887,-8.964356422424316,,,
,,39599,,,284.3616008758545,,,,,
,,39599,,17.40121841430664,,,,,,
25,,39599,,,,0.31347084045410156,-9.014976501464844,,,
,,39649,,,279.15239334106445,,,,,
,,39649,,12.603998184204102,,,,,,
25,,39649,,,,0.3137505054473877,-9.09117317199707,,,
,,39699,,,527.2738933563232,,,,,
,,39699,,18.143892288208008,,,,,,
25,,39699,,,,0.30983686447143555,-9.123600959777832,,,
,,39749,,,279.0791988372803,,,,,
,,39749,,12.184619903564453,,,,,,
25,,39749,,,,0.3170485496520996,-8.887548446655273,,,
,,39799,,,280.15780448913574,,,,,
,,39799,,16.895771026611328,,,,,,
25,,39799,,,,0.31960296630859375,-8.937149047851562,,,
,,39849,,,279.83689308166504,,,,,
,,39849,,11.540412902832031,,,,,,
25,,39849,,,,0.31415271759033203,-9.005964279174805,,,
,,39899,,,280.02452850341797,,,,,
,,39899,,16.973257064819336,,,,,,
25,,39899,,,,0.3088688850402832,-9.198993682861328,,,
,,39949,,,283.66851806640625,,,,,
,,39949,,10.064363479614258,,,,,,
25,,39949,,,,0.3142991065979004,-8.964592933654785,,,
,,39999,,,279.4995307922363,,,,,
,,39999,,16.978979110717773,,,,,,
25,,39999,,,,0.30762434005737305,-9.029295921325684,,,
,,40049,,,279.86788749694824,,,,,
,,40049,,12.117862701416016,,,,,,
25,,40049,,,,0.30643153190612793,-9.16918659210205,,,
,,40099,,,279.1619300842285,,,,,
,,40099,,17.04883575439453,,,,,,
25,,40099,,,,0.29876184463500977,-9.061935424804688,,,
,,40149,,,282.2239398956299,,,,,
,,40149,,12.066841125488281,,,,,,
25,,40149,,,,0.31644368171691895,-8.979364395141602,,,
,,40199,,,279.56390380859375,,,,,
,,40199,,17.319917678833008,,,,,,
25,,40199,,,,0.30728113651275635,-9.0233154296875,,,
,,40249,,,279.2081832885742,,,,,
,,40249,,12.136697769165039,,,,,,
25,,40249,,,,0.2985656261444092,-9.099295616149902,,,
,,40299,,,279.4675827026367,,,,,
,,40299,,17.069339752197266,,,,,,
25,,40299,,,,0.3150343894958496,-9.041200637817383,,,
,,40349,,,284.1007709503174,,,,,
,,40349,,12.104511260986328,,,,,,
25,,40349,,,,0.3161642551422119,-9.036664009094238,,,
,,40399,,,293.20454597473145,,,,,
,,40399,,19.264698028564453,,,,,,
25,,40399,,,,0.31138134002685547,-9.129055976867676,,,
,,40449,,,279.618501663208,,,,,
,,40449,,11.966228485107422,,,,,,
25,,40449,,,,0.31402039527893066,-9.194232940673828,,,
,,40499,,,279.10304069519043,,,,,
,,40499,,16.982316970825195,,,,,,
25,,40499,,,,0.3142373561859131,-9.050018310546875,,,
,,40549,,,279.7234058380127,,,,,
,,40549,,11.822938919067383,,,,,,
25,,40549,,,,0.3066420555114746,-9.18088150024414,,,
,,40599,,,279.7362804412842,,,,,
,,40599,,17.359256744384766,,,,,,
25,,40599,,,,0.31714344024658203,-9.148025512695312,,,
25,,40637,,,,,,-7.7879719734191895,-7.826826572418213,-8.053223609924316
,,40638,560.115382194519,,,,,,,
,0.0003,40638,,,,,,,,
,,40649,,,292.8452491760254,,,,,
,,40649,,11.290311813354492,,,,,,
26,,40649,,,,0.31685662269592285,-8.966049194335938,,,
,,40699,,,285.2466106414795,,,,,
,,40699,,23.72908592224121,,,,,,
26,,40699,,,,0.3049888610839844,-9.122624397277832,,,
,,40749,,,287.92285919189453,,,,,
,,40749,,12.317657470703125,,,,,,
26,,40749,,,,0.30942296981811523,-9.109383583068848,,,
,,40799,,,280.49349784851074,,,,,
,,40799,,25.017976760864258,,,,,,
26,,40799,,,,0.30971693992614746,-9.086530685424805,,,
,,40849,,,280.045747756958,,,,,
,,40849,,12.60232925415039,,,,,,
26,,40849,,,,0.3205850124359131,-9.00682544708252,,,
,,40899,,,279.44254875183105,,,,,
,,40899,,17.64535903930664,,,,,,
26,,40899,,,,0.31888461112976074,-8.948298454284668,,,
,,40949,,,282.1378707885742,,,,,
,,40949,,10.481834411621094,,,,,,
26,,40949,,,,0.3099040985107422,-9.096322059631348,,,
,,40999,,,280.01999855041504,,,,,
,,40999,,17.019033432006836,,,,,,
26,,40999,,,,0.30580615997314453,-9.222509384155273,,,
,,41049,,,279.6134948730469,,,,,
,,41049,,12.314796447753906,,,,,,
26,,41049,,,,0.31493043899536133,-9.186219215393066,,,
,,41099,,,287.733793258667,,,,,
,,41099,,17.134428024291992,,,,,,
26,,41099,,,,0.3123915195465088,-9.185833930969238,,,
,,41149,,,279.85501289367676,,,,,
,,41149,,12.155771255493164,,,,,,
26,,41149,,,,0.31453728675842285,-9.113162994384766,,,
,,41199,,,280.02047538757324,,,,,
,,41199,,17.31133460998535,,,,,,
26,,41199,,,,0.3103461265563965,-9.026363372802734,,,
,,41249,,,281.8901538848877,,,,,
,,41249,,14.638662338256836,,,,,,
26,,41249,,,,0.3096194267272949,-9.22591495513916,,,
,,41299,,,280.0159454345703,,,,,
,,41299,,17.961978912353516,,,,,,
26,,41299,,,,0.31886720657348633,-9.146361351013184,,,
,,41349,,,279.8914909362793,,,,,
,,41349,,12.055635452270508,,,,,,
26,,41349,,,,0.3217308521270752,-9.020459175109863,,,
,,41399,,,280.29775619506836,,,,,
,,41399,,17.17686653137207,,,,,,
26,,41399,,,,0.32245850563049316,-9.027456283569336,,,
,,41449,,,280.23767471313477,,,,,
,,41449,,12.101411819458008,,,,,,
26,,41449,,,,0.3197593688964844,-9.124515533447266,,,
,,41499,,,289.1349792480469,,,,,
,,41499,,17.155885696411133,,,,,,
26,,41499,,,,0.3129241466522217,-9.172531127929688,,,
,,41549,,,279.630184173584,,,,,
,,41549,,12.246370315551758,,,,,,
26,,41549,,,,0.30278193950653076,-9.18874740600586,,,
,,41599,,,292.44160652160645,,,,,
,,41599,,22.139787673950195,,,,,,
26,,41599,,,,0.3092339038848877,-9.019049644470215,,,
,,41649,,,279.8047065734863,,,,,
,,41649,,12.02082633972168,,,,,,
26,,41649,,,,0.3091801404953003,-9.204055786132812,,,
,,41699,,,279.36673164367676,,,,,
,,41699,,17.171144485473633,,,,,,
26,,41699,,,,0.30588293075561523,-9.122379302978516,,,
,,41749,,,280.1504135131836,,,,,
,,41749,,12.25733757019043,,,,,,
26,,41749,,,,0.30828309059143066,-9.08835220336914,,,
,,41799,,,287.72592544555664,,,,,
,,41799,,17.986774444580078,,,,,,
26,,41799,,,,0.3047189712524414,-9.18543529510498,,,
,,41849,,,279.76036071777344,,,,,
,,41849,,12.733697891235352,,,,,,
26,,41849,,,,0.31283116340637207,-9.18490982055664,,,
,,41899,,,279.5708179473877,,,,,
,,41899,,17.124414443969727,,,,,,
26,,41899,,,,0.31171226501464844,-9.121506690979004,,,
,,41949,,,279.7236442565918,,,,,
,,41949,,12.262821197509766,,,,,,
26,,41949,,,,0.3188436031341553,-9.034686088562012,,,
,,41999,,,279.9685001373291,,,,,
,,41999,,17.359495162963867,,,,,,
26,,41999,,,,0.31586503982543945,-9.030261039733887,,,
,,42049,,,291.0161018371582,,,,,
,,42049,,8.639812469482422,,,,,,
26,,42049,,,,0.3132345676422119,-8.989346504211426,,,
,,42099,,,279.33669090270996,,,,,
,,42099,,17.218589782714844,,,,,,
26,,42099,,,,0.30325889587402344,-9.092092514038086,,,
,,42149,,,279.7672748565674,,,,,
,,42149,,12.206792831420898,,,,,,
26,,42149,,,,0.3044414520263672,-9.008441925048828,,,
,,42199,,,279.71529960632324,,,,,
,,42199,,17.119884490966797,,,,,,
26,,42199,,,,0.3129158020019531,-9.074570655822754,,,
26,,42200,,,,,,-7.787642002105713,-7.827578067779541,-8.049959182739258
,,42201,562.0582208633423,,,,,,,
,0.0003,42201,,,,,,,,
,,42249,,,279.36840057373047,,,,,
,,42249,,12.062788009643555,,,,,,
27,,42249,,,,0.3078114986419678,-9.122908592224121,,,
,,42299,,,288.0122661590576,,,,,
,,42299,,16.985416412353516,,,,,,
27,,42299,,,,0.3071784973144531,-9.009653091430664,,,
,,42349,,,279.9088954925537,,,,,
,,42349,,11.989593505859375,,,,,,
27,,42349,,,,0.315753698348999,-9.116455078125,,,
,,42399,,,288.1166934967041,,,,,
,,42399,,16.976594924926758,,,,,,
27,,42399,,,,0.3073995113372803,-9.116107940673828,,,
,,42449,,,279.155969619751,,,,,
,,42449,,12.506961822509766,,,,,,
27,,42449,,,,0.3177182674407959,-9.026076316833496,,,
,,42499,,,279.22558784484863,,,,,
,,42499,,16.97397232055664,,,,,,
27,,42499,,,,0.3136899471282959,-9.029296875,,,
,,42549,,,280.3070545196533,,,,,
,,42549,,12.77780532836914,,,,,,
27,,42549,,,,0.31327033042907715,-9.157463073730469,,,
,,42599,,,280.0257205963135,,,,,
,,42599,,17.14301109313965,,,,,,
27,,42599,,,,0.31313633918762207,-9.107353210449219,,,
,,42649,,,278.78856658935547,,,,,
,,42649,,12.4359130859375,,,,,,
27,,42649,,,,0.3204336166381836,-9.075836181640625,,,
,,42699,,,281.35085105895996,,,,,
,,42699,,21.77262306213379,,,,,,
27,,42699,,,,0.3212120532989502,-9.231277465820312,,,
,,42749,,,279.02913093566895,,,,,
,,42749,,12.469768524169922,,,,,,
27,,42749,,,,0.3216552734375,-9.07845401763916,,,
,,42799,,,279.21009063720703,,,,,
,,42799,,16.957759857177734,,,,,,
27,,42799,,,,0.3088650703430176,-9.102017402648926,,,
,,42849,,,297.86181449890137,,,,,
,,42849,,4.1828155517578125,,,,,,
27,,42849,,,,0.30777812004089355,-9.145195960998535,,,
,,42899,,,281.42786026000977,,,,,
,,42899,,23.12636375427246,,,,,,
27,,42899,,,,0.3094130754470825,-9.104018211364746,,,
,,42949,,,279.3447971343994,,,,,
,,42949,,12.27426528930664,,,,,,
27,,42949,,,,0.3056299686431885,-9.210925102233887,,,
,,42999,,,278.8043022155762,,,,,
,,42999,,17.03047752380371,,,,,,
27,,42999,,,,0.3163940906524658,-9.036381721496582,,,
,,43049,,,279.3242931365967,,,,,
,,43049,,12.23611831665039,,,,,,
27,,43049,,,,0.3097156286239624,-9.099994659423828,,,
,,43099,,,279.13355827331543,,,,,
,,43099,,25.7568359375,,,,,,
27,,43099,,,,0.30672788619995117,-9.05446720123291,,,
,,43149,,,279.041051864624,,,,,
,,43149,,12.253999710083008,,,,,,
27,,43149,,,,0.30869507789611816,-9.176115036010742,,,
,,43199,,,279.73222732543945,,,,,
,,43199,,17.33875274658203,,,,,,
27,,43199,,,,0.3015782833099365,-9.09647274017334,,,
,,43249,,,279.9980640411377,,,,,
,,43249,,11.429071426391602,,,,,,
27,,43249,,,,0.29790449142456055,-9.078879356384277,,,
,,43299,,,279.38151359558105,,,,,
,,43299,,16.974687576293945,,,,,,
27,,43299,,,,0.3001675605773926,-9.083883285522461,,,
,,43349,,,279.524564743042,,,,,
,,43349,,12.028932571411133,,,,,,
27,,43349,,,,0.30438733100891113,-9.180057525634766,,,
,,43399,,,289.3960475921631,,,,,
,,43399,,25.24566650390625,,,,,,
27,,43399,,,,0.30974888801574707,-9.14705753326416,,,
,,43449,,,279.9246311187744,,,,,
,,43449,,11.731624603271484,,,,,,
27,,43449,,,,0.311190128326416,-9.339224815368652,,,
,,43499,,,279.7701358795166,,,,,
,,43499,,16.956090927124023,,,,,,
27,,43499,,,,0.3033943176269531,-9.21646499633789,,,
,,43549,,,280.0288200378418,,,,,
,,43549,,11.83009147644043,,,,,,
27,,43549,,,,0.3021574020385742,-9.128402709960938,,,
,,43599,,,279.35123443603516,,,,,
,,43599,,16.909122467041016,,,,,,
27,,43599,,,,0.2988743782043457,-9.132723808288574,,,
,,43649,,,279.8941135406494,,,,,
,,43649,,12.197732925415039,,,,,,
27,,43649,,,,0.2901954650878906,-9.214104652404785,,,
,,43699,,,288.2981300354004,,,,,
,,43699,,26.531219482421875,,,,,,
27,,43699,,,,0.29386186599731445,-9.151844024658203,,,
,,43749,,,279.67309951782227,,,,,
,,43749,,11.89732551574707,,,,,,
27,,43749,,,,0.2994875907897949,-9.149455070495605,,,
27,,43763,,,,,,-7.785401344299316,-7.822709560394287,-8.04848861694336
,,43764,559.7941513061523,,,,,,,
,0.0003,43764,,,,,,,,
,,43799,,,279.76155281066895,,,,,
,,43799,,17.08531379699707,,,,,,
28,,43799,,,,0.2949352264404297,-9.276345252990723,,,
,,43849,,,279.65283393859863,,,,,
,,43849,,12.260913848876953,,,,,,
28,,43849,,,,0.30260801315307617,-9.275470733642578,,,
,,43899,,,285.0525379180908,,,,,
,,43899,,20.809650421142578,,,,,,
28,,43899,,,,0.2996072769165039,-9.111135482788086,,,
,,43949,,,279.82473373413086,,,,,
,,43949,,12.34745979309082,,,,,,
28,,43949,,,,0.31365966796875,-9.187783241271973,,,
,,43999,,,279.3154716491699,,,,,
,,43999,,16.986608505249023,,,,,,
28,,43999,,,,0.3047783374786377,-9.165237426757812,,,
,,44049,,,279.54983711242676,,,,,
,,44049,,15.133857727050781,,,,,,
28,,44049,,,,0.3025176525115967,-9.15281867980957,,,
,,44099,,,279.6435356140137,,,,,
,,44099,,17.05026626586914,,,,,,
28,,44099,,,,0.3051769733428955,-9.2542085647583,,,
,,44149,,,279.92963790893555,,,,,
,,44149,,12.07113265991211,,,,,,
28,,44149,,,,0.304654598236084,-9.245851516723633,,,
,,44199,,,279.8879146575928,,,,,
,,44199,,17.66037940979004,,,,,,
28,,44199,,,,0.30211591720581055,-9.242450714111328,,,
,,44249,,,279.8914909362793,,,,,
,,44249,,11.880874633789062,,,,,,
28,,44249,,,,0.31123971939086914,-9.271859169006348,,,
,,44299,,,279.9851894378662,,,,,
,,44299,,17.160654067993164,,,,,,
28,,44299,,,,0.30258798599243164,-9.325273513793945,,,
,,44349,,,279.45780754089355,,,,,
,,44349,,12.477874755859375,,,,,,
28,,44349,,,,0.30864691734313965,-9.27969741821289,,,
,,44399,,,280.46727180480957,,,,,
,,44399,,17.29416847229004,,,,,,
28,,44399,,,,0.3030543327331543,-9.25391960144043,,,
,,44449,,,279.52098846435547,,,,,
,,44449,,12.565851211547852,,,,,,
28,,44449,,,,0.29699230194091797,-9.18565559387207,,,
,,44499,,,280.2619934082031,,,,,
,,44499,,26.243209838867188,,,,,,
28,,44499,,,,0.2981884479522705,-9.457219123840332,,,
,,44549,,,279.879093170166,,,,,
,,44549,,12.111186981201172,,,,,,
28,,44549,,,,0.3027377128601074,-9.330102920532227,,,
,,44599,,,279.9248695373535,,,,,
,,44599,,17.078161239624023,,,,,,
28,,44599,,,,0.3089406490325928,-9.286050796508789,,,
,,44649,,,279.5083522796631,,,,,
,,44649,,12.30764389038086,,,,,,
28,,44649,,,,0.3094055652618408,-9.283937454223633,,,
,,44699,,,279.94728088378906,,,,,
,,44699,,17.56000518798828,,,,,,
28,,44699,,,,0.3082411289215088,-9.202239036560059,,,
,,44749,,,279.9971103668213,,,,,
,,44749,,12.299299240112305,,,,,,
28,,44749,,,,0.303436279296875,-9.382743835449219,,,
,,44799,,,281.22997283935547,,,,,
,,44799,,17.141103744506836,,,,,,
28,,44799,,,,0.2958388328552246,-9.274598121643066,,,
,,44849,,,280.301570892334,,,,,
,,44849,,11.698484420776367,,,,,,
28,,44849,,,,0.2951786518096924,-9.298079490661621,,,
,,44899,,,279.8478603363037,,,,,
,,44899,,17.20428466796875,,,,,,
28,,44899,,,,0.30101966857910156,-9.302785873413086,,,
,,44949,,,280.4148197174072,,,,,
,,44949,,11.908769607543945,,,,,,
28,,44949,,,,0.2953915596008301,-9.284908294677734,,,
,,44999,,,289.8578643798828,,,,,
,,44999,,17.508506774902344,,,,,,
28,,44999,,,,0.302138090133667,-9.399869918823242,,,
,,45049,,,280.7197570800781,,,,,
,,45049,,11.1846923828125,,,,,,
28,,45049,,,,0.29614853858947754,-9.357502937316895,,,
,,45099,,,280.06887435913086,,,,,
,,45099,,17.210006713867188,,,,,,
28,,45099,,,,0.30243468284606934,-9.411232948303223,,,
,,45149,,,279.84046936035156,,,,,
,,45149,,12.369871139526367,,,,,,
28,,45149,,,,0.2952744960784912,-9.362433433532715,,,
,,45199,,,287.34874725341797,,,,,
,,45199,,17.084360122680664,,,,,,
28,,45199,,,,0.29672014713287354,-9.31854248046875,,,
,,45249,,,278.83124351501465,,,,,
,,45249,,13.147592544555664,,,,,,
28,,45249,,,,0.30084800720214844,-9.175459861755371,,,
,,45299,,,279.02889251708984,,,,,
,,45299,,17.462730407714844,,,,,,
28,,45299,,,,0.29381680488586426,-9.324236869812012,,,
28,,45326,,,,,,-7.785606384277344,-7.823180675506592,-8.052203178405762
,,45327,561.0849936008453,,,,,,,
,0.0003,45327,,,,,,,,
,,45349,,,277.4672508239746,,,,,
,,45349,,14.451742172241211,,,,,,
29,,45349,,,,0.2978792190551758,-9.297684669494629,,,
,,45399,,,285.921573638916,,,,,
,,45399,,25.629520416259766,,,,,,
29,,45399,,,,0.2932569980621338,-9.45905876159668,,,
,,45449,,,286.820650100708,,,,,
,,45449,,13.540983200073242,,,,,,
29,,45449,,,,0.295896053314209,-9.455004692077637,,,
,,45499,,,277.4956226348877,,,,,
,,45499,,17.661333084106445,,,,,,
29,,45499,,,,0.29635095596313477,-9.450482368469238,,,
,,45549,,,299.0725040435791,,,,,
,,45549,,3.1480789184570312,,,,,,
29,,45549,,,,0.29353487491607666,-9.190791130065918,,,
,,45599,,,277.0555019378662,,,,,
,,45599,,16.907930374145508,,,,,,
29,,45599,,,,0.28147435188293457,-9.507649421691895,,,
,,45649,,,277.0226001739502,,,,,
,,45649,,14.293670654296875,,,,,,
29,,45649,,,,0.30570220947265625,-9.366756439208984,,,
,,45699,,,276.8983840942383,,,,,
,,45699,,16.90196990966797,,,,,,
29,,45699,,,,0.3052942752838135,-9.418902397155762,,,
,,45749,,,277.3704528808594,,,,,
,,45749,,14.578580856323242,,,,,,
29,,45749,,,,0.2986621856689453,-9.361818313598633,,,
,,45799,,,277.6012420654297,,,,,
,,45799,,16.881942749023438,,,,,,
29,,45799,,,,0.3002915382385254,-9.229482650756836,,,
,,45849,,,277.3890495300293,,,,,
,,45849,,14.097929000854492,,,,,,
29,,45849,,,,0.29692840576171875,-9.208212852478027,,,
,,45899,,,284.99364852905273,,,,,
,,45899,,22.718191146850586,,,,,,
29,,45899,,,,0.29921936988830566,-9.431523323059082,,,
,,45949,,,277.9700756072998,,,,,
,,45949,,14.312982559204102,,,,,,
29,,45949,,,,0.2919735908508301,-9.348294258117676,,,
,,45999,,,277.32157707214355,,,,,
,,45999,,17.170429229736328,,,,,,
29,,45999,,,,0.2960042953491211,-9.317371368408203,,,
,,46049,,,277.4944305419922,,,,,
,,46049,,13.990402221679688,,,,,,
29,,46049,,,,0.28760313987731934,-9.350051879882812,,,
,,46099,,,278.0580520629883,,,,,
,,46099,,16.972064971923828,,,,,,
29,,46099,,,,0.2937600612640381,-9.357553482055664,,,
,,46149,,,287.6315116882324,,,,,
,,46149,,9.417295455932617,,,,,,
29,,46149,,,,0.2991628646850586,-9.256401062011719,,,
,,46199,,,277.0190238952637,,,,,
,,46199,,16.910314559936523,,,,,,
29,,46199,,,,0.29343104362487793,-9.400827407836914,,,
,,46249,,,277.79102325439453,,,,,
,,46249,,13.881206512451172,,,,,,
29,,46249,,,,0.2801096439361572,-9.504730224609375,,,
,,46299,,,278.31149101257324,,,,,
,,46299,,17.415761947631836,,,,,,
29,,46299,,,,0.28578948974609375,-9.425216674804688,,,
,,46349,,,277.59623527526855,,,,,
,,46349,,14.203310012817383,,,,,,
29,,46349,,,,0.2821904420852661,-9.311685562133789,,,
,,46399,,,277.74500846862793,,,,,
,,46399,,16.994953155517578,,,,,,
29,,46399,,,,0.2929873466491699,-9.39675235748291,,,
,,46449,,,277.9538631439209,,,,,
,,46449,,14.19210433959961,,,,,,
29,,46449,,,,0.28603053092956543,-9.399330139160156,,,
,,46499,,,277.7438163757324,,,,,
,,46499,,17.363786697387695,,,,,,
29,,46499,,,,0.2868175506591797,-9.417119026184082,,,
,,46549,,,277.7993679046631,,,,,
,,46549,,14.747142791748047,,,,,,
29,,46549,,,,0.2944408655166626,-9.346202850341797,,,
,,46599,,,277.6167392730713,,,,,
,,46599,,16.920804977416992,,,,,,
29,,46599,,,,0.2941477298736572,-9.472926139831543,,,
,,46649,,,281.0852527618408,,,,,
,,46649,,11.800527572631836,,,,,,
29,,46649,,,,0.29538774490356445,-9.48025131225586,,,
,,46699,,,282.83143043518066,,,,,
,,46699,,22.151708602905273,,,,,,
29,,46699,,,,0.294633150100708,-9.478341102600098,,,
,,46749,,,284.08098220825195,,,,,
,,46749,,13.062000274658203,,,,,,
29,,46749,,,,0.3052380084991455,-9.27357006072998,,,
,,46799,,,286.7307662963867,,,,,
,,46799,,16.99090003967285,,,,,,
29,,46799,,,,0.30571675300598145,-9.290678024291992,,,
,,46849,,,277.87160873413086,,,,,
,,46849,,13.892650604248047,,,,,,
29,,46849,,,,0.29421544075012207,-9.373863220214844,,,
29,,46889,,,,,,-7.78383731842041,-7.820613861083984,-8.064277648925781
,,46890,560.4065070152283,,,,,,,
,0.0003,46890,,,,,,,,
,,46899,,,307.3568344116211,,,,,
,,46899,,18.474817276000977,,,,,,
30,,46899,,,,0.29181575775146484,-9.517990112304688,,,
,,46949,,,278.11431884765625,,,,,
,,46949,,14.124870300292969,,,,,,
30,,46949,,,,0.2963305711746216,-9.553131103515625,,,
,,46999,,,278.3350944519043,,,,,
,,46999,,17.27461814880371,,,,,,
30,,46999,,,,0.28510499000549316,-9.521078109741211,,,
,,47049,,,277.82392501831055,,,,,
,,47049,,14.397382736206055,,,,,,
30,,47049,,,,0.2927248477935791,-9.490338325500488,,,
,,47099,,,278.0461311340332,,,,,
,,47099,,17.419815063476562,,,,,,
30,,47099,,,,0.299153208732605,-9.538745880126953,,,
,,47149,,,288.8624668121338,,,,,
,,47149,,11.505603790283203,,,,,,
30,,47149,,,,0.2924072742462158,-9.51272964477539,,,
,,47199,,,278.1393527984619,,,,,
,,47199,,17.015695571899414,,,,,,
30,,47199,,,,0.2989535331726074,-9.527497291564941,,,
,,47249,,,277.26030349731445,,,,,
,,47249,,14.139175415039062,,,,,,
30,,47249,,,,0.29864275455474854,-9.433477401733398,,,
,,47299,,,278.3060073852539,,,,,
,,47299,,18.139362335205078,,,,,,
30,,47299,,,,0.29214906692504883,-9.469130516052246,,,
,,47349,,,278.20277214050293,,,,,
,,47349,,13.815641403198242,,,,,,
30,,47349,,,,0.2981879711151123,-9.452951431274414,,,
,,47399,,,277.6169776916504,,,,,
,,47399,,17.05169677734375,,,,,,
30,,47399,,,,0.2880887985229492,-9.610926628112793,,,
,,47449,,,277.6830196380615,,,,,
,,47449,,14.683008193969727,,,,,,
30,,47449,,,,0.29137587547302246,-9.579458236694336,,,
,,47499,,,286.5464687347412,,,,,
,,47499,,17.23170280456543,,,,,,
30,,47499,,,,0.28348565101623535,-9.487510681152344,,,
,,47549,,,286.9248390197754,,,,,
,,47549,,13.032197952270508,,,,,,
30,,47549,,,,0.28774476051330566,-9.650653839111328,,,
,,47599,,,278.0611515045166,,,,,
,,47599,,16.964435577392578,,,,,,
30,,47599,,,,0.2977871894836426,-9.39900016784668,,,
,,47649,,,277.82249450683594,,,,,
,,47649,,15.679359436035156,,,,,,
30,,47649,,,,0.29462122917175293,-9.47441577911377,,,
,,47699,,,278.10001373291016,,,,,
,,47699,,17.12203025817871,,,,,,
30,,47699,,,,0.2918558120727539,-9.356608390808105,,,
,,47749,,,277.7516841888428,,,,,
,,47749,,14.353275299072266,,,,,,
30,,47749,,,,0.28872084617614746,-9.616365432739258,,,
,,47799,,,279.24466133117676,,,,,
,,47799,,20.308971405029297,,,,,,
30,,47799,,,,0.2928345203399658,-9.481672286987305,,,
,,47849,,,277.5290012359619,,,,,
,,47849,,15.492916107177734,,,,,,
30,,47849,,,,0.3023113012313843,-9.289508819580078,,,
,,47899,,,277.18400955200195,,,,,
,,47899,,17.235517501831055,,,,,,
30,,47899,,,,0.30290722846984863,-9.333480834960938,,,
,,47949,,,277.416467666626,,,,,
,,47949,,14.269590377807617,,,,,,
30,,47949,,,,0.28986358642578125,-9.511170387268066,,,
,,47999,,,277.47130393981934,,,,,
,,47999,,17.441272735595703,,,,,,
30,,47999,,,,0.29268980026245117,-9.663362503051758,,,
,,48049,,,278.3646583557129,,,,,
,,48049,,13.910770416259766,,,,,,
30,,48049,,,,0.28690052032470703,-9.587141036987305,,,
,,48099,,,277.5135040283203,,,,,
,,48099,,17.220020294189453,,,,,,
30,,48099,,,,0.2910733222961426,-9.39854621887207,,,
,,48149,,,278.69606018066406,,,,,
,,48149,,16.01696014404297,,,,,,
30,,48149,,,,0.2788362503051758,-9.55527114868164,,,
,,48199,,,281.35180473327637,,,,,
,,48199,,22.65143394470215,,,,,,
30,,48199,,,,0.2953171730041504,-9.590039253234863,,,
,,48249,,,277.63819694519043,,,,,
,,48249,,14.24551010131836,,,,,,
30,,48249,,,,0.2990837097167969,-9.481149673461914,,,
,,48299,,,278.81789207458496,,,,,
,,48299,,17.19355583190918,,,,,,
30,,48299,,,,0.28389501571655273,-9.649678230285645,,,
,,48349,,,278.38873863220215,,,,,
,,48349,,14.153718948364258,,,,,,
30,,48349,,,,0.28375887870788574,-9.704059600830078,,,
,,48399,,,278.672456741333,,,,,
,,48399,,17.320871353149414,,,,,,
30,,48399,,,,0.281095027923584,-9.577191352844238,,,
,,48449,,,277.8017520904541,,,,,
,,48449,,14.307260513305664,,,,,,
30,,48449,,,,0.2807626724243164,-9.497856140136719,,,
30,,48452,,,,,,-7.785622596740723,-7.8230109214782715,-8.067852020263672
,,48453,560.5393011569977,,,,,,,
,0.0003,48453,,,,,,,,
,,48499,,,277.3101329803467,,,,,
,,48499,,17.14801788330078,,,,,,
31,,48499,,,,0.28649473190307617,-9.623627662658691,,,
,,48549,,,277.36783027648926,,,,,
,,48549,,13.917207717895508,,,,,,
31,,48549,,,,0.2948591709136963,-9.480862617492676,,,
,,48599,,,279.92939949035645,,,,,
,,48599,,17.452478408813477,,,,,,
31,,48599,,,,0.28710341453552246,-9.632318496704102,,,
,,48649,,,278.1052589416504,,,,,
,,48649,,13.393878936767578,,,,,,
31,,48649,,,,0.29819583892822266,-9.599408149719238,,,
,,48699,,,277.6319980621338,,,,,
,,48699,,17.029762268066406,,,,,,
31,,48699,,,,0.2890810966491699,-9.528325080871582,,,
,,48749,,,278.51033210754395,,,,,
,,48749,,13.387918472290039,,,,,,
31,,48749,,,,0.290407657623291,-9.515517234802246,,,
,,48799,,,281.13651275634766,,,,,
,,48799,,22.963285446166992,,,,,,
31,,48799,,,,0.2765665054321289,-9.587711334228516,,,
,,48849,,,303.46155166625977,,,,,
,,48849,,5.4569244384765625,,,,,,
31,,48849,,,,0.2924380302429199,-9.687758445739746,,,
,,48899,,,278.364896774292,,,,,
,,48899,,16.973257064819336,,,,,,
31,,48899,,,,0.2924211025238037,-9.586926460266113,,,
,,48949,,,286.9257926940918,,,,,
,,48949,,10.358095169067383,,,,,,
31,,48949,,,,0.30800414085388184,-9.532326698303223,,,
,,48999,,,278.3951759338379,,,,,
,,48999,,17.389535903930664,,,,,,
31,,48999,,,,0.3064448833465576,-9.391993522644043,,,
,,49049,,,278.75304222106934,,,,,
,,49049,,12.769460678100586,,,,,,
31,,49049,,,,0.2971987724304199,-9.595864295959473,,,
,,49099,,,279.12330627441406,,,,,
,,49099,,17.14920997619629,,,,,,
31,,49099,,,,0.2945554256439209,-9.583433151245117,,,
,,49149,,,296.74816131591797,,,,,
,,49149,,5.406856536865234,,,,,,
31,,49149,,,,0.30034375190734863,-9.42961311340332,,,
,,49199,,,278.05376052856445,,,,,
,,49199,,16.989469528198242,,,,,,
31,,49199,,,,0.29941999912261963,-9.627464294433594,,,
,,49249,,,278.11169624328613,,,,,
,,49249,,13.285636901855469,,,,,,
31,,49249,,,,0.3070310354232788,-9.553513526916504,,,
,,49299,,,278.3203125,,,,,
,,49299,,17.16899871826172,,,,,,
31,,49299,,,,0.29749417304992676,-9.47897720336914,,,
,,49349,,,277.65655517578125,,,,,
,,49349,,13.706684112548828,,,,,,
31,,49349,,,,0.29594850540161133,-9.501867294311523,,,
,,49399,,,277.8346538543701,,,,,
,,49399,,17.705678939819336,,,,,,
31,,49399,,,,0.2918565273284912,-9.460744857788086,,,
,,49449,,,307.1751594543457,,,,,
,,49449,,5.388975143432617,,,,,,
31,,49449,,,,0.29831457138061523,-9.519994735717773,,,
,,49499,,,289.7813320159912,,,,,
,,49499,,16.979694366455078,,,,,,
31,,49499,,,,0.28928065299987793,-9.447484016418457,,,
,,49549,,,278.1059741973877,,,,,
,,49549,,13.674736022949219,,,,,,
31,,49549,,,,0.28453993797302246,-9.501349449157715,,,
,,49599,,,289.0441417694092,,,,,
,,49599,,17.164230346679688,,,,,,
31,,49599,,,,0.2917790412902832,-9.519585609436035,,,
,,49649,,,278.3777713775635,,,,,
,,49649,,13.219594955444336,,,,,,
31,,49649,,,,0.2885390520095825,-9.55771541595459,,,
,,49699,,,277.7519226074219,,,,,
,,49699,,16.93439483642578,,,,,,
31,,49699,,,,0.28644442558288574,-9.547770500183105,,,
,,49749,,,279.0980339050293,,,,,
,,49749,,13.13638687133789,,,,,,
31,,49749,,,,0.2842022180557251,-9.510641098022461,,,
,,49799,,,281.771183013916,,,,,
,,49799,,17.464399337768555,,,,,,
31,,49799,,,,0.28610968589782715,-9.732515335083008,,,
,,49849,,,277.79221534729004,,,,,
,,49849,,13.594627380371094,,,,,,
31,,49849,,,,0.29054760932922363,-9.52840518951416,,,
,,49899,,,278.2294750213623,,,,,
,,49899,,17.191171646118164,,,,,,
31,,49899,,,,0.29593706130981445,-9.445099830627441,,,
,,49949,,,287.37425804138184,,,,,
,,49949,,13.123273849487305,,,,,,
31,,49949,,,,0.2905142307281494,-9.526020050048828,,,
,,49999,,,278.0473232269287,,,,,
,,49999,,17.269372940063477,,,,,,
31,,49999,,,,0.28106021881103516,-9.647295951843262,,,
31,,50015,,,,,,-7.782400131225586,-7.817239761352539,-8.06084156036377
,,50016,561.5546250343323,,,,,,,
,0.0003,50016,,,,,,,,
,,50049,,,277.3473262786865,,,,,
,,50049,,13.503789901733398,,,,,,
32,,50049,,,,0.28664064407348633,-9.619746208190918,,,
,,50099,,,277.28891372680664,,,,,
,,50099,,17.11106300354004,,,,,,
32,,50099,,,,0.28784704208374023,-9.65810489654541,,,
,,50149,,,286.58556938171387,,,,,
,,50149,,12.78829574584961,,,,,,
32,,50149,,,,0.2884514331817627,-9.631061553955078,,,
,,50199,,,290.0991439819336,,,,,
,,50199,,18.990516662597656,,,,,,
32,,50199,,,,0.28898704051971436,-9.694539070129395,,,
,,50249,,,277.6625156402588,,,,,
,,50249,,13.596296310424805,,,,,,
32,,50249,,,,0.2897365093231201,-9.547174453735352,,,
,,50299,,,277.4362564086914,,,,,
,,50299,,17.154216766357422,,,,,,
32,,50299,,,,0.27971982955932617,-9.522981643676758,,,
,,50349,,,277.58073806762695,,,,,
,,50349,,13.195991516113281,,,,,,
32,,50349,,,,0.2809574604034424,-9.462018966674805,,,
,,50399,,,277.85181999206543,,,,,
,,50399,,17.35067367553711,,,,,,
32,,50399,,,,0.2897336483001709,-9.654680252075195,,,
,,50449,,,277.3854732513428,,,,,
,,50449,,13.673067092895508,,,,,,
32,,50449,,,,0.2903289794921875,-9.631257057189941,,,
,,50499,,,278.03587913513184,,,,,
,,50499,,18.622875213623047,,,,,,
32,,50499,,,,0.2979285717010498,-9.588729858398438,,,
,,50549,,,277.0709991455078,,,,,
,,50549,,13.901233673095703,,,,,,
32,,50549,,,,0.29239392280578613,-9.535236358642578,,,
,,50599,,,277.26173400878906,,,,,
,,50599,,17.442941665649414,,,,,,
32,,50599,,,,0.2884056568145752,-9.379603385925293,,,
,,50649,,,277.36616134643555,,,,,
,,50649,,13.618946075439453,,,,,,
32,,50649,,,,0.28488731384277344,-9.516022682189941,,,
,,50699,,,277.21571922302246,,,,,
,,50699,,17.225265502929688,,,,,,
32,,50699,,,,0.2831542491912842,-9.467496871948242,,,
,,50749,,,277.7693271636963,,,,,
,,50749,,13.11945915222168,,,,,,
32,,50749,,,,0.29701435565948486,-9.513519287109375,,,
,,50799,,,277.3880958557129,,,,,
,,50799,,17.149925231933594,,,,,,
32,,50799,,,,0.29059672355651855,-9.364849090576172,,,
,,50849,,,276.98826789855957,,,,,
,,50849,,13.535499572753906,,,,,,
32,,50849,,,,0.29369020462036133,-9.408492088317871,,,
,,50899,,,277.5249481201172,,,,,
,,50899,,17.461538314819336,,,,,,
32,,50899,,,,0.2999591827392578,-9.446277618408203,,,
,,50949,,,277.6682376861572,,,,,
,,50949,,13.36812973022461,,,,,,
32,,50949,,,,0.29260993003845215,-9.701346397399902,,,
,,50999,,,277.52161026000977,,,,,
,,50999,,16.95847511291504,,,,,,
32,,50999,,,,0.30353355407714844,-9.477761268615723,,,
,,51049,,,277.5609493255615,,,,,
,,51049,,13.492345809936523,,,,,,
32,,51049,,,,0.3015568256378174,-9.354249000549316,,,
,,51099,,,277.2970199584961,,,,,
,,51099,,25.62570571899414,,,,,,
32,,51099,,,,0.3038651943206787,-9.425044059753418,,,
,,51149,,,277.2536277770996,,,,,
,,51149,,13.695955276489258,,,,,,
32,,51149,,,,0.2984030246734619,-9.465450286865234,,,
,,51199,,,277.59671211242676,,,,,
,,51199,,17.37833023071289,,,,,,
32,,51199,,,,0.2960224151611328,-9.373479843139648,,,
,,51249,,,276.84760093688965,,,,,
,,51249,,13.745784759521484,,,,,,
32,,51249,,,,0.2939310073852539,-9.509055137634277,,,
,,51299,,,277.2707939147949,,,,,
,,51299,,17.48037338256836,,,,,,
32,,51299,,,,0.28740692138671875,-9.685799598693848,,,
,,51349,,,280.9123992919922,,,,,
,,51349,,11.088371276855469,,,,,,
32,,51349,,,,0.2883777618408203,-9.752764701843262,,,
,,51399,,,296.9489097595215,,,,,
,,51399,,18.589019775390625,,,,,,
32,,51399,,,,0.2975277900695801,-9.522181510925293,,,
,,51449,,,288.1309986114502,,,,,
,,51449,,13.016462326049805,,,,,,
32,,51449,,,,0.2988162040710449,-9.579102516174316,,,
,,51499,,,277.5700092315674,,,,,
,,51499,,17.27151870727539,,,,,,
32,,51499,,,,0.3004060983657837,-9.479632377624512,,,
,,51549,,,277.94909477233887,,,,,
,,51549,,13.89169692993164,,,,,,
32,,51549,,,,0.3014078140258789,-9.507347106933594,,,
32,,51578,,,,,,-7.783040523529053,-7.81825065612793,-8.04489517211914
,,51579,559.6831862926483,,,,,,,
,0.0003,51579,,,,,,,,
,,51599,,,285.45451164245605,,,,,
,,51599,,17.024993896484375,,,,,,
33,,51599,,,,0.30145907402038574,-9.606485366821289,,,
,,51649,,,302.0949363708496,,,,,
,,51649,,5.427837371826172,,,,,,
33,,51649,,,,0.299879789352417,-9.525789260864258,,,
,,51699,,,284.89041328430176,,,,,
,,51699,,17.345190048217773,,,,,,
33,,51699,,,,0.28856492042541504,-9.542330741882324,,,
,,51749,,,277.6198387145996,,,,,
,,51749,,13.270378112792969,,,,,,
33,,51749,,,,0.3010520935058594,-9.453144073486328,,,
,,51799,,,278.0735492706299,,,,,
,,51799,,17.071247100830078,,,,,,
33,,51799,,,,0.2949960231781006,-9.605820655822754,,,
,,51849,,,276.8974304199219,,,,,
,,51849,,13.767719268798828,,,,,,
33,,51849,,,,0.296427845954895,-9.60505199432373,,,
,,51899,,,277.177095413208,,,,,
,,51899,,16.968965530395508,,,,,,
33,,51899,,,,0.2883155345916748,-9.451947212219238,,,
,,51949,,,277.74977684020996,,,,,
,,51949,,13.559103012084961,,,,,,
33,,51949,,,,0.28746962547302246,-9.370600700378418,,,
,,51999,,,276.6597270965576,,,,,
,,51999,,16.988515853881836,,,,,,
33,,51999,,,,0.2890617847442627,-9.447010040283203,,,
,,52049,,,277.11963653564453,,,,,
,,52049,,13.243913650512695,,,,,,
33,,52049,,,,0.2890150547027588,-9.508196830749512,,,
,,52099,,,277.06408500671387,,,,,
,,52099,,16.870498657226562,,,,,,
33,,52099,,,,0.28444671630859375,-9.522833824157715,,,
,,52149,,,280.0776958465576,,,,,
,,52149,,10.843038558959961,,,,,,
33,,52149,,,,0.2979276180267334,-9.439254760742188,,,
,,52199,,,277.0559787750244,,,,,
,,52199,,16.944408416748047,,,,,,
33,,52199,,,,0.2871510982513428,-9.64913558959961,,,
,,52249,,,276.69239044189453,,,,,
,,52249,,13.23246955871582,,,,,,
33,,52249,,,,0.2854344844818115,-9.531131744384766,,,
,,52299,,,276.6449451446533,,,,,
,,52299,,18.0208683013916,,,,,,
33,,52299,,,,0.2862083911895752,-9.47802734375,,,
,,52349,,,285.5865955352783,,,,,
,,52349,,13.288497924804688,,,,,,
33,,52349,,,,0.29277658462524414,-9.471570014953613,,,
,,52399,,,276.8068313598633,,,,,
,,52399,,17.21477508544922,,,,,,
33,,52399,,,,0.28965115547180176,-9.608743667602539,,,
,,52449,,,276.8669128417969,,,,,
,,52449,,13.629436492919922,,,,,,
33,,52449,,,,0.2934916019439697,-9.438116073608398,,,
,,52499,,,276.81922912597656,,,,,
,,52499,,17.050743103027344,,,,,,
33,,52499,,,,0.29503583908081055,-9.649770736694336,,,
,,52549,,,276.5929698944092,,,,,
,,52549,,13.629674911499023,,,,,,
33,,52549,,,,0.2873079776763916,-9.64359188079834,,,
,,52599,,,281.7671298980713,,,,,
,,52599,,17.250776290893555,,,,,,
33,,52599,,,,0.2854642868041992,-9.655173301696777,,,
,,52649,,,288.24663162231445,,,,,
,,52649,,13.045549392700195,,,,,,
33,,52649,,,,0.2877633571624756,-9.745524406433105,,,
,,52699,,,276.92198753356934,,,,,
,,52699,,17.405033111572266,,,,,,
33,,52699,,,,0.28989267349243164,-9.568822860717773,,,
,,52749,,,276.99995040893555,,,,,
,,52749,,13.575315475463867,,,,,,
33,,52749,,,,0.2918083667755127,-9.612640380859375,,,
,,52799,,,285.8083248138428,,,,,
,,52799,,17.131805419921875,,,,,,
33,,52799,,,,0.29114603996276855,-9.418011665344238,,,
,,52849,,,287.46891021728516,,,,,
,,52849,,14.865398406982422,,,,,,
33,,52849,,,,0.2947421073913574,-9.64857292175293,,,
,,52899,,,277.32205390930176,,,,,
,,52899,,17.309904098510742,,,,,,
33,,52899,,,,0.29848694801330566,-9.578986167907715,,,
,,52949,,,276.91149711608887,,,,,
,,52949,,13.91148567199707,,,,,,
33,,52949,,,,0.2987327575683594,-9.412065505981445,,,
,,52999,,,529.4244289398193,,,,,
,,52999,,18.5549259185791,,,,,,
33,,52999,,,,0.2934117317199707,-9.514337539672852,,,
,,53049,,,276.97277069091797,,,,,
,,53049,,13.058662414550781,,,,,,
33,,53049,,,,0.2912421226501465,-9.42828369140625,,,
,,53099,,,276.9479751586914,,,,,
,,53099,,17.061471939086914,,,,,,
33,,53099,,,,0.2814598083496094,-9.537246704101562,,,
33,,53141,,,,,,-7.783607006072998,-7.819766998291016,-8.053566932678223
,,53142,559.4445884227753,,,,,,,
,0.0003,53142,,,,,,,,
,,53149,,,287.69898414611816,,,,,
,,53149,,11.548757553100586,,,,,,
34,,53149,,,,0.288555383682251,-9.577929496765137,,,
,,53199,,,277.4043083190918,,,,,
,,53199,,17.16923713684082,,,,,,
34,,53199,,,,0.290996789932251,-9.56165885925293,,,
,,53249,,,277.53496170043945,,,,,
,,53249,,13.412714004516602,,,,,,
34,,53249,,,,0.3018709421157837,-9.547616004943848,,,
,,53299,,,296.3986396789551,,,,,
,,53299,,17.974138259887695,,,,,,
34,,53299,,,,0.31032824516296387,-9.49416732788086,,,
,,53349,,,276.7601013183594,,,,,
,,53349,,13.622045516967773,,,,,,
34,,53349,,,,0.30674171447753906,-9.398365020751953,,,
,,53399,,,276.95322036743164,,,,,
,,53399,,17.076730728149414,,,,,,
34,,53399,,,,0.3010718822479248,-9.358020782470703,,,
,,53449,,,277.20022201538086,,,,,
,,53449,,13.682126998901367,,,,,,
34,,53449,,,,0.2999112606048584,-9.550830841064453,,,
,,53499,,,282.23347663879395,,,,,
,,53499,,21.89922332763672,,,,,,
34,,53499,,,,0.2917628288269043,-9.59127426147461,,,
,,53549,,,277.3475646972656,,,,,
,,53549,,13.632535934448242,,,,,,
34,,53549,,,,0.28413963317871094,-9.4993896484375,,,
,,53599,,,277.3001194000244,,,,,
,,53599,,17.286062240600586,,,,,,
34,,53599,,,,0.28322911262512207,-9.483030319213867,,,
,,53649,,,277.24194526672363,,,,,
,,53649,,13.681173324584961,,,,,,
34,,53649,,,,0.2813560962677002,-9.673619270324707,,,
,,53699,,,277.1265506744385,,,,,
,,53699,,17.184972763061523,,,,,,
34,,53699,,,,0.29198336601257324,-9.40802001953125,,,
,,53749,,,286.07845306396484,,,,,
,,53749,,13.284683227539062,,,,,,
34,,53749,,,,0.2841320037841797,-9.451738357543945,,,
,,53799,,,276.7224311828613,,,,,
,,53799,,17.071008682250977,,,,,,
34,,53799,,,,0.29037952423095703,-9.517199516296387,,,
,,53849,,,276.8361568450928,,,,,
,,53849,,13.771533966064453,,,,,,
34,,53849,,,,0.29797863960266113,-9.523313522338867,,,
,,53899,,,288.0284786224365,,,,,
,,53899,,18.22829246520996,,,,,,
34,,53899,,,,0.2958517074584961,-9.62741470336914,,,
,,53949,,,277.16588973999023,,,,,
,,53949,,13.660669326782227,,,,,,
34,,53949,,,,0.29683101177215576,-9.672674179077148,,,
,,53999,,,277.29129791259766,,,,,
,,53999,,17.121076583862305,,,,,,
34,,53999,,,,0.29355454444885254,-9.610983848571777,,,
,,54049,,,276.6902446746826,,,,,
,,54049,,14.085054397583008,,,,,,
34,,54049,,,,0.30364227294921875,-9.601969718933105,,,
,,54099,,,286.59558296203613,,,,,
,,54099,,17.38429069519043,,,,,,
34,,54099,,,,0.29937100410461426,-9.56163215637207,,,
,,54149,,,277.6315212249756,,,,,
,,54149,,13.804912567138672,,,,,,
34,,54149,,,,0.2934834957122803,-9.512703895568848,,,
,,54199,,,281.7823886871338,,,,,
,,54199,,17.337322235107422,,,,,,
34,,54199,,,,0.2931506633758545,-9.736196517944336,,,
,,54249,,,277.5869369506836,,,,,
,,54249,,13.519048690795898,,,,,,
34,,54249,,,,0.2930583953857422,-9.7404203414917,,,
,,54299,,,279.1790962219238,,,,,
,,54299,,17.717599868774414,,,,,,
34,,54299,,,,0.29329919815063477,-9.610486030578613,,,
,,54349,,,277.4615287780762,,,,,
,,54349,,13.576030731201172,,,,,,
34,,54349,,,,0.28458142280578613,-9.614768981933594,,,
,,54399,,,277.4810791015625,,,,,
,,54399,,17.803430557250977,,,,,,
34,,54399,,,,0.2991936206817627,-9.601649284362793,,,
,,54449,,,277.39834785461426,,,,,
,,54449,,13.727188110351562,,,,,,
34,,54449,,,,0.2891116142272949,-9.756718635559082,,,
,,54499,,,307.83796310424805,,,,,
,,54499,,18.329143524169922,,,,,,
34,,54499,,,,0.27750563621520996,-9.781119346618652,,,
,,54549,,,286.3163948059082,,,,,
,,54549,,13.17453384399414,,,,,,
34,,54549,,,,0.2818870544433594,-9.533738136291504,,,
,,54599,,,278.28049659729004,,,,,
,,54599,,17.275333404541016,,,,,,
34,,54599,,,,0.2770857810974121,-9.720413208007812,,,
,,54649,,,277.4920463562012,,,,,
,,54649,,13.817071914672852,,,,,,
34,,54649,,,,0.2761352062225342,-9.786739349365234,,,
,,54699,,,277.6148319244385,,,,,
,,54699,,17.403364181518555,,,,,,
34,,54699,,,,0.2701609134674072,-9.732571601867676,,,
34,,54704,,,,,,-7.783063888549805,-7.816930294036865,-8.053224563598633
,,54705,560.1119818687439,,,,,,,
,0.0003,54705,,,,,,,,
,,54749,,,280.6394100189209,,,,,
,,54749,,10.26010513305664,,,,,,
35,,54749,,,,0.2771580219268799,-9.694626808166504,,,
,,54799,,,276.9944667816162,,,,,
,,54799,,17.009973526000977,,,,,,
35,,54799,,,,0.2830498218536377,-9.797454833984375,,,
,,54849,,,285.54582595825195,,,,,
,,54849,,13.071537017822266,,,,,,
35,,54849,,,,0.2683603763580322,-9.693304061889648,,,
,,54899,,,287.98699378967285,,,,,
,,54899,,22.226333618164062,,,,,,
35,,54899,,,,0.2835578918457031,-9.614497184753418,,,
,,54949,,,277.1172523498535,,,,,
,,54949,,13.500213623046875,,,,,,
35,,54949,,,,0.28386127948760986,-9.838506698608398,,,
,,54999,,,296.6499328613281,,,,,
,,54999,,18.25881004333496,,,,,,
35,,54999,,,,0.28578054904937744,-9.599879264831543,,,
,,55049,,,286.4725589752197,,,,,
,,55049,,13.00358772277832,,,,,,
35,,55049,,,,0.2835592031478882,-9.539666175842285,,,
,,55099,,,277.84037590026855,,,,,
,,55099,,17.102956771850586,,,,,,
35,,55099,,,,0.2862856388092041,-9.655254364013672,,,
,,55149,,,281.18181228637695,,,,,
,,55149,,9.42087173461914,,,,,,
35,,55149,,,,0.2847018241882324,-9.694091796875,,,
,,55199,,,276.9620418548584,,,,,
,,55199,,17.03190803527832,,,,,,
35,,55199,,,,0.27953648567199707,-9.491838455200195,,,
,,55249,,,276.53956413269043,,,,,
,,55249,,13.809919357299805,,,,,,
35,,55249,,,,0.27604448795318604,-9.374451637268066,,,
,,55299,,,293.23816299438477,,,,,
,,55299,,18.13673973083496,,,,,,
35,,55299,,,,0.26873040199279785,-9.708990097045898,,,
,,55349,,,276.7050266265869,,,,,
,,55349,,13.808012008666992,,,,,,
35,,55349,,,,0.2758474349975586,-9.733083724975586,,,
,,55399,,,285.54773330688477,,,,,
,,55399,,17.100095748901367,,,,,,
35,,55399,,,,0.28201961517333984,-9.543423652648926,,,
,,55449,,,277.4322032928467,,,,,
,,55449,,12.964248657226562,,,,,,
35,,55449,,,,0.28456902503967285,-9.567753791809082,,,
,,55499,,,276.8523693084717,,,,,
,,55499,,16.956806182861328,,,,,,
35,,55499,,,,0.2902181148529053,-9.632089614868164,,,
,,55549,,,276.71098709106445,,,,,
,,55549,,13.647794723510742,,,,,,
35,,55549,,,,0.2847256660461426,-9.701833724975586,,,
,,55599,,,276.9432067871094,,,,,
,,55599,,25.561094284057617,,,,,,
35,,55599,,,,0.28402161598205566,-9.625354766845703,,,
,,55649,,,280.9131145477295,,,,,
,,55649,,10.620594024658203,,,,,,
35,,55649,,,,0.2879762649536133,-9.695905685424805,,,
,,55699,,,276.4267921447754,,,,,
,,55699,,17.482995986938477,,,,,,
35,,55699,,,,0.2742609977722168,-9.629074096679688,,,
,,55749,,,277.1182060241699,,,,,
,,55749,,13.29183578491211,,,,,,
35,,55749,,,,0.27973484992980957,-9.642956733703613,,,
,,55799,,,276.9887447357178,,,,,
,,55799,,17.017126083374023,,,,,,
35,,55799,,,,0.290804386138916,-9.697509765625,,,
,,55849,,,276.2734889984131,,,,,
,,55849,,13.901710510253906,,,,,,
35,,55849,,,,0.29410505294799805,-9.550710678100586,,,
,,55899,,,304.8291206359863,,,,,
,,55899,,18.504858016967773,,,,,,
35,,55899,,,,0.28996706008911133,-9.676797866821289,,,
,,55949,,,276.6985893249512,,,,,
,,55949,,13.849496841430664,,,,,,
35,,55949,,,,0.2903099060058594,-9.718377113342285,,,
,,55999,,,276.43513679504395,,,,,
,,55999,,17.323732376098633,,,,,,
35,,55999,,,,0.2924215793609619,-9.514436721801758,,,
,,56049,,,283.5218906402588,,,,,
,,56049,,12.740612030029297,,,,,,
35,,56049,,,,0.28202176094055176,-9.54155445098877,,,
,,56099,,,276.81517601013184,,,,,
,,56099,,17.226219177246094,,,,,,
35,,56099,,,,0.2897965908050537,-9.611377716064453,,,
,,56149,,,293.9715385437012,,,,,
,,56149,,5.431890487670898,,,,,,
35,,56149,,,,0.2938936948776245,-9.648438453674316,,,
,,56199,,,277.0235538482666,,,,,
,,56199,,17.05002784729004,,,,,,
35,,56199,,,,0.29848146438598633,-9.695975303649902,,,
,,56249,,,277.01306343078613,,,,,
,,56249,,13.38505744934082,,,,,,
35,,56249,,,,0.29440975189208984,-9.598044395446777,,,
35,,56267,,,,,,-7.782120227813721,-7.816792011260986,-8.048861503601074
,,56268,559.0892426967621,,,,,,,
,0.0003,56268,,,,,,,,
,,56299,,,284.33728218078613,,,,,
,,56299,,17.391204833984375,,,,,,
36,,56299,,,,0.29200172424316406,-9.431610107421875,,,
,,56349,,,277.27293968200684,,,,,
,,56349,,13.762474060058594,,,,,,
36,,56349,,,,0.28530430793762207,-9.469015121459961,,,
,,56399,,,299.3624210357666,,,,,
,,56399,,22.83167839050293,,,,,,
36,,56399,,,,0.28727293014526367,-9.575031280517578,,,
,,56449,,,292.6352024078369,,,,,
,,56449,,8.358955383300781,,,,,,
36,,56449,,,,0.2905561923980713,-9.342378616333008,,,
,,56499,,,278.4416675567627,,,,,
,,56499,,17.08197593688965,,,,,,
36,,56499,,,,0.29973459243774414,-9.600015640258789,,,
,,56549,,,278.5928249359131,,,,,
,,56549,,12.95614242553711,,,,,,
36,,56549,,,,0.2972252368927002,-9.569897651672363,,,
,,56599,,,276.55863761901855,,,,,
,,56599,,17.159223556518555,,,,,,
36,,56599,,,,0.2925295829772949,-9.473957061767578,,,
,,56649,,,277.46009826660156,,,,,
,,56649,,13.60774040222168,,,,,,
36,,56649,,,,0.2899775505065918,-9.603322982788086,,,
,,56699,,,277.8134346008301,,,,,
,,56699,,16.971349716186523,,,,,,
36,,56699,,,,0.28151988983154297,-9.644973754882812,,,
,,56749,,,277.88853645324707,,,,,
,,56749,,13.863563537597656,,,,,,
36,,56749,,,,0.28513288497924805,-9.60136604309082,,,
,,56799,,,278.1665325164795,,,,,
,,56799,,17.020702362060547,,,,,,
36,,56799,,,,0.28580009937286377,-9.658477783203125,,,
,,56849,,,277.5266170501709,,,,,
,,56849,,13.61227035522461,,,,,,
36,,56849,,,,0.30161619186401367,-9.475518226623535,,,
,,56899,,,276.9653797149658,,,,,
,,56899,,17.244338989257812,,,,,,
36,,56899,,,,0.28997230529785156,-9.648508071899414,,,
,,56949,,,277.2376537322998,,,,,
,,56949,,13.622045516967773,,,,,,
36,,56949,,,,0.29524755477905273,-9.65614128112793,,,
,,56999,,,277.1120071411133,,,,,
,,56999,,17.246007919311523,,,,,,
36,,56999,,,,0.2893257141113281,-9.818325996398926,,,
,,57049,,,276.43418312072754,,,,,
,,57049,,14.016866683959961,,,,,,
36,,57049,,,,0.29326772689819336,-9.74520492553711,,,
,,57099,,,281.87108039855957,,,,,
,,57099,,17.486572265625,,,,,,
36,,57099,,,,0.27921032905578613,-9.793031692504883,,,
,,57149,,,276.9343852996826,,,,,
,,57149,,13.927459716796875,,,,,,
36,,57149,,,,0.2900238037109375,-9.744686126708984,,,
,,57199,,,277.1592140197754,,,,,
,,57199,,17.059326171875,,,,,,
36,,57199,,,,0.2849545478820801,-9.736623764038086,,,
,,57249,,,277.6963710784912,,,,,
,,57249,,13.067245483398438,,,,,,
36,,57249,,,,0.2872469425201416,-9.618457794189453,,,
,,57299,,,287.6462936401367,,,,,
,,57299,,17.30799674987793,,,,,,
36,,57299,,,,0.29085254669189453,-9.737064361572266,,,
,,57349,,,276.8712043762207,,,,,
,,57349,,13.796806335449219,,,,,,
36,,57349,,,,0.2967308759689331,-9.574734687805176,,,
,,57399,,,277.5461673736572,,,,,
,,57399,,17.867565155029297,,,,,,
36,,57399,,,,0.29621970653533936,-9.514410018920898,,,
,,57449,,,277.35233306884766,,,,,
,,57449,,13.630867004394531,,,,,,
36,,57449,,,,0.2906222343444824,-9.538601875305176,,,
,,57499,,,277.3163318634033,,,,,
,,57499,,17.54307746887207,,,,,,
36,,57499,,,,0.2958807945251465,-9.509492874145508,,,
,,57549,,,278.3520221710205,,,,,
,,57549,,12.67695426940918,,,,,,
36,,57549,,,,0.2886204719543457,-9.659369468688965,,,
,,57599,,,295.5021858215332,,,,,
,,57599,,26.061534881591797,,,,,,
36,,57599,,,,0.2835235595703125,-9.719609260559082,,,
,,57649,,,277.4205207824707,,,,,
,,57649,,13.580560684204102,,,,,,
36,,57649,,,,0.28494739532470703,-9.594642639160156,,,
,,57699,,,276.87716484069824,,,,,
,,57699,,17.390727996826172,,,,,,
36,,57699,,,,0.2676112651824951,-9.744248390197754,,,
,,57749,,,277.08911895751953,,,,,
,,57749,,13.671875,,,,,,
36,,57749,,,,0.2886474132537842,-9.647518157958984,,,
,,57799,,,276.7970561981201,,,,,
,,57799,,17.343521118164062,,,,,,
36,,57799,,,,0.2836642265319824,-9.642953872680664,,,
36,,57830,,,,,,-7.782735347747803,-7.817851543426514,-8.068132400512695
,,57831,558.7732167243958,,,,,,,
,0.0003,57831,,,,,,,,
,,57849,,,289.99853134155273,,,,,
,,57849,,13.064861297607422,,,,,,
37,,57849,,,,0.2814197540283203,-9.766336441040039,,,
,,57899,,,277.05860137939453,,,,,
,,57899,,17.058134078979492,,,,,,
37,,57899,,,,0.2779957056045532,-9.902153015136719,,,
,,57949,,,276.90815925598145,,,,,
,,57949,,13.829946517944336,,,,,,
37,,57949,,,,0.28567075729370117,-9.814799308776855,,,
,,57999,,,277.09460258483887,,,,,
,,57999,,17.709016799926758,,,,,,
37,,57999,,,,0.2992217540740967,-9.647454261779785,,,
,,58049,,,279.79469299316406,,,,,
,,58049,,11.453866958618164,,,,,,
37,,58049,,,,0.2966804504394531,-9.521787643432617,,,
,,58099,,,302.335262298584,,,,,
,,58099,,18.706798553466797,,,,,,
37,,58099,,,,0.3032679557800293,-9.480168342590332,,,
,,58149,,,277.77767181396484,,,,,
,,58149,,13.541936874389648,,,,,,
37,,58149,,,,0.3058791160583496,-9.486635208129883,,,
,,58199,,,276.89123153686523,,,,,
,,58199,,17.000436782836914,,,,,,
37,,58199,,,,0.3000824451446533,-9.509061813354492,,,
,,58249,,,284.6529483795166,,,,,
,,58249,,12.919902801513672,,,,,,
37,,58249,,,,0.29172587394714355,-9.603035926818848,,,
,,58299,,,286.94987297058105,,,,,
,,58299,,17.03619956970215,,,,,,
37,,58299,,,,0.28893136978149414,-9.751526832580566,,,
,,58349,,,276.7057418823242,,,,,
,,58349,,13.513565063476562,,,,,,
37,,58349,,,,0.28679966926574707,-9.566347122192383,,,
,,58399,,,277.7895927429199,,,,,
,,58399,,17.10987091064453,,,,,,
37,,58399,,,,0.28836774826049805,-9.837407112121582,,,
,,58449,,,277.1933078765869,,,,,
,,58449,,13.664484024047852,,,,,,
37,,58449,,,,0.2954857349395752,-9.681811332702637,,,
,,58499,,,277.1317958831787,,,,,
,,58499,,16.882658004760742,,,,,,
37,,58499,,,,0.2870161533355713,-9.647579193115234,,,
,,58549,,,276.7493724822998,,,,,
,,58549,,13.570308685302734,,,,,,
37,,58549,,,,0.2863283157348633,-9.71558666229248,,,
,,58599,,,277.02832221984863,,,,,
,,58599,,17.44365692138672,,,,,,
37,,58599,,,,0.2713944911956787,-9.657265663146973,,,
,,58649,,,276.1707305908203,,,,,
,,58649,,14.061689376831055,,,,,,
37,,58649,,,,0.27857255935668945,-9.665460586547852,,,
,,58699,,,279.13355827331543,,,,,
,,58699,,24.08432960510254,,,,,,
37,,58699,,,,0.2783656120300293,-9.649154663085938,,,
,,58749,,,284.618616104126,,,,,
,,58749,,9.078741073608398,,,,,,
37,,58749,,,,0.27584004402160645,-9.545019149780273,,,
,,58799,,,276.61776542663574,,,,,
,,58799,,17.017602920532227,,,,,,
37,,58799,,,,0.2810647487640381,-9.702123641967773,,,
,,58849,,,277.52089500427246,,,,,
,,58849,,13.471603393554688,,,,,,
37,,58849,,,,0.2807326316833496,-9.642814636230469,,,
,,58899,,,285.8598232269287,,,,,
,,58899,,17.03190803527832,,,,,,
37,,58899,,,,0.2786600589752197,-9.86873722076416,,,
,,58949,,,277.73284912109375,,,,,
,,58949,,12.720108032226562,,,,,,
37,,58949,,,,0.2757303714752197,-9.578988075256348,,,
,,58999,,,289.84618186950684,,,,,
,,58999,,20.156145095825195,,,,,,
37,,58999,,,,0.29134583473205566,-9.546605110168457,,,
,,59049,,,277.263879776001,,,,,
,,59049,,13.465166091918945,,,,,,
37,,59049,,,,0.29010581970214844,-9.603185653686523,,,
,,59099,,,276.75461769104004,,,,,
,,59099,,17.157554626464844,,,,,,
37,,59099,,,,0.27747392654418945,-9.533839225769043,,,
,,59149,,,277.0826816558838,,,,,
,,59149,,13.636350631713867,,,,,,
37,,59149,,,,0.29012465476989746,-9.607248306274414,,,
,,59199,,,276.7643928527832,,,,,
,,59199,,17.24100112915039,,,,,,
37,,59199,,,,0.284837007522583,-9.564209938049316,,,
,,59249,,,276.9443988800049,,,,,
,,59249,,13.888359069824219,,,,,,
37,,59249,,,,0.2962911128997803,-9.67110538482666,,,
,,59299,,,277.27460861206055,,,,,
,,59299,,17.3952579498291,,,,,,
37,,59299,,,,0.2977030277252197,-9.681849479675293,,,
,,59349,,,280.2765369415283,,,,,
,,59349,,10.919809341430664,,,,,,
37,,59349,,,,0.29201722145080566,-9.663344383239746,,,
37,,59393,,,,,,-7.781591415405273,-7.815868854522705,-8.05048942565918
,,59394,558.5074508190155,,,,,,,
,0.0003,59394,,,,,,,,
,,59399,,,286.00215911865234,,,,,
,,59399,,17.264366149902344,,,,,,
38,,59399,,,,0.28755879402160645,-9.492090225219727,,,
,,59449,,,276.69334411621094,,,,,
,,59449,,14.059066772460938,,,,,,
38,,59449,,,,0.2869144678115845,-9.721693992614746,,,
,,59499,,,276.8983840942383,,,,,
,,59499,,17.05789566040039,,,,,,
38,,59499,,,,0.2850492000579834,-9.556424140930176,,,
,,59549,,,277.26054191589355,,,,,
,,59549,,13.741731643676758,,,,,,
38,,59549,,,,0.2819010019302368,-9.70607852935791,,,
,,59599,,,277.57763862609863,,,,,
,,59599,,17.240285873413086,,,,,,
38,,59599,,,,0.28945350646972656,-9.616829872131348,,,
,,59649,,,277.7860164642334,,,,,
,,59649,,13.869285583496094,,,,,,
38,,59649,,,,0.2746720314025879,-9.579330444335938,,,
,,59699,,,279.8452377319336,,,,,
,,59699,,17.11106300354004,,,,,,
38,,59699,,,,0.27585577964782715,-9.685723304748535,,,
,,59749,,,277.56285667419434,,,,,
,,59749,,13.623476028442383,,,,,,
38,,59749,,,,0.2827725410461426,-9.609865188598633,,,
,,59799,,,276.79896354675293,,,,,
,,59799,,17.773151397705078,,,,,,
38,,59799,,,,0.2861570119857788,-9.828006744384766,,,
,,59849,,,276.47876739501953,,,,,
,,59849,,14.286279678344727,,,,,,
38,,59849,,,,0.28361988067626953,-9.639979362487793,,,
,,59899,,,277.5583267211914,,,,,
,,59899,,17.172813415527344,,,,,,
38,,59899,,,,0.2941904067993164,-9.466635704040527,,,
,,59949,,,277.6451110839844,,,,,
,,59949,,13.814210891723633,,,,,,
38,,59949,,,,0.2918553352355957,-9.652928352355957,,,
,,59999,,,277.3151397705078,,,,,
,,59999,,17.06671714782715,,,,,,
38,,59999,,,,0.28635549545288086,-9.679008483886719,,,
,,60049,,,278.23472023010254,,,,,
,,60049,,13.199567794799805,,,,,,
38,,60049,,,,0.286283016204834,-9.629878044128418,,,
,,60099,,,277.4536609649658,,,,,
,,60099,,17.31252670288086,,,,,,
38,,60099,,,,0.28238964080810547,-9.605843544006348,,,
,,60149,,,277.87041664123535,,,,,
,,60149,,13.186216354370117,,,,,,
38,,60149,,,,0.27739381790161133,-9.614598274230957,,,
,,60199,,,277.79150009155273,,,,,
,,60199,,17.125606536865234,,,,,,
38,,60199,,,,0.27706050872802734,-9.684948921203613,,,
,,60249,,,277.65774726867676,,,,,
,,60249,,13.402462005615234,,,,,,
38,,60249,,,,0.27661824226379395,-9.718762397766113,,,
,,60299,,,277.3144245147705,,,,,
,,60299,,25.952577590942383,,,,,,
38,,60299,,,,0.26236462593078613,-9.762730598449707,,,
,,60349,,,278.28359603881836,,,,,
,,60349,,13.267278671264648,,,,,,
38,,60349,,,,0.2737950086593628,-9.756607055664062,,,
,,60399,,,277.1182060241699,,,,,
,,60399,,17.019271850585938,,,,,,
38,,60399,,,,0.27900075912475586,-9.761489868164062,,,
,,60449,,,277.36711502075195,,,,,
,,60449,,13.922452926635742,,,,,,
38,,60449,,,,0.279449462890625,-9.760777473449707,,,
,,60499,,,283.1766605377197,,,,,
,,60499,,21.882295608520508,,,,,,
38,,60499,,,,0.27796506881713867,-9.689529418945312,,,
,,60549,,,277.5270938873291,,,,,
,,60549,,13.641119003295898,,,,,,
38,,60549,,,,0.2757086753845215,-9.610163688659668,,,
,,60599,,,276.8831253051758,,,,,
,,60599,,17.009735107421875,,,,,,
38,,60599,,,,0.27298402786254883,-9.65987491607666,,,
,,60649,,,277.14061737060547,,,,,
,,60649,,13.762712478637695,,,,,,
38,,60649,,,,0.26935529708862305,-9.729925155639648,,,
,,60699,,,277.99010276794434,,,,,
,,60699,,26.025772094726562,,,,,,
38,,60699,,,,0.27724528312683105,-9.625327110290527,,,
,,60749,,,288.7411117553711,,,,,
,,60749,,13.33928108215332,,,,,,
38,,60749,,,,0.2824835777282715,-9.530741691589355,,,
,,60799,,,277.5139808654785,,,,,
,,60799,,17.260313034057617,,,,,,
38,,60799,,,,0.2801957130432129,-9.680146217346191,,,
,,60849,,,277.10771560668945,,,,,
,,60849,,13.898134231567383,,,,,,
38,,60849,,,,0.27921390533447266,-9.50978946685791,,,
,,60899,,,277.19664573669434,,,,,
,,60899,,17.129182815551758,,,,,,
38,,60899,,,,0.2720301151275635,-9.62355899810791,,,
,,60949,,,277.9414653778076,,,,,
,,60949,,13.420820236206055,,,,,,
38,,60949,,,,0.28246569633483887,-9.615731239318848,,,
38,,60956,,,,,,-7.782205581665039,-7.817856311798096,-8.062785148620605
,,60957,559.2782008647919,,,,,,,
,0.0003,60957,,,,,,,,
,,60999,,,277.21333503723145,,,,,
,,60999,,17.04692840576172,,,,,,
39,,60999,,,,0.2648653984069824,-9.701715469360352,,,
,,61049,,,277.2834300994873,,,,,
,,61049,,13.259172439575195,,,,,,
39,,61049,,,,0.2611048221588135,-9.797531127929688,,,
,,61099,,,286.80992126464844,,,,,
,,61099,,16.90506935119629,,,,,,
39,,61099,,,,0.2792830467224121,-9.762924194335938,,,
,,61149,,,276.9052982330322,,,,,
,,61149,,13.561725616455078,,,,,,
39,,61149,,,,0.26989197731018066,-9.73740005493164,,,
,,61199,,,276.6242027282715,,,,,
,,61199,,16.852855682373047,,,,,,
39,,61199,,,,0.2775770425796509,-9.827544212341309,,,
,,61249,,,278.3997058868408,,,,,
,,61249,,13.186454772949219,,,,,,
39,,61249,,,,0.28617537021636963,-9.666778564453125,,,
,,61299,,,277.12297439575195,,,,,
,,61299,,25.70819854736328,,,,,,
39,,61299,,,,0.27715587615966797,-9.636462211608887,,,
,,61349,,,276.961088180542,,,,,
,,61349,,13.378143310546875,,,,,,
39,,61349,,,,0.27625346183776855,-9.59909439086914,,,
,,61399,,,277.9972553253174,,,,,
,,61399,,17.174959182739258,,,,,,
39,,61399,,,,0.2711212635040283,-9.711091995239258,,,
,,61449,,,277.0965099334717,,,,,
,,61449,,12.949228286743164,,,,,,
39,,61449,,,,0.2745499610900879,-9.495951652526855,,,
,,61499,,,306.1537742614746,,,,,
,,61499,,18.22376251220703,,,,,,
39,,61499,,,,0.2673218250274658,-9.841109275817871,,,
,,61549,,,277.04906463623047,,,,,
,,61549,,13.941287994384766,,,,,,
39,,61549,,,,0.2698018550872803,-9.75882339477539,,,
,,61599,,,277.20165252685547,,,,,
,,61599,,17.20118522644043,,,,,,
39,,61599,,,,0.2769625186920166,-9.725229263305664,,,
,,61649,,,276.5498161315918,,,,,
,,61649,,13.889074325561523,,,,,,
39,,61649,,,,0.26746654510498047,-9.807280540466309,,,
,,61699,,,277.90021896362305,,,,,
,,61699,,17.583847045898438,,,,,,
39,,61699,,,,0.2636222839355469,-9.712745666503906,,,
,,61749,,,277.22954750061035,,,,,
,,61749,,13.575077056884766,,,,,,
39,,61749,,,,0.27132487297058105,-9.71953010559082,,,
,,61799,,,286.1335277557373,,,,,
,,61799,,17.07005500793457,,,,,,
39,,61799,,,,0.27629637718200684,-9.72603702545166,,,
,,61849,,,276.8397331237793,,,,,
,,61849,,14.786720275878906,,,,,,
39,,61849,,,,0.27988696098327637,-9.805349349975586,,,
,,61899,,,277.17137336730957,,,,,
,,61899,,16.94631576538086,,,,,,
39,,61899,,,,0.2835841178894043,-9.831624984741211,,,
,,61949,,,286.865234375,,,,,
,,61949,,13.295650482177734,,,,,,
39,,61949,,,,0.28807783126831055,-9.712353706359863,,,
,,61999,,,276.31258964538574,,,,,
,,61999,,17.165184020996094,,,,,,
39,,61999,,,,0.27962541580200195,-9.6956148147583,,,
,,62049,,,276.7751216888428,,,,,
,,62049,,13.799190521240234,,,,,,
39,,62049,,,,0.2706410884857178,-9.814122200012207,,,
,,62099,,,277.04429626464844,,,,,
,,62099,,17.220497131347656,,,,,,
39,,62099,,,,0.26795530319213867,-9.729639053344727,,,
,,62149,,,277.71735191345215,,,,,
,,62149,,13.300418853759766,,,,,,
39,,62149,,,,0.2749342918395996,-9.825685501098633,,,
,,62199,,,276.9653797149658,,,,,
,,62199,,17.516374588012695,,,,,,
39,,62199,,,,0.2673478126525879,-9.66324520111084,,,
,,62249,,,277.89974212646484,,,,,
,,62249,,12.734651565551758,,,,,,
39,,62249,,,,0.2796940803527832,-9.689543724060059,,,
,,62299,,,290.740966796875,,,,,
,,62299,,22.76325225830078,,,,,,
39,,62299,,,,0.27616238594055176,-9.77124309539795,,,
,,62349,,,277.0822048187256,,,,,
,,62349,,13.584613800048828,,,,,,
39,,62349,,,,0.2848658561706543,-9.609020233154297,,,
,,62399,,,276.6153812408447,,,,,
,,62399,,17.292261123657227,,,,,,
39,,62399,,,,0.27945852279663086,-9.710943222045898,,,
,,62449,,,277.3463726043701,,,,,
,,62449,,13.233661651611328,,,,,,
39,,62449,,,,0.28067946434020996,-9.688669204711914,,,
,,62499,,,277.1601676940918,,,,,
,,62499,,17.167091369628906,,,,,,
39,,62499,,,,0.273120641708374,-9.51174259185791,,,
39,,62519,,,,,,-7.780314922332764,-7.813833713531494,-8.062980651855469
,,62520,558.069628238678,,,,,,,
,0.0003,62520,,,,,,,,
,,62549,,,276.8573760986328,,,,,
,,62549,,13.777971267700195,,,,,,
40,,62549,,,,0.2728133201599121,-9.55583381652832,,,
,,62599,,,277.4841785430908,,,,,
,,62599,,17.03047752380371,,,,,,
40,,62599,,,,0.2762643098831177,-9.711102485656738,,,
,,62649,,,286.27586364746094,,,,,
,,62649,,12.848854064941406,,,,,,
40,,62649,,,,0.26981616020202637,-9.732810020446777,,,
,,62699,,,277.5464057922363,,,,,
,,62699,,17.183780670166016,,,,,,
40,,62699,,,,0.2771334648132324,-9.794785499572754,,,
,,62749,,,277.76336669921875,,,,,
,,62749,,13.705253601074219,,,,,,
40,,62749,,,,0.275148868560791,-9.619515419006348,,,
,,62799,,,285.7341766357422,,,,,
,,62799,,17.301559448242188,,,,,,
40,,62799,,,,0.28554844856262207,-9.702628135681152,,,
,,62849,,,277.5154113769531,,,,,
,,62849,,13.646364212036133,,,,,,
40,,62849,,,,0.28491711616516113,-9.613040924072266,,,
,,62899,,,277.76312828063965,,,,,
,,62899,,17.783403396606445,,,,,,
40,,62899,,,,0.280706524848938,-9.675288200378418,,,
,,62949,,,285.4771614074707,,,,,
,,62949,,13.428449630737305,,,,,,
40,,62949,,,,0.27679872512817383,-9.66653823852539,,,
,,62999,,,281.6450595855713,,,,,
,,62999,,22.339582443237305,,,,,,
40,,62999,,,,0.27222204208374023,-9.822113990783691,,,
,,63049,,,277.30488777160645,,,,,
,,63049,,13.588905334472656,,,,,,
40,,63049,,,,0.2808058261871338,-9.805395126342773,,,
,,63099,,,279.8893451690674,,,,,
,,63099,,23.64492416381836,,,,,,
40,,63099,,,,0.28340911865234375,-9.734481811523438,,,
,,63149,,,287.9290580749512,,,,,
,,63149,,11.831283569335938,,,,,,
40,,63149,,,,0.28855597972869873,-9.820114135742188,,,
,,63199,,,277.29082107543945,,,,,
,,63199,,17.085790634155273,,,,,,
40,,63199,,,,0.2846040725708008,-9.659133911132812,,,
,,63249,,,277.2257328033447,,,,,
,,63249,,13.471841812133789,,,,,,
40,,63249,,,,0.2702066898345947,-9.604007720947266,,,
,,63299,,,277.42505073547363,,,,,
,,63299,,17.12203025817871,,,,,,
40,,63299,,,,0.2754383087158203,-9.614693641662598,,,
,,63349,,,277.5444984436035,,,,,
,,63349,,13.16070556640625,,,,,,
40,,63349,,,,0.2718367576599121,-9.69432258605957,,,
,,63399,,,285.275936126709,,,,,
,,63399,,22.098064422607422,,,,,,
40,,63399,,,,0.27140307426452637,-9.877946853637695,,,
,,63449,,,277.8482437133789,,,,,
,,63449,,13.285636901855469,,,,,,
40,,63449,,,,0.27132606506347656,-9.671278953552246,,,
,,63499,,,289.1049385070801,,,,,
,,63499,,23.53358268737793,,,,,,
40,,63499,,,,0.2698338031768799,-9.656855583190918,,,
,,63549,,,276.7462730407715,,,,,
,,63549,,14.827728271484375,,,,,,
40,,63549,,,,0.27146124839782715,-9.698225021362305,,,
,,63599,,,278.0590057373047,,,,,
,,63599,,17.805099487304688,,,,,,
40,,63599,,,,0.27733898162841797,-9.634591102600098,,,
,,63649,,,276.9663333892822,,,,,
,,63649,,13.613700866699219,,,,,,
40,,63649,,,,0.27693963050842285,-9.771645545959473,,,
,,63699,,,285.89630126953125,,,,,
,,63699,,26.363611221313477,,,,,,
40,,63699,,,,0.29283618927001953,-9.692652702331543,,,
,,63749,,,277.2383689880371,,,,,
,,63749,,13.781309127807617,,,,,,
40,,63749,,,,0.2993166446685791,-9.560030937194824,,,
,,63799,,,281.8286418914795,,,,,
,,63799,,22.25518226623535,,,,,,
40,,63799,,,,0.30039310455322266,-9.61436939239502,,,
,,63849,,,276.92532539367676,,,,,
,,63849,,14.661073684692383,,,,,,
40,,63849,,,,0.3000519275665283,-9.464101791381836,,,
,,63899,,,277.10986137390137,,,,,
,,63899,,17.38739013671875,,,,,,
40,,63899,,,,0.2925248146057129,-9.468928337097168,,,
,,63949,,,279.36863899230957,,,,,
,,63949,,11.83319091796875,,,,,,
40,,63949,,,,0.2917308807373047,-9.693442344665527,,,
,,63999,,,285.5334281921387,,,,,
,,63999,,17.719268798828125,,,,,,
40,,63999,,,,0.29032087326049805,-9.689841270446777,,,
,,64049,,,278.2022953033447,,,,,
,,64049,,13.700723648071289,,,,,,
40,,64049,,,,0.28807950019836426,-9.601346969604492,,,
40,,64082,,,,,,-7.781008720397949,-7.815061569213867,-8.053936958312988
,,64083,558.5677888393402,,,,,,,
,0.0003,64083,,,,,,,,
,,64099,,,278.3498764038086,,,,,
,,64099,,22.61519432067871,,,,,,
41,,64099,,,,0.2707984447479248,-9.731437683105469,,,
,,64149,,,277.0233154296875,,,,,
,,64149,,13.422489166259766,,,,,,
41,,64149,,,,0.27550387382507324,-9.61602783203125,,,
,,64199,,,285.4342460632324,,,,,
,,64199,,25.76279640197754,,,,,,
41,,64199,,,,0.2855480909347534,-9.782655715942383,,,
,,64249,,,276.8075466156006,,,,,
,,64249,,13.625383377075195,,,,,,
41,,64249,,,,0.277785062789917,-9.579792022705078,,,
,,64299,,,277.30536460876465,,,,,
,,64299,,17.10796356201172,,,,,,
41,,64299,,,,0.27807140350341797,-9.67903995513916,,,
,,64349,,,277.0426273345947,,,,,
,,64349,,13.707160949707031,,,,,,
41,,64349,,,,0.2690150737762451,-9.700357437133789,,,
,,64399,,,276.8826484680176,,,,,
,,64399,,17.371177673339844,,,,,,
41,,64399,,,,0.26816630363464355,-9.655323028564453,,,
,,64449,,,282.6070785522461,,,,,
,,64449,,10.419845581054688,,,,,,
41,,64449,,,,0.26940226554870605,-9.66666316986084,,,
,,64499,,,278.15961837768555,,,,,
,,64499,,17.801284790039062,,,,,,
41,,64499,,,,0.2729620933532715,-9.828455924987793,,,
,,64549,,,277.3125171661377,,,,,
,,64549,,13.394355773925781,,,,,,
41,,64549,,,,0.2766289710998535,-9.619100570678711,,,
,,64599,,,276.73983573913574,,,,,
,,64599,,17.058134078979492,,,,,,
41,,64599,,,,0.27415943145751953,-9.708702087402344,,,
,,64649,,,277.0860195159912,,,,,
,,64649,,13.650894165039062,,,,,,
41,,64649,,,,0.2763475179672241,-9.83212947845459,,,
,,64699,,,278.0137062072754,,,,,
,,64699,,17.049074172973633,,,,,,
41,,64699,,,,0.2780320644378662,-9.742998123168945,,,
,,64749,,,277.3094177246094,,,,,
,,64749,,13.562679290771484,,,,,,
41,,64749,,,,0.28225040435791016,-9.866474151611328,,,
,,64799,,,276.9746780395508,,,,,
,,64799,,16.971826553344727,,,,,,
41,,64799,,,,0.2773914337158203,-9.769373893737793,,,
,,64849,,,276.86572074890137,,,,,
,,64849,,13.790130615234375,,,,,,
41,,64849,,,,0.2689502239227295,-9.731188774108887,,,
,,64899,,,277.6217460632324,,,,,
,,64899,,16.99376106262207,,,,,,
41,,64899,,,,0.27046048641204834,-9.867727279663086,,,
,,64949,,,277.2819995880127,,,,,
,,64949,,13.318777084350586,,,,,,
41,,64949,,,,0.274053692817688,-9.704136848449707,,,
,,64999,,,276.7462730407715,,,,,
,,64999,,17.33231544494629,,,,,,
41,,64999,,,,0.2841758728027344,-9.763349533081055,,,
,,65049,,,277.41098403930664,,,,,
,,65049,,13.38648796081543,,,,,,
41,,65049,,,,0.28157615661621094,-9.79245376586914,,,
,,65099,,,276.6239643096924,,,,,
,,65099,,17.01521873474121,,,,,,
41,,65099,,,,0.2912743091583252,-9.897234916687012,,,
,,65149,,,277.1263122558594,,,,,
,,65149,,13.576030731201172,,,,,,
41,,65149,,,,0.28523921966552734,-9.70268440246582,,,
,,65199,,,277.0090103149414,,,,,
,,65199,,17.11750030517578,,,,,,
41,,65199,,,,0.28451108932495117,-9.618069648742676,,,
,,65249,,,276.9737243652344,,,,,
,,65249,,13.439178466796875,,,,,,
41,,65249,,,,0.2888178825378418,-9.935567855834961,,,
,,65299,,,276.9651412963867,,,,,
,,65299,,17.053604125976562,,,,,,
41,,65299,,,,0.2844052314758301,-9.701045989990234,,,
,,65349,,,277.06098556518555,,,,,
,,65349,,13.397693634033203,,,,,,
41,,65349,,,,0.2763338088989258,-9.809638023376465,,,
,,65399,,,276.8120765686035,,,,,
,,65399,,17.005443572998047,,,,,,
41,,65399,,,,0.28313231468200684,-9.559898376464844,,,
,,65449,,,278.458833694458,,,,,
,,65449,,12.250423431396484,,,,,,
41,,65449,,,,0.28321075439453125,-9.645485877990723,,,
,,65499,,,277.7211666107178,,,,,
,,65499,,17.709970474243164,,,,,,
41,,65499,,,,0.27828145027160645,-9.63315200805664,,,
,,65549,,,287.43553161621094,,,,,
,,65549,,12.60995864868164,,,,,,
41,,65549,,,,0.2868608236312866,-9.618227005004883,,,
,,65599,,,285.49647331237793,,,,,
,,65599,,17.152786254882812,,,,,,
41,,65599,,,,0.2700951099395752,-9.794760704040527,,,
41,,65645,,,,,,-7.779798984527588,-7.812114715576172,-8.062878608703613
,,65646,558.8229207992554,,,,,,,
,0.0003,65646,,,,,,,,
,,65649,,,278.03730964660645,,,,,
,,65649,,13.312339782714844,,,,,,
42,,65649,,,,0.27057981491088867,-9.84708309173584,,,
,,65699,,,277.6186466217041,,,,,
,,65699,,17.06385612487793,,,,,,
42,,65699,,,,0.27517056465148926,-9.668973922729492,,,
,,65749,,,277.4839401245117,,,,,
,,65749,,13.645410537719727,,,,,,
42,,65749,,,,0.28434085845947266,-9.721267700195312,,,
,,65799,,,277.2843837738037,,,,,
,,65799,,17.669677734375,,,,,,
42,,65799,,,,0.28312039375305176,-9.614273071289062,,,
,,65849,,,282.4099063873291,,,,,
,,65849,,10.738611221313477,,,,,,
42,,65849,,,,0.27547669410705566,-9.631388664245605,,,
,,65899,,,277.25744247436523,,,,,
,,65899,,17.130613327026367,,,,,,
42,,65899,,,,0.2693357467651367,-9.68488597869873,,,
,,65949,,,277.0676612854004,,,,,
,,65949,,14.024734497070312,,,,,,
42,,65949,,,,0.2516772747039795,-9.93002986907959,,,
,,65999,,,277.2235870361328,,,,,
,,65999,,17.116069793701172,,,,,,
42,,65999,,,,0.2633655071258545,-9.775843620300293,,,
,,66049,,,303.38001251220703,,,,,
,,66049,,5.753755569458008,,,,,,
42,,66049,,,,0.2564384937286377,-9.877336502075195,,,
,,66099,,,277.332067489624,,,,,
,,66099,,17.696619033813477,,,,,,
42,,66099,,,,0.25903964042663574,-9.768402099609375,,,
,,66149,,,278.1870365142822,,,,,
,,66149,,13.002634048461914,,,,,,
42,,66149,,,,0.2520759105682373,-9.858524322509766,,,
,,66199,,,279.355525970459,,,,,
,,66199,,17.220497131347656,,,,,,
42,,66199,,,,0.2560455799102783,-9.651646614074707,,,
,,66249,,,277.0192623138428,,,,,
,,66249,,13.637542724609375,,,,,,
42,,66249,,,,0.25667309761047363,-9.707334518432617,,,
,,66299,,,276.9324779510498,,,,,
,,66299,,17.087936401367188,,,,,,
42,,66299,,,,0.26564502716064453,-9.82643985748291,,,
,,66349,,,286.0844135284424,,,,,
,,66349,,14.738082885742188,,,,,,
42,,66349,,,,0.27121639251708984,-9.716771125793457,,,
,,66399,,,288.6991500854492,,,,,
,,66399,,17.099618911743164,,,,,,
42,,66399,,,,0.2686915397644043,-9.706869125366211,,,
,,66449,,,277.4944305419922,,,,,
,,66449,,13.458251953125,,,,,,
42,,66449,,,,0.2688875198364258,-9.778246879577637,,,
,,66499,,,277.4186134338379,,,,,
,,66499,,17.255306243896484,,,,,,
42,,66499,,,,0.274263858795166,-9.722638130187988,,,
,,66549,,,277.2808074951172,,,,,
,,66549,,13.506650924682617,,,,,,
42,,66549,,,,0.27112364768981934,-9.803189277648926,,,
,,66599,,,287.65082359313965,,,,,
,,66599,,17.27151870727539,,,,,,
42,,66599,,,,0.2729928493499756,-9.719158172607422,,,
,,66649,,,280.58505058288574,,,,,
,,66649,,10.303020477294922,,,,,,
42,,66649,,,,0.2661762237548828,-9.56680679321289,,,
,,66699,,,277.6355743408203,,,,,
,,66699,,18.28598976135254,,,,,,
42,,66699,,,,0.26527225971221924,-9.743666648864746,,,
,,66749,,,276.74317359924316,,,,,
,,66749,,13.590335845947266,,,,,,
42,,66749,,,,0.2676546573638916,-9.853150367736816,,,
,,66799,,,276.7980098724365,,,,,
,,66799,,17.618179321289062,,,,,,
42,,66799,,,,0.2742295265197754,-9.80431842803955,,,
,,66849,,,293.5657501220703,,,,,
,,66849,,6.249904632568359,,,,,,
42,,66849,,,,0.2741384506225586,-9.794851303100586,,,
,,66899,,,276.75557136535645,,,,,
,,66899,,17.077922821044922,,,,,,
42,,66899,,,,0.2733039855957031,-9.821802139282227,,,
,,66949,,,285.2973937988281,,,,,
,,66949,,13.324260711669922,,,,,,
42,,66949,,,,0.2804734706878662,-9.490309715270996,,,
,,66999,,,277.0557403564453,,,,,
,,66999,,17.108917236328125,,,,,,
42,,66999,,,,0.27515852451324463,-9.639626502990723,,,
,,67049,,,277.3020267486572,,,,,
,,67049,,13.868093490600586,,,,,,
42,,67049,,,,0.2758338451385498,-9.806184768676758,,,
,,67099,,,277.09174156188965,,,,,
,,67099,,17.747879028320312,,,,,,
42,,67099,,,,0.28564906120300293,-9.669849395751953,,,
,,67149,,,277.5888442993164,,,,,
,,67149,,13.66734504699707,,,,,,
42,,67149,,,,0.28220677375793457,-9.66087532043457,,,
,,67199,,,276.80253982543945,,,,,
,,67199,,17.05193519592285,,,,,,
42,,67199,,,,0.2900693416595459,-9.630305290222168,,,
42,,67208,,,,,,-7.78076696395874,-7.815337657928467,-8.052794456481934
,,67209,559.1154470443726,,,,,,,
,0.0003,67209,,,,,,,,
,,67249,,,277.12011337280273,,,,,
,,67249,,13.587474822998047,,,,,,
43,,67249,,,,0.286418080329895,-9.743440628051758,,,
,,67299,,,277.7514457702637,,,,,
,,67299,,17.0438289642334,,,,,,
43,,67299,,,,0.2809380292892456,-9.7130126953125,,,
,,67349,,,286.8459224700928,,,,,
,,67349,,7.314443588256836,,,,,,
43,,67349,,,,0.27482008934020996,-9.818743705749512,,,
,,67399,,,277.4381637573242,,,,,
,,67399,,17.069101333618164,,,,,,
43,,67399,,,,0.27836430072784424,-9.845438003540039,,,
,,67449,,,279.6158790588379,,,,,
,,67449,,11.774063110351562,,,,,,
43,,67449,,,,0.28562355041503906,-9.540573120117188,,,
,,67499,,,285.8164310455322,,,,,
,,67499,,16.97564125061035,,,,,,
43,,67499,,,,0.2773730754852295,-9.712310791015625,,,
,,67549,,,280.1549434661865,,,,,
,,67549,,11.003255844116211,,,,,,
43,,67549,,,,0.279186487197876,-9.74209213256836,,,
,,67599,,,291.4557456970215,,,,,
,,67599,,17.776966094970703,,,,,,
43,,67599,,,,0.29246699810028076,-9.58006477355957,,,
,,67649,,,309.0693950653076,,,,,
,,67649,,5.826234817504883,,,,,,
43,,67649,,,,0.2826540470123291,-9.767989158630371,,,
,,67699,,,285.3550910949707,,,,,
,,67699,,16.994476318359375,,,,,,
43,,67699,,,,0.2868063449859619,-9.545126914978027,,,
,,67749,,,286.8056297302246,,,,,
,,67749,,12.958765029907227,,,,,,
43,,67749,,,,0.28392863273620605,-9.533858299255371,,,
,,67799,,,285.5973243713379,,,,,
,,67799,,17.607927322387695,,,,,,
43,,67799,,,,0.2888305187225342,-9.556264877319336,,,
,,67849,,,286.2715721130371,,,,,
,,67849,,10.27822494506836,,,,,,
43,,67849,,,,0.29311203956604004,-9.469969749450684,,,
,,67899,,,279.58226203918457,,,,,
,,67899,,17.3032283782959,,,,,,
43,,67899,,,,0.28189730644226074,-9.612187385559082,,,
,,67949,,,277.31943130493164,,,,,
,,67949,,13.23556900024414,,,,,,
43,,67949,,,,0.27898383140563965,-9.707902908325195,,,
,,67999,,,285.42399406433105,,,,,
,,67999,,17.25459098815918,,,,,,
43,,67999,,,,0.26923370361328125,-9.731934547424316,,,
,,68049,,,276.83258056640625,,,,,
,,68049,,13.81063461303711,,,,,,
43,,68049,,,,0.2755749225616455,-9.64005184173584,,,
,,68099,,,276.60155296325684,,,,,
,,68099,,17.262697219848633,,,,,,
43,,68099,,,,0.271151065826416,-9.607288360595703,,,
,,68149,,,277.7888774871826,,,,,
,,68149,,13.211488723754883,,,,,,
43,,68149,,,,0.28725099563598633,-9.5662202835083,,,
,,68199,,,277.7905464172363,,,,,
,,68199,,17.226696014404297,,,,,,
43,,68199,,,,0.28131675720214844,-9.707222938537598,,,
,,68249,,,285.6473922729492,,,,,
,,68249,,13.00811767578125,,,,,,
43,,68249,,,,0.28342747688293457,-9.61375617980957,,,
,,68299,,,278.2135009765625,,,,,
,,68299,,17.56572723388672,,,,,,
43,,68299,,,,0.2777595520019531,-9.812630653381348,,,
,,68349,,,277.362585067749,,,,,
,,68349,,13.653039932250977,,,,,,
43,,68349,,,,0.27516961097717285,-9.761626243591309,,,
,,68399,,,285.2015495300293,,,,,
,,68399,,17.109394073486328,,,,,,
43,,68399,,,,0.28081274032592773,-9.62022876739502,,,
,,68449,,,276.59106254577637,,,,,
,,68449,,13.758420944213867,,,,,,
43,,68449,,,,0.27056050300598145,-9.75208854675293,,,
,,68499,,,277.3714065551758,,,,,
,,68499,,17.336130142211914,,,,,,
43,,68499,,,,0.27634668350219727,-9.764996528625488,,,
,,68549,,,287.26840019226074,,,,,
,,68549,,12.974023818969727,,,,,,
43,,68549,,,,0.28414177894592285,-9.695841789245605,,,
,,68599,,,277.0347595214844,,,,,
,,68599,,17.404794692993164,,,,,,
43,,68599,,,,0.2838456630706787,-9.864792823791504,,,
,,68649,,,277.47082710266113,,,,,
,,68649,,13.478755950927734,,,,,,
43,,68649,,,,0.2798304557800293,-9.76995849609375,,,
,,68699,,,284.6505641937256,,,,,
,,68699,,17.01807975769043,,,,,,
43,,68699,,,,0.27820849418640137,-9.729690551757812,,,
,,68749,,,276.6540050506592,,,,,
,,68749,,13.684749603271484,,,,,,
43,,68749,,,,0.27146291732788086,-9.755559921264648,,,
43,,68771,,,,,,-7.78161096572876,-7.816857814788818,-8.057019233703613
,,68772,559.050183057785,,,,,,,
,0.0003,68772,,,,,,,,
,,68799,,,285.57443618774414,,,,,
,,68799,,17.208099365234375,,,,,,
44,,68799,,,,0.27428364753723145,-9.793445587158203,,,
,,68849,,,286.3345146179199,,,,,
,,68849,,12.413263320922852,,,,,,
44,,68849,,,,0.2667968273162842,-9.848761558532715,,,
,,68899,,,284.23285484313965,,,,,
,,68899,,17.3189640045166,,,,,,
44,,68899,,,,0.2787902355194092,-9.706823348999023,,,
,,68949,,,277.36520767211914,,,,,
,,68949,,13.641357421875,,,,,,
44,,68949,,,,0.2636864185333252,-9.854898452758789,,,
,,68999,,,277.2846221923828,,,,,
,,68999,,17.067670822143555,,,,,,
44,,68999,,,,0.27543842792510986,-9.74323558807373,,,
,,69049,,,278.07116508483887,,,,,
,,69049,,13.03720474243164,,,,,,
44,,69049,,,,0.2795090675354004,-9.741613388061523,,,
,,69099,,,277.07695960998535,,,,,
,,69099,,17.15564727783203,,,,,,
44,,69099,,,,0.27989912033081055,-9.722468376159668,,,
,,69149,,,286.05198860168457,,,,,
,,69149,,13.168573379516602,,,,,,
44,,69149,,,,0.28203487396240234,-9.739004135131836,,,
,,69199,,,278.9180278778076,,,,,
,,69199,,17.414569854736328,,,,,,
44,,69199,,,,0.2863457202911377,-9.782711029052734,,,
,,69249,,,277.7988910675049,,,,,
,,69249,,14.557600021362305,,,,,,
44,,69249,,,,0.27227210998535156,-9.743122100830078,,,
,,69299,,,286.6208553314209,,,,,
,,69299,,17.162561416625977,,,,,,
44,,69299,,,,0.2883920669555664,-9.699028968811035,,,
,,69349,,,282.7746868133545,,,,,
,,69349,,9.25755500793457,,,,,,
44,,69349,,,,0.28055357933044434,-9.575748443603516,,,
,,69399,,,277.6143550872803,,,,,
,,69399,,17.410755157470703,,,,,,
44,,69399,,,,0.27606749534606934,-9.67873764038086,,,
,,69449,,,278.22136878967285,,,,,
,,69449,,13.436317443847656,,,,,,
44,,69449,,,,0.2870076894760132,-9.55556583404541,,,
,,69499,,,288.0117893218994,,,,,
,,69499,,18.359899520874023,,,,,,
44,,69499,,,,0.2898435592651367,-9.565671920776367,,,
,,69549,,,277.6751518249512,,,,,
,,69549,,13.558626174926758,,,,,,
44,,69549,,,,0.30061888694763184,-9.72186279296875,,,
,,69599,,,277.9836654663086,,,,,
,,69599,,25.63762664794922,,,,,,
44,,69599,,,,0.2826685905456543,-9.571293830871582,,,
,,69649,,,277.73070335388184,,,,,
,,69649,,13.089656829833984,,,,,,
44,,69649,,,,0.2815084457397461,-9.542447090148926,,,
,,69699,,,277.71687507629395,,,,,
,,69699,,17.073869705200195,,,,,,
44,,69699,,,,0.27455615997314453,-9.587254524230957,,,
,,69749,,,277.33397483825684,,,,,
,,69749,,13.156414031982422,,,,,,
44,,69749,,,,0.2845667600631714,-9.78419303894043,,,
,,69799,,,276.84903144836426,,,,,
,,69799,,17.336130142211914,,,,,,
44,,69799,,,,0.2844061851501465,-9.547880172729492,,,
,,69849,,,296.2784767150879,,,,,
,,69849,,10.49947738647461,,,,,,
44,,69849,,,,0.28897786140441895,-9.565496444702148,,,
,,69899,,,277.799129486084,,,,,
,,69899,,17.265796661376953,,,,,,
44,,69899,,,,0.2833904027938843,-9.698040962219238,,,
,,69949,,,277.56333351135254,,,,,
,,69949,,13.592004776000977,,,,,,
44,,69949,,,,0.2722740173339844,-9.67971134185791,,,
,,69999,,,277.68397331237793,,,,,
,,69999,,17.244815826416016,,,,,,
44,,69999,,,,0.27796614170074463,-9.574691772460938,,,
,,70049,,,284.9423885345459,,,,,
,,70049,,14.989852905273438,,,,,,
44,,70049,,,,0.2755851745605469,-9.540159225463867,,,
,,70099,,,294.2345142364502,,,,,
,,70099,,18.31531524658203,,,,,,
44,,70099,,,,0.26894450187683105,-9.50469970703125,,,
,,70149,,,278.0003547668457,,,,,
,,70149,,13.273239135742188,,,,,,
44,,70149,,,,0.272550106048584,-9.779923439025879,,,
,,70199,,,277.5459289550781,,,,,
,,70199,,17.528057098388672,,,,,,
44,,70199,,,,0.27372264862060547,-9.74441146850586,,,
,,70249,,,277.4045467376709,,,,,
,,70249,,13.526678085327148,,,,,,
44,,70249,,,,0.2842893600463867,-9.65323257446289,,,
,,70299,,,277.19736099243164,,,,,
,,70299,,17.223358154296875,,,,,,
44,,70299,,,,0.2714357376098633,-9.519148826599121,,,
44,,70334,,,,,,-7.778951644897461,-7.810476779937744,-8.0506010055542
,,70335,559.5613613128662,,,,,,,
,0.0003,70335,,,,,,,,
,,70349,,,276.93724632263184,,,,,
,,70349,,13.505935668945312,,,,,,
45,,70349,,,,0.27984142303466797,-9.675652503967285,,,
,,70399,,,277.8646945953369,,,,,
,,70399,,17.494916915893555,,,,,,
45,,70399,,,,0.29107213020324707,-9.668450355529785,,,
,,70449,,,281.1322212219238,,,,,
,,70449,,9.642601013183594,,,,,,
45,,70449,,,,0.2849750518798828,-9.668488502502441,,,
,,70499,,,286.6654396057129,,,,,
,,70499,,16.98756217956543,,,,,,
45,,70499,,,,0.2754802703857422,-9.519268989562988,,,
,,70549,,,277.5294780731201,,,,,
,,70549,,13.387203216552734,,,,,,
45,,70549,,,,0.27462291717529297,-9.700077056884766,,,
,,70599,,,278.23615074157715,,,,,
,,70599,,25.63929557800293,,,,,,
45,,70599,,,,0.2778327465057373,-9.78846549987793,,,
,,70649,,,306.0181140899658,,,,,
,,70649,,5.806446075439453,,,,,,
45,,70649,,,,0.28446340560913086,-9.65811538696289,,,
,,70699,,,277.64272689819336,,,,,
,,70699,,17.038583755493164,,,,,,
45,,70699,,,,0.2985200881958008,-9.698541641235352,,,
,,70749,,,278.7666320800781,,,,,
,,70749,,13.473987579345703,,,,,,
45,,70749,,,,0.2803051471710205,-9.577042579650879,,,
,,70799,,,285.81881523132324,,,,,
,,70799,,17.345905303955078,,,,,,
45,,70799,,,,0.28073763847351074,-9.869044303894043,,,
,,70849,,,288.7303829193115,,,,,
,,70849,,13.216018676757812,,,,,,
45,,70849,,,,0.2732374668121338,-9.600759506225586,,,
,,70899,,,277.61316299438477,,,,,
,,70899,,16.985654830932617,,,,,,
45,,70899,,,,0.2712876796722412,-9.717710494995117,,,
,,70949,,,276.8213748931885,,,,,
,,70949,,13.538122177124023,,,,,,
45,,70949,,,,0.2735452651977539,-9.923901557922363,,,
,,70999,,,277.099609375,,,,,
,,70999,,16.979217529296875,,,,,,
45,,70999,,,,0.2727062702178955,-9.6768798828125,,,
,,71049,,,277.62627601623535,,,,,
,,71049,,13.410568237304688,,,,,,
45,,71049,,,,0.276594877243042,-9.63624382019043,,,
,,71099,,,279.4792652130127,,,,,
,,71099,,17.198562622070312,,,,,,
45,,71099,,,,0.26743578910827637,-9.598285675048828,,,
,,71149,,,276.9925594329834,,,,,
,,71149,,13.723134994506836,,,,,,
45,,71149,,,,0.28273510932922363,-9.798110961914062,,,
,,71199,,,278.25284004211426,,,,,
,,71199,,17.43936538696289,,,,,,
45,,71199,,,,0.28671276569366455,-9.563380241394043,,,
,,71249,,,286.9749069213867,,,,,
,,71249,,12.439250946044922,,,,,,
45,,71249,,,,0.2791471481323242,-9.682000160217285,,,
,,71299,,,277.60767936706543,,,,,
,,71299,,16.964435577392578,,,,,,
45,,71299,,,,0.2870156764984131,-9.745365142822266,,,
,,71349,,,285.84766387939453,,,,,
,,71349,,13.445377349853516,,,,,,
45,,71349,,,,0.2775840759277344,-9.52713394165039,,,
,,71399,,,278.7175178527832,,,,,
,,71399,,17.25029945373535,,,,,,
45,,71399,,,,0.27727723121643066,-9.784815788269043,,,
,,71449,,,277.16827392578125,,,,,
,,71449,,13.33165168762207,,,,,,
45,,71449,,,,0.2715108394622803,-9.430294036865234,,,
,,71499,,,287.58907318115234,,,,,
,,71499,,17.164230346679688,,,,,,
45,,71499,,,,0.27782726287841797,-9.726408958435059,,,
,,71549,,,277.27627754211426,,,,,
,,71549,,13.485193252563477,,,,,,
45,,71549,,,,0.26872754096984863,-9.733139038085938,,,
,,71599,,,276.77440643310547,,,,,
,,71599,,17.195701599121094,,,,,,
45,,71599,,,,0.2633357048034668,-9.884143829345703,,,
,,71649,,,276.8268585205078,,,,,
,,71649,,13.898372650146484,,,,,,
45,,71649,,,,0.26492977142333984,-9.789238929748535,,,
,,71699,,,277.30822563171387,,,,,
,,71699,,17.026901245117188,,,,,,
45,,71699,,,,0.27257728576660156,-9.85385513305664,,,
,,71749,,,277.5838375091553,,,,,
,,71749,,13.157844543457031,,,,,,
45,,71749,,,,0.27105069160461426,-9.89105224609375,,,
,,71799,,,276.64899826049805,,,,,
,,71799,,16.94941520690918,,,,,,
45,,71799,,,,0.26549386978149414,-9.761131286621094,,,
,,71849,,,286.4251136779785,,,,,
,,71849,,12.705564498901367,,,,,,
45,,71849,,,,0.26621389389038086,-9.877923011779785,,,
45,,71897,,,,,,-7.778973579406738,-7.810649394989014,-8.046130180358887
,,71898,559.5575098991394,,,,,,,
,0.0003,71898,,,,,,,,
,,71899,,,333.8501453399658,,,,,
,,71899,,17.850160598754883,,,,,,
46,,71899,,,,0.27739906311035156,-9.86508560180664,,,
,,71949,,,277.2252559661865,,,,,
,,71949,,13.583898544311523,,,,,,
46,,71949,,,,0.26552557945251465,-9.800466537475586,,,
,,71999,,,280.3821563720703,,,,,
,,71999,,25.89893341064453,,,,,,
46,,71999,,,,0.2662825584411621,-9.925621032714844,,,
,,72049,,,277.0552635192871,,,,,
,,72049,,13.826370239257812,,,,,,
46,,72049,,,,0.2742273807525635,-9.911473274230957,,,
,,72099,,,277.5537967681885,,,,,
,,72099,,17.154455184936523,,,,,,
46,,72099,,,,0.27297472953796387,-9.651190757751465,,,
,,72149,,,278.8655757904053,,,,,
,,72149,,12.23897933959961,,,,,,
46,,72149,,,,0.26842260360717773,-9.84472942352295,,,
,,72199,,,277.843713760376,,,,,
,,72199,,17.180442810058594,,,,,,
46,,72199,,,,0.2752692699432373,-9.745098114013672,,,
,,72249,,,277.41503715515137,,,,,
,,72249,,13.673543930053711,,,,,,
46,,72249,,,,0.2765474319458008,-9.705239295959473,,,
,,72299,,,300.0800609588623,,,,,
,,72299,,18.224477767944336,,,,,,
46,,72299,,,,0.27598118782043457,-9.688039779663086,,,
,,72349,,,277.44150161743164,,,,,
,,72349,,13.756752014160156,,,,,,
46,,72349,,,,0.2633087635040283,-9.933366775512695,,,
,,72399,,,279.266357421875,,,,,
,,72399,,24.306058883666992,,,,,,
46,,72399,,,,0.2688117027282715,-9.77123737335205,,,
,,72449,,,277.29177474975586,,,,,
,,72449,,13.892412185668945,,,,,,
46,,72449,,,,0.26726388931274414,-9.775784492492676,,,
,,72499,,,287.0321273803711,,,,,
,,72499,,17.282724380493164,,,,,,
46,,72499,,,,0.26703572273254395,-9.685867309570312,,,
,,72549,,,285.7193946838379,,,,,
,,72549,,13.224601745605469,,,,,,
46,,72549,,,,0.26474690437316895,-9.961488723754883,,,
,,72599,,,277.6527404785156,,,,,
,,72599,,26.113510131835938,,,,,,
46,,72599,,,,0.2677950859069824,-9.723636627197266,,,
,,72649,,,276.9510746002197,,,,,
,,72649,,13.65804672241211,,,,,,
46,,72649,,,,0.265519380569458,-9.721406936645508,,,
,,72699,,,279.5243263244629,,,,,
,,72699,,17.631053924560547,,,,,,
46,,72699,,,,0.2681577205657959,-9.720827102661133,,,
,,72749,,,284.653902053833,,,,,
,,72749,,13.066768646240234,,,,,,
46,,72749,,,,0.27471160888671875,-9.72896671295166,,,
,,72799,,,280.01904487609863,,,,,
,,72799,,17.116785049438477,,,,,,
46,,72799,,,,0.2771892547607422,-9.798225402832031,,,
,,72849,,,278.11312675476074,,,,,
,,72849,,13.283491134643555,,,,,,
46,,72849,,,,0.27259910106658936,-9.7878999710083,,,
,,72899,,,277.2815227508545,,,,,
,,72899,,17.53997802734375,,,,,,
46,,72899,,,,0.271167516708374,-9.81064224243164,,,
,,72949,,,287.16421127319336,,,,,
,,72949,,12.731552124023438,,,,,,
46,,72949,,,,0.2679269313812256,-9.785873413085938,,,
,,72999,,,278.120756149292,,,,,
,,72999,,17.24696159362793,,,,,,
46,,72999,,,,0.26622438430786133,-9.794562339782715,,,
,,73049,,,277.1780490875244,,,,,
,,73049,,13.658523559570312,,,,,,
46,,73049,,,,0.25972914695739746,-9.820113182067871,,,
,,73099,,,290.1742458343506,,,,,
,,73099,,17.310380935668945,,,,,,
46,,73099,,,,0.273218035697937,-9.618865966796875,,,
,,73149,,,277.87113189697266,,,,,
,,73149,,13.02027702331543,,,,,,
46,,73149,,,,0.2666809558868408,-9.65107536315918,,,
,,73199,,,277.33659744262695,,,,,
,,73199,,22.63045310974121,,,,,,
46,,73199,,,,0.269744873046875,-9.859468460083008,,,
,,73249,,,285.92467308044434,,,,,
,,73249,,12.831449508666992,,,,,,
46,,73249,,,,0.25573134422302246,-9.84920883178711,,,
,,73299,,,279.53457832336426,,,,,
,,73299,,17.32468605041504,,,,,,
46,,73299,,,,0.2682795524597168,-9.948820114135742,,,
,,73349,,,286.0698699951172,,,,,
,,73349,,13.203144073486328,,,,,,
46,,73349,,,,0.26509976387023926,-9.950336456298828,,,
,,73399,,,277.7268886566162,,,,,
,,73399,,17.299175262451172,,,,,,
46,,73399,,,,0.2646830081939697,-9.980813980102539,,,
,,73449,,,277.5876522064209,,,,,
,,73449,,13.75126838684082,,,,,,
46,,73449,,,,0.25956201553344727,-9.923916816711426,,,
46,,73460,,,,,,-7.779332160949707,-7.810608386993408,-8.05721378326416
,,73461,559.7014830112457,,,,,,,
,0.0003,73461,,,,,,,,
,,73499,,,278.31363677978516,,,,,
,,73499,,23.28348159790039,,,,,,
47,,73499,,,,0.2608342170715332,-9.919622421264648,,,
,,73549,,,277.91285514831543,,,,,
,,73549,,13.205528259277344,,,,,,
47,,73549,,,,0.2686793804168701,-9.914088249206543,,,
,,73599,,,279.9675464630127,,,,,
,,73599,,17.761945724487305,,,,,,
47,,73599,,,,0.27317333221435547,-9.94684886932373,,,
,,73649,,,277.3432731628418,,,,,
,,73649,,13.574361801147461,,,,,,
47,,73649,,,,0.2625540494918823,-9.93250560760498,,,
,,73699,,,277.2083282470703,,,,,
,,73699,,17.24100112915039,,,,,,
47,,73699,,,,0.26261401176452637,-9.9429931640625,,,
,,73749,,,278.977632522583,,,,,
,,73749,,12.68911361694336,,,,,,
47,,73749,,,,0.2546672821044922,-9.872326850891113,,,
,,73799,,,277.97961235046387,,,,,
,,73799,,17.063379287719727,,,,,,
47,,73799,,,,0.2554919719696045,-9.713109016418457,,,
,,73849,,,278.1100273132324,,,,,
,,73849,,13.084888458251953,,,,,,
47,,73849,,,,0.2539801597595215,-10.00429630279541,,,
,,73899,,,278.66601943969727,,,,,
,,73899,,17.2116756439209,,,,,,
47,,73899,,,,0.25856852531433105,-9.863847732543945,,,
,,73949,,,277.388334274292,,,,,
,,73949,,13.23080062866211,,,,,,
47,,73949,,,,0.26433730125427246,-9.978999137878418,,,
,,73999,,,301.23138427734375,,,,,
,,73999,,18.57137680053711,,,,,,
47,,73999,,,,0.26063787937164307,-10.145307540893555,,,
,,74049,,,277.2855758666992,,,,,
,,74049,,13.598918914794922,,,,,,
47,,74049,,,,0.2635200023651123,-9.791952133178711,,,
,,74099,,,287.6875400543213,,,,,
,,74099,,17.465829849243164,,,,,,
47,,74099,,,,0.2676100730895996,-9.80414867401123,,,
,,74149,,,277.39834785461426,,,,,
,,74149,,13.679742813110352,,,,,,
47,,74149,,,,0.2674539089202881,-9.780536651611328,,,
,,74199,,,281.9066047668457,,,,,
,,74199,,22.79496192932129,,,,,,
47,,74199,,,,0.2572202682495117,-9.790624618530273,,,
,,74249,,,288.3644104003906,,,,,
,,74249,,12.41159439086914,,,,,,
47,,74249,,,,0.26226162910461426,-9.901508331298828,,,
,,74299,,,277.4088382720947,,,,,
,,74299,,17.145156860351562,,,,,,
47,,74299,,,,0.27385497093200684,-9.796597480773926,,,
,,74349,,,286.14020347595215,,,,,
,,74349,,13.17906379699707,,,,,,
47,,74349,,,,0.2797529697418213,-9.753393173217773,,,
,,74399,,,280.93576431274414,,,,,
,,74399,,17.61007308959961,,,,,,
47,,74399,,,,0.26831376552581787,-9.628092765808105,,,
,,74449,,,278.6233425140381,,,,,
,,74449,,11.33108139038086,,,,,,
47,,74449,,,,0.2580702304840088,-9.781646728515625,,,
,,74499,,,275.74825286865234,,,,,
,,74499,,17.200469970703125,,,,,,
47,,74499,,,,0.27550411224365234,-9.819732666015625,,,
,,74549,,,298.02775382995605,,,,,
,,74549,,5.478382110595703,,,,,,
47,,74549,,,,0.2677042484283447,-9.69693660736084,,,
,,74599,,,275.5389213562012,,,,,
,,74599,,17.254352569580078,,,,,,
47,,74599,,,,0.2807067632675171,-9.65467357635498,,,
,,74649,,,276.104211807251,,,,,
,,74649,,13.308048248291016,,,,,,
47,,74649,,,,0.2680952548980713,-9.838529586791992,,,
,,74699,,,276.71098709106445,,,,,
,,74699,,17.256498336791992,,,,,,
47,,74699,,,,0.2649052143096924,-9.873517990112305,,,
,,74749,,,276.33023262023926,,,,,
,,74749,,13.150930404663086,,,,,,
47,,74749,,,,0.2768094539642334,-9.86459732055664,,,
,,74799,,,289.36028480529785,,,,,
,,74799,,17.52495765686035,,,,,,
47,,74799,,,,0.27555394172668457,-9.607449531555176,,,
,,74849,,,285.39395332336426,,,,,
,,74849,,13.024568557739258,,,,,,
47,,74849,,,,0.2711360454559326,-9.71292781829834,,,
,,74899,,,276.1399745941162,,,,,
,,74899,,17.39358901977539,,,,,,
47,,74899,,,,0.27372145652770996,-9.608381271362305,,,
,,74949,,,284.63077545166016,,,,,
,,74949,,13.453006744384766,,,,,,
47,,74949,,,,0.2839186191558838,-9.604433059692383,,,
,,74999,,,277.18114852905273,,,,,
,,74999,,17.371654510498047,,,,,,
47,,74999,,,,0.2859799861907959,-9.784379959106445,,,
47,,75023,,,,,,-7.780516624450684,-7.813536167144775,-8.051837921142578
,,75024,559.169052362442,,,,,,,
,0.0003,75024,,,,,,,,
,,75049,,,284.7883701324463,,,,,
,,75049,,13.368844985961914,,,,,,
48,,75049,,,,0.2809286117553711,-9.704751968383789,,,
,,75099,,,278.2249450683594,,,,,
,,75099,,17.133474349975586,,,,,,
48,,75099,,,,0.2794785499572754,-9.728452682495117,,,
,,75149,,,278.76758575439453,,,,,
,,75149,,12.220144271850586,,,,,,
48,,75149,,,,0.2689552307128906,-9.743451118469238,,,
,,75199,,,302.0215034484863,,,,,
,,75199,,18.260955810546875,,,,,,
48,,75199,,,,0.27223825454711914,-9.938847541809082,,,
,,75249,,,277.4043083190918,,,,,
,,75249,,12.664794921875,,,,,,
48,,75249,,,,0.2694227695465088,-9.79638957977295,,,
,,75299,,,277.407169342041,,,,,
,,75299,,17.300844192504883,,,,,,
48,,75299,,,,0.2758333683013916,-9.642217636108398,,,
,,75349,,,276.9784927368164,,,,,
,,75349,,12.927770614624023,,,,,,
48,,75349,,,,0.27530741691589355,-9.683941841125488,,,
,,75399,,,277.9531478881836,,,,,
,,75399,,17.075538635253906,,,,,,
48,,75399,,,,0.266094446182251,-9.752534866333008,,,
,,75449,,,278.8429260253906,,,,,
,,75449,,14.319658279418945,,,,,,
48,,75449,,,,0.26628661155700684,-9.826663970947266,,,
,,75499,,,277.35400199890137,,,,,
,,75499,,17.128705978393555,,,,,,
48,,75499,,,,0.26134777069091797,-9.865772247314453,,,
,,75549,,,277.4240970611572,,,,,
,,75549,,12.230634689331055,,,,,,
48,,75549,,,,0.2658872604370117,-9.740568161010742,,,
,,75599,,,279.0870666503906,,,,,
,,75599,,25.147438049316406,,,,,,
48,,75599,,,,0.25967836380004883,-9.801178932189941,,,
,,75649,,,277.36353874206543,,,,,
,,75649,,12.13383674621582,,,,,,
48,,75649,,,,0.2735710144042969,-9.797861099243164,,,
,,75699,,,278.11360359191895,,,,,
,,75699,,17.418622970581055,,,,,,
48,,75699,,,,0.279285192489624,-9.520397186279297,,,
,,75749,,,277.5428295135498,,,,,
,,75749,,14.302492141723633,,,,,,
48,,75749,,,,0.2726637125015259,-9.767017364501953,,,
,,75799,,,277.63986587524414,,,,,
,,75799,,17.21954345703125,,,,,,
48,,75799,,,,0.26015710830688477,-9.622366905212402,,,
,,75849,,,277.2235870361328,,,,,
,,75849,,12.738704681396484,,,,,,
48,,75849,,,,0.2617921829223633,-9.771967887878418,,,
,,75899,,,299.6814250946045,,,,,
,,75899,,18.898725509643555,,,,,,
48,,75899,,,,0.2664538621902466,-9.698017120361328,,,
,,75949,,,277.8022289276123,,,,,
,,75949,,12.192249298095703,,,,,,
48,,75949,,,,0.26984572410583496,-9.734618186950684,,,
,,75999,,,277.5251865386963,,,,,
,,75999,,17.114639282226562,,,,,,
48,,75999,,,,0.27027440071105957,-9.62760066986084,,,
,,76049,,,277.18329429626465,,,,,
,,76049,,12.462854385375977,,,,,,
48,,76049,,,,0.2750709056854248,-9.648033142089844,,,
,,76099,,,277.24742889404297,,,,,
,,76099,,17.336606979370117,,,,,,
48,,76099,,,,0.2754412889480591,-9.564141273498535,,,
,,76149,,,277.1189212799072,,,,,
,,76149,,12.483596801757812,,,,,,
48,,76149,,,,0.2865283489227295,-9.660210609436035,,,
,,76199,,,277.8973579406738,,,,,
,,76199,,17.16327667236328,,,,,,
48,,76199,,,,0.2639482021331787,-9.78914737701416,,,
,,76249,,,277.7280807495117,,,,,
,,76249,,12.116193771362305,,,,,,
48,,76249,,,,0.27832651138305664,-9.676278114318848,,,
,,76299,,,277.2045135498047,,,,,
,,76299,,17.27914810180664,,,,,,
48,,76299,,,,0.2869133949279785,-9.737431526184082,,,
,,76349,,,277.7698040008545,,,,,
,,76349,,12.344121932983398,,,,,,
48,,76349,,,,0.2733943462371826,-9.7103271484375,,,
,,76399,,,277.3013114929199,,,,,
,,76399,,17.0440673828125,,,,,,
48,,76399,,,,0.272615909576416,-9.897726058959961,,,
,,76449,,,285.39133071899414,,,,,
,,76449,,11.62576675415039,,,,,,
48,,76449,,,,0.27357053756713867,-9.734241485595703,,,
,,76499,,,277.8010368347168,,,,,
,,76499,,17.345666885375977,,,,,,
48,,76499,,,,0.271553635597229,-9.86553955078125,,,
,,76549,,,277.0266532897949,,,,,
,,76549,,12.450933456420898,,,,,,
48,,76549,,,,0.27846574783325195,-9.78432559967041,,,
48,,76586,,,,,,-7.779946804046631,-7.813249111175537,-8.051651000976562
,,76587,557.4508769512177,,,,,,,
,0.0003,76587,,,,,,,,
,,76599,,,317.9495334625244,,,,,
,,76599,,17.14015007019043,,,,,,
49,,76599,,,,0.27776622772216797,-9.761330604553223,,,
,,76649,,,334.0163230895996,,,,,
,,76649,,11.664390563964844,,,,,,
49,,76649,,,,0.2800179719924927,-9.910726547241211,,,
,,76699,,,319.2446231842041,,,,,
,,76699,,17.744779586791992,,,,,,
49,,76699,,,,0.28200507164001465,-9.763205528259277,,,
,,76749,,,318.97783279418945,,,,,
,,76749,,11.13438606262207,,,,,,
49,,76749,,,,0.27733778953552246,-9.835245132446289,,,
,,76799,,,320.4174041748047,,,,,
,,76799,,24.3837833404541,,,,,,
49,,76799,,,,0.270519495010376,-9.837262153625488,,,
,,76849,,,318.39489936828613,,,,,
,,76849,,11.547565460205078,,,,,,
49,,76849,,,,0.27291274070739746,-9.692584037780762,,,
,,76899,,,318.3739185333252,,,,,
,,76899,,17.507076263427734,,,,,,
49,,76899,,,,0.28314852714538574,-9.636807441711426,,,
,,76949,,,318.70293617248535,,,,,
,,76949,,11.291980743408203,,,,,,
49,,76949,,,,0.28323936462402344,-9.519510269165039,,,
,,76999,,,340.52228927612305,,,,,
,,76999,,18.59903335571289,,,,,,
49,,76999,,,,0.273989200592041,-9.761627197265625,,,
,,77049,,,318.756103515625,,,,,
,,77049,,11.580467224121094,,,,,,
49,,77049,,,,0.2674490213394165,-9.76668643951416,,,
,,77099,,,319.0779685974121,,,,,
,,77099,,17.5778865814209,,,,,,
49,,77099,,,,0.26188135147094727,-9.797886848449707,,,
,,77149,,,318.7093734741211,,,,,
,,77149,,11.331319808959961,,,,,,
49,,77149,,,,0.26969194412231445,-9.759530067443848,,,
,,77199,,,332.97061920166016,,,,,
,,77199,,17.27914810180664,,,,,,
49,,77199,,,,0.27098608016967773,-9.920403480529785,,,
,,77249,,,318.7825679779053,,,,,
,,77249,,10.961294174194336,,,,,,
49,,77249,,,,0.2739112377166748,-9.935511589050293,,,
,,77299,,,319.55432891845703,,,,,
,,77299,,17.767667770385742,,,,,,
49,,77299,,,,0.27175450325012207,-9.897825241088867,,,
,,77349,,,318.5536861419678,,,,,
,,77349,,11.7950439453125,,,,,,
49,,77349,,,,0.2638838291168213,-9.755001068115234,,,
,,77399,,,325.88911056518555,,,,,
,,77399,,19.489049911499023,,,,,,
49,,77399,,,,0.2656080722808838,-9.876856803894043,,,
,,77449,,,318.0391788482666,,,,,
,,77449,,11.682510375976562,,,,,,
49,,77449,,,,0.2548222541809082,-9.789227485656738,,,
,,77499,,,325.5329132080078,,,,,
,,77499,,17.550230026245117,,,,,,
49,,77499,,,,0.25915098190307617,-9.684699058532715,,,
,,77549,,,318.87197494506836,,,,,
,,77549,,11.135339736938477,,,,,,
49,,77549,,,,0.26267457008361816,-9.91870403289795,,,
,,77599,,,324.07116889953613,,,,,
,,77599,,23.35667610168457,,,,,,
49,,77599,,,,0.2835566997528076,-9.663397789001465,,,
,,77649,,,332.489013671875,,,,,
,,77649,,8.006811141967773,,,,,,
49,,77649,,,,0.27837705612182617,-9.762810707092285,,,
,,77699,,,318.96495819091797,,,,,
,,77699,,17.49444007873535,,,,,,
49,,77699,,,,0.26893019676208496,-9.822696685791016,,,
,,77749,,,319.20933723449707,,,,,
,,77749,,11.257410049438477,,,,,,
49,,77749,,,,0.2760043144226074,-9.847623825073242,,,
,,77799,,,319.3094730377197,,,,,
,,77799,,17.569303512573242,,,,,,
49,,77799,,,,0.27195286750793457,-9.665070533752441,,,
,,77849,,,319.60177421569824,,,,,
,,77849,,11.0626220703125,,,,,,
49,,77849,,,,0.27084672451019287,-9.77277946472168,,,
,,77899,,,319.0925121307373,,,,,
,,77899,,26.015043258666992,,,,,,
49,,77899,,,,0.2673919200897217,-9.76107120513916,,,
,,77949,,,319.16213035583496,,,,,
,,77949,,11.010169982910156,,,,,,
49,,77949,,,,0.2703191041946411,-9.883460998535156,,,
,,77999,,,341.25423431396484,,,,,
,,77999,,25.79045295715332,,,,,,
49,,77999,,,,0.2787618637084961,-9.64793586730957,,,
,,78049,,,341.10546112060547,,,,,
,,78049,,3.7162303924560547,,,,,,
49,,78049,,,,0.27112722396850586,-9.754416465759277,,,
,,78099,,,341.51482582092285,,,,,
,,78099,,18.913745880126953,,,,,,
49,,78099,,,,0.2689392566680908,-9.754950523376465,,,
,,78149,,,319.13232803344727,,,,,
,,78149,,11.30533218383789,,,,,,
49,,78149,,,,0.2706763744354248,-9.888858795166016,,,
49,,78149,,,,,,-7.779173374176025,-7.811775207519531,-8.05914306640625
,,78150,622.8528623580933,,,,,,,
,0.0003,78150,,,,,,,,
,,78199,,,278.6531448364258,,,,,
,,78199,,17.572641372680664,,,,,,
50,,78199,,,,0.2648320198059082,-9.606913566589355,,,
,,78249,,,279.3412208557129,,,,,
,,78249,,14.396190643310547,,,,,,
50,,78249,,,,0.26537251472473145,-9.71262264251709,,,
,,78299,,,277.7998447418213,,,,,
,,78299,,17.053604125976562,,,,,,
50,,78299,,,,0.26745128631591797,-9.803011894226074,,,
,,78349,,,280.38859367370605,,,,,
,,78349,,12.180566787719727,,,,,,
50,,78349,,,,0.2709927558898926,-9.656023025512695,,,
,,78399,,,278.40566635131836,,,,,
,,78399,,17.234325408935547,,,,,,
50,,78399,,,,0.26981258392333984,-9.8172607421875,,,
,,78449,,,286.1173152923584,,,,,
,,78449,,12.01629638671875,,,,,,
50,,78449,,,,0.27280712127685547,-9.70468807220459,,,
,,78499,,,287.74261474609375,,,,,
,,78499,,17.103910446166992,,,,,,
50,,78499,,,,0.26863646507263184,-9.927160263061523,,,
,,78549,,,278.087854385376,,,,,
,,78549,,12.312650680541992,,,,,,
50,,78549,,,,0.2693169116973877,-10.020288467407227,,,
,,78599,,,279.1264057159424,,,,,
,,78599,,24.31488037109375,,,,,,
50,,78599,,,,0.2787744998931885,-9.790496826171875,,,
,,78649,,,277.90284156799316,,,,,
,,78649,,12.136459350585938,,,,,,
50,,78649,,,,0.2736177444458008,-9.789116859436035,,,
,,78699,,,278.46837043762207,,,,,
,,78699,,17.06862449645996,,,,,,
50,,78699,,,,0.2764592170715332,-9.962010383605957,,,
,,78749,,,278.6262035369873,,,,,
,,78749,,11.70206069946289,,,,,,
50,,78749,,,,0.2679753303527832,-9.823737144470215,,,
,,78799,,,278.27906608581543,,,,,
,,78799,,17.102956771850586,,,,,,
50,,78799,,,,0.2683548927307129,-9.85842227935791,,,
,,78849,,,278.93900871276855,,,,,
,,78849,,11.846065521240234,,,,,,
50,,78849,,,,0.2713277339935303,-9.63809585571289,,,
,,78899,,,287.30034828186035,,,,,
,,78899,,17.351150512695312,,,,,,
50,,78899,,,,0.2738840579986572,-9.876739501953125,,,
,,78949,,,280.2464962005615,,,,,
,,78949,,11.055707931518555,,,,,,
50,,78949,,,,0.27312207221984863,-9.691699981689453,,,
,,78999,,,279.9711227416992,,,,,
,,78999,,17.486095428466797,,,,,,
50,,78999,,,,0.27427244186401367,-9.677176475524902,,,
,,79049,,,278.6998748779297,,,,,
,,79049,,11.929035186767578,,,,,,
50,,79049,,,,0.2821178436279297,-9.60721206665039,,,
,,79099,,,278.11598777770996,,,,,
,,79099,,17.537355422973633,,,,,,
50,,79099,,,,0.274932861328125,-9.477652549743652,,,
,,79149,,,278.53989601135254,,,,,
,,79149,,11.994361877441406,,,,,,
50,,79149,,,,0.2782561779022217,-9.650915145874023,,,
,,79199,,,277.9557704925537,,,,,
,,79199,,17.086267471313477,,,,,,
50,,79199,,,,0.28294968605041504,-9.640816688537598,,,
,,79249,,,297.31202125549316,,,,,
,,79249,,3.8154125213623047,,,,,,
50,,79249,,,,0.2849172353744507,-9.825358390808105,,,
,,79299,,,278.7139415740967,,,,,
,,79299,,17.300844192504883,,,,,,
50,,79299,,,,0.27526354789733887,-9.433738708496094,,,
,,79349,,,296.40936851501465,,,,,
,,79349,,7.271766662597656,,,,,,
50,,79349,,,,0.27243471145629883,-9.71080207824707,,,
,,79399,,,278.92541885375977,,,,,
,,79399,,26.674270629882812,,,,,,
50,,79399,,,,0.27709007263183594,-9.496862411499023,,,
,,79449,,,288.5251045227051,,,,,
,,79449,,11.739015579223633,,,,,,
50,,79449,,,,0.27092838287353516,-9.935154914855957,,,
,,79499,,,295.4435348510742,,,,,
,,79499,,18.618345260620117,,,,,,
50,,79499,,,,0.27541840076446533,-9.7374849319458,,,
,,79549,,,284.69109535217285,,,,,
,,79549,,12.326478958129883,,,,,,
50,,79549,,,,0.27187466621398926,-9.738283157348633,,,
,,79599,,,278.6376476287842,,,,,
,,79599,,17.31109619140625,,,,,,
50,,79599,,,,0.26300525665283203,-9.752094268798828,,,
,,79649,,,278.43189239501953,,,,,
,,79649,,12.192249298095703,,,,,,
50,,79649,,,,0.27175378799438477,-9.702637672424316,,,
,,79699,,,279.0811061859131,,,,,
,,79699,,17.479419708251953,,,,,,
50,,79699,,,,0.2563748359680176,-9.923980712890625,,,
50,,79712,,,,,,-7.780091285705566,-7.812835216522217,-8.084104537963867
,,79713,561.1342034339905,,,,,,,
,0.0003,79713,,,,,,,,
,,79749,,,279.57916259765625,,,,,
,,79749,,11.561870574951172,,,,,,
51,,79749,,,,0.2560875415802002,-9.868477821350098,,,
,,79799,,,279.2224884033203,,,,,
,,79799,,17.674922943115234,,,,,,
51,,79799,,,,0.250274658203125,-9.932605743408203,,,
,,79849,,,278.14698219299316,,,,,
,,79849,,12.553930282592773,,,,,,
51,,79849,,,,0.25579404830932617,-9.951373100280762,,,
,,79899,,,278.48052978515625,,,,,
,,79899,,17.086029052734375,,,,,,
51,,79899,,,,0.2567354440689087,-9.822522163391113,,,
,,79949,,,277.7526378631592,,,,,
,,79949,,12.494325637817383,,,,,,
51,,79949,,,,0.25650596618652344,-9.658989906311035,,,
,,79999,,,278.40518951416016,,,,,
,,79999,,16.95704460144043,,,,,,
51,,79999,,,,0.26240015029907227,-9.909162521362305,,,
,,80049,,,294.59452629089355,,,,,
,,80049,,4.8427581787109375,,,,,,
51,,80049,,,,0.2704944610595703,-10.013626098632812,,,
,,80099,,,278.489351272583,,,,,
,,80099,,17.031431198120117,,,,,,
51,,80099,,,,0.2716078758239746,-9.73151969909668,,,
,,80149,,,286.8998050689697,,,,,
,,80149,,11.803627014160156,,,,,,
51,,80149,,,,0.2667715549468994,-9.89072322845459,,,
,,80199,,,277.46129035949707,,,,,
,,80199,,17.063617706298828,,,,,,
51,,80199,,,,0.26412153244018555,-9.889325141906738,,,
,,80249,,,283.1587791442871,,,,,
,,80249,,9.628057479858398,,,,,,
51,,80249,,,,0.2740285396575928,-9.798491477966309,,,
,,80299,,,278.4855365753174,,,,,
,,80299,,17.14491844177246,,,,,,
51,,80299,,,,0.26726412773132324,-9.767255783081055,,,
,,80349,,,304.94213104248047,,,,,
,,80349,,4.425525665283203,,,,,,
51,,80349,,,,0.2636899948120117,-9.748472213745117,,,
,,80399,,,279.08921241760254,,,,,
,,80399,,17.261743545532227,,,,,,
51,,80399,,,,0.27381086349487305,-9.628235816955566,,,
,,80449,,,278.3958911895752,,,,,
,,80449,,12.194633483886719,,,,,,
51,,80449,,,,0.28083205223083496,-9.552359580993652,,,
,,80499,,,278.72443199157715,,,,,
,,80499,,17.223358154296875,,,,,,
51,,80499,,,,0.27324485778808594,-9.803872108459473,,,
,,80549,,,279.15358543395996,,,,,
,,80549,,11.577844619750977,,,,,,
51,,80549,,,,0.267578125,-9.647648811340332,,,
,,80599,,,278.1996726989746,,,,,
,,80599,,17.487525939941406,,,,,,
51,,80599,,,,0.2700314521789551,-10.007610321044922,,,
,,80649,,,280.3616523742676,,,,,
,,80649,,11.614084243774414,,,,,,
51,,80649,,,,0.2608959674835205,-9.783849716186523,,,
,,80699,,,308.5606098175049,,,,,
,,80699,,18.247604370117188,,,,,,
51,,80699,,,,0.2574498653411865,-9.849992752075195,,,
,,80749,,,279.4458866119385,,,,,
,,80749,,11.703729629516602,,,,,,
51,,80749,,,,0.26481425762176514,-9.7139892578125,,,
,,80799,,,277.95886993408203,,,,,
,,80799,,17.521381378173828,,,,,,
51,,80799,,,,0.2620426416397095,-9.874428749084473,,,
,,80849,,,278.1414985656738,,,,,
,,80849,,12.063741683959961,,,,,,
51,,80849,,,,0.2580087184906006,-9.964139938354492,,,
,,80899,,,293.1327819824219,,,,,
,,80899,,17.40097999572754,,,,,,
51,,80899,,,,0.2599719762802124,-10.03482723236084,,,
,,80949,,,302.5362491607666,,,,,
,,80949,,4.589319229125977,,,,,,
51,,80949,,,,0.26256418228149414,-9.901612281799316,,,
,,80999,,,283.92624855041504,,,,,
,,80999,,19.234418869018555,,,,,,
51,,80999,,,,0.25580716133117676,-10.06908130645752,,,
,,81049,,,277.4479389190674,,,,,
,,81049,,12.263774871826172,,,,,,
51,,81049,,,,0.26166558265686035,-9.973105430603027,,,
,,81099,,,277.8468132019043,,,,,
,,81099,,17.238378524780273,,,,,,
51,,81099,,,,0.2680838108062744,-9.945390701293945,,,
,,81149,,,277.8301239013672,,,,,
,,81149,,12.251853942871094,,,,,,
51,,81149,,,,0.2596762180328369,-9.9207124710083,,,
,,81199,,,277.83775329589844,,,,,
,,81199,,17.38762855529785,,,,,,
51,,81199,,,,0.2612190246582031,-9.771994590759277,,,
,,81249,,,278.336763381958,,,,,
,,81249,,12.04228401184082,,,,,,
51,,81249,,,,0.26615047454833984,-9.83071231842041,,,
51,,81275,,,,,,-7.778507232666016,-7.809081077575684,-8.047900199890137
,,81276,559.674795627594,,,,,,,
,0.0003,81276,,,,,,,,
,,81299,,,278.6872386932373,,,,,
,,81299,,17.69709587097168,,,,,,
52,,81299,,,,0.26697206497192383,-9.666898727416992,,,
,,81349,,,278.8968086242676,,,,,
,,81349,,12.027263641357422,,,,,,
52,,81349,,,,0.28042781352996826,-9.587729454040527,,,
,,81399,,,287.54329681396484,,,,,
,,81399,,17.245054244995117,,,,,,
52,,81399,,,,0.27716898918151855,-9.771620750427246,,,
,,81449,,,278.7041664123535,,,,,
,,81449,,11.827707290649414,,,,,,
52,,81449,,,,0.2735964059829712,-9.779240608215332,,,
,,81499,,,277.97865867614746,,,,,
,,81499,,17.32325553894043,,,,,,
52,,81499,,,,0.2682373523712158,-9.740776062011719,,,
,,81549,,,286.8390083312988,,,,,
,,81549,,11.60573959350586,,,,,,
52,,81549,,,,0.2629055976867676,-9.857068061828613,,,
,,81599,,,278.0144214630127,,,,,
,,81599,,17.344236373901367,,,,,,
52,,81599,,,,0.263089656829834,-9.725152015686035,,,
,,81649,,,278.2008647918701,,,,,
,,81649,,12.290716171264648,,,,,,
52,,81649,,,,0.2725214958190918,-9.691981315612793,,,
,,81699,,,286.59963607788086,,,,,
,,81699,,17.086267471313477,,,,,,
52,,81699,,,,0.27611565589904785,-9.6507568359375,,,
,,81749,,,283.87928009033203,,,,,
,,81749,,8.546590805053711,,,,,,
52,,81749,,,,0.2767484188079834,-9.616165161132812,,,
,,81799,,,278.7489891052246,,,,,
,,81799,,17.630815505981445,,,,,,
52,,81799,,,,0.28011584281921387,-9.694591522216797,,,
,,81849,,,289.1736030578613,,,,,
,,81849,,11.052370071411133,,,,,,
52,,81849,,,,0.27326738834381104,-9.759096145629883,,,
,,81899,,,280.5747985839844,,,,,
,,81899,,23.493051528930664,,,,,,
52,,81899,,,,0.26804399490356445,-9.747306823730469,,,
,,81949,,,278.0590057373047,,,,,
,,81949,,12.533187866210938,,,,,,
52,,81949,,,,0.26224446296691895,-9.636123657226562,,,
,,81999,,,278.0158519744873,,,,,
,,81999,,17.168760299682617,,,,,,
52,,81999,,,,0.2549014091491699,-9.816832542419434,,,
,,82049,,,278.484582901001,,,,,
,,82049,,12.159347534179688,,,,,,
52,,82049,,,,0.26195478439331055,-9.925946235656738,,,
,,82099,,,298.30479621887207,,,,,
,,82099,,18.652915954589844,,,,,,
52,,82099,,,,0.26810216903686523,-9.82497787475586,,,
,,82149,,,277.7121067047119,,,,,
,,82149,,12.414216995239258,,,,,,
52,,82149,,,,0.2693040370941162,-9.632755279541016,,,
,,82199,,,278.43403816223145,,,,,
,,82199,,17.179012298583984,,,,,,
52,,82199,,,,0.2704927921295166,-9.54788589477539,,,
,,82249,,,278.06711196899414,,,,,
,,82249,,12.144327163696289,,,,,,
52,,82249,,,,0.2635000944137573,-9.86631965637207,,,
,,82299,,,286.9453430175781,,,,,
,,82299,,17.32158660888672,,,,,,
52,,82299,,,,0.2615830898284912,-9.645224571228027,,,
,,82349,,,279.433012008667,,,,,
,,82349,,11.85154914855957,,,,,,
52,,82349,,,,0.2525242567062378,-10.014156341552734,,,
,,82399,,,278.11193466186523,,,,,
,,82399,,17.340898513793945,,,,,,
52,,82399,,,,0.260897159576416,-9.81098461151123,,,
,,82449,,,277.87041664123535,,,,,
,,82449,,12.646198272705078,,,,,,
52,,82449,,,,0.2610633373260498,-9.826993942260742,,,
,,82499,,,281.2769412994385,,,,,
,,82499,,22.17841148376465,,,,,,
52,,82499,,,,0.2625253200531006,-9.981507301330566,,,
,,82549,,,277.73571014404297,,,,,
,,82549,,12.246370315551758,,,,,,
52,,82549,,,,0.2751913070678711,-9.740706443786621,,,
,,82599,,,278.3219814300537,,,,,
,,82599,,17.499685287475586,,,,,,
52,,82599,,,,0.27109694480895996,-9.687240600585938,,,
,,82649,,,278.00846099853516,,,,,
,,82649,,14.512300491333008,,,,,,
52,,82649,,,,0.2649393081665039,-9.736895561218262,,,
,,82699,,,308.23445320129395,,,,,
,,82699,,18.63574981689453,,,,,,
52,,82699,,,,0.26506900787353516,-9.762243270874023,,,
,,82749,,,277.89878845214844,,,,,
,,82749,,12.089252471923828,,,,,,
52,,82749,,,,0.26172637939453125,-9.962018013000488,,,
,,82799,,,285.52722930908203,,,,,
,,82799,,17.360925674438477,,,,,,
52,,82799,,,,0.25910043716430664,-9.666364669799805,,,
52,,82838,,,,,,-7.7800726890563965,-7.813878059387207,-8.062042236328125
,,82839,558.6914210319519,,,,,,,
,0.0003,82839,,,,,,,,
,,82849,,,278.045654296875,,,,,
,,82849,,12.065410614013672,,,,,,
53,,82849,,,,0.2579810619354248,-9.856178283691406,,,
,,82899,,,278.0022621154785,,,,,
,,82899,,17.04573631286621,,,,,,
53,,82899,,,,0.2576732635498047,-9.90229606628418,,,
,,82949,,,279.24060821533203,,,,,
,,82949,,12.325763702392578,,,,,,
53,,82949,,,,0.2612447738647461,-9.637585639953613,,,
,,82999,,,277.96363830566406,,,,,
,,82999,,17.29273796081543,,,,,,
53,,82999,,,,0.25592923164367676,-9.666004180908203,,,
,,83049,,,285.6149673461914,,,,,
,,83049,,11.223554611206055,,,,,,
53,,83049,,,,0.2564351558685303,-9.904047966003418,,,
,,83099,,,278.06949615478516,,,,,
,,83099,,17.105817794799805,,,,,,
53,,83099,,,,0.25361037254333496,-9.829638481140137,,,
,,83149,,,277.9245376586914,,,,,
,,83149,,11.981487274169922,,,,,,
53,,83149,,,,0.2666807174682617,-9.785356521606445,,,
,,83199,,,287.060022354126,,,,,
,,83199,,17.002582550048828,,,,,,
53,,83199,,,,0.25105857849121094,-10.052627563476562,,,
,,83249,,,298.2287406921387,,,,,
,,83249,,4.067659378051758,,,,,,
53,,83249,,,,0.25925159454345703,-9.872462272644043,,,
,,83299,,,278.0635356903076,,,,,
,,83299,,17.083406448364258,,,,,,
53,,83299,,,,0.2614254951477051,-9.983037948608398,,,
,,83349,,,278.20634841918945,,,,,
,,83349,,12.130022048950195,,,,,,
53,,83349,,,,0.2639434337615967,-10.078969955444336,,,
,,83399,,,278.7775993347168,,,,,
,,83399,,17.185688018798828,,,,,,
53,,83399,,,,0.25629305839538574,-9.985169410705566,,,
,,83449,,,282.93895721435547,,,,,
,,83449,,11.733531951904297,,,,,,
53,,83449,,,,0.2571752071380615,-9.809724807739258,,,
,,83499,,,278.5799503326416,,,,,
,,83499,,17.6846981048584,,,,,,
53,,83499,,,,0.26181840896606445,-9.761929512023926,,,
,,83549,,,279.35338020324707,,,,,
,,83549,,11.522769927978516,,,,,,
53,,83549,,,,0.26302194595336914,-9.889172554016113,,,
,,83599,,,278.66578102111816,,,,,
,,83599,,17.07601547241211,,,,,,
53,,83599,,,,0.25813794136047363,-9.898401260375977,,,
,,83649,,,278.3019542694092,,,,,
,,83649,,11.585235595703125,,,,,,
53,,83649,,,,0.23461735248565674,-10.271658897399902,,,
,,83699,,,277.64225006103516,,,,,
,,83699,,17.68970489501953,,,,,,
53,,83699,,,,0.25835442543029785,-10.017390251159668,,,
,,83749,,,278.4571647644043,,,,,
,,83749,,11.774301528930664,,,,,,
53,,83749,,,,0.2581155300140381,-10.086631774902344,,,
,,83799,,,278.1195640563965,,,,,
,,83799,,17.50349998474121,,,,,,
53,,83799,,,,0.26343345642089844,-10.063593864440918,,,
,,83849,,,278.38659286499023,,,,,
,,83849,,12.02845573425293,,,,,,
53,,83849,,,,0.26677167415618896,-9.876911163330078,,,
,,83899,,,279.33406829833984,,,,,
,,83899,,17.173051834106445,,,,,,
53,,83899,,,,0.27504801750183105,-9.869694709777832,,,
,,83949,,,287.1232032775879,,,,,
,,83949,,11.541604995727539,,,,,,
53,,83949,,,,0.26752805709838867,-9.754880905151367,,,
,,83999,,,278.46360206604004,,,,,
,,83999,,25.870561599731445,,,,,,
53,,83999,,,,0.2641735076904297,-9.721240043640137,,,
,,84049,,,284.3906879425049,,,,,
,,84049,,12.13526725769043,,,,,,
53,,84049,,,,0.26424360275268555,-9.848132133483887,,,
,,84099,,,278.1491279602051,,,,,
,,84099,,17.069101333618164,,,,,,
53,,84099,,,,0.25473713874816895,-9.969964981079102,,,
,,84149,,,277.80723571777344,,,,,
,,84149,,12.243986129760742,,,,,,
53,,84149,,,,0.25603556632995605,-9.755377769470215,,,
,,84199,,,278.53846549987793,,,,,
,,84199,,17.343521118164062,,,,,,
53,,84199,,,,0.25783443450927734,-9.805767059326172,,,
,,84249,,,278.28431129455566,,,,,
,,84249,,11.892318725585938,,,,,,
53,,84249,,,,0.26176881790161133,-9.976420402526855,,,
,,84299,,,301.2678623199463,,,,,
,,84299,,18.97740364074707,,,,,,
53,,84299,,,,0.25546693801879883,-9.77350902557373,,,
,,84349,,,289.40653800964355,,,,,
,,84349,,11.351346969604492,,,,,,
53,,84349,,,,0.2693514823913574,-9.82206916809082,,,
,,84399,,,278.86223793029785,,,,,
,,84399,,17.149925231933594,,,,,,
53,,84399,,,,0.2675943374633789,-9.625656127929688,,,
53,,84401,,,,,,-7.778809547424316,-7.81109619140625,-8.07038688659668
,,84402,558.7261226177216,,,,,,,
,0.0003,84402,,,,,,,,
,,84449,,,277.8332233428955,,,,,
,,84449,,12.290000915527344,,,,,,
54,,84449,,,,0.26929593086242676,-9.81424617767334,,,
,,84499,,,279.53386306762695,,,,,
,,84499,,24.259328842163086,,,,,,
54,,84499,,,,0.2695908546447754,-9.914238929748535,,,
,,84549,,,289.89458084106445,,,,,
,,84549,,11.059284210205078,,,,,,
54,,84549,,,,0.2637350559234619,-9.74754524230957,,,
,,84599,,,280.458927154541,,,,,
,,84599,,22.255659103393555,,,,,,
54,,84599,,,,0.266369104385376,-9.987813949584961,,,
,,84649,,,278.86080741882324,,,,,
,,84649,,11.97361946105957,,,,,,
54,,84649,,,,0.25071287155151367,-9.987062454223633,,,
,,84699,,,278.34033966064453,,,,,
,,84699,,17.239809036254883,,,,,,
54,,84699,,,,0.24932312965393066,-9.865011215209961,,,
,,84749,,,286.5407466888428,,,,,
,,84749,,11.820793151855469,,,,,,
54,,84749,,,,0.27196836471557617,-9.819807052612305,,,
,,84799,,,295.2852249145508,,,,,
,,84799,,17.157554626464844,,,,,,
54,,84799,,,,0.26936519145965576,-9.931750297546387,,,
,,84849,,,281.10456466674805,,,,,
,,84849,,11.951446533203125,,,,,,
54,,84849,,,,0.26416027545928955,-9.792031288146973,,,
,,84899,,,277.9848575592041,,,,,
,,84899,,17.290353775024414,,,,,,
54,,84899,,,,0.27071070671081543,-9.860037803649902,,,
,,84949,,,280.4403305053711,,,,,
,,84949,,11.218547821044922,,,,,,
54,,84949,,,,0.2625300884246826,-9.929045677185059,,,
,,84999,,,285.2189540863037,,,,,
,,84999,,21.058320999145508,,,,,,
54,,84999,,,,0.27393555641174316,-9.906429290771484,,,
,,85049,,,277.7836322784424,,,,,
,,85049,,12.346982955932617,,,,,,
54,,85049,,,,0.27516913414001465,-9.835550308227539,,,
,,85099,,,278.3622741699219,,,,,
,,85099,,23.39029312133789,,,,,,
54,,85099,,,,0.27335214614868164,-9.830618858337402,,,
,,85149,,,284.3320369720459,,,,,
,,85149,,9.461164474487305,,,,,,
54,,85149,,,,0.2727928161621094,-9.699224472045898,,,
,,85199,,,284.23213958740234,,,,,
,,85199,,17.430782318115234,,,,,,
54,,85199,,,,0.26669788360595703,-9.649250030517578,,,
,,85249,,,287.9610061645508,,,,,
,,85249,,13.611555099487305,,,,,,
54,,85249,,,,0.27429234981536865,-9.666152954101562,,,
,,85299,,,286.68856620788574,,,,,
,,85299,,17.136335372924805,,,,,,
54,,85299,,,,0.2743868827819824,-9.705513954162598,,,
,,85349,,,308.0711364746094,,,,,
,,85349,,4.011869430541992,,,,,,
54,,85349,,,,0.278949499130249,-9.785931587219238,,,
,,85399,,,278.54418754577637,,,,,
,,85399,,26.11708641052246,,,,,,
54,,85399,,,,0.27863645553588867,-9.715866088867188,,,
,,85449,,,278.8701057434082,,,,,
,,85449,,11.92164421081543,,,,,,
54,,85449,,,,0.2729135751724243,-9.738962173461914,,,
,,85499,,,280.8079719543457,,,,,
,,85499,,22.160053253173828,,,,,,
54,,85499,,,,0.27135682106018066,-9.711030006408691,,,
,,85549,,,286.468505859375,,,,,
,,85549,,11.69443130493164,,,,,,
54,,85549,,,,0.2696876525878906,-9.843853950500488,,,
,,85599,,,278.09977531433105,,,,,
,,85599,,17.113924026489258,,,,,,
54,,85599,,,,0.2724449634552002,-9.985551834106445,,,
,,85649,,,297.4882125854492,,,,,
,,85649,,7.488250732421875,,,,,,
54,,85649,,,,0.26385068893432617,-9.85012149810791,,,
,,85699,,,287.37330436706543,,,,,
,,85699,,17.110347747802734,,,,,,
54,,85699,,,,0.27327752113342285,-9.892946243286133,,,
,,85749,,,279.5143127441406,,,,,
,,85749,,11.706352233886719,,,,,,
54,,85749,,,,0.2730112075805664,-9.80456256866455,,,
,,85799,,,277.88305282592773,,,,,
,,85799,,17.215490341186523,,,,,,
54,,85799,,,,0.2785201072692871,-9.746753692626953,,,
,,85849,,,278.87725830078125,,,,,
,,85849,,12.011051177978516,,,,,,
54,,85849,,,,0.27852487564086914,-9.65904712677002,,,
,,85899,,,277.99177169799805,,,,,
,,85899,,16.99972152709961,,,,,,
54,,85899,,,,0.28179633617401123,-9.586172103881836,,,
,,85949,,,280.18736839294434,,,,,
,,85949,,11.358976364135742,,,,,,
54,,85949,,,,0.2758522033691406,-9.752102851867676,,,
54,,85964,,,,,,-7.779224872589111,-7.811005592346191,-8.049696922302246
,,85965,558.9967691898346,,,,,,,
,0.0003,85965,,,,,,,,
,,85999,,,278.17702293395996,,,,,
,,85999,,17.11440086364746,,,,,,
55,,85999,,,,0.28520798683166504,-9.553668975830078,,,
,,86049,,,278.34200859069824,,,,,
,,86049,,12.06207275390625,,,,,,
55,,86049,,,,0.2858790159225464,-9.667441368103027,,,
,,86099,,,278.34415435791016,,,,,
,,86099,,17.110824584960938,,,,,,
55,,86099,,,,0.2922556400299072,-9.766740798950195,,,
,,86149,,,278.2602310180664,,,,,
,,86149,,11.978864669799805,,,,,,
55,,86149,,,,0.29375195503234863,-9.530709266662598,,,
,,86199,,,288.93470764160156,,,,,
,,86199,,17.175912857055664,,,,,,
55,,86199,,,,0.2938835620880127,-9.502792358398438,,,
,,86249,,,279.77800369262695,,,,,
,,86249,,11.543512344360352,,,,,,
55,,86249,,,,0.29121851921081543,-9.545437812805176,,,
,,86299,,,278.0628204345703,,,,,
,,86299,,17.205476760864258,,,,,,
55,,86299,,,,0.2896292209625244,-9.465481758117676,,,
,,86349,,,278.3207893371582,,,,,
,,86349,,11.565208435058594,,,,,,
55,,86349,,,,0.28733134269714355,-9.651493072509766,,,
,,86399,,,278.7015438079834,,,,,
,,86399,,17.004966735839844,,,,,,
55,,86399,,,,0.27109789848327637,-9.608637809753418,,,
,,86449,,,278.6533832550049,,,,,
,,86449,,11.658906936645508,,,,,,
55,,86449,,,,0.2833099365234375,-9.770652770996094,,,
,,86499,,,288.3005142211914,,,,,
,,86499,,17.563343048095703,,,,,,
55,,86499,,,,0.2846794128417969,-9.413427352905273,,,
,,86549,,,278.3944606781006,,,,,
,,86549,,11.769294738769531,,,,,,
55,,86549,,,,0.2891339063644409,-9.58074951171875,,,
,,86599,,,278.1085968017578,,,,,
,,86599,,17.217159271240234,,,,,,
55,,86599,,,,0.2871387004852295,-9.496796607971191,,,
,,86649,,,278.37514877319336,,,,,
,,86649,,12.17508316040039,,,,,,
55,,86649,,,,0.279693603515625,-9.636880874633789,,,
,,86699,,,278.23853492736816,,,,,
,,86699,,17.03667640686035,,,,,,
55,,86699,,,,0.2789459228515625,-9.511375427246094,,,
,,86749,,,278.9287567138672,,,,,
,,86749,,11.21830940246582,,,,,,
55,,86749,,,,0.27579212188720703,-9.625777244567871,,,
,,86799,,,280.2431583404541,,,,,
,,86799,,17.110824584960938,,,,,,
55,,86799,,,,0.27806568145751953,-9.721567153930664,,,
,,86849,,,287.13297843933105,,,,,
,,86849,,11.629104614257812,,,,,,
55,,86849,,,,0.27228450775146484,-9.629207611083984,,,
,,86899,,,278.38897705078125,,,,,
,,86899,,17.755985260009766,,,,,,
55,,86899,,,,0.28096985816955566,-9.530582427978516,,,
,,86949,,,278.1412601470947,,,,,
,,86949,,12.029886245727539,,,,,,
55,,86949,,,,0.28882431983947754,-9.74923038482666,,,
,,86999,,,278.184175491333,,,,,
,,86999,,17.084836959838867,,,,,,
55,,86999,,,,0.27715492248535156,-9.726712226867676,,,
,,87049,,,307.1870803833008,,,,,
,,87049,,4.395246505737305,,,,,,
55,,87049,,,,0.2894749641418457,-9.70645523071289,,,
,,87099,,,278.6974906921387,,,,,
,,87099,,17.432451248168945,,,,,,
55,,87099,,,,0.268190860748291,-9.489913940429688,,,
,,87149,,,289.1499996185303,,,,,
,,87149,,12.921333312988281,,,,,,
55,,87149,,,,0.25695252418518066,-9.907276153564453,,,
,,87199,,,278.17559242248535,,,,,
,,87199,,17.150163650512695,,,,,,
55,,87199,,,,0.25815069675445557,-9.968157768249512,,,
,,87249,,,278.7325382232666,,,,,
,,87249,,11.918067932128906,,,,,,
55,,87249,,,,0.25921154022216797,-9.736382484436035,,,
,,87299,,,297.98316955566406,,,,,
,,87299,,18.04184913635254,,,,,,
55,,87299,,,,0.2554962635040283,-9.664122581481934,,,
,,87349,,,279.6516418457031,,,,,
,,87349,,12.01939582824707,,,,,,
55,,87349,,,,0.26189422607421875,-9.7567720413208,,,
,,87399,,,277.97722816467285,,,,,
,,87399,,17.590761184692383,,,,,,
55,,87399,,,,0.25700807571411133,-9.918598175048828,,,
,,87449,,,278.2759666442871,,,,,
,,87449,,12.099504470825195,,,,,,
55,,87449,,,,0.254319429397583,-9.815326690673828,,,
,,87499,,,278.1646251678467,,,,,
,,87499,,17.267227172851562,,,,,,
55,,87499,,,,0.2514841556549072,-9.93369197845459,,,
55,,87527,,,,,,-7.77860689163208,-7.809566974639893,-8.058103561401367
,,87528,558.7587840557098,,,,,,,
,0.0003,87528,,,,,,,,
,,87549,,,279.3440818786621,,,,,
,,87549,,11.466741561889648,,,,,,
56,,87549,,,,0.24792969226837158,-10.118597984313965,,,
,,87599,,,278.0039310455322,,,,,
,,87599,,17.03333854675293,,,,,,
56,,87599,,,,0.25044727325439453,-10.043671607971191,,,
,,87649,,,278.3036231994629,,,,,
,,87649,,12.152910232543945,,,,,,
56,,87649,,,,0.24796819686889648,-10.304102897644043,,,
,,87699,,,277.81009674072266,,,,,
,,87699,,17.22240447998047,,,,,,
56,,87699,,,,0.25321173667907715,-9.883736610412598,,,
,,87749,,,278.0747413635254,,,,,
,,87749,,12.459516525268555,,,,,,
56,,87749,,,,0.2493877410888672,-9.916067123413086,,,
,,87799,,,278.7926197052002,,,,,
,,87799,,25.99191665649414,,,,,,
56,,87799,,,,0.24487638473510742,-10.047977447509766,,,
,,87849,,,314.2204284667969,,,,,
,,87849,,4.498720169067383,,,,,,
56,,87849,,,,0.2503020763397217,-9.820096969604492,,,
,,87899,,,277.9042720794678,,,,,
,,87899,,17.136812210083008,,,,,,
56,,87899,,,,0.251903772354126,-9.80848217010498,,,
,,87949,,,281.80599212646484,,,,,
,,87949,,11.2762451171875,,,,,,
56,,87949,,,,0.25493597984313965,-9.740551948547363,,,
,,87999,,,278.5143852233887,,,,,
,,87999,,17.267465591430664,,,,,,
56,,87999,,,,0.24870848655700684,-9.6512451171875,,,
,,88049,,,277.91285514831543,,,,,
,,88049,,12.356042861938477,,,,,,
56,,88049,,,,0.24604344367980957,-9.901294708251953,,,
,,88099,,,277.56524085998535,,,,,
,,88099,,17.154693603515625,,,,,,
56,,88099,,,,0.254284143447876,-9.826539993286133,,,
,,88149,,,278.7346839904785,,,,,
,,88149,,11.727094650268555,,,,,,
56,,88149,,,,0.25658440589904785,-9.855732917785645,,,
,,88199,,,279.44302558898926,,,,,
,,88199,,17.281055450439453,,,,,,
56,,88199,,,,0.2568361759185791,-9.886738777160645,,,
,,88249,,,280.54165840148926,,,,,
,,88249,,11.900186538696289,,,,,,
56,,88249,,,,0.2619655132293701,-9.970927238464355,,,
,,88299,,,279.69980239868164,,,,,
,,88299,,21.41261100769043,,,,,,
56,,88299,,,,0.26357877254486084,-9.791302680969238,,,
,,88349,,,278.6867618560791,,,,,
,,88349,,12.051582336425781,,,,,,
56,,88349,,,,0.2612309455871582,-9.94385051727295,,,
,,88399,,,284.5768928527832,,,,,
,,88399,,19.240140914916992,,,,,,
56,,88399,,,,0.25363755226135254,-9.758337020874023,,,
,,88449,,,286.73815727233887,,,,,
,,88449,,11.818647384643555,,,,,,
56,,88449,,,,0.2482166290283203,-9.969411849975586,,,
,,88499,,,278.9778709411621,,,,,
,,88499,,17.33565330505371,,,,,,
56,,88499,,,,0.25313520431518555,-10.111176490783691,,,
,,88549,,,279.3295383453369,,,,,
,,88549,,11.812210083007812,,,,,,
56,,88549,,,,0.25208401679992676,-9.802613258361816,,,
,,88599,,,277.90069580078125,,,,,
,,88599,,17.495155334472656,,,,,,
56,,88599,,,,0.25486254692077637,-10.026594161987305,,,
,,88649,,,277.7099609375,,,,,
,,88649,,12.622356414794922,,,,,,
56,,88649,,,,0.2633129358291626,-9.72236442565918,,,
,,88699,,,282.29498863220215,,,,,
,,88699,,24.068355560302734,,,,,,
56,,88699,,,,0.2672898769378662,-9.824315071105957,,,
,,88749,,,277.88686752319336,,,,,
,,88749,,12.4359130859375,,,,,,
56,,88749,,,,0.2553238868713379,-9.882221221923828,,,
,,88799,,,278.31482887268066,,,,,
,,88799,,17.195701599121094,,,,,,
56,,88799,,,,0.2670767307281494,-9.852703094482422,,,
,,88849,,,278.26571464538574,,,,,
,,88849,,12.173175811767578,,,,,,
56,,88849,,,,0.26393651962280273,-9.893410682678223,,,
,,88899,,,279.3264389038086,,,,,
,,88899,,17.13085174560547,,,,,,
56,,88899,,,,0.25541186332702637,-9.843584060668945,,,
,,88949,,,278.7172794342041,,,,,
,,88949,,12.310981750488281,,,,,,
56,,88949,,,,0.2685333490371704,-9.738518714904785,,,
,,88999,,,278.53870391845703,,,,,
,,88999,,17.423391342163086,,,,,,
56,,88999,,,,0.2665824890136719,-9.699477195739746,,,
,,89049,,,289.4415855407715,,,,,
,,89049,,6.952047348022461,,,,,,
56,,89049,,,,0.26936817169189453,-9.711517333984375,,,
56,,89090,,,,,,-7.777908802032471,-7.807793617248535,-8.055617332458496
,,89091,558.7710478305817,,,,,,,
,0.0003,89091,,,,,,,,
,,89099,,,278.289794921875,,,,,
,,89099,,17.162799835205078,,,,,,
57,,89099,,,,0.2699735164642334,-9.853371620178223,,,
,,89149,,,278.17654609680176,,,,,
,,89149,,12.274980545043945,,,,,,
57,,89149,,,,0.26866745948791504,-9.933151245117188,,,
,,89199,,,277.56524085998535,,,,,
,,89199,,21.146535873413086,,,,,,
57,,89199,,,,0.2758007049560547,-9.749045372009277,,,
,,89249,,,282.8812599182129,,,,,
,,89249,,8.19849967956543,,,,,,
57,,89249,,,,0.26803505420684814,-9.76251220703125,,,
,,89299,,,277.99463272094727,,,,,
,,89299,,17.161846160888672,,,,,,
57,,89299,,,,0.27038145065307617,-9.819527626037598,,,
,,89349,,,279.7231674194336,,,,,
,,89349,,11.705636978149414,,,,,,
57,,89349,,,,0.2724177837371826,-9.725421905517578,,,
,,89399,,,278.5022258758545,,,,,
,,89399,,17.024517059326172,,,,,,
57,,89399,,,,0.2720620632171631,-9.707509994506836,,,
,,89449,,,278.24974060058594,,,,,
,,89449,,12.035846710205078,,,,,,
57,,89449,,,,0.26651716232299805,-9.58311653137207,,,
,,89499,,,278.0444622039795,,,,,
,,89499,,17.02713966369629,,,,,,
57,,89499,,,,0.27167654037475586,-9.695419311523438,,,
,,89549,,,287.29748725891113,,,,,
,,89549,,11.465787887573242,,,,,,
57,,89549,,,,0.2860097885131836,-9.792786598205566,,,
,,89599,,,277.68445014953613,,,,,
,,89599,,17.21024513244629,,,,,,
57,,89599,,,,0.27632594108581543,-9.674424171447754,,,
,,89649,,,278.57136726379395,,,,,
,,89649,,11.836051940917969,,,,,,
57,,89649,,,,0.2733283042907715,-9.799307823181152,,,
,,89699,,,277.63986587524414,,,,,
,,89699,,17.220497131347656,,,,,,
57,,89699,,,,0.27384769916534424,-9.629196166992188,,,
,,89749,,,277.76050567626953,,,,,
,,89749,,12.34292984008789,,,,,,
57,,89749,,,,0.26413702964782715,-9.822996139526367,,,
,,89799,,,278.35798263549805,,,,,
,,89799,,17.289161682128906,,,,,,
57,,89799,,,,0.27533960342407227,-9.742767333984375,,,
,,89849,,,278.71131896972656,,,,,
,,89849,,11.783123016357422,,,,,,
57,,89849,,,,0.2751913070678711,-9.652183532714844,,,
,,89899,,,277.5998115539551,,,,,
,,89899,,17.606496810913086,,,,,,
57,,89899,,,,0.28111696243286133,-9.686371803283691,,,
,,89949,,,279.59585189819336,,,,,
,,89949,,11.614799499511719,,,,,,
57,,89949,,,,0.27313220500946045,-9.698681831359863,,,
,,89999,,,278.68032455444336,,,,,
,,89999,,17.447948455810547,,,,,,
57,,89999,,,,0.26684117317199707,-9.775649070739746,,,
,,90049,,,278.3312797546387,,,,,
,,90049,,12.446165084838867,,,,,,
57,,90049,,,,0.26932406425476074,-9.664501190185547,,,
,,90099,,,277.6453495025635,,,,,
,,90099,,17.137527465820312,,,,,,
57,,90099,,,,0.2694127559661865,-9.748661994934082,,,
,,90149,,,286.50879859924316,,,,,
,,90149,,12.450456619262695,,,,,,
57,,90149,,,,0.2730751037597656,-9.742887496948242,,,
,,90199,,,289.20912742614746,,,,,
,,90199,,17.405986785888672,,,,,,
57,,90199,,,,0.2729724645614624,-9.736783981323242,,,
,,90249,,,277.8749465942383,,,,,
,,90249,,12.43448257446289,,,,,,
57,,90249,,,,0.27747130393981934,-9.602251052856445,,,
,,90299,,,278.34510803222656,,,,,
,,90299,,17.174959182739258,,,,,,
57,,90299,,,,0.27805423736572266,-9.671303749084473,,,
,,90349,,,278.2895565032959,,,,,
,,90349,,12.119770050048828,,,,,,
57,,90349,,,,0.26636409759521484,-9.636364936828613,,,
,,90399,,,278.8875102996826,,,,,
,,90399,,17.310619354248047,,,,,,
57,,90399,,,,0.2621002197265625,-9.837017059326172,,,
,,90449,,,278.6061763763428,,,,,
,,90449,,11.937856674194336,,,,,,
57,,90449,,,,0.26866650581359863,-9.788318634033203,,,
,,90499,,,277.8799533843994,,,,,
,,90499,,17.05002784729004,,,,,,
57,,90499,,,,0.2750958204269409,-9.862616539001465,,,
,,90549,,,277.91786193847656,,,,,
,,90549,,12.007951736450195,,,,,,
57,,90549,,,,0.2808670997619629,-9.616058349609375,,,
,,90599,,,277.9850959777832,,,,,
,,90599,,17.03357696533203,,,,,,
57,,90599,,,,0.2712225914001465,-9.751228332519531,,,
,,90649,,,277.97770500183105,,,,,
,,90649,,12.412071228027344,,,,,,
57,,90649,,,,0.2744441032409668,-9.77653694152832,,,
57,,90653,,,,,,-7.778201580047607,-7.808823585510254,-8.050182342529297
,,90654,558.2054586410522,,,,,,,
,0.0003,90654,,,,,,,,
,,90699,,,278.5928249359131,,,,,
,,90699,,17.13848114013672,,,,,,
58,,90699,,,,0.2664754390716553,-9.71464729309082,,,
,,90749,,,277.8024673461914,,,,,
,,90749,,12.399435043334961,,,,,,
58,,90749,,,,0.2697594165802002,-9.750410079956055,,,
,,90799,,,278.1989574432373,,,,,
,,90799,,17.200946807861328,,,,,,
58,,90799,,,,0.2754201889038086,-9.603827476501465,,,
,,90849,,,278.74016761779785,,,,,
,,90849,,12.143850326538086,,,,,,
58,,90849,,,,0.2816523313522339,-9.591903686523438,,,
,,90899,,,278.7909507751465,,,,,
,,90899,,17.882108688354492,,,,,,
58,,90899,,,,0.2779572010040283,-9.725823402404785,,,
,,90949,,,278.3694267272949,,,,,
,,90949,,12.350320816040039,,,,,,
58,,90949,,,,0.27994561195373535,-9.513643264770508,,,
,,90999,,,287.63628005981445,,,,,
,,90999,,17.16327667236328,,,,,,
58,,90999,,,,0.2766619920730591,-9.595211029052734,,,
,,91049,,,280.43651580810547,,,,,
,,91049,,12.119293212890625,,,,,,
58,,91049,,,,0.27850341796875,-9.503852844238281,,,
,,91099,,,278.35631370544434,,,,,
,,91099,,17.260313034057617,,,,,,
58,,91099,,,,0.27344226837158203,-9.55997371673584,,,
,,91149,,,278.4397602081299,,,,,
,,91149,,12.456417083740234,,,,,,
58,,91149,,,,0.2747821807861328,-9.615509033203125,,,
,,91199,,,285.02416610717773,,,,,
,,91199,,25.38585662841797,,,,,,
58,,91199,,,,0.267902135848999,-9.608171463012695,,,
,,91249,,,278.8522243499756,,,,,
,,91249,,11.739969253540039,,,,,,
58,,91249,,,,0.26967358589172363,-9.928875923156738,,,
,,91299,,,288.2697582244873,,,,,
,,91299,,17.31705665588379,,,,,,
58,,91299,,,,0.2810702323913574,-9.826995849609375,,,
,,91349,,,287.68229484558105,,,,,
,,91349,,10.926961898803711,,,,,,
58,,91349,,,,0.27904272079467773,-9.620315551757812,,,
,,91399,,,279.31952476501465,,,,,
,,91399,,17.365455627441406,,,,,,
58,,91399,,,,0.28502535820007324,-9.516862869262695,,,
,,91449,,,289.5479202270508,,,,,
,,91449,,9.348392486572266,,,,,,
58,,91449,,,,0.2771880626678467,-9.577909469604492,,,
,,91499,,,279.34885025024414,,,,,
,,91499,,17.541885375976562,,,,,,
58,,91499,,,,0.27065253257751465,-9.60096263885498,,,
,,91549,,,279.7350883483887,,,,,
,,91549,,11.327505111694336,,,,,,
58,,91549,,,,0.2755610942840576,-9.512300491333008,,,
,,91599,,,287.9769802093506,,,,,
,,91599,,17.049789428710938,,,,,,
58,,91599,,,,0.27351200580596924,-9.53510856628418,,,
,,91649,,,279.8802852630615,,,,,
,,91649,,10.620594024658203,,,,,,
58,,91649,,,,0.2675340175628662,-9.683162689208984,,,
,,91699,,,278.77259254455566,,,,,
,,91699,,17.035722732543945,,,,,,
58,,91699,,,,0.2679891586303711,-9.80521011352539,,,
,,91749,,,279.30164337158203,,,,,
,,91749,,10.995864868164062,,,,,,
58,,91749,,,,0.26911067962646484,-9.627645492553711,,,
,,91799,,,314.22972679138184,,,,,
,,91799,,18.4783935546875,,,,,,
58,,91799,,,,0.2664375305175781,-9.68204402923584,,,
,,91849,,,284.20090675354004,,,,,
,,91849,,10.056018829345703,,,,,,
58,,91849,,,,0.26780378818511963,-9.706926345825195,,,
,,91899,,,279.60729598999023,,,,,
,,91899,,17.4407958984375,,,,,,
58,,91899,,,,0.26792454719543457,-9.614388465881348,,,
,,91949,,,279.27422523498535,,,,,
,,91949,,11.509895324707031,,,,,,
58,,91949,,,,0.27271223068237305,-9.760501861572266,,,
,,91999,,,279.22606468200684,,,,,
,,91999,,17.544031143188477,,,,,,
58,,91999,,,,0.2741473913192749,-9.59866714477539,,,
,,92049,,,280.0896167755127,,,,,
,,92049,,11.351585388183594,,,,,,
58,,92049,,,,0.2737751007080078,-9.670323371887207,,,
,,92099,,,281.24022483825684,,,,,
,,92099,,17.130374908447266,,,,,,
58,,92099,,,,0.2741464376449585,-9.741605758666992,,,
,,92149,,,279.50119972229004,,,,,
,,92149,,11.065959930419922,,,,,,
58,,92149,,,,0.26534104347229004,-9.677338600158691,,,
,,92199,,,282.03463554382324,,,,,
,,92199,,17.521142959594727,,,,,,
58,,92199,,,,0.28351306915283203,-9.564838409423828,,,
58,,92216,,,,,,-7.7777180671691895,-7.80929708480835,-8.043692588806152
,,92217,558.8834958076477,,,,,,,
,0.0003,92217,,,,,,,,
,,92249,,,279.19697761535645,,,,,
,,92249,,11.312484741210938,,,,,,
59,,92249,,,,0.2751157283782959,-9.764227867126465,,,
,,92299,,,278.92398834228516,,,,,
,,92299,,17.410993576049805,,,,,,
59,,92299,,,,0.2715132236480713,-9.78005313873291,,,
,,92349,,,285.45689582824707,,,,,
,,92349,,11.394977569580078,,,,,,
59,,92349,,,,0.2806854248046875,-9.767278671264648,,,
,,92399,,,279.7353267669678,,,,,
,,92399,,17.161846160888672,,,,,,
59,,92399,,,,0.270641565322876,-9.630697250366211,,,
,,92449,,,279.5853614807129,,,,,
,,92449,,11.064767837524414,,,,,,
59,,92449,,,,0.26673340797424316,-9.5787353515625,,,
,,92499,,,279.1309356689453,,,,,
,,92499,,17.040014266967773,,,,,,
59,,92499,,,,0.25273120403289795,-9.766114234924316,,,
,,92549,,,278.38587760925293,,,,,
,,92549,,11.580467224121094,,,,,,
59,,92549,,,,0.25648486614227295,-9.786439895629883,,,
,,92599,,,307.3925971984863,,,,,
,,92599,,23.190021514892578,,,,,,
59,,92599,,,,0.2621321678161621,-9.836872100830078,,,
,,92649,,,278.6276340484619,,,,,
,,92649,,11.416435241699219,,,,,,
59,,92649,,,,0.2645878791809082,-9.76832389831543,,,
,,92699,,,279.4322967529297,,,,,
,,92699,,17.65298843383789,,,,,,
59,,92699,,,,0.2755575180053711,-9.550224304199219,,,
,,92749,,,278.9802551269531,,,,,
,,92749,,11.240720748901367,,,,,,
59,,92749,,,,0.279178261756897,-9.758105278015137,,,
,,92799,,,281.36134147644043,,,,,
,,92799,,18.440961837768555,,,,,,
59,,92799,,,,0.28200066089630127,-9.72508430480957,,,
,,92849,,,291.72658920288086,,,,,
,,92849,,9.459495544433594,,,,,,
59,,92849,,,,0.2744816541671753,-9.718290328979492,,,
,,92899,,,278.75661849975586,,,,,
,,92899,,17.33708381652832,,,,,,
59,,92899,,,,0.27846431732177734,-9.62154483795166,,,
,,92949,,,278.9876461029053,,,,,
,,92949,,10.986089706420898,,,,,,
59,,92949,,,,0.2931339740753174,-9.745291709899902,,,
,,92999,,,278.980016708374,,,,,
,,92999,,17.41337776184082,,,,,,
59,,92999,,,,0.2830054759979248,-9.57813835144043,,,
,,93049,,,287.83464431762695,,,,,
,,93049,,10.957479476928711,,,,,,
59,,93049,,,,0.2814122438430786,-9.630037307739258,,,
,,93099,,,284.3611240386963,,,,,
,,93099,,21.770477294921875,,,,,,
59,,93099,,,,0.2896132469177246,-9.642045021057129,,,
,,93149,,,279.12259101867676,,,,,
,,93149,,11.695623397827148,,,,,,
59,,93149,,,,0.28284239768981934,-9.618199348449707,,,
,,93199,,,279.06203269958496,,,,,
,,93199,,25.989055633544922,,,,,,
59,,93199,,,,0.2819948196411133,-9.650866508483887,,,
,,93249,,,279.1283130645752,,,,,
,,93249,,10.965108871459961,,,,,,
59,,93249,,,,0.29819154739379883,-9.633601188659668,,,
,,93299,,,280.0600528717041,,,,,
,,93299,,17.202377319335938,,,,,,
59,,93299,,,,0.29069995880126953,-9.581604957580566,,,
,,93349,,,288.74897956848145,,,,,
,,93349,,11.062860488891602,,,,,,
59,,93349,,,,0.28737008571624756,-9.693574905395508,,,
,,93399,,,290.90118408203125,,,,,
,,93399,,26.85093879699707,,,,,,
59,,93399,,,,0.28208279609680176,-9.630011558532715,,,
,,93449,,,282.3207378387451,,,,,
,,93449,,11.024713516235352,,,,,,
59,,93449,,,,0.28551340103149414,-9.645339965820312,,,
,,93499,,,287.64939308166504,,,,,
,,93499,,17.696380615234375,,,,,,
59,,93499,,,,0.2895936965942383,-9.653688430786133,,,
,,93549,,,280.8196544647217,,,,,
,,93549,,11.240243911743164,,,,,,
59,,93549,,,,0.2898831367492676,-9.594991683959961,,,
,,93599,,,279.70075607299805,,,,,
,,93599,,26.144981384277344,,,,,,
59,,93599,,,,0.2849719524383545,-9.5146484375,,,
,,93649,,,279.0331840515137,,,,,
,,93649,,11.37995719909668,,,,,,
59,,93649,,,,0.2931673526763916,-9.505969047546387,,,
,,93699,,,279.5729637145996,,,,,
,,93699,,17.4257755279541,,,,,,
59,,93699,,,,0.29018115997314453,-9.665962219238281,,,
,,93749,,,279.31809425354004,,,,,
,,93749,,11.12508773803711,,,,,,
59,,93749,,,,0.2971837520599365,-9.587258338928223,,,
59,,93779,,,,,,-7.77755880355835,-7.808984279632568,-8.035694122314453
,,93780,557.7725083827972,,,,,,,
,0.0003,93780,,,,,,,,
,,93799,,,284.221887588501,,,,,
,,93799,,17.699241638183594,,,,,,
60,,93799,,,,0.30289602279663086,-9.49879264831543,,,
,,93849,,,278.93853187561035,,,,,
,,93849,,11.388301849365234,,,,,,
60,,93849,,,,0.2999422550201416,-9.455026626586914,,,
,,93899,,,279.31761741638184,,,,,
,,93899,,17.798423767089844,,,,,,
60,,93899,,,,0.2972447872161865,-9.566466331481934,,,
,,93949,,,284.2214107513428,,,,,
,,93949,,11.40904426574707,,,,,,
60,,93949,,,,0.28887438774108887,-9.479620933532715,,,
,,93999,,,279.1154384613037,,,,,
,,93999,,17.16160774230957,,,,,,
60,,93999,,,,0.2958409786224365,-9.709429740905762,,,
,,94049,,,279.2673110961914,,,,,
,,94049,,11.466741561889648,,,,,,
60,,94049,,,,0.2920691967010498,-9.672137260437012,,,
,,94099,,,279.7815799713135,,,,,
,,94099,,17.30942726135254,,,,,,
60,,94099,,,,0.2910022735595703,-9.67403793334961,,,
,,94149,,,279.3865203857422,,,,,
,,94149,,10.980844497680664,,,,,,
60,,94149,,,,0.28232908248901367,-9.728752136230469,,,
,,94199,,,281.21113777160645,,,,,
,,94199,,26.73506736755371,,,,,,
60,,94199,,,,0.2741515636444092,-9.709759712219238,,,
,,94249,,,279.56342697143555,,,,,
,,94249,,11.041879653930664,,,,,,
60,,94249,,,,0.2691316604614258,-9.740278244018555,,,
,,94299,,,279.0699005126953,,,,,
,,94299,,17.312049865722656,,,,,,
60,,94299,,,,0.267911434173584,-9.770188331604004,,,
,,94349,,,280.22313117980957,,,,,
,,94349,,13.872623443603516,,,,,,
60,,94349,,,,0.2787618637084961,-9.65182113647461,,,
,,94399,,,279.3316841125488,,,,,
,,94399,,17.142057418823242,,,,,,
60,,94399,,,,0.27573704719543457,-9.6187105178833,,,
,,94449,,,279.38270568847656,,,,,
,,94449,,10.883331298828125,,,,,,
60,,94449,,,,0.2831084728240967,-9.74610710144043,,,
,,94499,,,279.63733673095703,,,,,
,,94499,,17.17519760131836,,,,,,
60,,94499,,,,0.2815990447998047,-9.570290565490723,,,
,,94549,,,280.0765037536621,,,,,
,,94549,,12.14456558227539,,,,,,
60,,94549,,,,0.29091572761535645,-9.594253540039062,,,
,,94599,,,278.8503170013428,,,,,
,,94599,,17.213106155395508,,,,,,
60,,94599,,,,0.2908141613006592,-9.568602561950684,,,
,,94649,,,279.5586585998535,,,,,
,,94649,,13.457775115966797,,,,,,
60,,94649,,,,0.2772655487060547,-9.73733139038086,,,
,,94699,,,293.377161026001,,,,,
,,94699,,17.273902893066406,,,,,,
60,,94699,,,,0.2717559337615967,-9.783477783203125,,,
,,94749,,,312.1044635772705,,,,,
,,94749,,3.2851696014404297,,,,,,
60,,94749,,,,0.28723859786987305,-9.74797248840332,,,
,,94799,,,278.9807319641113,,,,,
,,94799,,17.08364486694336,,,,,,
60,,94799,,,,0.2857168912887573,-9.660150527954102,,,
,,94849,,,281.4798355102539,,,,,
,,94849,,10.860681533813477,,,,,,
60,,94849,,,,0.2762913703918457,-9.562906265258789,,,
,,94899,,,280.07054328918457,,,,,
,,94899,,17.52924919128418,,,,,,
60,,94899,,,,0.27324700355529785,-9.652052879333496,,,
,,94949,,,289.26897048950195,,,,,
,,94949,,12.493133544921875,,,,,,
60,,94949,,,,0.27296948432922363,-9.75975227355957,,,
,,94999,,,278.8844108581543,,,,,
,,94999,,17.169952392578125,,,,,,
60,,94999,,,,0.26753878593444824,-9.859230995178223,,,
,,95049,,,278.1949043273926,,,,,
,,95049,,11.5966796875,,,,,,
60,,95049,,,,0.27042341232299805,-9.94870662689209,,,
,,95099,,,279.1001796722412,,,,,
,,95099,,17.69709587097168,,,,,,
60,,95099,,,,0.2693758010864258,-10.015960693359375,,,
,,95149,,,279.46019172668457,,,,,
,,95149,,11.176586151123047,,,,,,
60,,95149,,,,0.2593541145324707,-9.886558532714844,,,
,,95199,,,279.019832611084,,,,,
,,95199,,17.348051071166992,,,,,,
60,,95199,,,,0.2750312089920044,-9.945263862609863,,,
,,95249,,,279.1323661804199,,,,,
,,95249,,11.330127716064453,,,,,,
60,,95249,,,,0.27665257453918457,-9.691289901733398,,,
,,95299,,,287.39476203918457,,,,,
,,95299,,17.802715301513672,,,,,,
60,,95299,,,,0.2738685607910156,-9.806278228759766,,,
60,,95342,,,,,,-7.777297496795654,-7.8084588050842285,-8.04822063446045
,,95343,558.8676013946533,,,,,,,
,0.0003,95343,,,,,,,,
,,95349,,,279.89840507507324,,,,,
,,95349,,11.012792587280273,,,,,,
61,,95349,,,,0.27201390266418457,-9.77261734008789,,,
,,95399,,,279.60777282714844,,,,,
,,95399,,17.12346076965332,,,,,,
61,,95399,,,,0.28960490226745605,-9.578158378601074,,,
,,95449,,,278.92231941223145,,,,,
,,95449,,11.665821075439453,,,,,,
61,,95449,,,,0.2707943916320801,-9.692667007446289,,,
,,95499,,,279.8314094543457,,,,,
,,95499,,17.399072647094727,,,,,,
61,,95499,,,,0.28580331802368164,-9.674322128295898,,,
,,95549,,,280.15613555908203,,,,,
,,95549,,10.610103607177734,,,,,,
61,,95549,,,,0.2866002321243286,-9.785407066345215,,,
,,95599,,,279.07347679138184,,,,,
,,95599,,17.174959182739258,,,,,,
61,,95599,,,,0.28367137908935547,-9.589662551879883,,,
,,95649,,,279.6187400817871,,,,,
,,95649,,11.064529418945312,,,,,,
61,,95649,,,,0.28557467460632324,-9.55274486541748,,,
,,95699,,,278.86343002319336,,,,,
,,95699,,17.360687255859375,,,,,,
61,,95699,,,,0.2820737361907959,-9.782699584960938,,,
,,95749,,,279.24060821533203,,,,,
,,95749,,11.221170425415039,,,,,,
61,,95749,,,,0.29334282875061035,-9.63716983795166,,,
,,95799,,,279.0398597717285,,,,,
,,95799,,17.265796661376953,,,,,,
61,,95799,,,,0.29221010208129883,-9.709299087524414,,,
,,95849,,,279.5565128326416,,,,,
,,95849,,11.372804641723633,,,,,,
61,,95849,,,,0.27998626232147217,-9.747069358825684,,,
,,95899,,,281.45694732666016,,,,,
,,95899,,22.676944732666016,,,,,,
61,,95899,,,,0.2860569953918457,-9.642230987548828,,,
,,95949,,,279.91437911987305,,,,,
,,95949,,13.58795166015625,,,,,,
61,,95949,,,,0.2915639877319336,-9.674161911010742,,,
,,95999,,,279.10327911376953,,,,,
,,95999,,17.176151275634766,,,,,,
61,,95999,,,,0.2895627021789551,-9.668815612792969,,,
,,96049,,,279.4606685638428,,,,,
,,96049,,11.25645637512207,,,,,,
61,,96049,,,,0.2899264097213745,-9.655344009399414,,,
,,96099,,,287.05525398254395,,,,,
,,96099,,17.491817474365234,,,,,,
61,,96099,,,,0.2775430679321289,-9.658975601196289,,,
,,96149,,,278.7201404571533,,,,,
,,96149,,11.276006698608398,,,,,,
61,,96149,,,,0.28475427627563477,-9.606423377990723,,,
,,96199,,,279.97660636901855,,,,,
,,96199,,17.14491844177246,,,,,,
61,,96199,,,,0.279188871383667,-9.615463256835938,,,
,,96249,,,279.11877632141113,,,,,
,,96249,,11.430501937866211,,,,,,
61,,96249,,,,0.2751035690307617,-9.757573127746582,,,
,,96299,,,279.125452041626,,,,,
,,96299,,16.999483108520508,,,,,,
61,,96299,,,,0.28066062927246094,-9.503205299377441,,,
,,96349,,,279.6454429626465,,,,,
,,96349,,10.651350021362305,,,,,,
61,,96349,,,,0.28392553329467773,-9.558154106140137,,,
,,96399,,,289.3869876861572,,,,,
,,96399,,17.407655715942383,,,,,,
61,,96399,,,,0.29593849182128906,-9.60723876953125,,,
,,96449,,,278.87654304504395,,,,,
,,96449,,10.995626449584961,,,,,,
61,,96449,,,,0.2938346862792969,-9.517637252807617,,,
,,96499,,,280.5595397949219,,,,,
,,96499,,17.003536224365234,,,,,,
61,,96499,,,,0.28867459297180176,-9.432422637939453,,,
,,96549,,,278.8088321685791,,,,,
,,96549,,11.225461959838867,,,,,,
61,,96549,,,,0.28760576248168945,-9.689455032348633,,,
,,96599,,,279.14953231811523,,,,,
,,96599,,26.093244552612305,,,,,,
61,,96599,,,,0.28197193145751953,-9.71274471282959,,,
,,96649,,,279.00004386901855,,,,,
,,96649,,11.406421661376953,,,,,,
61,,96649,,,,0.2727963924407959,-9.744091987609863,,,
,,96699,,,283.1294536590576,,,,,
,,96699,,21.834850311279297,,,,,,
61,,96699,,,,0.2762033939361572,-9.89168643951416,,,
,,96749,,,303.69091033935547,,,,,
,,96749,,3.663301467895508,,,,,,
61,,96749,,,,0.2764688730239868,-9.910115242004395,,,
,,96799,,,278.9111137390137,,,,,
,,96799,,17.086267471313477,,,,,,
61,,96799,,,,0.27637147903442383,-9.716459274291992,,,
,,96849,,,287.0440483093262,,,,,
,,96849,,10.916709899902344,,,,,,
61,,96849,,,,0.2772548198699951,-9.627110481262207,,,
,,96899,,,279.31714057922363,,,,,
,,96899,,17.075300216674805,,,,,,
61,,96899,,,,0.2747790813446045,-9.635680198669434,,,
61,,96905,,,,,,-7.776442050933838,-7.806436061859131,-8.044193267822266
,,96906,558.9105038642883,,,,,,,
,0.0003,96906,,,,,,,,
,,96949,,,308.21752548217773,,,,,
,,96949,,5.536556243896484,,,,,,
62,,96949,,,,0.2832956314086914,-9.545340538024902,,,
,,96999,,,279.98900413513184,,,,,
,,96999,,17.164230346679688,,,,,,
62,,96999,,,,0.2783067226409912,-9.86630916595459,,,
,,97049,,,280.4265022277832,,,,,
,,97049,,10.023355484008789,,,,,,
62,,97049,,,,0.2726480960845947,-9.707850456237793,,,
,,97099,,,281.771183013916,,,,,
,,97099,,23.342132568359375,,,,,,
62,,97099,,,,0.2567896842956543,-9.77314281463623,,,
,,97149,,,279.83784675598145,,,,,
,,97149,,10.987997055053711,,,,,,
62,,97149,,,,0.25283217430114746,-9.771729469299316,,,
,,97199,,,290.4994487762451,,,,,
,,97199,,17.089128494262695,,,,,,
62,,97199,,,,0.261033296585083,-9.680784225463867,,,
,,97249,,,305.39393424987793,,,,,
,,97249,,3.287792205810547,,,,,,
62,,97249,,,,0.257460355758667,-9.97715950012207,,,
,,97299,,,279.4475555419922,,,,,
,,97299,,17.375469207763672,,,,,,
62,,97299,,,,0.2641373872756958,-9.835358619689941,,,
,,97349,,,279.64210510253906,,,,,
,,97349,,10.68735122680664,,,,,,
62,,97349,,,,0.2704460620880127,-9.727811813354492,,,
,,97399,,,279.6492576599121,,,,,
,,97399,,17.263174057006836,,,,,,
62,,97399,,,,0.2840590476989746,-9.62866497039795,,,
,,97449,,,279.6814441680908,,,,,
,,97449,,14.429330825805664,,,,,,
62,,97449,,,,0.2798764705657959,-9.602651596069336,,,
,,97499,,,279.18362617492676,,,,,
,,97499,,17.21358299255371,,,,,,
62,,97499,,,,0.28376221656799316,-9.652450561523438,,,
,,97549,,,284.11865234375,,,,,
,,97549,,8.344173431396484,,,,,,
62,,97549,,,,0.28458595275878906,-9.533378601074219,,,
,,97599,,,279.35004234313965,,,,,
,,97599,,17.354965209960938,,,,,,
62,,97599,,,,0.2800910472869873,-9.691465377807617,,,
,,97649,,,280.52496910095215,,,,,
,,97649,,12.17961311340332,,,,,,
62,,97649,,,,0.2839651107788086,-9.75989055633545,,,
,,97699,,,279.42895889282227,,,,,
,,97699,,17.23480224609375,,,,,,
62,,97699,,,,0.28466367721557617,-9.511026382446289,,,
,,97749,,,279.20055389404297,,,,,
,,97749,,11.249542236328125,,,,,,
62,,97749,,,,0.29121947288513184,-9.652223587036133,,,
,,97799,,,282.0415496826172,,,,,
,,97799,,23.967742919921875,,,,,,
62,,97799,,,,0.2937016487121582,-9.547569274902344,,,
,,97849,,,279.13403511047363,,,,,
,,97849,,11.24715805053711,,,,,,
62,,97849,,,,0.29752254486083984,-9.44428825378418,,,
,,97899,,,279.65283393859863,,,,,
,,97899,,17.379283905029297,,,,,,
62,,97899,,,,0.2951836585998535,-9.459732055664062,,,
,,97949,,,279.4215679168701,,,,,
,,97949,,10.974645614624023,,,,,,
62,,97949,,,,0.2908351421356201,-9.545516967773438,,,
,,97999,,,287.5983715057373,,,,,
,,97999,,17.163515090942383,,,,,,
62,,97999,,,,0.291731595993042,-9.544408798217773,,,
,,98049,,,279.5400619506836,,,,,
,,98049,,10.824918746948242,,,,,,
62,,98049,,,,0.28911149501800537,-9.474571228027344,,,
,,98099,,,279.9701690673828,,,,,
,,98099,,17.448902130126953,,,,,,
62,,98099,,,,0.2773115634918213,-9.70430850982666,,,
,,98149,,,279.79230880737305,,,,,
,,98149,,10.651350021362305,,,,,,
62,,98149,,,,0.28255510330200195,-9.72611141204834,,,
,,98199,,,290.21644592285156,,,,,
,,98199,,17.235517501831055,,,,,,
62,,98199,,,,0.2804124355316162,-9.692326545715332,,,
,,98249,,,280.3475856781006,,,,,
,,98249,,10.22481918334961,,,,,,
62,,98249,,,,0.28003644943237305,-9.477203369140625,,,
,,98299,,,278.9428234100342,,,,,
,,98299,,17.175912857055664,,,,,,
62,,98299,,,,0.2838163375854492,-9.876872062683105,,,
,,98349,,,279.70051765441895,,,,,
,,98349,,10.925769805908203,,,,,,
62,,98349,,,,0.28590941429138184,-9.646791458129883,,,
,,98399,,,279.6952724456787,,,,,
,,98399,,17.241716384887695,,,,,,
62,,98399,,,,0.2753620147705078,-9.562756538391113,,,
,,98449,,,280.3623676300049,,,,,
,,98449,,10.419130325317383,,,,,,
62,,98449,,,,0.2692093849182129,-9.66220474243164,,,
62,,98468,,,,,,-7.777336597442627,-7.805733680725098,-8.028467178344727
,,98469,559.0561740398407,,,,,,,
,0.0003,98469,,,,,,,,
,,98499,,,279.0100574493408,,,,,
,,98499,,17.14611053466797,,,,,,
63,,98499,,,,0.277454137802124,-9.656302452087402,,,
,,98549,,,278.94091606140137,,,,,
,,98549,,11.26551628112793,,,,,,
63,,98549,,,,0.2771182060241699,-9.691850662231445,,,
,,98599,,,280.5368900299072,,,,,
,,98599,,17.765283584594727,,,,,,
63,,98599,,,,0.2800487279891968,-9.539395332336426,,,
,,98649,,,279.4616222381592,,,,,
,,98649,,11.294126510620117,,,,,,
63,,98649,,,,0.27483320236206055,-9.586868286132812,,,
,,98699,,,310.6672763824463,,,,,
,,98699,,18.611431121826172,,,,,,
63,,98699,,,,0.2660384178161621,-9.686124801635742,,,
,,98749,,,289.65234756469727,,,,,
,,98749,,6.280422210693359,,,,,,
63,,98749,,,,0.26430177688598633,-9.827811241149902,,,
,,98799,,,279.56318855285645,,,,,
,,98799,,16.97254180908203,,,,,,
63,,98799,,,,0.2611196041107178,-9.863844871520996,,,
,,98849,,,279.3607711791992,,,,,
,,98849,,11.324167251586914,,,,,,
63,,98849,,,,0.25521397590637207,-9.88174819946289,,,
,,98899,,,278.7299156188965,,,,,
,,98899,,17.301321029663086,,,,,,
63,,98899,,,,0.26214492321014404,-9.771025657653809,,,
,,98949,,,279.15167808532715,,,,,
,,98949,,11.523246765136719,,,,,,
63,,98949,,,,0.26395487785339355,-9.723739624023438,,,
,,98999,,,297.49464988708496,,,,,
,,98999,,18.241167068481445,,,,,,
63,,98999,,,,0.26129889488220215,-9.722481727600098,,,
,,99049,,,279.23083305358887,,,,,
,,99049,,11.174201965332031,,,,,,
63,,99049,,,,0.2665978670120239,-9.581971168518066,,,
,,99099,,,279.4492244720459,,,,,
,,99099,,17.61484146118164,,,,,,
63,,99099,,,,0.2775379419326782,-9.807225227355957,,,
,,99149,,,279.0822982788086,,,,,
,,99149,,10.480165481567383,,,,,,
63,,99149,,,,0.27805066108703613,-9.637777328491211,,,
,,99199,,,279.4647216796875,,,,,
,,99199,,17.145395278930664,,,,,,
63,,99199,,,,0.27326035499572754,-9.66440486907959,,,
,,99249,,,279.6630859375,,,,,
,,99249,,10.492324829101562,,,,,,
63,,99249,,,,0.2591416835784912,-9.990585327148438,,,
,,99299,,,278.87511253356934,,,,,
,,99299,,17.22431182861328,,,,,,
63,,99299,,,,0.266756534576416,-9.778178215026855,,,
,,99349,,,289.61658477783203,,,,,
,,99349,,7.83085823059082,,,,,,
63,,99349,,,,0.2557973861694336,-9.844515800476074,,,
,,99399,,,279.40845489501953,,,,,
,,99399,,17.10987091064453,,,,,,
63,,99399,,,,0.2632138729095459,-9.883771896362305,,,
,,99449,,,288.3470058441162,,,,,
,,99449,,9.628772735595703,,,,,,
63,,99449,,,,0.24714303016662598,-9.978753089904785,,,
,,99499,,,279.10780906677246,,,,,
,,99499,,17.11440086364746,,,,,,
63,,99499,,,,0.24731731414794922,-9.83958625793457,,,
,,99549,,,279.71673011779785,,,,,
,,99549,,11.075735092163086,,,,,,
63,,99549,,,,0.25521016120910645,-9.943619728088379,,,
,,99599,,,279.66976165771484,,,,,
,,99599,,17.261505126953125,,,,,,
63,,99599,,,,0.2676985263824463,-9.816607475280762,,,
,,99649,,,290.4243469238281,,,,,
,,99649,,8.730888366699219,,,,,,
63,,99649,,,,0.26236581802368164,-9.517072677612305,,,
,,99699,,,278.98287773132324,,,,,
,,99699,,17.64369010925293,,,,,,
63,,99699,,,,0.2544212341308594,-9.565802574157715,,,
,,99749,,,279.10304069519043,,,,,
,,99749,,11.295318603515625,,,,,,
63,,99749,,,,0.26221609115600586,-9.748664855957031,,,
,,99799,,,279.3314456939697,,,,,
,,99799,,17.069578170776367,,,,,,
63,,99799,,,,0.2618577480316162,-9.947040557861328,,,
,,99849,,,288.4485721588135,,,,,
,,99849,,10.055780410766602,,,,,,
63,,99849,,,,0.2674593925476074,-9.890371322631836,,,
,,99899,,,303.8806915283203,,,,,
,,99899,,18.48888397216797,,,,,,
63,,99899,,,,0.2783088684082031,-9.554190635681152,,,
,,99949,,,278.6686420440674,,,,,
,,99949,,11.629819869995117,,,,,,
63,,99949,,,,0.27966928482055664,-9.715133666992188,,,
,,99999,,,280.84516525268555,,,,,
,,99999,,23.0710506439209,,,,,,
63,,99999,,,,0.27773022651672363,-9.761001586914062,,,
63,,100031,,,,,,-7.776688098907471,-7.806191444396973,-8.040546417236328
,,100032,558.9880676269531,,,,,,,
,0.0003,100032,,,,,,,,
,,100049,,,279.34908866882324,,,,,
,,100049,,11.318445205688477,,,,,,
64,,100049,,,,0.2797114849090576,-9.650111198425293,,,
,,100099,,,278.8059711456299,,,,,
,,100099,,17.209768295288086,,,,,,
64,,100099,,,,0.2725205421447754,-9.69107437133789,,,
,,100149,,,280.06434440612793,,,,,
,,100149,,11.635303497314453,,,,,,
64,,100149,,,,0.27307653427124023,-9.636008262634277,,,
,,100199,,,279.202938079834,,,,,
,,100199,,17.140626907348633,,,,,,
64,,100199,,,,0.26268720626831055,-9.727757453918457,,,
,,100249,,,290.06505012512207,,,,,
,,100249,,6.618738174438477,,,,,,
64,,100249,,,,0.262911319732666,-9.789076805114746,,,
,,100299,,,279.48951721191406,,,,,
,,100299,,17.114639282226562,,,,,,
64,,100299,,,,0.2678821086883545,-9.733835220336914,,,
,,100349,,,281.4319133758545,,,,,
,,100349,,9.436845779418945,,,,,,
64,,100349,,,,0.27336549758911133,-9.665780067443848,,,
,,100399,,,279.3741226196289,,,,,
,,100399,,17.2116756439209,,,,,,
64,,100399,,,,0.2687220573425293,-9.788593292236328,,,
,,100449,,,285.8462333679199,,,,,
,,100449,,11.137247085571289,,,,,,
64,,100449,,,,0.259232759475708,-9.827801704406738,,,
,,100499,,,279.09374237060547,,,,,
,,100499,,17.023801803588867,,,,,,
64,,100499,,,,0.25951385498046875,-9.913427352905273,,,
,,100549,,,278.9640426635742,,,,,
,,100549,,11.294126510620117,,,,,,
64,,100549,,,,0.2552492618560791,-9.757059097290039,,,
,,100599,,,280.5631160736084,,,,,
,,100599,,17.235517501831055,,,,,,
64,,100599,,,,0.2583010196685791,-9.882439613342285,,,
,,100649,,,279.4828414916992,,,,,
,,100649,,11.117696762084961,,,,,,
64,,100649,,,,0.26125073432922363,-9.87929916381836,,,
,,100699,,,285.8462333679199,,,,,
,,100699,,17.133235931396484,,,,,,
64,,100699,,,,0.25380611419677734,-9.925471305847168,,,
,,100749,,,278.95164489746094,,,,,
,,100749,,11.336326599121094,,,,,,
64,,100749,,,,0.24820971488952637,-9.97189712524414,,,
,,100799,,,280.2305221557617,,,,,
,,100799,,17.31133460998535,,,,,,
64,,100799,,,,0.25091660022735596,-9.758628845214844,,,
,,100849,,,279.4930934906006,,,,,
,,100849,,13.985157012939453,,,,,,
64,,100849,,,,0.24561095237731934,-9.766058921813965,,,
,,100899,,,279.1333198547363,,,,,
,,100899,,17.51089096069336,,,,,,
64,,100899,,,,0.25841426849365234,-10.07784366607666,,,
,,100949,,,279.9959182739258,,,,,
,,100949,,10.70857048034668,,,,,,
64,,100949,,,,0.2574760913848877,-9.843481063842773,,,
,,100999,,,278.9609432220459,,,,,
,,100999,,17.459630966186523,,,,,,
64,,100999,,,,0.24990320205688477,-9.940072059631348,,,
,,101049,,,280.40456771850586,,,,,
,,101049,,10.882854461669922,,,,,,
64,,101049,,,,0.23395037651062012,-9.838981628417969,,,
,,101099,,,289.72864151000977,,,,,
,,101099,,17.424583435058594,,,,,,
64,,101099,,,,0.24050426483154297,-10.20600414276123,,,
,,101149,,,279.7117233276367,,,,,
,,101149,,11.292695999145508,,,,,,
64,,101149,,,,0.24563145637512207,-10.087705612182617,,,
,,101199,,,278.7177562713623,,,,,
,,101199,,17.105579376220703,,,,,,
64,,101199,,,,0.2568092346191406,-9.953975677490234,,,
,,101249,,,279.07848358154297,,,,,
,,101249,,11.490583419799805,,,,,,
64,,101249,,,,0.24874043464660645,-9.9779691696167,,,
,,101299,,,279.1025638580322,,,,,
,,101299,,17.098188400268555,,,,,,
64,,101299,,,,0.2506420612335205,-9.855926513671875,,,
,,101349,,,278.84602546691895,,,,,
,,101349,,11.390209197998047,,,,,,
64,,101349,,,,0.2646505832672119,-9.946965217590332,,,
,,101399,,,278.9790630340576,,,,,
,,101399,,17.061233520507812,,,,,,
64,,101399,,,,0.24330449104309082,-10.032174110412598,,,
,,101449,,,279.22558784484863,,,,,
,,101449,,10.96653938293457,,,,,,
64,,101449,,,,0.25135087966918945,-9.964627265930176,,,
,,101499,,,279.4787883758545,,,,,
,,101499,,17.178058624267578,,,,,,
64,,101499,,,,0.25226378440856934,-9.76104736328125,,,
,,101549,,,279.2353630065918,,,,,
,,101549,,11.009931564331055,,,,,,
64,,101549,,,,0.25472450256347656,-9.987896919250488,,,
64,,101594,,,,,,-7.776615619659424,-7.805245399475098,-8.058107376098633
,,101595,558.0396893024445,,,,,,,
,0.0003,101595,,,,,,,,
,,101599,,,278.61547470092773,,,,,
,,101599,,26.148557662963867,,,,,,
65,,101599,,,,0.2496800422668457,-9.77708625793457,,,
,,101649,,,278.76758575439453,,,,,
,,101649,,11.46388053894043,,,,,,
65,,101649,,,,0.24656462669372559,-10.080641746520996,,,
,,101699,,,279.8011302947998,,,,,
,,101699,,17.14801788330078,,,,,,
65,,101699,,,,0.2407393455505371,-9.71060848236084,,,
,,101749,,,280.5185317993164,,,,,
,,101749,,10.894298553466797,,,,,,
65,,101749,,,,0.24669218063354492,-10.065309524536133,,,
,,101799,,,278.888463973999,,,,,
,,101799,,17.117977142333984,,,,,,
65,,101799,,,,0.2438352108001709,-9.86661148071289,,,
,,101849,,,279.11925315856934,,,,,
,,101849,,11.614799499511719,,,,,,
65,,101849,,,,0.24852967262268066,-10.010245323181152,,,
,,101899,,,279.3388366699219,,,,,
,,101899,,25.96139907836914,,,,,,
65,,101899,,,,0.26018643379211426,-9.810911178588867,,,
,,101949,,,279.1261672973633,,,,,
,,101949,,11.231422424316406,,,,,,
65,,101949,,,,0.2582252025604248,-9.845815658569336,,,
,,101999,,,288.651704788208,,,,,
,,101999,,17.026424407958984,,,,,,
65,,101999,,,,0.2636309862136841,-9.747072219848633,,,
,,102049,,,278.81765365600586,,,,,
,,102049,,10.97249984741211,,,,,,
65,,102049,,,,0.27050185203552246,-9.683520317077637,,,
,,102099,,,280.0559997558594,,,,,
,,102099,,17.47608184814453,,,,,,
65,,102099,,,,0.26166462898254395,-9.671628952026367,,,
,,102149,,,289.8101806640625,,,,,
,,102149,,10.673284530639648,,,,,,
65,,102149,,,,0.25958001613616943,-10.022924423217773,,,
,,102199,,,278.9273262023926,,,,,
,,102199,,17.787933349609375,,,,,,
65,,102199,,,,0.2485666275024414,-9.866059303283691,,,
,,102249,,,278.6898612976074,,,,,
,,102249,,11.354446411132812,,,,,,
65,,102249,,,,0.25561225414276123,-9.91624641418457,,,
,,102299,,,290.60935974121094,,,,,
,,102299,,23.205995559692383,,,,,,
65,,102299,,,,0.2551865577697754,-9.830354690551758,,,
,,102349,,,278.3675193786621,,,,,
,,102349,,11.667013168334961,,,,,,
65,,102349,,,,0.24980401992797852,-9.667336463928223,,,
,,102399,,,285.19535064697266,,,,,
,,102399,,17.17090606689453,,,,,,
65,,102399,,,,0.24816632270812988,-9.888407707214355,,,
,,102449,,,287.84918785095215,,,,,
,,102449,,10.73145866394043,,,,,,
65,,102449,,,,0.255765438079834,-9.792346954345703,,,
,,102499,,,278.17249298095703,,,,,
,,102499,,17.0743465423584,,,,,,
65,,102499,,,,0.258625864982605,-9.945412635803223,,,
,,102549,,,279.6769142150879,,,,,
,,102549,,10.788917541503906,,,,,,
65,,102549,,,,0.25306248664855957,-9.952126502990723,,,
,,102599,,,278.6877155303955,,,,,
,,102599,,17.051219940185547,,,,,,
65,,102599,,,,0.25288891792297363,-9.952776908874512,,,
,,102649,,,289.7028923034668,,,,,
,,102649,,10.526657104492188,,,,,,
65,,102649,,,,0.2590596675872803,-9.825305938720703,,,
,,102699,,,280.20477294921875,,,,,
,,102699,,26.053428649902344,,,,,,
65,,102699,,,,0.2541327476501465,-9.928167343139648,,,
,,102749,,,278.5804271697998,,,,,
,,102749,,15.192270278930664,,,,,,
65,,102749,,,,0.2563657760620117,-9.927488327026367,,,
,,102799,,,279.07371520996094,,,,,
,,102799,,17.05169677734375,,,,,,
65,,102799,,,,0.26007533073425293,-9.92935848236084,,,
,,102849,,,280.15971183776855,,,,,
,,102849,,14.07933235168457,,,,,,
65,,102849,,,,0.2591686248779297,-10.08319091796875,,,
,,102899,,,278.6262035369873,,,,,
,,102899,,17.389297485351562,,,,,,
65,,102899,,,,0.26050305366516113,-9.80854320526123,,,
,,102949,,,293.9164638519287,,,,,
,,102949,,11.00015640258789,,,,,,
65,,102949,,,,0.26568496227264404,-9.846627235412598,,,
,,102999,,,278.98192405700684,,,,,
,,102999,,17.096757888793945,,,,,,
65,,102999,,,,0.26665210723876953,-9.938250541687012,,,
,,103049,,,285.31527519226074,,,,,
,,103049,,10.672330856323242,,,,,,
65,,103049,,,,0.2659420967102051,-9.733428955078125,,,
,,103099,,,279.2680263519287,,,,,
,,103099,,17.09771156311035,,,,,,
65,,103099,,,,0.26433658599853516,-9.794269561767578,,,
,,103149,,,279.19769287109375,,,,,
,,103149,,11.729955673217773,,,,,,
65,,103149,,,,0.2599039077758789,-9.767406463623047,,,
65,,103157,,,,,,-7.77661657333374,-7.805721282958984,-8.036152839660645
,,103158,558.0876326560974,,,,,,,
,0.0003,103158,,,,,,,,
,,103199,,,279.53529357910156,,,,,
,,103199,,17.217636108398438,,,,,,
66,,103199,,,,0.25458455085754395,-9.747118949890137,,,
,,103249,,,279.4625759124756,,,,,
,,103249,,11.154651641845703,,,,,,
66,,103249,,,,0.2626807689666748,-9.748639106750488,,,
,,103299,,,279.5062065124512,,,,,
,,103299,,17.28200912475586,,,,,,
66,,103299,,,,0.2567121982574463,-9.88668155670166,,,
,,103349,,,279.9561023712158,,,,,
,,103349,,10.764837265014648,,,,,,
66,,103349,,,,0.2604365348815918,-9.92585277557373,,,
,,103399,,,289.32809829711914,,,,,
,,103399,,17.148494720458984,,,,,,
66,,103399,,,,0.2601804733276367,-9.861820220947266,,,
,,103449,,,297.62840270996094,,,,,
,,103449,,3.5393238067626953,,,,,,
66,,103449,,,,0.26522064208984375,-9.730246543884277,,,
,,103499,,,289.39151763916016,,,,,
,,103499,,17.43459701538086,,,,,,
66,,103499,,,,0.27358198165893555,-9.715362548828125,,,
,,103549,,,279.3927192687988,,,,,
,,103549,,11.33584976196289,,,,,,
66,,103549,,,,0.26896023750305176,-9.691324234008789,,,
,,103599,,,280.3645133972168,,,,,
,,103599,,17.25292205810547,,,,,,
66,,103599,,,,0.2707027196884155,-9.74630069732666,,,
,,103649,,,279.37817573547363,,,,,
,,103649,,11.181831359863281,,,,,,
66,,103649,,,,0.26366543769836426,-9.834532737731934,,,
,,103699,,,280.8949947357178,,,,,
,,103699,,23.604869842529297,,,,,,
66,,103699,,,,0.26959681510925293,-9.743475914001465,,,
,,103749,,,279.27231788635254,,,,,
,,103749,,11.617898941040039,,,,,,
66,,103749,,,,0.265535831451416,-9.650404930114746,,,
,,103799,,,280.9019088745117,,,,,
,,103799,,17.446517944335938,,,,,,
66,,103799,,,,0.27120065689086914,-9.804924011230469,,,
,,103849,,,278.6059379577637,,,,,
,,103849,,11.566638946533203,,,,,,
66,,103849,,,,0.27017760276794434,-9.783635139465332,,,
,,103899,,,278.81526947021484,,,,,
,,103899,,17.42839813232422,,,,,,
66,,103899,,,,0.27020764350891113,-9.671185493469238,,,
,,103949,,,282.24730491638184,,,,,
,,103949,,10.108470916748047,,,,,,
66,,103949,,,,0.26140928268432617,-9.809931755065918,,,
,,103999,,,281.60595893859863,,,,,
,,103999,,25.557279586791992,,,,,,
66,,103999,,,,0.26477718353271484,-9.937655448913574,,,
,,104049,,,279.0718078613281,,,,,
,,104049,,11.708498001098633,,,,,,
66,,104049,,,,0.26616382598876953,-9.778264999389648,,,
,,104099,,,309.0338706970215,,,,,
,,104099,,18.342971801757812,,,,,,
66,,104099,,,,0.2755531072616577,-9.772600173950195,,,
,,104149,,,289.67785835266113,,,,,
,,104149,,10.690689086914062,,,,,,
66,,104149,,,,0.2729790210723877,-9.791252136230469,,,
,,104199,,,279.9243927001953,,,,,
,,104199,,17.1205997467041,,,,,,
66,,104199,,,,0.27054429054260254,-9.742409706115723,,,
,,104249,,,279.40845489501953,,,,,
,,104249,,11.073589324951172,,,,,,
66,,104249,,,,0.2732868194580078,-9.85177230834961,,,
,,104299,,,287.66822814941406,,,,,
,,104299,,17.390012741088867,,,,,,
66,,104299,,,,0.273038387298584,-9.761252403259277,,,
,,104349,,,278.80239486694336,,,,,
,,104349,,11.818408966064453,,,,,,
66,,104349,,,,0.2713613510131836,-9.7344331741333,,,
,,104399,,,279.5889377593994,,,,,
,,104399,,17.389297485351562,,,,,,
66,,104399,,,,0.26396679878234863,-9.709843635559082,,,
,,104449,,,279.2079448699951,,,,,
,,104449,,11.424779891967773,,,,,,
66,,104449,,,,0.25359010696411133,-10.022168159484863,,,
,,104499,,,278.8548469543457,,,,,
,,104499,,17.11249351501465,,,,,,
66,,104499,,,,0.26288723945617676,-9.859936714172363,,,
,,104549,,,279.6478271484375,,,,,
,,104549,,11.36159896850586,,,,,,
66,,104549,,,,0.2540261745452881,-9.910338401794434,,,
,,104599,,,287.7655029296875,,,,,
,,104599,,17.516374588012695,,,,,,
66,,104599,,,,0.263671875,-10.16732120513916,,,
,,104649,,,278.8851261138916,,,,,
,,104649,,11.208295822143555,,,,,,
66,,104649,,,,0.24756252765655518,-9.805391311645508,,,
,,104699,,,280.1382541656494,,,,,
,,104699,,17.292499542236328,,,,,,
66,,104699,,,,0.2621955871582031,-9.870783805847168,,,
66,,104720,,,,,,-7.775869369506836,-7.804568767547607,-8.044404983520508
,,104721,558.94007396698,,,,,,,
,0.0003,104721,,,,,,,,
,,104749,,,278.82981300354004,,,,,
,,104749,,11.286020278930664,,,,,,
67,,104749,,,,0.25458192825317383,-9.67078971862793,,,
,,104799,,,279.0703773498535,,,,,
,,104799,,25.568723678588867,,,,,,
67,,104799,,,,0.2574179172515869,-9.678361892700195,,,
,,104849,,,279.30164337158203,,,,,
,,104849,,11.310338973999023,,,,,,
67,,104849,,,,0.254380464553833,-9.816752433776855,,,
,,104899,,,294.3711280822754,,,,,
,,104899,,23.41151237487793,,,,,,
67,,104899,,,,0.2622849941253662,-9.953577995300293,,,
,,104949,,,279.1414260864258,,,,,
,,104949,,11.030912399291992,,,,,,
67,,104949,,,,0.25421142578125,-9.840841293334961,,,
,,104999,,,279.1635990142822,,,,,
,,104999,,17.181873321533203,,,,,,
67,,104999,,,,0.2520700693130493,-9.94573974609375,,,
,,105049,,,279.10709381103516,,,,,
,,105049,,14.187812805175781,,,,,,
67,,105049,,,,0.2567100524902344,-9.805990219116211,,,
,,105099,,,278.8991928100586,,,,,
,,105099,,17.147064208984375,,,,,,
67,,105099,,,,0.2503798007965088,-9.950197219848633,,,
,,105149,,,279.3161869049072,,,,,
,,105149,,11.321067810058594,,,,,,
67,,105149,,,,0.24592208862304688,-10.119275093078613,,,
,,105199,,,279.7210216522217,,,,,
,,105199,,17.351388931274414,,,,,,
67,,105199,,,,0.24996185302734375,-10.019828796386719,,,
,,105249,,,278.7296772003174,,,,,
,,105249,,11.19232177734375,,,,,,
67,,105249,,,,0.25287485122680664,-9.898236274719238,,,
,,105299,,,280.062198638916,,,,,
,,105299,,17.455339431762695,,,,,,
67,,105299,,,,0.26680052280426025,-10.042627334594727,,,
,,105349,,,279.50382232666016,,,,,
,,105349,,10.735273361206055,,,,,,
67,,105349,,,,0.26596808433532715,-9.836771965026855,,,
,,105399,,,280.45105934143066,,,,,
,,105399,,17.318010330200195,,,,,,
67,,105399,,,,0.25554323196411133,-9.867740631103516,,,
,,105449,,,290.03190994262695,,,,,
,,105449,,6.488800048828125,,,,,,
67,,105449,,,,0.2630879878997803,-9.935396194458008,,,
,,105499,,,289.62230682373047,,,,,
,,105499,,17.29559898376465,,,,,,
67,,105499,,,,0.2556273937225342,-9.870498657226562,,,
,,105549,,,279.30688858032227,,,,,
,,105549,,10.868549346923828,,,,,,
67,,105549,,,,0.2623898983001709,-9.950837135314941,,,
,,105599,,,278.9642810821533,,,,,
,,105599,,17.067432403564453,,,,,,
67,,105599,,,,0.2645763158798218,-9.976981163024902,,,
,,105649,,,280.2608013153076,,,,,
,,105649,,10.577678680419922,,,,,,
67,,105649,,,,0.25638413429260254,-10.010927200317383,,,
,,105699,,,279.53267097473145,,,,,
,,105699,,17.79031753540039,,,,,,
67,,105699,,,,0.25151050090789795,-9.902172088623047,,,
,,105749,,,279.4675827026367,,,,,
,,105749,,10.849952697753906,,,,,,
67,,105749,,,,0.2514519691467285,-9.976727485656738,,,
,,105799,,,278.99646759033203,,,,,
,,105799,,17.07315444946289,,,,,,
67,,105799,,,,0.2700667381286621,-9.786362648010254,,,
,,105849,,,279.88314628601074,,,,,
,,105849,,12.777566909790039,,,,,,
67,,105849,,,,0.2560751438140869,-9.904190063476562,,,
,,105899,,,278.72180938720703,,,,,
,,105899,,17.218828201293945,,,,,,
67,,105899,,,,0.25812768936157227,-9.81624984741211,,,
,,105949,,,279.4029712677002,,,,,
,,105949,,11.121749877929688,,,,,,
67,,105949,,,,0.2640995979309082,-9.691116333007812,,,
,,105999,,,279.970645904541,,,,,
,,105999,,17.29893684387207,,,,,,
67,,105999,,,,0.26047229766845703,-9.849079132080078,,,
,,106049,,,279.6814441680908,,,,,
,,106049,,11.258840560913086,,,,,,
67,,106049,,,,0.25954699516296387,-9.862184524536133,,,
,,106099,,,279.07848358154297,,,,,
,,106099,,17.17209815979004,,,,,,
67,,106099,,,,0.2547779083251953,-9.73963737487793,,,
,,106149,,,279.30164337158203,,,,,
,,106149,,11.116504669189453,,,,,,
67,,106149,,,,0.25567007064819336,-9.805977821350098,,,
,,106199,,,279.47330474853516,,,,,
,,106199,,16.988277435302734,,,,,,
67,,106199,,,,0.26123523712158203,-9.64267349243164,,,
,,106249,,,278.9726257324219,,,,,
,,106249,,11.403322219848633,,,,,,
67,,106249,,,,0.26776719093322754,-9.706731796264648,,,
67,,106283,,,,,,-7.77672815322876,-7.805842876434326,-8.038545608520508
,,106284,558.8310523033142,,,,,,,
,0.0003,106284,,,,,,,,
,,106299,,,278.5379886627197,,,,,
,,106299,,17.838239669799805,,,,,,
68,,106299,,,,0.2647438049316406,-9.791290283203125,,,
,,106349,,,299.8785972595215,,,,,
,,106349,,3.732919692993164,,,,,,
68,,106349,,,,0.2644367218017578,-9.726005554199219,,,
,,106399,,,285.5236530303955,,,,,
,,106399,,18.48888397216797,,,,,,
68,,106399,,,,0.26229429244995117,-9.662925720214844,,,
,,106449,,,279.2189121246338,,,,,
,,106449,,11.300802230834961,,,,,,
68,,106449,,,,0.2562676668167114,-9.916483879089355,,,
,,106499,,,279.3450355529785,,,,,
,,106499,,17.182588577270508,,,,,,
68,,106499,,,,0.25410139560699463,-9.896956443786621,,,
,,106549,,,279.06250953674316,,,,,
,,106549,,11.383295059204102,,,,,,
68,,106549,,,,0.2568938732147217,-9.771852493286133,,,
,,106599,,,278.8972854614258,,,,,
,,106599,,17.557859420776367,,,,,,
68,,106599,,,,0.2607419490814209,-9.74386978149414,,,
,,106649,,,307.4502944946289,,,,,
,,106649,,3.6203861236572266,,,,,,
68,,106649,,,,0.26365983486175537,-9.859606742858887,,,
,,106699,,,279.44493293762207,,,,,
,,106699,,17.38572120666504,,,,,,
68,,106699,,,,0.2571983337402344,-9.8007230758667,,,
,,106749,,,279.36506271362305,,,,,
,,106749,,11.478662490844727,,,,,,
68,,106749,,,,0.26438283920288086,-9.888741493225098,,,
,,106799,,,279.92916107177734,,,,,
,,106799,,17.60125160217285,,,,,,
68,,106799,,,,0.2630131244659424,-9.9483642578125,,,
,,106849,,,279.10685539245605,,,,,
,,106849,,11.789083480834961,,,,,,
68,,106849,,,,0.26355624198913574,-10.07000732421875,,,
,,106899,,,279.2553901672363,,,,,
,,106899,,17.279863357543945,,,,,,
68,,106899,,,,0.25815629959106445,-9.8853120803833,,,
,,106949,,,282.01985359191895,,,,,
,,106949,,10.122060775756836,,,,,,
68,,106949,,,,0.26766324043273926,-10.072599411010742,,,
,,106999,,,308.10022354125977,,,,,
,,106999,,18.304824829101562,,,,,,
68,,106999,,,,0.25945162773132324,-9.761581420898438,,,
,,107049,,,287.7979278564453,,,,,
,,107049,,11.193037033081055,,,,,,
68,,107049,,,,0.24514436721801758,-9.830780029296875,,,
,,107099,,,279.0834903717041,,,,,
,,107099,,25.852680206298828,,,,,,
68,,107099,,,,0.243058443069458,-10.02380084991455,,,
,,107149,,,279.296875,,,,,
,,107149,,11.148452758789062,,,,,,
68,,107149,,,,0.24242234230041504,-9.942415237426758,,,
,,107199,,,279.1712284088135,,,,,
,,107199,,17.63916015625,,,,,,
68,,107199,,,,0.2463209629058838,-9.888235092163086,,,
,,107249,,,289.1881465911865,,,,,
,,107249,,10.864734649658203,,,,,,
68,,107249,,,,0.2422351837158203,-9.931539535522461,,,
,,107299,,,279.97422218322754,,,,,
,,107299,,20.98822593688965,,,,,,
68,,107299,,,,0.2430419921875,-9.867587089538574,,,
,,107349,,,288.790225982666,,,,,
,,107349,,11.156320571899414,,,,,,
68,,107349,,,,0.24413824081420898,-9.953544616699219,,,
,,107399,,,279.35290336608887,,,,,
,,107399,,20.917892456054688,,,,,,
68,,107399,,,,0.2559976577758789,-9.912898063659668,,,
,,107449,,,289.95800018310547,,,,,
,,107449,,10.498285293579102,,,,,,
68,,107449,,,,0.2579178810119629,-9.791961669921875,,,
,,107499,,,279.53386306762695,,,,,
,,107499,,17.69733428955078,,,,,,
68,,107499,,,,0.25704026222229004,-9.847603797912598,,,
,,107549,,,287.32943534851074,,,,,
,,107549,,7.619142532348633,,,,,,
68,,107549,,,,0.2520022392272949,-10.169376373291016,,,
,,107599,,,279.4616222381592,,,,,
,,107599,,17.167329788208008,,,,,,
68,,107599,,,,0.24594569206237793,-10.105114936828613,,,
,,107649,,,279.3924808502197,,,,,
,,107649,,11.210441589355469,,,,,,
68,,107649,,,,0.22802329063415527,-9.989641189575195,,,
,,107699,,,289.3235683441162,,,,,
,,107699,,17.486572265625,,,,,,
68,,107699,,,,0.2462780475616455,-10.190770149230957,,,
,,107749,,,290.00234603881836,,,,,
,,107749,,11.806726455688477,,,,,,
68,,107749,,,,0.2534780502319336,-10.039746284484863,,,
,,107799,,,279.3548107147217,,,,,
,,107799,,17.426490783691406,,,,,,
68,,107799,,,,0.24428272247314453,-9.99964427947998,,,
68,,107846,,,,,,-7.776614189147949,-7.804928779602051,-8.039713859558105
,,107847,558.5698838233948,,,,,,,
,0.0003,107847,,,,,,,,
,,107849,,,289.2169952392578,,,,,
,,107849,,10.214090347290039,,,,,,
69,,107849,,,,0.24813175201416016,-9.995485305786133,,,
,,107899,,,278.75757217407227,,,,,
,,107899,,17.66204833984375,,,,,,
69,,107899,,,,0.2676846981048584,-10.024073600769043,,,
,,107949,,,279.2978286743164,,,,,
,,107949,,11.46245002746582,,,,,,
69,,107949,,,,0.2617762088775635,-9.836562156677246,,,
,,107999,,,279.4654369354248,,,,,
,,107999,,17.169952392578125,,,,,,
69,,107999,,,,0.2650991678237915,-9.853705406188965,,,
,,108049,,,279.7372341156006,,,,,
,,108049,,11.296272277832031,,,,,,
69,,108049,,,,0.2646298408508301,-9.661918640136719,,,
,,108099,,,279.6177864074707,,,,,
,,108099,,17.10820198059082,,,,,,
69,,108099,,,,0.25240087509155273,-10.154370307922363,,,
,,108149,,,281.25929832458496,,,,,
,,108149,,10.081768035888672,,,,,,
69,,108149,,,,0.254180908203125,-10.087719917297363,,,
,,108199,,,278.7666320800781,,,,,
,,108199,,16.98756217956543,,,,,,
69,,108199,,,,0.2507820129394531,-10.132534980773926,,,
,,108249,,,278.9952754974365,,,,,
,,108249,,11.222600936889648,,,,,,
69,,108249,,,,0.2503468990325928,-10.022745132446289,,,
,,108299,,,279.6468734741211,,,,,
,,108299,,17.376184463500977,,,,,,
69,,108299,,,,0.25836992263793945,-10.214296340942383,,,
,,108349,,,304.8746585845947,,,,,
,,108349,,3.4303665161132812,,,,,,
69,,108349,,,,0.26108527183532715,-9.936688423156738,,,
,,108399,,,287.48059272766113,,,,,
,,108399,,17.147541046142578,,,,,,
69,,108399,,,,0.2576284408569336,-10.102517127990723,,,
,,108449,,,279.083251953125,,,,,
,,108449,,11.56306266784668,,,,,,
69,,108449,,,,0.25676393508911133,-10.01902961730957,,,
,,108499,,,281.12244606018066,,,,,
,,108499,,17.258167266845703,,,,,,
69,,108499,,,,0.25515222549438477,-10.03174877166748,,,
,,108549,,,278.87439727783203,,,,,
,,108549,,11.456966400146484,,,,,,
69,,108549,,,,0.25306999683380127,-9.893604278564453,,,
,,108599,,,279.77681159973145,,,,,
,,108599,,17.22097396850586,,,,,,
69,,108599,,,,0.25890159606933594,-9.788299560546875,,,
,,108649,,,278.93543243408203,,,,,
,,108649,,11.476993560791016,,,,,,
69,,108649,,,,0.27056312561035156,-9.60933780670166,,,
,,108699,,,279.31976318359375,,,,,
,,108699,,26.5505313873291,,,,,,
69,,108699,,,,0.26377153396606445,-9.845911979675293,,,
,,108749,,,298.02989959716797,,,,,
,,108749,,8.100748062133789,,,,,,
69,,108749,,,,0.2627220153808594,-9.981420516967773,,,
,,108799,,,287.6265048980713,,,,,
,,108799,,17.21334457397461,,,,,,
69,,108799,,,,0.25966715812683105,-9.862537384033203,,,
,,108849,,,278.8698673248291,,,,,
,,108849,,11.199474334716797,,,,,,
69,,108849,,,,0.2513265609741211,-9.90718936920166,,,
,,108899,,,287.8730297088623,,,,,
,,108899,,17.069578170776367,,,,,,
69,,108899,,,,0.2609720230102539,-9.897043228149414,,,
,,108949,,,278.9740562438965,,,,,
,,108949,,11.370658874511719,,,,,,
69,,108949,,,,0.26412880420684814,-9.931245803833008,,,
,,108999,,,288.2392406463623,,,,,
,,108999,,17.287492752075195,,,,,,
69,,108999,,,,0.2717862129211426,-9.872620582580566,,,
,,109049,,,279.4179916381836,,,,,
,,109049,,11.05642318725586,,,,,,
69,,109049,,,,0.26306867599487305,-9.917799949645996,,,
,,109099,,,282.82999992370605,,,,,
,,109099,,21.81243896484375,,,,,,
69,,109099,,,,0.26953864097595215,-9.630425453186035,,,
,,109149,,,279.0811061859131,,,,,
,,109149,,11.520862579345703,,,,,,
69,,109149,,,,0.2674379348754883,-9.851058006286621,,,
,,109199,,,300.88281631469727,,,,,
,,109199,,19.49477195739746,,,,,,
69,,109199,,,,0.2635946273803711,-9.742015838623047,,,
,,109249,,,290.44222831726074,,,,,
,,109249,,5.92350959777832,,,,,,
69,,109249,,,,0.2713160514831543,-9.902587890625,,,
,,109299,,,284.5301628112793,,,,,
,,109299,,22.073984146118164,,,,,,
69,,109299,,,,0.27760088443756104,-9.620061874389648,,,
,,109349,,,280.1971435546875,,,,,
,,109349,,11.13128662109375,,,,,,
69,,109349,,,,0.2819333076477051,-9.751129150390625,,,
,,109399,,,279.5908451080322,,,,,
,,109399,,25.593280792236328,,,,,,
69,,109399,,,,0.2798333168029785,-9.61561107635498,,,
69,,109409,,,,,,-7.776271820068359,-7.805490493774414,-8.043994903564453
,,109410,558.4646832942963,,,,,,,
,0.0003,109410,,,,,,,,
,,109449,,,279.4222831726074,,,,,
,,109449,,11.504173278808594,,,,,,
70,,109449,,,,0.2857942581176758,-9.486684799194336,,,
,,109499,,,279.6957492828369,,,,,
,,109499,,17.432212829589844,,,,,,
70,,109499,,,,0.2939779758453369,-9.609689712524414,,,
,,109549,,,279.3850898742676,,,,,
,,109549,,11.263132095336914,,,,,,
70,,109549,,,,0.28886449337005615,-9.526556015014648,,,
,,109599,,,279.8783779144287,,,,,
,,109599,,17.447710037231445,,,,,,
70,,109599,,,,0.28906893730163574,-9.5410737991333,,,
,,109649,,,279.2491912841797,,,,,
,,109649,,11.50059700012207,,,,,,
70,,109649,,,,0.2760887145996094,-9.751078605651855,,,
,,109699,,,279.2396545410156,,,,,
,,109699,,17.088890075683594,,,,,,
70,,109699,,,,0.27073192596435547,-9.829936027526855,,,
,,109749,,,279.1135311126709,,,,,
,,109749,,11.040925979614258,,,,,,
70,,109749,,,,0.2780749797821045,-9.894640922546387,,,
,,109799,,,280.5664539337158,,,,,
,,109799,,17.2426700592041,,,,,,
70,,109799,,,,0.2834446430206299,-9.659351348876953,,,
,,109849,,,278.7926197052002,,,,,
,,109849,,11.425971984863281,,,,,,
70,,109849,,,,0.2802603244781494,-9.79905891418457,,,
,,109899,,,279.8314094543457,,,,,
,,109899,,17.846345901489258,,,,,,
70,,109899,,,,0.28449106216430664,-9.893142700195312,,,
,,109949,,,278.9766788482666,,,,,
,,109949,,11.52658462524414,,,,,,
70,,109949,,,,0.2799670696258545,-9.765169143676758,,,
,,109999,,,279.4034481048584,,,,,
,,109999,,17.164230346679688,,,,,,
70,,109999,,,,0.28940272331237793,-9.698060989379883,,,
,,110049,,,284.72375869750977,,,,,
,,110049,,10.378599166870117,,,,,,
70,,110049,,,,0.2889995574951172,-9.612072944641113,,,
,,110099,,,279.29234504699707,,,,,
,,110099,,17.19498634338379,,,,,,
70,,110099,,,,0.28422510623931885,-9.767117500305176,,,
,,110149,,,279.97803688049316,,,,,
,,110149,,10.599613189697266,,,,,,
70,,110149,,,,0.28607892990112305,-9.64836311340332,,,
,,110199,,,297.73449897766113,,,,,
,,110199,,19.214630126953125,,,,,,
70,,110199,,,,0.2786986827850342,-9.718880653381348,,,
,,110249,,,280.3769111633301,,,,,
,,110249,,10.74838638305664,,,,,,
70,,110249,,,,0.27488279342651367,-9.792616844177246,,,
,,110299,,,279.5977592468262,,,,,
,,110299,,17.302513122558594,,,,,,
70,,110299,,,,0.2766103744506836,-9.73373031616211,,,
,,110349,,,280.3668975830078,,,,,
,,110349,,12.569189071655273,,,,,,
70,,110349,,,,0.28197169303894043,-9.677648544311523,,,
,,110399,,,278.7966728210449,,,,,
,,110399,,17.088651657104492,,,,,,
70,,110399,,,,0.2743946313858032,-9.553401947021484,,,
,,110449,,,281.04233741760254,,,,,
,,110449,,9.868144989013672,,,,,,
70,,110449,,,,0.27179932594299316,-9.74344253540039,,,
,,110499,,,279.8318862915039,,,,,
,,110499,,17.126798629760742,,,,,,
70,,110499,,,,0.27364635467529297,-9.835211753845215,,,
,,110549,,,279.8185348510742,,,,,
,,110549,,11.632204055786133,,,,,,
70,,110549,,,,0.2565169334411621,-9.958120346069336,,,
,,110599,,,279.308557510376,,,,,
,,110599,,26.060819625854492,,,,,,
70,,110599,,,,0.26865220069885254,-9.832293510437012,,,
,,110649,,,279.18338775634766,,,,,
,,110649,,11.129140853881836,,,,,,
70,,110649,,,,0.2802243232727051,-9.674835205078125,,,
,,110699,,,285.7515811920166,,,,,
,,110699,,17.23337173461914,,,,,,
70,,110699,,,,0.26808667182922363,-9.796343803405762,,,
,,110749,,,288.4788513183594,,,,,
,,110749,,10.721921920776367,,,,,,
70,,110749,,,,0.26740550994873047,-9.805421829223633,,,
,,110799,,,279.2026996612549,,,,,
,,110799,,17.197608947753906,,,,,,
70,,110799,,,,0.2816178798675537,-9.634618759155273,,,
,,110849,,,288.942813873291,,,,,
,,110849,,3.3414363861083984,,,,,,
70,,110849,,,,0.2792600393295288,-9.765247344970703,,,
,,110899,,,282.137393951416,,,,,
,,110899,,17.36617088317871,,,,,,
70,,110899,,,,0.29599952697753906,-9.59401798248291,,,
,,110949,,,279.1705131530762,,,,,
,,110949,,11.206865310668945,,,,,,
70,,110949,,,,0.2907092571258545,-9.655717849731445,,,
70,,110972,,,,,,-7.775787353515625,-7.804250717163086,-8.033312797546387
,,110973,558.1663036346436,,,,,,,
,0.0003,110973,,,,,,,,
,,110999,,,278.94043922424316,,,,,
,,110999,,17.67277717590332,,,,,,
71,,110999,,,,0.29633355140686035,-9.601322174072266,,,
,,111049,,,279.4647216796875,,,,,
,,111049,,10.818004608154297,,,,,,
71,,111049,,,,0.28175950050354004,-9.583240509033203,,,
,,111099,,,287.2631549835205,,,,,
,,111099,,17.34471321105957,,,,,,
71,,111099,,,,0.28873109817504883,-9.449214935302734,,,
,,111149,,,287.52923011779785,,,,,
,,111149,,10.754823684692383,,,,,,
71,,111149,,,,0.2879972457885742,-9.459199905395508,,,
,,111199,,,279.1140079498291,,,,,
,,111199,,17.69566535949707,,,,,,
71,,111199,,,,0.2773613929748535,-9.564204216003418,,,
,,111249,,,281.1591625213623,,,,,
,,111249,,11.121511459350586,,,,,,
71,,111249,,,,0.2702140808105469,-9.81241226196289,,,
,,111299,,,279.3116569519043,,,,,
,,111299,,17.10796356201172,,,,,,
71,,111299,,,,0.2720097303390503,-9.670473098754883,,,
,,111349,,,279.5548439025879,,,,,
,,111349,,11.04283332824707,,,,,,
71,,111349,,,,0.27408742904663086,-9.71662712097168,,,
,,111399,,,279.04772758483887,,,,,
,,111399,,17.083406448364258,,,,,,
71,,111399,,,,0.2650127410888672,-9.667969703674316,,,
,,111449,,,279.2963981628418,,,,,
,,111449,,10.675907135009766,,,,,,
71,,111449,,,,0.2676830291748047,-9.795873641967773,,,
,,111499,,,279.65426445007324,,,,,
,,111499,,17.4102783203125,,,,,,
71,,111499,,,,0.2766566276550293,-9.669677734375,,,
,,111549,,,279.1576385498047,,,,,
,,111549,,11.135101318359375,,,,,,
71,,111549,,,,0.2657151222229004,-9.814627647399902,,,
,,111599,,,304.03637886047363,,,,,
,,111599,,18.322229385375977,,,,,,
71,,111599,,,,0.2678487300872803,-9.634074211120605,,,
,,111649,,,285.16316413879395,,,,,
,,111649,,10.986089706420898,,,,,,
71,,111649,,,,0.261913537979126,-9.700393676757812,,,
,,111699,,,279.60205078125,,,,,
,,111699,,17.351388931274414,,,,,,
71,,111699,,,,0.2636148929595947,-9.799067497253418,,,
,,111749,,,284.52420234680176,,,,,
,,111749,,6.007909774780273,,,,,,
71,,111749,,,,0.2651350498199463,-9.911962509155273,,,
,,111799,,,279.33645248413086,,,,,
,,111799,,17.71068572998047,,,,,,
71,,111799,,,,0.27063941955566406,-9.760079383850098,,,
,,111849,,,279.19578552246094,,,,,
,,111849,,11.095762252807617,,,,,,
71,,111849,,,,0.27015697956085205,-9.751432418823242,,,
,,111899,,,288.0101203918457,,,,,
,,111899,,17.120838165283203,,,,,,
71,,111899,,,,0.2552673816680908,-9.883499145507812,,,
,,111949,,,287.98699378967285,,,,,
,,111949,,10.84136962890625,,,,,,
71,,111949,,,,0.25647807121276855,-9.7969331741333,,,
,,111999,,,281.57830238342285,,,,,
,,111999,,17.18282699584961,,,,,,
71,,111999,,,,0.2588026523590088,-10.10106086730957,,,
,,112049,,,279.310941696167,,,,,
,,112049,,10.995626449584961,,,,,,
71,,112049,,,,0.2629518508911133,-9.759081840515137,,,
,,112099,,,281.60834312438965,,,,,
,,112099,,22.469758987426758,,,,,,
71,,112099,,,,0.2718137502670288,-9.905534744262695,,,
,,112149,,,279.4318199157715,,,,,
,,112149,,10.788440704345703,,,,,,
71,,112149,,,,0.26929187774658203,-9.855134963989258,,,
,,112199,,,289.43538665771484,,,,,
,,112199,,25.837421417236328,,,,,,
71,,112199,,,,0.2713043689727783,-9.92186164855957,,,
,,112249,,,278.87988090515137,,,,,
,,112249,,11.304140090942383,,,,,,
71,,112249,,,,0.28115081787109375,-10.030558586120605,,,
,,112299,,,281.7814350128174,,,,,
,,112299,,17.509937286376953,,,,,,
71,,112299,,,,0.27808094024658203,-9.648404121398926,,,
,,112349,,,279.5286178588867,,,,,
,,112349,,10.769844055175781,,,,,,
71,,112349,,,,0.28073596954345703,-9.752145767211914,,,
,,112399,,,280.045747756958,,,,,
,,112399,,17.17519760131836,,,,,,
71,,112399,,,,0.2830989360809326,-9.70684814453125,,,
,,112449,,,279.050350189209,,,,,
,,112449,,11.11292839050293,,,,,,
71,,112449,,,,0.27325010299682617,-9.747114181518555,,,
,,112499,,,278.9804935455322,,,,,
,,112499,,17.284870147705078,,,,,,
71,,112499,,,,0.2653348445892334,-9.643939971923828,,,
71,,112535,,,,,,-7.776014804840088,-7.804646968841553,-8.034198760986328
,,112536,558.3917088508606,,,,,,,
,0.0003,112536,,,,,,,,
,,112549,,,279.3145179748535,,,,,
,,112549,,11.502742767333984,,,,,,
72,,112549,,,,0.2688004970550537,-9.642339706420898,,,
,,112599,,,280.98177909851074,,,,,
,,112599,,17.71831512451172,,,,,,
72,,112599,,,,0.27118587493896484,-9.725752830505371,,,
,,112649,,,278.9318561553955,,,,,
,,112649,,11.728286743164062,,,,,,
72,,112649,,,,0.2660508155822754,-9.823853492736816,,,
,,112699,,,279.0224552154541,,,,,
,,112699,,17.28534698486328,,,,,,
72,,112699,,,,0.2652747631072998,-9.893438339233398,,,
,,112749,,,279.00171279907227,,,,,
,,112749,,11.394023895263672,,,,,,
72,,112749,,,,0.25777745246887207,-9.885696411132812,,,
,,112799,,,279.3097496032715,,,,,
,,112799,,17.152786254882812,,,,,,
72,,112799,,,,0.25855422019958496,-9.750139236450195,,,
,,112849,,,278.97071838378906,,,,,
,,112849,,11.629104614257812,,,,,,
72,,112849,,,,0.25105834007263184,-9.843710899353027,,,
,,112899,,,289.5970344543457,,,,,
,,112899,,17.157793045043945,,,,,,
72,,112899,,,,0.2614130973815918,-9.8135986328125,,,
,,112949,,,279.6657085418701,,,,,
,,112949,,11.190652847290039,,,,,,
72,,112949,,,,0.27030420303344727,-9.61801528930664,,,
,,112999,,,279.08873558044434,,,,,
,,112999,,17.27151870727539,,,,,,
72,,112999,,,,0.2656698226928711,-9.805601119995117,,,
,,113049,,,291.8069362640381,,,,,
,,113049,,5.570888519287109,,,,,,
72,,113049,,,,0.2562527656555176,-9.934124946594238,,,
,,113099,,,288.67483139038086,,,,,
,,113099,,17.874717712402344,,,,,,
72,,113099,,,,0.26865506172180176,-9.688565254211426,,,
,,113149,,,279.5448303222656,,,,,
,,113149,,11.252880096435547,,,,,,
72,,113149,,,,0.2564622163772583,-9.846597671508789,,,
,,113199,,,278.7594795227051,,,,,
,,113199,,17.173290252685547,,,,,,
72,,113199,,,,0.2634410858154297,-9.851056098937988,,,
,,113249,,,278.8963317871094,,,,,
,,113249,,11.425495147705078,,,,,,
72,,113249,,,,0.2596914768218994,-9.942679405212402,,,
,,113299,,,288.1965637207031,,,,,
,,113299,,17.283916473388672,,,,,,
72,,113299,,,,0.24970412254333496,-9.90549087524414,,,
,,113349,,,285.65192222595215,,,,,
,,113349,,11.393547058105469,,,,,,
72,,113349,,,,0.26086950302124023,-9.90583610534668,,,
,,113399,,,279.39391136169434,,,,,
,,113399,,17.113447189331055,,,,,,
72,,113399,,,,0.2540736198425293,-9.96362018585205,,,
,,113449,,,279.1454792022705,,,,,
,,113449,,11.17563247680664,,,,,,
72,,113449,,,,0.2511625289916992,-10.027153968811035,,,
,,113499,,,291.2135124206543,,,,,
,,113499,,17.366409301757812,,,,,,
72,,113499,,,,0.24522042274475098,-9.971696853637695,,,
,,113549,,,279.0961265563965,,,,,
,,113549,,14.094352722167969,,,,,,
72,,113549,,,,0.25083160400390625,-9.981879234313965,,,
,,113599,,,279.08897399902344,,,,,
,,113599,,17.374277114868164,,,,,,
72,,113599,,,,0.25795507431030273,-9.835306167602539,,,
,,113649,,,278.55992317199707,,,,,
,,113649,,11.677742004394531,,,,,,
72,,113649,,,,0.24529707431793213,-9.889188766479492,,,
,,113699,,,279.186487197876,,,,,
,,113699,,17.130136489868164,,,,,,
72,,113699,,,,0.24046993255615234,-9.825053215026855,,,
,,113749,,,278.7463665008545,,,,,
,,113749,,11.512994766235352,,,,,,
72,,113749,,,,0.24783968925476074,-9.961737632751465,,,
,,113799,,,279.0412902832031,,,,,
,,113799,,17.357826232910156,,,,,,
72,,113799,,,,0.24148964881896973,-9.930499076843262,,,
,,113849,,,279.56199645996094,,,,,
,,113849,,11.243581771850586,,,,,,
72,,113849,,,,0.24425888061523438,-9.97616195678711,,,
,,113899,,,281.6197872161865,,,,,
,,113899,,24.221181869506836,,,,,,
72,,113899,,,,0.24121618270874023,-9.874639511108398,,,
,,113949,,,279.4232368469238,,,,,
,,113949,,11.077404022216797,,,,,,
72,,113949,,,,0.2515139579772949,-9.6639986038208,,,
,,113999,,,327.3763656616211,,,,,
,,113999,,20.116806030273438,,,,,,
72,,113999,,,,0.2509040832519531,-10.027161598205566,,,
,,114049,,,279.18338775634766,,,,,
,,114049,,11.409759521484375,,,,,,
72,,114049,,,,0.24895191192626953,-10.017362594604492,,,
,,114099,,,278.58495712280273,,,,,
72,,114098,,,,,,-7.776172637939453,-7.804285049438477,-8.058748245239258
,,114099,558.4062416553497,,,,,,,
,0.0003,114099,,,,,,,,
,,114099,,,,,,,,
73,,114099,,,,0.24914097785949707,-9.896610260009766,,,
,,114149,,,278.8963317871094,,,,,
,,114149,,11.194467544555664,,,,,,
73,,114149,,,,0.2530479431152344,-9.924399375915527,,,
,,114199,,,279.16526794433594,,,,,
,,114199,,16.973018646240234,,,,,,
73,,114199,,,,0.25945258140563965,-9.889654159545898,,,
,,114249,,,279.65426445007324,,,,,
,,114249,,11.107683181762695,,,,,,
73,,114249,,,,0.2526818513870239,-9.909846305847168,,,
,,114299,,,282.93538093566895,,,,,
,,114299,,17.338275909423828,,,,,,
73,,114299,,,,0.2536203861236572,-9.837538719177246,,,
,,114349,,,279.19816970825195,,,,,
,,114349,,11.300802230834961,,,,,,
73,,114349,,,,0.2536759376525879,-9.811968803405762,,,
,,114399,,,279.12020683288574,,,,,
,,114399,,17.003774642944336,,,,,,
73,,114399,,,,0.24809026718139648,-10.045230865478516,,,
,,114449,,,280.29584884643555,,,,,
,,114449,,10.292291641235352,,,,,,
73,,114449,,,,0.25141334533691406,-9.918228149414062,,,
,,114499,,,278.46312522888184,,,,,
,,114499,,17.084121704101562,,,,,,
73,,114499,,,,0.24762535095214844,-9.924137115478516,,,
,,114549,,,280.25317192077637,,,,,
,,114549,,14.12510871887207,,,,,,
73,,114549,,,,0.25280165672302246,-9.938944816589355,,,
,,114599,,,279.02698516845703,,,,,
,,114599,,25.742530822753906,,,,,,
73,,114599,,,,0.25234103202819824,-10.011561393737793,,,
,,114649,,,279.87051010131836,,,,,
,,114649,,10.926008224487305,,,,,,
73,,114649,,,,0.2749059200286865,-9.680615425109863,,,
,,114699,,,280.8363437652588,,,,,
,,114699,,17.316102981567383,,,,,,
73,,114699,,,,0.2844271659851074,-9.678572654724121,,,
,,114749,,,279.5398235321045,,,,,
,,114749,,10.93602180480957,,,,,,
73,,114749,,,,0.26552534103393555,-9.917499542236328,,,
,,114799,,,279.6213626861572,,,,,
,,114799,,17.65751838684082,,,,,,
73,,114799,,,,0.2591567039489746,-9.868586540222168,,,
,,114849,,,278.9604663848877,,,,,
,,114849,,11.355876922607422,,,,,,
73,,114849,,,,0.26340818405151367,-9.936264038085938,,,
,,114899,,,278.9132595062256,,,,,
,,114899,,17.101764678955078,,,,,,
73,,114899,,,,0.25272154808044434,-9.968104362487793,,,
,,114949,,,288.06519508361816,,,,,
,,114949,,10.811567306518555,,,,,,
73,,114949,,,,0.2524372339248657,-9.963336944580078,,,
,,114999,,,285.89892387390137,,,,,
,,114999,,17.416954040527344,,,,,,
73,,114999,,,,0.2666027545928955,-9.96572208404541,,,
,,115049,,,282.73487091064453,,,,,
,,115049,,11.29007339477539,,,,,,
73,,115049,,,,0.2643829584121704,-9.917773246765137,,,
,,115099,,,276.9660949707031,,,,,
,,115099,,17.205476760864258,,,,,,
73,,115099,,,,0.2608296871185303,-9.714652061462402,,,
,,115149,,,278.28359603881836,,,,,
,,115149,,11.899232864379883,,,,,,
73,,115149,,,,0.256594181060791,-9.991325378417969,,,
,,115199,,,277.4636745452881,,,,,
,,115199,,17.17543601989746,,,,,,
73,,115199,,,,0.2582387924194336,-10.006338119506836,,,
,,115249,,,287.064790725708,,,,,
,,115249,,11.041641235351562,,,,,,
73,,115249,,,,0.2660634517669678,-9.9766263961792,,,
,,115299,,,276.98659896850586,,,,,
,,115299,,17.407894134521484,,,,,,
73,,115299,,,,0.2706732749938965,-9.857555389404297,,,
,,115349,,,276.22127532958984,,,,,
,,115349,,11.560916900634766,,,,,,
73,,115349,,,,0.26679158210754395,-9.680296897888184,,,
,,115399,,,277.4698734283447,,,,,
,,115399,,17.22860336303711,,,,,,
73,,115399,,,,0.2670481204986572,-9.685507774353027,,,
,,115449,,,284.6195697784424,,,,,
,,115449,,11.202335357666016,,,,,,
73,,115449,,,,0.26848721504211426,-9.726964950561523,,,
,,115499,,,276.72529220581055,,,,,
,,115499,,17.63296127319336,,,,,,
73,,115499,,,,0.2688133716583252,-9.819178581237793,,,
,,115549,,,278.4712314605713,,,,,
,,115549,,11.184930801391602,,,,,,
73,,115549,,,,0.27151989936828613,-9.828917503356934,,,
,,115599,,,277.2340774536133,,,,,
,,115599,,16.9830322265625,,,,,,
73,,115599,,,,0.26924657821655273,-9.796497344970703,,,
,,115649,,,276.8676280975342,,,,,
,,115649,,11.26241683959961,,,,,,
73,,115649,,,,0.2648264169692993,-9.857178688049316,,,
73,,115661,,,,,,-7.776461124420166,-7.805392742156982,-8.044098854064941
,,115662,556.715452671051,,,,,,,
,0.0003,115662,,,,,,,,
,,115699,,,277.3463726043701,,,,,
,,115699,,17.180204391479492,,,,,,
74,,115699,,,,0.2575058937072754,-9.8668212890625,,,
,,115749,,,285.6180667877197,,,,,
,,115749,,11.27481460571289,,,,,,
74,,115749,,,,0.2614659070968628,-10.058965682983398,,,
,,115799,,,288.88750076293945,,,,,
,,115799,,17.0285701751709,,,,,,
74,,115799,,,,0.26554012298583984,-9.821418762207031,,,
,,115849,,,277.01330184936523,,,,,
,,115849,,11.057376861572266,,,,,,
74,,115849,,,,0.26866865158081055,-9.898098945617676,,,
,,115899,,,279.0999412536621,,,,,
,,115899,,17.34161376953125,,,,,,
74,,115899,,,,0.26868104934692383,-9.804511070251465,,,
,,115949,,,276.75652503967285,,,,,
,,115949,,11.318206787109375,,,,,,
74,,115949,,,,0.25756192207336426,-10.030621528625488,,,
,,115999,,,277.02951431274414,,,,,
,,115999,,17.23504066467285,,,,,,
74,,115999,,,,0.2691681385040283,-9.887568473815918,,,
,,116049,,,277.2974967956543,,,,,
,,116049,,11.240005493164062,,,,,,
74,,116049,,,,0.280853271484375,-9.859368324279785,,,
,,116099,,,276.57604217529297,,,,,
,,116099,,17.049789428710938,,,,,,
74,,116099,,,,0.285524845123291,-9.82650089263916,,,
,,116149,,,279.90126609802246,,,,,
,,116149,,10.697126388549805,,,,,,
74,,116149,,,,0.28451502323150635,-9.764609336853027,,,
,,116199,,,277.91476249694824,,,,,
,,116199,,17.458438873291016,,,,,,
74,,116199,,,,0.2700061798095703,-9.734583854675293,,,
,,116249,,,276.83496475219727,,,,,
,,116249,,11.490345001220703,,,,,,
74,,116249,,,,0.26932525634765625,-10.099987983703613,,,
,,116299,,,277.7395248413086,,,,,
,,116299,,17.343521118164062,,,,,,
74,,116299,,,,0.27115678787231445,-9.887968063354492,,,
,,116349,,,277.33874320983887,,,,,
,,116349,,11.515140533447266,,,,,,
74,,116349,,,,0.26067590713500977,-9.926316261291504,,,
,,116399,,,280.43103218078613,,,,,
,,116399,,26.137351989746094,,,,,,
74,,116399,,,,0.26301538944244385,-9.990923881530762,,,
,,116449,,,283.83803367614746,,,,,
,,116449,,11.013031005859375,,,,,,
74,,116449,,,,0.269214391708374,-9.851452827453613,,,
,,116499,,,276.51309967041016,,,,,
,,116499,,17.836809158325195,,,,,,
74,,116499,,,,0.2661246061325073,-9.821901321411133,,,
,,116549,,,277.06265449523926,,,,,
,,116549,,11.638641357421875,,,,,,
74,,116549,,,,0.2617831230163574,-9.671923637390137,,,
,,116599,,,277.6374816894531,,,,,
,,116599,,17.380237579345703,,,,,,
74,,116599,,,,0.25853633880615234,-9.769865036010742,,,
,,116649,,,277.42838859558105,,,,,
,,116649,,10.664939880371094,,,,,,
74,,116649,,,,0.2654697895050049,-9.852987289428711,,,
,,116699,,,277.2798538208008,,,,,
,,116699,,17.347097396850586,,,,,,
74,,116699,,,,0.25707030296325684,-9.813942909240723,,,
,,116749,,,276.89504623413086,,,,,
,,116749,,11.546850204467773,,,,,,
74,,116749,,,,0.2568185329437256,-9.756403923034668,,,
,,116799,,,277.2550582885742,,,,,
,,116799,,17.123937606811523,,,,,,
74,,116799,,,,0.26018476486206055,-9.968785285949707,,,
,,116849,,,276.8828868865967,,,,,
,,116849,,11.626243591308594,,,,,,
74,,116849,,,,0.2682063579559326,-9.675357818603516,,,
,,116899,,,280.7130813598633,,,,,
,,116899,,17.540931701660156,,,,,,
74,,116899,,,,0.2740437984466553,-9.73920726776123,,,
,,116949,,,276.92413330078125,,,,,
,,116949,,11.616706848144531,,,,,,
74,,116949,,,,0.27416181564331055,-9.806073188781738,,,
,,116999,,,285.2344512939453,,,,,
,,116999,,17.214298248291016,,,,,,
74,,116999,,,,0.25339531898498535,-9.6512451171875,,,
,,117049,,,276.6265869140625,,,,,
,,117049,,11.444091796875,,,,,,
74,,117049,,,,0.2523531913757324,-9.910595893859863,,,
,,117099,,,276.5676975250244,,,,,
,,117099,,17.285823822021484,,,,,,
74,,117099,,,,0.2570533752441406,-9.827018737792969,,,
,,117149,,,277.3861885070801,,,,,
,,117149,,11.152982711791992,,,,,,
74,,117149,,,,0.2514374256134033,-9.946040153503418,,,
,,117199,,,277.22620964050293,,,,,
,,117199,,17.563819885253906,,,,,,
74,,117199,,,,0.25461292266845703,-9.83146858215332,,,
74,,117224,,,,,,-7.774910926818848,-7.801915645599365,-8.041394233703613
,,117225,554.9189918041229,,,,,,,
,0.0003,117225,,,,,,,,
,,117249,,,277.27770805358887,,,,,
,,117249,,11.384725570678711,,,,,,
75,,117249,,,,0.264742374420166,-9.885232925415039,,,
,,117299,,,287.77074813842773,,,,,
,,117299,,16.928672790527344,,,,,,
75,,117299,,,,0.256502628326416,-9.718977928161621,,,
,,117349,,,276.8442630767822,,,,,
,,117349,,11.37995719909668,,,,,,
75,,117349,,,,0.2515993118286133,-9.872441291809082,,,
,,117399,,,287.6889705657959,,,,,
,,117399,,20.677804946899414,,,,,,
75,,117399,,,,0.23178911209106445,-9.840554237365723,,,
,,117449,,,277.4696350097656,,,,,
,,117449,,10.652303695678711,,,,,,
75,,117449,,,,0.24135971069335938,-9.953804969787598,,,
,,117499,,,277.01830863952637,,,,,
,,117499,,16.937971115112305,,,,,,
75,,117499,,,,0.24602770805358887,-9.887503623962402,,,
,,117549,,,276.6871452331543,,,,,
,,117549,,11.383295059204102,,,,,,
75,,117549,,,,0.25896549224853516,-9.607904434204102,,,
,,117599,,,276.9746780395508,,,,,
,,117599,,17.052650451660156,,,,,,
75,,117599,,,,0.24593234062194824,-9.997963905334473,,,
,,117649,,,277.0726680755615,,,,,
,,117649,,11.293411254882812,,,,,,
75,,117649,,,,0.24844002723693848,-9.943902969360352,,,
,,117699,,,276.72362327575684,,,,,
,,117699,,17.0135498046875,,,,,,
75,,117699,,,,0.24300169944763184,-9.942136764526367,,,
,,117749,,,292.6502227783203,,,,,
,,117749,,8.316755294799805,,,,,,
75,,117749,,,,0.25429415702819824,-9.819268226623535,,,
,,117799,,,279.3560028076172,,,,,
,,117799,,23.113489151000977,,,,,,
75,,117799,,,,0.2533142566680908,-9.97461986541748,,,
,,117849,,,276.61824226379395,,,,,
,,117849,,11.378288269042969,,,,,,
75,,117849,,,,0.25802183151245117,-10.025235176086426,,,
,,117899,,,276.75676345825195,,,,,
,,117899,,17.190933227539062,,,,,,
75,,117899,,,,0.2555263042449951,-9.999771118164062,,,
,,117949,,,276.8988609313965,,,,,
,,117949,,11.24715805053711,,,,,,
75,,117949,,,,0.2594735622406006,-9.816105842590332,,,
,,117999,,,276.4277458190918,,,,,
,,117999,,17.162561416625977,,,,,,
75,,117999,,,,0.26677989959716797,-9.599013328552246,,,
,,118049,,,278.123140335083,,,,,
,,118049,,10.822534561157227,,,,,,
75,,118049,,,,0.2511124610900879,-9.818169593811035,,,
,,118099,,,276.6571044921875,,,,,
,,118099,,16.962289810180664,,,,,,
75,,118099,,,,0.25637686252593994,-9.988564491271973,,,
,,118149,,,276.66616439819336,,,,,
,,118149,,11.322736740112305,,,,,,
75,,118149,,,,0.2539513111114502,-9.88167953491211,,,
,,118199,,,276.4303684234619,,,,,
,,118199,,16.917943954467773,,,,,,
75,,118199,,,,0.2616913318634033,-9.807268142700195,,,
,,118249,,,285.68434715270996,,,,,
,,118249,,11.00301742553711,,,,,,
75,,118249,,,,0.26264286041259766,-10.069171905517578,,,
,,118299,,,286.2129211425781,,,,,
,,118299,,21.842002868652344,,,,,,
75,,118299,,,,0.26717257499694824,-9.73161792755127,,,
,,118349,,,277.18305587768555,,,,,
,,118349,,11.127710342407227,,,,,,
75,,118349,,,,0.259793758392334,-9.676558494567871,,,
,,118399,,,320.3446865081787,,,,,
,,118399,,16.999006271362305,,,,,,
75,,118399,,,,0.25673437118530273,-9.958202362060547,,,
,,118449,,,329.47492599487305,,,,,
,,118449,,3.038167953491211,,,,,,
75,,118449,,,,0.2648587226867676,-9.935683250427246,,,
,,118499,,,320.7995891571045,,,,,
,,118499,,17.200469970703125,,,,,,
75,,118499,,,,0.26953697204589844,-9.745317459106445,,,
,,118549,,,331.3620090484619,,,,,
,,118549,,3.0405521392822266,,,,,,
75,,118549,,,,0.2801499366760254,-9.75878620147705,,,
,,118599,,,320.6315040588379,,,,,
,,118599,,17.294883728027344,,,,,,
75,,118599,,,,0.271756649017334,-9.840601921081543,,,
,,118649,,,328.60875129699707,,,,,
,,118649,,3.029346466064453,,,,,,
75,,118649,,,,0.27193713188171387,-9.857146263122559,,,
,,118699,,,329.7302722930908,,,,,
,,118699,,17.27151870727539,,,,,,
75,,118699,,,,0.2650151252746582,-9.585808753967285,,,
,,118749,,,329.21361923217773,,,,,
,,118749,,3.026723861694336,,,,,,
75,,118749,,,,0.2598991394042969,-9.704723358154297,,,
75,,118787,,,,,,-7.776665687561035,-7.80509614944458,-8.024285316467285
,,118788,572.1854457855225,,,,,,,
,0.0003,118788,,,,,,,,
,,118799,,,321.77114486694336,,,,,
,,118799,,17.18282699584961,,,,,,
76,,118799,,,,0.27216362953186035,-9.52210521697998,,,
,,118849,,,347.2936153411865,,,,,
,,118849,,3.1697750091552734,,,,,,
76,,118849,,,,0.26764094829559326,-9.604724884033203,,,
,,118899,,,327.96692848205566,,,,,
,,118899,,17.09604263305664,,,,,,
76,,118899,,,,0.2687835693359375,-9.689231872558594,,,
,,118949,,,330.521821975708,,,,,
,,118949,,3.0450820922851562,,,,,,
76,,118949,,,,0.26389145851135254,-9.647714614868164,,,
,,118999,,,335.23058891296387,,,,,
,,118999,,17.11726188659668,,,,,,
76,,118999,,,,0.2587287425994873,-9.723381996154785,,,
,,119049,,,329.92053031921387,,,,,
,,119049,,3.038167953491211,,,,,,
76,,119049,,,,0.2622501850128174,-9.67991828918457,,,
,,119099,,,328.84931564331055,,,,,
,,119099,,16.88218116760254,,,,,,
76,,119099,,,,0.26760387420654297,-9.740403175354004,,,
,,119149,,,333.4217071533203,,,,,
,,119149,,7.979393005371094,,,,,,
76,,119149,,,,0.26091742515563965,-9.95013427734375,,,
,,119199,,,329.21338081359863,,,,,
,,119199,,17.085552215576172,,,,,,
76,,119199,,,,0.26087379455566406,-9.853548049926758,,,
,,119249,,,329.18453216552734,,,,,
,,119249,,3.0329227447509766,,,,,,
76,,119249,,,,0.2686784267425537,-9.811820030212402,,,
,,119299,,,330.21068572998047,,,,,
,,119299,,17.27914810180664,,,,,,
76,,119299,,,,0.2669403553009033,-9.88389778137207,,,
,,119349,,,328.9797306060791,,,,,
,,119349,,5.5599212646484375,,,,,,
76,,119349,,,,0.265500545501709,-9.795413970947266,,,
,,119399,,,321.796178817749,,,,,
,,119399,,17.107248306274414,,,,,,
76,,119399,,,,0.25468993186950684,-9.886635780334473,,,
,,119449,,,329.3581008911133,,,,,
,,119449,,3.040313720703125,,,,,,
76,,119449,,,,0.25142228603363037,-9.924538612365723,,,
,,119499,,,329.33759689331055,,,,,
,,119499,,17.28200912475586,,,,,,
76,,119499,,,,0.2544088363647461,-9.904783248901367,,,
,,119549,,,329.4944763183594,,,,,
,,119549,,3.0508041381835938,,,,,,
76,,119549,,,,0.2578427791595459,-9.952316284179688,,,
,,119599,,,321.50745391845703,,,,,
,,119599,,17.522811889648438,,,,,,
76,,119599,,,,0.2583496570587158,-10.0042724609375,,,
,,119649,,,331.3910961151123,,,,,
,,119649,,3.053426742553711,,,,,,
76,,119649,,,,0.26116132736206055,-9.812678337097168,,,
,,119699,,,329.69045639038086,,,,,
,,119699,,17.023086547851562,,,,,,
76,,119699,,,,0.26952624320983887,-9.666259765625,,,
,,119749,,,355.8526039123535,,,,,
,,119749,,3.8678646087646484,,,,,,
76,,119749,,,,0.2645137310028076,-9.728341102600098,,,
,,119799,,,321.43521308898926,,,,,
,,119799,,17.231225967407227,,,,,,
76,,119799,,,,0.27132201194763184,-9.542647361755371,,,
,,119849,,,328.8002014160156,,,,,
,,119849,,3.081083297729492,,,,,,
76,,119849,,,,0.26140832901000977,-9.846867561340332,,,
,,119899,,,329.70166206359863,,,,,
,,119899,,17.310142517089844,,,,,,
76,,119899,,,,0.2586326599121094,-9.961287498474121,,,
,,119949,,,330.2028179168701,,,,,
,,119949,,7.22050666809082,,,,,,
76,,119949,,,,0.2610357999801636,-9.780268669128418,,,
,,119999,,,338.41443061828613,,,,,
,,119999,,17.08054542541504,,,,,,
76,,119999,,,,0.2531297206878662,-9.878597259521484,,,
,,120049,,,330.08289337158203,,,,,
,,120049,,7.44938850402832,,,,,,
76,,120049,,,,0.25709009170532227,-9.816723823547363,,,
,,120099,,,333.251953125,,,,,
,,120099,,25.22134780883789,,,,,,
76,,120099,,,,0.26749300956726074,-9.560528755187988,,,
,,120149,,,320.59240341186523,,,,,
,,120149,,3.051280975341797,,,,,,
76,,120149,,,,0.26924705505371094,-9.549612045288086,,,
,,120199,,,326.03979110717773,,,,,
,,120199,,17.69852638244629,,,,,,
76,,120199,,,,0.27718162536621094,-9.665367126464844,,,
,,120249,,,321.1688995361328,,,,,
,,120249,,3.0138492584228516,,,,,,
76,,120249,,,,0.25797152519226074,-9.629866600036621,,,
,,120299,,,330.6090831756592,,,,,
,,120299,,25.903940200805664,,,,,,
76,,120299,,,,0.26511454582214355,-9.821090698242188,,,
,,120349,,,320.99080085754395,,,,,
,,120349,,3.0617713928222656,,,,,,
76,,120349,,,,0.2701854705810547,-9.690028190612793,,,
76,,120350,,,,,,-7.776067733764648,-7.803988456726074,-8.033624649047852
,,120351,620.5045077800751,,,,,,,
,0.0003,120351,,,,,,,,
,,120399,,,328.2275199890137,,,,,
,,120399,,17.513036727905273,,,,,,
77,,120399,,,,0.26666903495788574,-9.723556518554688,,,
,,120449,,,375.4849433898926,,,,,
,,120449,,8.41379165649414,,,,,,
77,,120449,,,,0.26493096351623535,-9.867270469665527,,,
,,120499,,,329.06484603881836,,,,,
,,120499,,25.96449851989746,,,,,,
77,,120499,,,,0.2689237594604492,-9.874847412109375,,,
,,120549,,,323.5485553741455,,,,,
,,120549,,3.107309341430664,,,,,,
77,,120549,,,,0.26309704780578613,-9.768619537353516,,,
,,120599,,,330.5480480194092,,,,,
,,120599,,25.21967887878418,,,,,,
77,,120599,,,,0.25852298736572266,-9.774953842163086,,,
,,120649,,,320.84059715270996,,,,,
,,120649,,3.0231475830078125,,,,,,
77,,120649,,,,0.25452113151550293,-9.766313552856445,,,
,,120699,,,320.7974433898926,,,,,
,,120699,,17.111778259277344,,,,,,
77,,120699,,,,0.24874472618103027,-10.094268798828125,,,
,,120749,,,323.32706451416016,,,,,
,,120749,,8.580684661865234,,,,,,
77,,120749,,,,0.25562310218811035,-9.833365440368652,,,
,,120799,,,333.18066596984863,,,,,
,,120799,,22.064924240112305,,,,,,
77,,120799,,,,0.2526416778564453,-9.954696655273438,,,
,,120849,,,331.14004135131836,,,,,
,,120849,,3.151416778564453,,,,,,
77,,120849,,,,0.250169038772583,-9.902929306030273,,,
,,120899,,,321.7768669128418,,,,,
,,120899,,17.0896053314209,,,,,,
77,,120899,,,,0.2517232894897461,-9.816057205200195,,,
,,120949,,,321.5515613555908,,,,,
,,120949,,3.029346466064453,,,,,,
77,,120949,,,,0.25491905212402344,-9.799173355102539,,,
,,120999,,,329.70142364501953,,,,,
,,120999,,17.606496810913086,,,,,,
77,,120999,,,,0.265411376953125,-9.663421630859375,,,
,,121049,,,321.15697860717773,,,,,
,,121049,,3.018617630004883,,,,,,
77,,121049,,,,0.2573535442352295,-9.836413383483887,,,
,,121099,,,329.7083377838135,,,,,
,,121099,,17.60125160217285,,,,,,
77,,121099,,,,0.2635073661804199,-9.813940048217773,,,
,,121149,,,329.7398090362549,,,,,
,,121149,,3.1228065490722656,,,,,,
77,,121149,,,,0.2609896659851074,-9.87064266204834,,,
,,121199,,,320.71852684020996,,,,,
,,121199,,17.121076583862305,,,,,,
77,,121199,,,,0.26823997497558594,-9.606634140014648,,,
,,121249,,,325.77967643737793,,,,,
,,121249,,2.9807090759277344,,,,,,
77,,121249,,,,0.26799941062927246,-9.779772758483887,,,
,,121299,,,355.729341506958,,,,,
,,121299,,18.42355728149414,,,,,,
77,,121299,,,,0.27242374420166016,-9.544717788696289,,,
,,121349,,,330.6009769439697,,,,,
,,121349,,2.989530563354492,,,,,,
77,,121349,,,,0.25664567947387695,-9.803953170776367,,,
,,121399,,,335.42895317077637,,,,,
,,121399,,22.197484970092773,,,,,,
77,,121399,,,,0.2607600688934326,-9.709169387817383,,,
,,121449,,,320.29199600219727,,,,,
,,121449,,3.0074119567871094,,,,,,
77,,121449,,,,0.2535954713821411,-9.874929428100586,,,
,,121499,,,276.1194705963135,,,,,
,,121499,,16.994237899780273,,,,,,
77,,121499,,,,0.2553682327270508,-9.995177268981934,,,
,,121549,,,275.37989616394043,,,,,
,,121549,,11.680126190185547,,,,,,
77,,121549,,,,0.2566945552825928,-9.928486824035645,,,
,,121599,,,275.49266815185547,,,,,
,,121599,,17.12203025817871,,,,,,
77,,121599,,,,0.26106786727905273,-9.912408828735352,,,
,,121649,,,275.38204193115234,,,,,
,,121649,,11.95836067199707,,,,,,
77,,121649,,,,0.25745725631713867,-9.889286041259766,,,
,,121699,,,283.2903861999512,,,,,
,,121699,,20.426034927368164,,,,,,
77,,121699,,,,0.26574230194091797,-9.842578887939453,,,
,,121749,,,277.83966064453125,,,,,
,,121749,,10.529756546020508,,,,,,
77,,121749,,,,0.2626204490661621,-9.746207237243652,,,
,,121799,,,275.41112899780273,,,,,
,,121799,,16.98923110961914,,,,,,
77,,121799,,,,0.2630164623260498,-9.947542190551758,,,
,,121849,,,284.50751304626465,,,,,
,,121849,,11.852264404296875,,,,,,
77,,121849,,,,0.25086140632629395,-9.90758228302002,,,
,,121899,,,286.34095191955566,,,,,
,,121899,,22.463321685791016,,,,,,
77,,121899,,,,0.24899029731750488,-9.920011520385742,,,
77,,121913,,,,,,-7.775223255157471,-7.802068710327148,-8.038911819458008
,,121914,601.5618751049042,,,,,,,
,0.0003,121914,,,,,,,,
,,121949,,,276.8135070800781,,,,,
,,121949,,11.895895004272461,,,,,,
78,,121949,,,,0.2640254497528076,-9.897481918334961,,,
,,121999,,,275.10738372802734,,,,,
,,121999,,16.936779022216797,,,,,,
78,,121999,,,,0.26181650161743164,-9.753755569458008,,,
,,122049,,,275.2535343170166,,,,,
,,122049,,12.664556503295898,,,,,,
78,,122049,,,,0.2645401954650879,-9.751078605651855,,,
,,122099,,,275.44355392456055,,,,,
,,122099,,17.087697982788086,,,,,,
78,,122099,,,,0.26044225692749023,-9.86977481842041,,,
,,122149,,,275.53343772888184,,,,,
,,122149,,12.194156646728516,,,,,,
78,,122149,,,,0.25911998748779297,-9.745595932006836,,,
,,122199,,,292.91820526123047,,,,,
,,122199,,18.35489273071289,,,,,,
78,,122199,,,,0.2547574043273926,-9.620183944702148,,,
,,122249,,,276.18980407714844,,,,,
,,122249,,11.832237243652344,,,,,,
78,,122249,,,,0.2538788318634033,-9.980655670166016,,,
,,122299,,,275.3305435180664,,,,,
,,122299,,17.014026641845703,,,,,,
78,,122299,,,,0.2512321472167969,-9.83627986907959,,,
,,122349,,,276.64971351623535,,,,,
,,122349,,11.683940887451172,,,,,,
78,,122349,,,,0.24170255661010742,-9.87785530090332,,,
,,122399,,,275.3026485443115,,,,,
,,122399,,16.995668411254883,,,,,,
78,,122399,,,,0.2533283233642578,-9.919282913208008,,,
,,122449,,,275.64120292663574,,,,,
,,122449,,12.271404266357422,,,,,,
78,,122449,,,,0.2611386775970459,-9.712236404418945,,,
,,122499,,,284.35564041137695,,,,,
,,122499,,17.131567001342773,,,,,,
78,,122499,,,,0.2652742862701416,-9.464215278625488,,,
,,122549,,,286.7012023925781,,,,,
,,122549,,11.532783508300781,,,,,,
78,,122549,,,,0.25727152824401855,-9.816823959350586,,,
,,122599,,,275.209903717041,,,,,
,,122599,,25.96426010131836,,,,,,
78,,122599,,,,0.25758957862854004,-9.854849815368652,,,
,,122649,,,274.9929428100586,,,,,
,,122649,,12.589216232299805,,,,,,
78,,122649,,,,0.23945379257202148,-9.861903190612793,,,
,,122699,,,275.36964416503906,,,,,
,,122699,,17.118215560913086,,,,,,
78,,122699,,,,0.24860572814941406,-9.840262413024902,,,
,,122749,,,285.7942581176758,,,,,
,,122749,,11.040210723876953,,,,,,
78,,122749,,,,0.2568211555480957,-9.867409706115723,,,
,,122799,,,294.4154739379883,,,,,
,,122799,,18.315553665161133,,,,,,
78,,122799,,,,0.2623169422149658,-9.817975997924805,,,
,,122849,,,276.5836715698242,,,,,
,,122849,,11.802911758422852,,,,,,
78,,122849,,,,0.2633087635040283,-9.719876289367676,,,
,,122899,,,284.3945026397705,,,,,
,,122899,,16.997575759887695,,,,,,
78,,122899,,,,0.2795363664627075,-9.616238594055176,,,
,,122949,,,276.20863914489746,,,,,
,,122949,,11.863470077514648,,,,,,
78,,122949,,,,0.27297329902648926,-9.642776489257812,,,
,,122999,,,276.1857509613037,,,,,
,,122999,,17.096519470214844,,,,,,
78,,122999,,,,0.26775455474853516,-9.839523315429688,,,
,,123049,,,275.2246856689453,,,,,
,,123049,,12.801408767700195,,,,,,
78,,123049,,,,0.260697603225708,-9.964221000671387,,,
,,123099,,,275.5095958709717,,,,,
,,123099,,17.094850540161133,,,,,,
78,,123099,,,,0.2732590436935425,-9.674450874328613,,,
,,123149,,,276.29876136779785,,,,,
,,123149,,11.522531509399414,,,,,,
78,,123149,,,,0.28215694427490234,-9.598786354064941,,,
,,123199,,,275.6164073944092,,,,,
,,123199,,17.67730712890625,,,,,,
78,,123199,,,,0.27745890617370605,-9.85487174987793,,,
,,123249,,,275.6390571594238,,,,,
,,123249,,12.420177459716797,,,,,,
78,,123249,,,,0.27245450019836426,-9.631864547729492,,,
,,123299,,,277.53734588623047,,,,,
,,123299,,24.350643157958984,,,,,,
78,,123299,,,,0.2789881229400635,-9.675061225891113,,,
,,123349,,,275.67172050476074,,,,,
,,123349,,12.289762496948242,,,,,,
78,,123349,,,,0.27180027961730957,-9.575544357299805,,,
,,123399,,,284.4882011413574,,,,,
,,123399,,17.066001892089844,,,,,,
78,,123399,,,,0.2741374969482422,-9.592308044433594,,,
,,123449,,,275.18272399902344,,,,,
,,123449,,12.825250625610352,,,,,,
78,,123449,,,,0.27596354484558105,-9.68943977355957,,,
78,,123476,,,,,,-7.776303768157959,-7.803835391998291,-8.029250144958496
,,123477,554.2676112651825,,,,,,,
,0.0003,123477,,,,,,,,
,,123499,,,276.4742374420166,,,,,
,,123499,,17.620325088500977,,,,,,
79,,123499,,,,0.278017520904541,-9.620323181152344,,,
,,123549,,,279.56557273864746,,,,,
,,123549,,8.850812911987305,,,,,,
79,,123549,,,,0.27765917778015137,-9.517230987548828,,,
,,123599,,,278.61571311950684,,,,,
,,123599,,22.21083641052246,,,,,,
79,,123599,,,,0.27452683448791504,-9.801220893859863,,,
,,123649,,,275.3124237060547,,,,,
,,123649,,12.68315315246582,,,,,,
79,,123649,,,,0.2873415946960449,-9.556313514709473,,,
,,123699,,,275.54798126220703,,,,,
,,123699,,16.9980525970459,,,,,,
79,,123699,,,,0.27928340435028076,-9.692339897155762,,,
,,123749,,,275.23016929626465,,,,,
,,123749,,12.58087158203125,,,,,,
79,,123749,,,,0.28474855422973633,-9.636981010437012,,,
,,123799,,,274.9807834625244,,,,,
,,123799,,17.087221145629883,,,,,,
79,,123799,,,,0.2879960536956787,-9.434693336486816,,,
,,123849,,,277.5614261627197,,,,,
,,123849,,11.882781982421875,,,,,,
79,,123849,,,,0.28897857666015625,-9.732316970825195,,,
,,123899,,,275.68769454956055,,,,,
,,123899,,16.881942749023438,,,,,,
79,,123899,,,,0.27678442001342773,-9.601991653442383,,,
,,123949,,,276.2792110443115,,,,,
,,123949,,11.780977249145508,,,,,,
79,,123949,,,,0.2794003486633301,-9.609580993652344,,,
,,123999,,,284.2891216278076,,,,,
,,123999,,17.695903778076172,,,,,,
79,,123999,,,,0.27079498767852783,-9.571032524108887,,,
,,124049,,,275.00343322753906,,,,,
,,124049,,12.62521743774414,,,,,,
79,,124049,,,,0.27295422554016113,-9.82398509979248,,,
,,124099,,,274.921178817749,,,,,
,,124099,,17.267704010009766,,,,,,
79,,124099,,,,0.2666971683502197,-9.604045867919922,,,
,,124149,,,275.2659320831299,,,,,
,,124149,,12.370109558105469,,,,,,
79,,124149,,,,0.2607388496398926,-9.8054780960083,,,
,,124199,,,275.3872871398926,,,,,
,,124199,,16.99042320251465,,,,,,
79,,124199,,,,0.25657808780670166,-9.605616569519043,,,
,,124249,,,275.79283714294434,,,,,
,,124249,,12.06207275390625,,,,,,
79,,124249,,,,0.25747668743133545,-9.822575569152832,,,
,,124299,,,275.493860244751,,,,,
,,124299,,16.9374942779541,,,,,,
79,,124299,,,,0.2561657428741455,-9.554757118225098,,,
,,124349,,,275.1598358154297,,,,,
,,124349,,12.372493743896484,,,,,,
79,,124349,,,,0.2660614252090454,-9.696080207824707,,,
,,124399,,,284.64221954345703,,,,,
,,124399,,17.472267150878906,,,,,,
79,,124399,,,,0.2655906677246094,-9.532599449157715,,,
,,124449,,,275.2964496612549,,,,,
,,124449,,12.39013671875,,,,,,
79,,124449,,,,0.27197885513305664,-9.588058471679688,,,
,,124499,,,274.8908996582031,,,,,
,,124499,,16.97397232055664,,,,,,
79,,124499,,,,0.2743384838104248,-9.638883590698242,,,
,,124549,,,275.0222682952881,,,,,
,,124549,,12.376070022583008,,,,,,
79,,124549,,,,0.27159857749938965,-9.740687370300293,,,
,,124599,,,274.9183177947998,,,,,
,,124599,,17.53377914428711,,,,,,
79,,124599,,,,0.279630184173584,-9.772128105163574,,,
,,124649,,,275.59852600097656,,,,,
,,124649,,12.119293212890625,,,,,,
79,,124649,,,,0.2785642147064209,-9.6023530960083,,,
,,124699,,,275.1481533050537,,,,,
,,124699,,17.343759536743164,,,,,,
79,,124699,,,,0.2727668285369873,-9.747912406921387,,,
,,124749,,,275.3584384918213,,,,,
,,124749,,12.470722198486328,,,,,,
79,,124749,,,,0.25180554389953613,-9.886454582214355,,,
,,124799,,,275.3899097442627,,,,,
,,124799,,16.977787017822266,,,,,,
79,,124799,,,,0.2539205551147461,-9.851837158203125,,,
,,124849,,,275.6497859954834,,,,,
,,124849,,12.485027313232422,,,,,,
79,,124849,,,,0.2618286609649658,-9.892492294311523,,,
,,124899,,,278.3651351928711,,,,,
,,124899,,24.22046661376953,,,,,,
79,,124899,,,,0.2602524757385254,-9.770453453063965,,,
,,124949,,,275.3763198852539,,,,,
,,124949,,12.151956558227539,,,,,,
79,,124949,,,,0.26594090461730957,-9.708099365234375,,,
,,124999,,,275.30765533447266,,,,,
,,124999,,17.301082611083984,,,,,,
79,,124999,,,,0.2649993896484375,-9.663907051086426,,,
79,,125039,,,,,,-7.775903701782227,-7.804509162902832,-8.034629821777344
,,125040,553.6207296848297,,,,,,,
,0.0003,125040,,,,,,,,
,,125049,,,283.24151039123535,,,,,
,,125049,,12.598991394042969,,,,,,
80,,125049,,,,0.2633533477783203,-9.83473014831543,,,
,,125099,,,276.1650085449219,,,,,
,,125099,,16.938209533691406,,,,,,
80,,125099,,,,0.25946474075317383,-9.469666481018066,,,
,,125149,,,275.76613426208496,,,,,
,,125149,,12.117385864257812,,,,,,
80,,125149,,,,0.2672252655029297,-9.719035148620605,,,
,,125199,,,278.4097194671631,,,,,
,,125199,,22.508621215820312,,,,,,
80,,125199,,,,0.2689821720123291,-9.509858131408691,,,
,,125249,,,293.6134338378906,,,,,
,,125249,,4.944801330566406,,,,,,
80,,125249,,,,0.27392029762268066,-9.51832103729248,,,
,,125299,,,275.6650447845459,,,,,
,,125299,,18.14579963684082,,,,,,
80,,125299,,,,0.2787342071533203,-9.725327491760254,,,
,,125349,,,275.90274810791016,,,,,
,,125349,,12.162446975708008,,,,,,
80,,125349,,,,0.2826113700866699,-9.727389335632324,,,
,,125399,,,275.65813064575195,,,,,
,,125399,,17.209291458129883,,,,,,
80,,125399,,,,0.2750837802886963,-9.81478214263916,,,
,,125449,,,275.146484375,,,,,
,,125449,,12.389421463012695,,,,,,
80,,125449,,,,0.27699756622314453,-9.698566436767578,,,
,,125499,,,285.57682037353516,,,,,
,,125499,,17.398834228515625,,,,,,
80,,125499,,,,0.27657103538513184,-9.790338516235352,,,
,,125549,,,275.2852439880371,,,,,
,,125549,,12.46190071105957,,,,,,
80,,125549,,,,0.27204418182373047,-9.827207565307617,,,
,,125599,,,275.09307861328125,,,,,
,,125599,,17.05455780029297,,,,,,
80,,125599,,,,0.27480530738830566,-9.546076774597168,,,
,,125649,,,275.1798629760742,,,,,
,,125649,,14.272451400756836,,,,,,
80,,125649,,,,0.26972389221191406,-9.701347351074219,,,
,,125699,,,275.5882740020752,,,,,
,,125699,,17.035961151123047,,,,,,
80,,125699,,,,0.2697429656982422,-9.6054048538208,,,
,,125749,,,275.3162384033203,,,,,
,,125749,,12.712478637695312,,,,,,
80,,125749,,,,0.2681005001068115,-9.659383773803711,,,
,,125799,,,275.8808135986328,,,,,
,,125799,,17.15874671936035,,,,,,
80,,125799,,,,0.26208996772766113,-9.761802673339844,,,
,,125849,,,275.44569969177246,,,,,
,,125849,,11.823415756225586,,,,,,
80,,125849,,,,0.2658470869064331,-9.699780464172363,,,
,,125899,,,282.53746032714844,,,,,
,,125899,,17.215967178344727,,,,,,
80,,125899,,,,0.26626062393188477,-9.658468246459961,,,
,,125949,,,278.62548828125,,,,,
,,125949,,12.285470962524414,,,,,,
80,,125949,,,,0.2736130952835083,-9.722517967224121,,,
,,125999,,,275.1641273498535,,,,,
,,125999,,17.046689987182617,,,,,,
80,,125999,,,,0.2668111324310303,-9.691084861755371,,,
,,126049,,,275.74706077575684,,,,,
,,126049,,12.327432632446289,,,,,,
80,,126049,,,,0.2626371383666992,-9.693939208984375,,,
,,126099,,,283.7238311767578,,,,,
,,126099,,17.074108123779297,,,,,,
80,,126099,,,,0.2636021375656128,-9.850133895874023,,,
,,126149,,,275.8970260620117,,,,,
,,126149,,12.439489364624023,,,,,,
80,,126149,,,,0.26146507263183594,-10.009161949157715,,,
,,126199,,,276.00717544555664,,,,,
,,126199,,17.236709594726562,,,,,,
80,,126199,,,,0.2549018859863281,-9.866336822509766,,,
,,126249,,,275.45642852783203,,,,,
,,126249,,12.314319610595703,,,,,,
80,,126249,,,,0.24993538856506348,-10.03182601928711,,,
,,126299,,,275.41136741638184,,,,,
,,126299,,17.277956008911133,,,,,,
80,,126299,,,,0.25202226638793945,-9.743673324584961,,,
,,126349,,,304.6576976776123,,,,,
,,126349,,3.929615020751953,,,,,,
80,,126349,,,,0.26476144790649414,-9.713648796081543,,,
,,126399,,,284.2233180999756,,,,,
,,126399,,17.06528663635254,,,,,,
80,,126399,,,,0.2652956247329712,-9.881521224975586,,,
,,126449,,,275.8173942565918,,,,,
,,126449,,12.209892272949219,,,,,,
80,,126449,,,,0.26450932025909424,-9.837199211120605,,,
,,126499,,,284.65723991394043,,,,,
,,126499,,17.084121704101562,,,,,,
80,,126499,,,,0.26370954513549805,-9.799860000610352,,,
,,126549,,,274.8699188232422,,,,,
,,126549,,13.011693954467773,,,,,,
80,,126549,,,,0.2656135559082031,-9.582719802856445,,,
,,126599,,,292.15097427368164,,,,,
,,126599,,17.68183708190918,,,,,,
80,,126599,,,,0.25156450271606445,-9.848883628845215,,,
80,,126602,,,,,,-7.7747673988342285,-7.801618576049805,-8.038026809692383
,,126603,554.7144384384155,,,,,,,
,0.0003,126603,,,,,,,,
,,126649,,,277.8937816619873,,,,,
,,126649,,12.282609939575195,,,,,,
81,,126649,,,,0.2518031597137451,-9.794029235839844,,,
,,126699,,,277.79579162597656,,,,,
,,126699,,17.220497131347656,,,,,,
81,,126699,,,,0.2409987449645996,-9.792431831359863,,,
,,126749,,,286.44728660583496,,,,,
,,126749,,12.446403503417969,,,,,,
81,,126749,,,,0.24744653701782227,-9.873734474182129,,,
,,126799,,,285.9184741973877,,,,,
,,126799,,18.25261116027832,,,,,,
81,,126799,,,,0.24837565422058105,-9.709723472595215,,,
,,126849,,,278.2940864562988,,,,,
,,126849,,12.392520904541016,,,,,,
81,,126849,,,,0.25196051597595215,-9.96806526184082,,,
,,126899,,,310.4217052459717,,,,,
,,126899,,26.640653610229492,,,,,,
81,,126899,,,,0.2390437126159668,-9.968484878540039,,,
,,126949,,,278.1195640563965,,,,,
,,126949,,12.584686279296875,,,,,,
81,,126949,,,,0.24273264408111572,-10.04146671295166,,,
,,126999,,,282.6094627380371,,,,,
,,126999,,17.137527465820312,,,,,,
81,,126999,,,,0.2514171600341797,-10.075200080871582,,,
,,127049,,,279.97732162475586,,,,,
,,127049,,12.455940246582031,,,,,,
81,,127049,,,,0.25192713737487793,-9.860248565673828,,,
,,127099,,,278.3548831939697,,,,,
,,127099,,17.238616943359375,,,,,,
81,,127099,,,,0.25241661071777344,-10.254094123840332,,,
,,127149,,,289.0501022338867,,,,,
,,127149,,10.248899459838867,,,,,,
81,,127149,,,,0.2588040828704834,-10.196294784545898,,,
,,127199,,,277.5866985321045,,,,,
,,127199,,17.598867416381836,,,,,,
81,,127199,,,,0.26079535484313965,-9.701602935791016,,,
,,127249,,,279.46949005126953,,,,,
,,127249,,13.775110244750977,,,,,,
81,,127249,,,,0.25940418243408203,-9.847151756286621,,,
,,127299,,,286.72003746032715,,,,,
,,127299,,25.854110717773438,,,,,,
81,,127299,,,,0.25829648971557617,-9.843668937683105,,,
,,127349,,,277.26244926452637,,,,,
,,127349,,12.583494186401367,,,,,,
81,,127349,,,,0.25275731086730957,-10.108695030212402,,,
,,127399,,,278.0041694641113,,,,,
,,127399,,17.08507537841797,,,,,,
81,,127399,,,,0.2540750503540039,-9.97574234008789,,,
,,127449,,,285.9361171722412,,,,,
,,127449,,12.06660270690918,,,,,,
81,,127449,,,,0.24850988388061523,-9.744617462158203,,,
,,127499,,,278.15794944763184,,,,,
,,127499,,17.491579055786133,,,,,,
81,,127499,,,,0.2558324337005615,-9.914329528808594,,,
,,127549,,,286.7872714996338,,,,,
,,127549,,11.958122253417969,,,,,,
81,,127549,,,,0.25798988342285156,-9.765607833862305,,,
,,127599,,,282.8505039215088,,,,,
,,127599,,17.868995666503906,,,,,,
81,,127599,,,,0.25974583625793457,-9.461216926574707,,,
,,127649,,,277.998685836792,,,,,
,,127649,,12.073993682861328,,,,,,
81,,127649,,,,0.2603158950805664,-9.87796688079834,,,
,,127699,,,278.20420265197754,,,,,
,,127699,,17.202138900756836,,,,,,
81,,127699,,,,0.26673078536987305,-9.619921684265137,,,
,,127749,,,289.40534591674805,,,,,
,,127749,,12.165546417236328,,,,,,
81,,127749,,,,0.2565433979034424,-9.650394439697266,,,
,,127799,,,278.06830406188965,,,,,
,,127799,,17.77362823486328,,,,,,
81,,127799,,,,0.24262261390686035,-10.003595352172852,,,
,,127849,,,277.8348922729492,,,,,
,,127849,,12.230396270751953,,,,,,
81,,127849,,,,0.24755454063415527,-9.935583114624023,,,
,,127899,,,280.60436248779297,,,,,
,,127899,,23.513317108154297,,,,,,
81,,127899,,,,0.26450884342193604,-9.861699104309082,,,
,,127949,,,286.0846519470215,,,,,
,,127949,,12.322425842285156,,,,,,
81,,127949,,,,0.2641448974609375,-9.797381401062012,,,
,,127999,,,278.4922122955322,,,,,
,,127999,,17.977476119995117,,,,,,
81,,127999,,,,0.2539818286895752,-9.726834297180176,,,
,,128049,,,278.1982421875,,,,,
,,128049,,11.987686157226562,,,,,,
81,,128049,,,,0.2523343563079834,-9.99072551727295,,,
,,128099,,,278.14364433288574,,,,,
,,128099,,17.765283584594727,,,,,,
81,,128099,,,,0.24389886856079102,-9.901848793029785,,,
,,128149,,,277.6525020599365,,,,,
,,128149,,12.534141540527344,,,,,,
81,,128149,,,,0.24136996269226074,-9.753640174865723,,,
81,,128165,,,,,,-7.77627420425415,-7.805379867553711,-8.043904304504395
,,128166,559.1582217216492,,,,,,,
,0.0003,128166,,,,,,,,
,,128199,,,296.0333824157715,,,,,
,,128199,,17.129898071289062,,,,,,
82,,128199,,,,0.23629283905029297,-9.91661262512207,,,
,,128249,,,279.58130836486816,,,,,
,,128249,,11.341333389282227,,,,,,
82,,128249,,,,0.24118328094482422,-9.766016960144043,,,
,,128299,,,279.91557121276855,,,,,
,,128299,,22.642135620117188,,,,,,
82,,128299,,,,0.25210046768188477,-9.81057357788086,,,
,,128349,,,277.271032333374,,,,,
,,128349,,12.81285285949707,,,,,,
82,,128349,,,,0.25585436820983887,-9.77113151550293,,,
,,128399,,,280.2739143371582,,,,,
,,128399,,23.537874221801758,,,,,,
82,,128399,,,,0.2580695152282715,-9.958309173583984,,,
,,128449,,,281.67080879211426,,,,,
,,128449,,9.871721267700195,,,,,,
82,,128449,,,,0.2611325979232788,-9.783700942993164,,,
,,128499,,,283.13183784484863,,,,,
,,128499,,23.13399314880371,,,,,,
82,,128499,,,,0.26114439964294434,-9.78022289276123,,,
,,128549,,,278.6750793457031,,,,,
,,128549,,11.796712875366211,,,,,,
82,,128549,,,,0.2593715190887451,-9.852246284484863,,,
,,128599,,,278.1074047088623,,,,,
,,128599,,17.149686813354492,,,,,,
82,,128599,,,,0.25563812255859375,-9.798249244689941,,,
,,128649,,,278.6283493041992,,,,,
,,128649,,11.983633041381836,,,,,,
82,,128649,,,,0.25972986221313477,-9.602322578430176,,,
,,128699,,,279.1011333465576,,,,,
,,128699,,17.148971557617188,,,,,,
82,,128699,,,,0.2560114860534668,-9.683804512023926,,,
,,128749,,,277.4229049682617,,,,,
,,128749,,12.947559356689453,,,,,,
82,,128749,,,,0.2549266815185547,-9.87684440612793,,,
,,128799,,,278.2161235809326,,,,,
,,128799,,25.89726448059082,,,,,,
82,,128799,,,,0.2510240077972412,-9.860628128051758,,,
,,128849,,,288.30766677856445,,,,,
,,128849,,11.719465255737305,,,,,,
82,,128849,,,,0.25397729873657227,-10.129356384277344,,,
,,128899,,,278.0413627624512,,,,,
,,128899,,17.8830623626709,,,,,,
82,,128899,,,,0.25557756423950195,-9.743162155151367,,,
,,128949,,,278.1250476837158,,,,,
,,128949,,14.584779739379883,,,,,,
82,,128949,,,,0.2580602169036865,-9.623213768005371,,,
,,128999,,,278.3331871032715,,,,,
,,128999,,17.180442810058594,,,,,,
82,,128999,,,,0.24257111549377441,-10.096699714660645,,,
,,129049,,,302.6278018951416,,,,,
,,129049,,4.502534866333008,,,,,,
82,,129049,,,,0.2451333999633789,-10.020182609558105,,,
,,129099,,,287.5804901123047,,,,,
,,129099,,17.006397247314453,,,,,,
82,,129099,,,,0.2476804256439209,-9.995650291442871,,,
,,129149,,,277.47178077697754,,,,,
,,129149,,12.556791305541992,,,,,,
82,,129149,,,,0.2477097511291504,-9.94543170928955,,,
,,129199,,,278.0940532684326,,,,,
,,129199,,17.06409454345703,,,,,,
82,,129199,,,,0.255969762802124,-10.00429916381836,,,
,,129249,,,288.2072925567627,,,,,
,,129249,,11.88206672668457,,,,,,
82,,129249,,,,0.24553346633911133,-10.05050277709961,,,
,,129299,,,278.18799018859863,,,,,
,,129299,,26.51500701904297,,,,,,
82,,129299,,,,0.2559664249420166,-9.960976600646973,,,
,,129349,,,277.58073806762695,,,,,
,,129349,,12.396574020385742,,,,,,
82,,129349,,,,0.25742673873901367,-10.155380249023438,,,
,,129399,,,277.94551849365234,,,,,
,,129399,,17.475366592407227,,,,,,
82,,129399,,,,0.2593557834625244,-9.909406661987305,,,
,,129449,,,289.59178924560547,,,,,
,,129449,,9.725809097290039,,,,,,
82,,129449,,,,0.2544283866882324,-9.921618461608887,,,
,,129499,,,278.5952091217041,,,,,
,,129499,,17.761707305908203,,,,,,
82,,129499,,,,0.2634408473968506,-9.624011039733887,,,
,,129549,,,277.5423526763916,,,,,
,,129549,,12.420177459716797,,,,,,
82,,129549,,,,0.2555534839630127,-9.871988296508789,,,
,,129599,,,286.4112854003906,,,,,
,,129599,,17.490625381469727,,,,,,
82,,129599,,,,0.2609374523162842,-9.898022651672363,,,
,,129649,,,277.91571617126465,,,,,
,,129649,,14.347314834594727,,,,,,
82,,129649,,,,0.25435614585876465,-9.799103736877441,,,
,,129699,,,307.8947067260742,,,,,
,,129699,,18.33629608154297,,,,,,
82,,129699,,,,0.2524271011352539,-9.905168533325195,,,
82,,129728,,,,,,-7.774713516235352,-7.802440643310547,-8.043937683105469
,,129729,559.6760535240173,,,,,,,
,0.0003,129729,,,,,,,,
,,129749,,,285.98499298095703,,,,,
,,129749,,11.688709259033203,,,,,,
83,,129749,,,,0.26253461837768555,-9.894893646240234,,,
,,129799,,,277.9848575592041,,,,,
,,129799,,17.0745849609375,,,,,,
83,,129799,,,,0.269228458404541,-9.866625785827637,,,
,,129849,,,277.3919105529785,,,,,
,,129849,,12.652873992919922,,,,,,
83,,129849,,,,0.2730613946914673,-9.643049240112305,,,
,,129899,,,279.11972999572754,,,,,
,,129899,,23.555278778076172,,,,,,
83,,129899,,,,0.2689967155456543,-9.686450004577637,,,
,,129949,,,277.590274810791,,,,,
,,129949,,12.074470520019531,,,,,,
83,,129949,,,,0.25487470626831055,-9.685989379882812,,,
,,129999,,,277.15420722961426,,,,,
,,129999,,17.046213150024414,,,,,,
83,,129999,,,,0.25229382514953613,-9.922720909118652,,,
,,130049,,,285.4478359222412,,,,,
,,130049,,12.061119079589844,,,,,,
83,,130049,,,,0.2527109384536743,-9.933730125427246,,,
,,130099,,,286.47398948669434,,,,,
,,130099,,17.049789428710938,,,,,,
83,,130099,,,,0.2705390453338623,-9.721549034118652,,,
,,130149,,,276.857852935791,,,,,
,,130149,,12.701272964477539,,,,,,
83,,130149,,,,0.2657146453857422,-9.897262573242188,,,
,,130199,,,277.4066925048828,,,,,
,,130199,,16.95108413696289,,,,,,
83,,130199,,,,0.2602658271789551,-9.721490859985352,,,
,,130249,,,278.0790328979492,,,,,
,,130249,,12.116432189941406,,,,,,
83,,130249,,,,0.26282262802124023,-9.66623592376709,,,
,,130299,,,277.44221687316895,,,,,
,,130299,,17.056703567504883,,,,,,
83,,130299,,,,0.2668313980102539,-9.496705055236816,,,
,,130349,,,276.6683101654053,,,,,
,,130349,,12.67862319946289,,,,,,
83,,130349,,,,0.2596181631088257,-9.730224609375,,,
,,130399,,,286.2851619720459,,,,,
,,130399,,17.400026321411133,,,,,,
83,,130399,,,,0.25101542472839355,-10.054418563842773,,,
,,130449,,,277.65703201293945,,,,,
,,130449,,12.274980545043945,,,,,,
83,,130449,,,,0.25924062728881836,-9.898138046264648,,,
,,130499,,,277.5905132293701,,,,,
,,130499,,17.54450798034668,,,,,,
83,,130499,,,,0.25815272331237793,-9.875284194946289,,,
,,130549,,,285.37607192993164,,,,,
,,130549,,11.92784309387207,,,,,,
83,,130549,,,,0.26207780838012695,-9.73310661315918,,,
,,130599,,,277.0712375640869,,,,,
,,130599,,17.035484313964844,,,,,,
83,,130599,,,,0.2599978446960449,-9.664102554321289,,,
,,130649,,,324.7385025024414,,,,,
,,130649,,4.613399505615234,,,,,,
83,,130649,,,,0.27341341972351074,-9.829055786132812,,,
,,130699,,,279.2642116546631,,,,,
,,130699,,17.15683937072754,,,,,,
83,,130699,,,,0.2747586965560913,-9.58288288116455,,,
,,130749,,,277.51803398132324,,,,,
,,130749,,12.546062469482422,,,,,,
83,,130749,,,,0.275301456451416,-9.600589752197266,,,
,,130799,,,278.00822257995605,,,,,
,,130799,,16.973018646240234,,,,,,
83,,130799,,,,0.27149534225463867,-9.690441131591797,,,
,,130849,,,287.2202396392822,,,,,
,,130849,,12.01629638671875,,,,,,
83,,130849,,,,0.2689542770385742,-9.653573989868164,,,
,,130899,,,277.07600593566895,,,,,
,,130899,,17.148971557617188,,,,,,
83,,130899,,,,0.26750898361206055,-9.758760452270508,,,
,,130949,,,291.5635108947754,,,,,
,,130949,,8.721113204956055,,,,,,
83,,130949,,,,0.26385498046875,-9.74028205871582,,,
,,130999,,,286.46206855773926,,,,,
,,130999,,17.124414443969727,,,,,,
83,,130999,,,,0.2639118432998657,-9.918647766113281,,,
,,131049,,,277.30417251586914,,,,,
,,131049,,12.502193450927734,,,,,,
83,,131049,,,,0.2752680778503418,-9.644413948059082,,,
,,131099,,,276.75414085388184,,,,,
,,131099,,17.087221145629883,,,,,,
83,,131099,,,,0.272493839263916,-9.752914428710938,,,
,,131149,,,527.4026393890381,,,,,
,,131149,,8.367538452148438,,,,,,
83,,131149,,,,0.2724766731262207,-9.682149887084961,,,
,,131199,,,284.2373847961426,,,,,
,,131199,,17.17352867126465,,,,,,
83,,131199,,,,0.2820167541503906,-9.719099044799805,,,
,,131249,,,277.13656425476074,,,,,
,,131249,,12.577056884765625,,,,,,
83,,131249,,,,0.2855081558227539,-9.693856239318848,,,
83,,131291,,,,,,-7.775956153869629,-7.805877208709717,-8.027259826660156
,,131292,559.0424792766571,,,,,,,
,0.0003,131292,,,,,,,,
,,131299,,,277.0040035247803,,,,,
,,131299,,17.115116119384766,,,,,,
84,,131299,,,,0.2925601005554199,-9.652754783630371,,,
,,131349,,,285.8095169067383,,,,,
,,131349,,12.337207794189453,,,,,,
84,,131349,,,,0.27528297901153564,-9.591001510620117,,,
,,131399,,,277.0419120788574,,,,,
,,131399,,17.02260971069336,,,,,,
84,,131399,,,,0.2834634780883789,-9.70114517211914,,,
,,131449,,,277.1897315979004,,,,,
,,131449,,12.837648391723633,,,,,,
84,,131449,,,,0.268019437789917,-9.706472396850586,,,
,,131499,,,278.2561779022217,,,,,
,,131499,,17.22121238708496,,,,,,
84,,131499,,,,0.27366209030151367,-9.781206130981445,,,
,,131549,,,277.91762351989746,,,,,
,,131549,,12.606143951416016,,,,,,
84,,131549,,,,0.2689964771270752,-9.926023483276367,,,
,,131599,,,282.93728828430176,,,,,
,,131599,,21.92068099975586,,,,,,
84,,131599,,,,0.276015043258667,-9.624926567077637,,,
,,131649,,,286.1671447753906,,,,,
,,131649,,11.909246444702148,,,,,,
84,,131649,,,,0.28388547897338867,-9.807313919067383,,,
,,131699,,,277.7073383331299,,,,,
,,131699,,25.969266891479492,,,,,,
84,,131699,,,,0.29017627239227295,-9.782142639160156,,,
,,131749,,,277.0555019378662,,,,,
,,131749,,12.899398803710938,,,,,,
84,,131749,,,,0.28331637382507324,-9.70974063873291,,,
,,131799,,,289.02316093444824,,,,,
,,131799,,24.221420288085938,,,,,,
84,,131799,,,,0.285663366317749,-9.626791000366211,,,
,,131849,,,277.5404453277588,,,,,
,,131849,,12.437820434570312,,,,,,
84,,131849,,,,0.29263973236083984,-9.749771118164062,,,
,,131899,,,277.37903594970703,,,,,
,,131899,,17.725467681884766,,,,,,
84,,131899,,,,0.2777371406555176,-9.717510223388672,,,
,,131949,,,286.06343269348145,,,,,
,,131949,,12.02392578125,,,,,,
84,,131949,,,,0.280775785446167,-9.697576522827148,,,
,,131999,,,277.5077819824219,,,,,
,,131999,,17.160654067993164,,,,,,
84,,131999,,,,0.2742652893066406,-9.743769645690918,,,
,,132049,,,286.18669509887695,,,,,
,,132049,,12.364387512207031,,,,,,
84,,132049,,,,0.2790389060974121,-9.641912460327148,,,
,,132099,,,286.62562370300293,,,,,
,,132099,,17.458438873291016,,,,,,
84,,132099,,,,0.28002262115478516,-9.63428783416748,,,
,,132149,,,277.71520614624023,,,,,
,,132149,,14.068365097045898,,,,,,
84,,132149,,,,0.2825455665588379,-9.537989616394043,,,
,,132199,,,277.50658988952637,,,,,
,,132199,,17.094135284423828,,,,,,
84,,132199,,,,0.29041123390197754,-9.511197090148926,,,
,,132249,,,279.16669845581055,,,,,
,,132249,,12.112855911254883,,,,,,
84,,132249,,,,0.28151464462280273,-9.543453216552734,,,
,,132299,,,281.8620204925537,,,,,
,,132299,,21.637439727783203,,,,,,
84,,132299,,,,0.2779048681259155,-9.79457950592041,,,
,,132349,,,278.03492546081543,,,,,
,,132349,,11.96742057800293,,,,,,
84,,132349,,,,0.27244138717651367,-9.727240562438965,,,
,,132399,,,287.0810031890869,,,,,
,,132399,,21.781206130981445,,,,,,
84,,132399,,,,0.2634754180908203,-9.69819450378418,,,
,,132449,,,286.9865894317627,,,,,
,,132449,,12.293815612792969,,,,,,
84,,132449,,,,0.2655518054962158,-9.92663288116455,,,
,,132499,,,276.95226669311523,,,,,
,,132499,,17.140865325927734,,,,,,
84,,132499,,,,0.26752161979675293,-9.775675773620605,,,
,,132549,,,283.4041118621826,,,,,
,,132549,,7.916450500488281,,,,,,
84,,132549,,,,0.2703709602355957,-9.866435050964355,,,
,,132599,,,285.1426601409912,,,,,
,,132599,,17.078399658203125,,,,,,
84,,132599,,,,0.273378849029541,-9.714494705200195,,,
,,132649,,,285.83621978759766,,,,,
,,132649,,12.08353042602539,,,,,,
84,,132649,,,,0.2671622037887573,-10.09029769897461,,,
,,132699,,,276.95155143737793,,,,,
,,132699,,17.41790771484375,,,,,,
84,,132699,,,,0.2633075714111328,-9.871569633483887,,,
,,132749,,,277.4691581726074,,,,,
,,132749,,12.472867965698242,,,,,,
84,,132749,,,,0.2634645700454712,-9.800788879394531,,,
,,132799,,,277.5263786315918,,,,,
,,132799,,17.201900482177734,,,,,,
84,,132799,,,,0.25692033767700195,-9.806182861328125,,,
,,132849,,,277.5864601135254,,,,,
,,132849,,12.885093688964844,,,,,,
84,,132849,,,,0.26626062393188477,-9.887152671813965,,,
84,,132854,,,,,,-7.774722099304199,-7.800772666931152,-8.03006362915039
,,132855,558.9829971790314,,,,,,,
,0.0003,132855,,,,,,,,
,,132899,,,289.0353202819824,,,,,
,,132899,,17.089128494262695,,,,,,
85,,132899,,,,0.26496338844299316,-9.603508949279785,,,
,,132949,,,277.53210067749023,,,,,
,,132949,,12.48478889465332,,,,,,
85,,132949,,,,0.27178430557250977,-9.694402694702148,,,
,,132999,,,285.8622074127197,,,,,
,,132999,,17.040729522705078,,,,,,
85,,132999,,,,0.2712390422821045,-9.670525550842285,,,
,,133049,,,286.1294746398926,,,,,
,,133049,,12.02249526977539,,,,,,
85,,133049,,,,0.2535402774810791,-9.743200302124023,,,
,,133099,,,277.66895294189453,,,,,
,,133099,,16.993045806884766,,,,,,
85,,133099,,,,0.26755833625793457,-9.95502758026123,,,
,,133149,,,281.67176246643066,,,,,
,,133149,,9.698867797851562,,,,,,
85,,133149,,,,0.2573983669281006,-9.86375617980957,,,
,,133199,,,277.4949073791504,,,,,
,,133199,,17.032861709594727,,,,,,
85,,133199,,,,0.26168155670166016,-9.635089874267578,,,
,,133249,,,302.25086212158203,,,,,
,,133249,,4.581212997436523,,,,,,
85,,133249,,,,0.254810094833374,-9.742152214050293,,,
,,133299,,,277.99534797668457,,,,,
,,133299,,17.217636108398438,,,,,,
85,,133299,,,,0.27079105377197266,-9.606990814208984,,,
,,133349,,,286.12232208251953,,,,,
,,133349,,11.892080307006836,,,,,,
85,,133349,,,,0.266324520111084,-9.776128768920898,,,
,,133399,,,285.7091426849365,,,,,
,,133399,,17.113208770751953,,,,,,
85,,133399,,,,0.2627294063568115,-9.836337089538574,,,
,,133449,,,279.38199043273926,,,,,
,,133449,,12.02845573425293,,,,,,
85,,133449,,,,0.26503777503967285,-9.751141548156738,,,
,,133499,,,286.91887855529785,,,,,
,,133499,,17.032623291015625,,,,,,
85,,133499,,,,0.2625751495361328,-9.928750038146973,,,
,,133549,,,294.42834854125977,,,,,
,,133549,,7.778167724609375,,,,,,
85,,133549,,,,0.2764310836791992,-9.659299850463867,,,
,,133599,,,277.6660919189453,,,,,
,,133599,,17.00425148010254,,,,,,
85,,133599,,,,0.2824218273162842,-9.738729476928711,,,
,,133649,,,277.4393558502197,,,,,
,,133649,,12.511730194091797,,,,,,
85,,133649,,,,0.2815525531768799,-9.75549030303955,,,
,,133699,,,286.1919403076172,,,,,
,,133699,,17.004013061523438,,,,,,
85,,133699,,,,0.2819887399673462,-9.552452087402344,,,
,,133749,,,277.46057510375977,,,,,
,,133749,,12.579679489135742,,,,,,
85,,133749,,,,0.2691519260406494,-9.683266639709473,,,
,,133799,,,283.79344940185547,,,,,
,,133799,,17.11297035217285,,,,,,
85,,133799,,,,0.2749757766723633,-9.4584321975708,,,
,,133849,,,276.8387794494629,,,,,
,,133849,,12.546062469482422,,,,,,
85,,133849,,,,0.27694177627563477,-9.587489128112793,,,
,,133899,,,277.0709991455078,,,,,
,,133899,,17.076730728149414,,,,,,
85,,133899,,,,0.28389883041381836,-9.61960506439209,,,
,,133949,,,288.87224197387695,,,,,
,,133949,,6.872892379760742,,,,,,
85,,133949,,,,0.27801311016082764,-9.680946350097656,,,
,,133999,,,277.8933048248291,,,,,
,,133999,,17.037630081176758,,,,,,
85,,133999,,,,0.27716732025146484,-9.810173988342285,,,
,,134049,,,289.2146110534668,,,,,
,,134049,,6.805419921875,,,,,,
85,,134049,,,,0.2735111713409424,-9.716534614562988,,,
,,134099,,,276.7760753631592,,,,,
,,134099,,17.32945442199707,,,,,,
85,,134099,,,,0.27245187759399414,-9.780617713928223,,,
,,134149,,,280.40289878845215,,,,,
,,134149,,11.811971664428711,,,,,,
85,,134149,,,,0.2857835292816162,-9.818587303161621,,,
,,134199,,,286.4243984222412,,,,,
,,134199,,17.381668090820312,,,,,,
85,,134199,,,,0.2762579917907715,-9.57882308959961,,,
,,134249,,,278.03850173950195,,,,,
,,134249,,15.083074569702148,,,,,,
85,,134249,,,,0.27692079544067383,-9.7035551071167,,,
,,134299,,,279.15287017822266,,,,,
,,134299,,21.80171012878418,,,,,,
85,,134299,,,,0.27387475967407227,-9.6631498336792,,,
,,134349,,,277.65536308288574,,,,,
,,134349,,12.388467788696289,,,,,,
85,,134349,,,,0.267470121383667,-9.763509750366211,,,
,,134399,,,277.3725986480713,,,,,
,,134399,,17.12322235107422,,,,,,
85,,134399,,,,0.26603126525878906,-9.811700820922852,,,
85,,134417,,,,,,-7.775458812713623,-7.802497863769531,-8.031981468200684
,,134418,559.6168143749237,,,,,,,
,0.0003,134418,,,,,,,,
,,134449,,,277.07624435424805,,,,,
,,134449,,12.702703475952148,,,,,,
86,,134449,,,,0.2711503505706787,-9.760640144348145,,,
,,134499,,,277.98986434936523,,,,,
,,134499,,17.136096954345703,,,,,,
86,,134499,,,,0.2648653984069824,-9.814249992370605,,,
,,134549,,,278.6216735839844,,,,,
,,134549,,11.606454849243164,,,,,,
86,,134549,,,,0.26529359817504883,-9.80778694152832,,,
,,134599,,,277.57787704467773,,,,,
,,134599,,17.022132873535156,,,,,,
86,,134599,,,,0.26464080810546875,-9.822759628295898,,,
,,134649,,,289.6459102630615,,,,,
,,134649,,11.356830596923828,,,,,,
86,,134649,,,,0.2514798641204834,-9.986746788024902,,,
,,134699,,,277.77647972106934,,,,,
,,134699,,17.14348793029785,,,,,,
86,,134699,,,,0.26140356063842773,-9.886366844177246,,,
,,134749,,,277.2555351257324,,,,,
,,134749,,12.611865997314453,,,,,,
86,,134749,,,,0.2618131637573242,-9.997560501098633,,,
,,134799,,,277.41503715515137,,,,,
,,134799,,17.266035079956055,,,,,,
86,,134799,,,,0.27045392990112305,-9.939492225646973,,,
,,134849,,,277.4815559387207,,,,,
,,134849,,12.600183486938477,,,,,,
86,,134849,,,,0.2619590759277344,-10.02928352355957,,,
,,134899,,,289.26849365234375,,,,,
,,134899,,22.74322509765625,,,,,,
86,,134899,,,,0.2799966335296631,-9.740118980407715,,,
,,134949,,,296.7696189880371,,,,,
,,134949,,8.217096328735352,,,,,,
86,,134949,,,,0.27008771896362305,-9.823995590209961,,,
,,134999,,,278.46598625183105,,,,,
,,134999,,17.343759536743164,,,,,,
86,,134999,,,,0.2700204849243164,-9.725552558898926,,,
,,135049,,,277.2102355957031,,,,,
,,135049,,12.473583221435547,,,,,,
86,,135049,,,,0.2722322940826416,-9.631670951843262,,,
,,135099,,,277.1306037902832,,,,,
,,135099,,17.192363739013672,,,,,,
86,,135099,,,,0.26760292053222656,-9.71036434173584,,,
,,135149,,,276.63326263427734,,,,,
,,135149,,12.340068817138672,,,,,,
86,,135149,,,,0.27411437034606934,-9.687487602233887,,,
,,135199,,,285.97545623779297,,,,,
,,135199,,17.23003387451172,,,,,,
86,,135199,,,,0.26990294456481934,-9.850772857666016,,,
,,135249,,,281.2480926513672,,,,,
,,135249,,7.904767990112305,,,,,,
86,,135249,,,,0.2628450393676758,-9.947986602783203,,,
,,135299,,,276.48186683654785,,,,,
,,135299,,17.074108123779297,,,,,,
86,,135299,,,,0.25750160217285156,-9.806511878967285,,,
,,135349,,,276.9336700439453,,,,,
,,135349,,12.207746505737305,,,,,,
86,,135349,,,,0.25879859924316406,-9.900633811950684,,,
,,135399,,,276.66282653808594,,,,,
,,135399,,17.06552505493164,,,,,,
86,,135399,,,,0.2638828754425049,-9.75850772857666,,,
,,135449,,,277.1000862121582,,,,,
,,135449,,12.294769287109375,,,,,,
86,,135449,,,,0.26662683486938477,-9.726699829101562,,,
,,135499,,,277.3404121398926,,,,,
,,135499,,17.12822914123535,,,,,,
86,,135499,,,,0.25867319107055664,-9.71959400177002,,,
,,135549,,,286.1042022705078,,,,,
,,135549,,11.686563491821289,,,,,,
86,,135549,,,,0.26900601387023926,-9.685477256774902,,,
,,135599,,,276.9889831542969,,,,,
,,135599,,17.118215560913086,,,,,,
86,,135599,,,,0.2687513828277588,-9.73594856262207,,,
,,135649,,,277.538537979126,,,,,
,,135649,,12.434005737304688,,,,,,
86,,135649,,,,0.2555983066558838,-9.929168701171875,,,
,,135699,,,280.1072597503662,,,,,
,,135699,,22.23062515258789,,,,,,
86,,135699,,,,0.25924909114837646,-9.796998023986816,,,
,,135749,,,277.19736099243164,,,,,
,,135749,,12.183904647827148,,,,,,
86,,135749,,,,0.25865626335144043,-9.775360107421875,,,
,,135799,,,277.6787281036377,,,,,
,,135799,,17.12489128112793,,,,,,
86,,135799,,,,0.2612370252609253,-9.93609619140625,,,
,,135849,,,286.2586975097656,,,,,
,,135849,,10.854244232177734,,,,,,
86,,135849,,,,0.2562732696533203,-9.956972122192383,,,
,,135899,,,277.56690979003906,,,,,
,,135899,,17.171382904052734,,,,,,
86,,135899,,,,0.26253437995910645,-9.869693756103516,,,
,,135949,,,278.3687114715576,,,,,
,,135949,,12.8936767578125,,,,,,
86,,135949,,,,0.2623547315597534,-9.923601150512695,,,
86,,135980,,,,,,-7.775195121765137,-7.802811622619629,-8.037121772766113
,,135981,558.2785410881042,,,,,,,
,0.0003,135981,,,,,,,,
,,135999,,,276.9815921783447,,,,,
,,135999,,17.04716682434082,,,,,,
87,,135999,,,,0.2754049301147461,-9.747852325439453,,,
,,136049,,,285.5558395385742,,,,,
,,136049,,11.111259460449219,,,,,,
87,,136049,,,,0.26657700538635254,-9.867072105407715,,,
,,136099,,,276.43752098083496,,,,,
,,136099,,17.121315002441406,,,,,,
87,,136099,,,,0.2746860980987549,-9.685750961303711,,,
,,136149,,,276.4122486114502,,,,,
,,136149,,12.674808502197266,,,,,,
87,,136149,,,,0.2670571804046631,-9.741110801696777,,,
,,136199,,,276.92484855651855,,,,,
,,136199,,17.372846603393555,,,,,,
87,,136199,,,,0.27057385444641113,-9.947286605834961,,,
,,136249,,,284.38472747802734,,,,,
,,136249,,12.051820755004883,,,,,,
87,,136249,,,,0.2626781463623047,-9.902708053588867,,,
,,136299,,,284.5778465270996,,,,,
,,136299,,17.26365089416504,,,,,,
87,,136299,,,,0.26120710372924805,-10.07883071899414,,,
,,136349,,,284.7616672515869,,,,,
,,136349,,12.303590774536133,,,,,,
87,,136349,,,,0.25830817222595215,-10.028078079223633,,,
,,136399,,,276.6437530517578,,,,,
,,136399,,17.19975471496582,,,,,,
87,,136399,,,,0.2533137798309326,-9.957393646240234,,,
,,136449,,,281.4791202545166,,,,,
,,136449,,8.76474380493164,,,,,,
87,,136449,,,,0.2529177665710449,-9.760316848754883,,,
,,136499,,,276.35645866394043,,,,,
,,136499,,17.2579288482666,,,,,,
87,,136499,,,,0.2446122169494629,-9.777215003967285,,,
,,136549,,,278.0451774597168,,,,,
,,136549,,13.759613037109375,,,,,,
87,,136549,,,,0.2609260082244873,-9.825493812561035,,,
,,136599,,,286.29255294799805,,,,,
,,136599,,17.209291458129883,,,,,,
87,,136599,,,,0.2606809139251709,-9.890548706054688,,,
,,136649,,,276.51429176330566,,,,,
,,136649,,12.461185455322266,,,,,,
87,,136649,,,,0.24953293800354004,-10.08137035369873,,,
,,136699,,,285.8710289001465,,,,,
,,136699,,17.190217971801758,,,,,,
87,,136699,,,,0.26544713973999023,-9.896642684936523,,,
,,136749,,,279.4778347015381,,,,,
,,136749,,10.323762893676758,,,,,,
87,,136749,,,,0.260542631149292,-9.947019577026367,,,
,,136799,,,277.5719165802002,,,,,
,,136799,,17.066478729248047,,,,,,
87,,136799,,,,0.25587034225463867,-9.869241714477539,,,
,,136849,,,285.34889221191406,,,,,
,,136849,,11.785268783569336,,,,,,
87,,136849,,,,0.2575094699859619,-9.771946907043457,,,
,,136899,,,276.9467830657959,,,,,
,,136899,,26.215553283691406,,,,,,
87,,136899,,,,0.26148295402526855,-9.786993980407715,,,
,,136949,,,276.5951156616211,,,,,
,,136949,,12.275218963623047,,,,,,
87,,136949,,,,0.26421570777893066,-9.899818420410156,,,
,,136999,,,276.63588523864746,,,,,
,,136999,,17.22264289855957,,,,,,
87,,136999,,,,0.2593032121658325,-9.95856761932373,,,
,,137049,,,281.33440017700195,,,,,
,,137049,,11.612176895141602,,,,,,
87,,137049,,,,0.261995792388916,-10.030789375305176,,,
,,137099,,,277.2696018218994,,,,,
,,137099,,17.02880859375,,,,,,
87,,137099,,,,0.2590287923812866,-9.830132484436035,,,
,,137149,,,276.4921188354492,,,,,
,,137149,,12.658357620239258,,,,,,
87,,137149,,,,0.25908589363098145,-9.714810371398926,,,
,,137199,,,287.3215675354004,,,,,
,,137199,,17.11249351501465,,,,,,
87,,137199,,,,0.25984644889831543,-9.90512466430664,,,
,,137249,,,284.20138359069824,,,,,
,,137249,,12.032508850097656,,,,,,
87,,137249,,,,0.26373934745788574,-9.831482887268066,,,
,,137299,,,285.6628894805908,,,,,
,,137299,,17.13418960571289,,,,,,
87,,137299,,,,0.2634313106536865,-9.7496919631958,,,
,,137349,,,301.24926567077637,,,,,
,,137349,,3.360271453857422,,,,,,
87,,137349,,,,0.2713334560394287,-9.63247013092041,,,
,,137399,,,277.0352363586426,,,,,
,,137399,,17.240047454833984,,,,,,
87,,137399,,,,0.27007412910461426,-9.840277671813965,,,
,,137449,,,276.54218673706055,,,,,
,,137449,,12.348651885986328,,,,,,
87,,137449,,,,0.2751450538635254,-9.831624031066895,,,
,,137499,,,277.33850479125977,,,,,
,,137499,,17.06552505493164,,,,,,
87,,137499,,,,0.2799794673919678,-9.848669052124023,,,
87,,137543,,,,,,-7.775371074676514,-7.803906440734863,-8.03062629699707
,,137544,557.4690837860107,,,,,,,
,0.0003,137544,,,,,,,,
,,137549,,,277.13632583618164,,,,,
,,137549,,12.556791305541992,,,,,,
88,,137549,,,,0.2878141403198242,-9.496005058288574,,,
,,137599,,,276.2904167175293,,,,,
,,137599,,17.01831817626953,,,,,,
88,,137599,,,,0.2692999839782715,-9.734169960021973,,,
,,137649,,,286.03124618530273,,,,,
,,137649,,11.878490447998047,,,,,,
88,,137649,,,,0.27083873748779297,-9.778448104858398,,,
,,137699,,,277.01401710510254,,,,,
,,137699,,17.172574996948242,,,,,,
88,,137699,,,,0.276910662651062,-9.50784683227539,,,
,,137749,,,276.29828453063965,,,,,
,,137749,,12.675285339355469,,,,,,
88,,137749,,,,0.26683926582336426,-9.87324047088623,,,
,,137799,,,276.92198753356934,,,,,
,,137799,,17.06409454345703,,,,,,
88,,137799,,,,0.26888608932495117,-9.549389839172363,,,
,,137849,,,282.11379051208496,,,,,
,,137849,,7.360935211181641,,,,,,
88,,137849,,,,0.27448272705078125,-9.270650863647461,,,
,,137899,,,276.8816947937012,,,,,
,,137899,,17.124414443969727,,,,,,
88,,137899,,,,0.279732346534729,-9.751303672790527,,,
,,137949,,,285.8757972717285,,,,,
,,137949,,11.726617813110352,,,,,,
88,,137949,,,,0.2746422290802002,-9.546090126037598,,,
,,137999,,,276.7045497894287,,,,,
,,137999,,17.33231544494629,,,,,,
88,,137999,,,,0.27294039726257324,-9.61208438873291,,,
,,138049,,,279.6053886413574,,,,,
,,138049,,11.476993560791016,,,,,,
88,,138049,,,,0.2721900939941406,-9.425493240356445,,,
,,138099,,,276.580810546875,,,,,
,,138099,,17.119169235229492,,,,,,
88,,138099,,,,0.2747509479522705,-9.486462593078613,,,
,,138149,,,302.39248275756836,,,,,
,,138149,,4.547834396362305,,,,,,
88,,138149,,,,0.2802412509918213,-9.75094985961914,,,
,,138199,,,277.97651290893555,,,,,
,,138199,,17.253637313842773,,,,,,
88,,138199,,,,0.27593445777893066,-9.706635475158691,,,
,,138249,,,285.66503524780273,,,,,
,,138249,,11.855840682983398,,,,,,
88,,138249,,,,0.2668943405151367,-9.697892189025879,,,
,,138299,,,276.9050598144531,,,,,
,,138299,,17.670869827270508,,,,,,
88,,138299,,,,0.24708974361419678,-9.6337890625,,,
,,138349,,,276.5507698059082,,,,,
,,138349,,12.213945388793945,,,,,,
88,,138349,,,,0.25639891624450684,-9.716870307922363,,,
,,138399,,,276.7665386199951,,,,,
,,138399,,17.12822914123535,,,,,,
88,,138399,,,,0.27146387100219727,-9.533170700073242,,,
,,138449,,,276.5040397644043,,,,,
,,138449,,12.529611587524414,,,,,,
88,,138449,,,,0.2748451232910156,-9.76732349395752,,,
,,138499,,,286.2424850463867,,,,,
,,138499,,17.76409149169922,,,,,,
88,,138499,,,,0.2819232940673828,-9.631579399108887,,,
,,138549,,,276.63326263427734,,,,,
,,138549,,12.76540756225586,,,,,,
88,,138549,,,,0.2842905521392822,-9.750575065612793,,,
,,138599,,,276.51500701904297,,,,,
,,138599,,17.14920997619629,,,,,,
88,,138599,,,,0.2781097888946533,-9.67600154876709,,,
,,138649,,,276.3793468475342,,,,,
,,138649,,12.738466262817383,,,,,,
88,,138649,,,,0.27268242835998535,-9.708632469177246,,,
,,138699,,,279.30569648742676,,,,,
,,138699,,23.28014373779297,,,,,,
88,,138699,,,,0.27502894401550293,-9.757125854492188,,,
,,138749,,,277.01783180236816,,,,,
,,138749,,12.140750885009766,,,,,,
88,,138749,,,,0.2719796895980835,-9.830703735351562,,,
,,138799,,,276.6296863555908,,,,,
,,138799,,17.31276512145996,,,,,,
88,,138799,,,,0.2780609130859375,-9.643157958984375,,,
,,138849,,,277.00233459472656,,,,,
,,138849,,12.418270111083984,,,,,,
88,,138849,,,,0.27175116539001465,-9.744555473327637,,,
,,138899,,,276.8237590789795,,,,,
,,138899,,17.25912094116211,,,,,,
88,,138899,,,,0.27105164527893066,-9.78348159790039,,,
,,138949,,,276.7608165740967,,,,,
,,138949,,12.727737426757812,,,,,,
88,,138949,,,,0.2782013416290283,-9.684688568115234,,,
,,138999,,,277.39405632019043,,,,,
,,138999,,17.130374908447266,,,,,,
88,,138999,,,,0.27512621879577637,-9.697521209716797,,,
,,139049,,,297.19090461730957,,,,,
,,139049,,5.2280426025390625,,,,,,
88,,139049,,,,0.2696409225463867,-9.89981460571289,,,
,,139099,,,277.03332901000977,,,,,
,,139099,,17.107486724853516,,,,,,
88,,139099,,,,0.2681162357330322,-9.80033016204834,,,
88,,139106,,,,,,-7.775210380554199,-7.803379535675049,-8.032941818237305
,,139107,557.6774110794067,,,,,,,
,0.0003,139107,,,,,,,,
,,139149,,,276.97062492370605,,,,,
,,139149,,11.919021606445312,,,,,,
89,,139149,,,,0.27381062507629395,-9.493927001953125,,,
,,139199,,,285.53271293640137,,,,,
,,139199,,17.127037048339844,,,,,,
89,,139199,,,,0.2668958902359009,-9.649227142333984,,,
,,139249,,,276.86333656311035,,,,,
,,139249,,12.23444938659668,,,,,,
89,,139249,,,,0.2713332176208496,-9.693647384643555,,,
,,139299,,,277.21214294433594,,,,,
,,139299,,17.023086547851562,,,,,,
89,,139299,,,,0.2614595890045166,-9.69832992553711,,,
,,139349,,,276.51119232177734,,,,,
,,139349,,12.593507766723633,,,,,,
89,,139349,,,,0.27075493335723877,-9.720589637756348,,,
,,139399,,,284.0850353240967,,,,,
,,139399,,16.98613166809082,,,,,,
89,,139399,,,,0.2694801092147827,-9.831502914428711,,,
,,139449,,,277.2946357727051,,,,,
,,139449,,12.32767105102539,,,,,,
89,,139449,,,,0.2687222957611084,-9.688140869140625,,,
,,139499,,,276.883602142334,,,,,
,,139499,,17.144441604614258,,,,,,
89,,139499,,,,0.2704639434814453,-9.874332427978516,,,
,,139549,,,276.6294479370117,,,,,
,,139549,,12.230396270751953,,,,,,
89,,139549,,,,0.2735002040863037,-9.896257400512695,,,
,,139599,,,284.03639793395996,,,,,
,,139599,,17.04883575439453,,,,,,
89,,139599,,,,0.2739551067352295,-9.540891647338867,,,
,,139649,,,277.1625518798828,,,,,
,,139649,,12.511491775512695,,,,,,
89,,139649,,,,0.27298903465270996,-9.588726043701172,,,
,,139699,,,277.0876884460449,,,,,
,,139699,,17.169713973999023,,,,,,
89,,139699,,,,0.28418564796447754,-9.762618064880371,,,
,,139749,,,276.60560607910156,,,,,
,,139749,,12.533426284790039,,,,,,
89,,139749,,,,0.27343320846557617,-9.741562843322754,,,
,,139799,,,279.6518802642822,,,,,
,,139799,,22.398710250854492,,,,,,
89,,139799,,,,0.2720353603363037,-9.829413414001465,,,
,,139849,,,289.6111011505127,,,,,
,,139849,,6.981849670410156,,,,,,
89,,139849,,,,0.2712862491607666,-9.843435287475586,,,
,,139899,,,287.11819648742676,,,,,
,,139899,,17.28653907775879,,,,,,
89,,139899,,,,0.2800896167755127,-9.705872535705566,,,
,,139949,,,276.9579887390137,,,,,
,,139949,,15.345335006713867,,,,,,
89,,139949,,,,0.2689206600189209,-9.579533576965332,,,
,,139999,,,277.33445167541504,,,,,
,,139999,,17.1048641204834,,,,,,
89,,139999,,,,0.26725196838378906,-9.90743637084961,,,
,,140049,,,277.32348442077637,,,,,
,,140049,,12.04991340637207,,,,,,
89,,140049,,,,0.25977516174316406,-10.082074165344238,,,
,,140099,,,303.20239067077637,,,,,
,,140099,,18.381118774414062,,,,,,
89,,140099,,,,0.2576863765716553,-9.828481674194336,,,
,,140149,,,282.6552391052246,,,,,
,,140149,,12.797832489013672,,,,,,
89,,140149,,,,0.2701296806335449,-9.674383163452148,,,
,,140199,,,279.55102920532227,,,,,
,,140199,,22.415876388549805,,,,,,
89,,140199,,,,0.2677743434906006,-9.550397872924805,,,
,,140249,,,277.28867530822754,,,,,
,,140249,,12.334108352661133,,,,,,
89,,140249,,,,0.27729082107543945,-9.994504928588867,,,
,,140299,,,277.56333351135254,,,,,
,,140299,,17.08054542541504,,,,,,
89,,140299,,,,0.26751255989074707,-9.59902286529541,,,
,,140349,,,279.0098190307617,,,,,
,,140349,,12.122631072998047,,,,,,
89,,140349,,,,0.2656395435333252,-9.66084098815918,,,
,,140399,,,276.74055099487305,,,,,
,,140399,,17.126083374023438,,,,,,
89,,140399,,,,0.25866103172302246,-9.672663688659668,,,
,,140449,,,280.0638675689697,,,,,
,,140449,,11.4898681640625,,,,,,
89,,140449,,,,0.2543370723724365,-9.86468505859375,,,
,,140499,,,277.82607078552246,,,,,
,,140499,,17.122745513916016,,,,,,
89,,140499,,,,0.24078893661499023,-9.995906829833984,,,
,,140549,,,276.3402462005615,,,,,
,,140549,,12.876272201538086,,,,,,
89,,140549,,,,0.25362658500671387,-10.043876647949219,,,
,,140599,,,276.61943435668945,,,,,
,,140599,,17.246484756469727,,,,,,
89,,140599,,,,0.25677490234375,-9.8037691116333,,,
,,140649,,,277.03094482421875,,,,,
,,140649,,14.525651931762695,,,,,,
89,,140649,,,,0.2601613998413086,-9.750818252563477,,,
89,,140669,,,,,,-7.774831295013428,-7.8016133308410645,-8.03718090057373
,,140670,557.6118915081024,,,,,,,
,0.0003,140670,,,,,,,,
,,140699,,,276.09896659851074,,,,,
,,140699,,17.142534255981445,,,,,,
90,,140699,,,,0.2662079334259033,-9.854578971862793,,,
,,140749,,,276.9026756286621,,,,,
,,140749,,12.31074333190918,,,,,,
90,,140749,,,,0.2616724967956543,-9.762579917907715,,,
,,140799,,,276.963472366333,,,,,
,,140799,,17.699003219604492,,,,,,
90,,140799,,,,0.2667064666748047,-9.751596450805664,,,
,,140849,,,276.16214752197266,,,,,
,,140849,,12.590646743774414,,,,,,
90,,140849,,,,0.25644969940185547,-9.850651741027832,,,
,,140899,,,276.0331630706787,,,,,
,,140899,,17.06671714782715,,,,,,
90,,140899,,,,0.2670097351074219,-9.692788124084473,,,
,,140949,,,286.79680824279785,,,,,
,,140949,,6.922721862792969,,,,,,
90,,140949,,,,0.26567673683166504,-9.875758171081543,,,
,,140999,,,277.6350975036621,,,,,
,,140999,,17.25625991821289,,,,,,
90,,140999,,,,0.23741793632507324,-9.66166877746582,,,
,,141049,,,277.47082710266113,,,,,
,,141049,,11.863946914672852,,,,,,
90,,141049,,,,0.26372969150543213,-9.881369590759277,,,
,,141099,,,276.69477462768555,,,,,
,,141099,,17.320871353149414,,,,,,
90,,141099,,,,0.25788044929504395,-9.842154502868652,,,
,,141149,,,276.353120803833,,,,,
,,141149,,12.809276580810547,,,,,,
90,,141149,,,,0.2693164348602295,-9.882447242736816,,,
,,141199,,,276.6261100769043,,,,,
,,141199,,17.411470413208008,,,,,,
90,,141199,,,,0.272050142288208,-9.610663414001465,,,
,,141249,,,288.76256942749023,,,,,
,,141249,,8.30078125,,,,,,
90,,141249,,,,0.25798487663269043,-9.790128707885742,,,
,,141299,,,275.84052085876465,,,,,
,,141299,,17.111539840698242,,,,,,
90,,141299,,,,0.26084935665130615,-9.719491004943848,,,
,,141349,,,276.3490676879883,,,,,
,,141349,,12.347221374511719,,,,,,
90,,141349,,,,0.26694655418395996,-9.864103317260742,,,
,,141399,,,285.53318977355957,,,,,
,,141399,,17.26055145263672,,,,,,
90,,141399,,,,0.26081299781799316,-9.713116645812988,,,
,,141449,,,276.0651111602783,,,,,
,,141449,,12.787342071533203,,,,,,
90,,141449,,,,0.26264238357543945,-9.909433364868164,,,
,,141499,,,276.8700122833252,,,,,
,,141499,,17.221927642822266,,,,,,
90,,141499,,,,0.26606202125549316,-9.80646800994873,,,
,,141549,,,276.49617195129395,,,,,
,,141549,,12.544870376586914,,,,,,
90,,141549,,,,0.25441431999206543,-9.93209457397461,,,
,,141599,,,276.7221927642822,,,,,
,,141599,,25.920391082763672,,,,,,
90,,141599,,,,0.2560734748840332,-10.029998779296875,,,
,,141649,,,276.6988277435303,,,,,
,,141649,,12.293338775634766,,,,,,
90,,141649,,,,0.26736223697662354,-9.839556694030762,,,
,,141699,,,277.6365280151367,,,,,
,,141699,,17.095327377319336,,,,,,
90,,141699,,,,0.26538968086242676,-9.792028427124023,,,
,,141749,,,276.289701461792,,,,,
,,141749,,12.505531311035156,,,,,,
90,,141749,,,,0.26256251335144043,-9.957921028137207,,,
,,141799,,,285.28809547424316,,,,,
,,141799,,17.24386215209961,,,,,,
90,,141799,,,,0.2646617889404297,-9.902568817138672,,,
,,141849,,,276.93843841552734,,,,,
,,141849,,12.089729309082031,,,,,,
90,,141849,,,,0.26554107666015625,-9.674333572387695,,,
,,141899,,,276.3540744781494,,,,,
,,141899,,17.433643341064453,,,,,,
90,,141899,,,,0.25652027130126953,-9.853960037231445,,,
,,141949,,,277.0054340362549,,,,,
,,141949,,12.07876205444336,,,,,,
90,,141949,,,,0.2662069797515869,-9.965627670288086,,,
,,141999,,,276.40342712402344,,,,,
,,141999,,17.302989959716797,,,,,,
90,,141999,,,,0.26869845390319824,-9.898189544677734,,,
,,142049,,,276.9625186920166,,,,,
,,142049,,11.8255615234375,,,,,,
90,,142049,,,,0.26346755027770996,-9.951716423034668,,,
,,142099,,,280.8065414428711,,,,,
,,142099,,24.62315559387207,,,,,,
90,,142099,,,,0.2710728645324707,-9.596271514892578,,,
,,142149,,,276.3409614562988,,,,,
,,142149,,12.311935424804688,,,,,,
90,,142149,,,,0.2767646312713623,-9.87494945526123,,,
,,142199,,,278.54132652282715,,,,,
,,142199,,22.864818572998047,,,,,,
90,,142199,,,,0.28025197982788086,-9.850343704223633,,,
90,,142232,,,,,,-7.774868011474609,-7.802204132080078,-8.033852577209473
,,142233,555.6763627529144,,,,,,,
,0.0003,142233,,,,,,,,
,,142249,,,276.92723274230957,,,,,
,,142249,,12.565135955810547,,,,,,
91,,142249,,,,0.2778043746948242,-9.944305419921875,,,
,,142299,,,301.30815505981445,,,,,
,,142299,,18.443822860717773,,,,,,
91,,142299,,,,0.2650136947631836,-9.800728797912598,,,
,,142349,,,276.67737007141113,,,,,
,,142349,,12.260198593139648,,,,,,
91,,142349,,,,0.2643609046936035,-9.711701393127441,,,
,,142399,,,278.15818786621094,,,,,
,,142399,,23.264646530151367,,,,,,
91,,142399,,,,0.2676551342010498,-9.692659378051758,,,
,,142449,,,276.31402015686035,,,,,
,,142449,,12.090206146240234,,,,,,
91,,142449,,,,0.2663865089416504,-9.852912902832031,,,
,,142499,,,276.1805057525635,,,,,
,,142499,,17.221927642822266,,,,,,
91,,142499,,,,0.2867851257324219,-9.780451774597168,,,
,,142549,,,276.7949104309082,,,,,
,,142549,,12.616634368896484,,,,,,
91,,142549,,,,0.2811241149902344,-9.758538246154785,,,
,,142599,,,276.6592502593994,,,,,
,,142599,,16.901731491088867,,,,,,
91,,142599,,,,0.2800881862640381,-9.62405776977539,,,
,,142649,,,277.28867530822754,,,,,
,,142649,,12.38703727722168,,,,,,
91,,142649,,,,0.2815425395965576,-9.680380821228027,,,
,,142699,,,277.1494388580322,,,,,
,,142699,,17.118215560913086,,,,,,
91,,142699,,,,0.2815210819244385,-9.598370552062988,,,
,,142749,,,276.5684127807617,,,,,
,,142749,,12.394905090332031,,,,,,
91,,142749,,,,0.25879979133605957,-9.730483055114746,,,
,,142799,,,275.623083114624,,,,,
,,142799,,16.982078552246094,,,,,,
91,,142799,,,,0.25766777992248535,-9.744039535522461,,,
,,142849,,,276.4239311218262,,,,,
,,142849,,12.600898742675781,,,,,,
91,,142849,,,,0.27495813369750977,-9.677016258239746,,,
,,142899,,,278.54037284851074,,,,,
,,142899,,23.045063018798828,,,,,,
91,,142899,,,,0.26224446296691895,-9.66584587097168,,,
,,142949,,,277.0345211029053,,,,,
,,142949,,12.122631072998047,,,,,,
91,,142949,,,,0.27709460258483887,-9.715179443359375,,,
,,142999,,,275.82383155822754,,,,,
,,142999,,16.993045806884766,,,,,,
91,,142999,,,,0.27583885192871094,-9.56816291809082,,,
,,143049,,,276.11541748046875,,,,,
,,143049,,12.64190673828125,,,,,,
91,,143049,,,,0.26950788497924805,-9.770825386047363,,,
,,143099,,,285.37535667419434,,,,,
,,143099,,17.088890075683594,,,,,,
91,,143099,,,,0.27726173400878906,-9.735095977783203,,,
,,143149,,,275.97928047180176,,,,,
,,143149,,12.411117553710938,,,,,,
91,,143149,,,,0.2822842597961426,-9.458585739135742,,,
,,143199,,,275.8982181549072,,,,,
,,143199,,16.84427261352539,,,,,,
91,,143199,,,,0.27077674865722656,-9.89066219329834,,,
,,143249,,,278.4426212310791,,,,,
,,143249,,14.960050582885742,,,,,,
91,,143249,,,,0.27831411361694336,-9.540180206298828,,,
,,143299,,,276.43561363220215,,,,,
,,143299,,17.081022262573242,,,,,,
91,,143299,,,,0.2840921878814697,-9.547904014587402,,,
,,143349,,,295.9129810333252,,,,,
,,143349,,5.2433013916015625,,,,,,
91,,143349,,,,0.2847259044647217,-9.516002655029297,,,
,,143399,,,275.9511470794678,,,,,
,,143399,,17.083406448364258,,,,,,
91,,143399,,,,0.27715134620666504,-9.563886642456055,,,
,,143449,,,276.1392593383789,,,,,
,,143449,,12.285709381103516,,,,,,
91,,143449,,,,0.2719285488128662,-9.689459800720215,,,
,,143499,,,276.6761779785156,,,,,
,,143499,,17.03023910522461,,,,,,
91,,143499,,,,0.27381956577301025,-9.586592674255371,,,
,,143549,,,275.79474449157715,,,,,
,,143549,,12.718915939331055,,,,,,
91,,143549,,,,0.2723393440246582,-9.759176254272461,,,
,,143599,,,275.8677005767822,,,,,
,,143599,,17.76576042175293,,,,,,
91,,143599,,,,0.2856471538543701,-9.836675643920898,,,
,,143649,,,276.1647701263428,,,,,
,,143649,,12.751102447509766,,,,,,
91,,143649,,,,0.27118349075317383,-9.692588806152344,,,
,,143699,,,296.2148189544678,,,,,
,,143699,,24.34062957763672,,,,,,
91,,143699,,,,0.27367472648620605,-9.685178756713867,,,
,,143749,,,275.7735252380371,,,,,
,,143749,,13.074874877929688,,,,,,
91,,143749,,,,0.27562642097473145,-9.711915016174316,,,
91,,143795,,,,,,-7.774596691131592,-7.800309181213379,-8.022897720336914
,,143796,556.3344306945801,,,,,,,
,0.0003,143796,,,,,,,,
,,143799,,,276.42083168029785,,,,,
,,143799,,17.335176467895508,,,,,,
92,,143799,,,,0.2727196216583252,-9.784560203552246,,,
,,143849,,,284.8846912384033,,,,,
,,143849,,12.26663589477539,,,,,,
92,,143849,,,,0.26635265350341797,-9.701237678527832,,,
,,143899,,,276.3969898223877,,,,,
,,143899,,17.676353454589844,,,,,,
92,,143899,,,,0.26557695865631104,-9.591276168823242,,,
,,143949,,,275.47621726989746,,,,,
,,143949,,13.092279434204102,,,,,,
92,,143949,,,,0.2587778568267822,-9.798136711120605,,,
,,143999,,,285.74538230895996,,,,,
,,143999,,17.055511474609375,,,,,,
92,,143999,,,,0.26265454292297363,-9.72492504119873,,,
,,144049,,,276.34310722351074,,,,,
,,144049,,12.217521667480469,,,,,,
92,,144049,,,,0.260699987411499,-9.757397651672363,,,
,,144099,,,276.6549587249756,,,,,
,,144099,,17.247676849365234,,,,,,
92,,144099,,,,0.270460844039917,-9.74874210357666,,,
,,144149,,,293.1697368621826,,,,,
,,144149,,10.689735412597656,,,,,,
92,,144149,,,,0.27274227142333984,-9.66356086730957,,,
,,144199,,,306.43391609191895,,,,,
,,144199,,18.654823303222656,,,,,,
92,,144199,,,,0.26816821098327637,-9.781827926635742,,,
,,144249,,,286.08131408691406,,,,,
,,144249,,10.792970657348633,,,,,,
92,,144249,,,,0.27356958389282227,-9.749274253845215,,,
,,144299,,,293.3025360107422,,,,,
,,144299,,18.00370216369629,,,,,,
92,,144299,,,,0.266359806060791,-9.958913803100586,,,
,,144349,,,290.03190994262695,,,,,
,,144349,,13.071537017822266,,,,,,
92,,144349,,,,0.261299729347229,-9.75452709197998,,,
,,144399,,,344.56896781921387,,,,,
,,144399,,25.830507278442383,,,,,,
92,,144399,,,,0.2597343921661377,-9.8228759765625,,,
,,144449,,,399.644136428833,,,,,
,,144449,,7.99560546875,,,,,,
92,,144449,,,,0.2682762145996094,-9.674858093261719,,,
,,144499,,,319.2920684814453,,,,,
,,144499,,17.333984375,,,,,,
92,,144499,,,,0.26670145988464355,-9.822245597839355,,,
,,144549,,,319.5509910583496,,,,,
,,144549,,11.562585830688477,,,,,,
92,,144549,,,,0.2579927444458008,-9.911941528320312,,,
,,144599,,,328.99928092956543,,,,,
,,144599,,26.26204490661621,,,,,,
92,,144599,,,,0.25690174102783203,-9.970232009887695,,,
,,144649,,,319.03839111328125,,,,,
,,144649,,11.327981948852539,,,,,,
92,,144649,,,,0.26956677436828613,-9.830527305603027,,,
,,144699,,,346.8925952911377,,,,,
,,144699,,27.4198055267334,,,,,,
92,,144699,,,,0.2596302032470703,-9.876195907592773,,,
,,144749,,,350.6147861480713,,,,,
,,144749,,3.578662872314453,,,,,,
92,,144749,,,,0.2586994171142578,-9.805718421936035,,,
,,144799,,,322.559118270874,,,,,
,,144799,,22.963762283325195,,,,,,
92,,144799,,,,0.2580019235610962,-9.707130432128906,,,
,,144849,,,336.36951446533203,,,,,
,,144849,,5.084514617919922,,,,,,
92,,144849,,,,0.25665950775146484,-9.774412155151367,,,
,,144899,,,321.58851623535156,,,,,
,,144899,,17.602205276489258,,,,,,
92,,144899,,,,0.25373291969299316,-9.995384216308594,,,
,,144949,,,323.8496780395508,,,,,
,,144949,,12.892723083496094,,,,,,
92,,144949,,,,0.25887560844421387,-9.87999439239502,,,
,,144999,,,331.0520648956299,,,,,
,,144999,,17.438173294067383,,,,,,
92,,144999,,,,0.2515599727630615,-10.018929481506348,,,
,,145049,,,320.16444206237793,,,,,
,,145049,,11.281967163085938,,,,,,
92,,145049,,,,0.2558262348175049,-9.863383293151855,,,
,,145099,,,321.71034812927246,,,,,
,,145099,,17.740488052368164,,,,,,
92,,145099,,,,0.2596409320831299,-9.833661079406738,,,
,,145149,,,322.0641613006592,,,,,
,,145149,,11.332988739013672,,,,,,
92,,145149,,,,0.2576627731323242,-9.84451675415039,,,
,,145199,,,322.94726371765137,,,,,
,,145199,,18.387556076049805,,,,,,
92,,145199,,,,0.2615065574645996,-10.128997802734375,,,
,,145249,,,325.8693218231201,,,,,
,,145249,,9.280204772949219,,,,,,
92,,145249,,,,0.2591865062713623,-10.024896621704102,,,
,,145299,,,322.6308822631836,,,,,
,,145299,,17.878293991088867,,,,,,
92,,145299,,,,0.2639005184173584,-9.866708755493164,,,
,,145349,,,329.00118827819824,,,,,
,,145349,,10.84589958190918,,,,,,
92,,145349,,,,0.26540112495422363,-9.891252517700195,,,
92,,145358,,,,,,-7.7739787101745605,-7.80082893371582,-8.032552719116211
,,145359,604.5138032436371,,,,,,,
,0.0003,145359,,,,,,,,
,,145399,,,280.8525562286377,,,,,
,,145399,,17.90165901184082,,,,,,
93,,145399,,,,0.2646760940551758,-9.808185577392578,,,
,,145449,,,279.82068061828613,,,,,
,,145449,,12.259244918823242,,,,,,
93,,145449,,,,0.25228071212768555,-9.778247833251953,,,
,,145499,,,287.34350204467773,,,,,
,,145499,,25.917530059814453,,,,,,
93,,145499,,,,0.25120842456817627,-9.891095161437988,,,
,,145549,,,280.47847747802734,,,,,
,,145549,,12.530088424682617,,,,,,
93,,145549,,,,0.25850892066955566,-9.915792465209961,,,
,,145599,,,280.25341033935547,,,,,
,,145599,,17.838239669799805,,,,,,
93,,145599,,,,0.2562696933746338,-9.821672439575195,,,
,,145649,,,287.52994537353516,,,,,
,,145649,,12.348175048828125,,,,,,
93,,145649,,,,0.25449347496032715,-9.815072059631348,,,
,,145699,,,280.2712917327881,,,,,
,,145699,,17.982006072998047,,,,,,
93,,145699,,,,0.2566554546356201,-9.774881362915039,,,
,,145749,,,281.7356586456299,,,,,
,,145749,,12.016534805297852,,,,,,
93,,145749,,,,0.24918341636657715,-9.82144546508789,,,
,,145799,,,280.9562683105469,,,,,
,,145799,,17.73810386657715,,,,,,
93,,145799,,,,0.25995445251464844,-9.729616165161133,,,
,,145849,,,278.84840965270996,,,,,
,,145849,,13.017892837524414,,,,,,
93,,145849,,,,0.2581195831298828,-9.896828651428223,,,
,,145899,,,280.53855895996094,,,,,
,,145899,,17.795562744140625,,,,,,
93,,145899,,,,0.2526671886444092,-9.853361129760742,,,
,,145949,,,278.4538269042969,,,,,
,,145949,,12.714624404907227,,,,,,
93,,145949,,,,0.24671125411987305,-9.872912406921387,,,
,,145999,,,278.5067558288574,,,,,
,,145999,,17.228126525878906,,,,,,
93,,145999,,,,0.2611985206604004,-9.79031753540039,,,
,,146049,,,281.2609672546387,,,,,
,,146049,,11.88349723815918,,,,,,
93,,146049,,,,0.25768160820007324,-9.877432823181152,,,
,,146099,,,282.02033042907715,,,,,
,,146099,,18.24331283569336,,,,,,
93,,146099,,,,0.260073184967041,-9.925971031188965,,,
,,146149,,,280.7729244232178,,,,,
,,146149,,11.8865966796875,,,,,,
93,,146149,,,,0.26236605644226074,-9.865187644958496,,,
,,146199,,,281.64172172546387,,,,,
,,146199,,18.978595733642578,,,,,,
93,,146199,,,,0.26318359375,-9.969865798950195,,,
,,146249,,,280.4868221282959,,,,,
,,146249,,12.188911437988281,,,,,,
93,,146249,,,,0.2698923349380493,-10.039801597595215,,,
,,146299,,,280.6210517883301,,,,,
,,146299,,18.075942993164062,,,,,,
93,,146299,,,,0.27233076095581055,-9.786782264709473,,,
,,146349,,,280.2314758300781,,,,,
,,146349,,12.362480163574219,,,,,,
93,,146349,,,,0.2610359191894531,-10.041337013244629,,,
,,146399,,,280.66444396972656,,,,,
,,146399,,18.21136474609375,,,,,,
93,,146399,,,,0.26773715019226074,-9.965189933776855,,,
,,146449,,,280.89404106140137,,,,,
,,146449,,11.885881423950195,,,,,,
93,,146449,,,,0.2638775110244751,-10.028411865234375,,,
,,146499,,,279.64115142822266,,,,,
,,146499,,17.49396324157715,,,,,,
93,,146499,,,,0.2623295783996582,-9.804523468017578,,,
,,146549,,,281.5217971801758,,,,,
,,146549,,12.192964553833008,,,,,,
93,,146549,,,,0.2737751007080078,-9.733476638793945,,,
,,146599,,,282.8691005706787,,,,,
,,146599,,18.463850021362305,,,,,,
93,,146599,,,,0.2581617832183838,-9.712065696716309,,,
,,146649,,,280.8048725128174,,,,,
,,146649,,12.234210968017578,,,,,,
93,,146649,,,,0.26061511039733887,-9.830570220947266,,,
,,146699,,,282.7599048614502,,,,,
,,146699,,18.674135208129883,,,,,,
93,,146699,,,,0.2572965621948242,-9.744404792785645,,,
,,146749,,,282.6249599456787,,,,,
,,146749,,11.7645263671875,,,,,,
93,,146749,,,,0.26109790802001953,-9.884913444519043,,,
,,146799,,,286.5333557128906,,,,,
,,146799,,18.127918243408203,,,,,,
93,,146799,,,,0.2578279972076416,-9.764528274536133,,,
,,146849,,,279.7863483428955,,,,,
,,146849,,12.421846389770508,,,,,,
93,,146849,,,,0.26653432846069336,-9.622054100036621,,,
,,146899,,,280.83181381225586,,,,,
,,146899,,18.251895904541016,,,,,,
93,,146899,,,,0.2615375518798828,-9.70341682434082,,,
93,,146921,,,,,,-7.7744951248168945,-7.80154275894165,-8.038368225097656
,,146922,561.3999190330505,,,,,,,
,0.0003,146922,,,,,,,,
,,146949,,,278.20587158203125,,,,,
,,146949,,12.841463088989258,,,,,,
94,,146949,,,,0.25736308097839355,-9.719754219055176,,,
,,146999,,,277.87208557128906,,,,,
,,146999,,17.78244972229004,,,,,,
94,,146999,,,,0.2529599666595459,-9.741482734680176,,,
,,147049,,,278.6831855773926,,,,,
,,147049,,12.774229049682617,,,,,,
94,,147049,,,,0.26570582389831543,-9.834904670715332,,,
,,147099,,,285.69889068603516,,,,,
,,147099,,23.851633071899414,,,,,,
94,,147099,,,,0.26891613006591797,-9.775474548339844,,,
,,147149,,,278.32746505737305,,,,,
,,147149,,12.649059295654297,,,,,,
94,,147149,,,,0.2870054244995117,-9.490286827087402,,,
,,147199,,,281.94522857666016,,,,,
,,147199,,22.356748580932617,,,,,,
94,,147199,,,,0.2738945484161377,-9.621649742126465,,,
,,147249,,,277.1320343017578,,,,,
,,147249,,13.72981071472168,,,,,,
94,,147249,,,,0.28005409240722656,-9.512068748474121,,,
,,147299,,,277.18114852905273,,,,,
,,147299,,25.902271270751953,,,,,,
94,,147299,,,,0.26723527908325195,-9.774309158325195,,,
,,147349,,,277.38428115844727,,,,,
,,147349,,13.375997543334961,,,,,,
94,,147349,,,,0.26012706756591797,-9.941059112548828,,,
,,147399,,,286.49306297302246,,,,,
,,147399,,18.326759338378906,,,,,,
94,,147399,,,,0.26319432258605957,-9.675542831420898,,,
,,147449,,,277.1129608154297,,,,,
,,147449,,13.284444808959961,,,,,,
94,,147449,,,,0.25632715225219727,-9.808388710021973,,,
,,147499,,,283.0510139465332,,,,,
,,147499,,26.17812156677246,,,,,,
94,,147499,,,,0.2592390775680542,-9.765829086303711,,,
,,147549,,,277.25887298583984,,,,,
,,147549,,13.354301452636719,,,,,,
94,,147549,,,,0.24848437309265137,-10.085047721862793,,,
,,147599,,,277.2712707519531,,,,,
,,147599,,17.464160919189453,,,,,,
94,,147599,,,,0.25600147247314453,-9.753021240234375,,,
,,147649,,,281.56542778015137,,,,,
,,147649,,9.696722030639648,,,,,,
94,,147649,,,,0.2599620819091797,-9.7506103515625,,,
,,147699,,,277.09031105041504,,,,,
,,147699,,17.57049560546875,,,,,,
94,,147699,,,,0.25009727478027344,-9.791340827941895,,,
,,147749,,,277.4050235748291,,,,,
,,147749,,13.129234313964844,,,,,,
94,,147749,,,,0.2483506202697754,-9.815876007080078,,,
,,147799,,,277.92930603027344,,,,,
,,147799,,17.103910446166992,,,,,,
94,,147799,,,,0.2542002201080322,-9.903557777404785,,,
,,147849,,,277.25839614868164,,,,,
,,147849,,13.416528701782227,,,,,,
94,,147849,,,,0.25656723976135254,-9.720890998840332,,,
,,147899,,,277.82511711120605,,,,,
,,147899,,17.37666130065918,,,,,,
94,,147899,,,,0.24815058708190918,-10.003700256347656,,,
,,147949,,,277.19998359680176,,,,,
,,147949,,13.30709457397461,,,,,,
94,,147949,,,,0.24813294410705566,-9.992227554321289,,,
,,147999,,,277.2362232208252,,,,,
,,147999,,17.15993881225586,,,,,,
94,,147999,,,,0.25199413299560547,-10.147612571716309,,,
,,148049,,,277.3137092590332,,,,,
,,148049,,13.330221176147461,,,,,,
94,,148049,,,,0.24748778343200684,-10.191953659057617,,,
,,148099,,,277.8956890106201,,,,,
,,148099,,17.11893081665039,,,,,,
94,,148099,,,,0.2542591094970703,-10.13187313079834,,,
,,148149,,,277.22907066345215,,,,,
,,148149,,13.675928115844727,,,,,,
94,,148149,,,,0.256183385848999,-10.02110767364502,,,
,,148199,,,277.09412574768066,,,,,
,,148199,,17.188072204589844,,,,,,
94,,148199,,,,0.2555469274520874,-10.052047729492188,,,
,,148249,,,279.7367572784424,,,,,
,,148249,,11.908531188964844,,,,,,
94,,148249,,,,0.2545347213745117,-10.121917724609375,,,
,,148299,,,277.50229835510254,,,,,
,,148299,,17.080068588256836,,,,,,
94,,148299,,,,0.25682568550109863,-9.936273574829102,,,
,,148349,,,278.165340423584,,,,,
,,148349,,14.836549758911133,,,,,,
94,,148349,,,,0.2655141353607178,-9.925811767578125,,,
,,148399,,,277.12106704711914,,,,,
,,148399,,17.089366912841797,,,,,,
94,,148399,,,,0.25484299659729004,-9.73812484741211,,,
,,148449,,,277.0230770111084,,,,,
,,148449,,13.511419296264648,,,,,,
94,,148449,,,,0.2537057399749756,-10.019545555114746,,,
94,,148484,,,,,,-7.773833751678467,-7.798956394195557,-8.034989356994629
,,148485,558.5958213806152,,,,,,,
,0.0003,148485,,,,,,,,
,,148499,,,278.5003185272217,,,,,
,,148499,,17.276287078857422,,,,,,
95,,148499,,,,0.24899935722351074,-10.11697006225586,,,
,,148549,,,276.66616439819336,,,,,
,,148549,,13.52071762084961,,,,,,
95,,148549,,,,0.2539496421813965,-10.118155479431152,,,
,,148599,,,286.03553771972656,,,,,
,,148599,,17.316341400146484,,,,,,
95,,148599,,,,0.25551486015319824,-9.824525833129883,,,
,,148649,,,277.1320343017578,,,,,
,,148649,,13.328790664672852,,,,,,
95,,148649,,,,0.2572212219238281,-9.78597354888916,,,
,,148699,,,277.34923362731934,,,,,
,,148699,,17.120361328125,,,,,,
95,,148699,,,,0.25560951232910156,-9.87765121459961,,,
,,148749,,,277.0509719848633,,,,,
,,148749,,13.434886932373047,,,,,,
95,,148749,,,,0.24715256690979004,-9.78530216217041,,,
,,148799,,,277.50706672668457,,,,,
,,148799,,17.17066764831543,,,,,,
95,,148799,,,,0.2539660930633545,-9.997273445129395,,,
,,148849,,,277.6601314544678,,,,,
,,148849,,13.09061050415039,,,,,,
95,,148849,,,,0.25499439239501953,-9.643289566040039,,,
,,148899,,,276.86071395874023,,,,,
,,148899,,17.18735694885254,,,,,,
95,,148899,,,,0.2491767406463623,-10.028672218322754,,,
,,148949,,,276.52645111083984,,,,,
,,148949,,14.033794403076172,,,,,,
95,,148949,,,,0.25551629066467285,-10.028970718383789,,,
,,148999,,,277.6668071746826,,,,,
,,148999,,16.994953155517578,,,,,,
95,,148999,,,,0.24361157417297363,-10.1760835647583,,,
,,149049,,,278.30982208251953,,,,,
,,149049,,12.883901596069336,,,,,,
95,,149049,,,,0.2500956058502197,-9.958168983459473,,,
,,149099,,,277.10890769958496,,,,,
,,149099,,17.0743465423584,,,,,,
95,,149099,,,,0.24883031845092773,-9.945989608764648,,,
,,149149,,,276.99947357177734,,,,,
,,149149,,13.600349426269531,,,,,,
95,,149149,,,,0.2573850154876709,-9.836190223693848,,,
,,149199,,,276.9451141357422,,,,,
,,149199,,17.038822174072266,,,,,,
95,,149199,,,,0.25548720359802246,-9.769548416137695,,,
,,149249,,,276.93915367126465,,,,,
,,149249,,13.66877555847168,,,,,,
95,,149249,,,,0.2659928798675537,-9.896437644958496,,,
,,149299,,,281.6922664642334,,,,,
,,149299,,18.953561782836914,,,,,,
95,,149299,,,,0.26114416122436523,-9.842185020446777,,,
,,149349,,,277.329683303833,,,,,
,,149349,,13.103485107421875,,,,,,
95,,149349,,,,0.2635549306869507,-9.882684707641602,,,
,,149399,,,278.06806564331055,,,,,
,,149399,,25.98285675048828,,,,,,
95,,149399,,,,0.25990724563598633,-9.788636207580566,,,
,,149449,,,277.5108814239502,,,,,
,,149449,,13.06605339050293,,,,,,
95,,149449,,,,0.25159406661987305,-9.940749168395996,,,
,,149499,,,288.76376152038574,,,,,
,,149499,,17.10820198059082,,,,,,
95,,149499,,,,0.26221609115600586,-9.98991584777832,,,
,,149549,,,277.27627754211426,,,,,
,,149549,,13.240575790405273,,,,,,
95,,149549,,,,0.2514578104019165,-9.845580101013184,,,
,,149599,,,282.7169895172119,,,,,
,,149599,,21.57735824584961,,,,,,
95,,149599,,,,0.24763226509094238,-9.716249465942383,,,
,,149649,,,277.6322364807129,,,,,
,,149649,,13.218879699707031,,,,,,
95,,149649,,,,0.24741387367248535,-9.81209659576416,,,
,,149699,,,279.3722152709961,,,,,
,,149699,,17.139911651611328,,,,,,
95,,149699,,,,0.24950432777404785,-9.891602516174316,,,
,,149749,,,277.3327827453613,,,,,
,,149749,,13.156414031982422,,,,,,
95,,149749,,,,0.24684131145477295,-9.872292518615723,,,
,,149799,,,277.2693634033203,,,,,
,,149799,,17.16756820678711,,,,,,
95,,149799,,,,0.2464299201965332,-10.200551986694336,,,
,,149849,,,289.95442390441895,,,,,
,,149849,,7.848024368286133,,,,,,
95,,149849,,,,0.24114274978637695,-10.119547843933105,,,
,,149899,,,277.65798568725586,,,,,
,,149899,,17.603158950805664,,,,,,
95,,149899,,,,0.2527480125427246,-9.989283561706543,,,
,,149949,,,278.38993072509766,,,,,
,,149949,,13.022184371948242,,,,,,
95,,149949,,,,0.25739502906799316,-9.949639320373535,,,
,,149999,,,278.0008316040039,,,,,
,,149999,,17.172574996948242,,,,,,
95,,149999,,,,0.24794626235961914,-9.938863754272461,,,
95,,150047,,,,,,-7.774351596832275,-7.800928115844727,-8.037297248840332
,,150048,558.5268726348877,,,,,,,
,0.0003,150048,,,,,,,,
,,150049,,,350.649356842041,,,,,
,,150049,,4.1141510009765625,,,,,,
96,,150049,,,,0.25724053382873535,-9.960615158081055,,,
,,150099,,,277.9524326324463,,,,,
,,150099,,17.11249351501465,,,,,,
96,,150099,,,,0.25487375259399414,-9.995542526245117,,,
,,150149,,,277.4660587310791,,,,,
,,150149,,13.385295867919922,,,,,,
96,,150149,,,,0.2559530735015869,-9.797106742858887,,,
,,150199,,,279.8731327056885,,,,,
,,150199,,17.207622528076172,,,,,,
96,,150199,,,,0.2622206211090088,-9.808332443237305,,,
,,150249,,,277.50372886657715,,,,,
,,150249,,13.353824615478516,,,,,,
96,,150249,,,,0.26929378509521484,-9.762054443359375,,,
,,150299,,,277.4088382720947,,,,,
,,150299,,17.22097396850586,,,,,,
96,,150299,,,,0.25066113471984863,-9.874555587768555,,,
,,150349,,,301.51987075805664,,,,,
,,150349,,10.431289672851562,,,,,,
96,,150349,,,,0.25067830085754395,-10.06208610534668,,,
,,150399,,,277.39477157592773,,,,,
,,150399,,17.07005500793457,,,,,,
96,,150399,,,,0.25304722785949707,-9.741599082946777,,,
,,150449,,,277.77624130249023,,,,,
,,150449,,13.135433197021484,,,,,,
96,,150449,,,,0.25604724884033203,-9.9498291015625,,,
,,150499,,,277.493953704834,,,,,
,,150499,,18.01133155822754,,,,,,
96,,150499,,,,0.25101351737976074,-9.962018013000488,,,
,,150549,,,277.64248847961426,,,,,
,,150549,,12.994766235351562,,,,,,
96,,150549,,,,0.24529719352722168,-9.916627883911133,,,
,,150599,,,277.2493362426758,,,,,
,,150599,,17.139434814453125,,,,,,
96,,150599,,,,0.25117063522338867,-9.672417640686035,,,
,,150649,,,277.52232551574707,,,,,
,,150649,,13.145923614501953,,,,,,
96,,150649,,,,0.24669694900512695,-9.778949737548828,,,
,,150699,,,277.3444652557373,,,,,
,,150699,,17.11440086364746,,,,,,
96,,150699,,,,0.24894118309020996,-9.730409622192383,,,
,,150749,,,277.67348289489746,,,,,
,,150749,,13.385534286499023,,,,,,
96,,150749,,,,0.24781179428100586,-9.892049789428711,,,
,,150799,,,277.8158187866211,,,,,
,,150799,,17.260313034057617,,,,,,
96,,150799,,,,0.2500736713409424,-9.845458030700684,,,
,,150849,,,287.62006759643555,,,,,
,,150849,,12.9547119140625,,,,,,
96,,150849,,,,0.25699329376220703,-9.747573852539062,,,
,,150899,,,277.70256996154785,,,,,
,,150899,,17.209291458129883,,,,,,
96,,150899,,,,0.262845516204834,-9.714024543762207,,,
,,150949,,,277.5158882141113,,,,,
,,150949,,13.185977935791016,,,,,,
96,,150949,,,,0.2617344856262207,-9.800532341003418,,,
,,150999,,,277.4224281311035,,,,,
,,150999,,17.12322235107422,,,,,,
96,,150999,,,,0.26061272621154785,-9.655770301818848,,,
,,151049,,,277.8339385986328,,,,,
,,151049,,13.122320175170898,,,,,,
96,,151049,,,,0.2586181163787842,-9.816312789916992,,,
,,151099,,,277.75049209594727,,,,,
,,151099,,17.75646209716797,,,,,,
96,,151099,,,,0.25597357749938965,-9.837693214416504,,,
,,151149,,,277.4186134338379,,,,,
,,151149,,13.32235336303711,,,,,,
96,,151149,,,,0.25892210006713867,-9.863665580749512,,,
,,151199,,,277.8937816619873,,,,,
,,151199,,17.307281494140625,,,,,,
96,,151199,,,,0.26932477951049805,-9.668558120727539,,,
,,151249,,,279.4189453125,,,,,
,,151249,,12.893438339233398,,,,,,
96,,151249,,,,0.2775871753692627,-9.671041488647461,,,
,,151299,,,277.5380611419678,,,,,
,,151299,,17.215728759765625,,,,,,
96,,151299,,,,0.2707681655883789,-9.856393814086914,,,
,,151349,,,277.71496772766113,,,,,
,,151349,,13.12565803527832,,,,,,
96,,151349,,,,0.26529765129089355,-9.81605339050293,,,
,,151399,,,285.84814071655273,,,,,
,,151399,,17.12656021118164,,,,,,
96,,151399,,,,0.2612793445587158,-9.920610427856445,,,
,,151449,,,277.1584987640381,,,,,
,,151449,,13.293981552124023,,,,,,
96,,151449,,,,0.2622525691986084,-9.730883598327637,,,
,,151499,,,277.4004936218262,,,,,
,,151499,,17.455101013183594,,,,,,
96,,151499,,,,0.26329195499420166,-9.737892150878906,,,
,,151549,,,291.17512702941895,,,,,
,,151549,,13.631343841552734,,,,,,
96,,151549,,,,0.26628971099853516,-9.651914596557617,,,
,,151599,,,277.78077125549316,,,,,
,,151599,,17.178058624267578,,,,,,
96,,151599,,,,0.27062034606933594,-9.71943473815918,,,
96,,151610,,,,,,-7.774289131164551,-7.800806045532227,-8.03073787689209
,,151611,558.3430116176605,,,,,,,
,0.0003,151611,,,,,,,,
,,151649,,,277.27341651916504,,,,,
,,151649,,13.239383697509766,,,,,,
97,,151649,,,,0.2594563961029053,-9.834113121032715,,,
,,151699,,,277.1172523498535,,,,,
,,151699,,17.289161682128906,,,,,,
97,,151699,,,,0.2558894157409668,-9.775687217712402,,,
,,151749,,,279.74748611450195,,,,,
,,151749,,12.559890747070312,,,,,,
97,,151749,,,,0.25541186332702637,-9.962591171264648,,,
,,151799,,,276.94034576416016,,,,,
,,151799,,17.058134078979492,,,,,,
97,,151799,,,,0.2708287239074707,-10.057987213134766,,,
,,151849,,,276.96967124938965,,,,,
,,151849,,13.42630386352539,,,,,,
97,,151849,,,,0.26586246490478516,-9.84549331665039,,,
,,151899,,,287.92715072631836,,,,,
,,151899,,17.072439193725586,,,,,,
97,,151899,,,,0.26331233978271484,-9.634723663330078,,,
,,151949,,,282.2458744049072,,,,,
,,151949,,10.064125061035156,,,,,,
97,,151949,,,,0.25794172286987305,-9.68708610534668,,,
,,151999,,,288.0735397338867,,,,,
,,151999,,21.778345108032227,,,,,,
97,,151999,,,,0.2564396858215332,-9.7955322265625,,,
,,152049,,,277.202844619751,,,,,
,,152049,,13.305425643920898,,,,,,
97,,152049,,,,0.2668578624725342,-9.873997688293457,,,
,,152099,,,284.6212387084961,,,,,
,,152099,,23.544788360595703,,,,,,
97,,152099,,,,0.270374059677124,-9.788750648498535,,,
,,152149,,,287.2731685638428,,,,,
,,152149,,12.545347213745117,,,,,,
97,,152149,,,,0.2708144187927246,-9.684757232666016,,,
,,152199,,,291.3944721221924,,,,,
,,152199,,25.737285614013672,,,,,,
97,,152199,,,,0.26362061500549316,-9.666510581970215,,,
,,152249,,,277.44507789611816,,,,,
,,152249,,13.19575309753418,,,,,,
97,,152249,,,,0.26398539543151855,-9.897008895874023,,,
,,152299,,,276.89647674560547,,,,,
,,152299,,17.251968383789062,,,,,,
97,,152299,,,,0.2698017358779907,-9.475567817687988,,,
,,152349,,,278.43427658081055,,,,,
,,152349,,12.97307014465332,,,,,,
97,,152349,,,,0.26329565048217773,-9.5442476272583,,,
,,152399,,,277.7249813079834,,,,,
,,152399,,17.08531379699707,,,,,,
97,,152399,,,,0.2654612064361572,-9.666239738464355,,,
,,152449,,,277.8201103210449,,,,,
,,152449,,12.761116027832031,,,,,,
97,,152449,,,,0.2598605155944824,-9.69173812866211,,,
,,152499,,,277.7283191680908,,,,,
,,152499,,17.26388931274414,,,,,,
97,,152499,,,,0.2542545795440674,-9.78364086151123,,,
,,152549,,,277.4157524108887,,,,,
,,152549,,13.12875747680664,,,,,,
97,,152549,,,,0.26508641242980957,-9.687081336975098,,,
,,152599,,,306.89501762390137,,,,,
,,152599,,18.398046493530273,,,,,,
97,,152599,,,,0.2577662467956543,-9.81699275970459,,,
,,152649,,,277.3251533508301,,,,,
,,152649,,13.245105743408203,,,,,,
97,,152649,,,,0.2600231170654297,-9.721837997436523,,,
,,152699,,,277.9848575592041,,,,,
,,152699,,17.30966567993164,,,,,,
97,,152699,,,,0.2709529399871826,-9.639165878295898,,,
,,152749,,,287.9202365875244,,,,,
,,152749,,11.567354202270508,,,,,,
97,,152749,,,,0.2643001079559326,-9.67078971862793,,,
,,152799,,,288.80977630615234,,,,,
,,152799,,23.48184585571289,,,,,,
97,,152799,,,,0.2725811004638672,-9.874457359313965,,,
,,152849,,,287.2047424316406,,,,,
,,152849,,12.764692306518555,,,,,,
97,,152849,,,,0.27193307876586914,-9.747762680053711,,,
,,152899,,,278.0413627624512,,,,,
,,152899,,25.73537826538086,,,,,,
97,,152899,,,,0.2693297863006592,-9.671552658081055,,,
,,152949,,,285.45498847961426,,,,,
,,152949,,12.914180755615234,,,,,,
97,,152949,,,,0.259690523147583,-9.865341186523438,,,
,,152999,,,283.89835357666016,,,,,
,,152999,,17.14038848876953,,,,,,
97,,152999,,,,0.2615039348602295,-9.885351181030273,,,
,,153049,,,280.9152603149414,,,,,
,,153049,,10.026216506958008,,,,,,
97,,153049,,,,0.2652735710144043,-9.843058586120605,,,
,,153099,,,288.7227535247803,,,,,
,,153099,,18.099308013916016,,,,,,
97,,153099,,,,0.26499366760253906,-9.83633041381836,,,
,,153149,,,278.4457206726074,,,,,
,,153149,,14.11128044128418,,,,,,
97,,153149,,,,0.271226167678833,-9.689130783081055,,,
97,,153173,,,,,,-7.774737358093262,-7.802199840545654,-8.023201942443848
,,153174,562.0768001079559,,,,,,,
,0.0003,153174,,,,,,,,
,,153199,,,282.4826240539551,,,,,
,,153199,,22.338151931762695,,,,,,
98,,153199,,,,0.26621103286743164,-9.633382797241211,,,
,,153249,,,287.3396873474121,,,,,
,,153249,,12.312650680541992,,,,,,
98,,153249,,,,0.26654601097106934,-9.866281509399414,,,
,,153299,,,287.402868270874,,,,,
,,153299,,17.325401306152344,,,,,,
98,,153299,,,,0.26815319061279297,-9.943745613098145,,,
,,153349,,,293.4424877166748,,,,,
,,153349,,8.304834365844727,,,,,,
98,,153349,,,,0.2604038715362549,-9.694527626037598,,,
,,153399,,,279.1266441345215,,,,,
,,153399,,17.24553108215332,,,,,,
98,,153399,,,,0.26704728603363037,-9.5961275100708,,,
,,153449,,,291.2616729736328,,,,,
,,153449,,9.369850158691406,,,,,,
98,,153449,,,,0.25523877143859863,-9.732791900634766,,,
,,153499,,,279.4792652130127,,,,,
,,153499,,17.319917678833008,,,,,,
98,,153499,,,,0.2668633460998535,-9.805938720703125,,,
,,153549,,,287.9221439361572,,,,,
,,153549,,11.561393737792969,,,,,,
98,,153549,,,,0.26215147972106934,-9.728110313415527,,,
,,153599,,,278.2938480377197,,,,,
,,153599,,17.181873321533203,,,,,,
98,,153599,,,,0.2559187412261963,-9.880035400390625,,,
,,153649,,,302.6702404022217,,,,,
,,153649,,5.073308944702148,,,,,,
98,,153649,,,,0.25094175338745117,-9.89231014251709,,,
,,153699,,,278.0125141143799,,,,,
,,153699,,17.21334457397461,,,,,,
98,,153699,,,,0.26919543743133545,-9.955670356750488,,,
,,153749,,,286.9560718536377,,,,,
,,153749,,12.591838836669922,,,,,,
98,,153749,,,,0.2727658748626709,-9.66778564453125,,,
,,153799,,,283.94556045532227,,,,,
,,153799,,22.124290466308594,,,,,,
98,,153799,,,,0.2620384693145752,-9.698992729187012,,,
,,153849,,,286.8385314941406,,,,,
,,153849,,14.393329620361328,,,,,,
98,,153849,,,,0.24893665313720703,-9.965362548828125,,,
,,153899,,,285.2208614349365,,,,,
,,153899,,17.13418960571289,,,,,,
98,,153899,,,,0.25025856494903564,-10.011167526245117,,,
,,153949,,,289.2494201660156,,,,,
,,153949,,10.84589958190918,,,,,,
98,,153949,,,,0.2348012924194336,-9.948226928710938,,,
,,153999,,,278.1946659088135,,,,,
,,153999,,17.17829704284668,,,,,,
98,,153999,,,,0.24261510372161865,-10.097879409790039,,,
,,154049,,,281.4974784851074,,,,,
,,154049,,9.992599487304688,,,,,,
98,,154049,,,,0.24265694618225098,-9.983574867248535,,,
,,154099,,,278.3803939819336,,,,,
,,154099,,17.306804656982422,,,,,,
98,,154099,,,,0.2445826530456543,-9.854308128356934,,,
,,154149,,,278.37061882019043,,,,,
,,154149,,13.431310653686523,,,,,,
98,,154149,,,,0.2510794401168823,-10.028326034545898,,,
,,154199,,,278.7647247314453,,,,,
,,154199,,17.264604568481445,,,,,,
98,,154199,,,,0.25835394859313965,-9.735466957092285,,,
,,154249,,,278.66125106811523,,,,,
,,154249,,12.364864349365234,,,,,,
98,,154249,,,,0.251359224319458,-9.766806602478027,,,
,,154299,,,289.994478225708,,,,,
,,154299,,23.228168487548828,,,,,,
98,,154299,,,,0.24149668216705322,-9.814087867736816,,,
,,154349,,,278.1383991241455,,,,,
,,154349,,12.813091278076172,,,,,,
98,,154349,,,,0.25147414207458496,-9.816790580749512,,,
,,154399,,,288.7732982635498,,,,,
,,154399,,23.195505142211914,,,,,,
98,,154399,,,,0.24988186359405518,-9.758691787719727,,,
,,154449,,,284.95001792907715,,,,,
,,154449,,7.804632186889648,,,,,,
98,,154449,,,,0.25632715225219727,-10.016347885131836,,,
,,154499,,,289.9932861328125,,,,,
,,154499,,23.359060287475586,,,,,,
98,,154499,,,,0.2514803409576416,-9.894363403320312,,,
,,154549,,,277.91666984558105,,,,,
,,154549,,12.685775756835938,,,,,,
98,,154549,,,,0.2547945976257324,-9.968118667602539,,,
,,154599,,,287.3075008392334,,,,,
,,154599,,17.288923263549805,,,,,,
98,,154599,,,,0.25524353981018066,-9.98208999633789,,,
,,154649,,,278.3200740814209,,,,,
,,154649,,12.404680252075195,,,,,,
98,,154649,,,,0.26270246505737305,-9.78727912902832,,,
,,154699,,,292.4017906188965,,,,,
,,154699,,21.453380584716797,,,,,,
98,,154699,,,,0.2647378444671631,-9.914255142211914,,,
98,,154736,,,,,,-7.775261878967285,-7.803181171417236,-8.038049697875977
,,154737,563.993221282959,,,,,,,
,0.0003,154737,,,,,,,,
,,154749,,,286.73267364501953,,,,,
,,154749,,12.134313583374023,,,,,,
99,,154749,,,,0.2695503234863281,-10.059097290039062,,,
,,154799,,,287.5041961669922,,,,,
,,154799,,25.672197341918945,,,,,,
99,,154799,,,,0.25596022605895996,-9.807926177978516,,,
,,154849,,,278.42235565185547,,,,,
,,154849,,12.685060501098633,,,,,,
99,,154849,,,,0.26225531101226807,-9.954313278198242,,,
,,154899,,,287.4174118041992,,,,,
,,154899,,25.796890258789062,,,,,,
99,,154899,,,,0.2674245834350586,-9.705544471740723,,,
,,154949,,,287.19282150268555,,,,,
,,154949,,12.63284683227539,,,,,,
99,,154949,,,,0.26783156394958496,-9.809711456298828,,,
,,154999,,,289.11709785461426,,,,,
,,154999,,17.107725143432617,,,,,,
99,,154999,,,,0.2676503658294678,-9.614386558532715,,,
,,155049,,,284.52396392822266,,,,,
,,155049,,15.138387680053711,,,,,,
99,,155049,,,,0.2645840644836426,-10.063471794128418,,,
,,155099,,,280.08317947387695,,,,,
,,155099,,23.577451705932617,,,,,,
99,,155099,,,,0.26828527450561523,-9.990121841430664,,,
,,155149,,,278.4922122955322,,,,,
,,155149,,12.187004089355469,,,,,,
99,,155149,,,,0.26895642280578613,-9.906033515930176,,,
,,155199,,,277.7700424194336,,,,,
,,155199,,17.1661376953125,,,,,,
99,,155199,,,,0.2669198513031006,-9.90950870513916,,,
,,155249,,,278.5665988922119,,,,,
,,155249,,12.135505676269531,,,,,,
99,,155249,,,,0.25983214378356934,-9.923222541809082,,,
,,155299,,,278.5365581512451,,,,,
,,155299,,17.14015007019043,,,,,,
99,,155299,,,,0.25843048095703125,-10.010225296020508,,,
,,155349,,,278.1221866607666,,,,,
,,155349,,12.400388717651367,,,,,,
99,,155349,,,,0.2629845142364502,-9.703672409057617,,,
,,155399,,,277.79197692871094,,,,,
,,155399,,17.73381233215332,,,,,,
99,,155399,,,,0.2621607780456543,-9.943807601928711,,,
,,155449,,,277.91905403137207,,,,,
,,155449,,12.722253799438477,,,,,,
99,,155449,,,,0.257443904876709,-9.752009391784668,,,
,,155499,,,278.6061763763428,,,,,
,,155499,,17.202377319335938,,,,,,
99,,155499,,,,0.25427985191345215,-9.851919174194336,,,
,,155549,,,289.4268035888672,,,,,
,,155549,,11.831283569335938,,,,,,
99,,155549,,,,0.25739073753356934,-9.819107055664062,,,
,,155599,,,286.6480350494385,,,,,
,,155599,,17.117977142333984,,,,,,
99,,155599,,,,0.2564890384674072,-10.007963180541992,,,
,,155649,,,278.1836986541748,,,,,
,,155649,,12.593746185302734,,,,,,
99,,155649,,,,0.24863171577453613,-9.71838092803955,,,
,,155699,,,277.8918743133545,,,,,
,,155699,,25.897741317749023,,,,,,
99,,155699,,,,0.24026751518249512,-9.91974925994873,,,
,,155749,,,291.3663387298584,,,,,
,,155749,,8.56637954711914,,,,,,
99,,155749,,,,0.2452256679534912,-10.095864295959473,,,
,,155799,,,292.24324226379395,,,,,
,,155799,,22.1865177154541,,,,,,
99,,155799,,,,0.2526620626449585,-9.734687805175781,,,
,,155849,,,299.43251609802246,,,,,
,,155849,,4.493951797485352,,,,,,
99,,155849,,,,0.26153564453125,-9.910497665405273,,,
,,155899,,,282.67908096313477,,,,,
,,155899,,21.96335792541504,,,,,,
99,,155899,,,,0.25376081466674805,-9.871177673339844,,,
,,155949,,,286.44657135009766,,,,,
,,155949,,12.186765670776367,,,,,,
99,,155949,,,,0.26537537574768066,-9.744222640991211,,,
,,155999,,,278.5511016845703,,,,,
,,155999,,26.165485382080078,,,,,,
99,,155999,,,,0.24779009819030762,-9.87238597869873,,,
,,156049,,,287.92643547058105,,,,,
,,156049,,13.392925262451172,,,,,,
99,,156049,,,,0.2551271915435791,-9.844876289367676,,,
,,156099,,,278.6517143249512,,,,,
,,156099,,17.700910568237305,,,,,,
99,,156099,,,,0.26235854625701904,-9.922410011291504,,,
,,156149,,,279.1333198547363,,,,,
,,156149,,12.378454208374023,,,,,,
99,,156149,,,,0.2652754783630371,-9.691413879394531,,,
,,156199,,,286.99421882629395,,,,,
,,156199,,25.404691696166992,,,,,,
99,,156199,,,,0.2652266025543213,-9.786041259765625,,,
,,156249,,,278.5980701446533,,,,,
,,156249,,12.431621551513672,,,,,,
99,,156249,,,,0.2711195945739746,-9.597951889038086,,,
,,156299,,,278.50890159606934,,,,,
,,156299,,17.081022262573242,,,,,,
99,,156299,,,,0.28024888038635254,-9.700726509094238,,,
99,,156299,,,,,,-7.774422645568848,-7.801577568054199,-8.023097038269043
,,156300,563.892256975174,,,,,,,
,0.0003,156300,,,,,,,,
,,156349,,,287.5018119812012,,,,,
,,156349,,11.780261993408203,,,,,,
100,,156349,,,,0.28075146675109863,-9.7799654006958,,,
,,156399,,,283.1559181213379,,,,,
,,156399,,22.745370864868164,,,,,,
100,,156399,,,,0.27130281925201416,-9.74527645111084,,,
,,156449,,,286.8659496307373,,,,,
,,156449,,13.839960098266602,,,,,,
100,,156449,,,,0.2670469284057617,-9.753376007080078,,,
,,156499,,,278.10072898864746,,,,,
,,156499,,26.114225387573242,,,,,,
100,,156499,,,,0.25617146492004395,-9.941619873046875,,,
,,156549,,,288.8963222503662,,,,,
,,156549,,11.590719223022461,,,,,,
100,,156549,,,,0.26717710494995117,-9.89468765258789,,,
,,156599,,,279.53648567199707,,,,,
,,156599,,17.23313331604004,,,,,,
100,,156599,,,,0.2784461975097656,-9.7855224609375,,,
,,156649,,,278.9807319641113,,,,,
,,156649,,12.392997741699219,,,,,,
100,,156649,,,,0.27748656272888184,-9.731372833251953,,,
,,156699,,,320.85180282592773,,,,,
,,156699,,24.9631404876709,,,,,,
100,,156699,,,,0.27489161491394043,-9.507214546203613,,,
,,156749,,,290.70234298706055,,,,,
,,156749,,10.962486267089844,,,,,,
100,,156749,,,,0.26931023597717285,-9.846858024597168,,,
,,156799,,,287.3694896697998,,,,,
,,156799,,26.596784591674805,,,,,,
100,,156799,,,,0.2761843204498291,-9.62879753112793,,,
,,156849,,,289.41869735717773,,,,,
,,156849,,10.577917098999023,,,,,,
100,,156849,,,,0.27121543884277344,-9.678401947021484,,,
,,156899,,,290.1265621185303,,,,,
,,156899,,23.58865737915039,,,,,,
100,,156899,,,,0.2745852470397949,-9.70476245880127,,,
,,156949,,,289.3221378326416,,,,,
,,156949,,11.299610137939453,,,,,,
100,,156949,,,,0.25603318214416504,-9.853899002075195,,,
,,156999,,,288.38205337524414,,,,,
,,156999,,24.39713478088379,,,,,,
100,,156999,,,,0.25144290924072266,-9.899015426635742,,,
,,157049,,,299.6218204498291,,,,,
,,157049,,4.631757736206055,,,,,,
100,,157049,,,,0.25286364555358887,-9.792993545532227,,,
,,157099,,,285.63904762268066,,,,,
,,157099,,23.674964904785156,,,,,,
100,,157099,,,,0.25501060485839844,-10.037262916564941,,,
,,157149,,,282.5970649719238,,,,,
,,157149,,9.98067855834961,,,,,,
100,,157149,,,,0.2516164779663086,-9.841757774353027,,,
,,157199,,,286.76509857177734,,,,,
,,157199,,26.146888732910156,,,,,,
100,,157199,,,,0.26451611518859863,-9.663000106811523,,,
,,157249,,,279.1581153869629,,,,,
,,157249,,11.955738067626953,,,,,,
100,,157249,,,,0.25877857208251953,-9.774152755737305,,,
,,157299,,,278.4290313720703,,,,,
,,157299,,17.7459716796875,,,,,,
100,,157299,,,,0.25192761421203613,-9.968592643737793,,,
,,157349,,,292.0422554016113,,,,,
,,157349,,10.185718536376953,,,,,,
100,,157349,,,,0.25382542610168457,-9.830788612365723,,,
,,157399,,,284.34109687805176,,,,,
,,157399,,22.18461036682129,,,,,,
100,,157399,,,,0.25302934646606445,-9.95541763305664,,,
,,157449,,,279.1163921356201,,,,,
,,157449,,12.040376663208008,,,,,,
100,,157449,,,,0.2607996463775635,-9.76484489440918,,,
,,157499,,,290.5290126800537,,,,,
,,157499,,17.20452308654785,,,,,,
100,,157499,,,,0.25830793380737305,-9.938826560974121,,,
,,157549,,,283.8582992553711,,,,,
,,157549,,11.977672576904297,,,,,,
100,,157549,,,,0.25611162185668945,-9.925130844116211,,,
,,157599,,,290.94648361206055,,,,,
,,157599,,22.919893264770508,,,,,,
100,,157599,,,,0.26268863677978516,-9.895492553710938,,,
,,157649,,,287.84823417663574,,,,,
,,157649,,11.371612548828125,,,,,,
100,,157649,,,,0.2666490077972412,-9.663599967956543,,,
,,157699,,,278.8996696472168,,,,,
,,157699,,17.49253273010254,,,,,,
100,,157699,,,,0.25742650032043457,-9.76911449432373,,,
,,157749,,,280.1361083984375,,,,,
,,157749,,11.398553848266602,,,,,,
100,,157749,,,,0.2645599842071533,-9.76616096496582,,,
,,157799,,,307.4684143066406,,,,,
,,157799,,25.33268928527832,,,,,,
100,,157799,,,,0.267925500869751,-9.762940406799316,,,
,,157849,,,284.1453552246094,,,,,
,,157849,,11.236906051635742,,,,,,
100,,157849,,,,0.2667055130004883,-9.806916236877441,,,
100,,157862,,,,,,-7.773615837097168,-7.798635005950928,-8.025543212890625
,,157863,568.2647294998169,,,,,,,
,0.0003,157863,,,,,,,,
,,157899,,,289.5617485046387,,,,,
,,157899,,17.274856567382812,,,,,,
101,,157899,,,,0.259108304977417,-9.735366821289062,,,
,,157949,,,289.7918224334717,,,,,
,,157949,,12.035846710205078,,,,,,
101,,157949,,,,0.25607872009277344,-9.861145973205566,,,
,,157999,,,287.32967376708984,,,,,
,,157999,,24.60789680480957,,,,,,
101,,157999,,,,0.24269366264343262,-9.877889633178711,,,
,,158049,,,280.2395820617676,,,,,
,,158049,,11.685848236083984,,,,,,
101,,158049,,,,0.2487579584121704,-9.838519096374512,,,
,,158099,,,284.90376472473145,,,,,
,,158099,,17.020225524902344,,,,,,
101,,158099,,,,0.257474422454834,-9.590604782104492,,,
,,158149,,,277.71663665771484,,,,,
,,158149,,11.80267333984375,,,,,,
101,,158149,,,,0.26259422302246094,-9.645580291748047,,,
,,158199,,,297.8048324584961,,,,,
,,158199,,20.838022232055664,,,,,,
101,,158199,,,,0.2615928649902344,-9.711198806762695,,,
,,158249,,,291.9154167175293,,,,,
,,158249,,11.249065399169922,,,,,,
101,,158249,,,,0.2520484924316406,-9.776738166809082,,,
,,158299,,,290.30823707580566,,,,,
,,158299,,23.913860321044922,,,,,,
101,,158299,,,,0.2553178071975708,-9.875798225402832,,,
,,158349,,,291.2769317626953,,,,,
,,158349,,8.785724639892578,,,,,,
101,,158349,,,,0.25483274459838867,-9.842877388000488,,,
,,158399,,,285.93945503234863,,,,,
,,158399,,26.031970977783203,,,,,,
101,,158399,,,,0.2546992301940918,-9.83377742767334,,,
,,158449,,,288.03420066833496,,,,,
,,158449,,12.285232543945312,,,,,,
101,,158449,,,,0.25550127029418945,-10.06221866607666,,,
,,158499,,,290.56739807128906,,,,,
,,158499,,21.918535232543945,,,,,,
101,,158499,,,,0.25380635261535645,-10.060708999633789,,,
,,158549,,,287.68420219421387,,,,,
,,158549,,8.928060531616211,,,,,,
101,,158549,,,,0.2559335231781006,-9.827475547790527,,,
,,158599,,,285.3357791900635,,,,,
,,158599,,26.460886001586914,,,,,,
101,,158599,,,,0.24637651443481445,-9.875520706176758,,,
,,158649,,,287.1973514556885,,,,,
,,158649,,10.068893432617188,,,,,,
101,,158649,,,,0.24813246726989746,-9.704676628112793,,,
,,158699,,,293.5142517089844,,,,,
,,158699,,26.536226272583008,,,,,,
101,,158699,,,,0.24498724937438965,-9.979433059692383,,,
,,158749,,,292.1130657196045,,,,,
,,158749,,8.301973342895508,,,,,,
101,,158749,,,,0.24940133094787598,-9.7906494140625,,,
,,158799,,,288.44690322875977,,,,,
,,158799,,24.82128143310547,,,,,,
101,,158799,,,,0.25411009788513184,-9.67097282409668,,,
,,158849,,,276.93629264831543,,,,,
,,158849,,11.95669174194336,,,,,,
101,,158849,,,,0.25030040740966797,-9.648344039916992,,,
,,158899,,,276.3559818267822,,,,,
,,158899,,17.13705062866211,,,,,,
101,,158899,,,,0.2555863857269287,-9.762097358703613,,,
,,158949,,,289.07060623168945,,,,,
,,158949,,11.477947235107422,,,,,,
101,,158949,,,,0.24453961849212646,-9.866668701171875,,,
,,158999,,,289.00146484375,,,,,
,,158999,,26.671648025512695,,,,,,
101,,158999,,,,0.2517673969268799,-9.940110206604004,,,
,,159049,,,289.80493545532227,,,,,
,,159049,,10.536909103393555,,,,,,
101,,159049,,,,0.24782562255859375,-9.909603118896484,,,
,,159099,,,277.04524993896484,,,,,
,,159099,,17.28367805480957,,,,,,
101,,159099,,,,0.24325776100158691,-9.994266510009766,,,
,,159149,,,291.19396209716797,,,,,
,,159149,,9.901046752929688,,,,,,
101,,159149,,,,0.24932682514190674,-9.852534294128418,,,
,,159199,,,291.11194610595703,,,,,
,,159199,,23.3612060546875,,,,,,
101,,159199,,,,0.2626659870147705,-9.766568183898926,,,
,,159249,,,277.12321281433105,,,,,
,,159249,,12.032508850097656,,,,,,
101,,159249,,,,0.27452588081359863,-9.723809242248535,,,
,,159299,,,276.5812873840332,,,,,
,,159299,,17.03357696533203,,,,,,
101,,159299,,,,0.2603328227996826,-9.761747360229492,,,
,,159349,,,277.026891708374,,,,,
,,159349,,12.355327606201172,,,,,,
101,,159349,,,,0.2671167850494385,-9.574899673461914,,,
,,159399,,,288.2189750671387,,,,,
,,159399,,17.509937286376953,,,,,,
101,,159399,,,,0.2568495273590088,-9.652703285217285,,,
101,,159425,,,,,,-7.774547576904297,-7.80223274230957,-8.035400390625
,,159426,567.1211335659027,,,,,,,
,0.0003,159426,,,,,,,,
,,159449,,,292.99306869506836,,,,,
,,159449,,9.685993194580078,,,,,,
102,,159449,,,,0.25953173637390137,-9.858945846557617,,,
,,159499,,,282.7131748199463,,,,,
,,159499,,22.81045913696289,,,,,,
102,,159499,,,,0.2706596851348877,-9.728283882141113,,,
,,159549,,,278.31339836120605,,,,,
,,159549,,14.62554931640625,,,,,,
102,,159549,,,,0.2679760456085205,-9.59947681427002,,,
,,159599,,,290.71545600891113,,,,,
,,159599,,21.607637405395508,,,,,,
102,,159599,,,,0.259033203125,-9.920721054077148,,,
,,159649,,,277.3921489715576,,,,,
,,159649,,14.815568923950195,,,,,,
102,,159649,,,,0.25371432304382324,-9.866288185119629,,,
,,159699,,,287.42027282714844,,,,,
,,159699,,17.192363739013672,,,,,,
102,,159699,,,,0.2544822692871094,-9.981759071350098,,,
,,159749,,,276.500940322876,,,,,
,,159749,,12.668609619140625,,,,,,
102,,159749,,,,0.26047611236572266,-9.823710441589355,,,
,,159799,,,278.70750427246094,,,,,
,,159799,,26.32761001586914,,,,,,
102,,159799,,,,0.2632613182067871,-9.831812858581543,,,
,,159849,,,276.7953872680664,,,,,
,,159849,,12.530088424682617,,,,,,
102,,159849,,,,0.26785898208618164,-9.67533016204834,,,
,,159899,,,289.9203300476074,,,,,
,,159899,,22.946596145629883,,,,,,
102,,159899,,,,0.2624020576477051,-9.891474723815918,,,
,,159949,,,293.02239418029785,,,,,
,,159949,,8.327007293701172,,,,,,
102,,159949,,,,0.2610971927642822,-9.683816909790039,,,
,,159999,,,285.8278751373291,,,,,
,,159999,,26.29375457763672,,,,,,
102,,159999,,,,0.25821518898010254,-9.829716682434082,,,
,,160049,,,280.2615165710449,,,,,
,,160049,,10.341405868530273,,,,,,
102,,160049,,,,0.2638368606567383,-9.787976264953613,,,
,,160099,,,278.3186435699463,,,,,
,,160099,,17.84801483154297,,,,,,
102,,160099,,,,0.26954054832458496,-9.735032081604004,,,
,,160149,,,287.7664566040039,,,,,
,,160149,,12.364387512207031,,,,,,
102,,160149,,,,0.2720808982849121,-9.759201049804688,,,
,,160199,,,277.4970531463623,,,,,
,,160199,,26.0617733001709,,,,,,
102,,160199,,,,0.2694213390350342,-9.727606773376465,,,
,,160249,,,278.5944938659668,,,,,
,,160249,,11.172771453857422,,,,,,
102,,160249,,,,0.27584385871887207,-9.676478385925293,,,
,,160299,,,278.3498764038086,,,,,
,,160299,,17.1353816986084,,,,,,
102,,160299,,,,0.27478790283203125,-9.570286750793457,,,
,,160349,,,283.6573123931885,,,,,
,,160349,,14.237642288208008,,,,,,
102,,160349,,,,0.27461981773376465,-9.67294692993164,,,
,,160399,,,277.71902084350586,,,,,
,,160399,,17.34137535095215,,,,,,
102,,160399,,,,0.2665865421295166,-9.741103172302246,,,
,,160449,,,282.9015254974365,,,,,
,,160449,,9.168386459350586,,,,,,
102,,160449,,,,0.269456148147583,-9.668107986450195,,,
,,160499,,,294.4304943084717,,,,,
,,160499,,17.37380027770996,,,,,,
102,,160499,,,,0.28183507919311523,-9.493461608886719,,,
,,160549,,,287.6286506652832,,,,,
,,160549,,11.278390884399414,,,,,,
102,,160549,,,,0.28921985626220703,-9.766408920288086,,,
,,160599,,,277.21524238586426,,,,,
,,160599,,17.208099365234375,,,,,,
102,,160599,,,,0.2715144157409668,-9.888711929321289,,,
,,160649,,,286.1478328704834,,,,,
,,160649,,11.135101318359375,,,,,,
102,,160649,,,,0.2865886688232422,-9.634108543395996,,,
,,160699,,,289.4890308380127,,,,,
,,160699,,23.57935905456543,,,,,,
102,,160699,,,,0.2864811420440674,-9.571528434753418,,,
,,160749,,,277.7986526489258,,,,,
,,160749,,13.85354995727539,,,,,,
102,,160749,,,,0.2676205635070801,-9.572793960571289,,,
,,160799,,,289.963960647583,,,,,
,,160799,,22.84383773803711,,,,,,
102,,160799,,,,0.26685667037963867,-9.53913688659668,,,
,,160849,,,289.57343101501465,,,,,
,,160849,,11.604785919189453,,,,,,
102,,160849,,,,0.27298831939697266,-9.514439582824707,,,
,,160899,,,311.65599822998047,,,,,
,,160899,,18.395662307739258,,,,,,
102,,160899,,,,0.2772257328033447,-9.697128295898438,,,
,,160949,,,291.52393341064453,,,,,
,,160949,,9.325504302978516,,,,,,
102,,160949,,,,0.2630653381347656,-9.771902084350586,,,
102,,160988,,,,,,-7.773983001708984,-7.799993515014648,-8.022653579711914
,,160989,564.7744882106781,,,,,,,
,0.0003,160989,,,,,,,,
,,160999,,,277.8193950653076,,,,,
,,160999,,25.640249252319336,,,,,,
103,,160999,,,,0.2584662437438965,-9.809893608093262,,,
,,161049,,,292.9089069366455,,,,,
,,161049,,8.043527603149414,,,,,,
103,,161049,,,,0.26128101348876953,-9.81523609161377,,,
,,161099,,,288.6486053466797,,,,,
,,161099,,17.325401306152344,,,,,,
103,,161099,,,,0.2643601894378662,-9.723734855651855,,,
,,161149,,,292.5131320953369,,,,,
,,161149,,10.55145263671875,,,,,,
103,,161149,,,,0.26114559173583984,-9.71682071685791,,,
,,161199,,,291.78643226623535,,,,,
,,161199,,22.367238998413086,,,,,,
103,,161199,,,,0.2551417350769043,-9.751843452453613,,,
,,161249,,,288.23208808898926,,,,,
,,161249,,11.31439208984375,,,,,,
103,,161249,,,,0.26121091842651367,-9.758862495422363,,,
,,161299,,,277.1644592285156,,,,,
,,161299,,25.785446166992188,,,,,,
103,,161299,,,,0.2516186237335205,-9.818361282348633,,,
,,161349,,,291.2473678588867,,,,,
,,161349,,10.473012924194336,,,,,,
103,,161349,,,,0.25498342514038086,-9.739289283752441,,,
,,161399,,,287.3120307922363,,,,,
,,161399,,25.992870330810547,,,,,,
103,,161399,,,,0.2564142942428589,-9.83558464050293,,,
,,161449,,,292.90771484375,,,,,
,,161449,,10.198593139648438,,,,,,
103,,161449,,,,0.2588014602661133,-9.723045349121094,,,
,,161499,,,321.8724727630615,,,,,
,,161499,,24.683713912963867,,,,,,
103,,161499,,,,0.25769662857055664,-9.844489097595215,,,
,,161549,,,279.9336910247803,,,,,
,,161549,,15.06495475769043,,,,,,
103,,161549,,,,0.2624673843383789,-9.485854148864746,,,
,,161599,,,286.39674186706543,,,,,
,,161599,,25.312185287475586,,,,,,
103,,161599,,,,0.251534104347229,-9.937066078186035,,,
,,161649,,,289.2136573791504,,,,,
,,161649,,9.709596633911133,,,,,,
103,,161649,,,,0.2527759075164795,-9.768048286437988,,,
,,161699,,,291.5167808532715,,,,,
,,161699,,22.094249725341797,,,,,,
103,,161699,,,,0.2546994686126709,-9.794635772705078,,,
,,161749,,,282.207727432251,,,,,
,,161749,,9.80067253112793,,,,,,
103,,161749,,,,0.2630770206451416,-9.641571044921875,,,
,,161799,,,277.84013748168945,,,,,
,,161799,,25.689125061035156,,,,,,
103,,161799,,,,0.2699580192565918,-9.651815414428711,,,
,,161849,,,324.88083839416504,,,,,
,,161849,,8.611440658569336,,,,,,
103,,161849,,,,0.2690694332122803,-9.765995025634766,,,
,,161899,,,293.4558391571045,,,,,
,,161899,,18.5544490814209,,,,,,
103,,161899,,,,0.2656993865966797,-9.541067123413086,,,
,,161949,,,276.48401260375977,,,,,
,,161949,,12.737512588500977,,,,,,
103,,161949,,,,0.26546764373779297,-9.84879207611084,,,
,,161999,,,277.60839462280273,,,,,
,,161999,,17.180442810058594,,,,,,
103,,161999,,,,0.2708897590637207,-9.756665229797363,,,
,,162049,,,286.24534606933594,,,,,
,,162049,,11.729001998901367,,,,,,
103,,162049,,,,0.2642385959625244,-9.873147964477539,,,
,,162099,,,282.5191020965576,,,,,
,,162099,,24.533987045288086,,,,,,
103,,162099,,,,0.27280259132385254,-9.717300415039062,,,
,,162149,,,282.0394039154053,,,,,
,,162149,,7.494211196899414,,,,,,
103,,162149,,,,0.2688260078430176,-9.68393611907959,,,
,,162199,,,289.92724418640137,,,,,
,,162199,,23.202896118164062,,,,,,
103,,162199,,,,0.26167798042297363,-9.823417663574219,,,
,,162249,,,283.9062213897705,,,,,
,,162249,,8.41212272644043,,,,,,
103,,162249,,,,0.26467108726501465,-9.823305130004883,,,
,,162299,,,290.1163101196289,,,,,
,,162299,,22.857189178466797,,,,,,
103,,162299,,,,0.27074265480041504,-9.63983154296875,,,
,,162349,,,289.11280632019043,,,,,
,,162349,,11.206388473510742,,,,,,
103,,162349,,,,0.2724781036376953,-9.64069938659668,,,
,,162399,,,280.00736236572266,,,,,
,,162399,,23.93341064453125,,,,,,
103,,162399,,,,0.2640550136566162,-9.744169235229492,,,
,,162449,,,276.5495777130127,,,,,
,,162449,,12.600898742675781,,,,,,
103,,162449,,,,0.27294373512268066,-9.740108489990234,,,
,,162499,,,276.6399383544922,,,,,
,,162499,,17.140865325927734,,,,,,
103,,162499,,,,0.26319169998168945,-9.75489616394043,,,
,,162549,,,278.7282466888428,,,,,
,,162549,,12.271642684936523,,,,,,
103,,162549,,,,0.2686408758163452,-9.905291557312012,,,
103,,162551,,,,,,-7.774081230163574,-7.800065040588379,-8.030660629272461
,,162552,568.7508664131165,,,,,,,
,0.0003,162552,,,,,,,,
,,162599,,,276.8549919128418,,,,,
,,162599,,17.505407333374023,,,,,,
104,,162599,,,,0.2681257724761963,-9.984146118164062,,,
,,162649,,,276.67951583862305,,,,,
,,162649,,12.497663497924805,,,,,,
104,,162649,,,,0.2550210952758789,-9.848221778869629,,,
,,162699,,,278.31220626831055,,,,,
,,162699,,24.43528175354004,,,,,,
104,,162699,,,,0.25991129875183105,-9.896529197692871,,,
,,162749,,,276.8731117248535,,,,,
,,162749,,12.558937072753906,,,,,,
104,,162749,,,,0.2619967460632324,-9.82535457611084,,,
,,162799,,,276.09992027282715,,,,,
,,162799,,17.14920997619629,,,,,,
104,,162799,,,,0.26271748542785645,-9.856228828430176,,,
,,162849,,,277.2204875946045,,,,,
,,162849,,12.865304946899414,,,,,,
104,,162849,,,,0.26652002334594727,-9.9876708984375,,,
,,162899,,,276.2637138366699,,,,,
,,162899,,17.242431640625,,,,,,
104,,162899,,,,0.2654087543487549,-9.629700660705566,,,
,,162949,,,284.4572067260742,,,,,
,,162949,,13.006448745727539,,,,,,
104,,162949,,,,0.26179003715515137,-9.80004596710205,,,
,,162999,,,289.50047492980957,,,,,
,,162999,,23.055315017700195,,,,,,
104,,162999,,,,0.25299072265625,-9.594144821166992,,,
,,163049,,,290.47179222106934,,,,,
,,163049,,13.72218132019043,,,,,,
104,,163049,,,,0.2477428913116455,-9.85656452178955,,,
,,163099,,,284.2545509338379,,,,,
,,163099,,17.04239845275879,,,,,,
104,,163099,,,,0.2475147247314453,-9.675809860229492,,,
,,163149,,,285.32958030700684,,,,,
,,163149,,12.372970581054688,,,,,,
104,,163149,,,,0.258746862411499,-9.725993156433105,,,
,,163199,,,289.77012634277344,,,,,
,,163199,,22.916316986083984,,,,,,
104,,163199,,,,0.26563191413879395,-9.854124069213867,,,
,,163249,,,276.287317276001,,,,,
,,163249,,13.148069381713867,,,,,,
104,,163249,,,,0.2520129680633545,-10.015669822692871,,,
,,163299,,,276.259183883667,,,,,
,,163299,,17.113447189331055,,,,,,
104,,163299,,,,0.2500638961791992,-9.928010940551758,,,
,,163349,,,277.04548835754395,,,,,
,,163349,,12.777090072631836,,,,,,
104,,163349,,,,0.2542431354522705,-9.852659225463867,,,
,,163399,,,275.77781677246094,,,,,
,,163399,,17.035722732543945,,,,,,
104,,163399,,,,0.24628305435180664,-9.980231285095215,,,
,,163449,,,289.64781761169434,,,,,
,,163449,,12.974262237548828,,,,,,
104,,163449,,,,0.24160385131835938,-9.935958862304688,,,
,,163499,,,276.93963050842285,,,,,
,,163499,,17.000198364257812,,,,,,
104,,163499,,,,0.24269509315490723,-9.981721878051758,,,
,,163549,,,276.2563228607178,,,,,
,,163549,,12.962102890014648,,,,,,
104,,163549,,,,0.24707889556884766,-9.871312141418457,,,
,,163599,,,291.1837100982666,,,,,
,,163599,,22.187471389770508,,,,,,
104,,163599,,,,0.24931097030639648,-9.977681159973145,,,
,,163649,,,276.3488292694092,,,,,
,,163649,,13.048410415649414,,,,,,
104,,163649,,,,0.25228047370910645,-9.73236083984375,,,
,,163699,,,276.75509452819824,,,,,
,,163699,,17.271995544433594,,,,,,
104,,163699,,,,0.24451351165771484,-9.908187866210938,,,
,,163749,,,276.3209342956543,,,,,
,,163749,,12.960433959960938,,,,,,
104,,163749,,,,0.24770522117614746,-9.980491638183594,,,
,,163799,,,276.8876552581787,,,,,
,,163799,,17.167091369628906,,,,,,
104,,163799,,,,0.25204789638519287,-9.952104568481445,,,
,,163849,,,290.1737689971924,,,,,
,,163849,,6.19959831237793,,,,,,
104,,163849,,,,0.24897634983062744,-9.702582359313965,,,
,,163899,,,284.4407558441162,,,,,
,,163899,,17.316102981567383,,,,,,
104,,163899,,,,0.24836945533752441,-9.717676162719727,,,
,,163949,,,285.46595573425293,,,,,
,,163949,,12.271642684936523,,,,,,
104,,163949,,,,0.2564833164215088,-9.93765926361084,,,
,,163999,,,276.2010097503662,,,,,
,,163999,,17.03619956970215,,,,,,
104,,163999,,,,0.2535839080810547,-9.969819068908691,,,
,,164049,,,276.72553062438965,,,,,
,,164049,,14.902353286743164,,,,,,
104,,164049,,,,0.25533127784729004,-9.828917503356934,,,
,,164099,,,278.8736820220947,,,,,
,,164099,,22.16029167175293,,,,,,
104,,164099,,,,0.2541961669921875,-9.905634880065918,,,
104,,164114,,,,,,-7.774476528167725,-7.80099630355835,-8.035503387451172
,,164115,557.6295673847198,,,,,,,
,0.0003,164115,,,,,,,,
,,164149,,,285.11571884155273,,,,,
,,164149,,12.824535369873047,,,,,,
105,,164149,,,,0.25902533531188965,-9.683423042297363,,,
,,164199,,,277.3153781890869,,,,,
,,164199,,17.175674438476562,,,,,,
105,,164199,,,,0.24077963829040527,-9.943281173706055,,,
,,164249,,,277.2073745727539,,,,,
,,164249,,12.217044830322266,,,,,,
105,,164249,,,,0.2507740259170532,-9.750866889953613,,,
,,164299,,,276.2112617492676,,,,,
,,164299,,17.11106300354004,,,,,,
105,,164299,,,,0.24650883674621582,-9.765813827514648,,,
,,164349,,,276.1056423187256,,,,,
,,164349,,13.290882110595703,,,,,,
105,,164349,,,,0.2645871639251709,-9.793670654296875,,,
,,164399,,,277.4331569671631,,,,,
,,164399,,17.600297927856445,,,,,,
105,,164399,,,,0.2613375186920166,-9.597017288208008,,,
,,164449,,,275.4852771759033,,,,,
,,164449,,13.610124588012695,,,,,,
105,,164449,,,,0.2594285011291504,-9.732166290283203,,,
,,164499,,,286.4713668823242,,,,,
,,164499,,25.640249252319336,,,,,,
105,,164499,,,,0.26078224182128906,-9.765789985656738,,,
,,164549,,,276.0612964630127,,,,,
,,164549,,13.275384902954102,,,,,,
105,,164549,,,,0.26954126358032227,-9.651476860046387,,,
,,164599,,,276.17859840393066,,,,,
,,164599,,17.048120498657227,,,,,,
105,,164599,,,,0.2703871726989746,-9.743266105651855,,,
,,164649,,,278.15747261047363,,,,,
,,164649,,11.74020767211914,,,,,,
105,,164649,,,,0.26550984382629395,-9.642959594726562,,,
,,164699,,,276.2765884399414,,,,,
,,164699,,17.02141761779785,,,,,,
105,,164699,,,,0.2651035785675049,-9.730233192443848,,,
,,164749,,,276.5464782714844,,,,,
,,164749,,13.122320175170898,,,,,,
105,,164749,,,,0.2678520679473877,-9.857583045959473,,,
,,164799,,,282.5305461883545,,,,,
,,164799,,25.25639533996582,,,,,,
105,,164799,,,,0.258652925491333,-9.777669906616211,,,
,,164849,,,276.29876136779785,,,,,
,,164849,,13.117790222167969,,,,,,
105,,164849,,,,0.26277005672454834,-9.891244888305664,,,
,,164899,,,277.1763801574707,,,,,
,,164899,,17.06838607788086,,,,,,
105,,164899,,,,0.2539088726043701,-9.901507377624512,,,
,,164949,,,276.8592834472656,,,,,
,,164949,,13.216257095336914,,,,,,
105,,164949,,,,0.25572991371154785,-9.674752235412598,,,
,,164999,,,294.3713665008545,,,,,
,,164999,,22.47142791748047,,,,,,
105,,164999,,,,0.259629487991333,-9.746857643127441,,,
,,165049,,,274.9640941619873,,,,,
,,165049,,12.911081314086914,,,,,,
105,,165049,,,,0.2715644836425781,-9.577804565429688,,,
,,165099,,,279.08873558044434,,,,,
,,165099,,22.641420364379883,,,,,,
105,,165099,,,,0.2650725841522217,-9.529441833496094,,,
,,165149,,,274.9176025390625,,,,,
,,165149,,12.883424758911133,,,,,,
105,,165149,,,,0.2600889205932617,-9.738640785217285,,,
,,165199,,,284.9547863006592,,,,,
,,165199,,25.77972412109375,,,,,,
105,,165199,,,,0.26380038261413574,-9.724720001220703,,,
,,165249,,,280.2140712738037,,,,,
,,165249,,8.15892219543457,,,,,,
105,,165249,,,,0.2699315547943115,-9.832886695861816,,,
,,165299,,,277.53758430480957,,,,,
,,165299,,24.33013916015625,,,,,,
105,,165299,,,,0.260699987411499,-9.80890941619873,,,
,,165349,,,277.39477157592773,,,,,
,,165349,,12.363910675048828,,,,,,
105,,165349,,,,0.2561202049255371,-9.898757934570312,,,
,,165399,,,274.98364448547363,,,,,
,,165399,,25.972843170166016,,,,,,
105,,165399,,,,0.2608978748321533,-9.754019737243652,,,
,,165449,,,276.22342109680176,,,,,
,,165449,,12.316703796386719,,,,,,
105,,165449,,,,0.2557508945465088,-9.742049217224121,,,
,,165499,,,275.74849128723145,,,,,
,,165499,,17.138242721557617,,,,,,
105,,165499,,,,0.2532637119293213,-9.716198921203613,,,
,,165549,,,278.08356285095215,,,,,
,,165549,,12.664556503295898,,,,,,
105,,165549,,,,0.2573404312133789,-9.629753112792969,,,
,,165599,,,284.96623039245605,,,,,
,,165599,,17.102956771850586,,,,,,
105,,165599,,,,0.24694132804870605,-9.799186706542969,,,
,,165649,,,275.14076232910156,,,,,
,,165649,,12.743234634399414,,,,,,
105,,165649,,,,0.24491477012634277,-9.919862747192383,,,
105,,165677,,,,,,-7.7728376388549805,-7.797323226928711,-8.037622451782227
,,165678,559.1767630577087,,,,,,,
,0.0003,165678,,,,,,,,
,,165699,,,275.4068374633789,,,,,
,,165699,,17.00735092163086,,,,,,
106,,165699,,,,0.24604201316833496,-9.86196231842041,,,
,,165749,,,276.0603427886963,,,,,
,,165749,,15.148639678955078,,,,,,
106,,165749,,,,0.23962783813476562,-10.110818862915039,,,
,,165799,,,300.42409896850586,,,,,
,,165799,,18.264055252075195,,,,,,
106,,165799,,,,0.2468726634979248,-9.90215015411377,,,
,,165849,,,284.3050956726074,,,,,
,,165849,,12.601613998413086,,,,,,
106,,165849,,,,0.2426929473876953,-9.758524894714355,,,
,,165899,,,278.29718589782715,,,,,
,,165899,,23.062467575073242,,,,,,
106,,165899,,,,0.24271154403686523,-9.981109619140625,,,
,,165949,,,275.7396697998047,,,,,
,,165949,,12.94851303100586,,,,,,
106,,165949,,,,0.24091196060180664,-9.94044303894043,,,
,,165999,,,275.35176277160645,,,,,
,,165999,,17.15850830078125,,,,,,
106,,165999,,,,0.24746990203857422,-9.744633674621582,,,
,,166049,,,289.2022132873535,,,,,
,,166049,,13.437986373901367,,,,,,
106,,166049,,,,0.25739407539367676,-9.773331642150879,,,
,,166099,,,277.9812812805176,,,,,
,,166099,,24.965524673461914,,,,,,
106,,166099,,,,0.2509500980377197,-9.687597274780273,,,
,,166149,,,275.91538429260254,,,,,
,,166149,,12.502193450927734,,,,,,
106,,166149,,,,0.2439180612564087,-9.75355339050293,,,
,,166199,,,284.8620414733887,,,,,
,,166199,,17.205238342285156,,,,,,
106,,166199,,,,0.24989867210388184,-10.0682373046875,,,
,,166249,,,275.421142578125,,,,,
,,166249,,12.660741806030273,,,,,,
106,,166249,,,,0.26493144035339355,-9.766447067260742,,,
,,166299,,,275.88510513305664,,,,,
,,166299,,25.53558349609375,,,,,,
106,,166299,,,,0.2621572017669678,-9.791382789611816,,,
,,166349,,,283.07390213012695,,,,,
,,166349,,12.245416641235352,,,,,,
106,,166349,,,,0.2775944471359253,-9.554645538330078,,,
,,166399,,,278.4571647644043,,,,,
,,166399,,22.702455520629883,,,,,,
106,,166399,,,,0.2672693729400635,-9.74434757232666,,,
,,166449,,,275.73466300964355,,,,,
,,166449,,12.812614440917969,,,,,,
106,,166449,,,,0.2594311237335205,-9.877341270446777,,,
,,166499,,,275.876522064209,,,,,
,,166499,,17.038345336914062,,,,,,
106,,166499,,,,0.2637021541595459,-9.802276611328125,,,
,,166549,,,275.38537979125977,,,,,
,,166549,,13.335704803466797,,,,,,
106,,166549,,,,0.2571592330932617,-9.678888320922852,,,
,,166599,,,281.5825939178467,,,,,
,,166599,,26.03769302368164,,,,,,
106,,166599,,,,0.2512032985687256,-9.930498123168945,,,
,,166649,,,279.7689437866211,,,,,
,,166649,,14.215469360351562,,,,,,
106,,166649,,,,0.2500019073486328,-9.730419158935547,,,
,,166699,,,276.90911293029785,,,,,
,,166699,,16.91722869873047,,,,,,
106,,166699,,,,0.27460289001464844,-9.736345291137695,,,
,,166749,,,288.4092330932617,,,,,
,,166749,,12.617826461791992,,,,,,
106,,166749,,,,0.26286494731903076,-9.658288955688477,,,
,,166799,,,277.7390480041504,,,,,
,,166799,,24.172306060791016,,,,,,
106,,166799,,,,0.2648289203643799,-9.788177490234375,,,
,,166849,,,275.73180198669434,,,,,
,,166849,,12.843608856201172,,,,,,
106,,166849,,,,0.25806593894958496,-9.771794319152832,,,
,,166899,,,275.6953239440918,,,,,
,,166899,,17.017602920532227,,,,,,
106,,166899,,,,0.2624058723449707,-9.553863525390625,,,
,,166949,,,287.9300117492676,,,,,
,,166949,,9.005308151245117,,,,,,
106,,166949,,,,0.26099562644958496,-9.640059471130371,,,
,,166999,,,275.43044090270996,,,,,
,,166999,,17.113924026489258,,,,,,
106,,166999,,,,0.26115894317626953,-9.515764236450195,,,
,,167049,,,287.5247001647949,,,,,
,,167049,,11.981725692749023,,,,,,
106,,167049,,,,0.2622227668762207,-9.660712242126465,,,
,,167099,,,302.80423164367676,,,,,
,,167099,,18.388748168945312,,,,,,
106,,167099,,,,0.26274847984313965,-9.736394882202148,,,
,,167149,,,279.435396194458,,,,,
,,167149,,10.715484619140625,,,,,,
106,,167149,,,,0.25434017181396484,-9.870290756225586,,,
,,167199,,,275.33936500549316,,,,,
,,167199,,17.713069915771484,,,,,,
106,,167199,,,,0.24770689010620117,-9.911459922790527,,,
106,,167240,,,,,,-7.773265838623047,-7.7982306480407715,-8.02988052368164
,,167241,557.3456587791443,,,,,,,
,0.0003,167241,,,,,,,,
,,167249,,,278.66172790527344,,,,,
,,167249,,10.16688346862793,,,,,,
107,,167249,,,,0.2538414001464844,-9.638960838317871,,,
,,167299,,,275.4335403442383,,,,,
,,167299,,16.888141632080078,,,,,,
107,,167299,,,,0.2603113651275635,-9.544294357299805,,,
,,167349,,,275.1774787902832,,,,,
,,167349,,12.915611267089844,,,,,,
107,,167349,,,,0.25525355339050293,-9.715376853942871,,,
,,167399,,,275.38204193115234,,,,,
,,167399,,17.018556594848633,,,,,,
107,,167399,,,,0.256929874420166,-9.745487213134766,,,
,,167449,,,279.9079418182373,,,,,
,,167449,,12.889385223388672,,,,,,
107,,167449,,,,0.2662503719329834,-9.86500072479248,,,
,,167499,,,275.04849433898926,,,,,
,,167499,,17.027616500854492,,,,,,
107,,167499,,,,0.2606089115142822,-9.552412986755371,,,
,,167549,,,287.37473487854004,,,,,
,,167549,,9.435892105102539,,,,,,
107,,167549,,,,0.2653961181640625,-9.951271057128906,,,
,,167599,,,275.6154537200928,,,,,
,,167599,,17.12965965270996,,,,,,
107,,167599,,,,0.2603888511657715,-9.782480239868164,,,
,,167649,,,275.88844299316406,,,,,
,,167649,,12.35342025756836,,,,,,
107,,167649,,,,0.2639591693878174,-9.56941032409668,,,
,,167699,,,283.7200164794922,,,,,
,,167699,,25.850772857666016,,,,,,
107,,167699,,,,0.2571377754211426,-9.690004348754883,,,
,,167749,,,283.91146659851074,,,,,
,,167749,,12.384891510009766,,,,,,
107,,167749,,,,0.2637460231781006,-9.558866500854492,,,
,,167799,,,276.72791481018066,,,,,
,,167799,,26.383161544799805,,,,,,
107,,167799,,,,0.26570987701416016,-9.842851638793945,,,
,,167849,,,275.55131912231445,,,,,
,,167849,,12.56704330444336,,,,,,
107,,167849,,,,0.26343345642089844,-9.77020263671875,,,
,,167899,,,275.80809593200684,,,,,
,,167899,,17.333269119262695,,,,,,
107,,167899,,,,0.2585676908493042,-9.541202545166016,,,
,,167949,,,279.88243103027344,,,,,
,,167949,,13.061285018920898,,,,,,
107,,167949,,,,0.2510497570037842,-10.06489086151123,,,
,,167999,,,283.83445739746094,,,,,
,,167999,,16.96038246154785,,,,,,
107,,167999,,,,0.2568855285644531,-9.82227611541748,,,
,,168049,,,275.70223808288574,,,,,
,,168049,,12.543439865112305,,,,,,
107,,168049,,,,0.2501201629638672,-9.664190292358398,,,
,,168099,,,276.0152816772461,,,,,
,,168099,,17.494678497314453,,,,,,
107,,168099,,,,0.2517566680908203,-9.919432640075684,,,
,,168149,,,280.2164554595947,,,,,
,,168149,,12.307405471801758,,,,,,
107,,168149,,,,0.25078797340393066,-9.79468822479248,,,
,,168199,,,275.68936347961426,,,,,
,,168199,,17.25149154663086,,,,,,
107,,168199,,,,0.2527577877044678,-10.067394256591797,,,
,,168249,,,279.73437309265137,,,,,
,,168249,,10.45846939086914,,,,,,
107,,168249,,,,0.25304126739501953,-9.846217155456543,,,
,,168299,,,284.05284881591797,,,,,
,,168299,,17.219066619873047,,,,,,
107,,168299,,,,0.26032519340515137,-9.847640037536621,,,
,,168349,,,275.85625648498535,,,,,
,,168349,,12.777090072631836,,,,,,
107,,168349,,,,0.2589205503463745,-9.924408912658691,,,
,,168399,,,275.693416595459,,,,,
,,168399,,16.997814178466797,,,,,,
107,,168399,,,,0.2610774040222168,-9.621175765991211,,,
,,168449,,,275.27475357055664,,,,,
,,168449,,12.857198715209961,,,,,,
107,,168449,,,,0.2505974769592285,-9.794843673706055,,,
,,168499,,,275.7611274719238,,,,,
,,168499,,17.084360122680664,,,,,,
107,,168499,,,,0.24963092803955078,-9.8356351852417,,,
,,168549,,,275.0418186187744,,,,,
,,168549,,13.080596923828125,,,,,,
107,,168549,,,,0.24565303325653076,-9.873034477233887,,,
,,168599,,,275.3417491912842,,,,,
,,168599,,17.151594161987305,,,,,,
107,,168599,,,,0.2511477470397949,-9.828897476196289,,,
,,168649,,,274.8701572418213,,,,,
,,168649,,12.853860855102539,,,,,,
107,,168649,,,,0.2602419853210449,-9.727352142333984,,,
,,168699,,,274.883508682251,,,,,
,,168699,,17.53067970275879,,,,,,
107,,168699,,,,0.25273919105529785,-9.839469909667969,,,
,,168749,,,278.1503200531006,,,,,
,,168749,,11.150360107421875,,,,,,
107,,168749,,,,0.24886226654052734,-9.699687004089355,,,
,,168799,,,275.6526470184326,,,,,
,,168799,,16.86835289001465,,,,,,
107,,168799,,,,0.25249409675598145,-9.938056945800781,,,
107,,168803,,,,,,-7.773853778839111,-7.799803733825684,-8.040722846984863
,,168804,555.7235286235809,,,,,,,
,0.0003,168804,,,,,,,,
,,168849,,,284.53946113586426,,,,,
,,168849,,12.077093124389648,,,,,,
108,,168849,,,,0.24401235580444336,-10.05806827545166,,,
,,168899,,,275.5296230316162,,,,,
,,168899,,17.12203025817871,,,,,,
108,,168899,,,,0.246384859085083,-9.74298095703125,,,
,,168949,,,327.78072357177734,,,,,
,,168949,,8.342266082763672,,,,,,
108,,168949,,,,0.24451303482055664,-9.789913177490234,,,
,,168999,,,311.2313747406006,,,,,
,,168999,,27.00662612915039,,,,,,
108,,168999,,,,0.24977922439575195,-9.777674674987793,,,
,,169049,,,337.40711212158203,,,,,
,,169049,,8.236169815063477,,,,,,
108,,169049,,,,0.258270263671875,-9.892118453979492,,,
,,169099,,,323.34208488464355,,,,,
,,169099,,22.832870483398438,,,,,,
108,,169099,,,,0.25643396377563477,-9.50507640838623,,,
,,169149,,,295.4685688018799,,,,,
,,169149,,8.382558822631836,,,,,,
108,,169149,,,,0.2520747184753418,-9.891702651977539,,,
,,169199,,,297.9602813720703,,,,,
,,169199,,22.971630096435547,,,,,,
108,,169199,,,,0.24772286415100098,-9.813079833984375,,,
,,169249,,,396.6643810272217,,,,,
,,169249,,9.256362915039062,,,,,,
108,,169249,,,,0.2521677017211914,-9.936666488647461,,,
,,169299,,,341.7806625366211,,,,,
,,169299,,24.286270141601562,,,,,,
108,,169299,,,,0.24996447563171387,-9.854757308959961,,,
,,169349,,,349.1394519805908,,,,,
,,169349,,8.213520050048828,,,,,,
108,,169349,,,,0.2595505714416504,-9.773480415344238,,,
,,169399,,,303.44152450561523,,,,,
,,169399,,23.20575714111328,,,,,,
108,,169399,,,,0.2591829299926758,-9.67519760131836,,,
,,169449,,,357.100248336792,,,,,
,,169449,,8.97669792175293,,,,,,
108,,169449,,,,0.26448702812194824,-9.750092506408691,,,
,,169499,,,331.2525749206543,,,,,
,,169499,,21.070003509521484,,,,,,
108,,169499,,,,0.25867366790771484,-9.76008415222168,,,
,,169549,,,276.83234214782715,,,,,
,,169549,,12.434959411621094,,,,,,
108,,169549,,,,0.2610042095184326,-9.631535530090332,,,
,,169599,,,351.2144088745117,,,,,
,,169599,,36.41104698181152,,,,,,
108,,169599,,,,0.25475406646728516,-9.782903671264648,,,
,,169649,,,283.53118896484375,,,,,
,,169649,,12.388229370117188,,,,,,
108,,169649,,,,0.2581963539123535,-9.634844779968262,,,
,,169699,,,340.07883071899414,,,,,
,,169699,,19.489049911499023,,,,,,
108,,169699,,,,0.25832319259643555,-9.712096214294434,,,
,,169749,,,347.75638580322266,,,,,
,,169749,,9.16600227355957,,,,,,
108,,169749,,,,0.25005388259887695,-9.881227493286133,,,
,,169799,,,282.4287414550781,,,,,
,,169799,,23.79298210144043,,,,,,
108,,169799,,,,0.2507157325744629,-9.87582778930664,,,
,,169849,,,280.69138526916504,,,,,
,,169849,,10.822057723999023,,,,,,
108,,169849,,,,0.2599935531616211,-9.758620262145996,,,
,,169899,,,323.43006134033203,,,,,
,,169899,,19.108057022094727,,,,,,
108,,169899,,,,0.27133142948150635,-9.707406044006348,,,
,,169949,,,283.1916809082031,,,,,
,,169949,,10.864496231079102,,,,,,
108,,169949,,,,0.26058197021484375,-9.778488159179688,,,
,,169999,,,318.68863105773926,,,,,
,,169999,,24.4290828704834,,,,,,
108,,169999,,,,0.26120829582214355,-9.796880722045898,,,
,,170049,,,290.43006896972656,,,,,
,,170049,,6.823539733886719,,,,,,
108,,170049,,,,0.25655508041381836,-9.852042198181152,,,
,,170099,,,371.95777893066406,,,,,
,,170099,,27.512073516845703,,,,,,
108,,170099,,,,0.25690150260925293,-9.845011711120605,,,
,,170149,,,299.76511001586914,,,,,
,,170149,,8.706331253051758,,,,,,
108,,170149,,,,0.2672555446624756,-9.664443969726562,,,
,,170199,,,280.195951461792,,,,,
,,170199,,17.6544189453125,,,,,,
108,,170199,,,,0.25769615173339844,-9.608240127563477,,,
,,170249,,,280.23481369018555,,,,,
,,170249,,12.194395065307617,,,,,,
108,,170249,,,,0.2633848190307617,-9.7063570022583,,,
,,170299,,,332.5457572937012,,,,,
,,170299,,18.723726272583008,,,,,,
108,,170299,,,,0.2593100070953369,-9.872979164123535,,,
,,170349,,,286.5276336669922,,,,,
,,170349,,12.639760971069336,,,,,,
108,,170349,,,,0.26323962211608887,-9.830610275268555,,,
108,,170366,,,,,,-7.773507595062256,-7.80007791519165,-8.026020050048828
,,170367,599.6599373817444,,,,,,,
,0.0003,170367,,,,,,,,
,,170399,,,277.72998809814453,,,,,
,,170399,,17.399072647094727,,,,,,
109,,170399,,,,0.26529502868652344,-9.69536018371582,,,
,,170449,,,358.60228538513184,,,,,
,,170449,,3.895282745361328,,,,,,
109,,170449,,,,0.2722949981689453,-9.711109161376953,,,
,,170499,,,401.17430686950684,,,,,
,,170499,,23.529767990112305,,,,,,
109,,170499,,,,0.27389097213745117,-9.721875190734863,,,
,,170549,,,325.4718780517578,,,,,
,,170549,,10.35451889038086,,,,,,
109,,170549,,,,0.2722043991088867,-9.564129829406738,,,
,,170599,,,350.5666255950928,,,,,
,,170599,,22.95231819152832,,,,,,
109,,170599,,,,0.2646207809448242,-9.806341171264648,,,
,,170649,,,388.1537914276123,,,,,
,,170649,,8.020401000976562,,,,,,
109,,170649,,,,0.26743483543395996,-9.856136322021484,,,
,,170699,,,333.892822265625,,,,,
,,170699,,18.51677894592285,,,,,,
109,,170699,,,,0.2555058002471924,-9.887616157531738,,,
,,170749,,,300.3206253051758,,,,,
,,170749,,8.43191146850586,,,,,,
109,,170749,,,,0.25613999366760254,-9.876346588134766,,,
,,170799,,,343.51587295532227,,,,,
,,170799,,22.783517837524414,,,,,,
109,,170799,,,,0.2748711109161377,-9.77073860168457,,,
,,170849,,,329.11086082458496,,,,,
,,170849,,11.614322662353516,,,,,,
109,,170849,,,,0.2641150951385498,-9.672085762023926,,,
,,170899,,,355.4813861846924,,,,,
,,170899,,23.311376571655273,,,,,,
109,,170899,,,,0.26275181770324707,-9.8235445022583,,,
,,170949,,,384.3531608581543,,,,,
,,170949,,8.439302444458008,,,,,,
109,,170949,,,,0.2705667018890381,-9.757512092590332,,,
,,170999,,,327.5883197784424,,,,,
,,170999,,18.53013038635254,,,,,,
109,,170999,,,,0.269939661026001,-9.666595458984375,,,
,,171049,,,385.24603843688965,,,,,
,,171049,,8.679628372192383,,,,,,
109,,171049,,,,0.2626912593841553,-9.755154609680176,,,
,,171099,,,389.9426460266113,,,,,
,,171099,,24.783849716186523,,,,,,
109,,171099,,,,0.25946593284606934,-9.812420845031738,,,
,,171149,,,323.84419441223145,,,,,
,,171149,,8.927106857299805,,,,,,
109,,171149,,,,0.25846660137176514,-9.722394943237305,,,
,,171199,,,279.2704105377197,,,,,
,,171199,,17.794370651245117,,,,,,
109,,171199,,,,0.27167773246765137,-9.52033519744873,,,
,,171249,,,297.76740074157715,,,,,
,,171249,,8.42738151550293,,,,,,
109,,171249,,,,0.26529383659362793,-9.738967895507812,,,
,,171299,,,301.1910915374756,,,,,
,,171299,,22.62091636657715,,,,,,
109,,171299,,,,0.2632026672363281,-9.72922134399414,,,
,,171349,,,345.4575538635254,,,,,
,,171349,,8.491754531860352,,,,,,
109,,171349,,,,0.2666666507720947,-9.84561824798584,,,
,,171399,,,282.49287605285645,,,,,
,,171399,,18.311262130737305,,,,,,
109,,171399,,,,0.26792097091674805,-9.525793075561523,,,
,,171449,,,355.9765815734863,,,,,
,,171449,,8.01539421081543,,,,,,
109,,171449,,,,0.2566416263580322,-9.494037628173828,,,
,,171499,,,340.9590721130371,,,,,
,,171499,,22.5830078125,,,,,,
109,,171499,,,,0.2581503391265869,-9.714125633239746,,,
,,171549,,,340.7328128814697,,,,,
,,171549,,8.28409194946289,,,,,,
109,,171549,,,,0.2559640407562256,-9.936881065368652,,,
,,171599,,,365.1387691497803,,,,,
,,171599,,18.85509490966797,,,,,,
109,,171599,,,,0.2565042972564697,-9.728384971618652,,,
,,171649,,,397.9506492614746,,,,,
,,171649,,8.375167846679688,,,,,,
109,,171649,,,,0.261751651763916,-9.717730522155762,,,
,,171699,,,355.6246757507324,,,,,
,,171699,,23.47850799560547,,,,,,
109,,171699,,,,0.25370168685913086,-9.972270011901855,,,
,,171749,,,405.86018562316895,,,,,
,,171749,,9.367227554321289,,,,,,
109,,171749,,,,0.2556722164154053,-10.043338775634766,,,
,,171799,,,344.4690704345703,,,,,
,,171799,,24.44934844970703,,,,,,
109,,171799,,,,0.25072669982910156,-10.080002784729004,,,
,,171849,,,355.7460308074951,,,,,
,,171849,,8.331298828125,,,,,,
109,,171849,,,,0.2628960609436035,-9.987637519836426,,,
,,171899,,,331.0961723327637,,,,,
,,171899,,19.14048194885254,,,,,,
109,,171899,,,,0.256178617477417,-9.816009521484375,,,
109,,171929,,,,,,-7.773602485656738,-7.7998552322387695,-8.039129257202148
,,171930,649.6258499622345,,,,,,,
,0.0003,171930,,,,,,,,
,,171949,,,346.45771980285645,,,,,
,,171949,,8.104324340820312,,,,,,
110,,171949,,,,0.24938678741455078,-9.899542808532715,,,
,,171999,,,377.7050971984863,,,,,
,,171999,,18.991470336914062,,,,,,
110,,171999,,,,0.26418280601501465,-10.066521644592285,,,
,,172049,,,321.3353157043457,,,,,
,,172049,,12.83717155456543,,,,,,
110,,172049,,,,0.26148343086242676,-9.943899154663086,,,
,,172099,,,335.65497398376465,,,,,
,,172099,,25.281667709350586,,,,,,
110,,172099,,,,0.2613351345062256,-9.800102233886719,,,
,,172149,,,296.0689067840576,,,,,
,,172149,,8.521795272827148,,,,,,
110,,172149,,,,0.2518806457519531,-9.775239944458008,,,
,,172199,,,399.4874954223633,,,,,
,,172199,,24.9330997467041,,,,,,
110,,172199,,,,0.25516629219055176,-9.874796867370605,,,
,,172249,,,395.77531814575195,,,,,
,,172249,,8.374691009521484,,,,,,
110,,172249,,,,0.2670159339904785,-9.527783393859863,,,
,,172299,,,341.4604663848877,,,,,
,,172299,,23.581743240356445,,,,,,
110,,172299,,,,0.2666161060333252,-9.599477767944336,,,
,,172349,,,280.6572914123535,,,,,
,,172349,,11.545181274414062,,,,,,
110,,172349,,,,0.26224184036254883,-9.749002456665039,,,
,,172399,,,393.4028148651123,,,,,
,,172399,,22.988319396972656,,,,,,
110,,172399,,,,0.2630934715270996,-9.917716979980469,,,
,,172449,,,322.3388195037842,,,,,
,,172449,,10.983467102050781,,,,,,
110,,172449,,,,0.27094554901123047,-9.75609016418457,,,
,,172499,,,393.72706413269043,,,,,
,,172499,,22.734403610229492,,,,,,
110,,172499,,,,0.2718214988708496,-9.65941047668457,,,
,,172549,,,343.4886932373047,,,,,
,,172549,,8.817911148071289,,,,,,
110,,172549,,,,0.26187753677368164,-9.757624626159668,,,
,,172599,,,339.28823471069336,,,,,
,,172599,,19.59538459777832,,,,,,
110,,172599,,,,0.2652559280395508,-9.778674125671387,,,
,,172649,,,384.2642307281494,,,,,
,,172649,,8.675336837768555,,,,,,
110,,172649,,,,0.26435768604278564,-9.713210105895996,,,
,,172699,,,337.9828929901123,,,,,
,,172699,,23.312807083129883,,,,,,
110,,172699,,,,0.2620120048522949,-9.539422988891602,,,
,,172749,,,395.6868648529053,,,,,
,,172749,,8.564949035644531,,,,,,
110,,172749,,,,0.25954484939575195,-9.791874885559082,,,
,,172799,,,346.8496799468994,,,,,
,,172799,,25.467634201049805,,,,,,
110,,172799,,,,0.2689948081970215,-9.531402587890625,,,
,,172849,,,310.0132942199707,,,,,
,,172849,,8.994102478027344,,,,,,
110,,172849,,,,0.2707498073577881,-9.680578231811523,,,
,,172899,,,345.0005054473877,,,,,
,,172899,,23.969173431396484,,,,,,
110,,172899,,,,0.2632923126220703,-9.924723625183105,,,
,,172949,,,329.50901985168457,,,,,
,,172949,,11.750221252441406,,,,,,
110,,172949,,,,0.26646852493286133,-9.827737808227539,,,
,,172999,,,338.21702003479004,,,,,
,,172999,,22.992372512817383,,,,,,
110,,172999,,,,0.26143670082092285,-9.680869102478027,,,
,,173049,,,336.58623695373535,,,,,
,,173049,,5.45048713684082,,,,,,
110,,173049,,,,0.2621495723724365,-9.841015815734863,,,
,,173099,,,322.3898410797119,,,,,
,,173099,,19.70839500427246,,,,,,
110,,173099,,,,0.24868011474609375,-9.905869483947754,,,
,,173149,,,344.55275535583496,,,,,
,,173149,,8.677482604980469,,,,,,
110,,173149,,,,0.25011181831359863,-9.757092475891113,,,
,,173199,,,331.77876472473145,,,,,
,,173199,,18.784046173095703,,,,,,
110,,173199,,,,0.2507960796356201,-9.827533721923828,,,
,,173249,,,295.48025131225586,,,,,
,,173249,,8.794307708740234,,,,,,
110,,173249,,,,0.24852371215820312,-10.012603759765625,,,
,,173299,,,342.22912788391113,,,,,
,,173299,,26.530742645263672,,,,,,
110,,173299,,,,0.2522919178009033,-9.955802917480469,,,
,,173349,,,388.5762691497803,,,,,
,,173349,,9.04989242553711,,,,,,
110,,173349,,,,0.25649356842041016,-9.958697319030762,,,
,,173399,,,340.39950370788574,,,,,
,,173399,,23.4835147857666,,,,,,
110,,173399,,,,0.25514674186706543,-9.705395698547363,,,
,,173449,,,345.0767993927002,,,,,
,,173449,,8.686304092407227,,,,,,
110,,173449,,,,0.2567133903503418,-9.817387580871582,,,
110,,173492,,,,,,-7.773840427398682,-7.800364971160889,-8.02286434173584
,,173493,665.4491622447968,,,,,,,
,0.0003,173493,,,,,,,,
,,173499,,,310.85824966430664,,,,,
,,173499,,23.78082275390625,,,,,,
111,,173499,,,,0.2591891288757324,-9.816569328308105,,,
,,173549,,,285.5980396270752,,,,,
,,173549,,10.860204696655273,,,,,,
111,,173549,,,,0.25627386569976807,-9.71204948425293,,,
,,173599,,,413.72036933898926,,,,,
,,173599,,25.278329849243164,,,,,,
111,,173599,,,,0.24968886375427246,-9.730005264282227,,,
,,173649,,,366.64700508117676,,,,,
,,173649,,10.393857955932617,,,,,,
111,,173649,,,,0.24777936935424805,-9.823410034179688,,,
,,173699,,,326.9212245941162,,,,,
,,173699,,18.540382385253906,,,,,,
111,,173699,,,,0.23945307731628418,-10.035000801086426,,,
,,173749,,,390.14363288879395,,,,,
,,173749,,8.530616760253906,,,,,,
111,,173749,,,,0.25483226776123047,-9.972283363342285,,,
,,173799,,,325.2742290496826,,,,,
,,173799,,18.61715316772461,,,,,,
111,,173799,,,,0.26782095432281494,-9.809207916259766,,,
,,173849,,,332.6284885406494,,,,,
,,173849,,10.703802108764648,,,,,,
111,,173849,,,,0.2623792886734009,-9.657270431518555,,,
,,173899,,,279.24561500549316,,,,,
,,173899,,17.807960510253906,,,,,,
111,,173899,,,,0.252527117729187,-9.85269546508789,,,
,,173949,,,324.36275482177734,,,,,
,,173949,,3.6170482635498047,,,,,,
111,,173949,,,,0.24537014961242676,-9.861988067626953,,,
,,173999,,,326.49779319763184,,,,,
,,173999,,19.35291290283203,,,,,,
111,,173999,,,,0.23398447036743164,-10.157559394836426,,,
,,174049,,,404.8948287963867,,,,,
,,174049,,9.125471115112305,,,,,,
111,,174049,,,,0.24721717834472656,-10.078161239624023,,,
,,174099,,,371.60468101501465,,,,,
,,174099,,23.0715274810791,,,,,,
111,,174099,,,,0.2570476531982422,-9.810611724853516,,,
,,174149,,,282.22203254699707,,,,,
,,174149,,10.295629501342773,,,,,,
111,,174149,,,,0.24559235572814941,-9.79516315460205,,,
,,174199,,,308.7954521179199,,,,,
,,174199,,24.672269821166992,,,,,,
111,,174199,,,,0.24883270263671875,-9.911516189575195,,,
,,174249,,,301.47552490234375,,,,,
,,174249,,8.550643920898438,,,,,,
111,,174249,,,,0.2474985122680664,-9.914093017578125,,,
,,174299,,,310.3752136230469,,,,,
,,174299,,23.464441299438477,,,,,,
111,,174299,,,,0.2572026252746582,-9.916089057922363,,,
,,174349,,,279.5732021331787,,,,,
,,174349,,13.048410415649414,,,,,,
111,,174349,,,,0.24227499961853027,-9.911480903625488,,,
,,174399,,,345.8423614501953,,,,,
,,174399,,23.252248764038086,,,,,,
111,,174399,,,,0.2468094825744629,-9.958765983581543,,,
,,174449,,,297.38330841064453,,,,,
,,174449,,8.455514907836914,,,,,,
111,,174449,,,,0.2504575252532959,-9.865399360656738,,,
,,174499,,,340.14368057250977,,,,,
,,174499,,20.687341690063477,,,,,,
111,,174499,,,,0.24355292320251465,-9.708340644836426,,,
,,174549,,,296.2303161621094,,,,,
,,174549,,10.928153991699219,,,,,,
111,,174549,,,,0.23913359642028809,-9.891839027404785,,,
,,174599,,,286.26441955566406,,,,,
,,174599,,18.359899520874023,,,,,,
111,,174599,,,,0.24933385848999023,-9.606220245361328,,,
,,174649,,,344.7568416595459,,,,,
,,174649,,9.916067123413086,,,,,,
111,,174649,,,,0.2413167953491211,-9.979803085327148,,,
,,174699,,,340.2409553527832,,,,,
,,174699,,22.976398468017578,,,,,,
111,,174699,,,,0.2501223087310791,-9.627362251281738,,,
,,174749,,,381.79922103881836,,,,,
,,174749,,8.831501007080078,,,,,,
111,,174749,,,,0.2638368606567383,-9.621305465698242,,,
,,174799,,,384.2449188232422,,,,,
,,174799,,23.28777313232422,,,,,,
111,,174799,,,,0.26028287410736084,-9.648553848266602,,,
,,174849,,,405.17592430114746,,,,,
,,174849,,8.516311645507812,,,,,,
111,,174849,,,,0.25763893127441406,-9.82332992553711,,,
,,174899,,,339.54334259033203,,,,,
,,174899,,29.405832290649414,,,,,,
111,,174899,,,,0.2586174011230469,-9.862720489501953,,,
,,174949,,,341.8295383453369,,,,,
,,174949,,8.656501770019531,,,,,,
111,,174949,,,,0.2567877769470215,-9.784907341003418,,,
,,174999,,,351.9124984741211,,,,,
,,174999,,22.598981857299805,,,,,,
111,,174999,,,,0.24927866458892822,-9.837814331054688,,,
,,175049,,,300.6253242492676,,,,,
,,175049,,8.487462997436523,,,,,,
111,,175049,,,,0.24949145317077637,-9.843143463134766,,,
111,,175055,,,,,,-7.7735748291015625,-7.799588203430176,-8.044561386108398
,,175056,636.2981655597687,,,,,,,
,0.0003,175056,,,,,,,,
,,175099,,,279.62231636047363,,,,,
,,175099,,17.708301544189453,,,,,,
112,,175099,,,,0.25223302841186523,-9.938563346862793,,,
,,175149,,,279.13856506347656,,,,,
,,175149,,10.06770133972168,,,,,,
112,,175149,,,,0.2508981227874756,-9.991899490356445,,,
,,175199,,,341.5842056274414,,,,,
,,175199,,22.861957550048828,,,,,,
112,,175199,,,,0.25075602531433105,-9.851496696472168,,,
,,175249,,,303.0543327331543,,,,,
,,175249,,5.074977874755859,,,,,,
112,,175249,,,,0.24466872215270996,-9.944337844848633,,,
,,175299,,,301.4082908630371,,,,,
,,175299,,36.24725341796875,,,,,,
112,,175299,,,,0.23626017570495605,-10.138361930847168,,,
,,175349,,,367.811918258667,,,,,
,,175349,,4.723072052001953,,,,,,
112,,175349,,,,0.23480463027954102,-10.058420181274414,,,
,,175399,,,318.5689449310303,,,,,
,,175399,,18.356800079345703,,,,,,
112,,175399,,,,0.24426555633544922,-9.937445640563965,,,
,,175449,,,315.0780200958252,,,,,
,,175449,,9.993314743041992,,,,,,
112,,175449,,,,0.24327898025512695,-10.005308151245117,,,
,,175499,,,334.28478240966797,,,,,
,,175499,,19.621849060058594,,,,,,
112,,175499,,,,0.24102187156677246,-10.00391674041748,,,
,,175549,,,368.2284355163574,,,,,
,,175549,,13.339996337890625,,,,,,
112,,175549,,,,0.2444843053817749,-9.978643417358398,,,
,,175599,,,394.2873477935791,,,,,
,,175599,,24.904251098632812,,,,,,
112,,175599,,,,0.25043416023254395,-9.915934562683105,,,
,,175649,,,342.35477447509766,,,,,
,,175649,,9.659528732299805,,,,,,
112,,175649,,,,0.2478652000427246,-9.89520263671875,,,
,,175699,,,279.4973850250244,,,,,
,,175699,,18.405914306640625,,,,,,
112,,175699,,,,0.25098586082458496,-9.825203895568848,,,
,,175749,,,352.5054454803467,,,,,
,,175749,,10.406732559204102,,,,,,
112,,175749,,,,0.2644617557525635,-9.836341857910156,,,
,,175799,,,357.302188873291,,,,,
,,175799,,23.15044403076172,,,,,,
112,,175799,,,,0.2631103992462158,-9.717412948608398,,,
,,175849,,,383.1160068511963,,,,,
,,175849,,7.6122283935546875,,,,,,
112,,175849,,,,0.26677918434143066,-9.775261878967285,,,
,,175899,,,289.2458438873291,,,,,
,,175899,,20.160675048828125,,,,,,
112,,175899,,,,0.2583582401275635,-9.947702407836914,,,
,,175949,,,283.4126949310303,,,,,
,,175949,,10.922431945800781,,,,,,
112,,175949,,,,0.2606472969055176,-9.848655700683594,,,
,,175999,,,339.9825096130371,,,,,
,,175999,,22.859811782836914,,,,,,
112,,175999,,,,0.24998188018798828,-9.965561866760254,,,
,,176049,,,319.69666481018066,,,,,
,,176049,,12.930631637573242,,,,,,
112,,176049,,,,0.26404547691345215,-9.88132095336914,,,
,,176099,,,342.4968719482422,,,,,
,,176099,,23.349523544311523,,,,,,
112,,176099,,,,0.25966811180114746,-9.848072052001953,,,
,,176149,,,288.1138324737549,,,,,
,,176149,,10.845661163330078,,,,,,
112,,176149,,,,0.25169479846954346,-9.819339752197266,,,
,,176199,,,290.71927070617676,,,,,
,,176199,,27.047157287597656,,,,,,
112,,176199,,,,0.25298118591308594,-9.882431983947754,,,
,,176249,,,400.01511573791504,,,,,
,,176249,,8.821249008178711,,,,,,
112,,176249,,,,0.25142621994018555,-9.813140869140625,,,
,,176299,,,341.9046401977539,,,,,
,,176299,,23.481369018554688,,,,,,
112,,176299,,,,0.26026248931884766,-9.715681076049805,,,
,,176349,,,279.94322776794434,,,,,
,,176349,,13.044595718383789,,,,,,
112,,176349,,,,0.25807857513427734,-9.772771835327148,,,
,,176399,,,289.1254425048828,,,,,
,,176399,,23.677587509155273,,,,,,
112,,176399,,,,0.25727033615112305,-9.693737983703613,,,
,,176449,,,344.3019390106201,,,,,
,,176449,,8.91566276550293,,,,,,
112,,176449,,,,0.25875329971313477,-9.815134048461914,,,
,,176499,,,278.63121032714844,,,,,
,,176499,,18.238067626953125,,,,,,
112,,176499,,,,0.2537269592285156,-9.562792778015137,,,
,,176549,,,323.06408882141113,,,,,
,,176549,,11.081218719482422,,,,,,
112,,176549,,,,0.25859856605529785,-9.872760772705078,,,
,,176599,,,278.57327461242676,,,,,
,,176599,,18.167972564697266,,,,,,
112,,176599,,,,0.2551546096801758,-9.77336597442627,,,
112,,176618,,,,,,-7.7734880447387695,-7.799038887023926,-8.028693199157715
,,176619,630.4024729728699,,,,,,,
,0.0003,176619,,,,,,,,
,,176649,,,281.0671329498291,,,,,
,,176649,,11.098623275756836,,,,,,
113,,176649,,,,0.263812780380249,-9.599823951721191,,,
,,176699,,,396.09408378601074,,,,,
,,176699,,23.075103759765625,,,,,,
113,,176699,,,,0.25618600845336914,-9.823187828063965,,,
,,176749,,,292.618989944458,,,,,
,,176749,,11.667013168334961,,,,,,
113,,176749,,,,0.2574113607406616,-9.700512886047363,,,
,,176799,,,351.7136573791504,,,,,
,,176799,,24.053096771240234,,,,,,
113,,176799,,,,0.2577786445617676,-9.830723762512207,,,
,,176849,,,390.8205032348633,,,,,
,,176849,,6.890535354614258,,,,,,
113,,176849,,,,0.24902057647705078,-9.74352741241455,,,
,,176899,,,339.2195701599121,,,,,
,,176899,,23.959636688232422,,,,,,
113,,176899,,,,0.2623574733734131,-9.684179306030273,,,
,,176949,,,290.3404235839844,,,,,
,,176949,,6.972312927246094,,,,,,
113,,176949,,,,0.2563464641571045,-9.805532455444336,,,
,,176999,,,343.2121276855469,,,,,
,,176999,,26.581287384033203,,,,,,
113,,176999,,,,0.2530229091644287,-10.020459175109863,,,
,,177049,,,325.214147567749,,,,,
,,177049,,9.360551834106445,,,,,,
113,,177049,,,,0.2540616989135742,-9.893844604492188,,,
,,177099,,,340.7745361328125,,,,,
,,177099,,24.3070125579834,,,,,,
113,,177099,,,,0.25772857666015625,-9.86845874786377,,,
,,177149,,,288.62881660461426,,,,,
,,177149,,12.67695426940918,,,,,,
113,,177149,,,,0.2533252239227295,-9.81308650970459,,,
,,177199,,,284.66010093688965,,,,,
,,177199,,17.8375244140625,,,,,,
113,,177199,,,,0.2400493621826172,-10.09969425201416,,,
,,177249,,,291.0442352294922,,,,,
,,177249,,10.58340072631836,,,,,,
113,,177249,,,,0.23774683475494385,-9.859305381774902,,,
,,177299,,,310.5130195617676,,,,,
,,177299,,26.123762130737305,,,,,,
113,,177299,,,,0.2476341724395752,-9.892067909240723,,,
,,177349,,,326.33471488952637,,,,,
,,177349,,8.625268936157227,,,,,,
113,,177349,,,,0.24924540519714355,-9.831783294677734,,,
,,177399,,,354.45547103881836,,,,,
,,177399,,24.04499053955078,,,,,,
113,,177399,,,,0.2524280548095703,-9.702919960021973,,,
,,177449,,,341.25256538391113,,,,,
,,177449,,8.602380752563477,,,,,,
113,,177449,,,,0.25739145278930664,-9.933363914489746,,,
,,177499,,,282.00578689575195,,,,,
,,177499,,18.452167510986328,,,,,,
113,,177499,,,,0.25284647941589355,-9.837821960449219,,,
,,177549,,,332.0310115814209,,,,,
,,177549,,11.332273483276367,,,,,,
113,,177549,,,,0.26009202003479004,-9.692158699035645,,,
,,177599,,,325.8359432220459,,,,,
,,177599,,19.386768341064453,,,,,,
113,,177599,,,,0.2617363929748535,-9.84981632232666,,,
,,177649,,,281.16369247436523,,,,,
,,177649,,11.532783508300781,,,,,,
113,,177649,,,,0.2654935121536255,-9.764321327209473,,,
,,177699,,,354.37560081481934,,,,,
,,177699,,22.69721031188965,,,,,,
113,,177699,,,,0.26210808753967285,-9.651678085327148,,,
,,177749,,,279.130220413208,,,,,
,,177749,,12.961864471435547,,,,,,
113,,177749,,,,0.2621924877166748,-9.646142959594727,,,
,,177799,,,339.24293518066406,,,,,
,,177799,,22.919416427612305,,,,,,
113,,177799,,,,0.24978327751159668,-10.012391090393066,,,
,,177849,,,346.7988967895508,,,,,
,,177849,,9.461641311645508,,,,,,
113,,177849,,,,0.26595282554626465,-9.565619468688965,,,
,,177899,,,360.8238697052002,,,,,
,,177899,,22.74799346923828,,,,,,
113,,177899,,,,0.2634096145629883,-9.792082786560059,,,
,,177949,,,382.5395107269287,,,,,
,,177949,,9.043216705322266,,,,,,
113,,177949,,,,0.26352429389953613,-9.688430786132812,,,
,,177999,,,279.21056747436523,,,,,
,,177999,,17.874479293823242,,,,,,
113,,177999,,,,0.26157450675964355,-9.838569641113281,,,
,,178049,,,300.90785026550293,,,,,
,,178049,,8.562564849853516,,,,,,
113,,178049,,,,0.2540915012359619,-9.893499374389648,,,
,,178099,,,298.4468936920166,,,,,
,,178099,,23.199081420898438,,,,,,
113,,178099,,,,0.25120091438293457,-9.71841812133789,,,
,,178149,,,279.73437309265137,,,,,
,,178149,,12.514114379882812,,,,,,
113,,178149,,,,0.25527048110961914,-9.836129188537598,,,
113,,178181,,,,,,-7.773858547210693,-7.798906326293945,-8.028853416442871
,,178182,620.4901847839355,,,,,,,
,0.0003,178182,,,,,,,,
,,178199,,,279.18219566345215,,,,,
,,178199,,17.85564422607422,,,,,,
114,,178199,,,,0.26596641540527344,-9.90007209777832,,,
,,178249,,,283.0502986907959,,,,,
,,178249,,11.023283004760742,,,,,,
114,,178249,,,,0.269838809967041,-9.742884635925293,,,
,,178299,,,344.0825939178467,,,,,
,,178299,,23.571491241455078,,,,,,
114,,178299,,,,0.2718534469604492,-9.678244590759277,,,
,,178349,,,311.91039085388184,,,,,
,,178349,,7.885932922363281,,,,,,
114,,178349,,,,0.2705535888671875,-9.586373329162598,,,
,,178399,,,279.1447639465332,,,,,
,,178399,,18.23902130126953,,,,,,
114,,178399,,,,0.26833319664001465,-9.828700065612793,,,
,,178449,,,331.39562606811523,,,,,
,,178449,,8.509397506713867,,,,,,
114,,178449,,,,0.2662482261657715,-9.70188045501709,,,
,,178499,,,320.7385540008545,,,,,
,,178499,,18.384218215942383,,,,,,
114,,178499,,,,0.27034640312194824,-9.680537223815918,,,
,,178549,,,351.4862060546875,,,,,
,,178549,,10.345697402954102,,,,,,
114,,178549,,,,0.26090216636657715,-9.592937469482422,,,
,,178599,,,320.2478885650635,,,,,
,,178599,,18.29814910888672,,,,,,
114,,178599,,,,0.2548590898513794,-9.678557395935059,,,
,,178649,,,399.7471332550049,,,,,
,,178649,,8.348226547241211,,,,,,
114,,178649,,,,0.25564801692962646,-9.670289993286133,,,
,,178699,,,371.7978000640869,,,,,
,,178699,,21.512985229492188,,,,,,
114,,178699,,,,0.25104451179504395,-9.6903076171875,,,
,,178749,,,395.0181007385254,,,,,
,,178749,,8.232831954956055,,,,,,
114,,178749,,,,0.2591884136199951,-9.925837516784668,,,
,,178799,,,381.4048767089844,,,,,
,,178799,,23.850679397583008,,,,,,
114,,178799,,,,0.2590498924255371,-9.803275108337402,,,
,,178849,,,276.8278121948242,,,,,
,,178849,,12.215375900268555,,,,,,
114,,178849,,,,0.254932165145874,-9.956913948059082,,,
,,178899,,,321.0880756378174,,,,,
,,178899,,17.954587936401367,,,,,,
114,,178899,,,,0.26453590393066406,-9.80461311340332,,,
,,178949,,,277.7836322784424,,,,,
,,178949,,11.580228805541992,,,,,,
114,,178949,,,,0.2578558921813965,-10.071396827697754,,,
,,178999,,,298.3860969543457,,,,,
,,178999,,22.607088088989258,,,,,,
114,,178999,,,,0.26176226139068604,-9.82927417755127,,,
,,179049,,,348.0105400085449,,,,,
,,179049,,8.905172348022461,,,,,,
114,,179049,,,,0.2601633071899414,-9.93602180480957,,,
,,179099,,,281.81958198547363,,,,,
,,179099,,17.94910430908203,,,,,,
114,,179099,,,,0.2559537887573242,-9.894574165344238,,,
,,179149,,,351.0246276855469,,,,,
,,179149,,8.450031280517578,,,,,,
114,,179149,,,,0.2551460266113281,-9.88589096069336,,,
,,179199,,,353.5778522491455,,,,,
,,179199,,23.98395538330078,,,,,,
114,,179199,,,,0.27290475368499756,-9.68639850616455,,,
,,179249,,,283.0374240875244,,,,,
,,179249,,11.713743209838867,,,,,,
114,,179249,,,,0.2501668930053711,-9.933887481689453,,,
,,179299,,,322.1473693847656,,,,,
,,179299,,18.24212074279785,,,,,,
114,,179299,,,,0.25287818908691406,-9.721400260925293,,,
,,179349,,,353.06286811828613,,,,,
,,179349,,8.534669876098633,,,,,,
114,,179349,,,,0.24952363967895508,-9.830724716186523,,,
,,179399,,,323.64439964294434,,,,,
,,179399,,26.35335922241211,,,,,,
114,,179399,,,,0.2597839832305908,-9.660951614379883,,,
,,179449,,,347.4886417388916,,,,,
,,179449,,8.670330047607422,,,,,,
114,,179449,,,,0.2627875804901123,-9.755654335021973,,,
,,179499,,,332.7593803405762,,,,,
,,179499,,18.265247344970703,,,,,,
114,,179499,,,,0.26576197147369385,-9.636571884155273,,,
,,179549,,,387.9365921020508,,,,,
,,179549,,8.426427841186523,,,,,,
114,,179549,,,,0.2603278160095215,-9.728742599487305,,,
,,179599,,,322.1738338470459,,,,,
,,179599,,18.206357955932617,,,,,,
114,,179599,,,,0.2586100101470947,-9.77248764038086,,,
,,179649,,,322.7982521057129,,,,,
,,179649,,11.27934455871582,,,,,,
114,,179649,,,,0.2572755813598633,-9.735417366027832,,,
,,179699,,,343.95766258239746,,,,,
,,179699,,22.904157638549805,,,,,,
114,,179699,,,,0.2626802921295166,-9.772722244262695,,,
114,,179744,,,,,,-7.773768901824951,-7.799218654632568,-8.032303810119629
,,179745,623.8376276493073,,,,,,,
,0.0003,179745,,,,,,,,
,,179749,,,303.56454849243164,,,,,
,,179749,,5.318403244018555,,,,,,
115,,179749,,,,0.2614707946777344,-9.896169662475586,,,
,,179799,,,401.14331245422363,,,,,
,,179799,,29.08611297607422,,,,,,
115,,179799,,,,0.25970935821533203,-9.78485107421875,,,
,,179849,,,358.5200309753418,,,,,
,,179849,,7.178783416748047,,,,,,
115,,179849,,,,0.2512471675872803,-9.865849494934082,,,
,,179899,,,333.798885345459,,,,,
,,179899,,19.410371780395508,,,,,,
115,,179899,,,,0.26385021209716797,-9.835922241210938,,,
,,179949,,,341.34888648986816,,,,,
,,179949,,8.538484573364258,,,,,,
115,,179949,,,,0.25129127502441406,-9.79112434387207,,,
,,179999,,,286.4539623260498,,,,,
,,179999,,19.01555061340332,,,,,,
115,,179999,,,,0.2498314380645752,-9.702539443969727,,,
,,180049,,,321.25306129455566,,,,,
,,180049,,15.190601348876953,,,,,,
115,,180049,,,,0.2508366107940674,-9.976058006286621,,,
,,180099,,,280.5609703063965,,,,,
,,180099,,17.83156394958496,,,,,,
115,,180099,,,,0.2540304660797119,-9.74272346496582,,,
,,180149,,,319.1044330596924,,,,,
,,180149,,13.434886932373047,,,,,,
115,,180149,,,,0.2517588138580322,-9.969017028808594,,,
,,180199,,,392.92168617248535,,,,,
,,180199,,24.525165557861328,,,,,,
115,,180199,,,,0.2602980136871338,-9.741735458374023,,,
,,180249,,,302.31404304504395,,,,,
,,180249,,9.004354476928711,,,,,,
115,,180249,,,,0.25403499603271484,-9.970731735229492,,,
,,180299,,,346.8477725982666,,,,,
,,180299,,25.250673294067383,,,,,,
115,,180299,,,,0.25290822982788086,-9.855107307434082,,,
,,180349,,,322.13687896728516,,,,,
,,180349,,10.574579238891602,,,,,,
115,,180349,,,,0.24003911018371582,-9.90676212310791,,,
,,180399,,,345.2789783477783,,,,,
,,180399,,23.929357528686523,,,,,,
115,,180399,,,,0.2392890453338623,-9.915729522705078,,,
,,180449,,,278.98097038269043,,,,,
,,180449,,10.830879211425781,,,,,,
115,,180449,,,,0.250907301902771,-9.86473274230957,,,
,,180499,,,396.5270519256592,,,,,
,,180499,,22.397518157958984,,,,,,
115,,180499,,,,0.251827597618103,-9.789487838745117,,,
,,180549,,,294.9190139770508,,,,,
,,180549,,8.15439224243164,,,,,,
115,,180549,,,,0.2503836154937744,-9.728715896606445,,,
,,180599,,,399.66821670532227,,,,,
,,180599,,24.80149269104004,,,,,,
115,,180599,,,,0.24982786178588867,-9.863797187805176,,,
,,180649,,,282.8938961029053,,,,,
,,180649,,10.883808135986328,,,,,,
115,,180649,,,,0.252086877822876,-9.770832061767578,,,
,,180699,,,283.40911865234375,,,,,
,,180699,,17.485380172729492,,,,,,
115,,180699,,,,0.24678325653076172,-10.021697044372559,,,
,,180749,,,306.9014549255371,,,,,
,,180749,,5.449056625366211,,,,,,
115,,180749,,,,0.2508728504180908,-9.78547191619873,,,
,,180799,,,295.29333114624023,,,,,
,,180799,,28.882503509521484,,,,,,
115,,180799,,,,0.24356436729431152,-10.106823921203613,,,
,,180849,,,356.8875789642334,,,,,
,,180849,,8.543729782104492,,,,,,
115,,180849,,,,0.24825024604797363,-10.015727996826172,,,
,,180899,,,322.22628593444824,,,,,
,,180899,,25.425434112548828,,,,,,
115,,180899,,,,0.2548196315765381,-9.890028953552246,,,
,,180949,,,279.339075088501,,,,,
,,180949,,12.044668197631836,,,,,,
115,,180949,,,,0.25348877906799316,-9.689057350158691,,,
,,180999,,,370.8312511444092,,,,,
,,180999,,18.616437911987305,,,,,,
115,,180999,,,,0.2548809051513672,-9.86628246307373,,,
,,181049,,,338.50812911987305,,,,,
,,181049,,8.149862289428711,,,,,,
115,,181049,,,,0.25022268295288086,-9.77879810333252,,,
,,181099,,,354.86865043640137,,,,,
,,181099,,23.44226837158203,,,,,,
115,,181099,,,,0.24180960655212402,-9.78679084777832,,,
,,181149,,,343.9924716949463,,,,,
,,181149,,8.304834365844727,,,,,,
115,,181149,,,,0.2535707950592041,-9.891939163208008,,,
,,181199,,,292.8917407989502,,,,,
,,181199,,18.168926239013672,,,,,,
115,,181199,,,,0.2534770965576172,-9.789960861206055,,,
,,181249,,,363.22665214538574,,,,,
,,181249,,10.877609252929688,,,,,,
115,,181249,,,,0.24653732776641846,-9.985361099243164,,,
,,181299,,,294.0943241119385,,,,,
,,181299,,17.52305030822754,,,,,,
115,,181299,,,,0.2479391098022461,-9.902739524841309,,,
115,,181307,,,,,,-7.773079872131348,-7.797800064086914,-8.02544116973877
,,181308,631.6603543758392,,,,,,,
,0.0003,181308,,,,,,,,
,,181349,,,284.712553024292,,,,,
,,181349,,12.575864791870117,,,,,,
116,,181349,,,,0.23064303398132324,-9.942254066467285,,,
,,181399,,,298.13432693481445,,,,,
,,181399,,22.821664810180664,,,,,,
116,,181399,,,,0.24489712715148926,-9.901389122009277,,,
,,181449,,,355.9696674346924,,,,,
,,181449,,10.26296615600586,,,,,,
116,,181449,,,,0.24544525146484375,-9.861104965209961,,,
,,181499,,,392.6851749420166,,,,,
,,181499,,22.546768188476562,,,,,,
116,,181499,,,,0.2522776126861572,-9.748128890991211,,,
,,181549,,,343.7671661376953,,,,,
,,181549,,8.539438247680664,,,,,,
116,,181549,,,,0.24331212043762207,-9.932814598083496,,,
,,181599,,,290.17043113708496,,,,,
,,181599,,22.61829376220703,,,,,,
116,,181599,,,,0.2532682418823242,-9.967103004455566,,,
,,181649,,,398.8161087036133,,,,,
,,181649,,8.493661880493164,,,,,,
116,,181649,,,,0.24622488021850586,-9.758323669433594,,,
,,181699,,,322.1302032470703,,,,,
,,181699,,18.053293228149414,,,,,,
116,,181699,,,,0.25458192825317383,-9.817256927490234,,,
,,181749,,,355.23295402526855,,,,,
,,181749,,8.571863174438477,,,,,,
116,,181749,,,,0.24786067008972168,-9.800341606140137,,,
,,181799,,,295.0553894042969,,,,,
,,181799,,26.223182678222656,,,,,,
116,,181799,,,,0.2454853057861328,-10.106843948364258,,,
,,181849,,,393.9540386199951,,,,,
,,181849,,11.046171188354492,,,,,,
116,,181849,,,,0.2462778091430664,-10.118261337280273,,,
,,181899,,,345.19457817077637,,,,,
,,181899,,23.28968048095703,,,,,,
116,,181899,,,,0.2422494888305664,-9.881315231323242,,,
,,181949,,,279.8597812652588,,,,,
,,181949,,12.526750564575195,,,,,,
116,,181949,,,,0.2514913082122803,-9.791542053222656,,,
,,181999,,,320.8785057067871,,,,,
,,181999,,18.612146377563477,,,,,,
116,,181999,,,,0.2614297866821289,-9.75285530090332,,,
,,182049,,,322.664737701416,,,,,
,,182049,,9.808778762817383,,,,,,
116,,182049,,,,0.2604501247406006,-9.629389762878418,,,
,,182099,,,329.18667793273926,,,,,
,,182099,,18.12911033630371,,,,,,
116,,182099,,,,0.2564046382904053,-9.801827430725098,,,
,,182149,,,288.2113456726074,,,,,
,,182149,,11.669397354125977,,,,,,
116,,182149,,,,0.25541067123413086,-9.966261863708496,,,
,,182199,,,385.6375217437744,,,,,
,,182199,,30.800580978393555,,,,,,
116,,182199,,,,0.2622406482696533,-9.649706840515137,,,
,,182249,,,346.61293029785156,,,,,
,,182249,,8.601903915405273,,,,,,
116,,182249,,,,0.27005934715270996,-9.624258041381836,,,
,,182299,,,321.89440727233887,,,,,
,,182299,,18.210411071777344,,,,,,
116,,182299,,,,0.25725531578063965,-10.04499340057373,,,
,,182349,,,356.9293022155762,,,,,
,,182349,,8.355855941772461,,,,,,
116,,182349,,,,0.2653329372406006,-9.821810722351074,,,
,,182399,,,348.67238998413086,,,,,
,,182399,,23.09250831604004,,,,,,
116,,182399,,,,0.26020312309265137,-9.803322792053223,,,
,,182449,,,281.16774559020996,,,,,
,,182449,,10.910987854003906,,,,,,
116,,182449,,,,0.2653028964996338,-9.954084396362305,,,
,,182499,,,342.53883361816406,,,,,
,,182499,,23.41151237487793,,,,,,
116,,182499,,,,0.2796933650970459,-9.653769493103027,,,
,,182549,,,291.20373725891113,,,,,
,,182549,,10.353565216064453,,,,,,
116,,182549,,,,0.26897668838500977,-9.65903377532959,,,
,,182599,,,280.69019317626953,,,,,
,,182599,,18.123865127563477,,,,,,
116,,182599,,,,0.26004552841186523,-9.71098518371582,,,
,,182649,,,351.1471748352051,,,,,
,,182649,,8.052349090576172,,,,,,
116,,182649,,,,0.26122498512268066,-9.895708084106445,,,
,,182699,,,280.7772159576416,,,,,
,,182699,,18.036842346191406,,,,,,
116,,182699,,,,0.27271509170532227,-9.747185707092285,,,
,,182749,,,393.604040145874,,,,,
,,182749,,9.007930755615234,,,,,,
116,,182749,,,,0.26911187171936035,-9.852425575256348,,,
,,182799,,,295.7329750061035,,,,,
,,182799,,22.95708656311035,,,,,,
116,,182799,,,,0.26793479919433594,-9.718284606933594,,,
,,182849,,,304.15797233581543,,,,,
,,182849,,8.095979690551758,,,,,,
116,,182849,,,,0.25997471809387207,-9.819528579711914,,,
116,,182870,,,,,,-7.7736005783081055,-7.798466205596924,-8.024582862854004
,,182871,621.2984144687653,,,,,,,
,0.0003,182871,,,,,,,,
,,182899,,,356.25576972961426,,,,,
,,182899,,22.406816482543945,,,,,,
117,,182899,,,,0.26885414123535156,-9.71500301361084,,,
,,182949,,,384.0746879577637,,,,,
,,182949,,7.763862609863281,,,,,,
117,,182949,,,,0.2677183151245117,-9.645792961120605,,,
,,182999,,,296.3414192199707,,,,,
,,182999,,18.742084503173828,,,,,,
117,,182999,,,,0.2568502426147461,-9.774018287658691,,,
,,183049,,,349.5030403137207,,,,,
,,183049,,8.415937423706055,,,,,,
117,,183049,,,,0.25800609588623047,-9.631925582885742,,,
,,183099,,,325.81114768981934,,,,,
,,183099,,24.608612060546875,,,,,,
117,,183099,,,,0.25885653495788574,-9.405672073364258,,,
,,183149,,,360.35728454589844,,,,,
,,183149,,8.719444274902344,,,,,,
117,,183149,,,,0.2550618648529053,-9.578034400939941,,,
,,183199,,,347.7969169616699,,,,,
,,183199,,23.09727668762207,,,,,,
117,,183199,,,,0.252866268157959,-9.66798210144043,,,
,,183249,,,346.8921184539795,,,,,
,,183249,,8.68844985961914,,,,,,
117,,183249,,,,0.26233673095703125,-9.68575668334961,,,
,,183299,,,289.0434265136719,,,,,
,,183299,,18.123626708984375,,,,,,
117,,183299,,,,0.24932706356048584,-9.639314651489258,,,
,,183349,,,370.2812194824219,,,,,
,,183349,,9.603738784790039,,,,,,
117,,183349,,,,0.25444626808166504,-9.66871166229248,,,
,,183399,,,321.7272758483887,,,,,
,,183399,,18.513917922973633,,,,,,
117,,183399,,,,0.25675487518310547,-9.655217170715332,,,
,,183449,,,323.7466812133789,,,,,
,,183449,,12.453317642211914,,,,,,
117,,183449,,,,0.257413387298584,-9.642133712768555,,,
,,183499,,,348.83785247802734,,,,,
,,183499,,23.062705993652344,,,,,,
117,,183499,,,,0.26326966285705566,-9.735711097717285,,,
,,183549,,,360.6405258178711,,,,,
,,183549,,8.512020111083984,,,,,,
117,,183549,,,,0.26166999340057373,-9.756360054016113,,,
,,183599,,,278.3384323120117,,,,,
,,183599,,17.924785614013672,,,,,,
117,,183599,,,,0.25833308696746826,-9.610648155212402,,,
,,183649,,,300.384521484375,,,,,
,,183649,,8.505105972290039,,,,,,
117,,183649,,,,0.26098597049713135,-9.574033737182617,,,
,,183699,,,304.69512939453125,,,,,
,,183699,,23.610353469848633,,,,,,
117,,183699,,,,0.2665221691131592,-9.49183464050293,,,
,,183749,,,362.8954887390137,,,,,
,,183749,,9.045839309692383,,,,,,
117,,183749,,,,0.2500340938568115,-9.82719612121582,,,
,,183799,,,280.087947845459,,,,,
,,183799,,18.326997756958008,,,,,,
117,,183799,,,,0.25359535217285156,-9.861299514770508,,,
,,183849,,,349.8258590698242,,,,,
,,183849,,10.495901107788086,,,,,,
117,,183849,,,,0.25957345962524414,-9.543501853942871,,,
,,183899,,,347.17631340026855,,,,,
,,183899,,23.552417755126953,,,,,,
117,,183899,,,,0.25652217864990234,-9.70965576171875,,,
,,183949,,,308.3357810974121,,,,,
,,183949,,9.052753448486328,,,,,,
117,,183949,,,,0.2516423463821411,-9.91722297668457,,,
,,183999,,,285.663366317749,,,,,
,,183999,,18.180131912231445,,,,,,
117,,183999,,,,0.25183868408203125,-9.940244674682617,,,
,,184049,,,376.89781188964844,,,,,
,,184049,,7.192850112915039,,,,,,
117,,184049,,,,0.2545435428619385,-9.860617637634277,,,
,,184099,,,281.04114532470703,,,,,
,,184099,,17.737627029418945,,,,,,
117,,184099,,,,0.25896596908569336,-9.646506309509277,,,
,,184149,,,280.69043159484863,,,,,
,,184149,,11.84988021850586,,,,,,
117,,184149,,,,0.26192760467529297,-9.800539016723633,,,
,,184199,,,325.38437843322754,,,,,
,,184199,,18.109560012817383,,,,,,
117,,184199,,,,0.2724635601043701,-9.89022445678711,,,
,,184249,,,394.82998847961426,,,,,
,,184249,,8.996248245239258,,,,,,
117,,184249,,,,0.2607841491699219,-9.55131721496582,,,
,,184299,,,368.38674545288086,,,,,
,,184299,,24.55306053161621,,,,,,
117,,184299,,,,0.2698826789855957,-9.770529747009277,,,
,,184349,,,324.71585273742676,,,,,
,,184349,,10.553598403930664,,,,,,
117,,184349,,,,0.26958346366882324,-9.528918266296387,,,
,,184399,,,349.25365447998047,,,,,
,,184399,,21.880149841308594,,,,,,
117,,184399,,,,0.28026700019836426,-9.526139259338379,,,
117,,184433,,,,,,-7.773365020751953,-7.798453330993652,-8.01673412322998
,,184434,631.3399589061737,,,,,,,
,0.0003,184434,,,,,,,,
,,184449,,,280.82275390625,,,,,
,,184449,,12.232780456542969,,,,,,
118,,184449,,,,0.287874698638916,-9.581107139587402,,,
,,184499,,,282.0310592651367,,,,,
,,184499,,17.985820770263672,,,,,,
118,,184499,,,,0.2860846519470215,-9.404126167297363,,,
,,184549,,,300.77481269836426,,,,,
,,184549,,9.665727615356445,,,,,,
118,,184549,,,,0.28194236755371094,-9.683304786682129,,,
,,184599,,,283.29944610595703,,,,,
,,184599,,30.47037124633789,,,,,,
118,,184599,,,,0.2758448123931885,-9.728646278381348,,,
,,184649,,,320.07765769958496,,,,,
,,184649,,12.808084487915039,,,,,,
118,,184649,,,,0.2778116464614868,-9.639323234558105,,,
,,184699,,,343.24121475219727,,,,,
,,184699,,23.331880569458008,,,,,,
118,,184699,,,,0.27666330337524414,-9.621983528137207,,,
,,184749,,,326.90906524658203,,,,,
,,184749,,10.153770446777344,,,,,,
118,,184749,,,,0.2748103141784668,-9.765143394470215,,,
,,184799,,,348.2635021209717,,,,,
,,184799,,24.752378463745117,,,,,,
118,,184799,,,,0.2767980098724365,-9.528504371643066,,,
,,184849,,,343.3949947357178,,,,,
,,184849,,11.403083801269531,,,,,,
118,,184849,,,,0.27169108390808105,-9.688583374023438,,,
,,184899,,,323.76980781555176,,,,,
,,184899,,18.59259605407715,,,,,,
118,,184899,,,,0.2649216651916504,-9.669772148132324,,,
,,184949,,,342.4663543701172,,,,,
,,184949,,6.772756576538086,,,,,,
118,,184949,,,,0.26785755157470703,-9.556380271911621,,,
,,184999,,,284.0309143066406,,,,,
,,184999,,18.484830856323242,,,,,,
118,,184999,,,,0.27010953426361084,-9.734577178955078,,,
,,185049,,,282.3972702026367,,,,,
,,185049,,11.201620101928711,,,,,,
118,,185049,,,,0.2741389274597168,-9.550238609313965,,,
,,185099,,,347.4769592285156,,,,,
,,185099,,27.692317962646484,,,,,,
118,,185099,,,,0.2611757516860962,-9.785061836242676,,,
,,185149,,,353.8787364959717,,,,,
,,185149,,8.281230926513672,,,,,,
118,,185149,,,,0.25655508041381836,-9.932796478271484,,,
,,185199,,,297.96838760375977,,,,,
,,185199,,23.427248001098633,,,,,,
118,,185199,,,,0.25623083114624023,-9.75381851196289,,,
,,185249,,,282.41443634033203,,,,,
,,185249,,13.318300247192383,,,,,,
118,,185249,,,,0.25722289085388184,-9.833621978759766,,,
,,185299,,,279.23059463500977,,,,,
,,185299,,18.54252815246582,,,,,,
118,,185299,,,,0.26344823837280273,-9.61307430267334,,,
,,185349,,,289.8423671722412,,,,,
,,185349,,8.55112075805664,,,,,,
118,,185349,,,,0.2600736618041992,-9.514768600463867,,,
,,185399,,,279.70361709594727,,,,,
,,185399,,17.76576042175293,,,,,,
118,,185399,,,,0.26320528984069824,-9.632270812988281,,,
,,185449,,,279.44231033325195,,,,,
,,185449,,13.548612594604492,,,,,,
118,,185449,,,,0.27034854888916016,-9.570293426513672,,,
,,185499,,,279.5085906982422,,,,,
,,185499,,18.026351928710938,,,,,,
118,,185499,,,,0.2579371929168701,-9.561806678771973,,,
,,185549,,,346.3759422302246,,,,,
,,185549,,10.703802108764648,,,,,,
118,,185549,,,,0.2562103271484375,-9.56004810333252,,,
,,185599,,,342.62585639953613,,,,,
,,185599,,23.654937744140625,,,,,,
118,,185599,,,,0.2635669708251953,-9.835956573486328,,,
,,185649,,,278.8429260253906,,,,,
,,185649,,13.383865356445312,,,,,,
118,,185649,,,,0.26250529289245605,-9.697409629821777,,,
,,185699,,,330.8436870574951,,,,,
,,185699,,18.686532974243164,,,,,,
118,,185699,,,,0.26302289962768555,-9.798539161682129,,,
,,185749,,,325.0710964202881,,,,,
,,185749,,3.5958290100097656,,,,,,
118,,185749,,,,0.2686941623687744,-9.853564262390137,,,
,,185799,,,376.02806091308594,,,,,
,,185799,,22.069931030273438,,,,,,
118,,185799,,,,0.2565004825592041,-9.6658296585083,,,
,,185849,,,383.1164836883545,,,,,
,,185849,,8.565902709960938,,,,,,
118,,185849,,,,0.25798821449279785,-9.937292098999023,,,
,,185899,,,343.65057945251465,,,,,
,,185899,,23.29254150390625,,,,,,
118,,185899,,,,0.2715156078338623,-9.644251823425293,,,
,,185949,,,385.5624198913574,,,,,
,,185949,,8.048295974731445,,,,,,
118,,185949,,,,0.2700080871582031,-9.592947959899902,,,
118,,185996,,,,,,-7.773857116699219,-7.798985004425049,-8.023767471313477
,,185997,620.2292323112488,,,,,,,
,0.0003,185997,,,,,,,,
,,185999,,,281.9650173187256,,,,,
,,185999,,17.445802688598633,,,,,,
119,,185999,,,,0.26201820373535156,-9.852170944213867,,,
,,186049,,,352.61988639831543,,,,,
,,186049,,10.677576065063477,,,,,,
119,,186049,,,,0.26551079750061035,-9.748936653137207,,,
,,186099,,,393.53299140930176,,,,,
,,186099,,24.93882179260254,,,,,,
119,,186099,,,,0.2613966464996338,-9.849051475524902,,,
,,186149,,,419.50321197509766,,,,,
,,186149,,8.301973342895508,,,,,,
119,,186149,,,,0.26409435272216797,-9.875893592834473,,,
,,186199,,,360.1987361907959,,,,,
,,186199,,41.42260551452637,,,,,,
119,,186199,,,,0.26235532760620117,-9.829381942749023,,,
,,186249,,,435.6358051300049,,,,,
,,186249,,8.76927375793457,,,,,,
119,,186249,,,,0.2549479007720947,-9.655449867248535,,,
,,186299,,,279.4525623321533,,,,,
,,186299,,17.650365829467773,,,,,,
119,,186299,,,,0.25453925132751465,-9.724957466125488,,,
,,186349,,,335.78944206237793,,,,,
,,186349,,9.427070617675781,,,,,,
119,,186349,,,,0.25198495388031006,-9.616059303283691,,,
,,186399,,,320.1131820678711,,,,,
,,186399,,25.98285675048828,,,,,,
119,,186399,,,,0.24487590789794922,-9.774693489074707,,,
,,186449,,,329.64181900024414,,,,,
,,186449,,3.4885406494140625,,,,,,
119,,186449,,,,0.24392390251159668,-9.717259407043457,,,
,,186499,,,278.963565826416,,,,,
,,186499,,17.99297332763672,,,,,,
119,,186499,,,,0.25137996673583984,-9.633747100830078,,,
,,186549,,,303.01785469055176,,,,,
,,186549,,9.592533111572266,,,,,,
119,,186549,,,,0.2579841613769531,-9.67910099029541,,,
,,186599,,,282.8662395477295,,,,,
,,186599,,17.870664596557617,,,,,,
119,,186599,,,,0.25356459617614746,-9.775490760803223,,,
,,186649,,,297.76573181152344,,,,,
,,186649,,8.135795593261719,,,,,,
119,,186649,,,,0.2514533996582031,-9.637967109680176,,,
,,186699,,,299.32093620300293,,,,,
,,186699,,23.41604232788086,,,,,,
119,,186699,,,,0.24799251556396484,-9.611916542053223,,,
,,186749,,,347.919225692749,,,,,
,,186749,,8.17561149597168,,,,,,
119,,186749,,,,0.2502875328063965,-9.837942123413086,,,
,,186799,,,298.7546920776367,,,,,
,,186799,,22.947311401367188,,,,,,
119,,186799,,,,0.2519233226776123,-9.78819751739502,,,
,,186849,,,298.9072799682617,,,,,
,,186849,,6.726980209350586,,,,,,
119,,186849,,,,0.25316011905670166,-9.810015678405762,,,
,,186899,,,300.0972270965576,,,,,
,,186899,,23.65851402282715,,,,,,
119,,186899,,,,0.24913358688354492,-9.67758560180664,,,
,,186949,,,292.47593879699707,,,,,
,,186949,,6.214618682861328,,,,,,
119,,186949,,,,0.260190486907959,-9.676201820373535,,,
,,186999,,,282.4244499206543,,,,,
,,186999,,18.723011016845703,,,,,,
119,,186999,,,,0.2546722888946533,-9.709057807922363,,,
,,187049,,,281.4667224884033,,,,,
,,187049,,12.133598327636719,,,,,,
119,,187049,,,,0.2562997341156006,-9.69607925415039,,,
,,187099,,,287.625789642334,,,,,
,,187099,,19.17433738708496,,,,,,
119,,187099,,,,0.26152753829956055,-9.706844329833984,,,
,,187149,,,282.52291679382324,,,,,
,,187149,,10.75124740600586,,,,,,
119,,187149,,,,0.2607886791229248,-9.675251007080078,,,
,,187199,,,280.2464962005615,,,,,
,,187199,,18.862009048461914,,,,,,
119,,187199,,,,0.27081775665283203,-9.528395652770996,,,
,,187249,,,306.2407970428467,,,,,
,,187249,,4.342555999755859,,,,,,
119,,187249,,,,0.26531410217285156,-9.591878890991211,,,
,,187299,,,282.40013122558594,,,,,
,,187299,,19.068002700805664,,,,,,
119,,187299,,,,0.26500511169433594,-9.700946807861328,,,
,,187349,,,338.43064308166504,,,,,
,,187349,,10.872125625610352,,,,,,
119,,187349,,,,0.28008508682250977,-9.477083206176758,,,
,,187399,,,360.4598045349121,,,,,
,,187399,,24.07050132751465,,,,,,
119,,187399,,,,0.27578186988830566,-9.393577575683594,,,
,,187449,,,392.11082458496094,,,,,
,,187449,,8.683204650878906,,,,,,
119,,187449,,,,0.26959228515625,-9.631999969482422,,,
,,187499,,,388.3013725280762,,,,,
,,187499,,23.277759552001953,,,,,,
119,,187499,,,,0.2692558765411377,-9.595314025878906,,,
,,187549,,,298.2497215270996,,,,,
,,187549,,9.12165641784668,,,,,,
119,,187549,,,,0.2561478614807129,-9.597006797790527,,,
119,,187559,,,,,,-7.773802280426025,-7.7988786697387695,-8.015535354614258
,,187560,616.9232985973358,,,,,,,
,0.0003,187560,,,,,,,,
,,187599,,,287.88065910339355,,,,,
,,187599,,17.75836944580078,,,,,,
120,,187599,,,,0.26473331451416016,-9.67352294921875,,,
,,187649,,,282.1998596191406,,,,,
,,187649,,11.073827743530273,,,,,,
120,,187649,,,,0.26224541664123535,-9.550859451293945,,,
,,187699,,,322.843074798584,,,,,
,,187699,,18.568992614746094,,,,,,
120,,187699,,,,0.2650710344314575,-9.504837036132812,,,
,,187749,,,390.55943489074707,,,,,
,,187749,,10.331869125366211,,,,,,
120,,187749,,,,0.25308775901794434,-9.796764373779297,,,
,,187799,,,342.1320915222168,,,,,
,,187799,,24.13797378540039,,,,,,
120,,187799,,,,0.2533726692199707,-10.018203735351562,,,
,,187849,,,283.68210792541504,,,,,
,,187849,,11.671066284179688,,,,,,
120,,187849,,,,0.258017897605896,-9.923222541809082,,,
,,187899,,,281.8620204925537,,,,,
,,187899,,18.714189529418945,,,,,,
120,,187899,,,,0.2626490592956543,-9.540120124816895,,,
,,187949,,,301.8641471862793,,,,,
,,187949,,8.545875549316406,,,,,,
120,,187949,,,,0.2593216896057129,-9.573084831237793,,,
,,187999,,,331.348180770874,,,,,
,,187999,,19.15764808654785,,,,,,
120,,187999,,,,0.25966382026672363,-9.716777801513672,,,
,,188049,,,323.9297866821289,,,,,
,,188049,,10.847091674804688,,,,,,
120,,188049,,,,0.26865649223327637,-9.619180679321289,,,
,,188099,,,280.56907653808594,,,,,
,,188099,,18.126249313354492,,,,,,
120,,188099,,,,0.27120280265808105,-9.601143836975098,,,
,,188149,,,351.03869438171387,,,,,
,,188149,,9.543657302856445,,,,,,
120,,188149,,,,0.26348161697387695,-9.573577880859375,,,
,,188199,,,278.3186435699463,,,,,
,,188199,,18.422365188598633,,,,,,
120,,188199,,,,0.2615382671356201,-9.567625045776367,,,
,,188249,,,385.54930686950684,,,,,
,,188249,,8.68368148803711,,,,,,
120,,188249,,,,0.2559497356414795,-9.927167892456055,,,
,,188299,,,282.930850982666,,,,,
,,188299,,18.1887149810791,,,,,,
120,,188299,,,,0.25461888313293457,-9.813849449157715,,,
,,188349,,,347.3174571990967,,,,,
,,188349,,6.219148635864258,,,,,,
120,,188349,,,,0.2546665668487549,-9.823002815246582,,,
,,188399,,,326.72834396362305,,,,,
,,188399,,18.67532730102539,,,,,,
120,,188399,,,,0.26446008682250977,-9.637849807739258,,,
,,188449,,,330.1234245300293,,,,,
,,188449,,11.15870475769043,,,,,,
120,,188449,,,,0.260556697845459,-9.793319702148438,,,
,,188499,,,327.1067142486572,,,,,
,,188499,,18.620014190673828,,,,,,
120,,188499,,,,0.24757814407348633,-9.776057243347168,,,
,,188549,,,279.62684631347656,,,,,
,,188549,,13.245344161987305,,,,,,
120,,188549,,,,0.25350260734558105,-9.755721092224121,,,
,,188599,,,283.2479476928711,,,,,
,,188599,,19.18816566467285,,,,,,
120,,188599,,,,0.25960707664489746,-9.615726470947266,,,
,,188649,,,301.5940189361572,,,,,
,,188649,,9.129047393798828,,,,,,
120,,188649,,,,0.2493758201599121,-9.872048377990723,,,
,,188699,,,355.88836669921875,,,,,
,,188699,,24.06477928161621,,,,,,
120,,188699,,,,0.25247955322265625,-9.78922176361084,,,
,,188749,,,324.8255252838135,,,,,
,,188749,,10.54239273071289,,,,,,
120,,188749,,,,0.2489151954650879,-9.874688148498535,,,
,,188799,,,342.46349334716797,,,,,
,,188799,,23.235559463500977,,,,,,
120,,188799,,,,0.2502894401550293,-10.053144454956055,,,
,,188849,,,296.511173248291,,,,,
,,188849,,8.811712265014648,,,,,,
120,,188849,,,,0.24855422973632812,-10.072196960449219,,,
,,188899,,,300.7516860961914,,,,,
,,188899,,22.9647159576416,,,,,,
120,,188899,,,,0.25837278366088867,-10.067975044250488,,,
,,188949,,,282.2680473327637,,,,,
,,188949,,11.31296157836914,,,,,,
120,,188949,,,,0.25241243839263916,-9.820952415466309,,,
,,188999,,,281.522274017334,,,,,
,,188999,,18.55945587158203,,,,,,
120,,188999,,,,0.2661550045013428,-9.883895874023438,,,
,,189049,,,287.05906867980957,,,,,
,,189049,,6.126165390014648,,,,,,
120,,189049,,,,0.2563974857330322,-9.845935821533203,,,
,,189099,,,375.49304962158203,,,,,
,,189099,,18.486499786376953,,,,,,
120,,189099,,,,0.2540590763092041,-9.813055038452148,,,
120,,189122,,,,,,-7.773147106170654,-7.7982330322265625,-8.029104232788086
,,189123,630.0737080574036,,,,,,,
,0.0003,189123,,,,,,,,
,,189149,,,299.21698570251465,,,,,
,,189149,,8.373022079467773,,,,,,
121,,189149,,,,0.26244568824768066,-9.766271591186523,,,
,,189199,,,276.02434158325195,,,,,
,,189199,,18.056631088256836,,,,,,
121,,189199,,,,0.2719767093658447,-9.8091459274292,,,
,,189249,,,279.91557121276855,,,,,
,,189249,,13.622045516967773,,,,,,
121,,189249,,,,0.27115464210510254,-9.594143867492676,,,
,,189299,,,277.4364948272705,,,,,
,,189299,,17.767906188964844,,,,,,
121,,189299,,,,0.26630449295043945,-9.659042358398438,,,
,,189349,,,341.5248394012451,,,,,
,,189349,,8.353233337402344,,,,,,
121,,189349,,,,0.2778193950653076,-9.559760093688965,,,
,,189399,,,345.3857898712158,,,,,
,,189399,,24.166107177734375,,,,,,
121,,189399,,,,0.27638840675354004,-9.76246166229248,,,
,,189449,,,295.17340660095215,,,,,
,,189449,,11.016607284545898,,,,,,
121,,189449,,,,0.2549312114715576,-9.747876167297363,,,
,,189499,,,321.9935894012451,,,,,
,,189499,,17.880916595458984,,,,,,
121,,189499,,,,0.25933361053466797,-9.772900581359863,,,
,,189549,,,290.7538414001465,,,,,
,,189549,,11.514663696289062,,,,,,
121,,189549,,,,0.2592899799346924,-9.608642578125,,,
,,189599,,,279.5231342315674,,,,,
,,189599,,18.280982971191406,,,,,,
121,,189599,,,,0.26038527488708496,-9.894674301147461,,,
,,189649,,,282.01866149902344,,,,,
,,189649,,12.564420700073242,,,,,,
121,,189649,,,,0.2698497772216797,-9.640519142150879,,,
,,189699,,,341.1681652069092,,,,,
,,189699,,23.34427833557129,,,,,,
121,,189699,,,,0.2548375129699707,-9.885309219360352,,,
,,189749,,,283.25510025024414,,,,,
,,189749,,10.949850082397461,,,,,,
121,,189749,,,,0.25786757469177246,-9.939563751220703,,,
,,189799,,,277.8172492980957,,,,,
,,189799,,17.72308349609375,,,,,,
121,,189799,,,,0.2625293731689453,-9.803558349609375,,,
,,189849,,,341.320276260376,,,,,
,,189849,,5.1136016845703125,,,,,,
121,,189849,,,,0.2568237781524658,-9.733804702758789,,,
,,189899,,,388.5977268218994,,,,,
,,189899,,23.227691650390625,,,,,,
121,,189899,,,,0.2637331485748291,-9.813505172729492,,,
,,189949,,,283.05745124816895,,,,,
,,189949,,11.236190795898438,,,,,,
121,,189949,,,,0.2666717767715454,-9.777562141418457,,,
,,189999,,,302.781343460083,,,,,
,,189999,,30.597686767578125,,,,,,
121,,189999,,,,0.2593916654586792,-9.777910232543945,,,
,,190049,,,281.9068431854248,,,,,
,,190049,,12.174606323242188,,,,,,
121,,190049,,,,0.2637186050415039,-9.750754356384277,,,
,,190099,,,343.43862533569336,,,,,
,,190099,,23.05746078491211,,,,,,
121,,190099,,,,0.26290595531463623,-9.55582046508789,,,
,,190149,,,324.28669929504395,,,,,
,,190149,,10.11204719543457,,,,,,
121,,190149,,,,0.26969027519226074,-9.912135124206543,,,
,,190199,,,280.76171875,,,,,
,,190199,,17.76885986328125,,,,,,
121,,190199,,,,0.26111412048339844,-9.918959617614746,,,
,,190249,,,318.4034824371338,,,,,
,,190249,,14.059305191040039,,,,,,
121,,190249,,,,0.25740528106689453,-9.980780601501465,,,
,,190299,,,340.72089195251465,,,,,
,,190299,,22.91250228881836,,,,,,
121,,190299,,,,0.267747163772583,-9.751740455627441,,,
,,190349,,,300.7974624633789,,,,,
,,190349,,9.377479553222656,,,,,,
121,,190349,,,,0.2652052640914917,-9.707511901855469,,,
,,190399,,,345.05295753479004,,,,,
,,190399,,24.008512496948242,,,,,,
121,,190399,,,,0.27097320556640625,-9.761487007141113,,,
,,190449,,,344.74754333496094,,,,,
,,190449,,8.677959442138672,,,,,,
121,,190449,,,,0.2777292728424072,-9.725500106811523,,,
,,190499,,,340.47412872314453,,,,,
,,190499,,39.07418251037598,,,,,,
121,,190499,,,,0.27274787425994873,-9.740785598754883,,,
,,190549,,,352.2028923034668,,,,,
,,190549,,8.307456970214844,,,,,,
121,,190549,,,,0.2667977809906006,-9.847879409790039,,,
,,190599,,,280.2548408508301,,,,,
,,190599,,18.20826530456543,,,,,,
121,,190599,,,,0.26056337356567383,-9.857625961303711,,,
,,190649,,,281.2063694000244,,,,,
,,190649,,11.377811431884766,,,,,,
121,,190649,,,,0.2649877071380615,-9.795228004455566,,,
121,,190685,,,,,,-7.772883415222168,-7.797457695007324,-8.018640518188477
,,190686,618.2819314002991,,,,,,,
,0.0003,190686,,,,,,,,
,,190699,,,353.96337509155273,,,,,
,,190699,,24.066925048828125,,,,,,
122,,190699,,,,0.25603628158569336,-9.702754020690918,,,
,,190749,,,303.21359634399414,,,,,
,,190749,,8.786439895629883,,,,,,
122,,190749,,,,0.26174449920654297,-9.960389137268066,,,
,,190799,,,350.12102127075195,,,,,
,,190799,,25.450944900512695,,,,,,
122,,190799,,,,0.25864362716674805,-9.924758911132812,,,
,,190849,,,279.27231788635254,,,,,
,,190849,,13.343334197998047,,,,,,
122,,190849,,,,0.2580113410949707,-9.826125144958496,,,
,,190899,,,399.62220191955566,,,,,
,,190899,,23.755311965942383,,,,,,
122,,190899,,,,0.264737606048584,-9.849437713623047,,,
,,190949,,,386.89136505126953,,,,,
,,190949,,8.516550064086914,,,,,,
122,,190949,,,,0.25592875480651855,-9.777877807617188,,,
,,190999,,,353.70588302612305,,,,,
,,190999,,23.024559020996094,,,,,,
122,,190999,,,,0.256389856338501,-9.886159896850586,,,
,,191049,,,280.2009582519531,,,,,
,,191049,,12.12930679321289,,,,,,
122,,191049,,,,0.2600736618041992,-9.822005271911621,,,
,,191099,,,332.0939540863037,,,,,
,,191099,,18.767833709716797,,,,,,
122,,191099,,,,0.24590063095092773,-9.981201171875,,,
,,191149,,,343.24121475219727,,,,,
,,191149,,8.638858795166016,,,,,,
122,,191149,,,,0.2479698657989502,-9.767932891845703,,,
,,191199,,,324.4514465332031,,,,,
,,191199,,19.030332565307617,,,,,,
122,,191199,,,,0.25430917739868164,-9.85150146484375,,,
,,191249,,,352.85449028015137,,,,,
,,191249,,11.634349822998047,,,,,,
122,,191249,,,,0.24142980575561523,-10.117341995239258,,,
,,191299,,,325.90484619140625,,,,,
,,191299,,18.488407135009766,,,,,,
122,,191299,,,,0.23639559745788574,-10.296515464782715,,,
,,191349,,,344.70629692077637,,,,,
,,191349,,8.165836334228516,,,,,,
122,,191349,,,,0.24219584465026855,-10.24658203125,,,
,,191399,,,279.62589263916016,,,,,
,,191399,,17.536401748657227,,,,,,
122,,191399,,,,0.24669456481933594,-10.129093170166016,,,
,,191449,,,282.06896781921387,,,,,
,,191449,,11.684894561767578,,,,,,
122,,191449,,,,0.2590467929840088,-9.728846549987793,,,
,,191499,,,289.69860076904297,,,,,
,,191499,,18.256187438964844,,,,,,
122,,191499,,,,0.2533046007156372,-9.837068557739258,,,
,,191549,,,351.0279655456543,,,,,
,,191549,,9.067296981811523,,,,,,
122,,191549,,,,0.24954569339752197,-10.103007316589355,,,
,,191599,,,329.34045791625977,,,,,
,,191599,,18.94068717956543,,,,,,
122,,191599,,,,0.2535219192504883,-10.001995086669922,,,
,,191649,,,389.5432949066162,,,,,
,,191649,,8.387088775634766,,,,,,
122,,191649,,,,0.2498030662536621,-10.036504745483398,,,
,,191699,,,385.7247829437256,,,,,
,,191699,,23.281335830688477,,,,,,
122,,191699,,,,0.24988937377929688,-9.981574058532715,,,
,,191749,,,359.06243324279785,,,,,
,,191749,,9.206056594848633,,,,,,
122,,191749,,,,0.25461864471435547,-9.884678840637207,,,
,,191799,,,342.9381847381592,,,,,
,,191799,,24.244070053100586,,,,,,
122,,191799,,,,0.2475109100341797,-10.14539623260498,,,
,,191849,,,348.89817237854004,,,,,
,,191849,,8.163690567016602,,,,,,
122,,191849,,,,0.24803423881530762,-9.909014701843262,,,
,,191899,,,278.62048149108887,,,,,
,,191899,,17.61651039123535,,,,,,
122,,191899,,,,0.24838483333587646,-9.840004920959473,,,
,,191949,,,344.8352813720703,,,,,
,,191949,,8.07332992553711,,,,,,
122,,191949,,,,0.2567718029022217,-9.945731163024902,,,
,,191999,,,280.6825637817383,,,,,
,,191999,,17.54307746887207,,,,,,
122,,191999,,,,0.2592122554779053,-9.873472213745117,,,
,,192049,,,280.4422378540039,,,,,
,,192049,,20.588397979736328,,,,,,
122,,192049,,,,0.25353288650512695,-9.553863525390625,,,
,,192099,,,450.1066207885742,,,,,
,,192099,,24.164915084838867,,,,,,
122,,192099,,,,0.26140809059143066,-9.940091133117676,,,
,,192149,,,295.3481674194336,,,,,
,,192149,,8.426666259765625,,,,,,
122,,192149,,,,0.24789810180664062,-9.920690536499023,,,
,,192199,,,320.2693462371826,,,,,
,,192199,,24.974822998046875,,,,,,
122,,192199,,,,0.25022006034851074,-9.895090103149414,,,
,,192249,,,377.54249572753906,,,,,
122,,192248,,,,,,-7.77321720123291,-7.798404693603516,-8.03927230834961
,,192249,635.511313199997,,,,,,,
,0.0003,192249,,,,,,,,
,,192249,,,,,,,,
123,,192249,,,,0.24942898750305176,-10.141608238220215,,,
,,192299,,,341.9349193572998,,,,,
,,192299,,23.362398147583008,,,,,,
123,,192299,,,,0.24759840965270996,-9.942509651184082,,,
,,192349,,,354.276180267334,,,,,
,,192349,,8.055448532104492,,,,,,
123,,192349,,,,0.23957109451293945,-10.061505317687988,,,
,,192399,,,288.69009017944336,,,,,
,,192399,,17.940759658813477,,,,,,
123,,192399,,,,0.24480700492858887,-10.037689208984375,,,
,,192449,,,281.4342975616455,,,,,
,,192449,,13.099431991577148,,,,,,
123,,192449,,,,0.2511601448059082,-9.723114013671875,,,
,,192499,,,280.5030345916748,,,,,
,,192499,,18.163681030273438,,,,,,
123,,192499,,,,0.24703192710876465,-9.746076583862305,,,
,,192549,,,399.9745845794678,,,,,
,,192549,,8.318185806274414,,,,,,
123,,192549,,,,0.25362205505371094,-9.89435863494873,,,
,,192599,,,290.04907608032227,,,,,
,,192599,,18.37325096130371,,,,,,
123,,192599,,,,0.2413945198059082,-9.895002365112305,,,
,,192649,,,418.25032234191895,,,,,
,,192649,,9.751081466674805,,,,,,
123,,192649,,,,0.24280691146850586,-9.970271110534668,,,
,,192699,,,278.778076171875,,,,,
,,192699,,17.60721206665039,,,,,,
123,,192699,,,,0.24226415157318115,-9.944283485412598,,,
,,192749,,,388.14544677734375,,,,,
,,192749,,9.848833084106445,,,,,,
123,,192749,,,,0.23761343955993652,-9.888258934020996,,,
,,192799,,,389.70279693603516,,,,,
,,192799,,24.659156799316406,,,,,,
123,,192799,,,,0.23456478118896484,-10.116360664367676,,,
,,192849,,,278.98311614990234,,,,,
,,192849,,11.435270309448242,,,,,,
123,,192849,,,,0.2363356351852417,-10.085429191589355,,,
,,192899,,,280.6210517883301,,,,,
,,192899,,18.380165100097656,,,,,,
123,,192899,,,,0.23653697967529297,-9.789674758911133,,,
,,192949,,,344.59829330444336,,,,,
,,192949,,8.641481399536133,,,,,,
123,,192949,,,,0.24760198593139648,-9.918977737426758,,,
,,192999,,,292.0377254486084,,,,,
,,192999,,18.010854721069336,,,,,,
123,,192999,,,,0.24753928184509277,-9.806218147277832,,,
,,193049,,,395.374059677124,,,,,
,,193049,,8.698701858520508,,,,,,
123,,193049,,,,0.2466977834701538,-9.702198028564453,,,
,,193099,,,407.37128257751465,,,,,
,,193099,,24.34849739074707,,,,,,
123,,193099,,,,0.24338245391845703,-9.930782318115234,,,
,,193149,,,329.770565032959,,,,,
,,193149,,11.571645736694336,,,,,,
123,,193149,,,,0.2415773868560791,-9.797463417053223,,,
,,193199,,,342.5261974334717,,,,,
,,193199,,23.412227630615234,,,,,,
123,,193199,,,,0.2447643280029297,-9.97060489654541,,,
,,193249,,,342.9853916168213,,,,,
,,193249,,8.893013000488281,,,,,,
123,,193249,,,,0.24371814727783203,-9.958949089050293,,,
,,193299,,,348.3407497406006,,,,,
,,193299,,23.731470108032227,,,,,,
123,,193299,,,,0.24357128143310547,-9.869054794311523,,,
,,193349,,,284.6815586090088,,,,,
,,193349,,9.212017059326172,,,,,,
123,,193349,,,,0.251575231552124,-9.76258659362793,,,
,,193399,,,279.94656562805176,,,,,
,,193399,,18.167734146118164,,,,,,
123,,193399,,,,0.2409287691116333,-9.77391242980957,,,
,,193449,,,325.6869316101074,,,,,
,,193449,,12.94398307800293,,,,,,
123,,193449,,,,0.2490708827972412,-9.847332954406738,,,
,,193499,,,278.7806987762451,,,,,
,,193499,,17.597198486328125,,,,,,
123,,193499,,,,0.24259090423583984,-9.732515335083008,,,
,,193549,,,281.10408782958984,,,,,
,,193549,,12.754440307617188,,,,,,
123,,193549,,,,0.23379898071289062,-9.843005180358887,,,
,,193599,,,321.5823173522949,,,,,
,,193599,,18.558025360107422,,,,,,
123,,193599,,,,0.24105525016784668,-9.927618026733398,,,
,,193649,,,360.74161529541016,,,,,
,,193649,,8.083343505859375,,,,,,
123,,193649,,,,0.24243688583374023,-9.87823486328125,,,
,,193699,,,349.07007217407227,,,,,
,,193699,,22.83763885498047,,,,,,
123,,193699,,,,0.23304200172424316,-10.023862838745117,,,
,,193749,,,280.03811836242676,,,,,
,,193749,,11.59977912902832,,,,,,
123,,193749,,,,0.2390580177307129,-9.731484413146973,,,
,,193799,,,325.66094398498535,,,,,
,,193799,,25.64382553100586,,,,,,
123,,193799,,,,0.24138593673706055,-9.88005256652832,,,
123,,193811,,,,,,-7.772816181182861,-7.796905517578125,-8.02941608428955
,,193812,634.0298285484314,,,,,,,
,0.0003,193812,,,,,,,,
,,193849,,,278.5613536834717,,,,,
,,193849,,12.25733757019043,,,,,,
124,,193849,,,,0.23546814918518066,-9.977987289428711,,,
,,193899,,,283.1284999847412,,,,,
,,193899,,18.050193786621094,,,,,,
124,,193899,,,,0.23425030708312988,-9.841236114501953,,,
,,193949,,,389.09220695495605,,,,,
,,193949,,8.693456649780273,,,,,,
124,,193949,,,,0.24353718757629395,-9.897011756896973,,,
,,193999,,,386.2450122833252,,,,,
,,193999,,23.004770278930664,,,,,,
124,,193999,,,,0.24550414085388184,-9.738397598266602,,,
,,194049,,,319.57292556762695,,,,,
,,194049,,14.904022216796875,,,,,,
124,,194049,,,,0.24971270561218262,-9.664632797241211,,,
,,194099,,,400.8948802947998,,,,,
,,194099,,23.59604835510254,,,,,,
124,,194099,,,,0.24341058731079102,-9.906744003295898,,,
,,194149,,,343.7652587890625,,,,,
,,194149,,8.727073669433594,,,,,,
124,,194149,,,,0.23334050178527832,-10.011702537536621,,,
,,194199,,,297.37329483032227,,,,,
,,194199,,22.835969924926758,,,,,,
124,,194199,,,,0.23710179328918457,-9.735892295837402,,,
,,194249,,,351.0913848876953,,,,,
,,194249,,8.590459823608398,,,,,,
124,,194249,,,,0.23699951171875,-10.046698570251465,,,
,,194299,,,319.20790672302246,,,,,
,,194299,,22.939205169677734,,,,,,
124,,194299,,,,0.24081873893737793,-10.083148956298828,,,
,,194349,,,347.0568656921387,,,,,
,,194349,,9.58395004272461,,,,,,
124,,194349,,,,0.2444150447845459,-9.908401489257812,,,
,,194399,,,280.7919979095459,,,,,
,,194399,,18.355369567871094,,,,,,
124,,194399,,,,0.25313305854797363,-9.65589427947998,,,
,,194449,,,387.7437114715576,,,,,
,,194449,,8.814334869384766,,,,,,
124,,194449,,,,0.2434675693511963,-9.943357467651367,,,
,,194499,,,359.0435981750488,,,,,
,,194499,,30.574321746826172,,,,,,
124,,194499,,,,0.2457869052886963,-9.867777824401855,,,
,,194549,,,354.5241355895996,,,,,
,,194549,,8.545160293579102,,,,,,
124,,194549,,,,0.23952698707580566,-10.093717575073242,,,
,,194599,,,283.8912010192871,,,,,
,,194599,,18.943071365356445,,,,,,
124,,194599,,,,0.23539042472839355,-10.01604175567627,,,
,,194649,,,332.7069282531738,,,,,
,,194649,,10.658025741577148,,,,,,
124,,194649,,,,0.24567580223083496,-9.94214916229248,,,
,,194699,,,336.3168239593506,,,,,
,,194699,,24.740934371948242,,,,,,
124,,194699,,,,0.24413609504699707,-9.938301086425781,,,
,,194749,,,334.41710472106934,,,,,
,,194749,,10.352849960327148,,,,,,
124,,194749,,,,0.25385069847106934,-9.932119369506836,,,
,,194799,,,400.1190662384033,,,,,
,,194799,,24.402856826782227,,,,,,
124,,194799,,,,0.2503364086151123,-10.12830924987793,,,
,,194849,,,345.8414077758789,,,,,
,,194849,,10.15162467956543,,,,,,
124,,194849,,,,0.25208592414855957,-9.865318298339844,,,
,,194899,,,323.6980438232422,,,,,
,,194899,,18.294095993041992,,,,,,
124,,194899,,,,0.2543518543243408,-10.008551597595215,,,
,,194949,,,341.11833572387695,,,,,
,,194949,,8.487701416015625,,,,,,
124,,194949,,,,0.24949955940246582,-9.940567016601562,,,
,,194999,,,342.30780601501465,,,,,
,,194999,,19.817829132080078,,,,,,
124,,194999,,,,0.2519562244415283,-9.780279159545898,,,
,,195049,,,283.2751274108887,,,,,
,,195049,,9.67860221862793,,,,,,
124,,195049,,,,0.25808286666870117,-9.705384254455566,,,
,,195099,,,278.4759998321533,,,,,
,,195099,,18.2650089263916,,,,,,
124,,195099,,,,0.2618894577026367,-9.626730918884277,,,
,,195149,,,324.0635395050049,,,,,
,,195149,,10.848522186279297,,,,,,
124,,195149,,,,0.2642885446548462,-9.64037799835205,,,
,,195199,,,389.6667957305908,,,,,
,,195199,,24.9330997467041,,,,,,
124,,195199,,,,0.25763702392578125,-9.717445373535156,,,
,,195249,,,282.3777198791504,,,,,
,,195249,,11.330127716064453,,,,,,
124,,195249,,,,0.2571418285369873,-9.892454147338867,,,
,,195299,,,321.66171073913574,,,,,
,,195299,,27.504682540893555,,,,,,
124,,195299,,,,0.262615442276001,-9.658190727233887,,,
,,195349,,,322.19696044921875,,,,,
,,195349,,12.04824447631836,,,,,,
124,,195349,,,,0.2581954002380371,-9.717251777648926,,,
124,,195374,,,,,,-7.772953987121582,-7.797258377075195,-8.018349647521973
,,195375,647.8880021572113,,,,,,,
,0.0003,195375,,,,,,,,
,,195399,,,283.5819721221924,,,,,
,,195399,,18.64480972290039,,,,,,
125,,195399,,,,0.25918591022491455,-9.976428985595703,,,
,,195449,,,294.09003257751465,,,,,
,,195449,,11.162757873535156,,,,,,
125,,195449,,,,0.2616753578186035,-9.661635398864746,,,
,,195499,,,302.3998737335205,,,,,
,,195499,,23.32615852355957,,,,,,
125,,195499,,,,0.26083898544311523,-9.669870376586914,,,
,,195549,,,304.6426773071289,,,,,
,,195549,,8.301019668579102,,,,,,
125,,195549,,,,0.2637439966201782,-9.695209503173828,,,
,,195599,,,279.99353408813477,,,,,
,,195599,,19.002199172973633,,,,,,
125,,195599,,,,0.2528092861175537,-9.828496932983398,,,
,,195649,,,288.707971572876,,,,,
,,195649,,9.228944778442383,,,,,,
125,,195649,,,,0.25379645824432373,-9.812597274780273,,,
,,195699,,,353.9454936981201,,,,,
,,195699,,22.85480499267578,,,,,,
125,,195699,,,,0.2568533420562744,-9.750934600830078,,,
,,195749,,,279.24394607543945,,,,,
,,195749,,12.69841194152832,,,,,,
125,,195749,,,,0.25594639778137207,-9.763898849487305,,,
,,195799,,,280.34305572509766,,,,,
,,195799,,18.412113189697266,,,,,,
125,,195799,,,,0.2695784568786621,-9.678366661071777,,,
,,195849,,,344.3019390106201,,,,,
,,195849,,8.690834045410156,,,,,,
125,,195849,,,,0.27004122734069824,-9.68228530883789,,,
,,195899,,,341.4194583892822,,,,,
,,195899,,24.07979965209961,,,,,,
125,,195899,,,,0.268216609954834,-9.731066703796387,,,
,,195949,,,343.89185905456543,,,,,
,,195949,,8.481502532958984,,,,,,
125,,195949,,,,0.2654421329498291,-9.777332305908203,,,
,,195999,,,395.6186771392822,,,,,
,,195999,,23.237943649291992,,,,,,
125,,195999,,,,0.264955997467041,-9.748411178588867,,,
,,196049,,,345.17526626586914,,,,,
,,196049,,6.29878044128418,,,,,,
125,,196049,,,,0.2659952640533447,-9.647461891174316,,,
,,196099,,,322.36790657043457,,,,,
,,196099,,18.304824829101562,,,,,,
125,,196099,,,,0.2678236961364746,-9.873834609985352,,,
,,196149,,,411.1623764038086,,,,,
,,196149,,8.595943450927734,,,,,,
125,,196149,,,,0.26703405380249023,-9.850701332092285,,,
,,196199,,,325.36816596984863,,,,,
,,196199,,18.501996994018555,,,,,,
125,,196199,,,,0.2595345973968506,-9.96241569519043,,,
,,196249,,,324.5208263397217,,,,,
,,196249,,11.542320251464844,,,,,,
125,,196249,,,,0.2657127380371094,-9.751439094543457,,,
,,196299,,,298.77543449401855,,,,,
,,196299,,22.803544998168945,,,,,,
125,,196299,,,,0.26363813877105713,-9.665385246276855,,,
,,196349,,,350.45504570007324,,,,,
,,196349,,8.244037628173828,,,,,,
125,,196349,,,,0.2764403820037842,-9.672473907470703,,,
,,196399,,,346.9715118408203,,,,,
,,196399,,23.919105529785156,,,,,,
125,,196399,,,,0.26478683948516846,-9.64870548248291,,,
,,196449,,,286.0431671142578,,,,,
,,196449,,9.23919677734375,,,,,,
125,,196449,,,,0.2646052837371826,-9.81824779510498,,,
,,196499,,,347.21851348876953,,,,,
,,196499,,22.997140884399414,,,,,,
125,,196499,,,,0.26111841201782227,-9.572317123413086,,,
,,196549,,,280.9326648712158,,,,,
,,196549,,13.371706008911133,,,,,,
125,,196549,,,,0.26223158836364746,-9.651137351989746,,,
,,196599,,,298.42662811279297,,,,,
,,196599,,22.851228713989258,,,,,,
125,,196599,,,,0.2533756494522095,-9.937216758728027,,,
,,196649,,,351.7324924468994,,,,,
,,196649,,8.450746536254883,,,,,,
125,,196649,,,,0.2555503845214844,-9.83110523223877,,,
,,196699,,,346.2390899658203,,,,,
,,196699,,23.050546646118164,,,,,,
125,,196699,,,,0.2745697498321533,-9.693081855773926,,,
,,196749,,,354.2513847351074,,,,,
,,196749,,8.701086044311523,,,,,,
125,,196749,,,,0.263552188873291,-9.737319946289062,,,
,,196799,,,350.3756523132324,,,,,
,,196799,,32.62948989868164,,,,,,
125,,196799,,,,0.25971126556396484,-9.739097595214844,,,
,,196849,,,342.1015739440918,,,,,
,,196849,,9.920120239257812,,,,,,
125,,196849,,,,0.25572216510772705,-9.848594665527344,,,
,,196899,,,348.9983081817627,,,,,
,,196899,,23.50783348083496,,,,,,
125,,196899,,,,0.26604557037353516,-9.83664608001709,,,
125,,196937,,,,,,-7.773138046264648,-7.798160076141357,-8.018669128417969
,,196938,617.813291311264,,,,,,,
,0.0003,196938,,,,,,,,
,,196949,,,291.31031036376953,,,,,
,,196949,,10.500431060791016,,,,,,
126,,196949,,,,0.25961554050445557,-9.695493698120117,,,
,,196999,,,343.9044952392578,,,,,
,,196999,,22.760391235351562,,,,,,
126,,196999,,,,0.26460516452789307,-9.732084274291992,,,
,,197049,,,279.5848846435547,,,,,
,,197049,,13.048648834228516,,,,,,
126,,197049,,,,0.2516084909439087,-9.933136940002441,,,
,,197099,,,359.6947193145752,,,,,
,,197099,,25.712251663208008,,,,,,
126,,197099,,,,0.25647640228271484,-9.784381866455078,,,
,,197149,,,278.5203456878662,,,,,
,,197149,,14.149188995361328,,,,,,
126,,197149,,,,0.26177358627319336,-9.823204040527344,,,
,,197199,,,359.1153621673584,,,,,
,,197199,,22.52364158630371,,,,,,
126,,197199,,,,0.2643587589263916,-9.928955078125,,,
,,197249,,,306.9889545440674,,,,,
,,197249,,8.404731750488281,,,,,,
126,,197249,,,,0.2647867202758789,-9.763715744018555,,,
,,197299,,,305.37986755371094,,,,,
,,197299,,26.167631149291992,,,,,,
126,,197299,,,,0.2568870782852173,-9.894618034362793,,,
,,197349,,,328.1245231628418,,,,,
,,197349,,3.4542083740234375,,,,,,
126,,197349,,,,0.26156187057495117,-9.718339920043945,,,
,,197399,,,342.06628799438477,,,,,
,,197399,,39.45803642272949,,,,,,
126,,197399,,,,0.2621903419494629,-9.88033390045166,,,
,,197449,,,289.670467376709,,,,,
,,197449,,6.746530532836914,,,,,,
126,,197449,,,,0.2682688236236572,-9.81579303741455,,,
,,197499,,,338.2751941680908,,,,,
,,197499,,22.932052612304688,,,,,,
126,,197499,,,,0.2646908760070801,-9.781439781188965,,,
,,197549,,,277.88615226745605,,,,,
,,197549,,12.331485748291016,,,,,,
126,,197549,,,,0.25675082206726074,-9.63189697265625,,,
,,197599,,,296.48280143737793,,,,,
,,197599,,22.51577377319336,,,,,,
126,,197599,,,,0.2539036273956299,-9.893636703491211,,,
,,197649,,,292.5410270690918,,,,,
,,197649,,8.072614669799805,,,,,,
126,,197649,,,,0.24408841133117676,-9.977892875671387,,,
,,197699,,,326.8392086029053,,,,,
,,197699,,18.81551742553711,,,,,,
126,,197699,,,,0.24502992630004883,-9.842609405517578,,,
,,197749,,,350.8334159851074,,,,,
,,197749,,9.042501449584961,,,,,,
126,,197749,,,,0.25218725204467773,-9.727010726928711,,,
,,197799,,,415.4376983642578,,,,,
,,197799,,28.075695037841797,,,,,,
126,,197799,,,,0.25545287132263184,-10.04736614227295,,,
,,197849,,,314.1515254974365,,,,,
,,197849,,9.39178466796875,,,,,,
126,,197849,,,,0.26293396949768066,-9.913505554199219,,,
,,197899,,,347.83387184143066,,,,,
,,197899,,23.98371696472168,,,,,,
126,,197899,,,,0.2621784210205078,-9.798201560974121,,,
,,197949,,,319.43297386169434,,,,,
,,197949,,13.194561004638672,,,,,,
126,,197949,,,,0.24807453155517578,-9.82980728149414,,,
,,197999,,,362.7035617828369,,,,,
,,197999,,24.67203140258789,,,,,,
126,,197999,,,,0.2508702278137207,-9.84747314453125,,,
,,198049,,,355.96156120300293,,,,,
,,198049,,7.206201553344727,,,,,,
126,,198049,,,,0.25495314598083496,-9.925286293029785,,,
,,198099,,,282.49073028564453,,,,,
,,198099,,18.50152015686035,,,,,,
126,,198099,,,,0.2556266784667969,-9.787647247314453,,,
,,198149,,,284.40403938293457,,,,,
,,198149,,10.494470596313477,,,,,,
126,,198149,,,,0.2511560916900635,-9.747443199157715,,,
,,198199,,,357.58447647094727,,,,,
,,198199,,22.823572158813477,,,,,,
126,,198199,,,,0.26223301887512207,-9.795938491821289,,,
,,198249,,,346.7249870300293,,,,,
,,198249,,8.637428283691406,,,,,,
126,,198249,,,,0.2535707950592041,-9.759037017822266,,,
,,198299,,,293.73931884765625,,,,,
,,198299,,19.18959617614746,,,,,,
126,,198299,,,,0.25582265853881836,-9.77408504486084,,,
,,198349,,,333.7409496307373,,,,,
,,198349,,7.415533065795898,,,,,,
126,,198349,,,,0.2578694820404053,-9.628361701965332,,,
,,198399,,,354.6745777130127,,,,,
,,198399,,23.671388626098633,,,,,,
126,,198399,,,,0.2533137798309326,-9.864347457885742,,,
,,198449,,,280.62987327575684,,,,,
,,198449,,12.223005294799805,,,,,,
126,,198449,,,,0.2649228572845459,-9.800488471984863,,,
,,198499,,,288.2113456726074,,,,,
,,198499,,19.5159912109375,,,,,,
126,,198499,,,,0.25658440589904785,-9.675580024719238,,,
126,,198500,,,,,,-7.772829532623291,-7.797414779663086,-8.021841049194336
,,198501,616.2293601036072,,,,,,,
,0.0003,198501,,,,,,,,
,,198549,,,327.64315605163574,,,,,
,,198549,,9.57798957824707,,,,,,
127,,198549,,,,0.2675607204437256,-9.7467679977417,,,
,,198599,,,285.430908203125,,,,,
,,198599,,18.517017364501953,,,,,,
127,,198599,,,,0.27152490615844727,-9.603334426879883,,,
,,198649,,,302.3810386657715,,,,,
,,198649,,8.218050003051758,,,,,,
127,,198649,,,,0.27423882484436035,-9.688676834106445,,,
,,198699,,,358.72840881347656,,,,,
,,198699,,21.434545516967773,,,,,,
127,,198699,,,,0.2752244472503662,-9.641396522521973,,,
,,198749,,,324.7509002685547,,,,,
,,198749,,14.112234115600586,,,,,,
127,,198749,,,,0.2766566276550293,-9.717371940612793,,,
,,198799,,,341.5350914001465,,,,,
,,198799,,23.430347442626953,,,,,,
127,,198799,,,,0.27344775199890137,-9.871309280395508,,,
,,198849,,,401.2570381164551,,,,,
,,198849,,8.573770523071289,,,,,,
127,,198849,,,,0.2771263122558594,-9.830987930297852,,,
,,198899,,,337.40997314453125,,,,,
,,198899,,23.326873779296875,,,,,,
127,,198899,,,,0.2643916606903076,-9.833746910095215,,,
,,198949,,,344.2354202270508,,,,,
,,198949,,8.400201797485352,,,,,,
127,,198949,,,,0.252388596534729,-9.977155685424805,,,
,,198999,,,345.9811210632324,,,,,
,,198999,,25.164365768432617,,,,,,
127,,198999,,,,0.2599756717681885,-10.009683609008789,,,
,,199049,,,345.08824348449707,,,,,
,,199049,,8.560419082641602,,,,,,
127,,199049,,,,0.2622361183166504,-9.78405475616455,,,
,,199099,,,357.36823081970215,,,,,
,,199099,,22.591829299926758,,,,,,
127,,199099,,,,0.2632791996002197,-9.8046236038208,,,
,,199149,,,278.43475341796875,,,,,
,,199149,,12.192249298095703,,,,,,
127,,199149,,,,0.2664964199066162,-9.54373550415039,,,
,,199199,,,279.99424934387207,,,,,
,,199199,,18.012046813964844,,,,,,
127,,199199,,,,0.2708745002746582,-9.85991096496582,,,
,,199249,,,343.6267375946045,,,,,
,,199249,,8.124828338623047,,,,,,
127,,199249,,,,0.2631373405456543,-9.587811470031738,,,
,,199299,,,359.83991622924805,,,,,
,,199299,,22.80426025390625,,,,,,
127,,199299,,,,0.2603874206542969,-9.87312126159668,,,
,,199349,,,307.19637870788574,,,,,
,,199349,,13.701438903808594,,,,,,
127,,199349,,,,0.2550630569458008,-9.891958236694336,,,
,,199399,,,331.3145637512207,,,,,
,,199399,,18.110036849975586,,,,,,
127,,199399,,,,0.25994181632995605,-9.693167686462402,,,
,,199449,,,353.1837463378906,,,,,
,,199449,,8.452415466308594,,,,,,
127,,199449,,,,0.2548561096191406,-9.904175758361816,,,
,,199499,,,290.57979583740234,,,,,
,,199499,,18.68271827697754,,,,,,
127,,199499,,,,0.2634105682373047,-9.626070022583008,,,
,,199549,,,336.7950916290283,,,,,
,,199549,,7.8277587890625,,,,,,
127,,199549,,,,0.25786256790161133,-9.735883712768555,,,
,,199599,,,343.54329109191895,,,,,
,,199599,,22.67765998840332,,,,,,
127,,199599,,,,0.25130152702331543,-9.927635192871094,,,
,,199649,,,307.358980178833,,,,,
,,199649,,8.261680603027344,,,,,,
127,,199649,,,,0.2517263889312744,-9.890085220336914,,,
,,199699,,,296.27084732055664,,,,,
,,199699,,22.578716278076172,,,,,,
127,,199699,,,,0.25973963737487793,-9.96406364440918,,,
,,199749,,,354.22778129577637,,,,,
,,199749,,9.675979614257812,,,,,,
127,,199749,,,,0.2594759464263916,-9.66357135772705,,,
,,199799,,,343.2421684265137,,,,,
,,199799,,23.292064666748047,,,,,,
127,,199799,,,,0.26660966873168945,-9.588236808776855,,,
,,199849,,,399.34849739074707,,,,,
,,199849,,8.647441864013672,,,,,,
127,,199849,,,,0.2649935483932495,-9.7277193069458,,,
,,199899,,,350.5823612213135,,,,,
,,199899,,22.560596466064453,,,,,,
127,,199899,,,,0.26398420333862305,-9.863882064819336,,,
,,199949,,,283.23984146118164,,,,,
,,199949,,10.292291641235352,,,,,,
127,,199949,,,,0.26222527027130127,-9.85409164428711,,,
,,199999,,,356.11939430236816,,,,,
,,199999,,41.471242904663086,,,,,,
127,,199999,,,,0.25904250144958496,-9.870240211486816,,,
,,200049,,,364.7274971008301,,,,,
,,200049,,9.78708267211914,,,,,,
127,,200049,,,,0.25337743759155273,-9.873730659484863,,,
127,,200063,,,,,,-7.772243022918701,-7.7960734367370605,-8.023847579956055
,,200064,625.5373148918152,,,,,,,
,0.0003,200064,,,,,,,,
,,200099,,,280.5805206298828,,,,,
,,200099,,17.75503158569336,,,,,,
128,,200099,,,,0.2646794319152832,-9.839754104614258,,,
,,200149,,,279.13737297058105,,,,,
,,200149,,12.17961311340332,,,,,,
128,,200149,,,,0.25856924057006836,-9.736401557922363,,,
,,200199,,,350.8000373840332,,,,,
,,200199,,23.781299591064453,,,,,,
128,,200199,,,,0.2550022602081299,-10.057321548461914,,,
,,200249,,,318.1910514831543,,,,,
,,200249,,9.228229522705078,,,,,,
128,,200249,,,,0.2523534297943115,-9.764162063598633,,,
,,200299,,,294.6317195892334,,,,,
,,200299,,22.73845672607422,,,,,,
128,,200299,,,,0.2496628761291504,-9.863753318786621,,,
,,200349,,,302.49786376953125,,,,,
,,200349,,8.623838424682617,,,,,,
128,,200349,,,,0.25403428077697754,-9.85904598236084,,,
,,200399,,,279.7379493713379,,,,,
,,200399,,18.512248992919922,,,,,,
128,,200399,,,,0.25447869300842285,-9.648185729980469,,,
,,200449,,,345.55768966674805,,,,,
,,200449,,8.843183517456055,,,,,,
128,,200449,,,,0.2682478427886963,-9.849257469177246,,,
,,200499,,,364.6817207336426,,,,,
,,200499,,19.56772804260254,,,,,,
128,,200499,,,,0.27562999725341797,-9.6846284866333,,,
,,200549,,,327.8822898864746,,,,,
,,200549,,3.973722457885742,,,,,,
128,,200549,,,,0.2778301239013672,-9.843814849853516,,,
,,200599,,,322.2668170928955,,,,,
,,200599,,18.685102462768555,,,,,,
128,,200599,,,,0.27763843536376953,-9.781486511230469,,,
,,200649,,,354.569673538208,,,,,
,,200649,,9.987354278564453,,,,,,
128,,200649,,,,0.2791004180908203,-9.710630416870117,,,
,,200699,,,401.36265754699707,,,,,
,,200699,,25.724411010742188,,,,,,
128,,200699,,,,0.2675361633300781,-9.72764778137207,,,
,,200749,,,357.20157623291016,,,,,
,,200749,,9.20724868774414,,,,,,
128,,200749,,,,0.2670116424560547,-9.83138656616211,,,
,,200799,,,343.7798023223877,,,,,
,,200799,,23.675203323364258,,,,,,
128,,200799,,,,0.27095866203308105,-9.717936515808105,,,
,,200849,,,285.4897975921631,,,,,
,,200849,,10.24007797241211,,,,,,
128,,200849,,,,0.26406359672546387,-9.908967018127441,,,
,,200899,,,298.980712890625,,,,,
,,200899,,23.25606346130371,,,,,,
128,,200899,,,,0.26322007179260254,-10.020326614379883,,,
,,200949,,,354.94422912597656,,,,,
,,200949,,8.779764175415039,,,,,,
128,,200949,,,,0.2731732130050659,-9.847898483276367,,,
,,200999,,,296.3850498199463,,,,,
,,200999,,23.3762264251709,,,,,,
128,,200999,,,,0.2756955623626709,-9.598233222961426,,,
,,201049,,,284.81411933898926,,,,,
,,201049,,9.780168533325195,,,,,,
128,,201049,,,,0.27458810806274414,-9.678648948669434,,,
,,201099,,,308.6812496185303,,,,,
,,201099,,25.490522384643555,,,,,,
128,,201099,,,,0.27277207374572754,-9.654423713684082,,,
,,201149,,,307.22522735595703,,,,,
,,201149,,6.804466247558594,,,,,,
128,,201149,,,,0.26786327362060547,-9.69761848449707,,,
,,201199,,,344.557523727417,,,,,
,,201199,,22.624492645263672,,,,,,
128,,201199,,,,0.266726016998291,-9.597335815429688,,,
,,201249,,,354.6907901763916,,,,,
,,201249,,8.629560470581055,,,,,,
128,,201249,,,,0.2631204128265381,-9.860440254211426,,,
,,201299,,,343.8260555267334,,,,,
,,201299,,22.8729248046875,,,,,,
128,,201299,,,,0.25943541526794434,-9.805655479431152,,,
,,201349,,,352.23388671875,,,,,
,,201349,,9.648561477661133,,,,,,
128,,201349,,,,0.2598741054534912,-9.705206871032715,,,
,,201399,,,287.59264945983887,,,,,
,,201399,,19.113540649414062,,,,,,
128,,201399,,,,0.2615504264831543,-9.95661735534668,,,
,,201449,,,279.39724922180176,,,,,
,,201449,,13.22484016418457,,,,,,
128,,201449,,,,0.25201523303985596,-9.860679626464844,,,
,,201499,,,280.9162139892578,,,,,
,,201499,,18.41282844543457,,,,,,
128,,201499,,,,0.2593874931335449,-9.830179214477539,,,
,,201549,,,392.289400100708,,,,,
,,201549,,8.41522216796875,,,,,,
128,,201549,,,,0.26032042503356934,-9.8004732131958,,,
,,201599,,,346.4183807373047,,,,,
,,201599,,23.65708351135254,,,,,,
128,,201599,,,,0.25983476638793945,-9.869475364685059,,,
128,,201626,,,,,,-7.772497653961182,-7.796119689941406,-8.02136516571045
,,201627,628.8870105743408,,,,,,,
,0.0003,201627,,,,,,,,
,,201649,,,329.79464530944824,,,,,
,,201649,,8.88514518737793,,,,,,
129,,201649,,,,0.26065731048583984,-9.824338912963867,,,
,,201699,,,282.96804428100586,,,,,
,,201699,,18.197298049926758,,,,,,
129,,201699,,,,0.2577078342437744,-9.685487747192383,,,
,,201749,,,350.48675537109375,,,,,
,,201749,,8.581876754760742,,,,,,
129,,201749,,,,0.257335901260376,-9.687713623046875,,,
,,201799,,,390.4881477355957,,,,,
,,201799,,23.35214614868164,,,,,,
129,,201799,,,,0.2598097324371338,-9.779547691345215,,,
,,201849,,,381.70671463012695,,,,,
,,201849,,9.585380554199219,,,,,,
129,,201849,,,,0.25620293617248535,-9.71840763092041,,,
,,201899,,,286.6392135620117,,,,,
,,201899,,19.088268280029297,,,,,,
129,,201899,,,,0.26618051528930664,-9.564801216125488,,,
,,201949,,,360.0471019744873,,,,,
,,201949,,11.285066604614258,,,,,,
129,,201949,,,,0.26762962341308594,-9.570172309875488,,,
,,201999,,,303.6501407623291,,,,,
,,201999,,23.595333099365234,,,,,,
129,,201999,,,,0.26656198501586914,-9.697643280029297,,,
,,202049,,,280.0030708312988,,,,,
,,202049,,11.32965087890625,,,,,,
129,,202049,,,,0.2628631591796875,-9.62076187133789,,,
,,202099,,,293.99824142456055,,,,,
,,202099,,19.093036651611328,,,,,,
129,,202099,,,,0.26000916957855225,-9.740589141845703,,,
,,202149,,,290.7981872558594,,,,,
,,202149,,9.511232376098633,,,,,,
129,,202149,,,,0.2537727355957031,-9.854545593261719,,,
,,202199,,,322.9827880859375,,,,,
,,202199,,18.313169479370117,,,,,,
129,,202199,,,,0.2597026824951172,-9.78622055053711,,,
,,202249,,,344.30956840515137,,,,,
,,202249,,8.435726165771484,,,,,,
129,,202249,,,,0.2669961452484131,-9.513638496398926,,,
,,202299,,,287.61839866638184,,,,,
,,202299,,18.980979919433594,,,,,,
129,,202299,,,,0.260753870010376,-9.70093822479248,,,
,,202349,,,283.5226058959961,,,,,
,,202349,,10.099172592163086,,,,,,
129,,202349,,,,0.2635941505432129,-9.70570182800293,,,
,,202399,,,317.0127868652344,,,,,
,,202399,,24.85203742980957,,,,,,
129,,202399,,,,0.2538011074066162,-9.766927719116211,,,
,,202449,,,279.2074680328369,,,,,
,,202449,,12.80355453491211,,,,,,
129,,202449,,,,0.2565493583679199,-9.821619033813477,,,
,,202499,,,290.9386157989502,,,,,
,,202499,,18.184185028076172,,,,,,
129,,202499,,,,0.25527477264404297,-10.070839881896973,,,
,,202549,,,280.80201148986816,,,,,
,,202549,,12.198448181152344,,,,,,
129,,202549,,,,0.2639961242675781,-9.78204345703125,,,
,,202599,,,280.11441230773926,,,,,
,,202599,,18.2187557220459,,,,,,
129,,202599,,,,0.260390043258667,-9.7861328125,,,
,,202649,,,282.72128105163574,,,,,
,,202649,,11.459827423095703,,,,,,
129,,202649,,,,0.25336718559265137,-9.76070785522461,,,
,,202699,,,282.4091911315918,,,,,
,,202699,,18.68295669555664,,,,,,
129,,202699,,,,0.26189684867858887,-9.54096508026123,,,
,,202749,,,345.22199630737305,,,,,
,,202749,,8.328437805175781,,,,,,
129,,202749,,,,0.2556173801422119,-9.75722885131836,,,
,,202799,,,304.75854873657227,,,,,
,,202799,,22.85480499267578,,,,,,
129,,202799,,,,0.24540138244628906,-9.82436466217041,,,
,,202849,,,282.5641632080078,,,,,
,,202849,,9.561538696289062,,,,,,
129,,202849,,,,0.25699520111083984,-9.930557250976562,,,
,,202899,,,296.05603218078613,,,,,
,,202899,,22.951126098632812,,,,,,
129,,202899,,,,0.2493962049484253,-10.008963584899902,,,
,,202949,,,291.6741371154785,,,,,
,,202949,,11.152029037475586,,,,,,
129,,202949,,,,0.24928760528564453,-9.740687370300293,,,
,,202999,,,290.1747226715088,,,,,
,,202999,,18.360376358032227,,,,,,
129,,202999,,,,0.25209546089172363,-9.816617965698242,,,
,,203049,,,294.4071292877197,,,,,
,,203049,,8.280754089355469,,,,,,
129,,203049,,,,0.2548246383666992,-9.9160737991333,,,
,,203099,,,294.33369636535645,,,,,
,,203099,,23.02694320678711,,,,,,
129,,203099,,,,0.24620270729064941,-9.853222846984863,,,
,,203149,,,302.3555278778076,,,,,
,,203149,,8.32986831665039,,,,,,
129,,203149,,,,0.24465417861938477,-9.701081275939941,,,
