scenario,solver,instance_id,status,objective,elapsed_s,notes
ffsp100,sjf,ffsp100_00000,ok,95.0,0.6359915779903531,
ffsp100,sjf,ffsp100_00001,ok,97.0,0.6702988347969949,
ffsp100,sjf,ffsp100_00002,ok,100.0,0.5779745732434094,
ffsp100,sjf,ffsp100_00003,ok,94.0,0.6464188769459724,
ffsp100,sjf,ffsp100_00004,ok,100.0,0.6680427780374885,
ffsp100,sjf,ffsp100_00005,ok,93.0,0.6937111639417708,
ffsp100,sjf,ffsp100_00006,ok,98.0,0.5987011627294123,
ffsp100,sjf,ffsp100_00007,ok,97.0,0.7148718130774796,
ffsp100,sjf,ffsp100_00008,ok,98.0,0.7124681449495256,
ffsp100,sjf,ffsp100_00009,ok,102.0,0.6374930771999061,
ffsp100,sjf,ffsp100_00010,ok,102.0,0.6707913549616933,
ffsp100,sjf,ffsp100_00011,ok,99.0,0.6917247250676155,
ffsp100,sjf,ffsp100_00012,ok,100.0,0.5860904352739453,
ffsp100,sjf,ffsp100_00013,ok,101.0,0.6746020708233118,
ffsp100,sjf,ffsp100_00014,ok,97.0,0.7918402897194028,
ffsp100,sjf,ffsp100_00015,ok,95.0,0.6859442600980401,
ffsp100,sjf,ffsp100_00016,ok,105.0,0.7102266871370375,
ffsp100,sjf,ffsp100_00017,ok,94.0,0.7201579883694649,
ffsp100,sjf,ffsp100_00018,ok,95.0,0.6631235522218049,
ffsp100,sjf,ffsp100_00019,ok,94.0,0.6606222037225962,
ffsp100,sjf,ffsp100_00020,ok,95.0,0.678984297439456,
ffsp100,sjf,ffsp100_00021,ok,96.0,0.6834867331199348,
ffsp100,sjf,ffsp100_00022,ok,96.0,0.6609583836980164,
ffsp100,sjf,ffsp100_00023,ok,93.0,0.6829606732353568,
ffsp100,sjf,ffsp100_00024,ok,103.0,0.6857839408330619,
ffsp100,sjf,ffsp100_00025,ok,97.0,0.7212835769169033,
ffsp100,sjf,ffsp100_00026,ok,101.0,0.6922023352235556,
ffsp100,sjf,ffsp100_00027,ok,98.0,0.6701871049590409,
ffsp100,sjf,ffsp100_00028,ok,96.0,0.694357612170279,
ffsp100,sjf,ffsp100_00029,ok,93.0,0.7140677538700402,
ffsp100,sjf,ffsp100_00030,ok,93.0,0.6464832471683621,
ffsp100,sjf,ffsp100_00031,ok,92.0,0.659059536177665,
ffsp100,sjf,ffsp100_00032,ok,92.0,0.6821157848462462,
ffsp100,sjf,ffsp100_00033,ok,101.0,0.7115643960423768,
ffsp100,sjf,ffsp100_00034,ok,98.0,0.7123243948444724,
ffsp100,sjf,ffsp100_00035,ok,97.0,0.6960815000347793,
ffsp100,sjf,ffsp100_00036,ok,94.0,0.5930588580667973,
ffsp100,sjf,ffsp100_00037,ok,93.0,0.8011548519134521,
ffsp100,sjf,ffsp100_00038,ok,96.0,0.66445308085531,
ffsp100,sjf,ffsp100_00039,ok,99.0,0.7040413930080831,
ffsp100,sjf,ffsp100_00040,ok,92.0,0.6787857171148062,
ffsp100,sjf,ffsp100_00041,ok,98.0,0.760813188739121,
ffsp100,sjf,ffsp100_00042,ok,98.0,0.7477858308702707,
ffsp100,sjf,ffsp100_00043,ok,95.0,0.6065140860155225,
ffsp100,sjf,ffsp100_00044,ok,97.0,0.6851859912276268,
ffsp100,sjf,ffsp100_00045,ok,100.0,0.6607007840648293,
ffsp100,sjf,ffsp100_00046,ok,95.0,0.6885639177635312,
ffsp100,sjf,ffsp100_00047,ok,95.0,0.727516520768404,
ffsp100,sjf,ffsp100_00048,ok,99.0,0.7999819931574166,
ffsp100,sjf,ffsp100_00049,ok,100.0,0.7033436642959714,
ffsp100,sjf,ffsp100_00050,ok,95.0,0.6810311549343169,
ffsp100,sjf,ffsp100_00051,ok,99.0,0.6794162560254335,
ffsp100,sjf,ffsp100_00052,ok,99.0,0.8153401780873537,
ffsp100,sjf,ffsp100_00053,ok,96.0,0.9439931362867355,
ffsp100,sjf,ffsp100_00054,ok,102.0,0.8406951739452779,
ffsp100,sjf,ffsp100_00055,ok,96.0,0.6694215261377394,
ffsp100,sjf,ffsp100_00056,ok,95.0,0.686389209702611,
ffsp100,sjf,ffsp100_00057,ok,99.0,0.7242655740119517,
ffsp100,sjf,ffsp100_00058,ok,98.0,0.6919171139597893,
ffsp100,sjf,ffsp100_00059,ok,95.0,0.6924349940381944,
ffsp100,sjf,ffsp100_00060,ok,97.0,0.6859849896281958,
ffsp100,sjf,ffsp100_00061,ok,100.0,0.7704674401320517,
ffsp100,sjf,ffsp100_00062,ok,95.0,0.705490562133491,
ffsp100,sjf,ffsp100_00063,ok,97.0,0.6774319582618773,
ffsp100,sjf,ffsp100_00064,ok,94.0,0.7001543771475554,
ffsp100,sjf,ffsp100_00065,ok,97.0,0.7498765499331057,
ffsp100,sjf,ffsp100_00066,ok,93.0,0.6522750221192837,
ffsp100,sjf,ffsp100_00067,ok,99.0,0.8187268148176372,
ffsp100,sjf,ffsp100_00068,ok,97.0,0.6624561622738838,
ffsp100,sjf,ffsp100_00069,ok,93.0,0.6430106498301029,
ffsp100,sjf,ffsp100_00070,ok,97.0,0.6612295540980995,
ffsp100,sjf,ffsp100_00071,ok,96.0,0.9225546061061323,
ffsp100,sjf,ffsp100_00072,ok,98.0,0.7947227479889989,
ffsp100,sjf,ffsp100_00073,ok,97.0,0.6556152291595936,
ffsp100,sjf,ffsp100_00074,ok,96.0,0.6484835762530565,
ffsp100,sjf,ffsp100_00075,ok,95.0,0.7326948968693614,
ffsp100,sjf,ffsp100_00076,ok,95.0,0.6932280641049147,
ffsp100,sjf,ffsp100_00077,ok,100.0,0.6801251359283924,
ffsp100,sjf,ffsp100_00078,ok,94.0,0.7262461720965803,
ffsp100,sjf,ffsp100_00079,ok,95.0,0.7526689069345593,
ffsp100,sjf,ffsp100_00080,ok,92.0,0.6630514622665942,
ffsp100,sjf,ffsp100_00081,ok,97.0,0.8179757152684033,
ffsp100,sjf,ffsp100_00082,ok,101.0,0.6588740963488817,
ffsp100,sjf,ffsp100_00083,ok,97.0,0.7183607597835362,
ffsp100,sjf,ffsp100_00084,ok,96.0,1.0796918477863073,
ffsp100,sjf,ffsp100_00085,ok,95.0,0.734021055046469,
ffsp100,sjf,ffsp100_00086,ok,94.0,0.6894428269006312,
ffsp100,sjf,ffsp100_00087,ok,98.0,0.6579523864202201,
ffsp100,sjf,ffsp100_00088,ok,93.0,0.69022336602211,
ffsp100,sjf,ffsp100_00089,ok,95.0,0.9119255370460451,
ffsp100,sjf,ffsp100_00090,ok,100.0,0.7077083098702133,
ffsp100,sjf,ffsp100_00091,ok,98.0,0.6911035948432982,
ffsp100,sjf,ffsp100_00092,ok,95.0,0.6961527811363339,
ffsp100,sjf,ffsp100_00093,ok,94.0,0.6990426280535758,
ffsp100,sjf,ffsp100_00094,ok,100.0,0.6855844613164663,
ffsp100,sjf,ffsp100_00095,ok,100.0,0.6801077462732792,
ffsp100,sjf,ffsp100_00096,ok,99.0,1.1002253177575767,
ffsp100,sjf,ffsp100_00097,ok,96.0,0.7054463913664222,
ffsp100,sjf,ffsp100_00098,ok,94.0,0.676916329190135,
ffsp100,sjf,ffsp100_00099,ok,96.0,0.6814452847465873,
ffsp100,sjf,ffsp100_00100,ok,99.0,0.6899463469162583,
ffsp100,sjf,ffsp100_00101,ok,95.0,0.7081126403063536,
ffsp100,sjf,ffsp100_00102,ok,103.0,0.8138445988297462,
ffsp100,sjf,ffsp100_00103,ok,98.0,0.6928934543393552,
ffsp100,sjf,ffsp100_00104,ok,95.0,0.705187592189759,
ffsp100,sjf,ffsp100_00105,ok,101.0,0.6798889860510826,
ffsp100,sjf,ffsp100_00106,ok,98.0,0.6586786960251629,
ffsp100,sjf,ffsp100_00107,ok,96.0,0.6794794569723308,
ffsp100,sjf,ffsp100_00108,ok,98.0,0.6834518830291927,
ffsp100,sjf,ffsp100_00109,ok,95.0,0.6687810770235956,
ffsp100,sjf,ffsp100_00110,ok,97.0,0.6803581556305289,
ffsp100,sjf,ffsp100_00111,ok,98.0,0.7055806717835367,
ffsp100,sjf,ffsp100_00112,ok,97.0,0.7603937000967562,
ffsp100,sjf,ffsp100_00113,ok,97.0,0.6992359180003405,
ffsp100,sjf,ffsp100_00114,ok,94.0,0.6149533079005778,
ffsp100,sjf,ffsp100_00115,ok,101.0,0.7199258380569518,
ffsp100,sjf,ffsp100_00116,ok,95.0,0.6821189243346453,
ffsp100,sjf,ffsp100_00117,ok,100.0,0.7182954801246524,
ffsp100,sjf,ffsp100_00118,ok,97.0,0.7151581831276417,
ffsp100,sjf,ffsp100_00119,ok,96.0,1.3606423819437623,
ffsp100,sjf,ffsp100_00120,ok,95.0,0.9097444294020534,
ffsp100,sjf,ffsp100_00121,ok,99.0,0.6961564309895039,
ffsp100,sjf,ffsp100_00122,ok,99.0,0.6755579798482358,
ffsp100,sjf,ffsp100_00123,ok,95.0,0.6834102226421237,
ffsp100,sjf,ffsp100_00124,ok,96.0,0.6873450190760195,
ffsp100,sjf,ffsp100_00125,ok,97.0,0.8157208878546953,
ffsp100,sjf,ffsp100_00126,ok,96.0,0.6824544942937791,
ffsp100,sjf,ffsp100_00127,ok,97.0,0.663821361027658,
ffsp100,sjf,ffsp100_00128,ok,99.0,1.4210651963949203,
ffsp100,sjf,ffsp100_00129,ok,97.0,1.4203742761164904,
ffsp100,sjf,ffsp100_00130,ok,94.0,1.376049046870321,
ffsp100,sjf,ffsp100_00131,ok,96.0,1.2783468700945377,
ffsp100,sjf,ffsp100_00132,ok,99.0,1.4430282353423536,
ffsp100,sjf,ffsp100_00133,ok,102.0,1.3446639776229858,
ffsp100,sjf,ffsp100_00134,ok,100.0,1.425788750872016,
ffsp100,sjf,ffsp100_00135,ok,95.0,1.4189139171503484,
ffsp100,sjf,ffsp100_00136,ok,97.0,1.4060504301451147,
ffsp100,sjf,ffsp100_00137,ok,96.0,1.4082021368667483,
ffsp100,sjf,ffsp100_00138,ok,96.0,1.43263244535774,
ffsp100,sjf,ffsp100_00139,ok,97.0,1.4216774450615048,
ffsp100,sjf,ffsp100_00140,ok,95.0,1.4042149321176112,
ffsp100,sjf,ffsp100_00141,ok,94.0,1.3745255498215556,
ffsp100,sjf,ffsp100_00142,ok,99.0,1.4326223540119827,
ffsp100,sjf,ffsp100_00143,ok,95.0,1.3665169379673898,
ffsp100,sjf,ffsp100_00144,ok,94.0,1.4115819442085922,
ffsp100,sjf,ffsp100_00145,ok,96.0,1.229064627084881,
ffsp100,sjf,ffsp100_00146,ok,98.0,1.276196802034974,
ffsp100,sjf,ffsp100_00147,ok,92.0,1.3591345041058958,
ffsp100,sjf,ffsp100_00148,ok,99.0,1.2843109839595854,
ffsp100,sjf,ffsp100_00149,ok,96.0,1.4125394932925701,
ffsp100,sjf,ffsp100_00150,ok,97.0,1.424994002096355,
ffsp100,sjf,ffsp100_00151,ok,97.0,1.3304897509515285,
ffsp100,sjf,ffsp100_00152,ok,97.0,1.4106653560884297,
ffsp100,sjf,ffsp100_00153,ok,100.0,1.0879448913037777,
ffsp100,sjf,ffsp100_00154,ok,99.0,1.4021897441707551,
ffsp100,sjf,ffsp100_00155,ok,98.0,1.251930695027113,
ffsp100,sjf,ffsp100_00156,ok,100.0,1.4885110422037542,
ffsp100,sjf,ffsp100_00157,ok,96.0,1.3669570269994438,
ffsp100,sjf,ffsp100_00158,ok,100.0,1.3832575008273125,
ffsp100,sjf,ffsp100_00159,ok,98.0,1.3001622902229428,
ffsp100,sjf,ffsp100_00160,ok,93.0,1.3707353337667882,
ffsp100,sjf,ffsp100_00161,ok,96.0,1.3818082832731307,
ffsp100,sjf,ffsp100_00162,ok,94.0,1.3542217090725899,
ffsp100,sjf,ffsp100_00163,ok,95.0,1.4893343010917306,
ffsp100,sjf,ffsp100_00164,ok,97.0,1.3781169061549008,
ffsp100,sjf,ffsp100_00165,ok,101.0,1.3465020759031177,
ffsp100,sjf,ffsp100_00166,ok,95.0,1.4182046093046665,
ffsp100,sjf,ffsp100_00167,ok,99.0,1.19700628798455,
ffsp100,sjf,ffsp100_00168,ok,103.0,1.373453679960221,
ffsp100,sjf,ffsp100_00169,ok,101.0,1.3185906521975994,
ffsp100,sjf,ffsp100_00170,ok,94.0,1.4693817212246358,
ffsp100,sjf,ffsp100_00171,ok,99.0,1.2976995632052422,
ffsp100,sjf,ffsp100_00172,ok,97.0,1.3913609744049609,
ffsp100,sjf,ffsp100_00173,ok,102.0,1.2999399797990918,
ffsp100,sjf,ffsp100_00174,ok,101.0,1.3365619559772313,
ffsp100,sjf,ffsp100_00175,ok,99.0,1.2245294721797109,
ffsp100,sjf,ffsp100_00176,ok,101.0,1.3126231878995895,
ffsp100,sjf,ffsp100_00177,ok,98.0,1.4107904164120555,
ffsp100,sjf,ffsp100_00178,ok,105.0,1.4195466069504619,
ffsp100,sjf,ffsp100_00179,ok,95.0,1.323228968307376,
ffsp100,sjf,ffsp100_00180,ok,96.0,1.3219447988085449,
ffsp100,sjf,ffsp100_00181,ok,97.0,1.2959526241756976,
ffsp100,sjf,ffsp100_00182,ok,97.0,1.1775415260344744,
ffsp100,sjf,ffsp100_00183,ok,98.0,1.3760566278360784,
ffsp100,sjf,ffsp100_00184,ok,99.0,1.3965458190068603,
ffsp100,sjf,ffsp100_00185,ok,97.0,1.3807656043209136,
ffsp100,sjf,ffsp100_00186,ok,96.0,1.4279932091012597,
ffsp100,sjf,ffsp100_00187,ok,96.0,1.1198963900096714,
ffsp100,sjf,ffsp100_00188,ok,94.0,1.3270178753882647,
ffsp100,sjf,ffsp100_00189,ok,101.0,1.5705199548974633,
ffsp100,sjf,ffsp100_00190,ok,98.0,1.4092859672382474,
ffsp100,sjf,ffsp100_00191,ok,103.0,1.330763181205839,
ffsp100,sjf,ffsp100_00192,ok,93.0,1.258568940218538,
ffsp100,sjf,ffsp100_00193,ok,96.0,1.5019685486331582,
ffsp100,sjf,ffsp100_00194,ok,95.0,1.287015852984041,
ffsp100,sjf,ffsp100_00195,ok,94.0,1.175406988710165,
ffsp100,sjf,ffsp100_00196,ok,98.0,1.1268253638409078,
ffsp100,sjf,ffsp100_00197,ok,96.0,1.1610233620740473,
ffsp100,sjf,ffsp100_00198,ok,98.0,1.1988996560685337,
ffsp100,sjf,ffsp100_00199,ok,99.0,1.197864827234298,
ffsp100,sjf,ffsp100_00200,ok,101.0,1.1362850447185338,
ffsp100,sjf,ffsp100_00201,ok,100.0,1.1255517550744116,
ffsp100,sjf,ffsp100_00202,ok,98.0,1.1677186647430062,
ffsp100,sjf,ffsp100_00203,ok,101.0,1.1488279327750206,
ffsp100,sjf,ffsp100_00204,ok,94.0,1.3196226810105145,
ffsp100,sjf,ffsp100_00205,ok,96.0,1.3695643949322402,
ffsp100,sjf,ffsp100_00206,ok,98.0,1.0752840731292963,
ffsp100,sjf,ffsp100_00207,ok,93.0,1.1233991971239448,
ffsp100,sjf,ffsp100_00208,ok,93.0,1.1278063841164112,
ffsp100,sjf,ffsp100_00209,ok,103.0,1.241273136343807,
ffsp100,sjf,ffsp100_00210,ok,95.0,1.124532185960561,
ffsp100,sjf,ffsp100_00211,ok,100.0,1.1970718973316252,
ffsp100,sjf,ffsp100_00212,ok,98.0,1.1108162188902497,
ffsp100,sjf,ffsp100_00213,ok,100.0,1.2877748822793365,
ffsp100,sjf,ffsp100_00214,ok,97.0,1.1517548807896674,
ffsp100,sjf,ffsp100_00215,ok,98.0,1.162513529881835,
ffsp100,sjf,ffsp100_00216,ok,96.0,1.1841138396412134,
ffsp100,sjf,ffsp100_00217,ok,101.0,1.2345912819728255,
ffsp100,sjf,ffsp100_00218,ok,97.0,1.2180255581624806,
ffsp100,sjf,ffsp100_00219,ok,97.0,1.3328594490885735,
ffsp100,sjf,ffsp100_00220,ok,99.0,1.185380978975445,
ffsp100,sjf,ffsp100_00221,ok,99.0,1.2730525759980083,
ffsp100,sjf,ffsp100_00222,ok,101.0,1.4596761297434568,
ffsp100,sjf,ffsp100_00223,ok,97.0,1.283224165905267,
ffsp100,sjf,ffsp100_00224,ok,96.0,1.1769608068279922,
ffsp100,sjf,ffsp100_00225,ok,94.0,1.1385826133191586,
ffsp100,sjf,ffsp100_00226,ok,101.0,1.1885034958831966,
ffsp100,sjf,ffsp100_00227,ok,98.0,1.205667949281633,
ffsp100,sjf,ffsp100_00228,ok,92.0,1.3138995370827615,
ffsp100,sjf,ffsp100_00229,ok,96.0,1.1822058712132275,
ffsp100,sjf,ffsp100_00230,ok,95.0,1.2803906593471766,
ffsp100,sjf,ffsp100_00231,ok,99.0,1.3809205740690231,
ffsp100,sjf,ffsp100_00232,ok,96.0,1.161154991015792,
ffsp100,sjf,ffsp100_00233,ok,102.0,1.681210481096059,
ffsp100,sjf,ffsp100_00234,ok,96.0,1.2718533971346915,
ffsp100,sjf,ffsp100_00235,ok,94.0,1.0808244068175554,
ffsp100,sjf,ffsp100_00236,ok,99.0,1.0947100748308003,
ffsp100,sjf,ffsp100_00237,ok,99.0,1.266042702831328,
ffsp100,sjf,ffsp100_00238,ok,98.0,1.3139586970210075,
ffsp100,sjf,ffsp100_00239,ok,97.0,1.386682879179716,
ffsp100,sjf,ffsp100_00240,ok,98.0,1.3272984642535448,
ffsp100,sjf,ffsp100_00241,ok,94.0,1.2559663918800652,
ffsp100,sjf,ffsp100_00242,ok,98.0,1.1692363042384386,
ffsp100,sjf,ffsp100_00243,ok,93.0,1.3222123999148607,
ffsp100,sjf,ffsp100_00244,ok,94.0,1.275111183989793,
ffsp100,sjf,ffsp100_00245,ok,97.0,1.2701940289698541,
ffsp100,sjf,ffsp100_00246,ok,97.0,1.3234664076007903,
ffsp100,sjf,ffsp100_00247,ok,101.0,1.2173552480526268,
ffsp100,sjf,ffsp100_00248,ok,102.0,1.2170630688779056,
ffsp100,sjf,ffsp100_00249,ok,98.0,1.271279837936163,
ffsp100,sjf,ffsp100_00250,ok,102.0,1.3371887658722699,
ffsp100,sjf,ffsp100_00251,ok,97.0,1.2474639499559999,
ffsp100,sjf,ffsp100_00252,ok,95.0,1.2110643140040338,
ffsp100,sjf,ffsp100_00253,ok,95.0,1.153884588740766,
ffsp100,sjf,ffsp100_00254,ok,96.0,1.1059210044331849,
ffsp100,sjf,ffsp100_00255,ok,103.0,0.8831651848740876,
ffsp100,sjf,ffsp100_00256,ok,91.0,0.7176972809247673,
ffsp100,sjf,ffsp100_00257,ok,96.0,0.7979816263541579,
ffsp100,sjf,ffsp100_00258,ok,97.0,0.7118885768577456,
ffsp100,sjf,ffsp100_00259,ok,97.0,0.7784541752189398,
ffsp100,sjf,ffsp100_00260,ok,94.0,0.7377274427562952,
ffsp100,sjf,ffsp100_00261,ok,95.0,0.7137696049176157,
ffsp100,sjf,ffsp100_00262,ok,102.0,0.7105329078622162,
ffsp100,sjf,ffsp100_00263,ok,92.0,0.6994951190426946,
ffsp100,sjf,ffsp100_00264,ok,98.0,0.6988853388465941,
ffsp100,sjf,ffsp100_00265,ok,100.0,0.729122931137681,
ffsp100,sjf,ffsp100_00266,ok,102.0,0.7455656249076128,
ffsp100,sjf,ffsp100_00267,ok,95.0,0.7002965179271996,
ffsp100,sjf,ffsp100_00268,ok,98.0,0.6973282410763204,
ffsp100,sjf,ffsp100_00269,ok,102.0,0.7204422792419791,
ffsp100,sjf,ffsp100_00270,ok,95.0,0.849273256957531,
ffsp100,sjf,ffsp100_00271,ok,100.0,0.706447321921587,
ffsp100,sjf,ffsp100_00272,ok,94.0,0.6900204080156982,
ffsp100,sjf,ffsp100_00273,ok,101.0,0.7586954026482999,
ffsp100,sjf,ffsp100_00274,ok,94.0,0.9145279061049223,
ffsp100,sjf,ffsp100_00275,ok,93.0,0.6974256914108992,
ffsp100,sjf,ffsp100_00276,ok,100.0,0.7410818198695779,
ffsp100,sjf,ffsp100_00277,ok,94.0,0.6711111860349774,
ffsp100,sjf,ffsp100_00278,ok,98.0,0.7195497490465641,
ffsp100,sjf,ffsp100_00279,ok,100.0,0.6900561265647411,
ffsp100,sjf,ffsp100_00280,ok,96.0,0.6721190949901938,
ffsp100,sjf,ffsp100_00281,ok,97.0,0.6885334788821638,
ffsp100,sjf,ffsp100_00282,ok,99.0,0.6608429555781186,
ffsp100,sjf,ffsp100_00283,ok,97.0,0.687636140268296,
ffsp100,sjf,ffsp100_00284,ok,100.0,0.7001122976653278,
ffsp100,sjf,ffsp100_00285,ok,94.0,0.6645449618808925,
ffsp100,sjf,ffsp100_00286,ok,99.0,0.7374437032267451,
ffsp100,sjf,ffsp100_00287,ok,103.0,0.9049976258538663,
ffsp100,sjf,ffsp100_00288,ok,96.0,0.6587047879584134,
ffsp100,sjf,ffsp100_00289,ok,104.0,0.7702058521099389,
ffsp100,sjf,ffsp100_00290,ok,99.0,0.7622469500638545,
ffsp100,sjf,ffsp100_00291,ok,94.0,0.6640820521861315,
ffsp100,sjf,ffsp100_00292,ok,97.0,0.8294914858415723,
ffsp100,sjf,ffsp100_00293,ok,95.0,0.6685625580139458,
ffsp100,sjf,ffsp100_00294,ok,98.0,0.6889717490412295,
ffsp100,sjf,ffsp100_00295,ok,98.0,0.6895425580441952,
ffsp100,sjf,ffsp100_00296,ok,95.0,0.6470520789735019,
ffsp100,sjf,ffsp100_00297,ok,96.0,0.6658870913088322,
ffsp100,sjf,ffsp100_00298,ok,93.0,0.6697536469437182,
ffsp100,sjf,ffsp100_00299,ok,94.0,0.6575672193430364,
ffsp100,sjf,ffsp100_00300,ok,92.0,0.645953610073775,
ffsp100,sjf,ffsp100_00301,ok,96.0,0.6833796640858054,
ffsp100,sjf,ffsp100_00302,ok,98.0,0.6693797581829131,
ffsp100,sjf,ffsp100_00303,ok,97.0,0.6718089762143791,
ffsp100,sjf,ffsp100_00304,ok,97.0,0.7657174970954657,
ffsp100,sjf,ffsp100_00305,ok,98.0,0.6795985880307853,
ffsp100,sjf,ffsp100_00306,ok,98.0,0.691047958098352,
ffsp100,sjf,ffsp100_00307,ok,97.0,0.6680817091837525,
ffsp100,sjf,ffsp100_00308,ok,98.0,0.7351235747337341,
ffsp100,sjf,ffsp100_00309,ok,96.0,0.6909560868516564,
ffsp100,sjf,ffsp100_00310,ok,95.0,0.6736746830865741,
ffsp100,sjf,ffsp100_00311,ok,97.0,0.6777328788302839,
ffsp100,sjf,ffsp100_00312,ok,95.0,0.6741645731963217,
ffsp100,sjf,ffsp100_00313,ok,99.0,0.6804643669165671,
ffsp100,sjf,ffsp100_00314,ok,94.0,0.6793843968771398,
ffsp100,sjf,ffsp100_00315,ok,99.0,0.6870695599354804,
ffsp100,sjf,ffsp100_00316,ok,95.0,0.6767671499401331,
ffsp100,sjf,ffsp100_00317,ok,99.0,0.694348752964288,
ffsp100,sjf,ffsp100_00318,ok,96.0,0.6945594642311335,
ffsp100,sjf,ffsp100_00319,ok,92.0,0.6690800879150629,
ffsp100,sjf,ffsp100_00320,ok,98.0,0.7492975820787251,
ffsp100,sjf,ffsp100_00321,ok,95.0,0.6646207817830145,
ffsp100,sjf,ffsp100_00322,ok,95.0,0.6858909423463047,
ffsp100,sjf,ffsp100_00323,ok,100.0,0.6698879669420421,
ffsp100,sjf,ffsp100_00324,ok,96.0,0.6533298827707767,
ffsp100,sjf,ffsp100_00325,ok,94.0,0.6787009187974036,
ffsp100,sjf,ffsp100_00326,ok,97.0,0.6882073697634041,
ffsp100,sjf,ffsp100_00327,ok,98.0,0.6473094779066741,
ffsp100,sjf,ffsp100_00328,ok,93.0,0.694786423817277,
ffsp100,sjf,ffsp100_00329,ok,98.0,0.6951942630112171,
ffsp100,sjf,ffsp100_00330,ok,99.0,0.651279685087502,
ffsp100,sjf,ffsp100_00331,ok,99.0,0.7056605131365359,
ffsp100,sjf,ffsp100_00332,ok,96.0,0.6766506698913872,
ffsp100,sjf,ffsp100_00333,ok,101.0,0.6994135179556906,
ffsp100,sjf,ffsp100_00334,ok,103.0,0.8075146470218897,
ffsp100,sjf,ffsp100_00335,ok,100.0,0.6875639399513602,
ffsp100,sjf,ffsp100_00336,ok,95.0,0.6727484636940062,
ffsp100,sjf,ffsp100_00337,ok,97.0,0.6794842379167676,
ffsp100,sjf,ffsp100_00338,ok,99.0,0.6886974489316344,
ffsp100,sjf,ffsp100_00339,ok,94.0,0.6532467021606863,
ffsp100,sjf,ffsp100_00340,ok,97.0,0.6694128876551986,
ffsp100,sjf,ffsp100_00341,ok,101.0,0.6913737570866942,
ffsp100,sjf,ffsp100_00342,ok,96.0,0.6494515757076442,
ffsp100,sjf,ffsp100_00343,ok,98.0,0.6829575253650546,
ffsp100,sjf,ffsp100_00344,ok,93.0,0.6416479446925223,
ffsp100,sjf,ffsp100_00345,ok,98.0,0.6852111327461898,
ffsp100,sjf,ffsp100_00346,ok,97.0,0.7890373338013887,
ffsp100,sjf,ffsp100_00347,ok,98.0,0.6717832149006426,
ffsp100,sjf,ffsp100_00348,ok,101.0,0.6633454230614007,
ffsp100,sjf,ffsp100_00349,ok,95.0,0.6790324188768864,
ffsp100,sjf,ffsp100_00350,ok,96.0,0.7957441979087889,
ffsp100,sjf,ffsp100_00351,ok,103.0,0.7034689248539507,
ffsp100,sjf,ffsp100_00352,ok,100.0,0.6878108503296971,
ffsp100,sjf,ffsp100_00353,ok,94.0,0.6700324574485421,
ffsp100,sjf,ffsp100_00354,ok,98.0,0.6872596610337496,
ffsp100,sjf,ffsp100_00355,ok,98.0,0.6827354552224278,
ffsp100,sjf,ffsp100_00356,ok,94.0,0.6492219157516956,
ffsp100,sjf,ffsp100_00357,ok,92.0,0.6741093629971147,
ffsp100,sjf,ffsp100_00358,ok,99.0,0.6730144438333809,
ffsp100,sjf,ffsp100_00359,ok,101.0,0.6795018478296697,
ffsp100,sjf,ffsp100_00360,ok,99.0,0.6591161973774433,
ffsp100,sjf,ffsp100_00361,ok,95.0,0.6478427480906248,
ffsp100,sjf,ffsp100_00362,ok,96.0,0.6885704300366342,
ffsp100,sjf,ffsp100_00363,ok,103.0,0.6745417830534279,
ffsp100,sjf,ffsp100_00364,ok,97.0,0.6537310718558729,
ffsp100,sjf,ffsp100_00365,ok,97.0,0.6695213769562542,
ffsp100,sjf,ffsp100_00366,ok,97.0,0.6781529588624835,
ffsp100,sjf,ffsp100_00367,ok,97.0,0.6561284400522709,
ffsp100,sjf,ffsp100_00368,ok,97.0,0.659867025911808,
ffsp100,sjf,ffsp100_00369,ok,96.0,0.6607568059116602,
ffsp100,sjf,ffsp100_00370,ok,96.0,0.6872391207143664,
ffsp100,sjf,ffsp100_00371,ok,99.0,0.6504655061289668,
ffsp100,sjf,ffsp100_00372,ok,95.0,0.7268514228053391,
ffsp100,sjf,ffsp100_00373,ok,98.0,0.6881327689625323,
ffsp100,sjf,ffsp100_00374,ok,102.0,0.7073653819970787,
ffsp100,sjf,ffsp100_00375,ok,99.0,0.6598594766110182,
ffsp100,sjf,ffsp100_00376,ok,99.0,0.6933758249506354,
ffsp100,sjf,ffsp100_00377,ok,95.0,0.6480809873901308,
ffsp100,sjf,ffsp100_00378,ok,101.0,0.6973809218034148,
ffsp100,sjf,ffsp100_00379,ok,94.0,0.6695524072274566,
ffsp100,sjf,ffsp100_00380,ok,97.0,0.7629556502215564,
ffsp100,sjf,ffsp100_00381,ok,96.0,0.6559727713465691,
ffsp100,sjf,ffsp100_00382,ok,94.0,0.6489583267830312,
ffsp100,sjf,ffsp100_00383,ok,97.0,0.6523797940462828,
ffsp100,sjf,ffsp100_00384,ok,96.0,0.6236769501119852,
ffsp100,sjf,ffsp100_00385,ok,97.0,0.5825442210771143,
ffsp100,sjf,ffsp100_00386,ok,97.0,0.5819377200677991,
ffsp100,sjf,ffsp100_00387,ok,101.0,0.6539428923279047,
ffsp100,sjf,ffsp100_00388,ok,96.0,0.6493356768041849,
ffsp100,sjf,ffsp100_00389,ok,94.0,0.6404863148927689,
ffsp100,sjf,ffsp100_00390,ok,93.0,0.6084435749799013,
ffsp100,sjf,ffsp100_00391,ok,101.0,0.605302678886801,
ffsp100,sjf,ffsp100_00392,ok,92.0,0.5931914998218417,
ffsp100,sjf,ffsp100_00393,ok,100.0,0.6016047019511461,
ffsp100,sjf,ffsp100_00394,ok,100.0,0.6623315452598035,
ffsp100,sjf,ffsp100_00395,ok,98.0,0.6392942257225513,
ffsp100,sjf,ffsp100_00396,ok,98.0,0.5783260338939726,
ffsp100,sjf,ffsp100_00397,ok,104.0,0.5601972611621022,
ffsp100,sjf,ffsp100_00398,ok,97.0,0.5774097153916955,
ffsp100,sjf,ffsp100_00399,ok,98.0,0.5751876067370176,
ffsp100,sjf,ffsp100_00400,ok,97.0,0.6565990899689496,
ffsp100,sjf,ffsp100_00401,ok,100.0,0.5828552590683103,
ffsp100,sjf,ffsp100_00402,ok,99.0,0.572984779253602,
ffsp100,sjf,ffsp100_00403,ok,96.0,0.6308305650018156,
ffsp100,sjf,ffsp100_00404,ok,100.0,0.6007444728165865,
ffsp100,sjf,ffsp100_00405,ok,97.0,0.6409285846166313,
ffsp100,sjf,ffsp100_00406,ok,97.0,0.6493515470065176,
ffsp100,sjf,ffsp100_00407,ok,96.0,0.5621087388135493,
ffsp100,sjf,ffsp100_00408,ok,94.0,0.5878486153669655,
ffsp100,sjf,ffsp100_00409,ok,97.0,0.5764702358283103,
ffsp100,sjf,ffsp100_00410,ok,91.0,0.5343442764133215,
ffsp100,sjf,ffsp100_00411,ok,95.0,0.5895478641614318,
ffsp100,sjf,ffsp100_00412,ok,95.0,0.5562060852535069,
ffsp100,sjf,ffsp100_00413,ok,101.0,0.5285846712067723,
ffsp100,sjf,ffsp100_00414,ok,96.0,0.5430455668829381,
ffsp100,sjf,ffsp100_00415,ok,100.0,0.5917350705713034,
ffsp100,sjf,ffsp100_00416,ok,101.0,0.6585623580031097,
ffsp100,sjf,ffsp100_00417,ok,99.0,0.6554103121161461,
ffsp100,sjf,ffsp100_00418,ok,92.0,0.6337266219779849,
ffsp100,sjf,ffsp100_00419,ok,96.0,0.5634695282205939,
ffsp100,sjf,ffsp100_00420,ok,97.0,0.552695888094604,
ffsp100,sjf,ffsp100_00421,ok,98.0,0.6465560388751328,
ffsp100,sjf,ffsp100_00422,ok,99.0,0.605986496899277,
ffsp100,sjf,ffsp100_00423,ok,92.0,0.5650977757759392,
ffsp100,sjf,ffsp100_00424,ok,101.0,0.5947980280034244,
ffsp100,sjf,ffsp100_00425,ok,95.0,0.5180976414121687,
ffsp100,sjf,ffsp100_00426,ok,98.0,0.5936379688791931,
ffsp100,sjf,ffsp100_00427,ok,100.0,0.5726296990178525,
ffsp100,sjf,ffsp100_00428,ok,102.0,0.5506102899089456,
ffsp100,sjf,ffsp100_00429,ok,101.0,0.5578298028558493,
ffsp100,sjf,ffsp100_00430,ok,100.0,0.5285331914201379,
ffsp100,sjf,ffsp100_00431,ok,98.0,0.6303063635714352,
ffsp100,sjf,ffsp100_00432,ok,97.0,0.5172199411317706,
ffsp100,sjf,ffsp100_00433,ok,97.0,0.5637908070348203,
ffsp100,sjf,ffsp100_00434,ok,101.0,0.5346310753375292,
ffsp100,sjf,ffsp100_00435,ok,93.0,0.5718467500992119,
ffsp100,sjf,ffsp100_00436,ok,95.0,0.49467573314905167,
ffsp100,sjf,ffsp100_00437,ok,94.0,0.5469370330683887,
ffsp100,sjf,ffsp100_00438,ok,100.0,0.558967012912035,
ffsp100,sjf,ffsp100_00439,ok,99.0,0.5831411890685558,
ffsp100,sjf,ffsp100_00440,ok,93.0,0.5415076781064272,
ffsp100,sjf,ffsp100_00441,ok,100.0,0.5436072172597051,
ffsp100,sjf,ffsp100_00442,ok,93.0,0.6274853670038283,
ffsp100,sjf,ffsp100_00443,ok,99.0,0.5513223591260612,
ffsp100,sjf,ffsp100_00444,ok,94.0,0.4958167620934546,
ffsp100,sjf,ffsp100_00445,ok,98.0,0.5154697140678763,
ffsp100,sjf,ffsp100_00446,ok,99.0,0.6342433509416878,
ffsp100,sjf,ffsp100_00447,ok,91.0,0.6146947797387838,
ffsp100,sjf,ffsp100_00448,ok,97.0,0.5491283708252013,
ffsp100,sjf,ffsp100_00449,ok,96.0,0.5280250422656536,
ffsp100,sjf,ffsp100_00450,ok,99.0,0.5131118851713836,
ffsp100,sjf,ffsp100_00451,ok,99.0,0.5549481161870062,
ffsp100,sjf,ffsp100_00452,ok,99.0,0.5028646653518081,
ffsp100,sjf,ffsp100_00453,ok,93.0,0.5438034958206117,
ffsp100,sjf,ffsp100_00454,ok,96.0,0.6032787002623081,
ffsp100,sjf,ffsp100_00455,ok,94.0,0.5205442789010704,
ffsp100,sjf,ffsp100_00456,ok,95.0,0.5219528269954026,
ffsp100,sjf,ffsp100_00457,ok,94.0,0.5368711329065263,
ffsp100,sjf,ffsp100_00458,ok,92.0,0.5126770758070052,
ffsp100,sjf,ffsp100_00459,ok,98.0,0.54925537109375,
ffsp100,sjf,ffsp100_00460,ok,98.0,0.5885761640965939,
ffsp100,sjf,ffsp100_00461,ok,101.0,0.6292344760149717,
ffsp100,sjf,ffsp100_00462,ok,95.0,0.5297248400747776,
ffsp100,sjf,ffsp100_00463,ok,96.0,0.5113025973550975,
ffsp100,sjf,ffsp100_00464,ok,96.0,0.5282933013513684,
ffsp100,sjf,ffsp100_00465,ok,96.0,0.6361935790628195,
ffsp100,sjf,ffsp100_00466,ok,97.0,0.5687585920095444,
ffsp100,sjf,ffsp100_00467,ok,95.0,0.4726346340030432,
ffsp100,sjf,ffsp100_00468,ok,97.0,0.49813126027584076,
ffsp100,sjf,ffsp100_00469,ok,97.0,0.5324656371958554,
ffsp100,sjf,ffsp100_00470,ok,99.0,0.5549334962852299,
ffsp100,sjf,ffsp100_00471,ok,98.0,0.5460684942081571,
ffsp100,sjf,ffsp100_00472,ok,99.0,0.4878347390331328,
ffsp100,sjf,ffsp100_00473,ok,95.0,0.6135854311287403,
ffsp100,sjf,ffsp100_00474,ok,98.0,0.5254959729500115,
ffsp100,sjf,ffsp100_00475,ok,99.0,0.6729759750887752,
ffsp100,sjf,ffsp100_00476,ok,94.0,0.6125118909403682,
ffsp100,sjf,ffsp100_00477,ok,94.0,0.5142043451778591,
ffsp100,sjf,ffsp100_00478,ok,99.0,0.6361088193953037,
ffsp100,sjf,ffsp100_00479,ok,94.0,0.5230004861950874,
ffsp100,sjf,ffsp100_00480,ok,95.0,0.49873406905680895,
ffsp100,sjf,ffsp100_00481,ok,94.0,0.5812701410613954,
ffsp100,sjf,ffsp100_00482,ok,98.0,0.6275529381819069,
ffsp100,sjf,ffsp100_00483,ok,95.0,0.6255500488914549,
ffsp100,sjf,ffsp100_00484,ok,95.0,0.6038627298548818,
ffsp100,sjf,ffsp100_00485,ok,92.0,0.4947716621682048,
ffsp100,sjf,ffsp100_00486,ok,99.0,0.622435363009572,
ffsp100,sjf,ffsp100_00487,ok,97.0,0.6219953121617436,
ffsp100,sjf,ffsp100_00488,ok,96.0,0.5176018010824919,
ffsp100,sjf,ffsp100_00489,ok,98.0,0.5248407148756087,
ffsp100,sjf,ffsp100_00490,ok,96.0,0.4804652868770063,
ffsp100,sjf,ffsp100_00491,ok,91.0,0.6050619287416339,
ffsp100,sjf,ffsp100_00492,ok,93.0,0.6177147068083286,
ffsp100,sjf,ffsp100_00493,ok,99.0,0.5242232349701226,
ffsp100,sjf,ffsp100_00494,ok,94.0,0.6042846590280533,
ffsp100,sjf,ffsp100_00495,ok,98.0,0.43263442208990455,
ffsp100,sjf,ffsp100_00496,ok,97.0,0.47263805381953716,
ffsp100,sjf,ffsp100_00497,ok,101.0,0.42953868489712477,
ffsp100,sjf,ffsp100_00498,ok,101.0,0.605608087964356,
ffsp100,sjf,ffsp100_00499,ok,96.0,0.4585607969202101,
ffsp100,sjf,ffsp100_00500,ok,95.0,0.5927979997359216,
ffsp100,sjf,ffsp100_00501,ok,93.0,0.4396015047095716,
ffsp100,sjf,ffsp100_00502,ok,98.0,0.6546951523050666,
ffsp100,sjf,ffsp100_00503,ok,96.0,0.46495793107897043,
ffsp100,sjf,ffsp100_00504,ok,95.0,0.5150226429104805,
ffsp100,sjf,ffsp100_00505,ok,94.0,0.4379679667763412,
ffsp100,sjf,ffsp100_00506,ok,101.0,0.46630418905988336,
ffsp100,sjf,ffsp100_00507,ok,99.0,0.8027259418740869,
ffsp100,sjf,ffsp100_00508,ok,96.0,0.5523889381438494,
ffsp100,sjf,ffsp100_00509,ok,94.0,0.45434879092499614,
ffsp100,sjf,ffsp100_00510,ok,93.0,0.5597648215480149,
ffsp100,sjf,ffsp100_00511,ok,95.0,0.665507152210921,
ffsp100,sjf,ffsp100_00512,ok,96.0,0.5769809857010841,
ffsp100,sjf,ffsp100_00513,ok,96.0,0.4175900053232908,
ffsp100,sjf,ffsp100_00514,ok,97.0,0.6539872931316495,
ffsp100,sjf,ffsp100_00515,ok,99.0,0.5955823981203139,
ffsp100,sjf,ffsp100_00516,ok,96.0,0.6125927022658288,
ffsp100,sjf,ffsp100_00517,ok,98.0,0.5584112731739879,
ffsp100,sjf,ffsp100_00518,ok,95.0,0.6270894389599562,
ffsp100,sjf,ffsp100_00519,ok,93.0,0.6030412008985877,
ffsp100,sjf,ffsp100_00520,ok,96.0,0.6443077907897532,
ffsp100,sjf,ffsp100_00521,ok,96.0,0.6450105011463165,
ffsp100,sjf,ffsp100_00522,ok,99.0,0.6270483783446252,
ffsp100,sjf,ffsp100_00523,ok,95.0,0.5533630079589784,
ffsp100,sjf,ffsp100_00524,ok,99.0,0.6594445570372045,
ffsp100,sjf,ffsp100_00525,ok,97.0,0.58321751980111,
ffsp100,sjf,ffsp100_00526,ok,96.0,0.5922449710778892,
ffsp100,sjf,ffsp100_00527,ok,96.0,0.5985773839056492,
ffsp100,sjf,ffsp100_00528,ok,95.0,0.5937736099585891,
ffsp100,sjf,ffsp100_00529,ok,96.0,0.593446210026741,
ffsp100,sjf,ffsp100_00530,ok,98.0,0.6923691472038627,
ffsp100,sjf,ffsp100_00531,ok,95.0,0.8486156989820302,
ffsp100,sjf,ffsp100_00532,ok,95.0,1.2619256200268865,
ffsp100,sjf,ffsp100_00533,ok,101.0,1.2254580929875374,
ffsp100,sjf,ffsp100_00534,ok,96.0,0.8382637491449714,
ffsp100,sjf,ffsp100_00535,ok,97.0,1.092010549735278,
ffsp100,sjf,ffsp100_00536,ok,95.0,0.5832238486036658,
ffsp100,sjf,ffsp100_00537,ok,96.0,1.08000258076936,
ffsp100,sjf,ffsp100_00538,ok,102.0,0.8155122599564493,
ffsp100,sjf,ffsp100_00539,ok,94.0,1.0613396582193673,
ffsp100,sjf,ffsp100_00540,ok,100.0,0.7372089340351522,
ffsp100,sjf,ffsp100_00541,ok,101.0,0.7668581870384514,
ffsp100,sjf,ffsp100_00542,ok,96.0,1.0681283618323505,
ffsp100,sjf,ffsp100_00543,ok,93.0,1.0997753418050706,
ffsp100,sjf,ffsp100_00544,ok,95.0,0.755854947026819,
ffsp100,sjf,ffsp100_00545,ok,94.0,1.0639402559027076,
ffsp100,sjf,ffsp100_00546,ok,98.0,1.0881026829592884,
ffsp100,sjf,ffsp100_00547,ok,95.0,0.6795876990072429,
ffsp100,sjf,ffsp100_00548,ok,95.0,1.1707341861911118,
ffsp100,sjf,ffsp100_00549,ok,97.0,0.8167526391334832,
ffsp100,sjf,ffsp100_00550,ok,95.0,1.1522712227888405,
ffsp100,sjf,ffsp100_00551,ok,97.0,1.14073705393821,
ffsp100,sjf,ffsp100_00552,ok,95.0,0.7746453094296157,
ffsp100,sjf,ffsp100_00553,ok,95.0,1.175799751188606,
ffsp100,sjf,ffsp100_00554,ok,99.0,0.9086548932828009,
ffsp100,sjf,ffsp100_00555,ok,96.0,0.9092649822123349,
ffsp100,sjf,ffsp100_00556,ok,95.0,1.151105314027518,
ffsp100,sjf,ffsp100_00557,ok,96.0,1.123099331278354,
ffsp100,sjf,ffsp100_00558,ok,97.0,0.8717213976196945,
ffsp100,sjf,ffsp100_00559,ok,94.0,0.8475943901576102,
ffsp100,sjf,ffsp100_00560,ok,95.0,0.7052478739060462,
ffsp100,sjf,ffsp100_00561,ok,98.0,1.3563763899728656,
ffsp100,sjf,ffsp100_00562,ok,94.0,0.8246984821744263,
ffsp100,sjf,ffsp100_00563,ok,91.0,1.0717728692106903,
ffsp100,sjf,ffsp100_00564,ok,96.0,1.0710901799611747,
ffsp100,sjf,ffsp100_00565,ok,100.0,1.0096970167942345,
ffsp100,sjf,ffsp100_00566,ok,102.0,1.001102085225284,
ffsp100,sjf,ffsp100_00567,ok,99.0,1.2483598026446998,
ffsp100,sjf,ffsp100_00568,ok,100.0,0.9141664570197463,
ffsp100,sjf,ffsp100_00569,ok,95.0,1.016857320908457,
ffsp100,sjf,ffsp100_00570,ok,103.0,1.0536892348900437,
ffsp100,sjf,ffsp100_00571,ok,98.0,1.1477533071301877,
ffsp100,sjf,ffsp100_00572,ok,97.0,1.2759270062670112,
ffsp100,sjf,ffsp100_00573,ok,97.0,0.9161511552520096,
ffsp100,sjf,ffsp100_00574,ok,98.0,1.0102773667313159,
ffsp100,sjf,ffsp100_00575,ok,97.0,0.8665633331984282,
ffsp100,sjf,ffsp100_00576,ok,96.0,0.9945831317454576,
ffsp100,sjf,ffsp100_00577,ok,91.0,1.0451690340414643,
ffsp100,sjf,ffsp100_00578,ok,98.0,0.9160479158163071,
ffsp100,sjf,ffsp100_00579,ok,96.0,1.1000123429112136,
ffsp100,sjf,ffsp100_00580,ok,95.0,1.1318982923403382,
ffsp100,sjf,ffsp100_00581,ok,97.0,1.170445695053786,
ffsp100,sjf,ffsp100_00582,ok,96.0,0.9045272869989276,
ffsp100,sjf,ffsp100_00583,ok,96.0,0.9374709757976234,
ffsp100,sjf,ffsp100_00584,ok,97.0,1.1545413308776915,
ffsp100,sjf,ffsp100_00585,ok,93.0,1.0251376330852509,
ffsp100,sjf,ffsp100_00586,ok,96.0,1.1016584299504757,
ffsp100,sjf,ffsp100_00587,ok,98.0,0.824724841862917,
ffsp100,sjf,ffsp100_00588,ok,92.0,0.950469913892448,
ffsp100,sjf,ffsp100_00589,ok,97.0,0.8210737761110067,
ffsp100,sjf,ffsp100_00590,ok,102.0,1.123314999975264,
ffsp100,sjf,ffsp100_00591,ok,100.0,1.035330313257873,
ffsp100,sjf,ffsp100_00592,ok,98.0,1.2039985940791667,
ffsp100,sjf,ffsp100_00593,ok,97.0,1.1553567689843476,
ffsp100,sjf,ffsp100_00594,ok,97.0,0.9741338300518692,
ffsp100,sjf,ffsp100_00595,ok,96.0,1.2050447929650545,
ffsp100,sjf,ffsp100_00596,ok,97.0,1.1982055399566889,
ffsp100,sjf,ffsp100_00597,ok,94.0,1.0675100130029023,
ffsp100,sjf,ffsp100_00598,ok,94.0,1.19116588588804,
ffsp100,sjf,ffsp100_00599,ok,101.0,1.1715526850894094,
ffsp100,sjf,ffsp100_00600,ok,97.0,1.0982717140577734,
ffsp100,sjf,ffsp100_00601,ok,96.0,1.3735975450836122,
ffsp100,sjf,ffsp100_00602,ok,97.0,1.177089499309659,
ffsp100,sjf,ffsp100_00603,ok,94.0,1.2500408901832998,
ffsp100,sjf,ffsp100_00604,ok,98.0,1.2268521431833506,
ffsp100,sjf,ffsp100_00605,ok,98.0,1.1530685019679368,
ffsp100,sjf,ffsp100_00606,ok,98.0,1.1792349172756076,
ffsp100,sjf,ffsp100_00607,ok,90.0,1.1785491677001119,
ffsp100,sjf,ffsp100_00608,ok,99.0,1.380616337992251,
ffsp100,sjf,ffsp100_00609,ok,99.0,1.222640577238053,
ffsp100,sjf,ffsp100_00610,ok,98.0,1.4034595368430018,
ffsp100,sjf,ffsp100_00611,ok,98.0,1.2233762959949672,
ffsp100,sjf,ffsp100_00612,ok,95.0,1.1043164380826056,
ffsp100,sjf,ffsp100_00613,ok,93.0,1.0946865170262754,
ffsp100,sjf,ffsp100_00614,ok,97.0,1.4799836841411889,
ffsp100,sjf,ffsp100_00615,ok,98.0,1.242099008988589,
ffsp100,sjf,ffsp100_00616,ok,101.0,1.134693109896034,
ffsp100,sjf,ffsp100_00617,ok,98.0,1.3111471240408719,
ffsp100,sjf,ffsp100_00618,ok,97.0,1.458058645017445,
ffsp100,sjf,ffsp100_00619,ok,98.0,1.3743813843466341,
ffsp100,sjf,ffsp100_00620,ok,100.0,1.3802272682078183,
ffsp100,sjf,ffsp100_00621,ok,99.0,1.1418079230934381,
ffsp100,sjf,ffsp100_00622,ok,101.0,1.150516364723444,
ffsp100,sjf,ffsp100_00623,ok,97.0,1.3376383483409882,
ffsp100,sjf,ffsp100_00624,ok,97.0,1.6261577871628106,
ffsp100,sjf,ffsp100_00625,ok,99.0,1.3844868950545788,
ffsp100,sjf,ffsp100_00626,ok,96.0,1.630176073871553,
ffsp100,sjf,ffsp100_00627,ok,96.0,1.1167204771190882,
ffsp100,sjf,ffsp100_00628,ok,97.0,1.3406533957459033,
ffsp100,sjf,ffsp100_00629,ok,103.0,1.4558546668849885,
ffsp100,sjf,ffsp100_00630,ok,99.0,1.287272505927831,
ffsp100,sjf,ffsp100_00631,ok,98.0,1.617532814387232,
ffsp100,sjf,ffsp100_00632,ok,97.0,1.5758752636611462,
ffsp100,sjf,ffsp100_00633,ok,98.0,1.282319800928235,
ffsp100,sjf,ffsp100_00634,ok,97.0,1.611980619840324,
ffsp100,sjf,ffsp100_00635,ok,97.0,1.1323609920218587,
ffsp100,sjf,ffsp100_00636,ok,99.0,1.5021234028972685,
ffsp100,sjf,ffsp100_00637,ok,100.0,1.2564789652824402,
ffsp100,sjf,ffsp100_00638,ok,99.0,1.57401392608881,
ffsp100,sjf,ffsp100_00639,ok,93.0,1.0064407410100102,
ffsp100,sjf,ffsp100_00640,ok,96.0,0.9684946769848466,
ffsp100,sjf,ffsp100_00641,ok,97.0,1.0377959311008453,
ffsp100,sjf,ffsp100_00642,ok,95.0,1.2580974227748811,
ffsp100,sjf,ffsp100_00643,ok,97.0,1.0279263812117279,
ffsp100,sjf,ffsp100_00644,ok,103.0,1.2333552069030702,
ffsp100,sjf,ffsp100_00645,ok,98.0,1.314359889831394,
ffsp100,sjf,ffsp100_00646,ok,102.0,1.4672956471331418,
ffsp100,sjf,ffsp100_00647,ok,97.0,1.206980471033603,
ffsp100,sjf,ffsp100_00648,ok,99.0,1.2660738755948842,
ffsp100,sjf,ffsp100_00649,ok,98.0,1.165071191266179,
ffsp100,sjf,ffsp100_00650,ok,93.0,1.059763201046735,
ffsp100,sjf,ffsp100_00651,ok,96.0,1.2149439142085612,
ffsp100,sjf,ffsp100_00652,ok,99.0,0.9474460268393159,
ffsp100,sjf,ffsp100_00653,ok,95.0,1.1694937068969011,
ffsp100,sjf,ffsp100_00654,ok,96.0,1.2037507249042392,
ffsp100,sjf,ffsp100_00655,ok,104.0,1.2583708739839494,
ffsp100,sjf,ffsp100_00656,ok,99.0,1.1385037172585726,
ffsp100,sjf,ffsp100_00657,ok,100.0,1.0978521946817636,
ffsp100,sjf,ffsp100_00658,ok,99.0,1.0210145870223641,
ffsp100,sjf,ffsp100_00659,ok,93.0,1.163671912625432,
ffsp100,sjf,ffsp100_00660,ok,97.0,1.0945683880709112,
ffsp100,sjf,ffsp100_00661,ok,95.0,1.1169214867986739,
ffsp100,sjf,ffsp100_00662,ok,103.0,0.9033551579341292,
ffsp100,sjf,ffsp100_00663,ok,93.0,1.1310917329974473,
ffsp100,sjf,ffsp100_00664,ok,94.0,1.1329413130879402,
ffsp100,sjf,ffsp100_00665,ok,101.0,1.0829254589043558,
ffsp100,sjf,ffsp100_00666,ok,99.0,1.1347880708053708,
ffsp100,sjf,ffsp100_00667,ok,94.0,1.2197964400984347,
ffsp100,sjf,ffsp100_00668,ok,98.0,1.080904871225357,
ffsp100,sjf,ffsp100_00669,ok,103.0,1.2547403466887772,
ffsp100,sjf,ffsp100_00670,ok,99.0,1.0664891740307212,
ffsp100,sjf,ffsp100_00671,ok,96.0,1.1229870012030005,
ffsp100,sjf,ffsp100_00672,ok,99.0,1.0235179145820439,
ffsp100,sjf,ffsp100_00673,ok,92.0,1.1630290327593684,
ffsp100,sjf,ffsp100_00674,ok,101.0,0.9771804977208376,
ffsp100,sjf,ffsp100_00675,ok,98.0,0.9538166620768607,
ffsp100,sjf,ffsp100_00676,ok,94.0,1.052615497726947,
ffsp100,sjf,ffsp100_00677,ok,96.0,1.1235692710615695,
ffsp100,sjf,ffsp100_00678,ok,99.0,0.9538424010388553,
ffsp100,sjf,ffsp100_00679,ok,92.0,0.9995810282416642,
ffsp100,sjf,ffsp100_00680,ok,96.0,1.0785712939687073,
ffsp100,sjf,ffsp100_00681,ok,101.0,1.0046242028474808,
ffsp100,sjf,ffsp100_00682,ok,98.0,0.9765109000727534,
ffsp100,sjf,ffsp100_00683,ok,99.0,0.8625653372146189,
ffsp100,sjf,ffsp100_00684,ok,96.0,0.9575882973149419,
ffsp100,sjf,ffsp100_00685,ok,100.0,0.9836052330210805,
ffsp100,sjf,ffsp100_00686,ok,101.0,1.00039232801646,
ffsp100,sjf,ffsp100_00687,ok,97.0,1.1108309128321707,
ffsp100,sjf,ffsp100_00688,ok,97.0,1.1324591930024326,
ffsp100,sjf,ffsp100_00689,ok,95.0,0.9022092097438872,
ffsp100,sjf,ffsp100_00690,ok,98.0,1.0014104857109487,
ffsp100,sjf,ffsp100_00691,ok,104.0,0.9647784610278904,
ffsp100,sjf,ffsp100_00692,ok,95.0,1.0371909318491817,
ffsp100,sjf,ffsp100_00693,ok,99.0,0.9729690831154585,
ffsp100,sjf,ffsp100_00694,ok,101.0,0.8850640160962939,
ffsp100,sjf,ffsp100_00695,ok,99.0,1.0360141140408814,
ffsp100,sjf,ffsp100_00696,ok,98.0,0.9660331592895091,
ffsp100,sjf,ffsp100_00697,ok,97.0,0.9936703839339316,
ffsp100,sjf,ffsp100_00698,ok,95.0,1.0134504549205303,
ffsp100,sjf,ffsp100_00699,ok,96.0,1.0509392586536705,
ffsp100,sjf,ffsp100_00700,ok,94.0,0.8874624441377819,
ffsp100,sjf,ffsp100_00701,ok,97.0,0.9731781128793955,
ffsp100,sjf,ffsp100_00702,ok,98.0,1.0044889329001307,
ffsp100,sjf,ffsp100_00703,ok,98.0,0.9471355369314551,
ffsp100,sjf,ffsp100_00704,ok,98.0,0.930209934245795,
ffsp100,sjf,ffsp100_00705,ok,103.0,1.0064376122318208,
ffsp100,sjf,ffsp100_00706,ok,101.0,0.853611116297543,
ffsp100,sjf,ffsp100_00707,ok,99.0,0.9577797278761864,
ffsp100,sjf,ffsp100_00708,ok,99.0,0.9459490883164108,
ffsp100,sjf,ffsp100_00709,ok,99.0,0.8723364183679223,
ffsp100,sjf,ffsp100_00710,ok,96.0,1.0950594181194901,
ffsp100,sjf,ffsp100_00711,ok,97.0,1.068277913145721,
ffsp100,sjf,ffsp100_00712,ok,97.0,0.798669867683202,
ffsp100,sjf,ffsp100_00713,ok,95.0,0.9418377322144806,
ffsp100,sjf,ffsp100_00714,ok,94.0,1.0239159637130797,
ffsp100,sjf,ffsp100_00715,ok,101.0,0.9328386411070824,
ffsp100,sjf,ffsp100_00716,ok,98.0,0.9075886947102845,
ffsp100,sjf,ffsp100_00717,ok,97.0,0.9614997343160212,
ffsp100,sjf,ffsp100_00718,ok,99.0,0.7982267267070711,
ffsp100,sjf,ffsp100_00719,ok,99.0,0.9010790907777846,
ffsp100,sjf,ffsp100_00720,ok,98.0,0.8844632562249899,
ffsp100,sjf,ffsp100_00721,ok,96.0,0.7893562158569694,
ffsp100,sjf,ffsp100_00722,ok,96.0,1.0940658398903906,
ffsp100,sjf,ffsp100_00723,ok,99.0,0.9548821398057044,
ffsp100,sjf,ffsp100_00724,ok,97.0,0.9133196687325835,
ffsp100,sjf,ffsp100_00725,ok,98.0,0.8449335941113532,
ffsp100,sjf,ffsp100_00726,ok,100.0,0.9992037089541554,
ffsp100,sjf,ffsp100_00727,ok,96.0,0.9274999662302434,
ffsp100,sjf,ffsp100_00728,ok,95.0,0.8533321358263493,
ffsp100,sjf,ffsp100_00729,ok,96.0,0.9399230140261352,
ffsp100,sjf,ffsp100_00730,ok,93.0,0.8205564571544528,
ffsp100,sjf,ffsp100_00731,ok,96.0,1.1013463912531734,
ffsp100,sjf,ffsp100_00732,ok,100.0,0.9570065978914499,
ffsp100,sjf,ffsp100_00733,ok,101.0,0.8907468901015818,
ffsp100,sjf,ffsp100_00734,ok,101.0,0.9063494261354208,
ffsp100,sjf,ffsp100_00735,ok,103.0,0.8530404060147703,
ffsp100,sjf,ffsp100_00736,ok,99.0,0.8534188061021268,
ffsp100,sjf,ffsp100_00737,ok,97.0,0.9425163120031357,
ffsp100,sjf,ffsp100_00738,ok,95.0,0.832261435687542,
ffsp100,sjf,ffsp100_00739,ok,96.0,0.8495438699610531,
ffsp100,sjf,ffsp100_00740,ok,97.0,0.9533289321698248,
ffsp100,sjf,ffsp100_00741,ok,94.0,0.9469753280282021,
ffsp100,sjf,ffsp100_00742,ok,97.0,0.9040994676761329,
ffsp100,sjf,ffsp100_00743,ok,97.0,0.9959332216531038,
ffsp100,sjf,ffsp100_00744,ok,100.0,0.8477593208663166,
ffsp100,sjf,ffsp100_00745,ok,101.0,0.7299121133983135,
ffsp100,sjf,ffsp100_00746,ok,104.0,0.846219883300364,
ffsp100,sjf,ffsp100_00747,ok,94.0,0.8685955619439483,
ffsp100,sjf,ffsp100_00748,ok,97.0,0.9247852088883519,
ffsp100,sjf,ffsp100_00749,ok,96.0,0.9222409911453724,
ffsp100,sjf,ffsp100_00750,ok,94.0,0.8282892601564527,
ffsp100,sjf,ffsp100_00751,ok,99.0,0.7878788379020989,
ffsp100,sjf,ffsp100_00752,ok,98.0,0.8689178018830717,
ffsp100,sjf,ffsp100_00753,ok,99.0,0.8039954733103514,
ffsp100,sjf,ffsp100_00754,ok,98.0,0.8818309600465,
ffsp100,sjf,ffsp100_00755,ok,96.0,0.9389717858284712,
ffsp100,sjf,ffsp100_00756,ok,96.0,0.8530021859332919,
ffsp100,sjf,ffsp100_00757,ok,103.0,0.8546487651765347,
ffsp100,sjf,ffsp100_00758,ok,101.0,0.8177820090204477,
ffsp100,sjf,ffsp100_00759,ok,100.0,0.8992699128575623,
ffsp100,sjf,ffsp100_00760,ok,102.0,0.8027989342808723,
ffsp100,sjf,ffsp100_00761,ok,96.0,1.0146622438915074,
ffsp100,sjf,ffsp100_00762,ok,98.0,0.8847345472313464,
ffsp100,sjf,ffsp100_00763,ok,97.0,0.9016702510416508,
ffsp100,sjf,ffsp100_00764,ok,98.0,0.8176388698630035,
ffsp100,sjf,ffsp100_00765,ok,98.0,0.7769970572553575,
ffsp100,sjf,ffsp100_00766,ok,93.0,0.730097321793437,
ffsp100,sjf,ffsp100_00767,ok,97.0,0.9359329878352582,
ffsp100,sjf,ffsp100_00768,ok,97.0,0.7349689481779933,
ffsp100,sjf,ffsp100_00769,ok,93.0,0.7099729222245514,
ffsp100,sjf,ffsp100_00770,ok,100.0,0.7517381710931659,
ffsp100,sjf,ffsp100_00771,ok,101.0,0.73642532620579,
ffsp100,sjf,ffsp100_00772,ok,96.0,0.9760119211860001,
ffsp100,sjf,ffsp100_00773,ok,96.0,0.8305766182020307,
ffsp100,sjf,ffsp100_00774,ok,93.0,0.8627678067423403,
ffsp100,sjf,ffsp100_00775,ok,89.0,0.696502354927361,
ffsp100,sjf,ffsp100_00776,ok,88.0,0.6737009449861944,
ffsp100,sjf,ffsp100_00777,ok,96.0,0.6564318020828068,
ffsp100,sjf,ffsp100_00778,ok,92.0,0.6382521279156208,
ffsp100,sjf,ffsp100_00779,ok,98.0,0.7736807209439576,
ffsp100,sjf,ffsp100_00780,ok,100.0,0.9347577798180282,
ffsp100,sjf,ffsp100_00781,ok,100.0,0.7808280549943447,
ffsp100,sjf,ffsp100_00782,ok,93.0,0.8240895438939333,
ffsp100,sjf,ffsp100_00783,ok,97.0,0.6936305658891797,
ffsp100,sjf,ffsp100_00784,ok,89.0,0.6804980989545584,
ffsp100,sjf,ffsp100_00785,ok,93.0,0.7524908208288252,
ffsp100,sjf,ffsp100_00786,ok,96.0,0.8061071299016476,
ffsp100,sjf,ffsp100_00787,ok,99.0,0.7104044011794031,
ffsp100,sjf,ffsp100_00788,ok,95.0,0.6871162839233875,
ffsp100,sjf,ffsp100_00789,ok,93.0,0.6822266867384315,
ffsp100,sjf,ffsp100_00790,ok,98.0,0.6405982058495283,
ffsp100,sjf,ffsp100_00791,ok,101.0,0.6997883901931345,
ffsp100,sjf,ffsp100_00792,ok,98.0,0.6477498696185648,
ffsp100,sjf,ffsp100_00793,ok,97.0,0.742184900213033,
ffsp100,sjf,ffsp100_00794,ok,99.0,0.9216413917019963,
ffsp100,sjf,ffsp100_00795,ok,94.0,0.724475156981498,
ffsp100,sjf,ffsp100_00796,ok,97.0,0.7941547217778862,
ffsp100,sjf,ffsp100_00797,ok,102.0,0.7324990900233388,
ffsp100,sjf,ffsp100_00798,ok,100.0,0.691954867914319,
ffsp100,sjf,ffsp100_00799,ok,92.0,0.7679688669741154,
ffsp100,sjf,ffsp100_00800,ok,95.0,0.6005868650972843,
ffsp100,sjf,ffsp100_00801,ok,95.0,0.693536716978997,
ffsp100,sjf,ffsp100_00802,ok,95.0,0.7105300007387996,
ffsp100,sjf,ffsp100_00803,ok,97.0,0.613572021946311,
ffsp100,sjf,ffsp100_00804,ok,101.0,0.6435799826867878,
ffsp100,sjf,ffsp100_00805,ok,99.0,0.7751938998699188,
ffsp100,sjf,ffsp100_00806,ok,101.0,0.6337486831471324,
ffsp100,sjf,ffsp100_00807,ok,98.0,0.699152781162411,
ffsp100,sjf,ffsp100_00808,ok,98.0,0.801202435977757,
ffsp100,sjf,ffsp100_00809,ok,94.0,0.78964629676193,
ffsp100,sjf,ffsp100_00810,ok,92.0,0.6038592318072915,
ffsp100,sjf,ffsp100_00811,ok,97.0,0.6886075516231358,
ffsp100,sjf,ffsp100_00812,ok,96.0,0.5927237211726606,
ffsp100,sjf,ffsp100_00813,ok,96.0,0.5802180641330779,
ffsp100,sjf,ffsp100_00814,ok,96.0,0.5842497898265719,
ffsp100,sjf,ffsp100_00815,ok,96.0,0.6939092869870365,
ffsp100,sjf,ffsp100_00816,ok,92.0,0.6828326671384275,
ffsp100,sjf,ffsp100_00817,ok,95.0,0.7289207233116031,
ffsp100,sjf,ffsp100_00818,ok,97.0,0.5933551019988954,
ffsp100,sjf,ffsp100_00819,ok,97.0,0.6014987737871706,
ffsp100,sjf,ffsp100_00820,ok,98.0,0.5814914032816887,
ffsp100,sjf,ffsp100_00821,ok,100.0,0.7718037632293999,
ffsp100,sjf,ffsp100_00822,ok,101.0,0.6664997329935431,
ffsp100,sjf,ffsp100_00823,ok,100.0,0.5759103777818382,
ffsp100,sjf,ffsp100_00824,ok,96.0,0.7048468659631908,
ffsp100,sjf,ffsp100_00825,ok,98.0,0.7499322239309549,
ffsp100,sjf,ffsp100_00826,ok,97.0,0.6809461591765285,
ffsp100,sjf,ffsp100_00827,ok,97.0,0.677549172192812,
ffsp100,sjf,ffsp100_00828,ok,95.0,0.7818699940107763,
ffsp100,sjf,ffsp100_00829,ok,95.0,0.6357073318213224,
ffsp100,sjf,ffsp100_00830,ok,97.0,0.6865032538771629,
ffsp100,sjf,ffsp100_00831,ok,99.0,0.6929907072335482,
ffsp100,sjf,ffsp100_00832,ok,96.0,0.7033283780328929,
ffsp100,sjf,ffsp100_00833,ok,96.0,0.6877232920378447,
ffsp100,sjf,ffsp100_00834,ok,100.0,0.6757296239957213,
ffsp100,sjf,ffsp100_00835,ok,95.0,0.682788907084614,
ffsp100,sjf,ffsp100_00836,ok,97.0,0.708143793977797,
ffsp100,sjf,ffsp100_00837,ok,99.0,0.6012775641866028,
ffsp100,sjf,ffsp100_00838,ok,98.0,0.627667420078069,
ffsp100,sjf,ffsp100_00839,ok,93.0,0.6777546522207558,
ffsp100,sjf,ffsp100_00840,ok,99.0,0.6334187029860914,
ffsp100,sjf,ffsp100_00841,ok,97.0,0.5606812522746623,
ffsp100,sjf,ffsp100_00842,ok,98.0,0.7027772977016866,
ffsp100,sjf,ffsp100_00843,ok,98.0,0.7810446750372648,
ffsp100,sjf,ffsp100_00844,ok,95.0,0.7268331446684897,
ffsp100,sjf,ffsp100_00845,ok,101.0,0.749843874014914,
ffsp100,sjf,ffsp100_00846,ok,96.0,0.7265748959034681,
ffsp100,sjf,ffsp100_00847,ok,103.0,0.7025680392980576,
ffsp100,sjf,ffsp100_00848,ok,98.0,0.6889187507331371,
ffsp100,sjf,ffsp100_00849,ok,95.0,0.6955211856402457,
ffsp100,sjf,ffsp100_00850,ok,96.0,0.7721083243377507,
ffsp100,sjf,ffsp100_00851,ok,92.0,0.5808940739370883,
ffsp100,sjf,ffsp100_00852,ok,99.0,0.7507505840621889,
ffsp100,sjf,ffsp100_00853,ok,95.0,0.7421912709251046,
ffsp100,sjf,ffsp100_00854,ok,104.0,0.6742329145781696,
ffsp100,sjf,ffsp100_00855,ok,93.0,0.6294322269968688,
ffsp100,sjf,ffsp100_00856,ok,97.0,0.5221655489876866,
ffsp100,sjf,ffsp100_00857,ok,100.0,0.5537003981880844,
ffsp100,sjf,ffsp100_00858,ok,98.0,0.6937454678118229,
ffsp100,sjf,ffsp100_00859,ok,94.0,0.6238168329000473,
ffsp100,sjf,ffsp100_00860,ok,101.0,0.7059840052388608,
ffsp100,sjf,ffsp100_00861,ok,91.0,0.74775859573856,
ffsp100,sjf,ffsp100_00862,ok,97.0,0.6877856720238924,
ffsp100,sjf,ffsp100_00863,ok,95.0,0.6020693029277027,
ffsp100,sjf,ffsp100_00864,ok,100.0,0.7032176982611418,
ffsp100,sjf,ffsp100_00865,ok,97.0,0.6887561217881739,
ffsp100,sjf,ffsp100_00866,ok,95.0,0.7151678870432079,
ffsp100,sjf,ffsp100_00867,ok,94.0,0.5448229876346886,
ffsp100,sjf,ffsp100_00868,ok,95.0,0.7936922330409288,
ffsp100,sjf,ffsp100_00869,ok,96.0,0.6165459901094437,
ffsp100,sjf,ffsp100_00870,ok,98.0,0.7003127411007881,
ffsp100,sjf,ffsp100_00871,ok,94.0,0.6258834609761834,
ffsp100,sjf,ffsp100_00872,ok,99.0,0.6968241240829229,
ffsp100,sjf,ffsp100_00873,ok,96.0,0.547259075101465,
ffsp100,sjf,ffsp100_00874,ok,98.0,0.5737148397602141,
ffsp100,sjf,ffsp100_00875,ok,98.0,0.6309912260621786,
ffsp100,sjf,ffsp100_00876,ok,100.0,0.6603245791047812,
ffsp100,sjf,ffsp100_00877,ok,92.0,0.5005780588835478,
ffsp100,sjf,ffsp100_00878,ok,98.0,0.5301498300395906,
ffsp100,sjf,ffsp100_00879,ok,102.0,0.7027786090038717,
ffsp100,sjf,ffsp100_00880,ok,97.0,0.7015712587162852,
ffsp100,sjf,ffsp100_00881,ok,98.0,0.697511943988502,
ffsp100,sjf,ffsp100_00882,ok,97.0,0.6355509818531573,
ffsp100,sjf,ffsp100_00883,ok,92.0,0.6831580973230302,
ffsp100,sjf,ffsp100_00884,ok,93.0,0.6853333651088178,
ffsp100,sjf,ffsp100_00885,ok,98.0,0.6941935457289219,
ffsp100,sjf,ffsp100_00886,ok,98.0,0.7048540059477091,
ffsp100,sjf,ffsp100_00887,ok,98.0,0.7361680269241333,
ffsp100,sjf,ffsp100_00888,ok,94.0,0.60771130817011,
ffsp100,sjf,ffsp100_00889,ok,93.0,0.6784358010627329,
ffsp100,sjf,ffsp100_00890,ok,94.0,0.5137967960909009,
ffsp100,sjf,ffsp100_00891,ok,97.0,0.5225167176686227,
ffsp100,sjf,ffsp100_00892,ok,97.0,0.6916087176650763,
ffsp100,sjf,ffsp100_00893,ok,96.0,0.6853512851521373,
ffsp100,sjf,ffsp100_00894,ok,102.0,0.7010617800988257,
ffsp100,sjf,ffsp100_00895,ok,93.0,0.6803585500456393,
ffsp100,sjf,ffsp100_00896,ok,98.0,0.5679552452638745,
ffsp100,sjf,ffsp100_00897,ok,98.0,0.6990825729444623,
ffsp100,sjf,ffsp100_00898,ok,98.0,0.6379456501454115,
ffsp100,sjf,ffsp100_00899,ok,95.0,0.6876563532277942,
ffsp100,sjf,ffsp100_00900,ok,95.0,0.6933441469445825,
ffsp100,sjf,ffsp100_00901,ok,101.0,0.6971298828721046,
ffsp100,sjf,ffsp100_00902,ok,101.0,0.5395401120185852,
ffsp100,sjf,ffsp100_00903,ok,95.0,0.6843665456399322,
ffsp100,sjf,ffsp100_00904,ok,96.0,0.5647362880408764,
ffsp100,sjf,ffsp100_00905,ok,100.0,0.6154799512587488,
ffsp100,sjf,ffsp100_00906,ok,96.0,0.6704805991612375,
ffsp100,sjf,ffsp100_00907,ok,98.0,0.6715542571619153,
ffsp100,sjf,ffsp100_00908,ok,95.0,0.5377124040387571,
ffsp100,sjf,ffsp100_00909,ok,93.0,0.5825282311998308,
ffsp100,sjf,ffsp100_00910,ok,100.0,0.5804607728496194,
ffsp100,sjf,ffsp100_00911,ok,99.0,0.6677765022031963,
ffsp100,sjf,ffsp100_00912,ok,96.0,0.6629471662454307,
ffsp100,sjf,ffsp100_00913,ok,91.0,0.6641698749735951,
ffsp100,sjf,ffsp100_00914,ok,96.0,0.689008941873908,
ffsp100,sjf,ffsp100_00915,ok,92.0,0.5577816450968385,
ffsp100,sjf,ffsp100_00916,ok,102.0,0.6993263019248843,
ffsp100,sjf,ffsp100_00917,ok,97.0,0.5774932862259448,
ffsp100,sjf,ffsp100_00918,ok,95.0,0.63900653924793,
ffsp100,sjf,ffsp100_00919,ok,99.0,0.5785507657565176,
ffsp100,sjf,ffsp100_00920,ok,101.0,0.5420441897585988,
ffsp100,sjf,ffsp100_00921,ok,98.0,0.6120321340858936,
ffsp100,sjf,ffsp100_00922,ok,96.0,0.6161742601543665,
ffsp100,sjf,ffsp100_00923,ok,91.0,0.6737180161289871,
ffsp100,sjf,ffsp100_00924,ok,92.0,0.5973753379657865,
ffsp100,sjf,ffsp100_00925,ok,101.0,0.6188895078375936,
ffsp100,sjf,ffsp100_00926,ok,98.0,0.5768934758380055,
ffsp100,sjf,ffsp100_00927,ok,96.0,0.574146278668195,
ffsp100,sjf,ffsp100_00928,ok,94.0,0.6843537157401443,
ffsp100,sjf,ffsp100_00929,ok,95.0,0.6790719009004533,
ffsp100,sjf,ffsp100_00930,ok,96.0,0.6623322865925729,
ffsp100,sjf,ffsp100_00931,ok,97.0,0.5983718768693507,
ffsp100,sjf,ffsp100_00932,ok,95.0,0.6793169598095119,
ffsp100,sjf,ffsp100_00933,ok,103.0,0.6259471708908677,
ffsp100,sjf,ffsp100_00934,ok,96.0,0.6817760593257844,
ffsp100,sjf,ffsp100_00935,ok,93.0,0.6783169219270349,
ffsp100,sjf,ffsp100_00936,ok,101.0,0.6293731369078159,
ffsp100,sjf,ffsp100_00937,ok,99.0,0.6715357578359544,
ffsp100,sjf,ffsp100_00938,ok,96.0,0.6118069649673998,
ffsp100,sjf,ffsp100_00939,ok,96.0,0.6106268251314759,
ffsp100,sjf,ffsp100_00940,ok,98.0,0.6843879758380353,
ffsp100,sjf,ffsp100_00941,ok,92.0,0.6365259811282158,
ffsp100,sjf,ffsp100_00942,ok,91.0,0.6628569457679987,
ffsp100,sjf,ffsp100_00943,ok,96.0,0.55019561201334,
ffsp100,sjf,ffsp100_00944,ok,99.0,0.6236504828557372,
ffsp100,sjf,ffsp100_00945,ok,99.0,0.6398395770229399,
ffsp100,sjf,ffsp100_00946,ok,101.0,0.6869253241457045,
ffsp100,sjf,ffsp100_00947,ok,96.0,0.5831030309200287,
ffsp100,sjf,ffsp100_00948,ok,92.0,0.5576044460758567,
ffsp100,sjf,ffsp100_00949,ok,98.0,0.646370860747993,
ffsp100,sjf,ffsp100_00950,ok,100.0,0.6715211877599359,
ffsp100,sjf,ffsp100_00951,ok,98.0,0.6499845581129193,
ffsp100,sjf,ffsp100_00952,ok,99.0,0.6332240737974644,
ffsp100,sjf,ffsp100_00953,ok,96.0,0.6408747271634638,
ffsp100,sjf,ffsp100_00954,ok,102.0,0.6808269787579775,
ffsp100,sjf,ffsp100_00955,ok,98.0,0.6452416032552719,
ffsp100,sjf,ffsp100_00956,ok,99.0,0.6299102180637419,
ffsp100,sjf,ffsp100_00957,ok,95.0,0.6450430629774928,
ffsp100,sjf,ffsp100_00958,ok,96.0,0.616450060158968,
ffsp100,sjf,ffsp100_00959,ok,98.0,0.5950658009387553,
ffsp100,sjf,ffsp100_00960,ok,98.0,0.6687532695941627,
ffsp100,sjf,ffsp100_00961,ok,97.0,0.6678025908768177,
ffsp100,sjf,ffsp100_00962,ok,100.0,0.6696191797964275,
ffsp100,sjf,ffsp100_00963,ok,94.0,0.6327198049984872,
ffsp100,sjf,ffsp100_00964,ok,100.0,0.6455135433934629,
ffsp100,sjf,ffsp100_00965,ok,99.0,0.6295437677763402,
ffsp100,sjf,ffsp100_00966,ok,99.0,0.5929389717057347,
ffsp100,sjf,ffsp100_00967,ok,96.0,0.57276492100209,
ffsp100,sjf,ffsp100_00968,ok,100.0,0.5701035540550947,
ffsp100,sjf,ffsp100_00969,ok,101.0,0.5554328169673681,
ffsp100,sjf,ffsp100_00970,ok,97.0,0.5690641850233078,
ffsp100,sjf,ffsp100_00971,ok,100.0,0.606569938827306,
ffsp100,sjf,ffsp100_00972,ok,94.0,0.652664175722748,
ffsp100,sjf,ffsp100_00973,ok,97.0,0.6344773229211569,
ffsp100,sjf,ffsp100_00974,ok,96.0,0.6279095592908561,
ffsp100,sjf,ffsp100_00975,ok,97.0,0.587674526963383,
ffsp100,sjf,ffsp100_00976,ok,99.0,0.5966839590109885,
ffsp100,sjf,ffsp100_00977,ok,100.0,0.5842042197473347,
ffsp100,sjf,ffsp100_00978,ok,95.0,0.6302787871100008,
ffsp100,sjf,ffsp100_00979,ok,96.0,0.5915234331041574,
ffsp100,sjf,ffsp100_00980,ok,95.0,0.6022922829724848,
ffsp100,sjf,ffsp100_00981,ok,95.0,0.5619369121268392,
ffsp100,sjf,ffsp100_00982,ok,101.0,0.6345825628377497,
ffsp100,sjf,ffsp100_00983,ok,96.0,0.6336780730634928,
ffsp100,sjf,ffsp100_00984,ok,96.0,0.6061067800037563,
ffsp100,sjf,ffsp100_00985,ok,98.0,0.513396407943219,
ffsp100,sjf,ffsp100_00986,ok,95.0,0.5667731971479952,
ffsp100,sjf,ffsp100_00987,ok,99.0,0.5338577679358423,
ffsp100,sjf,ffsp100_00988,ok,101.0,0.56064000306651,
ffsp100,sjf,ffsp100_00989,ok,98.0,0.5584729551337659,
ffsp100,sjf,ffsp100_00990,ok,99.0,0.5259748348034918,
ffsp100,sjf,ffsp100_00991,ok,100.0,0.5159405348822474,
ffsp100,sjf,ffsp100_00992,ok,99.0,0.6540741943754256,
ffsp100,sjf,ffsp100_00993,ok,96.0,0.5773930456489325,
ffsp100,sjf,ffsp100_00994,ok,98.0,0.5517164710909128,
ffsp100,sjf,ffsp100_00995,ok,96.0,0.5675093857571483,
ffsp100,sjf,ffsp100_00996,ok,99.0,0.5442632189951837,
ffsp100,sjf,ffsp100_00997,ok,100.0,0.6006459649652243,
ffsp100,sjf,ffsp100_00998,ok,98.0,0.5340375676751137,
ffsp100,sjf,ffsp100_00999,ok,95.0,0.6390408491715789,
ffsp100,ortools_cp_sat,ffsp100_00000,feasible,93.0,1800.894268507138,
ffsp100,ortools_cp_sat,ffsp100_00001,feasible,94.0,1800.931610556785,
ffsp100,ortools_cp_sat,ffsp100_00002,feasible,99.0,1800.8623061799444,
ffsp100,ortools_cp_sat,ffsp100_00003,feasible,94.0,1800.9230458545499,
ffsp100,ortools_cp_sat,ffsp100_00004,feasible,96.0,1800.8504922208376,
ffsp100,ortools_cp_sat,ffsp100_00005,feasible,93.0,1800.8822410102002,
ffsp100,ortools_cp_sat,ffsp100_00006,feasible,97.0,1800.878535696771,
ffsp100,ortools_cp_sat,ffsp100_00007,feasible,96.0,1800.9226139048114,
ffsp100,ortools_cp_sat,ffsp100_00008,feasible,96.0,1800.8859212468378,
ffsp100,ortools_cp_sat,ffsp100_00009,feasible,97.0,1800.8771041510627,
ffsp100,ortools_cp_sat,ffsp100_00010,feasible,102.0,1801.1637735716067,
ffsp100,ortools_cp_sat,ffsp100_00011,feasible,96.0,1800.9277548845857,
ffsp100,ortools_cp_sat,ffsp100_00012,feasible,99.0,1800.8463321342133,
ffsp100,ortools_cp_sat,ffsp100_00013,feasible,100.0,1800.9046962540597,
ffsp100,ortools_cp_sat,ffsp100_00014,feasible,96.0,1800.8841498950496,
ffsp100,ortools_cp_sat,ffsp100_00015,feasible,93.0,1800.9111713957973,
ffsp100,ortools_cp_sat,ffsp100_00016,feasible,102.0,1800.845514814835,
ffsp100,ortools_cp_sat,ffsp100_00017,feasible,90.0,1800.8377381996252,
ffsp100,ortools_cp_sat,ffsp100_00018,feasible,95.0,1800.8395868339576,
ffsp100,ortools_cp_sat,ffsp100_00019,feasible,93.0,1800.916216748301,
ffsp100,ortools_cp_sat,ffsp100_00020,feasible,95.0,1800.9799985662103,
ffsp100,ortools_cp_sat,ffsp100_00021,feasible,93.0,1800.887501314748,
ffsp100,ortools_cp_sat,ffsp100_00022,feasible,94.0,1800.9399775629863,
ffsp100,ortools_cp_sat,ffsp100_00023,feasible,92.0,1800.9775202227756,
ffsp100,ortools_cp_sat,ffsp100_00024,feasible,99.0,1800.910184247885,
ffsp100,ortools_cp_sat,ffsp100_00025,feasible,97.0,1800.8839926910587,
ffsp100,ortools_cp_sat,ffsp100_00026,feasible,98.0,1800.8944251807407,
ffsp100,ortools_cp_sat,ffsp100_00027,feasible,97.0,1800.9877982921898,
ffsp100,ortools_cp_sat,ffsp100_00028,feasible,94.0,1800.9250071858987,
ffsp100,ortools_cp_sat,ffsp100_00029,feasible,93.0,1800.9295670739375,
ffsp100,ortools_cp_sat,ffsp100_00030,feasible,90.0,1800.8321939562447,
ffsp100,ortools_cp_sat,ffsp100_00031,feasible,91.0,1800.8262251741253,
ffsp100,ortools_cp_sat,ffsp100_00032,feasible,91.0,1800.8656089738943,
ffsp100,ortools_cp_sat,ffsp100_00033,feasible,99.0,1800.9952279739082,
ffsp100,ortools_cp_sat,ffsp100_00034,feasible,98.0,1800.8579559610225,
ffsp100,ortools_cp_sat,ffsp100_00035,feasible,96.0,1800.9531725868583,
ffsp100,ortools_cp_sat,ffsp100_00036,feasible,93.0,1800.9555699210614,
ffsp100,ortools_cp_sat,ffsp100_00037,feasible,90.0,1800.969400277827,
ffsp100,ortools_cp_sat,ffsp100_00038,feasible,94.0,1800.9926372109912,
ffsp100,ortools_cp_sat,ffsp100_00039,feasible,98.0,1800.8616705890745,
ffsp100,ortools_cp_sat,ffsp100_00040,feasible,91.0,1800.9647180410102,
ffsp100,ortools_cp_sat,ffsp100_00041,feasible,96.0,1800.9843811970204,
ffsp100,ortools_cp_sat,ffsp100_00042,feasible,96.0,1800.9122913153842,
ffsp100,ortools_cp_sat,ffsp100_00043,feasible,95.0,1800.867439782247,
ffsp100,ortools_cp_sat,ffsp100_00044,feasible,97.0,1800.8581157349981,
ffsp100,ortools_cp_sat,ffsp100_00045,feasible,97.0,1800.9555732756853,
ffsp100,ortools_cp_sat,ffsp100_00046,feasible,93.0,1800.9634747509845,
ffsp100,ortools_cp_sat,ffsp100_00047,feasible,95.0,1800.877588422969,
ffsp100,ortools_cp_sat,ffsp100_00048,feasible,97.0,1800.8790113949217,
ffsp100,ortools_cp_sat,ffsp100_00049,feasible,96.0,1800.8279856718145,
ffsp100,ortools_cp_sat,ffsp100_00050,feasible,93.0,1800.9697015252896,
ffsp100,ortools_cp_sat,ffsp100_00051,feasible,97.0,1801.1697523063049,
ffsp100,ortools_cp_sat,ffsp100_00052,feasible,98.0,1800.856540645007,
ffsp100,ortools_cp_sat,ffsp100_00053,feasible,95.0,1800.9429349759594,
ffsp100,ortools_cp_sat,ffsp100_00054,feasible,101.0,1801.0661835139617,
ffsp100,ortools_cp_sat,ffsp100_00055,feasible,96.0,1800.9809422669932,
ffsp100,ortools_cp_sat,ffsp100_00056,feasible,95.0,1801.1417763358913,
ffsp100,ortools_cp_sat,ffsp100_00057,feasible,98.0,1800.8526908708736,
ffsp100,ortools_cp_sat,ffsp100_00058,feasible,96.0,1800.9760980401188,
ffsp100,ortools_cp_sat,ffsp100_00059,feasible,93.0,1800.9130690442398,
ffsp100,ortools_cp_sat,ffsp100_00060,feasible,95.0,1800.8968553040177,
ffsp100,ortools_cp_sat,ffsp100_00061,feasible,98.0,1801.0417873449624,
ffsp100,ortools_cp_sat,ffsp100_00062,feasible,95.0,1800.8562638098374,
ffsp100,ortools_cp_sat,ffsp100_00063,feasible,95.0,1800.911236231681,
ffsp100,ortools_cp_sat,ffsp100_00064,feasible,92.0,1800.977256454993,
ffsp100,ortools_cp_sat,ffsp100_00065,feasible,95.0,1800.988776025828,
ffsp100,ortools_cp_sat,ffsp100_00066,feasible,93.0,1800.9686795999296,
ffsp100,ortools_cp_sat,ffsp100_00067,feasible,99.0,1800.9568137880415,
ffsp100,ortools_cp_sat,ffsp100_00068,feasible,94.0,1800.9275487740524,
ffsp100,ortools_cp_sat,ffsp100_00069,feasible,92.0,1800.884832834825,
ffsp100,ortools_cp_sat,ffsp100_00070,feasible,97.0,1800.8686192058958,
ffsp100,ortools_cp_sat,ffsp100_00071,feasible,96.0,1800.973921382334,
ffsp100,ortools_cp_sat,ffsp100_00072,feasible,94.0,1800.9668588689528,
ffsp100,ortools_cp_sat,ffsp100_00073,feasible,94.0,1800.879792748019,
ffsp100,ortools_cp_sat,ffsp100_00074,feasible,95.0,1800.9488916709088,
ffsp100,ortools_cp_sat,ffsp100_00075,feasible,94.0,1800.9850539481267,
ffsp100,ortools_cp_sat,ffsp100_00076,feasible,90.0,1800.9110538498498,
ffsp100,ortools_cp_sat,ffsp100_00077,feasible,98.0,1800.8973314510658,
ffsp100,ortools_cp_sat,ffsp100_00078,feasible,94.0,1800.9287734087557,
ffsp100,ortools_cp_sat,ffsp100_00079,feasible,94.0,1800.8695794702508,
ffsp100,ortools_cp_sat,ffsp100_00080,feasible,90.0,1800.9324735971168,
ffsp100,ortools_cp_sat,ffsp100_00081,feasible,97.0,1800.9791943738237,
ffsp100,ortools_cp_sat,ffsp100_00082,feasible,100.0,1801.0019850581884,
ffsp100,ortools_cp_sat,ffsp100_00083,feasible,96.0,1800.896506602876,
ffsp100,ortools_cp_sat,ffsp100_00084,feasible,96.0,1800.96513715107,
ffsp100,ortools_cp_sat,ffsp100_00085,feasible,95.0,1801.0992885101587,
ffsp100,ortools_cp_sat,ffsp100_00086,feasible,94.0,1800.8896845709532,
ffsp100,ortools_cp_sat,ffsp100_00087,feasible,96.0,1800.9175504930317,
ffsp100,ortools_cp_sat,ffsp100_00088,feasible,91.0,1800.9345060251653,
ffsp100,ortools_cp_sat,ffsp100_00089,feasible,95.0,1800.8533914443105,
ffsp100,ortools_cp_sat,ffsp100_00090,feasible,100.0,1800.8937602899969,
ffsp100,ortools_cp_sat,ffsp100_00091,feasible,96.0,1801.0438759489916,
ffsp100,ortools_cp_sat,ffsp100_00092,feasible,95.0,1800.8244552337565,
ffsp100,ortools_cp_sat,ffsp100_00093,feasible,90.0,1801.027370581869,
ffsp100,ortools_cp_sat,ffsp100_00094,feasible,99.0,1801.123161430005,
ffsp100,ortools_cp_sat,ffsp100_00095,feasible,98.0,1800.9485674621537,
ffsp100,ortools_cp_sat,ffsp100_00096,feasible,97.0,1800.976013483014,
ffsp100,ortools_cp_sat,ffsp100_00097,feasible,94.0,1800.9144951300696,
ffsp100,ortools_cp_sat,ffsp100_00098,feasible,92.0,1800.9668664569035,
ffsp100,ortools_cp_sat,ffsp100_00099,feasible,96.0,1800.9684305195697,
ffsp100,ortools_cp_sat,ffsp100_00100,feasible,98.0,1800.8722429629415,
ffsp100,ortools_cp_sat,ffsp100_00101,feasible,94.0,1800.9711728570983,
ffsp100,ortools_cp_sat,ffsp100_00102,feasible,99.0,1800.9867319460027,
ffsp100,ortools_cp_sat,ffsp100_00103,feasible,96.0,1800.8732894179411,
ffsp100,ortools_cp_sat,ffsp100_00104,feasible,92.0,1801.1117981402203,
ffsp100,ortools_cp_sat,ffsp100_00105,feasible,96.0,1800.8747262698598,
ffsp100,ortools_cp_sat,ffsp100_00106,feasible,96.0,1800.9324795282446,
ffsp100,ortools_cp_sat,ffsp100_00107,feasible,96.0,1800.879036818631,
ffsp100,ortools_cp_sat,ffsp100_00108,feasible,97.0,1800.944609190803,
ffsp100,ortools_cp_sat,ffsp100_00109,feasible,93.0,1800.9670234741643,
ffsp100,ortools_cp_sat,ffsp100_00110,feasible,95.0,1800.9634325057268,
ffsp100,ortools_cp_sat,ffsp100_00111,feasible,97.0,1801.0300796711817,
ffsp100,ortools_cp_sat,ffsp100_00112,feasible,95.0,1801.0301837818697,
ffsp100,ortools_cp_sat,ffsp100_00113,feasible,97.0,1800.9892023210414,
ffsp100,ortools_cp_sat,ffsp100_00114,feasible,93.0,1800.9780980502255,
ffsp100,ortools_cp_sat,ffsp100_00115,feasible,97.0,1800.931006422732,
ffsp100,ortools_cp_sat,ffsp100_00116,feasible,94.0,1800.864597001113,
ffsp100,ortools_cp_sat,ffsp100_00117,feasible,97.0,1800.9427185538225,
ffsp100,ortools_cp_sat,ffsp100_00118,feasible,94.0,1800.9712222269736,
ffsp100,ortools_cp_sat,ffsp100_00119,feasible,96.0,1801.1212795060128,
ffsp100,ortools_cp_sat,ffsp100_00120,feasible,94.0,1800.9661592980847,
ffsp100,ortools_cp_sat,ffsp100_00121,feasible,96.0,1800.926282264758,
ffsp100,ortools_cp_sat,ffsp100_00122,feasible,99.0,1800.9526847247034,
ffsp100,ortools_cp_sat,ffsp100_00123,feasible,94.0,1801.102742432151,
ffsp100,ortools_cp_sat,ffsp100_00124,feasible,96.0,1800.9014099296182,
ffsp100,ortools_cp_sat,ffsp100_00125,feasible,96.0,1800.9545790590346,
ffsp100,ortools_cp_sat,ffsp100_00126,feasible,95.0,1800.99201819906,
ffsp100,ortools_cp_sat,ffsp100_00127,feasible,96.0,1801.0476915421896,
ffsp100,ortools_cp_sat,ffsp100_00128,feasible,99.0,1801.26739866985,
ffsp100,ortools_cp_sat,ffsp100_00129,feasible,97.0,1801.2033516471274,
ffsp100,ortools_cp_sat,ffsp100_00130,feasible,93.0,1801.1812840569764,
ffsp100,ortools_cp_sat,ffsp100_00131,feasible,93.0,1801.1346319830045,
ffsp100,ortools_cp_sat,ffsp100_00132,feasible,97.0,1801.1883125677705,
ffsp100,ortools_cp_sat,ffsp100_00133,feasible,100.0,1801.1707424451597,
ffsp100,ortools_cp_sat,ffsp100_00134,feasible,100.0,1801.062796688173,
ffsp100,ortools_cp_sat,ffsp100_00135,feasible,95.0,1801.32876987895,
ffsp100,ortools_cp_sat,ffsp100_00136,feasible,95.0,1801.212171507068,
ffsp100,ortools_cp_sat,ffsp100_00137,feasible,95.0,1801.180915961042,
ffsp100,ortools_cp_sat,ffsp100_00138,feasible,96.0,1801.307259652298,
ffsp100,ortools_cp_sat,ffsp100_00139,feasible,96.0,1801.127529708203,
ffsp100,ortools_cp_sat,ffsp100_00140,feasible,94.0,1801.1661903047934,
ffsp100,ortools_cp_sat,ffsp100_00141,feasible,92.0,1801.1691117868759,
ffsp100,ortools_cp_sat,ffsp100_00142,feasible,95.0,1801.1740131708793,
ffsp100,ortools_cp_sat,ffsp100_00143,feasible,93.0,1800.9712067120709,
ffsp100,ortools_cp_sat,ffsp100_00144,feasible,91.0,1801.2260611378588,
ffsp100,ortools_cp_sat,ffsp100_00145,feasible,96.0,1801.149314716924,
ffsp100,ortools_cp_sat,ffsp100_00146,feasible,96.0,1801.2288995408453,
ffsp100,ortools_cp_sat,ffsp100_00147,feasible,91.0,1801.152020277921,
ffsp100,ortools_cp_sat,ffsp100_00148,feasible,94.0,1801.209171864204,
ffsp100,ortools_cp_sat,ffsp100_00149,feasible,90.0,1801.2241198820993,
ffsp100,ortools_cp_sat,ffsp100_00150,feasible,97.0,1801.159579178784,
ffsp100,ortools_cp_sat,ffsp100_00151,feasible,97.0,1801.2185525940731,
ffsp100,ortools_cp_sat,ffsp100_00152,feasible,97.0,1801.2888224711642,
ffsp100,ortools_cp_sat,ffsp100_00153,feasible,100.0,1801.271391600836,
ffsp100,ortools_cp_sat,ffsp100_00154,feasible,96.0,1801.1363909677602,
ffsp100,ortools_cp_sat,ffsp100_00155,feasible,95.0,1801.1320548718795,
ffsp100,ortools_cp_sat,ffsp100_00156,feasible,98.0,1801.1723352018744,
ffsp100,ortools_cp_sat,ffsp100_00157,feasible,96.0,1801.2859771233052,
ffsp100,ortools_cp_sat,ffsp100_00158,feasible,97.0,1801.25655759871,
ffsp100,ortools_cp_sat,ffsp100_00159,feasible,95.0,1801.1722835791297,
ffsp100,ortools_cp_sat,ffsp100_00160,feasible,93.0,1801.1063710097224,
ffsp100,ortools_cp_sat,ffsp100_00161,feasible,92.0,1801.12835005112,
ffsp100,ortools_cp_sat,ffsp100_00162,feasible,93.0,1801.1119971801527,
ffsp100,ortools_cp_sat,ffsp100_00163,feasible,95.0,1801.2753416909836,
ffsp100,ortools_cp_sat,ffsp100_00164,feasible,94.0,1801.1313949357718,
ffsp100,ortools_cp_sat,ffsp100_00165,feasible,94.0,1801.2621719762683,
ffsp100,ortools_cp_sat,ffsp100_00166,feasible,92.0,1801.180132645648,
ffsp100,ortools_cp_sat,ffsp100_00167,feasible,99.0,1801.2898779311217,
ffsp100,ortools_cp_sat,ffsp100_00168,feasible,103.0,1801.1452595167793,
ffsp100,ortools_cp_sat,ffsp100_00169,feasible,98.0,1801.0930272131227,
ffsp100,ortools_cp_sat,ffsp100_00170,feasible,93.0,1801.2790673947893,
ffsp100,ortools_cp_sat,ffsp100_00171,feasible,98.0,1801.2619253760204,
ffsp100,ortools_cp_sat,ffsp100_00172,feasible,95.0,1801.0925652198493,
ffsp100,ortools_cp_sat,ffsp100_00173,feasible,100.0,1801.0723871728405,
ffsp100,ortools_cp_sat,ffsp100_00174,feasible,100.0,1801.5905615286902,
ffsp100,ortools_cp_sat,ffsp100_00175,feasible,97.0,1801.0788453370333,
ffsp100,ortools_cp_sat,ffsp100_00176,feasible,96.0,1801.1079459781758,
ffsp100,ortools_cp_sat,ffsp100_00177,feasible,96.0,1801.2336459080689,
ffsp100,ortools_cp_sat,ffsp100_00178,feasible,101.0,1801.1252019661479,
ffsp100,ortools_cp_sat,ffsp100_00179,feasible,94.0,1801.169093976263,
ffsp100,ortools_cp_sat,ffsp100_00180,feasible,95.0,1801.2003754079342,
ffsp100,ortools_cp_sat,ffsp100_00181,feasible,96.0,1801.1276175901294,
ffsp100,ortools_cp_sat,ffsp100_00182,feasible,95.0,1801.1494463211857,
ffsp100,ortools_cp_sat,ffsp100_00183,feasible,96.0,1801.859215199016,
ffsp100,ortools_cp_sat,ffsp100_00184,feasible,95.0,1801.1420922218822,
ffsp100,ortools_cp_sat,ffsp100_00185,feasible,95.0,1801.119642898906,
ffsp100,ortools_cp_sat,ffsp100_00186,feasible,94.0,1801.2357740374282,
ffsp100,ortools_cp_sat,ffsp100_00187,feasible,96.0,1801.1041272883303,
ffsp100,ortools_cp_sat,ffsp100_00188,feasible,93.0,1801.189242218621,
ffsp100,ortools_cp_sat,ffsp100_00189,feasible,99.0,1801.1169878612272,
ffsp100,ortools_cp_sat,ffsp100_00190,feasible,97.0,1801.1015257588588,
ffsp100,ortools_cp_sat,ffsp100_00191,feasible,103.0,1801.2567807212472,
ffsp100,ortools_cp_sat,ffsp100_00192,feasible,92.0,1801.1008808161132,
ffsp100,ortools_cp_sat,ffsp100_00193,feasible,95.0,1801.158480282873,
ffsp100,ortools_cp_sat,ffsp100_00194,feasible,92.0,1801.075671472121,
ffsp100,ortools_cp_sat,ffsp100_00195,feasible,94.0,1801.0804293160327,
ffsp100,ortools_cp_sat,ffsp100_00196,feasible,98.0,1801.2384596732445,
ffsp100,ortools_cp_sat,ffsp100_00197,feasible,93.0,1801.07928544702,
ffsp100,ortools_cp_sat,ffsp100_00198,feasible,96.0,1801.1510656811297,
ffsp100,ortools_cp_sat,ffsp100_00199,feasible,99.0,1801.213646324817,
ffsp100,ortools_cp_sat,ffsp100_00200,feasible,98.0,1801.1269691600464,
ffsp100,ortools_cp_sat,ffsp100_00201,feasible,99.0,1801.1482390780002,
ffsp100,ortools_cp_sat,ffsp100_00202,feasible,95.0,1801.1924218707718,
ffsp100,ortools_cp_sat,ffsp100_00203,feasible,96.0,1801.1468940270133,
ffsp100,ortools_cp_sat,ffsp100_00204,feasible,92.0,1801.0972473472357,
ffsp100,ortools_cp_sat,ffsp100_00205,feasible,94.0,1801.0884017269127,
ffsp100,ortools_cp_sat,ffsp100_00206,feasible,95.0,1801.2013033693656,
ffsp100,ortools_cp_sat,ffsp100_00207,feasible,90.0,1801.247145942878,
ffsp100,ortools_cp_sat,ffsp100_00208,feasible,93.0,1801.3056585909799,
ffsp100,ortools_cp_sat,ffsp100_00209,feasible,99.0,1801.1422821991146,
ffsp100,ortools_cp_sat,ffsp100_00210,feasible,94.0,1801.1351192137226,
ffsp100,ortools_cp_sat,ffsp100_00211,feasible,97.0,1801.2342950687744,
ffsp100,ortools_cp_sat,ffsp100_00212,feasible,97.0,1801.2010808740743,
ffsp100,ortools_cp_sat,ffsp100_00213,feasible,96.0,1801.2351339631714,
ffsp100,ortools_cp_sat,ffsp100_00214,feasible,97.0,1801.1516635050066,
ffsp100,ortools_cp_sat,ffsp100_00215,feasible,98.0,1801.1257664738223,
ffsp100,ortools_cp_sat,ffsp100_00216,feasible,92.0,1801.0711698872037,
ffsp100,ortools_cp_sat,ffsp100_00217,feasible,98.0,1801.1289689028636,
ffsp100,ortools_cp_sat,ffsp100_00218,feasible,97.0,1801.114740442019,
ffsp100,ortools_cp_sat,ffsp100_00219,feasible,97.0,1801.1978871948086,
ffsp100,ortools_cp_sat,ffsp100_00220,feasible,97.0,1801.1947115669027,
ffsp100,ortools_cp_sat,ffsp100_00221,feasible,95.0,1801.1814873619005,
ffsp100,ortools_cp_sat,ffsp100_00222,feasible,99.0,1801.1244035200216,
ffsp100,ortools_cp_sat,ffsp100_00223,feasible,96.0,1801.1681228727102,
ffsp100,ortools_cp_sat,ffsp100_00224,feasible,95.0,1801.1056640581228,
ffsp100,ortools_cp_sat,ffsp100_00225,feasible,93.0,1801.1850809981115,
ffsp100,ortools_cp_sat,ffsp100_00226,feasible,98.0,1800.992524090223,
ffsp100,ortools_cp_sat,ffsp100_00227,feasible,97.0,1801.154723921325,
ffsp100,ortools_cp_sat,ffsp100_00228,feasible,91.0,1801.0951141319238,
ffsp100,ortools_cp_sat,ffsp100_00229,feasible,93.0,1801.194138511084,
ffsp100,ortools_cp_sat,ffsp100_00230,feasible,94.0,1801.1837305962108,
ffsp100,ortools_cp_sat,ffsp100_00231,feasible,98.0,1801.1588528449647,
ffsp100,ortools_cp_sat,ffsp100_00232,feasible,95.0,1801.0336656500585,
ffsp100,ortools_cp_sat,ffsp100_00233,feasible,99.0,1801.4851706209593,
ffsp100,ortools_cp_sat,ffsp100_00234,feasible,96.0,1801.2307288227603,
ffsp100,ortools_cp_sat,ffsp100_00235,feasible,94.0,1801.1049762857147,
ffsp100,ortools_cp_sat,ffsp100_00236,feasible,98.0,1801.0669967369176,
ffsp100,ortools_cp_sat,ffsp100_00237,feasible,99.0,1801.1751788952388,
ffsp100,ortools_cp_sat,ffsp100_00238,feasible,97.0,1801.1728012496606,
ffsp100,ortools_cp_sat,ffsp100_00239,feasible,94.0,1801.1575296581723,
ffsp100,ortools_cp_sat,ffsp100_00240,feasible,95.0,1801.1597568118013,
ffsp100,ortools_cp_sat,ffsp100_00241,feasible,92.0,1801.0874634669162,
ffsp100,ortools_cp_sat,ffsp100_00242,feasible,98.0,1801.0599248670042,
ffsp100,ortools_cp_sat,ffsp100_00243,feasible,91.0,1801.0301064583473,
ffsp100,ortools_cp_sat,ffsp100_00244,feasible,93.0,1801.0145273869857,
ffsp100,ortools_cp_sat,ffsp100_00245,feasible,95.0,1800.9916454181075,
ffsp100,ortools_cp_sat,ffsp100_00246,feasible,95.0,1801.0186997102574,
ffsp100,ortools_cp_sat,ffsp100_00247,feasible,98.0,1801.0636540441774,
ffsp100,ortools_cp_sat,ffsp100_00248,feasible,101.0,1801.0297852610238,
ffsp100,ortools_cp_sat,ffsp100_00249,feasible,97.0,1801.0485109500587,
ffsp100,ortools_cp_sat,ffsp100_00250,feasible,99.0,1801.042337291874,
ffsp100,ortools_cp_sat,ffsp100_00251,feasible,96.0,1801.0479168449529,
ffsp100,ortools_cp_sat,ffsp100_00252,feasible,93.0,1801.0596583550796,
ffsp100,ortools_cp_sat,ffsp100_00253,feasible,94.0,1800.997715049889,
ffsp100,ortools_cp_sat,ffsp100_00254,feasible,95.0,1801.0978250550106,
ffsp100,ortools_cp_sat,ffsp100_00255,feasible,101.0,1801.040979071986,
ffsp100,ortools_cp_sat,ffsp100_00256,feasible,91.0,1801.0889033279382,
ffsp100,ortools_cp_sat,ffsp100_00257,feasible,95.0,1801.1178189297207,
ffsp100,ortools_cp_sat,ffsp100_00258,feasible,96.0,1801.000594610814,
ffsp100,ortools_cp_sat,ffsp100_00259,feasible,97.0,1801.0957598430105,
ffsp100,ortools_cp_sat,ffsp100_00260,feasible,94.0,1801.0265318891034,
ffsp100,ortools_cp_sat,ffsp100_00261,feasible,94.0,1801.049063464161,
ffsp100,ortools_cp_sat,ffsp100_00262,feasible,102.0,1801.0055552339181,
ffsp100,ortools_cp_sat,ffsp100_00263,feasible,89.0,1801.0319173187017,
ffsp100,ortools_cp_sat,ffsp100_00264,feasible,97.0,1801.0448437971063,
ffsp100,ortools_cp_sat,ffsp100_00265,feasible,97.0,1801.0459490902722,
ffsp100,ortools_cp_sat,ffsp100_00266,feasible,99.0,1801.0070298686624,
ffsp100,ortools_cp_sat,ffsp100_00267,feasible,94.0,1801.0839190161787,
ffsp100,ortools_cp_sat,ffsp100_00268,feasible,96.0,1800.9403080479242,
ffsp100,ortools_cp_sat,ffsp100_00269,feasible,97.0,1800.981706534978,
ffsp100,ortools_cp_sat,ffsp100_00270,feasible,95.0,1800.9977316870354,
ffsp100,ortools_cp_sat,ffsp100_00271,feasible,98.0,1801.138619442936,
ffsp100,ortools_cp_sat,ffsp100_00272,feasible,93.0,1800.9580099550076,
ffsp100,ortools_cp_sat,ffsp100_00273,feasible,100.0,1801.0109081012197,
ffsp100,ortools_cp_sat,ffsp100_00274,feasible,92.0,1801.0232112696394,
ffsp100,ortools_cp_sat,ffsp100_00275,feasible,93.0,1801.0271952548064,
ffsp100,ortools_cp_sat,ffsp100_00276,feasible,99.0,1801.1586746922694,
ffsp100,ortools_cp_sat,ffsp100_00277,feasible,91.0,1801.1647852417082,
ffsp100,ortools_cp_sat,ffsp100_00278,feasible,94.0,1801.1863009249792,
ffsp100,ortools_cp_sat,ffsp100_00279,feasible,99.0,1801.0932242739946,
ffsp100,ortools_cp_sat,ffsp100_00280,feasible,95.0,1801.1106130601838,
ffsp100,ortools_cp_sat,ffsp100_00281,feasible,96.0,1801.146887913812,
ffsp100,ortools_cp_sat,ffsp100_00282,feasible,95.0,1801.1452864212915,
ffsp100,ortools_cp_sat,ffsp100_00283,feasible,94.0,1801.197380445432,
ffsp100,ortools_cp_sat,ffsp100_00284,feasible,96.0,1801.1523644439876,
ffsp100,ortools_cp_sat,ffsp100_00285,feasible,92.0,1801.0840187496506,
ffsp100,ortools_cp_sat,ffsp100_00286,feasible,99.0,1801.1835605422966,
ffsp100,ortools_cp_sat,ffsp100_00287,feasible,98.0,1801.170550208073,
ffsp100,ortools_cp_sat,ffsp100_00288,feasible,93.0,1801.1191603350453,
ffsp100,ortools_cp_sat,ffsp100_00289,feasible,98.0,1801.1108129397035,
ffsp100,ortools_cp_sat,ffsp100_00290,feasible,97.0,1801.107464964036,
ffsp100,ortools_cp_sat,ffsp100_00291,feasible,92.0,1801.0519310338423,
ffsp100,ortools_cp_sat,ffsp100_00292,feasible,96.0,1801.117667333223,
ffsp100,ortools_cp_sat,ffsp100_00293,feasible,93.0,1801.0836850646883,
ffsp100,ortools_cp_sat,ffsp100_00294,feasible,97.0,1801.067865584977,
ffsp100,ortools_cp_sat,ffsp100_00295,feasible,98.0,1801.0440854136832,
ffsp100,ortools_cp_sat,ffsp100_00296,feasible,94.0,1801.0954028768465,
ffsp100,ortools_cp_sat,ffsp100_00297,feasible,96.0,1801.1262641628273,
ffsp100,ortools_cp_sat,ffsp100_00298,feasible,92.0,1801.0481676920317,
ffsp100,ortools_cp_sat,ffsp100_00299,feasible,92.0,1801.0868757539429,
ffsp100,ortools_cp_sat,ffsp100_00300,feasible,92.0,1801.0682549900375,
ffsp100,ortools_cp_sat,ffsp100_00301,feasible,95.0,1801.1502912389114,
ffsp100,ortools_cp_sat,ffsp100_00302,feasible,96.0,1801.1471571433358,
ffsp100,ortools_cp_sat,ffsp100_00303,feasible,95.0,1801.2470382340252,
ffsp100,ortools_cp_sat,ffsp100_00304,feasible,95.0,1801.0599638470449,
ffsp100,ortools_cp_sat,ffsp100_00305,feasible,98.0,1801.089648750145,
ffsp100,ortools_cp_sat,ffsp100_00306,feasible,98.0,1801.095310000237,
ffsp100,ortools_cp_sat,ffsp100_00307,feasible,96.0,1801.1475628558546,
ffsp100,ortools_cp_sat,ffsp100_00308,feasible,95.0,1801.1105273682624,
ffsp100,ortools_cp_sat,ffsp100_00309,feasible,94.0,1801.0902015320025,
ffsp100,ortools_cp_sat,ffsp100_00310,feasible,93.0,1801.1393687613308,
ffsp100,ortools_cp_sat,ffsp100_00311,feasible,95.0,1801.1204906171188,
ffsp100,ortools_cp_sat,ffsp100_00312,feasible,92.0,1801.3385261120275,
ffsp100,ortools_cp_sat,ffsp100_00313,feasible,98.0,1801.1517668110318,
ffsp100,ortools_cp_sat,ffsp100_00314,feasible,90.0,1801.2961352951825,
ffsp100,ortools_cp_sat,ffsp100_00315,feasible,98.0,1801.0217276299372,
ffsp100,ortools_cp_sat,ffsp100_00316,feasible,90.0,1801.1407835311256,
ffsp100,ortools_cp_sat,ffsp100_00317,feasible,97.0,1801.1420930391178,
ffsp100,ortools_cp_sat,ffsp100_00318,feasible,95.0,1801.180004128255,
ffsp100,ortools_cp_sat,ffsp100_00319,feasible,90.0,1801.0333414548077,
ffsp100,ortools_cp_sat,ffsp100_00320,feasible,95.0,1801.089668805711,
ffsp100,ortools_cp_sat,ffsp100_00321,feasible,94.0,1801.0748764923774,
ffsp100,ortools_cp_sat,ffsp100_00322,feasible,94.0,1801.1344262310304,
ffsp100,ortools_cp_sat,ffsp100_00323,feasible,97.0,1801.044780505821,
ffsp100,ortools_cp_sat,ffsp100_00324,feasible,96.0,1801.1878850059584,
ffsp100,ortools_cp_sat,ffsp100_00325,feasible,92.0,1801.1768111470155,
ffsp100,ortools_cp_sat,ffsp100_00326,feasible,94.0,1801.0845557018183,
ffsp100,ortools_cp_sat,ffsp100_00327,feasible,94.0,1801.1863984800875,
ffsp100,ortools_cp_sat,ffsp100_00328,feasible,92.0,1801.2226317748427,
ffsp100,ortools_cp_sat,ffsp100_00329,feasible,98.0,1801.153059312608,
ffsp100,ortools_cp_sat,ffsp100_00330,feasible,96.0,1801.2376780076884,
ffsp100,ortools_cp_sat,ffsp100_00331,feasible,98.0,1801.0687351981178,
ffsp100,ortools_cp_sat,ffsp100_00332,feasible,96.0,1801.0822363640182,
ffsp100,ortools_cp_sat,ffsp100_00333,feasible,99.0,1801.117559303064,
ffsp100,ortools_cp_sat,ffsp100_00334,feasible,99.0,1801.1330577628687,
ffsp100,ortools_cp_sat,ffsp100_00335,feasible,99.0,1801.1406905977055,
ffsp100,ortools_cp_sat,ffsp100_00336,feasible,93.0,1801.157925158739,
ffsp100,ortools_cp_sat,ffsp100_00337,feasible,95.0,1801.1990165608004,
ffsp100,ortools_cp_sat,ffsp100_00338,feasible,96.0,1801.1088666711003,
ffsp100,ortools_cp_sat,ffsp100_00339,feasible,93.0,1801.102135351859,
ffsp100,ortools_cp_sat,ffsp100_00340,feasible,95.0,1801.0826389472932,
ffsp100,ortools_cp_sat,ffsp100_00341,feasible,100.0,1801.140727929771,
ffsp100,ortools_cp_sat,ffsp100_00342,feasible,95.0,1801.1053260229528,
ffsp100,ortools_cp_sat,ffsp100_00343,feasible,96.0,1801.1796156950295,
ffsp100,ortools_cp_sat,ffsp100_00344,feasible,92.0,1801.0878638802096,
ffsp100,ortools_cp_sat,ffsp100_00345,feasible,95.0,1801.099581712857,
ffsp100,ortools_cp_sat,ffsp100_00346,feasible,97.0,1801.183247295674,
ffsp100,ortools_cp_sat,ffsp100_00347,feasible,98.0,1801.0297314859927,
ffsp100,ortools_cp_sat,ffsp100_00348,feasible,101.0,1801.1801796602085,
ffsp100,ortools_cp_sat,ffsp100_00349,feasible,95.0,1801.0699327820912,
ffsp100,ortools_cp_sat,ffsp100_00350,feasible,92.0,1801.1193252420053,
ffsp100,ortools_cp_sat,ffsp100_00351,feasible,98.0,1801.177858829964,
ffsp100,ortools_cp_sat,ffsp100_00352,feasible,99.0,1801.1103949518874,
ffsp100,ortools_cp_sat,ffsp100_00353,feasible,93.0,1801.1247384990565,
ffsp100,ortools_cp_sat,ffsp100_00354,feasible,94.0,1801.078515177127,
ffsp100,ortools_cp_sat,ffsp100_00355,feasible,94.0,1801.0355282421224,
ffsp100,ortools_cp_sat,ffsp100_00356,feasible,93.0,1801.0560709196143,
ffsp100,ortools_cp_sat,ffsp100_00357,feasible,92.0,1801.0432600178756,
ffsp100,ortools_cp_sat,ffsp100_00358,feasible,99.0,1801.091538446024,
ffsp100,ortools_cp_sat,ffsp100_00359,feasible,99.0,1801.1304505351,
ffsp100,ortools_cp_sat,ffsp100_00360,feasible,98.0,1801.114912088029,
ffsp100,ortools_cp_sat,ffsp100_00361,feasible,92.0,1801.0986698516645,
ffsp100,ortools_cp_sat,ffsp100_00362,feasible,94.0,1801.0622403603047,
ffsp100,ortools_cp_sat,ffsp100_00363,feasible,100.0,1801.0040337573737,
ffsp100,ortools_cp_sat,ffsp100_00364,feasible,97.0,1801.1205602739938,
ffsp100,ortools_cp_sat,ffsp100_00365,feasible,94.0,1801.1894904091023,
ffsp100,ortools_cp_sat,ffsp100_00366,feasible,95.0,1801.1731909289956,
ffsp100,ortools_cp_sat,ffsp100_00367,feasible,95.0,1801.142448023893,
ffsp100,ortools_cp_sat,ffsp100_00368,feasible,97.0,1801.1484475531615,
ffsp100,ortools_cp_sat,ffsp100_00369,feasible,96.0,1801.1401311662048,
ffsp100,ortools_cp_sat,ffsp100_00370,feasible,94.0,1801.078018845059,
ffsp100,ortools_cp_sat,ffsp100_00371,feasible,98.0,1801.065141228959,
ffsp100,ortools_cp_sat,ffsp100_00372,feasible,95.0,1801.1452407548204,
ffsp100,ortools_cp_sat,ffsp100_00373,feasible,98.0,1801.0979908010922,
ffsp100,ortools_cp_sat,ffsp100_00374,feasible,101.0,1801.1459315503016,
ffsp100,ortools_cp_sat,ffsp100_00375,feasible,95.0,1801.0724999201484,
ffsp100,ortools_cp_sat,ffsp100_00376,feasible,99.0,1801.1407231157646,
ffsp100,ortools_cp_sat,ffsp100_00377,feasible,93.0,1801.070679306984,
ffsp100,ortools_cp_sat,ffsp100_00378,feasible,95.0,1801.0379321589135,
ffsp100,ortools_cp_sat,ffsp100_00379,feasible,94.0,1801.1075415569358,
ffsp100,ortools_cp_sat,ffsp100_00380,feasible,95.0,1801.0031503951177,
ffsp100,ortools_cp_sat,ffsp100_00381,feasible,94.0,1800.8501905780286,
ffsp100,ortools_cp_sat,ffsp100_00382,feasible,93.0,1800.873865739908,
ffsp100,ortools_cp_sat,ffsp100_00383,feasible,97.0,1800.789508732967,
ffsp100,ortools_cp_sat,ffsp100_00384,feasible,94.0,1801.0155364559032,
ffsp100,ortools_cp_sat,ffsp100_00385,feasible,96.0,1800.9884500964545,
ffsp100,ortools_cp_sat,ffsp100_00386,feasible,96.0,1800.9489786447957,
ffsp100,ortools_cp_sat,ffsp100_00387,feasible,98.0,1800.945607677102,
ffsp100,ortools_cp_sat,ffsp100_00388,feasible,94.0,1800.9612218579277,
ffsp100,ortools_cp_sat,ffsp100_00389,feasible,92.0,1801.115406263154,
ffsp100,ortools_cp_sat,ffsp100_00390,feasible,90.0,1800.951175571885,
ffsp100,ortools_cp_sat,ffsp100_00391,feasible,101.0,1800.9577477150597,
ffsp100,ortools_cp_sat,ffsp100_00392,feasible,92.0,1800.8735331948847,
ffsp100,ortools_cp_sat,ffsp100_00393,feasible,98.0,1800.9488229090348,
ffsp100,ortools_cp_sat,ffsp100_00394,feasible,100.0,1801.4279346633703,
ffsp100,ortools_cp_sat,ffsp100_00395,feasible,94.0,1801.3419929328375,
ffsp100,ortools_cp_sat,ffsp100_00396,feasible,96.0,1801.176111026667,
ffsp100,ortools_cp_sat,ffsp100_00397,feasible,100.0,1801.041699334979,
ffsp100,ortools_cp_sat,ffsp100_00398,feasible,97.0,1801.0025061038323,
ffsp100,ortools_cp_sat,ffsp100_00399,feasible,97.0,1800.9144357489422,
ffsp100,ortools_cp_sat,ffsp100_00400,feasible,96.0,1801.153767598793,
ffsp100,ortools_cp_sat,ffsp100_00401,feasible,98.0,1801.433162623085,
ffsp100,ortools_cp_sat,ffsp100_00402,feasible,99.0,1801.2244659378193,
ffsp100,ortools_cp_sat,ffsp100_00403,feasible,93.0,1801.435285413172,
ffsp100,ortools_cp_sat,ffsp100_00404,feasible,99.0,1801.0685645961203,
ffsp100,ortools_cp_sat,ffsp100_00405,feasible,96.0,1801.3895179908723,
ffsp100,ortools_cp_sat,ffsp100_00406,feasible,97.0,1801.3417339329608,
ffsp100,ortools_cp_sat,ffsp100_00407,feasible,95.0,1801.374998610001,
ffsp100,ortools_cp_sat,ffsp100_00408,feasible,92.0,1801.140803793911,
ffsp100,ortools_cp_sat,ffsp100_00409,feasible,95.0,1801.2871783250012,
ffsp100,ortools_cp_sat,ffsp100_00410,feasible,90.0,1801.4920822721906,
ffsp100,ortools_cp_sat,ffsp100_00411,feasible,94.0,1801.42627954809,
ffsp100,ortools_cp_sat,ffsp100_00412,feasible,94.0,1801.3172249160707,
ffsp100,ortools_cp_sat,ffsp100_00413,feasible,97.0,1801.327379936818,
ffsp100,ortools_cp_sat,ffsp100_00414,feasible,95.0,1801.3455757354386,
ffsp100,ortools_cp_sat,ffsp100_00415,feasible,96.0,1801.360321994871,
ffsp100,ortools_cp_sat,ffsp100_00416,feasible,100.0,1801.7163761421107,
ffsp100,ortools_cp_sat,ffsp100_00417,feasible,99.0,1801.5445344783366,
ffsp100,ortools_cp_sat,ffsp100_00418,feasible,92.0,1801.1632322766818,
ffsp100,ortools_cp_sat,ffsp100_00419,feasible,96.0,1801.3327323836274,
ffsp100,ortools_cp_sat,ffsp100_00420,feasible,95.0,1801.239537237212,
ffsp100,ortools_cp_sat,ffsp100_00421,feasible,96.0,1801.2178620891646,
ffsp100,ortools_cp_sat,ffsp100_00422,feasible,98.0,1801.2633609450422,
ffsp100,ortools_cp_sat,ffsp100_00423,feasible,90.0,1801.42503437493,
ffsp100,ortools_cp_sat,ffsp100_00424,feasible,98.0,1801.461662671063,
ffsp100,ortools_cp_sat,ffsp100_00425,feasible,93.0,1801.2252005659975,
ffsp100,ortools_cp_sat,ffsp100_00426,feasible,95.0,1801.3684113849886,
ffsp100,ortools_cp_sat,ffsp100_00427,feasible,98.0,1801.3180098487064,
ffsp100,ortools_cp_sat,ffsp100_00428,feasible,99.0,1801.249635478016,
ffsp100,ortools_cp_sat,ffsp100_00429,feasible,97.0,1801.3423705250025,
ffsp100,ortools_cp_sat,ffsp100_00430,feasible,98.0,1801.7016794751398,
ffsp100,ortools_cp_sat,ffsp100_00431,feasible,96.0,1801.8807501909323,
ffsp100,ortools_cp_sat,ffsp100_00432,feasible,97.0,1801.9644056567922,
ffsp100,ortools_cp_sat,ffsp100_00433,feasible,97.0,1801.3316090721637,
ffsp100,ortools_cp_sat,ffsp100_00434,feasible,98.0,1801.3678759369068,
ffsp100,ortools_cp_sat,ffsp100_00435,feasible,92.0,1801.2423177398741,
ffsp100,ortools_cp_sat,ffsp100_00436,feasible,93.0,1801.866995128803,
ffsp100,ortools_cp_sat,ffsp100_00437,feasible,93.0,1801.2235302049667,
ffsp100,ortools_cp_sat,ffsp100_00438,feasible,98.0,1801.368243876379,
ffsp100,ortools_cp_sat,ffsp100_00439,feasible,98.0,1801.3657001331449,
ffsp100,ortools_cp_sat,ffsp100_00440,feasible,91.0,1801.7168018012308,
ffsp100,ortools_cp_sat,ffsp100_00441,feasible,100.0,1801.559936482925,
ffsp100,ortools_cp_sat,ffsp100_00442,feasible,92.0,1801.2264736527577,
ffsp100,ortools_cp_sat,ffsp100_00443,feasible,96.0,1801.371270058211,
ffsp100,ortools_cp_sat,ffsp100_00444,feasible,91.0,1802.1703197690658,
ffsp100,ortools_cp_sat,ffsp100_00445,feasible,98.0,1802.0158985191956,
ffsp100,ortools_cp_sat,ffsp100_00446,feasible,96.0,1801.338519549463,
ffsp100,ortools_cp_sat,ffsp100_00447,feasible,89.0,1801.9373170188628,
ffsp100,ortools_cp_sat,ffsp100_00448,feasible,95.0,1801.6437694961205,
ffsp100,ortools_cp_sat,ffsp100_00449,feasible,95.0,1801.187928758096,
ffsp100,ortools_cp_sat,ffsp100_00450,feasible,96.0,1801.3999133519828,
ffsp100,ortools_cp_sat,ffsp100_00451,feasible,97.0,1802.0169245349243,
ffsp100,ortools_cp_sat,ffsp100_00452,feasible,97.0,1801.2351555381902,
ffsp100,ortools_cp_sat,ffsp100_00453,feasible,93.0,1801.6460440889932,
ffsp100,ortools_cp_sat,ffsp100_00454,feasible,96.0,1802.124813950155,
ffsp100,ortools_cp_sat,ffsp100_00455,feasible,94.0,1801.8574815448374,
ffsp100,ortools_cp_sat,ffsp100_00456,feasible,95.0,1802.0334607190453,
ffsp100,ortools_cp_sat,ffsp100_00457,feasible,92.0,1801.335467741359,
ffsp100,ortools_cp_sat,ffsp100_00458,feasible,92.0,1801.7842492130585,
ffsp100,ortools_cp_sat,ffsp100_00459,feasible,95.0,1801.7134244758636,
ffsp100,ortools_cp_sat,ffsp100_00460,feasible,96.0,1801.4639532919973,
ffsp100,ortools_cp_sat,ffsp100_00461,feasible,100.0,1801.9457401717082,
ffsp100,ortools_cp_sat,ffsp100_00462,feasible,93.0,1801.7600888088346,
ffsp100,ortools_cp_sat,ffsp100_00463,feasible,95.0,1801.3234403571114,
ffsp100,ortools_cp_sat,ffsp100_00464,feasible,96.0,1801.2405818956904,
ffsp100,ortools_cp_sat,ffsp100_00465,feasible,95.0,1802.0989954299293,
ffsp100,ortools_cp_sat,ffsp100_00466,feasible,96.0,1802.1110967388377,
ffsp100,ortools_cp_sat,ffsp100_00467,feasible,95.0,1802.265924397856,
ffsp100,ortools_cp_sat,ffsp100_00468,feasible,95.0,1801.7549422858283,
ffsp100,ortools_cp_sat,ffsp100_00469,feasible,94.0,1801.6154527082108,
ffsp100,ortools_cp_sat,ffsp100_00470,feasible,99.0,1802.0042057060637,
ffsp100,ortools_cp_sat,ffsp100_00471,feasible,97.0,1801.8330561271869,
ffsp100,ortools_cp_sat,ffsp100_00472,feasible,99.0,1801.9623027811758,
ffsp100,ortools_cp_sat,ffsp100_00473,feasible,95.0,1801.4136844542809,
ffsp100,ortools_cp_sat,ffsp100_00474,feasible,98.0,1801.8510090392083,
ffsp100,ortools_cp_sat,ffsp100_00475,feasible,97.0,1801.7286766488105,
ffsp100,ortools_cp_sat,ffsp100_00476,feasible,93.0,1802.016096191015,
ffsp100,ortools_cp_sat,ffsp100_00477,feasible,91.0,1801.325077930931,
ffsp100,ortools_cp_sat,ffsp100_00478,feasible,99.0,1801.9557478041388,
ffsp100,ortools_cp_sat,ffsp100_00479,feasible,91.0,1801.3760511800647,
ffsp100,ortools_cp_sat,ffsp100_00480,feasible,94.0,1801.2921457863413,
ffsp100,ortools_cp_sat,ffsp100_00481,feasible,93.0,1801.9109002980404,
ffsp100,ortools_cp_sat,ffsp100_00482,feasible,95.0,1801.571397242602,
ffsp100,ortools_cp_sat,ffsp100_00483,feasible,95.0,1802.064796804916,
ffsp100,ortools_cp_sat,ffsp100_00484,feasible,94.0,1801.9066150900908,
ffsp100,ortools_cp_sat,ffsp100_00485,feasible,90.0,1801.7512095379643,
ffsp100,ortools_cp_sat,ffsp100_00486,feasible,97.0,1801.5736397360452,
ffsp100,ortools_cp_sat,ffsp100_00487,feasible,97.0,1801.9143994939514,
ffsp100,ortools_cp_sat,ffsp100_00488,feasible,95.0,1802.0495010879822,
ffsp100,ortools_cp_sat,ffsp100_00489,feasible,97.0,1802.0556332152337,
ffsp100,ortools_cp_sat,ffsp100_00490,feasible,96.0,1802.0253167380579,
ffsp100,ortools_cp_sat,ffsp100_00491,feasible,89.0,1801.8668012470007,
ffsp100,ortools_cp_sat,ffsp100_00492,feasible,92.0,1801.312054685317,
ffsp100,ortools_cp_sat,ffsp100_00493,feasible,99.0,1801.7438429519534,
ffsp100,ortools_cp_sat,ffsp100_00494,feasible,93.0,1801.82666397281,
ffsp100,ortools_cp_sat,ffsp100_00495,feasible,97.0,1801.7631420427933,
ffsp100,ortools_cp_sat,ffsp100_00496,feasible,95.0,1802.0262119630352,
ffsp100,ortools_cp_sat,ffsp100_00497,feasible,97.0,1801.8845017277636,
ffsp100,ortools_cp_sat,ffsp100_00498,feasible,97.0,1802.0176858520135,
ffsp100,ortools_cp_sat,ffsp100_00499,feasible,94.0,1802.0181916081347,
ffsp100,ortools_cp_sat,ffsp100_00500,feasible,93.0,1801.9144788589329,
ffsp100,ortools_cp_sat,ffsp100_00501,feasible,92.0,1801.767986531835,
ffsp100,ortools_cp_sat,ffsp100_00502,feasible,95.0,1801.2568351048976,
ffsp100,ortools_cp_sat,ffsp100_00503,feasible,96.0,1801.9249967061915,
ffsp100,ortools_cp_sat,ffsp100_00504,feasible,95.0,1802.035892620217,
ffsp100,ortools_cp_sat,ffsp100_00505,feasible,93.0,1801.8910982222296,
ffsp100,ortools_cp_sat,ffsp100_00506,feasible,97.0,1801.4342592898756,
ffsp100,ortools_cp_sat,ffsp100_00507,feasible,95.0,1801.9884715029038,
ffsp100,ortools_cp_sat,ffsp100_00508,feasible,93.0,1801.8549248669297,
ffsp100,ortools_cp_sat,ffsp100_00509,feasible,93.0,1801.3508674791083,
ffsp100,ortools_cp_sat,ffsp100_00510,feasible,91.0,1801.3588852663524,
ffsp100,ortools_cp_sat,ffsp100_00511,feasible,95.0,1801.67750486359,
ffsp100,ortools_cp_sat,ffsp100_00512,feasible,94.0,1800.8817738415673,
ffsp100,ortools_cp_sat,ffsp100_00513,feasible,94.0,1800.882389809005,
ffsp100,ortools_cp_sat,ffsp100_00514,feasible,97.0,1802.222610951867,
ffsp100,ortools_cp_sat,ffsp100_00515,feasible,96.0,1801.2993654422462,
ffsp100,ortools_cp_sat,ffsp100_00516,feasible,95.0,1801.1037448700517,
ffsp100,ortools_cp_sat,ffsp100_00517,feasible,94.0,1802.7712393170223,
ffsp100,ortools_cp_sat,ffsp100_00518,feasible,93.0,1801.1226694514044,
ffsp100,ortools_cp_sat,ffsp100_00519,feasible,91.0,1801.3526964951307,
ffsp100,ortools_cp_sat,ffsp100_00520,feasible,94.0,1801.390482768882,
ffsp100,ortools_cp_sat,ffsp100_00521,feasible,94.0,1801.5999824791215,
ffsp100,ortools_cp_sat,ffsp100_00522,feasible,95.0,1801.036251286976,
ffsp100,ortools_cp_sat,ffsp100_00523,feasible,95.0,1801.8412202717736,
ffsp100,ortools_cp_sat,ffsp100_00524,feasible,99.0,1802.8712117602117,
ffsp100,ortools_cp_sat,ffsp100_00525,feasible,95.0,1802.5743942987174,
ffsp100,ortools_cp_sat,ffsp100_00526,feasible,95.0,1802.840642105788,
ffsp100,ortools_cp_sat,ffsp100_00527,feasible,92.0,1801.4048234219663,
ffsp100,ortools_cp_sat,ffsp100_00528,feasible,94.0,1801.0154296099208,
ffsp100,ortools_cp_sat,ffsp100_00529,feasible,95.0,1802.8020595582202,
ffsp100,ortools_cp_sat,ffsp100_00530,feasible,97.0,1801.5635968032293,
ffsp100,ortools_cp_sat,ffsp100_00531,feasible,93.0,1801.1819263990037,
ffsp100,ortools_cp_sat,ffsp100_00532,feasible,95.0,1800.9722280800343,
ffsp100,ortools_cp_sat,ffsp100_00533,feasible,98.0,1800.9774479540065,
ffsp100,ortools_cp_sat,ffsp100_00534,feasible,95.0,1801.6841329419985,
ffsp100,ortools_cp_sat,ffsp100_00535,feasible,96.0,1801.8960515838116,
ffsp100,ortools_cp_sat,ffsp100_00536,feasible,90.0,1802.7633155351505,
ffsp100,ortools_cp_sat,ffsp100_00537,feasible,95.0,1801.4018773599528,
ffsp100,ortools_cp_sat,ffsp100_00538,feasible,99.0,1801.3019800041802,
ffsp100,ortools_cp_sat,ffsp100_00539,feasible,92.0,1802.5703303823248,
ffsp100,ortools_cp_sat,ffsp100_00540,feasible,98.0,1801.1926357867196,
ffsp100,ortools_cp_sat,ffsp100_00541,feasible,99.0,1801.067036822904,
ffsp100,ortools_cp_sat,ffsp100_00542,feasible,94.0,1801.8866200633347,
ffsp100,ortools_cp_sat,ffsp100_00543,feasible,93.0,1802.05079835793,
ffsp100,ortools_cp_sat,ffsp100_00544,feasible,94.0,1802.2698565763421,
ffsp100,ortools_cp_sat,ffsp100_00545,feasible,94.0,1802.6909953127615,
ffsp100,ortools_cp_sat,ffsp100_00546,feasible,93.0,1802.0304682417773,
ffsp100,ortools_cp_sat,ffsp100_00547,feasible,94.0,1801.9676085491665,
ffsp100,ortools_cp_sat,ffsp100_00548,feasible,93.0,1801.9610658241436,
ffsp100,ortools_cp_sat,ffsp100_00549,feasible,96.0,1801.2610601130873,
ffsp100,ortools_cp_sat,ffsp100_00550,feasible,93.0,1802.2782632950693,
ffsp100,ortools_cp_sat,ffsp100_00551,feasible,96.0,1801.790269402787,
ffsp100,ortools_cp_sat,ffsp100_00552,feasible,95.0,1801.8550580460578,
ffsp100,ortools_cp_sat,ffsp100_00553,feasible,94.0,1801.117568865884,
ffsp100,ortools_cp_sat,ffsp100_00554,feasible,96.0,1801.8439301489852,
ffsp100,ortools_cp_sat,ffsp100_00555,feasible,95.0,1802.1716553107835,
ffsp100,ortools_cp_sat,ffsp100_00556,feasible,94.0,1801.7992035760544,
ffsp100,ortools_cp_sat,ffsp100_00557,feasible,96.0,1802.2297385572456,
ffsp100,ortools_cp_sat,ffsp100_00558,feasible,95.0,1802.6172318686731,
ffsp100,ortools_cp_sat,ffsp100_00559,feasible,94.0,1802.5714811659418,
ffsp100,ortools_cp_sat,ffsp100_00560,feasible,93.0,1801.89506543288,
ffsp100,ortools_cp_sat,ffsp100_00561,feasible,97.0,1802.1679270858876,
ffsp100,ortools_cp_sat,ffsp100_00562,feasible,94.0,1801.6532348599285,
ffsp100,ortools_cp_sat,ffsp100_00563,feasible,90.0,1801.1771527868696,
ffsp100,ortools_cp_sat,ffsp100_00564,feasible,95.0,1801.0581432930194,
ffsp100,ortools_cp_sat,ffsp100_00565,feasible,100.0,1801.180563940201,
ffsp100,ortools_cp_sat,ffsp100_00566,feasible,98.0,1801.1359205557965,
ffsp100,ortools_cp_sat,ffsp100_00567,feasible,97.0,1801.9024927606806,
ffsp100,ortools_cp_sat,ffsp100_00568,feasible,97.0,1802.2264785910957,
ffsp100,ortools_cp_sat,ffsp100_00569,feasible,93.0,1801.9075265037827,
ffsp100,ortools_cp_sat,ffsp100_00570,feasible,99.0,1802.5762079879642,
ffsp100,ortools_cp_sat,ffsp100_00571,feasible,95.0,1801.818648610264,
ffsp100,ortools_cp_sat,ffsp100_00572,feasible,94.0,1802.161666420754,
ffsp100,ortools_cp_sat,ffsp100_00573,feasible,94.0,1801.3575067808852,
ffsp100,ortools_cp_sat,ffsp100_00574,feasible,97.0,1801.6980195622891,
ffsp100,ortools_cp_sat,ffsp100_00575,feasible,95.0,1802.4214280568995,
ffsp100,ortools_cp_sat,ffsp100_00576,feasible,95.0,1801.558504562825,
ffsp100,ortools_cp_sat,ffsp100_00577,feasible,90.0,1801.7181159169413,
ffsp100,ortools_cp_sat,ffsp100_00578,feasible,96.0,1802.1656403578818,
ffsp100,ortools_cp_sat,ffsp100_00579,feasible,96.0,1801.7494737012312,
ffsp100,ortools_cp_sat,ffsp100_00580,feasible,92.0,1801.6469345078804,
ffsp100,ortools_cp_sat,ffsp100_00581,feasible,96.0,1802.2154154102318,
ffsp100,ortools_cp_sat,ffsp100_00582,feasible,96.0,1801.4889660649933,
ffsp100,ortools_cp_sat,ffsp100_00583,feasible,93.0,1801.3760031089187,
ffsp100,ortools_cp_sat,ffsp100_00584,feasible,93.0,1801.3490978209302,
ffsp100,ortools_cp_sat,ffsp100_00585,feasible,92.0,1802.098002452869,
ffsp100,ortools_cp_sat,ffsp100_00586,feasible,95.0,1801.864297722932,
ffsp100,ortools_cp_sat,ffsp100_00587,feasible,97.0,1801.9860248588957,
ffsp100,ortools_cp_sat,ffsp100_00588,feasible,90.0,1801.845266439952,
ffsp100,ortools_cp_sat,ffsp100_00589,feasible,96.0,1801.8767864811234,
ffsp100,ortools_cp_sat,ffsp100_00590,feasible,100.0,1801.8816215926781,
ffsp100,ortools_cp_sat,ffsp100_00591,feasible,98.0,1802.1375628667884,
ffsp100,ortools_cp_sat,ffsp100_00592,feasible,96.0,1801.735661542043,
ffsp100,ortools_cp_sat,ffsp100_00593,feasible,96.0,1801.8081476031803,
ffsp100,ortools_cp_sat,ffsp100_00594,feasible,94.0,1801.7403748440556,
ffsp100,ortools_cp_sat,ffsp100_00595,feasible,95.0,1801.750345564913,
ffsp100,ortools_cp_sat,ffsp100_00596,feasible,96.0,1801.7378773102537,
ffsp100,ortools_cp_sat,ffsp100_00597,feasible,92.0,1801.8969351262785,
ffsp100,ortools_cp_sat,ffsp100_00598,feasible,93.0,1801.6793038197793,
ffsp100,ortools_cp_sat,ffsp100_00599,feasible,98.0,1802.0650504641235,
ffsp100,ortools_cp_sat,ffsp100_00600,feasible,94.0,1801.6379552101716,
ffsp100,ortools_cp_sat,ffsp100_00601,feasible,95.0,1802.0703600603156,
ffsp100,ortools_cp_sat,ffsp100_00602,feasible,97.0,1801.7735121902078,
ffsp100,ortools_cp_sat,ffsp100_00603,feasible,91.0,1802.0747461849824,
ffsp100,ortools_cp_sat,ffsp100_00604,feasible,97.0,1802.0815275087953,
ffsp100,ortools_cp_sat,ffsp100_00605,feasible,97.0,1801.7272376976907,
ffsp100,ortools_cp_sat,ffsp100_00606,feasible,95.0,1801.8932470460422,
ffsp100,ortools_cp_sat,ffsp100_00607,feasible,90.0,1801.5953985089436,
ffsp100,ortools_cp_sat,ffsp100_00608,feasible,96.0,1801.682271650061,
ffsp100,ortools_cp_sat,ffsp100_00609,feasible,95.0,1802.0190871236846,
ffsp100,ortools_cp_sat,ffsp100_00610,feasible,97.0,1801.9376078979112,
ffsp100,ortools_cp_sat,ffsp100_00611,feasible,96.0,1802.0021035331301,
ffsp100,ortools_cp_sat,ffsp100_00612,feasible,95.0,1802.0438525942154,
ffsp100,ortools_cp_sat,ffsp100_00613,feasible,93.0,1801.9849496497773,
ffsp100,ortools_cp_sat,ffsp100_00614,feasible,94.0,1801.872474159114,
ffsp100,ortools_cp_sat,ffsp100_00615,feasible,97.0,1801.9534590472467,
ffsp100,ortools_cp_sat,ffsp100_00616,feasible,98.0,1801.7939048269764,
ffsp100,ortools_cp_sat,ffsp100_00617,feasible,95.0,1802.0806655092165,
ffsp100,ortools_cp_sat,ffsp100_00618,feasible,97.0,1801.8441593907773,
ffsp100,ortools_cp_sat,ffsp100_00619,feasible,95.0,1801.9549589366652,
ffsp100,ortools_cp_sat,ffsp100_00620,feasible,97.0,1801.9651374509558,
ffsp100,ortools_cp_sat,ffsp100_00621,feasible,97.0,1803.0319957612082,
ffsp100,ortools_cp_sat,ffsp100_00622,feasible,98.0,1802.0193807017058,
ffsp100,ortools_cp_sat,ffsp100_00623,feasible,97.0,1801.9897407530807,
ffsp100,ortools_cp_sat,ffsp100_00624,feasible,95.0,1801.592962489929,
ffsp100,ortools_cp_sat,ffsp100_00625,feasible,96.0,1801.895181151107,
ffsp100,ortools_cp_sat,ffsp100_00626,feasible,95.0,1801.8746917708777,
ffsp100,ortools_cp_sat,ffsp100_00627,feasible,96.0,1801.7437042128295,
ffsp100,ortools_cp_sat,ffsp100_00628,feasible,97.0,1801.8584688249975,
ffsp100,ortools_cp_sat,ffsp100_00629,feasible,101.0,1801.8611037912779,
ffsp100,ortools_cp_sat,ffsp100_00630,feasible,97.0,1801.900272949133,
ffsp100,ortools_cp_sat,ffsp100_00631,feasible,93.0,1801.901394484099,
ffsp100,ortools_cp_sat,ffsp100_00632,feasible,95.0,1801.757797554601,
ffsp100,ortools_cp_sat,ffsp100_00633,feasible,97.0,1801.7351446179673,
ffsp100,ortools_cp_sat,ffsp100_00634,feasible,94.0,1801.8392121950164,
ffsp100,ortools_cp_sat,ffsp100_00635,feasible,95.0,1801.860399887897,
ffsp100,ortools_cp_sat,ffsp100_00636,feasible,97.0,1801.9566751043312,
ffsp100,ortools_cp_sat,ffsp100_00637,feasible,99.0,1801.8347376468591,
ffsp100,ortools_cp_sat,ffsp100_00638,feasible,97.0,1801.8995064711198,
ffsp100,ortools_cp_sat,ffsp100_00639,feasible,93.0,1801.659116032999,
ffsp100,ortools_cp_sat,ffsp100_00640,feasible,95.0,1800.875971779693,
ffsp100,ortools_cp_sat,ffsp100_00641,feasible,97.0,1800.9575546011329,
ffsp100,ortools_cp_sat,ffsp100_00642,feasible,93.0,1800.8663230799139,
ffsp100,ortools_cp_sat,ffsp100_00643,feasible,94.0,1800.8557238378562,
ffsp100,ortools_cp_sat,ffsp100_00644,feasible,99.0,1800.9309212393127,
ffsp100,ortools_cp_sat,ffsp100_00645,feasible,97.0,1800.9851933009923,
ffsp100,ortools_cp_sat,ffsp100_00646,feasible,100.0,1801.0125557356514,
ffsp100,ortools_cp_sat,ffsp100_00647,feasible,96.0,1800.9712192276493,
ffsp100,ortools_cp_sat,ffsp100_00648,feasible,95.0,1800.9991721673869,
ffsp100,ortools_cp_sat,ffsp100_00649,feasible,97.0,1800.9590666699223,
ffsp100,ortools_cp_sat,ffsp100_00650,feasible,92.0,1800.9770722757094,
ffsp100,ortools_cp_sat,ffsp100_00651,feasible,96.0,1800.8782664388418,
ffsp100,ortools_cp_sat,ffsp100_00652,feasible,96.0,1801.0087777571753,
ffsp100,ortools_cp_sat,ffsp100_00653,feasible,94.0,1800.960572832264,
ffsp100,ortools_cp_sat,ffsp100_00654,feasible,95.0,1800.9463676563464,
ffsp100,ortools_cp_sat,ffsp100_00655,feasible,102.0,1801.0072887293063,
ffsp100,ortools_cp_sat,ffsp100_00656,feasible,99.0,1800.9809043561108,
ffsp100,ortools_cp_sat,ffsp100_00657,feasible,98.0,1801.0326232700609,
ffsp100,ortools_cp_sat,ffsp100_00658,feasible,98.0,1800.9566548177972,
ffsp100,ortools_cp_sat,ffsp100_00659,feasible,92.0,1800.8395151970908,
ffsp100,ortools_cp_sat,ffsp100_00660,feasible,93.0,1800.8176268241368,
ffsp100,ortools_cp_sat,ffsp100_00661,feasible,94.0,1800.887641324196,
ffsp100,ortools_cp_sat,ffsp100_00662,feasible,98.0,1800.8847296019085,
ffsp100,ortools_cp_sat,ffsp100_00663,feasible,93.0,1800.8288548132405,
ffsp100,ortools_cp_sat,ffsp100_00664,feasible,93.0,1800.829862368293,
ffsp100,ortools_cp_sat,ffsp100_00665,feasible,99.0,1800.8519073189236,
ffsp100,ortools_cp_sat,ffsp100_00666,feasible,98.0,1801.0373361427337,
ffsp100,ortools_cp_sat,ffsp100_00667,feasible,93.0,1800.904615120031,
ffsp100,ortools_cp_sat,ffsp100_00668,feasible,97.0,1800.884449376259,
ffsp100,ortools_cp_sat,ffsp100_00669,feasible,100.0,1800.9629026469775,
ffsp100,ortools_cp_sat,ffsp100_00670,feasible,97.0,1800.910314729903,
ffsp100,ortools_cp_sat,ffsp100_00671,feasible,95.0,1800.9408439118415,
ffsp100,ortools_cp_sat,ffsp100_00672,feasible,98.0,1800.9359683482908,
ffsp100,ortools_cp_sat,ffsp100_00673,feasible,90.0,1800.919395756442,
ffsp100,ortools_cp_sat,ffsp100_00674,feasible,100.0,1801.0628686677665,
ffsp100,ortools_cp_sat,ffsp100_00675,feasible,97.0,1801.0668050749227,
ffsp100,ortools_cp_sat,ffsp100_00676,feasible,94.0,1801.0325612439774,
ffsp100,ortools_cp_sat,ffsp100_00677,feasible,96.0,1800.9792282059789,
ffsp100,ortools_cp_sat,ffsp100_00678,feasible,95.0,1800.9920917931013,
ffsp100,ortools_cp_sat,ffsp100_00679,feasible,90.0,1801.0034617511556,
ffsp100,ortools_cp_sat,ffsp100_00680,feasible,93.0,1801.0906877079979,
ffsp100,ortools_cp_sat,ffsp100_00681,feasible,99.0,1801.0889323358424,
ffsp100,ortools_cp_sat,ffsp100_00682,feasible,96.0,1801.1303395549767,
ffsp100,ortools_cp_sat,ffsp100_00683,feasible,98.0,1801.0461857649498,
ffsp100,ortools_cp_sat,ffsp100_00684,feasible,94.0,1801.02896004403,
ffsp100,ortools_cp_sat,ffsp100_00685,feasible,96.0,1801.038909821771,
ffsp100,ortools_cp_sat,ffsp100_00686,feasible,98.0,1801.0823894971982,
ffsp100,ortools_cp_sat,ffsp100_00687,feasible,96.0,1800.9934930368327,
ffsp100,ortools_cp_sat,ffsp100_00688,feasible,97.0,1801.2897578864358,
ffsp100,ortools_cp_sat,ffsp100_00689,feasible,92.0,1801.0922411112115,
ffsp100,ortools_cp_sat,ffsp100_00690,feasible,98.0,1801.0293908761814,
ffsp100,ortools_cp_sat,ffsp100_00691,feasible,104.0,1801.0336903012358,
ffsp100,ortools_cp_sat,ffsp100_00692,feasible,94.0,1800.9395165257156,
ffsp100,ortools_cp_sat,ffsp100_00693,feasible,99.0,1800.9673937400803,
ffsp100,ortools_cp_sat,ffsp100_00694,feasible,98.0,1801.0196314910427,
ffsp100,ortools_cp_sat,ffsp100_00695,feasible,96.0,1801.1654687281698,
ffsp100,ortools_cp_sat,ffsp100_00696,feasible,96.0,1800.9933354509994,
ffsp100,ortools_cp_sat,ffsp100_00697,feasible,95.0,1800.9274366581813,
ffsp100,ortools_cp_sat,ffsp100_00698,feasible,95.0,1801.0185541380197,
ffsp100,ortools_cp_sat,ffsp100_00699,feasible,93.0,1800.9868087079376,
ffsp100,ortools_cp_sat,ffsp100_00700,feasible,92.0,1801.0270577636547,
ffsp100,ortools_cp_sat,ffsp100_00701,feasible,94.0,1801.0128609351814,
ffsp100,ortools_cp_sat,ffsp100_00702,feasible,97.0,1801.034895671066,
ffsp100,ortools_cp_sat,ffsp100_00703,feasible,97.0,1800.9864030331373,
ffsp100,ortools_cp_sat,ffsp100_00704,feasible,95.0,1801.0424563679844,
ffsp100,ortools_cp_sat,ffsp100_00705,feasible,102.0,1801.059652596712,
ffsp100,ortools_cp_sat,ffsp100_00706,feasible,98.0,1800.9993871371262,
ffsp100,ortools_cp_sat,ffsp100_00707,feasible,99.0,1801.0080544590019,
ffsp100,ortools_cp_sat,ffsp100_00708,feasible,98.0,1801.055199638009,
ffsp100,ortools_cp_sat,ffsp100_00709,feasible,99.0,1801.2087668138556,
ffsp100,ortools_cp_sat,ffsp100_00710,feasible,96.0,1801.0392466741614,
ffsp100,ortools_cp_sat,ffsp100_00711,feasible,95.0,1801.011663801968,
ffsp100,ortools_cp_sat,ffsp100_00712,feasible,96.0,1801.0049438551068,
ffsp100,ortools_cp_sat,ffsp100_00713,feasible,94.0,1801.0235851309262,
ffsp100,ortools_cp_sat,ffsp100_00714,feasible,90.0,1801.300936318934,
ffsp100,ortools_cp_sat,ffsp100_00715,feasible,99.0,1801.0263166329823,
ffsp100,ortools_cp_sat,ffsp100_00716,feasible,96.0,1801.0273550497368,
ffsp100,ortools_cp_sat,ffsp100_00717,feasible,93.0,1801.039829931222,
ffsp100,ortools_cp_sat,ffsp100_00718,feasible,96.0,1801.0089323171414,
ffsp100,ortools_cp_sat,ffsp100_00719,feasible,96.0,1801.0865804380737,
ffsp100,ortools_cp_sat,ffsp100_00720,feasible,95.0,1801.0073801609688,
ffsp100,ortools_cp_sat,ffsp100_00721,feasible,96.0,1801.0691434070468,
ffsp100,ortools_cp_sat,ffsp100_00722,feasible,95.0,1800.9865430151112,
ffsp100,ortools_cp_sat,ffsp100_00723,feasible,98.0,1801.0157996458001,
ffsp100,ortools_cp_sat,ffsp100_00724,feasible,97.0,1801.109674711246,
ffsp100,ortools_cp_sat,ffsp100_00725,feasible,97.0,1801.0400865762495,
ffsp100,ortools_cp_sat,ffsp100_00726,feasible,98.0,1801.0098691098392,
ffsp100,ortools_cp_sat,ffsp100_00727,feasible,96.0,1800.9168074331246,
ffsp100,ortools_cp_sat,ffsp100_00728,feasible,94.0,1800.9860098850913,
ffsp100,ortools_cp_sat,ffsp100_00729,feasible,96.0,1801.035314753186,
ffsp100,ortools_cp_sat,ffsp100_00730,feasible,92.0,1800.9114425987937,
ffsp100,ortools_cp_sat,ffsp100_00731,feasible,95.0,1800.9852602849714,
ffsp100,ortools_cp_sat,ffsp100_00732,feasible,98.0,1800.988891299814,
ffsp100,ortools_cp_sat,ffsp100_00733,feasible,100.0,1801.1221327730455,
ffsp100,ortools_cp_sat,ffsp100_00734,feasible,97.0,1800.9746164330281,
ffsp100,ortools_cp_sat,ffsp100_00735,feasible,101.0,1801.009747945238,
ffsp100,ortools_cp_sat,ffsp100_00736,feasible,99.0,1800.9646670469083,
ffsp100,ortools_cp_sat,ffsp100_00737,feasible,96.0,1801.07808247488,
ffsp100,ortools_cp_sat,ffsp100_00738,feasible,92.0,1800.9835336273536,
ffsp100,ortools_cp_sat,ffsp100_00739,feasible,93.0,1801.085593496915,
ffsp100,ortools_cp_sat,ffsp100_00740,feasible,95.0,1801.0473772049882,
ffsp100,ortools_cp_sat,ffsp100_00741,feasible,92.0,1800.9463329040445,
ffsp100,ortools_cp_sat,ffsp100_00742,feasible,94.0,1801.1830257228576,
ffsp100,ortools_cp_sat,ffsp100_00743,feasible,97.0,1800.983607325703,
ffsp100,ortools_cp_sat,ffsp100_00744,feasible,98.0,1801.0956098237075,
ffsp100,ortools_cp_sat,ffsp100_00745,feasible,95.0,1801.2998688141815,
ffsp100,ortools_cp_sat,ffsp100_00746,feasible,98.0,1801.0919117368758,
ffsp100,ortools_cp_sat,ffsp100_00747,feasible,93.0,1801.0103088887408,
ffsp100,ortools_cp_sat,ffsp100_00748,feasible,97.0,1801.3084444310516,
ffsp100,ortools_cp_sat,ffsp100_00749,feasible,96.0,1801.1563936998136,
ffsp100,ortools_cp_sat,ffsp100_00750,feasible,92.0,1801.0623496230692,
ffsp100,ortools_cp_sat,ffsp100_00751,feasible,97.0,1800.994490721263,
ffsp100,ortools_cp_sat,ffsp100_00752,feasible,97.0,1801.0009015640244,
ffsp100,ortools_cp_sat,ffsp100_00753,feasible,99.0,1800.9835048597306,
ffsp100,ortools_cp_sat,ffsp100_00754,feasible,96.0,1801.0524425292388,
ffsp100,ortools_cp_sat,ffsp100_00755,feasible,93.0,1800.997894831933,
ffsp100,ortools_cp_sat,ffsp100_00756,feasible,94.0,1801.019887869712,
ffsp100,ortools_cp_sat,ffsp100_00757,feasible,100.0,1800.9974965206347,
ffsp100,ortools_cp_sat,ffsp100_00758,feasible,101.0,1801.1281055118889,
ffsp100,ortools_cp_sat,ffsp100_00759,feasible,99.0,1800.9648340088315,
ffsp100,ortools_cp_sat,ffsp100_00760,feasible,99.0,1801.766192725394,
ffsp100,ortools_cp_sat,ffsp100_00761,feasible,96.0,1801.011710332241,
ffsp100,ortools_cp_sat,ffsp100_00762,feasible,97.0,1801.0709448088892,
ffsp100,ortools_cp_sat,ffsp100_00763,feasible,95.0,1801.0292274053209,
ffsp100,ortools_cp_sat,ffsp100_00764,feasible,96.0,1801.1683109607548,
ffsp100,ortools_cp_sat,ffsp100_00765,feasible,95.0,1801.0327953347005,
ffsp100,ortools_cp_sat,ffsp100_00766,feasible,93.0,1801.136816711165,
ffsp100,ortools_cp_sat,ffsp100_00767,feasible,94.0,1800.806660079863,
ffsp100,ortools_cp_sat,ffsp100_00768,feasible,96.0,1800.8127708551474,
ffsp100,ortools_cp_sat,ffsp100_00769,feasible,93.0,1800.7965402351692,
ffsp100,ortools_cp_sat,ffsp100_00770,feasible,95.0,1800.9637731052935,
ffsp100,ortools_cp_sat,ffsp100_00771,feasible,98.0,1800.9051390229724,
ffsp100,ortools_cp_sat,ffsp100_00772,feasible,93.0,1801.0078501477838,
ffsp100,ortools_cp_sat,ffsp100_00773,feasible,94.0,1800.8947358601727,
ffsp100,ortools_cp_sat,ffsp100_00774,feasible,92.0,1800.895004178863,
ffsp100,ortools_cp_sat,ffsp100_00775,feasible,89.0,1800.9362758938223,
ffsp100,ortools_cp_sat,ffsp100_00776,feasible,87.0,1800.8828959581442,
ffsp100,ortools_cp_sat,ffsp100_00777,feasible,96.0,1801.0331846219487,
ffsp100,ortools_cp_sat,ffsp100_00778,feasible,91.0,1800.9664755281992,
ffsp100,ortools_cp_sat,ffsp100_00779,feasible,97.0,1800.881886204239,
ffsp100,ortools_cp_sat,ffsp100_00780,feasible,97.0,1800.9248627373017,
ffsp100,ortools_cp_sat,ffsp100_00781,feasible,97.0,1800.920932346955,
ffsp100,ortools_cp_sat,ffsp100_00782,feasible,93.0,1800.9326158617623,
ffsp100,ortools_cp_sat,ffsp100_00783,feasible,97.0,1800.9587591807358,
ffsp100,ortools_cp_sat,ffsp100_00784,feasible,88.0,1800.9424428520724,
ffsp100,ortools_cp_sat,ffsp100_00785,feasible,92.0,1800.8688065111637,
ffsp100,ortools_cp_sat,ffsp100_00786,feasible,94.0,1800.9030992439948,
ffsp100,ortools_cp_sat,ffsp100_00787,feasible,96.0,1800.8810154539533,
ffsp100,ortools_cp_sat,ffsp100_00788,feasible,94.0,1800.9394386499189,
ffsp100,ortools_cp_sat,ffsp100_00789,feasible,92.0,1800.8941297670826,
ffsp100,ortools_cp_sat,ffsp100_00790,feasible,97.0,1801.1173362946138,
ffsp100,ortools_cp_sat,ffsp100_00791,feasible,99.0,1801.0145887257531,
ffsp100,ortools_cp_sat,ffsp100_00792,feasible,95.0,1800.9228682038374,
ffsp100,ortools_cp_sat,ffsp100_00793,feasible,95.0,1800.7920850887895,
ffsp100,ortools_cp_sat,ffsp100_00794,feasible,96.0,1800.8303015376441,
ffsp100,ortools_cp_sat,ffsp100_00795,feasible,91.0,1800.7870430005714,
ffsp100,ortools_cp_sat,ffsp100_00796,feasible,95.0,1800.7718412079848,
ffsp100,ortools_cp_sat,ffsp100_00797,feasible,100.0,1800.7685977839865,
ffsp100,ortools_cp_sat,ffsp100_00798,feasible,99.0,1800.8154088142328,
ffsp100,ortools_cp_sat,ffsp100_00799,feasible,92.0,1800.7715288521722,
ffsp100,ortools_cp_sat,ffsp100_00800,feasible,92.0,1800.7936366507784,
ffsp100,ortools_cp_sat,ffsp100_00801,feasible,95.0,1800.8026387128048,
ffsp100,ortools_cp_sat,ffsp100_00802,feasible,94.0,1800.743469891604,
ffsp100,ortools_cp_sat,ffsp100_00803,feasible,94.0,1800.784191200044,
ffsp100,ortools_cp_sat,ffsp100_00804,feasible,99.0,1800.7990006683394,
ffsp100,ortools_cp_sat,ffsp100_00805,feasible,98.0,1800.8224638616666,
ffsp100,ortools_cp_sat,ffsp100_00806,feasible,101.0,1800.8348016468808,
ffsp100,ortools_cp_sat,ffsp100_00807,feasible,92.0,1800.8619860820472,
ffsp100,ortools_cp_sat,ffsp100_00808,feasible,96.0,1800.849612585269,
ffsp100,ortools_cp_sat,ffsp100_00809,feasible,91.0,1800.88425778877,
ffsp100,ortools_cp_sat,ffsp100_00810,feasible,91.0,1800.809966034256,
ffsp100,ortools_cp_sat,ffsp100_00811,feasible,96.0,1800.8524412880652,
ffsp100,ortools_cp_sat,ffsp100_00812,feasible,96.0,1800.814816756174,
ffsp100,ortools_cp_sat,ffsp100_00813,feasible,96.0,1800.9332932471298,
ffsp100,ortools_cp_sat,ffsp100_00814,feasible,93.0,1800.8158382130787,
ffsp100,ortools_cp_sat,ffsp100_00815,feasible,96.0,1800.944271566812,
ffsp100,ortools_cp_sat,ffsp100_00816,feasible,92.0,1800.8622041298077,
ffsp100,ortools_cp_sat,ffsp100_00817,feasible,93.0,1800.8492465447634,
ffsp100,ortools_cp_sat,ffsp100_00818,feasible,96.0,1800.9439109112136,
ffsp100,ortools_cp_sat,ffsp100_00819,feasible,97.0,1800.9126468938775,
ffsp100,ortools_cp_sat,ffsp100_00820,feasible,98.0,1800.9064970919862,
ffsp100,ortools_cp_sat,ffsp100_00821,feasible,99.0,1800.9610556708649,
ffsp100,ortools_cp_sat,ffsp100_00822,feasible,97.0,1801.034042994026,
ffsp100,ortools_cp_sat,ffsp100_00823,feasible,99.0,1801.0716376123019,
ffsp100,ortools_cp_sat,ffsp100_00824,feasible,95.0,1801.1366267697886,
ffsp100,ortools_cp_sat,ffsp100_00825,feasible,95.0,1800.9372347220778,
ffsp100,ortools_cp_sat,ffsp100_00826,feasible,97.0,1801.082890019752,
ffsp100,ortools_cp_sat,ffsp100_00827,feasible,96.0,1801.0160125307739,
ffsp100,ortools_cp_sat,ffsp100_00828,feasible,93.0,1801.0362028409727,
ffsp100,ortools_cp_sat,ffsp100_00829,feasible,93.0,1801.048168466892,
ffsp100,ortools_cp_sat,ffsp100_00830,feasible,94.0,1800.9596930849366,
ffsp100,ortools_cp_sat,ffsp100_00831,feasible,96.0,1801.2476311740465,
ffsp100,ortools_cp_sat,ffsp100_00832,feasible,94.0,1801.0200002817437,
ffsp100,ortools_cp_sat,ffsp100_00833,feasible,96.0,1801.109465258196,
ffsp100,ortools_cp_sat,ffsp100_00834,feasible,98.0,1801.0113256550394,
ffsp100,ortools_cp_sat,ffsp100_00835,feasible,92.0,1801.1083053988405,
ffsp100,ortools_cp_sat,ffsp100_00836,feasible,97.0,1801.1014570072293,
ffsp100,ortools_cp_sat,ffsp100_00837,feasible,97.0,1801.0181720899418,
ffsp100,ortools_cp_sat,ffsp100_00838,feasible,96.0,1801.0062106964178,
ffsp100,ortools_cp_sat,ffsp100_00839,feasible,91.0,1800.969261826016,
ffsp100,ortools_cp_sat,ffsp100_00840,feasible,99.0,1801.0292529608123,
ffsp100,ortools_cp_sat,ffsp100_00841,feasible,94.0,1801.0550930318423,
ffsp100,ortools_cp_sat,ffsp100_00842,feasible,95.0,1801.0164636597037,
ffsp100,ortools_cp_sat,ffsp100_00843,feasible,97.0,1801.0282626268454,
ffsp100,ortools_cp_sat,ffsp100_00844,feasible,94.0,1801.0108493519947,
ffsp100,ortools_cp_sat,ffsp100_00845,feasible,97.0,1801.0305392099544,
ffsp100,ortools_cp_sat,ffsp100_00846,feasible,94.0,1801.0053444039077,
ffsp100,ortools_cp_sat,ffsp100_00847,feasible,98.0,1801.0144245759584,
ffsp100,ortools_cp_sat,ffsp100_00848,feasible,95.0,1801.0302987876348,
ffsp100,ortools_cp_sat,ffsp100_00849,feasible,92.0,1801.0131014999934,
ffsp100,ortools_cp_sat,ffsp100_00850,feasible,93.0,1801.071484951768,
ffsp100,ortools_cp_sat,ffsp100_00851,feasible,92.0,1801.0092779481784,
ffsp100,ortools_cp_sat,ffsp100_00852,feasible,97.0,1800.9850108167157,
ffsp100,ortools_cp_sat,ffsp100_00853,feasible,94.0,1801.020839438308,
ffsp100,ortools_cp_sat,ffsp100_00854,feasible,104.0,1801.296053245198,
ffsp100,ortools_cp_sat,ffsp100_00855,feasible,92.0,1801.0345858819783,
ffsp100,ortools_cp_sat,ffsp100_00856,feasible,96.0,1800.9879868011922,
ffsp100,ortools_cp_sat,ffsp100_00857,feasible,98.0,1800.9541705767624,
ffsp100,ortools_cp_sat,ffsp100_00858,feasible,97.0,1800.949874587357,
ffsp100,ortools_cp_sat,ffsp100_00859,feasible,93.0,1801.0016463627107,
ffsp100,ortools_cp_sat,ffsp100_00860,feasible,99.0,1801.0520102549344,
ffsp100,ortools_cp_sat,ffsp100_00861,feasible,91.0,1800.9765889341943,
ffsp100,ortools_cp_sat,ffsp100_00862,feasible,96.0,1800.9925398570485,
ffsp100,ortools_cp_sat,ffsp100_00863,feasible,95.0,1800.8985813241452,
ffsp100,ortools_cp_sat,ffsp100_00864,feasible,98.0,1800.9434113097377,
ffsp100,ortools_cp_sat,ffsp100_00865,feasible,95.0,1800.958149943035,
ffsp100,ortools_cp_sat,ffsp100_00866,feasible,92.0,1800.9825884676538,
ffsp100,ortools_cp_sat,ffsp100_00867,feasible,93.0,1800.9778093481436,
ffsp100,ortools_cp_sat,ffsp100_00868,feasible,93.0,1800.9980762619525,
ffsp100,ortools_cp_sat,ffsp100_00869,feasible,96.0,1800.9520544856787,
ffsp100,ortools_cp_sat,ffsp100_00870,feasible,97.0,1800.9760428061709,
ffsp100,ortools_cp_sat,ffsp100_00871,feasible,93.0,1800.9718802338466,
ffsp100,ortools_cp_sat,ffsp100_00872,feasible,97.0,1801.0089699178934,
ffsp100,ortools_cp_sat,ffsp100_00873,feasible,96.0,1800.980608436279,
ffsp100,ortools_cp_sat,ffsp100_00874,feasible,94.0,1800.971520895604,
ffsp100,ortools_cp_sat,ffsp100_00875,feasible,98.0,1801.007298195269,
ffsp100,ortools_cp_sat,ffsp100_00876,feasible,97.0,1800.9863426489756,
ffsp100,ortools_cp_sat,ffsp100_00877,feasible,90.0,1801.225618080236,
ffsp100,ortools_cp_sat,ffsp100_00878,feasible,94.0,1801.01553202793,
ffsp100,ortools_cp_sat,ffsp100_00879,feasible,100.0,1800.9863254316151,
ffsp100,ortools_cp_sat,ffsp100_00880,feasible,96.0,1800.9836997012608,
ffsp100,ortools_cp_sat,ffsp100_00881,feasible,95.0,1801.035446302034,
ffsp100,ortools_cp_sat,ffsp100_00882,feasible,97.0,1800.9879940608516,
ffsp100,ortools_cp_sat,ffsp100_00883,feasible,91.0,1800.902056501247,
ffsp100,ortools_cp_sat,ffsp100_00884,feasible,91.0,1800.937858039979,
ffsp100,ortools_cp_sat,ffsp100_00885,feasible,95.0,1800.9656970021315,
ffsp100,ortools_cp_sat,ffsp100_00886,feasible,96.0,1800.95143693313,
ffsp100,ortools_cp_sat,ffsp100_00887,feasible,96.0,1800.9431727631018,
ffsp100,ortools_cp_sat,ffsp100_00888,feasible,92.0,1800.968287050724,
ffsp100,ortools_cp_sat,ffsp100_00889,feasible,93.0,1800.9009784040973,
ffsp100,ortools_cp_sat,ffsp100_00890,feasible,93.0,1801.0890687811188,
ffsp100,ortools_cp_sat,ffsp100_00891,feasible,94.0,1801.0460385889746,
ffsp100,ortools_cp_sat,ffsp100_00892,feasible,94.0,1800.9819246982224,
ffsp100,ortools_cp_sat,ffsp100_00893,feasible,93.0,1800.9893718510866,
ffsp100,ortools_cp_sat,ffsp100_00894,feasible,100.0,1800.8117051050067,
ffsp100,ortools_cp_sat,ffsp100_00895,feasible,93.0,1800.844165023882,
ffsp100,ortools_cp_sat,ffsp100_00896,feasible,94.0,1801.0341725628823,
ffsp100,ortools_cp_sat,ffsp100_00897,feasible,95.0,1801.0250475052744,
ffsp100,ortools_cp_sat,ffsp100_00898,feasible,94.0,1801.0232407627627,
ffsp100,ortools_cp_sat,ffsp100_00899,feasible,95.0,1801.0492531498894,
ffsp100,ortools_cp_sat,ffsp100_00900,feasible,93.0,1800.9645497892052,
ffsp100,ortools_cp_sat,ffsp100_00901,feasible,99.0,1800.9339468549006,
ffsp100,ortools_cp_sat,ffsp100_00902,feasible,98.0,1800.8694402733818,
ffsp100,ortools_cp_sat,ffsp100_00903,feasible,91.0,1800.8801693576388,
ffsp100,ortools_cp_sat,ffsp100_00904,feasible,95.0,1800.8769291667268,
ffsp100,ortools_cp_sat,ffsp100_00905,feasible,98.0,1800.967678591609,
ffsp100,ortools_cp_sat,ffsp100_00906,feasible,96.0,1800.8912360407412,
ffsp100,ortools_cp_sat,ffsp100_00907,feasible,95.0,1800.942166517023,
ffsp100,ortools_cp_sat,ffsp100_00908,feasible,94.0,1801.1774473669939,
ffsp100,ortools_cp_sat,ffsp100_00909,feasible,93.0,1800.8755493219942,
ffsp100,ortools_cp_sat,ffsp100_00910,feasible,97.0,1800.9304822450504,
ffsp100,ortools_cp_sat,ffsp100_00911,feasible,98.0,1800.9483592640609,
ffsp100,ortools_cp_sat,ffsp100_00912,feasible,95.0,1801.0595307708718,
ffsp100,ortools_cp_sat,ffsp100_00913,feasible,90.0,1800.9598459978588,
ffsp100,ortools_cp_sat,ffsp100_00914,feasible,95.0,1800.9914112449624,
ffsp100,ortools_cp_sat,ffsp100_00915,feasible,92.0,1800.9526459919289,
ffsp100,ortools_cp_sat,ffsp100_00916,feasible,99.0,1801.0574228051119,
ffsp100,ortools_cp_sat,ffsp100_00917,feasible,95.0,1800.938659737818,
ffsp100,ortools_cp_sat,ffsp100_00918,feasible,94.0,1801.0707864370197,
ffsp100,ortools_cp_sat,ffsp100_00919,feasible,94.0,1800.975273848977,
ffsp100,ortools_cp_sat,ffsp100_00920,feasible,100.0,1800.9380221143365,
ffsp100,ortools_cp_sat,ffsp100_00921,feasible,96.0,1800.997088321019,
ffsp100,ortools_cp_sat,ffsp100_00922,feasible,93.0,1800.9632960762829,
ffsp100,ortools_cp_sat,ffsp100_00923,feasible,90.0,1800.9924729056656,
ffsp100,ortools_cp_sat,ffsp100_00924,feasible,90.0,1800.9422167940065,
ffsp100,ortools_cp_sat,ffsp100_00925,feasible,98.0,1800.9270815770142,
ffsp100,ortools_cp_sat,ffsp100_00926,feasible,97.0,1800.9054082999937,
ffsp100,ortools_cp_sat,ffsp100_00927,feasible,95.0,1800.9170313668437,
ffsp100,ortools_cp_sat,ffsp100_00928,feasible,94.0,1800.9015275510028,
ffsp100,ortools_cp_sat,ffsp100_00929,feasible,94.0,1800.934285969939,
ffsp100,ortools_cp_sat,ffsp100_00930,feasible,95.0,1800.9267894006334,
ffsp100,ortools_cp_sat,ffsp100_00931,feasible,97.0,1800.8146774950437,
ffsp100,ortools_cp_sat,ffsp100_00932,feasible,95.0,1800.8744496931322,
ffsp100,ortools_cp_sat,ffsp100_00933,feasible,100.0,1800.9127864907496,
ffsp100,ortools_cp_sat,ffsp100_00934,feasible,96.0,1800.8956084148958,
ffsp100,ortools_cp_sat,ffsp100_00935,feasible,93.0,1800.8968510720879,
ffsp100,ortools_cp_sat,ffsp100_00936,feasible,98.0,1800.8515783483163,
ffsp100,ortools_cp_sat,ffsp100_00937,feasible,96.0,1800.8383954307064,
ffsp100,ortools_cp_sat,ffsp100_00938,feasible,94.0,1800.8434772309847,
ffsp100,ortools_cp_sat,ffsp100_00939,feasible,95.0,1800.8674721331336,
ffsp100,ortools_cp_sat,ffsp100_00940,feasible,96.0,1800.78559369687,
ffsp100,ortools_cp_sat,ffsp100_00941,feasible,90.0,1800.8744676369242,
ffsp100,ortools_cp_sat,ffsp100_00942,feasible,91.0,1800.8371159397066,
ffsp100,ortools_cp_sat,ffsp100_00943,feasible,94.0,1800.8008994781412,
ffsp100,ortools_cp_sat,ffsp100_00944,feasible,97.0,1800.7895434428938,
ffsp100,ortools_cp_sat,ffsp100_00945,feasible,99.0,1800.7671297779307,
ffsp100,ortools_cp_sat,ffsp100_00946,feasible,99.0,1800.8575593861751,
ffsp100,ortools_cp_sat,ffsp100_00947,feasible,95.0,1800.823055606801,
ffsp100,ortools_cp_sat,ffsp100_00948,feasible,91.0,1800.6636521280743,
ffsp100,ortools_cp_sat,ffsp100_00949,feasible,96.0,1800.8544960003346,
ffsp100,ortools_cp_sat,ffsp100_00950,feasible,95.0,1800.87149864994,
ffsp100,ortools_cp_sat,ffsp100_00951,feasible,97.0,1800.7874410087243,
ffsp100,ortools_cp_sat,ffsp100_00952,feasible,97.0,1800.737082681153,
ffsp100,ortools_cp_sat,ffsp100_00953,feasible,94.0,1800.854973662179,
ffsp100,ortools_cp_sat,ffsp100_00954,feasible,101.0,1800.8915974139236,
ffsp100,ortools_cp_sat,ffsp100_00955,feasible,95.0,1801.1506560966372,
ffsp100,ortools_cp_sat,ffsp100_00956,feasible,96.0,1800.9535972708836,
ffsp100,ortools_cp_sat,ffsp100_00957,feasible,91.0,1800.7721572830342,
ffsp100,ortools_cp_sat,ffsp100_00958,feasible,94.0,1800.9443026119843,
ffsp100,ortools_cp_sat,ffsp100_00959,feasible,96.0,1800.8202428598888,
ffsp100,ortools_cp_sat,ffsp100_00960,feasible,98.0,1800.8168780738488,
ffsp100,ortools_cp_sat,ffsp100_00961,feasible,95.0,1800.7217682558112,
ffsp100,ortools_cp_sat,ffsp100_00962,feasible,97.0,1800.8056534016505,
ffsp100,ortools_cp_sat,ffsp100_00963,feasible,94.0,1800.9401014139876,
ffsp100,ortools_cp_sat,ffsp100_00964,feasible,96.0,1800.8315325067379,
ffsp100,ortools_cp_sat,ffsp100_00965,feasible,97.0,1800.791897349991,
ffsp100,ortools_cp_sat,ffsp100_00966,feasible,95.0,1800.8079686332494,
ffsp100,ortools_cp_sat,ffsp100_00967,feasible,93.0,1800.8205929580145,
ffsp100,ortools_cp_sat,ffsp100_00968,feasible,98.0,1800.81443088362,
ffsp100,ortools_cp_sat,ffsp100_00969,feasible,98.0,1800.8265455700457,
ffsp100,ortools_cp_sat,ffsp100_00970,feasible,96.0,1800.6988372909836,
ffsp100,ortools_cp_sat,ffsp100_00971,feasible,98.0,1800.8155116932467,
ffsp100,ortools_cp_sat,ffsp100_00972,feasible,93.0,1800.7012536930852,
ffsp100,ortools_cp_sat,ffsp100_00973,feasible,95.0,1800.7770486376248,
ffsp100,ortools_cp_sat,ffsp100_00974,feasible,94.0,1800.9291760390624,
ffsp100,ortools_cp_sat,ffsp100_00975,feasible,95.0,1800.7597747403197,
ffsp100,ortools_cp_sat,ffsp100_00976,feasible,95.0,1800.876764935907,
ffsp100,ortools_cp_sat,ffsp100_00977,feasible,95.0,1800.7948311488144,
ffsp100,ortools_cp_sat,ffsp100_00978,feasible,94.0,1800.8120309491642,
ffsp100,ortools_cp_sat,ffsp100_00979,feasible,91.0,1800.7581891226582,
ffsp100,ortools_cp_sat,ffsp100_00980,feasible,93.0,1800.9300345503725,
ffsp100,ortools_cp_sat,ffsp100_00981,feasible,95.0,1800.6770076272078,
ffsp100,ortools_cp_sat,ffsp100_00982,feasible,98.0,1800.8248912482522,
ffsp100,ortools_cp_sat,ffsp100_00983,feasible,96.0,1800.8133686743677,
ffsp100,ortools_cp_sat,ffsp100_00984,feasible,94.0,1800.84967033891,
ffsp100,ortools_cp_sat,ffsp100_00985,feasible,98.0,1800.9199415678158,
ffsp100,ortools_cp_sat,ffsp100_00986,feasible,95.0,1800.8063471382484,
ffsp100,ortools_cp_sat,ffsp100_00987,feasible,97.0,1800.7288391068578,
ffsp100,ortools_cp_sat,ffsp100_00988,feasible,101.0,1800.61427662801,
ffsp100,ortools_cp_sat,ffsp100_00989,feasible,97.0,1800.7301849978976,
ffsp100,ortools_cp_sat,ffsp100_00990,feasible,97.0,1800.7847882308997,
ffsp100,ortools_cp_sat,ffsp100_00991,feasible,100.0,1800.7285151169635,
ffsp100,ortools_cp_sat,ffsp100_00992,feasible,97.0,1800.8806869653054,
ffsp100,ortools_cp_sat,ffsp100_00993,feasible,96.0,1800.7994301151484,
ffsp100,ortools_cp_sat,ffsp100_00994,feasible,96.0,1800.8816681830212,
ffsp100,ortools_cp_sat,ffsp100_00995,feasible,95.0,1800.8764682100154,
ffsp100,ortools_cp_sat,ffsp100_00996,feasible,95.0,1800.7405414329842,
ffsp100,ortools_cp_sat,ffsp100_00997,feasible,99.0,1800.7688342370093,
ffsp100,ortools_cp_sat,ffsp100_00998,feasible,97.0,1800.8200421691872,
ffsp100,ortools_cp_sat,ffsp100_00999,feasible,94.0,1800.8496771943755,
