epoch,lr-Adam,step,test/max_aug_reward,test/max_reward,test/reward,time/epoch (s),time/inter_step (ms),time/intra_step (ms),train/loss,train/reward,val/max_aug_reward,val/max_reward,val/reward
,0.0003,0,,,,,,,,,,,
,,49,,,,,,219.97928619384766,,,,,
,,49,,,,,3.304719924926758,,,,,,
0,,49,,,,,,,25561.787109375,-13.471183776855469,,,
,,99,,,,,,221.91452980041504,,,,,
,,99,,,,,26.755571365356445,,,,,,
0,,99,,,,,,,24835.10546875,-12.960554122924805,,,
,,149,,,,,,223.86646270751953,,,,,
,,149,,,,,3.2987594604492188,,,,,,
0,,149,,,,,,,25193.638671875,-12.732863426208496,,,
,,199,,,,,,220.9012508392334,,,,,
,,199,,,,,21.898984909057617,,,,,,
0,,199,,,,,,,25104.728515625,-12.762295722961426,,,
,,249,,,,,,221.75359725952148,,,,,
,,249,,,,,3.2558441162109375,,,,,,
0,,249,,,,,,,24896.54296875,-12.399431228637695,,,
,,299,,,,,,215.77143669128418,,,,,
,,299,,,,,21.811962127685547,,,,,,
0,,299,,,,,,,24895.37109375,-12.457663536071777,,,
,,349,,,,,,223.9670753479004,,,,,
,,349,,,,,3.2591819763183594,,,,,,
0,,349,,,,,,,24953.69921875,-12.215616226196289,,,
,,399,,,,,,220.00622749328613,,,,,
,,399,,,,,21.84748649597168,,,,,,
0,,399,,,,,,,25039.572265625,-12.198996543884277,,,
,,449,,,,,,223.7381935119629,,,,,
,,449,,,,,3.3121109008789062,,,,,,
0,,449,,,,,,,24827.24609375,-12.19777774810791,,,
,,499,,,,,,229.7976016998291,,,,,
,,499,,,,,26.829957962036133,,,,,,
0,,499,,,,,,,25044.595703125,-12.714289665222168,,,
,,549,,,,,,223.0978012084961,,,,,
,,549,,,,,3.3326148986816406,,,,,,
0,,549,,,,,,,24500.62109375,-12.058490753173828,,,
,,599,,,,,,219.8965549468994,,,,,
,,599,,,,,20.85733413696289,,,,,,
0,,599,,,,,,,24609.28515625,-12.056391716003418,,,
,,649,,,,,,221.01068496704102,,,,,
,,649,,,,,3.824949264526367,,,,,,
0,,649,,,,,,,24819.41015625,-12.34716510772705,,,
,,699,,,,,,220.60632705688477,,,,,
,,699,,,,,21.329641342163086,,,,,,
0,,699,,,,,,,25036.48828125,-12.205476760864258,,,
,,749,,,,,,218.01209449768066,,,,,
,,749,,,,,3.238677978515625,,,,,,
0,,749,,,,,,,24513.22265625,-12.104387283325195,,,
,,799,,,,,,226.73392295837402,,,,,
,,799,,,,,24.282217025756836,,,,,,
0,,799,,,,,,,24590.45703125,-11.706527709960938,,,
,,849,,,,,,218.24884414672852,,,,,
,,849,,,,,2.894878387451172,,,,,,
0,,849,,,,,,,24663.15234375,-12.20460319519043,,,
,,899,,,,,,224.78938102722168,,,,,
,,899,,,,,22.022485733032227,,,,,,
0,,899,,,,,,,24912.52734375,-11.7874755859375,,,
,,949,,,,,,218.35017204284668,,,,,
,,949,,,,,3.4677982330322266,,,,,,
0,,949,,,,,,,24509.34765625,-11.889270782470703,,,
,,999,,,,,,224.36094284057617,,,,,
,,999,,,,,21.051883697509766,,,,,,
0,,999,,,,,,,24995.94921875,-12.110896110534668,,,
,,1049,,,,,,220.77107429504395,,,,,
,,1049,,,,,3.3392906188964844,,,,,,
0,,1049,,,,,,,24593.03125,-11.69300365447998,,,
,,1099,,,,,,219.65360641479492,,,,,
,,1099,,,,,20.783185958862305,,,,,,
0,,1099,,,,,,,24871.80078125,-11.88949966430664,,,
,,1149,,,,,,219.01369094848633,,,,,
,,1149,,,,,3.2663345336914062,,,,,,
0,,1149,,,,,,,24715.37890625,-11.71335220336914,,,
,,1199,,,,,,221.0679054260254,,,,,
,,1199,,,,,24.09529685974121,,,,,,
0,,1199,,,,,,,24682.384765625,-11.632651329040527,,,
,,1249,,,,,,221.62675857543945,,,,,
,,1249,,,,,3.714323043823242,,,,,,
0,,1249,,,,,,,24861.984375,-12.09502124786377,,,
,,1299,,,,,,220.534086227417,,,,,
,,1299,,,,,21.636486053466797,,,,,,
0,,1299,,,,,,,24672.9375,-11.949323654174805,,,
,,1349,,,,,,217.210054397583,,,,,
,,1349,,,,,2.115488052368164,,,,,,
0,,1349,,,,,,,24271.67578125,-11.7084321975708,,,
,,1399,,,,,,214.310884475708,,,,,
,,1399,,,,,23.56863021850586,,,,,,
0,,1399,,,,,,,24759.37890625,-11.409245491027832,,,
,,1449,,,,,,215.33203125,,,,,
,,1449,,,,,2.102375030517578,,,,,,
0,,1449,,,,,,,24569.470703125,-11.444686889648438,,,
,,1499,,,,,,217.1635627746582,,,,,
,,1499,,,,,20.112991333007812,,,,,,
0,,1499,,,,,,,24684.9921875,-11.56309986114502,,,
,,1549,,,,,,212.6452922821045,,,,,
,,1549,,,,,2.104043960571289,,,,,,
0,,1549,,,,,,,24730.60546875,-11.655217170715332,,,
0,,1562,,,,,,,,,-10.756114959716797,-10.972593307495117,-11.64600658416748
,,1563,,,,388.16139960289,,,,,,,
,0.0003,1563,,,,,,,,,,,
,,1599,,,,,,215.03639221191406,,,,,
,,1599,,,,,20.59769630432129,,,,,,
1,,1599,,,,,,,24750.60546875,-11.554976463317871,,,
,,1649,,,,,,222.9936122894287,,,,,
,,1649,,,,,2.218008041381836,,,,,,
1,,1649,,,,,,,24862.53515625,-11.880973815917969,,,
,,1699,,,,,,216.62497520446777,,,,,
,,1699,,,,,20.530223846435547,,,,,,
1,,1699,,,,,,,24530.16015625,-11.865151405334473,,,
,,1749,,,,,,210.01219749450684,,,,,
,,1749,,,,,2.2368431091308594,,,,,,
1,,1749,,,,,,,24664.353515625,-11.750004768371582,,,
,,1799,,,,,,213.79804611206055,,,,,
,,1799,,,,,24.27840232849121,,,,,,
1,,1799,,,,,,,24968.447265625,-11.659713745117188,,,
,,1849,,,,,,210.310697555542,,,,,
,,1849,,,,,2.279520034790039,,,,,,
1,,1849,,,,,,,24582.69140625,-11.830702781677246,,,
,,1899,,,,,,211.91048622131348,,,,,
,,1899,,,,,20.54429054260254,,,,,,
1,,1899,,,,,,,24787.35546875,-11.4979248046875,,,
,,1949,,,,,,211.8825912475586,,,,,
,,1949,,,,,3.1347274780273438,,,,,,
1,,1949,,,,,,,24551.80078125,-11.508233070373535,,,
,,1999,,,,,,216.49599075317383,,,,,
,,1999,,,,,24.64008331298828,,,,,,
1,,1999,,,,,,,24894.51171875,-11.655134201049805,,,
,,2049,,,,,,213.33789825439453,,,,,
,,2049,,,,,2.2335052490234375,,,,,,
1,,2049,,,,,,,24921.943359375,-11.590949058532715,,,
,,2099,,,,,,219.437837600708,,,,,
,,2099,,,,,23.80228042602539,,,,,,
1,,2099,,,,,,,24638.951171875,-11.407236099243164,,,
,,2149,,,,,,213.44614028930664,,,,,
,,2149,,,,,3.1108856201171875,,,,,,
1,,2149,,,,,,,25033.892578125,-11.454526901245117,,,
,,2199,,,,,,213.16266059875488,,,,,
,,2199,,,,,20.740747451782227,,,,,,
1,,2199,,,,,,,24542.845703125,-11.623801231384277,,,
,,2249,,,,,,216.22514724731445,,,,,
,,2249,,,,,2.1255016326904297,,,,,,
1,,2249,,,,,,,24665.671875,-11.631122589111328,,,
,,2299,,,,,,211.78555488586426,,,,,
,,2299,,,,,20.19953727722168,,,,,,
1,,2299,,,,,,,24637.240234375,-11.332978248596191,,,
,,2349,,,,,,213.29450607299805,,,,,
,,2349,,,,,2.3393630981445312,,,,,,
1,,2349,,,,,,,25033.23828125,-11.90743637084961,,,
,,2399,,,,,,216.32862091064453,,,,,
,,2399,,,,,20.70474624633789,,,,,,
1,,2399,,,,,,,24870.5,-11.642034530639648,,,
,,2449,,,,,,221.40240669250488,,,,,
,,2449,,,,,2.333402633666992,,,,,,
1,,2449,,,,,,,24856.5625,-11.63936996459961,,,
,,2499,,,,,,211.8237018585205,,,,,
,,2499,,,,,20.484447479248047,,,,,,
1,,2499,,,,,,,24859.16796875,-11.438202857971191,,,
,,2549,,,,,,214.99061584472656,,,,,
,,2549,,,,,2.2106170654296875,,,,,,
1,,2549,,,,,,,24967.67578125,-11.758021354675293,,,
,,2599,,,,,,210.60991287231445,,,,,
,,2599,,,,,20.98369598388672,,,,,,
1,,2599,,,,,,,24726.17578125,-11.515567779541016,,,
,,2649,,,,,,213.55843544006348,,,,,
,,2649,,,,,2.3593902587890625,,,,,,
1,,2649,,,,,,,24792.6640625,-11.710908889770508,,,
,,2699,,,,,,218.00684928894043,,,,,
,,2699,,,,,20.064592361450195,,,,,,
1,,2699,,,,,,,24500.66015625,-11.431236267089844,,,
,,2749,,,,,,217.76771545410156,,,,,
,,2749,,,,,3.0450820922851562,,,,,,
1,,2749,,,,,,,24978.828125,-11.621783256530762,,,
,,2799,,,,,,220.7646369934082,,,,,
,,2799,,,,,20.964384078979492,,,,,,
1,,2799,,,,,,,24934.939453125,-11.487112998962402,,,
,,2849,,,,,,224.05219078063965,,,,,
,,2849,,,,,3.7584304809570312,,,,,,
1,,2849,,,,,,,25123.037109375,-11.691060066223145,,,
,,2899,,,,,,213.54937553405762,,,,,
,,2899,,,,,20.80368995666504,,,,,,
1,,2899,,,,,,,24948.919921875,-11.47097396850586,,,
,,2949,,,,,,218.92595291137695,,,,,
,,2949,,,,,3.3266544342041016,,,,,,
1,,2949,,,,,,,25034.65625,-11.60694694519043,,,
,,2999,,,,,,214.26820755004883,,,,,
,,2999,,,,,20.98989486694336,,,,,,
1,,2999,,,,,,,25078.86328125,-11.69016170501709,,,
,,3049,,,,,,216.74203872680664,,,,,
,,3049,,,,,3.462553024291992,,,,,,
1,,3049,,,,,,,24644.08203125,-11.490693092346191,,,
,,3099,,,,,,221.53210639953613,,,,,
,,3099,,,,,20.806312561035156,,,,,,
1,,3099,,,,,,,24964.64453125,-11.79137897491455,,,
1,,3125,,,,,,,,,-10.692925453186035,-10.898208618164062,-11.509439468383789
,,3126,,,,379.23483061790466,,,,,,,
,0.0003,3126,,,,,,,,,,,
,,3149,,,,,,223.73461723327637,,,,,
,,3149,,,,,3.207683563232422,,,,,,
2,,3149,,,,,,,24994.8046875,-11.455093383789062,,,
,,3199,,,,,,223.74343872070312,,,,,
,,3199,,,,,21.413326263427734,,,,,,
2,,3199,,,,,,,24693.390625,-11.207463264465332,,,
,,3249,,,,,,219.1777229309082,,,,,
,,3249,,,,,3.9103031158447266,,,,,,
2,,3249,,,,,,,25102.873046875,-11.302980422973633,,,
,,3299,,,,,,218.32919120788574,,,,,
,,3299,,,,,24.607419967651367,,,,,,
2,,3299,,,,,,,24774.5390625,-11.55974292755127,,,
,,3349,,,,,,218.23644638061523,,,,,
,,3349,,,,,3.4677982330322266,,,,,,
2,,3349,,,,,,,25210.9921875,-11.424084663391113,,,
,,3399,,,,,,225.844144821167,,,,,
,,3399,,,,,21.508455276489258,,,,,,
2,,3399,,,,,,,24994.330078125,-11.565268516540527,,,
,,3449,,,,,,218.01352500915527,,,,,
,,3449,,,,,3.2873153686523438,,,,,,
2,,3449,,,,,,,24835.986328125,-11.21286392211914,,,
,,3499,,,,,,221.80652618408203,,,,,
,,3499,,,,,24.06454086303711,,,,,,
2,,3499,,,,,,,24923.87890625,-11.791776657104492,,,
,,3549,,,,,,218.64914894104004,,,,,
,,3549,,,,,4.387855529785156,,,,,,
2,,3549,,,,,,,25140.03515625,-11.843052864074707,,,
,,3599,,,,,,218.76215934753418,,,,,
,,3599,,,,,21.22974395751953,,,,,,
2,,3599,,,,,,,24881.453125,-11.614896774291992,,,
,,3649,,,,,,219.73872184753418,,,,,
,,3649,,,,,3.6203861236572266,,,,,,
2,,3649,,,,,,,24854.33984375,-11.470548629760742,,,
,,3699,,,,,,219.6967601776123,,,,,
,,3699,,,,,20.98393440246582,,,,,,
2,,3699,,,,,,,25038.080078125,-11.480298042297363,,,
,,3749,,,,,,221.3428020477295,,,,,
,,3749,,,,,3.893613815307617,,,,,,
2,,3749,,,,,,,25203.41796875,-11.56385326385498,,,
,,3799,,,,,,219.86699104309082,,,,,
,,3799,,,,,21.013736724853516,,,,,,
2,,3799,,,,,,,24795.00390625,-11.470480918884277,,,
,,3849,,,,,,215.8200740814209,,,,,
,,3849,,,,,3.428220748901367,,,,,,
2,,3849,,,,,,,24782.4609375,-11.733356475830078,,,
,,3899,,,,,,212.5694751739502,,,,,
,,3899,,,,,20.41912078857422,,,,,,
2,,3899,,,,,,,25023.921875,-11.598764419555664,,,
,,3949,,,,,,228.41238975524902,,,,,
,,3949,,,,,4.048347473144531,,,,,,
2,,3949,,,,,,,25046.06640625,-11.55850887298584,,,
,,3999,,,,,,216.12811088562012,,,,,
,,3999,,,,,20.488977432250977,,,,,,
2,,3999,,,,,,,25264.6953125,-11.920406341552734,,,
,,4049,,,,,,216.6755199432373,,,,,
,,4049,,,,,2.1560192108154297,,,,,,
2,,4049,,,,,,,25005.146484375,-11.088383674621582,,,
,,4099,,,,,,214.48254585266113,,,,,
,,4099,,,,,19.9887752532959,,,,,,
2,,4099,,,,,,,25193.5625,-11.834738731384277,,,
,,4149,,,,,,219.14362907409668,,,,,
,,4149,,,,,2.2640228271484375,,,,,,
2,,4149,,,,,,,24887.453125,-11.4007568359375,,,
,,4199,,,,,,215.24906158447266,,,,,
,,4199,,,,,20.397663116455078,,,,,,
2,,4199,,,,,,,25084.7109375,-11.476457595825195,,,
,,4249,,,,,,219.61307525634766,,,,,
,,4249,,,,,2.443075180053711,,,,,,
2,,4249,,,,,,,25091.1953125,-11.374947547912598,,,
,,4299,,,,,,215.0094509124756,,,,,
,,4299,,,,,20.228147506713867,,,,,,
2,,4299,,,,,,,25143.748046875,-11.542458534240723,,,
,,4349,,,,,,225.30817985534668,,,,,
,,4349,,,,,3.595590591430664,,,,,,
2,,4349,,,,,,,24964.443359375,-11.552526473999023,,,
,,4399,,,,,,219.19846534729004,,,,,
,,4399,,,,,21.83365821838379,,,,,,
2,,4399,,,,,,,25047.13671875,-11.471053123474121,,,
,,4449,,,,,,218.3828353881836,,,,,
,,4449,,,,,5.19871711730957,,,,,,
2,,4449,,,,,,,24946.759765625,-11.430150985717773,,,
,,4499,,,,,,222.05567359924316,,,,,
,,4499,,,,,20.843982696533203,,,,,,
2,,4499,,,,,,,25044.654296875,-11.478589057922363,,,
,,4549,,,,,,219.13671493530273,,,,,
,,4549,,,,,3.450155258178711,,,,,,
2,,4549,,,,,,,25133.4453125,-11.508310317993164,,,
,,4599,,,,,,218.92762184143066,,,,,
,,4599,,,,,20.81298828125,,,,,,
2,,4599,,,,,,,25152.75,-11.611207008361816,,,
,,4649,,,,,,225.32010078430176,,,,,
,,4649,,,,,3.386259078979492,,,,,,
2,,4649,,,,,,,24962.966796875,-11.67518138885498,,,
2,,4688,,,,,,,,,-10.648026466369629,-10.837197303771973,-11.417811393737793
,,4689,,,,383.5551335811615,,,,,,,
,0.0003,4689,,,,,,,,,,,
,,4699,,,,,,215.4994010925293,,,,,
,,4699,,,,,24.585247039794922,,,,,,
3,,4699,,,,,,,24741.1171875,-11.391369819641113,,,
,,4749,,,,,,214.02788162231445,,,,,
,,4749,,,,,2.25830078125,,,,,,
3,,4749,,,,,,,25002.13671875,-11.437243461608887,,,
,,4799,,,,,,215.23523330688477,,,,,
,,4799,,,,,20.757198333740234,,,,,,
3,,4799,,,,,,,25134.16015625,-11.319891929626465,,,
,,4849,,,,,,212.24546432495117,,,,,
,,4849,,,,,2.344846725463867,,,,,,
3,,4849,,,,,,,24894.5,-11.449511528015137,,,
,,4899,,,,,,214.28728103637695,,,,,
,,4899,,,,,21.953582763671875,,,,,,
3,,4899,,,,,,,25365.896484375,-11.44990062713623,,,
,,4949,,,,,,214.5986557006836,,,,,
,,4949,,,,,2.1681785583496094,,,,,,
3,,4949,,,,,,,24985.951171875,-11.465115547180176,,,
,,4999,,,,,,214.34664726257324,,,,,
,,4999,,,,,20.189285278320312,,,,,,
3,,4999,,,,,,,25263.416015625,-11.344250679016113,,,
,,5049,,,,,,212.00227737426758,,,,,
,,5049,,,,,2.2170543670654297,,,,,,
3,,5049,,,,,,,24993.81640625,-11.26638412475586,,,
,,5099,,,,,,216.0954475402832,,,,,
,,5099,,,,,20.417213439941406,,,,,,
3,,5099,,,,,,,25268.748046875,-11.522436141967773,,,
,,5149,,,,,,216.45450592041016,,,,,
,,5149,,,,,2.3124217987060547,,,,,,
3,,5149,,,,,,,25042.080078125,-11.398577690124512,,,
,,5199,,,,,,214.64943885803223,,,,,
,,5199,,,,,20.073652267456055,,,,,,
3,,5199,,,,,,,25052.357421875,-11.525910377502441,,,
,,5249,,,,,,219.07448768615723,,,,,
,,5249,,,,,2.2401809692382812,,,,,,
3,,5249,,,,,,,24933.443359375,-11.454569816589355,,,
,,5299,,,,,,217.72027015686035,,,,,
,,5299,,,,,19.799470901489258,,,,,,
3,,5299,,,,,,,25013.5078125,-11.484594345092773,,,
,,5349,,,,,,210.7841968536377,,,,,
,,5349,,,,,2.1524429321289062,,,,,,
3,,5349,,,,,,,24963.828125,-11.396037101745605,,,
,,5399,,,,,,217.30399131774902,,,,,
,,5399,,,,,20.411014556884766,,,,,,
3,,5399,,,,,,,24939.685546875,-11.546815872192383,,,
,,5449,,,,,,215.36016464233398,,,,,
,,5449,,,,,2.314329147338867,,,,,,
3,,5449,,,,,,,24895.955078125,-11.435308456420898,,,
,,5499,,,,,,216.21060371398926,,,,,
,,5499,,,,,20.451784133911133,,,,,,
3,,5499,,,,,,,24996.01171875,-11.367999076843262,,,
,,5549,,,,,,225.74567794799805,,,,,
,,5549,,,,,3.697633743286133,,,,,,
3,,5549,,,,,,,24967.8359375,-11.351652145385742,,,
,,5599,,,,,,212.815523147583,,,,,
,,5599,,,,,20.4923152923584,,,,,,
3,,5599,,,,,,,25242.2265625,-11.130053520202637,,,
,,5649,,,,,,213.22226524353027,,,,,
,,5649,,,,,2.259969711303711,,,,,,
3,,5649,,,,,,,25298.94921875,-11.406075477600098,,,
,,5699,,,,,,211.03620529174805,,,,,
,,5699,,,,,20.04694938659668,,,,,,
3,,5699,,,,,,,25027.11328125,-11.32126235961914,,,
,,5749,,,,,,214.7059440612793,,,,,
,,5749,,,,,2.2759437561035156,,,,,,
3,,5749,,,,,,,25118.177734375,-11.34697437286377,,,
,,5799,,,,,,213.54413032531738,,,,,
,,5799,,,,,20.685911178588867,,,,,,
3,,5799,,,,,,,25246.87109375,-11.368273735046387,,,
,,5849,,,,,,215.96240997314453,,,,,
,,5849,,,,,2.274751663208008,,,,,,
3,,5849,,,,,,,25064.7265625,-11.43130874633789,,,
,,5899,,,,,,211.00616455078125,,,,,
,,5899,,,,,20.369768142700195,,,,,,
3,,5899,,,,,,,25204.75390625,-11.431415557861328,,,
,,5949,,,,,,212.23115921020508,,,,,
,,5949,,,,,2.299070358276367,,,,,,
3,,5949,,,,,,,25095.45703125,-11.199172019958496,,,
,,5999,,,,,,213.53530883789062,,,,,
,,5999,,,,,19.983768463134766,,,,,,
3,,5999,,,,,,,24761.98828125,-11.4011812210083,,,
,,6049,,,,,,212.1264934539795,,,,,
,,6049,,,,,2.1626949310302734,,,,,,
3,,6049,,,,,,,25007.46875,-11.640730857849121,,,
,,6099,,,,,,212.32271194458008,,,,,
,,6099,,,,,20.572662353515625,,,,,,
3,,6099,,,,,,,24832.04296875,-11.482419967651367,,,
,,6149,,,,,,214.59102630615234,,,,,
,,6149,,,,,2.2232532501220703,,,,,,
3,,6149,,,,,,,25143.68359375,-11.496078491210938,,,
,,6199,,,,,,214.5063877105713,,,,,
,,6199,,,,,20.572185516357422,,,,,,
3,,6199,,,,,,,25289.109375,-11.687973022460938,,,
,,6249,,,,,,212.937593460083,,,,,
,,6249,,,,,2.2530555725097656,,,,,,
3,,6249,,,,,,,25095.546875,-11.481159210205078,,,
3,,6251,,,,,,,,,-10.659588813781738,-10.858807563781738,-11.443046569824219
,,6252,,,,375.94484519958496,,,,,,,
,0.0003,6252,,,,,,,,,,,
,,6299,,,,,,215.0442600250244,,,,,
,,6299,,,,,20.613908767700195,,,,,,
4,,6299,,,,,,,25045.8828125,-11.620453834533691,,,
,,6349,,,,,,221.51708602905273,,,,,
,,6349,,,,,3.492116928100586,,,,,,
4,,6349,,,,,,,25305.703125,-11.334050178527832,,,
,,6399,,,,,,221.21334075927734,,,,,
,,6399,,,,,25.101184844970703,,,,,,
4,,6399,,,,,,,25182.875,-11.3720703125,,,
,,6449,,,,,,216.85004234313965,,,,,
,,6449,,,,,3.4058094024658203,,,,,,
4,,6449,,,,,,,25277.17578125,-11.242698669433594,,,
,,6499,,,,,,218.97244453430176,,,,,
,,6499,,,,,21.47960662841797,,,,,,
4,,6499,,,,,,,25236.576171875,-11.407153129577637,,,
,,6549,,,,,,223.26898574829102,,,,,
,,6549,,,,,3.476381301879883,,,,,,
4,,6549,,,,,,,25011.908203125,-11.128161430358887,,,
,,6599,,,,,,218.82867813110352,,,,,
,,6599,,,,,21.681785583496094,,,,,,
4,,6599,,,,,,,24889.7109375,-11.243050575256348,,,
,,6649,,,,,,222.12934494018555,,,,,
,,6649,,,,,4.303693771362305,,,,,,
4,,6649,,,,,,,25189.236328125,-11.357321739196777,,,
,,6699,,,,,,220.52574157714844,,,,,
,,6699,,,,,21.126985549926758,,,,,,
4,,6699,,,,,,,25104.5078125,-11.365802764892578,,,
,,6749,,,,,,219.5136547088623,,,,,
,,6749,,,,,3.3638477325439453,,,,,,
4,,6749,,,,,,,25453.3203125,-11.326992988586426,,,
,,6799,,,,,,224.6074676513672,,,,,
,,6799,,,,,21.93427085876465,,,,,,
4,,6799,,,,,,,25368.400390625,-11.62639331817627,,,
,,6849,,,,,,218.95956993103027,,,,,
,,6849,,,,,3.439664840698242,,,,,,
4,,6849,,,,,,,25055.81640625,-11.212499618530273,,,
,,6899,,,,,,216.1886692047119,,,,,
,,6899,,,,,20.858049392700195,,,,,,
4,,6899,,,,,,,25409.65625,-11.291237831115723,,,
,,6949,,,,,,220.46899795532227,,,,,
,,6949,,,,,3.4499168395996094,,,,,,
4,,6949,,,,,,,24966.671875,-11.381060600280762,,,
,,6999,,,,,,215.22784233093262,,,,,
,,6999,,,,,21.852731704711914,,,,,,
4,,6999,,,,,,,25061.583984375,-11.34626293182373,,,
,,7049,,,,,,215.90185165405273,,,,,
,,7049,,,,,3.3752918243408203,,,,,,
4,,7049,,,,,,,25345.435546875,-11.267911911010742,,,
,,7099,,,,,,216.56203269958496,,,,,
,,7099,,,,,21.306753158569336,,,,,,
4,,7099,,,,,,,25238.3515625,-11.43826675415039,,,
,,7149,,,,,,220.7496166229248,,,,,
,,7149,,,,,3.3130645751953125,,,,,,
4,,7149,,,,,,,25014.287109375,-11.413065910339355,,,
,,7199,,,,,,222.58877754211426,,,,,
,,7199,,,,,21.004438400268555,,,,,,
4,,7199,,,,,,,24999.330078125,-11.273701667785645,,,
,,7249,,,,,,220.4608917236328,,,,,
,,7249,,,,,3.3931732177734375,,,,,,
4,,7249,,,,,,,25265.38671875,-11.351706504821777,,,
,,7299,,,,,,222.63216972351074,,,,,
,,7299,,,,,23.27108383178711,,,,,,
4,,7299,,,,,,,25032.298828125,-11.324639320373535,,,
,,7349,,,,,,218.23430061340332,,,,,
,,7349,,,,,3.494739532470703,,,,,,
4,,7349,,,,,,,25233.724609375,-11.44945240020752,,,
,,7399,,,,,,220.09539604187012,,,,,
,,7399,,,,,20.880460739135742,,,,,,
4,,7399,,,,,,,25307.166015625,-11.43490982055664,,,
,,7449,,,,,,218.81556510925293,,,,,
,,7449,,,,,3.4630298614501953,,,,,,
4,,7449,,,,,,,25095.4140625,-11.086801528930664,,,
,,7499,,,,,,215.9745693206787,,,,,
,,7499,,,,,21.129131317138672,,,,,,
4,,7499,,,,,,,25376.59375,-11.475865364074707,,,
,,7549,,,,,,218.00637245178223,,,,,
,,7549,,,,,3.448963165283203,,,,,,
4,,7549,,,,,,,25334.32421875,-11.477614402770996,,,
,,7599,,,,,,222.20563888549805,,,,,
,,7599,,,,,22.03822135925293,,,,,,
4,,7599,,,,,,,25080.119140625,-11.458222389221191,,,
,,7649,,,,,,219.77639198303223,,,,,
,,7649,,,,,3.4613609313964844,,,,,,
4,,7649,,,,,,,24909.78125,-11.73145580291748,,,
,,7699,,,,,,217.78154373168945,,,,,
,,7699,,,,,21.094560623168945,,,,,,
4,,7699,,,,,,,25297.85546875,-11.44621753692627,,,
,,7749,,,,,,226.5636920928955,,,,,
,,7749,,,,,3.565549850463867,,,,,,
4,,7749,,,,,,,25291.39453125,-11.414338111877441,,,
,,7799,,,,,,219.54584121704102,,,,,
,,7799,,,,,20.902633666992188,,,,,,
4,,7799,,,,,,,25265.6796875,-11.520848274230957,,,
4,,7814,,,,,,,,,-10.617816925048828,-10.800965309143066,-11.358296394348145
,,7815,,,,385.4957756996155,,,,,,,
,0.0003,7815,,,,,,,,,,,
,,7849,,,,,,218.62268447875977,,,,,
,,7849,,,,,3.199338912963867,,,,,,
5,,7849,,,,,,,25358.0546875,-11.48025894165039,,,
,,7899,,,,,,225.85701942443848,,,,,
,,7899,,,,,23.592710494995117,,,,,,
5,,7899,,,,,,,25195.5546875,-11.301997184753418,,,
,,7949,,,,,,219.5131778717041,,,,,
,,7949,,,,,3.1423568725585938,,,,,,
5,,7949,,,,,,,25211.22265625,-11.086177825927734,,,
,,7999,,,,,,220.32999992370605,,,,,
,,7999,,,,,20.870208740234375,,,,,,
5,,7999,,,,,,,25278.5078125,-11.59244155883789,,,
,,8049,,,,,,238.85226249694824,,,,,
,,8049,,,,,4.883527755737305,,,,,,
5,,8049,,,,,,,25002.33984375,-11.247580528259277,,,
,,8099,,,,,,239.98761177062988,,,,,
,,8099,,,,,22.965431213378906,,,,,,
5,,8099,,,,,,,25363.1015625,-11.444045066833496,,,
,,8149,,,,,,236.14931106567383,,,,,
,,8149,,,,,6.778240203857422,,,,,,
5,,8149,,,,,,,25244.248046875,-11.159669876098633,,,
,,8199,,,,,,230.51881790161133,,,,,
,,8199,,,,,22.311925888061523,,,,,,
5,,8199,,,,,,,25237.544921875,-11.535079002380371,,,
,,8249,,,,,,225.41213035583496,,,,,
,,8249,,,,,4.130363464355469,,,,,,
5,,8249,,,,,,,25238.41015625,-11.181644439697266,,,
,,8299,,,,,,228.47270965576172,,,,,
,,8299,,,,,21.49820327758789,,,,,,
5,,8299,,,,,,,25281.828125,-11.211396217346191,,,
,,8349,,,,,,219.08974647521973,,,,,
,,8349,,,,,3.4186840057373047,,,,,,
5,,8349,,,,,,,25178.5546875,-11.330768585205078,,,
,,8399,,,,,,226.87768936157227,,,,,
,,8399,,,,,22.270917892456055,,,,,,
5,,8399,,,,,,,25280.490234375,-11.443422317504883,,,
,,8449,,,,,,221.9851016998291,,,,,
,,8449,,,,,3.341197967529297,,,,,,
5,,8449,,,,,,,25016.49609375,-11.320316314697266,,,
,,8499,,,,,,223.41060638427734,,,,,
,,8499,,,,,21.934032440185547,,,,,,
5,,8499,,,,,,,25182.7421875,-11.525484085083008,,,
,,8549,,,,,,218.25146675109863,,,,,
,,8549,,,,,3.242015838623047,,,,,,
5,,8549,,,,,,,25480.81640625,-11.518360137939453,,,
,,8599,,,,,,230.19146919250488,,,,,
,,8599,,,,,24.310588836669922,,,,,,
5,,8599,,,,,,,25267.80078125,-11.487116813659668,,,
,,8649,,,,,,225.60477256774902,,,,,
,,8649,,,,,3.400564193725586,,,,,,
5,,8649,,,,,,,25236.369140625,-11.53469467163086,,,
,,8699,,,,,,218.23859214782715,,,,,
,,8699,,,,,21.682262420654297,,,,,,
5,,8699,,,,,,,25061.62109375,-10.995763778686523,,,
,,8749,,,,,,220.92175483703613,,,,,
,,8749,,,,,3.331899642944336,,,,,,
5,,8749,,,,,,,24975.6953125,-11.410109519958496,,,
,,8799,,,,,,222.62334823608398,,,,,
,,8799,,,,,21.88897132873535,,,,,,
5,,8799,,,,,,,25278.6953125,-11.542394638061523,,,
,,8849,,,,,,218.21236610412598,,,,,
,,8849,,,,,3.2787322998046875,,,,,,
5,,8849,,,,,,,25114.587890625,-11.416959762573242,,,
,,8899,,,,,,234.39645767211914,,,,,
,,8899,,,,,24.825334548950195,,,,,,
5,,8899,,,,,,,25412.58984375,-11.622711181640625,,,
,,8949,,,,,,212.5685214996338,,,,,
,,8949,,,,,2.182483673095703,,,,,,
5,,8949,,,,,,,25323.015625,-11.460386276245117,,,
,,8999,,,,,,216.08281135559082,,,,,
,,8999,,,,,20.611047744750977,,,,,,
5,,8999,,,,,,,25079.8046875,-11.401046752929688,,,
,,9049,,,,,,211.43221855163574,,,,,
,,9049,,,,,2.2215843200683594,,,,,,
5,,9049,,,,,,,25309.033203125,-11.153366088867188,,,
,,9099,,,,,,216.9942855834961,,,,,
,,9099,,,,,20.240306854248047,,,,,,
5,,9099,,,,,,,25052.169921875,-11.63657283782959,,,
,,9149,,,,,,214.23673629760742,,,,,
,,9149,,,,,2.2211074829101562,,,,,,
5,,9149,,,,,,,25118.48828125,-11.383877754211426,,,
,,9199,,,,,,211.3785743713379,,,,,
,,9199,,,,,20.551204681396484,,,,,,
5,,9199,,,,,,,25446.259765625,-11.349199295043945,,,
,,9249,,,,,,211.25197410583496,,,,,
,,9249,,,,,2.438783645629883,,,,,,
5,,9249,,,,,,,25144.9375,-11.365509986877441,,,
,,9299,,,,,,212.51320838928223,,,,,
,,9299,,,,,23.797273635864258,,,,,,
5,,9299,,,,,,,25129.08984375,-11.472412109375,,,
,,9349,,,,,,211.69209480285645,,,,,
,,9349,,,,,2.253293991088867,,,,,,
5,,9349,,,,,,,25370.65625,-11.532886505126953,,,
5,,9377,,,,,,,,,-10.60865592956543,-10.789875030517578,-11.332657814025879
,,9378,,,,389.6807587146759,,,,,,,
,0.0003,9378,,,,,,,,,,,
,,9399,,,,,,212.99505233764648,,,,,
,,9399,,,,,20.29275894165039,,,,,,
6,,9399,,,,,,,25483.857421875,-11.342387199401855,,,
,,9449,,,,,,214.30015563964844,,,,,
,,9449,,,,,2.4025440216064453,,,,,,
6,,9449,,,,,,,25298.046875,-11.364129066467285,,,
,,9499,,,,,,211.78674697875977,,,,,
,,9499,,,,,20.145654678344727,,,,,,
6,,9499,,,,,,,25186.609375,-11.257346153259277,,,
,,9549,,,,,,215.92187881469727,,,,,
,,9549,,,,,2.348661422729492,,,,,,
6,,9549,,,,,,,25299.458984375,-11.420454025268555,,,
,,9599,,,,,,214.4603729248047,,,,,
,,9599,,,,,20.275115966796875,,,,,,
6,,9599,,,,,,,25378.10546875,-11.27397346496582,,,
,,9649,,,,,,218.37329864501953,,,,,
,,9649,,,,,3.979921340942383,,,,,,
6,,9649,,,,,,,25306.51953125,-11.350282669067383,,,
,,9699,,,,,,215.30556678771973,,,,,
,,9699,,,,,21.011829376220703,,,,,,
6,,9699,,,,,,,25339.62109375,-11.181182861328125,,,
,,9749,,,,,,215.8811092376709,,,,,
,,9749,,,,,2.4039745330810547,,,,,,
6,,9749,,,,,,,25452.677734375,-11.546124458312988,,,
,,9799,,,,,,216.11714363098145,,,,,
,,9799,,,,,20.44224739074707,,,,,,
6,,9799,,,,,,,25093.310546875,-11.399959564208984,,,
,,9849,,,,,,213.53745460510254,,,,,
,,9849,,,,,2.2840499877929688,,,,,,
6,,9849,,,,,,,25133.0078125,-11.565522193908691,,,
,,9899,,,,,,220.10231018066406,,,,,
,,9899,,,,,21.822452545166016,,,,,,
6,,9899,,,,,,,25005.607421875,-11.42641544342041,,,
,,9949,,,,,,221.81963920593262,,,,,
,,9949,,,,,3.7381649017333984,,,,,,
6,,9949,,,,,,,25581.34375,-11.177556991577148,,,
,,9999,,,,,,224.52449798583984,,,,,
,,9999,,,,,21.396636962890625,,,,,,
6,,9999,,,,,,,25481.4453125,-11.249783515930176,,,
,,10049,,,,,,219.10929679870605,,,,,
,,10049,,,,,3.6208629608154297,,,,,,
6,,10049,,,,,,,25173.29296875,-11.317720413208008,,,
,,10099,,,,,,225.01850128173828,,,,,
,,10099,,,,,21.231412887573242,,,,,,
6,,10099,,,,,,,25124.43359375,-11.118142127990723,,,
,,10149,,,,,,224.85113143920898,,,,,
,,10149,,,,,4.134893417358398,,,,,,
6,,10149,,,,,,,25239.4140625,-11.370452880859375,,,
,,10199,,,,,,223.77324104309082,,,,,
,,10199,,,,,29.262304306030273,,,,,,
6,,10199,,,,,,,25359.49609375,-11.486254692077637,,,
,,10249,,,,,,233.62970352172852,,,,,
,,10249,,,,,4.153251647949219,,,,,,
6,,10249,,,,,,,25166.27734375,-11.170475959777832,,,
,,10299,,,,,,220.8385467529297,,,,,
,,10299,,,,,22.223949432373047,,,,,,
6,,10299,,,,,,,25225.970703125,-11.698439598083496,,,
,,10349,,,,,,231.61768913269043,,,,,
,,10349,,,,,4.1065216064453125,,,,,,
6,,10349,,,,,,,25088.7734375,-11.36843204498291,,,
,,10399,,,,,,224.65753555297852,,,,,
,,10399,,,,,21.711349487304688,,,,,,
6,,10399,,,,,,,25103.294921875,-11.480390548706055,,,
,,10449,,,,,,225.84819793701172,,,,,
,,10449,,,,,5.578279495239258,,,,,,
6,,10449,,,,,,,25305.703125,-11.39175796508789,,,
,,10499,,,,,,224.8854637145996,,,,,
,,10499,,,,,21.7592716217041,,,,,,
6,,10499,,,,,,,25410.390625,-11.323854446411133,,,
,,10549,,,,,,218.6453342437744,,,,,
,,10549,,,,,3.657817840576172,,,,,,
6,,10549,,,,,,,25196.24609375,-11.194093704223633,,,
,,10599,,,,,,229.19058799743652,,,,,
,,10599,,,,,22.090435028076172,,,,,,
6,,10599,,,,,,,25346.802734375,-11.240212440490723,,,
,,10649,,,,,,224.69091415405273,,,,,
,,10649,,,,,3.433704376220703,,,,,,
6,,10649,,,,,,,25440.06640625,-11.105592727661133,,,
,,10699,,,,,,218.12796592712402,,,,,
,,10699,,,,,20.989179611206055,,,,,,
6,,10699,,,,,,,25254.119140625,-11.218886375427246,,,
,,10749,,,,,,215.31128883361816,,,,,
,,10749,,,,,2.3398399353027344,,,,,,
6,,10749,,,,,,,25430.642578125,-11.555219650268555,,,
,,10799,,,,,,215.3024673461914,,,,,
,,10799,,,,,20.589351654052734,,,,,,
6,,10799,,,,,,,25405.087890625,-11.170698165893555,,,
,,10849,,,,,,217.08965301513672,,,,,
,,10849,,,,,2.362489700317383,,,,,,
6,,10849,,,,,,,25306.2109375,-11.544520378112793,,,
,,10899,,,,,,212.0985984802246,,,,,
,,10899,,,,,24.619340896606445,,,,,,
6,,10899,,,,,,,25371.099609375,-11.533059120178223,,,
6,,10940,,,,,,,,,-10.614922523498535,-10.797059059143066,-11.326830863952637
,,10941,,,,383.8988571166992,,,,,,,
,0.0003,10941,,,,,,,,,,,
,,10949,,,,,,215.23427963256836,,,,,
,,10949,,,,,2.236604690551758,,,,,,
7,,10949,,,,,,,25207.166015625,-11.123784065246582,,,
,,10999,,,,,,211.18831634521484,,,,,
,,10999,,,,,20.28799057006836,,,,,,
7,,10999,,,,,,,25418.51171875,-11.521952629089355,,,
,,11049,,,,,,211.49730682373047,,,,,
,,11049,,,,,4.088163375854492,,,,,,
7,,11049,,,,,,,25261.810546875,-11.264628410339355,,,
,,11099,,,,,,217.03243255615234,,,,,
,,11099,,,,,24.120092391967773,,,,,,
7,,11099,,,,,,,25405.640625,-11.220532417297363,,,
,,11149,,,,,,214.08343315124512,,,,,
,,11149,,,,,3.9529800415039062,,,,,,
7,,11149,,,,,,,25482.193359375,-11.187509536743164,,,
,,11199,,,,,,211.49134635925293,,,,,
,,11199,,,,,20.308494567871094,,,,,,
7,,11199,,,,,,,25251.234375,-11.279425621032715,,,
,,11249,,,,,,214.57719802856445,,,,,
,,11249,,,,,2.23541259765625,,,,,,
7,,11249,,,,,,,25260.912109375,-11.29869556427002,,,
,,11299,,,,,,214.37311172485352,,,,,
,,11299,,,,,20.476102828979492,,,,,,
7,,11299,,,,,,,25041.837890625,-11.492039680480957,,,
,,11349,,,,,,215.43407440185547,,,,,
,,11349,,,,,2.215147018432617,,,,,,
7,,11349,,,,,,,25443.509765625,-11.279274940490723,,,
,,11399,,,,,,215.5776023864746,,,,,
,,11399,,,,,20.253419876098633,,,,,,
7,,11399,,,,,,,25510.603515625,-11.44094181060791,,,
,,11449,,,,,,213.66357803344727,,,,,
,,11449,,,,,3.919363021850586,,,,,,
7,,11449,,,,,,,25572.4375,-11.130349159240723,,,
,,11499,,,,,,212.4776840209961,,,,,
,,11499,,,,,20.795106887817383,,,,,,
7,,11499,,,,,,,25212.294921875,-11.172563552856445,,,
,,11549,,,,,,216.30263328552246,,,,,
,,11549,,,,,2.9840469360351562,,,,,,
7,,11549,,,,,,,25290.548828125,-11.244763374328613,,,
,,11599,,,,,,215.17491340637207,,,,,
,,11599,,,,,21.04663848876953,,,,,,
7,,11599,,,,,,,25502.18359375,-11.476593971252441,,,
,,11649,,,,,,214.33734893798828,,,,,
,,11649,,,,,3.2401084899902344,,,,,,
7,,11649,,,,,,,25372.265625,-11.60619831085205,,,
,,11699,,,,,,214.2937183380127,,,,,
,,11699,,,,,20.822525024414062,,,,,,
7,,11699,,,,,,,25371.82421875,-11.46670913696289,,,
,,11749,,,,,,218.77169609069824,,,,,
,,11749,,,,,3.5665035247802734,,,,,,
7,,11749,,,,,,,25473.599609375,-11.120119094848633,,,
,,11799,,,,,,226.6838550567627,,,,,
,,11799,,,,,21.69036865234375,,,,,,
7,,11799,,,,,,,25429.1015625,-11.144585609436035,,,
,,11849,,,,,,224.3330478668213,,,,,
,,11849,,,,,3.5467147827148438,,,,,,
7,,11849,,,,,,,25348.919921875,-11.263629913330078,,,
,,11899,,,,,,225.84104537963867,,,,,
,,11899,,,,,23.35333824157715,,,,,,
7,,11899,,,,,,,25462.90625,-11.318254470825195,,,
,,11949,,,,,,223.0513095855713,,,,,
,,11949,,,,,3.3850669860839844,,,,,,
7,,11949,,,,,,,25357.69140625,-11.411931037902832,,,
,,11999,,,,,,216.0968780517578,,,,,
,,11999,,,,,21.70705795288086,,,,,,
7,,11999,,,,,,,25366.951171875,-11.348715782165527,,,
,,12049,,,,,,215.78001976013184,,,,,
,,12049,,,,,3.355264663696289,,,,,,
7,,12049,,,,,,,25268.09765625,-11.491652488708496,,,
,,12099,,,,,,221.9374179840088,,,,,
,,12099,,,,,24.59239959716797,,,,,,
7,,12099,,,,,,,25509.48828125,-11.295646667480469,,,
,,12149,,,,,,222.37396240234375,,,,,
,,12149,,,,,3.4177303314208984,,,,,,
7,,12149,,,,,,,25201.833984375,-11.39950180053711,,,
,,12199,,,,,,213.44351768493652,,,,,
,,12199,,,,,20.48945426940918,,,,,,
7,,12199,,,,,,,25634.75390625,-11.409555435180664,,,
,,12249,,,,,,213.96565437316895,,,,,
,,12249,,,,,3.2334327697753906,,,,,,
7,,12249,,,,,,,25390.0234375,-11.0652437210083,,,
,,12299,,,,,,219.09213066101074,,,,,
,,12299,,,,,20.162105560302734,,,,,,
7,,12299,,,,,,,25279.66796875,-11.227853775024414,,,
,,12349,,,,,,211.61842346191406,,,,,
,,12349,,,,,2.2916793823242188,,,,,,
7,,12349,,,,,,,25463.67578125,-11.549800872802734,,,
,,12399,,,,,,212.85080909729004,,,,,
,,12399,,,,,20.22409439086914,,,,,,
7,,12399,,,,,,,25319.900390625,-11.308686256408691,,,
,,12449,,,,,,216.97306632995605,,,,,
,,12449,,,,,3.3864974975585938,,,,,,
7,,12449,,,,,,,25329.0859375,-11.304850578308105,,,
,,12499,,,,,,220.0033664703369,,,,,
,,12499,,,,,23.283004760742188,,,,,,
7,,12499,,,,,,,25559.865234375,-11.15569019317627,,,
7,,12503,,,,,,,,,-10.599004745483398,-10.779494285583496,-11.30710506439209
,,12504,,,,379.8294532299042,,,,,,,
,0.0003,12504,,,,,,,,,,,
,,12549,,,,,,221.71473503112793,,,,,
,,12549,,,,,3.558635711669922,,,,,,
8,,12549,,,,,,,25394.64453125,-11.307143211364746,,,
,,12599,,,,,,221.7855453491211,,,,,
,,12599,,,,,24.480342864990234,,,,,,
8,,12599,,,,,,,25320.291015625,-11.435919761657715,,,
,,12649,,,,,,216.4452075958252,,,,,
,,12649,,,,,3.9806365966796875,,,,,,
8,,12649,,,,,,,25541.93359375,-11.576469421386719,,,
,,12699,,,,,,210.78228950500488,,,,,
,,12699,,,,,20.28656005859375,,,,,,
8,,12699,,,,,,,25192.0703125,-11.463862419128418,,,
,,12749,,,,,,210.92772483825684,,,,,
,,12749,,,,,2.4373531341552734,,,,,,
8,,12749,,,,,,,25269.42578125,-11.56832504272461,,,
,,12799,,,,,,218.2919979095459,,,,,
,,12799,,,,,24.653196334838867,,,,,,
8,,12799,,,,,,,25526.408203125,-11.432418823242188,,,
,,12849,,,,,,210.7093334197998,,,,,
,,12849,,,,,2.2704601287841797,,,,,,
8,,12849,,,,,,,25496.900390625,-11.39843463897705,,,
,,12899,,,,,,227.2627353668213,,,,,
,,12899,,,,,21.576404571533203,,,,,,
8,,12899,,,,,,,25283.37890625,-11.484736442565918,,,
,,12949,,,,,,221.0390567779541,,,,,
,,12949,,,,,3.4232139587402344,,,,,,
8,,12949,,,,,,,25455.07421875,-11.270666122436523,,,
,,12999,,,,,,221.04525566101074,,,,,
,,12999,,,,,21.03447914123535,,,,,,
8,,12999,,,,,,,25261.1015625,-11.195640563964844,,,
,,13049,,,,,,218.66130828857422,,,,,
,,13049,,,,,3.477811813354492,,,,,,
8,,13049,,,,,,,25418.486328125,-11.342093467712402,,,
,,13099,,,,,,219.90418434143066,,,,,
,,13099,,,,,21.88706398010254,,,,,,
8,,13099,,,,,,,25444.28515625,-11.629281997680664,,,
,,13149,,,,,,218.17517280578613,,,,,
,,13149,,,,,3.470182418823242,,,,,,
8,,13149,,,,,,,25413.2890625,-11.422199249267578,,,
,,13199,,,,,,227.97060012817383,,,,,
,,13199,,,,,24.626731872558594,,,,,,
8,,13199,,,,,,,25430.26171875,-11.314428329467773,,,
,,13249,,,,,,222.1696376800537,,,,,
,,13249,,,,,3.384828567504883,,,,,,
8,,13249,,,,,,,25401.703125,-11.76198959350586,,,
,,13299,,,,,,221.36950492858887,,,,,
,,13299,,,,,23.183584213256836,,,,,,
8,,13299,,,,,,,25369.345703125,-11.144742012023926,,,
,,13349,,,,,,217.44608879089355,,,,,
,,13349,,,,,3.785371780395508,,,,,,
8,,13349,,,,,,,25398.380859375,-11.538739204406738,,,
,,13399,,,,,,219.0394401550293,,,,,
,,13399,,,,,23.10013771057129,,,,,,
8,,13399,,,,,,,25727.357421875,-11.395483016967773,,,
,,13449,,,,,,219.84004974365234,,,,,
,,13449,,,,,5.506038665771484,,,,,,
8,,13449,,,,,,,25424.52734375,-11.094090461730957,,,
,,13499,,,,,,217.0252799987793,,,,,
,,13499,,,,,21.669626235961914,,,,,,
8,,13499,,,,,,,25642.8828125,-11.552021026611328,,,
,,13549,,,,,,217.66257286071777,,,,,
,,13549,,,,,3.4780502319335938,,,,,,
8,,13549,,,,,,,25327.99609375,-11.346681594848633,,,
,,13599,,,,,,215.8970832824707,,,,,
,,13599,,,,,23.092269897460938,,,,,,
8,,13599,,,,,,,25465.779296875,-11.320713996887207,,,
,,13649,,,,,,215.92068672180176,,,,,
,,13649,,,,,3.3621788024902344,,,,,,
8,,13649,,,,,,,25466.53515625,-11.398727416992188,,,
,,13699,,,,,,224.68280792236328,,,,,
,,13699,,,,,22.31121063232422,,,,,,
8,,13699,,,,,,,25397.796875,-11.496935844421387,,,
,,13749,,,,,,221.0097312927246,,,,,
,,13749,,,,,4.903554916381836,,,,,,
8,,13749,,,,,,,25182.48828125,-11.388880729675293,,,
,,13799,,,,,,224.3969440460205,,,,,
,,13799,,,,,23.458003997802734,,,,,,
8,,13799,,,,,,,25521.21484375,-11.322650909423828,,,
,,13849,,,,,,215.4529094696045,,,,,
,,13849,,,,,3.4537315368652344,,,,,,
8,,13849,,,,,,,25388.10546875,-11.170615196228027,,,
,,13899,,,,,,217.57984161376953,,,,,
,,13899,,,,,20.95818519592285,,,,,,
8,,13899,,,,,,,25419.85546875,-11.639902114868164,,,
,,13949,,,,,,217.4246311187744,,,,,
,,13949,,,,,3.434896469116211,,,,,,
8,,13949,,,,,,,25390.0703125,-11.19040298461914,,,
,,13999,,,,,,233.80327224731445,,,,,
,,13999,,,,,20.984411239624023,,,,,,
8,,13999,,,,,,,25274.56640625,-11.123395919799805,,,
,,14049,,,,,,222.57447242736816,,,,,
,,14049,,,,,3.457784652709961,,,,,,
8,,14049,,,,,,,25575.83984375,-11.24660873413086,,,
8,,14066,,,,,,,,,-10.590173721313477,-10.766512870788574,-11.278244972229004
,,14067,,,,385.3207674026489,,,,,,,
,0.0003,14067,,,,,,,,,,,
,,14099,,,,,,223.72198104858398,,,,,
,,14099,,,,,20.913362503051758,,,,,,
9,,14099,,,,,,,25381.16796875,-11.07517147064209,,,
,,14149,,,,,,224.365234375,,,,,
,,14149,,,,,3.309488296508789,,,,,,
9,,14149,,,,,,,25488.966796875,-11.456292152404785,,,
,,14199,,,,,,221.9521999359131,,,,,
,,14199,,,,,21.241188049316406,,,,,,
9,,14199,,,,,,,25456.234375,-11.011184692382812,,,
,,14249,,,,,,214.43843841552734,,,,,
,,14249,,,,,3.2134056091308594,,,,,,
9,,14249,,,,,,,25402.69921875,-11.460198402404785,,,
,,14299,,,,,,227.60534286499023,,,,,
,,14299,,,,,20.916461944580078,,,,,,
9,,14299,,,,,,,25411.4765625,-11.147305488586426,,,
,,14349,,,,,,218.34397315979004,,,,,
,,14349,,,,,4.2781829833984375,,,,,,
9,,14349,,,,,,,25540.109375,-11.113691329956055,,,
,,14399,,,,,,222.1527099609375,,,,,
,,14399,,,,,23.458242416381836,,,,,,
9,,14399,,,,,,,25510.548828125,-11.350263595581055,,,
,,14449,,,,,,221.5895652770996,,,,,
,,14449,,,,,4.140615463256836,,,,,,
9,,14449,,,,,,,25450.185546875,-11.288037300109863,,,
,,14499,,,,,,217.17190742492676,,,,,
,,14499,,,,,21.435976028442383,,,,,,
9,,14499,,,,,,,25537.185546875,-11.391501426696777,,,
,,14549,,,,,,222.81980514526367,,,,,
,,14549,,,,,3.195524215698242,,,,,,
9,,14549,,,,,,,25622.10546875,-11.164899826049805,,,
,,14599,,,,,,219.64716911315918,,,,,
,,14599,,,,,20.824193954467773,,,,,,
9,,14599,,,,,,,25426.1328125,-11.330463409423828,,,
,,14649,,,,,,216.16363525390625,,,,,
,,14649,,,,,3.3006668090820312,,,,,,
9,,14649,,,,,,,25479.35546875,-11.31114673614502,,,
,,14699,,,,,,223.33145141601562,,,,,
,,14699,,,,,23.378372192382812,,,,,,
9,,14699,,,,,,,25563.337890625,-11.206740379333496,,,
,,14749,,,,,,222.39112854003906,,,,,
,,14749,,,,,4.38237190246582,,,,,,
9,,14749,,,,,,,25263.91015625,-11.294347763061523,,,
,,14799,,,,,,221.73404693603516,,,,,
,,14799,,,,,21.118640899658203,,,,,,
9,,14799,,,,,,,25303.994140625,-11.11640739440918,,,
,,14849,,,,,,218.72758865356445,,,,,
,,14849,,,,,3.3769607543945312,,,,,,
9,,14849,,,,,,,25589.876953125,-11.187883377075195,,,
,,14899,,,,,,218.06073188781738,,,,,
,,14899,,,,,21.021366119384766,,,,,,
9,,14899,,,,,,,25303.02734375,-11.22203540802002,,,
,,14949,,,,,,217.61035919189453,,,,,
,,14949,,,,,3.7937164306640625,,,,,,
9,,14949,,,,,,,25276.47265625,-11.59825611114502,,,
,,14999,,,,,,217.89216995239258,,,,,
,,14999,,,,,24.128198623657227,,,,,,
9,,14999,,,,,,,25274.46484375,-11.409433364868164,,,
,,15049,,,,,,218.95551681518555,,,,,
,,15049,,,,,3.480195999145508,,,,,,
9,,15049,,,,,,,25163.12890625,-11.331183433532715,,,
,,15099,,,,,,221.68850898742676,,,,,
,,15099,,,,,21.38042449951172,,,,,,
9,,15099,,,,,,,25500.19921875,-11.223222732543945,,,
,,15149,,,,,,219.56849098205566,,,,,
,,15149,,,,,3.2851696014404297,,,,,,
9,,15149,,,,,,,25519.2890625,-11.397831916809082,,,
,,15199,,,,,,220.63136100769043,,,,,
,,15199,,,,,20.780563354492188,,,,,,
9,,15199,,,,,,,25349.193359375,-11.231952667236328,,,
,,15249,,,,,,214.98966217041016,,,,,
,,15249,,,,,2.7379989624023438,,,,,,
9,,15249,,,,,,,25484.6328125,-11.344213485717773,,,
,,15299,,,,,,215.32535552978516,,,,,
,,15299,,,,,20.598649978637695,,,,,,
9,,15299,,,,,,,25438.9609375,-11.152345657348633,,,
,,15349,,,,,,214.7386074066162,,,,,
,,15349,,,,,2.2804737091064453,,,,,,
9,,15349,,,,,,,25384.125,-11.339164733886719,,,
,,15399,,,,,,211.83443069458008,,,,,
,,15399,,,,,20.161151885986328,,,,,,
9,,15399,,,,,,,25447.9765625,-11.500629425048828,,,
,,15449,,,,,,211.0311985015869,,,,,
,,15449,,,,,2.3040771484375,,,,,,
9,,15449,,,,,,,25542.099609375,-10.931703567504883,,,
,,15499,,,,,,212.01586723327637,,,,,
,,15499,,,,,20.172834396362305,,,,,,
9,,15499,,,,,,,25390.13671875,-11.088217735290527,,,
,,15549,,,,,,213.51146697998047,,,,,
,,15549,,,,,2.3412704467773438,,,,,,
9,,15549,,,,,,,25589.87109375,-11.293749809265137,,,
,,15599,,,,,,214.16473388671875,,,,,
,,15599,,,,,20.40386199951172,,,,,,
9,,15599,,,,,,,25565.328125,-11.332953453063965,,,
9,,15629,,,,,,,,,-10.581782341003418,-10.753204345703125,-11.25118637084961
,,15630,,,,382.7692005634308,,,,,,,
,0.0003,15630,,,,,,,,,,,
,,15649,,,,,,218.75548362731934,,,,,
,,15649,,,,,2.3894309997558594,,,,,,
10,,15649,,,,,,,25328.50390625,-11.09765338897705,,,
,,15699,,,,,,217.41676330566406,,,,,
,,15699,,,,,20.416736602783203,,,,,,
10,,15699,,,,,,,25527.58203125,-11.147619247436523,,,
,,15749,,,,,,213.74940872192383,,,,,
,,15749,,,,,2.3789405822753906,,,,,,
10,,15749,,,,,,,25665.427734375,-11.410717964172363,,,
,,15799,,,,,,215.468168258667,,,,,
,,15799,,,,,20.53546905517578,,,,,,
10,,15799,,,,,,,25406.755859375,-11.122048377990723,,,
,,15849,,,,,,212.40901947021484,,,,,
,,15849,,,,,2.4077892303466797,,,,,,
10,,15849,,,,,,,25554.626953125,-11.052302360534668,,,
,,15899,,,,,,214.79177474975586,,,,,
,,15899,,,,,20.318984985351562,,,,,,
10,,15899,,,,,,,25443.0859375,-11.6226167678833,,,
,,15949,,,,,,213.6554718017578,,,,,
,,15949,,,,,2.3343563079833984,,,,,,
10,,15949,,,,,,,25536.583984375,-11.28575325012207,,,
,,15999,,,,,,211.84682846069336,,,,,
,,15999,,,,,20.328998565673828,,,,,,
10,,15999,,,,,,,25545.6796875,-11.05764102935791,,,
,,16049,,,,,,210.88457107543945,,,,,
,,16049,,,,,2.3169517517089844,,,,,,
10,,16049,,,,,,,25554.50390625,-11.126874923706055,,,
,,16099,,,,,,212.94927597045898,,,,,
,,16099,,,,,20.992040634155273,,,,,,
10,,16099,,,,,,,25580.8125,-11.353096961975098,,,
,,16149,,,,,,211.2569808959961,,,,,
,,16149,,,,,2.360105514526367,,,,,,
10,,16149,,,,,,,25379.888671875,-11.043885231018066,,,
,,16199,,,,,,216.7673110961914,,,,,
,,16199,,,,,20.37835121154785,,,,,,
10,,16199,,,,,,,25479.75390625,-11.260464668273926,,,
,,16249,,,,,,213.67669105529785,,,,,
,,16249,,,,,2.50244140625,,,,,,
10,,16249,,,,,,,25515.98046875,-11.274529457092285,,,
,,16299,,,,,,211.81011199951172,,,,,
,,16299,,,,,20.45273780822754,,,,,,
10,,16299,,,,,,,25615.109375,-11.430438995361328,,,
,,16349,,,,,,211.06886863708496,,,,,
,,16349,,,,,2.3581981658935547,,,,,,
10,,16349,,,,,,,25453.01953125,-11.385363578796387,,,
,,16399,,,,,,216.66836738586426,,,,,
,,16399,,,,,20.443201065063477,,,,,,
10,,16399,,,,,,,25478.580078125,-11.35091781616211,,,
,,16449,,,,,,212.43977546691895,,,,,
,,16449,,,,,2.431154251098633,,,,,,
10,,16449,,,,,,,25634.58203125,-11.354968070983887,,,
,,16499,,,,,,211.20429039001465,,,,,
,,16499,,,,,20.145416259765625,,,,,,
10,,16499,,,,,,,25680.0,-11.135138511657715,,,
,,16549,,,,,,216.20631217956543,,,,,
,,16549,,,,,2.3992061614990234,,,,,,
10,,16549,,,,,,,25516.5703125,-11.225988388061523,,,
,,16599,,,,,,214.20741081237793,,,,,
,,16599,,,,,20.453453063964844,,,,,,
10,,16599,,,,,,,25490.140625,-11.226259231567383,,,
,,16649,,,,,,216.261625289917,,,,,
,,16649,,,,,2.393484115600586,,,,,,
10,,16649,,,,,,,25521.35546875,-11.178836822509766,,,
,,16699,,,,,,211.29870414733887,,,,,
,,16699,,,,,20.3702449798584,,,,,,
10,,16699,,,,,,,25602.591796875,-11.290589332580566,,,
,,16749,,,,,,214.5364284515381,,,,,
,,16749,,,,,2.4259090423583984,,,,,,
10,,16749,,,,,,,25424.76171875,-11.01436710357666,,,
,,16799,,,,,,216.2454128265381,,,,,
,,16799,,,,,24.992704391479492,,,,,,
10,,16799,,,,,,,25843.681640625,-11.219916343688965,,,
,,16849,,,,,,212.42642402648926,,,,,
,,16849,,,,,2.361774444580078,,,,,,
10,,16849,,,,,,,25514.4921875,-11.150727272033691,,,
,,16899,,,,,,221.8313217163086,,,,,
,,16899,,,,,20.619630813598633,,,,,,
10,,16899,,,,,,,25551.5625,-11.279475212097168,,,
,,16949,,,,,,212.9843235015869,,,,,
,,16949,,,,,2.378225326538086,,,,,,
10,,16949,,,,,,,25647.0625,-11.601492881774902,,,
,,16999,,,,,,219.53105926513672,,,,,
,,16999,,,,,20.504236221313477,,,,,,
10,,16999,,,,,,,25355.50390625,-11.174543380737305,,,
,,17049,,,,,,211.85946464538574,,,,,
,,17049,,,,,2.4580955505371094,,,,,,
10,,17049,,,,,,,25638.4140625,-11.338862419128418,,,
,,17099,,,,,,216.53199195861816,,,,,
,,17099,,,,,21.665573120117188,,,,,,
10,,17099,,,,,,,25616.126953125,-11.396079063415527,,,
,,17149,,,,,,215.2731418609619,,,,,
,,17149,,,,,2.351999282836914,,,,,,
10,,17149,,,,,,,25635.984375,-11.190321922302246,,,
10,,17192,,,,,,,,,-10.589375495910645,-10.762788772583008,-11.259849548339844
,,17193,,,,375.6775665283203,,,,,,,
,0.0003,17193,,,,,,,,,,,
,,17199,,,,,,209.23662185668945,,,,,
,,17199,,,,,20.182371139526367,,,,,,
11,,17199,,,,,,,25501.412109375,-11.030434608459473,,,
,,17249,,,,,,212.07666397094727,,,,,
,,17249,,,,,2.3648738861083984,,,,,,
11,,17249,,,,,,,25517.23828125,-11.306403160095215,,,
,,17299,,,,,,215.1193618774414,,,,,
,,17299,,,,,20.350217819213867,,,,,,
11,,17299,,,,,,,25703.140625,-11.250771522521973,,,
,,17349,,,,,,214.141845703125,,,,,
,,17349,,,,,2.353668212890625,,,,,,
11,,17349,,,,,,,25774.73828125,-11.35745620727539,,,
,,17399,,,,,,212.2945785522461,,,,,
,,17399,,,,,20.070791244506836,,,,,,
11,,17399,,,,,,,25625.861328125,-11.105769157409668,,,
,,17449,,,,,,213.75799179077148,,,,,
,,17449,,,,,2.3572444915771484,,,,,,
11,,17449,,,,,,,25839.724609375,-11.370808601379395,,,
,,17499,,,,,,212.3270034790039,,,,,
,,17499,,,,,20.367860794067383,,,,,,
11,,17499,,,,,,,25697.06640625,-11.36838150024414,,,
,,17549,,,,,,214.0817642211914,,,,,
,,17549,,,,,2.427816390991211,,,,,,
11,,17549,,,,,,,25461.470703125,-11.339716911315918,,,
,,17599,,,,,,211.2746238708496,,,,,
,,17599,,,,,20.08843421936035,,,,,,
11,,17599,,,,,,,25687.71875,-11.414860725402832,,,
,,17649,,,,,,212.51153945922852,,,,,
,,17649,,,,,2.4178028106689453,,,,,,
11,,17649,,,,,,,25670.080078125,-11.105941772460938,,,
,,17699,,,,,,211.1973762512207,,,,,
,,17699,,,,,20.21050453186035,,,,,,
11,,17699,,,,,,,25655.4140625,-11.1898775100708,,,
,,17749,,,,,,211.60340309143066,,,,,
,,17749,,,,,2.314329147338867,,,,,,
11,,17749,,,,,,,25560.109375,-11.021098136901855,,,
,,17799,,,,,,211.90428733825684,,,,,
,,17799,,,,,20.3249454498291,,,,,,
11,,17799,,,,,,,25404.267578125,-11.174779891967773,,,
,,17849,,,,,,212.54348754882812,,,,,
,,17849,,,,,2.3648738861083984,,,,,,
11,,17849,,,,,,,25498.671875,-11.233454704284668,,,
,,17899,,,,,,217.50354766845703,,,,,
,,17899,,,,,20.445823669433594,,,,,,
11,,17899,,,,,,,25651.853515625,-11.397086143493652,,,
,,17949,,,,,,213.1023406982422,,,,,
,,17949,,,,,2.344846725463867,,,,,,
11,,17949,,,,,,,25684.232421875,-11.27100944519043,,,
,,17999,,,,,,212.10026741027832,,,,,
,,17999,,,,,20.944595336914062,,,,,,
11,,17999,,,,,,,25558.16796875,-11.236201286315918,,,
,,18049,,,,,,216.31336212158203,,,,,
,,18049,,,,,2.498149871826172,,,,,,
11,,18049,,,,,,,25498.02734375,-11.164468765258789,,,
,,18099,,,,,,214.31922912597656,,,,,
,,18099,,,,,20.557403564453125,,,,,,
11,,18099,,,,,,,25644.7734375,-11.371563911437988,,,
,,18149,,,,,,214.6780490875244,,,,,
,,18149,,,,,2.4366378784179688,,,,,,
11,,18149,,,,,,,25376.0390625,-11.014486312866211,,,
,,18199,,,,,,212.14628219604492,,,,,
,,18199,,,,,20.72930335998535,,,,,,
11,,18199,,,,,,,25579.60546875,-10.985236167907715,,,
,,18249,,,,,,219.1002368927002,,,,,
,,18249,,,,,2.4263858795166016,,,,,,
11,,18249,,,,,,,25705.9609375,-11.400795936584473,,,
,,18299,,,,,,215.33870697021484,,,,,
,,18299,,,,,20.421743392944336,,,,,,
11,,18299,,,,,,,25390.771484375,-11.684680938720703,,,
,,18349,,,,,,214.09344673156738,,,,,
,,18349,,,,,2.4068355560302734,,,,,,
11,,18349,,,,,,,25487.640625,-11.22222900390625,,,
,,18399,,,,,,212.5232219696045,,,,,
,,18399,,,,,20.19977569580078,,,,,,
11,,18399,,,,,,,25345.923828125,-11.322253227233887,,,
,,18449,,,,,,215.02304077148438,,,,,
,,18449,,,,,4.041194915771484,,,,,,
11,,18449,,,,,,,25534.0859375,-11.30730152130127,,,
,,18499,,,,,,218.89591217041016,,,,,
,,18499,,,,,20.64061164855957,,,,,,
11,,18499,,,,,,,25619.482421875,-11.115406036376953,,,
,,18549,,,,,,221.44508361816406,,,,,
,,18549,,,,,2.3086071014404297,,,,,,
11,,18549,,,,,,,25642.599609375,-11.566545486450195,,,
,,18599,,,,,,214.62583541870117,,,,,
,,18599,,,,,20.37978172302246,,,,,,
11,,18599,,,,,,,25419.7734375,-11.145539283752441,,,
,,18649,,,,,,215.8823013305664,,,,,
,,18649,,,,,2.3648738861083984,,,,,,
11,,18649,,,,,,,25780.50390625,-11.13195514678955,,,
,,18699,,,,,,218.38688850402832,,,,,
,,18699,,,,,20.735502243041992,,,,,,
11,,18699,,,,,,,25422.72265625,-11.025697708129883,,,
,,18749,,,,,,221.62365913391113,,,,,
,,18749,,,,,2.721548080444336,,,,,,
11,,18749,,,,,,,25585.501953125,-11.444275856018066,,,
11,,18755,,,,,,,,,-10.570579528808594,-10.739561080932617,-11.232601165771484
,,18756,,,,374.8472168445587,,,,,,,
,0.0003,18756,,,,,,,,,,,
,,18799,,,,,,218.25933456420898,,,,,
,,18799,,,,,21.849870681762695,,,,,,
12,,18799,,,,,,,25584.65234375,-11.29941177368164,,,
,,18849,,,,,,221.24671936035156,,,,,
,,18849,,,,,5.466699600219727,,,,,,
12,,18849,,,,,,,25417.98828125,-11.419387817382812,,,
,,18899,,,,,,228.13796997070312,,,,,
,,18899,,,,,21.615028381347656,,,,,,
12,,18899,,,,,,,25651.271484375,-11.30424976348877,,,
,,18949,,,,,,215.86060523986816,,,,,
,,18949,,,,,3.4999847412109375,,,,,,
12,,18949,,,,,,,25744.884765625,-11.002811431884766,,,
,,18999,,,,,,217.78583526611328,,,,,
,,18999,,,,,21.510601043701172,,,,,,
12,,18999,,,,,,,25634.548828125,-11.252935409545898,,,
,,19049,,,,,,224.34425354003906,,,,,
,,19049,,,,,3.377676010131836,,,,,,
12,,19049,,,,,,,25624.275390625,-11.162006378173828,,,
,,19099,,,,,,218.7814712524414,,,,,
,,19099,,,,,21.201610565185547,,,,,,
12,,19099,,,,,,,25808.93359375,-11.14280891418457,,,
,,19149,,,,,,218.51515769958496,,,,,
,,19149,,,,,3.448963165283203,,,,,,
12,,19149,,,,,,,25594.166015625,-11.371036529541016,,,
,,19199,,,,,,224.89142417907715,,,,,
,,19199,,,,,21.957874298095703,,,,,,
12,,19199,,,,,,,25385.037109375,-11.288578033447266,,,
,,19249,,,,,,221.95100784301758,,,,,
,,19249,,,,,3.8852691650390625,,,,,,
12,,19249,,,,,,,25872.94921875,-11.219444274902344,,,
,,19299,,,,,,220.83520889282227,,,,,
,,19299,,,,,21.176815032958984,,,,,,
12,,19299,,,,,,,25300.15234375,-11.523778915405273,,,
,,19349,,,,,,219.13576126098633,,,,,
,,19349,,,,,3.420591354370117,,,,,,
12,,19349,,,,,,,25399.568359375,-11.363420486450195,,,
,,19399,,,,,,228.47604751586914,,,,,
,,19399,,,,,24.287939071655273,,,,,,
12,,19399,,,,,,,25618.9765625,-11.288222312927246,,,
,,19449,,,,,,221.65584564208984,,,,,
,,19449,,,,,3.57818603515625,,,,,,
12,,19449,,,,,,,25627.86328125,-11.048807144165039,,,
,,19499,,,,,,218.1229591369629,,,,,
,,19499,,,,,21.219968795776367,,,,,,
12,,19499,,,,,,,25485.90234375,-11.000407218933105,,,
,,19549,,,,,,221.95696830749512,,,,,
,,19549,,,,,5.259990692138672,,,,,,
12,,19549,,,,,,,25468.216796875,-11.44466781616211,,,
,,19599,,,,,,216.1717414855957,,,,,
,,19599,,,,,21.749496459960938,,,,,,
12,,19599,,,,,,,25441.583984375,-11.25382137298584,,,
,,19649,,,,,,217.21649169921875,,,,,
,,19649,,,,,4.235267639160156,,,,,,
12,,19649,,,,,,,25641.51171875,-11.336142539978027,,,
,,19699,,,,,,226.23467445373535,,,,,
,,19699,,,,,22.642135620117188,,,,,,
12,,19699,,,,,,,25578.64453125,-10.955400466918945,,,
,,19749,,,,,,222.27048873901367,,,,,
,,19749,,,,,3.6797523498535156,,,,,,
12,,19749,,,,,,,25525.24609375,-11.370939254760742,,,
,,19799,,,,,,222.0017910003662,,,,,
,,19799,,,,,21.24500274658203,,,,,,
12,,19799,,,,,,,25426.375,-11.223383903503418,,,
,,19849,,,,,,221.10438346862793,,,,,
,,19849,,,,,4.476308822631836,,,,,,
12,,19849,,,,,,,25575.83984375,-11.285090446472168,,,
,,19899,,,,,,211.78817749023438,,,,,
,,19899,,,,,21.21257781982422,,,,,,
12,,19899,,,,,,,25543.126953125,-11.102836608886719,,,
,,19949,,,,,,213.8838768005371,,,,,
,,19949,,,,,2.6144981384277344,,,,,,
12,,19949,,,,,,,25728.98046875,-11.082948684692383,,,
,,19999,,,,,,212.13102340698242,,,,,
,,19999,,,,,20.56598663330078,,,,,,
12,,19999,,,,,,,25652.1640625,-11.26413631439209,,,
,,20049,,,,,,212.09359169006348,,,,,
,,20049,,,,,2.338886260986328,,,,,,
12,,20049,,,,,,,25832.39453125,-11.11550521850586,,,
,,20099,,,,,,217.51737594604492,,,,,
,,20099,,,,,20.720481872558594,,,,,,
12,,20099,,,,,,,25665.765625,-11.591724395751953,,,
,,20149,,,,,,213.68932723999023,,,,,
,,20149,,,,,2.4988651275634766,,,,,,
12,,20149,,,,,,,25700.58203125,-11.038496017456055,,,
,,20199,,,,,,215.06714820861816,,,,,
,,20199,,,,,20.8737850189209,,,,,,
12,,20199,,,,,,,25508.1171875,-11.132169723510742,,,
,,20249,,,,,,217.97657012939453,,,,,
,,20249,,,,,2.466440200805664,,,,,,
12,,20249,,,,,,,25689.376953125,-11.343236923217773,,,
,,20299,,,,,,216.7351245880127,,,,,
,,20299,,,,,20.51377296447754,,,,,,
12,,20299,,,,,,,25601.640625,-11.411993026733398,,,
12,,20318,,,,,,,,,-10.574219703674316,-10.748261451721191,-11.242047309875488
,,20319,,,,384.02494645118713,,,,,,,
,0.0003,20319,,,,,,,,,,,
,,20349,,,,,,213.89079093933105,,,,,
,,20349,,,,,2.4106502532958984,,,,,,
13,,20349,,,,,,,25667.53515625,-11.41795825958252,,,
,,20399,,,,,,212.57925033569336,,,,,
,,20399,,,,,20.679235458374023,,,,,,
13,,20399,,,,,,,25538.60546875,-11.26453971862793,,,
,,20449,,,,,,218.29462051391602,,,,,
,,20449,,,,,3.320932388305664,,,,,,
13,,20449,,,,,,,25662.37109375,-11.22842788696289,,,
,,20499,,,,,,219.21896934509277,,,,,
,,20499,,,,,20.895004272460938,,,,,,
13,,20499,,,,,,,25598.265625,-11.367758750915527,,,
,,20549,,,,,,223.91009330749512,,,,,
,,20549,,,,,3.759622573852539,,,,,,
13,,20549,,,,,,,25594.189453125,-11.308534622192383,,,
,,20599,,,,,,217.7743911743164,,,,,
,,20599,,,,,21.26598358154297,,,,,,
13,,20599,,,,,,,25551.673828125,-11.151912689208984,,,
,,20649,,,,,,219.5143699645996,,,,,
,,20649,,,,,3.3159255981445312,,,,,,
13,,20649,,,,,,,25639.203125,-11.14385986328125,,,
,,20699,,,,,,227.2508144378662,,,,,
,,20699,,,,,20.803213119506836,,,,,,
13,,20699,,,,,,,25695.83203125,-11.344326972961426,,,
,,20749,,,,,,218.11556816101074,,,,,
,,20749,,,,,3.278970718383789,,,,,,
13,,20749,,,,,,,25371.6796875,-11.520402908325195,,,
,,20799,,,,,,211.06839179992676,,,,,
,,20799,,,,,20.851850509643555,,,,,,
13,,20799,,,,,,,25505.6328125,-10.917227745056152,,,
,,20849,,,,,,216.1705493927002,,,,,
,,20849,,,,,2.414703369140625,,,,,,
13,,20849,,,,,,,25503.89453125,-11.371570587158203,,,
,,20899,,,,,,215.59834480285645,,,,,
,,20899,,,,,20.668983459472656,,,,,,
13,,20899,,,,,,,25656.166015625,-11.328608512878418,,,
,,20949,,,,,,214.62273597717285,,,,,
,,20949,,,,,2.5053024291992188,,,,,,
13,,20949,,,,,,,25748.763671875,-11.668288230895996,,,
,,20999,,,,,,210.5576992034912,,,,,
,,20999,,,,,20.64037322998047,,,,,,
13,,20999,,,,,,,25401.29296875,-11.238150596618652,,,
,,21049,,,,,,212.16797828674316,,,,,
,,21049,,,,,2.4552345275878906,,,,,,
13,,21049,,,,,,,25804.34765625,-11.212419509887695,,,
,,21099,,,,,,212.49699592590332,,,,,
,,21099,,,,,20.368099212646484,,,,,,
13,,21099,,,,,,,25227.708984375,-11.482833862304688,,,
,,21149,,,,,,212.96381950378418,,,,,
,,21149,,,,,2.4335384368896484,,,,,,
13,,21149,,,,,,,25362.16015625,-11.294489860534668,,,
,,21199,,,,,,213.90485763549805,,,,,
,,21199,,,,,20.962238311767578,,,,,,
13,,21199,,,,,,,25686.9140625,-11.17370319366455,,,
,,21249,,,,,,215.3785228729248,,,,,
,,21249,,,,,2.4809837341308594,,,,,,
13,,21249,,,,,,,25408.74609375,-11.316908836364746,,,
,,21299,,,,,,212.62001991271973,,,,,
,,21299,,,,,20.227909088134766,,,,,,
13,,21299,,,,,,,25591.197265625,-11.232030868530273,,,
,,21349,,,,,,212.54825592041016,,,,,
,,21349,,,,,2.4917125701904297,,,,,,
13,,21349,,,,,,,25697.2890625,-11.271882057189941,,,
,,21399,,,,,,213.52458000183105,,,,,
,,21399,,,,,20.412921905517578,,,,,,
13,,21399,,,,,,,25752.80078125,-11.226691246032715,,,
,,21449,,,,,,218.16515922546387,,,,,
,,21449,,,,,2.727508544921875,,,,,,
13,,21449,,,,,,,25781.56640625,-11.348732948303223,,,
,,21499,,,,,,213.49096298217773,,,,,
,,21499,,,,,20.366668701171875,,,,,,
13,,21499,,,,,,,25491.5625,-11.226410865783691,,,
,,21549,,,,,,213.48094940185547,,,,,
,,21549,,,,,2.594470977783203,,,,,,
13,,21549,,,,,,,25670.96875,-10.990307807922363,,,
,,21599,,,,,,217.93317794799805,,,,,
,,21599,,,,,20.32923698425293,,,,,,
13,,21599,,,,,,,25637.40625,-11.226452827453613,,,
,,21649,,,,,,213.8667106628418,,,,,
,,21649,,,,,2.408266067504883,,,,,,
13,,21649,,,,,,,25527.716796875,-11.283610343933105,,,
,,21699,,,,,,212.60857582092285,,,,,
,,21699,,,,,20.46489715576172,,,,,,
13,,21699,,,,,,,25620.09375,-11.415990829467773,,,
,,21749,,,,,,215.19136428833008,,,,,
,,21749,,,,,2.414226531982422,,,,,,
13,,21749,,,,,,,25416.162109375,-11.176068305969238,,,
,,21799,,,,,,213.23776245117188,,,,,
,,21799,,,,,20.805835723876953,,,,,,
13,,21799,,,,,,,25876.10546875,-11.186454772949219,,,
,,21849,,,,,,215.52228927612305,,,,,
,,21849,,,,,2.3527145385742188,,,,,,
13,,21849,,,,,,,25508.984375,-11.134531021118164,,,
13,,21881,,,,,,,,,-10.569644927978516,-10.732294082641602,-11.212586402893066
,,21882,,,,378.0116469860077,,,,,,,
,0.0003,21882,,,,,,,,,,,
,,21899,,,,,,217.23532676696777,,,,,
,,21899,,,,,21.857261657714844,,,,,,
14,,21899,,,,,,,25700.3984375,-10.988332748413086,,,
,,21949,,,,,,220.31569480895996,,,,,
,,21949,,,,,3.6211013793945312,,,,,,
14,,21949,,,,,,,25566.109375,-11.116029739379883,,,
,,21999,,,,,,217.72217750549316,,,,,
,,21999,,,,,22.60422706604004,,,,,,
14,,21999,,,,,,,25445.109375,-11.12455940246582,,,
,,22049,,,,,,224.61962699890137,,,,,
,,22049,,,,,3.9811134338378906,,,,,,
14,,22049,,,,,,,25726.5546875,-11.273588180541992,,,
,,22099,,,,,,220.92556953430176,,,,,
,,22099,,,,,22.540807723999023,,,,,,
14,,22099,,,,,,,25503.8203125,-11.509739875793457,,,
,,22149,,,,,,218.61529350280762,,,,,
,,22149,,,,,4.230737686157227,,,,,,
14,,22149,,,,,,,25587.611328125,-11.566235542297363,,,
,,22199,,,,,,221.56143188476562,,,,,
,,22199,,,,,21.975040435791016,,,,,,
14,,22199,,,,,,,25586.984375,-11.39595890045166,,,
,,22249,,,,,,217.53931045532227,,,,,
,,22249,,,,,4.058122634887695,,,,,,
14,,22249,,,,,,,25557.41015625,-11.32790756225586,,,
,,22299,,,,,,219.44665908813477,,,,,
,,22299,,,,,21.717548370361328,,,,,,
14,,22299,,,,,,,25866.1484375,-11.019842147827148,,,
,,22349,,,,,,228.1043529510498,,,,,
,,22349,,,,,3.8170814514160156,,,,,,
14,,22349,,,,,,,25651.37890625,-11.09847354888916,,,
,,22399,,,,,,223.92821311950684,,,,,
,,22399,,,,,21.442651748657227,,,,,,
14,,22399,,,,,,,25685.7734375,-11.275643348693848,,,
,,22449,,,,,,219.285249710083,,,,,
,,22449,,,,,3.6809444427490234,,,,,,
14,,22449,,,,,,,25674.91796875,-11.218884468078613,,,
,,22499,,,,,,229.4292449951172,,,,,
,,22499,,,,,21.617889404296875,,,,,,
14,,22499,,,,,,,25797.537109375,-11.452512741088867,,,
,,22549,,,,,,218.25242042541504,,,,,
,,22549,,,,,3.6973953247070312,,,,,,
14,,22549,,,,,,,25612.705078125,-11.43801498413086,,,
,,22599,,,,,,225.738525390625,,,,,
,,22599,,,,,21.327495574951172,,,,,,
14,,22599,,,,,,,25744.1796875,-11.27825927734375,,,
,,22649,,,,,,224.2264747619629,,,,,
,,22649,,,,,3.7527084350585938,,,,,,
14,,22649,,,,,,,25642.232421875,-11.132977485656738,,,
,,22699,,,,,,221.5437889099121,,,,,
,,22699,,,,,21.45552635192871,,,,,,
14,,22699,,,,,,,25697.408203125,-11.488873481750488,,,
,,22749,,,,,,228.18589210510254,,,,,
,,22749,,,,,3.5905838012695312,,,,,,
14,,22749,,,,,,,25692.05859375,-11.30751895904541,,,
,,22799,,,,,,219.32220458984375,,,,,
,,22799,,,,,22.214889526367188,,,,,,
14,,22799,,,,,,,25891.591796875,-11.369751930236816,,,
,,22849,,,,,,219.2702293395996,,,,,
,,22849,,,,,3.443002700805664,,,,,,
14,,22849,,,,,,,25595.966796875,-11.273796081542969,,,
,,22899,,,,,,225.3425121307373,,,,,
,,22899,,,,,21.439790725708008,,,,,,
14,,22899,,,,,,,25781.58203125,-11.061558723449707,,,
,,22949,,,,,,218.01233291625977,,,,,
,,22949,,,,,3.8826465606689453,,,,,,
14,,22949,,,,,,,25684.201171875,-11.356635093688965,,,
,,22999,,,,,,224.99442100524902,,,,,
,,22999,,,,,22.055864334106445,,,,,,
14,,22999,,,,,,,25610.7734375,-11.230849266052246,,,
,,23049,,,,,,223.61230850219727,,,,,
,,23049,,,,,3.5114288330078125,,,,,,
14,,23049,,,,,,,25577.671875,-11.464847564697266,,,
,,23099,,,,,,218.50299835205078,,,,,
,,23099,,,,,22.072315216064453,,,,,,
14,,23099,,,,,,,25816.044921875,-11.16393756866455,,,
,,23149,,,,,,228.7118434906006,,,,,
,,23149,,,,,3.7391185760498047,,,,,,
14,,23149,,,,,,,25579.875,-11.406237602233887,,,
,,23199,,,,,,219.51770782470703,,,,,
,,23199,,,,,21.592140197753906,,,,,,
14,,23199,,,,,,,25445.033203125,-11.177197456359863,,,
,,23249,,,,,,219.63119506835938,,,,,
,,23249,,,,,4.656314849853516,,,,,,
14,,23249,,,,,,,25657.724609375,-11.327528953552246,,,
,,23299,,,,,,213.2861614227295,,,,,
,,23299,,,,,21.103620529174805,,,,,,
14,,23299,,,,,,,25644.705078125,-10.889108657836914,,,
,,23349,,,,,,213.9277458190918,,,,,
,,23349,,,,,2.4619102478027344,,,,,,
14,,23349,,,,,,,25581.78125,-10.875128746032715,,,
,,23399,,,,,,216.80402755737305,,,,,
,,23399,,,,,20.6756591796875,,,,,,
14,,23399,,,,,,,25622.46875,-11.001426696777344,,,
14,,23444,,,,,,,,,-10.555558204650879,-10.714249610900879,-11.188872337341309
,,23445,,,,389.1479523181915,,,,,,,
,0.0003,23445,,,,,,,,,,,
,,23449,,,,,,213.45090866088867,,,,,
,,23449,,,,,3.921031951904297,,,,,,
15,,23449,,,,,,,25364.08203125,-11.155299186706543,,,
,,23499,,,,,,216.65120124816895,,,,,
,,23499,,,,,20.40243148803711,,,,,,
15,,23499,,,,,,,25501.568359375,-11.403165817260742,,,
,,23549,,,,,,210.62088012695312,,,,,
,,23549,,,,,2.4254322052001953,,,,,,
15,,23549,,,,,,,25719.4140625,-11.266298294067383,,,
,,23599,,,,,,212.5401496887207,,,,,
,,23599,,,,,20.48015594482422,,,,,,
15,,23599,,,,,,,25735.20703125,-11.08068561553955,,,
,,23649,,,,,,215.71636199951172,,,,,
,,23649,,,,,2.4499893188476562,,,,,,
15,,23649,,,,,,,25548.87890625,-10.978992462158203,,,
,,23699,,,,,,213.14597129821777,,,,,
,,23699,,,,,20.44224739074707,,,,,,
15,,23699,,,,,,,25672.3828125,-10.861063957214355,,,
,,23749,,,,,,215.90447425842285,,,,,
,,23749,,,,,2.516508102416992,,,,,,
15,,23749,,,,,,,25593.384765625,-11.223132133483887,,,
,,23799,,,,,,215.23451805114746,,,,,
,,23799,,,,,21.13509178161621,,,,,,
15,,23799,,,,,,,25621.37890625,-11.25951862335205,,,
,,23849,,,,,,216.98236465454102,,,,,
,,23849,,,,,2.789735794067383,,,,,,
15,,23849,,,,,,,25626.400390625,-11.113615036010742,,,
,,23899,,,,,,220.17145156860352,,,,,
,,23899,,,,,21.38233184814453,,,,,,
15,,23899,,,,,,,25893.51171875,-10.944089889526367,,,
,,23949,,,,,,220.0167179107666,,,,,
,,23949,,,,,3.340482711791992,,,,,,
15,,23949,,,,,,,25670.484375,-11.083393096923828,,,
,,23999,,,,,,217.34309196472168,,,,,
,,23999,,,,,21.092653274536133,,,,,,
15,,23999,,,,,,,25627.572265625,-11.071037292480469,,,
,,24049,,,,,,217.04983711242676,,,,,
,,24049,,,,,3.370523452758789,,,,,,
15,,24049,,,,,,,25815.185546875,-11.035719871520996,,,
,,24099,,,,,,227.9505729675293,,,,,
,,24099,,,,,21.1946964263916,,,,,,
15,,24099,,,,,,,25730.9609375,-11.30637264251709,,,
,,24149,,,,,,216.87817573547363,,,,,
,,24149,,,,,3.4296512603759766,,,,,,
15,,24149,,,,,,,25582.6015625,-11.265240669250488,,,
,,24199,,,,,,217.5924777984619,,,,,
,,24199,,,,,21.627426147460938,,,,,,
15,,24199,,,,,,,25593.6015625,-11.42104721069336,,,
,,24249,,,,,,218.36376190185547,,,,,
,,24249,,,,,4.707574844360352,,,,,,
15,,24249,,,,,,,25677.59375,-11.338990211486816,,,
,,24299,,,,,,216.6147232055664,,,,,
,,24299,,,,,21.337270736694336,,,,,,
15,,24299,,,,,,,25688.86328125,-11.168684005737305,,,
,,24349,,,,,,220.41869163513184,,,,,
,,24349,,,,,3.5343170166015625,,,,,,
15,,24349,,,,,,,25645.4140625,-11.464958190917969,,,
,,24399,,,,,,218.21832656860352,,,,,
,,24399,,,,,21.625757217407227,,,,,,
15,,24399,,,,,,,25770.470703125,-11.24874496459961,,,
,,24449,,,,,,218.0190086364746,,,,,
,,24449,,,,,3.248929977416992,,,,,,
15,,24449,,,,,,,25382.826171875,-11.285441398620605,,,
,,24499,,,,,,228.0738353729248,,,,,
,,24499,,,,,20.898103713989258,,,,,,
15,,24499,,,,,,,25536.49609375,-11.374460220336914,,,
,,24549,,,,,,217.80943870544434,,,,,
,,24549,,,,,3.8690567016601562,,,,,,
15,,24549,,,,,,,25683.71875,-11.197001457214355,,,
,,24599,,,,,,219.30837631225586,,,,,
,,24599,,,,,21.721601486206055,,,,,,
15,,24599,,,,,,,25630.05859375,-11.273564338684082,,,
,,24649,,,,,,219.96784210205078,,,,,
,,24649,,,,,3.2761096954345703,,,,,,
15,,24649,,,,,,,25469.53515625,-11.21850299835205,,,
,,24699,,,,,,222.52559661865234,,,,,
,,24699,,,,,22.07016944885254,,,,,,
15,,24699,,,,,,,25684.77734375,-11.255189895629883,,,
,,24749,,,,,,226.6836166381836,,,,,
,,24749,,,,,3.3905506134033203,,,,,,
15,,24749,,,,,,,25769.841796875,-11.15676212310791,,,
,,24799,,,,,,217.28157997131348,,,,,
,,24799,,,,,21.611690521240234,,,,,,
15,,24799,,,,,,,25559.0,-11.366727828979492,,,
,,24849,,,,,,220.0601100921631,,,,,
,,24849,,,,,3.762483596801758,,,,,,
15,,24849,,,,,,,25711.052734375,-11.098068237304688,,,
,,24899,,,,,,217.1497344970703,,,,,
,,24899,,,,,21.135568618774414,,,,,,
15,,24899,,,,,,,25937.791015625,-11.125778198242188,,,
,,24949,,,,,,217.35739707946777,,,,,
,,24949,,,,,3.404378890991211,,,,,,
15,,24949,,,,,,,25794.390625,-11.27842903137207,,,
,,24999,,,,,,218.07146072387695,,,,,
,,24999,,,,,21.402359008789062,,,,,,
15,,24999,,,,,,,25698.96875,-11.339734077453613,,,
15,,25007,,,,,,,,,-10.556754112243652,-10.71743392944336,-11.190977096557617
,,25008,,,,383.6282844543457,,,,,,,
,0.0003,25008,,,,,,,,,,,
,,25049,,,,,,220.84379196166992,,,,,
,,25049,,,,,3.4744739532470703,,,,,,
16,,25049,,,,,,,25687.865234375,-11.121793746948242,,,
,,25099,,,,,,219.8796272277832,,,,,
,,25099,,,,,23.168563842773438,,,,,,
16,,25099,,,,,,,25628.8046875,-11.151844024658203,,,
,,25149,,,,,,222.8074073791504,,,,,
,,25149,,,,,4.032611846923828,,,,,,
16,,25149,,,,,,,25722.59765625,-11.231176376342773,,,
,,25199,,,,,,219.67101097106934,,,,,
,,25199,,,,,21.419286727905273,,,,,,
16,,25199,,,,,,,25708.30078125,-11.466740608215332,,,
,,25249,,,,,,231.84537887573242,,,,,
,,25249,,,,,3.520965576171875,,,,,,
16,,25249,,,,,,,25721.96484375,-11.26674747467041,,,
,,25299,,,,,,219.1333770751953,,,,,
,,25299,,,,,21.41118049621582,,,,,,
16,,25299,,,,,,,25621.548828125,-11.044757843017578,,,
,,25349,,,,,,226.4840602874756,,,,,
,,25349,,,,,4.960775375366211,,,,,,
16,,25349,,,,,,,25695.171875,-11.255566596984863,,,
,,25399,,,,,,219.76447105407715,,,,,
,,25399,,,,,21.677255630493164,,,,,,
16,,25399,,,,,,,25589.26953125,-11.100896835327148,,,
,,25449,,,,,,220.32785415649414,,,,,
,,25449,,,,,5.064249038696289,,,,,,
16,,25449,,,,,,,25715.544921875,-10.919113159179688,,,
,,25499,,,,,,220.259428024292,,,,,
,,25499,,,,,21.750450134277344,,,,,,
16,,25499,,,,,,,25519.26171875,-11.46153450012207,,,
,,25549,,,,,,222.02730178833008,,,,,
,,25549,,,,,3.8318634033203125,,,,,,
16,,25549,,,,,,,25631.73828125,-11.229326248168945,,,
,,25599,,,,,,221.5120792388916,,,,,
,,25599,,,,,25.223493576049805,,,,,,
16,,25599,,,,,,,25652.291015625,-11.095685005187988,,,
,,25649,,,,,,222.95165061950684,,,,,
,,25649,,,,,3.719806671142578,,,,,,
16,,25649,,,,,,,25813.82421875,-11.60905933380127,,,
,,25699,,,,,,223.47187995910645,,,,,
,,25699,,,,,24.06454086303711,,,,,,
16,,25699,,,,,,,25788.732421875,-11.270712852478027,,,
,,25749,,,,,,218.29581260681152,,,,,
,,25749,,,,,3.871917724609375,,,,,,
16,,25749,,,,,,,25780.703125,-11.155160903930664,,,
,,25799,,,,,,218.77288818359375,,,,,
,,25799,,,,,21.24190330505371,,,,,,
16,,25799,,,,,,,25541.125,-11.113104820251465,,,
,,25849,,,,,,218.22810173034668,,,,,
,,25849,,,,,3.596782684326172,,,,,,
16,,25849,,,,,,,25586.533203125,-11.078862190246582,,,
,,25899,,,,,,219.3589210510254,,,,,
,,25899,,,,,21.185636520385742,,,,,,
16,,25899,,,,,,,25818.86328125,-11.089479446411133,,,
,,25949,,,,,,217.03529357910156,,,,,
,,25949,,,,,3.3903121948242188,,,,,,
16,,25949,,,,,,,25727.86328125,-11.383620262145996,,,
,,25999,,,,,,218.10531616210938,,,,,
,,25999,,,,,22.01533317565918,,,,,,
16,,25999,,,,,,,25872.09765625,-11.395658493041992,,,
,,26049,,,,,,218.00994873046875,,,,,
,,26049,,,,,3.5924911499023438,,,,,,
16,,26049,,,,,,,25824.380859375,-11.3534517288208,,,
,,26099,,,,,,220.87430953979492,,,,,
,,26099,,,,,21.134138107299805,,,,,,
16,,26099,,,,,,,25972.978515625,-11.203925132751465,,,
,,26149,,,,,,211.5635871887207,,,,,
,,26149,,,,,2.444028854370117,,,,,,
16,,26149,,,,,,,25841.3515625,-11.24935245513916,,,
,,26199,,,,,,213.1040096282959,,,,,
,,26199,,,,,21.076679229736328,,,,,,
16,,26199,,,,,,,25799.44921875,-11.10051155090332,,,
,,26249,,,,,,211.9746208190918,,,,,
,,26249,,,,,2.5072097778320312,,,,,,
16,,26249,,,,,,,25769.0859375,-11.303933143615723,,,
,,26299,,,,,,215.55495262145996,,,,,
,,26299,,,,,20.611286163330078,,,,,,
16,,26299,,,,,,,25724.82421875,-11.389594078063965,,,
,,26349,,,,,,214.98656272888184,,,,,
,,26349,,,,,2.7222633361816406,,,,,,
16,,26349,,,,,,,25747.80859375,-11.176056861877441,,,
,,26399,,,,,,213.2880687713623,,,,,
,,26399,,,,,25.248289108276367,,,,,,
16,,26399,,,,,,,25698.052734375,-11.203231811523438,,,
,,26449,,,,,,215.81077575683594,,,,,
,,26449,,,,,4.156589508056641,,,,,,
16,,26449,,,,,,,25498.3671875,-11.435986518859863,,,
,,26499,,,,,,213.1180763244629,,,,,
,,26499,,,,,20.59030532836914,,,,,,
16,,26499,,,,,,,25995.57421875,-11.036547660827637,,,
,,26549,,,,,,211.80367469787598,,,,,
,,26549,,,,,2.4843215942382812,,,,,,
16,,26549,,,,,,,25542.650390625,-10.753641128540039,,,
16,,26570,,,,,,,,,-10.556733131408691,-10.716212272644043,-11.196239471435547
,,26571,,,,384.7344272136688,,,,,,,
,0.0003,26571,,,,,,,,,,,
,,26599,,,,,,214.33639526367188,,,,,
,,26599,,,,,20.623445510864258,,,,,,
17,,26599,,,,,,,25814.9921875,-11.149637222290039,,,
,,26649,,,,,,213.44661712646484,,,,,
,,26649,,,,,2.437591552734375,,,,,,
17,,26649,,,,,,,25608.03515625,-11.20217514038086,,,
,,26699,,,,,,221.43077850341797,,,,,
,,26699,,,,,20.25008201599121,,,,,,
17,,26699,,,,,,,25927.2578125,-11.09291934967041,,,
,,26749,,,,,,212.30530738830566,,,,,
,,26749,,,,,2.3648738861083984,,,,,,
17,,26749,,,,,,,25776.57421875,-11.288596153259277,,,
,,26799,,,,,,214.5380973815918,,,,,
,,26799,,,,,21.149396896362305,,,,,,
17,,26799,,,,,,,25594.6328125,-11.35405445098877,,,
,,26849,,,,,,215.0418758392334,,,,,
,,26849,,,,,2.416849136352539,,,,,,
17,,26849,,,,,,,25567.47265625,-11.302030563354492,,,
,,26899,,,,,,216.1879539489746,,,,,
,,26899,,,,,21.11029624938965,,,,,,
17,,26899,,,,,,,25705.36328125,-11.41287612915039,,,
,,26949,,,,,,215.82961082458496,,,,,
,,26949,,,,,2.554655075073242,,,,,,
17,,26949,,,,,,,25821.88671875,-11.545144081115723,,,
,,26999,,,,,,216.6616916656494,,,,,
,,26999,,,,,21.199464797973633,,,,,,
17,,26999,,,,,,,25549.2890625,-10.960245132446289,,,
,,27049,,,,,,212.1908664703369,,,,,
,,27049,,,,,2.4335384368896484,,,,,,
17,,27049,,,,,,,25754.703125,-10.982683181762695,,,
,,27099,,,,,,218.32680702209473,,,,,
,,27099,,,,,20.795822143554688,,,,,,
17,,27099,,,,,,,25827.267578125,-11.30605697631836,,,
,,27149,,,,,,214.39576148986816,,,,,
,,27149,,,,,2.4747848510742188,,,,,,
17,,27149,,,,,,,25853.36328125,-11.141357421875,,,
,,27199,,,,,,213.8833999633789,,,,,
,,27199,,,,,20.2333927154541,,,,,,
17,,27199,,,,,,,25650.494140625,-10.922172546386719,,,
,,27249,,,,,,214.34593200683594,,,,,
,,27249,,,,,2.452850341796875,,,,,,
17,,27249,,,,,,,25740.234375,-11.152128219604492,,,
,,27299,,,,,,217.13781356811523,,,,,
,,27299,,,,,21.017789840698242,,,,,,
17,,27299,,,,,,,25751.26953125,-11.12717056274414,,,
,,27349,,,,,,212.39042282104492,,,,,
,,27349,,,,,2.4652481079101562,,,,,,
17,,27349,,,,,,,25572.3359375,-11.260115623474121,,,
,,27399,,,,,,215.44575691223145,,,,,
,,27399,,,,,20.908594131469727,,,,,,
17,,27399,,,,,,,25662.861328125,-11.32020378112793,,,
,,27449,,,,,,212.6932144165039,,,,,
,,27449,,,,,2.4247169494628906,,,,,,
17,,27449,,,,,,,25718.615234375,-10.913300514221191,,,
,,27499,,,,,,213.84429931640625,,,,,
,,27499,,,,,20.645618438720703,,,,,,
17,,27499,,,,,,,25692.47265625,-11.30593490600586,,,
,,27549,,,,,,215.11411666870117,,,,,
,,27549,,,,,2.363443374633789,,,,,,
17,,27549,,,,,,,25588.06640625,-11.082438468933105,,,
,,27599,,,,,,213.4256362915039,,,,,
,,27599,,,,,20.479917526245117,,,,,,
17,,27599,,,,,,,25812.24609375,-11.481314659118652,,,
,,27649,,,,,,213.87791633605957,,,,,
,,27649,,,,,2.4290084838867188,,,,,,
17,,27649,,,,,,,25767.833984375,-11.106861114501953,,,
,,27699,,,,,,216.49980545043945,,,,,
,,27699,,,,,21.15345001220703,,,,,,
17,,27699,,,,,,,25649.80859375,-11.327736854553223,,,
,,27749,,,,,,214.52713012695312,,,,,
,,27749,,,,,2.9125213623046875,,,,,,
17,,27749,,,,,,,25679.197265625,-11.10816478729248,,,
,,27799,,,,,,215.5132293701172,,,,,
,,27799,,,,,20.612239837646484,,,,,,
17,,27799,,,,,,,25779.30078125,-10.685744285583496,,,
,,27849,,,,,,213.6094570159912,,,,,
,,27849,,,,,2.4755001068115234,,,,,,
17,,27849,,,,,,,25628.23046875,-11.145243644714355,,,
,,27899,,,,,,212.50629425048828,,,,,
,,27899,,,,,24.91927146911621,,,,,,
17,,27899,,,,,,,25543.748046875,-11.28111743927002,,,
,,27949,,,,,,212.22543716430664,,,,,
,,27949,,,,,2.4178028106689453,,,,,,
17,,27949,,,,,,,25610.201171875,-11.127670288085938,,,
,,27999,,,,,,215.1188850402832,,,,,
,,27999,,,,,20.438671112060547,,,,,,
17,,27999,,,,,,,25597.98828125,-11.364882469177246,,,
,,28049,,,,,,219.38014030456543,,,,,
,,28049,,,,,4.207611083984375,,,,,,
17,,28049,,,,,,,25847.73828125,-11.398219108581543,,,
,,28099,,,,,,218.14393997192383,,,,,
,,28099,,,,,21.162033081054688,,,,,,
17,,28099,,,,,,,25672.21875,-11.145023345947266,,,
17,,28133,,,,,,,,,-10.569079399108887,-10.726944923400879,-11.188982963562012
,,28134,,,,378.42454051971436,,,,,,,
,0.0003,28134,,,,,,,,,,,
,,28149,,,,,,218.23954582214355,,,,,
,,28149,,,,,3.7207603454589844,,,,,,
18,,28149,,,,,,,25731.548828125,-11.238121032714844,,,
,,28199,,,,,,226.49598121643066,,,,,
,,28199,,,,,23.343801498413086,,,,,,
18,,28199,,,,,,,25504.73046875,-11.113595962524414,,,
,,28249,,,,,,220.6101417541504,,,,,
,,28249,,,,,4.162311553955078,,,,,,
18,,28249,,,,,,,25900.3984375,-11.388348579406738,,,
,,28299,,,,,,218.67895126342773,,,,,
,,28299,,,,,20.984172821044922,,,,,,
18,,28299,,,,,,,25883.685546875,-10.808619499206543,,,
,,28349,,,,,,226.54032707214355,,,,,
,,28349,,,,,4.970550537109375,,,,,,
18,,28349,,,,,,,25809.50390625,-11.394715309143066,,,
,,28399,,,,,,212.60833740234375,,,,,
,,28399,,,,,20.52783966064453,,,,,,
18,,28399,,,,,,,25617.603515625,-11.104362487792969,,,
,,28449,,,,,,213.7889862060547,,,,,
,,28449,,,,,2.617359161376953,,,,,,
18,,28449,,,,,,,25730.40625,-11.486574172973633,,,
,,28499,,,,,,213.8826847076416,,,,,
,,28499,,,,,20.43604850769043,,,,,,
18,,28499,,,,,,,25553.64453125,-11.224793434143066,,,
,,28549,,,,,,214.8609161376953,,,,,
,,28549,,,,,2.5959014892578125,,,,,,
18,,28549,,,,,,,25888.333984375,-11.390265464782715,,,
,,28599,,,,,,216.62330627441406,,,,,
,,28599,,,,,20.758628845214844,,,,,,
18,,28599,,,,,,,25941.62109375,-11.188029289245605,,,
,,28649,,,,,,212.84842491149902,,,,,
,,28649,,,,,2.4275779724121094,,,,,,
18,,28649,,,,,,,25665.25,-11.032570838928223,,,
,,28699,,,,,,214.06865119934082,,,,,
,,28699,,,,,21.214723587036133,,,,,,
18,,28699,,,,,,,25662.12890625,-11.391432762145996,,,
,,28749,,,,,,221.44174575805664,,,,,
,,28749,,,,,2.6814937591552734,,,,,,
18,,28749,,,,,,,25642.79296875,-11.0274019241333,,,
,,28799,,,,,,216.68076515197754,,,,,
,,28799,,,,,20.854473114013672,,,,,,
18,,28799,,,,,,,25774.859375,-11.101664543151855,,,
,,28849,,,,,,213.6380672454834,,,,,
,,28849,,,,,2.5758743286132812,,,,,,
18,,28849,,,,,,,25800.98046875,-11.260698318481445,,,
,,28899,,,,,,215.98434448242188,,,,,
,,28899,,,,,20.82347869873047,,,,,,
18,,28899,,,,,,,25592.779296875,-10.982301712036133,,,
,,28949,,,,,,220.2892303466797,,,,,
,,28949,,,,,3.7260055541992188,,,,,,
18,,28949,,,,,,,25566.75,-11.19775390625,,,
,,28999,,,,,,225.42953491210938,,,,,
,,28999,,,,,20.6756591796875,,,,,,
18,,28999,,,,,,,25915.80078125,-11.130624771118164,,,
,,29049,,,,,,217.1463966369629,,,,,
,,29049,,,,,2.5589466094970703,,,,,,
18,,29049,,,,,,,25908.220703125,-11.325091361999512,,,
,,29099,,,,,,214.06841278076172,,,,,
,,29099,,,,,20.39051055908203,,,,,,
18,,29099,,,,,,,25593.1484375,-11.185769081115723,,,
,,29149,,,,,,217.98992156982422,,,,,
,,29149,,,,,2.545595169067383,,,,,,
18,,29149,,,,,,,25432.931640625,-10.97916316986084,,,
,,29199,,,,,,213.90295028686523,,,,,
,,29199,,,,,20.431995391845703,,,,,,
18,,29199,,,,,,,25791.0,-10.956686973571777,,,
,,29249,,,,,,213.06419372558594,,,,,
,,29249,,,,,2.474546432495117,,,,,,
18,,29249,,,,,,,25735.60546875,-11.340754508972168,,,
,,29299,,,,,,213.80972862243652,,,,,
,,29299,,,,,20.499706268310547,,,,,,
18,,29299,,,,,,,25832.671875,-11.219852447509766,,,
,,29349,,,,,,214.34473991394043,,,,,
,,29349,,,,,2.5353431701660156,,,,,,
18,,29349,,,,,,,25675.12109375,-11.346977233886719,,,
,,29399,,,,,,213.17172050476074,,,,,
,,29399,,,,,20.40886878967285,,,,,,
18,,29399,,,,,,,25691.03515625,-11.029765129089355,,,
,,29449,,,,,,214.39766883850098,,,,,
,,29449,,,,,2.5207996368408203,,,,,,
18,,29449,,,,,,,25638.3203125,-11.114233016967773,,,
,,29499,,,,,,213.99664878845215,,,,,
,,29499,,,,,20.351171493530273,,,,,,
18,,29499,,,,,,,25791.11328125,-10.96341323852539,,,
,,29549,,,,,,216.37678146362305,,,,,
,,29549,,,,,2.712726593017578,,,,,,
18,,29549,,,,,,,25692.1640625,-11.130144119262695,,,
,,29599,,,,,,212.53085136413574,,,,,
,,29599,,,,,22.518157958984375,,,,,,
18,,29599,,,,,,,25672.0078125,-11.295928955078125,,,
,,29649,,,,,,213.18292617797852,,,,,
,,29649,,,,,2.5587081909179688,,,,,,
18,,29649,,,,,,,25816.310546875,-10.906201362609863,,,
18,,29696,,,,,,,,,-10.553316116333008,-10.702966690063477,-11.160918235778809
,,29697,,,,378.77412271499634,,,,,,,
,0.0003,29697,,,,,,,,,,,
,,29699,,,,,,213.53578567504883,,,,,
,,29699,,,,,20.26677131652832,,,,,,
19,,29699,,,,,,,25699.0703125,-10.952801704406738,,,
,,29749,,,,,,213.6821746826172,,,,,
,,29749,,,,,2.4526119232177734,,,,,,
19,,29749,,,,,,,25713.412109375,-11.356879234313965,,,
,,29799,,,,,,212.27049827575684,,,,,
,,29799,,,,,20.1568603515625,,,,,,
19,,29799,,,,,,,25689.69140625,-11.276369094848633,,,
,,29849,,,,,,213.22989463806152,,,,,
,,29849,,,,,2.393484115600586,,,,,,
19,,29849,,,,,,,25813.232421875,-11.074098587036133,,,
,,29899,,,,,,215.27433395385742,,,,,
,,29899,,,,,25.59828758239746,,,,,,
19,,29899,,,,,,,25710.5859375,-11.297605514526367,,,
,,29949,,,,,,213.1481170654297,,,,,
,,29949,,,,,2.4971961975097656,,,,,,
19,,29949,,,,,,,25640.82421875,-11.088356971740723,,,
,,29999,,,,,,215.13676643371582,,,,,
,,29999,,,,,20.734548568725586,,,,,,
19,,29999,,,,,,,25732.515625,-10.657423973083496,,,
,,30049,,,,,,216.35055541992188,,,,,
,,30049,,,,,2.506732940673828,,,,,,
19,,30049,,,,,,,25817.591796875,-11.266205787658691,,,
,,30099,,,,,,214.15281295776367,,,,,
,,30099,,,,,20.442724227905273,,,,,,
19,,30099,,,,,,,25880.642578125,-11.10634994506836,,,
,,30149,,,,,,213.9761447906494,,,,,
,,30149,,,,,2.493143081665039,,,,,,
19,,30149,,,,,,,25752.34765625,-11.341466903686523,,,
,,30199,,,,,,214.3549919128418,,,,,
,,30199,,,,,20.9653377532959,,,,,,
19,,30199,,,,,,,25695.8046875,-11.173306465148926,,,
,,30249,,,,,,213.86289596557617,,,,,
,,30249,,,,,2.5336742401123047,,,,,,
19,,30249,,,,,,,25598.36328125,-11.281341552734375,,,
,,30299,,,,,,215.0731086730957,,,,,
,,30299,,,,,21.001815795898438,,,,,,
19,,30299,,,,,,,25796.46484375,-11.385430335998535,,,
,,30349,,,,,,214.48111534118652,,,,,
,,30349,,,,,2.5665760040283203,,,,,,
19,,30349,,,,,,,25740.46875,-11.134157180786133,,,
,,30399,,,,,,216.69459342956543,,,,,
,,30399,,,,,20.546913146972656,,,,,,
19,,30399,,,,,,,25683.931640625,-11.207846641540527,,,
,,30449,,,,,,213.9439582824707,,,,,
,,30449,,,,,2.4042129516601562,,,,,,
19,,30449,,,,,,,25706.865234375,-11.43679141998291,,,
,,30499,,,,,,215.7120704650879,,,,,
,,30499,,,,,20.37978172302246,,,,,,
19,,30499,,,,,,,25670.509765625,-11.407188415527344,,,
,,30549,,,,,,224.6994972229004,,,,,
,,30549,,,,,2.516031265258789,,,,,,
19,,30549,,,,,,,25672.38671875,-11.231203079223633,,,
,,30599,,,,,,217.4355983734131,,,,,
,,30599,,,,,23.524761199951172,,,,,,
19,,30599,,,,,,,25666.5078125,-11.067292213439941,,,
,,30649,,,,,,229.0322780609131,,,,,
,,30649,,,,,4.417181015014648,,,,,,
19,,30649,,,,,,,25794.69921875,-11.138150215148926,,,
,,30699,,,,,,214.33663368225098,,,,,
,,30699,,,,,20.280838012695312,,,,,,
19,,30699,,,,,,,25733.28515625,-11.222569465637207,,,
,,30749,,,,,,214.1718864440918,,,,,
,,30749,,,,,2.508878707885742,,,,,,
19,,30749,,,,,,,25670.56640625,-11.441144943237305,,,
,,30799,,,,,,214.35809135437012,,,,,
,,30799,,,,,20.92719078063965,,,,,,
19,,30799,,,,,,,25831.1171875,-11.129849433898926,,,
,,30849,,,,,,212.4631404876709,,,,,
,,30849,,,,,2.461671829223633,,,,,,
19,,30849,,,,,,,25810.13671875,-11.290837287902832,,,
,,30899,,,,,,214.2643928527832,,,,,
,,30899,,,,,21.663427352905273,,,,,,
19,,30899,,,,,,,25771.376953125,-11.268261909484863,,,
,,30949,,,,,,213.0124568939209,,,,,
,,30949,,,,,2.490520477294922,,,,,,
19,,30949,,,,,,,25823.994140625,-11.265402793884277,,,
,,30999,,,,,,213.09971809387207,,,,,
,,30999,,,,,20.532846450805664,,,,,,
19,,30999,,,,,,,25787.5078125,-11.174251556396484,,,
,,31049,,,,,,213.54150772094727,,,,,
,,31049,,,,,2.47955322265625,,,,,,
19,,31049,,,,,,,25751.65234375,-11.202607154846191,,,
,,31099,,,,,,216.89534187316895,,,,,
,,31099,,,,,20.548343658447266,,,,,,
19,,31099,,,,,,,25619.015625,-11.24570083618164,,,
,,31149,,,,,,214.39862251281738,,,,,
,,31149,,,,,2.501964569091797,,,,,,
19,,31149,,,,,,,25863.8359375,-11.10509204864502,,,
,,31199,,,,,,213.30642700195312,,,,,
,,31199,,,,,20.55215835571289,,,,,,
19,,31199,,,,,,,25629.33203125,-11.194479942321777,,,
,,31249,,,,,,213.5787010192871,,,,,
,,31249,,,,,2.5091171264648438,,,,,,
19,,31249,,,,,,,25618.05078125,-10.907018661499023,,,
19,,31259,,,,,,,,,-10.547860145568848,-10.700459480285645,-11.167057991027832
,,31260,,,,376.6908016204834,,,,,,,
,0.0003,31260,,,,,,,,,,,
,,31299,,,,,,216.49742126464844,,,,,
,,31299,,,,,20.588397979736328,,,,,,
20,,31299,,,,,,,25723.1015625,-11.321974754333496,,,
,,31349,,,,,,213.37652206420898,,,,,
,,31349,,,,,2.5491714477539062,,,,,,
20,,31349,,,,,,,25782.626953125,-11.109259605407715,,,
,,31399,,,,,,218.92333030700684,,,,,
,,31399,,,,,20.635366439819336,,,,,,
20,,31399,,,,,,,25631.50390625,-11.143028259277344,,,
,,31449,,,,,,216.16625785827637,,,,,
,,31449,,,,,2.5899410247802734,,,,,,
20,,31449,,,,,,,25912.7421875,-11.05591869354248,,,
,,31499,,,,,,217.1473503112793,,,,,
,,31499,,,,,20.952939987182617,,,,,,
20,,31499,,,,,,,25949.72265625,-11.16378116607666,,,
,,31549,,,,,,213.29164505004883,,,,,
,,31549,,,,,2.5839805603027344,,,,,,
20,,31549,,,,,,,25528.498046875,-10.907228469848633,,,
,,31599,,,,,,212.64934539794922,,,,,
,,31599,,,,,20.550966262817383,,,,,,
20,,31599,,,,,,,25781.568359375,-10.853071212768555,,,
,,31649,,,,,,220.69358825683594,,,,,
,,31649,,,,,2.4852752685546875,,,,,,
20,,31649,,,,,,,25656.734375,-11.07965087890625,,,
,,31699,,,,,,209.74159240722656,,,,,
,,31699,,,,,20.437002182006836,,,,,,
20,,31699,,,,,,,25692.02734375,-10.943610191345215,,,
,,31749,,,,,,216.3991928100586,,,,,
,,31749,,,,,2.5556087493896484,,,,,,
20,,31749,,,,,,,25740.71484375,-10.945209503173828,,,
,,31799,,,,,,222.7649688720703,,,,,
,,31799,,,,,21.230697631835938,,,,,,
20,,31799,,,,,,,25772.958984375,-11.201269149780273,,,
,,31849,,,,,,220.32690048217773,,,,,
,,31849,,,,,2.791166305541992,,,,,,
20,,31849,,,,,,,25873.28125,-11.175354957580566,,,
,,31899,,,,,,213.41729164123535,,,,,
,,31899,,,,,21.29530906677246,,,,,,
20,,31899,,,,,,,25764.74609375,-10.963043212890625,,,
,,31949,,,,,,219.15841102600098,,,,,
,,31949,,,,,2.600431442260742,,,,,,
20,,31949,,,,,,,25661.841796875,-11.031339645385742,,,
,,31999,,,,,,213.67192268371582,,,,,
,,31999,,,,,20.82514762878418,,,,,,
20,,31999,,,,,,,25738.40234375,-11.257600784301758,,,
,,32049,,,,,,219.55513954162598,,,,,
,,32049,,,,,2.553701400756836,,,,,,
20,,32049,,,,,,,25939.65625,-11.105326652526855,,,
,,32099,,,,,,216.35746955871582,,,,,
,,32099,,,,,20.374536514282227,,,,,,
20,,32099,,,,,,,25943.6796875,-11.20592212677002,,,
,,32149,,,,,,220.33143043518066,,,,,
,,32149,,,,,2.5103092193603516,,,,,,
20,,32149,,,,,,,25744.55078125,-11.20937728881836,,,
,,32199,,,,,,213.74082565307617,,,,,
,,32199,,,,,20.646333694458008,,,,,,
20,,32199,,,,,,,25870.578125,-11.092841148376465,,,
,,32249,,,,,,212.92567253112793,,,,,
,,32249,,,,,2.521514892578125,,,,,,
20,,32249,,,,,,,25654.203125,-11.379252433776855,,,
,,32299,,,,,,219.38562393188477,,,,,
,,32299,,,,,20.368337631225586,,,,,,
20,,32299,,,,,,,25678.50390625,-11.114469528198242,,,
,,32349,,,,,,221.07172012329102,,,,,
,,32349,,,,,2.540111541748047,,,,,,
20,,32349,,,,,,,25724.0703125,-11.047341346740723,,,
,,32399,,,,,,222.54657745361328,,,,,
,,32399,,,,,20.688533782958984,,,,,,
20,,32399,,,,,,,25787.53125,-11.241960525512695,,,
,,32449,,,,,,230.37075996398926,,,,,
,,32449,,,,,4.376411437988281,,,,,,
20,,32449,,,,,,,25645.8203125,-10.883415222167969,,,
,,32499,,,,,,222.19514846801758,,,,,
,,32499,,,,,24.684906005859375,,,,,,
20,,32499,,,,,,,25909.498046875,-11.066081047058105,,,
,,32549,,,,,,225.0194549560547,,,,,
,,32549,,,,,3.664255142211914,,,,,,
20,,32549,,,,,,,25664.31640625,-11.160429000854492,,,
,,32599,,,,,,224.75194931030273,,,,,
,,32599,,,,,23.472309112548828,,,,,,
20,,32599,,,,,,,25812.5546875,-11.097854614257812,,,
,,32649,,,,,,234.51948165893555,,,,,
,,32649,,,,,3.968954086303711,,,,,,
20,,32649,,,,,,,25677.287109375,-11.126709938049316,,,
,,32699,,,,,,219.82121467590332,,,,,
,,32699,,,,,21.420717239379883,,,,,,
20,,32699,,,,,,,25689.37890625,-11.327038764953613,,,
,,32749,,,,,,227.5102138519287,,,,,
,,32749,,,,,4.104852676391602,,,,,,
20,,32749,,,,,,,25900.001953125,-11.058341979980469,,,
,,32799,,,,,,224.17593002319336,,,,,
,,32799,,,,,21.236896514892578,,,,,,
20,,32799,,,,,,,25705.779296875,-11.155621528625488,,,
20,,32822,,,,,,,,,-10.54133415222168,-10.692155838012695,-11.141380310058594
,,32823,,,,383.7618942260742,,,,,,,
,0.0003,32823,,,,,,,,,,,
,,32849,,,,,,217.08250045776367,,,,,
,,32849,,,,,3.552675247192383,,,,,,
21,,32849,,,,,,,25915.65234375,-10.7354736328125,,,
,,32899,,,,,,218.22047233581543,,,,,
,,32899,,,,,21.80337905883789,,,,,,
21,,32899,,,,,,,25649.263671875,-10.955101013183594,,,
,,32949,,,,,,225.08573532104492,,,,,
,,32949,,,,,3.4394264221191406,,,,,,
21,,32949,,,,,,,25580.46875,-11.031984329223633,,,
,,32999,,,,,,225.59762001037598,,,,,
,,32999,,,,,21.57449722290039,,,,,,
21,,32999,,,,,,,25890.0625,-11.167607307434082,,,
,,33049,,,,,,230.83162307739258,,,,,
,,33049,,,,,3.5707950592041016,,,,,,
21,,33049,,,,,,,25750.07421875,-11.36436939239502,,,
,,33099,,,,,,227.1292209625244,,,,,
,,33099,,,,,21.07834815979004,,,,,,
21,,33099,,,,,,,25804.09765625,-11.089069366455078,,,
,,33149,,,,,,221.13442420959473,,,,,
,,33149,,,,,3.651857376098633,,,,,,
21,,33149,,,,,,,25751.83203125,-11.090519905090332,,,
,,33199,,,,,,218.77074241638184,,,,,
,,33199,,,,,21.329402923583984,,,,,,
21,,33199,,,,,,,25859.505859375,-11.072741508483887,,,
,,33249,,,,,,217.79918670654297,,,,,
,,33249,,,,,3.4580230712890625,,,,,,
21,,33249,,,,,,,25751.150390625,-11.094854354858398,,,
,,33299,,,,,,229.21419143676758,,,,,
,,33299,,,,,21.05855941772461,,,,,,
21,,33299,,,,,,,25632.4609375,-11.061830520629883,,,
,,33349,,,,,,232.15937614440918,,,,,
,,33349,,,,,3.6826133728027344,,,,,,
21,,33349,,,,,,,25877.51171875,-11.149428367614746,,,
,,33399,,,,,,217.40341186523438,,,,,
,,33399,,,,,21.227121353149414,,,,,,
21,,33399,,,,,,,25938.90625,-11.193849563598633,,,
,,33449,,,,,,219.32649612426758,,,,,
,,33449,,,,,3.389120101928711,,,,,,
21,,33449,,,,,,,25728.125,-11.33794116973877,,,
,,33499,,,,,,233.10470581054688,,,,,
,,33499,,,,,21.54374122619629,,,,,,
21,,33499,,,,,,,25754.859375,-11.258845329284668,,,
,,33549,,,,,,218.1680202484131,,,,,
,,33549,,,,,3.6830902099609375,,,,,,
21,,33549,,,,,,,25714.21484375,-10.836133003234863,,,
,,33599,,,,,,223.12450408935547,,,,,
,,33599,,,,,21.5756893157959,,,,,,
21,,33599,,,,,,,25891.453125,-11.386070251464844,,,
,,33649,,,,,,218.8873291015625,,,,,
,,33649,,,,,3.680706024169922,,,,,,
21,,33649,,,,,,,25690.2890625,-11.238718032836914,,,
,,33699,,,,,,224.12872314453125,,,,,
,,33699,,,,,21.21734619140625,,,,,,
21,,33699,,,,,,,25835.2109375,-10.937518119812012,,,
,,33749,,,,,,220.7329273223877,,,,,
,,33749,,,,,3.4453868865966797,,,,,,
21,,33749,,,,,,,25955.8984375,-11.097373008728027,,,
,,33799,,,,,,229.22205924987793,,,,,
,,33799,,,,,21.415233612060547,,,,,,
21,,33799,,,,,,,25770.923828125,-10.974357604980469,,,
,,33849,,,,,,226.32956504821777,,,,,
,,33849,,,,,4.052400588989258,,,,,,
21,,33849,,,,,,,26002.578125,-11.2677001953125,,,
,,33899,,,,,,227.370023727417,,,,,
,,33899,,,,,20.703554153442383,,,,,,
21,,33899,,,,,,,25608.015625,-10.835287094116211,,,
,,33949,,,,,,224.30419921875,,,,,
,,33949,,,,,3.2482147216796875,,,,,,
21,,33949,,,,,,,25795.18359375,-11.088114738464355,,,
,,33999,,,,,,227.3252010345459,,,,,
,,33999,,,,,20.631074905395508,,,,,,
21,,33999,,,,,,,25737.99609375,-11.356290817260742,,,
,,34049,,,,,,217.38600730895996,,,,,
,,34049,,,,,3.404855728149414,,,,,,
21,,34049,,,,,,,25692.5859375,-11.22255802154541,,,
,,34099,,,,,,221.56071662902832,,,,,
,,34099,,,,,25.004863739013672,,,,,,
21,,34099,,,,,,,25839.8984375,-11.707538604736328,,,
,,34149,,,,,,230.0724983215332,,,,,
,,34149,,,,,3.6966800689697266,,,,,,
21,,34149,,,,,,,25791.71875,-11.892595291137695,,,
,,34199,,,,,,226.03416442871094,,,,,
,,34199,,,,,21.986722946166992,,,,,,
21,,34199,,,,,,,25815.541015625,-11.191923141479492,,,
,,34249,,,,,,217.85831451416016,,,,,
,,34249,,,,,3.56292724609375,,,,,,
21,,34249,,,,,,,25560.35546875,-11.476602554321289,,,
,,34299,,,,,,225.22926330566406,,,,,
,,34299,,,,,21.496057510375977,,,,,,
21,,34299,,,,,,,25792.41796875,-11.218076705932617,,,
,,34349,,,,,,227.2017002105713,,,,,
,,34349,,,,,3.5791397094726562,,,,,,
21,,34349,,,,,,,25707.015625,-11.219478607177734,,,
21,,34385,,,,,,,,,-10.548089027404785,-10.713655471801758,-11.185208320617676
,,34386,,,,393.2298996448517,,,,,,,
,0.0003,34386,,,,,,,,,,,
,,34399,,,,,,235.63170433044434,,,,,
,,34399,,,,,23.60844612121582,,,,,,
22,,34399,,,,,,,25790.830078125,-11.200125694274902,,,
,,34449,,,,,,220.00837326049805,,,,,
,,34449,,,,,3.6020278930664062,,,,,,
22,,34449,,,,,,,25671.62109375,-11.059174537658691,,,
,,34499,,,,,,224.1535186767578,,,,,
,,34499,,,,,21.509647369384766,,,,,,
22,,34499,,,,,,,25738.748046875,-11.2886323928833,,,
,,34549,,,,,,226.59635543823242,,,,,
,,34549,,,,,3.9832592010498047,,,,,,
22,,34549,,,,,,,25812.0625,-11.30875015258789,,,
,,34599,,,,,,221.66109085083008,,,,,
,,34599,,,,,21.360397338867188,,,,,,
22,,34599,,,,,,,25779.15234375,-11.034323692321777,,,
,,34649,,,,,,218.47295761108398,,,,,
,,34649,,,,,4.2972564697265625,,,,,,
22,,34649,,,,,,,25564.92578125,-10.85549545288086,,,
,,34699,,,,,,213.09137344360352,,,,,
,,34699,,,,,20.854473114013672,,,,,,
22,,34699,,,,,,,25670.111328125,-11.034135818481445,,,
,,34749,,,,,,218.97196769714355,,,,,
,,34749,,,,,2.778768539428711,,,,,,
22,,34749,,,,,,,25856.96875,-11.32105541229248,,,
,,34799,,,,,,222.03993797302246,,,,,
,,34799,,,,,20.52617073059082,,,,,,
22,,34799,,,,,,,25855.341796875,-11.318686485290527,,,
,,34849,,,,,,213.48857879638672,,,,,
,,34849,,,,,2.646207809448242,,,,,,
22,,34849,,,,,,,25875.900390625,-11.113749504089355,,,
,,34899,,,,,,219.03085708618164,,,,,
,,34899,,,,,21.657228469848633,,,,,,
22,,34899,,,,,,,25527.87109375,-11.276884078979492,,,
,,34949,,,,,,213.67692947387695,,,,,
,,34949,,,,,2.582550048828125,,,,,,
22,,34949,,,,,,,25728.810546875,-11.313007354736328,,,
,,34999,,,,,,213.74773979187012,,,,,
,,34999,,,,,20.70140838623047,,,,,,
22,,34999,,,,,,,25774.921875,-11.010421752929688,,,
,,35049,,,,,,220.9177017211914,,,,,
,,35049,,,,,2.5942325592041016,,,,,,
22,,35049,,,,,,,25816.94921875,-10.980952262878418,,,
,,35099,,,,,,221.75240516662598,,,,,
,,35099,,,,,20.8432674407959,,,,,,
22,,35099,,,,,,,25673.23046875,-11.21804428100586,,,
,,35149,,,,,,221.05669975280762,,,,,
,,35149,,,,,2.593517303466797,,,,,,
22,,35149,,,,,,,25746.927734375,-11.279135704040527,,,
,,35199,,,,,,220.35622596740723,,,,,
,,35199,,,,,20.80821990966797,,,,,,
22,,35199,,,,,,,25834.640625,-10.93464469909668,,,
,,35249,,,,,,213.28330039978027,,,,,
,,35249,,,,,2.530336380004883,,,,,,
22,,35249,,,,,,,25603.265625,-11.07006549835205,,,
,,35299,,,,,,214.81752395629883,,,,,
,,35299,,,,,20.767927169799805,,,,,,
22,,35299,,,,,,,25741.31640625,-11.347790718078613,,,
,,35349,,,,,,214.95819091796875,,,,,
,,35349,,,,,2.569913864135742,,,,,,
22,,35349,,,,,,,25754.3125,-11.103861808776855,,,
,,35399,,,,,,214.14637565612793,,,,,
,,35399,,,,,20.57027816772461,,,,,,
22,,35399,,,,,,,25688.453125,-11.04648208618164,,,
,,35449,,,,,,215.86132049560547,,,,,
,,35449,,,,,2.5250911712646484,,,,,,
22,,35449,,,,,,,25834.203125,-11.058134078979492,,,
,,35499,,,,,,216.66717529296875,,,,,
,,35499,,,,,20.10035514831543,,,,,,
22,,35499,,,,,,,25702.423828125,-11.321012496948242,,,
,,35549,,,,,,219.66028213500977,,,,,
,,35549,,,,,2.511739730834961,,,,,,
22,,35549,,,,,,,25711.13671875,-11.329545974731445,,,
,,35599,,,,,,219.8798656463623,,,,,
,,35599,,,,,20.72596549987793,,,,,,
22,,35599,,,,,,,25768.73828125,-11.331957817077637,,,
,,35649,,,,,,219.3286418914795,,,,,
,,35649,,,,,2.4962425231933594,,,,,,
22,,35649,,,,,,,25728.47265625,-11.339775085449219,,,
,,35699,,,,,,230.09371757507324,,,,,
,,35699,,,,,21.628379821777344,,,,,,
22,,35699,,,,,,,25684.6328125,-11.344557762145996,,,
,,35749,,,,,,223.1452465057373,,,,,
,,35749,,,,,2.4919509887695312,,,,,,
22,,35749,,,,,,,25806.177734375,-11.156547546386719,,,
,,35799,,,,,,226.10211372375488,,,,,
,,35799,,,,,21.0113525390625,,,,,,
22,,35799,,,,,,,25792.970703125,-11.06458854675293,,,
,,35849,,,,,,213.39726448059082,,,,,
,,35849,,,,,2.5691986083984375,,,,,,
22,,35849,,,,,,,25877.6328125,-11.013357162475586,,,
,,35899,,,,,,213.07921409606934,,,,,
,,35899,,,,,25.30527114868164,,,,,,
22,,35899,,,,,,,25920.14453125,-11.113456726074219,,,
,,35949,,,,,,213.75465393066406,,,,,
22,,35948,,,,,,,,,-10.55212688446045,-10.70147705078125,-11.141730308532715
,,35949,,,,382.8279197216034,,,,,,,
,0.0003,35949,,,,,,,,,,,
,,35949,,,,,,,,,,,
23,,35949,,,,,,,25829.98828125,-11.365038871765137,,,
,,35999,,,,,,216.19367599487305,,,,,
,,35999,,,,,20.311594009399414,,,,,,
23,,35999,,,,,,,25848.21484375,-11.503145217895508,,,
,,36049,,,,,,216.0499095916748,,,,,
,,36049,,,,,2.52532958984375,,,,,,
23,,36049,,,,,,,25743.099609375,-11.182570457458496,,,
,,36099,,,,,,219.91729736328125,,,,,
,,36099,,,,,20.389556884765625,,,,,,
23,,36099,,,,,,,25967.4765625,-11.299988746643066,,,
,,36149,,,,,,212.88800239562988,,,,,
,,36149,,,,,2.505064010620117,,,,,,
23,,36149,,,,,,,25805.826171875,-11.194405555725098,,,
,,36199,,,,,,213.49763870239258,,,,,
,,36199,,,,,20.427465438842773,,,,,,
23,,36199,,,,,,,25726.1640625,-11.180164337158203,,,
,,36249,,,,,,211.9441032409668,,,,,
,,36249,,,,,2.4962425231933594,,,,,,
23,,36249,,,,,,,25804.546875,-11.053606033325195,,,
,,36299,,,,,,214.91575241088867,,,,,
,,36299,,,,,20.31397819519043,,,,,,
23,,36299,,,,,,,25714.748046875,-11.27310562133789,,,
,,36349,,,,,,219.44713592529297,,,,,
,,36349,,,,,2.4356842041015625,,,,,,
23,,36349,,,,,,,25754.51171875,-10.990346908569336,,,
,,36399,,,,,,219.63906288146973,,,,,
,,36399,,,,,20.47562599182129,,,,,,
23,,36399,,,,,,,25619.03125,-11.085336685180664,,,
,,36449,,,,,,221.01521492004395,,,,,
,,36449,,,,,2.493143081665039,,,,,,
23,,36449,,,,,,,25738.1328125,-11.09699535369873,,,
,,36499,,,,,,223.74892234802246,,,,,
,,36499,,,,,20.291805267333984,,,,,,
23,,36499,,,,,,,25763.498046875,-11.420393943786621,,,
,,36549,,,,,,218.0173397064209,,,,,
,,36549,,,,,2.4368762969970703,,,,,,
23,,36549,,,,,,,25865.2734375,-10.832538604736328,,,
,,36599,,,,,,224.95079040527344,,,,,
,,36599,,,,,20.33233642578125,,,,,,
23,,36599,,,,,,,25628.13671875,-11.258223533630371,,,
,,36649,,,,,,218.9009189605713,,,,,
,,36649,,,,,2.504110336303711,,,,,,
23,,36649,,,,,,,25766.041015625,-11.336997032165527,,,
,,36699,,,,,,222.78594970703125,,,,,
,,36699,,,,,20.95937728881836,,,,,,
23,,36699,,,,,,,25830.58203125,-10.996317863464355,,,
,,36749,,,,,,218.9640998840332,,,,,
,,36749,,,,,2.5451183319091797,,,,,,
23,,36749,,,,,,,25669.294921875,-11.295838356018066,,,
,,36799,,,,,,219.87032890319824,,,,,
,,36799,,,,,20.36452293395996,,,,,,
23,,36799,,,,,,,25726.20703125,-11.11317253112793,,,
,,36849,,,,,,220.7651138305664,,,,,
,,36849,,,,,2.4504661560058594,,,,,,
23,,36849,,,,,,,25628.54296875,-11.186943054199219,,,
,,36899,,,,,,219.81406211853027,,,,,
,,36899,,,,,20.346403121948242,,,,,,
23,,36899,,,,,,,25902.390625,-10.993898391723633,,,
,,36949,,,,,,222.92566299438477,,,,,
,,36949,,,,,2.473115921020508,,,,,,
23,,36949,,,,,,,25653.474609375,-11.086417198181152,,,
,,36999,,,,,,220.91913223266602,,,,,
,,36999,,,,,20.214080810546875,,,,,,
23,,36999,,,,,,,25853.208984375,-11.489211082458496,,,
,,37049,,,,,,218.4903621673584,,,,,
,,37049,,,,,2.6922225952148438,,,,,,
23,,37049,,,,,,,25682.416015625,-11.24087905883789,,,
,,37099,,,,,,219.53964233398438,,,,,
,,37099,,,,,24.224519729614258,,,,,,
23,,37099,,,,,,,25990.599609375,-11.219344139099121,,,
,,37149,,,,,,226.06587409973145,,,,,
,,37149,,,,,2.5098323822021484,,,,,,
23,,37149,,,,,,,25821.84375,-11.110334396362305,,,
,,37199,,,,,,219.51794624328613,,,,,
,,37199,,,,,20.62368392944336,,,,,,
23,,37199,,,,,,,25613.421875,-11.119077682495117,,,
,,37249,,,,,,222.611665725708,,,,,
,,37249,,,,,2.552032470703125,,,,,,
23,,37249,,,,,,,25779.779296875,-10.94305419921875,,,
,,37299,,,,,,221.18639945983887,,,,,
,,37299,,,,,20.403146743774414,,,,,,
23,,37299,,,,,,,25668.84765625,-11.033038139343262,,,
,,37349,,,,,,219.97547149658203,,,,,
,,37349,,,,,2.5250911712646484,,,,,,
23,,37349,,,,,,,25850.099609375,-10.846383094787598,,,
,,37399,,,,,,222.6276397705078,,,,,
,,37399,,,,,20.69377899169922,,,,,,
23,,37399,,,,,,,25779.37890625,-11.001137733459473,,,
,,37449,,,,,,212.99076080322266,,,,,
,,37449,,,,,2.4788379669189453,,,,,,
23,,37449,,,,,,,25699.576171875,-10.844043731689453,,,
,,37499,,,,,,218.30058097839355,,,,,
,,37499,,,,,21.14415168762207,,,,,,
23,,37499,,,,,,,25840.796875,-11.254911422729492,,,
23,,37511,,,,,,,,,-10.534211158752441,-10.67648696899414,-11.122990608215332
,,37512,,,,383.0908374786377,,,,,,,
,0.0003,37512,,,,,,,,,,,
,,37549,,,,,,215.06381034851074,,,,,
,,37549,,,,,2.5293827056884766,,,,,,
24,,37549,,,,,,,25836.25390625,-10.966642379760742,,,
,,37599,,,,,,213.49024772644043,,,,,
,,37599,,,,,23.790597915649414,,,,,,
24,,37599,,,,,,,25771.08984375,-11.345404624938965,,,
,,37649,,,,,,212.7673625946045,,,,,
,,37649,,,,,2.5742053985595703,,,,,,
24,,37649,,,,,,,25806.6953125,-11.05630111694336,,,
,,37699,,,,,,213.09590339660645,,,,,
,,37699,,,,,20.765066146850586,,,,,,
24,,37699,,,,,,,25772.296875,-11.101041793823242,,,
,,37749,,,,,,217.0126438140869,,,,,
,,37749,,,,,2.512216567993164,,,,,,
24,,37749,,,,,,,25740.998046875,-10.98507308959961,,,
,,37799,,,,,,228.54089736938477,,,,,
,,37799,,,,,23.702621459960938,,,,,,
24,,37799,,,,,,,25851.0546875,-11.040458679199219,,,
,,37849,,,,,,218.21093559265137,,,,,
,,37849,,,,,3.805875778198242,,,,,,
24,,37849,,,,,,,25904.298828125,-11.02161693572998,,,
,,37899,,,,,,227.7975082397461,,,,,
,,37899,,,,,21.337509155273438,,,,,,
24,,37899,,,,,,,25976.638671875,-11.247053146362305,,,
,,37949,,,,,,219.56586837768555,,,,,
,,37949,,,,,3.756284713745117,,,,,,
24,,37949,,,,,,,25691.255859375,-11.123539924621582,,,
,,37999,,,,,,217.99349784851074,,,,,
,,37999,,,,,21.381616592407227,,,,,,
24,,37999,,,,,,,25783.755859375,-11.26350212097168,,,
,,38049,,,,,,217.27252006530762,,,,,
,,38049,,,,,3.704547882080078,,,,,,
24,,38049,,,,,,,25680.708984375,-11.022966384887695,,,
,,38099,,,,,,222.52631187438965,,,,,
,,38099,,,,,21.617650985717773,,,,,,
24,,38099,,,,,,,25591.390625,-11.224003791809082,,,
,,38149,,,,,,219.89870071411133,,,,,
,,38149,,,,,4.337787628173828,,,,,,
24,,38149,,,,,,,26033.22265625,-11.290397644042969,,,
,,38199,,,,,,220.59369087219238,,,,,
,,38199,,,,,21.72255516052246,,,,,,
24,,38199,,,,,,,25673.00390625,-11.260385513305664,,,
,,38249,,,,,,220.60322761535645,,,,,
,,38249,,,,,3.6611557006835938,,,,,,
24,,38249,,,,,,,25621.7890625,-10.981363296508789,,,
,,38299,,,,,,222.0437526702881,,,,,
,,38299,,,,,22.27044105529785,,,,,,
24,,38299,,,,,,,25650.859375,-11.09375,,,
,,38349,,,,,,218.36352348327637,,,,,
,,38349,,,,,3.904104232788086,,,,,,
24,,38349,,,,,,,25881.486328125,-10.939598083496094,,,
,,38399,,,,,,217.10729598999023,,,,,
,,38399,,,,,21.49224281311035,,,,,,
24,,38399,,,,,,,25702.0390625,-11.105424880981445,,,
,,38449,,,,,,227.76436805725098,,,,,
,,38449,,,,,3.2989978790283203,,,,,,
24,,38449,,,,,,,25771.83203125,-11.317021369934082,,,
,,38499,,,,,,218.3542251586914,,,,,
,,38499,,,,,21.280288696289062,,,,,,
24,,38499,,,,,,,25677.052734375,-11.209198951721191,,,
,,38549,,,,,,225.2192497253418,,,,,
,,38549,,,,,5.1593780517578125,,,,,,
24,,38549,,,,,,,25679.58203125,-10.944311141967773,,,
,,38599,,,,,,216.12954139709473,,,,,
,,38599,,,,,21.842002868652344,,,,,,
24,,38599,,,,,,,25953.3828125,-11.346588134765625,,,
,,38649,,,,,,218.61004829406738,,,,,
,,38649,,,,,4.091739654541016,,,,,,
24,,38649,,,,,,,25815.65625,-11.16320514678955,,,
,,38699,,,,,,216.52722358703613,,,,,
,,38699,,,,,21.179914474487305,,,,,,
24,,38699,,,,,,,25557.73046875,-11.12056827545166,,,
,,38749,,,,,,216.14480018615723,,,,,
,,38749,,,,,3.770589828491211,,,,,,
24,,38749,,,,,,,25844.484375,-11.215700149536133,,,
,,38799,,,,,,215.12985229492188,,,,,
,,38799,,,,,21.351337432861328,,,,,,
24,,38799,,,,,,,25882.76171875,-11.254277229309082,,,
,,38849,,,,,,217.12255477905273,,,,,
,,38849,,,,,3.4668445587158203,,,,,,
24,,38849,,,,,,,25756.310546875,-11.007299423217773,,,
,,38899,,,,,,217.02075004577637,,,,,
,,38899,,,,,21.124839782714844,,,,,,
24,,38899,,,,,,,25883.84765625,-11.31932544708252,,,
,,38949,,,,,,216.85218811035156,,,,,
,,38949,,,,,3.4720897674560547,,,,,,
24,,38949,,,,,,,25757.611328125,-11.046194076538086,,,
,,38999,,,,,,219.57015991210938,,,,,
,,38999,,,,,20.995140075683594,,,,,,
24,,38999,,,,,,,25850.2421875,-10.752829551696777,,,
,,39049,,,,,,216.09139442443848,,,,,
,,39049,,,,,3.758668899536133,,,,,,
24,,39049,,,,,,,25538.48046875,-11.24953556060791,,,
24,,39074,,,,,,,,,-10.54100513458252,-10.692190170288086,-11.138401985168457
,,39075,,,,384.4503684043884,,,,,,,
,0.0003,39075,,,,,,,,,,,
,,39099,,,,,,222.74303436279297,,,,,
,,39099,,,,,20.949840545654297,,,,,,
25,,39099,,,,,,,25788.44921875,-11.365962028503418,,,
,,39149,,,,,,221.36950492858887,,,,,
,,39149,,,,,3.300189971923828,,,,,,
25,,39149,,,,,,,25773.33984375,-11.10435676574707,,,
,,39199,,,,,,218.83845329284668,,,,,
,,39199,,,,,21.24476432800293,,,,,,
25,,39199,,,,,,,25896.03515625,-10.967243194580078,,,
,,39249,,,,,,224.8058319091797,,,,,
,,39249,,,,,3.3462047576904297,,,,,,
25,,39249,,,,,,,25803.3671875,-10.955731391906738,,,
,,39299,,,,,,216.202974319458,,,,,
,,39299,,,,,21.57139778137207,,,,,,
25,,39299,,,,,,,25663.19921875,-10.828957557678223,,,
,,39349,,,,,,223.01506996154785,,,,,
,,39349,,,,,3.4303665161132812,,,,,,
25,,39349,,,,,,,25813.0,-11.12749195098877,,,
,,39399,,,,,,227.60486602783203,,,,,
,,39399,,,,,21.04926109313965,,,,,,
25,,39399,,,,,,,25844.82421875,-11.162046432495117,,,
,,39449,,,,,,219.9997901916504,,,,,
,,39449,,,,,3.270864486694336,,,,,,
25,,39449,,,,,,,25811.08203125,-11.18019962310791,,,
,,39499,,,,,,220.37553787231445,,,,,
,,39499,,,,,21.4083194732666,,,,,,
25,,39499,,,,,,,25606.716796875,-11.15353775024414,,,
,,39549,,,,,,221.5123176574707,,,,,
,,39549,,,,,3.9436817169189453,,,,,,
25,,39549,,,,,,,25690.46875,-10.98470687866211,,,
,,39599,,,,,,216.84503555297852,,,,,
,,39599,,,,,21.04496955871582,,,,,,
25,,39599,,,,,,,25879.00390625,-11.130721092224121,,,
,,39649,,,,,,219.83695030212402,,,,,
,,39649,,,,,4.441499710083008,,,,,,
25,,39649,,,,,,,25908.712890625,-11.019475936889648,,,
,,39699,,,,,,222.76878356933594,,,,,
,,39699,,,,,21.076440811157227,,,,,,
25,,39699,,,,,,,25923.0625,-11.17516803741455,,,
,,39749,,,,,,220.57700157165527,,,,,
,,39749,,,,,4.760980606079102,,,,,,
25,,39749,,,,,,,25452.966796875,-10.800981521606445,,,
,,39799,,,,,,216.8407440185547,,,,,
,,39799,,,,,21.79098129272461,,,,,,
25,,39799,,,,,,,25808.71484375,-11.31690502166748,,,
,,39849,,,,,,218.56999397277832,,,,,
,,39849,,,,,3.412485122680664,,,,,,
25,,39849,,,,,,,25748.849609375,-11.157984733581543,,,
,,39899,,,,,,216.59135818481445,,,,,
,,39899,,,,,21.126747131347656,,,,,,
25,,39899,,,,,,,25735.056640625,-11.18257999420166,,,
,,39949,,,,,,218.80769729614258,,,,,
,,39949,,,,,5.004405975341797,,,,,,
25,,39949,,,,,,,25869.515625,-11.344796180725098,,,
,,39999,,,,,,220.77393531799316,,,,,
,,39999,,,,,23.838043212890625,,,,,,
25,,39999,,,,,,,25808.939453125,-11.066082954406738,,,
,,40049,,,,,,218.37520599365234,,,,,
,,40049,,,,,3.4470558166503906,,,,,,
25,,40049,,,,,,,25733.1640625,-11.19274616241455,,,
,,40099,,,,,,216.99142456054688,,,,,
,,40099,,,,,21.206378936767578,,,,,,
25,,40099,,,,,,,25686.9296875,-11.398590087890625,,,
,,40149,,,,,,230.8955192565918,,,,,
,,40149,,,,,4.734277725219727,,,,,,
25,,40149,,,,,,,25641.927734375,-11.266584396362305,,,
,,40199,,,,,,220.34692764282227,,,,,
,,40199,,,,,24.352550506591797,,,,,,
25,,40199,,,,,,,25819.40234375,-10.755851745605469,,,
,,40249,,,,,,218.62173080444336,,,,,
,,40249,,,,,4.842281341552734,,,,,,
25,,40249,,,,,,,25662.802734375,-11.328652381896973,,,
,,40299,,,,,,222.70798683166504,,,,,
,,40299,,,,,22.954702377319336,,,,,,
25,,40299,,,,,,,25767.9609375,-11.206774711608887,,,
,,40349,,,,,,223.1740951538086,,,,,
,,40349,,,,,5.221128463745117,,,,,,
25,,40349,,,,,,,25631.646484375,-11.03696060180664,,,
,,40399,,,,,,228.70635986328125,,,,,
,,40399,,,,,24.557828903198242,,,,,,
25,,40399,,,,,,,25966.26953125,-11.21865463256836,,,
,,40449,,,,,,225.4660129547119,,,,,
,,40449,,,,,3.5135746002197266,,,,,,
25,,40449,,,,,,,25759.431640625,-10.82201862335205,,,
,,40499,,,,,,217.9884910583496,,,,,
,,40499,,,,,24.57737922668457,,,,,,
25,,40499,,,,,,,25684.716796875,-11.359220504760742,,,
,,40549,,,,,,220.1392650604248,,,,,
,,40549,,,,,3.476381301879883,,,,,,
25,,40549,,,,,,,25868.435546875,-11.133633613586426,,,
,,40599,,,,,,217.64636039733887,,,,,
,,40599,,,,,21.4993953704834,,,,,,
25,,40599,,,,,,,25830.19921875,-11.230339050292969,,,
25,,40637,,,,,,,,,-10.531839370727539,-10.674657821655273,-11.108999252319336
,,40638,,,,387.6488916873932,,,,,,,
,0.0003,40638,,,,,,,,,,,
,,40649,,,,,,215.72494506835938,,,,,
,,40649,,,,,3.7755966186523438,,,,,,
26,,40649,,,,,,,25949.984375,-10.891813278198242,,,
,,40699,,,,,,217.06819534301758,,,,,
,,40699,,,,,21.275758743286133,,,,,,
26,,40699,,,,,,,25879.125,-11.146364212036133,,,
,,40749,,,,,,219.24710273742676,,,,,
,,40749,,,,,3.4694671630859375,,,,,,
26,,40749,,,,,,,25859.6328125,-11.012402534484863,,,
,,40799,,,,,,221.90237045288086,,,,,
,,40799,,,,,21.85678482055664,,,,,,
26,,40799,,,,,,,25752.4296875,-11.091093063354492,,,
,,40849,,,,,,216.59421920776367,,,,,
,,40849,,,,,3.5562515258789062,,,,,,
26,,40849,,,,,,,25954.9296875,-11.05115795135498,,,
,,40899,,,,,,223.2503890991211,,,,,
,,40899,,,,,21.186113357543945,,,,,,
26,,40899,,,,,,,25861.86328125,-11.148598670959473,,,
,,40949,,,,,,225.6155014038086,,,,,
,,40949,,,,,5.403280258178711,,,,,,
26,,40949,,,,,,,25723.87109375,-11.30117130279541,,,
,,40999,,,,,,217.61035919189453,,,,,
,,40999,,,,,21.08287811279297,,,,,,
26,,40999,,,,,,,25894.8203125,-10.91574764251709,,,
,,41049,,,,,,219.69866752624512,,,,,
,,41049,,,,,3.4019947052001953,,,,,,
26,,41049,,,,,,,25736.103515625,-10.934003829956055,,,
,,41099,,,,,,219.12574768066406,,,,,
,,41099,,,,,21.076202392578125,,,,,,
26,,41099,,,,,,,26024.8046875,-11.300661087036133,,,
,,41149,,,,,,218.39642524719238,,,,,
,,41149,,,,,3.542184829711914,,,,,,
26,,41149,,,,,,,25714.021484375,-11.292707443237305,,,
,,41199,,,,,,218.99747848510742,,,,,
,,41199,,,,,21.383047103881836,,,,,,
26,,41199,,,,,,,25645.25390625,-11.09162425994873,,,
,,41249,,,,,,215.86966514587402,,,,,
,,41249,,,,,3.437519073486328,,,,,,
26,,41249,,,,,,,25794.171875,-10.93581485748291,,,
,,41299,,,,,,217.25106239318848,,,,,
,,41299,,,,,21.573543548583984,,,,,,
26,,41299,,,,,,,25833.857421875,-11.219648361206055,,,
,,41349,,,,,,216.7980670928955,,,,,
,,41349,,,,,3.7369728088378906,,,,,,
26,,41349,,,,,,,25877.240234375,-11.309296607971191,,,
,,41399,,,,,,215.4257297515869,,,,,
,,41399,,,,,21.17919921875,,,,,,
26,,41399,,,,,,,25649.845703125,-10.99996280670166,,,
,,41449,,,,,,218.30511093139648,,,,,
,,41449,,,,,3.59344482421875,,,,,,
26,,41449,,,,,,,25804.5546875,-11.327216148376465,,,
,,41499,,,,,,221.62365913391113,,,,,
,,41499,,,,,21.807193756103516,,,,,,
26,,41499,,,,,,,25880.916015625,-11.369535446166992,,,
,,41549,,,,,,216.47953987121582,,,,,
,,41549,,,,,4.345893859863281,,,,,,
26,,41549,,,,,,,25936.828125,-11.252016067504883,,,
,,41599,,,,,,221.47440910339355,,,,,
,,41599,,,,,21.683216094970703,,,,,,
26,,41599,,,,,,,25884.33984375,-11.238971710205078,,,
,,41649,,,,,,217.97537803649902,,,,,
,,41649,,,,,3.4911632537841797,,,,,,
26,,41649,,,,,,,25641.04296875,-11.076774597167969,,,
,,41699,,,,,,224.70974922180176,,,,,
,,41699,,,,,23.947954177856445,,,,,,
26,,41699,,,,,,,25745.455078125,-10.977396011352539,,,
,,41749,,,,,,217.9851531982422,,,,,
,,41749,,,,,3.555774688720703,,,,,,
26,,41749,,,,,,,25627.00390625,-11.1023530960083,,,
,,41799,,,,,,216.9167995452881,,,,,
,,41799,,,,,21.642684936523438,,,,,,
26,,41799,,,,,,,25778.513671875,-11.188150405883789,,,
,,41849,,,,,,216.84932708740234,,,,,
,,41849,,,,,3.7012100219726562,,,,,,
26,,41849,,,,,,,25736.013671875,-11.092557907104492,,,
,,41899,,,,,,225.97193717956543,,,,,
,,41899,,,,,21.661043167114258,,,,,,
26,,41899,,,,,,,25740.9765625,-11.319991111755371,,,
,,41949,,,,,,223.31762313842773,,,,,
,,41949,,,,,3.39508056640625,,,,,,
26,,41949,,,,,,,25729.443359375,-11.028261184692383,,,
,,41999,,,,,,223.1128215789795,,,,,
,,41999,,,,,21.569252014160156,,,,,,
26,,41999,,,,,,,25942.68359375,-11.086108207702637,,,
,,42049,,,,,,224.29394721984863,,,,,
,,42049,,,,,4.591226577758789,,,,,,
26,,42049,,,,,,,25685.646484375,-11.193123817443848,,,
,,42099,,,,,,218.1558609008789,,,,,
,,42099,,,,,21.538257598876953,,,,,,
26,,42099,,,,,,,25976.69140625,-11.05532169342041,,,
,,42149,,,,,,222.61643409729004,,,,,
,,42149,,,,,3.683805465698242,,,,,,
26,,42149,,,,,,,26026.9140625,-11.21386432647705,,,
,,42199,,,,,,222.72920608520508,,,,,
,,42199,,,,,21.665096282958984,,,,,,
26,,42199,,,,,,,25890.021484375,-10.999709129333496,,,
26,,42200,,,,,,,,,-10.538126945495605,-10.676652908325195,-11.119335174560547
,,42201,,,,385.20262241363525,,,,,,,
,0.0003,42201,,,,,,,,,,,
,,42249,,,,,,220.20578384399414,,,,,
,,42249,,,,,4.030466079711914,,,,,,
27,,42249,,,,,,,25770.001953125,-11.182357788085938,,,
,,42299,,,,,,227.2028923034668,,,,,
,,42299,,,,,22.12381362915039,,,,,,
27,,42299,,,,,,,25624.59765625,-11.1050386428833,,,
,,42349,,,,,,231.43458366394043,,,,,
,,42349,,,,,4.853010177612305,,,,,,
27,,42349,,,,,,,25783.85546875,-10.894943237304688,,,
,,42399,,,,,,212.21256256103516,,,,,
,,42399,,,,,20.670175552368164,,,,,,
27,,42399,,,,,,,25886.0703125,-11.136905670166016,,,
,,42449,,,,,,217.21291542053223,,,,,
,,42449,,,,,2.6187896728515625,,,,,,
27,,42449,,,,,,,25948.857421875,-11.104775428771973,,,
,,42499,,,,,,214.1590118408203,,,,,
,,42499,,,,,26.12447738647461,,,,,,
27,,42499,,,,,,,25844.171875,-10.827957153320312,,,
,,42549,,,,,,215.89326858520508,,,,,
,,42549,,,,,2.732515335083008,,,,,,
27,,42549,,,,,,,25704.84375,-10.88137149810791,,,
,,42599,,,,,,214.85018730163574,,,,,
,,42599,,,,,20.876407623291016,,,,,,
27,,42599,,,,,,,25854.35546875,-11.126487731933594,,,
,,42649,,,,,,214.27607536315918,,,,,
,,42649,,,,,2.5491714477539062,,,,,,
27,,42649,,,,,,,25856.58203125,-11.261293411254883,,,
,,42699,,,,,,215.39306640625,,,,,
,,42699,,,,,21.55447006225586,,,,,,
27,,42699,,,,,,,25808.439453125,-10.885549545288086,,,
,,42749,,,,,,215.61789512634277,,,,,
,,42749,,,,,4.37164306640625,,,,,,
27,,42749,,,,,,,25703.541015625,-11.174826622009277,,,
,,42799,,,,,,217.041015625,,,,,
,,42799,,,,,20.525455474853516,,,,,,
27,,42799,,,,,,,25743.9609375,-11.128374099731445,,,
,,42849,,,,,,213.592529296875,,,,,
,,42849,,,,,2.599000930786133,,,,,,
27,,42849,,,,,,,25712.71875,-11.079977035522461,,,
,,42899,,,,,,216.64834022521973,,,,,
,,42899,,,,,21.238088607788086,,,,,,
27,,42899,,,,,,,25891.142578125,-11.106733322143555,,,
,,42949,,,,,,218.31274032592773,,,,,
,,42949,,,,,2.648591995239258,,,,,,
27,,42949,,,,,,,25692.35546875,-11.101863861083984,,,
,,42999,,,,,,214.52569961547852,,,,,
,,42999,,,,,20.814180374145508,,,,,,
27,,42999,,,,,,,25832.380859375,-11.136823654174805,,,
,,43049,,,,,,215.00325202941895,,,,,
,,43049,,,,,2.5634765625,,,,,,
27,,43049,,,,,,,25884.873046875,-10.851755142211914,,,
,,43099,,,,,,213.3159637451172,,,,,
,,43099,,,,,20.685911178588867,,,,,,
27,,43099,,,,,,,25781.826171875,-10.8709077835083,,,
,,43149,,,,,,216.5970802307129,,,,,
,,43149,,,,,3.47900390625,,,,,,
27,,43149,,,,,,,25870.69921875,-11.217687606811523,,,
,,43199,,,,,,214.21241760253906,,,,,
,,43199,,,,,20.695924758911133,,,,,,
27,,43199,,,,,,,25518.25,-11.074991226196289,,,
,,43249,,,,,,212.66484260559082,,,,,
,,43249,,,,,2.5739669799804688,,,,,,
27,,43249,,,,,,,25730.61328125,-11.05199909210205,,,
,,43299,,,,,,214.7235870361328,,,,,
,,43299,,,,,21.508216857910156,,,,,,
27,,43299,,,,,,,25826.494140625,-11.365872383117676,,,
,,43349,,,,,,216.04442596435547,,,,,
,,43349,,,,,2.6657581329345703,,,,,,
27,,43349,,,,,,,25667.40625,-10.914711952209473,,,
,,43399,,,,,,221.54521942138672,,,,,
,,43399,,,,,21.047592163085938,,,,,,
27,,43399,,,,,,,25750.02734375,-11.028342247009277,,,
,,43449,,,,,,212.99195289611816,,,,,
,,43449,,,,,2.5739669799804688,,,,,,
27,,43449,,,,,,,25744.205078125,-10.841290473937988,,,
,,43499,,,,,,212.57972717285156,,,,,
,,43499,,,,,20.586729049682617,,,,,,
27,,43499,,,,,,,25708.9921875,-11.088427543640137,,,
,,43549,,,,,,213.16766738891602,,,,,
,,43549,,,,,2.579927444458008,,,,,,
27,,43549,,,,,,,25629.73828125,-11.413963317871094,,,
,,43599,,,,,,216.65334701538086,,,,,
,,43599,,,,,20.499467849731445,,,,,,
27,,43599,,,,,,,25706.76953125,-11.189129829406738,,,
,,43649,,,,,,213.7734889984131,,,,,
,,43649,,,,,3.8537979125976562,,,,,,
27,,43649,,,,,,,25825.11328125,-11.299745559692383,,,
,,43699,,,,,,213.40680122375488,,,,,
,,43699,,,,,20.60842514038086,,,,,,
27,,43699,,,,,,,25842.283203125,-11.302802085876465,,,
,,43749,,,,,,212.19730377197266,,,,,
,,43749,,,,,2.6397705078125,,,,,,
27,,43749,,,,,,,25797.455078125,-11.274518013000488,,,
27,,43763,,,,,,,,,-10.531180381774902,-10.670720100402832,-11.106616020202637
,,43764,,,,377.8640191555023,,,,,,,
,0.0003,43764,,,,,,,,,,,
,,43799,,,,,,217.94772148132324,,,,,
,,43799,,,,,21.727561950683594,,,,,,
28,,43799,,,,,,,25948.513671875,-10.896146774291992,,,
,,43849,,,,,,222.06997871398926,,,,,
,,43849,,,,,3.631114959716797,,,,,,
28,,43849,,,,,,,25785.490234375,-10.957245826721191,,,
,,43899,,,,,,229.25066947937012,,,,,
,,43899,,,,,23.22077751159668,,,,,,
28,,43899,,,,,,,25862.890625,-10.861748695373535,,,
,,43949,,,,,,220.2162742614746,,,,,
,,43949,,,,,3.675222396850586,,,,,,
28,,43949,,,,,,,25852.318359375,-11.354019165039062,,,
,,43999,,,,,,218.11985969543457,,,,,
,,43999,,,,,21.5301513671875,,,,,,
28,,43999,,,,,,,25861.51953125,-11.137940406799316,,,
,,44049,,,,,,241.23859405517578,,,,,
,,44049,,,,,5.309104919433594,,,,,,
28,,44049,,,,,,,25638.4375,-11.204804420471191,,,
,,44099,,,,,,227.219820022583,,,,,
,,44099,,,,,22.144794464111328,,,,,,
28,,44099,,,,,,,25852.693359375,-10.91849136352539,,,
,,44149,,,,,,231.33587837219238,,,,,
,,44149,,,,,4.214048385620117,,,,,,
28,,44149,,,,,,,25803.908203125,-10.949575424194336,,,
,,44199,,,,,,221.90451622009277,,,,,
,,44199,,,,,22.98450469970703,,,,,,
28,,44199,,,,,,,25709.482421875,-11.012577056884766,,,
,,44249,,,,,,226.16982460021973,,,,,
,,44249,,,,,4.075288772583008,,,,,,
28,,44249,,,,,,,25619.05859375,-11.479771614074707,,,
,,44299,,,,,,225.91543197631836,,,,,
,,44299,,,,,21.645307540893555,,,,,,
28,,44299,,,,,,,25780.318359375,-10.923209190368652,,,
,,44349,,,,,,229.44331169128418,,,,,
,,44349,,,,,3.8633346557617188,,,,,,
28,,44349,,,,,,,25844.8046875,-11.030783653259277,,,
,,44399,,,,,,224.12443161010742,,,,,
,,44399,,,,,22.125244140625,,,,,,
28,,44399,,,,,,,25716.75,-11.111401557922363,,,
,,44449,,,,,,225.0692844390869,,,,,
,,44449,,,,,3.973722457885742,,,,,,
28,,44449,,,,,,,25886.17578125,-10.891176223754883,,,
,,44499,,,,,,228.285551071167,,,,,
,,44499,,,,,22.178173065185547,,,,,,
28,,44499,,,,,,,25873.140625,-11.349482536315918,,,
,,44549,,,,,,218.3225154876709,,,,,
,,44549,,,,,3.6842823028564453,,,,,,
28,,44549,,,,,,,25769.59765625,-10.928571701049805,,,
,,44599,,,,,,223.74701499938965,,,,,
,,44599,,,,,21.834135055541992,,,,,,
28,,44599,,,,,,,25497.419921875,-11.18397331237793,,,
,,44649,,,,,,215.55352210998535,,,,,
,,44649,,,,,2.8574466705322266,,,,,,
28,,44649,,,,,,,25818.23828125,-11.03805160522461,,,
,,44699,,,,,,215.16084671020508,,,,,
,,44699,,,,,21.73781394958496,,,,,,
28,,44699,,,,,,,25753.654296875,-10.738664627075195,,,
,,44749,,,,,,214.76268768310547,,,,,
,,44749,,,,,2.637624740600586,,,,,,
28,,44749,,,,,,,25915.86328125,-10.969779968261719,,,
,,44799,,,,,,216.05634689331055,,,,,
,,44799,,,,,21.845102310180664,,,,,,
28,,44799,,,,,,,25692.8828125,-11.270631790161133,,,
,,44849,,,,,,216.74704551696777,,,,,
,,44849,,,,,2.6280879974365234,,,,,,
28,,44849,,,,,,,25470.8125,-11.11758041381836,,,
,,44899,,,,,,214.49017524719238,,,,,
,,44899,,,,,21.335840225219727,,,,,,
28,,44899,,,,,,,25754.58984375,-10.90412712097168,,,
,,44949,,,,,,215.18731117248535,,,,,
,,44949,,,,,2.8841495513916016,,,,,,
28,,44949,,,,,,,25840.134765625,-11.071048736572266,,,
,,44999,,,,,,215.9280776977539,,,,,
,,44999,,,,,20.90311050415039,,,,,,
28,,44999,,,,,,,25729.109375,-11.217934608459473,,,
,,45049,,,,,,218.2013988494873,,,,,
,,45049,,,,,3.6389827728271484,,,,,,
28,,45049,,,,,,,25918.638671875,-10.699419021606445,,,
,,45099,,,,,,214.79368209838867,,,,,
,,45099,,,,,21.26932144165039,,,,,,
28,,45099,,,,,,,25799.099609375,-10.90593147277832,,,
,,45149,,,,,,223.099946975708,,,,,
,,45149,,,,,2.5637149810791016,,,,,,
28,,45149,,,,,,,25875.09375,-11.037518501281738,,,
,,45199,,,,,,214.24531936645508,,,,,
,,45199,,,,,20.833492279052734,,,,,,
28,,45199,,,,,,,25843.298828125,-11.311872482299805,,,
,,45249,,,,,,217.7724838256836,,,,,
,,45249,,,,,2.593517303466797,,,,,,
28,,45249,,,,,,,25747.42578125,-11.048482894897461,,,
,,45299,,,,,,215.09742736816406,,,,,
,,45299,,,,,21.452665328979492,,,,,,
28,,45299,,,,,,,25831.2109375,-11.24000358581543,,,
28,,45326,,,,,,,,,-10.52508544921875,-10.663662910461426,-11.099381446838379
,,45327,,,,387.7152690887451,,,,,,,
,0.0003,45327,,,,,,,,,,,
,,45349,,,,,,226.77040100097656,,,,,
,,45349,,,,,5.205631256103516,,,,,,
29,,45349,,,,,,,25722.4609375,-11.04067325592041,,,
,,45399,,,,,,221.44126892089844,,,,,
,,45399,,,,,24.840593338012695,,,,,,
29,,45399,,,,,,,25877.8203125,-10.950331687927246,,,
,,45449,,,,,,221.20189666748047,,,,,
,,45449,,,,,3.8030147552490234,,,,,,
29,,45449,,,,,,,25672.91015625,-11.1641206741333,,,
,,45499,,,,,,222.40662574768066,,,,,
,,45499,,,,,27.144670486450195,,,,,,
29,,45499,,,,,,,25805.921875,-11.249430656433105,,,
,,45549,,,,,,220.56102752685547,,,,,
,,45549,,,,,3.6725997924804688,,,,,,
29,,45549,,,,,,,25888.568359375,-11.055044174194336,,,
,,45599,,,,,,223.35386276245117,,,,,
,,45599,,,,,21.654605865478516,,,,,,
29,,45599,,,,,,,25788.166015625,-11.16217041015625,,,
,,45649,,,,,,224.6851921081543,,,,,
,,45649,,,,,3.7012100219726562,,,,,,
29,,45649,,,,,,,25679.6015625,-11.255444526672363,,,
,,45699,,,,,,218.81937980651855,,,,,
,,45699,,,,,21.770000457763672,,,,,,
29,,45699,,,,,,,25617.099609375,-10.765617370605469,,,
,,45749,,,,,,219.8770046234131,,,,,
,,45749,,,,,3.871917724609375,,,,,,
29,,45749,,,,,,,25558.0,-10.92603588104248,,,
,,45799,,,,,,225.06999969482422,,,,,
,,45799,,,,,21.896839141845703,,,,,,
29,,45799,,,,,,,25849.2109375,-10.956342697143555,,,
,,45849,,,,,,218.98722648620605,,,,,
,,45849,,,,,3.6509037017822266,,,,,,
29,,45849,,,,,,,25895.900390625,-10.848346710205078,,,
,,45899,,,,,,226.09448432922363,,,,,
,,45899,,,,,21.539926528930664,,,,,,
29,,45899,,,,,,,25882.4453125,-11.004931449890137,,,
,,45949,,,,,,218.77408027648926,,,,,
,,45949,,,,,3.6988258361816406,,,,,,
29,,45949,,,,,,,25824.580078125,-11.320746421813965,,,
,,45999,,,,,,225.1145839691162,,,,,
,,45999,,,,,21.251678466796875,,,,,,
29,,45999,,,,,,,25868.7265625,-10.907210350036621,,,
,,46049,,,,,,225.7530689239502,,,,,
,,46049,,,,,4.942178726196289,,,,,,
29,,46049,,,,,,,25715.06640625,-10.899686813354492,,,
,,46099,,,,,,222.20587730407715,,,,,
,,46099,,,,,21.332263946533203,,,,,,
29,,46099,,,,,,,25777.18359375,-11.042724609375,,,
,,46149,,,,,,219.93708610534668,,,,,
,,46149,,,,,2.623319625854492,,,,,,
29,,46149,,,,,,,25846.66015625,-11.38045597076416,,,
,,46199,,,,,,212.6011848449707,,,,,
,,46199,,,,,21.04020118713379,,,,,,
29,,46199,,,,,,,25934.8359375,-11.3108491897583,,,
,,46249,,,,,,214.54405784606934,,,,,
,,46249,,,,,2.6531219482421875,,,,,,
29,,46249,,,,,,,25730.33984375,-11.315561294555664,,,
,,46299,,,,,,228.5022735595703,,,,,
,,46299,,,,,21.3162899017334,,,,,,
29,,46299,,,,,,,25665.9140625,-11.163691520690918,,,
,,46349,,,,,,226.6383171081543,,,,,
,,46349,,,,,4.532814025878906,,,,,,
29,,46349,,,,,,,26067.755859375,-11.21866226196289,,,
,,46399,,,,,,215.63220024108887,,,,,
,,46399,,,,,21.158456802368164,,,,,,
29,,46399,,,,,,,25775.49609375,-10.914861679077148,,,
,,46449,,,,,,217.78154373168945,,,,,
,,46449,,,,,3.1926631927490234,,,,,,
29,,46449,,,,,,,25812.40625,-11.142582893371582,,,
,,46499,,,,,,214.22243118286133,,,,,
,,46499,,,,,21.056175231933594,,,,,,
29,,46499,,,,,,,25843.7890625,-10.98105239868164,,,
,,46549,,,,,,217.76700019836426,,,,,
,,46549,,,,,2.6559829711914062,,,,,,
29,,46549,,,,,,,25848.4921875,-11.379762649536133,,,
,,46599,,,,,,214.4327163696289,,,,,
,,46599,,,,,20.92456817626953,,,,,,
29,,46599,,,,,,,25880.634765625,-10.799701690673828,,,
,,46649,,,,,,214.05339241027832,,,,,
,,46649,,,,,2.6531219482421875,,,,,,
29,,46649,,,,,,,25729.501953125,-11.056544303894043,,,
,,46699,,,,,,220.34382820129395,,,,,
,,46699,,,,,21.58832550048828,,,,,,
29,,46699,,,,,,,25917.89453125,-11.497633934020996,,,
,,46749,,,,,,219.88773345947266,,,,,
,,46749,,,,,2.6216506958007812,,,,,,
29,,46749,,,,,,,25730.41015625,-11.233784675598145,,,
,,46799,,,,,,212.5847339630127,,,,,
,,46799,,,,,20.465373992919922,,,,,,
29,,46799,,,,,,,26196.390625,-11.029850959777832,,,
,,46849,,,,,,213.32955360412598,,,,,
,,46849,,,,,2.6731491088867188,,,,,,
29,,46849,,,,,,,25685.78125,-11.044526100158691,,,
29,,46889,,,,,,,,,-10.53566837310791,-10.67563247680664,-11.100105285644531
,,46890,,,,385.0327823162079,,,,,,,
,0.0003,46890,,,,,,,,,,,
,,46899,,,,,,219.32053565979004,,,,,
,,46899,,,,,20.584583282470703,,,,,,
30,,46899,,,,,,,25678.49609375,-11.054121971130371,,,
,,46949,,,,,,213.55390548706055,,,,,
,,46949,,,,,2.5970935821533203,,,,,,
30,,46949,,,,,,,25803.0390625,-10.813776969909668,,,
,,46999,,,,,,217.92316436767578,,,,,
,,46999,,,,,21.758317947387695,,,,,,
30,,46999,,,,,,,25731.048828125,-11.015501022338867,,,
,,47049,,,,,,219.9687957763672,,,,,
,,47049,,,,,3.622770309448242,,,,,,
30,,47049,,,,,,,25927.21875,-11.360033988952637,,,
,,47099,,,,,,217.01693534851074,,,,,
,,47099,,,,,21.63863182067871,,,,,,
30,,47099,,,,,,,25799.16796875,-10.955044746398926,,,
,,47149,,,,,,230.85713386535645,,,,,
,,47149,,,,,5.4569244384765625,,,,,,
30,,47149,,,,,,,25792.990234375,-11.225016593933105,,,
,,47199,,,,,,219.17724609375,,,,,
,,47199,,,,,21.353483200073242,,,,,,
30,,47199,,,,,,,25849.498046875,-10.901288986206055,,,
,,47249,,,,,,215.32893180847168,,,,,
,,47249,,,,,3.2167434692382812,,,,,,
30,,47249,,,,,,,25803.78515625,-11.357362747192383,,,
,,47299,,,,,,217.38314628601074,,,,,
,,47299,,,,,21.595478057861328,,,,,,
30,,47299,,,,,,,25785.50390625,-11.20019245147705,,,
,,47349,,,,,,216.1421775817871,,,,,
,,47349,,,,,3.099679946899414,,,,,,
30,,47349,,,,,,,25738.5859375,-11.34178638458252,,,
,,47399,,,,,,220.52264213562012,,,,,
,,47399,,,,,20.806550979614258,,,,,,
30,,47399,,,,,,,25759.57421875,-11.271940231323242,,,
,,47449,,,,,,216.48931503295898,,,,,
,,47449,,,,,2.7451515197753906,,,,,,
30,,47449,,,,,,,25864.373046875,-11.19584846496582,,,
,,47499,,,,,,213.28973770141602,,,,,
,,47499,,,,,21.142959594726562,,,,,,
30,,47499,,,,,,,25779.68359375,-10.884418487548828,,,
,,47549,,,,,,218.18828582763672,,,,,
,,47549,,,,,2.7496814727783203,,,,,,
30,,47549,,,,,,,25733.046875,-10.970673561096191,,,
,,47599,,,,,,221.50611877441406,,,,,
,,47599,,,,,21.70729637145996,,,,,,
30,,47599,,,,,,,25958.0234375,-11.347135543823242,,,
,,47649,,,,,,217.3757553100586,,,,,
,,47649,,,,,2.8536319732666016,,,,,,
30,,47649,,,,,,,25860.232421875,-11.04392147064209,,,
,,47699,,,,,,214.68520164489746,,,,,
,,47699,,,,,20.944833755493164,,,,,,
30,,47699,,,,,,,25832.05859375,-11.102697372436523,,,
,,47749,,,,,,221.68588638305664,,,,,
,,47749,,,,,2.801656723022461,,,,,,
30,,47749,,,,,,,25967.67578125,-11.397401809692383,,,
,,47799,,,,,,215.18325805664062,,,,,
,,47799,,,,,20.737886428833008,,,,,,
30,,47799,,,,,,,25714.74609375,-10.908156394958496,,,
,,47849,,,,,,213.7911319732666,,,,,
,,47849,,,,,2.636432647705078,,,,,,
30,,47849,,,,,,,25939.083984375,-10.950017929077148,,,
,,47899,,,,,,218.43266487121582,,,,,
,,47899,,,,,21.08931541442871,,,,,,
30,,47899,,,,,,,25775.0859375,-11.003792762756348,,,
,,47949,,,,,,214.43772315979004,,,,,
,,47949,,,,,2.7205944061279297,,,,,,
30,,47949,,,,,,,25792.337890625,-10.982489585876465,,,
,,47999,,,,,,218.00684928894043,,,,,
,,47999,,,,,20.496129989624023,,,,,,
30,,47999,,,,,,,25740.26953125,-11.372257232666016,,,
,,48049,,,,,,219.59304809570312,,,,,
,,48049,,,,,2.7000904083251953,,,,,,
30,,48049,,,,,,,25684.380859375,-10.90030574798584,,,
,,48099,,,,,,213.63401412963867,,,,,
,,48099,,,,,20.59197425842285,,,,,,
30,,48099,,,,,,,25784.544921875,-11.066215515136719,,,
,,48149,,,,,,224.1668701171875,,,,,
,,48149,,,,,4.292011260986328,,,,,,
30,,48149,,,,,,,25882.875,-11.03335952758789,,,
,,48199,,,,,,216.01152420043945,,,,,
,,48199,,,,,23.62060546875,,,,,,
30,,48199,,,,,,,25819.25,-11.19801139831543,,,
,,48249,,,,,,213.54007720947266,,,,,
,,48249,,,,,2.5625228881835938,,,,,,
30,,48249,,,,,,,25781.9140625,-11.16323184967041,,,
,,48299,,,,,,222.7327823638916,,,,,
,,48299,,,,,26.5045166015625,,,,,,
30,,48299,,,,,,,25861.30859375,-10.884028434753418,,,
,,48349,,,,,,217.13757514953613,,,,,
,,48349,,,,,2.6357173919677734,,,,,,
30,,48349,,,,,,,25839.380859375,-11.140644073486328,,,
,,48399,,,,,,209.20491218566895,,,,,
,,48399,,,,,21.080493927001953,,,,,,
30,,48399,,,,,,,25740.74609375,-11.013045310974121,,,
,,48449,,,,,,222.02205657958984,,,,,
,,48449,,,,,2.686023712158203,,,,,,
30,,48449,,,,,,,25666.7109375,-11.310843467712402,,,
30,,48452,,,,,,,,,-10.527981758117676,-10.662107467651367,-11.083752632141113
,,48453,,,,383.38653087615967,,,,,,,
,0.0003,48453,,,,,,,,,,,
,,48499,,,,,,216.18127822875977,,,,,
,,48499,,,,,22.91131019592285,,,,,,
31,,48499,,,,,,,25711.9765625,-10.968095779418945,,,
,,48549,,,,,,218.04261207580566,,,,,
,,48549,,,,,4.228830337524414,,,,,,
31,,48549,,,,,,,25836.08203125,-10.96176528930664,,,
,,48599,,,,,,213.28997611999512,,,,,
,,48599,,,,,20.537137985229492,,,,,,
31,,48599,,,,,,,25829.359375,-11.073159217834473,,,
,,48649,,,,,,219.79069709777832,,,,,
,,48649,,,,,2.5854110717773438,,,,,,
31,,48649,,,,,,,25775.96484375,-11.033417701721191,,,
,,48699,,,,,,213.2890224456787,,,,,
,,48699,,,,,21.001815795898438,,,,,,
31,,48699,,,,,,,25773.572265625,-10.955103874206543,,,
,,48749,,,,,,217.48590469360352,,,,,
,,48749,,,,,2.4995803833007812,,,,,,
31,,48749,,,,,,,25759.46484375,-10.804166793823242,,,
,,48799,,,,,,222.47767448425293,,,,,
,,48799,,,,,25.269508361816406,,,,,,
31,,48799,,,,,,,25634.8515625,-11.207921981811523,,,
,,48849,,,,,,226.59635543823242,,,,,
,,48849,,,,,4.25267219543457,,,,,,
31,,48849,,,,,,,25707.953125,-11.186450004577637,,,
,,48899,,,,,,214.3270969390869,,,,,
,,48899,,,,,20.73836326599121,,,,,,
31,,48899,,,,,,,25647.033203125,-10.87668228149414,,,
,,48949,,,,,,224.26414489746094,,,,,
,,48949,,,,,2.5451183319091797,,,,,,
31,,48949,,,,,,,25871.1640625,-11.30435848236084,,,
,,48999,,,,,,226.9613742828369,,,,,
,,48999,,,,,23.365497589111328,,,,,,
31,,48999,,,,,,,25769.529296875,-10.96915054321289,,,
,,49049,,,,,,215.7888412475586,,,,,
,,49049,,,,,2.6476383209228516,,,,,,
31,,49049,,,,,,,25947.923828125,-11.146024703979492,,,
,,49099,,,,,,221.7862606048584,,,,,
,,49099,,,,,20.480871200561523,,,,,,
31,,49099,,,,,,,25899.53515625,-10.730168342590332,,,
,,49149,,,,,,221.2386131286621,,,,,
,,49149,,,,,4.637479782104492,,,,,,
31,,49149,,,,,,,25808.9453125,-11.227680206298828,,,
,,49199,,,,,,218.55616569519043,,,,,
,,49199,,,,,24.914264678955078,,,,,,
31,,49199,,,,,,,25751.87109375,-11.192680358886719,,,
,,49249,,,,,,225.68964958190918,,,,,
,,49249,,,,,4.51207160949707,,,,,,
31,,49249,,,,,,,25578.328125,-11.132214546203613,,,
,,49299,,,,,,216.56489372253418,,,,,
,,49299,,,,,20.301103591918945,,,,,,
31,,49299,,,,,,,25695.34765625,-10.902228355407715,,,
,,49349,,,,,,223.15645217895508,,,,,
,,49349,,,,,3.6568641662597656,,,,,,
31,,49349,,,,,,,26002.607421875,-11.140289306640625,,,
,,49399,,,,,,221.92788124084473,,,,,
,,49399,,,,,21.187305450439453,,,,,,
31,,49399,,,,,,,25872.95703125,-10.911149978637695,,,
,,49449,,,,,,218.52993965148926,,,,,
,,49449,,,,,3.4008026123046875,,,,,,
31,,49449,,,,,,,25730.0234375,-11.35996150970459,,,
,,49499,,,,,,231.43625259399414,,,,,
,,49499,,,,,21.613121032714844,,,,,,
31,,49499,,,,,,,25928.27734375,-11.08662223815918,,,
,,49549,,,,,,226.52626037597656,,,,,
,,49549,,,,,3.5054683685302734,,,,,,
31,,49549,,,,,,,25818.89453125,-11.159870147705078,,,
,,49599,,,,,,219.17295455932617,,,,,
,,49599,,,,,21.67487144470215,,,,,,
31,,49599,,,,,,,25810.03125,-11.201139450073242,,,
,,49649,,,,,,220.61896324157715,,,,,
,,49649,,,,,3.5736560821533203,,,,,,
31,,49649,,,,,,,25831.5234375,-11.065595626831055,,,
,,49699,,,,,,218.76287460327148,,,,,
,,49699,,,,,22.35102653503418,,,,,,
31,,49699,,,,,,,25521.79296875,-11.225337982177734,,,
,,49749,,,,,,228.2278537750244,,,,,
,,49749,,,,,4.00853157043457,,,,,,
31,,49749,,,,,,,25786.2734375,-11.153204917907715,,,
,,49799,,,,,,217.31138229370117,,,,,
,,49799,,,,,21.459579467773438,,,,,,
31,,49799,,,,,,,25850.4375,-11.087702751159668,,,
,,49849,,,,,,220.50046920776367,,,,,
,,49849,,,,,4.131078720092773,,,,,,
31,,49849,,,,,,,25898.220703125,-11.093019485473633,,,
,,49899,,,,,,229.99262809753418,,,,,
,,49899,,,,,22.79829978942871,,,,,,
31,,49899,,,,,,,25815.8359375,-11.390679359436035,,,
,,49949,,,,,,217.59295463562012,,,,,
,,49949,,,,,3.792285919189453,,,,,,
31,,49949,,,,,,,25961.91015625,-11.426800727844238,,,
,,49999,,,,,,218.8570499420166,,,,,
,,49999,,,,,21.182775497436523,,,,,,
31,,49999,,,,,,,25625.224609375,-11.036768913269043,,,
31,,50015,,,,,,,,,-10.52644157409668,-10.663052558898926,-11.08905029296875
,,50016,,,,385.5471820831299,,,,,,,
,0.0003,50016,,,,,,,,,,,
,,50049,,,,,,220.1073169708252,,,,,
,,50049,,,,,5.20014762878418,,,,,,
32,,50049,,,,,,,25952.6171875,-11.021740913391113,,,
,,50099,,,,,,216.68004989624023,,,,,
,,50099,,,,,21.48890495300293,,,,,,
32,,50099,,,,,,,25850.25390625,-11.061408042907715,,,
,,50149,,,,,,219.95234489440918,,,,,
,,50149,,,,,3.592967987060547,,,,,,
32,,50149,,,,,,,25721.23046875,-11.016132354736328,,,
,,50199,,,,,,229.89439964294434,,,,,
,,50199,,,,,24.820804595947266,,,,,,
32,,50199,,,,,,,25666.1015625,-11.294501304626465,,,
,,50249,,,,,,221.15015983581543,,,,,
,,50249,,,,,3.890514373779297,,,,,,
32,,50249,,,,,,,25867.125,-11.089760780334473,,,
,,50299,,,,,,221.93408012390137,,,,,
,,50299,,,,,21.99244499206543,,,,,,
32,,50299,,,,,,,25760.5859375,-11.181990623474121,,,
,,50349,,,,,,221.44556045532227,,,,,
,,50349,,,,,3.6687850952148438,,,,,,
32,,50349,,,,,,,25688.544921875,-11.02181339263916,,,
,,50399,,,,,,221.4343547821045,,,,,
,,50399,,,,,21.191120147705078,,,,,,
32,,50399,,,,,,,25767.216796875,-11.011955261230469,,,
,,50449,,,,,,221.22883796691895,,,,,
,,50449,,,,,2.730131149291992,,,,,,
32,,50449,,,,,,,25815.09765625,-11.232478141784668,,,
,,50499,,,,,,216.9935703277588,,,,,
,,50499,,,,,20.656108856201172,,,,,,
32,,50499,,,,,,,25744.9765625,-11.27520751953125,,,
,,50549,,,,,,215.55256843566895,,,,,
,,50549,,,,,2.736806869506836,,,,,,
32,,50549,,,,,,,25826.92578125,-11.24132251739502,,,
,,50599,,,,,,216.48597717285156,,,,,
,,50599,,,,,27.28557586669922,,,,,,
32,,50599,,,,,,,25676.67578125,-11.138972282409668,,,
,,50649,,,,,,214.62202072143555,,,,,
,,50649,,,,,2.610445022583008,,,,,,
32,,50649,,,,,,,25811.97265625,-10.7562837600708,,,
,,50699,,,,,,215.82770347595215,,,,,
,,50699,,,,,21.126985549926758,,,,,,
32,,50699,,,,,,,25831.900390625,-11.321423530578613,,,
,,50749,,,,,,213.30666542053223,,,,,
,,50749,,,,,2.7742385864257812,,,,,,
32,,50749,,,,,,,25839.78125,-10.775458335876465,,,
,,50799,,,,,,217.65470504760742,,,,,
,,50799,,,,,20.679235458374023,,,,,,
32,,50799,,,,,,,25949.88671875,-10.94845962524414,,,
,,50849,,,,,,213.3495807647705,,,,,
,,50849,,,,,2.7527809143066406,,,,,,
32,,50849,,,,,,,25845.4609375,-11.13925838470459,,,
,,50899,,,,,,221.08078002929688,,,,,
,,50899,,,,,20.736217498779297,,,,,,
32,,50899,,,,,,,25781.103515625,-10.89381217956543,,,
,,50949,,,,,,213.4377956390381,,,,,
,,50949,,,,,2.8786659240722656,,,,,,
32,,50949,,,,,,,25785.71484375,-11.31500244140625,,,
,,50999,,,,,,214.0367031097412,,,,,
,,50999,,,,,20.750999450683594,,,,,,
32,,50999,,,,,,,25878.68359375,-11.180116653442383,,,
,,51049,,,,,,215.28339385986328,,,,,
,,51049,,,,,3.4570693969726562,,,,,,
32,,51049,,,,,,,25647.01171875,-11.225302696228027,,,
,,51099,,,,,,221.16708755493164,,,,,
,,51099,,,,,25.223493576049805,,,,,,
32,,51099,,,,,,,25855.44140625,-10.871442794799805,,,
,,51149,,,,,,220.64566612243652,,,,,
,,51149,,,,,2.593517303466797,,,,,,
32,,51149,,,,,,,25913.404296875,-10.959512710571289,,,
,,51199,,,,,,218.2168960571289,,,,,
,,51199,,,,,20.81608772277832,,,,,,
32,,51199,,,,,,,25854.03515625,-11.208175659179688,,,
,,51249,,,,,,213.4261131286621,,,,,
,,51249,,,,,2.6557445526123047,,,,,,
32,,51249,,,,,,,25680.83203125,-11.190217018127441,,,
,,51299,,,,,,219.5737361907959,,,,,
,,51299,,,,,20.238399505615234,,,,,,
32,,51299,,,,,,,25842.7109375,-10.979992866516113,,,
,,51349,,,,,,217.70906448364258,,,,,
,,51349,,,,,2.6464462280273438,,,,,,
32,,51349,,,,,,,25898.806640625,-11.19442367553711,,,
,,51399,,,,,,215.5148983001709,,,,,
,,51399,,,,,21.15178108215332,,,,,,
32,,51399,,,,,,,25823.869140625,-11.178340911865234,,,
,,51449,,,,,,221.03071212768555,,,,,
,,51449,,,,,2.5572776794433594,,,,,,
32,,51449,,,,,,,25827.615234375,-11.186738014221191,,,
,,51499,,,,,,217.80824661254883,,,,,
,,51499,,,,,20.8890438079834,,,,,,
32,,51499,,,,,,,25765.76171875,-10.956011772155762,,,
,,51549,,,,,,214.19095993041992,,,,,
,,51549,,,,,2.7496814727783203,,,,,,
32,,51549,,,,,,,25855.876953125,-11.14307975769043,,,
32,,51578,,,,,,,,,-10.522476196289062,-10.653404235839844,-11.081130027770996
,,51579,,,,382.75942277908325,,,,,,,
,0.0003,51579,,,,,,,,,,,
,,51599,,,,,,214.10632133483887,,,,,
,,51599,,,,,20.99132537841797,,,,,,
33,,51599,,,,,,,25743.0546875,-11.190041542053223,,,
,,51649,,,,,,220.0024127960205,,,,,
,,51649,,,,,2.5458335876464844,,,,,,
33,,51649,,,,,,,25615.09375,-11.058911323547363,,,
,,51699,,,,,,217.2994613647461,,,,,
,,51699,,,,,20.54572105407715,,,,,,
33,,51699,,,,,,,25868.302734375,-11.166619300842285,,,
,,51749,,,,,,218.0337905883789,,,,,
,,51749,,,,,2.599000930786133,,,,,,
33,,51749,,,,,,,25770.76171875,-11.133842468261719,,,
,,51799,,,,,,218.79935264587402,,,,,
,,51799,,,,,21.100282669067383,,,,,,
33,,51799,,,,,,,25617.984375,-11.140273094177246,,,
,,51849,,,,,,218.45507621765137,,,,,
,,51849,,,,,2.559185028076172,,,,,,
33,,51849,,,,,,,25939.5546875,-11.39681625366211,,,
,,51899,,,,,,216.33434295654297,,,,,
,,51899,,,,,25.009870529174805,,,,,,
33,,51899,,,,,,,25741.794921875,-11.014988899230957,,,
,,51949,,,,,,219.7866439819336,,,,,
,,51949,,,,,2.593994140625,,,,,,
33,,51949,,,,,,,25860.9296875,-11.405131340026855,,,
,,51999,,,,,,213.2554054260254,,,,,
,,51999,,,,,20.59197425842285,,,,,,
33,,51999,,,,,,,25665.392578125,-10.79891586303711,,,
,,52049,,,,,,214.8873805999756,,,,,
,,52049,,,,,4.272699356079102,,,,,,
33,,52049,,,,,,,25617.359375,-11.204910278320312,,,
,,52099,,,,,,213.55319023132324,,,,,
,,52099,,,,,20.65730094909668,,,,,,
33,,52099,,,,,,,25912.228515625,-11.35344409942627,,,
,,52149,,,,,,214.874267578125,,,,,
,,52149,,,,,2.5882720947265625,,,,,,
33,,52149,,,,,,,25785.28125,-10.813924789428711,,,
,,52199,,,,,,215.58642387390137,,,,,
,,52199,,,,,21.193265914916992,,,,,,
33,,52199,,,,,,,25877.19921875,-11.000805854797363,,,
,,52249,,,,,,218.9624309539795,,,,,
,,52249,,,,,2.712249755859375,,,,,,
33,,52249,,,,,,,25800.962890625,-10.894579887390137,,,
,,52299,,,,,,213.65880966186523,,,,,
,,52299,,,,,20.787715911865234,,,,,,
33,,52299,,,,,,,25715.826171875,-11.319881439208984,,,
,,52349,,,,,,222.67556190490723,,,,,
,,52349,,,,,2.730131149291992,,,,,,
33,,52349,,,,,,,25700.8046875,-11.24609088897705,,,
,,52399,,,,,,211.9734287261963,,,,,
,,52399,,,,,20.30181884765625,,,,,,
33,,52399,,,,,,,25785.33203125,-11.005998611450195,,,
,,52449,,,,,,217.27848052978516,,,,,
,,52449,,,,,4.277229309082031,,,,,,
33,,52449,,,,,,,25765.771484375,-11.13045597076416,,,
,,52499,,,,,,215.9442901611328,,,,,
,,52499,,,,,20.762920379638672,,,,,,
33,,52499,,,,,,,25799.5,-11.259356498718262,,,
,,52549,,,,,,220.0484275817871,,,,,
,,52549,,,,,2.5818347930908203,,,,,,
33,,52549,,,,,,,25861.52734375,-11.374958038330078,,,
,,52599,,,,,,213.35887908935547,,,,,
,,52599,,,,,20.374059677124023,,,,,,
33,,52599,,,,,,,25698.580078125,-11.096531867980957,,,
,,52649,,,,,,215.28339385986328,,,,,
,,52649,,,,,2.5572776794433594,,,,,,
33,,52649,,,,,,,25880.64453125,-10.930665969848633,,,
,,52699,,,,,,217.66090393066406,,,,,
,,52699,,,,,20.75672149658203,,,,,,
33,,52699,,,,,,,25654.23046875,-11.156630516052246,,,
,,52749,,,,,,215.0406837463379,,,,,
,,52749,,,,,2.553224563598633,,,,,,
33,,52749,,,,,,,25981.08203125,-11.07337474822998,,,
,,52799,,,,,,214.68591690063477,,,,,
,,52799,,,,,20.386934280395508,,,,,,
33,,52799,,,,,,,25834.859375,-11.19821548461914,,,
,,52849,,,,,,215.68822860717773,,,,,
,,52849,,,,,2.5894641876220703,,,,,,
33,,52849,,,,,,,25849.625,-11.295283317565918,,,
,,52899,,,,,,216.6919708251953,,,,,
,,52899,,,,,20.920515060424805,,,,,,
33,,52899,,,,,,,25938.41015625,-11.089950561523438,,,
,,52949,,,,,,214.72501754760742,,,,,
,,52949,,,,,2.605915069580078,,,,,,
33,,52949,,,,,,,25881.515625,-10.949873924255371,,,
,,52999,,,,,,214.1549587249756,,,,,
,,52999,,,,,20.60842514038086,,,,,,
33,,52999,,,,,,,25756.484375,-11.035079956054688,,,
,,53049,,,,,,212.30673789978027,,,,,
,,53049,,,,,2.6154518127441406,,,,,,
33,,53049,,,,,,,25606.5078125,-11.18863296508789,,,
,,53099,,,,,,212.1295928955078,,,,,
,,53099,,,,,20.867347717285156,,,,,,
33,,53099,,,,,,,25811.90625,-10.994140625,,,
33,,53141,,,,,,,,,-10.528881072998047,-10.666034698486328,-11.098159790039062
,,53142,,,,378.1286928653717,,,,,,,
,0.0003,53142,,,,,,,,,,,
,,53149,,,,,,212.55207061767578,,,,,
,,53149,,,,,2.670764923095703,,,,,,
34,,53149,,,,,,,25845.306640625,-11.04666519165039,,,
,,53199,,,,,,221.8637466430664,,,,,
,,53199,,,,,20.479679107666016,,,,,,
34,,53199,,,,,,,25795.296875,-11.025375366210938,,,
,,53249,,,,,,214.6475315093994,,,,,
,,53249,,,,,2.515077590942383,,,,,,
34,,53249,,,,,,,25869.4375,-10.951556205749512,,,
,,53299,,,,,,214.13683891296387,,,,,
,,53299,,,,,20.398855209350586,,,,,,
34,,53299,,,,,,,25970.75390625,-10.981475830078125,,,
,,53349,,,,,,215.1925563812256,,,,,
,,53349,,,,,2.5625228881835938,,,,,,
34,,53349,,,,,,,25736.34375,-11.101009368896484,,,
,,53399,,,,,,212.54777908325195,,,,,
,,53399,,,,,20.39957046508789,,,,,,
34,,53399,,,,,,,25554.66015625,-11.360334396362305,,,
,,53449,,,,,,216.37701988220215,,,,,
,,53449,,,,,2.6292800903320312,,,,,,
34,,53449,,,,,,,25809.689453125,-11.139317512512207,,,
,,53499,,,,,,213.62590789794922,,,,,
,,53499,,,,,20.878076553344727,,,,,,
34,,53499,,,,,,,25784.81640625,-10.96473217010498,,,
,,53549,,,,,,217.27633476257324,,,,,
,,53549,,,,,2.6230812072753906,,,,,,
34,,53549,,,,,,,25907.71484375,-11.127707481384277,,,
,,53599,,,,,,213.15884590148926,,,,,
,,53599,,,,,20.627975463867188,,,,,,
34,,53599,,,,,,,25797.3828125,-11.19711971282959,,,
,,53649,,,,,,217.52572059631348,,,,,
,,53649,,,,,2.535581588745117,,,,,,
34,,53649,,,,,,,25762.412109375,-10.992555618286133,,,
,,53699,,,,,,215.14534950256348,,,,,
,,53699,,,,,20.789623260498047,,,,,,
34,,53699,,,,,,,25865.734375,-10.881674766540527,,,
,,53749,,,,,,213.08159828186035,,,,,
,,53749,,,,,2.5594234466552734,,,,,,
34,,53749,,,,,,,25890.6953125,-11.076190948486328,,,
,,53799,,,,,,213.46378326416016,,,,,
,,53799,,,,,20.93958854675293,,,,,,
34,,53799,,,,,,,25701.46484375,-11.169401168823242,,,
,,53849,,,,,,215.66319465637207,,,,,
,,53849,,,,,2.566814422607422,,,,,,
34,,53849,,,,,,,25796.0859375,-11.336567878723145,,,
,,53899,,,,,,217.79179573059082,,,,,
,,53899,,,,,20.67112922668457,,,,,,
34,,53899,,,,,,,25918.279296875,-11.383532524108887,,,
,,53949,,,,,,214.51354026794434,,,,,
,,53949,,,,,2.7246475219726562,,,,,,
34,,53949,,,,,,,25793.998046875,-11.117752075195312,,,
,,53999,,,,,,214.82253074645996,,,,,
,,53999,,,,,20.743370056152344,,,,,,
34,,53999,,,,,,,25966.509765625,-11.225590705871582,,,
,,54049,,,,,,213.03033828735352,,,,,
,,54049,,,,,2.537250518798828,,,,,,
34,,54049,,,,,,,25895.65234375,-11.175146102905273,,,
,,54099,,,,,,214.49732780456543,,,,,
,,54099,,,,,20.464658737182617,,,,,,
34,,54099,,,,,,,25864.4765625,-11.431689262390137,,,
,,54149,,,,,,213.87362480163574,,,,,
,,54149,,,,,2.5789737701416016,,,,,,
34,,54149,,,,,,,25779.984375,-11.182039260864258,,,
,,54199,,,,,,216.67861938476562,,,,,
,,54199,,,,,20.323514938354492,,,,,,
34,,54199,,,,,,,25730.5703125,-10.976884841918945,,,
,,54249,,,,,,221.16518020629883,,,,,
,,54249,,,,,2.782583236694336,,,,,,
34,,54249,,,,,,,25938.8359375,-11.008428573608398,,,
,,54299,,,,,,220.34430503845215,,,,,
,,54299,,,,,20.719289779663086,,,,,,
34,,54299,,,,,,,25779.05859375,-11.152812004089355,,,
,,54349,,,,,,213.92178535461426,,,,,
,,54349,,,,,2.557992935180664,,,,,,
34,,54349,,,,,,,25786.99609375,-11.11228084564209,,,
,,54399,,,,,,213.9301300048828,,,,,
,,54399,,,,,20.766496658325195,,,,,,
34,,54399,,,,,,,25682.5,-11.07020092010498,,,
,,54449,,,,,,212.7840518951416,,,,,
,,54449,,,,,2.569437026977539,,,,,,
34,,54449,,,,,,,25794.61328125,-11.102861404418945,,,
,,54499,,,,,,215.38925170898438,,,,,
,,54499,,,,,21.266460418701172,,,,,,
34,,54499,,,,,,,25802.32421875,-10.8483247756958,,,
,,54549,,,,,,217.57936477661133,,,,,
,,54549,,,,,2.6273727416992188,,,,,,
34,,54549,,,,,,,25795.912109375,-11.035712242126465,,,
,,54599,,,,,,215.8341407775879,,,,,
,,54599,,,,,21.13819122314453,,,,,,
34,,54599,,,,,,,25848.91796875,-10.89828109741211,,,
,,54649,,,,,,216.1850929260254,,,,,
,,54649,,,,,2.565622329711914,,,,,,
34,,54649,,,,,,,25726.44140625,-11.037694931030273,,,
,,54699,,,,,,214.21074867248535,,,,,
,,54699,,,,,21.12126350402832,,,,,,
34,,54699,,,,,,,25866.0859375,-11.027963638305664,,,
34,,54704,,,,,,,,,-10.519107818603516,-10.655302047729492,-11.081363677978516
,,54705,,,,377.3130660057068,,,,,,,
,0.0003,54705,,,,,,,,,,,
,,54749,,,,,,212.53180503845215,,,,,
,,54749,,,,,2.4955272674560547,,,,,,
35,,54749,,,,,,,25809.71875,-11.026687622070312,,,
,,54799,,,,,,214.3092155456543,,,,,
,,54799,,,,,21.14582061767578,,,,,,
35,,54799,,,,,,,25559.15234375,-11.055630683898926,,,
,,54849,,,,,,213.4559154510498,,,,,
,,54849,,,,,2.516031265258789,,,,,,
35,,54849,,,,,,,25796.078125,-11.29189682006836,,,
,,54899,,,,,,214.2505645751953,,,,,
,,54899,,,,,20.819664001464844,,,,,,
35,,54899,,,,,,,25844.421875,-11.136231422424316,,,
,,54949,,,,,,214.735746383667,,,,,
,,54949,,,,,2.5475025177001953,,,,,,
35,,54949,,,,,,,25768.60546875,-11.353744506835938,,,
,,54999,,,,,,213.12546730041504,,,,,
,,54999,,,,,20.65134048461914,,,,,,
35,,54999,,,,,,,25767.45703125,-11.109943389892578,,,
,,55049,,,,,,214.5073413848877,,,,,
,,55049,,,,,2.704143524169922,,,,,,
35,,55049,,,,,,,25772.75390625,-11.040761947631836,,,
,,55099,,,,,,212.25881576538086,,,,,
,,55099,,,,,20.402193069458008,,,,,,
35,,55099,,,,,,,25934.078125,-11.370622634887695,,,
,,55149,,,,,,214.6468162536621,,,,,
,,55149,,,,,2.5615692138671875,,,,,,
35,,55149,,,,,,,26016.35546875,-10.966166496276855,,,
,,55199,,,,,,219.30408477783203,,,,,
,,55199,,,,,20.565271377563477,,,,,,
35,,55199,,,,,,,25880.84375,-11.250136375427246,,,
,,55249,,,,,,214.25294876098633,,,,,
,,55249,,,,,2.961397171020508,,,,,,
35,,55249,,,,,,,25895.69140625,-10.880386352539062,,,
,,55299,,,,,,217.5307273864746,,,,,
,,55299,,,,,20.466089248657227,,,,,,
35,,55299,,,,,,,25843.40234375,-10.80636978149414,,,
,,55349,,,,,,214.97797966003418,,,,,
,,55349,,,,,2.5277137756347656,,,,,,
35,,55349,,,,,,,25649.123046875,-11.148808479309082,,,
,,55399,,,,,,221.97198867797852,,,,,
,,55399,,,,,21.305084228515625,,,,,,
35,,55399,,,,,,,25921.06640625,-11.375581741333008,,,
,,55449,,,,,,216.82333946228027,,,,,
,,55449,,,,,2.6700496673583984,,,,,,
35,,55449,,,,,,,26025.626953125,-11.036269187927246,,,
,,55499,,,,,,220.75891494750977,,,,,
,,55499,,,,,20.882844924926758,,,,,,
35,,55499,,,,,,,25942.931640625,-10.992929458618164,,,
,,55549,,,,,,216.58778190612793,,,,,
,,55549,,,,,2.5534629821777344,,,,,,
35,,55549,,,,,,,25980.630859375,-11.148247718811035,,,
,,55599,,,,,,216.0046100616455,,,,,
,,55599,,,,,21.205663681030273,,,,,,
35,,55599,,,,,,,25892.65234375,-10.937005043029785,,,
,,55649,,,,,,217.4069881439209,,,,,
,,55649,,,,,2.5298595428466797,,,,,,
35,,55649,,,,,,,25887.9140625,-11.051657676696777,,,
,,55699,,,,,,218.21212768554688,,,,,
,,55699,,,,,21.515369415283203,,,,,,
35,,55699,,,,,,,25919.94921875,-11.073659896850586,,,
,,55749,,,,,,215.95430374145508,,,,,
,,55749,,,,,2.561330795288086,,,,,,
35,,55749,,,,,,,25855.572265625,-11.2479248046875,,,
,,55799,,,,,,212.89300918579102,,,,,
,,55799,,,,,20.797252655029297,,,,,,
35,,55799,,,,,,,25612.3671875,-11.09462833404541,,,
,,55849,,,,,,212.80980110168457,,,,,
,,55849,,,,,3.796100616455078,,,,,,
35,,55849,,,,,,,25768.76171875,-11.120707511901855,,,
,,55899,,,,,,213.12332153320312,,,,,
,,55899,,,,,20.923852920532227,,,,,,
35,,55899,,,,,,,25774.4765625,-11.313764572143555,,,
,,55949,,,,,,214.158296585083,,,,,
,,55949,,,,,2.5069713592529297,,,,,,
35,,55949,,,,,,,25797.70703125,-11.054410934448242,,,
,,55999,,,,,,219.76017951965332,,,,,
,,55999,,,,,23.94270896911621,,,,,,
35,,55999,,,,,,,26035.1015625,-11.088432312011719,,,
,,56049,,,,,,212.31746673583984,,,,,
,,56049,,,,,2.6824474334716797,,,,,,
35,,56049,,,,,,,25576.681640625,-11.37879467010498,,,
,,56099,,,,,,213.39678764343262,,,,,
,,56099,,,,,21.3167667388916,,,,,,
35,,56099,,,,,,,25692.4140625,-10.841545104980469,,,
,,56149,,,,,,216.05277061462402,,,,,
,,56149,,,,,2.658367156982422,,,,,,
35,,56149,,,,,,,25797.41796875,-11.12189769744873,,,
,,56199,,,,,,212.9809856414795,,,,,
,,56199,,,,,20.781755447387695,,,,,,
35,,56199,,,,,,,25740.4765625,-11.208273887634277,,,
,,56249,,,,,,214.61033821105957,,,,,
,,56249,,,,,2.5475025177001953,,,,,,
35,,56249,,,,,,,25732.853515625,-11.043291091918945,,,
35,,56267,,,,,,,,,-10.519288063049316,-10.656448364257812,-11.07666015625
,,56268,,,,377.55040740966797,,,,,,,
,0.0003,56268,,,,,,,,,,,
,,56299,,,,,,220.08013725280762,,,,,
,,56299,,,,,21.34561538696289,,,,,,
36,,56299,,,,,,,25744.08203125,-11.17049503326416,,,
,,56349,,,,,,216.0196304321289,,,,,
,,56349,,,,,2.690553665161133,,,,,,
36,,56349,,,,,,,25919.72265625,-11.249359130859375,,,
,,56399,,,,,,216.43877029418945,,,,,
,,56399,,,,,25.539636611938477,,,,,,
36,,56399,,,,,,,25694.052734375,-11.14587116241455,,,
,,56449,,,,,,214.09201622009277,,,,,
,,56449,,,,,2.530336380004883,,,,,,
36,,56449,,,,,,,25987.54296875,-11.04470157623291,,,
,,56499,,,,,,218.0037498474121,,,,,
,,56499,,,,,20.56574821472168,,,,,,
36,,56499,,,,,,,25777.068359375,-11.259577751159668,,,
,,56549,,,,,,222.72109985351562,,,,,
,,56549,,,,,2.618074417114258,,,,,,
36,,56549,,,,,,,26110.7265625,-11.166199684143066,,,
,,56599,,,,,,214.19310569763184,,,,,
,,56599,,,,,20.619630813598633,,,,,,
36,,56599,,,,,,,25836.154296875,-11.125139236450195,,,
,,56649,,,,,,226.7935276031494,,,,,
,,56649,,,,,4.151105880737305,,,,,,
36,,56649,,,,,,,25772.05078125,-11.075521469116211,,,
,,56699,,,,,,221.29082679748535,,,,,
,,56699,,,,,22.68505096435547,,,,,,
36,,56699,,,,,,,25779.357421875,-11.133320808410645,,,
,,56749,,,,,,224.98536109924316,,,,,
,,56749,,,,,4.158258438110352,,,,,,
36,,56749,,,,,,,25843.12890625,-10.939130783081055,,,
,,56799,,,,,,220.4761505126953,,,,,
,,56799,,,,,22.03083038330078,,,,,,
36,,56799,,,,,,,25926.25390625,-11.192461013793945,,,
,,56849,,,,,,222.82099723815918,,,,,
,,56849,,,,,5.383491516113281,,,,,,
36,,56849,,,,,,,25847.3671875,-10.867118835449219,,,
,,56899,,,,,,224.44772720336914,,,,,
,,56899,,,,,21.77119255065918,,,,,,
36,,56899,,,,,,,25692.458984375,-11.209796905517578,,,
,,56949,,,,,,222.28264808654785,,,,,
,,56949,,,,,3.925323486328125,,,,,,
36,,56949,,,,,,,26079.4765625,-11.30199146270752,,,
,,56999,,,,,,243.89123916625977,,,,,
,,56999,,,,,26.157617568969727,,,,,,
36,,56999,,,,,,,25816.28515625,-10.88221263885498,,,
,,57049,,,,,,244.2936897277832,,,,,
,,57049,,,,,6.81304931640625,,,,,,
36,,57049,,,,,,,25990.25,-11.358797073364258,,,
,,57099,,,,,,242.51317977905273,,,,,
,,57099,,,,,25.885820388793945,,,,,,
36,,57099,,,,,,,25681.25,-11.154463768005371,,,
,,57149,,,,,,247.63226509094238,,,,,
,,57149,,,,,6.714582443237305,,,,,,
36,,57149,,,,,,,25685.17578125,-11.018012046813965,,,
,,57199,,,,,,244.9057102203369,,,,,
,,57199,,,,,27.442455291748047,,,,,,
36,,57199,,,,,,,25702.13671875,-11.176417350769043,,,
,,57249,,,,,,241.73736572265625,,,,,
,,57249,,,,,7.199525833129883,,,,,,
36,,57249,,,,,,,25896.40234375,-11.128432273864746,,,
,,57299,,,,,,244.70758438110352,,,,,
,,57299,,,,,25.60138702392578,,,,,,
36,,57299,,,,,,,25542.25,-11.233742713928223,,,
,,57349,,,,,,247.6975917816162,,,,,
,,57349,,,,,7.022857666015625,,,,,,
36,,57349,,,,,,,25703.83203125,-11.264591217041016,,,
,,57399,,,,,,246.063232421875,,,,,
,,57399,,,,,28.044939041137695,,,,,,
36,,57399,,,,,,,26005.3828125,-11.132067680358887,,,
,,57449,,,,,,240.70286750793457,,,,,
,,57449,,,,,7.142066955566406,,,,,,
36,,57449,,,,,,,25768.078125,-11.193609237670898,,,
,,57499,,,,,,242.99073219299316,,,,,
,,57499,,,,,24.947404861450195,,,,,,
36,,57499,,,,,,,25814.810546875,-11.369455337524414,,,
,,57549,,,,,,242.0949935913086,,,,,
,,57549,,,,,6.056547164916992,,,,,,
36,,57549,,,,,,,25762.70703125,-11.111873626708984,,,
,,57599,,,,,,242.7208423614502,,,,,
,,57599,,,,,25.56610107421875,,,,,,
36,,57599,,,,,,,25690.951171875,-11.145341873168945,,,
,,57649,,,,,,245.38731575012207,,,,,
,,57649,,,,,6.128072738647461,,,,,,
36,,57649,,,,,,,25901.6875,-10.916926383972168,,,
,,57699,,,,,,246.8881607055664,,,,,
,,57699,,,,,28.729677200317383,,,,,,
36,,57699,,,,,,,25776.3125,-11.097990036010742,,,
,,57749,,,,,,247.37191200256348,,,,,
,,57749,,,,,6.521463394165039,,,,,,
36,,57749,,,,,,,25930.890625,-10.905790328979492,,,
,,57799,,,,,,240.36478996276855,,,,,
,,57799,,,,,26.246070861816406,,,,,,
36,,57799,,,,,,,25835.5703125,-10.969902038574219,,,
36,,57830,,,,,,,,,-10.527825355529785,-10.659171104431152,-11.074213027954102
,,57831,,,,409.77144742012024,,,,,,,
,0.0003,57831,,,,,,,,,,,
,,57849,,,,,,245.4202175140381,,,,,
,,57849,,,,,6.005764007568359,,,,,,
37,,57849,,,,,,,25805.87890625,-11.188535690307617,,,
,,57899,,,,,,252.29549407958984,,,,,
,,57899,,,,,25.701284408569336,,,,,,
37,,57899,,,,,,,25691.53515625,-11.02370548248291,,,
,,57949,,,,,,245.35465240478516,,,,,
,,57949,,,,,6.276130676269531,,,,,,
37,,57949,,,,,,,25729.6484375,-11.023260116577148,,,
,,57999,,,,,,224.66301918029785,,,,,
,,57999,,,,,21.356821060180664,,,,,,
37,,57999,,,,,,,25885.6640625,-10.968862533569336,,,
,,58049,,,,,,224.51281547546387,,,,,
,,58049,,,,,3.629922866821289,,,,,,
37,,58049,,,,,,,25756.78125,-10.916238784790039,,,
,,58099,,,,,,217.21768379211426,,,,,
,,58099,,,,,20.997047424316406,,,,,,
37,,58099,,,,,,,25786.03515625,-10.824137687683105,,,
,,58149,,,,,,224.4107723236084,,,,,
,,58149,,,,,2.6481151580810547,,,,,,
37,,58149,,,,,,,25814.9921875,-10.615073204040527,,,
,,58199,,,,,,221.73762321472168,,,,,
,,58199,,,,,21.907329559326172,,,,,,
37,,58199,,,,,,,25763.486328125,-11.014458656311035,,,
,,58249,,,,,,220.96514701843262,,,,,
,,58249,,,,,2.710580825805664,,,,,,
37,,58249,,,,,,,25986.22265625,-11.203615188598633,,,
,,58299,,,,,,214.44392204284668,,,,,
,,58299,,,,,25.026321411132812,,,,,,
37,,58299,,,,,,,25652.5234375,-11.052570343017578,,,
,,58349,,,,,,214.4002914428711,,,,,
,,58349,,,,,2.764463424682617,,,,,,
37,,58349,,,,,,,25815.6484375,-10.96960163116455,,,
,,58399,,,,,,221.08793258666992,,,,,
,,58399,,,,,20.844697952270508,,,,,,
37,,58399,,,,,,,25649.412109375,-11.290600776672363,,,
,,58449,,,,,,214.63799476623535,,,,,
,,58449,,,,,2.6407241821289062,,,,,,
37,,58449,,,,,,,25726.73046875,-11.068276405334473,,,
,,58499,,,,,,212.4478816986084,,,,,
,,58499,,,,,20.85733413696289,,,,,,
37,,58499,,,,,,,25681.953125,-10.921127319335938,,,
,,58549,,,,,,212.13865280151367,,,,,
,,58549,,,,,2.72369384765625,,,,,,
37,,58549,,,,,,,25672.990234375,-10.962011337280273,,,
,,58599,,,,,,216.68744087219238,,,,,
,,58599,,,,,20.651578903198242,,,,,,
37,,58599,,,,,,,25820.333984375,-10.862619400024414,,,
,,58649,,,,,,217.2226905822754,,,,,
,,58649,,,,,2.626180648803711,,,,,,
37,,58649,,,,,,,25814.68359375,-11.291154861450195,,,
,,58699,,,,,,215.40355682373047,,,,,
,,58699,,,,,24.05691146850586,,,,,,
37,,58699,,,,,,,25773.408203125,-11.219677925109863,,,
,,58749,,,,,,216.0792350769043,,,,,
,,58749,,,,,2.6857852935791016,,,,,,
37,,58749,,,,,,,25758.36328125,-11.385783195495605,,,
,,58799,,,,,,216.91536903381348,,,,,
,,58799,,,,,20.978450775146484,,,,,,
37,,58799,,,,,,,25824.10546875,-11.045865058898926,,,
,,58849,,,,,,220.40724754333496,,,,,
,,58849,,,,,2.7952194213867188,,,,,,
37,,58849,,,,,,,25640.75390625,-11.06832504272461,,,
,,58899,,,,,,214.26010131835938,,,,,
,,58899,,,,,21.048784255981445,,,,,,
37,,58899,,,,,,,25755.06640625,-10.983991622924805,,,
,,58949,,,,,,220.16644477844238,,,,,
,,58949,,,,,2.654552459716797,,,,,,
37,,58949,,,,,,,25812.015625,-11.091270446777344,,,
,,58999,,,,,,215.559720993042,,,,,
,,58999,,,,,20.735502243041992,,,,,,
37,,58999,,,,,,,25919.1328125,-11.08474063873291,,,
,,59049,,,,,,219.23208236694336,,,,,
,,59049,,,,,2.716064453125,,,,,,
37,,59049,,,,,,,25833.6953125,-11.11080265045166,,,
,,59099,,,,,,214.55740928649902,,,,,
,,59099,,,,,21.219491958618164,,,,,,
37,,59099,,,,,,,25715.78515625,-10.888819694519043,,,
,,59149,,,,,,216.4783477783203,,,,,
,,59149,,,,,2.6047229766845703,,,,,,
37,,59149,,,,,,,26036.65625,-10.922869682312012,,,
,,59199,,,,,,218.98198127746582,,,,,
,,59199,,,,,21.251678466796875,,,,,,
37,,59199,,,,,,,25867.4609375,-11.362079620361328,,,
,,59249,,,,,,215.32678604125977,,,,,
,,59249,,,,,2.609729766845703,,,,,,
37,,59249,,,,,,,25790.75,-10.988176345825195,,,
,,59299,,,,,,218.1396484375,,,,,
,,59299,,,,,20.65873146057129,,,,,,
37,,59299,,,,,,,25834.396484375,-11.087990760803223,,,
,,59349,,,,,,213.47665786743164,,,,,
,,59349,,,,,2.7670860290527344,,,,,,
37,,59349,,,,,,,25715.75390625,-11.22128677368164,,,
37,,59393,,,,,,,,,-10.518474578857422,-10.64592456817627,-11.060761451721191
,,59394,,,,383.2910068035126,,,,,,,
,0.0003,59394,,,,,,,,,,,
,,59399,,,,,,212.73303031921387,,,,,
,,59399,,,,,20.693302154541016,,,,,,
38,,59399,,,,,,,25778.328125,-11.004411697387695,,,
,,59449,,,,,,212.9378318786621,,,,,
,,59449,,,,,2.576112747192383,,,,,,
38,,59449,,,,,,,25898.798828125,-11.295828819274902,,,
,,59499,,,,,,213.77134323120117,,,,,
,,59499,,,,,20.874500274658203,,,,,,
38,,59499,,,,,,,26078.91796875,-11.128363609313965,,,
,,59549,,,,,,215.41666984558105,,,,,
,,59549,,,,,2.6137828826904297,,,,,,
38,,59549,,,,,,,25807.681640625,-10.954870223999023,,,
,,59599,,,,,,220.53098678588867,,,,,
,,59599,,,,,21.589040756225586,,,,,,
38,,59599,,,,,,,25704.96484375,-11.193466186523438,,,
,,59649,,,,,,216.39752388000488,,,,,
,,59649,,,,,2.7599334716796875,,,,,,
38,,59649,,,,,,,25626.16796875,-11.068662643432617,,,
,,59699,,,,,,220.31283378601074,,,,,
,,59699,,,,,21.228313446044922,,,,,,
38,,59699,,,,,,,25852.5703125,-10.720479965209961,,,
,,59749,,,,,,214.92409706115723,,,,,
,,59749,,,,,2.6412010192871094,,,,,,
38,,59749,,,,,,,25808.990234375,-11.099318504333496,,,
,,59799,,,,,,219.0835475921631,,,,,
,,59799,,,,,21.132469177246094,,,,,,
38,,59799,,,,,,,25927.03515625,-10.912504196166992,,,
,,59849,,,,,,214.96081352233887,,,,,
,,59849,,,,,2.7151107788085938,,,,,,
38,,59849,,,,,,,25777.474609375,-11.285764694213867,,,
,,59899,,,,,,213.06657791137695,,,,,
,,59899,,,,,21.0268497467041,,,,,,
38,,59899,,,,,,,25921.44140625,-11.335769653320312,,,
,,59949,,,,,,214.9641513824463,,,,,
,,59949,,,,,2.8297901153564453,,,,,,
38,,59949,,,,,,,25965.83984375,-11.412826538085938,,,
,,59999,,,,,,217.91458129882812,,,,,
,,59999,,,,,20.660400390625,,,,,,
38,,59999,,,,,,,25867.7265625,-10.949575424194336,,,
,,60049,,,,,,238.677978515625,,,,,
,,60049,,,,,5.986928939819336,,,,,,
38,,60049,,,,,,,25850.861328125,-11.27174186706543,,,
,,60099,,,,,,240.3571605682373,,,,,
,,60099,,,,,22.91727066040039,,,,,,
38,,60099,,,,,,,25763.859375,-11.047682762145996,,,
,,60149,,,,,,242.71512031555176,,,,,
,,60149,,,,,5.721807479858398,,,,,,
38,,60149,,,,,,,25631.67578125,-11.340988159179688,,,
,,60199,,,,,,242.74277687072754,,,,,
,,60199,,,,,23.238182067871094,,,,,,
38,,60199,,,,,,,25828.052734375,-10.957719802856445,,,
,,60249,,,,,,239.31884765625,,,,,
,,60249,,,,,6.545543670654297,,,,,,
38,,60249,,,,,,,25837.849609375,-11.262516975402832,,,
,,60299,,,,,,239.9303913116455,,,,,
,,60299,,,,,22.8731632232666,,,,,,
38,,60299,,,,,,,25899.3203125,-11.131329536437988,,,
,,60349,,,,,,241.4109706878662,,,,,
,,60349,,,,,5.339622497558594,,,,,,
38,,60349,,,,,,,25901.4765625,-11.12301254272461,,,
,,60399,,,,,,242.9053783416748,,,,,
,,60399,,,,,22.97353744506836,,,,,,
38,,60399,,,,,,,25721.91796875,-11.586645126342773,,,
,,60449,,,,,,231.47988319396973,,,,,
,,60449,,,,,4.369020462036133,,,,,,
38,,60449,,,,,,,25929.125,-10.97409439086914,,,
,,60499,,,,,,222.06377983093262,,,,,
,,60499,,,,,24.369478225708008,,,,,,
38,,60499,,,,,,,25967.0625,-10.747477531433105,,,
,,60549,,,,,,223.74796867370605,,,,,
,,60549,,,,,5.172491073608398,,,,,,
38,,60549,,,,,,,25814.2734375,-11.130785942077637,,,
,,60599,,,,,,225.56233406066895,,,,,
,,60599,,,,,21.89779281616211,,,,,,
38,,60599,,,,,,,25857.8984375,-11.243613243103027,,,
,,60649,,,,,,220.01409530639648,,,,,
,,60649,,,,,3.6547183990478516,,,,,,
38,,60649,,,,,,,25934.94140625,-11.119115829467773,,,
,,60699,,,,,,221.62127494812012,,,,,
,,60699,,,,,21.132469177246094,,,,,,
38,,60699,,,,,,,25725.4296875,-11.13415241241455,,,
,,60749,,,,,,218.7492847442627,,,,,
,,60749,,,,,3.536224365234375,,,,,,
38,,60749,,,,,,,25666.22265625,-11.251936912536621,,,
,,60799,,,,,,241.13178253173828,,,,,
,,60799,,,,,28.26690673828125,,,,,,
38,,60799,,,,,,,25828.05078125,-11.172002792358398,,,
,,60849,,,,,,222.28598594665527,,,,,
,,60849,,,,,3.9825439453125,,,,,,
38,,60849,,,,,,,26046.646484375,-10.882890701293945,,,
,,60899,,,,,,247.05815315246582,,,,,
,,60899,,,,,25.366783142089844,,,,,,
38,,60899,,,,,,,25728.451171875,-11.271252632141113,,,
,,60949,,,,,,242.8152561187744,,,,,
,,60949,,,,,5.283355712890625,,,,,,
38,,60949,,,,,,,26152.158203125,-11.080018043518066,,,
38,,60956,,,,,,,,,-10.520362854003906,-10.651274681091309,-11.067440032958984
,,60957,,,,396.3941743373871,,,,,,,
,0.0003,60957,,,,,,,,,,,
,,60999,,,,,,238.95597457885742,,,,,
,,60999,,,,,24.26767349243164,,,,,,
39,,60999,,,,,,,25837.00390625,-11.02753734588623,,,
,,61049,,,,,,239.44401741027832,,,,,
,,61049,,,,,5.067348480224609,,,,,,
39,,61049,,,,,,,25837.30078125,-10.95656967163086,,,
,,61099,,,,,,226.4249324798584,,,,,
,,61099,,,,,24.838685989379883,,,,,,
39,,61099,,,,,,,25668.0390625,-10.996075630187988,,,
,,61149,,,,,,227.55932807922363,,,,,
,,61149,,,,,4.441738128662109,,,,,,
39,,61149,,,,,,,25855.140625,-11.159713745117188,,,
,,61199,,,,,,221.3430404663086,,,,,
,,61199,,,,,21.696090698242188,,,,,,
39,,61199,,,,,,,25881.40625,-10.881379127502441,,,
,,61249,,,,,,220.68452835083008,,,,,
,,61249,,,,,3.7288665771484375,,,,,,
39,,61249,,,,,,,25857.662109375,-10.909757614135742,,,
,,61299,,,,,,227.49996185302734,,,,,
,,61299,,,,,21.997451782226562,,,,,,
39,,61299,,,,,,,25727.677734375,-11.211926460266113,,,
,,61349,,,,,,223.77872467041016,,,,,
,,61349,,,,,3.876924514770508,,,,,,
39,,61349,,,,,,,25777.48828125,-10.954740524291992,,,
,,61399,,,,,,221.04597091674805,,,,,
,,61399,,,,,21.787643432617188,,,,,,
39,,61399,,,,,,,25699.150390625,-11.106450080871582,,,
,,61449,,,,,,221.30656242370605,,,,,
,,61449,,,,,3.808736801147461,,,,,,
39,,61449,,,,,,,25791.5625,-11.033207893371582,,,
,,61499,,,,,,226.0124683380127,,,,,
,,61499,,,,,21.486759185791016,,,,,,
39,,61499,,,,,,,25782.34765625,-10.942997932434082,,,
,,61549,,,,,,224.23911094665527,,,,,
,,61549,,,,,3.8156509399414062,,,,,,
39,,61549,,,,,,,25746.05078125,-10.994818687438965,,,
,,61599,,,,,,225.33655166625977,,,,,
,,61599,,,,,21.492719650268555,,,,,,
39,,61599,,,,,,,25821.619140625,-10.771281242370605,,,
,,61649,,,,,,239.41826820373535,,,,,
,,61649,,,,,5.5141448974609375,,,,,,
39,,61649,,,,,,,25718.68359375,-10.827176094055176,,,
,,61699,,,,,,237.7634048461914,,,,,
,,61699,,,,,23.265838623046875,,,,,,
39,,61699,,,,,,,25707.908203125,-10.824872970581055,,,
,,61749,,,,,,244.13061141967773,,,,,
,,61749,,,,,6.279945373535156,,,,,,
39,,61749,,,,,,,25984.056640625,-11.202719688415527,,,
,,61799,,,,,,238.95549774169922,,,,,
,,61799,,,,,22.938251495361328,,,,,,
39,,61799,,,,,,,25913.29296875,-11.254450798034668,,,
,,61849,,,,,,237.20049858093262,,,,,
,,61849,,,,,5.1746368408203125,,,,,,
39,,61849,,,,,,,25788.375,-11.13970947265625,,,
,,61899,,,,,,241.75620079040527,,,,,
,,61899,,,,,22.9339599609375,,,,,,
39,,61899,,,,,,,25834.755859375,-11.073347091674805,,,
,,61949,,,,,,240.85688591003418,,,,,
,,61949,,,,,6.155490875244141,,,,,,
39,,61949,,,,,,,25865.34375,-11.150209426879883,,,
,,61999,,,,,,237.11276054382324,,,,,
,,61999,,,,,23.276090621948242,,,,,,
39,,61999,,,,,,,25742.05078125,-11.05665111541748,,,
,,62049,,,,,,237.5340461730957,,,,,
,,62049,,,,,5.889654159545898,,,,,,
39,,62049,,,,,,,25956.5859375,-11.31461238861084,,,
,,62099,,,,,,240.02647399902344,,,,,
,,62099,,,,,23.06532859802246,,,,,,
39,,62099,,,,,,,25790.59765625,-11.067864418029785,,,
,,62149,,,,,,241.08481407165527,,,,,
,,62149,,,,,5.252599716186523,,,,,,
39,,62149,,,,,,,25642.447265625,-10.924395561218262,,,
,,62199,,,,,,243.26634407043457,,,,,
,,62199,,,,,24.25360679626465,,,,,,
39,,62199,,,,,,,25807.3828125,-10.945439338684082,,,
,,62249,,,,,,224.80225563049316,,,,,
,,62249,,,,,4.983663558959961,,,,,,
39,,62249,,,,,,,25853.826171875,-11.415079116821289,,,
,,62299,,,,,,226.62830352783203,,,,,
,,62299,,,,,22.90821075439453,,,,,,
39,,62299,,,,,,,25766.3046875,-11.042896270751953,,,
,,62349,,,,,,232.1014404296875,,,,,
,,62349,,,,,6.037235260009766,,,,,,
39,,62349,,,,,,,25758.810546875,-10.990833282470703,,,
,,62399,,,,,,253.68452072143555,,,,,
,,62399,,,,,25.71892738342285,,,,,,
39,,62399,,,,,,,25766.798828125,-10.936864852905273,,,
,,62449,,,,,,250.0302791595459,,,,,
,,62449,,,,,6.8340301513671875,,,,,,
39,,62449,,,,,,,26082.373046875,-11.130167007446289,,,
,,62499,,,,,,249.8188018798828,,,,,
,,62499,,,,,25.450706481933594,,,,,,
39,,62499,,,,,,,25900.09765625,-10.927946090698242,,,
39,,62519,,,,,,,,,-10.521807670593262,-10.653179168701172,-11.079448699951172
,,62520,,,,410.81450390815735,,,,,,,
,0.0003,62520,,,,,,,,,,,
,,62549,,,,,,251.7242431640625,,,,,
,,62549,,,,,7.189512252807617,,,,,,
40,,62549,,,,,,,25875.642578125,-10.94339370727539,,,
,,62599,,,,,,248.7483024597168,,,,,
,,62599,,,,,28.64217758178711,,,,,,
40,,62599,,,,,,,25765.466796875,-10.862065315246582,,,
,,62649,,,,,,247.09463119506836,,,,,
,,62649,,,,,6.655454635620117,,,,,,
40,,62649,,,,,,,25809.6953125,-10.95691967010498,,,
,,62699,,,,,,248.21877479553223,,,,,
,,62699,,,,,25.809764862060547,,,,,,
40,,62699,,,,,,,25686.064453125,-11.0140962600708,,,
,,62749,,,,,,249.7236728668213,,,,,
,,62749,,,,,6.169319152832031,,,,,,
40,,62749,,,,,,,25893.39453125,-11.136469841003418,,,
,,62799,,,,,,248.48508834838867,,,,,
,,62799,,,,,26.79753303527832,,,,,,
40,,62799,,,,,,,25631.509765625,-11.161256790161133,,,
,,62849,,,,,,247.85351753234863,,,,,
,,62849,,,,,6.719350814819336,,,,,,
40,,62849,,,,,,,25827.890625,-11.00143051147461,,,
,,62899,,,,,,249.3445873260498,,,,,
,,62899,,,,,47.79767990112305,,,,,,
40,,62899,,,,,,,25859.138671875,-11.084108352661133,,,
,,62949,,,,,,250.87928771972656,,,,,
,,62949,,,,,7.811546325683594,,,,,,
40,,62949,,,,,,,25839.44140625,-10.891375541687012,,,
,,62999,,,,,,254.48846817016602,,,,,
,,62999,,,,,25.98094940185547,,,,,,
40,,62999,,,,,,,25754.28515625,-11.169975280761719,,,
,,63049,,,,,,251.09028816223145,,,,,
,,63049,,,,,6.695270538330078,,,,,,
40,,63049,,,,,,,26115.349609375,-11.19207763671875,,,
,,63099,,,,,,247.73740768432617,,,,,
,,63099,,,,,26.563644409179688,,,,,,
40,,63099,,,,,,,25707.9296875,-11.07552719116211,,,
,,63149,,,,,,247.15685844421387,,,,,
,,63149,,,,,6.790876388549805,,,,,,
40,,63149,,,,,,,25816.876953125,-10.917999267578125,,,
,,63199,,,,,,243.60918998718262,,,,,
,,63199,,,,,26.04985237121582,,,,,,
40,,63199,,,,,,,25813.46484375,-11.220996856689453,,,
,,63249,,,,,,240.3557300567627,,,,,
,,63249,,,,,6.138086318969727,,,,,,
40,,63249,,,,,,,25920.45703125,-11.254638671875,,,
,,63299,,,,,,236.5245819091797,,,,,
,,63299,,,,,22.49431610107422,,,,,,
40,,63299,,,,,,,25734.09765625,-11.25294017791748,,,
,,63349,,,,,,237.73932456970215,,,,,
,,63349,,,,,5.240678787231445,,,,,,
40,,63349,,,,,,,25749.53515625,-11.132787704467773,,,
,,63399,,,,,,238.79647254943848,,,,,
,,63399,,,,,30.12394905090332,,,,,,
40,,63399,,,,,,,25831.3359375,-11.097797393798828,,,
,,63449,,,,,,237.52355575561523,,,,,
,,63449,,,,,5.216836929321289,,,,,,
40,,63449,,,,,,,25681.369140625,-11.007970809936523,,,
,,63499,,,,,,236.68622970581055,,,,,
,,63499,,,,,23.355484008789062,,,,,,
40,,63499,,,,,,,25964.953125,-11.17088794708252,,,
,,63549,,,,,,236.19341850280762,,,,,
,,63549,,,,,5.4683685302734375,,,,,,
40,,63549,,,,,,,25864.580078125,-11.087090492248535,,,
,,63599,,,,,,242.78616905212402,,,,,
,,63599,,,,,24.497032165527344,,,,,,
40,,63599,,,,,,,25870.603515625,-11.208452224731445,,,
,,63649,,,,,,239.19367790222168,,,,,
,,63649,,,,,5.677223205566406,,,,,,
40,,63649,,,,,,,25769.21484375,-11.126618385314941,,,
,,63699,,,,,,241.0721778869629,,,,,
,,63699,,,,,24.941444396972656,,,,,,
40,,63699,,,,,,,25768.658203125,-11.209382057189941,,,
,,63749,,,,,,237.29205131530762,,,,,
,,63749,,,,,5.140781402587891,,,,,,
40,,63749,,,,,,,25816.091796875,-10.91004753112793,,,
,,63799,,,,,,243.4391975402832,,,,,
,,63799,,,,,26.430368423461914,,,,,,
40,,63799,,,,,,,25842.359375,-11.16857624053955,,,
,,63849,,,,,,239.2745018005371,,,,,
,,63849,,,,,5.340814590454102,,,,,,
40,,63849,,,,,,,25889.10546875,-11.058061599731445,,,
,,63899,,,,,,250.47922134399414,,,,,
,,63899,,,,,25.450468063354492,,,,,,
40,,63899,,,,,,,25865.845703125,-11.22890567779541,,,
,,63949,,,,,,243.95298957824707,,,,,
,,63949,,,,,6.331920623779297,,,,,,
40,,63949,,,,,,,25780.845703125,-11.383950233459473,,,
,,63999,,,,,,237.13946342468262,,,,,
,,63999,,,,,23.88596534729004,,,,,,
40,,63999,,,,,,,26074.68359375,-11.149287223815918,,,
,,64049,,,,,,240.64183235168457,,,,,
,,64049,,,,,5.300283432006836,,,,,,
40,,64049,,,,,,,25884.65625,-10.94035530090332,,,
40,,64082,,,,,,,,,-10.511213302612305,-10.641522407531738,-11.057801246643066
,,64083,,,,427.69851756095886,,,,,,,
,0.0003,64083,,,,,,,,,,,
,,64099,,,,,,239.90988731384277,,,,,
,,64099,,,,,23.193836212158203,,,,,,
41,,64099,,,,,,,25898.140625,-10.990203857421875,,,
,,64149,,,,,,241.29462242126465,,,,,
,,64149,,,,,5.363702774047852,,,,,,
41,,64149,,,,,,,25899.625,-11.120302200317383,,,
,,64199,,,,,,244.81964111328125,,,,,
,,64199,,,,,23.06818962097168,,,,,,
41,,64199,,,,,,,25780.05859375,-10.955707550048828,,,
,,64249,,,,,,239.49742317199707,,,,,
,,64249,,,,,5.893230438232422,,,,,,
41,,64249,,,,,,,25932.091796875,-11.1946382522583,,,
,,64299,,,,,,241.77169799804688,,,,,
,,64299,,,,,23.258447647094727,,,,,,
41,,64299,,,,,,,25903.390625,-10.989480018615723,,,
,,64349,,,,,,241.6088581085205,,,,,
,,64349,,,,,5.415439605712891,,,,,,
41,,64349,,,,,,,25870.71875,-11.187260627746582,,,
,,64399,,,,,,240.59677124023438,,,,,
,,64399,,,,,23.306608200073242,,,,,,
41,,64399,,,,,,,25698.142578125,-11.031865119934082,,,
,,64449,,,,,,242.86937713623047,,,,,
,,64449,,,,,5.39851188659668,,,,,,
41,,64449,,,,,,,25823.609375,-11.177912712097168,,,
,,64499,,,,,,247.39980697631836,,,,,
,,64499,,,,,23.319244384765625,,,,,,
41,,64499,,,,,,,25867.021484375,-11.031789779663086,,,
,,64549,,,,,,239.72082138061523,,,,,
,,64549,,,,,6.257534027099609,,,,,,
41,,64549,,,,,,,26007.57421875,-11.028599739074707,,,
,,64599,,,,,,245.64242362976074,,,,,
,,64599,,,,,25.99477767944336,,,,,,
41,,64599,,,,,,,25716.0390625,-10.987157821655273,,,
,,64649,,,,,,241.63341522216797,,,,,
,,64649,,,,,5.2947998046875,,,,,,
41,,64649,,,,,,,25770.2578125,-11.09969425201416,,,
,,64699,,,,,,241.35088920593262,,,,,
,,64699,,,,,25.764942169189453,,,,,,
41,,64699,,,,,,,25911.77734375,-11.193099021911621,,,
,,64749,,,,,,241.41979217529297,,,,,
,,64749,,,,,5.278110504150391,,,,,,
41,,64749,,,,,,,25850.84375,-11.203864097595215,,,
,,64799,,,,,,238.09576034545898,,,,,
,,64799,,,,,23.555278778076172,,,,,,
41,,64799,,,,,,,25750.21484375,-11.112284660339355,,,
,,64849,,,,,,240.61131477355957,,,,,
,,64849,,,,,5.231142044067383,,,,,,
41,,64849,,,,,,,25646.40234375,-11.10915756225586,,,
,,64899,,,,,,239.51292037963867,,,,,
,,64899,,,,,27.68230438232422,,,,,,
41,,64899,,,,,,,25856.912109375,-11.18686294555664,,,
,,64949,,,,,,236.5562915802002,,,,,
,,64949,,,,,5.227088928222656,,,,,,
41,,64949,,,,,,,25997.640625,-10.89400863647461,,,
,,64999,,,,,,242.14649200439453,,,,,
,,64999,,,,,22.965669631958008,,,,,,
41,,64999,,,,,,,25710.63671875,-10.88369083404541,,,
,,65049,,,,,,236.86480522155762,,,,,
,,65049,,,,,5.243778228759766,,,,,,
41,,65049,,,,,,,25724.279296875,-10.853256225585938,,,
,,65099,,,,,,239.06707763671875,,,,,
,,65099,,,,,23.150205612182617,,,,,,
41,,65099,,,,,,,25851.39453125,-11.060159683227539,,,
,,65149,,,,,,240.85736274719238,,,,,
,,65149,,,,,5.366802215576172,,,,,,
41,,65149,,,,,,,25938.109375,-10.803112983703613,,,
,,65199,,,,,,240.85450172424316,,,,,
,,65199,,,,,23.36883544921875,,,,,,
41,,65199,,,,,,,25783.90234375,-11.48809814453125,,,
,,65249,,,,,,235.2440357208252,,,,,
,,65249,,,,,5.808353424072266,,,,,,
41,,65249,,,,,,,25802.73828125,-11.338180541992188,,,
,,65299,,,,,,240.61203002929688,,,,,
,,65299,,,,,23.25606346130371,,,,,,
41,,65299,,,,,,,25770.26953125,-11.18407917022705,,,
,,65349,,,,,,241.8997287750244,,,,,
,,65349,,,,,5.975484848022461,,,,,,
41,,65349,,,,,,,25913.57421875,-10.993486404418945,,,
,,65399,,,,,,241.59622192382812,,,,,
,,65399,,,,,24.876832962036133,,,,,,
41,,65399,,,,,,,25830.9140625,-10.943925857543945,,,
,,65449,,,,,,245.15223503112793,,,,,
,,65449,,,,,5.94329833984375,,,,,,
41,,65449,,,,,,,25942.3359375,-11.116180419921875,,,
,,65499,,,,,,243.96800994873047,,,,,
,,65499,,,,,24.25408363342285,,,,,,
41,,65499,,,,,,,25775.212890625,-11.318479537963867,,,
,,65549,,,,,,243.14451217651367,,,,,
,,65549,,,,,5.483865737915039,,,,,,
41,,65549,,,,,,,25887.17578125,-10.857406616210938,,,
,,65599,,,,,,241.0438060760498,,,,,
,,65599,,,,,23.783206939697266,,,,,,
41,,65599,,,,,,,25880.0546875,-10.943739891052246,,,
41,,65645,,,,,,,,,-10.51192855834961,-10.63748550415039,-11.05363655090332
,,65646,,,,421.2945098876953,,,,,,,
,0.0003,65646,,,,,,,,,,,
,,65649,,,,,,245.0852394104004,,,,,
,,65649,,,,,5.728006362915039,,,,,,
42,,65649,,,,,,,25761.3125,-11.198183059692383,,,
,,65699,,,,,,237.3981475830078,,,,,
,,65699,,,,,23.6053466796875,,,,,,
42,,65699,,,,,,,25848.658203125,-11.129169464111328,,,
,,65749,,,,,,237.81275749206543,,,,,
,,65749,,,,,5.3882598876953125,,,,,,
42,,65749,,,,,,,25820.439453125,-11.033658027648926,,,
,,65799,,,,,,240.12398719787598,,,,,
,,65799,,,,,23.014307022094727,,,,,,
42,,65799,,,,,,,25880.2265625,-11.102724075317383,,,
,,65849,,,,,,236.30261421203613,,,,,
,,65849,,,,,5.556583404541016,,,,,,
42,,65849,,,,,,,25747.47265625,-11.03951358795166,,,
,,65899,,,,,,237.95485496520996,,,,,
,,65899,,,,,23.06532859802246,,,,,,
42,,65899,,,,,,,25801.5546875,-10.754531860351562,,,
,,65949,,,,,,237.83516883850098,,,,,
,,65949,,,,,5.428314208984375,,,,,,
42,,65949,,,,,,,25786.076171875,-11.183778762817383,,,
,,65999,,,,,,241.19234085083008,,,,,
,,65999,,,,,25.910377502441406,,,,,,
42,,65999,,,,,,,25820.93359375,-11.074484825134277,,,
,,66049,,,,,,240.99063873291016,,,,,
,,66049,,,,,5.411386489868164,,,,,,
42,,66049,,,,,,,25778.224609375,-10.729681968688965,,,
,,66099,,,,,,245.7263469696045,,,,,
,,66099,,,,,25.17414093017578,,,,,,
42,,66099,,,,,,,25803.390625,-11.101987838745117,,,
,,66149,,,,,,243.55316162109375,,,,,
,,66149,,,,,6.737947463989258,,,,,,
42,,66149,,,,,,,25840.35546875,-11.059471130371094,,,
,,66199,,,,,,244.429349899292,,,,,
,,66199,,,,,28.057098388671875,,,,,,
42,,66199,,,,,,,25682.177734375,-11.109082221984863,,,
,,66249,,,,,,239.8989200592041,,,,,
,,66249,,,,,5.427837371826172,,,,,,
42,,66249,,,,,,,25961.982421875,-10.979310989379883,,,
,,66299,,,,,,215.80195426940918,,,,,
,,66299,,,,,21.57425880432129,,,,,,
42,,66299,,,,,,,25937.26953125,-11.151158332824707,,,
,,66349,,,,,,240.3101921081543,,,,,
,,66349,,,,,5.522489547729492,,,,,,
42,,66349,,,,,,,25954.458984375,-10.978676795959473,,,
,,66399,,,,,,241.8503761291504,,,,,
,,66399,,,,,23.01311492919922,,,,,,
42,,66399,,,,,,,25563.1484375,-11.315433502197266,,,
,,66449,,,,,,239.43018913269043,,,,,
,,66449,,,,,5.253791809082031,,,,,,
42,,66449,,,,,,,25924.787109375,-11.085772514343262,,,
,,66499,,,,,,240.8738136291504,,,,,
,,66499,,,,,23.765087127685547,,,,,,
42,,66499,,,,,,,25785.767578125,-10.899086952209473,,,
,,66549,,,,,,239.9139404296875,,,,,
,,66549,,,,,5.8498382568359375,,,,,,
42,,66549,,,,,,,25668.166015625,-11.22375202178955,,,
,,66599,,,,,,236.65738105773926,,,,,
,,66599,,,,,23.33855628967285,,,,,,
42,,66599,,,,,,,25872.455078125,-10.984115600585938,,,
,,66649,,,,,,240.17333984375,,,,,
,,66649,,,,,5.006551742553711,,,,,,
42,,66649,,,,,,,25907.28125,-11.046624183654785,,,
,,66699,,,,,,238.11745643615723,,,,,
,,66699,,,,,23.5292911529541,,,,,,
42,,66699,,,,,,,25946.47265625,-11.121549606323242,,,
,,66749,,,,,,236.33885383605957,,,,,
,,66749,,,,,5.025148391723633,,,,,,
42,,66749,,,,,,,25762.484375,-11.083990097045898,,,
,,66799,,,,,,235.48460006713867,,,,,
,,66799,,,,,22.510051727294922,,,,,,
42,,66799,,,,,,,25751.9453125,-10.880905151367188,,,
,,66849,,,,,,228.86037826538086,,,,,
,,66849,,,,,4.791021347045898,,,,,,
42,,66849,,,,,,,25813.146484375,-11.2420654296875,,,
,,66899,,,,,,247.36523628234863,,,,,
,,66899,,,,,24.774551391601562,,,,,,
42,,66899,,,,,,,25797.341796875,-11.068653106689453,,,
,,66949,,,,,,232.78284072875977,,,,,
,,66949,,,,,5.295276641845703,,,,,,
42,,66949,,,,,,,25884.66796875,-11.063616752624512,,,
,,66999,,,,,,230.98492622375488,,,,,
,,66999,,,,,23.586273193359375,,,,,,
42,,66999,,,,,,,25924.365234375,-11.177566528320312,,,
,,67049,,,,,,230.6199073791504,,,,,
,,67049,,,,,5.613803863525391,,,,,,
42,,67049,,,,,,,25927.72265625,-11.173392295837402,,,
,,67099,,,,,,230.43537139892578,,,,,
,,67099,,,,,22.18008041381836,,,,,,
42,,67099,,,,,,,25878.201171875,-10.970281600952148,,,
,,67149,,,,,,229.10237312316895,,,,,
,,67149,,,,,4.467010498046875,,,,,,
42,,67149,,,,,,,25684.44140625,-11.044879913330078,,,
,,67199,,,,,,237.31613159179688,,,,,
,,67199,,,,,22.54772186279297,,,,,,
42,,67199,,,,,,,25803.05078125,-11.080646514892578,,,
42,,67208,,,,,,,,,-10.512354850769043,-10.638113021850586,-11.049895286560059
,,67209,,,,418.2172396183014,,,,,,,
,0.0003,67209,,,,,,,,,,,
,,67249,,,,,,229.00128364562988,,,,,
,,67249,,,,,5.093097686767578,,,,,,
43,,67249,,,,,,,25780.8203125,-11.05026626586914,,,
,,67299,,,,,,227.16355323791504,,,,,
,,67299,,,,,22.162675857543945,,,,,,
43,,67299,,,,,,,25563.9296875,-10.983786582946777,,,
,,67349,,,,,,226.75681114196777,,,,,
,,67349,,,,,4.227399826049805,,,,,,
43,,67349,,,,,,,25965.33984375,-11.238760948181152,,,
,,67399,,,,,,222.6889133453369,,,,,
,,67399,,,,,21.710634231567383,,,,,,
43,,67399,,,,,,,25797.2421875,-11.017876625061035,,,
,,67449,,,,,,222.29313850402832,,,,,
,,67449,,,,,3.969430923461914,,,,,,
43,,67449,,,,,,,25797.4140625,-11.00851058959961,,,
,,67499,,,,,,220.06845474243164,,,,,
,,67499,,,,,22.24111557006836,,,,,,
43,,67499,,,,,,,25804.228515625,-10.935565948486328,,,
,,67549,,,,,,224.6851921081543,,,,,
,,67549,,,,,3.9184093475341797,,,,,,
43,,67549,,,,,,,25838.81640625,-11.218560218811035,,,
,,67599,,,,,,222.87392616271973,,,,,
,,67599,,,,,21.85821533203125,,,,,,
43,,67599,,,,,,,25853.43359375,-11.201683044433594,,,
,,67649,,,,,,221.62127494812012,,,,,
,,67649,,,,,3.595590591430664,,,,,,
43,,67649,,,,,,,25927.703125,-10.974096298217773,,,
,,67699,,,,,,222.75114059448242,,,,,
,,67699,,,,,21.797657012939453,,,,,,
43,,67699,,,,,,,25811.5625,-10.913516998291016,,,
,,67749,,,,,,219.42472457885742,,,,,
,,67749,,,,,4.06646728515625,,,,,,
43,,67749,,,,,,,25994.984375,-11.03322696685791,,,
,,67799,,,,,,219.91991996765137,,,,,
,,67799,,,,,21.609783172607422,,,,,,
43,,67799,,,,,,,25598.376953125,-11.060697555541992,,,
,,67849,,,,,,218.21928024291992,,,,,
,,67849,,,,,3.670215606689453,,,,,,
43,,67849,,,,,,,25835.8046875,-11.072797775268555,,,
,,67899,,,,,,248.24261665344238,,,,,
,,67899,,,,,26.14736557006836,,,,,,
43,,67899,,,,,,,25860.62890625,-10.940269470214844,,,
,,67949,,,,,,241.67370796203613,,,,,
,,67949,,,,,7.076740264892578,,,,,,
43,,67949,,,,,,,25844.3125,-11.379508972167969,,,
,,67999,,,,,,224.52974319458008,,,,,
,,67999,,,,,23.450374603271484,,,,,,
43,,67999,,,,,,,25859.025390625,-11.264039993286133,,,
,,68049,,,,,,222.29766845703125,,,,,
,,68049,,,,,4.080057144165039,,,,,,
43,,68049,,,,,,,25823.31640625,-11.067151069641113,,,
,,68099,,,,,,230.51214218139648,,,,,
,,68099,,,,,22.435426712036133,,,,,,
43,,68099,,,,,,,25906.7578125,-10.874582290649414,,,
,,68149,,,,,,213.52553367614746,,,,,
,,68149,,,,,2.7146339416503906,,,,,,
43,,68149,,,,,,,26025.103515625,-11.102079391479492,,,
,,68199,,,,,,213.1204605102539,,,,,
,,68199,,,,,21.068572998046875,,,,,,
43,,68199,,,,,,,25752.1171875,-11.079214096069336,,,
,,68249,,,,,,220.66259384155273,,,,,
,,68249,,,,,3.6864280700683594,,,,,,
43,,68249,,,,,,,25738.7578125,-11.137271881103516,,,
,,68299,,,,,,221.67229652404785,,,,,
,,68299,,,,,23.996591567993164,,,,,,
43,,68299,,,,,,,25737.74609375,-10.94997501373291,,,
,,68349,,,,,,219.39969062805176,,,,,
,,68349,,,,,3.99017333984375,,,,,,
43,,68349,,,,,,,25864.54296875,-11.2774658203125,,,
,,68399,,,,,,220.22008895874023,,,,,
,,68399,,,,,21.91638946533203,,,,,,
43,,68399,,,,,,,25761.736328125,-10.964526176452637,,,
,,68449,,,,,,223.53506088256836,,,,,
,,68449,,,,,3.6966800689697266,,,,,,
43,,68449,,,,,,,25903.021484375,-11.15804386138916,,,
,,68499,,,,,,218.5988426208496,,,,,
,,68499,,,,,21.37017250061035,,,,,,
43,,68499,,,,,,,25634.91015625,-11.02249526977539,,,
,,68549,,,,,,242.61975288391113,,,,,
,,68549,,,,,6.539344787597656,,,,,,
43,,68549,,,,,,,25858.921875,-11.13397216796875,,,
,,68599,,,,,,241.6231632232666,,,,,
,,68599,,,,,25.50363540649414,,,,,,
43,,68599,,,,,,,25825.01171875,-11.121129989624023,,,
,,68649,,,,,,241.95432662963867,,,,,
,,68649,,,,,6.592988967895508,,,,,,
43,,68649,,,,,,,25726.62109375,-11.031813621520996,,,
,,68699,,,,,,244.31562423706055,,,,,
,,68699,,,,,27.99534797668457,,,,,,
43,,68699,,,,,,,25787.224609375,-10.73450756072998,,,
,,68749,,,,,,219.84076499938965,,,,,
,,68749,,,,,4.334449768066406,,,,,,
43,,68749,,,,,,,25736.884765625,-11.213826179504395,,,
43,,68771,,,,,,,,,-10.511734008789062,-10.636128425598145,-11.044647216796875
,,68772,,,,397.42543625831604,,,,,,,
,0.0003,68772,,,,,,,,,,,
,,68799,,,,,,213.01841735839844,,,,,
,,68799,,,,,20.697355270385742,,,,,,
44,,68799,,,,,,,25748.27734375,-10.837308883666992,,,
,,68849,,,,,,218.90687942504883,,,,,
,,68849,,,,,2.7832984924316406,,,,,,
44,,68849,,,,,,,25811.279296875,-11.252259254455566,,,
,,68899,,,,,,214.0333652496338,,,,,
,,68899,,,,,27.20355987548828,,,,,,
44,,68899,,,,,,,25810.810546875,-11.129167556762695,,,
,,68949,,,,,,221.29416465759277,,,,,
,,68949,,,,,2.700328826904297,,,,,,
44,,68949,,,,,,,25884.568359375,-11.17402458190918,,,
,,68999,,,,,,217.37432479858398,,,,,
,,68999,,,,,20.927906036376953,,,,,,
44,,68999,,,,,,,25806.634765625,-11.276811599731445,,,
,,69049,,,,,,214.70332145690918,,,,,
,,69049,,,,,2.745389938354492,,,,,,
44,,69049,,,,,,,25977.74609375,-11.234527587890625,,,
,,69099,,,,,,221.11177444458008,,,,,
,,69099,,,,,21.073341369628906,,,,,,
44,,69099,,,,,,,25591.642578125,-11.124884605407715,,,
,,69149,,,,,,218.46342086791992,,,,,
,,69149,,,,,3.545522689819336,,,,,,
44,,69149,,,,,,,25961.2578125,-10.924748420715332,,,
,,69199,,,,,,212.8591537475586,,,,,
,,69199,,,,,20.919084548950195,,,,,,
44,,69199,,,,,,,26024.966796875,-10.808210372924805,,,
,,69249,,,,,,216.26973152160645,,,,,
,,69249,,,,,2.6383399963378906,,,,,,
44,,69249,,,,,,,25692.017578125,-10.884299278259277,,,
,,69299,,,,,,223.76060485839844,,,,,
,,69299,,,,,20.89524269104004,,,,,,
44,,69299,,,,,,,25796.4765625,-11.018327713012695,,,
,,69349,,,,,,219.404935836792,,,,,
,,69349,,,,,2.7549266815185547,,,,,,
44,,69349,,,,,,,25833.67578125,-11.011945724487305,,,
,,69399,,,,,,216.39466285705566,,,,,
,,69399,,,,,24.108409881591797,,,,,,
44,,69399,,,,,,,25743.5546875,-11.250690460205078,,,
,,69449,,,,,,209.37442779541016,,,,,
,,69449,,,,,2.5963783264160156,,,,,,
44,,69449,,,,,,,25795.859375,-11.103935241699219,,,
,,69499,,,,,,243.49737167358398,,,,,
,,69499,,,,,27.292490005493164,,,,,,
44,,69499,,,,,,,25752.9921875,-11.41889762878418,,,
,,69549,,,,,,242.83194541931152,,,,,
,,69549,,,,,6.376504898071289,,,,,,
44,,69549,,,,,,,25881.390625,-11.04073429107666,,,
,,69599,,,,,,220.56245803833008,,,,,
,,69599,,,,,22.03989028930664,,,,,,
44,,69599,,,,,,,25698.490234375,-10.878482818603516,,,
,,69649,,,,,,220.73125839233398,,,,,
,,69649,,,,,3.869771957397461,,,,,,
44,,69649,,,,,,,25814.61328125,-11.283308029174805,,,
,,69699,,,,,,218.99962425231934,,,,,
,,69699,,,,,21.899700164794922,,,,,,
44,,69699,,,,,,,25808.41015625,-10.99539566040039,,,
,,69749,,,,,,218.97339820861816,,,,,
,,69749,,,,,3.7522315979003906,,,,,,
44,,69749,,,,,,,25876.76953125,-11.269184112548828,,,
,,69799,,,,,,220.21722793579102,,,,,
,,69799,,,,,22.2012996673584,,,,,,
44,,69799,,,,,,,25861.029296875,-11.042643547058105,,,
,,69849,,,,,,226.65095329284668,,,,,
,,69849,,,,,3.823995590209961,,,,,,
44,,69849,,,,,,,26023.9609375,-11.050376892089844,,,
,,69899,,,,,,223.48618507385254,,,,,
,,69899,,,,,21.596908569335938,,,,,,
44,,69899,,,,,,,25712.90234375,-11.253122329711914,,,
,,69949,,,,,,224.0896224975586,,,,,
,,69949,,,,,3.627777099609375,,,,,,
44,,69949,,,,,,,25944.5,-11.041237831115723,,,
,,69999,,,,,,219.8503017425537,,,,,
,,69999,,,,,23.25892448425293,,,,,,
44,,69999,,,,,,,25735.8828125,-10.95877456665039,,,
,,70049,,,,,,221.29225730895996,,,,,
,,70049,,,,,3.7522315979003906,,,,,,
44,,70049,,,,,,,25747.404296875,-10.965747833251953,,,
,,70099,,,,,,222.89609909057617,,,,,
,,70099,,,,,21.878957748413086,,,,,,
44,,70099,,,,,,,25796.904296875,-10.866215705871582,,,
,,70149,,,,,,217.18764305114746,,,,,
,,70149,,,,,3.7963390350341797,,,,,,
44,,70149,,,,,,,25702.685546875,-11.148727416992188,,,
,,70199,,,,,,223.02532196044922,,,,,
,,70199,,,,,21.630525588989258,,,,,,
44,,70199,,,,,,,25651.5859375,-11.031750679016113,,,
,,70249,,,,,,220.96514701843262,,,,,
,,70249,,,,,3.7078857421875,,,,,,
44,,70249,,,,,,,25569.830078125,-11.042468070983887,,,
,,70299,,,,,,220.73602676391602,,,,,
,,70299,,,,,23.39482307434082,,,,,,
44,,70299,,,,,,,25916.884765625,-11.132463455200195,,,
44,,70334,,,,,,,,,-10.514405250549316,-10.64683723449707,-11.058196067810059
,,70335,,,,386.93957901000977,,,,,,,
,0.0003,70335,,,,,,,,,,,
,,70349,,,,,,220.26848793029785,,,,,
,,70349,,,,,6.142377853393555,,,,,,
45,,70349,,,,,,,25886.97265625,-11.123425483703613,,,
,,70399,,,,,,216.43805503845215,,,,,
,,70399,,,,,21.81410789489746,,,,,,
45,,70399,,,,,,,25771.076171875,-10.799582481384277,,,
,,70449,,,,,,221.940279006958,,,,,
,,70449,,,,,5.3386688232421875,,,,,,
45,,70449,,,,,,,25733.251953125,-11.06151008605957,,,
,,70499,,,,,,219.0420627593994,,,,,
,,70499,,,,,21.854877471923828,,,,,,
45,,70499,,,,,,,25701.3203125,-10.978042602539062,,,
,,70549,,,,,,218.41001510620117,,,,,
,,70549,,,,,4.602670669555664,,,,,,
45,,70549,,,,,,,25630.140625,-10.817239761352539,,,
,,70599,,,,,,217.0889377593994,,,,,
,,70599,,,,,21.721363067626953,,,,,,
45,,70599,,,,,,,25856.703125,-10.853583335876465,,,
,,70649,,,,,,219.12121772766113,,,,,
,,70649,,,,,3.6249160766601562,,,,,,
45,,70649,,,,,,,25875.54296875,-11.214933395385742,,,
,,70699,,,,,,223.27876091003418,,,,,
,,70699,,,,,22.63188362121582,,,,,,
45,,70699,,,,,,,25592.015625,-10.988993644714355,,,
,,70749,,,,,,229.2921543121338,,,,,
,,70749,,,,,3.987550735473633,,,,,,
45,,70749,,,,,,,25569.560546875,-11.05114459991455,,,
,,70799,,,,,,222.59521484375,,,,,
,,70799,,,,,21.965980529785156,,,,,,
45,,70799,,,,,,,25785.16015625,-10.987838745117188,,,
,,70849,,,,,,220.25465965270996,,,,,
,,70849,,,,,3.7355422973632812,,,,,,
45,,70849,,,,,,,25816.189453125,-11.100199699401855,,,
,,70899,,,,,,220.51668167114258,,,,,
,,70899,,,,,22.18794822692871,,,,,,
45,,70899,,,,,,,25723.119140625,-11.165143013000488,,,
,,70949,,,,,,225.27432441711426,,,,,
,,70949,,,,,3.72314453125,,,,,,
45,,70949,,,,,,,25798.787109375,-11.088324546813965,,,
,,70999,,,,,,231.40883445739746,,,,,
,,70999,,,,,21.930217742919922,,,,,,
45,,70999,,,,,,,25844.68359375,-10.989229202270508,,,
,,71049,,,,,,220.2920913696289,,,,,
,,71049,,,,,3.881692886352539,,,,,,
45,,71049,,,,,,,25885.5625,-11.079754829406738,,,
,,71099,,,,,,219.27165985107422,,,,,
,,71099,,,,,21.245241165161133,,,,,,
45,,71099,,,,,,,25825.5625,-11.255446434020996,,,
,,71149,,,,,,219.15769577026367,,,,,
,,71149,,,,,3.6351680755615234,,,,,,
45,,71149,,,,,,,25743.97265625,-11.258459091186523,,,
,,71199,,,,,,242.2337532043457,,,,,
,,71199,,,,,28.844356536865234,,,,,,
45,,71199,,,,,,,25819.93359375,-11.096132278442383,,,
,,71249,,,,,,239.66693878173828,,,,,
,,71249,,,,,7.472991943359375,,,,,,
45,,71249,,,,,,,25746.30078125,-11.335111618041992,,,
,,71299,,,,,,238.8763427734375,,,,,
,,71299,,,,,25.719881057739258,,,,,,
45,,71299,,,,,,,25893.662109375,-11.196413040161133,,,
,,71349,,,,,,227.70142555236816,,,,,
,,71349,,,,,5.254268646240234,,,,,,
45,,71349,,,,,,,25905.720703125,-11.334535598754883,,,
,,71399,,,,,,230.92937469482422,,,,,
,,71399,,,,,64.91518020629883,,,,,,
45,,71399,,,,,,,25731.1796875,-10.904555320739746,,,
,,71449,,,,,,222.4905490875244,,,,,
,,71449,,,,,4.133701324462891,,,,,,
45,,71449,,,,,,,25909.62109375,-11.412541389465332,,,
,,71499,,,,,,225.36516189575195,,,,,
,,71499,,,,,22.17411994934082,,,,,,
45,,71499,,,,,,,25676.103515625,-10.987414360046387,,,
,,71549,,,,,,219.5143699645996,,,,,
,,71549,,,,,4.332065582275391,,,,,,
45,,71549,,,,,,,25724.625,-10.995766639709473,,,
,,71599,,,,,,221.4648723602295,,,,,
,,71599,,,,,21.715641021728516,,,,,,
45,,71599,,,,,,,25896.0546875,-11.117819786071777,,,
,,71649,,,,,,241.1782741546631,,,,,
,,71649,,,,,5.3386688232421875,,,,,,
45,,71649,,,,,,,26017.671875,-10.93984603881836,,,
,,71699,,,,,,234.724760055542,,,,,
,,71699,,,,,24.020910263061523,,,,,,
45,,71699,,,,,,,25863.515625,-10.773544311523438,,,
,,71749,,,,,,237.4892234802246,,,,,
,,71749,,,,,5.677700042724609,,,,,,
45,,71749,,,,,,,25844.380859375,-10.95169448852539,,,
,,71799,,,,,,238.02542686462402,,,,,
,,71799,,,,,23.131608963012695,,,,,,
45,,71799,,,,,,,25836.56640625,-11.02346134185791,,,
,,71849,,,,,,240.37456512451172,,,,,
,,71849,,,,,5.2585601806640625,,,,,,
45,,71849,,,,,,,25985.55859375,-10.96375846862793,,,
45,,71897,,,,,,,,,-10.514772415161133,-10.656886100769043,-11.074472427368164
,,71898,,,,400.4158055782318,,,,,,,
,0.0003,71898,,,,,,,,,,,
,,71899,,,,,,234.69829559326172,,,,,
,,71899,,,,,26.20100975036621,,,,,,
46,,71899,,,,,,,25861.6015625,-11.383429527282715,,,
,,71949,,,,,,225.66580772399902,,,,,
,,71949,,,,,4.096031188964844,,,,,,
46,,71949,,,,,,,25918.3046875,-11.115951538085938,,,
,,71999,,,,,,225.799560546875,,,,,
,,71999,,,,,21.904706954956055,,,,,,
46,,71999,,,,,,,25727.3046875,-10.818560600280762,,,
,,72049,,,,,,220.96943855285645,,,,,
,,72049,,,,,4.119634628295898,,,,,,
46,,72049,,,,,,,25872.73828125,-10.836538314819336,,,
,,72099,,,,,,222.32961654663086,,,,,
,,72099,,,,,21.445035934448242,,,,,,
46,,72099,,,,,,,25792.84765625,-10.967448234558105,,,
,,72149,,,,,,222.00655937194824,,,,,
,,72149,,,,,3.7806034088134766,,,,,,
46,,72149,,,,,,,26049.17578125,-10.988747596740723,,,
,,72199,,,,,,219.60878372192383,,,,,
,,72199,,,,,21.446943283081055,,,,,,
46,,72199,,,,,,,25801.296875,-10.886767387390137,,,
,,72249,,,,,,223.74725341796875,,,,,
,,72249,,,,,4.595279693603516,,,,,,
46,,72249,,,,,,,25893.896484375,-10.926079750061035,,,
,,72299,,,,,,220.7186222076416,,,,,
,,72299,,,,,21.821975708007812,,,,,,
46,,72299,,,,,,,25846.427734375,-11.09838581085205,,,
,,72349,,,,,,222.7790355682373,,,,,
,,72349,,,,,5.547523498535156,,,,,,
46,,72349,,,,,,,26062.923828125,-10.648971557617188,,,
,,72399,,,,,,223.82879257202148,,,,,
,,72399,,,,,21.29960060119629,,,,,,
46,,72399,,,,,,,25883.7734375,-10.901302337646484,,,
,,72449,,,,,,218.3985710144043,,,,,
,,72449,,,,,3.6530494689941406,,,,,,
46,,72449,,,,,,,26013.78125,-11.111519813537598,,,
,,72499,,,,,,220.09611129760742,,,,,
,,72499,,,,,23.51546287536621,,,,,,
46,,72499,,,,,,,25681.734375,-11.282610893249512,,,
,,72549,,,,,,219.59447860717773,,,,,
,,72549,,,,,4.663944244384766,,,,,,
46,,72549,,,,,,,25862.568359375,-11.227653503417969,,,
,,72599,,,,,,220.96848487854004,,,,,
,,72599,,,,,22.51410484313965,,,,,,
46,,72599,,,,,,,25637.158203125,-11.165727615356445,,,
,,72649,,,,,,220.80540657043457,,,,,
,,72649,,,,,3.8878917694091797,,,,,,
46,,72649,,,,,,,25981.921875,-10.949068069458008,,,
,,72699,,,,,,224.6565818786621,,,,,
,,72699,,,,,23.82373809814453,,,,,,
46,,72699,,,,,,,25828.265625,-11.156651496887207,,,
,,72749,,,,,,224.17426109313965,,,,,
,,72749,,,,,3.5991668701171875,,,,,,
46,,72749,,,,,,,25941.97265625,-10.94173812866211,,,
,,72799,,,,,,224.88760948181152,,,,,
,,72799,,,,,21.65532112121582,,,,,,
46,,72799,,,,,,,25748.4375,-11.030055046081543,,,
,,72849,,,,,,222.4423885345459,,,,,
,,72849,,,,,3.606557846069336,,,,,,
46,,72849,,,,,,,25646.4765625,-11.110862731933594,,,
,,72899,,,,,,220.06607055664062,,,,,
,,72899,,,,,21.25096321105957,,,,,,
46,,72899,,,,,,,25654.78515625,-11.068259239196777,,,
,,72949,,,,,,217.1781063079834,,,,,
,,72949,,,,,3.949880599975586,,,,,,
46,,72949,,,,,,,25825.314453125,-11.1408052444458,,,
,,72999,,,,,,220.12019157409668,,,,,
,,72999,,,,,21.408557891845703,,,,,,
46,,72999,,,,,,,25742.849609375,-11.16455078125,,,
,,73049,,,,,,221.34041786193848,,,,,
,,73049,,,,,3.573179244995117,,,,,,
46,,73049,,,,,,,25924.37890625,-10.992807388305664,,,
,,73099,,,,,,243.25871467590332,,,,,
,,73099,,,,,26.276588439941406,,,,,,
46,,73099,,,,,,,25983.09765625,-10.87835693359375,,,
,,73149,,,,,,230.85427284240723,,,,,
,,73149,,,,,5.00941276550293,,,,,,
46,,73149,,,,,,,25626.103515625,-11.00041389465332,,,
,,73199,,,,,,223.6638069152832,,,,,
,,73199,,,,,22.620677947998047,,,,,,
46,,73199,,,,,,,25962.42578125,-10.92100715637207,,,
,,73249,,,,,,242.43974685668945,,,,,
,,73249,,,,,7.025718688964844,,,,,,
46,,73249,,,,,,,25835.142578125,-11.137290954589844,,,
,,73299,,,,,,246.5221881866455,,,,,
,,73299,,,,,26.599645614624023,,,,,,
46,,73299,,,,,,,25822.84375,-10.948554039001465,,,
,,73349,,,,,,240.2207851409912,,,,,
,,73349,,,,,6.841897964477539,,,,,,
46,,73349,,,,,,,25926.95703125,-11.017045974731445,,,
,,73399,,,,,,227.46610641479492,,,,,
,,73399,,,,,22.542715072631836,,,,,,
46,,73399,,,,,,,25871.853515625,-11.000292778015137,,,
,,73449,,,,,,214.03956413269043,,,,,
,,73449,,,,,2.899169921875,,,,,,
46,,73449,,,,,,,25634.03515625,-11.050790786743164,,,
46,,73460,,,,,,,,,-10.5160551071167,-10.64028263092041,-11.04513931274414
,,73461,,,,396.06957244873047,,,,,,,
,0.0003,73461,,,,,,,,,,,
,,73499,,,,,,215.38758277893066,,,,,
,,73499,,,,,20.708799362182617,,,,,,
47,,73499,,,,,,,25768.830078125,-11.247536659240723,,,
,,73549,,,,,,214.6282196044922,,,,,
,,73549,,,,,2.6581287384033203,,,,,,
47,,73549,,,,,,,25844.03515625,-11.273359298706055,,,
,,73599,,,,,,213.47355842590332,,,,,
,,73599,,,,,20.845651626586914,,,,,,
47,,73599,,,,,,,25910.951171875,-10.685070991516113,,,
,,73649,,,,,,212.4500274658203,,,,,
,,73649,,,,,2.534627914428711,,,,,,
47,,73649,,,,,,,25843.939453125,-11.245584487915039,,,
,,73699,,,,,,213.0568027496338,,,,,
,,73699,,,,,20.543336868286133,,,,,,
47,,73699,,,,,,,25602.658203125,-10.867819786071777,,,
,,73749,,,,,,211.9760513305664,,,,,
,,73749,,,,,2.621173858642578,,,,,,
47,,73749,,,,,,,25757.8828125,-11.064841270446777,,,
,,73799,,,,,,212.65459060668945,,,,,
,,73799,,,,,20.478248596191406,,,,,,
47,,73799,,,,,,,25877.60546875,-11.016542434692383,,,
,,73849,,,,,,212.5856876373291,,,,,
,,73849,,,,,2.5980472564697266,,,,,,
47,,73849,,,,,,,25734.109375,-11.122620582580566,,,
,,73899,,,,,,222.5339412689209,,,,,
,,73899,,,,,26.667356491088867,,,,,,
47,,73899,,,,,,,25625.171875,-11.25192642211914,,,
,,73949,,,,,,223.9079475402832,,,,,
,,73949,,,,,3.8204193115234375,,,,,,
47,,73949,,,,,,,25988.626953125,-10.95368480682373,,,
,,73999,,,,,,220.84474563598633,,,,,
,,73999,,,,,20.869731903076172,,,,,,
47,,73999,,,,,,,25784.623046875,-10.837329864501953,,,
,,74049,,,,,,217.28849411010742,,,,,
,,74049,,,,,2.6471614837646484,,,,,,
47,,74049,,,,,,,25901.36328125,-11.056631088256836,,,
,,74099,,,,,,221.0221290588379,,,,,
,,74099,,,,,20.821094512939453,,,,,,
47,,74099,,,,,,,25896.0,-11.02042007446289,,,
,,74149,,,,,,214.88261222839355,,,,,
,,74149,,,,,2.6187896728515625,,,,,,
47,,74149,,,,,,,25688.69140625,-11.020817756652832,,,
,,74199,,,,,,242.14649200439453,,,,,
,,74199,,,,,23.618221282958984,,,,,,
47,,74199,,,,,,,25826.5,-10.84626579284668,,,
,,74249,,,,,,236.91558837890625,,,,,
,,74249,,,,,5.177974700927734,,,,,,
47,,74249,,,,,,,25819.90625,-10.966493606567383,,,
,,74299,,,,,,239.59040641784668,,,,,
,,74299,,,,,23.566007614135742,,,,,,
47,,74299,,,,,,,25593.8359375,-10.835851669311523,,,
,,74349,,,,,,238.2051944732666,,,,,
,,74349,,,,,5.475521087646484,,,,,,
47,,74349,,,,,,,25815.802734375,-11.123785018920898,,,
,,74399,,,,,,238.04759979248047,,,,,
,,74399,,,,,24.412155151367188,,,,,,
47,,74399,,,,,,,25760.873046875,-10.835978507995605,,,
,,74449,,,,,,237.1220588684082,,,,,
,,74449,,,,,5.107879638671875,,,,,,
47,,74449,,,,,,,25674.1015625,-10.699942588806152,,,
,,74499,,,,,,234.91764068603516,,,,,
,,74499,,,,,23.247718811035156,,,,,,
47,,74499,,,,,,,25819.71484375,-10.944682121276855,,,
,,74549,,,,,,241.23382568359375,,,,,
,,74549,,,,,5.266666412353516,,,,,,
47,,74549,,,,,,,25622.32421875,-11.17115592956543,,,
,,74599,,,,,,243.3490753173828,,,,,
,,74599,,,,,25.931835174560547,,,,,,
47,,74599,,,,,,,25784.62109375,-11.13436508178711,,,
,,74649,,,,,,239.68005180358887,,,,,
,,74649,,,,,6.093025207519531,,,,,,
47,,74649,,,,,,,25557.06640625,-11.111236572265625,,,
,,74699,,,,,,230.9877872467041,,,,,
,,74699,,,,,22.188901901245117,,,,,,
47,,74699,,,,,,,25917.51171875,-10.819192886352539,,,
,,74749,,,,,,237.3056411743164,,,,,
,,74749,,,,,7.188081741333008,,,,,,
47,,74749,,,,,,,25852.755859375,-11.20363998413086,,,
,,74799,,,,,,242.431640625,,,,,
,,74799,,,,,25.133371353149414,,,,,,
47,,74799,,,,,,,25821.80078125,-10.914437294006348,,,
,,74849,,,,,,239.56727981567383,,,,,
,,74849,,,,,6.752967834472656,,,,,,
47,,74849,,,,,,,25820.953125,-10.948992729187012,,,
,,74899,,,,,,234.53736305236816,,,,,
,,74899,,,,,23.374319076538086,,,,,,
47,,74899,,,,,,,25883.85546875,-10.9174165725708,,,
,,74949,,,,,,226.7625331878662,,,,,
,,74949,,,,,4.274845123291016,,,,,,
47,,74949,,,,,,,25708.138671875,-10.904630661010742,,,
,,74999,,,,,,222.6240634918213,,,,,
,,74999,,,,,22.03083038330078,,,,,,
47,,74999,,,,,,,25844.44140625,-11.20627212524414,,,
47,,75023,,,,,,,,,-10.506632804870605,-10.630345344543457,-11.037408828735352
,,75024,,,,397.7933015823364,,,,,,,
,0.0003,75024,,,,,,,,,,,
,,75049,,,,,,238.36612701416016,,,,,
,,75049,,,,,6.949186325073242,,,,,,
48,,75049,,,,,,,25869.111328125,-10.990937232971191,,,
,,75099,,,,,,241.36590957641602,,,,,
,,75099,,,,,25.267362594604492,,,,,,
48,,75099,,,,,,,25742.03125,-10.907026290893555,,,
,,75149,,,,,,240.13519287109375,,,,,
,,75149,,,,,7.058620452880859,,,,,,
48,,75149,,,,,,,25602.55078125,-11.040313720703125,,,
,,75199,,,,,,240.19956588745117,,,,,
,,75199,,,,,25.493860244750977,,,,,,
48,,75199,,,,,,,25909.94921875,-10.840351104736328,,,
,,75249,,,,,,239.85719680786133,,,,,
,,75249,,,,,6.957054138183594,,,,,,
48,,75249,,,,,,,26030.0546875,-11.107902526855469,,,
,,75299,,,,,,240.79060554504395,,,,,
,,75299,,,,,24.485111236572266,,,,,,
48,,75299,,,,,,,25714.15234375,-10.720088005065918,,,
,,75349,,,,,,235.55803298950195,,,,,
,,75349,,,,,7.239341735839844,,,,,,
48,,75349,,,,,,,25795.65625,-10.96801471710205,,,
,,75399,,,,,,244.5065975189209,,,,,
,,75399,,,,,25.434255599975586,,,,,,
48,,75399,,,,,,,25848.005859375,-11.108918190002441,,,
,,75449,,,,,,226.3965606689453,,,,,
,,75449,,,,,5.635738372802734,,,,,,
48,,75449,,,,,,,25756.22265625,-11.012185096740723,,,
,,75499,,,,,,235.2893352508545,,,,,
,,75499,,,,,24.292707443237305,,,,,,
48,,75499,,,,,,,25876.515625,-11.368035316467285,,,
,,75549,,,,,,241.50586128234863,,,,,
,,75549,,,,,5.508661270141602,,,,,,
48,,75549,,,,,,,25816.5390625,-11.230175971984863,,,
,,75599,,,,,,241.85800552368164,,,,,
,,75599,,,,,26.288747787475586,,,,,,
48,,75599,,,,,,,25768.40625,-11.247903823852539,,,
,,75649,,,,,,239.424467086792,,,,,
,,75649,,,,,5.586147308349609,,,,,,
48,,75649,,,,,,,26087.35546875,-10.726420402526855,,,
,,75699,,,,,,241.70541763305664,,,,,
,,75699,,,,,23.393630981445312,,,,,,
48,,75699,,,,,,,25858.078125,-11.035710334777832,,,
,,75749,,,,,,243.3481216430664,,,,,
,,75749,,,,,5.516767501831055,,,,,,
48,,75749,,,,,,,25845.0859375,-11.394049644470215,,,
,,75799,,,,,,230.44252395629883,,,,,
,,75799,,,,,23.67854118347168,,,,,,
48,,75799,,,,,,,25701.0859375,-11.083488464355469,,,
,,75849,,,,,,235.80360412597656,,,,,
,,75849,,,,,5.6304931640625,,,,,,
48,,75849,,,,,,,25563.6953125,-10.848207473754883,,,
,,75899,,,,,,229.6750545501709,,,,,
,,75899,,,,,22.407054901123047,,,,,,
48,,75899,,,,,,,25834.13671875,-11.00838565826416,,,
,,75949,,,,,,230.18598556518555,,,,,
,,75949,,,,,4.527807235717773,,,,,,
48,,75949,,,,,,,25804.83203125,-11.04489517211914,,,
,,75999,,,,,,225.87203979492188,,,,,
,,75999,,,,,26.634693145751953,,,,,,
48,,75999,,,,,,,25718.75390625,-11.060481071472168,,,
,,76049,,,,,,233.58607292175293,,,,,
,,76049,,,,,5.208730697631836,,,,,,
48,,76049,,,,,,,25953.52734375,-11.29824447631836,,,
,,76099,,,,,,222.19300270080566,,,,,
,,76099,,,,,22.13883399963379,,,,,,
48,,76099,,,,,,,25729.171875,-10.814018249511719,,,
,,76149,,,,,,223.01721572875977,,,,,
,,76149,,,,,4.293203353881836,,,,,,
48,,76149,,,,,,,25691.60546875,-11.044350624084473,,,
,,76199,,,,,,226.84264183044434,,,,,
,,76199,,,,,22.25661277770996,,,,,,
48,,76199,,,,,,,25970.140625,-11.063864707946777,,,
,,76249,,,,,,227.7219295501709,,,,,
,,76249,,,,,3.740072250366211,,,,,,
48,,76249,,,,,,,25907.6328125,-11.12582015991211,,,
,,76299,,,,,,218.17946434020996,,,,,
,,76299,,,,,22.550582885742188,,,,,,
48,,76299,,,,,,,25768.1640625,-11.063955307006836,,,
,,76349,,,,,,219.2683219909668,,,,,
,,76349,,,,,3.6013126373291016,,,,,,
48,,76349,,,,,,,25856.43359375,-11.192171096801758,,,
,,76399,,,,,,230.5588722229004,,,,,
,,76399,,,,,23.514747619628906,,,,,,
48,,76399,,,,,,,25794.501953125,-10.997529029846191,,,
,,76449,,,,,,221.6970920562744,,,,,
,,76449,,,,,4.279136657714844,,,,,,
48,,76449,,,,,,,25979.2421875,-11.088615417480469,,,
,,76499,,,,,,216.88246726989746,,,,,
,,76499,,,,,21.278858184814453,,,,,,
48,,76499,,,,,,,25767.859375,-11.027077674865723,,,
,,76549,,,,,,218.0800437927246,,,,,
,,76549,,,,,3.555774688720703,,,,,,
48,,76549,,,,,,,25878.498046875,-11.534198760986328,,,
48,,76586,,,,,,,,,-10.51174545288086,-10.636361122131348,-11.039911270141602
,,76587,,,,408.68753576278687,,,,,,,
,0.0003,76587,,,,,,,,,,,
,,76599,,,,,,217.0577049255371,,,,,
,,76599,,,,,20.97916603088379,,,,,,
49,,76599,,,,,,,25597.251953125,-11.023868560791016,,,
,,76649,,,,,,219.59757804870605,,,,,
,,76649,,,,,3.7894248962402344,,,,,,
49,,76649,,,,,,,25812.400390625,-10.980353355407715,,,
,,76699,,,,,,220.27087211608887,,,,,
,,76699,,,,,23.06079864501953,,,,,,
49,,76699,,,,,,,25799.97265625,-10.810540199279785,,,
,,76749,,,,,,218.91212463378906,,,,,
,,76749,,,,,3.4055709838867188,,,,,,
49,,76749,,,,,,,25890.08203125,-11.08101749420166,,,
,,76799,,,,,,244.48490142822266,,,,,
,,76799,,,,,26.224851608276367,,,,,,
49,,76799,,,,,,,25844.40625,-11.070082664489746,,,
,,76849,,,,,,239.8684024810791,,,,,
,,76849,,,,,6.170749664306641,,,,,,
49,,76849,,,,,,,25876.638671875,-11.054044723510742,,,
,,76899,,,,,,225.0664234161377,,,,,
,,76899,,,,,21.261930465698242,,,,,,
49,,76899,,,,,,,25930.10546875,-11.032459259033203,,,
,,76949,,,,,,245.0268268585205,,,,,
,,76949,,,,,5.510807037353516,,,,,,
49,,76949,,,,,,,25887.17578125,-11.151634216308594,,,
,,76999,,,,,,222.56112098693848,,,,,
,,76999,,,,,22.930145263671875,,,,,,
49,,76999,,,,,,,25868.0234375,-11.291884422302246,,,
,,77049,,,,,,224.5352268218994,,,,,
,,77049,,,,,4.642248153686523,,,,,,
49,,77049,,,,,,,25948.373046875,-11.016119956970215,,,
,,77099,,,,,,220.23820877075195,,,,,
,,77099,,,,,22.204875946044922,,,,,,
49,,77099,,,,,,,25728.046875,-11.07333755493164,,,
,,77149,,,,,,220.14594078063965,,,,,
,,77149,,,,,3.7736892700195312,,,,,,
49,,77149,,,,,,,25931.65625,-10.8427734375,,,
,,77199,,,,,,221.05789184570312,,,,,
,,77199,,,,,21.912097930908203,,,,,,
49,,77199,,,,,,,25890.96875,-11.250715255737305,,,
,,77249,,,,,,222.5649356842041,,,,,
,,77249,,,,,5.579233169555664,,,,,,
49,,77249,,,,,,,25706.2109375,-11.177786827087402,,,
,,77299,,,,,,227.36549377441406,,,,,
,,77299,,,,,24.161100387573242,,,,,,
49,,77299,,,,,,,25855.017578125,-11.00174331665039,,,
,,77349,,,,,,226.02033615112305,,,,,
,,77349,,,,,5.45191764831543,,,,,,
49,,77349,,,,,,,25961.65625,-11.071462631225586,,,
,,77399,,,,,,222.9161262512207,,,,,
,,77399,,,,,21.877050399780273,,,,,,
49,,77399,,,,,,,25867.046875,-11.34585952758789,,,
,,77449,,,,,,219.03085708618164,,,,,
,,77449,,,,,4.26173210144043,,,,,,
49,,77449,,,,,,,25788.314453125,-11.087414741516113,,,
,,77499,,,,,,217.95940399169922,,,,,
,,77499,,,,,21.754741668701172,,,,,,
49,,77499,,,,,,,25975.63671875,-11.242258071899414,,,
,,77549,,,,,,224.5621681213379,,,,,
,,77549,,,,,3.8657188415527344,,,,,,
49,,77549,,,,,,,25603.01953125,-10.984040260314941,,,
,,77599,,,,,,217.18931198120117,,,,,
,,77599,,,,,21.767377853393555,,,,,,
49,,77599,,,,,,,25703.0859375,-10.8892183303833,,,
,,77649,,,,,,222.66459465026855,,,,,
,,77649,,,,,4.714727401733398,,,,,,
49,,77649,,,,,,,25937.796875,-11.11756706237793,,,
,,77699,,,,,,217.98205375671387,,,,,
,,77699,,,,,21.029233932495117,,,,,,
49,,77699,,,,,,,25927.564453125,-10.95666217803955,,,
,,77749,,,,,,218.05095672607422,,,,,
,,77749,,,,,3.846883773803711,,,,,,
49,,77749,,,,,,,25803.45703125,-11.0263671875,,,
,,77799,,,,,,217.44561195373535,,,,,
,,77799,,,,,21.702051162719727,,,,,,
49,,77799,,,,,,,25986.83984375,-10.919840812683105,,,
,,77849,,,,,,218.5378074645996,,,,,
,,77849,,,,,3.3905506134033203,,,,,,
49,,77849,,,,,,,25790.205078125,-11.313699722290039,,,
,,77899,,,,,,226.66692733764648,,,,,
,,77899,,,,,24.671554565429688,,,,,,
49,,77899,,,,,,,25960.2265625,-10.963764190673828,,,
,,77949,,,,,,239.17460441589355,,,,,
,,77949,,,,,8.259773254394531,,,,,,
49,,77949,,,,,,,25855.625,-11.09438419342041,,,
,,77999,,,,,,219.59614753723145,,,,,
,,77999,,,,,21.821975708007812,,,,,,
49,,77999,,,,,,,25806.296875,-10.76767349243164,,,
,,78049,,,,,,222.2301959991455,,,,,
,,78049,,,,,3.9038658142089844,,,,,,
49,,78049,,,,,,,25885.716796875,-10.890033721923828,,,
,,78099,,,,,,218.94550323486328,,,,,
,,78099,,,,,21.708965301513672,,,,,,
49,,78099,,,,,,,25905.3515625,-11.102636337280273,,,
,,78149,,,,,,219.0415859222412,,,,,
,,78149,,,,,3.3855438232421875,,,,,,
49,,78149,,,,,,,12927.5361328125,-11.494935989379883,,,
49,,78149,,,,,,,,,-10.505818367004395,-10.630437850952148,-11.040098190307617
,,78150,,,,393.435506105423,,,,,,,
,0.0003,78150,,,,,,,,,,,
,,78199,,,,,,217.7138328552246,,,,,
,,78199,,,,,21.474123001098633,,,,,,
50,,78199,,,,,,,26024.564453125,-11.186896324157715,,,
,,78249,,,,,,221.60005569458008,,,,,
,,78249,,,,,3.652334213256836,,,,,,
50,,78249,,,,,,,25816.8203125,-11.408181190490723,,,
,,78299,,,,,,221.8787670135498,,,,,
,,78299,,,,,21.48747444152832,,,,,,
50,,78299,,,,,,,25808.693359375,-10.89782428741455,,,
,,78349,,,,,,218.9493179321289,,,,,
,,78349,,,,,4.759311676025391,,,,,,
50,,78349,,,,,,,25906.29296875,-10.689475059509277,,,
,,78399,,,,,,217.68975257873535,,,,,
,,78399,,,,,21.219253540039062,,,,,,
50,,78399,,,,,,,25883.8984375,-10.977545738220215,,,
,,78449,,,,,,223.44350814819336,,,,,
,,78449,,,,,5.082845687866211,,,,,,
50,,78449,,,,,,,25851.580078125,-11.157079696655273,,,
,,78499,,,,,,237.97893524169922,,,,,
,,78499,,,,,23.557186126708984,,,,,,
50,,78499,,,,,,,25858.125,-11.075087547302246,,,
,,78549,,,,,,234.5266342163086,,,,,
,,78549,,,,,5.633354187011719,,,,,,
50,,78549,,,,,,,25943.041015625,-11.023805618286133,,,
,,78599,,,,,,240.56649208068848,,,,,
,,78599,,,,,23.865699768066406,,,,,,
50,,78599,,,,,,,26025.8359375,-11.335890769958496,,,
,,78649,,,,,,240.87882041931152,,,,,
,,78649,,,,,5.628108978271484,,,,,,
50,,78649,,,,,,,25562.974609375,-11.041064262390137,,,
,,78699,,,,,,238.85774612426758,,,,,
,,78699,,,,,25.704145431518555,,,,,,
50,,78699,,,,,,,25780.92578125,-11.29631233215332,,,
,,78749,,,,,,238.19541931152344,,,,,
,,78749,,,,,5.339384078979492,,,,,,
50,,78749,,,,,,,25695.451171875,-10.866203308105469,,,
,,78799,,,,,,237.69640922546387,,,,,
,,78799,,,,,22.807598114013672,,,,,,
50,,78799,,,,,,,25803.16015625,-10.86812973022461,,,
,,78849,,,,,,236.405611038208,,,,,
,,78849,,,,,5.222797393798828,,,,,,
50,,78849,,,,,,,25883.24609375,-10.972482681274414,,,
,,78899,,,,,,236.74821853637695,,,,,
,,78899,,,,,22.815465927124023,,,,,,
50,,78899,,,,,,,26021.62890625,-10.973176002502441,,,
,,78949,,,,,,242.13409423828125,,,,,
,,78949,,,,,6.06083869934082,,,,,,
50,,78949,,,,,,,25869.8984375,-11.233869552612305,,,
,,78999,,,,,,237.64872550964355,,,,,
,,78999,,,,,23.090362548828125,,,,,,
50,,78999,,,,,,,26100.6484375,-10.849772453308105,,,
,,79049,,,,,,239.91107940673828,,,,,
,,79049,,,,,5.842447280883789,,,,,,
50,,79049,,,,,,,25767.00390625,-11.05147647857666,,,
,,79099,,,,,,239.42279815673828,,,,,
,,79099,,,,,25.172948837280273,,,,,,
50,,79099,,,,,,,25925.482421875,-11.057394981384277,,,
,,79149,,,,,,241.62960052490234,,,,,
,,79149,,,,,6.377220153808594,,,,,,
50,,79149,,,,,,,25920.65234375,-11.230385780334473,,,
,,79199,,,,,,238.70539665222168,,,,,
,,79199,,,,,23.038864135742188,,,,,,
50,,79199,,,,,,,25787.73828125,-10.908050537109375,,,
,,79249,,,,,,240.0374412536621,,,,,
,,79249,,,,,5.563497543334961,,,,,,
50,,79249,,,,,,,25713.224609375,-11.023672103881836,,,
,,79299,,,,,,238.77263069152832,,,,,
,,79299,,,,,22.73106575012207,,,,,,
50,,79299,,,,,,,26043.125,-11.310575485229492,,,
,,79349,,,,,,247.86901473999023,,,,,
,,79349,,,,,7.000923156738281,,,,,,
50,,79349,,,,,,,25946.185546875,-10.870867729187012,,,
,,79399,,,,,,249.93348121643066,,,,,
,,79399,,,,,25.56586265563965,,,,,,
50,,79399,,,,,,,25785.796875,-11.000998497009277,,,
,,79449,,,,,,244.3218231201172,,,,,
,,79449,,,,,7.284402847290039,,,,,,
50,,79449,,,,,,,25827.51953125,-11.039045333862305,,,
,,79499,,,,,,250.45323371887207,,,,,
,,79499,,,,,24.721622467041016,,,,,,
50,,79499,,,,,,,26093.908203125,-11.091693878173828,,,
,,79549,,,,,,250.06484985351562,,,,,
,,79549,,,,,8.323192596435547,,,,,,
50,,79549,,,,,,,25788.2421875,-10.980932235717773,,,
,,79599,,,,,,245.00751495361328,,,,,
,,79599,,,,,26.577234268188477,,,,,,
50,,79599,,,,,,,25800.2265625,-10.978323936462402,,,
,,79649,,,,,,241.18852615356445,,,,,
,,79649,,,,,5.467653274536133,,,,,,
50,,79649,,,,,,,25987.546875,-10.928753852844238,,,
,,79699,,,,,,240.67163467407227,,,,,
,,79699,,,,,24.488449096679688,,,,,,
50,,79699,,,,,,,25811.126953125,-10.946825981140137,,,
50,,79712,,,,,,,,,-10.510766983032227,-10.638383865356445,-11.041043281555176
,,79713,,,,416.2713646888733,,,,,,,
,0.0003,79713,,,,,,,,,,,
,,79749,,,,,,240.28372764587402,,,,,
,,79749,,,,,5.388021469116211,,,,,,
51,,79749,,,,,,,26010.970703125,-10.876387596130371,,,
,,79799,,,,,,233.18099975585938,,,,,
,,79799,,,,,23.021221160888672,,,,,,
51,,79799,,,,,,,25955.359375,-11.033967018127441,,,
,,79849,,,,,,237.22219467163086,,,,,
,,79849,,,,,5.528688430786133,,,,,,
51,,79849,,,,,,,25667.830078125,-11.33903980255127,,,
,,79899,,,,,,230.6654453277588,,,,,
,,79899,,,,,22.828102111816406,,,,,,
51,,79899,,,,,,,25999.79296875,-10.9509859085083,,,
,,79949,,,,,,231.15968704223633,,,,,
,,79949,,,,,5.126953125,,,,,,
51,,79949,,,,,,,25982.916015625,-11.1077880859375,,,
,,79999,,,,,,238.36064338684082,,,,,
,,79999,,,,,25.192975997924805,,,,,,
51,,79999,,,,,,,25826.81640625,-11.306558609008789,,,
,,80049,,,,,,241.0426139831543,,,,,
,,80049,,,,,5.93113899230957,,,,,,
51,,80049,,,,,,,25727.73046875,-11.235095024108887,,,
,,80099,,,,,,238.8617992401123,,,,,
,,80099,,,,,23.480653762817383,,,,,,
51,,80099,,,,,,,25995.4296875,-10.947502136230469,,,
,,80149,,,,,,235.7327938079834,,,,,
,,80149,,,,,5.789756774902344,,,,,,
51,,80149,,,,,,,25744.328125,-10.898246765136719,,,
,,80199,,,,,,250.23245811462402,,,,,
,,80199,,,,,23.871660232543945,,,,,,
51,,80199,,,,,,,25653.515625,-11.120312690734863,,,
,,80249,,,,,,238.80958557128906,,,,,
,,80249,,,,,5.618572235107422,,,,,,
51,,80249,,,,,,,25652.859375,-10.89836311340332,,,
,,80299,,,,,,244.19617652893066,,,,,
,,80299,,,,,23.856401443481445,,,,,,
51,,80299,,,,,,,25912.3046875,-11.044329643249512,,,
,,80349,,,,,,245.33534049987793,,,,,
,,80349,,,,,6.39796257019043,,,,,,
51,,80349,,,,,,,25914.994140625,-11.299530982971191,,,
,,80399,,,,,,244.16685104370117,,,,,
,,80399,,,,,24.165630340576172,,,,,,
51,,80399,,,,,,,25558.2109375,-11.031585693359375,,,
,,80449,,,,,,239.20297622680664,,,,,
,,80449,,,,,6.589412689208984,,,,,,
51,,80449,,,,,,,25830.8125,-11.11610221862793,,,
,,80499,,,,,,241.6677474975586,,,,,
,,80499,,,,,22.68075942993164,,,,,,
51,,80499,,,,,,,25811.404296875,-11.482098579406738,,,
,,80549,,,,,,242.29192733764648,,,,,
,,80549,,,,,6.26373291015625,,,,,,
51,,80549,,,,,,,25836.7109375,-11.237170219421387,,,
,,80599,,,,,,224.62964057922363,,,,,
,,80599,,,,,22.71413803100586,,,,,,
51,,80599,,,,,,,25635.0859375,-11.147775650024414,,,
,,80649,,,,,,225.22783279418945,,,,,
,,80649,,,,,5.430698394775391,,,,,,
51,,80649,,,,,,,25831.55078125,-10.962367057800293,,,
,,80699,,,,,,225.58927536010742,,,,,
,,80699,,,,,22.28569984436035,,,,,,
51,,80699,,,,,,,25994.849609375,-11.158195495605469,,,
,,80749,,,,,,241.82605743408203,,,,,
,,80749,,,,,6.964206695556641,,,,,,
51,,80749,,,,,,,25764.88671875,-11.010224342346191,,,
,,80799,,,,,,243.48783493041992,,,,,
,,80799,,,,,27.298450469970703,,,,,,
51,,80799,,,,,,,25873.7421875,-11.413164138793945,,,
,,80849,,,,,,249.7231960296631,,,,,
,,80849,,,,,7.620811462402344,,,,,,
51,,80849,,,,,,,25748.2109375,-11.280195236206055,,,
,,80899,,,,,,248.260498046875,,,,,
,,80899,,,,,26.289939880371094,,,,,,
51,,80899,,,,,,,25731.10546875,-10.740457534790039,,,
,,80949,,,,,,239.49599266052246,,,,,
,,80949,,,,,6.714582443237305,,,,,,
51,,80949,,,,,,,25891.60546875,-11.118321418762207,,,
,,80999,,,,,,236.26995086669922,,,,,
,,80999,,,,,22.711515426635742,,,,,,
51,,80999,,,,,,,25794.85546875,-10.90682601928711,,,
,,81049,,,,,,217.5898551940918,,,,,
,,81049,,,,,3.005504608154297,,,,,,
51,,81049,,,,,,,25966.85546875,-11.146891593933105,,,
,,81099,,,,,,220.51596641540527,,,,,
,,81099,,,,,21.479129791259766,,,,,,
51,,81099,,,,,,,25673.962890625,-11.12775993347168,,,
,,81149,,,,,,240.26775360107422,,,,,
,,81149,,,,,5.938053131103516,,,,,,
51,,81149,,,,,,,25833.22265625,-11.183110237121582,,,
,,81199,,,,,,237.6701831817627,,,,,
,,81199,,,,,23.494958877563477,,,,,,
51,,81199,,,,,,,25866.83984375,-11.29470157623291,,,
,,81249,,,,,,241.14513397216797,,,,,
,,81249,,,,,5.726099014282227,,,,,,
51,,81249,,,,,,,25817.27734375,-11.00179672241211,,,
51,,81275,,,,,,,,,-10.506738662719727,-10.633152961730957,-11.04158878326416
,,81276,,,,417.92297649383545,,,,,,,
,0.0003,81276,,,,,,,,,,,
,,81299,,,,,,239.56894874572754,,,,,
,,81299,,,,,23.082256317138672,,,,,,
52,,81299,,,,,,,25745.20703125,-10.98233413696289,,,
,,81349,,,,,,234.04288291931152,,,,,
,,81349,,,,,5.669832229614258,,,,,,
52,,81349,,,,,,,25793.87109375,-10.757216453552246,,,
,,81399,,,,,,238.525390625,,,,,
,,81399,,,,,22.853851318359375,,,,,,
52,,81399,,,,,,,25746.4375,-11.23339557647705,,,
,,81449,,,,,,238.4774684906006,,,,,
,,81449,,,,,5.8231353759765625,,,,,,
52,,81449,,,,,,,25915.06640625,-11.1167573928833,,,
,,81499,,,,,,234.71689224243164,,,,,
,,81499,,,,,23.166418075561523,,,,,,
52,,81499,,,,,,,25911.5703125,-11.18687629699707,,,
,,81549,,,,,,241.04070663452148,,,,,
,,81549,,,,,5.774021148681641,,,,,,
52,,81549,,,,,,,25897.337890625,-11.073102951049805,,,
,,81599,,,,,,237.14303970336914,,,,,
,,81599,,,,,23.462295532226562,,,,,,
52,,81599,,,,,,,25902.69140625,-11.160588264465332,,,
,,81649,,,,,,245.30553817749023,,,,,
,,81649,,,,,6.461381912231445,,,,,,
52,,81649,,,,,,,25978.318359375,-11.052621841430664,,,
,,81699,,,,,,237.16259002685547,,,,,
,,81699,,,,,23.74434471130371,,,,,,
52,,81699,,,,,,,25761.48828125,-11.018206596374512,,,
,,81749,,,,,,234.3759536743164,,,,,
,,81749,,,,,5.507230758666992,,,,,,
52,,81749,,,,,,,25896.234375,-11.046157836914062,,,
,,81799,,,,,,241.54114723205566,,,,,
,,81799,,,,,23.32019805908203,,,,,,
52,,81799,,,,,,,25809.12890625,-11.059946060180664,,,
,,81849,,,,,,237.99800872802734,,,,,
,,81849,,,,,5.583763122558594,,,,,,
52,,81849,,,,,,,25798.783203125,-10.915932655334473,,,
,,81899,,,,,,241.3327693939209,,,,,
,,81899,,,,,23.602008819580078,,,,,,
52,,81899,,,,,,,25935.48828125,-11.101069450378418,,,
,,81949,,,,,,244.29011344909668,,,,,
,,81949,,,,,5.684375762939453,,,,,,
52,,81949,,,,,,,25717.06640625,-10.613093376159668,,,
,,81999,,,,,,231.13775253295898,,,,,
,,81999,,,,,23.30756187438965,,,,,,
52,,81999,,,,,,,25859.5,-11.06679630279541,,,
,,82049,,,,,,225.35347938537598,,,,,
,,82049,,,,,5.171775817871094,,,,,,
52,,82049,,,,,,,25876.4765625,-10.795197486877441,,,
,,82099,,,,,,230.76653480529785,,,,,
,,82099,,,,,23.411273956298828,,,,,,
52,,82099,,,,,,,25966.38671875,-10.99600887298584,,,
,,82149,,,,,,227.00095176696777,,,,,
,,82149,,,,,5.213499069213867,,,,,,
52,,82149,,,,,,,25899.140625,-11.182623863220215,,,
,,82199,,,,,,241.26029014587402,,,,,
,,82199,,,,,23.42367172241211,,,,,,
52,,82199,,,,,,,25837.517578125,-10.787008285522461,,,
,,82249,,,,,,237.41650581359863,,,,,
,,82249,,,,,6.610631942749023,,,,,,
52,,82249,,,,,,,25764.59375,-11.001870155334473,,,
,,82299,,,,,,231.51230812072754,,,,,
,,82299,,,,,23.813486099243164,,,,,,
52,,82299,,,,,,,25935.94140625,-10.807870864868164,,,
,,82349,,,,,,233.23869705200195,,,,,
,,82349,,,,,5.76019287109375,,,,,,
52,,82349,,,,,,,25786.75390625,-11.04446792602539,,,
,,82399,,,,,,236.36889457702637,,,,,
,,82399,,,,,25.911569595336914,,,,,,
52,,82399,,,,,,,25839.1015625,-11.0928955078125,,,
,,82449,,,,,,229.26664352416992,,,,,
,,82449,,,,,6.285667419433594,,,,,,
52,,82449,,,,,,,25868.34375,-10.805033683776855,,,
,,82499,,,,,,228.76739501953125,,,,,
,,82499,,,,,23.602008819580078,,,,,,
52,,82499,,,,,,,25709.130859375,-10.871419906616211,,,
,,82549,,,,,,227.4494171142578,,,,,
,,82549,,,,,4.897832870483398,,,,,,
52,,82549,,,,,,,25948.484375,-10.893609046936035,,,
,,82599,,,,,,241.47439002990723,,,,,
,,82599,,,,,25.925874710083008,,,,,,
52,,82599,,,,,,,26036.3359375,-11.082260131835938,,,
,,82649,,,,,,240.6919002532959,,,,,
,,82649,,,,,6.961584091186523,,,,,,
52,,82649,,,,,,,25876.36328125,-11.136115074157715,,,
,,82699,,,,,,240.04721641540527,,,,,
,,82699,,,,,25.720596313476562,,,,,,
52,,82699,,,,,,,25711.46875,-10.892434120178223,,,
,,82749,,,,,,246.8128204345703,,,,,
,,82749,,,,,6.815433502197266,,,,,,
52,,82749,,,,,,,25886.265625,-11.16998291015625,,,
,,82799,,,,,,238.24787139892578,,,,,
,,82799,,,,,27.25386619567871,,,,,,
52,,82799,,,,,,,25737.72265625,-10.755511283874512,,,
52,,82838,,,,,,,,,-10.503105163574219,-10.630465507507324,-11.037880897521973
,,82839,,,,415.441858291626,,,,,,,
,0.0003,82839,,,,,,,,,,,
,,82849,,,,,,229.7978401184082,,,,,
,,82849,,,,,5.805015563964844,,,,,,
53,,82849,,,,,,,25785.19921875,-10.920011520385742,,,
,,82899,,,,,,237.77270317077637,,,,,
,,82899,,,,,25.969982147216797,,,,,,
53,,82899,,,,,,,25758.38671875,-11.05851936340332,,,
,,82949,,,,,,233.21080207824707,,,,,
,,82949,,,,,5.049467086791992,,,,,,
53,,82949,,,,,,,25843.87109375,-11.134221076965332,,,
,,82999,,,,,,228.96456718444824,,,,,
,,82999,,,,,23.273944854736328,,,,,,
53,,82999,,,,,,,25854.478515625,-10.986486434936523,,,
,,83049,,,,,,228.40070724487305,,,,,
,,83049,,,,,4.862308502197266,,,,,,
53,,83049,,,,,,,25917.2890625,-11.184335708618164,,,
,,83099,,,,,,227.16236114501953,,,,,
,,83099,,,,,23.125648498535156,,,,,,
53,,83099,,,,,,,25744.44140625,-11.121208190917969,,,
,,83149,,,,,,224.6708869934082,,,,,
,,83149,,,,,3.6649703979492188,,,,,,
53,,83149,,,,,,,25864.921875,-11.15934944152832,,,
,,83199,,,,,,229.1710376739502,,,,,
,,83199,,,,,22.02296257019043,,,,,,
53,,83199,,,,,,,25808.28125,-10.989392280578613,,,
,,83249,,,,,,226.02367401123047,,,,,
,,83249,,,,,4.655122756958008,,,,,,
53,,83249,,,,,,,25757.5390625,-11.01944351196289,,,
,,83299,,,,,,223.24657440185547,,,,,
,,83299,,,,,22.690773010253906,,,,,,
53,,83299,,,,,,,25813.7578125,-11.280949592590332,,,
,,83349,,,,,,231.6305637359619,,,,,
,,83349,,,,,5.1860809326171875,,,,,,
53,,83349,,,,,,,25986.572265625,-10.987092018127441,,,
,,83399,,,,,,220.4599380493164,,,,,
,,83399,,,,,22.620439529418945,,,,,,
53,,83399,,,,,,,26071.86328125,-11.162497520446777,,,
,,83449,,,,,,224.24602508544922,,,,,
,,83449,,,,,4.492998123168945,,,,,,
53,,83449,,,,,,,25978.041015625,-10.895879745483398,,,
,,83499,,,,,,222.58520126342773,,,,,
,,83499,,,,,22.022247314453125,,,,,,
53,,83499,,,,,,,25642.1640625,-10.84913158416748,,,
,,83549,,,,,,235.85915565490723,,,,,
,,83549,,,,,5.409002304077148,,,,,,
53,,83549,,,,,,,25902.80859375,-10.817583084106445,,,
,,83599,,,,,,239.89415168762207,,,,,
,,83599,,,,,23.990154266357422,,,,,,
53,,83599,,,,,,,25759.955078125,-11.312628746032715,,,
,,83649,,,,,,242.60783195495605,,,,,
,,83649,,,,,5.158901214599609,,,,,,
53,,83649,,,,,,,25763.109375,-11.079111099243164,,,
,,83699,,,,,,229.3226718902588,,,,,
,,83699,,,,,22.965192794799805,,,,,,
53,,83699,,,,,,,26040.4921875,-11.023932456970215,,,
,,83749,,,,,,221.8165397644043,,,,,
,,83749,,,,,4.373311996459961,,,,,,
53,,83749,,,,,,,26022.15625,-11.008462905883789,,,
,,83799,,,,,,220.92580795288086,,,,,
,,83799,,,,,22.0184326171875,,,,,,
53,,83799,,,,,,,25986.875,-10.904050827026367,,,
,,83849,,,,,,219.36440467834473,,,,,
,,83849,,,,,4.230976104736328,,,,,,
53,,83849,,,,,,,25791.98828125,-11.01594066619873,,,
,,83899,,,,,,232.90371894836426,,,,,
,,83899,,,,,24.376869201660156,,,,,,
53,,83899,,,,,,,25854.283203125,-10.947538375854492,,,
,,83949,,,,,,219.7554111480713,,,,,
,,83949,,,,,3.9300918579101562,,,,,,
53,,83949,,,,,,,25906.2265625,-10.727030754089355,,,
,,83999,,,,,,226.9308567047119,,,,,
,,83999,,,,,23.801565170288086,,,,,,
53,,83999,,,,,,,25954.17578125,-10.758512496948242,,,
,,84049,,,,,,219.9554443359375,,,,,
,,84049,,,,,4.063606262207031,,,,,,
53,,84049,,,,,,,25795.62109375,-11.279220581054688,,,
,,84099,,,,,,225.53300857543945,,,,,
,,84099,,,,,21.767854690551758,,,,,,
53,,84099,,,,,,,26133.71875,-11.248358726501465,,,
,,84149,,,,,,218.19472312927246,,,,,
,,84149,,,,,3.6962032318115234,,,,,,
53,,84149,,,,,,,25905.43359375,-11.158744812011719,,,
,,84199,,,,,,220.98588943481445,,,,,
,,84199,,,,,21.655797958374023,,,,,,
53,,84199,,,,,,,25749.8515625,-11.136100769042969,,,
,,84249,,,,,,219.52056884765625,,,,,
,,84249,,,,,3.9398670196533203,,,,,,
53,,84249,,,,,,,25885.046875,-10.760700225830078,,,
,,84299,,,,,,213.46402168273926,,,,,
,,84299,,,,,25.65765380859375,,,,,,
53,,84299,,,,,,,25836.94921875,-10.901044845581055,,,
,,84349,,,,,,212.21280097961426,,,,,
,,84349,,,,,2.7816295623779297,,,,,,
53,,84349,,,,,,,25861.98046875,-11.068805694580078,,,
,,84399,,,,,,214.49995040893555,,,,,
,,84399,,,,,21.0723876953125,,,,,,
53,,84399,,,,,,,25992.328125,-10.897944450378418,,,
53,,84401,,,,,,,,,-10.504923820495605,-10.626875877380371,-11.032267570495605
,,84402,,,,395.4986734390259,,,,,,,
,0.0003,84402,,,,,,,,,,,
,,84449,,,,,,215.85655212402344,,,,,
,,84449,,,,,2.7506351470947266,,,,,,
54,,84449,,,,,,,25769.50390625,-10.993647575378418,,,
,,84499,,,,,,213.1502628326416,,,,,
,,84499,,,,,20.724058151245117,,,,,,
54,,84499,,,,,,,25837.82421875,-11.186293601989746,,,
,,84549,,,,,,212.9044532775879,,,,,
,,84549,,,,,2.6962757110595703,,,,,,
54,,84549,,,,,,,25946.94921875,-11.191349983215332,,,
,,84599,,,,,,214.11609649658203,,,,,
,,84599,,,,,21.187305450439453,,,,,,
54,,84599,,,,,,,25666.166015625,-11.28781509399414,,,
,,84649,,,,,,240.81945419311523,,,,,
,,84649,,,,,8.130073547363281,,,,,,
54,,84649,,,,,,,25816.0859375,-11.005483627319336,,,
,,84699,,,,,,238.9545440673828,,,,,
,,84699,,,,,30.423641204833984,,,,,,
54,,84699,,,,,,,25905.75390625,-11.093515396118164,,,
,,84749,,,,,,234.62891578674316,,,,,
,,84749,,,,,5.886316299438477,,,,,,
54,,84749,,,,,,,25816.71875,-11.000468254089355,,,
,,84799,,,,,,224.86519813537598,,,,,
,,84799,,,,,24.13201332092285,,,,,,
54,,84799,,,,,,,25803.888671875,-11.043938636779785,,,
,,84849,,,,,,221.53425216674805,,,,,
,,84849,,,,,4.749059677124023,,,,,,
54,,84849,,,,,,,25798.025390625,-10.971004486083984,,,
,,84899,,,,,,219.97618675231934,,,,,
,,84899,,,,,21.5151309967041,,,,,,
54,,84899,,,,,,,26080.662109375,-11.147457122802734,,,
,,84949,,,,,,224.23815727233887,,,,,
,,84949,,,,,3.96728515625,,,,,,
54,,84949,,,,,,,25787.853515625,-10.976827621459961,,,
,,84999,,,,,,222.0454216003418,,,,,
,,84999,,,,,23.869752883911133,,,,,,
54,,84999,,,,,,,25910.3046875,-11.051576614379883,,,
,,85049,,,,,,223.07109832763672,,,,,
,,85049,,,,,4.081010818481445,,,,,,
54,,85049,,,,,,,25812.5390625,-10.94069766998291,,,
,,85099,,,,,,220.9172248840332,,,,,
,,85099,,,,,22.31287956237793,,,,,,
54,,85099,,,,,,,25701.07421875,-11.16241455078125,,,
,,85149,,,,,,226.72390937805176,,,,,
,,85149,,,,,5.827426910400391,,,,,,
54,,85149,,,,,,,25925.234375,-10.679855346679688,,,
,,85199,,,,,,220.0796604156494,,,,,
,,85199,,,,,21.565675735473633,,,,,,
54,,85199,,,,,,,25828.533203125,-11.296107292175293,,,
,,85249,,,,,,221.26364707946777,,,,,
,,85249,,,,,4.147529602050781,,,,,,
54,,85249,,,,,,,25606.5234375,-10.887847900390625,,,
,,85299,,,,,,219.1927433013916,,,,,
,,85299,,,,,22.613525390625,,,,,,
54,,85299,,,,,,,25933.388671875,-10.724604606628418,,,
,,85349,,,,,,220.6401824951172,,,,,
,,85349,,,,,3.8373470306396484,,,,,,
54,,85349,,,,,,,25713.65625,-11.107519149780273,,,
,,85399,,,,,,221.02785110473633,,,,,
,,85399,,,,,21.967649459838867,,,,,,
54,,85399,,,,,,,26085.1640625,-11.084447860717773,,,
,,85449,,,,,,221.40192985534668,,,,,
,,85449,,,,,3.787517547607422,,,,,,
54,,85449,,,,,,,25922.6484375,-11.039284706115723,,,
,,85499,,,,,,220.69907188415527,,,,,
,,85499,,,,,22.231101989746094,,,,,,
54,,85499,,,,,,,25830.9453125,-10.99163818359375,,,
,,85549,,,,,,236.79447174072266,,,,,
,,85549,,,,,5.742073059082031,,,,,,
54,,85549,,,,,,,26100.546875,-10.85026741027832,,,
,,85599,,,,,,222.0609188079834,,,,,
,,85599,,,,,22.127151489257812,,,,,,
54,,85599,,,,,,,25993.904296875,-10.997380256652832,,,
,,85649,,,,,,221.49419784545898,,,,,
,,85649,,,,,4.403352737426758,,,,,,
54,,85649,,,,,,,25913.8359375,-11.069001197814941,,,
,,85699,,,,,,221.5256690979004,,,,,
,,85699,,,,,21.67677879333496,,,,,,
54,,85699,,,,,,,25910.21484375,-11.091392517089844,,,
,,85749,,,,,,219.57778930664062,,,,,
,,85749,,,,,4.013538360595703,,,,,,
54,,85749,,,,,,,25769.7578125,-10.645468711853027,,,
,,85799,,,,,,219.16437149047852,,,,,
,,85799,,,,,22.801637649536133,,,,,,
54,,85799,,,,,,,25809.265625,-11.033473014831543,,,
,,85849,,,,,,219.2690372467041,,,,,
,,85849,,,,,3.910541534423828,,,,,,
54,,85849,,,,,,,25910.646484375,-10.83381175994873,,,
,,85899,,,,,,220.48521041870117,,,,,
,,85899,,,,,21.834373474121094,,,,,,
54,,85899,,,,,,,25894.73828125,-10.938517570495605,,,
,,85949,,,,,,237.2734546661377,,,,,
,,85949,,,,,7.207393646240234,,,,,,
54,,85949,,,,,,,25761.5859375,-11.16617202758789,,,
54,,85964,,,,,,,,,-10.500975608825684,-10.624526023864746,-11.026737213134766
,,85965,,,,394.44874238967896,,,,,,,
,0.0003,85965,,,,,,,,,,,
,,85999,,,,,,241.58334732055664,,,,,
,,85999,,,,,26.02100372314453,,,,,,
55,,85999,,,,,,,25823.09375,-11.148694038391113,,,
,,86049,,,,,,245.03469467163086,,,,,
,,86049,,,,,6.580352783203125,,,,,,
55,,86049,,,,,,,25659.478515625,-10.72616958618164,,,
,,86099,,,,,,235.26692390441895,,,,,
,,86099,,,,,27.636051177978516,,,,,,
55,,86099,,,,,,,25667.0546875,-11.20179271697998,,,
,,86149,,,,,,243.44134330749512,,,,,
,,86149,,,,,6.409406661987305,,,,,,
55,,86149,,,,,,,25929.87890625,-10.990805625915527,,,
,,86199,,,,,,239.0732765197754,,,,,
,,86199,,,,,27.550220489501953,,,,,,
55,,86199,,,,,,,25834.59765625,-11.194183349609375,,,
,,86249,,,,,,243.77822875976562,,,,,
,,86249,,,,,7.091760635375977,,,,,,
55,,86249,,,,,,,25972.353515625,-11.34865951538086,,,
,,86299,,,,,,244.31467056274414,,,,,
,,86299,,,,,25.843143463134766,,,,,,
55,,86299,,,,,,,25831.474609375,-10.91887092590332,,,
,,86349,,,,,,249.8185634613037,,,,,
,,86349,,,,,6.585121154785156,,,,,,
55,,86349,,,,,,,25822.6640625,-11.16524887084961,,,
,,86399,,,,,,248.25334548950195,,,,,
,,86399,,,,,26.233434677124023,,,,,,
55,,86399,,,,,,,25930.4765625,-10.979146957397461,,,
,,86449,,,,,,245.36728858947754,,,,,
,,86449,,,,,7.356405258178711,,,,,,
55,,86449,,,,,,,25673.373046875,-10.742759704589844,,,
,,86499,,,,,,228.64675521850586,,,,,
,,86499,,,,,22.605180740356445,,,,,,
55,,86499,,,,,,,25763.078125,-10.885127067565918,,,
,,86549,,,,,,225.2659797668457,,,,,
,,86549,,,,,4.264116287231445,,,,,,
55,,86549,,,,,,,25734.8359375,-10.941908836364746,,,
,,86599,,,,,,224.6265411376953,,,,,
,,86599,,,,,21.531105041503906,,,,,,
55,,86599,,,,,,,26053.685546875,-11.1710786819458,,,
,,86649,,,,,,227.03099250793457,,,,,
,,86649,,,,,4.09245491027832,,,,,,
55,,86649,,,,,,,25678.6171875,-10.970458984375,,,
,,86699,,,,,,226.63068771362305,,,,,
,,86699,,,,,22.433757781982422,,,,,,
55,,86699,,,,,,,25956.171875,-11.099360466003418,,,
,,86749,,,,,,223.24633598327637,,,,,
,,86749,,,,,3.7393569946289062,,,,,,
55,,86749,,,,,,,25851.81640625,-10.985221862792969,,,
,,86799,,,,,,220.36433219909668,,,,,
,,86799,,,,,22.202253341674805,,,,,,
55,,86799,,,,,,,25845.259765625,-11.024877548217773,,,
,,86849,,,,,,217.4677848815918,,,,,
,,86849,,,,,4.124164581298828,,,,,,
55,,86849,,,,,,,25858.8359375,-11.130109786987305,,,
,,86899,,,,,,223.53863716125488,,,,,
,,86899,,,,,23.192405700683594,,,,,,
55,,86899,,,,,,,25713.47265625,-10.927443504333496,,,
,,86949,,,,,,219.34962272644043,,,,,
,,86949,,,,,3.7479400634765625,,,,,,
55,,86949,,,,,,,25845.43359375,-10.871635437011719,,,
,,86999,,,,,,220.36337852478027,,,,,
,,86999,,,,,21.50702476501465,,,,,,
55,,86999,,,,,,,25893.5390625,-11.032607078552246,,,
,,87049,,,,,,219.20061111450195,,,,,
,,87049,,,,,3.8607120513916016,,,,,,
55,,87049,,,,,,,25742.76953125,-10.7699556350708,,,
,,87099,,,,,,221.21691703796387,,,,,
,,87099,,,,,22.36485481262207,,,,,,
55,,87099,,,,,,,26024.703125,-11.103983879089355,,,
,,87149,,,,,,240.33832550048828,,,,,
,,87149,,,,,5.541563034057617,,,,,,
55,,87149,,,,,,,25881.623046875,-11.03109359741211,,,
,,87199,,,,,,249.284029006958,,,,,
,,87199,,,,,25.1162052154541,,,,,,
55,,87199,,,,,,,25813.880859375,-11.282114028930664,,,
,,87249,,,,,,244.63224411010742,,,,,
,,87249,,,,,6.1473846435546875,,,,,,
55,,87249,,,,,,,25671.32421875,-11.22348403930664,,,
,,87299,,,,,,238.77739906311035,,,,,
,,87299,,,,,24.38044548034668,,,,,,
55,,87299,,,,,,,25857.8671875,-11.247847557067871,,,
,,87349,,,,,,241.32394790649414,,,,,
,,87349,,,,,5.756616592407227,,,,,,
55,,87349,,,,,,,25759.224609375,-10.86737060546875,,,
,,87399,,,,,,242.95401573181152,,,,,
,,87399,,,,,23.705482482910156,,,,,,
55,,87399,,,,,,,25994.939453125,-11.0326509475708,,,
,,87449,,,,,,245.2709674835205,,,,,
,,87449,,,,,7.908821105957031,,,,,,
55,,87449,,,,,,,25938.525390625,-11.235652923583984,,,
,,87499,,,,,,244.9209690093994,,,,,
,,87499,,,,,25.145530700683594,,,,,,
55,,87499,,,,,,,25926.5625,-10.65871810913086,,,
55,,87527,,,,,,,,,-10.506855010986328,-10.633167266845703,-11.037281036376953
,,87528,,,,411.39072585105896,,,,,,,
,0.0003,87528,,,,,,,,,,,
,,87549,,,,,,241.66297912597656,,,,,
,,87549,,,,,6.455659866333008,,,,,,
56,,87549,,,,,,,25847.54296875,-10.833112716674805,,,
,,87599,,,,,,240.91696739196777,,,,,
,,87599,,,,,23.276329040527344,,,,,,
56,,87599,,,,,,,25681.638671875,-11.085925102233887,,,
,,87649,,,,,,237.25175857543945,,,,,
,,87649,,,,,5.959272384643555,,,,,,
56,,87649,,,,,,,25673.41796875,-11.020438194274902,,,
,,87699,,,,,,240.55051803588867,,,,,
,,87699,,,,,23.179292678833008,,,,,,
56,,87699,,,,,,,25769.2734375,-11.007444381713867,,,
,,87749,,,,,,240.80348014831543,,,,,
,,87749,,,,,5.899190902709961,,,,,,
56,,87749,,,,,,,25937.265625,-10.77908706665039,,,
,,87799,,,,,,239.85695838928223,,,,,
,,87799,,,,,25.532245635986328,,,,,,
56,,87799,,,,,,,25909.44140625,-10.902336120605469,,,
,,87849,,,,,,233.62493515014648,,,,,
,,87849,,,,,5.579233169555664,,,,,,
56,,87849,,,,,,,25764.123046875,-11.099296569824219,,,
,,87899,,,,,,239.8529052734375,,,,,
,,87899,,,,,23.123979568481445,,,,,,
56,,87899,,,,,,,25951.001953125,-11.102128982543945,,,
,,87949,,,,,,242.08903312683105,,,,,
,,87949,,,,,6.316900253295898,,,,,,
56,,87949,,,,,,,25890.037109375,-10.977932929992676,,,
,,87999,,,,,,241.4991855621338,,,,,
,,87999,,,,,23.70309829711914,,,,,,
56,,87999,,,,,,,25682.333984375,-11.030875205993652,,,
,,88049,,,,,,245.6338405609131,,,,,
,,88049,,,,,6.440877914428711,,,,,,
56,,88049,,,,,,,25951.625,-10.994180679321289,,,
,,88099,,,,,,240.71168899536133,,,,,
,,88099,,,,,23.451805114746094,,,,,,
56,,88099,,,,,,,25932.140625,-10.965131759643555,,,
,,88149,,,,,,236.5131378173828,,,,,
,,88149,,,,,5.492210388183594,,,,,,
56,,88149,,,,,,,25675.388671875,-11.248244285583496,,,
,,88199,,,,,,243.95155906677246,,,,,
,,88199,,,,,23.222923278808594,,,,,,
56,,88199,,,,,,,25653.923828125,-11.055999755859375,,,
,,88249,,,,,,237.5342845916748,,,,,
,,88249,,,,,5.8917999267578125,,,,,,
56,,88249,,,,,,,25692.01953125,-11.044203758239746,,,
,,88299,,,,,,238.43789100646973,,,,,
,,88299,,,,,23.61774444580078,,,,,,
56,,88299,,,,,,,25827.28125,-10.900270462036133,,,
,,88349,,,,,,240.52691459655762,,,,,
,,88349,,,,,5.401611328125,,,,,,
56,,88349,,,,,,,25893.125,-10.813450813293457,,,
,,88399,,,,,,236.60612106323242,,,,,
,,88399,,,,,23.73051643371582,,,,,,
56,,88399,,,,,,,25862.671875,-10.965263366699219,,,
,,88449,,,,,,234.18879508972168,,,,,
,,88449,,,,,5.700826644897461,,,,,,
56,,88449,,,,,,,25939.30859375,-11.185897827148438,,,
,,88499,,,,,,240.1134967803955,,,,,
,,88499,,,,,24.80340003967285,,,,,,
56,,88499,,,,,,,25698.7734375,-11.007731437683105,,,
,,88549,,,,,,240.16880989074707,,,,,
,,88549,,,,,5.548238754272461,,,,,,
56,,88549,,,,,,,25891.9140625,-11.13068962097168,,,
,,88599,,,,,,241.67299270629883,,,,,
,,88599,,,,,23.286104202270508,,,,,,
56,,88599,,,,,,,25982.609375,-10.814321517944336,,,
,,88649,,,,,,236.16933822631836,,,,,
,,88649,,,,,5.619049072265625,,,,,,
56,,88649,,,,,,,25839.71875,-10.628108978271484,,,
,,88699,,,,,,242.706298828125,,,,,
,,88699,,,,,25.70652961730957,,,,,,
56,,88699,,,,,,,25942.166015625,-11.095033645629883,,,
,,88749,,,,,,234.89618301391602,,,,,
,,88749,,,,,5.539178848266602,,,,,,
56,,88749,,,,,,,26201.25390625,-11.106602668762207,,,
,,88799,,,,,,231.4620018005371,,,,,
,,88799,,,,,23.064136505126953,,,,,,
56,,88799,,,,,,,25925.326171875,-10.800620079040527,,,
,,88849,,,,,,227.72574424743652,,,,,
,,88849,,,,,5.113363265991211,,,,,,
56,,88849,,,,,,,25846.45703125,-10.852604866027832,,,
,,88899,,,,,,236.52315139770508,,,,,
,,88899,,,,,22.79376983642578,,,,,,
56,,88899,,,,,,,25921.95703125,-11.017468452453613,,,
,,88949,,,,,,227.23937034606934,,,,,
,,88949,,,,,4.990577697753906,,,,,,
56,,88949,,,,,,,25579.884765625,-11.006220817565918,,,
,,88999,,,,,,225.47078132629395,,,,,
,,88999,,,,,23.19931983947754,,,,,,
56,,88999,,,,,,,25789.33203125,-10.883441925048828,,,
,,89049,,,,,,227.1444797515869,,,,,
,,89049,,,,,4.712104797363281,,,,,,
56,,89049,,,,,,,25785.169921875,-10.921759605407715,,,
56,,89090,,,,,,,,,-10.502796173095703,-10.623435020446777,-11.021154403686523
,,89091,,,,417.32752871513367,,,,,,,
,0.0003,89091,,,,,,,,,,,
,,89099,,,,,,238.97528648376465,,,,,
,,89099,,,,,27.602672576904297,,,,,,
57,,89099,,,,,,,25988.73828125,-10.94113826751709,,,
,,89149,,,,,,227.11873054504395,,,,,
,,89149,,,,,5.356073379516602,,,,,,
57,,89149,,,,,,,25840.724609375,-11.044051170349121,,,
,,89199,,,,,,238.01565170288086,,,,,
,,89199,,,,,22.94445037841797,,,,,,
57,,89199,,,,,,,25967.119140625,-11.071516036987305,,,
,,89249,,,,,,226.83238983154297,,,,,
,,89249,,,,,4.973173141479492,,,,,,
57,,89249,,,,,,,25926.44921875,-11.218232154846191,,,
,,89299,,,,,,224.8234748840332,,,,,
,,89299,,,,,22.400856018066406,,,,,,
57,,89299,,,,,,,25953.36328125,-10.88049030303955,,,
,,89349,,,,,,226.70507431030273,,,,,
,,89349,,,,,4.7206878662109375,,,,,,
57,,89349,,,,,,,25792.0078125,-10.946612358093262,,,
,,89399,,,,,,223.4020233154297,,,,,
,,89399,,,,,22.472620010375977,,,,,,
57,,89399,,,,,,,25708.806640625,-11.165369987487793,,,
,,89449,,,,,,227.0028591156006,,,,,
,,89449,,,,,4.471302032470703,,,,,,
57,,89449,,,,,,,25784.28515625,-11.175677299499512,,,
,,89499,,,,,,225.1873016357422,,,,,
,,89499,,,,,22.08685874938965,,,,,,
57,,89499,,,,,,,25842.169921875,-11.096885681152344,,,
,,89549,,,,,,229.28571701049805,,,,,
,,89549,,,,,4.688739776611328,,,,,,
57,,89549,,,,,,,25940.1484375,-10.904165267944336,,,
,,89599,,,,,,246.97041511535645,,,,,
,,89599,,,,,29.12425994873047,,,,,,
57,,89599,,,,,,,25954.97265625,-11.11302661895752,,,
,,89649,,,,,,236.74845695495605,,,,,
,,89649,,,,,6.714344024658203,,,,,,
57,,89649,,,,,,,25961.658203125,-10.867582321166992,,,
,,89699,,,,,,235.67724227905273,,,,,
,,89699,,,,,27.48394012451172,,,,,,
57,,89699,,,,,,,25754.974609375,-11.056042671203613,,,
,,89749,,,,,,245.5122470855713,,,,,
,,89749,,,,,6.991386413574219,,,,,,
57,,89749,,,,,,,25846.623046875,-10.893661499023438,,,
,,89799,,,,,,241.0907745361328,,,,,
,,89799,,,,,27.21238136291504,,,,,,
57,,89799,,,,,,,25911.40625,-10.803342819213867,,,
,,89849,,,,,,236.57870292663574,,,,,
,,89849,,,,,7.240533828735352,,,,,,
57,,89849,,,,,,,25795.60546875,-10.838099479675293,,,
,,89899,,,,,,240.78130722045898,,,,,
,,89899,,,,,24.58810806274414,,,,,,
57,,89899,,,,,,,25900.328125,-11.075371742248535,,,
,,89949,,,,,,248.87728691101074,,,,,
,,89949,,,,,7.260799407958984,,,,,,
57,,89949,,,,,,,25750.896484375,-11.049396514892578,,,
,,89999,,,,,,225.3713607788086,,,,,
,,89999,,,,,22.499561309814453,,,,,,
57,,89999,,,,,,,25934.607421875,-10.99941635131836,,,
,,90049,,,,,,227.28848457336426,,,,,
,,90049,,,,,4.766225814819336,,,,,,
57,,90049,,,,,,,26041.33984375,-10.931540489196777,,,
,,90099,,,,,,241.7137622833252,,,,,
,,90099,,,,,22.852420806884766,,,,,,
57,,90099,,,,,,,25878.931640625,-11.003735542297363,,,
,,90149,,,,,,239.71867561340332,,,,,
,,90149,,,,,5.460977554321289,,,,,,
57,,90149,,,,,,,25885.634765625,-10.931201934814453,,,
,,90199,,,,,,239.2897605895996,,,,,
,,90199,,,,,23.228168487548828,,,,,,
57,,90199,,,,,,,25885.970703125,-10.931711196899414,,,
,,90249,,,,,,240.16094207763672,,,,,
,,90249,,,,,5.414485931396484,,,,,,
57,,90249,,,,,,,25876.0390625,-10.774170875549316,,,
,,90299,,,,,,242.99120903015137,,,,,
,,90299,,,,,23.833274841308594,,,,,,
57,,90299,,,,,,,25899.00390625,-11.10601806640625,,,
,,90349,,,,,,243.70527267456055,,,,,
,,90349,,,,,6.154060363769531,,,,,,
57,,90349,,,,,,,25962.953125,-10.82587718963623,,,
,,90399,,,,,,241.9905662536621,,,,,
,,90399,,,,,25.32649040222168,,,,,,
57,,90399,,,,,,,25721.6796875,-11.031994819641113,,,
,,90449,,,,,,238.16943168640137,,,,,
,,90449,,,,,5.848884582519531,,,,,,
57,,90449,,,,,,,25918.529296875,-10.808706283569336,,,
,,90499,,,,,,247.73168563842773,,,,,
,,90499,,,,,23.69070053100586,,,,,,
57,,90499,,,,,,,25933.203125,-10.837324142456055,,,
,,90549,,,,,,237.51091957092285,,,,,
,,90549,,,,,5.566120147705078,,,,,,
57,,90549,,,,,,,26009.30859375,-10.991084098815918,,,
,,90599,,,,,,240.8766746520996,,,,,
,,90599,,,,,22.995471954345703,,,,,,
57,,90599,,,,,,,25926.650390625,-10.877253532409668,,,
,,90649,,,,,,236.81211471557617,,,,,
,,90649,,,,,5.771398544311523,,,,,,
57,,90649,,,,,,,25881.4375,-10.9261474609375,,,
57,,90653,,,,,,,,,-10.500617027282715,-10.621500968933105,-11.027487754821777
,,90654,,,,415.2471754550934,,,,,,,
,0.0003,90654,,,,,,,,,,,
,,90699,,,,,,245.61667442321777,,,,,
,,90699,,,,,25.341033935546875,,,,,,
58,,90699,,,,,,,25959.93359375,-11.266215324401855,,,
,,90749,,,,,,241.2257194519043,,,,,
,,90749,,,,,6.058692932128906,,,,,,
58,,90749,,,,,,,25846.046875,-11.01077651977539,,,
,,90799,,,,,,246.38962745666504,,,,,
,,90799,,,,,24.44911003112793,,,,,,
58,,90799,,,,,,,25943.56640625,-11.033243179321289,,,
,,90849,,,,,,254.180908203125,,,,,
,,90849,,,,,6.3915252685546875,,,,,,
58,,90849,,,,,,,25874.8984375,-10.848505973815918,,,
,,90899,,,,,,241.55807495117188,,,,,
,,90899,,,,,23.714303970336914,,,,,,
58,,90899,,,,,,,25723.7109375,-11.145028114318848,,,
,,90949,,,,,,238.2645606994629,,,,,
,,90949,,,,,5.6705474853515625,,,,,,
58,,90949,,,,,,,25779.9609375,-10.939523696899414,,,
,,90999,,,,,,240.24248123168945,,,,,
,,90999,,,,,23.083209991455078,,,,,,
58,,90999,,,,,,,25832.705078125,-11.194677352905273,,,
,,91049,,,,,,235.65673828125,,,,,
,,91049,,,,,5.228519439697266,,,,,,
58,,91049,,,,,,,25974.80859375,-11.088879585266113,,,
,,91099,,,,,,244.704008102417,,,,,
,,91099,,,,,29.34741973876953,,,,,,
58,,91099,,,,,,,25687.142578125,-10.630196571350098,,,
,,91149,,,,,,241.16158485412598,,,,,
,,91149,,,,,5.7697296142578125,,,,,,
58,,91149,,,,,,,25882.216796875,-10.978991508483887,,,
,,91199,,,,,,228.7595272064209,,,,,
,,91199,,,,,23.578405380249023,,,,,,
58,,91199,,,,,,,25737.16015625,-10.867149353027344,,,
,,91249,,,,,,240.74745178222656,,,,,
,,91249,,,,,6.275177001953125,,,,,,
58,,91249,,,,,,,25703.26953125,-11.06826400756836,,,
,,91299,,,,,,248.64673614501953,,,,,
,,91299,,,,,26.723623275756836,,,,,,
58,,91299,,,,,,,25748.310546875,-11.11929988861084,,,
,,91349,,,,,,239.6245002746582,,,,,
,,91349,,,,,5.729436874389648,,,,,,
58,,91349,,,,,,,25821.376953125,-10.947946548461914,,,
,,91399,,,,,,230.78632354736328,,,,,
,,91399,,,,,22.88055419921875,,,,,,
58,,91399,,,,,,,25878.26171875,-11.071378707885742,,,
,,91449,,,,,,227.43654251098633,,,,,
,,91449,,,,,4.686832427978516,,,,,,
58,,91449,,,,,,,25656.4375,-10.947532653808594,,,
,,91499,,,,,,224.67780113220215,,,,,
,,91499,,,,,22.77660369873047,,,,,,
58,,91499,,,,,,,25749.80078125,-11.16473388671875,,,
,,91549,,,,,,227.77223587036133,,,,,
,,91549,,,,,4.397392272949219,,,,,,
58,,91549,,,,,,,25827.296875,-11.187005043029785,,,
,,91599,,,,,,224.21979904174805,,,,,
,,91599,,,,,22.095680236816406,,,,,,
58,,91599,,,,,,,25999.1328125,-10.787331581115723,,,
,,91649,,,,,,224.32565689086914,,,,,
,,91649,,,,,4.731655120849609,,,,,,
58,,91649,,,,,,,25899.810546875,-11.242393493652344,,,
,,91699,,,,,,226.42946243286133,,,,,
,,91699,,,,,22.4459171295166,,,,,,
58,,91699,,,,,,,25881.4296875,-11.1173677444458,,,
,,91749,,,,,,227.64205932617188,,,,,
,,91749,,,,,4.437923431396484,,,,,,
58,,91749,,,,,,,25917.59765625,-10.984298706054688,,,
,,91799,,,,,,224.24697875976562,,,,,
,,91799,,,,,22.443771362304688,,,,,,
58,,91799,,,,,,,25806.759765625,-10.972415924072266,,,
,,91849,,,,,,225.419282913208,,,,,
,,91849,,,,,4.413366317749023,,,,,,
58,,91849,,,,,,,25773.1171875,-10.999740600585938,,,
,,91899,,,,,,227.13685035705566,,,,,
,,91899,,,,,22.373676300048828,,,,,,
58,,91899,,,,,,,25760.47265625,-10.968585968017578,,,
,,91949,,,,,,244.7795867919922,,,,,
,,91949,,,,,7.041692733764648,,,,,,
58,,91949,,,,,,,25829.0234375,-11.033026695251465,,,
,,91999,,,,,,240.8447265625,,,,,
,,91999,,,,,25.078296661376953,,,,,,
58,,91999,,,,,,,25981.59765625,-11.190373420715332,,,
,,92049,,,,,,230.13663291931152,,,,,
,,92049,,,,,5.957841873168945,,,,,,
58,,92049,,,,,,,25875.623046875,-10.77599811553955,,,
,,92099,,,,,,230.69357872009277,,,,,
,,92099,,,,,22.26877212524414,,,,,,
58,,92099,,,,,,,25813.421875,-10.888678550720215,,,
,,92149,,,,,,225.77810287475586,,,,,
,,92149,,,,,4.733562469482422,,,,,,
58,,92149,,,,,,,25975.29296875,-11.108901023864746,,,
,,92199,,,,,,230.84497451782227,,,,,
,,92199,,,,,23.363351821899414,,,,,,
58,,92199,,,,,,,25840.34375,-11.115775108337402,,,
58,,92216,,,,,,,,,-10.498382568359375,-10.620654106140137,-11.019754409790039
,,92217,,,,413.8193893432617,,,,,,,
,0.0003,92217,,,,,,,,,,,
,,92249,,,,,,230.26323318481445,,,,,
,,92249,,,,,4.9037933349609375,,,,,,
59,,92249,,,,,,,25897.08984375,-11.022004127502441,,,
,,92299,,,,,,230.83734512329102,,,,,
,,92299,,,,,22.02439308166504,,,,,,
59,,92299,,,,,,,25798.60546875,-11.053180694580078,,,
,,92349,,,,,,232.79762268066406,,,,,
,,92349,,,,,4.607200622558594,,,,,,
59,,92349,,,,,,,25787.857421875,-10.977897644042969,,,
,,92399,,,,,,235.7177734375,,,,,
,,92399,,,,,22.190570831298828,,,,,,
59,,92399,,,,,,,25795.89453125,-11.227246284484863,,,
,,92449,,,,,,225.73041915893555,,,,,
,,92449,,,,,4.397869110107422,,,,,,
59,,92449,,,,,,,26029.33203125,-10.620600700378418,,,
,,92499,,,,,,226.09758377075195,,,,,
,,92499,,,,,22.415876388549805,,,,,,
59,,92499,,,,,,,25680.755859375,-11.142196655273438,,,
,,92549,,,,,,226.86195373535156,,,,,
,,92549,,,,,4.244804382324219,,,,,,
59,,92549,,,,,,,25877.34765625,-11.05875015258789,,,
,,92599,,,,,,223.76704216003418,,,,,
,,92599,,,,,22.50814437866211,,,,,,
59,,92599,,,,,,,25954.7421875,-10.818857192993164,,,
,,92649,,,,,,227.982759475708,,,,,
,,92649,,,,,4.28009033203125,,,,,,
59,,92649,,,,,,,25818.265625,-11.00495433807373,,,
,,92699,,,,,,223.46067428588867,,,,,
,,92699,,,,,21.98481559753418,,,,,,
59,,92699,,,,,,,25931.322265625,-11.153742790222168,,,
,,92749,,,,,,222.81885147094727,,,,,
,,92749,,,,,4.100799560546875,,,,,,
59,,92749,,,,,,,25878.3671875,-10.621573448181152,,,
,,92799,,,,,,222.46408462524414,,,,,
,,92799,,,,,22.069692611694336,,,,,,
59,,92799,,,,,,,25885.744140625,-11.309505462646484,,,
,,92849,,,,,,222.30219841003418,,,,,
,,92849,,,,,4.048347473144531,,,,,,
59,,92849,,,,,,,25686.978515625,-11.139894485473633,,,
,,92899,,,,,,221.37713432312012,,,,,
,,92899,,,,,22.109270095825195,,,,,,
59,,92899,,,,,,,25836.87890625,-11.025832176208496,,,
,,92949,,,,,,221.26030921936035,,,,,
,,92949,,,,,4.059791564941406,,,,,,
59,,92949,,,,,,,25865.2265625,-10.945843696594238,,,
,,92999,,,,,,243.84093284606934,,,,,
,,92999,,,,,25.574207305908203,,,,,,
59,,92999,,,,,,,25702.40234375,-11.049540519714355,,,
,,93049,,,,,,227.1406650543213,,,,,
,,93049,,,,,4.789829254150391,,,,,,
59,,93049,,,,,,,25815.908203125,-11.18697452545166,,,
,,93099,,,,,,226.34100914001465,,,,,
,,93099,,,,,22.548437118530273,,,,,,
59,,93099,,,,,,,25963.123046875,-10.968646049499512,,,
,,93149,,,,,,231.7979335784912,,,,,
,,93149,,,,,5.1517486572265625,,,,,,
59,,93149,,,,,,,25885.216796875,-11.049989700317383,,,
,,93199,,,,,,225.81052780151367,,,,,
,,93199,,,,,22.23658561706543,,,,,,
59,,93199,,,,,,,25864.5625,-10.901895523071289,,,
,,93249,,,,,,231.31155967712402,,,,,
,,93249,,,,,4.551887512207031,,,,,,
59,,93249,,,,,,,25841.30859375,-10.892854690551758,,,
,,93299,,,,,,241.44744873046875,,,,,
,,93299,,,,,25.756359100341797,,,,,,
59,,93299,,,,,,,25937.7890625,-11.13045883178711,,,
,,93349,,,,,,239.87054824829102,,,,,
,,93349,,,,,6.389617919921875,,,,,,
59,,93349,,,,,,,26025.779296875,-11.156784057617188,,,
,,93399,,,,,,228.50751876831055,,,,,
,,93399,,,,,23.621797561645508,,,,,,
59,,93399,,,,,,,25799.15625,-10.93728256225586,,,
,,93449,,,,,,238.3596897125244,,,,,
,,93449,,,,,5.164384841918945,,,,,,
59,,93449,,,,,,,25890.8671875,-10.89919662475586,,,
,,93499,,,,,,225.63695907592773,,,,,
,,93499,,,,,22.279977798461914,,,,,,
59,,93499,,,,,,,25714.46484375,-11.039665222167969,,,
,,93549,,,,,,224.84898567199707,,,,,
,,93549,,,,,4.153013229370117,,,,,,
59,,93549,,,,,,,25807.7109375,-10.897940635681152,,,
,,93599,,,,,,226.11641883850098,,,,,
,,93599,,,,,21.65365219116211,,,,,,
59,,93599,,,,,,,25932.296875,-11.282920837402344,,,
,,93649,,,,,,221.91166877746582,,,,,
,,93649,,,,,3.8232803344726562,,,,,,
59,,93649,,,,,,,25871.328125,-11.015352249145508,,,
,,93699,,,,,,225.0347137451172,,,,,
,,93699,,,,,22.166728973388672,,,,,,
59,,93699,,,,,,,25788.91015625,-10.8657808303833,,,
,,93749,,,,,,220.2169895172119,,,,,
,,93749,,,,,3.839254379272461,,,,,,
59,,93749,,,,,,,25781.15625,-11.17424201965332,,,
59,,93779,,,,,,,,,-10.501338005065918,-10.620214462280273,-11.018569946289062
,,93780,,,,398.7929708957672,,,,,,,
,0.0003,93780,,,,,,,,,,,
,,93799,,,,,,224.8988151550293,,,,,
,,93799,,,,,22.3844051361084,,,,,,
60,,93799,,,,,,,25742.341796875,-10.798903465270996,,,
,,93849,,,,,,220.60418128967285,,,,,
,,93849,,,,,3.7076473236083984,,,,,,
60,,93849,,,,,,,25821.353515625,-10.992950439453125,,,
,,93899,,,,,,221.19903564453125,,,,,
,,93899,,,,,23.472309112548828,,,,,,
60,,93899,,,,,,,25747.140625,-10.775888442993164,,,
,,93949,,,,,,239.6523952484131,,,,,
,,93949,,,,,6.482124328613281,,,,,,
60,,93949,,,,,,,25957.908203125,-11.101231575012207,,,
,,93999,,,,,,237.40720748901367,,,,,
,,93999,,,,,23.35381507873535,,,,,,
60,,93999,,,,,,,25896.64453125,-10.929366111755371,,,
,,94049,,,,,,231.4012050628662,,,,,
,,94049,,,,,5.864620208740234,,,,,,
60,,94049,,,,,,,25841.779296875,-10.918723106384277,,,
,,94099,,,,,,228.43337059020996,,,,,
,,94099,,,,,21.902799606323242,,,,,,
60,,94099,,,,,,,25817.84765625,-10.851750373840332,,,
,,94149,,,,,,223.14739227294922,,,,,
,,94149,,,,,4.084110260009766,,,,,,
60,,94149,,,,,,,25845.34375,-11.064318656921387,,,
,,94199,,,,,,223.6182689666748,,,,,
,,94199,,,,,22.369384765625,,,,,,
60,,94199,,,,,,,25712.6875,-11.101016998291016,,,
,,94249,,,,,,238.5256290435791,,,,,
,,94249,,,,,6.032466888427734,,,,,,
60,,94249,,,,,,,25734.70703125,-11.113065719604492,,,
,,94299,,,,,,242.2499656677246,,,,,
,,94299,,,,,24.320602416992188,,,,,,
60,,94299,,,,,,,25822.830078125,-11.085981369018555,,,
,,94349,,,,,,238.6302947998047,,,,,
,,94349,,,,,5.473852157592773,,,,,,
60,,94349,,,,,,,25734.953125,-10.979185104370117,,,
,,94399,,,,,,237.85138130187988,,,,,
,,94399,,,,,23.587942123413086,,,,,,
60,,94399,,,,,,,25882.10546875,-11.141791343688965,,,
,,94449,,,,,,235.85867881774902,,,,,
,,94449,,,,,5.536079406738281,,,,,,
60,,94449,,,,,,,26079.251953125,-10.718974113464355,,,
,,94499,,,,,,244.0330982208252,,,,,
,,94499,,,,,22.966384887695312,,,,,,
60,,94499,,,,,,,25733.3203125,-10.735248565673828,,,
,,94549,,,,,,243.47734451293945,,,,,
,,94549,,,,,5.412817001342773,,,,,,
60,,94549,,,,,,,25831.50390625,-11.110987663269043,,,
,,94599,,,,,,242.48838424682617,,,,,
,,94599,,,,,23.00286293029785,,,,,,
60,,94599,,,,,,,25758.744140625,-11.100064277648926,,,
,,94649,,,,,,217.99707412719727,,,,,
,,94649,,,,,3.330707550048828,,,,,,
60,,94649,,,,,,,25850.390625,-11.160323143005371,,,
,,94699,,,,,,216.31431579589844,,,,,
,,94699,,,,,21.775245666503906,,,,,,
60,,94699,,,,,,,25930.91015625,-11.033381462097168,,,
,,94749,,,,,,215.4068946838379,,,,,
,,94749,,,,,3.0350685119628906,,,,,,
60,,94749,,,,,,,25937.376953125,-10.906926155090332,,,
,,94799,,,,,,215.18611907958984,,,,,
,,94799,,,,,26.42536163330078,,,,,,
60,,94799,,,,,,,25804.076171875,-11.174400329589844,,,
,,94849,,,,,,213.8516902923584,,,,,
,,94849,,,,,2.8107166290283203,,,,,,
60,,94849,,,,,,,25991.4609375,-10.872682571411133,,,
,,94899,,,,,,212.4807834625244,,,,,
,,94899,,,,,21.101951599121094,,,,,,
60,,94899,,,,,,,25939.189453125,-10.994194030761719,,,
,,94949,,,,,,211.9119167327881,,,,,
,,94949,,,,,2.821683883666992,,,,,,
60,,94949,,,,,,,25697.85546875,-10.86279010772705,,,
,,94999,,,,,,241.37115478515625,,,,,
,,94999,,,,,25.032997131347656,,,,,,
60,,94999,,,,,,,25810.8203125,-10.870234489440918,,,
,,95049,,,,,,233.6902618408203,,,,,
,,95049,,,,,4.131555557250977,,,,,,
60,,95049,,,,,,,25830.2890625,-10.705245971679688,,,
,,95099,,,,,,222.90635108947754,,,,,
,,95099,,,,,27.299880981445312,,,,,,
60,,95099,,,,,,,25814.974609375,-11.07668685913086,,,
,,95149,,,,,,213.4535312652588,,,,,
,,95149,,,,,2.649545669555664,,,,,,
60,,95149,,,,,,,25696.19921875,-11.03956413269043,,,
,,95199,,,,,,218.58525276184082,,,,,
,,95199,,,,,21.718740463256836,,,,,,
60,,95199,,,,,,,25958.4453125,-11.02077579498291,,,
,,95249,,,,,,240.2198314666748,,,,,
,,95249,,,,,5.545377731323242,,,,,,
60,,95249,,,,,,,25837.3125,-11.03359603881836,,,
,,95299,,,,,,245.69368362426758,,,,,
,,95299,,,,,23.549318313598633,,,,,,
60,,95299,,,,,,,25917.49609375,-10.876998901367188,,,
60,,95342,,,,,,,,,-10.502047538757324,-10.622787475585938,-11.027043342590332
,,95343,,,,403.2759373188019,,,,,,,
,0.0003,95343,,,,,,,,,,,
,,95349,,,,,,241.6064739227295,,,,,
,,95349,,,,,6.112813949584961,,,,,,
61,,95349,,,,,,,25719.87890625,-11.042885780334473,,,
,,95399,,,,,,219.38109397888184,,,,,
,,95399,,,,,26.8399715423584,,,,,,
61,,95399,,,,,,,25925.916015625,-11.18576431274414,,,
,,95449,,,,,,245.99981307983398,,,,,
,,95449,,,,,6.186962127685547,,,,,,
61,,95449,,,,,,,25812.859375,-11.166054725646973,,,
,,95499,,,,,,236.51504516601562,,,,,
,,95499,,,,,27.14061737060547,,,,,,
61,,95499,,,,,,,25709.158203125,-11.010381698608398,,,
,,95549,,,,,,235.17847061157227,,,,,
,,95549,,,,,5.474328994750977,,,,,,
61,,95549,,,,,,,25728.33203125,-11.000937461853027,,,
,,95599,,,,,,235.35823822021484,,,,,
,,95599,,,,,25.295495986938477,,,,,,
61,,95599,,,,,,,25839.720703125,-11.265852928161621,,,
,,95649,,,,,,234.77840423583984,,,,,
,,95649,,,,,5.255222320556641,,,,,,
61,,95649,,,,,,,25941.71484375,-11.185091018676758,,,
,,95699,,,,,,243.19124221801758,,,,,
,,95699,,,,,23.85568618774414,,,,,,
61,,95699,,,,,,,25721.65625,-10.947494506835938,,,
,,95749,,,,,,238.39378356933594,,,,,
,,95749,,,,,5.874156951904297,,,,,,
61,,95749,,,,,,,25859.826171875,-10.88698673248291,,,
,,95799,,,,,,237.98465728759766,,,,,
,,95799,,,,,22.959232330322266,,,,,,
61,,95799,,,,,,,25924.6015625,-11.06021499633789,,,
,,95849,,,,,,238.7993335723877,,,,,
,,95849,,,,,6.166219711303711,,,,,,
61,,95849,,,,,,,25989.828125,-11.008706092834473,,,
,,95899,,,,,,236.90485954284668,,,,,
,,95899,,,,,23.80990982055664,,,,,,
61,,95899,,,,,,,25803.16796875,-10.886731147766113,,,
,,95949,,,,,,227.3845672607422,,,,,
,,95949,,,,,5.273580551147461,,,,,,
61,,95949,,,,,,,25901.892578125,-11.095587730407715,,,
,,95999,,,,,,224.989652633667,,,,,
,,95999,,,,,22.399187088012695,,,,,,
61,,95999,,,,,,,25830.0234375,-11.11103630065918,,,
,,96049,,,,,,229.02917861938477,,,,,
,,96049,,,,,4.724264144897461,,,,,,
61,,96049,,,,,,,25888.265625,-10.9400634765625,,,
,,96099,,,,,,222.88775444030762,,,,,
,,96099,,,,,22.480249404907227,,,,,,
61,,96099,,,,,,,26032.7578125,-10.810126304626465,,,
,,96149,,,,,,224.2603302001953,,,,,
,,96149,,,,,5.8116912841796875,,,,,,
61,,96149,,,,,,,25945.90234375,-10.620109558105469,,,
,,96199,,,,,,227.3552417755127,,,,,
,,96199,,,,,23.065567016601562,,,,,,
61,,96199,,,,,,,25823.837890625,-11.160048484802246,,,
,,96249,,,,,,239.69149589538574,,,,,
,,96249,,,,,6.783723831176758,,,,,,
61,,96249,,,,,,,25899.36328125,-11.018583297729492,,,
,,96299,,,,,,225.5535125732422,,,,,
,,96299,,,,,22.81808853149414,,,,,,
61,,96299,,,,,,,25985.37890625,-10.80111026763916,,,
,,96349,,,,,,224.63750839233398,,,,,
,,96349,,,,,4.457235336303711,,,,,,
61,,96349,,,,,,,25883.703125,-10.729676246643066,,,
,,96399,,,,,,239.2423152923584,,,,,
,,96399,,,,,23.55813980102539,,,,,,
61,,96399,,,,,,,25874.73828125,-11.107686042785645,,,
,,96449,,,,,,242.7370548248291,,,,,
,,96449,,,,,6.251096725463867,,,,,,
61,,96449,,,,,,,26011.005859375,-11.022587776184082,,,
,,96499,,,,,,240.6003475189209,,,,,
,,96499,,,,,23.021697998046875,,,,,,
61,,96499,,,,,,,25784.1953125,-11.028059005737305,,,
,,96549,,,,,,238.85846138000488,,,,,
,,96549,,,,,5.353450775146484,,,,,,
61,,96549,,,,,,,25875.86328125,-11.074602127075195,,,
,,96599,,,,,,243.42846870422363,,,,,
,,96599,,,,,25.560617446899414,,,,,,
61,,96599,,,,,,,25795.453125,-11.09242057800293,,,
,,96649,,,,,,240.72885513305664,,,,,
,,96649,,,,,5.279779434204102,,,,,,
61,,96649,,,,,,,25755.703125,-10.888154983520508,,,
,,96699,,,,,,241.5766716003418,,,,,
,,96699,,,,,23.328781127929688,,,,,,
61,,96699,,,,,,,25905.1015625,-10.877896308898926,,,
,,96749,,,,,,236.99331283569336,,,,,
,,96749,,,,,5.495548248291016,,,,,,
61,,96749,,,,,,,25959.30859375,-10.859479904174805,,,
,,96799,,,,,,240.58151245117188,,,,,
,,96799,,,,,23.487091064453125,,,,,,
61,,96799,,,,,,,25820.19921875,-11.131698608398438,,,
,,96849,,,,,,241.27864837646484,,,,,
,,96849,,,,,6.128072738647461,,,,,,
61,,96849,,,,,,,25822.642578125,-11.263751983642578,,,
,,96899,,,,,,243.68572235107422,,,,,
,,96899,,,,,23.436307907104492,,,,,,
61,,96899,,,,,,,25959.953125,-10.865327835083008,,,
61,,96905,,,,,,,,,-10.499309539794922,-10.622790336608887,-11.02631950378418
,,96906,,,,413.4529721736908,,,,,,,
,0.0003,96906,,,,,,,,,,,
,,96949,,,,,,239.23683166503906,,,,,
,,96949,,,,,5.439996719360352,,,,,,
62,,96949,,,,,,,26048.7421875,-11.050355911254883,,,
,,96999,,,,,,252.93779373168945,,,,,
,,96999,,,,,28.05018424987793,,,,,,
62,,96999,,,,,,,25673.31640625,-11.102067947387695,,,
,,97049,,,,,,250.01192092895508,,,,,
,,97049,,,,,6.179332733154297,,,,,,
62,,97049,,,,,,,25698.59375,-11.087042808532715,,,
,,97099,,,,,,243.16024780273438,,,,,
,,97099,,,,,23.86164665222168,,,,,,
62,,97099,,,,,,,26019.658203125,-11.000885963439941,,,
,,97149,,,,,,249.68457221984863,,,,,
,,97149,,,,,6.022214889526367,,,,,,
62,,97149,,,,,,,25816.8515625,-10.982586860656738,,,
,,97199,,,,,,241.98174476623535,,,,,
,,97199,,,,,27.231693267822266,,,,,,
62,,97199,,,,,,,25984.84765625,-10.827345848083496,,,
,,97249,,,,,,242.46716499328613,,,,,
,,97249,,,,,5.3958892822265625,,,,,,
62,,97249,,,,,,,25980.748046875,-11.117576599121094,,,
,,97299,,,,,,237.46824264526367,,,,,
,,97299,,,,,24.887800216674805,,,,,,
62,,97299,,,,,,,25814.697265625,-10.62125015258789,,,
,,97349,,,,,,240.78869819641113,,,,,
,,97349,,,,,5.97071647644043,,,,,,
62,,97349,,,,,,,26011.33203125,-10.977974891662598,,,
,,97399,,,,,,240.16380310058594,,,,,
,,97399,,,,,26.773929595947266,,,,,,
62,,97399,,,,,,,25855.2890625,-10.962653160095215,,,
,,97449,,,,,,244.1699504852295,,,,,
,,97449,,,,,6.42848014831543,,,,,,
62,,97449,,,,,,,25705.52734375,-10.929108619689941,,,
,,97499,,,,,,242.1255111694336,,,,,
,,97499,,,,,28.911113739013672,,,,,,
62,,97499,,,,,,,25948.99609375,-10.835075378417969,,,
,,97549,,,,,,245.79501152038574,,,,,
,,97549,,,,,6.111621856689453,,,,,,
62,,97549,,,,,,,25742.0625,-11.099770545959473,,,
,,97599,,,,,,244.71354484558105,,,,,
,,97599,,,,,23.79322052001953,,,,,,
62,,97599,,,,,,,25902.001953125,-11.242609977722168,,,
,,97649,,,,,,246.35839462280273,,,,,
,,97649,,,,,6.824493408203125,,,,,,
62,,97649,,,,,,,25810.69921875,-11.193801879882812,,,
,,97699,,,,,,235.5947494506836,,,,,
,,97699,,,,,25.91085433959961,,,,,,
62,,97699,,,,,,,25995.84765625,-11.09262466430664,,,
,,97749,,,,,,229.1710376739502,,,,,
,,97749,,,,,5.526542663574219,,,,,,
62,,97749,,,,,,,25963.62890625,-10.950162887573242,,,
,,97799,,,,,,233.03627967834473,,,,,
,,97799,,,,,23.1781005859375,,,,,,
62,,97799,,,,,,,25777.255859375,-10.90353012084961,,,
,,97849,,,,,,230.33642768859863,,,,,
,,97849,,,,,5.705833435058594,,,,,,
62,,97849,,,,,,,25819.279296875,-10.872323989868164,,,
,,97899,,,,,,232.1152687072754,,,,,
,,97899,,,,,24.082422256469727,,,,,,
62,,97899,,,,,,,25826.47265625,-11.17498779296875,,,
,,97949,,,,,,219.20537948608398,,,,,
,,97949,,,,,4.224300384521484,,,,,,
62,,97949,,,,,,,25906.626953125,-10.890545845031738,,,
,,97999,,,,,,231.36353492736816,,,,,
,,97999,,,,,22.909164428710938,,,,,,
62,,97999,,,,,,,25868.1171875,-10.9130220413208,,,
,,98049,,,,,,227.66685485839844,,,,,
,,98049,,,,,5.585432052612305,,,,,,
62,,98049,,,,,,,25976.826171875,-11.041422843933105,,,
,,98099,,,,,,226.5322208404541,,,,,
,,98099,,,,,23.062467575073242,,,,,,
62,,98099,,,,,,,25892.740234375,-10.666783332824707,,,
,,98149,,,,,,230.24392127990723,,,,,
,,98149,,,,,5.424737930297852,,,,,,
62,,98149,,,,,,,25843.23828125,-11.20004653930664,,,
,,98199,,,,,,229.71773147583008,,,,,
,,98199,,,,,22.81975746154785,,,,,,
62,,98199,,,,,,,25864.23828125,-10.788819313049316,,,
,,98249,,,,,,232.96070098876953,,,,,
,,98249,,,,,5.136728286743164,,,,,,
62,,98249,,,,,,,25665.419921875,-11.065373420715332,,,
,,98299,,,,,,241.6989803314209,,,,,
,,98299,,,,,23.790359497070312,,,,,,
62,,98299,,,,,,,25775.3515625,-10.807482719421387,,,
,,98349,,,,,,241.95122718811035,,,,,
,,98349,,,,,6.006002426147461,,,,,,
62,,98349,,,,,,,25732.26953125,-10.921527862548828,,,
,,98399,,,,,,246.3386058807373,,,,,
,,98399,,,,,24.23262596130371,,,,,,
62,,98399,,,,,,,25845.72265625,-11.112140655517578,,,
,,98449,,,,,,238.75117301940918,,,,,
,,98449,,,,,5.753278732299805,,,,,,
62,,98449,,,,,,,25779.359375,-11.002253532409668,,,
62,,98468,,,,,,,,,-10.501350402832031,-10.621394157409668,-11.019532203674316
,,98469,,,,419.30352115631104,,,,,,,
,0.0003,98469,,,,,,,,,,,
,,98499,,,,,,240.55027961730957,,,,,
,,98499,,,,,25.418519973754883,,,,,,
63,,98499,,,,,,,25906.3203125,-11.18549633026123,,,
,,98549,,,,,,248.1517791748047,,,,,
,,98549,,,,,5.911827087402344,,,,,,
63,,98549,,,,,,,25869.330078125,-10.830520629882812,,,
,,98599,,,,,,245.37158012390137,,,,,
,,98599,,,,,27.48727798461914,,,,,,
63,,98599,,,,,,,25846.291015625,-11.222878456115723,,,
,,98649,,,,,,246.5684413909912,,,,,
,,98649,,,,,6.274223327636719,,,,,,
63,,98649,,,,,,,25822.26171875,-10.968393325805664,,,
,,98699,,,,,,245.11218070983887,,,,,
,,98699,,,,,24.008750915527344,,,,,,
63,,98699,,,,,,,25855.392578125,-11.016868591308594,,,
,,98749,,,,,,247.9689121246338,,,,,
,,98749,,,,,5.8422088623046875,,,,,,
63,,98749,,,,,,,25820.953125,-11.031740188598633,,,
,,98799,,,,,,243.2706356048584,,,,,
,,98799,,,,,28.478145599365234,,,,,,
63,,98799,,,,,,,25646.39453125,-10.955449104309082,,,
,,98849,,,,,,245.42880058288574,,,,,
,,98849,,,,,5.253314971923828,,,,,,
63,,98849,,,,,,,25729.435546875,-11.038453102111816,,,
,,98899,,,,,,247.30587005615234,,,,,
,,98899,,,,,24.89495277404785,,,,,,
63,,98899,,,,,,,25862.078125,-11.054975509643555,,,
,,98949,,,,,,241.55163764953613,,,,,
,,98949,,,,,5.667924880981445,,,,,,
63,,98949,,,,,,,25734.04296875,-11.168341636657715,,,
,,98999,,,,,,240.22412300109863,,,,,
,,98999,,,,,25.262117385864258,,,,,,
63,,98999,,,,,,,25936.4453125,-10.750346183776855,,,
,,99049,,,,,,241.61124229431152,,,,,
,,99049,,,,,6.541252136230469,,,,,,
63,,99049,,,,,,,25741.171875,-10.978816032409668,,,
,,99099,,,,,,240.3857707977295,,,,,
,,99099,,,,,23.945331573486328,,,,,,
63,,99099,,,,,,,25649.251953125,-10.815363883972168,,,
,,99149,,,,,,241.03069305419922,,,,,
,,99149,,,,,5.67173957824707,,,,,,
63,,99149,,,,,,,25937.326171875,-11.094616889953613,,,
,,99199,,,,,,242.74969100952148,,,,,
,,99199,,,,,26.11827850341797,,,,,,
63,,99199,,,,,,,25941.244140625,-10.954577445983887,,,
,,99249,,,,,,240.43560028076172,,,,,
,,99249,,,,,6.3877105712890625,,,,,,
63,,99249,,,,,,,25837.8984375,-11.124472618103027,,,
,,99299,,,,,,248.31199645996094,,,,,
,,99299,,,,,30.834197998046875,,,,,,
63,,99299,,,,,,,25759.115234375,-11.08852767944336,,,
,,99349,,,,,,229.63380813598633,,,,,
,,99349,,,,,5.260944366455078,,,,,,
63,,99349,,,,,,,25861.037109375,-10.929726600646973,,,
,,99399,,,,,,228.9574146270752,,,,,
,,99399,,,,,23.379802703857422,,,,,,
63,,99399,,,,,,,25991.578125,-11.147381782531738,,,
,,99449,,,,,,244.89355087280273,,,,,
,,99449,,,,,6.870746612548828,,,,,,
63,,99449,,,,,,,25908.138671875,-11.024169921875,,,
,,99499,,,,,,242.09165573120117,,,,,
,,99499,,,,,25.237560272216797,,,,,,
63,,99499,,,,,,,25968.779296875,-10.877887725830078,,,
,,99549,,,,,,241.0714626312256,,,,,
,,99549,,,,,7.649421691894531,,,,,,
63,,99549,,,,,,,25783.509765625,-10.94144344329834,,,
,,99599,,,,,,233.43467712402344,,,,,
,,99599,,,,,23.563385009765625,,,,,,
63,,99599,,,,,,,25791.578125,-11.210925102233887,,,
,,99649,,,,,,237.67352104187012,,,,,
,,99649,,,,,5.620718002319336,,,,,,
63,,99649,,,,,,,26091.58984375,-11.180211067199707,,,
,,99699,,,,,,232.89084434509277,,,,,
,,99699,,,,,24.67060089111328,,,,,,
63,,99699,,,,,,,25698.388671875,-11.17069149017334,,,
,,99749,,,,,,239.7608757019043,,,,,
,,99749,,,,,5.574226379394531,,,,,,
63,,99749,,,,,,,25824.58984375,-10.98621654510498,,,
,,99799,,,,,,246.65403366088867,,,,,
,,99799,,,,,23.2999324798584,,,,,,
63,,99799,,,,,,,25879.078125,-10.812780380249023,,,
,,99849,,,,,,240.3714656829834,,,,,
,,99849,,,,,5.4225921630859375,,,,,,
63,,99849,,,,,,,25757.16015625,-10.718942642211914,,,
,,99899,,,,,,240.40675163269043,,,,,
,,99899,,,,,23.65398406982422,,,,,,
63,,99899,,,,,,,25928.2734375,-11.042043685913086,,,
,,99949,,,,,,240.4630184173584,,,,,
,,99949,,,,,5.32221794128418,,,,,,
63,,99949,,,,,,,25783.78515625,-10.991567611694336,,,
,,99999,,,,,,245.82648277282715,,,,,
,,99999,,,,,23.218631744384766,,,,,,
63,,99999,,,,,,,25741.15625,-11.085433959960938,,,
63,,100031,,,,,,,,,-10.500688552856445,-10.618131637573242,-11.01406192779541
,,100032,,,,422.6568386554718,,,,,,,
,0.0003,100032,,,,,,,,,,,
,,100049,,,,,,227.25605964660645,,,,,
,,100049,,,,,6.547689437866211,,,,,,
64,,100049,,,,,,,25864.419921875,-10.87890625,,,
,,100099,,,,,,223.76108169555664,,,,,
,,100099,,,,,22.54462242126465,,,,,,
64,,100099,,,,,,,25816.46484375,-11.038748741149902,,,
,,100149,,,,,,222.991943359375,,,,,
,,100149,,,,,4.500389099121094,,,,,,
64,,100149,,,,,,,25851.708984375,-10.825798034667969,,,
,,100199,,,,,,225.01087188720703,,,,,
,,100199,,,,,23.263931274414062,,,,,,
64,,100199,,,,,,,25650.1953125,-11.061518669128418,,,
,,100249,,,,,,248.77429008483887,,,,,
,,100249,,,,,6.821632385253906,,,,,,
64,,100249,,,,,,,25868.2421875,-11.150470733642578,,,
,,100299,,,,,,251.27339363098145,,,,,
,,100299,,,,,25.688886642456055,,,,,,
64,,100299,,,,,,,25772.775390625,-10.744890213012695,,,
,,100349,,,,,,239.69316482543945,,,,,
,,100349,,,,,5.499124526977539,,,,,,
64,,100349,,,,,,,25491.3828125,-10.986262321472168,,,
,,100399,,,,,,238.65866661071777,,,,,
,,100399,,,,,23.288488388061523,,,,,,
64,,100399,,,,,,,25795.541015625,-11.048149108886719,,,
,,100449,,,,,,240.43536186218262,,,,,
,,100449,,,,,5.7315826416015625,,,,,,
64,,100449,,,,,,,26010.74609375,-11.038654327392578,,,
,,100499,,,,,,243.00432205200195,,,,,
,,100499,,,,,23.30923080444336,,,,,,
64,,100499,,,,,,,26031.86328125,-10.925725936889648,,,
,,100549,,,,,,245.45836448669434,,,,,
,,100549,,,,,5.913019180297852,,,,,,
64,,100549,,,,,,,25683.291015625,-10.764691352844238,,,
,,100599,,,,,,226.48024559020996,,,,,
,,100599,,,,,23.178815841674805,,,,,,
64,,100599,,,,,,,25844.15234375,-11.032915115356445,,,
,,100649,,,,,,231.0011386871338,,,,,
,,100649,,,,,4.741430282592773,,,,,,
64,,100649,,,,,,,26002.87109375,-10.820183753967285,,,
,,100699,,,,,,224.24864768981934,,,,,
,,100699,,,,,23.000478744506836,,,,,,
64,,100699,,,,,,,25946.685546875,-10.861984252929688,,,
,,100749,,,,,,224.24840927124023,,,,,
,,100749,,,,,3.82232666015625,,,,,,
64,,100749,,,,,,,25712.326171875,-10.890700340270996,,,
,,100799,,,,,,223.37865829467773,,,,,
,,100799,,,,,22.094011306762695,,,,,,
64,,100799,,,,,,,25875.01171875,-11.49920654296875,,,
,,100849,,,,,,226.06611251831055,,,,,
,,100849,,,,,5.657672882080078,,,,,,
64,,100849,,,,,,,25935.724609375,-11.01181411743164,,,
,,100899,,,,,,223.41537475585938,,,,,
,,100899,,,,,22.391080856323242,,,,,,
64,,100899,,,,,,,25801.197265625,-10.897871017456055,,,
,,100949,,,,,,225.35324096679688,,,,,
,,100949,,,,,3.919363021850586,,,,,,
64,,100949,,,,,,,25827.328125,-10.917939186096191,,,
,,100999,,,,,,225.52824020385742,,,,,
,,100999,,,,,21.906375885009766,,,,,,
64,,100999,,,,,,,25619.60546875,-11.163002967834473,,,
,,101049,,,,,,219.9256420135498,,,,,
,,101049,,,,,3.412008285522461,,,,,,
64,,101049,,,,,,,25990.92578125,-10.997480392456055,,,
,,101099,,,,,,217.2691822052002,,,,,
,,101099,,,,,21.67677879333496,,,,,,
64,,101099,,,,,,,25884.68359375,-11.005834579467773,,,
,,101149,,,,,,217.390775680542,,,,,
,,101149,,,,,3.4935474395751953,,,,,,
64,,101149,,,,,,,25792.595703125,-11.241742134094238,,,
,,101199,,,,,,222.72419929504395,,,,,
,,101199,,,,,21.291255950927734,,,,,,
64,,101199,,,,,,,25867.849609375,-11.045114517211914,,,
,,101249,,,,,,220.20602226257324,,,,,
,,101249,,,,,3.561258316040039,,,,,,
64,,101249,,,,,,,25993.28125,-10.908679008483887,,,
,,101299,,,,,,224.54357147216797,,,,,
,,101299,,,,,21.87037467956543,,,,,,
64,,101299,,,,,,,25836.3359375,-11.030287742614746,,,
,,101349,,,,,,221.28009796142578,,,,,
,,101349,,,,,3.459930419921875,,,,,,
64,,101349,,,,,,,25737.8046875,-10.90761947631836,,,
,,101399,,,,,,219.63739395141602,,,,,
,,101399,,,,,21.285057067871094,,,,,,
64,,101399,,,,,,,25751.3984375,-10.795621871948242,,,
,,101449,,,,,,219.4499969482422,,,,,
,,101449,,,,,3.5610198974609375,,,,,,
64,,101449,,,,,,,25723.9921875,-10.963122367858887,,,
,,101499,,,,,,223.21581840515137,,,,,
,,101499,,,,,24.373769760131836,,,,,,
64,,101499,,,,,,,25739.890625,-11.028307914733887,,,
,,101549,,,,,,243.12853813171387,,,,,
,,101549,,,,,7.28297233581543,,,,,,
64,,101549,,,,,,,25882.453125,-11.2581148147583,,,
64,,101594,,,,,,,,,-10.504108428955078,-10.622767448425293,-11.027141571044922
,,101595,,,,401.9537093639374,,,,,,,
,0.0003,101595,,,,,,,,,,,
,,101599,,,,,,244.04644966125488,,,,,
,,101599,,,,,27.20928192138672,,,,,,
65,,101599,,,,,,,25752.0859375,-11.02944564819336,,,
,,101649,,,,,,245.98145484924316,,,,,
,,101649,,,,,7.19904899597168,,,,,,
65,,101649,,,,,,,25843.39453125,-11.17018985748291,,,
,,101699,,,,,,239.83287811279297,,,,,
,,101699,,,,,25.912761688232422,,,,,,
65,,101699,,,,,,,25835.755859375,-11.109885215759277,,,
,,101749,,,,,,243.668794631958,,,,,
,,101749,,,,,6.649494171142578,,,,,,
65,,101749,,,,,,,25713.625,-11.236638069152832,,,
,,101799,,,,,,242.10023880004883,,,,,
,,101799,,,,,27.387619018554688,,,,,,
65,,101799,,,,,,,25860.064453125,-11.10386848449707,,,
,,101849,,,,,,241.61577224731445,,,,,
,,101849,,,,,7.168292999267578,,,,,,
65,,101849,,,,,,,25877.1796875,-10.9466552734375,,,
,,101899,,,,,,250.30851364135742,,,,,
,,101899,,,,,25.156259536743164,,,,,,
65,,101899,,,,,,,25769.80859375,-11.064451217651367,,,
,,101949,,,,,,245.55492401123047,,,,,
,,101949,,,,,7.018327713012695,,,,,,
65,,101949,,,,,,,25868.328125,-11.06950569152832,,,
,,101999,,,,,,240.2505874633789,,,,,
,,101999,,,,,28.60856056213379,,,,,,
65,,101999,,,,,,,25888.81640625,-10.851907730102539,,,
,,102049,,,,,,245.57876586914062,,,,,
,,102049,,,,,7.002592086791992,,,,,,
65,,102049,,,,,,,25719.5625,-11.003706932067871,,,
,,102099,,,,,,248.50153923034668,,,,,
,,102099,,,,,26.38077735900879,,,,,,
65,,102099,,,,,,,25825.255859375,-10.831025123596191,,,
,,102149,,,,,,243.07703971862793,,,,,
,,102149,,,,,6.971597671508789,,,,,,
65,,102149,,,,,,,25740.5859375,-10.972390174865723,,,
,,102199,,,,,,241.97125434875488,,,,,
,,102199,,,,,24.799346923828125,,,,,,
65,,102199,,,,,,,25958.625,-10.927721977233887,,,
,,102249,,,,,,245.7265853881836,,,,,
,,102249,,,,,6.90007209777832,,,,,,
65,,102249,,,,,,,25799.896484375,-10.97912311553955,,,
,,102299,,,,,,245.39828300476074,,,,,
,,102299,,,,,25.750398635864258,,,,,,
65,,102299,,,,,,,25953.015625,-10.962468147277832,,,
,,102349,,,,,,241.79625511169434,,,,,
,,102349,,,,,7.797718048095703,,,,,,
65,,102349,,,,,,,25818.6015625,-11.109400749206543,,,
,,102399,,,,,,242.3267364501953,,,,,
,,102399,,,,,24.82891082763672,,,,,,
65,,102399,,,,,,,25953.888671875,-11.05929946899414,,,
,,102449,,,,,,248.98576736450195,,,,,
,,102449,,,,,7.998943328857422,,,,,,
65,,102449,,,,,,,25980.265625,-11.388667106628418,,,
,,102499,,,,,,241.04928970336914,,,,,
,,102499,,,,,25.480031967163086,,,,,,
65,,102499,,,,,,,25735.69921875,-10.785390853881836,,,
,,102549,,,,,,225.5990505218506,,,,,
,,102549,,,,,4.479169845581055,,,,,,
65,,102549,,,,,,,25976.12109375,-11.128174781799316,,,
,,102599,,,,,,228.43456268310547,,,,,
,,102599,,,,,23.510217666625977,,,,,,
65,,102599,,,,,,,25907.8828125,-11.025029182434082,,,
,,102649,,,,,,227.4308204650879,,,,,
,,102649,,,,,4.340410232543945,,,,,,
65,,102649,,,,,,,25709.826171875,-10.950881958007812,,,
,,102699,,,,,,223.1576442718506,,,,,
,,102699,,,,,22.43351936340332,,,,,,
65,,102699,,,,,,,25937.228515625,-10.898205757141113,,,
,,102749,,,,,,222.25522994995117,,,,,
,,102749,,,,,4.044532775878906,,,,,,
65,,102749,,,,,,,25839.69140625,-11.203733444213867,,,
,,102799,,,,,,248.612642288208,,,,,
,,102799,,,,,23.890018463134766,,,,,,
65,,102799,,,,,,,25705.71875,-11.106035232543945,,,
,,102849,,,,,,244.9336051940918,,,,,
,,102849,,,,,5.676507949829102,,,,,,
65,,102849,,,,,,,25894.58203125,-10.702092170715332,,,
,,102899,,,,,,242.8586483001709,,,,,
,,102899,,,,,23.32472801208496,,,,,,
65,,102899,,,,,,,25775.94140625,-10.863347053527832,,,
,,102949,,,,,,241.7445182800293,,,,,
,,102949,,,,,5.655050277709961,,,,,,
65,,102949,,,,,,,25805.509765625,-10.672752380371094,,,
,,102999,,,,,,239.8664951324463,,,,,
,,102999,,,,,23.734331130981445,,,,,,
65,,102999,,,,,,,25762.3515625,-11.063810348510742,,,
,,103049,,,,,,239.70603942871094,,,,,
,,103049,,,,,5.563020706176758,,,,,,
65,,103049,,,,,,,25735.36328125,-10.973405838012695,,,
,,103099,,,,,,239.71247673034668,,,,,
,,103099,,,,,23.493289947509766,,,,,,
65,,103099,,,,,,,25816.82421875,-10.93709659576416,,,
,,103149,,,,,,240.71049690246582,,,,,
,,103149,,,,,6.003618240356445,,,,,,
65,,103149,,,,,,,26094.0234375,-10.99407958984375,,,
65,,103157,,,,,,,,,-10.498729705810547,-10.614895820617676,-11.010798454284668
,,103158,,,,423.96112632751465,,,,,,,
,0.0003,103158,,,,,,,,,,,
,,103199,,,,,,237.4591827392578,,,,,
,,103199,,,,,23.62227439880371,,,,,,
66,,103199,,,,,,,25721.1171875,-11.027863502502441,,,
,,103249,,,,,,241.96457862854004,,,,,
,,103249,,,,,5.5866241455078125,,,,,,
66,,103249,,,,,,,25833.50390625,-11.107824325561523,,,
,,103299,,,,,,240.53382873535156,,,,,
,,103299,,,,,22.899150848388672,,,,,,
66,,103299,,,,,,,25841.998046875,-11.398695945739746,,,
,,103349,,,,,,244.28200721740723,,,,,
,,103349,,,,,6.232261657714844,,,,,,
66,,103349,,,,,,,25742.66796875,-10.91043472290039,,,
,,103399,,,,,,240.2489185333252,,,,,
,,103399,,,,,23.363113403320312,,,,,,
66,,103399,,,,,,,25705.634765625,-11.028117179870605,,,
,,103449,,,,,,256.988525390625,,,,,
,,103449,,,,,7.605314254760742,,,,,,
66,,103449,,,,,,,25904.9609375,-11.22991943359375,,,
,,103499,,,,,,248.9166259765625,,,,,
,,103499,,,,,26.388168334960938,,,,,,
66,,103499,,,,,,,25886.37109375,-11.040900230407715,,,
,,103549,,,,,,249.13620948791504,,,,,
,,103549,,,,,7.160186767578125,,,,,,
66,,103549,,,,,,,25916.37890625,-10.9253511428833,,,
,,103599,,,,,,253.42535972595215,,,,,
,,103599,,,,,26.514768600463867,,,,,,
66,,103599,,,,,,,25814.83203125,-11.15507984161377,,,
,,103649,,,,,,256.20555877685547,,,,,
,,103649,,,,,6.273746490478516,,,,,,
66,,103649,,,,,,,25749.69921875,-11.033164024353027,,,
,,103699,,,,,,252.85911560058594,,,,,
,,103699,,,,,26.450157165527344,,,,,,
66,,103699,,,,,,,25772.298828125,-10.917787551879883,,,
,,103749,,,,,,247.9088306427002,,,,,
,,103749,,,,,6.298303604125977,,,,,,
66,,103749,,,,,,,26062.75390625,-10.851350784301758,,,
,,103799,,,,,,239.08495903015137,,,,,
,,103799,,,,,25.383710861206055,,,,,,
66,,103799,,,,,,,25992.7578125,-11.109161376953125,,,
,,103849,,,,,,223.21248054504395,,,,,
,,103849,,,,,4.367828369140625,,,,,,
66,,103849,,,,,,,25812.19140625,-11.01476764678955,,,
,,103899,,,,,,222.13149070739746,,,,,
,,103899,,,,,21.85964584350586,,,,,,
66,,103899,,,,,,,25909.470703125,-11.357658386230469,,,
,,103949,,,,,,225.21543502807617,,,,,
,,103949,,,,,4.607915878295898,,,,,,
66,,103949,,,,,,,25903.05078125,-11.017189979553223,,,
,,103999,,,,,,242.5251007080078,,,,,
,,103999,,,,,26.16715431213379,,,,,,
66,,103999,,,,,,,25980.951171875,-11.27161693572998,,,
,,104049,,,,,,243.2572841644287,,,,,
,,104049,,,,,7.223844528198242,,,,,,
66,,104049,,,,,,,25694.931640625,-10.902341842651367,,,
,,104099,,,,,,242.5694465637207,,,,,
,,104099,,,,,25.522708892822266,,,,,,
66,,104099,,,,,,,25800.583984375,-11.100287437438965,,,
,,104149,,,,,,242.27070808410645,,,,,
,,104149,,,,,7.58051872253418,,,,,,
66,,104149,,,,,,,25891.05078125,-10.891375541687012,,,
,,104199,,,,,,246.15049362182617,,,,,
,,104199,,,,,28.671741485595703,,,,,,
66,,104199,,,,,,,25639.375,-11.02010440826416,,,
,,104249,,,,,,241.74046516418457,,,,,
,,104249,,,,,6.519794464111328,,,,,,
66,,104249,,,,,,,25961.18359375,-11.052464485168457,,,
,,104299,,,,,,240.60916900634766,,,,,
,,104299,,,,,27.7254581451416,,,,,,
66,,104299,,,,,,,25957.001953125,-11.128788948059082,,,
,,104349,,,,,,241.49203300476074,,,,,
,,104349,,,,,6.592273712158203,,,,,,
66,,104349,,,,,,,25974.3203125,-11.135452270507812,,,
,,104399,,,,,,238.15417289733887,,,,,
,,104399,,,,,28.725147247314453,,,,,,
66,,104399,,,,,,,25708.078125,-10.99411392211914,,,
,,104449,,,,,,239.78590965270996,,,,,
,,104449,,,,,7.4062347412109375,,,,,,
66,,104449,,,,,,,25602.107421875,-11.109597206115723,,,
,,104499,,,,,,247.27201461791992,,,,,
,,104499,,,,,26.64804458618164,,,,,,
66,,104499,,,,,,,25922.380859375,-11.354605674743652,,,
,,104549,,,,,,242.74945259094238,,,,,
,,104549,,,,,8.008480072021484,,,,,,
66,,104549,,,,,,,25812.21484375,-11.00335693359375,,,
,,104599,,,,,,251.78074836730957,,,,,
,,104599,,,,,25.197982788085938,,,,,,
66,,104599,,,,,,,25813.78125,-10.76644515991211,,,
,,104649,,,,,,255.0523281097412,,,,,
,,104649,,,,,7.168292999267578,,,,,,
66,,104649,,,,,,,25890.32421875,-10.864142417907715,,,
,,104699,,,,,,222.4597930908203,,,,,
,,104699,,,,,22.99022674560547,,,,,,
66,,104699,,,,,,,25966.35546875,-10.90816879272461,,,
66,,104720,,,,,,,,,-10.496536254882812,-10.611664772033691,-11.000883102416992
,,104721,,,,428.2204239368439,,,,,,,
,0.0003,104721,,,,,,,,,,,
,,104749,,,,,,242.12145805358887,,,,,
,,104749,,,,,7.170200347900391,,,,,,
67,,104749,,,,,,,25902.751953125,-10.964417457580566,,,
,,104799,,,,,,245.26071548461914,,,,,
,,104799,,,,,26.506900787353516,,,,,,
67,,104799,,,,,,,25908.7265625,-10.971149444580078,,,
,,104849,,,,,,249.22657012939453,,,,,
,,104849,,,,,7.616758346557617,,,,,,
67,,104849,,,,,,,25989.03515625,-11.065631866455078,,,
,,104899,,,,,,245.85199356079102,,,,,
,,104899,,,,,26.247024536132812,,,,,,
67,,104899,,,,,,,25869.78125,-10.931509971618652,,,
,,104949,,,,,,241.81413650512695,,,,,
,,104949,,,,,7.147789001464844,,,,,,
67,,104949,,,,,,,25836.4921875,-11.0626220703125,,,
,,104999,,,,,,247.05934524536133,,,,,
,,104999,,,,,25.72798728942871,,,,,,
67,,104999,,,,,,,25969.853515625,-10.671798706054688,,,
,,105049,,,,,,254.73833084106445,,,,,
,,105049,,,,,7.250308990478516,,,,,,
67,,105049,,,,,,,25724.751953125,-11.067581176757812,,,
,,105099,,,,,,240.7245635986328,,,,,
,,105099,,,,,28.68175506591797,,,,,,
67,,105099,,,,,,,25982.505859375,-11.046426773071289,,,
,,105149,,,,,,244.05479431152344,,,,,
,,105149,,,,,7.309913635253906,,,,,,
67,,105149,,,,,,,25902.076171875,-10.760541915893555,,,
,,105199,,,,,,224.44653511047363,,,,,
,,105199,,,,,22.26710319519043,,,,,,
67,,105199,,,,,,,25757.29296875,-10.904139518737793,,,
,,105249,,,,,,232.22589492797852,,,,,
,,105249,,,,,4.431486129760742,,,,,,
67,,105249,,,,,,,25855.353515625,-11.13338565826416,,,
,,105299,,,,,,243.1507110595703,,,,,
,,105299,,,,,25.490522384643555,,,,,,
67,,105299,,,,,,,25895.390625,-10.849133491516113,,,
,,105349,,,,,,229.42757606506348,,,,,
,,105349,,,,,4.141569137573242,,,,,,
67,,105349,,,,,,,25794.16796875,-10.886994361877441,,,
,,105399,,,,,,220.34430503845215,,,,,
,,105399,,,,,22.4912166595459,,,,,,
67,,105399,,,,,,,25825.787109375,-11.135113716125488,,,
,,105449,,,,,,220.91078758239746,,,,,
,,105449,,,,,3.9603710174560547,,,,,,
67,,105449,,,,,,,25863.333984375,-11.018752098083496,,,
,,105499,,,,,,224.0293025970459,,,,,
,,105499,,,,,21.95000648498535,,,,,,
67,,105499,,,,,,,25781.6015625,-10.819519996643066,,,
,,105549,,,,,,220.01028060913086,,,,,
,,105549,,,,,3.782987594604492,,,,,,
67,,105549,,,,,,,25851.927734375,-11.023576736450195,,,
,,105599,,,,,,226.91965103149414,,,,,
,,105599,,,,,21.75164222717285,,,,,,
67,,105599,,,,,,,25872.828125,-10.819902420043945,,,
,,105649,,,,,,244.11678314208984,,,,,
,,105649,,,,,5.908727645874023,,,,,,
67,,105649,,,,,,,25640.60546875,-11.010848999023438,,,
,,105699,,,,,,246.6752529144287,,,,,
,,105699,,,,,24.470090866088867,,,,,,
67,,105699,,,,,,,26101.318359375,-10.890792846679688,,,
,,105749,,,,,,252.90441513061523,,,,,
,,105749,,,,,6.106853485107422,,,,,,
67,,105749,,,,,,,26032.99609375,-11.13022518157959,,,
,,105799,,,,,,247.26557731628418,,,,,
,,105799,,,,,24.40786361694336,,,,,,
67,,105799,,,,,,,25918.169921875,-10.950715065002441,,,
,,105849,,,,,,249.08685684204102,,,,,
,,105849,,,,,6.526708602905273,,,,,,
67,,105849,,,,,,,25823.484375,-10.863272666931152,,,
,,105899,,,,,,249.75013732910156,,,,,
,,105899,,,,,25.508642196655273,,,,,,
67,,105899,,,,,,,25959.32421875,-10.948254585266113,,,
,,105949,,,,,,237.4420166015625,,,,,
,,105949,,,,,4.602909088134766,,,,,,
67,,105949,,,,,,,25911.8046875,-10.803088188171387,,,
,,105999,,,,,,246.1414337158203,,,,,
,,105999,,,,,25.855064392089844,,,,,,
67,,105999,,,,,,,25953.693359375,-11.045695304870605,,,
,,106049,,,,,,239.99404907226562,,,,,
,,106049,,,,,5.162954330444336,,,,,,
67,,106049,,,,,,,25888.138671875,-11.004850387573242,,,
,,106099,,,,,,241.08362197875977,,,,,
,,106099,,,,,23.37050437927246,,,,,,
67,,106099,,,,,,,26058.41796875,-11.15353775024414,,,
,,106149,,,,,,238.6767864227295,,,,,
,,106149,,,,,5.394935607910156,,,,,,
67,,106149,,,,,,,25829.462890625,-10.90068244934082,,,
,,106199,,,,,,242.2168254852295,,,,,
,,106199,,,,,24.90091323852539,,,,,,
67,,106199,,,,,,,25927.357421875,-11.252592086791992,,,
,,106249,,,,,,236.1922264099121,,,,,
,,106249,,,,,5.447864532470703,,,,,,
67,,106249,,,,,,,25930.91796875,-10.754921913146973,,,
67,,106283,,,,,,,,,-10.501410484313965,-10.62431526184082,-11.017635345458984
,,106284,,,,418.08196926116943,,,,,,,
,0.0003,106284,,,,,,,,,,,
,,106299,,,,,,238.6324405670166,,,,,
,,106299,,,,,23.22554588317871,,,,,,
68,,106299,,,,,,,25900.96875,-11.117189407348633,,,
,,106349,,,,,,243.80207061767578,,,,,
,,106349,,,,,5.67936897277832,,,,,,
68,,106349,,,,,,,25897.2890625,-10.995405197143555,,,
,,106399,,,,,,237.78104782104492,,,,,
,,106399,,,,,23.758649826049805,,,,,,
68,,106399,,,,,,,25837.77734375,-11.02911376953125,,,
,,106449,,,,,,237.66398429870605,,,,,
,,106449,,,,,5.628824234008789,,,,,,
68,,106449,,,,,,,25790.59375,-11.031460762023926,,,
,,106499,,,,,,238.19875717163086,,,,,
,,106499,,,,,26.908397674560547,,,,,,
68,,106499,,,,,,,26016.474609375,-11.222466468811035,,,
,,106549,,,,,,241.89066886901855,,,,,
,,106549,,,,,5.5789947509765625,,,,,,
68,,106549,,,,,,,25840.0859375,-10.756691932678223,,,
,,106599,,,,,,241.19329452514648,,,,,
,,106599,,,,,24.890661239624023,,,,,,
68,,106599,,,,,,,25915.01171875,-10.858600616455078,,,
,,106649,,,,,,240.76437950134277,,,,,
,,106649,,,,,5.493879318237305,,,,,,
68,,106649,,,,,,,25963.484375,-11.039328575134277,,,
,,106699,,,,,,244.16184425354004,,,,,
,,106699,,,,,28.020620346069336,,,,,,
68,,106699,,,,,,,25867.041015625,-10.824952125549316,,,
,,106749,,,,,,241.2092685699463,,,,,
,,106749,,,,,4.713535308837891,,,,,,
68,,106749,,,,,,,25886.548828125,-11.088422775268555,,,
,,106799,,,,,,242.08998680114746,,,,,
,,106799,,,,,25.770902633666992,,,,,,
68,,106799,,,,,,,25712.927734375,-10.978742599487305,,,
,,106849,,,,,,232.99813270568848,,,,,
,,106849,,,,,5.390167236328125,,,,,,
68,,106849,,,,,,,25895.73828125,-11.150943756103516,,,
,,106899,,,,,,238.38114738464355,,,,,
,,106899,,,,,23.58555793762207,,,,,,
68,,106899,,,,,,,25738.18359375,-11.132259368896484,,,
,,106949,,,,,,238.07382583618164,,,,,
,,106949,,,,,4.206180572509766,,,,,,
68,,106949,,,,,,,25988.49609375,-11.127897262573242,,,
,,106999,,,,,,237.50877380371094,,,,,
,,106999,,,,,27.059316635131836,,,,,,
68,,106999,,,,,,,25936.419921875,-11.14193058013916,,,
,,107049,,,,,,249.3734359741211,,,,,
,,107049,,,,,5.801200866699219,,,,,,
68,,107049,,,,,,,25819.18359375,-11.198217391967773,,,
,,107099,,,,,,243.6525821685791,,,,,
,,107099,,,,,25.18630027770996,,,,,,
68,,107099,,,,,,,25994.53515625,-10.874682426452637,,,
,,107149,,,,,,239.38465118408203,,,,,
,,107149,,,,,5.538225173950195,,,,,,
68,,107149,,,,,,,25822.564453125,-10.87635326385498,,,
,,107199,,,,,,242.78521537780762,,,,,
,,107199,,,,,24.6429443359375,,,,,,
68,,107199,,,,,,,25895.71875,-10.582541465759277,,,
,,107249,,,,,,243.4372901916504,,,,,
,,107249,,,,,5.638837814331055,,,,,,
68,,107249,,,,,,,25808.330078125,-10.833139419555664,,,
,,107299,,,,,,245.67341804504395,,,,,
,,107299,,,,,27.196884155273438,,,,,,
68,,107299,,,,,,,25913.841796875,-10.956918716430664,,,
,,107349,,,,,,239.60137367248535,,,,,
,,107349,,,,,5.421876907348633,,,,,,
68,,107349,,,,,,,25830.21875,-10.906573295593262,,,
,,107399,,,,,,233.92319679260254,,,,,
,,107399,,,,,25.23064613342285,,,,,,
68,,107399,,,,,,,25765.4609375,-10.991153717041016,,,
,,107449,,,,,,238.61455917358398,,,,,
,,107449,,,,,5.211591720581055,,,,,,
68,,107449,,,,,,,25867.03515625,-10.84768009185791,,,
,,107499,,,,,,242.97475814819336,,,,,
,,107499,,,,,25.44546127319336,,,,,,
68,,107499,,,,,,,25917.2421875,-10.947996139526367,,,
,,107549,,,,,,243.0884838104248,,,,,
,,107549,,,,,5.325794219970703,,,,,,
68,,107549,,,,,,,25982.857421875,-11.190896034240723,,,
,,107599,,,,,,243.13640594482422,,,,,
,,107599,,,,,24.264097213745117,,,,,,
68,,107599,,,,,,,25810.046875,-10.917399406433105,,,
,,107649,,,,,,239.81308937072754,,,,,
,,107649,,,,,5.004644393920898,,,,,,
68,,107649,,,,,,,25874.017578125,-11.273085594177246,,,
,,107699,,,,,,244.58742141723633,,,,,
,,107699,,,,,25.012493133544922,,,,,,
68,,107699,,,,,,,25836.255859375,-10.782072067260742,,,
,,107749,,,,,,246.8862533569336,,,,,
,,107749,,,,,6.196022033691406,,,,,,
68,,107749,,,,,,,25895.69921875,-10.933584213256836,,,
,,107799,,,,,,244.40550804138184,,,,,
,,107799,,,,,24.90401268005371,,,,,,
68,,107799,,,,,,,25977.73828125,-11.093499183654785,,,
68,,107846,,,,,,,,,-10.497288703918457,-10.614248275756836,-11.004693984985352
,,107847,,,,422.138840675354,,,,,,,
,0.0003,107847,,,,,,,,,,,
,,107849,,,,,,233.7052822113037,,,,,
,,107849,,,,,5.776405334472656,,,,,,
69,,107849,,,,,,,26096.62890625,-11.167604446411133,,,
,,107899,,,,,,240.78965187072754,,,,,
,,107899,,,,,26.61418914794922,,,,,,
69,,107899,,,,,,,25986.0234375,-10.818018913269043,,,
,,107949,,,,,,237.61320114135742,,,,,
,,107949,,,,,4.865407943725586,,,,,,
69,,107949,,,,,,,25870.89453125,-10.912665367126465,,,
,,107999,,,,,,242.35939979553223,,,,,
,,107999,,,,,23.514270782470703,,,,,,
69,,107999,,,,,,,25865.453125,-11.233443260192871,,,
,,108049,,,,,,242.38085746765137,,,,,
,,108049,,,,,5.326986312866211,,,,,,
69,,108049,,,,,,,25908.07421875,-10.952338218688965,,,
,,108099,,,,,,243.4673309326172,,,,,
,,108099,,,,,25.47478675842285,,,,,,
69,,108099,,,,,,,25754.712890625,-10.765920639038086,,,
,,108149,,,,,,243.86191368103027,,,,,
,,108149,,,,,5.49769401550293,,,,,,
69,,108149,,,,,,,25786.15625,-11.080018997192383,,,
,,108199,,,,,,241.0876750946045,,,,,
,,108199,,,,,24.943113327026367,,,,,,
69,,108199,,,,,,,25897.01171875,-10.842988967895508,,,
,,108249,,,,,,240.27729034423828,,,,,
,,108249,,,,,5.52821159362793,,,,,,
69,,108249,,,,,,,25642.16015625,-11.05224323272705,,,
,,108299,,,,,,238.57736587524414,,,,,
,,108299,,,,,25.526762008666992,,,,,,
69,,108299,,,,,,,25901.392578125,-11.146215438842773,,,
,,108349,,,,,,248.26288223266602,,,,,
,,108349,,,,,5.55419921875,,,,,,
69,,108349,,,,,,,26002.63671875,-10.808367729187012,,,
,,108399,,,,,,231.16159439086914,,,,,
,,108399,,,,,24.277448654174805,,,,,,
69,,108399,,,,,,,26023.46875,-11.070448875427246,,,
,,108449,,,,,,229.90179061889648,,,,,
,,108449,,,,,4.394292831420898,,,,,,
69,,108449,,,,,,,25841.521484375,-11.166444778442383,,,
,,108499,,,,,,231.97603225708008,,,,,
,,108499,,,,,23.794174194335938,,,,,,
69,,108499,,,,,,,25695.2421875,-11.14952564239502,,,
,,108549,,,,,,227.28300094604492,,,,,
,,108549,,,,,4.491090774536133,,,,,,
69,,108549,,,,,,,25896.2421875,-10.974844932556152,,,
,,108599,,,,,,231.3227653503418,,,,,
,,108599,,,,,43.700456619262695,,,,,,
69,,108599,,,,,,,25794.40625,-10.891885757446289,,,
,,108649,,,,,,227.37979888916016,,,,,
,,108649,,,,,2.779245376586914,,,,,,
69,,108649,,,,,,,25861.560546875,-11.095307350158691,,,
,,108699,,,,,,232.42473602294922,,,,,
,,108699,,,,,23.99587631225586,,,,,,
69,,108699,,,,,,,25729.9765625,-11.099596977233887,,,
,,108749,,,,,,226.61113739013672,,,,,
,,108749,,,,,2.751588821411133,,,,,,
69,,108749,,,,,,,25768.486328125,-10.936444282531738,,,
,,108799,,,,,,233.84332656860352,,,,,
,,108799,,,,,25.98118782043457,,,,,,
69,,108799,,,,,,,25961.138671875,-11.135622024536133,,,
,,108849,,,,,,231.39405250549316,,,,,
,,108849,,,,,4.438877105712891,,,,,,
69,,108849,,,,,,,26039.380859375,-11.01522159576416,,,
,,108899,,,,,,228.19161415100098,,,,,
,,108899,,,,,25.000810623168945,,,,,,
69,,108899,,,,,,,25703.36328125,-10.903071403503418,,,
,,108949,,,,,,231.4600944519043,,,,,
,,108949,,,,,2.8924942016601562,,,,,,
69,,108949,,,,,,,25784.30859375,-11.246970176696777,,,
,,108999,,,,,,226.20415687561035,,,,,
,,108999,,,,,27.048349380493164,,,,,,
69,,108999,,,,,,,25906.513671875,-10.700448036193848,,,
,,109049,,,,,,227.92720794677734,,,,,
,,109049,,,,,2.6819705963134766,,,,,,
69,,109049,,,,,,,25773.201171875,-11.152754783630371,,,
,,109099,,,,,,228.3957004547119,,,,,
,,109099,,,,,20.496606826782227,,,,,,
69,,109099,,,,,,,25959.0625,-11.127962112426758,,,
,,109149,,,,,,234.0378761291504,,,,,
,,109149,,,,,4.422187805175781,,,,,,
69,,109149,,,,,,,25821.46875,-11.01410961151123,,,
,,109199,,,,,,219.23565864562988,,,,,
,,109199,,,,,20.561695098876953,,,,,,
69,,109199,,,,,,,25737.91015625,-11.083671569824219,,,
,,109249,,,,,,233.1373691558838,,,,,
,,109249,,,,,2.6726722717285156,,,,,,
69,,109249,,,,,,,25860.4453125,-11.226119041442871,,,
,,109299,,,,,,225.54421424865723,,,,,
,,109299,,,,,21.086454391479492,,,,,,
69,,109299,,,,,,,25815.884765625,-10.961071968078613,,,
,,109349,,,,,,231.45246505737305,,,,,
,,109349,,,,,2.9859542846679688,,,,,,
69,,109349,,,,,,,26128.322265625,-11.198488235473633,,,
,,109399,,,,,,226.89104080200195,,,,,
,,109399,,,,,21.0721492767334,,,,,,
69,,109399,,,,,,,25900.55078125,-10.958674430847168,,,
69,,109409,,,,,,,,,-10.496674537658691,-10.609697341918945,-11.003583908081055
,,109410,,,,406.6459364891052,,,,,,,
,0.0003,109410,,,,,,,,,,,
,,109449,,,,,,230.5734157562256,,,,,
,,109449,,,,,3.0083656311035156,,,,,,
70,,109449,,,,,,,25935.841796875,-10.969250679016113,,,
,,109499,,,,,,225.35276412963867,,,,,
,,109499,,,,,20.79319953918457,,,,,,
70,,109499,,,,,,,25855.25,-10.909189224243164,,,
,,109549,,,,,,228.6396026611328,,,,,
,,109549,,,,,4.136800765991211,,,,,,
70,,109549,,,,,,,25988.41015625,-10.817936897277832,,,
,,109599,,,,,,220.98112106323242,,,,,
,,109599,,,,,20.592212677001953,,,,,,
70,,109599,,,,,,,25964.01171875,-10.91024112701416,,,
,,109649,,,,,,222.57471084594727,,,,,
,,109649,,,,,2.7008056640625,,,,,,
70,,109649,,,,,,,25741.294921875,-11.046626091003418,,,
,,109699,,,,,,236.37676239013672,,,,,
,,109699,,,,,23.915529251098633,,,,,,
70,,109699,,,,,,,25754.142578125,-10.977795600891113,,,
,,109749,,,,,,229.0341854095459,,,,,
,,109749,,,,,3.3092498779296875,,,,,,
70,,109749,,,,,,,25998.85546875,-10.91774845123291,,,
,,109799,,,,,,225.89898109436035,,,,,
,,109799,,,,,20.76244354248047,,,,,,
70,,109799,,,,,,,25814.15625,-10.844510078430176,,,
,,109849,,,,,,232.52367973327637,,,,,
,,109849,,,,,4.899024963378906,,,,,,
70,,109849,,,,,,,25892.453125,-10.91439437866211,,,
,,109899,,,,,,229.6741008758545,,,,,
,,109899,,,,,27.38022804260254,,,,,,
70,,109899,,,,,,,25958.94140625,-11.260144233703613,,,
,,109949,,,,,,223.8459587097168,,,,,
,,109949,,,,,2.6192665100097656,,,,,,
70,,109949,,,,,,,25743.5234375,-10.786186218261719,,,
,,109999,,,,,,223.07157516479492,,,,,
,,109999,,,,,20.46990394592285,,,,,,
70,,109999,,,,,,,25860.15625,-11.236437797546387,,,
,,110049,,,,,,227.51355171203613,,,,,
,,110049,,,,,4.340648651123047,,,,,,
70,,110049,,,,,,,25684.15625,-11.083521842956543,,,
,,110099,,,,,,227.58722305297852,,,,,
,,110099,,,,,24.849414825439453,,,,,,
70,,110099,,,,,,,25722.640625,-11.028005599975586,,,
,,110149,,,,,,219.57898139953613,,,,,
,,110149,,,,,2.724170684814453,,,,,,
70,,110149,,,,,,,25837.751953125,-11.089784622192383,,,
,,110199,,,,,,219.3760871887207,,,,,
,,110199,,,,,23.906469345092773,,,,,,
70,,110199,,,,,,,25767.283203125,-11.068572998046875,,,
,,110249,,,,,,217.80991554260254,,,,,
,,110249,,,,,2.7399063110351562,,,,,,
70,,110249,,,,,,,25868.8515625,-11.087814331054688,,,
,,110299,,,,,,221.00234031677246,,,,,
,,110299,,,,,20.682573318481445,,,,,,
70,,110299,,,,,,,25927.603515625,-10.78780746459961,,,
,,110349,,,,,,228.27553749084473,,,,,
,,110349,,,,,3.6025047302246094,,,,,,
70,,110349,,,,,,,25737.75390625,-10.783674240112305,,,
,,110399,,,,,,234.11846160888672,,,,,
,,110399,,,,,26.926279067993164,,,,,,
70,,110399,,,,,,,25822.927734375,-10.85107421875,,,
,,110449,,,,,,226.1338233947754,,,,,
,,110449,,,,,2.695322036743164,,,,,,
70,,110449,,,,,,,25849.6796875,-10.915435791015625,,,
,,110499,,,,,,229.69746589660645,,,,,
,,110499,,,,,24.196147918701172,,,,,,
70,,110499,,,,,,,25944.947265625,-11.112167358398438,,,
,,110549,,,,,,226.2265682220459,,,,,
,,110549,,,,,4.530429840087891,,,,,,
70,,110549,,,,,,,25928.51171875,-11.134645462036133,,,
,,110599,,,,,,224.3216037750244,,,,,
,,110599,,,,,20.79629898071289,,,,,,
70,,110599,,,,,,,25770.234375,-11.016376495361328,,,
,,110649,,,,,,230.43107986450195,,,,,
,,110649,,,,,4.433631896972656,,,,,,
70,,110649,,,,,,,25762.90625,-11.18867301940918,,,
,,110699,,,,,,224.00665283203125,,,,,
,,110699,,,,,20.566940307617188,,,,,,
70,,110699,,,,,,,25850.978515625,-11.440817832946777,,,
,,110749,,,,,,233.9160442352295,,,,,
,,110749,,,,,4.321813583374023,,,,,,
70,,110749,,,,,,,25710.69140625,-11.117485046386719,,,
,,110799,,,,,,228.8684844970703,,,,,
,,110799,,,,,24.197101593017578,,,,,,
70,,110799,,,,,,,25783.5625,-11.030750274658203,,,
,,110849,,,,,,229.0976047515869,,,,,
,,110849,,,,,4.436731338500977,,,,,,
70,,110849,,,,,,,25905.431640625,-10.800310134887695,,,
,,110899,,,,,,217.54956245422363,,,,,
,,110899,,,,,20.562171936035156,,,,,,
70,,110899,,,,,,,25746.62109375,-10.573244094848633,,,
,,110949,,,,,,234.37213897705078,,,,,
,,110949,,,,,4.441499710083008,,,,,,
70,,110949,,,,,,,25856.267578125,-11.081932067871094,,,
70,,110972,,,,,,,,,-10.498411178588867,-10.614545822143555,-11.003355026245117
,,110973,,,,397.8590865135193,,,,,,,
,0.0003,110973,,,,,,,,,,,
,,110999,,,,,,227.4916172027588,,,,,
,,110999,,,,,26.30782127380371,,,,,,
71,,110999,,,,,,,25826.2734375,-10.906570434570312,,,
,,111049,,,,,,226.8669605255127,,,,,
,,111049,,,,,2.6655197143554688,,,,,,
71,,111049,,,,,,,25775.40234375,-10.982733726501465,,,
,,111099,,,,,,219.9249267578125,,,,,
,,111099,,,,,21.07524871826172,,,,,,
71,,111099,,,,,,,25892.5625,-11.227866172790527,,,
,,111149,,,,,,232.19585418701172,,,,,
,,111149,,,,,2.6159286499023438,,,,,,
71,,111149,,,,,,,25698.359375,-10.832404136657715,,,
,,111199,,,,,,216.57872200012207,,,,,
,,111199,,,,,20.295381546020508,,,,,,
71,,111199,,,,,,,25949.810546875,-10.723344802856445,,,
,,111249,,,,,,228.60240936279297,,,,,
,,111249,,,,,2.919435501098633,,,,,,
71,,111249,,,,,,,25858.08203125,-10.98592758178711,,,
,,111299,,,,,,236.87100410461426,,,,,
,,111299,,,,,24.827957153320312,,,,,,
71,,111299,,,,,,,25756.505859375,-10.808283805847168,,,
,,111349,,,,,,242.78640747070312,,,,,
,,111349,,,,,5.513191223144531,,,,,,
71,,111349,,,,,,,25863.49609375,-11.081347465515137,,,
,,111399,,,,,,242.448091506958,,,,,
,,111399,,,,,23.951053619384766,,,,,,
71,,111399,,,,,,,25870.921875,-10.80441951751709,,,
,,111449,,,,,,240.48995971679688,,,,,
,,111449,,,,,5.566835403442383,,,,,,
71,,111449,,,,,,,25963.26953125,-11.06452751159668,,,
,,111499,,,,,,242.13385581970215,,,,,
,,111499,,,,,24.97076988220215,,,,,,
71,,111499,,,,,,,25937.83203125,-10.974223136901855,,,
,,111549,,,,,,237.23196983337402,,,,,
,,111549,,,,,5.475521087646484,,,,,,
71,,111549,,,,,,,25717.955078125,-10.943716049194336,,,
,,111599,,,,,,237.08415031433105,,,,,
,,111599,,,,,27.76932716369629,,,,,,
71,,111599,,,,,,,25800.197265625,-11.036025047302246,,,
,,111649,,,,,,240.37909507751465,,,,,
,,111649,,,,,6.27446174621582,,,,,,
71,,111649,,,,,,,25957.29296875,-10.879538536071777,,,
,,111699,,,,,,239.9914264678955,,,,,
,,111699,,,,,26.37314796447754,,,,,,
71,,111699,,,,,,,25790.75,-10.974294662475586,,,
,,111749,,,,,,241.93477630615234,,,,,
,,111749,,,,,5.457162857055664,,,,,,
71,,111749,,,,,,,25605.64453125,-11.002961158752441,,,
,,111799,,,,,,238.9850616455078,,,,,
,,111799,,,,,25.982379913330078,,,,,,
71,,111799,,,,,,,25849.708984375,-11.169437408447266,,,
,,111849,,,,,,241.49203300476074,,,,,
,,111849,,,,,5.743980407714844,,,,,,
71,,111849,,,,,,,25794.26953125,-11.071911811828613,,,
,,111899,,,,,,236.9391918182373,,,,,
,,111899,,,,,23.200511932373047,,,,,,
71,,111899,,,,,,,25947.134765625,-10.995793342590332,,,
,,111949,,,,,,239.2723560333252,,,,,
,,111949,,,,,5.113124847412109,,,,,,
71,,111949,,,,,,,25763.171875,-11.006649017333984,,,
,,111999,,,,,,240.0956153869629,,,,,
,,111999,,,,,26.70574188232422,,,,,,
71,,111999,,,,,,,25941.15625,-10.893730163574219,,,
,,112049,,,,,,238.8002872467041,,,,,
,,112049,,,,,4.21595573425293,,,,,,
71,,112049,,,,,,,25818.908203125,-10.552734375,,,
,,112099,,,,,,238.10100555419922,,,,,
,,112099,,,,,37.74404525756836,,,,,,
71,,112099,,,,,,,25919.77734375,-11.11395263671875,,,
,,112149,,,,,,230.8497428894043,,,,,
,,112149,,,,,2.6810169219970703,,,,,,
71,,112149,,,,,,,26079.40234375,-11.086274147033691,,,
,,112199,,,,,,236.36770248413086,,,,,
,,112199,,,,,25.269031524658203,,,,,,
71,,112199,,,,,,,25740.66796875,-11.07287311553955,,,
,,112249,,,,,,233.75821113586426,,,,,
,,112249,,,,,2.8023719787597656,,,,,,
71,,112249,,,,,,,25913.30078125,-10.832738876342773,,,
,,112299,,,,,,226.6225814819336,,,,,
,,112299,,,,,21.052122116088867,,,,,,
71,,112299,,,,,,,25834.466796875,-10.846445083618164,,,
,,112349,,,,,,229.20680046081543,,,,,
,,112349,,,,,3.8385391235351562,,,,,,
71,,112349,,,,,,,25703.91796875,-10.922141075134277,,,
,,112399,,,,,,225.3105640411377,,,,,
,,112399,,,,,21.00658416748047,,,,,,
71,,112399,,,,,,,25780.453125,-10.944169998168945,,,
,,112449,,,,,,231.69660568237305,,,,,
,,112449,,,,,5.089282989501953,,,,,,
71,,112449,,,,,,,26109.673828125,-10.719600677490234,,,
,,112499,,,,,,235.40163040161133,,,,,
,,112499,,,,,25.322914123535156,,,,,,
71,,112499,,,,,,,25810.142578125,-10.845206260681152,,,
71,,112535,,,,,,,,,-10.49710464477539,-10.61662769317627,-11.007766723632812
,,112536,,,,411.52008295059204,,,,,,,
,0.0003,112536,,,,,,,,,,,
,,112549,,,,,,235.5945110321045,,,,,
,,112549,,,,,4.548549652099609,,,,,,
72,,112549,,,,,,,25951.140625,-11.099797248840332,,,
,,112599,,,,,,230.71789741516113,,,,,
,,112599,,,,,24.300336837768555,,,,,,
72,,112599,,,,,,,25845.32421875,-10.849136352539062,,,
,,112649,,,,,,219.6335792541504,,,,,
,,112649,,,,,2.7534961700439453,,,,,,
72,,112649,,,,,,,26019.7890625,-10.984758377075195,,,
,,112699,,,,,,224.59769248962402,,,,,
,,112699,,,,,20.849943161010742,,,,,,
72,,112699,,,,,,,25989.65625,-10.733163833618164,,,
,,112749,,,,,,231.96864128112793,,,,,
,,112749,,,,,4.6749114990234375,,,,,,
72,,112749,,,,,,,25784.796875,-10.926742553710938,,,
,,112799,,,,,,233.89363288879395,,,,,
,,112799,,,,,24.7499942779541,,,,,,
72,,112799,,,,,,,25695.22265625,-10.882391929626465,,,
,,112849,,,,,,231.72378540039062,,,,,
,,112849,,,,,4.296064376831055,,,,,,
72,,112849,,,,,,,25949.63671875,-10.793100357055664,,,
,,112899,,,,,,231.66370391845703,,,,,
,,112899,,,,,25.49576759338379,,,,,,
72,,112899,,,,,,,25753.734375,-11.098589897155762,,,
,,112949,,,,,,232.0549488067627,,,,,
,,112949,,,,,2.9778480529785156,,,,,,
72,,112949,,,,,,,26007.62890625,-10.96644115447998,,,
,,112999,,,,,,228.85799407958984,,,,,
,,112999,,,,,43.81155967712402,,,,,,
72,,112999,,,,,,,25746.37890625,-10.997231483459473,,,
,,113049,,,,,,228.77788543701172,,,,,
,,113049,,,,,2.737760543823242,,,,,,
72,,113049,,,,,,,25875.8125,-10.917702674865723,,,
,,113099,,,,,,232.23423957824707,,,,,
,,113099,,,,,23.89359474182129,,,,,,
72,,113099,,,,,,,25892.822265625,-11.086231231689453,,,
,,113149,,,,,,231.919527053833,,,,,
,,113149,,,,,4.627704620361328,,,,,,
72,,113149,,,,,,,25802.9453125,-10.88043212890625,,,
,,113199,,,,,,226.08375549316406,,,,,
,,113199,,,,,21.022319793701172,,,,,,
72,,113199,,,,,,,25921.66015625,-10.900941848754883,,,
,,113249,,,,,,231.5819263458252,,,,,
,,113249,,,,,3.9374828338623047,,,,,,
72,,113249,,,,,,,25844.681640625,-10.77753734588623,,,
,,113299,,,,,,232.0406436920166,,,,,
,,113299,,,,,20.749330520629883,,,,,,
72,,113299,,,,,,,25875.46875,-11.37452507019043,,,
,,113349,,,,,,231.6720485687256,,,,,
,,113349,,,,,4.527091979980469,,,,,,
72,,113349,,,,,,,25856.890625,-11.292651176452637,,,
,,113399,,,,,,227.00953483581543,,,,,
,,113399,,,,,20.824670791625977,,,,,,
72,,113399,,,,,,,25812.01953125,-10.983288764953613,,,
,,113449,,,,,,228.13057899475098,,,,,
,,113449,,,,,4.515171051025391,,,,,,
72,,113449,,,,,,,25819.72265625,-11.32627010345459,,,
,,113499,,,,,,222.98598289489746,,,,,
,,113499,,,,,20.852088928222656,,,,,,
72,,113499,,,,,,,25973.701171875,-10.934475898742676,,,
,,113549,,,,,,227.62703895568848,,,,,
,,113549,,,,,3.664731979370117,,,,,,
72,,113549,,,,,,,25949.7265625,-11.020203590393066,,,
,,113599,,,,,,226.4413833618164,,,,,
,,113599,,,,,23.08177947998047,,,,,,
72,,113599,,,,,,,25805.703125,-11.074607849121094,,,
,,113649,,,,,,224.3344783782959,,,,,
,,113649,,,,,2.8505325317382812,,,,,,
72,,113649,,,,,,,25877.47265625,-11.090157508850098,,,
,,113699,,,,,,223.08754920959473,,,,,
,,113699,,,,,20.524978637695312,,,,,,
72,,113699,,,,,,,26042.83984375,-10.847840309143066,,,
,,113749,,,,,,219.50173377990723,,,,,
,,113749,,,,,3.236532211303711,,,,,,
72,,113749,,,,,,,26039.546875,-11.058805465698242,,,
,,113799,,,,,,232.32293128967285,,,,,
,,113799,,,,,23.35953712463379,,,,,,
72,,113799,,,,,,,25887.896484375,-11.258426666259766,,,
,,113849,,,,,,238.7547492980957,,,,,
,,113849,,,,,4.410743713378906,,,,,,
72,,113849,,,,,,,25904.5078125,-10.838562965393066,,,
,,113899,,,,,,234.01594161987305,,,,,
,,113899,,,,,23.87714385986328,,,,,,
72,,113899,,,,,,,25892.12109375,-10.954657554626465,,,
,,113949,,,,,,227.77771949768066,,,,,
,,113949,,,,,3.1919479370117188,,,,,,
72,,113949,,,,,,,25751.234375,-11.001152038574219,,,
,,113999,,,,,,235.69345474243164,,,,,
,,113999,,,,,24.070024490356445,,,,,,
72,,113999,,,,,,,25701.748046875,-10.761454582214355,,,
,,114049,,,,,,224.61223602294922,,,,,
,,114049,,,,,2.801179885864258,,,,,,
72,,114049,,,,,,,25764.53125,-11.011927604675293,,,
,,114099,,,,,,227.5240421295166,,,,,
72,,114098,,,,,,,,,-10.496027946472168,-10.609262466430664,-10.998262405395508
,,114099,,,,401.15292048454285,,,,,,,
,0.0003,114099,,,,,,,,,,,
,,114099,,,,,,,,,,,
73,,114099,,,,,,,25701.27734375,-10.92458438873291,,,
,,114149,,,,,,220.9177017211914,,,,,
,,114149,,,,,2.81524658203125,,,,,,
73,,114149,,,,,,,25771.212890625,-10.960047721862793,,,
,,114199,,,,,,217.9713249206543,,,,,
,,114199,,,,,20.885944366455078,,,,,,
73,,114199,,,,,,,25950.66015625,-10.972111701965332,,,
,,114249,,,,,,217.6508903503418,,,,,
,,114249,,,,,2.717733383178711,,,,,,
73,,114249,,,,,,,25870.01171875,-10.629538536071777,,,
,,114299,,,,,,223.28877449035645,,,,,
,,114299,,,,,20.91383934020996,,,,,,
73,,114299,,,,,,,25748.84765625,-10.90826416015625,,,
,,114349,,,,,,218.7349796295166,,,,,
,,114349,,,,,2.6857852935791016,,,,,,
73,,114349,,,,,,,25803.1796875,-11.0235595703125,,,
,,114399,,,,,,217.75054931640625,,,,,
,,114399,,,,,20.62082290649414,,,,,,
73,,114399,,,,,,,25860.51953125,-10.96505355834961,,,
,,114449,,,,,,226.3319492340088,,,,,
,,114449,,,,,2.871990203857422,,,,,,
73,,114449,,,,,,,25910.865234375,-11.095711708068848,,,
,,114499,,,,,,222.89657592773438,,,,,
,,114499,,,,,20.90764045715332,,,,,,
73,,114499,,,,,,,25923.2109375,-10.933195114135742,,,
,,114549,,,,,,237.8678321838379,,,,,
,,114549,,,,,4.475831985473633,,,,,,
73,,114549,,,,,,,25905.201171875,-10.72335433959961,,,
,,114599,,,,,,226.8373966217041,,,,,
,,114599,,,,,25.064706802368164,,,,,,
73,,114599,,,,,,,25778.7578125,-10.833017349243164,,,
,,114649,,,,,,229.43401336669922,,,,,
,,114649,,,,,4.379987716674805,,,,,,
73,,114649,,,,,,,25953.162109375,-11.228507995605469,,,
,,114699,,,,,,230.09800910949707,,,,,
,,114699,,,,,23.267269134521484,,,,,,
73,,114699,,,,,,,25767.642578125,-10.93380355834961,,,
,,114749,,,,,,229.95948791503906,,,,,
,,114749,,,,,2.952098846435547,,,,,,
73,,114749,,,,,,,25829.3046875,-11.086380004882812,,,
,,114799,,,,,,232.04374313354492,,,,,
,,114799,,,,,22.593021392822266,,,,,,
73,,114799,,,,,,,26046.359375,-10.728620529174805,,,
,,114849,,,,,,231.5528392791748,,,,,
,,114849,,,,,4.207134246826172,,,,,,
73,,114849,,,,,,,25848.314453125,-11.069982528686523,,,
,,114899,,,,,,233.77561569213867,,,,,
,,114899,,,,,25.525808334350586,,,,,,
73,,114899,,,,,,,25718.02734375,-11.177726745605469,,,
,,114949,,,,,,226.7320156097412,,,,,
,,114949,,,,,3.4530162811279297,,,,,,
73,,114949,,,,,,,25807.705078125,-10.979082107543945,,,
,,114999,,,,,,231.3823699951172,,,,,
,,114999,,,,,27.16803550720215,,,,,,
73,,114999,,,,,,,25736.58203125,-11.22428035736084,,,
,,115049,,,,,,220.20745277404785,,,,,
,,115049,,,,,2.601146697998047,,,,,,
73,,115049,,,,,,,25973.171875,-10.984907150268555,,,
,,115099,,,,,,219.282865524292,,,,,
,,115099,,,,,24.96027946472168,,,,,,
73,,115099,,,,,,,25768.138671875,-11.189265251159668,,,
,,115149,,,,,,226.15838050842285,,,,,
,,115149,,,,,2.7093887329101562,,,,,,
73,,115149,,,,,,,25817.646484375,-10.852399826049805,,,
,,115199,,,,,,234.7095012664795,,,,,
,,115199,,,,,26.549577713012695,,,,,,
73,,115199,,,,,,,25923.091796875,-11.223664283752441,,,
,,115249,,,,,,238.3420467376709,,,,,
,,115249,,,,,4.49681282043457,,,,,,
73,,115249,,,,,,,26106.5234375,-11.241843223571777,,,
,,115299,,,,,,229.15124893188477,,,,,
,,115299,,,,,21.20208740234375,,,,,,
73,,115299,,,,,,,25723.66015625,-11.008886337280273,,,
,,115349,,,,,,232.6517105102539,,,,,
,,115349,,,,,3.9403438568115234,,,,,,
73,,115349,,,,,,,25810.912109375,-11.074831008911133,,,
,,115399,,,,,,226.362943649292,,,,,
,,115399,,,,,20.64681053161621,,,,,,
73,,115399,,,,,,,25868.42578125,-11.042712211608887,,,
,,115449,,,,,,224.5199680328369,,,,,
,,115449,,,,,2.6731491088867188,,,,,,
73,,115449,,,,,,,25754.890625,-10.973114967346191,,,
,,115499,,,,,,227.4911403656006,,,,,
,,115499,,,,,25.348186492919922,,,,,,
73,,115499,,,,,,,26036.1328125,-10.903698921203613,,,
,,115549,,,,,,234.5893383026123,,,,,
,,115549,,,,,5.582571029663086,,,,,,
73,,115549,,,,,,,25760.3125,-11.103700637817383,,,
,,115599,,,,,,237.37740516662598,,,,,
,,115599,,,,,22.168397903442383,,,,,,
73,,115599,,,,,,,26035.15625,-10.697305679321289,,,
,,115649,,,,,,238.28721046447754,,,,,
,,115649,,,,,5.027055740356445,,,,,,
73,,115649,,,,,,,25881.3125,-11.309932708740234,,,
73,,115661,,,,,,,,,-10.495362281799316,-10.61628532409668,-11.006569862365723
,,115662,,,,397.4891197681427,,,,,,,
,0.0003,115662,,,,,,,,,,,
,,115699,,,,,,238.64459991455078,,,,,
,,115699,,,,,26.54266357421875,,,,,,
74,,115699,,,,,,,26050.515625,-11.076089859008789,,,
,,115749,,,,,,243.93963813781738,,,,,
,,115749,,,,,5.676984786987305,,,,,,
74,,115749,,,,,,,25705.46484375,-11.158766746520996,,,
,,115799,,,,,,238.53540420532227,,,,,
,,115799,,,,,26.945829391479492,,,,,,
74,,115799,,,,,,,25771.171875,-10.735939979553223,,,
,,115849,,,,,,244.92716789245605,,,,,
,,115849,,,,,5.8650970458984375,,,,,,
74,,115849,,,,,,,25908.462890625,-11.092626571655273,,,
,,115899,,,,,,242.0213222503662,,,,,
,,115899,,,,,24.7499942779541,,,,,,
74,,115899,,,,,,,25803.30859375,-11.002310752868652,,,
,,115949,,,,,,236.94396018981934,,,,,
,,115949,,,,,4.330635070800781,,,,,,
74,,115949,,,,,,,26009.26171875,-11.44127368927002,,,
,,115999,,,,,,242.66767501831055,,,,,
,,115999,,,,,26.099205017089844,,,,,,
74,,115999,,,,,,,25913.357421875,-11.127697944641113,,,
,,116049,,,,,,242.7387237548828,,,,,
,,116049,,,,,5.701303482055664,,,,,,
74,,116049,,,,,,,25803.734375,-11.075897216796875,,,
,,116099,,,,,,239.31121826171875,,,,,
,,116099,,,,,24.135828018188477,,,,,,
74,,116099,,,,,,,25916.53125,-11.136356353759766,,,
,,116149,,,,,,238.78955841064453,,,,,
,,116149,,,,,5.203485488891602,,,,,,
74,,116149,,,,,,,25913.466796875,-11.159428596496582,,,
,,116199,,,,,,242.83885955810547,,,,,
,,116199,,,,,26.24344825744629,,,,,,
74,,116199,,,,,,,25825.59375,-10.691323280334473,,,
,,116249,,,,,,242.52629280090332,,,,,
,,116249,,,,,6.10041618347168,,,,,,
74,,116249,,,,,,,25645.626953125,-10.904990196228027,,,
,,116299,,,,,,241.53423309326172,,,,,
,,116299,,,,,27.481794357299805,,,,,,
74,,116299,,,,,,,25898.55859375,-11.030500411987305,,,
,,116349,,,,,,245.3923225402832,,,,,
,,116349,,,,,5.398988723754883,,,,,,
74,,116349,,,,,,,25984.265625,-10.985909461975098,,,
,,116399,,,,,,245.15652656555176,,,,,
,,116399,,,,,25.069713592529297,,,,,,
74,,116399,,,,,,,25651.91796875,-10.954726219177246,,,
,,116449,,,,,,242.58112907409668,,,,,
,,116449,,,,,5.224943161010742,,,,,,
74,,116449,,,,,,,26054.8203125,-11.039742469787598,,,
,,116499,,,,,,239.34483528137207,,,,,
,,116499,,,,,25.138378143310547,,,,,,
74,,116499,,,,,,,25759.537109375,-11.252302169799805,,,
,,116549,,,,,,238.32130432128906,,,,,
,,116549,,,,,4.560708999633789,,,,,,
74,,116549,,,,,,,26047.54296875,-10.965893745422363,,,
,,116599,,,,,,236.8490695953369,,,,,
,,116599,,,,,23.839712142944336,,,,,,
74,,116599,,,,,,,26004.806640625,-11.032265663146973,,,
,,116649,,,,,,243.90673637390137,,,,,
,,116649,,,,,4.838705062866211,,,,,,
74,,116649,,,,,,,25909.11328125,-10.966642379760742,,,
,,116699,,,,,,235.5351448059082,,,,,
,,116699,,,,,21.05712890625,,,,,,
74,,116699,,,,,,,25981.6015625,-10.894012451171875,,,
,,116749,,,,,,235.72850227355957,,,,,
,,116749,,,,,4.216909408569336,,,,,,
74,,116749,,,,,,,25865.28125,-10.94396686553955,,,
,,116799,,,,,,233.9625358581543,,,,,
,,116799,,,,,21.1026668548584,,,,,,
74,,116799,,,,,,,25845.49609375,-10.960311889648438,,,
,,116849,,,,,,238.81149291992188,,,,,
,,116849,,,,,2.825498580932617,,,,,,
74,,116849,,,,,,,25835.791015625,-10.87739086151123,,,
,,116899,,,,,,238.508939743042,,,,,
,,116899,,,,,25.6955623626709,,,,,,
74,,116899,,,,,,,25898.93359375,-11.00331974029541,,,
,,116949,,,,,,231.4906120300293,,,,,
,,116949,,,,,2.9413700103759766,,,,,,
74,,116949,,,,,,,25915.5703125,-11.093920707702637,,,
,,116999,,,,,,236.86814308166504,,,,,
,,116999,,,,,25.13718605041504,,,,,,
74,,116999,,,,,,,25766.99609375,-10.986896514892578,,,
,,117049,,,,,,229.94446754455566,,,,,
,,117049,,,,,2.839803695678711,,,,,,
74,,117049,,,,,,,25762.3125,-10.800816535949707,,,
,,117099,,,,,,228.76596450805664,,,,,
,,117099,,,,,20.639896392822266,,,,,,
74,,117099,,,,,,,25677.638671875,-10.989233016967773,,,
,,117149,,,,,,237.31231689453125,,,,,
,,117149,,,,,4.685163497924805,,,,,,
74,,117149,,,,,,,25911.005859375,-10.95693302154541,,,
,,117199,,,,,,233.43849182128906,,,,,
,,117199,,,,,25.549888610839844,,,,,,
74,,117199,,,,,,,25802.857421875,-10.820141792297363,,,
74,,117224,,,,,,,,,-10.494760513305664,-10.608720779418945,-10.99291706085205
,,117225,,,,418.35303807258606,,,,,,,
,0.0003,117225,,,,,,,,,,,
,,117249,,,,,,241.23001098632812,,,,,
,,117249,,,,,6.371259689331055,,,,,,
75,,117249,,,,,,,25889.16015625,-10.817231178283691,,,
,,117299,,,,,,238.27791213989258,,,,,
,,117299,,,,,26.28326416015625,,,,,,
75,,117299,,,,,,,25806.552734375,-11.209171295166016,,,
,,117349,,,,,,242.6142692565918,,,,,
,,117349,,,,,5.589723587036133,,,,,,
75,,117349,,,,,,,25965.7578125,-10.98779010772705,,,
,,117399,,,,,,239.8521900177002,,,,,
,,117399,,,,,24.75571632385254,,,,,,
75,,117399,,,,,,,25925.296875,-10.978964805603027,,,
,,117449,,,,,,240.9987449645996,,,,,
,,117449,,,,,4.958868026733398,,,,,,
75,,117449,,,,,,,25928.90234375,-11.09820556640625,,,
,,117499,,,,,,243.12782287597656,,,,,
,,117499,,,,,23.980379104614258,,,,,,
75,,117499,,,,,,,25789.521484375,-11.208575248718262,,,
,,117549,,,,,,239.47978019714355,,,,,
,,117549,,,,,5.096673965454102,,,,,,
75,,117549,,,,,,,25819.9609375,-11.369269371032715,,,
,,117599,,,,,,244.4150447845459,,,,,
,,117599,,,,,23.422956466674805,,,,,,
75,,117599,,,,,,,25822.755859375,-10.916154861450195,,,
,,117649,,,,,,244.51208114624023,,,,,
,,117649,,,,,5.581378936767578,,,,,,
75,,117649,,,,,,,25913.080078125,-11.082098007202148,,,
,,117699,,,,,,241.28222465515137,,,,,
,,117699,,,,,24.533510208129883,,,,,,
75,,117699,,,,,,,25887.41015625,-10.932416915893555,,,
,,117749,,,,,,239.76421356201172,,,,,
,,117749,,,,,4.409313201904297,,,,,,
75,,117749,,,,,,,25900.8984375,-10.89956283569336,,,
,,117799,,,,,,244.48537826538086,,,,,
,,117799,,,,,25.705814361572266,,,,,,
75,,117799,,,,,,,26040.12109375,-10.928627967834473,,,
,,117849,,,,,,239.2129898071289,,,,,
,,117849,,,,,5.980730056762695,,,,,,
75,,117849,,,,,,,26093.326171875,-10.863129615783691,,,
,,117899,,,,,,239.81308937072754,,,,,
,,117899,,,,,24.99556541442871,,,,,,
75,,117899,,,,,,,25974.95703125,-10.855910301208496,,,
,,117949,,,,,,238.3706569671631,,,,,
,,117949,,,,,4.798650741577148,,,,,,
75,,117949,,,,,,,25735.9375,-11.04020881652832,,,
,,117999,,,,,,245.68438529968262,,,,,
,,117999,,,,,27.52542495727539,,,,,,
75,,117999,,,,,,,25880.3828125,-10.944619178771973,,,
,,118049,,,,,,247.4517822265625,,,,,
,,118049,,,,,5.051136016845703,,,,,,
75,,118049,,,,,,,25787.453125,-10.907480239868164,,,
,,118099,,,,,,236.31668090820312,,,,,
,,118099,,,,,26.062965393066406,,,,,,
75,,118099,,,,,,,25778.494140625,-11.021896362304688,,,
,,118149,,,,,,236.32216453552246,,,,,
,,118149,,,,,4.428863525390625,,,,,,
75,,118149,,,,,,,25788.7890625,-10.896145820617676,,,
,,118199,,,,,,227.06007957458496,,,,,
,,118199,,,,,21.208763122558594,,,,,,
75,,118199,,,,,,,25939.60546875,-11.017722129821777,,,
,,118249,,,,,,231.02712631225586,,,,,
,,118249,,,,,4.509925842285156,,,,,,
75,,118249,,,,,,,25936.58203125,-11.41729736328125,,,
,,118299,,,,,,238.40665817260742,,,,,
,,118299,,,,,27.286529541015625,,,,,,
75,,118299,,,,,,,26009.78125,-11.122145652770996,,,
,,118349,,,,,,245.0563907623291,,,,,
,,118349,,,,,5.067348480224609,,,,,,
75,,118349,,,,,,,25910.2890625,-11.18217945098877,,,
,,118399,,,,,,237.2109889984131,,,,,
,,118399,,,,,24.66416358947754,,,,,,
75,,118399,,,,,,,26016.74609375,-11.039790153503418,,,
,,118449,,,,,,243.68691444396973,,,,,
,,118449,,,,,4.805326461791992,,,,,,
75,,118449,,,,,,,25895.427734375,-11.080997467041016,,,
,,118499,,,,,,241.09315872192383,,,,,
,,118499,,,,,23.186206817626953,,,,,,
75,,118499,,,,,,,25914.798828125,-10.77658462524414,,,
,,118549,,,,,,239.58992958068848,,,,,
,,118549,,,,,4.684925079345703,,,,,,
75,,118549,,,,,,,25747.595703125,-11.002594947814941,,,
,,118599,,,,,,241.9278621673584,,,,,
,,118599,,,,,24.066686630249023,,,,,,
75,,118599,,,,,,,25788.244140625,-11.239739418029785,,,
,,118649,,,,,,244.77005004882812,,,,,
,,118649,,,,,5.696296691894531,,,,,,
75,,118649,,,,,,,25777.091796875,-10.973902702331543,,,
,,118699,,,,,,242.80142784118652,,,,,
,,118699,,,,,27.065515518188477,,,,,,
75,,118699,,,,,,,25990.27734375,-11.164423942565918,,,
,,118749,,,,,,243.17240715026855,,,,,
,,118749,,,,,5.511999130249023,,,,,,
75,,118749,,,,,,,25880.77734375,-10.96649169921875,,,
75,,118787,,,,,,,,,-10.494528770446777,-10.607281684875488,-10.99316120147705
,,118788,,,,420.1671977043152,,,,,,,
,0.0003,118788,,,,,,,,,,,
,,118799,,,,,,236.93466186523438,,,,,
,,118799,,,,,22.4301815032959,,,,,,
76,,118799,,,,,,,25770.7421875,-10.868464469909668,,,
,,118849,,,,,,240.44036865234375,,,,,
,,118849,,,,,5.860805511474609,,,,,,
76,,118849,,,,,,,25904.578125,-11.040976524353027,,,
,,118899,,,,,,240.01574516296387,,,,,
,,118899,,,,,24.06764030456543,,,,,,
76,,118899,,,,,,,25691.5546875,-10.97631549835205,,,
,,118949,,,,,,241.33968353271484,,,,,
,,118949,,,,,5.551338195800781,,,,,,
76,,118949,,,,,,,25744.173828125,-11.334216117858887,,,
,,118999,,,,,,239.7918701171875,,,,,
,,118999,,,,,24.990558624267578,,,,,,
76,,118999,,,,,,,25836.33984375,-10.748814582824707,,,
,,119049,,,,,,240.20886421203613,,,,,
,,119049,,,,,5.120038986206055,,,,,,
76,,119049,,,,,,,25888.90234375,-11.044001579284668,,,
,,119099,,,,,,239.6543025970459,,,,,
,,119099,,,,,23.522615432739258,,,,,,
76,,119099,,,,,,,25756.3203125,-10.968424797058105,,,
,,119149,,,,,,241.38617515563965,,,,,
,,119149,,,,,5.387067794799805,,,,,,
76,,119149,,,,,,,25757.53515625,-11.051098823547363,,,
,,119199,,,,,,244.98677253723145,,,,,
,,119199,,,,,28.50627899169922,,,,,,
76,,119199,,,,,,,25854.65625,-10.985760688781738,,,
,,119249,,,,,,238.06476593017578,,,,,
,,119249,,,,,5.419254302978516,,,,,,
76,,119249,,,,,,,25803.59765625,-10.789865493774414,,,
,,119299,,,,,,243.2107925415039,,,,,
,,119299,,,,,24.465084075927734,,,,,,
76,,119299,,,,,,,26038.2734375,-11.069210052490234,,,
,,119349,,,,,,240.31543731689453,,,,,
,,119349,,,,,5.128383636474609,,,,,,
76,,119349,,,,,,,25901.78515625,-10.957969665527344,,,
,,119399,,,,,,236.0992431640625,,,,,
,,119399,,,,,23.18406105041504,,,,,,
76,,119399,,,,,,,25992.4140625,-11.019079208374023,,,
,,119449,,,,,,235.16583442687988,,,,,
,,119449,,,,,5.879640579223633,,,,,,
76,,119449,,,,,,,25739.3828125,-11.160087585449219,,,
,,119499,,,,,,240.92841148376465,,,,,
,,119499,,,,,26.3974666595459,,,,,,
76,,119499,,,,,,,25721.66015625,-11.184357643127441,,,
,,119549,,,,,,236.30547523498535,,,,,
,,119549,,,,,5.312919616699219,,,,,,
76,,119549,,,,,,,25732.66015625,-11.184555053710938,,,
,,119599,,,,,,239.11309242248535,,,,,
,,119599,,,,,26.98349952697754,,,,,,
76,,119599,,,,,,,25756.751953125,-10.976536750793457,,,
,,119649,,,,,,239.69507217407227,,,,,
,,119649,,,,,5.759716033935547,,,,,,
76,,119649,,,,,,,25867.79296875,-11.0930757522583,,,
,,119699,,,,,,235.87965965270996,,,,,
,,119699,,,,,27.83489227294922,,,,,,
76,,119699,,,,,,,25696.646484375,-10.851008415222168,,,
,,119749,,,,,,240.3430938720703,,,,,
,,119749,,,,,5.31315803527832,,,,,,
76,,119749,,,,,,,25856.68359375,-10.993523597717285,,,
,,119799,,,,,,242.31290817260742,,,,,
,,119799,,,,,24.56212043762207,,,,,,
76,,119799,,,,,,,25877.302734375,-10.589696884155273,,,
,,119849,,,,,,239.27617073059082,,,,,
,,119849,,,,,4.989147186279297,,,,,,
76,,119849,,,,,,,25956.107421875,-10.921951293945312,,,
,,119899,,,,,,237.05744743347168,,,,,
,,119899,,,,,23.71978759765625,,,,,,
76,,119899,,,,,,,25770.51953125,-10.910497665405273,,,
,,119949,,,,,,240.77963829040527,,,,,
,,119949,,,,,5.387067794799805,,,,,,
76,,119949,,,,,,,25863.3515625,-11.15333366394043,,,
,,119999,,,,,,234.68255996704102,,,,,
,,119999,,,,,23.97322654724121,,,,,,
76,,119999,,,,,,,25932.841796875,-10.950284957885742,,,
,,120049,,,,,,234.66253280639648,,,,,
,,120049,,,,,4.062175750732422,,,,,,
76,,120049,,,,,,,25903.8984375,-10.868109703063965,,,
,,120099,,,,,,241.6548728942871,,,,,
,,120099,,,,,24.20973777770996,,,,,,
76,,120099,,,,,,,25883.48046875,-11.008893966674805,,,
,,120149,,,,,,238.27457427978516,,,,,
,,120149,,,,,5.482673645019531,,,,,,
76,,120149,,,,,,,25719.841796875,-10.917463302612305,,,
,,120199,,,,,,245.42808532714844,,,,,
,,120199,,,,,24.617910385131836,,,,,,
76,,120199,,,,,,,25976.333984375,-11.298681259155273,,,
,,120249,,,,,,242.6314353942871,,,,,
,,120249,,,,,5.689382553100586,,,,,,
76,,120249,,,,,,,25872.224609375,-11.057731628417969,,,
,,120299,,,,,,245.22113800048828,,,,,
,,120299,,,,,24.546146392822266,,,,,,
76,,120299,,,,,,,25972.40625,-10.930700302124023,,,
,,120349,,,,,,238.7979030609131,,,,,
,,120349,,,,,5.580425262451172,,,,,,
76,,120349,,,,,,,25786.875,-11.01119613647461,,,
76,,120350,,,,,,,,,-10.498531341552734,-10.614343643188477,-11.000983238220215
,,120351,,,,421.02386498451233,,,,,,,
,0.0003,120351,,,,,,,,,,,
,,120399,,,,,,246.14477157592773,,,,,
,,120399,,,,,25.48670768737793,,,,,,
77,,120399,,,,,,,25742.744140625,-10.766294479370117,,,
,,120449,,,,,,241.11342430114746,,,,,
,,120449,,,,,5.972862243652344,,,,,,
77,,120449,,,,,,,25915.462890625,-11.087888717651367,,,
,,120499,,,,,,245.43261528015137,,,,,
,,120499,,,,,24.006366729736328,,,,,,
77,,120499,,,,,,,25976.228515625,-10.863699913024902,,,
,,120549,,,,,,244.03929710388184,,,,,
,,120549,,,,,5.440711975097656,,,,,,
77,,120549,,,,,,,25803.49609375,-10.88343620300293,,,
,,120599,,,,,,238.22999000549316,,,,,
,,120599,,,,,25.135517120361328,,,,,,
77,,120599,,,,,,,25768.890625,-10.901639938354492,,,
,,120649,,,,,,232.47146606445312,,,,,
,,120649,,,,,4.278421401977539,,,,,,
77,,120649,,,,,,,25965.951171875,-11.027348518371582,,,
,,120699,,,,,,235.0625991821289,,,,,
,,120699,,,,,23.682355880737305,,,,,,
77,,120699,,,,,,,25787.193359375,-10.870646476745605,,,
,,120749,,,,,,233.8728904724121,,,,,
,,120749,,,,,4.421710968017578,,,,,,
77,,120749,,,,,,,25832.865234375,-10.967097282409668,,,
,,120799,,,,,,232.40065574645996,,,,,
,,120799,,,,,25.801897048950195,,,,,,
77,,120799,,,,,,,25775.65625,-11.22258472442627,,,
,,120849,,,,,,236.4215850830078,,,,,
,,120849,,,,,4.368782043457031,,,,,,
77,,120849,,,,,,,26107.154296875,-11.078217506408691,,,
,,120899,,,,,,230.6075096130371,,,,,
,,120899,,,,,24.5511531829834,,,,,,
77,,120899,,,,,,,25923.625,-11.03555679321289,,,
,,120949,,,,,,230.62705993652344,,,,,
,,120949,,,,,4.492282867431641,,,,,,
77,,120949,,,,,,,25895.2578125,-10.955305099487305,,,
,,120999,,,,,,233.48641395568848,,,,,
,,120999,,,,,25.209903717041016,,,,,,
77,,120999,,,,,,,25979.68359375,-11.095705032348633,,,
,,121049,,,,,,231.71710968017578,,,,,
,,121049,,,,,3.4122467041015625,,,,,,
77,,121049,,,,,,,25676.498046875,-10.995898246765137,,,
,,121099,,,,,,235.0172996520996,,,,,
,,121099,,,,,26.471376419067383,,,,,,
77,,121099,,,,,,,25793.62890625,-10.846867561340332,,,
,,121149,,,,,,230.03602027893066,,,,,
,,121149,,,,,3.294706344604492,,,,,,
77,,121149,,,,,,,25818.08984375,-11.090803146362305,,,
,,121199,,,,,,235.49389839172363,,,,,
,,121199,,,,,27.24599838256836,,,,,,
77,,121199,,,,,,,25767.23828125,-11.179516792297363,,,
,,121249,,,,,,235.33082008361816,,,,,
,,121249,,,,,3.8836002349853516,,,,,,
77,,121249,,,,,,,25949.44140625,-10.938217163085938,,,
,,121299,,,,,,237.02669143676758,,,,,
,,121299,,,,,23.836135864257812,,,,,,
77,,121299,,,,,,,25823.71484375,-11.059640884399414,,,
,,121349,,,,,,242.37656593322754,,,,,
,,121349,,,,,4.441499710083008,,,,,,
77,,121349,,,,,,,25719.99609375,-10.763620376586914,,,
,,121399,,,,,,231.86302185058594,,,,,
,,121399,,,,,20.981788635253906,,,,,,
77,,121399,,,,,,,25726.1953125,-11.116605758666992,,,
,,121449,,,,,,231.87828063964844,,,,,
,,121449,,,,,2.7251243591308594,,,,,,
77,,121449,,,,,,,25720.017578125,-11.051557540893555,,,
,,121499,,,,,,234.4036102294922,,,,,
,,121499,,,,,20.725488662719727,,,,,,
77,,121499,,,,,,,25901.630859375,-10.834513664245605,,,
,,121549,,,,,,237.41412162780762,,,,,
,,121549,,,,,4.615306854248047,,,,,,
77,,121549,,,,,,,25870.19921875,-10.873984336853027,,,
,,121599,,,,,,232.4213981628418,,,,,
,,121599,,,,,25.175809860229492,,,,,,
77,,121599,,,,,,,25834.07421875,-10.847213745117188,,,
,,121649,,,,,,233.60586166381836,,,,,
,,121649,,,,,4.196405410766602,,,,,,
77,,121649,,,,,,,25833.4453125,-11.066926956176758,,,
,,121699,,,,,,234.2982292175293,,,,,
,,121699,,,,,25.166988372802734,,,,,,
77,,121699,,,,,,,25734.306640625,-11.055864334106445,,,
,,121749,,,,,,242.37918853759766,,,,,
,,121749,,,,,4.645824432373047,,,,,,
77,,121749,,,,,,,25752.4375,-10.915310859680176,,,
,,121799,,,,,,232.13481903076172,,,,,
,,121799,,,,,26.287078857421875,,,,,,
77,,121799,,,,,,,25794.5625,-11.055485725402832,,,
,,121849,,,,,,233.55412483215332,,,,,
,,121849,,,,,4.585742950439453,,,,,,
77,,121849,,,,,,,25794.189453125,-10.726180076599121,,,
,,121899,,,,,,243.63374710083008,,,,,
,,121899,,,,,26.204824447631836,,,,,,
77,,121899,,,,,,,25921.130859375,-10.940896034240723,,,
77,,121913,,,,,,,,,-10.496424674987793,-10.608180046081543,-10.997176170349121
,,121914,,,,410.87273478507996,,,,,,,
,0.0003,121914,,,,,,,,,,,
,,121949,,,,,,231.05835914611816,,,,,
,,121949,,,,,5.115747451782227,,,,,,
78,,121949,,,,,,,25652.806640625,-11.075300216674805,,,
,,121999,,,,,,230.67736625671387,,,,,
,,121999,,,,,23.581266403198242,,,,,,
78,,121999,,,,,,,25826.44921875,-10.964792251586914,,,
,,122049,,,,,,239.7775650024414,,,,,
,,122049,,,,,4.584550857543945,,,,,,
78,,122049,,,,,,,25922.236328125,-11.1160249710083,,,
,,122099,,,,,,237.95437812805176,,,,,
,,122099,,,,,24.007320404052734,,,,,,
78,,122099,,,,,,,25814.1015625,-11.234790802001953,,,
,,122149,,,,,,235.03923416137695,,,,,
,,122149,,,,,4.356861114501953,,,,,,
78,,122149,,,,,,,25890.4609375,-11.006525993347168,,,
,,122199,,,,,,237.20335960388184,,,,,
,,122199,,,,,25.082111358642578,,,,,,
78,,122199,,,,,,,25849.921875,-10.779205322265625,,,
,,122249,,,,,,234.7548007965088,,,,,
,,122249,,,,,4.482746124267578,,,,,,
78,,122249,,,,,,,25848.51953125,-10.96512222290039,,,
,,122299,,,,,,236.17172241210938,,,,,
,,122299,,,,,26.57914161682129,,,,,,
78,,122299,,,,,,,25810.154296875,-11.144762992858887,,,
,,122349,,,,,,234.45963859558105,,,,,
,,122349,,,,,4.092931747436523,,,,,,
78,,122349,,,,,,,25739.62109375,-10.763261795043945,,,
,,122399,,,,,,236.59133911132812,,,,,
,,122399,,,,,20.981311798095703,,,,,,
78,,122399,,,,,,,25833.31640625,-10.842878341674805,,,
,,122449,,,,,,226.9153594970703,,,,,
,,122449,,,,,2.807140350341797,,,,,,
78,,122449,,,,,,,25749.392578125,-11.138937950134277,,,
,,122499,,,,,,236.41157150268555,,,,,
,,122499,,,,,26.071548461914062,,,,,,
78,,122499,,,,,,,25815.77734375,-11.324462890625,,,
,,122549,,,,,,231.2455177307129,,,,,
,,122549,,,,,3.875732421875,,,,,,
78,,122549,,,,,,,25834.884765625,-11.08279800415039,,,
,,122599,,,,,,232.1760654449463,,,,,
,,122599,,,,,24.031639099121094,,,,,,
78,,122599,,,,,,,25899.3359375,-11.214103698730469,,,
,,122649,,,,,,234.57932472229004,,,,,
,,122649,,,,,4.621267318725586,,,,,,
78,,122649,,,,,,,25947.1484375,-11.182293891906738,,,
,,122699,,,,,,233.22081565856934,,,,,
,,122699,,,,,24.318933486938477,,,,,,
78,,122699,,,,,,,26045.4609375,-11.313328742980957,,,
,,122749,,,,,,234.38715934753418,,,,,
,,122749,,,,,4.020214080810547,,,,,,
78,,122749,,,,,,,25815.966796875,-11.104777336120605,,,
,,122799,,,,,,232.48839378356934,,,,,
,,122799,,,,,25.683164596557617,,,,,,
78,,122799,,,,,,,25776.48046875,-11.03687858581543,,,
,,122849,,,,,,229.60519790649414,,,,,
,,122849,,,,,4.431724548339844,,,,,,
78,,122849,,,,,,,25841.21875,-10.808192253112793,,,
,,122899,,,,,,234.21645164489746,,,,,
,,122899,,,,,20.74408531188965,,,,,,
78,,122899,,,,,,,25839.10546875,-11.00936508178711,,,
,,122949,,,,,,234.45963859558105,,,,,
,,122949,,,,,3.8824081420898438,,,,,,
78,,122949,,,,,,,26148.013671875,-10.560770034790039,,,
,,122999,,,,,,225.02613067626953,,,,,
,,122999,,,,,20.709991455078125,,,,,,
78,,122999,,,,,,,25914.64453125,-10.692218780517578,,,
,,123049,,,,,,229.4025421142578,,,,,
,,123049,,,,,2.981424331665039,,,,,,
78,,123049,,,,,,,25755.287109375,-10.967076301574707,,,
,,123099,,,,,,232.3601245880127,,,,,
,,123099,,,,,24.497032165527344,,,,,,
78,,123099,,,,,,,25918.953125,-10.722921371459961,,,
,,123149,,,,,,237.19358444213867,,,,,
,,123149,,,,,3.612995147705078,,,,,,
78,,123149,,,,,,,25831.91015625,-10.855683326721191,,,
,,123199,,,,,,231.1265468597412,,,,,
,,123199,,,,,23.655414581298828,,,,,,
78,,123199,,,,,,,25838.5,-10.894841194152832,,,
,,123249,,,,,,231.1241626739502,,,,,
,,123249,,,,,3.743410110473633,,,,,,
78,,123249,,,,,,,25988.13671875,-11.270002365112305,,,
,,123299,,,,,,231.67181015014648,,,,,
,,123299,,,,,22.777795791625977,,,,,,
78,,123299,,,,,,,25777.69921875,-10.848590850830078,,,
,,123349,,,,,,228.87802124023438,,,,,
,,123349,,,,,4.1294097900390625,,,,,,
78,,123349,,,,,,,25777.28125,-10.889582633972168,,,
,,123399,,,,,,229.95376586914062,,,,,
,,123399,,,,,26.377439498901367,,,,,,
78,,123399,,,,,,,25949.16015625,-11.25501823425293,,,
,,123449,,,,,,228.9576530456543,,,,,
,,123449,,,,,4.341363906860352,,,,,,
78,,123449,,,,,,,25851.171875,-11.041361808776855,,,
78,,123476,,,,,,,,,-10.489058494567871,-10.601371765136719,-10.989934921264648
,,123477,,,,406.9049699306488,,,,,,,
,0.0003,123477,,,,,,,,,,,
,,123499,,,,,,224.776029586792,,,,,
,,123499,,,,,20.778656005859375,,,,,,
79,,123499,,,,,,,25969.951171875,-11.176827430725098,,,
,,123549,,,,,,231.80508613586426,,,,,
,,123549,,,,,3.717660903930664,,,,,,
79,,123549,,,,,,,25699.525390625,-11.071561813354492,,,
,,123599,,,,,,225.66771507263184,,,,,
,,123599,,,,,20.60246467590332,,,,,,
79,,123599,,,,,,,25971.42578125,-11.109184265136719,,,
,,123649,,,,,,229.74014282226562,,,,,
,,123649,,,,,4.315853118896484,,,,,,
79,,123649,,,,,,,25805.46484375,-11.089845657348633,,,
,,123699,,,,,,231.6567897796631,,,,,
,,123699,,,,,26.911497116088867,,,,,,
79,,123699,,,,,,,25803.3046875,-10.974853515625,,,
,,123749,,,,,,232.29598999023438,,,,,
,,123749,,,,,4.434108734130859,,,,,,
79,,123749,,,,,,,26036.7578125,-11.031834602355957,,,
,,123799,,,,,,233.20364952087402,,,,,
,,123799,,,,,24.37877655029297,,,,,,
79,,123799,,,,,,,25850.36328125,-11.035737037658691,,,
,,123849,,,,,,232.1929931640625,,,,,
,,123849,,,,,3.8747787475585938,,,,,,
79,,123849,,,,,,,25868.998046875,-10.626782417297363,,,
,,123899,,,,,,230.93414306640625,,,,,
,,123899,,,,,23.528575897216797,,,,,,
79,,123899,,,,,,,25784.041015625,-11.063794136047363,,,
,,123949,,,,,,236.36722564697266,,,,,
,,123949,,,,,4.545927047729492,,,,,,
79,,123949,,,,,,,25873.263671875,-10.92514419555664,,,
,,123999,,,,,,228.19876670837402,,,,,
,,123999,,,,,24.967193603515625,,,,,,
79,,123999,,,,,,,25982.025390625,-10.951435089111328,,,
,,124049,,,,,,231.08768463134766,,,,,
,,124049,,,,,4.86302375793457,,,,,,
79,,124049,,,,,,,25914.8046875,-11.01137924194336,,,
,,124099,,,,,,228.49321365356445,,,,,
,,124099,,,,,28.029918670654297,,,,,,
79,,124099,,,,,,,25876.814453125,-10.945292472839355,,,
,,124149,,,,,,225.07238388061523,,,,,
,,124149,,,,,4.389762878417969,,,,,,
79,,124149,,,,,,,25730.947265625,-11.25163745880127,,,
,,124199,,,,,,233.42561721801758,,,,,
,,124199,,,,,24.730205535888672,,,,,,
79,,124199,,,,,,,25840.66015625,-11.147871971130371,,,
,,124249,,,,,,234.04908180236816,,,,,
,,124249,,,,,4.658222198486328,,,,,,
79,,124249,,,,,,,25891.21484375,-10.812257766723633,,,
,,124299,,,,,,222.99456596374512,,,,,
,,124299,,,,,24.25384521484375,,,,,,
79,,124299,,,,,,,25671.08203125,-10.94474983215332,,,
,,124349,,,,,,224.2128849029541,,,,,
,,124349,,,,,3.5626888275146484,,,,,,
79,,124349,,,,,,,25928.939453125,-11.0889253616333,,,
,,124399,,,,,,219.1336154937744,,,,,
,,124399,,,,,20.666837692260742,,,,,,
79,,124399,,,,,,,25845.294921875,-10.849987983703613,,,
,,124449,,,,,,228.98459434509277,,,,,
,,124449,,,,,2.6519298553466797,,,,,,
79,,124449,,,,,,,25764.17578125,-10.843092918395996,,,
,,124499,,,,,,218.65034103393555,,,,,
,,124499,,,,,25.130510330200195,,,,,,
79,,124499,,,,,,,25869.4765625,-10.950468063354492,,,
,,124549,,,,,,219.83742713928223,,,,,
,,124549,,,,,3.4360885620117188,,,,,,
79,,124549,,,,,,,25895.00390625,-10.963723182678223,,,
,,124599,,,,,,219.44379806518555,,,,,
,,124599,,,,,20.746707916259766,,,,,,
79,,124599,,,,,,,26027.482421875,-11.35619068145752,,,
,,124649,,,,,,231.3213348388672,,,,,
,,124649,,,,,2.722024917602539,,,,,,
79,,124649,,,,,,,25883.849609375,-10.89836311340332,,,
,,124699,,,,,,237.1377944946289,,,,,
,,124699,,,,,20.882606506347656,,,,,,
79,,124699,,,,,,,25911.9765625,-10.936088562011719,,,
,,124749,,,,,,233.1717014312744,,,,,
,,124749,,,,,3.0982494354248047,,,,,,
79,,124749,,,,,,,25719.00390625,-11.052858352661133,,,
,,124799,,,,,,231.3072681427002,,,,,
,,124799,,,,,23.879289627075195,,,,,,
79,,124799,,,,,,,25830.0234375,-11.254300117492676,,,
,,124849,,,,,,236.1154556274414,,,,,
,,124849,,,,,4.347801208496094,,,,,,
79,,124849,,,,,,,25741.85546875,-10.67020034790039,,,
,,124899,,,,,,226.52244567871094,,,,,
,,124899,,,,,20.653963088989258,,,,,,
79,,124899,,,,,,,25822.16796875,-11.202773094177246,,,
,,124949,,,,,,227.30374336242676,,,,,
,,124949,,,,,3.871917724609375,,,,,,
79,,124949,,,,,,,25818.423828125,-10.770055770874023,,,
,,124999,,,,,,225.47173500061035,,,,,
,,124999,,,,,20.72000503540039,,,,,,
79,,124999,,,,,,,26001.55859375,-10.961835861206055,,,
79,,125039,,,,,,,,,-10.488945007324219,-10.60131549835205,-10.985749244689941
,,125040,,,,400.5493459701538,,,,,,,
,0.0003,125040,,,,,,,,,,,
,,125049,,,,,,222.39184379577637,,,,,
,,125049,,,,,4.193782806396484,,,,,,
80,,125049,,,,,,,25771.84375,-11.062723159790039,,,
,,125099,,,,,,226.35531425476074,,,,,
,,125099,,,,,25.182008743286133,,,,,,
80,,125099,,,,,,,25786.84375,-10.847443580627441,,,
,,125149,,,,,,237.64371871948242,,,,,
,,125149,,,,,4.09698486328125,,,,,,
80,,125149,,,,,,,25917.7421875,-11.043158531188965,,,
,,125199,,,,,,223.47378730773926,,,,,
,,125199,,,,,24.208784103393555,,,,,,
80,,125199,,,,,,,25642.86328125,-10.749699592590332,,,
,,125249,,,,,,234.22002792358398,,,,,
,,125249,,,,,4.543781280517578,,,,,,
80,,125249,,,,,,,26003.8046875,-10.966659545898438,,,
,,125299,,,,,,233.95776748657227,,,,,
,,125299,,,,,25.410890579223633,,,,,,
80,,125299,,,,,,,25907.98828125,-10.822699546813965,,,
,,125349,,,,,,229.36773300170898,,,,,
,,125349,,,,,4.324913024902344,,,,,,
80,,125349,,,,,,,25813.908203125,-10.698719024658203,,,
,,125399,,,,,,223.96039962768555,,,,,
,,125399,,,,,21.19755744934082,,,,,,
80,,125399,,,,,,,25741.078125,-11.063746452331543,,,
,,125449,,,,,,232.18750953674316,,,,,
,,125449,,,,,4.428625106811523,,,,,,
80,,125449,,,,,,,25958.0703125,-11.23726749420166,,,
,,125499,,,,,,221.28748893737793,,,,,
,,125499,,,,,20.807266235351562,,,,,,
80,,125499,,,,,,,25854.5703125,-10.921902656555176,,,
,,125549,,,,,,233.77370834350586,,,,,
,,125549,,,,,4.38380241394043,,,,,,
80,,125549,,,,,,,25854.60546875,-10.68929386138916,,,
,,125599,,,,,,233.3853244781494,,,,,
,,125599,,,,,20.83277702331543,,,,,,
80,,125599,,,,,,,25780.16015625,-10.95766544342041,,,
,,125649,,,,,,233.57057571411133,,,,,
,,125649,,,,,4.39763069152832,,,,,,
80,,125649,,,,,,,25698.9453125,-10.98204231262207,,,
,,125699,,,,,,226.78470611572266,,,,,
,,125699,,,,,20.78557014465332,,,,,,
80,,125699,,,,,,,25926.958984375,-10.814462661743164,,,
,,125749,,,,,,228.00683975219727,,,,,
,,125749,,,,,2.6814937591552734,,,,,,
80,,125749,,,,,,,25853.212890625,-10.877787590026855,,,
,,125799,,,,,,231.26673698425293,,,,,
,,125799,,,,,23.166656494140625,,,,,,
80,,125799,,,,,,,25925.21875,-10.96665096282959,,,
,,125849,,,,,,229.3856143951416,,,,,
,,125849,,,,,4.331827163696289,,,,,,
80,,125849,,,,,,,25843.40234375,-10.990495681762695,,,
,,125899,,,,,,233.63447189331055,,,,,
,,125899,,,,,25.502443313598633,,,,,,
80,,125899,,,,,,,25757.33203125,-11.319872856140137,,,
,,125949,,,,,,226.03201866149902,,,,,
,,125949,,,,,4.397153854370117,,,,,,
80,,125949,,,,,,,25997.3046875,-10.56672191619873,,,
,,125999,,,,,,234.1611385345459,,,,,
,,125999,,,,,20.62225341796875,,,,,,
80,,125999,,,,,,,25894.40234375,-10.948945045471191,,,
,,126049,,,,,,236.74392700195312,,,,,
,,126049,,,,,4.470109939575195,,,,,,
80,,126049,,,,,,,25818.50390625,-10.947869300842285,,,
,,126099,,,,,,237.29515075683594,,,,,
,,126099,,,,,26.24678611755371,,,,,,
80,,126099,,,,,,,25716.734375,-10.86620807647705,,,
,,126149,,,,,,228.79767417907715,,,,,
,,126149,,,,,4.385709762573242,,,,,,
80,,126149,,,,,,,25889.26171875,-11.056779861450195,,,
,,126199,,,,,,226.09281539916992,,,,,
,,126199,,,,,21.15774154663086,,,,,,
80,,126199,,,,,,,26082.84375,-11.111576080322266,,,
,,126249,,,,,,235.3975772857666,,,,,
,,126249,,,,,4.485130310058594,,,,,,
80,,126249,,,,,,,25828.84375,-10.943923950195312,,,
,,126299,,,,,,224.95627403259277,,,,,
,,126299,,,,,25.32052993774414,,,,,,
80,,126299,,,,,,,25763.4921875,-11.033578872680664,,,
,,126349,,,,,,228.93691062927246,,,,,
,,126349,,,,,4.363298416137695,,,,,,
80,,126349,,,,,,,25884.859375,-11.136585235595703,,,
,,126399,,,,,,227.08511352539062,,,,,
,,126399,,,,,21.345138549804688,,,,,,
80,,126399,,,,,,,25954.6875,-11.142226219177246,,,
,,126449,,,,,,231.36544227600098,,,,,
,,126449,,,,,4.422664642333984,,,,,,
80,,126449,,,,,,,25964.119140625,-11.163397789001465,,,
,,126499,,,,,,230.32546043395996,,,,,
,,126499,,,,,27.48894691467285,,,,,,
80,,126499,,,,,,,25922.478515625,-11.020015716552734,,,
,,126549,,,,,,232.30719566345215,,,,,
,,126549,,,,,2.825021743774414,,,,,,
80,,126549,,,,,,,25746.501953125,-10.95947265625,,,
,,126599,,,,,,225.25358200073242,,,,,
,,126599,,,,,20.869016647338867,,,,,,
80,,126599,,,,,,,25807.814453125,-10.791532516479492,,,
80,,126602,,,,,,,,,-10.496042251586914,-10.611717224121094,-10.998770713806152
,,126603,,,,401.9022629261017,,,,,,,
,0.0003,126603,,,,,,,,,,,
,,126649,,,,,,230.02004623413086,,,,,
,,126649,,,,,3.4351348876953125,,,,,,
81,,126649,,,,,,,25782.890625,-10.802852630615234,,,
,,126699,,,,,,230.88908195495605,,,,,
,,126699,,,,,26.765108108520508,,,,,,
81,,126699,,,,,,,25980.7265625,-10.940556526184082,,,
,,126749,,,,,,230.177640914917,,,,,
,,126749,,,,,4.309892654418945,,,,,,
81,,126749,,,,,,,25688.9453125,-10.94605827331543,,,
,,126799,,,,,,228.98578643798828,,,,,
,,126799,,,,,20.71523666381836,,,,,,
81,,126799,,,,,,,25752.060546875,-10.703953742980957,,,
,,126849,,,,,,226.22156143188477,,,,,
,,126849,,,,,4.415273666381836,,,,,,
81,,126849,,,,,,,25939.65625,-10.906770706176758,,,
,,126899,,,,,,223.9243984222412,,,,,
,,126899,,,,,20.788908004760742,,,,,,
81,,126899,,,,,,,25662.65234375,-11.135568618774414,,,
,,126949,,,,,,234.7736358642578,,,,,
,,126949,,,,,3.8499832153320312,,,,,,
81,,126949,,,,,,,25401.22265625,-11.004223823547363,,,
,,126999,,,,,,240.48423767089844,,,,,
,,126999,,,,,26.559829711914062,,,,,,
81,,126999,,,,,,,25898.9609375,-10.920768737792969,,,
,,127049,,,,,,228.34467887878418,,,,,
,,127049,,,,,2.866506576538086,,,,,,
81,,127049,,,,,,,25965.46484375,-11.20518970489502,,,
,,127099,,,,,,229.87747192382812,,,,,
,,127099,,,,,21.31509780883789,,,,,,
81,,127099,,,,,,,25927.15234375,-11.156723022460938,,,
,,127149,,,,,,231.26983642578125,,,,,
,,127149,,,,,2.741098403930664,,,,,,
81,,127149,,,,,,,25810.3828125,-11.142122268676758,,,
,,127199,,,,,,234.88545417785645,,,,,
,,127199,,,,,20.659446716308594,,,,,,
81,,127199,,,,,,,25771.640625,-10.8104829788208,,,
,,127249,,,,,,221.21644020080566,,,,,
,,127249,,,,,3.7467479705810547,,,,,,
81,,127249,,,,,,,26035.7734375,-10.882546424865723,,,
,,127299,,,,,,241.06526374816895,,,,,
,,127299,,,,,25.786638259887695,,,,,,
81,,127299,,,,,,,25811.234375,-10.97099494934082,,,
,,127349,,,,,,231.71210289001465,,,,,
,,127349,,,,,3.2737255096435547,,,,,,
81,,127349,,,,,,,25853.3515625,-11.375433921813965,,,
,,127399,,,,,,244.00901794433594,,,,,
,,127399,,,,,26.685476303100586,,,,,,
81,,127399,,,,,,,25634.6796875,-10.866068840026855,,,
,,127449,,,,,,238.9199733734131,,,,,
,,127449,,,,,5.805015563964844,,,,,,
81,,127449,,,,,,,26062.6328125,-11.135555267333984,,,
,,127499,,,,,,242.2471046447754,,,,,
,,127499,,,,,24.536609649658203,,,,,,
81,,127499,,,,,,,25850.51171875,-11.019699096679688,,,
,,127549,,,,,,237.3044490814209,,,,,
,,127549,,,,,6.161928176879883,,,,,,
81,,127549,,,,,,,25917.171875,-10.986811637878418,,,
,,127599,,,,,,243.61205101013184,,,,,
,,127599,,,,,24.306297302246094,,,,,,
81,,127599,,,,,,,25628.181640625,-10.968123435974121,,,
,,127649,,,,,,239.4082546234131,,,,,
,,127649,,,,,5.35273551940918,,,,,,
81,,127649,,,,,,,25904.83203125,-11.042920112609863,,,
,,127699,,,,,,236.8788719177246,,,,,
,,127699,,,,,22.47166633605957,,,,,,
81,,127699,,,,,,,25818.99609375,-11.08608627319336,,,
,,127749,,,,,,241.41907691955566,,,,,
,,127749,,,,,5.644559860229492,,,,,,
81,,127749,,,,,,,25722.216796875,-11.158979415893555,,,
,,127799,,,,,,237.2286319732666,,,,,
,,127799,,,,,23.377418518066406,,,,,,
81,,127799,,,,,,,25832.828125,-10.59780216217041,,,
,,127849,,,,,,242.39087104797363,,,,,
,,127849,,,,,6.131887435913086,,,,,,
81,,127849,,,,,,,25836.8828125,-11.041510581970215,,,
,,127899,,,,,,246.5531826019287,,,,,
,,127899,,,,,24.20973777770996,,,,,,
81,,127899,,,,,,,25795.8984375,-11.016810417175293,,,
,,127949,,,,,,239.5319938659668,,,,,
,,127949,,,,,4.760026931762695,,,,,,
81,,127949,,,,,,,26025.26171875,-10.898676872253418,,,
,,127999,,,,,,245.88990211486816,,,,,
,,127999,,,,,24.05071258544922,,,,,,
81,,127999,,,,,,,25899.763671875,-10.907615661621094,,,
,,128049,,,,,,242.39063262939453,,,,,
,,128049,,,,,5.419015884399414,,,,,,
81,,128049,,,,,,,26002.060546875,-10.902544021606445,,,
,,128099,,,,,,246.78826332092285,,,,,
,,128099,,,,,24.870634078979492,,,,,,
81,,128099,,,,,,,25891.7578125,-10.750161170959473,,,
,,128149,,,,,,237.01214790344238,,,,,
,,128149,,,,,5.671024322509766,,,,,,
81,,128149,,,,,,,25948.46875,-10.932844161987305,,,
81,,128165,,,,,,,,,-10.489248275756836,-10.609018325805664,-10.993813514709473
,,128166,,,,413.12853169441223,,,,,,,
,0.0003,128166,,,,,,,,,,,
,,128199,,,,,,241.16039276123047,,,,,
,,128199,,,,,24.570703506469727,,,,,,
82,,128199,,,,,,,25753.6171875,-10.718557357788086,,,
,,128249,,,,,,228.96289825439453,,,,,
,,128249,,,,,5.785703659057617,,,,,,
82,,128249,,,,,,,25902.6328125,-10.992231369018555,,,
,,128299,,,,,,237.9322052001953,,,,,
,,128299,,,,,24.51610565185547,,,,,,
82,,128299,,,,,,,25672.06640625,-10.900505065917969,,,
,,128349,,,,,,244.97318267822266,,,,,
,,128349,,,,,5.162477493286133,,,,,,
82,,128349,,,,,,,25843.029296875,-10.48818302154541,,,
,,128399,,,,,,244.77815628051758,,,,,
,,128399,,,,,24.431467056274414,,,,,,
82,,128399,,,,,,,25872.181640625,-11.013105392456055,,,
,,128449,,,,,,244.22740936279297,,,,,
,,128449,,,,,6.046772003173828,,,,,,
82,,128449,,,,,,,25859.001953125,-11.116254806518555,,,
,,128499,,,,,,242.0663833618164,,,,,
,,128499,,,,,23.97465705871582,,,,,,
82,,128499,,,,,,,25779.640625,-10.796820640563965,,,
,,128549,,,,,,242.2809600830078,,,,,
,,128549,,,,,5.507707595825195,,,,,,
82,,128549,,,,,,,25825.146484375,-10.928357124328613,,,
,,128599,,,,,,243.3784008026123,,,,,
,,128599,,,,,25.249481201171875,,,,,,
82,,128599,,,,,,,25822.97265625,-11.366621971130371,,,
,,128649,,,,,,241.52445793151855,,,,,
,,128649,,,,,5.600690841674805,,,,,,
82,,128649,,,,,,,25748.451171875,-11.208561897277832,,,
,,128699,,,,,,241.02520942687988,,,,,
,,128699,,,,,26.951313018798828,,,,,,
82,,128699,,,,,,,25829.109375,-10.785037994384766,,,
,,128749,,,,,,243.49069595336914,,,,,
,,128749,,,,,5.68389892578125,,,,,,
82,,128749,,,,,,,25774.3203125,-10.910727500915527,,,
,,128799,,,,,,239.92586135864258,,,,,
,,128799,,,,,23.929834365844727,,,,,,
82,,128799,,,,,,,25656.6953125,-11.135603904724121,,,
,,128849,,,,,,241.98055267333984,,,,,
,,128849,,,,,6.256341934204102,,,,,,
82,,128849,,,,,,,25774.7265625,-11.196210861206055,,,
,,128899,,,,,,241.80889129638672,,,,,
,,128899,,,,,24.907827377319336,,,,,,
82,,128899,,,,,,,25846.345703125,-11.094534873962402,,,
,,128949,,,,,,238.89899253845215,,,,,
,,128949,,,,,5.509376525878906,,,,,,
82,,128949,,,,,,,25985.91796875,-10.956342697143555,,,
,,128999,,,,,,241.81008338928223,,,,,
,,128999,,,,,24.75595474243164,,,,,,
82,,128999,,,,,,,26061.625,-11.003042221069336,,,
,,129049,,,,,,240.87166786193848,,,,,
,,129049,,,,,5.75566291809082,,,,,,
82,,129049,,,,,,,25910.228515625,-11.233278274536133,,,
,,129099,,,,,,238.58165740966797,,,,,
,,129099,,,,,24.208545684814453,,,,,,
82,,129099,,,,,,,25837.55078125,-11.130308151245117,,,
,,129149,,,,,,233.2000732421875,,,,,
,,129149,,,,,4.683732986450195,,,,,,
82,,129149,,,,,,,25996.5,-11.29862117767334,,,
,,129199,,,,,,235.08739471435547,,,,,
,,129199,,,,,25.274991989135742,,,,,,
82,,129199,,,,,,,25690.94921875,-11.162341117858887,,,
,,129249,,,,,,233.1223487854004,,,,,
,,129249,,,,,3.8764476776123047,,,,,,
82,,129249,,,,,,,25985.91796875,-10.920293807983398,,,
,,129299,,,,,,231.40883445739746,,,,,
,,129299,,,,,25.718212127685547,,,,,,
82,,129299,,,,,,,25874.62890625,-11.004277229309082,,,
,,129349,,,,,,222.40781784057617,,,,,
,,129349,,,,,4.456758499145508,,,,,,
82,,129349,,,,,,,25800.90234375,-11.0845947265625,,,
,,129399,,,,,,222.07355499267578,,,,,
,,129399,,,,,20.926237106323242,,,,,,
82,,129399,,,,,,,25777.794921875,-10.886322975158691,,,
,,129449,,,,,,218.68085861206055,,,,,
,,129449,,,,,2.8955936431884766,,,,,,
82,,129449,,,,,,,25792.22265625,-11.156567573547363,,,
,,129499,,,,,,219.31028366088867,,,,,
,,129499,,,,,21.04806900024414,,,,,,
82,,129499,,,,,,,25865.01171875,-10.910785675048828,,,
,,129549,,,,,,217.58008003234863,,,,,
,,129549,,,,,2.7174949645996094,,,,,,
82,,129549,,,,,,,25865.2734375,-10.975351333618164,,,
,,129599,,,,,,217.88334846496582,,,,,
,,129599,,,,,20.746707916259766,,,,,,
82,,129599,,,,,,,25852.91796875,-11.001419067382812,,,
,,129649,,,,,,217.33379364013672,,,,,
,,129649,,,,,2.7456283569335938,,,,,,
82,,129649,,,,,,,25896.19921875,-10.957077026367188,,,
,,129699,,,,,,219.04397010803223,,,,,
,,129699,,,,,20.72906494140625,,,,,,
82,,129699,,,,,,,25791.30859375,-10.868471145629883,,,
82,,129728,,,,,,,,,-10.493273735046387,-10.61014461517334,-10.994915962219238
,,129729,,,,410.9424707889557,,,,,,,
,0.0003,129729,,,,,,,,,,,
,,129749,,,,,,220.49212455749512,,,,,
,,129749,,,,,2.725362777709961,,,,,,
83,,129749,,,,,,,25700.650390625,-10.896655082702637,,,
,,129799,,,,,,220.32713890075684,,,,,
,,129799,,,,,20.665884017944336,,,,,,
83,,129799,,,,,,,25937.1640625,-11.022789001464844,,,
,,129849,,,,,,216.54081344604492,,,,,
,,129849,,,,,2.8030872344970703,,,,,,
83,,129849,,,,,,,26022.4140625,-10.9645357131958,,,
,,129899,,,,,,216.05849266052246,,,,,
,,129899,,,,,20.407676696777344,,,,,,
83,,129899,,,,,,,25898.41796875,-11.130468368530273,,,
,,129949,,,,,,216.5524959564209,,,,,
,,129949,,,,,2.7282238006591797,,,,,,
83,,129949,,,,,,,25832.17578125,-11.131731033325195,,,
,,129999,,,,,,217.34070777893066,,,,,
,,129999,,,,,20.519733428955078,,,,,,
83,,129999,,,,,,,25795.92578125,-11.272475242614746,,,
,,130049,,,,,,216.69459342956543,,,,,
,,130049,,,,,2.8650760650634766,,,,,,
83,,130049,,,,,,,25727.42578125,-10.825510025024414,,,
,,130099,,,,,,216.63665771484375,,,,,
,,130099,,,,,20.267724990844727,,,,,,
83,,130099,,,,,,,25781.30078125,-11.205954551696777,,,
,,130149,,,,,,222.00298309326172,,,,,
,,130149,,,,,2.7971267700195312,,,,,,
83,,130149,,,,,,,25753.828125,-11.090144157409668,,,
,,130199,,,,,,216.6595458984375,,,,,
,,130199,,,,,20.526647567749023,,,,,,
83,,130199,,,,,,,25909.4296875,-11.02059268951416,,,
,,130249,,,,,,216.46928787231445,,,,,
,,130249,,,,,2.8514862060546875,,,,,,
83,,130249,,,,,,,26012.787109375,-11.03519344329834,,,
,,130299,,,,,,216.0470485687256,,,,,
,,130299,,,,,20.380020141601562,,,,,,
83,,130299,,,,,,,25853.22265625,-11.129340171813965,,,
,,130349,,,,,,216.4785861968994,,,,,
,,130349,,,,,2.6311874389648438,,,,,,
83,,130349,,,,,,,25838.271484375,-11.238858222961426,,,
,,130399,,,,,,217.66233444213867,,,,,
,,130399,,,,,20.4620361328125,,,,,,
83,,130399,,,,,,,25926.71484375,-11.332831382751465,,,
,,130449,,,,,,217.67950057983398,,,,,
,,130449,,,,,3.0558109283447266,,,,,,
83,,130449,,,,,,,25823.427734375,-11.186535835266113,,,
,,130499,,,,,,217.9698944091797,,,,,
,,130499,,,,,20.54429054260254,,,,,,
83,,130499,,,,,,,25873.56640625,-10.665990829467773,,,
,,130549,,,,,,220.12758255004883,,,,,
,,130549,,,,,2.6788711547851562,,,,,,
83,,130549,,,,,,,26055.314453125,-11.072175025939941,,,
,,130599,,,,,,216.77613258361816,,,,,
,,130599,,,,,20.572662353515625,,,,,,
83,,130599,,,,,,,25797.05078125,-10.800413131713867,,,
,,130649,,,,,,216.26520156860352,,,,,
,,130649,,,,,2.6581287384033203,,,,,,
83,,130649,,,,,,,25913.6015625,-11.35055160522461,,,
,,130699,,,,,,217.3635959625244,,,,,
,,130699,,,,,21.074295043945312,,,,,,
83,,130699,,,,,,,25848.265625,-11.00701904296875,,,
,,130749,,,,,,225.19493103027344,,,,,
,,130749,,,,,3.160238265991211,,,,,,
83,,130749,,,,,,,25920.06640625,-11.319363594055176,,,
,,130799,,,,,,228.9257049560547,,,,,
,,130799,,,,,27.313232421875,,,,,,
83,,130799,,,,,,,25759.25390625,-10.832545280456543,,,
,,130849,,,,,,233.07418823242188,,,,,
,,130849,,,,,2.751588821411133,,,,,,
83,,130849,,,,,,,25856.794921875,-10.952302932739258,,,
,,130899,,,,,,228.1203269958496,,,,,
,,130899,,,,,20.815372467041016,,,,,,
83,,130899,,,,,,,25883.234375,-11.392326354980469,,,
,,130949,,,,,,225.36015510559082,,,,,
,,130949,,,,,4.342794418334961,,,,,,
83,,130949,,,,,,,25762.125,-11.338765144348145,,,
,,130999,,,,,,219.879150390625,,,,,
,,130999,,,,,25.09331703186035,,,,,,
83,,130999,,,,,,,25813.8984375,-10.777959823608398,,,
,,131049,,,,,,217.73242950439453,,,,,
,,131049,,,,,2.6731491088867188,,,,,,
83,,131049,,,,,,,25749.43359375,-11.004749298095703,,,
,,131099,,,,,,223.68764877319336,,,,,
,,131099,,,,,20.438432693481445,,,,,,
83,,131099,,,,,,,25822.287109375,-10.981694221496582,,,
,,131149,,,,,,223.45399856567383,,,,,
,,131149,,,,,2.770662307739258,,,,,,
83,,131149,,,,,,,25721.39453125,-10.960820198059082,,,
,,131199,,,,,,227.78868675231934,,,,,
,,131199,,,,,24.77288246154785,,,,,,
83,,131199,,,,,,,26023.56640625,-10.92996883392334,,,
,,131249,,,,,,227.56719589233398,,,,,
,,131249,,,,,3.207683563232422,,,,,,
83,,131249,,,,,,,25845.052734375,-10.66112995147705,,,
83,,131291,,,,,,,,,-10.489812850952148,-10.604143142700195,-10.986222267150879
,,131292,,,,385.1406545639038,,,,,,,
,0.0003,131292,,,,,,,,,,,
,,131299,,,,,,219.757080078125,,,,,
,,131299,,,,,24.145841598510742,,,,,,
84,,131299,,,,,,,25806.06640625,-11.084633827209473,,,
,,131349,,,,,,221.1143970489502,,,,,
,,131349,,,,,2.8917789459228516,,,,,,
84,,131349,,,,,,,25782.5,-11.058720588684082,,,
,,131399,,,,,,220.22461891174316,,,,,
,,131399,,,,,20.713329315185547,,,,,,
84,,131399,,,,,,,26039.67578125,-11.043214797973633,,,
,,131449,,,,,,227.41985321044922,,,,,
,,131449,,,,,2.6781558990478516,,,,,,
84,,131449,,,,,,,25611.4921875,-11.161155700683594,,,
,,131499,,,,,,216.88032150268555,,,,,
,,131499,,,,,20.970821380615234,,,,,,
84,,131499,,,,,,,25759.33984375,-10.971708297729492,,,
,,131549,,,,,,226.7153263092041,,,,,
,,131549,,,,,4.659175872802734,,,,,,
84,,131549,,,,,,,25991.171875,-10.984685897827148,,,
,,131599,,,,,,223.73723983764648,,,,,
,,131599,,,,,20.339488983154297,,,,,,
84,,131599,,,,,,,25874.119140625,-11.096919059753418,,,
,,131649,,,,,,227.6477813720703,,,,,
,,131649,,,,,2.7322769165039062,,,,,,
84,,131649,,,,,,,25947.37890625,-10.845022201538086,,,
,,131699,,,,,,223.01340103149414,,,,,
,,131699,,,,,21.149396896362305,,,,,,
84,,131699,,,,,,,25777.4921875,-10.949738502502441,,,
,,131749,,,,,,218.31655502319336,,,,,
,,131749,,,,,2.794027328491211,,,,,,
84,,131749,,,,,,,25727.958984375,-10.966967582702637,,,
,,131799,,,,,,227.80585289001465,,,,,
,,131799,,,,,25.081872940063477,,,,,,
84,,131799,,,,,,,25965.603515625,-10.839065551757812,,,
,,131849,,,,,,223.0677604675293,,,,,
,,131849,,,,,2.7573108673095703,,,,,,
84,,131849,,,,,,,25714.3671875,-10.768075942993164,,,
,,131899,,,,,,224.7159481048584,,,,,
,,131899,,,,,20.965099334716797,,,,,,
84,,131899,,,,,,,25838.625,-10.90816593170166,,,
,,131949,,,,,,231.28199577331543,,,,,
,,131949,,,,,2.8078556060791016,,,,,,
84,,131949,,,,,,,25845.08203125,-11.074830055236816,,,
,,131999,,,,,,230.67498207092285,,,,,
,,131999,,,,,21.052837371826172,,,,,,
84,,131999,,,,,,,25895.5703125,-11.008623123168945,,,
,,132049,,,,,,224.31659698486328,,,,,
,,132049,,,,,2.833127975463867,,,,,,
84,,132049,,,,,,,25906.525390625,-11.015873908996582,,,
,,132099,,,,,,228.6093235015869,,,,,
,,132099,,,,,20.538806915283203,,,,,,
84,,132099,,,,,,,26121.423828125,-11.027423858642578,,,
,,132149,,,,,,228.2116413116455,,,,,
,,132149,,,,,2.7360916137695312,,,,,,
84,,132149,,,,,,,25798.71484375,-10.874804496765137,,,
,,132199,,,,,,225.05950927734375,,,,,
,,132199,,,,,23.920536041259766,,,,,,
84,,132199,,,,,,,25885.880859375,-10.851659774780273,,,
,,132249,,,,,,225.39162635803223,,,,,
,,132249,,,,,3.3288002014160156,,,,,,
84,,132249,,,,,,,25743.18359375,-10.898638725280762,,,
,,132299,,,,,,228.29461097717285,,,,,
,,132299,,,,,25.63166618347168,,,,,,
84,,132299,,,,,,,26034.654296875,-10.767248153686523,,,
,,132349,,,,,,229.811429977417,,,,,
,,132349,,,,,4.415750503540039,,,,,,
84,,132349,,,,,,,25963.56640625,-10.994804382324219,,,
,,132399,,,,,,221.2371826171875,,,,,
,,132399,,,,,20.54452896118164,,,,,,
84,,132399,,,,,,,25707.9453125,-10.60706615447998,,,
,,132449,,,,,,241.60456657409668,,,,,
,,132449,,,,,5.464315414428711,,,,,,
84,,132449,,,,,,,25934.08203125,-10.937691688537598,,,
,,132499,,,,,,235.46195030212402,,,,,
,,132499,,,,,23.17953109741211,,,,,,
84,,132499,,,,,,,25809.8203125,-11.19888973236084,,,
,,132549,,,,,,236.6929054260254,,,,,
,,132549,,,,,6.061792373657227,,,,,,
84,,132549,,,,,,,25993.40625,-11.168388366699219,,,
,,132599,,,,,,241.9912815093994,,,,,
,,132599,,,,,24.93453025817871,,,,,,
84,,132599,,,,,,,25995.349609375,-11.001314163208008,,,
,,132649,,,,,,234.27724838256836,,,,,
,,132649,,,,,6.039857864379883,,,,,,
84,,132649,,,,,,,25984.314453125,-10.915644645690918,,,
,,132699,,,,,,240.50664901733398,,,,,
,,132699,,,,,28.079986572265625,,,,,,
84,,132699,,,,,,,25867.60546875,-10.906847953796387,,,
,,132749,,,,,,241.32442474365234,,,,,
,,132749,,,,,5.279541015625,,,,,,
84,,132749,,,,,,,25846.15234375,-10.750070571899414,,,
,,132799,,,,,,241.62960052490234,,,,,
,,132799,,,,,23.06056022644043,,,,,,
84,,132799,,,,,,,25722.076171875,-10.975255966186523,,,
,,132849,,,,,,239.65907096862793,,,,,
,,132849,,,,,5.19871711730957,,,,,,
84,,132849,,,,,,,25711.01171875,-10.738390922546387,,,
84,,132854,,,,,,,,,-10.489781379699707,-10.605515480041504,-10.99325180053711
,,132855,,,,400.8511927127838,,,,,,,
,0.0003,132855,,,,,,,,,,,
,,132899,,,,,,239.06993865966797,,,,,
,,132899,,,,,23.94556999206543,,,,,,
85,,132899,,,,,,,25762.41015625,-11.036361694335938,,,
,,132949,,,,,,241.94097518920898,,,,,
,,132949,,,,,6.12187385559082,,,,,,
85,,132949,,,,,,,25958.142578125,-10.94655990600586,,,
,,132999,,,,,,241.22190475463867,,,,,
,,132999,,,,,24.187803268432617,,,,,,
85,,132999,,,,,,,25978.31640625,-10.851141929626465,,,
,,133049,,,,,,238.18111419677734,,,,,
,,133049,,,,,6.459236145019531,,,,,,
85,,133049,,,,,,,26022.33203125,-11.05202579498291,,,
,,133099,,,,,,239.69674110412598,,,,,
,,133099,,,,,23.09584617614746,,,,,,
85,,133099,,,,,,,25965.107421875,-10.923349380493164,,,
,,133149,,,,,,240.68498611450195,,,,,
,,133149,,,,,5.884647369384766,,,,,,
85,,133149,,,,,,,25756.1171875,-10.77865219116211,,,
,,133199,,,,,,237.17474937438965,,,,,
,,133199,,,,,24.07073974609375,,,,,,
85,,133199,,,,,,,25815.759765625,-11.102983474731445,,,
,,133249,,,,,,238.16537857055664,,,,,
,,133249,,,,,5.998134613037109,,,,,,
85,,133249,,,,,,,25788.45703125,-10.89199447631836,,,
,,133299,,,,,,240.46850204467773,,,,,
,,133299,,,,,23.75507354736328,,,,,,
85,,133299,,,,,,,25710.609375,-10.838728904724121,,,
,,133349,,,,,,241.29152297973633,,,,,
,,133349,,,,,6.222248077392578,,,,,,
85,,133349,,,,,,,25910.4375,-11.03840160369873,,,
,,133399,,,,,,242.6457405090332,,,,,
,,133399,,,,,23.498058319091797,,,,,,
85,,133399,,,,,,,25943.34765625,-10.959203720092773,,,
,,133449,,,,,,239.09306526184082,,,,,
,,133449,,,,,5.996227264404297,,,,,,
85,,133449,,,,,,,25900.1953125,-11.178540229797363,,,
,,133499,,,,,,239.64214324951172,,,,,
,,133499,,,,,25.04277229309082,,,,,,
85,,133499,,,,,,,25758.59375,-11.09886360168457,,,
,,133549,,,,,,242.61975288391113,,,,,
,,133549,,,,,5.304574966430664,,,,,,
85,,133549,,,,,,,25967.70703125,-11.160187721252441,,,
,,133599,,,,,,243.79324913024902,,,,,
,,133599,,,,,23.182153701782227,,,,,,
85,,133599,,,,,,,25950.421875,-11.094318389892578,,,
,,133649,,,,,,236.3142967224121,,,,,
,,133649,,,,,5.0678253173828125,,,,,,
85,,133649,,,,,,,25673.64453125,-10.6420259475708,,,
,,133699,,,,,,246.38986587524414,,,,,
,,133699,,,,,25.034666061401367,,,,,,
85,,133699,,,,,,,25689.9765625,-11.123059272766113,,,
,,133749,,,,,,242.46978759765625,,,,,
,,133749,,,,,5.103111267089844,,,,,,
85,,133749,,,,,,,26038.44921875,-11.043932914733887,,,
,,133799,,,,,,236.9093894958496,,,,,
,,133799,,,,,26.904821395874023,,,,,,
85,,133799,,,,,,,25871.505859375,-11.002092361450195,,,
,,133849,,,,,,237.7302646636963,,,,,
,,133849,,,,,5.766630172729492,,,,,,
85,,133849,,,,,,,25758.39453125,-11.03865909576416,,,
,,133899,,,,,,243.3927059173584,,,,,
,,133899,,,,,23.647785186767578,,,,,,
85,,133899,,,,,,,25932.63671875,-11.141467094421387,,,
,,133949,,,,,,238.79623413085938,,,,,
,,133949,,,,,5.550384521484375,,,,,,
85,,133949,,,,,,,25846.650390625,-11.3886079788208,,,
,,133999,,,,,,244.5080280303955,,,,,
,,133999,,,,,26.242971420288086,,,,,,
85,,133999,,,,,,,25950.12109375,-11.12124252319336,,,
,,134049,,,,,,238.6147975921631,,,,,
,,134049,,,,,5.195140838623047,,,,,,
85,,134049,,,,,,,26099.01171875,-10.75167179107666,,,
,,134099,,,,,,240.9050464630127,,,,,
,,134099,,,,,24.79386329650879,,,,,,
85,,134099,,,,,,,26036.166015625,-10.76309871673584,,,
,,134149,,,,,,235.52393913269043,,,,,
,,134149,,,,,4.295110702514648,,,,,,
85,,134149,,,,,,,25887.576171875,-10.932326316833496,,,
,,134199,,,,,,238.89732360839844,,,,,
,,134199,,,,,27.122974395751953,,,,,,
85,,134199,,,,,,,25899.494140625,-10.759465217590332,,,
,,134249,,,,,,239.8397922515869,,,,,
,,134249,,,,,5.093812942504883,,,,,,
85,,134249,,,,,,,25724.77734375,-10.9192476272583,,,
,,134299,,,,,,247.42388725280762,,,,,
,,134299,,,,,25.38323402404785,,,,,,
85,,134299,,,,,,,25900.12890625,-10.712635040283203,,,
,,134349,,,,,,242.76185035705566,,,,,
,,134349,,,,,5.860567092895508,,,,,,
85,,134349,,,,,,,25818.513671875,-11.006091117858887,,,
,,134399,,,,,,240.63491821289062,,,,,
,,134399,,,,,24.718523025512695,,,,,,
85,,134399,,,,,,,25990.048828125,-11.181686401367188,,,
85,,134417,,,,,,,,,-10.489248275756836,-10.600104331970215,-10.983932495117188
,,134418,,,,421.81271982192993,,,,,,,
,0.0003,134418,,,,,,,,,,,
,,134449,,,,,,238.31605911254883,,,,,
,,134449,,,,,5.566596984863281,,,,,,
86,,134449,,,,,,,25911.66015625,-11.251233100891113,,,
,,134499,,,,,,246.58513069152832,,,,,
,,134499,,,,,23.233890533447266,,,,,,
86,,134499,,,,,,,25992.1796875,-10.67755126953125,,,
,,134549,,,,,,243.85690689086914,,,,,
,,134549,,,,,6.096363067626953,,,,,,
86,,134549,,,,,,,25874.791015625,-10.809072494506836,,,
,,134599,,,,,,246.13094329833984,,,,,
,,134599,,,,,24.095773696899414,,,,,,
86,,134599,,,,,,,25897.994140625,-11.155835151672363,,,
,,134649,,,,,,240.83662033081055,,,,,
,,134649,,,,,5.2738189697265625,,,,,,
86,,134649,,,,,,,25897.9140625,-10.957184791564941,,,
,,134699,,,,,,242.51747131347656,,,,,
,,134699,,,,,24.721384048461914,,,,,,
86,,134699,,,,,,,25850.46484375,-11.16802978515625,,,
,,134749,,,,,,243.7417507171631,,,,,
,,134749,,,,,6.068229675292969,,,,,,
86,,134749,,,,,,,25673.83203125,-11.085771560668945,,,
,,134799,,,,,,239.75229263305664,,,,,
,,134799,,,,,24.114370346069336,,,,,,
86,,134799,,,,,,,25805.26953125,-11.042271614074707,,,
,,134849,,,,,,242.03228950500488,,,,,
,,134849,,,,,5.51152229309082,,,,,,
86,,134849,,,,,,,25788.44921875,-11.096552848815918,,,
,,134899,,,,,,242.71321296691895,,,,,
,,134899,,,,,23.995637893676758,,,,,,
86,,134899,,,,,,,25845.12109375,-10.969216346740723,,,
,,134949,,,,,,242.1095371246338,,,,,
,,134949,,,,,5.54203987121582,,,,,,
86,,134949,,,,,,,25874.576171875,-10.866376876831055,,,
,,134999,,,,,,239.53938484191895,,,,,
,,134999,,,,,26.215791702270508,,,,,,
86,,134999,,,,,,,25915.859375,-11.225483894348145,,,
,,135049,,,,,,248.51417541503906,,,,,
,,135049,,,,,5.881071090698242,,,,,,
86,,135049,,,,,,,25809.482421875,-10.886205673217773,,,
,,135099,,,,,,240.936279296875,,,,,
,,135099,,,,,24.435758590698242,,,,,,
86,,135099,,,,,,,25888.1015625,-10.789446830749512,,,
,,135149,,,,,,238.39998245239258,,,,,
,,135149,,,,,5.38325309753418,,,,,,
86,,135149,,,,,,,25898.76171875,-10.748823165893555,,,
,,135199,,,,,,246.54483795166016,,,,,
,,135199,,,,,24.160385131835938,,,,,,
86,,135199,,,,,,,25807.50390625,-10.897936820983887,,,
,,135249,,,,,,244.7209358215332,,,,,
,,135249,,,,,5.086660385131836,,,,,,
86,,135249,,,,,,,25849.9609375,-10.883901596069336,,,
,,135299,,,,,,249.9406337738037,,,,,
,,135299,,,,,22.0489501953125,,,,,,
86,,135299,,,,,,,25718.9609375,-10.961190223693848,,,
,,135349,,,,,,242.2466278076172,,,,,
,,135349,,,,,5.167722702026367,,,,,,
86,,135349,,,,,,,25905.80859375,-10.860750198364258,,,
,,135399,,,,,,245.26119232177734,,,,,
,,135399,,,,,26.532649993896484,,,,,,
86,,135399,,,,,,,25927.96484375,-11.051506996154785,,,
,,135449,,,,,,241.77074432373047,,,,,
,,135449,,,,,5.242347717285156,,,,,,
86,,135449,,,,,,,25832.8828125,-10.945819854736328,,,
,,135499,,,,,,242.91253089904785,,,,,
,,135499,,,,,405.916690826416,,,,,,
86,,135499,,,,,,,26035.01171875,-11.273080825805664,,,
,,135549,,,,,,241.67227745056152,,,,,
,,135549,,,,,4.393815994262695,,,,,,
86,,135549,,,,,,,25719.046875,-10.825937271118164,,,
,,135599,,,,,,243.1037425994873,,,,,
,,135599,,,,,24.13153648376465,,,,,,
86,,135599,,,,,,,25869.97265625,-11.131264686584473,,,
,,135649,,,,,,241.2118911743164,,,,,
,,135649,,,,,5.433320999145508,,,,,,
86,,135649,,,,,,,25910.380859375,-11.025583267211914,,,
,,135699,,,,,,241.469144821167,,,,,
,,135699,,,,,22.18484878540039,,,,,,
86,,135699,,,,,,,25842.5625,-11.315043449401855,,,
,,135749,,,,,,236.47618293762207,,,,,
,,135749,,,,,6.346702575683594,,,,,,
86,,135749,,,,,,,25813.169921875,-11.060810089111328,,,
,,135799,,,,,,251.7247200012207,,,,,
,,135799,,,,,24.352312088012695,,,,,,
86,,135799,,,,,,,25689.37890625,-10.7652587890625,,,
,,135849,,,,,,239.68124389648438,,,,,
,,135849,,,,,6.2160491943359375,,,,,,
86,,135849,,,,,,,25628.583984375,-10.96382999420166,,,
,,135899,,,,,,243.03054809570312,,,,,
,,135899,,,,,23.05746078491211,,,,,,
86,,135899,,,,,,,25877.146484375,-10.96431827545166,,,
,,135949,,,,,,245.33319473266602,,,,,
,,135949,,,,,5.540609359741211,,,,,,
86,,135949,,,,,,,25843.00390625,-11.018134117126465,,,
86,,135980,,,,,,,,,-10.489897727966309,-10.60377025604248,-10.988262176513672
,,135981,,,,423.41844058036804,,,,,,,
,0.0003,135981,,,,,,,,,,,
,,135999,,,,,,236.3147735595703,,,,,
,,135999,,,,,23.494720458984375,,,,,,
87,,135999,,,,,,,25942.62890625,-10.983905792236328,,,
,,136049,,,,,,239.38822746276855,,,,,
,,136049,,,,,4.924774169921875,,,,,,
87,,136049,,,,,,,25743.5625,-11.137216567993164,,,
,,136099,,,,,,242.0670986175537,,,,,
,,136099,,,,,24.384737014770508,,,,,,
87,,136099,,,,,,,25799.69140625,-10.507648468017578,,,
,,136149,,,,,,235.7017993927002,,,,,
,,136149,,,,,4.934549331665039,,,,,,
87,,136149,,,,,,,25868.845703125,-10.937552452087402,,,
,,136199,,,,,,238.19708824157715,,,,,
,,136199,,,,,26.03912353515625,,,,,,
87,,136199,,,,,,,25993.3828125,-11.084173202514648,,,
,,136249,,,,,,238.82293701171875,,,,,
,,136249,,,,,5.481243133544922,,,,,,
87,,136249,,,,,,,25970.736328125,-11.094038009643555,,,
,,136299,,,,,,239.51959609985352,,,,,
,,136299,,,,,23.734331130981445,,,,,,
87,,136299,,,,,,,25947.390625,-11.150861740112305,,,
,,136349,,,,,,241.11008644104004,,,,,
,,136349,,,,,5.394458770751953,,,,,,
87,,136349,,,,,,,25922.890625,-10.61839485168457,,,
,,136399,,,,,,242.950439453125,,,,,
,,136399,,,,,24.425029754638672,,,,,,
87,,136399,,,,,,,25767.41015625,-10.778820991516113,,,
,,136449,,,,,,234.82799530029297,,,,,
,,136449,,,,,5.604028701782227,,,,,,
87,,136449,,,,,,,25934.76953125,-10.928251266479492,,,
,,136499,,,,,,238.73186111450195,,,,,
,,136499,,,,,23.870468139648438,,,,,,
87,,136499,,,,,,,25842.287109375,-11.088519096374512,,,
,,136549,,,,,,241.4557933807373,,,,,
,,136549,,,,,4.63414192199707,,,,,,
87,,136549,,,,,,,25911.552734375,-11.080845832824707,,,
,,136599,,,,,,239.21799659729004,,,,,
,,136599,,,,,24.573802947998047,,,,,,
87,,136599,,,,,,,25873.0390625,-11.193229675292969,,,
,,136649,,,,,,244.4920539855957,,,,,
,,136649,,,,,5.084514617919922,,,,,,
87,,136649,,,,,,,25814.14453125,-11.09555435180664,,,
,,136699,,,,,,246.0317611694336,,,,,
,,136699,,,,,24.611711502075195,,,,,,
87,,136699,,,,,,,25733.84375,-10.893964767456055,,,
,,136749,,,,,,240.42010307312012,,,,,
,,136749,,,,,4.935741424560547,,,,,,
87,,136749,,,,,,,25905.79296875,-11.057690620422363,,,
,,136799,,,,,,242.7220344543457,,,,,
,,136799,,,,,23.60391616821289,,,,,,
87,,136799,,,,,,,25898.125,-10.860299110412598,,,
,,136849,,,,,,241.11270904541016,,,,,
,,136849,,,,,5.440473556518555,,,,,,
87,,136849,,,,,,,25800.98046875,-10.994101524353027,,,
,,136899,,,,,,239.96901512145996,,,,,
,,136899,,,,,24.024248123168945,,,,,,
87,,136899,,,,,,,25680.61328125,-11.233011245727539,,,
,,136949,,,,,,242.54155158996582,,,,,
,,136949,,,,,6.763219833374023,,,,,,
87,,136949,,,,,,,25856.8828125,-11.020090103149414,,,
,,136999,,,,,,236.52362823486328,,,,,
,,136999,,,,,24.86586570739746,,,,,,
87,,136999,,,,,,,25819.0703125,-10.84548568725586,,,
,,137049,,,,,,237.76769638061523,,,,,
,,137049,,,,,5.555391311645508,,,,,,
87,,137049,,,,,,,25802.462890625,-10.865924835205078,,,
,,137099,,,,,,243.5934543609619,,,,,
,,137099,,,,,28.719663619995117,,,,,,
87,,137099,,,,,,,25907.9609375,-11.078750610351562,,,
,,137149,,,,,,243.87788772583008,,,,,
,,137149,,,,,5.166530609130859,,,,,,
87,,137149,,,,,,,25887.15234375,-10.881858825683594,,,
,,137199,,,,,,239.3820285797119,,,,,
,,137199,,,,,25.35390853881836,,,,,,
87,,137199,,,,,,,25767.931640625,-11.091667175292969,,,
,,137249,,,,,,239.78161811828613,,,,,
,,137249,,,,,5.889892578125,,,,,,
87,,137249,,,,,,,25902.6796875,-11.069458961486816,,,
,,137299,,,,,,237.89405822753906,,,,,
,,137299,,,,,23.552894592285156,,,,,,
87,,137299,,,,,,,25951.98828125,-10.98563003540039,,,
,,137349,,,,,,240.69547653198242,,,,,
,,137349,,,,,5.614995956420898,,,,,,
87,,137349,,,,,,,25835.255859375,-10.996535301208496,,,
,,137399,,,,,,237.61439323425293,,,,,
,,137399,,,,,22.050142288208008,,,,,,
87,,137399,,,,,,,25666.189453125,-10.877706527709961,,,
,,137449,,,,,,241.2726879119873,,,,,
,,137449,,,,,6.2713623046875,,,,,,
87,,137449,,,,,,,25761.37109375,-10.98818302154541,,,
,,137499,,,,,,239.09568786621094,,,,,
,,137499,,,,,25.342702865600586,,,,,,
87,,137499,,,,,,,25874.21484375,-10.645417213439941,,,
87,,137543,,,,,,,,,-10.49347972869873,-10.60420036315918,-10.98327922821045
,,137544,,,,421.66846990585327,,,,,,,
,0.0003,137544,,,,,,,,,,,
,,137549,,,,,,240.63873291015625,,,,,
,,137549,,,,,5.455255508422852,,,,,,
88,,137549,,,,,,,25922.66796875,-11.170161247253418,,,
,,137599,,,,,,235.56017875671387,,,,,
,,137599,,,,,23.46181869506836,,,,,,
88,,137599,,,,,,,25904.490234375,-10.827672004699707,,,
,,137649,,,,,,238.34514617919922,,,,,
,,137649,,,,,5.687952041625977,,,,,,
88,,137649,,,,,,,25786.03125,-11.003426551818848,,,
,,137699,,,,,,237.66446113586426,,,,,
,,137699,,,,,24.31654930114746,,,,,,
88,,137699,,,,,,,25840.18359375,-10.773816108703613,,,
,,137749,,,,,,240.8607006072998,,,,,
,,137749,,,,,4.877805709838867,,,,,,
88,,137749,,,,,,,25928.55859375,-10.936623573303223,,,
,,137799,,,,,,239.05706405639648,,,,,
,,137799,,,,,23.708105087280273,,,,,,
88,,137799,,,,,,,25960.51953125,-10.794835090637207,,,
,,137849,,,,,,242.48600006103516,,,,,
,,137849,,,,,5.469083786010742,,,,,,
88,,137849,,,,,,,25899.28515625,-10.98807144165039,,,
,,137899,,,,,,245.94473838806152,,,,,
,,137899,,,,,23.569107055664062,,,,,,
88,,137899,,,,,,,25767.7578125,-10.918379783630371,,,
,,137949,,,,,,241.29009246826172,,,,,
,,137949,,,,,5.44428825378418,,,,,,
88,,137949,,,,,,,25970.681640625,-11.130022048950195,,,
,,137999,,,,,,239.16339874267578,,,,,
,,137999,,,,,26.06368064880371,,,,,,
88,,137999,,,,,,,26010.169921875,-11.13712215423584,,,
,,138049,,,,,,242.04254150390625,,,,,
,,138049,,,,,5.925893783569336,,,,,,
88,,138049,,,,,,,25955.4375,-11.07656192779541,,,
,,138099,,,,,,240.31305313110352,,,,,
,,138099,,,,,24.2156982421875,,,,,,
88,,138099,,,,,,,25770.40234375,-11.065828323364258,,,
,,138149,,,,,,239.55249786376953,,,,,
,,138149,,,,,6.092071533203125,,,,,,
88,,138149,,,,,,,25856.69140625,-10.76821231842041,,,
,,138199,,,,,,241.02020263671875,,,,,
,,138199,,,,,24.854183197021484,,,,,,
88,,138199,,,,,,,25791.45703125,-10.865962028503418,,,
,,138249,,,,,,244.92812156677246,,,,,
,,138249,,,,,5.309104919433594,,,,,,
88,,138249,,,,,,,25857.1484375,-11.158186912536621,,,
,,138299,,,,,,243.4380054473877,,,,,
,,138299,,,,,24.75142478942871,,,,,,
88,,138299,,,,,,,25780.0859375,-10.978378295898438,,,
,,138349,,,,,,237.61677742004395,,,,,
,,138349,,,,,5.467414855957031,,,,,,
88,,138349,,,,,,,25916.634765625,-11.294828414916992,,,
,,138399,,,,,,237.82825469970703,,,,,
,,138399,,,,,24.745702743530273,,,,,,
88,,138399,,,,,,,25863.671875,-10.9393892288208,,,
,,138449,,,,,,245.1784610748291,,,,,
,,138449,,,,,5.848169326782227,,,,,,
88,,138449,,,,,,,25900.865234375,-11.031400680541992,,,
,,138499,,,,,,241.8384552001953,,,,,
,,138499,,,,,24.29819107055664,,,,,,
88,,138499,,,,,,,25818.435546875,-10.928594589233398,,,
,,138549,,,,,,240.26179313659668,,,,,
,,138549,,,,,6.066322326660156,,,,,,
88,,138549,,,,,,,25816.734375,-11.079123497009277,,,
,,138599,,,,,,243.01934242248535,,,,,
,,138599,,,,,28.612136840820312,,,,,,
88,,138599,,,,,,,25849.978515625,-11.095297813415527,,,
,,138649,,,,,,246.5217113494873,,,,,
,,138649,,,,,5.917787551879883,,,,,,
88,,138649,,,,,,,25816.982421875,-11.023993492126465,,,
,,138699,,,,,,242.69533157348633,,,,,
,,138699,,,,,24.204254150390625,,,,,,
88,,138699,,,,,,,25796.92578125,-10.92045783996582,,,
,,138749,,,,,,237.9133701324463,,,,,
,,138749,,,,,5.412578582763672,,,,,,
88,,138749,,,,,,,25831.146484375,-10.8909273147583,,,
,,138799,,,,,,238.06381225585938,,,,,
,,138799,,,,,25.124311447143555,,,,,,
88,,138799,,,,,,,25912.744140625,-11.176462173461914,,,
,,138849,,,,,,239.55750465393066,,,,,
,,138849,,,,,5.390167236328125,,,,,,
88,,138849,,,,,,,25699.69921875,-10.875405311584473,,,
,,138899,,,,,,245.12338638305664,,,,,
,,138899,,,,,23.70738983154297,,,,,,
88,,138899,,,,,,,25969.19921875,-11.16323471069336,,,
,,138949,,,,,,240.14592170715332,,,,,
,,138949,,,,,5.833148956298828,,,,,,
88,,138949,,,,,,,25671.890625,-10.893888473510742,,,
,,138999,,,,,,242.68865585327148,,,,,
,,138999,,,,,24.4600772857666,,,,,,
88,,138999,,,,,,,25887.68359375,-10.876178741455078,,,
,,139049,,,,,,249.76205825805664,,,,,
,,139049,,,,,5.177736282348633,,,,,,
88,,139049,,,,,,,25800.84375,-11.031609535217285,,,
,,139099,,,,,,242.23613739013672,,,,,
,,139099,,,,,26.490211486816406,,,,,,
88,,139099,,,,,,,25702.80859375,-11.029420852661133,,,
88,,139106,,,,,,,,,-10.494269371032715,-10.611042022705078,-10.995841979980469
,,139107,,,,423.69900035858154,,,,,,,
,0.0003,139107,,,,,,,,,,,
,,139149,,,,,,240.19837379455566,,,,,
,,139149,,,,,6.062030792236328,,,,,,
89,,139149,,,,,,,25828.8671875,-11.098162651062012,,,
,,139199,,,,,,237.68901824951172,,,,,
,,139199,,,,,24.92356300354004,,,,,,
89,,139199,,,,,,,25798.3515625,-11.183573722839355,,,
,,139249,,,,,,236.4661693572998,,,,,
,,139249,,,,,5.398035049438477,,,,,,
89,,139249,,,,,,,25926.02734375,-11.144866943359375,,,
,,139299,,,,,,236.81092262268066,,,,,
,,139299,,,,,24.593830108642578,,,,,,
89,,139299,,,,,,,25868.5078125,-10.830137252807617,,,
,,139349,,,,,,232.47265815734863,,,,,
,,139349,,,,,3.940582275390625,,,,,,
89,,139349,,,,,,,25854.37109375,-10.995945930480957,,,
,,139399,,,,,,233.52575302124023,,,,,
,,139399,,,,,27.65345573425293,,,,,,
89,,139399,,,,,,,25901.806640625,-11.112594604492188,,,
,,139449,,,,,,228.6536693572998,,,,,
,,139449,,,,,4.151105880737305,,,,,,
89,,139449,,,,,,,25724.9375,-10.844740867614746,,,
,,139499,,,,,,229.11572456359863,,,,,
,,139499,,,,,20.513057708740234,,,,,,
89,,139499,,,,,,,25944.33984375,-11.358915328979492,,,
,,139549,,,,,,229.19034957885742,,,,,
,,139549,,,,,3.6995410919189453,,,,,,
89,,139549,,,,,,,25870.205078125,-10.768914222717285,,,
,,139599,,,,,,230.42845726013184,,,,,
,,139599,,,,,20.649194717407227,,,,,,
89,,139599,,,,,,,25940.923828125,-11.004045486450195,,,
,,139649,,,,,,235.54682731628418,,,,,
,,139649,,,,,2.6946067810058594,,,,,,
89,,139649,,,,,,,25893.42578125,-11.024524688720703,,,
,,139699,,,,,,223.81234169006348,,,,,
,,139699,,,,,20.669937133789062,,,,,,
89,,139699,,,,,,,25785.447265625,-11.041329383850098,,,
,,139749,,,,,,233.20746421813965,,,,,
,,139749,,,,,3.7059783935546875,,,,,,
89,,139749,,,,,,,25802.7890625,-10.778010368347168,,,
,,139799,,,,,,229.93755340576172,,,,,
,,139799,,,,,21.335124969482422,,,,,,
89,,139799,,,,,,,25839.83203125,-10.983426094055176,,,
,,139849,,,,,,225.693941116333,,,,,
,,139849,,,,,4.0340423583984375,,,,,,
89,,139849,,,,,,,25734.25,-11.018616676330566,,,
,,139899,,,,,,225.5239486694336,,,,,
,,139899,,,,,20.8590030670166,,,,,,
89,,139899,,,,,,,25885.50390625,-10.88955307006836,,,
,,139949,,,,,,228.01566123962402,,,,,
,,139949,,,,,2.6760101318359375,,,,,,
89,,139949,,,,,,,25868.76171875,-10.929919242858887,,,
,,139999,,,,,,229.42686080932617,,,,,
,,139999,,,,,24.350881576538086,,,,,,
89,,139999,,,,,,,25919.859375,-10.884716987609863,,,
,,140049,,,,,,228.00445556640625,,,,,
,,140049,,,,,4.17780876159668,,,,,,
89,,140049,,,,,,,25797.021484375,-11.257853507995605,,,
,,140099,,,,,,225.9531021118164,,,,,
,,140099,,,,,20.64824104309082,,,,,,
89,,140099,,,,,,,25820.123046875,-10.852712631225586,,,
,,140149,,,,,,230.75366020202637,,,,,
,,140149,,,,,4.948139190673828,,,,,,
89,,140149,,,,,,,25734.87109375,-11.10284423828125,,,
,,140199,,,,,,243.9122200012207,,,,,
,,140199,,,,,24.128198623657227,,,,,,
89,,140199,,,,,,,25629.12109375,-10.935670852661133,,,
,,140249,,,,,,239.98260498046875,,,,,
,,140249,,,,,6.019353866577148,,,,,,
89,,140249,,,,,,,25866.9140625,-10.892017364501953,,,
,,140299,,,,,,237.95580863952637,,,,,
,,140299,,,,,22.841453552246094,,,,,,
89,,140299,,,,,,,25924.40234375,-10.886281967163086,,,
,,140349,,,,,,238.51466178894043,,,,,
,,140349,,,,,4.190921783447266,,,,,,
89,,140349,,,,,,,25819.537109375,-11.044562339782715,,,
,,140399,,,,,,240.39459228515625,,,,,
,,140399,,,,,21.919965744018555,,,,,,
89,,140399,,,,,,,25885.203125,-10.941960334777832,,,
,,140449,,,,,,235.68058013916016,,,,,
,,140449,,,,,4.415035247802734,,,,,,
89,,140449,,,,,,,25873.23046875,-11.207687377929688,,,
,,140499,,,,,,235.90683937072754,,,,,
,,140499,,,,,21.442413330078125,,,,,,
89,,140499,,,,,,,25931.462890625,-10.999302864074707,,,
,,140549,,,,,,237.9593849182129,,,,,
,,140549,,,,,4.826068878173828,,,,,,
89,,140549,,,,,,,25769.328125,-10.9486083984375,,,
,,140599,,,,,,240.81850051879883,,,,,
,,140599,,,,,24.131298065185547,,,,,,
89,,140599,,,,,,,25825.568359375,-10.971994400024414,,,
,,140649,,,,,,245.09119987487793,,,,,
,,140649,,,,,5.751132965087891,,,,,,
89,,140649,,,,,,,25969.015625,-11.02156925201416,,,
89,,140669,,,,,,,,,-10.489545822143555,-10.607629776000977,-10.991065979003906
,,140670,,,,409.23040294647217,,,,,,,
,0.0003,140670,,,,,,,,,,,
,,140699,,,,,,237.43653297424316,,,,,
,,140699,,,,,23.41747283935547,,,,,,
90,,140699,,,,,,,25731.15234375,-11.10415267944336,,,
,,140749,,,,,,239.3019199371338,,,,,
,,140749,,,,,5.623817443847656,,,,,,
90,,140749,,,,,,,25940.4765625,-10.895869255065918,,,
,,140799,,,,,,241.51349067687988,,,,,
,,140799,,,,,23.11849594116211,,,,,,
90,,140799,,,,,,,25944.2109375,-10.933385848999023,,,
,,140849,,,,,,237.9324436187744,,,,,
,,140849,,,,,5.00798225402832,,,,,,
90,,140849,,,,,,,25911.234375,-10.671857833862305,,,
,,140899,,,,,,233.04176330566406,,,,,
,,140899,,,,,27.587175369262695,,,,,,
90,,140899,,,,,,,25946.048828125,-11.126401901245117,,,
,,140949,,,,,,236.01746559143066,,,,,
,,140949,,,,,4.051446914672852,,,,,,
90,,140949,,,,,,,25616.623046875,-11.160463333129883,,,
,,140999,,,,,,226.51386260986328,,,,,
,,140999,,,,,26.252269744873047,,,,,,
90,,140999,,,,,,,25696.013671875,-11.12825870513916,,,
,,141049,,,,,,229.8135757446289,,,,,
,,141049,,,,,5.875587463378906,,,,,,
90,,141049,,,,,,,25754.771484375,-11.160201072692871,,,
,,141099,,,,,,237.46228218078613,,,,,
,,141099,,,,,21.611452102661133,,,,,,
90,,141099,,,,,,,25712.87890625,-11.020011901855469,,,
,,141149,,,,,,242.91372299194336,,,,,
,,141149,,,,,5.588293075561523,,,,,,
90,,141149,,,,,,,25756.51953125,-11.06595230102539,,,
,,141199,,,,,,242.96331405639648,,,,,
,,141199,,,,,22.09925651550293,,,,,,
90,,141199,,,,,,,25870.904296875,-11.04739761352539,,,
,,141249,,,,,,238.87252807617188,,,,,
,,141249,,,,,5.437374114990234,,,,,,
90,,141249,,,,,,,25825.05859375,-10.957451820373535,,,
,,141299,,,,,,237.75672912597656,,,,,
,,141299,,,,,22.059202194213867,,,,,,
90,,141299,,,,,,,25850.703125,-10.83548355102539,,,
,,141349,,,,,,237.36906051635742,,,,,
,,141349,,,,,5.076885223388672,,,,,,
90,,141349,,,,,,,25937.90234375,-10.847180366516113,,,
,,141399,,,,,,237.92576789855957,,,,,
,,141399,,,,,23.901939392089844,,,,,,
90,,141399,,,,,,,25870.859375,-10.916427612304688,,,
,,141449,,,,,,239.5617961883545,,,,,
,,141449,,,,,4.92405891418457,,,,,,
90,,141449,,,,,,,25855.23046875,-11.206313133239746,,,
,,141499,,,,,,236.53674125671387,,,,,
,,141499,,,,,23.93198013305664,,,,,,
90,,141499,,,,,,,25927.724609375,-11.081477165222168,,,
,,141549,,,,,,239.13073539733887,,,,,
,,141549,,,,,5.356550216674805,,,,,,
90,,141549,,,,,,,25820.015625,-10.901738166809082,,,
,,141599,,,,,,239.3789291381836,,,,,
,,141599,,,,,23.90909194946289,,,,,,
90,,141599,,,,,,,25835.228515625,-11.64891529083252,,,
,,141649,,,,,,237.8685474395752,,,,,
,,141649,,,,,3.9958953857421875,,,,,,
90,,141649,,,,,,,25894.2578125,-10.920815467834473,,,
,,141699,,,,,,239.52317237854004,,,,,
,,141699,,,,,24.004459381103516,,,,,,
90,,141699,,,,,,,25982.35546875,-11.143354415893555,,,
,,141749,,,,,,237.83373832702637,,,,,
,,141749,,,,,4.681825637817383,,,,,,
90,,141749,,,,,,,25947.677734375,-10.867877006530762,,,
,,141799,,,,,,237.89095878601074,,,,,
,,141799,,,,,25.331974029541016,,,,,,
90,,141799,,,,,,,25766.25390625,-11.2700777053833,,,
,,141849,,,,,,235.31150817871094,,,,,
,,141849,,,,,4.67991828918457,,,,,,
90,,141849,,,,,,,26000.24609375,-11.068882942199707,,,
,,141899,,,,,,244.50373649597168,,,,,
,,141899,,,,,22.595643997192383,,,,,,
90,,141899,,,,,,,25961.609375,-11.26542854309082,,,
,,141949,,,,,,240.97490310668945,,,,,
,,141949,,,,,4.970788955688477,,,,,,
90,,141949,,,,,,,26022.291015625,-10.984877586364746,,,
,,141999,,,,,,242.28167533874512,,,,,
,,141999,,,,,23.480892181396484,,,,,,
90,,141999,,,,,,,25819.86328125,-10.761938095092773,,,
,,142049,,,,,,238.81936073303223,,,,,
,,142049,,,,,4.10008430480957,,,,,,
90,,142049,,,,,,,25919.93359375,-10.942152976989746,,,
,,142099,,,,,,242.3102855682373,,,,,
,,142099,,,,,24.1396427154541,,,,,,
90,,142099,,,,,,,25633.681640625,-11.218925476074219,,,
,,142149,,,,,,237.64872550964355,,,,,
,,142149,,,,,4.511356353759766,,,,,,
90,,142149,,,,,,,25822.376953125,-11.431337356567383,,,
,,142199,,,,,,242.18201637268066,,,,,
,,142199,,,,,28.466463088989258,,,,,,
90,,142199,,,,,,,26010.57421875,-10.832094192504883,,,
90,,142232,,,,,,,,,-10.50654411315918,-10.630332946777344,-11.021842002868652
,,142233,,,,417.09272742271423,,,,,,,
,0.0003,142233,,,,,,,,,,,
,,142249,,,,,,238.73615264892578,,,,,
,,142249,,,,,5.04302978515625,,,,,,
91,,142249,,,,,,,25728.234375,-10.989668846130371,,,
,,142299,,,,,,234.73358154296875,,,,,
,,142299,,,,,21.326780319213867,,,,,,
91,,142299,,,,,,,25846.94921875,-10.96249008178711,,,
,,142349,,,,,,236.44089698791504,,,,,
,,142349,,,,,5.225896835327148,,,,,,
91,,142349,,,,,,,26161.78515625,-11.161821365356445,,,
,,142399,,,,,,236.7241382598877,,,,,
,,142399,,,,,21.718263626098633,,,,,,
91,,142399,,,,,,,25960.984375,-11.280957221984863,,,
,,142449,,,,,,235.18133163452148,,,,,
,,142449,,,,,4.184961318969727,,,,,,
91,,142449,,,,,,,25842.02734375,-10.95542049407959,,,
,,142499,,,,,,240.14806747436523,,,,,
,,142499,,,,,23.505210876464844,,,,,,
91,,142499,,,,,,,25703.02734375,-10.920280456542969,,,
,,142549,,,,,,238.80267143249512,,,,,
,,142549,,,,,3.8857460021972656,,,,,,
91,,142549,,,,,,,25953.724609375,-11.014416694641113,,,
,,142599,,,,,,235.37659645080566,,,,,
,,142599,,,,,24.145841598510742,,,,,,
91,,142599,,,,,,,25887.501953125,-11.014326095581055,,,
,,142649,,,,,,237.02383041381836,,,,,
,,142649,,,,,5.005598068237305,,,,,,
91,,142649,,,,,,,25971.203125,-10.986356735229492,,,
,,142699,,,,,,238.33775520324707,,,,,
,,142699,,,,,23.462772369384766,,,,,,
91,,142699,,,,,,,25813.51171875,-11.090568542480469,,,
,,142749,,,,,,238.62218856811523,,,,,
,,142749,,,,,5.255699157714844,,,,,,
91,,142749,,,,,,,25663.4609375,-10.99755573272705,,,
,,142799,,,,,,239.63260650634766,,,,,
,,142799,,,,,24.312496185302734,,,,,,
91,,142799,,,,,,,26006.326171875,-11.020124435424805,,,
,,142849,,,,,,241.12439155578613,,,,,
,,142849,,,,,5.447626113891602,,,,,,
91,,142849,,,,,,,25905.3203125,-11.205829620361328,,,
,,142899,,,,,,242.66314506530762,,,,,
,,142899,,,,,26.882410049438477,,,,,,
91,,142899,,,,,,,25998.66796875,-11.264540672302246,,,
,,142949,,,,,,242.5708770751953,,,,,
,,142949,,,,,5.334377288818359,,,,,,
91,,142949,,,,,,,25895.77734375,-10.984970092773438,,,
,,142999,,,,,,242.36750602722168,,,,,
,,142999,,,,,27.693748474121094,,,,,,
91,,142999,,,,,,,25867.63671875,-11.193235397338867,,,
,,143049,,,,,,240.10825157165527,,,,,
,,143049,,,,,4.76527214050293,,,,,,
91,,143049,,,,,,,25738.3984375,-10.993522644042969,,,
,,143099,,,,,,241.7769432067871,,,,,
,,143099,,,,,24.91593360900879,,,,,,
91,,143099,,,,,,,25889.755859375,-10.864736557006836,,,
,,143149,,,,,,243.12925338745117,,,,,
,,143149,,,,,5.373954772949219,,,,,,
91,,143149,,,,,,,25805.546875,-11.04239273071289,,,
,,143199,,,,,,245.54085731506348,,,,,
,,143199,,,,,24.18208122253418,,,,,,
91,,143199,,,,,,,25737.3203125,-10.780314445495605,,,
,,143249,,,,,,239.90535736083984,,,,,
,,143249,,,,,5.054712295532227,,,,,,
91,,143249,,,,,,,25786.140625,-10.853629112243652,,,
,,143299,,,,,,244.30561065673828,,,,,
,,143299,,,,,24.355173110961914,,,,,,
91,,143299,,,,,,,25832.7890625,-10.911051750183105,,,
,,143349,,,,,,239.7441864013672,,,,,
,,143349,,,,,6.103277206420898,,,,,,
91,,143349,,,,,,,25902.828125,-11.134122848510742,,,
,,143399,,,,,,236.4187240600586,,,,,
,,143399,,,,,25.608539581298828,,,,,,
91,,143399,,,,,,,25657.13671875,-11.096858024597168,,,
,,143449,,,,,,239.71223831176758,,,,,
,,143449,,,,,4.452228546142578,,,,,,
91,,143449,,,,,,,25878.4453125,-11.02250862121582,,,
,,143499,,,,,,240.97824096679688,,,,,
,,143499,,,,,23.5898494720459,,,,,,
91,,143499,,,,,,,25855.125,-10.958975791931152,,,
,,143549,,,,,,242.570161819458,,,,,
,,143549,,,,,5.342721939086914,,,,,,
91,,143549,,,,,,,25813.37109375,-11.043977737426758,,,
,,143599,,,,,,239.60423469543457,,,,,
,,143599,,,,,23.885011672973633,,,,,,
91,,143599,,,,,,,25936.8359375,-11.0947847366333,,,
,,143649,,,,,,241.78218841552734,,,,,
,,143649,,,,,5.728960037231445,,,,,,
91,,143649,,,,,,,26025.05859375,-10.808029174804688,,,
,,143699,,,,,,241.90163612365723,,,,,
,,143699,,,,,23.912668228149414,,,,,,
91,,143699,,,,,,,25934.265625,-11.120121002197266,,,
,,143749,,,,,,247.10345268249512,,,,,
,,143749,,,,,5.652666091918945,,,,,,
91,,143749,,,,,,,25904.916015625,-11.032087326049805,,,
91,,143795,,,,,,,,,-10.490678787231445,-10.605202674865723,-10.983729362487793
,,143796,,,,420.2100372314453,,,,,,,
,0.0003,143796,,,,,,,,,,,
,,143799,,,,,,245.08905410766602,,,,,
,,143799,,,,,24.5358943939209,,,,,,
92,,143799,,,,,,,25783.703125,-10.779894828796387,,,
,,143849,,,,,,241.68658256530762,,,,,
,,143849,,,,,5.873918533325195,,,,,,
92,,143849,,,,,,,25842.84375,-11.072309494018555,,,
,,143899,,,,,,242.37370491027832,,,,,
,,143899,,,,,26.6878604888916,,,,,,
92,,143899,,,,,,,25821.2109375,-10.961713790893555,,,
,,143949,,,,,,246.09375,,,,,
,,143949,,,,,5.468845367431641,,,,,,
92,,143949,,,,,,,25715.19140625,-11.07613754272461,,,
,,143999,,,,,,237.14137077331543,,,,,
,,143999,,,,,23.183584213256836,,,,,,
92,,143999,,,,,,,25883.71484375,-11.240349769592285,,,
,,144049,,,,,,237.0932102203369,,,,,
,,144049,,,,,5.569696426391602,,,,,,
92,,144049,,,,,,,25845.875,-10.797125816345215,,,
,,144099,,,,,,240.54312705993652,,,,,
,,144099,,,,,23.60820770263672,,,,,,
92,,144099,,,,,,,25842.48828125,-10.808381080627441,,,
,,144149,,,,,,243.47615242004395,,,,,
,,144149,,,,,5.895137786865234,,,,,,
92,,144149,,,,,,,25957.10546875,-11.462509155273438,,,
,,144199,,,,,,246.47140502929688,,,,,
,,144199,,,,,24.463891983032227,,,,,,
92,,144199,,,,,,,25936.044921875,-10.74732780456543,,,
,,144249,,,,,,241.09721183776855,,,,,
,,144249,,,,,5.2318572998046875,,,,,,
92,,144249,,,,,,,25800.66015625,-10.910407066345215,,,
,,144299,,,,,,240.5240535736084,,,,,
,,144299,,,,,26.491165161132812,,,,,,
92,,144299,,,,,,,25874.650390625,-11.200637817382812,,,
,,144349,,,,,,240.27180671691895,,,,,
,,144349,,,,,5.103826522827148,,,,,,
92,,144349,,,,,,,25902.45703125,-10.994853019714355,,,
,,144399,,,,,,247.77626991271973,,,,,
,,144399,,,,,24.698972702026367,,,,,,
92,,144399,,,,,,,25772.03125,-11.313055992126465,,,
,,144449,,,,,,242.47336387634277,,,,,
,,144449,,,,,5.440950393676758,,,,,,
92,,144449,,,,,,,25847.6953125,-11.071372985839844,,,
,,144499,,,,,,236.10162734985352,,,,,
,,144499,,,,,22.33576774597168,,,,,,
92,,144499,,,,,,,25854.478515625,-10.821150779724121,,,
,,144549,,,,,,240.91649055480957,,,,,
,,144549,,,,,5.328655242919922,,,,,,
92,,144549,,,,,,,25931.0625,-11.154170989990234,,,
,,144599,,,,,,244.71688270568848,,,,,
,,144599,,,,,28.084516525268555,,,,,,
92,,144599,,,,,,,25854.650390625,-11.122368812561035,,,
,,144649,,,,,,242.22803115844727,,,,,
,,144649,,,,,5.267620086669922,,,,,,
92,,144649,,,,,,,26110.43359375,-11.078691482543945,,,
,,144699,,,,,,239.88652229309082,,,,,
,,144699,,,,,25.192975997924805,,,,,,
92,,144699,,,,,,,25794.25,-10.979737281799316,,,
,,144749,,,,,,239.23206329345703,,,,,
,,144749,,,,,4.895925521850586,,,,,,
92,,144749,,,,,,,25808.994140625,-10.948920249938965,,,
,,144799,,,,,,243.87359619140625,,,,,
,,144799,,,,,24.43718910217285,,,,,,
92,,144799,,,,,,,25870.765625,-11.077219009399414,,,
,,144849,,,,,,244.18997764587402,,,,,
,,144849,,,,,5.354881286621094,,,,,,
92,,144849,,,,,,,26009.97265625,-10.98128890991211,,,
,,144899,,,,,,244.57979202270508,,,,,
,,144899,,,,,24.863004684448242,,,,,,
92,,144899,,,,,,,25922.54296875,-10.924975395202637,,,
,,144949,,,,,,242.6140308380127,,,,,
,,144949,,,,,5.488872528076172,,,,,,
92,,144949,,,,,,,25975.41015625,-10.881831169128418,,,
,,144999,,,,,,241.5313720703125,,,,,
,,144999,,,,,23.73647689819336,,,,,,
92,,144999,,,,,,,25879.4921875,-10.799612045288086,,,
,,145049,,,,,,241.03593826293945,,,,,
,,145049,,,,,5.471706390380859,,,,,,
92,,145049,,,,,,,25982.533203125,-10.992429733276367,,,
,,145099,,,,,,238.3291721343994,,,,,
,,145099,,,,,24.030447006225586,,,,,,
92,,145099,,,,,,,25736.359375,-10.911649703979492,,,
,,145149,,,,,,240.79608917236328,,,,,
,,145149,,,,,5.078554153442383,,,,,,
92,,145149,,,,,,,25945.435546875,-11.002426147460938,,,
,,145199,,,,,,238.78836631774902,,,,,
,,145199,,,,,24.59406852722168,,,,,,
92,,145199,,,,,,,25717.1875,-10.983582496643066,,,
,,145249,,,,,,241.70637130737305,,,,,
,,145249,,,,,5.750894546508789,,,,,,
92,,145249,,,,,,,25812.0234375,-11.06258487701416,,,
,,145299,,,,,,241.67561531066895,,,,,
,,145299,,,,,24.770498275756836,,,,,,
92,,145299,,,,,,,25891.8828125,-10.750337600708008,,,
,,145349,,,,,,241.53971672058105,,,,,
,,145349,,,,,5.517721176147461,,,,,,
92,,145349,,,,,,,25802.140625,-10.720767974853516,,,
92,,145358,,,,,,,,,-10.48625659942627,-10.60017204284668,-10.97964096069336
,,145359,,,,422.33950448036194,,,,,,,
,0.0003,145359,,,,,,,,,,,
,,145399,,,,,,238.9066219329834,,,,,
,,145399,,,,,21.70729637145996,,,,,,
93,,145399,,,,,,,25847.5859375,-10.853644371032715,,,
,,145449,,,,,,241.22118949890137,,,,,
,,145449,,,,,5.652427673339844,,,,,,
93,,145449,,,,,,,25968.33984375,-10.820165634155273,,,
,,145499,,,,,,245.1484203338623,,,,,
,,145499,,,,,24.072885513305664,,,,,,
93,,145499,,,,,,,25792.5078125,-10.952292442321777,,,
,,145549,,,,,,239.41993713378906,,,,,
,,145549,,,,,5.118846893310547,,,,,,
93,,145549,,,,,,,25797.0625,-10.999631881713867,,,
,,145599,,,,,,243.79992485046387,,,,,
,,145599,,,,,23.375988006591797,,,,,,
93,,145599,,,,,,,25954.484375,-11.227996826171875,,,
,,145649,,,,,,242.15435981750488,,,,,
,,145649,,,,,5.204677581787109,,,,,,
93,,145649,,,,,,,25674.37890625,-10.703837394714355,,,
,,145699,,,,,,239.42136764526367,,,,,
,,145699,,,,,24.077177047729492,,,,,,
93,,145699,,,,,,,25737.90625,-11.056089401245117,,,
,,145749,,,,,,241.8687343597412,,,,,
,,145749,,,,,5.576610565185547,,,,,,
93,,145749,,,,,,,25660.3359375,-10.896916389465332,,,
,,145799,,,,,,242.44236946105957,,,,,
,,145799,,,,,26.889324188232422,,,,,,
93,,145799,,,,,,,25962.45703125,-11.189784049987793,,,
,,145849,,,,,,238.27409744262695,,,,,
,,145849,,,,,5.659341812133789,,,,,,
93,,145849,,,,,,,25883.7265625,-10.785764694213867,,,
,,145899,,,,,,238.51513862609863,,,,,
,,145899,,,,,24.058103561401367,,,,,,
93,,145899,,,,,,,25767.14453125,-10.975506782531738,,,
,,145949,,,,,,234.06362533569336,,,,,
,,145949,,,,,5.867719650268555,,,,,,
93,,145949,,,,,,,25702.703125,-10.88570499420166,,,
,,145999,,,,,,237.42961883544922,,,,,
,,145999,,,,,23.90575408935547,,,,,,
93,,145999,,,,,,,25824.34375,-11.067916870117188,,,
,,146049,,,,,,243.2243824005127,,,,,
,,146049,,,,,5.242347717285156,,,,,,
93,,146049,,,,,,,26027.587890625,-10.968867301940918,,,
,,146099,,,,,,243.08347702026367,,,,,
,,146099,,,,,24.632930755615234,,,,,,
93,,146099,,,,,,,25810.244140625,-11.075318336486816,,,
,,146149,,,,,,243.50714683532715,,,,,
,,146149,,,,,5.431890487670898,,,,,,
93,,146149,,,,,,,25888.75,-10.989904403686523,,,
,,146199,,,,,,245.5461025238037,,,,,
,,146199,,,,,23.1778621673584,,,,,,
93,,146199,,,,,,,25977.78125,-10.864279747009277,,,
,,146249,,,,,,244.4174289703369,,,,,
,,146249,,,,,5.1097869873046875,,,,,,
93,,146249,,,,,,,25792.265625,-10.86791706085205,,,
,,146299,,,,,,240.31567573547363,,,,,
,,146299,,,,,23.232221603393555,,,,,,
93,,146299,,,,,,,25793.81640625,-10.962531089782715,,,
,,146349,,,,,,241.469144821167,,,,,
,,146349,,,,,5.060672760009766,,,,,,
93,,146349,,,,,,,25848.578125,-11.370827674865723,,,
,,146399,,,,,,240.33546447753906,,,,,
,,146399,,,,,22.00794219970703,,,,,,
93,,146399,,,,,,,25951.796875,-10.933626174926758,,,
,,146449,,,,,,238.29102516174316,,,,,
,,146449,,,,,4.173517227172852,,,,,,
93,,146449,,,,,,,25899.21875,-11.085641860961914,,,
,,146499,,,,,,241.48964881896973,,,,,
,,146499,,,,,25.069713592529297,,,,,,
93,,146499,,,,,,,25833.01953125,-11.304791450500488,,,
,,146549,,,,,,242.7196502685547,,,,,
,,146549,,,,,5.957365036010742,,,,,,
93,,146549,,,,,,,25818.08203125,-11.266048431396484,,,
,,146599,,,,,,237.3034954071045,,,,,
,,146599,,,,,27.411460876464844,,,,,,
93,,146599,,,,,,,26110.5,-10.921133041381836,,,
,,146649,,,,,,244.36259269714355,,,,,
,,146649,,,,,5.2318572998046875,,,,,,
93,,146649,,,,,,,25776.447265625,-10.893781661987305,,,
,,146699,,,,,,241.95432662963867,,,,,
,,146699,,,,,27.04167366027832,,,,,,
93,,146699,,,,,,,25821.4453125,-10.959197998046875,,,
,,146749,,,,,,242.71392822265625,,,,,
,,146749,,,,,5.570173263549805,,,,,,
93,,146749,,,,,,,25955.59765625,-11.14461898803711,,,
,,146799,,,,,,235.81767082214355,,,,,
,,146799,,,,,21.886110305786133,,,,,,
93,,146799,,,,,,,25844.2109375,-11.194568634033203,,,
,,146849,,,,,,234.8799705505371,,,,,
,,146849,,,,,5.562543869018555,,,,,,
93,,146849,,,,,,,25908.341796875,-11.117240905761719,,,
,,146899,,,,,,237.08105087280273,,,,,
,,146899,,,,,23.74744415283203,,,,,,
93,,146899,,,,,,,25915.03125,-11.033429145812988,,,
93,,146921,,,,,,,,,-10.489011764526367,-10.599700927734375,-10.981611251831055
,,146922,,,,420.6919651031494,,,,,,,
,0.0003,146922,,,,,,,,,,,
,,146949,,,,,,240.90313911437988,,,,,
,,146949,,,,,6.0062408447265625,,,,,,
94,,146949,,,,,,,25881.78515625,-11.027493476867676,,,
,,146999,,,,,,241.14394187927246,,,,,
,,146999,,,,,24.134159088134766,,,,,,
94,,146999,,,,,,,25915.453125,-10.895573616027832,,,
,,147049,,,,,,243.666410446167,,,,,
,,147049,,,,,5.135297775268555,,,,,,
94,,147049,,,,,,,25808.439453125,-11.203519821166992,,,
,,147099,,,,,,241.26243591308594,,,,,
,,147099,,,,,28.37657928466797,,,,,,
94,,147099,,,,,,,25817.439453125,-11.008667945861816,,,
,,147149,,,,,,238.6789321899414,,,,,
,,147149,,,,,5.288124084472656,,,,,,
94,,147149,,,,,,,25899.30078125,-11.139719009399414,,,
,,147199,,,,,,229.80809211730957,,,,,
,,147199,,,,,24.587392807006836,,,,,,
94,,147199,,,,,,,25837.416015625,-10.959975242614746,,,
,,147249,,,,,,237.50925064086914,,,,,
,,147249,,,,,4.227876663208008,,,,,,
94,,147249,,,,,,,25833.28515625,-10.937317848205566,,,
,,147299,,,,,,239.0885353088379,,,,,
,,147299,,,,,26.75461769104004,,,,,,
94,,147299,,,,,,,25789.361328125,-10.928986549377441,,,
,,147349,,,,,,244.91095542907715,,,,,
,,147349,,,,,5.483865737915039,,,,,,
94,,147349,,,,,,,25870.951171875,-10.768261909484863,,,
,,147399,,,,,,245.09024620056152,,,,,
,,147399,,,,,23.871898651123047,,,,,,
94,,147399,,,,,,,25883.30859375,-11.092390060424805,,,
,,147449,,,,,,241.46342277526855,,,,,
,,147449,,,,,5.384683609008789,,,,,,
94,,147449,,,,,,,25821.59375,-10.994455337524414,,,
,,147499,,,,,,235.62288284301758,,,,,
,,147499,,,,,21.740436553955078,,,,,,
94,,147499,,,,,,,25846.234375,-10.962446212768555,,,
,,147549,,,,,,238.22999000549316,,,,,
,,147549,,,,,5.756855010986328,,,,,,
94,,147549,,,,,,,25908.58203125,-10.890168190002441,,,
,,147599,,,,,,239.732027053833,,,,,
,,147599,,,,,26.7636775970459,,,,,,
94,,147599,,,,,,,25855.765625,-11.285051345825195,,,
,,147649,,,,,,236.55366897583008,,,,,
,,147649,,,,,4.281759262084961,,,,,,
94,,147649,,,,,,,25977.41796875,-10.856268882751465,,,
,,147699,,,,,,242.04468727111816,,,,,
,,147699,,,,,25.149106979370117,,,,,,
94,,147699,,,,,,,25690.15234375,-10.690214157104492,,,
,,147749,,,,,,241.56570434570312,,,,,
,,147749,,,,,4.80961799621582,,,,,,
94,,147749,,,,,,,25833.63671875,-10.989103317260742,,,
,,147799,,,,,,240.3087615966797,,,,,
,,147799,,,,,25.072336196899414,,,,,,
94,,147799,,,,,,,25781.625,-11.076825141906738,,,
,,147849,,,,,,240.9052848815918,,,,,
,,147849,,,,,4.97746467590332,,,,,,
94,,147849,,,,,,,25852.7265625,-10.995468139648438,,,
,,147899,,,,,,241.4844036102295,,,,,
,,147899,,,,,22.095203399658203,,,,,,
94,,147899,,,,,,,25963.390625,-10.918225288391113,,,
,,147949,,,,,,236.78874969482422,,,,,
,,147949,,,,,5.970954895019531,,,,,,
94,,147949,,,,,,,25695.19140625,-11.080363273620605,,,
,,147999,,,,,,242.4004077911377,,,,,
,,147999,,,,,28.065919876098633,,,,,,
94,,147999,,,,,,,25864.4453125,-11.03543472290039,,,
,,148049,,,,,,245.09191513061523,,,,,
,,148049,,,,,5.862712860107422,,,,,,
94,,148049,,,,,,,25708.8359375,-10.893936157226562,,,
,,148099,,,,,,238.79098892211914,,,,,
,,148099,,,,,24.143695831298828,,,,,,
94,,148099,,,,,,,25685.123046875,-11.104731559753418,,,
,,148149,,,,,,244.41838264465332,,,,,
,,148149,,,,,5.608558654785156,,,,,,
94,,148149,,,,,,,25894.427734375,-10.970172882080078,,,
,,148199,,,,,,242.31338500976562,,,,,
,,148199,,,,,26.577472686767578,,,,,,
94,,148199,,,,,,,26019.11328125,-10.84695053100586,,,
,,148249,,,,,,237.3654842376709,,,,,
,,148249,,,,,5.639076232910156,,,,,,
94,,148249,,,,,,,25896.03515625,-10.76539134979248,,,
,,148299,,,,,,241.49823188781738,,,,,
,,148299,,,,,25.849342346191406,,,,,,
94,,148299,,,,,,,25832.880859375,-11.052680015563965,,,
,,148349,,,,,,238.57736587524414,,,,,
,,148349,,,,,5.1136016845703125,,,,,,
94,,148349,,,,,,,25724.4296875,-11.089889526367188,,,
,,148399,,,,,,236.36102676391602,,,,,
,,148399,,,,,24.887800216674805,,,,,,
94,,148399,,,,,,,25818.4296875,-11.047748565673828,,,
,,148449,,,,,,227.98585891723633,,,,,
,,148449,,,,,2.741098403930664,,,,,,
94,,148449,,,,,,,25892.1953125,-10.920741081237793,,,
94,,148484,,,,,,,,,-10.487799644470215,-10.608123779296875,-10.990739822387695
,,148485,,,,419.73247480392456,,,,,,,
,0.0003,148485,,,,,,,,,,,
,,148499,,,,,,228.83129119873047,,,,,
,,148499,,,,,25.213956832885742,,,,,,
95,,148499,,,,,,,25874.65234375,-10.920319557189941,,,
,,148549,,,,,,232.88488388061523,,,,,
,,148549,,,,,5.001306533813477,,,,,,
95,,148549,,,,,,,25907.064453125,-11.162878036499023,,,
,,148599,,,,,,231.8856716156006,,,,,
,,148599,,,,,21.061182022094727,,,,,,
95,,148599,,,,,,,25924.42578125,-10.955317497253418,,,
,,148649,,,,,,248.0485439300537,,,,,
,,148649,,,,,5.673408508300781,,,,,,
95,,148649,,,,,,,25814.89453125,-11.003904342651367,,,
,,148699,,,,,,240.1289939880371,,,,,
,,148699,,,,,23.62966537475586,,,,,,
95,,148699,,,,,,,25810.66796875,-11.038630485534668,,,
,,148749,,,,,,242.73967742919922,,,,,
,,148749,,,,,5.168437957763672,,,,,,
95,,148749,,,,,,,25875.544921875,-11.047399520874023,,,
,,148799,,,,,,238.66891860961914,,,,,
,,148799,,,,,23.86641502380371,,,,,,
95,,148799,,,,,,,25917.43359375,-10.966958999633789,,,
,,148849,,,,,,245.31865119934082,,,,,
,,148849,,,,,5.349636077880859,,,,,,
95,,148849,,,,,,,25851.4375,-11.316469192504883,,,
,,148899,,,,,,238.85607719421387,,,,,
,,148899,,,,,23.23603630065918,,,,,,
95,,148899,,,,,,,25965.765625,-11.038605690002441,,,
,,148949,,,,,,239.14361000061035,,,,,
,,148949,,,,,6.024360656738281,,,,,,
95,,148949,,,,,,,25866.349609375,-10.78531265258789,,,
,,148999,,,,,,238.9047145843506,,,,,
,,148999,,,,,23.958683013916016,,,,,,
95,,148999,,,,,,,25746.013671875,-10.871091842651367,,,
,,149049,,,,,,238.37661743164062,,,,,
,,149049,,,,,5.415201187133789,,,,,,
95,,149049,,,,,,,25918.748046875,-10.903556823730469,,,
,,149099,,,,,,240.78369140625,,,,,
,,149099,,,,,23.482084274291992,,,,,,
95,,149099,,,,,,,25721.208984375,-11.030508995056152,,,
,,149149,,,,,,242.7828311920166,,,,,
,,149149,,,,,5.405187606811523,,,,,,
95,,149149,,,,,,,25822.771484375,-10.874765396118164,,,
,,149199,,,,,,238.6026382446289,,,,,
,,149199,,,,,24.20353889465332,,,,,,
95,,149199,,,,,,,25787.349609375,-11.053564071655273,,,
,,149249,,,,,,241.21856689453125,,,,,
,,149249,,,,,5.39088249206543,,,,,,
95,,149249,,,,,,,25939.99609375,-10.93454647064209,,,
,,149299,,,,,,237.78915405273438,,,,,
,,149299,,,,,23.827314376831055,,,,,,
95,,149299,,,,,,,26014.9453125,-10.761175155639648,,,
,,149349,,,,,,243.52264404296875,,,,,
,,149349,,,,,6.216764450073242,,,,,,
95,,149349,,,,,,,26012.7265625,-11.02907943725586,,,
,,149399,,,,,,241.00661277770996,,,,,
,,149399,,,,,21.97861671447754,,,,,,
95,,149399,,,,,,,25944.41796875,-11.042409896850586,,,
,,149449,,,,,,241.81556701660156,,,,,
,,149449,,,,,5.335330963134766,,,,,,
95,,149449,,,,,,,25850.39453125,-10.862348556518555,,,
,,149499,,,,,,240.47040939331055,,,,,
,,149499,,,,,22.59516716003418,,,,,,
95,,149499,,,,,,,25724.46875,-10.963305473327637,,,
,,149549,,,,,,239.16864395141602,,,,,
,,149549,,,,,5.515813827514648,,,,,,
95,,149549,,,,,,,25977.98046875,-11.086156845092773,,,
,,149599,,,,,,246.05655670166016,,,,,
,,149599,,,,,23.79465103149414,,,,,,
95,,149599,,,,,,,25768.55859375,-10.81740665435791,,,
,,149649,,,,,,242.401123046875,,,,,
,,149649,,,,,5.540132522583008,,,,,,
95,,149649,,,,,,,25826.83203125,-10.889569282531738,,,
,,149699,,,,,,241.729736328125,,,,,
,,149699,,,,,24.228811264038086,,,,,,
95,,149699,,,,,,,26002.755859375,-11.166244506835938,,,
,,149749,,,,,,238.48915100097656,,,,,
,,149749,,,,,5.400419235229492,,,,,,
95,,149749,,,,,,,25862.673828125,-11.283477783203125,,,
,,149799,,,,,,243.0706024169922,,,,,
,,149799,,,,,24.51324462890625,,,,,,
95,,149799,,,,,,,25813.6875,-10.961904525756836,,,
,,149849,,,,,,245.71800231933594,,,,,
,,149849,,,,,5.401372909545898,,,,,,
95,,149849,,,,,,,25889.966796875,-11.084930419921875,,,
,,149899,,,,,,244.92383003234863,,,,,
,,149899,,,,,23.71978759765625,,,,,,
95,,149899,,,,,,,25763.029296875,-10.886856079101562,,,
,,149949,,,,,,245.41854858398438,,,,,
,,149949,,,,,5.068302154541016,,,,,,
95,,149949,,,,,,,25871.30859375,-11.013784408569336,,,
,,149999,,,,,,238.62028121948242,,,,,
,,149999,,,,,24.459362030029297,,,,,,
95,,149999,,,,,,,25918.22265625,-11.085724830627441,,,
95,,150047,,,,,,,,,-10.48425006866455,-10.59544563293457,-10.976875305175781
,,150048,,,,420.04687213897705,,,,,,,
,0.0003,150048,,,,,,,,,,,
,,150049,,,,,,241.53470993041992,,,,,
,,150049,,,,,5.381345748901367,,,,,,
96,,150049,,,,,,,26003.22265625,-10.820012092590332,,,
,,150099,,,,,,242.37608909606934,,,,,
,,150099,,,,,25.077104568481445,,,,,,
96,,150099,,,,,,,26033.337890625,-10.939899444580078,,,
,,150149,,,,,,239.28356170654297,,,,,
,,150149,,,,,5.058050155639648,,,,,,
96,,150149,,,,,,,25880.783203125,-10.743718147277832,,,
,,150199,,,,,,238.48319053649902,,,,,
,,150199,,,,,24.051189422607422,,,,,,
96,,150199,,,,,,,25828.97265625,-10.964242935180664,,,
,,150249,,,,,,243.12710762023926,,,,,
,,150249,,,,,5.428075790405273,,,,,,
96,,150249,,,,,,,25697.486328125,-11.031952857971191,,,
,,150299,,,,,,238.24381828308105,,,,,
,,150299,,,,,25.1312255859375,,,,,,
96,,150299,,,,,,,25784.74609375,-10.921857833862305,,,
,,150349,,,,,,235.19134521484375,,,,,
,,150349,,,,,4.950046539306641,,,,,,
96,,150349,,,,,,,25950.921875,-10.826730728149414,,,
,,150399,,,,,,240.12136459350586,,,,,
,,150399,,,,,22.29619026184082,,,,,,
96,,150399,,,,,,,26000.23828125,-10.958951950073242,,,
,,150449,,,,,,237.51139640808105,,,,,
,,150449,,,,,4.441499710083008,,,,,,
96,,150449,,,,,,,25770.76171875,-10.985403060913086,,,
,,150499,,,,,,241.90425872802734,,,,,
,,150499,,,,,24.478435516357422,,,,,,
96,,150499,,,,,,,26036.529296875,-11.13094425201416,,,
,,150549,,,,,,242.0189380645752,,,,,
,,150549,,,,,5.075216293334961,,,,,,
96,,150549,,,,,,,25893.65625,-10.998197555541992,,,
,,150599,,,,,,241.06240272521973,,,,,
,,150599,,,,,27.87947654724121,,,,,,
96,,150599,,,,,,,25998.125,-10.876530647277832,,,
,,150649,,,,,,243.02387237548828,,,,,
,,150649,,,,,5.549430847167969,,,,,,
96,,150649,,,,,,,26018.0546875,-11.153252601623535,,,
,,150699,,,,,,240.30375480651855,,,,,
,,150699,,,,,25.11000633239746,,,,,,
96,,150699,,,,,,,25834.181640625,-10.883278846740723,,,
,,150749,,,,,,245.30768394470215,,,,,
,,150749,,,,,6.528615951538086,,,,,,
96,,150749,,,,,,,25793.72265625,-10.985016822814941,,,
,,150799,,,,,,244.07553672790527,,,,,
,,150799,,,,,24.229049682617188,,,,,,
96,,150799,,,,,,,25749.083984375,-10.663615226745605,,,
,,150849,,,,,,241.163969039917,,,,,
,,150849,,,,,5.764245986938477,,,,,,
96,,150849,,,,,,,25933.24609375,-10.856821060180664,,,
,,150899,,,,,,238.86656761169434,,,,,
,,150899,,,,,25.053024291992188,,,,,,
96,,150899,,,,,,,25914.30078125,-11.061447143554688,,,
,,150949,,,,,,234.57813262939453,,,,,
,,150949,,,,,5.275726318359375,,,,,,
96,,150949,,,,,,,26057.15234375,-10.664669036865234,,,
,,150999,,,,,,237.15662956237793,,,,,
,,150999,,,,,24.182558059692383,,,,,,
96,,150999,,,,,,,25790.056640625,-11.057536125183105,,,
,,151049,,,,,,235.89205741882324,,,,,
,,151049,,,,,4.335880279541016,,,,,,
96,,151049,,,,,,,25723.6640625,-11.037960052490234,,,
,,151099,,,,,,233.95895957946777,,,,,
,,151099,,,,,26.993274688720703,,,,,,
96,,151099,,,,,,,25846.3984375,-10.950207710266113,,,
,,151149,,,,,,227.37383842468262,,,,,
,,151149,,,,,2.9604434967041016,,,,,,
96,,151149,,,,,,,25783.53125,-10.97842788696289,,,
,,151199,,,,,,221.70066833496094,,,,,
,,151199,,,,,20.748376846313477,,,,,,
96,,151199,,,,,,,25935.83203125,-11.102211952209473,,,
,,151249,,,,,,225.28076171875,,,,,
,,151249,,,,,4.458904266357422,,,,,,
96,,151249,,,,,,,25809.39453125,-11.15170669555664,,,
,,151299,,,,,,225.88562965393066,,,,,
,,151299,,,,,24.494409561157227,,,,,,
96,,151299,,,,,,,25906.513671875,-10.783209800720215,,,
,,151349,,,,,,235.58616638183594,,,,,
,,151349,,,,,4.55474853515625,,,,,,
96,,151349,,,,,,,25769.0625,-11.024051666259766,,,
,,151399,,,,,,226.7899513244629,,,,,
,,151399,,,,,21.0418701171875,,,,,,
96,,151399,,,,,,,25890.267578125,-11.007590293884277,,,
,,151449,,,,,,228.87039184570312,,,,,
,,151449,,,,,2.6772022247314453,,,,,,
96,,151449,,,,,,,25903.052734375,-10.901773452758789,,,
,,151499,,,,,,219.76351737976074,,,,,
,,151499,,,,,24.27983283996582,,,,,,
96,,151499,,,,,,,25715.69921875,-11.027677536010742,,,
,,151549,,,,,,222.87225723266602,,,,,
,,151549,,,,,3.4046173095703125,,,,,,
96,,151549,,,,,,,25899.875,-10.865766525268555,,,
,,151599,,,,,,226.5920639038086,,,,,
,,151599,,,,,22.968053817749023,,,,,,
96,,151599,,,,,,,25985.50390625,-11.0987548828125,,,
96,,151610,,,,,,,,,-10.489238739013672,-10.600613594055176,-10.97787094116211
,,151611,,,,411.48618030548096,,,,,,,
,0.0003,151611,,,,,,,,,,,
,,151649,,,,,,220.66211700439453,,,,,
,,151649,,,,,4.134654998779297,,,,,,
97,,151649,,,,,,,25820.724609375,-11.050620079040527,,,
,,151699,,,,,,218.24955940246582,,,,,
,,151699,,,,,26.62944793701172,,,,,,
97,,151699,,,,,,,26083.19921875,-10.979157447814941,,,
,,151749,,,,,,230.30781745910645,,,,,
,,151749,,,,,2.859830856323242,,,,,,
97,,151749,,,,,,,25848.42578125,-11.302978515625,,,
,,151799,,,,,,221.39239311218262,,,,,
,,151799,,,,,20.642518997192383,,,,,,
97,,151799,,,,,,,25942.9609375,-10.759248733520508,,,
,,151849,,,,,,226.87816619873047,,,,,
,,151849,,,,,4.482746124267578,,,,,,
97,,151849,,,,,,,25769.53125,-11.198654174804688,,,
,,151899,,,,,,227.1866798400879,,,,,
,,151899,,,,,20.75934410095215,,,,,,
97,,151899,,,,,,,26056.44921875,-11.060047149658203,,,
,,151949,,,,,,217.29707717895508,,,,,
,,151949,,,,,2.9392242431640625,,,,,,
97,,151949,,,,,,,25781.681640625,-11.05910587310791,,,
,,151999,,,,,,233.80184173583984,,,,,
,,151999,,,,,21.101713180541992,,,,,,
97,,151999,,,,,,,25886.541015625,-10.883110046386719,,,
,,152049,,,,,,226.63402557373047,,,,,
,,152049,,,,,4.293918609619141,,,,,,
97,,152049,,,,,,,25952.494140625,-10.925358772277832,,,
,,152099,,,,,,226.41348838806152,,,,,
,,152099,,,,,24.25384521484375,,,,,,
97,,152099,,,,,,,25865.7578125,-11.182255744934082,,,
,,152149,,,,,,224.73621368408203,,,,,
,,152149,,,,,2.6895999908447266,,,,,,
97,,152149,,,,,,,25858.46875,-11.273176193237305,,,
,,152199,,,,,,216.5377140045166,,,,,
,,152199,,,,,20.722627639770508,,,,,,
97,,152199,,,,,,,25762.580078125,-10.952597618103027,,,
,,152249,,,,,,221.7249870300293,,,,,
,,152249,,,,,2.9189586639404297,,,,,,
97,,152249,,,,,,,25943.84765625,-10.918371200561523,,,
,,152299,,,,,,220.26896476745605,,,,,
,,152299,,,,,21.00396156311035,,,,,,
97,,152299,,,,,,,25689.00390625,-11.14288330078125,,,
,,152349,,,,,,216.935396194458,,,,,
,,152349,,,,,2.755880355834961,,,,,,
97,,152349,,,,,,,25759.1875,-11.145709991455078,,,
,,152399,,,,,,220.43466567993164,,,,,
,,152399,,,,,20.577192306518555,,,,,,
97,,152399,,,,,,,25957.8515625,-10.902183532714844,,,
,,152449,,,,,,221.86732292175293,,,,,
,,152449,,,,,2.925395965576172,,,,,,
97,,152449,,,,,,,26094.3671875,-10.960205078125,,,
,,152499,,,,,,220.06988525390625,,,,,
,,152499,,,,,20.987510681152344,,,,,,
97,,152499,,,,,,,25916.8125,-11.078397750854492,,,
,,152549,,,,,,219.14267539978027,,,,,
,,152549,,,,,2.8760433197021484,,,,,,
97,,152549,,,,,,,26018.0,-10.795681953430176,,,
,,152599,,,,,,219.82145309448242,,,,,
,,152599,,,,,20.374298095703125,,,,,,
97,,152599,,,,,,,25883.3046875,-10.886134147644043,,,
,,152649,,,,,,216.92299842834473,,,,,
,,152649,,,,,2.675771713256836,,,,,,
97,,152649,,,,,,,25767.568359375,-11.133049011230469,,,
,,152699,,,,,,216.59564971923828,,,,,
,,152699,,,,,20.479202270507812,,,,,,
97,,152699,,,,,,,25892.6328125,-11.083541870117188,,,
,,152749,,,,,,220.02077102661133,,,,,
,,152749,,,,,2.728700637817383,,,,,,
97,,152749,,,,,,,25898.03125,-10.955846786499023,,,
,,152799,,,,,,220.36004066467285,,,,,
,,152799,,,,,20.708799362182617,,,,,,
97,,152799,,,,,,,25747.580078125,-10.80337142944336,,,
,,152849,,,,,,220.38650512695312,,,,,
,,152849,,,,,2.704143524169922,,,,,,
97,,152849,,,,,,,25690.73046875,-11.183359146118164,,,
,,152899,,,,,,216.4313793182373,,,,,
,,152899,,,,,20.803213119506836,,,,,,
97,,152899,,,,,,,25915.908203125,-10.911582946777344,,,
,,152949,,,,,,217.51093864440918,,,,,
,,152949,,,,,2.7437210083007812,,,,,,
97,,152949,,,,,,,25978.6328125,-10.857810974121094,,,
,,152999,,,,,,216.37368202209473,,,,,
,,152999,,,,,20.762205123901367,,,,,,
97,,152999,,,,,,,25824.740234375,-11.018511772155762,,,
,,153049,,,,,,228.9714813232422,,,,,
,,153049,,,,,4.472255706787109,,,,,,
97,,153049,,,,,,,25934.1640625,-10.63601303100586,,,
,,153099,,,,,,224.84660148620605,,,,,
,,153099,,,,,25.186777114868164,,,,,,
97,,153099,,,,,,,25835.755859375,-10.812958717346191,,,
,,153149,,,,,,222.66030311584473,,,,,
,,153149,,,,,2.792835235595703,,,,,,
97,,153149,,,,,,,25791.5703125,-10.836310386657715,,,
97,,153173,,,,,,,,,-10.487625122070312,-10.59821605682373,-10.979684829711914
,,153174,,,,387.95250248908997,,,,,,,
,0.0003,153174,,,,,,,,,,,
,,153199,,,,,,221.4975357055664,,,,,
,,153199,,,,,20.77794075012207,,,,,,
98,,153199,,,,,,,25986.671875,-10.677639961242676,,,
,,153249,,,,,,232.96785354614258,,,,,
,,153249,,,,,4.359960556030273,,,,,,
98,,153249,,,,,,,26024.60546875,-11.066886901855469,,,
,,153299,,,,,,221.45891189575195,,,,,
,,153299,,,,,20.488262176513672,,,,,,
98,,153299,,,,,,,25814.34765625,-11.117932319641113,,,
,,153349,,,,,,220.5502986907959,,,,,
,,153349,,,,,2.687215805053711,,,,,,
98,,153349,,,,,,,25727.640625,-10.855409622192383,,,
,,153399,,,,,,228.57069969177246,,,,,
,,153399,,,,,20.721912384033203,,,,,,
98,,153399,,,,,,,26036.59375,-11.181262016296387,,,
,,153449,,,,,,230.47113418579102,,,,,
,,153449,,,,,3.986358642578125,,,,,,
98,,153449,,,,,,,25724.2734375,-10.750636100769043,,,
,,153499,,,,,,226.53484344482422,,,,,
,,153499,,,,,23.560762405395508,,,,,,
98,,153499,,,,,,,25686.38671875,-10.89447021484375,,,
,,153549,,,,,,233.1228256225586,,,,,
,,153549,,,,,2.9604434967041016,,,,,,
98,,153549,,,,,,,25883.447265625,-10.87673282623291,,,
,,153599,,,,,,242.2943115234375,,,,,
,,153599,,,,,24.564266204833984,,,,,,
98,,153599,,,,,,,25999.275390625,-10.930277824401855,,,
,,153649,,,,,,241.65821075439453,,,,,
,,153649,,,,,5.107879638671875,,,,,,
98,,153649,,,,,,,25872.291015625,-11.20960521697998,,,
,,153699,,,,,,241.49060249328613,,,,,
,,153699,,,,,24.800539016723633,,,,,,
98,,153699,,,,,,,25795.861328125,-10.767535209655762,,,
,,153749,,,,,,230.83114624023438,,,,,
,,153749,,,,,2.9113292694091797,,,,,,
98,,153749,,,,,,,26009.447265625,-10.991010665893555,,,
,,153799,,,,,,227.5564670562744,,,,,
,,153799,,,,,20.854711532592773,,,,,,
98,,153799,,,,,,,25745.00390625,-11.023311614990234,,,
,,153849,,,,,,236.11760139465332,,,,,
,,153849,,,,,4.499912261962891,,,,,,
98,,153849,,,,,,,25660.791015625,-10.8722505569458,,,
,,153899,,,,,,224.6873378753662,,,,,
,,153899,,,,,22.846460342407227,,,,,,
98,,153899,,,,,,,25881.421875,-10.946542739868164,,,
,,153949,,,,,,225.4784107208252,,,,,
,,153949,,,,,2.6848316192626953,,,,,,
98,,153949,,,,,,,25822.45703125,-10.975914001464844,,,
,,153999,,,,,,223.89745712280273,,,,,
,,153999,,,,,26.085376739501953,,,,,,
98,,153999,,,,,,,25759.57421875,-10.907477378845215,,,
,,154049,,,,,,229.09998893737793,,,,,
,,154049,,,,,4.307270050048828,,,,,,
98,,154049,,,,,,,25973.25,-11.001741409301758,,,
,,154099,,,,,,232.41710662841797,,,,,
,,154099,,,,,20.475387573242188,,,,,,
98,,154099,,,,,,,25930.45703125,-11.129782676696777,,,
,,154149,,,,,,225.01897811889648,,,,,
,,154149,,,,,4.524707794189453,,,,,,
98,,154149,,,,,,,25853.328125,-11.071990966796875,,,
,,154199,,,,,,231.91070556640625,,,,,
,,154199,,,,,27.405738830566406,,,,,,
98,,154199,,,,,,,25755.6328125,-10.855152130126953,,,
,,154249,,,,,,229.7215461730957,,,,,
,,154249,,,,,4.475831985473633,,,,,,
98,,154249,,,,,,,25990.123046875,-11.052438735961914,,,
,,154299,,,,,,229.5076847076416,,,,,
,,154299,,,,,24.128198623657227,,,,,,
98,,154299,,,,,,,25739.884765625,-11.089431762695312,,,
,,154349,,,,,,226.53651237487793,,,,,
,,154349,,,,,2.7303695678710938,,,,,,
98,,154349,,,,,,,25796.34375,-10.84975814819336,,,
,,154399,,,,,,226.3946533203125,,,,,
,,154399,,,,,23.998737335205078,,,,,,
98,,154399,,,,,,,25809.92578125,-11.039560317993164,,,
,,154449,,,,,,229.80141639709473,,,,,
,,154449,,,,,4.479646682739258,,,,,,
98,,154449,,,,,,,25667.7734375,-11.122480392456055,,,
,,154499,,,,,,230.15308380126953,,,,,
,,154499,,,,,20.53380012512207,,,,,,
98,,154499,,,,,,,25984.8125,-11.061344146728516,,,
,,154549,,,,,,230.42869567871094,,,,,
,,154549,,,,,2.72369384765625,,,,,,
98,,154549,,,,,,,25810.890625,-10.845795631408691,,,
,,154599,,,,,,224.49493408203125,,,,,
,,154599,,,,,21.004199981689453,,,,,,
98,,154599,,,,,,,25923.904296875,-11.426401138305664,,,
,,154649,,,,,,222.03612327575684,,,,,
,,154649,,,,,2.8085708618164062,,,,,,
98,,154649,,,,,,,25821.05859375,-11.045583724975586,,,
,,154699,,,,,,229.70271110534668,,,,,
,,154699,,,,,25.549650192260742,,,,,,
98,,154699,,,,,,,25785.68359375,-10.687875747680664,,,
98,,154736,,,,,,,,,-10.489130020141602,-10.598015785217285,-10.976587295532227
,,154737,,,,401.0945348739624,,,,,,,
,0.0003,154737,,,,,,,,,,,
,,154749,,,,,,217.2832489013672,,,,,
,,154749,,,,,2.743959426879883,,,,,,
99,,154749,,,,,,,25919.359375,-10.995687484741211,,,
,,154799,,,,,,218.01137924194336,,,,,
,,154799,,,,,20.430326461791992,,,,,,
99,,154799,,,,,,,25825.99609375,-10.811180114746094,,,
,,154849,,,,,,219.66552734375,,,,,
,,154849,,,,,2.856731414794922,,,,,,
99,,154849,,,,,,,25969.5234375,-10.808938026428223,,,
,,154899,,,,,,225.27074813842773,,,,,
,,154899,,,,,20.7369327545166,,,,,,
99,,154899,,,,,,,25876.853515625,-10.870095252990723,,,
,,154949,,,,,,218.0614471435547,,,,,
,,154949,,,,,2.695798873901367,,,,,,
99,,154949,,,,,,,25867.125,-10.866215705871582,,,
,,154999,,,,,,217.36979484558105,,,,,
,,154999,,,,,20.94435691833496,,,,,,
99,,154999,,,,,,,25831.265625,-10.972853660583496,,,
,,155049,,,,,,223.07825088500977,,,,,
,,155049,,,,,4.3621063232421875,,,,,,
99,,155049,,,,,,,25867.7265625,-10.74521255493164,,,
,,155099,,,,,,232.18369483947754,,,,,
,,155099,,,,,23.968935012817383,,,,,,
99,,155099,,,,,,,25891.76171875,-10.814209938049316,,,
,,155149,,,,,,226.73583030700684,,,,,
,,155149,,,,,2.69317626953125,,,,,,
99,,155149,,,,,,,25891.55078125,-11.007304191589355,,,
,,155199,,,,,,223.75726699829102,,,,,
,,155199,,,,,20.668745040893555,,,,,,
99,,155199,,,,,,,25919.265625,-11.057130813598633,,,
,,155249,,,,,,231.45437240600586,,,,,
,,155249,,,,,4.542112350463867,,,,,,
99,,155249,,,,,,,25884.673828125,-11.141849517822266,,,
,,155299,,,,,,222.86248207092285,,,,,
,,155299,,,,,20.496845245361328,,,,,,
99,,155299,,,,,,,25912.3515625,-10.9714937210083,,,
,,155349,,,,,,229.08449172973633,,,,,
,,155349,,,,,2.749204635620117,,,,,,
99,,155349,,,,,,,25943.677734375,-11.430380821228027,,,
,,155399,,,,,,217.9086208343506,,,,,
,,155399,,,,,21.003007888793945,,,,,,
99,,155399,,,,,,,25753.8125,-10.991931915283203,,,
,,155449,,,,,,224.3943214416504,,,,,
,,155449,,,,,2.838134765625,,,,,,
99,,155449,,,,,,,25726.5859375,-11.048378944396973,,,
,,155499,,,,,,224.85995292663574,,,,,
,,155499,,,,,24.25837516784668,,,,,,
99,,155499,,,,,,,25824.7109375,-10.983038902282715,,,
,,155549,,,,,,233.2303524017334,,,,,
,,155549,,,,,2.997875213623047,,,,,,
99,,155549,,,,,,,25806.08203125,-10.730222702026367,,,
,,155599,,,,,,219.43950653076172,,,,,
,,155599,,,,,20.778894424438477,,,,,,
99,,155599,,,,,,,25828.12109375,-11.022316932678223,,,
,,155649,,,,,,219.98238563537598,,,,,
,,155649,,,,,2.845287322998047,,,,,,
99,,155649,,,,,,,25685.83203125,-11.115763664245605,,,
,,155699,,,,,,219.4535732269287,,,,,
,,155699,,,,,20.36762237548828,,,,,,
99,,155699,,,,,,,25931.4765625,-10.880599975585938,,,
,,155749,,,,,,220.4902172088623,,,,,
,,155749,,,,,2.756834030151367,,,,,,
99,,155749,,,,,,,25897.044921875,-10.621869087219238,,,
,,155799,,,,,,225.508451461792,,,,,
,,155799,,,,,20.512104034423828,,,,,,
99,,155799,,,,,,,25905.615234375,-10.58987808227539,,,
,,155849,,,,,,229.7039031982422,,,,,
,,155849,,,,,4.912853240966797,,,,,,
99,,155849,,,,,,,25885.400390625,-11.083545684814453,,,
,,155899,,,,,,240.35191535949707,,,,,
,,155899,,,,,23.462533950805664,,,,,,
99,,155899,,,,,,,25872.51171875,-11.065592765808105,,,
,,155949,,,,,,245.08118629455566,,,,,
,,155949,,,,,4.780769348144531,,,,,,
99,,155949,,,,,,,25739.650390625,-10.814727783203125,,,
,,155999,,,,,,238.32011222839355,,,,,
,,155999,,,,,24.247407913208008,,,,,,
99,,155999,,,,,,,25924.15234375,-10.920355796813965,,,
,,156049,,,,,,243.02053451538086,,,,,
,,156049,,,,,6.189584732055664,,,,,,
99,,156049,,,,,,,25749.3671875,-10.811830520629883,,,
,,156099,,,,,,243.11184883117676,,,,,
,,156099,,,,,23.659229278564453,,,,,,
99,,156099,,,,,,,25838.58984375,-11.025275230407715,,,
,,156149,,,,,,237.19453811645508,,,,,
,,156149,,,,,4.943370819091797,,,,,,
99,,156149,,,,,,,25977.86328125,-11.094278335571289,,,
,,156199,,,,,,238.47413063049316,,,,,
,,156199,,,,,24.185657501220703,,,,,,
99,,156199,,,,,,,25677.421875,-11.10433578491211,,,
,,156249,,,,,,242.80691146850586,,,,,
,,156249,,,,,5.0373077392578125,,,,,,
99,,156249,,,,,,,25963.58984375,-11.003925323486328,,,
,,156299,,,,,,238.89923095703125,,,,,
,,156299,,,,,26.48472785949707,,,,,,
99,,156299,,,,,,,12854.4814453125,-10.966010093688965,,,
99,,156299,,,,,,,,,-10.49156379699707,-10.602386474609375,-10.980545997619629
,,156300,,,,400.13134813308716,,,,,,,
100,,156300,-10.495927810668945,-10.604676246643066,-10.98438549041748,,,,,,,,
