epoch,step,time/epoch (s),time/inter_step (ms),time/intra_step (ms),train/loss,train/quality,train/reward,train/shape_j,train/shape_m,val/gap,val/makespan,val/reward
,49,,,948.8234519958496,,,,,,,,
,49,,3.7043094635009766,,,,,,,,,
0,49,,,,-0.013485938310623169,1.2770283222198486,-1712.0,10.0,10.0,,,
,99,,,795.9966659545898,,,,,,,,
,99,,17.4715518951416,,,,,,,,,
0,99,,,,-0.2074795365333557,1.1806955337524414,-1568.0001220703125,10.0,10.0,,,
,149,,,801.7313480377197,,,,,,,,
,149,,3.624439239501953,,,,,,,,,
0,149,,,,0.23136958479881287,1.1313836574554443,-1620.0,10.0,10.0,,,
,199,,,907.616138458252,,,,,,,,
,199,,15.33818244934082,,,,,,,,,
0,199,,,,0.7311224937438965,1.2003421783447266,-1632.0,10.0,10.0,,,
,249,,,862.9634380340576,,,,,,,,
,249,,2.6421546936035156,,,,,,,,,
0,249,,,,0.0090523362159729,1.1222023963928223,-1819.0001220703125,10.0,10.0,,,
,299,,,986.0782623291016,,,,,,,,
,299,,10.921955108642578,,,,,,,,,
0,299,,,,-0.5168514847755432,1.1304118633270264,-1595.000244140625,10.0,10.0,,,
,349,,,760.8423233032227,,,,,,,,
,349,,1.3437271118164062,,,,,,,,,
0,349,,,,-0.1845894604921341,1.1378674507141113,-1649.9998779296875,10.0,10.0,,,
,399,,,860.0127696990967,,,,,,,,
,399,,27.051687240600586,,,,,,,,,
0,399,,,,-0.2720138430595398,1.1342452764511108,-1608.9998779296875,10.0,10.0,,,
,449,,,985.2313995361328,,,,,,,,
,449,,1.9984245300292969,,,,,,,,,
0,449,,,,0.21501949429512024,1.1365623474121094,-1743.0,10.0,10.0,,,
,499,,,838.3631706237793,,,,,,,,
,499,,10.301351547241211,,,,,,,,,
0,499,,,,-0.8917242288589478,1.1102261543273926,-1623.0,10.0,10.0,,,
,549,,,836.2882137298584,,,,,,,,
,549,,1.5780925750732422,,,,,,,,,
0,549,,,,1.0984923839569092,1.151573657989502,-1702.0,10.0,10.0,,,
,599,,,854.9857139587402,,,,,,,,
,599,,10.732650756835938,,,,,,,,,
0,599,,,,-0.058128923177719116,1.1058149337768555,-1558.0,10.0,10.0,,,
,649,,,856.898307800293,,,,,,,,
,649,,1.9180774688720703,,,,,,,,,
0,649,,,,-0.4550155699253082,1.121572494506836,-1752.0,10.0,10.0,,,
,699,,,937.6144409179688,,,,,,,,
,699,,13.33761215209961,,,,,,,,,
0,699,,,,0.3557341992855072,1.1036465167999268,-1701.0,10.0,10.0,,,
,749,,,736.384391784668,,,,,,,,
,749,,1.3353824615478516,,,,,,,,,
0,749,,,,0.3376936912536621,1.120597243309021,-1699.0,10.0,10.0,,,
,799,,,853.0619144439697,,,,,,,,
,799,,10.492801666259766,,,,,,,,,
0,799,,,,-0.13671821355819702,1.1001635789871216,-1747.0,10.0,10.0,,,
,849,,,854.9859523773193,,,,,,,,
,849,,1.3535022735595703,,,,,,,,,
0,849,,,,-0.11824329942464828,1.1141153573989868,-1641.0,10.0,10.0,,,
,899,,,822.9587078094482,,,,,,,,
,899,,10.000944137573242,,,,,,,,,
0,899,,,,-0.5140805840492249,1.1302112340927124,-1716.999755859375,10.0,10.0,,,
,949,,,791.0778522491455,,,,,,,,
,949,,1.323699951171875,,,,,,,,,
0,949,,,,0.04289019852876663,1.1082720756530762,-1644.0001220703125,10.0,10.0,,,
,999,,,959.2146873474121,,,,,,,,
,999,,15.38228988647461,,,,,,,,,
0,999,,,,-0.00813862681388855,1.1006724834442139,-1526.0,10.0,10.0,,,
,1049,,,835.3660106658936,,,,,,,,
,1049,,1.3234615325927734,,,,,,,,,
0,1049,,,,0.31221073865890503,1.149285078048706,-1763.0,10.0,10.0,,,
,1099,,,849.1580486297607,,,,,,,,
,1099,,10.593175888061523,,,,,,,,,
0,1099,,,,-0.15497371554374695,1.1189978122711182,-1679.0,10.0,10.0,,,
,1149,,,749.0460872650146,,,,,,,,
,1149,,1.2483596801757812,,,,,,,,,
0,1149,,,,-0.35714811086654663,1.1323461532592773,-1546.0,10.0,10.0,,,
,1199,,,1094.799280166626,,,,,,,,
,1199,,10.659456253051758,,,,,,,,,
0,1199,,,,-0.6402636766433716,1.0741069316864014,-1561.0,10.0,10.0,,,
,1249,,,849.5833873748779,,,,,,,,
,1249,,1.2903213500976562,,,,,,,,,
0,1249,,,,-0.17453818023204803,1.0967026948928833,-1615.0,10.0,10.0,,,
,1299,,,2079.228401184082,,,,,,,,
,1299,,11.521339416503906,,,,,,,,,
0,1299,,,,0.3256797194480896,1.1016604900360107,-2559.999755859375,15.0,15.0,,,
,1349,,,1958.7230682373047,,,,,,,,
,1349,,2.0482540130615234,,,,,,,,,
0,1349,,,,0.47755640745162964,1.0995731353759766,-2615.0,15.0,15.0,,,
,1399,,,1929.4250011444092,,,,,,,,
,1399,,12.038946151733398,,,,,,,,,
0,1399,,,,0.56065434217453,1.1117241382598877,-2451.0,15.0,15.0,,,
,1449,,,1735.140085220337,,,,,,,,
,1449,,1.9669532775878906,,,,,,,,,
0,1449,,,,-0.9259014129638672,1.100775957107544,-2507.000244140625,15.0,15.0,,,
,1499,,,1952.86226272583,,,,,,,,
,1499,,10.823488235473633,,,,,,,,,
0,1499,,,,-0.806509256362915,1.115779161453247,-2320.999755859375,15.0,15.0,,,
,1549,,,2116.8510913848877,,,,,,,,
,1549,,4.642248153686523,,,,,,,,,
0,1549,,,,-0.3361249566078186,1.1184284687042236,-2534.0,15.0,15.0,,,
,1599,,,2282.8571796417236,,,,,,,,
,1599,,12.42971420288086,,,,,,,,,
0,1599,,,,0.016546189785003662,1.1052806377410889,-2496.999755859375,15.0,15.0,,,
,1649,,,1870.391607284546,,,,,,,,
,1649,,3.0858516693115234,,,,,,,,,
0,1649,,,,0.8227682113647461,1.0873539447784424,-2529.999755859375,15.0,15.0,,,
,1699,,,1935.584545135498,,,,,,,,
,1699,,10.778665542602539,,,,,,,,,
0,1699,,,,0.6694974303245544,1.0770795345306396,-2548.000244140625,15.0,15.0,,,
,1749,,,2052.1726608276367,,,,,,,,
,1749,,2.8476715087890625,,,,,,,,,
0,1749,,,,0.10757109522819519,1.0688215494155884,-2504.000244140625,15.0,15.0,,,
,1799,,,1898.7882137298584,,,,,,,,
,1799,,10.775089263916016,,,,,,,,,
0,1799,,,,0.36219802498817444,1.0989625453948975,-2501.0,15.0,15.0,,,
,1849,,,1744.847297668457,,,,,,,,
,1849,,2.7785301208496094,,,,,,,,,
0,1849,,,,0.30188989639282227,1.0918139219284058,-2455.0,15.0,15.0,,,
,1899,,,1935.3411197662354,,,,,,,,
,1899,,12.66026496887207,,,,,,,,,
0,1899,,,,0.04627346992492676,1.1101877689361572,-2564.0,15.0,15.0,,,
,1949,,,2023.460865020752,,,,,,,,
,1949,,3.160715103149414,,,,,,,,,
0,1949,,,,0.49453526735305786,1.0874804258346558,-2448.0,15.0,15.0,,,
,1999,,,1753.2966136932373,,,,,,,,
,1999,,10.206937789916992,,,,,,,,,
0,1999,,,,-0.4193817377090454,1.0776976346969604,-2473.999755859375,15.0,15.0,,,
,2049,,,1874.403953552246,,,,,,,,
,2049,,1.4977455139160156,,,,,,,,,
0,2049,,,,1.3228583335876465,1.0830203294754028,-2530.0,15.0,15.0,,,
,2099,,,1745.6200122833252,,,,,,,,
,2099,,11.918067932128906,,,,,,,,,
0,2099,,,,0.3496345281600952,1.0863893032073975,-2483.0,15.0,15.0,,,
,2149,,,1909.712791442871,,,,,,,,
,2149,,2.9823780059814453,,,,,,,,,
0,2149,,,,-0.4780206084251404,1.1070358753204346,-2422.0,15.0,15.0,,,
,2199,,,1968.4317111968994,,,,,,,,
,2199,,10.230302810668945,,,,,,,,,
0,2199,,,,0.6244635581970215,1.106039047241211,-2559.999755859375,15.0,15.0,,,
,2249,,,1891.6985988616943,,,,,,,,
,2249,,1.4450550079345703,,,,,,,,,
0,2249,,,,0.3468363285064697,1.0875773429870605,-2551.0,15.0,15.0,,,
,2299,,,2127.9759407043457,,,,,,,,
,2299,,12.51983642578125,,,,,,,,,
0,2299,,,,-0.3667212426662445,1.0776236057281494,-2503.0,15.0,15.0,,,
,2349,,,1882.868766784668,,,,,,,,
,2349,,4.149675369262695,,,,,,,,,
0,2349,,,,-0.4382903277873993,1.0557104349136353,-2479.999755859375,15.0,15.0,,,
,2399,,,1910.7661247253418,,,,,,,,
,2399,,11.133193969726562,,,,,,,,,
0,2399,,,,0.5562199354171753,1.0671236515045166,-2351.0,15.0,15.0,,,
,2449,,,1725.5136966705322,,,,,,,,
,2449,,1.4083385467529297,,,,,,,,,
0,2449,,,,0.08517265319824219,1.068522572517395,-2472.999755859375,15.0,15.0,,,
,2499,,,1621.8717098236084,,,,,,,,
,2499,,9.957313537597656,,,,,,,,,
0,2499,,,,0.7466314435005188,1.0893566608428955,-2497.000244140625,15.0,15.0,,,
,2549,,,2643.1565284729004,,,,,,,,
,2549,,5.503654479980469,,,,,,,,,
0,2549,,,,1.7834333181381226,1.1248058080673218,-3527.0,20.0,20.0,,,
,2599,,,2571.7928409576416,,,,,,,,
,2599,,12.468338012695312,,,,,,,,,
0,2599,,,,-0.20451056957244873,1.070861577987671,-3447.999755859375,20.0,20.0,,,
,2649,,,3051.9330501556396,,,,,,,,
,2649,,3.968954086303711,,,,,,,,,
0,2649,,,,0.9277480840682983,1.0935962200164795,-3260.000244140625,20.0,20.0,,,
,2699,,,3037.8711223602295,,,,,,,,
,2699,,12.765645980834961,,,,,,,,,
0,2699,,,,0.07995688915252686,1.0997222661972046,-3321.000244140625,20.0,20.0,,,
,2749,,,3593.6405658721924,,,,,,,,
,2749,,2.0813941955566406,,,,,,,,,
0,2749,,,,-0.16697421669960022,1.102785587310791,-3071.0,20.0,20.0,,,
,2799,,,3211.217164993286,,,,,,,,
,2799,,14.07933235168457,,,,,,,,,
0,2799,,,,0.24045026302337646,1.0938303470611572,-3253.999755859375,20.0,20.0,,,
,2849,,,3040.1740074157715,,,,,,,,
,2849,,7.451534271240234,,,,,,,,,
0,2849,,,,0.13453629612922668,1.0770797729492188,-3511.99951171875,20.0,20.0,,,
,2899,,,3025.7885456085205,,,,,,,,
,2899,,12.157917022705078,,,,,,,,,
0,2899,,,,-0.10324311256408691,1.1036577224731445,-3336.0,20.0,20.0,,,
,2949,,,3080.213785171509,,,,,,,,
,2949,,3.865480422973633,,,,,,,,,
0,2949,,,,0.05241274833679199,1.096041202545166,-3331.0,20.0,20.0,,,
,2999,,,3076.0722160339355,,,,,,,,
,2999,,12.295722961425781,,,,,,,,,
0,2999,,,,-0.19809001684188843,1.0867319107055664,-3505.999755859375,20.0,20.0,,,
,3049,,,3085.0534439086914,,,,,,,,
,3049,,4.338264465332031,,,,,,,,,
0,3049,,,,0.5574439764022827,1.0844030380249023,-3569.999755859375,20.0,20.0,,,
,3099,,,3073.347330093384,,,,,,,,
,3099,,12.65096664428711,,,,,,,,,
0,3099,,,,0.6631143689155579,1.0892143249511719,-3567.0,20.0,20.0,,,
,3149,,,3035.5145931243896,,,,,,,,
,3149,,4.110097885131836,,,,,,,,,
0,3149,,,,1.756836175918579,1.0945894718170166,-3477.99951171875,20.0,20.0,,,
,3199,,,2812.488079071045,,,,,,,,
,3199,,17.572879791259766,,,,,,,,,
0,3199,,,,0.4763830304145813,1.0828943252563477,-3368.999755859375,20.0,20.0,,,
,3249,,,2530.320644378662,,,,,,,,
,3249,,3.7491321563720703,,,,,,,,,
0,3249,,,,0.3633928894996643,1.0877289772033691,-3379.000244140625,20.0,20.0,,,
,3299,,,3091.616630554199,,,,,,,,
,3299,,12.92872428894043,,,,,,,,,
0,3299,,,,-0.2143789529800415,1.0936933755874634,-3417.0,20.0,20.0,,,
,3349,,,3060.800313949585,,,,,,,,
,3349,,3.8499832153320312,,,,,,,,,
0,3349,,,,0.2003248929977417,1.0894830226898193,-3459.000244140625,20.0,20.0,,,
,3399,,,3064.7435188293457,,,,,,,,
,3399,,10.785579681396484,,,,,,,,,
0,3399,,,,-0.43683356046676636,1.0838828086853027,-3367.0,20.0,20.0,,,
,3449,,,3035.5138778686523,,,,,,,,
,3449,,4.075765609741211,,,,,,,,,
0,3449,,,,0.6903536319732666,1.095740556716919,-3483.000244140625,20.0,20.0,,,
,3499,,,3057.363986968994,,,,,,,,
,3499,,12.766122817993164,,,,,,,,,
0,3499,,,,0.6059077978134155,1.0955982208251953,-3249.999755859375,20.0,20.0,,,
,3549,,,3047.2795963287354,,,,,,,,
,3549,,1.947164535522461,,,,,,,,,
0,3549,,,,-0.45473575592041016,1.080043911933899,-3418.000244140625,20.0,20.0,,,
,3599,,,3064.716577529907,,,,,,,,
,3599,,12.899398803710938,,,,,,,,,
0,3599,,,,-0.4633455276489258,1.096764087677002,-3441.000244140625,20.0,20.0,,,
,3649,,,3580.400228500366,,,,,,,,
,3649,,4.232645034790039,,,,,,,,,
0,3649,,,,0.5661653280258179,1.084871768951416,-3392.000244140625,20.0,20.0,,,
,3699,,,3082.374095916748,,,,,,,,
,3699,,13.037443161010742,,,,,,,,,
0,3699,,,,-0.10936838388442993,1.1001099348068237,-3412.0,20.0,20.0,,,
,3749,,,3030.397415161133,,,,,,,,
,3749,,3.8199424743652344,,,,,,,,,
0,3749,,,,-0.49673011898994446,1.0908637046813965,-3258.000244140625,20.0,20.0,,,
0,3749,,,,,,,,,9.07287883758545,2665.18994140625,-2665.18994140625
,3750,7665.056381940842,,,,,,,,,,
,3799,,,2535.6500148773193,,,,,,,,
,3799,,13.115167617797852,,,,,,,,,
1,3799,,,,0.16202563047409058,1.0939931869506836,-3421.999755859375,20.0,20.0,,,
,3849,,,2510.7569694519043,,,,,,,,
,3849,,3.5123825073242188,,,,,,,,,
1,3849,,,,0.9159040451049805,1.0965443849563599,-3425.0,20.0,20.0,,,
,3899,,,2511.43217086792,,,,,,,,
,3899,,12.109041213989258,,,,,,,,,
1,3899,,,,0.06446772813796997,1.096287727355957,-3520.999755859375,20.0,20.0,,,
,3949,,,3585.4218006134033,,,,,,,,
,3949,,3.974437713623047,,,,,,,,,
1,3949,,,,0.46752068400382996,1.0829036235809326,-3239.0,20.0,20.0,,,
,3999,,,3029.6311378479004,,,,,,,,
,3999,,12.615442276000977,,,,,,,,,
1,3999,,,,0.20161378383636475,1.0886998176574707,-3184.0,20.0,20.0,,,
,4049,,,2568.3422088623047,,,,,,,,
,4049,,3.6306381225585938,,,,,,,,,
1,4049,,,,0.2752719223499298,1.0793112516403198,-3530.0,20.0,20.0,,,
,4099,,,2546.5636253356934,,,,,,,,
,4099,,11.763811111450195,,,,,,,,,
1,4099,,,,0.8313945531845093,1.0898165702819824,-3389.0,20.0,20.0,,,
,4149,,,3029.003381729126,,,,,,,,
,4149,,3.770112991333008,,,,,,,,,
1,4149,,,,1.1934406757354736,1.0986740589141846,-3448.00048828125,20.0,20.0,,,
,4199,,,3067.8346157073975,,,,,,,,
,4199,,12.498617172241211,,,,,,,,,
1,4199,,,,-1.0043725967407227,1.095001220703125,-3408.000244140625,20.0,20.0,,,
,4249,,,3036.853790283203,,,,,,,,
,4249,,3.717660903930664,,,,,,,,,
1,4249,,,,0.8331538438796997,1.0957660675048828,-3489.0,20.0,20.0,,,
,4299,,,3081.0348987579346,,,,,,,,
,4299,,17.444849014282227,,,,,,,,,
1,4299,,,,-0.6629392504692078,1.0823307037353516,-3318.000244140625,20.0,20.0,,,
,4349,,,3063.9121532440186,,,,,,,,
,4349,,3.7887096405029297,,,,,,,,,
1,4349,,,,-0.07063841819763184,1.0945909023284912,-3246.00048828125,20.0,20.0,,,
,4399,,,3077.2078037261963,,,,,,,,
,4399,,12.620210647583008,,,,,,,,,
1,4399,,,,0.7467223405838013,1.0945278406143188,-3335.000244140625,20.0,20.0,,,
,4449,,,3033.6458683013916,,,,,,,,
,4449,,3.7412643432617188,,,,,,,,,
1,4449,,,,0.21012914180755615,1.0859270095825195,-3593.000244140625,20.0,20.0,,,
,4499,,,3066.234350204468,,,,,,,,
,4499,,9.945154190063477,,,,,,,,,
1,4499,,,,1.5094887018203735,1.0807170867919922,-3394.999755859375,20.0,20.0,,,
,4549,,,3582.531452178955,,,,,,,,
,4549,,1.7473697662353516,,,,,,,,,
1,4549,,,,1.7252874374389648,1.0914250612258911,-3635.00048828125,20.0,20.0,,,
,4599,,,3035.392999649048,,,,,,,,
,4599,,12.545585632324219,,,,,,,,,
1,4599,,,,0.23075395822525024,1.080432653427124,-3441.000244140625,20.0,20.0,,,
,4649,,,3070.2178478240967,,,,,,,,
,4649,,1.741170883178711,,,,,,,,,
1,4649,,,,1.1249737739562988,1.098142147064209,-3409.99951171875,20.0,20.0,,,
,4699,,,3034.184455871582,,,,,,,,
,4699,,12.579679489135742,,,,,,,,,
1,4699,,,,1.2673137187957764,1.0927820205688477,-3475.000244140625,20.0,20.0,,,
,4749,,,3072.7570056915283,,,,,,,,
,4749,,3.7696361541748047,,,,,,,,,
1,4749,,,,-0.13917964696884155,1.0825352668762207,-3495.000244140625,20.0,20.0,,,
,4799,,,3038.1548404693604,,,,,,,,
,4799,,10.584115982055664,,,,,,,,,
1,4799,,,,-0.4717768430709839,1.085017204284668,-3525.0,20.0,20.0,,,
,4849,,,3086.8639945983887,,,,,,,,
,4849,,8.975744247436523,,,,,,,,,
1,4849,,,,-0.07012754678726196,1.0626686811447144,-3451.99951171875,20.0,20.0,,,
,4899,,,2567.4331188201904,,,,,,,,
,4899,,10.442733764648438,,,,,,,,,
1,4899,,,,0.8197243213653564,1.0670654773712158,-3368.999755859375,20.0,20.0,,,
,4949,,,3074.2175579071045,,,,,,,,
,4949,,3.7839412689208984,,,,,,,,,
1,4949,,,,0.6986649632453918,1.0748623609542847,-3445.00048828125,20.0,20.0,,,
,4999,,,3034.5661640167236,,,,,,,,
,4999,,12.09568977355957,,,,,,,,,
1,4999,,,,1.1513350009918213,1.0864393711090088,-3498.99951171875,20.0,20.0,,,
,5049,,,1412.8825664520264,,,,,,,,
,5049,,2.3255348205566406,,,,,,,,,
1,5049,,,,0.19960159063339233,1.0771913528442383,-2434.0,15.0,15.0,,,
,5099,,,1687.145471572876,,,,,,,,
,5099,,12.979269027709961,,,,,,,,,
1,5099,,,,-0.061103373765945435,1.070515751838684,-2554.0,15.0,15.0,,,
,5149,,,1697.7119445800781,,,,,,,,
,5149,,3.4165382385253906,,,,,,,,,
1,5149,,,,0.9032301306724548,1.1043022871017456,-2379.0,15.0,15.0,,,
,5199,,,1711.174726486206,,,,,,,,
,5199,,13.271331787109375,,,,,,,,,
1,5199,,,,0.27761855721473694,1.1063607931137085,-2433.0,15.0,15.0,,,
,5249,,,1709.0258598327637,,,,,,,,
,5249,,3.2694339752197266,,,,,,,,,
1,5249,,,,-0.8626716732978821,1.0760442018508911,-2464.0,15.0,15.0,,,
,5299,,,1690.7212734222412,,,,,,,,
,5299,,11.075735092163086,,,,,,,,,
1,5299,,,,-1.1954996585845947,1.088291883468628,-2683.0,15.0,15.0,,,
,5349,,,1392.1008110046387,,,,,,,,
,5349,,2.239227294921875,,,,,,,,,
1,5349,,,,0.42018020153045654,1.083066701889038,-2557.0,15.0,15.0,,,
,5399,,,1694.281816482544,,,,,,,,
,5399,,12.201786041259766,,,,,,,,,
1,5399,,,,-0.058683812618255615,1.0651240348815918,-2465.0,15.0,15.0,,,
,5449,,,1697.9539394378662,,,,,,,,
,5449,,6.975650787353516,,,,,,,,,
1,5449,,,,0.17911219596862793,1.0721044540405273,-2570.0,15.0,15.0,,,
,5499,,,1685.0910186767578,,,,,,,,
,5499,,11.125326156616211,,,,,,,,,
1,5499,,,,-0.384005606174469,1.0882173776626587,-2579.0,15.0,15.0,,,
,5549,,,1702.4509906768799,,,,,,,,
,5549,,6.027936935424805,,,,,,,,,
1,5549,,,,0.02800731360912323,1.0687652826309204,-2472.000244140625,15.0,15.0,,,
,5599,,,1690.5763149261475,,,,,,,,
,5599,,16.29948616027832,,,,,,,,,
1,5599,,,,0.46347951889038086,1.1082544326782227,-2394.999755859375,15.0,15.0,,,
,5649,,,1712.6333713531494,,,,,,,,
,5649,,2.599477767944336,,,,,,,,,
1,5649,,,,-0.02584517002105713,1.0459175109863281,-2581.999755859375,15.0,15.0,,,
,5699,,,1697.8178024291992,,,,,,,,
,5699,,11.130809783935547,,,,,,,,,
1,5699,,,,0.08950543403625488,1.0890079736709595,-2660.0,15.0,15.0,,,
,5749,,,1691.0483837127686,,,,,,,,
,5749,,3.549814224243164,,,,,,,,,
1,5749,,,,-0.40274882316589355,1.0786912441253662,-2462.0,15.0,15.0,,,
,5799,,,1684.8139762878418,,,,,,,,
,5799,,13.615608215332031,,,,,,,,,
1,5799,,,,-0.43307986855506897,1.091964602470398,-2471.000244140625,15.0,15.0,,,
,5849,,,1406.3985347747803,,,,,,,,
,5849,,5.132198333740234,,,,,,,,,
1,5849,,,,0.8603456020355225,1.0703444480895996,-2629.0,15.0,15.0,,,
,5899,,,1395.3616619110107,,,,,,,,
,5899,,10.32567024230957,,,,,,,,,
1,5899,,,,0.12203694880008698,1.095643401145935,-2596.999755859375,15.0,15.0,,,
,5949,,,1402.7326107025146,,,,,,,,
,5949,,2.239227294921875,,,,,,,,,
1,5949,,,,0.19053809344768524,1.0836902856826782,-2556.0,15.0,15.0,,,
,5999,,,1702.4118900299072,,,,,,,,
,5999,,11.15870475769043,,,,,,,,,
1,5999,,,,-0.23224955797195435,1.07472562789917,-2286.0,15.0,15.0,,,
,6049,,,1410.454273223877,,,,,,,,
,6049,,2.3310184478759766,,,,,,,,,
1,6049,,,,0.5275921821594238,1.08866548538208,-2597.000244140625,15.0,15.0,,,
,6099,,,1685.3909492492676,,,,,,,,
,6099,,17.063379287719727,,,,,,,,,
1,6099,,,,1.1474127769470215,1.0808959007263184,-2687.999755859375,15.0,15.0,,,
,6149,,,1707.8297138214111,,,,,,,,
,6149,,2.588510513305664,,,,,,,,,
1,6149,,,,0.23417161405086517,1.0555421113967896,-2326.0,15.0,15.0,,,
,6199,,,1684.3135356903076,,,,,,,,
,6199,,17.169713973999023,,,,,,,,,
1,6199,,,,0.30154597759246826,1.080084204673767,-2691.0,15.0,15.0,,,
,6249,,,1414.4761562347412,,,,,,,,
,6249,,2.306699752807617,,,,,,,,,
1,6249,,,,0.43401262164115906,1.0724259614944458,-2509.0,15.0,15.0,,,
,6299,,,633.2650184631348,,,,,,,,
,6299,,9.938716888427734,,,,,,,,,
1,6299,,,,0.3411962389945984,1.0404287576675415,-1568.0,10.0,10.0,,,
,6349,,,665.9986972808838,,,,,,,,
,6349,,1.0266304016113281,,,,,,,,,
1,6349,,,,-0.057285651564598083,1.0762089490890503,-1659.9998779296875,10.0,10.0,,,
,6399,,,1129.0457248687744,,,,,,,,
,6399,,9.542465209960938,,,,,,,,,
1,6399,,,,-0.25716733932495117,1.0506882667541504,-1717.9998779296875,10.0,10.0,,,
,6449,,,633.5344314575195,,,,,,,,
,6449,,1.0216236114501953,,,,,,,,,
1,6449,,,,-0.27720341086387634,1.0422167778015137,-1628.0,10.0,10.0,,,
,6499,,,759.5701217651367,,,,,,,,
,6499,,10.13803482055664,,,,,,,,,
1,6499,,,,0.03966914862394333,1.0503864288330078,-1626.999755859375,10.0,10.0,,,
,6549,,,758.3329677581787,,,,,,,,
,6549,,1.1708736419677734,,,,,,,,,
1,6549,,,,-0.2227264940738678,1.0779976844787598,-1615.0001220703125,10.0,10.0,,,
,6599,,,755.5687427520752,,,,,,,,
,6599,,10.061502456665039,,,,,,,,,
1,6599,,,,-0.12198048830032349,1.0842357873916626,-1643.0,10.0,10.0,,,
,6649,,,760.5288028717041,,,,,,,,
,6649,,1.2073516845703125,,,,,,,,,
1,6649,,,,0.27866679430007935,1.0343164205551147,-1594.000244140625,10.0,10.0,,,
,6699,,,668.1461334228516,,,,,,,,
,6699,,9.971380233764648,,,,,,,,,
1,6699,,,,-0.39372360706329346,1.032403588294983,-1531.0001220703125,10.0,10.0,,,
,6749,,,632.9646110534668,,,,,,,,
,6749,,1.001119613647461,,,,,,,,,
1,6749,,,,-0.06764788180589676,1.0250442028045654,-1644.0,10.0,10.0,,,
,6799,,,628.727912902832,,,,,,,,
,6799,,9.764432907104492,,,,,,,,,
1,6799,,,,0.38291704654693604,1.0592608451843262,-1717.0001220703125,10.0,10.0,,,
,6849,,,634.8371505737305,,,,,,,,
,6849,,0.99945068359375,,,,,,,,,
1,6849,,,,-0.43536776304244995,1.0525705814361572,-1776.9998779296875,10.0,10.0,,,
,6899,,,757.1561336517334,,,,,,,,
,6899,,10.135650634765625,,,,,,,,,
1,6899,,,,0.20912572741508484,1.0594866275787354,-1514.000244140625,10.0,10.0,,,
,6949,,,766.7155265808105,,,,,,,,
,6949,,3.966808319091797,,,,,,,,,
1,6949,,,,-0.1217573881149292,1.0581605434417725,-1855.9998779296875,10.0,10.0,,,
,6999,,,764.6420001983643,,,,,,,,
,6999,,10.135889053344727,,,,,,,,,
1,6999,,,,0.6299197673797607,1.0604803562164307,-1881.0001220703125,10.0,10.0,,,
,7049,,,761.3332271575928,,,,,,,,
,7049,,3.960132598876953,,,,,,,,,
1,7049,,,,0.49737349152565,1.069403886795044,-1624.0,10.0,10.0,,,
,7099,,,761.5187168121338,,,,,,,,
,7099,,10.168075561523438,,,,,,,,,
1,7099,,,,-0.01870572566986084,1.066321849822998,-1575.0,10.0,10.0,,,
,7149,,,632.9185962677002,,,,,,,,
,7149,,1.0957717895507812,,,,,,,,,
1,7149,,,,-0.16744482517242432,1.058521032333374,-1539.0,10.0,10.0,,,
,7199,,,628.0701160430908,,,,,,,,
,7199,,9.877204895019531,,,,,,,,,
1,7199,,,,-0.7188720107078552,1.0654456615447998,-1638.9996337890625,10.0,10.0,,,
,7249,,,628.2641887664795,,,,,,,,
,7249,,0.9577274322509766,,,,,,,,,
1,7249,,,,0.8754007816314697,1.0540285110473633,-1595.0,10.0,10.0,,,
,7299,,,637.9554271697998,,,,,,,,
,7299,,9.188175201416016,,,,,,,,,
1,7299,,,,-0.1716236174106598,1.0420531034469604,-1665.0001220703125,10.0,10.0,,,
,7349,,,634.9754333496094,,,,,,,,
,7349,,0.9982585906982422,,,,,,,,,
1,7349,,,,0.41615432500839233,1.0706562995910645,-1665.0003662109375,10.0,10.0,,,
,7399,,,764.3735408782959,,,,,,,,
,7399,,10.260820388793945,,,,,,,,,
1,7399,,,,-0.036575332283973694,1.0516782999038696,-1597.0,10.0,10.0,,,
,7449,,,766.3519382476807,,,,,,,,
,7449,,2.894163131713867,,,,,,,,,
1,7449,,,,0.07736806571483612,1.0684669017791748,-1550.0,10.0,10.0,,,
,7499,,,636.0814571380615,,,,,,,,
,7499,,9.398937225341797,,,,,,,,,
1,7499,,,,-0.07504552602767944,1.0709549188613892,-1552.0,10.0,10.0,,,
1,7499,,,,,,,,,9.116775512695312,2666.3515625,-2666.3515625
,7500,6805.769800424576,,,,,,,,,,
,7549,,,774.5606899261475,,,,,,,,
,7549,,1.4619827270507812,,,,,,,,,
2,7549,,,,0.41314971446990967,1.0559663772583008,-1611.0,10.0,10.0,,,
,7599,,,634.5772743225098,,,,,,,,
,7599,,10.019540786743164,,,,,,,,,
2,7599,,,,0.12070152163505554,1.0926028490066528,-1698.9998779296875,10.0,10.0,,,
,7649,,,635.8158588409424,,,,,,,,
,7649,,1.039266586303711,,,,,,,,,
2,7649,,,,-0.03561431169509888,1.0710176229476929,-1526.0001220703125,10.0,10.0,,,
,7699,,,634.2544555664062,,,,,,,,
,7699,,9.458780288696289,,,,,,,,,
2,7699,,,,-0.025740638375282288,1.0722814798355103,-1575.0,10.0,10.0,,,
,7749,,,631.8869590759277,,,,,,,,
,7749,,3.3648014068603516,,,,,,,,,
2,7749,,,,0.48320311307907104,1.0189313888549805,-1659.9998779296875,10.0,10.0,,,
,7799,,,640.6221389770508,,,,,,,,
,7799,,9.554862976074219,,,,,,,,,
2,7799,,,,0.39481309056282043,1.069277048110962,-1706.000244140625,10.0,10.0,,,
,7849,,,643.2747840881348,,,,,,,,
,7849,,0.9801387786865234,,,,,,,,,
2,7849,,,,0.11257731169462204,1.1006842851638794,-1646.0,10.0,10.0,,,
,7899,,,626.5158653259277,,,,,,,,
,7899,,9.169340133666992,,,,,,,,,
2,7899,,,,-0.24324961006641388,1.084113597869873,-1652.0,10.0,10.0,,,
,7949,,,629.4903755187988,,,,,,,,
,7949,,1.03759765625,,,,,,,,,
2,7949,,,,-0.12503013014793396,1.0921298265457153,-1643.0001220703125,10.0,10.0,,,
,7999,,,633.350133895874,,,,,,,,
,7999,,9.743690490722656,,,,,,,,,
2,7999,,,,0.3140939474105835,1.0337632894515991,-1799.9998779296875,10.0,10.0,,,
,8049,,,630.9165954589844,,,,,,,,
,8049,,2.749204635620117,,,,,,,,,
2,8049,,,,-0.18413832783699036,1.0441137552261353,-1642.0,10.0,10.0,,,
,8099,,,635.3933811187744,,,,,,,,
,8099,,9.961128234863281,,,,,,,,,
2,8099,,,,-0.0695691928267479,1.0824151039123535,-1568.0,10.0,10.0,,,
,8149,,,629.5247077941895,,,,,,,,
,8149,,1.0340213775634766,,,,,,,,,
2,8149,,,,-0.7542703151702881,1.0677337646484375,-1639.9998779296875,10.0,10.0,,,
,8199,,,631.2704086303711,,,,,,,,
,8199,,9.197473526000977,,,,,,,,,
2,8199,,,,0.276336669921875,1.0992097854614258,-1709.0,10.0,10.0,,,
,8249,,,702.7668952941895,,,,,,,,
,8249,,1.0745525360107422,,,,,,,,,
2,8249,,,,0.4876347780227661,1.0671677589416504,-1562.9998779296875,10.0,10.0,,,
,8299,,,705.7342529296875,,,,,,,,
,8299,,9.48476791381836,,,,,,,,,
2,8299,,,,0.31846460700035095,1.0823652744293213,-1582.0,10.0,10.0,,,
,8349,,,1213.2887840270996,,,,,,,,
,8349,,1.150369644165039,,,,,,,,,
2,8349,,,,-0.012536413967609406,1.0466631650924683,-1615.0001220703125,10.0,10.0,,,
,8399,,,701.3943195343018,,,,,,,,
,8399,,9.935379028320312,,,,,,,,,
2,8399,,,,-0.1726386547088623,1.051040530204773,-1520.0,10.0,10.0,,,
,8449,,,705.2464485168457,,,,,,,,
,8449,,0.9801387786865234,,,,,,,,,
2,8449,,,,0.3604618012905121,1.0709259510040283,-1591.0,10.0,10.0,,,
,8499,,,820.969820022583,,,,,,,,
,8499,,10.185480117797852,,,,,,,,,
2,8499,,,,0.4603867530822754,1.0527944564819336,-1719.0,10.0,10.0,,,
,8549,,,686.7082118988037,,,,,,,,
,8549,,1.0213851928710938,,,,,,,,,
2,8549,,,,-0.39559873938560486,1.0450553894042969,-1830.0,10.0,10.0,,,
,8599,,,705.7914733886719,,,,,,,,
,8599,,9.976625442504883,,,,,,,,,
2,8599,,,,-0.44608986377716064,1.0505759716033936,-1676.999755859375,10.0,10.0,,,
,8649,,,732.7597141265869,,,,,,,,
,8649,,0.9670257568359375,,,,,,,,,
2,8649,,,,-0.13200576603412628,1.0692442655563354,-1849.0,10.0,10.0,,,
,8699,,,705.9166431427002,,,,,,,,
,8699,,9.893655776977539,,,,,,,,,
2,8699,,,,-0.07508581876754761,1.0525535345077515,-1523.0,10.0,10.0,,,
,8749,,,703.2217979431152,,,,,,,,
,8749,,1.020193099975586,,,,,,,,,
2,8749,,,,-0.34996455907821655,1.0358340740203857,-1600.0,10.0,10.0,,,
,8799,,,1549.4027137756348,,,,,,,,
,8799,,10.331153869628906,,,,,,,,,
2,8799,,,,-0.41852590441703796,1.089066743850708,-2558.0,15.0,15.0,,,
,8849,,,1804.8014640808105,,,,,,,,
,8849,,2.4497509002685547,,,,,,,,,
2,8849,,,,-0.14506831765174866,1.047073245048523,-2498.999755859375,15.0,15.0,,,
,8899,,,1528.3474922180176,,,,,,,,
,8899,,18.468618392944336,,,,,,,,,
2,8899,,,,-0.9216956496238708,1.0520095825195312,-2684.0,15.0,15.0,,,
,8949,,,1807.072401046753,,,,,,,,
,8949,,2.476930618286133,,,,,,,,,
2,8949,,,,0.30014029145240784,1.043360948562622,-2531.99951171875,15.0,15.0,,,
,8999,,,1817.9569244384766,,,,,,,,
,8999,,11.084794998168945,,,,,,,,,
2,8999,,,,-0.049628227949142456,1.0895239114761353,-2600.999755859375,15.0,15.0,,,
,9049,,,1833.0156803131104,,,,,,,,
,9049,,2.763986587524414,,,,,,,,,
2,9049,,,,0.22901183366775513,1.0755170583724976,-2665.999755859375,15.0,15.0,,,
,9099,,,1814.734697341919,,,,,,,,
,9099,,11.100292205810547,,,,,,,,,
2,9099,,,,-0.03928056359291077,1.1039570569992065,-2544.000244140625,15.0,15.0,,,
,9149,,,1547.8999614715576,,,,,,,,
,9149,,2.3012161254882812,,,,,,,,,
2,9149,,,,-0.39957332611083984,1.082783579826355,-2666.0,15.0,15.0,,,
,9199,,,1812.5791549682617,,,,,,,,
,9199,,11.141777038574219,,,,,,,,,
2,9199,,,,-0.3753938674926758,1.0739340782165527,-2570.000244140625,15.0,15.0,,,
,9249,,,2081.817388534546,,,,,,,,
,9249,,2.562999725341797,,,,,,,,,
2,9249,,,,0.774864137172699,1.0774744749069214,-2583.000244140625,15.0,15.0,,,
,9299,,,1815.941333770752,,,,,,,,
,9299,,11.07168197631836,,,,,,,,,
2,9299,,,,0.28256165981292725,1.0695629119873047,-2625.999755859375,15.0,15.0,,,
,9349,,,1549.4019985198975,,,,,,,,
,9349,,2.295255661010742,,,,,,,,,
2,9349,,,,-0.43571922183036804,1.1054894924163818,-2575.999755859375,15.0,15.0,,,
,9399,,,1541.748285293579,,,,,,,,
,9399,,10.850667953491211,,,,,,,,,
2,9399,,,,-0.32272928953170776,1.065859317779541,-2562.999755859375,15.0,15.0,,,
,9449,,,1692.6672458648682,,,,,,,,
,9449,,3.021240234375,,,,,,,,,
2,9449,,,,-0.0024865269660949707,1.067720651626587,-2431.999755859375,15.0,15.0,,,
,9499,,,1694.0672397613525,,,,,,,,
,9499,,11.08407974243164,,,,,,,,,
2,9499,,,,0.3974819481372833,1.058210015296936,-2284.000244140625,15.0,15.0,,,
,9549,,,1435.149908065796,,,,,,,,
,9549,,2.2923946380615234,,,,,,,,,
2,9549,,,,-0.4932329058647156,1.0533642768859863,-2560.0,15.0,15.0,,,
,9599,,,1702.6679515838623,,,,,,,,
,9599,,11.0626220703125,,,,,,,,,
2,9599,,,,-0.2024316042661667,1.0733027458190918,-2607.0,15.0,15.0,,,
,9649,,,1701.9069194793701,,,,,,,,
,9649,,2.7844905853271484,,,,,,,,,
2,9649,,,,-0.2915151119232178,1.0577988624572754,-2597.999755859375,15.0,15.0,,,
,9699,,,1437.525749206543,,,,,,,,
,9699,,10.899066925048828,,,,,,,,,
2,9699,,,,0.26261940598487854,1.0628653764724731,-2541.0,15.0,15.0,,,
,9749,,,1711.4183902740479,,,,,,,,
,9749,,2.60162353515625,,,,,,,,,
2,9749,,,,0.0956021249294281,1.0632619857788086,-2499.000244140625,15.0,15.0,,,
,9799,,,1686.0744953155518,,,,,,,,
,9799,,11.082649230957031,,,,,,,,,
2,9799,,,,0.3442128896713257,1.072784662246704,-2587.0,15.0,15.0,,,
,9849,,,1692.8279399871826,,,,,,,,
,9849,,2.503633499145508,,,,,,,,,
2,9849,,,,0.2696051001548767,1.0602428913116455,-2551.0,15.0,15.0,,,
,9899,,,1412.9693508148193,,,,,,,,
,9899,,13.887882232666016,,,,,,,,,
2,9899,,,,0.3090827763080597,1.0651944875717163,-2618.999755859375,15.0,15.0,,,
,9949,,,1688.3845329284668,,,,,,,,
,9949,,6.153583526611328,,,,,,,,,
2,9949,,,,-0.41308701038360596,1.0823124647140503,-2442.0,15.0,15.0,,,
,9999,,,1693.2451725006104,,,,,,,,
,9999,,11.205434799194336,,,,,,,,,
2,9999,,,,0.3383715748786926,1.047602653503418,-2652.0,15.0,15.0,,,
,10049,,,3040.818452835083,,,,,,,,
,10049,,3.7708282470703125,,,,,,,,,
2,10049,,,,0.017891407012939453,1.0712504386901855,-3374.000244140625,20.0,20.0,,,
,10099,,,3078.8416862487793,,,,,,,,
,10099,,12.672185897827148,,,,,,,,,
2,10099,,,,-1.6968626976013184,1.0447258949279785,-3434.0,20.0,20.0,,,
,10149,,,3043.6577796936035,,,,,,,,
,10149,,3.714323043823242,,,,,,,,,
2,10149,,,,0.5963734984397888,1.0721843242645264,-3390.0,20.0,20.0,,,
,10199,,,3074.0346908569336,,,,,,,,
,10199,,12.467622756958008,,,,,,,,,
2,10199,,,,0.46820464730262756,1.0682156085968018,-3471.999755859375,20.0,20.0,,,
,10249,,,3077.838897705078,,,,,,,,
,10249,,3.7801265716552734,,,,,,,,,
2,10249,,,,1.6147947311401367,1.0791305303573608,-3399.0,20.0,20.0,,,
,10299,,,3047.6958751678467,,,,,,,,
,10299,,12.524127960205078,,,,,,,,,
2,10299,,,,0.20693284273147583,1.0583058595657349,-3352.0,20.0,20.0,,,
,10349,,,3084.617853164673,,,,,,,,
,10349,,1.7671585083007812,,,,,,,,,
2,10349,,,,0.19071662425994873,1.0656393766403198,-3333.99951171875,20.0,20.0,,,
,10399,,,3045.3388690948486,,,,,,,,
,10399,,12.128591537475586,,,,,,,,,
2,10399,,,,0.19504770636558533,1.0679669380187988,-3403.0,20.0,20.0,,,
,10449,,,3074.885606765747,,,,,,,,
,10449,,3.725290298461914,,,,,,,,,
2,10449,,,,-0.6629889607429504,1.0394824743270874,-3430.999755859375,20.0,20.0,,,
,10499,,,2546.8478202819824,,,,,,,,
,10499,,12.334823608398438,,,,,,,,,
2,10499,,,,-0.6883192658424377,1.0793735980987549,-3400.99951171875,20.0,20.0,,,
,10549,,,2547.6019382476807,,,,,,,,
,10549,,3.482818603515625,,,,,,,,,
2,10549,,,,0.43998533487319946,1.0794798135757446,-3409.999755859375,20.0,20.0,,,
,10599,,,2542.924165725708,,,,,,,,
,10599,,11.711597442626953,,,,,,,,,
2,10599,,,,-0.12624818086624146,1.0714082717895508,-3456.00048828125,20.0,20.0,,,
,10649,,,3026.2653827667236,,,,,,,,
,10649,,3.846406936645508,,,,,,,,,
2,10649,,,,0.5868460536003113,1.0603926181793213,-3472.000244140625,20.0,20.0,,,
,10699,,,3261.522054672241,,,,,,,,
,10699,,12.501239776611328,,,,,,,,,
2,10699,,,,1.2421908378601074,1.0760860443115234,-3480.99951171875,20.0,20.0,,,
,10749,,,3585.2181911468506,,,,,,,,
,10749,,3.9064884185791016,,,,,,,,,
2,10749,,,,0.24699926376342773,1.059768557548523,-3525.0,20.0,20.0,,,
,10799,,,3057.1646690368652,,,,,,,,
,10799,,10.576486587524414,,,,,,,,,
2,10799,,,,-0.9546898007392883,1.0608832836151123,-3350.99951171875,20.0,20.0,,,
,10849,,,3085.43062210083,,,,,,,,
,10849,,1.7852783203125,,,,,,,,,
2,10849,,,,-0.05208927392959595,1.077833652496338,-3368.999755859375,20.0,20.0,,,
,10899,,,3039.9317741394043,,,,,,,,
,10899,,12.789726257324219,,,,,,,,,
2,10899,,,,0.799785852432251,1.0960570573806763,-3412.0,20.0,20.0,,,
,10949,,,3079.6093940734863,,,,,,,,
,10949,,3.7353038787841797,,,,,,,,,
2,10949,,,,0.594539999961853,1.071563720703125,-3528.999755859375,20.0,20.0,,,
,10999,,,3045.8219051361084,,,,,,,,
,10999,,11.923551559448242,,,,,,,,,
2,10999,,,,-0.4159962236881256,1.0619759559631348,-3466.00048828125,20.0,20.0,,,
,11049,,,3051.9683361053467,,,,,,,,
,11049,,3.7679672241210938,,,,,,,,,
2,11049,,,,0.29175740480422974,1.0639125108718872,-3275.999755859375,20.0,20.0,,,
,11099,,,3079.322099685669,,,,,,,,
,11099,,12.591123580932617,,,,,,,,,
2,11099,,,,0.46723026037216187,1.071615219116211,-3331.999755859375,20.0,20.0,,,
,11149,,,3043.9155101776123,,,,,,,,
,11149,,3.8514137268066406,,,,,,,,,
2,11149,,,,-0.9235227108001709,1.0617026090621948,-3530.999755859375,20.0,20.0,,,
,11199,,,3074.983835220337,,,,,,,,
,11199,,11.475324630737305,,,,,,,,,
2,11199,,,,0.7505970001220703,1.0784212350845337,-3412.999755859375,20.0,20.0,,,
,11249,,,3049.3855476379395,,,,,,,,
,11249,,3.6957263946533203,,,,,,,,,
2,11249,,,,-0.37862783670425415,1.063938021659851,-3511.0,20.0,20.0,,,
2,11249,,,,,,,,,9.90588092803955,2685.3466796875,-2685.3466796875
,11250,7106.747805356979,,,,,,,,,,
,11299,,,3048.1395721435547,,,,,,,,
,11299,,12.151956558227539,,,,,,,,,
3,11299,,,,-0.12699896097183228,1.0792839527130127,-3420.0,20.0,20.0,,,
,11349,,,3045.8295345306396,,,,,,,,
,11349,,2.045869827270508,,,,,,,,,
3,11349,,,,-0.7025372982025146,1.0695862770080566,-3422.999755859375,20.0,20.0,,,
,11399,,,3080.1501274108887,,,,,,,,
,11399,,12.447834014892578,,,,,,,,,
3,11399,,,,0.5904948115348816,1.0696574449539185,-3387.000244140625,20.0,20.0,,,
,11449,,,3041.8286323547363,,,,,,,,
,11449,,3.7763118743896484,,,,,,,,,
3,11449,,,,0.24711886048316956,1.0655694007873535,-3344.0,20.0,20.0,,,
,11499,,,3071.9223022460938,,,,,,,,
,11499,,12.619733810424805,,,,,,,,,
3,11499,,,,1.3638482093811035,1.069720983505249,-3434.999755859375,20.0,20.0,,,
,11549,,,3051.6438484191895,,,,,,,,
,11549,,3.9224624633789062,,,,,,,,,
3,11549,,,,-0.34550416469573975,1.0608519315719604,-3389.0,20.0,20.0,,,
,11599,,,3073.152542114258,,,,,,,,
,11599,,12.619972229003906,,,,,,,,,
3,11599,,,,0.5365832448005676,1.0855300426483154,-3554.999755859375,20.0,20.0,,,
,11649,,,3608.5548400878906,,,,,,,,
,11649,,3.881216049194336,,,,,,,,,
3,11649,,,,-0.7437949180603027,1.0761020183563232,-3295.0,20.0,20.0,,,
,11699,,,3041.414499282837,,,,,,,,
,11699,,12.557506561279297,,,,,,,,,
3,11699,,,,0.23040643334388733,1.063232421875,-3500.00048828125,20.0,20.0,,,
,11749,,,3084.728479385376,,,,,,,,
,11749,,3.818511962890625,,,,,,,,,
3,11749,,,,0.3161942660808563,1.0665512084960938,-3375.0,20.0,20.0,,,
,11799,,,2535.1545810699463,,,,,,,,
,11799,,12.286186218261719,,,,,,,,,
3,11799,,,,-0.3216032385826111,1.0638446807861328,-3424.000244140625,20.0,20.0,,,
,11849,,,2542.823314666748,,,,,,,,
,11849,,8.778810501098633,,,,,,,,,
3,11849,,,,0.329955130815506,1.069112777709961,-3443.999755859375,20.0,20.0,,,
,11899,,,3068.7484741210938,,,,,,,,
,11899,,12.172460556030273,,,,,,,,,
3,11899,,,,-0.3787422180175781,1.0707340240478516,-3506.000244140625,20.0,20.0,,,
,11949,,,3548.9842891693115,,,,,,,,
,11949,,3.9064884185791016,,,,,,,,,
3,11949,,,,0.6542927622795105,1.0822820663452148,-3503.00048828125,20.0,20.0,,,
,11999,,,3076.288938522339,,,,,,,,
,11999,,12.511491775512695,,,,,,,,,
3,11999,,,,1.5208594799041748,1.0627620220184326,-3289.99951171875,20.0,20.0,,,
,12049,,,3081.8042755126953,,,,,,,,
,12049,,3.7221908569335938,,,,,,,,,
3,12049,,,,0.77774977684021,1.084887981414795,-3614.000244140625,20.0,20.0,,,
,12099,,,3041.128396987915,,,,,,,,
,12099,,12.82954216003418,,,,,,,,,
3,12099,,,,-0.5267701148986816,1.0671977996826172,-3507.0,20.0,20.0,,,
,12149,,,3084.6264362335205,,,,,,,,
,12149,,4.023075103759766,,,,,,,,,
3,12149,,,,-1.0113942623138428,1.0751882791519165,-3399.999755859375,20.0,20.0,,,
,12199,,,3050.642490386963,,,,,,,,
,12199,,11.986732482910156,,,,,,,,,
3,12199,,,,1.196943998336792,1.0619455575942993,-3449.99951171875,20.0,20.0,,,
,12249,,,3082.918882369995,,,,,,,,
,12249,,3.7055015563964844,,,,,,,,,
3,12249,,,,0.750901460647583,1.1068997383117676,-3313.0,20.0,20.0,,,
,12299,,,3048.3927726745605,,,,,,,,
,12299,,12.542486190795898,,,,,,,,,
3,12299,,,,1.1003624200820923,1.070847749710083,-3438.999755859375,20.0,20.0,,,
,12349,,,3047.412157058716,,,,,,,,
,12349,,3.745555877685547,,,,,,,,,
3,12349,,,,-0.6042262315750122,1.0845856666564941,-3343.000244140625,20.0,20.0,,,
,12399,,,3084.400415420532,,,,,,,,
,12399,,12.434244155883789,,,,,,,,,
3,12399,,,,0.5043107271194458,1.0732048749923706,-3254.00048828125,20.0,20.0,,,
,12449,,,3051.4330863952637,,,,,,,,
,12449,,3.736734390258789,,,,,,,,,
3,12449,,,,-0.03744003176689148,1.0527126789093018,-3418.99951171875,20.0,20.0,,,
,12499,,,2546.334981918335,,,,,,,,
,12499,,11.758089065551758,,,,,,,,,
3,12499,,,,0.7686883807182312,1.082460880279541,-3360.0,20.0,20.0,,,
,12549,,,1688.7543201446533,,,,,,,,
,12549,,2.47955322265625,,,,,,,,,
3,12549,,,,0.6251329183578491,1.0360747575759888,-2623.000244140625,15.0,15.0,,,
,12599,,,1717.3030376434326,,,,,,,,
,12599,,11.985301971435547,,,,,,,,,
3,12599,,,,-0.4385688304901123,1.045817255973816,-2623.999755859375,15.0,15.0,,,
,12649,,,1691.138744354248,,,,,,,,
,12649,,2.4971961975097656,,,,,,,,,
3,12649,,,,0.6949520707130432,1.068347454071045,-2435.999755859375,15.0,15.0,,,
,12699,,,1423.0141639709473,,,,,,,,
,12699,,12.670755386352539,,,,,,,,,
3,12699,,,,-0.09443435072898865,1.036789059638977,-2680.0,15.0,15.0,,,
,12749,,,1412.59765625,,,,,,,,
,12749,,2.3021697998046875,,,,,,,,,
3,12749,,,,0.04430556297302246,1.0736079216003418,-2441.0,15.0,15.0,,,
,12799,,,1710.4904651641846,,,,,,,,
,12799,,17.290353775024414,,,,,,,,,
3,12799,,,,-0.18851657211780548,1.0413047075271606,-2591.00048828125,15.0,15.0,,,
,12849,,,1689.1860961914062,,,,,,,,
,12849,,2.4907588958740234,,,,,,,,,
3,12849,,,,-1.1089891195297241,1.0464826822280884,-2401.000244140625,15.0,15.0,,,
,12899,,,1699.8019218444824,,,,,,,,
,12899,,12.064933776855469,,,,,,,,,
3,12899,,,,-0.47424083948135376,1.040887713432312,-2394.99951171875,15.0,15.0,,,
,12949,,,1704.9200534820557,,,,,,,,
,12949,,2.72369384765625,,,,,,,,,
3,12949,,,,-0.5662762522697449,1.0318076610565186,-2548.0,15.0,15.0,,,
,12999,,,1699.4104385375977,,,,,,,,
,12999,,13.021230697631836,,,,,,,,,
3,12999,,,,-0.06027065962553024,1.0648953914642334,-2448.0,15.0,15.0,,,
,13049,,,1695.296287536621,,,,,,,,
,13049,,6.499052047729492,,,,,,,,,
3,13049,,,,-0.7771708965301514,1.063464641571045,-2355.0,15.0,15.0,,,
,13099,,,1696.3953971862793,,,,,,,,
,13099,,10.753393173217773,,,,,,,,,
3,13099,,,,0.6483362317085266,1.0677635669708252,-2649.00048828125,15.0,15.0,,,
,13149,,,1702.4948596954346,,,,,,,,
,13149,,2.6721954345703125,,,,,,,,,
3,13149,,,,0.06485539674758911,1.043904423713684,-2658.0,15.0,15.0,,,
,13199,,,1707.4410915374756,,,,,,,,
,13199,,12.858152389526367,,,,,,,,,
3,13199,,,,0.46231767535209656,1.0581218004226685,-2417.0,15.0,15.0,,,
,13249,,,1403.9080142974854,,,,,,,,
,13249,,2.216339111328125,,,,,,,,,
3,13249,,,,-0.6310129165649414,1.0670568943023682,-2478.0,15.0,15.0,,,
,13299,,,1707.3516845703125,,,,,,,,
,13299,,11.227607727050781,,,,,,,,,
3,13299,,,,0.7783609628677368,1.0482006072998047,-2619.000244140625,15.0,15.0,,,
,13349,,,1697.6063251495361,,,,,,,,
,13349,,2.4993419647216797,,,,,,,,,
3,13349,,,,0.06657654047012329,1.0529605150222778,-2529.000244140625,15.0,15.0,,,
,13399,,,1717.2343730926514,,,,,,,,
,13399,,11.373758316040039,,,,,,,,,
3,13399,,,,0.3145817518234253,1.0773017406463623,-2543.0,15.0,15.0,,,
,13449,,,1713.4220600128174,,,,,,,,
,13449,,2.6273727416992188,,,,,,,,,
3,13449,,,,-0.7987580299377441,1.0490444898605347,-2602.999755859375,15.0,15.0,,,
,13499,,,1694.7526931762695,,,,,,,,
,13499,,11.132955551147461,,,,,,,,,
3,13499,,,,-0.26259055733680725,1.0665613412857056,-2625.999755859375,15.0,15.0,,,
,13549,,,1710.3383541107178,,,,,,,,
,13549,,2.619028091430664,,,,,,,,,
3,13549,,,,0.3378069996833801,1.0607268810272217,-2558.0,15.0,15.0,,,
,13599,,,1700.8836269378662,,,,,,,,
,13599,,11.249542236328125,,,,,,,,,
3,13599,,,,-0.3068692982196808,1.0569899082183838,-2572.999755859375,15.0,15.0,,,
,13649,,,1415.0149822235107,,,,,,,,
,13649,,6.263017654418945,,,,,,,,,
3,13649,,,,0.4794079065322876,1.0570367574691772,-2606.000244140625,15.0,15.0,,,
,13699,,,1422.5070476531982,,,,,,,,
,13699,,16.287565231323242,,,,,,,,,
3,13699,,,,-0.8317974805831909,1.0551427602767944,-2590.0,15.0,15.0,,,
,13749,,,1684.2308044433594,,,,,,,,
,13749,,2.496480941772461,,,,,,,,,
3,13749,,,,-0.4023006558418274,1.0514198541641235,-2485.0,15.0,15.0,,,
,13799,,,763.6644840240479,,,,,,,,
,13799,,17.366886138916016,,,,,,,,,
3,13799,,,,-0.4282706081867218,1.0210952758789062,-1527.9998779296875,10.0,10.0,,,
,13849,,,638.3907794952393,,,,,,,,
,13849,,1.0886192321777344,,,,,,,,,
3,13849,,,,0.0032555460929870605,1.0413107872009277,-1546.9998779296875,10.0,10.0,,,
,13899,,,634.3133449554443,,,,,,,,
,13899,,9.410619735717773,,,,,,,,,
3,13899,,,,-0.3637465536594391,1.0118845701217651,-1609.0,10.0,10.0,,,
,13949,,,630.4309368133545,,,,,,,,
,13949,,2.811908721923828,,,,,,,,,
3,13949,,,,-0.10394848883152008,1.0152496099472046,-1643.0,10.0,10.0,,,
,13999,,,641.4659023284912,,,,,,,,
,13999,,9.701728820800781,,,,,,,,,
3,13999,,,,0.07990369200706482,1.024035096168518,-1704.0,10.0,10.0,,,
,14049,,,630.3887367248535,,,,,,,,
,14049,,0.9927749633789062,,,,,,,,,
3,14049,,,,-0.6561909317970276,1.0110280513763428,-1675.0001220703125,10.0,10.0,,,
,14099,,,638.4522914886475,,,,,,,,
,14099,,10.017633438110352,,,,,,,,,
3,14099,,,,0.10901013016700745,1.040037989616394,-1721.0001220703125,10.0,10.0,,,
,14149,,,637.7644538879395,,,,,,,,
,14149,,3.344297409057617,,,,,,,,,
3,14149,,,,0.5681602358818054,1.0351855754852295,-1859.000244140625,10.0,10.0,,,
,14199,,,637.157678604126,,,,,,,,
,14199,,9.202718734741211,,,,,,,,,
3,14199,,,,0.10052752494812012,1.0563938617706299,-1617.0001220703125,10.0,10.0,,,
,14249,,,645.3061103820801,,,,,,,,
,14249,,1.0013580322265625,,,,,,,,,
3,14249,,,,-0.19808577001094818,1.0148100852966309,-1546.9998779296875,10.0,10.0,,,
,14299,,,643.6905860900879,,,,,,,,
,14299,,9.815216064453125,,,,,,,,,
3,14299,,,,-0.3715742230415344,1.0287904739379883,-1651.0001220703125,10.0,10.0,,,
,14349,,,760.6456279754639,,,,,,,,
,14349,,1.180410385131836,,,,,,,,,
3,14349,,,,0.36205023527145386,1.0480748414993286,-1631.9998779296875,10.0,10.0,,,
,14399,,,638.5776996612549,,,,,,,,
,14399,,10.156393051147461,,,,,,,,,
3,14399,,,,-0.5153644680976868,1.0060958862304688,-1730.0001220703125,10.0,10.0,,,
,14449,,,632.5438022613525,,,,,,,,
,14449,,1.035451889038086,,,,,,,,,
3,14449,,,,0.015122927725315094,1.020027995109558,-1608.0,10.0,10.0,,,
,14499,,,632.2934627532959,,,,,,,,
,14499,,9.782791137695312,,,,,,,,,
3,14499,,,,0.16172677278518677,1.049910068511963,-1735.9998779296875,10.0,10.0,,,
,14549,,,633.7761878967285,,,,,,,,
,14549,,0.9984970092773438,,,,,,,,,
3,14549,,,,0.3470207452774048,1.07357919216156,-1434.0,10.0,10.0,,,
,14599,,,764.2090320587158,,,,,,,,
,14599,,10.14256477355957,,,,,,,,,
3,14599,,,,-0.5221683382987976,1.0095820426940918,-1740.0001220703125,10.0,10.0,,,
,14649,,,634.3116760253906,,,,,,,,
,14649,,1.0135173797607422,,,,,,,,,
3,14649,,,,-0.04057304933667183,1.029158353805542,-1574.0,10.0,10.0,,,
,14699,,,639.6491527557373,,,,,,,,
,14699,,9.957075119018555,,,,,,,,,
3,14699,,,,0.9751418232917786,1.0287235975265503,-1861.0001220703125,10.0,10.0,,,
,14749,,,636.817216873169,,,,,,,,
,14749,,1.0192394256591797,,,,,,,,,
3,14749,,,,0.40961384773254395,1.0243797302246094,-1726.0001220703125,10.0,10.0,,,
,14799,,,636.775016784668,,,,,,,,
,14799,,9.293556213378906,,,,,,,,,
3,14799,,,,-0.047411590814590454,1.0503157377243042,-1700.9998779296875,10.0,10.0,,,
,14849,,,638.2541656494141,,,,,,,,
,14849,,1.009225845336914,,,,,,,,,
3,14849,,,,0.405647337436676,1.0271815061569214,-1590.0,10.0,10.0,,,
,14899,,,762.7265453338623,,,,,,,,
,14899,,10.339736938476562,,,,,,,,,
3,14899,,,,0.12335200607776642,1.0352818965911865,-1802.0,10.0,10.0,,,
,14949,,,635.3459358215332,,,,,,,,
,14949,,1.0230541229248047,,,,,,,,,
3,14949,,,,-0.02955833077430725,1.0539391040802002,-1511.9998779296875,10.0,10.0,,,
,14999,,,668.3521270751953,,,,,,,,
,14999,,18.78190040588379,,,,,,,,,
3,14999,,,,-0.3383415937423706,1.0651885271072388,-1753.9998779296875,10.0,10.0,,,
3,14999,,,,,,,,,10.368142127990723,2696.998291015625,-2696.998291015625
,15000,7000.428571462631,,,,,,,,,,
,15049,,,1410.794734954834,,,,,,,,
,15049,,6.216764450073242,,,,,,,,,
4,15049,,,,0.31588315963745117,1.068252682685852,-2625.999755859375,15.0,15.0,,,
,15099,,,1692.2378540039062,,,,,,,,
,15099,,11.179685592651367,,,,,,,,,
4,15099,,,,0.008743688464164734,1.0594033002853394,-2597.999755859375,15.0,15.0,,,
,15149,,,1705.4615020751953,,,,,,,,
,15149,,2.532958984375,,,,,,,,,
4,15149,,,,1.281241536140442,1.0742533206939697,-2438.0,15.0,15.0,,,
,15199,,,1709.040641784668,,,,,,,,
,15199,,14.653682708740234,,,,,,,,,
4,15199,,,,-0.17715275287628174,1.0470396280288696,-2499.000244140625,15.0,15.0,,,
,15249,,,1694.6628093719482,,,,,,,,
,15249,,2.559661865234375,,,,,,,,,
4,15249,,,,-0.09527158737182617,1.0584509372711182,-2413.999755859375,15.0,15.0,,,
,15299,,,1410.1440906524658,,,,,,,,
,15299,,10.282754898071289,,,,,,,,,
4,15299,,,,-0.12837348878383636,1.0494437217712402,-2599.0,15.0,15.0,,,
,15349,,,1425.3861904144287,,,,,,,,
,15349,,2.57110595703125,,,,,,,,,
4,15349,,,,0.35689276456832886,1.0662970542907715,-2588.999755859375,15.0,15.0,,,
,15399,,,1693.0761337280273,,,,,,,,
,15399,,11.146068572998047,,,,,,,,,
4,15399,,,,-0.42453059554100037,1.0418047904968262,-2432.999755859375,15.0,15.0,,,
,15449,,,1409.2795848846436,,,,,,,,
,15449,,2.4340152740478516,,,,,,,,,
4,15449,,,,0.04068814218044281,1.0505108833312988,-2587.0,15.0,15.0,,,
,15499,,,1701.6716003417969,,,,,,,,
,15499,,11.047124862670898,,,,,,,,,
4,15499,,,,0.1091599315404892,1.0530169010162354,-2549.0,15.0,15.0,,,
,15549,,,1411.8847846984863,,,,,,,,
,15549,,2.2454261779785156,,,,,,,,,
4,15549,,,,1.2587001323699951,1.0371851921081543,-2497.0,15.0,15.0,,,
,15599,,,1413.2397174835205,,,,,,,,
,15599,,10.819673538208008,,,,,,,,,
4,15599,,,,-0.8195581436157227,1.0484778881072998,-2604.0,15.0,15.0,,,
,15649,,,1688.5206699371338,,,,,,,,
,15649,,8.778095245361328,,,,,,,,,
4,15649,,,,0.40956565737724304,1.041290521621704,-2655.999755859375,15.0,15.0,,,
,15699,,,1404.0131568908691,,,,,,,,
,15699,,14.549732208251953,,,,,,,,,
4,15699,,,,-0.42039719223976135,1.041515588760376,-2688.999755859375,15.0,15.0,,,
,15749,,,1396.1524963378906,,,,,,,,
,15749,,2.234220504760742,,,,,,,,,
4,15749,,,,0.1153850257396698,1.0533533096313477,-2614.999755859375,15.0,15.0,,,
,15799,,,1401.5421867370605,,,,,,,,
,15799,,10.75887680053711,,,,,,,,,
4,15799,,,,0.4399365186691284,1.053794503211975,-2643.0,15.0,15.0,,,
,15849,,,1408.5948467254639,,,,,,,,
,15849,,2.290964126586914,,,,,,,,,
4,15849,,,,0.16347242891788483,1.0620229244232178,-2461.0,15.0,15.0,,,
,15899,,,1699.2413997650146,,,,,,,,
,15899,,11.151790618896484,,,,,,,,,
4,15899,,,,0.10175751894712448,1.0699505805969238,-2434.0,15.0,15.0,,,
,15949,,,1708.5304260253906,,,,,,,,
,15949,,4.065513610839844,,,,,,,,,
4,15949,,,,0.07169938087463379,1.070333480834961,-2442.999755859375,15.0,15.0,,,
,15999,,,1691.852331161499,,,,,,,,
,15999,,11.966943740844727,,,,,,,,,
4,15999,,,,0.2941616475582123,1.0401723384857178,-2585.0,15.0,15.0,,,
,16049,,,1696.807622909546,,,,,,,,
,16049,,2.5081634521484375,,,,,,,,,
4,16049,,,,0.2545521557331085,1.0413016080856323,-2612.0,15.0,15.0,,,
,16099,,,1689.664602279663,,,,,,,,
,16099,,11.400222778320312,,,,,,,,,
4,16099,,,,-0.4453548192977905,1.0585871934890747,-2520.0,15.0,15.0,,,
,16149,,,1696.4843273162842,,,,,,,,
,16149,,2.5174617767333984,,,,,,,,,
4,16149,,,,-0.44204092025756836,1.0673192739486694,-2431.999755859375,15.0,15.0,,,
,16199,,,1719.066858291626,,,,,,,,
,16199,,11.272668838500977,,,,,,,,,
4,16199,,,,-0.6748785972595215,1.0444942712783813,-2627.0,15.0,15.0,,,
,16249,,,1406.543493270874,,,,,,,,
,16249,,2.290487289428711,,,,,,,,,
4,16249,,,,0.11893266439437866,1.0620650053024292,-2422.0,15.0,15.0,,,
,16299,,,2528.1641483306885,,,,,,,,
,16299,,12.050867080688477,,,,,,,,,
4,16299,,,,0.05129063129425049,1.060196042060852,-3516.000244140625,20.0,20.0,,,
,16349,,,2537.7955436706543,,,,,,,,
,16349,,1.5583038330078125,,,,,,,,,
4,16349,,,,-0.8810030221939087,1.0504138469696045,-3476.0,20.0,20.0,,,
,16399,,,3087.891101837158,,,,,,,,
,16399,,11.899948120117188,,,,,,,,,
4,16399,,,,0.14269524812698364,1.054341435432434,-3292.0,20.0,20.0,,,
,16449,,,3060.567617416382,,,,,,,,
,16449,,3.767728805541992,,,,,,,,,
4,16449,,,,0.8756951093673706,1.0698190927505493,-3508.000244140625,20.0,20.0,,,
,16499,,,3084.5136642456055,,,,,,,,
,16499,,12.523174285888672,,,,,,,,,
4,16499,,,,0.2774673402309418,1.0640114545822144,-3279.999755859375,20.0,20.0,,,
,16549,,,3080.214500427246,,,,,,,,
,16549,,3.753662109375,,,,,,,,,
4,16549,,,,0.3790498375892639,1.0889949798583984,-3417.99951171875,20.0,20.0,,,
,16599,,,3044.563055038452,,,,,,,,
,16599,,11.886835098266602,,,,,,,,,
4,16599,,,,-0.23676836490631104,1.0546660423278809,-3611.0,20.0,20.0,,,
,16649,,,3078.83358001709,,,,,,,,
,16649,,3.7779808044433594,,,,,,,,,
4,16649,,,,0.5159077048301697,1.0871304273605347,-3438.99951171875,20.0,20.0,,,
,16699,,,3039.168119430542,,,,,,,,
,16699,,12.559652328491211,,,,,,,,,
4,16699,,,,-0.6036667823791504,1.0762981176376343,-3465.999755859375,20.0,20.0,,,
,16749,,,3080.288887023926,,,,,,,,
,16749,,1.7893314361572266,,,,,,,,,
4,16749,,,,0.2599698603153229,1.0683708190917969,-3381.0,20.0,20.0,,,
,16799,,,3039.808988571167,,,,,,,,
,16799,,12.570381164550781,,,,,,,,,
4,16799,,,,0.39126789569854736,1.0503780841827393,-3449.000244140625,20.0,20.0,,,
,16849,,,3068.244218826294,,,,,,,,
,16849,,3.755331039428711,,,,,,,,,
4,16849,,,,-0.18231728672981262,1.0567563772201538,-3425.0,20.0,20.0,,,
,16899,,,2531.4979553222656,,,,,,,,
,16899,,12.095451354980469,,,,,,,,,
4,16899,,,,-0.8281890749931335,1.0546997785568237,-3288.0,20.0,20.0,,,
,16949,,,2571.5856552124023,,,,,,,,
,16949,,3.6203861236572266,,,,,,,,,
4,16949,,,,0.5355870723724365,1.0524227619171143,-3407.999755859375,20.0,20.0,,,
,16999,,,3083.362817764282,,,,,,,,
,16999,,12.546300888061523,,,,,,,,,
4,16999,,,,-0.07429760694503784,1.0566556453704834,-3392.00048828125,20.0,20.0,,,
,17049,,,2544.5969104766846,,,,,,,,
,17049,,3.9191246032714844,,,,,,,,,
4,17049,,,,1.1750824451446533,1.0623735189437866,-3499.999755859375,20.0,20.0,,,
,17099,,,3049.4165420532227,,,,,,,,
,17099,,12.614250183105469,,,,,,,,,
4,17099,,,,-1.3996306657791138,1.0572593212127686,-3484.0,20.0,20.0,,,
,17149,,,3073.4481811523438,,,,,,,,
,17149,,3.752470016479492,,,,,,,,,
4,17149,,,,-0.43460556864738464,1.048261046409607,-3441.000244140625,20.0,20.0,,,
,17199,,,3047.4984645843506,,,,,,,,
,17199,,11.934995651245117,,,,,,,,,
4,17199,,,,0.5295145511627197,1.056222915649414,-3412.999755859375,20.0,20.0,,,
,17249,,,3044.1603660583496,,,,,,,,
,17249,,3.688335418701172,,,,,,,,,
4,17249,,,,1.1745028495788574,1.0592644214630127,-3394.999755859375,20.0,20.0,,,
,17299,,,3096.7917442321777,,,,,,,,
,17299,,12.642145156860352,,,,,,,,,
4,17299,,,,0.9319053292274475,1.0635089874267578,-3478.000244140625,20.0,20.0,,,
,17349,,,3067.617177963257,,,,,,,,
,17349,,3.8299560546875,,,,,,,,,
4,17349,,,,0.17818321287631989,1.0718345642089844,-3356.000244140625,20.0,20.0,,,
,17399,,,3087.101936340332,,,,,,,,
,17399,,12.477636337280273,,,,,,,,,
4,17399,,,,1.0585122108459473,1.0646263360977173,-3466.999755859375,20.0,20.0,,,
,17449,,,3048.557996749878,,,,,,,,
,17449,,3.7648677825927734,,,,,,,,,
4,17449,,,,-0.036925241351127625,1.0345873832702637,-3585.0,20.0,20.0,,,
,17499,,,2587.354898452759,,,,,,,,
,17499,,11.830329895019531,,,,,,,,,
4,17499,,,,1.0852280855178833,1.0559035539627075,-3419.0,20.0,20.0,,,
,17549,,,676.9125461578369,,,,,,,,
,17549,,1.0068416595458984,,,,,,,,,
4,17549,,,,-0.002961166203022003,1.0146265029907227,-1648.0,10.0,10.0,,,
,17599,,,641.2563323974609,,,,,,,,
,17599,,9.435892105102539,,,,,,,,,
4,17599,,,,-0.12306468933820724,1.0499348640441895,-1640.0,10.0,10.0,,,
,17649,,,642.7264213562012,,,,,,,,
,17649,,0.9942054748535156,,,,,,,,,
4,17649,,,,0.0894162654876709,1.0399775505065918,-1728.0,10.0,10.0,,,
,17699,,,636.347770690918,,,,,,,,
,17699,,9.311437606811523,,,,,,,,,
4,17699,,,,-0.26919451355934143,1.050528645515442,-1649.000244140625,10.0,10.0,,,
,17749,,,642.5108909606934,,,,,,,,
,17749,,0.9667873382568359,,,,,,,,,
4,17749,,,,0.23397967219352722,1.0228204727172852,-1667.999755859375,10.0,10.0,,,
,17799,,,652.0357131958008,,,,,,,,
,17799,,9.752511978149414,,,,,,,,,
4,17799,,,,0.011153027415275574,1.028980016708374,-1783.0,10.0,10.0,,,
,17849,,,641.4370536804199,,,,,,,,
,17849,,1.0077953338623047,,,,,,,,,
4,17849,,,,-0.6253361701965332,1.037898063659668,-1646.0001220703125,10.0,10.0,,,
,17899,,,637.1831893920898,,,,,,,,
,17899,,9.834766387939453,,,,,,,,,
4,17899,,,,-1.3528131246566772,1.0067534446716309,-1700.0,10.0,10.0,,,
,17949,,,700.3052234649658,,,,,,,,
,17949,,1.0285377502441406,,,,,,,,,
4,17949,,,,-0.13354673981666565,1.0121917724609375,-1737.0,10.0,10.0,,,
,17999,,,759.4485282897949,,,,,,,,
,17999,,10.085344314575195,,,,,,,,,
4,17999,,,,-0.07306702435016632,1.0074920654296875,-1822.0,10.0,10.0,,,
,18049,,,628.6952495574951,,,,,,,,
,18049,,0.9872913360595703,,,,,,,,,
4,18049,,,,-0.3880683183670044,1.0332143306732178,-1625.0001220703125,10.0,10.0,,,
,18099,,,631.8557262420654,,,,,,,,
,18099,,9.802103042602539,,,,,,,,,
4,18099,,,,-0.001253664493560791,1.0237582921981812,-1646.000244140625,10.0,10.0,,,
,18149,,,633.7053775787354,,,,,,,,
,18149,,0.9896755218505859,,,,,,,,,
4,18149,,,,-0.17007523775100708,1.049088954925537,-1566.0001220703125,10.0,10.0,,,
,18199,,,667.1271324157715,,,,,,,,
,18199,,9.763717651367188,,,,,,,,,
4,18199,,,,-0.4521022439002991,1.0211290121078491,-1735.9998779296875,10.0,10.0,,,
,18249,,,769.3705558776855,,,,,,,,
,18249,,3.8406848907470703,,,,,,,,,
4,18249,,,,-0.18711379170417786,1.0234591960906982,-1584.0,10.0,10.0,,,
,18299,,,633.3513259887695,,,,,,,,
,18299,,10.019779205322266,,,,,,,,,
4,18299,,,,-0.2568840980529785,1.0092536211013794,-1648.0001220703125,10.0,10.0,,,
,18349,,,638.939619064331,,,,,,,,
,18349,,1.0223388671875,,,,,,,,,
4,18349,,,,-0.5132296085357666,1.0039663314819336,-1621.0,10.0,10.0,,,
,18399,,,642.7505016326904,,,,,,,,
,18399,,9.830474853515625,,,,,,,,,
4,18399,,,,0.4840558171272278,1.0301544666290283,-1681.0001220703125,10.0,10.0,,,
,18449,,,639.3983364105225,,,,,,,,
,18449,,2.8412342071533203,,,,,,,,,
4,18449,,,,0.46041542291641235,1.0442930459976196,-1560.0,10.0,10.0,,,
,18499,,,634.5162391662598,,,,,,,,
,18499,,9.786605834960938,,,,,,,,,
4,18499,,,,0.08150148391723633,1.0350706577301025,-1656.0001220703125,10.0,10.0,,,
,18549,,,636.4214420318604,,,,,,,,
,18549,,0.9472370147705078,,,,,,,,,
4,18549,,,,-0.5828517079353333,1.062587022781372,-1780.9998779296875,10.0,10.0,,,
,18599,,,643.8281536102295,,,,,,,,
,18599,,9.831666946411133,,,,,,,,,
4,18599,,,,0.5683794021606445,1.0446679592132568,-1686.0001220703125,10.0,10.0,,,
,18649,,,638.6651992797852,,,,,,,,
,18649,,1.4061927795410156,,,,,,,,,
4,18649,,,,0.1729193776845932,1.0264909267425537,-1575.0,10.0,10.0,,,
,18699,,,653.3529758453369,,,,,,,,
,18699,,9.920597076416016,,,,,,,,,
4,18699,,,,0.04256054759025574,1.0171278715133667,-1767.0001220703125,10.0,10.0,,,
,18749,,,634.3677043914795,,,,,,,,
,18749,,1.0085105895996094,,,,,,,,,
4,18749,,,,-0.5842225551605225,1.0176910161972046,-1617.0001220703125,10.0,10.0,,,
4,18749,,,,,,,,,10.118073463439941,2689.78662109375,-2689.78662109375
,18750,6742.485109329224,,,,,,,,,,
,18799,,,771.9292640686035,,,,,,,,
,18799,,15.236377716064453,,,,,,,,,
5,18799,,,,0.5993591547012329,1.036832332611084,-1659.9998779296875,10.0,10.0,,,
,18849,,,765.4561996459961,,,,,,,,
,18849,,1.161336898803711,,,,,,,,,
5,18849,,,,0.23431061208248138,1.0187811851501465,-1731.999755859375,10.0,10.0,,,
,18899,,,773.2839584350586,,,,,,,,
,18899,,15.67220687866211,,,,,,,,,
5,18899,,,,-0.5514652132987976,1.0383007526397705,-1578.9998779296875,10.0,10.0,,,
,18949,,,772.538423538208,,,,,,,,
,18949,,3.6706924438476562,,,,,,,,,
5,18949,,,,-0.08438169956207275,1.0232346057891846,-1677.000244140625,10.0,10.0,,,
,18999,,,642.1442031860352,,,,,,,,
,18999,,9.79757308959961,,,,,,,,,
5,18999,,,,-0.3801966905593872,1.0560332536697388,-1655.0001220703125,10.0,10.0,,,
,19049,,,652.3251533508301,,,,,,,,
,19049,,0.9903907775878906,,,,,,,,,
5,19049,,,,-0.33470407128334045,1.0177669525146484,-1624.999755859375,10.0,10.0,,,
,19099,,,652.7464389801025,,,,,,,,
,19099,,10.16998291015625,,,,,,,,,
5,19099,,,,0.0796029269695282,1.0157021284103394,-1693.9998779296875,10.0,10.0,,,
,19149,,,634.9649429321289,,,,,,,,
,19149,,0.9863376617431641,,,,,,,,,
5,19149,,,,0.1728348284959793,1.0105130672454834,-1618.0,10.0,10.0,,,
,19199,,,668.4260368347168,,,,,,,,
,19199,,9.84954833984375,,,,,,,,,
5,19199,,,,0.008045345544815063,1.0140379667282104,-1566.9998779296875,10.0,10.0,,,
,19249,,,633.0468654632568,,,,,,,,
,19249,,0.9760856628417969,,,,,,,,,
5,19249,,,,-0.10553612560033798,1.0486154556274414,-1716.0001220703125,10.0,10.0,,,
,19299,,,651.9248485565186,,,,,,,,
,19299,,9.935140609741211,,,,,,,,,
5,19299,,,,-0.38569867610931396,1.0223716497421265,-1663.0,10.0,10.0,,,
,19349,,,645.1427936553955,,,,,,,,
,19349,,1.0044574737548828,,,,,,,,,
5,19349,,,,-0.5693845748901367,1.0500155687332153,-1581.0,10.0,10.0,,,
,19399,,,640.6331062316895,,,,,,,,
,19399,,9.360313415527344,,,,,,,,,
5,19399,,,,0.29882675409317017,1.0460205078125,-1619.0,10.0,10.0,,,
,19449,,,626.2288093566895,,,,,,,,
,19449,,3.2196044921875,,,,,,,,,
5,19449,,,,-0.2411370873451233,1.0203256607055664,-1694.0,10.0,10.0,,,
,19499,,,629.0738582611084,,,,,,,,
,19499,,9.875297546386719,,,,,,,,,
5,19499,,,,-0.09319959580898285,1.0235005617141724,-1651.0001220703125,10.0,10.0,,,
,19549,,,644.3226337432861,,,,,,,,
,19549,,1.0120868682861328,,,,,,,,,
5,19549,,,,-0.3702869117259979,1.0467581748962402,-1557.0001220703125,10.0,10.0,,,
,19599,,,632.9145431518555,,,,,,,,
,19599,,9.896278381347656,,,,,,,,,
5,19599,,,,-0.6452339887619019,1.024298906326294,-1752.9998779296875,10.0,10.0,,,
,19649,,,645.1845169067383,,,,,,,,
,19649,,0.9717941284179688,,,,,,,,,
5,19649,,,,-0.3123703598976135,1.0519869327545166,-1539.0,10.0,10.0,,,
,19699,,,639.4863128662109,,,,,,,,
,19699,,10.065555572509766,,,,,,,,,
5,19699,,,,0.2941221594810486,1.0379682779312134,-1587.0,10.0,10.0,,,
,19749,,,633.7394714355469,,,,,,,,
,19749,,1.0097026824951172,,,,,,,,,
5,19749,,,,0.3488336503505707,1.0135681629180908,-1623.0,10.0,10.0,,,
,19799,,,700.7367610931396,,,,,,,,
,19799,,16.362905502319336,,,,,,,,,
5,19799,,,,0.18798576295375824,1.0393589735031128,-1577.9998779296875,10.0,10.0,,,
,19849,,,827.054500579834,,,,,,,,
,19849,,3.6220550537109375,,,,,,,,,
5,19849,,,,0.5992607474327087,1.0266525745391846,-1660.0,10.0,10.0,,,
,19899,,,920.0382232666016,,,,,,,,
,19899,,15.656232833862305,,,,,,,,,
5,19899,,,,0.5192313194274902,1.0302389860153198,-1688.0,10.0,10.0,,,
,19949,,,957.54075050354,,,,,,,,
,19949,,2.4704933166503906,,,,,,,,,
5,19949,,,,-0.26030147075653076,1.0569615364074707,-1650.0,10.0,10.0,,,
,19999,,,924.9720573425293,,,,,,,,
,19999,,13.294458389282227,,,,,,,,,
5,19999,,,,-0.049694351851940155,1.012284517288208,-1642.0001220703125,10.0,10.0,,,
,20049,,,4020.078182220459,,,,,,,,
,20049,,4.640102386474609,,,,,,,,,
5,20049,,,,0.2604295313358307,1.0491818189620972,-3334.000244140625,20.0,20.0,,,
,20099,,,4346.671581268311,,,,,,,,
,20099,,13.196706771850586,,,,,,,,,
5,20099,,,,-0.3168327212333679,1.0556195974349976,-3234.000244140625,20.0,20.0,,,
,20149,,,3764.5950317382812,,,,,,,,
,20149,,4.655599594116211,,,,,,,,,
5,20149,,,,0.34077227115631104,1.0672855377197266,-3473.000244140625,20.0,20.0,,,
,20199,,,3794.5809364318848,,,,,,,,
,20199,,13.640403747558594,,,,,,,,,
5,20199,,,,0.6740162372589111,1.0610229969024658,-3455.999755859375,20.0,20.0,,,
,20249,,,3296.720504760742,,,,,,,,
,20249,,4.911661148071289,,,,,,,,,
5,20249,,,,0.37584930658340454,1.0445513725280762,-3377.999755859375,20.0,20.0,,,
,20299,,,3387.7978324890137,,,,,,,,
,20299,,13.105392456054688,,,,,,,,,
5,20299,,,,0.8301236033439636,1.055338978767395,-3237.000244140625,20.0,20.0,,,
,20349,,,3608.448028564453,,,,,,,,
,20349,,5.023479461669922,,,,,,,,,
5,20349,,,,-0.08925621211528778,1.065492868423462,-3360.99951171875,20.0,20.0,,,
,20399,,,3739.699363708496,,,,,,,,
,20399,,13.435840606689453,,,,,,,,,
5,20399,,,,-0.31143811345100403,1.0743069648742676,-3440.99951171875,20.0,20.0,,,
,20449,,,3790.5070781707764,,,,,,,,
,20449,,4.1675567626953125,,,,,,,,,
5,20449,,,,0.12451565265655518,1.0765577554702759,-3523.0,20.0,20.0,,,
,20499,,,3731.922149658203,,,,,,,,
,20499,,13.819694519042969,,,,,,,,,
5,20499,,,,-0.36221110820770264,1.0746958255767822,-3394.999755859375,20.0,20.0,,,
,20549,,,3738.419771194458,,,,,,,,
,20549,,4.152536392211914,,,,,,,,,
5,20549,,,,-1.1423463821411133,1.0712541341781616,-3331.0,20.0,20.0,,,
,20599,,,3805.119037628174,,,,,,,,
,20599,,13.630151748657227,,,,,,,,,
5,20599,,,,-0.27666139602661133,1.0389328002929688,-3525.0,20.0,20.0,,,
,20649,,,3752.8085708618164,,,,,,,,
,20649,,4.206180572509766,,,,,,,,,
5,20649,,,,-0.37770557403564453,1.0633900165557861,-3520.999755859375,20.0,20.0,,,
,20699,,,3699.8746395111084,,,,,,,,
,20699,,13.486623764038086,,,,,,,,,
5,20699,,,,0.48765742778778076,1.0463590621948242,-3459.00048828125,20.0,20.0,,,
,20749,,,3726.238012313843,,,,,,,,
,20749,,5.032777786254883,,,,,,,,,
5,20749,,,,0.14766825735569,1.048665165901184,-3362.000244140625,20.0,20.0,,,
,20799,,,3701.8918991088867,,,,,,,,
,20799,,13.772249221801758,,,,,,,,,
5,20799,,,,-0.42390573024749756,1.0593180656433105,-3510.0,20.0,20.0,,,
,20849,,,3732.7637672424316,,,,,,,,
,20849,,4.165172576904297,,,,,,,,,
5,20849,,,,-0.11380821466445923,1.0592795610427856,-3504.0,20.0,20.0,,,
,20899,,,3607.797384262085,,,,,,,,
,20899,,14.096498489379883,,,,,,,,,
5,20899,,,,0.1250523030757904,1.06980299949646,-3600.999755859375,20.0,20.0,,,
,20949,,,3803.030252456665,,,,,,,,
,20949,,4.319906234741211,,,,,,,,,
5,20949,,,,-0.16880598664283752,1.059363603591919,-3438.999755859375,20.0,20.0,,,
,20999,,,3779.1006565093994,,,,,,,,
,20999,,13.262510299682617,,,,,,,,,
5,20999,,,,-0.12503011524677277,1.0749120712280273,-3442.0,20.0,20.0,,,
,21049,,,3761.6050243377686,,,,,,,,
,21049,,3.862142562866211,,,,,,,,,
5,21049,,,,-1.0637409687042236,1.058921456336975,-3486.000244140625,20.0,20.0,,,
,21099,,,3743.8526153564453,,,,,,,,
,21099,,11.150121688842773,,,,,,,,,
5,21099,,,,0.5469081401824951,1.0507076978683472,-3590.00048828125,20.0,20.0,,,
,21149,,,3791.301488876343,,,,,,,,
,21149,,4.032135009765625,,,,,,,,,
5,21149,,,,-0.01895485818386078,1.0583345890045166,-3471.999755859375,20.0,20.0,,,
,21199,,,3051.513433456421,,,,,,,,
,21199,,12.737274169921875,,,,,,,,,
5,21199,,,,-0.40478384494781494,1.0348920822143555,-3298.000244140625,20.0,20.0,,,
,21249,,,2583.1754207611084,,,,,,,,
,21249,,3.6225318908691406,,,,,,,,,
5,21249,,,,-0.3665556013584137,1.047568440437317,-3471.0,20.0,20.0,,,
,21299,,,1707.3390483856201,,,,,,,,
,21299,,14.387369155883789,,,,,,,,,
5,21299,,,,-0.4844406545162201,1.032106637954712,-2597.000244140625,15.0,15.0,,,
,21349,,,1421.823501586914,,,,,,,,
,21349,,2.3581981658935547,,,,,,,,,
5,21349,,,,0.11053390800952911,1.0473201274871826,-2701.000244140625,15.0,15.0,,,
,21399,,,1414.2980575561523,,,,,,,,
,21399,,10.484933853149414,,,,,,,,,
5,21399,,,,-0.0036847740411758423,1.0781354904174805,-2538.0,15.0,15.0,,,
,21449,,,1423.6865043640137,,,,,,,,
,21449,,6.705284118652344,,,,,,,,,
5,21449,,,,0.9343346357345581,1.043007493019104,-2596.000244140625,15.0,15.0,,,
,21499,,,1692.8555965423584,,,,,,,,
,21499,,10.499715805053711,,,,,,,,,
5,21499,,,,-0.35630351305007935,1.0445085763931274,-2472.0,15.0,15.0,,,
,21549,,,1699.4667053222656,,,,,,,,
,21549,,5.139589309692383,,,,,,,,,
5,21549,,,,-0.38109302520751953,1.033414602279663,-2720.0,15.0,15.0,,,
,21599,,,1708.5552215576172,,,,,,,,
,21599,,11.264801025390625,,,,,,,,,
5,21599,,,,-0.38880133628845215,1.0395148992538452,-2521.0,15.0,15.0,,,
,21649,,,1712.8419876098633,,,,,,,,
,21649,,9.211063385009766,,,,,,,,,
5,21649,,,,-0.6741686463356018,1.0465428829193115,-2567.999755859375,15.0,15.0,,,
,21699,,,1421.5502738952637,,,,,,,,
,21699,,11.343955993652344,,,,,,,,,
5,21699,,,,-0.13596515357494354,1.0261772871017456,-2613.000244140625,15.0,15.0,,,
,21749,,,1688.1089210510254,,,,,,,,
,21749,,2.4585723876953125,,,,,,,,,
5,21749,,,,0.5292976498603821,1.0375574827194214,-2491.0,15.0,15.0,,,
,21799,,,1698.9803314208984,,,,,,,,
,21799,,11.258840560913086,,,,,,,,,
5,21799,,,,0.08747369050979614,1.0402286052703857,-2639.0,15.0,15.0,,,
,21849,,,1693.4876441955566,,,,,,,,
,21849,,8.646965026855469,,,,,,,,,
5,21849,,,,0.19668304920196533,1.0532152652740479,-2538.000244140625,15.0,15.0,,,
,21899,,,1401.871919631958,,,,,,,,
,21899,,10.95890998840332,,,,,,,,,
5,21899,,,,1.03318190574646,1.0623729228973389,-2425.000244140625,15.0,15.0,,,
,21949,,,1693.9380168914795,,,,,,,,
,21949,,2.4597644805908203,,,,,,,,,
5,21949,,,,-0.24468451738357544,1.054446816444397,-2475.999755859375,15.0,15.0,,,
,21999,,,1417.4256324768066,,,,,,,,
,21999,,10.899066925048828,,,,,,,,,
5,21999,,,,0.056023404002189636,1.0445730686187744,-2476.999755859375,15.0,15.0,,,
,22049,,,1688.4284019470215,,,,,,,,
,22049,,2.5205612182617188,,,,,,,,,
5,22049,,,,0.018155552446842194,1.0284968614578247,-2567.0,15.0,15.0,,,
,22099,,,1708.1794738769531,,,,,,,,
,22099,,11.258363723754883,,,,,,,,,
5,22099,,,,-0.2931252419948578,1.042570948600769,-2581.999755859375,15.0,15.0,,,
,22149,,,1690.312147140503,,,,,,,,
,22149,,2.501964569091797,,,,,,,,,
5,22149,,,,-0.44458088278770447,1.0518805980682373,-2424.999755859375,15.0,15.0,,,
,22199,,,1699.1167068481445,,,,,,,,
,22199,,11.125802993774414,,,,,,,,,
5,22199,,,,-0.08089680969715118,1.0379629135131836,-2687.0,15.0,15.0,,,
,22249,,,1702.5904655456543,,,,,,,,
,22249,,2.6443004608154297,,,,,,,,,
5,22249,,,,0.06680577993392944,1.0327038764953613,-2682.000244140625,15.0,15.0,,,
,22299,,,1423.245906829834,,,,,,,,
,22299,,10.573387145996094,,,,,,,,,
5,22299,,,,0.6377670764923096,1.0484522581100464,-2608.999755859375,15.0,15.0,,,
,22349,,,1725.9373664855957,,,,,,,,
,22349,,2.7647018432617188,,,,,,,,,
5,22349,,,,-0.42387479543685913,1.0756269693374634,-2320.999755859375,15.0,15.0,,,
,22399,,,1396.6953754425049,,,,,,,,
,22399,,10.806798934936523,,,,,,,,,
5,22399,,,,0.4185192286968231,1.02924644947052,-2450.000244140625,15.0,15.0,,,
,22449,,,1690.648078918457,,,,,,,,
,22449,,2.4995803833007812,,,,,,,,,
5,22449,,,,-0.10204393416643143,1.0554983615875244,-2647.0,15.0,15.0,,,
,22499,,,1403.259038925171,,,,,,,,
,22499,,10.334253311157227,,,,,,,,,
5,22499,,,,-0.17991262674331665,1.0356241464614868,-2643.000244140625,15.0,15.0,,,
5,22499,,,,,,,,,10.491744041442871,2700.0048828125,-2700.0048828125
,22500,7692.416125535965,,,,,,,,,,
,22549,,,645.9157466888428,,,,,,,,
,22549,,0.9741783142089844,,,,,,,,,
6,22549,,,,0.009418874979019165,1.0059189796447754,-1731.0001220703125,10.0,10.0,,,
,22599,,,675.1160621643066,,,,,,,,
,22599,,10.05697250366211,,,,,,,,,
6,22599,,,,0.2091425210237503,1.0235671997070312,-1557.0001220703125,10.0,10.0,,,
,22649,,,638.923168182373,,,,,,,,
,22649,,1.001119613647461,,,,,,,,,
6,22649,,,,0.3150938153266907,1.0165892839431763,-1546.0001220703125,10.0,10.0,,,
,22699,,,638.9760971069336,,,,,,,,
,22699,,9.878873825073242,,,,,,,,,
6,22699,,,,0.12861937284469604,1.0311450958251953,-1559.999755859375,10.0,10.0,,,
,22749,,,641.3202285766602,,,,,,,,
,22749,,0.9872913360595703,,,,,,,,,
6,22749,,,,-0.16737736761569977,1.021620512008667,-1695.0,10.0,10.0,,,
,22799,,,637.6686096191406,,,,,,,,
,22799,,10.01286506652832,,,,,,,,,
6,22799,,,,-0.0818905234336853,1.0198837518692017,-1593.9998779296875,10.0,10.0,,,
,22849,,,628.361701965332,,,,,,,,
,22849,,0.9725093841552734,,,,,,,,,
6,22849,,,,0.012276247143745422,1.0183045864105225,-1535.0,10.0,10.0,,,
,22899,,,790.2553081512451,,,,,,,,
,22899,,18.848657608032227,,,,,,,,,
6,22899,,,,-0.24116036295890808,1.0300946235656738,-1744.0001220703125,10.0,10.0,,,
,22949,,,638.2365226745605,,,,,,,,
,22949,,1.0089874267578125,,,,,,,,,
6,22949,,,,0.10745184123516083,1.006253719329834,-1615.0,10.0,10.0,,,
,22999,,,646.1989879608154,,,,,,,,
,22999,,9.837150573730469,,,,,,,,,
6,22999,,,,-0.37334007024765015,1.0266213417053223,-1680.999755859375,10.0,10.0,,,
,23049,,,634.1228485107422,,,,,,,,
,23049,,2.6879310607910156,,,,,,,,,
6,23049,,,,-0.11905787885189056,1.0081312656402588,-1814.0,10.0,10.0,,,
,23099,,,635.5583667755127,,,,,,,,
,23099,,9.997129440307617,,,,,,,,,
6,23099,,,,-0.1928873360157013,1.041069507598877,-1634.999755859375,10.0,10.0,,,
,23149,,,649.6891975402832,,,,,,,,
,23149,,1.0025501251220703,,,,,,,,,
6,23149,,,,-0.3367788791656494,1.0231786966323853,-1576.0,10.0,10.0,,,
,23199,,,768.9282894134521,,,,,,,,
,23199,,10.038137435913086,,,,,,,,,
6,23199,,,,0.26053673028945923,1.0153571367263794,-1756.0,10.0,10.0,,,
,23249,,,651.867151260376,,,,,,,,
,23249,,0.9908676147460938,,,,,,,,,
6,23249,,,,-0.0021645762026309967,1.0183485746383667,-1692.0001220703125,10.0,10.0,,,
,23299,,,636.0576152801514,,,,,,,,
,23299,,9.886741638183594,,,,,,,,,
6,23299,,,,-0.6048510074615479,1.0593255758285522,-1688.0,10.0,10.0,,,
,23349,,,627.5238990783691,,,,,,,,
,23349,,0.988006591796875,,,,,,,,,
6,23349,,,,0.12912438809871674,1.0232936143875122,-1751.0001220703125,10.0,10.0,,,
,23399,,,645.2488899230957,,,,,,,,
,23399,,9.699821472167969,,,,,,,,,
6,23399,,,,0.019030854105949402,1.0101580619812012,-1699.0,10.0,10.0,,,
,23449,,,632.115364074707,,,,,,,,
,23449,,0.9999275207519531,,,,,,,,,
6,23449,,,,-0.0037036538124084473,1.009028434753418,-1686.9998779296875,10.0,10.0,,,
,23499,,,761.9824409484863,,,,,,,,
,23499,,10.222196578979492,,,,,,,,,
6,23499,,,,0.13604313135147095,1.033970832824707,-1781.0,10.0,10.0,,,
,23549,,,630.3372383117676,,,,,,,,
,23549,,1.0194778442382812,,,,,,,,,
6,23549,,,,1.245601773262024,1.0135191679000854,-1730.0,10.0,10.0,,,
,23599,,,633.0504417419434,,,,,,,,
,23599,,9.331703186035156,,,,,,,,,
6,23599,,,,0.23039978742599487,1.0128202438354492,-1729.999755859375,10.0,10.0,,,
,23649,,,636.9168758392334,,,,,,,,
,23649,,2.9425621032714844,,,,,,,,,
6,23649,,,,0.23993176221847534,1.0402790307998657,-1500.0,10.0,10.0,,,
,23699,,,780.935525894165,,,,,,,,
,23699,,10.75434684753418,,,,,,,,,
6,23699,,,,0.3866588771343231,1.0293371677398682,-1703.0001220703125,10.0,10.0,,,
,23749,,,632.5767040252686,,,,,,,,
,23749,,2.850055694580078,,,,,,,,,
6,23749,,,,0.3507237434387207,1.002967357635498,-1684.999755859375,10.0,10.0,,,
,23799,,,1407.0782661437988,,,,,,,,
,23799,,10.652303695678711,,,,,,,,,
6,23799,,,,0.01566946506500244,1.040539026260376,-2828.000244140625,15.0,15.0,,,
,23849,,,2227.693796157837,,,,,,,,
,23849,,2.6552677154541016,,,,,,,,,
6,23849,,,,0.583196222782135,1.0192848443984985,-2624.0,15.0,15.0,,,
,23899,,,1410.1078510284424,,,,,,,,
,23899,,11.188507080078125,,,,,,,,,
6,23899,,,,0.1314234584569931,1.0483721494674683,-2611.0,15.0,15.0,,,
,23949,,,1732.844352722168,,,,,,,,
,23949,,2.9473304748535156,,,,,,,,,
6,23949,,,,0.2191503942012787,1.0355231761932373,-2660.000244140625,15.0,15.0,,,
,23999,,,1416.5973663330078,,,,,,,,
,23999,,10.930299758911133,,,,,,,,,
6,23999,,,,-0.2774154543876648,1.0567781925201416,-2535.0,15.0,15.0,,,
,24049,,,1698.7226009368896,,,,,,,,
,24049,,2.516031265258789,,,,,,,,,
6,24049,,,,-0.704206645488739,1.081360101699829,-2547.0,15.0,15.0,,,
,24099,,,1696.570873260498,,,,,,,,
,24099,,11.227846145629883,,,,,,,,,
6,24099,,,,0.45817673206329346,1.0309698581695557,-2501.0,15.0,15.0,,,
,24149,,,2073.9357471466064,,,,,,,,
,24149,,4.233598709106445,,,,,,,,,
6,24149,,,,1.6695005893707275,1.063701868057251,-2405.99951171875,15.0,15.0,,,
,24199,,,2116.0969734191895,,,,,,,,
,24199,,14.11294937133789,,,,,,,,,
6,24199,,,,0.34637945890426636,1.0577366352081299,-2523.0,15.0,15.0,,,
,24249,,,2117.314338684082,,,,,,,,
,24249,,2.7129650115966797,,,,,,,,,
6,24249,,,,0.15210063755512238,1.0555987358093262,-2500.0,15.0,15.0,,,
,24299,,,2059.882640838623,,,,,,,,
,24299,,12.128829956054688,,,,,,,,,
6,24299,,,,-0.23480801284313202,1.0614614486694336,-2510.0,15.0,15.0,,,
,24349,,,2122.102975845337,,,,,,,,
,24349,,2.8557777404785156,,,,,,,,,
6,24349,,,,-0.38748764991760254,1.0421206951141357,-2585.000244140625,15.0,15.0,,,
,24399,,,2087.3196125030518,,,,,,,,
,24399,,12.245416641235352,,,,,,,,,
6,24399,,,,-0.4118739366531372,1.0386841297149658,-2598.0,15.0,15.0,,,
,24449,,,1848.222255706787,,,,,,,,
,24449,,2.619504928588867,,,,,,,,,
6,24449,,,,-0.07884775102138519,1.0466177463531494,-2520.999755859375,15.0,15.0,,,
,24499,,,2111.8767261505127,,,,,,,,
,24499,,11.857986450195312,,,,,,,,,
6,24499,,,,-0.5205365419387817,1.0412448644638062,-2538.000244140625,15.0,15.0,,,
,24549,,,2105.3037643432617,,,,,,,,
,24549,,2.778768539428711,,,,,,,,,
6,24549,,,,0.4973185658454895,1.0415687561035156,-2556.0,15.0,15.0,,,
,24599,,,2072.481155395508,,,,,,,,
,24599,,12.102842330932617,,,,,,,,,
6,24599,,,,-0.3195396959781647,1.032306432723999,-2780.0,15.0,15.0,,,
,24649,,,2099.1690158843994,,,,,,,,
,24649,,2.5222301483154297,,,,,,,,,
6,24649,,,,-0.1140308752655983,1.032448410987854,-2523.999755859375,15.0,15.0,,,
,24699,,,1819.0627098083496,,,,,,,,
,24699,,11.6729736328125,,,,,,,,,
6,24699,,,,0.14511588215827942,1.0260435342788696,-2651.0,15.0,15.0,,,
,24749,,,2116.0333156585693,,,,,,,,
,24749,,2.4657249450683594,,,,,,,,,
6,24749,,,,0.8987531661987305,1.0352364778518677,-2362.000244140625,15.0,15.0,,,
,24799,,,1881.5767765045166,,,,,,,,
,24799,,11.974096298217773,,,,,,,,,
6,24799,,,,0.49145063757896423,1.030131459236145,-2624.0,15.0,15.0,,,
,24849,,,2062.9029273986816,,,,,,,,
,24849,,4.89044189453125,,,,,,,,,
6,24849,,,,0.025555334985256195,1.0246784687042236,-2550.0,15.0,15.0,,,
,24899,,,2067.713975906372,,,,,,,,
,24899,,11.71731948852539,,,,,,,,,
6,24899,,,,0.13094154000282288,1.0328785181045532,-2669.999755859375,15.0,15.0,,,
,24949,,,2103.4750938415527,,,,,,,,
,24949,,2.436399459838867,,,,,,,,,
6,24949,,,,0.13794627785682678,1.0272279977798462,-2600.0,15.0,15.0,,,
,24999,,,2077.7649879455566,,,,,,,,
,24999,,11.785030364990234,,,,,,,,,
6,24999,,,,-0.4022374749183655,1.0486565828323364,-2461.999755859375,15.0,15.0,,,
,25049,,,4288.368463516235,,,,,,,,
,25049,,3.7975311279296875,,,,,,,,,
6,25049,,,,0.7012989521026611,1.0411752462387085,-3611.0,20.0,20.0,,,
,25099,,,3767.324209213257,,,,,,,,
,25099,,13.512849807739258,,,,,,,,,
6,25099,,,,-0.48883166909217834,1.0667006969451904,-3487.0,20.0,20.0,,,
,25149,,,3759.7546577453613,,,,,,,,
,25149,,4.012107849121094,,,,,,,,,
6,25149,,,,0.23128381371498108,1.0446052551269531,-3548.999755859375,20.0,20.0,,,
,25199,,,4281.589508056641,,,,,,,,
,25199,,17.568349838256836,,,,,,,,,
6,25199,,,,-0.4783799350261688,1.046102523803711,-3443.999755859375,20.0,20.0,,,
,25249,,,3671.262502670288,,,,,,,,
,25249,,3.918170928955078,,,,,,,,,
6,25249,,,,-0.6298304796218872,1.0324022769927979,-3441.0,20.0,20.0,,,
,25299,,,4257.315635681152,,,,,,,,
,25299,,12.93325424194336,,,,,,,,,
6,25299,,,,-0.6237131357192993,1.06182062625885,-3394.0,20.0,20.0,,,
,25349,,,3965.2674198150635,,,,,,,,
,25349,,4.153251647949219,,,,,,,,,
6,25349,,,,-0.22324520349502563,1.0430787801742554,-3360.0,20.0,20.0,,,
,25399,,,3716.7818546295166,,,,,,,,
,25399,,10.803937911987305,,,,,,,,,
6,25399,,,,0.5527434349060059,1.0371253490447998,-3408.999755859375,20.0,20.0,,,
,25449,,,3751.0414123535156,,,,,,,,
,25449,,1.8308162689208984,,,,,,,,,
6,25449,,,,0.8918789029121399,1.0574581623077393,-3365.0,20.0,20.0,,,
,25499,,,3190.3672218322754,,,,,,,,
,25499,,12.592554092407227,,,,,,,,,
6,25499,,,,-0.38504156470298767,1.055457353591919,-3575.999267578125,20.0,20.0,,,
,25549,,,3269.5043087005615,,,,,,,,
,25549,,3.8983821868896484,,,,,,,,,
6,25549,,,,-0.3890729546546936,1.0543290376663208,-3457.99951171875,20.0,20.0,,,
,25599,,,3733.70623588562,,,,,,,,
,25599,,12.736082077026367,,,,,,,,,
6,25599,,,,1.4172216653823853,1.0528345108032227,-3385.999755859375,20.0,20.0,,,
,25649,,,3666.9375896453857,,,,,,,,
,25649,,3.8590431213378906,,,,,,,,,
6,25649,,,,0.6544528603553772,1.0385174751281738,-3367.0,20.0,20.0,,,
,25699,,,2564.023733139038,,,,,,,,
,25699,,12.511491775512695,,,,,,,,,
6,25699,,,,1.4674038887023926,1.0456767082214355,-3575.000244140625,20.0,20.0,,,
,25749,,,3114.8879528045654,,,,,,,,
,25749,,1.8486976623535156,,,,,,,,,
6,25749,,,,0.48738184571266174,1.0493814945220947,-3389.0,20.0,20.0,,,
,25799,,,3060.4357719421387,,,,,,,,
,25799,,12.617349624633789,,,,,,,,,
6,25799,,,,0.40193048119544983,1.0717387199401855,-3554.0,20.0,20.0,,,
,25849,,,2544.733762741089,,,,,,,,
,25849,,3.5517215728759766,,,,,,,,,
6,25849,,,,-0.46329060196876526,1.069321870803833,-3384.000244140625,20.0,20.0,,,
,25899,,,3081.7885398864746,,,,,,,,
,25899,,12.257814407348633,,,,,,,,,
6,25899,,,,0.1610434651374817,1.0485022068023682,-3377.0,20.0,20.0,,,
,25949,,,3075.239419937134,,,,,,,,
,25949,,3.7870407104492188,,,,,,,,,
6,25949,,,,-0.6378834247589111,1.0665916204452515,-3439.000244140625,20.0,20.0,,,
,25999,,,3084.584951400757,,,,,,,,
,25999,,12.58540153503418,,,,,,,,,
6,25999,,,,1.1500314474105835,1.0454535484313965,-3303.0,20.0,20.0,,,
,26049,,,3091.090202331543,,,,,,,,
,26049,,1.9121170043945312,,,,,,,,,
6,26049,,,,0.041186779737472534,1.0392653942108154,-3422.99951171875,20.0,20.0,,,
,26099,,,3288.6765003204346,,,,,,,,
,26099,,13.580083847045898,,,,,,,,,
6,26099,,,,0.4121403992176056,1.0375289916992188,-3267.0,20.0,20.0,,,
,26149,,,3752.704858779907,,,,,,,,
,26149,,5.031585693359375,,,,,,,,,
6,26149,,,,-0.11783011257648468,1.0498286485671997,-3404.999755859375,20.0,20.0,,,
,26199,,,3878.8881301879883,,,,,,,,
,26199,,10.692834854125977,,,,,,,,,
6,26199,,,,0.0006410032510757446,1.0304896831512451,-3453.999755859375,20.0,20.0,,,
,26249,,,3616.534948348999,,,,,,,,
,26249,,4.401922225952148,,,,,,,,,
6,26249,,,,-0.015062510967254639,1.0509674549102783,-3363.000244140625,20.0,20.0,,,
6,26249,,,,,,,,,10.940250396728516,2711.3984375,-2711.3984375
,26250,7932.958154678345,,,,,,,,,,
,26299,,,3683.3479404449463,,,,,,,,
,26299,,13.829708099365234,,,,,,,,,
7,26299,,,,0.7302172780036926,1.0477323532104492,-3407.00048828125,20.0,20.0,,,
,26349,,,3667.6857471466064,,,,,,,,
,26349,,1.9683837890625,,,,,,,,,
7,26349,,,,0.455737829208374,1.0523226261138916,-3512.999755859375,20.0,20.0,,,
,26399,,,3258.227586746216,,,,,,,,
,26399,,13.665437698364258,,,,,,,,,
7,26399,,,,0.40531685948371887,1.0382792949676514,-3561.999755859375,20.0,20.0,,,
,26449,,,3681.387186050415,,,,,,,,
,26449,,3.9174556732177734,,,,,,,,,
7,26449,,,,0.5097852945327759,1.0523030757904053,-3434.000244140625,20.0,20.0,,,
,26499,,,3397.2270488739014,,,,,,,,
,26499,,13.191461563110352,,,,,,,,,
7,26499,,,,0.23668062686920166,1.055648684501648,-3501.999755859375,20.0,20.0,,,
,26549,,,3635.1187229156494,,,,,,,,
,26549,,4.16111946105957,,,,,,,,,
7,26549,,,,0.15383070707321167,1.0445302724838257,-3347.999755859375,20.0,20.0,,,
,26599,,,3626.3997554779053,,,,,,,,
,26599,,13.86117935180664,,,,,,,,,
7,26599,,,,0.0029102861881256104,1.0613008737564087,-3460.0,20.0,20.0,,,
,26649,,,3601.7115116119385,,,,,,,,
,26649,,3.9587020874023438,,,,,,,,,
7,26649,,,,-1.3079590797424316,1.0483767986297607,-3523.0,20.0,20.0,,,
,26699,,,3720.5774784088135,,,,,,,,
,26699,,13.837099075317383,,,,,,,,,
7,26699,,,,-0.09327252209186554,1.0484936237335205,-3501.000244140625,20.0,20.0,,,
,26749,,,3668.996810913086,,,,,,,,
,26749,,3.955841064453125,,,,,,,,,
7,26749,,,,-0.24556514620780945,1.0606358051300049,-3390.0,20.0,20.0,,,
,26799,,,3716.3989543914795,,,,,,,,
,26799,,13.919591903686523,,,,,,,,,
7,26799,,,,-0.1718938946723938,1.0519390106201172,-3284.999755859375,20.0,20.0,,,
,26849,,,3552.7119636535645,,,,,,,,
,26849,,4.910945892333984,,,,,,,,,
7,26849,,,,1.691454529762268,1.0606825351715088,-3340.99951171875,20.0,20.0,,,
,26899,,,3700.286626815796,,,,,,,,
,26899,,13.759374618530273,,,,,,,,,
7,26899,,,,0.30502042174339294,1.0554319620132446,-3422.0,20.0,20.0,,,
,26949,,,3632.7223777770996,,,,,,,,
,26949,,1.8362998962402344,,,,,,,,,
7,26949,,,,0.38778069615364075,1.0463645458221436,-3390.999755859375,20.0,20.0,,,
,26999,,,3387.603759765625,,,,,,,,
,26999,,13.698101043701172,,,,,,,,,
7,26999,,,,-0.9903577566146851,1.0493651628494263,-3415.99951171875,20.0,20.0,,,
,27049,,,3657.536745071411,,,,,,,,
,27049,,4.480838775634766,,,,,,,,,
7,27049,,,,-0.11767180263996124,1.0417718887329102,-3574.0,20.0,20.0,,,
,27099,,,3563.1327629089355,,,,,,,,
,27099,,13.37885856628418,,,,,,,,,
7,27099,,,,1.1482919454574585,1.0501012802124023,-3497.999755859375,20.0,20.0,,,
,27149,,,3764.1682624816895,,,,,,,,
,27149,,4.327297210693359,,,,,,,,,
7,27149,,,,-0.7062106132507324,1.052401065826416,-3533.99951171875,20.0,20.0,,,
,27199,,,2552.0129203796387,,,,,,,,
,27199,,10.375738143920898,,,,,,,,,
7,27199,,,,-0.4537961781024933,1.0632855892181396,-3402.000244140625,20.0,20.0,,,
,27249,,,2768.430709838867,,,,,,,,
,27249,,3.6237239837646484,,,,,,,,,
7,27249,,,,-0.43435192108154297,1.0531524419784546,-3294.000244140625,20.0,20.0,,,
,27299,,,3092.5252437591553,,,,,,,,
,27299,,12.546062469482422,,,,,,,,,
7,27299,,,,-0.504355251789093,1.048125982284546,-3235.000244140625,20.0,20.0,,,
,27349,,,3088.0539417266846,,,,,,,,
,27349,,3.9093494415283203,,,,,,,,,
7,27349,,,,0.5422400236129761,1.05067777633667,-3462.00048828125,20.0,20.0,,,
,27399,,,2843.6362743377686,,,,,,,,
,27399,,11.543750762939453,,,,,,,,,
7,27399,,,,0.07176026701927185,1.0705506801605225,-3473.0,20.0,20.0,,,
,27449,,,3765.664577484131,,,,,,,,
,27449,,5.470752716064453,,,,,,,,,
7,27449,,,,-0.7396430969238281,1.062547206878662,-3334.00048828125,20.0,20.0,,,
,27499,,,3769.2432403564453,,,,,,,,
,27499,,11.312723159790039,,,,,,,,,
7,27499,,,,0.08479189872741699,1.041262149810791,-3508.99951171875,20.0,20.0,,,
,27549,,,952.5635242462158,,,,,,,,
,27549,,1.2543201446533203,,,,,,,,,
7,27549,,,,-0.11066233366727829,1.0121164321899414,-1645.0,10.0,10.0,,,
,27599,,,955.592155456543,,,,,,,,
,27599,,10.39266586303711,,,,,,,,,
7,27599,,,,-0.18731559813022614,1.0098516941070557,-1624.0,10.0,10.0,,,
,27649,,,1046.912670135498,,,,,,,,
,27649,,3.5521984100341797,,,,,,,,,
7,27649,,,,0.1424967348575592,1.0122673511505127,-1601.0,10.0,10.0,,,
,27699,,,990.5915260314941,,,,,,,,
,27699,,17.202138900756836,,,,,,,,,
7,27699,,,,-0.049873098731040955,1.0493090152740479,-1597.0001220703125,10.0,10.0,,,
,27749,,,927.5922775268555,,,,,,,,
,27749,,1.15203857421875,,,,,,,,,
7,27749,,,,-0.3043575882911682,1.0198496580123901,-1924.0,10.0,10.0,,,
,27799,,,917.3128604888916,,,,,,,,
,27799,,18.25737953186035,,,,,,,,,
7,27799,,,,0.3372373580932617,1.0103931427001953,-1545.0001220703125,10.0,10.0,,,
,27849,,,1040.8036708831787,,,,,,,,
,27849,,1.4698505401611328,,,,,,,,,
7,27849,,,,0.03460279107093811,1.008407711982727,-1788.9998779296875,10.0,10.0,,,
,27899,,,907.7725410461426,,,,,,,,
,27899,,10.329961776733398,,,,,,,,,
7,27899,,,,0.07927553355693817,1.0221365690231323,-1805.9998779296875,10.0,10.0,,,
,27949,,,966.1519527435303,,,,,,,,
,27949,,1.253366470336914,,,,,,,,,
7,27949,,,,-0.35625845193862915,1.0196703672409058,-1669.9996337890625,10.0,10.0,,,
,27999,,,937.0672702789307,,,,,,,,
,27999,,11.028289794921875,,,,,,,,,
7,27999,,,,-0.13407355546951294,1.0436140298843384,-1657.0,10.0,10.0,,,
,28049,,,995.3711032867432,,,,,,,,
,28049,,1.3592243194580078,,,,,,,,,
7,28049,,,,0.2678031325340271,1.003321647644043,-1734.0001220703125,10.0,10.0,,,
,28099,,,971.8160629272461,,,,,,,,
,28099,,16.277790069580078,,,,,,,,,
7,28099,,,,-0.18902158737182617,1.035327672958374,-1670.0001220703125,10.0,10.0,,,
,28149,,,832.1733474731445,,,,,,,,
,28149,,1.3072490692138672,,,,,,,,,
7,28149,,,,-0.08138224482536316,1.0204887390136719,-1714.0001220703125,10.0,10.0,,,
,28199,,,940.4070377349854,,,,,,,,
,28199,,10.938405990600586,,,,,,,,,
7,28199,,,,0.0,1.0,-1754.0,10.0,10.0,,,
,28249,,,920.2501773834229,,,,,,,,
,28249,,1.2369155883789062,,,,,,,,,
7,28249,,,,-0.08100169897079468,1.014475703239441,-1665.0001220703125,10.0,10.0,,,
,28299,,,1017.8611278533936,,,,,,,,
,28299,,16.707420349121094,,,,,,,,,
7,28299,,,,-0.37004178762435913,1.0393861532211304,-1662.999755859375,10.0,10.0,,,
,28349,,,941.3721561431885,,,,,,,,
,28349,,1.207590103149414,,,,,,,,,
7,28349,,,,-0.2160625457763672,1.0464129447937012,-1615.0,10.0,10.0,,,
,28399,,,953.7665843963623,,,,,,,,
,28399,,18.900156021118164,,,,,,,,,
7,28399,,,,0.2178250253200531,1.0316205024719238,-1578.9998779296875,10.0,10.0,,,
,28449,,,930.4766654968262,,,,,,,,
,28449,,1.234292984008789,,,,,,,,,
7,28449,,,,0.1951874941587448,1.0352222919464111,-1597.0,10.0,10.0,,,
,28499,,,836.4636898040771,,,,,,,,
,28499,,10.351181030273438,,,,,,,,,
7,28499,,,,0.2771649956703186,1.0011608600616455,-1530.0,10.0,10.0,,,
,28549,,,837.4416828155518,,,,,,,,
,28549,,1.2335777282714844,,,,,,,,,
7,28549,,,,-0.20066098868846893,1.020322561264038,-1557.0001220703125,10.0,10.0,,,
,28599,,,856.2431335449219,,,,,,,,
,28599,,13.485908508300781,,,,,,,,,
7,28599,,,,0.6611958146095276,1.0102181434631348,-1561.0,10.0,10.0,,,
,28649,,,923.917293548584,,,,,,,,
,28649,,3.3380985260009766,,,,,,,,,
7,28649,,,,-0.06611368060112,1.0134680271148682,-1643.0001220703125,10.0,10.0,,,
,28699,,,1116.3372993469238,,,,,,,,
,28699,,18.43857765197754,,,,,,,,,
7,28699,,,,0.2452545464038849,1.0150259733200073,-1614.0,10.0,10.0,,,
,28749,,,915.5588150024414,,,,,,,,
,28749,,1.2574195861816406,,,,,,,,,
7,28749,,,,-0.30368536710739136,1.0222243070602417,-1459.9998779296875,10.0,10.0,,,
,28799,,,1857.0401668548584,,,,,,,,
,28799,,11.525869369506836,,,,,,,,,
7,28799,,,,-0.02831333875656128,1.0237302780151367,-2584.000244140625,15.0,15.0,,,
,28849,,,2071.2485313415527,,,,,,,,
,28849,,2.966165542602539,,,,,,,,,
7,28849,,,,-0.28096097707748413,1.0316824913024902,-2586.0,15.0,15.0,,,
,28899,,,2049.499034881592,,,,,,,,
,28899,,11.983871459960938,,,,,,,,,
7,28899,,,,-0.776305615901947,1.0704869031906128,-2902.0,15.0,15.0,,,
,28949,,,2040.8332347869873,,,,,,,,
,28949,,3.254413604736328,,,,,,,,,
7,28949,,,,-0.5826177597045898,1.0523393154144287,-2554.0,15.0,15.0,,,
,28999,,,2115.985631942749,,,,,,,,
,28999,,11.472940444946289,,,,,,,,,
7,28999,,,,-0.49893754720687866,1.008565902709961,-2696.000244140625,15.0,15.0,,,
,29049,,,1884.998083114624,,,,,,,,
,29049,,3.9081573486328125,,,,,,,,,
7,29049,,,,0.026957839727401733,1.0286564826965332,-2527.0,15.0,15.0,,,
,29099,,,2051.4912605285645,,,,,,,,
,29099,,14.767169952392578,,,,,,,,,
7,29099,,,,-0.34637734293937683,1.0356266498565674,-2551.000244140625,15.0,15.0,,,
,29149,,,2077.014446258545,,,,,,,,
,29149,,3.1075477600097656,,,,,,,,,
7,29149,,,,-0.4942835569381714,1.034912347793579,-2537.000244140625,15.0,15.0,,,
,29199,,,1880.0365924835205,,,,,,,,
,29199,,11.421442031860352,,,,,,,,,
7,29199,,,,0.4833848476409912,1.0491447448730469,-2461.999755859375,15.0,15.0,,,
,29249,,,2057.976007461548,,,,,,,,
,29249,,2.7837753295898438,,,,,,,,,
7,29249,,,,0.4340459108352661,1.04685378074646,-2714.0,15.0,15.0,,,
,29299,,,1830.615520477295,,,,,,,,
,29299,,12.212276458740234,,,,,,,,,
7,29299,,,,-0.2018197774887085,1.0377918481826782,-2654.0,15.0,15.0,,,
,29349,,,2082.1480751037598,,,,,,,,
,29349,,2.727031707763672,,,,,,,,,
7,29349,,,,0.33101922273635864,1.0283946990966797,-2638.0,15.0,15.0,,,
,29399,,,1875.566005706787,,,,,,,,
,29399,,11.245489120483398,,,,,,,,,
7,29399,,,,0.3516658544540405,1.0361361503601074,-2604.0,15.0,15.0,,,
,29449,,,2130.2411556243896,,,,,,,,
,29449,,4.352807998657227,,,,,,,,,
7,29449,,,,-0.05533277615904808,1.0348849296569824,-2652.999755859375,15.0,15.0,,,
,29499,,,2036.1249446868896,,,,,,,,
,29499,,11.916637420654297,,,,,,,,,
7,29499,,,,-0.25674933195114136,1.0427234172821045,-2609.999755859375,15.0,15.0,,,
,29549,,,1872.2984790802002,,,,,,,,
,29549,,2.876758575439453,,,,,,,,,
7,29549,,,,-0.1607845276594162,1.0531823635101318,-2460.0,15.0,15.0,,,
,29599,,,2035.7871055603027,,,,,,,,
,29599,,11.584758758544922,,,,,,,,,
7,29599,,,,-0.24273067712783813,1.0353834629058838,-2592.0,15.0,15.0,,,
,29649,,,1866.5928840637207,,,,,,,,
,29649,,2.9582977294921875,,,,,,,,,
7,29649,,,,-0.2501731514930725,1.0519118309020996,-2470.999755859375,15.0,15.0,,,
,29699,,,2094.2111015319824,,,,,,,,
,29699,,11.956453323364258,,,,,,,,,
7,29699,,,,-0.019073136150836945,1.0523024797439575,-2329.999755859375,15.0,15.0,,,
,29749,,,2169.2419052124023,,,,,,,,
,29749,,3.1049251556396484,,,,,,,,,
7,29749,,,,0.5584506988525391,1.0502982139587402,-2430.999755859375,15.0,15.0,,,
,29799,,,1846.5347290039062,,,,,,,,
,29799,,11.62576675415039,,,,,,,,,
7,29799,,,,-0.48060983419418335,1.0585075616836548,-2522.999755859375,15.0,15.0,,,
,29849,,,1855.910301208496,,,,,,,,
,29849,,4.823923110961914,,,,,,,,,
7,29849,,,,-0.27734071016311646,1.0479695796966553,-2560.0,15.0,15.0,,,
,29899,,,2126.2667179107666,,,,,,,,
,29899,,13.890266418457031,,,,,,,,,
7,29899,,,,-0.3593003749847412,1.030304193496704,-2713.999755859375,15.0,15.0,,,
,29949,,,2132.570743560791,,,,,,,,
,29949,,5.043983459472656,,,,,,,,,
7,29949,,,,-0.6802952289581299,1.024666428565979,-2506.0,15.0,15.0,,,
,29999,,,1487.4732494354248,,,,,,,,
,29999,,12.647390365600586,,,,,,,,,
7,29999,,,,0.7766832113265991,1.0420525074005127,-2740.0,15.0,15.0,,,
7,29999,,,,,,,,,10.464601516723633,2698.89501953125,-2698.89501953125
,30000,8421.21915435791,,,,,,,,,,
,30049,,,1450.5701065063477,,,,,,,,
,30049,,6.550788879394531,,,,,,,,,
8,30049,,,,0.11606863886117935,1.0171374082565308,-2597.0,15.0,15.0,,,
,30099,,,1717.979907989502,,,,,,,,
,30099,,13.015270233154297,,,,,,,,,
8,30099,,,,0.1860416829586029,1.0304884910583496,-2601.999755859375,15.0,15.0,,,
,30149,,,1691.2875175476074,,,,,,,,
,30149,,2.462625503540039,,,,,,,,,
8,30149,,,,-0.07216022908687592,1.0461606979370117,-2541.000244140625,15.0,15.0,,,
,30199,,,1714.7741317749023,,,,,,,,
,30199,,11.546134948730469,,,,,,,,,
8,30199,,,,-0.28464823961257935,1.0294767618179321,-2530.000244140625,15.0,15.0,,,
,30249,,,2036.1485481262207,,,,,,,,
,30249,,4.061698913574219,,,,,,,,,
8,30249,,,,0.1665160208940506,1.042316198348999,-2482.999755859375,15.0,15.0,,,
,30299,,,1458.6763381958008,,,,,,,,
,30299,,13.4429931640625,,,,,,,,,
8,30299,,,,-0.5271605849266052,1.0428574085235596,-2586.0,15.0,15.0,,,
,30349,,,1421.010971069336,,,,,,,,
,30349,,2.3217201232910156,,,,,,,,,
8,30349,,,,-0.23845329880714417,1.0366328954696655,-2589.0,15.0,15.0,,,
,30399,,,1610.1503372192383,,,,,,,,
,30399,,14.645099639892578,,,,,,,,,
8,30399,,,,-0.800147294998169,1.024667739868164,-2667.000244140625,15.0,15.0,,,
,30449,,,2111.6671562194824,,,,,,,,
,30449,,3.0517578125,,,,,,,,,
8,30449,,,,0.1427975296974182,1.0518277883529663,-2545.999755859375,15.0,15.0,,,
,30499,,,2094.589948654175,,,,,,,,
,30499,,12.889862060546875,,,,,,,,,
8,30499,,,,-0.20843631029129028,1.0422687530517578,-2582.000244140625,15.0,15.0,,,
,30549,,,2139.824151992798,,,,,,,,
,30549,,3.020763397216797,,,,,,,,,
8,30549,,,,0.8651232719421387,1.0337456464767456,-2494.000244140625,15.0,15.0,,,
,30599,,,2116.337299346924,,,,,,,,
,30599,,12.625932693481445,,,,,,,,,
8,30599,,,,0.35432881116867065,1.0384790897369385,-2657.0,15.0,15.0,,,
,30649,,,2092.5683975219727,,,,,,,,
,30649,,2.9363632202148438,,,,,,,,,
8,30649,,,,-0.14598579704761505,1.0451264381408691,-2537.999755859375,15.0,15.0,,,
,30699,,,2073.93479347229,,,,,,,,
,30699,,12.403249740600586,,,,,,,,,
8,30699,,,,0.3302028775215149,1.0291574001312256,-2592.000244140625,15.0,15.0,,,
,30749,,,1890.8202648162842,,,,,,,,
,30749,,2.6884078979492188,,,,,,,,,
8,30749,,,,-0.20245516300201416,1.03626549243927,-2613.0,15.0,15.0,,,
,30799,,,2133.5296630859375,,,,,,,,
,30799,,11.602401733398438,,,,,,,,,
8,30799,,,,0.17453503608703613,1.0348578691482544,-2575.0,15.0,15.0,,,
,30849,,,2131.236791610718,,,,,,,,
,30849,,2.8870105743408203,,,,,,,,,
8,30849,,,,-0.3411552608013153,1.0482866764068604,-2463.0,15.0,15.0,,,
,30899,,,1904.5095443725586,,,,,,,,
,30899,,11.919021606445312,,,,,,,,,
8,30899,,,,-0.8415765166282654,1.0239845514297485,-2512.999755859375,15.0,15.0,,,
,30949,,,2105.959415435791,,,,,,,,
,30949,,2.872467041015625,,,,,,,,,
8,30949,,,,-0.11889854073524475,1.034401535987854,-2571.0,15.0,15.0,,,
,30999,,,1908.726692199707,,,,,,,,
,30999,,15.052556991577148,,,,,,,,,
8,30999,,,,0.3795603811740875,1.047656536102295,-2536.999755859375,15.0,15.0,,,
,31049,,,2171.062231063843,,,,,,,,
,31049,,2.9234886169433594,,,,,,,,,
8,31049,,,,0.8282621502876282,1.0179548263549805,-2633.0,15.0,15.0,,,
,31099,,,2433.5267543792725,,,,,,,,
,31099,,12.824773788452148,,,,,,,,,
8,31099,,,,-0.005499556660652161,1.027153730392456,-2539.999755859375,15.0,15.0,,,
,31149,,,1921.4820861816406,,,,,,,,
,31149,,2.6879310607910156,,,,,,,,,
8,31149,,,,0.3412473499774933,1.0341062545776367,-2727.999755859375,15.0,15.0,,,
,31199,,,2073.2734203338623,,,,,,,,
,31199,,12.974023818969727,,,,,,,,,
8,31199,,,,0.2910768985748291,1.0420432090759277,-2667.0,15.0,15.0,,,
,31249,,,1926.5327453613281,,,,,,,,
,31249,,2.5985240936279297,,,,,,,,,
8,31249,,,,0.7344270944595337,1.032508373260498,-2478.0,15.0,15.0,,,
,31299,,,937.3090267181396,,,,,,,,
,31299,,10.199546813964844,,,,,,,,,
8,31299,,,,-0.16539466381072998,1.035156488418579,-1571.0,10.0,10.0,,,
,31349,,,897.9840278625488,,,,,,,,
,31349,,1.4603137969970703,,,,,,,,,
8,31349,,,,-0.3162831664085388,1.0126582384109497,-1553.0,10.0,10.0,,,
,31399,,,910.9652042388916,,,,,,,,
,31399,,11.074542999267578,,,,,,,,,
8,31399,,,,-0.12302955985069275,1.0327244997024536,-1721.0001220703125,10.0,10.0,,,
,31449,,,937.492847442627,,,,,,,,
,31449,,1.293182373046875,,,,,,,,,
8,31449,,,,0.1830463856458664,1.0235024690628052,-1830.0,10.0,10.0,,,
,31499,,,967.9727554321289,,,,,,,,
,31499,,10.442733764648438,,,,,,,,,
8,31499,,,,-0.3305470049381256,1.0140864849090576,-1616.9998779296875,10.0,10.0,,,
,31549,,,846.8999862670898,,,,,,,,
,31549,,1.0857582092285156,,,,,,,,,
8,31549,,,,-0.19860492646694183,1.0172864198684692,-1708.0,10.0,10.0,,,
,31599,,,858.9951992034912,,,,,,,,
,31599,,10.725736618041992,,,,,,,,,
8,31599,,,,0.3033795654773712,1.046534538269043,-1566.0,10.0,10.0,,,
,31649,,,918.2596206665039,,,,,,,,
,31649,,1.2087821960449219,,,,,,,,,
8,31649,,,,0.029136911034584045,1.0210957527160645,-1549.0001220703125,10.0,10.0,,,
,31699,,,958.956241607666,,,,,,,,
,31699,,15.363454818725586,,,,,,,,,
8,31699,,,,-0.007249623537063599,1.0356383323669434,-1650.0,10.0,10.0,,,
,31749,,,953.7737369537354,,,,,,,,
,31749,,1.6336441040039062,,,,,,,,,
8,31749,,,,-0.07488571107387543,1.0084340572357178,-1717.0,10.0,10.0,,,
,31799,,,949.3749141693115,,,,,,,,
,31799,,11.05499267578125,,,,,,,,,
8,31799,,,,0.20385053753852844,1.040249228477478,-1831.0,10.0,10.0,,,
,31849,,,866.0893440246582,,,,,,,,
,31849,,3.247499465942383,,,,,,,,,
8,31849,,,,-0.014301253482699394,1.0035252571105957,-1618.0001220703125,10.0,10.0,,,
,31899,,,885.4172229766846,,,,,,,,
,31899,,16.458988189697266,,,,,,,,,
8,31899,,,,-0.11978358775377274,1.005953073501587,-1719.0,10.0,10.0,,,
,31949,,,948.906421661377,,,,,,,,
,31949,,3.3066272735595703,,,,,,,,,
8,31949,,,,0.6621659398078918,1.041053295135498,-1613.0001220703125,10.0,10.0,,,
,31999,,,895.7159519195557,,,,,,,,
,31999,,14.899730682373047,,,,,,,,,
8,31999,,,,0.5084700584411621,1.036175012588501,-1660.9998779296875,10.0,10.0,,,
,32049,,,934.1392517089844,,,,,,,,
,32049,,2.5458335876464844,,,,,,,,,
8,32049,,,,0.4981088638305664,1.0175416469573975,-1671.0,10.0,10.0,,,
,32099,,,930.7074546813965,,,,,,,,
,32099,,14.65463638305664,,,,,,,,,
8,32099,,,,0.43232598900794983,1.0293715000152588,-1673.9998779296875,10.0,10.0,,,
,32149,,,866.6949272155762,,,,,,,,
,32149,,1.1832714080810547,,,,,,,,,
8,32149,,,,-0.4937353730201721,1.0260648727416992,-1805.9998779296875,10.0,10.0,,,
,32199,,,855.8075428009033,,,,,,,,
,32199,,15.276670455932617,,,,,,,,,
8,32199,,,,-1.1218265295028687,1.0194752216339111,-1580.000244140625,10.0,10.0,,,
,32249,,,918.1966781616211,,,,,,,,
,32249,,1.2288093566894531,,,,,,,,,
8,32249,,,,-0.2632194757461548,1.0143492221832275,-1714.0001220703125,10.0,10.0,,,
,32299,,,950.451135635376,,,,,,,,
,32299,,10.901451110839844,,,,,,,,,
8,32299,,,,0.21610337495803833,1.0182385444641113,-1748.0001220703125,10.0,10.0,,,
,32349,,,923.4237670898438,,,,,,,,
,32349,,1.2383460998535156,,,,,,,,,
8,32349,,,,-0.34162962436676025,1.0139250755310059,-1617.0001220703125,10.0,10.0,,,
,32399,,,944.0929889678955,,,,,,,,
,32399,,10.84280014038086,,,,,,,,,
8,32399,,,,-0.47920316457748413,1.0327460765838623,-1587.9998779296875,10.0,10.0,,,
,32449,,,918.8342094421387,,,,,,,,
,32449,,1.224517822265625,,,,,,,,,
8,32449,,,,-0.3008098602294922,1.0175974369049072,-1669.9998779296875,10.0,10.0,,,
,32499,,,1049.6315956115723,,,,,,,,
,32499,,11.211872100830078,,,,,,,,,
8,32499,,,,2.3554751873016357,1.0236542224884033,-1623.9998779296875,10.0,10.0,,,
,32549,,,3817.8372383117676,,,,,,,,
,32549,,4.205942153930664,,,,,,,,,
8,32549,,,,0.5899661183357239,1.0249981880187988,-3597.0,20.0,20.0,,,
,32599,,,3454.683780670166,,,,,,,,
,32599,,12.775659561157227,,,,,,,,,
8,32599,,,,0.2184707522392273,1.0268851518630981,-3392.000244140625,20.0,20.0,,,
,32649,,,3690.9379959106445,,,,,,,,
,32649,,4.464149475097656,,,,,,,,,
8,32649,,,,0.41581371426582336,1.0484561920166016,-3296.99951171875,20.0,20.0,,,
,32699,,,3827.578067779541,,,,,,,,
,32699,,14.094114303588867,,,,,,,,,
8,32699,,,,-0.8237995505332947,1.0310389995574951,-3451.99951171875,20.0,20.0,,,
,32749,,,3703.233242034912,,,,,,,,
,32749,,9.96088981628418,,,,,,,,,
8,32749,,,,0.987915575504303,1.035165786743164,-3510.00048828125,20.0,20.0,,,
,32799,,,2657.9408645629883,,,,,,,,
,32799,,10.252952575683594,,,,,,,,,
8,32799,,,,0.029321789741516113,1.0452851057052612,-3644.999755859375,20.0,20.0,,,
,32849,,,2627.1350383758545,,,,,,,,
,32849,,3.6432743072509766,,,,,,,,,
8,32849,,,,-1.49644935131073,1.0240752696990967,-3465.0,20.0,20.0,,,
,32899,,,2647.4838256835938,,,,,,,,
,32899,,12.389183044433594,,,,,,,,,
8,32899,,,,-0.9067272543907166,1.0537606477737427,-3517.0,20.0,20.0,,,
,32949,,,2630.8109760284424,,,,,,,,
,32949,,3.854036331176758,,,,,,,,,
8,32949,,,,0.2348880171775818,1.0483096837997437,-3483.999755859375,20.0,20.0,,,
,32999,,,3068.8750743865967,,,,,,,,
,32999,,12.373208999633789,,,,,,,,,
8,32999,,,,-1.3320140838623047,1.0583252906799316,-3370.000244140625,20.0,20.0,,,
,33049,,,3063.6610984802246,,,,,,,,
,33049,,3.782510757446289,,,,,,,,,
8,33049,,,,-0.28473329544067383,1.0408196449279785,-3401.0,20.0,20.0,,,
,33099,,,3084.1071605682373,,,,,,,,
,33099,,12.514829635620117,,,,,,,,,
8,33099,,,,-0.5197802782058716,1.0535330772399902,-3437.0,20.0,20.0,,,
,33149,,,3087.3379707336426,,,,,,,,
,33149,,3.665924072265625,,,,,,,,,
8,33149,,,,0.7003185749053955,1.0443898439407349,-3472.00048828125,20.0,20.0,,,
,33199,,,3049.884080886841,,,,,,,,
,33199,,12.584447860717773,,,,,,,,,
8,33199,,,,0.1082260012626648,1.047619104385376,-3538.999267578125,20.0,20.0,,,
,33249,,,3049.4232177734375,,,,,,,,
,33249,,3.7927627563476562,,,,,,,,,
8,33249,,,,0.12097778916358948,1.0289362668991089,-3543.0,20.0,20.0,,,
,33299,,,3082.812786102295,,,,,,,,
,33299,,10.463953018188477,,,,,,,,,
8,33299,,,,-1.3016197681427002,1.0490543842315674,-3456.0,20.0,20.0,,,
,33349,,,3057.18731880188,,,,,,,,
,33349,,3.730297088623047,,,,,,,,,
8,33349,,,,-0.004151865839958191,1.0506820678710938,-3467.000244140625,20.0,20.0,,,
,33399,,,3055.755615234375,,,,,,,,
,33399,,10.582923889160156,,,,,,,,,
8,33399,,,,0.6361190676689148,1.0471001863479614,-3479.00048828125,20.0,20.0,,,
,33449,,,3090.4715061187744,,,,,,,,
,33449,,1.6574859619140625,,,,,,,,,
8,33449,,,,-1.3682259321212769,1.0400049686431885,-3466.0,20.0,20.0,,,
,33499,,,3055.605173110962,,,,,,,,
,33499,,12.615680694580078,,,,,,,,,
8,33499,,,,-0.6632521152496338,1.060644507408142,-3478.999755859375,20.0,20.0,,,
,33549,,,3052.290916442871,,,,,,,,
,33549,,3.754854202270508,,,,,,,,,
8,33549,,,,0.4715474545955658,1.0380676984786987,-3716.0,20.0,20.0,,,
,33599,,,3086.7834091186523,,,,,,,,
,33599,,12.505292892456055,,,,,,,,,
8,33599,,,,0.4319465756416321,1.0547451972961426,-3314.99951171875,20.0,20.0,,,
,33649,,,3091.8326377868652,,,,,,,,
,33649,,3.755807876586914,,,,,,,,,
8,33649,,,,0.34960922598838806,1.0339670181274414,-3458.999755859375,20.0,20.0,,,
,33699,,,2538.313865661621,,,,,,,,
,33699,,11.797904968261719,,,,,,,,,
8,33699,,,,0.39125877618789673,1.0456863641738892,-3514.0,20.0,20.0,,,
,33749,,,3074.2039680480957,,,,,,,,
,33749,,8.960247039794922,,,,,,,,,
8,33749,,,,-0.012686654925346375,1.042049765586853,-3259.999755859375,20.0,20.0,,,
8,33749,,,,,,,,,11.161734580993652,2716.455078125,-2716.455078125
,33750,7783.564916133881,,,,,,,,,,
,33799,,,901.6737937927246,,,,,,,,
,33799,,11.368751525878906,,,,,,,,,
9,33799,,,,0.09029945731163025,1.0116633176803589,-1705.0001220703125,10.0,10.0,,,
,33849,,,834.3207836151123,,,,,,,,
,33849,,1.161336898803711,,,,,,,,,
9,33849,,,,-0.004757970571517944,1.0098578929901123,-1587.0,10.0,10.0,,,
,33899,,,823.214054107666,,,,,,,,
,33899,,10.539531707763672,,,,,,,,,
9,33899,,,,0.26973241567611694,1.0436276197433472,-1646.0001220703125,10.0,10.0,,,
,33949,,,902.1005630493164,,,,,,,,
,33949,,1.359701156616211,,,,,,,,,
9,33949,,,,0.14269468188285828,1.002375602722168,-1789.0001220703125,10.0,10.0,,,
,33999,,,907.9744815826416,,,,,,,,
,33999,,16.256093978881836,,,,,,,,,
9,33999,,,,-0.2228422909975052,1.0121725797653198,-1731.0001220703125,10.0,10.0,,,
,34049,,,907.7928066253662,,,,,,,,
,34049,,1.3394355773925781,,,,,,,,,
9,34049,,,,-0.26287922263145447,1.0210095643997192,-1567.0,10.0,10.0,,,
,34099,,,881.5202713012695,,,,,,,,
,34099,,10.523796081542969,,,,,,,,,
9,34099,,,,0.41611653566360474,1.014632225036621,-1659.0,10.0,10.0,,,
,34149,,,909.6767902374268,,,,,,,,
,34149,,1.33514404296875,,,,,,,,,
9,34149,,,,0.0,1.0,-1710.9998779296875,10.0,10.0,,,
,34199,,,770.510196685791,,,,,,,,
,34199,,10.748147964477539,,,,,,,,,
9,34199,,,,0.16800589859485626,1.0168195962905884,-1738.0,10.0,10.0,,,
,34249,,,920.1502799987793,,,,,,,,
,34249,,1.3437271118164062,,,,,,,,,
9,34249,,,,-0.35048019886016846,1.0176124572753906,-1732.9998779296875,10.0,10.0,,,
,34299,,,906.4702987670898,,,,,,,,
,34299,,10.63680648803711,,,,,,,,,
9,34299,,,,0.24067716300487518,1.0206007957458496,-1763.9998779296875,10.0,10.0,,,
,34349,,,913.123369216919,,,,,,,,
,34349,,1.7728805541992188,,,,,,,,,
9,34349,,,,0.2434556633234024,1.0150779485702515,-1780.0,10.0,10.0,,,
,34399,,,821.2597370147705,,,,,,,,
,34399,,16.043663024902344,,,,,,,,,
9,34399,,,,-0.04636744409799576,1.011320948600769,-1741.9998779296875,10.0,10.0,,,
,34449,,,898.9088535308838,,,,,,,,
,34449,,3.0481815338134766,,,,,,,,,
9,34449,,,,0.13156574964523315,1.0202828645706177,-1675.0,10.0,10.0,,,
,34499,,,918.3509349822998,,,,,,,,
,34499,,11.19852066040039,,,,,,,,,
9,34499,,,,-2.5186944007873535,1.0265816450119019,-1745.9998779296875,10.0,10.0,,,
,34549,,,902.2293090820312,,,,,,,,
,34549,,1.3463497161865234,,,,,,,,,
9,34549,,,,-0.25681817531585693,1.0192251205444336,-1673.0,10.0,10.0,,,
,34599,,,916.7003631591797,,,,,,,,
,34599,,23.84328842163086,,,,,,,,,
9,34599,,,,-0.20704029500484467,1.020533561706543,-1607.0001220703125,10.0,10.0,,,
,34649,,,815.1402473449707,,,,,,,,
,34649,,1.1432170867919922,,,,,,,,,
9,34649,,,,-0.29163429141044617,1.0230646133422852,-1545.0,10.0,10.0,,,
,34699,,,841.6445255279541,,,,,,,,
,34699,,10.885953903198242,,,,,,,,,
9,34699,,,,0.08092042058706284,1.0251110792160034,-1748.0,10.0,10.0,,,
,34749,,,892.8287029266357,,,,,,,,
,34749,,1.300811767578125,,,,,,,,,
9,34749,,,,0.037284910678863525,1.0071605443954468,-1448.0,10.0,10.0,,,
,34799,,,938.2040500640869,,,,,,,,
,34799,,15.162944793701172,,,,,,,,,
9,34799,,,,-0.5210045576095581,1.015833854675293,-1712.0001220703125,10.0,10.0,,,
,34849,,,872.1528053283691,,,,,,,,
,34849,,1.2347698211669922,,,,,,,,,
9,34849,,,,0.13799504935741425,1.0127289295196533,-1689.0,10.0,10.0,,,
,34899,,,891.8130397796631,,,,,,,,
,34899,,16.164779663085938,,,,,,,,,
9,34899,,,,0.22685497999191284,1.0,-1586.9998779296875,10.0,10.0,,,
,34949,,,825.369119644165,,,,,,,,
,34949,,1.1708736419677734,,,,,,,,,
9,34949,,,,0.5771479606628418,1.0406116247177124,-1540.0,10.0,10.0,,,
,34999,,,823.9598274230957,,,,,,,,
,34999,,10.864019393920898,,,,,,,,,
9,34999,,,,0.06738874316215515,1.028182029724121,-1627.0,10.0,10.0,,,
,35049,,,3611.9542121887207,,,,,,,,
,35049,,4.333019256591797,,,,,,,,,
9,35049,,,,0.16594159603118896,1.0363125801086426,-3492.00048828125,20.0,20.0,,,
,35099,,,3437.7222061157227,,,,,,,,
,35099,,13.688802719116211,,,,,,,,,
9,35099,,,,0.36212170124053955,1.052802562713623,-3478.0,20.0,20.0,,,
,35149,,,4116.545915603638,,,,,,,,
,35149,,4.180192947387695,,,,,,,,,
9,35149,,,,0.5648794174194336,1.0356998443603516,-3436.000244140625,20.0,20.0,,,
,35199,,,3364.487886428833,,,,,,,,
,35199,,13.270854949951172,,,,,,,,,
9,35199,,,,0.691064715385437,1.0699374675750732,-3548.999755859375,20.0,20.0,,,
,35249,,,3622.889518737793,,,,,,,,
,35249,,4.334926605224609,,,,,,,,,
9,35249,,,,-0.8149144053459167,1.0343353748321533,-3509.000244140625,20.0,20.0,,,
,35299,,,3288.844108581543,,,,,,,,
,35299,,13.419628143310547,,,,,,,,,
9,35299,,,,0.5798327922821045,1.0551276206970215,-3375.0,20.0,20.0,,,
,35349,,,3654.050827026367,,,,,,,,
,35349,,4.868984222412109,,,,,,,,,
9,35349,,,,0.9790081977844238,1.0328282117843628,-3362.999755859375,20.0,20.0,,,
,35399,,,3633.0153942108154,,,,,,,,
,35399,,14.299154281616211,,,,,,,,,
9,35399,,,,0.7762604355812073,1.0501420497894287,-3638.999755859375,20.0,20.0,,,
,35449,,,3280.757427215576,,,,,,,,
,35449,,3.908872604370117,,,,,,,,,
9,35449,,,,-0.07008147239685059,1.0411467552185059,-3326.0,20.0,20.0,,,
,35499,,,3549.333095550537,,,,,,,,
,35499,,13.729095458984375,,,,,,,,,
9,35499,,,,-0.29338327050209045,1.0321859121322632,-3471.999755859375,20.0,20.0,,,
,35549,,,3626.8811225891113,,,,,,,,
,35549,,4.42194938659668,,,,,,,,,
9,35549,,,,0.3019057512283325,1.0353351831436157,-3424.999755859375,20.0,20.0,,,
,35599,,,3430.3817749023438,,,,,,,,
,35599,,13.536453247070312,,,,,,,,,
9,35599,,,,0.7293701171875,1.0469434261322021,-3402.000244140625,20.0,20.0,,,
,35649,,,3500.627040863037,,,,,,,,
,35649,,4.352331161499023,,,,,,,,,
9,35649,,,,0.01712888479232788,1.0489786863327026,-3448.9990234375,20.0,20.0,,,
,35699,,,3680.278778076172,,,,,,,,
,35699,,13.049840927124023,,,,,,,,,
9,35699,,,,0.40017470717430115,1.0546859502792358,-3623.999755859375,20.0,20.0,,,
,35749,,,4277.083158493042,,,,,,,,
,35749,,4.266977310180664,,,,,,,,,
9,35749,,,,-0.002240404486656189,1.0424286127090454,-3335.000244140625,20.0,20.0,,,
,35799,,,3357.1598529815674,,,,,,,,
,35799,,13.446807861328125,,,,,,,,,
9,35799,,,,-0.638262927532196,1.0493981838226318,-3350.999755859375,20.0,20.0,,,
,35849,,,2630.0671100616455,,,,,,,,
,35849,,3.7233829498291016,,,,,,,,,
9,35849,,,,-0.26177695393562317,1.0442841053009033,-3432.999755859375,20.0,20.0,,,
,35899,,,2677.5734424591064,,,,,,,,
,35899,,12.304067611694336,,,,,,,,,
9,35899,,,,0.09372718632221222,1.0389331579208374,-3386.0,20.0,20.0,,,
,35949,,,3179.165840148926,,,,,,,,
,35949,,3.979921340942383,,,,,,,,,
9,35949,,,,0.15708938241004944,1.04216730594635,-3505.00048828125,20.0,20.0,,,
,35999,,,3100.1029014587402,,,,,,,,
,35999,,12.751340866088867,,,,,,,,,
9,35999,,,,0.6267907619476318,1.0471901893615723,-3396.999755859375,20.0,20.0,,,
,36049,,,3553.600788116455,,,,,,,,
,36049,,3.8623809814453125,,,,,,,,,
9,36049,,,,0.4382322430610657,1.05599844455719,-3363.999755859375,20.0,20.0,,,
,36099,,,3088.1400108337402,,,,,,,,
,36099,,12.675285339355469,,,,,,,,,
9,36099,,,,0.47391319274902344,1.036499261856079,-3397.000244140625,20.0,20.0,,,
,36149,,,3084.226608276367,,,,,,,,
,36149,,3.769397735595703,,,,,,,,,
9,36149,,,,-0.5670534372329712,1.0532407760620117,-3582.999755859375,20.0,20.0,,,
,36199,,,3059.465169906616,,,,,,,,
,36199,,12.523889541625977,,,,,,,,,
9,36199,,,,0.11351317912340164,1.0408778190612793,-3406.0,20.0,20.0,,,
,36249,,,3070.5199241638184,,,,,,,,
,36249,,3.6895275115966797,,,,,,,,,
9,36249,,,,0.516211986541748,1.018312931060791,-3439.000244140625,20.0,20.0,,,
,36299,,,1415.7373905181885,,,,,,,,
,36299,,13.181686401367188,,,,,,,,,
9,36299,,,,-0.6514379978179932,1.0311720371246338,-2552.0,15.0,15.0,,,
,36349,,,1407.7174663543701,,,,,,,,
,36349,,2.295255661010742,,,,,,,,,
9,36349,,,,-0.1792299747467041,1.053966760635376,-2386.0,15.0,15.0,,,
,36399,,,1413.9196872711182,,,,,,,,
,36399,,10.922670364379883,,,,,,,,,
9,36399,,,,0.3556455969810486,1.0210716724395752,-2690.000244140625,15.0,15.0,,,
,36449,,,1406.2235355377197,,,,,,,,
,36449,,2.25067138671875,,,,,,,,,
9,36449,,,,-0.8329675197601318,1.0367255210876465,-2430.0,15.0,15.0,,,
,36499,,,1405.998706817627,,,,,,,,
,36499,,13.722896575927734,,,,,,,,,
9,36499,,,,0.37795791029930115,1.0467288494110107,-2673.999755859375,15.0,15.0,,,
,36549,,,1901.1809825897217,,,,,,,,
,36549,,2.4900436401367188,,,,,,,,,
9,36549,,,,-0.08039736747741699,1.0226116180419922,-2558.0,15.0,15.0,,,
,36599,,,1414.140224456787,,,,,,,,
,36599,,10.224580764770508,,,,,,,,,
9,36599,,,,-0.462068647146225,1.0435187816619873,-2395.0,15.0,15.0,,,
,36649,,,1417.0067310333252,,,,,,,,
,36649,,3.2854080200195312,,,,,,,,,
9,36649,,,,0.03567981719970703,1.028874397277832,-2628.0,15.0,15.0,,,
,36699,,,1416.9673919677734,,,,,,,,
,36699,,10.402917861938477,,,,,,,,,
9,36699,,,,-0.5048996806144714,1.0230683088302612,-2652.000244140625,15.0,15.0,,,
,36749,,,1418.2634353637695,,,,,,,,
,36749,,2.285480499267578,,,,,,,,,
9,36749,,,,-0.2415756732225418,1.0391507148742676,-2541.0,15.0,15.0,,,
,36799,,,1415.586233139038,,,,,,,,
,36799,,11.019229888916016,,,,,,,,,
9,36799,,,,0.4349517226219177,1.0276517868041992,-2634.0,15.0,15.0,,,
,36849,,,1407.729148864746,,,,,,,,
,36849,,2.2830963134765625,,,,,,,,,
9,36849,,,,0.024059023708105087,1.0283931493759155,-2649.000244140625,15.0,15.0,,,
,36899,,,1416.2826538085938,,,,,,,,
,36899,,10.771751403808594,,,,,,,,,
9,36899,,,,-0.025837808847427368,1.0043561458587646,-2660.0,15.0,15.0,,,
,36949,,,1403.3350944519043,,,,,,,,
,36949,,2.218484878540039,,,,,,,,,
9,36949,,,,0.20744384825229645,1.0218487977981567,-2620.000244140625,15.0,15.0,,,
,36999,,,1428.4119606018066,,,,,,,,
,36999,,11.361360549926758,,,,,,,,,
9,36999,,,,0.23511070013046265,1.0304509401321411,-2641.0,15.0,15.0,,,
,37049,,,1406.2209129333496,,,,,,,,
,37049,,2.267122268676758,,,,,,,,,
9,37049,,,,-0.8263957500457764,1.0439045429229736,-2508.000244140625,15.0,15.0,,,
,37099,,,1415.3616428375244,,,,,,,,
,37099,,10.90097427368164,,,,,,,,,
9,37099,,,,-0.342610239982605,1.0227711200714111,-2578.0,15.0,15.0,,,
,37149,,,1408.4138870239258,,,,,,,,
,37149,,2.3407936096191406,,,,,,,,,
9,37149,,,,0.10973253846168518,1.0248222351074219,-2735.000244140625,15.0,15.0,,,
,37199,,,1698.021650314331,,,,,,,,
,37199,,13.211727142333984,,,,,,,,,
9,37199,,,,0.7088371515274048,1.0106637477874756,-2598.0,15.0,15.0,,,
,37249,,,1420.4740524291992,,,,,,,,
,37249,,2.288341522216797,,,,,,,,,
9,37249,,,,-0.8491443991661072,1.0309442281723022,-2644.00048828125,15.0,15.0,,,
,37299,,,1409.8377227783203,,,,,,,,
,37299,,10.869264602661133,,,,,,,,,
9,37299,,,,-0.2511444389820099,1.0252288579940796,-2701.999755859375,15.0,15.0,,,
,37349,,,1420.250654220581,,,,,,,,
,37349,,3.1540393829345703,,,,,,,,,
9,37349,,,,-0.21389196813106537,1.0432556867599487,-2537.00048828125,15.0,15.0,,,
,37399,,,1711.1022472381592,,,,,,,,
,37399,,11.302709579467773,,,,,,,,,
9,37399,,,,0.1936434805393219,1.0298535823822021,-2547.000244140625,15.0,15.0,,,
,37449,,,1685.5072975158691,,,,,,,,
,37449,,2.4781227111816406,,,,,,,,,
9,37449,,,,-0.5843163728713989,1.0501787662506104,-2627.000244140625,15.0,15.0,,,
,37499,,,1426.22709274292,,,,,,,,
,37499,,10.772228240966797,,,,,,,,,
9,37499,,,,-0.28364577889442444,1.027258038520813,-2541.0,15.0,15.0,,,
9,37499,,,,,,,,,11.237483024597168,2718.78173828125,-2718.78173828125
,37500,7439.367457866669,,,,,,,,,,
,37549,,,1407.5016975402832,,,,,,,,
,37549,,3.7534236907958984,,,,,,,,,
10,37549,,,,0.4484662413597107,1.0351183414459229,-2534.0,15.0,15.0,,,
,37599,,,2237.440586090088,,,,,,,,
,37599,,10.849952697753906,,,,,,,,,
10,37599,,,,-0.5154985189437866,1.0271213054656982,-2705.99951171875,15.0,15.0,,,
,37649,,,1403.1848907470703,,,,,,,,
,37649,,2.2516250610351562,,,,,,,,,
10,37649,,,,0.029155492782592773,1.0276305675506592,-2597.000244140625,15.0,15.0,,,
,37699,,,1402.273416519165,,,,,,,,
,37699,,10.979652404785156,,,,,,,,,
10,37699,,,,-0.06505363434553146,1.0406787395477295,-2639.999755859375,15.0,15.0,,,
,37749,,,1411.7162227630615,,,,,,,,
,37749,,2.270936965942383,,,,,,,,,
10,37749,,,,-0.16192814707756042,1.0359010696411133,-2457.999755859375,15.0,15.0,,,
,37799,,,1423.560619354248,,,,,,,,
,37799,,10.314226150512695,,,,,,,,,
10,37799,,,,-0.45240429043769836,1.0405840873718262,-2428.0,15.0,15.0,,,
,37849,,,1705.6310176849365,,,,,,,,
,37849,,2.7818679809570312,,,,,,,,,
10,37849,,,,-0.2748812735080719,1.029425859451294,-2613.000244140625,15.0,15.0,,,
,37899,,,1700.7875442504883,,,,,,,,
,37899,,11.054754257202148,,,,,,,,,
10,37899,,,,-0.36845287680625916,1.0270745754241943,-2602.0,15.0,15.0,,,
,37949,,,1692.8515434265137,,,,,,,,
,37949,,2.513408660888672,,,,,,,,,
10,37949,,,,0.4198284149169922,1.019938349723816,-2622.999755859375,15.0,15.0,,,
,37999,,,1691.1909580230713,,,,,,,,
,37999,,10.507583618164062,,,,,,,,,
10,37999,,,,0.7227464318275452,1.0524805784225464,-2646.0,15.0,15.0,,,
,38049,,,1420.8874702453613,,,,,,,,
,38049,,2.299785614013672,,,,,,,,,
10,38049,,,,0.5540845394134521,1.0219165086746216,-2825.0,15.0,15.0,,,
,38099,,,1408.900499343872,,,,,,,,
,38099,,10.88094711303711,,,,,,,,,
10,38099,,,,0.5620772242546082,1.0369415283203125,-2573.0,15.0,15.0,,,
,38149,,,1691.2026405334473,,,,,,,,
,38149,,2.4857521057128906,,,,,,,,,
10,38149,,,,0.5940301418304443,1.04195237159729,-2637.0,15.0,15.0,,,
,38199,,,1693.5794353485107,,,,,,,,
,38199,,12.986898422241211,,,,,,,,,
10,38199,,,,-0.07608899474143982,1.0263442993164062,-2503.000244140625,15.0,15.0,,,
,38249,,,1701.5581130981445,,,,,,,,
,38249,,2.4137496948242188,,,,,,,,,
10,38249,,,,-0.15025335550308228,1.0309786796569824,-2669.999755859375,15.0,15.0,,,
,38299,,,1701.1401653289795,,,,,,,,
,38299,,11.62266731262207,,,,,,,,,
10,38299,,,,0.8091930150985718,1.0348960161209106,-2669.0,15.0,15.0,,,
,38349,,,1418.4925556182861,,,,,,,,
,38349,,3.116130828857422,,,,,,,,,
10,38349,,,,-0.01712978631258011,1.0536839962005615,-2574.0,15.0,15.0,,,
,38399,,,1401.1964797973633,,,,,,,,
,38399,,17.61174201965332,,,,,,,,,
10,38399,,,,0.38693925738334656,1.0406205654144287,-2610.0,15.0,15.0,,,
,38449,,,1412.553071975708,,,,,,,,
,38449,,2.2783279418945312,,,,,,,,,
10,38449,,,,0.3491334915161133,1.0186026096343994,-2666.0,15.0,15.0,,,
,38499,,,1410.606861114502,,,,,,,,
,38499,,500.48041343688965,,,,,,,,,
10,38499,,,,0.07358139753341675,1.0317068099975586,-2445.0,15.0,15.0,,,
,38549,,,1416.2664413452148,,,,,,,,
,38549,,2.2995471954345703,,,,,,,,,
10,38549,,,,0.12590456008911133,1.0519614219665527,-2439.0,15.0,15.0,,,
,38599,,,1697.7672576904297,,,,,,,,
,38599,,13.715744018554688,,,,,,,,,
10,38599,,,,0.21594028174877167,1.052644968032837,-2490.0,15.0,15.0,,,
,38649,,,1696.5093612670898,,,,,,,,
,38649,,3.8542747497558594,,,,,,,,,
10,38649,,,,0.0903695672750473,1.0230478048324585,-2496.999755859375,15.0,15.0,,,
,38699,,,1698.383092880249,,,,,,,,
,38699,,10.443925857543945,,,,,,,,,
10,38699,,,,-0.14734067022800446,1.0352829694747925,-2586.999755859375,15.0,15.0,,,
,38749,,,1696.075677871704,,,,,,,,
,38749,,3.5529136657714844,,,,,,,,,
10,38749,,,,0.1264094114303589,1.0478683710098267,-2568.999755859375,15.0,15.0,,,
,38799,,,3071.7880725860596,,,,,,,,
,38799,,12.56251335144043,,,,,,,,,
10,38799,,,,0.6470834016799927,1.057742953300476,-3426.0,20.0,20.0,,,
,38849,,,3055.286645889282,,,,,,,,
,38849,,3.7946701049804688,,,,,,,,,
10,38849,,,,0.09094829857349396,1.033475399017334,-3534.000244140625,20.0,20.0,,,
,38899,,,3085.2527618408203,,,,,,,,
,38899,,11.921882629394531,,,,,,,,,
10,38899,,,,0.4197382926940918,1.0562595129013062,-3210.00048828125,20.0,20.0,,,
,38949,,,3075.3417015075684,,,,,,,,
,38949,,3.8988590240478516,,,,,,,,,
10,38949,,,,0.3583446145057678,1.0780014991760254,-3492.999755859375,20.0,20.0,,,
,38999,,,2524.837017059326,,,,,,,,
,38999,,12.24517822265625,,,,,,,,,
10,38999,,,,0.37439438700675964,1.0532140731811523,-3453.0,20.0,20.0,,,
,39049,,,2552.95467376709,,,,,,,,
,39049,,3.5665035247802734,,,,,,,,,
10,39049,,,,-0.09234108030796051,1.034986138343811,-3506.000244140625,20.0,20.0,,,
,39099,,,2567.4502849578857,,,,,,,,
,39099,,12.157678604125977,,,,,,,,,
10,39099,,,,0.5925599336624146,1.0558562278747559,-3453.0,20.0,20.0,,,
,39149,,,2520.632266998291,,,,,,,,
,39149,,3.593921661376953,,,,,,,,,
10,39149,,,,-0.4114583730697632,1.0391907691955566,-3556.999755859375,20.0,20.0,,,
,39199,,,2584.7859382629395,,,,,,,,
,39199,,11.837482452392578,,,,,,,,,
10,39199,,,,-0.04368698596954346,1.0542173385620117,-3426.000244140625,20.0,20.0,,,
,39249,,,3083.951711654663,,,,,,,,
,39249,,3.6787986755371094,,,,,,,,,
10,39249,,,,-0.4857380986213684,1.0231647491455078,-3405.99951171875,20.0,20.0,,,
,39299,,,3052.490711212158,,,,,,,,
,39299,,12.481689453125,,,,,,,,,
10,39299,,,,0.4331786036491394,1.0322357416152954,-3394.0,20.0,20.0,,,
,39349,,,3071.5043544769287,,,,,,,,
,39349,,3.7910938262939453,,,,,,,,,
10,39349,,,,-0.46653854846954346,1.0500388145446777,-3282.0,20.0,20.0,,,
,39399,,,3077.838897705078,,,,,,,,
,39399,,12.447357177734375,,,,,,,,,
10,39399,,,,0.26253145933151245,1.0570871829986572,-3447.0,20.0,20.0,,,
,39449,,,3046.0994243621826,,,,,,,,
,39449,,3.7436485290527344,,,,,,,,,
10,39449,,,,0.21969139575958252,1.0337588787078857,-3395.000244140625,20.0,20.0,,,
,39499,,,3072.017192840576,,,,,,,,
,39499,,11.97195053100586,,,,,,,,,
10,39499,,,,-0.2674301266670227,1.0451955795288086,-3236.999755859375,20.0,20.0,,,
,39549,,,3558.1274032592773,,,,,,,,
,39549,,3.891468048095703,,,,,,,,,
10,39549,,,,-5.836080551147461,1.0329285860061646,-3467.99951171875,20.0,20.0,,,
,39599,,,3086.704730987549,,,,,,,,
,39599,,12.521743774414062,,,,,,,,,
10,39599,,,,0.727493166923523,1.040034294128418,-3328.0,20.0,20.0,,,
,39649,,,3089.219570159912,,,,,,,,
,39649,,3.7355422973632812,,,,,,,,,
10,39649,,,,-0.04062992334365845,1.051486849784851,-3486.0,20.0,20.0,,,
,39699,,,3039.8335456848145,,,,,,,,
,39699,,10.831117630004883,,,,,,,,,
10,39699,,,,0.7288088798522949,1.0621410608291626,-3354.0,20.0,20.0,,,
,39749,,,3080.4965496063232,,,,,,,,
,39749,,3.7300586700439453,,,,,,,,,
10,39749,,,,0.3691575825214386,1.042410969734192,-3328.000244140625,20.0,20.0,,,
,39799,,,3081.3093185424805,,,,,,,,
,39799,,12.533187866210938,,,,,,,,,
10,39799,,,,-0.6622741222381592,1.0340949296951294,-3588.0,20.0,20.0,,,
,39849,,,2549.4771003723145,,,,,,,,
,39849,,3.569364547729492,,,,,,,,,
10,39849,,,,0.2524970471858978,1.0368216037750244,-3582.999267578125,20.0,20.0,,,
,39899,,,2541.4931774139404,,,,,,,,
,39899,,12.350082397460938,,,,,,,,,
10,39899,,,,0.5421929359436035,1.063515305519104,-3575.99951171875,20.0,20.0,,,
,39949,,,2576.232433319092,,,,,,,,
,39949,,3.589153289794922,,,,,,,,,
10,39949,,,,-0.1451815962791443,1.0363692045211792,-3671.000244140625,20.0,20.0,,,
,39999,,,3562.593936920166,,,,,,,,
,39999,,13.117790222167969,,,,,,,,,
10,39999,,,,-0.04475882649421692,1.0318328142166138,-3405.000244140625,20.0,20.0,,,
,40049,,,1110.9073162078857,,,,,,,,
,40049,,1.3213157653808594,,,,,,,,,
10,40049,,,,-0.6476796865463257,1.0077037811279297,-1723.0001220703125,10.0,10.0,,,
,40099,,,1093.1859016418457,,,,,,,,
,40099,,11.078357696533203,,,,,,,,,
10,40099,,,,0.03767910599708557,1.027334451675415,-1734.999755859375,10.0,10.0,,,
,40149,,,837.1789455413818,,,,,,,,
,40149,,2.3581981658935547,,,,,,,,,
10,40149,,,,0.5757939219474792,1.0187103748321533,-1652.9998779296875,10.0,10.0,,,
,40199,,,832.7634334564209,,,,,,,,
,40199,,11.062383651733398,,,,,,,,,
10,40199,,,,0.2759654223918915,1.0095890760421753,-1678.999755859375,10.0,10.0,,,
,40249,,,923.7689971923828,,,,,,,,
,40249,,2.8095245361328125,,,,,,,,,
10,40249,,,,0.11568427085876465,1.0135198831558228,-1549.9998779296875,10.0,10.0,,,
,40299,,,922.1181869506836,,,,,,,,
,40299,,10.69021224975586,,,,,,,,,
10,40299,,,,0.04979771375656128,1.0468412637710571,-1621.0001220703125,10.0,10.0,,,
,40349,,,953.5682201385498,,,,,,,,
,40349,,1.1153221130371094,,,,,,,,,
10,40349,,,,-0.3747195899486542,1.0639255046844482,-1740.9998779296875,10.0,10.0,,,
,40399,,,953.7348747253418,,,,,,,,
,40399,,10.079622268676758,,,,,,,,,
10,40399,,,,-0.02644430100917816,1.0069384574890137,-1732.0,10.0,10.0,,,
,40449,,,915.4622554779053,,,,,,,,
,40449,,1.1186599731445312,,,,,,,,,
10,40449,,,,-0.2773995101451874,1.0339117050170898,-1644.0001220703125,10.0,10.0,,,
,40499,,,919.9342727661133,,,,,,,,
,40499,,14.545679092407227,,,,,,,,,
10,40499,,,,-0.10361480712890625,1.0067994594573975,-1665.9998779296875,10.0,10.0,,,
,40549,,,844.8390960693359,,,,,,,,
,40549,,1.138925552368164,,,,,,,,,
10,40549,,,,-0.1809220165014267,1.0186649560928345,-1689.0001220703125,10.0,10.0,,,
,40599,,,838.0177021026611,,,,,,,,
,40599,,10.804176330566406,,,,,,,,,
10,40599,,,,0.09199091047048569,1.0103569030761719,-1689.0,10.0,10.0,,,
,40649,,,834.4998359680176,,,,,,,,
,40649,,1.2183189392089844,,,,,,,,,
10,40649,,,,0.39965659379959106,1.0396039485931396,-1529.9998779296875,10.0,10.0,,,
,40699,,,904.6735763549805,,,,,,,,
,40699,,10.60938835144043,,,,,,,,,
10,40699,,,,-0.41717472672462463,1.020921230316162,-1666.0,10.0,10.0,,,
,40749,,,918.7250137329102,,,,,,,,
,40749,,1.1048316955566406,,,,,,,,,
10,40749,,,,0.7617180943489075,1.015313744544983,-1516.0,10.0,10.0,,,
,40799,,,934.8220825195312,,,,,,,,
,40799,,10.803937911987305,,,,,,,,,
10,40799,,,,-0.15921328961849213,1.000824213027954,-1558.0,10.0,10.0,,,
,40849,,,916.5153503417969,,,,,,,,
,40849,,1.8541812896728516,,,,,,,,,
10,40849,,,,0.09961399435997009,1.0023640394210815,-1692.0001220703125,10.0,10.0,,,
,40899,,,932.8680038452148,,,,,,,,
,40899,,10.485649108886719,,,,,,,,,
10,40899,,,,0.1610904335975647,1.0357908010482788,-1834.9998779296875,10.0,10.0,,,
,40949,,,1573.4167098999023,,,,,,,,
,40949,,3.110647201538086,,,,,,,,,
10,40949,,,,0.1868114322423935,1.005645990371704,-1648.0001220703125,10.0,10.0,,,
,40999,,,947.4582672119141,,,,,,,,
,40999,,14.227628707885742,,,,,,,,,
10,40999,,,,-0.3703089952468872,1.0331273078918457,-1553.0,10.0,10.0,,,
,41049,,,1013.1361484527588,,,,,,,,
,41049,,1.0673999786376953,,,,,,,,,
10,41049,,,,-0.24949544668197632,1.0205307006835938,-1722.0,10.0,10.0,,,
,41099,,,987.2524738311768,,,,,,,,
,41099,,11.202096939086914,,,,,,,,,
10,41099,,,,-0.16298002004623413,1.0046228170394897,-1570.0,10.0,10.0,,,
,41149,,,999.7608661651611,,,,,,,,
,41149,,1.2063980102539062,,,,,,,,,
10,41149,,,,0.18741020560264587,1.0191857814788818,-1724.000244140625,10.0,10.0,,,
,41199,,,881.2515735626221,,,,,,,,
,41199,,17.35067367553711,,,,,,,,,
10,41199,,,,0.2720119059085846,1.0023114681243896,-1674.9998779296875,10.0,10.0,,,
,41249,,,938.8103485107422,,,,,,,,
,41249,,2.4361610412597656,,,,,,,,,
10,41249,,,,-0.22239552438259125,1.0219823122024536,-1745.0,10.0,10.0,,,
10,41249,,,,,,,,,10.894948959350586,2709.544921875,-2709.544921875
,41250,7222.196840763092,,,,,,,,,,
,41299,,,4141.680002212524,,,,,,,,
,41299,,14.046907424926758,,,,,,,,,
11,41299,,,,-0.348822683095932,1.0573304891586304,-3419.999755859375,20.0,20.0,,,
,41349,,,3743.4017658233643,,,,,,,,
,41349,,2.1042823791503906,,,,,,,,,
11,41349,,,,-0.17241999506950378,1.0334959030151367,-3438.999755859375,20.0,20.0,,,
,41399,,,3391.8676376342773,,,,,,,,
,41399,,11.231660842895508,,,,,,,,,
11,41399,,,,-0.31284409761428833,1.039102554321289,-3537.99951171875,20.0,20.0,,,
,41449,,,3777.329444885254,,,,,,,,
,41449,,4.805326461791992,,,,,,,,,
11,41449,,,,0.26096245646476746,1.072361946105957,-3504.000244140625,20.0,20.0,,,
,41499,,,3573.840379714966,,,,,,,,
,41499,,17.236948013305664,,,,,,,,,
11,41499,,,,-0.012982204556465149,1.071153163909912,-3196.000732421875,20.0,20.0,,,
,41549,,,3742.3195838928223,,,,,,,,
,41549,,3.941774368286133,,,,,,,,,
11,41549,,,,-0.9841628074645996,1.033687949180603,-3524.000244140625,20.0,20.0,,,
,41599,,,3353.1479835510254,,,,,,,,
,41599,,13.756990432739258,,,,,,,,,
11,41599,,,,0.3284784257411957,1.0388829708099365,-3466.999755859375,20.0,20.0,,,
,41649,,,3802.589178085327,,,,,,,,
,41649,,2.353191375732422,,,,,,,,,
11,41649,,,,-0.33287233114242554,1.0372029542922974,-3340.00048828125,20.0,20.0,,,
,41699,,,3493.1607246398926,,,,,,,,
,41699,,13.754129409790039,,,,,,,,,
11,41699,,,,0.022898659110069275,1.0460970401763916,-3505.0,20.0,20.0,,,
,41749,,,3477.9913425445557,,,,,,,,
,41749,,4.268169403076172,,,,,,,,,
11,41749,,,,0.5188968181610107,1.0338265895843506,-3583.000244140625,20.0,20.0,,,
,41799,,,3689.4450187683105,,,,,,,,
,41799,,13.073444366455078,,,,,,,,,
11,41799,,,,-0.22249861061573029,1.0436756610870361,-3430.0,20.0,20.0,,,
,41849,,,4206.7930698394775,,,,,,,,
,41849,,4.0721893310546875,,,,,,,,,
11,41849,,,,-0.3068997859954834,1.039139747619629,-3491.0,20.0,20.0,,,
,41899,,,3670.3011989593506,,,,,,,,
,41899,,13.852596282958984,,,,,,,,,
11,41899,,,,-0.04121176898479462,1.033551573753357,-3451.0,20.0,20.0,,,
,41949,,,3143.5608863830566,,,,,,,,
,41949,,3.9911270141601562,,,,,,,,,
11,41949,,,,0.7845122814178467,1.0464198589324951,-3329.999755859375,20.0,20.0,,,
,41999,,,3080.6257724761963,,,,,,,,
,41999,,12.771129608154297,,,,,,,,,
11,41999,,,,-0.14196230471134186,1.032760500907898,-3491.999755859375,20.0,20.0,,,
,42049,,,3080.4126262664795,,,,,,,,
,42049,,3.841876983642578,,,,,,,,,
11,42049,,,,-0.24673448503017426,1.0403990745544434,-3381.0,20.0,20.0,,,
,42099,,,3521.9554901123047,,,,,,,,
,42099,,17.686128616333008,,,,,,,,,
11,42099,,,,-0.36322021484375,1.0283135175704956,-3522.99951171875,20.0,20.0,,,
,42149,,,4103.595733642578,,,,,,,,
,42149,,3.876924514770508,,,,,,,,,
11,42149,,,,-0.32138779759407043,1.0615533590316772,-3499.0,20.0,20.0,,,
,42199,,,3614.6469116210938,,,,,,,,
,42199,,13.630151748657227,,,,,,,,,
11,42199,,,,0.8279547095298767,1.0454018115997314,-3388.999755859375,20.0,20.0,,,
,42249,,,3561.6822242736816,,,,,,,,
,42249,,1.9376277923583984,,,,,,,,,
11,42249,,,,-0.055329009890556335,1.0159173011779785,-3594.999755859375,20.0,20.0,,,
,42299,,,3610.9631061553955,,,,,,,,
,42299,,12.723684310913086,,,,,,,,,
11,42299,,,,0.44038885831832886,1.0661282539367676,-3497.0,20.0,20.0,,,
,42349,,,3561.7451667785645,,,,,,,,
,42349,,4.651546478271484,,,,,,,,,
11,42349,,,,0.6554829478263855,1.0490763187408447,-3233.999755859375,20.0,20.0,,,
,42399,,,3560.250997543335,,,,,,,,
,42399,,12.6495361328125,,,,,,,,,
11,42399,,,,0.11631841957569122,1.0200095176696777,-3558.999755859375,20.0,20.0,,,
,42449,,,3160.2261066436768,,,,,,,,
,42449,,3.8166046142578125,,,,,,,,,
11,42449,,,,-0.8752241134643555,1.0474815368652344,-3517.0,20.0,20.0,,,
,42499,,,3523.1237411499023,,,,,,,,
,42499,,13.471126556396484,,,,,,,,,
11,42499,,,,-1.1556859016418457,1.0540566444396973,-3339.0,20.0,20.0,,,
,42549,,,928.3418655395508,,,,,,,,
,42549,,1.035928726196289,,,,,,,,,
11,42549,,,,0.0,1.0,-1681.0,10.0,10.0,,,
,42599,,,860.755443572998,,,,,,,,
,42599,,10.694026947021484,,,,,,,,,
11,42599,,,,-0.30725669860839844,1.0030784606933594,-1706.0,10.0,10.0,,,
,42649,,,790.9305095672607,,,,,,,,
,42649,,3.055095672607422,,,,,,,,,
11,42649,,,,0.41349753737449646,1.023546576499939,-1758.0001220703125,10.0,10.0,,,
,42699,,,863.3365631103516,,,,,,,,
,42699,,19.271373748779297,,,,,,,,,
11,42699,,,,0.021336708217859268,1.0104105472564697,-1680.999755859375,10.0,10.0,,,
,42749,,,885.7200145721436,,,,,,,,
,42749,,1.1162757873535156,,,,,,,,,
11,42749,,,,-0.3123217225074768,1.0089812278747559,-1728.0001220703125,10.0,10.0,,,
,42799,,,908.2942008972168,,,,,,,,
,42799,,14.130115509033203,,,,,,,,,
11,42799,,,,0.0972481220960617,1.025428056716919,-1605.0,10.0,10.0,,,
,42849,,,755.7775974273682,,,,,,,,
,42849,,1.0724067687988281,,,,,,,,,
11,42849,,,,-0.09991666674613953,1.008742332458496,-1772.9998779296875,10.0,10.0,,,
,42899,,,774.4250297546387,,,,,,,,
,42899,,10.740041732788086,,,,,,,,,
11,42899,,,,-0.02331836335361004,1.009169101715088,-1698.0,10.0,10.0,,,
,42949,,,844.7425365447998,,,,,,,,
,42949,,1.0836124420166016,,,,,,,,,
11,42949,,,,0.0,1.0,-1645.9998779296875,10.0,10.0,,,
,42999,,,880.8693885803223,,,,,,,,
,42999,,10.269641876220703,,,,,,,,,
11,42999,,,,-0.006431370973587036,1.0324729681015015,-1778.999755859375,10.0,10.0,,,
,43049,,,871.3200092315674,,,,,,,,
,43049,,1.1417865753173828,,,,,,,,,
11,43049,,,,0.2001304030418396,1.001612901687622,-1740.0003662109375,10.0,10.0,,,
,43099,,,733.7868213653564,,,,,,,,
,43099,,10.663986206054688,,,,,,,,,
11,43099,,,,-0.07250713557004929,1.0264208316802979,-1664.000244140625,10.0,10.0,,,
,43149,,,861.8316650390625,,,,,,,,
,43149,,1.0631084442138672,,,,,,,,,
11,43149,,,,-0.12064968049526215,1.0366743803024292,-1771.0,10.0,10.0,,,
,43199,,,885.6208324432373,,,,,,,,
,43199,,10.69188117980957,,,,,,,,,
11,43199,,,,0.009956173598766327,1.0119119882583618,-1657.999755859375,10.0,10.0,,,
,43249,,,785.9511375427246,,,,,,,,
,43249,,1.0902881622314453,,,,,,,,,
11,43249,,,,-0.02615264058113098,1.0091758966445923,-1768.0001220703125,10.0,10.0,,,
,43299,,,780.0889015197754,,,,,,,,
,43299,,10.161638259887695,,,,,,,,,
11,43299,,,,0.028767123818397522,1.0193428993225098,-1523.0,10.0,10.0,,,
,43349,,,1414.0915870666504,,,,,,,,
,43349,,1.1823177337646484,,,,,,,,,
11,43349,,,,-0.4177219569683075,1.020703673362732,-1630.9998779296875,10.0,10.0,,,
,43399,,,884.5696449279785,,,,,,,,
,43399,,10.03408432006836,,,,,,,,,
11,43399,,,,0.0005364194512367249,1.0180115699768066,-1686.999755859375,10.0,10.0,,,
,43449,,,756.9148540496826,,,,,,,,
,43449,,1.0471343994140625,,,,,,,,,
11,43449,,,,-0.08728665113449097,1.001780390739441,-1685.0,10.0,10.0,,,
,43499,,,758.7146759033203,,,,,,,,
,43499,,18.39923858642578,,,,,,,,,
11,43499,,,,-0.1884608268737793,1.0204784870147705,-1553.0,10.0,10.0,,,
,43549,,,898.2839584350586,,,,,,,,
,43549,,1.0242462158203125,,,,,,,,,
11,43549,,,,0.08571930229663849,1.0218607187271118,-1670.9998779296875,10.0,10.0,,,
,43599,,,884.4015598297119,,,,,,,,
,43599,,19.11449432373047,,,,,,,,,
11,43599,,,,0.2529907822608948,1.022871732711792,-1534.0,10.0,10.0,,,
,43649,,,771.7459201812744,,,,,,,,
,43649,,1.0263919830322266,,,,,,,,,
11,43649,,,,0.2512289583683014,1.0358368158340454,-1660.0001220703125,10.0,10.0,,,
,43699,,,794.5957183837891,,,,,,,,
,43699,,10.57744026184082,,,,,,,,,
11,43699,,,,-0.057452939450740814,1.033785104751587,-1648.0,10.0,10.0,,,
,43749,,,857.7659130096436,,,,,,,,
,43749,,1.0881423950195312,,,,,,,,,
11,43749,,,,0.18544979393482208,1.0223544836044312,-1726.0,10.0,10.0,,,
,43799,,,1951.1494636535645,,,,,,,,
,43799,,11.100530624389648,,,,,,,,,
11,43799,,,,-0.5925622582435608,1.0262502431869507,-2602.0,15.0,15.0,,,
,43849,,,1730.9064865112305,,,,,,,,
,43849,,2.3920536041259766,,,,,,,,,
11,43849,,,,-0.3172849118709564,1.0208091735839844,-2472.0,15.0,15.0,,,
,43899,,,1922.508716583252,,,,,,,,
,43899,,11.904239654541016,,,,,,,,,
11,43899,,,,0.4441051185131073,1.0390328168869019,-2632.000244140625,15.0,15.0,,,
,43949,,,1697.390079498291,,,,,,,,
,43949,,2.3255348205566406,,,,,,,,,
11,43949,,,,-0.46732425689697266,1.0393376350402832,-2558.0,15.0,15.0,,,
,43999,,,2014.5745277404785,,,,,,,,
,43999,,11.921882629394531,,,,,,,,,
11,43999,,,,0.40562835335731506,1.026542067527771,-2660.0,15.0,15.0,,,
,44049,,,1967.0019149780273,,,,,,,,
,44049,,3.980875015258789,,,,,,,,,
11,44049,,,,-0.3318934738636017,1.0276422500610352,-2546.999755859375,15.0,15.0,,,
,44099,,,1750.1041889190674,,,,,,,,
,44099,,11.821269989013672,,,,,,,,,
11,44099,,,,0.4801309108734131,1.0176379680633545,-2681.0,15.0,15.0,,,
,44149,,,1920.8016395568848,,,,,,,,
,44149,,2.5167465209960938,,,,,,,,,
11,44149,,,,-0.4354032874107361,1.0160408020019531,-2670.999755859375,15.0,15.0,,,
,44199,,,1933.718204498291,,,,,,,,
,44199,,11.739492416381836,,,,,,,,,
11,44199,,,,-0.24058876931667328,1.031229853630066,-2562.0,15.0,15.0,,,
,44249,,,2272.169589996338,,,,,,,,
,44249,,2.5599002838134766,,,,,,,,,
11,44249,,,,0.5197616815567017,1.0180602073669434,-2491.0,15.0,15.0,,,
,44299,,,1902.2181034088135,,,,,,,,
,44299,,14.169692993164062,,,,,,,,,
11,44299,,,,-0.6545695066452026,1.0284333229064941,-2704.999755859375,15.0,15.0,,,
,44349,,,1760.178804397583,,,,,,,,
,44349,,3.469228744506836,,,,,,,,,
11,44349,,,,0.5384259223937988,1.0126327276229858,-2676.0,15.0,15.0,,,
,44399,,,2006.7665576934814,,,,,,,,
,44399,,15.780210494995117,,,,,,,,,
11,44399,,,,0.1937113106250763,1.0339916944503784,-2686.0,15.0,15.0,,,
,44449,,,1953.3681869506836,,,,,,,,
,44449,,2.5472640991210938,,,,,,,,,
11,44449,,,,-0.5432496070861816,1.0263607501983643,-2586.999755859375,15.0,15.0,,,
,44499,,,1751.9845962524414,,,,,,,,
,44499,,12.022256851196289,,,,,,,,,
11,44499,,,,0.06780263036489487,1.0242387056350708,-2608.0,15.0,15.0,,,
,44549,,,1952.0771503448486,,,,,,,,
,44549,,2.5815963745117188,,,,,,,,,
11,44549,,,,-0.00039693713188171387,1.0099539756774902,-2677.000244140625,15.0,15.0,,,
,44599,,,1713.9630317687988,,,,,,,,
,44599,,11.852025985717773,,,,,,,,,
11,44599,,,,0.0748613253235817,1.0289971828460693,-2563.999755859375,15.0,15.0,,,
,44649,,,1939.5205974578857,,,,,,,,
,44649,,2.416372299194336,,,,,,,,,
11,44649,,,,0.15001820027828217,1.0171445608139038,-2513.0,15.0,15.0,,,
,44699,,,1930.7870864868164,,,,,,,,
,44699,,12.616157531738281,,,,,,,,,
11,44699,,,,-0.07414671778678894,1.0382601022720337,-2744.0,15.0,15.0,,,
,44749,,,1762.878656387329,,,,,,,,
,44749,,6.820440292358398,,,,,,,,,
11,44749,,,,0.43678897619247437,1.0287827253341675,-2521.999755859375,15.0,15.0,,,
,44799,,,1905.8995246887207,,,,,,,,
,44799,,11.690616607666016,,,,,,,,,
11,44799,,,,-0.029620438814163208,1.031172513961792,-2405.0,15.0,15.0,,,
,44849,,,1952.881097793579,,,,,,,,
,44849,,2.4590492248535156,,,,,,,,,
11,44849,,,,0.15134122967720032,1.0284136533737183,-2594.0,15.0,15.0,,,
,44899,,,1754.7409534454346,,,,,,,,
,44899,,11.074304580688477,,,,,,,,,
11,44899,,,,0.25553667545318604,1.0055937767028809,-2613.000244140625,15.0,15.0,,,
,44949,,,1978.5377979278564,,,,,,,,
,44949,,2.504587173461914,,,,,,,,,
11,44949,,,,0.13168469071388245,1.0339893102645874,-2450.000244140625,15.0,15.0,,,
,44999,,,1984.5452308654785,,,,,,,,
,44999,,11.871814727783203,,,,,,,,,
11,44999,,,,0.4046896994113922,1.0266129970550537,-2619.0,15.0,15.0,,,
11,44999,,,,,,,,,11.690302848815918,2730.2451171875,-2730.2451171875
,45000,8262.944839477539,,,,,,,,,,
,45049,,,1870.5363273620605,,,,,,,,
,45049,,2.4383068084716797,,,,,,,,,
12,45049,,,,-0.35063743591308594,1.0304648876190186,-2621.0,15.0,15.0,,,
,45099,,,1413.8050079345703,,,,,,,,
,45099,,10.296821594238281,,,,,,,,,
12,45099,,,,0.5979026556015015,1.0143649578094482,-2581.999755859375,15.0,15.0,,,
,45149,,,1410.4127883911133,,,,,,,,
,45149,,2.265453338623047,,,,,,,,,
12,45149,,,,0.3788243532180786,1.0294204950332642,-2612.0,15.0,15.0,,,
,45199,,,1400.024175643921,,,,,,,,
,45199,,10.770559310913086,,,,,,,,,
12,45199,,,,-0.3539596498012543,1.0289372205734253,-2544.999755859375,15.0,15.0,,,
,45249,,,1709.7012996673584,,,,,,,,
,45249,,2.544403076171875,,,,,,,,,
12,45249,,,,0.41518422961235046,1.0147044658660889,-2521.000244140625,15.0,15.0,,,
,45299,,,1702.8546333312988,,,,,,,,
,45299,,10.634660720825195,,,,,,,,,
12,45299,,,,0.17945411801338196,1.0436804294586182,-2444.000244140625,15.0,15.0,,,
,45349,,,1416.2676334381104,,,,,,,,
,45349,,2.283811569213867,,,,,,,,,
12,45349,,,,-0.22806799411773682,1.0196795463562012,-2542.0,15.0,15.0,,,
,45399,,,1413.365125656128,,,,,,,,
,45399,,10.957717895507812,,,,,,,,,
12,45399,,,,-0.5878427028656006,1.0201512575149536,-2550.999755859375,15.0,15.0,,,
,45449,,,1418.6925888061523,,,,,,,,
,45449,,4.378557205200195,,,,,,,,,
12,45449,,,,0.27143484354019165,1.0194820165634155,-2591.999755859375,15.0,15.0,,,
,45499,,,1411.8413925170898,,,,,,,,
,45499,,10.691165924072266,,,,,,,,,
12,45499,,,,0.18728390336036682,1.0110217332839966,-2595.0,15.0,15.0,,,
,45549,,,1422.2755432128906,,,,,,,,
,45549,,2.226114273071289,,,,,,,,,
12,45549,,,,0.440551221370697,1.0337713956832886,-2603.000244140625,15.0,15.0,,,
,45599,,,1409.5690250396729,,,,,,,,
,45599,,10.822057723999023,,,,,,,,,
12,45599,,,,0.07074623554944992,1.0402419567108154,-2392.0,15.0,15.0,,,
,45649,,,1408.6434841156006,,,,,,,,
,45649,,2.218961715698242,,,,,,,,,
12,45649,,,,-0.20256412029266357,1.0115594863891602,-2547.0,15.0,15.0,,,
,45699,,,1419.1005229949951,,,,,,,,
,45699,,17.549753189086914,,,,,,,,,
12,45699,,,,-0.008854970335960388,1.0123529434204102,-2696.0,15.0,15.0,,,
,45749,,,1407.7634811401367,,,,,,,,
,45749,,2.2323131561279297,,,,,,,,,
12,45749,,,,-0.3586973547935486,1.0226014852523804,-2666.0,15.0,15.0,,,
,45799,,,1409.3348979949951,,,,,,,,
,45799,,10.890722274780273,,,,,,,,,
12,45799,,,,-0.32936182618141174,1.0341272354125977,-2611.0,15.0,15.0,,,
,45849,,,1412.4808311462402,,,,,,,,
,45849,,6.4907073974609375,,,,,,,,,
12,45849,,,,-0.35746100544929504,1.0269004106521606,-2643.00048828125,15.0,15.0,,,
,45899,,,1411.1404418945312,,,,,,,,
,45899,,10.312557220458984,,,,,,,,,
12,45899,,,,0.6620861291885376,1.0385956764221191,-2586.999755859375,15.0,15.0,,,
,45949,,,1412.8503799438477,,,,,,,,
,45949,,2.2978782653808594,,,,,,,,,
12,45949,,,,-0.055770352482795715,1.0196733474731445,-2645.99951171875,15.0,15.0,,,
,45999,,,1416.6245460510254,,,,,,,,
,45999,,11.000394821166992,,,,,,,,,
12,45999,,,,-0.603070080280304,1.0185325145721436,-2545.0,15.0,15.0,,,
,46049,,,1421.7422008514404,,,,,,,,
,46049,,3.553628921508789,,,,,,,,,
12,46049,,,,0.8157860040664673,1.03093683719635,-2602.99951171875,15.0,15.0,,,
,46099,,,1712.8636837005615,,,,,,,,
,46099,,11.127948760986328,,,,,,,,,
12,46099,,,,-0.6431189179420471,1.021144151687622,-2500.000244140625,15.0,15.0,,,
,46149,,,1693.1626796722412,,,,,,,,
,46149,,2.471446990966797,,,,,,,,,
12,46149,,,,0.5966268181800842,1.020628809928894,-2333.0,15.0,15.0,,,
,46199,,,1695.7340240478516,,,,,,,,
,46199,,11.069774627685547,,,,,,,,,
12,46199,,,,-0.02617397904396057,1.0253721475601196,-2546.000244140625,15.0,15.0,,,
,46249,,,1409.834861755371,,,,,,,,
,46249,,2.3107528686523438,,,,,,,,,
12,46249,,,,0.5864906907081604,1.0324316024780273,-2631.999755859375,15.0,15.0,,,
,46299,,,627.8731822967529,,,,,,,,
,46299,,9.73963737487793,,,,,,,,,
12,46299,,,,-0.09794548153877258,1.0286407470703125,-1702.999755859375,10.0,10.0,,,
,46349,,,635.9326839447021,,,,,,,,
,46349,,1.01470947265625,,,,,,,,,
12,46349,,,,-0.049858689308166504,1.0153992176055908,-1564.0,10.0,10.0,,,
,46399,,,639.5349502563477,,,,,,,,
,46399,,10.07533073425293,,,,,,,,,
12,46399,,,,0.22346535325050354,1.014373779296875,-1659.0,10.0,10.0,,,
,46449,,,630.5725574493408,,,,,,,,
,46449,,0.9927749633789062,,,,,,,,,
12,46449,,,,-0.02511235699057579,1.0232329368591309,-1751.999755859375,10.0,10.0,,,
,46499,,,634.3593597412109,,,,,,,,
,46499,,9.702920913696289,,,,,,,,,
12,46499,,,,-0.17434944212436676,1.0257620811462402,-1705.0,10.0,10.0,,,
,46549,,,632.7884197235107,,,,,,,,
,46549,,0.9958744049072266,,,,,,,,,
12,46549,,,,0.14175653457641602,1.0227595567703247,-1799.000244140625,10.0,10.0,,,
,46599,,,641.0608291625977,,,,,,,,
,46599,,9.829044342041016,,,,,,,,,
12,46599,,,,-0.30707848072052,1.0290237665176392,-1731.0001220703125,10.0,10.0,,,
,46649,,,635.3774070739746,,,,,,,,
,46649,,1.0075569152832031,,,,,,,,,
12,46649,,,,-0.052505359053611755,1.0125259160995483,-1925.9998779296875,10.0,10.0,,,
,46699,,,774.4386196136475,,,,,,,,
,46699,,14.361381530761719,,,,,,,,,
12,46699,,,,-0.1309889405965805,1.0026521682739258,-1790.999755859375,10.0,10.0,,,
,46749,,,770.4267501831055,,,,,,,,
,46749,,4.038810729980469,,,,,,,,,
12,46749,,,,-0.1386364996433258,1.0071232318878174,-1753.9998779296875,10.0,10.0,,,
,46799,,,771.8594074249268,,,,,,,,
,46799,,15.84315299987793,,,,,,,,,
12,46799,,,,0.02192322164773941,1.0200226306915283,-1557.0001220703125,10.0,10.0,,,
,46849,,,768.5816287994385,,,,,,,,
,46849,,3.5767555236816406,,,,,,,,,
12,46849,,,,0.13819408416748047,1.000903844833374,-1697.0,10.0,10.0,,,
,46899,,,772.4666595458984,,,,,,,,
,46899,,18.30148696899414,,,,,,,,,
12,46899,,,,-2.4316017627716064,1.0,-1550.0,10.0,10.0,,,
,46949,,,635.6079578399658,,,,,,,,
,46949,,2.231597900390625,,,,,,,,,
12,46949,,,,-0.08689567446708679,1.0161770582199097,-1626.0001220703125,10.0,10.0,,,
,46999,,,635.2474689483643,,,,,,,,
,46999,,9.788751602172852,,,,,,,,,
12,46999,,,,-0.1188393384218216,1.0045180320739746,-1776.0,10.0,10.0,,,
,47049,,,664.6435260772705,,,,,,,,
,47049,,1.0008811950683594,,,,,,,,,
12,47049,,,,0.17487074434757233,1.0083324909210205,-1699.0001220703125,10.0,10.0,,,
,47099,,,633.014440536499,,,,,,,,
,47099,,10.123014450073242,,,,,,,,,
12,47099,,,,0.3635706901550293,1.0074008703231812,-1689.0,10.0,10.0,,,
,47149,,,633.9168548583984,,,,,,,,
,47149,,0.9832382202148438,,,,,,,,,
12,47149,,,,0.10333067178726196,1.003190279006958,-1723.9998779296875,10.0,10.0,,,
,47199,,,632.3537826538086,,,,,,,,
,47199,,9.44662094116211,,,,,,,,,
12,47199,,,,0.09648972749710083,1.0459288358688354,-1565.0001220703125,10.0,10.0,,,
,47249,,,639.8985385894775,,,,,,,,
,47249,,0.9937286376953125,,,,,,,,,
12,47249,,,,-0.03546074032783508,1.0061641931533813,-1715.0,10.0,10.0,,,
,47299,,,638.4069919586182,,,,,,,,
,47299,,9.705781936645508,,,,,,,,,
12,47299,,,,-0.0378098338842392,1.0114140510559082,-1772.9998779296875,10.0,10.0,,,
,47349,,,635.103702545166,,,,,,,,
,47349,,1.0509490966796875,,,,,,,,,
12,47349,,,,3.8322975635528564,1.0195674896240234,-1703.0,10.0,10.0,,,
,47399,,,635.7002258300781,,,,,,,,
,47399,,9.910106658935547,,,,,,,,,
12,47399,,,,0.07157009840011597,1.001394271850586,-1754.9998779296875,10.0,10.0,,,
,47449,,,642.6362991333008,,,,,,,,
,47449,,1.0974407196044922,,,,,,,,,
12,47449,,,,0.05918478965759277,1.0127856731414795,-1558.0,10.0,10.0,,,
,47499,,,648.4591960906982,,,,,,,,
,47499,,9.337425231933594,,,,,,,,,
12,47499,,,,-0.05481244623661041,1.0098360776901245,-1685.0,10.0,10.0,,,
,47549,,,2565.0103092193604,,,,,,,,
,47549,,3.725290298461914,,,,,,,,,
12,47549,,,,-0.2805395722389221,1.0362025499343872,-3473.000244140625,20.0,20.0,,,
,47599,,,2621.3111877441406,,,,,,,,
,47599,,10.302543640136719,,,,,,,,,
12,47599,,,,0.9547703266143799,1.0422847270965576,-3667.0,20.0,20.0,,,
,47649,,,2543.179512023926,,,,,,,,
,47649,,3.538846969604492,,,,,,,,,
12,47649,,,,0.07818340510129929,1.0654873847961426,-3186.0,20.0,20.0,,,
,47699,,,2597.177028656006,,,,,,,,
,47699,,11.723041534423828,,,,,,,,,
12,47699,,,,-0.5908339023590088,1.0441710948944092,-3415.000244140625,20.0,20.0,,,
,47749,,,2604.5103073120117,,,,,,,,
,47749,,1.5494823455810547,,,,,,,,,
12,47749,,,,0.26362138986587524,1.0303585529327393,-3381.00048828125,20.0,20.0,,,
,47799,,,2587.2106552124023,,,,,,,,
,47799,,11.658668518066406,,,,,,,,,
12,47799,,,,-0.3136764466762543,1.0320439338684082,-3598.999755859375,20.0,20.0,,,
,47849,,,2578.901767730713,,,,,,,,
,47849,,3.5858154296875,,,,,,,,,
12,47849,,,,-0.5556464791297913,1.048897624015808,-3406.000244140625,20.0,20.0,,,
,47899,,,2593.407392501831,,,,,,,,
,47899,,12.418746948242188,,,,,,,,,
12,47899,,,,-0.5121783018112183,1.018878698348999,-3396.999755859375,20.0,20.0,,,
,47949,,,2605.9787273406982,,,,,,,,
,47949,,3.574371337890625,,,,,,,,,
12,47949,,,,0.6214286684989929,1.0346972942352295,-3549.999755859375,20.0,20.0,,,
,47999,,,2602.632761001587,,,,,,,,
,47999,,12.43448257446289,,,,,,,,,
12,47999,,,,0.025673657655715942,1.0228917598724365,-3570.999755859375,20.0,20.0,,,
,48049,,,2600.48770904541,,,,,,,,
,48049,,3.4973621368408203,,,,,,,,,
12,48049,,,,0.6394942402839661,1.0688579082489014,-3509.999755859375,20.0,20.0,,,
,48099,,,2599.541664123535,,,,,,,,
,48099,,11.75832748413086,,,,,,,,,
12,48099,,,,-0.20087042450904846,1.0264720916748047,-3502.0,20.0,20.0,,,
,48149,,,2605.731964111328,,,,,,,,
,48149,,3.6563873291015625,,,,,,,,,
12,48149,,,,0.47465717792510986,1.056161880493164,-3270.999755859375,20.0,20.0,,,
,48199,,,2566.310405731201,,,,,,,,
,48199,,12.503862380981445,,,,,,,,,
12,48199,,,,0.933843731880188,1.0424120426177979,-3392.000244140625,20.0,20.0,,,
,48249,,,2563.711643218994,,,,,,,,
,48249,,3.7355422973632812,,,,,,,,,
12,48249,,,,0.6003543138504028,1.0296759605407715,-3523.999755859375,20.0,20.0,,,
,48299,,,2599.45011138916,,,,,,,,
,48299,,11.84988021850586,,,,,,,,,
12,48299,,,,-0.07264228165149689,1.0630083084106445,-3635.000244140625,20.0,20.0,,,
,48349,,,2546.400547027588,,,,,,,,
,48349,,3.562450408935547,,,,,,,,,
12,48349,,,,-0.032281048595905304,1.0196011066436768,-3559.999755859375,20.0,20.0,,,
,48399,,,3072.4542140960693,,,,,,,,
,48399,,11.929988861083984,,,,,,,,,
12,48399,,,,-0.6953952312469482,1.0466928482055664,-3418.0,20.0,20.0,,,
,48449,,,2550.149440765381,,,,,,,,
,48449,,3.3118724822998047,,,,,,,,,
12,48449,,,,-0.2807919979095459,1.0439800024032593,-3525.0,20.0,20.0,,,
,48499,,,2543.336868286133,,,,,,,,
,48499,,12.22538948059082,,,,,,,,,
12,48499,,,,9.484192848205566,1.0178533792495728,-3528.0,20.0,20.0,,,
,48549,,,2559.4425201416016,,,,,,,,
,48549,,1.5316009521484375,,,,,,,,,
12,48549,,,,-0.222029447555542,1.0230355262756348,-3336.000244140625,20.0,20.0,,,
,48599,,,2593.6801433563232,,,,,,,,
,48599,,12.35818862915039,,,,,,,,,
12,48599,,,,-0.15057197213172913,1.0252526998519897,-3428.99951171875,20.0,20.0,,,
,48649,,,2590.3608798980713,,,,,,,,
,48649,,3.533601760864258,,,,,,,,,
12,48649,,,,0.4086075723171234,1.033969521522522,-3416.000244140625,20.0,20.0,,,
,48699,,,2578.484535217285,,,,,,,,
,48699,,11.700630187988281,,,,,,,,,
12,48699,,,,-0.6265367865562439,1.0364654064178467,-3340.99951171875,20.0,20.0,,,
,48749,,,3049.121141433716,,,,,,,,
,48749,,3.8156509399414062,,,,,,,,,
12,48749,,,,0.024843424558639526,1.035224437713623,-3538.0,20.0,20.0,,,
12,48749,,,,,,,,,11.401947021484375,2722.965087890625,-2722.965087890625
,48750,6284.845568656921,,,,,,,,,,
,48799,,,630.7754516601562,,,,,,,,
,48799,,9.88006591796875,,,,,,,,,
13,48799,,,,0.0,1.0,-1734.0,10.0,10.0,,,
,48849,,,632.4024200439453,,,,,,,,
,48849,,0.9768009185791016,,,,,,,,,
13,48849,,,,-0.057300686836242676,1.010013222694397,-1760.0,10.0,10.0,,,
,48899,,,636.0921859741211,,,,,,,,
,48899,,9.250402450561523,,,,,,,,,
13,48899,,,,-0.06268332898616791,1.0068974494934082,-1731.9998779296875,10.0,10.0,,,
,48949,,,627.9218196868896,,,,,,,,
,48949,,0.9930133819580078,,,,,,,,,
13,48949,,,,-0.17417393624782562,1.0034613609313965,-1587.9998779296875,10.0,10.0,,,
,48999,,,637.5465393066406,,,,,,,,
,48999,,9.705305099487305,,,,,,,,,
13,48999,,,,0.2085951268672943,1.0179195404052734,-1588.9998779296875,10.0,10.0,,,
,49049,,,778.3477306365967,,,,,,,,
,49049,,3.8716793060302734,,,,,,,,,
13,49049,,,,0.15484818816184998,1.0209457874298096,-1686.9998779296875,10.0,10.0,,,
,49099,,,768.017053604126,,,,,,,,
,49099,,15.798091888427734,,,,,,,,,
13,49099,,,,0.43618243932724,1.0203368663787842,-1769.9998779296875,10.0,10.0,,,
,49149,,,631.4775943756104,,,,,,,,
,49149,,2.8934478759765625,,,,,,,,,
13,49149,,,,0.1983831226825714,1.0398979187011719,-1720.0,10.0,10.0,,,
,49199,,,635.2653503417969,,,,,,,,
,49199,,9.6588134765625,,,,,,,,,
13,49199,,,,0.9875466227531433,1.001173734664917,-1820.0,10.0,10.0,,,
,49249,,,636.7936134338379,,,,,,,,
,49249,,0.9908676147460938,,,,,,,,,
13,49249,,,,0.3716111183166504,1.0217280387878418,-1717.0,10.0,10.0,,,
,49299,,,638.4124755859375,,,,,,,,
,49299,,9.787559509277344,,,,,,,,,
13,49299,,,,0.044385433197021484,1.0063962936401367,-1734.9998779296875,10.0,10.0,,,
,49349,,,679.659366607666,,,,,,,,
,49349,,0.9589195251464844,,,,,,,,,
13,49349,,,,-0.34984663128852844,1.0267391204833984,-1616.0001220703125,10.0,10.0,,,
,49399,,,760.7870101928711,,,,,,,,
,49399,,10.031461715698242,,,,,,,,,
13,49399,,,,-0.2041792869567871,1.012610912322998,-1795.0,10.0,10.0,,,
,49449,,,645.3452110290527,,,,,,,,
,49449,,0.9942054748535156,,,,,,,,,
13,49449,,,,0.016602180898189545,1.020782232284546,-1717.9998779296875,10.0,10.0,,,
,49499,,,640.9401893615723,,,,,,,,
,49499,,9.858131408691406,,,,,,,,,
13,49499,,,,-0.2857978641986847,1.0198278427124023,-1665.0001220703125,10.0,10.0,,,
,49549,,,673.1476783752441,,,,,,,,
,49549,,0.9741783142089844,,,,,,,,,
13,49549,,,,0.11357203125953674,1.0060869455337524,-1713.0001220703125,10.0,10.0,,,
,49599,,,635.2994441986084,,,,,,,,
,49599,,9.366512298583984,,,,,,,,,
13,49599,,,,0.274924099445343,1.0048046112060547,-1748.0,10.0,10.0,,,
,49649,,,636.0280513763428,,,,,,,,
,49649,,0.9570121765136719,,,,,,,,,
13,49649,,,,-0.22382238507270813,1.0217148065567017,-1623.0,10.0,10.0,,,
,49699,,,643.0034637451172,,,,,,,,
,49699,,9.617090225219727,,,,,,,,,
13,49699,,,,-0.08023422956466675,1.0237181186676025,-1690.0001220703125,10.0,10.0,,,
,49749,,,775.4735946655273,,,,,,,,
,49749,,1.1394023895263672,,,,,,,,,
13,49749,,,,0.0,1.0,-1921.0,10.0,10.0,,,
,49799,,,633.7482929229736,,,,,,,,
,49799,,9.836673736572266,,,,,,,,,
13,49799,,,,0.3732893764972687,1.0456485748291016,-1777.0,10.0,10.0,,,
,49849,,,639.0748023986816,,,,,,,,
,49849,,0.9930133819580078,,,,,,,,,
13,49849,,,,-0.4758231043815613,1.028162956237793,-1735.0001220703125,10.0,10.0,,,
,49899,,,647.9086875915527,,,,,,,,
,49899,,9.693145751953125,,,,,,,,,
13,49899,,,,0.31075724959373474,1.0154792070388794,-1770.0,10.0,10.0,,,
,49949,,,642.4555778503418,,,,,,,,
,49949,,0.9834766387939453,,,,,,,,,
13,49949,,,,0.1454419195652008,1.00160813331604,-1710.0,10.0,10.0,,,
,49999,,,671.7953681945801,,,,,,,,
,49999,,9.750604629516602,,,,,,,,,
13,49999,,,,0.4413706958293915,1.029533863067627,-1806.0001220703125,10.0,10.0,,,
,50049,,,1423.720359802246,,,,,,,,
,50049,,2.2568702697753906,,,,,,,,,
13,50049,,,,0.12460742145776749,1.031794548034668,-2656.999755859375,15.0,15.0,,,
,50099,,,1424.985647201538,,,,,,,,
,50099,,10.280132293701172,,,,,,,,,
13,50099,,,,0.1854560673236847,1.0327990055084229,-2523.999755859375,15.0,15.0,,,
,50149,,,1422.9624271392822,,,,,,,,
,50149,,2.2454261779785156,,,,,,,,,
13,50149,,,,-0.2716082036495209,1.0104591846466064,-2582.0,15.0,15.0,,,
,50199,,,1417.6115989685059,,,,,,,,
,50199,,10.203361511230469,,,,,,,,,
13,50199,,,,0.21872836351394653,1.0098814964294434,-2757.0,15.0,15.0,,,
,50249,,,1428.086280822754,,,,,,,,
,50249,,2.5424957275390625,,,,,,,,,
13,50249,,,,-0.3225134611129761,1.0160424709320068,-2667.0,15.0,15.0,,,
,50299,,,1432.8670501708984,,,,,,,,
,50299,,10.422468185424805,,,,,,,,,
13,50299,,,,0.20505134761333466,1.0178686380386353,-2689.0,15.0,15.0,,,
,50349,,,1423.811674118042,,,,,,,,
,50349,,2.3679733276367188,,,,,,,,,
13,50349,,,,0.4953197240829468,1.0319902896881104,-2627.0,15.0,15.0,,,
,50399,,,1428.4577369689941,,,,,,,,
,50399,,10.471343994140625,,,,,,,,,
13,50399,,,,0.5390644073486328,1.0207829475402832,-2550.0,15.0,15.0,,,
,50449,,,1424.3133068084717,,,,,,,,
,50449,,2.7036666870117188,,,,,,,,,
13,50449,,,,-0.594967246055603,1.0339535474777222,-2652.0,15.0,15.0,,,
,50499,,,1421.7610359191895,,,,,,,,
,50499,,10.89167594909668,,,,,,,,,
13,50499,,,,0.20874853432178497,1.030747890472412,-2417.0,15.0,15.0,,,
,50549,,,1705.5869102478027,,,,,,,,
,50549,,2.457141876220703,,,,,,,,,
13,50549,,,,0.5538425445556641,1.0355244874954224,-2582.999755859375,15.0,15.0,,,
,50599,,,1417.7772998809814,,,,,,,,
,50599,,10.297536849975586,,,,,,,,,
13,50599,,,,0.30094537138938904,1.0152219533920288,-2712.0,15.0,15.0,,,
,50649,,,1413.210153579712,,,,,,,,
,50649,,2.206563949584961,,,,,,,,,
13,50649,,,,-0.4635070264339447,1.031386137008667,-2457.0,15.0,15.0,,,
,50699,,,1955.5599689483643,,,,,,,,
,50699,,10.446310043334961,,,,,,,,,
13,50699,,,,0.1129981279373169,1.0265474319458008,-2498.000244140625,15.0,15.0,,,
,50749,,,1427.9627799987793,,,,,,,,
,50749,,2.2966861724853516,,,,,,,,,
13,50749,,,,0.13699376583099365,1.02117919921875,-2464.000244140625,15.0,15.0,,,
,50799,,,1463.1860256195068,,,,,,,,
,50799,,10.455608367919922,,,,,,,,,
13,50799,,,,0.2245061993598938,1.0425413846969604,-2429.999755859375,15.0,15.0,,,
,50849,,,1458.364725112915,,,,,,,,
,50849,,2.218484878540039,,,,,,,,,
13,50849,,,,-0.28733476996421814,1.0305235385894775,-2669.999755859375,15.0,15.0,,,
,50899,,,1429.3608665466309,,,,,,,,
,50899,,10.30421257019043,,,,,,,,,
13,50899,,,,0.03894442319869995,1.0153260231018066,-2484.0,15.0,15.0,,,
,50949,,,1419.8825359344482,,,,,,,,
,50949,,2.2497177124023438,,,,,,,,,
13,50949,,,,0.23882558941841125,1.0210155248641968,-2538.0,15.0,15.0,,,
,50999,,,1416.623830795288,,,,,,,,
,50999,,16.3421630859375,,,,,,,,,
13,50999,,,,-0.2862248420715332,1.0178256034851074,-2618.00048828125,15.0,15.0,,,
,51049,,,1420.182466506958,,,,,,,,
,51049,,3.979206085205078,,,,,,,,,
13,51049,,,,0.2583811283111572,1.0576295852661133,-2643.999755859375,15.0,15.0,,,
,51099,,,1406.1930179595947,,,,,,,,
,51099,,10.622739791870117,,,,,,,,,
13,51099,,,,-0.031775668263435364,1.032839298248291,-2643.000244140625,15.0,15.0,,,
,51149,,,1701.3297080993652,,,,,,,,
,51149,,2.4557113647460938,,,,,,,,,
13,51149,,,,-0.19642731547355652,1.0106579065322876,-2588.000244140625,15.0,15.0,,,
,51199,,,1716.2971496582031,,,,,,,,
,51199,,12.501239776611328,,,,,,,,,
13,51199,,,,-0.24260213971138,1.0334655046463013,-2571.0,15.0,15.0,,,
,51249,,,1420.5729961395264,,,,,,,,
,51249,,2.3071765899658203,,,,,,,,,
13,51249,,,,0.10177119821310043,1.0295963287353516,-2624.99951171875,15.0,15.0,,,
,51299,,,2563.0669593811035,,,,,,,,
,51299,,9.803295135498047,,,,,,,,,
13,51299,,,,-0.0630936324596405,1.0682084560394287,-3447.999755859375,20.0,20.0,,,
,51349,,,2560.020923614502,,,,,,,,
,51349,,3.514528274536133,,,,,,,,,
13,51349,,,,0.683739185333252,1.037828803062439,-3441.00048828125,20.0,20.0,,,
,51399,,,2584.0890407562256,,,,,,,,
,51399,,12.391328811645508,,,,,,,,,
13,51399,,,,-0.7102782726287842,1.0539674758911133,-3431.99951171875,20.0,20.0,,,
,51449,,,3103.238582611084,,,,,,,,
,51449,,3.734588623046875,,,,,,,,,
13,51449,,,,-0.08810752630233765,1.0509419441223145,-3350.00048828125,20.0,20.0,,,
,51499,,,3100.2864837646484,,,,,,,,
,51499,,12.494802474975586,,,,,,,,,
13,51499,,,,0.4813222885131836,1.0319901704788208,-3415.99951171875,20.0,20.0,,,
,51549,,,3067.8179264068604,,,,,,,,
,51549,,3.709554672241211,,,,,,,,,
13,51549,,,,-0.5849311351776123,1.0396400690078735,-3479.0,20.0,20.0,,,
,51599,,,3092.714786529541,,,,,,,,
,51599,,12.057065963745117,,,,,,,,,
13,51599,,,,0.4531846344470978,1.0397132635116577,-3368.0,20.0,20.0,,,
,51649,,,3618.083715438843,,,,,,,,
,51649,,3.9124488830566406,,,,,,,,,
13,51649,,,,-0.14096328616142273,1.0278711318969727,-3528.0,20.0,20.0,,,
,51699,,,3096.8093872070312,,,,,,,,
,51699,,12.50147819519043,,,,,,,,,
13,51699,,,,0.638067364692688,1.0379414558410645,-3486.0,20.0,20.0,,,
,51749,,,3096.3151454925537,,,,,,,,
,51749,,1.7709732055664062,,,,,,,,,
13,51749,,,,-0.09528368711471558,1.0236692428588867,-3393.0,20.0,20.0,,,
,51799,,,3092.0443534851074,,,,,,,,
,51799,,12.610673904418945,,,,,,,,,
13,51799,,,,-0.24756652116775513,1.0306944847106934,-3230.0,20.0,20.0,,,
,51849,,,3091.428518295288,,,,,,,,
,51849,,3.7343502044677734,,,,,,,,,
13,51849,,,,0.129122793674469,1.037989854812622,-3415.000244140625,20.0,20.0,,,
,51899,,,3095.612049102783,,,,,,,,
,51899,,11.909723281860352,,,,,,,,,
13,51899,,,,-0.16473239660263062,1.0386922359466553,-3356.999755859375,20.0,20.0,,,
,51949,,,3108.5057258605957,,,,,,,,
,51949,,4.812002182006836,,,,,,,,,
13,51949,,,,1.5450705289840698,1.0584394931793213,-3316.000244140625,20.0,20.0,,,
,51999,,,3110.5546951293945,,,,,,,,
,51999,,10.485172271728516,,,,,,,,,
13,51999,,,,-0.07765340805053711,1.0221683979034424,-3534.000244140625,20.0,20.0,,,
,52049,,,3102.51784324646,,,,,,,,
,52049,,3.7174224853515625,,,,,,,,,
13,52049,,,,0.6831151843070984,1.0327658653259277,-3549.000244140625,20.0,20.0,,,
,52099,,,2582.5154781341553,,,,,,,,
,52099,,12.1612548828125,,,,,,,,,
13,52099,,,,-0.2387264370918274,1.02963125705719,-3572.00048828125,20.0,20.0,,,
,52149,,,2565.0949478149414,,,,,,,,
,52149,,8.697032928466797,,,,,,,,,
13,52149,,,,-0.07332970201969147,1.0250511169433594,-3477.00048828125,20.0,20.0,,,
,52199,,,3073.0981826782227,,,,,,,,
,52199,,12.147903442382812,,,,,,,,,
13,52199,,,,0.07422658801078796,1.0334382057189941,-3517.999755859375,20.0,20.0,,,
,52249,,,2547.618865966797,,,,,,,,
,52249,,3.6878585815429688,,,,,,,,,
13,52249,,,,0.7255877256393433,1.0214279890060425,-3409.0,20.0,20.0,,,
,52299,,,2612.4279499053955,,,,,,,,
,52299,,12.136697769165039,,,,,,,,,
13,52299,,,,0.6001096367835999,1.0282177925109863,-3533.0,20.0,20.0,,,
,52349,,,2552.973985671997,,,,,,,,
,52349,,3.5343170166015625,,,,,,,,,
13,52349,,,,-0.18517117202281952,1.0482975244522095,-3365.0,20.0,20.0,,,
,52399,,,2582.2367668151855,,,,,,,,
,52399,,11.78288459777832,,,,,,,,,
13,52399,,,,0.9446505308151245,1.0373852252960205,-3537.000244140625,20.0,20.0,,,
,52449,,,2590.444564819336,,,,,,,,
,52449,,3.5190582275390625,,,,,,,,,
13,52449,,,,-0.0731438398361206,1.0304601192474365,-3388.0,20.0,20.0,,,
,52499,,,2545.5057621002197,,,,,,,,
,52499,,10.231971740722656,,,,,,,,,
13,52499,,,,0.35356080532073975,1.0323748588562012,-3383.00048828125,20.0,20.0,,,
13,52499,,,,,,,,,11.35627269744873,2722.056640625,-2722.056640625
,52500,6562.229891300201,,,,,,,,,,
,52549,,,2582.0202827453613,,,,,,,,
,52549,,3.643512725830078,,,,,,,,,
14,52549,,,,0.6504035592079163,1.0450232028961182,-3515.0,20.0,20.0,,,
,52599,,,2547.194004058838,,,,,,,,
,52599,,12.334585189819336,,,,,,,,,
14,52599,,,,0.5313712358474731,1.0589218139648438,-3483.000244140625,20.0,20.0,,,
,52649,,,2604.1455268859863,,,,,,,,
,52649,,3.5533905029296875,,,,,,,,,
14,52649,,,,0.30805930495262146,1.0336610078811646,-3450.0,20.0,20.0,,,
,52699,,,2774.644136428833,,,,,,,,
,52699,,12.000799179077148,,,,,,,,,
14,52699,,,,2.4628446102142334,1.039536476135254,-3557.000244140625,20.0,20.0,,,
,52749,,,2745.371103286743,,,,,,,,
,52749,,3.4139156341552734,,,,,,,,,
14,52749,,,,1.0822864770889282,1.037405014038086,-3472.000244140625,20.0,20.0,,,
,52799,,,2812.608242034912,,,,,,,,
,52799,,12.294530868530273,,,,,,,,,
14,52799,,,,3.307255983352661,1.0190486907958984,-3453.00048828125,20.0,20.0,,,
,52849,,,2829.3514251708984,,,,,,,,
,52849,,3.6177635192871094,,,,,,,,,
14,52849,,,,-0.7059097290039062,1.0476152896881104,-3253.0,20.0,20.0,,,
,52899,,,2826.9050121307373,,,,,,,,
,52899,,11.83772087097168,,,,,,,,,
14,52899,,,,-0.02377745509147644,1.036153793334961,-3406.999755859375,20.0,20.0,,,
,52949,,,2820.946216583252,,,,,,,,
,52949,,3.620147705078125,,,,,,,,,
14,52949,,,,0.02097412943840027,1.0333621501922607,-3466.0,20.0,20.0,,,
,52999,,,3131.688356399536,,,,,,,,
,52999,,11.930227279663086,,,,,,,,,
14,52999,,,,0.37489718198776245,1.0443860292434692,-3479.999755859375,20.0,20.0,,,
,53049,,,3597.6860523223877,,,,,,,,
,53049,,3.858327865600586,,,,,,,,,
14,53049,,,,0.6962419748306274,1.0453417301177979,-3516.999267578125,20.0,20.0,,,
,53099,,,3093.4088230133057,,,,,,,,
,53099,,12.568235397338867,,,,,,,,,
14,53099,,,,0.26211148500442505,1.0218452215194702,-3428.999755859375,20.0,20.0,,,
,53149,,,3090.6503200531006,,,,,,,,
,53149,,3.7314891815185547,,,,,,,,,
14,53149,,,,0.03981390595436096,1.0225671529769897,-3439.000244140625,20.0,20.0,,,
,53199,,,3103.654623031616,,,,,,,,
,53199,,12.245893478393555,,,,,,,,,
14,53199,,,,0.6313425302505493,1.0451515913009644,-3421.000244140625,20.0,20.0,,,
,53249,,,3105.325222015381,,,,,,,,
,53249,,3.728628158569336,,,,,,,,,
14,53249,,,,0.21107079088687897,1.0435965061187744,-3501.000244140625,20.0,20.0,,,
,53299,,,2581.4037322998047,,,,,,,,
,53299,,11.748790740966797,,,,,,,,,
14,53299,,,,0.41163501143455505,1.0247278213500977,-3576.000244140625,20.0,20.0,,,
,53349,,,2588.634729385376,,,,,,,,
,53349,,3.625154495239258,,,,,,,,,
14,53349,,,,0.034280046820640564,1.0300304889678955,-3370.00048828125,20.0,20.0,,,
,53399,,,2556.8294525146484,,,,,,,,
,53399,,12.343645095825195,,,,,,,,,
14,53399,,,,-0.392874538898468,1.0224699974060059,-3352.0,20.0,20.0,,,
,53449,,,2573.963403701782,,,,,,,,
,53449,,8.846759796142578,,,,,,,,,
14,53449,,,,-0.2794315218925476,1.019458293914795,-3500.99951171875,20.0,20.0,,,
,53499,,,2524.8804092407227,,,,,,,,
,53499,,12.306451797485352,,,,,,,,,
14,53499,,,,0.11525940895080566,1.0383656024932861,-3426.99951171875,20.0,20.0,,,
,53549,,,2564.1744136810303,,,,,,,,
,53549,,3.570556640625,,,,,,,,,
14,53549,,,,0.5395384430885315,1.0447111129760742,-3335.000244140625,20.0,20.0,,,
,53599,,,2593.6954021453857,,,,,,,,
,53599,,11.800289154052734,,,,,,,,,
14,53599,,,,-0.14978466928005219,1.0357425212860107,-3357.999755859375,20.0,20.0,,,
,53649,,,2553.6019802093506,,,,,,,,
,53649,,3.5560131072998047,,,,,,,,,
14,53649,,,,0.2171536386013031,1.0402287244796753,-3336.999755859375,20.0,20.0,,,
,53699,,,3092.681884765625,,,,,,,,
,53699,,12.547492980957031,,,,,,,,,
14,53699,,,,-0.8377400636672974,1.0413459539413452,-3415.99951171875,20.0,20.0,,,
,53749,,,3062.216281890869,,,,,,,,
,53749,,3.7271976470947266,,,,,,,,,
14,53749,,,,-0.37776991724967957,1.0222551822662354,-3663.000244140625,20.0,20.0,,,
,53799,,,1695.5344676971436,,,,,,,,
,53799,,10.449409484863281,,,,,,,,,
14,53799,,,,0.5025573968887329,1.0338945388793945,-2678.0,15.0,15.0,,,
,53849,,,1418.7750816345215,,,,,,,,
,53849,,5.246162414550781,,,,,,,,,
14,53849,,,,0.07608887553215027,1.0286822319030762,-2635.000244140625,15.0,15.0,,,
,53899,,,1421.4165210723877,,,,,,,,
,53899,,13.074159622192383,,,,,,,,,
14,53899,,,,0.2427079826593399,1.0255436897277832,-2652.0,15.0,15.0,,,
,53949,,,1415.1620864868164,,,,,,,,
,53949,,2.2971630096435547,,,,,,,,,
14,53949,,,,-0.21420833468437195,1.010580062866211,-2548.0,15.0,15.0,,,
,53999,,,1419.6836948394775,,,,,,,,
,53999,,10.885477066040039,,,,,,,,,
14,53999,,,,0.07368108630180359,1.021754503250122,-2564.99951171875,15.0,15.0,,,
,54049,,,1709.627628326416,,,,,,,,
,54049,,2.7625560760498047,,,,,,,,,
14,54049,,,,0.7913098335266113,1.0445150136947632,-2684.000244140625,15.0,15.0,,,
,54099,,,1946.2356567382812,,,,,,,,
,54099,,12.729167938232422,,,,,,,,,
14,54099,,,,-0.7461874485015869,1.0382845401763916,-2670.000244140625,15.0,15.0,,,
,54149,,,1436.5131855010986,,,,,,,,
,54149,,2.306222915649414,,,,,,,,,
14,54149,,,,0.3675743043422699,1.0332486629486084,-2554.0,15.0,15.0,,,
,54199,,,1694.0205097198486,,,,,,,,
,54199,,17.30203628540039,,,,,,,,,
14,54199,,,,0.34858226776123047,1.010519027709961,-2589.0,15.0,15.0,,,
,54249,,,1424.180269241333,,,,,,,,
,54249,,2.323627471923828,,,,,,,,,
14,54249,,,,0.1539892554283142,1.037423849105835,-2586.0,15.0,15.0,,,
,54299,,,1419.9848175048828,,,,,,,,
,54299,,10.357141494750977,,,,,,,,,
14,54299,,,,-0.019714269787073135,1.0239441394805908,-2522.000244140625,15.0,15.0,,,
,54349,,,1424.3049621582031,,,,,,,,
,54349,,2.3031234741210938,,,,,,,,,
14,54349,,,,0.2659250497817993,1.0184693336486816,-2512.000244140625,15.0,15.0,,,
,54399,,,1428.170919418335,,,,,,,,
,54399,,13.747215270996094,,,,,,,,,
14,54399,,,,0.37998679280281067,1.0206329822540283,-2526.999755859375,15.0,15.0,,,
,54449,,,1425.8685111999512,,,,,,,,
,54449,,7.022857666015625,,,,,,,,,
14,54449,,,,-0.024506524205207825,1.046555519104004,-2619.000244140625,15.0,15.0,,,
,54499,,,1426.2070655822754,,,,,,,,
,54499,,10.475397109985352,,,,,,,,,
14,54499,,,,0.2544736862182617,1.0063055753707886,-2583.0,15.0,15.0,,,
,54549,,,1422.426700592041,,,,,,,,
,54549,,2.290487289428711,,,,,,,,,
14,54549,,,,-0.3142893314361572,1.0263822078704834,-2698.0,15.0,15.0,,,
,54599,,,1414.8588180541992,,,,,,,,
,54599,,10.319948196411133,,,,,,,,,
14,54599,,,,0.455284982919693,1.0246365070343018,-2492.0,15.0,15.0,,,
,54649,,,1704.698085784912,,,,,,,,
,54649,,2.5701522827148438,,,,,,,,,
14,54649,,,,-0.256051629781723,1.0338057279586792,-2525.0,15.0,15.0,,,
,54699,,,1720.093011856079,,,,,,,,
,54699,,11.144399642944336,,,,,,,,,
14,54699,,,,0.22396884858608246,1.0227293968200684,-2642.0,15.0,15.0,,,
,54749,,,1416.269063949585,,,,,,,,
,54749,,2.2513866424560547,,,,,,,,,
14,54749,,,,-0.07954740524291992,1.0246591567993164,-2531.000244140625,15.0,15.0,,,
,54799,,,1713.3703231811523,,,,,,,,
,54799,,14.323234558105469,,,,,,,,,
14,54799,,,,0.04830428957939148,1.0238597393035889,-2726.0,15.0,15.0,,,
,54849,,,1712.200403213501,,,,,,,,
,54849,,2.954244613647461,,,,,,,,,
14,54849,,,,-0.020149439573287964,1.0116090774536133,-2569.0,15.0,15.0,,,
,54899,,,1402.9569625854492,,,,,,,,
,54899,,10.786056518554688,,,,,,,,,
14,54899,,,,-0.6658160090446472,1.0082179307937622,-2574.0,15.0,15.0,,,
,54949,,,1415.398359298706,,,,,,,,
,54949,,2.2559165954589844,,,,,,,,,
14,54949,,,,0.08777572214603424,1.0466387271881104,-2518.0,15.0,15.0,,,
,54999,,,1411.8549823760986,,,,,,,,
,54999,,14.899015426635742,,,,,,,,,
14,54999,,,,0.08800515532493591,1.0299543142318726,-2722.999755859375,15.0,15.0,,,
,55049,,,770.9634304046631,,,,,,,,
,55049,,1.184225082397461,,,,,,,,,
14,55049,,,,-0.07994697242975235,1.0248342752456665,-1699.0,10.0,10.0,,,
,55099,,,788.8972759246826,,,,,,,,
,55099,,16.019582748413086,,,,,,,,,
14,55099,,,,0.0,1.0,-1726.0,10.0,10.0,,,
,55149,,,772.6428508758545,,,,,,,,
,55149,,1.1801719665527344,,,,,,,,,
14,55149,,,,-0.3950690031051636,1.0,-1660.9998779296875,10.0,10.0,,,
,55199,,,766.7050361633301,,,,,,,,
,55199,,10.17618179321289,,,,,,,,,
14,55199,,,,-0.1360400915145874,1.0086060762405396,-1771.9998779296875,10.0,10.0,,,
,55249,,,769.4375514984131,,,,,,,,
,55249,,3.877401351928711,,,,,,,,,
14,55249,,,,-0.6227588653564453,1.007615089416504,-1543.0001220703125,10.0,10.0,,,
,55299,,,771.2352275848389,,,,,,,,
,55299,,10.066032409667969,,,,,,,,,
14,55299,,,,0.38459599018096924,1.026707649230957,-1738.0,10.0,10.0,,,
,55349,,,629.929780960083,,,,,,,,
,55349,,3.376007080078125,,,,,,,,,
14,55349,,,,-0.037797532975673676,1.0196900367736816,-1731.0001220703125,10.0,10.0,,,
,55399,,,763.3178234100342,,,,,,,,
,55399,,10.059595108032227,,,,,,,,,
14,55399,,,,0.05125604569911957,1.0035297870635986,-1629.0001220703125,10.0,10.0,,,
,55449,,,770.4203128814697,,,,,,,,
,55449,,3.930807113647461,,,,,,,,,
14,55449,,,,0.32056093215942383,1.0105340480804443,-1685.0001220703125,10.0,10.0,,,
,55499,,,760.2927684783936,,,,,,,,
,55499,,9.42087173461914,,,,,,,,,
14,55499,,,,0.29615309834480286,1.00421142578125,-1683.0001220703125,10.0,10.0,,,
,55549,,,773.8664150238037,,,,,,,,
,55549,,3.565549850463867,,,,,,,,,
14,55549,,,,0.04781092703342438,1.0187299251556396,-1717.999755859375,10.0,10.0,,,
,55599,,,769.9363231658936,,,,,,,,
,55599,,10.056257247924805,,,,,,,,,
14,55599,,,,0.015580356121063232,1.0139235258102417,-1699.0001220703125,10.0,10.0,,,
,55649,,,765.6304836273193,,,,,,,,
,55649,,1.1425018310546875,,,,,,,,,
14,55649,,,,-0.3380340337753296,1.012152075767517,-1713.9998779296875,10.0,10.0,,,
,55699,,,778.6672115325928,,,,,,,,
,55699,,17.04239845275879,,,,,,,,,
14,55699,,,,0.0,1.0,-1862.0001220703125,10.0,10.0,,,
,55749,,,766.7570114135742,,,,,,,,
,55749,,3.713369369506836,,,,,,,,,
14,55749,,,,0.10163934528827667,1.0188472270965576,-1774.0,10.0,10.0,,,
,55799,,,762.4979019165039,,,,,,,,
,55799,,17.930269241333008,,,,,,,,,
14,55799,,,,-0.09683649241924286,1.008259892463684,-1689.0,10.0,10.0,,,
,55849,,,637.7966403961182,,,,,,,,
,55849,,1.010894775390625,,,,,,,,,
14,55849,,,,-0.29717662930488586,1.0198599100112915,-1680.0,10.0,10.0,,,
,55899,,,635.836124420166,,,,,,,,
,55899,,9.2010498046875,,,,,,,,,
14,55899,,,,0.06499315053224564,1.011914610862732,-1821.0,10.0,10.0,,,
,55949,,,638.8671398162842,,,,,,,,
,55949,,1.009225845336914,,,,,,,,,
14,55949,,,,-0.2847711443901062,1.0322420597076416,-1559.0,10.0,10.0,,,
,55999,,,633.2061290740967,,,,,,,,
,55999,,17.8987979888916,,,,,,,,,
14,55999,,,,-0.09076423197984695,1.01766037940979,-1704.9998779296875,10.0,10.0,,,
,56049,,,647.6750373840332,,,,,,,,
,56049,,0.98419189453125,,,,,,,,,
14,56049,,,,0.18045520782470703,1.0147289037704468,-1666.0,10.0,10.0,,,
,56099,,,644.2782878875732,,,,,,,,
,56099,,9.184837341308594,,,,,,,,,
14,56099,,,,-0.5579292178153992,1.0189183950424194,-1536.0,10.0,10.0,,,
,56149,,,648.038387298584,,,,,,,,
,56149,,1.0344982147216797,,,,,,,,,
14,56149,,,,-4.289505958557129,1.0074090957641602,-1620.9998779296875,10.0,10.0,,,
,56199,,,678.2197952270508,,,,,,,,
,56199,,9.21487808227539,,,,,,,,,
14,56199,,,,-0.19014540314674377,1.0167032480239868,-1377.0,10.0,10.0,,,
,56249,,,762.3801231384277,,,,,,,,
,56249,,1.2595653533935547,,,,,,,,,
14,56249,,,,0.013831697404384613,1.0223262310028076,-1753.9998779296875,10.0,10.0,,,
14,56249,,,,,,,,,11.603108406066895,2727.530029296875,-2727.530029296875
,56250,6635.539306402206,,,,,,,,,,
,56299,,,2549.471139907837,,,,,,,,
,56299,,12.300729751586914,,,,,,,,,
15,56299,,,,1.0490951538085938,1.0228917598724365,-3409.00048828125,20.0,20.0,,,
,56349,,,2601.9210815429688,,,,,,,,
,56349,,3.4177303314208984,,,,,,,,,
15,56349,,,,-0.6356762051582336,1.0434203147888184,-3313.0,20.0,20.0,,,
,56399,,,2544.4495677948,,,,,,,,
,56399,,11.71731948852539,,,,,,,,,
15,56399,,,,-0.31476783752441406,1.0272361040115356,-3610.0,20.0,20.0,,,
,56449,,,2567.131280899048,,,,,,,,
,56449,,3.720521926879883,,,,,,,,,
15,56449,,,,0.2525571584701538,1.029212236404419,-3361.99951171875,20.0,20.0,,,
,56499,,,2551.500082015991,,,,,,,,
,56499,,10.402441024780273,,,,,,,,,
15,56499,,,,-0.16471979022026062,1.0346325635910034,-3412.999755859375,20.0,20.0,,,
,56549,,,2568.732738494873,,,,,,,,
,56549,,3.7767887115478516,,,,,,,,,
15,56549,,,,0.030617818236351013,1.0369250774383545,-3394.0,20.0,20.0,,,
,56599,,,3095.98445892334,,,,,,,,
,56599,,11.959075927734375,,,,,,,,,
15,56599,,,,-0.14572778344154358,1.048529028892517,-3380.999755859375,20.0,20.0,,,
,56649,,,3099.392890930176,,,,,,,,
,56649,,3.7603378295898438,,,,,,,,,
15,56649,,,,-0.27899178862571716,1.0240938663482666,-3407.999755859375,20.0,20.0,,,
,56699,,,3102.264165878296,,,,,,,,
,56699,,12.58540153503418,,,,,,,,,
15,56699,,,,0.3375104069709778,1.047924280166626,-3472.999755859375,20.0,20.0,,,
,56749,,,3098.8221168518066,,,,,,,,
,56749,,3.7512779235839844,,,,,,,,,
15,56749,,,,0.5036906003952026,1.0360314846038818,-3486.0,20.0,20.0,,,
,56799,,,2576.106309890747,,,,,,,,
,56799,,12.616395950317383,,,,,,,,,
15,56799,,,,0.8799928426742554,1.0547547340393066,-3546.0,20.0,20.0,,,
,56849,,,2536.6616249084473,,,,,,,,
,56849,,3.540515899658203,,,,,,,,,
15,56849,,,,-0.07454454898834229,1.0336953401565552,-3520.999755859375,20.0,20.0,,,
,56899,,,2549.280881881714,,,,,,,,
,56899,,11.76595687866211,,,,,,,,,
15,56899,,,,1.0486546754837036,1.0299105644226074,-3723.000244140625,20.0,20.0,,,
,56949,,,2548.5873222351074,,,,,,,,
,56949,,3.5216808319091797,,,,,,,,,
15,56949,,,,0.015118032693862915,1.0468248128890991,-3425.999755859375,20.0,20.0,,,
,56999,,,2556.3271045684814,,,,,,,,
,56999,,11.675596237182617,,,,,,,,,
15,56999,,,,0.08339522033929825,1.0287609100341797,-3425.0,20.0,20.0,,,
,57049,,,2567.920923233032,,,,,,,,
,57049,,8.761167526245117,,,,,,,,,
15,57049,,,,-0.0329684317111969,1.0320098400115967,-3293.00048828125,20.0,20.0,,,
,57099,,,3076.458215713501,,,,,,,,
,57099,,12.507915496826172,,,,,,,,,
15,57099,,,,-0.6561834812164307,1.0341897010803223,-3572.0,20.0,20.0,,,
,57149,,,3062.0458126068115,,,,,,,,
,57149,,1.7206668853759766,,,,,,,,,
15,57149,,,,0.12322978675365448,1.0259478092193604,-3559.99951171875,20.0,20.0,,,
,57199,,,3105.3476333618164,,,,,,,,
,57199,,10.636091232299805,,,,,,,,,
15,57199,,,,0.39885589480400085,1.0468348264694214,-3423.000244140625,20.0,20.0,,,
,57249,,,3104.020357131958,,,,,,,,
,57249,,3.749847412109375,,,,,,,,,
15,57249,,,,0.06938338279724121,1.0328952074050903,-3434.999755859375,20.0,20.0,,,
,57299,,,3113.416910171509,,,,,,,,
,57299,,9.961366653442383,,,,,,,,,
15,57299,,,,0.5719778537750244,1.0546834468841553,-3421.000244140625,20.0,20.0,,,
,57349,,,3129.392385482788,,,,,,,,
,57349,,3.8149356842041016,,,,,,,,,
15,57349,,,,0.6507762670516968,1.0263537168502808,-3418.000244140625,20.0,20.0,,,
,57399,,,3068.8679218292236,,,,,,,,
,57399,,12.52889633178711,,,,,,,,,
15,57399,,,,-0.06425920128822327,1.0443609952926636,-3380.0,20.0,20.0,,,
,57449,,,3067.995548248291,,,,,,,,
,57449,,3.751516342163086,,,,,,,,,
15,57449,,,,0.7471722960472107,1.0249866247177124,-3411.0,20.0,20.0,,,
,57499,,,3065.483331680298,,,,,,,,
,57499,,12.586832046508789,,,,,,,,,
15,57499,,,,0.45580753684043884,1.0361664295196533,-3574.0,20.0,20.0,,,
,57549,,,773.0505466461182,,,,,,,,
,57549,,3.840923309326172,,,,,,,,,
15,57549,,,,0.1283704787492752,1.0216736793518066,-1514.0001220703125,10.0,10.0,,,
,57599,,,666.7995452880859,,,,,,,,
,57599,,9.966373443603516,,,,,,,,,
15,57599,,,,0.11593565344810486,1.006058931350708,-1747.0,10.0,10.0,,,
,57649,,,636.2695693969727,,,,,,,,
,57649,,1.0223388671875,,,,,,,,,
15,57649,,,,-0.14016520977020264,1.0086408853530884,-1574.0001220703125,10.0,10.0,,,
,57699,,,639.3876075744629,,,,,,,,
,57699,,9.253501892089844,,,,,,,,,
15,57699,,,,-0.16064271330833435,1.031341552734375,-1656.9998779296875,10.0,10.0,,,
,57749,,,640.1040554046631,,,,,,,,
,57749,,1.0216236114501953,,,,,,,,,
15,57749,,,,0.035130202770233154,1.016326665878296,-1755.0,10.0,10.0,,,
,57799,,,670.2420711517334,,,,,,,,
,57799,,9.643316268920898,,,,,,,,,
15,57799,,,,0.020079180598258972,1.0032496452331543,-1551.0,10.0,10.0,,,
,57849,,,637.7677917480469,,,,,,,,
,57849,,1.0139942169189453,,,,,,,,,
15,57849,,,,-0.10147416591644287,1.010987401008606,-1496.0,10.0,10.0,,,
,57899,,,648.3719348907471,,,,,,,,
,57899,,9.981393814086914,,,,,,,,,
15,57899,,,,-0.031088000163435936,1.0028572082519531,-1750.0001220703125,10.0,10.0,,,
,57949,,,639.2190456390381,,,,,,,,
,57949,,0.9760856628417969,,,,,,,,,
15,57949,,,,-0.5444374680519104,1.0241057872772217,-1624.999755859375,10.0,10.0,,,
,57999,,,636.4905834197998,,,,,,,,
,57999,,9.410381317138672,,,,,,,,,
15,57999,,,,-0.23093083500862122,1.0070866346359253,-1671.0,10.0,10.0,,,
,58049,,,646.613597869873,,,,,,,,
,58049,,1.0013580322265625,,,,,,,,,
15,58049,,,,0.16817252337932587,1.0366500616073608,-1593.0001220703125,10.0,10.0,,,
,58099,,,777.4937152862549,,,,,,,,
,58099,,13.73434066772461,,,,,,,,,
15,58099,,,,-0.2244127094745636,1.0034738779067993,-1773.0,10.0,10.0,,,
,58149,,,1140.3064727783203,,,,,,,,
,58149,,1.1959075927734375,,,,,,,,,
15,58149,,,,0.13980434834957123,1.0027049779891968,-1756.0,10.0,10.0,,,
,58199,,,643.002986907959,,,,,,,,
,58199,,13.86260986328125,,,,,,,,,
15,58199,,,,0.026792773976922035,1.017335057258606,-1554.0,10.0,10.0,,,
,58249,,,634.7184181213379,,,,,,,,
,58249,,1.0268688201904297,,,,,,,,,
15,58249,,,,0.12286026030778885,1.0075488090515137,-1752.9998779296875,10.0,10.0,,,
,58299,,,637.6533508300781,,,,,,,,
,58299,,9.261608123779297,,,,,,,,,
15,58299,,,,0.11028020083904266,1.0213935375213623,-1716.0,10.0,10.0,,,
,58349,,,635.9267234802246,,,,,,,,
,58349,,1.0132789611816406,,,,,,,,,
15,58349,,,,0.22362318634986877,1.0002672672271729,-1563.0,10.0,10.0,,,
,58399,,,774.0511894226074,,,,,,,,
,58399,,14.893293380737305,,,,,,,,,
15,58399,,,,0.19154119491577148,1.0022716522216797,-1749.9998779296875,10.0,10.0,,,
,58449,,,768.3811187744141,,,,,,,,
,58449,,3.5974979400634766,,,,,,,,,
15,58449,,,,0.1364683210849762,1.038679599761963,-1638.9998779296875,10.0,10.0,,,
,58499,,,762.9406452178955,,,,,,,,
,58499,,10.079383850097656,,,,,,,,,
15,58499,,,,0.20722481608390808,1.0230685472488403,-1574.0,10.0,10.0,,,
,58549,,,766.4961814880371,,,,,,,,
,58549,,1.1641979217529297,,,,,,,,,
15,58549,,,,0.14478670060634613,1.0001368522644043,-1699.9998779296875,10.0,10.0,,,
,58599,,,767.2607898712158,,,,,,,,
,58599,,9.459495544433594,,,,,,,,,
15,58599,,,,-0.7393479347229004,1.0307903289794922,-1605.0,10.0,10.0,,,
,58649,,,764.0972137451172,,,,,,,,
,58649,,1.1513233184814453,,,,,,,,,
15,58649,,,,-2.3761723041534424,1.004891037940979,-1590.0,10.0,10.0,,,
,58699,,,770.9910869598389,,,,,,,,
,58699,,15.534639358520508,,,,,,,,,
15,58699,,,,0.0,1.0,-1807.9998779296875,10.0,10.0,,,
,58749,,,766.0477161407471,,,,,,,,
,58749,,1.1622905731201172,,,,,,,,,
15,58749,,,,0.3459828197956085,1.0219545364379883,-1595.0,10.0,10.0,,,
,58799,,,1692.6007270812988,,,,,,,,
,58799,,11.070728302001953,,,,,,,,,
15,58799,,,,0.3134658932685852,1.0309045314788818,-2615.0,15.0,15.0,,,
,58849,,,1696.220874786377,,,,,,,,
,58849,,4.920244216918945,,,,,,,,,
15,58849,,,,-0.31154367327690125,1.0206023454666138,-2653.0,15.0,15.0,,,
,58899,,,1696.721076965332,,,,,,,,
,58899,,10.984182357788086,,,,,,,,,
15,58899,,,,-0.02665296196937561,1.0242962837219238,-2492.999755859375,15.0,15.0,,,
,58949,,,1693.6979293823242,,,,,,,,
,58949,,2.41851806640625,,,,,,,,,
15,58949,,,,-0.672982394695282,1.0211381912231445,-2544.000244140625,15.0,15.0,,,
,58999,,,1690.5019283294678,,,,,,,,
,58999,,11.059999465942383,,,,,,,,,
15,58999,,,,-0.04621347039937973,1.008805751800537,-2724.0,15.0,15.0,,,
,59049,,,1695.3957080841064,,,,,,,,
,59049,,2.5522708892822266,,,,,,,,,
15,59049,,,,-0.22827887535095215,1.0242582559585571,-2580.000244140625,15.0,15.0,,,
,59099,,,1699.9738216400146,,,,,,,,
,59099,,12.12310791015625,,,,,,,,,
15,59099,,,,0.03591899573802948,1.0223515033721924,-2670.99951171875,15.0,15.0,,,
,59149,,,1709.9308967590332,,,,,,,,
,59149,,4.594326019287109,,,,,,,,,
15,59149,,,,-0.6568410992622375,1.027113676071167,-2598.0,15.0,15.0,,,
,59199,,,1411.6122722625732,,,,,,,,
,59199,,10.87641716003418,,,,,,,,,
15,59199,,,,0.15648554265499115,1.0482189655303955,-2467.99951171875,15.0,15.0,,,
,59249,,,1428.14302444458,,,,,,,,
,59249,,4.426479339599609,,,,,,,,,
15,59249,,,,-0.3987550139427185,1.0250294208526611,-2455.0,15.0,15.0,,,
,59299,,,1420.1900959014893,,,,,,,,
,59299,,10.350227355957031,,,,,,,,,
15,59299,,,,-0.39187753200531006,1.0255099534988403,-2598.0,15.0,15.0,,,
,59349,,,1428.5876750946045,,,,,,,,
,59349,,5.546808242797852,,,,,,,,,
15,59349,,,,0.15690678358078003,1.0122578144073486,-2696.999755859375,15.0,15.0,,,
,59399,,,1424.2815971374512,,,,,,,,
,59399,,12.05587387084961,,,,,,,,,
15,59399,,,,-0.2044118195772171,1.0601437091827393,-2515.0,15.0,15.0,,,
,59449,,,1414.3595695495605,,,,,,,,
,59449,,2.2885799407958984,,,,,,,,,
15,59449,,,,-0.07452593743801117,1.036696195602417,-2695.0,15.0,15.0,,,
,59499,,,1424.9749183654785,,,,,,,,
,59499,,11.189460754394531,,,,,,,,,
15,59499,,,,0.7898271679878235,1.0234628915786743,-2721.000244140625,15.0,15.0,,,
,59549,,,1415.3001308441162,,,,,,,,
,59549,,2.248525619506836,,,,,,,,,
15,59549,,,,-0.1468706578016281,1.0170315504074097,-2625.0,15.0,15.0,,,
,59599,,,1415.0898456573486,,,,,,,,
,59599,,10.801553726196289,,,,,,,,,
15,59599,,,,0.2319551408290863,1.037630319595337,-2502.0,15.0,15.0,,,
,59649,,,1421.71049118042,,,,,,,,
,59649,,6.579160690307617,,,,,,,,,
15,59649,,,,-0.3742624819278717,1.0082321166992188,-2763.0,15.0,15.0,,,
,59699,,,1437.7083778381348,,,,,,,,
,59699,,11.347770690917969,,,,,,,,,
15,59699,,,,-0.11591245234012604,1.0301477909088135,-2643.000244140625,15.0,15.0,,,
,59749,,,1422.494649887085,,,,,,,,
,59749,,2.2611618041992188,,,,,,,,,
15,59749,,,,0.21190796792507172,1.0126709938049316,-2570.0,15.0,15.0,,,
,59799,,,1412.559986114502,,,,,,,,
,59799,,10.25247573852539,,,,,,,,,
15,59799,,,,-0.613314151763916,1.029492974281311,-2641.0,15.0,15.0,,,
,59849,,,1704.2620182037354,,,,,,,,
,59849,,2.468109130859375,,,,,,,,,
15,59849,,,,-0.0939033031463623,1.0060617923736572,-2586.999755859375,15.0,15.0,,,
,59899,,,1704.2584419250488,,,,,,,,
,59899,,14.270305633544922,,,,,,,,,
15,59899,,,,0.49461644887924194,1.0197343826293945,-2513.999755859375,15.0,15.0,,,
,59949,,,1426.3427257537842,,,,,,,,
,59949,,3.0019283294677734,,,,,,,,,
15,59949,,,,0.059615880250930786,1.0146756172180176,-2535.0,15.0,15.0,,,
,59999,,,1428.48801612854,,,,,,,,
,59999,,11.729955673217773,,,,,,,,,
15,59999,,,,0.06736373901367188,1.0300534963607788,-2739.99951171875,15.0,15.0,,,
15,59999,,,,,,,,,11.228446006774902,2718.37841796875,-2718.37841796875
,60000,6669.837270975113,,,,,,,,,,
,60049,,,3058.0852031707764,,,,,,,,
,60049,,1.7428398132324219,,,,,,,,,
16,60049,,,,0.3678330183029175,1.01590895652771,-3394.999755859375,20.0,20.0,,,
,60099,,,3094.360113143921,,,,,,,,
,60099,,10.584115982055664,,,,,,,,,
16,60099,,,,-0.12429288029670715,1.021763563156128,-3385.0,20.0,20.0,,,
,60149,,,2554.6176433563232,,,,,,,,
,60149,,3.618001937866211,,,,,,,,,
16,60149,,,,-0.2359348088502884,1.0343821048736572,-3531.999755859375,20.0,20.0,,,
,60199,,,2555.812358856201,,,,,,,,
,60199,,9.841203689575195,,,,,,,,,
16,60199,,,,0.2137272208929062,1.024033546447754,-3552.99951171875,20.0,20.0,,,
,60249,,,2594.1784381866455,,,,,,,,
,60249,,3.498077392578125,,,,,,,,,
16,60249,,,,0.5462930202484131,1.0247384309768677,-3572.0,20.0,20.0,,,
,60299,,,2570.2803134918213,,,,,,,,
,60299,,12.237548828125,,,,,,,,,
16,60299,,,,-0.4073109030723572,1.0296741724014282,-3353.000244140625,20.0,20.0,,,
,60349,,,2546.72908782959,,,,,,,,
,60349,,8.78143310546875,,,,,,,,,
16,60349,,,,0.17663942277431488,1.0524452924728394,-3517.999755859375,20.0,20.0,,,
,60399,,,2561.331272125244,,,,,,,,
,60399,,12.351512908935547,,,,,,,,,
16,60399,,,,0.37208735942840576,1.0291061401367188,-3459.99951171875,20.0,20.0,,,
,60449,,,2538.4278297424316,,,,,,,,
,60449,,8.744478225708008,,,,,,,,,
16,60449,,,,-0.5171286463737488,1.038142442703247,-3512.0,20.0,20.0,,,
,60499,,,3057.067394256592,,,,,,,,
,60499,,11.916399002075195,,,,,,,,,
16,60499,,,,0.584230899810791,1.042815089225769,-3566.000244140625,20.0,20.0,,,
,60549,,,2555.189609527588,,,,,,,,
,60549,,1.5583038330078125,,,,,,,,,
16,60549,,,,0.6071754097938538,1.0303202867507935,-3442.999755859375,20.0,20.0,,,
,60599,,,2589.0917778015137,,,,,,,,
,60599,,10.328292846679688,,,,,,,,,
16,60599,,,,-0.4554392099380493,1.0285547971725464,-3428.999267578125,20.0,20.0,,,
,60649,,,2541.4578914642334,,,,,,,,
,60649,,1.5149116516113281,,,,,,,,,
16,60649,,,,0.2329980581998825,1.0284255743026733,-3496.000244140625,20.0,20.0,,,
,60699,,,2555.657386779785,,,,,,,,
,60699,,12.33530044555664,,,,,,,,,
16,60699,,,,0.5556337237358093,1.0354971885681152,-3518.999755859375,20.0,20.0,,,
,60749,,,2584.580898284912,,,,,,,,
,60749,,1.5385150909423828,,,,,,,,,
16,60749,,,,-0.05454134941101074,1.0577235221862793,-3440.999755859375,20.0,20.0,,,
,60799,,,2538.189649581909,,,,,,,,
,60799,,11.698484420776367,,,,,,,,,
16,60799,,,,-0.31919434666633606,1.0513403415679932,-3499.0,20.0,20.0,,,
,60849,,,2542.0031547546387,,,,,,,,
,60849,,3.514528274536133,,,,,,,,,
16,60849,,,,-0.46568968892097473,1.014487385749817,-3465.000244140625,20.0,20.0,,,
,60899,,,2557.6376914978027,,,,,,,,
,60899,,11.921405792236328,,,,,,,,,
16,60899,,,,0.2992944121360779,1.0330183506011963,-3558.000244140625,20.0,20.0,,,
,60949,,,2593.4770107269287,,,,,,,,
,60949,,8.744239807128906,,,,,,,,,
16,60949,,,,0.6687361001968384,1.0207440853118896,-3339.999755859375,20.0,20.0,,,
,60999,,,2552.500009536743,,,,,,,,
,60999,,12.348651885986328,,,,,,,,,
16,60999,,,,-0.3031361699104309,1.0342531204223633,-3505.99951171875,20.0,20.0,,,
,61049,,,2563.488483428955,,,,,,,,
,61049,,4.172086715698242,,,,,,,,,
16,61049,,,,0.17757007479667664,1.029293179512024,-3544.99951171875,20.0,20.0,,,
,61099,,,3056.27703666687,,,,,,,,
,61099,,11.933088302612305,,,,,,,,,
16,61099,,,,-0.4925963282585144,1.0352782011032104,-3403.0,20.0,20.0,,,
,61149,,,3604.6597957611084,,,,,,,,
,61149,,3.8611888885498047,,,,,,,,,
16,61149,,,,0.18209309875965118,1.0399090051651,-3461.000244140625,20.0,20.0,,,
,61199,,,3088.533639907837,,,,,,,,
,61199,,12.502670288085938,,,,,,,,,
16,61199,,,,0.861649215221405,1.0370839834213257,-3252.0,20.0,20.0,,,
,61249,,,2556.4332008361816,,,,,,,,
,61249,,3.599405288696289,,,,,,,,,
16,61249,,,,-0.16778826713562012,1.0202224254608154,-3438.0,20.0,20.0,,,
,61299,,,1413.7060642242432,,,,,,,,
,61299,,10.838747024536133,,,,,,,,,
16,61299,,,,-0.28399258852005005,1.0118721723556519,-2685.0,15.0,15.0,,,
,61349,,,1409.893274307251,,,,,,,,
,61349,,2.2716522216796875,,,,,,,,,
16,61349,,,,0.2044343799352646,1.0164756774902344,-2558.000244140625,15.0,15.0,,,
,61399,,,1411.6389751434326,,,,,,,,
,61399,,10.274648666381836,,,,,,,,,
16,61399,,,,-0.7125465869903564,1.030785083770752,-2587.99951171875,15.0,15.0,,,
,61449,,,1701.7276287078857,,,,,,,,
,61449,,2.4869441986083984,,,,,,,,,
16,61449,,,,-0.11139842122793198,1.0263621807098389,-2606.999755859375,15.0,15.0,,,
,61499,,,1412.6365184783936,,,,,,,,
,61499,,10.869264602661133,,,,,,,,,
16,61499,,,,-0.3652766942977905,1.0350620746612549,-2698.0,15.0,15.0,,,
,61549,,,1415.510654449463,,,,,,,,
,61549,,2.309560775756836,,,,,,,,,
16,61549,,,,-0.7132683992385864,1.0350452661514282,-2516.0,15.0,15.0,,,
,61599,,,1399.312973022461,,,,,,,,
,61599,,10.210990905761719,,,,,,,,,
16,61599,,,,-0.010827839374542236,1.0153701305389404,-2620.0,15.0,15.0,,,
,61649,,,1707.864761352539,,,,,,,,
,61649,,2.646923065185547,,,,,,,,,
16,61649,,,,0.3590342700481415,1.0189673900604248,-2659.0,15.0,15.0,,,
,61699,,,1697.814702987671,,,,,,,,
,61699,,13.002634048461914,,,,,,,,,
16,61699,,,,-0.08650046586990356,1.0238486528396606,-2527.0,15.0,15.0,,,
,61749,,,1419.114112854004,,,,,,,,
,61749,,4.835605621337891,,,,,,,,,
16,61749,,,,-0.514835774898529,1.0289632081985474,-2677.0,15.0,15.0,,,
,61799,,,1418.4677600860596,,,,,,,,
,61799,,10.35165786743164,,,,,,,,,
16,61799,,,,-0.5751632452011108,1.0220983028411865,-2533.0,15.0,15.0,,,
,61849,,,1416.8164730072021,,,,,,,,
,61849,,2.1834373474121094,,,,,,,,,
16,61849,,,,0.07226647436618805,1.0392398834228516,-2612.000244140625,15.0,15.0,,,
,61899,,,1401.148796081543,,,,,,,,
,61899,,10.715723037719727,,,,,,,,,
16,61899,,,,0.06188223510980606,1.021173119544983,-2591.0,15.0,15.0,,,
,61949,,,1406.944990158081,,,,,,,,
,61949,,2.3102760314941406,,,,,,,,,
16,61949,,,,0.4478139579296112,1.0260365009307861,-2543.0,15.0,15.0,,,
,61999,,,1405.3926467895508,,,,,,,,
,61999,,10.935306549072266,,,,,,,,,
16,61999,,,,-0.05579706281423569,1.0065209865570068,-2618.000244140625,15.0,15.0,,,
,62049,,,1405.3077697753906,,,,,,,,
,62049,,2.2423267364501953,,,,,,,,,
16,62049,,,,1.0196046829223633,1.0298218727111816,-2491.0,15.0,15.0,,,
,62099,,,1418.3616638183594,,,,,,,,
,62099,,535.1276397705078,,,,,,,,,
16,62099,,,,-0.2782007157802582,1.017211675643921,-2643.0,15.0,15.0,,,
,62149,,,1420.6557273864746,,,,,,,,
,62149,,5.879640579223633,,,,,,,,,
16,62149,,,,0.3349565267562866,1.0148295164108276,-2642.0,15.0,15.0,,,
,62199,,,1406.7819118499756,,,,,,,,
,62199,,10.259389877319336,,,,,,,,,
16,62199,,,,-0.3658784031867981,1.0221259593963623,-2450.0,15.0,15.0,,,
,62249,,,1404.994010925293,,,,,,,,
,62249,,2.1741390228271484,,,,,,,,,
16,62249,,,,-0.32724589109420776,1.0320777893066406,-2605.00048828125,15.0,15.0,,,
,62299,,,1412.1179580688477,,,,,,,,
,62299,,10.26606559753418,,,,,,,,,
16,62299,,,,-0.6708927750587463,1.0374385118484497,-2660.0,15.0,15.0,,,
,62349,,,1417.863130569458,,,,,,,,
,62349,,6.583452224731445,,,,,,,,,
16,62349,,,,-0.04359801113605499,1.0164604187011719,-2569.0,15.0,15.0,,,
,62399,,,1410.6945991516113,,,,,,,,
,62399,,10.809183120727539,,,,,,,,,
16,62399,,,,0.0738707184791565,1.0201369524002075,-2663.000244140625,15.0,15.0,,,
,62449,,,1412.0995998382568,,,,,,,,
,62449,,2.209901809692383,,,,,,,,,
16,62449,,,,-0.13777440786361694,1.0230430364608765,-2570.0,15.0,15.0,,,
,62499,,,1419.8007583618164,,,,,,,,
,62499,,10.262727737426758,,,,,,,,,
16,62499,,,,-0.03263747692108154,1.01273775100708,-2540.999755859375,15.0,15.0,,,
,62549,,,637.8471851348877,,,,,,,,
,62549,,0.9837150573730469,,,,,,,,,
16,62549,,,,0.33110082149505615,1.011775255203247,-1742.0,10.0,10.0,,,
,62599,,,641.2439346313477,,,,,,,,
,62599,,10.064840316772461,,,,,,,,,
16,62599,,,,0.07398977875709534,1.0072519779205322,-1575.0,10.0,10.0,,,
,62649,,,637.9570960998535,,,,,,,,
,62649,,1.0187625885009766,,,,,,,,,
16,62649,,,,0.0,1.0,-1562.9998779296875,10.0,10.0,,,
,62699,,,785.832405090332,,,,,,,,
,62699,,10.074853897094727,,,,,,,,,
16,62699,,,,0.1041911244392395,1.0059726238250732,-1729.0001220703125,10.0,10.0,,,
,62749,,,633.6896419525146,,,,,,,,
,62749,,1.0118484497070312,,,,,,,,,
16,62749,,,,0.29095813632011414,1.003922462463379,-1537.0,10.0,10.0,,,
,62799,,,661.4294052124023,,,,,,,,
,62799,,9.351253509521484,,,,,,,,,
16,62799,,,,0.4687100648880005,1.002765417098999,-1666.000244140625,10.0,10.0,,,
,62849,,,630.2862167358398,,,,,,,,
,62849,,1.0364055633544922,,,,,,,,,
16,62849,,,,0.37319415807724,1.0062516927719116,-1843.0,10.0,10.0,,,
,62899,,,634.1934204101562,,,,,,,,
,62899,,9.136438369750977,,,,,,,,,
16,62899,,,,-0.18674030900001526,1.0130813121795654,-1717.9998779296875,10.0,10.0,,,
,62949,,,638.3802890777588,,,,,,,,
,62949,,1.0192394256591797,,,,,,,,,
16,62949,,,,0.0634360983967781,1.0185348987579346,-1637.0001220703125,10.0,10.0,,,
,62999,,,662.0824337005615,,,,,,,,
,62999,,9.482145309448242,,,,,,,,,
16,62999,,,,-0.1017913892865181,1.014416217803955,-1543.0,10.0,10.0,,,
,63049,,,638.50998878479,,,,,,,,
,63049,,1.0366439819335938,,,,,,,,,
16,63049,,,,-0.06090685725212097,1.0167717933654785,-1849.0,10.0,10.0,,,
,63099,,,631.3967704772949,,,,,,,,
,63099,,9.204864501953125,,,,,,,,,
16,63099,,,,0.3691811263561249,1.0222660303115845,-1669.0001220703125,10.0,10.0,,,
,63149,,,645.1973915100098,,,,,,,,
,63149,,1.140594482421875,,,,,,,,,
16,63149,,,,0.3399203419685364,1.0144307613372803,-1770.9998779296875,10.0,10.0,,,
,63199,,,636.4994049072266,,,,,,,,
,63199,,9.337902069091797,,,,,,,,,
16,63199,,,,-0.5127109885215759,1.0180128812789917,-1635.0001220703125,10.0,10.0,,,
,63249,,,634.4192028045654,,,,,,,,
,63249,,1.0666847229003906,,,,,,,,,
16,63249,,,,-0.3323145806789398,1.0154576301574707,-1559.0,10.0,10.0,,,
,63299,,,637.4366283416748,,,,,,,,
,63299,,9.365081787109375,,,,,,,,,
16,63299,,,,0.5453929901123047,1.011906623840332,-1618.0,10.0,10.0,,,
,63349,,,656.2957763671875,,,,,,,,
,63349,,1.001596450805664,,,,,,,,,
16,63349,,,,0.048219069838523865,1.0104656219482422,-1550.9998779296875,10.0,10.0,,,
,63399,,,636.0855102539062,,,,,,,,
,63399,,17.76289939880371,,,,,,,,,
16,63399,,,,-0.2950103282928467,1.0137619972229004,-1732.0001220703125,10.0,10.0,,,
,63449,,,631.1371326446533,,,,,,,,
,63449,,0.9522438049316406,,,,,,,,,
16,63449,,,,0.25412899255752563,1.001282811164856,-1621.0,10.0,10.0,,,
,63499,,,636.8584632873535,,,,,,,,
,63499,,9.766340255737305,,,,,,,,,
16,63499,,,,0.1945842206478119,1.0207500457763672,-1711.0001220703125,10.0,10.0,,,
,63549,,,630.605936050415,,,,,,,,
,63549,,1.0101795196533203,,,,,,,,,
16,63549,,,,0.34512773156166077,1.0210442543029785,-1614.0,10.0,10.0,,,
,63599,,,637.1684074401855,,,,,,,,
,63599,,9.295940399169922,,,,,,,,,
16,63599,,,,-0.2053270936012268,1.005813717842102,-1795.9998779296875,10.0,10.0,,,
,63649,,,645.1058387756348,,,,,,,,
,63649,,1.0082721710205078,,,,,,,,,
16,63649,,,,-0.2823960781097412,1.011400818824768,-1688.0,10.0,10.0,,,
,63699,,,647.4859714508057,,,,,,,,
,63699,,9.340286254882812,,,,,,,,,
16,63699,,,,0.0,1.0,-1647.0001220703125,10.0,10.0,,,
,63749,,,648.7212181091309,,,,,,,,
,63749,,1.0080337524414062,,,,,,,,,
16,63749,,,,-0.3810293674468994,1.0071632862091064,-1795.0,10.0,10.0,,,
16,63749,,,,,,,,,11.001601219177246,2712.7783203125,-2712.7783203125
,63750,6364.398115158081,,,,,,,,,,
,63799,,,632.2047710418701,,,,,,,,
,63799,,18.841981887817383,,,,,,,,,
17,63799,,,,0.01184842735528946,1.0212113857269287,-1746.000244140625,10.0,10.0,,,
,63849,,,631.6096782684326,,,,,,,,
,63849,,0.9975433349609375,,,,,,,,,
17,63849,,,,-0.35711297392845154,1.026571273803711,-1616.999755859375,10.0,10.0,,,
,63899,,,657.3491096496582,,,,,,,,
,63899,,13.328313827514648,,,,,,,,,
17,63899,,,,0.17423518002033234,1.0035185813903809,-1698.9998779296875,10.0,10.0,,,
,63949,,,633.2623958587646,,,,,,,,
,63949,,0.9791851043701172,,,,,,,,,
17,63949,,,,0.11948675662279129,1.0117439031600952,-1455.0,10.0,10.0,,,
,63999,,,643.0449485778809,,,,,,,,
,63999,,9.201526641845703,,,,,,,,,
17,63999,,,,-2.337216854095459,1.0062799453735352,-1671.9998779296875,10.0,10.0,,,
,64049,,,637.6571655273438,,,,,,,,
,64049,,1.0268688201904297,,,,,,,,,
17,64049,,,,0.0,1.0,-1736.0001220703125,10.0,10.0,,,
,64099,,,633.979320526123,,,,,,,,
,64099,,9.727716445922852,,,,,,,,,
17,64099,,,,-0.07675869762897491,1.0018768310546875,-1673.0001220703125,10.0,10.0,,,
,64149,,,637.580394744873,,,,,,,,
,64149,,1.0166168212890625,,,,,,,,,
17,64149,,,,-0.40532228350639343,1.024531602859497,-1617.0001220703125,10.0,10.0,,,
,64199,,,632.7753067016602,,,,,,,,
,64199,,9.763479232788086,,,,,,,,,
17,64199,,,,0.10098934173583984,1.018927812576294,-1744.0,10.0,10.0,,,
,64249,,,633.5294246673584,,,,,,,,
,64249,,0.9770393371582031,,,,,,,,,
17,64249,,,,-0.001552090048789978,1.0154482126235962,-1742.0,10.0,10.0,,,
,64299,,,634.2170238494873,,,,,,,,
,64299,,9.227275848388672,,,,,,,,,
17,64299,,,,0.17422334849834442,1.0051360130310059,-1571.0,10.0,10.0,,,
,64349,,,632.9596042633057,,,,,,,,
,64349,,1.0190010070800781,,,,,,,,,
17,64349,,,,0.1753522753715515,1.0014326572418213,-1745.0001220703125,10.0,10.0,,,
,64399,,,631.6924095153809,,,,,,,,
,64399,,9.608983993530273,,,,,,,,,
17,64399,,,,0.010457545518875122,1.0305839776992798,-1711.0,10.0,10.0,,,
,64449,,,635.1990699768066,,,,,,,,
,64449,,0.9799003601074219,,,,,,,,,
17,64449,,,,0.08889692276716232,1.0184190273284912,-1544.0,10.0,10.0,,,
,64499,,,636.204719543457,,,,,,,,
,64499,,9.821414947509766,,,,,,,,,
17,64499,,,,0.0,1.0,-1704.0,10.0,10.0,,,
,64549,,,630.3689479827881,,,,,,,,
,64549,,0.9853839874267578,,,,,,,,,
17,64549,,,,0.010290294885635376,1.0208988189697266,-1715.0,10.0,10.0,,,
,64599,,,634.0277194976807,,,,,,,,
,64599,,9.265422821044922,,,,,,,,,
17,64599,,,,0.048493340611457825,1.020012617111206,-1767.0001220703125,10.0,10.0,,,
,64649,,,781.9125652313232,,,,,,,,
,64649,,1.4727115631103516,,,,,,,,,
17,64649,,,,-0.21208372712135315,1.0082011222839355,-1646.0,10.0,10.0,,,
,64699,,,763.0808353424072,,,,,,,,
,64699,,10.137319564819336,,,,,,,,,
17,64699,,,,-0.22575297951698303,1.0036678314208984,-1693.999755859375,10.0,10.0,,,
,64749,,,635.3423595428467,,,,,,,,
,64749,,1.0263919830322266,,,,,,,,,
17,64749,,,,-0.21543839573860168,1.0490782260894775,-1850.000244140625,10.0,10.0,,,
,64799,,,635.5466842651367,,,,,,,,
,64799,,9.336233139038086,,,,,,,,,
17,64799,,,,0.1322258561849594,1.0023709535598755,-1778.999755859375,10.0,10.0,,,
,64849,,,636.6884708404541,,,,,,,,
,64849,,1.0209083557128906,,,,,,,,,
17,64849,,,,0.20019543170928955,1.0054020881652832,-1620.9998779296875,10.0,10.0,,,
,64899,,,638.0784511566162,,,,,,,,
,64899,,9.711742401123047,,,,,,,,,
17,64899,,,,-0.11727795004844666,1.022876262664795,-1661.0001220703125,10.0,10.0,,,
,64949,,,665.2636528015137,,,,,,,,
,64949,,2.9914379119873047,,,,,,,,,
17,64949,,,,-0.23684489727020264,1.008652925491333,-1758.0001220703125,10.0,10.0,,,
,64999,,,629.2383670806885,,,,,,,,
,64999,,9.358644485473633,,,,,,,,,
17,64999,,,,-0.0052362531423568726,1.0246589183807373,-1770.999755859375,10.0,10.0,,,
,65049,,,1426.5782833099365,,,,,,,,
,65049,,2.409696578979492,,,,,,,,,
17,65049,,,,0.4020330607891083,1.022221565246582,-2572.0,15.0,15.0,,,
,65099,,,1694.9248313903809,,,,,,,,
,65099,,11.002540588378906,,,,,,,,,
17,65099,,,,-0.2626919150352478,1.021702766418457,-2458.0,15.0,15.0,,,
,65149,,,1425.870656967163,,,,,,,,
,65149,,2.25830078125,,,,,,,,,
17,65149,,,,-0.41044309735298157,1.0102406740188599,-2549.0,15.0,15.0,,,
,65199,,,1503.2286643981934,,,,,,,,
,65199,,12.050390243530273,,,,,,,,,
17,65199,,,,-0.3238855302333832,1.0250678062438965,-2487.0,15.0,15.0,,,
,65249,,,1425.9676933288574,,,,,,,,
,65249,,2.3047924041748047,,,,,,,,,
17,65249,,,,0.5455271005630493,1.0218086242675781,-2652.999755859375,15.0,15.0,,,
,65299,,,1415.4446125030518,,,,,,,,
,65299,,16.10875129699707,,,,,,,,,
17,65299,,,,0.7804828882217407,1.0339829921722412,-2592.0,15.0,15.0,,,
,65349,,,1426.680088043213,,,,,,,,
,65349,,3.7543773651123047,,,,,,,,,
17,65349,,,,-0.0018748641014099121,1.0069478750228882,-2695.0,15.0,15.0,,,
,65399,,,1430.173397064209,,,,,,,,
,65399,,10.383129119873047,,,,,,,,,
17,65399,,,,-0.13581188023090363,1.0134705305099487,-2680.000244140625,15.0,15.0,,,
,65449,,,1714.5919799804688,,,,,,,,
,65449,,3.3843517303466797,,,,,,,,,
17,65449,,,,0.17268157005310059,1.0262261629104614,-2533.0,15.0,15.0,,,
,65499,,,1430.2129745483398,,,,,,,,
,65499,,10.301589965820312,,,,,,,,,
17,65499,,,,0.7576729655265808,1.0232291221618652,-2643.999755859375,15.0,15.0,,,
,65549,,,1422.365665435791,,,,,,,,
,65549,,2.259492874145508,,,,,,,,,
17,65549,,,,-0.09952579438686371,1.0189257860183716,-2541.000244140625,15.0,15.0,,,
,65599,,,1645.5252170562744,,,,,,,,
,65599,,12.655496597290039,,,,,,,,,
17,65599,,,,0.008740663528442383,1.029388666152954,-2705.999755859375,15.0,15.0,,,
,65649,,,2495.5432415008545,,,,,,,,
,65649,,3.183603286743164,,,,,,,,,
17,65649,,,,0.19242562353610992,1.024118423461914,-2667.0,15.0,15.0,,,
,65699,,,2205.3701877593994,,,,,,,,
,65699,,12.176036834716797,,,,,,,,,
17,65699,,,,0.18862098455429077,1.0237056016921997,-2697.999755859375,15.0,15.0,,,
,65749,,,2097.492218017578,,,,,,,,
,65749,,2.8009414672851562,,,,,,,,,
17,65749,,,,0.017204783856868744,1.0118861198425293,-2595.0,15.0,15.0,,,
,65799,,,2086.535692214966,,,,,,,,
,65799,,12.651205062866211,,,,,,,,,
17,65799,,,,0.04831251502037048,1.02243971824646,-2438.999755859375,15.0,15.0,,,
,65849,,,2164.693593978882,,,,,,,,
,65849,,4.202365875244141,,,,,,,,,
17,65849,,,,-0.2797573208808899,1.0192261934280396,-2649.0,15.0,15.0,,,
,65899,,,2137.6984119415283,,,,,,,,
,65899,,11.81793212890625,,,,,,,,,
17,65899,,,,-0.2832828462123871,1.0514562129974365,-2377.0,15.0,15.0,,,
,65949,,,2065.596580505371,,,,,,,,
,65949,,3.375530242919922,,,,,,,,,
17,65949,,,,0.16194652020931244,1.011244773864746,-2776.0,15.0,15.0,,,
,65999,,,2036.9696617126465,,,,,,,,
,65999,,12.438535690307617,,,,,,,,,
17,65999,,,,-0.20124168694019318,1.001768708229065,-2672.0,15.0,15.0,,,
,66049,,,2036.7889404296875,,,,,,,,
,66049,,5.535364151000977,,,,,,,,,
17,66049,,,,-0.4345015585422516,1.0348548889160156,-2293.0,15.0,15.0,,,
,66099,,,2082.7906131744385,,,,,,,,
,66099,,12.132883071899414,,,,,,,,,
17,66099,,,,0.35084429383277893,1.042309284210205,-2591.0,15.0,15.0,,,
,66149,,,2110.7447147369385,,,,,,,,
,66149,,2.805471420288086,,,,,,,,,
17,66149,,,,-0.045789096504449844,1.0189740657806396,-2588.999755859375,15.0,15.0,,,
,66199,,,2049.699068069458,,,,,,,,
,66199,,12.352228164672852,,,,,,,,,
17,66199,,,,0.41381555795669556,1.0175034999847412,-2558.0,15.0,15.0,,,
,66249,,,2120.461940765381,,,,,,,,
,66249,,2.89154052734375,,,,,,,,,
17,66249,,,,0.4745197296142578,1.016313076019287,-2581.0,15.0,15.0,,,
,66299,,,3813.9004707336426,,,,,,,,
,66299,,14.148473739624023,,,,,,,,,
17,66299,,,,0.7759486436843872,1.0192791223526,-3399.999755859375,20.0,20.0,,,
,66349,,,3796.999931335449,,,,,,,,
,66349,,4.372835159301758,,,,,,,,,
17,66349,,,,-0.0908474326133728,1.0395137071609497,-3361.000244140625,20.0,20.0,,,
,66399,,,3735.4507446289062,,,,,,,,
,66399,,13.855695724487305,,,,,,,,,
17,66399,,,,0.08010050654411316,1.0225729942321777,-3377.0,20.0,20.0,,,
,66449,,,3819.350004196167,,,,,,,,
,66449,,4.275321960449219,,,,,,,,,
17,66449,,,,-0.5016657114028931,1.0222294330596924,-3516.000244140625,20.0,20.0,,,
,66499,,,3762.54940032959,,,,,,,,
,66499,,13.904571533203125,,,,,,,,,
17,66499,,,,-0.5379745364189148,1.0352983474731445,-3584.999755859375,20.0,20.0,,,
,66549,,,3769.7744369506836,,,,,,,,
,66549,,4.321098327636719,,,,,,,,,
17,66549,,,,-0.4169643521308899,1.004510760307312,-3554.999755859375,20.0,20.0,,,
,66599,,,3788.1369590759277,,,,,,,,
,66599,,13.944864273071289,,,,,,,,,
17,66599,,,,-0.7597736716270447,1.0208299160003662,-3507.000244140625,20.0,20.0,,,
,66649,,,3718.6439037323,,,,,,,,
,66649,,4.3487548828125,,,,,,,,,
17,66649,,,,0.6884520053863525,1.0278551578521729,-3538.0,20.0,20.0,,,
,66699,,,3836.643695831299,,,,,,,,
,66699,,14.926671981811523,,,,,,,,,
17,66699,,,,-0.571420431137085,1.0137490034103394,-3559.999755859375,20.0,20.0,,,
,66749,,,3777.2035598754883,,,,,,,,
,66749,,4.300355911254883,,,,,,,,,
17,66749,,,,-0.2765894830226898,1.027360200881958,-3631.000244140625,20.0,20.0,,,
,66799,,,3826.366186141968,,,,,,,,
,66799,,13.73434066772461,,,,,,,,,
17,66799,,,,0.5631452798843384,1.0161398649215698,-3452.999755859375,20.0,20.0,,,
,66849,,,3787.4109745025635,,,,,,,,
,66849,,5.169868469238281,,,,,,,,,
17,66849,,,,-0.2817704975605011,1.032057523727417,-3400.99951171875,20.0,20.0,,,
,66899,,,3848.9835262298584,,,,,,,,
,66899,,17.972469329833984,,,,,,,,,
17,66899,,,,0.06264370679855347,1.020322561264038,-3527.0,20.0,20.0,,,
,66949,,,3784.323215484619,,,,,,,,
,66949,,4.370689392089844,,,,,,,,,
17,66949,,,,0.12985503673553467,1.0290048122406006,-3494.000244140625,20.0,20.0,,,
,66999,,,3782.061815261841,,,,,,,,
,66999,,13.855695724487305,,,,,,,,,
17,66999,,,,-0.32395705580711365,1.044736623764038,-3400.000244140625,20.0,20.0,,,
,67049,,,3762.953519821167,,,,,,,,
,67049,,5.09190559387207,,,,,,,,,
17,67049,,,,0.3466510772705078,1.0407229661941528,-3277.0,20.0,20.0,,,
,67099,,,3831.5842151641846,,,,,,,,
,67099,,13.911962509155273,,,,,,,,,
17,67099,,,,-0.06431785225868225,1.0316786766052246,-3531.99951171875,20.0,20.0,,,
,67149,,,3800.487279891968,,,,,,,,
,67149,,4.6844482421875,,,,,,,,,
17,67149,,,,1.1754484176635742,1.0424518585205078,-3614.00048828125,20.0,20.0,,,
,67199,,,3809.6189498901367,,,,,,,,
,67199,,17.67706871032715,,,,,,,,,
17,67199,,,,-0.6093792915344238,1.0354642868041992,-3381.0,20.0,20.0,,,
,67249,,,3736.9818687438965,,,,,,,,
,67249,,4.448890686035156,,,,,,,,,
17,67249,,,,-0.3967127203941345,1.0101596117019653,-3534.999755859375,20.0,20.0,,,
,67299,,,3802.1483421325684,,,,,,,,
,67299,,11.186599731445312,,,,,,,,,
17,67299,,,,0.7121781706809998,1.0300520658493042,-3295.999755859375,20.0,20.0,,,
,67349,,,3061.5391731262207,,,,,,,,
,67349,,3.8738250732421875,,,,,,,,,
17,67349,,,,-0.8928026556968689,1.0571553707122803,-3383.00048828125,20.0,20.0,,,
,67399,,,3096.1716175079346,,,,,,,,
,67399,,12.511014938354492,,,,,,,,,
17,67399,,,,-0.35133230686187744,1.0509158372879028,-3536.0,20.0,20.0,,,
,67449,,,2565.6304359436035,,,,,,,,
,67449,,3.7927627563476562,,,,,,,,,
17,67449,,,,0.16407841444015503,1.0349894762039185,-3667.0,20.0,20.0,,,
,67499,,,2592.1413898468018,,,,,,,,
,67499,,11.741161346435547,,,,,,,,,
17,67499,,,,-0.24483156204223633,1.0252888202667236,-3604.000244140625,20.0,20.0,,,
17,67499,,,,,,,,,11.357344627380371,2722.205078125,-2722.205078125
,67500,8016.571159601212,,,,,,,,,,
,67549,,,768.3577537536621,,,,,,,,
,67549,,1.1930465698242188,,,,,,,,,
18,67549,,,,0.0,1.0,-1780.9998779296875,10.0,10.0,,,
,67599,,,638.7529373168945,,,,,,,,
,67599,,9.874105453491211,,,,,,,,,
18,67599,,,,-0.2238444685935974,1.0039308071136475,-1713.0001220703125,10.0,10.0,,,
,67649,,,633.7733268737793,,,,,,,,
,67649,,0.9655952453613281,,,,,,,,,
18,67649,,,,0.017137430608272552,1.0164752006530762,-1795.999755859375,10.0,10.0,,,
,67699,,,635.5888843536377,,,,,,,,
,67699,,9.197711944580078,,,,,,,,,
18,67699,,,,0.0,1.0,-1866.9998779296875,10.0,10.0,,,
,67749,,,633.0437660217285,,,,,,,,
,67749,,1.0077953338623047,,,,,,,,,
18,67749,,,,-0.1481037139892578,1.0305120944976807,-1721.0001220703125,10.0,10.0,,,
,67799,,,774.8978137969971,,,,,,,,
,67799,,10.065078735351562,,,,,,,,,
18,67799,,,,0.17949329316616058,1.00346839427948,-1662.0,10.0,10.0,,,
,67849,,,632.1759223937988,,,,,,,,
,67849,,3.062725067138672,,,,,,,,,
18,67849,,,,-0.2219604253768921,1.0409660339355469,-1659.0,10.0,10.0,,,
,67899,,,668.5404777526855,,,,,,,,
,67899,,18.373966217041016,,,,,,,,,
18,67899,,,,-0.18022620677947998,1.008527398109436,-1740.9998779296875,10.0,10.0,,,
,67949,,,644.8447704315186,,,,,,,,
,67949,,1.0256767272949219,,,,,,,,,
18,67949,,,,0.2391854226589203,1.0099453926086426,-1545.0001220703125,10.0,10.0,,,
,67999,,,766.4835453033447,,,,,,,,
,67999,,9.688615798950195,,,,,,,,,
18,67999,,,,-0.36628687381744385,1.0086778402328491,-1653.9998779296875,10.0,10.0,,,
,68049,,,759.3050003051758,,,,,,,,
,68049,,1.186370849609375,,,,,,,,,
18,68049,,,,-0.19920562207698822,1.0009095668792725,-1789.0,10.0,10.0,,,
,68099,,,759.1345310211182,,,,,,,,
,68099,,10.187387466430664,,,,,,,,,
18,68099,,,,0.09110873192548752,1.0115915536880493,-1553.0,10.0,10.0,,,
,68149,,,642.8372859954834,,,,,,,,
,68149,,1.0440349578857422,,,,,,,,,
18,68149,,,,1.5380346775054932,1.0,-1712.0001220703125,10.0,10.0,,,
,68199,,,638.5798454284668,,,,,,,,
,68199,,16.51310920715332,,,,,,,,,
18,68199,,,,0.23815055191516876,1.0298537015914917,-1849.9998779296875,10.0,10.0,,,
,68249,,,760.3001594543457,,,,,,,,
,68249,,1.1715888977050781,,,,,,,,,
18,68249,,,,0.03166188299655914,1.00838041305542,-1554.9998779296875,10.0,10.0,,,
,68299,,,634.2945098876953,,,,,,,,
,68299,,9.979486465454102,,,,,,,,,
18,68299,,,,0.34420865774154663,1.0147849321365356,-1733.0,10.0,10.0,,,
,68349,,,636.33131980896,,,,,,,,
,68349,,1.0123252868652344,,,,,,,,,
18,68349,,,,-0.14439581334590912,1.0056451559066772,-1699.0001220703125,10.0,10.0,,,
,68399,,,769.3026065826416,,,,,,,,
,68399,,10.148763656616211,,,,,,,,,
18,68399,,,,-0.033291347324848175,1.0273518562316895,-1623.9998779296875,10.0,10.0,,,
,68449,,,633.0239772796631,,,,,,,,
,68449,,1.0099411010742188,,,,,,,,,
18,68449,,,,-0.2141256034374237,1.0083394050598145,-1574.9998779296875,10.0,10.0,,,
,68499,,,635.0412368774414,,,,,,,,
,68499,,9.964466094970703,,,,,,,,,
18,68499,,,,-0.25353240966796875,1.014819860458374,-1785.999755859375,10.0,10.0,,,
,68549,,,664.1905307769775,,,,,,,,
,68549,,5.547046661376953,,,,,,,,,
18,68549,,,,0.44090527296066284,1.0049952268600464,-1822.0,10.0,10.0,,,
,68599,,,767.0760154724121,,,,,,,,
,68599,,10.148286819458008,,,,,,,,,
18,68599,,,,0.22501201927661896,1.0,-1614.0001220703125,10.0,10.0,,,
,68649,,,987.4114990234375,,,,,,,,
,68649,,3.6199092864990234,,,,,,,,,
18,68649,,,,0.10498584061861038,1.002198338508606,-1948.0001220703125,10.0,10.0,,,
,68699,,,911.0958576202393,,,,,,,,
,68699,,10.735750198364258,,,,,,,,,
18,68699,,,,-0.2474607676267624,1.0480620861053467,-1633.9998779296875,10.0,10.0,,,
,68749,,,916.4879322052002,,,,,,,,
,68749,,3.4046173095703125,,,,,,,,,
18,68749,,,,-0.10726268589496613,1.0187997817993164,-1775.0001220703125,10.0,10.0,,,
,68799,,,2073.744297027588,,,,,,,,
,68799,,17.4562931060791,,,,,,,,,
18,68799,,,,-0.24653548002243042,1.0164958238601685,-2494.0,15.0,15.0,,,
,68849,,,2079.6473026275635,,,,,,,,
,68849,,3.895282745361328,,,,,,,,,
18,68849,,,,-0.3123339116573334,1.0110492706298828,-2584.0,15.0,15.0,,,
,68899,,,2109.7981929779053,,,,,,,,
,68899,,12.125015258789062,,,,,,,,,
18,68899,,,,-0.12538523972034454,1.0047353506088257,-2736.0,15.0,15.0,,,
,68949,,,2078.463077545166,,,,,,,,
,68949,,2.8901100158691406,,,,,,,,,
18,68949,,,,-0.12335528433322906,1.020139217376709,-2479.0,15.0,15.0,,,
,68999,,,2101.1128425598145,,,,,,,,
,68999,,11.91568374633789,,,,,,,,,
18,68999,,,,0.2868811786174774,1.019036054611206,-2574.0,15.0,15.0,,,
,69049,,,2023.5803127288818,,,,,,,,
,69049,,3.2875537872314453,,,,,,,,,
18,69049,,,,0.22592738270759583,1.033132553100586,-2568.0,15.0,15.0,,,
,69099,,,2024.2857933044434,,,,,,,,
,69099,,13.243675231933594,,,,,,,,,
18,69099,,,,0.2870338559150696,1.030925989151001,-2637.0,15.0,15.0,,,
,69149,,,2084.0771198272705,,,,,,,,
,69149,,3.9110183715820312,,,,,,,,,
18,69149,,,,-0.10762198269367218,1.0036659240722656,-2455.0,15.0,15.0,,,
,69199,,,2009.0079307556152,,,,,,,,
,69199,,11.966705322265625,,,,,,,,,
18,69199,,,,0.29246506094932556,1.028005599975586,-2620.0,15.0,15.0,,,
,69249,,,1978.6856174468994,,,,,,,,
,69249,,2.688884735107422,,,,,,,,,
18,69249,,,,0.6289386749267578,1.0523951053619385,-2598.999755859375,15.0,15.0,,,
,69299,,,2237.77437210083,,,,,,,,
,69299,,11.199712753295898,,,,,,,,,
18,69299,,,,0.6830994486808777,1.015985131263733,-2630.999755859375,15.0,15.0,,,
,69349,,,2061.422348022461,,,,,,,,
,69349,,2.920389175415039,,,,,,,,,
18,69349,,,,-0.6332105398178101,1.0284322500228882,-2573.0,15.0,15.0,,,
,69399,,,2048.410415649414,,,,,,,,
,69399,,12.237310409545898,,,,,,,,,
18,69399,,,,0.02204449474811554,1.0185835361480713,-2630.999755859375,15.0,15.0,,,
,69449,,,2096.6076850891113,,,,,,,,
,69449,,2.602100372314453,,,,,,,,,
18,69449,,,,-0.2271949052810669,1.0218470096588135,-2551.0,15.0,15.0,,,
,69499,,,2098.072052001953,,,,,,,,
,69499,,11.533021926879883,,,,,,,,,
18,69499,,,,0.9692227244377136,1.0226253271102905,-2535.999755859375,15.0,15.0,,,
,69549,,,1968.2703018188477,,,,,,,,
,69549,,2.695798873901367,,,,,,,,,
18,69549,,,,-0.18893837928771973,1.0046396255493164,-2626.0,15.0,15.0,,,
,69599,,,2111.9656562805176,,,,,,,,
,69599,,13.566732406616211,,,,,,,,,
18,69599,,,,-0.15523555874824524,1.0142419338226318,-2536.0,15.0,15.0,,,
,69649,,,2072.8626251220703,,,,,,,,
,69649,,2.5947093963623047,,,,,,,,,
18,69649,,,,0.16536840796470642,1.0152745246887207,-2567.000244140625,15.0,15.0,,,
,69699,,,2050.3711700439453,,,,,,,,
,69699,,12.511730194091797,,,,,,,,,
18,69699,,,,-0.11590594798326492,1.0307307243347168,-2605.000244140625,15.0,15.0,,,
,69749,,,2003.7047863006592,,,,,,,,
,69749,,3.266572952270508,,,,,,,,,
18,69749,,,,-0.03498581051826477,1.025882601737976,-2421.999755859375,15.0,15.0,,,
,69799,,,2009.4518661499023,,,,,,,,
,69799,,17.752885818481445,,,,,,,,,
18,69799,,,,-0.2720792591571808,1.020630955696106,-2540.0,15.0,15.0,,,
,69849,,,2098.3760356903076,,,,,,,,
,69849,,2.527475357055664,,,,,,,,,
18,69849,,,,-0.0058717429637908936,1.0190016031265259,-2738.0,15.0,15.0,,,
,69899,,,2071.887731552124,,,,,,,,
,69899,,11.145830154418945,,,,,,,,,
18,69899,,,,-0.20777204632759094,1.0498876571655273,-2640.999755859375,15.0,15.0,,,
,69949,,,2076.1148929595947,,,,,,,,
,69949,,2.5238990783691406,,,,,,,,,
18,69949,,,,0.43144840002059937,1.0278687477111816,-2671.000244140625,15.0,15.0,,,
,69999,,,2075.1006603240967,,,,,,,,
,69999,,13.399362564086914,,,,,,,,,
18,69999,,,,20.61844825744629,1.0080701112747192,-2688.0,15.0,15.0,,,
,70049,,,3605.3178310394287,,,,,,,,
,70049,,4.068613052368164,,,,,,,,,
18,70049,,,,0.513964831829071,1.0188652276992798,-3517.999755859375,20.0,20.0,,,
,70099,,,3762.512445449829,,,,,,,,
,70099,,13.318538665771484,,,,,,,,,
18,70099,,,,0.2745228409767151,1.0321389436721802,-3445.0,20.0,20.0,,,
,70149,,,3805.816411972046,,,,,,,,
,70149,,4.261255264282227,,,,,,,,,
18,70149,,,,0.40409713983535767,1.0369930267333984,-3480.0,20.0,20.0,,,
,70199,,,3764.8210525512695,,,,,,,,
,70199,,12.911796569824219,,,,,,,,,
18,70199,,,,0.7275359630584717,1.0227830410003662,-3392.99951171875,20.0,20.0,,,
,70249,,,3773.775577545166,,,,,,,,
,70249,,4.319190979003906,,,,,,,,,
18,70249,,,,0.10598187893629074,1.0389028787612915,-3469.999755859375,20.0,20.0,,,
,70299,,,4377.311944961548,,,,,,,,
,70299,,13.704299926757812,,,,,,,,,
18,70299,,,,0.3735896348953247,1.0347542762756348,-3542.99951171875,20.0,20.0,,,
,70349,,,3590.2926921844482,,,,,,,,
,70349,,3.895998001098633,,,,,,,,,
18,70349,,,,0.11355175077915192,1.0325039625167847,-3455.000244140625,20.0,20.0,,,
,70399,,,3754.352569580078,,,,,,,,
,70399,,13.737201690673828,,,,,,,,,
18,70399,,,,0.5844718217849731,1.016853928565979,-3405.0,20.0,20.0,,,
,70449,,,3724.5497703552246,,,,,,,,
,70449,,4.334926605224609,,,,,,,,,
18,70449,,,,0.05413950979709625,1.0382349491119385,-3584.0,20.0,20.0,,,
,70499,,,3546.2958812713623,,,,,,,,
,70499,,13.21864128112793,,,,,,,,,
18,70499,,,,0.22249290347099304,1.0308260917663574,-3485.000244140625,20.0,20.0,,,
,70549,,,3734.7683906555176,,,,,,,,
,70549,,3.836393356323242,,,,,,,,,
18,70549,,,,0.6313679218292236,1.0330456495285034,-3469.999755859375,20.0,20.0,,,
,70599,,,3748.2123374938965,,,,,,,,
,70599,,13.588905334472656,,,,,,,,,
18,70599,,,,0.4220755994319916,1.030346393585205,-3514.0,20.0,20.0,,,
,70649,,,3826.691150665283,,,,,,,,
,70649,,4.304409027099609,,,,,,,,,
18,70649,,,,0.19959154725074768,1.0278671979904175,-3565.000244140625,20.0,20.0,,,
,70699,,,3815.8841133117676,,,,,,,,
,70699,,13.788700103759766,,,,,,,,,
18,70699,,,,0.4308745265007019,1.0320709943771362,-3541.0,20.0,20.0,,,
,70749,,,3783.0944061279297,,,,,,,,
,70749,,4.998922348022461,,,,,,,,,
18,70749,,,,-0.4105421006679535,1.0128893852233887,-3549.999755859375,20.0,20.0,,,
,70799,,,3795.502185821533,,,,,,,,
,70799,,13.051748275756836,,,,,,,,,
18,70799,,,,-0.9039368629455566,1.0329900979995728,-3442.000244140625,20.0,20.0,,,
,70849,,,3708.4691524505615,,,,,,,,
,70849,,4.083156585693359,,,,,,,,,
18,70849,,,,0.39365726709365845,1.0408189296722412,-3608.999755859375,20.0,20.0,,,
,70899,,,3568.78399848938,,,,,,,,
,70899,,13.839960098266602,,,,,,,,,
18,70899,,,,-0.02960759401321411,1.0396448373794556,-3341.0,20.0,20.0,,,
,70949,,,3593.35994720459,,,,,,,,
,70949,,4.311084747314453,,,,,,,,,
18,70949,,,,0.21908071637153625,1.0243875980377197,-3541.0,20.0,20.0,,,
,70999,,,3739.809513092041,,,,,,,,
,70999,,13.99683952331543,,,,,,,,,
18,70999,,,,-0.5763425827026367,1.027642846107483,-3471.0,20.0,20.0,,,
,71049,,,3789.271354675293,,,,,,,,
,71049,,5.1593780517578125,,,,,,,,,
18,71049,,,,0.11766621470451355,1.0394436120986938,-3332.999755859375,20.0,20.0,,,
,71099,,,3680.8199882507324,,,,,,,,
,71099,,13.582706451416016,,,,,,,,,
18,71099,,,,0.423076331615448,1.031970739364624,-3484.999755859375,20.0,20.0,,,
,71149,,,3608.2305908203125,,,,,,,,
,71149,,4.283428192138672,,,,,,,,,
18,71149,,,,-0.7045643329620361,1.0350186824798584,-3425.99951171875,20.0,20.0,,,
,71199,,,3733.670949935913,,,,,,,,
,71199,,17.828941345214844,,,,,,,,,
18,71199,,,,1.0749690532684326,1.0091208219528198,-3487.0,20.0,20.0,,,
,71249,,,4573.562145233154,,,,,,,,
,71249,,5.7735443115234375,,,,,,,,,
18,71249,,,,0.24521170556545258,1.024648904800415,-3412.999755859375,20.0,20.0,,,
18,71249,,,,,,,,,11.615768432617188,2727.5400390625,-2727.5400390625
,71250,8575.175224781036,,,,,,,,,,
,71299,,,1099.4601249694824,,,,,,,,
,71299,,15.190839767456055,,,,,,,,,
19,71299,,,,-0.2924710512161255,1.0152530670166016,-1595.0,10.0,10.0,,,
,71349,,,889.369010925293,,,,,,,,
,71349,,3.5414695739746094,,,,,,,,,
19,71349,,,,0.07753611356019974,1.0191258192062378,-1762.9998779296875,10.0,10.0,,,
,71399,,,1024.6481895446777,,,,,,,,
,71399,,11.24429702758789,,,,,,,,,
19,71399,,,,-0.18781855702400208,1.013113260269165,-1829.0001220703125,10.0,10.0,,,
,71449,,,924.3249893188477,,,,,,,,
,71449,,3.306865692138672,,,,,,,,,
19,71449,,,,-0.32855063676834106,1.004482388496399,-1543.0,10.0,10.0,,,
,71499,,,672.8801727294922,,,,,,,,
,71499,,10.820627212524414,,,,,,,,,
19,71499,,,,-0.003939760848879814,1.0103815793991089,-1740.0001220703125,10.0,10.0,,,
,71549,,,632.3795318603516,,,,,,,,
,71549,,1.0097026824951172,,,,,,,,,
19,71549,,,,0.014818951487541199,1.0115621089935303,-1757.0001220703125,10.0,10.0,,,
,71599,,,638.3693218231201,,,,,,,,
,71599,,18.69821548461914,,,,,,,,,
19,71599,,,,0.15621429681777954,1.0104210376739502,-1572.0,10.0,10.0,,,
,71649,,,636.4994049072266,,,,,,,,
,71649,,2.6607513427734375,,,,,,,,,
19,71649,,,,0.0,1.0,-1788.0,10.0,10.0,,,
,71699,,,640.9962177276611,,,,,,,,
,71699,,16.49022102355957,,,,,,,,,
19,71699,,,,0.0,1.0,-1729.0,10.0,10.0,,,
,71749,,,643.3417797088623,,,,,,,,
,71749,,3.313779830932617,,,,,,,,,
19,71749,,,,-0.03027559258043766,1.0029515027999878,-1625.0,10.0,10.0,,,
,71799,,,634.650468826294,,,,,,,,
,71799,,14.96434211730957,,,,,,,,,
19,71799,,,,-1.2624163627624512,1.0073051452636719,-1698.9998779296875,10.0,10.0,,,
,71849,,,627.6097297668457,,,,,,,,
,71849,,2.803325653076172,,,,,,,,,
19,71849,,,,0.19870245456695557,1.0166921615600586,-1802.0,10.0,10.0,,,
,71899,,,759.1488361358643,,,,,,,,
,71899,,10.03885269165039,,,,,,,,,
19,71899,,,,0.02420763671398163,1.0032061338424683,-1720.0,10.0,10.0,,,
,71949,,,763.9908790588379,,,,,,,,
,71949,,3.2150745391845703,,,,,,,,,
19,71949,,,,-0.024930164217948914,1.0107250213623047,-1753.9998779296875,10.0,10.0,,,
,71999,,,760.0202560424805,,,,,,,,
,71999,,9.546518325805664,,,,,,,,,
19,71999,,,,0.2112618237733841,1.017810344696045,-1750.0,10.0,10.0,,,
,72049,,,628.5529136657715,,,,,,,,
,72049,,1.0094642639160156,,,,,,,,,
19,72049,,,,0.07868210226297379,1.0316890478134155,-1609.000244140625,10.0,10.0,,,
,72099,,,631.049633026123,,,,,,,,
,72099,,9.603023529052734,,,,,,,,,
19,72099,,,,-0.15934103727340698,1.0064599514007568,-1688.9998779296875,10.0,10.0,,,
,72149,,,628.8192272186279,,,,,,,,
,72149,,2.8138160705566406,,,,,,,,,
19,72149,,,,0.0,1.0,-1668.0001220703125,10.0,10.0,,,
,72199,,,634.7610950469971,,,,,,,,
,72199,,9.404897689819336,,,,,,,,,
19,72199,,,,0.3501204252243042,1.0029911994934082,-1587.9998779296875,10.0,10.0,,,
,72249,,,630.7852268218994,,,,,,,,
,72249,,0.9503364562988281,,,,,,,,,
19,72249,,,,-0.07266407459974289,1.0035266876220703,-1728.0,10.0,10.0,,,
,72299,,,628.1912326812744,,,,,,,,
,72299,,9.244918823242188,,,,,,,,,
19,72299,,,,0.23051774501800537,1.0286865234375,-1585.0,10.0,10.0,,,
,72349,,,631.8333148956299,,,,,,,,
,72349,,1.1477470397949219,,,,,,,,,
19,72349,,,,0.0919957160949707,1.015343427658081,-1626.0,10.0,10.0,,,
,72399,,,645.073652267456,,,,,,,,
,72399,,9.836196899414062,,,,,,,,,
19,72399,,,,0.38221967220306396,1.0547858476638794,-1584.0,10.0,10.0,,,
,72449,,,703.2413482666016,,,,,,,,
,72449,,0.9987354278564453,,,,,,,,,
19,72449,,,,0.12328377366065979,1.0031397342681885,-1601.000244140625,10.0,10.0,,,
,72499,,,819.3948268890381,,,,,,,,
,72499,,18.897056579589844,,,,,,,,,
19,72499,,,,-0.13071861863136292,1.0166685581207275,-1641.0,10.0,10.0,,,
,72549,,,1714.9152755737305,,,,,,,,
,72549,,3.271818161010742,,,,,,,,,
19,72549,,,,-0.11771570146083832,1.0410083532333374,-2601.999755859375,15.0,15.0,,,
,72599,,,1719.7790145874023,,,,,,,,
,72599,,12.557506561279297,,,,,,,,,
19,72599,,,,0.22092945873737335,1.020499587059021,-2588.000244140625,15.0,15.0,,,
,72649,,,1567.6369667053223,,,,,,,,
,72649,,2.935647964477539,,,,,,,,,
19,72649,,,,-0.47462302446365356,1.0156264305114746,-2520.999755859375,15.0,15.0,,,
,72699,,,1488.6581897735596,,,,,,,,
,72699,,11.674165725708008,,,,,,,,,
19,72699,,,,0.03393091261386871,1.0055725574493408,-2328.999755859375,15.0,15.0,,,
,72749,,,1444.1449642181396,,,,,,,,
,72749,,6.134986877441406,,,,,,,,,
19,72749,,,,0.47721022367477417,1.0281630754470825,-2551.999755859375,15.0,15.0,,,
,72799,,,1474.614143371582,,,,,,,,
,72799,,11.531829833984375,,,,,,,,,
19,72799,,,,0.0459606796503067,1.026576280593872,-2499.0,15.0,15.0,,,
,72849,,,1481.1344146728516,,,,,,,,
,72849,,2.5174617767333984,,,,,,,,,
19,72849,,,,-0.8396084308624268,1.018839955329895,-2662.0,15.0,15.0,,,
,72899,,,1424.177646636963,,,,,,,,
,72899,,10.875463485717773,,,,,,,,,
19,72899,,,,0.20719532668590546,1.022597312927246,-2633.0,15.0,15.0,,,
,72949,,,1458.019495010376,,,,,,,,
,72949,,2.2988319396972656,,,,,,,,,
19,72949,,,,0.5768905282020569,1.0227975845336914,-2560.0,15.0,15.0,,,
,72999,,,1419.020652770996,,,,,,,,
,72999,,10.859251022338867,,,,,,,,,
19,72999,,,,0.06277699023485184,1.0175422430038452,-2641.0,15.0,15.0,,,
,73049,,,1415.6010150909424,,,,,,,,
,73049,,2.203226089477539,,,,,,,,,
19,73049,,,,-0.029966682195663452,1.035582423210144,-2633.0,15.0,15.0,,,
,73099,,,1426.781177520752,,,,,,,,
,73099,,14.183998107910156,,,,,,,,,
19,73099,,,,-0.2764124572277069,1.0149041414260864,-2665.0,15.0,15.0,,,
,73149,,,1418.2589054107666,,,,,,,,
,73149,,2.469778060913086,,,,,,,,,
19,73149,,,,5.0775628089904785,1.0348515510559082,-2610.999755859375,15.0,15.0,,,
,73199,,,1434.1621398925781,,,,,,,,
,73199,,10.881185531616211,,,,,,,,,
19,73199,,,,-0.0781015157699585,1.0058495998382568,-2606.999755859375,15.0,15.0,,,
,73249,,,1820.3957080841064,,,,,,,,
,73249,,3.014087677001953,,,,,,,,,
19,73249,,,,0.5362114906311035,1.0103615522384644,-2584.0,15.0,15.0,,,
,73299,,,2068.1707859039307,,,,,,,,
,73299,,12.888193130493164,,,,,,,,,
19,73299,,,,-0.12176422774791718,1.0333504676818848,-2566.99951171875,15.0,15.0,,,
,73349,,,2270.517349243164,,,,,,,,
,73349,,3.957033157348633,,,,,,,,,
19,73349,,,,-0.16783398389816284,1.043054461479187,-2575.000244140625,15.0,15.0,,,
,73399,,,2096.379280090332,,,,,,,,
,73399,,13.18216323852539,,,,,,,,,
19,73399,,,,0.16207420825958252,1.0165979862213135,-2563.999755859375,15.0,15.0,,,
,73449,,,2147.538185119629,,,,,,,,
,73449,,4.565954208374023,,,,,,,,,
19,73449,,,,-0.1379036009311676,1.0335752964019775,-2622.999755859375,15.0,15.0,,,
,73499,,,2258.2154273986816,,,,,,,,
,73499,,19.272327423095703,,,,,,,,,
19,73499,,,,0.041864484548568726,1.0233075618743896,-2658.000244140625,15.0,15.0,,,
,73549,,,2133.065700531006,,,,,,,,
,73549,,3.9670467376708984,,,,,,,,,
19,73549,,,,-0.2413208931684494,1.0254651308059692,-2595.0,15.0,15.0,,,
,73599,,,2087.9857540130615,,,,,,,,
,73599,,13.224601745605469,,,,,,,,,
19,73599,,,,0.33215436339378357,1.0170994997024536,-2594.0,15.0,15.0,,,
,73649,,,2086.9035720825195,,,,,,,,
,73649,,3.1604766845703125,,,,,,,,,
19,73649,,,,-0.48681849241256714,1.0479938983917236,-2559.000244140625,15.0,15.0,,,
,73699,,,2186.922311782837,,,,,,,,
,73699,,12.501001358032227,,,,,,,,,
19,73699,,,,-0.08040684461593628,1.0131065845489502,-2560.999755859375,15.0,15.0,,,
,73749,,,2284.849166870117,,,,,,,,
,73749,,4.033565521240234,,,,,,,,,
19,73749,,,,-0.011377014219760895,1.024644136428833,-2549.999755859375,15.0,15.0,,,
,73799,,,3579.1051387786865,,,,,,,,
,73799,,14.856576919555664,,,,,,,,,
19,73799,,,,0.7363762855529785,1.0497008562088013,-3275.999755859375,20.0,20.0,,,
,73849,,,3764.031171798706,,,,,,,,
,73849,,5.056619644165039,,,,,,,,,
19,73849,,,,-0.45983803272247314,1.0393128395080566,-3393.999755859375,20.0,20.0,,,
,73899,,,4537.178516387939,,,,,,,,
,73899,,15.036344528198242,,,,,,,,,
19,73899,,,,-0.9371929168701172,1.036234974861145,-3491.999755859375,20.0,20.0,,,
,73949,,,3822.092294692993,,,,,,,,
,73949,,5.387783050537109,,,,,,,,,
19,73949,,,,-0.5849077701568604,1.0373810529708862,-3505.0,20.0,20.0,,,
,73999,,,3741.255760192871,,,,,,,,
,73999,,14.903068542480469,,,,,,,,,
19,73999,,,,-0.20046520233154297,1.0331599712371826,-3465.0,20.0,20.0,,,
,74049,,,3786.020517349243,,,,,,,,
,74049,,2.038240432739258,,,,,,,,,
19,74049,,,,0.0014468133449554443,1.040200114250183,-3494.000244140625,20.0,20.0,,,
,74099,,,3707.3493003845215,,,,,,,,
,74099,,14.479398727416992,,,,,,,,,
19,74099,,,,-0.24585968255996704,1.0303730964660645,-3349.0,20.0,20.0,,,
,74149,,,3715.099573135376,,,,,,,,
,74149,,5.2490234375,,,,,,,,,
19,74149,,,,0.3716464638710022,1.0337318181991577,-3550.000244140625,20.0,20.0,,,
,74199,,,3700.166702270508,,,,,,,,
,74199,,14.57524299621582,,,,,,,,,
19,74199,,,,0.9348194003105164,1.0348327159881592,-3570.99951171875,20.0,20.0,,,
,74249,,,3662.177085876465,,,,,,,,
,74249,,7.765054702758789,,,,,,,,,
19,74249,,,,0.24924422800540924,1.0248042345046997,-3405.000244140625,20.0,20.0,,,
,74299,,,3785.9675884246826,,,,,,,,
,74299,,14.788627624511719,,,,,,,,,
19,74299,,,,0.2811543941497803,1.0367084741592407,-3494.0,20.0,20.0,,,
,74349,,,3555.502414703369,,,,,,,,
,74349,,5.142688751220703,,,,,,,,,
19,74349,,,,-0.3101620078086853,1.0461571216583252,-3514.999755859375,20.0,20.0,,,
,74399,,,3782.5582027435303,,,,,,,,
,74399,,11.422872543334961,,,,,,,,,
19,74399,,,,0.15322816371917725,1.059204339981079,-3289.000732421875,20.0,20.0,,,
,74449,,,3757.7786445617676,,,,,,,,
,74449,,5.0754547119140625,,,,,,,,,
19,74449,,,,0.7690397500991821,1.0277782678604126,-3536.999755859375,20.0,20.0,,,
,74499,,,3685.4350566864014,,,,,,,,
,74499,,17.735958099365234,,,,,,,,,
19,74499,,,,-0.43685516715049744,1.052727460861206,-3420.0,20.0,20.0,,,
,74549,,,3847.3494052886963,,,,,,,,
,74549,,2.879619598388672,,,,,,,,,
19,74549,,,,-0.9299069046974182,1.0321502685546875,-3491.999755859375,20.0,20.0,,,
,74599,,,3759.0394020080566,,,,,,,,
,74599,,14.99795913696289,,,,,,,,,
19,74599,,,,-0.42789554595947266,1.0408669710159302,-3483.999755859375,20.0,20.0,,,
,74649,,,3727.2937297821045,,,,,,,,
,74649,,5.177497863769531,,,,,,,,,
19,74649,,,,0.6157942414283752,1.0458873510360718,-3500.00048828125,20.0,20.0,,,
,74699,,,3766.9191360473633,,,,,,,,
,74699,,14.534235000610352,,,,,,,,,
19,74699,,,,-0.07227759063243866,1.0324851274490356,-3300.000244140625,20.0,20.0,,,
,74749,,,3610.130786895752,,,,,,,,
,74749,,5.741119384765625,,,,,,,,,
19,74749,,,,0.20110821723937988,1.0254584550857544,-3587.0,20.0,20.0,,,
,74799,,,3815.3250217437744,,,,,,,,
,74799,,13.962745666503906,,,,,,,,,
19,74799,,,,0.2197640836238861,1.0583722591400146,-3512.999755859375,20.0,20.0,,,
,74849,,,3746.641159057617,,,,,,,,
,74849,,5.320549011230469,,,,,,,,,
19,74849,,,,-0.28745201230049133,1.05550217628479,-3529.000244140625,20.0,20.0,,,
,74899,,,4920.635461807251,,,,,,,,
,74899,,15.091419219970703,,,,,,,,,
19,74899,,,,-0.6767936944961548,1.0325173139572144,-3357.999755859375,20.0,20.0,,,
,74949,,,4212.09192276001,,,,,,,,
,74949,,5.915164947509766,,,,,,,,,
19,74949,,,,-0.5516653656959534,1.0274872779846191,-3495.000244140625,20.0,20.0,,,
,74999,,,3837.660551071167,,,,,,,,
,74999,,14.784097671508789,,,,,,,,,
19,74999,,,,-0.14093250036239624,1.0477969646453857,-3442.0,20.0,20.0,,,
19,74999,,,,,,,,,11.82079792022705,2733.31005859375,-2733.31005859375
,75000,8289.881297588348,,,,,,,,,,
