[2026-03-02 11:08:12,579] INFO:ptp_discovery.pref_loss_coevo: Run directory: /data1/gushengda/eam-rl4co/runs/pref_loss_alternating_simple/20260302-110812
[2026-03-02 11:08:12,579] INFO:ptp_discovery.pref_loss_coevo: EVAL_STAGES enabled: stage0_gate=1 stage1_proxy=0 stage2_micro_unroll=0 stage3_high_fidelity=1
/data1/gushengda/eam-rl4co/PTP/fitness/free_loss_fidelity.py:52: FutureWarning: You are using `torch.load` with `weights_only=False` (the current default value), which uses the default pickle module implicitly. It is possible to construct malicious pickle data which will execute arbitrary code during unpickling (See https://github.com/pytorch/pytorch/blob/main/SECURITY.md#untrusted-models for more details). In a future release, the default value for `weights_only` will be flipped to `True`. This limits the functions that could be executed during unpickling. Arbitrary objects will no longer be allowed to be loaded via this mode unless they are explicitly allowlisted by the user via `torch.serialization.add_safe_globals`. We recommend you start setting `weights_only=True` for any use case where you don't have full control of the loaded file. Please open an issue on GitHub for any issues related to this experimental feature.
  obj = torch.load(p, map_location="cpu")
[2026-03-02 11:08:19,416] INFO:fitness.free_loss_fidelity: RL4CO free-loss (step-mode): f1_steps=1000, f2_steps=0, total_steps=1000, train_problem_size=100, rollouts=100, batch_size=64, device=cuda:0, env=tsp
[2026-03-02 11:08:20,724] INFO:fitness.free_loss_fidelity: RL4CO free-loss step 1/1000: score=59.311199 (avg=59.311199), loss=0.713667 (avg=0.713667), pairs_step=316800, pairs_total=316800
[2026-03-02 11:08:53,140] INFO:fitness.free_loss_fidelity: RL4CO free-loss step 100/1000: score=8.909042 (avg=10.490292), loss=0.584376 (avg=0.600692), pairs_step=316800, pairs_total=31679980
[2026-03-02 11:09:26,137] INFO:fitness.free_loss_fidelity: RL4CO free-loss step 200/1000: score=8.593422 (avg=9.616787), loss=0.602915 (avg=0.597616), pairs_step=316800, pairs_total=63359952
[2026-03-02 11:09:59,162] INFO:fitness.free_loss_fidelity: RL4CO free-loss step 300/1000: score=8.426037 (avg=9.246140), loss=0.611996 (avg=0.600886), pairs_step=316800, pairs_total=95039927
[2026-03-02 11:10:32,136] INFO:fitness.free_loss_fidelity: RL4CO free-loss step 400/1000: score=8.305550 (avg=9.024522), loss=0.615185 (avg=0.604400), pairs_step=316800, pairs_total=126719888
[2026-03-02 11:11:05,144] INFO:fitness.free_loss_fidelity: RL4CO free-loss step 500/1000: score=8.207960 (avg=8.875900), loss=0.615013 (avg=0.607260), pairs_step=316800, pairs_total=158399847
[2026-03-02 11:11:38,172] INFO:fitness.free_loss_fidelity: RL4CO free-loss step 600/1000: score=8.207817 (avg=8.769875), loss=0.622063 (avg=0.609490), pairs_step=316800, pairs_total=190079807
[2026-03-02 11:12:11,260] INFO:fitness.free_loss_fidelity: RL4CO free-loss step 700/1000: score=8.226031 (avg=8.689946), loss=0.624281 (avg=0.611226), pairs_step=316800, pairs_total=221759770
[2026-03-02 11:12:45,019] INFO:fitness.free_loss_fidelity: RL4CO free-loss step 800/1000: score=8.198023 (avg=8.626901), loss=0.624456 (avg=0.612720), pairs_step=316800, pairs_total=253439736
[2026-03-02 11:13:17,770] INFO:fitness.free_loss_fidelity: RL4CO free-loss step 900/1000: score=8.198490 (avg=8.576027), loss=0.622881 (avg=0.614026), pairs_step=316799, pairs_total=285119704
[2026-03-02 11:13:50,498] INFO:fitness.free_loss_fidelity: RL4CO free-loss step 1000/1000: score=8.199331 (avg=8.534264), loss=0.628757 (avg=0.615186), pairs_step=316800, pairs_total=316799666
[2026-03-02 11:13:51,587] WARNING:fitness.free_loss_fidelity: weights_only checkpoint load failed (UnpicklingError); retrying weights_only=False for /data1/gushengda/eam-rl4co/baseline/epoch_135.ckpt
/data1/gushengda/eam-rl4co/PTP/fitness/free_loss_fidelity.py:519: FutureWarning: You are using `torch.load` with `weights_only=False` (the current default value), which uses the default pickle module implicitly. It is possible to construct malicious pickle data which will execute arbitrary code during unpickling (See https://github.com/pytorch/pytorch/blob/main/SECURITY.md#untrusted-models for more details). In a future release, the default value for `weights_only` will be flipped to `True`. This limits the functions that could be executed during unpickling. Arbitrary objects will no longer be allowed to be loaded via this mode unless they are explicitly allowlisted by the user via `torch.serialization.add_safe_globals`. We recommend you start setting `weights_only=True` for any use case where you don't have full control of the loaded file. Please open an issue on GitHub for any issues related to this experimental feature.
  ckpt = torch.load(ckpt_path, map_location="cpu")
[2026-03-02 11:13:51,631] INFO:fitness.free_loss_fidelity: Loaded init checkpoint into policy: path=/data1/gushengda/eam-rl4co/baseline/epoch_135.ckpt prefix=policy. matched=97 missing=0 unexpected=0
[2026-03-02 11:13:51,636] INFO:fitness.free_loss_fidelity: RL4CO free-loss (step-mode): f1_steps=1000, f2_steps=0, total_steps=1000, train_problem_size=100, rollouts=100, batch_size=64, device=cuda:0, env=tsp
[2026-03-02 11:13:52,022] INFO:fitness.free_loss_fidelity: RL4CO free-loss step 1/1000: score=7.803347 (avg=7.803347), loss=0.675021 (avg=0.675021), pairs_step=315697, pairs_total=315697
[2026-03-02 11:14:24,472] INFO:fitness.free_loss_fidelity: RL4CO free-loss step 100/1000: score=7.757478 (avg=7.798959), loss=0.674681 (avg=0.674607), pairs_step=315766, pairs_total=31570465
[2026-03-02 11:14:57,557] INFO:fitness.free_loss_fidelity: RL4CO free-loss step 200/1000: score=7.806245 (avg=7.798065), loss=0.671531 (avg=0.674480), pairs_step=315540, pairs_total=63128311
[2026-03-02 11:15:30,318] INFO:fitness.free_loss_fidelity: RL4CO free-loss step 300/1000: score=7.810027 (avg=7.798641), loss=0.674713 (avg=0.674447), pairs_step=315731, pairs_total=94685919
[2026-03-02 11:16:02,955] INFO:fitness.free_loss_fidelity: RL4CO free-loss step 400/1000: score=7.822574 (avg=7.798345), loss=0.675985 (avg=0.674368), pairs_step=315209, pairs_total=126233013
[2026-03-02 11:16:35,620] INFO:fitness.free_loss_fidelity: RL4CO free-loss step 500/1000: score=7.779900 (avg=7.797467), loss=0.674559 (avg=0.674313), pairs_step=315100, pairs_total=157775696
[2026-03-02 11:17:08,355] INFO:fitness.free_loss_fidelity: RL4CO free-loss step 600/1000: score=7.765094 (avg=7.796968), loss=0.675128 (avg=0.674263), pairs_step=315728, pairs_total=189308182
[2026-03-02 11:17:41,062] INFO:fitness.free_loss_fidelity: RL4CO free-loss step 700/1000: score=7.805175 (avg=7.796854), loss=0.675936 (avg=0.674293), pairs_step=314636, pairs_total=220834154
[2026-03-02 11:18:13,755] INFO:fitness.free_loss_fidelity: RL4CO free-loss step 800/1000: score=7.788865 (avg=7.796773), loss=0.675098 (avg=0.674296), pairs_step=314968, pairs_total=252353447
[2026-03-02 11:18:46,510] INFO:fitness.free_loss_fidelity: RL4CO free-loss step 900/1000: score=7.824775 (avg=7.796415), loss=0.675519 (avg=0.674300), pairs_step=314851, pairs_total=283873851
[2026-03-02 11:19:19,176] INFO:fitness.free_loss_fidelity: RL4CO free-loss step 1000/1000: score=7.823166 (avg=7.795947), loss=0.674431 (avg=0.674303), pairs_step=315267, pairs_total=315382566
[2026-03-02 11:19:20,264] WARNING:fitness.free_loss_fidelity: weights_only checkpoint load failed (UnpicklingError); retrying weights_only=False for /data1/gushengda/eam-rl4co/baseline/epoch_409.ckpt
[2026-03-02 11:19:20,301] INFO:fitness.free_loss_fidelity: Loaded init checkpoint into policy: path=/data1/gushengda/eam-rl4co/baseline/epoch_409.ckpt prefix=policy. matched=97 missing=0 unexpected=0
[2026-03-02 11:19:20,306] INFO:fitness.free_loss_fidelity: RL4CO free-loss (step-mode): f1_steps=1000, f2_steps=0, total_steps=1000, train_problem_size=100, rollouts=100, batch_size=64, device=cuda:0, env=tsp
[2026-03-02 11:19:20,689] INFO:fitness.free_loss_fidelity: RL4CO free-loss step 1/1000: score=7.807477 (avg=7.807477), loss=0.219726 (avg=0.219726), pairs_step=315750, pairs_total=315750
[2026-03-02 11:19:53,247] INFO:fitness.free_loss_fidelity: RL4CO free-loss step 100/1000: score=7.754890 (avg=7.797873), loss=0.227589 (avg=0.215027), pairs_step=315957, pairs_total=31586370
[2026-03-02 11:20:25,965] INFO:fitness.free_loss_fidelity: RL4CO free-loss step 200/1000: score=7.811291 (avg=7.796739), loss=0.202797 (avg=0.214860), pairs_step=314995, pairs_total=63151644
[2026-03-02 11:20:58,634] INFO:fitness.free_loss_fidelity: RL4CO free-loss step 300/1000: score=7.807497 (avg=7.796925), loss=0.213881 (avg=0.214029), pairs_step=315313, pairs_total=94712911
[2026-03-02 11:21:31,295] INFO:fitness.free_loss_fidelity: RL4CO free-loss step 400/1000: score=7.817464 (avg=7.796502), loss=0.214768 (avg=0.212755), pairs_step=315684, pairs_total=126265026
[2026-03-02 11:22:04,158] INFO:fitness.free_loss_fidelity: RL4CO free-loss step 500/1000: score=7.774033 (avg=7.795322), loss=0.215123 (avg=0.212834), pairs_step=315038, pairs_total=157804813
[2026-03-02 11:22:37,175] INFO:fitness.free_loss_fidelity: RL4CO free-loss step 600/1000: score=7.751295 (avg=7.794492), loss=0.211514 (avg=0.212623), pairs_step=315512, pairs_total=189333905
[2026-03-02 11:23:09,990] INFO:fitness.free_loss_fidelity: RL4CO free-loss step 700/1000: score=7.805068 (avg=7.794145), loss=0.213040 (avg=0.212540), pairs_step=315077, pairs_total=220852535
[2026-03-02 11:23:42,896] INFO:fitness.free_loss_fidelity: RL4CO free-loss step 800/1000: score=7.785733 (avg=7.793839), loss=0.206146 (avg=0.212172), pairs_step=314943, pairs_total=252369933
[2026-03-02 11:24:16,013] INFO:fitness.free_loss_fidelity: RL4CO free-loss step 900/1000: score=7.825589 (avg=7.793401), loss=0.210236 (avg=0.212008), pairs_step=314921, pairs_total=283865760
[2026-03-02 11:24:49,024] INFO:fitness.free_loss_fidelity: RL4CO free-loss step 1000/1000: score=7.819310 (avg=7.792772), loss=0.213496 (avg=0.211456), pairs_step=315048, pairs_total=315360221
[2026-03-02 11:24:50,090] INFO:fitness.free_loss_fidelity: RL4CO free-loss (step-mode): f1_steps=1000, f2_steps=0, total_steps=1000, train_problem_size=100, rollouts=100, batch_size=64, device=cuda:0, env=tsp
[2026-03-02 11:24:50,467] INFO:fitness.free_loss_fidelity: RL4CO free-loss step 1/1000: score=44.158031 (avg=44.158031), loss=0.744717 (avg=0.744717), pairs_step=316799, pairs_total=316799
[2026-03-02 11:25:23,070] INFO:fitness.free_loss_fidelity: RL4CO free-loss step 100/1000: score=8.808546 (avg=10.151463), loss=0.586835 (avg=0.594323), pairs_step=316799, pairs_total=31679972
[2026-03-02 11:25:56,056] INFO:fitness.free_loss_fidelity: RL4CO free-loss step 200/1000: score=8.592943 (avg=9.424353), loss=0.601020 (avg=0.593417), pairs_step=316800, pairs_total=63359946
[2026-03-02 11:26:29,047] INFO:fitness.free_loss_fidelity: RL4CO free-loss step 300/1000: score=8.421310 (avg=9.109407), loss=0.612473 (avg=0.597476), pairs_step=316800, pairs_total=95039914
[2026-03-02 11:27:02,010] INFO:fitness.free_loss_fidelity: RL4CO free-loss step 400/1000: score=8.355886 (avg=8.924867), loss=0.610051 (avg=0.601599), pairs_step=316800, pairs_total=126719884
[2026-03-02 11:27:35,175] INFO:fitness.free_loss_fidelity: RL4CO free-loss step 500/1000: score=8.231411 (avg=8.800300), loss=0.616159 (avg=0.604598), pairs_step=316800, pairs_total=158399842
[2026-03-02 11:28:08,140] INFO:fitness.free_loss_fidelity: RL4CO free-loss step 600/1000: score=8.190676 (avg=8.708586), loss=0.616797 (avg=0.606819), pairs_step=316799, pairs_total=190079812
[2026-03-02 11:28:41,120] INFO:fitness.free_loss_fidelity: RL4CO free-loss step 700/1000: score=8.207176 (avg=8.639345), loss=0.618597 (avg=0.608625), pairs_step=316799, pairs_total=221759767
[2026-03-02 11:29:14,100] INFO:fitness.free_loss_fidelity: RL4CO free-loss step 800/1000: score=8.184742 (avg=8.584350), loss=0.621370 (avg=0.610256), pairs_step=316800, pairs_total=253439734
[2026-03-02 11:29:47,286] INFO:fitness.free_loss_fidelity: RL4CO free-loss step 900/1000: score=8.190075 (avg=8.539324), loss=0.625107 (avg=0.611660), pairs_step=316799, pairs_total=285119700
[2026-03-02 11:30:20,560] INFO:fitness.free_loss_fidelity: RL4CO free-loss step 1000/1000: score=8.207205 (avg=8.502053), loss=0.625386 (avg=0.612887), pairs_step=316799, pairs_total=316799656
[2026-03-02 11:30:21,655] WARNING:fitness.free_loss_fidelity: weights_only checkpoint load failed (UnpicklingError); retrying weights_only=False for /data1/gushengda/eam-rl4co/baseline/epoch_135.ckpt
[2026-03-02 11:30:21,690] INFO:fitness.free_loss_fidelity: Loaded init checkpoint into policy: path=/data1/gushengda/eam-rl4co/baseline/epoch_135.ckpt prefix=policy. matched=97 missing=0 unexpected=0
[2026-03-02 11:30:21,696] INFO:fitness.free_loss_fidelity: RL4CO free-loss (step-mode): f1_steps=1000, f2_steps=0, total_steps=1000, train_problem_size=100, rollouts=100, batch_size=64, device=cuda:0, env=tsp
[2026-03-02 11:30:22,080] INFO:fitness.free_loss_fidelity: RL4CO free-loss step 1/1000: score=7.803347 (avg=7.803347), loss=0.675021 (avg=0.675021), pairs_step=315697, pairs_total=315697
[2026-03-02 11:30:54,869] INFO:fitness.free_loss_fidelity: RL4CO free-loss step 100/1000: score=7.759506 (avg=7.798552), loss=0.675082 (avg=0.675014), pairs_step=315709, pairs_total=31574254
[2026-03-02 11:31:27,972] INFO:fitness.free_loss_fidelity: RL4CO free-loss step 200/1000: score=7.807741 (avg=7.797915), loss=0.672826 (avg=0.674956), pairs_step=315281, pairs_total=63132899
[2026-03-02 11:32:01,068] INFO:fitness.free_loss_fidelity: RL4CO free-loss step 300/1000: score=7.807712 (avg=7.798831), loss=0.674113 (avg=0.674894), pairs_step=315297, pairs_total=94682544
[2026-03-02 11:32:34,144] INFO:fitness.free_loss_fidelity: RL4CO free-loss step 400/1000: score=7.818387 (avg=7.798616), loss=0.673291 (avg=0.674906), pairs_step=315237, pairs_total=126225342
[2026-03-02 11:33:07,387] INFO:fitness.free_loss_fidelity: RL4CO free-loss step 500/1000: score=7.778872 (avg=7.797821), loss=0.673602 (avg=0.674768), pairs_step=315484, pairs_total=157765738
[2026-03-02 11:33:40,461] INFO:fitness.free_loss_fidelity: RL4CO free-loss step 600/1000: score=7.756998 (avg=7.797137), loss=0.673223 (avg=0.674744), pairs_step=315460, pairs_total=189296532
[2026-03-02 11:34:13,537] INFO:fitness.free_loss_fidelity: RL4CO free-loss step 700/1000: score=7.807221 (avg=7.797045), loss=0.677252 (avg=0.674741), pairs_step=314784, pairs_total=220817156
[2026-03-02 11:34:46,669] INFO:fitness.free_loss_fidelity: RL4CO free-loss step 800/1000: score=7.795782 (avg=7.797040), loss=0.677145 (avg=0.674724), pairs_step=315099, pairs_total=252340098
[2026-03-02 11:35:19,766] INFO:fitness.free_loss_fidelity: RL4CO free-loss step 900/1000: score=7.829516 (avg=7.796684), loss=0.676789 (avg=0.674671), pairs_step=315597, pairs_total=283864117
[2026-03-02 11:35:52,935] INFO:fitness.free_loss_fidelity: RL4CO free-loss step 1000/1000: score=7.821495 (avg=7.796242), loss=0.674611 (avg=0.674619), pairs_step=315310, pairs_total=315371604
[2026-03-02 11:35:54,030] WARNING:fitness.free_loss_fidelity: weights_only checkpoint load failed (UnpicklingError); retrying weights_only=False for /data1/gushengda/eam-rl4co/baseline/epoch_409.ckpt
[2026-03-02 11:35:54,066] INFO:fitness.free_loss_fidelity: Loaded init checkpoint into policy: path=/data1/gushengda/eam-rl4co/baseline/epoch_409.ckpt prefix=policy. matched=97 missing=0 unexpected=0
[2026-03-02 11:35:54,071] INFO:fitness.free_loss_fidelity: RL4CO free-loss (step-mode): f1_steps=1000, f2_steps=0, total_steps=1000, train_problem_size=100, rollouts=100, batch_size=64, device=cuda:0, env=tsp
[2026-03-02 11:35:54,458] INFO:fitness.free_loss_fidelity: RL4CO free-loss step 1/1000: score=7.807477 (avg=7.807477), loss=0.219726 (avg=0.219726), pairs_step=315750, pairs_total=315750
[2026-03-02 11:36:27,204] INFO:fitness.free_loss_fidelity: RL4CO free-loss step 100/1000: score=7.760354 (avg=7.797860), loss=0.233951 (avg=0.215133), pairs_step=315732, pairs_total=31583294
[2026-03-02 11:37:00,264] INFO:fitness.free_loss_fidelity: RL4CO free-loss step 200/1000: score=7.810764 (avg=7.796869), loss=0.202843 (avg=0.214220), pairs_step=315253, pairs_total=63153487
[2026-03-02 11:37:33,537] INFO:fitness.free_loss_fidelity: RL4CO free-loss step 300/1000: score=7.802251 (avg=7.797051), loss=0.212612 (avg=0.213396), pairs_step=315745, pairs_total=94719236
[2026-03-02 11:38:06,585] INFO:fitness.free_loss_fidelity: RL4CO free-loss step 400/1000: score=7.821613 (avg=7.796485), loss=0.233306 (avg=0.215648), pairs_step=315666, pairs_total=126268754
[2026-03-02 11:38:39,609] INFO:fitness.free_loss_fidelity: RL4CO free-loss step 500/1000: score=7.772823 (avg=7.795304), loss=0.238840 (avg=0.217479), pairs_step=315355, pairs_total=157813148
[2026-03-02 11:39:12,657] INFO:fitness.free_loss_fidelity: RL4CO free-loss step 600/1000: score=7.754221 (avg=7.794506), loss=0.209927 (avg=0.217034), pairs_step=314834, pairs_total=189341144
[2026-03-02 11:39:45,698] INFO:fitness.free_loss_fidelity: RL4CO free-loss step 700/1000: score=7.799755 (avg=7.794067), loss=0.195580 (avg=0.215970), pairs_step=314844, pairs_total=220859508
[2026-03-02 11:40:18,993] INFO:fitness.free_loss_fidelity: RL4CO free-loss step 800/1000: score=7.789241 (avg=7.793834), loss=0.205948 (avg=0.214567), pairs_step=315246, pairs_total=252375638
[2026-03-02 11:40:52,077] INFO:fitness.free_loss_fidelity: RL4CO free-loss step 900/1000: score=7.824488 (avg=7.793294), loss=0.214711 (avg=0.214259), pairs_step=314670, pairs_total=283869228
[2026-03-02 11:41:25,188] INFO:fitness.free_loss_fidelity: RL4CO free-loss step 1000/1000: score=7.816900 (avg=7.792699), loss=0.213160 (avg=0.213981), pairs_step=314940, pairs_total=315357812
[2026-03-02 11:41:26,255] INFO:fitness.free_loss_fidelity: RL4CO free-loss (step-mode): f1_steps=1000, f2_steps=0, total_steps=1000, train_problem_size=100, rollouts=100, batch_size=64, device=cuda:0, env=tsp
[2026-03-02 11:41:26,593] INFO:fitness.free_loss_fidelity: RL4CO free-loss step 1/1000: score=43.203537 (avg=43.203537), loss=0.720524 (avg=0.720524), pairs_step=316800, pairs_total=316800
[2026-03-02 11:41:59,290] INFO:fitness.free_loss_fidelity: RL4CO free-loss step 100/1000: score=8.836145 (avg=9.869246), loss=0.584129 (avg=0.598093), pairs_step=316800, pairs_total=31679975
[2026-03-02 11:42:32,143] INFO:fitness.free_loss_fidelity: RL4CO free-loss step 200/1000: score=8.591809 (avg=9.275812), loss=0.605532 (avg=0.596875), pairs_step=316800, pairs_total=63359941
[2026-03-02 11:43:04,904] INFO:fitness.free_loss_fidelity: RL4CO free-loss step 300/1000: score=8.386122 (avg=9.004720), loss=0.613105 (avg=0.600839), pairs_step=316800, pairs_total=95039912
[2026-03-02 11:43:37,759] INFO:fitness.free_loss_fidelity: RL4CO free-loss step 400/1000: score=8.323135 (avg=8.838412), loss=0.615463 (avg=0.604582), pairs_step=316800, pairs_total=126719876
[2026-03-02 11:44:10,543] INFO:fitness.free_loss_fidelity: RL4CO free-loss step 500/1000: score=8.208477 (avg=8.724337), loss=0.617948 (avg=0.607618), pairs_step=316800, pairs_total=158399848
[2026-03-02 11:44:43,348] INFO:fitness.free_loss_fidelity: RL4CO free-loss step 600/1000: score=8.155777 (avg=8.643042), loss=0.627900 (avg=0.609997), pairs_step=316800, pairs_total=190079816
[2026-03-02 11:45:16,333] INFO:fitness.free_loss_fidelity: RL4CO free-loss step 700/1000: score=8.208745 (avg=8.581010), loss=0.627435 (avg=0.611823), pairs_step=316800, pairs_total=221759781
[2026-03-02 11:45:49,128] INFO:fitness.free_loss_fidelity: RL4CO free-loss step 800/1000: score=8.167731 (avg=8.532163), loss=0.624562 (avg=0.613371), pairs_step=316800, pairs_total=253439739
[2026-03-02 11:46:21,919] INFO:fitness.free_loss_fidelity: RL4CO free-loss step 900/1000: score=8.197235 (avg=8.492217), loss=0.627021 (avg=0.614769), pairs_step=316799, pairs_total=285119714
[2026-03-02 11:46:54,698] INFO:fitness.free_loss_fidelity: RL4CO free-loss step 1000/1000: score=8.192142 (avg=8.458769), loss=0.627374 (avg=0.616010), pairs_step=316799, pairs_total=316799671
[2026-03-02 11:46:55,788] WARNING:fitness.free_loss_fidelity: weights_only checkpoint load failed (UnpicklingError); retrying weights_only=False for /data1/gushengda/eam-rl4co/baseline/epoch_135.ckpt
[2026-03-02 11:46:55,825] INFO:fitness.free_loss_fidelity: Loaded init checkpoint into policy: path=/data1/gushengda/eam-rl4co/baseline/epoch_135.ckpt prefix=policy. matched=97 missing=0 unexpected=0
[2026-03-02 11:46:55,830] INFO:fitness.free_loss_fidelity: RL4CO free-loss (step-mode): f1_steps=1000, f2_steps=0, total_steps=1000, train_problem_size=100, rollouts=100, batch_size=64, device=cuda:0, env=tsp
[2026-03-02 11:46:56,213] INFO:fitness.free_loss_fidelity: RL4CO free-loss step 1/1000: score=7.803347 (avg=7.803347), loss=0.675021 (avg=0.675021), pairs_step=315697, pairs_total=315697
[2026-03-02 11:47:28,679] INFO:fitness.free_loss_fidelity: RL4CO free-loss step 100/1000: score=7.755668 (avg=7.798654), loss=0.672540 (avg=0.674111), pairs_step=315656, pairs_total=31573933
[2026-03-02 11:48:01,663] INFO:fitness.free_loss_fidelity: RL4CO free-loss step 200/1000: score=7.810061 (avg=7.798197), loss=0.672733 (avg=0.674323), pairs_step=315083, pairs_total=63135325
[2026-03-02 11:48:34,459] INFO:fitness.free_loss_fidelity: RL4CO free-loss step 300/1000: score=7.803954 (avg=7.798735), loss=0.673819 (avg=0.674481), pairs_step=315429, pairs_total=94691718
[2026-03-02 11:49:07,235] INFO:fitness.free_loss_fidelity: RL4CO free-loss step 400/1000: score=7.822909 (avg=7.798503), loss=0.673057 (avg=0.674547), pairs_step=315567, pairs_total=126241894
[2026-03-02 11:49:40,071] INFO:fitness.free_loss_fidelity: RL4CO free-loss step 500/1000: score=7.774000 (avg=7.797640), loss=0.675687 (avg=0.674625), pairs_step=315284, pairs_total=157784613
[2026-03-02 11:50:12,860] INFO:fitness.free_loss_fidelity: RL4CO free-loss step 600/1000: score=7.763574 (avg=7.797099), loss=0.676418 (avg=0.674668), pairs_step=315552, pairs_total=189318786
[2026-03-02 11:50:45,734] INFO:fitness.free_loss_fidelity: RL4CO free-loss step 700/1000: score=7.806303 (avg=7.796980), loss=0.676460 (avg=0.674694), pairs_step=315356, pairs_total=220848550
[2026-03-02 11:51:18,533] INFO:fitness.free_loss_fidelity: RL4CO free-loss step 800/1000: score=7.791739 (avg=7.796884), loss=0.671021 (avg=0.674685), pairs_step=315101, pairs_total=252378371
[2026-03-02 11:51:51,389] INFO:fitness.free_loss_fidelity: RL4CO free-loss step 900/1000: score=7.826588 (avg=7.796564), loss=0.675920 (avg=0.674701), pairs_step=315445, pairs_total=283899936
[2026-03-02 11:52:24,202] INFO:fitness.free_loss_fidelity: RL4CO free-loss step 1000/1000: score=7.820720 (avg=7.796147), loss=0.672303 (avg=0.674590), pairs_step=315231, pairs_total=315417934
[2026-03-02 11:52:25,291] WARNING:fitness.free_loss_fidelity: weights_only checkpoint load failed (UnpicklingError); retrying weights_only=False for /data1/gushengda/eam-rl4co/baseline/epoch_409.ckpt
[2026-03-02 11:52:25,526] INFO:fitness.free_loss_fidelity: Loaded init checkpoint into policy: path=/data1/gushengda/eam-rl4co/baseline/epoch_409.ckpt prefix=policy. matched=97 missing=0 unexpected=0
[2026-03-02 11:52:25,531] INFO:fitness.free_loss_fidelity: RL4CO free-loss (step-mode): f1_steps=1000, f2_steps=0, total_steps=1000, train_problem_size=100, rollouts=100, batch_size=64, device=cuda:0, env=tsp
[2026-03-02 11:52:25,917] INFO:fitness.free_loss_fidelity: RL4CO free-loss step 1/1000: score=7.807477 (avg=7.807477), loss=0.219726 (avg=0.219726), pairs_step=315750, pairs_total=315750
[2026-03-02 11:52:58,406] INFO:fitness.free_loss_fidelity: RL4CO free-loss step 100/1000: score=7.752720 (avg=7.797856), loss=0.228841 (avg=0.214737), pairs_step=315754, pairs_total=31585736
[2026-03-02 11:53:31,240] INFO:fitness.free_loss_fidelity: RL4CO free-loss step 200/1000: score=7.811489 (avg=7.796856), loss=0.208666 (avg=0.217028), pairs_step=315414, pairs_total=63157711
[2026-03-02 11:54:04,077] INFO:fitness.free_loss_fidelity: RL4CO free-loss step 300/1000: score=7.802761 (avg=7.797366), loss=0.197999 (avg=0.214555), pairs_step=315639, pairs_total=94720220
[2026-03-02 11:54:36,884] INFO:fitness.free_loss_fidelity: RL4CO free-loss step 400/1000: score=7.818644 (avg=7.796709), loss=0.213383 (avg=0.212958), pairs_step=315584, pairs_total=126275423
[2026-03-02 11:55:09,731] INFO:fitness.free_loss_fidelity: RL4CO free-loss step 500/1000: score=7.773767 (avg=7.795462), loss=0.219573 (avg=0.213022), pairs_step=315612, pairs_total=157817808
[2026-03-02 11:55:42,337] INFO:fitness.free_loss_fidelity: RL4CO free-loss step 600/1000: score=7.755492 (avg=7.794565), loss=0.207083 (avg=0.213203), pairs_step=315235, pairs_total=189343152
[2026-03-02 11:56:15,093] INFO:fitness.free_loss_fidelity: RL4CO free-loss step 700/1000: score=7.805676 (avg=7.794283), loss=0.211696 (avg=0.213023), pairs_step=315158, pairs_total=220857591
[2026-03-02 11:56:47,781] INFO:fitness.free_loss_fidelity: RL4CO free-loss step 800/1000: score=7.787614 (avg=7.793957), loss=0.214366 (avg=0.212574), pairs_step=315539, pairs_total=252374633
[2026-03-02 11:57:20,898] INFO:fitness.free_loss_fidelity: RL4CO free-loss step 900/1000: score=7.825159 (avg=7.793413), loss=0.210321 (avg=0.212442), pairs_step=315023, pairs_total=283876104
[2026-03-02 11:57:53,840] INFO:fitness.free_loss_fidelity: RL4CO free-loss step 1000/1000: score=7.816982 (avg=7.792808), loss=0.200175 (avg=0.212014), pairs_step=315056, pairs_total=315366118
[2026-03-02 11:57:54,906] INFO:fitness.free_loss_fidelity: RL4CO free-loss (step-mode): f1_steps=1000, f2_steps=0, total_steps=1000, train_problem_size=100, rollouts=100, batch_size=64, device=cuda:0, env=tsp
[2026-03-02 11:57:55,241] INFO:fitness.free_loss_fidelity: RL4CO free-loss step 1/1000: score=44.569542 (avg=44.569542), loss=0.756042 (avg=0.756042), pairs_step=316799, pairs_total=316799
[2026-03-02 11:58:27,923] INFO:fitness.free_loss_fidelity: RL4CO free-loss step 100/1000: score=8.795267 (avg=9.885567), loss=0.588865 (avg=0.593861), pairs_step=316799, pairs_total=31679975
[2026-03-02 11:59:00,919] INFO:fitness.free_loss_fidelity: RL4CO free-loss step 200/1000: score=8.573479 (avg=9.275242), loss=0.605261 (avg=0.596512), pairs_step=316800, pairs_total=63359945
[2026-03-02 11:59:33,837] INFO:fitness.free_loss_fidelity: RL4CO free-loss step 300/1000: score=8.378982 (avg=9.001499), loss=0.614890 (avg=0.601011), pairs_step=316800, pairs_total=95039907
[2026-03-02 12:00:06,983] INFO:fitness.free_loss_fidelity: RL4CO free-loss step 400/1000: score=8.325087 (avg=8.834819), loss=0.618157 (avg=0.605116), pairs_step=316800, pairs_total=126719884
[2026-03-02 12:00:39,952] INFO:fitness.free_loss_fidelity: RL4CO free-loss step 500/1000: score=8.223966 (avg=8.722953), loss=0.622352 (avg=0.608002), pairs_step=316799, pairs_total=158399847
[2026-03-02 12:01:12,928] INFO:fitness.free_loss_fidelity: RL4CO free-loss step 600/1000: score=8.193607 (avg=8.641785), loss=0.615751 (avg=0.610303), pairs_step=316800, pairs_total=190079818
[2026-03-02 12:01:45,909] INFO:fitness.free_loss_fidelity: RL4CO free-loss step 700/1000: score=8.220250 (avg=8.579740), loss=0.625545 (avg=0.612227), pairs_step=316800, pairs_total=221759785
[2026-03-02 12:02:18,914] INFO:fitness.free_loss_fidelity: RL4CO free-loss step 800/1000: score=8.186395 (avg=8.530470), loss=0.625064 (avg=0.613760), pairs_step=316800, pairs_total=253439739
[2026-03-02 12:02:51,949] INFO:fitness.free_loss_fidelity: RL4CO free-loss step 900/1000: score=8.196163 (avg=8.490402), loss=0.628154 (avg=0.615084), pairs_step=316799, pairs_total=285119695
[2026-03-02 12:03:25,028] INFO:fitness.free_loss_fidelity: RL4CO free-loss step 1000/1000: score=8.194379 (avg=8.457214), loss=0.632301 (avg=0.616245), pairs_step=316800, pairs_total=316799645
[2026-03-02 12:03:26,120] WARNING:fitness.free_loss_fidelity: weights_only checkpoint load failed (UnpicklingError); retrying weights_only=False for /data1/gushengda/eam-rl4co/baseline/epoch_135.ckpt
[2026-03-02 12:03:26,156] INFO:fitness.free_loss_fidelity: Loaded init checkpoint into policy: path=/data1/gushengda/eam-rl4co/baseline/epoch_135.ckpt prefix=policy. matched=97 missing=0 unexpected=0
[2026-03-02 12:03:26,161] INFO:fitness.free_loss_fidelity: RL4CO free-loss (step-mode): f1_steps=1000, f2_steps=0, total_steps=1000, train_problem_size=100, rollouts=100, batch_size=64, device=cuda:0, env=tsp
[2026-03-02 12:03:26,544] INFO:fitness.free_loss_fidelity: RL4CO free-loss step 1/1000: score=7.803347 (avg=7.803347), loss=0.675021 (avg=0.675021), pairs_step=315697, pairs_total=315697
[2026-03-02 12:03:59,201] INFO:fitness.free_loss_fidelity: RL4CO free-loss step 100/1000: score=7.754801 (avg=7.798488), loss=0.673733 (avg=0.674784), pairs_step=315728, pairs_total=31574771
[2026-03-02 12:04:32,202] INFO:fitness.free_loss_fidelity: RL4CO free-loss step 200/1000: score=7.809029 (avg=7.797971), loss=0.671475 (avg=0.674742), pairs_step=315532, pairs_total=63135883
[2026-03-02 12:05:05,415] INFO:fitness.free_loss_fidelity: RL4CO free-loss step 300/1000: score=7.808170 (avg=7.798569), loss=0.676663 (avg=0.674740), pairs_step=315499, pairs_total=94692345
[2026-03-02 12:05:38,371] INFO:fitness.free_loss_fidelity: RL4CO free-loss step 400/1000: score=7.818398 (avg=7.798433), loss=0.673781 (avg=0.674654), pairs_step=315325, pairs_total=126241617
[2026-03-02 12:06:11,310] INFO:fitness.free_loss_fidelity: RL4CO free-loss step 500/1000: score=7.781240 (avg=7.797420), loss=0.672093 (avg=0.674729), pairs_step=315157, pairs_total=157782055
[2026-03-02 12:06:44,255] INFO:fitness.free_loss_fidelity: RL4CO free-loss step 600/1000: score=7.759922 (avg=7.796823), loss=0.676938 (avg=0.674786), pairs_step=315776, pairs_total=189314955
[2026-03-02 12:07:17,223] INFO:fitness.free_loss_fidelity: RL4CO free-loss step 700/1000: score=7.804441 (avg=7.796569), loss=0.675390 (avg=0.674779), pairs_step=314615, pairs_total=220841272
[2026-03-02 12:07:50,424] INFO:fitness.free_loss_fidelity: RL4CO free-loss step 800/1000: score=7.792452 (avg=7.796501), loss=0.676941 (avg=0.674761), pairs_step=315053, pairs_total=252364622
[2026-03-02 12:08:23,442] INFO:fitness.free_loss_fidelity: RL4CO free-loss step 900/1000: score=7.832566 (avg=7.796194), loss=0.675681 (avg=0.674669), pairs_step=315177, pairs_total=283884798
[2026-03-02 12:08:56,468] INFO:fitness.free_loss_fidelity: RL4CO free-loss step 1000/1000: score=7.822571 (avg=7.795772), loss=0.673962 (avg=0.674634), pairs_step=315371, pairs_total=315397407
[2026-03-02 12:08:57,561] WARNING:fitness.free_loss_fidelity: weights_only checkpoint load failed (UnpicklingError); retrying weights_only=False for /data1/gushengda/eam-rl4co/baseline/epoch_409.ckpt
[2026-03-02 12:08:57,597] INFO:fitness.free_loss_fidelity: Loaded init checkpoint into policy: path=/data1/gushengda/eam-rl4co/baseline/epoch_409.ckpt prefix=policy. matched=97 missing=0 unexpected=0
[2026-03-02 12:08:57,602] INFO:fitness.free_loss_fidelity: RL4CO free-loss (step-mode): f1_steps=1000, f2_steps=0, total_steps=1000, train_problem_size=100, rollouts=100, batch_size=64, device=cuda:0, env=tsp
[2026-03-02 12:08:57,947] INFO:fitness.free_loss_fidelity: RL4CO free-loss step 1/1000: score=7.807477 (avg=7.807477), loss=0.219726 (avg=0.219726), pairs_step=315750, pairs_total=315750
[2026-03-02 12:09:30,643] INFO:fitness.free_loss_fidelity: RL4CO free-loss step 100/1000: score=7.751195 (avg=7.798110), loss=0.229267 (avg=0.211344), pairs_step=315455, pairs_total=31582654
[2026-03-02 12:10:03,652] INFO:fitness.free_loss_fidelity: RL4CO free-loss step 200/1000: score=7.809797 (avg=7.797327), loss=0.233740 (avg=0.214996), pairs_step=315368, pairs_total=63145368
[2026-03-02 12:10:36,678] INFO:fitness.free_loss_fidelity: RL4CO free-loss step 300/1000: score=7.805899 (avg=7.797567), loss=0.219421 (avg=0.216498), pairs_step=315740, pairs_total=94705335
[2026-03-02 12:11:09,705] INFO:fitness.free_loss_fidelity: RL4CO free-loss step 400/1000: score=7.823188 (avg=7.796982), loss=0.212120 (avg=0.216143), pairs_step=315530, pairs_total=126254930
[2026-03-02 12:11:42,736] INFO:fitness.free_loss_fidelity: RL4CO free-loss step 500/1000: score=7.774052 (avg=7.795736), loss=0.225877 (avg=0.216532), pairs_step=315075, pairs_total=157787097
[2026-03-02 12:12:16,000] INFO:fitness.free_loss_fidelity: RL4CO free-loss step 600/1000: score=7.750080 (avg=7.794946), loss=0.222733 (avg=0.216589), pairs_step=314997, pairs_total=189307191
[2026-03-02 12:12:49,131] INFO:fitness.free_loss_fidelity: RL4CO free-loss step 700/1000: score=7.803373 (avg=7.794597), loss=0.210823 (avg=0.215727), pairs_step=314457, pairs_total=220816479
[2026-03-02 12:13:22,458] INFO:fitness.free_loss_fidelity: RL4CO free-loss step 800/1000: score=7.787010 (avg=7.794297), loss=0.203793 (avg=0.214745), pairs_step=315438, pairs_total=252327275
[2026-03-02 12:13:55,689] INFO:fitness.free_loss_fidelity: RL4CO free-loss step 900/1000: score=7.825210 (avg=7.793786), loss=0.211947 (avg=0.213973), pairs_step=314983, pairs_total=283826057
[2026-03-02 12:14:28,772] INFO:fitness.free_loss_fidelity: RL4CO free-loss step 1000/1000: score=7.821397 (avg=7.793151), loss=0.203282 (avg=0.212700), pairs_step=314959, pairs_total=315315962
[2026-03-02 12:14:29,840] INFO:fitness.free_loss_fidelity: RL4CO free-loss (step-mode): f1_steps=1000, f2_steps=0, total_steps=1000, train_problem_size=100, rollouts=100, batch_size=64, device=cuda:0, env=tsp
[2026-03-02 12:14:30,154] INFO:fitness.free_loss_fidelity: RL4CO free-loss step 1/1000: score=48.400196 (avg=48.400196), loss=0.735093 (avg=0.735093), pairs_step=316800, pairs_total=316800
[2026-03-02 12:15:05,461] INFO:fitness.free_loss_fidelity: RL4CO free-loss step 100/1000: score=8.804628 (avg=10.204328), loss=0.588862 (avg=0.602477), pairs_step=316799, pairs_total=31679976
[2026-03-02 12:15:41,034] INFO:fitness.free_loss_fidelity: RL4CO free-loss step 200/1000: score=8.573730 (avg=9.438685), loss=0.605523 (avg=0.602970), pairs_step=316800, pairs_total=63359949
[2026-03-02 12:16:16,585] INFO:fitness.free_loss_fidelity: RL4CO free-loss step 300/1000: score=8.372075 (avg=9.114000), loss=0.615088 (avg=0.606202), pairs_step=316800, pairs_total=95039921
[2026-03-02 12:16:52,145] INFO:fitness.free_loss_fidelity: RL4CO free-loss step 400/1000: score=8.305950 (avg=8.921067), loss=0.618755 (avg=0.609057), pairs_step=316800, pairs_total=126719885
[2026-03-02 12:17:27,682] INFO:fitness.free_loss_fidelity: RL4CO free-loss step 500/1000: score=8.241282 (avg=8.792155), loss=0.621682 (avg=0.611266), pairs_step=316800, pairs_total=158399854
[2026-03-02 12:18:03,238] INFO:fitness.free_loss_fidelity: RL4CO free-loss step 600/1000: score=8.185490 (avg=8.699125), loss=0.624751 (avg=0.613103), pairs_step=316799, pairs_total=190079809
[2026-03-02 12:18:38,790] INFO:fitness.free_loss_fidelity: RL4CO free-loss step 700/1000: score=8.204803 (avg=8.628651), loss=0.620766 (avg=0.614617), pairs_step=316800, pairs_total=221759769
[2026-03-02 12:19:14,352] INFO:fitness.free_loss_fidelity: RL4CO free-loss step 800/1000: score=8.179218 (avg=8.573751), loss=0.623232 (avg=0.615888), pairs_step=316800, pairs_total=253439736
[2026-03-02 12:19:50,631] INFO:fitness.free_loss_fidelity: RL4CO free-loss step 900/1000: score=8.189495 (avg=8.528966), loss=0.626493 (avg=0.617095), pairs_step=316799, pairs_total=285119697
[2026-03-02 12:20:26,265] INFO:fitness.free_loss_fidelity: RL4CO free-loss step 1000/1000: score=8.197254 (avg=8.491370), loss=0.627458 (avg=0.618149), pairs_step=316799, pairs_total=316799656
[2026-03-02 12:20:27,358] WARNING:fitness.free_loss_fidelity: weights_only checkpoint load failed (UnpicklingError); retrying weights_only=False for /data1/gushengda/eam-rl4co/baseline/epoch_135.ckpt
[2026-03-02 12:20:27,395] INFO:fitness.free_loss_fidelity: Loaded init checkpoint into policy: path=/data1/gushengda/eam-rl4co/baseline/epoch_135.ckpt prefix=policy. matched=97 missing=0 unexpected=0
[2026-03-02 12:20:27,400] INFO:fitness.free_loss_fidelity: RL4CO free-loss (step-mode): f1_steps=1000, f2_steps=0, total_steps=1000, train_problem_size=100, rollouts=100, batch_size=64, device=cuda:0, env=tsp
[2026-03-02 12:20:27,719] INFO:fitness.free_loss_fidelity: RL4CO free-loss step 1/1000: score=7.803347 (avg=7.803347), loss=0.675021 (avg=0.675021), pairs_step=315697, pairs_total=315697
[2026-03-02 12:20:58,669] INFO:fitness.free_loss_fidelity: RL4CO free-loss step 100/1000: score=7.757752 (avg=7.799884), loss=0.674484 (avg=0.674923), pairs_step=315397, pairs_total=31576235
[2026-03-02 12:21:29,713] INFO:fitness.free_loss_fidelity: RL4CO free-loss step 200/1000: score=7.806479 (avg=7.798880), loss=0.674652 (avg=0.674766), pairs_step=315436, pairs_total=63135046
[2026-03-02 12:22:00,682] INFO:fitness.free_loss_fidelity: RL4CO free-loss step 300/1000: score=7.806613 (avg=7.799583), loss=0.674415 (avg=0.674836), pairs_step=315630, pairs_total=94691036
[2026-03-02 12:22:31,687] INFO:fitness.free_loss_fidelity: RL4CO free-loss step 400/1000: score=7.821698 (avg=7.799166), loss=0.674965 (avg=0.674806), pairs_step=315216, pairs_total=126239359
[2026-03-02 12:23:02,683] INFO:fitness.free_loss_fidelity: RL4CO free-loss step 500/1000: score=7.774389 (avg=7.798143), loss=0.673802 (avg=0.674797), pairs_step=315518, pairs_total=157784198
[2026-03-02 12:23:33,672] INFO:fitness.free_loss_fidelity: RL4CO free-loss step 600/1000: score=7.756330 (avg=7.797462), loss=0.676187 (avg=0.674836), pairs_step=315643, pairs_total=189319258
[2026-03-02 12:24:04,660] INFO:fitness.free_loss_fidelity: RL4CO free-loss step 700/1000: score=7.805608 (avg=7.797218), loss=0.675526 (avg=0.674769), pairs_step=314846, pairs_total=220846428
[2026-03-02 12:24:35,873] INFO:fitness.free_loss_fidelity: RL4CO free-loss step 800/1000: score=7.793442 (avg=7.797074), loss=0.676096 (avg=0.674723), pairs_step=315145, pairs_total=252363620
[2026-03-02 12:25:06,858] INFO:fitness.free_loss_fidelity: RL4CO free-loss step 900/1000: score=7.830209 (avg=7.796680), loss=0.674147 (avg=0.674661), pairs_step=315330, pairs_total=283876843
[2026-03-02 12:25:37,846] INFO:fitness.free_loss_fidelity: RL4CO free-loss step 1000/1000: score=7.822025 (avg=7.796215), loss=0.672645 (avg=0.674622), pairs_step=315532, pairs_total=315391614
[2026-03-02 12:25:38,933] WARNING:fitness.free_loss_fidelity: weights_only checkpoint load failed (UnpicklingError); retrying weights_only=False for /data1/gushengda/eam-rl4co/baseline/epoch_409.ckpt
[2026-03-02 12:25:38,970] INFO:fitness.free_loss_fidelity: Loaded init checkpoint into policy: path=/data1/gushengda/eam-rl4co/baseline/epoch_409.ckpt prefix=policy. matched=97 missing=0 unexpected=0
[2026-03-02 12:25:38,976] INFO:fitness.free_loss_fidelity: RL4CO free-loss (step-mode): f1_steps=1000, f2_steps=0, total_steps=1000, train_problem_size=100, rollouts=100, batch_size=64, device=cuda:0, env=tsp
[2026-03-02 12:25:39,292] INFO:fitness.free_loss_fidelity: RL4CO free-loss step 1/1000: score=7.807477 (avg=7.807477), loss=0.219726 (avg=0.219726), pairs_step=315750, pairs_total=315750
[2026-03-02 12:26:09,979] INFO:fitness.free_loss_fidelity: RL4CO free-loss step 100/1000: score=7.755651 (avg=7.798155), loss=0.223787 (avg=0.216741), pairs_step=315678, pairs_total=31581333
[2026-03-02 12:26:40,912] INFO:fitness.free_loss_fidelity: RL4CO free-loss step 200/1000: score=7.808603 (avg=7.796810), loss=0.202052 (avg=0.213722), pairs_step=315336, pairs_total=63149476
[2026-03-02 12:27:12,173] INFO:fitness.free_loss_fidelity: RL4CO free-loss step 300/1000: score=7.806203 (avg=7.797117), loss=0.207420 (avg=0.211878), pairs_step=315628, pairs_total=94709830
[2026-03-02 12:27:43,352] INFO:fitness.free_loss_fidelity: RL4CO free-loss step 400/1000: score=7.820352 (avg=7.796736), loss=0.201952 (avg=0.210109), pairs_step=315308, pairs_total=126261853
[2026-03-02 12:28:14,552] INFO:fitness.free_loss_fidelity: RL4CO free-loss step 500/1000: score=7.772120 (avg=7.795497), loss=0.202062 (avg=0.209065), pairs_step=315827, pairs_total=157804663
[2026-03-02 12:28:45,754] INFO:fitness.free_loss_fidelity: RL4CO free-loss step 600/1000: score=7.747058 (avg=7.794637), loss=0.217222 (avg=0.208929), pairs_step=315012, pairs_total=189335918
[2026-03-02 12:29:16,926] INFO:fitness.free_loss_fidelity: RL4CO free-loss step 700/1000: score=7.801599 (avg=7.794220), loss=0.223070 (avg=0.209346), pairs_step=314655, pairs_total=220862836
[2026-03-02 12:29:48,362] INFO:fitness.free_loss_fidelity: RL4CO free-loss step 800/1000: score=7.786378 (avg=7.793931), loss=0.198364 (avg=0.209521), pairs_step=315577, pairs_total=252377306
[2026-03-02 12:30:19,831] INFO:fitness.free_loss_fidelity: RL4CO free-loss step 900/1000: score=7.824272 (avg=7.793481), loss=0.201517 (avg=0.209742), pairs_step=315280, pairs_total=283880819
[2026-03-02 12:30:51,288] INFO:fitness.free_loss_fidelity: RL4CO free-loss step 1000/1000: score=7.819278 (avg=7.792916), loss=0.245553 (avg=0.209964), pairs_step=314941, pairs_total=315374214
[2026-03-02 12:30:52,357] INFO:fitness.free_loss_fidelity: RL4CO free-loss (step-mode): f1_steps=1000, f2_steps=0, total_steps=1000, train_problem_size=100, rollouts=100, batch_size=64, device=cuda:0, env=tsp
[2026-03-02 12:30:52,672] INFO:fitness.free_loss_fidelity: RL4CO free-loss step 1/1000: score=42.316597 (avg=42.316597), loss=0.741065 (avg=0.741065), pairs_step=316800, pairs_total=316800
[2026-03-02 12:31:23,828] INFO:fitness.free_loss_fidelity: RL4CO free-loss step 100/1000: score=8.883148 (avg=10.222133), loss=0.578157 (avg=0.601185), pairs_step=316800, pairs_total=31679985
[2026-03-02 12:31:55,522] INFO:fitness.free_loss_fidelity: RL4CO free-loss step 200/1000: score=8.646194 (avg=9.492040), loss=0.602718 (avg=0.596752), pairs_step=316800, pairs_total=63359961
[2026-03-02 12:32:27,017] INFO:fitness.free_loss_fidelity: RL4CO free-loss step 300/1000: score=8.459507 (avg=9.171568), loss=0.609442 (avg=0.599686), pairs_step=316800, pairs_total=95039931
[2026-03-02 12:32:58,515] INFO:fitness.free_loss_fidelity: RL4CO free-loss step 400/1000: score=8.348451 (avg=8.976691), loss=0.613737 (avg=0.603258), pairs_step=316799, pairs_total=126719899
[2026-03-02 12:33:30,008] INFO:fitness.free_loss_fidelity: RL4CO free-loss step 500/1000: score=8.235441 (avg=8.841469), loss=0.614093 (avg=0.605963), pairs_step=316800, pairs_total=158399868
[2026-03-02 12:34:01,515] INFO:fitness.free_loss_fidelity: RL4CO free-loss step 600/1000: score=8.195105 (avg=8.743790), loss=0.622819 (avg=0.608156), pairs_step=316800, pairs_total=190079830
[2026-03-02 12:34:33,190] INFO:fitness.free_loss_fidelity: RL4CO free-loss step 700/1000: score=8.236828 (avg=8.669475), loss=0.625903 (avg=0.610005), pairs_step=316800, pairs_total=221759803
[2026-03-02 12:35:04,701] INFO:fitness.free_loss_fidelity: RL4CO free-loss step 800/1000: score=8.218239 (avg=8.611263), loss=0.621148 (avg=0.611456), pairs_step=316799, pairs_total=253439764
[2026-03-02 12:35:36,199] INFO:fitness.free_loss_fidelity: RL4CO free-loss step 900/1000: score=8.205157 (avg=8.563597), loss=0.625508 (avg=0.612762), pairs_step=316799, pairs_total=285119726
[2026-03-02 12:36:07,671] INFO:fitness.free_loss_fidelity: RL4CO free-loss step 1000/1000: score=8.202646 (avg=8.523796), loss=0.625330 (avg=0.613876), pairs_step=316800, pairs_total=316799680
[2026-03-02 12:36:08,768] WARNING:fitness.free_loss_fidelity: weights_only checkpoint load failed (UnpicklingError); retrying weights_only=False for /data1/gushengda/eam-rl4co/baseline/epoch_135.ckpt
[2026-03-02 12:36:08,805] INFO:fitness.free_loss_fidelity: Loaded init checkpoint into policy: path=/data1/gushengda/eam-rl4co/baseline/epoch_135.ckpt prefix=policy. matched=97 missing=0 unexpected=0
[2026-03-02 12:36:08,811] INFO:fitness.free_loss_fidelity: RL4CO free-loss (step-mode): f1_steps=1000, f2_steps=0, total_steps=1000, train_problem_size=100, rollouts=100, batch_size=64, device=cuda:0, env=tsp
[2026-03-02 12:36:09,139] INFO:fitness.free_loss_fidelity: RL4CO free-loss step 1/1000: score=7.803347 (avg=7.803347), loss=0.675021 (avg=0.675021), pairs_step=315697, pairs_total=315697
[2026-03-02 12:36:40,318] INFO:fitness.free_loss_fidelity: RL4CO free-loss step 100/1000: score=7.757173 (avg=7.798639), loss=0.673857 (avg=0.674560), pairs_step=315813, pairs_total=31572800
[2026-03-02 12:37:11,682] INFO:fitness.free_loss_fidelity: RL4CO free-loss step 200/1000: score=7.806347 (avg=7.797838), loss=0.671889 (avg=0.674930), pairs_step=315492, pairs_total=63135174
[2026-03-02 12:37:42,994] INFO:fitness.free_loss_fidelity: RL4CO free-loss step 300/1000: score=7.807211 (avg=7.798713), loss=0.674542 (avg=0.674913), pairs_step=315498, pairs_total=94690371
[2026-03-02 12:38:14,190] INFO:fitness.free_loss_fidelity: RL4CO free-loss step 400/1000: score=7.819672 (avg=7.798544), loss=0.673245 (avg=0.674859), pairs_step=315059, pairs_total=126238735
[2026-03-02 12:38:45,435] INFO:fitness.free_loss_fidelity: RL4CO free-loss step 500/1000: score=7.779936 (avg=7.797642), loss=0.676229 (avg=0.674808), pairs_step=315520, pairs_total=157781174
[2026-03-02 12:39:16,489] INFO:fitness.free_loss_fidelity: RL4CO free-loss step 600/1000: score=7.757410 (avg=7.796943), loss=0.676366 (avg=0.674792), pairs_step=315531, pairs_total=189314146
[2026-03-02 12:39:47,553] INFO:fitness.free_loss_fidelity: RL4CO free-loss step 700/1000: score=7.811395 (avg=7.796674), loss=0.675709 (avg=0.674715), pairs_step=314922, pairs_total=220835658
[2026-03-02 12:40:18,641] INFO:fitness.free_loss_fidelity: RL4CO free-loss step 800/1000: score=7.789680 (avg=7.796550), loss=0.676019 (avg=0.674617), pairs_step=315027, pairs_total=252363661
[2026-03-02 12:40:49,727] INFO:fitness.free_loss_fidelity: RL4CO free-loss step 900/1000: score=7.834221 (avg=7.796292), loss=0.675690 (avg=0.674574), pairs_step=315431, pairs_total=283880510
[2026-03-02 12:41:21,002] INFO:fitness.free_loss_fidelity: RL4CO free-loss step 1000/1000: score=7.819168 (avg=7.795805), loss=0.674225 (avg=0.674537), pairs_step=315296, pairs_total=315391398
[2026-03-02 12:41:22,089] WARNING:fitness.free_loss_fidelity: weights_only checkpoint load failed (UnpicklingError); retrying weights_only=False for /data1/gushengda/eam-rl4co/baseline/epoch_409.ckpt
[2026-03-02 12:41:22,125] INFO:fitness.free_loss_fidelity: Loaded init checkpoint into policy: path=/data1/gushengda/eam-rl4co/baseline/epoch_409.ckpt prefix=policy. matched=97 missing=0 unexpected=0
[2026-03-02 12:41:22,131] INFO:fitness.free_loss_fidelity: RL4CO free-loss (step-mode): f1_steps=1000, f2_steps=0, total_steps=1000, train_problem_size=100, rollouts=100, batch_size=64, device=cuda:0, env=tsp
[2026-03-02 12:41:22,448] INFO:fitness.free_loss_fidelity: RL4CO free-loss step 1/1000: score=7.807477 (avg=7.807477), loss=0.219726 (avg=0.219726), pairs_step=315750, pairs_total=315750
[2026-03-02 12:41:53,234] INFO:fitness.free_loss_fidelity: RL4CO free-loss step 100/1000: score=7.756179 (avg=7.798045), loss=0.232008 (avg=0.217291), pairs_step=315797, pairs_total=31581024
[2026-03-02 12:42:24,352] INFO:fitness.free_loss_fidelity: RL4CO free-loss step 200/1000: score=7.812809 (avg=7.797307), loss=0.210202 (avg=0.216419), pairs_step=315358, pairs_total=63146826
[2026-03-02 12:42:55,435] INFO:fitness.free_loss_fidelity: RL4CO free-loss step 300/1000: score=7.806882 (avg=7.797621), loss=0.224104 (avg=0.216300), pairs_step=315363, pairs_total=94704722
[2026-03-02 12:43:26,508] INFO:fitness.free_loss_fidelity: RL4CO free-loss step 400/1000: score=7.819251 (avg=7.797206), loss=0.219661 (avg=0.216095), pairs_step=314981, pairs_total=126246833
[2026-03-02 12:43:57,779] INFO:fitness.free_loss_fidelity: RL4CO free-loss step 500/1000: score=7.769757 (avg=7.795943), loss=0.245668 (avg=0.217812), pairs_step=315573, pairs_total=157782022
[2026-03-02 12:44:28,854] INFO:fitness.free_loss_fidelity: RL4CO free-loss step 600/1000: score=7.750721 (avg=7.795028), loss=0.237071 (avg=0.219414), pairs_step=314985, pairs_total=189300271
[2026-03-02 12:44:59,930] INFO:fitness.free_loss_fidelity: RL4CO free-loss step 700/1000: score=7.799516 (avg=7.794570), loss=0.217424 (avg=0.219015), pairs_step=314857, pairs_total=220809591
[2026-03-02 12:45:31,003] INFO:fitness.free_loss_fidelity: RL4CO free-loss step 800/1000: score=7.789261 (avg=7.794227), loss=0.214881 (avg=0.218406), pairs_step=315096, pairs_total=252316165
[2026-03-02 12:46:02,070] INFO:fitness.free_loss_fidelity: RL4CO free-loss step 900/1000: score=7.826157 (avg=7.793747), loss=0.224348 (avg=0.218454), pairs_step=314795, pairs_total=283796953
[2026-03-02 12:46:33,138] INFO:fitness.free_loss_fidelity: RL4CO free-loss step 1000/1000: score=7.820819 (avg=7.793180), loss=0.220718 (avg=0.218541), pairs_step=314675, pairs_total=315274312
[2026-03-02 12:46:34,200] INFO:fitness.free_loss_fidelity: RL4CO free-loss (step-mode): f1_steps=1000, f2_steps=0, total_steps=1000, train_problem_size=100, rollouts=100, batch_size=64, device=cuda:0, env=tsp
[2026-03-02 12:46:34,510] INFO:fitness.free_loss_fidelity: RL4CO free-loss step 1/1000: score=51.603012 (avg=51.603012), loss=0.684346 (avg=0.684346), pairs_step=316800, pairs_total=316800
[2026-03-02 12:47:05,329] INFO:fitness.free_loss_fidelity: RL4CO free-loss step 100/1000: score=8.900999 (avg=10.732206), loss=0.580568 (avg=0.596694), pairs_step=316800, pairs_total=31679983
[2026-03-02 12:47:36,469] INFO:fitness.free_loss_fidelity: RL4CO free-loss step 200/1000: score=8.614594 (avg=9.742447), loss=0.602386 (avg=0.594906), pairs_step=316800, pairs_total=63359957
[2026-03-02 12:48:07,669] INFO:fitness.free_loss_fidelity: RL4CO free-loss step 300/1000: score=8.418844 (avg=9.336120), loss=0.608812 (avg=0.597834), pairs_step=316800, pairs_total=95039916
[2026-03-02 12:48:39,069] INFO:fitness.free_loss_fidelity: RL4CO free-loss step 400/1000: score=8.375693 (avg=9.098557), loss=0.611038 (avg=0.600692), pairs_step=316798, pairs_total=126719878
[2026-03-02 12:49:10,330] INFO:fitness.free_loss_fidelity: RL4CO free-loss step 500/1000: score=8.256281 (avg=8.940476), loss=0.611436 (avg=0.603485), pairs_step=316799, pairs_total=158399836
[2026-03-02 12:49:41,574] INFO:fitness.free_loss_fidelity: RL4CO free-loss step 600/1000: score=8.223262 (avg=8.826860), loss=0.619281 (avg=0.606039), pairs_step=316800, pairs_total=190079800
[2026-03-02 12:50:12,866] INFO:fitness.free_loss_fidelity: RL4CO free-loss step 700/1000: score=8.211147 (avg=8.741355), loss=0.622853 (avg=0.608087), pairs_step=316800, pairs_total=221759755
[2026-03-02 12:50:44,277] INFO:fitness.free_loss_fidelity: RL4CO free-loss step 800/1000: score=8.204749 (avg=8.674579), loss=0.626579 (avg=0.609883), pairs_step=316800, pairs_total=253439724
[2026-03-02 12:51:15,887] INFO:fitness.free_loss_fidelity: RL4CO free-loss step 900/1000: score=8.210375 (avg=8.620196), loss=0.626945 (avg=0.611454), pairs_step=316800, pairs_total=285119679
[2026-03-02 12:51:47,160] INFO:fitness.free_loss_fidelity: RL4CO free-loss step 1000/1000: score=8.201166 (avg=8.575517), loss=0.630658 (avg=0.612854), pairs_step=316800, pairs_total=316799647
[2026-03-02 12:51:48,249] WARNING:fitness.free_loss_fidelity: weights_only checkpoint load failed (UnpicklingError); retrying weights_only=False for /data1/gushengda/eam-rl4co/baseline/epoch_135.ckpt
[2026-03-02 12:51:48,285] INFO:fitness.free_loss_fidelity: Loaded init checkpoint into policy: path=/data1/gushengda/eam-rl4co/baseline/epoch_135.ckpt prefix=policy. matched=97 missing=0 unexpected=0
[2026-03-02 12:51:48,291] INFO:fitness.free_loss_fidelity: RL4CO free-loss (step-mode): f1_steps=1000, f2_steps=0, total_steps=1000, train_problem_size=100, rollouts=100, batch_size=64, device=cuda:0, env=tsp
[2026-03-02 12:51:48,609] INFO:fitness.free_loss_fidelity: RL4CO free-loss step 1/1000: score=7.803347 (avg=7.803347), loss=0.675021 (avg=0.675021), pairs_step=315697, pairs_total=315697
[2026-03-02 12:52:19,502] INFO:fitness.free_loss_fidelity: RL4CO free-loss step 100/1000: score=7.756969 (avg=7.798467), loss=0.675221 (avg=0.674410), pairs_step=315899, pairs_total=31573268
[2026-03-02 12:52:50,661] INFO:fitness.free_loss_fidelity: RL4CO free-loss step 200/1000: score=7.810017 (avg=7.798348), loss=0.673509 (avg=0.674464), pairs_step=315611, pairs_total=63132921
[2026-03-02 12:53:21,845] INFO:fitness.free_loss_fidelity: RL4CO free-loss step 300/1000: score=7.804436 (avg=7.799023), loss=0.675734 (avg=0.674606), pairs_step=315500, pairs_total=94689801
[2026-03-02 12:53:53,025] INFO:fitness.free_loss_fidelity: RL4CO free-loss step 400/1000: score=7.819621 (avg=7.798577), loss=0.674538 (avg=0.674601), pairs_step=315230, pairs_total=126239804
[2026-03-02 12:54:24,198] INFO:fitness.free_loss_fidelity: RL4CO free-loss step 500/1000: score=7.776168 (avg=7.797586), loss=0.674249 (avg=0.674632), pairs_step=315422, pairs_total=157781756
[2026-03-02 12:54:55,356] INFO:fitness.free_loss_fidelity: RL4CO free-loss step 600/1000: score=7.760663 (avg=7.797043), loss=0.676182 (avg=0.674648), pairs_step=315377, pairs_total=189314729
[2026-03-02 12:55:26,678] INFO:fitness.free_loss_fidelity: RL4CO free-loss step 700/1000: score=7.807415 (avg=7.796906), loss=0.675772 (avg=0.674703), pairs_step=314715, pairs_total=220842733
[2026-03-02 12:55:57,755] INFO:fitness.free_loss_fidelity: RL4CO free-loss step 800/1000: score=7.793028 (avg=7.796838), loss=0.674842 (avg=0.674727), pairs_step=315037, pairs_total=252367737
[2026-03-02 12:56:28,838] INFO:fitness.free_loss_fidelity: RL4CO free-loss step 900/1000: score=7.828430 (avg=7.796497), loss=0.675710 (avg=0.674675), pairs_step=315338, pairs_total=283888228
[2026-03-02 12:56:59,928] INFO:fitness.free_loss_fidelity: RL4CO free-loss step 1000/1000: score=7.824904 (avg=7.795985), loss=0.671487 (avg=0.674619), pairs_step=315511, pairs_total=315395951
[2026-03-02 12:57:01,017] WARNING:fitness.free_loss_fidelity: weights_only checkpoint load failed (UnpicklingError); retrying weights_only=False for /data1/gushengda/eam-rl4co/baseline/epoch_409.ckpt
[2026-03-02 12:57:01,053] INFO:fitness.free_loss_fidelity: Loaded init checkpoint into policy: path=/data1/gushengda/eam-rl4co/baseline/epoch_409.ckpt prefix=policy. matched=97 missing=0 unexpected=0
[2026-03-02 12:57:01,059] INFO:fitness.free_loss_fidelity: RL4CO free-loss (step-mode): f1_steps=1000, f2_steps=0, total_steps=1000, train_problem_size=100, rollouts=100, batch_size=64, device=cuda:0, env=tsp
[2026-03-02 12:57:01,383] INFO:fitness.free_loss_fidelity: RL4CO free-loss step 1/1000: score=7.807477 (avg=7.807477), loss=0.219726 (avg=0.219726), pairs_step=315750, pairs_total=315750
[2026-03-02 12:57:32,135] INFO:fitness.free_loss_fidelity: RL4CO free-loss step 100/1000: score=7.757746 (avg=7.797220), loss=0.224843 (avg=0.214203), pairs_step=316005, pairs_total=31588522
[2026-03-02 12:58:03,343] INFO:fitness.free_loss_fidelity: RL4CO free-loss step 200/1000: score=7.812225 (avg=7.796613), loss=0.207513 (avg=0.212901), pairs_step=315607, pairs_total=63162503
[2026-03-02 12:58:34,376] INFO:fitness.free_loss_fidelity: RL4CO free-loss step 300/1000: score=7.801157 (avg=7.796815), loss=0.210879 (avg=0.212624), pairs_step=315702, pairs_total=94724581
[2026-03-02 12:59:05,413] INFO:fitness.free_loss_fidelity: RL4CO free-loss step 400/1000: score=7.814587 (avg=7.796556), loss=0.209878 (avg=0.212402), pairs_step=315242, pairs_total=126272085
[2026-03-02 12:59:36,438] INFO:fitness.free_loss_fidelity: RL4CO free-loss step 500/1000: score=7.775626 (avg=7.795374), loss=0.221459 (avg=0.213307), pairs_step=315616, pairs_total=157807012
[2026-03-02 13:00:07,470] INFO:fitness.free_loss_fidelity: RL4CO free-loss step 600/1000: score=7.753730 (avg=7.794537), loss=0.203871 (avg=0.212229), pairs_step=314301, pairs_total=189335293
[2026-03-02 13:00:38,506] INFO:fitness.free_loss_fidelity: RL4CO free-loss step 700/1000: score=7.804585 (avg=7.794206), loss=0.218326 (avg=0.211770), pairs_step=314829, pairs_total=220851291
[2026-03-02 13:01:09,536] INFO:fitness.free_loss_fidelity: RL4CO free-loss step 800/1000: score=7.785626 (avg=7.794011), loss=0.217254 (avg=0.211828), pairs_step=314870, pairs_total=252362806
[2026-03-02 13:01:40,582] INFO:fitness.free_loss_fidelity: RL4CO free-loss step 900/1000: score=7.825513 (avg=7.793487), loss=0.203461 (avg=0.212336), pairs_step=314971, pairs_total=283859438
[2026-03-02 13:02:11,621] INFO:fitness.free_loss_fidelity: RL4CO free-loss step 1000/1000: score=7.818964 (avg=7.792864), loss=0.213574 (avg=0.212253), pairs_step=314394, pairs_total=315347593
[2026-03-02 13:02:12,683] INFO:fitness.free_loss_fidelity: RL4CO free-loss (step-mode): f1_steps=1000, f2_steps=0, total_steps=1000, train_problem_size=100, rollouts=100, batch_size=64, device=cuda:0, env=tsp
[2026-03-02 13:02:12,993] INFO:fitness.free_loss_fidelity: RL4CO free-loss step 1/1000: score=59.459278 (avg=59.459278), loss=0.736777 (avg=0.736777), pairs_step=316797, pairs_total=316797
[2026-03-02 13:02:43,929] INFO:fitness.free_loss_fidelity: RL4CO free-loss step 100/1000: score=8.917928 (avg=10.631235), loss=0.583797 (avg=0.602989), pairs_step=316799, pairs_total=31679976
[2026-03-02 13:03:15,004] INFO:fitness.free_loss_fidelity: RL4CO free-loss step 200/1000: score=8.609985 (avg=9.686176), loss=0.604998 (avg=0.599147), pairs_step=316800, pairs_total=63359951
[2026-03-02 13:03:46,064] INFO:fitness.free_loss_fidelity: RL4CO free-loss step 300/1000: score=8.391479 (avg=9.283722), loss=0.610622 (avg=0.602198), pairs_step=316799, pairs_total=95039921
[2026-03-02 13:04:17,122] INFO:fitness.free_loss_fidelity: RL4CO free-loss step 400/1000: score=8.328603 (avg=9.051017), loss=0.611980 (avg=0.605464), pairs_step=316800, pairs_total=126719881
[2026-03-02 13:04:48,363] INFO:fitness.free_loss_fidelity: RL4CO free-loss step 500/1000: score=8.236149 (avg=8.898655), loss=0.620432 (avg=0.608144), pairs_step=316799, pairs_total=158399844
[2026-03-02 13:05:19,424] INFO:fitness.free_loss_fidelity: RL4CO free-loss step 600/1000: score=8.211555 (avg=8.789714), loss=0.627378 (avg=0.610323), pairs_step=316799, pairs_total=190079817
[2026-03-02 13:05:50,494] INFO:fitness.free_loss_fidelity: RL4CO free-loss step 700/1000: score=8.241095 (avg=8.708803), loss=0.621862 (avg=0.612117), pairs_step=316798, pairs_total=221759776
[2026-03-02 13:06:21,558] INFO:fitness.free_loss_fidelity: RL4CO free-loss step 800/1000: score=8.200911 (avg=8.645348), loss=0.625355 (avg=0.613681), pairs_step=316800, pairs_total=253439743
[2026-03-02 13:06:52,629] INFO:fitness.free_loss_fidelity: RL4CO free-loss step 900/1000: score=8.221378 (avg=8.593905), loss=0.629250 (avg=0.615070), pairs_step=316799, pairs_total=285119708
[2026-03-02 13:07:23,690] INFO:fitness.free_loss_fidelity: RL4CO free-loss step 1000/1000: score=8.184658 (avg=8.551392), loss=0.629014 (avg=0.616286), pairs_step=316800, pairs_total=316799677
[2026-03-02 13:07:24,780] WARNING:fitness.free_loss_fidelity: weights_only checkpoint load failed (UnpicklingError); retrying weights_only=False for /data1/gushengda/eam-rl4co/baseline/epoch_135.ckpt
[2026-03-02 13:07:24,817] INFO:fitness.free_loss_fidelity: Loaded init checkpoint into policy: path=/data1/gushengda/eam-rl4co/baseline/epoch_135.ckpt prefix=policy. matched=97 missing=0 unexpected=0
[2026-03-02 13:07:24,823] INFO:fitness.free_loss_fidelity: RL4CO free-loss (step-mode): f1_steps=1000, f2_steps=0, total_steps=1000, train_problem_size=100, rollouts=100, batch_size=64, device=cuda:0, env=tsp
[2026-03-02 13:07:25,140] INFO:fitness.free_loss_fidelity: RL4CO free-loss step 1/1000: score=7.803347 (avg=7.803347), loss=0.675021 (avg=0.675021), pairs_step=315697, pairs_total=315697
[2026-03-02 13:07:55,891] INFO:fitness.free_loss_fidelity: RL4CO free-loss step 100/1000: score=7.756085 (avg=7.798755), loss=0.674895 (avg=0.675093), pairs_step=315922, pairs_total=31577071
[2026-03-02 13:08:26,964] INFO:fitness.free_loss_fidelity: RL4CO free-loss step 200/1000: score=7.812101 (avg=7.798206), loss=0.672518 (avg=0.675086), pairs_step=315207, pairs_total=63137744
[2026-03-02 13:08:57,993] INFO:fitness.free_loss_fidelity: RL4CO free-loss step 300/1000: score=7.812130 (avg=7.799366), loss=0.673803 (avg=0.674954), pairs_step=315609, pairs_total=94694264
[2026-03-02 13:09:29,195] INFO:fitness.free_loss_fidelity: RL4CO free-loss step 400/1000: score=7.819620 (avg=7.799152), loss=0.673125 (avg=0.674830), pairs_step=315147, pairs_total=126243015
[2026-03-02 13:10:00,240] INFO:fitness.free_loss_fidelity: RL4CO free-loss step 500/1000: score=7.778792 (avg=7.798115), loss=0.672641 (avg=0.674691), pairs_step=315595, pairs_total=157788563
[2026-03-02 13:10:31,273] INFO:fitness.free_loss_fidelity: RL4CO free-loss step 600/1000: score=7.757177 (avg=7.797386), loss=0.674859 (avg=0.674676), pairs_step=315444, pairs_total=189325807
[2026-03-02 13:11:02,561] INFO:fitness.free_loss_fidelity: RL4CO free-loss step 700/1000: score=7.809450 (avg=7.797167), loss=0.674718 (avg=0.674606), pairs_step=314643, pairs_total=220859738
[2026-03-02 13:11:33,694] INFO:fitness.free_loss_fidelity: RL4CO free-loss step 800/1000: score=7.795869 (avg=7.797110), loss=0.673978 (avg=0.674506), pairs_step=314844, pairs_total=252387983
[2026-03-02 13:12:05,017] INFO:fitness.free_loss_fidelity: RL4CO free-loss step 900/1000: score=7.827688 (avg=7.796791), loss=0.676313 (avg=0.674481), pairs_step=315674, pairs_total=283910582
[2026-03-02 13:12:36,171] INFO:fitness.free_loss_fidelity: RL4CO free-loss step 1000/1000: score=7.820794 (avg=7.796322), loss=0.675089 (avg=0.674460), pairs_step=315331, pairs_total=315419940
[2026-03-02 13:12:37,261] WARNING:fitness.free_loss_fidelity: weights_only checkpoint load failed (UnpicklingError); retrying weights_only=False for /data1/gushengda/eam-rl4co/baseline/epoch_409.ckpt
[2026-03-02 13:12:37,297] INFO:fitness.free_loss_fidelity: Loaded init checkpoint into policy: path=/data1/gushengda/eam-rl4co/baseline/epoch_409.ckpt prefix=policy. matched=97 missing=0 unexpected=0
[2026-03-02 13:12:37,303] INFO:fitness.free_loss_fidelity: RL4CO free-loss (step-mode): f1_steps=1000, f2_steps=0, total_steps=1000, train_problem_size=100, rollouts=100, batch_size=64, device=cuda:0, env=tsp
[2026-03-02 13:12:37,621] INFO:fitness.free_loss_fidelity: RL4CO free-loss step 1/1000: score=7.807477 (avg=7.807477), loss=0.219726 (avg=0.219726), pairs_step=315750, pairs_total=315750
[2026-03-02 13:13:08,506] INFO:fitness.free_loss_fidelity: RL4CO free-loss step 100/1000: score=7.754009 (avg=7.797522), loss=0.229950 (avg=0.215085), pairs_step=315923, pairs_total=31586996
[2026-03-02 13:13:39,660] INFO:fitness.free_loss_fidelity: RL4CO free-loss step 200/1000: score=7.809712 (avg=7.796453), loss=0.208474 (avg=0.213885), pairs_step=315476, pairs_total=63163171
[2026-03-02 13:14:10,826] INFO:fitness.free_loss_fidelity: RL4CO free-loss step 300/1000: score=7.809195 (avg=7.796868), loss=0.207706 (avg=0.213911), pairs_step=315501, pairs_total=94730466
[2026-03-02 13:14:41,997] INFO:fitness.free_loss_fidelity: RL4CO free-loss step 400/1000: score=7.819415 (avg=7.796509), loss=0.214706 (avg=0.213600), pairs_step=314931, pairs_total=126286839
[2026-03-02 13:15:13,148] INFO:fitness.free_loss_fidelity: RL4CO free-loss step 500/1000: score=7.770783 (avg=7.795378), loss=0.213375 (avg=0.213109), pairs_step=315727, pairs_total=157829607
[2026-03-02 13:15:44,318] INFO:fitness.free_loss_fidelity: RL4CO free-loss step 600/1000: score=7.747245 (avg=7.794599), loss=0.201697 (avg=0.212047), pairs_step=315373, pairs_total=189365987
[2026-03-02 13:16:15,652] INFO:fitness.free_loss_fidelity: RL4CO free-loss step 700/1000: score=7.806576 (avg=7.794252), loss=0.211655 (avg=0.211682), pairs_step=314944, pairs_total=220882506
[2026-03-02 13:16:46,863] INFO:fitness.free_loss_fidelity: RL4CO free-loss step 800/1000: score=7.785771 (avg=7.794008), loss=0.199379 (avg=0.210740), pairs_step=315595, pairs_total=252393269
[2026-03-02 13:17:18,181] INFO:fitness.free_loss_fidelity: RL4CO free-loss step 900/1000: score=7.827480 (avg=7.793465), loss=0.200359 (avg=0.209845), pairs_step=315052, pairs_total=283893510
[2026-03-02 13:17:49,497] INFO:fitness.free_loss_fidelity: RL4CO free-loss step 1000/1000: score=7.817365 (avg=7.792836), loss=0.203005 (avg=0.209108), pairs_step=314918, pairs_total=315391661
[2026-03-02 13:17:50,547] INFO:ptp_discovery.pref_loss_coevo: improve_eps calibrated: sigma_delta=0.002840050094190714 improve_eps=0.005680100188381428 fidelity=K1000 N=8
[2026-03-02 13:17:50,548] INFO:ptp_discovery.pref_loss_coevo: Alternating schedule enabled: loss_generations=10 builder_generations=10 rounds=1
[2026-03-02 13:17:50,548] INFO:ptp_discovery.pref_loss_coevo: LLM cache stats: {'offline_mode': False, 'cache_path': 'runs/pref_loss_alternating_simple/20260302-110812/llm_cache.jsonl', 'cache_entries': 0, 'cache_hits': 0, 'cache_misses': 0}
[2026-03-02 13:17:50,549] INFO:ptp_discovery.pref_loss_coevo: Initialized incumbent from baseline: score=inf pair=(g_ref,f_ref) stage=baseline gen=-1
[2026-03-02 13:17:50,549] INFO:ptp_discovery.pref_loss_coevo: Baseline incumbent uses sentinel score (no external baseline_early_valid); will calibrate with evaluated (g_ref,f_ref) when rollout caches are available.
[2026-03-02 13:17:50,549] INFO:ptp_discovery.pref_loss_coevo: Alternating LLM gating gen=0 phase=loss llm_enabled(builder=False,loss=True)
[2026-03-02 13:17:50,549] INFO:ptp_discovery.pref_loss_coevo: === alternating generation 0/19 ===
[2026-03-02 13:17:50,549] INFO:ptp_discovery.pref_loss_coevo: EVAL_STAGES enabled: stage0_gate=1 stage1_proxy=0 stage2_micro_unroll=0 stage3_high_fidelity=1
[2026-03-02 13:17:50,550] INFO:ptp_discovery.pref_loss_coevo: INCUMBENT best_score=inf best_pair=(g_ref,f_ref) best_stage=baseline metric_mode=minimize improve_eps=0.005680100188381428
[2026-03-02 13:17:50,551] INFO:ptp_discovery.pref_loss_coevo: Gen 0 start: caches(rollout=0 pref=0 pair=0) cuda(cuda:0(alloc=0.05G,resv=8.32G) cuda:1(alloc=0.00G,resv=0.00G) cuda:2(alloc=0.00G,resv=0.00G) cuda:3(alloc=0.00G,resv=0.00G))
[2026-03-02 13:17:50,551] INFO:ptp_discovery.pref_loss_coevo: Gen 0 prompt context sizes: best_builder_summary.code=0 chars best_loss_summary.code=0 chars
[2026-03-02 13:17:50,551] INFO:ptp_discovery.pref_loss_coevo: Loss exploration schedule gen=0: stagnation=0 trigger=3 explore_mode=False avoid_families=[]
[2026-03-02 13:21:29,571] WARNING:ptp_discovery.pref_loss_coevo: Population fill shortfall at gen=0: proposed_g=0/12 proposed_f=12/12 (seen_g=0 seen_f=12)
[2026-03-02 13:21:29,592] INFO:ptp_discovery.pref_loss_coevo: Gen 0 LLM ops: builders={} (repairs=0) losses={'LOSS_STRUCTURE_SHIFT': 3, 'LOSS_PARADIGM_SHIFT': 2, 'E1_GENERATE': 3, 'M2': 1, 'REPAIR': 2, 'E1': 1, 'LOSS_CONSTRAINT_INJECT': 2} (repairs=2) cache={'offline_mode': False, 'cache_path': 'runs/pref_loss_alternating_simple/20260302-110812/llm_cache.jsonl', 'cache_entries': 17, 'cache_hits': 0, 'cache_misses': 17}
[2026-03-02 13:21:29,592] INFO:ptp_discovery.pref_loss_coevo: Gen 0 proxy rollouts skipped: stage1_proxy=0 and stage2_micro_unroll=0
[2026-03-02 13:21:29,603] INFO:ptp_discovery.pref_loss_coevo: Alternating block status: round=0 cycle_pos=0/20 budgets(loss=128,builder=0)
[2026-03-02 13:21:29,604] INFO:ptp_discovery.pref_loss_coevo: Alternating fixed candidates resolved: fixed_g=g_ref fixed_f=f_ref
[2026-03-02 13:21:29,604] INFO:ptp_discovery.pref_loss_coevo: Alternating phase=loss fixed_g=g_ref budget=128
[2026-03-02 13:21:29,605] INFO:ptp_discovery.pref_loss_coevo: EVAL_STAGES enabled: stage0_gate=1 stage1_proxy=0 stage2_micro_unroll=0 stage3_high_fidelity=1
[2026-03-02 13:21:29,605] INFO:ptp_discovery.pref_loss_coevo: Alternating phase=builder fixed_f=f_ref budget=0
[2026-03-02 13:21:29,605] INFO:ptp_discovery.pref_loss_coevo: EVAL_STAGES enabled: stage0_gate=1 stage1_proxy=0 stage2_micro_unroll=0 stage3_high_fidelity=1
[2026-03-02 13:21:29,605] INFO:ptp_discovery.pref_loss_coevo: Gate-only eval (proxy disabled) gen=0: pairs=12 cheap_gate_on=True
[2026-03-02 13:21:29,630] INFO:ptp_discovery.pref_loss_coevo: Gate-only progress gen=0: 1/12 caches(rollout=0 pref=0 pair=1)
[2026-03-02 13:21:29,647] INFO:ptp_discovery.free_loss_llm_ops: Loaded LLM cache entries: 17 (runs/pref_loss_alternating_simple/20260302-110812/llm_cache.jsonl)
[2026-03-02 13:22:35,081] INFO:ptp_discovery.pref_loss_coevo: Gate-only progress gen=0: 10/12 caches(rollout=0 pref=0 pair=10)
[2026-03-02 13:22:35,086] INFO:ptp_discovery.free_loss_llm_ops: Loaded LLM cache entries: 21 (runs/pref_loss_alternating_simple/20260302-110812/llm_cache.jsonl)
[2026-03-02 13:23:34,704] INFO:ptp_discovery.free_loss_llm_ops: Loaded LLM cache entries: 25 (runs/pref_loss_alternating_simple/20260302-110812/llm_cache.jsonl)
[2026-03-02 13:23:48,196] INFO:ptp_discovery.pref_loss_coevo: Gate-only progress gen=0: 12/12 caches(rollout=0 pref=0 pair=12)
[2026-03-02 13:23:48,197] INFO:ptp_discovery.pref_loss_coevo: Gate-only eval done gen=0: pairs=12 elapsed_s=138.6 caches(rollout=0 pref=0 pair=12)
[2026-03-02 13:23:48,197] INFO:ptp_discovery.pref_loss_coevo: HF selection gen=0: eligible=8 selected=8 (top_m=999999 ignored)
[2026-03-02 13:23:48,198] INFO:ptp_discovery.pref_loss_coevo: HF device assignment gen=0: {'cuda:0': 2, 'cuda:1': 2, 'cuda:2': 2, 'cuda:3': 2}
[2026-03-02 13:23:48,199] INFO:ptp_discovery.pref_loss_coevo: HF eval gen=0: tasks=8 mp=True procs=4
[2026-03-02 13:23:48,199] INFO:ptp_discovery.pref_loss_coevo: High-fidelity via pinned mp: start_method=spawn processes=4 tasks=8
/data1/gushengda/eam-rl4co/PTP/fitness/free_loss_fidelity.py:52: FutureWarning: You are using `torch.load` with `weights_only=False` (the current default value), which uses the default pickle module implicitly. It is possible to construct malicious pickle data which will execute arbitrary code during unpickling (See https://github.com/pytorch/pytorch/blob/main/SECURITY.md#untrusted-models for more details). In a future release, the default value for `weights_only` will be flipped to `True`. This limits the functions that could be executed during unpickling. Arbitrary objects will no longer be allowed to be loaded via this mode unless they are explicitly allowlisted by the user via `torch.serialization.add_safe_globals`. We recommend you start setting `weights_only=True` for any use case where you don't have full control of the loaded file. Please open an issue on GitHub for any issues related to this experimental feature.
  obj = torch.load(p, map_location="cpu")
/data1/gushengda/eam-rl4co/PTP/fitness/free_loss_fidelity.py:52: FutureWarning: You are using `torch.load` with `weights_only=False` (the current default value), which uses the default pickle module implicitly. It is possible to construct malicious pickle data which will execute arbitrary code during unpickling (See https://github.com/pytorch/pytorch/blob/main/SECURITY.md#untrusted-models for more details). In a future release, the default value for `weights_only` will be flipped to `True`. This limits the functions that could be executed during unpickling. Arbitrary objects will no longer be allowed to be loaded via this mode unless they are explicitly allowlisted by the user via `torch.serialization.add_safe_globals`. We recommend you start setting `weights_only=True` for any use case where you don't have full control of the loaded file. Please open an issue on GitHub for any issues related to this experimental feature.
  obj = torch.load(p, map_location="cpu")
/data1/gushengda/eam-rl4co/PTP/fitness/free_loss_fidelity.py:52: FutureWarning: You are using `torch.load` with `weights_only=False` (the current default value), which uses the default pickle module implicitly. It is possible to construct malicious pickle data which will execute arbitrary code during unpickling (See https://github.com/pytorch/pytorch/blob/main/SECURITY.md#untrusted-models for more details). In a future release, the default value for `weights_only` will be flipped to `True`. This limits the functions that could be executed during unpickling. Arbitrary objects will no longer be allowed to be loaded via this mode unless they are explicitly allowlisted by the user via `torch.serialization.add_safe_globals`. We recommend you start setting `weights_only=True` for any use case where you don't have full control of the loaded file. Please open an issue on GitHub for any issues related to this experimental feature.
  obj = torch.load(p, map_location="cpu")
/data1/gushengda/eam-rl4co/PTP/fitness/free_loss_fidelity.py:52: FutureWarning: You are using `torch.load` with `weights_only=False` (the current default value), which uses the default pickle module implicitly. It is possible to construct malicious pickle data which will execute arbitrary code during unpickling (See https://github.com/pytorch/pytorch/blob/main/SECURITY.md#untrusted-models for more details). In a future release, the default value for `weights_only` will be flipped to `True`. This limits the functions that could be executed during unpickling. Arbitrary objects will no longer be allowed to be loaded via this mode unless they are explicitly allowlisted by the user via `torch.serialization.add_safe_globals`. We recommend you start setting `weights_only=True` for any use case where you don't have full control of the loaded file. Please open an issue on GitHub for any issues related to this experimental feature.
  obj = torch.load(p, map_location="cpu")
/data1/gushengda/eam-rl4co/PTP/fitness/free_loss_fidelity.py:519: FutureWarning: You are using `torch.load` with `weights_only=False` (the current default value), which uses the default pickle module implicitly. It is possible to construct malicious pickle data which will execute arbitrary code during unpickling (See https://github.com/pytorch/pytorch/blob/main/SECURITY.md#untrusted-models for more details). In a future release, the default value for `weights_only` will be flipped to `True`. This limits the functions that could be executed during unpickling. Arbitrary objects will no longer be allowed to be loaded via this mode unless they are explicitly allowlisted by the user via `torch.serialization.add_safe_globals`. We recommend you start setting `weights_only=True` for any use case where you don't have full control of the loaded file. Please open an issue on GitHub for any issues related to this experimental feature.
  ckpt = torch.load(ckpt_path, map_location="cpu")
/data1/gushengda/eam-rl4co/PTP/fitness/free_loss_fidelity.py:519: FutureWarning: You are using `torch.load` with `weights_only=False` (the current default value), which uses the default pickle module implicitly. It is possible to construct malicious pickle data which will execute arbitrary code during unpickling (See https://github.com/pytorch/pytorch/blob/main/SECURITY.md#untrusted-models for more details). In a future release, the default value for `weights_only` will be flipped to `True`. This limits the functions that could be executed during unpickling. Arbitrary objects will no longer be allowed to be loaded via this mode unless they are explicitly allowlisted by the user via `torch.serialization.add_safe_globals`. We recommend you start setting `weights_only=True` for any use case where you don't have full control of the loaded file. Please open an issue on GitHub for any issues related to this experimental feature.
  ckpt = torch.load(ckpt_path, map_location="cpu")
/data1/gushengda/eam-rl4co/PTP/fitness/free_loss_fidelity.py:519: FutureWarning: You are using `torch.load` with `weights_only=False` (the current default value), which uses the default pickle module implicitly. It is possible to construct malicious pickle data which will execute arbitrary code during unpickling (See https://github.com/pytorch/pytorch/blob/main/SECURITY.md#untrusted-models for more details). In a future release, the default value for `weights_only` will be flipped to `True`. This limits the functions that could be executed during unpickling. Arbitrary objects will no longer be allowed to be loaded via this mode unless they are explicitly allowlisted by the user via `torch.serialization.add_safe_globals`. We recommend you start setting `weights_only=True` for any use case where you don't have full control of the loaded file. Please open an issue on GitHub for any issues related to this experimental feature.
  ckpt = torch.load(ckpt_path, map_location="cpu")
/data1/gushengda/eam-rl4co/PTP/fitness/free_loss_fidelity.py:519: FutureWarning: You are using `torch.load` with `weights_only=False` (the current default value), which uses the default pickle module implicitly. It is possible to construct malicious pickle data which will execute arbitrary code during unpickling (See https://github.com/pytorch/pytorch/blob/main/SECURITY.md#untrusted-models for more details). In a future release, the default value for `weights_only` will be flipped to `True`. This limits the functions that could be executed during unpickling. Arbitrary objects will no longer be allowed to be loaded via this mode unless they are explicitly allowlisted by the user via `torch.serialization.add_safe_globals`. We recommend you start setting `weights_only=True` for any use case where you don't have full control of the loaded file. Please open an issue on GitHub for any issues related to this experimental feature.
  ckpt = torch.load(ckpt_path, map_location="cpu")
[2026-03-02 13:30:40,100] INFO:ptp_discovery.pref_loss_coevo: HF vs incumbent gen=0: better=8 worse=0 unknown=0 (ok=8 failed=0) ref=inf threshold=inf
[2026-03-02 13:30:40,101] INFO:ptp_discovery.pref_loss_coevo: HF MF promote gen=0: K200 -> K1000 next_pool=8 (from=8) top_m=32 promote_if_better=True include_incumbent=True
[2026-03-02 13:30:40,103] INFO:ptp_discovery.pref_loss_coevo: HF MF round gen=0: K1000 fidelity=K1000 pool=8 tasks=8 mp=True procs=4 devices={'cuda:0': 2, 'cuda:1': 2, 'cuda:2': 2, 'cuda:3': 2}
/data1/gushengda/eam-rl4co/PTP/fitness/free_loss_fidelity.py:52: FutureWarning: You are using `torch.load` with `weights_only=False` (the current default value), which uses the default pickle module implicitly. It is possible to construct malicious pickle data which will execute arbitrary code during unpickling (See https://github.com/pytorch/pytorch/blob/main/SECURITY.md#untrusted-models for more details). In a future release, the default value for `weights_only` will be flipped to `True`. This limits the functions that could be executed during unpickling. Arbitrary objects will no longer be allowed to be loaded via this mode unless they are explicitly allowlisted by the user via `torch.serialization.add_safe_globals`. We recommend you start setting `weights_only=True` for any use case where you don't have full control of the loaded file. Please open an issue on GitHub for any issues related to this experimental feature.
  obj = torch.load(p, map_location="cpu")
/data1/gushengda/eam-rl4co/PTP/fitness/free_loss_fidelity.py:52: FutureWarning: You are using `torch.load` with `weights_only=False` (the current default value), which uses the default pickle module implicitly. It is possible to construct malicious pickle data which will execute arbitrary code during unpickling (See https://github.com/pytorch/pytorch/blob/main/SECURITY.md#untrusted-models for more details). In a future release, the default value for `weights_only` will be flipped to `True`. This limits the functions that could be executed during unpickling. Arbitrary objects will no longer be allowed to be loaded via this mode unless they are explicitly allowlisted by the user via `torch.serialization.add_safe_globals`. We recommend you start setting `weights_only=True` for any use case where you don't have full control of the loaded file. Please open an issue on GitHub for any issues related to this experimental feature.
  obj = torch.load(p, map_location="cpu")
/data1/gushengda/eam-rl4co/PTP/fitness/free_loss_fidelity.py:52: FutureWarning: You are using `torch.load` with `weights_only=False` (the current default value), which uses the default pickle module implicitly. It is possible to construct malicious pickle data which will execute arbitrary code during unpickling (See https://github.com/pytorch/pytorch/blob/main/SECURITY.md#untrusted-models for more details). In a future release, the default value for `weights_only` will be flipped to `True`. This limits the functions that could be executed during unpickling. Arbitrary objects will no longer be allowed to be loaded via this mode unless they are explicitly allowlisted by the user via `torch.serialization.add_safe_globals`. We recommend you start setting `weights_only=True` for any use case where you don't have full control of the loaded file. Please open an issue on GitHub for any issues related to this experimental feature.
  obj = torch.load(p, map_location="cpu")
/data1/gushengda/eam-rl4co/PTP/fitness/free_loss_fidelity.py:52: FutureWarning: You are using `torch.load` with `weights_only=False` (the current default value), which uses the default pickle module implicitly. It is possible to construct malicious pickle data which will execute arbitrary code during unpickling (See https://github.com/pytorch/pytorch/blob/main/SECURITY.md#untrusted-models for more details). In a future release, the default value for `weights_only` will be flipped to `True`. This limits the functions that could be executed during unpickling. Arbitrary objects will no longer be allowed to be loaded via this mode unless they are explicitly allowlisted by the user via `torch.serialization.add_safe_globals`. We recommend you start setting `weights_only=True` for any use case where you don't have full control of the loaded file. Please open an issue on GitHub for any issues related to this experimental feature.
  obj = torch.load(p, map_location="cpu")
/data1/gushengda/eam-rl4co/PTP/fitness/free_loss_fidelity.py:519: FutureWarning: You are using `torch.load` with `weights_only=False` (the current default value), which uses the default pickle module implicitly. It is possible to construct malicious pickle data which will execute arbitrary code during unpickling (See https://github.com/pytorch/pytorch/blob/main/SECURITY.md#untrusted-models for more details). In a future release, the default value for `weights_only` will be flipped to `True`. This limits the functions that could be executed during unpickling. Arbitrary objects will no longer be allowed to be loaded via this mode unless they are explicitly allowlisted by the user via `torch.serialization.add_safe_globals`. We recommend you start setting `weights_only=True` for any use case where you don't have full control of the loaded file. Please open an issue on GitHub for any issues related to this experimental feature.
  ckpt = torch.load(ckpt_path, map_location="cpu")
/data1/gushengda/eam-rl4co/PTP/fitness/free_loss_fidelity.py:519: FutureWarning: You are using `torch.load` with `weights_only=False` (the current default value), which uses the default pickle module implicitly. It is possible to construct malicious pickle data which will execute arbitrary code during unpickling (See https://github.com/pytorch/pytorch/blob/main/SECURITY.md#untrusted-models for more details). In a future release, the default value for `weights_only` will be flipped to `True`. This limits the functions that could be executed during unpickling. Arbitrary objects will no longer be allowed to be loaded via this mode unless they are explicitly allowlisted by the user via `torch.serialization.add_safe_globals`. We recommend you start setting `weights_only=True` for any use case where you don't have full control of the loaded file. Please open an issue on GitHub for any issues related to this experimental feature.
  ckpt = torch.load(ckpt_path, map_location="cpu")
/data1/gushengda/eam-rl4co/PTP/fitness/free_loss_fidelity.py:519: FutureWarning: You are using `torch.load` with `weights_only=False` (the current default value), which uses the default pickle module implicitly. It is possible to construct malicious pickle data which will execute arbitrary code during unpickling (See https://github.com/pytorch/pytorch/blob/main/SECURITY.md#untrusted-models for more details). In a future release, the default value for `weights_only` will be flipped to `True`. This limits the functions that could be executed during unpickling. Arbitrary objects will no longer be allowed to be loaded via this mode unless they are explicitly allowlisted by the user via `torch.serialization.add_safe_globals`. We recommend you start setting `weights_only=True` for any use case where you don't have full control of the loaded file. Please open an issue on GitHub for any issues related to this experimental feature.
  ckpt = torch.load(ckpt_path, map_location="cpu")
/data1/gushengda/eam-rl4co/PTP/fitness/free_loss_fidelity.py:519: FutureWarning: You are using `torch.load` with `weights_only=False` (the current default value), which uses the default pickle module implicitly. It is possible to construct malicious pickle data which will execute arbitrary code during unpickling (See https://github.com/pytorch/pytorch/blob/main/SECURITY.md#untrusted-models for more details). In a future release, the default value for `weights_only` will be flipped to `True`. This limits the functions that could be executed during unpickling. Arbitrary objects will no longer be allowed to be loaded via this mode unless they are explicitly allowlisted by the user via `torch.serialization.add_safe_globals`. We recommend you start setting `weights_only=True` for any use case where you don't have full control of the loaded file. Please open an issue on GitHub for any issues related to this experimental feature.
  ckpt = torch.load(ckpt_path, map_location="cpu")
[2026-03-02 14:04:40,326] INFO:ptp_discovery.pref_loss_coevo: COMPARE target=incumbent reference_score=inf threshold=inf metric_mode=minimize improve_eps=0.005680100188381428
[2026-03-02 14:04:40,326] INFO:ptp_discovery.pref_loss_coevo: COMPARE target=last_phase last_phase=baseline reference_score=inf threshold=inf metric_mode=minimize improve_eps=0.005680100188381428
[2026-03-02 14:04:40,327] INFO:ptp_discovery.pref_loss_coevo: NEW BEST: score=0.001376012961069743 ref=inf delta=inf pair=(g_ref,f000_007_eba5357c) stage=high_fidelity gen=0 phase=loss threshold=inf compare_target=incumbent improve_eps=0.005680100188381428
[2026-03-02 14:04:40,328] INFO:ptp_discovery.pref_loss_coevo: Gen 0 summary: g_pool=0 f_pool=12 pairs=12 ok=8 stages={'high_fidelity': 8, 'gate': 4} top_reasons=[('ok_stage3_offline_minitrain', 8), ('cheap_gate_failed', 4)]
[2026-03-02 14:04:40,342] INFO:ptp_discovery.pref_loss_coevo: Alternating LLM gating gen=1 phase=loss llm_enabled(builder=False,loss=True)
[2026-03-02 14:04:40,342] INFO:ptp_discovery.pref_loss_coevo: === alternating generation 1/19 ===
[2026-03-02 14:04:40,343] INFO:ptp_discovery.pref_loss_coevo: EVAL_STAGES enabled: stage0_gate=1 stage1_proxy=0 stage2_micro_unroll=0 stage3_high_fidelity=1
[2026-03-02 14:04:40,343] INFO:ptp_discovery.pref_loss_coevo: INCUMBENT best_score=0.001376012961069743 best_pair=(g_ref,f000_007_eba5357c) best_stage=high_fidelity metric_mode=minimize improve_eps=0.005680100188381428
[2026-03-02 14:04:40,344] INFO:ptp_discovery.pref_loss_coevo: Gen 1 start: caches(rollout=0 pref=0 pair=20) cuda(cuda:0(alloc=0.05G,resv=8.32G) cuda:1(alloc=0.00G,resv=0.00G) cuda:2(alloc=0.00G,resv=0.00G) cuda:3(alloc=0.00G,resv=0.00G))
[2026-03-02 14:04:40,344] INFO:ptp_discovery.pref_loss_coevo: Gen 1 prompt context sizes: best_builder_summary.code=0 chars best_loss_summary.code=504 chars
[2026-03-02 14:04:40,344] INFO:ptp_discovery.pref_loss_coevo: Loss exploration schedule gen=1: stagnation=0 trigger=3 explore_mode=False avoid_families=['pairwise_margin|cost_gap|mean|clamp_stabilized', 'pairwise_margin|cost_gap|sum_normalized|clamp_stabilized', 'pairwise_margin|cost_gap|weighted_normalized_sum|clamp_stabilized', 'pairwise_preference_rl|advantage_margin|weighted_mean|length_normalization', 'pairwise_preference_margin|delta_rank_scaled_margin|weighted_mean|nonneg_weight', 'pairwise_margin|cost_gap|mean|zscore_gap_smooth_penalty', 'max_margin_hinge|advantage_gap|weighted_mean|detach_margin_calibration', 'contrastive_infoNCE|advantage_gap|weighted_mean|tau_clamp_stabilized']
[2026-03-02 14:08:03,362] WARNING:ptp_discovery.pref_loss_coevo: Population fill shortfall at gen=1: proposed_g=0/12 proposed_f=9/12 (seen_g=0 seen_f=21)
[2026-03-02 14:08:03,378] INFO:ptp_discovery.pref_loss_coevo: Gen 1 LLM ops: builders={} (repairs=0) losses={'LOSS_CONSTRAINT_INJECT': 3, 'E1': 1, 'LOSS_STRUCTURE_SHIFT': 1, 'E1_GENERATE': 1, 'REPAIR': 1, 'LOSS_PARADIGM_SHIFT': 3} (repairs=1) cache={'offline_mode': False, 'cache_path': 'runs/pref_loss_alternating_simple/20260302-110812/llm_cache.jsonl', 'cache_entries': 39, 'cache_hits': 1, 'cache_misses': 14}
[2026-03-02 14:08:03,378] INFO:ptp_discovery.pref_loss_coevo: Gen 1 proxy rollouts skipped: stage1_proxy=0 and stage2_micro_unroll=0
[2026-03-02 14:08:03,396] INFO:ptp_discovery.pref_loss_coevo: Alternating block status: round=0 cycle_pos=1/20 budgets(loss=128,builder=0)
[2026-03-02 14:08:03,397] INFO:ptp_discovery.pref_loss_coevo: Alternating fixed candidates resolved: fixed_g=g_ref fixed_f=f000_007_eba5357c
[2026-03-02 14:08:03,397] INFO:ptp_discovery.pref_loss_coevo: Alternating phase=loss fixed_g=g_ref budget=128
[2026-03-02 14:08:03,398] INFO:ptp_discovery.pref_loss_coevo: EVAL_STAGES enabled: stage0_gate=1 stage1_proxy=0 stage2_micro_unroll=0 stage3_high_fidelity=1
[2026-03-02 14:08:03,398] INFO:ptp_discovery.pref_loss_coevo: Alternating phase=builder fixed_f=f000_007_eba5357c budget=0
[2026-03-02 14:08:03,398] INFO:ptp_discovery.pref_loss_coevo: EVAL_STAGES enabled: stage0_gate=1 stage1_proxy=0 stage2_micro_unroll=0 stage3_high_fidelity=1
[2026-03-02 14:08:03,398] INFO:ptp_discovery.pref_loss_coevo: Gate-only eval (proxy disabled) gen=1: pairs=17 cheap_gate_on=True
[2026-03-02 14:08:03,405] INFO:ptp_discovery.free_loss_llm_ops: Loaded LLM cache entries: 39 (runs/pref_loss_alternating_simple/20260302-110812/llm_cache.jsonl)
[2026-03-02 14:08:39,479] INFO:ptp_discovery.pref_loss_coevo: Gate-only progress gen=1: 1/17 caches(rollout=0 pref=0 pair=21)
[2026-03-02 14:08:39,514] INFO:ptp_discovery.free_loss_llm_ops: Loaded LLM cache entries: 41 (runs/pref_loss_alternating_simple/20260302-110812/llm_cache.jsonl)
[2026-03-02 14:09:58,396] INFO:ptp_discovery.pref_loss_coevo: Gate-only progress gen=1: 10/17 caches(rollout=0 pref=0 pair=25)
[2026-03-02 14:09:58,402] INFO:ptp_discovery.free_loss_llm_ops: Loaded LLM cache entries: 45 (runs/pref_loss_alternating_simple/20260302-110812/llm_cache.jsonl)
[2026-03-02 14:10:30,041] INFO:ptp_discovery.free_loss_llm_ops: Loaded LLM cache entries: 47 (runs/pref_loss_alternating_simple/20260302-110812/llm_cache.jsonl)
[2026-03-02 14:10:30,054] INFO:ptp_discovery.free_loss_llm_ops: Loaded LLM cache entries: 47 (runs/pref_loss_alternating_simple/20260302-110812/llm_cache.jsonl)
[2026-03-02 14:11:05,415] INFO:ptp_discovery.pref_loss_coevo: Gate-only progress gen=1: 17/17 caches(rollout=0 pref=0 pair=29)
[2026-03-02 14:11:05,415] INFO:ptp_discovery.pref_loss_coevo: Gate-only eval done gen=1: pairs=17 elapsed_s=182.0 caches(rollout=0 pref=0 pair=29)
[2026-03-02 14:11:05,416] INFO:ptp_discovery.pref_loss_coevo: HF selection gen=1: eligible=13 selected=13 (top_m=999999 ignored)
[2026-03-02 14:11:05,417] INFO:ptp_discovery.pref_loss_coevo: HF device assignment gen=1: {'cuda:0': 4, 'cuda:1': 3, 'cuda:2': 3, 'cuda:3': 3}
[2026-03-02 14:11:05,417] INFO:ptp_discovery.pref_loss_coevo: HF eval gen=1: tasks=13 mp=True procs=4
[2026-03-02 14:11:05,417] INFO:ptp_discovery.pref_loss_coevo: High-fidelity via pinned mp: start_method=spawn processes=4 tasks=13
/data1/gushengda/eam-rl4co/PTP/fitness/free_loss_fidelity.py:52: FutureWarning: You are using `torch.load` with `weights_only=False` (the current default value), which uses the default pickle module implicitly. It is possible to construct malicious pickle data which will execute arbitrary code during unpickling (See https://github.com/pytorch/pytorch/blob/main/SECURITY.md#untrusted-models for more details). In a future release, the default value for `weights_only` will be flipped to `True`. This limits the functions that could be executed during unpickling. Arbitrary objects will no longer be allowed to be loaded via this mode unless they are explicitly allowlisted by the user via `torch.serialization.add_safe_globals`. We recommend you start setting `weights_only=True` for any use case where you don't have full control of the loaded file. Please open an issue on GitHub for any issues related to this experimental feature.
  obj = torch.load(p, map_location="cpu")
/data1/gushengda/eam-rl4co/PTP/fitness/free_loss_fidelity.py:52: FutureWarning: You are using `torch.load` with `weights_only=False` (the current default value), which uses the default pickle module implicitly. It is possible to construct malicious pickle data which will execute arbitrary code during unpickling (See https://github.com/pytorch/pytorch/blob/main/SECURITY.md#untrusted-models for more details). In a future release, the default value for `weights_only` will be flipped to `True`. This limits the functions that could be executed during unpickling. Arbitrary objects will no longer be allowed to be loaded via this mode unless they are explicitly allowlisted by the user via `torch.serialization.add_safe_globals`. We recommend you start setting `weights_only=True` for any use case where you don't have full control of the loaded file. Please open an issue on GitHub for any issues related to this experimental feature.
  obj = torch.load(p, map_location="cpu")
/data1/gushengda/eam-rl4co/PTP/fitness/free_loss_fidelity.py:52: FutureWarning: You are using `torch.load` with `weights_only=False` (the current default value), which uses the default pickle module implicitly. It is possible to construct malicious pickle data which will execute arbitrary code during unpickling (See https://github.com/pytorch/pytorch/blob/main/SECURITY.md#untrusted-models for more details). In a future release, the default value for `weights_only` will be flipped to `True`. This limits the functions that could be executed during unpickling. Arbitrary objects will no longer be allowed to be loaded via this mode unless they are explicitly allowlisted by the user via `torch.serialization.add_safe_globals`. We recommend you start setting `weights_only=True` for any use case where you don't have full control of the loaded file. Please open an issue on GitHub for any issues related to this experimental feature.
  obj = torch.load(p, map_location="cpu")
/data1/gushengda/eam-rl4co/PTP/fitness/free_loss_fidelity.py:52: FutureWarning: You are using `torch.load` with `weights_only=False` (the current default value), which uses the default pickle module implicitly. It is possible to construct malicious pickle data which will execute arbitrary code during unpickling (See https://github.com/pytorch/pytorch/blob/main/SECURITY.md#untrusted-models for more details). In a future release, the default value for `weights_only` will be flipped to `True`. This limits the functions that could be executed during unpickling. Arbitrary objects will no longer be allowed to be loaded via this mode unless they are explicitly allowlisted by the user via `torch.serialization.add_safe_globals`. We recommend you start setting `weights_only=True` for any use case where you don't have full control of the loaded file. Please open an issue on GitHub for any issues related to this experimental feature.
  obj = torch.load(p, map_location="cpu")
/data1/gushengda/eam-rl4co/PTP/fitness/free_loss_fidelity.py:519: FutureWarning: You are using `torch.load` with `weights_only=False` (the current default value), which uses the default pickle module implicitly. It is possible to construct malicious pickle data which will execute arbitrary code during unpickling (See https://github.com/pytorch/pytorch/blob/main/SECURITY.md#untrusted-models for more details). In a future release, the default value for `weights_only` will be flipped to `True`. This limits the functions that could be executed during unpickling. Arbitrary objects will no longer be allowed to be loaded via this mode unless they are explicitly allowlisted by the user via `torch.serialization.add_safe_globals`. We recommend you start setting `weights_only=True` for any use case where you don't have full control of the loaded file. Please open an issue on GitHub for any issues related to this experimental feature.
  ckpt = torch.load(ckpt_path, map_location="cpu")
/data1/gushengda/eam-rl4co/PTP/fitness/free_loss_fidelity.py:519: FutureWarning: You are using `torch.load` with `weights_only=False` (the current default value), which uses the default pickle module implicitly. It is possible to construct malicious pickle data which will execute arbitrary code during unpickling (See https://github.com/pytorch/pytorch/blob/main/SECURITY.md#untrusted-models for more details). In a future release, the default value for `weights_only` will be flipped to `True`. This limits the functions that could be executed during unpickling. Arbitrary objects will no longer be allowed to be loaded via this mode unless they are explicitly allowlisted by the user via `torch.serialization.add_safe_globals`. We recommend you start setting `weights_only=True` for any use case where you don't have full control of the loaded file. Please open an issue on GitHub for any issues related to this experimental feature.
  ckpt = torch.load(ckpt_path, map_location="cpu")
/data1/gushengda/eam-rl4co/PTP/fitness/free_loss_fidelity.py:519: FutureWarning: You are using `torch.load` with `weights_only=False` (the current default value), which uses the default pickle module implicitly. It is possible to construct malicious pickle data which will execute arbitrary code during unpickling (See https://github.com/pytorch/pytorch/blob/main/SECURITY.md#untrusted-models for more details). In a future release, the default value for `weights_only` will be flipped to `True`. This limits the functions that could be executed during unpickling. Arbitrary objects will no longer be allowed to be loaded via this mode unless they are explicitly allowlisted by the user via `torch.serialization.add_safe_globals`. We recommend you start setting `weights_only=True` for any use case where you don't have full control of the loaded file. Please open an issue on GitHub for any issues related to this experimental feature.
  ckpt = torch.load(ckpt_path, map_location="cpu")
/data1/gushengda/eam-rl4co/PTP/fitness/free_loss_fidelity.py:519: FutureWarning: You are using `torch.load` with `weights_only=False` (the current default value), which uses the default pickle module implicitly. It is possible to construct malicious pickle data which will execute arbitrary code during unpickling (See https://github.com/pytorch/pytorch/blob/main/SECURITY.md#untrusted-models for more details). In a future release, the default value for `weights_only` will be flipped to `True`. This limits the functions that could be executed during unpickling. Arbitrary objects will no longer be allowed to be loaded via this mode unless they are explicitly allowlisted by the user via `torch.serialization.add_safe_globals`. We recommend you start setting `weights_only=True` for any use case where you don't have full control of the loaded file. Please open an issue on GitHub for any issues related to this experimental feature.
  ckpt = torch.load(ckpt_path, map_location="cpu")
[2026-03-02 14:22:08,947] INFO:ptp_discovery.pref_loss_coevo: HF vs incumbent gen=1: better=0 worse=13 unknown=0 (ok=13 failed=0) ref=0.001376012961069743 threshold=-0.004304087227311685
[2026-03-02 14:22:08,949] INFO:ptp_discovery.pref_loss_coevo: HF MF promote gen=1: K200 -> K1000 next_pool=13 (from=13) top_m=32 promote_if_better=True include_incumbent=True
[2026-03-02 14:22:08,951] INFO:ptp_discovery.pref_loss_coevo: HF MF round gen=1: K1000 fidelity=K1000 pool=13 tasks=7 mp=True procs=4 devices={'cuda:0': 2, 'cuda:1': 2, 'cuda:2': 2, 'cuda:3': 1}
/data1/gushengda/eam-rl4co/PTP/fitness/free_loss_fidelity.py:52: FutureWarning: You are using `torch.load` with `weights_only=False` (the current default value), which uses the default pickle module implicitly. It is possible to construct malicious pickle data which will execute arbitrary code during unpickling (See https://github.com/pytorch/pytorch/blob/main/SECURITY.md#untrusted-models for more details). In a future release, the default value for `weights_only` will be flipped to `True`. This limits the functions that could be executed during unpickling. Arbitrary objects will no longer be allowed to be loaded via this mode unless they are explicitly allowlisted by the user via `torch.serialization.add_safe_globals`. We recommend you start setting `weights_only=True` for any use case where you don't have full control of the loaded file. Please open an issue on GitHub for any issues related to this experimental feature.
  obj = torch.load(p, map_location="cpu")
/data1/gushengda/eam-rl4co/PTP/fitness/free_loss_fidelity.py:52: FutureWarning: You are using `torch.load` with `weights_only=False` (the current default value), which uses the default pickle module implicitly. It is possible to construct malicious pickle data which will execute arbitrary code during unpickling (See https://github.com/pytorch/pytorch/blob/main/SECURITY.md#untrusted-models for more details). In a future release, the default value for `weights_only` will be flipped to `True`. This limits the functions that could be executed during unpickling. Arbitrary objects will no longer be allowed to be loaded via this mode unless they are explicitly allowlisted by the user via `torch.serialization.add_safe_globals`. We recommend you start setting `weights_only=True` for any use case where you don't have full control of the loaded file. Please open an issue on GitHub for any issues related to this experimental feature.
  obj = torch.load(p, map_location="cpu")
/data1/gushengda/eam-rl4co/PTP/fitness/free_loss_fidelity.py:52: FutureWarning: You are using `torch.load` with `weights_only=False` (the current default value), which uses the default pickle module implicitly. It is possible to construct malicious pickle data which will execute arbitrary code during unpickling (See https://github.com/pytorch/pytorch/blob/main/SECURITY.md#untrusted-models for more details). In a future release, the default value for `weights_only` will be flipped to `True`. This limits the functions that could be executed during unpickling. Arbitrary objects will no longer be allowed to be loaded via this mode unless they are explicitly allowlisted by the user via `torch.serialization.add_safe_globals`. We recommend you start setting `weights_only=True` for any use case where you don't have full control of the loaded file. Please open an issue on GitHub for any issues related to this experimental feature.
  obj = torch.load(p, map_location="cpu")
/data1/gushengda/eam-rl4co/PTP/fitness/free_loss_fidelity.py:52: FutureWarning: You are using `torch.load` with `weights_only=False` (the current default value), which uses the default pickle module implicitly. It is possible to construct malicious pickle data which will execute arbitrary code during unpickling (See https://github.com/pytorch/pytorch/blob/main/SECURITY.md#untrusted-models for more details). In a future release, the default value for `weights_only` will be flipped to `True`. This limits the functions that could be executed during unpickling. Arbitrary objects will no longer be allowed to be loaded via this mode unless they are explicitly allowlisted by the user via `torch.serialization.add_safe_globals`. We recommend you start setting `weights_only=True` for any use case where you don't have full control of the loaded file. Please open an issue on GitHub for any issues related to this experimental feature.
  obj = torch.load(p, map_location="cpu")
/data1/gushengda/eam-rl4co/PTP/fitness/free_loss_fidelity.py:519: FutureWarning: You are using `torch.load` with `weights_only=False` (the current default value), which uses the default pickle module implicitly. It is possible to construct malicious pickle data which will execute arbitrary code during unpickling (See https://github.com/pytorch/pytorch/blob/main/SECURITY.md#untrusted-models for more details). In a future release, the default value for `weights_only` will be flipped to `True`. This limits the functions that could be executed during unpickling. Arbitrary objects will no longer be allowed to be loaded via this mode unless they are explicitly allowlisted by the user via `torch.serialization.add_safe_globals`. We recommend you start setting `weights_only=True` for any use case where you don't have full control of the loaded file. Please open an issue on GitHub for any issues related to this experimental feature.
  ckpt = torch.load(ckpt_path, map_location="cpu")
/data1/gushengda/eam-rl4co/PTP/fitness/free_loss_fidelity.py:519: FutureWarning: You are using `torch.load` with `weights_only=False` (the current default value), which uses the default pickle module implicitly. It is possible to construct malicious pickle data which will execute arbitrary code during unpickling (See https://github.com/pytorch/pytorch/blob/main/SECURITY.md#untrusted-models for more details). In a future release, the default value for `weights_only` will be flipped to `True`. This limits the functions that could be executed during unpickling. Arbitrary objects will no longer be allowed to be loaded via this mode unless they are explicitly allowlisted by the user via `torch.serialization.add_safe_globals`. We recommend you start setting `weights_only=True` for any use case where you don't have full control of the loaded file. Please open an issue on GitHub for any issues related to this experimental feature.
  ckpt = torch.load(ckpt_path, map_location="cpu")
/data1/gushengda/eam-rl4co/PTP/fitness/free_loss_fidelity.py:519: FutureWarning: You are using `torch.load` with `weights_only=False` (the current default value), which uses the default pickle module implicitly. It is possible to construct malicious pickle data which will execute arbitrary code during unpickling (See https://github.com/pytorch/pytorch/blob/main/SECURITY.md#untrusted-models for more details). In a future release, the default value for `weights_only` will be flipped to `True`. This limits the functions that could be executed during unpickling. Arbitrary objects will no longer be allowed to be loaded via this mode unless they are explicitly allowlisted by the user via `torch.serialization.add_safe_globals`. We recommend you start setting `weights_only=True` for any use case where you don't have full control of the loaded file. Please open an issue on GitHub for any issues related to this experimental feature.
  ckpt = torch.load(ckpt_path, map_location="cpu")
/data1/gushengda/eam-rl4co/PTP/fitness/free_loss_fidelity.py:519: FutureWarning: You are using `torch.load` with `weights_only=False` (the current default value), which uses the default pickle module implicitly. It is possible to construct malicious pickle data which will execute arbitrary code during unpickling (See https://github.com/pytorch/pytorch/blob/main/SECURITY.md#untrusted-models for more details). In a future release, the default value for `weights_only` will be flipped to `True`. This limits the functions that could be executed during unpickling. Arbitrary objects will no longer be allowed to be loaded via this mode unless they are explicitly allowlisted by the user via `torch.serialization.add_safe_globals`. We recommend you start setting `weights_only=True` for any use case where you don't have full control of the loaded file. Please open an issue on GitHub for any issues related to this experimental feature.
  ckpt = torch.load(ckpt_path, map_location="cpu")
[2026-03-02 14:56:39,941] INFO:ptp_discovery.pref_loss_coevo: COMPARE target=incumbent reference_score=0.001376012961069743 threshold=-0.004304087227311685 metric_mode=minimize improve_eps=0.005680100188381428
[2026-03-02 14:56:39,942] INFO:ptp_discovery.pref_loss_coevo: COMPARE target=last_phase last_phase=baseline reference_score=inf threshold=inf metric_mode=minimize improve_eps=0.005680100188381428
[2026-03-02 14:56:39,943] INFO:ptp_discovery.pref_loss_coevo: Gen 1 summary: g_pool=0 f_pool=9 pairs=17 ok=13 stages={'high_fidelity': 13, 'gate': 4} top_reasons=[('ok_stage3_offline_minitrain', 13), ('cheap_gate_failed', 4)]
[2026-03-02 14:56:39,964] INFO:ptp_discovery.pref_loss_coevo: Alternating LLM gating gen=2 phase=loss llm_enabled(builder=False,loss=True)
[2026-03-02 14:56:39,965] INFO:ptp_discovery.pref_loss_coevo: === alternating generation 2/19 ===
[2026-03-02 14:56:39,965] INFO:ptp_discovery.pref_loss_coevo: EVAL_STAGES enabled: stage0_gate=1 stage1_proxy=0 stage2_micro_unroll=0 stage3_high_fidelity=1
[2026-03-02 14:56:39,965] INFO:ptp_discovery.pref_loss_coevo: INCUMBENT best_score=0.001376012961069743 best_pair=(g_ref,f000_007_eba5357c) best_stage=high_fidelity metric_mode=minimize improve_eps=0.005680100188381428
[2026-03-02 14:56:39,966] INFO:ptp_discovery.pref_loss_coevo: Gen 2 start: caches(rollout=0 pref=0 pair=36) cuda(cuda:0(alloc=0.05G,resv=8.32G) cuda:1(alloc=0.00G,resv=0.00G) cuda:2(alloc=0.00G,resv=0.00G) cuda:3(alloc=0.00G,resv=0.00G))
[2026-03-02 14:56:39,967] INFO:ptp_discovery.pref_loss_coevo: Gen 2 prompt context sizes: best_builder_summary.code=0 chars best_loss_summary.code=504 chars
[2026-03-02 14:56:39,967] INFO:ptp_discovery.pref_loss_coevo: Loss exploration schedule gen=2: stagnation=1 trigger=3 explore_mode=False avoid_families=['pairwise_margin|cost_gap|weighted_normalized_sum|scale_invariant_gap_norm', 'pairwise_margin|cost_gap|mean|weight_mean_normalization', 'pairwise_margin|cost_gap|mean|shift_invariant_centering', 'pairwise_margin|cost_gap|mean|clamp_stabilized', 'pairwise_margin|cost_gap|weighted_mean|clamp_stabilized', 'pairwise_margin|cost_gap|sum_normalized|clamp_stabilized', 'pairwise_margin|cost_gap|weighted_normalized_sum|clamp_stabilized', 'pairwise_preference_rl|advantage_margin|weighted_mean|length_normalization']
[2026-03-02 15:00:30,006] WARNING:ptp_discovery.pref_loss_coevo: Population fill shortfall at gen=2: proposed_g=0/12 proposed_f=9/12 (seen_g=0 seen_f=30)
[2026-03-02 15:00:30,020] INFO:ptp_discovery.pref_loss_coevo: Gen 2 LLM ops: builders={} (repairs=0) losses={'LOSS_STRUCTURE_SHIFT': 2, 'LOSS_PARADIGM_SHIFT': 2, 'LOSS_CONSTRAINT_INJECT': 2, 'REPAIR': 2, 'E1_GENERATE': 1, 'E1': 1, 'M2': 1} (repairs=2) cache={'offline_mode': False, 'cache_path': 'runs/pref_loss_alternating_simple/20260302-110812/llm_cache.jsonl', 'cache_entries': 62, 'cache_hits': 0, 'cache_misses': 15}
[2026-03-02 15:00:30,020] INFO:ptp_discovery.pref_loss_coevo: Gen 2 proxy rollouts skipped: stage1_proxy=0 and stage2_micro_unroll=0
[2026-03-02 15:00:30,044] INFO:ptp_discovery.pref_loss_coevo: Alternating block status: round=0 cycle_pos=2/20 budgets(loss=128,builder=0)
[2026-03-02 15:00:30,045] INFO:ptp_discovery.pref_loss_coevo: Alternating fixed candidates resolved: fixed_g=g_ref fixed_f=f000_007_eba5357c
[2026-03-02 15:00:30,045] INFO:ptp_discovery.pref_loss_coevo: Alternating phase=loss fixed_g=g_ref budget=128
[2026-03-02 15:00:30,045] INFO:ptp_discovery.pref_loss_coevo: EVAL_STAGES enabled: stage0_gate=1 stage1_proxy=0 stage2_micro_unroll=0 stage3_high_fidelity=1
[2026-03-02 15:00:30,045] INFO:ptp_discovery.pref_loss_coevo: Alternating phase=builder fixed_f=f000_007_eba5357c budget=0
[2026-03-02 15:00:30,045] INFO:ptp_discovery.pref_loss_coevo: EVAL_STAGES enabled: stage0_gate=1 stage1_proxy=0 stage2_micro_unroll=0 stage3_high_fidelity=1
[2026-03-02 15:00:30,045] INFO:ptp_discovery.pref_loss_coevo: Gate-only eval (proxy disabled) gen=2: pairs=21 cheap_gate_on=True
[2026-03-02 15:00:30,052] INFO:ptp_discovery.free_loss_llm_ops: Loaded LLM cache entries: 62 (runs/pref_loss_alternating_simple/20260302-110812/llm_cache.jsonl)
[2026-03-02 15:01:35,725] INFO:ptp_discovery.pref_loss_coevo: Gate-only progress gen=2: 1/21 caches(rollout=0 pref=0 pair=37)
[2026-03-02 15:01:35,743] INFO:ptp_discovery.free_loss_llm_ops: Loaded LLM cache entries: 66 (runs/pref_loss_alternating_simple/20260302-110812/llm_cache.jsonl)
[2026-03-02 15:01:35,754] INFO:ptp_discovery.free_loss_llm_ops: Loaded LLM cache entries: 66 (runs/pref_loss_alternating_simple/20260302-110812/llm_cache.jsonl)
[2026-03-02 15:02:47,829] INFO:ptp_discovery.free_loss_llm_ops: Loaded LLM cache entries: 70 (runs/pref_loss_alternating_simple/20260302-110812/llm_cache.jsonl)
[2026-03-02 15:03:44,422] INFO:ptp_discovery.pref_loss_coevo: Gate-only progress gen=2: 10/21 caches(rollout=0 pref=0 pair=40)
[2026-03-02 15:03:44,445] INFO:ptp_discovery.free_loss_llm_ops: Loaded LLM cache entries: 73 (runs/pref_loss_alternating_simple/20260302-110812/llm_cache.jsonl)
[2026-03-02 15:05:03,334] INFO:ptp_discovery.free_loss_llm_ops: Loaded LLM cache entries: 77 (runs/pref_loss_alternating_simple/20260302-110812/llm_cache.jsonl)
[2026-03-02 15:05:03,341] INFO:ptp_discovery.pref_loss_coevo: Gate-only progress gen=2: 20/21 caches(rollout=0 pref=0 pair=44)
[2026-03-02 15:05:03,347] INFO:ptp_discovery.free_loss_llm_ops: Loaded LLM cache entries: 77 (runs/pref_loss_alternating_simple/20260302-110812/llm_cache.jsonl)
[2026-03-02 15:05:58,099] INFO:ptp_discovery.pref_loss_coevo: Gate-only progress gen=2: 21/21 caches(rollout=0 pref=0 pair=45)
[2026-03-02 15:05:58,099] INFO:ptp_discovery.pref_loss_coevo: Gate-only eval done gen=2: pairs=21 elapsed_s=328.1 caches(rollout=0 pref=0 pair=45)
[2026-03-02 15:05:58,099] INFO:ptp_discovery.pref_loss_coevo: HF selection gen=2: eligible=15 selected=15 (top_m=999999 ignored)
[2026-03-02 15:05:58,100] INFO:ptp_discovery.pref_loss_coevo: HF device assignment gen=2: {'cuda:0': 4, 'cuda:1': 4, 'cuda:2': 4, 'cuda:3': 3}
[2026-03-02 15:05:58,101] INFO:ptp_discovery.pref_loss_coevo: HF eval gen=2: tasks=15 mp=True procs=4
[2026-03-02 15:05:58,101] INFO:ptp_discovery.pref_loss_coevo: High-fidelity via pinned mp: start_method=spawn processes=4 tasks=15
/data1/gushengda/eam-rl4co/PTP/fitness/free_loss_fidelity.py:52: FutureWarning: You are using `torch.load` with `weights_only=False` (the current default value), which uses the default pickle module implicitly. It is possible to construct malicious pickle data which will execute arbitrary code during unpickling (See https://github.com/pytorch/pytorch/blob/main/SECURITY.md#untrusted-models for more details). In a future release, the default value for `weights_only` will be flipped to `True`. This limits the functions that could be executed during unpickling. Arbitrary objects will no longer be allowed to be loaded via this mode unless they are explicitly allowlisted by the user via `torch.serialization.add_safe_globals`. We recommend you start setting `weights_only=True` for any use case where you don't have full control of the loaded file. Please open an issue on GitHub for any issues related to this experimental feature.
  obj = torch.load(p, map_location="cpu")
/data1/gushengda/eam-rl4co/PTP/fitness/free_loss_fidelity.py:52: FutureWarning: You are using `torch.load` with `weights_only=False` (the current default value), which uses the default pickle module implicitly. It is possible to construct malicious pickle data which will execute arbitrary code during unpickling (See https://github.com/pytorch/pytorch/blob/main/SECURITY.md#untrusted-models for more details). In a future release, the default value for `weights_only` will be flipped to `True`. This limits the functions that could be executed during unpickling. Arbitrary objects will no longer be allowed to be loaded via this mode unless they are explicitly allowlisted by the user via `torch.serialization.add_safe_globals`. We recommend you start setting `weights_only=True` for any use case where you don't have full control of the loaded file. Please open an issue on GitHub for any issues related to this experimental feature.
  obj = torch.load(p, map_location="cpu")
/data1/gushengda/eam-rl4co/PTP/fitness/free_loss_fidelity.py:52: FutureWarning: You are using `torch.load` with `weights_only=False` (the current default value), which uses the default pickle module implicitly. It is possible to construct malicious pickle data which will execute arbitrary code during unpickling (See https://github.com/pytorch/pytorch/blob/main/SECURITY.md#untrusted-models for more details). In a future release, the default value for `weights_only` will be flipped to `True`. This limits the functions that could be executed during unpickling. Arbitrary objects will no longer be allowed to be loaded via this mode unless they are explicitly allowlisted by the user via `torch.serialization.add_safe_globals`. We recommend you start setting `weights_only=True` for any use case where you don't have full control of the loaded file. Please open an issue on GitHub for any issues related to this experimental feature.
  obj = torch.load(p, map_location="cpu")
/data1/gushengda/eam-rl4co/PTP/fitness/free_loss_fidelity.py:52: FutureWarning: You are using `torch.load` with `weights_only=False` (the current default value), which uses the default pickle module implicitly. It is possible to construct malicious pickle data which will execute arbitrary code during unpickling (See https://github.com/pytorch/pytorch/blob/main/SECURITY.md#untrusted-models for more details). In a future release, the default value for `weights_only` will be flipped to `True`. This limits the functions that could be executed during unpickling. Arbitrary objects will no longer be allowed to be loaded via this mode unless they are explicitly allowlisted by the user via `torch.serialization.add_safe_globals`. We recommend you start setting `weights_only=True` for any use case where you don't have full control of the loaded file. Please open an issue on GitHub for any issues related to this experimental feature.
  obj = torch.load(p, map_location="cpu")
/data1/gushengda/eam-rl4co/PTP/fitness/free_loss_fidelity.py:519: FutureWarning: You are using `torch.load` with `weights_only=False` (the current default value), which uses the default pickle module implicitly. It is possible to construct malicious pickle data which will execute arbitrary code during unpickling (See https://github.com/pytorch/pytorch/blob/main/SECURITY.md#untrusted-models for more details). In a future release, the default value for `weights_only` will be flipped to `True`. This limits the functions that could be executed during unpickling. Arbitrary objects will no longer be allowed to be loaded via this mode unless they are explicitly allowlisted by the user via `torch.serialization.add_safe_globals`. We recommend you start setting `weights_only=True` for any use case where you don't have full control of the loaded file. Please open an issue on GitHub for any issues related to this experimental feature.
  ckpt = torch.load(ckpt_path, map_location="cpu")
/data1/gushengda/eam-rl4co/PTP/fitness/free_loss_fidelity.py:519: FutureWarning: You are using `torch.load` with `weights_only=False` (the current default value), which uses the default pickle module implicitly. It is possible to construct malicious pickle data which will execute arbitrary code during unpickling (See https://github.com/pytorch/pytorch/blob/main/SECURITY.md#untrusted-models for more details). In a future release, the default value for `weights_only` will be flipped to `True`. This limits the functions that could be executed during unpickling. Arbitrary objects will no longer be allowed to be loaded via this mode unless they are explicitly allowlisted by the user via `torch.serialization.add_safe_globals`. We recommend you start setting `weights_only=True` for any use case where you don't have full control of the loaded file. Please open an issue on GitHub for any issues related to this experimental feature.
  ckpt = torch.load(ckpt_path, map_location="cpu")
/data1/gushengda/eam-rl4co/PTP/fitness/free_loss_fidelity.py:519: FutureWarning: You are using `torch.load` with `weights_only=False` (the current default value), which uses the default pickle module implicitly. It is possible to construct malicious pickle data which will execute arbitrary code during unpickling (See https://github.com/pytorch/pytorch/blob/main/SECURITY.md#untrusted-models for more details). In a future release, the default value for `weights_only` will be flipped to `True`. This limits the functions that could be executed during unpickling. Arbitrary objects will no longer be allowed to be loaded via this mode unless they are explicitly allowlisted by the user via `torch.serialization.add_safe_globals`. We recommend you start setting `weights_only=True` for any use case where you don't have full control of the loaded file. Please open an issue on GitHub for any issues related to this experimental feature.
  ckpt = torch.load(ckpt_path, map_location="cpu")
/data1/gushengda/eam-rl4co/PTP/fitness/free_loss_fidelity.py:519: FutureWarning: You are using `torch.load` with `weights_only=False` (the current default value), which uses the default pickle module implicitly. It is possible to construct malicious pickle data which will execute arbitrary code during unpickling (See https://github.com/pytorch/pytorch/blob/main/SECURITY.md#untrusted-models for more details). In a future release, the default value for `weights_only` will be flipped to `True`. This limits the functions that could be executed during unpickling. Arbitrary objects will no longer be allowed to be loaded via this mode unless they are explicitly allowlisted by the user via `torch.serialization.add_safe_globals`. We recommend you start setting `weights_only=True` for any use case where you don't have full control of the loaded file. Please open an issue on GitHub for any issues related to this experimental feature.
  ckpt = torch.load(ckpt_path, map_location="cpu")
[2026-03-02 15:19:26,622] INFO:ptp_discovery.pref_loss_coevo: HF vs incumbent gen=2: better=1 worse=14 unknown=0 (ok=15 failed=0) ref=0.001376012961069743 threshold=-0.004304087227311685
[2026-03-02 15:19:26,624] INFO:ptp_discovery.pref_loss_coevo: HF MF promote gen=2: K200 -> K1000 next_pool=15 (from=15) top_m=32 promote_if_better=True include_incumbent=True
[2026-03-02 15:19:26,626] INFO:ptp_discovery.pref_loss_coevo: HF MF round gen=2: K1000 fidelity=K1000 pool=15 tasks=5 mp=True procs=4 devices={'cuda:0': 2, 'cuda:1': 1, 'cuda:2': 1, 'cuda:3': 1}
/data1/gushengda/eam-rl4co/PTP/fitness/free_loss_fidelity.py:52: FutureWarning: You are using `torch.load` with `weights_only=False` (the current default value), which uses the default pickle module implicitly. It is possible to construct malicious pickle data which will execute arbitrary code during unpickling (See https://github.com/pytorch/pytorch/blob/main/SECURITY.md#untrusted-models for more details). In a future release, the default value for `weights_only` will be flipped to `True`. This limits the functions that could be executed during unpickling. Arbitrary objects will no longer be allowed to be loaded via this mode unless they are explicitly allowlisted by the user via `torch.serialization.add_safe_globals`. We recommend you start setting `weights_only=True` for any use case where you don't have full control of the loaded file. Please open an issue on GitHub for any issues related to this experimental feature.
  obj = torch.load(p, map_location="cpu")
/data1/gushengda/eam-rl4co/PTP/fitness/free_loss_fidelity.py:52: FutureWarning: You are using `torch.load` with `weights_only=False` (the current default value), which uses the default pickle module implicitly. It is possible to construct malicious pickle data which will execute arbitrary code during unpickling (See https://github.com/pytorch/pytorch/blob/main/SECURITY.md#untrusted-models for more details). In a future release, the default value for `weights_only` will be flipped to `True`. This limits the functions that could be executed during unpickling. Arbitrary objects will no longer be allowed to be loaded via this mode unless they are explicitly allowlisted by the user via `torch.serialization.add_safe_globals`. We recommend you start setting `weights_only=True` for any use case where you don't have full control of the loaded file. Please open an issue on GitHub for any issues related to this experimental feature.
  obj = torch.load(p, map_location="cpu")
/data1/gushengda/eam-rl4co/PTP/fitness/free_loss_fidelity.py:52: FutureWarning: You are using `torch.load` with `weights_only=False` (the current default value), which uses the default pickle module implicitly. It is possible to construct malicious pickle data which will execute arbitrary code during unpickling (See https://github.com/pytorch/pytorch/blob/main/SECURITY.md#untrusted-models for more details). In a future release, the default value for `weights_only` will be flipped to `True`. This limits the functions that could be executed during unpickling. Arbitrary objects will no longer be allowed to be loaded via this mode unless they are explicitly allowlisted by the user via `torch.serialization.add_safe_globals`. We recommend you start setting `weights_only=True` for any use case where you don't have full control of the loaded file. Please open an issue on GitHub for any issues related to this experimental feature.
  obj = torch.load(p, map_location="cpu")
/data1/gushengda/eam-rl4co/PTP/fitness/free_loss_fidelity.py:52: FutureWarning: You are using `torch.load` with `weights_only=False` (the current default value), which uses the default pickle module implicitly. It is possible to construct malicious pickle data which will execute arbitrary code during unpickling (See https://github.com/pytorch/pytorch/blob/main/SECURITY.md#untrusted-models for more details). In a future release, the default value for `weights_only` will be flipped to `True`. This limits the functions that could be executed during unpickling. Arbitrary objects will no longer be allowed to be loaded via this mode unless they are explicitly allowlisted by the user via `torch.serialization.add_safe_globals`. We recommend you start setting `weights_only=True` for any use case where you don't have full control of the loaded file. Please open an issue on GitHub for any issues related to this experimental feature.
  obj = torch.load(p, map_location="cpu")
/data1/gushengda/eam-rl4co/PTP/fitness/free_loss_fidelity.py:519: FutureWarning: You are using `torch.load` with `weights_only=False` (the current default value), which uses the default pickle module implicitly. It is possible to construct malicious pickle data which will execute arbitrary code during unpickling (See https://github.com/pytorch/pytorch/blob/main/SECURITY.md#untrusted-models for more details). In a future release, the default value for `weights_only` will be flipped to `True`. This limits the functions that could be executed during unpickling. Arbitrary objects will no longer be allowed to be loaded via this mode unless they are explicitly allowlisted by the user via `torch.serialization.add_safe_globals`. We recommend you start setting `weights_only=True` for any use case where you don't have full control of the loaded file. Please open an issue on GitHub for any issues related to this experimental feature.
  ckpt = torch.load(ckpt_path, map_location="cpu")
/data1/gushengda/eam-rl4co/PTP/fitness/free_loss_fidelity.py:519: FutureWarning: You are using `torch.load` with `weights_only=False` (the current default value), which uses the default pickle module implicitly. It is possible to construct malicious pickle data which will execute arbitrary code during unpickling (See https://github.com/pytorch/pytorch/blob/main/SECURITY.md#untrusted-models for more details). In a future release, the default value for `weights_only` will be flipped to `True`. This limits the functions that could be executed during unpickling. Arbitrary objects will no longer be allowed to be loaded via this mode unless they are explicitly allowlisted by the user via `torch.serialization.add_safe_globals`. We recommend you start setting `weights_only=True` for any use case where you don't have full control of the loaded file. Please open an issue on GitHub for any issues related to this experimental feature.
  ckpt = torch.load(ckpt_path, map_location="cpu")
/data1/gushengda/eam-rl4co/PTP/fitness/free_loss_fidelity.py:519: FutureWarning: You are using `torch.load` with `weights_only=False` (the current default value), which uses the default pickle module implicitly. It is possible to construct malicious pickle data which will execute arbitrary code during unpickling (See https://github.com/pytorch/pytorch/blob/main/SECURITY.md#untrusted-models for more details). In a future release, the default value for `weights_only` will be flipped to `True`. This limits the functions that could be executed during unpickling. Arbitrary objects will no longer be allowed to be loaded via this mode unless they are explicitly allowlisted by the user via `torch.serialization.add_safe_globals`. We recommend you start setting `weights_only=True` for any use case where you don't have full control of the loaded file. Please open an issue on GitHub for any issues related to this experimental feature.
  ckpt = torch.load(ckpt_path, map_location="cpu")
/data1/gushengda/eam-rl4co/PTP/fitness/free_loss_fidelity.py:519: FutureWarning: You are using `torch.load` with `weights_only=False` (the current default value), which uses the default pickle module implicitly. It is possible to construct malicious pickle data which will execute arbitrary code during unpickling (See https://github.com/pytorch/pytorch/blob/main/SECURITY.md#untrusted-models for more details). In a future release, the default value for `weights_only` will be flipped to `True`. This limits the functions that could be executed during unpickling. Arbitrary objects will no longer be allowed to be loaded via this mode unless they are explicitly allowlisted by the user via `torch.serialization.add_safe_globals`. We recommend you start setting `weights_only=True` for any use case where you don't have full control of the loaded file. Please open an issue on GitHub for any issues related to this experimental feature.
  ckpt = torch.load(ckpt_path, map_location="cpu")
[2026-03-02 15:51:20,472] INFO:ptp_discovery.pref_loss_coevo: COMPARE target=incumbent reference_score=0.001376012961069743 threshold=-0.004304087227311685 metric_mode=minimize improve_eps=0.005680100188381428
[2026-03-02 15:51:20,473] INFO:ptp_discovery.pref_loss_coevo: COMPARE target=last_phase last_phase=baseline reference_score=inf threshold=inf metric_mode=minimize improve_eps=0.005680100188381428
[2026-03-02 15:51:20,474] INFO:ptp_discovery.pref_loss_coevo: NEW BEST: score=-0.00682822863260905 ref=0.001376012961069743 delta=0.008204241593678793 pair=(g_ref,f001_005_1378c288) stage=high_fidelity gen=2 phase=loss threshold=-0.004304087227311685 compare_target=incumbent improve_eps=0.005680100188381428
[2026-03-02 15:51:20,475] INFO:ptp_discovery.pref_loss_coevo: Gen 2 summary: g_pool=0 f_pool=9 pairs=21 ok=15 stages={'gate': 6, 'high_fidelity': 15} top_reasons=[('ok_stage3_offline_minitrain', 15), ('cheap_gate_failed', 6)]
[2026-03-02 15:51:20,506] INFO:ptp_discovery.pref_loss_coevo: Alternating LLM gating gen=3 phase=loss llm_enabled(builder=False,loss=True)
[2026-03-02 15:51:20,506] INFO:ptp_discovery.pref_loss_coevo: === alternating generation 3/19 ===
[2026-03-02 15:51:20,506] INFO:ptp_discovery.pref_loss_coevo: EVAL_STAGES enabled: stage0_gate=1 stage1_proxy=0 stage2_micro_unroll=0 stage3_high_fidelity=1
[2026-03-02 15:51:20,506] INFO:ptp_discovery.pref_loss_coevo: INCUMBENT best_score=-0.00682822863260905 best_pair=(g_ref,f001_005_1378c288) best_stage=high_fidelity metric_mode=minimize improve_eps=0.005680100188381428
[2026-03-02 15:51:20,508] INFO:ptp_discovery.pref_loss_coevo: Gen 3 start: caches(rollout=0 pref=0 pair=50) cuda(cuda:0(alloc=0.05G,resv=8.32G) cuda:1(alloc=0.00G,resv=0.00G) cuda:2(alloc=0.00G,resv=0.00G) cuda:3(alloc=0.00G,resv=0.00G))
[2026-03-02 15:51:20,509] INFO:ptp_discovery.pref_loss_coevo: Gen 3 prompt context sizes: best_builder_summary.code=0 chars best_loss_summary.code=504 chars
[2026-03-02 15:51:20,509] INFO:ptp_discovery.pref_loss_coevo: Loss exploration schedule gen=3: stagnation=0 trigger=3 explore_mode=False avoid_families=['pairwise_margin|cost_gap|mean|shift_invariant_centering', 'pairwise_margin|cost_gap|weighted_normalized_sum|shift_invariant_centering', 'pairwise_margin|cost_gap|mean|clamp_stabilized', 'pairwise_margin|cost_gap|weighted_normalized_sum|bounded_rational_gate_temp_adapt', 'pairwise_margin|cost_gap|mean|weight_mean_normalization', 'pairwise_margin|cost_gap|power_mean|weight_mean_normalization', 'pairwise_margin|cost_gap|weighted_normalized_sum|scale_invariant_gap_norm', 'pairwise_margin|cost_gap|weighted_normalized_sum|clamp_stabilized']
[2026-03-02 15:56:01,111] WARNING:ptp_discovery.pref_loss_coevo: Population fill shortfall at gen=3: proposed_g=0/12 proposed_f=9/12 (seen_g=0 seen_f=39)
[2026-03-02 15:56:01,125] INFO:ptp_discovery.pref_loss_coevo: Gen 3 LLM ops: builders={} (repairs=0) losses={'M2': 2, 'REPAIR': 3, 'E1': 2, 'LOSS_STRUCTURE_SHIFT': 1, 'LOSS_CONSTRAINT_INJECT': 1, 'LOSS_PARADIGM_SHIFT': 1, 'E1_GENERATE': 2} (repairs=3) cache={'offline_mode': False, 'cache_path': 'runs/pref_loss_alternating_simple/20260302-110812/llm_cache.jsonl', 'cache_entries': 96, 'cache_hits': 1, 'cache_misses': 19}
[2026-03-02 15:56:01,126] INFO:ptp_discovery.pref_loss_coevo: Gen 3 proxy rollouts skipped: stage1_proxy=0 and stage2_micro_unroll=0
[2026-03-02 15:56:01,152] INFO:ptp_discovery.pref_loss_coevo: Alternating block status: round=0 cycle_pos=3/20 budgets(loss=128,builder=0)
[2026-03-02 15:56:01,153] INFO:ptp_discovery.pref_loss_coevo: Alternating fixed candidates resolved: fixed_g=g_ref fixed_f=f001_005_1378c288
[2026-03-02 15:56:01,153] INFO:ptp_discovery.pref_loss_coevo: Alternating phase=loss fixed_g=g_ref budget=128
[2026-03-02 15:56:01,153] INFO:ptp_discovery.pref_loss_coevo: EVAL_STAGES enabled: stage0_gate=1 stage1_proxy=0 stage2_micro_unroll=0 stage3_high_fidelity=1
[2026-03-02 15:56:01,153] INFO:ptp_discovery.pref_loss_coevo: Alternating phase=builder fixed_f=f001_005_1378c288 budget=0
[2026-03-02 15:56:01,153] INFO:ptp_discovery.pref_loss_coevo: EVAL_STAGES enabled: stage0_gate=1 stage1_proxy=0 stage2_micro_unroll=0 stage3_high_fidelity=1
[2026-03-02 15:56:01,154] INFO:ptp_discovery.pref_loss_coevo: Gate-only eval (proxy disabled) gen=3: pairs=24 cheap_gate_on=True
[2026-03-02 15:56:01,162] INFO:ptp_discovery.free_loss_llm_ops: Loaded LLM cache entries: 96 (runs/pref_loss_alternating_simple/20260302-110812/llm_cache.jsonl)
[2026-03-02 15:56:45,797] INFO:ptp_discovery.pref_loss_coevo: Gate-only progress gen=3: 1/24 caches(rollout=0 pref=0 pair=51)
[2026-03-02 15:56:45,829] INFO:ptp_discovery.free_loss_llm_ops: Loaded LLM cache entries: 99 (runs/pref_loss_alternating_simple/20260302-110812/llm_cache.jsonl)
[2026-03-02 15:57:22,879] INFO:ptp_discovery.pref_loss_coevo: Gate-only progress gen=3: 10/24 caches(rollout=0 pref=0 pair=54)
[2026-03-02 15:57:22,887] INFO:ptp_discovery.free_loss_llm_ops: Loaded LLM cache entries: 101 (runs/pref_loss_alternating_simple/20260302-110812/llm_cache.jsonl)
[2026-03-02 15:57:22,908] INFO:ptp_discovery.free_loss_llm_ops: Loaded LLM cache entries: 101 (runs/pref_loss_alternating_simple/20260302-110812/llm_cache.jsonl)
[2026-03-02 15:58:19,929] INFO:ptp_discovery.free_loss_llm_ops: Loaded LLM cache entries: 104 (runs/pref_loss_alternating_simple/20260302-110812/llm_cache.jsonl)
[2026-03-02 15:59:32,053] INFO:ptp_discovery.pref_loss_coevo: Gate-only progress gen=3: 20/24 caches(rollout=0 pref=0 pair=59)
[2026-03-02 15:59:32,059] INFO:ptp_discovery.free_loss_llm_ops: Loaded LLM cache entries: 108 (runs/pref_loss_alternating_simple/20260302-110812/llm_cache.jsonl)
[2026-03-02 15:59:32,075] INFO:ptp_discovery.pref_loss_coevo: Gate-only progress gen=3: 24/24 caches(rollout=0 pref=0 pair=59)
[2026-03-02 15:59:32,075] INFO:ptp_discovery.pref_loss_coevo: Gate-only eval done gen=3: pairs=24 elapsed_s=210.9 caches(rollout=0 pref=0 pair=59)
[2026-03-02 15:59:32,075] INFO:ptp_discovery.pref_loss_coevo: HF selection gen=3: eligible=17 selected=17 (top_m=999999 ignored)
[2026-03-02 15:59:32,076] INFO:ptp_discovery.pref_loss_coevo: HF device assignment gen=3: {'cuda:0': 5, 'cuda:1': 4, 'cuda:2': 4, 'cuda:3': 4}
[2026-03-02 15:59:32,076] INFO:ptp_discovery.pref_loss_coevo: HF eval gen=3: tasks=17 mp=True procs=4
[2026-03-02 15:59:32,077] INFO:ptp_discovery.pref_loss_coevo: High-fidelity via pinned mp: start_method=spawn processes=4 tasks=17
/data1/gushengda/eam-rl4co/PTP/fitness/free_loss_fidelity.py:52: FutureWarning: You are using `torch.load` with `weights_only=False` (the current default value), which uses the default pickle module implicitly. It is possible to construct malicious pickle data which will execute arbitrary code during unpickling (See https://github.com/pytorch/pytorch/blob/main/SECURITY.md#untrusted-models for more details). In a future release, the default value for `weights_only` will be flipped to `True`. This limits the functions that could be executed during unpickling. Arbitrary objects will no longer be allowed to be loaded via this mode unless they are explicitly allowlisted by the user via `torch.serialization.add_safe_globals`. We recommend you start setting `weights_only=True` for any use case where you don't have full control of the loaded file. Please open an issue on GitHub for any issues related to this experimental feature.
  obj = torch.load(p, map_location="cpu")
/data1/gushengda/eam-rl4co/PTP/fitness/free_loss_fidelity.py:52: FutureWarning: You are using `torch.load` with `weights_only=False` (the current default value), which uses the default pickle module implicitly. It is possible to construct malicious pickle data which will execute arbitrary code during unpickling (See https://github.com/pytorch/pytorch/blob/main/SECURITY.md#untrusted-models for more details). In a future release, the default value for `weights_only` will be flipped to `True`. This limits the functions that could be executed during unpickling. Arbitrary objects will no longer be allowed to be loaded via this mode unless they are explicitly allowlisted by the user via `torch.serialization.add_safe_globals`. We recommend you start setting `weights_only=True` for any use case where you don't have full control of the loaded file. Please open an issue on GitHub for any issues related to this experimental feature.
  obj = torch.load(p, map_location="cpu")
/data1/gushengda/eam-rl4co/PTP/fitness/free_loss_fidelity.py:52: FutureWarning: You are using `torch.load` with `weights_only=False` (the current default value), which uses the default pickle module implicitly. It is possible to construct malicious pickle data which will execute arbitrary code during unpickling (See https://github.com/pytorch/pytorch/blob/main/SECURITY.md#untrusted-models for more details). In a future release, the default value for `weights_only` will be flipped to `True`. This limits the functions that could be executed during unpickling. Arbitrary objects will no longer be allowed to be loaded via this mode unless they are explicitly allowlisted by the user via `torch.serialization.add_safe_globals`. We recommend you start setting `weights_only=True` for any use case where you don't have full control of the loaded file. Please open an issue on GitHub for any issues related to this experimental feature.
  obj = torch.load(p, map_location="cpu")
/data1/gushengda/eam-rl4co/PTP/fitness/free_loss_fidelity.py:52: FutureWarning: You are using `torch.load` with `weights_only=False` (the current default value), which uses the default pickle module implicitly. It is possible to construct malicious pickle data which will execute arbitrary code during unpickling (See https://github.com/pytorch/pytorch/blob/main/SECURITY.md#untrusted-models for more details). In a future release, the default value for `weights_only` will be flipped to `True`. This limits the functions that could be executed during unpickling. Arbitrary objects will no longer be allowed to be loaded via this mode unless they are explicitly allowlisted by the user via `torch.serialization.add_safe_globals`. We recommend you start setting `weights_only=True` for any use case where you don't have full control of the loaded file. Please open an issue on GitHub for any issues related to this experimental feature.
  obj = torch.load(p, map_location="cpu")
/data1/gushengda/eam-rl4co/PTP/fitness/free_loss_fidelity.py:519: FutureWarning: You are using `torch.load` with `weights_only=False` (the current default value), which uses the default pickle module implicitly. It is possible to construct malicious pickle data which will execute arbitrary code during unpickling (See https://github.com/pytorch/pytorch/blob/main/SECURITY.md#untrusted-models for more details). In a future release, the default value for `weights_only` will be flipped to `True`. This limits the functions that could be executed during unpickling. Arbitrary objects will no longer be allowed to be loaded via this mode unless they are explicitly allowlisted by the user via `torch.serialization.add_safe_globals`. We recommend you start setting `weights_only=True` for any use case where you don't have full control of the loaded file. Please open an issue on GitHub for any issues related to this experimental feature.
  ckpt = torch.load(ckpt_path, map_location="cpu")
/data1/gushengda/eam-rl4co/PTP/fitness/free_loss_fidelity.py:519: FutureWarning: You are using `torch.load` with `weights_only=False` (the current default value), which uses the default pickle module implicitly. It is possible to construct malicious pickle data which will execute arbitrary code during unpickling (See https://github.com/pytorch/pytorch/blob/main/SECURITY.md#untrusted-models for more details). In a future release, the default value for `weights_only` will be flipped to `True`. This limits the functions that could be executed during unpickling. Arbitrary objects will no longer be allowed to be loaded via this mode unless they are explicitly allowlisted by the user via `torch.serialization.add_safe_globals`. We recommend you start setting `weights_only=True` for any use case where you don't have full control of the loaded file. Please open an issue on GitHub for any issues related to this experimental feature.
  ckpt = torch.load(ckpt_path, map_location="cpu")
/data1/gushengda/eam-rl4co/PTP/fitness/free_loss_fidelity.py:519: FutureWarning: You are using `torch.load` with `weights_only=False` (the current default value), which uses the default pickle module implicitly. It is possible to construct malicious pickle data which will execute arbitrary code during unpickling (See https://github.com/pytorch/pytorch/blob/main/SECURITY.md#untrusted-models for more details). In a future release, the default value for `weights_only` will be flipped to `True`. This limits the functions that could be executed during unpickling. Arbitrary objects will no longer be allowed to be loaded via this mode unless they are explicitly allowlisted by the user via `torch.serialization.add_safe_globals`. We recommend you start setting `weights_only=True` for any use case where you don't have full control of the loaded file. Please open an issue on GitHub for any issues related to this experimental feature.
  ckpt = torch.load(ckpt_path, map_location="cpu")
/data1/gushengda/eam-rl4co/PTP/fitness/free_loss_fidelity.py:519: FutureWarning: You are using `torch.load` with `weights_only=False` (the current default value), which uses the default pickle module implicitly. It is possible to construct malicious pickle data which will execute arbitrary code during unpickling (See https://github.com/pytorch/pytorch/blob/main/SECURITY.md#untrusted-models for more details). In a future release, the default value for `weights_only` will be flipped to `True`. This limits the functions that could be executed during unpickling. Arbitrary objects will no longer be allowed to be loaded via this mode unless they are explicitly allowlisted by the user via `torch.serialization.add_safe_globals`. We recommend you start setting `weights_only=True` for any use case where you don't have full control of the loaded file. Please open an issue on GitHub for any issues related to this experimental feature.
  ckpt = torch.load(ckpt_path, map_location="cpu")
[2026-03-02 16:15:55,214] INFO:ptp_discovery.pref_loss_coevo: HF vs incumbent gen=3: better=0 worse=17 unknown=0 (ok=17 failed=0) ref=-0.00682822863260905 threshold=-0.012508328820990478
[2026-03-02 16:15:55,216] INFO:ptp_discovery.pref_loss_coevo: HF MF promote gen=3: K200 -> K1000 next_pool=17 (from=17) top_m=32 promote_if_better=True include_incumbent=True
[2026-03-02 16:15:55,218] INFO:ptp_discovery.pref_loss_coevo: HF MF round gen=3: K1000 fidelity=K1000 pool=17 tasks=4 mp=True procs=4 devices={'cuda:0': 1, 'cuda:1': 1, 'cuda:2': 1, 'cuda:3': 1}
/data1/gushengda/eam-rl4co/PTP/fitness/free_loss_fidelity.py:52: FutureWarning: You are using `torch.load` with `weights_only=False` (the current default value), which uses the default pickle module implicitly. It is possible to construct malicious pickle data which will execute arbitrary code during unpickling (See https://github.com/pytorch/pytorch/blob/main/SECURITY.md#untrusted-models for more details). In a future release, the default value for `weights_only` will be flipped to `True`. This limits the functions that could be executed during unpickling. Arbitrary objects will no longer be allowed to be loaded via this mode unless they are explicitly allowlisted by the user via `torch.serialization.add_safe_globals`. We recommend you start setting `weights_only=True` for any use case where you don't have full control of the loaded file. Please open an issue on GitHub for any issues related to this experimental feature.
  obj = torch.load(p, map_location="cpu")
/data1/gushengda/eam-rl4co/PTP/fitness/free_loss_fidelity.py:52: FutureWarning: You are using `torch.load` with `weights_only=False` (the current default value), which uses the default pickle module implicitly. It is possible to construct malicious pickle data which will execute arbitrary code during unpickling (See https://github.com/pytorch/pytorch/blob/main/SECURITY.md#untrusted-models for more details). In a future release, the default value for `weights_only` will be flipped to `True`. This limits the functions that could be executed during unpickling. Arbitrary objects will no longer be allowed to be loaded via this mode unless they are explicitly allowlisted by the user via `torch.serialization.add_safe_globals`. We recommend you start setting `weights_only=True` for any use case where you don't have full control of the loaded file. Please open an issue on GitHub for any issues related to this experimental feature.
  obj = torch.load(p, map_location="cpu")
/data1/gushengda/eam-rl4co/PTP/fitness/free_loss_fidelity.py:52: FutureWarning: You are using `torch.load` with `weights_only=False` (the current default value), which uses the default pickle module implicitly. It is possible to construct malicious pickle data which will execute arbitrary code during unpickling (See https://github.com/pytorch/pytorch/blob/main/SECURITY.md#untrusted-models for more details). In a future release, the default value for `weights_only` will be flipped to `True`. This limits the functions that could be executed during unpickling. Arbitrary objects will no longer be allowed to be loaded via this mode unless they are explicitly allowlisted by the user via `torch.serialization.add_safe_globals`. We recommend you start setting `weights_only=True` for any use case where you don't have full control of the loaded file. Please open an issue on GitHub for any issues related to this experimental feature.
  obj = torch.load(p, map_location="cpu")
/data1/gushengda/eam-rl4co/PTP/fitness/free_loss_fidelity.py:52: FutureWarning: You are using `torch.load` with `weights_only=False` (the current default value), which uses the default pickle module implicitly. It is possible to construct malicious pickle data which will execute arbitrary code during unpickling (See https://github.com/pytorch/pytorch/blob/main/SECURITY.md#untrusted-models for more details). In a future release, the default value for `weights_only` will be flipped to `True`. This limits the functions that could be executed during unpickling. Arbitrary objects will no longer be allowed to be loaded via this mode unless they are explicitly allowlisted by the user via `torch.serialization.add_safe_globals`. We recommend you start setting `weights_only=True` for any use case where you don't have full control of the loaded file. Please open an issue on GitHub for any issues related to this experimental feature.
  obj = torch.load(p, map_location="cpu")
/data1/gushengda/eam-rl4co/PTP/fitness/free_loss_fidelity.py:519: FutureWarning: You are using `torch.load` with `weights_only=False` (the current default value), which uses the default pickle module implicitly. It is possible to construct malicious pickle data which will execute arbitrary code during unpickling (See https://github.com/pytorch/pytorch/blob/main/SECURITY.md#untrusted-models for more details). In a future release, the default value for `weights_only` will be flipped to `True`. This limits the functions that could be executed during unpickling. Arbitrary objects will no longer be allowed to be loaded via this mode unless they are explicitly allowlisted by the user via `torch.serialization.add_safe_globals`. We recommend you start setting `weights_only=True` for any use case where you don't have full control of the loaded file. Please open an issue on GitHub for any issues related to this experimental feature.
  ckpt = torch.load(ckpt_path, map_location="cpu")
/data1/gushengda/eam-rl4co/PTP/fitness/free_loss_fidelity.py:519: FutureWarning: You are using `torch.load` with `weights_only=False` (the current default value), which uses the default pickle module implicitly. It is possible to construct malicious pickle data which will execute arbitrary code during unpickling (See https://github.com/pytorch/pytorch/blob/main/SECURITY.md#untrusted-models for more details). In a future release, the default value for `weights_only` will be flipped to `True`. This limits the functions that could be executed during unpickling. Arbitrary objects will no longer be allowed to be loaded via this mode unless they are explicitly allowlisted by the user via `torch.serialization.add_safe_globals`. We recommend you start setting `weights_only=True` for any use case where you don't have full control of the loaded file. Please open an issue on GitHub for any issues related to this experimental feature.
  ckpt = torch.load(ckpt_path, map_location="cpu")
/data1/gushengda/eam-rl4co/PTP/fitness/free_loss_fidelity.py:519: FutureWarning: You are using `torch.load` with `weights_only=False` (the current default value), which uses the default pickle module implicitly. It is possible to construct malicious pickle data which will execute arbitrary code during unpickling (See https://github.com/pytorch/pytorch/blob/main/SECURITY.md#untrusted-models for more details). In a future release, the default value for `weights_only` will be flipped to `True`. This limits the functions that could be executed during unpickling. Arbitrary objects will no longer be allowed to be loaded via this mode unless they are explicitly allowlisted by the user via `torch.serialization.add_safe_globals`. We recommend you start setting `weights_only=True` for any use case where you don't have full control of the loaded file. Please open an issue on GitHub for any issues related to this experimental feature.
  ckpt = torch.load(ckpt_path, map_location="cpu")
/data1/gushengda/eam-rl4co/PTP/fitness/free_loss_fidelity.py:519: FutureWarning: You are using `torch.load` with `weights_only=False` (the current default value), which uses the default pickle module implicitly. It is possible to construct malicious pickle data which will execute arbitrary code during unpickling (See https://github.com/pytorch/pytorch/blob/main/SECURITY.md#untrusted-models for more details). In a future release, the default value for `weights_only` will be flipped to `True`. This limits the functions that could be executed during unpickling. Arbitrary objects will no longer be allowed to be loaded via this mode unless they are explicitly allowlisted by the user via `torch.serialization.add_safe_globals`. We recommend you start setting `weights_only=True` for any use case where you don't have full control of the loaded file. Please open an issue on GitHub for any issues related to this experimental feature.
  ckpt = torch.load(ckpt_path, map_location="cpu")
[2026-03-02 16:33:32,277] INFO:ptp_discovery.pref_loss_coevo: COMPARE target=incumbent reference_score=-0.00682822863260905 threshold=-0.012508328820990478 metric_mode=minimize improve_eps=0.005680100188381428
[2026-03-02 16:33:32,277] INFO:ptp_discovery.pref_loss_coevo: COMPARE target=last_phase last_phase=baseline reference_score=inf threshold=inf metric_mode=minimize improve_eps=0.005680100188381428
[2026-03-02 16:33:32,278] INFO:ptp_discovery.pref_loss_coevo: Gen 3 summary: g_pool=0 f_pool=9 pairs=24 ok=17 stages={'gate': 7, 'high_fidelity': 17} top_reasons=[('ok_stage3_offline_minitrain', 17), ('cheap_gate_failed', 7)]
[2026-03-02 16:33:32,299] INFO:ptp_discovery.pref_loss_coevo: Alternating LLM gating gen=4 phase=loss llm_enabled(builder=False,loss=True)
[2026-03-02 16:33:32,299] INFO:ptp_discovery.pref_loss_coevo: === alternating generation 4/19 ===
[2026-03-02 16:33:32,299] INFO:ptp_discovery.pref_loss_coevo: EVAL_STAGES enabled: stage0_gate=1 stage1_proxy=0 stage2_micro_unroll=0 stage3_high_fidelity=1
[2026-03-02 16:33:32,299] INFO:ptp_discovery.pref_loss_coevo: INCUMBENT best_score=-0.00682822863260905 best_pair=(g_ref,f001_005_1378c288) best_stage=high_fidelity metric_mode=minimize improve_eps=0.005680100188381428
[2026-03-02 16:33:32,300] INFO:ptp_discovery.pref_loss_coevo: Gen 4 start: caches(rollout=0 pref=0 pair=63) cuda(cuda:0(alloc=0.05G,resv=8.32G) cuda:1(alloc=0.00G,resv=0.00G) cuda:2(alloc=0.00G,resv=0.00G) cuda:3(alloc=0.00G,resv=0.00G))
[2026-03-02 16:33:32,301] INFO:ptp_discovery.pref_loss_coevo: Gen 4 prompt context sizes: best_builder_summary.code=0 chars best_loss_summary.code=504 chars
[2026-03-02 16:33:32,301] INFO:ptp_discovery.pref_loss_coevo: Loss exploration schedule gen=4: stagnation=1 trigger=3 explore_mode=False avoid_families=['pairwise_margin|cost_gap|mean|shift_invariant_centering', 'pairwise_margin|cost_gap|weighted_normalized_sum|bounded_rational_gate_temp_adapt', 'pairwise_margin|delta_rank|mean|weight_mean_normalization', 'pairwise_margin|cost_gap|weighted_normalized_sum|clamp_stabilized', 'pairwise_margin|cost_gap|weighted_normalized_sum|shift_invariant_centering', 'pairwise_margin|cost_gap|weighted_normalized_sum|bounded_affine_gap_calibration', 'pairwise_margin|cost_gap|weighted_normalized_sum|tanh_affine_temperature_and_smooth_saturation', 'pairwise_margin|cost_gap|mean|clamp_stabilized']
[2026-03-02 16:34:32,772] INFO:openai._base_client: Retrying request to /chat/completions in 0.447728 seconds
[2026-03-02 16:34:38,228] INFO:openai._base_client: Retrying request to /chat/completions in 0.889276 seconds
[2026-03-02 16:34:39,308] WARNING:ptp_discovery.free_loss_llm_ops: LLM call failed (attempt 1/6, model=gpt-5.2): Error code: 502; retrying in 0.8s
[2026-03-02 16:34:40,262] INFO:openai._base_client: Retrying request to /chat/completions in 0.439650 seconds
[2026-03-02 16:34:40,890] INFO:openai._base_client: Retrying request to /chat/completions in 0.869296 seconds
[2026-03-02 16:39:05,448] WARNING:ptp_discovery.pref_loss_coevo: Population fill shortfall at gen=4: proposed_g=0/12 proposed_f=9/12 (seen_g=0 seen_f=48)
[2026-03-02 16:39:05,464] INFO:ptp_discovery.pref_loss_coevo: Gen 4 LLM ops: builders={} (repairs=0) losses={'E1_GENERATE': 2, 'M2': 2, 'REPAIR': 3, 'LOSS_PARADIGM_SHIFT': 2, 'LOSS_CONSTRAINT_INJECT': 3} (repairs=3) cache={'offline_mode': False, 'cache_path': 'runs/pref_loss_alternating_simple/20260302-110812/llm_cache.jsonl', 'cache_entries': 123, 'cache_hits': 2, 'cache_misses': 15}
[2026-03-02 16:39:05,464] INFO:ptp_discovery.pref_loss_coevo: Gen 4 proxy rollouts skipped: stage1_proxy=0 and stage2_micro_unroll=0
[2026-03-02 16:39:05,494] INFO:ptp_discovery.pref_loss_coevo: Alternating block status: round=0 cycle_pos=4/20 budgets(loss=128,builder=0)
[2026-03-02 16:39:05,495] INFO:ptp_discovery.pref_loss_coevo: Alternating fixed candidates resolved: fixed_g=g_ref fixed_f=f001_005_1378c288
[2026-03-02 16:39:05,495] INFO:ptp_discovery.pref_loss_coevo: Alternating phase=loss fixed_g=g_ref budget=128
[2026-03-02 16:39:05,495] INFO:ptp_discovery.pref_loss_coevo: EVAL_STAGES enabled: stage0_gate=1 stage1_proxy=0 stage2_micro_unroll=0 stage3_high_fidelity=1
[2026-03-02 16:39:05,495] INFO:ptp_discovery.pref_loss_coevo: Alternating phase=builder fixed_f=f001_005_1378c288 budget=0
[2026-03-02 16:39:05,496] INFO:ptp_discovery.pref_loss_coevo: EVAL_STAGES enabled: stage0_gate=1 stage1_proxy=0 stage2_micro_unroll=0 stage3_high_fidelity=1
[2026-03-02 16:39:05,496] INFO:ptp_discovery.pref_loss_coevo: Gate-only eval (proxy disabled) gen=4: pairs=27 cheap_gate_on=True
[2026-03-02 16:39:05,501] INFO:ptp_discovery.pref_loss_coevo: Gate-only progress gen=4: 1/27 caches(rollout=0 pref=0 pair=63)
[2026-03-02 16:39:05,521] INFO:ptp_discovery.free_loss_llm_ops: Loaded LLM cache entries: 123 (runs/pref_loss_alternating_simple/20260302-110812/llm_cache.jsonl)
[2026-03-02 16:39:24,989] INFO:ptp_discovery.free_loss_llm_ops: Loaded LLM cache entries: 124 (runs/pref_loss_alternating_simple/20260302-110812/llm_cache.jsonl)
[2026-03-02 16:39:25,001] INFO:ptp_discovery.free_loss_llm_ops: Loaded LLM cache entries: 124 (runs/pref_loss_alternating_simple/20260302-110812/llm_cache.jsonl)
[2026-03-02 16:39:59,062] INFO:ptp_discovery.free_loss_llm_ops: Loaded LLM cache entries: 126 (runs/pref_loss_alternating_simple/20260302-110812/llm_cache.jsonl)
[2026-03-02 16:39:59,071] INFO:ptp_discovery.pref_loss_coevo: Gate-only progress gen=4: 10/27 caches(rollout=0 pref=0 pair=66)
[2026-03-02 16:39:59,093] INFO:ptp_discovery.free_loss_llm_ops: Loaded LLM cache entries: 126 (runs/pref_loss_alternating_simple/20260302-110812/llm_cache.jsonl)
[2026-03-02 16:41:05,962] INFO:ptp_discovery.free_loss_llm_ops: Loaded LLM cache entries: 130 (runs/pref_loss_alternating_simple/20260302-110812/llm_cache.jsonl)
[2026-03-02 16:41:21,592] INFO:ptp_discovery.free_loss_llm_ops: Loaded LLM cache entries: 131 (runs/pref_loss_alternating_simple/20260302-110812/llm_cache.jsonl)
[2026-03-02 16:41:21,598] INFO:ptp_discovery.pref_loss_coevo: Gate-only progress gen=4: 20/27 caches(rollout=0 pref=0 pair=70)
[2026-03-02 16:41:21,615] INFO:ptp_discovery.free_loss_llm_ops: Loaded LLM cache entries: 131 (runs/pref_loss_alternating_simple/20260302-110812/llm_cache.jsonl)
[2026-03-02 16:42:20,186] INFO:ptp_discovery.pref_loss_coevo: Gate-only progress gen=4: 27/27 caches(rollout=0 pref=0 pair=72)
[2026-03-02 16:42:20,186] INFO:ptp_discovery.pref_loss_coevo: Gate-only eval done gen=4: pairs=27 elapsed_s=194.7 caches(rollout=0 pref=0 pair=72)
[2026-03-02 16:42:20,186] INFO:ptp_discovery.pref_loss_coevo: HF selection gen=4: eligible=21 selected=21 (top_m=999999 ignored)
[2026-03-02 16:42:20,187] INFO:ptp_discovery.pref_loss_coevo: HF device assignment gen=4: {'cuda:0': 6, 'cuda:1': 5, 'cuda:2': 5, 'cuda:3': 5}
[2026-03-02 16:42:20,188] INFO:ptp_discovery.pref_loss_coevo: HF eval gen=4: tasks=21 mp=True procs=4
[2026-03-02 16:42:20,188] INFO:ptp_discovery.pref_loss_coevo: High-fidelity via pinned mp: start_method=spawn processes=4 tasks=21
/data1/gushengda/eam-rl4co/PTP/fitness/free_loss_fidelity.py:52: FutureWarning: You are using `torch.load` with `weights_only=False` (the current default value), which uses the default pickle module implicitly. It is possible to construct malicious pickle data which will execute arbitrary code during unpickling (See https://github.com/pytorch/pytorch/blob/main/SECURITY.md#untrusted-models for more details). In a future release, the default value for `weights_only` will be flipped to `True`. This limits the functions that could be executed during unpickling. Arbitrary objects will no longer be allowed to be loaded via this mode unless they are explicitly allowlisted by the user via `torch.serialization.add_safe_globals`. We recommend you start setting `weights_only=True` for any use case where you don't have full control of the loaded file. Please open an issue on GitHub for any issues related to this experimental feature.
  obj = torch.load(p, map_location="cpu")
/data1/gushengda/eam-rl4co/PTP/fitness/free_loss_fidelity.py:52: FutureWarning: You are using `torch.load` with `weights_only=False` (the current default value), which uses the default pickle module implicitly. It is possible to construct malicious pickle data which will execute arbitrary code during unpickling (See https://github.com/pytorch/pytorch/blob/main/SECURITY.md#untrusted-models for more details). In a future release, the default value for `weights_only` will be flipped to `True`. This limits the functions that could be executed during unpickling. Arbitrary objects will no longer be allowed to be loaded via this mode unless they are explicitly allowlisted by the user via `torch.serialization.add_safe_globals`. We recommend you start setting `weights_only=True` for any use case where you don't have full control of the loaded file. Please open an issue on GitHub for any issues related to this experimental feature.
  obj = torch.load(p, map_location="cpu")
/data1/gushengda/eam-rl4co/PTP/fitness/free_loss_fidelity.py:52: FutureWarning: You are using `torch.load` with `weights_only=False` (the current default value), which uses the default pickle module implicitly. It is possible to construct malicious pickle data which will execute arbitrary code during unpickling (See https://github.com/pytorch/pytorch/blob/main/SECURITY.md#untrusted-models for more details). In a future release, the default value for `weights_only` will be flipped to `True`. This limits the functions that could be executed during unpickling. Arbitrary objects will no longer be allowed to be loaded via this mode unless they are explicitly allowlisted by the user via `torch.serialization.add_safe_globals`. We recommend you start setting `weights_only=True` for any use case where you don't have full control of the loaded file. Please open an issue on GitHub for any issues related to this experimental feature.
  obj = torch.load(p, map_location="cpu")
/data1/gushengda/eam-rl4co/PTP/fitness/free_loss_fidelity.py:52: FutureWarning: You are using `torch.load` with `weights_only=False` (the current default value), which uses the default pickle module implicitly. It is possible to construct malicious pickle data which will execute arbitrary code during unpickling (See https://github.com/pytorch/pytorch/blob/main/SECURITY.md#untrusted-models for more details). In a future release, the default value for `weights_only` will be flipped to `True`. This limits the functions that could be executed during unpickling. Arbitrary objects will no longer be allowed to be loaded via this mode unless they are explicitly allowlisted by the user via `torch.serialization.add_safe_globals`. We recommend you start setting `weights_only=True` for any use case where you don't have full control of the loaded file. Please open an issue on GitHub for any issues related to this experimental feature.
  obj = torch.load(p, map_location="cpu")
/data1/gushengda/eam-rl4co/PTP/fitness/free_loss_fidelity.py:519: FutureWarning: You are using `torch.load` with `weights_only=False` (the current default value), which uses the default pickle module implicitly. It is possible to construct malicious pickle data which will execute arbitrary code during unpickling (See https://github.com/pytorch/pytorch/blob/main/SECURITY.md#untrusted-models for more details). In a future release, the default value for `weights_only` will be flipped to `True`. This limits the functions that could be executed during unpickling. Arbitrary objects will no longer be allowed to be loaded via this mode unless they are explicitly allowlisted by the user via `torch.serialization.add_safe_globals`. We recommend you start setting `weights_only=True` for any use case where you don't have full control of the loaded file. Please open an issue on GitHub for any issues related to this experimental feature.
  ckpt = torch.load(ckpt_path, map_location="cpu")
/data1/gushengda/eam-rl4co/PTP/fitness/free_loss_fidelity.py:519: FutureWarning: You are using `torch.load` with `weights_only=False` (the current default value), which uses the default pickle module implicitly. It is possible to construct malicious pickle data which will execute arbitrary code during unpickling (See https://github.com/pytorch/pytorch/blob/main/SECURITY.md#untrusted-models for more details). In a future release, the default value for `weights_only` will be flipped to `True`. This limits the functions that could be executed during unpickling. Arbitrary objects will no longer be allowed to be loaded via this mode unless they are explicitly allowlisted by the user via `torch.serialization.add_safe_globals`. We recommend you start setting `weights_only=True` for any use case where you don't have full control of the loaded file. Please open an issue on GitHub for any issues related to this experimental feature.
  ckpt = torch.load(ckpt_path, map_location="cpu")
/data1/gushengda/eam-rl4co/PTP/fitness/free_loss_fidelity.py:519: FutureWarning: You are using `torch.load` with `weights_only=False` (the current default value), which uses the default pickle module implicitly. It is possible to construct malicious pickle data which will execute arbitrary code during unpickling (See https://github.com/pytorch/pytorch/blob/main/SECURITY.md#untrusted-models for more details). In a future release, the default value for `weights_only` will be flipped to `True`. This limits the functions that could be executed during unpickling. Arbitrary objects will no longer be allowed to be loaded via this mode unless they are explicitly allowlisted by the user via `torch.serialization.add_safe_globals`. We recommend you start setting `weights_only=True` for any use case where you don't have full control of the loaded file. Please open an issue on GitHub for any issues related to this experimental feature.
  ckpt = torch.load(ckpt_path, map_location="cpu")
/data1/gushengda/eam-rl4co/PTP/fitness/free_loss_fidelity.py:519: FutureWarning: You are using `torch.load` with `weights_only=False` (the current default value), which uses the default pickle module implicitly. It is possible to construct malicious pickle data which will execute arbitrary code during unpickling (See https://github.com/pytorch/pytorch/blob/main/SECURITY.md#untrusted-models for more details). In a future release, the default value for `weights_only` will be flipped to `True`. This limits the functions that could be executed during unpickling. Arbitrary objects will no longer be allowed to be loaded via this mode unless they are explicitly allowlisted by the user via `torch.serialization.add_safe_globals`. We recommend you start setting `weights_only=True` for any use case where you don't have full control of the loaded file. Please open an issue on GitHub for any issues related to this experimental feature.
  ckpt = torch.load(ckpt_path, map_location="cpu")
[2026-03-02 16:59:55,014] INFO:ptp_discovery.pref_loss_coevo: HF vs incumbent gen=4: better=0 worse=21 unknown=0 (ok=21 failed=0) ref=-0.00682822863260905 threshold=-0.012508328820990478
[2026-03-02 16:59:55,017] INFO:ptp_discovery.pref_loss_coevo: HF MF promote gen=4: K200 -> K1000 next_pool=21 (from=21) top_m=32 promote_if_better=True include_incumbent=True
[2026-03-02 16:59:55,018] INFO:ptp_discovery.pref_loss_coevo: HF MF round gen=4: K1000 fidelity=K1000 pool=21 tasks=5 mp=True procs=4 devices={'cuda:0': 2, 'cuda:1': 1, 'cuda:2': 1, 'cuda:3': 1}
/data1/gushengda/eam-rl4co/PTP/fitness/free_loss_fidelity.py:52: FutureWarning: You are using `torch.load` with `weights_only=False` (the current default value), which uses the default pickle module implicitly. It is possible to construct malicious pickle data which will execute arbitrary code during unpickling (See https://github.com/pytorch/pytorch/blob/main/SECURITY.md#untrusted-models for more details). In a future release, the default value for `weights_only` will be flipped to `True`. This limits the functions that could be executed during unpickling. Arbitrary objects will no longer be allowed to be loaded via this mode unless they are explicitly allowlisted by the user via `torch.serialization.add_safe_globals`. We recommend you start setting `weights_only=True` for any use case where you don't have full control of the loaded file. Please open an issue on GitHub for any issues related to this experimental feature.
  obj = torch.load(p, map_location="cpu")
/data1/gushengda/eam-rl4co/PTP/fitness/free_loss_fidelity.py:52: FutureWarning: You are using `torch.load` with `weights_only=False` (the current default value), which uses the default pickle module implicitly. It is possible to construct malicious pickle data which will execute arbitrary code during unpickling (See https://github.com/pytorch/pytorch/blob/main/SECURITY.md#untrusted-models for more details). In a future release, the default value for `weights_only` will be flipped to `True`. This limits the functions that could be executed during unpickling. Arbitrary objects will no longer be allowed to be loaded via this mode unless they are explicitly allowlisted by the user via `torch.serialization.add_safe_globals`. We recommend you start setting `weights_only=True` for any use case where you don't have full control of the loaded file. Please open an issue on GitHub for any issues related to this experimental feature.
  obj = torch.load(p, map_location="cpu")
/data1/gushengda/eam-rl4co/PTP/fitness/free_loss_fidelity.py:52: FutureWarning: You are using `torch.load` with `weights_only=False` (the current default value), which uses the default pickle module implicitly. It is possible to construct malicious pickle data which will execute arbitrary code during unpickling (See https://github.com/pytorch/pytorch/blob/main/SECURITY.md#untrusted-models for more details). In a future release, the default value for `weights_only` will be flipped to `True`. This limits the functions that could be executed during unpickling. Arbitrary objects will no longer be allowed to be loaded via this mode unless they are explicitly allowlisted by the user via `torch.serialization.add_safe_globals`. We recommend you start setting `weights_only=True` for any use case where you don't have full control of the loaded file. Please open an issue on GitHub for any issues related to this experimental feature.
  obj = torch.load(p, map_location="cpu")
/data1/gushengda/eam-rl4co/PTP/fitness/free_loss_fidelity.py:52: FutureWarning: You are using `torch.load` with `weights_only=False` (the current default value), which uses the default pickle module implicitly. It is possible to construct malicious pickle data which will execute arbitrary code during unpickling (See https://github.com/pytorch/pytorch/blob/main/SECURITY.md#untrusted-models for more details). In a future release, the default value for `weights_only` will be flipped to `True`. This limits the functions that could be executed during unpickling. Arbitrary objects will no longer be allowed to be loaded via this mode unless they are explicitly allowlisted by the user via `torch.serialization.add_safe_globals`. We recommend you start setting `weights_only=True` for any use case where you don't have full control of the loaded file. Please open an issue on GitHub for any issues related to this experimental feature.
  obj = torch.load(p, map_location="cpu")
/data1/gushengda/eam-rl4co/PTP/fitness/free_loss_fidelity.py:519: FutureWarning: You are using `torch.load` with `weights_only=False` (the current default value), which uses the default pickle module implicitly. It is possible to construct malicious pickle data which will execute arbitrary code during unpickling (See https://github.com/pytorch/pytorch/blob/main/SECURITY.md#untrusted-models for more details). In a future release, the default value for `weights_only` will be flipped to `True`. This limits the functions that could be executed during unpickling. Arbitrary objects will no longer be allowed to be loaded via this mode unless they are explicitly allowlisted by the user via `torch.serialization.add_safe_globals`. We recommend you start setting `weights_only=True` for any use case where you don't have full control of the loaded file. Please open an issue on GitHub for any issues related to this experimental feature.
  ckpt = torch.load(ckpt_path, map_location="cpu")
/data1/gushengda/eam-rl4co/PTP/fitness/free_loss_fidelity.py:519: FutureWarning: You are using `torch.load` with `weights_only=False` (the current default value), which uses the default pickle module implicitly. It is possible to construct malicious pickle data which will execute arbitrary code during unpickling (See https://github.com/pytorch/pytorch/blob/main/SECURITY.md#untrusted-models for more details). In a future release, the default value for `weights_only` will be flipped to `True`. This limits the functions that could be executed during unpickling. Arbitrary objects will no longer be allowed to be loaded via this mode unless they are explicitly allowlisted by the user via `torch.serialization.add_safe_globals`. We recommend you start setting `weights_only=True` for any use case where you don't have full control of the loaded file. Please open an issue on GitHub for any issues related to this experimental feature.
  ckpt = torch.load(ckpt_path, map_location="cpu")
/data1/gushengda/eam-rl4co/PTP/fitness/free_loss_fidelity.py:519: FutureWarning: You are using `torch.load` with `weights_only=False` (the current default value), which uses the default pickle module implicitly. It is possible to construct malicious pickle data which will execute arbitrary code during unpickling (See https://github.com/pytorch/pytorch/blob/main/SECURITY.md#untrusted-models for more details). In a future release, the default value for `weights_only` will be flipped to `True`. This limits the functions that could be executed during unpickling. Arbitrary objects will no longer be allowed to be loaded via this mode unless they are explicitly allowlisted by the user via `torch.serialization.add_safe_globals`. We recommend you start setting `weights_only=True` for any use case where you don't have full control of the loaded file. Please open an issue on GitHub for any issues related to this experimental feature.
  ckpt = torch.load(ckpt_path, map_location="cpu")
/data1/gushengda/eam-rl4co/PTP/fitness/free_loss_fidelity.py:519: FutureWarning: You are using `torch.load` with `weights_only=False` (the current default value), which uses the default pickle module implicitly. It is possible to construct malicious pickle data which will execute arbitrary code during unpickling (See https://github.com/pytorch/pytorch/blob/main/SECURITY.md#untrusted-models for more details). In a future release, the default value for `weights_only` will be flipped to `True`. This limits the functions that could be executed during unpickling. Arbitrary objects will no longer be allowed to be loaded via this mode unless they are explicitly allowlisted by the user via `torch.serialization.add_safe_globals`. We recommend you start setting `weights_only=True` for any use case where you don't have full control of the loaded file. Please open an issue on GitHub for any issues related to this experimental feature.
  ckpt = torch.load(ckpt_path, map_location="cpu")
[2026-03-02 17:17:08,771] INFO:ptp_discovery.pref_loss_coevo: COMPARE target=incumbent reference_score=-0.00682822863260905 threshold=-0.012508328820990478 metric_mode=minimize improve_eps=0.005680100188381428
[2026-03-02 17:17:08,772] INFO:ptp_discovery.pref_loss_coevo: COMPARE target=last_phase last_phase=baseline reference_score=inf threshold=inf metric_mode=minimize improve_eps=0.005680100188381428
[2026-03-02 17:17:08,773] INFO:ptp_discovery.pref_loss_coevo: Gen 4 summary: g_pool=0 f_pool=9 pairs=27 ok=21 stages={'high_fidelity': 21, 'gate': 6} top_reasons=[('ok_stage3_offline_minitrain', 21), ('cheap_gate_failed', 6)]
[2026-03-02 17:17:08,795] INFO:ptp_discovery.pref_loss_coevo: Alternating LLM gating gen=5 phase=loss llm_enabled(builder=False,loss=True)
[2026-03-02 17:17:08,795] INFO:ptp_discovery.pref_loss_coevo: === alternating generation 5/19 ===
[2026-03-02 17:17:08,795] INFO:ptp_discovery.pref_loss_coevo: EVAL_STAGES enabled: stage0_gate=1 stage1_proxy=0 stage2_micro_unroll=0 stage3_high_fidelity=1
[2026-03-02 17:17:08,795] INFO:ptp_discovery.pref_loss_coevo: INCUMBENT best_score=-0.00682822863260905 best_pair=(g_ref,f001_005_1378c288) best_stage=high_fidelity metric_mode=minimize improve_eps=0.005680100188381428
[2026-03-02 17:17:08,796] INFO:ptp_discovery.pref_loss_coevo: Gen 5 start: caches(rollout=0 pref=0 pair=77) cuda(cuda:0(alloc=0.05G,resv=8.32G) cuda:1(alloc=0.00G,resv=0.00G) cuda:2(alloc=0.00G,resv=0.00G) cuda:3(alloc=0.00G,resv=0.00G))
[2026-03-02 17:17:08,796] INFO:ptp_discovery.pref_loss_coevo: Gen 5 prompt context sizes: best_builder_summary.code=0 chars best_loss_summary.code=504 chars
[2026-03-02 17:17:08,797] INFO:ptp_discovery.pref_loss_coevo: Loss exploration schedule gen=5: stagnation=2 trigger=3 explore_mode=False avoid_families=['pairwise_margin|cost_gap|weighted_normalized_sum|bounded_affine_gap_calibration', 'pairwise_margin|cost_gap|weighted_normalized_sum|tanh_affine_temperature_and_smooth_saturation', 'pairwise_margin|cost_gap|weighted_normalized_sum|shift_invariant_centering', 'pairwise_margin|cost_gap|mean|shift_invariant_centering', 'pairwise_margin|cost_gap|weighted_normalized_sum|bounded_rational_gate_temp_adapt', 'pairwise_margin|delta_rank|mean|weight_mean_normalization', 'pairwise_margin|cost_gap|weighted_normalized_sum|scale_invariant_gap_norm', 'pairwise_margin|cost_gap|mean|clamp_stabilized']
[2026-03-02 17:20:22,405] WARNING:ptp_discovery.pref_loss_coevo: Population fill shortfall at gen=5: proposed_g=0/12 proposed_f=9/12 (seen_g=0 seen_f=57)
[2026-03-02 17:20:22,422] INFO:ptp_discovery.pref_loss_coevo: Gen 5 LLM ops: builders={} (repairs=0) losses={'LOSS_CONSTRAINT_INJECT': 2, 'LOSS_STRUCTURE_SHIFT': 2, 'LOSS_PARADIGM_SHIFT': 2, 'E1_GENERATE': 3, 'REPAIR': 1} (repairs=1) cache={'offline_mode': False, 'cache_path': 'runs/pref_loss_alternating_simple/20260302-110812/llm_cache.jsonl', 'cache_entries': 146, 'cache_hits': 0, 'cache_misses': 15}
[2026-03-02 17:20:22,422] INFO:ptp_discovery.pref_loss_coevo: Gen 5 proxy rollouts skipped: stage1_proxy=0 and stage2_micro_unroll=0
[2026-03-02 17:20:22,452] INFO:ptp_discovery.pref_loss_coevo: Alternating block status: round=0 cycle_pos=5/20 budgets(loss=128,builder=0)
[2026-03-02 17:20:22,454] INFO:ptp_discovery.pref_loss_coevo: Alternating fixed candidates resolved: fixed_g=g_ref fixed_f=f001_005_1378c288
[2026-03-02 17:20:22,454] INFO:ptp_discovery.pref_loss_coevo: Alternating phase=loss fixed_g=g_ref budget=128
[2026-03-02 17:20:22,454] INFO:ptp_discovery.pref_loss_coevo: EVAL_STAGES enabled: stage0_gate=1 stage1_proxy=0 stage2_micro_unroll=0 stage3_high_fidelity=1
[2026-03-02 17:20:22,454] INFO:ptp_discovery.pref_loss_coevo: Alternating phase=builder fixed_f=f001_005_1378c288 budget=0
[2026-03-02 17:20:22,454] INFO:ptp_discovery.pref_loss_coevo: EVAL_STAGES enabled: stage0_gate=1 stage1_proxy=0 stage2_micro_unroll=0 stage3_high_fidelity=1
[2026-03-02 17:20:22,455] INFO:ptp_discovery.pref_loss_coevo: Gate-only eval (proxy disabled) gen=5: pairs=27 cheap_gate_on=True
[2026-03-02 17:20:22,460] INFO:ptp_discovery.pref_loss_coevo: Gate-only progress gen=5: 1/27 caches(rollout=0 pref=0 pair=77)
[2026-03-02 17:20:22,470] INFO:ptp_discovery.free_loss_llm_ops: Loaded LLM cache entries: 146 (runs/pref_loss_alternating_simple/20260302-110812/llm_cache.jsonl)
[2026-03-02 17:20:22,491] INFO:ptp_discovery.free_loss_llm_ops: Loaded LLM cache entries: 146 (runs/pref_loss_alternating_simple/20260302-110812/llm_cache.jsonl)
[2026-03-02 17:21:04,416] INFO:ptp_discovery.free_loss_llm_ops: Loaded LLM cache entries: 149 (runs/pref_loss_alternating_simple/20260302-110812/llm_cache.jsonl)
[2026-03-02 17:21:20,684] INFO:ptp_discovery.free_loss_llm_ops: Loaded LLM cache entries: 150 (runs/pref_loss_alternating_simple/20260302-110812/llm_cache.jsonl)
[2026-03-02 17:22:19,598] INFO:ptp_discovery.free_loss_llm_ops: Loaded LLM cache entries: 154 (runs/pref_loss_alternating_simple/20260302-110812/llm_cache.jsonl)
[2026-03-02 17:22:51,253] INFO:ptp_discovery.free_loss_llm_ops: Loaded LLM cache entries: 156 (runs/pref_loss_alternating_simple/20260302-110812/llm_cache.jsonl)
[2026-03-02 17:22:51,270] INFO:ptp_discovery.pref_loss_coevo: Gate-only progress gen=5: 10/27 caches(rollout=0 pref=0 pair=81)
[2026-03-02 17:22:51,293] INFO:ptp_discovery.free_loss_llm_ops: Loaded LLM cache entries: 156 (runs/pref_loss_alternating_simple/20260302-110812/llm_cache.jsonl)
[2026-03-02 17:23:36,147] INFO:ptp_discovery.free_loss_llm_ops: Loaded LLM cache entries: 159 (runs/pref_loss_alternating_simple/20260302-110812/llm_cache.jsonl)
[2026-03-02 17:23:57,594] INFO:ptp_discovery.free_loss_llm_ops: Loaded LLM cache entries: 160 (runs/pref_loss_alternating_simple/20260302-110812/llm_cache.jsonl)
[2026-03-02 17:23:57,603] INFO:ptp_discovery.pref_loss_coevo: Gate-only progress gen=5: 20/27 caches(rollout=0 pref=0 pair=83)
[2026-03-02 17:23:57,612] INFO:ptp_discovery.free_loss_llm_ops: Loaded LLM cache entries: 160 (runs/pref_loss_alternating_simple/20260302-110812/llm_cache.jsonl)
[2026-03-02 17:25:10,551] INFO:ptp_discovery.free_loss_llm_ops: Loaded LLM cache entries: 164 (runs/pref_loss_alternating_simple/20260302-110812/llm_cache.jsonl)
[2026-03-02 17:26:31,803] INFO:ptp_discovery.pref_loss_coevo: Gate-only progress gen=5: 27/27 caches(rollout=0 pref=0 pair=86)
[2026-03-02 17:26:31,804] INFO:ptp_discovery.pref_loss_coevo: Gate-only eval done gen=5: pairs=27 elapsed_s=369.3 caches(rollout=0 pref=0 pair=86)
[2026-03-02 17:26:31,805] INFO:ptp_discovery.pref_loss_coevo: HF selection gen=5: eligible=18 selected=18 (top_m=999999 ignored)
[2026-03-02 17:26:31,808] INFO:ptp_discovery.pref_loss_coevo: HF device assignment gen=5: {'cuda:0': 5, 'cuda:1': 5, 'cuda:2': 4, 'cuda:3': 4}
[2026-03-02 17:26:31,808] INFO:ptp_discovery.pref_loss_coevo: HF eval gen=5: tasks=18 mp=True procs=4
[2026-03-02 17:26:31,809] INFO:ptp_discovery.pref_loss_coevo: High-fidelity via pinned mp: start_method=spawn processes=4 tasks=18
/data1/gushengda/eam-rl4co/PTP/fitness/free_loss_fidelity.py:52: FutureWarning: You are using `torch.load` with `weights_only=False` (the current default value), which uses the default pickle module implicitly. It is possible to construct malicious pickle data which will execute arbitrary code during unpickling (See https://github.com/pytorch/pytorch/blob/main/SECURITY.md#untrusted-models for more details). In a future release, the default value for `weights_only` will be flipped to `True`. This limits the functions that could be executed during unpickling. Arbitrary objects will no longer be allowed to be loaded via this mode unless they are explicitly allowlisted by the user via `torch.serialization.add_safe_globals`. We recommend you start setting `weights_only=True` for any use case where you don't have full control of the loaded file. Please open an issue on GitHub for any issues related to this experimental feature.
  obj = torch.load(p, map_location="cpu")
/data1/gushengda/eam-rl4co/PTP/fitness/free_loss_fidelity.py:52: FutureWarning: You are using `torch.load` with `weights_only=False` (the current default value), which uses the default pickle module implicitly. It is possible to construct malicious pickle data which will execute arbitrary code during unpickling (See https://github.com/pytorch/pytorch/blob/main/SECURITY.md#untrusted-models for more details). In a future release, the default value for `weights_only` will be flipped to `True`. This limits the functions that could be executed during unpickling. Arbitrary objects will no longer be allowed to be loaded via this mode unless they are explicitly allowlisted by the user via `torch.serialization.add_safe_globals`. We recommend you start setting `weights_only=True` for any use case where you don't have full control of the loaded file. Please open an issue on GitHub for any issues related to this experimental feature.
  obj = torch.load(p, map_location="cpu")
/data1/gushengda/eam-rl4co/PTP/fitness/free_loss_fidelity.py:52: FutureWarning: You are using `torch.load` with `weights_only=False` (the current default value), which uses the default pickle module implicitly. It is possible to construct malicious pickle data which will execute arbitrary code during unpickling (See https://github.com/pytorch/pytorch/blob/main/SECURITY.md#untrusted-models for more details). In a future release, the default value for `weights_only` will be flipped to `True`. This limits the functions that could be executed during unpickling. Arbitrary objects will no longer be allowed to be loaded via this mode unless they are explicitly allowlisted by the user via `torch.serialization.add_safe_globals`. We recommend you start setting `weights_only=True` for any use case where you don't have full control of the loaded file. Please open an issue on GitHub for any issues related to this experimental feature.
  obj = torch.load(p, map_location="cpu")
/data1/gushengda/eam-rl4co/PTP/fitness/free_loss_fidelity.py:52: FutureWarning: You are using `torch.load` with `weights_only=False` (the current default value), which uses the default pickle module implicitly. It is possible to construct malicious pickle data which will execute arbitrary code during unpickling (See https://github.com/pytorch/pytorch/blob/main/SECURITY.md#untrusted-models for more details). In a future release, the default value for `weights_only` will be flipped to `True`. This limits the functions that could be executed during unpickling. Arbitrary objects will no longer be allowed to be loaded via this mode unless they are explicitly allowlisted by the user via `torch.serialization.add_safe_globals`. We recommend you start setting `weights_only=True` for any use case where you don't have full control of the loaded file. Please open an issue on GitHub for any issues related to this experimental feature.
  obj = torch.load(p, map_location="cpu")
/data1/gushengda/eam-rl4co/PTP/fitness/free_loss_fidelity.py:519: FutureWarning: You are using `torch.load` with `weights_only=False` (the current default value), which uses the default pickle module implicitly. It is possible to construct malicious pickle data which will execute arbitrary code during unpickling (See https://github.com/pytorch/pytorch/blob/main/SECURITY.md#untrusted-models for more details). In a future release, the default value for `weights_only` will be flipped to `True`. This limits the functions that could be executed during unpickling. Arbitrary objects will no longer be allowed to be loaded via this mode unless they are explicitly allowlisted by the user via `torch.serialization.add_safe_globals`. We recommend you start setting `weights_only=True` for any use case where you don't have full control of the loaded file. Please open an issue on GitHub for any issues related to this experimental feature.
  ckpt = torch.load(ckpt_path, map_location="cpu")
/data1/gushengda/eam-rl4co/PTP/fitness/free_loss_fidelity.py:519: FutureWarning: You are using `torch.load` with `weights_only=False` (the current default value), which uses the default pickle module implicitly. It is possible to construct malicious pickle data which will execute arbitrary code during unpickling (See https://github.com/pytorch/pytorch/blob/main/SECURITY.md#untrusted-models for more details). In a future release, the default value for `weights_only` will be flipped to `True`. This limits the functions that could be executed during unpickling. Arbitrary objects will no longer be allowed to be loaded via this mode unless they are explicitly allowlisted by the user via `torch.serialization.add_safe_globals`. We recommend you start setting `weights_only=True` for any use case where you don't have full control of the loaded file. Please open an issue on GitHub for any issues related to this experimental feature.
  ckpt = torch.load(ckpt_path, map_location="cpu")
/data1/gushengda/eam-rl4co/PTP/fitness/free_loss_fidelity.py:519: FutureWarning: You are using `torch.load` with `weights_only=False` (the current default value), which uses the default pickle module implicitly. It is possible to construct malicious pickle data which will execute arbitrary code during unpickling (See https://github.com/pytorch/pytorch/blob/main/SECURITY.md#untrusted-models for more details). In a future release, the default value for `weights_only` will be flipped to `True`. This limits the functions that could be executed during unpickling. Arbitrary objects will no longer be allowed to be loaded via this mode unless they are explicitly allowlisted by the user via `torch.serialization.add_safe_globals`. We recommend you start setting `weights_only=True` for any use case where you don't have full control of the loaded file. Please open an issue on GitHub for any issues related to this experimental feature.
  ckpt = torch.load(ckpt_path, map_location="cpu")
/data1/gushengda/eam-rl4co/PTP/fitness/free_loss_fidelity.py:519: FutureWarning: You are using `torch.load` with `weights_only=False` (the current default value), which uses the default pickle module implicitly. It is possible to construct malicious pickle data which will execute arbitrary code during unpickling (See https://github.com/pytorch/pytorch/blob/main/SECURITY.md#untrusted-models for more details). In a future release, the default value for `weights_only` will be flipped to `True`. This limits the functions that could be executed during unpickling. Arbitrary objects will no longer be allowed to be loaded via this mode unless they are explicitly allowlisted by the user via `torch.serialization.add_safe_globals`. We recommend you start setting `weights_only=True` for any use case where you don't have full control of the loaded file. Please open an issue on GitHub for any issues related to this experimental feature.
  ckpt = torch.load(ckpt_path, map_location="cpu")
[2026-03-02 17:43:01,742] INFO:ptp_discovery.pref_loss_coevo: HF vs incumbent gen=5: better=0 worse=18 unknown=0 (ok=18 failed=0) ref=-0.00682822863260905 threshold=-0.012508328820990478
[2026-03-02 17:43:01,743] INFO:ptp_discovery.pref_loss_coevo: HF MF promote gen=5: K200 -> K1000 next_pool=18 (from=18) top_m=32 promote_if_better=True include_incumbent=True
[2026-03-02 17:43:01,744] INFO:ptp_discovery.pref_loss_coevo: HF MF round gen=5: K1000 fidelity=K1000 pool=18 tasks=2 mp=True procs=4 devices={'cuda:0': 1, 'cuda:1': 1}
/data1/gushengda/eam-rl4co/PTP/fitness/free_loss_fidelity.py:52: FutureWarning: You are using `torch.load` with `weights_only=False` (the current default value), which uses the default pickle module implicitly. It is possible to construct malicious pickle data which will execute arbitrary code during unpickling (See https://github.com/pytorch/pytorch/blob/main/SECURITY.md#untrusted-models for more details). In a future release, the default value for `weights_only` will be flipped to `True`. This limits the functions that could be executed during unpickling. Arbitrary objects will no longer be allowed to be loaded via this mode unless they are explicitly allowlisted by the user via `torch.serialization.add_safe_globals`. We recommend you start setting `weights_only=True` for any use case where you don't have full control of the loaded file. Please open an issue on GitHub for any issues related to this experimental feature.
  obj = torch.load(p, map_location="cpu")
/data1/gushengda/eam-rl4co/PTP/fitness/free_loss_fidelity.py:52: FutureWarning: You are using `torch.load` with `weights_only=False` (the current default value), which uses the default pickle module implicitly. It is possible to construct malicious pickle data which will execute arbitrary code during unpickling (See https://github.com/pytorch/pytorch/blob/main/SECURITY.md#untrusted-models for more details). In a future release, the default value for `weights_only` will be flipped to `True`. This limits the functions that could be executed during unpickling. Arbitrary objects will no longer be allowed to be loaded via this mode unless they are explicitly allowlisted by the user via `torch.serialization.add_safe_globals`. We recommend you start setting `weights_only=True` for any use case where you don't have full control of the loaded file. Please open an issue on GitHub for any issues related to this experimental feature.
  obj = torch.load(p, map_location="cpu")
/data1/gushengda/eam-rl4co/PTP/fitness/free_loss_fidelity.py:519: FutureWarning: You are using `torch.load` with `weights_only=False` (the current default value), which uses the default pickle module implicitly. It is possible to construct malicious pickle data which will execute arbitrary code during unpickling (See https://github.com/pytorch/pytorch/blob/main/SECURITY.md#untrusted-models for more details). In a future release, the default value for `weights_only` will be flipped to `True`. This limits the functions that could be executed during unpickling. Arbitrary objects will no longer be allowed to be loaded via this mode unless they are explicitly allowlisted by the user via `torch.serialization.add_safe_globals`. We recommend you start setting `weights_only=True` for any use case where you don't have full control of the loaded file. Please open an issue on GitHub for any issues related to this experimental feature.
  ckpt = torch.load(ckpt_path, map_location="cpu")
/data1/gushengda/eam-rl4co/PTP/fitness/free_loss_fidelity.py:519: FutureWarning: You are using `torch.load` with `weights_only=False` (the current default value), which uses the default pickle module implicitly. It is possible to construct malicious pickle data which will execute arbitrary code during unpickling (See https://github.com/pytorch/pytorch/blob/main/SECURITY.md#untrusted-models for more details). In a future release, the default value for `weights_only` will be flipped to `True`. This limits the functions that could be executed during unpickling. Arbitrary objects will no longer be allowed to be loaded via this mode unless they are explicitly allowlisted by the user via `torch.serialization.add_safe_globals`. We recommend you start setting `weights_only=True` for any use case where you don't have full control of the loaded file. Please open an issue on GitHub for any issues related to this experimental feature.
  ckpt = torch.load(ckpt_path, map_location="cpu")
[2026-03-02 17:59:55,023] INFO:ptp_discovery.pref_loss_coevo: COMPARE target=incumbent reference_score=-0.00682822863260905 threshold=-0.012508328820990478 metric_mode=minimize improve_eps=0.005680100188381428
[2026-03-02 17:59:55,024] INFO:ptp_discovery.pref_loss_coevo: COMPARE target=last_phase last_phase=baseline reference_score=inf threshold=inf metric_mode=minimize improve_eps=0.005680100188381428
[2026-03-02 17:59:55,025] INFO:ptp_discovery.pref_loss_coevo: Gen 5 summary: g_pool=0 f_pool=9 pairs=27 ok=18 stages={'high_fidelity': 18, 'gate': 9} top_reasons=[('ok_stage3_offline_minitrain', 18), ('cheap_gate_failed', 9)]
[2026-03-02 17:59:55,048] INFO:ptp_discovery.pref_loss_coevo: Alternating LLM gating gen=6 phase=loss llm_enabled(builder=False,loss=True)
[2026-03-02 17:59:55,048] INFO:ptp_discovery.pref_loss_coevo: === alternating generation 6/19 ===
[2026-03-02 17:59:55,048] INFO:ptp_discovery.pref_loss_coevo: EVAL_STAGES enabled: stage0_gate=1 stage1_proxy=0 stage2_micro_unroll=0 stage3_high_fidelity=1
[2026-03-02 17:59:55,049] INFO:ptp_discovery.pref_loss_coevo: INCUMBENT best_score=-0.00682822863260905 best_pair=(g_ref,f001_005_1378c288) best_stage=high_fidelity metric_mode=minimize improve_eps=0.005680100188381428
[2026-03-02 17:59:55,050] INFO:ptp_discovery.pref_loss_coevo: Gen 6 start: caches(rollout=0 pref=0 pair=88) cuda(cuda:0(alloc=0.05G,resv=8.32G) cuda:1(alloc=0.00G,resv=0.00G) cuda:2(alloc=0.00G,resv=0.00G) cuda:3(alloc=0.00G,resv=0.00G))
[2026-03-02 17:59:55,050] INFO:ptp_discovery.pref_loss_coevo: Gen 6 prompt context sizes: best_builder_summary.code=0 chars best_loss_summary.code=504 chars
[2026-03-02 17:59:55,050] INFO:ptp_discovery.pref_loss_coevo: Loss exploration schedule gen=6: stagnation=3 trigger=3 explore_mode=True avoid_families=['pairwise_margin|cost_gap|weighted_normalized_sum|tanh_affine_temperature_and_smooth_saturation', 'pairwise_margin|delta_rank|mean|weight_mean_normalization', 'pairwise_margin|cost_gap|weighted_normalized_sum|bounded_rational_gate_temp_adapt', 'pairwise_margin|cost_gap|weighted_normalized_sum|bounded_affine_gap_calibration', 'pairwise_margin|cost_gap|logsumexp_pool|shift_invariant_centering', 'pairwise_margin|cost_gap|weighted_normalized_sum|shift_invariant_centering', 'pairwise_margin|cost_gap|mean|weight_mean_normalization', 'pairwise_margin|cost_gap|mean|clamp_stabilized']
[2026-03-02 18:02:54,980] WARNING:ptp_discovery.pref_loss_coevo: Population fill shortfall at gen=6: proposed_g=0/12 proposed_f=9/12 (seen_g=0 seen_f=66)
[2026-03-02 18:02:54,997] INFO:ptp_discovery.pref_loss_coevo: Gen 6 LLM ops: builders={} (repairs=0) losses={'LOSS_PARADIGM_SHIFT': 3, 'LOSS_CONSTRAINT_INJECT': 1, 'E1_GENERATE': 3, 'LOSS_STRUCTURE_SHIFT': 2} (repairs=0) cache={'offline_mode': False, 'cache_path': 'runs/pref_loss_alternating_simple/20260302-110812/llm_cache.jsonl', 'cache_entries': 177, 'cache_hits': 0, 'cache_misses': 13}
[2026-03-02 18:02:54,997] INFO:ptp_discovery.pref_loss_coevo: Gen 6 proxy rollouts skipped: stage1_proxy=0 and stage2_micro_unroll=0
[2026-03-02 18:02:55,029] INFO:ptp_discovery.pref_loss_coevo: Alternating block status: round=0 cycle_pos=6/20 budgets(loss=128,builder=0)
[2026-03-02 18:02:55,030] INFO:ptp_discovery.pref_loss_coevo: Alternating fixed candidates resolved: fixed_g=g_ref fixed_f=f001_005_1378c288
[2026-03-02 18:02:55,030] INFO:ptp_discovery.pref_loss_coevo: Alternating phase=loss fixed_g=g_ref budget=128
[2026-03-02 18:02:55,030] INFO:ptp_discovery.pref_loss_coevo: EVAL_STAGES enabled: stage0_gate=1 stage1_proxy=0 stage2_micro_unroll=0 stage3_high_fidelity=1
[2026-03-02 18:02:55,030] INFO:ptp_discovery.pref_loss_coevo: Alternating phase=builder fixed_f=f001_005_1378c288 budget=0
[2026-03-02 18:02:55,031] INFO:ptp_discovery.pref_loss_coevo: EVAL_STAGES enabled: stage0_gate=1 stage1_proxy=0 stage2_micro_unroll=0 stage3_high_fidelity=1
[2026-03-02 18:02:55,031] INFO:ptp_discovery.pref_loss_coevo: Gate-only eval (proxy disabled) gen=6: pairs=28 cheap_gate_on=True
[2026-03-02 18:02:55,040] INFO:ptp_discovery.free_loss_llm_ops: Loaded LLM cache entries: 177 (runs/pref_loss_alternating_simple/20260302-110812/llm_cache.jsonl)
[2026-03-02 18:02:55,047] INFO:ptp_discovery.pref_loss_coevo: Gate-only progress gen=6: 1/28 caches(rollout=0 pref=0 pair=88)
[2026-03-02 18:02:55,060] INFO:ptp_discovery.free_loss_llm_ops: Loaded LLM cache entries: 177 (runs/pref_loss_alternating_simple/20260302-110812/llm_cache.jsonl)
[2026-03-02 18:02:55,080] INFO:ptp_discovery.free_loss_llm_ops: Loaded LLM cache entries: 177 (runs/pref_loss_alternating_simple/20260302-110812/llm_cache.jsonl)
[2026-03-02 18:03:29,375] INFO:ptp_discovery.free_loss_llm_ops: Loaded LLM cache entries: 179 (runs/pref_loss_alternating_simple/20260302-110812/llm_cache.jsonl)
[2026-03-02 18:04:26,897] INFO:ptp_discovery.pref_loss_coevo: Gate-only progress gen=6: 10/28 caches(rollout=0 pref=0 pair=90)
[2026-03-02 18:04:26,926] INFO:ptp_discovery.free_loss_llm_ops: Loaded LLM cache entries: 183 (runs/pref_loss_alternating_simple/20260302-110812/llm_cache.jsonl)
[2026-03-02 18:05:07,021] INFO:ptp_discovery.free_loss_llm_ops: Loaded LLM cache entries: 185 (runs/pref_loss_alternating_simple/20260302-110812/llm_cache.jsonl)
[2026-03-02 18:05:27,235] INFO:ptp_discovery.free_loss_llm_ops: Loaded LLM cache entries: 186 (runs/pref_loss_alternating_simple/20260302-110812/llm_cache.jsonl)
[2026-03-02 18:06:35,057] INFO:ptp_discovery.pref_loss_coevo: Gate-only progress gen=6: 20/28 caches(rollout=0 pref=0 pair=95)
[2026-03-02 18:06:35,072] INFO:ptp_discovery.free_loss_llm_ops: Loaded LLM cache entries: 189 (runs/pref_loss_alternating_simple/20260302-110812/llm_cache.jsonl)
[2026-03-02 18:06:35,111] INFO:ptp_discovery.free_loss_llm_ops: Loaded LLM cache entries: 189 (runs/pref_loss_alternating_simple/20260302-110812/llm_cache.jsonl)
[2026-03-02 18:07:14,487] INFO:ptp_discovery.pref_loss_coevo: Gate-only progress gen=6: 28/28 caches(rollout=0 pref=0 pair=97)
[2026-03-02 18:07:14,487] INFO:ptp_discovery.pref_loss_coevo: Gate-only eval done gen=6: pairs=28 elapsed_s=259.5 caches(rollout=0 pref=0 pair=97)
[2026-03-02 18:07:14,488] INFO:ptp_discovery.pref_loss_coevo: HF selection gen=6: eligible=22 selected=22 (top_m=999999 ignored)
[2026-03-02 18:07:14,490] INFO:ptp_discovery.pref_loss_coevo: HF device assignment gen=6: {'cuda:0': 6, 'cuda:1': 6, 'cuda:2': 5, 'cuda:3': 5}
[2026-03-02 18:07:14,490] INFO:ptp_discovery.pref_loss_coevo: HF eval gen=6: tasks=22 mp=True procs=4
[2026-03-02 18:07:14,491] INFO:ptp_discovery.pref_loss_coevo: High-fidelity via pinned mp: start_method=spawn processes=4 tasks=22
/data1/gushengda/eam-rl4co/PTP/fitness/free_loss_fidelity.py:52: FutureWarning: You are using `torch.load` with `weights_only=False` (the current default value), which uses the default pickle module implicitly. It is possible to construct malicious pickle data which will execute arbitrary code during unpickling (See https://github.com/pytorch/pytorch/blob/main/SECURITY.md#untrusted-models for more details). In a future release, the default value for `weights_only` will be flipped to `True`. This limits the functions that could be executed during unpickling. Arbitrary objects will no longer be allowed to be loaded via this mode unless they are explicitly allowlisted by the user via `torch.serialization.add_safe_globals`. We recommend you start setting `weights_only=True` for any use case where you don't have full control of the loaded file. Please open an issue on GitHub for any issues related to this experimental feature.
  obj = torch.load(p, map_location="cpu")
/data1/gushengda/eam-rl4co/PTP/fitness/free_loss_fidelity.py:52: FutureWarning: You are using `torch.load` with `weights_only=False` (the current default value), which uses the default pickle module implicitly. It is possible to construct malicious pickle data which will execute arbitrary code during unpickling (See https://github.com/pytorch/pytorch/blob/main/SECURITY.md#untrusted-models for more details). In a future release, the default value for `weights_only` will be flipped to `True`. This limits the functions that could be executed during unpickling. Arbitrary objects will no longer be allowed to be loaded via this mode unless they are explicitly allowlisted by the user via `torch.serialization.add_safe_globals`. We recommend you start setting `weights_only=True` for any use case where you don't have full control of the loaded file. Please open an issue on GitHub for any issues related to this experimental feature.
  obj = torch.load(p, map_location="cpu")
/data1/gushengda/eam-rl4co/PTP/fitness/free_loss_fidelity.py:52: FutureWarning: You are using `torch.load` with `weights_only=False` (the current default value), which uses the default pickle module implicitly. It is possible to construct malicious pickle data which will execute arbitrary code during unpickling (See https://github.com/pytorch/pytorch/blob/main/SECURITY.md#untrusted-models for more details). In a future release, the default value for `weights_only` will be flipped to `True`. This limits the functions that could be executed during unpickling. Arbitrary objects will no longer be allowed to be loaded via this mode unless they are explicitly allowlisted by the user via `torch.serialization.add_safe_globals`. We recommend you start setting `weights_only=True` for any use case where you don't have full control of the loaded file. Please open an issue on GitHub for any issues related to this experimental feature.
  obj = torch.load(p, map_location="cpu")
/data1/gushengda/eam-rl4co/PTP/fitness/free_loss_fidelity.py:52: FutureWarning: You are using `torch.load` with `weights_only=False` (the current default value), which uses the default pickle module implicitly. It is possible to construct malicious pickle data which will execute arbitrary code during unpickling (See https://github.com/pytorch/pytorch/blob/main/SECURITY.md#untrusted-models for more details). In a future release, the default value for `weights_only` will be flipped to `True`. This limits the functions that could be executed during unpickling. Arbitrary objects will no longer be allowed to be loaded via this mode unless they are explicitly allowlisted by the user via `torch.serialization.add_safe_globals`. We recommend you start setting `weights_only=True` for any use case where you don't have full control of the loaded file. Please open an issue on GitHub for any issues related to this experimental feature.
  obj = torch.load(p, map_location="cpu")
/data1/gushengda/eam-rl4co/PTP/fitness/free_loss_fidelity.py:519: FutureWarning: You are using `torch.load` with `weights_only=False` (the current default value), which uses the default pickle module implicitly. It is possible to construct malicious pickle data which will execute arbitrary code during unpickling (See https://github.com/pytorch/pytorch/blob/main/SECURITY.md#untrusted-models for more details). In a future release, the default value for `weights_only` will be flipped to `True`. This limits the functions that could be executed during unpickling. Arbitrary objects will no longer be allowed to be loaded via this mode unless they are explicitly allowlisted by the user via `torch.serialization.add_safe_globals`. We recommend you start setting `weights_only=True` for any use case where you don't have full control of the loaded file. Please open an issue on GitHub for any issues related to this experimental feature.
  ckpt = torch.load(ckpt_path, map_location="cpu")
/data1/gushengda/eam-rl4co/PTP/fitness/free_loss_fidelity.py:519: FutureWarning: You are using `torch.load` with `weights_only=False` (the current default value), which uses the default pickle module implicitly. It is possible to construct malicious pickle data which will execute arbitrary code during unpickling (See https://github.com/pytorch/pytorch/blob/main/SECURITY.md#untrusted-models for more details). In a future release, the default value for `weights_only` will be flipped to `True`. This limits the functions that could be executed during unpickling. Arbitrary objects will no longer be allowed to be loaded via this mode unless they are explicitly allowlisted by the user via `torch.serialization.add_safe_globals`. We recommend you start setting `weights_only=True` for any use case where you don't have full control of the loaded file. Please open an issue on GitHub for any issues related to this experimental feature.
  ckpt = torch.load(ckpt_path, map_location="cpu")
/data1/gushengda/eam-rl4co/PTP/fitness/free_loss_fidelity.py:519: FutureWarning: You are using `torch.load` with `weights_only=False` (the current default value), which uses the default pickle module implicitly. It is possible to construct malicious pickle data which will execute arbitrary code during unpickling (See https://github.com/pytorch/pytorch/blob/main/SECURITY.md#untrusted-models for more details). In a future release, the default value for `weights_only` will be flipped to `True`. This limits the functions that could be executed during unpickling. Arbitrary objects will no longer be allowed to be loaded via this mode unless they are explicitly allowlisted by the user via `torch.serialization.add_safe_globals`. We recommend you start setting `weights_only=True` for any use case where you don't have full control of the loaded file. Please open an issue on GitHub for any issues related to this experimental feature.
  ckpt = torch.load(ckpt_path, map_location="cpu")
/data1/gushengda/eam-rl4co/PTP/fitness/free_loss_fidelity.py:519: FutureWarning: You are using `torch.load` with `weights_only=False` (the current default value), which uses the default pickle module implicitly. It is possible to construct malicious pickle data which will execute arbitrary code during unpickling (See https://github.com/pytorch/pytorch/blob/main/SECURITY.md#untrusted-models for more details). In a future release, the default value for `weights_only` will be flipped to `True`. This limits the functions that could be executed during unpickling. Arbitrary objects will no longer be allowed to be loaded via this mode unless they are explicitly allowlisted by the user via `torch.serialization.add_safe_globals`. We recommend you start setting `weights_only=True` for any use case where you don't have full control of the loaded file. Please open an issue on GitHub for any issues related to this experimental feature.
  ckpt = torch.load(ckpt_path, map_location="cpu")
[2026-03-02 18:27:33,856] INFO:ptp_discovery.pref_loss_coevo: HF vs incumbent gen=6: better=0 worse=22 unknown=0 (ok=22 failed=0) ref=-0.00682822863260905 threshold=-0.012508328820990478
[2026-03-02 18:27:33,858] INFO:ptp_discovery.pref_loss_coevo: HF MF promote gen=6: K200 -> K1000 next_pool=22 (from=22) top_m=32 promote_if_better=True include_incumbent=True
[2026-03-02 18:27:33,860] INFO:ptp_discovery.pref_loss_coevo: HF MF round gen=6: K1000 fidelity=K1000 pool=22 tasks=5 mp=True procs=4 devices={'cuda:0': 2, 'cuda:1': 1, 'cuda:2': 1, 'cuda:3': 1}
/data1/gushengda/eam-rl4co/PTP/fitness/free_loss_fidelity.py:52: FutureWarning: You are using `torch.load` with `weights_only=False` (the current default value), which uses the default pickle module implicitly. It is possible to construct malicious pickle data which will execute arbitrary code during unpickling (See https://github.com/pytorch/pytorch/blob/main/SECURITY.md#untrusted-models for more details). In a future release, the default value for `weights_only` will be flipped to `True`. This limits the functions that could be executed during unpickling. Arbitrary objects will no longer be allowed to be loaded via this mode unless they are explicitly allowlisted by the user via `torch.serialization.add_safe_globals`. We recommend you start setting `weights_only=True` for any use case where you don't have full control of the loaded file. Please open an issue on GitHub for any issues related to this experimental feature.
  obj = torch.load(p, map_location="cpu")
/data1/gushengda/eam-rl4co/PTP/fitness/free_loss_fidelity.py:52: FutureWarning: You are using `torch.load` with `weights_only=False` (the current default value), which uses the default pickle module implicitly. It is possible to construct malicious pickle data which will execute arbitrary code during unpickling (See https://github.com/pytorch/pytorch/blob/main/SECURITY.md#untrusted-models for more details). In a future release, the default value for `weights_only` will be flipped to `True`. This limits the functions that could be executed during unpickling. Arbitrary objects will no longer be allowed to be loaded via this mode unless they are explicitly allowlisted by the user via `torch.serialization.add_safe_globals`. We recommend you start setting `weights_only=True` for any use case where you don't have full control of the loaded file. Please open an issue on GitHub for any issues related to this experimental feature.
  obj = torch.load(p, map_location="cpu")
/data1/gushengda/eam-rl4co/PTP/fitness/free_loss_fidelity.py:52: FutureWarning: You are using `torch.load` with `weights_only=False` (the current default value), which uses the default pickle module implicitly. It is possible to construct malicious pickle data which will execute arbitrary code during unpickling (See https://github.com/pytorch/pytorch/blob/main/SECURITY.md#untrusted-models for more details). In a future release, the default value for `weights_only` will be flipped to `True`. This limits the functions that could be executed during unpickling. Arbitrary objects will no longer be allowed to be loaded via this mode unless they are explicitly allowlisted by the user via `torch.serialization.add_safe_globals`. We recommend you start setting `weights_only=True` for any use case where you don't have full control of the loaded file. Please open an issue on GitHub for any issues related to this experimental feature.
  obj = torch.load(p, map_location="cpu")
/data1/gushengda/eam-rl4co/PTP/fitness/free_loss_fidelity.py:52: FutureWarning: You are using `torch.load` with `weights_only=False` (the current default value), which uses the default pickle module implicitly. It is possible to construct malicious pickle data which will execute arbitrary code during unpickling (See https://github.com/pytorch/pytorch/blob/main/SECURITY.md#untrusted-models for more details). In a future release, the default value for `weights_only` will be flipped to `True`. This limits the functions that could be executed during unpickling. Arbitrary objects will no longer be allowed to be loaded via this mode unless they are explicitly allowlisted by the user via `torch.serialization.add_safe_globals`. We recommend you start setting `weights_only=True` for any use case where you don't have full control of the loaded file. Please open an issue on GitHub for any issues related to this experimental feature.
  obj = torch.load(p, map_location="cpu")
/data1/gushengda/eam-rl4co/PTP/fitness/free_loss_fidelity.py:519: FutureWarning: You are using `torch.load` with `weights_only=False` (the current default value), which uses the default pickle module implicitly. It is possible to construct malicious pickle data which will execute arbitrary code during unpickling (See https://github.com/pytorch/pytorch/blob/main/SECURITY.md#untrusted-models for more details). In a future release, the default value for `weights_only` will be flipped to `True`. This limits the functions that could be executed during unpickling. Arbitrary objects will no longer be allowed to be loaded via this mode unless they are explicitly allowlisted by the user via `torch.serialization.add_safe_globals`. We recommend you start setting `weights_only=True` for any use case where you don't have full control of the loaded file. Please open an issue on GitHub for any issues related to this experimental feature.
  ckpt = torch.load(ckpt_path, map_location="cpu")
/data1/gushengda/eam-rl4co/PTP/fitness/free_loss_fidelity.py:519: FutureWarning: You are using `torch.load` with `weights_only=False` (the current default value), which uses the default pickle module implicitly. It is possible to construct malicious pickle data which will execute arbitrary code during unpickling (See https://github.com/pytorch/pytorch/blob/main/SECURITY.md#untrusted-models for more details). In a future release, the default value for `weights_only` will be flipped to `True`. This limits the functions that could be executed during unpickling. Arbitrary objects will no longer be allowed to be loaded via this mode unless they are explicitly allowlisted by the user via `torch.serialization.add_safe_globals`. We recommend you start setting `weights_only=True` for any use case where you don't have full control of the loaded file. Please open an issue on GitHub for any issues related to this experimental feature.
  ckpt = torch.load(ckpt_path, map_location="cpu")
/data1/gushengda/eam-rl4co/PTP/fitness/free_loss_fidelity.py:519: FutureWarning: You are using `torch.load` with `weights_only=False` (the current default value), which uses the default pickle module implicitly. It is possible to construct malicious pickle data which will execute arbitrary code during unpickling (See https://github.com/pytorch/pytorch/blob/main/SECURITY.md#untrusted-models for more details). In a future release, the default value for `weights_only` will be flipped to `True`. This limits the functions that could be executed during unpickling. Arbitrary objects will no longer be allowed to be loaded via this mode unless they are explicitly allowlisted by the user via `torch.serialization.add_safe_globals`. We recommend you start setting `weights_only=True` for any use case where you don't have full control of the loaded file. Please open an issue on GitHub for any issues related to this experimental feature.
  ckpt = torch.load(ckpt_path, map_location="cpu")
/data1/gushengda/eam-rl4co/PTP/fitness/free_loss_fidelity.py:519: FutureWarning: You are using `torch.load` with `weights_only=False` (the current default value), which uses the default pickle module implicitly. It is possible to construct malicious pickle data which will execute arbitrary code during unpickling (See https://github.com/pytorch/pytorch/blob/main/SECURITY.md#untrusted-models for more details). In a future release, the default value for `weights_only` will be flipped to `True`. This limits the functions that could be executed during unpickling. Arbitrary objects will no longer be allowed to be loaded via this mode unless they are explicitly allowlisted by the user via `torch.serialization.add_safe_globals`. We recommend you start setting `weights_only=True` for any use case where you don't have full control of the loaded file. Please open an issue on GitHub for any issues related to this experimental feature.
  ckpt = torch.load(ckpt_path, map_location="cpu")
[2026-03-02 18:59:32,093] INFO:ptp_discovery.pref_loss_coevo: COMPARE target=incumbent reference_score=-0.00682822863260905 threshold=-0.012508328820990478 metric_mode=minimize improve_eps=0.005680100188381428
[2026-03-02 18:59:32,094] INFO:ptp_discovery.pref_loss_coevo: COMPARE target=last_phase last_phase=baseline reference_score=inf threshold=inf metric_mode=minimize improve_eps=0.005680100188381428
[2026-03-02 18:59:32,095] INFO:ptp_discovery.pref_loss_coevo: Gen 6 summary: g_pool=0 f_pool=9 pairs=28 ok=22 stages={'high_fidelity': 22, 'gate': 6} top_reasons=[('ok_stage3_offline_minitrain', 22), ('cheap_gate_failed', 6)]
[2026-03-02 18:59:32,121] INFO:ptp_discovery.pref_loss_coevo: Alternating LLM gating gen=7 phase=loss llm_enabled(builder=False,loss=True)
[2026-03-02 18:59:32,121] INFO:ptp_discovery.pref_loss_coevo: === alternating generation 7/19 ===
[2026-03-02 18:59:32,121] INFO:ptp_discovery.pref_loss_coevo: EVAL_STAGES enabled: stage0_gate=1 stage1_proxy=0 stage2_micro_unroll=0 stage3_high_fidelity=1
[2026-03-02 18:59:32,121] INFO:ptp_discovery.pref_loss_coevo: INCUMBENT best_score=-0.00682822863260905 best_pair=(g_ref,f001_005_1378c288) best_stage=high_fidelity metric_mode=minimize improve_eps=0.005680100188381428
[2026-03-02 18:59:32,122] INFO:ptp_discovery.pref_loss_coevo: Gen 7 start: caches(rollout=0 pref=0 pair=102) cuda(cuda:0(alloc=0.05G,resv=8.32G) cuda:1(alloc=0.00G,resv=0.00G) cuda:2(alloc=0.00G,resv=0.00G) cuda:3(alloc=0.00G,resv=0.00G))
[2026-03-02 18:59:32,122] INFO:ptp_discovery.pref_loss_coevo: Gen 7 prompt context sizes: best_builder_summary.code=0 chars best_loss_summary.code=504 chars
[2026-03-02 18:59:32,123] INFO:ptp_discovery.pref_loss_coevo: Loss exploration schedule gen=7: stagnation=4 trigger=3 explore_mode=True avoid_families=['pairwise_margin|cost_gap|weighted_normalized_sum|shift_invariant_centering', 'pairwise_margin|cost_gap|mean|shift_invariant_centering', 'pairwise_margin|delta_rank|mean|weight_mean_normalization', 'pairwise_margin|cost_gap|logsumexp_pool|shift_invariant_centering', 'pairwise_margin|cost_gap|weighted_normalized_sum|bounded_affine_gap_calibration', 'pairwise_margin|cost_gap|weighted_normalized_sum|bounded_rational_gate_temp_adapt', 'pairwise_margin|cost_gap|weighted_normalized_sum|tanh_affine_temperature_and_smooth_saturation', 'pairwise_robust_preference|advantage_gap_plus_delta_rank|weighted_normalized_sum|rank_gated_huber_temperature']
[2026-03-02 19:03:38,568] WARNING:ptp_discovery.pref_loss_coevo: Population fill shortfall at gen=7: proposed_g=0/12 proposed_f=9/12 (seen_g=0 seen_f=75)
[2026-03-02 19:03:38,584] INFO:ptp_discovery.pref_loss_coevo: Gen 7 LLM ops: builders={} (repairs=0) losses={'LOSS_CONSTRAINT_INJECT': 2, 'E1': 1, 'M2': 1, 'REPAIR': 1, 'LOSS_STRUCTURE_SHIFT': 3, 'LOSS_PARADIGM_SHIFT': 1, 'E1_GENERATE': 1} (repairs=1) cache={'offline_mode': False, 'cache_path': 'runs/pref_loss_alternating_simple/20260302-110812/llm_cache.jsonl', 'cache_entries': 204, 'cache_hits': 0, 'cache_misses': 15}
[2026-03-02 19:03:38,585] INFO:ptp_discovery.pref_loss_coevo: Gen 7 proxy rollouts skipped: stage1_proxy=0 and stage2_micro_unroll=0
[2026-03-02 19:03:38,618] INFO:ptp_discovery.pref_loss_coevo: Alternating block status: round=0 cycle_pos=7/20 budgets(loss=128,builder=0)
[2026-03-02 19:03:38,619] INFO:ptp_discovery.pref_loss_coevo: Alternating fixed candidates resolved: fixed_g=g_ref fixed_f=f001_005_1378c288
[2026-03-02 19:03:38,619] INFO:ptp_discovery.pref_loss_coevo: Alternating phase=loss fixed_g=g_ref budget=128
[2026-03-02 19:03:38,619] INFO:ptp_discovery.pref_loss_coevo: EVAL_STAGES enabled: stage0_gate=1 stage1_proxy=0 stage2_micro_unroll=0 stage3_high_fidelity=1
[2026-03-02 19:03:38,619] INFO:ptp_discovery.pref_loss_coevo: Alternating phase=builder fixed_f=f001_005_1378c288 budget=0
[2026-03-02 19:03:38,620] INFO:ptp_discovery.pref_loss_coevo: EVAL_STAGES enabled: stage0_gate=1 stage1_proxy=0 stage2_micro_unroll=0 stage3_high_fidelity=1
[2026-03-02 19:03:38,620] INFO:ptp_discovery.pref_loss_coevo: Gate-only eval (proxy disabled) gen=7: pairs=29 cheap_gate_on=True
[2026-03-02 19:03:38,625] INFO:ptp_discovery.pref_loss_coevo: Gate-only progress gen=7: 1/29 caches(rollout=0 pref=0 pair=102)
[2026-03-02 19:03:38,635] INFO:ptp_discovery.free_loss_llm_ops: Loaded LLM cache entries: 204 (runs/pref_loss_alternating_simple/20260302-110812/llm_cache.jsonl)
[2026-03-02 19:03:38,650] INFO:ptp_discovery.free_loss_llm_ops: Loaded LLM cache entries: 204 (runs/pref_loss_alternating_simple/20260302-110812/llm_cache.jsonl)
[2026-03-02 19:04:59,516] INFO:ptp_discovery.free_loss_llm_ops: Loaded LLM cache entries: 208 (runs/pref_loss_alternating_simple/20260302-110812/llm_cache.jsonl)
[2026-03-02 19:06:01,233] INFO:ptp_discovery.free_loss_llm_ops: Loaded LLM cache entries: 212 (runs/pref_loss_alternating_simple/20260302-110812/llm_cache.jsonl)
[2026-03-02 19:07:13,673] INFO:ptp_discovery.free_loss_llm_ops: Loaded LLM cache entries: 216 (runs/pref_loss_alternating_simple/20260302-110812/llm_cache.jsonl)
[2026-03-02 19:07:13,685] INFO:ptp_discovery.pref_loss_coevo: Gate-only progress gen=7: 10/29 caches(rollout=0 pref=0 pair=105)
[2026-03-02 19:07:13,705] INFO:ptp_discovery.free_loss_llm_ops: Loaded LLM cache entries: 216 (runs/pref_loss_alternating_simple/20260302-110812/llm_cache.jsonl)
[2026-03-02 19:07:13,734] INFO:ptp_discovery.free_loss_llm_ops: Loaded LLM cache entries: 216 (runs/pref_loss_alternating_simple/20260302-110812/llm_cache.jsonl)
[2026-03-02 19:07:13,740] INFO:ptp_discovery.pref_loss_coevo: Gate-only progress gen=7: 20/29 caches(rollout=0 pref=0 pair=107)
[2026-03-02 19:07:13,756] INFO:ptp_discovery.free_loss_llm_ops: Loaded LLM cache entries: 216 (runs/pref_loss_alternating_simple/20260302-110812/llm_cache.jsonl)
[2026-03-02 19:08:07,744] INFO:ptp_discovery.free_loss_llm_ops: Loaded LLM cache entries: 219 (runs/pref_loss_alternating_simple/20260302-110812/llm_cache.jsonl)
[2026-03-02 19:08:24,053] INFO:ptp_discovery.pref_loss_coevo: Gate-only progress gen=7: 29/29 caches(rollout=0 pref=0 pair=111)
[2026-03-02 19:08:24,054] INFO:ptp_discovery.pref_loss_coevo: Gate-only eval done gen=7: pairs=29 elapsed_s=285.4 caches(rollout=0 pref=0 pair=111)
[2026-03-02 19:08:24,054] INFO:ptp_discovery.pref_loss_coevo: HF selection gen=7: eligible=21 selected=21 (top_m=999999 ignored)
[2026-03-02 19:08:24,055] INFO:ptp_discovery.pref_loss_coevo: HF device assignment gen=7: {'cuda:0': 6, 'cuda:1': 5, 'cuda:2': 5, 'cuda:3': 5}
[2026-03-02 19:08:24,055] INFO:ptp_discovery.pref_loss_coevo: HF eval gen=7: tasks=21 mp=True procs=4
[2026-03-02 19:08:24,055] INFO:ptp_discovery.pref_loss_coevo: High-fidelity via pinned mp: start_method=spawn processes=4 tasks=21
/data1/gushengda/eam-rl4co/PTP/fitness/free_loss_fidelity.py:52: FutureWarning: You are using `torch.load` with `weights_only=False` (the current default value), which uses the default pickle module implicitly. It is possible to construct malicious pickle data which will execute arbitrary code during unpickling (See https://github.com/pytorch/pytorch/blob/main/SECURITY.md#untrusted-models for more details). In a future release, the default value for `weights_only` will be flipped to `True`. This limits the functions that could be executed during unpickling. Arbitrary objects will no longer be allowed to be loaded via this mode unless they are explicitly allowlisted by the user via `torch.serialization.add_safe_globals`. We recommend you start setting `weights_only=True` for any use case where you don't have full control of the loaded file. Please open an issue on GitHub for any issues related to this experimental feature.
  obj = torch.load(p, map_location="cpu")
/data1/gushengda/eam-rl4co/PTP/fitness/free_loss_fidelity.py:52: FutureWarning: You are using `torch.load` with `weights_only=False` (the current default value), which uses the default pickle module implicitly. It is possible to construct malicious pickle data which will execute arbitrary code during unpickling (See https://github.com/pytorch/pytorch/blob/main/SECURITY.md#untrusted-models for more details). In a future release, the default value for `weights_only` will be flipped to `True`. This limits the functions that could be executed during unpickling. Arbitrary objects will no longer be allowed to be loaded via this mode unless they are explicitly allowlisted by the user via `torch.serialization.add_safe_globals`. We recommend you start setting `weights_only=True` for any use case where you don't have full control of the loaded file. Please open an issue on GitHub for any issues related to this experimental feature.
  obj = torch.load(p, map_location="cpu")
/data1/gushengda/eam-rl4co/PTP/fitness/free_loss_fidelity.py:52: FutureWarning: You are using `torch.load` with `weights_only=False` (the current default value), which uses the default pickle module implicitly. It is possible to construct malicious pickle data which will execute arbitrary code during unpickling (See https://github.com/pytorch/pytorch/blob/main/SECURITY.md#untrusted-models for more details). In a future release, the default value for `weights_only` will be flipped to `True`. This limits the functions that could be executed during unpickling. Arbitrary objects will no longer be allowed to be loaded via this mode unless they are explicitly allowlisted by the user via `torch.serialization.add_safe_globals`. We recommend you start setting `weights_only=True` for any use case where you don't have full control of the loaded file. Please open an issue on GitHub for any issues related to this experimental feature.
  obj = torch.load(p, map_location="cpu")
/data1/gushengda/eam-rl4co/PTP/fitness/free_loss_fidelity.py:52: FutureWarning: You are using `torch.load` with `weights_only=False` (the current default value), which uses the default pickle module implicitly. It is possible to construct malicious pickle data which will execute arbitrary code during unpickling (See https://github.com/pytorch/pytorch/blob/main/SECURITY.md#untrusted-models for more details). In a future release, the default value for `weights_only` will be flipped to `True`. This limits the functions that could be executed during unpickling. Arbitrary objects will no longer be allowed to be loaded via this mode unless they are explicitly allowlisted by the user via `torch.serialization.add_safe_globals`. We recommend you start setting `weights_only=True` for any use case where you don't have full control of the loaded file. Please open an issue on GitHub for any issues related to this experimental feature.
  obj = torch.load(p, map_location="cpu")
/data1/gushengda/eam-rl4co/PTP/fitness/free_loss_fidelity.py:519: FutureWarning: You are using `torch.load` with `weights_only=False` (the current default value), which uses the default pickle module implicitly. It is possible to construct malicious pickle data which will execute arbitrary code during unpickling (See https://github.com/pytorch/pytorch/blob/main/SECURITY.md#untrusted-models for more details). In a future release, the default value for `weights_only` will be flipped to `True`. This limits the functions that could be executed during unpickling. Arbitrary objects will no longer be allowed to be loaded via this mode unless they are explicitly allowlisted by the user via `torch.serialization.add_safe_globals`. We recommend you start setting `weights_only=True` for any use case where you don't have full control of the loaded file. Please open an issue on GitHub for any issues related to this experimental feature.
  ckpt = torch.load(ckpt_path, map_location="cpu")
/data1/gushengda/eam-rl4co/PTP/fitness/free_loss_fidelity.py:519: FutureWarning: You are using `torch.load` with `weights_only=False` (the current default value), which uses the default pickle module implicitly. It is possible to construct malicious pickle data which will execute arbitrary code during unpickling (See https://github.com/pytorch/pytorch/blob/main/SECURITY.md#untrusted-models for more details). In a future release, the default value for `weights_only` will be flipped to `True`. This limits the functions that could be executed during unpickling. Arbitrary objects will no longer be allowed to be loaded via this mode unless they are explicitly allowlisted by the user via `torch.serialization.add_safe_globals`. We recommend you start setting `weights_only=True` for any use case where you don't have full control of the loaded file. Please open an issue on GitHub for any issues related to this experimental feature.
  ckpt = torch.load(ckpt_path, map_location="cpu")
/data1/gushengda/eam-rl4co/PTP/fitness/free_loss_fidelity.py:519: FutureWarning: You are using `torch.load` with `weights_only=False` (the current default value), which uses the default pickle module implicitly. It is possible to construct malicious pickle data which will execute arbitrary code during unpickling (See https://github.com/pytorch/pytorch/blob/main/SECURITY.md#untrusted-models for more details). In a future release, the default value for `weights_only` will be flipped to `True`. This limits the functions that could be executed during unpickling. Arbitrary objects will no longer be allowed to be loaded via this mode unless they are explicitly allowlisted by the user via `torch.serialization.add_safe_globals`. We recommend you start setting `weights_only=True` for any use case where you don't have full control of the loaded file. Please open an issue on GitHub for any issues related to this experimental feature.
  ckpt = torch.load(ckpt_path, map_location="cpu")
/data1/gushengda/eam-rl4co/PTP/fitness/free_loss_fidelity.py:519: FutureWarning: You are using `torch.load` with `weights_only=False` (the current default value), which uses the default pickle module implicitly. It is possible to construct malicious pickle data which will execute arbitrary code during unpickling (See https://github.com/pytorch/pytorch/blob/main/SECURITY.md#untrusted-models for more details). In a future release, the default value for `weights_only` will be flipped to `True`. This limits the functions that could be executed during unpickling. Arbitrary objects will no longer be allowed to be loaded via this mode unless they are explicitly allowlisted by the user via `torch.serialization.add_safe_globals`. We recommend you start setting `weights_only=True` for any use case where you don't have full control of the loaded file. Please open an issue on GitHub for any issues related to this experimental feature.
  ckpt = torch.load(ckpt_path, map_location="cpu")
[2026-03-02 19:28:15,743] INFO:ptp_discovery.pref_loss_coevo: HF vs incumbent gen=7: better=0 worse=21 unknown=0 (ok=21 failed=0) ref=-0.00682822863260905 threshold=-0.012508328820990478
[2026-03-02 19:28:15,746] INFO:ptp_discovery.pref_loss_coevo: HF MF promote gen=7: K200 -> K1000 next_pool=21 (from=21) top_m=32 promote_if_better=True include_incumbent=True
[2026-03-02 19:28:15,747] INFO:ptp_discovery.pref_loss_coevo: HF MF round gen=7: K1000 fidelity=K1000 pool=21 tasks=3 mp=True procs=4 devices={'cuda:0': 1, 'cuda:1': 1, 'cuda:2': 1}
/data1/gushengda/eam-rl4co/PTP/fitness/free_loss_fidelity.py:52: FutureWarning: You are using `torch.load` with `weights_only=False` (the current default value), which uses the default pickle module implicitly. It is possible to construct malicious pickle data which will execute arbitrary code during unpickling (See https://github.com/pytorch/pytorch/blob/main/SECURITY.md#untrusted-models for more details). In a future release, the default value for `weights_only` will be flipped to `True`. This limits the functions that could be executed during unpickling. Arbitrary objects will no longer be allowed to be loaded via this mode unless they are explicitly allowlisted by the user via `torch.serialization.add_safe_globals`. We recommend you start setting `weights_only=True` for any use case where you don't have full control of the loaded file. Please open an issue on GitHub for any issues related to this experimental feature.
  obj = torch.load(p, map_location="cpu")
/data1/gushengda/eam-rl4co/PTP/fitness/free_loss_fidelity.py:52: FutureWarning: You are using `torch.load` with `weights_only=False` (the current default value), which uses the default pickle module implicitly. It is possible to construct malicious pickle data which will execute arbitrary code during unpickling (See https://github.com/pytorch/pytorch/blob/main/SECURITY.md#untrusted-models for more details). In a future release, the default value for `weights_only` will be flipped to `True`. This limits the functions that could be executed during unpickling. Arbitrary objects will no longer be allowed to be loaded via this mode unless they are explicitly allowlisted by the user via `torch.serialization.add_safe_globals`. We recommend you start setting `weights_only=True` for any use case where you don't have full control of the loaded file. Please open an issue on GitHub for any issues related to this experimental feature.
  obj = torch.load(p, map_location="cpu")
/data1/gushengda/eam-rl4co/PTP/fitness/free_loss_fidelity.py:52: FutureWarning: You are using `torch.load` with `weights_only=False` (the current default value), which uses the default pickle module implicitly. It is possible to construct malicious pickle data which will execute arbitrary code during unpickling (See https://github.com/pytorch/pytorch/blob/main/SECURITY.md#untrusted-models for more details). In a future release, the default value for `weights_only` will be flipped to `True`. This limits the functions that could be executed during unpickling. Arbitrary objects will no longer be allowed to be loaded via this mode unless they are explicitly allowlisted by the user via `torch.serialization.add_safe_globals`. We recommend you start setting `weights_only=True` for any use case where you don't have full control of the loaded file. Please open an issue on GitHub for any issues related to this experimental feature.
  obj = torch.load(p, map_location="cpu")
/data1/gushengda/eam-rl4co/PTP/fitness/free_loss_fidelity.py:519: FutureWarning: You are using `torch.load` with `weights_only=False` (the current default value), which uses the default pickle module implicitly. It is possible to construct malicious pickle data which will execute arbitrary code during unpickling (See https://github.com/pytorch/pytorch/blob/main/SECURITY.md#untrusted-models for more details). In a future release, the default value for `weights_only` will be flipped to `True`. This limits the functions that could be executed during unpickling. Arbitrary objects will no longer be allowed to be loaded via this mode unless they are explicitly allowlisted by the user via `torch.serialization.add_safe_globals`. We recommend you start setting `weights_only=True` for any use case where you don't have full control of the loaded file. Please open an issue on GitHub for any issues related to this experimental feature.
  ckpt = torch.load(ckpt_path, map_location="cpu")
/data1/gushengda/eam-rl4co/PTP/fitness/free_loss_fidelity.py:519: FutureWarning: You are using `torch.load` with `weights_only=False` (the current default value), which uses the default pickle module implicitly. It is possible to construct malicious pickle data which will execute arbitrary code during unpickling (See https://github.com/pytorch/pytorch/blob/main/SECURITY.md#untrusted-models for more details). In a future release, the default value for `weights_only` will be flipped to `True`. This limits the functions that could be executed during unpickling. Arbitrary objects will no longer be allowed to be loaded via this mode unless they are explicitly allowlisted by the user via `torch.serialization.add_safe_globals`. We recommend you start setting `weights_only=True` for any use case where you don't have full control of the loaded file. Please open an issue on GitHub for any issues related to this experimental feature.
  ckpt = torch.load(ckpt_path, map_location="cpu")
/data1/gushengda/eam-rl4co/PTP/fitness/free_loss_fidelity.py:519: FutureWarning: You are using `torch.load` with `weights_only=False` (the current default value), which uses the default pickle module implicitly. It is possible to construct malicious pickle data which will execute arbitrary code during unpickling (See https://github.com/pytorch/pytorch/blob/main/SECURITY.md#untrusted-models for more details). In a future release, the default value for `weights_only` will be flipped to `True`. This limits the functions that could be executed during unpickling. Arbitrary objects will no longer be allowed to be loaded via this mode unless they are explicitly allowlisted by the user via `torch.serialization.add_safe_globals`. We recommend you start setting `weights_only=True` for any use case where you don't have full control of the loaded file. Please open an issue on GitHub for any issues related to this experimental feature.
  ckpt = torch.load(ckpt_path, map_location="cpu")
[2026-03-02 19:45:03,431] INFO:ptp_discovery.pref_loss_coevo: COMPARE target=incumbent reference_score=-0.00682822863260905 threshold=-0.012508328820990478 metric_mode=minimize improve_eps=0.005680100188381428
[2026-03-02 19:45:03,432] INFO:ptp_discovery.pref_loss_coevo: COMPARE target=last_phase last_phase=baseline reference_score=inf threshold=inf metric_mode=minimize improve_eps=0.005680100188381428
[2026-03-02 19:45:03,446] INFO:ptp_discovery.pref_loss_coevo: Gen 7 summary: g_pool=0 f_pool=9 pairs=29 ok=21 stages={'high_fidelity': 21, 'gate': 8} top_reasons=[('ok_stage3_offline_minitrain', 21), ('cheap_gate_failed', 8)]
[2026-03-02 19:45:03,471] INFO:ptp_discovery.pref_loss_coevo: Alternating LLM gating gen=8 phase=loss llm_enabled(builder=False,loss=True)
[2026-03-02 19:45:03,471] INFO:ptp_discovery.pref_loss_coevo: === alternating generation 8/19 ===
[2026-03-02 19:45:03,471] INFO:ptp_discovery.pref_loss_coevo: EVAL_STAGES enabled: stage0_gate=1 stage1_proxy=0 stage2_micro_unroll=0 stage3_high_fidelity=1
[2026-03-02 19:45:03,471] INFO:ptp_discovery.pref_loss_coevo: INCUMBENT best_score=-0.00682822863260905 best_pair=(g_ref,f001_005_1378c288) best_stage=high_fidelity metric_mode=minimize improve_eps=0.005680100188381428
[2026-03-02 19:45:03,473] INFO:ptp_discovery.pref_loss_coevo: Gen 8 start: caches(rollout=0 pref=0 pair=114) cuda(cuda:0(alloc=0.05G,resv=8.32G) cuda:1(alloc=0.00G,resv=0.00G) cuda:2(alloc=0.00G,resv=0.00G) cuda:3(alloc=0.00G,resv=0.00G))
[2026-03-02 19:45:03,473] INFO:ptp_discovery.pref_loss_coevo: Gen 8 prompt context sizes: best_builder_summary.code=0 chars best_loss_summary.code=504 chars
[2026-03-02 19:45:03,473] INFO:ptp_discovery.pref_loss_coevo: Loss exploration schedule gen=8: stagnation=5 trigger=3 explore_mode=True avoid_families=['pairwise_margin|delta_rank|mean|weight_mean_normalization', 'pairwise_margin|cost_gap|logsumexp_pool|shift_invariant_centering', 'pairwise_margin|cost_gap|mean|shift_invariant_centering', 'pairwise_margin|cost_gap|weighted_normalized_sum|bounded_affine_gap_calibration', 'pairwise_margin|cost_gap|weighted_normalized_sum|shift_invariant_centering', 'pairwise_margin|cost_gap|weighted_normalized_sum|tanh_affine_temperature_and_smooth_saturation', 'pairwise_margin|cost_gap|weighted_normalized_sum|scale_invariant_gap_norm', 'pairwise_margin|cost_gap|weighted_normalized_sum|bounded_rational_gate_temp_adapt']
[2026-03-02 19:48:54,402] WARNING:ptp_discovery.pref_loss_coevo: Population fill shortfall at gen=8: proposed_g=0/12 proposed_f=9/12 (seen_g=0 seen_f=84)
[2026-03-02 19:48:54,420] INFO:ptp_discovery.pref_loss_coevo: Gen 8 LLM ops: builders={} (repairs=0) losses={'LOSS_PARADIGM_SHIFT': 3, 'LOSS_CONSTRAINT_INJECT': 1, 'E1_GENERATE': 2, 'REPAIR': 2, 'LOSS_STRUCTURE_SHIFT': 2, 'M2': 1} (repairs=2) cache={'offline_mode': False, 'cache_path': 'runs/pref_loss_alternating_simple/20260302-110812/llm_cache.jsonl', 'cache_entries': 232, 'cache_hits': 1, 'cache_misses': 13}
[2026-03-02 19:48:54,420] INFO:ptp_discovery.pref_loss_coevo: Gen 8 proxy rollouts skipped: stage1_proxy=0 and stage2_micro_unroll=0
[2026-03-02 19:48:54,455] INFO:ptp_discovery.pref_loss_coevo: Alternating block status: round=0 cycle_pos=8/20 budgets(loss=128,builder=0)
[2026-03-02 19:48:54,456] INFO:ptp_discovery.pref_loss_coevo: Alternating fixed candidates resolved: fixed_g=g_ref fixed_f=f001_005_1378c288
[2026-03-02 19:48:54,456] INFO:ptp_discovery.pref_loss_coevo: Alternating phase=loss fixed_g=g_ref budget=128
[2026-03-02 19:48:54,456] INFO:ptp_discovery.pref_loss_coevo: EVAL_STAGES enabled: stage0_gate=1 stage1_proxy=0 stage2_micro_unroll=0 stage3_high_fidelity=1
[2026-03-02 19:48:54,456] INFO:ptp_discovery.pref_loss_coevo: Alternating phase=builder fixed_f=f001_005_1378c288 budget=0
[2026-03-02 19:48:54,457] INFO:ptp_discovery.pref_loss_coevo: EVAL_STAGES enabled: stage0_gate=1 stage1_proxy=0 stage2_micro_unroll=0 stage3_high_fidelity=1
[2026-03-02 19:48:54,457] INFO:ptp_discovery.pref_loss_coevo: Gate-only eval (proxy disabled) gen=8: pairs=29 cheap_gate_on=True
[2026-03-02 19:48:54,481] INFO:ptp_discovery.free_loss_llm_ops: Loaded LLM cache entries: 232 (runs/pref_loss_alternating_simple/20260302-110812/llm_cache.jsonl)
[2026-03-02 19:49:26,104] INFO:ptp_discovery.pref_loss_coevo: Gate-only progress gen=8: 1/29 caches(rollout=0 pref=0 pair=115)
[2026-03-02 19:49:26,115] INFO:ptp_discovery.free_loss_llm_ops: Loaded LLM cache entries: 234 (runs/pref_loss_alternating_simple/20260302-110812/llm_cache.jsonl)
[2026-03-02 19:49:58,172] INFO:ptp_discovery.free_loss_llm_ops: Loaded LLM cache entries: 236 (runs/pref_loss_alternating_simple/20260302-110812/llm_cache.jsonl)
[2026-03-02 19:49:58,209] INFO:ptp_discovery.pref_loss_coevo: Gate-only progress gen=8: 10/29 caches(rollout=0 pref=0 pair=116)
[2026-03-02 19:49:58,235] INFO:ptp_discovery.free_loss_llm_ops: Loaded LLM cache entries: 236 (runs/pref_loss_alternating_simple/20260302-110812/llm_cache.jsonl)
[2026-03-02 19:50:35,184] INFO:ptp_discovery.free_loss_llm_ops: Loaded LLM cache entries: 238 (runs/pref_loss_alternating_simple/20260302-110812/llm_cache.jsonl)
[2026-03-02 19:50:51,781] INFO:ptp_discovery.free_loss_llm_ops: Loaded LLM cache entries: 239 (runs/pref_loss_alternating_simple/20260302-110812/llm_cache.jsonl)
[2026-03-02 19:51:08,260] INFO:ptp_discovery.free_loss_llm_ops: Loaded LLM cache entries: 240 (runs/pref_loss_alternating_simple/20260302-110812/llm_cache.jsonl)
[2026-03-02 19:51:39,011] INFO:ptp_discovery.pref_loss_coevo: Gate-only progress gen=8: 20/29 caches(rollout=0 pref=0 pair=120)
[2026-03-02 19:51:39,025] INFO:ptp_discovery.free_loss_llm_ops: Loaded LLM cache entries: 242 (runs/pref_loss_alternating_simple/20260302-110812/llm_cache.jsonl)
[2026-03-02 19:52:06,786] INFO:ptp_discovery.free_loss_llm_ops: Loaded LLM cache entries: 243 (runs/pref_loss_alternating_simple/20260302-110812/llm_cache.jsonl)
[2026-03-02 19:52:42,716] INFO:ptp_discovery.free_loss_llm_ops: Loaded LLM cache entries: 245 (runs/pref_loss_alternating_simple/20260302-110812/llm_cache.jsonl)
[2026-03-02 19:52:42,734] INFO:ptp_discovery.free_loss_llm_ops: Loaded LLM cache entries: 245 (runs/pref_loss_alternating_simple/20260302-110812/llm_cache.jsonl)
[2026-03-02 19:52:42,757] INFO:ptp_discovery.free_loss_llm_ops: Loaded LLM cache entries: 245 (runs/pref_loss_alternating_simple/20260302-110812/llm_cache.jsonl)
[2026-03-02 19:52:42,763] INFO:ptp_discovery.pref_loss_coevo: Gate-only progress gen=8: 29/29 caches(rollout=0 pref=0 pair=123)
[2026-03-02 19:52:42,763] INFO:ptp_discovery.pref_loss_coevo: Gate-only eval done gen=8: pairs=29 elapsed_s=228.3 caches(rollout=0 pref=0 pair=123)
[2026-03-02 19:52:42,764] INFO:ptp_discovery.pref_loss_coevo: HF selection gen=8: eligible=24 selected=24 (top_m=999999 ignored)
[2026-03-02 19:52:42,766] INFO:ptp_discovery.pref_loss_coevo: HF device assignment gen=8: {'cuda:0': 6, 'cuda:1': 6, 'cuda:2': 6, 'cuda:3': 6}
[2026-03-02 19:52:42,766] INFO:ptp_discovery.pref_loss_coevo: HF eval gen=8: tasks=24 mp=True procs=4
[2026-03-02 19:52:42,766] INFO:ptp_discovery.pref_loss_coevo: High-fidelity via pinned mp: start_method=spawn processes=4 tasks=24
/data1/gushengda/eam-rl4co/PTP/fitness/free_loss_fidelity.py:52: FutureWarning: You are using `torch.load` with `weights_only=False` (the current default value), which uses the default pickle module implicitly. It is possible to construct malicious pickle data which will execute arbitrary code during unpickling (See https://github.com/pytorch/pytorch/blob/main/SECURITY.md#untrusted-models for more details). In a future release, the default value for `weights_only` will be flipped to `True`. This limits the functions that could be executed during unpickling. Arbitrary objects will no longer be allowed to be loaded via this mode unless they are explicitly allowlisted by the user via `torch.serialization.add_safe_globals`. We recommend you start setting `weights_only=True` for any use case where you don't have full control of the loaded file. Please open an issue on GitHub for any issues related to this experimental feature.
  obj = torch.load(p, map_location="cpu")
/data1/gushengda/eam-rl4co/PTP/fitness/free_loss_fidelity.py:52: FutureWarning: You are using `torch.load` with `weights_only=False` (the current default value), which uses the default pickle module implicitly. It is possible to construct malicious pickle data which will execute arbitrary code during unpickling (See https://github.com/pytorch/pytorch/blob/main/SECURITY.md#untrusted-models for more details). In a future release, the default value for `weights_only` will be flipped to `True`. This limits the functions that could be executed during unpickling. Arbitrary objects will no longer be allowed to be loaded via this mode unless they are explicitly allowlisted by the user via `torch.serialization.add_safe_globals`. We recommend you start setting `weights_only=True` for any use case where you don't have full control of the loaded file. Please open an issue on GitHub for any issues related to this experimental feature.
  obj = torch.load(p, map_location="cpu")
/data1/gushengda/eam-rl4co/PTP/fitness/free_loss_fidelity.py:52: FutureWarning: You are using `torch.load` with `weights_only=False` (the current default value), which uses the default pickle module implicitly. It is possible to construct malicious pickle data which will execute arbitrary code during unpickling (See https://github.com/pytorch/pytorch/blob/main/SECURITY.md#untrusted-models for more details). In a future release, the default value for `weights_only` will be flipped to `True`. This limits the functions that could be executed during unpickling. Arbitrary objects will no longer be allowed to be loaded via this mode unless they are explicitly allowlisted by the user via `torch.serialization.add_safe_globals`. We recommend you start setting `weights_only=True` for any use case where you don't have full control of the loaded file. Please open an issue on GitHub for any issues related to this experimental feature.
  obj = torch.load(p, map_location="cpu")
/data1/gushengda/eam-rl4co/PTP/fitness/free_loss_fidelity.py:52: FutureWarning: You are using `torch.load` with `weights_only=False` (the current default value), which uses the default pickle module implicitly. It is possible to construct malicious pickle data which will execute arbitrary code during unpickling (See https://github.com/pytorch/pytorch/blob/main/SECURITY.md#untrusted-models for more details). In a future release, the default value for `weights_only` will be flipped to `True`. This limits the functions that could be executed during unpickling. Arbitrary objects will no longer be allowed to be loaded via this mode unless they are explicitly allowlisted by the user via `torch.serialization.add_safe_globals`. We recommend you start setting `weights_only=True` for any use case where you don't have full control of the loaded file. Please open an issue on GitHub for any issues related to this experimental feature.
  obj = torch.load(p, map_location="cpu")
/data1/gushengda/eam-rl4co/PTP/fitness/free_loss_fidelity.py:519: FutureWarning: You are using `torch.load` with `weights_only=False` (the current default value), which uses the default pickle module implicitly. It is possible to construct malicious pickle data which will execute arbitrary code during unpickling (See https://github.com/pytorch/pytorch/blob/main/SECURITY.md#untrusted-models for more details). In a future release, the default value for `weights_only` will be flipped to `True`. This limits the functions that could be executed during unpickling. Arbitrary objects will no longer be allowed to be loaded via this mode unless they are explicitly allowlisted by the user via `torch.serialization.add_safe_globals`. We recommend you start setting `weights_only=True` for any use case where you don't have full control of the loaded file. Please open an issue on GitHub for any issues related to this experimental feature.
  ckpt = torch.load(ckpt_path, map_location="cpu")
/data1/gushengda/eam-rl4co/PTP/fitness/free_loss_fidelity.py:519: FutureWarning: You are using `torch.load` with `weights_only=False` (the current default value), which uses the default pickle module implicitly. It is possible to construct malicious pickle data which will execute arbitrary code during unpickling (See https://github.com/pytorch/pytorch/blob/main/SECURITY.md#untrusted-models for more details). In a future release, the default value for `weights_only` will be flipped to `True`. This limits the functions that could be executed during unpickling. Arbitrary objects will no longer be allowed to be loaded via this mode unless they are explicitly allowlisted by the user via `torch.serialization.add_safe_globals`. We recommend you start setting `weights_only=True` for any use case where you don't have full control of the loaded file. Please open an issue on GitHub for any issues related to this experimental feature.
  ckpt = torch.load(ckpt_path, map_location="cpu")
/data1/gushengda/eam-rl4co/PTP/fitness/free_loss_fidelity.py:519: FutureWarning: You are using `torch.load` with `weights_only=False` (the current default value), which uses the default pickle module implicitly. It is possible to construct malicious pickle data which will execute arbitrary code during unpickling (See https://github.com/pytorch/pytorch/blob/main/SECURITY.md#untrusted-models for more details). In a future release, the default value for `weights_only` will be flipped to `True`. This limits the functions that could be executed during unpickling. Arbitrary objects will no longer be allowed to be loaded via this mode unless they are explicitly allowlisted by the user via `torch.serialization.add_safe_globals`. We recommend you start setting `weights_only=True` for any use case where you don't have full control of the loaded file. Please open an issue on GitHub for any issues related to this experimental feature.
  ckpt = torch.load(ckpt_path, map_location="cpu")
/data1/gushengda/eam-rl4co/PTP/fitness/free_loss_fidelity.py:519: FutureWarning: You are using `torch.load` with `weights_only=False` (the current default value), which uses the default pickle module implicitly. It is possible to construct malicious pickle data which will execute arbitrary code during unpickling (See https://github.com/pytorch/pytorch/blob/main/SECURITY.md#untrusted-models for more details). In a future release, the default value for `weights_only` will be flipped to `True`. This limits the functions that could be executed during unpickling. Arbitrary objects will no longer be allowed to be loaded via this mode unless they are explicitly allowlisted by the user via `torch.serialization.add_safe_globals`. We recommend you start setting `weights_only=True` for any use case where you don't have full control of the loaded file. Please open an issue on GitHub for any issues related to this experimental feature.
  ckpt = torch.load(ckpt_path, map_location="cpu")
[2026-03-02 20:13:12,741] INFO:ptp_discovery.pref_loss_coevo: HF vs incumbent gen=8: better=0 worse=24 unknown=0 (ok=24 failed=0) ref=-0.00682822863260905 threshold=-0.012508328820990478
[2026-03-02 20:13:12,743] INFO:ptp_discovery.pref_loss_coevo: HF MF promote gen=8: K200 -> K1000 next_pool=24 (from=24) top_m=32 promote_if_better=True include_incumbent=True
[2026-03-02 20:13:12,745] INFO:ptp_discovery.pref_loss_coevo: HF MF round gen=8: K1000 fidelity=K1000 pool=24 tasks=6 mp=True procs=4 devices={'cuda:0': 2, 'cuda:1': 2, 'cuda:2': 1, 'cuda:3': 1}
/data1/gushengda/eam-rl4co/PTP/fitness/free_loss_fidelity.py:52: FutureWarning: You are using `torch.load` with `weights_only=False` (the current default value), which uses the default pickle module implicitly. It is possible to construct malicious pickle data which will execute arbitrary code during unpickling (See https://github.com/pytorch/pytorch/blob/main/SECURITY.md#untrusted-models for more details). In a future release, the default value for `weights_only` will be flipped to `True`. This limits the functions that could be executed during unpickling. Arbitrary objects will no longer be allowed to be loaded via this mode unless they are explicitly allowlisted by the user via `torch.serialization.add_safe_globals`. We recommend you start setting `weights_only=True` for any use case where you don't have full control of the loaded file. Please open an issue on GitHub for any issues related to this experimental feature.
  obj = torch.load(p, map_location="cpu")
/data1/gushengda/eam-rl4co/PTP/fitness/free_loss_fidelity.py:52: FutureWarning: You are using `torch.load` with `weights_only=False` (the current default value), which uses the default pickle module implicitly. It is possible to construct malicious pickle data which will execute arbitrary code during unpickling (See https://github.com/pytorch/pytorch/blob/main/SECURITY.md#untrusted-models for more details). In a future release, the default value for `weights_only` will be flipped to `True`. This limits the functions that could be executed during unpickling. Arbitrary objects will no longer be allowed to be loaded via this mode unless they are explicitly allowlisted by the user via `torch.serialization.add_safe_globals`. We recommend you start setting `weights_only=True` for any use case where you don't have full control of the loaded file. Please open an issue on GitHub for any issues related to this experimental feature.
  obj = torch.load(p, map_location="cpu")
/data1/gushengda/eam-rl4co/PTP/fitness/free_loss_fidelity.py:52: FutureWarning: You are using `torch.load` with `weights_only=False` (the current default value), which uses the default pickle module implicitly. It is possible to construct malicious pickle data which will execute arbitrary code during unpickling (See https://github.com/pytorch/pytorch/blob/main/SECURITY.md#untrusted-models for more details). In a future release, the default value for `weights_only` will be flipped to `True`. This limits the functions that could be executed during unpickling. Arbitrary objects will no longer be allowed to be loaded via this mode unless they are explicitly allowlisted by the user via `torch.serialization.add_safe_globals`. We recommend you start setting `weights_only=True` for any use case where you don't have full control of the loaded file. Please open an issue on GitHub for any issues related to this experimental feature.
  obj = torch.load(p, map_location="cpu")
/data1/gushengda/eam-rl4co/PTP/fitness/free_loss_fidelity.py:52: FutureWarning: You are using `torch.load` with `weights_only=False` (the current default value), which uses the default pickle module implicitly. It is possible to construct malicious pickle data which will execute arbitrary code during unpickling (See https://github.com/pytorch/pytorch/blob/main/SECURITY.md#untrusted-models for more details). In a future release, the default value for `weights_only` will be flipped to `True`. This limits the functions that could be executed during unpickling. Arbitrary objects will no longer be allowed to be loaded via this mode unless they are explicitly allowlisted by the user via `torch.serialization.add_safe_globals`. We recommend you start setting `weights_only=True` for any use case where you don't have full control of the loaded file. Please open an issue on GitHub for any issues related to this experimental feature.
  obj = torch.load(p, map_location="cpu")
/data1/gushengda/eam-rl4co/PTP/fitness/free_loss_fidelity.py:519: FutureWarning: You are using `torch.load` with `weights_only=False` (the current default value), which uses the default pickle module implicitly. It is possible to construct malicious pickle data which will execute arbitrary code during unpickling (See https://github.com/pytorch/pytorch/blob/main/SECURITY.md#untrusted-models for more details). In a future release, the default value for `weights_only` will be flipped to `True`. This limits the functions that could be executed during unpickling. Arbitrary objects will no longer be allowed to be loaded via this mode unless they are explicitly allowlisted by the user via `torch.serialization.add_safe_globals`. We recommend you start setting `weights_only=True` for any use case where you don't have full control of the loaded file. Please open an issue on GitHub for any issues related to this experimental feature.
  ckpt = torch.load(ckpt_path, map_location="cpu")
/data1/gushengda/eam-rl4co/PTP/fitness/free_loss_fidelity.py:519: FutureWarning: You are using `torch.load` with `weights_only=False` (the current default value), which uses the default pickle module implicitly. It is possible to construct malicious pickle data which will execute arbitrary code during unpickling (See https://github.com/pytorch/pytorch/blob/main/SECURITY.md#untrusted-models for more details). In a future release, the default value for `weights_only` will be flipped to `True`. This limits the functions that could be executed during unpickling. Arbitrary objects will no longer be allowed to be loaded via this mode unless they are explicitly allowlisted by the user via `torch.serialization.add_safe_globals`. We recommend you start setting `weights_only=True` for any use case where you don't have full control of the loaded file. Please open an issue on GitHub for any issues related to this experimental feature.
  ckpt = torch.load(ckpt_path, map_location="cpu")
/data1/gushengda/eam-rl4co/PTP/fitness/free_loss_fidelity.py:519: FutureWarning: You are using `torch.load` with `weights_only=False` (the current default value), which uses the default pickle module implicitly. It is possible to construct malicious pickle data which will execute arbitrary code during unpickling (See https://github.com/pytorch/pytorch/blob/main/SECURITY.md#untrusted-models for more details). In a future release, the default value for `weights_only` will be flipped to `True`. This limits the functions that could be executed during unpickling. Arbitrary objects will no longer be allowed to be loaded via this mode unless they are explicitly allowlisted by the user via `torch.serialization.add_safe_globals`. We recommend you start setting `weights_only=True` for any use case where you don't have full control of the loaded file. Please open an issue on GitHub for any issues related to this experimental feature.
  ckpt = torch.load(ckpt_path, map_location="cpu")
/data1/gushengda/eam-rl4co/PTP/fitness/free_loss_fidelity.py:519: FutureWarning: You are using `torch.load` with `weights_only=False` (the current default value), which uses the default pickle module implicitly. It is possible to construct malicious pickle data which will execute arbitrary code during unpickling (See https://github.com/pytorch/pytorch/blob/main/SECURITY.md#untrusted-models for more details). In a future release, the default value for `weights_only` will be flipped to `True`. This limits the functions that could be executed during unpickling. Arbitrary objects will no longer be allowed to be loaded via this mode unless they are explicitly allowlisted by the user via `torch.serialization.add_safe_globals`. We recommend you start setting `weights_only=True` for any use case where you don't have full control of the loaded file. Please open an issue on GitHub for any issues related to this experimental feature.
  ckpt = torch.load(ckpt_path, map_location="cpu")
[2026-03-02 20:46:09,239] INFO:ptp_discovery.pref_loss_coevo: COMPARE target=incumbent reference_score=-0.00682822863260905 threshold=-0.012508328820990478 metric_mode=minimize improve_eps=0.005680100188381428
[2026-03-02 20:46:09,240] INFO:ptp_discovery.pref_loss_coevo: COMPARE target=last_phase last_phase=baseline reference_score=inf threshold=inf metric_mode=minimize improve_eps=0.005680100188381428
[2026-03-02 20:46:09,241] INFO:ptp_discovery.pref_loss_coevo: Gen 8 summary: g_pool=0 f_pool=9 pairs=29 ok=24 stages={'high_fidelity': 24, 'gate': 5} top_reasons=[('ok_stage3_offline_minitrain', 24), ('cheap_gate_failed', 5)]
[2026-03-02 20:46:09,266] INFO:ptp_discovery.pref_loss_coevo: Alternating LLM gating gen=9 phase=loss llm_enabled(builder=False,loss=True)
[2026-03-02 20:46:09,266] INFO:ptp_discovery.pref_loss_coevo: === alternating generation 9/19 ===
[2026-03-02 20:46:09,267] INFO:ptp_discovery.pref_loss_coevo: EVAL_STAGES enabled: stage0_gate=1 stage1_proxy=0 stage2_micro_unroll=0 stage3_high_fidelity=1
[2026-03-02 20:46:09,267] INFO:ptp_discovery.pref_loss_coevo: INCUMBENT best_score=-0.00682822863260905 best_pair=(g_ref,f001_005_1378c288) best_stage=high_fidelity metric_mode=minimize improve_eps=0.005680100188381428
[2026-03-02 20:46:09,268] INFO:ptp_discovery.pref_loss_coevo: Gen 9 start: caches(rollout=0 pref=0 pair=129) cuda(cuda:0(alloc=0.05G,resv=8.32G) cuda:1(alloc=0.00G,resv=0.00G) cuda:2(alloc=0.00G,resv=0.00G) cuda:3(alloc=0.00G,resv=0.00G))
[2026-03-02 20:46:09,268] INFO:ptp_discovery.pref_loss_coevo: Gen 9 prompt context sizes: best_builder_summary.code=0 chars best_loss_summary.code=504 chars
[2026-03-02 20:46:09,268] INFO:ptp_discovery.pref_loss_coevo: Loss exploration schedule gen=9: stagnation=6 trigger=3 explore_mode=True avoid_families=['pairwise_margin|cost_gap|weighted_normalized_sum|tanh_affine_temperature_and_smooth_saturation', 'pairwise_margin|cost_gap|weighted_normalized_sum|shift_invariant_centering', 'pairwise_margin|cost_gap|weighted_normalized_sum|scale_invariant_gap_norm', 'pairwise_margin|delta_rank|mean|weight_mean_normalization', 'pairwise_margin|cost_gap|weighted_normalized_sum|bounded_rational_gate_temp_adapt', 'pairwise_margin|cost_gap|mean|shift_invariant_centering', 'pairwise_margin|cost_gap|mean_pnorm_blend|scale_normalized_weighting', 'pairwise_margin|cost_gap|logsumexp_pool|shift_invariant_centering']
[2026-03-02 20:49:23,768] WARNING:ptp_discovery.pref_loss_coevo: Population fill shortfall at gen=9: proposed_g=0/12 proposed_f=9/12 (seen_g=0 seen_f=93)
[2026-03-02 20:49:23,785] INFO:ptp_discovery.pref_loss_coevo: Gen 9 LLM ops: builders={} (repairs=0) losses={'E1_GENERATE': 3, 'LOSS_PARADIGM_SHIFT': 2, 'LOSS_STRUCTURE_SHIFT': 1, 'LOSS_CONSTRAINT_INJECT': 2, 'E1': 1} (repairs=0) cache={'offline_mode': False, 'cache_path': 'runs/pref_loss_alternating_simple/20260302-110812/llm_cache.jsonl', 'cache_entries': 256, 'cache_hits': 2, 'cache_misses': 11}
[2026-03-02 20:49:23,785] INFO:ptp_discovery.pref_loss_coevo: Gen 9 proxy rollouts skipped: stage1_proxy=0 and stage2_micro_unroll=0
[2026-03-02 20:49:23,820] INFO:ptp_discovery.pref_loss_coevo: Alternating block status: round=0 cycle_pos=9/20 budgets(loss=128,builder=0)
[2026-03-02 20:49:23,822] INFO:ptp_discovery.pref_loss_coevo: Alternating fixed candidates resolved: fixed_g=g_ref fixed_f=f001_005_1378c288
[2026-03-02 20:49:23,822] INFO:ptp_discovery.pref_loss_coevo: Alternating phase=loss fixed_g=g_ref budget=128
[2026-03-02 20:49:23,822] INFO:ptp_discovery.pref_loss_coevo: EVAL_STAGES enabled: stage0_gate=1 stage1_proxy=0 stage2_micro_unroll=0 stage3_high_fidelity=1
[2026-03-02 20:49:23,822] INFO:ptp_discovery.pref_loss_coevo: Alternating phase=builder fixed_f=f001_005_1378c288 budget=0
[2026-03-02 20:49:23,822] INFO:ptp_discovery.pref_loss_coevo: EVAL_STAGES enabled: stage0_gate=1 stage1_proxy=0 stage2_micro_unroll=0 stage3_high_fidelity=1
[2026-03-02 20:49:23,823] INFO:ptp_discovery.pref_loss_coevo: Gate-only eval (proxy disabled) gen=9: pairs=30 cheap_gate_on=True
[2026-03-02 20:49:23,830] INFO:ptp_discovery.pref_loss_coevo: Gate-only progress gen=9: 1/30 caches(rollout=0 pref=0 pair=129)
[2026-03-02 20:49:23,841] INFO:ptp_discovery.free_loss_llm_ops: Loaded LLM cache entries: 256 (runs/pref_loss_alternating_simple/20260302-110812/llm_cache.jsonl)
[2026-03-02 20:50:05,796] INFO:ptp_discovery.free_loss_llm_ops: Loaded LLM cache entries: 259 (runs/pref_loss_alternating_simple/20260302-110812/llm_cache.jsonl)
[2026-03-02 20:50:25,061] INFO:ptp_discovery.free_loss_llm_ops: Loaded LLM cache entries: 260 (runs/pref_loss_alternating_simple/20260302-110812/llm_cache.jsonl)
[2026-03-02 20:51:21,061] INFO:ptp_discovery.pref_loss_coevo: Gate-only progress gen=9: 10/30 caches(rollout=0 pref=0 pair=134)
[2026-03-02 20:51:21,109] INFO:ptp_discovery.free_loss_llm_ops: Loaded LLM cache entries: 263 (runs/pref_loss_alternating_simple/20260302-110812/llm_cache.jsonl)
[2026-03-02 20:51:21,127] INFO:ptp_discovery.free_loss_llm_ops: Loaded LLM cache entries: 263 (runs/pref_loss_alternating_simple/20260302-110812/llm_cache.jsonl)
[2026-03-02 20:51:21,154] INFO:ptp_discovery.free_loss_llm_ops: Loaded LLM cache entries: 263 (runs/pref_loss_alternating_simple/20260302-110812/llm_cache.jsonl)
[2026-03-02 20:51:21,161] INFO:ptp_discovery.pref_loss_coevo: Gate-only progress gen=9: 20/30 caches(rollout=0 pref=0 pair=136)
[2026-03-02 20:51:21,172] INFO:ptp_discovery.free_loss_llm_ops: Loaded LLM cache entries: 263 (runs/pref_loss_alternating_simple/20260302-110812/llm_cache.jsonl)
[2026-03-02 20:51:38,273] INFO:ptp_discovery.free_loss_llm_ops: Loaded LLM cache entries: 264 (runs/pref_loss_alternating_simple/20260302-110812/llm_cache.jsonl)
[2026-03-02 20:51:58,663] INFO:ptp_discovery.free_loss_llm_ops: Loaded LLM cache entries: 265 (runs/pref_loss_alternating_simple/20260302-110812/llm_cache.jsonl)
[2026-03-02 20:51:58,681] INFO:ptp_discovery.free_loss_llm_ops: Loaded LLM cache entries: 265 (runs/pref_loss_alternating_simple/20260302-110812/llm_cache.jsonl)
[2026-03-02 20:51:58,688] INFO:ptp_discovery.pref_loss_coevo: Gate-only progress gen=9: 30/30 caches(rollout=0 pref=0 pair=138)
[2026-03-02 20:51:58,689] INFO:ptp_discovery.pref_loss_coevo: Gate-only eval done gen=9: pairs=30 elapsed_s=154.9 caches(rollout=0 pref=0 pair=138)
[2026-03-02 20:51:58,689] INFO:ptp_discovery.pref_loss_coevo: HF selection gen=9: eligible=20 selected=20 (top_m=999999 ignored)
[2026-03-02 20:51:58,690] INFO:ptp_discovery.pref_loss_coevo: HF device assignment gen=9: {'cuda:0': 5, 'cuda:1': 5, 'cuda:2': 5, 'cuda:3': 5}
[2026-03-02 20:51:58,691] INFO:ptp_discovery.pref_loss_coevo: HF eval gen=9: tasks=20 mp=True procs=4
[2026-03-02 20:51:58,691] INFO:ptp_discovery.pref_loss_coevo: High-fidelity via pinned mp: start_method=spawn processes=4 tasks=20
/data1/gushengda/eam-rl4co/PTP/fitness/free_loss_fidelity.py:52: FutureWarning: You are using `torch.load` with `weights_only=False` (the current default value), which uses the default pickle module implicitly. It is possible to construct malicious pickle data which will execute arbitrary code during unpickling (See https://github.com/pytorch/pytorch/blob/main/SECURITY.md#untrusted-models for more details). In a future release, the default value for `weights_only` will be flipped to `True`. This limits the functions that could be executed during unpickling. Arbitrary objects will no longer be allowed to be loaded via this mode unless they are explicitly allowlisted by the user via `torch.serialization.add_safe_globals`. We recommend you start setting `weights_only=True` for any use case where you don't have full control of the loaded file. Please open an issue on GitHub for any issues related to this experimental feature.
  obj = torch.load(p, map_location="cpu")
/data1/gushengda/eam-rl4co/PTP/fitness/free_loss_fidelity.py:52: FutureWarning: You are using `torch.load` with `weights_only=False` (the current default value), which uses the default pickle module implicitly. It is possible to construct malicious pickle data which will execute arbitrary code during unpickling (See https://github.com/pytorch/pytorch/blob/main/SECURITY.md#untrusted-models for more details). In a future release, the default value for `weights_only` will be flipped to `True`. This limits the functions that could be executed during unpickling. Arbitrary objects will no longer be allowed to be loaded via this mode unless they are explicitly allowlisted by the user via `torch.serialization.add_safe_globals`. We recommend you start setting `weights_only=True` for any use case where you don't have full control of the loaded file. Please open an issue on GitHub for any issues related to this experimental feature.
  obj = torch.load(p, map_location="cpu")
/data1/gushengda/eam-rl4co/PTP/fitness/free_loss_fidelity.py:52: FutureWarning: You are using `torch.load` with `weights_only=False` (the current default value), which uses the default pickle module implicitly. It is possible to construct malicious pickle data which will execute arbitrary code during unpickling (See https://github.com/pytorch/pytorch/blob/main/SECURITY.md#untrusted-models for more details). In a future release, the default value for `weights_only` will be flipped to `True`. This limits the functions that could be executed during unpickling. Arbitrary objects will no longer be allowed to be loaded via this mode unless they are explicitly allowlisted by the user via `torch.serialization.add_safe_globals`. We recommend you start setting `weights_only=True` for any use case where you don't have full control of the loaded file. Please open an issue on GitHub for any issues related to this experimental feature.
  obj = torch.load(p, map_location="cpu")
/data1/gushengda/eam-rl4co/PTP/fitness/free_loss_fidelity.py:52: FutureWarning: You are using `torch.load` with `weights_only=False` (the current default value), which uses the default pickle module implicitly. It is possible to construct malicious pickle data which will execute arbitrary code during unpickling (See https://github.com/pytorch/pytorch/blob/main/SECURITY.md#untrusted-models for more details). In a future release, the default value for `weights_only` will be flipped to `True`. This limits the functions that could be executed during unpickling. Arbitrary objects will no longer be allowed to be loaded via this mode unless they are explicitly allowlisted by the user via `torch.serialization.add_safe_globals`. We recommend you start setting `weights_only=True` for any use case where you don't have full control of the loaded file. Please open an issue on GitHub for any issues related to this experimental feature.
  obj = torch.load(p, map_location="cpu")
/data1/gushengda/eam-rl4co/PTP/fitness/free_loss_fidelity.py:519: FutureWarning: You are using `torch.load` with `weights_only=False` (the current default value), which uses the default pickle module implicitly. It is possible to construct malicious pickle data which will execute arbitrary code during unpickling (See https://github.com/pytorch/pytorch/blob/main/SECURITY.md#untrusted-models for more details). In a future release, the default value for `weights_only` will be flipped to `True`. This limits the functions that could be executed during unpickling. Arbitrary objects will no longer be allowed to be loaded via this mode unless they are explicitly allowlisted by the user via `torch.serialization.add_safe_globals`. We recommend you start setting `weights_only=True` for any use case where you don't have full control of the loaded file. Please open an issue on GitHub for any issues related to this experimental feature.
  ckpt = torch.load(ckpt_path, map_location="cpu")
/data1/gushengda/eam-rl4co/PTP/fitness/free_loss_fidelity.py:519: FutureWarning: You are using `torch.load` with `weights_only=False` (the current default value), which uses the default pickle module implicitly. It is possible to construct malicious pickle data which will execute arbitrary code during unpickling (See https://github.com/pytorch/pytorch/blob/main/SECURITY.md#untrusted-models for more details). In a future release, the default value for `weights_only` will be flipped to `True`. This limits the functions that could be executed during unpickling. Arbitrary objects will no longer be allowed to be loaded via this mode unless they are explicitly allowlisted by the user via `torch.serialization.add_safe_globals`. We recommend you start setting `weights_only=True` for any use case where you don't have full control of the loaded file. Please open an issue on GitHub for any issues related to this experimental feature.
  ckpt = torch.load(ckpt_path, map_location="cpu")
/data1/gushengda/eam-rl4co/PTP/fitness/free_loss_fidelity.py:519: FutureWarning: You are using `torch.load` with `weights_only=False` (the current default value), which uses the default pickle module implicitly. It is possible to construct malicious pickle data which will execute arbitrary code during unpickling (See https://github.com/pytorch/pytorch/blob/main/SECURITY.md#untrusted-models for more details). In a future release, the default value for `weights_only` will be flipped to `True`. This limits the functions that could be executed during unpickling. Arbitrary objects will no longer be allowed to be loaded via this mode unless they are explicitly allowlisted by the user via `torch.serialization.add_safe_globals`. We recommend you start setting `weights_only=True` for any use case where you don't have full control of the loaded file. Please open an issue on GitHub for any issues related to this experimental feature.
  ckpt = torch.load(ckpt_path, map_location="cpu")
/data1/gushengda/eam-rl4co/PTP/fitness/free_loss_fidelity.py:519: FutureWarning: You are using `torch.load` with `weights_only=False` (the current default value), which uses the default pickle module implicitly. It is possible to construct malicious pickle data which will execute arbitrary code during unpickling (See https://github.com/pytorch/pytorch/blob/main/SECURITY.md#untrusted-models for more details). In a future release, the default value for `weights_only` will be flipped to `True`. This limits the functions that could be executed during unpickling. Arbitrary objects will no longer be allowed to be loaded via this mode unless they are explicitly allowlisted by the user via `torch.serialization.add_safe_globals`. We recommend you start setting `weights_only=True` for any use case where you don't have full control of the loaded file. Please open an issue on GitHub for any issues related to this experimental feature.
  ckpt = torch.load(ckpt_path, map_location="cpu")
[2026-03-02 21:09:58,011] INFO:ptp_discovery.pref_loss_coevo: HF vs incumbent gen=9: better=1 worse=19 unknown=0 (ok=20 failed=0) ref=-0.00682822863260905 threshold=-0.012508328820990478
[2026-03-02 21:09:58,014] INFO:ptp_discovery.pref_loss_coevo: HF MF promote gen=9: K200 -> K1000 next_pool=20 (from=20) top_m=32 promote_if_better=True include_incumbent=True
[2026-03-02 21:09:58,015] INFO:ptp_discovery.pref_loss_coevo: HF MF round gen=9: K1000 fidelity=K1000 pool=20 tasks=1 mp=True procs=4 devices={'cuda:0': 1}
/data1/gushengda/eam-rl4co/PTP/fitness/free_loss_fidelity.py:519: FutureWarning: You are using `torch.load` with `weights_only=False` (the current default value), which uses the default pickle module implicitly. It is possible to construct malicious pickle data which will execute arbitrary code during unpickling (See https://github.com/pytorch/pytorch/blob/main/SECURITY.md#untrusted-models for more details). In a future release, the default value for `weights_only` will be flipped to `True`. This limits the functions that could be executed during unpickling. Arbitrary objects will no longer be allowed to be loaded via this mode unless they are explicitly allowlisted by the user via `torch.serialization.add_safe_globals`. We recommend you start setting `weights_only=True` for any use case where you don't have full control of the loaded file. Please open an issue on GitHub for any issues related to this experimental feature.
  ckpt = torch.load(ckpt_path, map_location="cpu")
Population fill shortfall at gen=10: proposed_g=10/12 proposed_f=0/12 (seen_g=10 seen_f=93)
/data1/gushengda/eam-rl4co/PTP/fitness/free_loss_fidelity.py:52: FutureWarning: You are using `torch.load` with `weights_only=False` (the current default value), which uses the default pickle module implicitly. It is possible to construct malicious pickle data which will execute arbitrary code during unpickling (See https://github.com/pytorch/pytorch/blob/main/SECURITY.md#untrusted-models for more details). In a future release, the default value for `weights_only` will be flipped to `True`. This limits the functions that could be executed during unpickling. Arbitrary objects will no longer be allowed to be loaded via this mode unless they are explicitly allowlisted by the user via `torch.serialization.add_safe_globals`. We recommend you start setting `weights_only=True` for any use case where you don't have full control of the loaded file. Please open an issue on GitHub for any issues related to this experimental feature.
  obj = torch.load(p, map_location="cpu")
/data1/gushengda/eam-rl4co/PTP/fitness/free_loss_fidelity.py:52: FutureWarning: You are using `torch.load` with `weights_only=False` (the current default value), which uses the default pickle module implicitly. It is possible to construct malicious pickle data which will execute arbitrary code during unpickling (See https://github.com/pytorch/pytorch/blob/main/SECURITY.md#untrusted-models for more details). In a future release, the default value for `weights_only` will be flipped to `True`. This limits the functions that could be executed during unpickling. Arbitrary objects will no longer be allowed to be loaded via this mode unless they are explicitly allowlisted by the user via `torch.serialization.add_safe_globals`. We recommend you start setting `weights_only=True` for any use case where you don't have full control of the loaded file. Please open an issue on GitHub for any issues related to this experimental feature.
  obj = torch.load(p, map_location="cpu")
/data1/gushengda/eam-rl4co/PTP/fitness/free_loss_fidelity.py:52: FutureWarning: You are using `torch.load` with `weights_only=False` (the current default value), which uses the default pickle module implicitly. It is possible to construct malicious pickle data which will execute arbitrary code during unpickling (See https://github.com/pytorch/pytorch/blob/main/SECURITY.md#untrusted-models for more details). In a future release, the default value for `weights_only` will be flipped to `True`. This limits the functions that could be executed during unpickling. Arbitrary objects will no longer be allowed to be loaded via this mode unless they are explicitly allowlisted by the user via `torch.serialization.add_safe_globals`. We recommend you start setting `weights_only=True` for any use case where you don't have full control of the loaded file. Please open an issue on GitHub for any issues related to this experimental feature.
  obj = torch.load(p, map_location="cpu")
/data1/gushengda/eam-rl4co/PTP/fitness/free_loss_fidelity.py:52: FutureWarning: You are using `torch.load` with `weights_only=False` (the current default value), which uses the default pickle module implicitly. It is possible to construct malicious pickle data which will execute arbitrary code during unpickling (See https://github.com/pytorch/pytorch/blob/main/SECURITY.md#untrusted-models for more details). In a future release, the default value for `weights_only` will be flipped to `True`. This limits the functions that could be executed during unpickling. Arbitrary objects will no longer be allowed to be loaded via this mode unless they are explicitly allowlisted by the user via `torch.serialization.add_safe_globals`. We recommend you start setting `weights_only=True` for any use case where you don't have full control of the loaded file. Please open an issue on GitHub for any issues related to this experimental feature.
  obj = torch.load(p, map_location="cpu")
/data1/gushengda/eam-rl4co/PTP/fitness/free_loss_fidelity.py:519: FutureWarning: You are using `torch.load` with `weights_only=False` (the current default value), which uses the default pickle module implicitly. It is possible to construct malicious pickle data which will execute arbitrary code during unpickling (See https://github.com/pytorch/pytorch/blob/main/SECURITY.md#untrusted-models for more details). In a future release, the default value for `weights_only` will be flipped to `True`. This limits the functions that could be executed during unpickling. Arbitrary objects will no longer be allowed to be loaded via this mode unless they are explicitly allowlisted by the user via `torch.serialization.add_safe_globals`. We recommend you start setting `weights_only=True` for any use case where you don't have full control of the loaded file. Please open an issue on GitHub for any issues related to this experimental feature.
  ckpt = torch.load(ckpt_path, map_location="cpu")
/data1/gushengda/eam-rl4co/PTP/fitness/free_loss_fidelity.py:519: FutureWarning: You are using `torch.load` with `weights_only=False` (the current default value), which uses the default pickle module implicitly. It is possible to construct malicious pickle data which will execute arbitrary code during unpickling (See https://github.com/pytorch/pytorch/blob/main/SECURITY.md#untrusted-models for more details). In a future release, the default value for `weights_only` will be flipped to `True`. This limits the functions that could be executed during unpickling. Arbitrary objects will no longer be allowed to be loaded via this mode unless they are explicitly allowlisted by the user via `torch.serialization.add_safe_globals`. We recommend you start setting `weights_only=True` for any use case where you don't have full control of the loaded file. Please open an issue on GitHub for any issues related to this experimental feature.
  ckpt = torch.load(ckpt_path, map_location="cpu")
/data1/gushengda/eam-rl4co/PTP/fitness/free_loss_fidelity.py:519: FutureWarning: You are using `torch.load` with `weights_only=False` (the current default value), which uses the default pickle module implicitly. It is possible to construct malicious pickle data which will execute arbitrary code during unpickling (See https://github.com/pytorch/pytorch/blob/main/SECURITY.md#untrusted-models for more details). In a future release, the default value for `weights_only` will be flipped to `True`. This limits the functions that could be executed during unpickling. Arbitrary objects will no longer be allowed to be loaded via this mode unless they are explicitly allowlisted by the user via `torch.serialization.add_safe_globals`. We recommend you start setting `weights_only=True` for any use case where you don't have full control of the loaded file. Please open an issue on GitHub for any issues related to this experimental feature.
  ckpt = torch.load(ckpt_path, map_location="cpu")
/data1/gushengda/eam-rl4co/PTP/fitness/free_loss_fidelity.py:519: FutureWarning: You are using `torch.load` with `weights_only=False` (the current default value), which uses the default pickle module implicitly. It is possible to construct malicious pickle data which will execute arbitrary code during unpickling (See https://github.com/pytorch/pytorch/blob/main/SECURITY.md#untrusted-models for more details). In a future release, the default value for `weights_only` will be flipped to `True`. This limits the functions that could be executed during unpickling. Arbitrary objects will no longer be allowed to be loaded via this mode unless they are explicitly allowlisted by the user via `torch.serialization.add_safe_globals`. We recommend you start setting `weights_only=True` for any use case where you don't have full control of the loaded file. Please open an issue on GitHub for any issues related to this experimental feature.
  ckpt = torch.load(ckpt_path, map_location="cpu")
/data1/gushengda/eam-rl4co/PTP/fitness/free_loss_fidelity.py:52: FutureWarning: You are using `torch.load` with `weights_only=False` (the current default value), which uses the default pickle module implicitly. It is possible to construct malicious pickle data which will execute arbitrary code during unpickling (See https://github.com/pytorch/pytorch/blob/main/SECURITY.md#untrusted-models for more details). In a future release, the default value for `weights_only` will be flipped to `True`. This limits the functions that could be executed during unpickling. Arbitrary objects will no longer be allowed to be loaded via this mode unless they are explicitly allowlisted by the user via `torch.serialization.add_safe_globals`. We recommend you start setting `weights_only=True` for any use case where you don't have full control of the loaded file. Please open an issue on GitHub for any issues related to this experimental feature.
  obj = torch.load(p, map_location="cpu")
/data1/gushengda/eam-rl4co/PTP/fitness/free_loss_fidelity.py:52: FutureWarning: You are using `torch.load` with `weights_only=False` (the current default value), which uses the default pickle module implicitly. It is possible to construct malicious pickle data which will execute arbitrary code during unpickling (See https://github.com/pytorch/pytorch/blob/main/SECURITY.md#untrusted-models for more details). In a future release, the default value for `weights_only` will be flipped to `True`. This limits the functions that could be executed during unpickling. Arbitrary objects will no longer be allowed to be loaded via this mode unless they are explicitly allowlisted by the user via `torch.serialization.add_safe_globals`. We recommend you start setting `weights_only=True` for any use case where you don't have full control of the loaded file. Please open an issue on GitHub for any issues related to this experimental feature.
  obj = torch.load(p, map_location="cpu")
/data1/gushengda/eam-rl4co/PTP/fitness/free_loss_fidelity.py:52: FutureWarning: You are using `torch.load` with `weights_only=False` (the current default value), which uses the default pickle module implicitly. It is possible to construct malicious pickle data which will execute arbitrary code during unpickling (See https://github.com/pytorch/pytorch/blob/main/SECURITY.md#untrusted-models for more details). In a future release, the default value for `weights_only` will be flipped to `True`. This limits the functions that could be executed during unpickling. Arbitrary objects will no longer be allowed to be loaded via this mode unless they are explicitly allowlisted by the user via `torch.serialization.add_safe_globals`. We recommend you start setting `weights_only=True` for any use case where you don't have full control of the loaded file. Please open an issue on GitHub for any issues related to this experimental feature.
  obj = torch.load(p, map_location="cpu")
/data1/gushengda/eam-rl4co/PTP/fitness/free_loss_fidelity.py:52: FutureWarning: You are using `torch.load` with `weights_only=False` (the current default value), which uses the default pickle module implicitly. It is possible to construct malicious pickle data which will execute arbitrary code during unpickling (See https://github.com/pytorch/pytorch/blob/main/SECURITY.md#untrusted-models for more details). In a future release, the default value for `weights_only` will be flipped to `True`. This limits the functions that could be executed during unpickling. Arbitrary objects will no longer be allowed to be loaded via this mode unless they are explicitly allowlisted by the user via `torch.serialization.add_safe_globals`. We recommend you start setting `weights_only=True` for any use case where you don't have full control of the loaded file. Please open an issue on GitHub for any issues related to this experimental feature.
  obj = torch.load(p, map_location="cpu")
/data1/gushengda/eam-rl4co/PTP/fitness/free_loss_fidelity.py:519: FutureWarning: You are using `torch.load` with `weights_only=False` (the current default value), which uses the default pickle module implicitly. It is possible to construct malicious pickle data which will execute arbitrary code during unpickling (See https://github.com/pytorch/pytorch/blob/main/SECURITY.md#untrusted-models for more details). In a future release, the default value for `weights_only` will be flipped to `True`. This limits the functions that could be executed during unpickling. Arbitrary objects will no longer be allowed to be loaded via this mode unless they are explicitly allowlisted by the user via `torch.serialization.add_safe_globals`. We recommend you start setting `weights_only=True` for any use case where you don't have full control of the loaded file. Please open an issue on GitHub for any issues related to this experimental feature.
  ckpt = torch.load(ckpt_path, map_location="cpu")
/data1/gushengda/eam-rl4co/PTP/fitness/free_loss_fidelity.py:519: FutureWarning: You are using `torch.load` with `weights_only=False` (the current default value), which uses the default pickle module implicitly. It is possible to construct malicious pickle data which will execute arbitrary code during unpickling (See https://github.com/pytorch/pytorch/blob/main/SECURITY.md#untrusted-models for more details). In a future release, the default value for `weights_only` will be flipped to `True`. This limits the functions that could be executed during unpickling. Arbitrary objects will no longer be allowed to be loaded via this mode unless they are explicitly allowlisted by the user via `torch.serialization.add_safe_globals`. We recommend you start setting `weights_only=True` for any use case where you don't have full control of the loaded file. Please open an issue on GitHub for any issues related to this experimental feature.
  ckpt = torch.load(ckpt_path, map_location="cpu")
/data1/gushengda/eam-rl4co/PTP/fitness/free_loss_fidelity.py:519: FutureWarning: You are using `torch.load` with `weights_only=False` (the current default value), which uses the default pickle module implicitly. It is possible to construct malicious pickle data which will execute arbitrary code during unpickling (See https://github.com/pytorch/pytorch/blob/main/SECURITY.md#untrusted-models for more details). In a future release, the default value for `weights_only` will be flipped to `True`. This limits the functions that could be executed during unpickling. Arbitrary objects will no longer be allowed to be loaded via this mode unless they are explicitly allowlisted by the user via `torch.serialization.add_safe_globals`. We recommend you start setting `weights_only=True` for any use case where you don't have full control of the loaded file. Please open an issue on GitHub for any issues related to this experimental feature.
  ckpt = torch.load(ckpt_path, map_location="cpu")
/data1/gushengda/eam-rl4co/PTP/fitness/free_loss_fidelity.py:519: FutureWarning: You are using `torch.load` with `weights_only=False` (the current default value), which uses the default pickle module implicitly. It is possible to construct malicious pickle data which will execute arbitrary code during unpickling (See https://github.com/pytorch/pytorch/blob/main/SECURITY.md#untrusted-models for more details). In a future release, the default value for `weights_only` will be flipped to `True`. This limits the functions that could be executed during unpickling. Arbitrary objects will no longer be allowed to be loaded via this mode unless they are explicitly allowlisted by the user via `torch.serialization.add_safe_globals`. We recommend you start setting `weights_only=True` for any use case where you don't have full control of the loaded file. Please open an issue on GitHub for any issues related to this experimental feature.
  ckpt = torch.load(ckpt_path, map_location="cpu")
Population fill shortfall at gen=11: proposed_g=9/12 proposed_f=0/12 (seen_g=19 seen_f=93)
/data1/gushengda/eam-rl4co/PTP/fitness/free_loss_fidelity.py:52: FutureWarning: You are using `torch.load` with `weights_only=False` (the current default value), which uses the default pickle module implicitly. It is possible to construct malicious pickle data which will execute arbitrary code during unpickling (See https://github.com/pytorch/pytorch/blob/main/SECURITY.md#untrusted-models for more details). In a future release, the default value for `weights_only` will be flipped to `True`. This limits the functions that could be executed during unpickling. Arbitrary objects will no longer be allowed to be loaded via this mode unless they are explicitly allowlisted by the user via `torch.serialization.add_safe_globals`. We recommend you start setting `weights_only=True` for any use case where you don't have full control of the loaded file. Please open an issue on GitHub for any issues related to this experimental feature.
  obj = torch.load(p, map_location="cpu")
/data1/gushengda/eam-rl4co/PTP/fitness/free_loss_fidelity.py:52: FutureWarning: You are using `torch.load` with `weights_only=False` (the current default value), which uses the default pickle module implicitly. It is possible to construct malicious pickle data which will execute arbitrary code during unpickling (See https://github.com/pytorch/pytorch/blob/main/SECURITY.md#untrusted-models for more details). In a future release, the default value for `weights_only` will be flipped to `True`. This limits the functions that could be executed during unpickling. Arbitrary objects will no longer be allowed to be loaded via this mode unless they are explicitly allowlisted by the user via `torch.serialization.add_safe_globals`. We recommend you start setting `weights_only=True` for any use case where you don't have full control of the loaded file. Please open an issue on GitHub for any issues related to this experimental feature.
  obj = torch.load(p, map_location="cpu")
/data1/gushengda/eam-rl4co/PTP/fitness/free_loss_fidelity.py:52: FutureWarning: You are using `torch.load` with `weights_only=False` (the current default value), which uses the default pickle module implicitly. It is possible to construct malicious pickle data which will execute arbitrary code during unpickling (See https://github.com/pytorch/pytorch/blob/main/SECURITY.md#untrusted-models for more details). In a future release, the default value for `weights_only` will be flipped to `True`. This limits the functions that could be executed during unpickling. Arbitrary objects will no longer be allowed to be loaded via this mode unless they are explicitly allowlisted by the user via `torch.serialization.add_safe_globals`. We recommend you start setting `weights_only=True` for any use case where you don't have full control of the loaded file. Please open an issue on GitHub for any issues related to this experimental feature.
  obj = torch.load(p, map_location="cpu")
/data1/gushengda/eam-rl4co/PTP/fitness/free_loss_fidelity.py:52: FutureWarning: You are using `torch.load` with `weights_only=False` (the current default value), which uses the default pickle module implicitly. It is possible to construct malicious pickle data which will execute arbitrary code during unpickling (See https://github.com/pytorch/pytorch/blob/main/SECURITY.md#untrusted-models for more details). In a future release, the default value for `weights_only` will be flipped to `True`. This limits the functions that could be executed during unpickling. Arbitrary objects will no longer be allowed to be loaded via this mode unless they are explicitly allowlisted by the user via `torch.serialization.add_safe_globals`. We recommend you start setting `weights_only=True` for any use case where you don't have full control of the loaded file. Please open an issue on GitHub for any issues related to this experimental feature.
  obj = torch.load(p, map_location="cpu")
/data1/gushengda/eam-rl4co/PTP/fitness/free_loss_fidelity.py:519: FutureWarning: You are using `torch.load` with `weights_only=False` (the current default value), which uses the default pickle module implicitly. It is possible to construct malicious pickle data which will execute arbitrary code during unpickling (See https://github.com/pytorch/pytorch/blob/main/SECURITY.md#untrusted-models for more details). In a future release, the default value for `weights_only` will be flipped to `True`. This limits the functions that could be executed during unpickling. Arbitrary objects will no longer be allowed to be loaded via this mode unless they are explicitly allowlisted by the user via `torch.serialization.add_safe_globals`. We recommend you start setting `weights_only=True` for any use case where you don't have full control of the loaded file. Please open an issue on GitHub for any issues related to this experimental feature.
  ckpt = torch.load(ckpt_path, map_location="cpu")
/data1/gushengda/eam-rl4co/PTP/fitness/free_loss_fidelity.py:519: FutureWarning: You are using `torch.load` with `weights_only=False` (the current default value), which uses the default pickle module implicitly. It is possible to construct malicious pickle data which will execute arbitrary code during unpickling (See https://github.com/pytorch/pytorch/blob/main/SECURITY.md#untrusted-models for more details). In a future release, the default value for `weights_only` will be flipped to `True`. This limits the functions that could be executed during unpickling. Arbitrary objects will no longer be allowed to be loaded via this mode unless they are explicitly allowlisted by the user via `torch.serialization.add_safe_globals`. We recommend you start setting `weights_only=True` for any use case where you don't have full control of the loaded file. Please open an issue on GitHub for any issues related to this experimental feature.
  ckpt = torch.load(ckpt_path, map_location="cpu")
/data1/gushengda/eam-rl4co/PTP/fitness/free_loss_fidelity.py:519: FutureWarning: You are using `torch.load` with `weights_only=False` (the current default value), which uses the default pickle module implicitly. It is possible to construct malicious pickle data which will execute arbitrary code during unpickling (See https://github.com/pytorch/pytorch/blob/main/SECURITY.md#untrusted-models for more details). In a future release, the default value for `weights_only` will be flipped to `True`. This limits the functions that could be executed during unpickling. Arbitrary objects will no longer be allowed to be loaded via this mode unless they are explicitly allowlisted by the user via `torch.serialization.add_safe_globals`. We recommend you start setting `weights_only=True` for any use case where you don't have full control of the loaded file. Please open an issue on GitHub for any issues related to this experimental feature.
  ckpt = torch.load(ckpt_path, map_location="cpu")
/data1/gushengda/eam-rl4co/PTP/fitness/free_loss_fidelity.py:519: FutureWarning: You are using `torch.load` with `weights_only=False` (the current default value), which uses the default pickle module implicitly. It is possible to construct malicious pickle data which will execute arbitrary code during unpickling (See https://github.com/pytorch/pytorch/blob/main/SECURITY.md#untrusted-models for more details). In a future release, the default value for `weights_only` will be flipped to `True`. This limits the functions that could be executed during unpickling. Arbitrary objects will no longer be allowed to be loaded via this mode unless they are explicitly allowlisted by the user via `torch.serialization.add_safe_globals`. We recommend you start setting `weights_only=True` for any use case where you don't have full control of the loaded file. Please open an issue on GitHub for any issues related to this experimental feature.
  ckpt = torch.load(ckpt_path, map_location="cpu")
/data1/gushengda/eam-rl4co/PTP/fitness/free_loss_fidelity.py:52: FutureWarning: You are using `torch.load` with `weights_only=False` (the current default value), which uses the default pickle module implicitly. It is possible to construct malicious pickle data which will execute arbitrary code during unpickling (See https://github.com/pytorch/pytorch/blob/main/SECURITY.md#untrusted-models for more details). In a future release, the default value for `weights_only` will be flipped to `True`. This limits the functions that could be executed during unpickling. Arbitrary objects will no longer be allowed to be loaded via this mode unless they are explicitly allowlisted by the user via `torch.serialization.add_safe_globals`. We recommend you start setting `weights_only=True` for any use case where you don't have full control of the loaded file. Please open an issue on GitHub for any issues related to this experimental feature.
  obj = torch.load(p, map_location="cpu")
/data1/gushengda/eam-rl4co/PTP/fitness/free_loss_fidelity.py:52: FutureWarning: You are using `torch.load` with `weights_only=False` (the current default value), which uses the default pickle module implicitly. It is possible to construct malicious pickle data which will execute arbitrary code during unpickling (See https://github.com/pytorch/pytorch/blob/main/SECURITY.md#untrusted-models for more details). In a future release, the default value for `weights_only` will be flipped to `True`. This limits the functions that could be executed during unpickling. Arbitrary objects will no longer be allowed to be loaded via this mode unless they are explicitly allowlisted by the user via `torch.serialization.add_safe_globals`. We recommend you start setting `weights_only=True` for any use case where you don't have full control of the loaded file. Please open an issue on GitHub for any issues related to this experimental feature.
  obj = torch.load(p, map_location="cpu")
/data1/gushengda/eam-rl4co/PTP/fitness/free_loss_fidelity.py:52: FutureWarning: You are using `torch.load` with `weights_only=False` (the current default value), which uses the default pickle module implicitly. It is possible to construct malicious pickle data which will execute arbitrary code during unpickling (See https://github.com/pytorch/pytorch/blob/main/SECURITY.md#untrusted-models for more details). In a future release, the default value for `weights_only` will be flipped to `True`. This limits the functions that could be executed during unpickling. Arbitrary objects will no longer be allowed to be loaded via this mode unless they are explicitly allowlisted by the user via `torch.serialization.add_safe_globals`. We recommend you start setting `weights_only=True` for any use case where you don't have full control of the loaded file. Please open an issue on GitHub for any issues related to this experimental feature.
  obj = torch.load(p, map_location="cpu")
/data1/gushengda/eam-rl4co/PTP/fitness/free_loss_fidelity.py:52: FutureWarning: You are using `torch.load` with `weights_only=False` (the current default value), which uses the default pickle module implicitly. It is possible to construct malicious pickle data which will execute arbitrary code during unpickling (See https://github.com/pytorch/pytorch/blob/main/SECURITY.md#untrusted-models for more details). In a future release, the default value for `weights_only` will be flipped to `True`. This limits the functions that could be executed during unpickling. Arbitrary objects will no longer be allowed to be loaded via this mode unless they are explicitly allowlisted by the user via `torch.serialization.add_safe_globals`. We recommend you start setting `weights_only=True` for any use case where you don't have full control of the loaded file. Please open an issue on GitHub for any issues related to this experimental feature.
  obj = torch.load(p, map_location="cpu")
/data1/gushengda/eam-rl4co/PTP/fitness/free_loss_fidelity.py:519: FutureWarning: You are using `torch.load` with `weights_only=False` (the current default value), which uses the default pickle module implicitly. It is possible to construct malicious pickle data which will execute arbitrary code during unpickling (See https://github.com/pytorch/pytorch/blob/main/SECURITY.md#untrusted-models for more details). In a future release, the default value for `weights_only` will be flipped to `True`. This limits the functions that could be executed during unpickling. Arbitrary objects will no longer be allowed to be loaded via this mode unless they are explicitly allowlisted by the user via `torch.serialization.add_safe_globals`. We recommend you start setting `weights_only=True` for any use case where you don't have full control of the loaded file. Please open an issue on GitHub for any issues related to this experimental feature.
  ckpt = torch.load(ckpt_path, map_location="cpu")
/data1/gushengda/eam-rl4co/PTP/fitness/free_loss_fidelity.py:519: FutureWarning: You are using `torch.load` with `weights_only=False` (the current default value), which uses the default pickle module implicitly. It is possible to construct malicious pickle data which will execute arbitrary code during unpickling (See https://github.com/pytorch/pytorch/blob/main/SECURITY.md#untrusted-models for more details). In a future release, the default value for `weights_only` will be flipped to `True`. This limits the functions that could be executed during unpickling. Arbitrary objects will no longer be allowed to be loaded via this mode unless they are explicitly allowlisted by the user via `torch.serialization.add_safe_globals`. We recommend you start setting `weights_only=True` for any use case where you don't have full control of the loaded file. Please open an issue on GitHub for any issues related to this experimental feature.
  ckpt = torch.load(ckpt_path, map_location="cpu")
/data1/gushengda/eam-rl4co/PTP/fitness/free_loss_fidelity.py:519: FutureWarning: You are using `torch.load` with `weights_only=False` (the current default value), which uses the default pickle module implicitly. It is possible to construct malicious pickle data which will execute arbitrary code during unpickling (See https://github.com/pytorch/pytorch/blob/main/SECURITY.md#untrusted-models for more details). In a future release, the default value for `weights_only` will be flipped to `True`. This limits the functions that could be executed during unpickling. Arbitrary objects will no longer be allowed to be loaded via this mode unless they are explicitly allowlisted by the user via `torch.serialization.add_safe_globals`. We recommend you start setting `weights_only=True` for any use case where you don't have full control of the loaded file. Please open an issue on GitHub for any issues related to this experimental feature.
  ckpt = torch.load(ckpt_path, map_location="cpu")
/data1/gushengda/eam-rl4co/PTP/fitness/free_loss_fidelity.py:519: FutureWarning: You are using `torch.load` with `weights_only=False` (the current default value), which uses the default pickle module implicitly. It is possible to construct malicious pickle data which will execute arbitrary code during unpickling (See https://github.com/pytorch/pytorch/blob/main/SECURITY.md#untrusted-models for more details). In a future release, the default value for `weights_only` will be flipped to `True`. This limits the functions that could be executed during unpickling. Arbitrary objects will no longer be allowed to be loaded via this mode unless they are explicitly allowlisted by the user via `torch.serialization.add_safe_globals`. We recommend you start setting `weights_only=True` for any use case where you don't have full control of the loaded file. Please open an issue on GitHub for any issues related to this experimental feature.
  ckpt = torch.load(ckpt_path, map_location="cpu")
Population fill shortfall at gen=12: proposed_g=9/12 proposed_f=0/12 (seen_g=28 seen_f=93)
/data1/gushengda/eam-rl4co/PTP/fitness/free_loss_fidelity.py:52: FutureWarning: You are using `torch.load` with `weights_only=False` (the current default value), which uses the default pickle module implicitly. It is possible to construct malicious pickle data which will execute arbitrary code during unpickling (See https://github.com/pytorch/pytorch/blob/main/SECURITY.md#untrusted-models for more details). In a future release, the default value for `weights_only` will be flipped to `True`. This limits the functions that could be executed during unpickling. Arbitrary objects will no longer be allowed to be loaded via this mode unless they are explicitly allowlisted by the user via `torch.serialization.add_safe_globals`. We recommend you start setting `weights_only=True` for any use case where you don't have full control of the loaded file. Please open an issue on GitHub for any issues related to this experimental feature.
  obj = torch.load(p, map_location="cpu")
/data1/gushengda/eam-rl4co/PTP/fitness/free_loss_fidelity.py:52: FutureWarning: You are using `torch.load` with `weights_only=False` (the current default value), which uses the default pickle module implicitly. It is possible to construct malicious pickle data which will execute arbitrary code during unpickling (See https://github.com/pytorch/pytorch/blob/main/SECURITY.md#untrusted-models for more details). In a future release, the default value for `weights_only` will be flipped to `True`. This limits the functions that could be executed during unpickling. Arbitrary objects will no longer be allowed to be loaded via this mode unless they are explicitly allowlisted by the user via `torch.serialization.add_safe_globals`. We recommend you start setting `weights_only=True` for any use case where you don't have full control of the loaded file. Please open an issue on GitHub for any issues related to this experimental feature.
  obj = torch.load(p, map_location="cpu")
/data1/gushengda/eam-rl4co/PTP/fitness/free_loss_fidelity.py:52: FutureWarning: You are using `torch.load` with `weights_only=False` (the current default value), which uses the default pickle module implicitly. It is possible to construct malicious pickle data which will execute arbitrary code during unpickling (See https://github.com/pytorch/pytorch/blob/main/SECURITY.md#untrusted-models for more details). In a future release, the default value for `weights_only` will be flipped to `True`. This limits the functions that could be executed during unpickling. Arbitrary objects will no longer be allowed to be loaded via this mode unless they are explicitly allowlisted by the user via `torch.serialization.add_safe_globals`. We recommend you start setting `weights_only=True` for any use case where you don't have full control of the loaded file. Please open an issue on GitHub for any issues related to this experimental feature.
  obj = torch.load(p, map_location="cpu")
/data1/gushengda/eam-rl4co/PTP/fitness/free_loss_fidelity.py:52: FutureWarning: You are using `torch.load` with `weights_only=False` (the current default value), which uses the default pickle module implicitly. It is possible to construct malicious pickle data which will execute arbitrary code during unpickling (See https://github.com/pytorch/pytorch/blob/main/SECURITY.md#untrusted-models for more details). In a future release, the default value for `weights_only` will be flipped to `True`. This limits the functions that could be executed during unpickling. Arbitrary objects will no longer be allowed to be loaded via this mode unless they are explicitly allowlisted by the user via `torch.serialization.add_safe_globals`. We recommend you start setting `weights_only=True` for any use case where you don't have full control of the loaded file. Please open an issue on GitHub for any issues related to this experimental feature.
  obj = torch.load(p, map_location="cpu")
/data1/gushengda/eam-rl4co/PTP/fitness/free_loss_fidelity.py:519: FutureWarning: You are using `torch.load` with `weights_only=False` (the current default value), which uses the default pickle module implicitly. It is possible to construct malicious pickle data which will execute arbitrary code during unpickling (See https://github.com/pytorch/pytorch/blob/main/SECURITY.md#untrusted-models for more details). In a future release, the default value for `weights_only` will be flipped to `True`. This limits the functions that could be executed during unpickling. Arbitrary objects will no longer be allowed to be loaded via this mode unless they are explicitly allowlisted by the user via `torch.serialization.add_safe_globals`. We recommend you start setting `weights_only=True` for any use case where you don't have full control of the loaded file. Please open an issue on GitHub for any issues related to this experimental feature.
  ckpt = torch.load(ckpt_path, map_location="cpu")
/data1/gushengda/eam-rl4co/PTP/fitness/free_loss_fidelity.py:519: FutureWarning: You are using `torch.load` with `weights_only=False` (the current default value), which uses the default pickle module implicitly. It is possible to construct malicious pickle data which will execute arbitrary code during unpickling (See https://github.com/pytorch/pytorch/blob/main/SECURITY.md#untrusted-models for more details). In a future release, the default value for `weights_only` will be flipped to `True`. This limits the functions that could be executed during unpickling. Arbitrary objects will no longer be allowed to be loaded via this mode unless they are explicitly allowlisted by the user via `torch.serialization.add_safe_globals`. We recommend you start setting `weights_only=True` for any use case where you don't have full control of the loaded file. Please open an issue on GitHub for any issues related to this experimental feature.
  ckpt = torch.load(ckpt_path, map_location="cpu")
/data1/gushengda/eam-rl4co/PTP/fitness/free_loss_fidelity.py:519: FutureWarning: You are using `torch.load` with `weights_only=False` (the current default value), which uses the default pickle module implicitly. It is possible to construct malicious pickle data which will execute arbitrary code during unpickling (See https://github.com/pytorch/pytorch/blob/main/SECURITY.md#untrusted-models for more details). In a future release, the default value for `weights_only` will be flipped to `True`. This limits the functions that could be executed during unpickling. Arbitrary objects will no longer be allowed to be loaded via this mode unless they are explicitly allowlisted by the user via `torch.serialization.add_safe_globals`. We recommend you start setting `weights_only=True` for any use case where you don't have full control of the loaded file. Please open an issue on GitHub for any issues related to this experimental feature.
  ckpt = torch.load(ckpt_path, map_location="cpu")
/data1/gushengda/eam-rl4co/PTP/fitness/free_loss_fidelity.py:519: FutureWarning: You are using `torch.load` with `weights_only=False` (the current default value), which uses the default pickle module implicitly. It is possible to construct malicious pickle data which will execute arbitrary code during unpickling (See https://github.com/pytorch/pytorch/blob/main/SECURITY.md#untrusted-models for more details). In a future release, the default value for `weights_only` will be flipped to `True`. This limits the functions that could be executed during unpickling. Arbitrary objects will no longer be allowed to be loaded via this mode unless they are explicitly allowlisted by the user via `torch.serialization.add_safe_globals`. We recommend you start setting `weights_only=True` for any use case where you don't have full control of the loaded file. Please open an issue on GitHub for any issues related to this experimental feature.
  ckpt = torch.load(ckpt_path, map_location="cpu")
/data1/gushengda/eam-rl4co/PTP/fitness/free_loss_fidelity.py:52: FutureWarning: You are using `torch.load` with `weights_only=False` (the current default value), which uses the default pickle module implicitly. It is possible to construct malicious pickle data which will execute arbitrary code during unpickling (See https://github.com/pytorch/pytorch/blob/main/SECURITY.md#untrusted-models for more details). In a future release, the default value for `weights_only` will be flipped to `True`. This limits the functions that could be executed during unpickling. Arbitrary objects will no longer be allowed to be loaded via this mode unless they are explicitly allowlisted by the user via `torch.serialization.add_safe_globals`. We recommend you start setting `weights_only=True` for any use case where you don't have full control of the loaded file. Please open an issue on GitHub for any issues related to this experimental feature.
  obj = torch.load(p, map_location="cpu")
/data1/gushengda/eam-rl4co/PTP/fitness/free_loss_fidelity.py:52: FutureWarning: You are using `torch.load` with `weights_only=False` (the current default value), which uses the default pickle module implicitly. It is possible to construct malicious pickle data which will execute arbitrary code during unpickling (See https://github.com/pytorch/pytorch/blob/main/SECURITY.md#untrusted-models for more details). In a future release, the default value for `weights_only` will be flipped to `True`. This limits the functions that could be executed during unpickling. Arbitrary objects will no longer be allowed to be loaded via this mode unless they are explicitly allowlisted by the user via `torch.serialization.add_safe_globals`. We recommend you start setting `weights_only=True` for any use case where you don't have full control of the loaded file. Please open an issue on GitHub for any issues related to this experimental feature.
  obj = torch.load(p, map_location="cpu")
/data1/gushengda/eam-rl4co/PTP/fitness/free_loss_fidelity.py:52: FutureWarning: You are using `torch.load` with `weights_only=False` (the current default value), which uses the default pickle module implicitly. It is possible to construct malicious pickle data which will execute arbitrary code during unpickling (See https://github.com/pytorch/pytorch/blob/main/SECURITY.md#untrusted-models for more details). In a future release, the default value for `weights_only` will be flipped to `True`. This limits the functions that could be executed during unpickling. Arbitrary objects will no longer be allowed to be loaded via this mode unless they are explicitly allowlisted by the user via `torch.serialization.add_safe_globals`. We recommend you start setting `weights_only=True` for any use case where you don't have full control of the loaded file. Please open an issue on GitHub for any issues related to this experimental feature.
  obj = torch.load(p, map_location="cpu")
/data1/gushengda/eam-rl4co/PTP/fitness/free_loss_fidelity.py:52: FutureWarning: You are using `torch.load` with `weights_only=False` (the current default value), which uses the default pickle module implicitly. It is possible to construct malicious pickle data which will execute arbitrary code during unpickling (See https://github.com/pytorch/pytorch/blob/main/SECURITY.md#untrusted-models for more details). In a future release, the default value for `weights_only` will be flipped to `True`. This limits the functions that could be executed during unpickling. Arbitrary objects will no longer be allowed to be loaded via this mode unless they are explicitly allowlisted by the user via `torch.serialization.add_safe_globals`. We recommend you start setting `weights_only=True` for any use case where you don't have full control of the loaded file. Please open an issue on GitHub for any issues related to this experimental feature.
  obj = torch.load(p, map_location="cpu")
/data1/gushengda/eam-rl4co/PTP/fitness/free_loss_fidelity.py:519: FutureWarning: You are using `torch.load` with `weights_only=False` (the current default value), which uses the default pickle module implicitly. It is possible to construct malicious pickle data which will execute arbitrary code during unpickling (See https://github.com/pytorch/pytorch/blob/main/SECURITY.md#untrusted-models for more details). In a future release, the default value for `weights_only` will be flipped to `True`. This limits the functions that could be executed during unpickling. Arbitrary objects will no longer be allowed to be loaded via this mode unless they are explicitly allowlisted by the user via `torch.serialization.add_safe_globals`. We recommend you start setting `weights_only=True` for any use case where you don't have full control of the loaded file. Please open an issue on GitHub for any issues related to this experimental feature.
  ckpt = torch.load(ckpt_path, map_location="cpu")
/data1/gushengda/eam-rl4co/PTP/fitness/free_loss_fidelity.py:519: FutureWarning: You are using `torch.load` with `weights_only=False` (the current default value), which uses the default pickle module implicitly. It is possible to construct malicious pickle data which will execute arbitrary code during unpickling (See https://github.com/pytorch/pytorch/blob/main/SECURITY.md#untrusted-models for more details). In a future release, the default value for `weights_only` will be flipped to `True`. This limits the functions that could be executed during unpickling. Arbitrary objects will no longer be allowed to be loaded via this mode unless they are explicitly allowlisted by the user via `torch.serialization.add_safe_globals`. We recommend you start setting `weights_only=True` for any use case where you don't have full control of the loaded file. Please open an issue on GitHub for any issues related to this experimental feature.
  ckpt = torch.load(ckpt_path, map_location="cpu")
/data1/gushengda/eam-rl4co/PTP/fitness/free_loss_fidelity.py:519: FutureWarning: You are using `torch.load` with `weights_only=False` (the current default value), which uses the default pickle module implicitly. It is possible to construct malicious pickle data which will execute arbitrary code during unpickling (See https://github.com/pytorch/pytorch/blob/main/SECURITY.md#untrusted-models for more details). In a future release, the default value for `weights_only` will be flipped to `True`. This limits the functions that could be executed during unpickling. Arbitrary objects will no longer be allowed to be loaded via this mode unless they are explicitly allowlisted by the user via `torch.serialization.add_safe_globals`. We recommend you start setting `weights_only=True` for any use case where you don't have full control of the loaded file. Please open an issue on GitHub for any issues related to this experimental feature.
  ckpt = torch.load(ckpt_path, map_location="cpu")
/data1/gushengda/eam-rl4co/PTP/fitness/free_loss_fidelity.py:519: FutureWarning: You are using `torch.load` with `weights_only=False` (the current default value), which uses the default pickle module implicitly. It is possible to construct malicious pickle data which will execute arbitrary code during unpickling (See https://github.com/pytorch/pytorch/blob/main/SECURITY.md#untrusted-models for more details). In a future release, the default value for `weights_only` will be flipped to `True`. This limits the functions that could be executed during unpickling. Arbitrary objects will no longer be allowed to be loaded via this mode unless they are explicitly allowlisted by the user via `torch.serialization.add_safe_globals`. We recommend you start setting `weights_only=True` for any use case where you don't have full control of the loaded file. Please open an issue on GitHub for any issues related to this experimental feature.
  ckpt = torch.load(ckpt_path, map_location="cpu")
Population fill shortfall at gen=13: proposed_g=9/12 proposed_f=0/12 (seen_g=37 seen_f=93)
/data1/gushengda/eam-rl4co/PTP/fitness/free_loss_fidelity.py:52: FutureWarning: You are using `torch.load` with `weights_only=False` (the current default value), which uses the default pickle module implicitly. It is possible to construct malicious pickle data which will execute arbitrary code during unpickling (See https://github.com/pytorch/pytorch/blob/main/SECURITY.md#untrusted-models for more details). In a future release, the default value for `weights_only` will be flipped to `True`. This limits the functions that could be executed during unpickling. Arbitrary objects will no longer be allowed to be loaded via this mode unless they are explicitly allowlisted by the user via `torch.serialization.add_safe_globals`. We recommend you start setting `weights_only=True` for any use case where you don't have full control of the loaded file. Please open an issue on GitHub for any issues related to this experimental feature.
  obj = torch.load(p, map_location="cpu")
/data1/gushengda/eam-rl4co/PTP/fitness/free_loss_fidelity.py:52: FutureWarning: You are using `torch.load` with `weights_only=False` (the current default value), which uses the default pickle module implicitly. It is possible to construct malicious pickle data which will execute arbitrary code during unpickling (See https://github.com/pytorch/pytorch/blob/main/SECURITY.md#untrusted-models for more details). In a future release, the default value for `weights_only` will be flipped to `True`. This limits the functions that could be executed during unpickling. Arbitrary objects will no longer be allowed to be loaded via this mode unless they are explicitly allowlisted by the user via `torch.serialization.add_safe_globals`. We recommend you start setting `weights_only=True` for any use case where you don't have full control of the loaded file. Please open an issue on GitHub for any issues related to this experimental feature.
  obj = torch.load(p, map_location="cpu")
/data1/gushengda/eam-rl4co/PTP/fitness/free_loss_fidelity.py:52: FutureWarning: You are using `torch.load` with `weights_only=False` (the current default value), which uses the default pickle module implicitly. It is possible to construct malicious pickle data which will execute arbitrary code during unpickling (See https://github.com/pytorch/pytorch/blob/main/SECURITY.md#untrusted-models for more details). In a future release, the default value for `weights_only` will be flipped to `True`. This limits the functions that could be executed during unpickling. Arbitrary objects will no longer be allowed to be loaded via this mode unless they are explicitly allowlisted by the user via `torch.serialization.add_safe_globals`. We recommend you start setting `weights_only=True` for any use case where you don't have full control of the loaded file. Please open an issue on GitHub for any issues related to this experimental feature.
  obj = torch.load(p, map_location="cpu")
/data1/gushengda/eam-rl4co/PTP/fitness/free_loss_fidelity.py:52: FutureWarning: You are using `torch.load` with `weights_only=False` (the current default value), which uses the default pickle module implicitly. It is possible to construct malicious pickle data which will execute arbitrary code during unpickling (See https://github.com/pytorch/pytorch/blob/main/SECURITY.md#untrusted-models for more details). In a future release, the default value for `weights_only` will be flipped to `True`. This limits the functions that could be executed during unpickling. Arbitrary objects will no longer be allowed to be loaded via this mode unless they are explicitly allowlisted by the user via `torch.serialization.add_safe_globals`. We recommend you start setting `weights_only=True` for any use case where you don't have full control of the loaded file. Please open an issue on GitHub for any issues related to this experimental feature.
  obj = torch.load(p, map_location="cpu")
/data1/gushengda/eam-rl4co/PTP/fitness/free_loss_fidelity.py:519: FutureWarning: You are using `torch.load` with `weights_only=False` (the current default value), which uses the default pickle module implicitly. It is possible to construct malicious pickle data which will execute arbitrary code during unpickling (See https://github.com/pytorch/pytorch/blob/main/SECURITY.md#untrusted-models for more details). In a future release, the default value for `weights_only` will be flipped to `True`. This limits the functions that could be executed during unpickling. Arbitrary objects will no longer be allowed to be loaded via this mode unless they are explicitly allowlisted by the user via `torch.serialization.add_safe_globals`. We recommend you start setting `weights_only=True` for any use case where you don't have full control of the loaded file. Please open an issue on GitHub for any issues related to this experimental feature.
  ckpt = torch.load(ckpt_path, map_location="cpu")
/data1/gushengda/eam-rl4co/PTP/fitness/free_loss_fidelity.py:519: FutureWarning: You are using `torch.load` with `weights_only=False` (the current default value), which uses the default pickle module implicitly. It is possible to construct malicious pickle data which will execute arbitrary code during unpickling (See https://github.com/pytorch/pytorch/blob/main/SECURITY.md#untrusted-models for more details). In a future release, the default value for `weights_only` will be flipped to `True`. This limits the functions that could be executed during unpickling. Arbitrary objects will no longer be allowed to be loaded via this mode unless they are explicitly allowlisted by the user via `torch.serialization.add_safe_globals`. We recommend you start setting `weights_only=True` for any use case where you don't have full control of the loaded file. Please open an issue on GitHub for any issues related to this experimental feature.
  ckpt = torch.load(ckpt_path, map_location="cpu")
/data1/gushengda/eam-rl4co/PTP/fitness/free_loss_fidelity.py:519: FutureWarning: You are using `torch.load` with `weights_only=False` (the current default value), which uses the default pickle module implicitly. It is possible to construct malicious pickle data which will execute arbitrary code during unpickling (See https://github.com/pytorch/pytorch/blob/main/SECURITY.md#untrusted-models for more details). In a future release, the default value for `weights_only` will be flipped to `True`. This limits the functions that could be executed during unpickling. Arbitrary objects will no longer be allowed to be loaded via this mode unless they are explicitly allowlisted by the user via `torch.serialization.add_safe_globals`. We recommend you start setting `weights_only=True` for any use case where you don't have full control of the loaded file. Please open an issue on GitHub for any issues related to this experimental feature.
  ckpt = torch.load(ckpt_path, map_location="cpu")
/data1/gushengda/eam-rl4co/PTP/fitness/free_loss_fidelity.py:519: FutureWarning: You are using `torch.load` with `weights_only=False` (the current default value), which uses the default pickle module implicitly. It is possible to construct malicious pickle data which will execute arbitrary code during unpickling (See https://github.com/pytorch/pytorch/blob/main/SECURITY.md#untrusted-models for more details). In a future release, the default value for `weights_only` will be flipped to `True`. This limits the functions that could be executed during unpickling. Arbitrary objects will no longer be allowed to be loaded via this mode unless they are explicitly allowlisted by the user via `torch.serialization.add_safe_globals`. We recommend you start setting `weights_only=True` for any use case where you don't have full control of the loaded file. Please open an issue on GitHub for any issues related to this experimental feature.
  ckpt = torch.load(ckpt_path, map_location="cpu")
/data1/gushengda/eam-rl4co/PTP/fitness/free_loss_fidelity.py:52: FutureWarning: You are using `torch.load` with `weights_only=False` (the current default value), which uses the default pickle module implicitly. It is possible to construct malicious pickle data which will execute arbitrary code during unpickling (See https://github.com/pytorch/pytorch/blob/main/SECURITY.md#untrusted-models for more details). In a future release, the default value for `weights_only` will be flipped to `True`. This limits the functions that could be executed during unpickling. Arbitrary objects will no longer be allowed to be loaded via this mode unless they are explicitly allowlisted by the user via `torch.serialization.add_safe_globals`. We recommend you start setting `weights_only=True` for any use case where you don't have full control of the loaded file. Please open an issue on GitHub for any issues related to this experimental feature.
  obj = torch.load(p, map_location="cpu")
/data1/gushengda/eam-rl4co/PTP/fitness/free_loss_fidelity.py:52: FutureWarning: You are using `torch.load` with `weights_only=False` (the current default value), which uses the default pickle module implicitly. It is possible to construct malicious pickle data which will execute arbitrary code during unpickling (See https://github.com/pytorch/pytorch/blob/main/SECURITY.md#untrusted-models for more details). In a future release, the default value for `weights_only` will be flipped to `True`. This limits the functions that could be executed during unpickling. Arbitrary objects will no longer be allowed to be loaded via this mode unless they are explicitly allowlisted by the user via `torch.serialization.add_safe_globals`. We recommend you start setting `weights_only=True` for any use case where you don't have full control of the loaded file. Please open an issue on GitHub for any issues related to this experimental feature.
  obj = torch.load(p, map_location="cpu")
/data1/gushengda/eam-rl4co/PTP/fitness/free_loss_fidelity.py:52: FutureWarning: You are using `torch.load` with `weights_only=False` (the current default value), which uses the default pickle module implicitly. It is possible to construct malicious pickle data which will execute arbitrary code during unpickling (See https://github.com/pytorch/pytorch/blob/main/SECURITY.md#untrusted-models for more details). In a future release, the default value for `weights_only` will be flipped to `True`. This limits the functions that could be executed during unpickling. Arbitrary objects will no longer be allowed to be loaded via this mode unless they are explicitly allowlisted by the user via `torch.serialization.add_safe_globals`. We recommend you start setting `weights_only=True` for any use case where you don't have full control of the loaded file. Please open an issue on GitHub for any issues related to this experimental feature.
  obj = torch.load(p, map_location="cpu")
/data1/gushengda/eam-rl4co/PTP/fitness/free_loss_fidelity.py:52: FutureWarning: You are using `torch.load` with `weights_only=False` (the current default value), which uses the default pickle module implicitly. It is possible to construct malicious pickle data which will execute arbitrary code during unpickling (See https://github.com/pytorch/pytorch/blob/main/SECURITY.md#untrusted-models for more details). In a future release, the default value for `weights_only` will be flipped to `True`. This limits the functions that could be executed during unpickling. Arbitrary objects will no longer be allowed to be loaded via this mode unless they are explicitly allowlisted by the user via `torch.serialization.add_safe_globals`. We recommend you start setting `weights_only=True` for any use case where you don't have full control of the loaded file. Please open an issue on GitHub for any issues related to this experimental feature.
  obj = torch.load(p, map_location="cpu")
/data1/gushengda/eam-rl4co/PTP/fitness/free_loss_fidelity.py:519: FutureWarning: You are using `torch.load` with `weights_only=False` (the current default value), which uses the default pickle module implicitly. It is possible to construct malicious pickle data which will execute arbitrary code during unpickling (See https://github.com/pytorch/pytorch/blob/main/SECURITY.md#untrusted-models for more details). In a future release, the default value for `weights_only` will be flipped to `True`. This limits the functions that could be executed during unpickling. Arbitrary objects will no longer be allowed to be loaded via this mode unless they are explicitly allowlisted by the user via `torch.serialization.add_safe_globals`. We recommend you start setting `weights_only=True` for any use case where you don't have full control of the loaded file. Please open an issue on GitHub for any issues related to this experimental feature.
  ckpt = torch.load(ckpt_path, map_location="cpu")
/data1/gushengda/eam-rl4co/PTP/fitness/free_loss_fidelity.py:519: FutureWarning: You are using `torch.load` with `weights_only=False` (the current default value), which uses the default pickle module implicitly. It is possible to construct malicious pickle data which will execute arbitrary code during unpickling (See https://github.com/pytorch/pytorch/blob/main/SECURITY.md#untrusted-models for more details). In a future release, the default value for `weights_only` will be flipped to `True`. This limits the functions that could be executed during unpickling. Arbitrary objects will no longer be allowed to be loaded via this mode unless they are explicitly allowlisted by the user via `torch.serialization.add_safe_globals`. We recommend you start setting `weights_only=True` for any use case where you don't have full control of the loaded file. Please open an issue on GitHub for any issues related to this experimental feature.
  ckpt = torch.load(ckpt_path, map_location="cpu")
/data1/gushengda/eam-rl4co/PTP/fitness/free_loss_fidelity.py:519: FutureWarning: You are using `torch.load` with `weights_only=False` (the current default value), which uses the default pickle module implicitly. It is possible to construct malicious pickle data which will execute arbitrary code during unpickling (See https://github.com/pytorch/pytorch/blob/main/SECURITY.md#untrusted-models for more details). In a future release, the default value for `weights_only` will be flipped to `True`. This limits the functions that could be executed during unpickling. Arbitrary objects will no longer be allowed to be loaded via this mode unless they are explicitly allowlisted by the user via `torch.serialization.add_safe_globals`. We recommend you start setting `weights_only=True` for any use case where you don't have full control of the loaded file. Please open an issue on GitHub for any issues related to this experimental feature.
  ckpt = torch.load(ckpt_path, map_location="cpu")
/data1/gushengda/eam-rl4co/PTP/fitness/free_loss_fidelity.py:519: FutureWarning: You are using `torch.load` with `weights_only=False` (the current default value), which uses the default pickle module implicitly. It is possible to construct malicious pickle data which will execute arbitrary code during unpickling (See https://github.com/pytorch/pytorch/blob/main/SECURITY.md#untrusted-models for more details). In a future release, the default value for `weights_only` will be flipped to `True`. This limits the functions that could be executed during unpickling. Arbitrary objects will no longer be allowed to be loaded via this mode unless they are explicitly allowlisted by the user via `torch.serialization.add_safe_globals`. We recommend you start setting `weights_only=True` for any use case where you don't have full control of the loaded file. Please open an issue on GitHub for any issues related to this experimental feature.
  ckpt = torch.load(ckpt_path, map_location="cpu")
LLM call failed (attempt 1/6, model=gpt-5.2): Request timed out.; retrying in 0.8s
LLM call failed (attempt 2/6, model=gpt-5.2): Request timed out.; retrying in 2.1s
Population fill shortfall at gen=14: proposed_g=9/12 proposed_f=0/12 (seen_g=46 seen_f=93)
/data1/gushengda/eam-rl4co/PTP/fitness/free_loss_fidelity.py:52: FutureWarning: You are using `torch.load` with `weights_only=False` (the current default value), which uses the default pickle module implicitly. It is possible to construct malicious pickle data which will execute arbitrary code during unpickling (See https://github.com/pytorch/pytorch/blob/main/SECURITY.md#untrusted-models for more details). In a future release, the default value for `weights_only` will be flipped to `True`. This limits the functions that could be executed during unpickling. Arbitrary objects will no longer be allowed to be loaded via this mode unless they are explicitly allowlisted by the user via `torch.serialization.add_safe_globals`. We recommend you start setting `weights_only=True` for any use case where you don't have full control of the loaded file. Please open an issue on GitHub for any issues related to this experimental feature.
  obj = torch.load(p, map_location="cpu")
/data1/gushengda/eam-rl4co/PTP/fitness/free_loss_fidelity.py:52: FutureWarning: You are using `torch.load` with `weights_only=False` (the current default value), which uses the default pickle module implicitly. It is possible to construct malicious pickle data which will execute arbitrary code during unpickling (See https://github.com/pytorch/pytorch/blob/main/SECURITY.md#untrusted-models for more details). In a future release, the default value for `weights_only` will be flipped to `True`. This limits the functions that could be executed during unpickling. Arbitrary objects will no longer be allowed to be loaded via this mode unless they are explicitly allowlisted by the user via `torch.serialization.add_safe_globals`. We recommend you start setting `weights_only=True` for any use case where you don't have full control of the loaded file. Please open an issue on GitHub for any issues related to this experimental feature.
  obj = torch.load(p, map_location="cpu")
/data1/gushengda/eam-rl4co/PTP/fitness/free_loss_fidelity.py:52: FutureWarning: You are using `torch.load` with `weights_only=False` (the current default value), which uses the default pickle module implicitly. It is possible to construct malicious pickle data which will execute arbitrary code during unpickling (See https://github.com/pytorch/pytorch/blob/main/SECURITY.md#untrusted-models for more details). In a future release, the default value for `weights_only` will be flipped to `True`. This limits the functions that could be executed during unpickling. Arbitrary objects will no longer be allowed to be loaded via this mode unless they are explicitly allowlisted by the user via `torch.serialization.add_safe_globals`. We recommend you start setting `weights_only=True` for any use case where you don't have full control of the loaded file. Please open an issue on GitHub for any issues related to this experimental feature.
  obj = torch.load(p, map_location="cpu")
/data1/gushengda/eam-rl4co/PTP/fitness/free_loss_fidelity.py:52: FutureWarning: You are using `torch.load` with `weights_only=False` (the current default value), which uses the default pickle module implicitly. It is possible to construct malicious pickle data which will execute arbitrary code during unpickling (See https://github.com/pytorch/pytorch/blob/main/SECURITY.md#untrusted-models for more details). In a future release, the default value for `weights_only` will be flipped to `True`. This limits the functions that could be executed during unpickling. Arbitrary objects will no longer be allowed to be loaded via this mode unless they are explicitly allowlisted by the user via `torch.serialization.add_safe_globals`. We recommend you start setting `weights_only=True` for any use case where you don't have full control of the loaded file. Please open an issue on GitHub for any issues related to this experimental feature.
  obj = torch.load(p, map_location="cpu")
/opt/conda/conda-bld/pytorch_1727971040866/work/aten/src/ATen/native/cuda/IndexKernel.cu:93: operator(): block: [38,0,0], thread: [0,0,0] Assertion `-sizes[i] <= index && index < sizes[i] && "index out of bounds"` failed.
/opt/conda/conda-bld/pytorch_1727971040866/work/aten/src/ATen/native/cuda/IndexKernel.cu:93: operator(): block: [38,0,0], thread: [1,0,0] Assertion `-sizes[i] <= index && index < sizes[i] && "index out of bounds"` failed.
/opt/conda/conda-bld/pytorch_1727971040866/work/aten/src/ATen/native/cuda/IndexKernel.cu:93: operator(): block: [38,0,0], thread: [2,0,0] Assertion `-sizes[i] <= index && index < sizes[i] && "index out of bounds"` failed.
/opt/conda/conda-bld/pytorch_1727971040866/work/aten/src/ATen/native/cuda/IndexKernel.cu:93: operator(): block: [38,0,0], thread: [3,0,0] Assertion `-sizes[i] <= index && index < sizes[i] && "index out of bounds"` failed.
/opt/conda/conda-bld/pytorch_1727971040866/work/aten/src/ATen/native/cuda/IndexKernel.cu:93: operator(): block: [38,0,0], thread: [4,0,0] Assertion `-sizes[i] <= index && index < sizes[i] && "index out of bounds"` failed.
/opt/conda/conda-bld/pytorch_1727971040866/work/aten/src/ATen/native/cuda/IndexKernel.cu:93: operator(): block: [38,0,0], thread: [5,0,0] Assertion `-sizes[i] <= index && index < sizes[i] && "index out of bounds"` failed.
/opt/conda/conda-bld/pytorch_1727971040866/work/aten/src/ATen/native/cuda/IndexKernel.cu:93: operator(): block: [38,0,0], thread: [6,0,0] Assertion `-sizes[i] <= index && index < sizes[i] && "index out of bounds"` failed.
/opt/conda/conda-bld/pytorch_1727971040866/work/aten/src/ATen/native/cuda/IndexKernel.cu:93: operator(): block: [38,0,0], thread: [7,0,0] Assertion `-sizes[i] <= index && index < sizes[i] && "index out of bounds"` failed.
/opt/conda/conda-bld/pytorch_1727971040866/work/aten/src/ATen/native/cuda/IndexKernel.cu:93: operator(): block: [38,0,0], thread: [8,0,0] Assertion `-sizes[i] <= index && index < sizes[i] && "index out of bounds"` failed.
/opt/conda/conda-bld/pytorch_1727971040866/work/aten/src/ATen/native/cuda/IndexKernel.cu:93: operator(): block: [38,0,0], thread: [9,0,0] Assertion `-sizes[i] <= index && index < sizes[i] && "index out of bounds"` failed.
/opt/conda/conda-bld/pytorch_1727971040866/work/aten/src/ATen/native/cuda/IndexKernel.cu:93: operator(): block: [38,0,0], thread: [10,0,0] Assertion `-sizes[i] <= index && index < sizes[i] && "index out of bounds"` failed.
/opt/conda/conda-bld/pytorch_1727971040866/work/aten/src/ATen/native/cuda/IndexKernel.cu:93: operator(): block: [38,0,0], thread: [11,0,0] Assertion `-sizes[i] <= index && index < sizes[i] && "index out of bounds"` failed.
/opt/conda/conda-bld/pytorch_1727971040866/work/aten/src/ATen/native/cuda/IndexKernel.cu:93: operator(): block: [38,0,0], thread: [12,0,0] Assertion `-sizes[i] <= index && index < sizes[i] && "index out of bounds"` failed.
/opt/conda/conda-bld/pytorch_1727971040866/work/aten/src/ATen/native/cuda/IndexKernel.cu:93: operator(): block: [38,0,0], thread: [13,0,0] Assertion `-sizes[i] <= index && index < sizes[i] && "index out of bounds"` failed.
/opt/conda/conda-bld/pytorch_1727971040866/work/aten/src/ATen/native/cuda/IndexKernel.cu:93: operator(): block: [38,0,0], thread: [14,0,0] Assertion `-sizes[i] <= index && index < sizes[i] && "index out of bounds"` failed.
/opt/conda/conda-bld/pytorch_1727971040866/work/aten/src/ATen/native/cuda/IndexKernel.cu:93: operator(): block: [38,0,0], thread: [15,0,0] Assertion `-sizes[i] <= index && index < sizes[i] && "index out of bounds"` failed.
/opt/conda/conda-bld/pytorch_1727971040866/work/aten/src/ATen/native/cuda/IndexKernel.cu:93: operator(): block: [38,0,0], thread: [16,0,0] Assertion `-sizes[i] <= index && index < sizes[i] && "index out of bounds"` failed.
/opt/conda/conda-bld/pytorch_1727971040866/work/aten/src/ATen/native/cuda/IndexKernel.cu:93: operator(): block: [38,0,0], thread: [17,0,0] Assertion `-sizes[i] <= index && index < sizes[i] && "index out of bounds"` failed.
/opt/conda/conda-bld/pytorch_1727971040866/work/aten/src/ATen/native/cuda/IndexKernel.cu:93: operator(): block: [38,0,0], thread: [18,0,0] Assertion `-sizes[i] <= index && index < sizes[i] && "index out of bounds"` failed.
/opt/conda/conda-bld/pytorch_1727971040866/work/aten/src/ATen/native/cuda/IndexKernel.cu:93: operator(): block: [38,0,0], thread: [19,0,0] Assertion `-sizes[i] <= index && index < sizes[i] && "index out of bounds"` failed.
/opt/conda/conda-bld/pytorch_1727971040866/work/aten/src/ATen/native/cuda/IndexKernel.cu:93: operator(): block: [38,0,0], thread: [20,0,0] Assertion `-sizes[i] <= index && index < sizes[i] && "index out of bounds"` failed.
/opt/conda/conda-bld/pytorch_1727971040866/work/aten/src/ATen/native/cuda/IndexKernel.cu:93: operator(): block: [38,0,0], thread: [21,0,0] Assertion `-sizes[i] <= index && index < sizes[i] && "index out of bounds"` failed.
/opt/conda/conda-bld/pytorch_1727971040866/work/aten/src/ATen/native/cuda/IndexKernel.cu:93: operator(): block: [38,0,0], thread: [22,0,0] Assertion `-sizes[i] <= index && index < sizes[i] && "index out of bounds"` failed.
/opt/conda/conda-bld/pytorch_1727971040866/work/aten/src/ATen/native/cuda/IndexKernel.cu:93: operator(): block: [38,0,0], thread: [23,0,0] Assertion `-sizes[i] <= index && index < sizes[i] && "index out of bounds"` failed.
/opt/conda/conda-bld/pytorch_1727971040866/work/aten/src/ATen/native/cuda/IndexKernel.cu:93: operator(): block: [38,0,0], thread: [24,0,0] Assertion `-sizes[i] <= index && index < sizes[i] && "index out of bounds"` failed.
/opt/conda/conda-bld/pytorch_1727971040866/work/aten/src/ATen/native/cuda/IndexKernel.cu:93: operator(): block: [38,0,0], thread: [25,0,0] Assertion `-sizes[i] <= index && index < sizes[i] && "index out of bounds"` failed.
/opt/conda/conda-bld/pytorch_1727971040866/work/aten/src/ATen/native/cuda/IndexKernel.cu:93: operator(): block: [38,0,0], thread: [26,0,0] Assertion `-sizes[i] <= index && index < sizes[i] && "index out of bounds"` failed.
/opt/conda/conda-bld/pytorch_1727971040866/work/aten/src/ATen/native/cuda/IndexKernel.cu:93: operator(): block: [38,0,0], thread: [27,0,0] Assertion `-sizes[i] <= index && index < sizes[i] && "index out of bounds"` failed.
/opt/conda/conda-bld/pytorch_1727971040866/work/aten/src/ATen/native/cuda/IndexKernel.cu:93: operator(): block: [38,0,0], thread: [28,0,0] Assertion `-sizes[i] <= index && index < sizes[i] && "index out of bounds"` failed.
/opt/conda/conda-bld/pytorch_1727971040866/work/aten/src/ATen/native/cuda/IndexKernel.cu:93: operator(): block: [38,0,0], thread: [29,0,0] Assertion `-sizes[i] <= index && index < sizes[i] && "index out of bounds"` failed.
/opt/conda/conda-bld/pytorch_1727971040866/work/aten/src/ATen/native/cuda/IndexKernel.cu:93: operator(): block: [38,0,0], thread: [30,0,0] Assertion `-sizes[i] <= index && index < sizes[i] && "index out of bounds"` failed.
/opt/conda/conda-bld/pytorch_1727971040866/work/aten/src/ATen/native/cuda/IndexKernel.cu:93: operator(): block: [38,0,0], thread: [31,0,0] Assertion `-sizes[i] <= index && index < sizes[i] && "index out of bounds"` failed.
/data1/gushengda/eam-rl4co/PTP/fitness/free_loss_fidelity.py:519: FutureWarning: You are using `torch.load` with `weights_only=False` (the current default value), which uses the default pickle module implicitly. It is possible to construct malicious pickle data which will execute arbitrary code during unpickling (See https://github.com/pytorch/pytorch/blob/main/SECURITY.md#untrusted-models for more details). In a future release, the default value for `weights_only` will be flipped to `True`. This limits the functions that could be executed during unpickling. Arbitrary objects will no longer be allowed to be loaded via this mode unless they are explicitly allowlisted by the user via `torch.serialization.add_safe_globals`. We recommend you start setting `weights_only=True` for any use case where you don't have full control of the loaded file. Please open an issue on GitHub for any issues related to this experimental feature.
  ckpt = torch.load(ckpt_path, map_location="cpu")
/data1/gushengda/eam-rl4co/PTP/fitness/free_loss_fidelity.py:519: FutureWarning: You are using `torch.load` with `weights_only=False` (the current default value), which uses the default pickle module implicitly. It is possible to construct malicious pickle data which will execute arbitrary code during unpickling (See https://github.com/pytorch/pytorch/blob/main/SECURITY.md#untrusted-models for more details). In a future release, the default value for `weights_only` will be flipped to `True`. This limits the functions that could be executed during unpickling. Arbitrary objects will no longer be allowed to be loaded via this mode unless they are explicitly allowlisted by the user via `torch.serialization.add_safe_globals`. We recommend you start setting `weights_only=True` for any use case where you don't have full control of the loaded file. Please open an issue on GitHub for any issues related to this experimental feature.
  ckpt = torch.load(ckpt_path, map_location="cpu")
/data1/gushengda/eam-rl4co/PTP/fitness/free_loss_fidelity.py:519: FutureWarning: You are using `torch.load` with `weights_only=False` (the current default value), which uses the default pickle module implicitly. It is possible to construct malicious pickle data which will execute arbitrary code during unpickling (See https://github.com/pytorch/pytorch/blob/main/SECURITY.md#untrusted-models for more details). In a future release, the default value for `weights_only` will be flipped to `True`. This limits the functions that could be executed during unpickling. Arbitrary objects will no longer be allowed to be loaded via this mode unless they are explicitly allowlisted by the user via `torch.serialization.add_safe_globals`. We recommend you start setting `weights_only=True` for any use case where you don't have full control of the loaded file. Please open an issue on GitHub for any issues related to this experimental feature.
  ckpt = torch.load(ckpt_path, map_location="cpu")
/data1/gushengda/eam-rl4co/PTP/fitness/free_loss_fidelity.py:52: FutureWarning: You are using `torch.load` with `weights_only=False` (the current default value), which uses the default pickle module implicitly. It is possible to construct malicious pickle data which will execute arbitrary code during unpickling (See https://github.com/pytorch/pytorch/blob/main/SECURITY.md#untrusted-models for more details). In a future release, the default value for `weights_only` will be flipped to `True`. This limits the functions that could be executed during unpickling. Arbitrary objects will no longer be allowed to be loaded via this mode unless they are explicitly allowlisted by the user via `torch.serialization.add_safe_globals`. We recommend you start setting `weights_only=True` for any use case where you don't have full control of the loaded file. Please open an issue on GitHub for any issues related to this experimental feature.
  obj = torch.load(p, map_location="cpu")
/data1/gushengda/eam-rl4co/PTP/fitness/free_loss_fidelity.py:52: FutureWarning: You are using `torch.load` with `weights_only=False` (the current default value), which uses the default pickle module implicitly. It is possible to construct malicious pickle data which will execute arbitrary code during unpickling (See https://github.com/pytorch/pytorch/blob/main/SECURITY.md#untrusted-models for more details). In a future release, the default value for `weights_only` will be flipped to `True`. This limits the functions that could be executed during unpickling. Arbitrary objects will no longer be allowed to be loaded via this mode unless they are explicitly allowlisted by the user via `torch.serialization.add_safe_globals`. We recommend you start setting `weights_only=True` for any use case where you don't have full control of the loaded file. Please open an issue on GitHub for any issues related to this experimental feature.
  obj = torch.load(p, map_location="cpu")
/data1/gushengda/eam-rl4co/PTP/fitness/free_loss_fidelity.py:52: FutureWarning: You are using `torch.load` with `weights_only=False` (the current default value), which uses the default pickle module implicitly. It is possible to construct malicious pickle data which will execute arbitrary code during unpickling (See https://github.com/pytorch/pytorch/blob/main/SECURITY.md#untrusted-models for more details). In a future release, the default value for `weights_only` will be flipped to `True`. This limits the functions that could be executed during unpickling. Arbitrary objects will no longer be allowed to be loaded via this mode unless they are explicitly allowlisted by the user via `torch.serialization.add_safe_globals`. We recommend you start setting `weights_only=True` for any use case where you don't have full control of the loaded file. Please open an issue on GitHub for any issues related to this experimental feature.
  obj = torch.load(p, map_location="cpu")
/data1/gushengda/eam-rl4co/PTP/fitness/free_loss_fidelity.py:52: FutureWarning: You are using `torch.load` with `weights_only=False` (the current default value), which uses the default pickle module implicitly. It is possible to construct malicious pickle data which will execute arbitrary code during unpickling (See https://github.com/pytorch/pytorch/blob/main/SECURITY.md#untrusted-models for more details). In a future release, the default value for `weights_only` will be flipped to `True`. This limits the functions that could be executed during unpickling. Arbitrary objects will no longer be allowed to be loaded via this mode unless they are explicitly allowlisted by the user via `torch.serialization.add_safe_globals`. We recommend you start setting `weights_only=True` for any use case where you don't have full control of the loaded file. Please open an issue on GitHub for any issues related to this experimental feature.
  obj = torch.load(p, map_location="cpu")
/opt/conda/conda-bld/pytorch_1727971040866/work/aten/src/ATen/native/cuda/IndexKernel.cu:93: operator(): block: [38,0,0], thread: [64,0,0] Assertion `-sizes[i] <= index && index < sizes[i] && "index out of bounds"` failed.
/opt/conda/conda-bld/pytorch_1727971040866/work/aten/src/ATen/native/cuda/IndexKernel.cu:93: operator(): block: [38,0,0], thread: [65,0,0] Assertion `-sizes[i] <= index && index < sizes[i] && "index out of bounds"` failed.
/opt/conda/conda-bld/pytorch_1727971040866/work/aten/src/ATen/native/cuda/IndexKernel.cu:93: operator(): block: [38,0,0], thread: [66,0,0] Assertion `-sizes[i] <= index && index < sizes[i] && "index out of bounds"` failed.
/opt/conda/conda-bld/pytorch_1727971040866/work/aten/src/ATen/native/cuda/IndexKernel.cu:93: operator(): block: [38,0,0], thread: [67,0,0] Assertion `-sizes[i] <= index && index < sizes[i] && "index out of bounds"` failed.
/opt/conda/conda-bld/pytorch_1727971040866/work/aten/src/ATen/native/cuda/IndexKernel.cu:93: operator(): block: [38,0,0], thread: [68,0,0] Assertion `-sizes[i] <= index && index < sizes[i] && "index out of bounds"` failed.
/opt/conda/conda-bld/pytorch_1727971040866/work/aten/src/ATen/native/cuda/IndexKernel.cu:93: operator(): block: [38,0,0], thread: [69,0,0] Assertion `-sizes[i] <= index && index < sizes[i] && "index out of bounds"` failed.
/opt/conda/conda-bld/pytorch_1727971040866/work/aten/src/ATen/native/cuda/IndexKernel.cu:93: operator(): block: [38,0,0], thread: [70,0,0] Assertion `-sizes[i] <= index && index < sizes[i] && "index out of bounds"` failed.
/opt/conda/conda-bld/pytorch_1727971040866/work/aten/src/ATen/native/cuda/IndexKernel.cu:93: operator(): block: [38,0,0], thread: [71,0,0] Assertion `-sizes[i] <= index && index < sizes[i] && "index out of bounds"` failed.
/opt/conda/conda-bld/pytorch_1727971040866/work/aten/src/ATen/native/cuda/IndexKernel.cu:93: operator(): block: [38,0,0], thread: [72,0,0] Assertion `-sizes[i] <= index && index < sizes[i] && "index out of bounds"` failed.
/opt/conda/conda-bld/pytorch_1727971040866/work/aten/src/ATen/native/cuda/IndexKernel.cu:93: operator(): block: [38,0,0], thread: [73,0,0] Assertion `-sizes[i] <= index && index < sizes[i] && "index out of bounds"` failed.
/opt/conda/conda-bld/pytorch_1727971040866/work/aten/src/ATen/native/cuda/IndexKernel.cu:93: operator(): block: [38,0,0], thread: [74,0,0] Assertion `-sizes[i] <= index && index < sizes[i] && "index out of bounds"` failed.
/opt/conda/conda-bld/pytorch_1727971040866/work/aten/src/ATen/native/cuda/IndexKernel.cu:93: operator(): block: [38,0,0], thread: [75,0,0] Assertion `-sizes[i] <= index && index < sizes[i] && "index out of bounds"` failed.
/opt/conda/conda-bld/pytorch_1727971040866/work/aten/src/ATen/native/cuda/IndexKernel.cu:93: operator(): block: [38,0,0], thread: [76,0,0] Assertion `-sizes[i] <= index && index < sizes[i] && "index out of bounds"` failed.
/opt/conda/conda-bld/pytorch_1727971040866/work/aten/src/ATen/native/cuda/IndexKernel.cu:93: operator(): block: [38,0,0], thread: [77,0,0] Assertion `-sizes[i] <= index && index < sizes[i] && "index out of bounds"` failed.
/opt/conda/conda-bld/pytorch_1727971040866/work/aten/src/ATen/native/cuda/IndexKernel.cu:93: operator(): block: [38,0,0], thread: [78,0,0] Assertion `-sizes[i] <= index && index < sizes[i] && "index out of bounds"` failed.
/opt/conda/conda-bld/pytorch_1727971040866/work/aten/src/ATen/native/cuda/IndexKernel.cu:93: operator(): block: [38,0,0], thread: [79,0,0] Assertion `-sizes[i] <= index && index < sizes[i] && "index out of bounds"` failed.
/opt/conda/conda-bld/pytorch_1727971040866/work/aten/src/ATen/native/cuda/IndexKernel.cu:93: operator(): block: [38,0,0], thread: [80,0,0] Assertion `-sizes[i] <= index && index < sizes[i] && "index out of bounds"` failed.
/opt/conda/conda-bld/pytorch_1727971040866/work/aten/src/ATen/native/cuda/IndexKernel.cu:93: operator(): block: [38,0,0], thread: [81,0,0] Assertion `-sizes[i] <= index && index < sizes[i] && "index out of bounds"` failed.
/opt/conda/conda-bld/pytorch_1727971040866/work/aten/src/ATen/native/cuda/IndexKernel.cu:93: operator(): block: [38,0,0], thread: [82,0,0] Assertion `-sizes[i] <= index && index < sizes[i] && "index out of bounds"` failed.
/opt/conda/conda-bld/pytorch_1727971040866/work/aten/src/ATen/native/cuda/IndexKernel.cu:93: operator(): block: [38,0,0], thread: [83,0,0] Assertion `-sizes[i] <= index && index < sizes[i] && "index out of bounds"` failed.
/opt/conda/conda-bld/pytorch_1727971040866/work/aten/src/ATen/native/cuda/IndexKernel.cu:93: operator(): block: [38,0,0], thread: [84,0,0] Assertion `-sizes[i] <= index && index < sizes[i] && "index out of bounds"` failed.
/opt/conda/conda-bld/pytorch_1727971040866/work/aten/src/ATen/native/cuda/IndexKernel.cu:93: operator(): block: [38,0,0], thread: [85,0,0] Assertion `-sizes[i] <= index && index < sizes[i] && "index out of bounds"` failed.
/opt/conda/conda-bld/pytorch_1727971040866/work/aten/src/ATen/native/cuda/IndexKernel.cu:93: operator(): block: [38,0,0], thread: [86,0,0] Assertion `-sizes[i] <= index && index < sizes[i] && "index out of bounds"` failed.
/opt/conda/conda-bld/pytorch_1727971040866/work/aten/src/ATen/native/cuda/IndexKernel.cu:93: operator(): block: [38,0,0], thread: [87,0,0] Assertion `-sizes[i] <= index && index < sizes[i] && "index out of bounds"` failed.
/opt/conda/conda-bld/pytorch_1727971040866/work/aten/src/ATen/native/cuda/IndexKernel.cu:93: operator(): block: [38,0,0], thread: [88,0,0] Assertion `-sizes[i] <= index && index < sizes[i] && "index out of bounds"` failed.
/opt/conda/conda-bld/pytorch_1727971040866/work/aten/src/ATen/native/cuda/IndexKernel.cu:93: operator(): block: [38,0,0], thread: [89,0,0] Assertion `-sizes[i] <= index && index < sizes[i] && "index out of bounds"` failed.
/opt/conda/conda-bld/pytorch_1727971040866/work/aten/src/ATen/native/cuda/IndexKernel.cu:93: operator(): block: [38,0,0], thread: [90,0,0] Assertion `-sizes[i] <= index && index < sizes[i] && "index out of bounds"` failed.
/opt/conda/conda-bld/pytorch_1727971040866/work/aten/src/ATen/native/cuda/IndexKernel.cu:93: operator(): block: [38,0,0], thread: [91,0,0] Assertion `-sizes[i] <= index && index < sizes[i] && "index out of bounds"` failed.
/opt/conda/conda-bld/pytorch_1727971040866/work/aten/src/ATen/native/cuda/IndexKernel.cu:93: operator(): block: [38,0,0], thread: [92,0,0] Assertion `-sizes[i] <= index && index < sizes[i] && "index out of bounds"` failed.
/opt/conda/conda-bld/pytorch_1727971040866/work/aten/src/ATen/native/cuda/IndexKernel.cu:93: operator(): block: [38,0,0], thread: [93,0,0] Assertion `-sizes[i] <= index && index < sizes[i] && "index out of bounds"` failed.
/opt/conda/conda-bld/pytorch_1727971040866/work/aten/src/ATen/native/cuda/IndexKernel.cu:93: operator(): block: [38,0,0], thread: [94,0,0] Assertion `-sizes[i] <= index && index < sizes[i] && "index out of bounds"` failed.
/opt/conda/conda-bld/pytorch_1727971040866/work/aten/src/ATen/native/cuda/IndexKernel.cu:93: operator(): block: [38,0,0], thread: [95,0,0] Assertion `-sizes[i] <= index && index < sizes[i] && "index out of bounds"` failed.
/opt/conda/conda-bld/pytorch_1727971040866/work/aten/src/ATen/native/cuda/IndexKernel.cu:93: operator(): block: [16,0,0], thread: [0,0,0] Assertion `-sizes[i] <= index && index < sizes[i] && "index out of bounds"` failed.
/opt/conda/conda-bld/pytorch_1727971040866/work/aten/src/ATen/native/cuda/IndexKernel.cu:93: operator(): block: [16,0,0], thread: [1,0,0] Assertion `-sizes[i] <= index && index < sizes[i] && "index out of bounds"` failed.
/opt/conda/conda-bld/pytorch_1727971040866/work/aten/src/ATen/native/cuda/IndexKernel.cu:93: operator(): block: [16,0,0], thread: [2,0,0] Assertion `-sizes[i] <= index && index < sizes[i] && "index out of bounds"` failed.
/opt/conda/conda-bld/pytorch_1727971040866/work/aten/src/ATen/native/cuda/IndexKernel.cu:93: operator(): block: [16,0,0], thread: [3,0,0] Assertion `-sizes[i] <= index && index < sizes[i] && "index out of bounds"` failed.
/opt/conda/conda-bld/pytorch_1727971040866/work/aten/src/ATen/native/cuda/IndexKernel.cu:93: operator(): block: [16,0,0], thread: [4,0,0] Assertion `-sizes[i] <= index && index < sizes[i] && "index out of bounds"` failed.
/opt/conda/conda-bld/pytorch_1727971040866/work/aten/src/ATen/native/cuda/IndexKernel.cu:93: operator(): block: [16,0,0], thread: [5,0,0] Assertion `-sizes[i] <= index && index < sizes[i] && "index out of bounds"` failed.
/opt/conda/conda-bld/pytorch_1727971040866/work/aten/src/ATen/native/cuda/IndexKernel.cu:93: operator(): block: [16,0,0], thread: [6,0,0] Assertion `-sizes[i] <= index && index < sizes[i] && "index out of bounds"` failed.
/opt/conda/conda-bld/pytorch_1727971040866/work/aten/src/ATen/native/cuda/IndexKernel.cu:93: operator(): block: [16,0,0], thread: [7,0,0] Assertion `-sizes[i] <= index && index < sizes[i] && "index out of bounds"` failed.
/opt/conda/conda-bld/pytorch_1727971040866/work/aten/src/ATen/native/cuda/IndexKernel.cu:93: operator(): block: [16,0,0], thread: [8,0,0] Assertion `-sizes[i] <= index && index < sizes[i] && "index out of bounds"` failed.
/opt/conda/conda-bld/pytorch_1727971040866/work/aten/src/ATen/native/cuda/IndexKernel.cu:93: operator(): block: [16,0,0], thread: [9,0,0] Assertion `-sizes[i] <= index && index < sizes[i] && "index out of bounds"` failed.
/opt/conda/conda-bld/pytorch_1727971040866/work/aten/src/ATen/native/cuda/IndexKernel.cu:93: operator(): block: [16,0,0], thread: [10,0,0] Assertion `-sizes[i] <= index && index < sizes[i] && "index out of bounds"` failed.
/opt/conda/conda-bld/pytorch_1727971040866/work/aten/src/ATen/native/cuda/IndexKernel.cu:93: operator(): block: [16,0,0], thread: [11,0,0] Assertion `-sizes[i] <= index && index < sizes[i] && "index out of bounds"` failed.
/opt/conda/conda-bld/pytorch_1727971040866/work/aten/src/ATen/native/cuda/IndexKernel.cu:93: operator(): block: [16,0,0], thread: [12,0,0] Assertion `-sizes[i] <= index && index < sizes[i] && "index out of bounds"` failed.
/opt/conda/conda-bld/pytorch_1727971040866/work/aten/src/ATen/native/cuda/IndexKernel.cu:93: operator(): block: [16,0,0], thread: [13,0,0] Assertion `-sizes[i] <= index && index < sizes[i] && "index out of bounds"` failed.
/opt/conda/conda-bld/pytorch_1727971040866/work/aten/src/ATen/native/cuda/IndexKernel.cu:93: operator(): block: [16,0,0], thread: [14,0,0] Assertion `-sizes[i] <= index && index < sizes[i] && "index out of bounds"` failed.
/opt/conda/conda-bld/pytorch_1727971040866/work/aten/src/ATen/native/cuda/IndexKernel.cu:93: operator(): block: [16,0,0], thread: [15,0,0] Assertion `-sizes[i] <= index && index < sizes[i] && "index out of bounds"` failed.
/opt/conda/conda-bld/pytorch_1727971040866/work/aten/src/ATen/native/cuda/IndexKernel.cu:93: operator(): block: [16,0,0], thread: [16,0,0] Assertion `-sizes[i] <= index && index < sizes[i] && "index out of bounds"` failed.
/opt/conda/conda-bld/pytorch_1727971040866/work/aten/src/ATen/native/cuda/IndexKernel.cu:93: operator(): block: [16,0,0], thread: [17,0,0] Assertion `-sizes[i] <= index && index < sizes[i] && "index out of bounds"` failed.
/opt/conda/conda-bld/pytorch_1727971040866/work/aten/src/ATen/native/cuda/IndexKernel.cu:93: operator(): block: [16,0,0], thread: [18,0,0] Assertion `-sizes[i] <= index && index < sizes[i] && "index out of bounds"` failed.
/opt/conda/conda-bld/pytorch_1727971040866/work/aten/src/ATen/native/cuda/IndexKernel.cu:93: operator(): block: [16,0,0], thread: [19,0,0] Assertion `-sizes[i] <= index && index < sizes[i] && "index out of bounds"` failed.
/opt/conda/conda-bld/pytorch_1727971040866/work/aten/src/ATen/native/cuda/IndexKernel.cu:93: operator(): block: [16,0,0], thread: [20,0,0] Assertion `-sizes[i] <= index && index < sizes[i] && "index out of bounds"` failed.
/opt/conda/conda-bld/pytorch_1727971040866/work/aten/src/ATen/native/cuda/IndexKernel.cu:93: operator(): block: [16,0,0], thread: [21,0,0] Assertion `-sizes[i] <= index && index < sizes[i] && "index out of bounds"` failed.
/opt/conda/conda-bld/pytorch_1727971040866/work/aten/src/ATen/native/cuda/IndexKernel.cu:93: operator(): block: [16,0,0], thread: [22,0,0] Assertion `-sizes[i] <= index && index < sizes[i] && "index out of bounds"` failed.
/opt/conda/conda-bld/pytorch_1727971040866/work/aten/src/ATen/native/cuda/IndexKernel.cu:93: operator(): block: [16,0,0], thread: [23,0,0] Assertion `-sizes[i] <= index && index < sizes[i] && "index out of bounds"` failed.
/opt/conda/conda-bld/pytorch_1727971040866/work/aten/src/ATen/native/cuda/IndexKernel.cu:93: operator(): block: [16,0,0], thread: [24,0,0] Assertion `-sizes[i] <= index && index < sizes[i] && "index out of bounds"` failed.
/opt/conda/conda-bld/pytorch_1727971040866/work/aten/src/ATen/native/cuda/IndexKernel.cu:93: operator(): block: [16,0,0], thread: [25,0,0] Assertion `-sizes[i] <= index && index < sizes[i] && "index out of bounds"` failed.
/opt/conda/conda-bld/pytorch_1727971040866/work/aten/src/ATen/native/cuda/IndexKernel.cu:93: operator(): block: [16,0,0], thread: [26,0,0] Assertion `-sizes[i] <= index && index < sizes[i] && "index out of bounds"` failed.
/opt/conda/conda-bld/pytorch_1727971040866/work/aten/src/ATen/native/cuda/IndexKernel.cu:93: operator(): block: [16,0,0], thread: [27,0,0] Assertion `-sizes[i] <= index && index < sizes[i] && "index out of bounds"` failed.
/opt/conda/conda-bld/pytorch_1727971040866/work/aten/src/ATen/native/cuda/IndexKernel.cu:93: operator(): block: [16,0,0], thread: [28,0,0] Assertion `-sizes[i] <= index && index < sizes[i] && "index out of bounds"` failed.
/opt/conda/conda-bld/pytorch_1727971040866/work/aten/src/ATen/native/cuda/IndexKernel.cu:93: operator(): block: [16,0,0], thread: [29,0,0] Assertion `-sizes[i] <= index && index < sizes[i] && "index out of bounds"` failed.
/opt/conda/conda-bld/pytorch_1727971040866/work/aten/src/ATen/native/cuda/IndexKernel.cu:93: operator(): block: [16,0,0], thread: [30,0,0] Assertion `-sizes[i] <= index && index < sizes[i] && "index out of bounds"` failed.
/opt/conda/conda-bld/pytorch_1727971040866/work/aten/src/ATen/native/cuda/IndexKernel.cu:93: operator(): block: [16,0,0], thread: [31,0,0] Assertion `-sizes[i] <= index && index < sizes[i] && "index out of bounds"` failed.
/opt/conda/conda-bld/pytorch_1727971040866/work/aten/src/ATen/native/cuda/IndexKernel.cu:93: operator(): block: [37,0,0], thread: [0,0,0] Assertion `-sizes[i] <= index && index < sizes[i] && "index out of bounds"` failed.
/opt/conda/conda-bld/pytorch_1727971040866/work/aten/src/ATen/native/cuda/IndexKernel.cu:93: operator(): block: [37,0,0], thread: [1,0,0] Assertion `-sizes[i] <= index && index < sizes[i] && "index out of bounds"` failed.
/opt/conda/conda-bld/pytorch_1727971040866/work/aten/src/ATen/native/cuda/IndexKernel.cu:93: operator(): block: [37,0,0], thread: [2,0,0] Assertion `-sizes[i] <= index && index < sizes[i] && "index out of bounds"` failed.
/opt/conda/conda-bld/pytorch_1727971040866/work/aten/src/ATen/native/cuda/IndexKernel.cu:93: operator(): block: [37,0,0], thread: [3,0,0] Assertion `-sizes[i] <= index && index < sizes[i] && "index out of bounds"` failed.
/opt/conda/conda-bld/pytorch_1727971040866/work/aten/src/ATen/native/cuda/IndexKernel.cu:93: operator(): block: [37,0,0], thread: [4,0,0] Assertion `-sizes[i] <= index && index < sizes[i] && "index out of bounds"` failed.
/opt/conda/conda-bld/pytorch_1727971040866/work/aten/src/ATen/native/cuda/IndexKernel.cu:93: operator(): block: [37,0,0], thread: [5,0,0] Assertion `-sizes[i] <= index && index < sizes[i] && "index out of bounds"` failed.
/opt/conda/conda-bld/pytorch_1727971040866/work/aten/src/ATen/native/cuda/IndexKernel.cu:93: operator(): block: [37,0,0], thread: [6,0,0] Assertion `-sizes[i] <= index && index < sizes[i] && "index out of bounds"` failed.
/opt/conda/conda-bld/pytorch_1727971040866/work/aten/src/ATen/native/cuda/IndexKernel.cu:93: operator(): block: [37,0,0], thread: [7,0,0] Assertion `-sizes[i] <= index && index < sizes[i] && "index out of bounds"` failed.
/opt/conda/conda-bld/pytorch_1727971040866/work/aten/src/ATen/native/cuda/IndexKernel.cu:93: operator(): block: [37,0,0], thread: [8,0,0] Assertion `-sizes[i] <= index && index < sizes[i] && "index out of bounds"` failed.
/opt/conda/conda-bld/pytorch_1727971040866/work/aten/src/ATen/native/cuda/IndexKernel.cu:93: operator(): block: [37,0,0], thread: [9,0,0] Assertion `-sizes[i] <= index && index < sizes[i] && "index out of bounds"` failed.
/opt/conda/conda-bld/pytorch_1727971040866/work/aten/src/ATen/native/cuda/IndexKernel.cu:93: operator(): block: [37,0,0], thread: [10,0,0] Assertion `-sizes[i] <= index && index < sizes[i] && "index out of bounds"` failed.
/opt/conda/conda-bld/pytorch_1727971040866/work/aten/src/ATen/native/cuda/IndexKernel.cu:93: operator(): block: [37,0,0], thread: [11,0,0] Assertion `-sizes[i] <= index && index < sizes[i] && "index out of bounds"` failed.
/opt/conda/conda-bld/pytorch_1727971040866/work/aten/src/ATen/native/cuda/IndexKernel.cu:93: operator(): block: [37,0,0], thread: [12,0,0] Assertion `-sizes[i] <= index && index < sizes[i] && "index out of bounds"` failed.
/opt/conda/conda-bld/pytorch_1727971040866/work/aten/src/ATen/native/cuda/IndexKernel.cu:93: operator(): block: [37,0,0], thread: [13,0,0] Assertion `-sizes[i] <= index && index < sizes[i] && "index out of bounds"` failed.
/opt/conda/conda-bld/pytorch_1727971040866/work/aten/src/ATen/native/cuda/IndexKernel.cu:93: operator(): block: [37,0,0], thread: [14,0,0] Assertion `-sizes[i] <= index && index < sizes[i] && "index out of bounds"` failed.
/opt/conda/conda-bld/pytorch_1727971040866/work/aten/src/ATen/native/cuda/IndexKernel.cu:93: operator(): block: [37,0,0], thread: [15,0,0] Assertion `-sizes[i] <= index && index < sizes[i] && "index out of bounds"` failed.
/opt/conda/conda-bld/pytorch_1727971040866/work/aten/src/ATen/native/cuda/IndexKernel.cu:93: operator(): block: [37,0,0], thread: [16,0,0] Assertion `-sizes[i] <= index && index < sizes[i] && "index out of bounds"` failed.
/opt/conda/conda-bld/pytorch_1727971040866/work/aten/src/ATen/native/cuda/IndexKernel.cu:93: operator(): block: [37,0,0], thread: [17,0,0] Assertion `-sizes[i] <= index && index < sizes[i] && "index out of bounds"` failed.
/opt/conda/conda-bld/pytorch_1727971040866/work/aten/src/ATen/native/cuda/IndexKernel.cu:93: operator(): block: [37,0,0], thread: [18,0,0] Assertion `-sizes[i] <= index && index < sizes[i] && "index out of bounds"` failed.
/opt/conda/conda-bld/pytorch_1727971040866/work/aten/src/ATen/native/cuda/IndexKernel.cu:93: operator(): block: [37,0,0], thread: [19,0,0] Assertion `-sizes[i] <= index && index < sizes[i] && "index out of bounds"` failed.
/opt/conda/conda-bld/pytorch_1727971040866/work/aten/src/ATen/native/cuda/IndexKernel.cu:93: operator(): block: [37,0,0], thread: [20,0,0] Assertion `-sizes[i] <= index && index < sizes[i] && "index out of bounds"` failed.
/opt/conda/conda-bld/pytorch_1727971040866/work/aten/src/ATen/native/cuda/IndexKernel.cu:93: operator(): block: [37,0,0], thread: [21,0,0] Assertion `-sizes[i] <= index && index < sizes[i] && "index out of bounds"` failed.
/opt/conda/conda-bld/pytorch_1727971040866/work/aten/src/ATen/native/cuda/IndexKernel.cu:93: operator(): block: [37,0,0], thread: [22,0,0] Assertion `-sizes[i] <= index && index < sizes[i] && "index out of bounds"` failed.
/opt/conda/conda-bld/pytorch_1727971040866/work/aten/src/ATen/native/cuda/IndexKernel.cu:93: operator(): block: [37,0,0], thread: [23,0,0] Assertion `-sizes[i] <= index && index < sizes[i] && "index out of bounds"` failed.
/opt/conda/conda-bld/pytorch_1727971040866/work/aten/src/ATen/native/cuda/IndexKernel.cu:93: operator(): block: [37,0,0], thread: [24,0,0] Assertion `-sizes[i] <= index && index < sizes[i] && "index out of bounds"` failed.
/opt/conda/conda-bld/pytorch_1727971040866/work/aten/src/ATen/native/cuda/IndexKernel.cu:93: operator(): block: [37,0,0], thread: [25,0,0] Assertion `-sizes[i] <= index && index < sizes[i] && "index out of bounds"` failed.
/opt/conda/conda-bld/pytorch_1727971040866/work/aten/src/ATen/native/cuda/IndexKernel.cu:93: operator(): block: [37,0,0], thread: [26,0,0] Assertion `-sizes[i] <= index && index < sizes[i] && "index out of bounds"` failed.
/opt/conda/conda-bld/pytorch_1727971040866/work/aten/src/ATen/native/cuda/IndexKernel.cu:93: operator(): block: [37,0,0], thread: [27,0,0] Assertion `-sizes[i] <= index && index < sizes[i] && "index out of bounds"` failed.
/opt/conda/conda-bld/pytorch_1727971040866/work/aten/src/ATen/native/cuda/IndexKernel.cu:93: operator(): block: [37,0,0], thread: [28,0,0] Assertion `-sizes[i] <= index && index < sizes[i] && "index out of bounds"` failed.
/opt/conda/conda-bld/pytorch_1727971040866/work/aten/src/ATen/native/cuda/IndexKernel.cu:93: operator(): block: [37,0,0], thread: [29,0,0] Assertion `-sizes[i] <= index && index < sizes[i] && "index out of bounds"` failed.
/opt/conda/conda-bld/pytorch_1727971040866/work/aten/src/ATen/native/cuda/IndexKernel.cu:93: operator(): block: [37,0,0], thread: [30,0,0] Assertion `-sizes[i] <= index && index < sizes[i] && "index out of bounds"` failed.
/opt/conda/conda-bld/pytorch_1727971040866/work/aten/src/ATen/native/cuda/IndexKernel.cu:93: operator(): block: [37,0,0], thread: [31,0,0] Assertion `-sizes[i] <= index && index < sizes[i] && "index out of bounds"` failed.
/opt/conda/conda-bld/pytorch_1727971040866/work/aten/src/ATen/native/cuda/IndexKernel.cu:93: operator(): block: [39,0,0], thread: [96,0,0] Assertion `-sizes[i] <= index && index < sizes[i] && "index out of bounds"` failed.
/opt/conda/conda-bld/pytorch_1727971040866/work/aten/src/ATen/native/cuda/IndexKernel.cu:93: operator(): block: [39,0,0], thread: [97,0,0] Assertion `-sizes[i] <= index && index < sizes[i] && "index out of bounds"` failed.
/opt/conda/conda-bld/pytorch_1727971040866/work/aten/src/ATen/native/cuda/IndexKernel.cu:93: operator(): block: [39,0,0], thread: [98,0,0] Assertion `-sizes[i] <= index && index < sizes[i] && "index out of bounds"` failed.
/opt/conda/conda-bld/pytorch_1727971040866/work/aten/src/ATen/native/cuda/IndexKernel.cu:93: operator(): block: [39,0,0], thread: [99,0,0] Assertion `-sizes[i] <= index && index < sizes[i] && "index out of bounds"` failed.
/opt/conda/conda-bld/pytorch_1727971040866/work/aten/src/ATen/native/cuda/IndexKernel.cu:93: operator(): block: [39,0,0], thread: [100,0,0] Assertion `-sizes[i] <= index && index < sizes[i] && "index out of bounds"` failed.
/opt/conda/conda-bld/pytorch_1727971040866/work/aten/src/ATen/native/cuda/IndexKernel.cu:93: operator(): block: [39,0,0], thread: [101,0,0] Assertion `-sizes[i] <= index && index < sizes[i] && "index out of bounds"` failed.
/opt/conda/conda-bld/pytorch_1727971040866/work/aten/src/ATen/native/cuda/IndexKernel.cu:93: operator(): block: [39,0,0], thread: [102,0,0] Assertion `-sizes[i] <= index && index < sizes[i] && "index out of bounds"` failed.
/opt/conda/conda-bld/pytorch_1727971040866/work/aten/src/ATen/native/cuda/IndexKernel.cu:93: operator(): block: [39,0,0], thread: [103,0,0] Assertion `-sizes[i] <= index && index < sizes[i] && "index out of bounds"` failed.
/opt/conda/conda-bld/pytorch_1727971040866/work/aten/src/ATen/native/cuda/IndexKernel.cu:93: operator(): block: [39,0,0], thread: [104,0,0] Assertion `-sizes[i] <= index && index < sizes[i] && "index out of bounds"` failed.
/opt/conda/conda-bld/pytorch_1727971040866/work/aten/src/ATen/native/cuda/IndexKernel.cu:93: operator(): block: [39,0,0], thread: [105,0,0] Assertion `-sizes[i] <= index && index < sizes[i] && "index out of bounds"` failed.
/opt/conda/conda-bld/pytorch_1727971040866/work/aten/src/ATen/native/cuda/IndexKernel.cu:93: operator(): block: [39,0,0], thread: [106,0,0] Assertion `-sizes[i] <= index && index < sizes[i] && "index out of bounds"` failed.
/opt/conda/conda-bld/pytorch_1727971040866/work/aten/src/ATen/native/cuda/IndexKernel.cu:93: operator(): block: [39,0,0], thread: [107,0,0] Assertion `-sizes[i] <= index && index < sizes[i] && "index out of bounds"` failed.
/opt/conda/conda-bld/pytorch_1727971040866/work/aten/src/ATen/native/cuda/IndexKernel.cu:93: operator(): block: [39,0,0], thread: [108,0,0] Assertion `-sizes[i] <= index && index < sizes[i] && "index out of bounds"` failed.
/opt/conda/conda-bld/pytorch_1727971040866/work/aten/src/ATen/native/cuda/IndexKernel.cu:93: operator(): block: [39,0,0], thread: [109,0,0] Assertion `-sizes[i] <= index && index < sizes[i] && "index out of bounds"` failed.
/opt/conda/conda-bld/pytorch_1727971040866/work/aten/src/ATen/native/cuda/IndexKernel.cu:93: operator(): block: [39,0,0], thread: [110,0,0] Assertion `-sizes[i] <= index && index < sizes[i] && "index out of bounds"` failed.
/opt/conda/conda-bld/pytorch_1727971040866/work/aten/src/ATen/native/cuda/IndexKernel.cu:93: operator(): block: [39,0,0], thread: [111,0,0] Assertion `-sizes[i] <= index && index < sizes[i] && "index out of bounds"` failed.
/opt/conda/conda-bld/pytorch_1727971040866/work/aten/src/ATen/native/cuda/IndexKernel.cu:93: operator(): block: [39,0,0], thread: [112,0,0] Assertion `-sizes[i] <= index && index < sizes[i] && "index out of bounds"` failed.
/opt/conda/conda-bld/pytorch_1727971040866/work/aten/src/ATen/native/cuda/IndexKernel.cu:93: operator(): block: [39,0,0], thread: [113,0,0] Assertion `-sizes[i] <= index && index < sizes[i] && "index out of bounds"` failed.
/opt/conda/conda-bld/pytorch_1727971040866/work/aten/src/ATen/native/cuda/IndexKernel.cu:93: operator(): block: [39,0,0], thread: [114,0,0] Assertion `-sizes[i] <= index && index < sizes[i] && "index out of bounds"` failed.
/opt/conda/conda-bld/pytorch_1727971040866/work/aten/src/ATen/native/cuda/IndexKernel.cu:93: operator(): block: [39,0,0], thread: [115,0,0] Assertion `-sizes[i] <= index && index < sizes[i] && "index out of bounds"` failed.
/opt/conda/conda-bld/pytorch_1727971040866/work/aten/src/ATen/native/cuda/IndexKernel.cu:93: operator(): block: [39,0,0], thread: [116,0,0] Assertion `-sizes[i] <= index && index < sizes[i] && "index out of bounds"` failed.
/opt/conda/conda-bld/pytorch_1727971040866/work/aten/src/ATen/native/cuda/IndexKernel.cu:93: operator(): block: [39,0,0], thread: [117,0,0] Assertion `-sizes[i] <= index && index < sizes[i] && "index out of bounds"` failed.
/opt/conda/conda-bld/pytorch_1727971040866/work/aten/src/ATen/native/cuda/IndexKernel.cu:93: operator(): block: [39,0,0], thread: [118,0,0] Assertion `-sizes[i] <= index && index < sizes[i] && "index out of bounds"` failed.
/opt/conda/conda-bld/pytorch_1727971040866/work/aten/src/ATen/native/cuda/IndexKernel.cu:93: operator(): block: [39,0,0], thread: [119,0,0] Assertion `-sizes[i] <= index && index < sizes[i] && "index out of bounds"` failed.
/opt/conda/conda-bld/pytorch_1727971040866/work/aten/src/ATen/native/cuda/IndexKernel.cu:93: operator(): block: [39,0,0], thread: [120,0,0] Assertion `-sizes[i] <= index && index < sizes[i] && "index out of bounds"` failed.
/opt/conda/conda-bld/pytorch_1727971040866/work/aten/src/ATen/native/cuda/IndexKernel.cu:93: operator(): block: [39,0,0], thread: [121,0,0] Assertion `-sizes[i] <= index && index < sizes[i] && "index out of bounds"` failed.
/opt/conda/conda-bld/pytorch_1727971040866/work/aten/src/ATen/native/cuda/IndexKernel.cu:93: operator(): block: [39,0,0], thread: [122,0,0] Assertion `-sizes[i] <= index && index < sizes[i] && "index out of bounds"` failed.
/opt/conda/conda-bld/pytorch_1727971040866/work/aten/src/ATen/native/cuda/IndexKernel.cu:93: operator(): block: [39,0,0], thread: [123,0,0] Assertion `-sizes[i] <= index && index < sizes[i] && "index out of bounds"` failed.
/opt/conda/conda-bld/pytorch_1727971040866/work/aten/src/ATen/native/cuda/IndexKernel.cu:93: operator(): block: [39,0,0], thread: [124,0,0] Assertion `-sizes[i] <= index && index < sizes[i] && "index out of bounds"` failed.
/opt/conda/conda-bld/pytorch_1727971040866/work/aten/src/ATen/native/cuda/IndexKernel.cu:93: operator(): block: [39,0,0], thread: [125,0,0] Assertion `-sizes[i] <= index && index < sizes[i] && "index out of bounds"` failed.
/opt/conda/conda-bld/pytorch_1727971040866/work/aten/src/ATen/native/cuda/IndexKernel.cu:93: operator(): block: [39,0,0], thread: [126,0,0] Assertion `-sizes[i] <= index && index < sizes[i] && "index out of bounds"` failed.
/opt/conda/conda-bld/pytorch_1727971040866/work/aten/src/ATen/native/cuda/IndexKernel.cu:93: operator(): block: [39,0,0], thread: [127,0,0] Assertion `-sizes[i] <= index && index < sizes[i] && "index out of bounds"` failed.
/opt/conda/conda-bld/pytorch_1727971040866/work/aten/src/ATen/native/cuda/IndexKernel.cu:93: operator(): block: [17,0,0], thread: [96,0,0] Assertion `-sizes[i] <= index && index < sizes[i] && "index out of bounds"` failed.
/opt/conda/conda-bld/pytorch_1727971040866/work/aten/src/ATen/native/cuda/IndexKernel.cu:93: operator(): block: [17,0,0], thread: [97,0,0] Assertion `-sizes[i] <= index && index < sizes[i] && "index out of bounds"` failed.
/opt/conda/conda-bld/pytorch_1727971040866/work/aten/src/ATen/native/cuda/IndexKernel.cu:93: operator(): block: [17,0,0], thread: [98,0,0] Assertion `-sizes[i] <= index && index < sizes[i] && "index out of bounds"` failed.
/opt/conda/conda-bld/pytorch_1727971040866/work/aten/src/ATen/native/cuda/IndexKernel.cu:93: operator(): block: [17,0,0], thread: [99,0,0] Assertion `-sizes[i] <= index && index < sizes[i] && "index out of bounds"` failed.
/opt/conda/conda-bld/pytorch_1727971040866/work/aten/src/ATen/native/cuda/IndexKernel.cu:93: operator(): block: [17,0,0], thread: [100,0,0] Assertion `-sizes[i] <= index && index < sizes[i] && "index out of bounds"` failed.
/opt/conda/conda-bld/pytorch_1727971040866/work/aten/src/ATen/native/cuda/IndexKernel.cu:93: operator(): block: [17,0,0], thread: [101,0,0] Assertion `-sizes[i] <= index && index < sizes[i] && "index out of bounds"` failed.
/opt/conda/conda-bld/pytorch_1727971040866/work/aten/src/ATen/native/cuda/IndexKernel.cu:93: operator(): block: [17,0,0], thread: [102,0,0] Assertion `-sizes[i] <= index && index < sizes[i] && "index out of bounds"` failed.
/opt/conda/conda-bld/pytorch_1727971040866/work/aten/src/ATen/native/cuda/IndexKernel.cu:93: operator(): block: [17,0,0], thread: [103,0,0] Assertion `-sizes[i] <= index && index < sizes[i] && "index out of bounds"` failed.
/opt/conda/conda-bld/pytorch_1727971040866/work/aten/src/ATen/native/cuda/IndexKernel.cu:93: operator(): block: [17,0,0], thread: [104,0,0] Assertion `-sizes[i] <= index && index < sizes[i] && "index out of bounds"` failed.
/opt/conda/conda-bld/pytorch_1727971040866/work/aten/src/ATen/native/cuda/IndexKernel.cu:93: operator(): block: [17,0,0], thread: [105,0,0] Assertion `-sizes[i] <= index && index < sizes[i] && "index out of bounds"` failed.
/opt/conda/conda-bld/pytorch_1727971040866/work/aten/src/ATen/native/cuda/IndexKernel.cu:93: operator(): block: [17,0,0], thread: [106,0,0] Assertion `-sizes[i] <= index && index < sizes[i] && "index out of bounds"` failed.
/opt/conda/conda-bld/pytorch_1727971040866/work/aten/src/ATen/native/cuda/IndexKernel.cu:93: operator(): block: [17,0,0], thread: [107,0,0] Assertion `-sizes[i] <= index && index < sizes[i] && "index out of bounds"` failed.
/opt/conda/conda-bld/pytorch_1727971040866/work/aten/src/ATen/native/cuda/IndexKernel.cu:93: operator(): block: [17,0,0], thread: [108,0,0] Assertion `-sizes[i] <= index && index < sizes[i] && "index out of bounds"` failed.
/opt/conda/conda-bld/pytorch_1727971040866/work/aten/src/ATen/native/cuda/IndexKernel.cu:93: operator(): block: [17,0,0], thread: [109,0,0] Assertion `-sizes[i] <= index && index < sizes[i] && "index out of bounds"` failed.
/opt/conda/conda-bld/pytorch_1727971040866/work/aten/src/ATen/native/cuda/IndexKernel.cu:93: operator(): block: [17,0,0], thread: [110,0,0] Assertion `-sizes[i] <= index && index < sizes[i] && "index out of bounds"` failed.
/opt/conda/conda-bld/pytorch_1727971040866/work/aten/src/ATen/native/cuda/IndexKernel.cu:93: operator(): block: [17,0,0], thread: [111,0,0] Assertion `-sizes[i] <= index && index < sizes[i] && "index out of bounds"` failed.
/opt/conda/conda-bld/pytorch_1727971040866/work/aten/src/ATen/native/cuda/IndexKernel.cu:93: operator(): block: [17,0,0], thread: [112,0,0] Assertion `-sizes[i] <= index && index < sizes[i] && "index out of bounds"` failed.
/opt/conda/conda-bld/pytorch_1727971040866/work/aten/src/ATen/native/cuda/IndexKernel.cu:93: operator(): block: [17,0,0], thread: [113,0,0] Assertion `-sizes[i] <= index && index < sizes[i] && "index out of bounds"` failed.
/opt/conda/conda-bld/pytorch_1727971040866/work/aten/src/ATen/native/cuda/IndexKernel.cu:93: operator(): block: [17,0,0], thread: [114,0,0] Assertion `-sizes[i] <= index && index < sizes[i] && "index out of bounds"` failed.
/opt/conda/conda-bld/pytorch_1727971040866/work/aten/src/ATen/native/cuda/IndexKernel.cu:93: operator(): block: [17,0,0], thread: [115,0,0] Assertion `-sizes[i] <= index && index < sizes[i] && "index out of bounds"` failed.
/opt/conda/conda-bld/pytorch_1727971040866/work/aten/src/ATen/native/cuda/IndexKernel.cu:93: operator(): block: [17,0,0], thread: [116,0,0] Assertion `-sizes[i] <= index && index < sizes[i] && "index out of bounds"` failed.
/opt/conda/conda-bld/pytorch_1727971040866/work/aten/src/ATen/native/cuda/IndexKernel.cu:93: operator(): block: [17,0,0], thread: [117,0,0] Assertion `-sizes[i] <= index && index < sizes[i] && "index out of bounds"` failed.
/opt/conda/conda-bld/pytorch_1727971040866/work/aten/src/ATen/native/cuda/IndexKernel.cu:93: operator(): block: [17,0,0], thread: [118,0,0] Assertion `-sizes[i] <= index && index < sizes[i] && "index out of bounds"` failed.
/opt/conda/conda-bld/pytorch_1727971040866/work/aten/src/ATen/native/cuda/IndexKernel.cu:93: operator(): block: [17,0,0], thread: [119,0,0] Assertion `-sizes[i] <= index && index < sizes[i] && "index out of bounds"` failed.
/opt/conda/conda-bld/pytorch_1727971040866/work/aten/src/ATen/native/cuda/IndexKernel.cu:93: operator(): block: [17,0,0], thread: [120,0,0] Assertion `-sizes[i] <= index && index < sizes[i] && "index out of bounds"` failed.
/opt/conda/conda-bld/pytorch_1727971040866/work/aten/src/ATen/native/cuda/IndexKernel.cu:93: operator(): block: [17,0,0], thread: [121,0,0] Assertion `-sizes[i] <= index && index < sizes[i] && "index out of bounds"` failed.
/opt/conda/conda-bld/pytorch_1727971040866/work/aten/src/ATen/native/cuda/IndexKernel.cu:93: operator(): block: [17,0,0], thread: [122,0,0] Assertion `-sizes[i] <= index && index < sizes[i] && "index out of bounds"` failed.
/opt/conda/conda-bld/pytorch_1727971040866/work/aten/src/ATen/native/cuda/IndexKernel.cu:93: operator(): block: [17,0,0], thread: [123,0,0] Assertion `-sizes[i] <= index && index < sizes[i] && "index out of bounds"` failed.
/opt/conda/conda-bld/pytorch_1727971040866/work/aten/src/ATen/native/cuda/IndexKernel.cu:93: operator(): block: [17,0,0], thread: [124,0,0] Assertion `-sizes[i] <= index && index < sizes[i] && "index out of bounds"` failed.
/opt/conda/conda-bld/pytorch_1727971040866/work/aten/src/ATen/native/cuda/IndexKernel.cu:93: operator(): block: [17,0,0], thread: [125,0,0] Assertion `-sizes[i] <= index && index < sizes[i] && "index out of bounds"` failed.
/opt/conda/conda-bld/pytorch_1727971040866/work/aten/src/ATen/native/cuda/IndexKernel.cu:93: operator(): block: [17,0,0], thread: [126,0,0] Assertion `-sizes[i] <= index && index < sizes[i] && "index out of bounds"` failed.
/opt/conda/conda-bld/pytorch_1727971040866/work/aten/src/ATen/native/cuda/IndexKernel.cu:93: operator(): block: [17,0,0], thread: [127,0,0] Assertion `-sizes[i] <= index && index < sizes[i] && "index out of bounds"` failed.
/opt/conda/conda-bld/pytorch_1727971040866/work/aten/src/ATen/native/cuda/IndexKernel.cu:93: operator(): block: [30,0,0], thread: [96,0,0] Assertion `-sizes[i] <= index && index < sizes[i] && "index out of bounds"` failed.
/opt/conda/conda-bld/pytorch_1727971040866/work/aten/src/ATen/native/cuda/IndexKernel.cu:93: operator(): block: [30,0,0], thread: [97,0,0] Assertion `-sizes[i] <= index && index < sizes[i] && "index out of bounds"` failed.
/opt/conda/conda-bld/pytorch_1727971040866/work/aten/src/ATen/native/cuda/IndexKernel.cu:93: operator(): block: [30,0,0], thread: [98,0,0] Assertion `-sizes[i] <= index && index < sizes[i] && "index out of bounds"` failed.
/opt/conda/conda-bld/pytorch_1727971040866/work/aten/src/ATen/native/cuda/IndexKernel.cu:93: operator(): block: [30,0,0], thread: [99,0,0] Assertion `-sizes[i] <= index && index < sizes[i] && "index out of bounds"` failed.
/opt/conda/conda-bld/pytorch_1727971040866/work/aten/src/ATen/native/cuda/IndexKernel.cu:93: operator(): block: [30,0,0], thread: [100,0,0] Assertion `-sizes[i] <= index && index < sizes[i] && "index out of bounds"` failed.
/opt/conda/conda-bld/pytorch_1727971040866/work/aten/src/ATen/native/cuda/IndexKernel.cu:93: operator(): block: [30,0,0], thread: [101,0,0] Assertion `-sizes[i] <= index && index < sizes[i] && "index out of bounds"` failed.
/opt/conda/conda-bld/pytorch_1727971040866/work/aten/src/ATen/native/cuda/IndexKernel.cu:93: operator(): block: [30,0,0], thread: [102,0,0] Assertion `-sizes[i] <= index && index < sizes[i] && "index out of bounds"` failed.
/opt/conda/conda-bld/pytorch_1727971040866/work/aten/src/ATen/native/cuda/IndexKernel.cu:93: operator(): block: [30,0,0], thread: [103,0,0] Assertion `-sizes[i] <= index && index < sizes[i] && "index out of bounds"` failed.
/opt/conda/conda-bld/pytorch_1727971040866/work/aten/src/ATen/native/cuda/IndexKernel.cu:93: operator(): block: [30,0,0], thread: [104,0,0] Assertion `-sizes[i] <= index && index < sizes[i] && "index out of bounds"` failed.
/opt/conda/conda-bld/pytorch_1727971040866/work/aten/src/ATen/native/cuda/IndexKernel.cu:93: operator(): block: [30,0,0], thread: [105,0,0] Assertion `-sizes[i] <= index && index < sizes[i] && "index out of bounds"` failed.
/opt/conda/conda-bld/pytorch_1727971040866/work/aten/src/ATen/native/cuda/IndexKernel.cu:93: operator(): block: [30,0,0], thread: [106,0,0] Assertion `-sizes[i] <= index && index < sizes[i] && "index out of bounds"` failed.
/opt/conda/conda-bld/pytorch_1727971040866/work/aten/src/ATen/native/cuda/IndexKernel.cu:93: operator(): block: [30,0,0], thread: [107,0,0] Assertion `-sizes[i] <= index && index < sizes[i] && "index out of bounds"` failed.
/opt/conda/conda-bld/pytorch_1727971040866/work/aten/src/ATen/native/cuda/IndexKernel.cu:93: operator(): block: [30,0,0], thread: [108,0,0] Assertion `-sizes[i] <= index && index < sizes[i] && "index out of bounds"` failed.
/opt/conda/conda-bld/pytorch_1727971040866/work/aten/src/ATen/native/cuda/IndexKernel.cu:93: operator(): block: [30,0,0], thread: [109,0,0] Assertion `-sizes[i] <= index && index < sizes[i] && "index out of bounds"` failed.
/opt/conda/conda-bld/pytorch_1727971040866/work/aten/src/ATen/native/cuda/IndexKernel.cu:93: operator(): block: [30,0,0], thread: [110,0,0] Assertion `-sizes[i] <= index && index < sizes[i] && "index out of bounds"` failed.
/opt/conda/conda-bld/pytorch_1727971040866/work/aten/src/ATen/native/cuda/IndexKernel.cu:93: operator(): block: [30,0,0], thread: [111,0,0] Assertion `-sizes[i] <= index && index < sizes[i] && "index out of bounds"` failed.
/opt/conda/conda-bld/pytorch_1727971040866/work/aten/src/ATen/native/cuda/IndexKernel.cu:93: operator(): block: [30,0,0], thread: [112,0,0] Assertion `-sizes[i] <= index && index < sizes[i] && "index out of bounds"` failed.
/opt/conda/conda-bld/pytorch_1727971040866/work/aten/src/ATen/native/cuda/IndexKernel.cu:93: operator(): block: [30,0,0], thread: [113,0,0] Assertion `-sizes[i] <= index && index < sizes[i] && "index out of bounds"` failed.
/opt/conda/conda-bld/pytorch_1727971040866/work/aten/src/ATen/native/cuda/IndexKernel.cu:93: operator(): block: [30,0,0], thread: [114,0,0] Assertion `-sizes[i] <= index && index < sizes[i] && "index out of bounds"` failed.
/opt/conda/conda-bld/pytorch_1727971040866/work/aten/src/ATen/native/cuda/IndexKernel.cu:93: operator(): block: [30,0,0], thread: [115,0,0] Assertion `-sizes[i] <= index && index < sizes[i] && "index out of bounds"` failed.
/opt/conda/conda-bld/pytorch_1727971040866/work/aten/src/ATen/native/cuda/IndexKernel.cu:93: operator(): block: [30,0,0], thread: [116,0,0] Assertion `-sizes[i] <= index && index < sizes[i] && "index out of bounds"` failed.
/opt/conda/conda-bld/pytorch_1727971040866/work/aten/src/ATen/native/cuda/IndexKernel.cu:93: operator(): block: [30,0,0], thread: [117,0,0] Assertion `-sizes[i] <= index && index < sizes[i] && "index out of bounds"` failed.
/opt/conda/conda-bld/pytorch_1727971040866/work/aten/src/ATen/native/cuda/IndexKernel.cu:93: operator(): block: [30,0,0], thread: [118,0,0] Assertion `-sizes[i] <= index && index < sizes[i] && "index out of bounds"` failed.
/opt/conda/conda-bld/pytorch_1727971040866/work/aten/src/ATen/native/cuda/IndexKernel.cu:93: operator(): block: [30,0,0], thread: [119,0,0] Assertion `-sizes[i] <= index && index < sizes[i] && "index out of bounds"` failed.
/opt/conda/conda-bld/pytorch_1727971040866/work/aten/src/ATen/native/cuda/IndexKernel.cu:93: operator(): block: [30,0,0], thread: [120,0,0] Assertion `-sizes[i] <= index && index < sizes[i] && "index out of bounds"` failed.
/opt/conda/conda-bld/pytorch_1727971040866/work/aten/src/ATen/native/cuda/IndexKernel.cu:93: operator(): block: [30,0,0], thread: [121,0,0] Assertion `-sizes[i] <= index && index < sizes[i] && "index out of bounds"` failed.
/opt/conda/conda-bld/pytorch_1727971040866/work/aten/src/ATen/native/cuda/IndexKernel.cu:93: operator(): block: [30,0,0], thread: [122,0,0] Assertion `-sizes[i] <= index && index < sizes[i] && "index out of bounds"` failed.
/opt/conda/conda-bld/pytorch_1727971040866/work/aten/src/ATen/native/cuda/IndexKernel.cu:93: operator(): block: [30,0,0], thread: [123,0,0] Assertion `-sizes[i] <= index && index < sizes[i] && "index out of bounds"` failed.
/opt/conda/conda-bld/pytorch_1727971040866/work/aten/src/ATen/native/cuda/IndexKernel.cu:93: operator(): block: [30,0,0], thread: [124,0,0] Assertion `-sizes[i] <= index && index < sizes[i] && "index out of bounds"` failed.
/opt/conda/conda-bld/pytorch_1727971040866/work/aten/src/ATen/native/cuda/IndexKernel.cu:93: operator(): block: [30,0,0], thread: [125,0,0] Assertion `-sizes[i] <= index && index < sizes[i] && "index out of bounds"` failed.
/opt/conda/conda-bld/pytorch_1727971040866/work/aten/src/ATen/native/cuda/IndexKernel.cu:93: operator(): block: [30,0,0], thread: [126,0,0] Assertion `-sizes[i] <= index && index < sizes[i] && "index out of bounds"` failed.
/opt/conda/conda-bld/pytorch_1727971040866/work/aten/src/ATen/native/cuda/IndexKernel.cu:93: operator(): block: [30,0,0], thread: [127,0,0] Assertion `-sizes[i] <= index && index < sizes[i] && "index out of bounds"` failed.
/opt/conda/conda-bld/pytorch_1727971040866/work/aten/src/ATen/native/cuda/IndexKernel.cu:93: operator(): block: [18,0,0], thread: [32,0,0] Assertion `-sizes[i] <= index && index < sizes[i] && "index out of bounds"` failed.
/opt/conda/conda-bld/pytorch_1727971040866/work/aten/src/ATen/native/cuda/IndexKernel.cu:93: operator(): block: [18,0,0], thread: [33,0,0] Assertion `-sizes[i] <= index && index < sizes[i] && "index out of bounds"` failed.
/opt/conda/conda-bld/pytorch_1727971040866/work/aten/src/ATen/native/cuda/IndexKernel.cu:93: operator(): block: [18,0,0], thread: [34,0,0] Assertion `-sizes[i] <= index && index < sizes[i] && "index out of bounds"` failed.
/opt/conda/conda-bld/pytorch_1727971040866/work/aten/src/ATen/native/cuda/IndexKernel.cu:93: operator(): block: [18,0,0], thread: [35,0,0] Assertion `-sizes[i] <= index && index < sizes[i] && "index out of bounds"` failed.
/opt/conda/conda-bld/pytorch_1727971040866/work/aten/src/ATen/native/cuda/IndexKernel.cu:93: operator(): block: [18,0,0], thread: [36,0,0] Assertion `-sizes[i] <= index && index < sizes[i] && "index out of bounds"` failed.
/opt/conda/conda-bld/pytorch_1727971040866/work/aten/src/ATen/native/cuda/IndexKernel.cu:93: operator(): block: [18,0,0], thread: [37,0,0] Assertion `-sizes[i] <= index && index < sizes[i] && "index out of bounds"` failed.
/opt/conda/conda-bld/pytorch_1727971040866/work/aten/src/ATen/native/cuda/IndexKernel.cu:93: operator(): block: [18,0,0], thread: [38,0,0] Assertion `-sizes[i] <= index && index < sizes[i] && "index out of bounds"` failed.
/opt/conda/conda-bld/pytorch_1727971040866/work/aten/src/ATen/native/cuda/IndexKernel.cu:93: operator(): block: [18,0,0], thread: [39,0,0] Assertion `-sizes[i] <= index && index < sizes[i] && "index out of bounds"` failed.
/opt/conda/conda-bld/pytorch_1727971040866/work/aten/src/ATen/native/cuda/IndexKernel.cu:93: operator(): block: [18,0,0], thread: [40,0,0] Assertion `-sizes[i] <= index && index < sizes[i] && "index out of bounds"` failed.
/opt/conda/conda-bld/pytorch_1727971040866/work/aten/src/ATen/native/cuda/IndexKernel.cu:93: operator(): block: [18,0,0], thread: [41,0,0] Assertion `-sizes[i] <= index && index < sizes[i] && "index out of bounds"` failed.
/opt/conda/conda-bld/pytorch_1727971040866/work/aten/src/ATen/native/cuda/IndexKernel.cu:93: operator(): block: [18,0,0], thread: [42,0,0] Assertion `-sizes[i] <= index && index < sizes[i] && "index out of bounds"` failed.
/opt/conda/conda-bld/pytorch_1727971040866/work/aten/src/ATen/native/cuda/IndexKernel.cu:93: operator(): block: [18,0,0], thread: [43,0,0] Assertion `-sizes[i] <= index && index < sizes[i] && "index out of bounds"` failed.
/opt/conda/conda-bld/pytorch_1727971040866/work/aten/src/ATen/native/cuda/IndexKernel.cu:93: operator(): block: [18,0,0], thread: [44,0,0] Assertion `-sizes[i] <= index && index < sizes[i] && "index out of bounds"` failed.
/opt/conda/conda-bld/pytorch_1727971040866/work/aten/src/ATen/native/cuda/IndexKernel.cu:93: operator(): block: [18,0,0], thread: [45,0,0] Assertion `-sizes[i] <= index && index < sizes[i] && "index out of bounds"` failed.
/opt/conda/conda-bld/pytorch_1727971040866/work/aten/src/ATen/native/cuda/IndexKernel.cu:93: operator(): block: [18,0,0], thread: [46,0,0] Assertion `-sizes[i] <= index && index < sizes[i] && "index out of bounds"` failed.
/opt/conda/conda-bld/pytorch_1727971040866/work/aten/src/ATen/native/cuda/IndexKernel.cu:93: operator(): block: [18,0,0], thread: [47,0,0] Assertion `-sizes[i] <= index && index < sizes[i] && "index out of bounds"` failed.
/opt/conda/conda-bld/pytorch_1727971040866/work/aten/src/ATen/native/cuda/IndexKernel.cu:93: operator(): block: [18,0,0], thread: [48,0,0] Assertion `-sizes[i] <= index && index < sizes[i] && "index out of bounds"` failed.
/opt/conda/conda-bld/pytorch_1727971040866/work/aten/src/ATen/native/cuda/IndexKernel.cu:93: operator(): block: [18,0,0], thread: [49,0,0] Assertion `-sizes[i] <= index && index < sizes[i] && "index out of bounds"` failed.
/opt/conda/conda-bld/pytorch_1727971040866/work/aten/src/ATen/native/cuda/IndexKernel.cu:93: operator(): block: [18,0,0], thread: [50,0,0] Assertion `-sizes[i] <= index && index < sizes[i] && "index out of bounds"` failed.
/opt/conda/conda-bld/pytorch_1727971040866/work/aten/src/ATen/native/cuda/IndexKernel.cu:93: operator(): block: [18,0,0], thread: [51,0,0] Assertion `-sizes[i] <= index && index < sizes[i] && "index out of bounds"` failed.
/opt/conda/conda-bld/pytorch_1727971040866/work/aten/src/ATen/native/cuda/IndexKernel.cu:93: operator(): block: [18,0,0], thread: [52,0,0] Assertion `-sizes[i] <= index && index < sizes[i] && "index out of bounds"` failed.
/opt/conda/conda-bld/pytorch_1727971040866/work/aten/src/ATen/native/cuda/IndexKernel.cu:93: operator(): block: [18,0,0], thread: [53,0,0] Assertion `-sizes[i] <= index && index < sizes[i] && "index out of bounds"` failed.
/opt/conda/conda-bld/pytorch_1727971040866/work/aten/src/ATen/native/cuda/IndexKernel.cu:93: operator(): block: [18,0,0], thread: [54,0,0] Assertion `-sizes[i] <= index && index < sizes[i] && "index out of bounds"` failed.
/opt/conda/conda-bld/pytorch_1727971040866/work/aten/src/ATen/native/cuda/IndexKernel.cu:93: operator(): block: [18,0,0], thread: [55,0,0] Assertion `-sizes[i] <= index && index < sizes[i] && "index out of bounds"` failed.
/opt/conda/conda-bld/pytorch_1727971040866/work/aten/src/ATen/native/cuda/IndexKernel.cu:93: operator(): block: [18,0,0], thread: [56,0,0] Assertion `-sizes[i] <= index && index < sizes[i] && "index out of bounds"` failed.
/opt/conda/conda-bld/pytorch_1727971040866/work/aten/src/ATen/native/cuda/IndexKernel.cu:93: operator(): block: [18,0,0], thread: [57,0,0] Assertion `-sizes[i] <= index && index < sizes[i] && "index out of bounds"` failed.
/opt/conda/conda-bld/pytorch_1727971040866/work/aten/src/ATen/native/cuda/IndexKernel.cu:93: operator(): block: [18,0,0], thread: [58,0,0] Assertion `-sizes[i] <= index && index < sizes[i] && "index out of bounds"` failed.
/opt/conda/conda-bld/pytorch_1727971040866/work/aten/src/ATen/native/cuda/IndexKernel.cu:93: operator(): block: [18,0,0], thread: [59,0,0] Assertion `-sizes[i] <= index && index < sizes[i] && "index out of bounds"` failed.
/opt/conda/conda-bld/pytorch_1727971040866/work/aten/src/ATen/native/cuda/IndexKernel.cu:93: operator(): block: [18,0,0], thread: [60,0,0] Assertion `-sizes[i] <= index && index < sizes[i] && "index out of bounds"` failed.
/opt/conda/conda-bld/pytorch_1727971040866/work/aten/src/ATen/native/cuda/IndexKernel.cu:93: operator(): block: [18,0,0], thread: [61,0,0] Assertion `-sizes[i] <= index && index < sizes[i] && "index out of bounds"` failed.
/opt/conda/conda-bld/pytorch_1727971040866/work/aten/src/ATen/native/cuda/IndexKernel.cu:93: operator(): block: [18,0,0], thread: [62,0,0] Assertion `-sizes[i] <= index && index < sizes[i] && "index out of bounds"` failed.
/opt/conda/conda-bld/pytorch_1727971040866/work/aten/src/ATen/native/cuda/IndexKernel.cu:93: operator(): block: [18,0,0], thread: [63,0,0] Assertion `-sizes[i] <= index && index < sizes[i] && "index out of bounds"` failed.
/opt/conda/conda-bld/pytorch_1727971040866/work/aten/src/ATen/native/cuda/IndexKernel.cu:93: operator(): block: [35,0,0], thread: [32,0,0] Assertion `-sizes[i] <= index && index < sizes[i] && "index out of bounds"` failed.
/opt/conda/conda-bld/pytorch_1727971040866/work/aten/src/ATen/native/cuda/IndexKernel.cu:93: operator(): block: [35,0,0], thread: [33,0,0] Assertion `-sizes[i] <= index && index < sizes[i] && "index out of bounds"` failed.
/opt/conda/conda-bld/pytorch_1727971040866/work/aten/src/ATen/native/cuda/IndexKernel.cu:93: operator(): block: [35,0,0], thread: [34,0,0] Assertion `-sizes[i] <= index && index < sizes[i] && "index out of bounds"` failed.
/opt/conda/conda-bld/pytorch_1727971040866/work/aten/src/ATen/native/cuda/IndexKernel.cu:93: operator(): block: [35,0,0], thread: [35,0,0] Assertion `-sizes[i] <= index && index < sizes[i] && "index out of bounds"` failed.
/opt/conda/conda-bld/pytorch_1727971040866/work/aten/src/ATen/native/cuda/IndexKernel.cu:93: operator(): block: [35,0,0], thread: [36,0,0] Assertion `-sizes[i] <= index && index < sizes[i] && "index out of bounds"` failed.
/opt/conda/conda-bld/pytorch_1727971040866/work/aten/src/ATen/native/cuda/IndexKernel.cu:93: operator(): block: [35,0,0], thread: [37,0,0] Assertion `-sizes[i] <= index && index < sizes[i] && "index out of bounds"` failed.
/opt/conda/conda-bld/pytorch_1727971040866/work/aten/src/ATen/native/cuda/IndexKernel.cu:93: operator(): block: [35,0,0], thread: [38,0,0] Assertion `-sizes[i] <= index && index < sizes[i] && "index out of bounds"` failed.
/opt/conda/conda-bld/pytorch_1727971040866/work/aten/src/ATen/native/cuda/IndexKernel.cu:93: operator(): block: [35,0,0], thread: [39,0,0] Assertion `-sizes[i] <= index && index < sizes[i] && "index out of bounds"` failed.
/opt/conda/conda-bld/pytorch_1727971040866/work/aten/src/ATen/native/cuda/IndexKernel.cu:93: operator(): block: [35,0,0], thread: [40,0,0] Assertion `-sizes[i] <= index && index < sizes[i] && "index out of bounds"` failed.
/opt/conda/conda-bld/pytorch_1727971040866/work/aten/src/ATen/native/cuda/IndexKernel.cu:93: operator(): block: [35,0,0], thread: [41,0,0] Assertion `-sizes[i] <= index && index < sizes[i] && "index out of bounds"` failed.
/opt/conda/conda-bld/pytorch_1727971040866/work/aten/src/ATen/native/cuda/IndexKernel.cu:93: operator(): block: [35,0,0], thread: [42,0,0] Assertion `-sizes[i] <= index && index < sizes[i] && "index out of bounds"` failed.
/opt/conda/conda-bld/pytorch_1727971040866/work/aten/src/ATen/native/cuda/IndexKernel.cu:93: operator(): block: [35,0,0], thread: [43,0,0] Assertion `-sizes[i] <= index && index < sizes[i] && "index out of bounds"` failed.
/opt/conda/conda-bld/pytorch_1727971040866/work/aten/src/ATen/native/cuda/IndexKernel.cu:93: operator(): block: [35,0,0], thread: [44,0,0] Assertion `-sizes[i] <= index && index < sizes[i] && "index out of bounds"` failed.
/opt/conda/conda-bld/pytorch_1727971040866/work/aten/src/ATen/native/cuda/IndexKernel.cu:93: operator(): block: [35,0,0], thread: [45,0,0] Assertion `-sizes[i] <= index && index < sizes[i] && "index out of bounds"` failed.
/opt/conda/conda-bld/pytorch_1727971040866/work/aten/src/ATen/native/cuda/IndexKernel.cu:93: operator(): block: [35,0,0], thread: [46,0,0] Assertion `-sizes[i] <= index && index < sizes[i] && "index out of bounds"` failed.
/opt/conda/conda-bld/pytorch_1727971040866/work/aten/src/ATen/native/cuda/IndexKernel.cu:93: operator(): block: [35,0,0], thread: [47,0,0] Assertion `-sizes[i] <= index && index < sizes[i] && "index out of bounds"` failed.
/opt/conda/conda-bld/pytorch_1727971040866/work/aten/src/ATen/native/cuda/IndexKernel.cu:93: operator(): block: [35,0,0], thread: [48,0,0] Assertion `-sizes[i] <= index && index < sizes[i] && "index out of bounds"` failed.
/opt/conda/conda-bld/pytorch_1727971040866/work/aten/src/ATen/native/cuda/IndexKernel.cu:93: operator(): block: [35,0,0], thread: [49,0,0] Assertion `-sizes[i] <= index && index < sizes[i] && "index out of bounds"` failed.
/opt/conda/conda-bld/pytorch_1727971040866/work/aten/src/ATen/native/cuda/IndexKernel.cu:93: operator(): block: [35,0,0], thread: [50,0,0] Assertion `-sizes[i] <= index && index < sizes[i] && "index out of bounds"` failed.
/opt/conda/conda-bld/pytorch_1727971040866/work/aten/src/ATen/native/cuda/IndexKernel.cu:93: operator(): block: [35,0,0], thread: [51,0,0] Assertion `-sizes[i] <= index && index < sizes[i] && "index out of bounds"` failed.
/opt/conda/conda-bld/pytorch_1727971040866/work/aten/src/ATen/native/cuda/IndexKernel.cu:93: operator(): block: [35,0,0], thread: [52,0,0] Assertion `-sizes[i] <= index && index < sizes[i] && "index out of bounds"` failed.
/opt/conda/conda-bld/pytorch_1727971040866/work/aten/src/ATen/native/cuda/IndexKernel.cu:93: operator(): block: [35,0,0], thread: [53,0,0] Assertion `-sizes[i] <= index && index < sizes[i] && "index out of bounds"` failed.
/opt/conda/conda-bld/pytorch_1727971040866/work/aten/src/ATen/native/cuda/IndexKernel.cu:93: operator(): block: [35,0,0], thread: [54,0,0] Assertion `-sizes[i] <= index && index < sizes[i] && "index out of bounds"` failed.
/opt/conda/conda-bld/pytorch_1727971040866/work/aten/src/ATen/native/cuda/IndexKernel.cu:93: operator(): block: [35,0,0], thread: [55,0,0] Assertion `-sizes[i] <= index && index < sizes[i] && "index out of bounds"` failed.
/opt/conda/conda-bld/pytorch_1727971040866/work/aten/src/ATen/native/cuda/IndexKernel.cu:93: operator(): block: [35,0,0], thread: [56,0,0] Assertion `-sizes[i] <= index && index < sizes[i] && "index out of bounds"` failed.
/opt/conda/conda-bld/pytorch_1727971040866/work/aten/src/ATen/native/cuda/IndexKernel.cu:93: operator(): block: [35,0,0], thread: [57,0,0] Assertion `-sizes[i] <= index && index < sizes[i] && "index out of bounds"` failed.
/opt/conda/conda-bld/pytorch_1727971040866/work/aten/src/ATen/native/cuda/IndexKernel.cu:93: operator(): block: [35,0,0], thread: [58,0,0] Assertion `-sizes[i] <= index && index < sizes[i] && "index out of bounds"` failed.
/opt/conda/conda-bld/pytorch_1727971040866/work/aten/src/ATen/native/cuda/IndexKernel.cu:93: operator(): block: [35,0,0], thread: [59,0,0] Assertion `-sizes[i] <= index && index < sizes[i] && "index out of bounds"` failed.
/opt/conda/conda-bld/pytorch_1727971040866/work/aten/src/ATen/native/cuda/IndexKernel.cu:93: operator(): block: [35,0,0], thread: [60,0,0] Assertion `-sizes[i] <= index && index < sizes[i] && "index out of bounds"` failed.
/opt/conda/conda-bld/pytorch_1727971040866/work/aten/src/ATen/native/cuda/IndexKernel.cu:93: operator(): block: [35,0,0], thread: [61,0,0] Assertion `-sizes[i] <= index && index < sizes[i] && "index out of bounds"` failed.
/opt/conda/conda-bld/pytorch_1727971040866/work/aten/src/ATen/native/cuda/IndexKernel.cu:93: operator(): block: [35,0,0], thread: [62,0,0] Assertion `-sizes[i] <= index && index < sizes[i] && "index out of bounds"` failed.
/opt/conda/conda-bld/pytorch_1727971040866/work/aten/src/ATen/native/cuda/IndexKernel.cu:93: operator(): block: [35,0,0], thread: [63,0,0] Assertion `-sizes[i] <= index && index < sizes[i] && "index out of bounds"` failed.
/opt/conda/conda-bld/pytorch_1727971040866/work/aten/src/ATen/native/cuda/IndexKernel.cu:93: operator(): block: [35,0,0], thread: [0,0,0] Assertion `-sizes[i] <= index && index < sizes[i] && "index out of bounds"` failed.
/opt/conda/conda-bld/pytorch_1727971040866/work/aten/src/ATen/native/cuda/IndexKernel.cu:93: operator(): block: [35,0,0], thread: [1,0,0] Assertion `-sizes[i] <= index && index < sizes[i] && "index out of bounds"` failed.
/opt/conda/conda-bld/pytorch_1727971040866/work/aten/src/ATen/native/cuda/IndexKernel.cu:93: operator(): block: [35,0,0], thread: [2,0,0] Assertion `-sizes[i] <= index && index < sizes[i] && "index out of bounds"` failed.
/opt/conda/conda-bld/pytorch_1727971040866/work/aten/src/ATen/native/cuda/IndexKernel.cu:93: operator(): block: [35,0,0], thread: [3,0,0] Assertion `-sizes[i] <= index && index < sizes[i] && "index out of bounds"` failed.
/opt/conda/conda-bld/pytorch_1727971040866/work/aten/src/ATen/native/cuda/IndexKernel.cu:93: operator(): block: [35,0,0], thread: [4,0,0] Assertion `-sizes[i] <= index && index < sizes[i] && "index out of bounds"` failed.
/opt/conda/conda-bld/pytorch_1727971040866/work/aten/src/ATen/native/cuda/IndexKernel.cu:93: operator(): block: [35,0,0], thread: [5,0,0] Assertion `-sizes[i] <= index && index < sizes[i] && "index out of bounds"` failed.
/opt/conda/conda-bld/pytorch_1727971040866/work/aten/src/ATen/native/cuda/IndexKernel.cu:93: operator(): block: [35,0,0], thread: [6,0,0] Assertion `-sizes[i] <= index && index < sizes[i] && "index out of bounds"` failed.
/opt/conda/conda-bld/pytorch_1727971040866/work/aten/src/ATen/native/cuda/IndexKernel.cu:93: operator(): block: [35,0,0], thread: [7,0,0] Assertion `-sizes[i] <= index && index < sizes[i] && "index out of bounds"` failed.
/opt/conda/conda-bld/pytorch_1727971040866/work/aten/src/ATen/native/cuda/IndexKernel.cu:93: operator(): block: [35,0,0], thread: [8,0,0] Assertion `-sizes[i] <= index && index < sizes[i] && "index out of bounds"` failed.
/opt/conda/conda-bld/pytorch_1727971040866/work/aten/src/ATen/native/cuda/IndexKernel.cu:93: operator(): block: [35,0,0], thread: [9,0,0] Assertion `-sizes[i] <= index && index < sizes[i] && "index out of bounds"` failed.
/opt/conda/conda-bld/pytorch_1727971040866/work/aten/src/ATen/native/cuda/IndexKernel.cu:93: operator(): block: [35,0,0], thread: [10,0,0] Assertion `-sizes[i] <= index && index < sizes[i] && "index out of bounds"` failed.
/opt/conda/conda-bld/pytorch_1727971040866/work/aten/src/ATen/native/cuda/IndexKernel.cu:93: operator(): block: [35,0,0], thread: [11,0,0] Assertion `-sizes[i] <= index && index < sizes[i] && "index out of bounds"` failed.
/opt/conda/conda-bld/pytorch_1727971040866/work/aten/src/ATen/native/cuda/IndexKernel.cu:93: operator(): block: [35,0,0], thread: [12,0,0] Assertion `-sizes[i] <= index && index < sizes[i] && "index out of bounds"` failed.
/opt/conda/conda-bld/pytorch_1727971040866/work/aten/src/ATen/native/cuda/IndexKernel.cu:93: operator(): block: [35,0,0], thread: [13,0,0] Assertion `-sizes[i] <= index && index < sizes[i] && "index out of bounds"` failed.
/opt/conda/conda-bld/pytorch_1727971040866/work/aten/src/ATen/native/cuda/IndexKernel.cu:93: operator(): block: [35,0,0], thread: [14,0,0] Assertion `-sizes[i] <= index && index < sizes[i] && "index out of bounds"` failed.
/opt/conda/conda-bld/pytorch_1727971040866/work/aten/src/ATen/native/cuda/IndexKernel.cu:93: operator(): block: [35,0,0], thread: [15,0,0] Assertion `-sizes[i] <= index && index < sizes[i] && "index out of bounds"` failed.
/opt/conda/conda-bld/pytorch_1727971040866/work/aten/src/ATen/native/cuda/IndexKernel.cu:93: operator(): block: [35,0,0], thread: [16,0,0] Assertion `-sizes[i] <= index && index < sizes[i] && "index out of bounds"` failed.
/opt/conda/conda-bld/pytorch_1727971040866/work/aten/src/ATen/native/cuda/IndexKernel.cu:93: operator(): block: [35,0,0], thread: [17,0,0] Assertion `-sizes[i] <= index && index < sizes[i] && "index out of bounds"` failed.
/opt/conda/conda-bld/pytorch_1727971040866/work/aten/src/ATen/native/cuda/IndexKernel.cu:93: operator(): block: [35,0,0], thread: [18,0,0] Assertion `-sizes[i] <= index && index < sizes[i] && "index out of bounds"` failed.
/opt/conda/conda-bld/pytorch_1727971040866/work/aten/src/ATen/native/cuda/IndexKernel.cu:93: operator(): block: [35,0,0], thread: [19,0,0] Assertion `-sizes[i] <= index && index < sizes[i] && "index out of bounds"` failed.
/opt/conda/conda-bld/pytorch_1727971040866/work/aten/src/ATen/native/cuda/IndexKernel.cu:93: operator(): block: [35,0,0], thread: [20,0,0] Assertion `-sizes[i] <= index && index < sizes[i] && "index out of bounds"` failed.
/opt/conda/conda-bld/pytorch_1727971040866/work/aten/src/ATen/native/cuda/IndexKernel.cu:93: operator(): block: [35,0,0], thread: [21,0,0] Assertion `-sizes[i] <= index && index < sizes[i] && "index out of bounds"` failed.
/opt/conda/conda-bld/pytorch_1727971040866/work/aten/src/ATen/native/cuda/IndexKernel.cu:93: operator(): block: [35,0,0], thread: [22,0,0] Assertion `-sizes[i] <= index && index < sizes[i] && "index out of bounds"` failed.
/opt/conda/conda-bld/pytorch_1727971040866/work/aten/src/ATen/native/cuda/IndexKernel.cu:93: operator(): block: [35,0,0], thread: [23,0,0] Assertion `-sizes[i] <= index && index < sizes[i] && "index out of bounds"` failed.
/opt/conda/conda-bld/pytorch_1727971040866/work/aten/src/ATen/native/cuda/IndexKernel.cu:93: operator(): block: [35,0,0], thread: [24,0,0] Assertion `-sizes[i] <= index && index < sizes[i] && "index out of bounds"` failed.
/opt/conda/conda-bld/pytorch_1727971040866/work/aten/src/ATen/native/cuda/IndexKernel.cu:93: operator(): block: [35,0,0], thread: [25,0,0] Assertion `-sizes[i] <= index && index < sizes[i] && "index out of bounds"` failed.
/opt/conda/conda-bld/pytorch_1727971040866/work/aten/src/ATen/native/cuda/IndexKernel.cu:93: operator(): block: [35,0,0], thread: [26,0,0] Assertion `-sizes[i] <= index && index < sizes[i] && "index out of bounds"` failed.
/opt/conda/conda-bld/pytorch_1727971040866/work/aten/src/ATen/native/cuda/IndexKernel.cu:93: operator(): block: [35,0,0], thread: [27,0,0] Assertion `-sizes[i] <= index && index < sizes[i] && "index out of bounds"` failed.
/opt/conda/conda-bld/pytorch_1727971040866/work/aten/src/ATen/native/cuda/IndexKernel.cu:93: operator(): block: [35,0,0], thread: [28,0,0] Assertion `-sizes[i] <= index && index < sizes[i] && "index out of bounds"` failed.
/opt/conda/conda-bld/pytorch_1727971040866/work/aten/src/ATen/native/cuda/IndexKernel.cu:93: operator(): block: [35,0,0], thread: [29,0,0] Assertion `-sizes[i] <= index && index < sizes[i] && "index out of bounds"` failed.
/opt/conda/conda-bld/pytorch_1727971040866/work/aten/src/ATen/native/cuda/IndexKernel.cu:93: operator(): block: [35,0,0], thread: [30,0,0] Assertion `-sizes[i] <= index && index < sizes[i] && "index out of bounds"` failed.
/opt/conda/conda-bld/pytorch_1727971040866/work/aten/src/ATen/native/cuda/IndexKernel.cu:93: operator(): block: [35,0,0], thread: [31,0,0] Assertion `-sizes[i] <= index && index < sizes[i] && "index out of bounds"` failed.
/opt/conda/conda-bld/pytorch_1727971040866/work/aten/src/ATen/native/cuda/IndexKernel.cu:93: operator(): block: [14,0,0], thread: [0,0,0] Assertion `-sizes[i] <= index && index < sizes[i] && "index out of bounds"` failed.
/opt/conda/conda-bld/pytorch_1727971040866/work/aten/src/ATen/native/cuda/IndexKernel.cu:93: operator(): block: [14,0,0], thread: [1,0,0] Assertion `-sizes[i] <= index && index < sizes[i] && "index out of bounds"` failed.
/opt/conda/conda-bld/pytorch_1727971040866/work/aten/src/ATen/native/cuda/IndexKernel.cu:93: operator(): block: [14,0,0], thread: [2,0,0] Assertion `-sizes[i] <= index && index < sizes[i] && "index out of bounds"` failed.
/opt/conda/conda-bld/pytorch_1727971040866/work/aten/src/ATen/native/cuda/IndexKernel.cu:93: operator(): block: [14,0,0], thread: [3,0,0] Assertion `-sizes[i] <= index && index < sizes[i] && "index out of bounds"` failed.
/opt/conda/conda-bld/pytorch_1727971040866/work/aten/src/ATen/native/cuda/IndexKernel.cu:93: operator(): block: [14,0,0], thread: [4,0,0] Assertion `-sizes[i] <= index && index < sizes[i] && "index out of bounds"` failed.
/opt/conda/conda-bld/pytorch_1727971040866/work/aten/src/ATen/native/cuda/IndexKernel.cu:93: operator(): block: [14,0,0], thread: [5,0,0] Assertion `-sizes[i] <= index && index < sizes[i] && "index out of bounds"` failed.
/opt/conda/conda-bld/pytorch_1727971040866/work/aten/src/ATen/native/cuda/IndexKernel.cu:93: operator(): block: [14,0,0], thread: [6,0,0] Assertion `-sizes[i] <= index && index < sizes[i] && "index out of bounds"` failed.
/opt/conda/conda-bld/pytorch_1727971040866/work/aten/src/ATen/native/cuda/IndexKernel.cu:93: operator(): block: [14,0,0], thread: [7,0,0] Assertion `-sizes[i] <= index && index < sizes[i] && "index out of bounds"` failed.
/opt/conda/conda-bld/pytorch_1727971040866/work/aten/src/ATen/native/cuda/IndexKernel.cu:93: operator(): block: [14,0,0], thread: [8,0,0] Assertion `-sizes[i] <= index && index < sizes[i] && "index out of bounds"` failed.
/opt/conda/conda-bld/pytorch_1727971040866/work/aten/src/ATen/native/cuda/IndexKernel.cu:93: operator(): block: [14,0,0], thread: [9,0,0] Assertion `-sizes[i] <= index && index < sizes[i] && "index out of bounds"` failed.
/opt/conda/conda-bld/pytorch_1727971040866/work/aten/src/ATen/native/cuda/IndexKernel.cu:93: operator(): block: [14,0,0], thread: [10,0,0] Assertion `-sizes[i] <= index && index < sizes[i] && "index out of bounds"` failed.
/opt/conda/conda-bld/pytorch_1727971040866/work/aten/src/ATen/native/cuda/IndexKernel.cu:93: operator(): block: [14,0,0], thread: [11,0,0] Assertion `-sizes[i] <= index && index < sizes[i] && "index out of bounds"` failed.
/opt/conda/conda-bld/pytorch_1727971040866/work/aten/src/ATen/native/cuda/IndexKernel.cu:93: operator(): block: [14,0,0], thread: [12,0,0] Assertion `-sizes[i] <= index && index < sizes[i] && "index out of bounds"` failed.
/opt/conda/conda-bld/pytorch_1727971040866/work/aten/src/ATen/native/cuda/IndexKernel.cu:93: operator(): block: [14,0,0], thread: [13,0,0] Assertion `-sizes[i] <= index && index < sizes[i] && "index out of bounds"` failed.
/opt/conda/conda-bld/pytorch_1727971040866/work/aten/src/ATen/native/cuda/IndexKernel.cu:93: operator(): block: [14,0,0], thread: [14,0,0] Assertion `-sizes[i] <= index && index < sizes[i] && "index out of bounds"` failed.
/opt/conda/conda-bld/pytorch_1727971040866/work/aten/src/ATen/native/cuda/IndexKernel.cu:93: operator(): block: [14,0,0], thread: [15,0,0] Assertion `-sizes[i] <= index && index < sizes[i] && "index out of bounds"` failed.
/opt/conda/conda-bld/pytorch_1727971040866/work/aten/src/ATen/native/cuda/IndexKernel.cu:93: operator(): block: [14,0,0], thread: [16,0,0] Assertion `-sizes[i] <= index && index < sizes[i] && "index out of bounds"` failed.
/opt/conda/conda-bld/pytorch_1727971040866/work/aten/src/ATen/native/cuda/IndexKernel.cu:93: operator(): block: [14,0,0], thread: [17,0,0] Assertion `-sizes[i] <= index && index < sizes[i] && "index out of bounds"` failed.
/opt/conda/conda-bld/pytorch_1727971040866/work/aten/src/ATen/native/cuda/IndexKernel.cu:93: operator(): block: [14,0,0], thread: [18,0,0] Assertion `-sizes[i] <= index && index < sizes[i] && "index out of bounds"` failed.
/opt/conda/conda-bld/pytorch_1727971040866/work/aten/src/ATen/native/cuda/IndexKernel.cu:93: operator(): block: [14,0,0], thread: [19,0,0] Assertion `-sizes[i] <= index && index < sizes[i] && "index out of bounds"` failed.
/opt/conda/conda-bld/pytorch_1727971040866/work/aten/src/ATen/native/cuda/IndexKernel.cu:93: operator(): block: [14,0,0], thread: [20,0,0] Assertion `-sizes[i] <= index && index < sizes[i] && "index out of bounds"` failed.
/opt/conda/conda-bld/pytorch_1727971040866/work/aten/src/ATen/native/cuda/IndexKernel.cu:93: operator(): block: [14,0,0], thread: [21,0,0] Assertion `-sizes[i] <= index && index < sizes[i] && "index out of bounds"` failed.
/opt/conda/conda-bld/pytorch_1727971040866/work/aten/src/ATen/native/cuda/IndexKernel.cu:93: operator(): block: [14,0,0], thread: [22,0,0] Assertion `-sizes[i] <= index && index < sizes[i] && "index out of bounds"` failed.
/opt/conda/conda-bld/pytorch_1727971040866/work/aten/src/ATen/native/cuda/IndexKernel.cu:93: operator(): block: [14,0,0], thread: [23,0,0] Assertion `-sizes[i] <= index && index < sizes[i] && "index out of bounds"` failed.
/opt/conda/conda-bld/pytorch_1727971040866/work/aten/src/ATen/native/cuda/IndexKernel.cu:93: operator(): block: [14,0,0], thread: [24,0,0] Assertion `-sizes[i] <= index && index < sizes[i] && "index out of bounds"` failed.
/opt/conda/conda-bld/pytorch_1727971040866/work/aten/src/ATen/native/cuda/IndexKernel.cu:93: operator(): block: [14,0,0], thread: [25,0,0] Assertion `-sizes[i] <= index && index < sizes[i] && "index out of bounds"` failed.
/opt/conda/conda-bld/pytorch_1727971040866/work/aten/src/ATen/native/cuda/IndexKernel.cu:93: operator(): block: [14,0,0], thread: [26,0,0] Assertion `-sizes[i] <= index && index < sizes[i] && "index out of bounds"` failed.
/opt/conda/conda-bld/pytorch_1727971040866/work/aten/src/ATen/native/cuda/IndexKernel.cu:93: operator(): block: [14,0,0], thread: [27,0,0] Assertion `-sizes[i] <= index && index < sizes[i] && "index out of bounds"` failed.
/opt/conda/conda-bld/pytorch_1727971040866/work/aten/src/ATen/native/cuda/IndexKernel.cu:93: operator(): block: [14,0,0], thread: [28,0,0] Assertion `-sizes[i] <= index && index < sizes[i] && "index out of bounds"` failed.
/opt/conda/conda-bld/pytorch_1727971040866/work/aten/src/ATen/native/cuda/IndexKernel.cu:93: operator(): block: [14,0,0], thread: [29,0,0] Assertion `-sizes[i] <= index && index < sizes[i] && "index out of bounds"` failed.
/opt/conda/conda-bld/pytorch_1727971040866/work/aten/src/ATen/native/cuda/IndexKernel.cu:93: operator(): block: [14,0,0], thread: [30,0,0] Assertion `-sizes[i] <= index && index < sizes[i] && "index out of bounds"` failed.
/opt/conda/conda-bld/pytorch_1727971040866/work/aten/src/ATen/native/cuda/IndexKernel.cu:93: operator(): block: [14,0,0], thread: [31,0,0] Assertion `-sizes[i] <= index && index < sizes[i] && "index out of bounds"` failed.
/opt/conda/conda-bld/pytorch_1727971040866/work/aten/src/ATen/native/cuda/IndexKernel.cu:93: operator(): block: [32,0,0], thread: [32,0,0] Assertion `-sizes[i] <= index && index < sizes[i] && "index out of bounds"` failed.
/opt/conda/conda-bld/pytorch_1727971040866/work/aten/src/ATen/native/cuda/IndexKernel.cu:93: operator(): block: [32,0,0], thread: [33,0,0] Assertion `-sizes[i] <= index && index < sizes[i] && "index out of bounds"` failed.
/opt/conda/conda-bld/pytorch_1727971040866/work/aten/src/ATen/native/cuda/IndexKernel.cu:93: operator(): block: [32,0,0], thread: [34,0,0] Assertion `-sizes[i] <= index && index < sizes[i] && "index out of bounds"` failed.
/opt/conda/conda-bld/pytorch_1727971040866/work/aten/src/ATen/native/cuda/IndexKernel.cu:93: operator(): block: [32,0,0], thread: [35,0,0] Assertion `-sizes[i] <= index && index < sizes[i] && "index out of bounds"` failed.
/opt/conda/conda-bld/pytorch_1727971040866/work/aten/src/ATen/native/cuda/IndexKernel.cu:93: operator(): block: [32,0,0], thread: [36,0,0] Assertion `-sizes[i] <= index && index < sizes[i] && "index out of bounds"` failed.
/opt/conda/conda-bld/pytorch_1727971040866/work/aten/src/ATen/native/cuda/IndexKernel.cu:93: operator(): block: [32,0,0], thread: [37,0,0] Assertion `-sizes[i] <= index && index < sizes[i] && "index out of bounds"` failed.
/opt/conda/conda-bld/pytorch_1727971040866/work/aten/src/ATen/native/cuda/IndexKernel.cu:93: operator(): block: [32,0,0], thread: [38,0,0] Assertion `-sizes[i] <= index && index < sizes[i] && "index out of bounds"` failed.
/opt/conda/conda-bld/pytorch_1727971040866/work/aten/src/ATen/native/cuda/IndexKernel.cu:93: operator(): block: [32,0,0], thread: [39,0,0] Assertion `-sizes[i] <= index && index < sizes[i] && "index out of bounds"` failed.
/opt/conda/conda-bld/pytorch_1727971040866/work/aten/src/ATen/native/cuda/IndexKernel.cu:93: operator(): block: [32,0,0], thread: [40,0,0] Assertion `-sizes[i] <= index && index < sizes[i] && "index out of bounds"` failed.
/opt/conda/conda-bld/pytorch_1727971040866/work/aten/src/ATen/native/cuda/IndexKernel.cu:93: operator(): block: [32,0,0], thread: [41,0,0] Assertion `-sizes[i] <= index && index < sizes[i] && "index out of bounds"` failed.
/opt/conda/conda-bld/pytorch_1727971040866/work/aten/src/ATen/native/cuda/IndexKernel.cu:93: operator(): block: [32,0,0], thread: [42,0,0] Assertion `-sizes[i] <= index && index < sizes[i] && "index out of bounds"` failed.
/opt/conda/conda-bld/pytorch_1727971040866/work/aten/src/ATen/native/cuda/IndexKernel.cu:93: operator(): block: [32,0,0], thread: [43,0,0] Assertion `-sizes[i] <= index && index < sizes[i] && "index out of bounds"` failed.
/opt/conda/conda-bld/pytorch_1727971040866/work/aten/src/ATen/native/cuda/IndexKernel.cu:93: operator(): block: [32,0,0], thread: [44,0,0] Assertion `-sizes[i] <= index && index < sizes[i] && "index out of bounds"` failed.
/opt/conda/conda-bld/pytorch_1727971040866/work/aten/src/ATen/native/cuda/IndexKernel.cu:93: operator(): block: [32,0,0], thread: [45,0,0] Assertion `-sizes[i] <= index && index < sizes[i] && "index out of bounds"` failed.
/opt/conda/conda-bld/pytorch_1727971040866/work/aten/src/ATen/native/cuda/IndexKernel.cu:93: operator(): block: [32,0,0], thread: [46,0,0] Assertion `-sizes[i] <= index && index < sizes[i] && "index out of bounds"` failed.
/opt/conda/conda-bld/pytorch_1727971040866/work/aten/src/ATen/native/cuda/IndexKernel.cu:93: operator(): block: [32,0,0], thread: [47,0,0] Assertion `-sizes[i] <= index && index < sizes[i] && "index out of bounds"` failed.
/opt/conda/conda-bld/pytorch_1727971040866/work/aten/src/ATen/native/cuda/IndexKernel.cu:93: operator(): block: [32,0,0], thread: [48,0,0] Assertion `-sizes[i] <= index && index < sizes[i] && "index out of bounds"` failed.
/opt/conda/conda-bld/pytorch_1727971040866/work/aten/src/ATen/native/cuda/IndexKernel.cu:93: operator(): block: [32,0,0], thread: [49,0,0] Assertion `-sizes[i] <= index && index < sizes[i] && "index out of bounds"` failed.
/opt/conda/conda-bld/pytorch_1727971040866/work/aten/src/ATen/native/cuda/IndexKernel.cu:93: operator(): block: [32,0,0], thread: [50,0,0] Assertion `-sizes[i] <= index && index < sizes[i] && "index out of bounds"` failed.
/opt/conda/conda-bld/pytorch_1727971040866/work/aten/src/ATen/native/cuda/IndexKernel.cu:93: operator(): block: [32,0,0], thread: [51,0,0] Assertion `-sizes[i] <= index && index < sizes[i] && "index out of bounds"` failed.
/opt/conda/conda-bld/pytorch_1727971040866/work/aten/src/ATen/native/cuda/IndexKernel.cu:93: operator(): block: [32,0,0], thread: [52,0,0] Assertion `-sizes[i] <= index && index < sizes[i] && "index out of bounds"` failed.
/opt/conda/conda-bld/pytorch_1727971040866/work/aten/src/ATen/native/cuda/IndexKernel.cu:93: operator(): block: [32,0,0], thread: [53,0,0] Assertion `-sizes[i] <= index && index < sizes[i] && "index out of bounds"` failed.
/opt/conda/conda-bld/pytorch_1727971040866/work/aten/src/ATen/native/cuda/IndexKernel.cu:93: operator(): block: [32,0,0], thread: [54,0,0] Assertion `-sizes[i] <= index && index < sizes[i] && "index out of bounds"` failed.
/opt/conda/conda-bld/pytorch_1727971040866/work/aten/src/ATen/native/cuda/IndexKernel.cu:93: operator(): block: [32,0,0], thread: [55,0,0] Assertion `-sizes[i] <= index && index < sizes[i] && "index out of bounds"` failed.
/opt/conda/conda-bld/pytorch_1727971040866/work/aten/src/ATen/native/cuda/IndexKernel.cu:93: operator(): block: [32,0,0], thread: [56,0,0] Assertion `-sizes[i] <= index && index < sizes[i] && "index out of bounds"` failed.
/opt/conda/conda-bld/pytorch_1727971040866/work/aten/src/ATen/native/cuda/IndexKernel.cu:93: operator(): block: [32,0,0], thread: [57,0,0] Assertion `-sizes[i] <= index && index < sizes[i] && "index out of bounds"` failed.
/opt/conda/conda-bld/pytorch_1727971040866/work/aten/src/ATen/native/cuda/IndexKernel.cu:93: operator(): block: [32,0,0], thread: [58,0,0] Assertion `-sizes[i] <= index && index < sizes[i] && "index out of bounds"` failed.
/opt/conda/conda-bld/pytorch_1727971040866/work/aten/src/ATen/native/cuda/IndexKernel.cu:93: operator(): block: [32,0,0], thread: [59,0,0] Assertion `-sizes[i] <= index && index < sizes[i] && "index out of bounds"` failed.
/opt/conda/conda-bld/pytorch_1727971040866/work/aten/src/ATen/native/cuda/IndexKernel.cu:93: operator(): block: [32,0,0], thread: [60,0,0] Assertion `-sizes[i] <= index && index < sizes[i] && "index out of bounds"` failed.
/opt/conda/conda-bld/pytorch_1727971040866/work/aten/src/ATen/native/cuda/IndexKernel.cu:93: operator(): block: [32,0,0], thread: [61,0,0] Assertion `-sizes[i] <= index && index < sizes[i] && "index out of bounds"` failed.
/opt/conda/conda-bld/pytorch_1727971040866/work/aten/src/ATen/native/cuda/IndexKernel.cu:93: operator(): block: [32,0,0], thread: [62,0,0] Assertion `-sizes[i] <= index && index < sizes[i] && "index out of bounds"` failed.
/opt/conda/conda-bld/pytorch_1727971040866/work/aten/src/ATen/native/cuda/IndexKernel.cu:93: operator(): block: [32,0,0], thread: [63,0,0] Assertion `-sizes[i] <= index && index < sizes[i] && "index out of bounds"` failed.
/opt/conda/conda-bld/pytorch_1727971040866/work/aten/src/ATen/native/cuda/IndexKernel.cu:93: operator(): block: [34,0,0], thread: [32,0,0] Assertion `-sizes[i] <= index && index < sizes[i] && "index out of bounds"` failed.
/opt/conda/conda-bld/pytorch_1727971040866/work/aten/src/ATen/native/cuda/IndexKernel.cu:93: operator(): block: [34,0,0], thread: [33,0,0] Assertion `-sizes[i] <= index && index < sizes[i] && "index out of bounds"` failed.
/opt/conda/conda-bld/pytorch_1727971040866/work/aten/src/ATen/native/cuda/IndexKernel.cu:93: operator(): block: [34,0,0], thread: [34,0,0] Assertion `-sizes[i] <= index && index < sizes[i] && "index out of bounds"` failed.
/opt/conda/conda-bld/pytorch_1727971040866/work/aten/src/ATen/native/cuda/IndexKernel.cu:93: operator(): block: [34,0,0], thread: [35,0,0] Assertion `-sizes[i] <= index && index < sizes[i] && "index out of bounds"` failed.
/opt/conda/conda-bld/pytorch_1727971040866/work/aten/src/ATen/native/cuda/IndexKernel.cu:93: operator(): block: [34,0,0], thread: [36,0,0] Assertion `-sizes[i] <= index && index < sizes[i] && "index out of bounds"` failed.
/opt/conda/conda-bld/pytorch_1727971040866/work/aten/src/ATen/native/cuda/IndexKernel.cu:93: operator(): block: [34,0,0], thread: [37,0,0] Assertion `-sizes[i] <= index && index < sizes[i] && "index out of bounds"` failed.
/opt/conda/conda-bld/pytorch_1727971040866/work/aten/src/ATen/native/cuda/IndexKernel.cu:93: operator(): block: [34,0,0], thread: [38,0,0] Assertion `-sizes[i] <= index && index < sizes[i] && "index out of bounds"` failed.
/opt/conda/conda-bld/pytorch_1727971040866/work/aten/src/ATen/native/cuda/IndexKernel.cu:93: operator(): block: [34,0,0], thread: [39,0,0] Assertion `-sizes[i] <= index && index < sizes[i] && "index out of bounds"` failed.
/opt/conda/conda-bld/pytorch_1727971040866/work/aten/src/ATen/native/cuda/IndexKernel.cu:93: operator(): block: [34,0,0], thread: [40,0,0] Assertion `-sizes[i] <= index && index < sizes[i] && "index out of bounds"` failed.
/opt/conda/conda-bld/pytorch_1727971040866/work/aten/src/ATen/native/cuda/IndexKernel.cu:93: operator(): block: [34,0,0], thread: [41,0,0] Assertion `-sizes[i] <= index && index < sizes[i] && "index out of bounds"` failed.
/opt/conda/conda-bld/pytorch_1727971040866/work/aten/src/ATen/native/cuda/IndexKernel.cu:93: operator(): block: [34,0,0], thread: [42,0,0] Assertion `-sizes[i] <= index && index < sizes[i] && "index out of bounds"` failed.
/opt/conda/conda-bld/pytorch_1727971040866/work/aten/src/ATen/native/cuda/IndexKernel.cu:93: operator(): block: [34,0,0], thread: [43,0,0] Assertion `-sizes[i] <= index && index < sizes[i] && "index out of bounds"` failed.
/opt/conda/conda-bld/pytorch_1727971040866/work/aten/src/ATen/native/cuda/IndexKernel.cu:93: operator(): block: [34,0,0], thread: [44,0,0] Assertion `-sizes[i] <= index && index < sizes[i] && "index out of bounds"` failed.
/opt/conda/conda-bld/pytorch_1727971040866/work/aten/src/ATen/native/cuda/IndexKernel.cu:93: operator(): block: [34,0,0], thread: [45,0,0] Assertion `-sizes[i] <= index && index < sizes[i] && "index out of bounds"` failed.
/opt/conda/conda-bld/pytorch_1727971040866/work/aten/src/ATen/native/cuda/IndexKernel.cu:93: operator(): block: [34,0,0], thread: [46,0,0] Assertion `-sizes[i] <= index && index < sizes[i] && "index out of bounds"` failed.
/opt/conda/conda-bld/pytorch_1727971040866/work/aten/src/ATen/native/cuda/IndexKernel.cu:93: operator(): block: [34,0,0], thread: [47,0,0] Assertion `-sizes[i] <= index && index < sizes[i] && "index out of bounds"` failed.
/opt/conda/conda-bld/pytorch_1727971040866/work/aten/src/ATen/native/cuda/IndexKernel.cu:93: operator(): block: [34,0,0], thread: [48,0,0] Assertion `-sizes[i] <= index && index < sizes[i] && "index out of bounds"` failed.
/opt/conda/conda-bld/pytorch_1727971040866/work/aten/src/ATen/native/cuda/IndexKernel.cu:93: operator(): block: [34,0,0], thread: [49,0,0] Assertion `-sizes[i] <= index && index < sizes[i] && "index out of bounds"` failed.
/opt/conda/conda-bld/pytorch_1727971040866/work/aten/src/ATen/native/cuda/IndexKernel.cu:93: operator(): block: [34,0,0], thread: [50,0,0] Assertion `-sizes[i] <= index && index < sizes[i] && "index out of bounds"` failed.
/opt/conda/conda-bld/pytorch_1727971040866/work/aten/src/ATen/native/cuda/IndexKernel.cu:93: operator(): block: [34,0,0], thread: [51,0,0] Assertion `-sizes[i] <= index && index < sizes[i] && "index out of bounds"` failed.
/opt/conda/conda-bld/pytorch_1727971040866/work/aten/src/ATen/native/cuda/IndexKernel.cu:93: operator(): block: [34,0,0], thread: [52,0,0] Assertion `-sizes[i] <= index && index < sizes[i] && "index out of bounds"` failed.
/opt/conda/conda-bld/pytorch_1727971040866/work/aten/src/ATen/native/cuda/IndexKernel.cu:93: operator(): block: [34,0,0], thread: [53,0,0] Assertion `-sizes[i] <= index && index < sizes[i] && "index out of bounds"` failed.
/opt/conda/conda-bld/pytorch_1727971040866/work/aten/src/ATen/native/cuda/IndexKernel.cu:93: operator(): block: [34,0,0], thread: [54,0,0] Assertion `-sizes[i] <= index && index < sizes[i] && "index out of bounds"` failed.
/opt/conda/conda-bld/pytorch_1727971040866/work/aten/src/ATen/native/cuda/IndexKernel.cu:93: operator(): block: [34,0,0], thread: [55,0,0] Assertion `-sizes[i] <= index && index < sizes[i] && "index out of bounds"` failed.
/opt/conda/conda-bld/pytorch_1727971040866/work/aten/src/ATen/native/cuda/IndexKernel.cu:93: operator(): block: [34,0,0], thread: [56,0,0] Assertion `-sizes[i] <= index && index < sizes[i] && "index out of bounds"` failed.
/opt/conda/conda-bld/pytorch_1727971040866/work/aten/src/ATen/native/cuda/IndexKernel.cu:93: operator(): block: [34,0,0], thread: [57,0,0] Assertion `-sizes[i] <= index && index < sizes[i] && "index out of bounds"` failed.
/opt/conda/conda-bld/pytorch_1727971040866/work/aten/src/ATen/native/cuda/IndexKernel.cu:93: operator(): block: [34,0,0], thread: [58,0,0] Assertion `-sizes[i] <= index && index < sizes[i] && "index out of bounds"` failed.
/opt/conda/conda-bld/pytorch_1727971040866/work/aten/src/ATen/native/cuda/IndexKernel.cu:93: operator(): block: [34,0,0], thread: [59,0,0] Assertion `-sizes[i] <= index && index < sizes[i] && "index out of bounds"` failed.
/opt/conda/conda-bld/pytorch_1727971040866/work/aten/src/ATen/native/cuda/IndexKernel.cu:93: operator(): block: [34,0,0], thread: [60,0,0] Assertion `-sizes[i] <= index && index < sizes[i] && "index out of bounds"` failed.
/opt/conda/conda-bld/pytorch_1727971040866/work/aten/src/ATen/native/cuda/IndexKernel.cu:93: operator(): block: [34,0,0], thread: [61,0,0] Assertion `-sizes[i] <= index && index < sizes[i] && "index out of bounds"` failed.
/opt/conda/conda-bld/pytorch_1727971040866/work/aten/src/ATen/native/cuda/IndexKernel.cu:93: operator(): block: [34,0,0], thread: [62,0,0] Assertion `-sizes[i] <= index && index < sizes[i] && "index out of bounds"` failed.
/opt/conda/conda-bld/pytorch_1727971040866/work/aten/src/ATen/native/cuda/IndexKernel.cu:93: operator(): block: [34,0,0], thread: [63,0,0] Assertion `-sizes[i] <= index && index < sizes[i] && "index out of bounds"` failed.
/opt/conda/conda-bld/pytorch_1727971040866/work/aten/src/ATen/native/cuda/IndexKernel.cu:93: operator(): block: [19,0,0], thread: [32,0,0] Assertion `-sizes[i] <= index && index < sizes[i] && "index out of bounds"` failed.
/opt/conda/conda-bld/pytorch_1727971040866/work/aten/src/ATen/native/cuda/IndexKernel.cu:93: operator(): block: [19,0,0], thread: [33,0,0] Assertion `-sizes[i] <= index && index < sizes[i] && "index out of bounds"` failed.
/opt/conda/conda-bld/pytorch_1727971040866/work/aten/src/ATen/native/cuda/IndexKernel.cu:93: operator(): block: [19,0,0], thread: [34,0,0] Assertion `-sizes[i] <= index && index < sizes[i] && "index out of bounds"` failed.
/opt/conda/conda-bld/pytorch_1727971040866/work/aten/src/ATen/native/cuda/IndexKernel.cu:93: operator(): block: [19,0,0], thread: [35,0,0] Assertion `-sizes[i] <= index && index < sizes[i] && "index out of bounds"` failed.
/opt/conda/conda-bld/pytorch_1727971040866/work/aten/src/ATen/native/cuda/IndexKernel.cu:93: operator(): block: [19,0,0], thread: [36,0,0] Assertion `-sizes[i] <= index && index < sizes[i] && "index out of bounds"` failed.
/opt/conda/conda-bld/pytorch_1727971040866/work/aten/src/ATen/native/cuda/IndexKernel.cu:93: operator(): block: [19,0,0], thread: [37,0,0] Assertion `-sizes[i] <= index && index < sizes[i] && "index out of bounds"` failed.
/opt/conda/conda-bld/pytorch_1727971040866/work/aten/src/ATen/native/cuda/IndexKernel.cu:93: operator(): block: [19,0,0], thread: [38,0,0] Assertion `-sizes[i] <= index && index < sizes[i] && "index out of bounds"` failed.
/opt/conda/conda-bld/pytorch_1727971040866/work/aten/src/ATen/native/cuda/IndexKernel.cu:93: operator(): block: [19,0,0], thread: [39,0,0] Assertion `-sizes[i] <= index && index < sizes[i] && "index out of bounds"` failed.
/opt/conda/conda-bld/pytorch_1727971040866/work/aten/src/ATen/native/cuda/IndexKernel.cu:93: operator(): block: [19,0,0], thread: [40,0,0] Assertion `-sizes[i] <= index && index < sizes[i] && "index out of bounds"` failed.
/opt/conda/conda-bld/pytorch_1727971040866/work/aten/src/ATen/native/cuda/IndexKernel.cu:93: operator(): block: [19,0,0], thread: [41,0,0] Assertion `-sizes[i] <= index && index < sizes[i] && "index out of bounds"` failed.
/opt/conda/conda-bld/pytorch_1727971040866/work/aten/src/ATen/native/cuda/IndexKernel.cu:93: operator(): block: [19,0,0], thread: [42,0,0] Assertion `-sizes[i] <= index && index < sizes[i] && "index out of bounds"` failed.
/opt/conda/conda-bld/pytorch_1727971040866/work/aten/src/ATen/native/cuda/IndexKernel.cu:93: operator(): block: [19,0,0], thread: [43,0,0] Assertion `-sizes[i] <= index && index < sizes[i] && "index out of bounds"` failed.
/opt/conda/conda-bld/pytorch_1727971040866/work/aten/src/ATen/native/cuda/IndexKernel.cu:93: operator(): block: [19,0,0], thread: [44,0,0] Assertion `-sizes[i] <= index && index < sizes[i] && "index out of bounds"` failed.
/opt/conda/conda-bld/pytorch_1727971040866/work/aten/src/ATen/native/cuda/IndexKernel.cu:93: operator(): block: [19,0,0], thread: [45,0,0] Assertion `-sizes[i] <= index && index < sizes[i] && "index out of bounds"` failed.
/opt/conda/conda-bld/pytorch_1727971040866/work/aten/src/ATen/native/cuda/IndexKernel.cu:93: operator(): block: [19,0,0], thread: [46,0,0] Assertion `-sizes[i] <= index && index < sizes[i] && "index out of bounds"` failed.
/opt/conda/conda-bld/pytorch_1727971040866/work/aten/src/ATen/native/cuda/IndexKernel.cu:93: operator(): block: [19,0,0], thread: [47,0,0] Assertion `-sizes[i] <= index && index < sizes[i] && "index out of bounds"` failed.
/opt/conda/conda-bld/pytorch_1727971040866/work/aten/src/ATen/native/cuda/IndexKernel.cu:93: operator(): block: [19,0,0], thread: [48,0,0] Assertion `-sizes[i] <= index && index < sizes[i] && "index out of bounds"` failed.
/opt/conda/conda-bld/pytorch_1727971040866/work/aten/src/ATen/native/cuda/IndexKernel.cu:93: operator(): block: [19,0,0], thread: [49,0,0] Assertion `-sizes[i] <= index && index < sizes[i] && "index out of bounds"` failed.
/opt/conda/conda-bld/pytorch_1727971040866/work/aten/src/ATen/native/cuda/IndexKernel.cu:93: operator(): block: [19,0,0], thread: [50,0,0] Assertion `-sizes[i] <= index && index < sizes[i] && "index out of bounds"` failed.
/opt/conda/conda-bld/pytorch_1727971040866/work/aten/src/ATen/native/cuda/IndexKernel.cu:93: operator(): block: [19,0,0], thread: [51,0,0] Assertion `-sizes[i] <= index && index < sizes[i] && "index out of bounds"` failed.
/opt/conda/conda-bld/pytorch_1727971040866/work/aten/src/ATen/native/cuda/IndexKernel.cu:93: operator(): block: [19,0,0], thread: [52,0,0] Assertion `-sizes[i] <= index && index < sizes[i] && "index out of bounds"` failed.
/opt/conda/conda-bld/pytorch_1727971040866/work/aten/src/ATen/native/cuda/IndexKernel.cu:93: operator(): block: [19,0,0], thread: [53,0,0] Assertion `-sizes[i] <= index && index < sizes[i] && "index out of bounds"` failed.
/opt/conda/conda-bld/pytorch_1727971040866/work/aten/src/ATen/native/cuda/IndexKernel.cu:93: operator(): block: [19,0,0], thread: [54,0,0] Assertion `-sizes[i] <= index && index < sizes[i] && "index out of bounds"` failed.
/opt/conda/conda-bld/pytorch_1727971040866/work/aten/src/ATen/native/cuda/IndexKernel.cu:93: operator(): block: [19,0,0], thread: [55,0,0] Assertion `-sizes[i] <= index && index < sizes[i] && "index out of bounds"` failed.
/opt/conda/conda-bld/pytorch_1727971040866/work/aten/src/ATen/native/cuda/IndexKernel.cu:93: operator(): block: [19,0,0], thread: [56,0,0] Assertion `-sizes[i] <= index && index < sizes[i] && "index out of bounds"` failed.
/opt/conda/conda-bld/pytorch_1727971040866/work/aten/src/ATen/native/cuda/IndexKernel.cu:93: operator(): block: [19,0,0], thread: [57,0,0] Assertion `-sizes[i] <= index && index < sizes[i] && "index out of bounds"` failed.
/opt/conda/conda-bld/pytorch_1727971040866/work/aten/src/ATen/native/cuda/IndexKernel.cu:93: operator(): block: [19,0,0], thread: [58,0,0] Assertion `-sizes[i] <= index && index < sizes[i] && "index out of bounds"` failed.
/opt/conda/conda-bld/pytorch_1727971040866/work/aten/src/ATen/native/cuda/IndexKernel.cu:93: operator(): block: [19,0,0], thread: [59,0,0] Assertion `-sizes[i] <= index && index < sizes[i] && "index out of bounds"` failed.
/opt/conda/conda-bld/pytorch_1727971040866/work/aten/src/ATen/native/cuda/IndexKernel.cu:93: operator(): block: [19,0,0], thread: [60,0,0] Assertion `-sizes[i] <= index && index < sizes[i] && "index out of bounds"` failed.
/opt/conda/conda-bld/pytorch_1727971040866/work/aten/src/ATen/native/cuda/IndexKernel.cu:93: operator(): block: [19,0,0], thread: [61,0,0] Assertion `-sizes[i] <= index && index < sizes[i] && "index out of bounds"` failed.
/opt/conda/conda-bld/pytorch_1727971040866/work/aten/src/ATen/native/cuda/IndexKernel.cu:93: operator(): block: [19,0,0], thread: [62,0,0] Assertion `-sizes[i] <= index && index < sizes[i] && "index out of bounds"` failed.
/opt/conda/conda-bld/pytorch_1727971040866/work/aten/src/ATen/native/cuda/IndexKernel.cu:93: operator(): block: [19,0,0], thread: [63,0,0] Assertion `-sizes[i] <= index && index < sizes[i] && "index out of bounds"` failed.
/opt/conda/conda-bld/pytorch_1727971040866/work/aten/src/ATen/native/cuda/IndexKernel.cu:93: operator(): block: [13,0,0], thread: [0,0,0] Assertion `-sizes[i] <= index && index < sizes[i] && "index out of bounds"` failed.
/opt/conda/conda-bld/pytorch_1727971040866/work/aten/src/ATen/native/cuda/IndexKernel.cu:93: operator(): block: [13,0,0], thread: [1,0,0] Assertion `-sizes[i] <= index && index < sizes[i] && "index out of bounds"` failed.
/opt/conda/conda-bld/pytorch_1727971040866/work/aten/src/ATen/native/cuda/IndexKernel.cu:93: operator(): block: [13,0,0], thread: [2,0,0] Assertion `-sizes[i] <= index && index < sizes[i] && "index out of bounds"` failed.
/opt/conda/conda-bld/pytorch_1727971040866/work/aten/src/ATen/native/cuda/IndexKernel.cu:93: operator(): block: [13,0,0], thread: [3,0,0] Assertion `-sizes[i] <= index && index < sizes[i] && "index out of bounds"` failed.
/opt/conda/conda-bld/pytorch_1727971040866/work/aten/src/ATen/native/cuda/IndexKernel.cu:93: operator(): block: [13,0,0], thread: [4,0,0] Assertion `-sizes[i] <= index && index < sizes[i] && "index out of bounds"` failed.
/opt/conda/conda-bld/pytorch_1727971040866/work/aten/src/ATen/native/cuda/IndexKernel.cu:93: operator(): block: [13,0,0], thread: [5,0,0] Assertion `-sizes[i] <= index && index < sizes[i] && "index out of bounds"` failed.
/opt/conda/conda-bld/pytorch_1727971040866/work/aten/src/ATen/native/cuda/IndexKernel.cu:93: operator(): block: [13,0,0], thread: [6,0,0] Assertion `-sizes[i] <= index && index < sizes[i] && "index out of bounds"` failed.
/opt/conda/conda-bld/pytorch_1727971040866/work/aten/src/ATen/native/cuda/IndexKernel.cu:93: operator(): block: [13,0,0], thread: [7,0,0] Assertion `-sizes[i] <= index && index < sizes[i] && "index out of bounds"` failed.
/opt/conda/conda-bld/pytorch_1727971040866/work/aten/src/ATen/native/cuda/IndexKernel.cu:93: operator(): block: [13,0,0], thread: [8,0,0] Assertion `-sizes[i] <= index && index < sizes[i] && "index out of bounds"` failed.
/opt/conda/conda-bld/pytorch_1727971040866/work/aten/src/ATen/native/cuda/IndexKernel.cu:93: operator(): block: [13,0,0], thread: [9,0,0] Assertion `-sizes[i] <= index && index < sizes[i] && "index out of bounds"` failed.
/opt/conda/conda-bld/pytorch_1727971040866/work/aten/src/ATen/native/cuda/IndexKernel.cu:93: operator(): block: [13,0,0], thread: [10,0,0] Assertion `-sizes[i] <= index && index < sizes[i] && "index out of bounds"` failed.
/opt/conda/conda-bld/pytorch_1727971040866/work/aten/src/ATen/native/cuda/IndexKernel.cu:93: operator(): block: [13,0,0], thread: [11,0,0] Assertion `-sizes[i] <= index && index < sizes[i] && "index out of bounds"` failed.
/opt/conda/conda-bld/pytorch_1727971040866/work/aten/src/ATen/native/cuda/IndexKernel.cu:93: operator(): block: [13,0,0], thread: [12,0,0] Assertion `-sizes[i] <= index && index < sizes[i] && "index out of bounds"` failed.
/opt/conda/conda-bld/pytorch_1727971040866/work/aten/src/ATen/native/cuda/IndexKernel.cu:93: operator(): block: [13,0,0], thread: [13,0,0] Assertion `-sizes[i] <= index && index < sizes[i] && "index out of bounds"` failed.
/opt/conda/conda-bld/pytorch_1727971040866/work/aten/src/ATen/native/cuda/IndexKernel.cu:93: operator(): block: [13,0,0], thread: [14,0,0] Assertion `-sizes[i] <= index && index < sizes[i] && "index out of bounds"` failed.
/opt/conda/conda-bld/pytorch_1727971040866/work/aten/src/ATen/native/cuda/IndexKernel.cu:93: operator(): block: [13,0,0], thread: [15,0,0] Assertion `-sizes[i] <= index && index < sizes[i] && "index out of bounds"` failed.
/opt/conda/conda-bld/pytorch_1727971040866/work/aten/src/ATen/native/cuda/IndexKernel.cu:93: operator(): block: [13,0,0], thread: [16,0,0] Assertion `-sizes[i] <= index && index < sizes[i] && "index out of bounds"` failed.
/opt/conda/conda-bld/pytorch_1727971040866/work/aten/src/ATen/native/cuda/IndexKernel.cu:93: operator(): block: [13,0,0], thread: [17,0,0] Assertion `-sizes[i] <= index && index < sizes[i] && "index out of bounds"` failed.
/opt/conda/conda-bld/pytorch_1727971040866/work/aten/src/ATen/native/cuda/IndexKernel.cu:93: operator(): block: [13,0,0], thread: [18,0,0] Assertion `-sizes[i] <= index && index < sizes[i] && "index out of bounds"` failed.
/opt/conda/conda-bld/pytorch_1727971040866/work/aten/src/ATen/native/cuda/IndexKernel.cu:93: operator(): block: [13,0,0], thread: [19,0,0] Assertion `-sizes[i] <= index && index < sizes[i] && "index out of bounds"` failed.
/opt/conda/conda-bld/pytorch_1727971040866/work/aten/src/ATen/native/cuda/IndexKernel.cu:93: operator(): block: [13,0,0], thread: [20,0,0] Assertion `-sizes[i] <= index && index < sizes[i] && "index out of bounds"` failed.
/opt/conda/conda-bld/pytorch_1727971040866/work/aten/src/ATen/native/cuda/IndexKernel.cu:93: operator(): block: [13,0,0], thread: [21,0,0] Assertion `-sizes[i] <= index && index < sizes[i] && "index out of bounds"` failed.
/opt/conda/conda-bld/pytorch_1727971040866/work/aten/src/ATen/native/cuda/IndexKernel.cu:93: operator(): block: [13,0,0], thread: [22,0,0] Assertion `-sizes[i] <= index && index < sizes[i] && "index out of bounds"` failed.
/opt/conda/conda-bld/pytorch_1727971040866/work/aten/src/ATen/native/cuda/IndexKernel.cu:93: operator(): block: [13,0,0], thread: [23,0,0] Assertion `-sizes[i] <= index && index < sizes[i] && "index out of bounds"` failed.
/opt/conda/conda-bld/pytorch_1727971040866/work/aten/src/ATen/native/cuda/IndexKernel.cu:93: operator(): block: [13,0,0], thread: [24,0,0] Assertion `-sizes[i] <= index && index < sizes[i] && "index out of bounds"` failed.
/opt/conda/conda-bld/pytorch_1727971040866/work/aten/src/ATen/native/cuda/IndexKernel.cu:93: operator(): block: [13,0,0], thread: [25,0,0] Assertion `-sizes[i] <= index && index < sizes[i] && "index out of bounds"` failed.
/opt/conda/conda-bld/pytorch_1727971040866/work/aten/src/ATen/native/cuda/IndexKernel.cu:93: operator(): block: [13,0,0], thread: [26,0,0] Assertion `-sizes[i] <= index && index < sizes[i] && "index out of bounds"` failed.
/opt/conda/conda-bld/pytorch_1727971040866/work/aten/src/ATen/native/cuda/IndexKernel.cu:93: operator(): block: [13,0,0], thread: [27,0,0] Assertion `-sizes[i] <= index && index < sizes[i] && "index out of bounds"` failed.
/opt/conda/conda-bld/pytorch_1727971040866/work/aten/src/ATen/native/cuda/IndexKernel.cu:93: operator(): block: [13,0,0], thread: [28,0,0] Assertion `-sizes[i] <= index && index < sizes[i] && "index out of bounds"` failed.
/opt/conda/conda-bld/pytorch_1727971040866/work/aten/src/ATen/native/cuda/IndexKernel.cu:93: operator(): block: [13,0,0], thread: [29,0,0] Assertion `-sizes[i] <= index && index < sizes[i] && "index out of bounds"` failed.
/opt/conda/conda-bld/pytorch_1727971040866/work/aten/src/ATen/native/cuda/IndexKernel.cu:93: operator(): block: [13,0,0], thread: [30,0,0] Assertion `-sizes[i] <= index && index < sizes[i] && "index out of bounds"` failed.
/opt/conda/conda-bld/pytorch_1727971040866/work/aten/src/ATen/native/cuda/IndexKernel.cu:93: operator(): block: [13,0,0], thread: [31,0,0] Assertion `-sizes[i] <= index && index < sizes[i] && "index out of bounds"` failed.
/opt/conda/conda-bld/pytorch_1727971040866/work/aten/src/ATen/native/cuda/IndexKernel.cu:93: operator(): block: [27,0,0], thread: [0,0,0] Assertion `-sizes[i] <= index && index < sizes[i] && "index out of bounds"` failed.
/opt/conda/conda-bld/pytorch_1727971040866/work/aten/src/ATen/native/cuda/IndexKernel.cu:93: operator(): block: [27,0,0], thread: [1,0,0] Assertion `-sizes[i] <= index && index < sizes[i] && "index out of bounds"` failed.
/opt/conda/conda-bld/pytorch_1727971040866/work/aten/src/ATen/native/cuda/IndexKernel.cu:93: operator(): block: [27,0,0], thread: [2,0,0] Assertion `-sizes[i] <= index && index < sizes[i] && "index out of bounds"` failed.
/opt/conda/conda-bld/pytorch_1727971040866/work/aten/src/ATen/native/cuda/IndexKernel.cu:93: operator(): block: [27,0,0], thread: [3,0,0] Assertion `-sizes[i] <= index && index < sizes[i] && "index out of bounds"` failed.
/opt/conda/conda-bld/pytorch_1727971040866/work/aten/src/ATen/native/cuda/IndexKernel.cu:93: operator(): block: [27,0,0], thread: [4,0,0] Assertion `-sizes[i] <= index && index < sizes[i] && "index out of bounds"` failed.
/opt/conda/conda-bld/pytorch_1727971040866/work/aten/src/ATen/native/cuda/IndexKernel.cu:93: operator(): block: [27,0,0], thread: [5,0,0] Assertion `-sizes[i] <= index && index < sizes[i] && "index out of bounds"` failed.
/opt/conda/conda-bld/pytorch_1727971040866/work/aten/src/ATen/native/cuda/IndexKernel.cu:93: operator(): block: [27,0,0], thread: [6,0,0] Assertion `-sizes[i] <= index && index < sizes[i] && "index out of bounds"` failed.
/opt/conda/conda-bld/pytorch_1727971040866/work/aten/src/ATen/native/cuda/IndexKernel.cu:93: operator(): block: [27,0,0], thread: [7,0,0] Assertion `-sizes[i] <= index && index < sizes[i] && "index out of bounds"` failed.
/opt/conda/conda-bld/pytorch_1727971040866/work/aten/src/ATen/native/cuda/IndexKernel.cu:93: operator(): block: [27,0,0], thread: [8,0,0] Assertion `-sizes[i] <= index && index < sizes[i] && "index out of bounds"` failed.
/opt/conda/conda-bld/pytorch_1727971040866/work/aten/src/ATen/native/cuda/IndexKernel.cu:93: operator(): block: [27,0,0], thread: [9,0,0] Assertion `-sizes[i] <= index && index < sizes[i] && "index out of bounds"` failed.
/opt/conda/conda-bld/pytorch_1727971040866/work/aten/src/ATen/native/cuda/IndexKernel.cu:93: operator(): block: [27,0,0], thread: [10,0,0] Assertion `-sizes[i] <= index && index < sizes[i] && "index out of bounds"` failed.
/opt/conda/conda-bld/pytorch_1727971040866/work/aten/src/ATen/native/cuda/IndexKernel.cu:93: operator(): block: [27,0,0], thread: [11,0,0] Assertion `-sizes[i] <= index && index < sizes[i] && "index out of bounds"` failed.
/opt/conda/conda-bld/pytorch_1727971040866/work/aten/src/ATen/native/cuda/IndexKernel.cu:93: operator(): block: [27,0,0], thread: [12,0,0] Assertion `-sizes[i] <= index && index < sizes[i] && "index out of bounds"` failed.
/opt/conda/conda-bld/pytorch_1727971040866/work/aten/src/ATen/native/cuda/IndexKernel.cu:93: operator(): block: [27,0,0], thread: [13,0,0] Assertion `-sizes[i] <= index && index < sizes[i] && "index out of bounds"` failed.
/opt/conda/conda-bld/pytorch_1727971040866/work/aten/src/ATen/native/cuda/IndexKernel.cu:93: operator(): block: [27,0,0], thread: [14,0,0] Assertion `-sizes[i] <= index && index < sizes[i] && "index out of bounds"` failed.
/opt/conda/conda-bld/pytorch_1727971040866/work/aten/src/ATen/native/cuda/IndexKernel.cu:93: operator(): block: [27,0,0], thread: [15,0,0] Assertion `-sizes[i] <= index && index < sizes[i] && "index out of bounds"` failed.
/opt/conda/conda-bld/pytorch_1727971040866/work/aten/src/ATen/native/cuda/IndexKernel.cu:93: operator(): block: [27,0,0], thread: [16,0,0] Assertion `-sizes[i] <= index && index < sizes[i] && "index out of bounds"` failed.
/opt/conda/conda-bld/pytorch_1727971040866/work/aten/src/ATen/native/cuda/IndexKernel.cu:93: operator(): block: [27,0,0], thread: [17,0,0] Assertion `-sizes[i] <= index && index < sizes[i] && "index out of bounds"` failed.
/opt/conda/conda-bld/pytorch_1727971040866/work/aten/src/ATen/native/cuda/IndexKernel.cu:93: operator(): block: [27,0,0], thread: [18,0,0] Assertion `-sizes[i] <= index && index < sizes[i] && "index out of bounds"` failed.
/opt/conda/conda-bld/pytorch_1727971040866/work/aten/src/ATen/native/cuda/IndexKernel.cu:93: operator(): block: [27,0,0], thread: [19,0,0] Assertion `-sizes[i] <= index && index < sizes[i] && "index out of bounds"` failed.
/opt/conda/conda-bld/pytorch_1727971040866/work/aten/src/ATen/native/cuda/IndexKernel.cu:93: operator(): block: [27,0,0], thread: [20,0,0] Assertion `-sizes[i] <= index && index < sizes[i] && "index out of bounds"` failed.
/opt/conda/conda-bld/pytorch_1727971040866/work/aten/src/ATen/native/cuda/IndexKernel.cu:93: operator(): block: [27,0,0], thread: [21,0,0] Assertion `-sizes[i] <= index && index < sizes[i] && "index out of bounds"` failed.
/opt/conda/conda-bld/pytorch_1727971040866/work/aten/src/ATen/native/cuda/IndexKernel.cu:93: operator(): block: [27,0,0], thread: [22,0,0] Assertion `-sizes[i] <= index && index < sizes[i] && "index out of bounds"` failed.
/opt/conda/conda-bld/pytorch_1727971040866/work/aten/src/ATen/native/cuda/IndexKernel.cu:93: operator(): block: [27,0,0], thread: [23,0,0] Assertion `-sizes[i] <= index && index < sizes[i] && "index out of bounds"` failed.
/opt/conda/conda-bld/pytorch_1727971040866/work/aten/src/ATen/native/cuda/IndexKernel.cu:93: operator(): block: [27,0,0], thread: [24,0,0] Assertion `-sizes[i] <= index && index < sizes[i] && "index out of bounds"` failed.
/opt/conda/conda-bld/pytorch_1727971040866/work/aten/src/ATen/native/cuda/IndexKernel.cu:93: operator(): block: [27,0,0], thread: [25,0,0] Assertion `-sizes[i] <= index && index < sizes[i] && "index out of bounds"` failed.
/opt/conda/conda-bld/pytorch_1727971040866/work/aten/src/ATen/native/cuda/IndexKernel.cu:93: operator(): block: [27,0,0], thread: [26,0,0] Assertion `-sizes[i] <= index && index < sizes[i] && "index out of bounds"` failed.
/opt/conda/conda-bld/pytorch_1727971040866/work/aten/src/ATen/native/cuda/IndexKernel.cu:93: operator(): block: [27,0,0], thread: [27,0,0] Assertion `-sizes[i] <= index && index < sizes[i] && "index out of bounds"` failed.
/opt/conda/conda-bld/pytorch_1727971040866/work/aten/src/ATen/native/cuda/IndexKernel.cu:93: operator(): block: [27,0,0], thread: [28,0,0] Assertion `-sizes[i] <= index && index < sizes[i] && "index out of bounds"` failed.
/opt/conda/conda-bld/pytorch_1727971040866/work/aten/src/ATen/native/cuda/IndexKernel.cu:93: operator(): block: [27,0,0], thread: [29,0,0] Assertion `-sizes[i] <= index && index < sizes[i] && "index out of bounds"` failed.
/opt/conda/conda-bld/pytorch_1727971040866/work/aten/src/ATen/native/cuda/IndexKernel.cu:93: operator(): block: [27,0,0], thread: [30,0,0] Assertion `-sizes[i] <= index && index < sizes[i] && "index out of bounds"` failed.
/opt/conda/conda-bld/pytorch_1727971040866/work/aten/src/ATen/native/cuda/IndexKernel.cu:93: operator(): block: [27,0,0], thread: [31,0,0] Assertion `-sizes[i] <= index && index < sizes[i] && "index out of bounds"` failed.
/data1/gushengda/eam-rl4co/PTP/fitness/free_loss_fidelity.py:519: FutureWarning: You are using `torch.load` with `weights_only=False` (the current default value), which uses the default pickle module implicitly. It is possible to construct malicious pickle data which will execute arbitrary code during unpickling (See https://github.com/pytorch/pytorch/blob/main/SECURITY.md#untrusted-models for more details). In a future release, the default value for `weights_only` will be flipped to `True`. This limits the functions that could be executed during unpickling. Arbitrary objects will no longer be allowed to be loaded via this mode unless they are explicitly allowlisted by the user via `torch.serialization.add_safe_globals`. We recommend you start setting `weights_only=True` for any use case where you don't have full control of the loaded file. Please open an issue on GitHub for any issues related to this experimental feature.
  ckpt = torch.load(ckpt_path, map_location="cpu")
/data1/gushengda/eam-rl4co/PTP/fitness/free_loss_fidelity.py:519: FutureWarning: You are using `torch.load` with `weights_only=False` (the current default value), which uses the default pickle module implicitly. It is possible to construct malicious pickle data which will execute arbitrary code during unpickling (See https://github.com/pytorch/pytorch/blob/main/SECURITY.md#untrusted-models for more details). In a future release, the default value for `weights_only` will be flipped to `True`. This limits the functions that could be executed during unpickling. Arbitrary objects will no longer be allowed to be loaded via this mode unless they are explicitly allowlisted by the user via `torch.serialization.add_safe_globals`. We recommend you start setting `weights_only=True` for any use case where you don't have full control of the loaded file. Please open an issue on GitHub for any issues related to this experimental feature.
  ckpt = torch.load(ckpt_path, map_location="cpu")
/data1/gushengda/eam-rl4co/PTP/fitness/free_loss_fidelity.py:519: FutureWarning: You are using `torch.load` with `weights_only=False` (the current default value), which uses the default pickle module implicitly. It is possible to construct malicious pickle data which will execute arbitrary code during unpickling (See https://github.com/pytorch/pytorch/blob/main/SECURITY.md#untrusted-models for more details). In a future release, the default value for `weights_only` will be flipped to `True`. This limits the functions that could be executed during unpickling. Arbitrary objects will no longer be allowed to be loaded via this mode unless they are explicitly allowlisted by the user via `torch.serialization.add_safe_globals`. We recommend you start setting `weights_only=True` for any use case where you don't have full control of the loaded file. Please open an issue on GitHub for any issues related to this experimental feature.
  ckpt = torch.load(ckpt_path, map_location="cpu")
LLM call failed (attempt 1/6, model=gpt-5.2): Request timed out.; retrying in 0.9s
Population fill shortfall at gen=15: proposed_g=9/12 proposed_f=0/12 (seen_g=55 seen_f=93)
/data1/gushengda/eam-rl4co/PTP/fitness/free_loss_fidelity.py:52: FutureWarning: You are using `torch.load` with `weights_only=False` (the current default value), which uses the default pickle module implicitly. It is possible to construct malicious pickle data which will execute arbitrary code during unpickling (See https://github.com/pytorch/pytorch/blob/main/SECURITY.md#untrusted-models for more details). In a future release, the default value for `weights_only` will be flipped to `True`. This limits the functions that could be executed during unpickling. Arbitrary objects will no longer be allowed to be loaded via this mode unless they are explicitly allowlisted by the user via `torch.serialization.add_safe_globals`. We recommend you start setting `weights_only=True` for any use case where you don't have full control of the loaded file. Please open an issue on GitHub for any issues related to this experimental feature.
  obj = torch.load(p, map_location="cpu")
/data1/gushengda/eam-rl4co/PTP/fitness/free_loss_fidelity.py:52: FutureWarning: You are using `torch.load` with `weights_only=False` (the current default value), which uses the default pickle module implicitly. It is possible to construct malicious pickle data which will execute arbitrary code during unpickling (See https://github.com/pytorch/pytorch/blob/main/SECURITY.md#untrusted-models for more details). In a future release, the default value for `weights_only` will be flipped to `True`. This limits the functions that could be executed during unpickling. Arbitrary objects will no longer be allowed to be loaded via this mode unless they are explicitly allowlisted by the user via `torch.serialization.add_safe_globals`. We recommend you start setting `weights_only=True` for any use case where you don't have full control of the loaded file. Please open an issue on GitHub for any issues related to this experimental feature.
  obj = torch.load(p, map_location="cpu")
/data1/gushengda/eam-rl4co/PTP/fitness/free_loss_fidelity.py:52: FutureWarning: You are using `torch.load` with `weights_only=False` (the current default value), which uses the default pickle module implicitly. It is possible to construct malicious pickle data which will execute arbitrary code during unpickling (See https://github.com/pytorch/pytorch/blob/main/SECURITY.md#untrusted-models for more details). In a future release, the default value for `weights_only` will be flipped to `True`. This limits the functions that could be executed during unpickling. Arbitrary objects will no longer be allowed to be loaded via this mode unless they are explicitly allowlisted by the user via `torch.serialization.add_safe_globals`. We recommend you start setting `weights_only=True` for any use case where you don't have full control of the loaded file. Please open an issue on GitHub for any issues related to this experimental feature.
  obj = torch.load(p, map_location="cpu")
/data1/gushengda/eam-rl4co/PTP/fitness/free_loss_fidelity.py:52: FutureWarning: You are using `torch.load` with `weights_only=False` (the current default value), which uses the default pickle module implicitly. It is possible to construct malicious pickle data which will execute arbitrary code during unpickling (See https://github.com/pytorch/pytorch/blob/main/SECURITY.md#untrusted-models for more details). In a future release, the default value for `weights_only` will be flipped to `True`. This limits the functions that could be executed during unpickling. Arbitrary objects will no longer be allowed to be loaded via this mode unless they are explicitly allowlisted by the user via `torch.serialization.add_safe_globals`. We recommend you start setting `weights_only=True` for any use case where you don't have full control of the loaded file. Please open an issue on GitHub for any issues related to this experimental feature.
  obj = torch.load(p, map_location="cpu")
/data1/gushengda/eam-rl4co/PTP/fitness/free_loss_fidelity.py:519: FutureWarning: You are using `torch.load` with `weights_only=False` (the current default value), which uses the default pickle module implicitly. It is possible to construct malicious pickle data which will execute arbitrary code during unpickling (See https://github.com/pytorch/pytorch/blob/main/SECURITY.md#untrusted-models for more details). In a future release, the default value for `weights_only` will be flipped to `True`. This limits the functions that could be executed during unpickling. Arbitrary objects will no longer be allowed to be loaded via this mode unless they are explicitly allowlisted by the user via `torch.serialization.add_safe_globals`. We recommend you start setting `weights_only=True` for any use case where you don't have full control of the loaded file. Please open an issue on GitHub for any issues related to this experimental feature.
  ckpt = torch.load(ckpt_path, map_location="cpu")
/data1/gushengda/eam-rl4co/PTP/fitness/free_loss_fidelity.py:519: FutureWarning: You are using `torch.load` with `weights_only=False` (the current default value), which uses the default pickle module implicitly. It is possible to construct malicious pickle data which will execute arbitrary code during unpickling (See https://github.com/pytorch/pytorch/blob/main/SECURITY.md#untrusted-models for more details). In a future release, the default value for `weights_only` will be flipped to `True`. This limits the functions that could be executed during unpickling. Arbitrary objects will no longer be allowed to be loaded via this mode unless they are explicitly allowlisted by the user via `torch.serialization.add_safe_globals`. We recommend you start setting `weights_only=True` for any use case where you don't have full control of the loaded file. Please open an issue on GitHub for any issues related to this experimental feature.
  ckpt = torch.load(ckpt_path, map_location="cpu")
/data1/gushengda/eam-rl4co/PTP/fitness/free_loss_fidelity.py:519: FutureWarning: You are using `torch.load` with `weights_only=False` (the current default value), which uses the default pickle module implicitly. It is possible to construct malicious pickle data which will execute arbitrary code during unpickling (See https://github.com/pytorch/pytorch/blob/main/SECURITY.md#untrusted-models for more details). In a future release, the default value for `weights_only` will be flipped to `True`. This limits the functions that could be executed during unpickling. Arbitrary objects will no longer be allowed to be loaded via this mode unless they are explicitly allowlisted by the user via `torch.serialization.add_safe_globals`. We recommend you start setting `weights_only=True` for any use case where you don't have full control of the loaded file. Please open an issue on GitHub for any issues related to this experimental feature.
  ckpt = torch.load(ckpt_path, map_location="cpu")
/data1/gushengda/eam-rl4co/PTP/fitness/free_loss_fidelity.py:519: FutureWarning: You are using `torch.load` with `weights_only=False` (the current default value), which uses the default pickle module implicitly. It is possible to construct malicious pickle data which will execute arbitrary code during unpickling (See https://github.com/pytorch/pytorch/blob/main/SECURITY.md#untrusted-models for more details). In a future release, the default value for `weights_only` will be flipped to `True`. This limits the functions that could be executed during unpickling. Arbitrary objects will no longer be allowed to be loaded via this mode unless they are explicitly allowlisted by the user via `torch.serialization.add_safe_globals`. We recommend you start setting `weights_only=True` for any use case where you don't have full control of the loaded file. Please open an issue on GitHub for any issues related to this experimental feature.
  ckpt = torch.load(ckpt_path, map_location="cpu")
/data1/gushengda/eam-rl4co/PTP/fitness/free_loss_fidelity.py:52: FutureWarning: You are using `torch.load` with `weights_only=False` (the current default value), which uses the default pickle module implicitly. It is possible to construct malicious pickle data which will execute arbitrary code during unpickling (See https://github.com/pytorch/pytorch/blob/main/SECURITY.md#untrusted-models for more details). In a future release, the default value for `weights_only` will be flipped to `True`. This limits the functions that could be executed during unpickling. Arbitrary objects will no longer be allowed to be loaded via this mode unless they are explicitly allowlisted by the user via `torch.serialization.add_safe_globals`. We recommend you start setting `weights_only=True` for any use case where you don't have full control of the loaded file. Please open an issue on GitHub for any issues related to this experimental feature.
  obj = torch.load(p, map_location="cpu")
/data1/gushengda/eam-rl4co/PTP/fitness/free_loss_fidelity.py:52: FutureWarning: You are using `torch.load` with `weights_only=False` (the current default value), which uses the default pickle module implicitly. It is possible to construct malicious pickle data which will execute arbitrary code during unpickling (See https://github.com/pytorch/pytorch/blob/main/SECURITY.md#untrusted-models for more details). In a future release, the default value for `weights_only` will be flipped to `True`. This limits the functions that could be executed during unpickling. Arbitrary objects will no longer be allowed to be loaded via this mode unless they are explicitly allowlisted by the user via `torch.serialization.add_safe_globals`. We recommend you start setting `weights_only=True` for any use case where you don't have full control of the loaded file. Please open an issue on GitHub for any issues related to this experimental feature.
  obj = torch.load(p, map_location="cpu")
/data1/gushengda/eam-rl4co/PTP/fitness/free_loss_fidelity.py:52: FutureWarning: You are using `torch.load` with `weights_only=False` (the current default value), which uses the default pickle module implicitly. It is possible to construct malicious pickle data which will execute arbitrary code during unpickling (See https://github.com/pytorch/pytorch/blob/main/SECURITY.md#untrusted-models for more details). In a future release, the default value for `weights_only` will be flipped to `True`. This limits the functions that could be executed during unpickling. Arbitrary objects will no longer be allowed to be loaded via this mode unless they are explicitly allowlisted by the user via `torch.serialization.add_safe_globals`. We recommend you start setting `weights_only=True` for any use case where you don't have full control of the loaded file. Please open an issue on GitHub for any issues related to this experimental feature.
  obj = torch.load(p, map_location="cpu")
/data1/gushengda/eam-rl4co/PTP/fitness/free_loss_fidelity.py:52: FutureWarning: You are using `torch.load` with `weights_only=False` (the current default value), which uses the default pickle module implicitly. It is possible to construct malicious pickle data which will execute arbitrary code during unpickling (See https://github.com/pytorch/pytorch/blob/main/SECURITY.md#untrusted-models for more details). In a future release, the default value for `weights_only` will be flipped to `True`. This limits the functions that could be executed during unpickling. Arbitrary objects will no longer be allowed to be loaded via this mode unless they are explicitly allowlisted by the user via `torch.serialization.add_safe_globals`. We recommend you start setting `weights_only=True` for any use case where you don't have full control of the loaded file. Please open an issue on GitHub for any issues related to this experimental feature.
  obj = torch.load(p, map_location="cpu")
/data1/gushengda/eam-rl4co/PTP/fitness/free_loss_fidelity.py:519: FutureWarning: You are using `torch.load` with `weights_only=False` (the current default value), which uses the default pickle module implicitly. It is possible to construct malicious pickle data which will execute arbitrary code during unpickling (See https://github.com/pytorch/pytorch/blob/main/SECURITY.md#untrusted-models for more details). In a future release, the default value for `weights_only` will be flipped to `True`. This limits the functions that could be executed during unpickling. Arbitrary objects will no longer be allowed to be loaded via this mode unless they are explicitly allowlisted by the user via `torch.serialization.add_safe_globals`. We recommend you start setting `weights_only=True` for any use case where you don't have full control of the loaded file. Please open an issue on GitHub for any issues related to this experimental feature.
  ckpt = torch.load(ckpt_path, map_location="cpu")
/data1/gushengda/eam-rl4co/PTP/fitness/free_loss_fidelity.py:519: FutureWarning: You are using `torch.load` with `weights_only=False` (the current default value), which uses the default pickle module implicitly. It is possible to construct malicious pickle data which will execute arbitrary code during unpickling (See https://github.com/pytorch/pytorch/blob/main/SECURITY.md#untrusted-models for more details). In a future release, the default value for `weights_only` will be flipped to `True`. This limits the functions that could be executed during unpickling. Arbitrary objects will no longer be allowed to be loaded via this mode unless they are explicitly allowlisted by the user via `torch.serialization.add_safe_globals`. We recommend you start setting `weights_only=True` for any use case where you don't have full control of the loaded file. Please open an issue on GitHub for any issues related to this experimental feature.
  ckpt = torch.load(ckpt_path, map_location="cpu")
/data1/gushengda/eam-rl4co/PTP/fitness/free_loss_fidelity.py:519: FutureWarning: You are using `torch.load` with `weights_only=False` (the current default value), which uses the default pickle module implicitly. It is possible to construct malicious pickle data which will execute arbitrary code during unpickling (See https://github.com/pytorch/pytorch/blob/main/SECURITY.md#untrusted-models for more details). In a future release, the default value for `weights_only` will be flipped to `True`. This limits the functions that could be executed during unpickling. Arbitrary objects will no longer be allowed to be loaded via this mode unless they are explicitly allowlisted by the user via `torch.serialization.add_safe_globals`. We recommend you start setting `weights_only=True` for any use case where you don't have full control of the loaded file. Please open an issue on GitHub for any issues related to this experimental feature.
  ckpt = torch.load(ckpt_path, map_location="cpu")
/data1/gushengda/eam-rl4co/PTP/fitness/free_loss_fidelity.py:519: FutureWarning: You are using `torch.load` with `weights_only=False` (the current default value), which uses the default pickle module implicitly. It is possible to construct malicious pickle data which will execute arbitrary code during unpickling (See https://github.com/pytorch/pytorch/blob/main/SECURITY.md#untrusted-models for more details). In a future release, the default value for `weights_only` will be flipped to `True`. This limits the functions that could be executed during unpickling. Arbitrary objects will no longer be allowed to be loaded via this mode unless they are explicitly allowlisted by the user via `torch.serialization.add_safe_globals`. We recommend you start setting `weights_only=True` for any use case where you don't have full control of the loaded file. Please open an issue on GitHub for any issues related to this experimental feature.
  ckpt = torch.load(ckpt_path, map_location="cpu")
Population fill shortfall at gen=16: proposed_g=9/12 proposed_f=0/12 (seen_g=64 seen_f=93)
/data1/gushengda/eam-rl4co/PTP/fitness/free_loss_fidelity.py:52: FutureWarning: You are using `torch.load` with `weights_only=False` (the current default value), which uses the default pickle module implicitly. It is possible to construct malicious pickle data which will execute arbitrary code during unpickling (See https://github.com/pytorch/pytorch/blob/main/SECURITY.md#untrusted-models for more details). In a future release, the default value for `weights_only` will be flipped to `True`. This limits the functions that could be executed during unpickling. Arbitrary objects will no longer be allowed to be loaded via this mode unless they are explicitly allowlisted by the user via `torch.serialization.add_safe_globals`. We recommend you start setting `weights_only=True` for any use case where you don't have full control of the loaded file. Please open an issue on GitHub for any issues related to this experimental feature.
  obj = torch.load(p, map_location="cpu")
/data1/gushengda/eam-rl4co/PTP/fitness/free_loss_fidelity.py:52: FutureWarning: You are using `torch.load` with `weights_only=False` (the current default value), which uses the default pickle module implicitly. It is possible to construct malicious pickle data which will execute arbitrary code during unpickling (See https://github.com/pytorch/pytorch/blob/main/SECURITY.md#untrusted-models for more details). In a future release, the default value for `weights_only` will be flipped to `True`. This limits the functions that could be executed during unpickling. Arbitrary objects will no longer be allowed to be loaded via this mode unless they are explicitly allowlisted by the user via `torch.serialization.add_safe_globals`. We recommend you start setting `weights_only=True` for any use case where you don't have full control of the loaded file. Please open an issue on GitHub for any issues related to this experimental feature.
  obj = torch.load(p, map_location="cpu")
/data1/gushengda/eam-rl4co/PTP/fitness/free_loss_fidelity.py:52: FutureWarning: You are using `torch.load` with `weights_only=False` (the current default value), which uses the default pickle module implicitly. It is possible to construct malicious pickle data which will execute arbitrary code during unpickling (See https://github.com/pytorch/pytorch/blob/main/SECURITY.md#untrusted-models for more details). In a future release, the default value for `weights_only` will be flipped to `True`. This limits the functions that could be executed during unpickling. Arbitrary objects will no longer be allowed to be loaded via this mode unless they are explicitly allowlisted by the user via `torch.serialization.add_safe_globals`. We recommend you start setting `weights_only=True` for any use case where you don't have full control of the loaded file. Please open an issue on GitHub for any issues related to this experimental feature.
  obj = torch.load(p, map_location="cpu")
/data1/gushengda/eam-rl4co/PTP/fitness/free_loss_fidelity.py:52: FutureWarning: You are using `torch.load` with `weights_only=False` (the current default value), which uses the default pickle module implicitly. It is possible to construct malicious pickle data which will execute arbitrary code during unpickling (See https://github.com/pytorch/pytorch/blob/main/SECURITY.md#untrusted-models for more details). In a future release, the default value for `weights_only` will be flipped to `True`. This limits the functions that could be executed during unpickling. Arbitrary objects will no longer be allowed to be loaded via this mode unless they are explicitly allowlisted by the user via `torch.serialization.add_safe_globals`. We recommend you start setting `weights_only=True` for any use case where you don't have full control of the loaded file. Please open an issue on GitHub for any issues related to this experimental feature.
  obj = torch.load(p, map_location="cpu")
/data1/gushengda/eam-rl4co/PTP/fitness/free_loss_fidelity.py:519: FutureWarning: You are using `torch.load` with `weights_only=False` (the current default value), which uses the default pickle module implicitly. It is possible to construct malicious pickle data which will execute arbitrary code during unpickling (See https://github.com/pytorch/pytorch/blob/main/SECURITY.md#untrusted-models for more details). In a future release, the default value for `weights_only` will be flipped to `True`. This limits the functions that could be executed during unpickling. Arbitrary objects will no longer be allowed to be loaded via this mode unless they are explicitly allowlisted by the user via `torch.serialization.add_safe_globals`. We recommend you start setting `weights_only=True` for any use case where you don't have full control of the loaded file. Please open an issue on GitHub for any issues related to this experimental feature.
  ckpt = torch.load(ckpt_path, map_location="cpu")
/data1/gushengda/eam-rl4co/PTP/fitness/free_loss_fidelity.py:519: FutureWarning: You are using `torch.load` with `weights_only=False` (the current default value), which uses the default pickle module implicitly. It is possible to construct malicious pickle data which will execute arbitrary code during unpickling (See https://github.com/pytorch/pytorch/blob/main/SECURITY.md#untrusted-models for more details). In a future release, the default value for `weights_only` will be flipped to `True`. This limits the functions that could be executed during unpickling. Arbitrary objects will no longer be allowed to be loaded via this mode unless they are explicitly allowlisted by the user via `torch.serialization.add_safe_globals`. We recommend you start setting `weights_only=True` for any use case where you don't have full control of the loaded file. Please open an issue on GitHub for any issues related to this experimental feature.
  ckpt = torch.load(ckpt_path, map_location="cpu")
/data1/gushengda/eam-rl4co/PTP/fitness/free_loss_fidelity.py:519: FutureWarning: You are using `torch.load` with `weights_only=False` (the current default value), which uses the default pickle module implicitly. It is possible to construct malicious pickle data which will execute arbitrary code during unpickling (See https://github.com/pytorch/pytorch/blob/main/SECURITY.md#untrusted-models for more details). In a future release, the default value for `weights_only` will be flipped to `True`. This limits the functions that could be executed during unpickling. Arbitrary objects will no longer be allowed to be loaded via this mode unless they are explicitly allowlisted by the user via `torch.serialization.add_safe_globals`. We recommend you start setting `weights_only=True` for any use case where you don't have full control of the loaded file. Please open an issue on GitHub for any issues related to this experimental feature.
  ckpt = torch.load(ckpt_path, map_location="cpu")
/data1/gushengda/eam-rl4co/PTP/fitness/free_loss_fidelity.py:519: FutureWarning: You are using `torch.load` with `weights_only=False` (the current default value), which uses the default pickle module implicitly. It is possible to construct malicious pickle data which will execute arbitrary code during unpickling (See https://github.com/pytorch/pytorch/blob/main/SECURITY.md#untrusted-models for more details). In a future release, the default value for `weights_only` will be flipped to `True`. This limits the functions that could be executed during unpickling. Arbitrary objects will no longer be allowed to be loaded via this mode unless they are explicitly allowlisted by the user via `torch.serialization.add_safe_globals`. We recommend you start setting `weights_only=True` for any use case where you don't have full control of the loaded file. Please open an issue on GitHub for any issues related to this experimental feature.
  ckpt = torch.load(ckpt_path, map_location="cpu")
/data1/gushengda/eam-rl4co/PTP/fitness/free_loss_fidelity.py:52: FutureWarning: You are using `torch.load` with `weights_only=False` (the current default value), which uses the default pickle module implicitly. It is possible to construct malicious pickle data which will execute arbitrary code during unpickling (See https://github.com/pytorch/pytorch/blob/main/SECURITY.md#untrusted-models for more details). In a future release, the default value for `weights_only` will be flipped to `True`. This limits the functions that could be executed during unpickling. Arbitrary objects will no longer be allowed to be loaded via this mode unless they are explicitly allowlisted by the user via `torch.serialization.add_safe_globals`. We recommend you start setting `weights_only=True` for any use case where you don't have full control of the loaded file. Please open an issue on GitHub for any issues related to this experimental feature.
  obj = torch.load(p, map_location="cpu")
/data1/gushengda/eam-rl4co/PTP/fitness/free_loss_fidelity.py:52: FutureWarning: You are using `torch.load` with `weights_only=False` (the current default value), which uses the default pickle module implicitly. It is possible to construct malicious pickle data which will execute arbitrary code during unpickling (See https://github.com/pytorch/pytorch/blob/main/SECURITY.md#untrusted-models for more details). In a future release, the default value for `weights_only` will be flipped to `True`. This limits the functions that could be executed during unpickling. Arbitrary objects will no longer be allowed to be loaded via this mode unless they are explicitly allowlisted by the user via `torch.serialization.add_safe_globals`. We recommend you start setting `weights_only=True` for any use case where you don't have full control of the loaded file. Please open an issue on GitHub for any issues related to this experimental feature.
  obj = torch.load(p, map_location="cpu")
/data1/gushengda/eam-rl4co/PTP/fitness/free_loss_fidelity.py:52: FutureWarning: You are using `torch.load` with `weights_only=False` (the current default value), which uses the default pickle module implicitly. It is possible to construct malicious pickle data which will execute arbitrary code during unpickling (See https://github.com/pytorch/pytorch/blob/main/SECURITY.md#untrusted-models for more details). In a future release, the default value for `weights_only` will be flipped to `True`. This limits the functions that could be executed during unpickling. Arbitrary objects will no longer be allowed to be loaded via this mode unless they are explicitly allowlisted by the user via `torch.serialization.add_safe_globals`. We recommend you start setting `weights_only=True` for any use case where you don't have full control of the loaded file. Please open an issue on GitHub for any issues related to this experimental feature.
  obj = torch.load(p, map_location="cpu")
/data1/gushengda/eam-rl4co/PTP/fitness/free_loss_fidelity.py:52: FutureWarning: You are using `torch.load` with `weights_only=False` (the current default value), which uses the default pickle module implicitly. It is possible to construct malicious pickle data which will execute arbitrary code during unpickling (See https://github.com/pytorch/pytorch/blob/main/SECURITY.md#untrusted-models for more details). In a future release, the default value for `weights_only` will be flipped to `True`. This limits the functions that could be executed during unpickling. Arbitrary objects will no longer be allowed to be loaded via this mode unless they are explicitly allowlisted by the user via `torch.serialization.add_safe_globals`. We recommend you start setting `weights_only=True` for any use case where you don't have full control of the loaded file. Please open an issue on GitHub for any issues related to this experimental feature.
  obj = torch.load(p, map_location="cpu")
/data1/gushengda/eam-rl4co/PTP/fitness/free_loss_fidelity.py:519: FutureWarning: You are using `torch.load` with `weights_only=False` (the current default value), which uses the default pickle module implicitly. It is possible to construct malicious pickle data which will execute arbitrary code during unpickling (See https://github.com/pytorch/pytorch/blob/main/SECURITY.md#untrusted-models for more details). In a future release, the default value for `weights_only` will be flipped to `True`. This limits the functions that could be executed during unpickling. Arbitrary objects will no longer be allowed to be loaded via this mode unless they are explicitly allowlisted by the user via `torch.serialization.add_safe_globals`. We recommend you start setting `weights_only=True` for any use case where you don't have full control of the loaded file. Please open an issue on GitHub for any issues related to this experimental feature.
  ckpt = torch.load(ckpt_path, map_location="cpu")
/data1/gushengda/eam-rl4co/PTP/fitness/free_loss_fidelity.py:519: FutureWarning: You are using `torch.load` with `weights_only=False` (the current default value), which uses the default pickle module implicitly. It is possible to construct malicious pickle data which will execute arbitrary code during unpickling (See https://github.com/pytorch/pytorch/blob/main/SECURITY.md#untrusted-models for more details). In a future release, the default value for `weights_only` will be flipped to `True`. This limits the functions that could be executed during unpickling. Arbitrary objects will no longer be allowed to be loaded via this mode unless they are explicitly allowlisted by the user via `torch.serialization.add_safe_globals`. We recommend you start setting `weights_only=True` for any use case where you don't have full control of the loaded file. Please open an issue on GitHub for any issues related to this experimental feature.
  ckpt = torch.load(ckpt_path, map_location="cpu")
/data1/gushengda/eam-rl4co/PTP/fitness/free_loss_fidelity.py:519: FutureWarning: You are using `torch.load` with `weights_only=False` (the current default value), which uses the default pickle module implicitly. It is possible to construct malicious pickle data which will execute arbitrary code during unpickling (See https://github.com/pytorch/pytorch/blob/main/SECURITY.md#untrusted-models for more details). In a future release, the default value for `weights_only` will be flipped to `True`. This limits the functions that could be executed during unpickling. Arbitrary objects will no longer be allowed to be loaded via this mode unless they are explicitly allowlisted by the user via `torch.serialization.add_safe_globals`. We recommend you start setting `weights_only=True` for any use case where you don't have full control of the loaded file. Please open an issue on GitHub for any issues related to this experimental feature.
  ckpt = torch.load(ckpt_path, map_location="cpu")
/data1/gushengda/eam-rl4co/PTP/fitness/free_loss_fidelity.py:519: FutureWarning: You are using `torch.load` with `weights_only=False` (the current default value), which uses the default pickle module implicitly. It is possible to construct malicious pickle data which will execute arbitrary code during unpickling (See https://github.com/pytorch/pytorch/blob/main/SECURITY.md#untrusted-models for more details). In a future release, the default value for `weights_only` will be flipped to `True`. This limits the functions that could be executed during unpickling. Arbitrary objects will no longer be allowed to be loaded via this mode unless they are explicitly allowlisted by the user via `torch.serialization.add_safe_globals`. We recommend you start setting `weights_only=True` for any use case where you don't have full control of the loaded file. Please open an issue on GitHub for any issues related to this experimental feature.
  ckpt = torch.load(ckpt_path, map_location="cpu")
LLM call failed (attempt 1/6, model=gpt-5.2): Request timed out.; retrying in 1.0s
LLM call failed (attempt 2/6, model=gpt-5.2): Request timed out.; retrying in 1.4s
LLM call failed (attempt 3/6, model=gpt-5.2): Request timed out.; retrying in 3.4s
LLM call failed (attempt 4/6, model=gpt-5.2): Request timed out.; retrying in 10.0s
LLM call failed (attempt 5/6, model=gpt-5.2): Request timed out.; retrying in 21.9s
LLM call failed (attempt 1/6, model=gpt-5.2): Request timed out.; retrying in 1.2s
LLM call failed (attempt 2/6, model=gpt-5.2): Request timed out.; retrying in 2.4s
LLM call failed (attempt 3/6, model=gpt-5.2): Request timed out.; retrying in 2.9s
LLM call failed (attempt 4/6, model=gpt-5.2): Request timed out.; retrying in 10.4s
LLM call failed (attempt 5/6, model=gpt-5.2): Request timed out.; retrying in 17.4s
Population fill shortfall at gen=17: proposed_g=9/12 proposed_f=0/12 (seen_g=73 seen_f=93)
/data1/gushengda/eam-rl4co/PTP/fitness/free_loss_fidelity.py:52: FutureWarning: You are using `torch.load` with `weights_only=False` (the current default value), which uses the default pickle module implicitly. It is possible to construct malicious pickle data which will execute arbitrary code during unpickling (See https://github.com/pytorch/pytorch/blob/main/SECURITY.md#untrusted-models for more details). In a future release, the default value for `weights_only` will be flipped to `True`. This limits the functions that could be executed during unpickling. Arbitrary objects will no longer be allowed to be loaded via this mode unless they are explicitly allowlisted by the user via `torch.serialization.add_safe_globals`. We recommend you start setting `weights_only=True` for any use case where you don't have full control of the loaded file. Please open an issue on GitHub for any issues related to this experimental feature.
  obj = torch.load(p, map_location="cpu")
/data1/gushengda/eam-rl4co/PTP/fitness/free_loss_fidelity.py:52: FutureWarning: You are using `torch.load` with `weights_only=False` (the current default value), which uses the default pickle module implicitly. It is possible to construct malicious pickle data which will execute arbitrary code during unpickling (See https://github.com/pytorch/pytorch/blob/main/SECURITY.md#untrusted-models for more details). In a future release, the default value for `weights_only` will be flipped to `True`. This limits the functions that could be executed during unpickling. Arbitrary objects will no longer be allowed to be loaded via this mode unless they are explicitly allowlisted by the user via `torch.serialization.add_safe_globals`. We recommend you start setting `weights_only=True` for any use case where you don't have full control of the loaded file. Please open an issue on GitHub for any issues related to this experimental feature.
  obj = torch.load(p, map_location="cpu")
/data1/gushengda/eam-rl4co/PTP/fitness/free_loss_fidelity.py:52: FutureWarning: You are using `torch.load` with `weights_only=False` (the current default value), which uses the default pickle module implicitly. It is possible to construct malicious pickle data which will execute arbitrary code during unpickling (See https://github.com/pytorch/pytorch/blob/main/SECURITY.md#untrusted-models for more details). In a future release, the default value for `weights_only` will be flipped to `True`. This limits the functions that could be executed during unpickling. Arbitrary objects will no longer be allowed to be loaded via this mode unless they are explicitly allowlisted by the user via `torch.serialization.add_safe_globals`. We recommend you start setting `weights_only=True` for any use case where you don't have full control of the loaded file. Please open an issue on GitHub for any issues related to this experimental feature.
  obj = torch.load(p, map_location="cpu")
/data1/gushengda/eam-rl4co/PTP/fitness/free_loss_fidelity.py:52: FutureWarning: You are using `torch.load` with `weights_only=False` (the current default value), which uses the default pickle module implicitly. It is possible to construct malicious pickle data which will execute arbitrary code during unpickling (See https://github.com/pytorch/pytorch/blob/main/SECURITY.md#untrusted-models for more details). In a future release, the default value for `weights_only` will be flipped to `True`. This limits the functions that could be executed during unpickling. Arbitrary objects will no longer be allowed to be loaded via this mode unless they are explicitly allowlisted by the user via `torch.serialization.add_safe_globals`. We recommend you start setting `weights_only=True` for any use case where you don't have full control of the loaded file. Please open an issue on GitHub for any issues related to this experimental feature.
  obj = torch.load(p, map_location="cpu")
/data1/gushengda/eam-rl4co/PTP/fitness/free_loss_fidelity.py:519: FutureWarning: You are using `torch.load` with `weights_only=False` (the current default value), which uses the default pickle module implicitly. It is possible to construct malicious pickle data which will execute arbitrary code during unpickling (See https://github.com/pytorch/pytorch/blob/main/SECURITY.md#untrusted-models for more details). In a future release, the default value for `weights_only` will be flipped to `True`. This limits the functions that could be executed during unpickling. Arbitrary objects will no longer be allowed to be loaded via this mode unless they are explicitly allowlisted by the user via `torch.serialization.add_safe_globals`. We recommend you start setting `weights_only=True` for any use case where you don't have full control of the loaded file. Please open an issue on GitHub for any issues related to this experimental feature.
  ckpt = torch.load(ckpt_path, map_location="cpu")
/data1/gushengda/eam-rl4co/PTP/fitness/free_loss_fidelity.py:519: FutureWarning: You are using `torch.load` with `weights_only=False` (the current default value), which uses the default pickle module implicitly. It is possible to construct malicious pickle data which will execute arbitrary code during unpickling (See https://github.com/pytorch/pytorch/blob/main/SECURITY.md#untrusted-models for more details). In a future release, the default value for `weights_only` will be flipped to `True`. This limits the functions that could be executed during unpickling. Arbitrary objects will no longer be allowed to be loaded via this mode unless they are explicitly allowlisted by the user via `torch.serialization.add_safe_globals`. We recommend you start setting `weights_only=True` for any use case where you don't have full control of the loaded file. Please open an issue on GitHub for any issues related to this experimental feature.
  ckpt = torch.load(ckpt_path, map_location="cpu")
/data1/gushengda/eam-rl4co/PTP/fitness/free_loss_fidelity.py:519: FutureWarning: You are using `torch.load` with `weights_only=False` (the current default value), which uses the default pickle module implicitly. It is possible to construct malicious pickle data which will execute arbitrary code during unpickling (See https://github.com/pytorch/pytorch/blob/main/SECURITY.md#untrusted-models for more details). In a future release, the default value for `weights_only` will be flipped to `True`. This limits the functions that could be executed during unpickling. Arbitrary objects will no longer be allowed to be loaded via this mode unless they are explicitly allowlisted by the user via `torch.serialization.add_safe_globals`. We recommend you start setting `weights_only=True` for any use case where you don't have full control of the loaded file. Please open an issue on GitHub for any issues related to this experimental feature.
  ckpt = torch.load(ckpt_path, map_location="cpu")
/data1/gushengda/eam-rl4co/PTP/fitness/free_loss_fidelity.py:519: FutureWarning: You are using `torch.load` with `weights_only=False` (the current default value), which uses the default pickle module implicitly. It is possible to construct malicious pickle data which will execute arbitrary code during unpickling (See https://github.com/pytorch/pytorch/blob/main/SECURITY.md#untrusted-models for more details). In a future release, the default value for `weights_only` will be flipped to `True`. This limits the functions that could be executed during unpickling. Arbitrary objects will no longer be allowed to be loaded via this mode unless they are explicitly allowlisted by the user via `torch.serialization.add_safe_globals`. We recommend you start setting `weights_only=True` for any use case where you don't have full control of the loaded file. Please open an issue on GitHub for any issues related to this experimental feature.
  ckpt = torch.load(ckpt_path, map_location="cpu")
/data1/gushengda/eam-rl4co/PTP/fitness/free_loss_fidelity.py:52: FutureWarning: You are using `torch.load` with `weights_only=False` (the current default value), which uses the default pickle module implicitly. It is possible to construct malicious pickle data which will execute arbitrary code during unpickling (See https://github.com/pytorch/pytorch/blob/main/SECURITY.md#untrusted-models for more details). In a future release, the default value for `weights_only` will be flipped to `True`. This limits the functions that could be executed during unpickling. Arbitrary objects will no longer be allowed to be loaded via this mode unless they are explicitly allowlisted by the user via `torch.serialization.add_safe_globals`. We recommend you start setting `weights_only=True` for any use case where you don't have full control of the loaded file. Please open an issue on GitHub for any issues related to this experimental feature.
  obj = torch.load(p, map_location="cpu")
/data1/gushengda/eam-rl4co/PTP/fitness/free_loss_fidelity.py:52: FutureWarning: You are using `torch.load` with `weights_only=False` (the current default value), which uses the default pickle module implicitly. It is possible to construct malicious pickle data which will execute arbitrary code during unpickling (See https://github.com/pytorch/pytorch/blob/main/SECURITY.md#untrusted-models for more details). In a future release, the default value for `weights_only` will be flipped to `True`. This limits the functions that could be executed during unpickling. Arbitrary objects will no longer be allowed to be loaded via this mode unless they are explicitly allowlisted by the user via `torch.serialization.add_safe_globals`. We recommend you start setting `weights_only=True` for any use case where you don't have full control of the loaded file. Please open an issue on GitHub for any issues related to this experimental feature.
  obj = torch.load(p, map_location="cpu")
/data1/gushengda/eam-rl4co/PTP/fitness/free_loss_fidelity.py:52: FutureWarning: You are using `torch.load` with `weights_only=False` (the current default value), which uses the default pickle module implicitly. It is possible to construct malicious pickle data which will execute arbitrary code during unpickling (See https://github.com/pytorch/pytorch/blob/main/SECURITY.md#untrusted-models for more details). In a future release, the default value for `weights_only` will be flipped to `True`. This limits the functions that could be executed during unpickling. Arbitrary objects will no longer be allowed to be loaded via this mode unless they are explicitly allowlisted by the user via `torch.serialization.add_safe_globals`. We recommend you start setting `weights_only=True` for any use case where you don't have full control of the loaded file. Please open an issue on GitHub for any issues related to this experimental feature.
  obj = torch.load(p, map_location="cpu")
/data1/gushengda/eam-rl4co/PTP/fitness/free_loss_fidelity.py:519: FutureWarning: You are using `torch.load` with `weights_only=False` (the current default value), which uses the default pickle module implicitly. It is possible to construct malicious pickle data which will execute arbitrary code during unpickling (See https://github.com/pytorch/pytorch/blob/main/SECURITY.md#untrusted-models for more details). In a future release, the default value for `weights_only` will be flipped to `True`. This limits the functions that could be executed during unpickling. Arbitrary objects will no longer be allowed to be loaded via this mode unless they are explicitly allowlisted by the user via `torch.serialization.add_safe_globals`. We recommend you start setting `weights_only=True` for any use case where you don't have full control of the loaded file. Please open an issue on GitHub for any issues related to this experimental feature.
  ckpt = torch.load(ckpt_path, map_location="cpu")
/data1/gushengda/eam-rl4co/PTP/fitness/free_loss_fidelity.py:519: FutureWarning: You are using `torch.load` with `weights_only=False` (the current default value), which uses the default pickle module implicitly. It is possible to construct malicious pickle data which will execute arbitrary code during unpickling (See https://github.com/pytorch/pytorch/blob/main/SECURITY.md#untrusted-models for more details). In a future release, the default value for `weights_only` will be flipped to `True`. This limits the functions that could be executed during unpickling. Arbitrary objects will no longer be allowed to be loaded via this mode unless they are explicitly allowlisted by the user via `torch.serialization.add_safe_globals`. We recommend you start setting `weights_only=True` for any use case where you don't have full control of the loaded file. Please open an issue on GitHub for any issues related to this experimental feature.
  ckpt = torch.load(ckpt_path, map_location="cpu")
/data1/gushengda/eam-rl4co/PTP/fitness/free_loss_fidelity.py:519: FutureWarning: You are using `torch.load` with `weights_only=False` (the current default value), which uses the default pickle module implicitly. It is possible to construct malicious pickle data which will execute arbitrary code during unpickling (See https://github.com/pytorch/pytorch/blob/main/SECURITY.md#untrusted-models for more details). In a future release, the default value for `weights_only` will be flipped to `True`. This limits the functions that could be executed during unpickling. Arbitrary objects will no longer be allowed to be loaded via this mode unless they are explicitly allowlisted by the user via `torch.serialization.add_safe_globals`. We recommend you start setting `weights_only=True` for any use case where you don't have full control of the loaded file. Please open an issue on GitHub for any issues related to this experimental feature.
  ckpt = torch.load(ckpt_path, map_location="cpu")
LLM call failed (attempt 1/6, model=gpt-5.2): Request timed out.; retrying in 1.5s
LLM call failed (attempt 2/6, model=gpt-5.2): Request timed out.; retrying in 1.5s
Population fill shortfall at gen=18: proposed_g=9/12 proposed_f=0/12 (seen_g=82 seen_f=93)
/data1/gushengda/eam-rl4co/PTP/fitness/free_loss_fidelity.py:52: FutureWarning: You are using `torch.load` with `weights_only=False` (the current default value), which uses the default pickle module implicitly. It is possible to construct malicious pickle data which will execute arbitrary code during unpickling (See https://github.com/pytorch/pytorch/blob/main/SECURITY.md#untrusted-models for more details). In a future release, the default value for `weights_only` will be flipped to `True`. This limits the functions that could be executed during unpickling. Arbitrary objects will no longer be allowed to be loaded via this mode unless they are explicitly allowlisted by the user via `torch.serialization.add_safe_globals`. We recommend you start setting `weights_only=True` for any use case where you don't have full control of the loaded file. Please open an issue on GitHub for any issues related to this experimental feature.
  obj = torch.load(p, map_location="cpu")
/data1/gushengda/eam-rl4co/PTP/fitness/free_loss_fidelity.py:52: FutureWarning: You are using `torch.load` with `weights_only=False` (the current default value), which uses the default pickle module implicitly. It is possible to construct malicious pickle data which will execute arbitrary code during unpickling (See https://github.com/pytorch/pytorch/blob/main/SECURITY.md#untrusted-models for more details). In a future release, the default value for `weights_only` will be flipped to `True`. This limits the functions that could be executed during unpickling. Arbitrary objects will no longer be allowed to be loaded via this mode unless they are explicitly allowlisted by the user via `torch.serialization.add_safe_globals`. We recommend you start setting `weights_only=True` for any use case where you don't have full control of the loaded file. Please open an issue on GitHub for any issues related to this experimental feature.
  obj = torch.load(p, map_location="cpu")
/data1/gushengda/eam-rl4co/PTP/fitness/free_loss_fidelity.py:52: FutureWarning: You are using `torch.load` with `weights_only=False` (the current default value), which uses the default pickle module implicitly. It is possible to construct malicious pickle data which will execute arbitrary code during unpickling (See https://github.com/pytorch/pytorch/blob/main/SECURITY.md#untrusted-models for more details). In a future release, the default value for `weights_only` will be flipped to `True`. This limits the functions that could be executed during unpickling. Arbitrary objects will no longer be allowed to be loaded via this mode unless they are explicitly allowlisted by the user via `torch.serialization.add_safe_globals`. We recommend you start setting `weights_only=True` for any use case where you don't have full control of the loaded file. Please open an issue on GitHub for any issues related to this experimental feature.
  obj = torch.load(p, map_location="cpu")
/data1/gushengda/eam-rl4co/PTP/fitness/free_loss_fidelity.py:52: FutureWarning: You are using `torch.load` with `weights_only=False` (the current default value), which uses the default pickle module implicitly. It is possible to construct malicious pickle data which will execute arbitrary code during unpickling (See https://github.com/pytorch/pytorch/blob/main/SECURITY.md#untrusted-models for more details). In a future release, the default value for `weights_only` will be flipped to `True`. This limits the functions that could be executed during unpickling. Arbitrary objects will no longer be allowed to be loaded via this mode unless they are explicitly allowlisted by the user via `torch.serialization.add_safe_globals`. We recommend you start setting `weights_only=True` for any use case where you don't have full control of the loaded file. Please open an issue on GitHub for any issues related to this experimental feature.
  obj = torch.load(p, map_location="cpu")
/data1/gushengda/eam-rl4co/PTP/fitness/free_loss_fidelity.py:519: FutureWarning: You are using `torch.load` with `weights_only=False` (the current default value), which uses the default pickle module implicitly. It is possible to construct malicious pickle data which will execute arbitrary code during unpickling (See https://github.com/pytorch/pytorch/blob/main/SECURITY.md#untrusted-models for more details). In a future release, the default value for `weights_only` will be flipped to `True`. This limits the functions that could be executed during unpickling. Arbitrary objects will no longer be allowed to be loaded via this mode unless they are explicitly allowlisted by the user via `torch.serialization.add_safe_globals`. We recommend you start setting `weights_only=True` for any use case where you don't have full control of the loaded file. Please open an issue on GitHub for any issues related to this experimental feature.
  ckpt = torch.load(ckpt_path, map_location="cpu")
/data1/gushengda/eam-rl4co/PTP/fitness/free_loss_fidelity.py:519: FutureWarning: You are using `torch.load` with `weights_only=False` (the current default value), which uses the default pickle module implicitly. It is possible to construct malicious pickle data which will execute arbitrary code during unpickling (See https://github.com/pytorch/pytorch/blob/main/SECURITY.md#untrusted-models for more details). In a future release, the default value for `weights_only` will be flipped to `True`. This limits the functions that could be executed during unpickling. Arbitrary objects will no longer be allowed to be loaded via this mode unless they are explicitly allowlisted by the user via `torch.serialization.add_safe_globals`. We recommend you start setting `weights_only=True` for any use case where you don't have full control of the loaded file. Please open an issue on GitHub for any issues related to this experimental feature.
  ckpt = torch.load(ckpt_path, map_location="cpu")
/data1/gushengda/eam-rl4co/PTP/fitness/free_loss_fidelity.py:519: FutureWarning: You are using `torch.load` with `weights_only=False` (the current default value), which uses the default pickle module implicitly. It is possible to construct malicious pickle data which will execute arbitrary code during unpickling (See https://github.com/pytorch/pytorch/blob/main/SECURITY.md#untrusted-models for more details). In a future release, the default value for `weights_only` will be flipped to `True`. This limits the functions that could be executed during unpickling. Arbitrary objects will no longer be allowed to be loaded via this mode unless they are explicitly allowlisted by the user via `torch.serialization.add_safe_globals`. We recommend you start setting `weights_only=True` for any use case where you don't have full control of the loaded file. Please open an issue on GitHub for any issues related to this experimental feature.
  ckpt = torch.load(ckpt_path, map_location="cpu")
/data1/gushengda/eam-rl4co/PTP/fitness/free_loss_fidelity.py:519: FutureWarning: You are using `torch.load` with `weights_only=False` (the current default value), which uses the default pickle module implicitly. It is possible to construct malicious pickle data which will execute arbitrary code during unpickling (See https://github.com/pytorch/pytorch/blob/main/SECURITY.md#untrusted-models for more details). In a future release, the default value for `weights_only` will be flipped to `True`. This limits the functions that could be executed during unpickling. Arbitrary objects will no longer be allowed to be loaded via this mode unless they are explicitly allowlisted by the user via `torch.serialization.add_safe_globals`. We recommend you start setting `weights_only=True` for any use case where you don't have full control of the loaded file. Please open an issue on GitHub for any issues related to this experimental feature.
  ckpt = torch.load(ckpt_path, map_location="cpu")
/opt/conda/conda-bld/pytorch_1727971040866/work/aten/src/ATen/native/cuda/IndexKernel.cu:93: operator(): block: [35,0,0], thread: [53,0,0] Assertion `-sizes[i] <= index && index < sizes[i] && "index out of bounds"` failed.
/opt/conda/conda-bld/pytorch_1727971040866/work/aten/src/ATen/native/cuda/IndexKernel.cu:93: operator(): block: [35,0,0], thread: [54,0,0] Assertion `-sizes[i] <= index && index < sizes[i] && "index out of bounds"` failed.
/opt/conda/conda-bld/pytorch_1727971040866/work/aten/src/ATen/native/cuda/IndexKernel.cu:93: operator(): block: [35,0,0], thread: [55,0,0] Assertion `-sizes[i] <= index && index < sizes[i] && "index out of bounds"` failed.
/opt/conda/conda-bld/pytorch_1727971040866/work/aten/src/ATen/native/cuda/IndexKernel.cu:93: operator(): block: [35,0,0], thread: [56,0,0] Assertion `-sizes[i] <= index && index < sizes[i] && "index out of bounds"` failed.
/opt/conda/conda-bld/pytorch_1727971040866/work/aten/src/ATen/native/cuda/IndexKernel.cu:93: operator(): block: [35,0,0], thread: [57,0,0] Assertion `-sizes[i] <= index && index < sizes[i] && "index out of bounds"` failed.
/opt/conda/conda-bld/pytorch_1727971040866/work/aten/src/ATen/native/cuda/IndexKernel.cu:93: operator(): block: [35,0,0], thread: [58,0,0] Assertion `-sizes[i] <= index && index < sizes[i] && "index out of bounds"` failed.
/opt/conda/conda-bld/pytorch_1727971040866/work/aten/src/ATen/native/cuda/IndexKernel.cu:93: operator(): block: [35,0,0], thread: [59,0,0] Assertion `-sizes[i] <= index && index < sizes[i] && "index out of bounds"` failed.
/opt/conda/conda-bld/pytorch_1727971040866/work/aten/src/ATen/native/cuda/IndexKernel.cu:93: operator(): block: [35,0,0], thread: [60,0,0] Assertion `-sizes[i] <= index && index < sizes[i] && "index out of bounds"` failed.
/opt/conda/conda-bld/pytorch_1727971040866/work/aten/src/ATen/native/cuda/IndexKernel.cu:93: operator(): block: [35,0,0], thread: [61,0,0] Assertion `-sizes[i] <= index && index < sizes[i] && "index out of bounds"` failed.
/opt/conda/conda-bld/pytorch_1727971040866/work/aten/src/ATen/native/cuda/IndexKernel.cu:93: operator(): block: [35,0,0], thread: [62,0,0] Assertion `-sizes[i] <= index && index < sizes[i] && "index out of bounds"` failed.
/opt/conda/conda-bld/pytorch_1727971040866/work/aten/src/ATen/native/cuda/IndexKernel.cu:93: operator(): block: [35,0,0], thread: [63,0,0] Assertion `-sizes[i] <= index && index < sizes[i] && "index out of bounds"` failed.
/opt/conda/conda-bld/pytorch_1727971040866/work/aten/src/ATen/native/cuda/IndexKernel.cu:93: operator(): block: [35,0,0], thread: [96,0,0] Assertion `-sizes[i] <= index && index < sizes[i] && "index out of bounds"` failed.
/opt/conda/conda-bld/pytorch_1727971040866/work/aten/src/ATen/native/cuda/IndexKernel.cu:93: operator(): block: [35,0,0], thread: [97,0,0] Assertion `-sizes[i] <= index && index < sizes[i] && "index out of bounds"` failed.
/opt/conda/conda-bld/pytorch_1727971040866/work/aten/src/ATen/native/cuda/IndexKernel.cu:93: operator(): block: [35,0,0], thread: [98,0,0] Assertion `-sizes[i] <= index && index < sizes[i] && "index out of bounds"` failed.
/opt/conda/conda-bld/pytorch_1727971040866/work/aten/src/ATen/native/cuda/IndexKernel.cu:93: operator(): block: [35,0,0], thread: [99,0,0] Assertion `-sizes[i] <= index && index < sizes[i] && "index out of bounds"` failed.
/opt/conda/conda-bld/pytorch_1727971040866/work/aten/src/ATen/native/cuda/IndexKernel.cu:93: operator(): block: [35,0,0], thread: [100,0,0] Assertion `-sizes[i] <= index && index < sizes[i] && "index out of bounds"` failed.
/opt/conda/conda-bld/pytorch_1727971040866/work/aten/src/ATen/native/cuda/IndexKernel.cu:93: operator(): block: [35,0,0], thread: [101,0,0] Assertion `-sizes[i] <= index && index < sizes[i] && "index out of bounds"` failed.
/opt/conda/conda-bld/pytorch_1727971040866/work/aten/src/ATen/native/cuda/IndexKernel.cu:93: operator(): block: [35,0,0], thread: [102,0,0] Assertion `-sizes[i] <= index && index < sizes[i] && "index out of bounds"` failed.
/opt/conda/conda-bld/pytorch_1727971040866/work/aten/src/ATen/native/cuda/IndexKernel.cu:93: operator(): block: [35,0,0], thread: [103,0,0] Assertion `-sizes[i] <= index && index < sizes[i] && "index out of bounds"` failed.
/opt/conda/conda-bld/pytorch_1727971040866/work/aten/src/ATen/native/cuda/IndexKernel.cu:93: operator(): block: [35,0,0], thread: [104,0,0] Assertion `-sizes[i] <= index && index < sizes[i] && "index out of bounds"` failed.
/opt/conda/conda-bld/pytorch_1727971040866/work/aten/src/ATen/native/cuda/IndexKernel.cu:93: operator(): block: [35,0,0], thread: [105,0,0] Assertion `-sizes[i] <= index && index < sizes[i] && "index out of bounds"` failed.
/opt/conda/conda-bld/pytorch_1727971040866/work/aten/src/ATen/native/cuda/IndexKernel.cu:93: operator(): block: [35,0,0], thread: [106,0,0] Assertion `-sizes[i] <= index && index < sizes[i] && "index out of bounds"` failed.
/opt/conda/conda-bld/pytorch_1727971040866/work/aten/src/ATen/native/cuda/IndexKernel.cu:93: operator(): block: [35,0,0], thread: [107,0,0] Assertion `-sizes[i] <= index && index < sizes[i] && "index out of bounds"` failed.
/opt/conda/conda-bld/pytorch_1727971040866/work/aten/src/ATen/native/cuda/IndexKernel.cu:93: operator(): block: [35,0,0], thread: [108,0,0] Assertion `-sizes[i] <= index && index < sizes[i] && "index out of bounds"` failed.
/opt/conda/conda-bld/pytorch_1727971040866/work/aten/src/ATen/native/cuda/IndexKernel.cu:93: operator(): block: [35,0,0], thread: [109,0,0] Assertion `-sizes[i] <= index && index < sizes[i] && "index out of bounds"` failed.
/opt/conda/conda-bld/pytorch_1727971040866/work/aten/src/ATen/native/cuda/IndexKernel.cu:93: operator(): block: [35,0,0], thread: [110,0,0] Assertion `-sizes[i] <= index && index < sizes[i] && "index out of bounds"` failed.
/opt/conda/conda-bld/pytorch_1727971040866/work/aten/src/ATen/native/cuda/IndexKernel.cu:93: operator(): block: [35,0,0], thread: [111,0,0] Assertion `-sizes[i] <= index && index < sizes[i] && "index out of bounds"` failed.
/opt/conda/conda-bld/pytorch_1727971040866/work/aten/src/ATen/native/cuda/IndexKernel.cu:93: operator(): block: [35,0,0], thread: [112,0,0] Assertion `-sizes[i] <= index && index < sizes[i] && "index out of bounds"` failed.
/opt/conda/conda-bld/pytorch_1727971040866/work/aten/src/ATen/native/cuda/IndexKernel.cu:93: operator(): block: [35,0,0], thread: [113,0,0] Assertion `-sizes[i] <= index && index < sizes[i] && "index out of bounds"` failed.
/opt/conda/conda-bld/pytorch_1727971040866/work/aten/src/ATen/native/cuda/IndexKernel.cu:93: operator(): block: [35,0,0], thread: [114,0,0] Assertion `-sizes[i] <= index && index < sizes[i] && "index out of bounds"` failed.
/opt/conda/conda-bld/pytorch_1727971040866/work/aten/src/ATen/native/cuda/IndexKernel.cu:93: operator(): block: [35,0,0], thread: [115,0,0] Assertion `-sizes[i] <= index && index < sizes[i] && "index out of bounds"` failed.
/opt/conda/conda-bld/pytorch_1727971040866/work/aten/src/ATen/native/cuda/IndexKernel.cu:93: operator(): block: [35,0,0], thread: [64,0,0] Assertion `-sizes[i] <= index && index < sizes[i] && "index out of bounds"` failed.
/opt/conda/conda-bld/pytorch_1727971040866/work/aten/src/ATen/native/cuda/IndexKernel.cu:93: operator(): block: [35,0,0], thread: [65,0,0] Assertion `-sizes[i] <= index && index < sizes[i] && "index out of bounds"` failed.
/opt/conda/conda-bld/pytorch_1727971040866/work/aten/src/ATen/native/cuda/IndexKernel.cu:93: operator(): block: [35,0,0], thread: [66,0,0] Assertion `-sizes[i] <= index && index < sizes[i] && "index out of bounds"` failed.
/opt/conda/conda-bld/pytorch_1727971040866/work/aten/src/ATen/native/cuda/IndexKernel.cu:93: operator(): block: [35,0,0], thread: [67,0,0] Assertion `-sizes[i] <= index && index < sizes[i] && "index out of bounds"` failed.
/opt/conda/conda-bld/pytorch_1727971040866/work/aten/src/ATen/native/cuda/IndexKernel.cu:93: operator(): block: [35,0,0], thread: [68,0,0] Assertion `-sizes[i] <= index && index < sizes[i] && "index out of bounds"` failed.
/opt/conda/conda-bld/pytorch_1727971040866/work/aten/src/ATen/native/cuda/IndexKernel.cu:93: operator(): block: [35,0,0], thread: [69,0,0] Assertion `-sizes[i] <= index && index < sizes[i] && "index out of bounds"` failed.
/opt/conda/conda-bld/pytorch_1727971040866/work/aten/src/ATen/native/cuda/IndexKernel.cu:93: operator(): block: [35,0,0], thread: [70,0,0] Assertion `-sizes[i] <= index && index < sizes[i] && "index out of bounds"` failed.
/opt/conda/conda-bld/pytorch_1727971040866/work/aten/src/ATen/native/cuda/IndexKernel.cu:93: operator(): block: [35,0,0], thread: [71,0,0] Assertion `-sizes[i] <= index && index < sizes[i] && "index out of bounds"` failed.
/opt/conda/conda-bld/pytorch_1727971040866/work/aten/src/ATen/native/cuda/IndexKernel.cu:93: operator(): block: [35,0,0], thread: [72,0,0] Assertion `-sizes[i] <= index && index < sizes[i] && "index out of bounds"` failed.
/opt/conda/conda-bld/pytorch_1727971040866/work/aten/src/ATen/native/cuda/IndexKernel.cu:93: operator(): block: [35,0,0], thread: [73,0,0] Assertion `-sizes[i] <= index && index < sizes[i] && "index out of bounds"` failed.
/opt/conda/conda-bld/pytorch_1727971040866/work/aten/src/ATen/native/cuda/IndexKernel.cu:93: operator(): block: [35,0,0], thread: [74,0,0] Assertion `-sizes[i] <= index && index < sizes[i] && "index out of bounds"` failed.
/opt/conda/conda-bld/pytorch_1727971040866/work/aten/src/ATen/native/cuda/IndexKernel.cu:93: operator(): block: [35,0,0], thread: [75,0,0] Assertion `-sizes[i] <= index && index < sizes[i] && "index out of bounds"` failed.
/opt/conda/conda-bld/pytorch_1727971040866/work/aten/src/ATen/native/cuda/IndexKernel.cu:93: operator(): block: [35,0,0], thread: [76,0,0] Assertion `-sizes[i] <= index && index < sizes[i] && "index out of bounds"` failed.
/opt/conda/conda-bld/pytorch_1727971040866/work/aten/src/ATen/native/cuda/IndexKernel.cu:93: operator(): block: [35,0,0], thread: [77,0,0] Assertion `-sizes[i] <= index && index < sizes[i] && "index out of bounds"` failed.
/opt/conda/conda-bld/pytorch_1727971040866/work/aten/src/ATen/native/cuda/IndexKernel.cu:93: operator(): block: [35,0,0], thread: [78,0,0] Assertion `-sizes[i] <= index && index < sizes[i] && "index out of bounds"` failed.
/opt/conda/conda-bld/pytorch_1727971040866/work/aten/src/ATen/native/cuda/IndexKernel.cu:93: operator(): block: [35,0,0], thread: [79,0,0] Assertion `-sizes[i] <= index && index < sizes[i] && "index out of bounds"` failed.
/opt/conda/conda-bld/pytorch_1727971040866/work/aten/src/ATen/native/cuda/IndexKernel.cu:93: operator(): block: [35,0,0], thread: [80,0,0] Assertion `-sizes[i] <= index && index < sizes[i] && "index out of bounds"` failed.
/opt/conda/conda-bld/pytorch_1727971040866/work/aten/src/ATen/native/cuda/IndexKernel.cu:93: operator(): block: [35,0,0], thread: [81,0,0] Assertion `-sizes[i] <= index && index < sizes[i] && "index out of bounds"` failed.
/opt/conda/conda-bld/pytorch_1727971040866/work/aten/src/ATen/native/cuda/IndexKernel.cu:93: operator(): block: [35,0,0], thread: [82,0,0] Assertion `-sizes[i] <= index && index < sizes[i] && "index out of bounds"` failed.
/opt/conda/conda-bld/pytorch_1727971040866/work/aten/src/ATen/native/cuda/IndexKernel.cu:93: operator(): block: [35,0,0], thread: [83,0,0] Assertion `-sizes[i] <= index && index < sizes[i] && "index out of bounds"` failed.
/opt/conda/conda-bld/pytorch_1727971040866/work/aten/src/ATen/native/cuda/IndexKernel.cu:93: operator(): block: [35,0,0], thread: [84,0,0] Assertion `-sizes[i] <= index && index < sizes[i] && "index out of bounds"` failed.
/opt/conda/conda-bld/pytorch_1727971040866/work/aten/src/ATen/native/cuda/IndexKernel.cu:93: operator(): block: [35,0,0], thread: [85,0,0] Assertion `-sizes[i] <= index && index < sizes[i] && "index out of bounds"` failed.
/opt/conda/conda-bld/pytorch_1727971040866/work/aten/src/ATen/native/cuda/IndexKernel.cu:93: operator(): block: [35,0,0], thread: [86,0,0] Assertion `-sizes[i] <= index && index < sizes[i] && "index out of bounds"` failed.
/opt/conda/conda-bld/pytorch_1727971040866/work/aten/src/ATen/native/cuda/IndexKernel.cu:93: operator(): block: [35,0,0], thread: [87,0,0] Assertion `-sizes[i] <= index && index < sizes[i] && "index out of bounds"` failed.
/opt/conda/conda-bld/pytorch_1727971040866/work/aten/src/ATen/native/cuda/IndexKernel.cu:93: operator(): block: [35,0,0], thread: [88,0,0] Assertion `-sizes[i] <= index && index < sizes[i] && "index out of bounds"` failed.
/opt/conda/conda-bld/pytorch_1727971040866/work/aten/src/ATen/native/cuda/IndexKernel.cu:93: operator(): block: [35,0,0], thread: [89,0,0] Assertion `-sizes[i] <= index && index < sizes[i] && "index out of bounds"` failed.
/opt/conda/conda-bld/pytorch_1727971040866/work/aten/src/ATen/native/cuda/IndexKernel.cu:93: operator(): block: [35,0,0], thread: [90,0,0] Assertion `-sizes[i] <= index && index < sizes[i] && "index out of bounds"` failed.
/opt/conda/conda-bld/pytorch_1727971040866/work/aten/src/ATen/native/cuda/IndexKernel.cu:93: operator(): block: [35,0,0], thread: [91,0,0] Assertion `-sizes[i] <= index && index < sizes[i] && "index out of bounds"` failed.
/opt/conda/conda-bld/pytorch_1727971040866/work/aten/src/ATen/native/cuda/IndexKernel.cu:93: operator(): block: [35,0,0], thread: [92,0,0] Assertion `-sizes[i] <= index && index < sizes[i] && "index out of bounds"` failed.
/opt/conda/conda-bld/pytorch_1727971040866/work/aten/src/ATen/native/cuda/IndexKernel.cu:93: operator(): block: [35,0,0], thread: [93,0,0] Assertion `-sizes[i] <= index && index < sizes[i] && "index out of bounds"` failed.
/opt/conda/conda-bld/pytorch_1727971040866/work/aten/src/ATen/native/cuda/IndexKernel.cu:93: operator(): block: [35,0,0], thread: [94,0,0] Assertion `-sizes[i] <= index && index < sizes[i] && "index out of bounds"` failed.
/opt/conda/conda-bld/pytorch_1727971040866/work/aten/src/ATen/native/cuda/IndexKernel.cu:93: operator(): block: [35,0,0], thread: [95,0,0] Assertion `-sizes[i] <= index && index < sizes[i] && "index out of bounds"` failed.
/data1/gushengda/eam-rl4co/PTP/fitness/free_loss_fidelity.py:52: FutureWarning: You are using `torch.load` with `weights_only=False` (the current default value), which uses the default pickle module implicitly. It is possible to construct malicious pickle data which will execute arbitrary code during unpickling (See https://github.com/pytorch/pytorch/blob/main/SECURITY.md#untrusted-models for more details). In a future release, the default value for `weights_only` will be flipped to `True`. This limits the functions that could be executed during unpickling. Arbitrary objects will no longer be allowed to be loaded via this mode unless they are explicitly allowlisted by the user via `torch.serialization.add_safe_globals`. We recommend you start setting `weights_only=True` for any use case where you don't have full control of the loaded file. Please open an issue on GitHub for any issues related to this experimental feature.
  obj = torch.load(p, map_location="cpu")
/data1/gushengda/eam-rl4co/PTP/fitness/free_loss_fidelity.py:52: FutureWarning: You are using `torch.load` with `weights_only=False` (the current default value), which uses the default pickle module implicitly. It is possible to construct malicious pickle data which will execute arbitrary code during unpickling (See https://github.com/pytorch/pytorch/blob/main/SECURITY.md#untrusted-models for more details). In a future release, the default value for `weights_only` will be flipped to `True`. This limits the functions that could be executed during unpickling. Arbitrary objects will no longer be allowed to be loaded via this mode unless they are explicitly allowlisted by the user via `torch.serialization.add_safe_globals`. We recommend you start setting `weights_only=True` for any use case where you don't have full control of the loaded file. Please open an issue on GitHub for any issues related to this experimental feature.
  obj = torch.load(p, map_location="cpu")
/data1/gushengda/eam-rl4co/PTP/fitness/free_loss_fidelity.py:52: FutureWarning: You are using `torch.load` with `weights_only=False` (the current default value), which uses the default pickle module implicitly. It is possible to construct malicious pickle data which will execute arbitrary code during unpickling (See https://github.com/pytorch/pytorch/blob/main/SECURITY.md#untrusted-models for more details). In a future release, the default value for `weights_only` will be flipped to `True`. This limits the functions that could be executed during unpickling. Arbitrary objects will no longer be allowed to be loaded via this mode unless they are explicitly allowlisted by the user via `torch.serialization.add_safe_globals`. We recommend you start setting `weights_only=True` for any use case where you don't have full control of the loaded file. Please open an issue on GitHub for any issues related to this experimental feature.
  obj = torch.load(p, map_location="cpu")
/data1/gushengda/eam-rl4co/PTP/fitness/free_loss_fidelity.py:52: FutureWarning: You are using `torch.load` with `weights_only=False` (the current default value), which uses the default pickle module implicitly. It is possible to construct malicious pickle data which will execute arbitrary code during unpickling (See https://github.com/pytorch/pytorch/blob/main/SECURITY.md#untrusted-models for more details). In a future release, the default value for `weights_only` will be flipped to `True`. This limits the functions that could be executed during unpickling. Arbitrary objects will no longer be allowed to be loaded via this mode unless they are explicitly allowlisted by the user via `torch.serialization.add_safe_globals`. We recommend you start setting `weights_only=True` for any use case where you don't have full control of the loaded file. Please open an issue on GitHub for any issues related to this experimental feature.
  obj = torch.load(p, map_location="cpu")
/data1/gushengda/eam-rl4co/PTP/fitness/free_loss_fidelity.py:519: FutureWarning: You are using `torch.load` with `weights_only=False` (the current default value), which uses the default pickle module implicitly. It is possible to construct malicious pickle data which will execute arbitrary code during unpickling (See https://github.com/pytorch/pytorch/blob/main/SECURITY.md#untrusted-models for more details). In a future release, the default value for `weights_only` will be flipped to `True`. This limits the functions that could be executed during unpickling. Arbitrary objects will no longer be allowed to be loaded via this mode unless they are explicitly allowlisted by the user via `torch.serialization.add_safe_globals`. We recommend you start setting `weights_only=True` for any use case where you don't have full control of the loaded file. Please open an issue on GitHub for any issues related to this experimental feature.
  ckpt = torch.load(ckpt_path, map_location="cpu")
/data1/gushengda/eam-rl4co/PTP/fitness/free_loss_fidelity.py:519: FutureWarning: You are using `torch.load` with `weights_only=False` (the current default value), which uses the default pickle module implicitly. It is possible to construct malicious pickle data which will execute arbitrary code during unpickling (See https://github.com/pytorch/pytorch/blob/main/SECURITY.md#untrusted-models for more details). In a future release, the default value for `weights_only` will be flipped to `True`. This limits the functions that could be executed during unpickling. Arbitrary objects will no longer be allowed to be loaded via this mode unless they are explicitly allowlisted by the user via `torch.serialization.add_safe_globals`. We recommend you start setting `weights_only=True` for any use case where you don't have full control of the loaded file. Please open an issue on GitHub for any issues related to this experimental feature.
  ckpt = torch.load(ckpt_path, map_location="cpu")
/data1/gushengda/eam-rl4co/PTP/fitness/free_loss_fidelity.py:519: FutureWarning: You are using `torch.load` with `weights_only=False` (the current default value), which uses the default pickle module implicitly. It is possible to construct malicious pickle data which will execute arbitrary code during unpickling (See https://github.com/pytorch/pytorch/blob/main/SECURITY.md#untrusted-models for more details). In a future release, the default value for `weights_only` will be flipped to `True`. This limits the functions that could be executed during unpickling. Arbitrary objects will no longer be allowed to be loaded via this mode unless they are explicitly allowlisted by the user via `torch.serialization.add_safe_globals`. We recommend you start setting `weights_only=True` for any use case where you don't have full control of the loaded file. Please open an issue on GitHub for any issues related to this experimental feature.
  ckpt = torch.load(ckpt_path, map_location="cpu")
/data1/gushengda/eam-rl4co/PTP/fitness/free_loss_fidelity.py:519: FutureWarning: You are using `torch.load` with `weights_only=False` (the current default value), which uses the default pickle module implicitly. It is possible to construct malicious pickle data which will execute arbitrary code during unpickling (See https://github.com/pytorch/pytorch/blob/main/SECURITY.md#untrusted-models for more details). In a future release, the default value for `weights_only` will be flipped to `True`. This limits the functions that could be executed during unpickling. Arbitrary objects will no longer be allowed to be loaded via this mode unless they are explicitly allowlisted by the user via `torch.serialization.add_safe_globals`. We recommend you start setting `weights_only=True` for any use case where you don't have full control of the loaded file. Please open an issue on GitHub for any issues related to this experimental feature.
  ckpt = torch.load(ckpt_path, map_location="cpu")
Population fill shortfall at gen=19: proposed_g=9/12 proposed_f=0/12 (seen_g=91 seen_f=93)
/data1/gushengda/eam-rl4co/PTP/fitness/free_loss_fidelity.py:52: FutureWarning: You are using `torch.load` with `weights_only=False` (the current default value), which uses the default pickle module implicitly. It is possible to construct malicious pickle data which will execute arbitrary code during unpickling (See https://github.com/pytorch/pytorch/blob/main/SECURITY.md#untrusted-models for more details). In a future release, the default value for `weights_only` will be flipped to `True`. This limits the functions that could be executed during unpickling. Arbitrary objects will no longer be allowed to be loaded via this mode unless they are explicitly allowlisted by the user via `torch.serialization.add_safe_globals`. We recommend you start setting `weights_only=True` for any use case where you don't have full control of the loaded file. Please open an issue on GitHub for any issues related to this experimental feature.
  obj = torch.load(p, map_location="cpu")
/data1/gushengda/eam-rl4co/PTP/fitness/free_loss_fidelity.py:52: FutureWarning: You are using `torch.load` with `weights_only=False` (the current default value), which uses the default pickle module implicitly. It is possible to construct malicious pickle data which will execute arbitrary code during unpickling (See https://github.com/pytorch/pytorch/blob/main/SECURITY.md#untrusted-models for more details). In a future release, the default value for `weights_only` will be flipped to `True`. This limits the functions that could be executed during unpickling. Arbitrary objects will no longer be allowed to be loaded via this mode unless they are explicitly allowlisted by the user via `torch.serialization.add_safe_globals`. We recommend you start setting `weights_only=True` for any use case where you don't have full control of the loaded file. Please open an issue on GitHub for any issues related to this experimental feature.
  obj = torch.load(p, map_location="cpu")
/data1/gushengda/eam-rl4co/PTP/fitness/free_loss_fidelity.py:52: FutureWarning: You are using `torch.load` with `weights_only=False` (the current default value), which uses the default pickle module implicitly. It is possible to construct malicious pickle data which will execute arbitrary code during unpickling (See https://github.com/pytorch/pytorch/blob/main/SECURITY.md#untrusted-models for more details). In a future release, the default value for `weights_only` will be flipped to `True`. This limits the functions that could be executed during unpickling. Arbitrary objects will no longer be allowed to be loaded via this mode unless they are explicitly allowlisted by the user via `torch.serialization.add_safe_globals`. We recommend you start setting `weights_only=True` for any use case where you don't have full control of the loaded file. Please open an issue on GitHub for any issues related to this experimental feature.
  obj = torch.load(p, map_location="cpu")
/data1/gushengda/eam-rl4co/PTP/fitness/free_loss_fidelity.py:52: FutureWarning: You are using `torch.load` with `weights_only=False` (the current default value), which uses the default pickle module implicitly. It is possible to construct malicious pickle data which will execute arbitrary code during unpickling (See https://github.com/pytorch/pytorch/blob/main/SECURITY.md#untrusted-models for more details). In a future release, the default value for `weights_only` will be flipped to `True`. This limits the functions that could be executed during unpickling. Arbitrary objects will no longer be allowed to be loaded via this mode unless they are explicitly allowlisted by the user via `torch.serialization.add_safe_globals`. We recommend you start setting `weights_only=True` for any use case where you don't have full control of the loaded file. Please open an issue on GitHub for any issues related to this experimental feature.
  obj = torch.load(p, map_location="cpu")
/data1/gushengda/eam-rl4co/PTP/fitness/free_loss_fidelity.py:519: FutureWarning: You are using `torch.load` with `weights_only=False` (the current default value), which uses the default pickle module implicitly. It is possible to construct malicious pickle data which will execute arbitrary code during unpickling (See https://github.com/pytorch/pytorch/blob/main/SECURITY.md#untrusted-models for more details). In a future release, the default value for `weights_only` will be flipped to `True`. This limits the functions that could be executed during unpickling. Arbitrary objects will no longer be allowed to be loaded via this mode unless they are explicitly allowlisted by the user via `torch.serialization.add_safe_globals`. We recommend you start setting `weights_only=True` for any use case where you don't have full control of the loaded file. Please open an issue on GitHub for any issues related to this experimental feature.
  ckpt = torch.load(ckpt_path, map_location="cpu")
/data1/gushengda/eam-rl4co/PTP/fitness/free_loss_fidelity.py:519: FutureWarning: You are using `torch.load` with `weights_only=False` (the current default value), which uses the default pickle module implicitly. It is possible to construct malicious pickle data which will execute arbitrary code during unpickling (See https://github.com/pytorch/pytorch/blob/main/SECURITY.md#untrusted-models for more details). In a future release, the default value for `weights_only` will be flipped to `True`. This limits the functions that could be executed during unpickling. Arbitrary objects will no longer be allowed to be loaded via this mode unless they are explicitly allowlisted by the user via `torch.serialization.add_safe_globals`. We recommend you start setting `weights_only=True` for any use case where you don't have full control of the loaded file. Please open an issue on GitHub for any issues related to this experimental feature.
  ckpt = torch.load(ckpt_path, map_location="cpu")
/data1/gushengda/eam-rl4co/PTP/fitness/free_loss_fidelity.py:519: FutureWarning: You are using `torch.load` with `weights_only=False` (the current default value), which uses the default pickle module implicitly. It is possible to construct malicious pickle data which will execute arbitrary code during unpickling (See https://github.com/pytorch/pytorch/blob/main/SECURITY.md#untrusted-models for more details). In a future release, the default value for `weights_only` will be flipped to `True`. This limits the functions that could be executed during unpickling. Arbitrary objects will no longer be allowed to be loaded via this mode unless they are explicitly allowlisted by the user via `torch.serialization.add_safe_globals`. We recommend you start setting `weights_only=True` for any use case where you don't have full control of the loaded file. Please open an issue on GitHub for any issues related to this experimental feature.
  ckpt = torch.load(ckpt_path, map_location="cpu")
/data1/gushengda/eam-rl4co/PTP/fitness/free_loss_fidelity.py:519: FutureWarning: You are using `torch.load` with `weights_only=False` (the current default value), which uses the default pickle module implicitly. It is possible to construct malicious pickle data which will execute arbitrary code during unpickling (See https://github.com/pytorch/pytorch/blob/main/SECURITY.md#untrusted-models for more details). In a future release, the default value for `weights_only` will be flipped to `True`. This limits the functions that could be executed during unpickling. Arbitrary objects will no longer be allowed to be loaded via this mode unless they are explicitly allowlisted by the user via `torch.serialization.add_safe_globals`. We recommend you start setting `weights_only=True` for any use case where you don't have full control of the loaded file. Please open an issue on GitHub for any issues related to this experimental feature.
  ckpt = torch.load(ckpt_path, map_location="cpu")
/data1/gushengda/eam-rl4co/PTP/fitness/free_loss_fidelity.py:52: FutureWarning: You are using `torch.load` with `weights_only=False` (the current default value), which uses the default pickle module implicitly. It is possible to construct malicious pickle data which will execute arbitrary code during unpickling (See https://github.com/pytorch/pytorch/blob/main/SECURITY.md#untrusted-models for more details). In a future release, the default value for `weights_only` will be flipped to `True`. This limits the functions that could be executed during unpickling. Arbitrary objects will no longer be allowed to be loaded via this mode unless they are explicitly allowlisted by the user via `torch.serialization.add_safe_globals`. We recommend you start setting `weights_only=True` for any use case where you don't have full control of the loaded file. Please open an issue on GitHub for any issues related to this experimental feature.
  obj = torch.load(p, map_location="cpu")
/data1/gushengda/eam-rl4co/PTP/fitness/free_loss_fidelity.py:52: FutureWarning: You are using `torch.load` with `weights_only=False` (the current default value), which uses the default pickle module implicitly. It is possible to construct malicious pickle data which will execute arbitrary code during unpickling (See https://github.com/pytorch/pytorch/blob/main/SECURITY.md#untrusted-models for more details). In a future release, the default value for `weights_only` will be flipped to `True`. This limits the functions that could be executed during unpickling. Arbitrary objects will no longer be allowed to be loaded via this mode unless they are explicitly allowlisted by the user via `torch.serialization.add_safe_globals`. We recommend you start setting `weights_only=True` for any use case where you don't have full control of the loaded file. Please open an issue on GitHub for any issues related to this experimental feature.
  obj = torch.load(p, map_location="cpu")
/data1/gushengda/eam-rl4co/PTP/fitness/free_loss_fidelity.py:52: FutureWarning: You are using `torch.load` with `weights_only=False` (the current default value), which uses the default pickle module implicitly. It is possible to construct malicious pickle data which will execute arbitrary code during unpickling (See https://github.com/pytorch/pytorch/blob/main/SECURITY.md#untrusted-models for more details). In a future release, the default value for `weights_only` will be flipped to `True`. This limits the functions that could be executed during unpickling. Arbitrary objects will no longer be allowed to be loaded via this mode unless they are explicitly allowlisted by the user via `torch.serialization.add_safe_globals`. We recommend you start setting `weights_only=True` for any use case where you don't have full control of the loaded file. Please open an issue on GitHub for any issues related to this experimental feature.
  obj = torch.load(p, map_location="cpu")
/data1/gushengda/eam-rl4co/PTP/fitness/free_loss_fidelity.py:52: FutureWarning: You are using `torch.load` with `weights_only=False` (the current default value), which uses the default pickle module implicitly. It is possible to construct malicious pickle data which will execute arbitrary code during unpickling (See https://github.com/pytorch/pytorch/blob/main/SECURITY.md#untrusted-models for more details). In a future release, the default value for `weights_only` will be flipped to `True`. This limits the functions that could be executed during unpickling. Arbitrary objects will no longer be allowed to be loaded via this mode unless they are explicitly allowlisted by the user via `torch.serialization.add_safe_globals`. We recommend you start setting `weights_only=True` for any use case where you don't have full control of the loaded file. Please open an issue on GitHub for any issues related to this experimental feature.
  obj = torch.load(p, map_location="cpu")
/data1/gushengda/eam-rl4co/PTP/fitness/free_loss_fidelity.py:519: FutureWarning: You are using `torch.load` with `weights_only=False` (the current default value), which uses the default pickle module implicitly. It is possible to construct malicious pickle data which will execute arbitrary code during unpickling (See https://github.com/pytorch/pytorch/blob/main/SECURITY.md#untrusted-models for more details). In a future release, the default value for `weights_only` will be flipped to `True`. This limits the functions that could be executed during unpickling. Arbitrary objects will no longer be allowed to be loaded via this mode unless they are explicitly allowlisted by the user via `torch.serialization.add_safe_globals`. We recommend you start setting `weights_only=True` for any use case where you don't have full control of the loaded file. Please open an issue on GitHub for any issues related to this experimental feature.
  ckpt = torch.load(ckpt_path, map_location="cpu")
/data1/gushengda/eam-rl4co/PTP/fitness/free_loss_fidelity.py:519: FutureWarning: You are using `torch.load` with `weights_only=False` (the current default value), which uses the default pickle module implicitly. It is possible to construct malicious pickle data which will execute arbitrary code during unpickling (See https://github.com/pytorch/pytorch/blob/main/SECURITY.md#untrusted-models for more details). In a future release, the default value for `weights_only` will be flipped to `True`. This limits the functions that could be executed during unpickling. Arbitrary objects will no longer be allowed to be loaded via this mode unless they are explicitly allowlisted by the user via `torch.serialization.add_safe_globals`. We recommend you start setting `weights_only=True` for any use case where you don't have full control of the loaded file. Please open an issue on GitHub for any issues related to this experimental feature.
  ckpt = torch.load(ckpt_path, map_location="cpu")
/data1/gushengda/eam-rl4co/PTP/fitness/free_loss_fidelity.py:519: FutureWarning: You are using `torch.load` with `weights_only=False` (the current default value), which uses the default pickle module implicitly. It is possible to construct malicious pickle data which will execute arbitrary code during unpickling (See https://github.com/pytorch/pytorch/blob/main/SECURITY.md#untrusted-models for more details). In a future release, the default value for `weights_only` will be flipped to `True`. This limits the functions that could be executed during unpickling. Arbitrary objects will no longer be allowed to be loaded via this mode unless they are explicitly allowlisted by the user via `torch.serialization.add_safe_globals`. We recommend you start setting `weights_only=True` for any use case where you don't have full control of the loaded file. Please open an issue on GitHub for any issues related to this experimental feature.
  ckpt = torch.load(ckpt_path, map_location="cpu")
/data1/gushengda/eam-rl4co/PTP/fitness/free_loss_fidelity.py:519: FutureWarning: You are using `torch.load` with `weights_only=False` (the current default value), which uses the default pickle module implicitly. It is possible to construct malicious pickle data which will execute arbitrary code during unpickling (See https://github.com/pytorch/pytorch/blob/main/SECURITY.md#untrusted-models for more details). In a future release, the default value for `weights_only` will be flipped to `True`. This limits the functions that could be executed during unpickling. Arbitrary objects will no longer be allowed to be loaded via this mode unless they are explicitly allowlisted by the user via `torch.serialization.add_safe_globals`. We recommend you start setting `weights_only=True` for any use case where you don't have full control of the loaded file. Please open an issue on GitHub for any issues related to this experimental feature.
  ckpt = torch.load(ckpt_path, map_location="cpu")
