[2026-03-04 22:42:32,376] INFO:ptp_discovery.pref_loss_coevo: Run directory: /data1/gushengda/eam-rl4co/runs/pref_loss_alternating_simple/20260304-224232
[2026-03-04 22:42:32,376] INFO:ptp_discovery.pref_loss_coevo: EVAL_STAGES enabled: stage0_gate=1 stage1_proxy=0 stage2_micro_unroll=0 stage3_high_fidelity=1
[2026-03-04 22:42:32,523] INFO:ptp_discovery.pref_loss_coevo: Stage3 multiseed baseline cache miss fidelity=K1000 missing_seeds=8 path=/data1/gushengda/eam-rl4co/baseline/stage3_multiseed/K1000__de21a16aa17b4729/summary.json
/data1/gushengda/eam-rl4co/PTP/fitness/free_loss_fidelity.py:52: FutureWarning: You are using `torch.load` with `weights_only=False` (the current default value), which uses the default pickle module implicitly. It is possible to construct malicious pickle data which will execute arbitrary code during unpickling (See https://github.com/pytorch/pytorch/blob/main/SECURITY.md#untrusted-models for more details). In a future release, the default value for `weights_only` will be flipped to `True`. This limits the functions that could be executed during unpickling. Arbitrary objects will no longer be allowed to be loaded via this mode unless they are explicitly allowlisted by the user via `torch.serialization.add_safe_globals`. We recommend you start setting `weights_only=True` for any use case where you don't have full control of the loaded file. Please open an issue on GitHub for any issues related to this experimental feature.
  obj = torch.load(p, map_location="cpu")
[2026-03-04 22:42:39,168] INFO:fitness.free_loss_fidelity: RL4CO free-loss (step-mode): f1_steps=1000, f2_steps=0, total_steps=1000, train_problem_size=100, rollouts=100, batch_size=64, device=cuda:0, env=tsp
[2026-03-04 22:42:40,486] INFO:fitness.free_loss_fidelity: RL4CO free-loss step 1/1000: score=59.311199 (avg=59.311199), loss=0.713667 (avg=0.713667), pairs_step=316800, pairs_total=316800
[2026-03-04 22:43:13,137] INFO:fitness.free_loss_fidelity: RL4CO free-loss step 100/1000: score=8.832131 (avg=10.475774), loss=0.574935 (avg=0.597939), pairs_step=316800, pairs_total=31679983
[2026-03-04 22:43:46,411] INFO:fitness.free_loss_fidelity: RL4CO free-loss step 200/1000: score=8.669001 (avg=9.607630), loss=0.602259 (avg=0.595568), pairs_step=316800, pairs_total=63359957
[2026-03-04 22:44:19,663] INFO:fitness.free_loss_fidelity: RL4CO free-loss step 300/1000: score=8.430021 (avg=9.245662), loss=0.610123 (avg=0.599082), pairs_step=316799, pairs_total=95039928
[2026-03-04 22:44:53,131] INFO:fitness.free_loss_fidelity: RL4CO free-loss step 400/1000: score=8.391438 (avg=9.032714), loss=0.611225 (avg=0.602364), pairs_step=316800, pairs_total=126719885
[2026-03-04 22:45:26,384] INFO:fitness.free_loss_fidelity: RL4CO free-loss step 500/1000: score=8.263752 (avg=8.888654), loss=0.617774 (avg=0.604976), pairs_step=316800, pairs_total=158399858
[2026-03-04 22:45:59,645] INFO:fitness.free_loss_fidelity: RL4CO free-loss step 600/1000: score=8.226441 (avg=8.784485), loss=0.621151 (avg=0.607213), pairs_step=316797, pairs_total=190079822
[2026-03-04 22:46:32,918] INFO:fitness.free_loss_fidelity: RL4CO free-loss step 700/1000: score=8.233439 (avg=8.705845), loss=0.617913 (avg=0.609019), pairs_step=316798, pairs_total=221759788
[2026-03-04 22:47:07,262] INFO:fitness.free_loss_fidelity: RL4CO free-loss step 800/1000: score=8.187938 (avg=8.643928), loss=0.621405 (avg=0.610622), pairs_step=316800, pairs_total=253439744
[2026-03-04 22:47:42,935] INFO:fitness.free_loss_fidelity: RL4CO free-loss step 900/1000: score=8.215885 (avg=8.593576), loss=0.627537 (avg=0.611968), pairs_step=316800, pairs_total=285119706
[2026-03-04 22:48:18,592] INFO:fitness.free_loss_fidelity: RL4CO free-loss step 1000/1000: score=8.198335 (avg=8.551089), loss=0.626533 (avg=0.613258), pairs_step=316800, pairs_total=316799672
[2026-03-04 22:48:19,880] WARNING:fitness.free_loss_fidelity: weights_only checkpoint load failed (UnpicklingError); retrying weights_only=False for /data1/gushengda/eam-rl4co/baseline/epoch_135.ckpt
/data1/gushengda/eam-rl4co/PTP/fitness/free_loss_fidelity.py:519: FutureWarning: You are using `torch.load` with `weights_only=False` (the current default value), which uses the default pickle module implicitly. It is possible to construct malicious pickle data which will execute arbitrary code during unpickling (See https://github.com/pytorch/pytorch/blob/main/SECURITY.md#untrusted-models for more details). In a future release, the default value for `weights_only` will be flipped to `True`. This limits the functions that could be executed during unpickling. Arbitrary objects will no longer be allowed to be loaded via this mode unless they are explicitly allowlisted by the user via `torch.serialization.add_safe_globals`. We recommend you start setting `weights_only=True` for any use case where you don't have full control of the loaded file. Please open an issue on GitHub for any issues related to this experimental feature.
  ckpt = torch.load(ckpt_path, map_location="cpu")
[2026-03-04 22:48:19,927] INFO:fitness.free_loss_fidelity: Loaded init checkpoint into policy: path=/data1/gushengda/eam-rl4co/baseline/epoch_135.ckpt prefix=policy. matched=97 missing=0 unexpected=0
[2026-03-04 22:48:19,933] INFO:fitness.free_loss_fidelity: RL4CO free-loss (step-mode): f1_steps=1000, f2_steps=0, total_steps=1000, train_problem_size=100, rollouts=100, batch_size=64, device=cuda:0, env=tsp
[2026-03-04 22:48:20,298] INFO:fitness.free_loss_fidelity: RL4CO free-loss step 1/1000: score=7.803347 (avg=7.803347), loss=0.675021 (avg=0.675021), pairs_step=315697, pairs_total=315697
[2026-03-04 22:48:55,627] INFO:fitness.free_loss_fidelity: RL4CO free-loss step 100/1000: score=7.753362 (avg=7.798603), loss=0.675726 (avg=0.675012), pairs_step=315699, pairs_total=31573788
[2026-03-04 22:49:31,527] INFO:fitness.free_loss_fidelity: RL4CO free-loss step 200/1000: score=7.807467 (avg=7.798220), loss=0.672946 (avg=0.675019), pairs_step=315380, pairs_total=63133911
[2026-03-04 22:50:06,326] INFO:fitness.free_loss_fidelity: RL4CO free-loss step 300/1000: score=7.811570 (avg=7.798770), loss=0.674189 (avg=0.675001), pairs_step=315561, pairs_total=94681841
[2026-03-04 22:50:37,773] INFO:fitness.free_loss_fidelity: RL4CO free-loss step 400/1000: score=7.818228 (avg=7.798468), loss=0.672813 (avg=0.674935), pairs_step=315337, pairs_total=126226772
[2026-03-04 22:51:09,222] INFO:fitness.free_loss_fidelity: RL4CO free-loss step 500/1000: score=7.777424 (avg=7.797586), loss=0.674790 (avg=0.674754), pairs_step=314541, pairs_total=157760145
[2026-03-04 22:51:40,638] INFO:fitness.free_loss_fidelity: RL4CO free-loss step 600/1000: score=7.762401 (avg=7.796940), loss=0.674270 (avg=0.674680), pairs_step=315026, pairs_total=189290531
[2026-03-04 22:52:12,254] INFO:fitness.free_loss_fidelity: RL4CO free-loss step 700/1000: score=7.810122 (avg=7.796816), loss=0.674871 (avg=0.674609), pairs_step=314845, pairs_total=220813928
[2026-03-04 22:52:43,685] INFO:fitness.free_loss_fidelity: RL4CO free-loss step 800/1000: score=7.792826 (avg=7.796767), loss=0.678077 (avg=0.674566), pairs_step=315307, pairs_total=252341007
[2026-03-04 22:53:15,134] INFO:fitness.free_loss_fidelity: RL4CO free-loss step 900/1000: score=7.828776 (avg=7.796427), loss=0.675533 (avg=0.674561), pairs_step=315750, pairs_total=283859424
[2026-03-04 22:53:46,573] INFO:fitness.free_loss_fidelity: RL4CO free-loss step 1000/1000: score=7.820762 (avg=7.795922), loss=0.671883 (avg=0.674483), pairs_step=314994, pairs_total=315364857
[2026-03-04 22:53:47,676] WARNING:fitness.free_loss_fidelity: weights_only checkpoint load failed (UnpicklingError); retrying weights_only=False for /data1/gushengda/eam-rl4co/baseline/epoch_409.ckpt
[2026-03-04 22:53:47,713] INFO:fitness.free_loss_fidelity: Loaded init checkpoint into policy: path=/data1/gushengda/eam-rl4co/baseline/epoch_409.ckpt prefix=policy. matched=97 missing=0 unexpected=0
[2026-03-04 22:53:47,718] INFO:fitness.free_loss_fidelity: RL4CO free-loss (step-mode): f1_steps=1000, f2_steps=0, total_steps=1000, train_problem_size=100, rollouts=100, batch_size=64, device=cuda:0, env=tsp
[2026-03-04 22:53:48,048] INFO:fitness.free_loss_fidelity: RL4CO free-loss step 1/1000: score=7.807477 (avg=7.807477), loss=0.219726 (avg=0.219726), pairs_step=315750, pairs_total=315750
[2026-03-04 22:54:19,189] INFO:fitness.free_loss_fidelity: RL4CO free-loss step 100/1000: score=7.752349 (avg=7.798821), loss=0.232168 (avg=0.215122), pairs_step=315356, pairs_total=31579439
[2026-03-04 22:54:50,632] INFO:fitness.free_loss_fidelity: RL4CO free-loss step 200/1000: score=7.815110 (avg=7.797012), loss=0.202535 (avg=0.213821), pairs_step=315624, pairs_total=63156288
[2026-03-04 22:55:22,061] INFO:fitness.free_loss_fidelity: RL4CO free-loss step 300/1000: score=7.805693 (avg=7.797209), loss=0.194376 (avg=0.212797), pairs_step=315818, pairs_total=94723725
[2026-03-04 22:55:53,492] INFO:fitness.free_loss_fidelity: RL4CO free-loss step 400/1000: score=7.818907 (avg=7.796715), loss=0.210634 (avg=0.211294), pairs_step=315741, pairs_total=126273949
[2026-03-04 22:56:24,926] INFO:fitness.free_loss_fidelity: RL4CO free-loss step 500/1000: score=7.774962 (avg=7.795568), loss=0.228360 (avg=0.211626), pairs_step=315681, pairs_total=157818176
[2026-03-04 22:56:56,556] INFO:fitness.free_loss_fidelity: RL4CO free-loss step 600/1000: score=7.755190 (avg=7.794796), loss=0.201694 (avg=0.210554), pairs_step=315307, pairs_total=189358271
[2026-03-04 22:57:27,983] INFO:fitness.free_loss_fidelity: RL4CO free-loss step 700/1000: score=7.801583 (avg=7.794354), loss=0.198544 (avg=0.209522), pairs_step=315217, pairs_total=220887193
[2026-03-04 22:57:59,316] INFO:fitness.free_loss_fidelity: RL4CO free-loss step 800/1000: score=7.783430 (avg=7.794136), loss=0.200390 (avg=0.208287), pairs_step=315105, pairs_total=252413359
[2026-03-04 22:58:30,484] INFO:fitness.free_loss_fidelity: RL4CO free-loss step 900/1000: score=7.822676 (avg=7.793641), loss=0.195087 (avg=0.207033), pairs_step=315295, pairs_total=283926597
[2026-03-04 22:59:01,686] INFO:fitness.free_loss_fidelity: RL4CO free-loss step 1000/1000: score=7.820836 (avg=7.793034), loss=0.185973 (avg=0.205361), pairs_step=315013, pairs_total=315429540
[2026-03-04 22:59:02,757] INFO:fitness.free_loss_fidelity: RL4CO free-loss (step-mode): f1_steps=1000, f2_steps=0, total_steps=1000, train_problem_size=100, rollouts=100, batch_size=64, device=cuda:0, env=tsp
[2026-03-04 22:59:03,070] INFO:fitness.free_loss_fidelity: RL4CO free-loss step 1/1000: score=44.158031 (avg=44.158031), loss=0.744717 (avg=0.744717), pairs_step=316799, pairs_total=316799
[2026-03-04 22:59:34,175] INFO:fitness.free_loss_fidelity: RL4CO free-loss step 100/1000: score=8.800774 (avg=10.112228), loss=0.593875 (avg=0.596438), pairs_step=316800, pairs_total=31679983
[2026-03-04 23:00:05,401] INFO:fitness.free_loss_fidelity: RL4CO free-loss step 200/1000: score=8.599674 (avg=9.404179), loss=0.600864 (avg=0.595842), pairs_step=316800, pairs_total=63359959
[2026-03-04 23:00:36,786] INFO:fitness.free_loss_fidelity: RL4CO free-loss step 300/1000: score=8.399746 (avg=9.096150), loss=0.608089 (avg=0.599746), pairs_step=316800, pairs_total=95039926
[2026-03-04 23:01:08,180] INFO:fitness.free_loss_fidelity: RL4CO free-loss step 400/1000: score=8.364754 (avg=8.915054), loss=0.616259 (avg=0.603302), pairs_step=316800, pairs_total=126719897
[2026-03-04 23:01:39,587] INFO:fitness.free_loss_fidelity: RL4CO free-loss step 500/1000: score=8.251151 (avg=8.790418), loss=0.617234 (avg=0.606020), pairs_step=316800, pairs_total=158399855
[2026-03-04 23:02:10,986] INFO:fitness.free_loss_fidelity: RL4CO free-loss step 600/1000: score=8.194607 (avg=8.700413), loss=0.620643 (avg=0.608077), pairs_step=316800, pairs_total=190079817
[2026-03-04 23:02:42,401] INFO:fitness.free_loss_fidelity: RL4CO free-loss step 700/1000: score=8.213112 (avg=8.631690), loss=0.620113 (avg=0.609829), pairs_step=316800, pairs_total=221759781
[2026-03-04 23:03:13,801] INFO:fitness.free_loss_fidelity: RL4CO free-loss step 800/1000: score=8.191298 (avg=8.577846), loss=0.623147 (avg=0.611312), pairs_step=316799, pairs_total=253439734
[2026-03-04 23:03:45,211] INFO:fitness.free_loss_fidelity: RL4CO free-loss step 900/1000: score=8.184395 (avg=8.533383), loss=0.622431 (avg=0.612595), pairs_step=316800, pairs_total=285119692
[2026-03-04 23:04:16,990] INFO:fitness.free_loss_fidelity: RL4CO free-loss step 1000/1000: score=8.209724 (avg=8.496129), loss=0.625299 (avg=0.613823), pairs_step=316798, pairs_total=316799657
[2026-03-04 23:04:18,097] WARNING:fitness.free_loss_fidelity: weights_only checkpoint load failed (UnpicklingError); retrying weights_only=False for /data1/gushengda/eam-rl4co/baseline/epoch_135.ckpt
[2026-03-04 23:04:18,134] INFO:fitness.free_loss_fidelity: Loaded init checkpoint into policy: path=/data1/gushengda/eam-rl4co/baseline/epoch_135.ckpt prefix=policy. matched=97 missing=0 unexpected=0
[2026-03-04 23:04:18,139] INFO:fitness.free_loss_fidelity: RL4CO free-loss (step-mode): f1_steps=1000, f2_steps=0, total_steps=1000, train_problem_size=100, rollouts=100, batch_size=64, device=cuda:0, env=tsp
[2026-03-04 23:04:18,462] INFO:fitness.free_loss_fidelity: RL4CO free-loss step 1/1000: score=7.803347 (avg=7.803347), loss=0.675021 (avg=0.675021), pairs_step=315697, pairs_total=315697
[2026-03-04 23:04:49,827] INFO:fitness.free_loss_fidelity: RL4CO free-loss step 100/1000: score=7.757403 (avg=7.798733), loss=0.677575 (avg=0.674421), pairs_step=315770, pairs_total=31574428
[2026-03-04 23:05:21,501] INFO:fitness.free_loss_fidelity: RL4CO free-loss step 200/1000: score=7.806837 (avg=7.798461), loss=0.671471 (avg=0.674636), pairs_step=315617, pairs_total=63135699
[2026-03-04 23:05:53,172] INFO:fitness.free_loss_fidelity: RL4CO free-loss step 300/1000: score=7.812332 (avg=7.799285), loss=0.673207 (avg=0.674699), pairs_step=315246, pairs_total=94686875
[2026-03-04 23:06:24,855] INFO:fitness.free_loss_fidelity: RL4CO free-loss step 400/1000: score=7.819590 (avg=7.798990), loss=0.671042 (avg=0.674579), pairs_step=315028, pairs_total=126236697
[2026-03-04 23:06:56,538] INFO:fitness.free_loss_fidelity: RL4CO free-loss step 500/1000: score=7.775236 (avg=7.798067), loss=0.672974 (avg=0.674518), pairs_step=315823, pairs_total=157781375
[2026-03-04 23:07:28,229] INFO:fitness.free_loss_fidelity: RL4CO free-loss step 600/1000: score=7.758503 (avg=7.797373), loss=0.674017 (avg=0.674436), pairs_step=315439, pairs_total=189315266
[2026-03-04 23:08:00,097] INFO:fitness.free_loss_fidelity: RL4CO free-loss step 700/1000: score=7.807134 (avg=7.797114), loss=0.674845 (avg=0.674436), pairs_step=314408, pairs_total=220840456
[2026-03-04 23:08:31,784] INFO:fitness.free_loss_fidelity: RL4CO free-loss step 800/1000: score=7.786099 (avg=7.796963), loss=0.674887 (avg=0.674367), pairs_step=315028, pairs_total=252371223
[2026-03-04 23:09:03,482] INFO:fitness.free_loss_fidelity: RL4CO free-loss step 900/1000: score=7.831669 (avg=7.796571), loss=0.675266 (avg=0.674355), pairs_step=315345, pairs_total=283892400
[2026-03-04 23:09:35,169] INFO:fitness.free_loss_fidelity: RL4CO free-loss step 1000/1000: score=7.819948 (avg=7.796095), loss=0.672237 (avg=0.674315), pairs_step=315321, pairs_total=315402557
[2026-03-04 23:09:36,277] WARNING:fitness.free_loss_fidelity: weights_only checkpoint load failed (UnpicklingError); retrying weights_only=False for /data1/gushengda/eam-rl4co/baseline/epoch_409.ckpt
[2026-03-04 23:09:36,313] INFO:fitness.free_loss_fidelity: Loaded init checkpoint into policy: path=/data1/gushengda/eam-rl4co/baseline/epoch_409.ckpt prefix=policy. matched=97 missing=0 unexpected=0
[2026-03-04 23:09:36,319] INFO:fitness.free_loss_fidelity: RL4CO free-loss (step-mode): f1_steps=1000, f2_steps=0, total_steps=1000, train_problem_size=100, rollouts=100, batch_size=64, device=cuda:0, env=tsp
[2026-03-04 23:09:36,649] INFO:fitness.free_loss_fidelity: RL4CO free-loss step 1/1000: score=7.807477 (avg=7.807477), loss=0.219726 (avg=0.219726), pairs_step=315750, pairs_total=315750
[2026-03-04 23:10:08,027] INFO:fitness.free_loss_fidelity: RL4CO free-loss step 100/1000: score=7.753366 (avg=7.797751), loss=0.228216 (avg=0.211535), pairs_step=315617, pairs_total=31589817
[2026-03-04 23:10:39,915] INFO:fitness.free_loss_fidelity: RL4CO free-loss step 200/1000: score=7.804171 (avg=7.796837), loss=0.189651 (avg=0.209995), pairs_step=315063, pairs_total=63170980
[2026-03-04 23:11:11,597] INFO:fitness.free_loss_fidelity: RL4CO free-loss step 300/1000: score=7.807060 (avg=7.797312), loss=0.188866 (avg=0.205943), pairs_step=315376, pairs_total=94746574
[2026-03-04 23:11:43,287] INFO:fitness.free_loss_fidelity: RL4CO free-loss step 400/1000: score=7.821704 (avg=7.797074), loss=0.213662 (avg=0.205962), pairs_step=315605, pairs_total=126309096
[2026-03-04 23:12:14,964] INFO:fitness.free_loss_fidelity: RL4CO free-loss step 500/1000: score=7.768452 (avg=7.795965), loss=0.222129 (avg=0.207952), pairs_step=315524, pairs_total=157857485
[2026-03-04 23:12:46,655] INFO:fitness.free_loss_fidelity: RL4CO free-loss step 600/1000: score=7.755778 (avg=7.795167), loss=0.209690 (avg=0.208663), pairs_step=315416, pairs_total=189389553
[2026-03-04 23:13:18,331] INFO:fitness.free_loss_fidelity: RL4CO free-loss step 700/1000: score=7.804427 (avg=7.794751), loss=0.203236 (avg=0.208902), pairs_step=315443, pairs_total=220912243
[2026-03-04 23:13:50,017] INFO:fitness.free_loss_fidelity: RL4CO free-loss step 800/1000: score=7.786383 (avg=7.794473), loss=0.213261 (avg=0.208480), pairs_step=315368, pairs_total=252434477
[2026-03-04 23:14:21,696] INFO:fitness.free_loss_fidelity: RL4CO free-loss step 900/1000: score=7.825278 (avg=7.794002), loss=0.202285 (avg=0.208399), pairs_step=314781, pairs_total=283943681
[2026-03-04 23:14:53,371] INFO:fitness.free_loss_fidelity: RL4CO free-loss step 1000/1000: score=7.817132 (avg=7.793347), loss=0.205424 (avg=0.207666), pairs_step=314791, pairs_total=315442581
[2026-03-04 23:14:54,452] INFO:fitness.free_loss_fidelity: RL4CO free-loss (step-mode): f1_steps=1000, f2_steps=0, total_steps=1000, train_problem_size=100, rollouts=100, batch_size=64, device=cuda:0, env=tsp
[2026-03-04 23:14:54,775] INFO:fitness.free_loss_fidelity: RL4CO free-loss step 1/1000: score=43.203537 (avg=43.203537), loss=0.720524 (avg=0.720524), pairs_step=316800, pairs_total=316800
[2026-03-04 23:15:26,350] INFO:fitness.free_loss_fidelity: RL4CO free-loss step 100/1000: score=8.823884 (avg=9.870150), loss=0.584334 (avg=0.599746), pairs_step=316800, pairs_total=31679982
[2026-03-04 23:15:58,038] INFO:fitness.free_loss_fidelity: RL4CO free-loss step 200/1000: score=8.541828 (avg=9.277787), loss=0.606355 (avg=0.599778), pairs_step=316799, pairs_total=63359951
[2026-03-04 23:16:29,731] INFO:fitness.free_loss_fidelity: RL4CO free-loss step 300/1000: score=8.386339 (avg=9.005095), loss=0.614671 (avg=0.603654), pairs_step=316800, pairs_total=95039927
[2026-03-04 23:17:01,423] INFO:fitness.free_loss_fidelity: RL4CO free-loss step 400/1000: score=8.322796 (avg=8.839021), loss=0.618980 (avg=0.606757), pairs_step=316800, pairs_total=126719888
[2026-03-04 23:17:33,136] INFO:fitness.free_loss_fidelity: RL4CO free-loss step 500/1000: score=8.225271 (avg=8.724734), loss=0.614366 (avg=0.609509), pairs_step=316800, pairs_total=158399856
[2026-03-04 23:18:05,030] INFO:fitness.free_loss_fidelity: RL4CO free-loss step 600/1000: score=8.183355 (avg=8.641829), loss=0.619863 (avg=0.611502), pairs_step=316800, pairs_total=190079824
[2026-03-04 23:18:36,735] INFO:fitness.free_loss_fidelity: RL4CO free-loss step 700/1000: score=8.200141 (avg=8.579223), loss=0.624407 (avg=0.613108), pairs_step=316800, pairs_total=221759784
[2026-03-04 23:19:08,435] INFO:fitness.free_loss_fidelity: RL4CO free-loss step 800/1000: score=8.197295 (avg=8.529563), loss=0.621391 (avg=0.614375), pairs_step=316799, pairs_total=253439750
[2026-03-04 23:19:40,127] INFO:fitness.free_loss_fidelity: RL4CO free-loss step 900/1000: score=8.180134 (avg=8.489312), loss=0.627614 (avg=0.615545), pairs_step=316799, pairs_total=285119716
[2026-03-04 23:20:11,835] INFO:fitness.free_loss_fidelity: RL4CO free-loss step 1000/1000: score=8.170883 (avg=8.455422), loss=0.624393 (avg=0.616686), pairs_step=316800, pairs_total=316799679
[2026-03-04 23:20:12,943] WARNING:fitness.free_loss_fidelity: weights_only checkpoint load failed (UnpicklingError); retrying weights_only=False for /data1/gushengda/eam-rl4co/baseline/epoch_135.ckpt
[2026-03-04 23:20:12,978] INFO:fitness.free_loss_fidelity: Loaded init checkpoint into policy: path=/data1/gushengda/eam-rl4co/baseline/epoch_135.ckpt prefix=policy. matched=97 missing=0 unexpected=0
[2026-03-04 23:20:12,983] INFO:fitness.free_loss_fidelity: RL4CO free-loss (step-mode): f1_steps=1000, f2_steps=0, total_steps=1000, train_problem_size=100, rollouts=100, batch_size=64, device=cuda:0, env=tsp
[2026-03-04 23:20:13,306] INFO:fitness.free_loss_fidelity: RL4CO free-loss step 1/1000: score=7.803347 (avg=7.803347), loss=0.675021 (avg=0.675021), pairs_step=315697, pairs_total=315697
[2026-03-04 23:20:44,684] INFO:fitness.free_loss_fidelity: RL4CO free-loss step 100/1000: score=7.758148 (avg=7.798517), loss=0.674830 (avg=0.674296), pairs_step=315787, pairs_total=31576352
[2026-03-04 23:21:16,373] INFO:fitness.free_loss_fidelity: RL4CO free-loss step 200/1000: score=7.813338 (avg=7.798046), loss=0.671794 (avg=0.674408), pairs_step=315689, pairs_total=63135414
[2026-03-04 23:21:48,064] INFO:fitness.free_loss_fidelity: RL4CO free-loss step 300/1000: score=7.810094 (avg=7.798640), loss=0.675045 (avg=0.674353), pairs_step=315539, pairs_total=94691593
[2026-03-04 23:22:19,937] INFO:fitness.free_loss_fidelity: RL4CO free-loss step 400/1000: score=7.819481 (avg=7.798597), loss=0.670825 (avg=0.674333), pairs_step=314873, pairs_total=126238814
[2026-03-04 23:22:51,623] INFO:fitness.free_loss_fidelity: RL4CO free-loss step 500/1000: score=7.779494 (avg=7.797614), loss=0.672218 (avg=0.674283), pairs_step=315412, pairs_total=157779605
[2026-03-04 23:23:23,311] INFO:fitness.free_loss_fidelity: RL4CO free-loss step 600/1000: score=7.754595 (avg=7.797166), loss=0.674738 (avg=0.674220), pairs_step=315416, pairs_total=189312088
[2026-03-04 23:23:55,017] INFO:fitness.free_loss_fidelity: RL4CO free-loss step 700/1000: score=7.809429 (avg=7.796936), loss=0.675377 (avg=0.674232), pairs_step=314970, pairs_total=220839645
[2026-03-04 23:24:26,706] INFO:fitness.free_loss_fidelity: RL4CO free-loss step 800/1000: score=7.792808 (avg=7.796878), loss=0.676544 (avg=0.674239), pairs_step=314578, pairs_total=252364976
[2026-03-04 23:24:58,620] INFO:fitness.free_loss_fidelity: RL4CO free-loss step 900/1000: score=7.830113 (avg=7.796534), loss=0.676903 (avg=0.674259), pairs_step=314859, pairs_total=283881266
[2026-03-04 23:25:30,301] INFO:fitness.free_loss_fidelity: RL4CO free-loss step 1000/1000: score=7.818178 (avg=7.796038), loss=0.673567 (avg=0.674320), pairs_step=315306, pairs_total=315388305
[2026-03-04 23:25:31,407] WARNING:fitness.free_loss_fidelity: weights_only checkpoint load failed (UnpicklingError); retrying weights_only=False for /data1/gushengda/eam-rl4co/baseline/epoch_409.ckpt
[2026-03-04 23:25:31,443] INFO:fitness.free_loss_fidelity: Loaded init checkpoint into policy: path=/data1/gushengda/eam-rl4co/baseline/epoch_409.ckpt prefix=policy. matched=97 missing=0 unexpected=0
[2026-03-04 23:25:31,448] INFO:fitness.free_loss_fidelity: RL4CO free-loss (step-mode): f1_steps=1000, f2_steps=0, total_steps=1000, train_problem_size=100, rollouts=100, batch_size=64, device=cuda:0, env=tsp
[2026-03-04 23:25:31,779] INFO:fitness.free_loss_fidelity: RL4CO free-loss step 1/1000: score=7.807477 (avg=7.807477), loss=0.219726 (avg=0.219726), pairs_step=315750, pairs_total=315750
[2026-03-04 23:26:03,218] INFO:fitness.free_loss_fidelity: RL4CO free-loss step 100/1000: score=7.759570 (avg=7.798151), loss=0.252138 (avg=0.221895), pairs_step=315876, pairs_total=31581277
[2026-03-04 23:26:34,955] INFO:fitness.free_loss_fidelity: RL4CO free-loss step 200/1000: score=7.811048 (avg=7.796777), loss=0.233300 (avg=0.222436), pairs_step=315464, pairs_total=63141653
[2026-03-04 23:27:06,722] INFO:fitness.free_loss_fidelity: RL4CO free-loss step 300/1000: score=7.813054 (avg=7.797174), loss=0.211876 (avg=0.221044), pairs_step=315448, pairs_total=94703744
[2026-03-04 23:27:38,482] INFO:fitness.free_loss_fidelity: RL4CO free-loss step 400/1000: score=7.814200 (avg=7.796758), loss=0.199973 (avg=0.218979), pairs_step=315153, pairs_total=126254929
[2026-03-04 23:28:10,421] INFO:fitness.free_loss_fidelity: RL4CO free-loss step 500/1000: score=7.771858 (avg=7.795502), loss=0.212087 (avg=0.217725), pairs_step=315235, pairs_total=157796547
[2026-03-04 23:28:42,191] INFO:fitness.free_loss_fidelity: RL4CO free-loss step 600/1000: score=7.754254 (avg=7.794544), loss=0.213785 (avg=0.215920), pairs_step=315565, pairs_total=189326660
[2026-03-04 23:29:13,932] INFO:fitness.free_loss_fidelity: RL4CO free-loss step 700/1000: score=7.806281 (avg=7.794236), loss=0.227928 (avg=0.215242), pairs_step=314958, pairs_total=220848980
[2026-03-04 23:29:45,682] INFO:fitness.free_loss_fidelity: RL4CO free-loss step 800/1000: score=7.793625 (avg=7.793969), loss=0.205441 (avg=0.214894), pairs_step=314841, pairs_total=252362284
[2026-03-04 23:30:17,443] INFO:fitness.free_loss_fidelity: RL4CO free-loss step 900/1000: score=7.827483 (avg=7.793447), loss=0.209106 (avg=0.214575), pairs_step=314925, pairs_total=283851587
[2026-03-04 23:30:49,177] INFO:fitness.free_loss_fidelity: RL4CO free-loss step 1000/1000: score=7.814560 (avg=7.792830), loss=0.203895 (avg=0.214451), pairs_step=314581, pairs_total=315329865
[2026-03-04 23:30:50,261] INFO:fitness.free_loss_fidelity: RL4CO free-loss (step-mode): f1_steps=1000, f2_steps=0, total_steps=1000, train_problem_size=100, rollouts=100, batch_size=64, device=cuda:0, env=tsp
[2026-03-04 23:30:50,585] INFO:fitness.free_loss_fidelity: RL4CO free-loss step 1/1000: score=44.569542 (avg=44.569542), loss=0.756042 (avg=0.756042), pairs_step=316799, pairs_total=316799
[2026-03-04 23:31:22,048] INFO:fitness.free_loss_fidelity: RL4CO free-loss step 100/1000: score=8.792477 (avg=9.890144), loss=0.589741 (avg=0.594075), pairs_step=316800, pairs_total=31679982
[2026-03-04 23:31:53,783] INFO:fitness.free_loss_fidelity: RL4CO free-loss step 200/1000: score=8.592817 (avg=9.277159), loss=0.605311 (avg=0.597334), pairs_step=316800, pairs_total=63359950
[2026-03-04 23:32:25,607] INFO:fitness.free_loss_fidelity: RL4CO free-loss step 300/1000: score=8.388144 (avg=9.003029), loss=0.613659 (avg=0.601674), pairs_step=316800, pairs_total=95039919
[2026-03-04 23:32:57,188] INFO:fitness.free_loss_fidelity: RL4CO free-loss step 400/1000: score=8.304675 (avg=8.835080), loss=0.617536 (avg=0.605503), pairs_step=316800, pairs_total=126719880
[2026-03-04 23:33:28,603] INFO:fitness.free_loss_fidelity: RL4CO free-loss step 500/1000: score=8.234200 (avg=8.722387), loss=0.620580 (avg=0.608370), pairs_step=316800, pairs_total=158399846
[2026-03-04 23:34:00,007] INFO:fitness.free_loss_fidelity: RL4CO free-loss step 600/1000: score=8.188316 (avg=8.641018), loss=0.618725 (avg=0.610581), pairs_step=316799, pairs_total=190079807
[2026-03-04 23:34:31,447] INFO:fitness.free_loss_fidelity: RL4CO free-loss step 700/1000: score=8.215243 (avg=8.578898), loss=0.625706 (avg=0.612384), pairs_step=316800, pairs_total=221759764
[2026-03-04 23:35:03,045] INFO:fitness.free_loss_fidelity: RL4CO free-loss step 800/1000: score=8.168714 (avg=8.530222), loss=0.625321 (avg=0.613915), pairs_step=316800, pairs_total=253439728
[2026-03-04 23:35:34,407] INFO:fitness.free_loss_fidelity: RL4CO free-loss step 900/1000: score=8.202038 (avg=8.490643), loss=0.625613 (avg=0.615207), pairs_step=316800, pairs_total=285119696
[2026-03-04 23:36:05,773] INFO:fitness.free_loss_fidelity: RL4CO free-loss step 1000/1000: score=8.185081 (avg=8.457349), loss=0.633461 (avg=0.616475), pairs_step=316799, pairs_total=316799659
[2026-03-04 23:36:06,873] WARNING:fitness.free_loss_fidelity: weights_only checkpoint load failed (UnpicklingError); retrying weights_only=False for /data1/gushengda/eam-rl4co/baseline/epoch_135.ckpt
[2026-03-04 23:36:06,909] INFO:fitness.free_loss_fidelity: Loaded init checkpoint into policy: path=/data1/gushengda/eam-rl4co/baseline/epoch_135.ckpt prefix=policy. matched=97 missing=0 unexpected=0
[2026-03-04 23:36:06,915] INFO:fitness.free_loss_fidelity: RL4CO free-loss (step-mode): f1_steps=1000, f2_steps=0, total_steps=1000, train_problem_size=100, rollouts=100, batch_size=64, device=cuda:0, env=tsp
[2026-03-04 23:36:07,242] INFO:fitness.free_loss_fidelity: RL4CO free-loss step 1/1000: score=7.803347 (avg=7.803347), loss=0.675021 (avg=0.675021), pairs_step=315697, pairs_total=315697
[2026-03-04 23:36:38,315] INFO:fitness.free_loss_fidelity: RL4CO free-loss step 100/1000: score=7.751061 (avg=7.798126), loss=0.672992 (avg=0.674743), pairs_step=315847, pairs_total=31574895
[2026-03-04 23:37:09,633] INFO:fitness.free_loss_fidelity: RL4CO free-loss step 200/1000: score=7.810208 (avg=7.798089), loss=0.671654 (avg=0.674968), pairs_step=315352, pairs_total=63129325
[2026-03-04 23:37:40,949] INFO:fitness.free_loss_fidelity: RL4CO free-loss step 300/1000: score=7.808056 (avg=7.798917), loss=0.673376 (avg=0.674859), pairs_step=315734, pairs_total=94681914
[2026-03-04 23:38:12,271] INFO:fitness.free_loss_fidelity: RL4CO free-loss step 400/1000: score=7.821209 (avg=7.798785), loss=0.673298 (avg=0.674766), pairs_step=315377, pairs_total=126227625
[2026-03-04 23:38:43,637] INFO:fitness.free_loss_fidelity: RL4CO free-loss step 500/1000: score=7.773036 (avg=7.797849), loss=0.676602 (avg=0.674844), pairs_step=315217, pairs_total=157766022
[2026-03-04 23:39:14,948] INFO:fitness.free_loss_fidelity: RL4CO free-loss step 600/1000: score=7.758121 (avg=7.797158), loss=0.677391 (avg=0.674846), pairs_step=315550, pairs_total=189298506
[2026-03-04 23:39:46,527] INFO:fitness.free_loss_fidelity: RL4CO free-loss step 700/1000: score=7.805687 (avg=7.796905), loss=0.676306 (avg=0.674880), pairs_step=315243, pairs_total=220820568
[2026-03-04 23:40:18,796] INFO:fitness.free_loss_fidelity: RL4CO free-loss step 800/1000: score=7.794147 (avg=7.796797), loss=0.675396 (avg=0.674893), pairs_step=314599, pairs_total=252343358
[2026-03-04 23:40:50,493] INFO:fitness.free_loss_fidelity: RL4CO free-loss step 900/1000: score=7.830086 (avg=7.796409), loss=0.675799 (avg=0.674891), pairs_step=315473, pairs_total=283849723
[2026-03-04 23:41:22,046] INFO:fitness.free_loss_fidelity: RL4CO free-loss step 1000/1000: score=7.825413 (avg=7.795962), loss=0.674801 (avg=0.674849), pairs_step=315188, pairs_total=315358357
[2026-03-04 23:41:23,151] WARNING:fitness.free_loss_fidelity: weights_only checkpoint load failed (UnpicklingError); retrying weights_only=False for /data1/gushengda/eam-rl4co/baseline/epoch_409.ckpt
[2026-03-04 23:41:23,187] INFO:fitness.free_loss_fidelity: Loaded init checkpoint into policy: path=/data1/gushengda/eam-rl4co/baseline/epoch_409.ckpt prefix=policy. matched=97 missing=0 unexpected=0
[2026-03-04 23:41:23,193] INFO:fitness.free_loss_fidelity: RL4CO free-loss (step-mode): f1_steps=1000, f2_steps=0, total_steps=1000, train_problem_size=100, rollouts=100, batch_size=64, device=cuda:0, env=tsp
[2026-03-04 23:41:23,514] INFO:fitness.free_loss_fidelity: RL4CO free-loss step 1/1000: score=7.807477 (avg=7.807477), loss=0.219726 (avg=0.219726), pairs_step=315750, pairs_total=315750
[2026-03-04 23:41:54,709] INFO:fitness.free_loss_fidelity: RL4CO free-loss step 100/1000: score=7.754442 (avg=7.797668), loss=0.225408 (avg=0.218294), pairs_step=315968, pairs_total=31580192
[2026-03-04 23:42:26,720] INFO:fitness.free_loss_fidelity: RL4CO free-loss step 200/1000: score=7.809875 (avg=7.796625), loss=0.206631 (avg=0.214908), pairs_step=315455, pairs_total=63149027
[2026-03-04 23:43:02,255] INFO:fitness.free_loss_fidelity: RL4CO free-loss step 300/1000: score=7.803188 (avg=7.797030), loss=0.193785 (avg=0.211430), pairs_step=315806, pairs_total=94714568
[2026-03-04 23:43:37,144] INFO:fitness.free_loss_fidelity: RL4CO free-loss step 400/1000: score=7.820763 (avg=7.796512), loss=0.210492 (avg=0.209697), pairs_step=315648, pairs_total=126263909
[2026-03-04 23:44:13,521] INFO:fitness.free_loss_fidelity: RL4CO free-loss step 500/1000: score=7.769172 (avg=7.795423), loss=0.229124 (avg=0.210812), pairs_step=315906, pairs_total=157801971
[2026-03-04 23:44:49,534] INFO:fitness.free_loss_fidelity: RL4CO free-loss step 600/1000: score=7.755601 (avg=7.794605), loss=0.233131 (avg=0.212299), pairs_step=315184, pairs_total=189326034
[2026-03-04 23:45:25,396] INFO:fitness.free_loss_fidelity: RL4CO free-loss step 700/1000: score=7.802980 (avg=7.794224), loss=0.202402 (avg=0.212792), pairs_step=315612, pairs_total=220836938
[2026-03-04 23:45:57,112] INFO:fitness.free_loss_fidelity: RL4CO free-loss step 800/1000: score=7.790010 (avg=7.793935), loss=0.217306 (avg=0.212919), pairs_step=315403, pairs_total=252346216
[2026-03-04 23:46:28,828] INFO:fitness.free_loss_fidelity: RL4CO free-loss step 900/1000: score=7.824145 (avg=7.793431), loss=0.211992 (avg=0.214154), pairs_step=314754, pairs_total=283833023
[2026-03-04 23:47:00,582] INFO:fitness.free_loss_fidelity: RL4CO free-loss step 1000/1000: score=7.819026 (avg=7.792840), loss=0.226864 (avg=0.214701), pairs_step=314379, pairs_total=315312986
[2026-03-04 23:47:01,663] INFO:fitness.free_loss_fidelity: RL4CO free-loss (step-mode): f1_steps=1000, f2_steps=0, total_steps=1000, train_problem_size=100, rollouts=100, batch_size=64, device=cuda:0, env=tsp
[2026-03-04 23:47:01,986] INFO:fitness.free_loss_fidelity: RL4CO free-loss step 1/1000: score=48.400196 (avg=48.400196), loss=0.735093 (avg=0.735093), pairs_step=316800, pairs_total=316800
[2026-03-04 23:47:33,812] INFO:fitness.free_loss_fidelity: RL4CO free-loss step 100/1000: score=8.804515 (avg=10.253220), loss=0.595173 (avg=0.603190), pairs_step=316800, pairs_total=31679973
[2026-03-04 23:48:09,910] INFO:fitness.free_loss_fidelity: RL4CO free-loss step 200/1000: score=8.597315 (avg=9.467308), loss=0.612564 (avg=0.602889), pairs_step=316800, pairs_total=63359944
[2026-03-04 23:48:46,596] INFO:fitness.free_loss_fidelity: RL4CO free-loss step 300/1000: score=8.394390 (avg=9.137572), loss=0.617282 (avg=0.605848), pairs_step=316799, pairs_total=95039903
[2026-03-04 23:49:23,164] INFO:fitness.free_loss_fidelity: RL4CO free-loss step 400/1000: score=8.320573 (avg=8.942551), loss=0.616663 (avg=0.608651), pairs_step=316799, pairs_total=126719869
[2026-03-04 23:49:59,822] INFO:fitness.free_loss_fidelity: RL4CO free-loss step 500/1000: score=8.242309 (avg=8.810846), loss=0.626026 (avg=0.610763), pairs_step=316800, pairs_total=158399825
[2026-03-04 23:50:35,636] INFO:fitness.free_loss_fidelity: RL4CO free-loss step 600/1000: score=8.173994 (avg=8.715623), loss=0.619742 (avg=0.612606), pairs_step=316800, pairs_total=190079792
[2026-03-04 23:51:11,439] INFO:fitness.free_loss_fidelity: RL4CO free-loss step 700/1000: score=8.183105 (avg=8.643249), loss=0.622873 (avg=0.614158), pairs_step=316800, pairs_total=221759752
[2026-03-04 23:51:47,258] INFO:fitness.free_loss_fidelity: RL4CO free-loss step 800/1000: score=8.198425 (avg=8.586782), loss=0.621085 (avg=0.615462), pairs_step=316799, pairs_total=253439715
[2026-03-04 23:52:23,109] INFO:fitness.free_loss_fidelity: RL4CO free-loss step 900/1000: score=8.201040 (avg=8.540775), loss=0.627616 (avg=0.616671), pairs_step=316800, pairs_total=285119669
[2026-03-04 23:52:58,915] INFO:fitness.free_loss_fidelity: RL4CO free-loss step 1000/1000: score=8.200184 (avg=8.502452), loss=0.625224 (avg=0.617746), pairs_step=316800, pairs_total=316799637
[2026-03-04 23:53:00,206] WARNING:fitness.free_loss_fidelity: weights_only checkpoint load failed (UnpicklingError); retrying weights_only=False for /data1/gushengda/eam-rl4co/baseline/epoch_135.ckpt
[2026-03-04 23:53:00,246] INFO:fitness.free_loss_fidelity: Loaded init checkpoint into policy: path=/data1/gushengda/eam-rl4co/baseline/epoch_135.ckpt prefix=policy. matched=97 missing=0 unexpected=0
[2026-03-04 23:53:00,252] INFO:fitness.free_loss_fidelity: RL4CO free-loss (step-mode): f1_steps=1000, f2_steps=0, total_steps=1000, train_problem_size=100, rollouts=100, batch_size=64, device=cuda:0, env=tsp
[2026-03-04 23:53:00,636] INFO:fitness.free_loss_fidelity: RL4CO free-loss step 1/1000: score=7.803347 (avg=7.803347), loss=0.675021 (avg=0.675021), pairs_step=315697, pairs_total=315697
[2026-03-04 23:53:36,095] INFO:fitness.free_loss_fidelity: RL4CO free-loss step 100/1000: score=7.755251 (avg=7.798787), loss=0.673624 (avg=0.674408), pairs_step=315747, pairs_total=31576770
[2026-03-04 23:54:11,894] INFO:fitness.free_loss_fidelity: RL4CO free-loss step 200/1000: score=7.811559 (avg=7.797865), loss=0.675701 (avg=0.674778), pairs_step=315600, pairs_total=63136183
[2026-03-04 23:54:47,694] INFO:fitness.free_loss_fidelity: RL4CO free-loss step 300/1000: score=7.808264 (avg=7.798735), loss=0.675180 (avg=0.674753), pairs_step=315585, pairs_total=94687735
[2026-03-04 23:55:23,665] INFO:fitness.free_loss_fidelity: RL4CO free-loss step 400/1000: score=7.820281 (avg=7.798656), loss=0.675349 (avg=0.674830), pairs_step=315302, pairs_total=126234122
[2026-03-04 23:55:59,437] INFO:fitness.free_loss_fidelity: RL4CO free-loss step 500/1000: score=7.774178 (avg=7.797679), loss=0.672132 (avg=0.674681), pairs_step=315367, pairs_total=157775040
[2026-03-04 23:56:35,229] INFO:fitness.free_loss_fidelity: RL4CO free-loss step 600/1000: score=7.756324 (avg=7.796998), loss=0.673680 (avg=0.674632), pairs_step=315473, pairs_total=189309484
[2026-03-04 23:57:10,981] INFO:fitness.free_loss_fidelity: RL4CO free-loss step 700/1000: score=7.808465 (avg=7.796805), loss=0.675148 (avg=0.674525), pairs_step=315035, pairs_total=220840987
[2026-03-04 23:57:46,744] INFO:fitness.free_loss_fidelity: RL4CO free-loss step 800/1000: score=7.792553 (avg=7.796747), loss=0.673943 (avg=0.674495), pairs_step=315467, pairs_total=252364626
[2026-03-04 23:58:22,640] INFO:fitness.free_loss_fidelity: RL4CO free-loss step 900/1000: score=7.832353 (avg=7.796348), loss=0.674725 (avg=0.674443), pairs_step=315239, pairs_total=283885718
[2026-03-04 23:58:58,365] INFO:fitness.free_loss_fidelity: RL4CO free-loss step 1000/1000: score=7.824932 (avg=7.795910), loss=0.672430 (avg=0.674382), pairs_step=315047, pairs_total=315394967
[2026-03-04 23:58:59,659] WARNING:fitness.free_loss_fidelity: weights_only checkpoint load failed (UnpicklingError); retrying weights_only=False for /data1/gushengda/eam-rl4co/baseline/epoch_409.ckpt
[2026-03-04 23:58:59,699] INFO:fitness.free_loss_fidelity: Loaded init checkpoint into policy: path=/data1/gushengda/eam-rl4co/baseline/epoch_409.ckpt prefix=policy. matched=97 missing=0 unexpected=0
[2026-03-04 23:58:59,704] INFO:fitness.free_loss_fidelity: RL4CO free-loss (step-mode): f1_steps=1000, f2_steps=0, total_steps=1000, train_problem_size=100, rollouts=100, batch_size=64, device=cuda:0, env=tsp
[2026-03-04 23:59:00,088] INFO:fitness.free_loss_fidelity: RL4CO free-loss step 1/1000: score=7.807477 (avg=7.807477), loss=0.219726 (avg=0.219726), pairs_step=315750, pairs_total=315750
[2026-03-04 23:59:35,463] INFO:fitness.free_loss_fidelity: RL4CO free-loss step 100/1000: score=7.759681 (avg=7.798190), loss=0.228535 (avg=0.212065), pairs_step=315858, pairs_total=31585595
[2026-03-05 00:00:11,182] INFO:fitness.free_loss_fidelity: RL4CO free-loss step 200/1000: score=7.813032 (avg=7.796803), loss=0.195393 (avg=0.210534), pairs_step=315702, pairs_total=63163472
[2026-03-05 00:00:46,960] INFO:fitness.free_loss_fidelity: RL4CO free-loss step 300/1000: score=7.801165 (avg=7.796837), loss=0.194095 (avg=0.207967), pairs_step=315562, pairs_total=94737394
[2026-03-05 00:01:22,690] INFO:fitness.free_loss_fidelity: RL4CO free-loss step 400/1000: score=7.818583 (avg=7.796493), loss=0.200453 (avg=0.208149), pairs_step=315237, pairs_total=126295827
[2026-03-05 00:01:58,438] INFO:fitness.free_loss_fidelity: RL4CO free-loss step 500/1000: score=7.776034 (avg=7.795381), loss=0.223253 (avg=0.209298), pairs_step=315705, pairs_total=157842765
[2026-03-05 00:02:34,184] INFO:fitness.free_loss_fidelity: RL4CO free-loss step 600/1000: score=7.749711 (avg=7.794699), loss=0.218239 (avg=0.210058), pairs_step=315066, pairs_total=189375517
[2026-03-05 00:03:10,092] INFO:fitness.free_loss_fidelity: RL4CO free-loss step 700/1000: score=7.804464 (avg=7.794356), loss=0.207437 (avg=0.209910), pairs_step=315169, pairs_total=220900154
[2026-03-05 00:03:45,860] INFO:fitness.free_loss_fidelity: RL4CO free-loss step 800/1000: score=7.786493 (avg=7.794053), loss=0.188806 (avg=0.208698), pairs_step=315613, pairs_total=252427317
[2026-03-05 00:04:21,574] INFO:fitness.free_loss_fidelity: RL4CO free-loss step 900/1000: score=7.829308 (avg=7.793489), loss=0.194889 (avg=0.207997), pairs_step=315482, pairs_total=283936675
[2026-03-05 00:04:57,301] INFO:fitness.free_loss_fidelity: RL4CO free-loss step 1000/1000: score=7.815255 (avg=7.792868), loss=0.218689 (avg=0.207929), pairs_step=314381, pairs_total=315434864
[2026-03-05 00:04:58,562] INFO:fitness.free_loss_fidelity: RL4CO free-loss (step-mode): f1_steps=1000, f2_steps=0, total_steps=1000, train_problem_size=100, rollouts=100, batch_size=64, device=cuda:0, env=tsp
[2026-03-05 00:04:58,941] INFO:fitness.free_loss_fidelity: RL4CO free-loss step 1/1000: score=42.316597 (avg=42.316597), loss=0.741065 (avg=0.741065), pairs_step=316800, pairs_total=316800
[2026-03-05 00:05:34,361] INFO:fitness.free_loss_fidelity: RL4CO free-loss step 100/1000: score=8.888055 (avg=10.257108), loss=0.582032 (avg=0.603336), pairs_step=316800, pairs_total=31679981
[2026-03-05 00:06:10,328] INFO:fitness.free_loss_fidelity: RL4CO free-loss step 200/1000: score=8.625548 (avg=9.506584), loss=0.600468 (avg=0.598131), pairs_step=316800, pairs_total=63359959
[2026-03-05 00:06:46,084] INFO:fitness.free_loss_fidelity: RL4CO free-loss step 300/1000: score=8.457115 (avg=9.180911), loss=0.613811 (avg=0.600891), pairs_step=316800, pairs_total=95039929
[2026-03-05 00:07:21,883] INFO:fitness.free_loss_fidelity: RL4CO free-loss step 400/1000: score=8.388474 (avg=8.986296), loss=0.612529 (avg=0.604226), pairs_step=316799, pairs_total=126719899
[2026-03-05 00:07:57,669] INFO:fitness.free_loss_fidelity: RL4CO free-loss step 500/1000: score=8.244306 (avg=8.851442), loss=0.615162 (avg=0.606739), pairs_step=316800, pairs_total=158399860
[2026-03-05 00:08:33,437] INFO:fitness.free_loss_fidelity: RL4CO free-loss step 600/1000: score=8.209236 (avg=8.752517), loss=0.616458 (avg=0.608666), pairs_step=316799, pairs_total=190079826
[2026-03-05 00:09:09,215] INFO:fitness.free_loss_fidelity: RL4CO free-loss step 700/1000: score=8.250262 (avg=8.678134), loss=0.622310 (avg=0.610268), pairs_step=316800, pairs_total=221759786
[2026-03-05 00:09:44,986] INFO:fitness.free_loss_fidelity: RL4CO free-loss step 800/1000: score=8.182627 (avg=8.618799), loss=0.619116 (avg=0.611556), pairs_step=316799, pairs_total=253439749
[2026-03-05 00:10:20,782] INFO:fitness.free_loss_fidelity: RL4CO free-loss step 900/1000: score=8.209224 (avg=8.570723), loss=0.621838 (avg=0.612781), pairs_step=316800, pairs_total=285119710
[2026-03-05 00:10:56,549] INFO:fitness.free_loss_fidelity: RL4CO free-loss step 1000/1000: score=8.200476 (avg=8.530388), loss=0.623031 (avg=0.613908), pairs_step=316800, pairs_total=316799669
[2026-03-05 00:10:57,838] WARNING:fitness.free_loss_fidelity: weights_only checkpoint load failed (UnpicklingError); retrying weights_only=False for /data1/gushengda/eam-rl4co/baseline/epoch_135.ckpt
[2026-03-05 00:10:57,877] INFO:fitness.free_loss_fidelity: Loaded init checkpoint into policy: path=/data1/gushengda/eam-rl4co/baseline/epoch_135.ckpt prefix=policy. matched=97 missing=0 unexpected=0
[2026-03-05 00:10:57,883] INFO:fitness.free_loss_fidelity: RL4CO free-loss (step-mode): f1_steps=1000, f2_steps=0, total_steps=1000, train_problem_size=100, rollouts=100, batch_size=64, device=cuda:0, env=tsp
[2026-03-05 00:10:58,248] INFO:fitness.free_loss_fidelity: RL4CO free-loss step 1/1000: score=7.803347 (avg=7.803347), loss=0.675021 (avg=0.675021), pairs_step=315697, pairs_total=315697
[2026-03-05 00:11:33,799] INFO:fitness.free_loss_fidelity: RL4CO free-loss step 100/1000: score=7.755316 (avg=7.798828), loss=0.676190 (avg=0.674547), pairs_step=315376, pairs_total=31574811
[2026-03-05 00:12:09,532] INFO:fitness.free_loss_fidelity: RL4CO free-loss step 200/1000: score=7.809016 (avg=7.798644), loss=0.673402 (avg=0.674535), pairs_step=315535, pairs_total=63137103
[2026-03-05 00:12:45,257] INFO:fitness.free_loss_fidelity: RL4CO free-loss step 300/1000: score=7.805266 (avg=7.799158), loss=0.673495 (avg=0.674602), pairs_step=315280, pairs_total=94694261
[2026-03-05 00:13:21,002] INFO:fitness.free_loss_fidelity: RL4CO free-loss step 400/1000: score=7.825478 (avg=7.798922), loss=0.672749 (avg=0.674636), pairs_step=315456, pairs_total=126245795
[2026-03-05 00:13:56,759] INFO:fitness.free_loss_fidelity: RL4CO free-loss step 500/1000: score=7.780517 (avg=7.797889), loss=0.674858 (avg=0.674627), pairs_step=315235, pairs_total=157792005
[2026-03-05 00:14:32,655] INFO:fitness.free_loss_fidelity: RL4CO free-loss step 600/1000: score=7.755495 (avg=7.797359), loss=0.673615 (avg=0.674651), pairs_step=315442, pairs_total=189323924
[2026-03-05 00:15:08,403] INFO:fitness.free_loss_fidelity: RL4CO free-loss step 700/1000: score=7.809582 (avg=7.797175), loss=0.675845 (avg=0.674696), pairs_step=314614, pairs_total=220849177
[2026-03-05 00:15:44,129] INFO:fitness.free_loss_fidelity: RL4CO free-loss step 800/1000: score=7.794633 (avg=7.797153), loss=0.676816 (avg=0.674710), pairs_step=315389, pairs_total=252377241
[2026-03-05 00:16:19,864] INFO:fitness.free_loss_fidelity: RL4CO free-loss step 900/1000: score=7.828363 (avg=7.796918), loss=0.674112 (avg=0.674685), pairs_step=315196, pairs_total=283893293
[2026-03-05 00:16:55,577] INFO:fitness.free_loss_fidelity: RL4CO free-loss step 1000/1000: score=7.821668 (avg=7.796459), loss=0.673793 (avg=0.674648), pairs_step=315445, pairs_total=315402561
[2026-03-05 00:16:56,866] WARNING:fitness.free_loss_fidelity: weights_only checkpoint load failed (UnpicklingError); retrying weights_only=False for /data1/gushengda/eam-rl4co/baseline/epoch_409.ckpt
[2026-03-05 00:16:56,905] INFO:fitness.free_loss_fidelity: Loaded init checkpoint into policy: path=/data1/gushengda/eam-rl4co/baseline/epoch_409.ckpt prefix=policy. matched=97 missing=0 unexpected=0
[2026-03-05 00:16:56,911] INFO:fitness.free_loss_fidelity: RL4CO free-loss (step-mode): f1_steps=1000, f2_steps=0, total_steps=1000, train_problem_size=100, rollouts=100, batch_size=64, device=cuda:0, env=tsp
[2026-03-05 00:16:57,286] INFO:fitness.free_loss_fidelity: RL4CO free-loss step 1/1000: score=7.807477 (avg=7.807477), loss=0.219726 (avg=0.219726), pairs_step=315750, pairs_total=315750
[2026-03-05 00:17:32,650] INFO:fitness.free_loss_fidelity: RL4CO free-loss step 100/1000: score=7.757823 (avg=7.798295), loss=0.208671 (avg=0.213333), pairs_step=315963, pairs_total=31586148
[2026-03-05 00:18:08,387] INFO:fitness.free_loss_fidelity: RL4CO free-loss step 200/1000: score=7.815538 (avg=7.797189), loss=0.212183 (avg=0.209877), pairs_step=315676, pairs_total=63165375
[2026-03-05 00:18:44,115] INFO:fitness.free_loss_fidelity: RL4CO free-loss step 300/1000: score=7.809144 (avg=7.797820), loss=0.222577 (avg=0.210061), pairs_step=315865, pairs_total=94735432
[2026-03-05 00:19:20,054] INFO:fitness.free_loss_fidelity: RL4CO free-loss step 400/1000: score=7.820601 (avg=7.797254), loss=0.224308 (avg=0.210203), pairs_step=315392, pairs_total=126297268
[2026-03-05 00:19:55,784] INFO:fitness.free_loss_fidelity: RL4CO free-loss step 500/1000: score=7.773098 (avg=7.795915), loss=0.208222 (avg=0.210268), pairs_step=315463, pairs_total=157843826
[2026-03-05 00:20:31,514] INFO:fitness.free_loss_fidelity: RL4CO free-loss step 600/1000: score=7.753309 (avg=7.794924), loss=0.201319 (avg=0.209698), pairs_step=315564, pairs_total=189379545
[2026-03-05 00:21:07,254] INFO:fitness.free_loss_fidelity: RL4CO free-loss step 700/1000: score=7.804816 (avg=7.794433), loss=0.203704 (avg=0.208975), pairs_step=314961, pairs_total=220907910
[2026-03-05 00:21:42,981] INFO:fitness.free_loss_fidelity: RL4CO free-loss step 800/1000: score=7.788160 (avg=7.794172), loss=0.201078 (avg=0.207967), pairs_step=315310, pairs_total=252427922
[2026-03-05 00:22:18,953] INFO:fitness.free_loss_fidelity: RL4CO free-loss step 900/1000: score=7.826499 (avg=7.793610), loss=0.205682 (avg=0.207701), pairs_step=315304, pairs_total=283936145
[2026-03-05 00:22:54,682] INFO:fitness.free_loss_fidelity: RL4CO free-loss step 1000/1000: score=7.815014 (avg=7.792993), loss=0.208822 (avg=0.207786), pairs_step=314707, pairs_total=315427721
[2026-03-05 00:22:55,942] INFO:fitness.free_loss_fidelity: RL4CO free-loss (step-mode): f1_steps=1000, f2_steps=0, total_steps=1000, train_problem_size=100, rollouts=100, batch_size=64, device=cuda:0, env=tsp
[2026-03-05 00:22:56,298] INFO:fitness.free_loss_fidelity: RL4CO free-loss step 1/1000: score=51.603012 (avg=51.603012), loss=0.684346 (avg=0.684346), pairs_step=316800, pairs_total=316800
[2026-03-05 00:23:31,702] INFO:fitness.free_loss_fidelity: RL4CO free-loss step 100/1000: score=8.918749 (avg=10.719816), loss=0.579388 (avg=0.597750), pairs_step=316799, pairs_total=31679979
[2026-03-05 00:24:07,462] INFO:fitness.free_loss_fidelity: RL4CO free-loss step 200/1000: score=8.628389 (avg=9.735443), loss=0.596036 (avg=0.595094), pairs_step=316800, pairs_total=63359954
[2026-03-05 00:24:43,226] INFO:fitness.free_loss_fidelity: RL4CO free-loss step 300/1000: score=8.403152 (avg=9.324216), loss=0.604990 (avg=0.597990), pairs_step=316800, pairs_total=95039917
[2026-03-05 00:25:18,995] INFO:fitness.free_loss_fidelity: RL4CO free-loss step 400/1000: score=8.379456 (avg=9.088479), loss=0.612057 (avg=0.600711), pairs_step=316800, pairs_total=126719881
[2026-03-05 00:25:54,764] INFO:fitness.free_loss_fidelity: RL4CO free-loss step 500/1000: score=8.242349 (avg=8.930623), loss=0.617182 (avg=0.603493), pairs_step=316800, pairs_total=158399854
[2026-03-05 00:26:30,527] INFO:fitness.free_loss_fidelity: RL4CO free-loss step 600/1000: score=8.204819 (avg=8.817661), loss=0.621295 (avg=0.606038), pairs_step=316799, pairs_total=190079825
[2026-03-05 00:27:06,290] INFO:fitness.free_loss_fidelity: RL4CO free-loss step 700/1000: score=8.229988 (avg=8.733117), loss=0.623893 (avg=0.608163), pairs_step=316800, pairs_total=221759795
[2026-03-05 00:27:42,235] INFO:fitness.free_loss_fidelity: RL4CO free-loss step 800/1000: score=8.223701 (avg=8.666951), loss=0.623818 (avg=0.609975), pairs_step=316798, pairs_total=253439765
[2026-03-05 00:28:18,031] INFO:fitness.free_loss_fidelity: RL4CO free-loss step 900/1000: score=8.207105 (avg=8.613538), loss=0.626329 (avg=0.611534), pairs_step=316798, pairs_total=285119708
[2026-03-05 00:28:53,795] INFO:fitness.free_loss_fidelity: RL4CO free-loss step 1000/1000: score=8.196760 (avg=8.569121), loss=0.627387 (avg=0.612942), pairs_step=316800, pairs_total=316799667
[2026-03-05 00:28:55,083] WARNING:fitness.free_loss_fidelity: weights_only checkpoint load failed (UnpicklingError); retrying weights_only=False for /data1/gushengda/eam-rl4co/baseline/epoch_135.ckpt
[2026-03-05 00:28:55,123] INFO:fitness.free_loss_fidelity: Loaded init checkpoint into policy: path=/data1/gushengda/eam-rl4co/baseline/epoch_135.ckpt prefix=policy. matched=97 missing=0 unexpected=0
[2026-03-05 00:28:55,129] INFO:fitness.free_loss_fidelity: RL4CO free-loss (step-mode): f1_steps=1000, f2_steps=0, total_steps=1000, train_problem_size=100, rollouts=100, batch_size=64, device=cuda:0, env=tsp
[2026-03-05 00:28:55,500] INFO:fitness.free_loss_fidelity: RL4CO free-loss step 1/1000: score=7.803347 (avg=7.803347), loss=0.675021 (avg=0.675021), pairs_step=315697, pairs_total=315697
[2026-03-05 00:29:30,882] INFO:fitness.free_loss_fidelity: RL4CO free-loss step 100/1000: score=7.755689 (avg=7.798892), loss=0.673644 (avg=0.674786), pairs_step=315918, pairs_total=31575982
[2026-03-05 00:30:06,641] INFO:fitness.free_loss_fidelity: RL4CO free-loss step 200/1000: score=7.811869 (avg=7.798313), loss=0.674901 (avg=0.674674), pairs_step=315633, pairs_total=63139370
[2026-03-05 00:30:42,557] INFO:fitness.free_loss_fidelity: RL4CO free-loss step 300/1000: score=7.808163 (avg=7.798998), loss=0.674137 (avg=0.674782), pairs_step=315637, pairs_total=94696373
[2026-03-05 00:31:18,329] INFO:fitness.free_loss_fidelity: RL4CO free-loss step 400/1000: score=7.819142 (avg=7.798828), loss=0.674185 (avg=0.674804), pairs_step=315348, pairs_total=126247666
[2026-03-05 00:31:54,062] INFO:fitness.free_loss_fidelity: RL4CO free-loss step 500/1000: score=7.777130 (avg=7.797808), loss=0.676219 (avg=0.674856), pairs_step=315267, pairs_total=157793528
[2026-03-05 00:32:29,796] INFO:fitness.free_loss_fidelity: RL4CO free-loss step 600/1000: score=7.759306 (avg=7.797091), loss=0.675881 (avg=0.674827), pairs_step=315528, pairs_total=189328708
[2026-03-05 00:33:05,540] INFO:fitness.free_loss_fidelity: RL4CO free-loss step 700/1000: score=7.808672 (avg=7.796947), loss=0.675980 (avg=0.674797), pairs_step=315150, pairs_total=220858309
[2026-03-05 00:33:41,293] INFO:fitness.free_loss_fidelity: RL4CO free-loss step 800/1000: score=7.791701 (avg=7.796866), loss=0.673973 (avg=0.674746), pairs_step=315270, pairs_total=252379720
[2026-03-05 00:34:17,058] INFO:fitness.free_loss_fidelity: RL4CO free-loss step 900/1000: score=7.827572 (avg=7.796528), loss=0.676095 (avg=0.674746), pairs_step=315402, pairs_total=283900148
[2026-03-05 00:34:52,805] INFO:fitness.free_loss_fidelity: RL4CO free-loss step 1000/1000: score=7.815915 (avg=7.796026), loss=0.671176 (avg=0.674703), pairs_step=315214, pairs_total=315410665
[2026-03-05 00:34:54,094] WARNING:fitness.free_loss_fidelity: weights_only checkpoint load failed (UnpicklingError); retrying weights_only=False for /data1/gushengda/eam-rl4co/baseline/epoch_409.ckpt
[2026-03-05 00:34:54,134] INFO:fitness.free_loss_fidelity: Loaded init checkpoint into policy: path=/data1/gushengda/eam-rl4co/baseline/epoch_409.ckpt prefix=policy. matched=97 missing=0 unexpected=0
[2026-03-05 00:34:54,140] INFO:fitness.free_loss_fidelity: RL4CO free-loss (step-mode): f1_steps=1000, f2_steps=0, total_steps=1000, train_problem_size=100, rollouts=100, batch_size=64, device=cuda:0, env=tsp
[2026-03-05 00:34:54,513] INFO:fitness.free_loss_fidelity: RL4CO free-loss step 1/1000: score=7.807477 (avg=7.807477), loss=0.219726 (avg=0.219726), pairs_step=315750, pairs_total=315750
[2026-03-05 00:35:30,085] INFO:fitness.free_loss_fidelity: RL4CO free-loss step 100/1000: score=7.752080 (avg=7.797238), loss=0.238888 (avg=0.219350), pairs_step=315658, pairs_total=31581743
[2026-03-05 00:36:05,824] INFO:fitness.free_loss_fidelity: RL4CO free-loss step 200/1000: score=7.811232 (avg=7.796518), loss=0.223221 (avg=0.218602), pairs_step=315826, pairs_total=63152824
[2026-03-05 00:36:41,548] INFO:fitness.free_loss_fidelity: RL4CO free-loss step 300/1000: score=7.800768 (avg=7.796767), loss=0.220906 (avg=0.217714), pairs_step=315798, pairs_total=94714916
[2026-03-05 00:37:17,270] INFO:fitness.free_loss_fidelity: RL4CO free-loss step 400/1000: score=7.826248 (avg=7.796511), loss=0.207376 (avg=0.217318), pairs_step=315768, pairs_total=126267354
[2026-03-05 00:37:53,020] INFO:fitness.free_loss_fidelity: RL4CO free-loss step 500/1000: score=7.772176 (avg=7.795360), loss=0.209756 (avg=0.216539), pairs_step=315340, pairs_total=157809784
[2026-03-05 00:38:28,962] INFO:fitness.free_loss_fidelity: RL4CO free-loss step 600/1000: score=7.750477 (avg=7.794514), loss=0.216101 (avg=0.215860), pairs_step=315609, pairs_total=189335010
[2026-03-05 00:39:04,683] INFO:fitness.free_loss_fidelity: RL4CO free-loss step 700/1000: score=7.801857 (avg=7.794196), loss=0.208683 (avg=0.215272), pairs_step=314901, pairs_total=220859513
[2026-03-05 00:39:40,425] INFO:fitness.free_loss_fidelity: RL4CO free-loss step 800/1000: score=7.788138 (avg=7.793876), loss=0.220163 (avg=0.215039), pairs_step=315523, pairs_total=252369100
[2026-03-05 00:40:16,157] INFO:fitness.free_loss_fidelity: RL4CO free-loss step 900/1000: score=7.824396 (avg=7.793346), loss=0.206421 (avg=0.214958), pairs_step=315157, pairs_total=283860876
[2026-03-05 00:40:51,926] INFO:fitness.free_loss_fidelity: RL4CO free-loss step 1000/1000: score=7.815879 (avg=7.792706), loss=0.202715 (avg=0.214640), pairs_step=314578, pairs_total=315345201
[2026-03-05 00:40:53,187] INFO:fitness.free_loss_fidelity: RL4CO free-loss (step-mode): f1_steps=1000, f2_steps=0, total_steps=1000, train_problem_size=100, rollouts=100, batch_size=64, device=cuda:0, env=tsp
[2026-03-05 00:40:53,543] INFO:fitness.free_loss_fidelity: RL4CO free-loss step 1/1000: score=59.459278 (avg=59.459278), loss=0.736777 (avg=0.736777), pairs_step=316797, pairs_total=316797
[2026-03-05 00:41:28,945] INFO:fitness.free_loss_fidelity: RL4CO free-loss step 100/1000: score=8.893734 (avg=10.633881), loss=0.593126 (avg=0.602574), pairs_step=316799, pairs_total=31679979
[2026-03-05 00:42:04,692] INFO:fitness.free_loss_fidelity: RL4CO free-loss step 200/1000: score=8.616798 (avg=9.695348), loss=0.611232 (avg=0.598898), pairs_step=316800, pairs_total=63359957
[2026-03-05 00:42:40,463] INFO:fitness.free_loss_fidelity: RL4CO free-loss step 300/1000: score=8.424685 (avg=9.300049), loss=0.614009 (avg=0.601777), pairs_step=316799, pairs_total=95039918
[2026-03-05 00:43:16,230] INFO:fitness.free_loss_fidelity: RL4CO free-loss step 400/1000: score=8.335590 (avg=9.069077), loss=0.616350 (avg=0.605024), pairs_step=316799, pairs_total=126719879
[2026-03-05 00:43:52,222] INFO:fitness.free_loss_fidelity: RL4CO free-loss step 500/1000: score=8.241589 (avg=8.913612), loss=0.617517 (avg=0.607696), pairs_step=316800, pairs_total=158399840
[2026-03-05 00:44:27,984] INFO:fitness.free_loss_fidelity: RL4CO free-loss step 600/1000: score=8.199767 (avg=8.803099), loss=0.616359 (avg=0.609917), pairs_step=316800, pairs_total=190079802
[2026-03-05 00:45:03,787] INFO:fitness.free_loss_fidelity: RL4CO free-loss step 700/1000: score=8.261348 (avg=8.720791), loss=0.625479 (avg=0.611747), pairs_step=316800, pairs_total=221759768
[2026-03-05 00:45:39,546] INFO:fitness.free_loss_fidelity: RL4CO free-loss step 800/1000: score=8.194891 (avg=8.656482), loss=0.623658 (avg=0.613368), pairs_step=316800, pairs_total=253439730
[2026-03-05 00:46:15,317] INFO:fitness.free_loss_fidelity: RL4CO free-loss step 900/1000: score=8.211002 (avg=8.604067), loss=0.627035 (avg=0.614730), pairs_step=316799, pairs_total=285119694
[2026-03-05 00:46:51,311] INFO:fitness.free_loss_fidelity: RL4CO free-loss step 1000/1000: score=8.206729 (avg=8.560411), loss=0.628878 (avg=0.615985), pairs_step=316799, pairs_total=316799653
[2026-03-05 00:46:52,599] WARNING:fitness.free_loss_fidelity: weights_only checkpoint load failed (UnpicklingError); retrying weights_only=False for /data1/gushengda/eam-rl4co/baseline/epoch_135.ckpt
[2026-03-05 00:46:52,639] INFO:fitness.free_loss_fidelity: Loaded init checkpoint into policy: path=/data1/gushengda/eam-rl4co/baseline/epoch_135.ckpt prefix=policy. matched=97 missing=0 unexpected=0
[2026-03-05 00:46:52,644] INFO:fitness.free_loss_fidelity: RL4CO free-loss (step-mode): f1_steps=1000, f2_steps=0, total_steps=1000, train_problem_size=100, rollouts=100, batch_size=64, device=cuda:0, env=tsp
[2026-03-05 00:46:53,015] INFO:fitness.free_loss_fidelity: RL4CO free-loss step 1/1000: score=7.803347 (avg=7.803347), loss=0.675021 (avg=0.675021), pairs_step=315697, pairs_total=315697
[2026-03-05 00:47:28,414] INFO:fitness.free_loss_fidelity: RL4CO free-loss step 100/1000: score=7.760558 (avg=7.798576), loss=0.676510 (avg=0.674713), pairs_step=315684, pairs_total=31575714
[2026-03-05 00:48:04,169] INFO:fitness.free_loss_fidelity: RL4CO free-loss step 200/1000: score=7.805734 (avg=7.798036), loss=0.674225 (avg=0.674840), pairs_step=315533, pairs_total=63138287
[2026-03-05 00:48:39,905] INFO:fitness.free_loss_fidelity: RL4CO free-loss step 300/1000: score=7.810023 (avg=7.798687), loss=0.675935 (avg=0.674826), pairs_step=315148, pairs_total=94694646
[2026-03-05 00:49:15,669] INFO:fitness.free_loss_fidelity: RL4CO free-loss step 400/1000: score=7.819915 (avg=7.798694), loss=0.673857 (avg=0.674919), pairs_step=315224, pairs_total=126244285
[2026-03-05 00:49:51,602] INFO:fitness.free_loss_fidelity: RL4CO free-loss step 500/1000: score=7.773681 (avg=7.797901), loss=0.674108 (avg=0.674799), pairs_step=315501, pairs_total=157788986
[2026-03-05 00:50:27,351] INFO:fitness.free_loss_fidelity: RL4CO free-loss step 600/1000: score=7.762677 (avg=7.797262), loss=0.674281 (avg=0.674631), pairs_step=315316, pairs_total=189320747
[2026-03-05 00:51:03,089] INFO:fitness.free_loss_fidelity: RL4CO free-loss step 700/1000: score=7.807736 (avg=7.797073), loss=0.676930 (avg=0.674558), pairs_step=314966, pairs_total=220848366
[2026-03-05 00:51:38,813] INFO:fitness.free_loss_fidelity: RL4CO free-loss step 800/1000: score=7.788449 (avg=7.797015), loss=0.674996 (avg=0.674563), pairs_step=315366, pairs_total=252368839
[2026-03-05 00:52:14,535] INFO:fitness.free_loss_fidelity: RL4CO free-loss step 900/1000: score=7.830046 (avg=7.796595), loss=0.675742 (avg=0.674512), pairs_step=315124, pairs_total=283889686
[2026-03-05 00:52:50,306] INFO:fitness.free_loss_fidelity: RL4CO free-loss step 1000/1000: score=7.822071 (avg=7.796100), loss=0.673486 (avg=0.674511), pairs_step=315401, pairs_total=315404210
[2026-03-05 00:52:51,594] WARNING:fitness.free_loss_fidelity: weights_only checkpoint load failed (UnpicklingError); retrying weights_only=False for /data1/gushengda/eam-rl4co/baseline/epoch_409.ckpt
[2026-03-05 00:52:51,634] INFO:fitness.free_loss_fidelity: Loaded init checkpoint into policy: path=/data1/gushengda/eam-rl4co/baseline/epoch_409.ckpt prefix=policy. matched=97 missing=0 unexpected=0
[2026-03-05 00:52:51,640] INFO:fitness.free_loss_fidelity: RL4CO free-loss (step-mode): f1_steps=1000, f2_steps=0, total_steps=1000, train_problem_size=100, rollouts=100, batch_size=64, device=cuda:0, env=tsp
[2026-03-05 00:52:52,011] INFO:fitness.free_loss_fidelity: RL4CO free-loss step 1/1000: score=7.807477 (avg=7.807477), loss=0.219726 (avg=0.219726), pairs_step=315750, pairs_total=315750
[2026-03-05 00:53:27,410] INFO:fitness.free_loss_fidelity: RL4CO free-loss step 100/1000: score=7.757749 (avg=7.797648), loss=0.229133 (avg=0.211272), pairs_step=316079, pairs_total=31585065
[2026-03-05 00:54:03,161] INFO:fitness.free_loss_fidelity: RL4CO free-loss step 200/1000: score=7.814247 (avg=7.796947), loss=0.226275 (avg=0.213002), pairs_step=315751, pairs_total=63157059
[2026-03-05 00:54:39,086] INFO:fitness.free_loss_fidelity: RL4CO free-loss step 300/1000: score=7.804265 (avg=7.797131), loss=0.212025 (avg=0.213824), pairs_step=315536, pairs_total=94719417
[2026-03-05 00:55:14,826] INFO:fitness.free_loss_fidelity: RL4CO free-loss step 400/1000: score=7.818295 (avg=7.796502), loss=0.207463 (avg=0.212989), pairs_step=315594, pairs_total=126272585
[2026-03-05 00:55:50,607] INFO:fitness.free_loss_fidelity: RL4CO free-loss step 500/1000: score=7.774041 (avg=7.795343), loss=0.216744 (avg=0.212661), pairs_step=315518, pairs_total=157819897
[2026-03-05 00:56:26,372] INFO:fitness.free_loss_fidelity: RL4CO free-loss step 600/1000: score=7.754263 (avg=7.794457), loss=0.216125 (avg=0.212798), pairs_step=314684, pairs_total=189347909
[2026-03-05 00:57:02,109] INFO:fitness.free_loss_fidelity: RL4CO free-loss step 700/1000: score=7.805206 (avg=7.794068), loss=0.217433 (avg=0.212436), pairs_step=315086, pairs_total=220872224
[2026-03-05 00:57:38,044] INFO:fitness.free_loss_fidelity: RL4CO free-loss step 800/1000: score=7.788590 (avg=7.793828), loss=0.201642 (avg=0.211875), pairs_step=315283, pairs_total=252389730
[2026-03-05 00:58:13,782] INFO:fitness.free_loss_fidelity: RL4CO free-loss step 900/1000: score=7.824018 (avg=7.793283), loss=0.209488 (avg=0.212424), pairs_step=314936, pairs_total=283884227
[2026-03-05 00:58:49,560] INFO:fitness.free_loss_fidelity: RL4CO free-loss step 1000/1000: score=7.816960 (avg=7.792662), loss=0.209422 (avg=0.212441), pairs_step=314914, pairs_total=315366021
[2026-03-05 00:58:50,803] INFO:ptp_discovery.pref_loss_coevo: improve_eps calibrated: sigma_delta=0.001762546294087296 improve_eps=0.003525092588174592 fidelity=K1000 N=8
[2026-03-05 00:58:50,805] INFO:ptp_discovery.pref_loss_coevo: Stage3 multiseed baseline cache miss fidelity=K200 missing_seeds=8 path=/data1/gushengda/eam-rl4co/baseline/stage3_multiseed/K200__712385b4eb5614dd/summary.json
[2026-03-05 00:58:50,823] INFO:fitness.free_loss_fidelity: RL4CO free-loss (step-mode): f1_steps=200, f2_steps=0, total_steps=200, train_problem_size=100, rollouts=100, batch_size=64, device=cuda:0, env=tsp
[2026-03-05 00:58:51,179] INFO:fitness.free_loss_fidelity: RL4CO free-loss step 1/200: score=59.311199 (avg=59.311199), loss=0.713667 (avg=0.713667), pairs_step=316800, pairs_total=316800
[2026-03-05 00:58:57,977] INFO:fitness.free_loss_fidelity: RL4CO free-loss step 20/200: score=10.175609 (avg=15.473487), loss=0.602848 (avg=0.620781), pairs_step=316799, pairs_total=6335996
[2026-03-05 00:59:05,119] INFO:fitness.free_loss_fidelity: RL4CO free-loss step 40/200: score=9.418028 (avg=12.547401), loss=0.596839 (avg=0.610701), pairs_step=316800, pairs_total=12671991
[2026-03-05 00:59:12,269] INFO:fitness.free_loss_fidelity: RL4CO free-loss step 60/200: score=9.148379 (avg=11.434458), loss=0.593434 (avg=0.606203), pairs_step=316800, pairs_total=19007984
[2026-03-05 00:59:19,425] INFO:fitness.free_loss_fidelity: RL4CO free-loss step 80/200: score=9.005754 (avg=10.837793), loss=0.593104 (avg=0.602271), pairs_step=316800, pairs_total=25343981
[2026-03-05 00:59:26,564] INFO:fitness.free_loss_fidelity: RL4CO free-loss step 100/200: score=8.925631 (avg=10.462782), loss=0.585895 (avg=0.599005), pairs_step=316800, pairs_total=31679977
[2026-03-05 00:59:33,721] INFO:fitness.free_loss_fidelity: RL4CO free-loss step 120/200: score=8.835075 (avg=10.201000), loss=0.586580 (avg=0.596671), pairs_step=316799, pairs_total=38015976
[2026-03-05 00:59:40,869] INFO:fitness.free_loss_fidelity: RL4CO free-loss step 140/200: score=8.785234 (avg=10.000253), loss=0.598898 (avg=0.596000), pairs_step=316800, pairs_total=44351973
[2026-03-05 00:59:48,019] INFO:fitness.free_loss_fidelity: RL4CO free-loss step 160/200: score=8.668184 (avg=9.840182), loss=0.592853 (avg=0.595946), pairs_step=316799, pairs_total=50687968
[2026-03-05 00:59:55,177] INFO:fitness.free_loss_fidelity: RL4CO free-loss step 180/200: score=8.620377 (avg=9.709060), loss=0.600922 (avg=0.596514), pairs_step=316800, pairs_total=57023967
[2026-03-05 01:00:02,335] INFO:fitness.free_loss_fidelity: RL4CO free-loss step 200/200: score=8.627586 (avg=9.598515), loss=0.604411 (avg=0.597038), pairs_step=316800, pairs_total=63359959
[2026-03-05 01:00:03,622] WARNING:fitness.free_loss_fidelity: weights_only checkpoint load failed (UnpicklingError); retrying weights_only=False for /data1/gushengda/eam-rl4co/baseline/epoch_135.ckpt
[2026-03-05 01:00:03,662] INFO:fitness.free_loss_fidelity: Loaded init checkpoint into policy: path=/data1/gushengda/eam-rl4co/baseline/epoch_135.ckpt prefix=policy. matched=97 missing=0 unexpected=0
[2026-03-05 01:00:03,668] INFO:fitness.free_loss_fidelity: RL4CO free-loss (step-mode): f1_steps=200, f2_steps=0, total_steps=200, train_problem_size=100, rollouts=100, batch_size=64, device=cuda:0, env=tsp
[2026-03-05 01:00:04,039] INFO:fitness.free_loss_fidelity: RL4CO free-loss step 1/200: score=7.803347 (avg=7.803347), loss=0.675021 (avg=0.675021), pairs_step=315697, pairs_total=315697
[2026-03-05 01:00:10,830] INFO:fitness.free_loss_fidelity: RL4CO free-loss step 20/200: score=7.781603 (avg=7.809534), loss=0.675120 (avg=0.674083), pairs_step=315654, pairs_total=6317303
[2026-03-05 01:00:17,984] INFO:fitness.free_loss_fidelity: RL4CO free-loss step 40/200: score=7.820442 (avg=7.803110), loss=0.676413 (avg=0.674375), pairs_step=315739, pairs_total=12631150
[2026-03-05 01:00:25,123] INFO:fitness.free_loss_fidelity: RL4CO free-loss step 60/200: score=7.816079 (avg=7.800088), loss=0.674311 (avg=0.674404), pairs_step=315520, pairs_total=18943598
[2026-03-05 01:00:32,271] INFO:fitness.free_loss_fidelity: RL4CO free-loss step 80/200: score=7.798905 (avg=7.798573), loss=0.673022 (avg=0.674335), pairs_step=315439, pairs_total=25258011
[2026-03-05 01:00:39,426] INFO:fitness.free_loss_fidelity: RL4CO free-loss step 100/200: score=7.758539 (avg=7.799370), loss=0.675635 (avg=0.674481), pairs_step=315811, pairs_total=31573924
[2026-03-05 01:00:46,566] INFO:fitness.free_loss_fidelity: RL4CO free-loss step 120/200: score=7.774867 (avg=7.800734), loss=0.676687 (avg=0.674600), pairs_step=315623, pairs_total=37887319
[2026-03-05 01:00:53,721] INFO:fitness.free_loss_fidelity: RL4CO free-loss step 140/200: score=7.834032 (avg=7.801678), loss=0.675679 (avg=0.674619), pairs_step=314705, pairs_total=44198012
[2026-03-05 01:01:00,870] INFO:fitness.free_loss_fidelity: RL4CO free-loss step 160/200: score=7.797915 (avg=7.801080), loss=0.677462 (avg=0.674524), pairs_step=315397, pairs_total=50510869
[2026-03-05 01:01:08,013] INFO:fitness.free_loss_fidelity: RL4CO free-loss step 180/200: score=7.784727 (avg=7.799904), loss=0.674890 (avg=0.674571), pairs_step=315334, pairs_total=56823844
[2026-03-05 01:01:15,161] INFO:fitness.free_loss_fidelity: RL4CO free-loss step 200/200: score=7.811701 (avg=7.798837), loss=0.672048 (avg=0.674678), pairs_step=315678, pairs_total=63134233
[2026-03-05 01:01:16,447] WARNING:fitness.free_loss_fidelity: weights_only checkpoint load failed (UnpicklingError); retrying weights_only=False for /data1/gushengda/eam-rl4co/baseline/epoch_409.ckpt
[2026-03-05 01:01:16,486] INFO:fitness.free_loss_fidelity: Loaded init checkpoint into policy: path=/data1/gushengda/eam-rl4co/baseline/epoch_409.ckpt prefix=policy. matched=97 missing=0 unexpected=0
[2026-03-05 01:01:16,492] INFO:fitness.free_loss_fidelity: RL4CO free-loss (step-mode): f1_steps=200, f2_steps=0, total_steps=200, train_problem_size=100, rollouts=100, batch_size=64, device=cuda:0, env=tsp
[2026-03-05 01:01:16,863] INFO:fitness.free_loss_fidelity: RL4CO free-loss step 1/200: score=7.807477 (avg=7.807477), loss=0.219726 (avg=0.219726), pairs_step=315750, pairs_total=315750
[2026-03-05 01:01:23,643] INFO:fitness.free_loss_fidelity: RL4CO free-loss step 20/200: score=7.779668 (avg=7.808115), loss=0.214783 (avg=0.214860), pairs_step=315817, pairs_total=6318448
[2026-03-05 01:01:30,799] INFO:fitness.free_loss_fidelity: RL4CO free-loss step 40/200: score=7.818656 (avg=7.801975), loss=0.204762 (avg=0.212251), pairs_step=316032, pairs_total=12637944
[2026-03-05 01:01:37,959] INFO:fitness.free_loss_fidelity: RL4CO free-loss step 60/200: score=7.813645 (avg=7.798170), loss=0.205265 (avg=0.209311), pairs_step=315727, pairs_total=18956547
[2026-03-05 01:01:45,104] INFO:fitness.free_loss_fidelity: RL4CO free-loss step 80/200: score=7.795560 (avg=7.797058), loss=0.222823 (avg=0.210368), pairs_step=316109, pairs_total=25273416
[2026-03-05 01:01:52,258] INFO:fitness.free_loss_fidelity: RL4CO free-loss step 100/200: score=7.759757 (avg=7.797627), loss=0.234955 (avg=0.213666), pairs_step=315794, pairs_total=31590296
[2026-03-05 01:01:59,411] INFO:fitness.free_loss_fidelity: RL4CO free-loss step 120/200: score=7.778013 (avg=7.798930), loss=0.208730 (avg=0.215309), pairs_step=315577, pairs_total=37905698
[2026-03-05 01:02:06,548] INFO:fitness.free_loss_fidelity: RL4CO free-loss step 140/200: score=7.827614 (avg=7.799867), loss=0.210273 (avg=0.214333), pairs_step=315880, pairs_total=44218514
[2026-03-05 01:02:13,881] INFO:fitness.free_loss_fidelity: RL4CO free-loss step 160/200: score=7.797519 (avg=7.799048), loss=0.211946 (avg=0.213553), pairs_step=315641, pairs_total=50533996
[2026-03-05 01:02:21,016] INFO:fitness.free_loss_fidelity: RL4CO free-loss step 180/200: score=7.781012 (avg=7.797963), loss=0.219663 (avg=0.213906), pairs_step=315389, pairs_total=56849278
[2026-03-05 01:02:28,164] INFO:fitness.free_loss_fidelity: RL4CO free-loss step 200/200: score=7.811626 (avg=7.796822), loss=0.208780 (avg=0.214386), pairs_step=315824, pairs_total=63163523
[2026-03-05 01:02:29,420] INFO:fitness.free_loss_fidelity: RL4CO free-loss (step-mode): f1_steps=200, f2_steps=0, total_steps=200, train_problem_size=100, rollouts=100, batch_size=64, device=cuda:0, env=tsp
[2026-03-05 01:02:29,795] INFO:fitness.free_loss_fidelity: RL4CO free-loss step 1/200: score=44.158031 (avg=44.158031), loss=0.744717 (avg=0.744717), pairs_step=316799, pairs_total=316799
[2026-03-05 01:02:36,583] INFO:fitness.free_loss_fidelity: RL4CO free-loss step 20/200: score=10.525025 (avg=13.652747), loss=0.604228 (avg=0.614636), pairs_step=316800, pairs_total=6335997
[2026-03-05 01:02:43,566] INFO:fitness.free_loss_fidelity: RL4CO free-loss step 40/200: score=9.477227 (avg=11.730919), loss=0.595072 (avg=0.606896), pairs_step=316800, pairs_total=12671993
[2026-03-05 01:02:49,850] INFO:fitness.free_loss_fidelity: RL4CO free-loss step 60/200: score=9.102907 (avg=10.905320), loss=0.587209 (avg=0.602706), pairs_step=316800, pairs_total=19007987
[2026-03-05 01:02:56,145] INFO:fitness.free_loss_fidelity: RL4CO free-loss step 80/200: score=8.941612 (avg=10.430014), loss=0.588906 (avg=0.598153), pairs_step=316800, pairs_total=25343978
[2026-03-05 01:03:02,438] INFO:fitness.free_loss_fidelity: RL4CO free-loss step 100/200: score=8.822132 (avg=10.125001), loss=0.582636 (avg=0.595528), pairs_step=316799, pairs_total=31679971
[2026-03-05 01:03:08,727] INFO:fitness.free_loss_fidelity: RL4CO free-loss step 120/200: score=8.765068 (avg=9.909185), loss=0.590885 (avg=0.594645), pairs_step=316800, pairs_total=38015967
[2026-03-05 01:03:15,020] INFO:fitness.free_loss_fidelity: RL4CO free-loss step 140/200: score=8.729815 (avg=9.744601), loss=0.591892 (avg=0.593995), pairs_step=316800, pairs_total=44351961
[2026-03-05 01:03:21,312] INFO:fitness.free_loss_fidelity: RL4CO free-loss step 160/200: score=8.635077 (avg=9.612303), loss=0.597627 (avg=0.594077), pairs_step=316800, pairs_total=50687956
[2026-03-05 01:03:27,615] INFO:fitness.free_loss_fidelity: RL4CO free-loss step 180/200: score=8.559814 (avg=9.501523), loss=0.602941 (avg=0.594453), pairs_step=316800, pairs_total=57023949
[2026-03-05 01:03:33,911] INFO:fitness.free_loss_fidelity: RL4CO free-loss step 200/200: score=8.590790 (avg=9.410478), loss=0.603203 (avg=0.595306), pairs_step=316800, pairs_total=63359942
[2026-03-05 01:03:35,012] WARNING:fitness.free_loss_fidelity: weights_only checkpoint load failed (UnpicklingError); retrying weights_only=False for /data1/gushengda/eam-rl4co/baseline/epoch_135.ckpt
[2026-03-05 01:03:35,048] INFO:fitness.free_loss_fidelity: Loaded init checkpoint into policy: path=/data1/gushengda/eam-rl4co/baseline/epoch_135.ckpt prefix=policy. matched=97 missing=0 unexpected=0
[2026-03-05 01:03:35,054] INFO:fitness.free_loss_fidelity: RL4CO free-loss (step-mode): f1_steps=200, f2_steps=0, total_steps=200, train_problem_size=100, rollouts=100, batch_size=64, device=cuda:0, env=tsp
[2026-03-05 01:03:35,382] INFO:fitness.free_loss_fidelity: RL4CO free-loss step 1/200: score=7.803347 (avg=7.803347), loss=0.675021 (avg=0.675021), pairs_step=315697, pairs_total=315697
[2026-03-05 01:03:41,375] INFO:fitness.free_loss_fidelity: RL4CO free-loss step 20/200: score=7.775026 (avg=7.807542), loss=0.675113 (avg=0.674063), pairs_step=315926, pairs_total=6317006
[2026-03-05 01:03:47,675] INFO:fitness.free_loss_fidelity: RL4CO free-loss step 40/200: score=7.815311 (avg=7.801950), loss=0.676495 (avg=0.674750), pairs_step=315548, pairs_total=12629724
[2026-03-05 01:03:53,976] INFO:fitness.free_loss_fidelity: RL4CO free-loss step 60/200: score=7.817902 (avg=7.799178), loss=0.676927 (avg=0.675060), pairs_step=315346, pairs_total=18941753
[2026-03-05 01:04:00,270] INFO:fitness.free_loss_fidelity: RL4CO free-loss step 80/200: score=7.798608 (avg=7.797682), loss=0.675341 (avg=0.674911), pairs_step=315534, pairs_total=25256123
[2026-03-05 01:04:06,569] INFO:fitness.free_loss_fidelity: RL4CO free-loss step 100/200: score=7.756186 (avg=7.798548), loss=0.676734 (avg=0.674886), pairs_step=316037, pairs_total=31570988
[2026-03-05 01:04:12,872] INFO:fitness.free_loss_fidelity: RL4CO free-loss step 120/200: score=7.771200 (avg=7.800053), loss=0.673820 (avg=0.674980), pairs_step=315695, pairs_total=37885421
[2026-03-05 01:04:19,169] INFO:fitness.free_loss_fidelity: RL4CO free-loss step 140/200: score=7.831306 (avg=7.801018), loss=0.675494 (avg=0.674993), pairs_step=314993, pairs_total=44198631
[2026-03-05 01:04:25,470] INFO:fitness.free_loss_fidelity: RL4CO free-loss step 160/200: score=7.800041 (avg=7.800269), loss=0.673517 (avg=0.674911), pairs_step=315678, pairs_total=50511562
[2026-03-05 01:04:31,763] INFO:fitness.free_loss_fidelity: RL4CO free-loss step 180/200: score=7.785994 (avg=7.799180), loss=0.676748 (avg=0.674955), pairs_step=315443, pairs_total=56823896
[2026-03-05 01:04:38,064] INFO:fitness.free_loss_fidelity: RL4CO free-loss step 200/200: score=7.808957 (avg=7.798101), loss=0.674971 (avg=0.674977), pairs_step=315697, pairs_total=63136933
[2026-03-05 01:04:39,165] WARNING:fitness.free_loss_fidelity: weights_only checkpoint load failed (UnpicklingError); retrying weights_only=False for /data1/gushengda/eam-rl4co/baseline/epoch_409.ckpt
[2026-03-05 01:04:39,380] INFO:fitness.free_loss_fidelity: Loaded init checkpoint into policy: path=/data1/gushengda/eam-rl4co/baseline/epoch_409.ckpt prefix=policy. matched=97 missing=0 unexpected=0
[2026-03-05 01:04:39,385] INFO:fitness.free_loss_fidelity: RL4CO free-loss (step-mode): f1_steps=200, f2_steps=0, total_steps=200, train_problem_size=100, rollouts=100, batch_size=64, device=cuda:0, env=tsp
[2026-03-05 01:04:39,714] INFO:fitness.free_loss_fidelity: RL4CO free-loss step 1/200: score=7.807477 (avg=7.807477), loss=0.219726 (avg=0.219726), pairs_step=315750, pairs_total=315750
[2026-03-05 01:04:45,711] INFO:fitness.free_loss_fidelity: RL4CO free-loss step 20/200: score=7.782784 (avg=7.809678), loss=0.208780 (avg=0.214820), pairs_step=315804, pairs_total=6318552
[2026-03-05 01:04:52,060] INFO:fitness.free_loss_fidelity: RL4CO free-loss step 40/200: score=7.816871 (avg=7.802964), loss=0.205882 (avg=0.210992), pairs_step=316147, pairs_total=12637398
[2026-03-05 01:04:58,382] INFO:fitness.free_loss_fidelity: RL4CO free-loss step 60/200: score=7.810321 (avg=7.798942), loss=0.203141 (avg=0.208391), pairs_step=315619, pairs_total=18953184
[2026-03-05 01:05:04,678] INFO:fitness.free_loss_fidelity: RL4CO free-loss step 80/200: score=7.789002 (avg=7.796834), loss=0.211100 (avg=0.207536), pairs_step=315325, pairs_total=25271603
[2026-03-05 01:05:10,988] INFO:fitness.free_loss_fidelity: RL4CO free-loss step 100/200: score=7.750437 (avg=7.796828), loss=0.226719 (avg=0.209894), pairs_step=315918, pairs_total=31591436
[2026-03-05 01:05:17,284] INFO:fitness.free_loss_fidelity: RL4CO free-loss step 120/200: score=7.773560 (avg=7.798128), loss=0.198924 (avg=0.210608), pairs_step=315725, pairs_total=37909283
[2026-03-05 01:05:23,594] INFO:fitness.free_loss_fidelity: RL4CO free-loss step 140/200: score=7.824426 (avg=7.799181), loss=0.197771 (avg=0.208879), pairs_step=315608, pairs_total=44223822
[2026-03-05 01:05:29,890] INFO:fitness.free_loss_fidelity: RL4CO free-loss step 160/200: score=7.793500 (avg=7.798555), loss=0.222598 (avg=0.209010), pairs_step=316026, pairs_total=50540063
[2026-03-05 01:05:36,193] INFO:fitness.free_loss_fidelity: RL4CO free-loss step 180/200: score=7.780510 (avg=7.797345), loss=0.231245 (avg=0.211024), pairs_step=315189, pairs_total=56853425
[2026-03-05 01:05:42,490] INFO:fitness.free_loss_fidelity: RL4CO free-loss step 200/200: score=7.814037 (avg=7.796117), loss=0.209021 (avg=0.212099), pairs_step=315612, pairs_total=63165981
[2026-03-05 01:05:43,564] INFO:fitness.free_loss_fidelity: RL4CO free-loss (step-mode): f1_steps=200, f2_steps=0, total_steps=200, train_problem_size=100, rollouts=100, batch_size=64, device=cuda:0, env=tsp
[2026-03-05 01:05:43,878] INFO:fitness.free_loss_fidelity: RL4CO free-loss step 1/200: score=43.203537 (avg=43.203537), loss=0.720524 (avg=0.720524), pairs_step=316800, pairs_total=316800
[2026-03-05 01:05:49,858] INFO:fitness.free_loss_fidelity: RL4CO free-loss step 20/200: score=9.868113 (avg=12.939914), loss=0.603175 (avg=0.615677), pairs_step=316800, pairs_total=6335997
[2026-03-05 01:05:56,162] INFO:fitness.free_loss_fidelity: RL4CO free-loss step 40/200: score=9.296342 (avg=11.189026), loss=0.603931 (avg=0.611437), pairs_step=316799, pairs_total=12671991
[2026-03-05 01:06:02,464] INFO:fitness.free_loss_fidelity: RL4CO free-loss step 60/200: score=9.112710 (avg=10.515015), loss=0.582532 (avg=0.605606), pairs_step=316800, pairs_total=19007984
[2026-03-05 01:06:08,766] INFO:fitness.free_loss_fidelity: RL4CO free-loss step 80/200: score=8.970289 (avg=10.136674), loss=0.575369 (avg=0.600871), pairs_step=316800, pairs_total=25343979
[2026-03-05 01:06:15,071] INFO:fitness.free_loss_fidelity: RL4CO free-loss step 100/200: score=8.869110 (avg=9.895188), loss=0.581732 (avg=0.596905), pairs_step=316800, pairs_total=31679976
[2026-03-05 01:06:21,378] INFO:fitness.free_loss_fidelity: RL4CO free-loss step 120/200: score=8.752666 (avg=9.719638), loss=0.592078 (avg=0.595264), pairs_step=316800, pairs_total=38015970
[2026-03-05 01:06:27,680] INFO:fitness.free_loss_fidelity: RL4CO free-loss step 140/200: score=8.790514 (avg=9.582629), loss=0.590572 (avg=0.594886), pairs_step=316800, pairs_total=44351964
[2026-03-05 01:06:33,994] INFO:fitness.free_loss_fidelity: RL4CO free-loss step 160/200: score=8.670005 (avg=9.469788), loss=0.596681 (avg=0.594756), pairs_step=316800, pairs_total=50687964
[2026-03-05 01:06:40,292] INFO:fitness.free_loss_fidelity: RL4CO free-loss step 180/200: score=8.568517 (avg=9.373869), loss=0.606239 (avg=0.595181), pairs_step=316800, pairs_total=57023959
[2026-03-05 01:06:46,602] INFO:fitness.free_loss_fidelity: RL4CO free-loss step 200/200: score=8.561028 (avg=9.292850), loss=0.605215 (avg=0.596046), pairs_step=316800, pairs_total=63359953
[2026-03-05 01:06:47,704] WARNING:fitness.free_loss_fidelity: weights_only checkpoint load failed (UnpicklingError); retrying weights_only=False for /data1/gushengda/eam-rl4co/baseline/epoch_135.ckpt
[2026-03-05 01:06:47,740] INFO:fitness.free_loss_fidelity: Loaded init checkpoint into policy: path=/data1/gushengda/eam-rl4co/baseline/epoch_135.ckpt prefix=policy. matched=97 missing=0 unexpected=0
[2026-03-05 01:06:47,745] INFO:fitness.free_loss_fidelity: RL4CO free-loss (step-mode): f1_steps=200, f2_steps=0, total_steps=200, train_problem_size=100, rollouts=100, batch_size=64, device=cuda:0, env=tsp
[2026-03-05 01:06:48,072] INFO:fitness.free_loss_fidelity: RL4CO free-loss step 1/200: score=7.803347 (avg=7.803347), loss=0.675021 (avg=0.675021), pairs_step=315697, pairs_total=315697
[2026-03-05 01:06:54,070] INFO:fitness.free_loss_fidelity: RL4CO free-loss step 20/200: score=7.776906 (avg=7.809115), loss=0.672973 (avg=0.674415), pairs_step=315973, pairs_total=6317514
[2026-03-05 01:07:00,363] INFO:fitness.free_loss_fidelity: RL4CO free-loss step 40/200: score=7.822594 (avg=7.803117), loss=0.674694 (avg=0.674566), pairs_step=315500, pairs_total=12632078
[2026-03-05 01:07:06,673] INFO:fitness.free_loss_fidelity: RL4CO free-loss step 60/200: score=7.812100 (avg=7.799376), loss=0.675281 (avg=0.674751), pairs_step=315408, pairs_total=18945806
[2026-03-05 01:07:13,160] INFO:fitness.free_loss_fidelity: RL4CO free-loss step 80/200: score=7.793658 (avg=7.797749), loss=0.676003 (avg=0.674775), pairs_step=315832, pairs_total=25259892
[2026-03-05 01:07:19,452] INFO:fitness.free_loss_fidelity: RL4CO free-loss step 100/200: score=7.755399 (avg=7.798310), loss=0.674853 (avg=0.674777), pairs_step=315791, pairs_total=31574890
[2026-03-05 01:07:25,758] INFO:fitness.free_loss_fidelity: RL4CO free-loss step 120/200: score=7.780115 (avg=7.800068), loss=0.677272 (avg=0.674788), pairs_step=315651, pairs_total=37887279
[2026-03-05 01:07:32,050] INFO:fitness.free_loss_fidelity: RL4CO free-loss step 140/200: score=7.826517 (avg=7.801029), loss=0.676322 (avg=0.674725), pairs_step=315560, pairs_total=44198501
[2026-03-05 01:07:38,357] INFO:fitness.free_loss_fidelity: RL4CO free-loss step 160/200: score=7.793817 (avg=7.800425), loss=0.673910 (avg=0.674660), pairs_step=315620, pairs_total=50509676
[2026-03-05 01:07:44,649] INFO:fitness.free_loss_fidelity: RL4CO free-loss step 180/200: score=7.782432 (avg=7.799255), loss=0.675061 (avg=0.674709), pairs_step=315342, pairs_total=56819517
[2026-03-05 01:07:51,005] INFO:fitness.free_loss_fidelity: RL4CO free-loss step 200/200: score=7.805711 (avg=7.798067), loss=0.673479 (avg=0.674793), pairs_step=315303, pairs_total=63128894
[2026-03-05 01:07:52,108] WARNING:fitness.free_loss_fidelity: weights_only checkpoint load failed (UnpicklingError); retrying weights_only=False for /data1/gushengda/eam-rl4co/baseline/epoch_409.ckpt
[2026-03-05 01:07:52,144] INFO:fitness.free_loss_fidelity: Loaded init checkpoint into policy: path=/data1/gushengda/eam-rl4co/baseline/epoch_409.ckpt prefix=policy. matched=97 missing=0 unexpected=0
[2026-03-05 01:07:52,149] INFO:fitness.free_loss_fidelity: RL4CO free-loss (step-mode): f1_steps=200, f2_steps=0, total_steps=200, train_problem_size=100, rollouts=100, batch_size=64, device=cuda:0, env=tsp
[2026-03-05 01:07:52,471] INFO:fitness.free_loss_fidelity: RL4CO free-loss step 1/200: score=7.807477 (avg=7.807477), loss=0.219726 (avg=0.219726), pairs_step=315750, pairs_total=315750
[2026-03-05 01:07:58,462] INFO:fitness.free_loss_fidelity: RL4CO free-loss step 20/200: score=7.775579 (avg=7.808626), loss=0.209564 (avg=0.215949), pairs_step=315994, pairs_total=6317360
[2026-03-05 01:08:04,765] INFO:fitness.free_loss_fidelity: RL4CO free-loss step 40/200: score=7.811869 (avg=7.801862), loss=0.205816 (avg=0.210582), pairs_step=316089, pairs_total=12636324
[2026-03-05 01:08:11,070] INFO:fitness.free_loss_fidelity: RL4CO free-loss step 60/200: score=7.813908 (avg=7.798210), loss=0.215090 (avg=0.209296), pairs_step=315483, pairs_total=18952500
[2026-03-05 01:08:17,375] INFO:fitness.free_loss_fidelity: RL4CO free-loss step 80/200: score=7.796953 (avg=7.796832), loss=0.230369 (avg=0.212304), pairs_step=315802, pairs_total=25269393
[2026-03-05 01:08:23,681] INFO:fitness.free_loss_fidelity: RL4CO free-loss step 100/200: score=7.758716 (avg=7.797608), loss=0.235223 (avg=0.216837), pairs_step=315390, pairs_total=31586677
[2026-03-05 01:08:29,987] INFO:fitness.free_loss_fidelity: RL4CO free-loss step 120/200: score=7.780515 (avg=7.799084), loss=0.207011 (avg=0.217570), pairs_step=315473, pairs_total=37900682
[2026-03-05 01:08:36,284] INFO:fitness.free_loss_fidelity: RL4CO free-loss step 140/200: score=7.824079 (avg=7.799942), loss=0.201460 (avg=0.215567), pairs_step=315321, pairs_total=44213654
[2026-03-05 01:08:42,588] INFO:fitness.free_loss_fidelity: RL4CO free-loss step 160/200: score=7.793656 (avg=7.799272), loss=0.212516 (avg=0.214574), pairs_step=315678, pairs_total=50528309
[2026-03-05 01:08:48,894] INFO:fitness.free_loss_fidelity: RL4CO free-loss step 180/200: score=7.782889 (avg=7.798009), loss=0.228540 (avg=0.215523), pairs_step=315669, pairs_total=56842348
[2026-03-05 01:08:55,199] INFO:fitness.free_loss_fidelity: RL4CO free-loss step 200/200: score=7.811554 (avg=7.796723), loss=0.203328 (avg=0.215876), pairs_step=315186, pairs_total=63157256
[2026-03-05 01:08:56,274] INFO:fitness.free_loss_fidelity: RL4CO free-loss (step-mode): f1_steps=200, f2_steps=0, total_steps=200, train_problem_size=100, rollouts=100, batch_size=64, device=cuda:0, env=tsp
[2026-03-05 01:08:56,588] INFO:fitness.free_loss_fidelity: RL4CO free-loss step 1/200: score=44.569542 (avg=44.569542), loss=0.756042 (avg=0.756042), pairs_step=316799, pairs_total=316799
[2026-03-05 01:09:02,575] INFO:fitness.free_loss_fidelity: RL4CO free-loss step 20/200: score=10.552288 (avg=13.134201), loss=0.571943 (avg=0.600039), pairs_step=316800, pairs_total=6335998
[2026-03-05 01:09:08,879] INFO:fitness.free_loss_fidelity: RL4CO free-loss step 40/200: score=9.379501 (avg=11.377006), loss=0.592981 (avg=0.596322), pairs_step=316800, pairs_total=12671997
[2026-03-05 01:09:15,182] INFO:fitness.free_loss_fidelity: RL4CO free-loss step 60/200: score=9.092965 (avg=10.639814), loss=0.595835 (avg=0.595501), pairs_step=316800, pairs_total=19007994
[2026-03-05 01:09:21,487] INFO:fitness.free_loss_fidelity: RL4CO free-loss step 80/200: score=8.926893 (avg=10.228600), loss=0.586641 (avg=0.593709), pairs_step=316799, pairs_total=25343993
[2026-03-05 01:09:27,783] INFO:fitness.free_loss_fidelity: RL4CO free-loss step 100/200: score=8.793764 (avg=9.960632), loss=0.585078 (avg=0.592596), pairs_step=316798, pairs_total=31679988
[2026-03-05 01:09:34,089] INFO:fitness.free_loss_fidelity: RL4CO free-loss step 120/200: score=8.764048 (avg=9.771115), loss=0.599747 (avg=0.592144), pairs_step=316800, pairs_total=38015979
[2026-03-05 01:09:40,385] INFO:fitness.free_loss_fidelity: RL4CO free-loss step 140/200: score=8.739822 (avg=9.624442), loss=0.599970 (avg=0.592692), pairs_step=316800, pairs_total=44351974
[2026-03-05 01:09:46,698] INFO:fitness.free_loss_fidelity: RL4CO free-loss step 160/200: score=8.620302 (avg=9.503617), loss=0.599837 (avg=0.593480), pairs_step=316800, pairs_total=50687973
[2026-03-05 01:09:52,994] INFO:fitness.free_loss_fidelity: RL4CO free-loss step 180/200: score=8.564961 (avg=9.401837), loss=0.603701 (avg=0.594668), pairs_step=316800, pairs_total=57023968
[2026-03-05 01:09:59,305] INFO:fitness.free_loss_fidelity: RL4CO free-loss step 200/200: score=8.567669 (avg=9.316124), loss=0.604364 (avg=0.595821), pairs_step=316800, pairs_total=63359961
[2026-03-05 01:10:00,406] WARNING:fitness.free_loss_fidelity: weights_only checkpoint load failed (UnpicklingError); retrying weights_only=False for /data1/gushengda/eam-rl4co/baseline/epoch_135.ckpt
[2026-03-05 01:10:00,443] INFO:fitness.free_loss_fidelity: Loaded init checkpoint into policy: path=/data1/gushengda/eam-rl4co/baseline/epoch_135.ckpt prefix=policy. matched=97 missing=0 unexpected=0
[2026-03-05 01:10:00,448] INFO:fitness.free_loss_fidelity: RL4CO free-loss (step-mode): f1_steps=200, f2_steps=0, total_steps=200, train_problem_size=100, rollouts=100, batch_size=64, device=cuda:0, env=tsp
[2026-03-05 01:10:00,776] INFO:fitness.free_loss_fidelity: RL4CO free-loss step 1/200: score=7.803347 (avg=7.803347), loss=0.675021 (avg=0.675021), pairs_step=315697, pairs_total=315697
[2026-03-05 01:10:06,769] INFO:fitness.free_loss_fidelity: RL4CO free-loss step 20/200: score=7.784533 (avg=7.811096), loss=0.673784 (avg=0.674541), pairs_step=315803, pairs_total=6316980
[2026-03-05 01:10:13,073] INFO:fitness.free_loss_fidelity: RL4CO free-loss step 40/200: score=7.818044 (avg=7.804002), loss=0.674802 (avg=0.674595), pairs_step=315797, pairs_total=12632359
[2026-03-05 01:10:19,379] INFO:fitness.free_loss_fidelity: RL4CO free-loss step 60/200: score=7.817407 (avg=7.800087), loss=0.675822 (avg=0.674841), pairs_step=315427, pairs_total=18944520
[2026-03-05 01:10:25,690] INFO:fitness.free_loss_fidelity: RL4CO free-loss step 80/200: score=7.802355 (avg=7.798277), loss=0.675040 (avg=0.674966), pairs_step=315786, pairs_total=25259589
[2026-03-05 01:10:31,990] INFO:fitness.free_loss_fidelity: RL4CO free-loss step 100/200: score=7.758669 (avg=7.799214), loss=0.674861 (avg=0.674857), pairs_step=315685, pairs_total=31573837
[2026-03-05 01:10:38,296] INFO:fitness.free_loss_fidelity: RL4CO free-loss step 120/200: score=7.769826 (avg=7.800429), loss=0.674609 (avg=0.674859), pairs_step=315699, pairs_total=37885583
[2026-03-05 01:10:44,593] INFO:fitness.free_loss_fidelity: RL4CO free-loss step 140/200: score=7.830215 (avg=7.801535), loss=0.676191 (avg=0.674859), pairs_step=315786, pairs_total=44197286
[2026-03-05 01:10:50,899] INFO:fitness.free_loss_fidelity: RL4CO free-loss step 160/200: score=7.791564 (avg=7.800693), loss=0.674875 (avg=0.674765), pairs_step=315308, pairs_total=50508743
[2026-03-05 01:10:57,223] INFO:fitness.free_loss_fidelity: RL4CO free-loss step 180/200: score=7.783813 (avg=7.799449), loss=0.676392 (avg=0.674848), pairs_step=315401, pairs_total=56820081
[2026-03-05 01:11:03,537] INFO:fitness.free_loss_fidelity: RL4CO free-loss step 200/200: score=7.811160 (avg=7.798190), loss=0.672792 (avg=0.674833), pairs_step=315654, pairs_total=63130868
[2026-03-05 01:11:04,636] WARNING:fitness.free_loss_fidelity: weights_only checkpoint load failed (UnpicklingError); retrying weights_only=False for /data1/gushengda/eam-rl4co/baseline/epoch_409.ckpt
[2026-03-05 01:11:04,842] INFO:fitness.free_loss_fidelity: Loaded init checkpoint into policy: path=/data1/gushengda/eam-rl4co/baseline/epoch_409.ckpt prefix=policy. matched=97 missing=0 unexpected=0
[2026-03-05 01:11:04,847] INFO:fitness.free_loss_fidelity: RL4CO free-loss (step-mode): f1_steps=200, f2_steps=0, total_steps=200, train_problem_size=100, rollouts=100, batch_size=64, device=cuda:0, env=tsp
[2026-03-05 01:11:05,169] INFO:fitness.free_loss_fidelity: RL4CO free-loss step 1/200: score=7.807477 (avg=7.807477), loss=0.219726 (avg=0.219726), pairs_step=315750, pairs_total=315750
[2026-03-05 01:11:11,155] INFO:fitness.free_loss_fidelity: RL4CO free-loss step 20/200: score=7.784860 (avg=7.808697), loss=0.212729 (avg=0.215196), pairs_step=315894, pairs_total=6318488
[2026-03-05 01:11:17,457] INFO:fitness.free_loss_fidelity: RL4CO free-loss step 40/200: score=7.818405 (avg=7.802121), loss=0.206847 (avg=0.212658), pairs_step=316074, pairs_total=12636926
[2026-03-05 01:11:23,753] INFO:fitness.free_loss_fidelity: RL4CO free-loss step 60/200: score=7.811233 (avg=7.798742), loss=0.211295 (avg=0.210865), pairs_step=315425, pairs_total=18950972
[2026-03-05 01:11:30,063] INFO:fitness.free_loss_fidelity: RL4CO free-loss step 80/200: score=7.799057 (avg=7.797260), loss=0.221619 (avg=0.211325), pairs_step=315664, pairs_total=25266188
[2026-03-05 01:11:36,358] INFO:fitness.free_loss_fidelity: RL4CO free-loss step 100/200: score=7.752907 (avg=7.797413), loss=0.229169 (avg=0.214116), pairs_step=315731, pairs_total=31582206
[2026-03-05 01:11:42,669] INFO:fitness.free_loss_fidelity: RL4CO free-loss step 120/200: score=7.775451 (avg=7.799028), loss=0.204139 (avg=0.214756), pairs_step=315816, pairs_total=37898727
[2026-03-05 01:11:48,965] INFO:fitness.free_loss_fidelity: RL4CO free-loss step 140/200: score=7.823676 (avg=7.800307), loss=0.209584 (avg=0.213348), pairs_step=315505, pairs_total=44213994
[2026-03-05 01:11:55,280] INFO:fitness.free_loss_fidelity: RL4CO free-loss step 160/200: score=7.795809 (avg=7.799552), loss=0.213002 (avg=0.213105), pairs_step=315851, pairs_total=50527260
[2026-03-05 01:12:01,591] INFO:fitness.free_loss_fidelity: RL4CO free-loss step 180/200: score=7.783804 (avg=7.798206), loss=0.227060 (avg=0.213923), pairs_step=314866, pairs_total=56839328
[2026-03-05 01:12:07,896] INFO:fitness.free_loss_fidelity: RL4CO free-loss step 200/200: score=7.810777 (avg=7.796863), loss=0.210662 (avg=0.214800), pairs_step=315685, pairs_total=63152042
[2026-03-05 01:12:08,972] INFO:fitness.free_loss_fidelity: RL4CO free-loss (step-mode): f1_steps=200, f2_steps=0, total_steps=200, train_problem_size=100, rollouts=100, batch_size=64, device=cuda:0, env=tsp
[2026-03-05 01:12:09,286] INFO:fitness.free_loss_fidelity: RL4CO free-loss step 1/200: score=48.400196 (avg=48.400196), loss=0.735093 (avg=0.735093), pairs_step=316800, pairs_total=316800
[2026-03-05 01:12:15,279] INFO:fitness.free_loss_fidelity: RL4CO free-loss step 20/200: score=10.408661 (avg=13.794344), loss=0.596162 (avg=0.617033), pairs_step=316798, pairs_total=6335994
[2026-03-05 01:12:21,575] INFO:fitness.free_loss_fidelity: RL4CO free-loss step 40/200: score=9.713175 (avg=11.828001), loss=0.611890 (avg=0.611153), pairs_step=316799, pairs_total=12671987
[2026-03-05 01:12:27,878] INFO:fitness.free_loss_fidelity: RL4CO free-loss step 60/200: score=9.297245 (avg=11.025923), loss=0.592248 (avg=0.609440), pairs_step=316800, pairs_total=19007982
[2026-03-05 01:12:34,186] INFO:fitness.free_loss_fidelity: RL4CO free-loss step 80/200: score=8.947245 (avg=10.537582), loss=0.594351 (avg=0.605545), pairs_step=316800, pairs_total=25343981
[2026-03-05 01:12:40,490] INFO:fitness.free_loss_fidelity: RL4CO free-loss step 100/200: score=8.796263 (avg=10.210165), loss=0.596299 (avg=0.603318), pairs_step=316799, pairs_total=31679978
[2026-03-05 01:12:46,785] INFO:fitness.free_loss_fidelity: RL4CO free-loss step 120/200: score=8.700521 (avg=9.975721), loss=0.593208 (avg=0.602153), pairs_step=316800, pairs_total=38015974
[2026-03-05 01:12:53,089] INFO:fitness.free_loss_fidelity: RL4CO free-loss step 140/200: score=8.737913 (avg=9.797031), loss=0.600617 (avg=0.601889), pairs_step=316800, pairs_total=44351969
[2026-03-05 01:12:59,399] INFO:fitness.free_loss_fidelity: RL4CO free-loss step 160/200: score=8.658191 (avg=9.655307), loss=0.602618 (avg=0.602148), pairs_step=316800, pairs_total=50687965
[2026-03-05 01:13:05,716] INFO:fitness.free_loss_fidelity: RL4CO free-loss step 180/200: score=8.538583 (avg=9.538472), loss=0.602023 (avg=0.602386), pairs_step=316800, pairs_total=57023962
[2026-03-05 01:13:12,011] INFO:fitness.free_loss_fidelity: RL4CO free-loss step 200/200: score=8.555370 (avg=9.441770), loss=0.607890 (avg=0.602755), pairs_step=316800, pairs_total=63359957
[2026-03-05 01:13:13,113] WARNING:fitness.free_loss_fidelity: weights_only checkpoint load failed (UnpicklingError); retrying weights_only=False for /data1/gushengda/eam-rl4co/baseline/epoch_135.ckpt
[2026-03-05 01:13:13,148] INFO:fitness.free_loss_fidelity: Loaded init checkpoint into policy: path=/data1/gushengda/eam-rl4co/baseline/epoch_135.ckpt prefix=policy. matched=97 missing=0 unexpected=0
[2026-03-05 01:13:13,153] INFO:fitness.free_loss_fidelity: RL4CO free-loss (step-mode): f1_steps=200, f2_steps=0, total_steps=200, train_problem_size=100, rollouts=100, batch_size=64, device=cuda:0, env=tsp
[2026-03-05 01:13:13,482] INFO:fitness.free_loss_fidelity: RL4CO free-loss step 1/200: score=7.803347 (avg=7.803347), loss=0.675021 (avg=0.675021), pairs_step=315697, pairs_total=315697
[2026-03-05 01:13:19,463] INFO:fitness.free_loss_fidelity: RL4CO free-loss step 20/200: score=7.777942 (avg=7.808479), loss=0.674024 (avg=0.674089), pairs_step=315714, pairs_total=6316976
[2026-03-05 01:13:25,766] INFO:fitness.free_loss_fidelity: RL4CO free-loss step 40/200: score=7.811949 (avg=7.802366), loss=0.675686 (avg=0.674456), pairs_step=315701, pairs_total=12631627
[2026-03-05 01:13:32,059] INFO:fitness.free_loss_fidelity: RL4CO free-loss step 60/200: score=7.809966 (avg=7.798627), loss=0.674260 (avg=0.674530), pairs_step=315668, pairs_total=18944577
[2026-03-05 01:13:38,367] INFO:fitness.free_loss_fidelity: RL4CO free-loss step 80/200: score=7.798131 (avg=7.797023), loss=0.674554 (avg=0.674439), pairs_step=315959, pairs_total=25261024
[2026-03-05 01:13:44,660] INFO:fitness.free_loss_fidelity: RL4CO free-loss step 100/200: score=7.750747 (avg=7.797559), loss=0.671766 (avg=0.674235), pairs_step=315716, pairs_total=31575828
[2026-03-05 01:13:50,968] INFO:fitness.free_loss_fidelity: RL4CO free-loss step 120/200: score=7.770226 (avg=7.799099), loss=0.674205 (avg=0.674103), pairs_step=315432, pairs_total=37887956
[2026-03-05 01:13:57,291] INFO:fitness.free_loss_fidelity: RL4CO free-loss step 140/200: score=7.831257 (avg=7.800270), loss=0.677680 (avg=0.674136), pairs_step=315314, pairs_total=44198882
[2026-03-05 01:14:03,614] INFO:fitness.free_loss_fidelity: RL4CO free-loss step 160/200: score=7.795004 (avg=7.799568), loss=0.674526 (avg=0.674057), pairs_step=315455, pairs_total=50512846
[2026-03-05 01:14:09,913] INFO:fitness.free_loss_fidelity: RL4CO free-loss step 180/200: score=7.784260 (avg=7.798471), loss=0.673645 (avg=0.674148), pairs_step=315349, pairs_total=56822754
[2026-03-05 01:14:16,214] INFO:fitness.free_loss_fidelity: RL4CO free-loss step 200/200: score=7.807641 (avg=7.797227), loss=0.669278 (avg=0.674188), pairs_step=315468, pairs_total=63133703
[2026-03-05 01:14:17,312] WARNING:fitness.free_loss_fidelity: weights_only checkpoint load failed (UnpicklingError); retrying weights_only=False for /data1/gushengda/eam-rl4co/baseline/epoch_409.ckpt
[2026-03-05 01:14:17,341] INFO:fitness.free_loss_fidelity: Loaded init checkpoint into policy: path=/data1/gushengda/eam-rl4co/baseline/epoch_409.ckpt prefix=policy. matched=97 missing=0 unexpected=0
[2026-03-05 01:14:17,346] INFO:fitness.free_loss_fidelity: RL4CO free-loss (step-mode): f1_steps=200, f2_steps=0, total_steps=200, train_problem_size=100, rollouts=100, batch_size=64, device=cuda:0, env=tsp
[2026-03-05 01:14:17,676] INFO:fitness.free_loss_fidelity: RL4CO free-loss step 1/200: score=7.807477 (avg=7.807477), loss=0.219726 (avg=0.219726), pairs_step=315750, pairs_total=315750
[2026-03-05 01:14:23,659] INFO:fitness.free_loss_fidelity: RL4CO free-loss step 20/200: score=7.784610 (avg=7.809838), loss=0.216621 (avg=0.217495), pairs_step=316103, pairs_total=6317814
[2026-03-05 01:14:29,960] INFO:fitness.free_loss_fidelity: RL4CO free-loss step 40/200: score=7.814912 (avg=7.803493), loss=0.214382 (avg=0.216699), pairs_step=316096, pairs_total=12634472
[2026-03-05 01:14:36,261] INFO:fitness.free_loss_fidelity: RL4CO free-loss step 60/200: score=7.808563 (avg=7.799467), loss=0.215710 (avg=0.215737), pairs_step=315630, pairs_total=18949655
[2026-03-05 01:14:42,562] INFO:fitness.free_loss_fidelity: RL4CO free-loss step 80/200: score=7.799577 (avg=7.798019), loss=0.216590 (avg=0.215019), pairs_step=315884, pairs_total=25265396
[2026-03-05 01:14:48,871] INFO:fitness.free_loss_fidelity: RL4CO free-loss step 100/200: score=7.754467 (avg=7.798589), loss=0.240848 (avg=0.217123), pairs_step=315840, pairs_total=31581208
[2026-03-05 01:14:55,172] INFO:fitness.free_loss_fidelity: RL4CO free-loss step 120/200: score=7.772828 (avg=7.799916), loss=0.232052 (avg=0.220785), pairs_step=315808, pairs_total=37897268
[2026-03-05 01:15:01,476] INFO:fitness.free_loss_fidelity: RL4CO free-loss step 140/200: score=7.824717 (avg=7.800676), loss=0.202299 (avg=0.220382), pairs_step=315753, pairs_total=44210435
[2026-03-05 01:15:07,774] INFO:fitness.free_loss_fidelity: RL4CO free-loss step 160/200: score=7.802041 (avg=7.799809), loss=0.200751 (avg=0.217603), pairs_step=316053, pairs_total=50525880
[2026-03-05 01:15:14,263] INFO:fitness.free_loss_fidelity: RL4CO free-loss step 180/200: score=7.786733 (avg=7.798608), loss=0.225638 (avg=0.217015), pairs_step=314882, pairs_total=56839700
[2026-03-05 01:15:20,567] INFO:fitness.free_loss_fidelity: RL4CO free-loss step 200/200: score=7.813167 (avg=7.797301), loss=0.226586 (avg=0.218550), pairs_step=315188, pairs_total=63153974
[2026-03-05 01:15:21,641] INFO:fitness.free_loss_fidelity: RL4CO free-loss (step-mode): f1_steps=200, f2_steps=0, total_steps=200, train_problem_size=100, rollouts=100, batch_size=64, device=cuda:0, env=tsp
[2026-03-05 01:15:21,962] INFO:fitness.free_loss_fidelity: RL4CO free-loss step 1/200: score=42.316597 (avg=42.316597), loss=0.741065 (avg=0.741065), pairs_step=316800, pairs_total=316800
[2026-03-05 01:15:27,955] INFO:fitness.free_loss_fidelity: RL4CO free-loss step 20/200: score=10.208965 (avg=14.120051), loss=0.601275 (avg=0.624259), pairs_step=316800, pairs_total=6335998
[2026-03-05 01:15:34,260] INFO:fitness.free_loss_fidelity: RL4CO free-loss step 40/200: score=9.417873 (avg=11.910609), loss=0.608478 (avg=0.615804), pairs_step=316799, pairs_total=12671997
[2026-03-05 01:15:40,562] INFO:fitness.free_loss_fidelity: RL4CO free-loss step 60/200: score=9.226680 (avg=11.053655), loss=0.596450 (avg=0.611114), pairs_step=316798, pairs_total=19007994
[2026-03-05 01:15:46,865] INFO:fitness.free_loss_fidelity: RL4CO free-loss step 80/200: score=9.004980 (avg=10.566871), loss=0.579171 (avg=0.605799), pairs_step=316800, pairs_total=25343988
[2026-03-05 01:15:53,168] INFO:fitness.free_loss_fidelity: RL4CO free-loss step 100/200: score=8.894814 (avg=10.249885), loss=0.579909 (avg=0.601050), pairs_step=316800, pairs_total=31679982
[2026-03-05 01:15:59,464] INFO:fitness.free_loss_fidelity: RL4CO free-loss step 120/200: score=8.839919 (avg=10.026520), loss=0.587550 (avg=0.598398), pairs_step=316800, pairs_total=38015976
[2026-03-05 01:16:05,765] INFO:fitness.free_loss_fidelity: RL4CO free-loss step 140/200: score=8.805476 (avg=9.855304), loss=0.585297 (avg=0.596850), pairs_step=316799, pairs_total=44351971
[2026-03-05 01:16:12,059] INFO:fitness.free_loss_fidelity: RL4CO free-loss step 160/200: score=8.722364 (avg=9.718008), loss=0.592308 (avg=0.596131), pairs_step=316800, pairs_total=50687963
[2026-03-05 01:16:18,369] INFO:fitness.free_loss_fidelity: RL4CO free-loss step 180/200: score=8.658007 (avg=9.603310), loss=0.595323 (avg=0.596018), pairs_step=316799, pairs_total=57023959
[2026-03-05 01:16:24,668] INFO:fitness.free_loss_fidelity: RL4CO free-loss step 200/200: score=8.642694 (avg=9.506854), loss=0.601606 (avg=0.596395), pairs_step=316800, pairs_total=63359952
[2026-03-05 01:16:25,773] WARNING:fitness.free_loss_fidelity: weights_only checkpoint load failed (UnpicklingError); retrying weights_only=False for /data1/gushengda/eam-rl4co/baseline/epoch_135.ckpt
[2026-03-05 01:16:25,809] INFO:fitness.free_loss_fidelity: Loaded init checkpoint into policy: path=/data1/gushengda/eam-rl4co/baseline/epoch_135.ckpt prefix=policy. matched=97 missing=0 unexpected=0
[2026-03-05 01:16:25,814] INFO:fitness.free_loss_fidelity: RL4CO free-loss (step-mode): f1_steps=200, f2_steps=0, total_steps=200, train_problem_size=100, rollouts=100, batch_size=64, device=cuda:0, env=tsp
[2026-03-05 01:16:26,163] INFO:fitness.free_loss_fidelity: RL4CO free-loss step 1/200: score=7.803347 (avg=7.803347), loss=0.675021 (avg=0.675021), pairs_step=315697, pairs_total=315697
[2026-03-05 01:16:32,151] INFO:fitness.free_loss_fidelity: RL4CO free-loss step 20/200: score=7.778594 (avg=7.808888), loss=0.672872 (avg=0.674264), pairs_step=315864, pairs_total=6317693
[2026-03-05 01:16:38,452] INFO:fitness.free_loss_fidelity: RL4CO free-loss step 40/200: score=7.812725 (avg=7.802821), loss=0.675510 (avg=0.674426), pairs_step=315928, pairs_total=12633548
[2026-03-05 01:16:44,761] INFO:fitness.free_loss_fidelity: RL4CO free-loss step 60/200: score=7.813057 (avg=7.799087), loss=0.676941 (avg=0.674613), pairs_step=315528, pairs_total=18947171
[2026-03-05 01:16:51,065] INFO:fitness.free_loss_fidelity: RL4CO free-loss step 80/200: score=7.793752 (avg=7.797523), loss=0.676392 (avg=0.674696), pairs_step=315466, pairs_total=25262984
[2026-03-05 01:16:57,363] INFO:fitness.free_loss_fidelity: RL4CO free-loss step 100/200: score=7.757271 (avg=7.798381), loss=0.674623 (avg=0.674663), pairs_step=315798, pairs_total=31577922
[2026-03-05 01:17:03,698] INFO:fitness.free_loss_fidelity: RL4CO free-loss step 120/200: score=7.777361 (avg=7.800002), loss=0.675709 (avg=0.674755), pairs_step=315696, pairs_total=37891073
[2026-03-05 01:17:10,007] INFO:fitness.free_loss_fidelity: RL4CO free-loss step 140/200: score=7.829198 (avg=7.801030), loss=0.673138 (avg=0.674712), pairs_step=315212, pairs_total=44202613
[2026-03-05 01:17:16,300] INFO:fitness.free_loss_fidelity: RL4CO free-loss step 160/200: score=7.798553 (avg=7.800429), loss=0.675502 (avg=0.674667), pairs_step=315594, pairs_total=50514782
[2026-03-05 01:17:22,602] INFO:fitness.free_loss_fidelity: RL4CO free-loss step 180/200: score=7.786163 (avg=7.799391), loss=0.675106 (avg=0.674728), pairs_step=315204, pairs_total=56825565
[2026-03-05 01:17:28,895] INFO:fitness.free_loss_fidelity: RL4CO free-loss step 200/200: score=7.809120 (avg=7.798267), loss=0.673825 (avg=0.674716), pairs_step=315963, pairs_total=63137540
[2026-03-05 01:17:29,993] WARNING:fitness.free_loss_fidelity: weights_only checkpoint load failed (UnpicklingError); retrying weights_only=False for /data1/gushengda/eam-rl4co/baseline/epoch_409.ckpt
[2026-03-05 01:17:30,021] INFO:fitness.free_loss_fidelity: Loaded init checkpoint into policy: path=/data1/gushengda/eam-rl4co/baseline/epoch_409.ckpt prefix=policy. matched=97 missing=0 unexpected=0
[2026-03-05 01:17:30,027] INFO:fitness.free_loss_fidelity: RL4CO free-loss (step-mode): f1_steps=200, f2_steps=0, total_steps=200, train_problem_size=100, rollouts=100, batch_size=64, device=cuda:0, env=tsp
[2026-03-05 01:17:30,348] INFO:fitness.free_loss_fidelity: RL4CO free-loss step 1/200: score=7.807477 (avg=7.807477), loss=0.219726 (avg=0.219726), pairs_step=315750, pairs_total=315750
[2026-03-05 01:17:36,516] INFO:fitness.free_loss_fidelity: RL4CO free-loss step 20/200: score=7.778608 (avg=7.809568), loss=0.210680 (avg=0.215645), pairs_step=316157, pairs_total=6317612
[2026-03-05 01:17:42,808] INFO:fitness.free_loss_fidelity: RL4CO free-loss step 40/200: score=7.812825 (avg=7.802533), loss=0.212542 (avg=0.213148), pairs_step=315937, pairs_total=12634492
[2026-03-05 01:17:49,107] INFO:fitness.free_loss_fidelity: RL4CO free-loss step 60/200: score=7.810965 (avg=7.798509), loss=0.214064 (avg=0.212669), pairs_step=315693, pairs_total=18950294
[2026-03-05 01:17:55,405] INFO:fitness.free_loss_fidelity: RL4CO free-loss step 80/200: score=7.792614 (avg=7.796731), loss=0.225327 (avg=0.213612), pairs_step=315580, pairs_total=25265725
[2026-03-05 01:18:01,715] INFO:fitness.free_loss_fidelity: RL4CO free-loss step 100/200: score=7.755459 (avg=7.797322), loss=0.250775 (avg=0.219009), pairs_step=315462, pairs_total=31580160
[2026-03-05 01:18:08,007] INFO:fitness.free_loss_fidelity: RL4CO free-loss step 120/200: score=7.773893 (avg=7.798683), loss=0.222442 (avg=0.222800), pairs_step=315778, pairs_total=37895932
[2026-03-05 01:18:14,309] INFO:fitness.free_loss_fidelity: RL4CO free-loss step 140/200: score=7.825867 (avg=7.799522), loss=0.211907 (avg=0.221512), pairs_step=315516, pairs_total=44210613
[2026-03-05 01:18:20,601] INFO:fitness.free_loss_fidelity: RL4CO free-loss step 160/200: score=7.785776 (avg=7.798590), loss=0.211504 (avg=0.219942), pairs_step=315552, pairs_total=50522730
[2026-03-05 01:18:26,901] INFO:fitness.free_loss_fidelity: RL4CO free-loss step 180/200: score=7.783867 (avg=7.797541), loss=0.229233 (avg=0.220228), pairs_step=315167, pairs_total=56835381
[2026-03-05 01:18:33,214] INFO:fitness.free_loss_fidelity: RL4CO free-loss step 200/200: score=7.812402 (avg=7.796366), loss=0.224442 (avg=0.221157), pairs_step=315352, pairs_total=63144923
[2026-03-05 01:18:34,289] INFO:fitness.free_loss_fidelity: RL4CO free-loss (step-mode): f1_steps=200, f2_steps=0, total_steps=200, train_problem_size=100, rollouts=100, batch_size=64, device=cuda:0, env=tsp
[2026-03-05 01:18:34,610] INFO:fitness.free_loss_fidelity: RL4CO free-loss step 1/200: score=51.603012 (avg=51.603012), loss=0.684346 (avg=0.684346), pairs_step=316800, pairs_total=316800
[2026-03-05 01:18:40,589] INFO:fitness.free_loss_fidelity: RL4CO free-loss step 20/200: score=10.540270 (avg=16.369754), loss=0.629669 (avg=0.628805), pairs_step=316800, pairs_total=6335995
[2026-03-05 01:18:46,890] INFO:fitness.free_loss_fidelity: RL4CO free-loss step 40/200: score=9.465933 (avg=13.160733), loss=0.596434 (avg=0.614504), pairs_step=316800, pairs_total=12671994
[2026-03-05 01:18:53,191] INFO:fitness.free_loss_fidelity: RL4CO free-loss step 60/200: score=9.172889 (avg=11.866136), loss=0.590569 (avg=0.606137), pairs_step=316799, pairs_total=19007990
[2026-03-05 01:18:59,491] INFO:fitness.free_loss_fidelity: RL4CO free-loss step 80/200: score=8.983857 (avg=11.170244), loss=0.587424 (avg=0.600886), pairs_step=316800, pairs_total=25343985
[2026-03-05 01:19:05,793] INFO:fitness.free_loss_fidelity: RL4CO free-loss step 100/200: score=8.878287 (avg=10.729194), loss=0.582327 (avg=0.598130), pairs_step=316800, pairs_total=31679983
[2026-03-05 01:19:12,088] INFO:fitness.free_loss_fidelity: RL4CO free-loss step 120/200: score=8.829828 (avg=10.422140), loss=0.592535 (avg=0.596573), pairs_step=316799, pairs_total=38015977
[2026-03-05 01:19:18,392] INFO:fitness.free_loss_fidelity: RL4CO free-loss step 140/200: score=8.807137 (avg=10.192350), loss=0.590162 (avg=0.595730), pairs_step=316799, pairs_total=44351969
[2026-03-05 01:19:24,689] INFO:fitness.free_loss_fidelity: RL4CO free-loss step 160/200: score=8.717983 (avg=10.009811), loss=0.592404 (avg=0.595491), pairs_step=316798, pairs_total=50687965
[2026-03-05 01:19:30,998] INFO:fitness.free_loss_fidelity: RL4CO free-loss step 180/200: score=8.624512 (avg=9.860943), loss=0.599635 (avg=0.595823), pairs_step=316800, pairs_total=57023960
[2026-03-05 01:19:37,293] INFO:fitness.free_loss_fidelity: RL4CO free-loss step 200/200: score=8.639833 (avg=9.737370), loss=0.600170 (avg=0.596265), pairs_step=316800, pairs_total=63359956
[2026-03-05 01:19:38,395] WARNING:fitness.free_loss_fidelity: weights_only checkpoint load failed (UnpicklingError); retrying weights_only=False for /data1/gushengda/eam-rl4co/baseline/epoch_135.ckpt
[2026-03-05 01:19:38,430] INFO:fitness.free_loss_fidelity: Loaded init checkpoint into policy: path=/data1/gushengda/eam-rl4co/baseline/epoch_135.ckpt prefix=policy. matched=97 missing=0 unexpected=0
[2026-03-05 01:19:38,436] INFO:fitness.free_loss_fidelity: RL4CO free-loss (step-mode): f1_steps=200, f2_steps=0, total_steps=200, train_problem_size=100, rollouts=100, batch_size=64, device=cuda:0, env=tsp
[2026-03-05 01:19:38,756] INFO:fitness.free_loss_fidelity: RL4CO free-loss step 1/200: score=7.803347 (avg=7.803347), loss=0.675021 (avg=0.675021), pairs_step=315697, pairs_total=315697
[2026-03-05 01:19:44,744] INFO:fitness.free_loss_fidelity: RL4CO free-loss step 20/200: score=7.781177 (avg=7.809663), loss=0.675448 (avg=0.674432), pairs_step=315895, pairs_total=6317795
[2026-03-05 01:19:51,043] INFO:fitness.free_loss_fidelity: RL4CO free-loss step 40/200: score=7.816581 (avg=7.803200), loss=0.675475 (avg=0.674377), pairs_step=315595, pairs_total=12632057
[2026-03-05 01:19:57,336] INFO:fitness.free_loss_fidelity: RL4CO free-loss step 60/200: score=7.816035 (avg=7.799052), loss=0.678301 (avg=0.674626), pairs_step=315350, pairs_total=18945268
[2026-03-05 01:20:03,638] INFO:fitness.free_loss_fidelity: RL4CO free-loss step 80/200: score=7.795455 (avg=7.797771), loss=0.670980 (avg=0.674657), pairs_step=315683, pairs_total=25260303
[2026-03-05 01:20:09,950] INFO:fitness.free_loss_fidelity: RL4CO free-loss step 100/200: score=7.753961 (avg=7.798663), loss=0.675947 (avg=0.674727), pairs_step=315933, pairs_total=31574093
[2026-03-05 01:20:16,251] INFO:fitness.free_loss_fidelity: RL4CO free-loss step 120/200: score=7.774945 (avg=7.800057), loss=0.674235 (avg=0.674693), pairs_step=315711, pairs_total=37887140
[2026-03-05 01:20:22,551] INFO:fitness.free_loss_fidelity: RL4CO free-loss step 140/200: score=7.829226 (avg=7.800969), loss=0.676626 (avg=0.674669), pairs_step=315735, pairs_total=44200158
[2026-03-05 01:20:28,854] INFO:fitness.free_loss_fidelity: RL4CO free-loss step 160/200: score=7.792706 (avg=7.800265), loss=0.673397 (avg=0.674566), pairs_step=315335, pairs_total=50511842
[2026-03-05 01:20:35,147] INFO:fitness.free_loss_fidelity: RL4CO free-loss step 180/200: score=7.786710 (avg=7.799423), loss=0.675620 (avg=0.674602), pairs_step=315258, pairs_total=56824154
[2026-03-05 01:20:41,448] INFO:fitness.free_loss_fidelity: RL4CO free-loss step 200/200: score=7.807043 (avg=7.798229), loss=0.671443 (avg=0.674553), pairs_step=315648, pairs_total=63135148
[2026-03-05 01:20:42,551] WARNING:fitness.free_loss_fidelity: weights_only checkpoint load failed (UnpicklingError); retrying weights_only=False for /data1/gushengda/eam-rl4co/baseline/epoch_409.ckpt
[2026-03-05 01:20:42,586] INFO:fitness.free_loss_fidelity: Loaded init checkpoint into policy: path=/data1/gushengda/eam-rl4co/baseline/epoch_409.ckpt prefix=policy. matched=97 missing=0 unexpected=0
[2026-03-05 01:20:42,591] INFO:fitness.free_loss_fidelity: RL4CO free-loss (step-mode): f1_steps=200, f2_steps=0, total_steps=200, train_problem_size=100, rollouts=100, batch_size=64, device=cuda:0, env=tsp
[2026-03-05 01:20:42,921] INFO:fitness.free_loss_fidelity: RL4CO free-loss step 1/200: score=7.807477 (avg=7.807477), loss=0.219726 (avg=0.219726), pairs_step=315750, pairs_total=315750
[2026-03-05 01:20:48,904] INFO:fitness.free_loss_fidelity: RL4CO free-loss step 20/200: score=7.785254 (avg=7.809531), loss=0.214103 (avg=0.216165), pairs_step=315911, pairs_total=6317809
[2026-03-05 01:20:55,206] INFO:fitness.free_loss_fidelity: RL4CO free-loss step 40/200: score=7.819799 (avg=7.803016), loss=0.203002 (avg=0.214052), pairs_step=315920, pairs_total=12634638
[2026-03-05 01:21:01,509] INFO:fitness.free_loss_fidelity: RL4CO free-loss step 60/200: score=7.810821 (avg=7.799271), loss=0.206249 (avg=0.210389), pairs_step=315648, pairs_total=18950711
[2026-03-05 01:21:07,810] INFO:fitness.free_loss_fidelity: RL4CO free-loss step 80/200: score=7.795994 (avg=7.797567), loss=0.232302 (avg=0.211606), pairs_step=315463, pairs_total=25266302
[2026-03-05 01:21:14,115] INFO:fitness.free_loss_fidelity: RL4CO free-loss step 100/200: score=7.754599 (avg=7.798040), loss=0.252620 (avg=0.218203), pairs_step=315831, pairs_total=31584989
[2026-03-05 01:21:20,410] INFO:fitness.free_loss_fidelity: RL4CO free-loss step 120/200: score=7.771842 (avg=7.799159), loss=0.201806 (avg=0.219623), pairs_step=315661, pairs_total=37902010
[2026-03-05 01:21:26,714] INFO:fitness.free_loss_fidelity: RL4CO free-loss step 140/200: score=7.827344 (avg=7.799995), loss=0.198223 (avg=0.216440), pairs_step=315618, pairs_total=44218458
[2026-03-05 01:21:33,009] INFO:fitness.free_loss_fidelity: RL4CO free-loss step 160/200: score=7.789416 (avg=7.799141), loss=0.212889 (avg=0.214989), pairs_step=315817, pairs_total=50533977
[2026-03-05 01:21:39,321] INFO:fitness.free_loss_fidelity: RL4CO free-loss step 180/200: score=7.785100 (avg=7.797962), loss=0.234866 (avg=0.216086), pairs_step=314795, pairs_total=56848584
[2026-03-05 01:21:45,624] INFO:fitness.free_loss_fidelity: RL4CO free-loss step 200/200: score=7.812232 (avg=7.796563), loss=0.219571 (avg=0.217772), pairs_step=315719, pairs_total=63163681
[2026-03-05 01:21:46,698] INFO:fitness.free_loss_fidelity: RL4CO free-loss (step-mode): f1_steps=200, f2_steps=0, total_steps=200, train_problem_size=100, rollouts=100, batch_size=64, device=cuda:0, env=tsp
[2026-03-05 01:21:47,012] INFO:fitness.free_loss_fidelity: RL4CO free-loss step 1/200: score=59.459278 (avg=59.459278), loss=0.736777 (avg=0.736777), pairs_step=316797, pairs_total=316797
[2026-03-05 01:21:53,184] INFO:fitness.free_loss_fidelity: RL4CO free-loss step 20/200: score=10.381095 (avg=16.074682), loss=0.609651 (avg=0.626778), pairs_step=316800, pairs_total=6335995
[2026-03-05 01:21:59,484] INFO:fitness.free_loss_fidelity: RL4CO free-loss step 40/200: score=9.444187 (avg=12.932202), loss=0.605279 (avg=0.617387), pairs_step=316799, pairs_total=12671988
[2026-03-05 01:22:05,785] INFO:fitness.free_loss_fidelity: RL4CO free-loss step 60/200: score=9.194500 (avg=11.714700), loss=0.591393 (avg=0.611474), pairs_step=316800, pairs_total=19007986
[2026-03-05 01:22:12,080] INFO:fitness.free_loss_fidelity: RL4CO free-loss step 80/200: score=9.008553 (avg=11.051119), loss=0.589000 (avg=0.606702), pairs_step=316800, pairs_total=25343979
[2026-03-05 01:22:18,389] INFO:fitness.free_loss_fidelity: RL4CO free-loss step 100/200: score=8.876537 (avg=10.635497), loss=0.590969 (avg=0.603160), pairs_step=316800, pairs_total=31679974
[2026-03-05 01:22:24,692] INFO:fitness.free_loss_fidelity: RL4CO free-loss step 120/200: score=8.857957 (avg=10.347621), loss=0.593448 (avg=0.601128), pairs_step=316800, pairs_total=38015971
[2026-03-05 01:22:31,001] INFO:fitness.free_loss_fidelity: RL4CO free-loss step 140/200: score=8.845079 (avg=10.131465), loss=0.593271 (avg=0.599982), pairs_step=316800, pairs_total=44351968
[2026-03-05 01:22:37,296] INFO:fitness.free_loss_fidelity: RL4CO free-loss step 160/200: score=8.681333 (avg=9.957354), loss=0.597540 (avg=0.599476), pairs_step=316800, pairs_total=50687963
[2026-03-05 01:22:43,610] INFO:fitness.free_loss_fidelity: RL4CO free-loss step 180/200: score=8.640587 (avg=9.813586), loss=0.601717 (avg=0.599514), pairs_step=316798, pairs_total=57023956
[2026-03-05 01:22:49,909] INFO:fitness.free_loss_fidelity: RL4CO free-loss step 200/200: score=8.605913 (avg=9.694038), loss=0.608886 (avg=0.599732), pairs_step=316800, pairs_total=63359951
[2026-03-05 01:22:51,010] WARNING:fitness.free_loss_fidelity: weights_only checkpoint load failed (UnpicklingError); retrying weights_only=False for /data1/gushengda/eam-rl4co/baseline/epoch_135.ckpt
[2026-03-05 01:22:51,045] INFO:fitness.free_loss_fidelity: Loaded init checkpoint into policy: path=/data1/gushengda/eam-rl4co/baseline/epoch_135.ckpt prefix=policy. matched=97 missing=0 unexpected=0
[2026-03-05 01:22:51,050] INFO:fitness.free_loss_fidelity: RL4CO free-loss (step-mode): f1_steps=200, f2_steps=0, total_steps=200, train_problem_size=100, rollouts=100, batch_size=64, device=cuda:0, env=tsp
[2026-03-05 01:22:51,379] INFO:fitness.free_loss_fidelity: RL4CO free-loss step 1/200: score=7.803347 (avg=7.803347), loss=0.675021 (avg=0.675021), pairs_step=315697, pairs_total=315697
[2026-03-05 01:22:57,368] INFO:fitness.free_loss_fidelity: RL4CO free-loss step 20/200: score=7.779525 (avg=7.809767), loss=0.675260 (avg=0.674465), pairs_step=315877, pairs_total=6317163
[2026-03-05 01:23:03,669] INFO:fitness.free_loss_fidelity: RL4CO free-loss step 40/200: score=7.817336 (avg=7.803745), loss=0.676009 (avg=0.674247), pairs_step=315548, pairs_total=12631279
[2026-03-05 01:23:09,998] INFO:fitness.free_loss_fidelity: RL4CO free-loss step 60/200: score=7.809211 (avg=7.799819), loss=0.675086 (avg=0.674574), pairs_step=315712, pairs_total=18944959
[2026-03-05 01:23:16,294] INFO:fitness.free_loss_fidelity: RL4CO free-loss step 80/200: score=7.798178 (avg=7.798028), loss=0.676814 (avg=0.674767), pairs_step=315862, pairs_total=25260516
[2026-03-05 01:23:22,596] INFO:fitness.free_loss_fidelity: RL4CO free-loss step 100/200: score=7.761032 (avg=7.799000), loss=0.675953 (avg=0.674818), pairs_step=315731, pairs_total=31574998
[2026-03-05 01:23:28,896] INFO:fitness.free_loss_fidelity: RL4CO free-loss step 120/200: score=7.769759 (avg=7.800607), loss=0.674829 (avg=0.674827), pairs_step=315397, pairs_total=37888383
[2026-03-05 01:23:35,199] INFO:fitness.free_loss_fidelity: RL4CO free-loss step 140/200: score=7.834743 (avg=7.801637), loss=0.677412 (avg=0.674798), pairs_step=315187, pairs_total=44200095
[2026-03-05 01:23:41,498] INFO:fitness.free_loss_fidelity: RL4CO free-loss step 160/200: score=7.794173 (avg=7.800918), loss=0.672958 (avg=0.674679), pairs_step=315315, pairs_total=50512714
[2026-03-05 01:23:47,797] INFO:fitness.free_loss_fidelity: RL4CO free-loss step 180/200: score=7.786462 (avg=7.799769), loss=0.673245 (avg=0.674693), pairs_step=315219, pairs_total=56823081
[2026-03-05 01:23:54,098] INFO:fitness.free_loss_fidelity: RL4CO free-loss step 200/200: score=7.808774 (avg=7.798590), loss=0.674218 (avg=0.674727), pairs_step=315685, pairs_total=63135697
[2026-03-05 01:23:55,196] WARNING:fitness.free_loss_fidelity: weights_only checkpoint load failed (UnpicklingError); retrying weights_only=False for /data1/gushengda/eam-rl4co/baseline/epoch_409.ckpt
[2026-03-05 01:23:55,224] INFO:fitness.free_loss_fidelity: Loaded init checkpoint into policy: path=/data1/gushengda/eam-rl4co/baseline/epoch_409.ckpt prefix=policy. matched=97 missing=0 unexpected=0
[2026-03-05 01:23:55,229] INFO:fitness.free_loss_fidelity: RL4CO free-loss (step-mode): f1_steps=200, f2_steps=0, total_steps=200, train_problem_size=100, rollouts=100, batch_size=64, device=cuda:0, env=tsp
[2026-03-05 01:23:55,558] INFO:fitness.free_loss_fidelity: RL4CO free-loss step 1/200: score=7.807477 (avg=7.807477), loss=0.219726 (avg=0.219726), pairs_step=315750, pairs_total=315750
[2026-03-05 01:24:01,542] INFO:fitness.free_loss_fidelity: RL4CO free-loss step 20/200: score=7.780501 (avg=7.809128), loss=0.212401 (avg=0.214411), pairs_step=316034, pairs_total=6318469
[2026-03-05 01:24:07,842] INFO:fitness.free_loss_fidelity: RL4CO free-loss step 40/200: score=7.817061 (avg=7.803583), loss=0.213253 (avg=0.214053), pairs_step=316082, pairs_total=12637609
[2026-03-05 01:24:14,150] INFO:fitness.free_loss_fidelity: RL4CO free-loss step 60/200: score=7.812398 (avg=7.799537), loss=0.208917 (avg=0.212098), pairs_step=315640, pairs_total=18952152
[2026-03-05 01:24:20,629] INFO:fitness.free_loss_fidelity: RL4CO free-loss step 80/200: score=7.789441 (avg=7.797419), loss=0.211401 (avg=0.210625), pairs_step=315892, pairs_total=25269215
[2026-03-05 01:24:26,927] INFO:fitness.free_loss_fidelity: RL4CO free-loss step 100/200: score=7.755258 (avg=7.798025), loss=0.225115 (avg=0.212324), pairs_step=315965, pairs_total=31585693
[2026-03-05 01:24:33,220] INFO:fitness.free_loss_fidelity: RL4CO free-loss step 120/200: score=7.773614 (avg=7.799639), loss=0.205982 (avg=0.213895), pairs_step=315743, pairs_total=37902087
[2026-03-05 01:24:39,522] INFO:fitness.free_loss_fidelity: RL4CO free-loss step 140/200: score=7.824580 (avg=7.800343), loss=0.195530 (avg=0.211865), pairs_step=315574, pairs_total=44217980
[2026-03-05 01:24:45,824] INFO:fitness.free_loss_fidelity: RL4CO free-loss step 160/200: score=7.796666 (avg=7.799616), loss=0.207922 (avg=0.210336), pairs_step=316029, pairs_total=50533492
[2026-03-05 01:24:52,123] INFO:fitness.free_loss_fidelity: RL4CO free-loss step 180/200: score=7.786138 (avg=7.798501), loss=0.237588 (avg=0.212014), pairs_step=315657, pairs_total=56847815
[2026-03-05 01:24:58,420] INFO:fitness.free_loss_fidelity: RL4CO free-loss step 200/200: score=7.807671 (avg=7.797139), loss=0.223335 (avg=0.214428), pairs_step=314806, pairs_total=63160220
[2026-03-05 01:24:59,480] INFO:ptp_discovery.pref_loss_coevo: Alternating schedule enabled: loss_generations=10 builder_generations=10 final_loss_generations=10 rounds=1
[2026-03-05 01:24:59,480] INFO:ptp_discovery.pref_loss_coevo: LLM cache stats: {'offline_mode': False, 'cache_path': 'runs/pref_loss_alternating_simple/20260304-224232/llm_cache.jsonl', 'cache_entries': 0, 'cache_hits': 0, 'cache_misses': 0}
[2026-03-05 01:24:59,480] INFO:ptp_discovery.pref_loss_coevo: Initialized incumbent from baseline: score=inf pair=(g_ref,f_ref) stage=baseline gen=-1
[2026-03-05 01:24:59,480] INFO:ptp_discovery.pref_loss_coevo: Baseline incumbent uses sentinel score (no external baseline_early_valid); will calibrate with evaluated (g_ref,f_ref) when rollout caches are available.
[2026-03-05 01:24:59,481] INFO:ptp_discovery.pref_loss_coevo: Alternating LLM gating gen=0 phase=loss llm_enabled(builder=False,loss=True)
[2026-03-05 01:24:59,481] INFO:ptp_discovery.pref_loss_coevo: === alternating generation 0/29 ===
[2026-03-05 01:24:59,481] INFO:ptp_discovery.pref_loss_coevo: EVAL_STAGES enabled: stage0_gate=1 stage1_proxy=0 stage2_micro_unroll=0 stage3_high_fidelity=1
[2026-03-05 01:24:59,481] INFO:ptp_discovery.pref_loss_coevo: INCUMBENT best_score=inf best_pair=(g_ref,f_ref) best_stage=baseline metric_mode=minimize improve_eps=0.003525092588174592
[2026-03-05 01:24:59,482] INFO:ptp_discovery.pref_loss_coevo: Gen 0 start: caches(rollout=0 pref=0 pair=0) cuda(cuda:0(alloc=0.05G,resv=8.32G) cuda:1(alloc=0.00G,resv=0.00G) cuda:2(alloc=0.00G,resv=0.00G) cuda:3(alloc=0.00G,resv=0.00G))
[2026-03-05 01:24:59,482] INFO:ptp_discovery.pref_loss_coevo: Gen 0 prompt context sizes: best_builder_summary.code=0 chars best_loss_summary.code=0 chars
[2026-03-05 01:24:59,483] INFO:ptp_discovery.pref_loss_coevo: Loss exploration schedule gen=0: stagnation=0 trigger=3 explore_mode=False avoid_families=[]
[2026-03-05 01:29:08,322] WARNING:ptp_discovery.pref_loss_coevo: Population fill shortfall at gen=0: proposed_g=0/12 proposed_f=12/12 (seen_g=0 seen_f=12)
[2026-03-05 01:29:08,333] INFO:ptp_discovery.pref_loss_coevo: Gen 0 LLM ops: builders={} (repairs=0) losses={'LOSS_PARADIGM_SHIFT': 5, 'LOSS_STRUCTURE_SHIFT': 3, 'E1_GENERATE': 1, 'M3': 7, 'REPAIR': 7, 'M2': 1, 'LOSS_CONSTRAINT_INJECT': 2} (repairs=6) cache={'offline_mode': False, 'cache_path': 'runs/pref_loss_alternating_simple/20260304-224232/llm_cache.jsonl', 'cache_entries': 31, 'cache_hits': 0, 'cache_misses': 31}
[2026-03-05 01:29:08,334] INFO:ptp_discovery.pref_loss_coevo: Gen 0 proxy rollouts skipped: stage1_proxy=0 and stage2_micro_unroll=0
[2026-03-05 01:29:08,342] INFO:ptp_discovery.pref_loss_coevo: Alternating block status: round=0 cycle_pos=0/20 budgets(loss=128,builder=0)
[2026-03-05 01:29:08,343] INFO:ptp_discovery.pref_loss_coevo: Alternating fixed candidates resolved: fixed_g=g_ref fixed_f=f_ref
[2026-03-05 01:29:08,343] INFO:ptp_discovery.pref_loss_coevo: Alternating phase=loss fixed_g=g_ref budget=128
[2026-03-05 01:29:08,343] INFO:ptp_discovery.pref_loss_coevo: EVAL_STAGES enabled: stage0_gate=1 stage1_proxy=0 stage2_micro_unroll=0 stage3_high_fidelity=1
[2026-03-05 01:29:08,343] INFO:ptp_discovery.pref_loss_coevo: Alternating phase=builder fixed_f=f_ref budget=0
[2026-03-05 01:29:08,343] INFO:ptp_discovery.pref_loss_coevo: EVAL_STAGES enabled: stage0_gate=1 stage1_proxy=0 stage2_micro_unroll=0 stage3_high_fidelity=1
[2026-03-05 01:29:08,344] INFO:ptp_discovery.pref_loss_coevo: Gate-only eval (proxy disabled) gen=0: pairs=12 cheap_gate_on=True
[2026-03-05 01:29:08,352] INFO:ptp_discovery.free_loss_llm_ops: Loaded LLM cache entries: 31 (runs/pref_loss_alternating_simple/20260304-224232/llm_cache.jsonl)
[2026-03-05 01:29:38,601] INFO:ptp_discovery.pref_loss_coevo: Gate-only progress gen=0: 1/12 caches(rollout=0 pref=0 pair=1)
[2026-03-05 01:29:38,606] INFO:ptp_discovery.free_loss_llm_ops: Loaded LLM cache entries: 35 (runs/pref_loss_alternating_simple/20260304-224232/llm_cache.jsonl)
[2026-03-05 01:30:11,583] INFO:ptp_discovery.free_loss_llm_ops: Loaded LLM cache entries: 39 (runs/pref_loss_alternating_simple/20260304-224232/llm_cache.jsonl)
[2026-03-05 01:30:53,988] INFO:ptp_discovery.free_loss_llm_ops: Loaded LLM cache entries: 43 (runs/pref_loss_alternating_simple/20260304-224232/llm_cache.jsonl)
[2026-03-05 01:31:33,519] INFO:ptp_discovery.free_loss_llm_ops: Loaded LLM cache entries: 47 (runs/pref_loss_alternating_simple/20260304-224232/llm_cache.jsonl)
[2026-03-05 01:31:48,170] INFO:ptp_discovery.free_loss_llm_ops: Loaded LLM cache entries: 49 (runs/pref_loss_alternating_simple/20260304-224232/llm_cache.jsonl)
[2026-03-05 01:32:02,778] INFO:ptp_discovery.free_loss_llm_ops: Loaded LLM cache entries: 51 (runs/pref_loss_alternating_simple/20260304-224232/llm_cache.jsonl)
[2026-03-05 01:32:28,800] INFO:ptp_discovery.free_loss_llm_ops: Loaded LLM cache entries: 55 (runs/pref_loss_alternating_simple/20260304-224232/llm_cache.jsonl)
[2026-03-05 01:32:47,820] INFO:ptp_discovery.free_loss_llm_ops: Loaded LLM cache entries: 57 (runs/pref_loss_alternating_simple/20260304-224232/llm_cache.jsonl)
[2026-03-05 01:33:18,813] INFO:ptp_discovery.pref_loss_coevo: Gate-only progress gen=0: 10/12 caches(rollout=0 pref=0 pair=10)
[2026-03-05 01:33:18,833] INFO:ptp_discovery.free_loss_llm_ops: Loaded LLM cache entries: 61 (runs/pref_loss_alternating_simple/20260304-224232/llm_cache.jsonl)
[2026-03-05 01:33:49,271] INFO:ptp_discovery.pref_loss_coevo: Gate-only progress gen=0: 12/12 caches(rollout=0 pref=0 pair=12)
[2026-03-05 01:33:49,272] INFO:ptp_discovery.pref_loss_coevo: Gate-only eval done gen=0: pairs=12 elapsed_s=280.9 caches(rollout=0 pref=0 pair=12)
[2026-03-05 01:33:49,272] INFO:ptp_discovery.pref_loss_coevo: HF selection gen=0: eligible=5 selected=5 (top_m=999999 ignored)
[2026-03-05 01:33:49,273] INFO:ptp_discovery.pref_loss_coevo: HF device assignment gen=0: {'cuda:0': 2, 'cuda:1': 1, 'cuda:2': 1, 'cuda:3': 1}
[2026-03-05 01:33:49,274] INFO:ptp_discovery.pref_loss_coevo: HF eval gen=0: tasks=5 mp=True procs=4
[2026-03-05 01:33:49,274] INFO:ptp_discovery.pref_loss_coevo: High-fidelity via external subprocess scheduler: processes=4 tasks=5
[2026-03-05 01:40:42,002] INFO:ptp_discovery.pref_loss_coevo: HF vs incumbent gen=0: better=5 worse=0 unknown=0 (ok=5 failed=0) ref=inf threshold=inf
[2026-03-05 01:40:42,004] INFO:ptp_discovery.pref_loss_coevo: HF MF promote gen=0: K200 -> K1000 next_pool=5 (from=5) top_m=32 promote_if_better=True include_incumbent=True
[2026-03-05 01:40:42,005] INFO:ptp_discovery.pref_loss_coevo: HF MF round gen=0: K1000 fidelity=K1000 pool=5 tasks=5 mp=True procs=4 devices={'cuda:0': 2, 'cuda:1': 1, 'cuda:2': 1, 'cuda:3': 1}
[2026-03-05 02:13:33,004] INFO:ptp_discovery.pref_loss_coevo: COMPARE target=incumbent reference_score=inf threshold=inf metric_mode=minimize improve_eps=0.003525092588174592
[2026-03-05 02:13:33,005] INFO:ptp_discovery.pref_loss_coevo: COMPARE target=last_phase last_phase=baseline reference_score=inf threshold=inf metric_mode=minimize improve_eps=0.003525092588174592
[2026-03-05 02:13:33,005] INFO:ptp_discovery.pref_loss_coevo: NEW BEST: score=0.0026932160059611 ref=inf delta=inf pair=(g_ref,f000_006_563cb581) stage=high_fidelity gen=0 phase=loss threshold=inf compare_target=incumbent improve_eps=0.003525092588174592
[2026-03-05 02:13:33,006] INFO:ptp_discovery.pref_loss_coevo: Gen 0 summary: g_pool=0 f_pool=12 pairs=12 ok=5 stages={'gate': 7, 'high_fidelity': 5} top_reasons=[('cheap_gate_failed', 7), ('ok_stage3_offline_minitrain', 5)]
[2026-03-05 02:13:33,016] INFO:ptp_discovery.pref_loss_coevo: Builder selection frozen gen=0 phase=loss; keeping previous builder elites/archives.
[2026-03-05 02:13:33,022] INFO:ptp_discovery.pref_loss_coevo: Alternating LLM gating gen=1 phase=loss llm_enabled(builder=False,loss=True)
[2026-03-05 02:13:33,022] INFO:ptp_discovery.pref_loss_coevo: === alternating generation 1/29 ===
[2026-03-05 02:13:33,022] INFO:ptp_discovery.pref_loss_coevo: EVAL_STAGES enabled: stage0_gate=1 stage1_proxy=0 stage2_micro_unroll=0 stage3_high_fidelity=1
[2026-03-05 02:13:33,022] INFO:ptp_discovery.pref_loss_coevo: INCUMBENT best_score=0.0026932160059611 best_pair=(g_ref,f000_006_563cb581) best_stage=high_fidelity metric_mode=minimize improve_eps=0.003525092588174592
[2026-03-05 02:13:33,024] INFO:ptp_discovery.pref_loss_coevo: Gen 1 start: caches(rollout=0 pref=0 pair=17) cuda(cuda:0(alloc=0.05G,resv=8.32G) cuda:1(alloc=0.00G,resv=0.00G) cuda:2(alloc=0.00G,resv=0.00G) cuda:3(alloc=0.00G,resv=0.00G))
[2026-03-05 02:13:33,024] INFO:ptp_discovery.pref_loss_coevo: Gen 1 prompt context sizes: best_builder_summary.code=0 chars best_loss_summary.code=504 chars
[2026-03-05 02:13:33,025] INFO:ptp_discovery.pref_loss_coevo: Loss exploration schedule gen=1: stagnation=0 trigger=3 explore_mode=False avoid_families=['pairwise_margin|cost_gap|sum|clamp_stabilized', 'pairwise_margin|advantage_gap|sum|clamp_stabilized', 'pairwise_margin|advantage_gap|mean|clamp_stabilized', 'pairwise_margin|cost_gap|normalized_sum|normalization', 'pairwise|cost|mean|preference', 'pairwise_probabilistic|advantage_gap|weighted_mean|none', 'pairwise_ranking|advantage_gap|weighted_mean|softplus', 'pairwise_ranking|advantage_gap|mean|none']
[2026-03-05 02:15:21,995] WARNING:ptp_discovery.pref_loss_coevo: Population fill shortfall at gen=1: proposed_g=0/12 proposed_f=9/12 (seen_g=0 seen_f=21)
[2026-03-05 02:15:22,007] INFO:ptp_discovery.pref_loss_coevo: Gen 1 LLM ops: builders={} (repairs=0) losses={'LOSS_STRUCTURE_SHIFT': 3, 'LOSS_CONSTRAINT_INJECT': 3, 'E1': 1, 'REPAIR': 4, 'E1_GENERATE': 1, 'LOSS_PARADIGM_SHIFT': 1} (repairs=2) cache={'offline_mode': False, 'cache_path': 'runs/pref_loss_alternating_simple/20260304-224232/llm_cache.jsonl', 'cache_entries': 78, 'cache_hits': 0, 'cache_misses': 17}
[2026-03-05 02:15:22,007] INFO:ptp_discovery.pref_loss_coevo: Gen 1 proxy rollouts skipped: stage1_proxy=0 and stage2_micro_unroll=0
[2026-03-05 02:15:22,018] INFO:ptp_discovery.pref_loss_coevo: Alternating block status: round=0 cycle_pos=1/20 budgets(loss=128,builder=0)
[2026-03-05 02:15:22,019] INFO:ptp_discovery.pref_loss_coevo: Alternating fixed candidates resolved: fixed_g=g_ref fixed_f=f000_006_563cb581
[2026-03-05 02:15:22,020] INFO:ptp_discovery.pref_loss_coevo: Alternating phase=loss fixed_g=g_ref budget=128
[2026-03-05 02:15:22,020] INFO:ptp_discovery.pref_loss_coevo: EVAL_STAGES enabled: stage0_gate=1 stage1_proxy=0 stage2_micro_unroll=0 stage3_high_fidelity=1
[2026-03-05 02:15:22,020] INFO:ptp_discovery.pref_loss_coevo: Alternating phase=builder fixed_f=f000_006_563cb581 budget=0
[2026-03-05 02:15:22,020] INFO:ptp_discovery.pref_loss_coevo: EVAL_STAGES enabled: stage0_gate=1 stage1_proxy=0 stage2_micro_unroll=0 stage3_high_fidelity=1
[2026-03-05 02:15:22,020] INFO:ptp_discovery.pref_loss_coevo: Gate-only eval (proxy disabled) gen=1: pairs=17 cheap_gate_on=True
[2026-03-05 02:15:22,020] INFO:ptp_discovery.pref_loss_coevo: Gate-only progress gen=1: 1/17 caches(rollout=0 pref=0 pair=17)
[2026-03-05 02:15:22,031] INFO:ptp_discovery.free_loss_llm_ops: Loaded LLM cache entries: 78 (runs/pref_loss_alternating_simple/20260304-224232/llm_cache.jsonl)
[2026-03-05 02:15:43,382] INFO:ptp_discovery.free_loss_llm_ops: Loaded LLM cache entries: 82 (runs/pref_loss_alternating_simple/20260304-224232/llm_cache.jsonl)
[2026-03-05 02:16:08,346] INFO:ptp_discovery.free_loss_llm_ops: Loaded LLM cache entries: 85 (runs/pref_loss_alternating_simple/20260304-224232/llm_cache.jsonl)
[2026-03-05 02:16:28,185] INFO:ptp_discovery.free_loss_llm_ops: Loaded LLM cache entries: 87 (runs/pref_loss_alternating_simple/20260304-224232/llm_cache.jsonl)
[2026-03-05 02:16:59,177] INFO:ptp_discovery.free_loss_llm_ops: Loaded LLM cache entries: 91 (runs/pref_loss_alternating_simple/20260304-224232/llm_cache.jsonl)
[2026-03-05 02:17:36,535] INFO:ptp_discovery.free_loss_llm_ops: Loaded LLM cache entries: 95 (runs/pref_loss_alternating_simple/20260304-224232/llm_cache.jsonl)
[2026-03-05 02:17:36,546] INFO:ptp_discovery.free_loss_llm_ops: Loaded LLM cache entries: 95 (runs/pref_loss_alternating_simple/20260304-224232/llm_cache.jsonl)
[2026-03-05 02:17:36,557] INFO:ptp_discovery.free_loss_llm_ops: Loaded LLM cache entries: 95 (runs/pref_loss_alternating_simple/20260304-224232/llm_cache.jsonl)
[2026-03-05 02:18:02,341] INFO:ptp_discovery.pref_loss_coevo: Gate-only progress gen=1: 10/17 caches(rollout=0 pref=0 pair=23)
[2026-03-05 02:18:02,364] INFO:ptp_discovery.free_loss_llm_ops: Loaded LLM cache entries: 99 (runs/pref_loss_alternating_simple/20260304-224232/llm_cache.jsonl)
[2026-03-05 02:18:31,973] INFO:ptp_discovery.free_loss_llm_ops: Loaded LLM cache entries: 103 (runs/pref_loss_alternating_simple/20260304-224232/llm_cache.jsonl)
[2026-03-05 02:18:31,989] INFO:ptp_discovery.free_loss_llm_ops: Loaded LLM cache entries: 103 (runs/pref_loss_alternating_simple/20260304-224232/llm_cache.jsonl)
[2026-03-05 02:18:51,741] INFO:ptp_discovery.pref_loss_coevo: Gate-only progress gen=1: 17/17 caches(rollout=0 pref=0 pair=26)
[2026-03-05 02:18:51,742] INFO:ptp_discovery.pref_loss_coevo: Gate-only eval done gen=1: pairs=17 elapsed_s=209.7 caches(rollout=0 pref=0 pair=26)
[2026-03-05 02:18:51,743] INFO:ptp_discovery.pref_loss_coevo: HF selection gen=1: eligible=9 selected=9 (top_m=999999 ignored)
[2026-03-05 02:18:51,743] INFO:ptp_discovery.pref_loss_coevo: HF device assignment gen=1: {'cuda:0': 3, 'cuda:1': 2, 'cuda:2': 2, 'cuda:3': 2}
[2026-03-05 02:18:51,744] INFO:ptp_discovery.pref_loss_coevo: HF eval gen=1: tasks=9 mp=True procs=4
[2026-03-05 02:18:51,744] INFO:ptp_discovery.pref_loss_coevo: High-fidelity via external subprocess scheduler: processes=4 tasks=9
[2026-03-05 02:29:25,087] INFO:ptp_discovery.pref_loss_coevo: HF vs incumbent gen=1: better=0 worse=8 unknown=1 (ok=8 failed=1) ref=0.0026932160059611 threshold=-0.0008318765822134919
[2026-03-05 02:29:25,089] INFO:ptp_discovery.pref_loss_coevo: HF MF promote gen=1: K200 -> K1000 next_pool=8 (from=9) top_m=32 promote_if_better=True include_incumbent=True
[2026-03-05 02:29:25,090] INFO:ptp_discovery.pref_loss_coevo: HF MF round gen=1: K1000 fidelity=K1000 pool=8 tasks=3 mp=True procs=4 devices={'cuda:0': 1, 'cuda:1': 1, 'cuda:2': 1}
[2026-03-05 02:48:18,146] INFO:ptp_discovery.pref_loss_coevo: COMPARE target=incumbent reference_score=0.0026932160059611 threshold=-0.0008318765822134919 metric_mode=minimize improve_eps=0.003525092588174592
[2026-03-05 02:48:18,153] INFO:ptp_discovery.pref_loss_coevo: COMPARE target=last_phase last_phase=baseline reference_score=inf threshold=inf metric_mode=minimize improve_eps=0.003525092588174592
[2026-03-05 02:48:18,154] INFO:ptp_discovery.pref_loss_coevo: Gen 1 summary: g_pool=0 f_pool=9 pairs=17 ok=8 stages={'gate': 8, 'high_fidelity': 9} top_reasons=[('cheap_gate_failed', 8), ('ok_stage3_offline_minitrain', 8), ('stage3_runtime_error', 1)]
[2026-03-05 02:48:18,161] INFO:ptp_discovery.pref_loss_coevo: Builder selection frozen gen=1 phase=loss; keeping previous builder elites/archives.
[2026-03-05 02:48:18,168] INFO:ptp_discovery.pref_loss_coevo: Alternating LLM gating gen=2 phase=loss llm_enabled(builder=False,loss=True)
[2026-03-05 02:48:18,168] INFO:ptp_discovery.pref_loss_coevo: === alternating generation 2/29 ===
[2026-03-05 02:48:18,168] INFO:ptp_discovery.pref_loss_coevo: EVAL_STAGES enabled: stage0_gate=1 stage1_proxy=0 stage2_micro_unroll=0 stage3_high_fidelity=1
[2026-03-05 02:48:18,168] INFO:ptp_discovery.pref_loss_coevo: INCUMBENT best_score=0.0026932160059611 best_pair=(g_ref,f000_006_563cb581) best_stage=high_fidelity metric_mode=minimize improve_eps=0.003525092588174592
[2026-03-05 02:48:18,170] INFO:ptp_discovery.pref_loss_coevo: Gen 2 start: caches(rollout=0 pref=0 pair=29) cuda(cuda:0(alloc=0.05G,resv=8.32G) cuda:1(alloc=0.00G,resv=0.00G) cuda:2(alloc=0.00G,resv=0.00G) cuda:3(alloc=0.00G,resv=0.00G))
[2026-03-05 02:48:18,170] INFO:ptp_discovery.pref_loss_coevo: Gen 2 prompt context sizes: best_builder_summary.code=0 chars best_loss_summary.code=504 chars
[2026-03-05 02:48:18,170] INFO:ptp_discovery.pref_loss_coevo: Loss exploration schedule gen=2: stagnation=1 trigger=3 explore_mode=False avoid_families=['pairwise|cost|normalized_sum|clamp_stabilized', 'pairwise_margin|advantage_gap|sum|clamp_stabilized', 'pairwise_margin|cost_gap_advantage_gap|normalized_sum|normalization', 'pairwise_margin|cost_gap|weighted_mean|normalization', 'pairwise_margin|cost_gap|sum|clamp_stabilized', 'pairwise_margin|cost_gap|normalized_sum|normalization', 'pairwise_margin|advantage_gap|mean|clamp_stabilized', 'pairwise|cost|mean|preference']
[2026-03-05 02:51:14,801] WARNING:ptp_discovery.pref_loss_coevo: Population fill shortfall at gen=2: proposed_g=0/12 proposed_f=9/12 (seen_g=0 seen_f=30)
[2026-03-05 02:51:14,815] INFO:ptp_discovery.pref_loss_coevo: Gen 2 LLM ops: builders={} (repairs=0) losses={'LOSS_CONSTRAINT_INJECT': 2, 'REPAIR': 9, 'LOSS_PARADIGM_SHIFT': 2, 'E1_GENERATE': 3, 'LOSS_STRUCTURE_SHIFT': 2} (repairs=4) cache={'offline_mode': False, 'cache_path': 'runs/pref_loss_alternating_simple/20260304-224232/llm_cache.jsonl', 'cache_entries': 123, 'cache_hits': 0, 'cache_misses': 20}
[2026-03-05 02:51:14,816] INFO:ptp_discovery.pref_loss_coevo: Gen 2 proxy rollouts skipped: stage1_proxy=0 and stage2_micro_unroll=0
[2026-03-05 02:51:14,831] INFO:ptp_discovery.pref_loss_coevo: Alternating block status: round=0 cycle_pos=2/20 budgets(loss=128,builder=0)
[2026-03-05 02:51:14,832] INFO:ptp_discovery.pref_loss_coevo: Alternating fixed candidates resolved: fixed_g=g_ref fixed_f=f000_006_563cb581
[2026-03-05 02:51:14,832] INFO:ptp_discovery.pref_loss_coevo: Alternating phase=loss fixed_g=g_ref budget=128
[2026-03-05 02:51:14,832] INFO:ptp_discovery.pref_loss_coevo: EVAL_STAGES enabled: stage0_gate=1 stage1_proxy=0 stage2_micro_unroll=0 stage3_high_fidelity=1
[2026-03-05 02:51:14,832] INFO:ptp_discovery.pref_loss_coevo: Alternating phase=builder fixed_f=f000_006_563cb581 budget=0
[2026-03-05 02:51:14,832] INFO:ptp_discovery.pref_loss_coevo: EVAL_STAGES enabled: stage0_gate=1 stage1_proxy=0 stage2_micro_unroll=0 stage3_high_fidelity=1
[2026-03-05 02:51:14,833] INFO:ptp_discovery.pref_loss_coevo: Gate-only eval (proxy disabled) gen=2: pairs=20 cheap_gate_on=True
[2026-03-05 02:51:14,841] INFO:ptp_discovery.free_loss_llm_ops: Loaded LLM cache entries: 123 (runs/pref_loss_alternating_simple/20260304-224232/llm_cache.jsonl)
[2026-03-05 02:51:44,958] INFO:ptp_discovery.pref_loss_coevo: Gate-only progress gen=2: 1/20 caches(rollout=0 pref=0 pair=30)
[2026-03-05 02:51:44,967] INFO:ptp_discovery.free_loss_llm_ops: Loaded LLM cache entries: 125 (runs/pref_loss_alternating_simple/20260304-224232/llm_cache.jsonl)
[2026-03-05 02:52:42,755] INFO:ptp_discovery.free_loss_llm_ops: Loaded LLM cache entries: 129 (runs/pref_loss_alternating_simple/20260304-224232/llm_cache.jsonl)
[2026-03-05 02:52:42,771] INFO:ptp_discovery.free_loss_llm_ops: Loaded LLM cache entries: 129 (runs/pref_loss_alternating_simple/20260304-224232/llm_cache.jsonl)
[2026-03-05 02:52:42,789] INFO:ptp_discovery.free_loss_llm_ops: Loaded LLM cache entries: 129 (runs/pref_loss_alternating_simple/20260304-224232/llm_cache.jsonl)
[2026-03-05 02:53:11,899] INFO:ptp_discovery.free_loss_llm_ops: Loaded LLM cache entries: 133 (runs/pref_loss_alternating_simple/20260304-224232/llm_cache.jsonl)
[2026-03-05 02:53:11,912] INFO:ptp_discovery.free_loss_llm_ops: Loaded LLM cache entries: 133 (runs/pref_loss_alternating_simple/20260304-224232/llm_cache.jsonl)
[2026-03-05 02:53:11,925] INFO:ptp_discovery.free_loss_llm_ops: Loaded LLM cache entries: 133 (runs/pref_loss_alternating_simple/20260304-224232/llm_cache.jsonl)
[2026-03-05 02:53:30,253] INFO:ptp_discovery.pref_loss_coevo: Gate-only progress gen=2: 10/20 caches(rollout=0 pref=0 pair=33)
[2026-03-05 02:53:30,262] INFO:ptp_discovery.free_loss_llm_ops: Loaded LLM cache entries: 135 (runs/pref_loss_alternating_simple/20260304-224232/llm_cache.jsonl)
[2026-03-05 02:53:44,382] INFO:ptp_discovery.free_loss_llm_ops: Loaded LLM cache entries: 137 (runs/pref_loss_alternating_simple/20260304-224232/llm_cache.jsonl)
[2026-03-05 02:53:44,392] INFO:ptp_discovery.free_loss_llm_ops: Loaded LLM cache entries: 137 (runs/pref_loss_alternating_simple/20260304-224232/llm_cache.jsonl)
[2026-03-05 02:54:34,500] INFO:ptp_discovery.free_loss_llm_ops: Loaded LLM cache entries: 141 (runs/pref_loss_alternating_simple/20260304-224232/llm_cache.jsonl)
[2026-03-05 02:54:34,523] INFO:ptp_discovery.free_loss_llm_ops: Loaded LLM cache entries: 141 (runs/pref_loss_alternating_simple/20260304-224232/llm_cache.jsonl)
[2026-03-05 02:54:52,576] INFO:ptp_discovery.free_loss_llm_ops: Loaded LLM cache entries: 143 (runs/pref_loss_alternating_simple/20260304-224232/llm_cache.jsonl)
[2026-03-05 02:55:31,495] INFO:ptp_discovery.free_loss_llm_ops: Loaded LLM cache entries: 147 (runs/pref_loss_alternating_simple/20260304-224232/llm_cache.jsonl)
[2026-03-05 02:56:03,516] INFO:ptp_discovery.pref_loss_coevo: Gate-only progress gen=2: 20/20 caches(rollout=0 pref=0 pair=38)
[2026-03-05 02:56:03,516] INFO:ptp_discovery.pref_loss_coevo: Gate-only eval done gen=2: pairs=20 elapsed_s=288.7 caches(rollout=0 pref=0 pair=38)
[2026-03-05 02:56:03,517] INFO:ptp_discovery.pref_loss_coevo: HF selection gen=2: eligible=13 selected=13 (top_m=999999 ignored)
[2026-03-05 02:56:03,519] INFO:ptp_discovery.pref_loss_coevo: HF device assignment gen=2: {'cuda:0': 4, 'cuda:1': 3, 'cuda:2': 3, 'cuda:3': 3}
[2026-03-05 02:56:03,520] INFO:ptp_discovery.pref_loss_coevo: HF eval gen=2: tasks=13 mp=True procs=4
[2026-03-05 02:56:03,520] INFO:ptp_discovery.pref_loss_coevo: High-fidelity via external subprocess scheduler: processes=4 tasks=13
[2026-03-05 03:10:09,532] INFO:ptp_discovery.pref_loss_coevo: HF vs incumbent gen=2: better=4 worse=9 unknown=0 (ok=13 failed=0) ref=0.0026932160059611 threshold=-0.0008318765822134919
[2026-03-05 03:10:09,534] INFO:ptp_discovery.pref_loss_coevo: HF MF promote gen=2: K200 -> K1000 next_pool=13 (from=13) top_m=32 promote_if_better=True include_incumbent=True
[2026-03-05 03:10:09,536] INFO:ptp_discovery.pref_loss_coevo: HF MF round gen=2: K1000 fidelity=K1000 pool=13 tasks=5 mp=True procs=4 devices={'cuda:0': 2, 'cuda:1': 1, 'cuda:2': 1, 'cuda:3': 1}
[2026-03-05 03:42:59,548] INFO:ptp_discovery.pref_loss_coevo: COMPARE target=incumbent reference_score=0.0026932160059611 threshold=-0.0008318765822134919 metric_mode=minimize improve_eps=0.003525092588174592
[2026-03-05 03:42:59,549] INFO:ptp_discovery.pref_loss_coevo: COMPARE target=last_phase last_phase=baseline reference_score=inf threshold=inf metric_mode=minimize improve_eps=0.003525092588174592
[2026-03-05 03:42:59,549] INFO:ptp_discovery.pref_loss_coevo: NEW BEST: score=-0.007251441478729248 ref=0.0026932160059611 delta=0.009944657484690348 pair=(g_ref,f000_006_563cb581) stage=high_fidelity gen=2 phase=loss threshold=-0.0008318765822134919 compare_target=incumbent improve_eps=0.003525092588174592
[2026-03-05 03:42:59,550] INFO:ptp_discovery.pref_loss_coevo: Gen 2 summary: g_pool=0 f_pool=9 pairs=20 ok=13 stages={'high_fidelity': 13, 'gate': 7} top_reasons=[('ok_stage3_offline_minitrain', 13), ('cheap_gate_failed', 7)]
[2026-03-05 03:42:59,562] INFO:ptp_discovery.pref_loss_coevo: Builder selection frozen gen=2 phase=loss; keeping previous builder elites/archives.
[2026-03-05 03:42:59,570] INFO:ptp_discovery.pref_loss_coevo: Alternating LLM gating gen=3 phase=loss llm_enabled(builder=False,loss=True)
[2026-03-05 03:42:59,570] INFO:ptp_discovery.pref_loss_coevo: === alternating generation 3/29 ===
[2026-03-05 03:42:59,570] INFO:ptp_discovery.pref_loss_coevo: EVAL_STAGES enabled: stage0_gate=1 stage1_proxy=0 stage2_micro_unroll=0 stage3_high_fidelity=1
[2026-03-05 03:42:59,570] INFO:ptp_discovery.pref_loss_coevo: INCUMBENT best_score=-0.007251441478729248 best_pair=(g_ref,f000_006_563cb581) best_stage=high_fidelity metric_mode=minimize improve_eps=0.003525092588174592
[2026-03-05 03:42:59,571] INFO:ptp_discovery.pref_loss_coevo: Gen 3 start: caches(rollout=0 pref=0 pair=43) cuda(cuda:0(alloc=0.05G,resv=8.32G) cuda:1(alloc=0.00G,resv=0.00G) cuda:2(alloc=0.00G,resv=0.00G) cuda:3(alloc=0.00G,resv=0.00G))
[2026-03-05 03:42:59,572] INFO:ptp_discovery.pref_loss_coevo: Gen 3 prompt context sizes: best_builder_summary.code=0 chars best_loss_summary.code=504 chars
[2026-03-05 03:42:59,572] INFO:ptp_discovery.pref_loss_coevo: Loss exploration schedule gen=3: stagnation=0 trigger=3 explore_mode=False avoid_families=['pairwise_margin|advantage_gap|sum|clamp_stabilized', 'pairwise_margin|cost_gap|sum|clamp_stabilized', 'pairwise_margin|cost_gap|normalized_sum|normalization', 'pairwise_rankprod|advantage_gap|normalized_log_sum|positivity', 'pairwise_margin|advantage_gap|weighted_mean|clamp_stabilized', 'pairwise_ranking|advantage_cost_combined|weighted_mean|monotonic_ranking', 'pairwise_margin|cost_gap_advantage_gap|normalized_sum|normalization', 'pairwise_margin|cost_gap|weighted_sum|normalization']
[2026-03-05 03:44:40,452] WARNING:ptp_discovery.pref_loss_coevo: Population fill shortfall at gen=3: proposed_g=0/12 proposed_f=9/12 (seen_g=0 seen_f=39)
[2026-03-05 03:44:40,466] INFO:ptp_discovery.pref_loss_coevo: Gen 3 LLM ops: builders={} (repairs=0) losses={'E1_GENERATE': 2, 'REPAIR': 4, 'M2': 1, 'LOSS_PARADIGM_SHIFT': 3, 'LOSS_CONSTRAINT_INJECT': 2, 'LOSS_STRUCTURE_SHIFT': 1} (repairs=3) cache={'offline_mode': False, 'cache_path': 'runs/pref_loss_alternating_simple/20260304-224232/llm_cache.jsonl', 'cache_entries': 164, 'cache_hits': 0, 'cache_misses': 17}
[2026-03-05 03:44:40,466] INFO:ptp_discovery.pref_loss_coevo: Gen 3 proxy rollouts skipped: stage1_proxy=0 and stage2_micro_unroll=0
[2026-03-05 03:44:40,483] INFO:ptp_discovery.pref_loss_coevo: Alternating block status: round=0 cycle_pos=3/20 budgets(loss=128,builder=0)
[2026-03-05 03:44:40,484] INFO:ptp_discovery.pref_loss_coevo: Alternating fixed candidates resolved: fixed_g=g_ref fixed_f=f000_006_563cb581
[2026-03-05 03:44:40,484] INFO:ptp_discovery.pref_loss_coevo: Alternating phase=loss fixed_g=g_ref budget=128
[2026-03-05 03:44:40,484] INFO:ptp_discovery.pref_loss_coevo: EVAL_STAGES enabled: stage0_gate=1 stage1_proxy=0 stage2_micro_unroll=0 stage3_high_fidelity=1
[2026-03-05 03:44:40,484] INFO:ptp_discovery.pref_loss_coevo: Alternating phase=builder fixed_f=f000_006_563cb581 budget=0
[2026-03-05 03:44:40,485] INFO:ptp_discovery.pref_loss_coevo: EVAL_STAGES enabled: stage0_gate=1 stage1_proxy=0 stage2_micro_unroll=0 stage3_high_fidelity=1
[2026-03-05 03:44:40,485] INFO:ptp_discovery.pref_loss_coevo: Gate-only eval (proxy disabled) gen=3: pairs=24 cheap_gate_on=True
[2026-03-05 03:44:40,491] INFO:ptp_discovery.pref_loss_coevo: Gate-only progress gen=3: 1/24 caches(rollout=0 pref=0 pair=43)
[2026-03-05 03:44:40,498] INFO:ptp_discovery.free_loss_llm_ops: Loaded LLM cache entries: 164 (runs/pref_loss_alternating_simple/20260304-224232/llm_cache.jsonl)
[2026-03-05 03:44:55,966] INFO:ptp_discovery.free_loss_llm_ops: Loaded LLM cache entries: 166 (runs/pref_loss_alternating_simple/20260304-224232/llm_cache.jsonl)
[2026-03-05 03:45:28,701] INFO:ptp_discovery.free_loss_llm_ops: Loaded LLM cache entries: 168 (runs/pref_loss_alternating_simple/20260304-224232/llm_cache.jsonl)
[2026-03-05 03:45:28,715] INFO:ptp_discovery.free_loss_llm_ops: Loaded LLM cache entries: 168 (runs/pref_loss_alternating_simple/20260304-224232/llm_cache.jsonl)
[2026-03-05 03:45:28,728] INFO:ptp_discovery.free_loss_llm_ops: Loaded LLM cache entries: 168 (runs/pref_loss_alternating_simple/20260304-224232/llm_cache.jsonl)
[2026-03-05 03:45:28,740] INFO:ptp_discovery.free_loss_llm_ops: Loaded LLM cache entries: 168 (runs/pref_loss_alternating_simple/20260304-224232/llm_cache.jsonl)
[2026-03-05 03:45:28,752] INFO:ptp_discovery.free_loss_llm_ops: Loaded LLM cache entries: 168 (runs/pref_loss_alternating_simple/20260304-224232/llm_cache.jsonl)
[2026-03-05 03:45:28,763] INFO:ptp_discovery.free_loss_llm_ops: Loaded LLM cache entries: 168 (runs/pref_loss_alternating_simple/20260304-224232/llm_cache.jsonl)
[2026-03-05 03:46:05,143] INFO:ptp_discovery.pref_loss_coevo: Gate-only progress gen=3: 10/24 caches(rollout=0 pref=0 pair=46)
[2026-03-05 03:46:05,158] INFO:ptp_discovery.free_loss_llm_ops: Loaded LLM cache entries: 172 (runs/pref_loss_alternating_simple/20260304-224232/llm_cache.jsonl)
[2026-03-05 03:46:05,171] INFO:ptp_discovery.free_loss_llm_ops: Loaded LLM cache entries: 172 (runs/pref_loss_alternating_simple/20260304-224232/llm_cache.jsonl)
[2026-03-05 03:46:25,806] INFO:ptp_discovery.free_loss_llm_ops: Loaded LLM cache entries: 174 (runs/pref_loss_alternating_simple/20260304-224232/llm_cache.jsonl)
[2026-03-05 03:47:10,837] INFO:ptp_discovery.free_loss_llm_ops: Loaded LLM cache entries: 178 (runs/pref_loss_alternating_simple/20260304-224232/llm_cache.jsonl)
[2026-03-05 03:47:10,856] INFO:ptp_discovery.free_loss_llm_ops: Loaded LLM cache entries: 178 (runs/pref_loss_alternating_simple/20260304-224232/llm_cache.jsonl)
[2026-03-05 03:47:10,873] INFO:ptp_discovery.free_loss_llm_ops: Loaded LLM cache entries: 178 (runs/pref_loss_alternating_simple/20260304-224232/llm_cache.jsonl)
[2026-03-05 03:47:44,549] INFO:ptp_discovery.free_loss_llm_ops: Loaded LLM cache entries: 182 (runs/pref_loss_alternating_simple/20260304-224232/llm_cache.jsonl)
[2026-03-05 03:48:08,784] INFO:ptp_discovery.pref_loss_coevo: Gate-only progress gen=3: 20/24 caches(rollout=0 pref=0 pair=51)
[2026-03-05 03:48:08,792] INFO:ptp_discovery.free_loss_llm_ops: Loaded LLM cache entries: 186 (runs/pref_loss_alternating_simple/20260304-224232/llm_cache.jsonl)
[2026-03-05 03:49:03,342] INFO:ptp_discovery.free_loss_llm_ops: Loaded LLM cache entries: 190 (runs/pref_loss_alternating_simple/20260304-224232/llm_cache.jsonl)
[2026-03-05 03:49:03,363] INFO:ptp_discovery.free_loss_llm_ops: Loaded LLM cache entries: 190 (runs/pref_loss_alternating_simple/20260304-224232/llm_cache.jsonl)
[2026-03-05 03:49:03,369] INFO:ptp_discovery.pref_loss_coevo: Gate-only progress gen=3: 24/24 caches(rollout=0 pref=0 pair=52)
[2026-03-05 03:49:03,370] INFO:ptp_discovery.pref_loss_coevo: Gate-only eval done gen=3: pairs=24 elapsed_s=262.9 caches(rollout=0 pref=0 pair=52)
[2026-03-05 03:49:03,370] INFO:ptp_discovery.pref_loss_coevo: HF selection gen=3: eligible=18 selected=18 (top_m=999999 ignored)
[2026-03-05 03:49:03,372] INFO:ptp_discovery.pref_loss_coevo: HF device assignment gen=3: {'cuda:0': 5, 'cuda:1': 5, 'cuda:2': 4, 'cuda:3': 4}
[2026-03-05 03:49:03,372] INFO:ptp_discovery.pref_loss_coevo: HF eval gen=3: tasks=18 mp=True procs=4
[2026-03-05 03:49:03,373] INFO:ptp_discovery.pref_loss_coevo: High-fidelity via external subprocess scheduler: processes=4 tasks=18
[2026-03-05 04:06:46,531] INFO:ptp_discovery.pref_loss_coevo: HF vs incumbent gen=3: better=3 worse=15 unknown=0 (ok=18 failed=0) ref=-0.007251441478729248 threshold=-0.010776534066903841
[2026-03-05 04:06:46,533] INFO:ptp_discovery.pref_loss_coevo: HF MF promote gen=3: K200 -> K1000 next_pool=18 (from=18) top_m=32 promote_if_better=True include_incumbent=True
[2026-03-05 04:06:46,535] INFO:ptp_discovery.pref_loss_coevo: HF MF round gen=3: K1000 fidelity=K1000 pool=18 tasks=6 mp=True procs=4 devices={'cuda:0': 2, 'cuda:1': 2, 'cuda:2': 1, 'cuda:3': 1}
[2026-03-05 04:40:32,585] INFO:ptp_discovery.pref_loss_coevo: COMPARE target=incumbent reference_score=-0.007251441478729248 threshold=-0.010776534066903841 metric_mode=minimize improve_eps=0.003525092588174592
[2026-03-05 04:40:32,586] INFO:ptp_discovery.pref_loss_coevo: COMPARE target=last_phase last_phase=baseline reference_score=inf threshold=inf metric_mode=minimize improve_eps=0.003525092588174592
[2026-03-05 04:40:32,587] INFO:ptp_discovery.pref_loss_coevo: NEW BEST: score=-0.016148090362548828 ref=-0.007251441478729248 delta=0.00889664888381958 pair=(g_ref,f002_004_d020d7af) stage=high_fidelity gen=3 phase=loss threshold=-0.010776534066903841 compare_target=incumbent improve_eps=0.003525092588174592
[2026-03-05 04:40:32,588] INFO:ptp_discovery.pref_loss_coevo: Gen 3 summary: g_pool=0 f_pool=9 pairs=24 ok=18 stages={'high_fidelity': 18, 'gate': 6} top_reasons=[('ok_stage3_offline_minitrain', 18), ('cheap_gate_failed', 6)]
[2026-03-05 04:40:32,601] INFO:ptp_discovery.pref_loss_coevo: Builder selection frozen gen=3 phase=loss; keeping previous builder elites/archives.
[2026-03-05 04:40:32,609] INFO:ptp_discovery.pref_loss_coevo: Alternating LLM gating gen=4 phase=loss llm_enabled(builder=False,loss=True)
[2026-03-05 04:40:32,609] INFO:ptp_discovery.pref_loss_coevo: === alternating generation 4/29 ===
[2026-03-05 04:40:32,609] INFO:ptp_discovery.pref_loss_coevo: EVAL_STAGES enabled: stage0_gate=1 stage1_proxy=0 stage2_micro_unroll=0 stage3_high_fidelity=1
[2026-03-05 04:40:32,609] INFO:ptp_discovery.pref_loss_coevo: INCUMBENT best_score=-0.016148090362548828 best_pair=(g_ref,f002_004_d020d7af) best_stage=high_fidelity metric_mode=minimize improve_eps=0.003525092588174592
[2026-03-05 04:40:32,611] INFO:ptp_discovery.pref_loss_coevo: Gen 4 start: caches(rollout=0 pref=0 pair=58) cuda(cuda:0(alloc=0.05G,resv=8.32G) cuda:1(alloc=0.00G,resv=0.00G) cuda:2(alloc=0.00G,resv=0.00G) cuda:3(alloc=0.00G,resv=0.00G))
[2026-03-05 04:40:32,611] INFO:ptp_discovery.pref_loss_coevo: Gen 4 prompt context sizes: best_builder_summary.code=0 chars best_loss_summary.code=504 chars
[2026-03-05 04:40:32,611] INFO:ptp_discovery.pref_loss_coevo: Loss exploration schedule gen=4: stagnation=0 trigger=3 explore_mode=False avoid_families=['pairwise_ranking|advantage_cost_combined|weighted_mean|monotonic_ranking', 'pairwise_margin|advantage_gap|weighted_mean|clamp_stabilized', 'pairwise_margin|cost_gap|weighted_mean|normalization', 'pairwise_margin|advantage_gap|sum|clamp_stabilized', 'pairwise_margin|cost_gap|normalized_sum|normalization', 'pairwise_margin|cost_gap|sum|clamp_stabilized', 'pairwise_margin|advantage_gap|normalized_sum|normalization', 'pairwise_rankprod|advantage|normalized_log_sum|positivity']
[2026-03-05 04:43:03,127] WARNING:ptp_discovery.pref_loss_coevo: Population fill shortfall at gen=4: proposed_g=0/12 proposed_f=9/12 (seen_g=0 seen_f=48)
[2026-03-05 04:43:03,144] INFO:ptp_discovery.pref_loss_coevo: Gen 4 LLM ops: builders={} (repairs=0) losses={'M2': 1, 'REPAIR': 4, 'E1_GENERATE': 2, 'LOSS_STRUCTURE_SHIFT': 2, 'LOSS_PARADIGM_SHIFT': 3, 'LOSS_CONSTRAINT_INJECT': 1} (repairs=4) cache={'offline_mode': False, 'cache_path': 'runs/pref_loss_alternating_simple/20260304-224232/llm_cache.jsonl', 'cache_entries': 208, 'cache_hits': 2, 'cache_misses': 18}
[2026-03-05 04:43:03,145] INFO:ptp_discovery.pref_loss_coevo: Gen 4 proxy rollouts skipped: stage1_proxy=0 and stage2_micro_unroll=0
[2026-03-05 04:43:03,164] INFO:ptp_discovery.pref_loss_coevo: Alternating block status: round=0 cycle_pos=4/20 budgets(loss=128,builder=0)
[2026-03-05 04:43:03,165] INFO:ptp_discovery.pref_loss_coevo: Alternating fixed candidates resolved: fixed_g=g_ref fixed_f=f002_004_d020d7af
[2026-03-05 04:43:03,165] INFO:ptp_discovery.pref_loss_coevo: Alternating phase=loss fixed_g=g_ref budget=128
[2026-03-05 04:43:03,165] INFO:ptp_discovery.pref_loss_coevo: EVAL_STAGES enabled: stage0_gate=1 stage1_proxy=0 stage2_micro_unroll=0 stage3_high_fidelity=1
[2026-03-05 04:43:03,165] INFO:ptp_discovery.pref_loss_coevo: Alternating phase=builder fixed_f=f002_004_d020d7af budget=0
[2026-03-05 04:43:03,165] INFO:ptp_discovery.pref_loss_coevo: EVAL_STAGES enabled: stage0_gate=1 stage1_proxy=0 stage2_micro_unroll=0 stage3_high_fidelity=1
[2026-03-05 04:43:03,166] INFO:ptp_discovery.pref_loss_coevo: Gate-only eval (proxy disabled) gen=4: pairs=26 cheap_gate_on=True
[2026-03-05 04:43:03,166] INFO:ptp_discovery.pref_loss_coevo: Gate-only progress gen=4: 1/26 caches(rollout=0 pref=0 pair=58)
[2026-03-05 04:43:03,175] INFO:ptp_discovery.free_loss_llm_ops: Loaded LLM cache entries: 208 (runs/pref_loss_alternating_simple/20260304-224232/llm_cache.jsonl)
[2026-03-05 04:43:03,190] INFO:ptp_discovery.free_loss_llm_ops: Loaded LLM cache entries: 208 (runs/pref_loss_alternating_simple/20260304-224232/llm_cache.jsonl)
[2026-03-05 04:43:03,204] INFO:ptp_discovery.free_loss_llm_ops: Loaded LLM cache entries: 208 (runs/pref_loss_alternating_simple/20260304-224232/llm_cache.jsonl)
[2026-03-05 04:43:03,216] INFO:ptp_discovery.free_loss_llm_ops: Loaded LLM cache entries: 208 (runs/pref_loss_alternating_simple/20260304-224232/llm_cache.jsonl)
[2026-03-05 04:43:47,285] INFO:ptp_discovery.free_loss_llm_ops: Loaded LLM cache entries: 212 (runs/pref_loss_alternating_simple/20260304-224232/llm_cache.jsonl)
[2026-03-05 04:44:03,350] INFO:ptp_discovery.free_loss_llm_ops: Loaded LLM cache entries: 214 (runs/pref_loss_alternating_simple/20260304-224232/llm_cache.jsonl)
[2026-03-05 04:44:27,126] INFO:ptp_discovery.free_loss_llm_ops: Loaded LLM cache entries: 217 (runs/pref_loss_alternating_simple/20260304-224232/llm_cache.jsonl)
[2026-03-05 04:44:27,135] INFO:ptp_discovery.pref_loss_coevo: Gate-only progress gen=4: 10/26 caches(rollout=0 pref=0 pair=61)
[2026-03-05 04:44:27,144] INFO:ptp_discovery.free_loss_llm_ops: Loaded LLM cache entries: 217 (runs/pref_loss_alternating_simple/20260304-224232/llm_cache.jsonl)
[2026-03-05 04:45:01,145] INFO:ptp_discovery.free_loss_llm_ops: Loaded LLM cache entries: 221 (runs/pref_loss_alternating_simple/20260304-224232/llm_cache.jsonl)
[2026-03-05 04:45:31,238] INFO:ptp_discovery.free_loss_llm_ops: Loaded LLM cache entries: 225 (runs/pref_loss_alternating_simple/20260304-224232/llm_cache.jsonl)
[2026-03-05 04:45:31,253] INFO:ptp_discovery.free_loss_llm_ops: Loaded LLM cache entries: 225 (runs/pref_loss_alternating_simple/20260304-224232/llm_cache.jsonl)
[2026-03-05 04:45:31,266] INFO:ptp_discovery.free_loss_llm_ops: Loaded LLM cache entries: 225 (runs/pref_loss_alternating_simple/20260304-224232/llm_cache.jsonl)
[2026-03-05 04:45:31,279] INFO:ptp_discovery.free_loss_llm_ops: Loaded LLM cache entries: 225 (runs/pref_loss_alternating_simple/20260304-224232/llm_cache.jsonl)
[2026-03-05 04:45:31,298] INFO:ptp_discovery.free_loss_llm_ops: Loaded LLM cache entries: 225 (runs/pref_loss_alternating_simple/20260304-224232/llm_cache.jsonl)
[2026-03-05 04:45:31,311] INFO:ptp_discovery.free_loss_llm_ops: Loaded LLM cache entries: 225 (runs/pref_loss_alternating_simple/20260304-224232/llm_cache.jsonl)
[2026-03-05 04:46:11,560] INFO:ptp_discovery.free_loss_llm_ops: Loaded LLM cache entries: 229 (runs/pref_loss_alternating_simple/20260304-224232/llm_cache.jsonl)
[2026-03-05 04:46:11,566] INFO:ptp_discovery.pref_loss_coevo: Gate-only progress gen=4: 20/26 caches(rollout=0 pref=0 pair=64)
[2026-03-05 04:46:11,575] INFO:ptp_discovery.free_loss_llm_ops: Loaded LLM cache entries: 229 (runs/pref_loss_alternating_simple/20260304-224232/llm_cache.jsonl)
[2026-03-05 04:46:57,626] INFO:ptp_discovery.free_loss_llm_ops: Loaded LLM cache entries: 233 (runs/pref_loss_alternating_simple/20260304-224232/llm_cache.jsonl)
[2026-03-05 04:46:57,647] INFO:ptp_discovery.free_loss_llm_ops: Loaded LLM cache entries: 233 (runs/pref_loss_alternating_simple/20260304-224232/llm_cache.jsonl)
[2026-03-05 04:47:31,725] INFO:ptp_discovery.free_loss_llm_ops: Loaded LLM cache entries: 237 (runs/pref_loss_alternating_simple/20260304-224232/llm_cache.jsonl)
[2026-03-05 04:47:31,745] INFO:ptp_discovery.free_loss_llm_ops: Loaded LLM cache entries: 237 (runs/pref_loss_alternating_simple/20260304-224232/llm_cache.jsonl)
[2026-03-05 04:48:08,499] INFO:ptp_discovery.pref_loss_coevo: Gate-only progress gen=4: 26/26 caches(rollout=0 pref=0 pair=67)
[2026-03-05 04:48:08,500] INFO:ptp_discovery.pref_loss_coevo: Gate-only eval done gen=4: pairs=26 elapsed_s=305.3 caches(rollout=0 pref=0 pair=67)
[2026-03-05 04:48:08,501] INFO:ptp_discovery.pref_loss_coevo: HF selection gen=4: eligible=18 selected=18 (top_m=999999 ignored)
[2026-03-05 04:48:08,503] INFO:ptp_discovery.pref_loss_coevo: HF device assignment gen=4: {'cuda:0': 5, 'cuda:1': 5, 'cuda:2': 4, 'cuda:3': 4}
[2026-03-05 04:48:08,503] INFO:ptp_discovery.pref_loss_coevo: HF eval gen=4: tasks=18 mp=True procs=4
[2026-03-05 04:48:08,503] INFO:ptp_discovery.pref_loss_coevo: High-fidelity via external subprocess scheduler: processes=4 tasks=18
