[2026-02-26 10:01:16,515] INFO:ptp_discovery.pref_loss_coevo: Run directory: /data1/gushengda/eam-rl4co/runs/pref_loss_alternating_simple/20260226-100116
[2026-02-26 10:01:16,515] INFO:ptp_discovery.pref_loss_coevo: EVAL_STAGES enabled: stage0_gate=1 stage1_proxy=1 stage2_micro_unroll=0 stage3_high_fidelity=1
[2026-02-26 10:01:16,516] WARNING:ptp_discovery.pref_loss_coevo: Proxy rollouts K=100 implies all_pairs has ~4950 pairs/instance, which exceeds builder_max_pairs_per_instance=64. Fix by setting `pomo_size: null` (align to problem size) or increasing builder_max_pairs_per_instance.
[2026-02-26 10:01:16,516] INFO:ptp_discovery.pref_loss_coevo: === alternating generation 0/49 ===
[2026-02-26 10:01:16,516] INFO:ptp_discovery.pref_loss_coevo: EVAL_STAGES enabled: stage0_gate=1 stage1_proxy=1 stage2_micro_unroll=0 stage3_high_fidelity=1
[2026-02-26 10:01:16,516] INFO:ptp_discovery.pref_loss_coevo: INCUMBENT best_score=None best_pair=(None,None) best_stage=none metric_mode=minimize improve_eps=0.0
[2026-02-26 10:01:16,516] INFO:ptp_discovery.pref_loss_coevo: Gen 0 start: caches(rollout=0 pref=0 pair=0) cuda(cuda(alloc=0.00G,resv=0.00G))
[2026-02-26 10:01:16,666] INFO:ptp_discovery.pref_loss_coevo: Gen 0 proxy rollouts: device=cuda batches=10 batch_size=64 problem_size=100
[2026-02-26 10:01:24,389] INFO:ptp_discovery.pref_loss_coevo: Gen 0 proxy rollouts progress: 1/10 cache_hit=False caches(rollout=1 pref=0 pair=0) cuda(cuda(alloc=0.03G,resv=0.13G))
[2026-02-26 10:01:25,726] INFO:ptp_discovery.pref_loss_coevo: Gen 0 proxy rollouts progress: 10/10 cache_hit=False caches(rollout=10 pref=0 pair=0) cuda(cuda(alloc=0.03G,resv=0.16G))
[2026-02-26 10:01:25,727] INFO:ptp_discovery.pref_loss_coevo: Gen 0 proxy rollouts done: elapsed_s=9.1 caches(rollout=10 pref=0 pair=0) cuda(cuda(alloc=0.03G,resv=0.16G))
[2026-02-26 10:01:25,760] INFO:ptp_discovery.pref_loss_coevo: Alternating phase=loss fixed_g=g000_000_7e4db7b6 budget=64
[2026-02-26 10:01:25,760] INFO:ptp_discovery.pref_loss_coevo: EVAL_STAGES enabled: stage0_gate=1 stage1_proxy=1 stage2_micro_unroll=0 stage3_high_fidelity=1
[2026-02-26 10:01:25,761] INFO:ptp_discovery.pref_loss_coevo: Alternating phase=builder fixed_f=f000_000_aabaf9de budget=64
[2026-02-26 10:01:25,761] INFO:ptp_discovery.pref_loss_coevo: EVAL_STAGES enabled: stage0_gate=1 stage1_proxy=1 stage2_micro_unroll=0 stage3_high_fidelity=1
[2026-02-26 10:01:25,794] INFO:ptp_discovery.pref_loss_coevo: Cheap eval progress gen=0: 1/80 caches(rollout=10 pref=10 pair=1) cuda(cuda(alloc=0.03G,resv=0.16G))
[2026-02-26 10:01:26,047] INFO:ptp_discovery.pref_loss_coevo: Cheap eval progress gen=0: 10/80 caches(rollout=10 pref=10 pair=10) cuda(cuda(alloc=0.03G,resv=0.16G))
[2026-02-26 10:01:26,356] INFO:ptp_discovery.pref_loss_coevo: Cheap eval progress gen=0: 20/80 caches(rollout=10 pref=10 pair=20) cuda(cuda(alloc=0.03G,resv=0.16G))
[2026-02-26 10:01:26,674] INFO:ptp_discovery.pref_loss_coevo: Cheap eval progress gen=0: 30/80 caches(rollout=10 pref=10 pair=30) cuda(cuda(alloc=0.03G,resv=0.16G))
[2026-02-26 10:01:26,990] INFO:ptp_discovery.pref_loss_coevo: Cheap eval progress gen=0: 40/80 caches(rollout=10 pref=10 pair=40) cuda(cuda(alloc=0.03G,resv=0.16G))
[2026-02-26 10:01:27,312] INFO:ptp_discovery.pref_loss_coevo: Cheap eval progress gen=0: 50/80 caches(rollout=10 pref=10 pair=50) cuda(cuda(alloc=0.03G,resv=0.16G))
[2026-02-26 10:01:27,627] INFO:ptp_discovery.pref_loss_coevo: Cheap eval progress gen=0: 60/80 caches(rollout=10 pref=10 pair=60) cuda(cuda(alloc=0.03G,resv=0.16G))
[2026-02-26 10:01:27,981] INFO:ptp_discovery.pref_loss_coevo: Cheap eval progress gen=0: 70/80 caches(rollout=10 pref=70 pair=70) cuda(cuda(alloc=0.03G,resv=0.16G))
[2026-02-26 10:01:28,343] INFO:ptp_discovery.pref_loss_coevo: Cheap eval progress gen=0: 80/80 caches(rollout=10 pref=170 pair=80) cuda(cuda(alloc=0.03G,resv=0.16G))
[2026-02-26 10:01:28,343] INFO:ptp_discovery.pref_loss_coevo: Cheap eval done gen=0: pairs=80 elapsed_s=2.6 caches(rollout=10 pref=170 pair=80) cuda(cuda(alloc=0.03G,resv=0.16G))
[2026-02-26 10:01:28,344] INFO:ptp_discovery.pref_loss_coevo: HF selection gen=0: eligible=0 selected=0 (top_m=8)
[2026-02-26 10:01:28,344] INFO:ptp_discovery.pref_loss_coevo: COMPARE target=prev_best reference_score=None threshold=None metric_mode=minimize improve_eps=0.0
[2026-02-26 10:01:28,345] INFO:ptp_discovery.pref_loss_coevo: NEW BEST: score=2.6286365479129428 ref=None delta=None pair=(g000_000_7e4db7b6,f000_032_2538254c) stage=proxy gen=0 phase=loss threshold=None compare_target=prev_best improve_eps=0.0
[2026-02-26 10:01:28,345] INFO:ptp_discovery.pref_loss_coevo: NEW BEST: score=1.9754540651935213 ref=2.6286365479129428 delta=0.6531824827194215 pair=(g000_000_7e4db7b6,f000_042_5f432edd) stage=proxy gen=0 phase=loss threshold=2.6286365479129428 compare_target=prev_best improve_eps=0.0
[2026-02-26 10:01:28,345] INFO:ptp_discovery.pref_loss_coevo: NEW BEST: score=1.2502551168101903 ref=1.9754540651935213 delta=0.725198948383331 pair=(g000_000_7e4db7b6,f000_021_32a633d9) stage=proxy gen=0 phase=loss threshold=1.9754540651935213 compare_target=prev_best improve_eps=0.0
[2026-02-26 10:01:28,345] INFO:ptp_discovery.pref_loss_coevo: NEW BEST: score=1.1790750235217686 ref=1.2502551168101903 delta=0.07118009328842168 pair=(g000_000_7e4db7b6,f000_046_3f391bb9) stage=proxy gen=0 phase=loss threshold=1.2502551168101903 compare_target=prev_best improve_eps=0.0
[2026-02-26 10:01:28,345] INFO:ptp_discovery.pref_loss_coevo: Gen 0 summary: g_pool=17 f_pool=64 pairs=80 ok=0 stages={'cheap': 80} top_reasons=[('cheap_proxy_gate_failed', 80)]
[2026-02-26 10:01:28,346] WARNING:ptp_discovery.pref_loss_coevo: Gen 0 produced no high-fidelity evaluations (stage='high_fidelity'). Check proxy gates/thresholds: if all pairs are pair_ok=False, HF won't run.
[2026-02-26 10:01:28,375] INFO:ptp_discovery.pref_loss_coevo: === alternating generation 1/49 ===
[2026-02-26 10:01:28,375] INFO:ptp_discovery.pref_loss_coevo: EVAL_STAGES enabled: stage0_gate=1 stage1_proxy=1 stage2_micro_unroll=0 stage3_high_fidelity=1
[2026-02-26 10:01:28,375] INFO:ptp_discovery.pref_loss_coevo: INCUMBENT best_score=1.1790750235217686 best_pair=(g000_000_7e4db7b6,f000_046_3f391bb9) best_stage=proxy metric_mode=minimize improve_eps=0.0
[2026-02-26 10:01:28,375] INFO:ptp_discovery.pref_loss_coevo: Gen 1 start: caches(rollout=10 pref=170 pair=80) cuda(cuda(alloc=0.03G,resv=0.16G))
[2026-02-26 10:01:28,524] INFO:ptp_discovery.pref_loss_coevo: Gen 1 proxy rollouts: device=cuda batches=10 batch_size=64 problem_size=100
[2026-02-26 10:01:28,525] INFO:ptp_discovery.pref_loss_coevo: Gen 1 proxy rollouts progress: 1/10 cache_hit=True caches(rollout=10 pref=170 pair=80) cuda(cuda(alloc=0.03G,resv=0.16G))
[2026-02-26 10:01:28,525] INFO:ptp_discovery.pref_loss_coevo: Gen 1 proxy rollouts progress: 10/10 cache_hit=True caches(rollout=10 pref=170 pair=80) cuda(cuda(alloc=0.03G,resv=0.16G))
[2026-02-26 10:01:28,525] INFO:ptp_discovery.pref_loss_coevo: Gen 1 proxy rollouts done: elapsed_s=0.0 caches(rollout=10 pref=170 pair=80) cuda(cuda(alloc=0.03G,resv=0.16G))
[2026-02-26 10:01:28,596] INFO:ptp_discovery.pref_loss_coevo: Alternating phase=loss fixed_g=g000_000_7e4db7b6 budget=64
[2026-02-26 10:01:28,596] INFO:ptp_discovery.pref_loss_coevo: EVAL_STAGES enabled: stage0_gate=1 stage1_proxy=1 stage2_micro_unroll=0 stage3_high_fidelity=1
[2026-02-26 10:01:28,596] INFO:ptp_discovery.pref_loss_coevo: Alternating phase=builder fixed_f=f000_046_3f391bb9 budget=64
[2026-02-26 10:01:28,596] INFO:ptp_discovery.pref_loss_coevo: EVAL_STAGES enabled: stage0_gate=1 stage1_proxy=1 stage2_micro_unroll=0 stage3_high_fidelity=1
[2026-02-26 10:01:28,597] INFO:ptp_discovery.pref_loss_coevo: Gen 1 pref_cache pruned: dropped=90 kept=80 keep_g_ids=44 keep_batch_ids=10 caches(rollout=10 pref=80 pair=80) cuda(cuda(alloc=0.03G,resv=0.16G))
[2026-02-26 10:01:28,626] INFO:ptp_discovery.pref_loss_coevo: Cheap eval progress gen=1: 1/107 caches(rollout=10 pref=80 pair=81) cuda(cuda(alloc=0.03G,resv=0.16G))
[2026-02-26 10:01:28,878] INFO:ptp_discovery.pref_loss_coevo: Cheap eval progress gen=1: 10/107 caches(rollout=10 pref=80 pair=89) cuda(cuda(alloc=0.03G,resv=0.16G))
[2026-02-26 10:01:29,189] INFO:ptp_discovery.pref_loss_coevo: Cheap eval progress gen=1: 20/107 caches(rollout=10 pref=80 pair=99) cuda(cuda(alloc=0.03G,resv=0.16G))
[2026-02-26 10:01:29,484] INFO:ptp_discovery.pref_loss_coevo: Cheap eval progress gen=1: 30/107 caches(rollout=10 pref=80 pair=109) cuda(cuda(alloc=0.03G,resv=0.16G))
[2026-02-26 10:01:29,796] INFO:ptp_discovery.pref_loss_coevo: Cheap eval progress gen=1: 40/107 caches(rollout=10 pref=80 pair=119) cuda(cuda(alloc=0.03G,resv=0.16G))
[2026-02-26 10:01:30,022] INFO:ptp_discovery.pref_loss_coevo: Cheap eval progress gen=1: 50/107 caches(rollout=10 pref=80 pair=126) cuda(cuda(alloc=0.03G,resv=0.16G))
[2026-02-26 10:01:30,244] INFO:ptp_discovery.pref_loss_coevo: Cheap eval progress gen=1: 60/107 caches(rollout=10 pref=80 pair=133) cuda(cuda(alloc=0.03G,resv=0.16G))
[2026-02-26 10:01:30,542] INFO:ptp_discovery.pref_loss_coevo: Cheap eval progress gen=1: 70/107 caches(rollout=10 pref=120 pair=142) cuda(cuda(alloc=0.03G,resv=0.16G))
[2026-02-26 10:01:30,898] INFO:ptp_discovery.pref_loss_coevo: Cheap eval progress gen=1: 80/107 caches(rollout=10 pref=200 pair=152) cuda(cuda(alloc=0.03G,resv=0.16G))
[2026-02-26 10:01:31,268] INFO:ptp_discovery.pref_loss_coevo: Cheap eval progress gen=1: 90/107 caches(rollout=10 pref=290 pair=162) cuda(cuda(alloc=0.03G,resv=0.16G))
[2026-02-26 10:01:31,622] INFO:ptp_discovery.pref_loss_coevo: Cheap eval progress gen=1: 100/107 caches(rollout=10 pref=380 pair=172) cuda(cuda(alloc=0.04G,resv=0.16G))
[2026-02-26 10:01:31,874] INFO:ptp_discovery.pref_loss_coevo: Cheap eval progress gen=1: 107/107 caches(rollout=10 pref=440 pair=179) cuda(cuda(alloc=0.04G,resv=0.16G))
[2026-02-26 10:01:31,875] INFO:ptp_discovery.pref_loss_coevo: Cheap eval done gen=1: pairs=107 elapsed_s=3.3 caches(rollout=10 pref=440 pair=179) cuda(cuda(alloc=0.04G,resv=0.16G))
[2026-02-26 10:01:31,875] INFO:ptp_discovery.pref_loss_coevo: HF selection gen=1: eligible=0 selected=0 (top_m=8)
[2026-02-26 10:01:31,875] INFO:ptp_discovery.pref_loss_coevo: COMPARE target=prev_best reference_score=1.1790750235217686 threshold=1.1790750235217686 metric_mode=minimize improve_eps=0.0
[2026-02-26 10:01:31,876] INFO:ptp_discovery.pref_loss_coevo: NEW BEST: score=1.1641478812821506 ref=1.1790750235217686 delta=0.014927142239617996 pair=(g000_001_f045df48,f000_046_3f391bb9) stage=proxy gen=1 phase=builder threshold=1.1790750235217686 compare_target=prev_best improve_eps=0.0
[2026-02-26 10:01:31,876] INFO:ptp_discovery.pref_loss_coevo: NEW BEST: score=1.1540207187555505 ref=1.1641478812821506 delta=0.010127162526600175 pair=(g000_046_5d5991b9,f000_046_3f391bb9) stage=proxy gen=1 phase=builder threshold=1.1641478812821506 compare_target=prev_best improve_eps=0.0
[2026-02-26 10:01:31,876] INFO:ptp_discovery.pref_loss_coevo: NEW BEST: score=1.1477538456375762 ref=1.1540207187555505 delta=0.006266873117974248 pair=(g001_062_c97f60a0,f000_046_3f391bb9) stage=proxy gen=1 phase=builder threshold=1.1540207187555505 compare_target=prev_best improve_eps=0.0
[2026-02-26 10:01:31,876] INFO:ptp_discovery.pref_loss_coevo: NEW BEST: score=1.1150540712668886 ref=1.1477538456375762 delta=0.032699774370687607 pair=(g001_051_45afb4a8,f000_046_3f391bb9) stage=proxy gen=1 phase=builder threshold=1.1477538456375762 compare_target=prev_best improve_eps=0.0
[2026-02-26 10:01:31,876] INFO:ptp_discovery.pref_loss_coevo: Gen 1 summary: g_pool=36 f_pool=64 pairs=107 ok=0 stages={'cheap': 107} top_reasons=[('cheap_proxy_gate_failed', 107)]
[2026-02-26 10:01:31,877] WARNING:ptp_discovery.pref_loss_coevo: Gen 1 produced no high-fidelity evaluations (stage='high_fidelity'). Check proxy gates/thresholds: if all pairs are pair_ok=False, HF won't run.
[2026-02-26 10:01:31,913] INFO:ptp_discovery.pref_loss_coevo: === alternating generation 2/49 ===
[2026-02-26 10:01:31,913] INFO:ptp_discovery.pref_loss_coevo: EVAL_STAGES enabled: stage0_gate=1 stage1_proxy=1 stage2_micro_unroll=0 stage3_high_fidelity=1
[2026-02-26 10:01:31,913] INFO:ptp_discovery.pref_loss_coevo: INCUMBENT best_score=1.1150540712668886 best_pair=(g001_051_45afb4a8,f000_046_3f391bb9) best_stage=proxy metric_mode=minimize improve_eps=0.0
[2026-02-26 10:01:31,914] INFO:ptp_discovery.pref_loss_coevo: Gen 2 start: caches(rollout=10 pref=440 pair=179) cuda(cuda(alloc=0.04G,resv=0.16G))
[2026-02-26 10:01:32,060] INFO:ptp_discovery.pref_loss_coevo: Gen 2 proxy rollouts: device=cuda batches=10 batch_size=64 problem_size=100
[2026-02-26 10:01:32,060] INFO:ptp_discovery.pref_loss_coevo: Gen 2 proxy rollouts progress: 1/10 cache_hit=True caches(rollout=10 pref=440 pair=179) cuda(cuda(alloc=0.04G,resv=0.16G))
[2026-02-26 10:01:32,060] INFO:ptp_discovery.pref_loss_coevo: Gen 2 proxy rollouts progress: 10/10 cache_hit=True caches(rollout=10 pref=440 pair=179) cuda(cuda(alloc=0.04G,resv=0.16G))
[2026-02-26 10:01:32,061] INFO:ptp_discovery.pref_loss_coevo: Gen 2 proxy rollouts done: elapsed_s=0.0 caches(rollout=10 pref=440 pair=179) cuda(cuda(alloc=0.04G,resv=0.16G))
[2026-02-26 10:01:32,130] INFO:ptp_discovery.pref_loss_coevo: Alternating phase=loss fixed_g=g001_051_45afb4a8 budget=64
[2026-02-26 10:01:32,130] INFO:ptp_discovery.pref_loss_coevo: EVAL_STAGES enabled: stage0_gate=1 stage1_proxy=1 stage2_micro_unroll=0 stage3_high_fidelity=1
[2026-02-26 10:01:32,130] INFO:ptp_discovery.pref_loss_coevo: Alternating phase=builder fixed_f=f000_046_3f391bb9 budget=64
[2026-02-26 10:01:32,130] INFO:ptp_discovery.pref_loss_coevo: EVAL_STAGES enabled: stage0_gate=1 stage1_proxy=1 stage2_micro_unroll=0 stage3_high_fidelity=1
[2026-02-26 10:01:32,134] INFO:ptp_discovery.pref_loss_coevo: Gen 2 pref_cache pruned: dropped=320 kept=120 keep_g_ids=38 keep_batch_ids=10 caches(rollout=10 pref=120 pair=179) cuda(cuda(alloc=0.03G,resv=0.16G))
[2026-02-26 10:01:32,163] INFO:ptp_discovery.pref_loss_coevo: Cheap eval progress gen=2: 1/101 caches(rollout=10 pref=120 pair=180) cuda(cuda(alloc=0.03G,resv=0.16G))
[2026-02-26 10:01:32,457] INFO:ptp_discovery.pref_loss_coevo: Cheap eval progress gen=2: 10/101 caches(rollout=10 pref=120 pair=189) cuda(cuda(alloc=0.03G,resv=0.16G))
[2026-02-26 10:01:32,853] INFO:ptp_discovery.pref_loss_coevo: Cheap eval progress gen=2: 20/101 caches(rollout=10 pref=120 pair=199) cuda(cuda(alloc=0.03G,resv=0.16G))
[2026-02-26 10:01:33,251] INFO:ptp_discovery.pref_loss_coevo: Cheap eval progress gen=2: 30/101 caches(rollout=10 pref=120 pair=209) cuda(cuda(alloc=0.03G,resv=0.16G))
[2026-02-26 10:01:33,649] INFO:ptp_discovery.pref_loss_coevo: Cheap eval progress gen=2: 40/101 caches(rollout=10 pref=120 pair=219) cuda(cuda(alloc=0.03G,resv=0.16G))
[2026-02-26 10:01:33,996] INFO:ptp_discovery.pref_loss_coevo: Cheap eval progress gen=2: 50/101 caches(rollout=10 pref=120 pair=229) cuda(cuda(alloc=0.03G,resv=0.16G))
[2026-02-26 10:01:34,299] INFO:ptp_discovery.pref_loss_coevo: Cheap eval progress gen=2: 60/101 caches(rollout=10 pref=120 pair=239) cuda(cuda(alloc=0.03G,resv=0.16G))
[2026-02-26 10:01:34,544] INFO:ptp_discovery.pref_loss_coevo: Cheap eval progress gen=2: 70/101 caches(rollout=10 pref=160 pair=246) cuda(cuda(alloc=0.03G,resv=0.16G))
[2026-02-26 10:01:34,768] INFO:ptp_discovery.pref_loss_coevo: Cheap eval progress gen=2: 80/101 caches(rollout=10 pref=220 pair=252) cuda(cuda(alloc=0.03G,resv=0.16G))
[2026-02-26 10:01:35,099] INFO:ptp_discovery.pref_loss_coevo: Cheap eval progress gen=2: 90/101 caches(rollout=10 pref=310 pair=261) cuda(cuda(alloc=0.03G,resv=0.16G))
[2026-02-26 10:01:35,320] INFO:ptp_discovery.pref_loss_coevo: Cheap eval progress gen=2: 100/101 caches(rollout=10 pref=370 pair=267) cuda(cuda(alloc=0.03G,resv=0.16G))
[2026-02-26 10:01:35,357] INFO:ptp_discovery.pref_loss_coevo: Cheap eval progress gen=2: 101/101 caches(rollout=10 pref=380 pair=268) cuda(cuda(alloc=0.04G,resv=0.16G))
[2026-02-26 10:01:35,357] INFO:ptp_discovery.pref_loss_coevo: Cheap eval done gen=2: pairs=101 elapsed_s=3.2 caches(rollout=10 pref=380 pair=268) cuda(cuda(alloc=0.04G,resv=0.16G))
[2026-02-26 10:01:35,358] INFO:ptp_discovery.pref_loss_coevo: HF selection gen=2: eligible=0 selected=0 (top_m=8)
[2026-02-26 10:01:35,358] INFO:ptp_discovery.pref_loss_coevo: COMPARE target=prev_best reference_score=1.1150540712668886 threshold=1.1150540712668886 metric_mode=minimize improve_eps=0.0
[2026-02-26 10:01:35,359] INFO:ptp_discovery.pref_loss_coevo: Gen 2 summary: g_pool=26 f_pool=64 pairs=101 ok=0 stages={'cheap': 101} top_reasons=[('cheap_proxy_gate_failed', 101)]
[2026-02-26 10:01:35,359] WARNING:ptp_discovery.pref_loss_coevo: Gen 2 produced no high-fidelity evaluations (stage='high_fidelity'). Check proxy gates/thresholds: if all pairs are pair_ok=False, HF won't run.
[2026-02-26 10:01:35,394] INFO:ptp_discovery.pref_loss_coevo: === alternating generation 3/49 ===
[2026-02-26 10:01:35,394] INFO:ptp_discovery.pref_loss_coevo: EVAL_STAGES enabled: stage0_gate=1 stage1_proxy=1 stage2_micro_unroll=0 stage3_high_fidelity=1
[2026-02-26 10:01:35,394] INFO:ptp_discovery.pref_loss_coevo: INCUMBENT best_score=1.1150540712668886 best_pair=(g001_051_45afb4a8,f000_046_3f391bb9) best_stage=proxy metric_mode=minimize improve_eps=0.0
[2026-02-26 10:01:35,395] INFO:ptp_discovery.pref_loss_coevo: Gen 3 start: caches(rollout=10 pref=380 pair=268) cuda(cuda(alloc=0.04G,resv=0.16G))
[2026-02-26 10:01:35,542] INFO:ptp_discovery.pref_loss_coevo: Gen 3 proxy rollouts: device=cuda batches=10 batch_size=64 problem_size=100
[2026-02-26 10:01:35,542] INFO:ptp_discovery.pref_loss_coevo: Gen 3 proxy rollouts progress: 1/10 cache_hit=True caches(rollout=10 pref=380 pair=268) cuda(cuda(alloc=0.04G,resv=0.16G))
[2026-02-26 10:01:35,543] INFO:ptp_discovery.pref_loss_coevo: Gen 3 proxy rollouts progress: 10/10 cache_hit=True caches(rollout=10 pref=380 pair=268) cuda(cuda(alloc=0.04G,resv=0.16G))
[2026-02-26 10:01:35,543] INFO:ptp_discovery.pref_loss_coevo: Gen 3 proxy rollouts done: elapsed_s=0.0 caches(rollout=10 pref=380 pair=268) cuda(cuda(alloc=0.04G,resv=0.16G))
[2026-02-26 10:01:35,619] INFO:ptp_discovery.pref_loss_coevo: Alternating phase=loss fixed_g=g001_051_45afb4a8 budget=64
[2026-02-26 10:01:35,619] INFO:ptp_discovery.pref_loss_coevo: EVAL_STAGES enabled: stage0_gate=1 stage1_proxy=1 stage2_micro_unroll=0 stage3_high_fidelity=1
[2026-02-26 10:01:35,619] INFO:ptp_discovery.pref_loss_coevo: Alternating phase=builder fixed_f=f000_046_3f391bb9 budget=64
[2026-02-26 10:01:35,619] INFO:ptp_discovery.pref_loss_coevo: EVAL_STAGES enabled: stage0_gate=1 stage1_proxy=1 stage2_micro_unroll=0 stage3_high_fidelity=1
[2026-02-26 10:01:35,621] INFO:ptp_discovery.pref_loss_coevo: Gen 3 pref_cache pruned: dropped=220 kept=160 keep_g_ids=49 keep_batch_ids=10 caches(rollout=10 pref=160 pair=268) cuda(cuda(alloc=0.03G,resv=0.16G))
[2026-02-26 10:01:35,650] INFO:ptp_discovery.pref_loss_coevo: Cheap eval progress gen=3: 1/113 caches(rollout=10 pref=160 pair=269) cuda(cuda(alloc=0.03G,resv=0.16G))
[2026-02-26 10:01:35,903] INFO:ptp_discovery.pref_loss_coevo: Cheap eval progress gen=3: 10/113 caches(rollout=10 pref=160 pair=277) cuda(cuda(alloc=0.03G,resv=0.16G))
[2026-02-26 10:01:36,187] INFO:ptp_discovery.pref_loss_coevo: Cheap eval progress gen=3: 20/113 caches(rollout=10 pref=160 pair=286) cuda(cuda(alloc=0.03G,resv=0.16G))
[2026-02-26 10:01:36,448] INFO:ptp_discovery.pref_loss_coevo: Cheap eval progress gen=3: 30/113 caches(rollout=10 pref=160 pair=294) cuda(cuda(alloc=0.03G,resv=0.16G))
[2026-02-26 10:01:36,737] INFO:ptp_discovery.pref_loss_coevo: Cheap eval progress gen=3: 40/113 caches(rollout=10 pref=160 pair=303) cuda(cuda(alloc=0.03G,resv=0.16G))
[2026-02-26 10:01:36,991] INFO:ptp_discovery.pref_loss_coevo: Cheap eval progress gen=3: 50/113 caches(rollout=10 pref=160 pair=311) cuda(cuda(alloc=0.03G,resv=0.16G))
[2026-02-26 10:01:37,278] INFO:ptp_discovery.pref_loss_coevo: Cheap eval progress gen=3: 60/113 caches(rollout=10 pref=160 pair=320) cuda(cuda(alloc=0.03G,resv=0.16G))
[2026-02-26 10:01:37,601] INFO:ptp_discovery.pref_loss_coevo: Cheap eval progress gen=3: 70/113 caches(rollout=10 pref=220 pair=329) cuda(cuda(alloc=0.03G,resv=0.16G))
[2026-02-26 10:01:37,828] INFO:ptp_discovery.pref_loss_coevo: Cheap eval progress gen=3: 80/113 caches(rollout=10 pref=280 pair=335) cuda(cuda(alloc=0.03G,resv=0.16G))
[2026-02-26 10:01:37,937] INFO:ptp_discovery.pref_loss_coevo: Cheap eval progress gen=3: 90/113 caches(rollout=10 pref=310 pair=338) cuda(cuda(alloc=0.03G,resv=0.16G))
[2026-02-26 10:01:38,224] INFO:ptp_discovery.pref_loss_coevo: Cheap eval progress gen=3: 100/113 caches(rollout=10 pref=390 pair=346) cuda(cuda(alloc=0.03G,resv=0.16G))
[2026-02-26 10:01:38,522] INFO:ptp_discovery.pref_loss_coevo: Cheap eval progress gen=3: 110/113 caches(rollout=10 pref=470 pair=354) cuda(cuda(alloc=0.04G,resv=0.16G))
[2026-02-26 10:01:38,603] INFO:ptp_discovery.pref_loss_coevo: Cheap eval progress gen=3: 113/113 caches(rollout=10 pref=490 pair=356) cuda(cuda(alloc=0.04G,resv=0.16G))
[2026-02-26 10:01:38,603] INFO:ptp_discovery.pref_loss_coevo: Cheap eval done gen=3: pairs=113 elapsed_s=3.0 caches(rollout=10 pref=490 pair=356) cuda(cuda(alloc=0.04G,resv=0.16G))
[2026-02-26 10:01:38,604] INFO:ptp_discovery.pref_loss_coevo: HF selection gen=3: eligible=0 selected=0 (top_m=8)
[2026-02-26 10:01:38,604] INFO:ptp_discovery.pref_loss_coevo: COMPARE target=prev_best reference_score=1.1150540712668886 threshold=1.1150540712668886 metric_mode=minimize improve_eps=0.0
[2026-02-26 10:01:38,605] INFO:ptp_discovery.pref_loss_coevo: Gen 3 summary: g_pool=33 f_pool=64 pairs=113 ok=0 stages={'cheap': 113} top_reasons=[('cheap_proxy_gate_failed', 113)]
[2026-02-26 10:01:38,605] WARNING:ptp_discovery.pref_loss_coevo: Gen 3 produced no high-fidelity evaluations (stage='high_fidelity'). Check proxy gates/thresholds: if all pairs are pair_ok=False, HF won't run.
[2026-02-26 10:01:38,644] INFO:ptp_discovery.pref_loss_coevo: === alternating generation 4/49 ===
[2026-02-26 10:01:38,644] INFO:ptp_discovery.pref_loss_coevo: EVAL_STAGES enabled: stage0_gate=1 stage1_proxy=1 stage2_micro_unroll=0 stage3_high_fidelity=1
[2026-02-26 10:01:38,644] INFO:ptp_discovery.pref_loss_coevo: INCUMBENT best_score=1.1150540712668886 best_pair=(g001_051_45afb4a8,f000_046_3f391bb9) best_stage=proxy metric_mode=minimize improve_eps=0.0
[2026-02-26 10:01:38,644] INFO:ptp_discovery.pref_loss_coevo: Gen 4 start: caches(rollout=10 pref=490 pair=356) cuda(cuda(alloc=0.04G,resv=0.16G))
[2026-02-26 10:01:38,790] INFO:ptp_discovery.pref_loss_coevo: Gen 4 proxy rollouts: device=cuda batches=10 batch_size=64 problem_size=100
[2026-02-26 10:01:38,790] INFO:ptp_discovery.pref_loss_coevo: Gen 4 proxy rollouts progress: 1/10 cache_hit=True caches(rollout=10 pref=490 pair=356) cuda(cuda(alloc=0.04G,resv=0.16G))
[2026-02-26 10:01:38,791] INFO:ptp_discovery.pref_loss_coevo: Gen 4 proxy rollouts progress: 10/10 cache_hit=True caches(rollout=10 pref=490 pair=356) cuda(cuda(alloc=0.04G,resv=0.16G))
[2026-02-26 10:01:38,791] INFO:ptp_discovery.pref_loss_coevo: Gen 4 proxy rollouts done: elapsed_s=0.0 caches(rollout=10 pref=490 pair=356) cuda(cuda(alloc=0.04G,resv=0.16G))
[2026-02-26 10:01:38,869] INFO:ptp_discovery.pref_loss_coevo: Alternating phase=loss fixed_g=g001_051_45afb4a8 budget=64
[2026-02-26 10:01:38,869] INFO:ptp_discovery.pref_loss_coevo: EVAL_STAGES enabled: stage0_gate=1 stage1_proxy=1 stage2_micro_unroll=0 stage3_high_fidelity=1
[2026-02-26 10:01:38,869] INFO:ptp_discovery.pref_loss_coevo: Alternating phase=builder fixed_f=f000_046_3f391bb9 budget=64
[2026-02-26 10:01:38,869] INFO:ptp_discovery.pref_loss_coevo: EVAL_STAGES enabled: stage0_gate=1 stage1_proxy=1 stage2_micro_unroll=0 stage3_high_fidelity=1
[2026-02-26 10:01:38,872] INFO:ptp_discovery.pref_loss_coevo: Gen 4 pref_cache pruned: dropped=310 kept=180 keep_g_ids=52 keep_batch_ids=10 caches(rollout=10 pref=180 pair=356) cuda(cuda(alloc=0.03G,resv=0.16G))
[2026-02-26 10:01:38,898] INFO:ptp_discovery.pref_loss_coevo: Cheap eval progress gen=4: 1/115 caches(rollout=10 pref=180 pair=357) cuda(cuda(alloc=0.03G,resv=0.16G))
[2026-02-26 10:01:39,091] INFO:ptp_discovery.pref_loss_coevo: Cheap eval progress gen=4: 10/115 caches(rollout=10 pref=180 pair=364) cuda(cuda(alloc=0.03G,resv=0.16G))
[2026-02-26 10:01:39,342] INFO:ptp_discovery.pref_loss_coevo: Cheap eval progress gen=4: 20/115 caches(rollout=10 pref=180 pair=372) cuda(cuda(alloc=0.03G,resv=0.16G))
[2026-02-26 10:01:39,631] INFO:ptp_discovery.pref_loss_coevo: Cheap eval progress gen=4: 30/115 caches(rollout=10 pref=180 pair=381) cuda(cuda(alloc=0.03G,resv=0.16G))
[2026-02-26 10:01:39,951] INFO:ptp_discovery.pref_loss_coevo: Cheap eval progress gen=4: 40/115 caches(rollout=10 pref=180 pair=391) cuda(cuda(alloc=0.03G,resv=0.16G))
[2026-02-26 10:01:40,176] INFO:ptp_discovery.pref_loss_coevo: Cheap eval progress gen=4: 50/115 caches(rollout=10 pref=180 pair=399) cuda(cuda(alloc=0.03G,resv=0.16G))
[2026-02-26 10:01:40,369] INFO:ptp_discovery.pref_loss_coevo: Cheap eval progress gen=4: 60/115 caches(rollout=10 pref=180 pair=406) cuda(cuda(alloc=0.03G,resv=0.16G))
[2026-02-26 10:01:40,625] INFO:ptp_discovery.pref_loss_coevo: Cheap eval progress gen=4: 70/115 caches(rollout=10 pref=230 pair=414) cuda(cuda(alloc=0.03G,resv=0.16G))
[2026-02-26 10:01:40,871] INFO:ptp_discovery.pref_loss_coevo: Cheap eval progress gen=4: 80/115 caches(rollout=10 pref=300 pair=421) cuda(cuda(alloc=0.03G,resv=0.16G))
[2026-02-26 10:01:41,117] INFO:ptp_discovery.pref_loss_coevo: Cheap eval progress gen=4: 90/115 caches(rollout=10 pref=370 pair=428) cuda(cuda(alloc=0.04G,resv=0.16G))
[2026-02-26 10:01:41,328] INFO:ptp_discovery.pref_loss_coevo: Cheap eval progress gen=4: 100/115 caches(rollout=10 pref=430 pair=434) cuda(cuda(alloc=0.04G,resv=0.16G))
[2026-02-26 10:01:41,605] INFO:ptp_discovery.pref_loss_coevo: Cheap eval progress gen=4: 110/115 caches(rollout=10 pref=510 pair=442) cuda(cuda(alloc=0.04G,resv=0.16G))
[2026-02-26 10:01:41,641] INFO:ptp_discovery.pref_loss_coevo: Cheap eval progress gen=4: 115/115 caches(rollout=10 pref=520 pair=443) cuda(cuda(alloc=0.04G,resv=0.16G))
[2026-02-26 10:01:41,642] INFO:ptp_discovery.pref_loss_coevo: Cheap eval done gen=4: pairs=115 elapsed_s=2.8 caches(rollout=10 pref=520 pair=443) cuda(cuda(alloc=0.04G,resv=0.16G))
[2026-02-26 10:01:41,642] INFO:ptp_discovery.pref_loss_coevo: HF selection gen=4: eligible=0 selected=0 (top_m=8)
[2026-02-26 10:01:41,643] INFO:ptp_discovery.pref_loss_coevo: COMPARE target=prev_best reference_score=1.1150540712668886 threshold=1.1150540712668886 metric_mode=minimize improve_eps=0.0
[2026-02-26 10:01:41,643] INFO:ptp_discovery.pref_loss_coevo: Gen 4 summary: g_pool=34 f_pool=64 pairs=115 ok=0 stages={'cheap': 115} top_reasons=[('cheap_proxy_gate_failed', 115)]
[2026-02-26 10:01:41,644] WARNING:ptp_discovery.pref_loss_coevo: Gen 4 produced no high-fidelity evaluations (stage='high_fidelity'). Check proxy gates/thresholds: if all pairs are pair_ok=False, HF won't run.
[2026-02-26 10:01:41,683] INFO:ptp_discovery.pref_loss_coevo: === alternating generation 5/49 ===
[2026-02-26 10:01:41,683] INFO:ptp_discovery.pref_loss_coevo: EVAL_STAGES enabled: stage0_gate=1 stage1_proxy=1 stage2_micro_unroll=0 stage3_high_fidelity=1
[2026-02-26 10:01:41,683] INFO:ptp_discovery.pref_loss_coevo: INCUMBENT best_score=1.1150540712668886 best_pair=(g001_051_45afb4a8,f000_046_3f391bb9) best_stage=proxy metric_mode=minimize improve_eps=0.0
[2026-02-26 10:01:41,684] INFO:ptp_discovery.pref_loss_coevo: Gen 5 start: caches(rollout=10 pref=520 pair=443) cuda(cuda(alloc=0.04G,resv=0.16G))
[2026-02-26 10:01:41,829] INFO:ptp_discovery.pref_loss_coevo: Gen 5 proxy rollouts: device=cuda batches=10 batch_size=64 problem_size=100
[2026-02-26 10:01:41,829] INFO:ptp_discovery.pref_loss_coevo: Gen 5 proxy rollouts progress: 1/10 cache_hit=True caches(rollout=10 pref=520 pair=443) cuda(cuda(alloc=0.04G,resv=0.16G))
[2026-02-26 10:01:41,830] INFO:ptp_discovery.pref_loss_coevo: Gen 5 proxy rollouts progress: 10/10 cache_hit=True caches(rollout=10 pref=520 pair=443) cuda(cuda(alloc=0.04G,resv=0.16G))
[2026-02-26 10:01:41,830] INFO:ptp_discovery.pref_loss_coevo: Gen 5 proxy rollouts done: elapsed_s=0.0 caches(rollout=10 pref=520 pair=443) cuda(cuda(alloc=0.04G,resv=0.16G))
[2026-02-26 10:01:41,914] INFO:ptp_discovery.pref_loss_coevo: Alternating phase=loss fixed_g=g001_051_45afb4a8 budget=64
[2026-02-26 10:01:41,914] INFO:ptp_discovery.pref_loss_coevo: EVAL_STAGES enabled: stage0_gate=1 stage1_proxy=1 stage2_micro_unroll=0 stage3_high_fidelity=1
[2026-02-26 10:01:41,914] INFO:ptp_discovery.pref_loss_coevo: Alternating phase=builder fixed_f=f000_046_3f391bb9 budget=64
[2026-02-26 10:01:41,914] INFO:ptp_discovery.pref_loss_coevo: EVAL_STAGES enabled: stage0_gate=1 stage1_proxy=1 stage2_micro_unroll=0 stage3_high_fidelity=1
[2026-02-26 10:01:41,916] INFO:ptp_discovery.pref_loss_coevo: Gen 5 pref_cache pruned: dropped=310 kept=210 keep_g_ids=59 keep_batch_ids=10 caches(rollout=10 pref=210 pair=443) cuda(cuda(alloc=0.03G,resv=0.16G))
[2026-02-26 10:01:41,940] INFO:ptp_discovery.pref_loss_coevo: Cheap eval progress gen=5: 1/123 caches(rollout=10 pref=210 pair=444) cuda(cuda(alloc=0.03G,resv=0.16G))
[2026-02-26 10:01:42,103] INFO:ptp_discovery.pref_loss_coevo: Cheap eval progress gen=5: 10/123 caches(rollout=10 pref=210 pair=450) cuda(cuda(alloc=0.03G,resv=0.16G))
[2026-02-26 10:01:42,349] INFO:ptp_discovery.pref_loss_coevo: Cheap eval progress gen=5: 20/123 caches(rollout=10 pref=210 pair=459) cuda(cuda(alloc=0.03G,resv=0.16G))
[2026-02-26 10:01:42,572] INFO:ptp_discovery.pref_loss_coevo: Cheap eval progress gen=5: 30/123 caches(rollout=10 pref=210 pair=467) cuda(cuda(alloc=0.03G,resv=0.16G))
[2026-02-26 10:01:42,795] INFO:ptp_discovery.pref_loss_coevo: Cheap eval progress gen=5: 40/123 caches(rollout=10 pref=210 pair=475) cuda(cuda(alloc=0.03G,resv=0.16G))
[2026-02-26 10:01:43,083] INFO:ptp_discovery.pref_loss_coevo: Cheap eval progress gen=5: 50/123 caches(rollout=10 pref=210 pair=485) cuda(cuda(alloc=0.03G,resv=0.16G))
[2026-02-26 10:01:43,252] INFO:ptp_discovery.pref_loss_coevo: Cheap eval progress gen=5: 60/123 caches(rollout=10 pref=210 pair=491) cuda(cuda(alloc=0.03G,resv=0.16G))
[2026-02-26 10:01:43,440] INFO:ptp_discovery.pref_loss_coevo: Cheap eval progress gen=5: 70/123 caches(rollout=10 pref=230 pair=497) cuda(cuda(alloc=0.03G,resv=0.16G))
[2026-02-26 10:01:43,687] INFO:ptp_discovery.pref_loss_coevo: Cheap eval progress gen=5: 80/123 caches(rollout=10 pref=300 pair=504) cuda(cuda(alloc=0.03G,resv=0.16G))
[2026-02-26 10:01:43,934] INFO:ptp_discovery.pref_loss_coevo: Cheap eval progress gen=5: 90/123 caches(rollout=10 pref=370 pair=511) cuda(cuda(alloc=0.03G,resv=0.16G))
[2026-02-26 10:01:44,178] INFO:ptp_discovery.pref_loss_coevo: Cheap eval progress gen=5: 100/123 caches(rollout=10 pref=440 pair=518) cuda(cuda(alloc=0.03G,resv=0.16G))
[2026-02-26 10:01:44,446] INFO:ptp_discovery.pref_loss_coevo: Cheap eval progress gen=5: 110/123 caches(rollout=10 pref=520 pair=526) cuda(cuda(alloc=0.04G,resv=0.16G))
[2026-02-26 10:01:44,618] INFO:ptp_discovery.pref_loss_coevo: Cheap eval progress gen=5: 120/123 caches(rollout=10 pref=570 pair=531) cuda(cuda(alloc=0.04G,resv=0.16G))
[2026-02-26 10:01:44,687] INFO:ptp_discovery.pref_loss_coevo: Cheap eval progress gen=5: 123/123 caches(rollout=10 pref=590 pair=533) cuda(cuda(alloc=0.04G,resv=0.16G))
[2026-02-26 10:01:44,687] INFO:ptp_discovery.pref_loss_coevo: Cheap eval done gen=5: pairs=123 elapsed_s=2.8 caches(rollout=10 pref=590 pair=533) cuda(cuda(alloc=0.04G,resv=0.16G))
[2026-02-26 10:01:44,687] INFO:ptp_discovery.pref_loss_coevo: HF selection gen=5: eligible=0 selected=0 (top_m=8)
[2026-02-26 10:01:44,688] INFO:ptp_discovery.pref_loss_coevo: COMPARE target=prev_best reference_score=1.1150540712668886 threshold=1.1150540712668886 metric_mode=minimize improve_eps=0.0
[2026-02-26 10:01:44,688] INFO:ptp_discovery.pref_loss_coevo: Gen 5 summary: g_pool=38 f_pool=64 pairs=123 ok=0 stages={'cheap': 123} top_reasons=[('cheap_proxy_gate_failed', 123)]
[2026-02-26 10:01:44,689] WARNING:ptp_discovery.pref_loss_coevo: Gen 5 produced no high-fidelity evaluations (stage='high_fidelity'). Check proxy gates/thresholds: if all pairs are pair_ok=False, HF won't run.
[2026-02-26 10:01:44,731] INFO:ptp_discovery.pref_loss_coevo: === alternating generation 6/49 ===
[2026-02-26 10:01:44,731] INFO:ptp_discovery.pref_loss_coevo: EVAL_STAGES enabled: stage0_gate=1 stage1_proxy=1 stage2_micro_unroll=0 stage3_high_fidelity=1
[2026-02-26 10:01:44,731] INFO:ptp_discovery.pref_loss_coevo: INCUMBENT best_score=1.1150540712668886 best_pair=(g001_051_45afb4a8,f000_046_3f391bb9) best_stage=proxy metric_mode=minimize improve_eps=0.0
[2026-02-26 10:01:44,731] INFO:ptp_discovery.pref_loss_coevo: Gen 6 start: caches(rollout=10 pref=590 pair=533) cuda(cuda(alloc=0.04G,resv=0.16G))
[2026-02-26 10:01:44,876] INFO:ptp_discovery.pref_loss_coevo: Gen 6 proxy rollouts: device=cuda batches=10 batch_size=64 problem_size=100
[2026-02-26 10:01:44,877] INFO:ptp_discovery.pref_loss_coevo: Gen 6 proxy rollouts progress: 1/10 cache_hit=True caches(rollout=10 pref=590 pair=533) cuda(cuda(alloc=0.04G,resv=0.16G))
[2026-02-26 10:01:44,877] INFO:ptp_discovery.pref_loss_coevo: Gen 6 proxy rollouts progress: 10/10 cache_hit=True caches(rollout=10 pref=590 pair=533) cuda(cuda(alloc=0.04G,resv=0.16G))
[2026-02-26 10:01:44,878] INFO:ptp_discovery.pref_loss_coevo: Gen 6 proxy rollouts done: elapsed_s=0.0 caches(rollout=10 pref=590 pair=533) cuda(cuda(alloc=0.04G,resv=0.16G))
[2026-02-26 10:01:44,958] INFO:ptp_discovery.pref_loss_coevo: Alternating phase=loss fixed_g=g001_051_45afb4a8 budget=64
[2026-02-26 10:01:44,958] INFO:ptp_discovery.pref_loss_coevo: EVAL_STAGES enabled: stage0_gate=1 stage1_proxy=1 stage2_micro_unroll=0 stage3_high_fidelity=1
[2026-02-26 10:01:44,958] INFO:ptp_discovery.pref_loss_coevo: Alternating phase=builder fixed_f=f000_046_3f391bb9 budget=64
[2026-02-26 10:01:44,959] INFO:ptp_discovery.pref_loss_coevo: EVAL_STAGES enabled: stage0_gate=1 stage1_proxy=1 stage2_micro_unroll=0 stage3_high_fidelity=1
[2026-02-26 10:01:44,961] INFO:ptp_discovery.pref_loss_coevo: Gen 6 pref_cache pruned: dropped=360 kept=230 keep_g_ids=52 keep_batch_ids=10 caches(rollout=10 pref=230 pair=533) cuda(cuda(alloc=0.03G,resv=0.16G))
[2026-02-26 10:01:44,984] INFO:ptp_discovery.pref_loss_coevo: Cheap eval progress gen=6: 1/115 caches(rollout=10 pref=230 pair=534) cuda(cuda(alloc=0.03G,resv=0.16G))
[2026-02-26 10:01:45,179] INFO:ptp_discovery.pref_loss_coevo: Cheap eval progress gen=6: 10/115 caches(rollout=10 pref=230 pair=541) cuda(cuda(alloc=0.03G,resv=0.16G))
[2026-02-26 10:01:45,429] INFO:ptp_discovery.pref_loss_coevo: Cheap eval progress gen=6: 20/115 caches(rollout=10 pref=230 pair=550) cuda(cuda(alloc=0.03G,resv=0.16G))
[2026-02-26 10:01:45,684] INFO:ptp_discovery.pref_loss_coevo: Cheap eval progress gen=6: 30/115 caches(rollout=10 pref=230 pair=559) cuda(cuda(alloc=0.03G,resv=0.16G))
[2026-02-26 10:01:45,907] INFO:ptp_discovery.pref_loss_coevo: Cheap eval progress gen=6: 40/115 caches(rollout=10 pref=230 pair=567) cuda(cuda(alloc=0.03G,resv=0.16G))
[2026-02-26 10:01:46,127] INFO:ptp_discovery.pref_loss_coevo: Cheap eval progress gen=6: 50/115 caches(rollout=10 pref=230 pair=575) cuda(cuda(alloc=0.03G,resv=0.16G))
[2026-02-26 10:01:46,292] INFO:ptp_discovery.pref_loss_coevo: Cheap eval progress gen=6: 60/115 caches(rollout=10 pref=230 pair=581) cuda(cuda(alloc=0.03G,resv=0.16G))
[2026-02-26 10:01:46,474] INFO:ptp_discovery.pref_loss_coevo: Cheap eval progress gen=6: 70/115 caches(rollout=10 pref=260 pair=587) cuda(cuda(alloc=0.03G,resv=0.16G))
[2026-02-26 10:01:46,749] INFO:ptp_discovery.pref_loss_coevo: Cheap eval progress gen=6: 80/115 caches(rollout=10 pref=340 pair=595) cuda(cuda(alloc=0.03G,resv=0.16G))
[2026-02-26 10:01:46,884] INFO:ptp_discovery.pref_loss_coevo: Cheap eval progress gen=6: 90/115 caches(rollout=10 pref=380 pair=599) cuda(cuda(alloc=0.04G,resv=0.16G))
[2026-02-26 10:01:47,048] INFO:ptp_discovery.pref_loss_coevo: Cheap eval progress gen=6: 100/115 caches(rollout=10 pref=430 pair=604) cuda(cuda(alloc=0.04G,resv=0.16G))
[2026-02-26 10:01:47,251] INFO:ptp_discovery.pref_loss_coevo: Cheap eval progress gen=6: 110/115 caches(rollout=10 pref=490 pair=610) cuda(cuda(alloc=0.04G,resv=0.16G))
[2026-02-26 10:01:47,350] INFO:ptp_discovery.pref_loss_coevo: Cheap eval progress gen=6: 115/115 caches(rollout=10 pref=520 pair=613) cuda(cuda(alloc=0.04G,resv=0.16G))
[2026-02-26 10:01:47,351] INFO:ptp_discovery.pref_loss_coevo: Cheap eval done gen=6: pairs=115 elapsed_s=2.4 caches(rollout=10 pref=520 pair=613) cuda(cuda(alloc=0.04G,resv=0.16G))
[2026-02-26 10:01:47,351] INFO:ptp_discovery.pref_loss_coevo: HF selection gen=6: eligible=0 selected=0 (top_m=8)
[2026-02-26 10:01:47,352] INFO:ptp_discovery.pref_loss_coevo: COMPARE target=prev_best reference_score=1.1150540712668886 threshold=1.1150540712668886 metric_mode=minimize improve_eps=0.0
[2026-02-26 10:01:47,352] INFO:ptp_discovery.pref_loss_coevo: Gen 6 summary: g_pool=29 f_pool=64 pairs=115 ok=0 stages={'cheap': 115} top_reasons=[('cheap_proxy_gate_failed', 115)]
[2026-02-26 10:01:47,353] WARNING:ptp_discovery.pref_loss_coevo: Gen 6 produced no high-fidelity evaluations (stage='high_fidelity'). Check proxy gates/thresholds: if all pairs are pair_ok=False, HF won't run.
[2026-02-26 10:01:47,393] INFO:ptp_discovery.pref_loss_coevo: === alternating generation 7/49 ===
[2026-02-26 10:01:47,393] INFO:ptp_discovery.pref_loss_coevo: EVAL_STAGES enabled: stage0_gate=1 stage1_proxy=1 stage2_micro_unroll=0 stage3_high_fidelity=1
[2026-02-26 10:01:47,393] INFO:ptp_discovery.pref_loss_coevo: INCUMBENT best_score=1.1150540712668886 best_pair=(g001_051_45afb4a8,f000_046_3f391bb9) best_stage=proxy metric_mode=minimize improve_eps=0.0
[2026-02-26 10:01:47,393] INFO:ptp_discovery.pref_loss_coevo: Gen 7 start: caches(rollout=10 pref=520 pair=613) cuda(cuda(alloc=0.04G,resv=0.16G))
[2026-02-26 10:01:47,543] INFO:ptp_discovery.pref_loss_coevo: Gen 7 proxy rollouts: device=cuda batches=10 batch_size=64 problem_size=100
[2026-02-26 10:01:47,543] INFO:ptp_discovery.pref_loss_coevo: Gen 7 proxy rollouts progress: 1/10 cache_hit=True caches(rollout=10 pref=520 pair=613) cuda(cuda(alloc=0.04G,resv=0.16G))
[2026-02-26 10:01:47,544] INFO:ptp_discovery.pref_loss_coevo: Gen 7 proxy rollouts progress: 10/10 cache_hit=True caches(rollout=10 pref=520 pair=613) cuda(cuda(alloc=0.04G,resv=0.16G))
[2026-02-26 10:01:47,544] INFO:ptp_discovery.pref_loss_coevo: Gen 7 proxy rollouts done: elapsed_s=0.0 caches(rollout=10 pref=520 pair=613) cuda(cuda(alloc=0.04G,resv=0.16G))
[2026-02-26 10:01:47,624] INFO:ptp_discovery.pref_loss_coevo: Alternating phase=loss fixed_g=g001_051_45afb4a8 budget=64
[2026-02-26 10:01:47,624] INFO:ptp_discovery.pref_loss_coevo: EVAL_STAGES enabled: stage0_gate=1 stage1_proxy=1 stage2_micro_unroll=0 stage3_high_fidelity=1
[2026-02-26 10:01:47,624] INFO:ptp_discovery.pref_loss_coevo: Alternating phase=builder fixed_f=f000_046_3f391bb9 budget=64
[2026-02-26 10:01:47,624] INFO:ptp_discovery.pref_loss_coevo: EVAL_STAGES enabled: stage0_gate=1 stage1_proxy=1 stage2_micro_unroll=0 stage3_high_fidelity=1
[2026-02-26 10:01:47,626] INFO:ptp_discovery.pref_loss_coevo: Gen 7 pref_cache pruned: dropped=290 kept=230 keep_g_ids=51 keep_batch_ids=10 caches(rollout=10 pref=230 pair=613) cuda(cuda(alloc=0.03G,resv=0.16G))
[2026-02-26 10:01:47,650] INFO:ptp_discovery.pref_loss_coevo: Cheap eval progress gen=7: 1/115 caches(rollout=10 pref=230 pair=614) cuda(cuda(alloc=0.03G,resv=0.16G))
[2026-02-26 10:01:47,845] INFO:ptp_discovery.pref_loss_coevo: Cheap eval progress gen=7: 10/115 caches(rollout=10 pref=230 pair=621) cuda(cuda(alloc=0.03G,resv=0.16G))
[2026-02-26 10:01:48,070] INFO:ptp_discovery.pref_loss_coevo: Cheap eval progress gen=7: 20/115 caches(rollout=10 pref=230 pair=629) cuda(cuda(alloc=0.03G,resv=0.16G))
[2026-02-26 10:01:48,344] INFO:ptp_discovery.pref_loss_coevo: Cheap eval progress gen=7: 30/115 caches(rollout=10 pref=230 pair=639) cuda(cuda(alloc=0.03G,resv=0.16G))
[2026-02-26 10:01:48,536] INFO:ptp_discovery.pref_loss_coevo: Cheap eval progress gen=7: 40/115 caches(rollout=10 pref=230 pair=646) cuda(cuda(alloc=0.03G,resv=0.16G))
[2026-02-26 10:01:48,759] INFO:ptp_discovery.pref_loss_coevo: Cheap eval progress gen=7: 50/115 caches(rollout=10 pref=230 pair=654) cuda(cuda(alloc=0.03G,resv=0.16G))
[2026-02-26 10:01:48,951] INFO:ptp_discovery.pref_loss_coevo: Cheap eval progress gen=7: 60/115 caches(rollout=10 pref=230 pair=661) cuda(cuda(alloc=0.03G,resv=0.16G))
[2026-02-26 10:01:49,172] INFO:ptp_discovery.pref_loss_coevo: Cheap eval progress gen=7: 70/115 caches(rollout=10 pref=270 pair=668) cuda(cuda(alloc=0.03G,resv=0.16G))
[2026-02-26 10:01:49,414] INFO:ptp_discovery.pref_loss_coevo: Cheap eval progress gen=7: 80/115 caches(rollout=10 pref=340 pair=675) cuda(cuda(alloc=0.03G,resv=0.16G))
[2026-02-26 10:01:49,552] INFO:ptp_discovery.pref_loss_coevo: Cheap eval progress gen=7: 90/115 caches(rollout=10 pref=380 pair=679) cuda(cuda(alloc=0.03G,resv=0.16G))
[2026-02-26 10:01:49,757] INFO:ptp_discovery.pref_loss_coevo: Cheap eval progress gen=7: 100/115 caches(rollout=10 pref=440 pair=685) cuda(cuda(alloc=0.03G,resv=0.16G))
[2026-02-26 10:01:49,922] INFO:ptp_discovery.pref_loss_coevo: Cheap eval progress gen=7: 110/115 caches(rollout=10 pref=490 pair=690) cuda(cuda(alloc=0.04G,resv=0.16G))
[2026-02-26 10:01:49,989] INFO:ptp_discovery.pref_loss_coevo: Cheap eval progress gen=7: 115/115 caches(rollout=10 pref=510 pair=692) cuda(cuda(alloc=0.04G,resv=0.16G))
[2026-02-26 10:01:49,989] INFO:ptp_discovery.pref_loss_coevo: Cheap eval done gen=7: pairs=115 elapsed_s=2.4 caches(rollout=10 pref=510 pair=692) cuda(cuda(alloc=0.04G,resv=0.16G))
[2026-02-26 10:01:49,990] INFO:ptp_discovery.pref_loss_coevo: HF selection gen=7: eligible=0 selected=0 (top_m=8)
[2026-02-26 10:01:49,990] INFO:ptp_discovery.pref_loss_coevo: COMPARE target=prev_best reference_score=1.1150540712668886 threshold=1.1150540712668886 metric_mode=minimize improve_eps=0.0
[2026-02-26 10:01:49,991] INFO:ptp_discovery.pref_loss_coevo: Gen 7 summary: g_pool=28 f_pool=64 pairs=115 ok=0 stages={'cheap': 115} top_reasons=[('cheap_proxy_gate_failed', 115)]
[2026-02-26 10:01:49,991] WARNING:ptp_discovery.pref_loss_coevo: Gen 7 produced no high-fidelity evaluations (stage='high_fidelity'). Check proxy gates/thresholds: if all pairs are pair_ok=False, HF won't run.
[2026-02-26 10:01:50,032] INFO:ptp_discovery.pref_loss_coevo: === alternating generation 8/49 ===
[2026-02-26 10:01:50,033] INFO:ptp_discovery.pref_loss_coevo: EVAL_STAGES enabled: stage0_gate=1 stage1_proxy=1 stage2_micro_unroll=0 stage3_high_fidelity=1
[2026-02-26 10:01:50,033] INFO:ptp_discovery.pref_loss_coevo: INCUMBENT best_score=1.1150540712668886 best_pair=(g001_051_45afb4a8,f000_046_3f391bb9) best_stage=proxy metric_mode=minimize improve_eps=0.0
[2026-02-26 10:01:50,033] INFO:ptp_discovery.pref_loss_coevo: Gen 8 start: caches(rollout=10 pref=510 pair=692) cuda(cuda(alloc=0.04G,resv=0.16G))
[2026-02-26 10:01:50,177] INFO:ptp_discovery.pref_loss_coevo: Gen 8 proxy rollouts: device=cuda batches=10 batch_size=64 problem_size=100
[2026-02-26 10:01:50,178] INFO:ptp_discovery.pref_loss_coevo: Gen 8 proxy rollouts progress: 1/10 cache_hit=True caches(rollout=10 pref=510 pair=692) cuda(cuda(alloc=0.04G,resv=0.16G))
[2026-02-26 10:01:50,178] INFO:ptp_discovery.pref_loss_coevo: Gen 8 proxy rollouts progress: 10/10 cache_hit=True caches(rollout=10 pref=510 pair=692) cuda(cuda(alloc=0.04G,resv=0.16G))
[2026-02-26 10:01:50,179] INFO:ptp_discovery.pref_loss_coevo: Gen 8 proxy rollouts done: elapsed_s=0.0 caches(rollout=10 pref=510 pair=692) cuda(cuda(alloc=0.04G,resv=0.16G))
[2026-02-26 10:01:50,262] INFO:ptp_discovery.pref_loss_coevo: Alternating phase=loss fixed_g=g001_051_45afb4a8 budget=64
[2026-02-26 10:01:50,262] INFO:ptp_discovery.pref_loss_coevo: EVAL_STAGES enabled: stage0_gate=1 stage1_proxy=1 stage2_micro_unroll=0 stage3_high_fidelity=1
[2026-02-26 10:01:50,263] INFO:ptp_discovery.pref_loss_coevo: Alternating phase=builder fixed_f=f000_046_3f391bb9 budget=64
[2026-02-26 10:01:50,263] INFO:ptp_discovery.pref_loss_coevo: EVAL_STAGES enabled: stage0_gate=1 stage1_proxy=1 stage2_micro_unroll=0 stage3_high_fidelity=1
[2026-02-26 10:01:50,265] INFO:ptp_discovery.pref_loss_coevo: Gen 8 pref_cache pruned: dropped=260 kept=250 keep_g_ids=58 keep_batch_ids=10 caches(rollout=10 pref=250 pair=692) cuda(cuda(alloc=0.03G,resv=0.16G))
[2026-02-26 10:01:50,287] INFO:ptp_discovery.pref_loss_coevo: Cheap eval progress gen=8: 1/122 caches(rollout=10 pref=250 pair=693) cuda(cuda(alloc=0.03G,resv=0.16G))
[2026-02-26 10:01:50,511] INFO:ptp_discovery.pref_loss_coevo: Cheap eval progress gen=8: 10/122 caches(rollout=10 pref=250 pair=702) cuda(cuda(alloc=0.03G,resv=0.16G))
[2026-02-26 10:01:50,710] INFO:ptp_discovery.pref_loss_coevo: Cheap eval progress gen=8: 20/122 caches(rollout=10 pref=250 pair=710) cuda(cuda(alloc=0.03G,resv=0.16G))
[2026-02-26 10:01:50,881] INFO:ptp_discovery.pref_loss_coevo: Cheap eval progress gen=8: 30/122 caches(rollout=10 pref=250 pair=717) cuda(cuda(alloc=0.03G,resv=0.16G))
[2026-02-26 10:01:51,087] INFO:ptp_discovery.pref_loss_coevo: Cheap eval progress gen=8: 40/122 caches(rollout=10 pref=250 pair=725) cuda(cuda(alloc=0.03G,resv=0.16G))
[2026-02-26 10:01:51,278] INFO:ptp_discovery.pref_loss_coevo: Cheap eval progress gen=8: 50/122 caches(rollout=10 pref=250 pair=732) cuda(cuda(alloc=0.03G,resv=0.16G))
[2026-02-26 10:01:51,497] INFO:ptp_discovery.pref_loss_coevo: Cheap eval progress gen=8: 60/122 caches(rollout=10 pref=250 pair=740) cuda(cuda(alloc=0.03G,resv=0.16G))
[2026-02-26 10:01:51,705] INFO:ptp_discovery.pref_loss_coevo: Cheap eval progress gen=8: 70/122 caches(rollout=10 pref=280 pair=747) cuda(cuda(alloc=0.03G,resv=0.16G))
[2026-02-26 10:01:51,903] INFO:ptp_discovery.pref_loss_coevo: Cheap eval progress gen=8: 80/122 caches(rollout=10 pref=340 pair=753) cuda(cuda(alloc=0.04G,resv=0.16G))
[2026-02-26 10:01:52,069] INFO:ptp_discovery.pref_loss_coevo: Cheap eval progress gen=8: 90/122 caches(rollout=10 pref=390 pair=758) cuda(cuda(alloc=0.04G,resv=0.16G))
[2026-02-26 10:01:52,269] INFO:ptp_discovery.pref_loss_coevo: Cheap eval progress gen=8: 100/122 caches(rollout=10 pref=450 pair=764) cuda(cuda(alloc=0.04G,resv=0.16G))
[2026-02-26 10:01:52,500] INFO:ptp_discovery.pref_loss_coevo: Cheap eval progress gen=8: 110/122 caches(rollout=10 pref=520 pair=771) cuda(cuda(alloc=0.04G,resv=0.16G))
[2026-02-26 10:01:52,664] INFO:ptp_discovery.pref_loss_coevo: Cheap eval progress gen=8: 120/122 caches(rollout=10 pref=570 pair=776) cuda(cuda(alloc=0.04G,resv=0.16G))
[2026-02-26 10:01:52,697] INFO:ptp_discovery.pref_loss_coevo: Cheap eval progress gen=8: 122/122 caches(rollout=10 pref=580 pair=777) cuda(cuda(alloc=0.04G,resv=0.16G))
[2026-02-26 10:01:52,697] INFO:ptp_discovery.pref_loss_coevo: Cheap eval done gen=8: pairs=122 elapsed_s=2.4 caches(rollout=10 pref=580 pair=777) cuda(cuda(alloc=0.04G,resv=0.16G))
[2026-02-26 10:01:52,698] INFO:ptp_discovery.pref_loss_coevo: HF selection gen=8: eligible=0 selected=0 (top_m=8)
[2026-02-26 10:01:52,699] INFO:ptp_discovery.pref_loss_coevo: COMPARE target=prev_best reference_score=1.1150540712668886 threshold=1.1150540712668886 metric_mode=minimize improve_eps=0.0
[2026-02-26 10:01:52,699] INFO:ptp_discovery.pref_loss_coevo: Gen 8 summary: g_pool=33 f_pool=64 pairs=122 ok=0 stages={'cheap': 122} top_reasons=[('cheap_proxy_gate_failed', 122)]
[2026-02-26 10:01:52,699] WARNING:ptp_discovery.pref_loss_coevo: Gen 8 produced no high-fidelity evaluations (stage='high_fidelity'). Check proxy gates/thresholds: if all pairs are pair_ok=False, HF won't run.
[2026-02-26 10:01:52,743] INFO:ptp_discovery.pref_loss_coevo: === alternating generation 9/49 ===
[2026-02-26 10:01:52,743] INFO:ptp_discovery.pref_loss_coevo: EVAL_STAGES enabled: stage0_gate=1 stage1_proxy=1 stage2_micro_unroll=0 stage3_high_fidelity=1
[2026-02-26 10:01:52,743] INFO:ptp_discovery.pref_loss_coevo: INCUMBENT best_score=1.1150540712668886 best_pair=(g001_051_45afb4a8,f000_046_3f391bb9) best_stage=proxy metric_mode=minimize improve_eps=0.0
[2026-02-26 10:01:52,743] INFO:ptp_discovery.pref_loss_coevo: Gen 9 start: caches(rollout=10 pref=580 pair=777) cuda(cuda(alloc=0.04G,resv=0.16G))
[2026-02-26 10:01:52,884] INFO:ptp_discovery.pref_loss_coevo: Gen 9 proxy rollouts: device=cuda batches=10 batch_size=64 problem_size=100
[2026-02-26 10:01:52,885] INFO:ptp_discovery.pref_loss_coevo: Gen 9 proxy rollouts progress: 1/10 cache_hit=True caches(rollout=10 pref=580 pair=777) cuda(cuda(alloc=0.04G,resv=0.16G))
[2026-02-26 10:01:52,885] INFO:ptp_discovery.pref_loss_coevo: Gen 9 proxy rollouts progress: 10/10 cache_hit=True caches(rollout=10 pref=580 pair=777) cuda(cuda(alloc=0.04G,resv=0.16G))
[2026-02-26 10:01:52,885] INFO:ptp_discovery.pref_loss_coevo: Gen 9 proxy rollouts done: elapsed_s=0.0 caches(rollout=10 pref=580 pair=777) cuda(cuda(alloc=0.04G,resv=0.16G))
[2026-02-26 10:01:52,966] INFO:ptp_discovery.pref_loss_coevo: Alternating phase=loss fixed_g=g001_051_45afb4a8 budget=64
[2026-02-26 10:01:52,966] INFO:ptp_discovery.pref_loss_coevo: EVAL_STAGES enabled: stage0_gate=1 stage1_proxy=1 stage2_micro_unroll=0 stage3_high_fidelity=1
[2026-02-26 10:01:52,966] INFO:ptp_discovery.pref_loss_coevo: Alternating phase=builder fixed_f=f000_046_3f391bb9 budget=64
[2026-02-26 10:01:52,966] INFO:ptp_discovery.pref_loss_coevo: EVAL_STAGES enabled: stage0_gate=1 stage1_proxy=1 stage2_micro_unroll=0 stage3_high_fidelity=1
[2026-02-26 10:01:52,969] INFO:ptp_discovery.pref_loss_coevo: Gen 9 pref_cache pruned: dropped=330 kept=250 keep_g_ids=49 keep_batch_ids=10 caches(rollout=10 pref=250 pair=777) cuda(cuda(alloc=0.03G,resv=0.16G))
[2026-02-26 10:01:52,992] INFO:ptp_discovery.pref_loss_coevo: Cheap eval progress gen=9: 1/112 caches(rollout=10 pref=250 pair=778) cuda(cuda(alloc=0.03G,resv=0.16G))
[2026-02-26 10:01:53,160] INFO:ptp_discovery.pref_loss_coevo: Cheap eval progress gen=9: 10/112 caches(rollout=10 pref=250 pair=784) cuda(cuda(alloc=0.03G,resv=0.16G))
[2026-02-26 10:01:53,330] INFO:ptp_discovery.pref_loss_coevo: Cheap eval progress gen=9: 20/112 caches(rollout=10 pref=250 pair=790) cuda(cuda(alloc=0.03G,resv=0.16G))
[2026-02-26 10:01:53,529] INFO:ptp_discovery.pref_loss_coevo: Cheap eval progress gen=9: 30/112 caches(rollout=10 pref=250 pair=797) cuda(cuda(alloc=0.03G,resv=0.16G))
[2026-02-26 10:01:53,760] INFO:ptp_discovery.pref_loss_coevo: Cheap eval progress gen=9: 40/112 caches(rollout=10 pref=250 pair=805) cuda(cuda(alloc=0.03G,resv=0.16G))
[2026-02-26 10:01:54,037] INFO:ptp_discovery.pref_loss_coevo: Cheap eval progress gen=9: 50/112 caches(rollout=10 pref=250 pair=815) cuda(cuda(alloc=0.03G,resv=0.16G))
[2026-02-26 10:01:54,316] INFO:ptp_discovery.pref_loss_coevo: Cheap eval progress gen=9: 60/112 caches(rollout=10 pref=250 pair=825) cuda(cuda(alloc=0.03G,resv=0.16G))
[2026-02-26 10:01:54,436] INFO:ptp_discovery.pref_loss_coevo: Cheap eval progress gen=9: 70/112 caches(rollout=10 pref=260 pair=829) cuda(cuda(alloc=0.03G,resv=0.16G))
[2026-02-26 10:01:54,685] INFO:ptp_discovery.pref_loss_coevo: Cheap eval progress gen=9: 80/112 caches(rollout=10 pref=330 pair=836) cuda(cuda(alloc=0.03G,resv=0.16G))
[2026-02-26 10:01:54,864] INFO:ptp_discovery.pref_loss_coevo: Cheap eval progress gen=9: 90/112 caches(rollout=10 pref=380 pair=841) cuda(cuda(alloc=0.03G,resv=0.16G))
[2026-02-26 10:01:55,074] INFO:ptp_discovery.pref_loss_coevo: Cheap eval progress gen=9: 100/112 caches(rollout=10 pref=440 pair=847) cuda(cuda(alloc=0.03G,resv=0.16G))
[2026-02-26 10:01:55,248] INFO:ptp_discovery.pref_loss_coevo: Cheap eval progress gen=9: 110/112 caches(rollout=10 pref=490 pair=852) cuda(cuda(alloc=0.03G,resv=0.16G))
[2026-02-26 10:01:55,248] INFO:ptp_discovery.pref_loss_coevo: Cheap eval progress gen=9: 112/112 caches(rollout=10 pref=490 pair=852) cuda(cuda(alloc=0.03G,resv=0.16G))
[2026-02-26 10:01:55,249] INFO:ptp_discovery.pref_loss_coevo: Cheap eval done gen=9: pairs=112 elapsed_s=2.3 caches(rollout=10 pref=490 pair=852) cuda(cuda(alloc=0.03G,resv=0.16G))
[2026-02-26 10:01:55,249] INFO:ptp_discovery.pref_loss_coevo: HF selection gen=9: eligible=0 selected=0 (top_m=8)
[2026-02-26 10:01:55,249] INFO:ptp_discovery.pref_loss_coevo: COMPARE target=prev_best reference_score=1.1150540712668886 threshold=1.1150540712668886 metric_mode=minimize improve_eps=0.0
[2026-02-26 10:01:55,250] INFO:ptp_discovery.pref_loss_coevo: Gen 9 summary: g_pool=24 f_pool=64 pairs=112 ok=0 stages={'cheap': 112} top_reasons=[('cheap_proxy_gate_failed', 112)]
[2026-02-26 10:01:55,250] WARNING:ptp_discovery.pref_loss_coevo: Gen 9 produced no high-fidelity evaluations (stage='high_fidelity'). Check proxy gates/thresholds: if all pairs are pair_ok=False, HF won't run.
[2026-02-26 10:01:55,291] INFO:ptp_discovery.pref_loss_coevo: === alternating generation 10/49 ===
[2026-02-26 10:01:55,292] INFO:ptp_discovery.pref_loss_coevo: EVAL_STAGES enabled: stage0_gate=1 stage1_proxy=1 stage2_micro_unroll=0 stage3_high_fidelity=1
[2026-02-26 10:01:55,292] INFO:ptp_discovery.pref_loss_coevo: INCUMBENT best_score=1.1150540712668886 best_pair=(g001_051_45afb4a8,f000_046_3f391bb9) best_stage=proxy metric_mode=minimize improve_eps=0.0
[2026-02-26 10:01:55,292] INFO:ptp_discovery.pref_loss_coevo: Gen 10 start: caches(rollout=10 pref=490 pair=852) cuda(cuda(alloc=0.03G,resv=0.16G))
[2026-02-26 10:01:55,438] INFO:ptp_discovery.pref_loss_coevo: Gen 10 proxy rollouts: device=cuda batches=10 batch_size=64 problem_size=100
[2026-02-26 10:01:55,439] INFO:ptp_discovery.pref_loss_coevo: Gen 10 proxy rollouts progress: 1/10 cache_hit=True caches(rollout=10 pref=490 pair=852) cuda(cuda(alloc=0.03G,resv=0.16G))
[2026-02-26 10:01:55,439] INFO:ptp_discovery.pref_loss_coevo: Gen 10 proxy rollouts progress: 10/10 cache_hit=True caches(rollout=10 pref=490 pair=852) cuda(cuda(alloc=0.03G,resv=0.16G))
[2026-02-26 10:01:55,439] INFO:ptp_discovery.pref_loss_coevo: Gen 10 proxy rollouts done: elapsed_s=0.0 caches(rollout=10 pref=490 pair=852) cuda(cuda(alloc=0.03G,resv=0.16G))
[2026-02-26 10:01:55,519] INFO:ptp_discovery.pref_loss_coevo: Alternating phase=loss fixed_g=g001_051_45afb4a8 budget=64
[2026-02-26 10:01:55,519] INFO:ptp_discovery.pref_loss_coevo: EVAL_STAGES enabled: stage0_gate=1 stage1_proxy=1 stage2_micro_unroll=0 stage3_high_fidelity=1
[2026-02-26 10:01:55,519] INFO:ptp_discovery.pref_loss_coevo: Alternating phase=builder fixed_f=f000_046_3f391bb9 budget=64
[2026-02-26 10:01:55,519] INFO:ptp_discovery.pref_loss_coevo: EVAL_STAGES enabled: stage0_gate=1 stage1_proxy=1 stage2_micro_unroll=0 stage3_high_fidelity=1
[2026-02-26 10:01:55,521] INFO:ptp_discovery.pref_loss_coevo: Gen 10 pref_cache pruned: dropped=240 kept=250 keep_g_ids=51 keep_batch_ids=10 caches(rollout=10 pref=250 pair=852) cuda(cuda(alloc=0.03G,resv=0.16G))
[2026-02-26 10:01:55,546] INFO:ptp_discovery.pref_loss_coevo: Cheap eval progress gen=10: 1/114 caches(rollout=10 pref=250 pair=853) cuda(cuda(alloc=0.03G,resv=0.16G))
[2026-02-26 10:01:55,713] INFO:ptp_discovery.pref_loss_coevo: Cheap eval progress gen=10: 10/114 caches(rollout=10 pref=250 pair=859) cuda(cuda(alloc=0.03G,resv=0.16G))
[2026-02-26 10:01:55,913] INFO:ptp_discovery.pref_loss_coevo: Cheap eval progress gen=10: 20/114 caches(rollout=10 pref=250 pair=866) cuda(cuda(alloc=0.03G,resv=0.16G))
[2026-02-26 10:01:56,076] INFO:ptp_discovery.pref_loss_coevo: Cheap eval progress gen=10: 30/114 caches(rollout=10 pref=250 pair=872) cuda(cuda(alloc=0.03G,resv=0.16G))
[2026-02-26 10:01:56,294] INFO:ptp_discovery.pref_loss_coevo: Cheap eval progress gen=10: 40/114 caches(rollout=10 pref=250 pair=880) cuda(cuda(alloc=0.03G,resv=0.16G))
[2026-02-26 10:01:56,486] INFO:ptp_discovery.pref_loss_coevo: Cheap eval progress gen=10: 50/114 caches(rollout=10 pref=250 pair=887) cuda(cuda(alloc=0.03G,resv=0.16G))
[2026-02-26 10:01:56,720] INFO:ptp_discovery.pref_loss_coevo: Cheap eval progress gen=10: 60/114 caches(rollout=10 pref=250 pair=895) cuda(cuda(alloc=0.03G,resv=0.16G))
[2026-02-26 10:01:57,001] INFO:ptp_discovery.pref_loss_coevo: Cheap eval progress gen=10: 70/114 caches(rollout=10 pref=300 pair=904) cuda(cuda(alloc=0.03G,resv=0.16G))
[2026-02-26 10:01:57,171] INFO:ptp_discovery.pref_loss_coevo: Cheap eval progress gen=10: 80/114 caches(rollout=10 pref=350 pair=909) cuda(cuda(alloc=0.03G,resv=0.16G))
[2026-02-26 10:01:57,240] INFO:ptp_discovery.pref_loss_coevo: Cheap eval progress gen=10: 90/114 caches(rollout=10 pref=370 pair=911) cuda(cuda(alloc=0.03G,resv=0.16G))
[2026-02-26 10:01:57,375] INFO:ptp_discovery.pref_loss_coevo: Cheap eval progress gen=10: 100/114 caches(rollout=10 pref=410 pair=915) cuda(cuda(alloc=0.03G,resv=0.16G))
[2026-02-26 10:01:57,607] INFO:ptp_discovery.pref_loss_coevo: Cheap eval progress gen=10: 110/114 caches(rollout=10 pref=480 pair=922) cuda(cuda(alloc=0.03G,resv=0.16G))
[2026-02-26 10:01:57,708] INFO:ptp_discovery.pref_loss_coevo: Cheap eval progress gen=10: 114/114 caches(rollout=10 pref=510 pair=925) cuda(cuda(alloc=0.03G,resv=0.16G))
[2026-02-26 10:01:57,709] INFO:ptp_discovery.pref_loss_coevo: Cheap eval done gen=10: pairs=114 elapsed_s=2.2 caches(rollout=10 pref=510 pair=925) cuda(cuda(alloc=0.03G,resv=0.16G))
[2026-02-26 10:01:57,709] INFO:ptp_discovery.pref_loss_coevo: HF selection gen=10: eligible=0 selected=0 (top_m=8)
[2026-02-26 10:01:57,710] INFO:ptp_discovery.pref_loss_coevo: COMPARE target=prev_best reference_score=1.1150540712668886 threshold=1.1150540712668886 metric_mode=minimize improve_eps=0.0
[2026-02-26 10:01:57,710] INFO:ptp_discovery.pref_loss_coevo: NEW BEST: score=1.114798951466321 ref=1.1150540712668886 delta=0.00025511980056758254 pair=(g001_051_45afb4a8,f010_040_7b790716) stage=proxy gen=10 phase=loss threshold=1.1150540712668886 compare_target=prev_best improve_eps=0.0
[2026-02-26 10:01:57,710] INFO:ptp_discovery.pref_loss_coevo: NEW BEST: score=1.1101495932127383 ref=1.114798951466321 delta=0.004649358253582703 pair=(g010_022_507a1170,f000_046_3f391bb9) stage=proxy gen=10 phase=builder threshold=1.114798951466321 compare_target=prev_best improve_eps=0.0
[2026-02-26 10:01:57,711] INFO:ptp_discovery.pref_loss_coevo: Gen 10 summary: g_pool=26 f_pool=64 pairs=114 ok=0 stages={'cheap': 114} top_reasons=[('cheap_proxy_gate_failed', 114)]
[2026-02-26 10:01:57,711] WARNING:ptp_discovery.pref_loss_coevo: Gen 10 produced no high-fidelity evaluations (stage='high_fidelity'). Check proxy gates/thresholds: if all pairs are pair_ok=False, HF won't run.
[2026-02-26 10:01:57,753] INFO:ptp_discovery.pref_loss_coevo: === alternating generation 11/49 ===
[2026-02-26 10:01:57,754] INFO:ptp_discovery.pref_loss_coevo: EVAL_STAGES enabled: stage0_gate=1 stage1_proxy=1 stage2_micro_unroll=0 stage3_high_fidelity=1
[2026-02-26 10:01:57,754] INFO:ptp_discovery.pref_loss_coevo: INCUMBENT best_score=1.1101495932127383 best_pair=(g010_022_507a1170,f000_046_3f391bb9) best_stage=proxy metric_mode=minimize improve_eps=0.0
[2026-02-26 10:01:57,754] INFO:ptp_discovery.pref_loss_coevo: Gen 11 start: caches(rollout=10 pref=510 pair=925) cuda(cuda(alloc=0.03G,resv=0.16G))
[2026-02-26 10:01:57,893] INFO:ptp_discovery.pref_loss_coevo: Gen 11 proxy rollouts: device=cuda batches=10 batch_size=64 problem_size=100
[2026-02-26 10:01:57,893] INFO:ptp_discovery.pref_loss_coevo: Gen 11 proxy rollouts progress: 1/10 cache_hit=True caches(rollout=10 pref=510 pair=925) cuda(cuda(alloc=0.03G,resv=0.16G))
[2026-02-26 10:01:57,893] INFO:ptp_discovery.pref_loss_coevo: Gen 11 proxy rollouts progress: 10/10 cache_hit=True caches(rollout=10 pref=510 pair=925) cuda(cuda(alloc=0.03G,resv=0.16G))
[2026-02-26 10:01:57,894] INFO:ptp_discovery.pref_loss_coevo: Gen 11 proxy rollouts done: elapsed_s=0.0 caches(rollout=10 pref=510 pair=925) cuda(cuda(alloc=0.03G,resv=0.16G))
[2026-02-26 10:01:57,972] INFO:ptp_discovery.pref_loss_coevo: Alternating phase=loss fixed_g=g010_022_507a1170 budget=64
[2026-02-26 10:01:57,972] INFO:ptp_discovery.pref_loss_coevo: EVAL_STAGES enabled: stage0_gate=1 stage1_proxy=1 stage2_micro_unroll=0 stage3_high_fidelity=1
[2026-02-26 10:01:57,972] INFO:ptp_discovery.pref_loss_coevo: Alternating phase=builder fixed_f=f000_046_3f391bb9 budget=64
[2026-02-26 10:01:57,972] INFO:ptp_discovery.pref_loss_coevo: EVAL_STAGES enabled: stage0_gate=1 stage1_proxy=1 stage2_micro_unroll=0 stage3_high_fidelity=1
[2026-02-26 10:01:57,974] INFO:ptp_discovery.pref_loss_coevo: Gen 11 pref_cache pruned: dropped=250 kept=260 keep_g_ids=44 keep_batch_ids=10 caches(rollout=10 pref=260 pair=925) cuda(cuda(alloc=0.03G,resv=0.16G))
[2026-02-26 10:01:57,996] INFO:ptp_discovery.pref_loss_coevo: Cheap eval progress gen=11: 1/107 caches(rollout=10 pref=260 pair=926) cuda(cuda(alloc=0.03G,resv=0.16G))
[2026-02-26 10:01:58,240] INFO:ptp_discovery.pref_loss_coevo: Cheap eval progress gen=11: 10/107 caches(rollout=10 pref=260 pair=935) cuda(cuda(alloc=0.03G,resv=0.16G))
[2026-02-26 10:01:58,515] INFO:ptp_discovery.pref_loss_coevo: Cheap eval progress gen=11: 20/107 caches(rollout=10 pref=260 pair=945) cuda(cuda(alloc=0.03G,resv=0.16G))
[2026-02-26 10:01:58,766] INFO:ptp_discovery.pref_loss_coevo: Cheap eval progress gen=11: 30/107 caches(rollout=10 pref=260 pair=954) cuda(cuda(alloc=0.03G,resv=0.16G))
[2026-02-26 10:01:59,046] INFO:ptp_discovery.pref_loss_coevo: Cheap eval progress gen=11: 40/107 caches(rollout=10 pref=260 pair=964) cuda(cuda(alloc=0.03G,resv=0.16G))
[2026-02-26 10:01:59,320] INFO:ptp_discovery.pref_loss_coevo: Cheap eval progress gen=11: 50/107 caches(rollout=10 pref=260 pair=974) cuda(cuda(alloc=0.03G,resv=0.16G))
[2026-02-26 10:01:59,596] INFO:ptp_discovery.pref_loss_coevo: Cheap eval progress gen=11: 60/107 caches(rollout=10 pref=260 pair=984) cuda(cuda(alloc=0.03G,resv=0.16G))
[2026-02-26 10:01:59,874] INFO:ptp_discovery.pref_loss_coevo: Cheap eval progress gen=11: 70/107 caches(rollout=10 pref=310 pair=993) cuda(cuda(alloc=0.03G,resv=0.16G))
[2026-02-26 10:02:00,008] INFO:ptp_discovery.pref_loss_coevo: Cheap eval progress gen=11: 80/107 caches(rollout=10 pref=350 pair=997) cuda(cuda(alloc=0.03G,resv=0.16G))
[2026-02-26 10:02:00,112] INFO:ptp_discovery.pref_loss_coevo: Cheap eval progress gen=11: 90/107 caches(rollout=10 pref=380 pair=1000) cuda(cuda(alloc=0.03G,resv=0.16G))
[2026-02-26 10:02:00,285] INFO:ptp_discovery.pref_loss_coevo: Cheap eval progress gen=11: 100/107 caches(rollout=10 pref=430 pair=1005) cuda(cuda(alloc=0.03G,resv=0.16G))
[2026-02-26 10:02:00,319] INFO:ptp_discovery.pref_loss_coevo: Cheap eval progress gen=11: 107/107 caches(rollout=10 pref=440 pair=1006) cuda(cuda(alloc=0.03G,resv=0.16G))
[2026-02-26 10:02:00,319] INFO:ptp_discovery.pref_loss_coevo: Cheap eval done gen=11: pairs=107 elapsed_s=2.3 caches(rollout=10 pref=440 pair=1006) cuda(cuda(alloc=0.03G,resv=0.16G))
[2026-02-26 10:02:00,319] INFO:ptp_discovery.pref_loss_coevo: HF selection gen=11: eligible=0 selected=0 (top_m=8)
[2026-02-26 10:02:00,320] INFO:ptp_discovery.pref_loss_coevo: COMPARE target=prev_best reference_score=1.1101495932127383 threshold=1.1101495932127383 metric_mode=minimize improve_eps=0.0
[2026-02-26 10:02:00,320] INFO:ptp_discovery.pref_loss_coevo: NEW BEST: score=1.1098918567682652 ref=1.1101495932127383 delta=0.0002577364444731334 pair=(g010_022_507a1170,f010_040_7b790716) stage=proxy gen=11 phase=loss threshold=1.1101495932127383 compare_target=prev_best improve_eps=0.0
[2026-02-26 10:02:00,321] INFO:ptp_discovery.pref_loss_coevo: Gen 11 summary: g_pool=18 f_pool=64 pairs=107 ok=0 stages={'cheap': 107} top_reasons=[('cheap_proxy_gate_failed', 107)]
[2026-02-26 10:02:00,321] WARNING:ptp_discovery.pref_loss_coevo: Gen 11 produced no high-fidelity evaluations (stage='high_fidelity'). Check proxy gates/thresholds: if all pairs are pair_ok=False, HF won't run.
[2026-02-26 10:02:00,362] INFO:ptp_discovery.pref_loss_coevo: === alternating generation 12/49 ===
[2026-02-26 10:02:00,362] INFO:ptp_discovery.pref_loss_coevo: EVAL_STAGES enabled: stage0_gate=1 stage1_proxy=1 stage2_micro_unroll=0 stage3_high_fidelity=1
[2026-02-26 10:02:00,362] INFO:ptp_discovery.pref_loss_coevo: INCUMBENT best_score=1.1098918567682652 best_pair=(g010_022_507a1170,f010_040_7b790716) best_stage=proxy metric_mode=minimize improve_eps=0.0
[2026-02-26 10:02:00,362] INFO:ptp_discovery.pref_loss_coevo: Gen 12 start: caches(rollout=10 pref=440 pair=1006) cuda(cuda(alloc=0.03G,resv=0.16G))
[2026-02-26 10:02:00,503] INFO:ptp_discovery.pref_loss_coevo: Gen 12 proxy rollouts: device=cuda batches=10 batch_size=64 problem_size=100
[2026-02-26 10:02:00,504] INFO:ptp_discovery.pref_loss_coevo: Gen 12 proxy rollouts progress: 1/10 cache_hit=True caches(rollout=10 pref=440 pair=1006) cuda(cuda(alloc=0.03G,resv=0.16G))
[2026-02-26 10:02:00,504] INFO:ptp_discovery.pref_loss_coevo: Gen 12 proxy rollouts progress: 10/10 cache_hit=True caches(rollout=10 pref=440 pair=1006) cuda(cuda(alloc=0.03G,resv=0.16G))
[2026-02-26 10:02:00,505] INFO:ptp_discovery.pref_loss_coevo: Gen 12 proxy rollouts done: elapsed_s=0.0 caches(rollout=10 pref=440 pair=1006) cuda(cuda(alloc=0.03G,resv=0.16G))
[2026-02-26 10:02:00,582] INFO:ptp_discovery.pref_loss_coevo: Alternating phase=loss fixed_g=g010_022_507a1170 budget=64
[2026-02-26 10:02:00,583] INFO:ptp_discovery.pref_loss_coevo: EVAL_STAGES enabled: stage0_gate=1 stage1_proxy=1 stage2_micro_unroll=0 stage3_high_fidelity=1
[2026-02-26 10:02:00,583] INFO:ptp_discovery.pref_loss_coevo: Alternating phase=builder fixed_f=f010_040_7b790716 budget=64
[2026-02-26 10:02:00,583] INFO:ptp_discovery.pref_loss_coevo: EVAL_STAGES enabled: stage0_gate=1 stage1_proxy=1 stage2_micro_unroll=0 stage3_high_fidelity=1
[2026-02-26 10:02:00,584] INFO:ptp_discovery.pref_loss_coevo: Gen 12 pref_cache pruned: dropped=180 kept=260 keep_g_ids=46 keep_batch_ids=10 caches(rollout=10 pref=260 pair=1006) cuda(cuda(alloc=0.03G,resv=0.16G))
[2026-02-26 10:02:00,608] INFO:ptp_discovery.pref_loss_coevo: Cheap eval progress gen=12: 1/109 caches(rollout=10 pref=260 pair=1007) cuda(cuda(alloc=0.03G,resv=0.16G))
[2026-02-26 10:02:00,801] INFO:ptp_discovery.pref_loss_coevo: Cheap eval progress gen=12: 10/109 caches(rollout=10 pref=260 pair=1014) cuda(cuda(alloc=0.03G,resv=0.16G))
[2026-02-26 10:02:00,969] INFO:ptp_discovery.pref_loss_coevo: Cheap eval progress gen=12: 20/109 caches(rollout=10 pref=260 pair=1020) cuda(cuda(alloc=0.03G,resv=0.16G))
[2026-02-26 10:02:01,249] INFO:ptp_discovery.pref_loss_coevo: Cheap eval progress gen=12: 30/109 caches(rollout=10 pref=260 pair=1030) cuda(cuda(alloc=0.03G,resv=0.16G))
[2026-02-26 10:02:01,469] INFO:ptp_discovery.pref_loss_coevo: Cheap eval progress gen=12: 40/109 caches(rollout=10 pref=260 pair=1038) cuda(cuda(alloc=0.03G,resv=0.16G))
[2026-02-26 10:02:01,690] INFO:ptp_discovery.pref_loss_coevo: Cheap eval progress gen=12: 50/109 caches(rollout=10 pref=260 pair=1046) cuda(cuda(alloc=0.03G,resv=0.16G))
[2026-02-26 10:02:01,855] INFO:ptp_discovery.pref_loss_coevo: Cheap eval progress gen=12: 60/109 caches(rollout=10 pref=260 pair=1052) cuda(cuda(alloc=0.03G,resv=0.16G))
[2026-02-26 10:02:02,097] INFO:ptp_discovery.pref_loss_coevo: Cheap eval progress gen=12: 70/109 caches(rollout=10 pref=260 pair=1061) cuda(cuda(alloc=0.03G,resv=0.16G))
[2026-02-26 10:02:02,404] INFO:ptp_discovery.pref_loss_coevo: Cheap eval progress gen=12: 80/109 caches(rollout=10 pref=320 pair=1071) cuda(cuda(alloc=0.03G,resv=0.16G))
[2026-02-26 10:02:02,735] INFO:ptp_discovery.pref_loss_coevo: Cheap eval progress gen=12: 90/109 caches(rollout=10 pref=390 pair=1081) cuda(cuda(alloc=0.03G,resv=0.16G))
[2026-02-26 10:02:03,037] INFO:ptp_discovery.pref_loss_coevo: Cheap eval progress gen=12: 100/109 caches(rollout=10 pref=420 pair=1091) cuda(cuda(alloc=0.03G,resv=0.16G))
[2026-02-26 10:02:03,314] INFO:ptp_discovery.pref_loss_coevo: Cheap eval progress gen=12: 109/109 caches(rollout=10 pref=460 pair=1100) cuda(cuda(alloc=0.03G,resv=0.16G))
[2026-02-26 10:02:03,314] INFO:ptp_discovery.pref_loss_coevo: Cheap eval done gen=12: pairs=109 elapsed_s=2.7 caches(rollout=10 pref=460 pair=1100) cuda(cuda(alloc=0.03G,resv=0.16G))
[2026-02-26 10:02:03,314] INFO:ptp_discovery.pref_loss_coevo: HF selection gen=12: eligible=0 selected=0 (top_m=8)
[2026-02-26 10:02:03,315] INFO:ptp_discovery.pref_loss_coevo: COMPARE target=prev_best reference_score=1.1098918567682652 threshold=1.1098918567682652 metric_mode=minimize improve_eps=0.0
[2026-02-26 10:02:03,315] INFO:ptp_discovery.pref_loss_coevo: Gen 12 summary: g_pool=20 f_pool=64 pairs=109 ok=0 stages={'cheap': 109} top_reasons=[('cheap_proxy_gate_failed', 109)]
[2026-02-26 10:02:03,316] WARNING:ptp_discovery.pref_loss_coevo: Gen 12 produced no high-fidelity evaluations (stage='high_fidelity'). Check proxy gates/thresholds: if all pairs are pair_ok=False, HF won't run.
[2026-02-26 10:02:03,357] INFO:ptp_discovery.pref_loss_coevo: === alternating generation 13/49 ===
[2026-02-26 10:02:03,357] INFO:ptp_discovery.pref_loss_coevo: EVAL_STAGES enabled: stage0_gate=1 stage1_proxy=1 stage2_micro_unroll=0 stage3_high_fidelity=1
[2026-02-26 10:02:03,358] INFO:ptp_discovery.pref_loss_coevo: INCUMBENT best_score=1.1098918567682652 best_pair=(g010_022_507a1170,f010_040_7b790716) best_stage=proxy metric_mode=minimize improve_eps=0.0
[2026-02-26 10:02:03,358] INFO:ptp_discovery.pref_loss_coevo: Gen 13 start: caches(rollout=10 pref=460 pair=1100) cuda(cuda(alloc=0.03G,resv=0.16G))
[2026-02-26 10:02:03,505] INFO:ptp_discovery.pref_loss_coevo: Gen 13 proxy rollouts: device=cuda batches=10 batch_size=64 problem_size=100
[2026-02-26 10:02:03,505] INFO:ptp_discovery.pref_loss_coevo: Gen 13 proxy rollouts progress: 1/10 cache_hit=True caches(rollout=10 pref=460 pair=1100) cuda(cuda(alloc=0.03G,resv=0.16G))
[2026-02-26 10:02:03,506] INFO:ptp_discovery.pref_loss_coevo: Gen 13 proxy rollouts progress: 10/10 cache_hit=True caches(rollout=10 pref=460 pair=1100) cuda(cuda(alloc=0.03G,resv=0.16G))
[2026-02-26 10:02:03,506] INFO:ptp_discovery.pref_loss_coevo: Gen 13 proxy rollouts done: elapsed_s=0.0 caches(rollout=10 pref=460 pair=1100) cuda(cuda(alloc=0.03G,resv=0.16G))
[2026-02-26 10:02:03,589] INFO:ptp_discovery.pref_loss_coevo: Alternating phase=loss fixed_g=g010_022_507a1170 budget=64
[2026-02-26 10:02:03,589] INFO:ptp_discovery.pref_loss_coevo: EVAL_STAGES enabled: stage0_gate=1 stage1_proxy=1 stage2_micro_unroll=0 stage3_high_fidelity=1
[2026-02-26 10:02:03,589] INFO:ptp_discovery.pref_loss_coevo: Alternating phase=builder fixed_f=f010_040_7b790716 budget=64
[2026-02-26 10:02:03,589] INFO:ptp_discovery.pref_loss_coevo: EVAL_STAGES enabled: stage0_gate=1 stage1_proxy=1 stage2_micro_unroll=0 stage3_high_fidelity=1
[2026-02-26 10:02:03,591] INFO:ptp_discovery.pref_loss_coevo: Gen 13 pref_cache pruned: dropped=200 kept=260 keep_g_ids=52 keep_batch_ids=10 caches(rollout=10 pref=260 pair=1100) cuda(cuda(alloc=0.03G,resv=0.16G))
[2026-02-26 10:02:03,615] INFO:ptp_discovery.pref_loss_coevo: Cheap eval progress gen=13: 1/115 caches(rollout=10 pref=260 pair=1101) cuda(cuda(alloc=0.03G,resv=0.16G))
[2026-02-26 10:02:03,757] INFO:ptp_discovery.pref_loss_coevo: Cheap eval progress gen=13: 10/115 caches(rollout=10 pref=260 pair=1106) cuda(cuda(alloc=0.03G,resv=0.16G))
[2026-02-26 10:02:03,925] INFO:ptp_discovery.pref_loss_coevo: Cheap eval progress gen=13: 20/115 caches(rollout=10 pref=260 pair=1112) cuda(cuda(alloc=0.03G,resv=0.16G))
[2026-02-26 10:02:04,122] INFO:ptp_discovery.pref_loss_coevo: Cheap eval progress gen=13: 30/115 caches(rollout=10 pref=260 pair=1119) cuda(cuda(alloc=0.03G,resv=0.16G))
[2026-02-26 10:02:04,374] INFO:ptp_discovery.pref_loss_coevo: Cheap eval progress gen=13: 40/115 caches(rollout=10 pref=260 pair=1128) cuda(cuda(alloc=0.03G,resv=0.16G))
[2026-02-26 10:02:04,542] INFO:ptp_discovery.pref_loss_coevo: Cheap eval progress gen=13: 50/115 caches(rollout=10 pref=260 pair=1134) cuda(cuda(alloc=0.03G,resv=0.16G))
[2026-02-26 10:02:04,821] INFO:ptp_discovery.pref_loss_coevo: Cheap eval progress gen=13: 60/115 caches(rollout=10 pref=260 pair=1144) cuda(cuda(alloc=0.03G,resv=0.16G))
[2026-02-26 10:02:05,007] INFO:ptp_discovery.pref_loss_coevo: Cheap eval progress gen=13: 70/115 caches(rollout=10 pref=290 pair=1150) cuda(cuda(alloc=0.03G,resv=0.16G))
[2026-02-26 10:02:05,207] INFO:ptp_discovery.pref_loss_coevo: Cheap eval progress gen=13: 80/115 caches(rollout=10 pref=350 pair=1156) cuda(cuda(alloc=0.03G,resv=0.16G))
[2026-02-26 10:02:05,339] INFO:ptp_discovery.pref_loss_coevo: Cheap eval progress gen=13: 90/115 caches(rollout=10 pref=390 pair=1160) cuda(cuda(alloc=0.03G,resv=0.16G))
[2026-02-26 10:02:05,475] INFO:ptp_discovery.pref_loss_coevo: Cheap eval progress gen=13: 100/115 caches(rollout=10 pref=430 pair=1164) cuda(cuda(alloc=0.03G,resv=0.16G))
[2026-02-26 10:02:05,685] INFO:ptp_discovery.pref_loss_coevo: Cheap eval progress gen=13: 110/115 caches(rollout=10 pref=490 pair=1170) cuda(cuda(alloc=0.03G,resv=0.16G))
[2026-02-26 10:02:05,789] INFO:ptp_discovery.pref_loss_coevo: Cheap eval progress gen=13: 115/115 caches(rollout=10 pref=520 pair=1173) cuda(cuda(alloc=0.03G,resv=0.16G))
[2026-02-26 10:02:05,790] INFO:ptp_discovery.pref_loss_coevo: Cheap eval done gen=13: pairs=115 elapsed_s=2.2 caches(rollout=10 pref=520 pair=1173) cuda(cuda(alloc=0.03G,resv=0.16G))
[2026-02-26 10:02:05,790] INFO:ptp_discovery.pref_loss_coevo: HF selection gen=13: eligible=0 selected=0 (top_m=8)
[2026-02-26 10:02:05,793] INFO:ptp_discovery.pref_loss_coevo: COMPARE target=prev_best reference_score=1.1098918567682652 threshold=1.1098918567682652 metric_mode=minimize improve_eps=0.0
[2026-02-26 10:02:05,793] INFO:ptp_discovery.pref_loss_coevo: NEW BEST: score=1.0914446919262901 ref=1.1098918567682652 delta=0.01844716484197506 pair=(g013_052_d2e3fcbf,f010_040_7b790716) stage=proxy gen=13 phase=builder threshold=1.1098918567682652 compare_target=prev_best improve_eps=0.0
[2026-02-26 10:02:05,793] INFO:ptp_discovery.pref_loss_coevo: Gen 13 summary: g_pool=26 f_pool=64 pairs=115 ok=0 stages={'cheap': 115} top_reasons=[('cheap_proxy_gate_failed', 115)]
[2026-02-26 10:02:05,794] WARNING:ptp_discovery.pref_loss_coevo: Gen 13 produced no high-fidelity evaluations (stage='high_fidelity'). Check proxy gates/thresholds: if all pairs are pair_ok=False, HF won't run.
[2026-02-26 10:02:05,837] INFO:ptp_discovery.pref_loss_coevo: === alternating generation 14/49 ===
[2026-02-26 10:02:05,837] INFO:ptp_discovery.pref_loss_coevo: EVAL_STAGES enabled: stage0_gate=1 stage1_proxy=1 stage2_micro_unroll=0 stage3_high_fidelity=1
[2026-02-26 10:02:05,837] INFO:ptp_discovery.pref_loss_coevo: INCUMBENT best_score=1.0914446919262901 best_pair=(g013_052_d2e3fcbf,f010_040_7b790716) best_stage=proxy metric_mode=minimize improve_eps=0.0
[2026-02-26 10:02:05,837] INFO:ptp_discovery.pref_loss_coevo: Gen 14 start: caches(rollout=10 pref=520 pair=1173) cuda(cuda(alloc=0.03G,resv=0.16G))
[2026-02-26 10:02:05,978] INFO:ptp_discovery.pref_loss_coevo: Gen 14 proxy rollouts: device=cuda batches=10 batch_size=64 problem_size=100
[2026-02-26 10:02:05,979] INFO:ptp_discovery.pref_loss_coevo: Gen 14 proxy rollouts progress: 1/10 cache_hit=True caches(rollout=10 pref=520 pair=1173) cuda(cuda(alloc=0.03G,resv=0.16G))
[2026-02-26 10:02:05,979] INFO:ptp_discovery.pref_loss_coevo: Gen 14 proxy rollouts progress: 10/10 cache_hit=True caches(rollout=10 pref=520 pair=1173) cuda(cuda(alloc=0.03G,resv=0.16G))
[2026-02-26 10:02:05,980] INFO:ptp_discovery.pref_loss_coevo: Gen 14 proxy rollouts done: elapsed_s=0.0 caches(rollout=10 pref=520 pair=1173) cuda(cuda(alloc=0.03G,resv=0.16G))
[2026-02-26 10:02:06,061] INFO:ptp_discovery.pref_loss_coevo: Alternating phase=loss fixed_g=g013_052_d2e3fcbf budget=64
[2026-02-26 10:02:06,061] INFO:ptp_discovery.pref_loss_coevo: EVAL_STAGES enabled: stage0_gate=1 stage1_proxy=1 stage2_micro_unroll=0 stage3_high_fidelity=1
[2026-02-26 10:02:06,061] INFO:ptp_discovery.pref_loss_coevo: Alternating phase=builder fixed_f=f010_040_7b790716 budget=64
[2026-02-26 10:02:06,061] INFO:ptp_discovery.pref_loss_coevo: EVAL_STAGES enabled: stage0_gate=1 stage1_proxy=1 stage2_micro_unroll=0 stage3_high_fidelity=1
[2026-02-26 10:02:06,063] INFO:ptp_discovery.pref_loss_coevo: Gen 14 pref_cache pruned: dropped=250 kept=270 keep_g_ids=47 keep_batch_ids=10 caches(rollout=10 pref=270 pair=1173) cuda(cuda(alloc=0.03G,resv=0.16G))
[2026-02-26 10:02:06,087] INFO:ptp_discovery.pref_loss_coevo: Cheap eval progress gen=14: 1/110 caches(rollout=10 pref=270 pair=1174) cuda(cuda(alloc=0.03G,resv=0.16G))
[2026-02-26 10:02:06,330] INFO:ptp_discovery.pref_loss_coevo: Cheap eval progress gen=14: 10/110 caches(rollout=10 pref=270 pair=1183) cuda(cuda(alloc=0.03G,resv=0.16G))
[2026-02-26 10:02:06,615] INFO:ptp_discovery.pref_loss_coevo: Cheap eval progress gen=14: 20/110 caches(rollout=10 pref=270 pair=1193) cuda(cuda(alloc=0.03G,resv=0.16G))
[2026-02-26 10:02:06,893] INFO:ptp_discovery.pref_loss_coevo: Cheap eval progress gen=14: 30/110 caches(rollout=10 pref=270 pair=1203) cuda(cuda(alloc=0.03G,resv=0.16G))
[2026-02-26 10:02:07,176] INFO:ptp_discovery.pref_loss_coevo: Cheap eval progress gen=14: 40/110 caches(rollout=10 pref=270 pair=1213) cuda(cuda(alloc=0.03G,resv=0.16G))
[2026-02-26 10:02:07,462] INFO:ptp_discovery.pref_loss_coevo: Cheap eval progress gen=14: 50/110 caches(rollout=10 pref=270 pair=1223) cuda(cuda(alloc=0.03G,resv=0.16G))
[2026-02-26 10:02:07,715] INFO:ptp_discovery.pref_loss_coevo: Cheap eval progress gen=14: 60/110 caches(rollout=10 pref=270 pair=1232) cuda(cuda(alloc=0.03G,resv=0.16G))
[2026-02-26 10:02:07,898] INFO:ptp_discovery.pref_loss_coevo: Cheap eval progress gen=14: 70/110 caches(rollout=10 pref=290 pair=1238) cuda(cuda(alloc=0.03G,resv=0.16G))
[2026-02-26 10:02:08,108] INFO:ptp_discovery.pref_loss_coevo: Cheap eval progress gen=14: 80/110 caches(rollout=10 pref=350 pair=1244) cuda(cuda(alloc=0.03G,resv=0.16G))
[2026-02-26 10:02:08,279] INFO:ptp_discovery.pref_loss_coevo: Cheap eval progress gen=14: 90/110 caches(rollout=10 pref=400 pair=1249) cuda(cuda(alloc=0.03G,resv=0.16G))
[2026-02-26 10:02:08,401] INFO:ptp_discovery.pref_loss_coevo: Cheap eval progress gen=14: 100/110 caches(rollout=10 pref=440 pair=1253) cuda(cuda(alloc=0.03G,resv=0.16G))
[2026-02-26 10:02:08,493] INFO:ptp_discovery.pref_loss_coevo: Cheap eval progress gen=14: 110/110 caches(rollout=10 pref=470 pair=1256) cuda(cuda(alloc=0.03G,resv=0.16G))
[2026-02-26 10:02:08,493] INFO:ptp_discovery.pref_loss_coevo: Cheap eval done gen=14: pairs=110 elapsed_s=2.4 caches(rollout=10 pref=470 pair=1256) cuda(cuda(alloc=0.03G,resv=0.16G))
[2026-02-26 10:02:08,494] INFO:ptp_discovery.pref_loss_coevo: HF selection gen=14: eligible=0 selected=0 (top_m=8)
[2026-02-26 10:02:08,494] INFO:ptp_discovery.pref_loss_coevo: COMPARE target=prev_best reference_score=1.0914446919262901 threshold=1.0914446919262901 metric_mode=minimize improve_eps=0.0
[2026-02-26 10:02:08,495] INFO:ptp_discovery.pref_loss_coevo: Gen 14 summary: g_pool=20 f_pool=64 pairs=110 ok=0 stages={'cheap': 110} top_reasons=[('cheap_proxy_gate_failed', 110)]
[2026-02-26 10:02:08,495] WARNING:ptp_discovery.pref_loss_coevo: Gen 14 produced no high-fidelity evaluations (stage='high_fidelity'). Check proxy gates/thresholds: if all pairs are pair_ok=False, HF won't run.
[2026-02-26 10:02:08,537] INFO:ptp_discovery.pref_loss_coevo: === alternating generation 15/49 ===
[2026-02-26 10:02:08,537] INFO:ptp_discovery.pref_loss_coevo: EVAL_STAGES enabled: stage0_gate=1 stage1_proxy=1 stage2_micro_unroll=0 stage3_high_fidelity=1
[2026-02-26 10:02:08,537] INFO:ptp_discovery.pref_loss_coevo: INCUMBENT best_score=1.0914446919262901 best_pair=(g013_052_d2e3fcbf,f010_040_7b790716) best_stage=proxy metric_mode=minimize improve_eps=0.0
[2026-02-26 10:02:08,537] INFO:ptp_discovery.pref_loss_coevo: Gen 15 start: caches(rollout=10 pref=470 pair=1256) cuda(cuda(alloc=0.03G,resv=0.16G))
[2026-02-26 10:02:08,918] INFO:ptp_discovery.pref_loss_coevo: Gen 15 proxy rollouts: device=cuda batches=10 batch_size=64 problem_size=100
[2026-02-26 10:02:08,919] INFO:ptp_discovery.pref_loss_coevo: Gen 15 proxy rollouts progress: 1/10 cache_hit=True caches(rollout=10 pref=470 pair=1256) cuda(cuda(alloc=0.03G,resv=0.16G))
[2026-02-26 10:02:08,919] INFO:ptp_discovery.pref_loss_coevo: Gen 15 proxy rollouts progress: 10/10 cache_hit=True caches(rollout=10 pref=470 pair=1256) cuda(cuda(alloc=0.03G,resv=0.16G))
[2026-02-26 10:02:08,920] INFO:ptp_discovery.pref_loss_coevo: Gen 15 proxy rollouts done: elapsed_s=0.0 caches(rollout=10 pref=470 pair=1256) cuda(cuda(alloc=0.03G,resv=0.16G))
[2026-02-26 10:02:09,000] INFO:ptp_discovery.pref_loss_coevo: Alternating phase=loss fixed_g=g013_052_d2e3fcbf budget=64
[2026-02-26 10:02:09,000] INFO:ptp_discovery.pref_loss_coevo: EVAL_STAGES enabled: stage0_gate=1 stage1_proxy=1 stage2_micro_unroll=0 stage3_high_fidelity=1
[2026-02-26 10:02:09,000] INFO:ptp_discovery.pref_loss_coevo: Alternating phase=builder fixed_f=f010_040_7b790716 budget=64
[2026-02-26 10:02:09,001] INFO:ptp_discovery.pref_loss_coevo: EVAL_STAGES enabled: stage0_gate=1 stage1_proxy=1 stage2_micro_unroll=0 stage3_high_fidelity=1
[2026-02-26 10:02:09,003] INFO:ptp_discovery.pref_loss_coevo: Gen 15 pref_cache pruned: dropped=200 kept=270 keep_g_ids=47 keep_batch_ids=10 caches(rollout=10 pref=270 pair=1256) cuda(cuda(alloc=0.03G,resv=0.16G))
[2026-02-26 10:02:09,029] INFO:ptp_discovery.pref_loss_coevo: Cheap eval progress gen=15: 1/110 caches(rollout=10 pref=270 pair=1257) cuda(cuda(alloc=0.03G,resv=0.16G))
[2026-02-26 10:02:09,253] INFO:ptp_discovery.pref_loss_coevo: Cheap eval progress gen=15: 10/110 caches(rollout=10 pref=270 pair=1265) cuda(cuda(alloc=0.03G,resv=0.16G))
[2026-02-26 10:02:09,527] INFO:ptp_discovery.pref_loss_coevo: Cheap eval progress gen=15: 20/110 caches(rollout=10 pref=270 pair=1275) cuda(cuda(alloc=0.03G,resv=0.16G))
[2026-02-26 10:02:09,775] INFO:ptp_discovery.pref_loss_coevo: Cheap eval progress gen=15: 30/110 caches(rollout=10 pref=270 pair=1284) cuda(cuda(alloc=0.03G,resv=0.16G))
[2026-02-26 10:02:09,991] INFO:ptp_discovery.pref_loss_coevo: Cheap eval progress gen=15: 40/110 caches(rollout=10 pref=270 pair=1292) cuda(cuda(alloc=0.03G,resv=0.16G))
[2026-02-26 10:02:10,207] INFO:ptp_discovery.pref_loss_coevo: Cheap eval progress gen=15: 50/110 caches(rollout=10 pref=270 pair=1300) cuda(cuda(alloc=0.03G,resv=0.16G))
[2026-02-26 10:02:10,371] INFO:ptp_discovery.pref_loss_coevo: Cheap eval progress gen=15: 60/110 caches(rollout=10 pref=270 pair=1306) cuda(cuda(alloc=0.03G,resv=0.16G))
[2026-02-26 10:02:10,514] INFO:ptp_discovery.pref_loss_coevo: Cheap eval progress gen=15: 70/110 caches(rollout=10 pref=280 pair=1311) cuda(cuda(alloc=0.03G,resv=0.16G))
[2026-02-26 10:02:10,684] INFO:ptp_discovery.pref_loss_coevo: Cheap eval progress gen=15: 80/110 caches(rollout=10 pref=330 pair=1316) cuda(cuda(alloc=0.03G,resv=0.16G))
[2026-02-26 10:02:10,786] INFO:ptp_discovery.pref_loss_coevo: Cheap eval progress gen=15: 90/110 caches(rollout=10 pref=360 pair=1319) cuda(cuda(alloc=0.03G,resv=0.16G))
[2026-02-26 10:02:10,991] INFO:ptp_discovery.pref_loss_coevo: Cheap eval progress gen=15: 100/110 caches(rollout=10 pref=420 pair=1325) cuda(cuda(alloc=0.03G,resv=0.16G))
[2026-02-26 10:02:11,162] INFO:ptp_discovery.pref_loss_coevo: Cheap eval progress gen=15: 110/110 caches(rollout=10 pref=470 pair=1330) cuda(cuda(alloc=0.03G,resv=0.16G))
[2026-02-26 10:02:11,162] INFO:ptp_discovery.pref_loss_coevo: Cheap eval done gen=15: pairs=110 elapsed_s=2.2 caches(rollout=10 pref=470 pair=1330) cuda(cuda(alloc=0.03G,resv=0.16G))
[2026-02-26 10:02:11,162] INFO:ptp_discovery.pref_loss_coevo: HF selection gen=15: eligible=0 selected=0 (top_m=8)
[2026-02-26 10:02:11,163] INFO:ptp_discovery.pref_loss_coevo: COMPARE target=prev_best reference_score=1.0914446919262901 threshold=1.0914446919262901 metric_mode=minimize improve_eps=0.0
[2026-02-26 10:02:11,164] INFO:ptp_discovery.pref_loss_coevo: Gen 15 summary: g_pool=20 f_pool=64 pairs=110 ok=0 stages={'cheap': 110} top_reasons=[('cheap_proxy_gate_failed', 110)]
[2026-02-26 10:02:11,164] WARNING:ptp_discovery.pref_loss_coevo: Gen 15 produced no high-fidelity evaluations (stage='high_fidelity'). Check proxy gates/thresholds: if all pairs are pair_ok=False, HF won't run.
[2026-02-26 10:02:11,206] INFO:ptp_discovery.pref_loss_coevo: === alternating generation 16/49 ===
[2026-02-26 10:02:11,206] INFO:ptp_discovery.pref_loss_coevo: EVAL_STAGES enabled: stage0_gate=1 stage1_proxy=1 stage2_micro_unroll=0 stage3_high_fidelity=1
[2026-02-26 10:02:11,206] INFO:ptp_discovery.pref_loss_coevo: INCUMBENT best_score=1.0914446919262901 best_pair=(g013_052_d2e3fcbf,f010_040_7b790716) best_stage=proxy metric_mode=minimize improve_eps=0.0
[2026-02-26 10:02:11,206] INFO:ptp_discovery.pref_loss_coevo: Gen 16 start: caches(rollout=10 pref=470 pair=1330) cuda(cuda(alloc=0.03G,resv=0.16G))
[2026-02-26 10:02:11,355] INFO:ptp_discovery.pref_loss_coevo: Gen 16 proxy rollouts: device=cuda batches=10 batch_size=64 problem_size=100
[2026-02-26 10:02:11,355] INFO:ptp_discovery.pref_loss_coevo: Gen 16 proxy rollouts progress: 1/10 cache_hit=True caches(rollout=10 pref=470 pair=1330) cuda(cuda(alloc=0.03G,resv=0.16G))
[2026-02-26 10:02:11,355] INFO:ptp_discovery.pref_loss_coevo: Gen 16 proxy rollouts progress: 10/10 cache_hit=True caches(rollout=10 pref=470 pair=1330) cuda(cuda(alloc=0.03G,resv=0.16G))
[2026-02-26 10:02:11,356] INFO:ptp_discovery.pref_loss_coevo: Gen 16 proxy rollouts done: elapsed_s=0.0 caches(rollout=10 pref=470 pair=1330) cuda(cuda(alloc=0.03G,resv=0.16G))
[2026-02-26 10:02:11,442] INFO:ptp_discovery.pref_loss_coevo: Alternating phase=loss fixed_g=g013_052_d2e3fcbf budget=64
[2026-02-26 10:02:11,442] INFO:ptp_discovery.pref_loss_coevo: EVAL_STAGES enabled: stage0_gate=1 stage1_proxy=1 stage2_micro_unroll=0 stage3_high_fidelity=1
[2026-02-26 10:02:11,443] INFO:ptp_discovery.pref_loss_coevo: Alternating phase=builder fixed_f=f010_040_7b790716 budget=64
[2026-02-26 10:02:11,443] INFO:ptp_discovery.pref_loss_coevo: EVAL_STAGES enabled: stage0_gate=1 stage1_proxy=1 stage2_micro_unroll=0 stage3_high_fidelity=1
[2026-02-26 10:02:11,444] INFO:ptp_discovery.pref_loss_coevo: Gen 16 pref_cache pruned: dropped=200 kept=270 keep_g_ids=55 keep_batch_ids=10 caches(rollout=10 pref=270 pair=1330) cuda(cuda(alloc=0.03G,resv=0.16G))
[2026-02-26 10:02:11,468] INFO:ptp_discovery.pref_loss_coevo: Cheap eval progress gen=16: 1/118 caches(rollout=10 pref=270 pair=1331) cuda(cuda(alloc=0.03G,resv=0.16G))
[2026-02-26 10:02:11,689] INFO:ptp_discovery.pref_loss_coevo: Cheap eval progress gen=16: 10/118 caches(rollout=10 pref=270 pair=1339) cuda(cuda(alloc=0.03G,resv=0.16G))
[2026-02-26 10:02:11,909] INFO:ptp_discovery.pref_loss_coevo: Cheap eval progress gen=16: 20/118 caches(rollout=10 pref=270 pair=1347) cuda(cuda(alloc=0.03G,resv=0.16G))
[2026-02-26 10:02:12,131] INFO:ptp_discovery.pref_loss_coevo: Cheap eval progress gen=16: 30/118 caches(rollout=10 pref=270 pair=1355) cuda(cuda(alloc=0.03G,resv=0.16G))
[2026-02-26 10:02:12,331] INFO:ptp_discovery.pref_loss_coevo: Cheap eval progress gen=16: 40/118 caches(rollout=10 pref=270 pair=1362) cuda(cuda(alloc=0.03G,resv=0.16G))
[2026-02-26 10:02:12,529] INFO:ptp_discovery.pref_loss_coevo: Cheap eval progress gen=16: 50/118 caches(rollout=10 pref=270 pair=1369) cuda(cuda(alloc=0.03G,resv=0.16G))
[2026-02-26 10:02:12,731] INFO:ptp_discovery.pref_loss_coevo: Cheap eval progress gen=16: 60/118 caches(rollout=10 pref=270 pair=1376) cuda(cuda(alloc=0.03G,resv=0.16G))
[2026-02-26 10:02:12,993] INFO:ptp_discovery.pref_loss_coevo: Cheap eval progress gen=16: 70/118 caches(rollout=10 pref=320 pair=1384) cuda(cuda(alloc=0.03G,resv=0.16G))
[2026-02-26 10:02:13,200] INFO:ptp_discovery.pref_loss_coevo: Cheap eval progress gen=16: 80/118 caches(rollout=10 pref=380 pair=1390) cuda(cuda(alloc=0.03G,resv=0.16G))
[2026-02-26 10:02:13,339] INFO:ptp_discovery.pref_loss_coevo: Cheap eval progress gen=16: 90/118 caches(rollout=10 pref=420 pair=1394) cuda(cuda(alloc=0.03G,resv=0.16G))
[2026-02-26 10:02:13,516] INFO:ptp_discovery.pref_loss_coevo: Cheap eval progress gen=16: 100/118 caches(rollout=10 pref=470 pair=1399) cuda(cuda(alloc=0.03G,resv=0.16G))
[2026-02-26 10:02:13,689] INFO:ptp_discovery.pref_loss_coevo: Cheap eval progress gen=16: 110/118 caches(rollout=10 pref=520 pair=1404) cuda(cuda(alloc=0.04G,resv=0.16G))
[2026-02-26 10:02:13,793] INFO:ptp_discovery.pref_loss_coevo: Cheap eval progress gen=16: 118/118 caches(rollout=10 pref=550 pair=1407) cuda(cuda(alloc=0.04G,resv=0.16G))
[2026-02-26 10:02:13,794] INFO:ptp_discovery.pref_loss_coevo: Cheap eval done gen=16: pairs=118 elapsed_s=2.3 caches(rollout=10 pref=550 pair=1407) cuda(cuda(alloc=0.04G,resv=0.16G))
[2026-02-26 10:02:13,794] INFO:ptp_discovery.pref_loss_coevo: HF selection gen=16: eligible=0 selected=0 (top_m=8)
[2026-02-26 10:02:13,794] INFO:ptp_discovery.pref_loss_coevo: COMPARE target=prev_best reference_score=1.0914446919262901 threshold=1.0914446919262901 metric_mode=minimize improve_eps=0.0
[2026-02-26 10:02:13,795] INFO:ptp_discovery.pref_loss_coevo: Gen 16 summary: g_pool=28 f_pool=64 pairs=118 ok=0 stages={'cheap': 118} top_reasons=[('cheap_proxy_gate_failed', 118)]
[2026-02-26 10:02:13,795] WARNING:ptp_discovery.pref_loss_coevo: Gen 16 produced no high-fidelity evaluations (stage='high_fidelity'). Check proxy gates/thresholds: if all pairs are pair_ok=False, HF won't run.
[2026-02-26 10:02:13,839] INFO:ptp_discovery.pref_loss_coevo: === alternating generation 17/49 ===
[2026-02-26 10:02:13,839] INFO:ptp_discovery.pref_loss_coevo: EVAL_STAGES enabled: stage0_gate=1 stage1_proxy=1 stage2_micro_unroll=0 stage3_high_fidelity=1
[2026-02-26 10:02:13,839] INFO:ptp_discovery.pref_loss_coevo: INCUMBENT best_score=1.0914446919262901 best_pair=(g013_052_d2e3fcbf,f010_040_7b790716) best_stage=proxy metric_mode=minimize improve_eps=0.0
[2026-02-26 10:02:13,839] INFO:ptp_discovery.pref_loss_coevo: Gen 17 start: caches(rollout=10 pref=550 pair=1407) cuda(cuda(alloc=0.04G,resv=0.16G))
[2026-02-26 10:02:13,982] INFO:ptp_discovery.pref_loss_coevo: Gen 17 proxy rollouts: device=cuda batches=10 batch_size=64 problem_size=100
[2026-02-26 10:02:13,983] INFO:ptp_discovery.pref_loss_coevo: Gen 17 proxy rollouts progress: 1/10 cache_hit=True caches(rollout=10 pref=550 pair=1407) cuda(cuda(alloc=0.04G,resv=0.16G))
[2026-02-26 10:02:13,983] INFO:ptp_discovery.pref_loss_coevo: Gen 17 proxy rollouts progress: 10/10 cache_hit=True caches(rollout=10 pref=550 pair=1407) cuda(cuda(alloc=0.04G,resv=0.16G))
[2026-02-26 10:02:13,984] INFO:ptp_discovery.pref_loss_coevo: Gen 17 proxy rollouts done: elapsed_s=0.0 caches(rollout=10 pref=550 pair=1407) cuda(cuda(alloc=0.04G,resv=0.16G))
[2026-02-26 10:02:14,069] INFO:ptp_discovery.pref_loss_coevo: Alternating phase=loss fixed_g=g013_052_d2e3fcbf budget=64
[2026-02-26 10:02:14,069] INFO:ptp_discovery.pref_loss_coevo: EVAL_STAGES enabled: stage0_gate=1 stage1_proxy=1 stage2_micro_unroll=0 stage3_high_fidelity=1
[2026-02-26 10:02:14,069] INFO:ptp_discovery.pref_loss_coevo: Alternating phase=builder fixed_f=f010_040_7b790716 budget=64
[2026-02-26 10:02:14,070] INFO:ptp_discovery.pref_loss_coevo: EVAL_STAGES enabled: stage0_gate=1 stage1_proxy=1 stage2_micro_unroll=0 stage3_high_fidelity=1
[2026-02-26 10:02:14,072] INFO:ptp_discovery.pref_loss_coevo: Gen 17 pref_cache pruned: dropped=270 kept=280 keep_g_ids=54 keep_batch_ids=10 caches(rollout=10 pref=280 pair=1407) cuda(cuda(alloc=0.03G,resv=0.16G))
[2026-02-26 10:02:14,096] INFO:ptp_discovery.pref_loss_coevo: Cheap eval progress gen=17: 1/118 caches(rollout=10 pref=280 pair=1408) cuda(cuda(alloc=0.03G,resv=0.16G))
[2026-02-26 10:02:14,259] INFO:ptp_discovery.pref_loss_coevo: Cheap eval progress gen=17: 10/118 caches(rollout=10 pref=280 pair=1414) cuda(cuda(alloc=0.03G,resv=0.16G))
[2026-02-26 10:02:14,449] INFO:ptp_discovery.pref_loss_coevo: Cheap eval progress gen=17: 20/118 caches(rollout=10 pref=280 pair=1421) cuda(cuda(alloc=0.03G,resv=0.16G))
[2026-02-26 10:02:14,641] INFO:ptp_discovery.pref_loss_coevo: Cheap eval progress gen=17: 30/118 caches(rollout=10 pref=280 pair=1428) cuda(cuda(alloc=0.03G,resv=0.16G))
[2026-02-26 10:02:14,833] INFO:ptp_discovery.pref_loss_coevo: Cheap eval progress gen=17: 40/118 caches(rollout=10 pref=280 pair=1435) cuda(cuda(alloc=0.03G,resv=0.16G))
[2026-02-26 10:02:15,053] INFO:ptp_discovery.pref_loss_coevo: Cheap eval progress gen=17: 50/118 caches(rollout=10 pref=280 pair=1443) cuda(cuda(alloc=0.03G,resv=0.16G))
[2026-02-26 10:02:15,302] INFO:ptp_discovery.pref_loss_coevo: Cheap eval progress gen=17: 60/118 caches(rollout=10 pref=280 pair=1452) cuda(cuda(alloc=0.03G,resv=0.16G))
[2026-02-26 10:02:15,521] INFO:ptp_discovery.pref_loss_coevo: Cheap eval progress gen=17: 70/118 caches(rollout=10 pref=320 pair=1459) cuda(cuda(alloc=0.03G,resv=0.16G))
[2026-02-26 10:02:15,693] INFO:ptp_discovery.pref_loss_coevo: Cheap eval progress gen=17: 80/118 caches(rollout=10 pref=370 pair=1464) cuda(cuda(alloc=0.03G,resv=0.16G))
[2026-02-26 10:02:15,830] INFO:ptp_discovery.pref_loss_coevo: Cheap eval progress gen=17: 90/118 caches(rollout=10 pref=410 pair=1468) cuda(cuda(alloc=0.03G,resv=0.16G))
[2026-02-26 10:02:15,932] INFO:ptp_discovery.pref_loss_coevo: Cheap eval progress gen=17: 100/118 caches(rollout=10 pref=440 pair=1471) cuda(cuda(alloc=0.03G,resv=0.16G))
[2026-02-26 10:02:16,068] INFO:ptp_discovery.pref_loss_coevo: Cheap eval progress gen=17: 110/118 caches(rollout=10 pref=480 pair=1475) cuda(cuda(alloc=0.03G,resv=0.16G))
[2026-02-26 10:02:16,278] INFO:ptp_discovery.pref_loss_coevo: Cheap eval progress gen=17: 118/118 caches(rollout=10 pref=540 pair=1481) cuda(cuda(alloc=0.03G,resv=0.16G))
[2026-02-26 10:02:16,279] INFO:ptp_discovery.pref_loss_coevo: Cheap eval done gen=17: pairs=118 elapsed_s=2.2 caches(rollout=10 pref=540 pair=1481) cuda(cuda(alloc=0.03G,resv=0.16G))
[2026-02-26 10:02:16,280] INFO:ptp_discovery.pref_loss_coevo: HF selection gen=17: eligible=0 selected=0 (top_m=8)
[2026-02-26 10:02:16,281] INFO:ptp_discovery.pref_loss_coevo: COMPARE target=prev_best reference_score=1.0914446919262901 threshold=1.0914446919262901 metric_mode=minimize improve_eps=0.0
[2026-02-26 10:02:16,281] INFO:ptp_discovery.pref_loss_coevo: Gen 17 summary: g_pool=26 f_pool=64 pairs=118 ok=0 stages={'cheap': 118} top_reasons=[('cheap_proxy_gate_failed', 118)]
[2026-02-26 10:02:16,282] WARNING:ptp_discovery.pref_loss_coevo: Gen 17 produced no high-fidelity evaluations (stage='high_fidelity'). Check proxy gates/thresholds: if all pairs are pair_ok=False, HF won't run.
[2026-02-26 10:02:16,327] INFO:ptp_discovery.pref_loss_coevo: === alternating generation 18/49 ===
[2026-02-26 10:02:16,327] INFO:ptp_discovery.pref_loss_coevo: EVAL_STAGES enabled: stage0_gate=1 stage1_proxy=1 stage2_micro_unroll=0 stage3_high_fidelity=1
[2026-02-26 10:02:16,327] INFO:ptp_discovery.pref_loss_coevo: INCUMBENT best_score=1.0914446919262901 best_pair=(g013_052_d2e3fcbf,f010_040_7b790716) best_stage=proxy metric_mode=minimize improve_eps=0.0
[2026-02-26 10:02:16,328] INFO:ptp_discovery.pref_loss_coevo: Gen 18 start: caches(rollout=10 pref=540 pair=1481) cuda(cuda(alloc=0.03G,resv=0.16G))
[2026-02-26 10:02:16,472] INFO:ptp_discovery.pref_loss_coevo: Gen 18 proxy rollouts: device=cuda batches=10 batch_size=64 problem_size=100
[2026-02-26 10:02:16,473] INFO:ptp_discovery.pref_loss_coevo: Gen 18 proxy rollouts progress: 1/10 cache_hit=True caches(rollout=10 pref=540 pair=1481) cuda(cuda(alloc=0.03G,resv=0.16G))
[2026-02-26 10:02:16,473] INFO:ptp_discovery.pref_loss_coevo: Gen 18 proxy rollouts progress: 10/10 cache_hit=True caches(rollout=10 pref=540 pair=1481) cuda(cuda(alloc=0.03G,resv=0.16G))
[2026-02-26 10:02:16,474] INFO:ptp_discovery.pref_loss_coevo: Gen 18 proxy rollouts done: elapsed_s=0.0 caches(rollout=10 pref=540 pair=1481) cuda(cuda(alloc=0.03G,resv=0.16G))
[2026-02-26 10:02:16,559] INFO:ptp_discovery.pref_loss_coevo: Alternating phase=loss fixed_g=g013_052_d2e3fcbf budget=64
[2026-02-26 10:02:16,559] INFO:ptp_discovery.pref_loss_coevo: EVAL_STAGES enabled: stage0_gate=1 stage1_proxy=1 stage2_micro_unroll=0 stage3_high_fidelity=1
[2026-02-26 10:02:16,559] INFO:ptp_discovery.pref_loss_coevo: Alternating phase=builder fixed_f=f010_040_7b790716 budget=64
[2026-02-26 10:02:16,559] INFO:ptp_discovery.pref_loss_coevo: EVAL_STAGES enabled: stage0_gate=1 stage1_proxy=1 stage2_micro_unroll=0 stage3_high_fidelity=1
[2026-02-26 10:02:16,561] INFO:ptp_discovery.pref_loss_coevo: Gen 18 pref_cache pruned: dropped=250 kept=290 keep_g_ids=51 keep_batch_ids=10 caches(rollout=10 pref=290 pair=1481) cuda(cuda(alloc=0.03G,resv=0.16G))
[2026-02-26 10:02:16,587] INFO:ptp_discovery.pref_loss_coevo: Cheap eval progress gen=18: 1/114 caches(rollout=10 pref=290 pair=1482) cuda(cuda(alloc=0.03G,resv=0.16G))
[2026-02-26 10:02:16,752] INFO:ptp_discovery.pref_loss_coevo: Cheap eval progress gen=18: 10/114 caches(rollout=10 pref=290 pair=1488) cuda(cuda(alloc=0.03G,resv=0.16G))
[2026-02-26 10:02:16,946] INFO:ptp_discovery.pref_loss_coevo: Cheap eval progress gen=18: 20/114 caches(rollout=10 pref=290 pair=1495) cuda(cuda(alloc=0.03G,resv=0.16G))
[2026-02-26 10:02:17,138] INFO:ptp_discovery.pref_loss_coevo: Cheap eval progress gen=18: 30/114 caches(rollout=10 pref=290 pair=1502) cuda(cuda(alloc=0.03G,resv=0.16G))
[2026-02-26 10:02:17,220] INFO:ptp_discovery.pref_loss_coevo: Cheap eval progress gen=18: 40/114 caches(rollout=10 pref=290 pair=1505) cuda(cuda(alloc=0.03G,resv=0.16G))
[2026-02-26 10:02:17,415] INFO:ptp_discovery.pref_loss_coevo: Cheap eval progress gen=18: 50/114 caches(rollout=10 pref=290 pair=1512) cuda(cuda(alloc=0.03G,resv=0.16G))
[2026-02-26 10:02:17,668] INFO:ptp_discovery.pref_loss_coevo: Cheap eval progress gen=18: 60/114 caches(rollout=10 pref=290 pair=1521) cuda(cuda(alloc=0.03G,resv=0.16G))
[2026-02-26 10:02:17,886] INFO:ptp_discovery.pref_loss_coevo: Cheap eval progress gen=18: 70/114 caches(rollout=10 pref=330 pair=1528) cuda(cuda(alloc=0.03G,resv=0.16G))
[2026-02-26 10:02:17,986] INFO:ptp_discovery.pref_loss_coevo: Cheap eval progress gen=18: 80/114 caches(rollout=10 pref=360 pair=1531) cuda(cuda(alloc=0.03G,resv=0.16G))
[2026-02-26 10:02:18,151] INFO:ptp_discovery.pref_loss_coevo: Cheap eval progress gen=18: 90/114 caches(rollout=10 pref=410 pair=1536) cuda(cuda(alloc=0.03G,resv=0.16G))
[2026-02-26 10:02:18,284] INFO:ptp_discovery.pref_loss_coevo: Cheap eval progress gen=18: 100/114 caches(rollout=10 pref=450 pair=1540) cuda(cuda(alloc=0.03G,resv=0.16G))
[2026-02-26 10:02:18,452] INFO:ptp_discovery.pref_loss_coevo: Cheap eval progress gen=18: 110/114 caches(rollout=10 pref=500 pair=1545) cuda(cuda(alloc=0.03G,resv=0.16G))
[2026-02-26 10:02:18,486] INFO:ptp_discovery.pref_loss_coevo: Cheap eval progress gen=18: 114/114 caches(rollout=10 pref=510 pair=1546) cuda(cuda(alloc=0.04G,resv=0.16G))
[2026-02-26 10:02:18,487] INFO:ptp_discovery.pref_loss_coevo: Cheap eval done gen=18: pairs=114 elapsed_s=1.9 caches(rollout=10 pref=510 pair=1546) cuda(cuda(alloc=0.04G,resv=0.16G))
[2026-02-26 10:02:18,487] INFO:ptp_discovery.pref_loss_coevo: HF selection gen=18: eligible=0 selected=0 (top_m=8)
[2026-02-26 10:02:18,488] INFO:ptp_discovery.pref_loss_coevo: COMPARE target=prev_best reference_score=1.0914446919262901 threshold=1.0914446919262901 metric_mode=minimize improve_eps=0.0
[2026-02-26 10:02:18,488] INFO:ptp_discovery.pref_loss_coevo: Gen 18 summary: g_pool=22 f_pool=64 pairs=114 ok=0 stages={'cheap': 114} top_reasons=[('cheap_proxy_gate_failed', 114)]
[2026-02-26 10:02:18,488] WARNING:ptp_discovery.pref_loss_coevo: Gen 18 produced no high-fidelity evaluations (stage='high_fidelity'). Check proxy gates/thresholds: if all pairs are pair_ok=False, HF won't run.
[2026-02-26 10:02:18,532] INFO:ptp_discovery.pref_loss_coevo: === alternating generation 19/49 ===
[2026-02-26 10:02:18,532] INFO:ptp_discovery.pref_loss_coevo: EVAL_STAGES enabled: stage0_gate=1 stage1_proxy=1 stage2_micro_unroll=0 stage3_high_fidelity=1
[2026-02-26 10:02:18,532] INFO:ptp_discovery.pref_loss_coevo: INCUMBENT best_score=1.0914446919262901 best_pair=(g013_052_d2e3fcbf,f010_040_7b790716) best_stage=proxy metric_mode=minimize improve_eps=0.0
[2026-02-26 10:02:18,533] INFO:ptp_discovery.pref_loss_coevo: Gen 19 start: caches(rollout=10 pref=510 pair=1546) cuda(cuda(alloc=0.04G,resv=0.16G))
[2026-02-26 10:02:18,678] INFO:ptp_discovery.pref_loss_coevo: Gen 19 proxy rollouts: device=cuda batches=10 batch_size=64 problem_size=100
[2026-02-26 10:02:18,678] INFO:ptp_discovery.pref_loss_coevo: Gen 19 proxy rollouts progress: 1/10 cache_hit=True caches(rollout=10 pref=510 pair=1546) cuda(cuda(alloc=0.04G,resv=0.16G))
[2026-02-26 10:02:18,679] INFO:ptp_discovery.pref_loss_coevo: Gen 19 proxy rollouts progress: 10/10 cache_hit=True caches(rollout=10 pref=510 pair=1546) cuda(cuda(alloc=0.04G,resv=0.16G))
[2026-02-26 10:02:18,679] INFO:ptp_discovery.pref_loss_coevo: Gen 19 proxy rollouts done: elapsed_s=0.0 caches(rollout=10 pref=510 pair=1546) cuda(cuda(alloc=0.04G,resv=0.16G))
[2026-02-26 10:02:18,769] INFO:ptp_discovery.pref_loss_coevo: Alternating phase=loss fixed_g=g013_052_d2e3fcbf budget=64
[2026-02-26 10:02:18,769] INFO:ptp_discovery.pref_loss_coevo: EVAL_STAGES enabled: stage0_gate=1 stage1_proxy=1 stage2_micro_unroll=0 stage3_high_fidelity=1
[2026-02-26 10:02:18,769] INFO:ptp_discovery.pref_loss_coevo: Alternating phase=builder fixed_f=f010_040_7b790716 budget=64
[2026-02-26 10:02:18,770] INFO:ptp_discovery.pref_loss_coevo: EVAL_STAGES enabled: stage0_gate=1 stage1_proxy=1 stage2_micro_unroll=0 stage3_high_fidelity=1
[2026-02-26 10:02:18,771] INFO:ptp_discovery.pref_loss_coevo: Gen 19 pref_cache pruned: dropped=200 kept=310 keep_g_ids=57 keep_batch_ids=10 caches(rollout=10 pref=310 pair=1546) cuda(cuda(alloc=0.03G,resv=0.16G))
[2026-02-26 10:02:18,796] INFO:ptp_discovery.pref_loss_coevo: Cheap eval progress gen=19: 1/121 caches(rollout=10 pref=310 pair=1547) cuda(cuda(alloc=0.03G,resv=0.16G))
[2026-02-26 10:02:19,018] INFO:ptp_discovery.pref_loss_coevo: Cheap eval progress gen=19: 10/121 caches(rollout=10 pref=310 pair=1555) cuda(cuda(alloc=0.03G,resv=0.16G))
[2026-02-26 10:02:19,214] INFO:ptp_discovery.pref_loss_coevo: Cheap eval progress gen=19: 20/121 caches(rollout=10 pref=310 pair=1562) cuda(cuda(alloc=0.03G,resv=0.16G))
[2026-02-26 10:02:19,410] INFO:ptp_discovery.pref_loss_coevo: Cheap eval progress gen=19: 30/121 caches(rollout=10 pref=310 pair=1569) cuda(cuda(alloc=0.03G,resv=0.16G))
[2026-02-26 10:02:19,549] INFO:ptp_discovery.pref_loss_coevo: Cheap eval progress gen=19: 40/121 caches(rollout=10 pref=310 pair=1574) cuda(cuda(alloc=0.03G,resv=0.16G))
[2026-02-26 10:02:19,747] INFO:ptp_discovery.pref_loss_coevo: Cheap eval progress gen=19: 50/121 caches(rollout=10 pref=310 pair=1581) cuda(cuda(alloc=0.03G,resv=0.16G))
[2026-02-26 10:02:19,917] INFO:ptp_discovery.pref_loss_coevo: Cheap eval progress gen=19: 60/121 caches(rollout=10 pref=310 pair=1587) cuda(cuda(alloc=0.03G,resv=0.16G))
[2026-02-26 10:02:20,042] INFO:ptp_discovery.pref_loss_coevo: Cheap eval progress gen=19: 70/121 caches(rollout=10 pref=330 pair=1591) cuda(cuda(alloc=0.03G,resv=0.16G))
[2026-02-26 10:02:20,246] INFO:ptp_discovery.pref_loss_coevo: Cheap eval progress gen=19: 80/121 caches(rollout=10 pref=390 pair=1597) cuda(cuda(alloc=0.03G,resv=0.16G))
[2026-02-26 10:02:20,385] INFO:ptp_discovery.pref_loss_coevo: Cheap eval progress gen=19: 90/121 caches(rollout=10 pref=430 pair=1601) cuda(cuda(alloc=0.03G,resv=0.16G))
[2026-02-26 10:02:20,589] INFO:ptp_discovery.pref_loss_coevo: Cheap eval progress gen=19: 100/121 caches(rollout=10 pref=490 pair=1607) cuda(cuda(alloc=0.03G,resv=0.16G))
[2026-02-26 10:02:20,658] INFO:ptp_discovery.pref_loss_coevo: Cheap eval progress gen=19: 110/121 caches(rollout=10 pref=510 pair=1609) cuda(cuda(alloc=0.03G,resv=0.16G))
[2026-02-26 10:02:20,828] INFO:ptp_discovery.pref_loss_coevo: Cheap eval progress gen=19: 120/121 caches(rollout=10 pref=560 pair=1614) cuda(cuda(alloc=0.04G,resv=0.16G))
[2026-02-26 10:02:20,862] INFO:ptp_discovery.pref_loss_coevo: Cheap eval progress gen=19: 121/121 caches(rollout=10 pref=570 pair=1615) cuda(cuda(alloc=0.04G,resv=0.16G))
[2026-02-26 10:02:20,863] INFO:ptp_discovery.pref_loss_coevo: Cheap eval done gen=19: pairs=121 elapsed_s=2.1 caches(rollout=10 pref=570 pair=1615) cuda(cuda(alloc=0.04G,resv=0.16G))
[2026-02-26 10:02:20,863] INFO:ptp_discovery.pref_loss_coevo: HF selection gen=19: eligible=0 selected=0 (top_m=8)
[2026-02-26 10:02:20,864] INFO:ptp_discovery.pref_loss_coevo: COMPARE target=prev_best reference_score=1.0914446919262901 threshold=1.0914446919262901 metric_mode=minimize improve_eps=0.0
[2026-02-26 10:02:20,864] INFO:ptp_discovery.pref_loss_coevo: Gen 19 summary: g_pool=26 f_pool=64 pairs=121 ok=0 stages={'cheap': 121} top_reasons=[('cheap_proxy_gate_failed', 121)]
[2026-02-26 10:02:20,865] WARNING:ptp_discovery.pref_loss_coevo: Gen 19 produced no high-fidelity evaluations (stage='high_fidelity'). Check proxy gates/thresholds: if all pairs are pair_ok=False, HF won't run.
[2026-02-26 10:02:20,910] INFO:ptp_discovery.pref_loss_coevo: === alternating generation 20/49 ===
[2026-02-26 10:02:20,910] INFO:ptp_discovery.pref_loss_coevo: EVAL_STAGES enabled: stage0_gate=1 stage1_proxy=1 stage2_micro_unroll=0 stage3_high_fidelity=1
[2026-02-26 10:02:20,910] INFO:ptp_discovery.pref_loss_coevo: INCUMBENT best_score=1.0914446919262901 best_pair=(g013_052_d2e3fcbf,f010_040_7b790716) best_stage=proxy metric_mode=minimize improve_eps=0.0
[2026-02-26 10:02:20,911] INFO:ptp_discovery.pref_loss_coevo: Gen 20 start: caches(rollout=10 pref=570 pair=1615) cuda(cuda(alloc=0.04G,resv=0.16G))
[2026-02-26 10:02:21,054] INFO:ptp_discovery.pref_loss_coevo: Gen 20 proxy rollouts: device=cuda batches=10 batch_size=64 problem_size=100
[2026-02-26 10:02:21,055] INFO:ptp_discovery.pref_loss_coevo: Gen 20 proxy rollouts progress: 1/10 cache_hit=True caches(rollout=10 pref=570 pair=1615) cuda(cuda(alloc=0.04G,resv=0.16G))
[2026-02-26 10:02:21,055] INFO:ptp_discovery.pref_loss_coevo: Gen 20 proxy rollouts progress: 10/10 cache_hit=True caches(rollout=10 pref=570 pair=1615) cuda(cuda(alloc=0.04G,resv=0.16G))
[2026-02-26 10:02:21,055] INFO:ptp_discovery.pref_loss_coevo: Gen 20 proxy rollouts done: elapsed_s=0.0 caches(rollout=10 pref=570 pair=1615) cuda(cuda(alloc=0.04G,resv=0.16G))
[2026-02-26 10:02:21,144] INFO:ptp_discovery.pref_loss_coevo: Alternating phase=loss fixed_g=g013_052_d2e3fcbf budget=64
[2026-02-26 10:02:21,144] INFO:ptp_discovery.pref_loss_coevo: EVAL_STAGES enabled: stage0_gate=1 stage1_proxy=1 stage2_micro_unroll=0 stage3_high_fidelity=1
[2026-02-26 10:02:21,145] INFO:ptp_discovery.pref_loss_coevo: Alternating phase=builder fixed_f=f010_040_7b790716 budget=64
[2026-02-26 10:02:21,145] INFO:ptp_discovery.pref_loss_coevo: EVAL_STAGES enabled: stage0_gate=1 stage1_proxy=1 stage2_micro_unroll=0 stage3_high_fidelity=1
[2026-02-26 10:02:21,147] INFO:ptp_discovery.pref_loss_coevo: Gen 20 pref_cache pruned: dropped=250 kept=320 keep_g_ids=55 keep_batch_ids=10 caches(rollout=10 pref=320 pair=1615) cuda(cuda(alloc=0.03G,resv=0.16G))
[2026-02-26 10:02:21,172] INFO:ptp_discovery.pref_loss_coevo: Cheap eval progress gen=20: 1/118 caches(rollout=10 pref=320 pair=1616) cuda(cuda(alloc=0.03G,resv=0.16G))
[2026-02-26 10:02:21,340] INFO:ptp_discovery.pref_loss_coevo: Cheap eval progress gen=20: 10/118 caches(rollout=10 pref=320 pair=1622) cuda(cuda(alloc=0.03G,resv=0.16G))
[2026-02-26 10:02:21,561] INFO:ptp_discovery.pref_loss_coevo: Cheap eval progress gen=20: 20/118 caches(rollout=10 pref=320 pair=1630) cuda(cuda(alloc=0.03G,resv=0.16G))
[2026-02-26 10:02:21,701] INFO:ptp_discovery.pref_loss_coevo: Cheap eval progress gen=20: 30/118 caches(rollout=10 pref=320 pair=1635) cuda(cuda(alloc=0.03G,resv=0.16G))
[2026-02-26 10:02:21,839] INFO:ptp_discovery.pref_loss_coevo: Cheap eval progress gen=20: 40/118 caches(rollout=10 pref=320 pair=1640) cuda(cuda(alloc=0.03G,resv=0.16G))
[2026-02-26 10:02:22,027] INFO:ptp_discovery.pref_loss_coevo: Cheap eval progress gen=20: 50/118 caches(rollout=10 pref=320 pair=1647) cuda(cuda(alloc=0.03G,resv=0.16G))
[2026-02-26 10:02:22,302] INFO:ptp_discovery.pref_loss_coevo: Cheap eval progress gen=20: 60/118 caches(rollout=10 pref=320 pair=1657) cuda(cuda(alloc=0.03G,resv=0.16G))
[2026-02-26 10:02:22,486] INFO:ptp_discovery.pref_loss_coevo: Cheap eval progress gen=20: 70/118 caches(rollout=10 pref=350 pair=1663) cuda(cuda(alloc=0.03G,resv=0.16G))
[2026-02-26 10:02:22,658] INFO:ptp_discovery.pref_loss_coevo: Cheap eval progress gen=20: 80/118 caches(rollout=10 pref=400 pair=1668) cuda(cuda(alloc=0.03G,resv=0.16G))
[2026-02-26 10:02:22,727] INFO:ptp_discovery.pref_loss_coevo: Cheap eval progress gen=20: 90/118 caches(rollout=10 pref=420 pair=1670) cuda(cuda(alloc=0.03G,resv=0.16G))
[2026-02-26 10:02:22,830] INFO:ptp_discovery.pref_loss_coevo: Cheap eval progress gen=20: 100/118 caches(rollout=10 pref=450 pair=1673) cuda(cuda(alloc=0.03G,resv=0.16G))
[2026-02-26 10:02:23,000] INFO:ptp_discovery.pref_loss_coevo: Cheap eval progress gen=20: 110/118 caches(rollout=10 pref=500 pair=1678) cuda(cuda(alloc=0.04G,resv=0.16G))
[2026-02-26 10:02:23,174] INFO:ptp_discovery.pref_loss_coevo: Cheap eval progress gen=20: 118/118 caches(rollout=10 pref=550 pair=1683) cuda(cuda(alloc=0.04G,resv=0.16G))
[2026-02-26 10:02:23,175] INFO:ptp_discovery.pref_loss_coevo: Cheap eval done gen=20: pairs=118 elapsed_s=2.0 caches(rollout=10 pref=550 pair=1683) cuda(cuda(alloc=0.04G,resv=0.16G))
[2026-02-26 10:02:23,175] INFO:ptp_discovery.pref_loss_coevo: HF selection gen=20: eligible=0 selected=0 (top_m=8)
[2026-02-26 10:02:23,176] INFO:ptp_discovery.pref_loss_coevo: COMPARE target=prev_best reference_score=1.0914446919262901 threshold=1.0914446919262901 metric_mode=minimize improve_eps=0.0
[2026-02-26 10:02:23,176] INFO:ptp_discovery.pref_loss_coevo: Gen 20 summary: g_pool=23 f_pool=64 pairs=118 ok=0 stages={'cheap': 118} top_reasons=[('cheap_proxy_gate_failed', 118)]
[2026-02-26 10:02:23,176] WARNING:ptp_discovery.pref_loss_coevo: Gen 20 produced no high-fidelity evaluations (stage='high_fidelity'). Check proxy gates/thresholds: if all pairs are pair_ok=False, HF won't run.
[2026-02-26 10:02:23,222] INFO:ptp_discovery.pref_loss_coevo: === alternating generation 21/49 ===
[2026-02-26 10:02:23,222] INFO:ptp_discovery.pref_loss_coevo: EVAL_STAGES enabled: stage0_gate=1 stage1_proxy=1 stage2_micro_unroll=0 stage3_high_fidelity=1
[2026-02-26 10:02:23,222] INFO:ptp_discovery.pref_loss_coevo: INCUMBENT best_score=1.0914446919262901 best_pair=(g013_052_d2e3fcbf,f010_040_7b790716) best_stage=proxy metric_mode=minimize improve_eps=0.0
[2026-02-26 10:02:23,222] INFO:ptp_discovery.pref_loss_coevo: Gen 21 start: caches(rollout=10 pref=550 pair=1683) cuda(cuda(alloc=0.04G,resv=0.16G))
[2026-02-26 10:02:23,369] INFO:ptp_discovery.pref_loss_coevo: Gen 21 proxy rollouts: device=cuda batches=10 batch_size=64 problem_size=100
[2026-02-26 10:02:23,369] INFO:ptp_discovery.pref_loss_coevo: Gen 21 proxy rollouts progress: 1/10 cache_hit=True caches(rollout=10 pref=550 pair=1683) cuda(cuda(alloc=0.04G,resv=0.16G))
[2026-02-26 10:02:23,370] INFO:ptp_discovery.pref_loss_coevo: Gen 21 proxy rollouts progress: 10/10 cache_hit=True caches(rollout=10 pref=550 pair=1683) cuda(cuda(alloc=0.04G,resv=0.16G))
[2026-02-26 10:02:23,370] INFO:ptp_discovery.pref_loss_coevo: Gen 21 proxy rollouts done: elapsed_s=0.0 caches(rollout=10 pref=550 pair=1683) cuda(cuda(alloc=0.04G,resv=0.16G))
[2026-02-26 10:02:23,457] INFO:ptp_discovery.pref_loss_coevo: Alternating phase=loss fixed_g=g013_052_d2e3fcbf budget=64
[2026-02-26 10:02:23,457] INFO:ptp_discovery.pref_loss_coevo: EVAL_STAGES enabled: stage0_gate=1 stage1_proxy=1 stage2_micro_unroll=0 stage3_high_fidelity=1
[2026-02-26 10:02:23,457] INFO:ptp_discovery.pref_loss_coevo: Alternating phase=builder fixed_f=f010_040_7b790716 budget=64
[2026-02-26 10:02:23,458] INFO:ptp_discovery.pref_loss_coevo: EVAL_STAGES enabled: stage0_gate=1 stage1_proxy=1 stage2_micro_unroll=0 stage3_high_fidelity=1
[2026-02-26 10:02:23,460] INFO:ptp_discovery.pref_loss_coevo: Gen 21 pref_cache pruned: dropped=230 kept=320 keep_g_ids=51 keep_batch_ids=10 caches(rollout=10 pref=320 pair=1683) cuda(cuda(alloc=0.03G,resv=0.16G))
[2026-02-26 10:02:23,484] INFO:ptp_discovery.pref_loss_coevo: Cheap eval progress gen=21: 1/114 caches(rollout=10 pref=320 pair=1684) cuda(cuda(alloc=0.03G,resv=0.16G))
[2026-02-26 10:02:23,733] INFO:ptp_discovery.pref_loss_coevo: Cheap eval progress gen=21: 10/114 caches(rollout=10 pref=320 pair=1693) cuda(cuda(alloc=0.03G,resv=0.16G))
[2026-02-26 10:02:23,961] INFO:ptp_discovery.pref_loss_coevo: Cheap eval progress gen=21: 20/114 caches(rollout=10 pref=320 pair=1701) cuda(cuda(alloc=0.03G,resv=0.16G))
[2026-02-26 10:02:24,100] INFO:ptp_discovery.pref_loss_coevo: Cheap eval progress gen=21: 30/114 caches(rollout=10 pref=320 pair=1706) cuda(cuda(alloc=0.03G,resv=0.16G))
[2026-02-26 10:02:24,289] INFO:ptp_discovery.pref_loss_coevo: Cheap eval progress gen=21: 40/114 caches(rollout=10 pref=320 pair=1713) cuda(cuda(alloc=0.03G,resv=0.16G))
[2026-02-26 10:02:24,399] INFO:ptp_discovery.pref_loss_coevo: Cheap eval progress gen=21: 50/114 caches(rollout=10 pref=320 pair=1717) cuda(cuda(alloc=0.03G,resv=0.16G))
[2026-02-26 10:02:24,625] INFO:ptp_discovery.pref_loss_coevo: Cheap eval progress gen=21: 60/114 caches(rollout=10 pref=320 pair=1725) cuda(cuda(alloc=0.03G,resv=0.16G))
[2026-02-26 10:02:24,840] INFO:ptp_discovery.pref_loss_coevo: Cheap eval progress gen=21: 70/114 caches(rollout=10 pref=360 pair=1732) cuda(cuda(alloc=0.03G,resv=0.16G))
[2026-02-26 10:02:25,012] INFO:ptp_discovery.pref_loss_coevo: Cheap eval progress gen=21: 80/114 caches(rollout=10 pref=410 pair=1737) cuda(cuda(alloc=0.03G,resv=0.16G))
[2026-02-26 10:02:25,149] INFO:ptp_discovery.pref_loss_coevo: Cheap eval progress gen=21: 90/114 caches(rollout=10 pref=450 pair=1741) cuda(cuda(alloc=0.03G,resv=0.16G))
[2026-02-26 10:02:25,217] INFO:ptp_discovery.pref_loss_coevo: Cheap eval progress gen=21: 100/114 caches(rollout=10 pref=470 pair=1743) cuda(cuda(alloc=0.03G,resv=0.16G))
[2026-02-26 10:02:25,319] INFO:ptp_discovery.pref_loss_coevo: Cheap eval progress gen=21: 110/114 caches(rollout=10 pref=500 pair=1746) cuda(cuda(alloc=0.03G,resv=0.16G))
[2026-02-26 10:02:25,353] INFO:ptp_discovery.pref_loss_coevo: Cheap eval progress gen=21: 114/114 caches(rollout=10 pref=510 pair=1747) cuda(cuda(alloc=0.03G,resv=0.16G))
[2026-02-26 10:02:25,354] INFO:ptp_discovery.pref_loss_coevo: Cheap eval done gen=21: pairs=114 elapsed_s=1.9 caches(rollout=10 pref=510 pair=1747) cuda(cuda(alloc=0.03G,resv=0.16G))
[2026-02-26 10:02:25,355] INFO:ptp_discovery.pref_loss_coevo: HF selection gen=21: eligible=0 selected=0 (top_m=8)
[2026-02-26 10:02:25,355] INFO:ptp_discovery.pref_loss_coevo: COMPARE target=prev_best reference_score=1.0914446919262901 threshold=1.0914446919262901 metric_mode=minimize improve_eps=0.0
[2026-02-26 10:02:25,356] INFO:ptp_discovery.pref_loss_coevo: Gen 21 summary: g_pool=19 f_pool=64 pairs=114 ok=0 stages={'cheap': 114} top_reasons=[('cheap_proxy_gate_failed', 114)]
[2026-02-26 10:02:25,356] WARNING:ptp_discovery.pref_loss_coevo: Gen 21 produced no high-fidelity evaluations (stage='high_fidelity'). Check proxy gates/thresholds: if all pairs are pair_ok=False, HF won't run.
[2026-02-26 10:02:25,400] INFO:ptp_discovery.pref_loss_coevo: === alternating generation 22/49 ===
[2026-02-26 10:02:25,401] INFO:ptp_discovery.pref_loss_coevo: EVAL_STAGES enabled: stage0_gate=1 stage1_proxy=1 stage2_micro_unroll=0 stage3_high_fidelity=1
[2026-02-26 10:02:25,401] INFO:ptp_discovery.pref_loss_coevo: INCUMBENT best_score=1.0914446919262901 best_pair=(g013_052_d2e3fcbf,f010_040_7b790716) best_stage=proxy metric_mode=minimize improve_eps=0.0
[2026-02-26 10:02:25,401] INFO:ptp_discovery.pref_loss_coevo: Gen 22 start: caches(rollout=10 pref=510 pair=1747) cuda(cuda(alloc=0.03G,resv=0.16G))
[2026-02-26 10:02:25,547] INFO:ptp_discovery.pref_loss_coevo: Gen 22 proxy rollouts: device=cuda batches=10 batch_size=64 problem_size=100
[2026-02-26 10:02:25,547] INFO:ptp_discovery.pref_loss_coevo: Gen 22 proxy rollouts progress: 1/10 cache_hit=True caches(rollout=10 pref=510 pair=1747) cuda(cuda(alloc=0.03G,resv=0.16G))
[2026-02-26 10:02:25,548] INFO:ptp_discovery.pref_loss_coevo: Gen 22 proxy rollouts progress: 10/10 cache_hit=True caches(rollout=10 pref=510 pair=1747) cuda(cuda(alloc=0.03G,resv=0.16G))
[2026-02-26 10:02:25,548] INFO:ptp_discovery.pref_loss_coevo: Gen 22 proxy rollouts done: elapsed_s=0.0 caches(rollout=10 pref=510 pair=1747) cuda(cuda(alloc=0.03G,resv=0.16G))
[2026-02-26 10:02:25,637] INFO:ptp_discovery.pref_loss_coevo: Alternating phase=loss fixed_g=g013_052_d2e3fcbf budget=64
[2026-02-26 10:02:25,637] INFO:ptp_discovery.pref_loss_coevo: EVAL_STAGES enabled: stage0_gate=1 stage1_proxy=1 stage2_micro_unroll=0 stage3_high_fidelity=1
[2026-02-26 10:02:25,637] INFO:ptp_discovery.pref_loss_coevo: Alternating phase=builder fixed_f=f010_040_7b790716 budget=64
[2026-02-26 10:02:25,637] INFO:ptp_discovery.pref_loss_coevo: EVAL_STAGES enabled: stage0_gate=1 stage1_proxy=1 stage2_micro_unroll=0 stage3_high_fidelity=1
[2026-02-26 10:02:25,639] INFO:ptp_discovery.pref_loss_coevo: Gen 22 pref_cache pruned: dropped=190 kept=320 keep_g_ids=53 keep_batch_ids=10 caches(rollout=10 pref=320 pair=1747) cuda(cuda(alloc=0.03G,resv=0.16G))
[2026-02-26 10:02:25,664] INFO:ptp_discovery.pref_loss_coevo: Cheap eval progress gen=22: 1/116 caches(rollout=10 pref=320 pair=1748) cuda(cuda(alloc=0.03G,resv=0.16G))
[2026-02-26 10:02:25,885] INFO:ptp_discovery.pref_loss_coevo: Cheap eval progress gen=22: 10/116 caches(rollout=10 pref=320 pair=1756) cuda(cuda(alloc=0.03G,resv=0.16G))
[2026-02-26 10:02:26,049] INFO:ptp_discovery.pref_loss_coevo: Cheap eval progress gen=22: 20/116 caches(rollout=10 pref=320 pair=1762) cuda(cuda(alloc=0.03G,resv=0.16G))
[2026-02-26 10:02:26,241] INFO:ptp_discovery.pref_loss_coevo: Cheap eval progress gen=22: 30/116 caches(rollout=10 pref=320 pair=1769) cuda(cuda(alloc=0.03G,resv=0.16G))
[2026-02-26 10:02:26,431] INFO:ptp_discovery.pref_loss_coevo: Cheap eval progress gen=22: 40/116 caches(rollout=10 pref=320 pair=1776) cuda(cuda(alloc=0.03G,resv=0.16G))
[2026-02-26 10:02:26,591] INFO:ptp_discovery.pref_loss_coevo: Cheap eval progress gen=22: 50/116 caches(rollout=10 pref=320 pair=1782) cuda(cuda(alloc=0.03G,resv=0.16G))
[2026-02-26 10:02:26,816] INFO:ptp_discovery.pref_loss_coevo: Cheap eval progress gen=22: 60/116 caches(rollout=10 pref=320 pair=1791) cuda(cuda(alloc=0.03G,resv=0.16G))
[2026-02-26 10:02:26,922] INFO:ptp_discovery.pref_loss_coevo: Cheap eval progress gen=22: 70/116 caches(rollout=10 pref=330 pair=1795) cuda(cuda(alloc=0.03G,resv=0.16G))
[2026-02-26 10:02:27,074] INFO:ptp_discovery.pref_loss_coevo: Cheap eval progress gen=22: 80/116 caches(rollout=10 pref=380 pair=1800) cuda(cuda(alloc=0.03G,resv=0.16G))
[2026-02-26 10:02:27,136] INFO:ptp_discovery.pref_loss_coevo: Cheap eval progress gen=22: 90/116 caches(rollout=10 pref=400 pair=1802) cuda(cuda(alloc=0.03G,resv=0.16G))
[2026-02-26 10:02:27,286] INFO:ptp_discovery.pref_loss_coevo: Cheap eval progress gen=22: 100/116 caches(rollout=10 pref=450 pair=1807) cuda(cuda(alloc=0.03G,resv=0.16G))
[2026-02-26 10:02:27,408] INFO:ptp_discovery.pref_loss_coevo: Cheap eval progress gen=22: 110/116 caches(rollout=10 pref=490 pair=1811) cuda(cuda(alloc=0.03G,resv=0.16G))
[2026-02-26 10:02:27,529] INFO:ptp_discovery.pref_loss_coevo: Cheap eval progress gen=22: 116/116 caches(rollout=10 pref=530 pair=1815) cuda(cuda(alloc=0.04G,resv=0.16G))
[2026-02-26 10:02:27,529] INFO:ptp_discovery.pref_loss_coevo: Cheap eval done gen=22: pairs=116 elapsed_s=1.9 caches(rollout=10 pref=530 pair=1815) cuda(cuda(alloc=0.04G,resv=0.16G))
[2026-02-26 10:02:27,530] INFO:ptp_discovery.pref_loss_coevo: HF selection gen=22: eligible=0 selected=0 (top_m=8)
[2026-02-26 10:02:27,530] INFO:ptp_discovery.pref_loss_coevo: COMPARE target=prev_best reference_score=1.0914446919262901 threshold=1.0914446919262901 metric_mode=minimize improve_eps=0.0
[2026-02-26 10:02:27,531] INFO:ptp_discovery.pref_loss_coevo: Gen 22 summary: g_pool=21 f_pool=64 pairs=116 ok=0 stages={'cheap': 116} top_reasons=[('cheap_proxy_gate_failed', 116)]
[2026-02-26 10:02:27,531] WARNING:ptp_discovery.pref_loss_coevo: Gen 22 produced no high-fidelity evaluations (stage='high_fidelity'). Check proxy gates/thresholds: if all pairs are pair_ok=False, HF won't run.
[2026-02-26 10:02:27,576] INFO:ptp_discovery.pref_loss_coevo: === alternating generation 23/49 ===
[2026-02-26 10:02:27,576] INFO:ptp_discovery.pref_loss_coevo: EVAL_STAGES enabled: stage0_gate=1 stage1_proxy=1 stage2_micro_unroll=0 stage3_high_fidelity=1
[2026-02-26 10:02:27,576] INFO:ptp_discovery.pref_loss_coevo: INCUMBENT best_score=1.0914446919262901 best_pair=(g013_052_d2e3fcbf,f010_040_7b790716) best_stage=proxy metric_mode=minimize improve_eps=0.0
[2026-02-26 10:02:27,576] INFO:ptp_discovery.pref_loss_coevo: Gen 23 start: caches(rollout=10 pref=530 pair=1815) cuda(cuda(alloc=0.04G,resv=0.16G))
[2026-02-26 10:02:27,718] INFO:ptp_discovery.pref_loss_coevo: Gen 23 proxy rollouts: device=cuda batches=10 batch_size=64 problem_size=100
[2026-02-26 10:02:27,719] INFO:ptp_discovery.pref_loss_coevo: Gen 23 proxy rollouts progress: 1/10 cache_hit=True caches(rollout=10 pref=530 pair=1815) cuda(cuda(alloc=0.04G,resv=0.16G))
[2026-02-26 10:02:27,719] INFO:ptp_discovery.pref_loss_coevo: Gen 23 proxy rollouts progress: 10/10 cache_hit=True caches(rollout=10 pref=530 pair=1815) cuda(cuda(alloc=0.04G,resv=0.16G))
[2026-02-26 10:02:27,719] INFO:ptp_discovery.pref_loss_coevo: Gen 23 proxy rollouts done: elapsed_s=0.0 caches(rollout=10 pref=530 pair=1815) cuda(cuda(alloc=0.04G,resv=0.16G))
[2026-02-26 10:02:27,805] INFO:ptp_discovery.pref_loss_coevo: Alternating phase=loss fixed_g=g013_052_d2e3fcbf budget=64
[2026-02-26 10:02:27,806] INFO:ptp_discovery.pref_loss_coevo: EVAL_STAGES enabled: stage0_gate=1 stage1_proxy=1 stage2_micro_unroll=0 stage3_high_fidelity=1
[2026-02-26 10:02:27,806] INFO:ptp_discovery.pref_loss_coevo: Alternating phase=builder fixed_f=f010_040_7b790716 budget=64
[2026-02-26 10:02:27,806] INFO:ptp_discovery.pref_loss_coevo: EVAL_STAGES enabled: stage0_gate=1 stage1_proxy=1 stage2_micro_unroll=0 stage3_high_fidelity=1
[2026-02-26 10:02:27,808] INFO:ptp_discovery.pref_loss_coevo: Gen 23 pref_cache pruned: dropped=210 kept=320 keep_g_ids=46 keep_batch_ids=10 caches(rollout=10 pref=320 pair=1815) cuda(cuda(alloc=0.03G,resv=0.16G))
[2026-02-26 10:02:27,832] INFO:ptp_discovery.pref_loss_coevo: Cheap eval progress gen=23: 1/109 caches(rollout=10 pref=320 pair=1816) cuda(cuda(alloc=0.03G,resv=0.16G))
[2026-02-26 10:02:28,055] INFO:ptp_discovery.pref_loss_coevo: Cheap eval progress gen=23: 10/109 caches(rollout=10 pref=320 pair=1824) cuda(cuda(alloc=0.03G,resv=0.16G))
[2026-02-26 10:02:28,256] INFO:ptp_discovery.pref_loss_coevo: Cheap eval progress gen=23: 20/109 caches(rollout=10 pref=320 pair=1831) cuda(cuda(alloc=0.03G,resv=0.16G))
[2026-02-26 10:02:28,478] INFO:ptp_discovery.pref_loss_coevo: Cheap eval progress gen=23: 30/109 caches(rollout=10 pref=320 pair=1839) cuda(cuda(alloc=0.03G,resv=0.16G))
[2026-02-26 10:02:28,615] INFO:ptp_discovery.pref_loss_coevo: Cheap eval progress gen=23: 40/109 caches(rollout=10 pref=320 pair=1844) cuda(cuda(alloc=0.03G,resv=0.16G))
[2026-02-26 10:02:28,727] INFO:ptp_discovery.pref_loss_coevo: Cheap eval progress gen=23: 50/109 caches(rollout=10 pref=320 pair=1848) cuda(cuda(alloc=0.03G,resv=0.16G))
[2026-02-26 10:02:28,893] INFO:ptp_discovery.pref_loss_coevo: Cheap eval progress gen=23: 60/109 caches(rollout=10 pref=320 pair=1854) cuda(cuda(alloc=0.03G,resv=0.16G))
[2026-02-26 10:02:29,077] INFO:ptp_discovery.pref_loss_coevo: Cheap eval progress gen=23: 70/109 caches(rollout=10 pref=350 pair=1860) cuda(cuda(alloc=0.03G,resv=0.16G))
[2026-02-26 10:02:29,250] INFO:ptp_discovery.pref_loss_coevo: Cheap eval progress gen=23: 80/109 caches(rollout=10 pref=400 pair=1865) cuda(cuda(alloc=0.03G,resv=0.16G))
[2026-02-26 10:02:29,285] INFO:ptp_discovery.pref_loss_coevo: Cheap eval progress gen=23: 90/109 caches(rollout=10 pref=410 pair=1866) cuda(cuda(alloc=0.03G,resv=0.16G))
[2026-02-26 10:02:29,389] INFO:ptp_discovery.pref_loss_coevo: Cheap eval progress gen=23: 100/109 caches(rollout=10 pref=440 pair=1869) cuda(cuda(alloc=0.03G,resv=0.16G))
[2026-02-26 10:02:29,460] INFO:ptp_discovery.pref_loss_coevo: Cheap eval progress gen=23: 109/109 caches(rollout=10 pref=460 pair=1871) cuda(cuda(alloc=0.03G,resv=0.16G))
[2026-02-26 10:02:29,460] INFO:ptp_discovery.pref_loss_coevo: Cheap eval done gen=23: pairs=109 elapsed_s=1.7 caches(rollout=10 pref=460 pair=1871) cuda(cuda(alloc=0.03G,resv=0.16G))
[2026-02-26 10:02:29,460] INFO:ptp_discovery.pref_loss_coevo: HF selection gen=23: eligible=0 selected=0 (top_m=8)
[2026-02-26 10:02:29,461] INFO:ptp_discovery.pref_loss_coevo: COMPARE target=prev_best reference_score=1.0914446919262901 threshold=1.0914446919262901 metric_mode=minimize improve_eps=0.0
[2026-02-26 10:02:29,461] INFO:ptp_discovery.pref_loss_coevo: Gen 23 summary: g_pool=14 f_pool=64 pairs=109 ok=0 stages={'cheap': 109} top_reasons=[('cheap_proxy_gate_failed', 109)]
[2026-02-26 10:02:29,462] WARNING:ptp_discovery.pref_loss_coevo: Gen 23 produced no high-fidelity evaluations (stage='high_fidelity'). Check proxy gates/thresholds: if all pairs are pair_ok=False, HF won't run.
[2026-02-26 10:02:29,506] INFO:ptp_discovery.pref_loss_coevo: === alternating generation 24/49 ===
[2026-02-26 10:02:29,506] INFO:ptp_discovery.pref_loss_coevo: EVAL_STAGES enabled: stage0_gate=1 stage1_proxy=1 stage2_micro_unroll=0 stage3_high_fidelity=1
[2026-02-26 10:02:29,506] INFO:ptp_discovery.pref_loss_coevo: INCUMBENT best_score=1.0914446919262901 best_pair=(g013_052_d2e3fcbf,f010_040_7b790716) best_stage=proxy metric_mode=minimize improve_eps=0.0
[2026-02-26 10:02:29,506] INFO:ptp_discovery.pref_loss_coevo: Gen 24 start: caches(rollout=10 pref=460 pair=1871) cuda(cuda(alloc=0.03G,resv=0.16G))
[2026-02-26 10:02:29,650] INFO:ptp_discovery.pref_loss_coevo: Gen 24 proxy rollouts: device=cuda batches=10 batch_size=64 problem_size=100
[2026-02-26 10:02:29,651] INFO:ptp_discovery.pref_loss_coevo: Gen 24 proxy rollouts progress: 1/10 cache_hit=True caches(rollout=10 pref=460 pair=1871) cuda(cuda(alloc=0.03G,resv=0.16G))
[2026-02-26 10:02:29,651] INFO:ptp_discovery.pref_loss_coevo: Gen 24 proxy rollouts progress: 10/10 cache_hit=True caches(rollout=10 pref=460 pair=1871) cuda(cuda(alloc=0.03G,resv=0.16G))
[2026-02-26 10:02:29,652] INFO:ptp_discovery.pref_loss_coevo: Gen 24 proxy rollouts done: elapsed_s=0.0 caches(rollout=10 pref=460 pair=1871) cuda(cuda(alloc=0.03G,resv=0.16G))
[2026-02-26 10:02:29,742] INFO:ptp_discovery.pref_loss_coevo: Alternating phase=loss fixed_g=g013_052_d2e3fcbf budget=64
[2026-02-26 10:02:29,742] INFO:ptp_discovery.pref_loss_coevo: EVAL_STAGES enabled: stage0_gate=1 stage1_proxy=1 stage2_micro_unroll=0 stage3_high_fidelity=1
[2026-02-26 10:02:29,742] INFO:ptp_discovery.pref_loss_coevo: Alternating phase=builder fixed_f=f010_040_7b790716 budget=64
[2026-02-26 10:02:29,742] INFO:ptp_discovery.pref_loss_coevo: EVAL_STAGES enabled: stage0_gate=1 stage1_proxy=1 stage2_micro_unroll=0 stage3_high_fidelity=1
[2026-02-26 10:02:29,744] INFO:ptp_discovery.pref_loss_coevo: Gen 24 pref_cache pruned: dropped=140 kept=320 keep_g_ids=55 keep_batch_ids=10 caches(rollout=10 pref=320 pair=1871) cuda(cuda(alloc=0.03G,resv=0.16G))
[2026-02-26 10:02:29,766] INFO:ptp_discovery.pref_loss_coevo: Cheap eval progress gen=24: 1/119 caches(rollout=10 pref=320 pair=1872) cuda(cuda(alloc=0.03G,resv=0.16G))
[2026-02-26 10:02:29,917] INFO:ptp_discovery.pref_loss_coevo: Cheap eval progress gen=24: 10/119 caches(rollout=10 pref=320 pair=1878) cuda(cuda(alloc=0.03G,resv=0.16G))
[2026-02-26 10:02:30,143] INFO:ptp_discovery.pref_loss_coevo: Cheap eval progress gen=24: 20/119 caches(rollout=10 pref=320 pair=1887) cuda(cuda(alloc=0.03G,resv=0.16G))
[2026-02-26 10:02:30,269] INFO:ptp_discovery.pref_loss_coevo: Cheap eval progress gen=24: 30/119 caches(rollout=10 pref=320 pair=1892) cuda(cuda(alloc=0.03G,resv=0.16G))
[2026-02-26 10:02:30,448] INFO:ptp_discovery.pref_loss_coevo: Cheap eval progress gen=24: 40/119 caches(rollout=10 pref=320 pair=1899) cuda(cuda(alloc=0.03G,resv=0.16G))
[2026-02-26 10:02:30,597] INFO:ptp_discovery.pref_loss_coevo: Cheap eval progress gen=24: 50/119 caches(rollout=10 pref=320 pair=1905) cuda(cuda(alloc=0.03G,resv=0.16G))
[2026-02-26 10:02:30,747] INFO:ptp_discovery.pref_loss_coevo: Cheap eval progress gen=24: 60/119 caches(rollout=10 pref=320 pair=1911) cuda(cuda(alloc=0.03G,resv=0.16G))
[2026-02-26 10:02:30,883] INFO:ptp_discovery.pref_loss_coevo: Cheap eval progress gen=24: 70/119 caches(rollout=10 pref=340 pair=1916) cuda(cuda(alloc=0.03G,resv=0.16G))
[2026-02-26 10:02:31,004] INFO:ptp_discovery.pref_loss_coevo: Cheap eval progress gen=24: 80/119 caches(rollout=10 pref=380 pair=1920) cuda(cuda(alloc=0.03G,resv=0.16G))
[2026-02-26 10:02:31,128] INFO:ptp_discovery.pref_loss_coevo: Cheap eval progress gen=24: 90/119 caches(rollout=10 pref=420 pair=1924) cuda(cuda(alloc=0.03G,resv=0.16G))
[2026-02-26 10:02:31,265] INFO:ptp_discovery.pref_loss_coevo: Cheap eval progress gen=24: 100/119 caches(rollout=10 pref=460 pair=1928) cuda(cuda(alloc=0.03G,resv=0.16G))
[2026-02-26 10:02:31,403] INFO:ptp_discovery.pref_loss_coevo: Cheap eval progress gen=24: 110/119 caches(rollout=10 pref=500 pair=1932) cuda(cuda(alloc=0.03G,resv=0.16G))
[2026-02-26 10:02:31,575] INFO:ptp_discovery.pref_loss_coevo: Cheap eval progress gen=24: 119/119 caches(rollout=10 pref=550 pair=1937) cuda(cuda(alloc=0.03G,resv=0.16G))
[2026-02-26 10:02:31,576] INFO:ptp_discovery.pref_loss_coevo: Cheap eval done gen=24: pairs=119 elapsed_s=1.8 caches(rollout=10 pref=550 pair=1937) cuda(cuda(alloc=0.03G,resv=0.16G))
[2026-02-26 10:02:31,576] INFO:ptp_discovery.pref_loss_coevo: HF selection gen=24: eligible=0 selected=0 (top_m=8)
[2026-02-26 10:02:31,577] INFO:ptp_discovery.pref_loss_coevo: COMPARE target=prev_best reference_score=1.0914446919262901 threshold=1.0914446919262901 metric_mode=minimize improve_eps=0.0
[2026-02-26 10:02:31,577] INFO:ptp_discovery.pref_loss_coevo: NEW BEST: score=1.0335436440938035 ref=1.0914446919262901 delta=0.05790104783248662 pair=(g024_051_173ffbce,f010_040_7b790716) stage=proxy gen=24 phase=builder threshold=1.0914446919262901 compare_target=prev_best improve_eps=0.0
[2026-02-26 10:02:31,577] INFO:ptp_discovery.pref_loss_coevo: Gen 24 summary: g_pool=23 f_pool=64 pairs=119 ok=0 stages={'cheap': 119} top_reasons=[('cheap_proxy_gate_failed', 119)]
[2026-02-26 10:02:31,578] WARNING:ptp_discovery.pref_loss_coevo: Gen 24 produced no high-fidelity evaluations (stage='high_fidelity'). Check proxy gates/thresholds: if all pairs are pair_ok=False, HF won't run.
[2026-02-26 10:02:31,625] INFO:ptp_discovery.pref_loss_coevo: === alternating generation 25/49 ===
[2026-02-26 10:02:31,625] INFO:ptp_discovery.pref_loss_coevo: EVAL_STAGES enabled: stage0_gate=1 stage1_proxy=1 stage2_micro_unroll=0 stage3_high_fidelity=1
[2026-02-26 10:02:31,625] INFO:ptp_discovery.pref_loss_coevo: INCUMBENT best_score=1.0335436440938035 best_pair=(g024_051_173ffbce,f010_040_7b790716) best_stage=proxy metric_mode=minimize improve_eps=0.0
[2026-02-26 10:02:31,625] INFO:ptp_discovery.pref_loss_coevo: Gen 25 start: caches(rollout=10 pref=550 pair=1937) cuda(cuda(alloc=0.03G,resv=0.16G))
[2026-02-26 10:02:31,769] INFO:ptp_discovery.pref_loss_coevo: Gen 25 proxy rollouts: device=cuda batches=10 batch_size=64 problem_size=100
[2026-02-26 10:02:31,770] INFO:ptp_discovery.pref_loss_coevo: Gen 25 proxy rollouts progress: 1/10 cache_hit=True caches(rollout=10 pref=550 pair=1937) cuda(cuda(alloc=0.03G,resv=0.16G))
[2026-02-26 10:02:31,770] INFO:ptp_discovery.pref_loss_coevo: Gen 25 proxy rollouts progress: 10/10 cache_hit=True caches(rollout=10 pref=550 pair=1937) cuda(cuda(alloc=0.03G,resv=0.16G))
[2026-02-26 10:02:31,771] INFO:ptp_discovery.pref_loss_coevo: Gen 25 proxy rollouts done: elapsed_s=0.0 caches(rollout=10 pref=550 pair=1937) cuda(cuda(alloc=0.03G,resv=0.16G))
[2026-02-26 10:02:31,858] INFO:ptp_discovery.pref_loss_coevo: Alternating phase=loss fixed_g=g024_051_173ffbce budget=64
[2026-02-26 10:02:31,858] INFO:ptp_discovery.pref_loss_coevo: EVAL_STAGES enabled: stage0_gate=1 stage1_proxy=1 stage2_micro_unroll=0 stage3_high_fidelity=1
[2026-02-26 10:02:31,858] INFO:ptp_discovery.pref_loss_coevo: Alternating phase=builder fixed_f=f010_040_7b790716 budget=64
[2026-02-26 10:02:31,858] INFO:ptp_discovery.pref_loss_coevo: EVAL_STAGES enabled: stage0_gate=1 stage1_proxy=1 stage2_micro_unroll=0 stage3_high_fidelity=1
[2026-02-26 10:02:31,860] INFO:ptp_discovery.pref_loss_coevo: Gen 25 pref_cache pruned: dropped=220 kept=330 keep_g_ids=52 keep_batch_ids=10 caches(rollout=10 pref=330 pair=1937) cuda(cuda(alloc=0.03G,resv=0.16G))
[2026-02-26 10:02:31,884] INFO:ptp_discovery.pref_loss_coevo: Cheap eval progress gen=25: 1/116 caches(rollout=10 pref=330 pair=1938) cuda(cuda(alloc=0.03G,resv=0.16G))
[2026-02-26 10:02:32,133] INFO:ptp_discovery.pref_loss_coevo: Cheap eval progress gen=25: 10/116 caches(rollout=10 pref=330 pair=1947) cuda(cuda(alloc=0.03G,resv=0.16G))
[2026-02-26 10:02:32,408] INFO:ptp_discovery.pref_loss_coevo: Cheap eval progress gen=25: 20/116 caches(rollout=10 pref=330 pair=1957) cuda(cuda(alloc=0.03G,resv=0.16G))
[2026-02-26 10:02:32,683] INFO:ptp_discovery.pref_loss_coevo: Cheap eval progress gen=25: 30/116 caches(rollout=10 pref=330 pair=1967) cuda(cuda(alloc=0.03G,resv=0.16G))
[2026-02-26 10:02:32,958] INFO:ptp_discovery.pref_loss_coevo: Cheap eval progress gen=25: 40/116 caches(rollout=10 pref=330 pair=1977) cuda(cuda(alloc=0.03G,resv=0.16G))
[2026-02-26 10:02:33,229] INFO:ptp_discovery.pref_loss_coevo: Cheap eval progress gen=25: 50/116 caches(rollout=10 pref=330 pair=1987) cuda(cuda(alloc=0.03G,resv=0.16G))
[2026-02-26 10:02:33,506] INFO:ptp_discovery.pref_loss_coevo: Cheap eval progress gen=25: 60/116 caches(rollout=10 pref=330 pair=1997) cuda(cuda(alloc=0.03G,resv=0.16G))
[2026-02-26 10:02:33,686] INFO:ptp_discovery.pref_loss_coevo: Cheap eval progress gen=25: 70/116 caches(rollout=10 pref=350 pair=2003) cuda(cuda(alloc=0.03G,resv=0.16G))
[2026-02-26 10:02:33,821] INFO:ptp_discovery.pref_loss_coevo: Cheap eval progress gen=25: 80/116 caches(rollout=10 pref=390 pair=2007) cuda(cuda(alloc=0.03G,resv=0.16G))
[2026-02-26 10:02:33,916] INFO:ptp_discovery.pref_loss_coevo: Cheap eval progress gen=25: 90/116 caches(rollout=10 pref=420 pair=2010) cuda(cuda(alloc=0.03G,resv=0.16G))
[2026-02-26 10:02:34,037] INFO:ptp_discovery.pref_loss_coevo: Cheap eval progress gen=25: 100/116 caches(rollout=10 pref=460 pair=2014) cuda(cuda(alloc=0.03G,resv=0.16G))
[2026-02-26 10:02:34,129] INFO:ptp_discovery.pref_loss_coevo: Cheap eval progress gen=25: 110/116 caches(rollout=10 pref=490 pair=2017) cuda(cuda(alloc=0.03G,resv=0.16G))
[2026-02-26 10:02:34,220] INFO:ptp_discovery.pref_loss_coevo: Cheap eval progress gen=25: 116/116 caches(rollout=10 pref=520 pair=2020) cuda(cuda(alloc=0.03G,resv=0.16G))
[2026-02-26 10:02:34,221] INFO:ptp_discovery.pref_loss_coevo: Cheap eval done gen=25: pairs=116 elapsed_s=2.4 caches(rollout=10 pref=520 pair=2020) cuda(cuda(alloc=0.03G,resv=0.16G))
[2026-02-26 10:02:34,221] INFO:ptp_discovery.pref_loss_coevo: HF selection gen=25: eligible=0 selected=0 (top_m=8)
[2026-02-26 10:02:34,222] INFO:ptp_discovery.pref_loss_coevo: COMPARE target=prev_best reference_score=1.0335436440938035 threshold=1.0335436440938035 metric_mode=minimize improve_eps=0.0
[2026-02-26 10:02:34,222] INFO:ptp_discovery.pref_loss_coevo: Gen 25 summary: g_pool=19 f_pool=64 pairs=116 ok=0 stages={'cheap': 116} top_reasons=[('cheap_proxy_gate_failed', 116)]
[2026-02-26 10:02:34,223] WARNING:ptp_discovery.pref_loss_coevo: Gen 25 produced no high-fidelity evaluations (stage='high_fidelity'). Check proxy gates/thresholds: if all pairs are pair_ok=False, HF won't run.
[2026-02-26 10:02:34,268] INFO:ptp_discovery.pref_loss_coevo: === alternating generation 26/49 ===
[2026-02-26 10:02:34,268] INFO:ptp_discovery.pref_loss_coevo: EVAL_STAGES enabled: stage0_gate=1 stage1_proxy=1 stage2_micro_unroll=0 stage3_high_fidelity=1
[2026-02-26 10:02:34,268] INFO:ptp_discovery.pref_loss_coevo: INCUMBENT best_score=1.0335436440938035 best_pair=(g024_051_173ffbce,f010_040_7b790716) best_stage=proxy metric_mode=minimize improve_eps=0.0
[2026-02-26 10:02:34,269] INFO:ptp_discovery.pref_loss_coevo: Gen 26 start: caches(rollout=10 pref=520 pair=2020) cuda(cuda(alloc=0.03G,resv=0.16G))
[2026-02-26 10:02:34,405] INFO:ptp_discovery.pref_loss_coevo: Gen 26 proxy rollouts: device=cuda batches=10 batch_size=64 problem_size=100
[2026-02-26 10:02:34,406] INFO:ptp_discovery.pref_loss_coevo: Gen 26 proxy rollouts progress: 1/10 cache_hit=True caches(rollout=10 pref=520 pair=2020) cuda(cuda(alloc=0.03G,resv=0.16G))
[2026-02-26 10:02:34,406] INFO:ptp_discovery.pref_loss_coevo: Gen 26 proxy rollouts progress: 10/10 cache_hit=True caches(rollout=10 pref=520 pair=2020) cuda(cuda(alloc=0.03G,resv=0.16G))
[2026-02-26 10:02:34,407] INFO:ptp_discovery.pref_loss_coevo: Gen 26 proxy rollouts done: elapsed_s=0.0 caches(rollout=10 pref=520 pair=2020) cuda(cuda(alloc=0.03G,resv=0.16G))
[2026-02-26 10:02:34,491] INFO:ptp_discovery.pref_loss_coevo: Alternating phase=loss fixed_g=g024_051_173ffbce budget=64
[2026-02-26 10:02:34,491] INFO:ptp_discovery.pref_loss_coevo: EVAL_STAGES enabled: stage0_gate=1 stage1_proxy=1 stage2_micro_unroll=0 stage3_high_fidelity=1
[2026-02-26 10:02:34,491] INFO:ptp_discovery.pref_loss_coevo: Alternating phase=builder fixed_f=f010_040_7b790716 budget=64
[2026-02-26 10:02:34,491] INFO:ptp_discovery.pref_loss_coevo: EVAL_STAGES enabled: stage0_gate=1 stage1_proxy=1 stage2_micro_unroll=0 stage3_high_fidelity=1
[2026-02-26 10:02:34,493] INFO:ptp_discovery.pref_loss_coevo: Gen 26 pref_cache pruned: dropped=190 kept=330 keep_g_ids=47 keep_batch_ids=10 caches(rollout=10 pref=330 pair=2020) cuda(cuda(alloc=0.03G,resv=0.16G))
[2026-02-26 10:02:34,520] INFO:ptp_discovery.pref_loss_coevo: Cheap eval progress gen=26: 1/110 caches(rollout=10 pref=330 pair=2021) cuda(cuda(alloc=0.03G,resv=0.16G))
[2026-02-26 10:02:34,686] INFO:ptp_discovery.pref_loss_coevo: Cheap eval progress gen=26: 10/110 caches(rollout=10 pref=330 pair=2027) cuda(cuda(alloc=0.03G,resv=0.16G))
[2026-02-26 10:02:34,935] INFO:ptp_discovery.pref_loss_coevo: Cheap eval progress gen=26: 20/110 caches(rollout=10 pref=330 pair=2036) cuda(cuda(alloc=0.03G,resv=0.16G))
[2026-02-26 10:02:35,074] INFO:ptp_discovery.pref_loss_coevo: Cheap eval progress gen=26: 30/110 caches(rollout=10 pref=330 pair=2041) cuda(cuda(alloc=0.03G,resv=0.16G))
[2026-02-26 10:02:35,295] INFO:ptp_discovery.pref_loss_coevo: Cheap eval progress gen=26: 40/110 caches(rollout=10 pref=330 pair=2049) cuda(cuda(alloc=0.03G,resv=0.16G))
[2026-02-26 10:02:35,544] INFO:ptp_discovery.pref_loss_coevo: Cheap eval progress gen=26: 50/110 caches(rollout=10 pref=330 pair=2058) cuda(cuda(alloc=0.03G,resv=0.16G))
[2026-02-26 10:02:35,772] INFO:ptp_discovery.pref_loss_coevo: Cheap eval progress gen=26: 60/110 caches(rollout=10 pref=330 pair=2066) cuda(cuda(alloc=0.03G,resv=0.16G))
[2026-02-26 10:02:36,002] INFO:ptp_discovery.pref_loss_coevo: Cheap eval progress gen=26: 70/110 caches(rollout=10 pref=380 pair=2073) cuda(cuda(alloc=0.03G,resv=0.16G))
[2026-02-26 10:02:36,071] INFO:ptp_discovery.pref_loss_coevo: Cheap eval progress gen=26: 80/110 caches(rollout=10 pref=400 pair=2075) cuda(cuda(alloc=0.03G,resv=0.16G))
[2026-02-26 10:02:36,172] INFO:ptp_discovery.pref_loss_coevo: Cheap eval progress gen=26: 90/110 caches(rollout=10 pref=430 pair=2078) cuda(cuda(alloc=0.03G,resv=0.16G))
[2026-02-26 10:02:36,274] INFO:ptp_discovery.pref_loss_coevo: Cheap eval progress gen=26: 100/110 caches(rollout=10 pref=460 pair=2081) cuda(cuda(alloc=0.03G,resv=0.16G))
[2026-02-26 10:02:36,308] INFO:ptp_discovery.pref_loss_coevo: Cheap eval progress gen=26: 110/110 caches(rollout=10 pref=470 pair=2082) cuda(cuda(alloc=0.03G,resv=0.16G))
[2026-02-26 10:02:36,309] INFO:ptp_discovery.pref_loss_coevo: Cheap eval done gen=26: pairs=110 elapsed_s=1.8 caches(rollout=10 pref=470 pair=2082) cuda(cuda(alloc=0.03G,resv=0.16G))
[2026-02-26 10:02:36,309] INFO:ptp_discovery.pref_loss_coevo: HF selection gen=26: eligible=0 selected=0 (top_m=8)
[2026-02-26 10:02:36,310] INFO:ptp_discovery.pref_loss_coevo: COMPARE target=prev_best reference_score=1.0335436440938035 threshold=1.0335436440938035 metric_mode=minimize improve_eps=0.0
[2026-02-26 10:02:36,310] INFO:ptp_discovery.pref_loss_coevo: Gen 26 summary: g_pool=14 f_pool=64 pairs=110 ok=0 stages={'cheap': 110} top_reasons=[('cheap_proxy_gate_failed', 110)]
[2026-02-26 10:02:36,311] WARNING:ptp_discovery.pref_loss_coevo: Gen 26 produced no high-fidelity evaluations (stage='high_fidelity'). Check proxy gates/thresholds: if all pairs are pair_ok=False, HF won't run.
[2026-02-26 10:02:36,355] INFO:ptp_discovery.pref_loss_coevo: === alternating generation 27/49 ===
[2026-02-26 10:02:36,355] INFO:ptp_discovery.pref_loss_coevo: EVAL_STAGES enabled: stage0_gate=1 stage1_proxy=1 stage2_micro_unroll=0 stage3_high_fidelity=1
[2026-02-26 10:02:36,355] INFO:ptp_discovery.pref_loss_coevo: INCUMBENT best_score=1.0335436440938035 best_pair=(g024_051_173ffbce,f010_040_7b790716) best_stage=proxy metric_mode=minimize improve_eps=0.0
[2026-02-26 10:02:36,356] INFO:ptp_discovery.pref_loss_coevo: Gen 27 start: caches(rollout=10 pref=470 pair=2082) cuda(cuda(alloc=0.03G,resv=0.16G))
[2026-02-26 10:02:36,499] INFO:ptp_discovery.pref_loss_coevo: Gen 27 proxy rollouts: device=cuda batches=10 batch_size=64 problem_size=100
[2026-02-26 10:02:36,500] INFO:ptp_discovery.pref_loss_coevo: Gen 27 proxy rollouts progress: 1/10 cache_hit=True caches(rollout=10 pref=470 pair=2082) cuda(cuda(alloc=0.03G,resv=0.16G))
[2026-02-26 10:02:36,500] INFO:ptp_discovery.pref_loss_coevo: Gen 27 proxy rollouts progress: 10/10 cache_hit=True caches(rollout=10 pref=470 pair=2082) cuda(cuda(alloc=0.03G,resv=0.16G))
[2026-02-26 10:02:36,501] INFO:ptp_discovery.pref_loss_coevo: Gen 27 proxy rollouts done: elapsed_s=0.0 caches(rollout=10 pref=470 pair=2082) cuda(cuda(alloc=0.03G,resv=0.16G))
[2026-02-26 10:02:36,592] INFO:ptp_discovery.pref_loss_coevo: Alternating phase=loss fixed_g=g024_051_173ffbce budget=64
[2026-02-26 10:02:36,592] INFO:ptp_discovery.pref_loss_coevo: EVAL_STAGES enabled: stage0_gate=1 stage1_proxy=1 stage2_micro_unroll=0 stage3_high_fidelity=1
[2026-02-26 10:02:36,592] INFO:ptp_discovery.pref_loss_coevo: Alternating phase=builder fixed_f=f010_040_7b790716 budget=64
[2026-02-26 10:02:36,592] INFO:ptp_discovery.pref_loss_coevo: EVAL_STAGES enabled: stage0_gate=1 stage1_proxy=1 stage2_micro_unroll=0 stage3_high_fidelity=1
[2026-02-26 10:02:36,594] INFO:ptp_discovery.pref_loss_coevo: Gen 27 pref_cache pruned: dropped=140 kept=330 keep_g_ids=56 keep_batch_ids=10 caches(rollout=10 pref=330 pair=2082) cuda(cuda(alloc=0.03G,resv=0.16G))
[2026-02-26 10:02:36,594] INFO:ptp_discovery.pref_loss_coevo: Cheap eval progress gen=27: 1/120 caches(rollout=10 pref=330 pair=2082) cuda(cuda(alloc=0.03G,resv=0.16G))
[2026-02-26 10:02:36,708] INFO:ptp_discovery.pref_loss_coevo: Cheap eval progress gen=27: 10/120 caches(rollout=10 pref=330 pair=2086) cuda(cuda(alloc=0.03G,resv=0.16G))
[2026-02-26 10:02:36,931] INFO:ptp_discovery.pref_loss_coevo: Cheap eval progress gen=27: 20/120 caches(rollout=10 pref=330 pair=2094) cuda(cuda(alloc=0.03G,resv=0.16G))
[2026-02-26 10:02:37,128] INFO:ptp_discovery.pref_loss_coevo: Cheap eval progress gen=27: 30/120 caches(rollout=10 pref=330 pair=2101) cuda(cuda(alloc=0.03G,resv=0.16G))
[2026-02-26 10:02:37,296] INFO:ptp_discovery.pref_loss_coevo: Cheap eval progress gen=27: 40/120 caches(rollout=10 pref=330 pair=2107) cuda(cuda(alloc=0.03G,resv=0.16G))
[2026-02-26 10:02:37,546] INFO:ptp_discovery.pref_loss_coevo: Cheap eval progress gen=27: 50/120 caches(rollout=10 pref=330 pair=2116) cuda(cuda(alloc=0.03G,resv=0.16G))
[2026-02-26 10:02:37,771] INFO:ptp_discovery.pref_loss_coevo: Cheap eval progress gen=27: 60/120 caches(rollout=10 pref=330 pair=2124) cuda(cuda(alloc=0.03G,resv=0.16G))
[2026-02-26 10:02:37,881] INFO:ptp_discovery.pref_loss_coevo: Cheap eval progress gen=27: 70/120 caches(rollout=10 pref=330 pair=2128) cuda(cuda(alloc=0.03G,resv=0.16G))
[2026-02-26 10:02:38,014] INFO:ptp_discovery.pref_loss_coevo: Cheap eval progress gen=27: 80/120 caches(rollout=10 pref=370 pair=2132) cuda(cuda(alloc=0.03G,resv=0.16G))
[2026-02-26 10:02:38,081] INFO:ptp_discovery.pref_loss_coevo: Cheap eval progress gen=27: 90/120 caches(rollout=10 pref=390 pair=2134) cuda(cuda(alloc=0.03G,resv=0.16G))
[2026-02-26 10:02:38,349] INFO:ptp_discovery.pref_loss_coevo: Cheap eval progress gen=27: 100/120 caches(rollout=10 pref=470 pair=2142) cuda(cuda(alloc=0.03G,resv=0.16G))
[2026-02-26 10:02:38,521] INFO:ptp_discovery.pref_loss_coevo: Cheap eval progress gen=27: 110/120 caches(rollout=10 pref=520 pair=2147) cuda(cuda(alloc=0.04G,resv=0.16G))
[2026-02-26 10:02:38,658] INFO:ptp_discovery.pref_loss_coevo: Cheap eval progress gen=27: 120/120 caches(rollout=10 pref=560 pair=2151) cuda(cuda(alloc=0.04G,resv=0.16G))
[2026-02-26 10:02:38,659] INFO:ptp_discovery.pref_loss_coevo: Cheap eval done gen=27: pairs=120 elapsed_s=2.1 caches(rollout=10 pref=560 pair=2151) cuda(cuda(alloc=0.04G,resv=0.16G))
[2026-02-26 10:02:38,659] INFO:ptp_discovery.pref_loss_coevo: HF selection gen=27: eligible=0 selected=0 (top_m=8)
[2026-02-26 10:02:38,660] INFO:ptp_discovery.pref_loss_coevo: COMPARE target=prev_best reference_score=1.0335436440938035 threshold=1.0335436440938035 metric_mode=minimize improve_eps=0.0
[2026-02-26 10:02:38,660] INFO:ptp_discovery.pref_loss_coevo: Gen 27 summary: g_pool=23 f_pool=64 pairs=120 ok=0 stages={'cheap': 120} top_reasons=[('cheap_proxy_gate_failed', 120)]
[2026-02-26 10:02:38,661] WARNING:ptp_discovery.pref_loss_coevo: Gen 27 produced no high-fidelity evaluations (stage='high_fidelity'). Check proxy gates/thresholds: if all pairs are pair_ok=False, HF won't run.
[2026-02-26 10:02:38,708] INFO:ptp_discovery.pref_loss_coevo: === alternating generation 28/49 ===
[2026-02-26 10:02:38,708] INFO:ptp_discovery.pref_loss_coevo: EVAL_STAGES enabled: stage0_gate=1 stage1_proxy=1 stage2_micro_unroll=0 stage3_high_fidelity=1
[2026-02-26 10:02:38,708] INFO:ptp_discovery.pref_loss_coevo: INCUMBENT best_score=1.0335436440938035 best_pair=(g024_051_173ffbce,f010_040_7b790716) best_stage=proxy metric_mode=minimize improve_eps=0.0
[2026-02-26 10:02:38,708] INFO:ptp_discovery.pref_loss_coevo: Gen 28 start: caches(rollout=10 pref=560 pair=2151) cuda(cuda(alloc=0.04G,resv=0.16G))
[2026-02-26 10:02:38,850] INFO:ptp_discovery.pref_loss_coevo: Gen 28 proxy rollouts: device=cuda batches=10 batch_size=64 problem_size=100
[2026-02-26 10:02:38,851] INFO:ptp_discovery.pref_loss_coevo: Gen 28 proxy rollouts progress: 1/10 cache_hit=True caches(rollout=10 pref=560 pair=2151) cuda(cuda(alloc=0.04G,resv=0.16G))
[2026-02-26 10:02:38,851] INFO:ptp_discovery.pref_loss_coevo: Gen 28 proxy rollouts progress: 10/10 cache_hit=True caches(rollout=10 pref=560 pair=2151) cuda(cuda(alloc=0.04G,resv=0.16G))
[2026-02-26 10:02:38,852] INFO:ptp_discovery.pref_loss_coevo: Gen 28 proxy rollouts done: elapsed_s=0.0 caches(rollout=10 pref=560 pair=2151) cuda(cuda(alloc=0.04G,resv=0.16G))
[2026-02-26 10:02:38,937] INFO:ptp_discovery.pref_loss_coevo: Alternating phase=loss fixed_g=g024_051_173ffbce budget=64
[2026-02-26 10:02:38,937] INFO:ptp_discovery.pref_loss_coevo: EVAL_STAGES enabled: stage0_gate=1 stage1_proxy=1 stage2_micro_unroll=0 stage3_high_fidelity=1
[2026-02-26 10:02:38,937] INFO:ptp_discovery.pref_loss_coevo: Alternating phase=builder fixed_f=f010_040_7b790716 budget=64
[2026-02-26 10:02:38,937] INFO:ptp_discovery.pref_loss_coevo: EVAL_STAGES enabled: stage0_gate=1 stage1_proxy=1 stage2_micro_unroll=0 stage3_high_fidelity=1
[2026-02-26 10:02:38,939] INFO:ptp_discovery.pref_loss_coevo: Gen 28 pref_cache pruned: dropped=230 kept=330 keep_g_ids=48 keep_batch_ids=10 caches(rollout=10 pref=330 pair=2151) cuda(cuda(alloc=0.03G,resv=0.16G))
[2026-02-26 10:02:38,965] INFO:ptp_discovery.pref_loss_coevo: Cheap eval progress gen=28: 1/112 caches(rollout=10 pref=330 pair=2152) cuda(cuda(alloc=0.03G,resv=0.16G))
[2026-02-26 10:02:39,134] INFO:ptp_discovery.pref_loss_coevo: Cheap eval progress gen=28: 10/112 caches(rollout=10 pref=330 pair=2158) cuda(cuda(alloc=0.03G,resv=0.16G))
[2026-02-26 10:02:39,355] INFO:ptp_discovery.pref_loss_coevo: Cheap eval progress gen=28: 20/112 caches(rollout=10 pref=330 pair=2166) cuda(cuda(alloc=0.03G,resv=0.16G))
[2026-02-26 10:02:39,582] INFO:ptp_discovery.pref_loss_coevo: Cheap eval progress gen=28: 30/112 caches(rollout=10 pref=330 pair=2174) cuda(cuda(alloc=0.03G,resv=0.16G))
[2026-02-26 10:02:39,811] INFO:ptp_discovery.pref_loss_coevo: Cheap eval progress gen=28: 40/112 caches(rollout=10 pref=330 pair=2182) cuda(cuda(alloc=0.03G,resv=0.16G))
[2026-02-26 10:02:39,926] INFO:ptp_discovery.pref_loss_coevo: Cheap eval progress gen=28: 50/112 caches(rollout=10 pref=330 pair=2186) cuda(cuda(alloc=0.03G,resv=0.16G))
[2026-02-26 10:02:40,097] INFO:ptp_discovery.pref_loss_coevo: Cheap eval progress gen=28: 60/112 caches(rollout=10 pref=330 pair=2192) cuda(cuda(alloc=0.03G,resv=0.16G))
[2026-02-26 10:02:40,189] INFO:ptp_discovery.pref_loss_coevo: Cheap eval progress gen=28: 70/112 caches(rollout=10 pref=340 pair=2195) cuda(cuda(alloc=0.03G,resv=0.16G))
[2026-02-26 10:02:40,259] INFO:ptp_discovery.pref_loss_coevo: Cheap eval progress gen=28: 80/112 caches(rollout=10 pref=360 pair=2197) cuda(cuda(alloc=0.03G,resv=0.16G))
[2026-02-26 10:02:40,331] INFO:ptp_discovery.pref_loss_coevo: Cheap eval progress gen=28: 90/112 caches(rollout=10 pref=380 pair=2199) cuda(cuda(alloc=0.03G,resv=0.16G))
[2026-02-26 10:02:40,505] INFO:ptp_discovery.pref_loss_coevo: Cheap eval progress gen=28: 100/112 caches(rollout=10 pref=430 pair=2204) cuda(cuda(alloc=0.03G,resv=0.16G))
[2026-02-26 10:02:40,645] INFO:ptp_discovery.pref_loss_coevo: Cheap eval progress gen=28: 110/112 caches(rollout=10 pref=470 pair=2208) cuda(cuda(alloc=0.03G,resv=0.16G))
[2026-02-26 10:02:40,681] INFO:ptp_discovery.pref_loss_coevo: Cheap eval progress gen=28: 112/112 caches(rollout=10 pref=480 pair=2209) cuda(cuda(alloc=0.03G,resv=0.16G))
[2026-02-26 10:02:40,681] INFO:ptp_discovery.pref_loss_coevo: Cheap eval done gen=28: pairs=112 elapsed_s=1.7 caches(rollout=10 pref=480 pair=2209) cuda(cuda(alloc=0.03G,resv=0.16G))
[2026-02-26 10:02:40,681] INFO:ptp_discovery.pref_loss_coevo: HF selection gen=28: eligible=0 selected=0 (top_m=8)
[2026-02-26 10:02:40,682] INFO:ptp_discovery.pref_loss_coevo: COMPARE target=prev_best reference_score=1.0335436440938035 threshold=1.0335436440938035 metric_mode=minimize improve_eps=0.0
[2026-02-26 10:02:40,682] INFO:ptp_discovery.pref_loss_coevo: Gen 28 summary: g_pool=15 f_pool=64 pairs=112 ok=0 stages={'cheap': 112} top_reasons=[('cheap_proxy_gate_failed', 112)]
[2026-02-26 10:02:40,683] WARNING:ptp_discovery.pref_loss_coevo: Gen 28 produced no high-fidelity evaluations (stage='high_fidelity'). Check proxy gates/thresholds: if all pairs are pair_ok=False, HF won't run.
[2026-02-26 10:02:40,728] INFO:ptp_discovery.pref_loss_coevo: === alternating generation 29/49 ===
[2026-02-26 10:02:40,728] INFO:ptp_discovery.pref_loss_coevo: EVAL_STAGES enabled: stage0_gate=1 stage1_proxy=1 stage2_micro_unroll=0 stage3_high_fidelity=1
[2026-02-26 10:02:40,728] INFO:ptp_discovery.pref_loss_coevo: INCUMBENT best_score=1.0335436440938035 best_pair=(g024_051_173ffbce,f010_040_7b790716) best_stage=proxy metric_mode=minimize improve_eps=0.0
[2026-02-26 10:02:40,728] INFO:ptp_discovery.pref_loss_coevo: Gen 29 start: caches(rollout=10 pref=480 pair=2209) cuda(cuda(alloc=0.03G,resv=0.16G))
[2026-02-26 10:02:40,868] INFO:ptp_discovery.pref_loss_coevo: Gen 29 proxy rollouts: device=cuda batches=10 batch_size=64 problem_size=100
[2026-02-26 10:02:40,869] INFO:ptp_discovery.pref_loss_coevo: Gen 29 proxy rollouts progress: 1/10 cache_hit=True caches(rollout=10 pref=480 pair=2209) cuda(cuda(alloc=0.03G,resv=0.16G))
[2026-02-26 10:02:40,869] INFO:ptp_discovery.pref_loss_coevo: Gen 29 proxy rollouts progress: 10/10 cache_hit=True caches(rollout=10 pref=480 pair=2209) cuda(cuda(alloc=0.03G,resv=0.16G))
[2026-02-26 10:02:40,869] INFO:ptp_discovery.pref_loss_coevo: Gen 29 proxy rollouts done: elapsed_s=0.0 caches(rollout=10 pref=480 pair=2209) cuda(cuda(alloc=0.03G,resv=0.16G))
[2026-02-26 10:02:40,952] INFO:ptp_discovery.pref_loss_coevo: Alternating phase=loss fixed_g=g024_051_173ffbce budget=64
[2026-02-26 10:02:40,952] INFO:ptp_discovery.pref_loss_coevo: EVAL_STAGES enabled: stage0_gate=1 stage1_proxy=1 stage2_micro_unroll=0 stage3_high_fidelity=1
[2026-02-26 10:02:40,952] INFO:ptp_discovery.pref_loss_coevo: Alternating phase=builder fixed_f=f010_040_7b790716 budget=64
[2026-02-26 10:02:40,952] INFO:ptp_discovery.pref_loss_coevo: EVAL_STAGES enabled: stage0_gate=1 stage1_proxy=1 stage2_micro_unroll=0 stage3_high_fidelity=1
[2026-02-26 10:02:40,954] INFO:ptp_discovery.pref_loss_coevo: Gen 29 pref_cache pruned: dropped=150 kept=330 keep_g_ids=43 keep_batch_ids=10 caches(rollout=10 pref=330 pair=2209) cuda(cuda(alloc=0.03G,resv=0.16G))
[2026-02-26 10:02:40,978] INFO:ptp_discovery.pref_loss_coevo: Cheap eval progress gen=29: 1/106 caches(rollout=10 pref=330 pair=2210) cuda(cuda(alloc=0.03G,resv=0.16G))
[2026-02-26 10:02:41,153] INFO:ptp_discovery.pref_loss_coevo: Cheap eval progress gen=29: 10/106 caches(rollout=10 pref=330 pair=2217) cuda(cuda(alloc=0.03G,resv=0.16G))
[2026-02-26 10:02:41,326] INFO:ptp_discovery.pref_loss_coevo: Cheap eval progress gen=29: 20/106 caches(rollout=10 pref=330 pair=2224) cuda(cuda(alloc=0.03G,resv=0.16G))
[2026-02-26 10:02:41,499] INFO:ptp_discovery.pref_loss_coevo: Cheap eval progress gen=29: 30/106 caches(rollout=10 pref=330 pair=2231) cuda(cuda(alloc=0.03G,resv=0.16G))
[2026-02-26 10:02:41,684] INFO:ptp_discovery.pref_loss_coevo: Cheap eval progress gen=29: 40/106 caches(rollout=10 pref=330 pair=2238) cuda(cuda(alloc=0.03G,resv=0.16G))
[2026-02-26 10:02:41,823] INFO:ptp_discovery.pref_loss_coevo: Cheap eval progress gen=29: 50/106 caches(rollout=10 pref=330 pair=2243) cuda(cuda(alloc=0.03G,resv=0.16G))
[2026-02-26 10:02:42,012] INFO:ptp_discovery.pref_loss_coevo: Cheap eval progress gen=29: 60/106 caches(rollout=10 pref=330 pair=2250) cuda(cuda(alloc=0.03G,resv=0.16G))
[2026-02-26 10:02:42,094] INFO:ptp_discovery.pref_loss_coevo: Cheap eval progress gen=29: 70/106 caches(rollout=10 pref=330 pair=2253) cuda(cuda(alloc=0.03G,resv=0.16G))
[2026-02-26 10:02:42,160] INFO:ptp_discovery.pref_loss_coevo: Cheap eval progress gen=29: 80/106 caches(rollout=10 pref=350 pair=2255) cuda(cuda(alloc=0.03G,resv=0.16G))
[2026-02-26 10:02:42,261] INFO:ptp_discovery.pref_loss_coevo: Cheap eval progress gen=29: 90/106 caches(rollout=10 pref=380 pair=2258) cuda(cuda(alloc=0.03G,resv=0.16G))
[2026-02-26 10:02:42,359] INFO:ptp_discovery.pref_loss_coevo: Cheap eval progress gen=29: 100/106 caches(rollout=10 pref=410 pair=2261) cuda(cuda(alloc=0.03G,resv=0.16G))
[2026-02-26 10:02:42,426] INFO:ptp_discovery.pref_loss_coevo: Cheap eval progress gen=29: 106/106 caches(rollout=10 pref=430 pair=2263) cuda(cuda(alloc=0.03G,resv=0.16G))
[2026-02-26 10:02:42,426] INFO:ptp_discovery.pref_loss_coevo: Cheap eval done gen=29: pairs=106 elapsed_s=1.5 caches(rollout=10 pref=430 pair=2263) cuda(cuda(alloc=0.03G,resv=0.16G))
[2026-02-26 10:02:42,427] INFO:ptp_discovery.pref_loss_coevo: HF selection gen=29: eligible=0 selected=0 (top_m=8)
[2026-02-26 10:02:42,427] INFO:ptp_discovery.pref_loss_coevo: COMPARE target=prev_best reference_score=1.0335436440938035 threshold=1.0335436440938035 metric_mode=minimize improve_eps=0.0
[2026-02-26 10:02:42,428] INFO:ptp_discovery.pref_loss_coevo: Gen 29 summary: g_pool=10 f_pool=64 pairs=106 ok=0 stages={'cheap': 106} top_reasons=[('cheap_proxy_gate_failed', 106)]
[2026-02-26 10:02:42,428] WARNING:ptp_discovery.pref_loss_coevo: Gen 29 produced no high-fidelity evaluations (stage='high_fidelity'). Check proxy gates/thresholds: if all pairs are pair_ok=False, HF won't run.
[2026-02-26 10:02:42,472] INFO:ptp_discovery.pref_loss_coevo: === alternating generation 30/49 ===
[2026-02-26 10:02:42,472] INFO:ptp_discovery.pref_loss_coevo: EVAL_STAGES enabled: stage0_gate=1 stage1_proxy=1 stage2_micro_unroll=0 stage3_high_fidelity=1
[2026-02-26 10:02:42,472] INFO:ptp_discovery.pref_loss_coevo: INCUMBENT best_score=1.0335436440938035 best_pair=(g024_051_173ffbce,f010_040_7b790716) best_stage=proxy metric_mode=minimize improve_eps=0.0
[2026-02-26 10:02:42,472] INFO:ptp_discovery.pref_loss_coevo: Gen 30 start: caches(rollout=10 pref=430 pair=2263) cuda(cuda(alloc=0.03G,resv=0.16G))
[2026-02-26 10:02:42,614] INFO:ptp_discovery.pref_loss_coevo: Gen 30 proxy rollouts: device=cuda batches=10 batch_size=64 problem_size=100
[2026-02-26 10:02:42,614] INFO:ptp_discovery.pref_loss_coevo: Gen 30 proxy rollouts progress: 1/10 cache_hit=True caches(rollout=10 pref=430 pair=2263) cuda(cuda(alloc=0.03G,resv=0.16G))
[2026-02-26 10:02:42,615] INFO:ptp_discovery.pref_loss_coevo: Gen 30 proxy rollouts progress: 10/10 cache_hit=True caches(rollout=10 pref=430 pair=2263) cuda(cuda(alloc=0.03G,resv=0.16G))
[2026-02-26 10:02:42,615] INFO:ptp_discovery.pref_loss_coevo: Gen 30 proxy rollouts done: elapsed_s=0.0 caches(rollout=10 pref=430 pair=2263) cuda(cuda(alloc=0.03G,resv=0.16G))
[2026-02-26 10:02:42,701] INFO:ptp_discovery.pref_loss_coevo: Alternating phase=loss fixed_g=g024_051_173ffbce budget=64
[2026-02-26 10:02:42,701] INFO:ptp_discovery.pref_loss_coevo: EVAL_STAGES enabled: stage0_gate=1 stage1_proxy=1 stage2_micro_unroll=0 stage3_high_fidelity=1
[2026-02-26 10:02:42,701] INFO:ptp_discovery.pref_loss_coevo: Alternating phase=builder fixed_f=f010_040_7b790716 budget=64
[2026-02-26 10:02:42,701] INFO:ptp_discovery.pref_loss_coevo: EVAL_STAGES enabled: stage0_gate=1 stage1_proxy=1 stage2_micro_unroll=0 stage3_high_fidelity=1
[2026-02-26 10:02:42,702] INFO:ptp_discovery.pref_loss_coevo: Gen 30 pref_cache pruned: dropped=100 kept=330 keep_g_ids=46 keep_batch_ids=10 caches(rollout=10 pref=330 pair=2263) cuda(cuda(alloc=0.03G,resv=0.16G))
[2026-02-26 10:02:42,703] INFO:ptp_discovery.pref_loss_coevo: Cheap eval progress gen=30: 1/109 caches(rollout=10 pref=330 pair=2263) cuda(cuda(alloc=0.03G,resv=0.16G))
[2026-02-26 10:02:42,900] INFO:ptp_discovery.pref_loss_coevo: Cheap eval progress gen=30: 10/109 caches(rollout=10 pref=330 pair=2271) cuda(cuda(alloc=0.03G,resv=0.16G))
[2026-02-26 10:02:43,074] INFO:ptp_discovery.pref_loss_coevo: Cheap eval progress gen=30: 20/109 caches(rollout=10 pref=330 pair=2278) cuda(cuda(alloc=0.03G,resv=0.16G))
[2026-02-26 10:02:43,298] INFO:ptp_discovery.pref_loss_coevo: Cheap eval progress gen=30: 30/109 caches(rollout=10 pref=330 pair=2287) cuda(cuda(alloc=0.03G,resv=0.16G))
[2026-02-26 10:02:43,422] INFO:ptp_discovery.pref_loss_coevo: Cheap eval progress gen=30: 40/109 caches(rollout=10 pref=330 pair=2292) cuda(cuda(alloc=0.03G,resv=0.16G))
[2026-02-26 10:02:43,523] INFO:ptp_discovery.pref_loss_coevo: Cheap eval progress gen=30: 50/109 caches(rollout=10 pref=330 pair=2296) cuda(cuda(alloc=0.03G,resv=0.16G))
[2026-02-26 10:02:43,722] INFO:ptp_discovery.pref_loss_coevo: Cheap eval progress gen=30: 60/109 caches(rollout=10 pref=330 pair=2304) cuda(cuda(alloc=0.03G,resv=0.16G))
[2026-02-26 10:02:43,858] INFO:ptp_discovery.pref_loss_coevo: Cheap eval progress gen=30: 70/109 caches(rollout=10 pref=350 pair=2309) cuda(cuda(alloc=0.03G,resv=0.16G))
[2026-02-26 10:02:43,918] INFO:ptp_discovery.pref_loss_coevo: Cheap eval progress gen=30: 80/109 caches(rollout=10 pref=370 pair=2311) cuda(cuda(alloc=0.03G,resv=0.16G))
[2026-02-26 10:02:43,980] INFO:ptp_discovery.pref_loss_coevo: Cheap eval progress gen=30: 90/109 caches(rollout=10 pref=390 pair=2313) cuda(cuda(alloc=0.03G,resv=0.16G))
[2026-02-26 10:02:44,070] INFO:ptp_discovery.pref_loss_coevo: Cheap eval progress gen=30: 100/109 caches(rollout=10 pref=420 pair=2316) cuda(cuda(alloc=0.03G,resv=0.16G))
[2026-02-26 10:02:44,195] INFO:ptp_discovery.pref_loss_coevo: Cheap eval progress gen=30: 109/109 caches(rollout=10 pref=460 pair=2320) cuda(cuda(alloc=0.04G,resv=0.16G))
[2026-02-26 10:02:44,196] INFO:ptp_discovery.pref_loss_coevo: Cheap eval done gen=30: pairs=109 elapsed_s=1.5 caches(rollout=10 pref=460 pair=2320) cuda(cuda(alloc=0.04G,resv=0.16G))
[2026-02-26 10:02:44,196] INFO:ptp_discovery.pref_loss_coevo: HF selection gen=30: eligible=0 selected=0 (top_m=8)
[2026-02-26 10:02:44,196] INFO:ptp_discovery.pref_loss_coevo: COMPARE target=prev_best reference_score=1.0335436440938035 threshold=1.0335436440938035 metric_mode=minimize improve_eps=0.0
[2026-02-26 10:02:44,197] INFO:ptp_discovery.pref_loss_coevo: Gen 30 summary: g_pool=13 f_pool=64 pairs=109 ok=0 stages={'cheap': 109} top_reasons=[('cheap_proxy_gate_failed', 109)]
[2026-02-26 10:02:44,197] WARNING:ptp_discovery.pref_loss_coevo: Gen 30 produced no high-fidelity evaluations (stage='high_fidelity'). Check proxy gates/thresholds: if all pairs are pair_ok=False, HF won't run.
[2026-02-26 10:02:44,241] INFO:ptp_discovery.pref_loss_coevo: === alternating generation 31/49 ===
[2026-02-26 10:02:44,241] INFO:ptp_discovery.pref_loss_coevo: EVAL_STAGES enabled: stage0_gate=1 stage1_proxy=1 stage2_micro_unroll=0 stage3_high_fidelity=1
[2026-02-26 10:02:44,241] INFO:ptp_discovery.pref_loss_coevo: INCUMBENT best_score=1.0335436440938035 best_pair=(g024_051_173ffbce,f010_040_7b790716) best_stage=proxy metric_mode=minimize improve_eps=0.0
[2026-02-26 10:02:44,242] INFO:ptp_discovery.pref_loss_coevo: Gen 31 start: caches(rollout=10 pref=460 pair=2320) cuda(cuda(alloc=0.04G,resv=0.16G))
[2026-02-26 10:02:44,379] INFO:ptp_discovery.pref_loss_coevo: Gen 31 proxy rollouts: device=cuda batches=10 batch_size=64 problem_size=100
[2026-02-26 10:02:44,379] INFO:ptp_discovery.pref_loss_coevo: Gen 31 proxy rollouts progress: 1/10 cache_hit=True caches(rollout=10 pref=460 pair=2320) cuda(cuda(alloc=0.04G,resv=0.16G))
[2026-02-26 10:02:44,380] INFO:ptp_discovery.pref_loss_coevo: Gen 31 proxy rollouts progress: 10/10 cache_hit=True caches(rollout=10 pref=460 pair=2320) cuda(cuda(alloc=0.04G,resv=0.16G))
[2026-02-26 10:02:44,380] INFO:ptp_discovery.pref_loss_coevo: Gen 31 proxy rollouts done: elapsed_s=0.0 caches(rollout=10 pref=460 pair=2320) cuda(cuda(alloc=0.04G,resv=0.16G))
[2026-02-26 10:02:44,463] INFO:ptp_discovery.pref_loss_coevo: Alternating phase=loss fixed_g=g024_051_173ffbce budget=64
[2026-02-26 10:02:44,463] INFO:ptp_discovery.pref_loss_coevo: EVAL_STAGES enabled: stage0_gate=1 stage1_proxy=1 stage2_micro_unroll=0 stage3_high_fidelity=1
[2026-02-26 10:02:44,463] INFO:ptp_discovery.pref_loss_coevo: Alternating phase=builder fixed_f=f010_040_7b790716 budget=64
[2026-02-26 10:02:44,463] INFO:ptp_discovery.pref_loss_coevo: EVAL_STAGES enabled: stage0_gate=1 stage1_proxy=1 stage2_micro_unroll=0 stage3_high_fidelity=1
[2026-02-26 10:02:44,465] INFO:ptp_discovery.pref_loss_coevo: Gen 31 pref_cache pruned: dropped=130 kept=330 keep_g_ids=41 keep_batch_ids=10 caches(rollout=10 pref=330 pair=2320) cuda(cuda(alloc=0.03G,resv=0.16G))
[2026-02-26 10:02:44,489] INFO:ptp_discovery.pref_loss_coevo: Cheap eval progress gen=31: 1/104 caches(rollout=10 pref=330 pair=2321) cuda(cuda(alloc=0.03G,resv=0.16G))
[2026-02-26 10:02:44,658] INFO:ptp_discovery.pref_loss_coevo: Cheap eval progress gen=31: 10/104 caches(rollout=10 pref=330 pair=2327) cuda(cuda(alloc=0.03G,resv=0.16G))
[2026-02-26 10:02:44,856] INFO:ptp_discovery.pref_loss_coevo: Cheap eval progress gen=31: 20/104 caches(rollout=10 pref=330 pair=2334) cuda(cuda(alloc=0.03G,resv=0.16G))
[2026-02-26 10:02:45,086] INFO:ptp_discovery.pref_loss_coevo: Cheap eval progress gen=31: 30/104 caches(rollout=10 pref=330 pair=2342) cuda(cuda(alloc=0.03G,resv=0.16G))
[2026-02-26 10:02:45,286] INFO:ptp_discovery.pref_loss_coevo: Cheap eval progress gen=31: 40/104 caches(rollout=10 pref=330 pair=2349) cuda(cuda(alloc=0.03G,resv=0.16G))
[2026-02-26 10:02:45,458] INFO:ptp_discovery.pref_loss_coevo: Cheap eval progress gen=31: 50/104 caches(rollout=10 pref=330 pair=2355) cuda(cuda(alloc=0.03G,resv=0.16G))
[2026-02-26 10:02:45,629] INFO:ptp_discovery.pref_loss_coevo: Cheap eval progress gen=31: 60/104 caches(rollout=10 pref=330 pair=2361) cuda(cuda(alloc=0.03G,resv=0.16G))
[2026-02-26 10:02:45,749] INFO:ptp_discovery.pref_loss_coevo: Cheap eval progress gen=31: 70/104 caches(rollout=10 pref=340 pair=2365) cuda(cuda(alloc=0.03G,resv=0.16G))
[2026-02-26 10:02:45,819] INFO:ptp_discovery.pref_loss_coevo: Cheap eval progress gen=31: 80/104 caches(rollout=10 pref=360 pair=2367) cuda(cuda(alloc=0.03G,resv=0.16G))
[2026-02-26 10:02:45,921] INFO:ptp_discovery.pref_loss_coevo: Cheap eval progress gen=31: 90/104 caches(rollout=10 pref=390 pair=2370) cuda(cuda(alloc=0.03G,resv=0.16G))
[2026-02-26 10:02:45,955] INFO:ptp_discovery.pref_loss_coevo: Cheap eval progress gen=31: 100/104 caches(rollout=10 pref=400 pair=2371) cuda(cuda(alloc=0.03G,resv=0.16G))
[2026-02-26 10:02:45,989] INFO:ptp_discovery.pref_loss_coevo: Cheap eval progress gen=31: 104/104 caches(rollout=10 pref=410 pair=2372) cuda(cuda(alloc=0.03G,resv=0.16G))
[2026-02-26 10:02:45,990] INFO:ptp_discovery.pref_loss_coevo: Cheap eval done gen=31: pairs=104 elapsed_s=1.5 caches(rollout=10 pref=410 pair=2372) cuda(cuda(alloc=0.03G,resv=0.16G))
[2026-02-26 10:02:45,990] INFO:ptp_discovery.pref_loss_coevo: HF selection gen=31: eligible=0 selected=0 (top_m=8)
[2026-02-26 10:02:45,991] INFO:ptp_discovery.pref_loss_coevo: COMPARE target=prev_best reference_score=1.0335436440938035 threshold=1.0335436440938035 metric_mode=minimize improve_eps=0.0
[2026-02-26 10:02:45,991] INFO:ptp_discovery.pref_loss_coevo: Gen 31 summary: g_pool=8 f_pool=64 pairs=104 ok=0 stages={'cheap': 104} top_reasons=[('cheap_proxy_gate_failed', 104)]
[2026-02-26 10:02:45,991] WARNING:ptp_discovery.pref_loss_coevo: Gen 31 produced no high-fidelity evaluations (stage='high_fidelity'). Check proxy gates/thresholds: if all pairs are pair_ok=False, HF won't run.
[2026-02-26 10:02:46,035] INFO:ptp_discovery.pref_loss_coevo: === alternating generation 32/49 ===
[2026-02-26 10:02:46,035] INFO:ptp_discovery.pref_loss_coevo: EVAL_STAGES enabled: stage0_gate=1 stage1_proxy=1 stage2_micro_unroll=0 stage3_high_fidelity=1
[2026-02-26 10:02:46,035] INFO:ptp_discovery.pref_loss_coevo: INCUMBENT best_score=1.0335436440938035 best_pair=(g024_051_173ffbce,f010_040_7b790716) best_stage=proxy metric_mode=minimize improve_eps=0.0
[2026-02-26 10:02:46,035] INFO:ptp_discovery.pref_loss_coevo: Gen 32 start: caches(rollout=10 pref=410 pair=2372) cuda(cuda(alloc=0.03G,resv=0.16G))
[2026-02-26 10:02:46,176] INFO:ptp_discovery.pref_loss_coevo: Gen 32 proxy rollouts: device=cuda batches=10 batch_size=64 problem_size=100
[2026-02-26 10:02:46,176] INFO:ptp_discovery.pref_loss_coevo: Gen 32 proxy rollouts progress: 1/10 cache_hit=True caches(rollout=10 pref=410 pair=2372) cuda(cuda(alloc=0.03G,resv=0.16G))
[2026-02-26 10:02:46,177] INFO:ptp_discovery.pref_loss_coevo: Gen 32 proxy rollouts progress: 10/10 cache_hit=True caches(rollout=10 pref=410 pair=2372) cuda(cuda(alloc=0.03G,resv=0.16G))
[2026-02-26 10:02:46,177] INFO:ptp_discovery.pref_loss_coevo: Gen 32 proxy rollouts done: elapsed_s=0.0 caches(rollout=10 pref=410 pair=2372) cuda(cuda(alloc=0.03G,resv=0.16G))
[2026-02-26 10:02:46,264] INFO:ptp_discovery.pref_loss_coevo: Alternating phase=loss fixed_g=g024_051_173ffbce budget=64
[2026-02-26 10:02:46,264] INFO:ptp_discovery.pref_loss_coevo: EVAL_STAGES enabled: stage0_gate=1 stage1_proxy=1 stage2_micro_unroll=0 stage3_high_fidelity=1
[2026-02-26 10:02:46,264] INFO:ptp_discovery.pref_loss_coevo: Alternating phase=builder fixed_f=f010_040_7b790716 budget=64
[2026-02-26 10:02:46,264] INFO:ptp_discovery.pref_loss_coevo: EVAL_STAGES enabled: stage0_gate=1 stage1_proxy=1 stage2_micro_unroll=0 stage3_high_fidelity=1
[2026-02-26 10:02:46,265] INFO:ptp_discovery.pref_loss_coevo: Gen 32 pref_cache pruned: dropped=80 kept=330 keep_g_ids=46 keep_batch_ids=10 caches(rollout=10 pref=330 pair=2372) cuda(cuda(alloc=0.03G,resv=0.16G))
[2026-02-26 10:02:46,290] INFO:ptp_discovery.pref_loss_coevo: Cheap eval progress gen=32: 1/109 caches(rollout=10 pref=330 pair=2373) cuda(cuda(alloc=0.03G,resv=0.16G))
[2026-02-26 10:02:46,510] INFO:ptp_discovery.pref_loss_coevo: Cheap eval progress gen=32: 10/109 caches(rollout=10 pref=330 pair=2381) cuda(cuda(alloc=0.03G,resv=0.16G))
[2026-02-26 10:02:46,759] INFO:ptp_discovery.pref_loss_coevo: Cheap eval progress gen=32: 20/109 caches(rollout=10 pref=330 pair=2390) cuda(cuda(alloc=0.03G,resv=0.16G))
[2026-02-26 10:02:46,871] INFO:ptp_discovery.pref_loss_coevo: Cheap eval progress gen=32: 30/109 caches(rollout=10 pref=330 pair=2394) cuda(cuda(alloc=0.03G,resv=0.16G))
[2026-02-26 10:02:47,010] INFO:ptp_discovery.pref_loss_coevo: Cheap eval progress gen=32: 40/109 caches(rollout=10 pref=330 pair=2399) cuda(cuda(alloc=0.03G,resv=0.16G))
[2026-02-26 10:02:47,227] INFO:ptp_discovery.pref_loss_coevo: Cheap eval progress gen=32: 50/109 caches(rollout=10 pref=330 pair=2407) cuda(cuda(alloc=0.03G,resv=0.16G))
[2026-02-26 10:02:47,392] INFO:ptp_discovery.pref_loss_coevo: Cheap eval progress gen=32: 60/109 caches(rollout=10 pref=330 pair=2413) cuda(cuda(alloc=0.03G,resv=0.16G))
[2026-02-26 10:02:47,492] INFO:ptp_discovery.pref_loss_coevo: Cheap eval progress gen=32: 70/109 caches(rollout=10 pref=360 pair=2416) cuda(cuda(alloc=0.03G,resv=0.16G))
[2026-02-26 10:02:47,559] INFO:ptp_discovery.pref_loss_coevo: Cheap eval progress gen=32: 80/109 caches(rollout=10 pref=380 pair=2418) cuda(cuda(alloc=0.03G,resv=0.16G))
[2026-02-26 10:02:47,661] INFO:ptp_discovery.pref_loss_coevo: Cheap eval progress gen=32: 90/109 caches(rollout=10 pref=410 pair=2421) cuda(cuda(alloc=0.03G,resv=0.16G))
[2026-02-26 10:02:47,763] INFO:ptp_discovery.pref_loss_coevo: Cheap eval progress gen=32: 100/109 caches(rollout=10 pref=440 pair=2424) cuda(cuda(alloc=0.03G,resv=0.16G))
[2026-02-26 10:02:47,830] INFO:ptp_discovery.pref_loss_coevo: Cheap eval progress gen=32: 109/109 caches(rollout=10 pref=460 pair=2426) cuda(cuda(alloc=0.03G,resv=0.16G))
[2026-02-26 10:02:47,830] INFO:ptp_discovery.pref_loss_coevo: Cheap eval done gen=32: pairs=109 elapsed_s=1.6 caches(rollout=10 pref=460 pair=2426) cuda(cuda(alloc=0.03G,resv=0.16G))
[2026-02-26 10:02:47,831] INFO:ptp_discovery.pref_loss_coevo: HF selection gen=32: eligible=0 selected=0 (top_m=8)
[2026-02-26 10:02:47,831] INFO:ptp_discovery.pref_loss_coevo: COMPARE target=prev_best reference_score=1.0335436440938035 threshold=1.0335436440938035 metric_mode=minimize improve_eps=0.0
[2026-02-26 10:02:47,832] INFO:ptp_discovery.pref_loss_coevo: Gen 32 summary: g_pool=13 f_pool=64 pairs=109 ok=0 stages={'cheap': 109} top_reasons=[('cheap_proxy_gate_failed', 109)]
[2026-02-26 10:02:47,832] WARNING:ptp_discovery.pref_loss_coevo: Gen 32 produced no high-fidelity evaluations (stage='high_fidelity'). Check proxy gates/thresholds: if all pairs are pair_ok=False, HF won't run.
[2026-02-26 10:02:47,877] INFO:ptp_discovery.pref_loss_coevo: === alternating generation 33/49 ===
[2026-02-26 10:02:47,877] INFO:ptp_discovery.pref_loss_coevo: EVAL_STAGES enabled: stage0_gate=1 stage1_proxy=1 stage2_micro_unroll=0 stage3_high_fidelity=1
[2026-02-26 10:02:47,877] INFO:ptp_discovery.pref_loss_coevo: INCUMBENT best_score=1.0335436440938035 best_pair=(g024_051_173ffbce,f010_040_7b790716) best_stage=proxy metric_mode=minimize improve_eps=0.0
[2026-02-26 10:02:47,877] INFO:ptp_discovery.pref_loss_coevo: Gen 33 start: caches(rollout=10 pref=460 pair=2426) cuda(cuda(alloc=0.03G,resv=0.16G))
[2026-02-26 10:02:48,021] INFO:ptp_discovery.pref_loss_coevo: Gen 33 proxy rollouts: device=cuda batches=10 batch_size=64 problem_size=100
[2026-02-26 10:02:48,021] INFO:ptp_discovery.pref_loss_coevo: Gen 33 proxy rollouts progress: 1/10 cache_hit=True caches(rollout=10 pref=460 pair=2426) cuda(cuda(alloc=0.03G,resv=0.16G))
[2026-02-26 10:02:48,022] INFO:ptp_discovery.pref_loss_coevo: Gen 33 proxy rollouts progress: 10/10 cache_hit=True caches(rollout=10 pref=460 pair=2426) cuda(cuda(alloc=0.03G,resv=0.16G))
[2026-02-26 10:02:48,022] INFO:ptp_discovery.pref_loss_coevo: Gen 33 proxy rollouts done: elapsed_s=0.0 caches(rollout=10 pref=460 pair=2426) cuda(cuda(alloc=0.03G,resv=0.16G))
[2026-02-26 10:02:48,109] INFO:ptp_discovery.pref_loss_coevo: Alternating phase=loss fixed_g=g024_051_173ffbce budget=64
[2026-02-26 10:02:48,109] INFO:ptp_discovery.pref_loss_coevo: EVAL_STAGES enabled: stage0_gate=1 stage1_proxy=1 stage2_micro_unroll=0 stage3_high_fidelity=1
[2026-02-26 10:02:48,109] INFO:ptp_discovery.pref_loss_coevo: Alternating phase=builder fixed_f=f010_040_7b790716 budget=64
[2026-02-26 10:02:48,109] INFO:ptp_discovery.pref_loss_coevo: EVAL_STAGES enabled: stage0_gate=1 stage1_proxy=1 stage2_micro_unroll=0 stage3_high_fidelity=1
[2026-02-26 10:02:48,111] INFO:ptp_discovery.pref_loss_coevo: Gen 33 pref_cache pruned: dropped=130 kept=330 keep_g_ids=49 keep_batch_ids=10 caches(rollout=10 pref=330 pair=2426) cuda(cuda(alloc=0.03G,resv=0.16G))
[2026-02-26 10:02:48,135] INFO:ptp_discovery.pref_loss_coevo: Cheap eval progress gen=33: 1/112 caches(rollout=10 pref=330 pair=2427) cuda(cuda(alloc=0.03G,resv=0.16G))
[2026-02-26 10:02:48,303] INFO:ptp_discovery.pref_loss_coevo: Cheap eval progress gen=33: 10/112 caches(rollout=10 pref=330 pair=2433) cuda(cuda(alloc=0.03G,resv=0.16G))
[2026-02-26 10:02:48,525] INFO:ptp_discovery.pref_loss_coevo: Cheap eval progress gen=33: 20/112 caches(rollout=10 pref=330 pair=2441) cuda(cuda(alloc=0.03G,resv=0.16G))
[2026-02-26 10:02:48,748] INFO:ptp_discovery.pref_loss_coevo: Cheap eval progress gen=33: 30/112 caches(rollout=10 pref=330 pair=2449) cuda(cuda(alloc=0.03G,resv=0.16G))
[2026-02-26 10:02:48,885] INFO:ptp_discovery.pref_loss_coevo: Cheap eval progress gen=33: 40/112 caches(rollout=10 pref=330 pair=2454) cuda(cuda(alloc=0.03G,resv=0.16G))
[2026-02-26 10:02:49,107] INFO:ptp_discovery.pref_loss_coevo: Cheap eval progress gen=33: 50/112 caches(rollout=10 pref=330 pair=2462) cuda(cuda(alloc=0.03G,resv=0.16G))
[2026-02-26 10:02:49,329] INFO:ptp_discovery.pref_loss_coevo: Cheap eval progress gen=33: 60/112 caches(rollout=10 pref=330 pair=2470) cuda(cuda(alloc=0.03G,resv=0.16G))
[2026-02-26 10:02:49,477] INFO:ptp_discovery.pref_loss_coevo: Cheap eval progress gen=33: 70/112 caches(rollout=10 pref=350 pair=2475) cuda(cuda(alloc=0.03G,resv=0.16G))
[2026-02-26 10:02:49,681] INFO:ptp_discovery.pref_loss_coevo: Cheap eval progress gen=33: 80/112 caches(rollout=10 pref=410 pair=2481) cuda(cuda(alloc=0.03G,resv=0.16G))
[2026-02-26 10:02:49,783] INFO:ptp_discovery.pref_loss_coevo: Cheap eval progress gen=33: 90/112 caches(rollout=10 pref=440 pair=2484) cuda(cuda(alloc=0.03G,resv=0.16G))
[2026-02-26 10:02:49,917] INFO:ptp_discovery.pref_loss_coevo: Cheap eval progress gen=33: 100/112 caches(rollout=10 pref=480 pair=2488) cuda(cuda(alloc=0.03G,resv=0.16G))
[2026-02-26 10:02:49,951] INFO:ptp_discovery.pref_loss_coevo: Cheap eval progress gen=33: 110/112 caches(rollout=10 pref=490 pair=2489) cuda(cuda(alloc=0.03G,resv=0.16G))
[2026-02-26 10:02:49,952] INFO:ptp_discovery.pref_loss_coevo: Cheap eval progress gen=33: 112/112 caches(rollout=10 pref=490 pair=2489) cuda(cuda(alloc=0.03G,resv=0.16G))
[2026-02-26 10:02:49,952] INFO:ptp_discovery.pref_loss_coevo: Cheap eval done gen=33: pairs=112 elapsed_s=1.8 caches(rollout=10 pref=490 pair=2489) cuda(cuda(alloc=0.03G,resv=0.16G))
[2026-02-26 10:02:49,953] INFO:ptp_discovery.pref_loss_coevo: HF selection gen=33: eligible=0 selected=0 (top_m=8)
[2026-02-26 10:02:49,953] INFO:ptp_discovery.pref_loss_coevo: COMPARE target=prev_best reference_score=1.0335436440938035 threshold=1.0335436440938035 metric_mode=minimize improve_eps=0.0
[2026-02-26 10:02:49,954] INFO:ptp_discovery.pref_loss_coevo: Gen 33 summary: g_pool=16 f_pool=64 pairs=112 ok=0 stages={'cheap': 112} top_reasons=[('cheap_proxy_gate_failed', 112)]
[2026-02-26 10:02:49,954] WARNING:ptp_discovery.pref_loss_coevo: Gen 33 produced no high-fidelity evaluations (stage='high_fidelity'). Check proxy gates/thresholds: if all pairs are pair_ok=False, HF won't run.
[2026-02-26 10:02:49,999] INFO:ptp_discovery.pref_loss_coevo: === alternating generation 34/49 ===
[2026-02-26 10:02:49,999] INFO:ptp_discovery.pref_loss_coevo: EVAL_STAGES enabled: stage0_gate=1 stage1_proxy=1 stage2_micro_unroll=0 stage3_high_fidelity=1
[2026-02-26 10:02:49,999] INFO:ptp_discovery.pref_loss_coevo: INCUMBENT best_score=1.0335436440938035 best_pair=(g024_051_173ffbce,f010_040_7b790716) best_stage=proxy metric_mode=minimize improve_eps=0.0
[2026-02-26 10:02:50,000] INFO:ptp_discovery.pref_loss_coevo: Gen 34 start: caches(rollout=10 pref=490 pair=2489) cuda(cuda(alloc=0.03G,resv=0.16G))
[2026-02-26 10:02:50,140] INFO:ptp_discovery.pref_loss_coevo: Gen 34 proxy rollouts: device=cuda batches=10 batch_size=64 problem_size=100
[2026-02-26 10:02:50,140] INFO:ptp_discovery.pref_loss_coevo: Gen 34 proxy rollouts progress: 1/10 cache_hit=True caches(rollout=10 pref=490 pair=2489) cuda(cuda(alloc=0.03G,resv=0.16G))
[2026-02-26 10:02:50,141] INFO:ptp_discovery.pref_loss_coevo: Gen 34 proxy rollouts progress: 10/10 cache_hit=True caches(rollout=10 pref=490 pair=2489) cuda(cuda(alloc=0.03G,resv=0.16G))
[2026-02-26 10:02:50,141] INFO:ptp_discovery.pref_loss_coevo: Gen 34 proxy rollouts done: elapsed_s=0.0 caches(rollout=10 pref=490 pair=2489) cuda(cuda(alloc=0.03G,resv=0.16G))
[2026-02-26 10:02:50,225] INFO:ptp_discovery.pref_loss_coevo: Alternating phase=loss fixed_g=g024_051_173ffbce budget=64
[2026-02-26 10:02:50,225] INFO:ptp_discovery.pref_loss_coevo: EVAL_STAGES enabled: stage0_gate=1 stage1_proxy=1 stage2_micro_unroll=0 stage3_high_fidelity=1
[2026-02-26 10:02:50,226] INFO:ptp_discovery.pref_loss_coevo: Alternating phase=builder fixed_f=f010_040_7b790716 budget=64
[2026-02-26 10:02:50,226] INFO:ptp_discovery.pref_loss_coevo: EVAL_STAGES enabled: stage0_gate=1 stage1_proxy=1 stage2_micro_unroll=0 stage3_high_fidelity=1
[2026-02-26 10:02:50,227] INFO:ptp_discovery.pref_loss_coevo: Gen 34 pref_cache pruned: dropped=160 kept=330 keep_g_ids=45 keep_batch_ids=10 caches(rollout=10 pref=330 pair=2489) cuda(cuda(alloc=0.03G,resv=0.16G))
[2026-02-26 10:02:50,252] INFO:ptp_discovery.pref_loss_coevo: Cheap eval progress gen=34: 1/109 caches(rollout=10 pref=330 pair=2490) cuda(cuda(alloc=0.03G,resv=0.16G))
[2026-02-26 10:02:50,389] INFO:ptp_discovery.pref_loss_coevo: Cheap eval progress gen=34: 10/109 caches(rollout=10 pref=330 pair=2495) cuda(cuda(alloc=0.03G,resv=0.16G))
[2026-02-26 10:02:50,580] INFO:ptp_discovery.pref_loss_coevo: Cheap eval progress gen=34: 20/109 caches(rollout=10 pref=330 pair=2502) cuda(cuda(alloc=0.03G,resv=0.16G))
[2026-02-26 10:02:50,830] INFO:ptp_discovery.pref_loss_coevo: Cheap eval progress gen=34: 30/109 caches(rollout=10 pref=330 pair=2511) cuda(cuda(alloc=0.03G,resv=0.16G))
[2026-02-26 10:02:50,995] INFO:ptp_discovery.pref_loss_coevo: Cheap eval progress gen=34: 40/109 caches(rollout=10 pref=330 pair=2517) cuda(cuda(alloc=0.03G,resv=0.16G))
[2026-02-26 10:02:51,189] INFO:ptp_discovery.pref_loss_coevo: Cheap eval progress gen=34: 50/109 caches(rollout=10 pref=330 pair=2524) cuda(cuda(alloc=0.03G,resv=0.16G))
[2026-02-26 10:02:51,411] INFO:ptp_discovery.pref_loss_coevo: Cheap eval progress gen=34: 60/109 caches(rollout=10 pref=330 pair=2532) cuda(cuda(alloc=0.03G,resv=0.16G))
[2026-02-26 10:02:51,601] INFO:ptp_discovery.pref_loss_coevo: Cheap eval progress gen=34: 70/109 caches(rollout=10 pref=360 pair=2538) cuda(cuda(alloc=0.03G,resv=0.16G))
[2026-02-26 10:02:51,636] INFO:ptp_discovery.pref_loss_coevo: Cheap eval progress gen=34: 80/109 caches(rollout=10 pref=370 pair=2539) cuda(cuda(alloc=0.03G,resv=0.16G))
[2026-02-26 10:02:51,740] INFO:ptp_discovery.pref_loss_coevo: Cheap eval progress gen=34: 90/109 caches(rollout=10 pref=400 pair=2542) cuda(cuda(alloc=0.03G,resv=0.16G))
[2026-02-26 10:02:51,844] INFO:ptp_discovery.pref_loss_coevo: Cheap eval progress gen=34: 100/109 caches(rollout=10 pref=430 pair=2545) cuda(cuda(alloc=0.03G,resv=0.16G))
[2026-02-26 10:02:51,913] INFO:ptp_discovery.pref_loss_coevo: Cheap eval progress gen=34: 109/109 caches(rollout=10 pref=450 pair=2547) cuda(cuda(alloc=0.03G,resv=0.16G))
[2026-02-26 10:02:51,913] INFO:ptp_discovery.pref_loss_coevo: Cheap eval done gen=34: pairs=109 elapsed_s=1.7 caches(rollout=10 pref=450 pair=2547) cuda(cuda(alloc=0.03G,resv=0.16G))
[2026-02-26 10:02:51,914] INFO:ptp_discovery.pref_loss_coevo: HF selection gen=34: eligible=0 selected=0 (top_m=8)
[2026-02-26 10:02:51,914] INFO:ptp_discovery.pref_loss_coevo: COMPARE target=prev_best reference_score=1.0335436440938035 threshold=1.0335436440938035 metric_mode=minimize improve_eps=0.0
[2026-02-26 10:02:51,915] INFO:ptp_discovery.pref_loss_coevo: Gen 34 summary: g_pool=12 f_pool=64 pairs=109 ok=0 stages={'cheap': 109} top_reasons=[('cheap_proxy_gate_failed', 109)]
[2026-02-26 10:02:51,915] WARNING:ptp_discovery.pref_loss_coevo: Gen 34 produced no high-fidelity evaluations (stage='high_fidelity'). Check proxy gates/thresholds: if all pairs are pair_ok=False, HF won't run.
[2026-02-26 10:02:51,962] INFO:ptp_discovery.pref_loss_coevo: === alternating generation 35/49 ===
[2026-02-26 10:02:51,962] INFO:ptp_discovery.pref_loss_coevo: EVAL_STAGES enabled: stage0_gate=1 stage1_proxy=1 stage2_micro_unroll=0 stage3_high_fidelity=1
[2026-02-26 10:02:51,962] INFO:ptp_discovery.pref_loss_coevo: INCUMBENT best_score=1.0335436440938035 best_pair=(g024_051_173ffbce,f010_040_7b790716) best_stage=proxy metric_mode=minimize improve_eps=0.0
[2026-02-26 10:02:51,962] INFO:ptp_discovery.pref_loss_coevo: Gen 35 start: caches(rollout=10 pref=450 pair=2547) cuda(cuda(alloc=0.03G,resv=0.16G))
[2026-02-26 10:02:52,107] INFO:ptp_discovery.pref_loss_coevo: Gen 35 proxy rollouts: device=cuda batches=10 batch_size=64 problem_size=100
[2026-02-26 10:02:52,107] INFO:ptp_discovery.pref_loss_coevo: Gen 35 proxy rollouts progress: 1/10 cache_hit=True caches(rollout=10 pref=450 pair=2547) cuda(cuda(alloc=0.03G,resv=0.16G))
[2026-02-26 10:02:52,108] INFO:ptp_discovery.pref_loss_coevo: Gen 35 proxy rollouts progress: 10/10 cache_hit=True caches(rollout=10 pref=450 pair=2547) cuda(cuda(alloc=0.03G,resv=0.16G))
[2026-02-26 10:02:52,108] INFO:ptp_discovery.pref_loss_coevo: Gen 35 proxy rollouts done: elapsed_s=0.0 caches(rollout=10 pref=450 pair=2547) cuda(cuda(alloc=0.03G,resv=0.16G))
[2026-02-26 10:02:52,197] INFO:ptp_discovery.pref_loss_coevo: Alternating phase=loss fixed_g=g024_051_173ffbce budget=64
[2026-02-26 10:02:52,197] INFO:ptp_discovery.pref_loss_coevo: EVAL_STAGES enabled: stage0_gate=1 stage1_proxy=1 stage2_micro_unroll=0 stage3_high_fidelity=1
[2026-02-26 10:02:52,197] INFO:ptp_discovery.pref_loss_coevo: Alternating phase=builder fixed_f=f010_040_7b790716 budget=64
[2026-02-26 10:02:52,197] INFO:ptp_discovery.pref_loss_coevo: EVAL_STAGES enabled: stage0_gate=1 stage1_proxy=1 stage2_micro_unroll=0 stage3_high_fidelity=1
[2026-02-26 10:02:52,199] INFO:ptp_discovery.pref_loss_coevo: Gen 35 pref_cache pruned: dropped=120 kept=330 keep_g_ids=48 keep_batch_ids=10 caches(rollout=10 pref=330 pair=2547) cuda(cuda(alloc=0.03G,resv=0.16G))
[2026-02-26 10:02:52,199] INFO:ptp_discovery.pref_loss_coevo: Cheap eval progress gen=35: 1/112 caches(rollout=10 pref=330 pair=2547) cuda(cuda(alloc=0.03G,resv=0.16G))
[2026-02-26 10:02:52,339] INFO:ptp_discovery.pref_loss_coevo: Cheap eval progress gen=35: 10/112 caches(rollout=10 pref=330 pair=2552) cuda(cuda(alloc=0.03G,resv=0.16G))
[2026-02-26 10:02:52,539] INFO:ptp_discovery.pref_loss_coevo: Cheap eval progress gen=35: 20/112 caches(rollout=10 pref=330 pair=2559) cuda(cuda(alloc=0.03G,resv=0.16G))
[2026-02-26 10:02:52,708] INFO:ptp_discovery.pref_loss_coevo: Cheap eval progress gen=35: 30/112 caches(rollout=10 pref=330 pair=2565) cuda(cuda(alloc=0.03G,resv=0.16G))
[2026-02-26 10:02:52,931] INFO:ptp_discovery.pref_loss_coevo: Cheap eval progress gen=35: 40/112 caches(rollout=10 pref=330 pair=2573) cuda(cuda(alloc=0.03G,resv=0.16G))
[2026-02-26 10:02:53,121] INFO:ptp_discovery.pref_loss_coevo: Cheap eval progress gen=35: 50/112 caches(rollout=10 pref=330 pair=2580) cuda(cuda(alloc=0.03G,resv=0.16G))
[2026-02-26 10:02:53,285] INFO:ptp_discovery.pref_loss_coevo: Cheap eval progress gen=35: 60/112 caches(rollout=10 pref=330 pair=2586) cuda(cuda(alloc=0.03G,resv=0.16G))
[2026-02-26 10:02:53,427] INFO:ptp_discovery.pref_loss_coevo: Cheap eval progress gen=35: 70/112 caches(rollout=10 pref=340 pair=2591) cuda(cuda(alloc=0.03G,resv=0.16G))
[2026-02-26 10:02:53,528] INFO:ptp_discovery.pref_loss_coevo: Cheap eval progress gen=35: 80/112 caches(rollout=10 pref=370 pair=2594) cuda(cuda(alloc=0.03G,resv=0.16G))
[2026-02-26 10:02:53,662] INFO:ptp_discovery.pref_loss_coevo: Cheap eval progress gen=35: 90/112 caches(rollout=10 pref=410 pair=2598) cuda(cuda(alloc=0.03G,resv=0.16G))
[2026-02-26 10:02:53,764] INFO:ptp_discovery.pref_loss_coevo: Cheap eval progress gen=35: 100/112 caches(rollout=10 pref=440 pair=2601) cuda(cuda(alloc=0.03G,resv=0.16G))
[2026-02-26 10:02:53,866] INFO:ptp_discovery.pref_loss_coevo: Cheap eval progress gen=35: 110/112 caches(rollout=10 pref=470 pair=2604) cuda(cuda(alloc=0.03G,resv=0.16G))
[2026-02-26 10:02:53,899] INFO:ptp_discovery.pref_loss_coevo: Cheap eval progress gen=35: 112/112 caches(rollout=10 pref=480 pair=2605) cuda(cuda(alloc=0.03G,resv=0.16G))
[2026-02-26 10:02:53,899] INFO:ptp_discovery.pref_loss_coevo: Cheap eval done gen=35: pairs=112 elapsed_s=1.7 caches(rollout=10 pref=480 pair=2605) cuda(cuda(alloc=0.03G,resv=0.16G))
[2026-02-26 10:02:53,900] INFO:ptp_discovery.pref_loss_coevo: HF selection gen=35: eligible=0 selected=0 (top_m=8)
[2026-02-26 10:02:53,900] INFO:ptp_discovery.pref_loss_coevo: COMPARE target=prev_best reference_score=1.0335436440938035 threshold=1.0335436440938035 metric_mode=minimize improve_eps=0.0
[2026-02-26 10:02:53,901] INFO:ptp_discovery.pref_loss_coevo: Gen 35 summary: g_pool=15 f_pool=64 pairs=112 ok=0 stages={'cheap': 112} top_reasons=[('cheap_proxy_gate_failed', 112)]
[2026-02-26 10:02:53,901] WARNING:ptp_discovery.pref_loss_coevo: Gen 35 produced no high-fidelity evaluations (stage='high_fidelity'). Check proxy gates/thresholds: if all pairs are pair_ok=False, HF won't run.
[2026-02-26 10:02:53,947] INFO:ptp_discovery.pref_loss_coevo: === alternating generation 36/49 ===
[2026-02-26 10:02:53,947] INFO:ptp_discovery.pref_loss_coevo: EVAL_STAGES enabled: stage0_gate=1 stage1_proxy=1 stage2_micro_unroll=0 stage3_high_fidelity=1
[2026-02-26 10:02:53,947] INFO:ptp_discovery.pref_loss_coevo: INCUMBENT best_score=1.0335436440938035 best_pair=(g024_051_173ffbce,f010_040_7b790716) best_stage=proxy metric_mode=minimize improve_eps=0.0
[2026-02-26 10:02:53,948] INFO:ptp_discovery.pref_loss_coevo: Gen 36 start: caches(rollout=10 pref=480 pair=2605) cuda(cuda(alloc=0.03G,resv=0.16G))
[2026-02-26 10:02:54,090] INFO:ptp_discovery.pref_loss_coevo: Gen 36 proxy rollouts: device=cuda batches=10 batch_size=64 problem_size=100
[2026-02-26 10:02:54,090] INFO:ptp_discovery.pref_loss_coevo: Gen 36 proxy rollouts progress: 1/10 cache_hit=True caches(rollout=10 pref=480 pair=2605) cuda(cuda(alloc=0.03G,resv=0.16G))
[2026-02-26 10:02:54,091] INFO:ptp_discovery.pref_loss_coevo: Gen 36 proxy rollouts progress: 10/10 cache_hit=True caches(rollout=10 pref=480 pair=2605) cuda(cuda(alloc=0.03G,resv=0.16G))
[2026-02-26 10:02:54,091] INFO:ptp_discovery.pref_loss_coevo: Gen 36 proxy rollouts done: elapsed_s=0.0 caches(rollout=10 pref=480 pair=2605) cuda(cuda(alloc=0.03G,resv=0.16G))
[2026-02-26 10:02:54,180] INFO:ptp_discovery.pref_loss_coevo: Alternating phase=loss fixed_g=g024_051_173ffbce budget=64
[2026-02-26 10:02:54,180] INFO:ptp_discovery.pref_loss_coevo: EVAL_STAGES enabled: stage0_gate=1 stage1_proxy=1 stage2_micro_unroll=0 stage3_high_fidelity=1
[2026-02-26 10:02:54,180] INFO:ptp_discovery.pref_loss_coevo: Alternating phase=builder fixed_f=f010_040_7b790716 budget=64
[2026-02-26 10:02:54,180] INFO:ptp_discovery.pref_loss_coevo: EVAL_STAGES enabled: stage0_gate=1 stage1_proxy=1 stage2_micro_unroll=0 stage3_high_fidelity=1
[2026-02-26 10:02:54,182] INFO:ptp_discovery.pref_loss_coevo: Gen 36 pref_cache pruned: dropped=140 kept=340 keep_g_ids=51 keep_batch_ids=10 caches(rollout=10 pref=340 pair=2605) cuda(cuda(alloc=0.03G,resv=0.16G))
[2026-02-26 10:02:54,182] INFO:ptp_discovery.pref_loss_coevo: Cheap eval progress gen=36: 1/115 caches(rollout=10 pref=340 pair=2605) cuda(cuda(alloc=0.03G,resv=0.16G))
[2026-02-26 10:02:54,314] INFO:ptp_discovery.pref_loss_coevo: Cheap eval progress gen=36: 10/115 caches(rollout=10 pref=340 pair=2610) cuda(cuda(alloc=0.03G,resv=0.16G))
[2026-02-26 10:02:54,497] INFO:ptp_discovery.pref_loss_coevo: Cheap eval progress gen=36: 20/115 caches(rollout=10 pref=340 pair=2617) cuda(cuda(alloc=0.03G,resv=0.16G))
[2026-02-26 10:02:54,697] INFO:ptp_discovery.pref_loss_coevo: Cheap eval progress gen=36: 30/115 caches(rollout=10 pref=340 pair=2625) cuda(cuda(alloc=0.03G,resv=0.16G))
[2026-02-26 10:02:54,824] INFO:ptp_discovery.pref_loss_coevo: Cheap eval progress gen=36: 40/115 caches(rollout=10 pref=340 pair=2630) cuda(cuda(alloc=0.03G,resv=0.16G))
[2026-02-26 10:02:55,015] INFO:ptp_discovery.pref_loss_coevo: Cheap eval progress gen=36: 50/115 caches(rollout=10 pref=340 pair=2637) cuda(cuda(alloc=0.03G,resv=0.16G))
[2026-02-26 10:02:55,179] INFO:ptp_discovery.pref_loss_coevo: Cheap eval progress gen=36: 60/115 caches(rollout=10 pref=340 pair=2643) cuda(cuda(alloc=0.03G,resv=0.16G))
[2026-02-26 10:02:55,356] INFO:ptp_discovery.pref_loss_coevo: Cheap eval progress gen=36: 70/115 caches(rollout=10 pref=360 pair=2649) cuda(cuda(alloc=0.03G,resv=0.16G))
[2026-02-26 10:02:55,494] INFO:ptp_discovery.pref_loss_coevo: Cheap eval progress gen=36: 80/115 caches(rollout=10 pref=400 pair=2653) cuda(cuda(alloc=0.03G,resv=0.16G))
[2026-02-26 10:02:55,598] INFO:ptp_discovery.pref_loss_coevo: Cheap eval progress gen=36: 90/115 caches(rollout=10 pref=430 pair=2656) cuda(cuda(alloc=0.03G,resv=0.16G))
[2026-02-26 10:02:55,735] INFO:ptp_discovery.pref_loss_coevo: Cheap eval progress gen=36: 100/115 caches(rollout=10 pref=470 pair=2660) cuda(cuda(alloc=0.03G,resv=0.16G))
[2026-02-26 10:02:55,804] INFO:ptp_discovery.pref_loss_coevo: Cheap eval progress gen=36: 110/115 caches(rollout=10 pref=490 pair=2662) cuda(cuda(alloc=0.04G,resv=0.16G))
[2026-02-26 10:02:55,873] INFO:ptp_discovery.pref_loss_coevo: Cheap eval progress gen=36: 115/115 caches(rollout=10 pref=510 pair=2664) cuda(cuda(alloc=0.04G,resv=0.16G))
[2026-02-26 10:02:55,874] INFO:ptp_discovery.pref_loss_coevo: Cheap eval done gen=36: pairs=115 elapsed_s=1.7 caches(rollout=10 pref=510 pair=2664) cuda(cuda(alloc=0.04G,resv=0.16G))
[2026-02-26 10:02:55,874] INFO:ptp_discovery.pref_loss_coevo: HF selection gen=36: eligible=0 selected=0 (top_m=8)
[2026-02-26 10:02:55,875] INFO:ptp_discovery.pref_loss_coevo: COMPARE target=prev_best reference_score=1.0335436440938035 threshold=1.0335436440938035 metric_mode=minimize improve_eps=0.0
[2026-02-26 10:02:55,875] INFO:ptp_discovery.pref_loss_coevo: Gen 36 summary: g_pool=17 f_pool=64 pairs=115 ok=0 stages={'cheap': 115} top_reasons=[('cheap_proxy_gate_failed', 115)]
[2026-02-26 10:02:55,876] WARNING:ptp_discovery.pref_loss_coevo: Gen 36 produced no high-fidelity evaluations (stage='high_fidelity'). Check proxy gates/thresholds: if all pairs are pair_ok=False, HF won't run.
[2026-02-26 10:02:55,922] INFO:ptp_discovery.pref_loss_coevo: === alternating generation 37/49 ===
[2026-02-26 10:02:55,923] INFO:ptp_discovery.pref_loss_coevo: EVAL_STAGES enabled: stage0_gate=1 stage1_proxy=1 stage2_micro_unroll=0 stage3_high_fidelity=1
[2026-02-26 10:02:55,923] INFO:ptp_discovery.pref_loss_coevo: INCUMBENT best_score=1.0335436440938035 best_pair=(g024_051_173ffbce,f010_040_7b790716) best_stage=proxy metric_mode=minimize improve_eps=0.0
[2026-02-26 10:02:55,923] INFO:ptp_discovery.pref_loss_coevo: Gen 37 start: caches(rollout=10 pref=510 pair=2664) cuda(cuda(alloc=0.04G,resv=0.16G))
[2026-02-26 10:02:56,067] INFO:ptp_discovery.pref_loss_coevo: Gen 37 proxy rollouts: device=cuda batches=10 batch_size=64 problem_size=100
[2026-02-26 10:02:56,067] INFO:ptp_discovery.pref_loss_coevo: Gen 37 proxy rollouts progress: 1/10 cache_hit=True caches(rollout=10 pref=510 pair=2664) cuda(cuda(alloc=0.04G,resv=0.16G))
[2026-02-26 10:02:56,068] INFO:ptp_discovery.pref_loss_coevo: Gen 37 proxy rollouts progress: 10/10 cache_hit=True caches(rollout=10 pref=510 pair=2664) cuda(cuda(alloc=0.04G,resv=0.16G))
[2026-02-26 10:02:56,068] INFO:ptp_discovery.pref_loss_coevo: Gen 37 proxy rollouts done: elapsed_s=0.0 caches(rollout=10 pref=510 pair=2664) cuda(cuda(alloc=0.04G,resv=0.16G))
[2026-02-26 10:02:56,156] INFO:ptp_discovery.pref_loss_coevo: Alternating phase=loss fixed_g=g024_051_173ffbce budget=64
[2026-02-26 10:02:56,156] INFO:ptp_discovery.pref_loss_coevo: EVAL_STAGES enabled: stage0_gate=1 stage1_proxy=1 stage2_micro_unroll=0 stage3_high_fidelity=1
[2026-02-26 10:02:56,156] INFO:ptp_discovery.pref_loss_coevo: Alternating phase=builder fixed_f=f010_040_7b790716 budget=64
[2026-02-26 10:02:56,156] INFO:ptp_discovery.pref_loss_coevo: EVAL_STAGES enabled: stage0_gate=1 stage1_proxy=1 stage2_micro_unroll=0 stage3_high_fidelity=1
[2026-02-26 10:02:56,158] INFO:ptp_discovery.pref_loss_coevo: Gen 37 pref_cache pruned: dropped=170 kept=340 keep_g_ids=50 keep_batch_ids=10 caches(rollout=10 pref=340 pair=2664) cuda(cuda(alloc=0.03G,resv=0.16G))
[2026-02-26 10:02:56,184] INFO:ptp_discovery.pref_loss_coevo: Cheap eval progress gen=37: 1/114 caches(rollout=10 pref=340 pair=2665) cuda(cuda(alloc=0.03G,resv=0.16G))
[2026-02-26 10:02:56,352] INFO:ptp_discovery.pref_loss_coevo: Cheap eval progress gen=37: 10/114 caches(rollout=10 pref=340 pair=2671) cuda(cuda(alloc=0.03G,resv=0.16G))
[2026-02-26 10:02:56,596] INFO:ptp_discovery.pref_loss_coevo: Cheap eval progress gen=37: 20/114 caches(rollout=10 pref=340 pair=2680) cuda(cuda(alloc=0.03G,resv=0.16G))
[2026-02-26 10:02:56,704] INFO:ptp_discovery.pref_loss_coevo: Cheap eval progress gen=37: 30/114 caches(rollout=10 pref=340 pair=2684) cuda(cuda(alloc=0.03G,resv=0.16G))
[2026-02-26 10:02:56,899] INFO:ptp_discovery.pref_loss_coevo: Cheap eval progress gen=37: 40/114 caches(rollout=10 pref=340 pair=2691) cuda(cuda(alloc=0.03G,resv=0.16G))
[2026-02-26 10:02:57,063] INFO:ptp_discovery.pref_loss_coevo: Cheap eval progress gen=37: 50/114 caches(rollout=10 pref=340 pair=2697) cuda(cuda(alloc=0.03G,resv=0.16G))
[2026-02-26 10:02:57,230] INFO:ptp_discovery.pref_loss_coevo: Cheap eval progress gen=37: 60/114 caches(rollout=10 pref=340 pair=2703) cuda(cuda(alloc=0.03G,resv=0.16G))
[2026-02-26 10:02:57,377] INFO:ptp_discovery.pref_loss_coevo: Cheap eval progress gen=37: 70/114 caches(rollout=10 pref=360 pair=2708) cuda(cuda(alloc=0.03G,resv=0.16G))
[2026-02-26 10:02:57,513] INFO:ptp_discovery.pref_loss_coevo: Cheap eval progress gen=37: 80/114 caches(rollout=10 pref=400 pair=2712) cuda(cuda(alloc=0.03G,resv=0.16G))
[2026-02-26 10:02:57,683] INFO:ptp_discovery.pref_loss_coevo: Cheap eval progress gen=37: 90/114 caches(rollout=10 pref=450 pair=2717) cuda(cuda(alloc=0.03G,resv=0.16G))
[2026-02-26 10:02:57,787] INFO:ptp_discovery.pref_loss_coevo: Cheap eval progress gen=37: 100/114 caches(rollout=10 pref=480 pair=2720) cuda(cuda(alloc=0.03G,resv=0.16G))
[2026-02-26 10:02:57,821] INFO:ptp_discovery.pref_loss_coevo: Cheap eval progress gen=37: 110/114 caches(rollout=10 pref=490 pair=2721) cuda(cuda(alloc=0.03G,resv=0.16G))
[2026-02-26 10:02:57,855] INFO:ptp_discovery.pref_loss_coevo: Cheap eval progress gen=37: 114/114 caches(rollout=10 pref=500 pair=2722) cuda(cuda(alloc=0.03G,resv=0.16G))
[2026-02-26 10:02:57,856] INFO:ptp_discovery.pref_loss_coevo: Cheap eval done gen=37: pairs=114 elapsed_s=1.7 caches(rollout=10 pref=500 pair=2722) cuda(cuda(alloc=0.03G,resv=0.16G))
[2026-02-26 10:02:57,856] INFO:ptp_discovery.pref_loss_coevo: HF selection gen=37: eligible=0 selected=0 (top_m=8)
[2026-02-26 10:02:57,857] INFO:ptp_discovery.pref_loss_coevo: COMPARE target=prev_best reference_score=1.0335436440938035 threshold=1.0335436440938035 metric_mode=minimize improve_eps=0.0
[2026-02-26 10:02:57,857] INFO:ptp_discovery.pref_loss_coevo: Gen 37 summary: g_pool=16 f_pool=64 pairs=114 ok=0 stages={'cheap': 114} top_reasons=[('cheap_proxy_gate_failed', 114)]
[2026-02-26 10:02:57,857] WARNING:ptp_discovery.pref_loss_coevo: Gen 37 produced no high-fidelity evaluations (stage='high_fidelity'). Check proxy gates/thresholds: if all pairs are pair_ok=False, HF won't run.
[2026-02-26 10:02:57,905] INFO:ptp_discovery.pref_loss_coevo: === alternating generation 38/49 ===
[2026-02-26 10:02:57,905] INFO:ptp_discovery.pref_loss_coevo: EVAL_STAGES enabled: stage0_gate=1 stage1_proxy=1 stage2_micro_unroll=0 stage3_high_fidelity=1
[2026-02-26 10:02:57,905] INFO:ptp_discovery.pref_loss_coevo: INCUMBENT best_score=1.0335436440938035 best_pair=(g024_051_173ffbce,f010_040_7b790716) best_stage=proxy metric_mode=minimize improve_eps=0.0
[2026-02-26 10:02:57,905] INFO:ptp_discovery.pref_loss_coevo: Gen 38 start: caches(rollout=10 pref=500 pair=2722) cuda(cuda(alloc=0.03G,resv=0.16G))
[2026-02-26 10:02:58,287] INFO:ptp_discovery.pref_loss_coevo: Gen 38 proxy rollouts: device=cuda batches=10 batch_size=64 problem_size=100
[2026-02-26 10:02:58,287] INFO:ptp_discovery.pref_loss_coevo: Gen 38 proxy rollouts progress: 1/10 cache_hit=True caches(rollout=10 pref=500 pair=2722) cuda(cuda(alloc=0.03G,resv=0.16G))
[2026-02-26 10:02:58,288] INFO:ptp_discovery.pref_loss_coevo: Gen 38 proxy rollouts progress: 10/10 cache_hit=True caches(rollout=10 pref=500 pair=2722) cuda(cuda(alloc=0.03G,resv=0.16G))
[2026-02-26 10:02:58,288] INFO:ptp_discovery.pref_loss_coevo: Gen 38 proxy rollouts done: elapsed_s=0.0 caches(rollout=10 pref=500 pair=2722) cuda(cuda(alloc=0.03G,resv=0.16G))
[2026-02-26 10:02:58,374] INFO:ptp_discovery.pref_loss_coevo: Alternating phase=loss fixed_g=g024_051_173ffbce budget=64
[2026-02-26 10:02:58,374] INFO:ptp_discovery.pref_loss_coevo: EVAL_STAGES enabled: stage0_gate=1 stage1_proxy=1 stage2_micro_unroll=0 stage3_high_fidelity=1
[2026-02-26 10:02:58,375] INFO:ptp_discovery.pref_loss_coevo: Alternating phase=builder fixed_f=f010_040_7b790716 budget=64
[2026-02-26 10:02:58,375] INFO:ptp_discovery.pref_loss_coevo: EVAL_STAGES enabled: stage0_gate=1 stage1_proxy=1 stage2_micro_unroll=0 stage3_high_fidelity=1
[2026-02-26 10:02:58,377] INFO:ptp_discovery.pref_loss_coevo: Gen 38 pref_cache pruned: dropped=150 kept=350 keep_g_ids=47 keep_batch_ids=10 caches(rollout=10 pref=350 pair=2722) cuda(cuda(alloc=0.03G,resv=0.16G))
[2026-02-26 10:02:58,401] INFO:ptp_discovery.pref_loss_coevo: Cheap eval progress gen=38: 1/111 caches(rollout=10 pref=350 pair=2723) cuda(cuda(alloc=0.03G,resv=0.16G))
[2026-02-26 10:02:58,539] INFO:ptp_discovery.pref_loss_coevo: Cheap eval progress gen=38: 10/111 caches(rollout=10 pref=350 pair=2728) cuda(cuda(alloc=0.03G,resv=0.16G))
[2026-02-26 10:02:58,788] INFO:ptp_discovery.pref_loss_coevo: Cheap eval progress gen=38: 20/111 caches(rollout=10 pref=350 pair=2737) cuda(cuda(alloc=0.03G,resv=0.16G))
[2026-02-26 10:02:58,956] INFO:ptp_discovery.pref_loss_coevo: Cheap eval progress gen=38: 30/111 caches(rollout=10 pref=350 pair=2743) cuda(cuda(alloc=0.03G,resv=0.16G))
[2026-02-26 10:02:59,095] INFO:ptp_discovery.pref_loss_coevo: Cheap eval progress gen=38: 40/111 caches(rollout=10 pref=350 pair=2748) cuda(cuda(alloc=0.03G,resv=0.16G))
[2026-02-26 10:02:59,285] INFO:ptp_discovery.pref_loss_coevo: Cheap eval progress gen=38: 50/111 caches(rollout=10 pref=350 pair=2755) cuda(cuda(alloc=0.03G,resv=0.16G))
[2026-02-26 10:02:59,448] INFO:ptp_discovery.pref_loss_coevo: Cheap eval progress gen=38: 60/111 caches(rollout=10 pref=350 pair=2761) cuda(cuda(alloc=0.03G,resv=0.16G))
[2026-02-26 10:02:59,658] INFO:ptp_discovery.pref_loss_coevo: Cheap eval progress gen=38: 70/111 caches(rollout=10 pref=380 pair=2768) cuda(cuda(alloc=0.03G,resv=0.16G))
[2026-02-26 10:02:59,692] INFO:ptp_discovery.pref_loss_coevo: Cheap eval progress gen=38: 80/111 caches(rollout=10 pref=390 pair=2769) cuda(cuda(alloc=0.03G,resv=0.16G))
[2026-02-26 10:02:59,760] INFO:ptp_discovery.pref_loss_coevo: Cheap eval progress gen=38: 90/111 caches(rollout=10 pref=410 pair=2771) cuda(cuda(alloc=0.03G,resv=0.16G))
[2026-02-26 10:02:59,828] INFO:ptp_discovery.pref_loss_coevo: Cheap eval progress gen=38: 100/111 caches(rollout=10 pref=430 pair=2773) cuda(cuda(alloc=0.03G,resv=0.16G))
[2026-02-26 10:02:59,930] INFO:ptp_discovery.pref_loss_coevo: Cheap eval progress gen=38: 110/111 caches(rollout=10 pref=460 pair=2776) cuda(cuda(alloc=0.03G,resv=0.16G))
[2026-02-26 10:02:59,965] INFO:ptp_discovery.pref_loss_coevo: Cheap eval progress gen=38: 111/111 caches(rollout=10 pref=470 pair=2777) cuda(cuda(alloc=0.03G,resv=0.16G))
[2026-02-26 10:02:59,966] INFO:ptp_discovery.pref_loss_coevo: Cheap eval done gen=38: pairs=111 elapsed_s=1.6 caches(rollout=10 pref=470 pair=2777) cuda(cuda(alloc=0.03G,resv=0.16G))
[2026-02-26 10:02:59,966] INFO:ptp_discovery.pref_loss_coevo: HF selection gen=38: eligible=0 selected=0 (top_m=8)
[2026-02-26 10:02:59,967] INFO:ptp_discovery.pref_loss_coevo: COMPARE target=prev_best reference_score=1.0335436440938035 threshold=1.0335436440938035 metric_mode=minimize improve_eps=0.0
[2026-02-26 10:02:59,967] INFO:ptp_discovery.pref_loss_coevo: Gen 38 summary: g_pool=12 f_pool=64 pairs=111 ok=0 stages={'cheap': 111} top_reasons=[('cheap_proxy_gate_failed', 111)]
[2026-02-26 10:02:59,967] WARNING:ptp_discovery.pref_loss_coevo: Gen 38 produced no high-fidelity evaluations (stage='high_fidelity'). Check proxy gates/thresholds: if all pairs are pair_ok=False, HF won't run.
[2026-02-26 10:03:00,014] INFO:ptp_discovery.pref_loss_coevo: === alternating generation 39/49 ===
[2026-02-26 10:03:00,015] INFO:ptp_discovery.pref_loss_coevo: EVAL_STAGES enabled: stage0_gate=1 stage1_proxy=1 stage2_micro_unroll=0 stage3_high_fidelity=1
[2026-02-26 10:03:00,015] INFO:ptp_discovery.pref_loss_coevo: INCUMBENT best_score=1.0335436440938035 best_pair=(g024_051_173ffbce,f010_040_7b790716) best_stage=proxy metric_mode=minimize improve_eps=0.0
[2026-02-26 10:03:00,015] INFO:ptp_discovery.pref_loss_coevo: Gen 39 start: caches(rollout=10 pref=470 pair=2777) cuda(cuda(alloc=0.03G,resv=0.16G))
[2026-02-26 10:03:00,160] INFO:ptp_discovery.pref_loss_coevo: Gen 39 proxy rollouts: device=cuda batches=10 batch_size=64 problem_size=100
[2026-02-26 10:03:00,160] INFO:ptp_discovery.pref_loss_coevo: Gen 39 proxy rollouts progress: 1/10 cache_hit=True caches(rollout=10 pref=470 pair=2777) cuda(cuda(alloc=0.03G,resv=0.16G))
[2026-02-26 10:03:00,161] INFO:ptp_discovery.pref_loss_coevo: Gen 39 proxy rollouts progress: 10/10 cache_hit=True caches(rollout=10 pref=470 pair=2777) cuda(cuda(alloc=0.03G,resv=0.16G))
[2026-02-26 10:03:00,161] INFO:ptp_discovery.pref_loss_coevo: Gen 39 proxy rollouts done: elapsed_s=0.0 caches(rollout=10 pref=470 pair=2777) cuda(cuda(alloc=0.03G,resv=0.16G))
[2026-02-26 10:03:00,252] INFO:ptp_discovery.pref_loss_coevo: Alternating phase=loss fixed_g=g024_051_173ffbce budget=64
[2026-02-26 10:03:00,252] INFO:ptp_discovery.pref_loss_coevo: EVAL_STAGES enabled: stage0_gate=1 stage1_proxy=1 stage2_micro_unroll=0 stage3_high_fidelity=1
[2026-02-26 10:03:00,252] INFO:ptp_discovery.pref_loss_coevo: Alternating phase=builder fixed_f=f010_040_7b790716 budget=64
[2026-02-26 10:03:00,252] INFO:ptp_discovery.pref_loss_coevo: EVAL_STAGES enabled: stage0_gate=1 stage1_proxy=1 stage2_micro_unroll=0 stage3_high_fidelity=1
[2026-02-26 10:03:00,253] INFO:ptp_discovery.pref_loss_coevo: Gen 39 pref_cache pruned: dropped=120 kept=350 keep_g_ids=52 keep_batch_ids=10 caches(rollout=10 pref=350 pair=2777) cuda(cuda(alloc=0.03G,resv=0.16G))
[2026-02-26 10:03:00,254] INFO:ptp_discovery.pref_loss_coevo: Cheap eval progress gen=39: 1/115 caches(rollout=10 pref=350 pair=2777) cuda(cuda(alloc=0.03G,resv=0.16G))
[2026-02-26 10:03:00,389] INFO:ptp_discovery.pref_loss_coevo: Cheap eval progress gen=39: 10/115 caches(rollout=10 pref=350 pair=2782) cuda(cuda(alloc=0.03G,resv=0.16G))
[2026-02-26 10:03:00,555] INFO:ptp_discovery.pref_loss_coevo: Cheap eval progress gen=39: 20/115 caches(rollout=10 pref=350 pair=2788) cuda(cuda(alloc=0.03G,resv=0.16G))
[2026-02-26 10:03:00,749] INFO:ptp_discovery.pref_loss_coevo: Cheap eval progress gen=39: 30/115 caches(rollout=10 pref=350 pair=2795) cuda(cuda(alloc=0.03G,resv=0.16G))
[2026-02-26 10:03:00,972] INFO:ptp_discovery.pref_loss_coevo: Cheap eval progress gen=39: 40/115 caches(rollout=10 pref=350 pair=2803) cuda(cuda(alloc=0.03G,resv=0.16G))
[2026-02-26 10:03:01,191] INFO:ptp_discovery.pref_loss_coevo: Cheap eval progress gen=39: 50/115 caches(rollout=10 pref=350 pair=2811) cuda(cuda(alloc=0.03G,resv=0.16G))
[2026-02-26 10:03:01,388] INFO:ptp_discovery.pref_loss_coevo: Cheap eval progress gen=39: 60/115 caches(rollout=10 pref=350 pair=2818) cuda(cuda(alloc=0.03G,resv=0.16G))
[2026-02-26 10:03:01,542] INFO:ptp_discovery.pref_loss_coevo: Cheap eval progress gen=39: 70/115 caches(rollout=10 pref=370 pair=2823) cuda(cuda(alloc=0.03G,resv=0.16G))
[2026-02-26 10:03:01,577] INFO:ptp_discovery.pref_loss_coevo: Cheap eval progress gen=39: 80/115 caches(rollout=10 pref=380 pair=2824) cuda(cuda(alloc=0.03G,resv=0.16G))
[2026-02-26 10:03:01,712] INFO:ptp_discovery.pref_loss_coevo: Cheap eval progress gen=39: 90/115 caches(rollout=10 pref=420 pair=2828) cuda(cuda(alloc=0.03G,resv=0.16G))
[2026-02-26 10:03:01,846] INFO:ptp_discovery.pref_loss_coevo: Cheap eval progress gen=39: 100/115 caches(rollout=10 pref=460 pair=2832) cuda(cuda(alloc=0.03G,resv=0.16G))
[2026-02-26 10:03:01,980] INFO:ptp_discovery.pref_loss_coevo: Cheap eval progress gen=39: 110/115 caches(rollout=10 pref=500 pair=2836) cuda(cuda(alloc=0.03G,resv=0.16G))
[2026-02-26 10:03:02,047] INFO:ptp_discovery.pref_loss_coevo: Cheap eval progress gen=39: 115/115 caches(rollout=10 pref=520 pair=2838) cuda(cuda(alloc=0.03G,resv=0.16G))
[2026-02-26 10:03:02,047] INFO:ptp_discovery.pref_loss_coevo: Cheap eval done gen=39: pairs=115 elapsed_s=1.8 caches(rollout=10 pref=520 pair=2838) cuda(cuda(alloc=0.03G,resv=0.16G))
[2026-02-26 10:03:02,048] INFO:ptp_discovery.pref_loss_coevo: HF selection gen=39: eligible=0 selected=0 (top_m=8)
[2026-02-26 10:03:02,048] INFO:ptp_discovery.pref_loss_coevo: COMPARE target=prev_best reference_score=1.0335436440938035 threshold=1.0335436440938035 metric_mode=minimize improve_eps=0.0
[2026-02-26 10:03:02,049] INFO:ptp_discovery.pref_loss_coevo: Gen 39 summary: g_pool=17 f_pool=64 pairs=115 ok=0 stages={'cheap': 115} top_reasons=[('cheap_proxy_gate_failed', 115)]
[2026-02-26 10:03:02,049] WARNING:ptp_discovery.pref_loss_coevo: Gen 39 produced no high-fidelity evaluations (stage='high_fidelity'). Check proxy gates/thresholds: if all pairs are pair_ok=False, HF won't run.
[2026-02-26 10:03:02,098] INFO:ptp_discovery.pref_loss_coevo: === alternating generation 40/49 ===
[2026-02-26 10:03:02,098] INFO:ptp_discovery.pref_loss_coevo: EVAL_STAGES enabled: stage0_gate=1 stage1_proxy=1 stage2_micro_unroll=0 stage3_high_fidelity=1
[2026-02-26 10:03:02,098] INFO:ptp_discovery.pref_loss_coevo: INCUMBENT best_score=1.0335436440938035 best_pair=(g024_051_173ffbce,f010_040_7b790716) best_stage=proxy metric_mode=minimize improve_eps=0.0
[2026-02-26 10:03:02,098] INFO:ptp_discovery.pref_loss_coevo: Gen 40 start: caches(rollout=10 pref=520 pair=2838) cuda(cuda(alloc=0.03G,resv=0.16G))
[2026-02-26 10:03:02,245] INFO:ptp_discovery.pref_loss_coevo: Gen 40 proxy rollouts: device=cuda batches=10 batch_size=64 problem_size=100
[2026-02-26 10:03:02,246] INFO:ptp_discovery.pref_loss_coevo: Gen 40 proxy rollouts progress: 1/10 cache_hit=True caches(rollout=10 pref=520 pair=2838) cuda(cuda(alloc=0.03G,resv=0.16G))
[2026-02-26 10:03:02,247] INFO:ptp_discovery.pref_loss_coevo: Gen 40 proxy rollouts progress: 10/10 cache_hit=True caches(rollout=10 pref=520 pair=2838) cuda(cuda(alloc=0.03G,resv=0.16G))
[2026-02-26 10:03:02,248] INFO:ptp_discovery.pref_loss_coevo: Gen 40 proxy rollouts done: elapsed_s=0.0 caches(rollout=10 pref=520 pair=2838) cuda(cuda(alloc=0.03G,resv=0.16G))
[2026-02-26 10:03:02,313] INFO:ptp_discovery.pref_loss_coevo: Alternating phase=loss fixed_g=g024_051_173ffbce budget=64
[2026-02-26 10:03:02,313] INFO:ptp_discovery.pref_loss_coevo: EVAL_STAGES enabled: stage0_gate=1 stage1_proxy=1 stage2_micro_unroll=0 stage3_high_fidelity=1
[2026-02-26 10:03:02,313] INFO:ptp_discovery.pref_loss_coevo: Alternating phase=builder fixed_f=f010_040_7b790716 budget=64
[2026-02-26 10:03:02,313] INFO:ptp_discovery.pref_loss_coevo: EVAL_STAGES enabled: stage0_gate=1 stage1_proxy=1 stage2_micro_unroll=0 stage3_high_fidelity=1
[2026-02-26 10:03:02,315] INFO:ptp_discovery.pref_loss_coevo: Gen 40 pref_cache pruned: dropped=170 kept=350 keep_g_ids=50 keep_batch_ids=10 caches(rollout=10 pref=350 pair=2838) cuda(cuda(alloc=0.03G,resv=0.16G))
[2026-02-26 10:03:02,339] INFO:ptp_discovery.pref_loss_coevo: Cheap eval progress gen=40: 1/113 caches(rollout=10 pref=350 pair=2839) cuda(cuda(alloc=0.03G,resv=0.16G))
[2026-02-26 10:03:02,529] INFO:ptp_discovery.pref_loss_coevo: Cheap eval progress gen=40: 10/113 caches(rollout=10 pref=350 pair=2846) cuda(cuda(alloc=0.03G,resv=0.16G))
[2026-02-26 10:03:02,693] INFO:ptp_discovery.pref_loss_coevo: Cheap eval progress gen=40: 20/113 caches(rollout=10 pref=350 pair=2852) cuda(cuda(alloc=0.03G,resv=0.16G))
[2026-02-26 10:03:02,866] INFO:ptp_discovery.pref_loss_coevo: Cheap eval progress gen=40: 30/113 caches(rollout=10 pref=350 pair=2859) cuda(cuda(alloc=0.03G,resv=0.16G))
[2026-02-26 10:03:02,988] INFO:ptp_discovery.pref_loss_coevo: Cheap eval progress gen=40: 40/113 caches(rollout=10 pref=350 pair=2865) cuda(cuda(alloc=0.03G,resv=0.16G))
[2026-02-26 10:03:03,090] INFO:ptp_discovery.pref_loss_coevo: Cheap eval progress gen=40: 50/113 caches(rollout=10 pref=350 pair=2870) cuda(cuda(alloc=0.03G,resv=0.16G))
[2026-02-26 10:03:03,231] INFO:ptp_discovery.pref_loss_coevo: Cheap eval progress gen=40: 60/113 caches(rollout=10 pref=350 pair=2877) cuda(cuda(alloc=0.03G,resv=0.16G))
[2026-02-26 10:03:03,321] INFO:ptp_discovery.pref_loss_coevo: Cheap eval progress gen=40: 70/113 caches(rollout=10 pref=360 pair=2881) cuda(cuda(alloc=0.03G,resv=0.16G))
[2026-02-26 10:03:03,371] INFO:ptp_discovery.pref_loss_coevo: Cheap eval progress gen=40: 80/113 caches(rollout=10 pref=380 pair=2883) cuda(cuda(alloc=0.03G,resv=0.16G))
[2026-02-26 10:03:03,421] INFO:ptp_discovery.pref_loss_coevo: Cheap eval progress gen=40: 90/113 caches(rollout=10 pref=400 pair=2885) cuda(cuda(alloc=0.03G,resv=0.16G))
[2026-02-26 10:03:03,495] INFO:ptp_discovery.pref_loss_coevo: Cheap eval progress gen=40: 100/113 caches(rollout=10 pref=430 pair=2888) cuda(cuda(alloc=0.03G,resv=0.16G))
[2026-02-26 10:03:03,619] INFO:ptp_discovery.pref_loss_coevo: Cheap eval progress gen=40: 110/113 caches(rollout=10 pref=480 pair=2893) cuda(cuda(alloc=0.03G,resv=0.16G))
[2026-02-26 10:03:03,704] INFO:ptp_discovery.pref_loss_coevo: Cheap eval progress gen=40: 113/113 caches(rollout=10 pref=500 pair=2895) cuda(cuda(alloc=0.03G,resv=0.16G))
[2026-02-26 10:03:03,705] INFO:ptp_discovery.pref_loss_coevo: Cheap eval done gen=40: pairs=113 elapsed_s=1.4 caches(rollout=10 pref=500 pair=2895) cuda(cuda(alloc=0.03G,resv=0.16G))
[2026-02-26 10:03:03,705] INFO:ptp_discovery.pref_loss_coevo: HF selection gen=40: eligible=0 selected=0 (top_m=8)
[2026-02-26 10:03:03,706] INFO:ptp_discovery.pref_loss_coevo: COMPARE target=prev_best reference_score=1.0335436440938035 threshold=1.0335436440938035 metric_mode=minimize improve_eps=0.0
[2026-02-26 10:03:03,706] INFO:ptp_discovery.pref_loss_coevo: Gen 40 summary: g_pool=15 f_pool=64 pairs=113 ok=0 stages={'cheap': 113} top_reasons=[('cheap_proxy_gate_failed', 113)]
[2026-02-26 10:03:03,707] WARNING:ptp_discovery.pref_loss_coevo: Gen 40 produced no high-fidelity evaluations (stage='high_fidelity'). Check proxy gates/thresholds: if all pairs are pair_ok=False, HF won't run.
[2026-02-26 10:03:03,755] INFO:ptp_discovery.pref_loss_coevo: === alternating generation 41/49 ===
[2026-02-26 10:03:03,755] INFO:ptp_discovery.pref_loss_coevo: EVAL_STAGES enabled: stage0_gate=1 stage1_proxy=1 stage2_micro_unroll=0 stage3_high_fidelity=1
[2026-02-26 10:03:03,755] INFO:ptp_discovery.pref_loss_coevo: INCUMBENT best_score=1.0335436440938035 best_pair=(g024_051_173ffbce,f010_040_7b790716) best_stage=proxy metric_mode=minimize improve_eps=0.0
[2026-02-26 10:03:03,755] INFO:ptp_discovery.pref_loss_coevo: Gen 41 start: caches(rollout=10 pref=500 pair=2895) cuda(cuda(alloc=0.03G,resv=0.16G))
[2026-02-26 10:03:03,923] INFO:ptp_discovery.pref_loss_coevo: Gen 41 proxy rollouts: device=cuda batches=10 batch_size=64 problem_size=100
[2026-02-26 10:03:03,923] INFO:ptp_discovery.pref_loss_coevo: Gen 41 proxy rollouts progress: 1/10 cache_hit=True caches(rollout=10 pref=500 pair=2895) cuda(cuda(alloc=0.03G,resv=0.16G))
[2026-02-26 10:03:03,924] INFO:ptp_discovery.pref_loss_coevo: Gen 41 proxy rollouts progress: 10/10 cache_hit=True caches(rollout=10 pref=500 pair=2895) cuda(cuda(alloc=0.03G,resv=0.16G))
[2026-02-26 10:03:03,924] INFO:ptp_discovery.pref_loss_coevo: Gen 41 proxy rollouts done: elapsed_s=0.0 caches(rollout=10 pref=500 pair=2895) cuda(cuda(alloc=0.03G,resv=0.16G))
[2026-02-26 10:03:04,017] INFO:ptp_discovery.pref_loss_coevo: Alternating phase=loss fixed_g=g024_051_173ffbce budget=64
[2026-02-26 10:03:04,017] INFO:ptp_discovery.pref_loss_coevo: EVAL_STAGES enabled: stage0_gate=1 stage1_proxy=1 stage2_micro_unroll=0 stage3_high_fidelity=1
[2026-02-26 10:03:04,017] INFO:ptp_discovery.pref_loss_coevo: Alternating phase=builder fixed_f=f010_040_7b790716 budget=64
[2026-02-26 10:03:04,018] INFO:ptp_discovery.pref_loss_coevo: EVAL_STAGES enabled: stage0_gate=1 stage1_proxy=1 stage2_micro_unroll=0 stage3_high_fidelity=1
[2026-02-26 10:03:04,020] INFO:ptp_discovery.pref_loss_coevo: Gen 41 pref_cache pruned: dropped=150 kept=350 keep_g_ids=51 keep_batch_ids=10 caches(rollout=10 pref=350 pair=2895) cuda(cuda(alloc=0.03G,resv=0.16G))
[2026-02-26 10:03:04,020] INFO:ptp_discovery.pref_loss_coevo: Cheap eval progress gen=41: 1/115 caches(rollout=10 pref=350 pair=2895) cuda(cuda(alloc=0.03G,resv=0.16G))
[2026-02-26 10:03:04,268] INFO:ptp_discovery.pref_loss_coevo: Cheap eval progress gen=41: 10/115 caches(rollout=10 pref=350 pair=2902) cuda(cuda(alloc=0.03G,resv=0.16G))
[2026-02-26 10:03:04,480] INFO:ptp_discovery.pref_loss_coevo: Cheap eval progress gen=41: 20/115 caches(rollout=10 pref=350 pair=2908) cuda(cuda(alloc=0.03G,resv=0.16G))
[2026-02-26 10:03:04,698] INFO:ptp_discovery.pref_loss_coevo: Cheap eval progress gen=41: 30/115 caches(rollout=10 pref=350 pair=2914) cuda(cuda(alloc=0.03G,resv=0.16G))
[2026-02-26 10:03:04,954] INFO:ptp_discovery.pref_loss_coevo: Cheap eval progress gen=41: 40/115 caches(rollout=10 pref=350 pair=2921) cuda(cuda(alloc=0.03G,resv=0.16G))
[2026-02-26 10:03:05,248] INFO:ptp_discovery.pref_loss_coevo: Cheap eval progress gen=41: 50/115 caches(rollout=10 pref=350 pair=2929) cuda(cuda(alloc=0.03G,resv=0.16G))
[2026-02-26 10:03:05,507] INFO:ptp_discovery.pref_loss_coevo: Cheap eval progress gen=41: 60/115 caches(rollout=10 pref=350 pair=2936) cuda(cuda(alloc=0.03G,resv=0.16G))
[2026-02-26 10:03:05,704] INFO:ptp_discovery.pref_loss_coevo: Cheap eval progress gen=41: 70/115 caches(rollout=10 pref=370 pair=2941) cuda(cuda(alloc=0.03G,resv=0.16G))
[2026-02-26 10:03:05,871] INFO:ptp_discovery.pref_loss_coevo: Cheap eval progress gen=41: 80/115 caches(rollout=10 pref=410 pair=2945) cuda(cuda(alloc=0.03G,resv=0.16G))
[2026-02-26 10:03:05,954] INFO:ptp_discovery.pref_loss_coevo: Cheap eval progress gen=41: 90/115 caches(rollout=10 pref=430 pair=2947) cuda(cuda(alloc=0.03G,resv=0.16G))
[2026-02-26 10:03:06,036] INFO:ptp_discovery.pref_loss_coevo: Cheap eval progress gen=41: 100/115 caches(rollout=10 pref=450 pair=2949) cuda(cuda(alloc=0.03G,resv=0.16G))
[2026-02-26 10:03:06,200] INFO:ptp_discovery.pref_loss_coevo: Cheap eval progress gen=41: 110/115 caches(rollout=10 pref=490 pair=2953) cuda(cuda(alloc=0.03G,resv=0.16G))
[2026-02-26 10:03:06,282] INFO:ptp_discovery.pref_loss_coevo: Cheap eval progress gen=41: 115/115 caches(rollout=10 pref=510 pair=2955) cuda(cuda(alloc=0.03G,resv=0.16G))
[2026-02-26 10:03:06,282] INFO:ptp_discovery.pref_loss_coevo: Cheap eval done gen=41: pairs=115 elapsed_s=2.3 caches(rollout=10 pref=510 pair=2955) cuda(cuda(alloc=0.03G,resv=0.16G))
[2026-02-26 10:03:06,283] INFO:ptp_discovery.pref_loss_coevo: HF selection gen=41: eligible=0 selected=0 (top_m=8)
[2026-02-26 10:03:06,283] INFO:ptp_discovery.pref_loss_coevo: COMPARE target=prev_best reference_score=1.0335436440938035 threshold=1.0335436440938035 metric_mode=minimize improve_eps=0.0
[2026-02-26 10:03:06,284] INFO:ptp_discovery.pref_loss_coevo: Gen 41 summary: g_pool=16 f_pool=64 pairs=115 ok=0 stages={'cheap': 115} top_reasons=[('cheap_proxy_gate_failed', 115)]
[2026-02-26 10:03:06,284] WARNING:ptp_discovery.pref_loss_coevo: Gen 41 produced no high-fidelity evaluations (stage='high_fidelity'). Check proxy gates/thresholds: if all pairs are pair_ok=False, HF won't run.
[2026-02-26 10:03:06,332] INFO:ptp_discovery.pref_loss_coevo: === alternating generation 42/49 ===
[2026-02-26 10:03:06,332] INFO:ptp_discovery.pref_loss_coevo: EVAL_STAGES enabled: stage0_gate=1 stage1_proxy=1 stage2_micro_unroll=0 stage3_high_fidelity=1
[2026-02-26 10:03:06,332] INFO:ptp_discovery.pref_loss_coevo: INCUMBENT best_score=1.0335436440938035 best_pair=(g024_051_173ffbce,f010_040_7b790716) best_stage=proxy metric_mode=minimize improve_eps=0.0
[2026-02-26 10:03:06,333] INFO:ptp_discovery.pref_loss_coevo: Gen 42 start: caches(rollout=10 pref=510 pair=2955) cuda(cuda(alloc=0.03G,resv=0.16G))
[2026-02-26 10:03:06,500] INFO:ptp_discovery.pref_loss_coevo: Gen 42 proxy rollouts: device=cuda batches=10 batch_size=64 problem_size=100
[2026-02-26 10:03:06,501] INFO:ptp_discovery.pref_loss_coevo: Gen 42 proxy rollouts progress: 1/10 cache_hit=True caches(rollout=10 pref=510 pair=2955) cuda(cuda(alloc=0.03G,resv=0.16G))
[2026-02-26 10:03:06,501] INFO:ptp_discovery.pref_loss_coevo: Gen 42 proxy rollouts progress: 10/10 cache_hit=True caches(rollout=10 pref=510 pair=2955) cuda(cuda(alloc=0.03G,resv=0.16G))
[2026-02-26 10:03:06,502] INFO:ptp_discovery.pref_loss_coevo: Gen 42 proxy rollouts done: elapsed_s=0.0 caches(rollout=10 pref=510 pair=2955) cuda(cuda(alloc=0.03G,resv=0.16G))
[2026-02-26 10:03:06,589] INFO:ptp_discovery.pref_loss_coevo: Alternating phase=loss fixed_g=g024_051_173ffbce budget=64
[2026-02-26 10:03:06,589] INFO:ptp_discovery.pref_loss_coevo: EVAL_STAGES enabled: stage0_gate=1 stage1_proxy=1 stage2_micro_unroll=0 stage3_high_fidelity=1
[2026-02-26 10:03:06,589] INFO:ptp_discovery.pref_loss_coevo: Alternating phase=builder fixed_f=f010_040_7b790716 budget=64
[2026-02-26 10:03:06,589] INFO:ptp_discovery.pref_loss_coevo: EVAL_STAGES enabled: stage0_gate=1 stage1_proxy=1 stage2_micro_unroll=0 stage3_high_fidelity=1
[2026-02-26 10:03:06,591] INFO:ptp_discovery.pref_loss_coevo: Gen 42 pref_cache pruned: dropped=160 kept=350 keep_g_ids=47 keep_batch_ids=10 caches(rollout=10 pref=350 pair=2955) cuda(cuda(alloc=0.03G,resv=0.16G))
[2026-02-26 10:03:06,621] INFO:ptp_discovery.pref_loss_coevo: Cheap eval progress gen=42: 1/110 caches(rollout=10 pref=350 pair=2956) cuda(cuda(alloc=0.03G,resv=0.16G))
[2026-02-26 10:03:06,815] INFO:ptp_discovery.pref_loss_coevo: Cheap eval progress gen=42: 10/110 caches(rollout=10 pref=350 pair=2962) cuda(cuda(alloc=0.03G,resv=0.16G))
[2026-02-26 10:03:07,073] INFO:ptp_discovery.pref_loss_coevo: Cheap eval progress gen=42: 20/110 caches(rollout=10 pref=350 pair=2970) cuda(cuda(alloc=0.03G,resv=0.16G))
[2026-02-26 10:03:07,234] INFO:ptp_discovery.pref_loss_coevo: Cheap eval progress gen=42: 30/110 caches(rollout=10 pref=350 pair=2975) cuda(cuda(alloc=0.03G,resv=0.16G))
[2026-02-26 10:03:07,396] INFO:ptp_discovery.pref_loss_coevo: Cheap eval progress gen=42: 40/110 caches(rollout=10 pref=350 pair=2980) cuda(cuda(alloc=0.03G,resv=0.16G))
[2026-02-26 10:03:07,657] INFO:ptp_discovery.pref_loss_coevo: Cheap eval progress gen=42: 50/110 caches(rollout=10 pref=350 pair=2988) cuda(cuda(alloc=0.03G,resv=0.16G))
[2026-02-26 10:03:07,886] INFO:ptp_discovery.pref_loss_coevo: Cheap eval progress gen=42: 60/110 caches(rollout=10 pref=350 pair=2995) cuda(cuda(alloc=0.03G,resv=0.16G))
[2026-02-26 10:03:08,030] INFO:ptp_discovery.pref_loss_coevo: Cheap eval progress gen=42: 70/110 caches(rollout=10 pref=370 pair=2999) cuda(cuda(alloc=0.03G,resv=0.16G))
[2026-02-26 10:03:08,068] INFO:ptp_discovery.pref_loss_coevo: Cheap eval progress gen=42: 80/110 caches(rollout=10 pref=380 pair=3000) cuda(cuda(alloc=0.03G,resv=0.16G))
[2026-02-26 10:03:08,185] INFO:ptp_discovery.pref_loss_coevo: Cheap eval progress gen=42: 90/110 caches(rollout=10 pref=410 pair=3003) cuda(cuda(alloc=0.03G,resv=0.16G))
[2026-02-26 10:03:08,338] INFO:ptp_discovery.pref_loss_coevo: Cheap eval progress gen=42: 100/110 caches(rollout=10 pref=450 pair=3007) cuda(cuda(alloc=0.03G,resv=0.16G))
[2026-02-26 10:03:08,416] INFO:ptp_discovery.pref_loss_coevo: Cheap eval progress gen=42: 110/110 caches(rollout=10 pref=470 pair=3009) cuda(cuda(alloc=0.03G,resv=0.16G))
[2026-02-26 10:03:08,417] INFO:ptp_discovery.pref_loss_coevo: Cheap eval done gen=42: pairs=110 elapsed_s=1.8 caches(rollout=10 pref=470 pair=3009) cuda(cuda(alloc=0.03G,resv=0.16G))
[2026-02-26 10:03:08,417] INFO:ptp_discovery.pref_loss_coevo: HF selection gen=42: eligible=0 selected=0 (top_m=8)
[2026-02-26 10:03:08,418] INFO:ptp_discovery.pref_loss_coevo: COMPARE target=prev_best reference_score=1.0335436440938035 threshold=1.0335436440938035 metric_mode=minimize improve_eps=0.0
[2026-02-26 10:03:08,418] INFO:ptp_discovery.pref_loss_coevo: Gen 42 summary: g_pool=12 f_pool=64 pairs=110 ok=0 stages={'cheap': 110} top_reasons=[('cheap_proxy_gate_failed', 110)]
[2026-02-26 10:03:08,419] WARNING:ptp_discovery.pref_loss_coevo: Gen 42 produced no high-fidelity evaluations (stage='high_fidelity'). Check proxy gates/thresholds: if all pairs are pair_ok=False, HF won't run.
[2026-02-26 10:03:08,465] INFO:ptp_discovery.pref_loss_coevo: === alternating generation 43/49 ===
[2026-02-26 10:03:08,465] INFO:ptp_discovery.pref_loss_coevo: EVAL_STAGES enabled: stage0_gate=1 stage1_proxy=1 stage2_micro_unroll=0 stage3_high_fidelity=1
[2026-02-26 10:03:08,465] INFO:ptp_discovery.pref_loss_coevo: INCUMBENT best_score=1.0335436440938035 best_pair=(g024_051_173ffbce,f010_040_7b790716) best_stage=proxy metric_mode=minimize improve_eps=0.0
[2026-02-26 10:03:08,466] INFO:ptp_discovery.pref_loss_coevo: Gen 43 start: caches(rollout=10 pref=470 pair=3009) cuda(cuda(alloc=0.03G,resv=0.16G))
[2026-02-26 10:03:08,637] INFO:ptp_discovery.pref_loss_coevo: Gen 43 proxy rollouts: device=cuda batches=10 batch_size=64 problem_size=100
[2026-02-26 10:03:08,638] INFO:ptp_discovery.pref_loss_coevo: Gen 43 proxy rollouts progress: 1/10 cache_hit=True caches(rollout=10 pref=470 pair=3009) cuda(cuda(alloc=0.03G,resv=0.16G))
[2026-02-26 10:03:08,638] INFO:ptp_discovery.pref_loss_coevo: Gen 43 proxy rollouts progress: 10/10 cache_hit=True caches(rollout=10 pref=470 pair=3009) cuda(cuda(alloc=0.03G,resv=0.16G))
[2026-02-26 10:03:08,639] INFO:ptp_discovery.pref_loss_coevo: Gen 43 proxy rollouts done: elapsed_s=0.0 caches(rollout=10 pref=470 pair=3009) cuda(cuda(alloc=0.03G,resv=0.16G))
[2026-02-26 10:03:08,732] INFO:ptp_discovery.pref_loss_coevo: Alternating phase=loss fixed_g=g024_051_173ffbce budget=64
[2026-02-26 10:03:08,732] INFO:ptp_discovery.pref_loss_coevo: EVAL_STAGES enabled: stage0_gate=1 stage1_proxy=1 stage2_micro_unroll=0 stage3_high_fidelity=1
[2026-02-26 10:03:08,732] INFO:ptp_discovery.pref_loss_coevo: Alternating phase=builder fixed_f=f010_040_7b790716 budget=64
[2026-02-26 10:03:08,732] INFO:ptp_discovery.pref_loss_coevo: EVAL_STAGES enabled: stage0_gate=1 stage1_proxy=1 stage2_micro_unroll=0 stage3_high_fidelity=1
[2026-02-26 10:03:08,734] INFO:ptp_discovery.pref_loss_coevo: Gen 43 pref_cache pruned: dropped=120 kept=350 keep_g_ids=55 keep_batch_ids=10 caches(rollout=10 pref=350 pair=3009) cuda(cuda(alloc=0.03G,resv=0.16G))
[2026-02-26 10:03:08,771] INFO:ptp_discovery.pref_loss_coevo: Cheap eval progress gen=43: 1/118 caches(rollout=10 pref=350 pair=3010) cuda(cuda(alloc=0.03G,resv=0.16G))
[2026-02-26 10:03:08,915] INFO:ptp_discovery.pref_loss_coevo: Cheap eval progress gen=43: 10/118 caches(rollout=10 pref=350 pair=3014) cuda(cuda(alloc=0.03G,resv=0.16G))
[2026-02-26 10:03:09,133] INFO:ptp_discovery.pref_loss_coevo: Cheap eval progress gen=43: 20/118 caches(rollout=10 pref=350 pair=3020) cuda(cuda(alloc=0.03G,resv=0.16G))
[2026-02-26 10:03:09,361] INFO:ptp_discovery.pref_loss_coevo: Cheap eval progress gen=43: 30/118 caches(rollout=10 pref=350 pair=3026) cuda(cuda(alloc=0.03G,resv=0.16G))
[2026-02-26 10:03:09,584] INFO:ptp_discovery.pref_loss_coevo: Cheap eval progress gen=43: 40/118 caches(rollout=10 pref=350 pair=3032) cuda(cuda(alloc=0.03G,resv=0.16G))
[2026-02-26 10:03:09,884] INFO:ptp_discovery.pref_loss_coevo: Cheap eval progress gen=43: 50/118 caches(rollout=10 pref=350 pair=3041) cuda(cuda(alloc=0.03G,resv=0.16G))
[2026-02-26 10:03:10,112] INFO:ptp_discovery.pref_loss_coevo: Cheap eval progress gen=43: 60/118 caches(rollout=10 pref=350 pair=3048) cuda(cuda(alloc=0.03G,resv=0.16G))
[2026-02-26 10:03:10,320] INFO:ptp_discovery.pref_loss_coevo: Cheap eval progress gen=43: 70/118 caches(rollout=10 pref=370 pair=3054) cuda(cuda(alloc=0.03G,resv=0.16G))
[2026-02-26 10:03:10,513] INFO:ptp_discovery.pref_loss_coevo: Cheap eval progress gen=43: 80/118 caches(rollout=10 pref=420 pair=3059) cuda(cuda(alloc=0.03G,resv=0.16G))
[2026-02-26 10:03:10,666] INFO:ptp_discovery.pref_loss_coevo: Cheap eval progress gen=43: 90/118 caches(rollout=10 pref=460 pair=3063) cuda(cuda(alloc=0.03G,resv=0.16G))
[2026-02-26 10:03:10,787] INFO:ptp_discovery.pref_loss_coevo: Cheap eval progress gen=43: 100/118 caches(rollout=10 pref=490 pair=3066) cuda(cuda(alloc=0.03G,resv=0.16G))
[2026-02-26 10:03:10,874] INFO:ptp_discovery.pref_loss_coevo: Cheap eval progress gen=43: 110/118 caches(rollout=10 pref=510 pair=3068) cuda(cuda(alloc=0.03G,resv=0.16G))
[2026-02-26 10:03:11,051] INFO:ptp_discovery.pref_loss_coevo: Cheap eval progress gen=43: 118/118 caches(rollout=10 pref=550 pair=3072) cuda(cuda(alloc=0.04G,resv=0.16G))
[2026-02-26 10:03:11,051] INFO:ptp_discovery.pref_loss_coevo: Cheap eval done gen=43: pairs=118 elapsed_s=2.3 caches(rollout=10 pref=550 pair=3072) cuda(cuda(alloc=0.04G,resv=0.16G))
[2026-02-26 10:03:11,051] INFO:ptp_discovery.pref_loss_coevo: HF selection gen=43: eligible=0 selected=0 (top_m=8)
[2026-02-26 10:03:11,052] INFO:ptp_discovery.pref_loss_coevo: COMPARE target=prev_best reference_score=1.0335436440938035 threshold=1.0335436440938035 metric_mode=minimize improve_eps=0.0
[2026-02-26 10:03:11,053] INFO:ptp_discovery.pref_loss_coevo: Gen 43 summary: g_pool=20 f_pool=64 pairs=118 ok=0 stages={'cheap': 118} top_reasons=[('cheap_proxy_gate_failed', 118)]
[2026-02-26 10:03:11,053] WARNING:ptp_discovery.pref_loss_coevo: Gen 43 produced no high-fidelity evaluations (stage='high_fidelity'). Check proxy gates/thresholds: if all pairs are pair_ok=False, HF won't run.
[2026-02-26 10:03:11,104] INFO:ptp_discovery.pref_loss_coevo: === alternating generation 44/49 ===
[2026-02-26 10:03:11,104] INFO:ptp_discovery.pref_loss_coevo: EVAL_STAGES enabled: stage0_gate=1 stage1_proxy=1 stage2_micro_unroll=0 stage3_high_fidelity=1
[2026-02-26 10:03:11,104] INFO:ptp_discovery.pref_loss_coevo: INCUMBENT best_score=1.0335436440938035 best_pair=(g024_051_173ffbce,f010_040_7b790716) best_stage=proxy metric_mode=minimize improve_eps=0.0
[2026-02-26 10:03:11,104] INFO:ptp_discovery.pref_loss_coevo: Gen 44 start: caches(rollout=10 pref=550 pair=3072) cuda(cuda(alloc=0.04G,resv=0.16G))
[2026-02-26 10:03:11,280] INFO:ptp_discovery.pref_loss_coevo: Gen 44 proxy rollouts: device=cuda batches=10 batch_size=64 problem_size=100
[2026-02-26 10:03:11,280] INFO:ptp_discovery.pref_loss_coevo: Gen 44 proxy rollouts progress: 1/10 cache_hit=True caches(rollout=10 pref=550 pair=3072) cuda(cuda(alloc=0.04G,resv=0.16G))
[2026-02-26 10:03:11,281] INFO:ptp_discovery.pref_loss_coevo: Gen 44 proxy rollouts progress: 10/10 cache_hit=True caches(rollout=10 pref=550 pair=3072) cuda(cuda(alloc=0.04G,resv=0.16G))
[2026-02-26 10:03:11,281] INFO:ptp_discovery.pref_loss_coevo: Gen 44 proxy rollouts done: elapsed_s=0.0 caches(rollout=10 pref=550 pair=3072) cuda(cuda(alloc=0.04G,resv=0.16G))
[2026-02-26 10:03:11,371] INFO:ptp_discovery.pref_loss_coevo: Alternating phase=loss fixed_g=g024_051_173ffbce budget=64
[2026-02-26 10:03:11,371] INFO:ptp_discovery.pref_loss_coevo: EVAL_STAGES enabled: stage0_gate=1 stage1_proxy=1 stage2_micro_unroll=0 stage3_high_fidelity=1
[2026-02-26 10:03:11,371] INFO:ptp_discovery.pref_loss_coevo: Alternating phase=builder fixed_f=f010_040_7b790716 budget=64
[2026-02-26 10:03:11,371] INFO:ptp_discovery.pref_loss_coevo: EVAL_STAGES enabled: stage0_gate=1 stage1_proxy=1 stage2_micro_unroll=0 stage3_high_fidelity=1
[2026-02-26 10:03:11,373] INFO:ptp_discovery.pref_loss_coevo: Gen 44 pref_cache pruned: dropped=200 kept=350 keep_g_ids=49 keep_batch_ids=10 caches(rollout=10 pref=350 pair=3072) cuda(cuda(alloc=0.03G,resv=0.16G))
[2026-02-26 10:03:11,402] INFO:ptp_discovery.pref_loss_coevo: Cheap eval progress gen=44: 1/112 caches(rollout=10 pref=350 pair=3073) cuda(cuda(alloc=0.03G,resv=0.16G))
[2026-02-26 10:03:11,555] INFO:ptp_discovery.pref_loss_coevo: Cheap eval progress gen=44: 10/112 caches(rollout=10 pref=350 pair=3078) cuda(cuda(alloc=0.03G,resv=0.16G))
[2026-02-26 10:03:11,829] INFO:ptp_discovery.pref_loss_coevo: Cheap eval progress gen=44: 20/112 caches(rollout=10 pref=350 pair=3086) cuda(cuda(alloc=0.03G,resv=0.16G))
[2026-02-26 10:03:12,100] INFO:ptp_discovery.pref_loss_coevo: Cheap eval progress gen=44: 30/112 caches(rollout=10 pref=350 pair=3094) cuda(cuda(alloc=0.03G,resv=0.16G))
[2026-02-26 10:03:12,352] INFO:ptp_discovery.pref_loss_coevo: Cheap eval progress gen=44: 40/112 caches(rollout=10 pref=350 pair=3101) cuda(cuda(alloc=0.03G,resv=0.16G))
[2026-02-26 10:03:12,606] INFO:ptp_discovery.pref_loss_coevo: Cheap eval progress gen=44: 50/112 caches(rollout=10 pref=350 pair=3108) cuda(cuda(alloc=0.03G,resv=0.16G))
[2026-02-26 10:03:12,786] INFO:ptp_discovery.pref_loss_coevo: Cheap eval progress gen=44: 60/112 caches(rollout=10 pref=350 pair=3113) cuda(cuda(alloc=0.03G,resv=0.16G))
[2026-02-26 10:03:12,916] INFO:ptp_discovery.pref_loss_coevo: Cheap eval progress gen=44: 70/112 caches(rollout=10 pref=380 pair=3116) cuda(cuda(alloc=0.03G,resv=0.16G))
[2026-02-26 10:03:13,001] INFO:ptp_discovery.pref_loss_coevo: Cheap eval progress gen=44: 80/112 caches(rollout=10 pref=400 pair=3118) cuda(cuda(alloc=0.03G,resv=0.16G))
[2026-02-26 10:03:13,172] INFO:ptp_discovery.pref_loss_coevo: Cheap eval progress gen=44: 90/112 caches(rollout=10 pref=440 pair=3122) cuda(cuda(alloc=0.03G,resv=0.16G))
[2026-02-26 10:03:13,303] INFO:ptp_discovery.pref_loss_coevo: Cheap eval progress gen=44: 100/112 caches(rollout=10 pref=470 pair=3125) cuda(cuda(alloc=0.03G,resv=0.16G))
[2026-02-26 10:03:13,347] INFO:ptp_discovery.pref_loss_coevo: Cheap eval progress gen=44: 110/112 caches(rollout=10 pref=480 pair=3126) cuda(cuda(alloc=0.03G,resv=0.16G))
[2026-02-26 10:03:13,392] INFO:ptp_discovery.pref_loss_coevo: Cheap eval progress gen=44: 112/112 caches(rollout=10 pref=490 pair=3127) cuda(cuda(alloc=0.03G,resv=0.16G))
[2026-02-26 10:03:13,392] INFO:ptp_discovery.pref_loss_coevo: Cheap eval done gen=44: pairs=112 elapsed_s=2.0 caches(rollout=10 pref=490 pair=3127) cuda(cuda(alloc=0.03G,resv=0.16G))
[2026-02-26 10:03:13,392] INFO:ptp_discovery.pref_loss_coevo: HF selection gen=44: eligible=0 selected=0 (top_m=8)
[2026-02-26 10:03:13,393] INFO:ptp_discovery.pref_loss_coevo: COMPARE target=prev_best reference_score=1.0335436440938035 threshold=1.0335436440938035 metric_mode=minimize improve_eps=0.0
[2026-02-26 10:03:13,393] INFO:ptp_discovery.pref_loss_coevo: Gen 44 summary: g_pool=14 f_pool=64 pairs=112 ok=0 stages={'cheap': 112} top_reasons=[('cheap_proxy_gate_failed', 112)]
[2026-02-26 10:03:13,394] WARNING:ptp_discovery.pref_loss_coevo: Gen 44 produced no high-fidelity evaluations (stage='high_fidelity'). Check proxy gates/thresholds: if all pairs are pair_ok=False, HF won't run.
[2026-02-26 10:03:13,441] INFO:ptp_discovery.pref_loss_coevo: === alternating generation 45/49 ===
[2026-02-26 10:03:13,441] INFO:ptp_discovery.pref_loss_coevo: EVAL_STAGES enabled: stage0_gate=1 stage1_proxy=1 stage2_micro_unroll=0 stage3_high_fidelity=1
[2026-02-26 10:03:13,441] INFO:ptp_discovery.pref_loss_coevo: INCUMBENT best_score=1.0335436440938035 best_pair=(g024_051_173ffbce,f010_040_7b790716) best_stage=proxy metric_mode=minimize improve_eps=0.0
[2026-02-26 10:03:13,442] INFO:ptp_discovery.pref_loss_coevo: Gen 45 start: caches(rollout=10 pref=490 pair=3127) cuda(cuda(alloc=0.03G,resv=0.16G))
[2026-02-26 10:03:13,610] INFO:ptp_discovery.pref_loss_coevo: Gen 45 proxy rollouts: device=cuda batches=10 batch_size=64 problem_size=100
[2026-02-26 10:03:13,611] INFO:ptp_discovery.pref_loss_coevo: Gen 45 proxy rollouts progress: 1/10 cache_hit=True caches(rollout=10 pref=490 pair=3127) cuda(cuda(alloc=0.03G,resv=0.16G))
[2026-02-26 10:03:13,611] INFO:ptp_discovery.pref_loss_coevo: Gen 45 proxy rollouts progress: 10/10 cache_hit=True caches(rollout=10 pref=490 pair=3127) cuda(cuda(alloc=0.03G,resv=0.16G))
[2026-02-26 10:03:13,612] INFO:ptp_discovery.pref_loss_coevo: Gen 45 proxy rollouts done: elapsed_s=0.0 caches(rollout=10 pref=490 pair=3127) cuda(cuda(alloc=0.03G,resv=0.16G))
[2026-02-26 10:03:13,701] INFO:ptp_discovery.pref_loss_coevo: Alternating phase=loss fixed_g=g024_051_173ffbce budget=64
[2026-02-26 10:03:13,701] INFO:ptp_discovery.pref_loss_coevo: EVAL_STAGES enabled: stage0_gate=1 stage1_proxy=1 stage2_micro_unroll=0 stage3_high_fidelity=1
[2026-02-26 10:03:13,702] INFO:ptp_discovery.pref_loss_coevo: Alternating phase=builder fixed_f=f010_040_7b790716 budget=64
[2026-02-26 10:03:13,702] INFO:ptp_discovery.pref_loss_coevo: EVAL_STAGES enabled: stage0_gate=1 stage1_proxy=1 stage2_micro_unroll=0 stage3_high_fidelity=1
[2026-02-26 10:03:13,703] INFO:ptp_discovery.pref_loss_coevo: Gen 45 pref_cache pruned: dropped=140 kept=350 keep_g_ids=51 keep_batch_ids=10 caches(rollout=10 pref=350 pair=3127) cuda(cuda(alloc=0.03G,resv=0.16G))
[2026-02-26 10:03:13,704] INFO:ptp_discovery.pref_loss_coevo: Cheap eval progress gen=45: 1/114 caches(rollout=10 pref=350 pair=3127) cuda(cuda(alloc=0.03G,resv=0.16G))
[2026-02-26 10:03:13,875] INFO:ptp_discovery.pref_loss_coevo: Cheap eval progress gen=45: 10/114 caches(rollout=10 pref=350 pair=3133) cuda(cuda(alloc=0.03G,resv=0.16G))
[2026-02-26 10:03:14,079] INFO:ptp_discovery.pref_loss_coevo: Cheap eval progress gen=45: 20/114 caches(rollout=10 pref=350 pair=3140) cuda(cuda(alloc=0.03G,resv=0.16G))
[2026-02-26 10:03:14,231] INFO:ptp_discovery.pref_loss_coevo: Cheap eval progress gen=45: 30/114 caches(rollout=10 pref=350 pair=3145) cuda(cuda(alloc=0.03G,resv=0.16G))
[2026-02-26 10:03:14,437] INFO:ptp_discovery.pref_loss_coevo: Cheap eval progress gen=45: 40/114 caches(rollout=10 pref=350 pair=3151) cuda(cuda(alloc=0.03G,resv=0.16G))
[2026-02-26 10:03:14,651] INFO:ptp_discovery.pref_loss_coevo: Cheap eval progress gen=45: 50/114 caches(rollout=10 pref=350 pair=3157) cuda(cuda(alloc=0.03G,resv=0.16G))
[2026-02-26 10:03:14,793] INFO:ptp_discovery.pref_loss_coevo: Cheap eval progress gen=45: 60/114 caches(rollout=10 pref=350 pair=3161) cuda(cuda(alloc=0.03G,resv=0.16G))
[2026-02-26 10:03:15,038] INFO:ptp_discovery.pref_loss_coevo: Cheap eval progress gen=45: 70/114 caches(rollout=10 pref=390 pair=3167) cuda(cuda(alloc=0.03G,resv=0.16G))
[2026-02-26 10:03:15,212] INFO:ptp_discovery.pref_loss_coevo: Cheap eval progress gen=45: 80/114 caches(rollout=10 pref=430 pair=3171) cuda(cuda(alloc=0.03G,resv=0.16G))
[2026-02-26 10:03:15,297] INFO:ptp_discovery.pref_loss_coevo: Cheap eval progress gen=45: 90/114 caches(rollout=10 pref=450 pair=3173) cuda(cuda(alloc=0.04G,resv=0.16G))
[2026-02-26 10:03:15,470] INFO:ptp_discovery.pref_loss_coevo: Cheap eval progress gen=45: 100/114 caches(rollout=10 pref=490 pair=3177) cuda(cuda(alloc=0.04G,resv=0.16G))
[2026-02-26 10:03:15,559] INFO:ptp_discovery.pref_loss_coevo: Cheap eval progress gen=45: 110/114 caches(rollout=10 pref=510 pair=3179) cuda(cuda(alloc=0.04G,resv=0.16G))
[2026-02-26 10:03:15,560] INFO:ptp_discovery.pref_loss_coevo: Cheap eval progress gen=45: 114/114 caches(rollout=10 pref=510 pair=3179) cuda(cuda(alloc=0.04G,resv=0.16G))
[2026-02-26 10:03:15,560] INFO:ptp_discovery.pref_loss_coevo: Cheap eval done gen=45: pairs=114 elapsed_s=1.9 caches(rollout=10 pref=510 pair=3179) cuda(cuda(alloc=0.04G,resv=0.16G))
[2026-02-26 10:03:15,560] INFO:ptp_discovery.pref_loss_coevo: HF selection gen=45: eligible=0 selected=0 (top_m=8)
[2026-02-26 10:03:15,561] INFO:ptp_discovery.pref_loss_coevo: COMPARE target=prev_best reference_score=1.0335436440938035 threshold=1.0335436440938035 metric_mode=minimize improve_eps=0.0
[2026-02-26 10:03:15,561] INFO:ptp_discovery.pref_loss_coevo: Gen 45 summary: g_pool=16 f_pool=64 pairs=114 ok=0 stages={'cheap': 114} top_reasons=[('cheap_proxy_gate_failed', 114)]
[2026-02-26 10:03:15,562] WARNING:ptp_discovery.pref_loss_coevo: Gen 45 produced no high-fidelity evaluations (stage='high_fidelity'). Check proxy gates/thresholds: if all pairs are pair_ok=False, HF won't run.
[2026-02-26 10:03:15,609] INFO:ptp_discovery.pref_loss_coevo: === alternating generation 46/49 ===
[2026-02-26 10:03:15,609] INFO:ptp_discovery.pref_loss_coevo: EVAL_STAGES enabled: stage0_gate=1 stage1_proxy=1 stage2_micro_unroll=0 stage3_high_fidelity=1
[2026-02-26 10:03:15,609] INFO:ptp_discovery.pref_loss_coevo: INCUMBENT best_score=1.0335436440938035 best_pair=(g024_051_173ffbce,f010_040_7b790716) best_stage=proxy metric_mode=minimize improve_eps=0.0
[2026-02-26 10:03:15,610] INFO:ptp_discovery.pref_loss_coevo: Gen 46 start: caches(rollout=10 pref=510 pair=3179) cuda(cuda(alloc=0.04G,resv=0.16G))
[2026-02-26 10:03:15,784] INFO:ptp_discovery.pref_loss_coevo: Gen 46 proxy rollouts: device=cuda batches=10 batch_size=64 problem_size=100
[2026-02-26 10:03:15,784] INFO:ptp_discovery.pref_loss_coevo: Gen 46 proxy rollouts progress: 1/10 cache_hit=True caches(rollout=10 pref=510 pair=3179) cuda(cuda(alloc=0.04G,resv=0.16G))
[2026-02-26 10:03:15,785] INFO:ptp_discovery.pref_loss_coevo: Gen 46 proxy rollouts progress: 10/10 cache_hit=True caches(rollout=10 pref=510 pair=3179) cuda(cuda(alloc=0.04G,resv=0.16G))
[2026-02-26 10:03:15,785] INFO:ptp_discovery.pref_loss_coevo: Gen 46 proxy rollouts done: elapsed_s=0.0 caches(rollout=10 pref=510 pair=3179) cuda(cuda(alloc=0.04G,resv=0.16G))
[2026-02-26 10:03:15,873] INFO:ptp_discovery.pref_loss_coevo: Alternating phase=loss fixed_g=g024_051_173ffbce budget=64
[2026-02-26 10:03:15,873] INFO:ptp_discovery.pref_loss_coevo: EVAL_STAGES enabled: stage0_gate=1 stage1_proxy=1 stage2_micro_unroll=0 stage3_high_fidelity=1
[2026-02-26 10:03:15,873] INFO:ptp_discovery.pref_loss_coevo: Alternating phase=builder fixed_f=f010_040_7b790716 budget=64
[2026-02-26 10:03:15,873] INFO:ptp_discovery.pref_loss_coevo: EVAL_STAGES enabled: stage0_gate=1 stage1_proxy=1 stage2_micro_unroll=0 stage3_high_fidelity=1
[2026-02-26 10:03:15,875] INFO:ptp_discovery.pref_loss_coevo: Gen 46 pref_cache pruned: dropped=160 kept=350 keep_g_ids=47 keep_batch_ids=10 caches(rollout=10 pref=350 pair=3179) cuda(cuda(alloc=0.03G,resv=0.16G))
[2026-02-26 10:03:15,906] INFO:ptp_discovery.pref_loss_coevo: Cheap eval progress gen=46: 1/110 caches(rollout=10 pref=350 pair=3180) cuda(cuda(alloc=0.03G,resv=0.16G))
[2026-02-26 10:03:16,052] INFO:ptp_discovery.pref_loss_coevo: Cheap eval progress gen=46: 10/110 caches(rollout=10 pref=350 pair=3184) cuda(cuda(alloc=0.03G,resv=0.16G))
[2026-02-26 10:03:16,343] INFO:ptp_discovery.pref_loss_coevo: Cheap eval progress gen=46: 20/110 caches(rollout=10 pref=350 pair=3192) cuda(cuda(alloc=0.03G,resv=0.16G))
[2026-02-26 10:03:16,524] INFO:ptp_discovery.pref_loss_coevo: Cheap eval progress gen=46: 30/110 caches(rollout=10 pref=350 pair=3197) cuda(cuda(alloc=0.03G,resv=0.16G))
[2026-02-26 10:03:16,785] INFO:ptp_discovery.pref_loss_coevo: Cheap eval progress gen=46: 40/110 caches(rollout=10 pref=350 pair=3204) cuda(cuda(alloc=0.03G,resv=0.16G))
[2026-02-26 10:03:17,001] INFO:ptp_discovery.pref_loss_coevo: Cheap eval progress gen=46: 50/110 caches(rollout=10 pref=350 pair=3210) cuda(cuda(alloc=0.03G,resv=0.16G))
[2026-02-26 10:03:17,217] INFO:ptp_discovery.pref_loss_coevo: Cheap eval progress gen=46: 60/110 caches(rollout=10 pref=350 pair=3216) cuda(cuda(alloc=0.03G,resv=0.16G))
[2026-02-26 10:03:17,254] INFO:ptp_discovery.pref_loss_coevo: Cheap eval progress gen=46: 70/110 caches(rollout=10 pref=350 pair=3217) cuda(cuda(alloc=0.03G,resv=0.16G))
[2026-02-26 10:03:17,341] INFO:ptp_discovery.pref_loss_coevo: Cheap eval progress gen=46: 80/110 caches(rollout=10 pref=370 pair=3219) cuda(cuda(alloc=0.03G,resv=0.16G))
[2026-02-26 10:03:17,472] INFO:ptp_discovery.pref_loss_coevo: Cheap eval progress gen=46: 90/110 caches(rollout=10 pref=400 pair=3222) cuda(cuda(alloc=0.03G,resv=0.16G))
[2026-02-26 10:03:17,556] INFO:ptp_discovery.pref_loss_coevo: Cheap eval progress gen=46: 100/110 caches(rollout=10 pref=420 pair=3224) cuda(cuda(alloc=0.03G,resv=0.16G))
[2026-02-26 10:03:17,775] INFO:ptp_discovery.pref_loss_coevo: Cheap eval progress gen=46: 110/110 caches(rollout=10 pref=470 pair=3229) cuda(cuda(alloc=0.03G,resv=0.16G))
[2026-02-26 10:03:17,775] INFO:ptp_discovery.pref_loss_coevo: Cheap eval done gen=46: pairs=110 elapsed_s=1.9 caches(rollout=10 pref=470 pair=3229) cuda(cuda(alloc=0.03G,resv=0.16G))
[2026-02-26 10:03:17,776] INFO:ptp_discovery.pref_loss_coevo: HF selection gen=46: eligible=0 selected=0 (top_m=8)
[2026-02-26 10:03:17,776] INFO:ptp_discovery.pref_loss_coevo: COMPARE target=prev_best reference_score=1.0335436440938035 threshold=1.0335436440938035 metric_mode=minimize improve_eps=0.0
[2026-02-26 10:03:17,777] INFO:ptp_discovery.pref_loss_coevo: Gen 46 summary: g_pool=12 f_pool=64 pairs=110 ok=0 stages={'cheap': 110} top_reasons=[('cheap_proxy_gate_failed', 110)]
[2026-02-26 10:03:17,778] WARNING:ptp_discovery.pref_loss_coevo: Gen 46 produced no high-fidelity evaluations (stage='high_fidelity'). Check proxy gates/thresholds: if all pairs are pair_ok=False, HF won't run.
[2026-02-26 10:03:17,827] INFO:ptp_discovery.pref_loss_coevo: === alternating generation 47/49 ===
[2026-02-26 10:03:17,827] INFO:ptp_discovery.pref_loss_coevo: EVAL_STAGES enabled: stage0_gate=1 stage1_proxy=1 stage2_micro_unroll=0 stage3_high_fidelity=1
[2026-02-26 10:03:17,827] INFO:ptp_discovery.pref_loss_coevo: INCUMBENT best_score=1.0335436440938035 best_pair=(g024_051_173ffbce,f010_040_7b790716) best_stage=proxy metric_mode=minimize improve_eps=0.0
[2026-02-26 10:03:17,828] INFO:ptp_discovery.pref_loss_coevo: Gen 47 start: caches(rollout=10 pref=470 pair=3229) cuda(cuda(alloc=0.03G,resv=0.16G))
[2026-02-26 10:03:18,003] INFO:ptp_discovery.pref_loss_coevo: Gen 47 proxy rollouts: device=cuda batches=10 batch_size=64 problem_size=100
[2026-02-26 10:03:18,004] INFO:ptp_discovery.pref_loss_coevo: Gen 47 proxy rollouts progress: 1/10 cache_hit=True caches(rollout=10 pref=470 pair=3229) cuda(cuda(alloc=0.03G,resv=0.16G))
[2026-02-26 10:03:18,004] INFO:ptp_discovery.pref_loss_coevo: Gen 47 proxy rollouts progress: 10/10 cache_hit=True caches(rollout=10 pref=470 pair=3229) cuda(cuda(alloc=0.03G,resv=0.16G))
[2026-02-26 10:03:18,005] INFO:ptp_discovery.pref_loss_coevo: Gen 47 proxy rollouts done: elapsed_s=0.0 caches(rollout=10 pref=470 pair=3229) cuda(cuda(alloc=0.03G,resv=0.16G))
[2026-02-26 10:03:18,092] INFO:ptp_discovery.pref_loss_coevo: Alternating phase=loss fixed_g=g024_051_173ffbce budget=64
[2026-02-26 10:03:18,092] INFO:ptp_discovery.pref_loss_coevo: EVAL_STAGES enabled: stage0_gate=1 stage1_proxy=1 stage2_micro_unroll=0 stage3_high_fidelity=1
[2026-02-26 10:03:18,093] INFO:ptp_discovery.pref_loss_coevo: Alternating phase=builder fixed_f=f010_040_7b790716 budget=64
[2026-02-26 10:03:18,093] INFO:ptp_discovery.pref_loss_coevo: EVAL_STAGES enabled: stage0_gate=1 stage1_proxy=1 stage2_micro_unroll=0 stage3_high_fidelity=1
[2026-02-26 10:03:18,094] INFO:ptp_discovery.pref_loss_coevo: Gen 47 pref_cache pruned: dropped=120 kept=350 keep_g_ids=43 keep_batch_ids=10 caches(rollout=10 pref=350 pair=3229) cuda(cuda(alloc=0.03G,resv=0.16G))
[2026-02-26 10:03:18,122] INFO:ptp_discovery.pref_loss_coevo: Cheap eval progress gen=47: 1/106 caches(rollout=10 pref=350 pair=3230) cuda(cuda(alloc=0.03G,resv=0.16G))
[2026-02-26 10:03:18,343] INFO:ptp_discovery.pref_loss_coevo: Cheap eval progress gen=47: 10/106 caches(rollout=10 pref=350 pair=3237) cuda(cuda(alloc=0.03G,resv=0.16G))
[2026-02-26 10:03:18,564] INFO:ptp_discovery.pref_loss_coevo: Cheap eval progress gen=47: 20/106 caches(rollout=10 pref=350 pair=3244) cuda(cuda(alloc=0.03G,resv=0.16G))
[2026-02-26 10:03:18,665] INFO:ptp_discovery.pref_loss_coevo: Cheap eval progress gen=47: 30/106 caches(rollout=10 pref=350 pair=3248) cuda(cuda(alloc=0.03G,resv=0.16G))
[2026-02-26 10:03:18,837] INFO:ptp_discovery.pref_loss_coevo: Cheap eval progress gen=47: 40/106 caches(rollout=10 pref=350 pair=3255) cuda(cuda(alloc=0.03G,resv=0.16G))
[2026-02-26 10:03:18,988] INFO:ptp_discovery.pref_loss_coevo: Cheap eval progress gen=47: 50/106 caches(rollout=10 pref=350 pair=3261) cuda(cuda(alloc=0.03G,resv=0.16G))
[2026-02-26 10:03:19,189] INFO:ptp_discovery.pref_loss_coevo: Cheap eval progress gen=47: 60/106 caches(rollout=10 pref=350 pair=3269) cuda(cuda(alloc=0.03G,resv=0.16G))
[2026-02-26 10:03:19,320] INFO:ptp_discovery.pref_loss_coevo: Cheap eval progress gen=47: 70/106 caches(rollout=10 pref=360 pair=3274) cuda(cuda(alloc=0.03G,resv=0.16G))
[2026-02-26 10:03:19,410] INFO:ptp_discovery.pref_loss_coevo: Cheap eval progress gen=47: 80/106 caches(rollout=10 pref=390 pair=3277) cuda(cuda(alloc=0.03G,resv=0.16G))
[2026-02-26 10:03:19,471] INFO:ptp_discovery.pref_loss_coevo: Cheap eval progress gen=47: 90/106 caches(rollout=10 pref=410 pair=3279) cuda(cuda(alloc=0.03G,resv=0.16G))
[2026-02-26 10:03:19,532] INFO:ptp_discovery.pref_loss_coevo: Cheap eval progress gen=47: 100/106 caches(rollout=10 pref=430 pair=3281) cuda(cuda(alloc=0.03G,resv=0.16G))
[2026-02-26 10:03:19,532] INFO:ptp_discovery.pref_loss_coevo: Cheap eval progress gen=47: 106/106 caches(rollout=10 pref=430 pair=3281) cuda(cuda(alloc=0.03G,resv=0.16G))
[2026-02-26 10:03:19,532] INFO:ptp_discovery.pref_loss_coevo: Cheap eval done gen=47: pairs=106 elapsed_s=1.4 caches(rollout=10 pref=430 pair=3281) cuda(cuda(alloc=0.03G,resv=0.16G))
[2026-02-26 10:03:19,533] INFO:ptp_discovery.pref_loss_coevo: HF selection gen=47: eligible=0 selected=0 (top_m=8)
[2026-02-26 10:03:19,533] INFO:ptp_discovery.pref_loss_coevo: COMPARE target=prev_best reference_score=1.0335436440938035 threshold=1.0335436440938035 metric_mode=minimize improve_eps=0.0
[2026-02-26 10:03:19,534] INFO:ptp_discovery.pref_loss_coevo: Gen 47 summary: g_pool=8 f_pool=64 pairs=106 ok=0 stages={'cheap': 106} top_reasons=[('cheap_proxy_gate_failed', 106)]
[2026-02-26 10:03:19,534] WARNING:ptp_discovery.pref_loss_coevo: Gen 47 produced no high-fidelity evaluations (stage='high_fidelity'). Check proxy gates/thresholds: if all pairs are pair_ok=False, HF won't run.
[2026-02-26 10:03:19,580] INFO:ptp_discovery.pref_loss_coevo: === alternating generation 48/49 ===
[2026-02-26 10:03:19,580] INFO:ptp_discovery.pref_loss_coevo: EVAL_STAGES enabled: stage0_gate=1 stage1_proxy=1 stage2_micro_unroll=0 stage3_high_fidelity=1
[2026-02-26 10:03:19,580] INFO:ptp_discovery.pref_loss_coevo: INCUMBENT best_score=1.0335436440938035 best_pair=(g024_051_173ffbce,f010_040_7b790716) best_stage=proxy metric_mode=minimize improve_eps=0.0
[2026-02-26 10:03:19,580] INFO:ptp_discovery.pref_loss_coevo: Gen 48 start: caches(rollout=10 pref=430 pair=3281) cuda(cuda(alloc=0.03G,resv=0.16G))
[2026-02-26 10:03:19,720] INFO:ptp_discovery.pref_loss_coevo: Gen 48 proxy rollouts: device=cuda batches=10 batch_size=64 problem_size=100
[2026-02-26 10:03:19,721] INFO:ptp_discovery.pref_loss_coevo: Gen 48 proxy rollouts progress: 1/10 cache_hit=True caches(rollout=10 pref=430 pair=3281) cuda(cuda(alloc=0.03G,resv=0.16G))
[2026-02-26 10:03:19,721] INFO:ptp_discovery.pref_loss_coevo: Gen 48 proxy rollouts progress: 10/10 cache_hit=True caches(rollout=10 pref=430 pair=3281) cuda(cuda(alloc=0.03G,resv=0.16G))
[2026-02-26 10:03:19,722] INFO:ptp_discovery.pref_loss_coevo: Gen 48 proxy rollouts done: elapsed_s=0.0 caches(rollout=10 pref=430 pair=3281) cuda(cuda(alloc=0.03G,resv=0.16G))
[2026-02-26 10:03:19,811] INFO:ptp_discovery.pref_loss_coevo: Alternating phase=loss fixed_g=g024_051_173ffbce budget=64
[2026-02-26 10:03:19,811] INFO:ptp_discovery.pref_loss_coevo: EVAL_STAGES enabled: stage0_gate=1 stage1_proxy=1 stage2_micro_unroll=0 stage3_high_fidelity=1
[2026-02-26 10:03:19,811] INFO:ptp_discovery.pref_loss_coevo: Alternating phase=builder fixed_f=f010_040_7b790716 budget=64
[2026-02-26 10:03:19,811] INFO:ptp_discovery.pref_loss_coevo: EVAL_STAGES enabled: stage0_gate=1 stage1_proxy=1 stage2_micro_unroll=0 stage3_high_fidelity=1
[2026-02-26 10:03:19,812] INFO:ptp_discovery.pref_loss_coevo: Gen 48 pref_cache pruned: dropped=80 kept=350 keep_g_ids=50 keep_batch_ids=10 caches(rollout=10 pref=350 pair=3281) cuda(cuda(alloc=0.03G,resv=0.16G))
[2026-02-26 10:03:19,838] INFO:ptp_discovery.pref_loss_coevo: Cheap eval progress gen=48: 1/114 caches(rollout=10 pref=350 pair=3282) cuda(cuda(alloc=0.03G,resv=0.16G))
[2026-02-26 10:03:19,977] INFO:ptp_discovery.pref_loss_coevo: Cheap eval progress gen=48: 10/114 caches(rollout=10 pref=350 pair=3287) cuda(cuda(alloc=0.03G,resv=0.16G))
[2026-02-26 10:03:20,062] INFO:ptp_discovery.pref_loss_coevo: Cheap eval progress gen=48: 20/114 caches(rollout=10 pref=350 pair=3290) cuda(cuda(alloc=0.03G,resv=0.16G))
[2026-02-26 10:03:20,258] INFO:ptp_discovery.pref_loss_coevo: Cheap eval progress gen=48: 30/114 caches(rollout=10 pref=350 pair=3297) cuda(cuda(alloc=0.03G,resv=0.16G))
[2026-02-26 10:03:20,373] INFO:ptp_discovery.pref_loss_coevo: Cheap eval progress gen=48: 40/114 caches(rollout=10 pref=350 pair=3301) cuda(cuda(alloc=0.03G,resv=0.16G))
[2026-02-26 10:03:20,598] INFO:ptp_discovery.pref_loss_coevo: Cheap eval progress gen=48: 50/114 caches(rollout=10 pref=350 pair=3309) cuda(cuda(alloc=0.03G,resv=0.16G))
[2026-02-26 10:03:20,794] INFO:ptp_discovery.pref_loss_coevo: Cheap eval progress gen=48: 60/114 caches(rollout=10 pref=350 pair=3316) cuda(cuda(alloc=0.03G,resv=0.16G))
[2026-02-26 10:03:20,974] INFO:ptp_discovery.pref_loss_coevo: Cheap eval progress gen=48: 70/114 caches(rollout=10 pref=370 pair=3322) cuda(cuda(alloc=0.03G,resv=0.16G))
[2026-02-26 10:03:21,077] INFO:ptp_discovery.pref_loss_coevo: Cheap eval progress gen=48: 80/114 caches(rollout=10 pref=400 pair=3325) cuda(cuda(alloc=0.03G,resv=0.16G))
[2026-02-26 10:03:21,184] INFO:ptp_discovery.pref_loss_coevo: Cheap eval progress gen=48: 90/114 caches(rollout=10 pref=430 pair=3328) cuda(cuda(alloc=0.03G,resv=0.16G))
[2026-02-26 10:03:21,254] INFO:ptp_discovery.pref_loss_coevo: Cheap eval progress gen=48: 100/114 caches(rollout=10 pref=450 pair=3330) cuda(cuda(alloc=0.03G,resv=0.16G))
[2026-02-26 10:03:21,390] INFO:ptp_discovery.pref_loss_coevo: Cheap eval progress gen=48: 110/114 caches(rollout=10 pref=490 pair=3334) cuda(cuda(alloc=0.03G,resv=0.16G))
[2026-02-26 10:03:21,425] INFO:ptp_discovery.pref_loss_coevo: Cheap eval progress gen=48: 114/114 caches(rollout=10 pref=500 pair=3335) cuda(cuda(alloc=0.03G,resv=0.16G))
[2026-02-26 10:03:21,426] INFO:ptp_discovery.pref_loss_coevo: Cheap eval done gen=48: pairs=114 elapsed_s=1.6 caches(rollout=10 pref=500 pair=3335) cuda(cuda(alloc=0.03G,resv=0.16G))
[2026-02-26 10:03:21,426] INFO:ptp_discovery.pref_loss_coevo: HF selection gen=48: eligible=0 selected=0 (top_m=8)
[2026-02-26 10:03:21,426] INFO:ptp_discovery.pref_loss_coevo: COMPARE target=prev_best reference_score=1.0335436440938035 threshold=1.0335436440938035 metric_mode=minimize improve_eps=0.0
[2026-02-26 10:03:21,427] INFO:ptp_discovery.pref_loss_coevo: Gen 48 summary: g_pool=15 f_pool=64 pairs=114 ok=0 stages={'cheap': 114} top_reasons=[('cheap_proxy_gate_failed', 114)]
[2026-02-26 10:03:21,427] WARNING:ptp_discovery.pref_loss_coevo: Gen 48 produced no high-fidelity evaluations (stage='high_fidelity'). Check proxy gates/thresholds: if all pairs are pair_ok=False, HF won't run.
[2026-02-26 10:03:21,475] INFO:ptp_discovery.pref_loss_coevo: === alternating generation 49/49 ===
[2026-02-26 10:03:21,475] INFO:ptp_discovery.pref_loss_coevo: EVAL_STAGES enabled: stage0_gate=1 stage1_proxy=1 stage2_micro_unroll=0 stage3_high_fidelity=1
[2026-02-26 10:03:21,476] INFO:ptp_discovery.pref_loss_coevo: INCUMBENT best_score=1.0335436440938035 best_pair=(g024_051_173ffbce,f010_040_7b790716) best_stage=proxy metric_mode=minimize improve_eps=0.0
[2026-02-26 10:03:21,476] INFO:ptp_discovery.pref_loss_coevo: Gen 49 start: caches(rollout=10 pref=500 pair=3335) cuda(cuda(alloc=0.03G,resv=0.16G))
[2026-02-26 10:03:21,617] INFO:ptp_discovery.pref_loss_coevo: Gen 49 proxy rollouts: device=cuda batches=10 batch_size=64 problem_size=100
[2026-02-26 10:03:21,617] INFO:ptp_discovery.pref_loss_coevo: Gen 49 proxy rollouts progress: 1/10 cache_hit=True caches(rollout=10 pref=500 pair=3335) cuda(cuda(alloc=0.03G,resv=0.16G))
[2026-02-26 10:03:21,618] INFO:ptp_discovery.pref_loss_coevo: Gen 49 proxy rollouts progress: 10/10 cache_hit=True caches(rollout=10 pref=500 pair=3335) cuda(cuda(alloc=0.03G,resv=0.16G))
[2026-02-26 10:03:21,618] INFO:ptp_discovery.pref_loss_coevo: Gen 49 proxy rollouts done: elapsed_s=0.0 caches(rollout=10 pref=500 pair=3335) cuda(cuda(alloc=0.03G,resv=0.16G))
[2026-02-26 10:03:21,707] INFO:ptp_discovery.pref_loss_coevo: Alternating phase=loss fixed_g=g024_051_173ffbce budget=64
[2026-02-26 10:03:21,707] INFO:ptp_discovery.pref_loss_coevo: EVAL_STAGES enabled: stage0_gate=1 stage1_proxy=1 stage2_micro_unroll=0 stage3_high_fidelity=1
[2026-02-26 10:03:21,707] INFO:ptp_discovery.pref_loss_coevo: Alternating phase=builder fixed_f=f010_040_7b790716 budget=64
[2026-02-26 10:03:21,707] INFO:ptp_discovery.pref_loss_coevo: EVAL_STAGES enabled: stage0_gate=1 stage1_proxy=1 stage2_micro_unroll=0 stage3_high_fidelity=1
[2026-02-26 10:03:21,708] INFO:ptp_discovery.pref_loss_coevo: Gen 49 pref_cache pruned: dropped=150 kept=350 keep_g_ids=51 keep_batch_ids=10 caches(rollout=10 pref=350 pair=3335) cuda(cuda(alloc=0.03G,resv=0.16G))
[2026-02-26 10:03:21,709] INFO:ptp_discovery.pref_loss_coevo: Cheap eval progress gen=49: 1/115 caches(rollout=10 pref=350 pair=3335) cuda(cuda(alloc=0.03G,resv=0.16G))
[2026-02-26 10:03:21,833] INFO:ptp_discovery.pref_loss_coevo: Cheap eval progress gen=49: 10/115 caches(rollout=10 pref=350 pair=3340) cuda(cuda(alloc=0.03G,resv=0.16G))
[2026-02-26 10:03:22,052] INFO:ptp_discovery.pref_loss_coevo: Cheap eval progress gen=49: 20/115 caches(rollout=10 pref=350 pair=3348) cuda(cuda(alloc=0.03G,resv=0.16G))
[2026-02-26 10:03:22,219] INFO:ptp_discovery.pref_loss_coevo: Cheap eval progress gen=49: 30/115 caches(rollout=10 pref=350 pair=3354) cuda(cuda(alloc=0.03G,resv=0.16G))
[2026-02-26 10:03:22,358] INFO:ptp_discovery.pref_loss_coevo: Cheap eval progress gen=49: 40/115 caches(rollout=10 pref=350 pair=3359) cuda(cuda(alloc=0.03G,resv=0.16G))
[2026-02-26 10:03:22,521] INFO:ptp_discovery.pref_loss_coevo: Cheap eval progress gen=49: 50/115 caches(rollout=10 pref=350 pair=3365) cuda(cuda(alloc=0.03G,resv=0.16G))
[2026-02-26 10:03:22,680] INFO:ptp_discovery.pref_loss_coevo: Cheap eval progress gen=49: 60/115 caches(rollout=10 pref=350 pair=3371) cuda(cuda(alloc=0.03G,resv=0.16G))
[2026-02-26 10:03:22,830] INFO:ptp_discovery.pref_loss_coevo: Cheap eval progress gen=49: 70/115 caches(rollout=10 pref=370 pair=3376) cuda(cuda(alloc=0.03G,resv=0.16G))
[2026-02-26 10:03:22,864] INFO:ptp_discovery.pref_loss_coevo: Cheap eval progress gen=49: 80/115 caches(rollout=10 pref=380 pair=3377) cuda(cuda(alloc=0.03G,resv=0.16G))
[2026-02-26 10:03:22,931] INFO:ptp_discovery.pref_loss_coevo: Cheap eval progress gen=49: 90/115 caches(rollout=10 pref=400 pair=3379) cuda(cuda(alloc=0.03G,resv=0.16G))
[2026-02-26 10:03:23,033] INFO:ptp_discovery.pref_loss_coevo: Cheap eval progress gen=49: 100/115 caches(rollout=10 pref=430 pair=3382) cuda(cuda(alloc=0.03G,resv=0.16G))
[2026-02-26 10:03:23,273] INFO:ptp_discovery.pref_loss_coevo: Cheap eval progress gen=49: 110/115 caches(rollout=10 pref=500 pair=3389) cuda(cuda(alloc=0.03G,resv=0.16G))
[2026-02-26 10:03:23,308] INFO:ptp_discovery.pref_loss_coevo: Cheap eval progress gen=49: 115/115 caches(rollout=10 pref=510 pair=3390) cuda(cuda(alloc=0.03G,resv=0.16G))
[2026-02-26 10:03:23,308] INFO:ptp_discovery.pref_loss_coevo: Cheap eval done gen=49: pairs=115 elapsed_s=1.6 caches(rollout=10 pref=510 pair=3390) cuda(cuda(alloc=0.03G,resv=0.16G))
[2026-02-26 10:03:23,308] INFO:ptp_discovery.pref_loss_coevo: HF selection gen=49: eligible=0 selected=0 (top_m=8)
[2026-02-26 10:03:23,309] INFO:ptp_discovery.pref_loss_coevo: COMPARE target=prev_best reference_score=1.0335436440938035 threshold=1.0335436440938035 metric_mode=minimize improve_eps=0.0
[2026-02-26 10:03:23,309] INFO:ptp_discovery.pref_loss_coevo: Gen 49 summary: g_pool=16 f_pool=64 pairs=115 ok=0 stages={'cheap': 115} top_reasons=[('cheap_proxy_gate_failed', 115)]
[2026-02-26 10:03:23,310] WARNING:ptp_discovery.pref_loss_coevo: Gen 49 produced no high-fidelity evaluations (stage='high_fidelity'). Check proxy gates/thresholds: if all pairs are pair_ok=False, HF won't run.
[2026-02-26 10:03:23,359] INFO:ptp_discovery.pref_loss_coevo: Co-evolution complete. Artifacts saved under: /data1/gushengda/eam-rl4co/runs/pref_loss_alternating_simple/20260226-100116
