[2026-03-01 23:06:57,671] INFO:ptp_discovery.pref_loss_coevo: Run directory: /data1/gushengda/eam-rl4co/runs/pref_loss_alternating_simple/20260301-230657
[2026-03-01 23:06:57,672] INFO:ptp_discovery.pref_loss_coevo: EVAL_STAGES enabled: stage0_gate=1 stage1_proxy=0 stage2_micro_unroll=0 stage3_high_fidelity=1
/data1/gushengda/eam-rl4co/PTP/fitness/free_loss_fidelity.py:51: FutureWarning: You are using `torch.load` with `weights_only=False` (the current default value), which uses the default pickle module implicitly. It is possible to construct malicious pickle data which will execute arbitrary code during unpickling (See https://github.com/pytorch/pytorch/blob/main/SECURITY.md#untrusted-models for more details). In a future release, the default value for `weights_only` will be flipped to `True`. This limits the functions that could be executed during unpickling. Arbitrary objects will no longer be allowed to be loaded via this mode unless they are explicitly allowlisted by the user via `torch.serialization.add_safe_globals`. We recommend you start setting `weights_only=True` for any use case where you don't have full control of the loaded file. Please open an issue on GitHub for any issues related to this experimental feature.
  obj = torch.load(p, map_location="cpu")
[2026-03-01 23:07:04,433] INFO:fitness.free_loss_fidelity: RL4CO free-loss (step-mode): f1_steps=1000, f2_steps=0, total_steps=1000, train_problem_size=100, rollouts=100, batch_size=64, device=cuda:0, env=tsp
[2026-03-01 23:07:05,736] INFO:fitness.free_loss_fidelity: RL4CO free-loss step 1/1000: score=59.311199 (avg=59.311199), loss=0.713667 (avg=0.713667), pairs_step=316800, pairs_total=316800
[2026-03-01 23:07:38,697] INFO:fitness.free_loss_fidelity: RL4CO free-loss step 100/1000: score=8.870047 (avg=10.485039), loss=0.578049 (avg=0.596877), pairs_step=316800, pairs_total=31679979
[2026-03-01 23:08:12,420] INFO:fitness.free_loss_fidelity: RL4CO free-loss step 200/1000: score=8.624054 (avg=9.614998), loss=0.602793 (avg=0.595380), pairs_step=316800, pairs_total=63359952
[2026-03-01 23:08:46,187] INFO:fitness.free_loss_fidelity: RL4CO free-loss step 300/1000: score=8.435851 (avg=9.253078), loss=0.607754 (avg=0.598687), pairs_step=316799, pairs_total=95039927
[2026-03-01 23:09:19,974] INFO:fitness.free_loss_fidelity: RL4CO free-loss step 400/1000: score=8.388548 (avg=9.040138), loss=0.613309 (avg=0.602094), pairs_step=316800, pairs_total=126719896
[2026-03-01 23:09:53,584] INFO:fitness.free_loss_fidelity: RL4CO free-loss step 500/1000: score=8.248610 (avg=8.894398), loss=0.618237 (avg=0.604941), pairs_step=316799, pairs_total=158399862
[2026-03-01 23:10:27,306] INFO:fitness.free_loss_fidelity: RL4CO free-loss step 600/1000: score=8.233547 (avg=8.789621), loss=0.623814 (avg=0.607255), pairs_step=316800, pairs_total=190079828
[2026-03-01 23:11:01,006] INFO:fitness.free_loss_fidelity: RL4CO free-loss step 700/1000: score=8.229959 (avg=8.710434), loss=0.620865 (avg=0.609205), pairs_step=316800, pairs_total=221759799
[2026-03-01 23:11:34,798] INFO:fitness.free_loss_fidelity: RL4CO free-loss step 800/1000: score=8.188688 (avg=8.647694), loss=0.625066 (avg=0.610747), pairs_step=316799, pairs_total=253439761
[2026-03-01 23:12:08,691] INFO:fitness.free_loss_fidelity: RL4CO free-loss step 900/1000: score=8.217859 (avg=8.596448), loss=0.627827 (avg=0.612190), pairs_step=316800, pairs_total=285119730
[2026-03-01 23:12:42,437] INFO:fitness.free_loss_fidelity: RL4CO free-loss step 1000/1000: score=8.196940 (avg=8.554092), loss=0.624694 (avg=0.613473), pairs_step=316800, pairs_total=316799691
[2026-03-01 23:12:43,548] WARNING:fitness.free_loss_fidelity: weights_only checkpoint load failed (UnpicklingError); retrying weights_only=False for /data1/gushengda/eam-rl4co/baseline/epoch_135.ckpt
/data1/gushengda/eam-rl4co/PTP/fitness/free_loss_fidelity.py:435: FutureWarning: You are using `torch.load` with `weights_only=False` (the current default value), which uses the default pickle module implicitly. It is possible to construct malicious pickle data which will execute arbitrary code during unpickling (See https://github.com/pytorch/pytorch/blob/main/SECURITY.md#untrusted-models for more details). In a future release, the default value for `weights_only` will be flipped to `True`. This limits the functions that could be executed during unpickling. Arbitrary objects will no longer be allowed to be loaded via this mode unless they are explicitly allowlisted by the user via `torch.serialization.add_safe_globals`. We recommend you start setting `weights_only=True` for any use case where you don't have full control of the loaded file. Please open an issue on GitHub for any issues related to this experimental feature.
  ckpt = torch.load(ckpt_path, map_location="cpu")
[2026-03-01 23:12:43,593] INFO:fitness.free_loss_fidelity: Loaded init checkpoint into policy: path=/data1/gushengda/eam-rl4co/baseline/epoch_135.ckpt prefix=policy. matched=97 missing=0 unexpected=0
[2026-03-01 23:12:43,598] INFO:fitness.free_loss_fidelity: RL4CO free-loss (step-mode): f1_steps=1000, f2_steps=0, total_steps=1000, train_problem_size=100, rollouts=100, batch_size=64, device=cuda:0, env=tsp
[2026-03-01 23:12:44,014] INFO:fitness.free_loss_fidelity: RL4CO free-loss step 1/1000: score=7.803347 (avg=7.803347), loss=0.675021 (avg=0.675021), pairs_step=315697, pairs_total=315697
[2026-03-01 23:13:17,549] INFO:fitness.free_loss_fidelity: RL4CO free-loss step 100/1000: score=7.759587 (avg=7.798541), loss=0.673854 (avg=0.674866), pairs_step=315832, pairs_total=31575117
[2026-03-01 23:13:51,495] INFO:fitness.free_loss_fidelity: RL4CO free-loss step 200/1000: score=7.806700 (avg=7.798372), loss=0.673727 (avg=0.674928), pairs_step=315497, pairs_total=63136305
[2026-03-01 23:14:23,266] INFO:fitness.free_loss_fidelity: RL4CO free-loss step 300/1000: score=7.809507 (avg=7.798982), loss=0.673996 (avg=0.674839), pairs_step=315595, pairs_total=94688531
[2026-03-01 23:14:54,513] INFO:fitness.free_loss_fidelity: RL4CO free-loss step 400/1000: score=7.820645 (avg=7.798912), loss=0.674340 (avg=0.674790), pairs_step=315402, pairs_total=126236902
[2026-03-01 23:15:25,838] INFO:fitness.free_loss_fidelity: RL4CO free-loss step 500/1000: score=7.774879 (avg=7.797945), loss=0.675617 (avg=0.674826), pairs_step=315243, pairs_total=157773646
[2026-03-01 23:15:56,947] INFO:fitness.free_loss_fidelity: RL4CO free-loss step 600/1000: score=7.757770 (avg=7.797360), loss=0.675988 (avg=0.674844), pairs_step=315332, pairs_total=189306497
[2026-03-01 23:16:27,896] INFO:fitness.free_loss_fidelity: RL4CO free-loss step 700/1000: score=7.807613 (avg=7.797213), loss=0.675719 (avg=0.674788), pairs_step=315037, pairs_total=220833144
[2026-03-01 23:16:58,780] INFO:fitness.free_loss_fidelity: RL4CO free-loss step 800/1000: score=7.795105 (avg=7.797159), loss=0.675447 (avg=0.674687), pairs_step=314743, pairs_total=252361474
[2026-03-01 23:17:29,721] INFO:fitness.free_loss_fidelity: RL4CO free-loss step 900/1000: score=7.830082 (avg=7.796783), loss=0.675617 (avg=0.674688), pairs_step=315487, pairs_total=283872306
[2026-03-01 23:18:00,861] INFO:fitness.free_loss_fidelity: RL4CO free-loss step 1000/1000: score=7.822686 (avg=7.796290), loss=0.674457 (avg=0.674667), pairs_step=315256, pairs_total=315373458
[2026-03-01 23:18:01,964] WARNING:fitness.free_loss_fidelity: weights_only checkpoint load failed (UnpicklingError); retrying weights_only=False for /data1/gushengda/eam-rl4co/baseline/epoch_409.ckpt
[2026-03-01 23:18:02,002] INFO:fitness.free_loss_fidelity: Loaded init checkpoint into policy: path=/data1/gushengda/eam-rl4co/baseline/epoch_409.ckpt prefix=policy. matched=97 missing=0 unexpected=0
[2026-03-01 23:18:02,008] INFO:fitness.free_loss_fidelity: RL4CO free-loss (step-mode): f1_steps=1000, f2_steps=0, total_steps=1000, train_problem_size=100, rollouts=100, batch_size=64, device=cuda:0, env=tsp
[2026-03-01 23:18:02,364] INFO:fitness.free_loss_fidelity: RL4CO free-loss step 1/1000: score=7.807477 (avg=7.807477), loss=0.219726 (avg=0.219726), pairs_step=315750, pairs_total=315750
[2026-03-01 23:18:33,333] INFO:fitness.free_loss_fidelity: RL4CO free-loss step 100/1000: score=7.754656 (avg=7.798603), loss=0.232288 (avg=0.212302), pairs_step=315829, pairs_total=31582784
[2026-03-01 23:19:04,637] INFO:fitness.free_loss_fidelity: RL4CO free-loss step 200/1000: score=7.811978 (avg=7.797163), loss=0.216692 (avg=0.214329), pairs_step=315389, pairs_total=63153499
[2026-03-01 23:19:36,148] INFO:fitness.free_loss_fidelity: RL4CO free-loss step 300/1000: score=7.809443 (avg=7.797372), loss=0.213068 (avg=0.213298), pairs_step=315728, pairs_total=94713344
[2026-03-01 23:20:07,630] INFO:fitness.free_loss_fidelity: RL4CO free-loss step 400/1000: score=7.819488 (avg=7.797050), loss=0.204160 (avg=0.213400), pairs_step=315487, pairs_total=126264771
[2026-03-01 23:20:39,283] INFO:fitness.free_loss_fidelity: RL4CO free-loss step 500/1000: score=7.769487 (avg=7.795807), loss=0.205442 (avg=0.213621), pairs_step=315627, pairs_total=157808228
[2026-03-01 23:21:10,756] INFO:fitness.free_loss_fidelity: RL4CO free-loss step 600/1000: score=7.752563 (avg=7.794949), loss=0.206654 (avg=0.212208), pairs_step=314995, pairs_total=189339707
[2026-03-01 23:21:42,260] INFO:fitness.free_loss_fidelity: RL4CO free-loss step 700/1000: score=7.800778 (avg=7.794559), loss=0.217927 (avg=0.212053), pairs_step=315235, pairs_total=220863907
[2026-03-01 23:22:13,743] INFO:fitness.free_loss_fidelity: RL4CO free-loss step 800/1000: score=7.786060 (avg=7.794289), loss=0.223558 (avg=0.212404), pairs_step=315377, pairs_total=252375267
[2026-03-01 23:22:45,205] INFO:fitness.free_loss_fidelity: RL4CO free-loss step 900/1000: score=7.823309 (avg=7.793770), loss=0.221791 (avg=0.212330), pairs_step=315241, pairs_total=283867949
[2026-03-01 23:23:16,596] INFO:fitness.free_loss_fidelity: RL4CO free-loss step 1000/1000: score=7.818381 (avg=7.793190), loss=0.218021 (avg=0.211949), pairs_step=315240, pairs_total=315351921
[2026-03-01 23:23:17,677] INFO:fitness.free_loss_fidelity: RL4CO free-loss (step-mode): f1_steps=1000, f2_steps=0, total_steps=1000, train_problem_size=100, rollouts=100, batch_size=64, device=cuda:0, env=tsp
[2026-03-01 23:23:17,991] INFO:fitness.free_loss_fidelity: RL4CO free-loss step 1/1000: score=44.158031 (avg=44.158031), loss=0.744717 (avg=0.744717), pairs_step=316799, pairs_total=316799
[2026-03-01 23:23:49,125] INFO:fitness.free_loss_fidelity: RL4CO free-loss step 100/1000: score=8.807697 (avg=10.123145), loss=0.584385 (avg=0.593282), pairs_step=316799, pairs_total=31679975
[2026-03-01 23:24:20,595] INFO:fitness.free_loss_fidelity: RL4CO free-loss step 200/1000: score=8.608168 (avg=9.410799), loss=0.604490 (avg=0.593142), pairs_step=316800, pairs_total=63359940
[2026-03-01 23:24:52,091] INFO:fitness.free_loss_fidelity: RL4CO free-loss step 300/1000: score=8.387711 (avg=9.101669), loss=0.614567 (avg=0.597649), pairs_step=316800, pairs_total=95039907
[2026-03-01 23:25:23,587] INFO:fitness.free_loss_fidelity: RL4CO free-loss step 400/1000: score=8.324150 (avg=8.917279), loss=0.615268 (avg=0.601618), pairs_step=316799, pairs_total=126719874
[2026-03-01 23:25:55,240] INFO:fitness.free_loss_fidelity: RL4CO free-loss step 500/1000: score=8.249493 (avg=8.792225), loss=0.615523 (avg=0.604870), pairs_step=316800, pairs_total=158399843
[2026-03-01 23:26:26,726] INFO:fitness.free_loss_fidelity: RL4CO free-loss step 600/1000: score=8.205309 (avg=8.701912), loss=0.624018 (avg=0.607229), pairs_step=316800, pairs_total=190079812
[2026-03-01 23:26:58,191] INFO:fitness.free_loss_fidelity: RL4CO free-loss step 700/1000: score=8.225706 (avg=8.633095), loss=0.618319 (avg=0.609124), pairs_step=316800, pairs_total=221759764
[2026-03-01 23:27:29,659] INFO:fitness.free_loss_fidelity: RL4CO free-loss step 800/1000: score=8.194731 (avg=8.578751), loss=0.620144 (avg=0.610640), pairs_step=316800, pairs_total=253439721
[2026-03-01 23:28:01,183] INFO:fitness.free_loss_fidelity: RL4CO free-loss step 900/1000: score=8.200621 (avg=8.534469), loss=0.622322 (avg=0.612010), pairs_step=316800, pairs_total=285119676
[2026-03-01 23:28:32,854] INFO:fitness.free_loss_fidelity: RL4CO free-loss step 1000/1000: score=8.198562 (avg=8.497125), loss=0.627220 (avg=0.613246), pairs_step=316799, pairs_total=316799642
[2026-03-01 23:28:33,962] WARNING:fitness.free_loss_fidelity: weights_only checkpoint load failed (UnpicklingError); retrying weights_only=False for /data1/gushengda/eam-rl4co/baseline/epoch_135.ckpt
[2026-03-01 23:28:33,999] INFO:fitness.free_loss_fidelity: Loaded init checkpoint into policy: path=/data1/gushengda/eam-rl4co/baseline/epoch_135.ckpt prefix=policy. matched=97 missing=0 unexpected=0
[2026-03-01 23:28:34,004] INFO:fitness.free_loss_fidelity: RL4CO free-loss (step-mode): f1_steps=1000, f2_steps=0, total_steps=1000, train_problem_size=100, rollouts=100, batch_size=64, device=cuda:0, env=tsp
[2026-03-01 23:28:34,334] INFO:fitness.free_loss_fidelity: RL4CO free-loss step 1/1000: score=7.803347 (avg=7.803347), loss=0.675021 (avg=0.675021), pairs_step=315697, pairs_total=315697
[2026-03-01 23:29:05,473] INFO:fitness.free_loss_fidelity: RL4CO free-loss step 100/1000: score=7.756833 (avg=7.799048), loss=0.675042 (avg=0.674700), pairs_step=315582, pairs_total=31577894
[2026-03-01 23:29:36,921] INFO:fitness.free_loss_fidelity: RL4CO free-loss step 200/1000: score=7.807259 (avg=7.798301), loss=0.672954 (avg=0.674785), pairs_step=315501, pairs_total=63135617
[2026-03-01 23:30:08,389] INFO:fitness.free_loss_fidelity: RL4CO free-loss step 300/1000: score=7.814803 (avg=7.798944), loss=0.674574 (avg=0.674668), pairs_step=315487, pairs_total=94694007
[2026-03-01 23:30:39,895] INFO:fitness.free_loss_fidelity: RL4CO free-loss step 400/1000: score=7.820107 (avg=7.798799), loss=0.674704 (avg=0.674672), pairs_step=315244, pairs_total=126240893
[2026-03-01 23:31:11,385] INFO:fitness.free_loss_fidelity: RL4CO free-loss step 500/1000: score=7.777331 (avg=7.797807), loss=0.674446 (avg=0.674554), pairs_step=315646, pairs_total=157785283
[2026-03-01 23:31:42,682] INFO:fitness.free_loss_fidelity: RL4CO free-loss step 600/1000: score=7.758947 (avg=7.797175), loss=0.675411 (avg=0.674496), pairs_step=315534, pairs_total=189319268
[2026-03-01 23:32:13,960] INFO:fitness.free_loss_fidelity: RL4CO free-loss step 700/1000: score=7.810454 (avg=7.797045), loss=0.676647 (avg=0.674530), pairs_step=314787, pairs_total=220846780
[2026-03-01 23:32:45,259] INFO:fitness.free_loss_fidelity: RL4CO free-loss step 800/1000: score=7.791254 (avg=7.796941), loss=0.675843 (avg=0.674496), pairs_step=315010, pairs_total=252372290
[2026-03-01 23:33:16,544] INFO:fitness.free_loss_fidelity: RL4CO free-loss step 900/1000: score=7.828637 (avg=7.796525), loss=0.676293 (avg=0.674467), pairs_step=315143, pairs_total=283891835
[2026-03-01 23:33:47,890] INFO:fitness.free_loss_fidelity: RL4CO free-loss step 1000/1000: score=7.817608 (avg=7.796023), loss=0.672313 (avg=0.674470), pairs_step=315107, pairs_total=315405824
[2026-03-01 23:33:48,996] WARNING:fitness.free_loss_fidelity: weights_only checkpoint load failed (UnpicklingError); retrying weights_only=False for /data1/gushengda/eam-rl4co/baseline/epoch_409.ckpt
[2026-03-01 23:33:49,032] INFO:fitness.free_loss_fidelity: Loaded init checkpoint into policy: path=/data1/gushengda/eam-rl4co/baseline/epoch_409.ckpt prefix=policy. matched=97 missing=0 unexpected=0
[2026-03-01 23:33:49,038] INFO:fitness.free_loss_fidelity: RL4CO free-loss (step-mode): f1_steps=1000, f2_steps=0, total_steps=1000, train_problem_size=100, rollouts=100, batch_size=64, device=cuda:0, env=tsp
[2026-03-01 23:33:49,364] INFO:fitness.free_loss_fidelity: RL4CO free-loss step 1/1000: score=7.807477 (avg=7.807477), loss=0.219726 (avg=0.219726), pairs_step=315750, pairs_total=315750
[2026-03-01 23:34:20,337] INFO:fitness.free_loss_fidelity: RL4CO free-loss step 100/1000: score=7.753323 (avg=7.797154), loss=0.230638 (avg=0.215829), pairs_step=315671, pairs_total=31589380
[2026-03-01 23:34:51,647] INFO:fitness.free_loss_fidelity: RL4CO free-loss step 200/1000: score=7.813698 (avg=7.796798), loss=0.201195 (avg=0.214807), pairs_step=315731, pairs_total=63158373
[2026-03-01 23:35:22,943] INFO:fitness.free_loss_fidelity: RL4CO free-loss step 300/1000: score=7.807801 (avg=7.797244), loss=0.210046 (avg=0.212990), pairs_step=314973, pairs_total=94718458
[2026-03-01 23:35:54,232] INFO:fitness.free_loss_fidelity: RL4CO free-loss step 400/1000: score=7.816884 (avg=7.796875), loss=0.219746 (avg=0.213282), pairs_step=315416, pairs_total=126266622
[2026-03-01 23:36:25,695] INFO:fitness.free_loss_fidelity: RL4CO free-loss step 500/1000: score=7.773855 (avg=7.795677), loss=0.214600 (avg=0.213985), pairs_step=315564, pairs_total=157808633
[2026-03-01 23:36:57,033] INFO:fitness.free_loss_fidelity: RL4CO free-loss step 600/1000: score=7.752728 (avg=7.794878), loss=0.211382 (avg=0.213001), pairs_step=315287, pairs_total=189336492
[2026-03-01 23:37:28,313] INFO:fitness.free_loss_fidelity: RL4CO free-loss step 700/1000: score=7.803462 (avg=7.794526), loss=0.206090 (avg=0.212105), pairs_step=315090, pairs_total=220859311
[2026-03-01 23:37:59,592] INFO:fitness.free_loss_fidelity: RL4CO free-loss step 800/1000: score=7.785320 (avg=7.794352), loss=0.203910 (avg=0.211243), pairs_step=315072, pairs_total=252375358
[2026-03-01 23:38:30,859] INFO:fitness.free_loss_fidelity: RL4CO free-loss step 900/1000: score=7.826142 (avg=7.793833), loss=0.207267 (avg=0.210937), pairs_step=315203, pairs_total=283876052
[2026-03-01 23:39:02,218] INFO:fitness.free_loss_fidelity: RL4CO free-loss step 1000/1000: score=7.816737 (avg=7.793222), loss=0.194379 (avg=0.210599), pairs_step=314847, pairs_total=315373683
[2026-03-01 23:39:03,291] INFO:fitness.free_loss_fidelity: RL4CO free-loss (step-mode): f1_steps=1000, f2_steps=0, total_steps=1000, train_problem_size=100, rollouts=100, batch_size=64, device=cuda:0, env=tsp
[2026-03-01 23:39:03,602] INFO:fitness.free_loss_fidelity: RL4CO free-loss step 1/1000: score=43.203537 (avg=43.203537), loss=0.720524 (avg=0.720524), pairs_step=316800, pairs_total=316800
[2026-03-01 23:39:34,368] INFO:fitness.free_loss_fidelity: RL4CO free-loss step 100/1000: score=8.843946 (avg=9.889828), loss=0.580717 (avg=0.597684), pairs_step=316800, pairs_total=31679979
[2026-03-01 23:40:05,470] INFO:fitness.free_loss_fidelity: RL4CO free-loss step 200/1000: score=8.558198 (avg=9.287759), loss=0.604958 (avg=0.596932), pairs_step=316800, pairs_total=63359953
[2026-03-01 23:40:36,564] INFO:fitness.free_loss_fidelity: RL4CO free-loss step 300/1000: score=8.355770 (avg=9.010816), loss=0.610629 (avg=0.600787), pairs_step=316800, pairs_total=95039914
[2026-03-01 23:41:07,730] INFO:fitness.free_loss_fidelity: RL4CO free-loss step 400/1000: score=8.312345 (avg=8.842544), loss=0.615199 (avg=0.604570), pairs_step=316800, pairs_total=126719882
[2026-03-01 23:41:38,878] INFO:fitness.free_loss_fidelity: RL4CO free-loss step 500/1000: score=8.230261 (avg=8.728248), loss=0.617322 (avg=0.607596), pairs_step=316800, pairs_total=158399850
[2026-03-01 23:42:10,011] INFO:fitness.free_loss_fidelity: RL4CO free-loss step 600/1000: score=8.183266 (avg=8.646429), loss=0.627224 (avg=0.610012), pairs_step=316799, pairs_total=190079816
[2026-03-01 23:42:41,054] INFO:fitness.free_loss_fidelity: RL4CO free-loss step 700/1000: score=8.192112 (avg=8.584342), loss=0.622501 (avg=0.611864), pairs_step=316800, pairs_total=221759782
[2026-03-01 23:43:12,140] INFO:fitness.free_loss_fidelity: RL4CO free-loss step 800/1000: score=8.204090 (avg=8.536274), loss=0.624453 (avg=0.613362), pairs_step=316799, pairs_total=253439740
[2026-03-01 23:43:43,199] INFO:fitness.free_loss_fidelity: RL4CO free-loss step 900/1000: score=8.194273 (avg=8.496295), loss=0.629002 (avg=0.614642), pairs_step=316799, pairs_total=285119701
[2026-03-01 23:44:14,424] INFO:fitness.free_loss_fidelity: RL4CO free-loss step 1000/1000: score=8.197605 (avg=8.462628), loss=0.627605 (avg=0.615807), pairs_step=316800, pairs_total=316799653
[2026-03-01 23:44:15,523] WARNING:fitness.free_loss_fidelity: weights_only checkpoint load failed (UnpicklingError); retrying weights_only=False for /data1/gushengda/eam-rl4co/baseline/epoch_135.ckpt
[2026-03-01 23:44:15,559] INFO:fitness.free_loss_fidelity: Loaded init checkpoint into policy: path=/data1/gushengda/eam-rl4co/baseline/epoch_135.ckpt prefix=policy. matched=97 missing=0 unexpected=0
[2026-03-01 23:44:15,565] INFO:fitness.free_loss_fidelity: RL4CO free-loss (step-mode): f1_steps=1000, f2_steps=0, total_steps=1000, train_problem_size=100, rollouts=100, batch_size=64, device=cuda:0, env=tsp
[2026-03-01 23:44:15,919] INFO:fitness.free_loss_fidelity: RL4CO free-loss step 1/1000: score=7.803347 (avg=7.803347), loss=0.675021 (avg=0.675021), pairs_step=315697, pairs_total=315697
[2026-03-01 23:44:46,671] INFO:fitness.free_loss_fidelity: RL4CO free-loss step 100/1000: score=7.761141 (avg=7.798500), loss=0.673289 (avg=0.674600), pairs_step=315591, pairs_total=31574546
[2026-03-01 23:45:17,733] INFO:fitness.free_loss_fidelity: RL4CO free-loss step 200/1000: score=7.808383 (avg=7.798202), loss=0.671098 (avg=0.674809), pairs_step=315591, pairs_total=63136457
[2026-03-01 23:45:48,799] INFO:fitness.free_loss_fidelity: RL4CO free-loss step 300/1000: score=7.809609 (avg=7.799209), loss=0.675705 (avg=0.674825), pairs_step=315906, pairs_total=94688228
[2026-03-01 23:46:19,882] INFO:fitness.free_loss_fidelity: RL4CO free-loss step 400/1000: score=7.815678 (avg=7.798933), loss=0.673255 (avg=0.674887), pairs_step=315221, pairs_total=126236506
[2026-03-01 23:46:51,070] INFO:fitness.free_loss_fidelity: RL4CO free-loss step 500/1000: score=7.774742 (avg=7.798001), loss=0.675116 (avg=0.674857), pairs_step=315798, pairs_total=157783696
[2026-03-01 23:47:22,230] INFO:fitness.free_loss_fidelity: RL4CO free-loss step 600/1000: score=7.759114 (avg=7.797248), loss=0.675711 (avg=0.674838), pairs_step=315510, pairs_total=189317280
[2026-03-01 23:47:53,392] INFO:fitness.free_loss_fidelity: RL4CO free-loss step 700/1000: score=7.807521 (avg=7.797029), loss=0.674558 (avg=0.674818), pairs_step=315034, pairs_total=220849814
[2026-03-01 23:48:24,553] INFO:fitness.free_loss_fidelity: RL4CO free-loss step 800/1000: score=7.789638 (avg=7.796916), loss=0.675754 (avg=0.674783), pairs_step=315091, pairs_total=252377518
[2026-03-01 23:48:55,996] INFO:fitness.free_loss_fidelity: RL4CO free-loss step 900/1000: score=7.829217 (avg=7.796536), loss=0.675359 (avg=0.674729), pairs_step=315336, pairs_total=283896857
[2026-03-01 23:49:27,419] INFO:fitness.free_loss_fidelity: RL4CO free-loss step 1000/1000: score=7.818945 (avg=7.795994), loss=0.676090 (avg=0.674740), pairs_step=315464, pairs_total=315411250
[2026-03-01 23:49:28,528] WARNING:fitness.free_loss_fidelity: weights_only checkpoint load failed (UnpicklingError); retrying weights_only=False for /data1/gushengda/eam-rl4co/baseline/epoch_409.ckpt
[2026-03-01 23:49:28,564] INFO:fitness.free_loss_fidelity: Loaded init checkpoint into policy: path=/data1/gushengda/eam-rl4co/baseline/epoch_409.ckpt prefix=policy. matched=97 missing=0 unexpected=0
[2026-03-01 23:49:28,569] INFO:fitness.free_loss_fidelity: RL4CO free-loss (step-mode): f1_steps=1000, f2_steps=0, total_steps=1000, train_problem_size=100, rollouts=100, batch_size=64, device=cuda:0, env=tsp
[2026-03-01 23:49:28,887] INFO:fitness.free_loss_fidelity: RL4CO free-loss step 1/1000: score=7.807477 (avg=7.807477), loss=0.219726 (avg=0.219726), pairs_step=315750, pairs_total=315750
[2026-03-01 23:50:00,016] INFO:fitness.free_loss_fidelity: RL4CO free-loss step 100/1000: score=7.755287 (avg=7.798086), loss=0.220323 (avg=0.212418), pairs_step=315614, pairs_total=31585527
[2026-03-01 23:50:31,279] INFO:fitness.free_loss_fidelity: RL4CO free-loss step 200/1000: score=7.809164 (avg=7.796492), loss=0.194322 (avg=0.208485), pairs_step=315486, pairs_total=63163509
[2026-03-01 23:51:02,508] INFO:fitness.free_loss_fidelity: RL4CO free-loss step 300/1000: score=7.802540 (avg=7.796691), loss=0.202476 (avg=0.206555), pairs_step=315388, pairs_total=94731006
[2026-03-01 23:51:34,049] INFO:fitness.free_loss_fidelity: RL4CO free-loss step 400/1000: score=7.822889 (avg=7.796507), loss=0.228043 (avg=0.207426), pairs_step=315493, pairs_total=126289684
[2026-03-01 23:52:05,231] INFO:fitness.free_loss_fidelity: RL4CO free-loss step 500/1000: score=7.769229 (avg=7.795310), loss=0.219914 (avg=0.208424), pairs_step=315714, pairs_total=157837848
[2026-03-01 23:52:36,342] INFO:fitness.free_loss_fidelity: RL4CO free-loss step 600/1000: score=7.758343 (avg=7.794495), loss=0.219417 (avg=0.209669), pairs_step=314902, pairs_total=189366203
[2026-03-01 23:53:07,350] INFO:fitness.free_loss_fidelity: RL4CO free-loss step 700/1000: score=7.804877 (avg=7.794189), loss=0.206630 (avg=0.210579), pairs_step=314898, pairs_total=220890810
[2026-03-01 23:53:38,360] INFO:fitness.free_loss_fidelity: RL4CO free-loss step 800/1000: score=7.786922 (avg=7.793991), loss=0.208713 (avg=0.210692), pairs_step=315343, pairs_total=252410878
[2026-03-01 23:54:09,373] INFO:fitness.free_loss_fidelity: RL4CO free-loss step 900/1000: score=7.826035 (avg=7.793556), loss=0.207954 (avg=0.210526), pairs_step=314616, pairs_total=283918199
[2026-03-01 23:54:40,371] INFO:fitness.free_loss_fidelity: RL4CO free-loss step 1000/1000: score=7.819677 (avg=7.792967), loss=0.223283 (avg=0.210763), pairs_step=315097, pairs_total=315410331
[2026-03-01 23:54:41,479] INFO:fitness.free_loss_fidelity: RL4CO free-loss (step-mode): f1_steps=1000, f2_steps=0, total_steps=1000, train_problem_size=100, rollouts=100, batch_size=64, device=cuda:0, env=tsp
[2026-03-01 23:54:41,789] INFO:fitness.free_loss_fidelity: RL4CO free-loss step 1/1000: score=44.569542 (avg=44.569542), loss=0.756042 (avg=0.756042), pairs_step=316799, pairs_total=316799
[2026-03-01 23:55:12,531] INFO:fitness.free_loss_fidelity: RL4CO free-loss step 100/1000: score=8.878395 (avg=9.952112), loss=0.583331 (avg=0.593577), pairs_step=316800, pairs_total=31679985
[2026-03-01 23:55:43,547] INFO:fitness.free_loss_fidelity: RL4CO free-loss step 200/1000: score=8.583525 (avg=9.315571), loss=0.614192 (avg=0.596296), pairs_step=316800, pairs_total=63359960
[2026-03-01 23:56:14,726] INFO:fitness.free_loss_fidelity: RL4CO free-loss step 300/1000: score=8.422871 (avg=9.033278), loss=0.613163 (avg=0.601272), pairs_step=316800, pairs_total=95039934
[2026-03-01 23:56:45,797] INFO:fitness.free_loss_fidelity: RL4CO free-loss step 400/1000: score=8.321434 (avg=8.860501), loss=0.618601 (avg=0.605242), pairs_step=316799, pairs_total=126719900
[2026-03-01 23:57:16,939] INFO:fitness.free_loss_fidelity: RL4CO free-loss step 500/1000: score=8.215965 (avg=8.743085), loss=0.620401 (avg=0.608027), pairs_step=316800, pairs_total=158399866
[2026-03-01 23:57:48,061] INFO:fitness.free_loss_fidelity: RL4CO free-loss step 600/1000: score=8.209478 (avg=8.659080), loss=0.619476 (avg=0.610226), pairs_step=316800, pairs_total=190079814
[2026-03-01 23:58:19,222] INFO:fitness.free_loss_fidelity: RL4CO free-loss step 700/1000: score=8.202822 (avg=8.596034), loss=0.625845 (avg=0.611998), pairs_step=316799, pairs_total=221759772
[2026-03-01 23:58:50,522] INFO:fitness.free_loss_fidelity: RL4CO free-loss step 800/1000: score=8.184081 (avg=8.545816), loss=0.619440 (avg=0.613413), pairs_step=316799, pairs_total=253439737
[2026-03-01 23:59:21,769] INFO:fitness.free_loss_fidelity: RL4CO free-loss step 900/1000: score=8.209237 (avg=8.504724), loss=0.628282 (avg=0.614662), pairs_step=316800, pairs_total=285119698
[2026-03-01 23:59:53,192] INFO:fitness.free_loss_fidelity: RL4CO free-loss step 1000/1000: score=8.182795 (avg=8.470026), loss=0.626021 (avg=0.615826), pairs_step=316800, pairs_total=316799643
[2026-03-01 23:59:54,300] WARNING:fitness.free_loss_fidelity: weights_only checkpoint load failed (UnpicklingError); retrying weights_only=False for /data1/gushengda/eam-rl4co/baseline/epoch_135.ckpt
[2026-03-01 23:59:54,337] INFO:fitness.free_loss_fidelity: Loaded init checkpoint into policy: path=/data1/gushengda/eam-rl4co/baseline/epoch_135.ckpt prefix=policy. matched=97 missing=0 unexpected=0
[2026-03-01 23:59:54,343] INFO:fitness.free_loss_fidelity: RL4CO free-loss (step-mode): f1_steps=1000, f2_steps=0, total_steps=1000, train_problem_size=100, rollouts=100, batch_size=64, device=cuda:0, env=tsp
[2026-03-01 23:59:54,669] INFO:fitness.free_loss_fidelity: RL4CO free-loss step 1/1000: score=7.803347 (avg=7.803347), loss=0.675021 (avg=0.675021), pairs_step=315697, pairs_total=315697
[2026-03-02 00:00:25,777] INFO:fitness.free_loss_fidelity: RL4CO free-loss step 100/1000: score=7.759401 (avg=7.798237), loss=0.674283 (avg=0.674280), pairs_step=315587, pairs_total=31575843
[2026-03-02 00:00:57,161] INFO:fitness.free_loss_fidelity: RL4CO free-loss step 200/1000: score=7.801890 (avg=7.798016), loss=0.674335 (avg=0.674541), pairs_step=315750, pairs_total=63140016
[2026-03-02 00:01:28,371] INFO:fitness.free_loss_fidelity: RL4CO free-loss step 300/1000: score=7.803717 (avg=7.798735), loss=0.676140 (avg=0.674656), pairs_step=315831, pairs_total=94695968
[2026-03-02 00:01:59,402] INFO:fitness.free_loss_fidelity: RL4CO free-loss step 400/1000: score=7.820409 (avg=7.798540), loss=0.673428 (avg=0.674704), pairs_step=315271, pairs_total=126243029
[2026-03-02 00:02:30,574] INFO:fitness.free_loss_fidelity: RL4CO free-loss step 500/1000: score=7.779366 (avg=7.797637), loss=0.674495 (avg=0.674631), pairs_step=315847, pairs_total=157789443
[2026-03-02 00:03:01,829] INFO:fitness.free_loss_fidelity: RL4CO free-loss step 600/1000: score=7.758255 (avg=7.796925), loss=0.673180 (avg=0.674570), pairs_step=315364, pairs_total=189320350
[2026-03-02 00:03:33,097] INFO:fitness.free_loss_fidelity: RL4CO free-loss step 700/1000: score=7.805800 (avg=7.796805), loss=0.674466 (avg=0.674598), pairs_step=315146, pairs_total=220846629
[2026-03-02 00:04:04,569] INFO:fitness.free_loss_fidelity: RL4CO free-loss step 800/1000: score=7.787150 (avg=7.796672), loss=0.675141 (avg=0.674561), pairs_step=314422, pairs_total=252371507
[2026-03-02 00:04:35,828] INFO:fitness.free_loss_fidelity: RL4CO free-loss step 900/1000: score=7.831711 (avg=7.796322), loss=0.675866 (avg=0.674498), pairs_step=315376, pairs_total=283884495
[2026-03-02 00:05:07,301] INFO:fitness.free_loss_fidelity: RL4CO free-loss step 1000/1000: score=7.823442 (avg=7.795846), loss=0.672492 (avg=0.674478), pairs_step=315394, pairs_total=315390477
[2026-03-02 00:05:08,410] WARNING:fitness.free_loss_fidelity: weights_only checkpoint load failed (UnpicklingError); retrying weights_only=False for /data1/gushengda/eam-rl4co/baseline/epoch_409.ckpt
[2026-03-02 00:05:08,448] INFO:fitness.free_loss_fidelity: Loaded init checkpoint into policy: path=/data1/gushengda/eam-rl4co/baseline/epoch_409.ckpt prefix=policy. matched=97 missing=0 unexpected=0
[2026-03-02 00:05:08,454] INFO:fitness.free_loss_fidelity: RL4CO free-loss (step-mode): f1_steps=1000, f2_steps=0, total_steps=1000, train_problem_size=100, rollouts=100, batch_size=64, device=cuda:0, env=tsp
[2026-03-02 00:05:08,774] INFO:fitness.free_loss_fidelity: RL4CO free-loss step 1/1000: score=7.807477 (avg=7.807477), loss=0.219726 (avg=0.219726), pairs_step=315750, pairs_total=315750
[2026-03-02 00:05:43,618] INFO:fitness.free_loss_fidelity: RL4CO free-loss step 100/1000: score=7.758286 (avg=7.797392), loss=0.235916 (avg=0.221172), pairs_step=315787, pairs_total=31583155
[2026-03-02 00:06:18,807] INFO:fitness.free_loss_fidelity: RL4CO free-loss step 200/1000: score=7.815184 (avg=7.796827), loss=0.212048 (avg=0.221812), pairs_step=315421, pairs_total=63145069
[2026-03-02 00:06:54,188] INFO:fitness.free_loss_fidelity: RL4CO free-loss step 300/1000: score=7.805378 (avg=7.797011), loss=0.199364 (avg=0.218241), pairs_step=315677, pairs_total=94703958
[2026-03-02 00:07:29,388] INFO:fitness.free_loss_fidelity: RL4CO free-loss step 400/1000: score=7.818327 (avg=7.796673), loss=0.211202 (avg=0.216703), pairs_step=315379, pairs_total=126256100
[2026-03-02 00:08:04,577] INFO:fitness.free_loss_fidelity: RL4CO free-loss step 500/1000: score=7.770108 (avg=7.795542), loss=0.219807 (avg=0.215448), pairs_step=315543, pairs_total=157799879
[2026-03-02 00:08:39,764] INFO:fitness.free_loss_fidelity: RL4CO free-loss step 600/1000: score=7.748581 (avg=7.794689), loss=0.206357 (avg=0.214551), pairs_step=315353, pairs_total=189331555
[2026-03-02 00:09:14,963] INFO:fitness.free_loss_fidelity: RL4CO free-loss step 700/1000: score=7.801219 (avg=7.794313), loss=0.208474 (avg=0.213937), pairs_step=314949, pairs_total=220854001
[2026-03-02 00:09:50,164] INFO:fitness.free_loss_fidelity: RL4CO free-loss step 800/1000: score=7.792786 (avg=7.793995), loss=0.202694 (avg=0.213447), pairs_step=315854, pairs_total=252370035
[2026-03-02 00:10:25,431] INFO:fitness.free_loss_fidelity: RL4CO free-loss step 900/1000: score=7.825331 (avg=7.793445), loss=0.231589 (avg=0.213434), pairs_step=315265, pairs_total=283871696
[2026-03-02 00:11:00,627] INFO:fitness.free_loss_fidelity: RL4CO free-loss step 1000/1000: score=7.821444 (avg=7.792818), loss=0.222482 (avg=0.213716), pairs_step=314764, pairs_total=315361619
[2026-03-02 00:11:01,909] INFO:fitness.free_loss_fidelity: RL4CO free-loss (step-mode): f1_steps=1000, f2_steps=0, total_steps=1000, train_problem_size=100, rollouts=100, batch_size=64, device=cuda:0, env=tsp
[2026-03-02 00:11:02,261] INFO:fitness.free_loss_fidelity: RL4CO free-loss step 1/1000: score=48.400196 (avg=48.400196), loss=0.735093 (avg=0.735093), pairs_step=316800, pairs_total=316800
[2026-03-02 00:11:37,132] INFO:fitness.free_loss_fidelity: RL4CO free-loss step 100/1000: score=8.805635 (avg=10.234795), loss=0.597073 (avg=0.602553), pairs_step=316800, pairs_total=31679984
[2026-03-02 00:12:12,536] INFO:fitness.free_loss_fidelity: RL4CO free-loss step 200/1000: score=8.576859 (avg=9.460126), loss=0.607806 (avg=0.601594), pairs_step=316799, pairs_total=63359960
[2026-03-02 00:12:47,761] INFO:fitness.free_loss_fidelity: RL4CO free-loss step 300/1000: score=8.399450 (avg=9.132573), loss=0.613715 (avg=0.604766), pairs_step=316800, pairs_total=95039932
[2026-03-02 00:13:22,987] INFO:fitness.free_loss_fidelity: RL4CO free-loss step 400/1000: score=8.318952 (avg=8.937696), loss=0.615873 (avg=0.607717), pairs_step=316800, pairs_total=126719905
[2026-03-02 00:13:58,201] INFO:fitness.free_loss_fidelity: RL4CO free-loss step 500/1000: score=8.237210 (avg=8.806957), loss=0.623673 (avg=0.610160), pairs_step=316800, pairs_total=158399855
[2026-03-02 00:14:33,402] INFO:fitness.free_loss_fidelity: RL4CO free-loss step 600/1000: score=8.177745 (avg=8.713090), loss=0.622600 (avg=0.612018), pairs_step=316800, pairs_total=190079824
[2026-03-02 00:15:08,604] INFO:fitness.free_loss_fidelity: RL4CO free-loss step 700/1000: score=8.218014 (avg=8.641593), loss=0.621426 (avg=0.613612), pairs_step=316799, pairs_total=221759789
[2026-03-02 00:15:44,024] INFO:fitness.free_loss_fidelity: RL4CO free-loss step 800/1000: score=8.189687 (avg=8.585380), loss=0.624370 (avg=0.615011), pairs_step=316800, pairs_total=253439746
[2026-03-02 00:16:19,233] INFO:fitness.free_loss_fidelity: RL4CO free-loss step 900/1000: score=8.189928 (avg=8.539515), loss=0.628177 (avg=0.616236), pairs_step=316799, pairs_total=285119700
[2026-03-02 00:16:54,459] INFO:fitness.free_loss_fidelity: RL4CO free-loss step 1000/1000: score=8.199680 (avg=8.501267), loss=0.629418 (avg=0.617362), pairs_step=316798, pairs_total=316799666
[2026-03-02 00:16:55,777] WARNING:fitness.free_loss_fidelity: weights_only checkpoint load failed (UnpicklingError); retrying weights_only=False for /data1/gushengda/eam-rl4co/baseline/epoch_135.ckpt
[2026-03-02 00:16:55,817] INFO:fitness.free_loss_fidelity: Loaded init checkpoint into policy: path=/data1/gushengda/eam-rl4co/baseline/epoch_135.ckpt prefix=policy. matched=97 missing=0 unexpected=0
[2026-03-02 00:16:55,823] INFO:fitness.free_loss_fidelity: RL4CO free-loss (step-mode): f1_steps=1000, f2_steps=0, total_steps=1000, train_problem_size=100, rollouts=100, batch_size=64, device=cuda:0, env=tsp
[2026-03-02 00:16:56,219] INFO:fitness.free_loss_fidelity: RL4CO free-loss step 1/1000: score=7.803347 (avg=7.803347), loss=0.675021 (avg=0.675021), pairs_step=315697, pairs_total=315697
[2026-03-02 00:17:31,088] INFO:fitness.free_loss_fidelity: RL4CO free-loss step 100/1000: score=7.759389 (avg=7.798620), loss=0.675745 (avg=0.674606), pairs_step=315697, pairs_total=31572901
[2026-03-02 00:18:06,273] INFO:fitness.free_loss_fidelity: RL4CO free-loss step 200/1000: score=7.808134 (avg=7.798438), loss=0.672579 (avg=0.674775), pairs_step=315635, pairs_total=63132397
[2026-03-02 00:18:38,469] INFO:fitness.free_loss_fidelity: RL4CO free-loss step 300/1000: score=7.814157 (avg=7.799043), loss=0.675899 (avg=0.674860), pairs_step=315813, pairs_total=94687350
[2026-03-02 00:19:09,679] INFO:fitness.free_loss_fidelity: RL4CO free-loss step 400/1000: score=7.825804 (avg=7.798621), loss=0.671787 (avg=0.674851), pairs_step=315263, pairs_total=126233642
[2026-03-02 00:19:40,921] INFO:fitness.free_loss_fidelity: RL4CO free-loss step 500/1000: score=7.777079 (avg=7.797862), loss=0.675040 (avg=0.674794), pairs_step=315750, pairs_total=157775385
[2026-03-02 00:20:12,137] INFO:fitness.free_loss_fidelity: RL4CO free-loss step 600/1000: score=7.758446 (avg=7.797126), loss=0.673534 (avg=0.674752), pairs_step=315269, pairs_total=189310072
[2026-03-02 00:20:43,532] INFO:fitness.free_loss_fidelity: RL4CO free-loss step 700/1000: score=7.807301 (avg=7.796785), loss=0.676462 (avg=0.674765), pairs_step=315114, pairs_total=220842615
[2026-03-02 00:21:14,740] INFO:fitness.free_loss_fidelity: RL4CO free-loss step 800/1000: score=7.788940 (avg=7.796728), loss=0.676808 (avg=0.674689), pairs_step=314978, pairs_total=252370085
[2026-03-02 00:21:45,930] INFO:fitness.free_loss_fidelity: RL4CO free-loss step 900/1000: score=7.833027 (avg=7.796399), loss=0.675168 (avg=0.674631), pairs_step=315460, pairs_total=283891538
[2026-03-02 00:22:17,102] INFO:fitness.free_loss_fidelity: RL4CO free-loss step 1000/1000: score=7.824833 (avg=7.795910), loss=0.675175 (avg=0.674567), pairs_step=315523, pairs_total=315406421
[2026-03-02 00:22:18,205] WARNING:fitness.free_loss_fidelity: weights_only checkpoint load failed (UnpicklingError); retrying weights_only=False for /data1/gushengda/eam-rl4co/baseline/epoch_409.ckpt
[2026-03-02 00:22:18,242] INFO:fitness.free_loss_fidelity: Loaded init checkpoint into policy: path=/data1/gushengda/eam-rl4co/baseline/epoch_409.ckpt prefix=policy. matched=97 missing=0 unexpected=0
[2026-03-02 00:22:18,247] INFO:fitness.free_loss_fidelity: RL4CO free-loss (step-mode): f1_steps=1000, f2_steps=0, total_steps=1000, train_problem_size=100, rollouts=100, batch_size=64, device=cuda:0, env=tsp
[2026-03-02 00:22:18,573] INFO:fitness.free_loss_fidelity: RL4CO free-loss step 1/1000: score=7.807477 (avg=7.807477), loss=0.219726 (avg=0.219726), pairs_step=315750, pairs_total=315750
[2026-03-02 00:22:49,480] INFO:fitness.free_loss_fidelity: RL4CO free-loss step 100/1000: score=7.758561 (avg=7.797799), loss=0.244898 (avg=0.216535), pairs_step=315757, pairs_total=31586075
[2026-03-02 00:23:20,862] INFO:fitness.free_loss_fidelity: RL4CO free-loss step 200/1000: score=7.810952 (avg=7.796998), loss=0.215927 (avg=0.219064), pairs_step=315292, pairs_total=63154317
[2026-03-02 00:23:52,048] INFO:fitness.free_loss_fidelity: RL4CO free-loss step 300/1000: score=7.802037 (avg=7.797179), loss=0.215831 (avg=0.218339), pairs_step=315600, pairs_total=94710876
[2026-03-02 00:24:23,237] INFO:fitness.free_loss_fidelity: RL4CO free-loss step 400/1000: score=7.819498 (avg=7.796601), loss=0.220763 (avg=0.218078), pairs_step=315110, pairs_total=126258737
[2026-03-02 00:24:54,436] INFO:fitness.free_loss_fidelity: RL4CO free-loss step 500/1000: score=7.768724 (avg=7.795332), loss=0.210816 (avg=0.216910), pairs_step=315554, pairs_total=157797131
[2026-03-02 00:25:25,589] INFO:fitness.free_loss_fidelity: RL4CO free-loss step 600/1000: score=7.752954 (avg=7.794491), loss=0.206081 (avg=0.215067), pairs_step=315280, pairs_total=189325913
[2026-03-02 00:25:56,564] INFO:fitness.free_loss_fidelity: RL4CO free-loss step 700/1000: score=7.803462 (avg=7.794100), loss=0.207272 (avg=0.213995), pairs_step=314631, pairs_total=220841062
[2026-03-02 00:26:27,675] INFO:fitness.free_loss_fidelity: RL4CO free-loss step 800/1000: score=7.790083 (avg=7.793846), loss=0.198437 (avg=0.212505), pairs_step=315460, pairs_total=252357453
[2026-03-02 00:26:58,822] INFO:fitness.free_loss_fidelity: RL4CO free-loss step 900/1000: score=7.827926 (avg=7.793378), loss=0.209377 (avg=0.211370), pairs_step=315313, pairs_total=283854982
[2026-03-02 00:27:30,109] INFO:fitness.free_loss_fidelity: RL4CO free-loss step 1000/1000: score=7.819550 (avg=7.792781), loss=0.222723 (avg=0.211269), pairs_step=314751, pairs_total=315338982
[2026-03-02 00:27:31,190] INFO:fitness.free_loss_fidelity: RL4CO free-loss (step-mode): f1_steps=1000, f2_steps=0, total_steps=1000, train_problem_size=100, rollouts=100, batch_size=64, device=cuda:0, env=tsp
[2026-03-02 00:27:31,504] INFO:fitness.free_loss_fidelity: RL4CO free-loss step 1/1000: score=42.316597 (avg=42.316597), loss=0.741065 (avg=0.741065), pairs_step=316800, pairs_total=316800
[2026-03-02 00:28:02,865] INFO:fitness.free_loss_fidelity: RL4CO free-loss step 100/1000: score=8.884253 (avg=10.268897), loss=0.580946 (avg=0.600447), pairs_step=316800, pairs_total=31679983
[2026-03-02 00:28:34,294] INFO:fitness.free_loss_fidelity: RL4CO free-loss step 200/1000: score=8.696050 (avg=9.522359), loss=0.602420 (avg=0.595738), pairs_step=316799, pairs_total=63359950
[2026-03-02 00:29:05,668] INFO:fitness.free_loss_fidelity: RL4CO free-loss step 300/1000: score=8.471016 (avg=9.196441), loss=0.613312 (avg=0.599102), pairs_step=316799, pairs_total=95039923
[2026-03-02 00:29:36,982] INFO:fitness.free_loss_fidelity: RL4CO free-loss step 400/1000: score=8.379614 (avg=8.999147), loss=0.615007 (avg=0.602526), pairs_step=316800, pairs_total=126719885
[2026-03-02 00:30:08,450] INFO:fitness.free_loss_fidelity: RL4CO free-loss step 500/1000: score=8.278753 (avg=8.864016), loss=0.624792 (avg=0.605507), pairs_step=316800, pairs_total=158399840
[2026-03-02 00:30:39,925] INFO:fitness.free_loss_fidelity: RL4CO free-loss step 600/1000: score=8.192922 (avg=8.764821), loss=0.619341 (avg=0.607813), pairs_step=316800, pairs_total=190079805
[2026-03-02 00:31:11,582] INFO:fitness.free_loss_fidelity: RL4CO free-loss step 700/1000: score=8.242313 (avg=8.688029), loss=0.622534 (avg=0.609610), pairs_step=316800, pairs_total=221759770
[2026-03-02 00:31:43,133] INFO:fitness.free_loss_fidelity: RL4CO free-loss step 800/1000: score=8.214538 (avg=8.627661), loss=0.625119 (avg=0.611073), pairs_step=316800, pairs_total=253439738
[2026-03-02 00:32:14,601] INFO:fitness.free_loss_fidelity: RL4CO free-loss step 900/1000: score=8.208235 (avg=8.578563), loss=0.625740 (avg=0.612349), pairs_step=316799, pairs_total=285119707
[2026-03-02 00:32:46,110] INFO:fitness.free_loss_fidelity: RL4CO free-loss step 1000/1000: score=8.184393 (avg=8.537264), loss=0.628685 (avg=0.613550), pairs_step=316799, pairs_total=316799665
[2026-03-02 00:32:47,216] WARNING:fitness.free_loss_fidelity: weights_only checkpoint load failed (UnpicklingError); retrying weights_only=False for /data1/gushengda/eam-rl4co/baseline/epoch_135.ckpt
[2026-03-02 00:32:47,253] INFO:fitness.free_loss_fidelity: Loaded init checkpoint into policy: path=/data1/gushengda/eam-rl4co/baseline/epoch_135.ckpt prefix=policy. matched=97 missing=0 unexpected=0
[2026-03-02 00:32:47,259] INFO:fitness.free_loss_fidelity: RL4CO free-loss (step-mode): f1_steps=1000, f2_steps=0, total_steps=1000, train_problem_size=100, rollouts=100, batch_size=64, device=cuda:0, env=tsp
[2026-03-02 00:32:47,624] INFO:fitness.free_loss_fidelity: RL4CO free-loss step 1/1000: score=7.803347 (avg=7.803347), loss=0.675021 (avg=0.675021), pairs_step=315697, pairs_total=315697
[2026-03-02 00:33:18,726] INFO:fitness.free_loss_fidelity: RL4CO free-loss step 100/1000: score=7.757197 (avg=7.798954), loss=0.672070 (avg=0.674874), pairs_step=315794, pairs_total=31575446
[2026-03-02 00:33:52,007] INFO:fitness.free_loss_fidelity: RL4CO free-loss step 200/1000: score=7.810193 (avg=7.798480), loss=0.675141 (avg=0.674913), pairs_step=315762, pairs_total=63137733
[2026-03-02 00:34:25,425] INFO:fitness.free_loss_fidelity: RL4CO free-loss step 300/1000: score=7.813149 (avg=7.799277), loss=0.674688 (avg=0.674816), pairs_step=315406, pairs_total=94693513
[2026-03-02 00:34:59,172] INFO:fitness.free_loss_fidelity: RL4CO free-loss step 400/1000: score=7.818412 (avg=7.798832), loss=0.671913 (avg=0.674687), pairs_step=315471, pairs_total=126243379
[2026-03-02 00:35:32,348] INFO:fitness.free_loss_fidelity: RL4CO free-loss step 500/1000: score=7.778443 (avg=7.797875), loss=0.674512 (avg=0.674665), pairs_step=315766, pairs_total=157785317
[2026-03-02 00:36:05,759] INFO:fitness.free_loss_fidelity: RL4CO free-loss step 600/1000: score=7.758013 (avg=7.797157), loss=0.676018 (avg=0.674648), pairs_step=315240, pairs_total=189317330
[2026-03-02 00:36:39,004] INFO:fitness.free_loss_fidelity: RL4CO free-loss step 700/1000: score=7.808120 (avg=7.796978), loss=0.673620 (avg=0.674616), pairs_step=314814, pairs_total=220844796
[2026-03-02 00:37:12,338] INFO:fitness.free_loss_fidelity: RL4CO free-loss step 800/1000: score=7.796478 (avg=7.796848), loss=0.677540 (avg=0.674572), pairs_step=315324, pairs_total=252371746
[2026-03-02 00:37:45,708] INFO:fitness.free_loss_fidelity: RL4CO free-loss step 900/1000: score=7.827669 (avg=7.796530), loss=0.676104 (avg=0.674550), pairs_step=315100, pairs_total=283886912
[2026-03-02 00:38:18,998] INFO:fitness.free_loss_fidelity: RL4CO free-loss step 1000/1000: score=7.821534 (avg=7.796031), loss=0.673614 (avg=0.674550), pairs_step=315465, pairs_total=315392814
[2026-03-02 00:38:20,098] WARNING:fitness.free_loss_fidelity: weights_only checkpoint load failed (UnpicklingError); retrying weights_only=False for /data1/gushengda/eam-rl4co/baseline/epoch_409.ckpt
[2026-03-02 00:38:20,135] INFO:fitness.free_loss_fidelity: Loaded init checkpoint into policy: path=/data1/gushengda/eam-rl4co/baseline/epoch_409.ckpt prefix=policy. matched=97 missing=0 unexpected=0
[2026-03-02 00:38:20,141] INFO:fitness.free_loss_fidelity: RL4CO free-loss (step-mode): f1_steps=1000, f2_steps=0, total_steps=1000, train_problem_size=100, rollouts=100, batch_size=64, device=cuda:0, env=tsp
[2026-03-02 00:38:20,489] INFO:fitness.free_loss_fidelity: RL4CO free-loss step 1/1000: score=7.807477 (avg=7.807477), loss=0.219726 (avg=0.219726), pairs_step=315750, pairs_total=315750
[2026-03-02 00:38:53,636] INFO:fitness.free_loss_fidelity: RL4CO free-loss step 100/1000: score=7.754140 (avg=7.798181), loss=0.232773 (avg=0.214801), pairs_step=315695, pairs_total=31586179
[2026-03-02 00:39:26,985] INFO:fitness.free_loss_fidelity: RL4CO free-loss step 200/1000: score=7.813266 (avg=7.796772), loss=0.194634 (avg=0.213646), pairs_step=315463, pairs_total=63161064
[2026-03-02 00:40:00,327] INFO:fitness.free_loss_fidelity: RL4CO free-loss step 300/1000: score=7.804688 (avg=7.797267), loss=0.193976 (avg=0.210416), pairs_step=315711, pairs_total=94733937
[2026-03-02 00:40:33,658] INFO:fitness.free_loss_fidelity: RL4CO free-loss step 400/1000: score=7.819159 (avg=7.796876), loss=0.218330 (avg=0.208643), pairs_step=315692, pairs_total=126293387
[2026-03-02 00:41:07,062] INFO:fitness.free_loss_fidelity: RL4CO free-loss step 500/1000: score=7.771430 (avg=7.795800), loss=0.219195 (avg=0.209119), pairs_step=315877, pairs_total=157851795
[2026-03-02 00:41:40,416] INFO:fitness.free_loss_fidelity: RL4CO free-loss step 600/1000: score=7.752852 (avg=7.794887), loss=0.193686 (avg=0.208638), pairs_step=315630, pairs_total=189400014
[2026-03-02 00:42:13,751] INFO:fitness.free_loss_fidelity: RL4CO free-loss step 700/1000: score=7.804657 (avg=7.794529), loss=0.205964 (avg=0.207783), pairs_step=315175, pairs_total=220938400
[2026-03-02 00:42:47,082] INFO:fitness.free_loss_fidelity: RL4CO free-loss step 800/1000: score=7.788311 (avg=7.794346), loss=0.216590 (avg=0.207718), pairs_step=315801, pairs_total=252461461
[2026-03-02 00:43:20,427] INFO:fitness.free_loss_fidelity: RL4CO free-loss step 900/1000: score=7.832320 (avg=7.793795), loss=0.202795 (avg=0.207383), pairs_step=315438, pairs_total=283975097
[2026-03-02 00:43:53,782] INFO:fitness.free_loss_fidelity: RL4CO free-loss step 1000/1000: score=7.815709 (avg=7.793222), loss=0.210300 (avg=0.207071), pairs_step=314755, pairs_total=315480236
[2026-03-02 00:43:54,855] INFO:fitness.free_loss_fidelity: RL4CO free-loss (step-mode): f1_steps=1000, f2_steps=0, total_steps=1000, train_problem_size=100, rollouts=100, batch_size=64, device=cuda:0, env=tsp
[2026-03-02 00:43:55,195] INFO:fitness.free_loss_fidelity: RL4CO free-loss step 1/1000: score=51.603012 (avg=51.603012), loss=0.684346 (avg=0.684346), pairs_step=316800, pairs_total=316800
[2026-03-02 00:44:28,441] INFO:fitness.free_loss_fidelity: RL4CO free-loss step 100/1000: score=8.933140 (avg=10.739344), loss=0.574809 (avg=0.596818), pairs_step=316800, pairs_total=31679979
[2026-03-02 00:45:01,775] INFO:fitness.free_loss_fidelity: RL4CO free-loss step 200/1000: score=8.634620 (avg=9.744661), loss=0.604033 (avg=0.595663), pairs_step=316800, pairs_total=63359952
[2026-03-02 00:45:35,111] INFO:fitness.free_loss_fidelity: RL4CO free-loss step 300/1000: score=8.435819 (avg=9.333625), loss=0.602147 (avg=0.598233), pairs_step=316800, pairs_total=95039920
[2026-03-02 00:46:08,446] INFO:fitness.free_loss_fidelity: RL4CO free-loss step 400/1000: score=8.373631 (avg=9.098434), loss=0.611364 (avg=0.600980), pairs_step=316800, pairs_total=126719895
[2026-03-02 00:46:42,051] INFO:fitness.free_loss_fidelity: RL4CO free-loss step 500/1000: score=8.271233 (avg=8.940984), loss=0.621638 (avg=0.603811), pairs_step=316799, pairs_total=158399865
[2026-03-02 00:47:16,646] INFO:fitness.free_loss_fidelity: RL4CO free-loss step 600/1000: score=8.220543 (avg=8.827904), loss=0.618824 (avg=0.606256), pairs_step=316799, pairs_total=190079827
[2026-03-02 00:47:50,118] INFO:fitness.free_loss_fidelity: RL4CO free-loss step 700/1000: score=8.220143 (avg=8.742691), loss=0.620228 (avg=0.608322), pairs_step=316799, pairs_total=221759790
[2026-03-02 00:48:23,637] INFO:fitness.free_loss_fidelity: RL4CO free-loss step 800/1000: score=8.201904 (avg=8.675776), loss=0.623457 (avg=0.609996), pairs_step=316800, pairs_total=253439750
[2026-03-02 00:48:56,751] INFO:fitness.free_loss_fidelity: RL4CO free-loss step 900/1000: score=8.225931 (avg=8.622183), loss=0.623489 (avg=0.611468), pairs_step=316800, pairs_total=285119710
[2026-03-02 00:49:28,167] INFO:fitness.free_loss_fidelity: RL4CO free-loss step 1000/1000: score=8.188133 (avg=8.577335), loss=0.628188 (avg=0.612793), pairs_step=316800, pairs_total=316799675
[2026-03-02 00:49:29,272] WARNING:fitness.free_loss_fidelity: weights_only checkpoint load failed (UnpicklingError); retrying weights_only=False for /data1/gushengda/eam-rl4co/baseline/epoch_135.ckpt
[2026-03-02 00:49:29,309] INFO:fitness.free_loss_fidelity: Loaded init checkpoint into policy: path=/data1/gushengda/eam-rl4co/baseline/epoch_135.ckpt prefix=policy. matched=97 missing=0 unexpected=0
[2026-03-02 00:49:29,314] INFO:fitness.free_loss_fidelity: RL4CO free-loss (step-mode): f1_steps=1000, f2_steps=0, total_steps=1000, train_problem_size=100, rollouts=100, batch_size=64, device=cuda:0, env=tsp
[2026-03-02 00:49:29,639] INFO:fitness.free_loss_fidelity: RL4CO free-loss step 1/1000: score=7.803347 (avg=7.803347), loss=0.675021 (avg=0.675021), pairs_step=315697, pairs_total=315697
[2026-03-02 00:50:00,629] INFO:fitness.free_loss_fidelity: RL4CO free-loss step 100/1000: score=7.755940 (avg=7.798035), loss=0.675070 (avg=0.674237), pairs_step=315601, pairs_total=31574917
[2026-03-02 00:50:31,880] INFO:fitness.free_loss_fidelity: RL4CO free-loss step 200/1000: score=7.810171 (avg=7.797961), loss=0.673184 (avg=0.674478), pairs_step=315731, pairs_total=63137343
[2026-03-02 00:51:03,001] INFO:fitness.free_loss_fidelity: RL4CO free-loss step 300/1000: score=7.809909 (avg=7.798876), loss=0.675895 (avg=0.674692), pairs_step=315592, pairs_total=94695670
[2026-03-02 00:51:34,118] INFO:fitness.free_loss_fidelity: RL4CO free-loss step 400/1000: score=7.815652 (avg=7.798486), loss=0.673728 (avg=0.674725), pairs_step=315269, pairs_total=126247153
[2026-03-02 00:52:05,439] INFO:fitness.free_loss_fidelity: RL4CO free-loss step 500/1000: score=7.774880 (avg=7.797494), loss=0.675124 (avg=0.674735), pairs_step=315472, pairs_total=157792386
[2026-03-02 00:52:36,521] INFO:fitness.free_loss_fidelity: RL4CO free-loss step 600/1000: score=7.757524 (avg=7.796846), loss=0.673596 (avg=0.674736), pairs_step=315591, pairs_total=189329801
[2026-03-02 00:53:07,614] INFO:fitness.free_loss_fidelity: RL4CO free-loss step 700/1000: score=7.808975 (avg=7.796717), loss=0.675050 (avg=0.674750), pairs_step=314931, pairs_total=220860232
[2026-03-02 00:53:38,614] INFO:fitness.free_loss_fidelity: RL4CO free-loss step 800/1000: score=7.792112 (avg=7.796659), loss=0.676975 (avg=0.674795), pairs_step=315431, pairs_total=252389176
[2026-03-02 00:54:09,668] INFO:fitness.free_loss_fidelity: RL4CO free-loss step 900/1000: score=7.828654 (avg=7.796342), loss=0.676605 (avg=0.674812), pairs_step=315220, pairs_total=283908045
[2026-03-02 00:54:40,879] INFO:fitness.free_loss_fidelity: RL4CO free-loss step 1000/1000: score=7.822450 (avg=7.795978), loss=0.676389 (avg=0.674815), pairs_step=315230, pairs_total=315423271
[2026-03-02 00:54:41,978] WARNING:fitness.free_loss_fidelity: weights_only checkpoint load failed (UnpicklingError); retrying weights_only=False for /data1/gushengda/eam-rl4co/baseline/epoch_409.ckpt
[2026-03-02 00:54:42,014] INFO:fitness.free_loss_fidelity: Loaded init checkpoint into policy: path=/data1/gushengda/eam-rl4co/baseline/epoch_409.ckpt prefix=policy. matched=97 missing=0 unexpected=0
[2026-03-02 00:54:42,020] INFO:fitness.free_loss_fidelity: RL4CO free-loss (step-mode): f1_steps=1000, f2_steps=0, total_steps=1000, train_problem_size=100, rollouts=100, batch_size=64, device=cuda:0, env=tsp
[2026-03-02 00:54:42,337] INFO:fitness.free_loss_fidelity: RL4CO free-loss step 1/1000: score=7.807477 (avg=7.807477), loss=0.219726 (avg=0.219726), pairs_step=315750, pairs_total=315750
[2026-03-02 00:55:13,061] INFO:fitness.free_loss_fidelity: RL4CO free-loss step 100/1000: score=7.759391 (avg=7.798383), loss=0.225932 (avg=0.210033), pairs_step=315952, pairs_total=31586634
[2026-03-02 00:55:44,097] INFO:fitness.free_loss_fidelity: RL4CO free-loss step 200/1000: score=7.809774 (avg=7.797363), loss=0.199479 (avg=0.210956), pairs_step=314849, pairs_total=63160906
[2026-03-02 00:56:15,146] INFO:fitness.free_loss_fidelity: RL4CO free-loss step 300/1000: score=7.807986 (avg=7.797920), loss=0.203953 (avg=0.208787), pairs_step=315560, pairs_total=94729096
[2026-03-02 00:56:46,186] INFO:fitness.free_loss_fidelity: RL4CO free-loss step 400/1000: score=7.819576 (avg=7.797509), loss=0.218973 (avg=0.208943), pairs_step=315512, pairs_total=126282143
[2026-03-02 00:57:17,420] INFO:fitness.free_loss_fidelity: RL4CO free-loss step 500/1000: score=7.772761 (avg=7.796302), loss=0.210920 (avg=0.209405), pairs_step=315448, pairs_total=157826414
[2026-03-02 00:57:48,436] INFO:fitness.free_loss_fidelity: RL4CO free-loss step 600/1000: score=7.751738 (avg=7.795541), loss=0.197652 (avg=0.209375), pairs_step=314798, pairs_total=189358840
[2026-03-02 00:58:19,446] INFO:fitness.free_loss_fidelity: RL4CO free-loss step 700/1000: score=7.802272 (avg=7.795129), loss=0.208863 (avg=0.209342), pairs_step=314552, pairs_total=220883263
[2026-03-02 00:58:50,554] INFO:fitness.free_loss_fidelity: RL4CO free-loss step 800/1000: score=7.786291 (avg=7.794840), loss=0.215245 (avg=0.209873), pairs_step=315432, pairs_total=252395695
[2026-03-02 00:59:21,688] INFO:fitness.free_loss_fidelity: RL4CO free-loss step 900/1000: score=7.829057 (avg=7.794286), loss=0.211951 (avg=0.210292), pairs_step=315084, pairs_total=283904950
[2026-03-02 00:59:52,777] INFO:fitness.free_loss_fidelity: RL4CO free-loss step 1000/1000: score=7.816020 (avg=7.793638), loss=0.211906 (avg=0.210267), pairs_step=315364, pairs_total=315409523
[2026-03-02 00:59:53,849] INFO:fitness.free_loss_fidelity: RL4CO free-loss (step-mode): f1_steps=1000, f2_steps=0, total_steps=1000, train_problem_size=100, rollouts=100, batch_size=64, device=cuda:0, env=tsp
[2026-03-02 00:59:54,167] INFO:fitness.free_loss_fidelity: RL4CO free-loss step 1/1000: score=59.459278 (avg=59.459278), loss=0.736777 (avg=0.736777), pairs_step=316797, pairs_total=316797
[2026-03-02 01:00:25,002] INFO:fitness.free_loss_fidelity: RL4CO free-loss step 100/1000: score=8.891339 (avg=10.648299), loss=0.584290 (avg=0.602276), pairs_step=316799, pairs_total=31679972
[2026-03-02 01:00:56,154] INFO:fitness.free_loss_fidelity: RL4CO free-loss step 200/1000: score=8.654369 (avg=9.706309), loss=0.602870 (avg=0.598543), pairs_step=316800, pairs_total=63359940
[2026-03-02 01:01:27,296] INFO:fitness.free_loss_fidelity: RL4CO free-loss step 300/1000: score=8.401682 (avg=9.312021), loss=0.613187 (avg=0.601396), pairs_step=316800, pairs_total=95039912
[2026-03-02 01:01:58,527] INFO:fitness.free_loss_fidelity: RL4CO free-loss step 400/1000: score=8.334740 (avg=9.078048), loss=0.621513 (avg=0.604790), pairs_step=316800, pairs_total=126719880
[2026-03-02 01:02:29,896] INFO:fitness.free_loss_fidelity: RL4CO free-loss step 500/1000: score=8.257247 (avg=8.924195), loss=0.617854 (avg=0.607692), pairs_step=316800, pairs_total=158399842
[2026-03-02 01:03:01,089] INFO:fitness.free_loss_fidelity: RL4CO free-loss step 600/1000: score=8.209902 (avg=8.813308), loss=0.621662 (avg=0.609903), pairs_step=316800, pairs_total=190079812
[2026-03-02 01:03:32,210] INFO:fitness.free_loss_fidelity: RL4CO free-loss step 700/1000: score=8.237247 (avg=8.729697), loss=0.624346 (avg=0.611739), pairs_step=316800, pairs_total=221759783
[2026-03-02 01:04:03,446] INFO:fitness.free_loss_fidelity: RL4CO free-loss step 800/1000: score=8.201548 (avg=8.664399), loss=0.624776 (avg=0.613290), pairs_step=316800, pairs_total=253439735
[2026-03-02 01:04:34,798] INFO:fitness.free_loss_fidelity: RL4CO free-loss step 900/1000: score=8.224734 (avg=8.611604), loss=0.632983 (avg=0.614664), pairs_step=316799, pairs_total=285119703
[2026-03-02 01:05:06,333] INFO:fitness.free_loss_fidelity: RL4CO free-loss step 1000/1000: score=8.204779 (avg=8.567652), loss=0.628825 (avg=0.615878), pairs_step=316799, pairs_total=316799655
[2026-03-02 01:05:07,438] WARNING:fitness.free_loss_fidelity: weights_only checkpoint load failed (UnpicklingError); retrying weights_only=False for /data1/gushengda/eam-rl4co/baseline/epoch_135.ckpt
[2026-03-02 01:05:07,475] INFO:fitness.free_loss_fidelity: Loaded init checkpoint into policy: path=/data1/gushengda/eam-rl4co/baseline/epoch_135.ckpt prefix=policy. matched=97 missing=0 unexpected=0
[2026-03-02 01:05:07,480] INFO:fitness.free_loss_fidelity: RL4CO free-loss (step-mode): f1_steps=1000, f2_steps=0, total_steps=1000, train_problem_size=100, rollouts=100, batch_size=64, device=cuda:0, env=tsp
[2026-03-02 01:05:07,828] INFO:fitness.free_loss_fidelity: RL4CO free-loss step 1/1000: score=7.803347 (avg=7.803347), loss=0.675021 (avg=0.675021), pairs_step=315697, pairs_total=315697
[2026-03-02 01:05:38,896] INFO:fitness.free_loss_fidelity: RL4CO free-loss step 100/1000: score=7.756850 (avg=7.798766), loss=0.674111 (avg=0.674634), pairs_step=315839, pairs_total=31573964
[2026-03-02 01:06:10,257] INFO:fitness.free_loss_fidelity: RL4CO free-loss step 200/1000: score=7.810203 (avg=7.798441), loss=0.673046 (avg=0.674849), pairs_step=315827, pairs_total=63135874
[2026-03-02 01:06:41,634] INFO:fitness.free_loss_fidelity: RL4CO free-loss step 300/1000: score=7.811309 (avg=7.799149), loss=0.676393 (avg=0.674809), pairs_step=315496, pairs_total=94695917
[2026-03-02 01:07:13,012] INFO:fitness.free_loss_fidelity: RL4CO free-loss step 400/1000: score=7.817537 (avg=7.798929), loss=0.672414 (avg=0.674743), pairs_step=315446, pairs_total=126246172
[2026-03-02 01:07:44,606] INFO:fitness.free_loss_fidelity: RL4CO free-loss step 500/1000: score=7.778439 (avg=7.797889), loss=0.675783 (avg=0.674665), pairs_step=314975, pairs_total=157788179
[2026-03-02 01:08:16,017] INFO:fitness.free_loss_fidelity: RL4CO free-loss step 600/1000: score=7.760677 (avg=7.797209), loss=0.674355 (avg=0.674657), pairs_step=315630, pairs_total=189325389
[2026-03-02 01:08:47,416] INFO:fitness.free_loss_fidelity: RL4CO free-loss step 700/1000: score=7.807901 (avg=7.797009), loss=0.675387 (avg=0.674647), pairs_step=314604, pairs_total=220848409
[2026-03-02 01:09:18,813] INFO:fitness.free_loss_fidelity: RL4CO free-loss step 800/1000: score=7.801247 (avg=7.796868), loss=0.673828 (avg=0.674599), pairs_step=314946, pairs_total=252372231
[2026-03-02 01:09:50,222] INFO:fitness.free_loss_fidelity: RL4CO free-loss step 900/1000: score=7.828578 (avg=7.796492), loss=0.674809 (avg=0.674552), pairs_step=315504, pairs_total=283893852
[2026-03-02 01:10:21,615] INFO:fitness.free_loss_fidelity: RL4CO free-loss step 1000/1000: score=7.818078 (avg=7.795962), loss=0.673789 (avg=0.674565), pairs_step=315359, pairs_total=315405346
[2026-03-02 01:10:22,724] WARNING:fitness.free_loss_fidelity: weights_only checkpoint load failed (UnpicklingError); retrying weights_only=False for /data1/gushengda/eam-rl4co/baseline/epoch_409.ckpt
[2026-03-02 01:10:22,762] INFO:fitness.free_loss_fidelity: Loaded init checkpoint into policy: path=/data1/gushengda/eam-rl4co/baseline/epoch_409.ckpt prefix=policy. matched=97 missing=0 unexpected=0
[2026-03-02 01:10:22,767] INFO:fitness.free_loss_fidelity: RL4CO free-loss (step-mode): f1_steps=1000, f2_steps=0, total_steps=1000, train_problem_size=100, rollouts=100, batch_size=64, device=cuda:0, env=tsp
[2026-03-02 01:10:23,086] INFO:fitness.free_loss_fidelity: RL4CO free-loss step 1/1000: score=7.807477 (avg=7.807477), loss=0.219726 (avg=0.219726), pairs_step=315750, pairs_total=315750
[2026-03-02 01:10:54,156] INFO:fitness.free_loss_fidelity: RL4CO free-loss step 100/1000: score=7.757247 (avg=7.798314), loss=0.225555 (avg=0.210672), pairs_step=316076, pairs_total=31585600
[2026-03-02 01:11:25,607] INFO:fitness.free_loss_fidelity: RL4CO free-loss step 200/1000: score=7.814674 (avg=7.796882), loss=0.208932 (avg=0.210797), pairs_step=315540, pairs_total=63160626
[2026-03-02 01:11:57,207] INFO:fitness.free_loss_fidelity: RL4CO free-loss step 300/1000: score=7.800350 (avg=7.797255), loss=0.209031 (avg=0.210252), pairs_step=315604, pairs_total=94723068
[2026-03-02 01:12:31,085] INFO:fitness.free_loss_fidelity: RL4CO free-loss step 400/1000: score=7.816476 (avg=7.796856), loss=0.207213 (avg=0.211630), pairs_step=315259, pairs_total=126273203
[2026-03-02 01:13:04,758] INFO:fitness.free_loss_fidelity: RL4CO free-loss step 500/1000: score=7.772770 (avg=7.795766), loss=0.214822 (avg=0.212142), pairs_step=315640, pairs_total=157809539
[2026-03-02 01:13:38,344] INFO:fitness.free_loss_fidelity: RL4CO free-loss step 600/1000: score=7.751676 (avg=7.794932), loss=0.211908 (avg=0.212025), pairs_step=315219, pairs_total=189344261
[2026-03-02 01:14:12,008] INFO:fitness.free_loss_fidelity: RL4CO free-loss step 700/1000: score=7.807643 (avg=7.794583), loss=0.201222 (avg=0.211036), pairs_step=314879, pairs_total=220872845
[2026-03-02 01:14:45,633] INFO:fitness.free_loss_fidelity: RL4CO free-loss step 800/1000: score=7.785965 (avg=7.794397), loss=0.200134 (avg=0.210278), pairs_step=315219, pairs_total=252391012
[2026-03-02 01:15:19,015] INFO:fitness.free_loss_fidelity: RL4CO free-loss step 900/1000: score=7.830453 (avg=7.793846), loss=0.211193 (avg=0.209954), pairs_step=315294, pairs_total=283895559
[2026-03-02 01:15:52,683] INFO:fitness.free_loss_fidelity: RL4CO free-loss step 1000/1000: score=7.824705 (avg=7.793217), loss=0.216207 (avg=0.210170), pairs_step=314492, pairs_total=315393343
[2026-03-02 01:15:53,745] INFO:ptp_discovery.pref_loss_coevo: improve_eps calibrated: sigma_delta=0.0015578686553453362 improve_eps=0.0031157373106906723 fidelity=K1000 N=8
[2026-03-02 01:15:53,745] INFO:ptp_discovery.pref_loss_coevo: Alternating schedule enabled: loss_generations=10 builder_generations=10 rounds=1
[2026-03-02 01:15:53,746] INFO:ptp_discovery.pref_loss_coevo: LLM cache stats: {'offline_mode': False, 'cache_path': 'runs/pref_loss_alternating_simple/20260301-230657/llm_cache.jsonl', 'cache_entries': 0, 'cache_hits': 0, 'cache_misses': 0}
[2026-03-02 01:15:53,746] INFO:ptp_discovery.pref_loss_coevo: Initialized incumbent from baseline: score=inf pair=(g_ref,f_ref) stage=baseline gen=-1
[2026-03-02 01:15:53,746] INFO:ptp_discovery.pref_loss_coevo: Baseline incumbent uses sentinel score (no external baseline_early_valid); will calibrate with evaluated (g_ref,f_ref) when rollout caches are available.
[2026-03-02 01:15:53,746] INFO:ptp_discovery.pref_loss_coevo: Alternating LLM gating gen=0 phase=loss llm_enabled(builder=False,loss=True)
[2026-03-02 01:15:53,747] INFO:ptp_discovery.pref_loss_coevo: === alternating generation 0/19 ===
[2026-03-02 01:15:53,747] INFO:ptp_discovery.pref_loss_coevo: EVAL_STAGES enabled: stage0_gate=1 stage1_proxy=0 stage2_micro_unroll=0 stage3_high_fidelity=1
[2026-03-02 01:15:53,747] INFO:ptp_discovery.pref_loss_coevo: INCUMBENT best_score=inf best_pair=(g_ref,f_ref) best_stage=baseline metric_mode=minimize improve_eps=0.0031157373106906723
[2026-03-02 01:15:53,748] INFO:ptp_discovery.pref_loss_coevo: Gen 0 start: caches(rollout=0 pref=0 pair=0) cuda(cuda:0(alloc=0.05G,resv=7.67G) cuda:1(alloc=0.00G,resv=0.00G) cuda:2(alloc=0.00G,resv=0.00G) cuda:3(alloc=0.00G,resv=0.00G))
[2026-03-02 01:15:53,748] INFO:ptp_discovery.pref_loss_coevo: Gen 0 prompt context sizes: best_builder_summary.code=0 chars best_loss_summary.code=0 chars
[2026-03-02 01:15:53,748] INFO:ptp_discovery.pref_loss_coevo: Loss exploration schedule gen=0: stagnation=0 trigger=3 explore_mode=False avoid_families=[]
[2026-03-02 01:19:17,911] WARNING:ptp_discovery.pref_loss_coevo: Population fill shortfall at gen=0: proposed_g=0/12 proposed_f=12/12 (seen_g=0 seen_f=12)
[2026-03-02 01:19:17,928] INFO:ptp_discovery.pref_loss_coevo: Gen 0 LLM ops: builders={} (repairs=0) losses={'LOSS_PARADIGM_SHIFT': 4, 'LOSS_STRUCTURE_SHIFT': 3, 'E1_GENERATE': 1, 'M2': 1, 'REPAIR': 2, 'M3': 2, 'E1': 1, 'LOSS_CONSTRAINT_INJECT': 2} (repairs=2) cache={'offline_mode': False, 'cache_path': 'runs/pref_loss_alternating_simple/20260301-230657/llm_cache.jsonl', 'cache_entries': 17, 'cache_hits': 0, 'cache_misses': 17}
[2026-03-02 01:19:17,929] INFO:ptp_discovery.pref_loss_coevo: Gen 0 proxy rollouts skipped: stage1_proxy=0 and stage2_micro_unroll=0
[2026-03-02 01:19:17,939] INFO:ptp_discovery.pref_loss_coevo: Alternating block status: round=0 cycle_pos=0/20 budgets(loss=128,builder=0)
[2026-03-02 01:19:17,941] INFO:ptp_discovery.pref_loss_coevo: Alternating fixed candidates resolved: fixed_g=g_ref fixed_f=f_ref
[2026-03-02 01:19:17,941] INFO:ptp_discovery.pref_loss_coevo: Alternating phase=loss fixed_g=g_ref budget=128
[2026-03-02 01:19:17,941] INFO:ptp_discovery.pref_loss_coevo: EVAL_STAGES enabled: stage0_gate=1 stage1_proxy=0 stage2_micro_unroll=0 stage3_high_fidelity=1
[2026-03-02 01:19:17,941] INFO:ptp_discovery.pref_loss_coevo: Alternating phase=builder fixed_f=f_ref budget=0
[2026-03-02 01:19:17,941] INFO:ptp_discovery.pref_loss_coevo: EVAL_STAGES enabled: stage0_gate=1 stage1_proxy=0 stage2_micro_unroll=0 stage3_high_fidelity=1
[2026-03-02 01:19:17,941] INFO:ptp_discovery.pref_loss_coevo: Gate-only eval (proxy disabled) gen=0: pairs=12 cheap_gate_on=True
[2026-03-02 01:19:17,962] INFO:ptp_discovery.pref_loss_coevo: Gate-only progress gen=0: 1/12 caches(rollout=0 pref=0 pair=1)
[2026-03-02 01:19:18,006] INFO:ptp_discovery.pref_loss_coevo: Gate-only progress gen=0: 10/12 caches(rollout=0 pref=0 pair=10)
[2026-03-02 01:19:18,012] INFO:ptp_discovery.pref_loss_coevo: Gate-only progress gen=0: 12/12 caches(rollout=0 pref=0 pair=12)
[2026-03-02 01:19:18,012] INFO:ptp_discovery.pref_loss_coevo: Gate-only eval done gen=0: pairs=12 elapsed_s=0.1 caches(rollout=0 pref=0 pair=12)
[2026-03-02 01:19:18,012] INFO:ptp_discovery.pref_loss_coevo: HF selection gen=0: eligible=3 selected=3 (top_m=999999 ignored)
[2026-03-02 01:19:18,013] INFO:ptp_discovery.pref_loss_coevo: HF device assignment gen=0: {'cuda:0': 1, 'cuda:1': 1, 'cuda:2': 1}
[2026-03-02 01:19:18,013] INFO:ptp_discovery.pref_loss_coevo: HF eval gen=0: tasks=3 mp=True procs=4
[2026-03-02 01:19:18,013] INFO:ptp_discovery.pref_loss_coevo: High-fidelity via pinned mp: start_method=spawn processes=3 tasks=3
/data1/gushengda/eam-rl4co/PTP/fitness/free_loss_fidelity.py:51: FutureWarning: You are using `torch.load` with `weights_only=False` (the current default value), which uses the default pickle module implicitly. It is possible to construct malicious pickle data which will execute arbitrary code during unpickling (See https://github.com/pytorch/pytorch/blob/main/SECURITY.md#untrusted-models for more details). In a future release, the default value for `weights_only` will be flipped to `True`. This limits the functions that could be executed during unpickling. Arbitrary objects will no longer be allowed to be loaded via this mode unless they are explicitly allowlisted by the user via `torch.serialization.add_safe_globals`. We recommend you start setting `weights_only=True` for any use case where you don't have full control of the loaded file. Please open an issue on GitHub for any issues related to this experimental feature.
  obj = torch.load(p, map_location="cpu")
/data1/gushengda/eam-rl4co/PTP/fitness/free_loss_fidelity.py:51: FutureWarning: You are using `torch.load` with `weights_only=False` (the current default value), which uses the default pickle module implicitly. It is possible to construct malicious pickle data which will execute arbitrary code during unpickling (See https://github.com/pytorch/pytorch/blob/main/SECURITY.md#untrusted-models for more details). In a future release, the default value for `weights_only` will be flipped to `True`. This limits the functions that could be executed during unpickling. Arbitrary objects will no longer be allowed to be loaded via this mode unless they are explicitly allowlisted by the user via `torch.serialization.add_safe_globals`. We recommend you start setting `weights_only=True` for any use case where you don't have full control of the loaded file. Please open an issue on GitHub for any issues related to this experimental feature.
  obj = torch.load(p, map_location="cpu")
/data1/gushengda/eam-rl4co/PTP/fitness/free_loss_fidelity.py:51: FutureWarning: You are using `torch.load` with `weights_only=False` (the current default value), which uses the default pickle module implicitly. It is possible to construct malicious pickle data which will execute arbitrary code during unpickling (See https://github.com/pytorch/pytorch/blob/main/SECURITY.md#untrusted-models for more details). In a future release, the default value for `weights_only` will be flipped to `True`. This limits the functions that could be executed during unpickling. Arbitrary objects will no longer be allowed to be loaded via this mode unless they are explicitly allowlisted by the user via `torch.serialization.add_safe_globals`. We recommend you start setting `weights_only=True` for any use case where you don't have full control of the loaded file. Please open an issue on GitHub for any issues related to this experimental feature.
  obj = torch.load(p, map_location="cpu")
/data1/gushengda/eam-rl4co/PTP/fitness/free_loss_fidelity.py:435: FutureWarning: You are using `torch.load` with `weights_only=False` (the current default value), which uses the default pickle module implicitly. It is possible to construct malicious pickle data which will execute arbitrary code during unpickling (See https://github.com/pytorch/pytorch/blob/main/SECURITY.md#untrusted-models for more details). In a future release, the default value for `weights_only` will be flipped to `True`. This limits the functions that could be executed during unpickling. Arbitrary objects will no longer be allowed to be loaded via this mode unless they are explicitly allowlisted by the user via `torch.serialization.add_safe_globals`. We recommend you start setting `weights_only=True` for any use case where you don't have full control of the loaded file. Please open an issue on GitHub for any issues related to this experimental feature.
  ckpt = torch.load(ckpt_path, map_location="cpu")
/data1/gushengda/eam-rl4co/PTP/fitness/free_loss_fidelity.py:435: FutureWarning: You are using `torch.load` with `weights_only=False` (the current default value), which uses the default pickle module implicitly. It is possible to construct malicious pickle data which will execute arbitrary code during unpickling (See https://github.com/pytorch/pytorch/blob/main/SECURITY.md#untrusted-models for more details). In a future release, the default value for `weights_only` will be flipped to `True`. This limits the functions that could be executed during unpickling. Arbitrary objects will no longer be allowed to be loaded via this mode unless they are explicitly allowlisted by the user via `torch.serialization.add_safe_globals`. We recommend you start setting `weights_only=True` for any use case where you don't have full control of the loaded file. Please open an issue on GitHub for any issues related to this experimental feature.
  ckpt = torch.load(ckpt_path, map_location="cpu")
/data1/gushengda/eam-rl4co/PTP/fitness/free_loss_fidelity.py:435: FutureWarning: You are using `torch.load` with `weights_only=False` (the current default value), which uses the default pickle module implicitly. It is possible to construct malicious pickle data which will execute arbitrary code during unpickling (See https://github.com/pytorch/pytorch/blob/main/SECURITY.md#untrusted-models for more details). In a future release, the default value for `weights_only` will be flipped to `True`. This limits the functions that could be executed during unpickling. Arbitrary objects will no longer be allowed to be loaded via this mode unless they are explicitly allowlisted by the user via `torch.serialization.add_safe_globals`. We recommend you start setting `weights_only=True` for any use case where you don't have full control of the loaded file. Please open an issue on GitHub for any issues related to this experimental feature.
  ckpt = torch.load(ckpt_path, map_location="cpu")
[2026-03-02 01:23:01,681] INFO:ptp_discovery.pref_loss_coevo: HF vs incumbent gen=0: better=3 worse=0 unknown=0 (ok=3 failed=0) ref=inf threshold=inf
[2026-03-02 01:23:01,682] INFO:ptp_discovery.pref_loss_coevo: HF MF promote gen=0: K200 -> K1000 next_pool=3 (from=3) top_m=32 promote_if_better=True include_incumbent=True
[2026-03-02 01:23:01,684] INFO:ptp_discovery.pref_loss_coevo: HF MF round gen=0: K1000 fidelity=K1000 pool=3 tasks=3 mp=True procs=4 devices={'cuda:0': 1, 'cuda:1': 1, 'cuda:2': 1}
/data1/gushengda/eam-rl4co/PTP/fitness/free_loss_fidelity.py:51: FutureWarning: You are using `torch.load` with `weights_only=False` (the current default value), which uses the default pickle module implicitly. It is possible to construct malicious pickle data which will execute arbitrary code during unpickling (See https://github.com/pytorch/pytorch/blob/main/SECURITY.md#untrusted-models for more details). In a future release, the default value for `weights_only` will be flipped to `True`. This limits the functions that could be executed during unpickling. Arbitrary objects will no longer be allowed to be loaded via this mode unless they are explicitly allowlisted by the user via `torch.serialization.add_safe_globals`. We recommend you start setting `weights_only=True` for any use case where you don't have full control of the loaded file. Please open an issue on GitHub for any issues related to this experimental feature.
  obj = torch.load(p, map_location="cpu")
/data1/gushengda/eam-rl4co/PTP/fitness/free_loss_fidelity.py:51: FutureWarning: You are using `torch.load` with `weights_only=False` (the current default value), which uses the default pickle module implicitly. It is possible to construct malicious pickle data which will execute arbitrary code during unpickling (See https://github.com/pytorch/pytorch/blob/main/SECURITY.md#untrusted-models for more details). In a future release, the default value for `weights_only` will be flipped to `True`. This limits the functions that could be executed during unpickling. Arbitrary objects will no longer be allowed to be loaded via this mode unless they are explicitly allowlisted by the user via `torch.serialization.add_safe_globals`. We recommend you start setting `weights_only=True` for any use case where you don't have full control of the loaded file. Please open an issue on GitHub for any issues related to this experimental feature.
  obj = torch.load(p, map_location="cpu")
/data1/gushengda/eam-rl4co/PTP/fitness/free_loss_fidelity.py:51: FutureWarning: You are using `torch.load` with `weights_only=False` (the current default value), which uses the default pickle module implicitly. It is possible to construct malicious pickle data which will execute arbitrary code during unpickling (See https://github.com/pytorch/pytorch/blob/main/SECURITY.md#untrusted-models for more details). In a future release, the default value for `weights_only` will be flipped to `True`. This limits the functions that could be executed during unpickling. Arbitrary objects will no longer be allowed to be loaded via this mode unless they are explicitly allowlisted by the user via `torch.serialization.add_safe_globals`. We recommend you start setting `weights_only=True` for any use case where you don't have full control of the loaded file. Please open an issue on GitHub for any issues related to this experimental feature.
  obj = torch.load(p, map_location="cpu")
/data1/gushengda/eam-rl4co/PTP/fitness/free_loss_fidelity.py:435: FutureWarning: You are using `torch.load` with `weights_only=False` (the current default value), which uses the default pickle module implicitly. It is possible to construct malicious pickle data which will execute arbitrary code during unpickling (See https://github.com/pytorch/pytorch/blob/main/SECURITY.md#untrusted-models for more details). In a future release, the default value for `weights_only` will be flipped to `True`. This limits the functions that could be executed during unpickling. Arbitrary objects will no longer be allowed to be loaded via this mode unless they are explicitly allowlisted by the user via `torch.serialization.add_safe_globals`. We recommend you start setting `weights_only=True` for any use case where you don't have full control of the loaded file. Please open an issue on GitHub for any issues related to this experimental feature.
  ckpt = torch.load(ckpt_path, map_location="cpu")
/data1/gushengda/eam-rl4co/PTP/fitness/free_loss_fidelity.py:435: FutureWarning: You are using `torch.load` with `weights_only=False` (the current default value), which uses the default pickle module implicitly. It is possible to construct malicious pickle data which will execute arbitrary code during unpickling (See https://github.com/pytorch/pytorch/blob/main/SECURITY.md#untrusted-models for more details). In a future release, the default value for `weights_only` will be flipped to `True`. This limits the functions that could be executed during unpickling. Arbitrary objects will no longer be allowed to be loaded via this mode unless they are explicitly allowlisted by the user via `torch.serialization.add_safe_globals`. We recommend you start setting `weights_only=True` for any use case where you don't have full control of the loaded file. Please open an issue on GitHub for any issues related to this experimental feature.
  ckpt = torch.load(ckpt_path, map_location="cpu")
/data1/gushengda/eam-rl4co/PTP/fitness/free_loss_fidelity.py:435: FutureWarning: You are using `torch.load` with `weights_only=False` (the current default value), which uses the default pickle module implicitly. It is possible to construct malicious pickle data which will execute arbitrary code during unpickling (See https://github.com/pytorch/pytorch/blob/main/SECURITY.md#untrusted-models for more details). In a future release, the default value for `weights_only` will be flipped to `True`. This limits the functions that could be executed during unpickling. Arbitrary objects will no longer be allowed to be loaded via this mode unless they are explicitly allowlisted by the user via `torch.serialization.add_safe_globals`. We recommend you start setting `weights_only=True` for any use case where you don't have full control of the loaded file. Please open an issue on GitHub for any issues related to this experimental feature.
  ckpt = torch.load(ckpt_path, map_location="cpu")
[2026-03-02 01:40:46,685] INFO:ptp_discovery.pref_loss_coevo: COMPARE target=incumbent reference_score=inf threshold=inf metric_mode=minimize improve_eps=0.0031157373106906723
[2026-03-02 01:40:46,685] INFO:ptp_discovery.pref_loss_coevo: COMPARE target=last_phase last_phase=baseline reference_score=inf threshold=inf metric_mode=minimize improve_eps=0.0031157373106906723
[2026-03-02 01:40:46,686] INFO:ptp_discovery.pref_loss_coevo: NEW BEST: score=0.0031801660855611167 ref=inf delta=inf pair=(g_ref,f000_009_4d9c60df) stage=high_fidelity gen=0 phase=loss threshold=inf compare_target=incumbent improve_eps=0.0031157373106906723
[2026-03-02 01:40:46,687] INFO:ptp_discovery.pref_loss_coevo: NEW BEST: score=-4.4067700703938804e-05 ref=0.0031801660855611167 delta=0.0032242337862650556 pair=(g_ref,f000_008_c6a6dbdd) stage=high_fidelity gen=0 phase=loss threshold=6.442877487044434e-05 compare_target=incumbent improve_eps=0.0031157373106906723
[2026-03-02 01:40:46,688] INFO:ptp_discovery.pref_loss_coevo: Gen 0 summary: g_pool=0 f_pool=12 pairs=12 ok=3 stages={'gate': 9, 'high_fidelity': 3} top_reasons=[('cheap_gate_failed', 9), ('ok_stage3_offline_minitrain', 3)]
[2026-03-02 01:40:46,705] INFO:ptp_discovery.pref_loss_coevo: Alternating LLM gating gen=1 phase=loss llm_enabled(builder=False,loss=True)
[2026-03-02 01:40:46,706] INFO:ptp_discovery.pref_loss_coevo: === alternating generation 1/19 ===
[2026-03-02 01:40:46,706] INFO:ptp_discovery.pref_loss_coevo: EVAL_STAGES enabled: stage0_gate=1 stage1_proxy=0 stage2_micro_unroll=0 stage3_high_fidelity=1
[2026-03-02 01:40:46,706] INFO:ptp_discovery.pref_loss_coevo: INCUMBENT best_score=-4.4067700703938804e-05 best_pair=(g_ref,f000_008_c6a6dbdd) best_stage=high_fidelity metric_mode=minimize improve_eps=0.0031157373106906723
[2026-03-02 01:40:46,709] INFO:ptp_discovery.pref_loss_coevo: Gen 1 start: caches(rollout=0 pref=0 pair=15) cuda(cuda:0(alloc=0.05G,resv=7.67G) cuda:1(alloc=0.00G,resv=0.00G) cuda:2(alloc=0.00G,resv=0.00G) cuda:3(alloc=0.00G,resv=0.00G))
[2026-03-02 01:40:46,709] INFO:ptp_discovery.pref_loss_coevo: Gen 1 prompt context sizes: best_builder_summary.code=0 chars best_loss_summary.code=504 chars
[2026-03-02 01:40:46,709] INFO:ptp_discovery.pref_loss_coevo: Loss exploration schedule gen=1: stagnation=0 trigger=3 explore_mode=False avoid_families=['pairwise_margin|cost_gap|mean|clamp_stabilized', 'pairwise_margin|cost_gap|sum|clamp_stabilized', 'pairwise_margin|cost_gap|weighted_mean|clamp_stabilized', 'proper_scoring|delta_rank|weighted_mean|softclip_stabilized', 'pairwise_margin|cost_gap|weighted_sum_normalized|clamp_stabilized', 'regret_weighted_large_margin|delta_regret|weighted_mean|softplus_stabilized', 'margin_ranking|delta_z|weighted_mean|stability_clamp', 'max_margin_ranking|delta_rank|weighted_mean|clamp_nonneg']
[2026-03-02 01:43:56,130] WARNING:ptp_discovery.pref_loss_coevo: Population fill shortfall at gen=1: proposed_g=0/12 proposed_f=9/12 (seen_g=0 seen_f=21)
[2026-03-02 01:43:56,144] INFO:ptp_discovery.pref_loss_coevo: Gen 1 LLM ops: builders={} (repairs=0) losses={'LOSS_STRUCTURE_SHIFT': 3, 'LOSS_CONSTRAINT_INJECT': 2, 'E1': 1, 'E1_GENERATE': 1, 'LOSS_PARADIGM_SHIFT': 2} (repairs=0) cache={'offline_mode': False, 'cache_path': 'runs/pref_loss_alternating_simple/20260301-230657/llm_cache.jsonl', 'cache_entries': 31, 'cache_hits': 0, 'cache_misses': 31}
[2026-03-02 01:43:56,144] INFO:ptp_discovery.pref_loss_coevo: Gen 1 proxy rollouts skipped: stage1_proxy=0 and stage2_micro_unroll=0
[2026-03-02 01:43:56,159] INFO:ptp_discovery.pref_loss_coevo: Alternating block status: round=0 cycle_pos=1/20 budgets(loss=128,builder=0)
[2026-03-02 01:43:56,160] INFO:ptp_discovery.pref_loss_coevo: Alternating fixed candidates resolved: fixed_g=g_ref fixed_f=f000_008_c6a6dbdd
[2026-03-02 01:43:56,160] INFO:ptp_discovery.pref_loss_coevo: Alternating phase=loss fixed_g=g_ref budget=128
[2026-03-02 01:43:56,160] INFO:ptp_discovery.pref_loss_coevo: EVAL_STAGES enabled: stage0_gate=1 stage1_proxy=0 stage2_micro_unroll=0 stage3_high_fidelity=1
[2026-03-02 01:43:56,160] INFO:ptp_discovery.pref_loss_coevo: Alternating phase=builder fixed_f=f000_008_c6a6dbdd budget=0
[2026-03-02 01:43:56,160] INFO:ptp_discovery.pref_loss_coevo: EVAL_STAGES enabled: stage0_gate=1 stage1_proxy=0 stage2_micro_unroll=0 stage3_high_fidelity=1
[2026-03-02 01:43:56,161] INFO:ptp_discovery.pref_loss_coevo: Gate-only eval (proxy disabled) gen=1: pairs=17 cheap_gate_on=True
[2026-03-02 01:43:56,167] INFO:ptp_discovery.pref_loss_coevo: Gate-only progress gen=1: 1/17 caches(rollout=0 pref=0 pair=15)
[2026-03-02 01:43:56,186] INFO:ptp_discovery.pref_loss_coevo: Gate-only progress gen=1: 10/17 caches(rollout=0 pref=0 pair=20)
[2026-03-02 01:43:56,204] INFO:ptp_discovery.pref_loss_coevo: Gate-only progress gen=1: 17/17 caches(rollout=0 pref=0 pair=24)
[2026-03-02 01:43:56,204] INFO:ptp_discovery.pref_loss_coevo: Gate-only eval done gen=1: pairs=17 elapsed_s=0.0 caches(rollout=0 pref=0 pair=24)
[2026-03-02 01:43:56,204] INFO:ptp_discovery.pref_loss_coevo: HF selection gen=1: eligible=5 selected=5 (top_m=999999 ignored)
[2026-03-02 01:43:56,205] INFO:ptp_discovery.pref_loss_coevo: HF device assignment gen=1: {'cuda:0': 2, 'cuda:1': 1, 'cuda:2': 1, 'cuda:3': 1}
[2026-03-02 01:43:56,205] INFO:ptp_discovery.pref_loss_coevo: HF eval gen=1: tasks=5 mp=True procs=4
[2026-03-02 01:43:56,205] INFO:ptp_discovery.pref_loss_coevo: High-fidelity via pinned mp: start_method=spawn processes=4 tasks=5
/data1/gushengda/eam-rl4co/PTP/fitness/free_loss_fidelity.py:51: FutureWarning: You are using `torch.load` with `weights_only=False` (the current default value), which uses the default pickle module implicitly. It is possible to construct malicious pickle data which will execute arbitrary code during unpickling (See https://github.com/pytorch/pytorch/blob/main/SECURITY.md#untrusted-models for more details). In a future release, the default value for `weights_only` will be flipped to `True`. This limits the functions that could be executed during unpickling. Arbitrary objects will no longer be allowed to be loaded via this mode unless they are explicitly allowlisted by the user via `torch.serialization.add_safe_globals`. We recommend you start setting `weights_only=True` for any use case where you don't have full control of the loaded file. Please open an issue on GitHub for any issues related to this experimental feature.
  obj = torch.load(p, map_location="cpu")
/data1/gushengda/eam-rl4co/PTP/fitness/free_loss_fidelity.py:51: FutureWarning: You are using `torch.load` with `weights_only=False` (the current default value), which uses the default pickle module implicitly. It is possible to construct malicious pickle data which will execute arbitrary code during unpickling (See https://github.com/pytorch/pytorch/blob/main/SECURITY.md#untrusted-models for more details). In a future release, the default value for `weights_only` will be flipped to `True`. This limits the functions that could be executed during unpickling. Arbitrary objects will no longer be allowed to be loaded via this mode unless they are explicitly allowlisted by the user via `torch.serialization.add_safe_globals`. We recommend you start setting `weights_only=True` for any use case where you don't have full control of the loaded file. Please open an issue on GitHub for any issues related to this experimental feature.
  obj = torch.load(p, map_location="cpu")
/data1/gushengda/eam-rl4co/PTP/fitness/free_loss_fidelity.py:51: FutureWarning: You are using `torch.load` with `weights_only=False` (the current default value), which uses the default pickle module implicitly. It is possible to construct malicious pickle data which will execute arbitrary code during unpickling (See https://github.com/pytorch/pytorch/blob/main/SECURITY.md#untrusted-models for more details). In a future release, the default value for `weights_only` will be flipped to `True`. This limits the functions that could be executed during unpickling. Arbitrary objects will no longer be allowed to be loaded via this mode unless they are explicitly allowlisted by the user via `torch.serialization.add_safe_globals`. We recommend you start setting `weights_only=True` for any use case where you don't have full control of the loaded file. Please open an issue on GitHub for any issues related to this experimental feature.
  obj = torch.load(p, map_location="cpu")
/data1/gushengda/eam-rl4co/PTP/fitness/free_loss_fidelity.py:51: FutureWarning: You are using `torch.load` with `weights_only=False` (the current default value), which uses the default pickle module implicitly. It is possible to construct malicious pickle data which will execute arbitrary code during unpickling (See https://github.com/pytorch/pytorch/blob/main/SECURITY.md#untrusted-models for more details). In a future release, the default value for `weights_only` will be flipped to `True`. This limits the functions that could be executed during unpickling. Arbitrary objects will no longer be allowed to be loaded via this mode unless they are explicitly allowlisted by the user via `torch.serialization.add_safe_globals`. We recommend you start setting `weights_only=True` for any use case where you don't have full control of the loaded file. Please open an issue on GitHub for any issues related to this experimental feature.
  obj = torch.load(p, map_location="cpu")
/data1/gushengda/eam-rl4co/PTP/fitness/free_loss_fidelity.py:435: FutureWarning: You are using `torch.load` with `weights_only=False` (the current default value), which uses the default pickle module implicitly. It is possible to construct malicious pickle data which will execute arbitrary code during unpickling (See https://github.com/pytorch/pytorch/blob/main/SECURITY.md#untrusted-models for more details). In a future release, the default value for `weights_only` will be flipped to `True`. This limits the functions that could be executed during unpickling. Arbitrary objects will no longer be allowed to be loaded via this mode unless they are explicitly allowlisted by the user via `torch.serialization.add_safe_globals`. We recommend you start setting `weights_only=True` for any use case where you don't have full control of the loaded file. Please open an issue on GitHub for any issues related to this experimental feature.
  ckpt = torch.load(ckpt_path, map_location="cpu")
/data1/gushengda/eam-rl4co/PTP/fitness/free_loss_fidelity.py:435: FutureWarning: You are using `torch.load` with `weights_only=False` (the current default value), which uses the default pickle module implicitly. It is possible to construct malicious pickle data which will execute arbitrary code during unpickling (See https://github.com/pytorch/pytorch/blob/main/SECURITY.md#untrusted-models for more details). In a future release, the default value for `weights_only` will be flipped to `True`. This limits the functions that could be executed during unpickling. Arbitrary objects will no longer be allowed to be loaded via this mode unless they are explicitly allowlisted by the user via `torch.serialization.add_safe_globals`. We recommend you start setting `weights_only=True` for any use case where you don't have full control of the loaded file. Please open an issue on GitHub for any issues related to this experimental feature.
  ckpt = torch.load(ckpt_path, map_location="cpu")
/data1/gushengda/eam-rl4co/PTP/fitness/free_loss_fidelity.py:435: FutureWarning: You are using `torch.load` with `weights_only=False` (the current default value), which uses the default pickle module implicitly. It is possible to construct malicious pickle data which will execute arbitrary code during unpickling (See https://github.com/pytorch/pytorch/blob/main/SECURITY.md#untrusted-models for more details). In a future release, the default value for `weights_only` will be flipped to `True`. This limits the functions that could be executed during unpickling. Arbitrary objects will no longer be allowed to be loaded via this mode unless they are explicitly allowlisted by the user via `torch.serialization.add_safe_globals`. We recommend you start setting `weights_only=True` for any use case where you don't have full control of the loaded file. Please open an issue on GitHub for any issues related to this experimental feature.
  ckpt = torch.load(ckpt_path, map_location="cpu")
/data1/gushengda/eam-rl4co/PTP/fitness/free_loss_fidelity.py:435: FutureWarning: You are using `torch.load` with `weights_only=False` (the current default value), which uses the default pickle module implicitly. It is possible to construct malicious pickle data which will execute arbitrary code during unpickling (See https://github.com/pytorch/pytorch/blob/main/SECURITY.md#untrusted-models for more details). In a future release, the default value for `weights_only` will be flipped to `True`. This limits the functions that could be executed during unpickling. Arbitrary objects will no longer be allowed to be loaded via this mode unless they are explicitly allowlisted by the user via `torch.serialization.add_safe_globals`. We recommend you start setting `weights_only=True` for any use case where you don't have full control of the loaded file. Please open an issue on GitHub for any issues related to this experimental feature.
  ckpt = torch.load(ckpt_path, map_location="cpu")
[2026-03-02 01:50:36,376] INFO:ptp_discovery.pref_loss_coevo: HF vs incumbent gen=1: better=1 worse=4 unknown=0 (ok=5 failed=0) ref=-4.4067700703938804e-05 threshold=-0.0031598050113946113
[2026-03-02 01:50:36,377] INFO:ptp_discovery.pref_loss_coevo: HF MF promote gen=1: K200 -> K1000 next_pool=5 (from=5) top_m=32 promote_if_better=True include_incumbent=True
[2026-03-02 01:50:36,378] INFO:ptp_discovery.pref_loss_coevo: HF MF round gen=1: K1000 fidelity=K1000 pool=5 tasks=2 mp=True procs=4 devices={'cuda:0': 1, 'cuda:1': 1}
/data1/gushengda/eam-rl4co/PTP/fitness/free_loss_fidelity.py:51: FutureWarning: You are using `torch.load` with `weights_only=False` (the current default value), which uses the default pickle module implicitly. It is possible to construct malicious pickle data which will execute arbitrary code during unpickling (See https://github.com/pytorch/pytorch/blob/main/SECURITY.md#untrusted-models for more details). In a future release, the default value for `weights_only` will be flipped to `True`. This limits the functions that could be executed during unpickling. Arbitrary objects will no longer be allowed to be loaded via this mode unless they are explicitly allowlisted by the user via `torch.serialization.add_safe_globals`. We recommend you start setting `weights_only=True` for any use case where you don't have full control of the loaded file. Please open an issue on GitHub for any issues related to this experimental feature.
  obj = torch.load(p, map_location="cpu")
/data1/gushengda/eam-rl4co/PTP/fitness/free_loss_fidelity.py:51: FutureWarning: You are using `torch.load` with `weights_only=False` (the current default value), which uses the default pickle module implicitly. It is possible to construct malicious pickle data which will execute arbitrary code during unpickling (See https://github.com/pytorch/pytorch/blob/main/SECURITY.md#untrusted-models for more details). In a future release, the default value for `weights_only` will be flipped to `True`. This limits the functions that could be executed during unpickling. Arbitrary objects will no longer be allowed to be loaded via this mode unless they are explicitly allowlisted by the user via `torch.serialization.add_safe_globals`. We recommend you start setting `weights_only=True` for any use case where you don't have full control of the loaded file. Please open an issue on GitHub for any issues related to this experimental feature.
  obj = torch.load(p, map_location="cpu")
/data1/gushengda/eam-rl4co/PTP/fitness/free_loss_fidelity.py:435: FutureWarning: You are using `torch.load` with `weights_only=False` (the current default value), which uses the default pickle module implicitly. It is possible to construct malicious pickle data which will execute arbitrary code during unpickling (See https://github.com/pytorch/pytorch/blob/main/SECURITY.md#untrusted-models for more details). In a future release, the default value for `weights_only` will be flipped to `True`. This limits the functions that could be executed during unpickling. Arbitrary objects will no longer be allowed to be loaded via this mode unless they are explicitly allowlisted by the user via `torch.serialization.add_safe_globals`. We recommend you start setting `weights_only=True` for any use case where you don't have full control of the loaded file. Please open an issue on GitHub for any issues related to this experimental feature.
  ckpt = torch.load(ckpt_path, map_location="cpu")
/data1/gushengda/eam-rl4co/PTP/fitness/free_loss_fidelity.py:435: FutureWarning: You are using `torch.load` with `weights_only=False` (the current default value), which uses the default pickle module implicitly. It is possible to construct malicious pickle data which will execute arbitrary code during unpickling (See https://github.com/pytorch/pytorch/blob/main/SECURITY.md#untrusted-models for more details). In a future release, the default value for `weights_only` will be flipped to `True`. This limits the functions that could be executed during unpickling. Arbitrary objects will no longer be allowed to be loaded via this mode unless they are explicitly allowlisted by the user via `torch.serialization.add_safe_globals`. We recommend you start setting `weights_only=True` for any use case where you don't have full control of the loaded file. Please open an issue on GitHub for any issues related to this experimental feature.
  ckpt = torch.load(ckpt_path, map_location="cpu")
[2026-03-02 02:09:02,950] INFO:ptp_discovery.pref_loss_coevo: COMPARE target=incumbent reference_score=-4.4067700703938804e-05 threshold=-0.0031598050113946113 metric_mode=minimize improve_eps=0.0031157373106906723
[2026-03-02 02:09:02,950] INFO:ptp_discovery.pref_loss_coevo: COMPARE target=last_phase last_phase=baseline reference_score=inf threshold=inf metric_mode=minimize improve_eps=0.0031157373106906723
[2026-03-02 02:09:02,951] INFO:ptp_discovery.pref_loss_coevo: Gen 1 summary: g_pool=0 f_pool=9 pairs=17 ok=5 stages={'high_fidelity': 5, 'gate': 12} top_reasons=[('cheap_gate_failed', 12), ('ok_stage3_offline_minitrain', 5)]
[2026-03-02 02:09:02,967] INFO:ptp_discovery.pref_loss_coevo: Alternating LLM gating gen=2 phase=loss llm_enabled(builder=False,loss=True)
[2026-03-02 02:09:02,967] INFO:ptp_discovery.pref_loss_coevo: === alternating generation 2/19 ===
[2026-03-02 02:09:02,967] INFO:ptp_discovery.pref_loss_coevo: EVAL_STAGES enabled: stage0_gate=1 stage1_proxy=0 stage2_micro_unroll=0 stage3_high_fidelity=1
[2026-03-02 02:09:02,967] INFO:ptp_discovery.pref_loss_coevo: INCUMBENT best_score=-4.4067700703938804e-05 best_pair=(g_ref,f000_008_c6a6dbdd) best_stage=high_fidelity metric_mode=minimize improve_eps=0.0031157373106906723
[2026-03-02 02:09:02,968] INFO:ptp_discovery.pref_loss_coevo: Gen 2 start: caches(rollout=0 pref=0 pair=26) cuda(cuda:0(alloc=0.05G,resv=7.67G) cuda:1(alloc=0.00G,resv=0.00G) cuda:2(alloc=0.00G,resv=0.00G) cuda:3(alloc=0.00G,resv=0.00G))
[2026-03-02 02:09:02,968] INFO:ptp_discovery.pref_loss_coevo: Gen 2 prompt context sizes: best_builder_summary.code=0 chars best_loss_summary.code=504 chars
[2026-03-02 02:09:02,968] INFO:ptp_discovery.pref_loss_coevo: Loss exploration schedule gen=2: stagnation=1 trigger=3 explore_mode=False avoid_families=['regret_weighted_margin|delta_regret|weighted_sum_normalized|weight_clamp_stabilized', 'pairwise_margin|cost_gap|weighted_mean|clamp_stabilized', 'pairwise_margin|cost_gap|mean|clamp_stabilized', 'pairwise_margin|cost_gap|sum|clamp_stabilized', 'pairwise_margin|cost_gap|weighted_softmax_pool|clamp_stabilized', 'regret_weighted_large_margin|delta_regret|weighted_sum_normalized|softplus_stabilized', 'pairwise_margin|cost_gap|mean|scale_invariant_normalized', 'pairwise_margin|cost_gap|mean|scale_invariant_normalization']
[2026-03-02 02:12:23,623] WARNING:ptp_discovery.pref_loss_coevo: Population fill shortfall at gen=2: proposed_g=0/12 proposed_f=9/12 (seen_g=0 seen_f=30)
[2026-03-02 02:12:23,638] INFO:ptp_discovery.pref_loss_coevo: Gen 2 LLM ops: builders={} (repairs=0) losses={'E1_GENERATE': 2, 'LOSS_STRUCTURE_SHIFT': 2, 'LOSS_PARADIGM_SHIFT': 2, 'M2': 1, 'REPAIR': 1, 'M3': 2, 'LOSS_CONSTRAINT_INJECT': 2} (repairs=2) cache={'offline_mode': False, 'cache_path': 'runs/pref_loss_alternating_simple/20260301-230657/llm_cache.jsonl', 'cache_entries': 45, 'cache_hits': 0, 'cache_misses': 45}
[2026-03-02 02:12:23,638] INFO:ptp_discovery.pref_loss_coevo: Gen 2 proxy rollouts skipped: stage1_proxy=0 and stage2_micro_unroll=0
[2026-03-02 02:12:23,660] INFO:ptp_discovery.pref_loss_coevo: Alternating block status: round=0 cycle_pos=2/20 budgets(loss=128,builder=0)
[2026-03-02 02:12:23,661] INFO:ptp_discovery.pref_loss_coevo: Alternating fixed candidates resolved: fixed_g=g_ref fixed_f=f000_008_c6a6dbdd
[2026-03-02 02:12:23,661] INFO:ptp_discovery.pref_loss_coevo: Alternating phase=loss fixed_g=g_ref budget=128
[2026-03-02 02:12:23,661] INFO:ptp_discovery.pref_loss_coevo: EVAL_STAGES enabled: stage0_gate=1 stage1_proxy=0 stage2_micro_unroll=0 stage3_high_fidelity=1
[2026-03-02 02:12:23,661] INFO:ptp_discovery.pref_loss_coevo: Alternating phase=builder fixed_f=f000_008_c6a6dbdd budget=0
[2026-03-02 02:12:23,661] INFO:ptp_discovery.pref_loss_coevo: EVAL_STAGES enabled: stage0_gate=1 stage1_proxy=0 stage2_micro_unroll=0 stage3_high_fidelity=1
[2026-03-02 02:12:23,662] INFO:ptp_discovery.pref_loss_coevo: Gate-only eval (proxy disabled) gen=2: pairs=23 cheap_gate_on=True
[2026-03-02 02:12:23,662] INFO:ptp_discovery.pref_loss_coevo: Gate-only progress gen=2: 1/23 caches(rollout=0 pref=0 pair=26)
[2026-03-02 02:12:23,686] INFO:ptp_discovery.pref_loss_coevo: Gate-only progress gen=2: 10/23 caches(rollout=0 pref=0 pair=29)
[2026-03-02 02:12:23,706] INFO:ptp_discovery.pref_loss_coevo: Gate-only progress gen=2: 20/23 caches(rollout=0 pref=0 pair=34)
[2026-03-02 02:12:23,719] INFO:ptp_discovery.pref_loss_coevo: Gate-only progress gen=2: 23/23 caches(rollout=0 pref=0 pair=35)
[2026-03-02 02:12:23,719] INFO:ptp_discovery.pref_loss_coevo: Gate-only eval done gen=2: pairs=23 elapsed_s=0.1 caches(rollout=0 pref=0 pair=35)
[2026-03-02 02:12:23,719] INFO:ptp_discovery.pref_loss_coevo: HF selection gen=2: eligible=8 selected=8 (top_m=999999 ignored)
[2026-03-02 02:12:23,720] INFO:ptp_discovery.pref_loss_coevo: HF device assignment gen=2: {'cuda:0': 2, 'cuda:1': 2, 'cuda:2': 2, 'cuda:3': 2}
[2026-03-02 02:12:23,720] INFO:ptp_discovery.pref_loss_coevo: HF eval gen=2: tasks=8 mp=True procs=4
[2026-03-02 02:12:23,720] INFO:ptp_discovery.pref_loss_coevo: High-fidelity via pinned mp: start_method=spawn processes=4 tasks=8
/data1/gushengda/eam-rl4co/PTP/fitness/free_loss_fidelity.py:51: FutureWarning: You are using `torch.load` with `weights_only=False` (the current default value), which uses the default pickle module implicitly. It is possible to construct malicious pickle data which will execute arbitrary code during unpickling (See https://github.com/pytorch/pytorch/blob/main/SECURITY.md#untrusted-models for more details). In a future release, the default value for `weights_only` will be flipped to `True`. This limits the functions that could be executed during unpickling. Arbitrary objects will no longer be allowed to be loaded via this mode unless they are explicitly allowlisted by the user via `torch.serialization.add_safe_globals`. We recommend you start setting `weights_only=True` for any use case where you don't have full control of the loaded file. Please open an issue on GitHub for any issues related to this experimental feature.
  obj = torch.load(p, map_location="cpu")
/data1/gushengda/eam-rl4co/PTP/fitness/free_loss_fidelity.py:51: FutureWarning: You are using `torch.load` with `weights_only=False` (the current default value), which uses the default pickle module implicitly. It is possible to construct malicious pickle data which will execute arbitrary code during unpickling (See https://github.com/pytorch/pytorch/blob/main/SECURITY.md#untrusted-models for more details). In a future release, the default value for `weights_only` will be flipped to `True`. This limits the functions that could be executed during unpickling. Arbitrary objects will no longer be allowed to be loaded via this mode unless they are explicitly allowlisted by the user via `torch.serialization.add_safe_globals`. We recommend you start setting `weights_only=True` for any use case where you don't have full control of the loaded file. Please open an issue on GitHub for any issues related to this experimental feature.
  obj = torch.load(p, map_location="cpu")
/data1/gushengda/eam-rl4co/PTP/fitness/free_loss_fidelity.py:51: FutureWarning: You are using `torch.load` with `weights_only=False` (the current default value), which uses the default pickle module implicitly. It is possible to construct malicious pickle data which will execute arbitrary code during unpickling (See https://github.com/pytorch/pytorch/blob/main/SECURITY.md#untrusted-models for more details). In a future release, the default value for `weights_only` will be flipped to `True`. This limits the functions that could be executed during unpickling. Arbitrary objects will no longer be allowed to be loaded via this mode unless they are explicitly allowlisted by the user via `torch.serialization.add_safe_globals`. We recommend you start setting `weights_only=True` for any use case where you don't have full control of the loaded file. Please open an issue on GitHub for any issues related to this experimental feature.
  obj = torch.load(p, map_location="cpu")
/data1/gushengda/eam-rl4co/PTP/fitness/free_loss_fidelity.py:51: FutureWarning: You are using `torch.load` with `weights_only=False` (the current default value), which uses the default pickle module implicitly. It is possible to construct malicious pickle data which will execute arbitrary code during unpickling (See https://github.com/pytorch/pytorch/blob/main/SECURITY.md#untrusted-models for more details). In a future release, the default value for `weights_only` will be flipped to `True`. This limits the functions that could be executed during unpickling. Arbitrary objects will no longer be allowed to be loaded via this mode unless they are explicitly allowlisted by the user via `torch.serialization.add_safe_globals`. We recommend you start setting `weights_only=True` for any use case where you don't have full control of the loaded file. Please open an issue on GitHub for any issues related to this experimental feature.
  obj = torch.load(p, map_location="cpu")
/data1/gushengda/eam-rl4co/PTP/fitness/free_loss_fidelity.py:435: FutureWarning: You are using `torch.load` with `weights_only=False` (the current default value), which uses the default pickle module implicitly. It is possible to construct malicious pickle data which will execute arbitrary code during unpickling (See https://github.com/pytorch/pytorch/blob/main/SECURITY.md#untrusted-models for more details). In a future release, the default value for `weights_only` will be flipped to `True`. This limits the functions that could be executed during unpickling. Arbitrary objects will no longer be allowed to be loaded via this mode unless they are explicitly allowlisted by the user via `torch.serialization.add_safe_globals`. We recommend you start setting `weights_only=True` for any use case where you don't have full control of the loaded file. Please open an issue on GitHub for any issues related to this experimental feature.
  ckpt = torch.load(ckpt_path, map_location="cpu")
/data1/gushengda/eam-rl4co/PTP/fitness/free_loss_fidelity.py:435: FutureWarning: You are using `torch.load` with `weights_only=False` (the current default value), which uses the default pickle module implicitly. It is possible to construct malicious pickle data which will execute arbitrary code during unpickling (See https://github.com/pytorch/pytorch/blob/main/SECURITY.md#untrusted-models for more details). In a future release, the default value for `weights_only` will be flipped to `True`. This limits the functions that could be executed during unpickling. Arbitrary objects will no longer be allowed to be loaded via this mode unless they are explicitly allowlisted by the user via `torch.serialization.add_safe_globals`. We recommend you start setting `weights_only=True` for any use case where you don't have full control of the loaded file. Please open an issue on GitHub for any issues related to this experimental feature.
  ckpt = torch.load(ckpt_path, map_location="cpu")
/data1/gushengda/eam-rl4co/PTP/fitness/free_loss_fidelity.py:435: FutureWarning: You are using `torch.load` with `weights_only=False` (the current default value), which uses the default pickle module implicitly. It is possible to construct malicious pickle data which will execute arbitrary code during unpickling (See https://github.com/pytorch/pytorch/blob/main/SECURITY.md#untrusted-models for more details). In a future release, the default value for `weights_only` will be flipped to `True`. This limits the functions that could be executed during unpickling. Arbitrary objects will no longer be allowed to be loaded via this mode unless they are explicitly allowlisted by the user via `torch.serialization.add_safe_globals`. We recommend you start setting `weights_only=True` for any use case where you don't have full control of the loaded file. Please open an issue on GitHub for any issues related to this experimental feature.
  ckpt = torch.load(ckpt_path, map_location="cpu")
/data1/gushengda/eam-rl4co/PTP/fitness/free_loss_fidelity.py:435: FutureWarning: You are using `torch.load` with `weights_only=False` (the current default value), which uses the default pickle module implicitly. It is possible to construct malicious pickle data which will execute arbitrary code during unpickling (See https://github.com/pytorch/pytorch/blob/main/SECURITY.md#untrusted-models for more details). In a future release, the default value for `weights_only` will be flipped to `True`. This limits the functions that could be executed during unpickling. Arbitrary objects will no longer be allowed to be loaded via this mode unless they are explicitly allowlisted by the user via `torch.serialization.add_safe_globals`. We recommend you start setting `weights_only=True` for any use case where you don't have full control of the loaded file. Please open an issue on GitHub for any issues related to this experimental feature.
  ckpt = torch.load(ckpt_path, map_location="cpu")
[2026-03-02 02:19:36,447] INFO:ptp_discovery.pref_loss_coevo: HF vs incumbent gen=2: better=3 worse=5 unknown=0 (ok=8 failed=0) ref=-4.4067700703938804e-05 threshold=-0.0031598050113946113
[2026-03-02 02:19:36,449] INFO:ptp_discovery.pref_loss_coevo: HF MF promote gen=2: K200 -> K1000 next_pool=8 (from=8) top_m=32 promote_if_better=True include_incumbent=True
[2026-03-02 02:19:36,450] INFO:ptp_discovery.pref_loss_coevo: HF MF round gen=2: K1000 fidelity=K1000 pool=8 tasks=3 mp=True procs=4 devices={'cuda:0': 1, 'cuda:1': 1, 'cuda:2': 1}
/data1/gushengda/eam-rl4co/PTP/fitness/free_loss_fidelity.py:51: FutureWarning: You are using `torch.load` with `weights_only=False` (the current default value), which uses the default pickle module implicitly. It is possible to construct malicious pickle data which will execute arbitrary code during unpickling (See https://github.com/pytorch/pytorch/blob/main/SECURITY.md#untrusted-models for more details). In a future release, the default value for `weights_only` will be flipped to `True`. This limits the functions that could be executed during unpickling. Arbitrary objects will no longer be allowed to be loaded via this mode unless they are explicitly allowlisted by the user via `torch.serialization.add_safe_globals`. We recommend you start setting `weights_only=True` for any use case where you don't have full control of the loaded file. Please open an issue on GitHub for any issues related to this experimental feature.
  obj = torch.load(p, map_location="cpu")
/data1/gushengda/eam-rl4co/PTP/fitness/free_loss_fidelity.py:51: FutureWarning: You are using `torch.load` with `weights_only=False` (the current default value), which uses the default pickle module implicitly. It is possible to construct malicious pickle data which will execute arbitrary code during unpickling (See https://github.com/pytorch/pytorch/blob/main/SECURITY.md#untrusted-models for more details). In a future release, the default value for `weights_only` will be flipped to `True`. This limits the functions that could be executed during unpickling. Arbitrary objects will no longer be allowed to be loaded via this mode unless they are explicitly allowlisted by the user via `torch.serialization.add_safe_globals`. We recommend you start setting `weights_only=True` for any use case where you don't have full control of the loaded file. Please open an issue on GitHub for any issues related to this experimental feature.
  obj = torch.load(p, map_location="cpu")
/data1/gushengda/eam-rl4co/PTP/fitness/free_loss_fidelity.py:51: FutureWarning: You are using `torch.load` with `weights_only=False` (the current default value), which uses the default pickle module implicitly. It is possible to construct malicious pickle data which will execute arbitrary code during unpickling (See https://github.com/pytorch/pytorch/blob/main/SECURITY.md#untrusted-models for more details). In a future release, the default value for `weights_only` will be flipped to `True`. This limits the functions that could be executed during unpickling. Arbitrary objects will no longer be allowed to be loaded via this mode unless they are explicitly allowlisted by the user via `torch.serialization.add_safe_globals`. We recommend you start setting `weights_only=True` for any use case where you don't have full control of the loaded file. Please open an issue on GitHub for any issues related to this experimental feature.
  obj = torch.load(p, map_location="cpu")
/data1/gushengda/eam-rl4co/PTP/fitness/free_loss_fidelity.py:435: FutureWarning: You are using `torch.load` with `weights_only=False` (the current default value), which uses the default pickle module implicitly. It is possible to construct malicious pickle data which will execute arbitrary code during unpickling (See https://github.com/pytorch/pytorch/blob/main/SECURITY.md#untrusted-models for more details). In a future release, the default value for `weights_only` will be flipped to `True`. This limits the functions that could be executed during unpickling. Arbitrary objects will no longer be allowed to be loaded via this mode unless they are explicitly allowlisted by the user via `torch.serialization.add_safe_globals`. We recommend you start setting `weights_only=True` for any use case where you don't have full control of the loaded file. Please open an issue on GitHub for any issues related to this experimental feature.
  ckpt = torch.load(ckpt_path, map_location="cpu")
/data1/gushengda/eam-rl4co/PTP/fitness/free_loss_fidelity.py:435: FutureWarning: You are using `torch.load` with `weights_only=False` (the current default value), which uses the default pickle module implicitly. It is possible to construct malicious pickle data which will execute arbitrary code during unpickling (See https://github.com/pytorch/pytorch/blob/main/SECURITY.md#untrusted-models for more details). In a future release, the default value for `weights_only` will be flipped to `True`. This limits the functions that could be executed during unpickling. Arbitrary objects will no longer be allowed to be loaded via this mode unless they are explicitly allowlisted by the user via `torch.serialization.add_safe_globals`. We recommend you start setting `weights_only=True` for any use case where you don't have full control of the loaded file. Please open an issue on GitHub for any issues related to this experimental feature.
  ckpt = torch.load(ckpt_path, map_location="cpu")
/data1/gushengda/eam-rl4co/PTP/fitness/free_loss_fidelity.py:435: FutureWarning: You are using `torch.load` with `weights_only=False` (the current default value), which uses the default pickle module implicitly. It is possible to construct malicious pickle data which will execute arbitrary code during unpickling (See https://github.com/pytorch/pytorch/blob/main/SECURITY.md#untrusted-models for more details). In a future release, the default value for `weights_only` will be flipped to `True`. This limits the functions that could be executed during unpickling. Arbitrary objects will no longer be allowed to be loaded via this mode unless they are explicitly allowlisted by the user via `torch.serialization.add_safe_globals`. We recommend you start setting `weights_only=True` for any use case where you don't have full control of the loaded file. Please open an issue on GitHub for any issues related to this experimental feature.
  ckpt = torch.load(ckpt_path, map_location="cpu")
[2026-03-02 02:35:57,155] INFO:ptp_discovery.pref_loss_coevo: COMPARE target=incumbent reference_score=-4.4067700703938804e-05 threshold=-0.0031598050113946113 metric_mode=minimize improve_eps=0.0031157373106906723
[2026-03-02 02:35:57,156] INFO:ptp_discovery.pref_loss_coevo: COMPARE target=last_phase last_phase=baseline reference_score=inf threshold=inf metric_mode=minimize improve_eps=0.0031157373106906723
[2026-03-02 02:35:57,156] INFO:ptp_discovery.pref_loss_coevo: NEW BEST: score=-0.010179360707600912 ref=-4.4067700703938804e-05 delta=0.010135293006896973 pair=(g_ref,f001_006_b0ba4665) stage=high_fidelity gen=2 phase=loss threshold=-0.0031598050113946113 compare_target=incumbent improve_eps=0.0031157373106906723
[2026-03-02 02:35:57,157] INFO:ptp_discovery.pref_loss_coevo: Gen 2 summary: g_pool=0 f_pool=9 pairs=23 ok=8 stages={'gate': 15, 'high_fidelity': 8} top_reasons=[('cheap_gate_failed', 15), ('ok_stage3_offline_minitrain', 8)]
[2026-03-02 02:35:57,174] INFO:ptp_discovery.pref_loss_coevo: Alternating LLM gating gen=3 phase=loss llm_enabled(builder=False,loss=True)
[2026-03-02 02:35:57,174] INFO:ptp_discovery.pref_loss_coevo: === alternating generation 3/19 ===
[2026-03-02 02:35:57,174] INFO:ptp_discovery.pref_loss_coevo: EVAL_STAGES enabled: stage0_gate=1 stage1_proxy=0 stage2_micro_unroll=0 stage3_high_fidelity=1
[2026-03-02 02:35:57,175] INFO:ptp_discovery.pref_loss_coevo: INCUMBENT best_score=-0.010179360707600912 best_pair=(g_ref,f001_006_b0ba4665) best_stage=high_fidelity metric_mode=minimize improve_eps=0.0031157373106906723
[2026-03-02 02:35:57,176] INFO:ptp_discovery.pref_loss_coevo: Gen 3 start: caches(rollout=0 pref=0 pair=38) cuda(cuda:0(alloc=0.05G,resv=7.67G) cuda:1(alloc=0.00G,resv=0.00G) cuda:2(alloc=0.00G,resv=0.00G) cuda:3(alloc=0.00G,resv=0.00G))
[2026-03-02 02:35:57,176] INFO:ptp_discovery.pref_loss_coevo: Gen 3 prompt context sizes: best_builder_summary.code=0 chars best_loss_summary.code=504 chars
[2026-03-02 02:35:57,176] INFO:ptp_discovery.pref_loss_coevo: Loss exploration schedule gen=3: stagnation=0 trigger=3 explore_mode=False avoid_families=['regret_weighted_margin|delta_regret|weighted_sum_normalized|weight_clamp_stabilized', 'proper_scoring|delta_rank|weighted_sum_normalized|temperature_bounded', 'pairwise_margin|cost_gap|weighted_sum_normalized|clamp_stabilized', 'regret_weighted_margin|delta_regret|weighted_mean|weight_clamp_stabilized', 'pairwise_margin|cost_gap|mean|clamp_stabilized', 'pairwise_margin|cost_gap|sum|clamp_stabilized', 'pairwise_margin|cost_gap|weighted_mean|clamp_stabilized', 'proper_scoring|delta_rank|weighted_logsumexp_pool|logsumexp_stabilized']
[2026-03-02 02:39:27,216] WARNING:ptp_discovery.pref_loss_coevo: Population fill shortfall at gen=3: proposed_g=0/12 proposed_f=9/12 (seen_g=0 seen_f=39)
[2026-03-02 02:39:27,232] INFO:ptp_discovery.pref_loss_coevo: Gen 3 LLM ops: builders={} (repairs=0) losses={'E1': 2, 'REPAIR': 1, 'M3': 1, 'LOSS_PARADIGM_SHIFT': 4, 'LOSS_STRUCTURE_SHIFT': 2, 'LOSS_CONSTRAINT_INJECT': 1} (repairs=1) cache={'offline_mode': False, 'cache_path': 'runs/pref_loss_alternating_simple/20260301-230657/llm_cache.jsonl', 'cache_entries': 58, 'cache_hits': 0, 'cache_misses': 58}
[2026-03-02 02:39:27,232] INFO:ptp_discovery.pref_loss_coevo: Gen 3 proxy rollouts skipped: stage1_proxy=0 and stage2_micro_unroll=0
[2026-03-02 02:39:27,257] INFO:ptp_discovery.pref_loss_coevo: Alternating block status: round=0 cycle_pos=3/20 budgets(loss=128,builder=0)
[2026-03-02 02:39:27,258] INFO:ptp_discovery.pref_loss_coevo: Alternating fixed candidates resolved: fixed_g=g_ref fixed_f=f001_006_b0ba4665
[2026-03-02 02:39:27,259] INFO:ptp_discovery.pref_loss_coevo: Alternating phase=loss fixed_g=g_ref budget=128
[2026-03-02 02:39:27,259] INFO:ptp_discovery.pref_loss_coevo: EVAL_STAGES enabled: stage0_gate=1 stage1_proxy=0 stage2_micro_unroll=0 stage3_high_fidelity=1
[2026-03-02 02:39:27,259] INFO:ptp_discovery.pref_loss_coevo: Alternating phase=builder fixed_f=f001_006_b0ba4665 budget=0
[2026-03-02 02:39:27,259] INFO:ptp_discovery.pref_loss_coevo: EVAL_STAGES enabled: stage0_gate=1 stage1_proxy=0 stage2_micro_unroll=0 stage3_high_fidelity=1
[2026-03-02 02:39:27,259] INFO:ptp_discovery.pref_loss_coevo: Gate-only eval (proxy disabled) gen=3: pairs=27 cheap_gate_on=True
[2026-03-02 02:39:27,265] INFO:ptp_discovery.pref_loss_coevo: Gate-only progress gen=3: 1/27 caches(rollout=0 pref=0 pair=39)
[2026-03-02 02:39:27,306] INFO:ptp_discovery.pref_loss_coevo: Gate-only progress gen=3: 10/27 caches(rollout=0 pref=0 pair=41)
[2026-03-02 02:39:27,336] INFO:ptp_discovery.pref_loss_coevo: Gate-only progress gen=3: 20/27 caches(rollout=0 pref=0 pair=43)
[2026-03-02 02:39:27,357] INFO:ptp_discovery.pref_loss_coevo: Gate-only progress gen=3: 27/27 caches(rollout=0 pref=0 pair=47)
[2026-03-02 02:39:27,357] INFO:ptp_discovery.pref_loss_coevo: Gate-only eval done gen=3: pairs=27 elapsed_s=0.1 caches(rollout=0 pref=0 pair=47)
[2026-03-02 02:39:27,357] INFO:ptp_discovery.pref_loss_coevo: HF selection gen=3: eligible=11 selected=11 (top_m=999999 ignored)
[2026-03-02 02:39:27,358] INFO:ptp_discovery.pref_loss_coevo: HF device assignment gen=3: {'cuda:0': 3, 'cuda:1': 3, 'cuda:2': 3, 'cuda:3': 2}
[2026-03-02 02:39:27,358] INFO:ptp_discovery.pref_loss_coevo: HF eval gen=3: tasks=11 mp=True procs=4
[2026-03-02 02:39:27,358] INFO:ptp_discovery.pref_loss_coevo: High-fidelity via pinned mp: start_method=spawn processes=4 tasks=11
/data1/gushengda/eam-rl4co/PTP/fitness/free_loss_fidelity.py:51: FutureWarning: You are using `torch.load` with `weights_only=False` (the current default value), which uses the default pickle module implicitly. It is possible to construct malicious pickle data which will execute arbitrary code during unpickling (See https://github.com/pytorch/pytorch/blob/main/SECURITY.md#untrusted-models for more details). In a future release, the default value for `weights_only` will be flipped to `True`. This limits the functions that could be executed during unpickling. Arbitrary objects will no longer be allowed to be loaded via this mode unless they are explicitly allowlisted by the user via `torch.serialization.add_safe_globals`. We recommend you start setting `weights_only=True` for any use case where you don't have full control of the loaded file. Please open an issue on GitHub for any issues related to this experimental feature.
  obj = torch.load(p, map_location="cpu")
/data1/gushengda/eam-rl4co/PTP/fitness/free_loss_fidelity.py:51: FutureWarning: You are using `torch.load` with `weights_only=False` (the current default value), which uses the default pickle module implicitly. It is possible to construct malicious pickle data which will execute arbitrary code during unpickling (See https://github.com/pytorch/pytorch/blob/main/SECURITY.md#untrusted-models for more details). In a future release, the default value for `weights_only` will be flipped to `True`. This limits the functions that could be executed during unpickling. Arbitrary objects will no longer be allowed to be loaded via this mode unless they are explicitly allowlisted by the user via `torch.serialization.add_safe_globals`. We recommend you start setting `weights_only=True` for any use case where you don't have full control of the loaded file. Please open an issue on GitHub for any issues related to this experimental feature.
  obj = torch.load(p, map_location="cpu")
/data1/gushengda/eam-rl4co/PTP/fitness/free_loss_fidelity.py:51: FutureWarning: You are using `torch.load` with `weights_only=False` (the current default value), which uses the default pickle module implicitly. It is possible to construct malicious pickle data which will execute arbitrary code during unpickling (See https://github.com/pytorch/pytorch/blob/main/SECURITY.md#untrusted-models for more details). In a future release, the default value for `weights_only` will be flipped to `True`. This limits the functions that could be executed during unpickling. Arbitrary objects will no longer be allowed to be loaded via this mode unless they are explicitly allowlisted by the user via `torch.serialization.add_safe_globals`. We recommend you start setting `weights_only=True` for any use case where you don't have full control of the loaded file. Please open an issue on GitHub for any issues related to this experimental feature.
  obj = torch.load(p, map_location="cpu")
/data1/gushengda/eam-rl4co/PTP/fitness/free_loss_fidelity.py:51: FutureWarning: You are using `torch.load` with `weights_only=False` (the current default value), which uses the default pickle module implicitly. It is possible to construct malicious pickle data which will execute arbitrary code during unpickling (See https://github.com/pytorch/pytorch/blob/main/SECURITY.md#untrusted-models for more details). In a future release, the default value for `weights_only` will be flipped to `True`. This limits the functions that could be executed during unpickling. Arbitrary objects will no longer be allowed to be loaded via this mode unless they are explicitly allowlisted by the user via `torch.serialization.add_safe_globals`. We recommend you start setting `weights_only=True` for any use case where you don't have full control of the loaded file. Please open an issue on GitHub for any issues related to this experimental feature.
  obj = torch.load(p, map_location="cpu")
/data1/gushengda/eam-rl4co/PTP/fitness/free_loss_fidelity.py:435: FutureWarning: You are using `torch.load` with `weights_only=False` (the current default value), which uses the default pickle module implicitly. It is possible to construct malicious pickle data which will execute arbitrary code during unpickling (See https://github.com/pytorch/pytorch/blob/main/SECURITY.md#untrusted-models for more details). In a future release, the default value for `weights_only` will be flipped to `True`. This limits the functions that could be executed during unpickling. Arbitrary objects will no longer be allowed to be loaded via this mode unless they are explicitly allowlisted by the user via `torch.serialization.add_safe_globals`. We recommend you start setting `weights_only=True` for any use case where you don't have full control of the loaded file. Please open an issue on GitHub for any issues related to this experimental feature.
  ckpt = torch.load(ckpt_path, map_location="cpu")
/data1/gushengda/eam-rl4co/PTP/fitness/free_loss_fidelity.py:435: FutureWarning: You are using `torch.load` with `weights_only=False` (the current default value), which uses the default pickle module implicitly. It is possible to construct malicious pickle data which will execute arbitrary code during unpickling (See https://github.com/pytorch/pytorch/blob/main/SECURITY.md#untrusted-models for more details). In a future release, the default value for `weights_only` will be flipped to `True`. This limits the functions that could be executed during unpickling. Arbitrary objects will no longer be allowed to be loaded via this mode unless they are explicitly allowlisted by the user via `torch.serialization.add_safe_globals`. We recommend you start setting `weights_only=True` for any use case where you don't have full control of the loaded file. Please open an issue on GitHub for any issues related to this experimental feature.
  ckpt = torch.load(ckpt_path, map_location="cpu")
/data1/gushengda/eam-rl4co/PTP/fitness/free_loss_fidelity.py:435: FutureWarning: You are using `torch.load` with `weights_only=False` (the current default value), which uses the default pickle module implicitly. It is possible to construct malicious pickle data which will execute arbitrary code during unpickling (See https://github.com/pytorch/pytorch/blob/main/SECURITY.md#untrusted-models for more details). In a future release, the default value for `weights_only` will be flipped to `True`. This limits the functions that could be executed during unpickling. Arbitrary objects will no longer be allowed to be loaded via this mode unless they are explicitly allowlisted by the user via `torch.serialization.add_safe_globals`. We recommend you start setting `weights_only=True` for any use case where you don't have full control of the loaded file. Please open an issue on GitHub for any issues related to this experimental feature.
  ckpt = torch.load(ckpt_path, map_location="cpu")
/data1/gushengda/eam-rl4co/PTP/fitness/free_loss_fidelity.py:435: FutureWarning: You are using `torch.load` with `weights_only=False` (the current default value), which uses the default pickle module implicitly. It is possible to construct malicious pickle data which will execute arbitrary code during unpickling (See https://github.com/pytorch/pytorch/blob/main/SECURITY.md#untrusted-models for more details). In a future release, the default value for `weights_only` will be flipped to `True`. This limits the functions that could be executed during unpickling. Arbitrary objects will no longer be allowed to be loaded via this mode unless they are explicitly allowlisted by the user via `torch.serialization.add_safe_globals`. We recommend you start setting `weights_only=True` for any use case where you don't have full control of the loaded file. Please open an issue on GitHub for any issues related to this experimental feature.
  ckpt = torch.load(ckpt_path, map_location="cpu")
[2026-03-02 02:49:51,267] INFO:ptp_discovery.pref_loss_coevo: HF vs incumbent gen=3: better=0 worse=11 unknown=0 (ok=11 failed=0) ref=-0.010179360707600912 threshold=-0.013295098018291585
[2026-03-02 02:49:51,269] INFO:ptp_discovery.pref_loss_coevo: HF MF promote gen=3: K200 -> K1000 next_pool=11 (from=11) top_m=32 promote_if_better=True include_incumbent=True
[2026-03-02 02:49:51,270] INFO:ptp_discovery.pref_loss_coevo: HF MF round gen=3: K1000 fidelity=K1000 pool=11 tasks=3 mp=True procs=4 devices={'cuda:0': 1, 'cuda:1': 1, 'cuda:2': 1}
/data1/gushengda/eam-rl4co/PTP/fitness/free_loss_fidelity.py:51: FutureWarning: You are using `torch.load` with `weights_only=False` (the current default value), which uses the default pickle module implicitly. It is possible to construct malicious pickle data which will execute arbitrary code during unpickling (See https://github.com/pytorch/pytorch/blob/main/SECURITY.md#untrusted-models for more details). In a future release, the default value for `weights_only` will be flipped to `True`. This limits the functions that could be executed during unpickling. Arbitrary objects will no longer be allowed to be loaded via this mode unless they are explicitly allowlisted by the user via `torch.serialization.add_safe_globals`. We recommend you start setting `weights_only=True` for any use case where you don't have full control of the loaded file. Please open an issue on GitHub for any issues related to this experimental feature.
  obj = torch.load(p, map_location="cpu")
/data1/gushengda/eam-rl4co/PTP/fitness/free_loss_fidelity.py:51: FutureWarning: You are using `torch.load` with `weights_only=False` (the current default value), which uses the default pickle module implicitly. It is possible to construct malicious pickle data which will execute arbitrary code during unpickling (See https://github.com/pytorch/pytorch/blob/main/SECURITY.md#untrusted-models for more details). In a future release, the default value for `weights_only` will be flipped to `True`. This limits the functions that could be executed during unpickling. Arbitrary objects will no longer be allowed to be loaded via this mode unless they are explicitly allowlisted by the user via `torch.serialization.add_safe_globals`. We recommend you start setting `weights_only=True` for any use case where you don't have full control of the loaded file. Please open an issue on GitHub for any issues related to this experimental feature.
  obj = torch.load(p, map_location="cpu")
/data1/gushengda/eam-rl4co/PTP/fitness/free_loss_fidelity.py:51: FutureWarning: You are using `torch.load` with `weights_only=False` (the current default value), which uses the default pickle module implicitly. It is possible to construct malicious pickle data which will execute arbitrary code during unpickling (See https://github.com/pytorch/pytorch/blob/main/SECURITY.md#untrusted-models for more details). In a future release, the default value for `weights_only` will be flipped to `True`. This limits the functions that could be executed during unpickling. Arbitrary objects will no longer be allowed to be loaded via this mode unless they are explicitly allowlisted by the user via `torch.serialization.add_safe_globals`. We recommend you start setting `weights_only=True` for any use case where you don't have full control of the loaded file. Please open an issue on GitHub for any issues related to this experimental feature.
  obj = torch.load(p, map_location="cpu")
/data1/gushengda/eam-rl4co/PTP/fitness/free_loss_fidelity.py:435: FutureWarning: You are using `torch.load` with `weights_only=False` (the current default value), which uses the default pickle module implicitly. It is possible to construct malicious pickle data which will execute arbitrary code during unpickling (See https://github.com/pytorch/pytorch/blob/main/SECURITY.md#untrusted-models for more details). In a future release, the default value for `weights_only` will be flipped to `True`. This limits the functions that could be executed during unpickling. Arbitrary objects will no longer be allowed to be loaded via this mode unless they are explicitly allowlisted by the user via `torch.serialization.add_safe_globals`. We recommend you start setting `weights_only=True` for any use case where you don't have full control of the loaded file. Please open an issue on GitHub for any issues related to this experimental feature.
  ckpt = torch.load(ckpt_path, map_location="cpu")
/data1/gushengda/eam-rl4co/PTP/fitness/free_loss_fidelity.py:435: FutureWarning: You are using `torch.load` with `weights_only=False` (the current default value), which uses the default pickle module implicitly. It is possible to construct malicious pickle data which will execute arbitrary code during unpickling (See https://github.com/pytorch/pytorch/blob/main/SECURITY.md#untrusted-models for more details). In a future release, the default value for `weights_only` will be flipped to `True`. This limits the functions that could be executed during unpickling. Arbitrary objects will no longer be allowed to be loaded via this mode unless they are explicitly allowlisted by the user via `torch.serialization.add_safe_globals`. We recommend you start setting `weights_only=True` for any use case where you don't have full control of the loaded file. Please open an issue on GitHub for any issues related to this experimental feature.
  ckpt = torch.load(ckpt_path, map_location="cpu")
/data1/gushengda/eam-rl4co/PTP/fitness/free_loss_fidelity.py:435: FutureWarning: You are using `torch.load` with `weights_only=False` (the current default value), which uses the default pickle module implicitly. It is possible to construct malicious pickle data which will execute arbitrary code during unpickling (See https://github.com/pytorch/pytorch/blob/main/SECURITY.md#untrusted-models for more details). In a future release, the default value for `weights_only` will be flipped to `True`. This limits the functions that could be executed during unpickling. Arbitrary objects will no longer be allowed to be loaded via this mode unless they are explicitly allowlisted by the user via `torch.serialization.add_safe_globals`. We recommend you start setting `weights_only=True` for any use case where you don't have full control of the loaded file. Please open an issue on GitHub for any issues related to this experimental feature.
  ckpt = torch.load(ckpt_path, map_location="cpu")
[2026-03-02 03:06:19,611] INFO:ptp_discovery.pref_loss_coevo: COMPARE target=incumbent reference_score=-0.010179360707600912 threshold=-0.013295098018291585 metric_mode=minimize improve_eps=0.0031157373106906723
[2026-03-02 03:06:19,612] INFO:ptp_discovery.pref_loss_coevo: COMPARE target=last_phase last_phase=baseline reference_score=inf threshold=inf metric_mode=minimize improve_eps=0.0031157373106906723
[2026-03-02 03:06:19,613] INFO:ptp_discovery.pref_loss_coevo: Gen 3 summary: g_pool=0 f_pool=9 pairs=27 ok=11 stages={'high_fidelity': 11, 'gate': 16} top_reasons=[('cheap_gate_failed', 16), ('ok_stage3_offline_minitrain', 11)]
[2026-03-02 03:06:19,638] INFO:ptp_discovery.pref_loss_coevo: Alternating LLM gating gen=4 phase=loss llm_enabled(builder=False,loss=True)
[2026-03-02 03:06:19,638] INFO:ptp_discovery.pref_loss_coevo: === alternating generation 4/19 ===
[2026-03-02 03:06:19,638] INFO:ptp_discovery.pref_loss_coevo: EVAL_STAGES enabled: stage0_gate=1 stage1_proxy=0 stage2_micro_unroll=0 stage3_high_fidelity=1
[2026-03-02 03:06:19,638] INFO:ptp_discovery.pref_loss_coevo: INCUMBENT best_score=-0.010179360707600912 best_pair=(g_ref,f001_006_b0ba4665) best_stage=high_fidelity metric_mode=minimize improve_eps=0.0031157373106906723
[2026-03-02 03:06:19,640] INFO:ptp_discovery.pref_loss_coevo: Gen 4 start: caches(rollout=0 pref=0 pair=50) cuda(cuda:0(alloc=0.05G,resv=7.67G) cuda:1(alloc=0.00G,resv=0.00G) cuda:2(alloc=0.00G,resv=0.00G) cuda:3(alloc=0.00G,resv=0.00G))
[2026-03-02 03:06:19,640] INFO:ptp_discovery.pref_loss_coevo: Gen 4 prompt context sizes: best_builder_summary.code=0 chars best_loss_summary.code=504 chars
[2026-03-02 03:06:19,640] INFO:ptp_discovery.pref_loss_coevo: Loss exploration schedule gen=4: stagnation=1 trigger=3 explore_mode=False avoid_families=['proper_scoring|delta_rank|weighted_sum_normalized|temperature_bounded', 'pairwise_margin|cost_gap|weighted_sum_normalized|clamp_stabilized', 'regret_weighted_margin|delta_regret|weighted_sum_normalized|weight_clamp_stabilized', 'pairwise_margin|cost_gap|mean|clamp_stabilized', 'regret_weighted_margin|delta_regret|weighted_mean|weight_clamp_stabilized', 'regret_weighted_margin|delta_regret_optional_cost_gap|weighted_sum_normalized|weight_and_multiplier_clamp_with_x_clip', 'pairwise_margin|cost_gap|weighted_mean|clamp_stabilized', 'proper_scoring|delta_rank_delta_regret|weighted_sum_normalized|temperature_bounded_weight_clamped']
[2026-03-02 03:10:22,726] WARNING:ptp_discovery.pref_loss_coevo: Population fill shortfall at gen=4: proposed_g=0/12 proposed_f=9/12 (seen_g=0 seen_f=48)
[2026-03-02 03:10:22,741] INFO:ptp_discovery.pref_loss_coevo: Gen 4 LLM ops: builders={} (repairs=0) losses={'LOSS_STRUCTURE_SHIFT': 3, 'E1_GENERATE': 1, 'LOSS_CONSTRAINT_INJECT': 1, 'M2': 1, 'REPAIR': 1, 'M3': 2, 'LOSS_PARADIGM_SHIFT': 2, 'E1': 1} (repairs=2) cache={'offline_mode': False, 'cache_path': 'runs/pref_loss_alternating_simple/20260301-230657/llm_cache.jsonl', 'cache_entries': 73, 'cache_hits': 0, 'cache_misses': 73}
[2026-03-02 03:10:22,741] INFO:ptp_discovery.pref_loss_coevo: Gen 4 proxy rollouts skipped: stage1_proxy=0 and stage2_micro_unroll=0
[2026-03-02 03:10:22,771] INFO:ptp_discovery.pref_loss_coevo: Alternating block status: round=0 cycle_pos=4/20 budgets(loss=128,builder=0)
[2026-03-02 03:10:22,772] INFO:ptp_discovery.pref_loss_coevo: Alternating fixed candidates resolved: fixed_g=g_ref fixed_f=f001_006_b0ba4665
[2026-03-02 03:10:22,773] INFO:ptp_discovery.pref_loss_coevo: Alternating phase=loss fixed_g=g_ref budget=128
[2026-03-02 03:10:22,773] INFO:ptp_discovery.pref_loss_coevo: EVAL_STAGES enabled: stage0_gate=1 stage1_proxy=0 stage2_micro_unroll=0 stage3_high_fidelity=1
[2026-03-02 03:10:22,773] INFO:ptp_discovery.pref_loss_coevo: Alternating phase=builder fixed_f=f001_006_b0ba4665 budget=0
[2026-03-02 03:10:22,773] INFO:ptp_discovery.pref_loss_coevo: EVAL_STAGES enabled: stage0_gate=1 stage1_proxy=0 stage2_micro_unroll=0 stage3_high_fidelity=1
[2026-03-02 03:10:22,773] INFO:ptp_discovery.pref_loss_coevo: Gate-only eval (proxy disabled) gen=4: pairs=29 cheap_gate_on=True
[2026-03-02 03:10:22,778] INFO:ptp_discovery.pref_loss_coevo: Gate-only progress gen=4: 1/29 caches(rollout=0 pref=0 pair=51)
[2026-03-02 03:10:22,803] INFO:ptp_discovery.pref_loss_coevo: Gate-only progress gen=4: 10/29 caches(rollout=0 pref=0 pair=54)
[2026-03-02 03:10:22,825] INFO:ptp_discovery.pref_loss_coevo: Gate-only progress gen=4: 20/29 caches(rollout=0 pref=0 pair=55)
[2026-03-02 03:10:22,842] INFO:ptp_discovery.pref_loss_coevo: Gate-only progress gen=4: 29/29 caches(rollout=0 pref=0 pair=59)
[2026-03-02 03:10:22,842] INFO:ptp_discovery.pref_loss_coevo: Gate-only eval done gen=4: pairs=29 elapsed_s=0.1 caches(rollout=0 pref=0 pair=59)
[2026-03-02 03:10:22,843] INFO:ptp_discovery.pref_loss_coevo: HF selection gen=4: eligible=12 selected=12 (top_m=999999 ignored)
[2026-03-02 03:10:22,844] INFO:ptp_discovery.pref_loss_coevo: HF device assignment gen=4: {'cuda:0': 3, 'cuda:1': 3, 'cuda:2': 3, 'cuda:3': 3}
[2026-03-02 03:10:22,844] INFO:ptp_discovery.pref_loss_coevo: HF eval gen=4: tasks=12 mp=True procs=4
[2026-03-02 03:10:22,844] INFO:ptp_discovery.pref_loss_coevo: High-fidelity via pinned mp: start_method=spawn processes=4 tasks=12
/data1/gushengda/eam-rl4co/PTP/fitness/free_loss_fidelity.py:51: FutureWarning: You are using `torch.load` with `weights_only=False` (the current default value), which uses the default pickle module implicitly. It is possible to construct malicious pickle data which will execute arbitrary code during unpickling (See https://github.com/pytorch/pytorch/blob/main/SECURITY.md#untrusted-models for more details). In a future release, the default value for `weights_only` will be flipped to `True`. This limits the functions that could be executed during unpickling. Arbitrary objects will no longer be allowed to be loaded via this mode unless they are explicitly allowlisted by the user via `torch.serialization.add_safe_globals`. We recommend you start setting `weights_only=True` for any use case where you don't have full control of the loaded file. Please open an issue on GitHub for any issues related to this experimental feature.
  obj = torch.load(p, map_location="cpu")
/data1/gushengda/eam-rl4co/PTP/fitness/free_loss_fidelity.py:51: FutureWarning: You are using `torch.load` with `weights_only=False` (the current default value), which uses the default pickle module implicitly. It is possible to construct malicious pickle data which will execute arbitrary code during unpickling (See https://github.com/pytorch/pytorch/blob/main/SECURITY.md#untrusted-models for more details). In a future release, the default value for `weights_only` will be flipped to `True`. This limits the functions that could be executed during unpickling. Arbitrary objects will no longer be allowed to be loaded via this mode unless they are explicitly allowlisted by the user via `torch.serialization.add_safe_globals`. We recommend you start setting `weights_only=True` for any use case where you don't have full control of the loaded file. Please open an issue on GitHub for any issues related to this experimental feature.
  obj = torch.load(p, map_location="cpu")
/data1/gushengda/eam-rl4co/PTP/fitness/free_loss_fidelity.py:51: FutureWarning: You are using `torch.load` with `weights_only=False` (the current default value), which uses the default pickle module implicitly. It is possible to construct malicious pickle data which will execute arbitrary code during unpickling (See https://github.com/pytorch/pytorch/blob/main/SECURITY.md#untrusted-models for more details). In a future release, the default value for `weights_only` will be flipped to `True`. This limits the functions that could be executed during unpickling. Arbitrary objects will no longer be allowed to be loaded via this mode unless they are explicitly allowlisted by the user via `torch.serialization.add_safe_globals`. We recommend you start setting `weights_only=True` for any use case where you don't have full control of the loaded file. Please open an issue on GitHub for any issues related to this experimental feature.
  obj = torch.load(p, map_location="cpu")
/data1/gushengda/eam-rl4co/PTP/fitness/free_loss_fidelity.py:51: FutureWarning: You are using `torch.load` with `weights_only=False` (the current default value), which uses the default pickle module implicitly. It is possible to construct malicious pickle data which will execute arbitrary code during unpickling (See https://github.com/pytorch/pytorch/blob/main/SECURITY.md#untrusted-models for more details). In a future release, the default value for `weights_only` will be flipped to `True`. This limits the functions that could be executed during unpickling. Arbitrary objects will no longer be allowed to be loaded via this mode unless they are explicitly allowlisted by the user via `torch.serialization.add_safe_globals`. We recommend you start setting `weights_only=True` for any use case where you don't have full control of the loaded file. Please open an issue on GitHub for any issues related to this experimental feature.
  obj = torch.load(p, map_location="cpu")
/data1/gushengda/eam-rl4co/PTP/fitness/free_loss_fidelity.py:435: FutureWarning: You are using `torch.load` with `weights_only=False` (the current default value), which uses the default pickle module implicitly. It is possible to construct malicious pickle data which will execute arbitrary code during unpickling (See https://github.com/pytorch/pytorch/blob/main/SECURITY.md#untrusted-models for more details). In a future release, the default value for `weights_only` will be flipped to `True`. This limits the functions that could be executed during unpickling. Arbitrary objects will no longer be allowed to be loaded via this mode unless they are explicitly allowlisted by the user via `torch.serialization.add_safe_globals`. We recommend you start setting `weights_only=True` for any use case where you don't have full control of the loaded file. Please open an issue on GitHub for any issues related to this experimental feature.
  ckpt = torch.load(ckpt_path, map_location="cpu")
/data1/gushengda/eam-rl4co/PTP/fitness/free_loss_fidelity.py:435: FutureWarning: You are using `torch.load` with `weights_only=False` (the current default value), which uses the default pickle module implicitly. It is possible to construct malicious pickle data which will execute arbitrary code during unpickling (See https://github.com/pytorch/pytorch/blob/main/SECURITY.md#untrusted-models for more details). In a future release, the default value for `weights_only` will be flipped to `True`. This limits the functions that could be executed during unpickling. Arbitrary objects will no longer be allowed to be loaded via this mode unless they are explicitly allowlisted by the user via `torch.serialization.add_safe_globals`. We recommend you start setting `weights_only=True` for any use case where you don't have full control of the loaded file. Please open an issue on GitHub for any issues related to this experimental feature.
  ckpt = torch.load(ckpt_path, map_location="cpu")
/data1/gushengda/eam-rl4co/PTP/fitness/free_loss_fidelity.py:435: FutureWarning: You are using `torch.load` with `weights_only=False` (the current default value), which uses the default pickle module implicitly. It is possible to construct malicious pickle data which will execute arbitrary code during unpickling (See https://github.com/pytorch/pytorch/blob/main/SECURITY.md#untrusted-models for more details). In a future release, the default value for `weights_only` will be flipped to `True`. This limits the functions that could be executed during unpickling. Arbitrary objects will no longer be allowed to be loaded via this mode unless they are explicitly allowlisted by the user via `torch.serialization.add_safe_globals`. We recommend you start setting `weights_only=True` for any use case where you don't have full control of the loaded file. Please open an issue on GitHub for any issues related to this experimental feature.
  ckpt = torch.load(ckpt_path, map_location="cpu")
/data1/gushengda/eam-rl4co/PTP/fitness/free_loss_fidelity.py:435: FutureWarning: You are using `torch.load` with `weights_only=False` (the current default value), which uses the default pickle module implicitly. It is possible to construct malicious pickle data which will execute arbitrary code during unpickling (See https://github.com/pytorch/pytorch/blob/main/SECURITY.md#untrusted-models for more details). In a future release, the default value for `weights_only` will be flipped to `True`. This limits the functions that could be executed during unpickling. Arbitrary objects will no longer be allowed to be loaded via this mode unless they are explicitly allowlisted by the user via `torch.serialization.add_safe_globals`. We recommend you start setting `weights_only=True` for any use case where you don't have full control of the loaded file. Please open an issue on GitHub for any issues related to this experimental feature.
  ckpt = torch.load(ckpt_path, map_location="cpu")
[2026-03-02 03:20:56,059] INFO:ptp_discovery.pref_loss_coevo: HF vs incumbent gen=4: better=0 worse=12 unknown=0 (ok=12 failed=0) ref=-0.010179360707600912 threshold=-0.013295098018291585
[2026-03-02 03:20:56,067] INFO:ptp_discovery.pref_loss_coevo: HF MF promote gen=4: K200 -> K1000 next_pool=12 (from=12) top_m=32 promote_if_better=True include_incumbent=True
[2026-03-02 03:20:56,069] INFO:ptp_discovery.pref_loss_coevo: HF MF round gen=4: K1000 fidelity=K1000 pool=12 tasks=2 mp=True procs=4 devices={'cuda:0': 1, 'cuda:1': 1}
/data1/gushengda/eam-rl4co/PTP/fitness/free_loss_fidelity.py:51: FutureWarning: You are using `torch.load` with `weights_only=False` (the current default value), which uses the default pickle module implicitly. It is possible to construct malicious pickle data which will execute arbitrary code during unpickling (See https://github.com/pytorch/pytorch/blob/main/SECURITY.md#untrusted-models for more details). In a future release, the default value for `weights_only` will be flipped to `True`. This limits the functions that could be executed during unpickling. Arbitrary objects will no longer be allowed to be loaded via this mode unless they are explicitly allowlisted by the user via `torch.serialization.add_safe_globals`. We recommend you start setting `weights_only=True` for any use case where you don't have full control of the loaded file. Please open an issue on GitHub for any issues related to this experimental feature.
  obj = torch.load(p, map_location="cpu")
/data1/gushengda/eam-rl4co/PTP/fitness/free_loss_fidelity.py:51: FutureWarning: You are using `torch.load` with `weights_only=False` (the current default value), which uses the default pickle module implicitly. It is possible to construct malicious pickle data which will execute arbitrary code during unpickling (See https://github.com/pytorch/pytorch/blob/main/SECURITY.md#untrusted-models for more details). In a future release, the default value for `weights_only` will be flipped to `True`. This limits the functions that could be executed during unpickling. Arbitrary objects will no longer be allowed to be loaded via this mode unless they are explicitly allowlisted by the user via `torch.serialization.add_safe_globals`. We recommend you start setting `weights_only=True` for any use case where you don't have full control of the loaded file. Please open an issue on GitHub for any issues related to this experimental feature.
  obj = torch.load(p, map_location="cpu")
/data1/gushengda/eam-rl4co/PTP/fitness/free_loss_fidelity.py:435: FutureWarning: You are using `torch.load` with `weights_only=False` (the current default value), which uses the default pickle module implicitly. It is possible to construct malicious pickle data which will execute arbitrary code during unpickling (See https://github.com/pytorch/pytorch/blob/main/SECURITY.md#untrusted-models for more details). In a future release, the default value for `weights_only` will be flipped to `True`. This limits the functions that could be executed during unpickling. Arbitrary objects will no longer be allowed to be loaded via this mode unless they are explicitly allowlisted by the user via `torch.serialization.add_safe_globals`. We recommend you start setting `weights_only=True` for any use case where you don't have full control of the loaded file. Please open an issue on GitHub for any issues related to this experimental feature.
  ckpt = torch.load(ckpt_path, map_location="cpu")
/data1/gushengda/eam-rl4co/PTP/fitness/free_loss_fidelity.py:435: FutureWarning: You are using `torch.load` with `weights_only=False` (the current default value), which uses the default pickle module implicitly. It is possible to construct malicious pickle data which will execute arbitrary code during unpickling (See https://github.com/pytorch/pytorch/blob/main/SECURITY.md#untrusted-models for more details). In a future release, the default value for `weights_only` will be flipped to `True`. This limits the functions that could be executed during unpickling. Arbitrary objects will no longer be allowed to be loaded via this mode unless they are explicitly allowlisted by the user via `torch.serialization.add_safe_globals`. We recommend you start setting `weights_only=True` for any use case where you don't have full control of the loaded file. Please open an issue on GitHub for any issues related to this experimental feature.
  ckpt = torch.load(ckpt_path, map_location="cpu")
[2026-03-02 03:39:23,581] INFO:ptp_discovery.pref_loss_coevo: COMPARE target=incumbent reference_score=-0.010179360707600912 threshold=-0.013295098018291585 metric_mode=minimize improve_eps=0.0031157373106906723
[2026-03-02 03:39:23,582] INFO:ptp_discovery.pref_loss_coevo: COMPARE target=last_phase last_phase=baseline reference_score=inf threshold=inf metric_mode=minimize improve_eps=0.0031157373106906723
[2026-03-02 03:39:23,583] INFO:ptp_discovery.pref_loss_coevo: Gen 4 summary: g_pool=0 f_pool=9 pairs=29 ok=12 stages={'high_fidelity': 12, 'gate': 17} top_reasons=[('cheap_gate_failed', 17), ('ok_stage3_offline_minitrain', 12)]
[2026-03-02 03:39:23,605] INFO:ptp_discovery.pref_loss_coevo: Alternating LLM gating gen=5 phase=loss llm_enabled(builder=False,loss=True)
[2026-03-02 03:39:23,605] INFO:ptp_discovery.pref_loss_coevo: === alternating generation 5/19 ===
[2026-03-02 03:39:23,605] INFO:ptp_discovery.pref_loss_coevo: EVAL_STAGES enabled: stage0_gate=1 stage1_proxy=0 stage2_micro_unroll=0 stage3_high_fidelity=1
[2026-03-02 03:39:23,605] INFO:ptp_discovery.pref_loss_coevo: INCUMBENT best_score=-0.010179360707600912 best_pair=(g_ref,f001_006_b0ba4665) best_stage=high_fidelity metric_mode=minimize improve_eps=0.0031157373106906723
[2026-03-02 03:39:23,607] INFO:ptp_discovery.pref_loss_coevo: Gen 5 start: caches(rollout=0 pref=0 pair=61) cuda(cuda:0(alloc=0.05G,resv=7.67G) cuda:1(alloc=0.00G,resv=0.00G) cuda:2(alloc=0.00G,resv=0.00G) cuda:3(alloc=0.00G,resv=0.00G))
[2026-03-02 03:39:23,607] INFO:ptp_discovery.pref_loss_coevo: Gen 5 prompt context sizes: best_builder_summary.code=0 chars best_loss_summary.code=504 chars
[2026-03-02 03:39:23,607] INFO:ptp_discovery.pref_loss_coevo: Loss exploration schedule gen=5: stagnation=2 trigger=3 explore_mode=False avoid_families=['proper_scoring|delta_rank|weighted_sum_normalized|temperature_bounded', 'regret_weighted_margin|delta_regret_optional_cost_gap|weighted_sum_normalized|weight_and_multiplier_clamp_with_x_clip', 'pairwise_margin|cost_gap|weighted_sum_normalized|clamp_stabilized', 'regret_weighted_margin|delta_regret|weighted_mean|weight_clamp_stabilized', 'pairwise_margin|cost_gap|mean|clamp_stabilized', 'proper_scoring|delta_rank|weighted_mean|temperature_bounded', 'regret_weighted_margin|delta_regret|weighted_sum_normalized|weight_clamp_stabilized', 'proper_scoring|delta_rank_delta_regret|weighted_sum_normalized|temperature_bounded_weight_clamped']
[2026-03-02 03:45:22,648] WARNING:ptp_discovery.pref_loss_coevo: Population fill shortfall at gen=5: proposed_g=0/12 proposed_f=9/12 (seen_g=0 seen_f=57)
[2026-03-02 03:45:22,664] INFO:ptp_discovery.pref_loss_coevo: Gen 5 LLM ops: builders={} (repairs=0) losses={'E1_GENERATE': 4, 'M2': 1, 'REPAIR': 3, 'M3': 5, 'LOSS_PARADIGM_SHIFT': 3, 'LOSS_STRUCTURE_SHIFT': 1} (repairs=4) cache={'offline_mode': False, 'cache_path': 'runs/pref_loss_alternating_simple/20260301-230657/llm_cache.jsonl', 'cache_entries': 97, 'cache_hits': 0, 'cache_misses': 97}
[2026-03-02 03:45:22,664] INFO:ptp_discovery.pref_loss_coevo: Gen 5 proxy rollouts skipped: stage1_proxy=0 and stage2_micro_unroll=0
[2026-03-02 03:45:22,692] INFO:ptp_discovery.pref_loss_coevo: Alternating block status: round=0 cycle_pos=5/20 budgets(loss=128,builder=0)
[2026-03-02 03:45:22,693] INFO:ptp_discovery.pref_loss_coevo: Alternating fixed candidates resolved: fixed_g=g_ref fixed_f=f001_006_b0ba4665
[2026-03-02 03:45:22,693] INFO:ptp_discovery.pref_loss_coevo: Alternating phase=loss fixed_g=g_ref budget=128
[2026-03-02 03:45:22,693] INFO:ptp_discovery.pref_loss_coevo: EVAL_STAGES enabled: stage0_gate=1 stage1_proxy=0 stage2_micro_unroll=0 stage3_high_fidelity=1
[2026-03-02 03:45:22,693] INFO:ptp_discovery.pref_loss_coevo: Alternating phase=builder fixed_f=f001_006_b0ba4665 budget=0
[2026-03-02 03:45:22,694] INFO:ptp_discovery.pref_loss_coevo: EVAL_STAGES enabled: stage0_gate=1 stage1_proxy=0 stage2_micro_unroll=0 stage3_high_fidelity=1
[2026-03-02 03:45:22,694] INFO:ptp_discovery.pref_loss_coevo: Gate-only eval (proxy disabled) gen=5: pairs=30 cheap_gate_on=True
[2026-03-02 03:45:22,694] INFO:ptp_discovery.pref_loss_coevo: Gate-only progress gen=5: 1/30 caches(rollout=0 pref=0 pair=61)
[2026-03-02 03:45:22,728] INFO:ptp_discovery.pref_loss_coevo: Gate-only progress gen=5: 10/30 caches(rollout=0 pref=0 pair=62)
[2026-03-02 03:45:22,749] INFO:ptp_discovery.pref_loss_coevo: Gate-only progress gen=5: 20/30 caches(rollout=0 pref=0 pair=65)
[2026-03-02 03:45:22,778] INFO:ptp_discovery.pref_loss_coevo: Gate-only progress gen=5: 30/30 caches(rollout=0 pref=0 pair=70)
[2026-03-02 03:45:22,778] INFO:ptp_discovery.pref_loss_coevo: Gate-only eval done gen=5: pairs=30 elapsed_s=0.1 caches(rollout=0 pref=0 pair=70)
[2026-03-02 03:45:22,779] INFO:ptp_discovery.pref_loss_coevo: HF selection gen=5: eligible=14 selected=14 (top_m=999999 ignored)
[2026-03-02 03:45:22,780] INFO:ptp_discovery.pref_loss_coevo: HF device assignment gen=5: {'cuda:0': 4, 'cuda:1': 4, 'cuda:2': 3, 'cuda:3': 3}
[2026-03-02 03:45:22,780] INFO:ptp_discovery.pref_loss_coevo: HF eval gen=5: tasks=14 mp=True procs=4
[2026-03-02 03:45:22,780] INFO:ptp_discovery.pref_loss_coevo: High-fidelity via pinned mp: start_method=spawn processes=4 tasks=14
/data1/gushengda/eam-rl4co/PTP/fitness/free_loss_fidelity.py:51: FutureWarning: You are using `torch.load` with `weights_only=False` (the current default value), which uses the default pickle module implicitly. It is possible to construct malicious pickle data which will execute arbitrary code during unpickling (See https://github.com/pytorch/pytorch/blob/main/SECURITY.md#untrusted-models for more details). In a future release, the default value for `weights_only` will be flipped to `True`. This limits the functions that could be executed during unpickling. Arbitrary objects will no longer be allowed to be loaded via this mode unless they are explicitly allowlisted by the user via `torch.serialization.add_safe_globals`. We recommend you start setting `weights_only=True` for any use case where you don't have full control of the loaded file. Please open an issue on GitHub for any issues related to this experimental feature.
  obj = torch.load(p, map_location="cpu")
/data1/gushengda/eam-rl4co/PTP/fitness/free_loss_fidelity.py:51: FutureWarning: You are using `torch.load` with `weights_only=False` (the current default value), which uses the default pickle module implicitly. It is possible to construct malicious pickle data which will execute arbitrary code during unpickling (See https://github.com/pytorch/pytorch/blob/main/SECURITY.md#untrusted-models for more details). In a future release, the default value for `weights_only` will be flipped to `True`. This limits the functions that could be executed during unpickling. Arbitrary objects will no longer be allowed to be loaded via this mode unless they are explicitly allowlisted by the user via `torch.serialization.add_safe_globals`. We recommend you start setting `weights_only=True` for any use case where you don't have full control of the loaded file. Please open an issue on GitHub for any issues related to this experimental feature.
  obj = torch.load(p, map_location="cpu")
/data1/gushengda/eam-rl4co/PTP/fitness/free_loss_fidelity.py:51: FutureWarning: You are using `torch.load` with `weights_only=False` (the current default value), which uses the default pickle module implicitly. It is possible to construct malicious pickle data which will execute arbitrary code during unpickling (See https://github.com/pytorch/pytorch/blob/main/SECURITY.md#untrusted-models for more details). In a future release, the default value for `weights_only` will be flipped to `True`. This limits the functions that could be executed during unpickling. Arbitrary objects will no longer be allowed to be loaded via this mode unless they are explicitly allowlisted by the user via `torch.serialization.add_safe_globals`. We recommend you start setting `weights_only=True` for any use case where you don't have full control of the loaded file. Please open an issue on GitHub for any issues related to this experimental feature.
  obj = torch.load(p, map_location="cpu")
/data1/gushengda/eam-rl4co/PTP/fitness/free_loss_fidelity.py:51: FutureWarning: You are using `torch.load` with `weights_only=False` (the current default value), which uses the default pickle module implicitly. It is possible to construct malicious pickle data which will execute arbitrary code during unpickling (See https://github.com/pytorch/pytorch/blob/main/SECURITY.md#untrusted-models for more details). In a future release, the default value for `weights_only` will be flipped to `True`. This limits the functions that could be executed during unpickling. Arbitrary objects will no longer be allowed to be loaded via this mode unless they are explicitly allowlisted by the user via `torch.serialization.add_safe_globals`. We recommend you start setting `weights_only=True` for any use case where you don't have full control of the loaded file. Please open an issue on GitHub for any issues related to this experimental feature.
  obj = torch.load(p, map_location="cpu")
/data1/gushengda/eam-rl4co/PTP/fitness/free_loss_fidelity.py:435: FutureWarning: You are using `torch.load` with `weights_only=False` (the current default value), which uses the default pickle module implicitly. It is possible to construct malicious pickle data which will execute arbitrary code during unpickling (See https://github.com/pytorch/pytorch/blob/main/SECURITY.md#untrusted-models for more details). In a future release, the default value for `weights_only` will be flipped to `True`. This limits the functions that could be executed during unpickling. Arbitrary objects will no longer be allowed to be loaded via this mode unless they are explicitly allowlisted by the user via `torch.serialization.add_safe_globals`. We recommend you start setting `weights_only=True` for any use case where you don't have full control of the loaded file. Please open an issue on GitHub for any issues related to this experimental feature.
  ckpt = torch.load(ckpt_path, map_location="cpu")
/data1/gushengda/eam-rl4co/PTP/fitness/free_loss_fidelity.py:435: FutureWarning: You are using `torch.load` with `weights_only=False` (the current default value), which uses the default pickle module implicitly. It is possible to construct malicious pickle data which will execute arbitrary code during unpickling (See https://github.com/pytorch/pytorch/blob/main/SECURITY.md#untrusted-models for more details). In a future release, the default value for `weights_only` will be flipped to `True`. This limits the functions that could be executed during unpickling. Arbitrary objects will no longer be allowed to be loaded via this mode unless they are explicitly allowlisted by the user via `torch.serialization.add_safe_globals`. We recommend you start setting `weights_only=True` for any use case where you don't have full control of the loaded file. Please open an issue on GitHub for any issues related to this experimental feature.
  ckpt = torch.load(ckpt_path, map_location="cpu")
/data1/gushengda/eam-rl4co/PTP/fitness/free_loss_fidelity.py:435: FutureWarning: You are using `torch.load` with `weights_only=False` (the current default value), which uses the default pickle module implicitly. It is possible to construct malicious pickle data which will execute arbitrary code during unpickling (See https://github.com/pytorch/pytorch/blob/main/SECURITY.md#untrusted-models for more details). In a future release, the default value for `weights_only` will be flipped to `True`. This limits the functions that could be executed during unpickling. Arbitrary objects will no longer be allowed to be loaded via this mode unless they are explicitly allowlisted by the user via `torch.serialization.add_safe_globals`. We recommend you start setting `weights_only=True` for any use case where you don't have full control of the loaded file. Please open an issue on GitHub for any issues related to this experimental feature.
  ckpt = torch.load(ckpt_path, map_location="cpu")
/data1/gushengda/eam-rl4co/PTP/fitness/free_loss_fidelity.py:435: FutureWarning: You are using `torch.load` with `weights_only=False` (the current default value), which uses the default pickle module implicitly. It is possible to construct malicious pickle data which will execute arbitrary code during unpickling (See https://github.com/pytorch/pytorch/blob/main/SECURITY.md#untrusted-models for more details). In a future release, the default value for `weights_only` will be flipped to `True`. This limits the functions that could be executed during unpickling. Arbitrary objects will no longer be allowed to be loaded via this mode unless they are explicitly allowlisted by the user via `torch.serialization.add_safe_globals`. We recommend you start setting `weights_only=True` for any use case where you don't have full control of the loaded file. Please open an issue on GitHub for any issues related to this experimental feature.
  ckpt = torch.load(ckpt_path, map_location="cpu")
[2026-03-02 03:58:33,913] INFO:ptp_discovery.pref_loss_coevo: HF vs incumbent gen=5: better=0 worse=14 unknown=0 (ok=14 failed=0) ref=-0.010179360707600912 threshold=-0.013295098018291585
[2026-03-02 03:58:33,915] INFO:ptp_discovery.pref_loss_coevo: HF MF promote gen=5: K200 -> K1000 next_pool=14 (from=14) top_m=32 promote_if_better=True include_incumbent=True
[2026-03-02 03:58:33,916] INFO:ptp_discovery.pref_loss_coevo: HF MF round gen=5: K1000 fidelity=K1000 pool=14 tasks=3 mp=True procs=4 devices={'cuda:0': 1, 'cuda:1': 1, 'cuda:2': 1}
/data1/gushengda/eam-rl4co/PTP/fitness/free_loss_fidelity.py:51: FutureWarning: You are using `torch.load` with `weights_only=False` (the current default value), which uses the default pickle module implicitly. It is possible to construct malicious pickle data which will execute arbitrary code during unpickling (See https://github.com/pytorch/pytorch/blob/main/SECURITY.md#untrusted-models for more details). In a future release, the default value for `weights_only` will be flipped to `True`. This limits the functions that could be executed during unpickling. Arbitrary objects will no longer be allowed to be loaded via this mode unless they are explicitly allowlisted by the user via `torch.serialization.add_safe_globals`. We recommend you start setting `weights_only=True` for any use case where you don't have full control of the loaded file. Please open an issue on GitHub for any issues related to this experimental feature.
  obj = torch.load(p, map_location="cpu")
/data1/gushengda/eam-rl4co/PTP/fitness/free_loss_fidelity.py:51: FutureWarning: You are using `torch.load` with `weights_only=False` (the current default value), which uses the default pickle module implicitly. It is possible to construct malicious pickle data which will execute arbitrary code during unpickling (See https://github.com/pytorch/pytorch/blob/main/SECURITY.md#untrusted-models for more details). In a future release, the default value for `weights_only` will be flipped to `True`. This limits the functions that could be executed during unpickling. Arbitrary objects will no longer be allowed to be loaded via this mode unless they are explicitly allowlisted by the user via `torch.serialization.add_safe_globals`. We recommend you start setting `weights_only=True` for any use case where you don't have full control of the loaded file. Please open an issue on GitHub for any issues related to this experimental feature.
  obj = torch.load(p, map_location="cpu")
/data1/gushengda/eam-rl4co/PTP/fitness/free_loss_fidelity.py:51: FutureWarning: You are using `torch.load` with `weights_only=False` (the current default value), which uses the default pickle module implicitly. It is possible to construct malicious pickle data which will execute arbitrary code during unpickling (See https://github.com/pytorch/pytorch/blob/main/SECURITY.md#untrusted-models for more details). In a future release, the default value for `weights_only` will be flipped to `True`. This limits the functions that could be executed during unpickling. Arbitrary objects will no longer be allowed to be loaded via this mode unless they are explicitly allowlisted by the user via `torch.serialization.add_safe_globals`. We recommend you start setting `weights_only=True` for any use case where you don't have full control of the loaded file. Please open an issue on GitHub for any issues related to this experimental feature.
  obj = torch.load(p, map_location="cpu")
/data1/gushengda/eam-rl4co/PTP/fitness/free_loss_fidelity.py:435: FutureWarning: You are using `torch.load` with `weights_only=False` (the current default value), which uses the default pickle module implicitly. It is possible to construct malicious pickle data which will execute arbitrary code during unpickling (See https://github.com/pytorch/pytorch/blob/main/SECURITY.md#untrusted-models for more details). In a future release, the default value for `weights_only` will be flipped to `True`. This limits the functions that could be executed during unpickling. Arbitrary objects will no longer be allowed to be loaded via this mode unless they are explicitly allowlisted by the user via `torch.serialization.add_safe_globals`. We recommend you start setting `weights_only=True` for any use case where you don't have full control of the loaded file. Please open an issue on GitHub for any issues related to this experimental feature.
  ckpt = torch.load(ckpt_path, map_location="cpu")
/data1/gushengda/eam-rl4co/PTP/fitness/free_loss_fidelity.py:435: FutureWarning: You are using `torch.load` with `weights_only=False` (the current default value), which uses the default pickle module implicitly. It is possible to construct malicious pickle data which will execute arbitrary code during unpickling (See https://github.com/pytorch/pytorch/blob/main/SECURITY.md#untrusted-models for more details). In a future release, the default value for `weights_only` will be flipped to `True`. This limits the functions that could be executed during unpickling. Arbitrary objects will no longer be allowed to be loaded via this mode unless they are explicitly allowlisted by the user via `torch.serialization.add_safe_globals`. We recommend you start setting `weights_only=True` for any use case where you don't have full control of the loaded file. Please open an issue on GitHub for any issues related to this experimental feature.
  ckpt = torch.load(ckpt_path, map_location="cpu")
/data1/gushengda/eam-rl4co/PTP/fitness/free_loss_fidelity.py:435: FutureWarning: You are using `torch.load` with `weights_only=False` (the current default value), which uses the default pickle module implicitly. It is possible to construct malicious pickle data which will execute arbitrary code during unpickling (See https://github.com/pytorch/pytorch/blob/main/SECURITY.md#untrusted-models for more details). In a future release, the default value for `weights_only` will be flipped to `True`. This limits the functions that could be executed during unpickling. Arbitrary objects will no longer be allowed to be loaded via this mode unless they are explicitly allowlisted by the user via `torch.serialization.add_safe_globals`. We recommend you start setting `weights_only=True` for any use case where you don't have full control of the loaded file. Please open an issue on GitHub for any issues related to this experimental feature.
  ckpt = torch.load(ckpt_path, map_location="cpu")
[2026-03-02 04:16:53,857] INFO:ptp_discovery.pref_loss_coevo: COMPARE target=incumbent reference_score=-0.010179360707600912 threshold=-0.013295098018291585 metric_mode=minimize improve_eps=0.0031157373106906723
[2026-03-02 04:16:53,857] INFO:ptp_discovery.pref_loss_coevo: COMPARE target=last_phase last_phase=baseline reference_score=inf threshold=inf metric_mode=minimize improve_eps=0.0031157373106906723
[2026-03-02 04:16:53,858] INFO:ptp_discovery.pref_loss_coevo: Gen 5 summary: g_pool=0 f_pool=9 pairs=30 ok=14 stages={'gate': 16, 'high_fidelity': 14} top_reasons=[('cheap_gate_failed', 16), ('ok_stage3_offline_minitrain', 14)]
[2026-03-02 04:16:53,887] INFO:ptp_discovery.pref_loss_coevo: Alternating LLM gating gen=6 phase=loss llm_enabled(builder=False,loss=True)
[2026-03-02 04:16:53,887] INFO:ptp_discovery.pref_loss_coevo: === alternating generation 6/19 ===
[2026-03-02 04:16:53,887] INFO:ptp_discovery.pref_loss_coevo: EVAL_STAGES enabled: stage0_gate=1 stage1_proxy=0 stage2_micro_unroll=0 stage3_high_fidelity=1
[2026-03-02 04:16:53,887] INFO:ptp_discovery.pref_loss_coevo: INCUMBENT best_score=-0.010179360707600912 best_pair=(g_ref,f001_006_b0ba4665) best_stage=high_fidelity metric_mode=minimize improve_eps=0.0031157373106906723
[2026-03-02 04:16:53,888] INFO:ptp_discovery.pref_loss_coevo: Gen 6 start: caches(rollout=0 pref=0 pair=73) cuda(cuda:0(alloc=0.05G,resv=7.67G) cuda:1(alloc=0.00G,resv=0.00G) cuda:2(alloc=0.00G,resv=0.00G) cuda:3(alloc=0.00G,resv=0.00G))
[2026-03-02 04:16:53,889] INFO:ptp_discovery.pref_loss_coevo: Gen 6 prompt context sizes: best_builder_summary.code=0 chars best_loss_summary.code=504 chars
[2026-03-02 04:16:53,889] INFO:ptp_discovery.pref_loss_coevo: Loss exploration schedule gen=6: stagnation=3 trigger=3 explore_mode=True avoid_families=['proper_scoring|delta_rank|weighted_sum_normalized|temperature_bounded', 'pairwise_margin|cost_gap|weighted_sum_normalized|clamp_stabilized', 'regret_weighted_margin|delta_regret_optional_cost_gap|weighted_sum_normalized|weight_and_multiplier_clamp_with_x_clip', 'proper_scoring|delta_rank_delta_regret|weighted_sum_normalized|temperature_bounded_weight_clamped', 'regret_weighted_margin|delta_regret|weighted_mean|weight_clamp_stabilized', 'pairwise_margin|cost_gap|mean|clamp_stabilized', 'proper_scoring|delta_regret|weighted_sum_normalized|bounded_scale_detached_signal', 'regret_weighted_margin|delta_regret|weighted_sum_normalized|scale_bounded_xclip']
[2026-03-02 04:20:32,683] WARNING:ptp_discovery.pref_loss_coevo: Population fill shortfall at gen=6: proposed_g=0/12 proposed_f=9/12 (seen_g=0 seen_f=66)
[2026-03-02 04:20:32,696] INFO:ptp_discovery.pref_loss_coevo: Gen 6 LLM ops: builders={} (repairs=0) losses={'LOSS_STRUCTURE_SHIFT': 3, 'LOSS_PARADIGM_SHIFT': 1, 'E1_GENERATE': 2, 'M2': 1, 'REPAIR': 2, 'M3': 2, 'E1': 1, 'LOSS_CONSTRAINT_INJECT': 1} (repairs=2) cache={'offline_mode': False, 'cache_path': 'runs/pref_loss_alternating_simple/20260301-230657/llm_cache.jsonl', 'cache_entries': 110, 'cache_hits': 0, 'cache_misses': 110}
[2026-03-02 04:20:32,696] INFO:ptp_discovery.pref_loss_coevo: Gen 6 proxy rollouts skipped: stage1_proxy=0 and stage2_micro_unroll=0
[2026-03-02 04:20:32,726] INFO:ptp_discovery.pref_loss_coevo: Alternating block status: round=0 cycle_pos=6/20 budgets(loss=128,builder=0)
[2026-03-02 04:20:32,728] INFO:ptp_discovery.pref_loss_coevo: Alternating fixed candidates resolved: fixed_g=g_ref fixed_f=f001_006_b0ba4665
[2026-03-02 04:20:32,728] INFO:ptp_discovery.pref_loss_coevo: Alternating phase=loss fixed_g=g_ref budget=128
[2026-03-02 04:20:32,728] INFO:ptp_discovery.pref_loss_coevo: EVAL_STAGES enabled: stage0_gate=1 stage1_proxy=0 stage2_micro_unroll=0 stage3_high_fidelity=1
[2026-03-02 04:20:32,728] INFO:ptp_discovery.pref_loss_coevo: Alternating phase=builder fixed_f=f001_006_b0ba4665 budget=0
[2026-03-02 04:20:32,728] INFO:ptp_discovery.pref_loss_coevo: EVAL_STAGES enabled: stage0_gate=1 stage1_proxy=0 stage2_micro_unroll=0 stage3_high_fidelity=1
[2026-03-02 04:20:32,728] INFO:ptp_discovery.pref_loss_coevo: Gate-only eval (proxy disabled) gen=6: pairs=32 cheap_gate_on=True
[2026-03-02 04:20:32,729] INFO:ptp_discovery.pref_loss_coevo: Gate-only progress gen=6: 1/32 caches(rollout=0 pref=0 pair=73)
[2026-03-02 04:20:32,763] INFO:ptp_discovery.pref_loss_coevo: Gate-only progress gen=6: 10/32 caches(rollout=0 pref=0 pair=76)
[2026-03-02 04:20:32,800] INFO:ptp_discovery.pref_loss_coevo: Gate-only progress gen=6: 20/32 caches(rollout=0 pref=0 pair=80)
[2026-03-02 04:20:32,820] INFO:ptp_discovery.pref_loss_coevo: Gate-only progress gen=6: 30/32 caches(rollout=0 pref=0 pair=81)
[2026-03-02 04:20:32,823] INFO:ptp_discovery.pref_loss_coevo: Gate-only progress gen=6: 32/32 caches(rollout=0 pref=0 pair=82)
[2026-03-02 04:20:32,823] INFO:ptp_discovery.pref_loss_coevo: Gate-only eval done gen=6: pairs=32 elapsed_s=0.1 caches(rollout=0 pref=0 pair=82)
[2026-03-02 04:20:32,824] INFO:ptp_discovery.pref_loss_coevo: HF selection gen=6: eligible=19 selected=19 (top_m=999999 ignored)
[2026-03-02 04:20:32,825] INFO:ptp_discovery.pref_loss_coevo: HF device assignment gen=6: {'cuda:0': 5, 'cuda:1': 5, 'cuda:2': 5, 'cuda:3': 4}
[2026-03-02 04:20:32,825] INFO:ptp_discovery.pref_loss_coevo: HF eval gen=6: tasks=19 mp=True procs=4
[2026-03-02 04:20:32,825] INFO:ptp_discovery.pref_loss_coevo: High-fidelity via pinned mp: start_method=spawn processes=4 tasks=19
/data1/gushengda/eam-rl4co/PTP/fitness/free_loss_fidelity.py:51: FutureWarning: You are using `torch.load` with `weights_only=False` (the current default value), which uses the default pickle module implicitly. It is possible to construct malicious pickle data which will execute arbitrary code during unpickling (See https://github.com/pytorch/pytorch/blob/main/SECURITY.md#untrusted-models for more details). In a future release, the default value for `weights_only` will be flipped to `True`. This limits the functions that could be executed during unpickling. Arbitrary objects will no longer be allowed to be loaded via this mode unless they are explicitly allowlisted by the user via `torch.serialization.add_safe_globals`. We recommend you start setting `weights_only=True` for any use case where you don't have full control of the loaded file. Please open an issue on GitHub for any issues related to this experimental feature.
  obj = torch.load(p, map_location="cpu")
/data1/gushengda/eam-rl4co/PTP/fitness/free_loss_fidelity.py:51: FutureWarning: You are using `torch.load` with `weights_only=False` (the current default value), which uses the default pickle module implicitly. It is possible to construct malicious pickle data which will execute arbitrary code during unpickling (See https://github.com/pytorch/pytorch/blob/main/SECURITY.md#untrusted-models for more details). In a future release, the default value for `weights_only` will be flipped to `True`. This limits the functions that could be executed during unpickling. Arbitrary objects will no longer be allowed to be loaded via this mode unless they are explicitly allowlisted by the user via `torch.serialization.add_safe_globals`. We recommend you start setting `weights_only=True` for any use case where you don't have full control of the loaded file. Please open an issue on GitHub for any issues related to this experimental feature.
  obj = torch.load(p, map_location="cpu")
/data1/gushengda/eam-rl4co/PTP/fitness/free_loss_fidelity.py:51: FutureWarning: You are using `torch.load` with `weights_only=False` (the current default value), which uses the default pickle module implicitly. It is possible to construct malicious pickle data which will execute arbitrary code during unpickling (See https://github.com/pytorch/pytorch/blob/main/SECURITY.md#untrusted-models for more details). In a future release, the default value for `weights_only` will be flipped to `True`. This limits the functions that could be executed during unpickling. Arbitrary objects will no longer be allowed to be loaded via this mode unless they are explicitly allowlisted by the user via `torch.serialization.add_safe_globals`. We recommend you start setting `weights_only=True` for any use case where you don't have full control of the loaded file. Please open an issue on GitHub for any issues related to this experimental feature.
  obj = torch.load(p, map_location="cpu")
/data1/gushengda/eam-rl4co/PTP/fitness/free_loss_fidelity.py:51: FutureWarning: You are using `torch.load` with `weights_only=False` (the current default value), which uses the default pickle module implicitly. It is possible to construct malicious pickle data which will execute arbitrary code during unpickling (See https://github.com/pytorch/pytorch/blob/main/SECURITY.md#untrusted-models for more details). In a future release, the default value for `weights_only` will be flipped to `True`. This limits the functions that could be executed during unpickling. Arbitrary objects will no longer be allowed to be loaded via this mode unless they are explicitly allowlisted by the user via `torch.serialization.add_safe_globals`. We recommend you start setting `weights_only=True` for any use case where you don't have full control of the loaded file. Please open an issue on GitHub for any issues related to this experimental feature.
  obj = torch.load(p, map_location="cpu")
/data1/gushengda/eam-rl4co/PTP/fitness/free_loss_fidelity.py:435: FutureWarning: You are using `torch.load` with `weights_only=False` (the current default value), which uses the default pickle module implicitly. It is possible to construct malicious pickle data which will execute arbitrary code during unpickling (See https://github.com/pytorch/pytorch/blob/main/SECURITY.md#untrusted-models for more details). In a future release, the default value for `weights_only` will be flipped to `True`. This limits the functions that could be executed during unpickling. Arbitrary objects will no longer be allowed to be loaded via this mode unless they are explicitly allowlisted by the user via `torch.serialization.add_safe_globals`. We recommend you start setting `weights_only=True` for any use case where you don't have full control of the loaded file. Please open an issue on GitHub for any issues related to this experimental feature.
  ckpt = torch.load(ckpt_path, map_location="cpu")
/data1/gushengda/eam-rl4co/PTP/fitness/free_loss_fidelity.py:435: FutureWarning: You are using `torch.load` with `weights_only=False` (the current default value), which uses the default pickle module implicitly. It is possible to construct malicious pickle data which will execute arbitrary code during unpickling (See https://github.com/pytorch/pytorch/blob/main/SECURITY.md#untrusted-models for more details). In a future release, the default value for `weights_only` will be flipped to `True`. This limits the functions that could be executed during unpickling. Arbitrary objects will no longer be allowed to be loaded via this mode unless they are explicitly allowlisted by the user via `torch.serialization.add_safe_globals`. We recommend you start setting `weights_only=True` for any use case where you don't have full control of the loaded file. Please open an issue on GitHub for any issues related to this experimental feature.
  ckpt = torch.load(ckpt_path, map_location="cpu")
/data1/gushengda/eam-rl4co/PTP/fitness/free_loss_fidelity.py:435: FutureWarning: You are using `torch.load` with `weights_only=False` (the current default value), which uses the default pickle module implicitly. It is possible to construct malicious pickle data which will execute arbitrary code during unpickling (See https://github.com/pytorch/pytorch/blob/main/SECURITY.md#untrusted-models for more details). In a future release, the default value for `weights_only` will be flipped to `True`. This limits the functions that could be executed during unpickling. Arbitrary objects will no longer be allowed to be loaded via this mode unless they are explicitly allowlisted by the user via `torch.serialization.add_safe_globals`. We recommend you start setting `weights_only=True` for any use case where you don't have full control of the loaded file. Please open an issue on GitHub for any issues related to this experimental feature.
  ckpt = torch.load(ckpt_path, map_location="cpu")
/data1/gushengda/eam-rl4co/PTP/fitness/free_loss_fidelity.py:435: FutureWarning: You are using `torch.load` with `weights_only=False` (the current default value), which uses the default pickle module implicitly. It is possible to construct malicious pickle data which will execute arbitrary code during unpickling (See https://github.com/pytorch/pytorch/blob/main/SECURITY.md#untrusted-models for more details). In a future release, the default value for `weights_only` will be flipped to `True`. This limits the functions that could be executed during unpickling. Arbitrary objects will no longer be allowed to be loaded via this mode unless they are explicitly allowlisted by the user via `torch.serialization.add_safe_globals`. We recommend you start setting `weights_only=True` for any use case where you don't have full control of the loaded file. Please open an issue on GitHub for any issues related to this experimental feature.
  ckpt = torch.load(ckpt_path, map_location="cpu")
[2026-03-02 04:37:38,586] INFO:ptp_discovery.pref_loss_coevo: HF vs incumbent gen=6: better=1 worse=18 unknown=0 (ok=19 failed=0) ref=-0.010179360707600912 threshold=-0.013295098018291585
[2026-03-02 04:37:38,588] INFO:ptp_discovery.pref_loss_coevo: HF MF promote gen=6: K200 -> K1000 next_pool=19 (from=19) top_m=32 promote_if_better=True include_incumbent=True
[2026-03-02 04:37:38,590] INFO:ptp_discovery.pref_loss_coevo: HF MF round gen=6: K1000 fidelity=K1000 pool=19 tasks=6 mp=True procs=4 devices={'cuda:0': 2, 'cuda:1': 2, 'cuda:2': 1, 'cuda:3': 1}
/data1/gushengda/eam-rl4co/PTP/fitness/free_loss_fidelity.py:51: FutureWarning: You are using `torch.load` with `weights_only=False` (the current default value), which uses the default pickle module implicitly. It is possible to construct malicious pickle data which will execute arbitrary code during unpickling (See https://github.com/pytorch/pytorch/blob/main/SECURITY.md#untrusted-models for more details). In a future release, the default value for `weights_only` will be flipped to `True`. This limits the functions that could be executed during unpickling. Arbitrary objects will no longer be allowed to be loaded via this mode unless they are explicitly allowlisted by the user via `torch.serialization.add_safe_globals`. We recommend you start setting `weights_only=True` for any use case where you don't have full control of the loaded file. Please open an issue on GitHub for any issues related to this experimental feature.
  obj = torch.load(p, map_location="cpu")
/data1/gushengda/eam-rl4co/PTP/fitness/free_loss_fidelity.py:51: FutureWarning: You are using `torch.load` with `weights_only=False` (the current default value), which uses the default pickle module implicitly. It is possible to construct malicious pickle data which will execute arbitrary code during unpickling (See https://github.com/pytorch/pytorch/blob/main/SECURITY.md#untrusted-models for more details). In a future release, the default value for `weights_only` will be flipped to `True`. This limits the functions that could be executed during unpickling. Arbitrary objects will no longer be allowed to be loaded via this mode unless they are explicitly allowlisted by the user via `torch.serialization.add_safe_globals`. We recommend you start setting `weights_only=True` for any use case where you don't have full control of the loaded file. Please open an issue on GitHub for any issues related to this experimental feature.
  obj = torch.load(p, map_location="cpu")
/data1/gushengda/eam-rl4co/PTP/fitness/free_loss_fidelity.py:51: FutureWarning: You are using `torch.load` with `weights_only=False` (the current default value), which uses the default pickle module implicitly. It is possible to construct malicious pickle data which will execute arbitrary code during unpickling (See https://github.com/pytorch/pytorch/blob/main/SECURITY.md#untrusted-models for more details). In a future release, the default value for `weights_only` will be flipped to `True`. This limits the functions that could be executed during unpickling. Arbitrary objects will no longer be allowed to be loaded via this mode unless they are explicitly allowlisted by the user via `torch.serialization.add_safe_globals`. We recommend you start setting `weights_only=True` for any use case where you don't have full control of the loaded file. Please open an issue on GitHub for any issues related to this experimental feature.
  obj = torch.load(p, map_location="cpu")
/data1/gushengda/eam-rl4co/PTP/fitness/free_loss_fidelity.py:51: FutureWarning: You are using `torch.load` with `weights_only=False` (the current default value), which uses the default pickle module implicitly. It is possible to construct malicious pickle data which will execute arbitrary code during unpickling (See https://github.com/pytorch/pytorch/blob/main/SECURITY.md#untrusted-models for more details). In a future release, the default value for `weights_only` will be flipped to `True`. This limits the functions that could be executed during unpickling. Arbitrary objects will no longer be allowed to be loaded via this mode unless they are explicitly allowlisted by the user via `torch.serialization.add_safe_globals`. We recommend you start setting `weights_only=True` for any use case where you don't have full control of the loaded file. Please open an issue on GitHub for any issues related to this experimental feature.
  obj = torch.load(p, map_location="cpu")
/data1/gushengda/eam-rl4co/PTP/fitness/free_loss_fidelity.py:435: FutureWarning: You are using `torch.load` with `weights_only=False` (the current default value), which uses the default pickle module implicitly. It is possible to construct malicious pickle data which will execute arbitrary code during unpickling (See https://github.com/pytorch/pytorch/blob/main/SECURITY.md#untrusted-models for more details). In a future release, the default value for `weights_only` will be flipped to `True`. This limits the functions that could be executed during unpickling. Arbitrary objects will no longer be allowed to be loaded via this mode unless they are explicitly allowlisted by the user via `torch.serialization.add_safe_globals`. We recommend you start setting `weights_only=True` for any use case where you don't have full control of the loaded file. Please open an issue on GitHub for any issues related to this experimental feature.
  ckpt = torch.load(ckpt_path, map_location="cpu")
/data1/gushengda/eam-rl4co/PTP/fitness/free_loss_fidelity.py:435: FutureWarning: You are using `torch.load` with `weights_only=False` (the current default value), which uses the default pickle module implicitly. It is possible to construct malicious pickle data which will execute arbitrary code during unpickling (See https://github.com/pytorch/pytorch/blob/main/SECURITY.md#untrusted-models for more details). In a future release, the default value for `weights_only` will be flipped to `True`. This limits the functions that could be executed during unpickling. Arbitrary objects will no longer be allowed to be loaded via this mode unless they are explicitly allowlisted by the user via `torch.serialization.add_safe_globals`. We recommend you start setting `weights_only=True` for any use case where you don't have full control of the loaded file. Please open an issue on GitHub for any issues related to this experimental feature.
  ckpt = torch.load(ckpt_path, map_location="cpu")
/data1/gushengda/eam-rl4co/PTP/fitness/free_loss_fidelity.py:435: FutureWarning: You are using `torch.load` with `weights_only=False` (the current default value), which uses the default pickle module implicitly. It is possible to construct malicious pickle data which will execute arbitrary code during unpickling (See https://github.com/pytorch/pytorch/blob/main/SECURITY.md#untrusted-models for more details). In a future release, the default value for `weights_only` will be flipped to `True`. This limits the functions that could be executed during unpickling. Arbitrary objects will no longer be allowed to be loaded via this mode unless they are explicitly allowlisted by the user via `torch.serialization.add_safe_globals`. We recommend you start setting `weights_only=True` for any use case where you don't have full control of the loaded file. Please open an issue on GitHub for any issues related to this experimental feature.
  ckpt = torch.load(ckpt_path, map_location="cpu")
/data1/gushengda/eam-rl4co/PTP/fitness/free_loss_fidelity.py:435: FutureWarning: You are using `torch.load` with `weights_only=False` (the current default value), which uses the default pickle module implicitly. It is possible to construct malicious pickle data which will execute arbitrary code during unpickling (See https://github.com/pytorch/pytorch/blob/main/SECURITY.md#untrusted-models for more details). In a future release, the default value for `weights_only` will be flipped to `True`. This limits the functions that could be executed during unpickling. Arbitrary objects will no longer be allowed to be loaded via this mode unless they are explicitly allowlisted by the user via `torch.serialization.add_safe_globals`. We recommend you start setting `weights_only=True` for any use case where you don't have full control of the loaded file. Please open an issue on GitHub for any issues related to this experimental feature.
  ckpt = torch.load(ckpt_path, map_location="cpu")
[2026-03-02 05:10:02,835] INFO:ptp_discovery.pref_loss_coevo: COMPARE target=incumbent reference_score=-0.010179360707600912 threshold=-0.013295098018291585 metric_mode=minimize improve_eps=0.0031157373106906723
[2026-03-02 05:10:02,836] INFO:ptp_discovery.pref_loss_coevo: COMPARE target=last_phase last_phase=baseline reference_score=inf threshold=inf metric_mode=minimize improve_eps=0.0031157373106906723
[2026-03-02 05:10:02,837] INFO:ptp_discovery.pref_loss_coevo: NEW BEST: score=-0.013317406177520752 ref=-0.010179360707600912 delta=0.00313804546991984 pair=(g_ref,f000_008_c6a6dbdd) stage=high_fidelity gen=6 phase=loss threshold=-0.013295098018291585 compare_target=incumbent improve_eps=0.0031157373106906723
[2026-03-02 05:10:02,838] INFO:ptp_discovery.pref_loss_coevo: Gen 6 summary: g_pool=0 f_pool=9 pairs=32 ok=19 stages={'gate': 13, 'high_fidelity': 19} top_reasons=[('ok_stage3_offline_minitrain', 19), ('cheap_gate_failed', 13)]
[2026-03-02 05:10:02,865] INFO:ptp_discovery.pref_loss_coevo: Alternating LLM gating gen=7 phase=loss llm_enabled(builder=False,loss=True)
[2026-03-02 05:10:02,865] INFO:ptp_discovery.pref_loss_coevo: === alternating generation 7/19 ===
[2026-03-02 05:10:02,865] INFO:ptp_discovery.pref_loss_coevo: EVAL_STAGES enabled: stage0_gate=1 stage1_proxy=0 stage2_micro_unroll=0 stage3_high_fidelity=1
[2026-03-02 05:10:02,865] INFO:ptp_discovery.pref_loss_coevo: INCUMBENT best_score=-0.013317406177520752 best_pair=(g_ref,f000_008_c6a6dbdd) best_stage=high_fidelity metric_mode=minimize improve_eps=0.0031157373106906723
[2026-03-02 05:10:02,866] INFO:ptp_discovery.pref_loss_coevo: Gen 7 start: caches(rollout=0 pref=0 pair=88) cuda(cuda:0(alloc=0.05G,resv=7.67G) cuda:1(alloc=0.00G,resv=0.00G) cuda:2(alloc=0.00G,resv=0.00G) cuda:3(alloc=0.00G,resv=0.00G))
[2026-03-02 05:10:02,866] INFO:ptp_discovery.pref_loss_coevo: Gen 7 prompt context sizes: best_builder_summary.code=0 chars best_loss_summary.code=504 chars
[2026-03-02 05:10:02,866] INFO:ptp_discovery.pref_loss_coevo: Loss exploration schedule gen=7: stagnation=0 trigger=3 explore_mode=False avoid_families=['pairwise_margin|cost_gap|mean|clamp_stabilized', 'proper_scoring|delta_rank|weighted_mean|temperature_bounded', 'pairwise_margin|cost_gap|weighted_sum_normalized|clamp_stabilized', 'regret_weighted_margin|delta_regret_optional_cost_gap|weighted_sum_normalized|weight_and_multiplier_clamp_with_x_clip', 'target_margin_regression|delta_z|weighted_mean|tanh_winsorized_target_nonneg_weight', 'confidence_weighted_margin|delta_z|weighted_sum_normalized|detached_signal_bounded_gate', 'proper_scoring|delta_rank|weighted_sum_normalized|shift_invariant_centering_xclip_weight_clamp', 'proper_scoring|delta_regret|weighted_sum_normalized|bounded_scale_detached_signal']
[2026-03-02 05:16:27,429] WARNING:ptp_discovery.pref_loss_coevo: Population fill shortfall at gen=7: proposed_g=0/12 proposed_f=9/12 (seen_g=0 seen_f=75)
[2026-03-02 05:16:27,442] INFO:ptp_discovery.pref_loss_coevo: Gen 7 LLM ops: builders={} (repairs=0) losses={'E1_GENERATE': 2, 'M2': 2, 'REPAIR': 4, 'M3': 4, 'LOSS_STRUCTURE_SHIFT': 3, 'LOSS_CONSTRAINT_INJECT': 1, 'LOSS_PARADIGM_SHIFT': 1} (repairs=4) cache={'offline_mode': False, 'cache_path': 'runs/pref_loss_alternating_simple/20260301-230657/llm_cache.jsonl', 'cache_entries': 132, 'cache_hits': 0, 'cache_misses': 132}
[2026-03-02 05:16:27,443] INFO:ptp_discovery.pref_loss_coevo: Gen 7 proxy rollouts skipped: stage1_proxy=0 and stage2_micro_unroll=0
[2026-03-02 05:16:27,477] INFO:ptp_discovery.pref_loss_coevo: Alternating block status: round=0 cycle_pos=7/20 budgets(loss=128,builder=0)
[2026-03-02 05:16:27,478] INFO:ptp_discovery.pref_loss_coevo: Alternating fixed candidates resolved: fixed_g=g_ref fixed_f=f000_008_c6a6dbdd
[2026-03-02 05:16:27,478] INFO:ptp_discovery.pref_loss_coevo: Alternating phase=loss fixed_g=g_ref budget=128
[2026-03-02 05:16:27,478] INFO:ptp_discovery.pref_loss_coevo: EVAL_STAGES enabled: stage0_gate=1 stage1_proxy=0 stage2_micro_unroll=0 stage3_high_fidelity=1
[2026-03-02 05:16:27,478] INFO:ptp_discovery.pref_loss_coevo: Alternating phase=builder fixed_f=f000_008_c6a6dbdd budget=0
[2026-03-02 05:16:27,478] INFO:ptp_discovery.pref_loss_coevo: EVAL_STAGES enabled: stage0_gate=1 stage1_proxy=0 stage2_micro_unroll=0 stage3_high_fidelity=1
[2026-03-02 05:16:27,479] INFO:ptp_discovery.pref_loss_coevo: Gate-only eval (proxy disabled) gen=7: pairs=35 cheap_gate_on=True
[2026-03-02 05:16:27,485] INFO:ptp_discovery.pref_loss_coevo: Gate-only progress gen=7: 1/35 caches(rollout=0 pref=0 pair=88)
[2026-03-02 05:16:27,519] INFO:ptp_discovery.pref_loss_coevo: Gate-only progress gen=7: 10/35 caches(rollout=0 pref=0 pair=91)
[2026-03-02 05:16:27,553] INFO:ptp_discovery.pref_loss_coevo: Gate-only progress gen=7: 20/35 caches(rollout=0 pref=0 pair=94)
[2026-03-02 05:16:27,573] INFO:ptp_discovery.pref_loss_coevo: Gate-only progress gen=7: 30/35 caches(rollout=0 pref=0 pair=96)
[2026-03-02 05:16:27,585] INFO:ptp_discovery.pref_loss_coevo: Gate-only progress gen=7: 35/35 caches(rollout=0 pref=0 pair=97)
[2026-03-02 05:16:27,585] INFO:ptp_discovery.pref_loss_coevo: Gate-only eval done gen=7: pairs=35 elapsed_s=0.1 caches(rollout=0 pref=0 pair=97)
[2026-03-02 05:16:27,585] INFO:ptp_discovery.pref_loss_coevo: HF selection gen=7: eligible=20 selected=20 (top_m=999999 ignored)
[2026-03-02 05:16:27,586] INFO:ptp_discovery.pref_loss_coevo: HF device assignment gen=7: {'cuda:0': 5, 'cuda:1': 5, 'cuda:2': 5, 'cuda:3': 5}
[2026-03-02 05:16:27,586] INFO:ptp_discovery.pref_loss_coevo: HF eval gen=7: tasks=20 mp=True procs=4
[2026-03-02 05:16:27,586] INFO:ptp_discovery.pref_loss_coevo: High-fidelity via pinned mp: start_method=spawn processes=4 tasks=20
/data1/gushengda/eam-rl4co/PTP/fitness/free_loss_fidelity.py:51: FutureWarning: You are using `torch.load` with `weights_only=False` (the current default value), which uses the default pickle module implicitly. It is possible to construct malicious pickle data which will execute arbitrary code during unpickling (See https://github.com/pytorch/pytorch/blob/main/SECURITY.md#untrusted-models for more details). In a future release, the default value for `weights_only` will be flipped to `True`. This limits the functions that could be executed during unpickling. Arbitrary objects will no longer be allowed to be loaded via this mode unless they are explicitly allowlisted by the user via `torch.serialization.add_safe_globals`. We recommend you start setting `weights_only=True` for any use case where you don't have full control of the loaded file. Please open an issue on GitHub for any issues related to this experimental feature.
  obj = torch.load(p, map_location="cpu")
/data1/gushengda/eam-rl4co/PTP/fitness/free_loss_fidelity.py:51: FutureWarning: You are using `torch.load` with `weights_only=False` (the current default value), which uses the default pickle module implicitly. It is possible to construct malicious pickle data which will execute arbitrary code during unpickling (See https://github.com/pytorch/pytorch/blob/main/SECURITY.md#untrusted-models for more details). In a future release, the default value for `weights_only` will be flipped to `True`. This limits the functions that could be executed during unpickling. Arbitrary objects will no longer be allowed to be loaded via this mode unless they are explicitly allowlisted by the user via `torch.serialization.add_safe_globals`. We recommend you start setting `weights_only=True` for any use case where you don't have full control of the loaded file. Please open an issue on GitHub for any issues related to this experimental feature.
  obj = torch.load(p, map_location="cpu")
/data1/gushengda/eam-rl4co/PTP/fitness/free_loss_fidelity.py:51: FutureWarning: You are using `torch.load` with `weights_only=False` (the current default value), which uses the default pickle module implicitly. It is possible to construct malicious pickle data which will execute arbitrary code during unpickling (See https://github.com/pytorch/pytorch/blob/main/SECURITY.md#untrusted-models for more details). In a future release, the default value for `weights_only` will be flipped to `True`. This limits the functions that could be executed during unpickling. Arbitrary objects will no longer be allowed to be loaded via this mode unless they are explicitly allowlisted by the user via `torch.serialization.add_safe_globals`. We recommend you start setting `weights_only=True` for any use case where you don't have full control of the loaded file. Please open an issue on GitHub for any issues related to this experimental feature.
  obj = torch.load(p, map_location="cpu")
/data1/gushengda/eam-rl4co/PTP/fitness/free_loss_fidelity.py:51: FutureWarning: You are using `torch.load` with `weights_only=False` (the current default value), which uses the default pickle module implicitly. It is possible to construct malicious pickle data which will execute arbitrary code during unpickling (See https://github.com/pytorch/pytorch/blob/main/SECURITY.md#untrusted-models for more details). In a future release, the default value for `weights_only` will be flipped to `True`. This limits the functions that could be executed during unpickling. Arbitrary objects will no longer be allowed to be loaded via this mode unless they are explicitly allowlisted by the user via `torch.serialization.add_safe_globals`. We recommend you start setting `weights_only=True` for any use case where you don't have full control of the loaded file. Please open an issue on GitHub for any issues related to this experimental feature.
  obj = torch.load(p, map_location="cpu")
/data1/gushengda/eam-rl4co/PTP/fitness/free_loss_fidelity.py:435: FutureWarning: You are using `torch.load` with `weights_only=False` (the current default value), which uses the default pickle module implicitly. It is possible to construct malicious pickle data which will execute arbitrary code during unpickling (See https://github.com/pytorch/pytorch/blob/main/SECURITY.md#untrusted-models for more details). In a future release, the default value for `weights_only` will be flipped to `True`. This limits the functions that could be executed during unpickling. Arbitrary objects will no longer be allowed to be loaded via this mode unless they are explicitly allowlisted by the user via `torch.serialization.add_safe_globals`. We recommend you start setting `weights_only=True` for any use case where you don't have full control of the loaded file. Please open an issue on GitHub for any issues related to this experimental feature.
  ckpt = torch.load(ckpt_path, map_location="cpu")
/data1/gushengda/eam-rl4co/PTP/fitness/free_loss_fidelity.py:435: FutureWarning: You are using `torch.load` with `weights_only=False` (the current default value), which uses the default pickle module implicitly. It is possible to construct malicious pickle data which will execute arbitrary code during unpickling (See https://github.com/pytorch/pytorch/blob/main/SECURITY.md#untrusted-models for more details). In a future release, the default value for `weights_only` will be flipped to `True`. This limits the functions that could be executed during unpickling. Arbitrary objects will no longer be allowed to be loaded via this mode unless they are explicitly allowlisted by the user via `torch.serialization.add_safe_globals`. We recommend you start setting `weights_only=True` for any use case where you don't have full control of the loaded file. Please open an issue on GitHub for any issues related to this experimental feature.
  ckpt = torch.load(ckpt_path, map_location="cpu")
/data1/gushengda/eam-rl4co/PTP/fitness/free_loss_fidelity.py:435: FutureWarning: You are using `torch.load` with `weights_only=False` (the current default value), which uses the default pickle module implicitly. It is possible to construct malicious pickle data which will execute arbitrary code during unpickling (See https://github.com/pytorch/pytorch/blob/main/SECURITY.md#untrusted-models for more details). In a future release, the default value for `weights_only` will be flipped to `True`. This limits the functions that could be executed during unpickling. Arbitrary objects will no longer be allowed to be loaded via this mode unless they are explicitly allowlisted by the user via `torch.serialization.add_safe_globals`. We recommend you start setting `weights_only=True` for any use case where you don't have full control of the loaded file. Please open an issue on GitHub for any issues related to this experimental feature.
  ckpt = torch.load(ckpt_path, map_location="cpu")
/data1/gushengda/eam-rl4co/PTP/fitness/free_loss_fidelity.py:435: FutureWarning: You are using `torch.load` with `weights_only=False` (the current default value), which uses the default pickle module implicitly. It is possible to construct malicious pickle data which will execute arbitrary code during unpickling (See https://github.com/pytorch/pytorch/blob/main/SECURITY.md#untrusted-models for more details). In a future release, the default value for `weights_only` will be flipped to `True`. This limits the functions that could be executed during unpickling. Arbitrary objects will no longer be allowed to be loaded via this mode unless they are explicitly allowlisted by the user via `torch.serialization.add_safe_globals`. We recommend you start setting `weights_only=True` for any use case where you don't have full control of the loaded file. Please open an issue on GitHub for any issues related to this experimental feature.
  ckpt = torch.load(ckpt_path, map_location="cpu")
[2026-03-02 05:34:23,127] INFO:ptp_discovery.pref_loss_coevo: HF vs incumbent gen=7: better=0 worse=20 unknown=0 (ok=20 failed=0) ref=-0.013317406177520752 threshold=-0.016433143488211423
[2026-03-02 05:34:23,129] INFO:ptp_discovery.pref_loss_coevo: HF MF promote gen=7: K200 -> K1000 next_pool=20 (from=20) top_m=32 promote_if_better=True include_incumbent=True
[2026-03-02 05:34:23,131] INFO:ptp_discovery.pref_loss_coevo: HF MF round gen=7: K1000 fidelity=K1000 pool=20 tasks=4 mp=True procs=4 devices={'cuda:0': 1, 'cuda:1': 1, 'cuda:2': 1, 'cuda:3': 1}
/data1/gushengda/eam-rl4co/PTP/fitness/free_loss_fidelity.py:51: FutureWarning: You are using `torch.load` with `weights_only=False` (the current default value), which uses the default pickle module implicitly. It is possible to construct malicious pickle data which will execute arbitrary code during unpickling (See https://github.com/pytorch/pytorch/blob/main/SECURITY.md#untrusted-models for more details). In a future release, the default value for `weights_only` will be flipped to `True`. This limits the functions that could be executed during unpickling. Arbitrary objects will no longer be allowed to be loaded via this mode unless they are explicitly allowlisted by the user via `torch.serialization.add_safe_globals`. We recommend you start setting `weights_only=True` for any use case where you don't have full control of the loaded file. Please open an issue on GitHub for any issues related to this experimental feature.
  obj = torch.load(p, map_location="cpu")
/data1/gushengda/eam-rl4co/PTP/fitness/free_loss_fidelity.py:51: FutureWarning: You are using `torch.load` with `weights_only=False` (the current default value), which uses the default pickle module implicitly. It is possible to construct malicious pickle data which will execute arbitrary code during unpickling (See https://github.com/pytorch/pytorch/blob/main/SECURITY.md#untrusted-models for more details). In a future release, the default value for `weights_only` will be flipped to `True`. This limits the functions that could be executed during unpickling. Arbitrary objects will no longer be allowed to be loaded via this mode unless they are explicitly allowlisted by the user via `torch.serialization.add_safe_globals`. We recommend you start setting `weights_only=True` for any use case where you don't have full control of the loaded file. Please open an issue on GitHub for any issues related to this experimental feature.
  obj = torch.load(p, map_location="cpu")
/data1/gushengda/eam-rl4co/PTP/fitness/free_loss_fidelity.py:51: FutureWarning: You are using `torch.load` with `weights_only=False` (the current default value), which uses the default pickle module implicitly. It is possible to construct malicious pickle data which will execute arbitrary code during unpickling (See https://github.com/pytorch/pytorch/blob/main/SECURITY.md#untrusted-models for more details). In a future release, the default value for `weights_only` will be flipped to `True`. This limits the functions that could be executed during unpickling. Arbitrary objects will no longer be allowed to be loaded via this mode unless they are explicitly allowlisted by the user via `torch.serialization.add_safe_globals`. We recommend you start setting `weights_only=True` for any use case where you don't have full control of the loaded file. Please open an issue on GitHub for any issues related to this experimental feature.
  obj = torch.load(p, map_location="cpu")
/data1/gushengda/eam-rl4co/PTP/fitness/free_loss_fidelity.py:51: FutureWarning: You are using `torch.load` with `weights_only=False` (the current default value), which uses the default pickle module implicitly. It is possible to construct malicious pickle data which will execute arbitrary code during unpickling (See https://github.com/pytorch/pytorch/blob/main/SECURITY.md#untrusted-models for more details). In a future release, the default value for `weights_only` will be flipped to `True`. This limits the functions that could be executed during unpickling. Arbitrary objects will no longer be allowed to be loaded via this mode unless they are explicitly allowlisted by the user via `torch.serialization.add_safe_globals`. We recommend you start setting `weights_only=True` for any use case where you don't have full control of the loaded file. Please open an issue on GitHub for any issues related to this experimental feature.
  obj = torch.load(p, map_location="cpu")
/data1/gushengda/eam-rl4co/PTP/fitness/free_loss_fidelity.py:435: FutureWarning: You are using `torch.load` with `weights_only=False` (the current default value), which uses the default pickle module implicitly. It is possible to construct malicious pickle data which will execute arbitrary code during unpickling (See https://github.com/pytorch/pytorch/blob/main/SECURITY.md#untrusted-models for more details). In a future release, the default value for `weights_only` will be flipped to `True`. This limits the functions that could be executed during unpickling. Arbitrary objects will no longer be allowed to be loaded via this mode unless they are explicitly allowlisted by the user via `torch.serialization.add_safe_globals`. We recommend you start setting `weights_only=True` for any use case where you don't have full control of the loaded file. Please open an issue on GitHub for any issues related to this experimental feature.
  ckpt = torch.load(ckpt_path, map_location="cpu")
/data1/gushengda/eam-rl4co/PTP/fitness/free_loss_fidelity.py:435: FutureWarning: You are using `torch.load` with `weights_only=False` (the current default value), which uses the default pickle module implicitly. It is possible to construct malicious pickle data which will execute arbitrary code during unpickling (See https://github.com/pytorch/pytorch/blob/main/SECURITY.md#untrusted-models for more details). In a future release, the default value for `weights_only` will be flipped to `True`. This limits the functions that could be executed during unpickling. Arbitrary objects will no longer be allowed to be loaded via this mode unless they are explicitly allowlisted by the user via `torch.serialization.add_safe_globals`. We recommend you start setting `weights_only=True` for any use case where you don't have full control of the loaded file. Please open an issue on GitHub for any issues related to this experimental feature.
  ckpt = torch.load(ckpt_path, map_location="cpu")
/data1/gushengda/eam-rl4co/PTP/fitness/free_loss_fidelity.py:435: FutureWarning: You are using `torch.load` with `weights_only=False` (the current default value), which uses the default pickle module implicitly. It is possible to construct malicious pickle data which will execute arbitrary code during unpickling (See https://github.com/pytorch/pytorch/blob/main/SECURITY.md#untrusted-models for more details). In a future release, the default value for `weights_only` will be flipped to `True`. This limits the functions that could be executed during unpickling. Arbitrary objects will no longer be allowed to be loaded via this mode unless they are explicitly allowlisted by the user via `torch.serialization.add_safe_globals`. We recommend you start setting `weights_only=True` for any use case where you don't have full control of the loaded file. Please open an issue on GitHub for any issues related to this experimental feature.
  ckpt = torch.load(ckpt_path, map_location="cpu")
/data1/gushengda/eam-rl4co/PTP/fitness/free_loss_fidelity.py:435: FutureWarning: You are using `torch.load` with `weights_only=False` (the current default value), which uses the default pickle module implicitly. It is possible to construct malicious pickle data which will execute arbitrary code during unpickling (See https://github.com/pytorch/pytorch/blob/main/SECURITY.md#untrusted-models for more details). In a future release, the default value for `weights_only` will be flipped to `True`. This limits the functions that could be executed during unpickling. Arbitrary objects will no longer be allowed to be loaded via this mode unless they are explicitly allowlisted by the user via `torch.serialization.add_safe_globals`. We recommend you start setting `weights_only=True` for any use case where you don't have full control of the loaded file. Please open an issue on GitHub for any issues related to this experimental feature.
  ckpt = torch.load(ckpt_path, map_location="cpu")
[2026-03-02 05:51:19,761] INFO:ptp_discovery.pref_loss_coevo: COMPARE target=incumbent reference_score=-0.013317406177520752 threshold=-0.016433143488211423 metric_mode=minimize improve_eps=0.0031157373106906723
[2026-03-02 05:51:19,761] INFO:ptp_discovery.pref_loss_coevo: COMPARE target=last_phase last_phase=baseline reference_score=inf threshold=inf metric_mode=minimize improve_eps=0.0031157373106906723
[2026-03-02 05:51:19,763] INFO:ptp_discovery.pref_loss_coevo: Gen 7 summary: g_pool=0 f_pool=9 pairs=35 ok=20 stages={'high_fidelity': 20, 'gate': 15} top_reasons=[('ok_stage3_offline_minitrain', 20), ('cheap_gate_failed', 15)]
[2026-03-02 05:51:19,796] INFO:ptp_discovery.pref_loss_coevo: Alternating LLM gating gen=8 phase=loss llm_enabled(builder=False,loss=True)
[2026-03-02 05:51:19,796] INFO:ptp_discovery.pref_loss_coevo: === alternating generation 8/19 ===
[2026-03-02 05:51:19,796] INFO:ptp_discovery.pref_loss_coevo: EVAL_STAGES enabled: stage0_gate=1 stage1_proxy=0 stage2_micro_unroll=0 stage3_high_fidelity=1
[2026-03-02 05:51:19,796] INFO:ptp_discovery.pref_loss_coevo: INCUMBENT best_score=-0.013317406177520752 best_pair=(g_ref,f000_008_c6a6dbdd) best_stage=high_fidelity metric_mode=minimize improve_eps=0.0031157373106906723
[2026-03-02 05:51:19,797] INFO:ptp_discovery.pref_loss_coevo: Gen 8 start: caches(rollout=0 pref=0 pair=101) cuda(cuda:0(alloc=0.05G,resv=7.67G) cuda:1(alloc=0.00G,resv=0.00G) cuda:2(alloc=0.00G,resv=0.00G) cuda:3(alloc=0.00G,resv=0.00G))
[2026-03-02 05:51:19,798] INFO:ptp_discovery.pref_loss_coevo: Gen 8 prompt context sizes: best_builder_summary.code=0 chars best_loss_summary.code=504 chars
[2026-03-02 05:51:19,798] INFO:ptp_discovery.pref_loss_coevo: Loss exploration schedule gen=8: stagnation=1 trigger=3 explore_mode=False avoid_families=['proper_scoring|delta_rank|weighted_sum_normalized|shift_invariant_centering_xclip_weight_clamp', 'proper_scoring|delta_rank|weighted_sum_normalized|temperature_bounded', 'pairwise_margin|cost_gap|weighted_sum_normalized|clamp_stabilized', 'proper_scoring|delta_rank|weighted_mean|temperature_bounded', 'confidence_weighted_margin|delta_z|weighted_sum_normalized|detached_signal_bounded_gate', 'regret_weighted_margin|delta_regret|weighted_mean|weight_clamp_stabilized', 'pairwise_margin|cost_gap|mean|clamp_stabilized', 'regret_weighted_margin|delta_regret|weighted_sum_normalized|weight_clamp_stabilized']
[2026-03-02 05:56:46,881] WARNING:ptp_discovery.pref_loss_coevo: Population fill shortfall at gen=8: proposed_g=0/12 proposed_f=9/12 (seen_g=0 seen_f=84)
[2026-03-02 05:56:46,896] INFO:ptp_discovery.pref_loss_coevo: Gen 8 LLM ops: builders={} (repairs=0) losses={'LOSS_PARADIGM_SHIFT': 4, 'LOSS_STRUCTURE_SHIFT': 1, 'LOSS_CONSTRAINT_INJECT': 1, 'E1_GENERATE': 3, 'M3': 2, 'REPAIR': 1} (repairs=2) cache={'offline_mode': False, 'cache_path': 'runs/pref_loss_alternating_simple/20260301-230657/llm_cache.jsonl', 'cache_entries': 152, 'cache_hits': 0, 'cache_misses': 152}
[2026-03-02 05:56:46,896] INFO:ptp_discovery.pref_loss_coevo: Gen 8 proxy rollouts skipped: stage1_proxy=0 and stage2_micro_unroll=0
[2026-03-02 05:56:46,929] INFO:ptp_discovery.pref_loss_coevo: Alternating block status: round=0 cycle_pos=8/20 budgets(loss=128,builder=0)
[2026-03-02 05:56:46,931] INFO:ptp_discovery.pref_loss_coevo: Alternating fixed candidates resolved: fixed_g=g_ref fixed_f=f000_008_c6a6dbdd
[2026-03-02 05:56:46,931] INFO:ptp_discovery.pref_loss_coevo: Alternating phase=loss fixed_g=g_ref budget=128
[2026-03-02 05:56:46,931] INFO:ptp_discovery.pref_loss_coevo: EVAL_STAGES enabled: stage0_gate=1 stage1_proxy=0 stage2_micro_unroll=0 stage3_high_fidelity=1
[2026-03-02 05:56:46,931] INFO:ptp_discovery.pref_loss_coevo: Alternating phase=builder fixed_f=f000_008_c6a6dbdd budget=0
[2026-03-02 05:56:46,931] INFO:ptp_discovery.pref_loss_coevo: EVAL_STAGES enabled: stage0_gate=1 stage1_proxy=0 stage2_micro_unroll=0 stage3_high_fidelity=1
[2026-03-02 05:56:46,931] INFO:ptp_discovery.pref_loss_coevo: Gate-only eval (proxy disabled) gen=8: pairs=35 cheap_gate_on=True
[2026-03-02 05:56:46,936] INFO:ptp_discovery.pref_loss_coevo: Gate-only progress gen=8: 1/35 caches(rollout=0 pref=0 pair=101)
[2026-03-02 05:56:46,978] INFO:ptp_discovery.pref_loss_coevo: Gate-only progress gen=8: 10/35 caches(rollout=0 pref=0 pair=102)
[2026-03-02 05:56:47,012] INFO:ptp_discovery.pref_loss_coevo: Gate-only progress gen=8: 20/35 caches(rollout=0 pref=0 pair=106)
[2026-03-02 05:56:47,039] INFO:ptp_discovery.pref_loss_coevo: Gate-only progress gen=8: 30/35 caches(rollout=0 pref=0 pair=107)
[2026-03-02 05:56:47,055] INFO:ptp_discovery.pref_loss_coevo: Gate-only progress gen=8: 35/35 caches(rollout=0 pref=0 pair=110)
[2026-03-02 05:56:47,055] INFO:ptp_discovery.pref_loss_coevo: Gate-only eval done gen=8: pairs=35 elapsed_s=0.1 caches(rollout=0 pref=0 pair=110)
[2026-03-02 05:56:47,055] INFO:ptp_discovery.pref_loss_coevo: HF selection gen=8: eligible=18 selected=18 (top_m=999999 ignored)
[2026-03-02 05:56:47,057] INFO:ptp_discovery.pref_loss_coevo: HF device assignment gen=8: {'cuda:0': 5, 'cuda:1': 5, 'cuda:2': 4, 'cuda:3': 4}
[2026-03-02 05:56:47,057] INFO:ptp_discovery.pref_loss_coevo: HF eval gen=8: tasks=18 mp=True procs=4
[2026-03-02 05:56:47,057] INFO:ptp_discovery.pref_loss_coevo: High-fidelity via pinned mp: start_method=spawn processes=4 tasks=18
/data1/gushengda/eam-rl4co/PTP/fitness/free_loss_fidelity.py:51: FutureWarning: You are using `torch.load` with `weights_only=False` (the current default value), which uses the default pickle module implicitly. It is possible to construct malicious pickle data which will execute arbitrary code during unpickling (See https://github.com/pytorch/pytorch/blob/main/SECURITY.md#untrusted-models for more details). In a future release, the default value for `weights_only` will be flipped to `True`. This limits the functions that could be executed during unpickling. Arbitrary objects will no longer be allowed to be loaded via this mode unless they are explicitly allowlisted by the user via `torch.serialization.add_safe_globals`. We recommend you start setting `weights_only=True` for any use case where you don't have full control of the loaded file. Please open an issue on GitHub for any issues related to this experimental feature.
  obj = torch.load(p, map_location="cpu")
/data1/gushengda/eam-rl4co/PTP/fitness/free_loss_fidelity.py:51: FutureWarning: You are using `torch.load` with `weights_only=False` (the current default value), which uses the default pickle module implicitly. It is possible to construct malicious pickle data which will execute arbitrary code during unpickling (See https://github.com/pytorch/pytorch/blob/main/SECURITY.md#untrusted-models for more details). In a future release, the default value for `weights_only` will be flipped to `True`. This limits the functions that could be executed during unpickling. Arbitrary objects will no longer be allowed to be loaded via this mode unless they are explicitly allowlisted by the user via `torch.serialization.add_safe_globals`. We recommend you start setting `weights_only=True` for any use case where you don't have full control of the loaded file. Please open an issue on GitHub for any issues related to this experimental feature.
  obj = torch.load(p, map_location="cpu")
/data1/gushengda/eam-rl4co/PTP/fitness/free_loss_fidelity.py:51: FutureWarning: You are using `torch.load` with `weights_only=False` (the current default value), which uses the default pickle module implicitly. It is possible to construct malicious pickle data which will execute arbitrary code during unpickling (See https://github.com/pytorch/pytorch/blob/main/SECURITY.md#untrusted-models for more details). In a future release, the default value for `weights_only` will be flipped to `True`. This limits the functions that could be executed during unpickling. Arbitrary objects will no longer be allowed to be loaded via this mode unless they are explicitly allowlisted by the user via `torch.serialization.add_safe_globals`. We recommend you start setting `weights_only=True` for any use case where you don't have full control of the loaded file. Please open an issue on GitHub for any issues related to this experimental feature.
  obj = torch.load(p, map_location="cpu")
/data1/gushengda/eam-rl4co/PTP/fitness/free_loss_fidelity.py:51: FutureWarning: You are using `torch.load` with `weights_only=False` (the current default value), which uses the default pickle module implicitly. It is possible to construct malicious pickle data which will execute arbitrary code during unpickling (See https://github.com/pytorch/pytorch/blob/main/SECURITY.md#untrusted-models for more details). In a future release, the default value for `weights_only` will be flipped to `True`. This limits the functions that could be executed during unpickling. Arbitrary objects will no longer be allowed to be loaded via this mode unless they are explicitly allowlisted by the user via `torch.serialization.add_safe_globals`. We recommend you start setting `weights_only=True` for any use case where you don't have full control of the loaded file. Please open an issue on GitHub for any issues related to this experimental feature.
  obj = torch.load(p, map_location="cpu")
/data1/gushengda/eam-rl4co/PTP/fitness/free_loss_fidelity.py:435: FutureWarning: You are using `torch.load` with `weights_only=False` (the current default value), which uses the default pickle module implicitly. It is possible to construct malicious pickle data which will execute arbitrary code during unpickling (See https://github.com/pytorch/pytorch/blob/main/SECURITY.md#untrusted-models for more details). In a future release, the default value for `weights_only` will be flipped to `True`. This limits the functions that could be executed during unpickling. Arbitrary objects will no longer be allowed to be loaded via this mode unless they are explicitly allowlisted by the user via `torch.serialization.add_safe_globals`. We recommend you start setting `weights_only=True` for any use case where you don't have full control of the loaded file. Please open an issue on GitHub for any issues related to this experimental feature.
  ckpt = torch.load(ckpt_path, map_location="cpu")
/data1/gushengda/eam-rl4co/PTP/fitness/free_loss_fidelity.py:435: FutureWarning: You are using `torch.load` with `weights_only=False` (the current default value), which uses the default pickle module implicitly. It is possible to construct malicious pickle data which will execute arbitrary code during unpickling (See https://github.com/pytorch/pytorch/blob/main/SECURITY.md#untrusted-models for more details). In a future release, the default value for `weights_only` will be flipped to `True`. This limits the functions that could be executed during unpickling. Arbitrary objects will no longer be allowed to be loaded via this mode unless they are explicitly allowlisted by the user via `torch.serialization.add_safe_globals`. We recommend you start setting `weights_only=True` for any use case where you don't have full control of the loaded file. Please open an issue on GitHub for any issues related to this experimental feature.
  ckpt = torch.load(ckpt_path, map_location="cpu")
/data1/gushengda/eam-rl4co/PTP/fitness/free_loss_fidelity.py:435: FutureWarning: You are using `torch.load` with `weights_only=False` (the current default value), which uses the default pickle module implicitly. It is possible to construct malicious pickle data which will execute arbitrary code during unpickling (See https://github.com/pytorch/pytorch/blob/main/SECURITY.md#untrusted-models for more details). In a future release, the default value for `weights_only` will be flipped to `True`. This limits the functions that could be executed during unpickling. Arbitrary objects will no longer be allowed to be loaded via this mode unless they are explicitly allowlisted by the user via `torch.serialization.add_safe_globals`. We recommend you start setting `weights_only=True` for any use case where you don't have full control of the loaded file. Please open an issue on GitHub for any issues related to this experimental feature.
  ckpt = torch.load(ckpt_path, map_location="cpu")
/data1/gushengda/eam-rl4co/PTP/fitness/free_loss_fidelity.py:435: FutureWarning: You are using `torch.load` with `weights_only=False` (the current default value), which uses the default pickle module implicitly. It is possible to construct malicious pickle data which will execute arbitrary code during unpickling (See https://github.com/pytorch/pytorch/blob/main/SECURITY.md#untrusted-models for more details). In a future release, the default value for `weights_only` will be flipped to `True`. This limits the functions that could be executed during unpickling. Arbitrary objects will no longer be allowed to be loaded via this mode unless they are explicitly allowlisted by the user via `torch.serialization.add_safe_globals`. We recommend you start setting `weights_only=True` for any use case where you don't have full control of the loaded file. Please open an issue on GitHub for any issues related to this experimental feature.
  ckpt = torch.load(ckpt_path, map_location="cpu")
[2026-03-02 06:13:39,056] INFO:ptp_discovery.pref_loss_coevo: HF vs incumbent gen=8: better=0 worse=18 unknown=0 (ok=18 failed=0) ref=-0.013317406177520752 threshold=-0.016433143488211423
[2026-03-02 06:13:39,058] INFO:ptp_discovery.pref_loss_coevo: HF MF promote gen=8: K200 -> K1000 next_pool=18 (from=18) top_m=32 promote_if_better=True include_incumbent=True
[2026-03-02 06:13:39,059] INFO:ptp_discovery.pref_loss_coevo: HF MF round gen=8: K1000 fidelity=K1000 pool=18 tasks=2 mp=True procs=4 devices={'cuda:0': 1, 'cuda:1': 1}
/data1/gushengda/eam-rl4co/PTP/fitness/free_loss_fidelity.py:51: FutureWarning: You are using `torch.load` with `weights_only=False` (the current default value), which uses the default pickle module implicitly. It is possible to construct malicious pickle data which will execute arbitrary code during unpickling (See https://github.com/pytorch/pytorch/blob/main/SECURITY.md#untrusted-models for more details). In a future release, the default value for `weights_only` will be flipped to `True`. This limits the functions that could be executed during unpickling. Arbitrary objects will no longer be allowed to be loaded via this mode unless they are explicitly allowlisted by the user via `torch.serialization.add_safe_globals`. We recommend you start setting `weights_only=True` for any use case where you don't have full control of the loaded file. Please open an issue on GitHub for any issues related to this experimental feature.
  obj = torch.load(p, map_location="cpu")
/data1/gushengda/eam-rl4co/PTP/fitness/free_loss_fidelity.py:51: FutureWarning: You are using `torch.load` with `weights_only=False` (the current default value), which uses the default pickle module implicitly. It is possible to construct malicious pickle data which will execute arbitrary code during unpickling (See https://github.com/pytorch/pytorch/blob/main/SECURITY.md#untrusted-models for more details). In a future release, the default value for `weights_only` will be flipped to `True`. This limits the functions that could be executed during unpickling. Arbitrary objects will no longer be allowed to be loaded via this mode unless they are explicitly allowlisted by the user via `torch.serialization.add_safe_globals`. We recommend you start setting `weights_only=True` for any use case where you don't have full control of the loaded file. Please open an issue on GitHub for any issues related to this experimental feature.
  obj = torch.load(p, map_location="cpu")
/data1/gushengda/eam-rl4co/PTP/fitness/free_loss_fidelity.py:435: FutureWarning: You are using `torch.load` with `weights_only=False` (the current default value), which uses the default pickle module implicitly. It is possible to construct malicious pickle data which will execute arbitrary code during unpickling (See https://github.com/pytorch/pytorch/blob/main/SECURITY.md#untrusted-models for more details). In a future release, the default value for `weights_only` will be flipped to `True`. This limits the functions that could be executed during unpickling. Arbitrary objects will no longer be allowed to be loaded via this mode unless they are explicitly allowlisted by the user via `torch.serialization.add_safe_globals`. We recommend you start setting `weights_only=True` for any use case where you don't have full control of the loaded file. Please open an issue on GitHub for any issues related to this experimental feature.
  ckpt = torch.load(ckpt_path, map_location="cpu")
/data1/gushengda/eam-rl4co/PTP/fitness/free_loss_fidelity.py:435: FutureWarning: You are using `torch.load` with `weights_only=False` (the current default value), which uses the default pickle module implicitly. It is possible to construct malicious pickle data which will execute arbitrary code during unpickling (See https://github.com/pytorch/pytorch/blob/main/SECURITY.md#untrusted-models for more details). In a future release, the default value for `weights_only` will be flipped to `True`. This limits the functions that could be executed during unpickling. Arbitrary objects will no longer be allowed to be loaded via this mode unless they are explicitly allowlisted by the user via `torch.serialization.add_safe_globals`. We recommend you start setting `weights_only=True` for any use case where you don't have full control of the loaded file. Please open an issue on GitHub for any issues related to this experimental feature.
  ckpt = torch.load(ckpt_path, map_location="cpu")
[2026-03-02 06:30:25,517] INFO:ptp_discovery.pref_loss_coevo: COMPARE target=incumbent reference_score=-0.013317406177520752 threshold=-0.016433143488211423 metric_mode=minimize improve_eps=0.0031157373106906723
[2026-03-02 06:30:25,518] INFO:ptp_discovery.pref_loss_coevo: COMPARE target=last_phase last_phase=baseline reference_score=inf threshold=inf metric_mode=minimize improve_eps=0.0031157373106906723
[2026-03-02 06:30:25,519] INFO:ptp_discovery.pref_loss_coevo: Gen 8 summary: g_pool=0 f_pool=9 pairs=35 ok=18 stages={'high_fidelity': 18, 'gate': 17} top_reasons=[('ok_stage3_offline_minitrain', 18), ('cheap_gate_failed', 17)]
[2026-03-02 06:30:25,544] INFO:ptp_discovery.pref_loss_coevo: Alternating LLM gating gen=9 phase=loss llm_enabled(builder=False,loss=True)
[2026-03-02 06:30:25,544] INFO:ptp_discovery.pref_loss_coevo: === alternating generation 9/19 ===
[2026-03-02 06:30:25,544] INFO:ptp_discovery.pref_loss_coevo: EVAL_STAGES enabled: stage0_gate=1 stage1_proxy=0 stage2_micro_unroll=0 stage3_high_fidelity=1
[2026-03-02 06:30:25,544] INFO:ptp_discovery.pref_loss_coevo: INCUMBENT best_score=-0.013317406177520752 best_pair=(g_ref,f000_008_c6a6dbdd) best_stage=high_fidelity metric_mode=minimize improve_eps=0.0031157373106906723
[2026-03-02 06:30:25,545] INFO:ptp_discovery.pref_loss_coevo: Gen 9 start: caches(rollout=0 pref=0 pair=112) cuda(cuda:0(alloc=0.05G,resv=7.67G) cuda:1(alloc=0.00G,resv=0.00G) cuda:2(alloc=0.00G,resv=0.00G) cuda:3(alloc=0.00G,resv=0.00G))
[2026-03-02 06:30:25,546] INFO:ptp_discovery.pref_loss_coevo: Gen 9 prompt context sizes: best_builder_summary.code=0 chars best_loss_summary.code=504 chars
[2026-03-02 06:30:25,546] INFO:ptp_discovery.pref_loss_coevo: Loss exploration schedule gen=9: stagnation=2 trigger=3 explore_mode=False avoid_families=['proper_scoring|delta_rank|weighted_mean|temperature_bounded', 'proper_scoring|delta_rank|weighted_sum_normalized|shift_invariant_centering_xclip_weight_clamp', 'proper_scoring|delta_rank|weighted_sum_normalized|temperature_bounded', 'pairwise_margin|cost_gap|weighted_sum_normalized|clamp_stabilized', 'proper_scoring|delta_regret|weighted_sum_normalized|bounded_scale_detached_signal', 'pairwise_margin|cost_gap|mean|clamp_stabilized', 'regret_weighted_margin|delta_regret|weighted_mean|weight_clamp_stabilized', 'target_margin_regression|delta_z|weighted_mean|tanh_winsorized_target_nonneg_weight']
[2026-03-02 06:35:10,585] WARNING:ptp_discovery.pref_loss_coevo: Population fill shortfall at gen=9: proposed_g=0/12 proposed_f=9/12 (seen_g=0 seen_f=93)
[2026-03-02 06:35:10,600] INFO:ptp_discovery.pref_loss_coevo: Gen 9 LLM ops: builders={} (repairs=0) losses={'LOSS_CONSTRAINT_INJECT': 1, 'REPAIR': 4, 'M3': 4, 'E1_GENERATE': 3, 'LOSS_PARADIGM_SHIFT': 3, 'M2': 1, 'E1': 1} (repairs=4) cache={'offline_mode': False, 'cache_path': 'runs/pref_loss_alternating_simple/20260301-230657/llm_cache.jsonl', 'cache_entries': 169, 'cache_hits': 0, 'cache_misses': 169}
[2026-03-02 06:35:10,600] INFO:ptp_discovery.pref_loss_coevo: Gen 9 proxy rollouts skipped: stage1_proxy=0 and stage2_micro_unroll=0
[2026-03-02 06:35:10,633] INFO:ptp_discovery.pref_loss_coevo: Alternating block status: round=0 cycle_pos=9/20 budgets(loss=128,builder=0)
[2026-03-02 06:35:10,634] INFO:ptp_discovery.pref_loss_coevo: Alternating fixed candidates resolved: fixed_g=g_ref fixed_f=f000_008_c6a6dbdd
[2026-03-02 06:35:10,634] INFO:ptp_discovery.pref_loss_coevo: Alternating phase=loss fixed_g=g_ref budget=128
[2026-03-02 06:35:10,634] INFO:ptp_discovery.pref_loss_coevo: EVAL_STAGES enabled: stage0_gate=1 stage1_proxy=0 stage2_micro_unroll=0 stage3_high_fidelity=1
[2026-03-02 06:35:10,634] INFO:ptp_discovery.pref_loss_coevo: Alternating phase=builder fixed_f=f000_008_c6a6dbdd budget=0
[2026-03-02 06:35:10,635] INFO:ptp_discovery.pref_loss_coevo: EVAL_STAGES enabled: stage0_gate=1 stage1_proxy=0 stage2_micro_unroll=0 stage3_high_fidelity=1
[2026-03-02 06:35:10,635] INFO:ptp_discovery.pref_loss_coevo: Gate-only eval (proxy disabled) gen=9: pairs=35 cheap_gate_on=True
[2026-03-02 06:35:10,639] INFO:ptp_discovery.pref_loss_coevo: Gate-only progress gen=9: 1/35 caches(rollout=0 pref=0 pair=112)
[2026-03-02 06:35:10,669] INFO:ptp_discovery.pref_loss_coevo: Gate-only progress gen=9: 10/35 caches(rollout=0 pref=0 pair=115)
[2026-03-02 06:35:10,703] INFO:ptp_discovery.pref_loss_coevo: Gate-only progress gen=9: 20/35 caches(rollout=0 pref=0 pair=118)
[2026-03-02 06:35:10,729] INFO:ptp_discovery.pref_loss_coevo: Gate-only progress gen=9: 30/35 caches(rollout=0 pref=0 pair=120)
[2026-03-02 06:35:10,739] INFO:ptp_discovery.pref_loss_coevo: Gate-only progress gen=9: 35/35 caches(rollout=0 pref=0 pair=121)
[2026-03-02 06:35:10,739] INFO:ptp_discovery.pref_loss_coevo: Gate-only eval done gen=9: pairs=35 elapsed_s=0.1 caches(rollout=0 pref=0 pair=121)
[2026-03-02 06:35:10,740] INFO:ptp_discovery.pref_loss_coevo: HF selection gen=9: eligible=20 selected=20 (top_m=999999 ignored)
[2026-03-02 06:35:10,741] INFO:ptp_discovery.pref_loss_coevo: HF device assignment gen=9: {'cuda:0': 5, 'cuda:1': 5, 'cuda:2': 5, 'cuda:3': 5}
[2026-03-02 06:35:10,741] INFO:ptp_discovery.pref_loss_coevo: HF eval gen=9: tasks=20 mp=True procs=4
[2026-03-02 06:35:10,741] INFO:ptp_discovery.pref_loss_coevo: High-fidelity via pinned mp: start_method=spawn processes=4 tasks=20
/data1/gushengda/eam-rl4co/PTP/fitness/free_loss_fidelity.py:51: FutureWarning: You are using `torch.load` with `weights_only=False` (the current default value), which uses the default pickle module implicitly. It is possible to construct malicious pickle data which will execute arbitrary code during unpickling (See https://github.com/pytorch/pytorch/blob/main/SECURITY.md#untrusted-models for more details). In a future release, the default value for `weights_only` will be flipped to `True`. This limits the functions that could be executed during unpickling. Arbitrary objects will no longer be allowed to be loaded via this mode unless they are explicitly allowlisted by the user via `torch.serialization.add_safe_globals`. We recommend you start setting `weights_only=True` for any use case where you don't have full control of the loaded file. Please open an issue on GitHub for any issues related to this experimental feature.
  obj = torch.load(p, map_location="cpu")
/data1/gushengda/eam-rl4co/PTP/fitness/free_loss_fidelity.py:51: FutureWarning: You are using `torch.load` with `weights_only=False` (the current default value), which uses the default pickle module implicitly. It is possible to construct malicious pickle data which will execute arbitrary code during unpickling (See https://github.com/pytorch/pytorch/blob/main/SECURITY.md#untrusted-models for more details). In a future release, the default value for `weights_only` will be flipped to `True`. This limits the functions that could be executed during unpickling. Arbitrary objects will no longer be allowed to be loaded via this mode unless they are explicitly allowlisted by the user via `torch.serialization.add_safe_globals`. We recommend you start setting `weights_only=True` for any use case where you don't have full control of the loaded file. Please open an issue on GitHub for any issues related to this experimental feature.
  obj = torch.load(p, map_location="cpu")
/data1/gushengda/eam-rl4co/PTP/fitness/free_loss_fidelity.py:51: FutureWarning: You are using `torch.load` with `weights_only=False` (the current default value), which uses the default pickle module implicitly. It is possible to construct malicious pickle data which will execute arbitrary code during unpickling (See https://github.com/pytorch/pytorch/blob/main/SECURITY.md#untrusted-models for more details). In a future release, the default value for `weights_only` will be flipped to `True`. This limits the functions that could be executed during unpickling. Arbitrary objects will no longer be allowed to be loaded via this mode unless they are explicitly allowlisted by the user via `torch.serialization.add_safe_globals`. We recommend you start setting `weights_only=True` for any use case where you don't have full control of the loaded file. Please open an issue on GitHub for any issues related to this experimental feature.
  obj = torch.load(p, map_location="cpu")
/data1/gushengda/eam-rl4co/PTP/fitness/free_loss_fidelity.py:51: FutureWarning: You are using `torch.load` with `weights_only=False` (the current default value), which uses the default pickle module implicitly. It is possible to construct malicious pickle data which will execute arbitrary code during unpickling (See https://github.com/pytorch/pytorch/blob/main/SECURITY.md#untrusted-models for more details). In a future release, the default value for `weights_only` will be flipped to `True`. This limits the functions that could be executed during unpickling. Arbitrary objects will no longer be allowed to be loaded via this mode unless they are explicitly allowlisted by the user via `torch.serialization.add_safe_globals`. We recommend you start setting `weights_only=True` for any use case where you don't have full control of the loaded file. Please open an issue on GitHub for any issues related to this experimental feature.
  obj = torch.load(p, map_location="cpu")
/data1/gushengda/eam-rl4co/PTP/fitness/free_loss_fidelity.py:435: FutureWarning: You are using `torch.load` with `weights_only=False` (the current default value), which uses the default pickle module implicitly. It is possible to construct malicious pickle data which will execute arbitrary code during unpickling (See https://github.com/pytorch/pytorch/blob/main/SECURITY.md#untrusted-models for more details). In a future release, the default value for `weights_only` will be flipped to `True`. This limits the functions that could be executed during unpickling. Arbitrary objects will no longer be allowed to be loaded via this mode unless they are explicitly allowlisted by the user via `torch.serialization.add_safe_globals`. We recommend you start setting `weights_only=True` for any use case where you don't have full control of the loaded file. Please open an issue on GitHub for any issues related to this experimental feature.
  ckpt = torch.load(ckpt_path, map_location="cpu")
/data1/gushengda/eam-rl4co/PTP/fitness/free_loss_fidelity.py:435: FutureWarning: You are using `torch.load` with `weights_only=False` (the current default value), which uses the default pickle module implicitly. It is possible to construct malicious pickle data which will execute arbitrary code during unpickling (See https://github.com/pytorch/pytorch/blob/main/SECURITY.md#untrusted-models for more details). In a future release, the default value for `weights_only` will be flipped to `True`. This limits the functions that could be executed during unpickling. Arbitrary objects will no longer be allowed to be loaded via this mode unless they are explicitly allowlisted by the user via `torch.serialization.add_safe_globals`. We recommend you start setting `weights_only=True` for any use case where you don't have full control of the loaded file. Please open an issue on GitHub for any issues related to this experimental feature.
  ckpt = torch.load(ckpt_path, map_location="cpu")
/data1/gushengda/eam-rl4co/PTP/fitness/free_loss_fidelity.py:435: FutureWarning: You are using `torch.load` with `weights_only=False` (the current default value), which uses the default pickle module implicitly. It is possible to construct malicious pickle data which will execute arbitrary code during unpickling (See https://github.com/pytorch/pytorch/blob/main/SECURITY.md#untrusted-models for more details). In a future release, the default value for `weights_only` will be flipped to `True`. This limits the functions that could be executed during unpickling. Arbitrary objects will no longer be allowed to be loaded via this mode unless they are explicitly allowlisted by the user via `torch.serialization.add_safe_globals`. We recommend you start setting `weights_only=True` for any use case where you don't have full control of the loaded file. Please open an issue on GitHub for any issues related to this experimental feature.
  ckpt = torch.load(ckpt_path, map_location="cpu")
/data1/gushengda/eam-rl4co/PTP/fitness/free_loss_fidelity.py:435: FutureWarning: You are using `torch.load` with `weights_only=False` (the current default value), which uses the default pickle module implicitly. It is possible to construct malicious pickle data which will execute arbitrary code during unpickling (See https://github.com/pytorch/pytorch/blob/main/SECURITY.md#untrusted-models for more details). In a future release, the default value for `weights_only` will be flipped to `True`. This limits the functions that could be executed during unpickling. Arbitrary objects will no longer be allowed to be loaded via this mode unless they are explicitly allowlisted by the user via `torch.serialization.add_safe_globals`. We recommend you start setting `weights_only=True` for any use case where you don't have full control of the loaded file. Please open an issue on GitHub for any issues related to this experimental feature.
  ckpt = torch.load(ckpt_path, map_location="cpu")
[2026-03-02 06:53:58,974] INFO:ptp_discovery.pref_loss_coevo: HF vs incumbent gen=9: better=0 worse=20 unknown=0 (ok=20 failed=0) ref=-0.013317406177520752 threshold=-0.016433143488211423
[2026-03-02 06:53:58,976] INFO:ptp_discovery.pref_loss_coevo: HF MF promote gen=9: K200 -> K1000 next_pool=20 (from=20) top_m=32 promote_if_better=True include_incumbent=True
[2026-03-02 06:53:58,978] INFO:ptp_discovery.pref_loss_coevo: HF MF round gen=9: K1000 fidelity=K1000 pool=20 tasks=4 mp=True procs=4 devices={'cuda:0': 1, 'cuda:1': 1, 'cuda:2': 1, 'cuda:3': 1}
/data1/gushengda/eam-rl4co/PTP/fitness/free_loss_fidelity.py:51: FutureWarning: You are using `torch.load` with `weights_only=False` (the current default value), which uses the default pickle module implicitly. It is possible to construct malicious pickle data which will execute arbitrary code during unpickling (See https://github.com/pytorch/pytorch/blob/main/SECURITY.md#untrusted-models for more details). In a future release, the default value for `weights_only` will be flipped to `True`. This limits the functions that could be executed during unpickling. Arbitrary objects will no longer be allowed to be loaded via this mode unless they are explicitly allowlisted by the user via `torch.serialization.add_safe_globals`. We recommend you start setting `weights_only=True` for any use case where you don't have full control of the loaded file. Please open an issue on GitHub for any issues related to this experimental feature.
  obj = torch.load(p, map_location="cpu")
/data1/gushengda/eam-rl4co/PTP/fitness/free_loss_fidelity.py:51: FutureWarning: You are using `torch.load` with `weights_only=False` (the current default value), which uses the default pickle module implicitly. It is possible to construct malicious pickle data which will execute arbitrary code during unpickling (See https://github.com/pytorch/pytorch/blob/main/SECURITY.md#untrusted-models for more details). In a future release, the default value for `weights_only` will be flipped to `True`. This limits the functions that could be executed during unpickling. Arbitrary objects will no longer be allowed to be loaded via this mode unless they are explicitly allowlisted by the user via `torch.serialization.add_safe_globals`. We recommend you start setting `weights_only=True` for any use case where you don't have full control of the loaded file. Please open an issue on GitHub for any issues related to this experimental feature.
  obj = torch.load(p, map_location="cpu")
/data1/gushengda/eam-rl4co/PTP/fitness/free_loss_fidelity.py:51: FutureWarning: You are using `torch.load` with `weights_only=False` (the current default value), which uses the default pickle module implicitly. It is possible to construct malicious pickle data which will execute arbitrary code during unpickling (See https://github.com/pytorch/pytorch/blob/main/SECURITY.md#untrusted-models for more details). In a future release, the default value for `weights_only` will be flipped to `True`. This limits the functions that could be executed during unpickling. Arbitrary objects will no longer be allowed to be loaded via this mode unless they are explicitly allowlisted by the user via `torch.serialization.add_safe_globals`. We recommend you start setting `weights_only=True` for any use case where you don't have full control of the loaded file. Please open an issue on GitHub for any issues related to this experimental feature.
  obj = torch.load(p, map_location="cpu")
/data1/gushengda/eam-rl4co/PTP/fitness/free_loss_fidelity.py:51: FutureWarning: You are using `torch.load` with `weights_only=False` (the current default value), which uses the default pickle module implicitly. It is possible to construct malicious pickle data which will execute arbitrary code during unpickling (See https://github.com/pytorch/pytorch/blob/main/SECURITY.md#untrusted-models for more details). In a future release, the default value for `weights_only` will be flipped to `True`. This limits the functions that could be executed during unpickling. Arbitrary objects will no longer be allowed to be loaded via this mode unless they are explicitly allowlisted by the user via `torch.serialization.add_safe_globals`. We recommend you start setting `weights_only=True` for any use case where you don't have full control of the loaded file. Please open an issue on GitHub for any issues related to this experimental feature.
  obj = torch.load(p, map_location="cpu")
/data1/gushengda/eam-rl4co/PTP/fitness/free_loss_fidelity.py:435: FutureWarning: You are using `torch.load` with `weights_only=False` (the current default value), which uses the default pickle module implicitly. It is possible to construct malicious pickle data which will execute arbitrary code during unpickling (See https://github.com/pytorch/pytorch/blob/main/SECURITY.md#untrusted-models for more details). In a future release, the default value for `weights_only` will be flipped to `True`. This limits the functions that could be executed during unpickling. Arbitrary objects will no longer be allowed to be loaded via this mode unless they are explicitly allowlisted by the user via `torch.serialization.add_safe_globals`. We recommend you start setting `weights_only=True` for any use case where you don't have full control of the loaded file. Please open an issue on GitHub for any issues related to this experimental feature.
  ckpt = torch.load(ckpt_path, map_location="cpu")
/data1/gushengda/eam-rl4co/PTP/fitness/free_loss_fidelity.py:435: FutureWarning: You are using `torch.load` with `weights_only=False` (the current default value), which uses the default pickle module implicitly. It is possible to construct malicious pickle data which will execute arbitrary code during unpickling (See https://github.com/pytorch/pytorch/blob/main/SECURITY.md#untrusted-models for more details). In a future release, the default value for `weights_only` will be flipped to `True`. This limits the functions that could be executed during unpickling. Arbitrary objects will no longer be allowed to be loaded via this mode unless they are explicitly allowlisted by the user via `torch.serialization.add_safe_globals`. We recommend you start setting `weights_only=True` for any use case where you don't have full control of the loaded file. Please open an issue on GitHub for any issues related to this experimental feature.
  ckpt = torch.load(ckpt_path, map_location="cpu")
/data1/gushengda/eam-rl4co/PTP/fitness/free_loss_fidelity.py:435: FutureWarning: You are using `torch.load` with `weights_only=False` (the current default value), which uses the default pickle module implicitly. It is possible to construct malicious pickle data which will execute arbitrary code during unpickling (See https://github.com/pytorch/pytorch/blob/main/SECURITY.md#untrusted-models for more details). In a future release, the default value for `weights_only` will be flipped to `True`. This limits the functions that could be executed during unpickling. Arbitrary objects will no longer be allowed to be loaded via this mode unless they are explicitly allowlisted by the user via `torch.serialization.add_safe_globals`. We recommend you start setting `weights_only=True` for any use case where you don't have full control of the loaded file. Please open an issue on GitHub for any issues related to this experimental feature.
  ckpt = torch.load(ckpt_path, map_location="cpu")
/data1/gushengda/eam-rl4co/PTP/fitness/free_loss_fidelity.py:435: FutureWarning: You are using `torch.load` with `weights_only=False` (the current default value), which uses the default pickle module implicitly. It is possible to construct malicious pickle data which will execute arbitrary code during unpickling (See https://github.com/pytorch/pytorch/blob/main/SECURITY.md#untrusted-models for more details). In a future release, the default value for `weights_only` will be flipped to `True`. This limits the functions that could be executed during unpickling. Arbitrary objects will no longer be allowed to be loaded via this mode unless they are explicitly allowlisted by the user via `torch.serialization.add_safe_globals`. We recommend you start setting `weights_only=True` for any use case where you don't have full control of the loaded file. Please open an issue on GitHub for any issues related to this experimental feature.
  ckpt = torch.load(ckpt_path, map_location="cpu")
[2026-03-02 07:10:32,981] INFO:ptp_discovery.pref_loss_coevo: COMPARE target=incumbent reference_score=-0.013317406177520752 threshold=-0.016433143488211423 metric_mode=minimize improve_eps=0.0031157373106906723
[2026-03-02 07:10:32,982] INFO:ptp_discovery.pref_loss_coevo: COMPARE target=last_phase last_phase=baseline reference_score=inf threshold=inf metric_mode=minimize improve_eps=0.0031157373106906723
[2026-03-02 07:10:32,983] INFO:ptp_discovery.pref_loss_coevo: Gen 9 summary: g_pool=0 f_pool=9 pairs=35 ok=20 stages={'high_fidelity': 20, 'gate': 15} top_reasons=[('ok_stage3_offline_minitrain', 20), ('cheap_gate_failed', 15)]
[2026-03-02 07:10:33,009] INFO:ptp_discovery.pref_loss_coevo: Phase transition detected: prev_phase=loss prev_phase_best=-0.013317406177520752 -> current_phase=builder
[2026-03-02 07:10:33,009] INFO:ptp_discovery.pref_loss_coevo: Alternating LLM gating gen=10 phase=builder llm_enabled(builder=True,loss=False)
[2026-03-02 07:10:33,009] INFO:ptp_discovery.pref_loss_coevo: === alternating generation 10/19 ===
[2026-03-02 07:10:33,009] INFO:ptp_discovery.pref_loss_coevo: EVAL_STAGES enabled: stage0_gate=1 stage1_proxy=0 stage2_micro_unroll=0 stage3_high_fidelity=1
[2026-03-02 07:10:33,009] INFO:ptp_discovery.pref_loss_coevo: INCUMBENT best_score=-0.013317406177520752 best_pair=(g_ref,f000_008_c6a6dbdd) best_stage=high_fidelity metric_mode=minimize improve_eps=0.0031157373106906723
[2026-03-02 07:10:33,011] INFO:ptp_discovery.pref_loss_coevo: Gen 10 start: caches(rollout=0 pref=0 pair=125) cuda(cuda:0(alloc=0.05G,resv=7.67G) cuda:1(alloc=0.00G,resv=0.00G) cuda:2(alloc=0.00G,resv=0.00G) cuda:3(alloc=0.00G,resv=0.00G))
[2026-03-02 07:10:33,011] INFO:ptp_discovery.pref_loss_coevo: Gen 10 prompt context sizes: best_builder_summary.code=0 chars best_loss_summary.code=504 chars
[2026-03-02 07:10:33,011] INFO:ptp_discovery.pref_loss_coevo: Loss exploration schedule gen=10: stagnation=3 trigger=3 explore_mode=True avoid_families=['proper_scoring|delta_rank|weighted_sum_normalized|shift_invariant_centering_xclip_weight_clamp', 'confidence_weighted_margin|delta_z|weighted_sum_normalized|detached_signal_bounded_gate', 'regret_weighted_margin|delta_regret|weighted_mean|weight_clamp_stabilized', 'proper_scoring|delta_rank|weighted_mean|temperature_bounded', 'proper_scoring|delta_rank|weighted_sum_normalized|temperature_bounded', 'pairwise_margin|cost_gap|weighted_sum_normalized|clamp_stabilized', 'proper_scoring|delta_regret|weighted_mean|bounded_scale_detached_signal', 'regret_weighted_margin|delta_regret|weighted_sum_normalized|weight_clamp_stabilized']
[2026-03-02 07:42:32,275] WARNING:ptp_discovery.pref_loss_coevo: Population fill shortfall at gen=10: proposed_g=5/12 proposed_f=0/12 (seen_g=5 seen_f=93)
[2026-03-02 07:42:32,294] INFO:ptp_discovery.pref_loss_coevo: Gen 10 LLM ops: builders={'BUILDER_CONSTRAINT_INJECT': 2, 'E1_GENERATE': 1, 'M3': 1, 'REPAIR': 1, 'M2': 2} (repairs=1) losses={} (repairs=0) cache={'offline_mode': False, 'cache_path': 'runs/pref_loss_alternating_simple/20260301-230657/llm_cache.jsonl', 'cache_entries': 273, 'cache_hits': 0, 'cache_misses': 273}
[2026-03-02 07:42:32,295] INFO:ptp_discovery.pref_loss_coevo: Gen 10 proxy rollouts skipped: stage1_proxy=0 and stage2_micro_unroll=0
[2026-03-02 07:42:32,326] INFO:ptp_discovery.pref_loss_coevo: Alternating block status: round=0 cycle_pos=10/20 budgets(loss=0,builder=128)
[2026-03-02 07:42:32,327] INFO:ptp_discovery.pref_loss_coevo: Alternating fixed candidates resolved: fixed_g=g_ref fixed_f=f000_008_c6a6dbdd
[2026-03-02 07:42:32,327] INFO:ptp_discovery.pref_loss_coevo: Alternating phase=loss fixed_g=g_ref budget=0
[2026-03-02 07:42:32,328] INFO:ptp_discovery.pref_loss_coevo: EVAL_STAGES enabled: stage0_gate=1 stage1_proxy=0 stage2_micro_unroll=0 stage3_high_fidelity=1
[2026-03-02 07:42:32,328] INFO:ptp_discovery.pref_loss_coevo: Alternating phase=builder fixed_f=f000_008_c6a6dbdd budget=128
[2026-03-02 07:42:32,328] INFO:ptp_discovery.pref_loss_coevo: EVAL_STAGES enabled: stage0_gate=1 stage1_proxy=0 stage2_micro_unroll=0 stage3_high_fidelity=1
[2026-03-02 07:42:32,328] INFO:ptp_discovery.pref_loss_coevo: Gate-only eval (proxy disabled) gen=10: pairs=5 cheap_gate_on=True
[2026-03-02 07:42:32,333] INFO:ptp_discovery.pref_loss_coevo: Gate-only progress gen=10: 1/5 caches(rollout=0 pref=0 pair=126)
[2026-03-02 07:42:32,355] INFO:ptp_discovery.pref_loss_coevo: Gate-only progress gen=10: 5/5 caches(rollout=0 pref=0 pair=130)
[2026-03-02 07:42:32,355] INFO:ptp_discovery.pref_loss_coevo: Gate-only eval done gen=10: pairs=5 elapsed_s=0.0 caches(rollout=0 pref=0 pair=130)
[2026-03-02 07:42:32,356] INFO:ptp_discovery.pref_loss_coevo: HF selection gen=10: eligible=5 selected=5 (top_m=999999 ignored)
[2026-03-02 07:42:32,357] INFO:ptp_discovery.pref_loss_coevo: HF device assignment gen=10: {'cuda:0': 2, 'cuda:1': 1, 'cuda:2': 1, 'cuda:3': 1}
[2026-03-02 07:42:32,357] INFO:ptp_discovery.pref_loss_coevo: HF eval gen=10: tasks=5 mp=True procs=4
[2026-03-02 07:42:32,358] INFO:ptp_discovery.pref_loss_coevo: High-fidelity via pinned mp: start_method=spawn processes=4 tasks=5
/data1/gushengda/eam-rl4co/PTP/fitness/free_loss_fidelity.py:51: FutureWarning: You are using `torch.load` with `weights_only=False` (the current default value), which uses the default pickle module implicitly. It is possible to construct malicious pickle data which will execute arbitrary code during unpickling (See https://github.com/pytorch/pytorch/blob/main/SECURITY.md#untrusted-models for more details). In a future release, the default value for `weights_only` will be flipped to `True`. This limits the functions that could be executed during unpickling. Arbitrary objects will no longer be allowed to be loaded via this mode unless they are explicitly allowlisted by the user via `torch.serialization.add_safe_globals`. We recommend you start setting `weights_only=True` for any use case where you don't have full control of the loaded file. Please open an issue on GitHub for any issues related to this experimental feature.
  obj = torch.load(p, map_location="cpu")
/data1/gushengda/eam-rl4co/PTP/fitness/free_loss_fidelity.py:51: FutureWarning: You are using `torch.load` with `weights_only=False` (the current default value), which uses the default pickle module implicitly. It is possible to construct malicious pickle data which will execute arbitrary code during unpickling (See https://github.com/pytorch/pytorch/blob/main/SECURITY.md#untrusted-models for more details). In a future release, the default value for `weights_only` will be flipped to `True`. This limits the functions that could be executed during unpickling. Arbitrary objects will no longer be allowed to be loaded via this mode unless they are explicitly allowlisted by the user via `torch.serialization.add_safe_globals`. We recommend you start setting `weights_only=True` for any use case where you don't have full control of the loaded file. Please open an issue on GitHub for any issues related to this experimental feature.
  obj = torch.load(p, map_location="cpu")
/data1/gushengda/eam-rl4co/PTP/fitness/free_loss_fidelity.py:51: FutureWarning: You are using `torch.load` with `weights_only=False` (the current default value), which uses the default pickle module implicitly. It is possible to construct malicious pickle data which will execute arbitrary code during unpickling (See https://github.com/pytorch/pytorch/blob/main/SECURITY.md#untrusted-models for more details). In a future release, the default value for `weights_only` will be flipped to `True`. This limits the functions that could be executed during unpickling. Arbitrary objects will no longer be allowed to be loaded via this mode unless they are explicitly allowlisted by the user via `torch.serialization.add_safe_globals`. We recommend you start setting `weights_only=True` for any use case where you don't have full control of the loaded file. Please open an issue on GitHub for any issues related to this experimental feature.
  obj = torch.load(p, map_location="cpu")
/data1/gushengda/eam-rl4co/PTP/fitness/free_loss_fidelity.py:51: FutureWarning: You are using `torch.load` with `weights_only=False` (the current default value), which uses the default pickle module implicitly. It is possible to construct malicious pickle data which will execute arbitrary code during unpickling (See https://github.com/pytorch/pytorch/blob/main/SECURITY.md#untrusted-models for more details). In a future release, the default value for `weights_only` will be flipped to `True`. This limits the functions that could be executed during unpickling. Arbitrary objects will no longer be allowed to be loaded via this mode unless they are explicitly allowlisted by the user via `torch.serialization.add_safe_globals`. We recommend you start setting `weights_only=True` for any use case where you don't have full control of the loaded file. Please open an issue on GitHub for any issues related to this experimental feature.
  obj = torch.load(p, map_location="cpu")
/data1/gushengda/eam-rl4co/PTP/fitness/free_loss_fidelity.py:435: FutureWarning: You are using `torch.load` with `weights_only=False` (the current default value), which uses the default pickle module implicitly. It is possible to construct malicious pickle data which will execute arbitrary code during unpickling (See https://github.com/pytorch/pytorch/blob/main/SECURITY.md#untrusted-models for more details). In a future release, the default value for `weights_only` will be flipped to `True`. This limits the functions that could be executed during unpickling. Arbitrary objects will no longer be allowed to be loaded via this mode unless they are explicitly allowlisted by the user via `torch.serialization.add_safe_globals`. We recommend you start setting `weights_only=True` for any use case where you don't have full control of the loaded file. Please open an issue on GitHub for any issues related to this experimental feature.
  ckpt = torch.load(ckpt_path, map_location="cpu")
/data1/gushengda/eam-rl4co/PTP/fitness/free_loss_fidelity.py:435: FutureWarning: You are using `torch.load` with `weights_only=False` (the current default value), which uses the default pickle module implicitly. It is possible to construct malicious pickle data which will execute arbitrary code during unpickling (See https://github.com/pytorch/pytorch/blob/main/SECURITY.md#untrusted-models for more details). In a future release, the default value for `weights_only` will be flipped to `True`. This limits the functions that could be executed during unpickling. Arbitrary objects will no longer be allowed to be loaded via this mode unless they are explicitly allowlisted by the user via `torch.serialization.add_safe_globals`. We recommend you start setting `weights_only=True` for any use case where you don't have full control of the loaded file. Please open an issue on GitHub for any issues related to this experimental feature.
  ckpt = torch.load(ckpt_path, map_location="cpu")
/data1/gushengda/eam-rl4co/PTP/fitness/free_loss_fidelity.py:435: FutureWarning: You are using `torch.load` with `weights_only=False` (the current default value), which uses the default pickle module implicitly. It is possible to construct malicious pickle data which will execute arbitrary code during unpickling (See https://github.com/pytorch/pytorch/blob/main/SECURITY.md#untrusted-models for more details). In a future release, the default value for `weights_only` will be flipped to `True`. This limits the functions that could be executed during unpickling. Arbitrary objects will no longer be allowed to be loaded via this mode unless they are explicitly allowlisted by the user via `torch.serialization.add_safe_globals`. We recommend you start setting `weights_only=True` for any use case where you don't have full control of the loaded file. Please open an issue on GitHub for any issues related to this experimental feature.
  ckpt = torch.load(ckpt_path, map_location="cpu")
/data1/gushengda/eam-rl4co/PTP/fitness/free_loss_fidelity.py:435: FutureWarning: You are using `torch.load` with `weights_only=False` (the current default value), which uses the default pickle module implicitly. It is possible to construct malicious pickle data which will execute arbitrary code during unpickling (See https://github.com/pytorch/pytorch/blob/main/SECURITY.md#untrusted-models for more details). In a future release, the default value for `weights_only` will be flipped to `True`. This limits the functions that could be executed during unpickling. Arbitrary objects will no longer be allowed to be loaded via this mode unless they are explicitly allowlisted by the user via `torch.serialization.add_safe_globals`. We recommend you start setting `weights_only=True` for any use case where you don't have full control of the loaded file. Please open an issue on GitHub for any issues related to this experimental feature.
  ckpt = torch.load(ckpt_path, map_location="cpu")
[2026-03-02 07:48:56,600] INFO:ptp_discovery.pref_loss_coevo: HF vs incumbent gen=10: better=0 worse=5 unknown=0 (ok=5 failed=0) ref=-0.013317406177520752 threshold=-0.016433143488211423
[2026-03-02 07:48:56,602] INFO:ptp_discovery.pref_loss_coevo: HF MF promote gen=10: K200 -> K1000 next_pool=5 (from=5) top_m=32 promote_if_better=True include_incumbent=True
[2026-03-02 07:48:56,603] INFO:ptp_discovery.pref_loss_coevo: HF MF round gen=10: K1000 fidelity=K1000 pool=5 tasks=5 mp=True procs=4 devices={'cuda:0': 2, 'cuda:1': 1, 'cuda:2': 1, 'cuda:3': 1}
/data1/gushengda/eam-rl4co/PTP/fitness/free_loss_fidelity.py:51: FutureWarning: You are using `torch.load` with `weights_only=False` (the current default value), which uses the default pickle module implicitly. It is possible to construct malicious pickle data which will execute arbitrary code during unpickling (See https://github.com/pytorch/pytorch/blob/main/SECURITY.md#untrusted-models for more details). In a future release, the default value for `weights_only` will be flipped to `True`. This limits the functions that could be executed during unpickling. Arbitrary objects will no longer be allowed to be loaded via this mode unless they are explicitly allowlisted by the user via `torch.serialization.add_safe_globals`. We recommend you start setting `weights_only=True` for any use case where you don't have full control of the loaded file. Please open an issue on GitHub for any issues related to this experimental feature.
  obj = torch.load(p, map_location="cpu")
/data1/gushengda/eam-rl4co/PTP/fitness/free_loss_fidelity.py:51: FutureWarning: You are using `torch.load` with `weights_only=False` (the current default value), which uses the default pickle module implicitly. It is possible to construct malicious pickle data which will execute arbitrary code during unpickling (See https://github.com/pytorch/pytorch/blob/main/SECURITY.md#untrusted-models for more details). In a future release, the default value for `weights_only` will be flipped to `True`. This limits the functions that could be executed during unpickling. Arbitrary objects will no longer be allowed to be loaded via this mode unless they are explicitly allowlisted by the user via `torch.serialization.add_safe_globals`. We recommend you start setting `weights_only=True` for any use case where you don't have full control of the loaded file. Please open an issue on GitHub for any issues related to this experimental feature.
  obj = torch.load(p, map_location="cpu")
/data1/gushengda/eam-rl4co/PTP/fitness/free_loss_fidelity.py:51: FutureWarning: You are using `torch.load` with `weights_only=False` (the current default value), which uses the default pickle module implicitly. It is possible to construct malicious pickle data which will execute arbitrary code during unpickling (See https://github.com/pytorch/pytorch/blob/main/SECURITY.md#untrusted-models for more details). In a future release, the default value for `weights_only` will be flipped to `True`. This limits the functions that could be executed during unpickling. Arbitrary objects will no longer be allowed to be loaded via this mode unless they are explicitly allowlisted by the user via `torch.serialization.add_safe_globals`. We recommend you start setting `weights_only=True` for any use case where you don't have full control of the loaded file. Please open an issue on GitHub for any issues related to this experimental feature.
  obj = torch.load(p, map_location="cpu")
/data1/gushengda/eam-rl4co/PTP/fitness/free_loss_fidelity.py:51: FutureWarning: You are using `torch.load` with `weights_only=False` (the current default value), which uses the default pickle module implicitly. It is possible to construct malicious pickle data which will execute arbitrary code during unpickling (See https://github.com/pytorch/pytorch/blob/main/SECURITY.md#untrusted-models for more details). In a future release, the default value for `weights_only` will be flipped to `True`. This limits the functions that could be executed during unpickling. Arbitrary objects will no longer be allowed to be loaded via this mode unless they are explicitly allowlisted by the user via `torch.serialization.add_safe_globals`. We recommend you start setting `weights_only=True` for any use case where you don't have full control of the loaded file. Please open an issue on GitHub for any issues related to this experimental feature.
  obj = torch.load(p, map_location="cpu")
/data1/gushengda/eam-rl4co/PTP/fitness/free_loss_fidelity.py:435: FutureWarning: You are using `torch.load` with `weights_only=False` (the current default value), which uses the default pickle module implicitly. It is possible to construct malicious pickle data which will execute arbitrary code during unpickling (See https://github.com/pytorch/pytorch/blob/main/SECURITY.md#untrusted-models for more details). In a future release, the default value for `weights_only` will be flipped to `True`. This limits the functions that could be executed during unpickling. Arbitrary objects will no longer be allowed to be loaded via this mode unless they are explicitly allowlisted by the user via `torch.serialization.add_safe_globals`. We recommend you start setting `weights_only=True` for any use case where you don't have full control of the loaded file. Please open an issue on GitHub for any issues related to this experimental feature.
  ckpt = torch.load(ckpt_path, map_location="cpu")
/data1/gushengda/eam-rl4co/PTP/fitness/free_loss_fidelity.py:435: FutureWarning: You are using `torch.load` with `weights_only=False` (the current default value), which uses the default pickle module implicitly. It is possible to construct malicious pickle data which will execute arbitrary code during unpickling (See https://github.com/pytorch/pytorch/blob/main/SECURITY.md#untrusted-models for more details). In a future release, the default value for `weights_only` will be flipped to `True`. This limits the functions that could be executed during unpickling. Arbitrary objects will no longer be allowed to be loaded via this mode unless they are explicitly allowlisted by the user via `torch.serialization.add_safe_globals`. We recommend you start setting `weights_only=True` for any use case where you don't have full control of the loaded file. Please open an issue on GitHub for any issues related to this experimental feature.
  ckpt = torch.load(ckpt_path, map_location="cpu")
/data1/gushengda/eam-rl4co/PTP/fitness/free_loss_fidelity.py:435: FutureWarning: You are using `torch.load` with `weights_only=False` (the current default value), which uses the default pickle module implicitly. It is possible to construct malicious pickle data which will execute arbitrary code during unpickling (See https://github.com/pytorch/pytorch/blob/main/SECURITY.md#untrusted-models for more details). In a future release, the default value for `weights_only` will be flipped to `True`. This limits the functions that could be executed during unpickling. Arbitrary objects will no longer be allowed to be loaded via this mode unless they are explicitly allowlisted by the user via `torch.serialization.add_safe_globals`. We recommend you start setting `weights_only=True` for any use case where you don't have full control of the loaded file. Please open an issue on GitHub for any issues related to this experimental feature.
  ckpt = torch.load(ckpt_path, map_location="cpu")
/data1/gushengda/eam-rl4co/PTP/fitness/free_loss_fidelity.py:435: FutureWarning: You are using `torch.load` with `weights_only=False` (the current default value), which uses the default pickle module implicitly. It is possible to construct malicious pickle data which will execute arbitrary code during unpickling (See https://github.com/pytorch/pytorch/blob/main/SECURITY.md#untrusted-models for more details). In a future release, the default value for `weights_only` will be flipped to `True`. This limits the functions that could be executed during unpickling. Arbitrary objects will no longer be allowed to be loaded via this mode unless they are explicitly allowlisted by the user via `torch.serialization.add_safe_globals`. We recommend you start setting `weights_only=True` for any use case where you don't have full control of the loaded file. Please open an issue on GitHub for any issues related to this experimental feature.
  ckpt = torch.load(ckpt_path, map_location="cpu")
[2026-03-02 08:22:15,372] INFO:ptp_discovery.pref_loss_coevo: COMPARE target=incumbent reference_score=-0.013317406177520752 threshold=-0.016433143488211423 metric_mode=minimize improve_eps=0.0031157373106906723
[2026-03-02 08:22:15,373] INFO:ptp_discovery.pref_loss_coevo: COMPARE target=last_phase last_phase=loss reference_score=-0.013317406177520752 threshold=-0.016433143488211423 metric_mode=minimize improve_eps=0.0031157373106906723
[2026-03-02 08:22:15,374] INFO:ptp_discovery.pref_loss_coevo: Gen 10 summary: g_pool=5 f_pool=0 pairs=5 ok=5 stages={'high_fidelity': 5} top_reasons=[('ok_stage3_offline_minitrain', 5)]
[2026-03-02 08:22:15,396] INFO:ptp_discovery.pref_loss_coevo: Alternating LLM gating gen=11 phase=builder llm_enabled(builder=True,loss=False)
[2026-03-02 08:22:15,396] INFO:ptp_discovery.pref_loss_coevo: === alternating generation 11/19 ===
[2026-03-02 08:22:15,396] INFO:ptp_discovery.pref_loss_coevo: EVAL_STAGES enabled: stage0_gate=1 stage1_proxy=0 stage2_micro_unroll=0 stage3_high_fidelity=1
[2026-03-02 08:22:15,396] INFO:ptp_discovery.pref_loss_coevo: INCUMBENT best_score=-0.013317406177520752 best_pair=(g_ref,f000_008_c6a6dbdd) best_stage=high_fidelity metric_mode=minimize improve_eps=0.0031157373106906723
[2026-03-02 08:22:15,398] INFO:ptp_discovery.pref_loss_coevo: Gen 11 start: caches(rollout=0 pref=0 pair=135) cuda(cuda:0(alloc=0.05G,resv=7.67G) cuda:1(alloc=0.00G,resv=0.00G) cuda:2(alloc=0.00G,resv=0.00G) cuda:3(alloc=0.00G,resv=0.00G))
[2026-03-02 08:22:15,398] INFO:ptp_discovery.pref_loss_coevo: Gen 11 prompt context sizes: best_builder_summary.code=504 chars best_loss_summary.code=504 chars
[2026-03-02 08:22:15,398] INFO:ptp_discovery.pref_loss_coevo: Loss exploration schedule gen=11: stagnation=4 trigger=3 explore_mode=True avoid_families=['pairwise_margin|cost_gap|mean|clamp_stabilized', 'proper_scoring|delta_rank|weighted_sum_normalized|shift_invariant_centering_xclip_weight_clamp', 'confidence_weighted_margin|delta_z|weighted_sum_normalized|detached_signal_bounded_gate', 'regret_weighted_margin|delta_regret|weighted_mean|weight_clamp_stabilized', 'proper_scoring|delta_rank|weighted_mean|temperature_bounded', 'proper_scoring|delta_rank|weighted_sum_normalized|temperature_bounded', 'pairwise_margin|cost_gap|weighted_sum_normalized|clamp_stabilized', 'proper_scoring|delta_regret|weighted_mean|bounded_scale_detached_signal']
[2026-03-02 08:46:44,941] WARNING:ptp_discovery.pref_loss_coevo: Population fill shortfall at gen=11: proposed_g=5/12 proposed_f=0/12 (seen_g=10 seen_f=93)
[2026-03-02 08:46:44,970] INFO:ptp_discovery.pref_loss_coevo: Gen 11 LLM ops: builders={'E1': 2, 'M2': 2, 'BUILDER_STRUCTURE_SHIFT': 1} (repairs=0) losses={} (repairs=0) cache={'offline_mode': False, 'cache_path': 'runs/pref_loss_alternating_simple/20260301-230657/llm_cache.jsonl', 'cache_entries': 350, 'cache_hits': 0, 'cache_misses': 350}
[2026-03-02 08:46:44,971] INFO:ptp_discovery.pref_loss_coevo: Gen 11 proxy rollouts skipped: stage1_proxy=0 and stage2_micro_unroll=0
[2026-03-02 08:46:45,013] INFO:ptp_discovery.pref_loss_coevo: Alternating block status: round=0 cycle_pos=11/20 budgets(loss=0,builder=128)
[2026-03-02 08:46:45,014] INFO:ptp_discovery.pref_loss_coevo: Alternating fixed candidates resolved: fixed_g=g_ref fixed_f=f000_008_c6a6dbdd
[2026-03-02 08:46:45,015] INFO:ptp_discovery.pref_loss_coevo: Alternating phase=loss fixed_g=g_ref budget=0
[2026-03-02 08:46:45,015] INFO:ptp_discovery.pref_loss_coevo: EVAL_STAGES enabled: stage0_gate=1 stage1_proxy=0 stage2_micro_unroll=0 stage3_high_fidelity=1
[2026-03-02 08:46:45,015] INFO:ptp_discovery.pref_loss_coevo: Alternating phase=builder fixed_f=f000_008_c6a6dbdd budget=128
[2026-03-02 08:46:45,015] INFO:ptp_discovery.pref_loss_coevo: EVAL_STAGES enabled: stage0_gate=1 stage1_proxy=0 stage2_micro_unroll=0 stage3_high_fidelity=1
[2026-03-02 08:46:45,015] INFO:ptp_discovery.pref_loss_coevo: Gate-only eval (proxy disabled) gen=11: pairs=10 cheap_gate_on=True
[2026-03-02 08:46:45,021] INFO:ptp_discovery.pref_loss_coevo: Gate-only progress gen=11: 1/10 caches(rollout=0 pref=0 pair=135)
[2026-03-02 08:46:45,075] INFO:ptp_discovery.pref_loss_coevo: Gate-only progress gen=11: 10/10 caches(rollout=0 pref=0 pair=140)
[2026-03-02 08:46:45,075] INFO:ptp_discovery.pref_loss_coevo: Gate-only eval done gen=11: pairs=10 elapsed_s=0.1 caches(rollout=0 pref=0 pair=140)
[2026-03-02 08:46:45,075] INFO:ptp_discovery.pref_loss_coevo: HF selection gen=11: eligible=10 selected=10 (top_m=999999 ignored)
[2026-03-02 08:46:45,076] INFO:ptp_discovery.pref_loss_coevo: HF device assignment gen=11: {'cuda:0': 3, 'cuda:1': 3, 'cuda:2': 2, 'cuda:3': 2}
[2026-03-02 08:46:45,076] INFO:ptp_discovery.pref_loss_coevo: HF eval gen=11: tasks=10 mp=True procs=4
[2026-03-02 08:46:45,076] INFO:ptp_discovery.pref_loss_coevo: High-fidelity via pinned mp: start_method=spawn processes=4 tasks=10
/data1/gushengda/eam-rl4co/PTP/fitness/free_loss_fidelity.py:51: FutureWarning: You are using `torch.load` with `weights_only=False` (the current default value), which uses the default pickle module implicitly. It is possible to construct malicious pickle data which will execute arbitrary code during unpickling (See https://github.com/pytorch/pytorch/blob/main/SECURITY.md#untrusted-models for more details). In a future release, the default value for `weights_only` will be flipped to `True`. This limits the functions that could be executed during unpickling. Arbitrary objects will no longer be allowed to be loaded via this mode unless they are explicitly allowlisted by the user via `torch.serialization.add_safe_globals`. We recommend you start setting `weights_only=True` for any use case where you don't have full control of the loaded file. Please open an issue on GitHub for any issues related to this experimental feature.
  obj = torch.load(p, map_location="cpu")
/data1/gushengda/eam-rl4co/PTP/fitness/free_loss_fidelity.py:51: FutureWarning: You are using `torch.load` with `weights_only=False` (the current default value), which uses the default pickle module implicitly. It is possible to construct malicious pickle data which will execute arbitrary code during unpickling (See https://github.com/pytorch/pytorch/blob/main/SECURITY.md#untrusted-models for more details). In a future release, the default value for `weights_only` will be flipped to `True`. This limits the functions that could be executed during unpickling. Arbitrary objects will no longer be allowed to be loaded via this mode unless they are explicitly allowlisted by the user via `torch.serialization.add_safe_globals`. We recommend you start setting `weights_only=True` for any use case where you don't have full control of the loaded file. Please open an issue on GitHub for any issues related to this experimental feature.
  obj = torch.load(p, map_location="cpu")
/data1/gushengda/eam-rl4co/PTP/fitness/free_loss_fidelity.py:51: FutureWarning: You are using `torch.load` with `weights_only=False` (the current default value), which uses the default pickle module implicitly. It is possible to construct malicious pickle data which will execute arbitrary code during unpickling (See https://github.com/pytorch/pytorch/blob/main/SECURITY.md#untrusted-models for more details). In a future release, the default value for `weights_only` will be flipped to `True`. This limits the functions that could be executed during unpickling. Arbitrary objects will no longer be allowed to be loaded via this mode unless they are explicitly allowlisted by the user via `torch.serialization.add_safe_globals`. We recommend you start setting `weights_only=True` for any use case where you don't have full control of the loaded file. Please open an issue on GitHub for any issues related to this experimental feature.
  obj = torch.load(p, map_location="cpu")
/data1/gushengda/eam-rl4co/PTP/fitness/free_loss_fidelity.py:51: FutureWarning: You are using `torch.load` with `weights_only=False` (the current default value), which uses the default pickle module implicitly. It is possible to construct malicious pickle data which will execute arbitrary code during unpickling (See https://github.com/pytorch/pytorch/blob/main/SECURITY.md#untrusted-models for more details). In a future release, the default value for `weights_only` will be flipped to `True`. This limits the functions that could be executed during unpickling. Arbitrary objects will no longer be allowed to be loaded via this mode unless they are explicitly allowlisted by the user via `torch.serialization.add_safe_globals`. We recommend you start setting `weights_only=True` for any use case where you don't have full control of the loaded file. Please open an issue on GitHub for any issues related to this experimental feature.
  obj = torch.load(p, map_location="cpu")
/data1/gushengda/eam-rl4co/PTP/fitness/free_loss_fidelity.py:435: FutureWarning: You are using `torch.load` with `weights_only=False` (the current default value), which uses the default pickle module implicitly. It is possible to construct malicious pickle data which will execute arbitrary code during unpickling (See https://github.com/pytorch/pytorch/blob/main/SECURITY.md#untrusted-models for more details). In a future release, the default value for `weights_only` will be flipped to `True`. This limits the functions that could be executed during unpickling. Arbitrary objects will no longer be allowed to be loaded via this mode unless they are explicitly allowlisted by the user via `torch.serialization.add_safe_globals`. We recommend you start setting `weights_only=True` for any use case where you don't have full control of the loaded file. Please open an issue on GitHub for any issues related to this experimental feature.
  ckpt = torch.load(ckpt_path, map_location="cpu")
/data1/gushengda/eam-rl4co/PTP/fitness/free_loss_fidelity.py:435: FutureWarning: You are using `torch.load` with `weights_only=False` (the current default value), which uses the default pickle module implicitly. It is possible to construct malicious pickle data which will execute arbitrary code during unpickling (See https://github.com/pytorch/pytorch/blob/main/SECURITY.md#untrusted-models for more details). In a future release, the default value for `weights_only` will be flipped to `True`. This limits the functions that could be executed during unpickling. Arbitrary objects will no longer be allowed to be loaded via this mode unless they are explicitly allowlisted by the user via `torch.serialization.add_safe_globals`. We recommend you start setting `weights_only=True` for any use case where you don't have full control of the loaded file. Please open an issue on GitHub for any issues related to this experimental feature.
  ckpt = torch.load(ckpt_path, map_location="cpu")
/data1/gushengda/eam-rl4co/PTP/fitness/free_loss_fidelity.py:435: FutureWarning: You are using `torch.load` with `weights_only=False` (the current default value), which uses the default pickle module implicitly. It is possible to construct malicious pickle data which will execute arbitrary code during unpickling (See https://github.com/pytorch/pytorch/blob/main/SECURITY.md#untrusted-models for more details). In a future release, the default value for `weights_only` will be flipped to `True`. This limits the functions that could be executed during unpickling. Arbitrary objects will no longer be allowed to be loaded via this mode unless they are explicitly allowlisted by the user via `torch.serialization.add_safe_globals`. We recommend you start setting `weights_only=True` for any use case where you don't have full control of the loaded file. Please open an issue on GitHub for any issues related to this experimental feature.
  ckpt = torch.load(ckpt_path, map_location="cpu")
/data1/gushengda/eam-rl4co/PTP/fitness/free_loss_fidelity.py:435: FutureWarning: You are using `torch.load` with `weights_only=False` (the current default value), which uses the default pickle module implicitly. It is possible to construct malicious pickle data which will execute arbitrary code during unpickling (See https://github.com/pytorch/pytorch/blob/main/SECURITY.md#untrusted-models for more details). In a future release, the default value for `weights_only` will be flipped to `True`. This limits the functions that could be executed during unpickling. Arbitrary objects will no longer be allowed to be loaded via this mode unless they are explicitly allowlisted by the user via `torch.serialization.add_safe_globals`. We recommend you start setting `weights_only=True` for any use case where you don't have full control of the loaded file. Please open an issue on GitHub for any issues related to this experimental feature.
  ckpt = torch.load(ckpt_path, map_location="cpu")
[2026-03-02 08:56:32,068] INFO:ptp_discovery.pref_loss_coevo: HF vs incumbent gen=11: better=0 worse=10 unknown=0 (ok=10 failed=0) ref=-0.013317406177520752 threshold=-0.016433143488211423
[2026-03-02 08:56:32,070] INFO:ptp_discovery.pref_loss_coevo: HF MF promote gen=11: K200 -> K1000 next_pool=10 (from=10) top_m=32 promote_if_better=True include_incumbent=True
[2026-03-02 08:56:32,071] INFO:ptp_discovery.pref_loss_coevo: HF MF round gen=11: K1000 fidelity=K1000 pool=10 tasks=5 mp=True procs=4 devices={'cuda:0': 2, 'cuda:1': 1, 'cuda:2': 1, 'cuda:3': 1}
/data1/gushengda/eam-rl4co/PTP/fitness/free_loss_fidelity.py:51: FutureWarning: You are using `torch.load` with `weights_only=False` (the current default value), which uses the default pickle module implicitly. It is possible to construct malicious pickle data which will execute arbitrary code during unpickling (See https://github.com/pytorch/pytorch/blob/main/SECURITY.md#untrusted-models for more details). In a future release, the default value for `weights_only` will be flipped to `True`. This limits the functions that could be executed during unpickling. Arbitrary objects will no longer be allowed to be loaded via this mode unless they are explicitly allowlisted by the user via `torch.serialization.add_safe_globals`. We recommend you start setting `weights_only=True` for any use case where you don't have full control of the loaded file. Please open an issue on GitHub for any issues related to this experimental feature.
  obj = torch.load(p, map_location="cpu")
/data1/gushengda/eam-rl4co/PTP/fitness/free_loss_fidelity.py:51: FutureWarning: You are using `torch.load` with `weights_only=False` (the current default value), which uses the default pickle module implicitly. It is possible to construct malicious pickle data which will execute arbitrary code during unpickling (See https://github.com/pytorch/pytorch/blob/main/SECURITY.md#untrusted-models for more details). In a future release, the default value for `weights_only` will be flipped to `True`. This limits the functions that could be executed during unpickling. Arbitrary objects will no longer be allowed to be loaded via this mode unless they are explicitly allowlisted by the user via `torch.serialization.add_safe_globals`. We recommend you start setting `weights_only=True` for any use case where you don't have full control of the loaded file. Please open an issue on GitHub for any issues related to this experimental feature.
  obj = torch.load(p, map_location="cpu")
/data1/gushengda/eam-rl4co/PTP/fitness/free_loss_fidelity.py:51: FutureWarning: You are using `torch.load` with `weights_only=False` (the current default value), which uses the default pickle module implicitly. It is possible to construct malicious pickle data which will execute arbitrary code during unpickling (See https://github.com/pytorch/pytorch/blob/main/SECURITY.md#untrusted-models for more details). In a future release, the default value for `weights_only` will be flipped to `True`. This limits the functions that could be executed during unpickling. Arbitrary objects will no longer be allowed to be loaded via this mode unless they are explicitly allowlisted by the user via `torch.serialization.add_safe_globals`. We recommend you start setting `weights_only=True` for any use case where you don't have full control of the loaded file. Please open an issue on GitHub for any issues related to this experimental feature.
  obj = torch.load(p, map_location="cpu")
/data1/gushengda/eam-rl4co/PTP/fitness/free_loss_fidelity.py:51: FutureWarning: You are using `torch.load` with `weights_only=False` (the current default value), which uses the default pickle module implicitly. It is possible to construct malicious pickle data which will execute arbitrary code during unpickling (See https://github.com/pytorch/pytorch/blob/main/SECURITY.md#untrusted-models for more details). In a future release, the default value for `weights_only` will be flipped to `True`. This limits the functions that could be executed during unpickling. Arbitrary objects will no longer be allowed to be loaded via this mode unless they are explicitly allowlisted by the user via `torch.serialization.add_safe_globals`. We recommend you start setting `weights_only=True` for any use case where you don't have full control of the loaded file. Please open an issue on GitHub for any issues related to this experimental feature.
  obj = torch.load(p, map_location="cpu")
/data1/gushengda/eam-rl4co/PTP/fitness/free_loss_fidelity.py:435: FutureWarning: You are using `torch.load` with `weights_only=False` (the current default value), which uses the default pickle module implicitly. It is possible to construct malicious pickle data which will execute arbitrary code during unpickling (See https://github.com/pytorch/pytorch/blob/main/SECURITY.md#untrusted-models for more details). In a future release, the default value for `weights_only` will be flipped to `True`. This limits the functions that could be executed during unpickling. Arbitrary objects will no longer be allowed to be loaded via this mode unless they are explicitly allowlisted by the user via `torch.serialization.add_safe_globals`. We recommend you start setting `weights_only=True` for any use case where you don't have full control of the loaded file. Please open an issue on GitHub for any issues related to this experimental feature.
  ckpt = torch.load(ckpt_path, map_location="cpu")
/data1/gushengda/eam-rl4co/PTP/fitness/free_loss_fidelity.py:435: FutureWarning: You are using `torch.load` with `weights_only=False` (the current default value), which uses the default pickle module implicitly. It is possible to construct malicious pickle data which will execute arbitrary code during unpickling (See https://github.com/pytorch/pytorch/blob/main/SECURITY.md#untrusted-models for more details). In a future release, the default value for `weights_only` will be flipped to `True`. This limits the functions that could be executed during unpickling. Arbitrary objects will no longer be allowed to be loaded via this mode unless they are explicitly allowlisted by the user via `torch.serialization.add_safe_globals`. We recommend you start setting `weights_only=True` for any use case where you don't have full control of the loaded file. Please open an issue on GitHub for any issues related to this experimental feature.
  ckpt = torch.load(ckpt_path, map_location="cpu")
/data1/gushengda/eam-rl4co/PTP/fitness/free_loss_fidelity.py:435: FutureWarning: You are using `torch.load` with `weights_only=False` (the current default value), which uses the default pickle module implicitly. It is possible to construct malicious pickle data which will execute arbitrary code during unpickling (See https://github.com/pytorch/pytorch/blob/main/SECURITY.md#untrusted-models for more details). In a future release, the default value for `weights_only` will be flipped to `True`. This limits the functions that could be executed during unpickling. Arbitrary objects will no longer be allowed to be loaded via this mode unless they are explicitly allowlisted by the user via `torch.serialization.add_safe_globals`. We recommend you start setting `weights_only=True` for any use case where you don't have full control of the loaded file. Please open an issue on GitHub for any issues related to this experimental feature.
  ckpt = torch.load(ckpt_path, map_location="cpu")
/data1/gushengda/eam-rl4co/PTP/fitness/free_loss_fidelity.py:435: FutureWarning: You are using `torch.load` with `weights_only=False` (the current default value), which uses the default pickle module implicitly. It is possible to construct malicious pickle data which will execute arbitrary code during unpickling (See https://github.com/pytorch/pytorch/blob/main/SECURITY.md#untrusted-models for more details). In a future release, the default value for `weights_only` will be flipped to `True`. This limits the functions that could be executed during unpickling. Arbitrary objects will no longer be allowed to be loaded via this mode unless they are explicitly allowlisted by the user via `torch.serialization.add_safe_globals`. We recommend you start setting `weights_only=True` for any use case where you don't have full control of the loaded file. Please open an issue on GitHub for any issues related to this experimental feature.
  ckpt = torch.load(ckpt_path, map_location="cpu")
[2026-03-02 09:28:49,043] INFO:ptp_discovery.pref_loss_coevo: COMPARE target=incumbent reference_score=-0.013317406177520752 threshold=-0.016433143488211423 metric_mode=minimize improve_eps=0.0031157373106906723
[2026-03-02 09:28:49,043] INFO:ptp_discovery.pref_loss_coevo: COMPARE target=last_phase last_phase=loss reference_score=-0.013317406177520752 threshold=-0.016433143488211423 metric_mode=minimize improve_eps=0.0031157373106906723
[2026-03-02 09:28:49,044] INFO:ptp_discovery.pref_loss_coevo: Gen 11 summary: g_pool=5 f_pool=0 pairs=10 ok=10 stages={'high_fidelity': 10} top_reasons=[('ok_stage3_offline_minitrain', 10)]
[2026-03-02 09:28:49,072] INFO:ptp_discovery.pref_loss_coevo: Alternating LLM gating gen=12 phase=builder llm_enabled(builder=True,loss=False)
[2026-03-02 09:28:49,072] INFO:ptp_discovery.pref_loss_coevo: === alternating generation 12/19 ===
[2026-03-02 09:28:49,072] INFO:ptp_discovery.pref_loss_coevo: EVAL_STAGES enabled: stage0_gate=1 stage1_proxy=0 stage2_micro_unroll=0 stage3_high_fidelity=1
[2026-03-02 09:28:49,072] INFO:ptp_discovery.pref_loss_coevo: INCUMBENT best_score=-0.013317406177520752 best_pair=(g_ref,f000_008_c6a6dbdd) best_stage=high_fidelity metric_mode=minimize improve_eps=0.0031157373106906723
[2026-03-02 09:28:49,074] INFO:ptp_discovery.pref_loss_coevo: Gen 12 start: caches(rollout=0 pref=0 pair=145) cuda(cuda:0(alloc=0.05G,resv=7.67G) cuda:1(alloc=0.00G,resv=0.00G) cuda:2(alloc=0.00G,resv=0.00G) cuda:3(alloc=0.00G,resv=0.00G))
[2026-03-02 09:28:49,074] INFO:ptp_discovery.pref_loss_coevo: Gen 12 prompt context sizes: best_builder_summary.code=504 chars best_loss_summary.code=504 chars
[2026-03-02 09:28:49,074] INFO:ptp_discovery.pref_loss_coevo: Loss exploration schedule gen=12: stagnation=5 trigger=3 explore_mode=True avoid_families=['pairwise_margin|cost_gap|mean|clamp_stabilized', 'proper_scoring|delta_rank|weighted_sum_normalized|shift_invariant_centering_xclip_weight_clamp', 'confidence_weighted_margin|delta_z|weighted_sum_normalized|detached_signal_bounded_gate', 'regret_weighted_margin|delta_regret|weighted_mean|weight_clamp_stabilized', 'proper_scoring|delta_rank|weighted_mean|temperature_bounded', 'proper_scoring|delta_rank|weighted_sum_normalized|temperature_bounded', 'pairwise_margin|cost_gap|weighted_sum_normalized|clamp_stabilized', 'proper_scoring|delta_regret|weighted_mean|bounded_scale_detached_signal']
[2026-03-02 09:56:39,845] WARNING:ptp_discovery.pref_loss_coevo: Population fill shortfall at gen=12: proposed_g=5/12 proposed_f=0/12 (seen_g=15 seen_f=93)
[2026-03-02 09:56:39,873] INFO:ptp_discovery.pref_loss_coevo: Gen 12 LLM ops: builders={'M2': 1, 'E1_GENERATE': 1, 'M3': 1, 'REPAIR': 1, 'BUILDER_CONSTRAINT_INJECT': 2, 'E1': 1} (repairs=1) losses={} (repairs=0) cache={'offline_mode': False, 'cache_path': 'runs/pref_loss_alternating_simple/20260301-230657/llm_cache.jsonl', 'cache_entries': 421, 'cache_hits': 0, 'cache_misses': 421}
[2026-03-02 09:56:39,874] INFO:ptp_discovery.pref_loss_coevo: Gen 12 proxy rollouts skipped: stage1_proxy=0 and stage2_micro_unroll=0
[2026-03-02 09:56:39,926] INFO:ptp_discovery.pref_loss_coevo: Alternating block status: round=0 cycle_pos=12/20 budgets(loss=0,builder=128)
[2026-03-02 09:56:39,927] INFO:ptp_discovery.pref_loss_coevo: Alternating fixed candidates resolved: fixed_g=g_ref fixed_f=f000_008_c6a6dbdd
[2026-03-02 09:56:39,927] INFO:ptp_discovery.pref_loss_coevo: Alternating phase=loss fixed_g=g_ref budget=0
[2026-03-02 09:56:39,927] INFO:ptp_discovery.pref_loss_coevo: EVAL_STAGES enabled: stage0_gate=1 stage1_proxy=0 stage2_micro_unroll=0 stage3_high_fidelity=1
[2026-03-02 09:56:39,927] INFO:ptp_discovery.pref_loss_coevo: Alternating phase=builder fixed_f=f000_008_c6a6dbdd budget=128
[2026-03-02 09:56:39,927] INFO:ptp_discovery.pref_loss_coevo: EVAL_STAGES enabled: stage0_gate=1 stage1_proxy=0 stage2_micro_unroll=0 stage3_high_fidelity=1
[2026-03-02 09:56:39,928] INFO:ptp_discovery.pref_loss_coevo: Gate-only eval (proxy disabled) gen=12: pairs=13 cheap_gate_on=True
[2026-03-02 09:56:39,935] INFO:ptp_discovery.pref_loss_coevo: Gate-only progress gen=12: 1/13 caches(rollout=0 pref=0 pair=146)
[2026-03-02 09:56:39,993] INFO:ptp_discovery.pref_loss_coevo: Gate-only progress gen=12: 10/13 caches(rollout=0 pref=0 pair=149)
[2026-03-02 09:56:40,005] INFO:ptp_discovery.pref_loss_coevo: Gate-only progress gen=12: 13/13 caches(rollout=0 pref=0 pair=150)
[2026-03-02 09:56:40,006] INFO:ptp_discovery.pref_loss_coevo: Gate-only eval done gen=12: pairs=13 elapsed_s=0.1 caches(rollout=0 pref=0 pair=150)
[2026-03-02 09:56:40,006] INFO:ptp_discovery.pref_loss_coevo: HF selection gen=12: eligible=13 selected=13 (top_m=999999 ignored)
[2026-03-02 09:56:40,006] INFO:ptp_discovery.pref_loss_coevo: HF device assignment gen=12: {'cuda:0': 4, 'cuda:1': 3, 'cuda:2': 3, 'cuda:3': 3}
[2026-03-02 09:56:40,006] INFO:ptp_discovery.pref_loss_coevo: HF eval gen=12: tasks=13 mp=True procs=4
[2026-03-02 09:56:40,007] INFO:ptp_discovery.pref_loss_coevo: High-fidelity via pinned mp: start_method=spawn processes=4 tasks=13
/data1/gushengda/eam-rl4co/PTP/fitness/free_loss_fidelity.py:51: FutureWarning: You are using `torch.load` with `weights_only=False` (the current default value), which uses the default pickle module implicitly. It is possible to construct malicious pickle data which will execute arbitrary code during unpickling (See https://github.com/pytorch/pytorch/blob/main/SECURITY.md#untrusted-models for more details). In a future release, the default value for `weights_only` will be flipped to `True`. This limits the functions that could be executed during unpickling. Arbitrary objects will no longer be allowed to be loaded via this mode unless they are explicitly allowlisted by the user via `torch.serialization.add_safe_globals`. We recommend you start setting `weights_only=True` for any use case where you don't have full control of the loaded file. Please open an issue on GitHub for any issues related to this experimental feature.
  obj = torch.load(p, map_location="cpu")
/data1/gushengda/eam-rl4co/PTP/fitness/free_loss_fidelity.py:51: FutureWarning: You are using `torch.load` with `weights_only=False` (the current default value), which uses the default pickle module implicitly. It is possible to construct malicious pickle data which will execute arbitrary code during unpickling (See https://github.com/pytorch/pytorch/blob/main/SECURITY.md#untrusted-models for more details). In a future release, the default value for `weights_only` will be flipped to `True`. This limits the functions that could be executed during unpickling. Arbitrary objects will no longer be allowed to be loaded via this mode unless they are explicitly allowlisted by the user via `torch.serialization.add_safe_globals`. We recommend you start setting `weights_only=True` for any use case where you don't have full control of the loaded file. Please open an issue on GitHub for any issues related to this experimental feature.
  obj = torch.load(p, map_location="cpu")
/data1/gushengda/eam-rl4co/PTP/fitness/free_loss_fidelity.py:51: FutureWarning: You are using `torch.load` with `weights_only=False` (the current default value), which uses the default pickle module implicitly. It is possible to construct malicious pickle data which will execute arbitrary code during unpickling (See https://github.com/pytorch/pytorch/blob/main/SECURITY.md#untrusted-models for more details). In a future release, the default value for `weights_only` will be flipped to `True`. This limits the functions that could be executed during unpickling. Arbitrary objects will no longer be allowed to be loaded via this mode unless they are explicitly allowlisted by the user via `torch.serialization.add_safe_globals`. We recommend you start setting `weights_only=True` for any use case where you don't have full control of the loaded file. Please open an issue on GitHub for any issues related to this experimental feature.
  obj = torch.load(p, map_location="cpu")
/data1/gushengda/eam-rl4co/PTP/fitness/free_loss_fidelity.py:51: FutureWarning: You are using `torch.load` with `weights_only=False` (the current default value), which uses the default pickle module implicitly. It is possible to construct malicious pickle data which will execute arbitrary code during unpickling (See https://github.com/pytorch/pytorch/blob/main/SECURITY.md#untrusted-models for more details). In a future release, the default value for `weights_only` will be flipped to `True`. This limits the functions that could be executed during unpickling. Arbitrary objects will no longer be allowed to be loaded via this mode unless they are explicitly allowlisted by the user via `torch.serialization.add_safe_globals`. We recommend you start setting `weights_only=True` for any use case where you don't have full control of the loaded file. Please open an issue on GitHub for any issues related to this experimental feature.
  obj = torch.load(p, map_location="cpu")
/data1/gushengda/eam-rl4co/PTP/fitness/free_loss_fidelity.py:435: FutureWarning: You are using `torch.load` with `weights_only=False` (the current default value), which uses the default pickle module implicitly. It is possible to construct malicious pickle data which will execute arbitrary code during unpickling (See https://github.com/pytorch/pytorch/blob/main/SECURITY.md#untrusted-models for more details). In a future release, the default value for `weights_only` will be flipped to `True`. This limits the functions that could be executed during unpickling. Arbitrary objects will no longer be allowed to be loaded via this mode unless they are explicitly allowlisted by the user via `torch.serialization.add_safe_globals`. We recommend you start setting `weights_only=True` for any use case where you don't have full control of the loaded file. Please open an issue on GitHub for any issues related to this experimental feature.
  ckpt = torch.load(ckpt_path, map_location="cpu")
/data1/gushengda/eam-rl4co/PTP/fitness/free_loss_fidelity.py:435: FutureWarning: You are using `torch.load` with `weights_only=False` (the current default value), which uses the default pickle module implicitly. It is possible to construct malicious pickle data which will execute arbitrary code during unpickling (See https://github.com/pytorch/pytorch/blob/main/SECURITY.md#untrusted-models for more details). In a future release, the default value for `weights_only` will be flipped to `True`. This limits the functions that could be executed during unpickling. Arbitrary objects will no longer be allowed to be loaded via this mode unless they are explicitly allowlisted by the user via `torch.serialization.add_safe_globals`. We recommend you start setting `weights_only=True` for any use case where you don't have full control of the loaded file. Please open an issue on GitHub for any issues related to this experimental feature.
  ckpt = torch.load(ckpt_path, map_location="cpu")
/data1/gushengda/eam-rl4co/PTP/fitness/free_loss_fidelity.py:435: FutureWarning: You are using `torch.load` with `weights_only=False` (the current default value), which uses the default pickle module implicitly. It is possible to construct malicious pickle data which will execute arbitrary code during unpickling (See https://github.com/pytorch/pytorch/blob/main/SECURITY.md#untrusted-models for more details). In a future release, the default value for `weights_only` will be flipped to `True`. This limits the functions that could be executed during unpickling. Arbitrary objects will no longer be allowed to be loaded via this mode unless they are explicitly allowlisted by the user via `torch.serialization.add_safe_globals`. We recommend you start setting `weights_only=True` for any use case where you don't have full control of the loaded file. Please open an issue on GitHub for any issues related to this experimental feature.
  ckpt = torch.load(ckpt_path, map_location="cpu")
/data1/gushengda/eam-rl4co/PTP/fitness/free_loss_fidelity.py:435: FutureWarning: You are using `torch.load` with `weights_only=False` (the current default value), which uses the default pickle module implicitly. It is possible to construct malicious pickle data which will execute arbitrary code during unpickling (See https://github.com/pytorch/pytorch/blob/main/SECURITY.md#untrusted-models for more details). In a future release, the default value for `weights_only` will be flipped to `True`. This limits the functions that could be executed during unpickling. Arbitrary objects will no longer be allowed to be loaded via this mode unless they are explicitly allowlisted by the user via `torch.serialization.add_safe_globals`. We recommend you start setting `weights_only=True` for any use case where you don't have full control of the loaded file. Please open an issue on GitHub for any issues related to this experimental feature.
  ckpt = torch.load(ckpt_path, map_location="cpu")
[2026-03-02 10:09:30,581] INFO:ptp_discovery.pref_loss_coevo: HF vs incumbent gen=12: better=0 worse=13 unknown=0 (ok=13 failed=0) ref=-0.013317406177520752 threshold=-0.016433143488211423
[2026-03-02 10:09:30,583] INFO:ptp_discovery.pref_loss_coevo: HF MF promote gen=12: K200 -> K1000 next_pool=13 (from=13) top_m=32 promote_if_better=True include_incumbent=True
[2026-03-02 10:09:30,584] INFO:ptp_discovery.pref_loss_coevo: HF MF round gen=12: K1000 fidelity=K1000 pool=13 tasks=5 mp=True procs=4 devices={'cuda:0': 2, 'cuda:1': 1, 'cuda:2': 1, 'cuda:3': 1}
/data1/gushengda/eam-rl4co/PTP/fitness/free_loss_fidelity.py:51: FutureWarning: You are using `torch.load` with `weights_only=False` (the current default value), which uses the default pickle module implicitly. It is possible to construct malicious pickle data which will execute arbitrary code during unpickling (See https://github.com/pytorch/pytorch/blob/main/SECURITY.md#untrusted-models for more details). In a future release, the default value for `weights_only` will be flipped to `True`. This limits the functions that could be executed during unpickling. Arbitrary objects will no longer be allowed to be loaded via this mode unless they are explicitly allowlisted by the user via `torch.serialization.add_safe_globals`. We recommend you start setting `weights_only=True` for any use case where you don't have full control of the loaded file. Please open an issue on GitHub for any issues related to this experimental feature.
  obj = torch.load(p, map_location="cpu")
/data1/gushengda/eam-rl4co/PTP/fitness/free_loss_fidelity.py:51: FutureWarning: You are using `torch.load` with `weights_only=False` (the current default value), which uses the default pickle module implicitly. It is possible to construct malicious pickle data which will execute arbitrary code during unpickling (See https://github.com/pytorch/pytorch/blob/main/SECURITY.md#untrusted-models for more details). In a future release, the default value for `weights_only` will be flipped to `True`. This limits the functions that could be executed during unpickling. Arbitrary objects will no longer be allowed to be loaded via this mode unless they are explicitly allowlisted by the user via `torch.serialization.add_safe_globals`. We recommend you start setting `weights_only=True` for any use case where you don't have full control of the loaded file. Please open an issue on GitHub for any issues related to this experimental feature.
  obj = torch.load(p, map_location="cpu")
/data1/gushengda/eam-rl4co/PTP/fitness/free_loss_fidelity.py:51: FutureWarning: You are using `torch.load` with `weights_only=False` (the current default value), which uses the default pickle module implicitly. It is possible to construct malicious pickle data which will execute arbitrary code during unpickling (See https://github.com/pytorch/pytorch/blob/main/SECURITY.md#untrusted-models for more details). In a future release, the default value for `weights_only` will be flipped to `True`. This limits the functions that could be executed during unpickling. Arbitrary objects will no longer be allowed to be loaded via this mode unless they are explicitly allowlisted by the user via `torch.serialization.add_safe_globals`. We recommend you start setting `weights_only=True` for any use case where you don't have full control of the loaded file. Please open an issue on GitHub for any issues related to this experimental feature.
  obj = torch.load(p, map_location="cpu")
/data1/gushengda/eam-rl4co/PTP/fitness/free_loss_fidelity.py:51: FutureWarning: You are using `torch.load` with `weights_only=False` (the current default value), which uses the default pickle module implicitly. It is possible to construct malicious pickle data which will execute arbitrary code during unpickling (See https://github.com/pytorch/pytorch/blob/main/SECURITY.md#untrusted-models for more details). In a future release, the default value for `weights_only` will be flipped to `True`. This limits the functions that could be executed during unpickling. Arbitrary objects will no longer be allowed to be loaded via this mode unless they are explicitly allowlisted by the user via `torch.serialization.add_safe_globals`. We recommend you start setting `weights_only=True` for any use case where you don't have full control of the loaded file. Please open an issue on GitHub for any issues related to this experimental feature.
  obj = torch.load(p, map_location="cpu")
/data1/gushengda/eam-rl4co/PTP/fitness/free_loss_fidelity.py:435: FutureWarning: You are using `torch.load` with `weights_only=False` (the current default value), which uses the default pickle module implicitly. It is possible to construct malicious pickle data which will execute arbitrary code during unpickling (See https://github.com/pytorch/pytorch/blob/main/SECURITY.md#untrusted-models for more details). In a future release, the default value for `weights_only` will be flipped to `True`. This limits the functions that could be executed during unpickling. Arbitrary objects will no longer be allowed to be loaded via this mode unless they are explicitly allowlisted by the user via `torch.serialization.add_safe_globals`. We recommend you start setting `weights_only=True` for any use case where you don't have full control of the loaded file. Please open an issue on GitHub for any issues related to this experimental feature.
  ckpt = torch.load(ckpt_path, map_location="cpu")
/data1/gushengda/eam-rl4co/PTP/fitness/free_loss_fidelity.py:435: FutureWarning: You are using `torch.load` with `weights_only=False` (the current default value), which uses the default pickle module implicitly. It is possible to construct malicious pickle data which will execute arbitrary code during unpickling (See https://github.com/pytorch/pytorch/blob/main/SECURITY.md#untrusted-models for more details). In a future release, the default value for `weights_only` will be flipped to `True`. This limits the functions that could be executed during unpickling. Arbitrary objects will no longer be allowed to be loaded via this mode unless they are explicitly allowlisted by the user via `torch.serialization.add_safe_globals`. We recommend you start setting `weights_only=True` for any use case where you don't have full control of the loaded file. Please open an issue on GitHub for any issues related to this experimental feature.
  ckpt = torch.load(ckpt_path, map_location="cpu")
/data1/gushengda/eam-rl4co/PTP/fitness/free_loss_fidelity.py:435: FutureWarning: You are using `torch.load` with `weights_only=False` (the current default value), which uses the default pickle module implicitly. It is possible to construct malicious pickle data which will execute arbitrary code during unpickling (See https://github.com/pytorch/pytorch/blob/main/SECURITY.md#untrusted-models for more details). In a future release, the default value for `weights_only` will be flipped to `True`. This limits the functions that could be executed during unpickling. Arbitrary objects will no longer be allowed to be loaded via this mode unless they are explicitly allowlisted by the user via `torch.serialization.add_safe_globals`. We recommend you start setting `weights_only=True` for any use case where you don't have full control of the loaded file. Please open an issue on GitHub for any issues related to this experimental feature.
  ckpt = torch.load(ckpt_path, map_location="cpu")
/data1/gushengda/eam-rl4co/PTP/fitness/free_loss_fidelity.py:435: FutureWarning: You are using `torch.load` with `weights_only=False` (the current default value), which uses the default pickle module implicitly. It is possible to construct malicious pickle data which will execute arbitrary code during unpickling (See https://github.com/pytorch/pytorch/blob/main/SECURITY.md#untrusted-models for more details). In a future release, the default value for `weights_only` will be flipped to `True`. This limits the functions that could be executed during unpickling. Arbitrary objects will no longer be allowed to be loaded via this mode unless they are explicitly allowlisted by the user via `torch.serialization.add_safe_globals`. We recommend you start setting `weights_only=True` for any use case where you don't have full control of the loaded file. Please open an issue on GitHub for any issues related to this experimental feature.
  ckpt = torch.load(ckpt_path, map_location="cpu")
