[2026-03-05 20:31:18] watcher_start host=gushengda@g52 poll_s=15.0 boot_grace_s=45.0 resume_on_start=True dry_run=False
[2026-03-05 20:31:20] remote_online boot_id=6589cdd7-5127-4ce1-9eb9-dc36af79dac5
[2026-03-05 20:31:20] resume_check reason=startup
[2026-03-05 20:31:20] waiting_boot_grace_s=45.0
[2026-03-05 20:32:06] resume_check_noop: pref_loss_process_already_running
[2026-03-05 20:32:06] running_proc: 5635 python PTP/ptp_discovery/run_pref_loss_coevo.py --config PTP/configs/experiment/pref_loss_coevo/alternating_simple.yaml --resume-latest
[2026-03-05 20:34:16] resume_check reason=periodic_online_retry
[2026-03-05 20:34:17] resume_check_noop: pref_loss_process_already_runnin[2026-03-05 22:07:32] remote_offline reason=ssh_timeout
[2026-03-05 22:07:52] remote_online boot_id=6589cdd7-5127-4ce1-9eb9-dc36af79dac5
[2026-03-05 22:29:32] remote_offline reason=ssh_timeout
[2026-03-05 22:29:50] remote_online boot_id=6589cdd7-5127-4ce1-9eb9-dc36af79dac5
[2026-03-05 22:39:27] remote_offline reason=Connection timed out during banner exchange Connection to UNKNOWN port 65535 timed out
[2026-03-05 22:39:44] remote_online boot_id=6589cdd7-5127-4ce1-9eb9-dc36af79dac5
[2026-03-05 23:04:16] remote_offline reason=ssh_timeout
[2026-03-05 23:04:33] remote_online boot_id=6589cdd7-5127-4ce1-9eb9-dc36af79dac5
[2026-03-05 23:09:31] remote_offline reason=Connection timed out during banner exchange Connection to UNKNOWN port 65535 timed out
[2026-03-05 23:09:48] remote_online boot_id=6589cdd7-5127-4ce1-9eb9-dc36af79dac5
[2026-03-05 23:12:23] remote_offline reason=Connection timed out during banner exchange Connection to UNKNOWN port 65535 timed out
[2026-03-05 23:12:40] remote_online boot_id=6589cdd7-5127-4ce1-9eb9-dc36af79dac5
[2026-03-05 23:19:07] remote_offline reason=ssh_timeout
[2026-03-05 23:19:24] remote_online boot_id=6589cdd7-5127-4ce1-9eb9-dc36af79dac5
[2026-03-05 23:21:57] remote_offline reason=ssh_timeout
[2026-03-05 23:22:13] remote_online boot_id=6589cdd7-5127-4ce1-9eb9-dc36af79dac5
[2026-03-05 23:32:50] remote_offline reason=ssh_timeout
[2026-03-05 23:33:06] remote_online boot_id=6589cdd7-5127-4ce1-9eb9-dc36af79dac5
[2026-03-05 23:36:35] remote_offline reason=Connection timed out during banner exchange Connection to UNKNOWN port 65535 timed out
[2026-03-05 23:36:52] remote_online boot_id=6589cdd7-5127-4ce1-9eb9-dc36af79dac5
[2026-03-05 23:47:40] remote_offline reason=ssh: Could not resolve hostname hub.aicnic.cn: \262\273\326\252\265\300\325\342\321\371\265\304\326\367\273\372\241\243  Connection closed by UNKNOWN port 65535
[2026-03-05 23:48:12] remote_online boot_id=6589cdd7-5127-4ce1-9eb9-dc36af79dac5
[2026-03-05 23:56:30] remote_offline reason=ssh_timeout
[2026-03-05 23:56:47] remote_online boot_id=6589cdd7-5127-4ce1-9eb9-dc36af79dac5
[2026-03-06 00:49:54] remote_offline reason=ssh_timeout
[2026-03-06 00:50:10] remote_online boot_id=6589cdd7-5127-4ce1-9eb9-dc36af79dac5
[2026-03-06 01:31:23] remote_offline reason=ssh_timeout
[2026-03-06 01:31:39] remote_online boot_id=6589cdd7-5127-4ce1-9eb9-dc36af79dac5
[2026-03-06 02:06:03] remote_offline reason=ssh_timeout
[2026-03-06 02:06:19] remote_online boot_id=6589cdd7-5127-4ce1-9eb9-dc36af79dac5
[2026-03-06 02:08:35] remote_offline reason=ssh_timeout
[2026-03-06 02:08:51] remote_online boot_id=6589cdd7-5127-4ce1-9eb9-dc36af79dac5
[2026-03-06 02:23:35] remote_offline reason=ssh_timeout
[2026-03-06 02:23:57] remote_online boot_id=6589cdd7-5127-4ce1-9eb9-dc36af79dac5
[2026-03-06 02:29:24] remote_offline reason=ssh_timeout
[2026-03-06 02:29:41] remote_online boot_id=6589cdd7-5127-4ce1-9eb9-dc36af79dac5
[2026-03-06 02:40:52] remote_offline reason=ssh_timeout
[2026-03-06 02:41:09] remote_online boot_id=6589cdd7-5127-4ce1-9eb9-dc36af79dac5
[2026-03-06 02:44:00] remote_offline reason=ssh_timeout
[2026-03-06 02:44:16] remote_online boot_id=6589cdd7-5127-4ce1-9eb9-dc36af79dac5
[2026-03-06 02:50:09] remote_offline reason=ssh_timeout
[2026-03-06 02:50:26] remote_online boot_id=6589cdd7-5127-4ce1-9eb9-dc36af79dac5
[2026-03-06 02:53:02] remote_offline reason=ssh_timeout
[2026-03-06 02:53:18] remote_online boot_id=6589cdd7-5127-4ce1-9eb9-dc36af79dac5
[2026-03-06 02:56:52] remote_offline reason=ssh_timeout
[2026-03-06 02:57:09] remote_online boot_id=6589cdd7-5127-4ce1-9eb9-dc36af79dac5
[2026-03-06 03:09:02] remote_offline reason=ssh_timeout
[2026-03-06 03:10:11] remote_online boot_id=26b85cd5-419c-4325-bfe7-9771d8898d41
[2026-03-06 03:10:11] resume_check reason=reconnect_boot_id_changed
[2026-03-06 03:10:11] waiting_boot_grace_s=45.0
[2026-03-06 03:11:00] latest_run dir=/data1/gushengda/eam-rl4co/runs/pref_loss_alternating_simple/20260305-092503 completed=False next_gen=21 target_gen=30 runtime_status=running runtime_reason=
[2026-03-06 03:11:02] resume_launched pid=4863 remote_log=logs\auto_resume_pref_loss_20260306-031100.out
[2026-03-06 03:14:49] remote_offline reason=ssh_timeout
[2026-03-06 03:15:08] remote_online boot_id=26b85cd5-419c-4325-bfe7-9771d8898d41
[2026-03-06 03:23:10] remote_offline reason=ssh_timeout
[2026-03-06 03:23:27] remote_online boot_id=26b85cd5-419c-4325-bfe7-9771d8898d41
[2026-03-06 03:33:30] remote_offline reason=ssh_timeout
[2026-03-06 03:33:47] remote_online boot_id=26b85cd5-419c-4325-bfe7-9771d8898d41
[2026-03-06 03:38:50] remote_offline reason=ssh_timeout
[2026-03-06 03:39:09] remote_online boot_id=26b85cd5-419c-4325-bfe7-9771d8898d41
[2026-03-06 03:46:10] remote_offline reason=ssh_timeout
[2026-03-06 03:46:26] remote_online boot_id=26b85cd5-419c-4325-bfe7-9771d8898d41
[2026-03-06 03:50:39] remote_offline reason=ssh_timeout
[2026-03-06 03:50:55] remote_online boot_id=26b85cd5-419c-4325-bfe7-9771d8898d41
[2026-03-06 03:53:11] remote_offline reason=ssh_timeout
[2026-03-06 03:53:28] remote_online boot_id=26b85cd5-419c-4325-bfe7-9771d8898d41
[2026-03-06 03:56:20] remote_offline reason=ssh_timeout
[2026-03-06 03:56:36] remote_online boot_id=26b85cd5-419c-4325-bfe7-9771d8898d41
[2026-03-06 04:01:36] remote_offline reason=ssh_timeout
[2026-03-06 04:01:53] remote_online boot_id=26b85cd5-419c-4325-bfe7-9771d8898d41
[2026-03-06 04:06:28] remote_offline reason=ssh_timeout
[2026-03-06 04:06:47] remote_online boot_id=26b85cd5-419c-4325-bfe7-9771d8898d41
[2026-03-06 04:12:41] remote_offline reason=ssh_timeout
[2026-03-06 04:13:02] remote_online boot_id=26b85cd5-419c-4325-bfe7-9771d8898d41
[2026-03-06 04:15:34] remote_offline reason=ssh_timeout
[2026-03-06 04:15:51] remote_online boot_id=26b85cd5-419c-4325-bfe7-9771d8898d41
[2026-03-06 04:22:03] remote_offline reason=ssh_timeout
[2026-03-06 04:22:23] remote_online boot_id=26b85cd5-419c-4325-bfe7-9771d8898d41
[2026-03-06 04:24:55] remote_offline reason=ssh_timeout
[2026-03-06 04:25:12] remote_online boot_id=26b85cd5-419c-4325-bfe7-9771d8898d41
[2026-03-06 04:53:10] remote_offline reason=ssh_timeout
[2026-03-06 04:53:28] remote_online boot_id=26b85cd5-419c-4325-bfe7-9771d8898d41
[2026-03-06 04:55:43] remote_offline reason=ssh_timeout
[2026-03-06 04:55:59] remote_online boot_id=26b85cd5-419c-4325-bfe7-9771d8898d41
[2026-03-06 04:59:54] remote_offline reason=ssh_timeout
[2026-03-06 05:00:11] remote_online boot_id=26b85cd5-419c-4325-bfe7-9771d8898d41
[2026-03-06 05:05:40] remote_offline reason=ssh_timeout
[2026-03-06 05:05:57] remote_online boot_id=26b85cd5-419c-4325-bfe7-9771d8898d41
[2026-03-06 05:09:07] remote_offline reason=ssh_timeout
[2026-03-06 05:09:25] remote_online boot_id=26b85cd5-419c-4325-bfe7-9771d8898d41
[2026-03-06 05:21:19] remote_offline reason=ssh_timeout
[2026-03-06 05:21:35] remote_online boot_id=26b85cd5-419c-4325-bfe7-9771d8898d41
[2026-03-06 05:25:33] remote_offline reason=ssh_timeout
[2026-03-06 05:25:49] remote_online boot_id=26b85cd5-419c-4325-bfe7-9771d8898d41
[2026-03-06 05:37:05] remote_offline reason=ssh_timeout
[2026-03-06 05:37:26] remote_online boot_id=26b85cd5-419c-4325-bfe7-9771d8898d41
[2026-03-06 05:44:25] remote_offline reason=ssh_timeout
[2026-03-06 05:44:46] remote_online boot_id=26b85cd5-419c-4325-bfe7-9771d8898d41
[2026-03-06 05:52:15] remote_offline reason=ssh_timeout
[2026-03-06 05:52:32] remote_online boot_id=26b85cd5-419c-4325-bfe7-9771d8898d41
[2026-03-06 05:58:48] remote_offline reason=ssh_timeout
[2026-03-06 05:59:04] remote_online boot_id=26b85cd5-419c-4325-bfe7-9771d8898d41
[2026-03-06 06:03:29] remote_offline reason=ssh_timeout
[2026-03-06 06:03:48] remote_online boot_id=26b85cd5-419c-4325-bfe7-9771d8898d41
[2026-03-06 06:19:56] remote_offline reason=ssh_timeout
[2026-03-06 06:20:12] remote_online boot_id=26b85cd5-419c-4325-bfe7-9771d8898d41
[2026-03-06 06:22:47] remote_offline reason=ssh_timeout
[2026-03-06 06:23:04] remote_online boot_id=26b85cd5-419c-4325-bfe7-9771d8898d41
[2026-03-06 06:26:47] remote_offline reason=ssh_timeout
[2026-03-06 06:27:08] remote_online boot_id=26b85cd5-419c-4325-bfe7-9771d8898d41
[2026-03-06 06:38:48] remote_offline reason=ssh_timeout
[2026-03-06 06:41:03] remote_unreachable reason=ssh_timeout
[2026-03-06 06:41:20] remote_online boot_id=26b85cd5-419c-4325-bfe7-9771d8898d41
[2026-03-06 06:47:36] remote_offline reason=ssh_timeout
[2026-03-06 06:47:55] remote_online boot_id=26b85cd5-419c-4325-bfe7-9771d8898d41
[2026-03-06 06:50:46] remote_offline reason=ssh_timeout
[2026-03-06 06:51:04] remote_online boot_id=26b85cd5-419c-4325-bfe7-9771d8898d41
[2026-03-06 07:01:24] remote_offline reason=ssh_timeout
[2026-03-06 07:01:42] remote_online boot_id=26b85cd5-419c-4325-bfe7-9771d8898d41
[2026-03-06 07:08:53] remote_offline reason=ssh_timeout
[2026-03-06 07:09:10] remote_online boot_id=26b85cd5-419c-4325-bfe7-9771d8898d41
[2026-03-06 07:14:25] remote_offline reason=ssh_timeout
[2026-03-06 07:14:45] remote_online boot_id=26b85cd5-419c-4325-bfe7-9771d8898d41
[2026-03-06 07:18:27] remote_offline reason=ssh_timeout
[2026-03-06 07:18:44] remote_online boot_id=26b85cd5-419c-4325-bfe7-9771d8898d41
[2026-03-06 07:22:52] remote_offline reason=ssh_timeout
[2026-03-06 07:23:14] remote_online boot_id=26b85cd5-419c-4325-bfe7-9771d8898d41
[2026-03-06 07:26:12] remote_offline reason=ssh_timeout
[2026-03-06 07:26:34] remote_online boot_id=26b85cd5-419c-4325-bfe7-9771d8898d41
[2026-03-06 07:29:24] remote_offline reason=ssh_timeout
[2026-03-06 07:29:41] remote_online boot_id=26b85cd5-419c-4325-bfe7-9771d8898d41
[2026-03-06 07:33:03] remote_offline reason=ssh_timeout
[2026-03-06 07:33:21] remote_online boot_id=26b85cd5-419c-4325-bfe7-9771d8898d41
[2026-03-06 07:38:42] remote_offline reason=ssh_timeout
[2026-03-06 07:38:58] remote_online boot_id=26b85cd5-419c-4325-bfe7-9771d8898d41
[2026-03-06 07:43:48] remote_offline reason=ssh_timeout
[2026-03-06 07:44:05] remote_online boot_id=26b85cd5-419c-4325-bfe7-9771d8898d41
[2026-03-06 08:07:58] remote_offline reason=ssh_timeout
[2026-03-06 08:08:17] remote_online boot_id=26b85cd5-419c-4325-bfe7-9771d8898d41
[2026-03-06 08:19:24] remote_offline reason=ssh_timeout
[2026-03-06 08:21:39] remote_unreachable reason=ssh_timeout
[2026-03-06 08:21:55] remote_online boot_id=26b85cd5-419c-4325-bfe7-9771d8898d41
[2026-03-06 09:01:54] remote_offline reason=ssh_timeout
[2026-03-06 09:02:10] remote_online boot_id=26b85cd5-419c-4325-bfe7-9771d8898d41
[2026-03-06 09:28:02] remote_offline reason=ssh_timeout
[2026-03-06 09:28:18] remote_online boot_id=26b85cd5-419c-4325-bfe7-9771d8898d41
[2026-03-06 10:06:24] remote_offline reason=ssh_timeout
[2026-03-06 10:06:41] remote_online boot_id=26b85cd5-419c-4325-bfe7-9771d8898d41
[2026-03-06 10:09:33] remote_offline reason=ssh_timeout
[2026-03-06 10:09:49] remote_online boot_id=26b85cd5-419c-4325-bfe7-9771d8898d41
[2026-03-06 11:50:43] remote_offline reason=ssh_timeout
[2026-03-06 11:50:59] remote_online boot_id=26b85cd5-419c-4325-bfe7-9771d8898d41
[2026-03-06 13:41:09] remote_offline reason=ssh_timeout
[2026-03-06 13:41:25] remote_online boot_id=26b85cd5-419c-4325-bfe7-9771d8898d41
[2026-03-06 14:23:04] remote_offline reason=ssh: Could not resolve hostname hub.aicnic.cn: \262\273\326\252\265\300\325\342\321\371\265\304\326\367\273\372\241\243
[2026-03-06 14:24:05] remote_unreachable reason=ssh: Could not resolve hostname hub.aicnic.cn: \262\273\326\252\265\300\325\342\321\371\265\304\326\367\273\372\241\243  Connection closed by UNKNOWN port 65535
[2026-03-06 14:25:05] remote_unreachable reason=ssh: Could not resolve hostname hub.aicnic.cn: \262\273\326\252\265\300\325\342\321\371\265\304\326\367\273\372\241\243  Connection closed by UNKNOWN port 65535
[2026-03-06 14:26:06] remote_unreachable reason=ssh: Could not resolve hostname hub.aicnic.cn: \262\273\326\252\265\300\325\342\321\371\265\304\326\367\273\372\241\243  Connection closed by UNKNOWN port 65535
[2026-03-06 14:27:07] remote_unreachable reason=ssh: Could not resolve hostname hub.aicnic.cn: \262\273\326\252\265\300\325\342\321\371\265\304\326\367\273\372\241\243  Connection closed by UNKNOWN port 65535
[2026-03-06 14:28:07] remote_unreachable reason=ssh: Could not resolve hostname hub.aicnic.cn: \262\273\326\252\265\300\325\342\321\371\265\304\326\367\273\372\241\243  Connection closed by UNKNOWN port 65535
[2026-03-06 14:29:08] remote_unreachable reason=ssh: Could not resolve hostname hub.aicnic.cn: \262\273\326\252\265\300\325\342\321\371\265\304\326\367\273\372\241\243  Connection closed by UNKNOWN port 65535
[2026-03-06 14:30:09] remote_unreachable reason=ssh: Could not resolve hostname hub.aicnic.cn: \262\273\326\252\265\300\325\342\321\371\265\304\326\367\273\372\241\243  Connection closed by UNKNOWN port 65535
[2026-03-06 14:31:10] remote_unreachable reason=ssh: Could not resolve hostname hub.aicnic.cn: \262\273\326\252\265\300\325\342\321\371\265\304\326\367\273\372\241\243  Connection closed by UNKNOWN port 65535
[2026-03-06 14:32:10] remote_unreachable reason=ssh: Could not resolve hostname hub.aicnic.cn: \262\273\326\252\265\300\325\342\321\371\265\304\326\367\273\372\241\243  Connection closed by UNKNOWN port 65535
[2026-03-06 14:37:10] remote_unreachable reason=ssh: Could not resolve hostname hub.aicnic.cn: \262\273\326\252\265\300\325\342\321\371\265\304\326\367\273\372\241\243  Connection closed by UNKNOWN port 65535
[2026-03-06 14:37:42] remote_online boot_id=26b85cd5-419c-4325-bfe7-9771d8898d41
[2026-03-06 15:07:15] remote_offline reason=ssh_timeout
[2026-03-06 15:07:32] remote_online boot_id=26b85cd5-419c-4325-bfe7-9771d8898d41
[2026-03-06 15:44:31] remote_offline reason=ssh_timeout
[2026-03-06 15:44:47] remote_online boot_id=26b85cd5-419c-4325-bfe7-9771d8898d41
[2026-03-06 16:06:38] remote_offline reason=ssh_timeout
[2026-03-06 16:06:55] remote_online boot_id=26b85cd5-419c-4325-bfe7-9771d8898d41
026-03-05 22:09:40] running_proc: 5635 python PTP/ptp_discovery/run_pref_loss_coevo.py --config PTP/configs/experiment/pref_loss_coevo/alternating_simple.yaml --resume-latest
[2026-03-05 22:11:41] resume_check reason=periodic_online_retry
[2026-03-05 22:11:43] resume_check_noop: pref_loss_process_already_running
[2026-03-05 22:11:43] running_proc: 5635 python PTP/ptp_discovery/run_pref_loss_coevo.py --config PTP/configs/experiment/pref_loss_coevo/alternating_simple.yaml --resume-latest
[2026-03-05 22:13:45] resume_check reason=periodic_online_retry
[2026-03-05 22:13:47] resume_check_noop: pref_loss_process_already_running
[2026-03-05 22:13:47] running_proc: 5635 python PTP/ptp_discovery/run_pref_loss_coevo.py --config PTP/configs/experiment/pref_loss_coevo/alternating_simple.yaml --resume-latest
[2026-03-05 22:16:02] resume_check reason=periodic_online_retry
[2026-03-05 22:16:03] resume_check_noop: pref_loss_process_already_running
[2026-03-05 22:16:03] running_proc: 5635 python PTP/ptp_discovery/run_pref_loss_coevo.py --config PTP/configs/experiment/pref_loss_coevo/alternating_simple.yaml --resume-latest
[2026-03-05 22:18:02] resume_check reason=periodic_online_retry
[2026-03-05 22:18:03] resume_check_noop: pref_loss_process_already_running
[2026-03-05 22:18:03] running_proc: 5635 python PTP/ptp_discovery/run_pref_loss_coevo.py --config PTP/configs/experiment/pref_loss_coevo/alternating_simple.yaml --resume-latest
[2026-03-05 22:20:03] resume_check reason=periodic_online_retry
[2026-03-05 22:20:05] resume_check_noop: pref_loss_process_already_running
[2026-03-05 22:20:05] running_proc: 5635 python PTP/ptp_discovery/run_pref_loss_coevo.py --config PTP/configs/experiment/pref_loss_coevo/alternating_simple.yaml --resume-latest
[2026-03-05 22:22:08] resume_check reason=periodic_online_retry
[2026-03-05 22:22:12] resume_check_noop: pref_loss_process_already_running
[2026-03-05 22:22:12] running_proc: 5635 python PTP/ptp_discovery/run_pref_loss_coevo.py --config PTP/configs/experiment/pref_loss_coevo/alternating_simple.yaml --resume-latest
[2026-03-05 22:24:11] resume_check reason=periodic_online_retry
[2026-03-05 22:24:16] resume_check_noop: pref_loss_process_already_running
[2026-03-05 22:24:16] running_proc: 5635 python PTP/ptp_discovery/run_pref_loss_coevo.py --config PTP/configs/experiment/pref_loss_coevo/alternating_simple.yaml --resume-latest
[2026-03-05 22:26:19] resume_check reason=periodic_online_retry
[2026-03-05 22:26:20] resume_check_noop: pref_loss_process_already_running
[2026-03-05 22:26:20] running_proc: 5635 python PTP/ptp_discovery/run_pref_loss_coevo.py --config PTP/configs/experiment/pref_loss_coevo/alternating_simple.yaml --resume-latest
[2026-03-05 22:28:19] resume_check reason=periodic_online_retry
[2026-03-05 22:28:21] resume_check_noop: pref_loss_process_already_running
[2026-03-05 22:28:21] running_proc: 5635 python PTP/ptp_discovery/run_pref_loss_coevo.py --config PTP/configs/experiment/pref_loss_coevo/alternating_simple.yaml --resume-latest
[2026-03-05 22:30:24] resume_check reason=periodic_online_retry
[2026-03-05 22:30:25] resume_check_noop: pref_loss_process_already_running
[2026-03-05 22:30:25] running_proc: 5635 python PTP/ptp_discovery/run_pref_loss_coevo.py --config PTP/configs/experiment/pref_loss_coevo/alternating_simple.yaml --resume-latest
[2026-03-05 22:32:26] resume_check reason=periodic_online_retry
[2026-03-05 22:32:29] resume_check_noop: pref_loss_process_already_running
[2026-03-05 22:32:29] running_proc: 5635 python PTP/ptp_discovery/run_pref_loss_coevo.py --config PTP/configs/experiment/pref_loss_coevo/alternating_simple.yaml --resume-latest
[2026-03-05 22:34:32] resume_check reason=periodic_online_retry
[2026-03-05 22:34:34] resume_check_noop: pref_loss_process_already_running
[2026-03-05 22:34:34] running_proc: 5635 python PTP/ptp_discovery/run_pref_loss_coevo.py --config PTP/configs/experiment/pref_loss_coevo/alternating_simple.yaml --resume-latest
[2026-03-05 22:36:47] resume_check reason=periodic_online_retry
[2026-03-05 22:36:49] resume_check_noop: pref_loss_process_already_running
[2026-03-05 22:36:49] running_proc: 5635 python PTP/ptp_discovery/run_pref_loss_coevo.py --config PTP/configs/experiment/pref_loss_coevo/alternating_simple.yaml --resume-latest
[2026-03-05 22:38:48] resume_check reason=periodic_online_retry
[2026-03-05 22:38:50] resume_check_noop: pref_loss_process_already_running
[2026-03-05 22:38:50] running_proc: 5635 python PTP/ptp_discovery/run_pref_loss_coevo.py --config PTP/configs/experiment/pref_loss_coevo/alternating_simple.yaml --resume-latest
[2026-03-05 22:40:51] resume_check reason=periodic_online_retry
[2026-03-05 22:40:54] resume_check_noop: pref_loss_process_already_running
[2026-03-05 22:40:54] running_proc: 5635 python PTP/ptp_discovery/run_pref_loss_coevo.py --config PTP/configs/experiment/pref_loss_coevo/alternating_simple.yaml --resume-latest
[2026-03-05 22:42:59] resume_check reason=periodic_online_retry
[2026-03-05 22:43:02] resume_check_noop: pref_loss_process_already_running
[2026-03-05 22:43:02] running_proc: 5635 python PTP/ptp_discovery/run_pref_loss_coevo.py --config PTP/configs/experiment/pref_loss_coevo/alternating_simple.yaml --resume-latest
[2026-03-05 22:45:04] resume_check reason=periodic_online_retry
[2026-03-05 22:45:06] resume_check_noop: pref_loss_process_already_running
[2026-03-05 22:45:06] running_proc: 5635 python PTP/ptp_discovery/run_pref_loss_coevo.py --config PTP/configs/experiment/pref_loss_coevo/alternating_simple.yaml --resume-latest
[2026-03-05 22:47:21] resume_check reason=periodic_online_retry
[2026-03-05 22:47:23] resume_check_noop: pref_loss_process_already_running
[2026-03-05 22:47:23] running_proc: 5635 python PTP/ptp_discovery/run_pref_loss_coevo.py --config PTP/configs/experiment/pref_loss_coevo/alternating_simple.yaml --resume-latest
[2026-03-05 22:49:24] resume_check reason=periodic_online_retry
[2026-03-05 22:49:26] resume_check_noop: pref_loss_process_already_running
[2026-03-05 22:49:26] running_proc: 5635 python PTP/ptp_discovery/run_pref_loss_coevo.py --config PTP/configs/experiment/pref_loss_coevo/alternating_simple.yaml --resume-latest
[2026-03-05 22:51:25] resume_check reason=periodic_online_retry
[2026-03-05 22:51:27] resume_check_noop: pref_loss_process_already_running
[2026-03-05 22:51:27] running_proc: 5635 python PTP/ptp_discovery/run_pref_loss_coevo.py --config PTP/configs/experiment/pref_loss_coevo/alternating_simple.yaml --resume-latest
[2026-03-05 22:53:27] resume_check reason=periodic_online_retry
[2026-03-05 22:53:31] resume_check_noop: pref_loss_process_already_running
[2026-03-05 22:53:31] running_proc: 5635 python PTP/ptp_discovery/run_pref_loss_coevo.py --config PTP/configs/experiment/pref_loss_coevo/alternating_simple.yaml --resume-latest
[2026-03-05 22:55:30] resume_check reason=periodic_online_retry
[2026-03-05 22:55:32] resume_check_noop: pref_loss_process_already_running
[2026-03-05 22:55:32] running_proc: 5635 python PTP/ptp_discovery/run_pref_loss_coevo.py --config PTP/configs/experiment/pref_loss_coevo/alternating_simple.yaml --resume-latest
[2026-03-05 22:57:33] resume_check reason=periodic_online_retry
[2026-03-05 22:57:36] resume_check_noop: pref_loss_process_already_running
[2026-03-05 22:57:36] running_proc: 5635 python PTP/ptp_discovery/run_pref_loss_coevo.py --config PTP/configs/experiment/pref_loss_coevo/alternating_simple.yaml --resume-latest
[2026-03-05 22:59:41] resume_check reason=periodic_online_retry
[2026-03-05 22:59:42] resume_check_noop: pref_loss_process_already_running
[2026-03-05 22:59:42] running_proc: 5635 python PTP/ptp_discovery/run_pref_loss_coevo.py --config PTP/configs/experiment/pref_loss_coevo/alternating_simple.yaml --resume-latest
[2026-03-05 23:01:43] resume_check reason=periodic_online_retry
[2026-03-05 23:01:44] resume_check_noop: pref_loss_process_already_running
[2026-03-05 23:01:44] running_proc: 5635 python PTP/ptp_discovery/run_pref_loss_coevo.py --config PTP/configs/experiment/pref_loss_coevo/alternating_simple.yaml --resume-latest
[2026-03-05 23:03:58] resume_check reason=periodic_online_retry
[2026-03-05 23:04:00] resume_check_noop: pref_loss_process_already_running
[2026-03-05 23:04:00] running_proc: 5635 python PTP/ptp_discovery/run_pref_loss_coevo.py --config PTP/configs/experiment/pref_loss_coevo/alternating_simple.yaml --resume-latest
[2026-03-05 23:06:00] resume_check reason=periodic_online_retry
[2026-03-05 23:06:03] resume_check_noop: pref_loss_process_already_running
[2026-03-05 23:06:03] running_proc: 5635 python PTP/ptp_discovery/run_pref_loss_coevo.py --config PTP/configs/experiment/pref_loss_coevo/alternating_simple.yaml --resume-latest
[2026-03-05 23:08:03] resume_check reason=periodic_online_retry
[2026-03-05 23:08:06] resume_check_noop: pref_loss_process_already_running
[2026-03-05 23:08:06] running_proc: 5635 python PTP/ptp_discovery/run_pref_loss_coevo.py --config PTP/configs/experiment/pref_loss_coevo/alternating_simple.yaml --resume-latest
[2026-03-05 23:10:19] resume_check reason=periodic_online_retry
[2026-03-05 23:10:21] resume_check_noop: pref_loss_process_already_running
[2026-03-05 23:10:21] running_proc: 5635 python PTP/ptp_discovery/run_pref_loss_coevo.py --config PTP/configs/experiment/pref_loss_coevo/alternating_simple.yaml --resume-latest
[2026-03-05 23:12:36] resume_check reason=periodic_online_retry
[2026-03-05 23:12:38] resume_check_noop: pref_loss_process_already_running
[2026-03-05 23:12:38] running_proc: 5635 python PTP/ptp_discovery/run_pref_loss_coevo.py --config PTP/configs/experiment/pref_loss_coevo/alternating_simple.yaml --resume-latest
[2026-03-05 23:14:52] resume_check reason=periodic_online_retry
[2026-03-05 23:14:55] resume_check_noop: pref_loss_process_already_running
[2026-03-05 23:14:55] running_proc: 5635 python PTP/ptp_discovery/run_pref_loss_coevo.py --config PTP/configs/experiment/pref_loss_coevo/alternating_simple.yaml --resume-latest
[2026-03-05 23:17:01] resume_check reason=periodic_online_retry
[2026-03-05 23:17:03] resume_check_noop: pref_loss_process_already_running
[2026-03-05 23:17:03] running_proc: 5635 python PTP/ptp_discovery/run_pref_loss_coevo.py --config PTP/configs/experiment/pref_loss_coevo/alternating_simple.yaml --resume-latest
[2026-03-05 23:19:17] resume_check reason=periodic_online_retry
[2026-03-05 23:19:20] resume_check_noop: pref_loss_process_already_running
[2026-03-05 23:19:20] running_proc: 5635 python PTP/ptp_discovery/run_pref_loss_coevo.py --config PTP/configs/experiment/pref_loss_coevo/alternating_simple.yaml --resume-latest
[2026-03-05 23:21:24] resume_check reason=periodic_online_retry
[2026-03-05 23:21:25] resume_check_noop: pref_loss_process_already_running
[2026-03-05 23:21:25] running_proc: 5635 python PTP/ptp_discovery/run_pref_loss_coevo.py --config PTP/configs/experiment/pref_loss_coevo/alternating_simple.yaml --resume-latest
[2026-03-05 23:23:25] resume_check reason=periodic_online_retry
[2026-03-05 23:23:26] resume_check_noop: pref_loss_process_already_running
[2026-03-05 23:23:26] running_proc: 5635 python PTP/ptp_discovery/run_pref_loss_coevo.py --config PTP/configs/experiment/pref_loss_coevo/alternating_simple.yaml --resume-latest
[2026-03-05 23:25:40] resume_check reason=periodic_online_retry
[2026-03-05 23:25:41] resume_check_noop: pref_loss_process_already_running
[2026-03-05 23:25:41] running_proc: 5635 python PTP/ptp_discovery/run_pref_loss_coevo.py --config PTP/configs/experiment/pref_loss_coevo/alternating_simple.yaml --resume-latest
[2026-03-05 23:27:57] resume_check reason=periodic_online_retry
[2026-03-05 23:27:59] resume_check_noop: pref_loss_process_already_running
[2026-03-05 23:27:59] running_proc: 5635 python PTP/ptp_discovery/run_pref_loss_coevo.py --config PTP/configs/experiment/pref_loss_coevo/alternating_simple.yaml --resume-latest
[2026-03-05 23:30:13] resume_check reason=periodic_online_retry
[2026-03-05 23:30:14] resume_check_noop: pref_loss_process_already_running
[2026-03-05 23:30:14] running_proc: 5635 python PTP/ptp_discovery/run_pref_loss_coevo.py --config PTP/configs/experiment/pref_loss_coevo/alternating_simple.yaml --resume-latest
[2026-03-05 23:32:28] resume_check reason=periodic_online_retry
[2026-03-05 23:32:29] resume_check_noop: pref_loss_process_already_running
[2026-03-05 23:32:29] running_proc: 5635 python PTP/ptp_discovery/run_pref_loss_coevo.py --config PTP/configs/experiment/pref_loss_coevo/alternating_simple.yaml --resume-latest
[2026-03-05 23:34:45] resume_check reason=periodic_online_retry
[2026-03-05 23:34:46] resume_check_noop: pref_loss_process_already_running
[2026-03-05 23:34:46] running_proc: 5635 python PTP/ptp_discovery/run_pref_loss_coevo.py --config PTP/configs/experiment/pref_loss_coevo/alternating_simple.yaml --resume-latest
[2026-03-05 23:37:01] resume_check reason=periodic_online_retry
[2026-03-05 23:37:04] resume_check_noop: pref_loss_process_already_running
[2026-03-05 23:37:04] running_proc: 5635 python PTP/ptp_discovery/run_pref_loss_coevo.py --config PTP/configs/experiment/pref_loss_coevo/alternating_simple.yaml --resume-latest
[2026-03-05 23:39:01] resume_check reason=periodic_online_retry
[2026-03-05 23:39:04] resume_check_noop: pref_loss_process_already_running
[2026-03-05 23:39:04] running_proc: 5635 python PTP/ptp_discovery/run_pref_loss_coevo.py --config PTP/configs/experiment/pref_loss_coevo/alternating_simple.yaml --resume-latest
[2026-03-05 23:41:01] resume_check reason=periodic_online_retry
[2026-03-05 23:41:03] resume_check_noop: pref_loss_process_already_running
[2026-03-05 23:41:03] running_proc: 5635 python PTP/ptp_discovery/run_pref_loss_coevo.py --config PTP/configs/experiment/pref_loss_coevo/alternating_simple.yaml --resume-latest
[2026-03-05 23:43:02] resume_check reason=periodic_online_retry
[2026-03-05 23:43:04] resume_check_noop: pref_loss_process_already_running
[2026-03-05 23:43:04] running_proc: 5635 python PTP/ptp_discovery/run_pref_loss_coevo.py --config PTP/configs/experiment/pref_loss_coevo/alternating_simple.yaml --resume-latest
[2026-03-05 23:45:17] resume_check reason=periodic_online_retry
[2026-03-05 23:45:19] resume_check_noop: pref_loss_process_already_running
[2026-03-05 23:45:19] running_proc: 5635 python PTP/ptp_discovery/run_pref_loss_coevo.py --config PTP/configs/experiment/pref_loss_coevo/alternating_simple.yaml --resume-latest
[2026-03-05 23:47:36] remote_offline reason=ssh: Could not resolve hostname hub.aicnic.cn: \262\273\326\252\265\300\325\342\321\371\265\304\326\367\273\372\241\243  Connection closed by UNKNOWN port 65535
[2026-03-05 23:48:16] remote_online boot_id=6589cdd7-5127-4ce1-9eb9-dc36af79dac5
[2026-03-05 23:50:27] resume_check reason=periodic_online_retry
[2026-03-05 23:50:28] resume_check_noop: pref_loss_process_already_running
[2026-03-05 23:50:28] running_proc: 5635 python PTP/ptp_discovery/run_pref_loss_coevo.py --config PTP/configs/experiment/pref_loss_coevo/alternating_simple.yaml --resume-latest
[2026-03-05 23:52:38] resume_check reason=periodic_online_retry
[2026-03-05 23:52:39] resume_check_noop: pref_loss_process_already_running
[2026-03-05 23:52:39] running_proc: 5635 python PTP/ptp_discovery/run_pref_loss_coevo.py --config PTP/configs/experiment/pref_loss_coevo/alternating_simple.yaml --resume-latest
[2026-03-05 23:54:53] resume_check reason=periodic_online_retry
[2026-03-05 23:54:54] resume_check_noop: pref_loss_process_already_running
[2026-03-05 23:54:54] running_proc: 5635 python PTP/ptp_discovery/run_pref_loss_coevo.py --config PTP/configs/experiment/pref_loss_coevo/alternating_simple.yaml --resume-latest
[2026-03-05 23:57:09] resume_check reason=periodic_online_retry
[2026-03-05 23:57:12] resume_check_noop: pref_loss_process_already_running
[2026-03-05 23:57:12] running_proc: 5635 python PTP/ptp_discovery/run_pref_loss_coevo.py --config PTP/configs/experiment/pref_loss_coevo/alternating_simple.yaml --resume-latest
[2026-03-05 23:59:22] resume_check reason=periodic_online_retry
[2026-03-05 23:59:24] resume_check_noop: pref_loss_process_already_running
[2026-03-05 23:59:24] running_proc: 5635 python PTP/ptp_discovery/run_pref_loss_coevo.py --config PTP/configs/experiment/pref_loss_coevo/alternating_simple.yaml --resume-latest
[2026-03-06 00:01:34] resume_check reason=periodic_online_retry
[2026-03-06 00:01:35] resume_check_noop: pref_loss_process_already_running
[2026-03-06 00:01:35] running_proc: 5635 python PTP/ptp_discovery/run_pref_loss_coevo.py --config PTP/configs/experiment/pref_loss_coevo/alternating_simple.yaml --resume-latest
[2026-03-06 00:03:46] resume_check reason=periodic_online_retry
[2026-03-06 00:03:47] resume_check_noop: pref_loss_process_already_running
[2026-03-06 00:03:47] running_proc: 5635 python PTP/ptp_discovery/run_pref_loss_coevo.py --config PTP/configs/experiment/pref_loss_coevo/alternating_simple.yaml --resume-latest
[2026-03-06 00:05:58] resume_check reason=periodic_online_retry
[2026-03-06 00:05:59] resume_check_noop: pref_loss_process_already_running
[2026-03-06 00:05:59] running_proc: 5635 python PTP/ptp_discovery/run_pref_loss_coevo.py --config PTP/configs/experiment/pref_loss_coevo/alternating_simple.yaml --resume-latest
[2026-03-06 00:08:09] resume_check reason=periodic_online_retry
[2026-03-06 00:08:11] resume_check_noop: pref_loss_process_already_running
[2026-03-06 00:08:11] running_proc: 5635 python PTP/ptp_discovery/run_pref_loss_coevo.py --config PTP/configs/experiment/pref_loss_coevo/alternating_simple.yaml --resume-latest
[2026-03-06 00:10:21] resume_check reason=periodic_online_retry
[2026-03-06 00:10:22] resume_check_noop: pref_loss_process_already_running
[2026-03-06 00:10:22] running_proc: 5635 python PTP/ptp_discovery/run_pref_loss_coevo.py --config PTP/configs/experiment/pref_loss_coevo/alternating_simple.yaml --resume-latest
[2026-03-06 00:12:33] resume_check reason=periodic_online_retry
[2026-03-06 00:12:34] resume_check_noop: pref_loss_process_already_running
[2026-03-06 00:12:34] running_proc: 5635 python PTP/ptp_discovery/run_pref_loss_coevo.py --config PTP/configs/experiment/pref_loss_coevo/alternating_simple.yaml --resume-latest
[2026-03-06 00:14:45] resume_check reason=periodic_online_retry
[2026-03-06 00:14:46] resume_check_noop: pref_loss_process_already_running
[2026-03-06 00:14:46] running_proc: 5635 python PTP/ptp_discovery/run_pref_loss_coevo.py --config PTP/configs/experiment/pref_loss_coevo/alternating_simple.yaml --resume-latest
[2026-03-06 00:16:57] resume_check reason=periodic_online_retry
[2026-03-06 00:16:58] resume_check_noop: pref_loss_process_already_running
[2026-03-06 00:16:58] running_proc: 5635 python PTP/ptp_discovery/run_pref_loss_coevo.py --config PTP/configs/experiment/pref_loss_coevo/alternating_simple.yaml --resume-latest
[2026-03-06 00:19:09] resume_check reason=periodic_online_retry
[2026-03-06 00:19:10] resume_check_noop: pref_loss_process_already_running
[2026-03-06 00:19:10] running_proc: 5635 python PTP/ptp_discovery/run_pref_loss_coevo.py --config PTP/configs/experiment/pref_loss_coevo/alternating_simple.yaml --resume-latest
[2026-03-06 00:21:21] resume_check reason=periodic_online_retry
[2026-03-06 00:21:22] resume_check_noop: pref_loss_process_already_running
[2026-03-06 00:21:22] running_proc: 5635 python PTP/ptp_discovery/run_pref_loss_coevo.py --config PTP/configs/experiment/pref_loss_coevo/alternating_simple.yaml --resume-latest
[2026-03-06 00:23:33] resume_check reason=periodic_online_retry
[2026-03-06 00:23:34] resume_check_noop: pref_loss_process_already_running
[2026-03-06 00:23:34] running_proc: 5635 python PTP/ptp_discovery/run_pref_loss_coevo.py --config PTP/configs/experiment/pref_loss_coevo/alternating_simple.yaml --resume-latest
[2026-03-06 00:25:44] resume_check reason=periodic_online_retry
[2026-03-06 00:25:46] resume_check_noop: pref_loss_process_already_running
[2026-03-06 00:25:46] running_proc: 5635 python PTP/ptp_discovery/run_pref_loss_coevo.py --config PTP/configs/experiment/pref_loss_coevo/alternating_simple.yaml --resume-latest
[2026-03-06 00:27:56] resume_check reason=periodic_online_retry
[2026-03-06 00:27:58] resume_check_noop: pref_loss_process_already_running
[2026-03-06 00:27:58] running_proc: 5635 python PTP/ptp_discovery/run_pref_loss_coevo.py --config PTP/configs/experiment/pref_loss_coevo/alternating_simple.yaml --resume-latest
[2026-03-06 00:30:08] resume_check reason=periodic_online_retry
[2026-03-06 00:30:10] resume_check_noop: pref_loss_process_already_running
[2026-03-06 00:30:10] running_proc: 5635 python PTP/ptp_discovery/run_pref_loss_coevo.py --config PTP/configs/experiment/pref_loss_coevo/alternating_simple.yaml --resume-latest
[2026-03-06 00:32:20] resume_check reason=periodic_online_retry
[2026-03-06 00:32:21] resume_check_noop: pref_loss_process_already_running
[2026-03-06 00:32:21] running_proc: 5635 python PTP/ptp_discovery/run_pref_loss_coevo.py --config PTP/configs/experiment/pref_loss_coevo/alternating_simple.yaml --resume-latest
[2026-03-06 00:34:32] resume_check reason=periodic_online_retry
[2026-03-06 00:34:33] resume_check_noop: pref_loss_process_already_running
[2026-03-06 00:34:33] running_proc: 5635 python PTP/ptp_discovery/run_pref_loss_coevo.py --config PTP/configs/experiment/pref_loss_coevo/alternating_simple.yaml --resume-latest
[2026-03-06 00:36:44] resume_check reason=periodic_online_retry
[2026-03-06 00:36:45] resume_check_noop: pref_loss_process_already_running
[2026-03-06 00:36:45] running_proc: 5635 python PTP/ptp_discovery/run_pref_loss_coevo.py --config PTP/configs/experiment/pref_loss_coevo/alternating_simple.yaml --resume-latest
[2026-03-06 00:38:56] resume_check reason=periodic_online_retry
[2026-03-06 00:38:57] resume_check_noop: pref_loss_process_already_running
[2026-03-06 00:38:57] running_proc: 5635 python PTP/ptp_discovery/run_pref_loss_coevo.py --config PTP/configs/experiment/pref_loss_coevo/alternating_simple.yaml --resume-latest
[2026-03-06 00:41:07] resume_check reason=periodic_online_retry
[2026-03-06 00:41:09] resume_check_noop: pref_loss_process_already_running
[2026-03-06 00:41:09] running_proc: 5635 python PTP/ptp_discovery/run_pref_loss_coevo.py --config PTP/configs/experiment/pref_loss_coevo/alternating_simple.yaml --resume-latest
[2026-03-06 00:43:19] resume_check reason=periodic_online_retry
[2026-03-06 00:43:20] resume_check_noop: pref_loss_process_already_running
[2026-03-06 00:43:20] running_proc: 5635 python PTP/ptp_discovery/run_pref_loss_coevo.py --config PTP/configs/experiment/pref_loss_coevo/alternating_simple.yaml --resume-latest
[2026-03-06 00:45:30] resume_check reason=periodic_online_retry
[2026-03-06 00:45:32] resume_check_noop: pref_loss_process_already_running
[2026-03-06 00:45:32] running_proc: 5635 python PTP/ptp_discovery/run_pref_loss_coevo.py --config PTP/configs/experiment/pref_loss_coevo/alternating_simple.yaml --resume-latest
[2026-03-06 00:47:42] resume_check reason=periodic_online_retry
[2026-03-06 00:47:43] resume_check_noop: pref_loss_process_already_running
[2026-03-06 00:47:43] running_proc: 5635 python PTP/ptp_discovery/run_pref_loss_coevo.py --config PTP/configs/experiment/pref_loss_coevo/alternating_simple.yaml --resume-latest
[2026-03-06 00:49:53] resume_check reason=periodic_online_retry
[2026-03-06 00:49:55] resume_check_noop: pref_loss_process_already_running
[2026-03-06 00:49:55] running_proc: 5635 python PTP/ptp_discovery/run_pref_loss_coevo.py --config PTP/configs/experiment/pref_loss_coevo/alternating_simple.yaml --resume-latest
[2026-03-06 00:52:06] resume_check reason=periodic_online_retry
[2026-03-06 00:52:07] resume_check_noop: pref_loss_process_already_running
[2026-03-06 00:52:07] running_proc: 5635 python PTP/ptp_discovery/run_pref_loss_coevo.py --config PTP/configs/experiment/pref_loss_coevo/alternating_simple.yaml --resume-latest
[2026-03-06 00:54:17] resume_check reason=periodic_online_retry
[2026-03-06 00:54:19] resume_check_noop: pref_loss_process_already_running
[2026-03-06 00:54:19] running_proc: 5635 python PTP/ptp_discovery/run_pref_loss_coevo.py --config PTP/configs/experiment/pref_loss_coevo/alternating_simple.yaml --resume-latest
[2026-03-06 00:56:30] resume_check reason=periodic_online_retry
[2026-03-06 00:56:31] resume_check_noop: pref_loss_process_already_running
[2026-03-06 00:56:31] running_proc: 5635 python PTP/ptp_discovery/run_pref_loss_coevo.py --config PTP/configs/experiment/pref_loss_coevo/alternating_simple.yaml --resume-latest
[2026-03-06 00:58:41] resume_check reason=periodic_online_retry
[2026-03-06 00:58:42] resume_check_noop: pref_loss_process_already_running
[2026-03-06 00:58:42] running_proc: 5635 python PTP/ptp_discovery/run_pref_loss_coevo.py --config PTP/configs/experiment/pref_loss_coevo/alternating_simple.yaml --resume-latest
[2026-03-06 01:00:53] resume_check reason=periodic_online_retry
[2026-03-06 01:00:54] resume_check_noop: pref_loss_process_already_running
[2026-03-06 01:00:54] running_proc: 5635 python PTP/ptp_discovery/run_pref_loss_coevo.py --config PTP/configs/experiment/pref_loss_coevo/alternating_simple.yaml --resume-latest
[2026-03-06 01:03:04] resume_check reason=periodic_online_retry
[2026-03-06 01:03:06] resume_check_noop: pref_loss_process_already_running
[2026-03-06 01:03:06] running_proc: 5635 python PTP/ptp_discovery/run_pref_loss_coevo.py --config PTP/configs/experiment/pref_loss_coevo/alternating_simple.yaml --resume-latest
[2026-03-06 01:05:16] resume_check reason=periodic_online_retry
[2026-03-06 01:05:18] resume_check_noop: pref_loss_process_already_running
[2026-03-06 01:05:18] running_proc: 5635 python PTP/ptp_discovery/run_pref_loss_coevo.py --config PTP/configs/experiment/pref_loss_coevo/alternating_simple.yaml --resume-latest
[2026-03-06 01:07:28] resume_check reason=periodic_online_retry
[2026-03-06 01:07:29] resume_check_noop: pref_loss_process_already_running
[2026-03-06 01:07:29] running_proc: 5635 python PTP/ptp_discovery/run_pref_loss_coevo.py --config PTP/configs/experiment/pref_loss_coevo/alternating_simple.yaml --resume-latest
[2026-03-06 01:09:40] resume_check reason=periodic_online_retry
[2026-03-06 01:09:42] resume_check_noop: pref_loss_process_already_running
[2026-03-06 01:09:42] running_proc: 5635 python PTP/ptp_discovery/run_pref_loss_coevo.py --config PTP/configs/experiment/pref_loss_coevo/alternating_simple.yaml --resume-latest
[2026-03-06 01:11:52] resume_check reason=periodic_online_retry
[2026-03-06 01:11:54] resume_check_noop: pref_loss_process_already_running
[2026-03-06 01:11:54] running_proc: 5635 python PTP/ptp_discovery/run_pref_loss_coevo.py --config PTP/configs/experiment/pref_loss_coevo/alternating_simple.yaml --resume-latest
[2026-03-06 01:14:04] resume_check reason=periodic_online_retry
[2026-03-06 01:14:05] resume_check_noop: pref_loss_process_already_running
[2026-03-06 01:14:05] running_proc: 5635 python PTP/ptp_discovery/run_pref_loss_coevo.py --config PTP/configs/experiment/pref_loss_coevo/alternating_simple.yaml --resume-latest
[2026-03-06 01:16:16] resume_check reason=periodic_online_retry
[2026-03-06 01:16:18] resume_check_noop: pref_loss_process_already_running
[2026-03-06 01:16:18] running_proc: 5635 python PTP/ptp_discovery/run_pref_loss_coevo.py --config PTP/configs/experiment/pref_loss_coevo/alternating_simple.yaml --resume-latest
[2026-03-06 01:18:29] resume_check reason=periodic_online_retry
[2026-03-06 01:18:31] resume_check_noop: pref_loss_process_already_running
[2026-03-06 01:18:31] running_proc: 5635 python PTP/ptp_discovery/run_pref_loss_coevo.py --config PTP/configs/experiment/pref_loss_coevo/alternating_simple.yaml --resume-latest
[2026-03-06 01:20:41] resume_check reason=periodic_online_retry
[2026-03-06 01:20:43] resume_check_noop: pref_loss_process_already_running
[2026-03-06 01:20:43] running_proc: 5635 python PTP/ptp_discovery/run_pref_loss_coevo.py --config PTP/configs/experiment/pref_loss_coevo/alternating_simple.yaml --resume-latest
[2026-03-06 01:22:54] resume_check reason=periodic_online_retry
[2026-03-06 01:22:56] resume_check_noop: pref_loss_process_already_running
[2026-03-06 01:22:56] running_proc: 5635 python PTP/ptp_discovery/run_pref_loss_coevo.py --config PTP/configs/experiment/pref_loss_coevo/alternating_simple.yaml --resume-latest
[2026-03-06 01:25:10] resume_check reason=periodic_online_retry
[2026-03-06 01:25:11] resume_check_noop: pref_loss_process_already_running
[2026-03-06 01:25:11] running_proc: 5635 python PTP/ptp_discovery/run_pref_loss_coevo.py --config PTP/configs/experiment/pref_loss_coevo/alternating_simple.yaml --resume-latest
[2026-03-06 01:27:23] resume_check reason=periodic_online_retry
[2026-03-06 01:27:25] resume_check_noop: pref_loss_process_already_running
[2026-03-06 01:27:25] running_proc: 5635 python PTP/ptp_discovery/run_pref_loss_coevo.py --config PTP/configs/experiment/pref_loss_coevo/alternating_simple.yaml --resume-latest
[2026-03-06 01:29:36] resume_check reason=periodic_online_retry
[2026-03-06 01:29:37] resume_check_noop: pref_loss_process_already_running
[2026-03-06 01:29:37] running_proc: 5635 python PTP/ptp_discovery/run_pref_loss_coevo.py --config PTP/configs/experiment/pref_loss_coevo/alternating_simple.yaml --resume-latest
[2026-03-06 01:31:48] resume_check reason=periodic_online_retry
[2026-03-06 01:31:49] resume_check_noop: pref_loss_process_already_running
[2026-03-06 01:31:49] running_proc: 5635 python PTP/ptp_discovery/run_pref_loss_coevo.py --config PTP/configs/experiment/pref_loss_coevo/alternating_simple.yaml --resume-latest
[2026-03-06 01:34:00] resume_check reason=periodic_online_retry
[2026-03-06 01:34:02] resume_check_noop: pref_loss_process_already_running
[2026-03-06 01:34:02] running_proc: 5635 python PTP/ptp_discovery/run_pref_loss_coevo.py --config PTP/configs/experiment/pref_loss_coevo/alternating_simple.yaml --resume-latest
[2026-03-06 01:36:12] resume_check reason=periodic_online_retry
[2026-03-06 01:36:14] resume_check_noop: pref_loss_process_already_running
[2026-03-06 01:36:14] running_proc: 5635 python PTP/ptp_discovery/run_pref_loss_coevo.py --config PTP/configs/experiment/pref_loss_coevo/alternating_simple.yaml --resume-latest
[2026-03-06 01:38:25] resume_check reason=periodic_online_retry
[2026-03-06 01:38:26] resume_check_noop: pref_loss_process_already_running
[2026-03-06 01:38:26] running_proc: 5635 python PTP/ptp_discovery/run_pref_loss_coevo.py --config PTP/configs/experiment/pref_loss_coevo/alternating_simple.yaml --resume-latest
[2026-03-06 01:40:37] resume_check reason=periodic_online_retry
[2026-03-06 01:40:38] resume_check_noop: pref_loss_process_already_running
[2026-03-06 01:40:38] running_proc: 5635 python PTP/ptp_discovery/run_pref_loss_coevo.py --config PTP/configs/experiment/pref_loss_coevo/alternating_simple.yaml --resume-latest
[2026-03-06 01:42:49] resume_check reason=periodic_online_retry
[2026-03-06 01:42:50] resume_check_noop: pref_loss_process_already_running
[2026-03-06 01:42:50] running_proc: 5635 python PTP/ptp_discovery/run_pref_loss_coevo.py --config PTP/configs/experiment/pref_loss_coevo/alternating_simple.yaml --resume-latest
[2026-03-06 01:45:01] resume_check reason=periodic_online_retry
[2026-03-06 01:45:03] resume_check_noop: pref_loss_process_already_running
[2026-03-06 01:45:03] running_proc: 5635 python PTP/ptp_discovery/run_pref_loss_coevo.py --config PTP/configs/experiment/pref_loss_coevo/alternating_simple.yaml --resume-latest
[2026-03-06 01:47:13] resume_check reason=periodic_online_retry
[2026-03-06 01:47:15] resume_check_noop: pref_loss_process_already_running
[2026-03-06 01:47:15] running_proc: 5635 python PTP/ptp_discovery/run_pref_loss_coevo.py --config PTP/configs/experiment/pref_loss_coevo/alternating_simple.yaml --resume-latest
[2026-03-06 01:49:26] resume_check reason=periodic_online_retry
[2026-03-06 01:49:27] resume_check_noop: pref_loss_process_already_running
[2026-03-06 01:49:27] running_proc: 5635 python PTP/ptp_discovery/run_pref_loss_coevo.py --config PTP/configs/experiment/pref_loss_coevo/alternating_simple.yaml --resume-latest
[2026-03-06 01:51:39] resume_check reason=periodic_online_retry
[2026-03-06 01:51:40] resume_check_noop: pref_loss_process_already_running
[2026-03-06 01:51:40] running_proc: 5635 python PTP/ptp_discovery/run_pref_loss_coevo.py --config PTP/configs/experiment/pref_loss_coevo/alternating_simple.yaml --resume-latest
[2026-03-06 01:53:51] resume_check reason=periodic_online_retry
[2026-03-06 01:53:53] resume_check_noop: pref_loss_process_already_running
[2026-03-06 01:53:53] running_proc: 5635 python PTP/ptp_discovery/run_pref_loss_coevo.py --config PTP/configs/experiment/pref_loss_coevo/alternating_simple.yaml --resume-latest
[2026-03-06 01:56:03] resume_check reason=periodic_online_retry
[2026-03-06 01:56:04] resume_check_noop: pref_loss_process_already_running
[2026-03-06 01:56:04] running_proc: 5635 python PTP/ptp_discovery/run_pref_loss_coevo.py --config PTP/configs/experiment/pref_loss_coevo/alternating_simple.yaml --resume-latest
[2026-03-06 01:58:15] resume_check reason=periodic_online_retry
[2026-03-06 01:58:16] resume_check_noop: pref_loss_process_already_running
[2026-03-06 01:58:16] running_proc: 5635 python PTP/ptp_discovery/run_pref_loss_coevo.py --config PTP/configs/experiment/pref_loss_coevo/alternating_simple.yaml --resume-latest
[2026-03-06 02:00:27] resume_check reason=periodic_online_retry
[2026-03-06 02:00:28] resume_check_noop: pref_loss_process_already_running
[2026-03-06 02:00:28] running_proc: 5635 python PTP/ptp_discovery/run_pref_loss_coevo.py --config PTP/configs/experiment/pref_loss_coevo/alternating_simple.yaml --resume-latest
[2026-03-06 02:02:39] resume_check reason=periodic_online_retry
[2026-03-06 02:02:40] resume_check_noop: pref_loss_process_already_running
[2026-03-06 02:02:40] running_proc: 5635 python PTP/ptp_discovery/run_pref_loss_coevo.py --config PTP/configs/experiment/pref_loss_coevo/alternating_simple.yaml --resume-latest
[2026-03-06 02:04:51] resume_check reason=periodic_online_retry
[2026-03-06 02:04:53] resume_check_noop: pref_loss_process_already_running
[2026-03-06 02:04:53] running_proc: 5635 python PTP/ptp_discovery/run_pref_loss_coevo.py --config PTP/configs/experiment/pref_loss_coevo/alternating_simple.yaml --resume-latest
[2026-03-06 02:07:03] resume_check reason=periodic_online_retry
[2026-03-06 02:07:05] resume_check_noop: pref_loss_process_already_running
[2026-03-06 02:07:05] running_proc: 5635 python PTP/ptp_discovery/run_pref_loss_coevo.py --config PTP/configs/experiment/pref_loss_coevo/alternating_simple.yaml --resume-latest
[2026-03-06 02:09:16] resume_check reason=periodic_online_retry
[2026-03-06 02:09:17] resume_check_noop: pref_loss_process_already_running
[2026-03-06 02:09:17] running_proc: 5635 python PTP/ptp_discovery/run_pref_loss_coevo.py --config PTP/configs/experiment/pref_loss_coevo/alternating_simple.yaml --resume-latest
[2026-03-06 02:11:28] resume_check reason=periodic_online_retry
[2026-03-06 02:11:29] resume_check_noop: pref_loss_process_already_running
[2026-03-06 02:11:29] running_proc: 5635 python PTP/ptp_discovery/run_pref_loss_coevo.py --config PTP/configs/experiment/pref_loss_coevo/alternating_simple.yaml --resume-latest
[2026-03-06 02:13:40] resume_check reason=periodic_online_retry
[2026-03-06 02:13:42] resume_check_noop: pref_loss_process_already_running
[2026-03-06 02:13:42] running_proc: 5635 python PTP/ptp_discovery/run_pref_loss_coevo.py --config PTP/configs/experiment/pref_loss_coevo/alternating_simple.yaml --resume-latest
[2026-03-06 02:15:56] resume_check reason=periodic_online_retry
[2026-03-06 02:15:57] resume_check_noop: pref_loss_process_already_running
[2026-03-06 02:15:57] running_proc: 5635 python PTP/ptp_discovery/run_pref_loss_coevo.py --config PTP/configs/experiment/pref_loss_coevo/alternating_simple.yaml --resume-latest
[2026-03-06 02:18:11] resume_check reason=periodic_online_retry
[2026-03-06 02:18:13] resume_check_noop: pref_loss_process_already_running
[2026-03-06 02:18:13] running_proc: 5635 python PTP/ptp_discovery/run_pref_loss_coevo.py --config PTP/configs/experiment/pref_loss_coevo/alternating_simple.yaml --resume-latest
[2026-03-06 02:20:14] resume_check reason=periodic_online_retry
[2026-03-06 02:20:16] resume_check_noop: pref_loss_process_already_running
[2026-03-06 02:20:16] running_proc: 5635 python PTP/ptp_discovery/run_pref_loss_coevo.py --config PTP/configs/experiment/pref_loss_coevo/alternating_simple.yaml --resume-latest
[2026-03-06 02:22:32] resume_check reason=periodic_online_retry
[2026-03-06 02:22:35] resume_check_noop: pref_loss_process_already_running
[2026-03-06 02:22:35] running_proc: 5635 python PTP/ptp_discovery/run_pref_loss_coevo.py --config PTP/configs/experiment/pref_loss_coevo/alternating_simple.yaml --resume-latest
[2026-03-06 02:24:37] resume_check reason=periodic_online_retry
[2026-03-06 02:24:38] resume_check_noop: pref_loss_process_already_running
[2026-03-06 02:24:38] running_proc: 5635 python PTP/ptp_discovery/run_pref_loss_coevo.py --config PTP/configs/experiment/pref_loss_coevo/alternating_simple.yaml --resume-latest
[2026-03-06 02:26:38] resume_check reason=periodic_online_retry
[2026-03-06 02:26:40] resume_check_noop: pref_loss_process_already_running
[2026-03-06 02:26:40] running_proc: 5635 python PTP/ptp_discovery/run_pref_loss_coevo.py --config PTP/configs/experiment/pref_loss_coevo/alternating_simple.yaml --resume-latest
[2026-03-06 02:28:43] resume_check reason=periodic_online_retry
[2026-03-06 02:28:45] resume_check_noop: pref_loss_process_already_running
[2026-03-06 02:28:45] running_proc: 5635 python PTP/ptp_discovery/run_pref_loss_coevo.py --config PTP/configs/experiment/pref_loss_coevo/alternating_simple.yaml --resume-latest
[2026-03-06 02:30:49] resume_check reason=periodic_online_retry
[2026-03-06 02:30:50] resume_check_noop: pref_loss_process_already_running
[2026-03-06 02:30:50] running_proc: 5635 python PTP/ptp_discovery/run_pref_loss_coevo.py --config PTP/configs/experiment/pref_loss_coevo/alternating_simple.yaml --resume-latest
[2026-03-06 02:32:50] resume_check reason=periodic_online_retry
[2026-03-06 02:32:53] resume_check_noop: pref_loss_process_already_running
[2026-03-06 02:32:53] running_proc: 5635 python PTP/ptp_discovery/run_pref_loss_coevo.py --config PTP/configs/experiment/pref_loss_coevo/alternating_simple.yaml --resume-latest
[2026-03-06 02:35:06] resume_check reason=periodic_online_retry
[2026-03-06 02:35:09] resume_check_noop: pref_loss_process_already_running
[2026-03-06 02:35:09] running_proc: 5635 python PTP/ptp_discovery/run_pref_loss_coevo.py --config PTP/configs/experiment/pref_loss_coevo/alternating_simple.yaml --resume-latest
[2026-03-06 02:37:23] resume_check reason=periodic_online_retry
[2026-03-06 02:37:24] resume_check_noop: pref_loss_process_already_running
[2026-03-06 02:37:24] running_proc: 5635 python PTP/ptp_discovery/run_pref_loss_coevo.py --config PTP/configs/experiment/pref_loss_coevo/alternating_simple.yaml --resume-latest
[2026-03-06 02:39:31] resume_check reason=periodic_online_retry
[2026-03-06 02:39:33] resume_check_noop: pref_loss_process_already_running
[2026-03-06 02:39:33] running_proc: 5635 python PTP/ptp_discovery/run_pref_loss_coevo.py --config PTP/configs/experiment/pref_loss_coevo/alternating_simple.yaml --resume-latest
[2026-03-06 02:41:45] resume_check reason=periodic_online_retry
[2026-03-06 02:41:54] resume_check_noop: pref_loss_process_already_running
[2026-03-06 02:41:54] running_proc: 5635 python PTP/ptp_discovery/run_pref_loss_coevo.py --config PTP/configs/experiment/pref_loss_coevo/alternating_simple.yaml --resume-latest
[2026-03-06 02:44:00] resume_check reason=periodic_online_retry
[2026-03-06 02:44:01] resume_check_noop: pref_loss_process_already_running
[2026-03-06 02:44:01] running_proc: 5635 python PTP/ptp_discovery/run_pref_loss_coevo.py --config PTP/configs/experiment/pref_loss_coevo/alternating_simple.yaml --resume-latest
[2026-03-06 02:46:15] resume_check reason=periodic_online_retry
[2026-03-06 02:46:18] resume_check_noop: pref_loss_process_already_running
[2026-03-06 02:46:18] running_proc: 5635 python PTP/ptp_discovery/run_pref_loss_coevo.py --config PTP/configs/experiment/pref_loss_coevo/alternating_simple.yaml --resume-latest
[2026-03-06 02:48:18] resume_check reason=periodic_online_retry
[2026-03-06 02:48:19] resume_check_noop: pref_loss_process_already_running
[2026-03-06 02:48:19] running_proc: 5635 python PTP/ptp_discovery/run_pref_loss_coevo.py --config PTP/configs/experiment/pref_loss_coevo/alternating_simple.yaml --resume-latest
[2026-03-06 02:50:26] resume_check reason=periodic_online_retry
[2026-03-06 02:50:29] resume_check_noop: pref_loss_process_already_running
[2026-03-06 02:50:29] running_proc: 5635 python PTP/ptp_discovery/run_pref_loss_coevo.py --config PTP/configs/experiment/pref_loss_coevo/alternating_simple.yaml --resume-latest
[2026-03-06 02:52:29] resume_check reason=periodic_online_retry
[2026-03-06 02:52:31] resume_check_noop: pref_loss_process_already_running
[2026-03-06 02:52:31] running_proc: 5635 python PTP/ptp_discovery/run_pref_loss_coevo.py --config PTP/configs/experiment/pref_loss_coevo/alternating_simple.yaml --resume-latest
[2026-03-06 02:54:37] resume_check reason=periodic_online_retry
[2026-03-06 02:54:39] resume_check_noop: pref_loss_process_already_running
[2026-03-06 02:54:39] running_proc: 5635 python PTP/ptp_discovery/run_pref_loss_coevo.py --config PTP/configs/experiment/pref_loss_coevo/alternating_simple.yaml --resume-latest
[2026-03-06 02:56:42] resume_check reason=periodic_online_retry
[2026-03-06 02:56:43] resume_check_noop: pref_loss_process_already_running
[2026-03-06 02:56:43] running_proc: 5635 python PTP/ptp_discovery/run_pref_loss_coevo.py --config PTP/configs/experiment/pref_loss_coevo/alternating_simple.yaml --resume-latest
[2026-03-06 02:58:54] resume_check reason=periodic_online_retry
[2026-03-06 02:58:55] resume_check_noop: pref_loss_process_already_running
[2026-03-06 02:58:55] running_proc: 5635 python PTP/ptp_discovery/run_pref_loss_coevo.py --config PTP/configs/experiment/pref_loss_coevo/alternating_simple.yaml --resume-latest
[2026-03-06 03:01:03] resume_check reason=periodic_online_retry
[2026-03-06 03:01:04] resume_check_noop: pref_loss_process_already_running
[2026-03-06 03:01:04] running_proc: 5635 python PTP/ptp_discovery/run_pref_loss_coevo.py --config PTP/configs/experiment/pref_loss_coevo/alternating_simple.yaml --resume-latest
[2026-03-06 03:03:07] resume_check reason=periodic_online_retry
[2026-03-06 03:03:14] resume_check_noop: pref_loss_process_already_running
[2026-03-06 03:03:14] running_proc: 5635 python PTP/ptp_discovery/run_pref_loss_coevo.py --config PTP/configs/experiment/pref_loss_coevo/alternating_simple.yaml --resume-latest
[2026-03-06 03:05:13] remote_offline reason=Connection timed out during banner exchange Connection to UNKNOWN port 65535 timed out
[2026-03-06 03:06:22] remote_unreachable reason=Connection timed out during banner exchange Connection to UNKNOWN port 65535 timed out
[2026-03-06 03:07:31] remote_unreachable reason=Connection timed out during banner exchange Connection to UNKNOWN port 65535 timed out
[2026-03-06 03:08:44] remote_unreachable reason=channel 0: open failed: connect failed: Connection refused stdio forwarding failed Connection closed by UNKNOWN port 65535
[2026-03-06 03:09:52] remote_unreachable reason=channel 0: open failed: connect failed: Connection refused stdio forwarding failed Connection closed by UNKNOWN port 65535
[2026-03-06 03:10:11] remote_online boot_id=26b85cd5-419c-4325-bfe7-9771d8898d41
[2026-03-06 03:10:11] resume_check reason=reconnect_boot_id_changed
[2026-03-06 03:10:11] waiting_boot_grace_s=45.0
[2026-03-06 03:10:57] resume_check_noop: pref_loss_process_already_running
[2026-03-06 03:10:57] running_proc: 4671 bash -lc pgrep -af 'PTP/ptp_discovery/run_pref_loss_coevo.py' || true
[2026-03-06 03:10:57] running_proc: 4681 pgrep -af PTP/ptp_discovery/run_pref_loss_coevo.py
[2026-03-06 03:13:07] resume_check reason=periodic_online_retry
[2026-03-06 03:14:42] resume_launch_failed
[2026-03-06 03:15:19] resume_check reason=periodic_online_retry
[2026-03-06 03:15:21] resume_check_noop: pref_loss_process_already_running
[2026-03-06 03:15:21] running_proc: 6054 bash -lc cd /data1/gushengda/eam-rl4co && mkdir -p logs && export PYTHONPATH=/data1/gushengda/eam-rl4co:'/data1/gushengda/eam-rl4co\PTP':${PYTHONPATH:-} && export LOG_TZ=Asia/Shanghai && export LOG_LEVEL=INFO && nohup /data1/gushengda/anaconda3/envs/rlco1/bin/python3.11 -u PTP/ptp_discovery/run_pref_loss_coevo.py --config PTP/configs/experiment/pref_loss_coevo/alternating_simple.yaml --resume-latest > logs/auto_resume_pref_loss_20260306-031312.out 2>&1 < /dev/null & echo $!
[2026-03-06 03:15:21] running_proc: 6056 /data1/gushengda/anaconda3/envs/rlco1/bin/python3.11 -u PTP/ptp_discovery/run_pref_loss_coevo.py --config PTP/configs/experiment/pref_loss_coevo/alternating_simple.yaml --resume-latest
[2026-03-06 03:17:20] resume_check reason=periodic_online_retry
[2026-03-06 03:17:23] resume_check_noop: pref_loss_process_already_running
[2026-03-06 03:17:23] running_proc: 6054 bash -lc cd /data1/gushengda/eam-rl4co && mkdir -p logs && export PYTHONPATH=/data1/gushengda/eam-rl4co:'/data1/gushengda/eam-rl4co\PTP':${PYTHONPATH:-} && export LOG_TZ=Asia/Shanghai && export LOG_LEVEL=INFO && nohup /data1/gushengda/anaconda3/envs/rlco1/bin/python3.11 -u PTP/ptp_discovery/run_pref_loss_coevo.py --config PTP/configs/experiment/pref_loss_coevo/alternating_simple.yaml --resume-latest > logs/auto_resume_pref_loss_20260306-031312.out 2>&1 < /dev/null & echo $!
[2026-03-06 03:17:23] running_proc: 6056 /data1/gushengda/anaconda3/envs/rlco1/bin/python3.11 -u PTP/ptp_discovery/run_pref_loss_coevo.py --config PTP/configs/experiment/pref_loss_coevo/alternating_simple.yaml --resume-latest
[2026-03-06 03:19:22] resume_check reason=periodic_online_retry
[2026-03-06 03:19:25] resume_check_noop: pref_loss_process_already_running
[2026-03-06 03:19:25] running_proc: 6054 bash -lc cd /data1/gushengda/eam-rl4co && mkdir -p logs && export PYTHONPATH=/data1/gushengda/eam-rl4co:'/data1/gushengda/eam-rl4co\PTP':${PYTHONPATH:-} && export LOG_TZ=Asia/Shanghai && export LOG_LEVEL=INFO && nohup /data1/gushengda/anaconda3/envs/rlco1/bin/python3.11 -u PTP/ptp_discovery/run_pref_loss_coevo.py --config PTP/configs/experiment/pref_loss_coevo/alternating_simple.yaml --resume-latest > logs/auto_resume_pref_loss_20260306-031312.out 2>&1 < /dev/null & echo $!
[2026-03-06 03:19:25] running_proc: 6056 /data1/gushengda/anaconda3/envs/rlco1/bin/python3.11 -u PTP/ptp_discovery/run_pref_loss_coevo.py --config PTP/configs/experiment/pref_loss_coevo/alternating_simple.yaml --resume-latest
[2026-03-06 03:21:24] resume_check reason=periodic_online_retry
[2026-03-06 03:21:25] resume_check_noop: pref_loss_process_already_running
[2026-03-06 03:21:25] running_proc: 6054 bash -lc cd /data1/gushengda/eam-rl4co && mkdir -p logs && export PYTHONPATH=/data1/gushengda/eam-rl4co:'/data1/gushengda/eam-rl4co\PTP':${PYTHONPATH:-} && export LOG_TZ=Asia/Shanghai && export LOG_LEVEL=INFO && nohup /data1/gushengda/anaconda3/envs/rlco1/bin/python3.11 -u PTP/ptp_discovery/run_pref_loss_coevo.py --config PTP/configs/experiment/pref_loss_coevo/alternating_simple.yaml --resume-latest > logs/auto_resume_pref_loss_20260306-031312.out 2>&1 < /dev/null & echo $!
[2026-03-06 03:21:25] running_proc: 6056 /data1/gushengda/anaconda3/envs/rlco1/bin/python3.11 -u PTP/ptp_discovery/run_pref_loss_coevo.py --config PTP/configs/experiment/pref_loss_coevo/alternating_simple.yaml --resume-latest
[2026-03-06 03:23:29] resume_check reason=periodic_online_retry
[2026-03-06 03:23:30] resume_check_noop: pref_loss_process_already_running
[2026-03-06 03:23:30] running_proc: 6054 bash -lc cd /data1/gushengda/eam-rl4co && mkdir -p logs && export PYTHONPATH=/data1/gushengda/eam-rl4co:'/data1/gushengda/eam-rl4co\PTP':${PYTHONPATH:-} && export LOG_TZ=Asia/Shanghai && export LOG_LEVEL=INFO && nohup /data1/gushengda/anaconda3/envs/rlco1/bin/python3.11 -u PTP/ptp_discovery/run_pref_loss_coevo.py --config PTP/configs/experiment/pref_loss_coevo/alternating_simple.yaml --resume-latest > logs/auto_resume_pref_loss_20260306-031312.out 2>&1 < /dev/null & echo $!
[2026-03-06 03:23:30] running_proc: 6056 /data1/gushengda/anaconda3/envs/rlco1/bin/python3.11 -u PTP/ptp_discovery/run_pref_loss_coevo.py --config PTP/configs/experiment/pref_loss_coevo/alternating_simple.yaml --resume-latest
[2026-03-06 03:25:29] resume_check reason=periodic_online_retry
[2026-03-06 03:25:30] resume_check_noop: pref_loss_process_already_running
[2026-03-06 03:25:30] running_proc: 6054 bash -lc cd /data1/gushengda/eam-rl4co && mkdir -p logs && export PYTHONPATH=/data1/gushengda/eam-rl4co:'/data1/gushengda/eam-rl4co\PTP':${PYTHONPATH:-} && export LOG_TZ=Asia/Shanghai && export LOG_LEVEL=INFO && nohup /data1/gushengda/anaconda3/envs/rlco1/bin/python3.11 -u PTP/ptp_discovery/run_pref_loss_coevo.py --config PTP/configs/experiment/pref_loss_coevo/alternating_simple.yaml --resume-latest > logs/auto_resume_pref_loss_20260306-031312.out 2>&1 < /dev/null & echo $!
[2026-03-06 03:25:30] running_proc: 6056 /data1/gushengda/anaconda3/envs/rlco1/bin/python3.11 -u PTP/ptp_discovery/run_pref_loss_coevo.py --config PTP/configs/experiment/pref_loss_coevo/alternating_simple.yaml --resume-latest
[2026-03-06 03:27:43] resume_check reason=periodic_online_retry
[2026-03-06 03:27:44] resume_check_noop: pref_loss_process_already_running
[2026-03-06 03:27:44] running_proc: 6054 bash -lc cd /data1/gushengda/eam-rl4co && mkdir -p logs && export PYTHONPATH=/data1/gushengda/eam-rl4co:'/data1/gushengda/eam-rl4co\PTP':${PYTHONPATH:-} && export LOG_TZ=Asia/Shanghai && export LOG_LEVEL=INFO && nohup /data1/gushengda/anaconda3/envs/rlco1/bin/python3.11 -u PTP/ptp_discovery/run_pref_loss_coevo.py --config PTP/configs/experiment/pref_loss_coevo/alternating_simple.yaml --resume-latest > logs/auto_resume_pref_loss_20260306-031312.out 2>&1 < /dev/null & echo $!
[2026-03-06 03:27:44] running_proc: 6056 /data1/gushengda/anaconda3/envs/rlco1/bin/python3.11 -u PTP/ptp_discovery/run_pref_loss_coevo.py --config PTP/configs/experiment/pref_loss_coevo/alternating_simple.yaml --resume-latest
[2026-03-06 03:29:56] resume_check reason=periodic_online_retry
[2026-03-06 03:29:59] resume_check_noop: pref_loss_process_already_running
[2026-03-06 03:29:59] running_proc: 6054 bash -lc cd /data1/gushengda/eam-rl4co && mkdir -p logs && export PYTHONPATH=/data1/gushengda/eam-rl4co:'/data1/gushengda/eam-rl4co\PTP':${PYTHONPATH:-} && export LOG_TZ=Asia/Shanghai && export LOG_LEVEL=INFO && nohup /data1/gushengda/anaconda3/envs/rlco1/bin/python3.11 -u PTP/ptp_discovery/run_pref_loss_coevo.py --config PTP/configs/experiment/pref_loss_coevo/alternating_simple.yaml --resume-latest > logs/auto_resume_pref_loss_20260306-031312.out 2>&1 < /dev/null & echo $!
[2026-03-06 03:29:59] running_proc: 6056 /data1/gushengda/anaconda3/envs/rlco1/bin/python3.11 -u PTP/ptp_discovery/run_pref_loss_coevo.py --config PTP/configs/experiment/pref_loss_coevo/alternating_simple.yaml --resume-latest
[2026-03-06 03:32:09] resume_check reason=periodic_online_retry
[2026-03-06 03:32:10] resume_check_noop: pref_loss_process_already_running
[2026-03-06 03:32:10] running_proc: 6054 bash -lc cd /data1/gushengda/eam-rl4co && mkdir -p logs && export PYTHONPATH=/data1/gushengda/eam-rl4co:'/data1/gushengda/eam-rl4co\PTP':${PYTHONPATH:-} && export LOG_TZ=Asia/Shanghai && export LOG_LEVEL=INFO && nohup /data1/gushengda/anaconda3/envs/rlco1/bin/python3.11 -u PTP/ptp_discovery/run_pref_loss_coevo.py --config PTP/configs/experiment/pref_loss_coevo/alternating_simple.yaml --resume-latest > logs/auto_resume_pref_loss_20260306-031312.out 2>&1 < /dev/null & echo $!
[2026-03-06 03:32:10] running_proc: 6056 /data1/gushengda/anaconda3/envs/rlco1/bin/python3.11 -u PTP/ptp_discovery/run_pref_loss_coevo.py --config PTP/configs/experiment/pref_loss_coevo/alternating_simple.yaml --resume-latest
[2026-03-06 03:33:24] remote_offline reason=Connection timed out during banner exchange Connection to UNKNOWN port 65535 timed out
[2026-03-06 03:33:40] remote_online boot_id=26b85cd5-419c-4325-bfe7-9771d8898d41
[2026-03-06 03:35:43] resume_check reason=periodic_online_retry
[2026-03-06 03:35:50] resume_check_noop: pref_loss_process_already_running
[2026-03-06 03:35:50] running_proc: 6054 bash -lc cd /data1/gushengda/eam-rl4co && mkdir -p logs && export PYTHONPATH=/data1/gushengda/eam-rl4co:'/data1/gushengda/eam-rl4co\PTP':${PYTHONPATH:-} && export LOG_TZ=Asia/Shanghai && export LOG_LEVEL=INFO && nohup /data1/gushengda/anaconda3/envs/rlco1/bin/python3.11 -u PTP/ptp_discovery/run_pref_loss_coevo.py --config PTP/configs/experiment/pref_loss_coevo/alternating_simple.yaml --resume-latest > logs/auto_resume_pref_loss_20260306-031312.out 2>&1 < /dev/null & echo $!
[2026-03-06 03:35:50] running_proc: 6056 /data1/gushengda/anaconda3/envs/rlco1/bin/python3.11 -u PTP/ptp_discovery/run_pref_loss_coevo.py --config PTP/configs/experiment/pref_loss_coevo/alternating_simple.yaml --resume-latest
[2026-03-06 03:37:59] resume_check reason=periodic_online_retry
[2026-03-06 03:38:01] resume_check_noop: pref_loss_process_already_running
[2026-03-06 03:38:01] running_proc: 6054 bash -lc cd /data1/gushengda/eam-rl4co && mkdir -p logs && export PYTHONPATH=/data1/gushengda/eam-rl4co:'/data1/gushengda/eam-rl4co\PTP':${PYTHONPATH:-} && export LOG_TZ=Asia/Shanghai && export LOG_LEVEL=INFO && nohup /data1/gushengda/anaconda3/envs/rlco1/bin/python3.11 -u PTP/ptp_discovery/run_pref_loss_coevo.py --config PTP/configs/experiment/pref_loss_coevo/alternating_simple.yaml --resume-latest > logs/auto_resume_pref_loss_20260306-031312.out 2>&1 < /dev/null & echo $!
[2026-03-06 03:38:01] running_proc: 6056 /data1/gushengda/anaconda3/envs/rlco1/bin/python3.11 -u PTP/ptp_discovery/run_pref_loss_coevo.py --config PTP/configs/experiment/pref_loss_coevo/alternating_simple.yaml --resume-latest
[2026-03-06 03:40:06] resume_check reason=periodic_online_retry
[2026-03-06 03:40:08] resume_check_noop: pref_loss_process_already_running
[2026-03-06 03:40:08] running_proc: 6054 bash -lc cd /data1/gushengda/eam-rl4co && mkdir -p logs && export PYTHONPATH=/data1/gushengda/eam-rl4co:'/data1/gushengda/eam-rl4co\PTP':${PYTHONPATH:-} && export LOG_TZ=Asia/Shanghai && export LOG_LEVEL=INFO && nohup /data1/gushengda/anaconda3/envs/rlco1/bin/python3.11 -u PTP/ptp_discovery/run_pref_loss_coevo.py --config PTP/configs/experiment/pref_loss_coevo/alternating_simple.yaml --resume-latest > logs/auto_resume_pref_loss_20260306-031312.out 2>&1 < /dev/null & echo $!
[2026-03-06 03:40:08] running_proc: 6056 /data1/gushengda/anaconda3/envs/rlco1/bin/python3.11 -u PTP/ptp_discovery/run_pref_loss_coevo.py --config PTP/configs/experiment/pref_loss_coevo/alternating_simple.yaml --resume-latest
[2026-03-06 03:42:14] resume_check reason=periodic_online_retry
[2026-03-06 03:42:16] resume_check_noop: pref_loss_process_already_running
[2026-03-06 03:42:16] running_proc: 6054 bash -lc cd /data1/gushengda/eam-rl4co && mkdir -p logs && export PYTHONPATH=/data1/gushengda/eam-rl4co:'/data1/gushengda/eam-rl4co\PTP':${PYTHONPATH:-} && export LOG_TZ=Asia/Shanghai && export LOG_LEVEL=INFO && nohup /data1/gushengda/anaconda3/envs/rlco1/bin/python3.11 -u PTP/ptp_discovery/run_pref_loss_coevo.py --config PTP/configs/experiment/pref_loss_coevo/alternating_simple.yaml --resume-latest > logs/auto_resume_pref_loss_20260306-031312.out 2>&1 < /dev/null & echo $!
[2026-03-06 03:42:16] running_proc: 6056 /data1/gushengda/anaconda3/envs/rlco1/bin/python3.11 -u PTP/ptp_discovery/run_pref_loss_coevo.py --config PTP/configs/experiment/pref_loss_coevo/alternating_simple.yaml --resume-latest
[2026-03-06 03:44:19] resume_check reason=periodic_online_retry
[2026-03-06 03:44:21] resume_check_noop: pref_loss_process_already_running
[2026-03-06 03:44:21] running_proc: 6054 bash -lc cd /data1/gushengda/eam-rl4co && mkdir -p logs && export PYTHONPATH=/data1/gushengda/eam-rl4co:'/data1/gushengda/eam-rl4co\PTP':${PYTHONPATH:-} && export LOG_TZ=Asia/Shanghai && export LOG_LEVEL=INFO && nohup /data1/gushengda/anaconda3/envs/rlco1/bin/python3.11 -u PTP/ptp_discovery/run_pref_loss_coevo.py --config PTP/configs/experiment/pref_loss_coevo/alternating_simple.yaml --resume-latest > logs/auto_resume_pref_loss_20260306-031312.out 2>&1 < /dev/null & echo $!
[2026-03-06 03:44:21] running_proc: 6056 /data1/gushengda/anaconda3/envs/rlco1/bin/python3.11 -u PTP/ptp_discovery/run_pref_loss_coevo.py --config PTP/configs/experiment/pref_loss_coevo/alternating_simple.yaml --resume-latest
[2026-03-06 03:46:24] resume_check reason=periodic_online_retry
[2026-03-06 03:46:26] resume_check_noop: pref_loss_process_already_running
[2026-03-06 03:46:26] running_proc: 6054 bash -lc cd /data1/gushengda/eam-rl4co && mkdir -p logs && export PYTHONPATH=/data1/gushengda/eam-rl4co:'/data1/gushengda/eam-rl4co\PTP':${PYTHONPATH:-} && export LOG_TZ=Asia/Shanghai && export LOG_LEVEL=INFO && nohup /data1/gushengda/anaconda3/envs/rlco1/bin/python3.11 -u PTP/ptp_discovery/run_pref_loss_coevo.py --config PTP/configs/experiment/pref_loss_coevo/alternating_simple.yaml --resume-latest > logs/auto_resume_pref_loss_20260306-031312.out 2>&1 < /dev/null & echo $!
[2026-03-06 03:46:26] running_proc: 6056 /data1/gushengda/anaconda3/envs/rlco1/bin/python3.11 -u PTP/ptp_discovery/run_pref_loss_coevo.py --config PTP/configs/experiment/pref_loss_coevo/alternating_simple.yaml --resume-latest
[2026-03-06 03:48:46] resume_check reason=periodic_online_retry
[2026-03-06 03:48:48] resume_check_noop: pref_loss_process_already_running
[2026-03-06 03:48:48] running_proc: 6054 bash -lc cd /data1/gushengda/eam-rl4co && mkdir -p logs && export PYTHONPATH=/data1/gushengda/eam-rl4co:'/data1/gushengda/eam-rl4co\PTP':${PYTHONPATH:-} && export LOG_TZ=Asia/Shanghai && export LOG_LEVEL=INFO && nohup /data1/gushengda/anaconda3/envs/rlco1/bin/python3.11 -u PTP/ptp_discovery/run_pref_loss_coevo.py --config PTP/configs/experiment/pref_loss_coevo/alternating_simple.yaml --resume-latest > logs/auto_resume_pref_loss_20260306-031312.out 2>&1 < /dev/null & echo $!
[2026-03-06 03:48:48] running_proc: 6056 /data1/gushengda/anaconda3/envs/rlco1/bin/python3.11 -u PTP/ptp_discovery/run_pref_loss_coevo.py --config PTP/configs/experiment/pref_loss_coevo/alternating_simple.yaml --resume-latest
[2026-03-06 03:50:54] resume_check reason=periodic_online_retry
[2026-03-06 03:50:55] resume_check_noop: pref_loss_process_already_running
[2026-03-06 03:50:55] running_proc: 6054 bash -lc cd /data1/gushengda/eam-rl4co && mkdir -p logs && export PYTHONPATH=/data1/gushengda/eam-rl4co:'/data1/gushengda/eam-rl4co\PTP':${PYTHONPATH:-} && export LOG_TZ=Asia/Shanghai && export LOG_LEVEL=INFO && nohup /data1/gushengda/anaconda3/envs/rlco1/bin/python3.11 -u PTP/ptp_discovery/run_pref_loss_coevo.py --config PTP/configs/experiment/pref_loss_coevo/alternating_simple.yaml --resume-latest > logs/auto_resume_pref_loss_20260306-031312.out 2>&1 < /dev/null & echo $!
[2026-03-06 03:50:55] running_proc: 6056 /data1/gushengda/anaconda3/envs/rlco1/bin/python3.11 -u PTP/ptp_discovery/run_pref_loss_coevo.py --config PTP/configs/experiment/pref_loss_coevo/alternating_simple.yaml --resume-latest
[2026-03-06 03:53:09] resume_check reason=periodic_online_retry
[2026-03-06 03:53:15] resume_check_noop: pref_loss_process_already_running
[2026-03-06 03:53:15] running_proc: 6054 bash -lc cd /data1/gushengda/eam-rl4co && mkdir -p logs && export PYTHONPATH=/data1/gushengda/eam-rl4co:'/data1/gushengda/eam-rl4co\PTP':${PYTHONPATH:-} && export LOG_TZ=Asia/Shanghai && export LOG_LEVEL=INFO && nohup /data1/gushengda/anaconda3/envs/rlco1/bin/python3.11 -u PTP/ptp_discovery/run_pref_loss_coevo.py --config PTP/configs/experiment/pref_loss_coevo/alternating_simple.yaml --resume-latest > logs/auto_resume_pref_loss_20260306-031312.out 2>&1 < /dev/null & echo $!
[2026-03-06 03:53:15] running_proc: 6056 /data1/gushengda/anaconda3/envs/rlco1/bin/python3.11 -u PTP/ptp_discovery/run_pref_loss_coevo.py --config PTP/configs/experiment/pref_loss_coevo/alternating_simple.yaml --resume-latest
[2026-03-06 03:55:20] resume_check reason=periodic_online_retry
[2026-03-06 03:55:22] resume_check_noop: pref_loss_process_already_running
[2026-03-06 03:55:22] running_proc: 6054 bash -lc cd /data1/gushengda/eam-rl4co && mkdir -p logs && export PYTHONPATH=/data1/gushengda/eam-rl4co:'/data1/gushengda/eam-rl4co\PTP':${PYTHONPATH:-} && export LOG_TZ=Asia/Shanghai && export LOG_LEVEL=INFO && nohup /data1/gushengda/anaconda3/envs/rlco1/bin/python3.11 -u PTP/ptp_discovery/run_pref_loss_coevo.py --config PTP/configs/experiment/pref_loss_coevo/alternating_simple.yaml --resume-latest > logs/auto_resume_pref_loss_20260306-031312.out 2>&1 < /dev/null & echo $!
[2026-03-06 03:55:22] running_proc: 6056 /data1/gushengda/anaconda3/envs/rlco1/bin/python3.11 -u PTP/ptp_discovery/run_pref_loss_coevo.py --config PTP/configs/experiment/pref_loss_coevo/alternating_simple.yaml --resume-latest
[2026-03-06 03:57:25] resume_check reason=periodic_online_retry
[2026-03-06 03:57:28] resume_check_noop: pref_loss_process_already_running
[2026-03-06 03:57:28] running_proc: 6054 bash -lc cd /data1/gushengda/eam-rl4co && mkdir -p logs && export PYTHONPATH=/data1/gushengda/eam-rl4co:'/data1/gushengda/eam-rl4co\PTP':${PYTHONPATH:-} && export LOG_TZ=Asia/Shanghai && export LOG_LEVEL=INFO && nohup /data1/gushengda/anaconda3/envs/rlco1/bin/python3.11 -u PTP/ptp_discovery/run_pref_loss_coevo.py --config PTP/configs/experiment/pref_loss_coevo/alternating_simple.yaml --resume-latest > logs/auto_resume_pref_loss_20260306-031312.out 2>&1 < /dev/null & echo $!
[2026-03-06 03:57:28] running_proc: 6056 /data1/gushengda/anaconda3/envs/rlco1/bin/python3.11 -u PTP/ptp_discovery/run_pref_loss_coevo.py --config PTP/configs/experiment/pref_loss_coevo/alternating_simple.yaml --resume-latest
[2026-03-06 03:59:40] resume_check reason=periodic_online_retry
[2026-03-06 03:59:42] resume_check_noop: pref_loss_process_already_running
[2026-03-06 03:59:42] running_proc: 6054 bash -lc cd /data1/gushengda/eam-rl4co && mkdir -p logs && export PYTHONPATH=/data1/gushengda/eam-rl4co:'/data1/gushengda/eam-rl4co\PTP':${PYTHONPATH:-} && export LOG_TZ=Asia/Shanghai && export LOG_LEVEL=INFO && nohup /data1/gushengda/anaconda3/envs/rlco1/bin/python3.11 -u PTP/ptp_discovery/run_pref_loss_coevo.py --config PTP/configs/experiment/pref_loss_coevo/alternating_simple.yaml --resume-latest > logs/auto_resume_pref_loss_20260306-031312.out 2>&1 < /dev/null & echo $!
[2026-03-06 03:59:42] running_proc: 6056 /data1/gushengda/anaconda3/envs/rlco1/bin/python3.11 -u PTP/ptp_discovery/run_pref_loss_coevo.py --config PTP/configs/experiment/pref_loss_coevo/alternating_simple.yaml --resume-latest
[2026-03-06 04:01:43] resume_check reason=periodic_online_retry
[2026-03-06 04:01:46] resume_check_noop: pref_loss_process_already_running
[2026-03-06 04:01:46] running_proc: 6054 bash -lc cd /data1/gushengda/eam-rl4co && mkdir -p logs && export PYTHONPATH=/data1/gushengda/eam-rl4co:'/data1/gushengda/eam-rl4co\PTP':${PYTHONPATH:-} && export LOG_TZ=Asia/Shanghai && export LOG_LEVEL=INFO && nohup /data1/gushengda/anaconda3/envs/rlco1/bin/python3.11 -u PTP/ptp_discovery/run_pref_loss_coevo.py --config PTP/configs/experiment/pref_loss_coevo/alternating_simple.yaml --resume-latest > logs/auto_resume_pref_loss_20260306-031312.out 2>&1 < /dev/null & echo $!
[2026-03-06 04:01:46] running_proc: 6056 /data1/gushengda/anaconda3/envs/rlco1/bin/python3.11 -u PTP/ptp_discovery/run_pref_loss_coevo.py --config PTP/configs/experiment/pref_loss_coevo/alternating_simple.yaml --resume-latest
[2026-03-06 04:03:45] resume_check reason=periodic_online_retry
[2026-03-06 04:03:48] resume_check_noop: pref_loss_process_already_running
[2026-03-06 04:03:48] running_proc: 6054 bash -lc cd /data1/gushengda/eam-rl4co && mkdir -p logs && export PYTHONPATH=/data1/gushengda/eam-rl4co:'/data1/gushengda/eam-rl4co\PTP':${PYTHONPATH:-} && export LOG_TZ=Asia/Shanghai && export LOG_LEVEL=INFO && nohup /data1/gushengda/anaconda3/envs/rlco1/bin/python3.11 -u PTP/ptp_discovery/run_pref_loss_coevo.py --config PTP/configs/experiment/pref_loss_coevo/alternating_simple.yaml --resume-latest > logs/auto_resume_pref_loss_20260306-031312.out 2>&1 < /dev/null & echo $!
[2026-03-06 04:03:48] running_proc: 6056 /data1/gushengda/anaconda3/envs/rlco1/bin/python3.11 -u PTP/ptp_discovery/run_pref_loss_coevo.py --config PTP/configs/experiment/pref_loss_coevo/alternating_simple.yaml --resume-latest
[2026-03-06 04:05:47] resume_check reason=periodic_online_retry
[2026-03-06 04:05:51] resume_check_noop: pref_loss_process_already_running
[2026-03-06 04:05:51] running_proc: 6054 bash -lc cd /data1/gushengda/eam-rl4co && mkdir -p logs && export PYTHONPATH=/data1/gushengda/eam-rl4co:'/data1/gushengda/eam-rl4co\PTP':${PYTHONPATH:-} && export LOG_TZ=Asia/Shanghai && export LOG_LEVEL=INFO && nohup /data1/gushengda/anaconda3/envs/rlco1/bin/python3.11 -u PTP/ptp_discovery/run_pref_loss_coevo.py --config PTP/configs/experiment/pref_loss_coevo/alternating_simple.yaml --resume-latest > logs/auto_resume_pref_loss_20260306-031312.out 2>&1 < /dev/null & echo $!
[2026-03-06 04:05:51] running_proc: 6056 /data1/gushengda/anaconda3/envs/rlco1/bin/python3.11 -u PTP/ptp_discovery/run_pref_loss_coevo.py --config PTP/configs/experiment/pref_loss_coevo/alternating_simple.yaml --resume-latest
[2026-03-06 04:07:58] resume_check reason=periodic_online_retry
[2026-03-06 04:08:01] resume_check_noop: pref_loss_process_already_running
[2026-03-06 04:08:01] running_proc: 6054 bash -lc cd /data1/gushengda/eam-rl4co && mkdir -p logs && export PYTHONPATH=/data1/gushengda/eam-rl4co:'/data1/gushengda/eam-rl4co\PTP':${PYTHONPATH:-} && export LOG_TZ=Asia/Shanghai && export LOG_LEVEL=INFO && nohup /data1/gushengda/anaconda3/envs/rlco1/bin/python3.11 -u PTP/ptp_discovery/run_pref_loss_coevo.py --config PTP/configs/experiment/pref_loss_coevo/alternating_simple.yaml --resume-latest > logs/auto_resume_pref_loss_20260306-031312.out 2>&1 < /dev/null & echo $!
[2026-03-06 04:08:01] running_proc: 6056 /data1/gushengda/anaconda3/envs/rlco1/bin/python3.11 -u PTP/ptp_discovery/run_pref_loss_coevo.py --config PTP/configs/experiment/pref_loss_coevo/alternating_simple.yaml --resume-latest
[2026-03-06 04:10:09] resume_check reason=periodic_online_retry
[2026-03-06 04:10:10] resume_check_noop: pref_loss_process_already_running
[2026-03-06 04:10:10] running_proc: 6054 bash -lc cd /data1/gushengda/eam-rl4co && mkdir -p logs && export PYTHONPATH=/data1/gushengda/eam-rl4co:'/data1/gushengda/eam-rl4co\PTP':${PYTHONPATH:-} && export LOG_TZ=Asia/Shanghai && export LOG_LEVEL=INFO && nohup /data1/gushengda/anaconda3/envs/rlco1/bin/python3.11 -u PTP/ptp_discovery/run_pref_loss_coevo.py --config PTP/configs/experiment/pref_loss_coevo/alternating_simple.yaml --resume-latest > logs/auto_resume_pref_loss_20260306-031312.out 2>&1 < /dev/null & echo $!
[2026-03-06 04:10:10] running_proc: 6056 /data1/gushengda/anaconda3/envs/rlco1/bin/python3.11 -u PTP/ptp_discovery/run_pref_loss_coevo.py --config PTP/configs/experiment/pref_loss_coevo/alternating_simple.yaml --resume-latest
[2026-03-06 04:12:26] resume_check reason=periodic_online_retry
[2026-03-06 04:12:27] resume_check_noop: pref_loss_process_already_running
[2026-03-06 04:12:27] running_proc: 6054 bash -lc cd /data1/gushengda/eam-rl4co && mkdir -p logs && export PYTHONPATH=/data1/gushengda/eam-rl4co:'/data1/gushengda/eam-rl4co\PTP':${PYTHONPATH:-} && export LOG_TZ=Asia/Shanghai && export LOG_LEVEL=INFO && nohup /data1/gushengda/anaconda3/envs/rlco1/bin/python3.11 -u PTP/ptp_discovery/run_pref_loss_coevo.py --config PTP/configs/experiment/pref_loss_coevo/alternating_simple.yaml --resume-latest > logs/auto_resume_pref_loss_20260306-031312.out 2>&1 < /dev/null & echo $!
[2026-03-06 04:12:27] running_proc: 6056 /data1/gushengda/anaconda3/envs/rlco1/bin/python3.11 -u PTP/ptp_discovery/run_pref_loss_coevo.py --config PTP/configs/experiment/pref_loss_coevo/alternating_simple.yaml --resume-latest
[2026-03-06 04:14:26] resume_check reason=periodic_online_retry
[2026-03-06 04:14:28] resume_check_noop: pref_loss_process_already_running
[2026-03-06 04:14:28] running_proc: 6054 bash -lc cd /data1/gushengda/eam-rl4co && mkdir -p logs && export PYTHONPATH=/data1/gushengda/eam-rl4co:'/data1/gushengda/eam-rl4co\PTP':${PYTHONPATH:-} && export LOG_TZ=Asia/Shanghai && export LOG_LEVEL=INFO && nohup /data1/gushengda/anaconda3/envs/rlco1/bin/python3.11 -u PTP/ptp_discovery/run_pref_loss_coevo.py --config PTP/configs/experiment/pref_loss_coevo/alternating_simple.yaml --resume-latest > logs/auto_resume_pref_loss_20260306-031312.out 2>&1 < /dev/null & echo $!
[2026-03-06 04:14:28] running_proc: 6056 /data1/gushengda/anaconda3/envs/rlco1/bin/python3.11 -u PTP/ptp_discovery/run_pref_loss_coevo.py --config PTP/configs/experiment/pref_loss_coevo/alternating_simple.yaml --resume-latest
[2026-03-06 04:16:40] resume_check reason=periodic_online_retry
[2026-03-06 04:16:42] resume_check_noop: pref_loss_process_already_running
[2026-03-06 04:16:42] running_proc: 6054 bash -lc cd /data1/gushengda/eam-rl4co && mkdir -p logs && export PYTHONPATH=/data1/gushengda/eam-rl4co:'/data1/gushengda/eam-rl4co\PTP':${PYTHONPATH:-} && export LOG_TZ=Asia/Shanghai && export LOG_LEVEL=INFO && nohup /data1/gushengda/anaconda3/envs/rlco1/bin/python3.11 -u PTP/ptp_discovery/run_pref_loss_coevo.py --config PTP/configs/experiment/pref_loss_coevo/alternating_simple.yaml --resume-latest > logs/auto_resume_pref_loss_20260306-031312.out 2>&1 < /dev/null & echo $!
[2026-03-06 04:16:42] running_proc: 6056 /data1/gushengda/anaconda3/envs/rlco1/bin/python3.11 -u PTP/ptp_discovery/run_pref_loss_coevo.py --config PTP/configs/experiment/pref_loss_coevo/alternating_simple.yaml --resume-latest
[2026-03-06 04:18:57] resume_check reason=periodic_online_retry
[2026-03-06 04:18:58] resume_check_noop: pref_loss_process_already_running
[2026-03-06 04:18:58] running_proc: 6054 bash -lc cd /data1/gushengda/eam-rl4co && mkdir -p logs && export PYTHONPATH=/data1/gushengda/eam-rl4co:'/data1/gushengda/eam-rl4co\PTP':${PYTHONPATH:-} && export LOG_TZ=Asia/Shanghai && export LOG_LEVEL=INFO && nohup /data1/gushengda/anaconda3/envs/rlco1/bin/python3.11 -u PTP/ptp_discovery/run_pref_loss_coevo.py --config PTP/configs/experiment/pref_loss_coevo/alternating_simple.yaml --resume-latest > logs/auto_resume_pref_loss_20260306-031312.out 2>&1 < /dev/null & echo $!
[2026-03-06 04:18:58] running_proc: 6056 /data1/gushengda/anaconda3/envs/rlco1/bin/python3.11 -u PTP/ptp_discovery/run_pref_loss_coevo.py --config PTP/configs/experiment/pref_loss_coevo/alternating_simple.yaml --resume-latest
[2026-03-06 04:20:57] resume_check reason=periodic_online_retry
[2026-03-06 04:21:00] resume_check_noop: pref_loss_process_already_running
[2026-03-06 04:21:00] running_proc: 6054 bash -lc cd /data1/gushengda/eam-rl4co && mkdir -p logs && export PYTHONPATH=/data1/gushengda/eam-rl4co:'/data1/gushengda/eam-rl4co\PTP':${PYTHONPATH:-} && export LOG_TZ=Asia/Shanghai && export LOG_LEVEL=INFO && nohup /data1/gushengda/anaconda3/envs/rlco1/bin/python3.11 -u PTP/ptp_discovery/run_pref_loss_coevo.py --config PTP/configs/experiment/pref_loss_coevo/alternating_simple.yaml --resume-latest > logs/auto_resume_pref_loss_20260306-031312.out 2>&1 < /dev/null & echo $!
[2026-03-06 04:21:00] running_proc: 6056 /data1/gushengda/anaconda3/envs/rlco1/bin/python3.11 -u PTP/ptp_discovery/run_pref_loss_coevo.py --config PTP/configs/experiment/pref_loss_coevo/alternating_simple.yaml --resume-latest
[2026-03-06 04:22:59] resume_check reason=periodic_online_retry
[2026-03-06 04:23:04] resume_check_noop: pref_loss_process_already_running
[2026-03-06 04:23:04] running_proc: 6054 bash -lc cd /data1/gushengda/eam-rl4co && mkdir -p logs && export PYTHONPATH=/data1/gushengda/eam-rl4co:'/data1/gushengda/eam-rl4co\PTP':${PYTHONPATH:-} && export LOG_TZ=Asia/Shanghai && export LOG_LEVEL=INFO && nohup /data1/gushengda/anaconda3/envs/rlco1/bin/python3.11 -u PTP/ptp_discovery/run_pref_loss_coevo.py --config PTP/configs/experiment/pref_loss_coevo/alternating_simple.yaml --resume-latest > logs/auto_resume_pref_loss_20260306-031312.out 2>&1 < /dev/null & echo $!
[2026-03-06 04:23:04] running_proc: 6056 /data1/gushengda/anaconda3/envs/rlco1/bin/python3.11 -u PTP/ptp_discovery/run_pref_loss_coevo.py --config PTP/configs/experiment/pref_loss_coevo/alternating_simple.yaml --resume-latest
[2026-03-06 04:25:07] resume_check reason=periodic_online_retry
[2026-03-06 04:25:09] resume_check_noop: pref_loss_process_already_running
[2026-03-06 04:25:09] running_proc: 6054 bash -lc cd /data1/gushengda/eam-rl4co && mkdir -p logs && export PYTHONPATH=/data1/gushengda/eam-rl4co:'/data1/gushengda/eam-rl4co\PTP':${PYTHONPATH:-} && export LOG_TZ=Asia/Shanghai && export LOG_LEVEL=INFO && nohup /data1/gushengda/anaconda3/envs/rlco1/bin/python3.11 -u PTP/ptp_discovery/run_pref_loss_coevo.py --config PTP/configs/experiment/pref_loss_coevo/alternating_simple.yaml --resume-latest > logs/auto_resume_pref_loss_20260306-031312.out 2>&1 < /dev/null & echo $!
[2026-03-06 04:25:09] running_proc: 6056 /data1/gushengda/anaconda3/envs/rlco1/bin/python3.11 -u PTP/ptp_discovery/run_pref_loss_coevo.py --config PTP/configs/experiment/pref_loss_coevo/alternating_simple.yaml --resume-latest
[2026-03-06 04:27:13] resume_check reason=periodic_online_retry
[2026-03-06 04:27:14] resume_check_noop: pref_loss_process_already_running
[2026-03-06 04:27:14] running_proc: 6054 bash -lc cd /data1/gushengda/eam-rl4co && mkdir -p logs && export PYTHONPATH=/data1/gushengda/eam-rl4co:'/data1/gushengda/eam-rl4co\PTP':${PYTHONPATH:-} && export LOG_TZ=Asia/Shanghai && export LOG_LEVEL=INFO && nohup /data1/gushengda/anaconda3/envs/rlco1/bin/python3.11 -u PTP/ptp_discovery/run_pref_loss_coevo.py --config PTP/configs/experiment/pref_loss_coevo/alternating_simple.yaml --resume-latest > logs/auto_resume_pref_loss_20260306-031312.out 2>&1 < /dev/null & echo $!
[2026-03-06 04:27:14] running_proc: 6056 /data1/gushengda/anaconda3/envs/rlco1/bin/python3.11 -u PTP/ptp_discovery/run_pref_loss_coevo.py --config PTP/configs/experiment/pref_loss_coevo/alternating_simple.yaml --resume-latest
[2026-03-06 04:29:18] resume_check reason=periodic_online_retry
[2026-03-06 04:29:21] resume_check_noop: pref_loss_process_already_running
[2026-03-06 04:29:21] running_proc: 6054 bash -lc cd /data1/gushengda/eam-rl4co && mkdir -p logs && export PYTHONPATH=/data1/gushengda/eam-rl4co:'/data1/gushengda/eam-rl4co\PTP':${PYTHONPATH:-} && export LOG_TZ=Asia/Shanghai && export LOG_LEVEL=INFO && nohup /data1/gushengda/anaconda3/envs/rlco1/bin/python3.11 -u PTP/ptp_discovery/run_pref_loss_coevo.py --config PTP/configs/experiment/pref_loss_coevo/alternating_simple.yaml --resume-latest > logs/auto_resume_pref_loss_20260306-031312.out 2>&1 < /dev/null & echo $!
[2026-03-06 04:29:21] running_proc: 6056 /data1/gushengda/anaconda3/envs/rlco1/bin/python3.11 -u PTP/ptp_discovery/run_pref_loss_coevo.py --config PTP/configs/experiment/pref_loss_coevo/alternating_simple.yaml --resume-latest
[2026-03-06 04:31:31] resume_check reason=periodic_online_retry
[2026-03-06 04:31:34] resume_check_noop: pref_loss_process_already_running
[2026-03-06 04:31:34] running_proc: 6054 bash -lc cd /data1/gushengda/eam-rl4co && mkdir -p logs && export PYTHONPATH=/data1/gushengda/eam-rl4co:'/data1/gushengda/eam-rl4co\PTP':${PYTHONPATH:-} && export LOG_TZ=Asia/Shanghai && export LOG_LEVEL=INFO && nohup /data1/gushengda/anaconda3/envs/rlco1/bin/python3.11 -u PTP/ptp_discovery/run_pref_loss_coevo.py --config PTP/configs/experiment/pref_loss_coevo/alternating_simple.yaml --resume-latest > logs/auto_resume_pref_loss_20260306-031312.out 2>&1 < /dev/null & echo $!
[2026-03-06 04:31:34] running_proc: 6056 /data1/gushengda/anaconda3/envs/rlco1/bin/python3.11 -u PTP/ptp_discovery/run_pref_loss_coevo.py --config PTP/configs/experiment/pref_loss_coevo/alternating_simple.yaml --resume-latest
[2026-03-06 04:33:37] resume_check reason=periodic_online_retry
[2026-03-06 04:33:41] resume_check_noop: pref_loss_process_already_running
[2026-03-06 04:33:41] running_proc: 6054 bash -lc cd /data1/gushengda/eam-rl4co && mkdir -p logs && export PYTHONPATH=/data1/gushengda/eam-rl4co:'/data1/gushengda/eam-rl4co\PTP':${PYTHONPATH:-} && export LOG_TZ=Asia/Shanghai && export LOG_LEVEL=INFO && nohup /data1/gushengda/anaconda3/envs/rlco1/bin/python3.11 -u PTP/ptp_discovery/run_pref_loss_coevo.py --config PTP/configs/experiment/pref_loss_coevo/alternating_simple.yaml --resume-latest > logs/auto_resume_pref_loss_20260306-031312.out 2>&1 < /dev/null & echo $!
[2026-03-06 04:33:41] running_proc: 6056 /data1/gushengda/anaconda3/envs/rlco1/bin/python3.11 -u PTP/ptp_discovery/run_pref_loss_coevo.py --config PTP/configs/experiment/pref_loss_coevo/alternating_simple.yaml --resume-latest
[2026-03-06 04:35:42] resume_check reason=periodic_online_retry
[2026-03-06 04:35:45] resume_check_noop: pref_loss_process_already_running
[2026-03-06 04:35:45] running_proc: 6054 bash -lc cd /data1/gushengda/eam-rl4co && mkdir -p logs && export PYTHONPATH=/data1/gushengda/eam-rl4co:'/data1/gushengda/eam-rl4co\PTP':${PYTHONPATH:-} && export LOG_TZ=Asia/Shanghai && export LOG_LEVEL=INFO && nohup /data1/gushengda/anaconda3/envs/rlco1/bin/python3.11 -u PTP/ptp_discovery/run_pref_loss_coevo.py --config PTP/configs/experiment/pref_loss_coevo/alternating_simple.yaml --resume-latest > logs/auto_resume_pref_loss_20260306-031312.out 2>&1 < /dev/null & echo $!
[2026-03-06 04:35:45] running_proc: 6056 /data1/gushengda/anaconda3/envs/rlco1/bin/python3.11 -u PTP/ptp_discovery/run_pref_loss_coevo.py --config PTP/configs/experiment/pref_loss_coevo/alternating_simple.yaml --resume-latest
[2026-03-06 04:37:55] resume_check reason=periodic_online_retry
[2026-03-06 04:37:56] resume_check_noop: pref_loss_process_already_running
[2026-03-06 04:37:56] running_proc: 6054 bash -lc cd /data1/gushengda/eam-rl4co && mkdir -p logs && export PYTHONPATH=/data1/gushengda/eam-rl4co:'/data1/gushengda/eam-rl4co\PTP':${PYTHONPATH:-} && export LOG_TZ=Asia/Shanghai && export LOG_LEVEL=INFO && nohup /data1/gushengda/anaconda3/envs/rlco1/bin/python3.11 -u PTP/ptp_discovery/run_pref_loss_coevo.py --config PTP/configs/experiment/pref_loss_coevo/alternating_simple.yaml --resume-latest > logs/auto_resume_pref_loss_20260306-031312.out 2>&1 < /dev/null & echo $!
[2026-03-06 04:37:56] running_proc: 6056 /data1/gushengda/anaconda3/envs/rlco1/bin/python3.11 -u PTP/ptp_discovery/run_pref_loss_coevo.py --config PTP/configs/experiment/pref_loss_coevo/alternating_simple.yaml --resume-latest
[2026-03-06 04:40:07] resume_check reason=periodic_online_retry
[2026-03-06 04:40:08] resume_check_noop: pref_loss_process_already_running
[2026-03-06 04:40:08] running_proc: 6054 bash -lc cd /data1/gushengda/eam-rl4co && mkdir -p logs && export PYTHONPATH=/data1/gushengda/eam-rl4co:'/data1/gushengda/eam-rl4co\PTP':${PYTHONPATH:-} && export LOG_TZ=Asia/Shanghai && export LOG_LEVEL=INFO && nohup /data1/gushengda/anaconda3/envs/rlco1/bin/python3.11 -u PTP/ptp_discovery/run_pref_loss_coevo.py --config PTP/configs/experiment/pref_loss_coevo/alternating_simple.yaml --resume-latest > logs/auto_resume_pref_loss_20260306-031312.out 2>&1 < /dev/null & echo $!
[2026-03-06 04:40:08] running_proc: 6056 /data1/gushengda/anaconda3/envs/rlco1/bin/python3.11 -u PTP/ptp_discovery/run_pref_loss_coevo.py --config PTP/configs/experiment/pref_loss_coevo/alternating_simple.yaml --resume-latest
[2026-03-06 04:42:20] resume_check reason=periodic_online_retry
[2026-03-06 04:42:21] resume_check_noop: pref_loss_process_already_running
[2026-03-06 04:42:21] running_proc: 6054 bash -lc cd /data1/gushengda/eam-rl4co && mkdir -p logs && export PYTHONPATH=/data1/gushengda/eam-rl4co:'/data1/gushengda/eam-rl4co\PTP':${PYTHONPATH:-} && export LOG_TZ=Asia/Shanghai && export LOG_LEVEL=INFO && nohup /data1/gushengda/anaconda3/envs/rlco1/bin/python3.11 -u PTP/ptp_discovery/run_pref_loss_coevo.py --config PTP/configs/experiment/pref_loss_coevo/alternating_simple.yaml --resume-latest > logs/auto_resume_pref_loss_20260306-031312.out 2>&1 < /dev/null & echo $!
[2026-03-06 04:42:21] running_proc: 6056 /data1/gushengda/anaconda3/envs/rlco1/bin/python3.11 -u PTP/ptp_discovery/run_pref_loss_coevo.py --config PTP/configs/experiment/pref_loss_coevo/alternating_simple.yaml --resume-latest
[2026-03-06 04:44:23] resume_check reason=periodic_online_retry
[2026-03-06 04:44:25] resume_check_noop: pref_loss_process_already_running
[2026-03-06 04:44:25] running_proc: 6054 bash -lc cd /data1/gushengda/eam-rl4co && mkdir -p logs && export PYTHONPATH=/data1/gushengda/eam-rl4co:'/data1/gushengda/eam-rl4co\PTP':${PYTHONPATH:-} && export LOG_TZ=Asia/Shanghai && export LOG_LEVEL=INFO && nohup /data1/gushengda/anaconda3/envs/rlco1/bin/python3.11 -u PTP/ptp_discovery/run_pref_loss_coevo.py --config PTP/configs/experiment/pref_loss_coevo/alternating_simple.yaml --resume-latest > logs/auto_resume_pref_loss_20260306-031312.out 2>&1 < /dev/null & echo $!
[2026-03-06 04:44:25] running_proc: 6056 /data1/gushengda/anaconda3/envs/rlco1/bin/python3.11 -u PTP/ptp_discovery/run_pref_loss_coevo.py --config PTP/configs/experiment/pref_loss_coevo/alternating_simple.yaml --resume-latest
[2026-03-06 04:46:29] resume_check reason=periodic_online_retry
[2026-03-06 04:46:31] resume_check_noop: pref_loss_process_already_running
[2026-03-06 04:46:31] running_proc: 6054 bash -lc cd /data1/gushengda/eam-rl4co && mkdir -p logs && export PYTHONPATH=/data1/gushengda/eam-rl4co:'/data1/gushengda/eam-rl4co\PTP':${PYTHONPATH:-} && export LOG_TZ=Asia/Shanghai && export LOG_LEVEL=INFO && nohup /data1/gushengda/anaconda3/envs/rlco1/bin/python3.11 -u PTP/ptp_discovery/run_pref_loss_coevo.py --config PTP/configs/experiment/pref_loss_coevo/alternating_simple.yaml --resume-latest > logs/auto_resume_pref_loss_20260306-031312.out 2>&1 < /dev/null & echo $!
[2026-03-06 04:46:31] running_proc: 6056 /data1/gushengda/anaconda3/envs/rlco1/bin/python3.11 -u PTP/ptp_discovery/run_pref_loss_coevo.py --config PTP/configs/experiment/pref_loss_coevo/alternating_simple.yaml --resume-latest
[2026-03-06 04:48:31] resume_check reason=periodic_online_retry
[2026-03-06 04:48:33] resume_check_noop: pref_loss_process_already_running
[2026-03-06 04:48:33] running_proc: 6054 bash -lc cd /data1/gushengda/eam-rl4co && mkdir -p logs && export PYTHONPATH=/data1/gushengda/eam-rl4co:'/data1/gushengda/eam-rl4co\PTP':${PYTHONPATH:-} && export LOG_TZ=Asia/Shanghai && export LOG_LEVEL=INFO && nohup /data1/gushengda/anaconda3/envs/rlco1/bin/python3.11 -u PTP/ptp_discovery/run_pref_loss_coevo.py --config PTP/configs/experiment/pref_loss_coevo/alternating_simple.yaml --resume-latest > logs/auto_resume_pref_loss_20260306-031312.out 2>&1 < /dev/null & echo $!
[2026-03-06 04:48:33] running_proc: 6056 /data1/gushengda/anaconda3/envs/rlco1/bin/python3.11 -u PTP/ptp_discovery/run_pref_loss_coevo.py --config PTP/configs/experiment/pref_loss_coevo/alternating_simple.yaml --resume-latest
[2026-03-06 04:50:35] resume_check reason=periodic_online_retry
[2026-03-06 04:50:37] resume_check_noop: pref_loss_process_already_running
[2026-03-06 04:50:37] running_proc: 6054 bash -lc cd /data1/gushengda/eam-rl4co && mkdir -p logs && export PYTHONPATH=/data1/gushengda/eam-rl4co:'/data1/gushengda/eam-rl4co\PTP':${PYTHONPATH:-} && export LOG_TZ=Asia/Shanghai && export LOG_LEVEL=INFO && nohup /data1/gushengda/anaconda3/envs/rlco1/bin/python3.11 -u PTP/ptp_discovery/run_pref_loss_coevo.py --config PTP/configs/experiment/pref_loss_coevo/alternating_simple.yaml --resume-latest > logs/auto_resume_pref_loss_20260306-031312.out 2>&1 < /dev/null & echo $!
[2026-03-06 04:50:37] running_proc: 6056 /data1/gushengda/anaconda3/envs/rlco1/bin/python3.11 -u PTP/ptp_discovery/run_pref_loss_coevo.py --config PTP/configs/experiment/pref_loss_coevo/alternating_simple.yaml --resume-latest
[2026-03-06 04:52:39] resume_check reason=periodic_online_retry
[2026-03-06 04:52:43] resume_check_noop: pref_loss_process_already_running
[2026-03-06 04:52:43] running_proc: 6054 bash -lc cd /data1/gushengda/eam-rl4co && mkdir -p logs && export PYTHONPATH=/data1/gushengda/eam-rl4co:'/data1/gushengda/eam-rl4co\PTP':${PYTHONPATH:-} && export LOG_TZ=Asia/Shanghai && export LOG_LEVEL=INFO && nohup /data1/gushengda/anaconda3/envs/rlco1/bin/python3.11 -u PTP/ptp_discovery/run_pref_loss_coevo.py --config PTP/configs/experiment/pref_loss_coevo/alternating_simple.yaml --resume-latest > logs/auto_resume_pref_loss_20260306-031312.out 2>&1 < /dev/null & echo $!
[2026-03-06 04:52:43] running_proc: 6056 /data1/gushengda/anaconda3/envs/rlco1/bin/python3.11 -u PTP/ptp_discovery/run_pref_loss_coevo.py --config PTP/configs/experiment/pref_loss_coevo/alternating_simple.yaml --resume-latest
[2026-03-06 04:54:47] resume_check reason=periodic_online_retry
[2026-03-06 04:54:49] resume_check_noop: pref_loss_process_already_running
[2026-03-06 04:54:49] running_proc: 6054 bash -lc cd /data1/gushengda/eam-rl4co && mkdir -p logs && export PYTHONPATH=/data1/gushengda/eam-rl4co:'/data1/gushengda/eam-rl4co\PTP':${PYTHONPATH:-} && export LOG_TZ=Asia/Shanghai && export LOG_LEVEL=INFO && nohup /data1/gushengda/anaconda3/envs/rlco1/bin/python3.11 -u PTP/ptp_discovery/run_pref_loss_coevo.py --config PTP/configs/experiment/pref_loss_coevo/alternating_simple.yaml --resume-latest > logs/auto_resume_pref_loss_20260306-031312.out 2>&1 < /dev/null & echo $!
[2026-03-06 04:54:49] running_proc: 6056 /data1/gushengda/anaconda3/envs/rlco1/bin/python3.11 -u PTP/ptp_discovery/run_pref_loss_coevo.py --config PTP/configs/experiment/pref_loss_coevo/alternating_simple.yaml --resume-latest
[2026-03-06 04:56:48] resume_check reason=periodic_online_retry
[2026-03-06 04:56:50] resume_check_noop: pref_loss_process_already_running
[2026-03-06 04:56:50] running_proc: 6054 bash -lc cd /data1/gushengda/eam-rl4co && mkdir -p logs && export PYTHONPATH=/data1/gushengda/eam-rl4co:'/data1/gushengda/eam-rl4co\PTP':${PYTHONPATH:-} && export LOG_TZ=Asia/Shanghai && export LOG_LEVEL=INFO && nohup /data1/gushengda/anaconda3/envs/rlco1/bin/python3.11 -u PTP/ptp_discovery/run_pref_loss_coevo.py --config PTP/configs/experiment/pref_loss_coevo/alternating_simple.yaml --resume-latest > logs/auto_resume_pref_loss_20260306-031312.out 2>&1 < /dev/null & echo $!
[2026-03-06 04:56:50] running_proc: 6056 /data1/gushengda/anaconda3/envs/rlco1/bin/python3.11 -u PTP/ptp_discovery/run_pref_loss_coevo.py --config PTP/configs/experiment/pref_loss_coevo/alternating_simple.yaml --resume-latest
[2026-03-06 04:58:56] resume_check reason=periodic_online_retry
[2026-03-06 04:58:58] resume_check_noop: pref_loss_process_already_running
[2026-03-06 04:58:58] running_proc: 6054 bash -lc cd /data1/gushengda/eam-rl4co && mkdir -p logs && export PYTHONPATH=/data1/gushengda/eam-rl4co:'/data1/gushengda/eam-rl4co\PTP':${PYTHONPATH:-} && export LOG_TZ=Asia/Shanghai && export LOG_LEVEL=INFO && nohup /data1/gushengda/anaconda3/envs/rlco1/bin/python3.11 -u PTP/ptp_discovery/run_pref_loss_coevo.py --config PTP/configs/experiment/pref_loss_coevo/alternating_simple.yaml --resume-latest > logs/auto_resume_pref_loss_20260306-031312.out 2>&1 < /dev/null & echo $!
[2026-03-06 04:58:58] running_proc: 6056 /data1/gushengda/anaconda3/envs/rlco1/bin/python3.11 -u PTP/ptp_discovery/run_pref_loss_coevo.py --config PTP/configs/experiment/pref_loss_coevo/alternating_simple.yaml --resume-latest
[2026-03-06 05:00:57] resume_check reason=periodic_online_retry
[2026-03-06 05:00:59] resume_check_noop: pref_loss_process_already_running
[2026-03-06 05:00:59] running_proc: 6054 bash -lc cd /data1/gushengda/eam-rl4co && mkdir -p logs && export PYTHONPATH=/data1/gushengda/eam-rl4co:'/data1/gushengda/eam-rl4co\PTP':${PYTHONPATH:-} && export LOG_TZ=Asia/Shanghai && export LOG_LEVEL=INFO && nohup /data1/gushengda/anaconda3/envs/rlco1/bin/python3.11 -u PTP/ptp_discovery/run_pref_loss_coevo.py --config PTP/configs/experiment/pref_loss_coevo/alternating_simple.yaml --resume-latest > logs/auto_resume_pref_loss_20260306-031312.out 2>&1 < /dev/null & echo $!
[2026-03-06 05:00:59] running_proc: 6056 /data1/gushengda/anaconda3/envs/rlco1/bin/python3.11 -u PTP/ptp_discovery/run_pref_loss_coevo.py --config PTP/configs/experiment/pref_loss_coevo/alternating_simple.yaml --resume-latest
[2026-03-06 05:03:07] resume_check reason=periodic_online_retry
[2026-03-06 05:03:08] resume_check_noop: pref_loss_process_already_running
[2026-03-06 05:03:08] running_proc: 6054 bash -lc cd /data1/gushengda/eam-rl4co && mkdir -p logs && export PYTHONPATH=/data1/gushengda/eam-rl4co:'/data1/gushengda/eam-rl4co\PTP':${PYTHONPATH:-} && export LOG_TZ=Asia/Shanghai && export LOG_LEVEL=INFO && nohup /data1/gushengda/anaconda3/envs/rlco1/bin/python3.11 -u PTP/ptp_discovery/run_pref_loss_coevo.py --config PTP/configs/experiment/pref_loss_coevo/alternating_simple.yaml --resume-latest > logs/auto_resume_pref_loss_20260306-031312.out 2>&1 < /dev/null & echo $!
[2026-03-06 05:03:08] running_proc: 6056 /data1/gushengda/anaconda3/envs/rlco1/bin/python3.11 -u PTP/ptp_discovery/run_pref_loss_coevo.py --config PTP/configs/experiment/pref_loss_coevo/alternating_simple.yaml --resume-latest
[2026-03-06 05:05:16] resume_check reason=periodic_online_retry
[2026-03-06 05:05:18] resume_check_noop: pref_loss_process_already_running
[2026-03-06 05:05:18] running_proc: 6054 bash -lc cd /data1/gushengda/eam-rl4co && mkdir -p logs && export PYTHONPATH=/data1/gushengda/eam-rl4co:'/data1/gushengda/eam-rl4co\PTP':${PYTHONPATH:-} && export LOG_TZ=Asia/Shanghai && export LOG_LEVEL=INFO && nohup /data1/gushengda/anaconda3/envs/rlco1/bin/python3.11 -u PTP/ptp_discovery/run_pref_loss_coevo.py --config PTP/configs/experiment/pref_loss_coevo/alternating_simple.yaml --resume-latest > logs/auto_resume_pref_loss_20260306-031312.out 2>&1 < /dev/null & echo $!
[2026-03-06 05:05:18] running_proc: 6056 /data1/gushengda/anaconda3/envs/rlco1/bin/python3.11 -u PTP/ptp_discovery/run_pref_loss_coevo.py --config PTP/configs/experiment/pref_loss_coevo/alternating_simple.yaml --resume-latest
[2026-03-06 05:07:33] resume_check reason=periodic_online_retry
[2026-03-06 05:07:35] resume_check_noop: pref_loss_process_already_running
[2026-03-06 05:07:35] running_proc: 6054 bash -lc cd /data1/gushengda/eam-rl4co && mkdir -p logs && export PYTHONPATH=/data1/gushengda/eam-rl4co:'/data1/gushengda/eam-rl4co\PTP':${PYTHONPATH:-} && export LOG_TZ=Asia/Shanghai && export LOG_LEVEL=INFO && nohup /data1/gushengda/anaconda3/envs/rlco1/bin/python3.11 -u PTP/ptp_discovery/run_pref_loss_coevo.py --config PTP/configs/experiment/pref_loss_coevo/alternating_simple.yaml --resume-latest > logs/auto_resume_pref_loss_20260306-031312.out 2>&1 < /dev/null & echo $!
[2026-03-06 05:07:35] running_proc: 6056 /data1/gushengda/anaconda3/envs/rlco1/bin/python3.11 -u PTP/ptp_discovery/run_pref_loss_coevo.py --config PTP/configs/experiment/pref_loss_coevo/alternating_simple.yaml --resume-latest
[2026-03-06 05:09:34] resume_check reason=periodic_online_retry
[2026-03-06 05:09:39] resume_check_noop: pref_loss_process_already_running
[2026-03-06 05:09:39] running_proc: 6054 bash -lc cd /data1/gushengda/eam-rl4co && mkdir -p logs && export PYTHONPATH=/data1/gushengda/eam-rl4co:'/data1/gushengda/eam-rl4co\PTP':${PYTHONPATH:-} && export LOG_TZ=Asia/Shanghai && export LOG_LEVEL=INFO && nohup /data1/gushengda/anaconda3/envs/rlco1/bin/python3.11 -u PTP/ptp_discovery/run_pref_loss_coevo.py --config PTP/configs/experiment/pref_loss_coevo/alternating_simple.yaml --resume-latest > logs/auto_resume_pref_loss_20260306-031312.out 2>&1 < /dev/null & echo $!
[2026-03-06 05:09:39] running_proc: 6056 /data1/gushengda/anaconda3/envs/rlco1/bin/python3.11 -u PTP/ptp_discovery/run_pref_loss_coevo.py --config PTP/configs/experiment/pref_loss_coevo/alternating_simple.yaml --resume-latest
[2026-03-06 05:11:43] resume_check reason=periodic_online_retry
[2026-03-06 05:11:45] resume_check_noop: pref_loss_process_already_running
[2026-03-06 05:11:45] running_proc: 6054 bash -lc cd /data1/gushengda/eam-rl4co && mkdir -p logs && export PYTHONPATH=/data1/gushengda/eam-rl4co:'/data1/gushengda/eam-rl4co\PTP':${PYTHONPATH:-} && export LOG_TZ=Asia/Shanghai && export LOG_LEVEL=INFO && nohup /data1/gushengda/anaconda3/envs/rlco1/bin/python3.11 -u PTP/ptp_discovery/run_pref_loss_coevo.py --config PTP/configs/experiment/pref_loss_coevo/alternating_simple.yaml --resume-latest > logs/auto_resume_pref_loss_20260306-031312.out 2>&1 < /dev/null & echo $!
[2026-03-06 05:11:45] running_proc: 6056 /data1/gushengda/anaconda3/envs/rlco1/bin/python3.11 -u PTP/ptp_discovery/run_pref_loss_coevo.py --config PTP/configs/experiment/pref_loss_coevo/alternating_simple.yaml --resume-latest
[2026-03-06 05:13:56] resume_check reason=periodic_online_retry
[2026-03-06 05:13:58] resume_check_noop: pref_loss_process_already_running
[2026-03-06 05:13:58] running_proc: 6054 bash -lc cd /data1/gushengda/eam-rl4co && mkdir -p logs && export PYTHONPATH=/data1/gushengda/eam-rl4co:'/data1/gushengda/eam-rl4co\PTP':${PYTHONPATH:-} && export LOG_TZ=Asia/Shanghai && export LOG_LEVEL=INFO && nohup /data1/gushengda/anaconda3/envs/rlco1/bin/python3.11 -u PTP/ptp_discovery/run_pref_loss_coevo.py --config PTP/configs/experiment/pref_loss_coevo/alternating_simple.yaml --resume-latest > logs/auto_resume_pref_loss_20260306-031312.out 2>&1 < /dev/null & echo $!
[2026-03-06 05:13:58] running_proc: 6056 /data1/gushengda/anaconda3/envs/rlco1/bin/python3.11 -u PTP/ptp_discovery/run_pref_loss_coevo.py --config PTP/configs/experiment/pref_loss_coevo/alternating_simple.yaml --resume-latest
[2026-03-06 05:16:01] resume_check reason=periodic_online_retry
[2026-03-06 05:16:04] resume_check_noop: pref_loss_process_already_running
[2026-03-06 05:16:04] running_proc: 6054 bash -lc cd /data1/gushengda/eam-rl4co && mkdir -p logs && export PYTHONPATH=/data1/gushengda/eam-rl4co:'/data1/gushengda/eam-rl4co\PTP':${PYTHONPATH:-} && export LOG_TZ=Asia/Shanghai && export LOG_LEVEL=INFO && nohup /data1/gushengda/anaconda3/envs/rlco1/bin/python3.11 -u PTP/ptp_discovery/run_pref_loss_coevo.py --config PTP/configs/experiment/pref_loss_coevo/alternating_simple.yaml --resume-latest > logs/auto_resume_pref_loss_20260306-031312.out 2>&1 < /dev/null & echo $!
[2026-03-06 05:16:04] running_proc: 6056 /data1/gushengda/anaconda3/envs/rlco1/bin/python3.11 -u PTP/ptp_discovery/run_pref_loss_coevo.py --config PTP/configs/experiment/pref_loss_coevo/alternating_simple.yaml --resume-latest
[2026-03-06 05:18:12] resume_check reason=periodic_online_retry
[2026-03-06 05:18:15] resume_check_noop: pref_loss_process_already_running
[2026-03-06 05:18:15] running_proc: 6054 bash -lc cd /data1/gushengda/eam-rl4co && mkdir -p logs && export PYTHONPATH=/data1/gushengda/eam-rl4co:'/data1/gushengda/eam-rl4co\PTP':${PYTHONPATH:-} && export LOG_TZ=Asia/Shanghai && export LOG_LEVEL=INFO && nohup /data1/gushengda/anaconda3/envs/rlco1/bin/python3.11 -u PTP/ptp_discovery/run_pref_loss_coevo.py --config PTP/configs/experiment/pref_loss_coevo/alternating_simple.yaml --resume-latest > logs/auto_resume_pref_loss_20260306-031312.out 2>&1 < /dev/null & echo $!
[2026-03-06 05:18:15] running_proc: 6056 /data1/gushengda/anaconda3/envs/rlco1/bin/python3.11 -u PTP/ptp_discovery/run_pref_loss_coevo.py --config PTP/configs/experiment/pref_loss_coevo/alternating_simple.yaml --resume-latest
[2026-03-06 05:20:14] resume_check reason=periodic_online_retry
[2026-03-06 05:20:16] resume_check_noop: pref_loss_process_already_running
[2026-03-06 05:20:16] running_proc: 6054 bash -lc cd /data1/gushengda/eam-rl4co && mkdir -p logs && export PYTHONPATH=/data1/gushengda/eam-rl4co:'/data1/gushengda/eam-rl4co\PTP':${PYTHONPATH:-} && export LOG_TZ=Asia/Shanghai && export LOG_LEVEL=INFO && nohup /data1/gushengda/anaconda3/envs/rlco1/bin/python3.11 -u PTP/ptp_discovery/run_pref_loss_coevo.py --config PTP/configs/experiment/pref_loss_coevo/alternating_simple.yaml --resume-latest > logs/auto_resume_pref_loss_20260306-031312.out 2>&1 < /dev/null & echo $!
[2026-03-06 05:20:16] running_proc: 6056 /data1/gushengda/anaconda3/envs/rlco1/bin/python3.11 -u PTP/ptp_discovery/run_pref_loss_coevo.py --config PTP/configs/experiment/pref_loss_coevo/alternating_simple.yaml --resume-latest
[2026-03-06 05:22:28] resume_check reason=periodic_online_retry
[2026-03-06 05:22:29] resume_check_noop: pref_loss_process_already_running
[2026-03-06 05:22:29] running_proc: 6054 bash -lc cd /data1/gushengda/eam-rl4co && mkdir -p logs && export PYTHONPATH=/data1/gushengda/eam-rl4co:'/data1/gushengda/eam-rl4co\PTP':${PYTHONPATH:-} && export LOG_TZ=Asia/Shanghai && export LOG_LEVEL=INFO && nohup /data1/gushengda/anaconda3/envs/rlco1/bin/python3.11 -u PTP/ptp_discovery/run_pref_loss_coevo.py --config PTP/configs/experiment/pref_loss_coevo/alternating_simple.yaml --resume-latest > logs/auto_resume_pref_loss_20260306-031312.out 2>&1 < /dev/null & echo $!
[2026-03-06 05:22:29] running_proc: 6056 /data1/gushengda/anaconda3/envs/rlco1/bin/python3.11 -u PTP/ptp_discovery/run_pref_loss_coevo.py --config PTP/configs/experiment/pref_loss_coevo/alternating_simple.yaml --resume-latest
[2026-03-06 05:24:29] resume_check reason=periodic_online_retry
[2026-03-06 05:24:31] resume_check_noop: pref_loss_process_already_running
[2026-03-06 05:24:31] running_proc: 6054 bash -lc cd /data1/gushengda/eam-rl4co && mkdir -p logs && export PYTHONPATH=/data1/gushengda/eam-rl4co:'/data1/gushengda/eam-rl4co\PTP':${PYTHONPATH:-} && export LOG_TZ=Asia/Shanghai && export LOG_LEVEL=INFO && nohup /data1/gushengda/anaconda3/envs/rlco1/bin/python3.11 -u PTP/ptp_discovery/run_pref_loss_coevo.py --config PTP/configs/experiment/pref_loss_coevo/alternating_simple.yaml --resume-latest > logs/auto_resume_pref_loss_20260306-031312.out 2>&1 < /dev/null & echo $!
[2026-03-06 05:24:31] running_proc: 6056 /data1/gushengda/anaconda3/envs/rlco1/bin/python3.11 -u PTP/ptp_discovery/run_pref_loss_coevo.py --config PTP/configs/experiment/pref_loss_coevo/alternating_simple.yaml --resume-latest
[2026-03-06 05:26:41] resume_check reason=periodic_online_retry
[2026-03-06 05:26:42] resume_check_noop: pref_loss_process_already_running
[2026-03-06 05:26:42] running_proc: 6054 bash -lc cd /data1/gushengda/eam-rl4co && mkdir -p logs && export PYTHONPATH=/data1/gushengda/eam-rl4co:'/data1/gushengda/eam-rl4co\PTP':${PYTHONPATH:-} && export LOG_TZ=Asia/Shanghai && export LOG_LEVEL=INFO && nohup /data1/gushengda/anaconda3/envs/rlco1/bin/python3.11 -u PTP/ptp_discovery/run_pref_loss_coevo.py --config PTP/configs/experiment/pref_loss_coevo/alternating_simple.yaml --resume-latest > logs/auto_resume_pref_loss_20260306-031312.out 2>&1 < /dev/null & echo $!
[2026-03-06 05:26:42] running_proc: 6056 /data1/gushengda/anaconda3/envs/rlco1/bin/python3.11 -u PTP/ptp_discovery/run_pref_loss_coevo.py --config PTP/configs/experiment/pref_loss_coevo/alternating_simple.yaml --resume-latest
[2026-03-06 05:28:55] resume_check reason=periodic_online_retry
[2026-03-06 05:28:56] resume_check_noop: pref_loss_process_already_running
[2026-03-06 05:28:56] running_proc: 6054 bash -lc cd /data1/gushengda/eam-rl4co && mkdir -p logs && export PYTHONPATH=/data1/gushengda/eam-rl4co:'/data1/gushengda/eam-rl4co\PTP':${PYTHONPATH:-} && export LOG_TZ=Asia/Shanghai && export LOG_LEVEL=INFO && nohup /data1/gushengda/anaconda3/envs/rlco1/bin/python3.11 -u PTP/ptp_discovery/run_pref_loss_coevo.py --config PTP/configs/experiment/pref_loss_coevo/alternating_simple.yaml --resume-latest > logs/auto_resume_pref_loss_20260306-031312.out 2>&1 < /dev/null & echo $!
[2026-03-06 05:28:56] running_proc: 6056 /data1/gushengda/anaconda3/envs/rlco1/bin/python3.11 -u PTP/ptp_discovery/run_pref_loss_coevo.py --config PTP/configs/experiment/pref_loss_coevo/alternating_simple.yaml --resume-latest
[2026-03-06 05:31:07] resume_check reason=periodic_online_retry
[2026-03-06 05:31:08] resume_check_noop: pref_loss_process_already_running
[2026-03-06 05:31:08] running_proc: 6054 bash -lc cd /data1/gushengda/eam-rl4co && mkdir -p logs && export PYTHONPATH=/data1/gushengda/eam-rl4co:'/data1/gushengda/eam-rl4co\PTP':${PYTHONPATH:-} && export LOG_TZ=Asia/Shanghai && export LOG_LEVEL=INFO && nohup /data1/gushengda/anaconda3/envs/rlco1/bin/python3.11 -u PTP/ptp_discovery/run_pref_loss_coevo.py --config PTP/configs/experiment/pref_loss_coevo/alternating_simple.yaml --resume-latest > logs/auto_resume_pref_loss_20260306-031312.out 2>&1 < /dev/null & echo $!
[2026-03-06 05:31:08] running_proc: 6056 /data1/gushengda/anaconda3/envs/rlco1/bin/python3.11 -u PTP/ptp_discovery/run_pref_loss_coevo.py --config PTP/configs/experiment/pref_loss_coevo/alternating_simple.yaml --resume-latest
[2026-03-06 05:33:20] resume_check reason=periodic_online_retry
[2026-03-06 05:33:25] resume_check_noop: pref_loss_process_already_running
[2026-03-06 05:33:25] running_proc: 6054 bash -lc cd /data1/gushengda/eam-rl4co && mkdir -p logs && export PYTHONPATH=/data1/gushengda/eam-rl4co:'/data1/gushengda/eam-rl4co\PTP':${PYTHONPATH:-} && export LOG_TZ=Asia/Shanghai && export LOG_LEVEL=INFO && nohup /data1/gushengda/anaconda3/envs/rlco1/bin/python3.11 -u PTP/ptp_discovery/run_pref_loss_coevo.py --config PTP/configs/experiment/pref_loss_coevo/alternating_simple.yaml --resume-latest > logs/auto_resume_pref_loss_20260306-031312.out 2>&1 < /dev/null & echo $!
[2026-03-06 05:33:25] running_proc: 6056 /data1/gushengda/anaconda3/envs/rlco1/bin/python3.11 -u PTP/ptp_discovery/run_pref_loss_coevo.py --config PTP/configs/experiment/pref_loss_coevo/alternating_simple.yaml --resume-latest
[2026-03-06 05:35:32] resume_check reason=periodic_online_retry
[2026-03-06 05:35:39] resume_check_noop: pref_loss_process_already_running
[2026-03-06 05:35:39] running_proc: 6054 bash -lc cd /data1/gushengda/eam-rl4co && mkdir -p logs && export PYTHONPATH=/data1/gushengda/eam-rl4co:'/data1/gushengda/eam-rl4co\PTP':${PYTHONPATH:-} && export LOG_TZ=Asia/Shanghai && export LOG_LEVEL=INFO && nohup /data1/gushengda/anaconda3/envs/rlco1/bin/python3.11 -u PTP/ptp_discovery/run_pref_loss_coevo.py --config PTP/configs/experiment/pref_loss_coevo/alternating_simple.yaml --resume-latest > logs/auto_resume_pref_loss_20260306-031312.out 2>&1 < /dev/null & echo $!
[2026-03-06 05:35:39] running_proc: 6056 /data1/gushengda/anaconda3/envs/rlco1/bin/python3.11 -u PTP/ptp_discovery/run_pref_loss_coevo.py --config PTP/configs/experiment/pref_loss_coevo/alternating_simple.yaml --resume-latest
[2026-03-06 05:37:46] resume_check reason=periodic_online_retry
[2026-03-06 05:37:47] resume_check_noop: pref_loss_process_already_running
[2026-03-06 05:37:47] running_proc: 6054 bash -lc cd /data1/gushengda/eam-rl4co && mkdir -p logs && export PYTHONPATH=/data1/gushengda/eam-rl4co:'/data1/gushengda/eam-rl4co\PTP':${PYTHONPATH:-} && export LOG_TZ=Asia/Shanghai && export LOG_LEVEL=INFO && nohup /data1/gushengda/anaconda3/envs/rlco1/bin/python3.11 -u PTP/ptp_discovery/run_pref_loss_coevo.py --config PTP/configs/experiment/pref_loss_coevo/alternating_simple.yaml --resume-latest > logs/auto_resume_pref_loss_20260306-031312.out 2>&1 < /dev/null & echo $!
[2026-03-06 05:37:47] running_proc: 6056 /data1/gushengda/anaconda3/envs/rlco1/bin/python3.11 -u PTP/ptp_discovery/run_pref_loss_coevo.py --config PTP/configs/experiment/pref_loss_coevo/alternating_simple.yaml --resume-latest
[2026-03-06 05:40:03] resume_check reason=periodic_online_retry
[2026-03-06 05:40:05] resume_check_noop: pref_loss_process_already_running
[2026-03-06 05:40:05] running_proc: 6054 bash -lc cd /data1/gushengda/eam-rl4co && mkdir -p logs && export PYTHONPATH=/data1/gushengda/eam-rl4co:'/data1/gushengda/eam-rl4co\PTP':${PYTHONPATH:-} && export LOG_TZ=Asia/Shanghai && export LOG_LEVEL=INFO && nohup /data1/gushengda/anaconda3/envs/rlco1/bin/python3.11 -u PTP/ptp_discovery/run_pref_loss_coevo.py --config PTP/configs/experiment/pref_loss_coevo/alternating_simple.yaml --resume-latest > logs/auto_resume_pref_loss_20260306-031312.out 2>&1 < /dev/null & echo $!
[2026-03-06 05:40:05] running_proc: 6056 /data1/gushengda/anaconda3/envs/rlco1/bin/python3.11 -u PTP/ptp_discovery/run_pref_loss_coevo.py --config PTP/configs/experiment/pref_loss_coevo/alternating_simple.yaml --resume-latest
[2026-03-06 05:42:10] resume_check reason=periodic_online_retry
[2026-03-06 05:42:11] resume_check_noop: pref_loss_process_already_running
[2026-03-06 05:42:11] running_proc: 6054 bash -lc cd /data1/gushengda/eam-rl4co && mkdir -p logs && export PYTHONPATH=/data1/gushengda/eam-rl4co:'/data1/gushengda/eam-rl4co\PTP':${PYTHONPATH:-} && export LOG_TZ=Asia/Shanghai && export LOG_LEVEL=INFO && nohup /data1/gushengda/anaconda3/envs/rlco1/bin/python3.11 -u PTP/ptp_discovery/run_pref_loss_coevo.py --config PTP/configs/experiment/pref_loss_coevo/alternating_simple.yaml --resume-latest > logs/auto_resume_pref_loss_20260306-031312.out 2>&1 < /dev/null & echo $!
[2026-03-06 05:42:11] running_proc: 6056 /data1/gushengda/anaconda3/envs/rlco1/bin/python3.11 -u PTP/ptp_discovery/run_pref_loss_coevo.py --config PTP/configs/experiment/pref_loss_coevo/alternating_simple.yaml --resume-latest
[2026-03-06 05:44:10] resume_check reason=periodic_online_retry
[2026-03-06 05:44:12] resume_check_noop: pref_loss_process_already_running
[2026-03-06 05:44:12] running_proc: 6054 bash -lc cd /data1/gushengda/eam-rl4co && mkdir -p logs && export PYTHONPATH=/data1/gushengda/eam-rl4co:'/data1/gushengda/eam-rl4co\PTP':${PYTHONPATH:-} && export LOG_TZ=Asia/Shanghai && export LOG_LEVEL=INFO && nohup /data1/gushengda/anaconda3/envs/rlco1/bin/python3.11 -u PTP/ptp_discovery/run_pref_loss_coevo.py --config PTP/configs/experiment/pref_loss_coevo/alternating_simple.yaml --resume-latest > logs/auto_resume_pref_loss_20260306-031312.out 2>&1 < /dev/null & echo $!
[2026-03-06 05:44:12] running_proc: 6056 /data1/gushengda/anaconda3/envs/rlco1/bin/python3.11 -u PTP/ptp_discovery/run_pref_loss_coevo.py --config PTP/configs/experiment/pref_loss_coevo/alternating_simple.yaml --resume-latest
[2026-03-06 05:46:15] resume_check reason=periodic_online_retry
[2026-03-06 05:46:16] resume_check_noop: pref_loss_process_already_running
[2026-03-06 05:46:16] running_proc: 6054 bash -lc cd /data1/gushengda/eam-rl4co && mkdir -p logs && export PYTHONPATH=/data1/gushengda/eam-rl4co:'/data1/gushengda/eam-rl4co\PTP':${PYTHONPATH:-} && export LOG_TZ=Asia/Shanghai && export LOG_LEVEL=INFO && nohup /data1/gushengda/anaconda3/envs/rlco1/bin/python3.11 -u PTP/ptp_discovery/run_pref_loss_coevo.py --config PTP/configs/experiment/pref_loss_coevo/alternating_simple.yaml --resume-latest > logs/auto_resume_pref_loss_20260306-031312.out 2>&1 < /dev/null & echo $!
[2026-03-06 05:46:16] running_proc: 6056 /data1/gushengda/anaconda3/envs/rlco1/bin/python3.11 -u PTP/ptp_discovery/run_pref_loss_coevo.py --config PTP/configs/experiment/pref_loss_coevo/alternating_simple.yaml --resume-latest
[2026-03-06 05:48:34] resume_check reason=periodic_online_retry
[2026-03-06 05:48:36] resume_check_noop: pref_loss_process_already_running
[2026-03-06 05:48:36] running_proc: 6054 bash -lc cd /data1/gushengda/eam-rl4co && mkdir -p logs && export PYTHONPATH=/data1/gushengda/eam-rl4co:'/data1/gushengda/eam-rl4co\PTP':${PYTHONPATH:-} && export LOG_TZ=Asia/Shanghai && export LOG_LEVEL=INFO && nohup /data1/gushengda/anaconda3/envs/rlco1/bin/python3.11 -u PTP/ptp_discovery/run_pref_loss_coevo.py --config PTP/configs/experiment/pref_loss_coevo/alternating_simple.yaml --resume-latest > logs/auto_resume_pref_loss_20260306-031312.out 2>&1 < /dev/null & echo $!
[2026-03-06 05:48:36] running_proc: 6056 /data1/gushengda/anaconda3/envs/rlco1/bin/python3.11 -u PTP/ptp_discovery/run_pref_loss_coevo.py --config PTP/configs/experiment/pref_loss_coevo/alternating_simple.yaml --resume-latest
[2026-03-06 05:50:46] resume_check reason=periodic_online_retry
[2026-03-06 05:50:49] resume_check_noop: pref_loss_process_already_running
[2026-03-06 05:50:49] running_proc: 6054 bash -lc cd /data1/gushengda/eam-rl4co && mkdir -p logs && export PYTHONPATH=/data1/gushengda/eam-rl4co:'/data1/gushengda/eam-rl4co\PTP':${PYTHONPATH:-} && export LOG_TZ=Asia/Shanghai && export LOG_LEVEL=INFO && nohup /data1/gushengda/anaconda3/envs/rlco1/bin/python3.11 -u PTP/ptp_discovery/run_pref_loss_coevo.py --config PTP/configs/experiment/pref_loss_coevo/alternating_simple.yaml --resume-latest > logs/auto_resume_pref_loss_20260306-031312.out 2>&1 < /dev/null & echo $!
[2026-03-06 05:50:49] running_proc: 6056 /data1/gushengda/anaconda3/envs/rlco1/bin/python3.11 -u PTP/ptp_discovery/run_pref_loss_coevo.py --config PTP/configs/experiment/pref_loss_coevo/alternating_simple.yaml --resume-latest
[2026-03-06 05:53:03] resume_check reason=periodic_online_retry
[2026-03-06 05:53:05] resume_check_noop: pref_loss_process_already_running
[2026-03-06 05:53:05] running_proc: 6054 bash -lc cd /data1/gushengda/eam-rl4co && mkdir -p logs && export PYTHONPATH=/data1/gushengda/eam-rl4co:'/data1/gushengda/eam-rl4co\PTP':${PYTHONPATH:-} && export LOG_TZ=Asia/Shanghai && export LOG_LEVEL=INFO && nohup /data1/gushengda/anaconda3/envs/rlco1/bin/python3.11 -u PTP/ptp_discovery/run_pref_loss_coevo.py --config PTP/configs/experiment/pref_loss_coevo/alternating_simple.yaml --resume-latest > logs/auto_resume_pref_loss_20260306-031312.out 2>&1 < /dev/null & echo $!
[2026-03-06 05:53:05] running_proc: 6056 /data1/gushengda/anaconda3/envs/rlco1/bin/python3.11 -u PTP/ptp_discovery/run_pref_loss_coevo.py --config PTP/configs/experiment/pref_loss_coevo/alternating_simple.yaml --resume-latest
[2026-03-06 05:55:10] resume_check reason=periodic_online_retry
[2026-03-06 05:55:16] resume_check_noop: pref_loss_process_already_running
[2026-03-06 05:55:16] running_proc: 6054 bash -lc cd /data1/gushengda/eam-rl4co && mkdir -p logs && export PYTHONPATH=/data1/gushengda/eam-rl4co:'/data1/gushengda/eam-rl4co\PTP':${PYTHONPATH:-} && export LOG_TZ=Asia/Shanghai && export LOG_LEVEL=INFO && nohup /data1/gushengda/anaconda3/envs/rlco1/bin/python3.11 -u PTP/ptp_discovery/run_pref_loss_coevo.py --config PTP/configs/experiment/pref_loss_coevo/alternating_simple.yaml --resume-latest > logs/auto_resume_pref_loss_20260306-031312.out 2>&1 < /dev/null & echo $!
[2026-03-06 05:55:16] running_proc: 6056 /data1/gushengda/anaconda3/envs/rlco1/bin/python3.11 -u PTP/ptp_discovery/run_pref_loss_coevo.py --config PTP/configs/experiment/pref_loss_coevo/alternating_simple.yaml --resume-latest
[2026-03-06 05:57:27] resume_check reason=periodic_online_retry
[2026-03-06 05:57:28] resume_check_noop: pref_loss_process_already_running
[2026-03-06 05:57:28] running_proc: 6054 bash -lc cd /data1/gushengda/eam-rl4co && mkdir -p logs && export PYTHONPATH=/data1/gushengda/eam-rl4co:'/data1/gushengda/eam-rl4co\PTP':${PYTHONPATH:-} && export LOG_TZ=Asia/Shanghai && export LOG_LEVEL=INFO && nohup /data1/gushengda/anaconda3/envs/rlco1/bin/python3.11 -u PTP/ptp_discovery/run_pref_loss_coevo.py --config PTP/configs/experiment/pref_loss_coevo/alternating_simple.yaml --resume-latest > logs/auto_resume_pref_loss_20260306-031312.out 2>&1 < /dev/null & echo $!
[2026-03-06 05:57:28] running_proc: 6056 /data1/gushengda/anaconda3/envs/rlco1/bin/python3.11 -u PTP/ptp_discovery/run_pref_loss_coevo.py --config PTP/configs/experiment/pref_loss_coevo/alternating_simple.yaml --resume-latest
[2026-03-06 05:59:41] resume_check reason=periodic_online_retry
[2026-03-06 05:59:43] resume_check_noop: pref_loss_process_already_running
[2026-03-06 05:59:43] running_proc: 6054 bash -lc cd /data1/gushengda/eam-rl4co && mkdir -p logs && export PYTHONPATH=/data1/gushengda/eam-rl4co:'/data1/gushengda/eam-rl4co\PTP':${PYTHONPATH:-} && export LOG_TZ=Asia/Shanghai && export LOG_LEVEL=INFO && nohup /data1/gushengda/anaconda3/envs/rlco1/bin/python3.11 -u PTP/ptp_discovery/run_pref_loss_coevo.py --config PTP/configs/experiment/pref_loss_coevo/alternating_simple.yaml --resume-latest > logs/auto_resume_pref_loss_20260306-031312.out 2>&1 < /dev/null & echo $!
[2026-03-06 05:59:43] running_proc: 6056 /data1/gushengda/anaconda3/envs/rlco1/bin/python3.11 -u PTP/ptp_discovery/run_pref_loss_coevo.py --config PTP/configs/experiment/pref_loss_coevo/alternating_simple.yaml --resume-latest
[2026-03-06 06:01:48] resume_check reason=periodic_online_retry
[2026-03-06 06:01:51] resume_check_noop: pref_loss_process_already_running
[2026-03-06 06:01:51] running_proc: 6054 bash -lc cd /data1/gushengda/eam-rl4co && mkdir -p logs && export PYTHONPATH=/data1/gushengda/eam-rl4co:'/data1/gushengda/eam-rl4co\PTP':${PYTHONPATH:-} && export LOG_TZ=Asia/Shanghai && export LOG_LEVEL=INFO && nohup /data1/gushengda/anaconda3/envs/rlco1/bin/python3.11 -u PTP/ptp_discovery/run_pref_loss_coevo.py --config PTP/configs/experiment/pref_loss_coevo/alternating_simple.yaml --resume-latest > logs/auto_resume_pref_loss_20260306-031312.out 2>&1 < /dev/null & echo $!
[2026-03-06 06:01:51] running_proc: 6056 /data1/gushengda/anaconda3/envs/rlco1/bin/python3.11 -u PTP/ptp_discovery/run_pref_loss_coevo.py --config PTP/configs/experiment/pref_loss_coevo/alternating_simple.yaml --resume-latest
[2026-03-06 06:04:02] resume_check reason=periodic_online_retry
[2026-03-06 06:04:05] resume_check_noop: pref_loss_process_already_running
[2026-03-06 06:04:05] running_proc: 6054 bash -lc cd /data1/gushengda/eam-rl4co && mkdir -p logs && export PYTHONPATH=/data1/gushengda/eam-rl4co:'/data1/gushengda/eam-rl4co\PTP':${PYTHONPATH:-} && export LOG_TZ=Asia/Shanghai && export LOG_LEVEL=INFO && nohup /data1/gushengda/anaconda3/envs/rlco1/bin/python3.11 -u PTP/ptp_discovery/run_pref_loss_coevo.py --config PTP/configs/experiment/pref_loss_coevo/alternating_simple.yaml --resume-latest > logs/auto_resume_pref_loss_20260306-031312.out 2>&1 < /dev/null & echo $!
[2026-03-06 06:04:05] running_proc: 6056 /data1/gushengda/anaconda3/envs/rlco1/bin/python3.11 -u PTP/ptp_discovery/run_pref_loss_coevo.py --config PTP/configs/experiment/pref_loss_coevo/alternating_simple.yaml --resume-latest
[2026-03-06 06:06:14] resume_check reason=periodic_online_retry
[2026-03-06 06:06:16] resume_check_noop: pref_loss_process_already_running
[2026-03-06 06:06:16] running_proc: 6054 bash -lc cd /data1/gushengda/eam-rl4co && mkdir -p logs && export PYTHONPATH=/data1/gushengda/eam-rl4co:'/data1/gushengda/eam-rl4co\PTP':${PYTHONPATH:-} && export LOG_TZ=Asia/Shanghai && export LOG_LEVEL=INFO && nohup /data1/gushengda/anaconda3/envs/rlco1/bin/python3.11 -u PTP/ptp_discovery/run_pref_loss_coevo.py --config PTP/configs/experiment/pref_loss_coevo/alternating_simple.yaml --resume-latest > logs/auto_resume_pref_loss_20260306-031312.out 2>&1 < /dev/null & echo $!
[2026-03-06 06:06:16] running_proc: 6056 /data1/gushengda/anaconda3/envs/rlco1/bin/python3.11 -u PTP/ptp_discovery/run_pref_loss_coevo.py --config PTP/configs/experiment/pref_loss_coevo/alternating_simple.yaml --resume-latest
[2026-03-06 06:08:18] resume_check reason=periodic_online_retry
[2026-03-06 06:08:25] resume_check_noop: pref_loss_process_already_running
[2026-03-06 06:08:25] running_proc: 6054 bash -lc cd /data1/gushengda/eam-rl4co && mkdir -p logs && export PYTHONPATH=/data1/gushengda/eam-rl4co:'/data1/gushengda/eam-rl4co\PTP':${PYTHONPATH:-} && export LOG_TZ=Asia/Shanghai && export LOG_LEVEL=INFO && nohup /data1/gushengda/anaconda3/envs/rlco1/bin/python3.11 -u PTP/ptp_discovery/run_pref_loss_coevo.py --config PTP/configs/experiment/pref_loss_coevo/alternating_simple.yaml --resume-latest > logs/auto_resume_pref_loss_20260306-031312.out 2>&1 < /dev/null & echo $!
[2026-03-06 06:08:25] running_proc: 6056 /data1/gushengda/anaconda3/envs/rlco1/bin/python3.11 -u PTP/ptp_discovery/run_pref_loss_coevo.py --config PTP/configs/experiment/pref_loss_coevo/alternating_simple.yaml --resume-latest
[2026-03-06 06:10:27] resume_check reason=periodic_online_retry
[2026-03-06 06:10:29] resume_check_noop: pref_loss_process_already_running
[2026-03-06 06:10:29] running_proc: 6054 bash -lc cd /data1/gushengda/eam-rl4co && mkdir -p logs && export PYTHONPATH=/data1/gushengda/eam-rl4co:'/data1/gushengda/eam-rl4co\PTP':${PYTHONPATH:-} && export LOG_TZ=Asia/Shanghai && export LOG_LEVEL=INFO && nohup /data1/gushengda/anaconda3/envs/rlco1/bin/python3.11 -u PTP/ptp_discovery/run_pref_loss_coevo.py --config PTP/configs/experiment/pref_loss_coevo/alternating_simple.yaml --resume-latest > logs/auto_resume_pref_loss_20260306-031312.out 2>&1 < /dev/null & echo $!
[2026-03-06 06:10:29] running_proc: 6056 /data1/gushengda/anaconda3/envs/rlco1/bin/python3.11 -u PTP/ptp_discovery/run_pref_loss_coevo.py --config PTP/configs/experiment/pref_loss_coevo/alternating_simple.yaml --resume-latest
[2026-03-06 06:12:37] resume_check reason=periodic_online_retry
[2026-03-06 06:12:41] resume_check_noop: pref_loss_process_already_running
[2026-03-06 06:12:41] running_proc: 6054 bash -lc cd /data1/gushengda/eam-rl4co && mkdir -p logs && export PYTHONPATH=/data1/gushengda/eam-rl4co:'/data1/gushengda/eam-rl4co\PTP':${PYTHONPATH:-} && export LOG_TZ=Asia/Shanghai && export LOG_LEVEL=INFO && nohup /data1/gushengda/anaconda3/envs/rlco1/bin/python3.11 -u PTP/ptp_discovery/run_pref_loss_coevo.py --config PTP/configs/experiment/pref_loss_coevo/alternating_simple.yaml --resume-latest > logs/auto_resume_pref_loss_20260306-031312.out 2>&1 < /dev/null & echo $!
[2026-03-06 06:12:41] running_proc: 6056 /data1/gushengda/anaconda3/envs/rlco1/bin/python3.11 -u PTP/ptp_discovery/run_pref_loss_coevo.py --config PTP/configs/experiment/pref_loss_coevo/alternating_simple.yaml --resume-latest
[2026-03-06 06:14:56] resume_check reason=periodic_online_retry
[2026-03-06 06:14:57] resume_check_noop: pref_loss_process_already_running
[2026-03-06 06:14:57] running_proc: 6054 bash -lc cd /data1/gushengda/eam-rl4co && mkdir -p logs && export PYTHONPATH=/data1/gushengda/eam-rl4co:'/data1/gushengda/eam-rl4co\PTP':${PYTHONPATH:-} && export LOG_TZ=Asia/Shanghai && export LOG_LEVEL=INFO && nohup /data1/gushengda/anaconda3/envs/rlco1/bin/python3.11 -u PTP/ptp_discovery/run_pref_loss_coevo.py --config PTP/configs/experiment/pref_loss_coevo/alternating_simple.yaml --resume-latest > logs/auto_resume_pref_loss_20260306-031312.out 2>&1 < /dev/null & echo $!
[2026-03-06 06:14:57] running_proc: 6056 /data1/gushengda/anaconda3/envs/rlco1/bin/python3.11 -u PTP/ptp_discovery/run_pref_loss_coevo.py --config PTP/configs/experiment/pref_loss_coevo/alternating_simple.yaml --resume-latest
[2026-03-06 06:17:01] resume_check reason=periodic_online_retry
[2026-03-06 06:17:03] resume_check_noop: pref_loss_process_already_running
[2026-03-06 06:17:03] running_proc: 6054 bash -lc cd /data1/gushengda/eam-rl4co && mkdir -p logs && export PYTHONPATH=/data1/gushengda/eam-rl4co:'/data1/gushengda/eam-rl4co\PTP':${PYTHONPATH:-} && export LOG_TZ=Asia/Shanghai && export LOG_LEVEL=INFO && nohup /data1/gushengda/anaconda3/envs/rlco1/bin/python3.11 -u PTP/ptp_discovery/run_pref_loss_coevo.py --config PTP/configs/experiment/pref_loss_coevo/alternating_simple.yaml --resume-latest > logs/auto_resume_pref_loss_20260306-031312.out 2>&1 < /dev/null & echo $!
[2026-03-06 06:17:03] running_proc: 6056 /data1/gushengda/anaconda3/envs/rlco1/bin/python3.11 -u PTP/ptp_discovery/run_pref_loss_coevo.py --config PTP/configs/experiment/pref_loss_coevo/alternating_simple.yaml --resume-latest
[2026-03-06 06:19:11] resume_check reason=periodic_online_retry
[2026-03-06 06:19:12] resume_check_noop: pref_loss_process_already_running
[2026-03-06 06:19:12] running_proc: 6054 bash -lc cd /data1/gushengda/eam-rl4co && mkdir -p logs && export PYTHONPATH=/data1/gushengda/eam-rl4co:'/data1/gushengda/eam-rl4co\PTP':${PYTHONPATH:-} && export LOG_TZ=Asia/Shanghai && export LOG_LEVEL=INFO && nohup /data1/gushengda/anaconda3/envs/rlco1/bin/python3.11 -u PTP/ptp_discovery/run_pref_loss_coevo.py --config PTP/configs/experiment/pref_loss_coevo/alternating_simple.yaml --resume-latest > logs/auto_resume_pref_loss_20260306-031312.out 2>&1 < /dev/null & echo $!
[2026-03-06 06:19:12] running_proc: 6056 /data1/gushengda/anaconda3/envs/rlco1/bin/python3.11 -u PTP/ptp_discovery/run_pref_loss_coevo.py --config PTP/configs/experiment/pref_loss_coevo/alternating_simple.yaml --resume-latest
[2026-03-06 06:21:19] resume_check reason=periodic_online_retry
[2026-03-06 06:21:23] resume_check_noop: pref_loss_process_already_running
[2026-03-06 06:21:23] running_proc: 6054 bash -lc cd /data1/gushengda/eam-rl4co && mkdir -p logs && export PYTHONPATH=/data1/gushengda/eam-rl4co:'/data1/gushengda/eam-rl4co\PTP':${PYTHONPATH:-} && export LOG_TZ=Asia/Shanghai && export LOG_LEVEL=INFO && nohup /data1/gushengda/anaconda3/envs/rlco1/bin/python3.11 -u PTP/ptp_discovery/run_pref_loss_coevo.py --config PTP/configs/experiment/pref_loss_coevo/alternating_simple.yaml --resume-latest > logs/auto_resume_pref_loss_20260306-031312.out 2>&1 < /dev/null & echo $!
[2026-03-06 06:21:23] running_proc: 6056 /data1/gushengda/anaconda3/envs/rlco1/bin/python3.11 -u PTP/ptp_discovery/run_pref_loss_coevo.py --config PTP/configs/experiment/pref_loss_coevo/alternating_simple.yaml --resume-latest
[2026-03-06 06:23:32] resume_check reason=periodic_online_retry
[2026-03-06 06:23:35] resume_check_noop: pref_loss_process_already_running
[2026-03-06 06:23:35] running_proc: 6054 bash -lc cd /data1/gushengda/eam-rl4co && mkdir -p logs && export PYTHONPATH=/data1/gushengda/eam-rl4co:'/data1/gushengda/eam-rl4co\PTP':${PYTHONPATH:-} && export LOG_TZ=Asia/Shanghai && export LOG_LEVEL=INFO && nohup /data1/gushengda/anaconda3/envs/rlco1/bin/python3.11 -u PTP/ptp_discovery/run_pref_loss_coevo.py --config PTP/configs/experiment/pref_loss_coevo/alternating_simple.yaml --resume-latest > logs/auto_resume_pref_loss_20260306-031312.out 2>&1 < /dev/null & echo $!
[2026-03-06 06:23:35] running_proc: 6056 /data1/gushengda/anaconda3/envs/rlco1/bin/python3.11 -u PTP/ptp_discovery/run_pref_loss_coevo.py --config PTP/configs/experiment/pref_loss_coevo/alternating_simple.yaml --resume-latest
[2026-03-06 06:25:40] resume_check reason=periodic_online_retry
[2026-03-06 06:25:48] resume_check_noop: pref_loss_process_already_running
[2026-03-06 06:25:48] running_proc: 6054 bash -lc cd /data1/gushengda/eam-rl4co && mkdir -p logs && export PYTHONPATH=/data1/gushengda/eam-rl4co:'/data1/gushengda/eam-rl4co\PTP':${PYTHONPATH:-} && export LOG_TZ=Asia/Shanghai && export LOG_LEVEL=INFO && nohup /data1/gushengda/anaconda3/envs/rlco1/bin/python3.11 -u PTP/ptp_discovery/run_pref_loss_coevo.py --config PTP/configs/experiment/pref_loss_coevo/alternating_simple.yaml --resume-latest > logs/auto_resume_pref_loss_20260306-031312.out 2>&1 < /dev/null & echo $!
[2026-03-06 06:25:48] running_proc: 6056 /data1/gushengda/anaconda3/envs/rlco1/bin/python3.11 -u PTP/ptp_discovery/run_pref_loss_coevo.py --config PTP/configs/experiment/pref_loss_coevo/alternating_simple.yaml --resume-latest
[2026-03-06 06:27:50] resume_check reason=periodic_online_retry
[2026-03-06 06:27:56] resume_check_noop: pref_loss_process_already_running
[2026-03-06 06:27:56] running_proc: 6054 bash -lc cd /data1/gushengda/eam-rl4co && mkdir -p logs && export PYTHONPATH=/data1/gushengda/eam-rl4co:'/data1/gushengda/eam-rl4co\PTP':${PYTHONPATH:-} && export LOG_TZ=Asia/Shanghai && export LOG_LEVEL=INFO && nohup /data1/gushengda/anaconda3/envs/rlco1/bin/python3.11 -u PTP/ptp_discovery/run_pref_loss_coevo.py --config PTP/configs/experiment/pref_loss_coevo/alternating_simple.yaml --resume-latest > logs/auto_resume_pref_loss_20260306-031312.out 2>&1 < /dev/null & echo $!
[2026-03-06 06:27:56] running_proc: 6056 /data1/gushengda/anaconda3/envs/rlco1/bin/python3.11 -u PTP/ptp_discovery/run_pref_loss_coevo.py --config PTP/configs/experiment/pref_loss_coevo/alternating_simple.yaml --resume-latest
[2026-03-06 06:29:52] resume_check reason=periodic_online_retry
[2026-03-06 06:29:54] resume_check_noop: pref_loss_process_already_running
[2026-03-06 06:29:54] running_proc: 6054 bash -lc cd /data1/gushengda/eam-rl4co && mkdir -p logs && export PYTHONPATH=/data1/gushengda/eam-rl4co:'/data1/gushengda/eam-rl4co\PTP':${PYTHONPATH:-} && export LOG_TZ=Asia/Shanghai && export LOG_LEVEL=INFO && nohup /data1/gushengda/anaconda3/envs/rlco1/bin/python3.11 -u PTP/ptp_discovery/run_pref_loss_coevo.py --config PTP/configs/experiment/pref_loss_coevo/alternating_simple.yaml --resume-latest > logs/auto_resume_pref_loss_20260306-031312.out 2>&1 < /dev/null & echo $!
[2026-03-06 06:29:54] running_proc: 6056 /data1/gushengda/anaconda3/envs/rlco1/bin/python3.11 -u PTP/ptp_discovery/run_pref_loss_coevo.py --config PTP/configs/experiment/pref_loss_coevo/alternating_simple.yaml --resume-latest
[2026-03-06 06:31:52] resume_check reason=periodic_online_retry
[2026-03-06 06:31:53] resume_check_noop: pref_loss_process_already_running
[2026-03-06 06:31:53] running_proc: 6054 bash -lc cd /data1/gushengda/eam-rl4co && mkdir -p logs && export PYTHONPATH=/data1/gushengda/eam-rl4co:'/data1/gushengda/eam-rl4co\PTP':${PYTHONPATH:-} && export LOG_TZ=Asia/Shanghai && export LOG_LEVEL=INFO && nohup /data1/gushengda/anaconda3/envs/rlco1/bin/python3.11 -u PTP/ptp_discovery/run_pref_loss_coevo.py --config PTP/configs/experiment/pref_loss_coevo/alternating_simple.yaml --resume-latest > logs/auto_resume_pref_loss_20260306-031312.out 2>&1 < /dev/null & echo $!
[2026-03-06 06:31:53] running_proc: 6056 /data1/gushengda/anaconda3/envs/rlco1/bin/python3.11 -u PTP/ptp_discovery/run_pref_loss_coevo.py --config PTP/configs/experiment/pref_loss_coevo/alternating_simple.yaml --resume-latest
[2026-03-06 06:34:06] resume_check reason=periodic_online_retry
[2026-03-06 06:34:08] resume_check_noop: pref_loss_process_already_running
[2026-03-06 06:34:08] running_proc: 6054 bash -lc cd /data1/gushengda/eam-rl4co && mkdir -p logs && export PYTHONPATH=/data1/gushengda/eam-rl4co:'/data1/gushengda/eam-rl4co\PTP':${PYTHONPATH:-} && export LOG_TZ=Asia/Shanghai && export LOG_LEVEL=INFO && nohup /data1/gushengda/anaconda3/envs/rlco1/bin/python3.11 -u PTP/ptp_discovery/run_pref_loss_coevo.py --config PTP/configs/experiment/pref_loss_coevo/alternating_simple.yaml --resume-latest > logs/auto_resume_pref_loss_20260306-031312.out 2>&1 < /dev/null & echo $!
[2026-03-06 06:34:08] running_proc: 6056 /data1/gushengda/anaconda3/envs/rlco1/bin/python3.11 -u PTP/ptp_discovery/run_pref_loss_coevo.py --config PTP/configs/experiment/pref_loss_coevo/alternating_simple.yaml --resume-latest
[2026-03-06 06:36:07] resume_check reason=periodic_online_retry
[2026-03-06 06:36:08] resume_check_noop: pref_loss_process_already_running
[2026-03-06 06:36:08] running_proc: 6054 bash -lc cd /data1/gushengda/eam-rl4co && mkdir -p logs && export PYTHONPATH=/data1/gushengda/eam-rl4co:'/data1/gushengda/eam-rl4co\PTP':${PYTHONPATH:-} && export LOG_TZ=Asia/Shanghai && export LOG_LEVEL=INFO && nohup /data1/gushengda/anaconda3/envs/rlco1/bin/python3.11 -u PTP/ptp_discovery/run_pref_loss_coevo.py --config PTP/configs/experiment/pref_loss_coevo/alternating_simple.yaml --resume-latest > logs/auto_resume_pref_loss_20260306-031312.out 2>&1 < /dev/null & echo $!
[2026-03-06 06:36:08] running_proc: 6056 /data1/gushengda/anaconda3/envs/rlco1/bin/python3.11 -u PTP/ptp_discovery/run_pref_loss_coevo.py --config PTP/configs/experiment/pref_loss_coevo/alternating_simple.yaml --resume-latest
[2026-03-06 06:38:08] resume_check reason=periodic_online_retry
[2026-03-06 06:38:09] resume_check_noop: pref_loss_process_already_running
[2026-03-06 06:38:09] running_proc: 6054 bash -lc cd /data1/gushengda/eam-rl4co && mkdir -p logs && export PYTHONPATH=/data1/gushengda/eam-rl4co:'/data1/gushengda/eam-rl4co\PTP':${PYTHONPATH:-} && export LOG_TZ=Asia/Shanghai && export LOG_LEVEL=INFO && nohup /data1/gushengda/anaconda3/envs/rlco1/bin/python3.11 -u PTP/ptp_discovery/run_pref_loss_coevo.py --config PTP/configs/experiment/pref_loss_coevo/alternating_simple.yaml --resume-latest > logs/auto_resume_pref_loss_20260306-031312.out 2>&1 < /dev/null & echo $!
[2026-03-06 06:38:09] running_proc: 6056 /data1/gushengda/anaconda3/envs/rlco1/bin/python3.11 -u PTP/ptp_discovery/run_pref_loss_coevo.py --config PTP/configs/experiment/pref_loss_coevo/alternating_simple.yaml --resume-latest
[2026-03-06 06:40:08] resume_check reason=periodic_online_retry
[2026-03-06 06:40:09] resume_check_noop: pref_loss_process_already_running
[2026-03-06 06:40:09] running_proc: 6054 bash -lc cd /data1/gushengda/eam-rl4co && mkdir -p logs && export PYTHONPATH=/data1/gushengda/eam-rl4co:'/data1/gushengda/eam-rl4co\PTP':${PYTHONPATH:-} && export LOG_TZ=Asia/Shanghai && export LOG_LEVEL=INFO && nohup /data1/gushengda/anaconda3/envs/rlco1/bin/python3.11 -u PTP/ptp_discovery/run_pref_loss_coevo.py --config PTP/configs/experiment/pref_loss_coevo/alternating_simple.yaml --resume-latest > logs/auto_resume_pref_loss_20260306-031312.out 2>&1 < /dev/null & echo $!
[2026-03-06 06:40:09] running_proc: 6056 /data1/gushengda/anaconda3/envs/rlco1/bin/python3.11 -u PTP/ptp_discovery/run_pref_loss_coevo.py --config PTP/configs/experiment/pref_loss_coevo/alternating_simple.yaml --resume-latest
[2026-03-06 06:42:13] resume_check reason=periodic_online_retry
[2026-03-06 06:42:15] resume_check_noop: pref_loss_process_already_running
[2026-03-06 06:42:15] running_proc: 6054 bash -lc cd /data1/gushengda/eam-rl4co && mkdir -p logs && export PYTHONPATH=/data1/gushengda/eam-rl4co:'/data1/gushengda/eam-rl4co\PTP':${PYTHONPATH:-} && export LOG_TZ=Asia/Shanghai && export LOG_LEVEL=INFO && nohup /data1/gushengda/anaconda3/envs/rlco1/bin/python3.11 -u PTP/ptp_discovery/run_pref_loss_coevo.py --config PTP/configs/experiment/pref_loss_coevo/alternating_simple.yaml --resume-latest > logs/auto_resume_pref_loss_20260306-031312.out 2>&1 < /dev/null & echo $!
[2026-03-06 06:42:15] running_proc: 6056 /data1/gushengda/anaconda3/envs/rlco1/bin/python3.11 -u PTP/ptp_discovery/run_pref_loss_coevo.py --config PTP/configs/experiment/pref_loss_coevo/alternating_simple.yaml --resume-latest
[2026-03-06 06:44:21] resume_check reason=periodic_online_retry
[2026-03-06 06:44:26] resume_check_noop: pref_loss_process_already_running
[2026-03-06 06:44:26] running_proc: 6054 bash -lc cd /data1/gushengda/eam-rl4co && mkdir -p logs && export PYTHONPATH=/data1/gushengda/eam-rl4co:'/data1/gushengda/eam-rl4co\PTP':${PYTHONPATH:-} && export LOG_TZ=Asia/Shanghai && export LOG_LEVEL=INFO && nohup /data1/gushengda/anaconda3/envs/rlco1/bin/python3.11 -u PTP/ptp_discovery/run_pref_loss_coevo.py --config PTP/configs/experiment/pref_loss_coevo/alternating_simple.yaml --resume-latest > logs/auto_resume_pref_loss_20260306-031312.out 2>&1 < /dev/null & echo $!
[2026-03-06 06:44:26] running_proc: 6056 /data1/gushengda/anaconda3/envs/rlco1/bin/python3.11 -u PTP/ptp_discovery/run_pref_loss_coevo.py --config PTP/configs/experiment/pref_loss_coevo/alternating_simple.yaml --resume-latest
[2026-03-06 06:46:31] resume_check reason=periodic_online_retry
[2026-03-06 06:46:35] resume_check_noop: pref_loss_process_already_running
[2026-03-06 06:46:35] running_proc: 6054 bash -lc cd /data1/gushengda/eam-rl4co && mkdir -p logs && export PYTHONPATH=/data1/gushengda/eam-rl4co:'/data1/gushengda/eam-rl4co\PTP':${PYTHONPATH:-} && export LOG_TZ=Asia/Shanghai && export LOG_LEVEL=INFO && nohup /data1/gushengda/anaconda3/envs/rlco1/bin/python3.11 -u PTP/ptp_discovery/run_pref_loss_coevo.py --config PTP/configs/experiment/pref_loss_coevo/alternating_simple.yaml --resume-latest > logs/auto_resume_pref_loss_20260306-031312.out 2>&1 < /dev/null & echo $!
[2026-03-06 06:46:35] running_proc: 6056 /data1/gushengda/anaconda3/envs/rlco1/bin/python3.11 -u PTP/ptp_discovery/run_pref_loss_coevo.py --config PTP/configs/experiment/pref_loss_coevo/alternating_simple.yaml --resume-latest
[2026-03-06 06:48:39] resume_check reason=periodic_online_retry
[2026-03-06 06:48:42] resume_check_noop: pref_loss_process_already_running
[2026-03-06 06:48:42] running_proc: 6054 bash -lc cd /data1/gushengda/eam-rl4co && mkdir -p logs && export PYTHONPATH=/data1/gushengda/eam-rl4co:'/data1/gushengda/eam-rl4co\PTP':${PYTHONPATH:-} && export LOG_TZ=Asia/Shanghai && export LOG_LEVEL=INFO && nohup /data1/gushengda/anaconda3/envs/rlco1/bin/python3.11 -u PTP/ptp_discovery/run_pref_loss_coevo.py --config PTP/configs/experiment/pref_loss_coevo/alternating_simple.yaml --resume-latest > logs/auto_resume_pref_loss_20260306-031312.out 2>&1 < /dev/null & echo $!
[2026-03-06 06:48:42] running_proc: 6056 /data1/gushengda/anaconda3/envs/rlco1/bin/python3.11 -u PTP/ptp_discovery/run_pref_loss_coevo.py --config PTP/configs/experiment/pref_loss_coevo/alternating_simple.yaml --resume-latest
[2026-03-06 06:50:41] resume_check reason=periodic_online_retry
[2026-03-06 06:50:43] resume_check_noop: pref_loss_process_already_running
[2026-03-06 06:50:43] running_proc: 6054 bash -lc cd /data1/gushengda/eam-rl4co && mkdir -p logs && export PYTHONPATH=/data1/gushengda/eam-rl4co:'/data1/gushengda/eam-rl4co\PTP':${PYTHONPATH:-} && export LOG_TZ=Asia/Shanghai && export LOG_LEVEL=INFO && nohup /data1/gushengda/anaconda3/envs/rlco1/bin/python3.11 -u PTP/ptp_discovery/run_pref_loss_coevo.py --config PTP/configs/experiment/pref_loss_coevo/alternating_simple.yaml --resume-latest > logs/auto_resume_pref_loss_20260306-031312.out 2>&1 < /dev/null & echo $!
[2026-03-06 06:50:43] running_proc: 6056 /data1/gushengda/anaconda3/envs/rlco1/bin/python3.11 -u PTP/ptp_discovery/run_pref_loss_coevo.py --config PTP/configs/experiment/pref_loss_coevo/alternating_simple.yaml --resume-latest
[2026-03-06 06:52:46] resume_check reason=periodic_online_retry
[2026-03-06 06:52:48] resume_check_noop: pref_loss_process_already_running
[2026-03-06 06:52:48] running_proc: 6054 bash -lc cd /data1/gushengda/eam-rl4co && mkdir -p logs && export PYTHONPATH=/data1/gushengda/eam-rl4co:'/data1/gushengda/eam-rl4co\PTP':${PYTHONPATH:-} && export LOG_TZ=Asia/Shanghai && export LOG_LEVEL=INFO && nohup /data1/gushengda/anaconda3/envs/rlco1/bin/python3.11 -u PTP/ptp_discovery/run_pref_loss_coevo.py --config PTP/configs/experiment/pref_loss_coevo/alternating_simple.yaml --resume-latest > logs/auto_resume_pref_loss_20260306-031312.out 2>&1 < /dev/null & echo $!
[2026-03-06 06:52:48] running_proc: 6056 /data1/gushengda/anaconda3/envs/rlco1/bin/python3.11 -u PTP/ptp_discovery/run_pref_loss_coevo.py --config PTP/configs/experiment/pref_loss_coevo/alternating_simple.yaml --resume-latest
[2026-03-06 06:54:52] resume_check reason=periodic_online_retry
[2026-03-06 06:54:54] resume_check_noop: pref_loss_process_already_running
[2026-03-06 06:54:54] running_proc: 6054 bash -lc cd /data1/gushengda/eam-rl4co && mkdir -p logs && export PYTHONPATH=/data1/gushengda/eam-rl4co:'/data1/gushengda/eam-rl4co\PTP':${PYTHONPATH:-} && export LOG_TZ=Asia/Shanghai && export LOG_LEVEL=INFO && nohup /data1/gushengda/anaconda3/envs/rlco1/bin/python3.11 -u PTP/ptp_discovery/run_pref_loss_coevo.py --config PTP/configs/experiment/pref_loss_coevo/alternating_simple.yaml --resume-latest > logs/auto_resume_pref_loss_20260306-031312.out 2>&1 < /dev/null & echo $!
[2026-03-06 06:54:54] running_proc: 6056 /data1/gushengda/anaconda3/envs/rlco1/bin/python3.11 -u PTP/ptp_discovery/run_pref_loss_coevo.py --config PTP/configs/experiment/pref_loss_coevo/alternating_simple.yaml --resume-latest
[2026-03-06 06:56:59] resume_check reason=periodic_online_retry
[2026-03-06 06:57:03] resume_check_noop: pref_loss_process_already_running
[2026-03-06 06:57:03] running_proc: 6054 bash -lc cd /data1/gushengda/eam-rl4co && mkdir -p logs && export PYTHONPATH=/data1/gushengda/eam-rl4co:'/data1/gushengda/eam-rl4co\PTP':${PYTHONPATH:-} && export LOG_TZ=Asia/Shanghai && export LOG_LEVEL=INFO && nohup /data1/gushengda/anaconda3/envs/rlco1/bin/python3.11 -u PTP/ptp_discovery/run_pref_loss_coevo.py --config PTP/configs/experiment/pref_loss_coevo/alternating_simple.yaml --resume-latest > logs/auto_resume_pref_loss_20260306-031312.out 2>&1 < /dev/null & echo $!
[2026-03-06 06:57:03] running_proc: 6056 /data1/gushengda/anaconda3/envs/rlco1/bin/python3.11 -u PTP/ptp_discovery/run_pref_loss_coevo.py --config PTP/configs/experiment/pref_loss_coevo/alternating_simple.yaml --resume-latest
[2026-03-06 06:59:05] resume_check reason=periodic_online_retry
[2026-03-06 06:59:09] resume_check_noop: pref_loss_process_already_running
[2026-03-06 06:59:09] running_proc: 6054 bash -lc cd /data1/gushengda/eam-rl4co && mkdir -p logs && export PYTHONPATH=/data1/gushengda/eam-rl4co:'/data1/gushengda/eam-rl4co\PTP':${PYTHONPATH:-} && export LOG_TZ=Asia/Shanghai && export LOG_LEVEL=INFO && nohup /data1/gushengda/anaconda3/envs/rlco1/bin/python3.11 -u PTP/ptp_discovery/run_pref_loss_coevo.py --config PTP/configs/experiment/pref_loss_coevo/alternating_simple.yaml --resume-latest > logs/auto_resume_pref_loss_20260306-031312.out 2>&1 < /dev/null & echo $!
[2026-03-06 06:59:09] running_proc: 6056 /data1/gushengda/anaconda3/envs/rlco1/bin/python3.11 -u PTP/ptp_discovery/run_pref_loss_coevo.py --config PTP/configs/experiment/pref_loss_coevo/alternating_simple.yaml --resume-latest
[2026-03-06 07:01:11] resume_check reason=periodic_online_retry
[2026-03-06 07:01:13] resume_check_noop: pref_loss_process_already_running
[2026-03-06 07:01:13] running_proc: 6054 bash -lc cd /data1/gushengda/eam-rl4co && mkdir -p logs && export PYTHONPATH=/data1/gushengda/eam-rl4co:'/data1/gushengda/eam-rl4co\PTP':${PYTHONPATH:-} && export LOG_TZ=Asia/Shanghai && export LOG_LEVEL=INFO && nohup /data1/gushengda/anaconda3/envs/rlco1/bin/python3.11 -u PTP/ptp_discovery/run_pref_loss_coevo.py --config PTP/configs/experiment/pref_loss_coevo/alternating_simple.yaml --resume-latest > logs/auto_resume_pref_loss_20260306-031312.out 2>&1 < /dev/null & echo $!
[2026-03-06 07:01:13] running_proc: 6056 /data1/gushengda/anaconda3/envs/rlco1/bin/python3.11 -u PTP/ptp_discovery/run_pref_loss_coevo.py --config PTP/configs/experiment/pref_loss_coevo/alternating_simple.yaml --resume-latest
[2026-03-06 07:03:28] resume_check reason=periodic_online_retry
[2026-03-06 07:03:29] resume_check_noop: pref_loss_process_already_running
[2026-03-06 07:03:29] running_proc: 6054 bash -lc cd /data1/gushengda/eam-rl4co && mkdir -p logs && export PYTHONPATH=/data1/gushengda/eam-rl4co:'/data1/gushengda/eam-rl4co\PTP':${PYTHONPATH:-} && export LOG_TZ=Asia/Shanghai && export LOG_LEVEL=INFO && nohup /data1/gushengda/anaconda3/envs/rlco1/bin/python3.11 -u PTP/ptp_discovery/run_pref_loss_coevo.py --config PTP/configs/experiment/pref_loss_coevo/alternating_simple.yaml --resume-latest > logs/auto_resume_pref_loss_20260306-031312.out 2>&1 < /dev/null & echo $!
[2026-03-06 07:03:29] running_proc: 6056 /data1/gushengda/anaconda3/envs/rlco1/bin/python3.11 -u PTP/ptp_discovery/run_pref_loss_coevo.py --config PTP/configs/experiment/pref_loss_coevo/alternating_simple.yaml --resume-latest
[2026-03-06 07:05:44] resume_check reason=periodic_online_retry
[2026-03-06 07:05:45] resume_check_noop: pref_loss_process_already_running
[2026-03-06 07:05:45] running_proc: 6054 bash -lc cd /data1/gushengda/eam-rl4co && mkdir -p logs && export PYTHONPATH=/data1/gushengda/eam-rl4co:'/data1/gushengda/eam-rl4co\PTP':${PYTHONPATH:-} && export LOG_TZ=Asia/Shanghai && export LOG_LEVEL=INFO && nohup /data1/gushengda/anaconda3/envs/rlco1/bin/python3.11 -u PTP/ptp_discovery/run_pref_loss_coevo.py --config PTP/configs/experiment/pref_loss_coevo/alternating_simple.yaml --resume-latest > logs/auto_resume_pref_loss_20260306-031312.out 2>&1 < /dev/null & echo $!
[2026-03-06 07:05:45] running_proc: 6056 /data1/gushengda/anaconda3/envs/rlco1/bin/python3.11 -u PTP/ptp_discovery/run_pref_loss_coevo.py --config PTP/configs/experiment/pref_loss_coevo/alternating_simple.yaml --resume-latest
[2026-03-06 07:07:56] resume_check reason=periodic_online_retry
[2026-03-06 07:07:57] resume_check_noop: pref_loss_process_already_running
[2026-03-06 07:07:57] running_proc: 6054 bash -lc cd /data1/gushengda/eam-rl4co && mkdir -p logs && export PYTHONPATH=/data1/gushengda/eam-rl4co:'/data1/gushengda/eam-rl4co\PTP':${PYTHONPATH:-} && export LOG_TZ=Asia/Shanghai && export LOG_LEVEL=INFO && nohup /data1/gushengda/anaconda3/envs/rlco1/bin/python3.11 -u PTP/ptp_discovery/run_pref_loss_coevo.py --config PTP/configs/experiment/pref_loss_coevo/alternating_simple.yaml --resume-latest > logs/auto_resume_pref_loss_20260306-031312.out 2>&1 < /dev/null & echo $!
[2026-03-06 07:07:57] running_proc: 6056 /data1/gushengda/anaconda3/envs/rlco1/bin/python3.11 -u PTP/ptp_discovery/run_pref_loss_coevo.py --config PTP/configs/experiment/pref_loss_coevo/alternating_simple.yaml --resume-latest
[2026-03-06 07:10:13] resume_check reason=periodic_online_retry
[2026-03-06 07:10:16] resume_check_noop: pref_loss_process_already_running
[2026-03-06 07:10:16] running_proc: 6054 bash -lc cd /data1/gushengda/eam-rl4co && mkdir -p logs && export PYTHONPATH=/data1/gushengda/eam-rl4co:'/data1/gushengda/eam-rl4co\PTP':${PYTHONPATH:-} && export LOG_TZ=Asia/Shanghai && export LOG_LEVEL=INFO && nohup /data1/gushengda/anaconda3/envs/rlco1/bin/python3.11 -u PTP/ptp_discovery/run_pref_loss_coevo.py --config PTP/configs/experiment/pref_loss_coevo/alternating_simple.yaml --resume-latest > logs/auto_resume_pref_loss_20260306-031312.out 2>&1 < /dev/null & echo $!
[2026-03-06 07:10:16] running_proc: 6056 /data1/gushengda/anaconda3/envs/rlco1/bin/python3.11 -u PTP/ptp_discovery/run_pref_loss_coevo.py --config PTP/configs/experiment/pref_loss_coevo/alternating_simple.yaml --resume-latest
[2026-03-06 07:12:19] resume_check reason=periodic_online_retry
[2026-03-06 07:12:21] resume_check_noop: pref_loss_process_already_running
[2026-03-06 07:12:21] running_proc: 6054 bash -lc cd /data1/gushengda/eam-rl4co && mkdir -p logs && export PYTHONPATH=/data1/gushengda/eam-rl4co:'/data1/gushengda/eam-rl4co\PTP':${PYTHONPATH:-} && export LOG_TZ=Asia/Shanghai && export LOG_LEVEL=INFO && nohup /data1/gushengda/anaconda3/envs/rlco1/bin/python3.11 -u PTP/ptp_discovery/run_pref_loss_coevo.py --config PTP/configs/experiment/pref_loss_coevo/alternating_simple.yaml --resume-latest > logs/auto_resume_pref_loss_20260306-031312.out 2>&1 < /dev/null & echo $!
[2026-03-06 07:12:21] running_proc: 6056 /data1/gushengda/anaconda3/envs/rlco1/bin/python3.11 -u PTP/ptp_discovery/run_pref_loss_coevo.py --config PTP/configs/experiment/pref_loss_coevo/alternating_simple.yaml --resume-latest
[2026-03-06 07:14:31] resume_check reason=periodic_online_retry
[2026-03-06 07:14:32] resume_check_noop: pref_loss_process_already_running
[2026-03-06 07:14:32] running_proc: 6054 bash -lc cd /data1/gushengda/eam-rl4co && mkdir -p logs && export PYTHONPATH=/data1/gushengda/eam-rl4co:'/data1/gushengda/eam-rl4co\PTP':${PYTHONPATH:-} && export LOG_TZ=Asia/Shanghai && export LOG_LEVEL=INFO && nohup /data1/gushengda/anaconda3/envs/rlco1/bin/python3.11 -u PTP/ptp_discovery/run_pref_loss_coevo.py --config PTP/configs/experiment/pref_loss_coevo/alternating_simple.yaml --resume-latest > logs/auto_resume_pref_loss_20260306-031312.out 2>&1 < /dev/null & echo $!
[2026-03-06 07:14:32] running_proc: 6056 /data1/gushengda/anaconda3/envs/rlco1/bin/python3.11 -u PTP/ptp_discovery/run_pref_loss_coevo.py --config PTP/configs/experiment/pref_loss_coevo/alternating_simple.yaml --resume-latest
[2026-03-06 07:16:33] resume_check reason=periodic_online_retry
[2026-03-06 07:16:36] resume_check_noop: pref_loss_process_already_running
[2026-03-06 07:16:36] running_proc: 6054 bash -lc cd /data1/gushengda/eam-rl4co && mkdir -p logs && export PYTHONPATH=/data1/gushengda/eam-rl4co:'/data1/gushengda/eam-rl4co\PTP':${PYTHONPATH:-} && export LOG_TZ=Asia/Shanghai && export LOG_LEVEL=INFO && nohup /data1/gushengda/anaconda3/envs/rlco1/bin/python3.11 -u PTP/ptp_discovery/run_pref_loss_coevo.py --config PTP/configs/experiment/pref_loss_coevo/alternating_simple.yaml --resume-latest > logs/auto_resume_pref_loss_20260306-031312.out 2>&1 < /dev/null & echo $!
[2026-03-06 07:16:36] running_proc: 6056 /data1/gushengda/anaconda3/envs/rlco1/bin/python3.11 -u PTP/ptp_discovery/run_pref_loss_coevo.py --config PTP/configs/experiment/pref_loss_coevo/alternating_simple.yaml --resume-latest
[2026-03-06 07:18:37] resume_check reason=periodic_online_retry
[2026-03-06 07:18:39] resume_check_noop: pref_loss_process_already_running
[2026-03-06 07:18:39] running_proc: 6054 bash -lc cd /data1/gushengda/eam-rl4co && mkdir -p logs && export PYTHONPATH=/data1/gushengda/eam-rl4co:'/data1/gushengda/eam-rl4co\PTP':${PYTHONPATH:-} && export LOG_TZ=Asia/Shanghai && export LOG_LEVEL=INFO && nohup /data1/gushengda/anaconda3/envs/rlco1/bin/python3.11 -u PTP/ptp_discovery/run_pref_loss_coevo.py --config PTP/configs/experiment/pref_loss_coevo/alternating_simple.yaml --resume-latest > logs/auto_resume_pref_loss_20260306-031312.out 2>&1 < /dev/null & echo $!
[2026-03-06 07:18:39] running_proc: 6056 /data1/gushengda/anaconda3/envs/rlco1/bin/python3.11 -u PTP/ptp_discovery/run_pref_loss_coevo.py --config PTP/configs/experiment/pref_loss_coevo/alternating_simple.yaml --resume-latest
[2026-03-06 07:20:49] resume_check reason=periodic_online_retry
[2026-03-06 07:20:52] resume_check_noop: pref_loss_process_already_running
[2026-03-06 07:20:52] running_proc: 6054 bash -lc cd /data1/gushengda/eam-rl4co && mkdir -p logs && export PYTHONPATH=/data1/gushengda/eam-rl4co:'/data1/gushengda/eam-rl4co\PTP':${PYTHONPATH:-} && export LOG_TZ=Asia/Shanghai && export LOG_LEVEL=INFO && nohup /data1/gushengda/anaconda3/envs/rlco1/bin/python3.11 -u PTP/ptp_discovery/run_pref_loss_coevo.py --config PTP/configs/experiment/pref_loss_coevo/alternating_simple.yaml --resume-latest > logs/auto_resume_pref_loss_20260306-031312.out 2>&1 < /dev/null & echo $!
[2026-03-06 07:20:52] running_proc: 6056 /data1/gushengda/anaconda3/envs/rlco1/bin/python3.11 -u PTP/ptp_discovery/run_pref_loss_coevo.py --config PTP/configs/experiment/pref_loss_coevo/alternating_simple.yaml --resume-latest
[2026-03-06 07:23:13] resume_check reason=periodic_online_retry
[2026-03-06 07:23:15] resume_check_noop: pref_loss_process_already_running
[2026-03-06 07:23:15] running_proc: 6054 bash -lc cd /data1/gushengda/eam-rl4co && mkdir -p logs && export PYTHONPATH=/data1/gushengda/eam-rl4co:'/data1/gushengda/eam-rl4co\PTP':${PYTHONPATH:-} && export LOG_TZ=Asia/Shanghai && export LOG_LEVEL=INFO && nohup /data1/gushengda/anaconda3/envs/rlco1/bin/python3.11 -u PTP/ptp_discovery/run_pref_loss_coevo.py --config PTP/configs/experiment/pref_loss_coevo/alternating_simple.yaml --resume-latest > logs/auto_resume_pref_loss_20260306-031312.out 2>&1 < /dev/null & echo $!
[2026-03-06 07:23:15] running_proc: 6056 /data1/gushengda/anaconda3/envs/rlco1/bin/python3.11 -u PTP/ptp_discovery/run_pref_loss_coevo.py --config PTP/configs/experiment/pref_loss_coevo/alternating_simple.yaml --resume-latest
[2026-03-06 07:25:28] resume_check reason=periodic_online_retry
[2026-03-06 07:25:31] resume_check_noop: pref_loss_process_already_running
[2026-03-06 07:25:31] running_proc: 6054 bash -lc cd /data1/gushengda/eam-rl4co && mkdir -p logs && export PYTHONPATH=/data1/gushengda/eam-rl4co:'/data1/gushengda/eam-rl4co\PTP':${PYTHONPATH:-} && export LOG_TZ=Asia/Shanghai && export LOG_LEVEL=INFO && nohup /data1/gushengda/anaconda3/envs/rlco1/bin/python3.11 -u PTP/ptp_discovery/run_pref_loss_coevo.py --config PTP/configs/experiment/pref_loss_coevo/alternating_simple.yaml --resume-latest > logs/auto_resume_pref_loss_20260306-031312.out 2>&1 < /dev/null & echo $!
[2026-03-06 07:25:31] running_proc: 6056 /data1/gushengda/anaconda3/envs/rlco1/bin/python3.11 -u PTP/ptp_discovery/run_pref_loss_coevo.py --config PTP/configs/experiment/pref_loss_coevo/alternating_simple.yaml --resume-latest
[2026-03-06 07:27:32] resume_check reason=periodic_online_retry
[2026-03-06 07:27:34] resume_check_noop: pref_loss_process_already_running
[2026-03-06 07:27:34] running_proc: 6054 bash -lc cd /data1/gushengda/eam-rl4co && mkdir -p logs && export PYTHONPATH=/data1/gushengda/eam-rl4co:'/data1/gushengda/eam-rl4co\PTP':${PYTHONPATH:-} && export LOG_TZ=Asia/Shanghai && export LOG_LEVEL=INFO && nohup /data1/gushengda/anaconda3/envs/rlco1/bin/python3.11 -u PTP/ptp_discovery/run_pref_loss_coevo.py --config PTP/configs/experiment/pref_loss_coevo/alternating_simple.yaml --resume-latest > logs/auto_resume_pref_loss_20260306-031312.out 2>&1 < /dev/null & echo $!
[2026-03-06 07:27:34] running_proc: 6056 /data1/gushengda/anaconda3/envs/rlco1/bin/python3.11 -u PTP/ptp_discovery/run_pref_loss_coevo.py --config PTP/configs/experiment/pref_loss_coevo/alternating_simple.yaml --resume-latest
[2026-03-06 07:29:36] resume_check reason=periodic_online_retry
[2026-03-06 07:29:38] resume_check_noop: pref_loss_process_already_running
[2026-03-06 07:29:38] running_proc: 6054 bash -lc cd /data1/gushengda/eam-rl4co && mkdir -p logs && export PYTHONPATH=/data1/gushengda/eam-rl4co:'/data1/gushengda/eam-rl4co\PTP':${PYTHONPATH:-} && export LOG_TZ=Asia/Shanghai && export LOG_LEVEL=INFO && nohup /data1/gushengda/anaconda3/envs/rlco1/bin/python3.11 -u PTP/ptp_discovery/run_pref_loss_coevo.py --config PTP/configs/experiment/pref_loss_coevo/alternating_simple.yaml --resume-latest > logs/auto_resume_pref_loss_20260306-031312.out 2>&1 < /dev/null & echo $!
[2026-03-06 07:29:38] running_proc: 6056 /data1/gushengda/anaconda3/envs/rlco1/bin/python3.11 -u PTP/ptp_discovery/run_pref_loss_coevo.py --config PTP/configs/experiment/pref_loss_coevo/alternating_simple.yaml --resume-latest
[2026-03-06 07:31:39] resume_check reason=periodic_online_retry
[2026-03-06 07:31:42] resume_check_noop: pref_loss_process_already_running
[2026-03-06 07:31:42] running_proc: 6054 bash -lc cd /data1/gushengda/eam-rl4co && mkdir -p logs && export PYTHONPATH=/data1/gushengda/eam-rl4co:'/data1/gushengda/eam-rl4co\PTP':${PYTHONPATH:-} && export LOG_TZ=Asia/Shanghai && export LOG_LEVEL=INFO && nohup /data1/gushengda/anaconda3/envs/rlco1/bin/python3.11 -u PTP/ptp_discovery/run_pref_loss_coevo.py --config PTP/configs/experiment/pref_loss_coevo/alternating_simple.yaml --resume-latest > logs/auto_resume_pref_loss_20260306-031312.out 2>&1 < /dev/null & echo $!
[2026-03-06 07:31:42] running_proc: 6056 /data1/gushengda/anaconda3/envs/rlco1/bin/python3.11 -u PTP/ptp_discovery/run_pref_loss_coevo.py --config PTP/configs/experiment/pref_loss_coevo/alternating_simple.yaml --resume-latest
[2026-03-06 07:33:45] resume_check reason=periodic_online_retry
[2026-03-06 07:33:46] resume_check_noop: pref_loss_process_already_running
[2026-03-06 07:33:46] running_proc: 6054 bash -lc cd /data1/gushengda/eam-rl4co && mkdir -p logs && export PYTHONPATH=/data1/gushengda/eam-rl4co:'/data1/gushengda/eam-rl4co\PTP':${PYTHONPATH:-} && export LOG_TZ=Asia/Shanghai && export LOG_LEVEL=INFO && nohup /data1/gushengda/anaconda3/envs/rlco1/bin/python3.11 -u PTP/ptp_discovery/run_pref_loss_coevo.py --config PTP/configs/experiment/pref_loss_coevo/alternating_simple.yaml --resume-latest > logs/auto_resume_pref_loss_20260306-031312.out 2>&1 < /dev/null & echo $!
[2026-03-06 07:33:46] running_proc: 6056 /data1/gushengda/anaconda3/envs/rlco1/bin/python3.11 -u PTP/ptp_discovery/run_pref_loss_coevo.py --config PTP/configs/experiment/pref_loss_coevo/alternating_simple.yaml --resume-latest
[2026-03-06 07:35:47] resume_check reason=periodic_online_retry
[2026-03-06 07:35:48] resume_check_noop: pref_loss_process_already_running
[2026-03-06 07:35:48] running_proc: 6054 bash -lc cd /data1/gushengda/eam-rl4co && mkdir -p logs && export PYTHONPATH=/data1/gushengda/eam-rl4co:'/data1/gushengda/eam-rl4co\PTP':${PYTHONPATH:-} && export LOG_TZ=Asia/Shanghai && export LOG_LEVEL=INFO && nohup /data1/gushengda/anaconda3/envs/rlco1/bin/python3.11 -u PTP/ptp_discovery/run_pref_loss_coevo.py --config PTP/configs/experiment/pref_loss_coevo/alternating_simple.yaml --resume-latest > logs/auto_resume_pref_loss_20260306-031312.out 2>&1 < /dev/null & echo $!
[2026-03-06 07:35:48] running_proc: 6056 /data1/gushengda/anaconda3/envs/rlco1/bin/python3.11 -u PTP/ptp_discovery/run_pref_loss_coevo.py --config PTP/configs/experiment/pref_loss_coevo/alternating_simple.yaml --resume-latest
[2026-03-06 07:38:00] resume_check reason=periodic_online_retry
[2026-03-06 07:38:02] resume_check_noop: pref_loss_process_already_running
[2026-03-06 07:38:02] running_proc: 6054 bash -lc cd /data1/gushengda/eam-rl4co && mkdir -p logs && export PYTHONPATH=/data1/gushengda/eam-rl4co:'/data1/gushengda/eam-rl4co\PTP':${PYTHONPATH:-} && export LOG_TZ=Asia/Shanghai && export LOG_LEVEL=INFO && nohup /data1/gushengda/anaconda3/envs/rlco1/bin/python3.11 -u PTP/ptp_discovery/run_pref_loss_coevo.py --config PTP/configs/experiment/pref_loss_coevo/alternating_simple.yaml --resume-latest > logs/auto_resume_pref_loss_20260306-031312.out 2>&1 < /dev/null & echo $!
[2026-03-06 07:38:02] running_proc: 6056 /data1/gushengda/anaconda3/envs/rlco1/bin/python3.11 -u PTP/ptp_discovery/run_pref_loss_coevo.py --config PTP/configs/experiment/pref_loss_coevo/alternating_simple.yaml --resume-latest
[2026-03-06 07:40:03] resume_check reason=periodic_online_retry
[2026-03-06 07:40:04] resume_check_noop: pref_loss_process_already_running
[2026-03-06 07:40:04] running_proc: 6054 bash -lc cd /data1/gushengda/eam-rl4co && mkdir -p logs && export PYTHONPATH=/data1/gushengda/eam-rl4co:'/data1/gushengda/eam-rl4co\PTP':${PYTHONPATH:-} && export LOG_TZ=Asia/Shanghai && export LOG_LEVEL=INFO && nohup /data1/gushengda/anaconda3/envs/rlco1/bin/python3.11 -u PTP/ptp_discovery/run_pref_loss_coevo.py --config PTP/configs/experiment/pref_loss_coevo/alternating_simple.yaml --resume-latest > logs/auto_resume_pref_loss_20260306-031312.out 2>&1 < /dev/null & echo $!
[2026-03-06 07:40:04] running_proc: 6056 /data1/gushengda/anaconda3/envs/rlco1/bin/python3.11 -u PTP/ptp_discovery/run_pref_loss_coevo.py --config PTP/configs/experiment/pref_loss_coevo/alternating_simple.yaml --resume-latest
[2026-03-06 07:42:05] resume_check reason=periodic_online_retry
[2026-03-06 07:42:07] resume_check_noop: pref_loss_process_already_running
[2026-03-06 07:42:07] running_proc: 6054 bash -lc cd /data1/gushengda/eam-rl4co && mkdir -p logs && export PYTHONPATH=/data1/gushengda/eam-rl4co:'/data1/gushengda/eam-rl4co\PTP':${PYTHONPATH:-} && export LOG_TZ=Asia/Shanghai && export LOG_LEVEL=INFO && nohup /data1/gushengda/anaconda3/envs/rlco1/bin/python3.11 -u PTP/ptp_discovery/run_pref_loss_coevo.py --config PTP/configs/experiment/pref_loss_coevo/alternating_simple.yaml --resume-latest > logs/auto_resume_pref_loss_20260306-031312.out 2>&1 < /dev/null & echo $!
[2026-03-06 07:42:07] running_proc: 6056 /data1/gushengda/anaconda3/envs/rlco1/bin/python3.11 -u PTP/ptp_discovery/run_pref_loss_coevo.py --config PTP/configs/experiment/pref_loss_coevo/alternating_simple.yaml --resume-latest
[2026-03-06 07:44:16] resume_check reason=periodic_online_retry
[2026-03-06 07:44:18] resume_check_noop: pref_loss_process_already_running
[2026-03-06 07:44:18] running_proc: 6054 bash -lc cd /data1/gushengda/eam-rl4co && mkdir -p logs && export PYTHONPATH=/data1/gushengda/eam-rl4co:'/data1/gushengda/eam-rl4co\PTP':${PYTHONPATH:-} && export LOG_TZ=Asia/Shanghai && export LOG_LEVEL=INFO && nohup /data1/gushengda/anaconda3/envs/rlco1/bin/python3.11 -u PTP/ptp_discovery/run_pref_loss_coevo.py --config PTP/configs/experiment/pref_loss_coevo/alternating_simple.yaml --resume-latest > logs/auto_resume_pref_loss_20260306-031312.out 2>&1 < /dev/null & echo $!
[2026-03-06 07:44:18] running_proc: 6056 /data1/gushengda/anaconda3/envs/rlco1/bin/python3.11 -u PTP/ptp_discovery/run_pref_loss_coevo.py --config PTP/configs/experiment/pref_loss_coevo/alternating_simple.yaml --resume-latest
[2026-03-06 07:46:22] resume_check reason=periodic_online_retry
[2026-03-06 07:46:26] resume_check_noop: pref_loss_process_already_running
[2026-03-06 07:46:26] running_proc: 6054 bash -lc cd /data1/gushengda/eam-rl4co && mkdir -p logs && export PYTHONPATH=/data1/gushengda/eam-rl4co:'/data1/gushengda/eam-rl4co\PTP':${PYTHONPATH:-} && export LOG_TZ=Asia/Shanghai && export LOG_LEVEL=INFO && nohup /data1/gushengda/anaconda3/envs/rlco1/bin/python3.11 -u PTP/ptp_discovery/run_pref_loss_coevo.py --config PTP/configs/experiment/pref_loss_coevo/alternating_simple.yaml --resume-latest > logs/auto_resume_pref_loss_20260306-031312.out 2>&1 < /dev/null & echo $!
[2026-03-06 07:46:26] running_proc: 6056 /data1/gushengda/anaconda3/envs/rlco1/bin/python3.11 -u PTP/ptp_discovery/run_pref_loss_coevo.py --config PTP/configs/experiment/pref_loss_coevo/alternating_simple.yaml --resume-latest
[2026-03-06 07:48:38] resume_check reason=periodic_online_retry
[2026-03-06 07:48:43] resume_check_noop: pref_loss_process_already_running
[2026-03-06 07:48:43] running_proc: 6054 bash -lc cd /data1/gushengda/eam-rl4co && mkdir -p logs && export PYTHONPATH=/data1/gushengda/eam-rl4co:'/data1/gushengda/eam-rl4co\PTP':${PYTHONPATH:-} && export LOG_TZ=Asia/Shanghai && export LOG_LEVEL=INFO && nohup /data1/gushengda/anaconda3/envs/rlco1/bin/python3.11 -u PTP/ptp_discovery/run_pref_loss_coevo.py --config PTP/configs/experiment/pref_loss_coevo/alternating_simple.yaml --resume-latest > logs/auto_resume_pref_loss_20260306-031312.out 2>&1 < /dev/null & echo $!
[2026-03-06 07:48:43] running_proc: 6056 /data1/gushengda/anaconda3/envs/rlco1/bin/python3.11 -u PTP/ptp_discovery/run_pref_loss_coevo.py --config PTP/configs/experiment/pref_loss_coevo/alternating_simple.yaml --resume-latest
[2026-03-06 07:50:53] resume_check reason=periodic_online_retry
[2026-03-06 07:50:56] resume_check_noop: pref_loss_process_already_running
[2026-03-06 07:50:56] running_proc: 6054 bash -lc cd /data1/gushengda/eam-rl4co && mkdir -p logs && export PYTHONPATH=/data1/gushengda/eam-rl4co:'/data1/gushengda/eam-rl4co\PTP':${PYTHONPATH:-} && export LOG_TZ=Asia/Shanghai && export LOG_LEVEL=INFO && nohup /data1/gushengda/anaconda3/envs/rlco1/bin/python3.11 -u PTP/ptp_discovery/run_pref_loss_coevo.py --config PTP/configs/experiment/pref_loss_coevo/alternating_simple.yaml --resume-latest > logs/auto_resume_pref_loss_20260306-031312.out 2>&1 < /dev/null & echo $!
[2026-03-06 07:50:56] running_proc: 6056 /data1/gushengda/anaconda3/envs/rlco1/bin/python3.11 -u PTP/ptp_discovery/run_pref_loss_coevo.py --config PTP/configs/experiment/pref_loss_coevo/alternating_simple.yaml --resume-latest
[2026-03-06 07:52:55] resume_check reason=periodic_online_retry
[2026-03-06 07:52:58] resume_check_noop: pref_loss_process_already_running
[2026-03-06 07:52:58] running_proc: 6054 bash -lc cd /data1/gushengda/eam-rl4co && mkdir -p logs && export PYTHONPATH=/data1/gushengda/eam-rl4co:'/data1/gushengda/eam-rl4co\PTP':${PYTHONPATH:-} && export LOG_TZ=Asia/Shanghai && export LOG_LEVEL=INFO && nohup /data1/gushengda/anaconda3/envs/rlco1/bin/python3.11 -u PTP/ptp_discovery/run_pref_loss_coevo.py --config PTP/configs/experiment/pref_loss_coevo/alternating_simple.yaml --resume-latest > logs/auto_resume_pref_loss_20260306-031312.out 2>&1 < /dev/null & echo $!
[2026-03-06 07:52:58] running_proc: 6056 /data1/gushengda/anaconda3/envs/rlco1/bin/python3.11 -u PTP/ptp_discovery/run_pref_loss_coevo.py --config PTP/configs/experiment/pref_loss_coevo/alternating_simple.yaml --resume-latest
[2026-03-06 07:55:00] resume_check reason=periodic_online_retry
[2026-03-06 07:55:02] resume_check_noop: pref_loss_process_already_running
[2026-03-06 07:55:02] running_proc: 6054 bash -lc cd /data1/gushengda/eam-rl4co && mkdir -p logs && export PYTHONPATH=/data1/gushengda/eam-rl4co:'/data1/gushengda/eam-rl4co\PTP':${PYTHONPATH:-} && export LOG_TZ=Asia/Shanghai && export LOG_LEVEL=INFO && nohup /data1/gushengda/anaconda3/envs/rlco1/bin/python3.11 -u PTP/ptp_discovery/run_pref_loss_coevo.py --config PTP/configs/experiment/pref_loss_coevo/alternating_simple.yaml --resume-latest > logs/auto_resume_pref_loss_20260306-031312.out 2>&1 < /dev/null & echo $!
[2026-03-06 07:55:02] running_proc: 6056 /data1/gushengda/anaconda3/envs/rlco1/bin/python3.11 -u PTP/ptp_discovery/run_pref_loss_coevo.py --config PTP/configs/experiment/pref_loss_coevo/alternating_simple.yaml --resume-latest
[2026-03-06 07:57:00] resume_check reason=periodic_online_retry
[2026-03-06 07:57:02] resume_check_noop: pref_loss_process_already_running
[2026-03-06 07:57:02] running_proc: 6054 bash -lc cd /data1/gushengda/eam-rl4co && mkdir -p logs && export PYTHONPATH=/data1/gushengda/eam-rl4co:'/data1/gushengda/eam-rl4co\PTP':${PYTHONPATH:-} && export LOG_TZ=Asia/Shanghai && export LOG_LEVEL=INFO && nohup /data1/gushengda/anaconda3/envs/rlco1/bin/python3.11 -u PTP/ptp_discovery/run_pref_loss_coevo.py --config PTP/configs/experiment/pref_loss_coevo/alternating_simple.yaml --resume-latest > logs/auto_resume_pref_loss_20260306-031312.out 2>&1 < /dev/null & echo $!
[2026-03-06 07:57:02] running_proc: 6056 /data1/gushengda/anaconda3/envs/rlco1/bin/python3.11 -u PTP/ptp_discovery/run_pref_loss_coevo.py --config PTP/configs/experiment/pref_loss_coevo/alternating_simple.yaml --resume-latest
[2026-03-06 07:59:16] resume_check reason=periodic_online_retry
[2026-03-06 07:59:23] resume_check_noop: pref_loss_process_already_running
[2026-03-06 07:59:23] running_proc: 6054 bash -lc cd /data1/gushengda/eam-rl4co && mkdir -p logs && export PYTHONPATH=/data1/gushengda/eam-rl4co:'/data1/gushengda/eam-rl4co\PTP':${PYTHONPATH:-} && export LOG_TZ=Asia/Shanghai && export LOG_LEVEL=INFO && nohup /data1/gushengda/anaconda3/envs/rlco1/bin/python3.11 -u PTP/ptp_discovery/run_pref_loss_coevo.py --config PTP/configs/experiment/pref_loss_coevo/alternating_simple.yaml --resume-latest > logs/auto_resume_pref_loss_20260306-031312.out 2>&1 < /dev/null & echo $!
[2026-03-06 07:59:23] running_proc: 6056 /data1/gushengda/anaconda3/envs/rlco1/bin/python3.11 -u PTP/ptp_discovery/run_pref_loss_coevo.py --config PTP/configs/experiment/pref_loss_coevo/alternating_simple.yaml --resume-latest
[2026-03-06 08:01:18] resume_check reason=periodic_online_retry
[2026-03-06 08:01:19] resume_check_noop: pref_loss_process_already_running
[2026-03-06 08:01:19] running_proc: 6054 bash -lc cd /data1/gushengda/eam-rl4co && mkdir -p logs && export PYTHONPATH=/data1/gushengda/eam-rl4co:'/data1/gushengda/eam-rl4co\PTP':${PYTHONPATH:-} && export LOG_TZ=Asia/Shanghai && export LOG_LEVEL=INFO && nohup /data1/gushengda/anaconda3/envs/rlco1/bin/python3.11 -u PTP/ptp_discovery/run_pref_loss_coevo.py --config PTP/configs/experiment/pref_loss_coevo/alternating_simple.yaml --resume-latest > logs/auto_resume_pref_loss_20260306-031312.out 2>&1 < /dev/null & echo $!
[2026-03-06 08:01:19] running_proc: 6056 /data1/gushengda/anaconda3/envs/rlco1/bin/python3.11 -u PTP/ptp_discovery/run_pref_loss_coevo.py --config PTP/configs/experiment/pref_loss_coevo/alternating_simple.yaml --resume-latest
[2026-03-06 08:03:31] resume_check reason=periodic_online_retry
[2026-03-06 08:03:32] resume_check_noop: pref_loss_process_already_running
[2026-03-06 08:03:32] running_proc: 6054 bash -lc cd /data1/gushengda/eam-rl4co && mkdir -p logs && export PYTHONPATH=/data1/gushengda/eam-rl4co:'/data1/gushengda/eam-rl4co\PTP':${PYTHONPATH:-} && export LOG_TZ=Asia/Shanghai && export LOG_LEVEL=INFO && nohup /data1/gushengda/anaconda3/envs/rlco1/bin/python3.11 -u PTP/ptp_discovery/run_pref_loss_coevo.py --config PTP/configs/experiment/pref_loss_coevo/alternating_simple.yaml --resume-latest > logs/auto_resume_pref_loss_20260306-031312.out 2>&1 < /dev/null & echo $!
[2026-03-06 08:03:32] running_proc: 6056 /data1/gushengda/anaconda3/envs/rlco1/bin/python3.11 -u PTP/ptp_discovery/run_pref_loss_coevo.py --config PTP/configs/experiment/pref_loss_coevo/alternating_simple.yaml --resume-latest
[2026-03-06 08:05:43] resume_check reason=periodic_online_retry
[2026-03-06 08:05:45] resume_check_noop: pref_loss_process_already_running
[2026-03-06 08:05:45] running_proc: 6054 bash -lc cd /data1/gushengda/eam-rl4co && mkdir -p logs && export PYTHONPATH=/data1/gushengda/eam-rl4co:'/data1/gushengda/eam-rl4co\PTP':${PYTHONPATH:-} && export LOG_TZ=Asia/Shanghai && export LOG_LEVEL=INFO && nohup /data1/gushengda/anaconda3/envs/rlco1/bin/python3.11 -u PTP/ptp_discovery/run_pref_loss_coevo.py --config PTP/configs/experiment/pref_loss_coevo/alternating_simple.yaml --resume-latest > logs/auto_resume_pref_loss_20260306-031312.out 2>&1 < /dev/null & echo $!
[2026-03-06 08:05:45] running_proc: 6056 /data1/gushengda/anaconda3/envs/rlco1/bin/python3.11 -u PTP/ptp_discovery/run_pref_loss_coevo.py --config PTP/configs/experiment/pref_loss_coevo/alternating_simple.yaml --resume-latest
[2026-03-06 08:07:52] resume_check reason=periodic_online_retry
[2026-03-06 08:07:53] resume_check_noop: pref_loss_process_already_running
[2026-03-06 08:07:53] running_proc: 6054 bash -lc cd /data1/gushengda/eam-rl4co && mkdir -p logs && export PYTHONPATH=/data1/gushengda/eam-rl4co:'/data1/gushengda/eam-rl4co\PTP':${PYTHONPATH:-} && export LOG_TZ=Asia/Shanghai && export LOG_LEVEL=INFO && nohup /data1/gushengda/anaconda3/envs/rlco1/bin/python3.11 -u PTP/ptp_discovery/run_pref_loss_coevo.py --config PTP/configs/experiment/pref_loss_coevo/alternating_simple.yaml --resume-latest > logs/auto_resume_pref_loss_20260306-031312.out 2>&1 < /dev/null & echo $!
[2026-03-06 08:07:53] running_proc: 6056 /data1/gushengda/anaconda3/envs/rlco1/bin/python3.11 -u PTP/ptp_discovery/run_pref_loss_coevo.py --config PTP/configs/experiment/pref_loss_coevo/alternating_simple.yaml --resume-latest
[2026-03-06 08:09:53] resume_check reason=periodic_online_retry
[2026-03-06 08:09:54] resume_check_noop: pref_loss_process_already_running
[2026-03-06 08:09:54] running_proc: 6054 bash -lc cd /data1/gushengda/eam-rl4co && mkdir -p logs && export PYTHONPATH=/data1/gushengda/eam-rl4co:'/data1/gushengda/eam-rl4co\PTP':${PYTHONPATH:-} && export LOG_TZ=Asia/Shanghai && export LOG_LEVEL=INFO && nohup /data1/gushengda/anaconda3/envs/rlco1/bin/python3.11 -u PTP/ptp_discovery/run_pref_loss_coevo.py --config PTP/configs/experiment/pref_loss_coevo/alternating_simple.yaml --resume-latest > logs/auto_resume_pref_loss_20260306-031312.out 2>&1 < /dev/null & echo $!
[2026-03-06 08:09:54] running_proc: 6056 /data1/gushengda/anaconda3/envs/rlco1/bin/python3.11 -u PTP/ptp_discovery/run_pref_loss_coevo.py --config PTP/configs/experiment/pref_loss_coevo/alternating_simple.yaml --resume-latest
[2026-03-06 08:12:06] resume_check reason=periodic_online_retry
[2026-03-06 08:12:07] resume_check_noop: pref_loss_process_already_running
[2026-03-06 08:12:07] running_proc: 6054 bash -lc cd /data1/gushengda/eam-rl4co && mkdir -p logs && export PYTHONPATH=/data1/gushengda/eam-rl4co:'/data1/gushengda/eam-rl4co\PTP':${PYTHONPATH:-} && export LOG_TZ=Asia/Shanghai && export LOG_LEVEL=INFO && nohup /data1/gushengda/anaconda3/envs/rlco1/bin/python3.11 -u PTP/ptp_discovery/run_pref_loss_coevo.py --config PTP/configs/experiment/pref_loss_coevo/alternating_simple.yaml --resume-latest > logs/auto_resume_pref_loss_20260306-031312.out 2>&1 < /dev/null & echo $!
[2026-03-06 08:12:07] running_proc: 6056 /data1/gushengda/anaconda3/envs/rlco1/bin/python3.11 -u PTP/ptp_discovery/run_pref_loss_coevo.py --config PTP/configs/experiment/pref_loss_coevo/alternating_simple.yaml --resume-latest
[2026-03-06 08:14:17] resume_check reason=periodic_online_retry
[2026-03-06 08:14:19] resume_check_noop: pref_loss_process_already_running
[2026-03-06 08:14:19] running_proc: 6054 bash -lc cd /data1/gushengda/eam-rl4co && mkdir -p logs && export PYTHONPATH=/data1/gushengda/eam-rl4co:'/data1/gushengda/eam-rl4co\PTP':${PYTHONPATH:-} && export LOG_TZ=Asia/Shanghai && export LOG_LEVEL=INFO && nohup /data1/gushengda/anaconda3/envs/rlco1/bin/python3.11 -u PTP/ptp_discovery/run_pref_loss_coevo.py --config PTP/configs/experiment/pref_loss_coevo/alternating_simple.yaml --resume-latest > logs/auto_resume_pref_loss_20260306-031312.out 2>&1 < /dev/null & echo $!
[2026-03-06 08:14:19] running_proc: 6056 /data1/gushengda/anaconda3/envs/rlco1/bin/python3.11 -u PTP/ptp_discovery/run_pref_loss_coevo.py --config PTP/configs/experiment/pref_loss_coevo/alternating_simple.yaml --resume-latest
[2026-03-06 08:16:29] resume_check reason=periodic_online_retry
[2026-03-06 08:16:30] resume_check_noop: pref_loss_process_already_running
[2026-03-06 08:16:30] running_proc: 6054 bash -lc cd /data1/gushengda/eam-rl4co && mkdir -p logs && export PYTHONPATH=/data1/gushengda/eam-rl4co:'/data1/gushengda/eam-rl4co\PTP':${PYTHONPATH:-} && export LOG_TZ=Asia/Shanghai && export LOG_LEVEL=INFO && nohup /data1/gushengda/anaconda3/envs/rlco1/bin/python3.11 -u PTP/ptp_discovery/run_pref_loss_coevo.py --config PTP/configs/experiment/pref_loss_coevo/alternating_simple.yaml --resume-latest > logs/auto_resume_pref_loss_20260306-031312.out 2>&1 < /dev/null & echo $!
[2026-03-06 08:16:30] running_proc: 6056 /data1/gushengda/anaconda3/envs/rlco1/bin/python3.11 -u PTP/ptp_discovery/run_pref_loss_coevo.py --config PTP/configs/experiment/pref_loss_coevo/alternating_simple.yaml --resume-latest
[2026-03-06 08:18:40] resume_check reason=periodic_online_retry
[2026-03-06 08:18:41] resume_check_noop: pref_loss_process_already_running
[2026-03-06 08:18:41] running_proc: 6054 bash -lc cd /data1/gushengda/eam-rl4co && mkdir -p logs && export PYTHONPATH=/data1/gushengda/eam-rl4co:'/data1/gushengda/eam-rl4co\PTP':${PYTHONPATH:-} && export LOG_TZ=Asia/Shanghai && export LOG_LEVEL=INFO && nohup /data1/gushengda/anaconda3/envs/rlco1/bin/python3.11 -u PTP/ptp_discovery/run_pref_loss_coevo.py --config PTP/configs/experiment/pref_loss_coevo/alternating_simple.yaml --resume-latest > logs/auto_resume_pref_loss_20260306-031312.out 2>&1 < /dev/null & echo $!
[2026-03-06 08:18:41] running_proc: 6056 /data1/gushengda/anaconda3/envs/rlco1/bin/python3.11 -u PTP/ptp_discovery/run_pref_loss_coevo.py --config PTP/configs/experiment/pref_loss_coevo/alternating_simple.yaml --resume-latest
[2026-03-06 08:20:52] resume_check reason=periodic_online_retry
[2026-03-06 08:20:53] resume_check_noop: pref_loss_process_already_running
[2026-03-06 08:20:53] running_proc: 6054 bash -lc cd /data1/gushengda/eam-rl4co && mkdir -p logs && export PYTHONPATH=/data1/gushengda/eam-rl4co:'/data1/gushengda/eam-rl4co\PTP':${PYTHONPATH:-} && export LOG_TZ=Asia/Shanghai && export LOG_LEVEL=INFO && nohup /data1/gushengda/anaconda3/envs/rlco1/bin/python3.11 -u PTP/ptp_discovery/run_pref_loss_coevo.py --config PTP/configs/experiment/pref_loss_coevo/alternating_simple.yaml --resume-latest > logs/auto_resume_pref_loss_20260306-031312.out 2>&1 < /dev/null & echo $!
[2026-03-06 08:20:53] running_proc: 6056 /data1/gushengda/anaconda3/envs/rlco1/bin/python3.11 -u PTP/ptp_discovery/run_pref_loss_coevo.py --config PTP/configs/experiment/pref_loss_coevo/alternating_simple.yaml --resume-latest
[2026-03-06 08:23:04] resume_check reason=periodic_online_retry
[2026-03-06 08:23:05] resume_check_noop: pref_loss_process_already_running
[2026-03-06 08:23:05] running_proc: 6054 bash -lc cd /data1/gushengda/eam-rl4co && mkdir -p logs && export PYTHONPATH=/data1/gushengda/eam-rl4co:'/data1/gushengda/eam-rl4co\PTP':${PYTHONPATH:-} && export LOG_TZ=Asia/Shanghai && export LOG_LEVEL=INFO && nohup /data1/gushengda/anaconda3/envs/rlco1/bin/python3.11 -u PTP/ptp_discovery/run_pref_loss_coevo.py --config PTP/configs/experiment/pref_loss_coevo/alternating_simple.yaml --resume-latest > logs/auto_resume_pref_loss_20260306-031312.out 2>&1 < /dev/null & echo $!
[2026-03-06 08:23:05] running_proc: 6056 /data1/gushengda/anaconda3/envs/rlco1/bin/python3.11 -u PTP/ptp_discovery/run_pref_loss_coevo.py --config PTP/configs/experiment/pref_loss_coevo/alternating_simple.yaml --resume-latest
[2026-03-06 08:25:15] resume_check reason=periodic_online_retry
[2026-03-06 08:25:17] resume_check_noop: pref_loss_process_already_running
[2026-03-06 08:25:17] running_proc: 6054 bash -lc cd /data1/gushengda/eam-rl4co && mkdir -p logs && export PYTHONPATH=/data1/gushengda/eam-rl4co:'/data1/gushengda/eam-rl4co\PTP':${PYTHONPATH:-} && export LOG_TZ=Asia/Shanghai && export LOG_LEVEL=INFO && nohup /data1/gushengda/anaconda3/envs/rlco1/bin/python3.11 -u PTP/ptp_discovery/run_pref_loss_coevo.py --config PTP/configs/experiment/pref_loss_coevo/alternating_simple.yaml --resume-latest > logs/auto_resume_pref_loss_20260306-031312.out 2>&1 < /dev/null & echo $!
[2026-03-06 08:25:17] running_proc: 6056 /data1/gushengda/anaconda3/envs/rlco1/bin/python3.11 -u PTP/ptp_discovery/run_pref_loss_coevo.py --config PTP/configs/experiment/pref_loss_coevo/alternating_simple.yaml --resume-latest
[2026-03-06 08:27:27] resume_check reason=periodic_online_retry
[2026-03-06 08:27:28] resume_check_noop: pref_loss_process_already_running
[2026-03-06 08:27:28] running_proc: 6054 bash -lc cd /data1/gushengda/eam-rl4co && mkdir -p logs && export PYTHONPATH=/data1/gushengda/eam-rl4co:'/data1/gushengda/eam-rl4co\PTP':${PYTHONPATH:-} && export LOG_TZ=Asia/Shanghai && export LOG_LEVEL=INFO && nohup /data1/gushengda/anaconda3/envs/rlco1/bin/python3.11 -u PTP/ptp_discovery/run_pref_loss_coevo.py --config PTP/configs/experiment/pref_loss_coevo/alternating_simple.yaml --resume-latest > logs/auto_resume_pref_loss_20260306-031312.out 2>&1 < /dev/null & echo $!
[2026-03-06 08:27:28] running_proc: 6056 /data1/gushengda/anaconda3/envs/rlco1/bin/python3.11 -u PTP/ptp_discovery/run_pref_loss_coevo.py --config PTP/configs/experiment/pref_loss_coevo/alternating_simple.yaml --resume-latest
[2026-03-06 08:29:41] resume_check reason=periodic_online_retry
[2026-03-06 08:29:42] resume_check_noop: pref_loss_process_already_running
[2026-03-06 08:29:42] running_proc: 6054 bash -lc cd /data1/gushengda/eam-rl4co && mkdir -p logs && export PYTHONPATH=/data1/gushengda/eam-rl4co:'/data1/gushengda/eam-rl4co\PTP':${PYTHONPATH:-} && export LOG_TZ=Asia/Shanghai && export LOG_LEVEL=INFO && nohup /data1/gushengda/anaconda3/envs/rlco1/bin/python3.11 -u PTP/ptp_discovery/run_pref_loss_coevo.py --config PTP/configs/experiment/pref_loss_coevo/alternating_simple.yaml --resume-latest > logs/auto_resume_pref_loss_20260306-031312.out 2>&1 < /dev/null & echo $!
[2026-03-06 08:29:42] running_proc: 6056 /data1/gushengda/anaconda3/envs/rlco1/bin/python3.11 -u PTP/ptp_discovery/run_pref_loss_coevo.py --config PTP/configs/experiment/pref_loss_coevo/alternating_simple.yaml --resume-latest
[2026-03-06 08:31:52] resume_check reason=periodic_online_retry
[2026-03-06 08:31:54] resume_check_noop: pref_loss_process_already_running
[2026-03-06 08:31:54] running_proc: 6054 bash -lc cd /data1/gushengda/eam-rl4co && mkdir -p logs && export PYTHONPATH=/data1/gushengda/eam-rl4co:'/data1/gushengda/eam-rl4co\PTP':${PYTHONPATH:-} && export LOG_TZ=Asia/Shanghai && export LOG_LEVEL=INFO && nohup /data1/gushengda/anaconda3/envs/rlco1/bin/python3.11 -u PTP/ptp_discovery/run_pref_loss_coevo.py --config PTP/configs/experiment/pref_loss_coevo/alternating_simple.yaml --resume-latest > logs/auto_resume_pref_loss_20260306-031312.out 2>&1 < /dev/null & echo $!
[2026-03-06 08:31:54] running_proc: 6056 /data1/gushengda/anaconda3/envs/rlco1/bin/python3.11 -u PTP/ptp_discovery/run_pref_loss_coevo.py --config PTP/configs/experiment/pref_loss_coevo/alternating_simple.yaml --resume-latest
[2026-03-06 08:34:04] resume_check reason=periodic_online_retry
[2026-03-06 08:34:05] resume_check_noop: pref_loss_process_already_running
[2026-03-06 08:34:05] running_proc: 6054 bash -lc cd /data1/gushengda/eam-rl4co && mkdir -p logs && export PYTHONPATH=/data1/gushengda/eam-rl4co:'/data1/gushengda/eam-rl4co\PTP':${PYTHONPATH:-} && export LOG_TZ=Asia/Shanghai && export LOG_LEVEL=INFO && nohup /data1/gushengda/anaconda3/envs/rlco1/bin/python3.11 -u PTP/ptp_discovery/run_pref_loss_coevo.py --config PTP/configs/experiment/pref_loss_coevo/alternating_simple.yaml --resume-latest > logs/auto_resume_pref_loss_20260306-031312.out 2>&1 < /dev/null & echo $!
[2026-03-06 08:34:05] running_proc: 6056 /data1/gushengda/anaconda3/envs/rlco1/bin/python3.11 -u PTP/ptp_discovery/run_pref_loss_coevo.py --config PTP/configs/experiment/pref_loss_coevo/alternating_simple.yaml --resume-latest
[2026-03-06 08:36:15] resume_check reason=periodic_online_retry
[2026-03-06 08:36:16] resume_check_noop: pref_loss_process_already_running
[2026-03-06 08:36:16] running_proc: 6054 bash -lc cd /data1/gushengda/eam-rl4co && mkdir -p logs && export PYTHONPATH=/data1/gushengda/eam-rl4co:'/data1/gushengda/eam-rl4co\PTP':${PYTHONPATH:-} && export LOG_TZ=Asia/Shanghai && export LOG_LEVEL=INFO && nohup /data1/gushengda/anaconda3/envs/rlco1/bin/python3.11 -u PTP/ptp_discovery/run_pref_loss_coevo.py --config PTP/configs/experiment/pref_loss_coevo/alternating_simple.yaml --resume-latest > logs/auto_resume_pref_loss_20260306-031312.out 2>&1 < /dev/null & echo $!
[2026-03-06 08:36:16] running_proc: 6056 /data1/gushengda/anaconda3/envs/rlco1/bin/python3.11 -u PTP/ptp_discovery/run_pref_loss_coevo.py --config PTP/configs/experiment/pref_loss_coevo/alternating_simple.yaml --resume-latest
[2026-03-06 08:38:26] resume_check reason=periodic_online_retry
[2026-03-06 08:38:28] resume_check_noop: pref_loss_process_already_running
[2026-03-06 08:38:28] running_proc: 6054 bash -lc cd /data1/gushengda/eam-rl4co && mkdir -p logs && export PYTHONPATH=/data1/gushengda/eam-rl4co:'/data1/gushengda/eam-rl4co\PTP':${PYTHONPATH:-} && export LOG_TZ=Asia/Shanghai && export LOG_LEVEL=INFO && nohup /data1/gushengda/anaconda3/envs/rlco1/bin/python3.11 -u PTP/ptp_discovery/run_pref_loss_coevo.py --config PTP/configs/experiment/pref_loss_coevo/alternating_simple.yaml --resume-latest > logs/auto_resume_pref_loss_20260306-031312.out 2>&1 < /dev/null & echo $!
[2026-03-06 08:38:28] running_proc: 6056 /data1/gushengda/anaconda3/envs/rlco1/bin/python3.11 -u PTP/ptp_discovery/run_pref_loss_coevo.py --config PTP/configs/experiment/pref_loss_coevo/alternating_simple.yaml --resume-latest
[2026-03-06 08:40:37] resume_check reason=periodic_online_retry
[2026-03-06 08:40:39] resume_check_noop: pref_loss_process_already_running
[2026-03-06 08:40:39] running_proc: 6054 bash -lc cd /data1/gushengda/eam-rl4co && mkdir -p logs && export PYTHONPATH=/data1/gushengda/eam-rl4co:'/data1/gushengda/eam-rl4co\PTP':${PYTHONPATH:-} && export LOG_TZ=Asia/Shanghai && export LOG_LEVEL=INFO && nohup /data1/gushengda/anaconda3/envs/rlco1/bin/python3.11 -u PTP/ptp_discovery/run_pref_loss_coevo.py --config PTP/configs/experiment/pref_loss_coevo/alternating_simple.yaml --resume-latest > logs/auto_resume_pref_loss_20260306-031312.out 2>&1 < /dev/null & echo $!
[2026-03-06 08:40:39] running_proc: 6056 /data1/gushengda/anaconda3/envs/rlco1/bin/python3.11 -u PTP/ptp_discovery/run_pref_loss_coevo.py --config PTP/configs/experiment/pref_loss_coevo/alternating_simple.yaml --resume-latest
[2026-03-06 08:42:49] resume_check reason=periodic_online_retry
[2026-03-06 08:42:50] resume_check_noop: pref_loss_process_already_running
[2026-03-06 08:42:50] running_proc: 6054 bash -lc cd /data1/gushengda/eam-rl4co && mkdir -p logs && export PYTHONPATH=/data1/gushengda/eam-rl4co:'/data1/gushengda/eam-rl4co\PTP':${PYTHONPATH:-} && export LOG_TZ=Asia/Shanghai && export LOG_LEVEL=INFO && nohup /data1/gushengda/anaconda3/envs/rlco1/bin/python3.11 -u PTP/ptp_discovery/run_pref_loss_coevo.py --config PTP/configs/experiment/pref_loss_coevo/alternating_simple.yaml --resume-latest > logs/auto_resume_pref_loss_20260306-031312.out 2>&1 < /dev/null & echo $!
[2026-03-06 08:42:50] running_proc: 6056 /data1/gushengda/anaconda3/envs/rlco1/bin/python3.11 -u PTP/ptp_discovery/run_pref_loss_coevo.py --config PTP/configs/experiment/pref_loss_coevo/alternating_simple.yaml --resume-latest
[2026-03-06 08:44:59] resume_check reason=periodic_online_retry
[2026-03-06 08:45:01] resume_check_noop: pref_loss_process_already_running
[2026-03-06 08:45:01] running_proc: 6054 bash -lc cd /data1/gushengda/eam-rl4co && mkdir -p logs && export PYTHONPATH=/data1/gushengda/eam-rl4co:'/data1/gushengda/eam-rl4co\PTP':${PYTHONPATH:-} && export LOG_TZ=Asia/Shanghai && export LOG_LEVEL=INFO && nohup /data1/gushengda/anaconda3/envs/rlco1/bin/python3.11 -u PTP/ptp_discovery/run_pref_loss_coevo.py --config PTP/configs/experiment/pref_loss_coevo/alternating_simple.yaml --resume-latest > logs/auto_resume_pref_loss_20260306-031312.out 2>&1 < /dev/null & echo $!
[2026-03-06 08:45:01] running_proc: 6056 /data1/gushengda/anaconda3/envs/rlco1/bin/python3.11 -u PTP/ptp_discovery/run_pref_loss_coevo.py --config PTP/configs/experiment/pref_loss_coevo/alternating_simple.yaml --resume-latest
[2026-03-06 08:47:11] resume_check reason=periodic_online_retry
[2026-03-06 08:47:12] resume_check_noop: pref_loss_process_already_running
[2026-03-06 08:47:12] running_proc: 6054 bash -lc cd /data1/gushengda/eam-rl4co && mkdir -p logs && export PYTHONPATH=/data1/gushengda/eam-rl4co:'/data1/gushengda/eam-rl4co\PTP':${PYTHONPATH:-} && export LOG_TZ=Asia/Shanghai && export LOG_LEVEL=INFO && nohup /data1/gushengda/anaconda3/envs/rlco1/bin/python3.11 -u PTP/ptp_discovery/run_pref_loss_coevo.py --config PTP/configs/experiment/pref_loss_coevo/alternating_simple.yaml --resume-latest > logs/auto_resume_pref_loss_20260306-031312.out 2>&1 < /dev/null & echo $!
[2026-03-06 08:47:12] running_proc: 6056 /data1/gushengda/anaconda3/envs/rlco1/bin/python3.11 -u PTP/ptp_discovery/run_pref_loss_coevo.py --config PTP/configs/experiment/pref_loss_coevo/alternating_simple.yaml --resume-latest
[2026-03-06 08:49:22] resume_check reason=periodic_online_retry
[2026-03-06 08:49:24] resume_check_noop: pref_loss_process_already_running
[2026-03-06 08:49:24] running_proc: 6054 bash -lc cd /data1/gushengda/eam-rl4co && mkdir -p logs && export PYTHONPATH=/data1/gushengda/eam-rl4co:'/data1/gushengda/eam-rl4co\PTP':${PYTHONPATH:-} && export LOG_TZ=Asia/Shanghai && export LOG_LEVEL=INFO && nohup /data1/gushengda/anaconda3/envs/rlco1/bin/python3.11 -u PTP/ptp_discovery/run_pref_loss_coevo.py --config PTP/configs/experiment/pref_loss_coevo/alternating_simple.yaml --resume-latest > logs/auto_resume_pref_loss_20260306-031312.out 2>&1 < /dev/null & echo $!
[2026-03-06 08:49:24] running_proc: 6056 /data1/gushengda/anaconda3/envs/rlco1/bin/python3.11 -u PTP/ptp_discovery/run_pref_loss_coevo.py --config PTP/configs/experiment/pref_loss_coevo/alternating_simple.yaml --resume-latest
[2026-03-06 08:51:34] resume_check reason=periodic_online_retry
[2026-03-06 08:51:35] resume_check_noop: pref_loss_process_already_running
[2026-03-06 08:51:35] running_proc: 6054 bash -lc cd /data1/gushengda/eam-rl4co && mkdir -p logs && export PYTHONPATH=/data1/gushengda/eam-rl4co:'/data1/gushengda/eam-rl4co\PTP':${PYTHONPATH:-} && export LOG_TZ=Asia/Shanghai && export LOG_LEVEL=INFO && nohup /data1/gushengda/anaconda3/envs/rlco1/bin/python3.11 -u PTP/ptp_discovery/run_pref_loss_coevo.py --config PTP/configs/experiment/pref_loss_coevo/alternating_simple.yaml --resume-latest > logs/auto_resume_pref_loss_20260306-031312.out 2>&1 < /dev/null & echo $!
[2026-03-06 08:51:35] running_proc: 6056 /data1/gushengda/anaconda3/envs/rlco1/bin/python3.11 -u PTP/ptp_discovery/run_pref_loss_coevo.py --config PTP/configs/experiment/pref_loss_coevo/alternating_simple.yaml --resume-latest
[2026-03-06 08:53:46] resume_check reason=periodic_online_retry
[2026-03-06 08:53:47] resume_check_noop: pref_loss_process_already_running
[2026-03-06 08:53:47] running_proc: 6054 bash -lc cd /data1/gushengda/eam-rl4co && mkdir -p logs && export PYTHONPATH=/data1/gushengda/eam-rl4co:'/data1/gushengda/eam-rl4co\PTP':${PYTHONPATH:-} && export LOG_TZ=Asia/Shanghai && export LOG_LEVEL=INFO && nohup /data1/gushengda/anaconda3/envs/rlco1/bin/python3.11 -u PTP/ptp_discovery/run_pref_loss_coevo.py --config PTP/configs/experiment/pref_loss_coevo/alternating_simple.yaml --resume-latest > logs/auto_resume_pref_loss_20260306-031312.out 2>&1 < /dev/null & echo $!
[2026-03-06 08:53:47] running_proc: 6056 /data1/gushengda/anaconda3/envs/rlco1/bin/python3.11 -u PTP/ptp_discovery/run_pref_loss_coevo.py --config PTP/configs/experiment/pref_loss_coevo/alternating_simple.yaml --resume-latest
[2026-03-06 08:55:57] resume_check reason=periodic_online_retry
[2026-03-06 08:55:58] resume_check_noop: pref_loss_process_already_running
[2026-03-06 08:55:58] running_proc: 6054 bash -lc cd /data1/gushengda/eam-rl4co && mkdir -p logs && export PYTHONPATH=/data1/gushengda/eam-rl4co:'/data1/gushengda/eam-rl4co\PTP':${PYTHONPATH:-} && export LOG_TZ=Asia/Shanghai && export LOG_LEVEL=INFO && nohup /data1/gushengda/anaconda3/envs/rlco1/bin/python3.11 -u PTP/ptp_discovery/run_pref_loss_coevo.py --config PTP/configs/experiment/pref_loss_coevo/alternating_simple.yaml --resume-latest > logs/auto_resume_pref_loss_20260306-031312.out 2>&1 < /dev/null & echo $!
[2026-03-06 08:55:58] running_proc: 6056 /data1/gushengda/anaconda3/envs/rlco1/bin/python3.11 -u PTP/ptp_discovery/run_pref_loss_coevo.py --config PTP/configs/experiment/pref_loss_coevo/alternating_simple.yaml --resume-latest
[2026-03-06 08:58:09] resume_check reason=periodic_online_retry
[2026-03-06 08:58:10] resume_check_noop: pref_loss_process_already_running
[2026-03-06 08:58:10] running_proc: 6054 bash -lc cd /data1/gushengda/eam-rl4co && mkdir -p logs && export PYTHONPATH=/data1/gushengda/eam-rl4co:'/data1/gushengda/eam-rl4co\PTP':${PYTHONPATH:-} && export LOG_TZ=Asia/Shanghai && export LOG_LEVEL=INFO && nohup /data1/gushengda/anaconda3/envs/rlco1/bin/python3.11 -u PTP/ptp_discovery/run_pref_loss_coevo.py --config PTP/configs/experiment/pref_loss_coevo/alternating_simple.yaml --resume-latest > logs/auto_resume_pref_loss_20260306-031312.out 2>&1 < /dev/null & echo $!
[2026-03-06 08:58:10] running_proc: 6056 /data1/gushengda/anaconda3/envs/rlco1/bin/python3.11 -u PTP/ptp_discovery/run_pref_loss_coevo.py --config PTP/configs/experiment/pref_loss_coevo/alternating_simple.yaml --resume-latest
[2026-03-06 09:00:21] resume_check reason=periodic_online_retry
[2026-03-06 09:00:22] resume_check_noop: pref_loss_process_already_running
[2026-03-06 09:00:22] running_proc: 6054 bash -lc cd /data1/gushengda/eam-rl4co && mkdir -p logs && export PYTHONPATH=/data1/gushengda/eam-rl4co:'/data1/gushengda/eam-rl4co\PTP':${PYTHONPATH:-} && export LOG_TZ=Asia/Shanghai && export LOG_LEVEL=INFO && nohup /data1/gushengda/anaconda3/envs/rlco1/bin/python3.11 -u PTP/ptp_discovery/run_pref_loss_coevo.py --config PTP/configs/experiment/pref_loss_coevo/alternating_simple.yaml --resume-latest > logs/auto_resume_pref_loss_20260306-031312.out 2>&1 < /dev/null & echo $!
[2026-03-06 09:00:22] running_proc: 6056 /data1/gushengda/anaconda3/envs/rlco1/bin/python3.11 -u PTP/ptp_discovery/run_pref_loss_coevo.py --config PTP/configs/experiment/pref_loss_coevo/alternating_simple.yaml --resume-latest
[2026-03-06 09:02:32] resume_check reason=periodic_online_retry
[2026-03-06 09:02:34] resume_check_noop: pref_loss_process_already_running
[2026-03-06 09:02:34] running_proc: 6054 bash -lc cd /data1/gushengda/eam-rl4co && mkdir -p logs && export PYTHONPATH=/data1/gushengda/eam-rl4co:'/data1/gushengda/eam-rl4co\PTP':${PYTHONPATH:-} && export LOG_TZ=Asia/Shanghai && export LOG_LEVEL=INFO && nohup /data1/gushengda/anaconda3/envs/rlco1/bin/python3.11 -u PTP/ptp_discovery/run_pref_loss_coevo.py --config PTP/configs/experiment/pref_loss_coevo/alternating_simple.yaml --resume-latest > logs/auto_resume_pref_loss_20260306-031312.out 2>&1 < /dev/null & echo $!
[2026-03-06 09:02:34] running_proc: 6056 /data1/gushengda/anaconda3/envs/rlco1/bin/python3.11 -u PTP/ptp_discovery/run_pref_loss_coevo.py --config PTP/configs/experiment/pref_loss_coevo/alternating_simple.yaml --resume-latest
[2026-03-06 09:04:44] resume_check reason=periodic_online_retry
[2026-03-06 09:04:45] resume_check_noop: pref_loss_process_already_running
[2026-03-06 09:04:45] running_proc: 6054 bash -lc cd /data1/gushengda/eam-rl4co && mkdir -p logs && export PYTHONPATH=/data1/gushengda/eam-rl4co:'/data1/gushengda/eam-rl4co\PTP':${PYTHONPATH:-} && export LOG_TZ=Asia/Shanghai && export LOG_LEVEL=INFO && nohup /data1/gushengda/anaconda3/envs/rlco1/bin/python3.11 -u PTP/ptp_discovery/run_pref_loss_coevo.py --config PTP/configs/experiment/pref_loss_coevo/alternating_simple.yaml --resume-latest > logs/auto_resume_pref_loss_20260306-031312.out 2>&1 < /dev/null & echo $!
[2026-03-06 09:04:45] running_proc: 6056 /data1/gushengda/anaconda3/envs/rlco1/bin/python3.11 -u PTP/ptp_discovery/run_pref_loss_coevo.py --config PTP/configs/experiment/pref_loss_coevo/alternating_simple.yaml --resume-latest
[2026-03-06 09:06:55] resume_check reason=periodic_online_retry
[2026-03-06 09:06:57] resume_check_noop: pref_loss_process_already_running
[2026-03-06 09:06:57] running_proc: 6054 bash -lc cd /data1/gushengda/eam-rl4co && mkdir -p logs && export PYTHONPATH=/data1/gushengda/eam-rl4co:'/data1/gushengda/eam-rl4co\PTP':${PYTHONPATH:-} && export LOG_TZ=Asia/Shanghai && export LOG_LEVEL=INFO && nohup /data1/gushengda/anaconda3/envs/rlco1/bin/python3.11 -u PTP/ptp_discovery/run_pref_loss_coevo.py --config PTP/configs/experiment/pref_loss_coevo/alternating_simple.yaml --resume-latest > logs/auto_resume_pref_loss_20260306-031312.out 2>&1 < /dev/null & echo $!
[2026-03-06 09:06:57] running_proc: 6056 /data1/gushengda/anaconda3/envs/rlco1/bin/python3.11 -u PTP/ptp_discovery/run_pref_loss_coevo.py --config PTP/configs/experiment/pref_loss_coevo/alternating_simple.yaml --resume-latest
[2026-03-06 09:09:07] resume_check reason=periodic_online_retry
[2026-03-06 09:09:08] resume_check_noop: pref_loss_process_already_running
[2026-03-06 09:09:08] running_proc: 6054 bash -lc cd /data1/gushengda/eam-rl4co && mkdir -p logs && export PYTHONPATH=/data1/gushengda/eam-rl4co:'/data1/gushengda/eam-rl4co\PTP':${PYTHONPATH:-} && export LOG_TZ=Asia/Shanghai && export LOG_LEVEL=INFO && nohup /data1/gushengda/anaconda3/envs/rlco1/bin/python3.11 -u PTP/ptp_discovery/run_pref_loss_coevo.py --config PTP/configs/experiment/pref_loss_coevo/alternating_simple.yaml --resume-latest > logs/auto_resume_pref_loss_20260306-031312.out 2>&1 < /dev/null & echo $!
[2026-03-06 09:09:08] running_proc: 6056 /data1/gushengda/anaconda3/envs/rlco1/bin/python3.11 -u PTP/ptp_discovery/run_pref_loss_coevo.py --config PTP/configs/experiment/pref_loss_coevo/alternating_simple.yaml --resume-latest
[2026-03-06 09:11:19] resume_check reason=periodic_online_retry
[2026-03-06 09:11:20] resume_check_noop: pref_loss_process_already_running
[2026-03-06 09:11:20] running_proc: 6054 bash -lc cd /data1/gushengda/eam-rl4co && mkdir -p logs && export PYTHONPATH=/data1/gushengda/eam-rl4co:'/data1/gushengda/eam-rl4co\PTP':${PYTHONPATH:-} && export LOG_TZ=Asia/Shanghai && export LOG_LEVEL=INFO && nohup /data1/gushengda/anaconda3/envs/rlco1/bin/python3.11 -u PTP/ptp_discovery/run_pref_loss_coevo.py --config PTP/configs/experiment/pref_loss_coevo/alternating_simple.yaml --resume-latest > logs/auto_resume_pref_loss_20260306-031312.out 2>&1 < /dev/null & echo $!
[2026-03-06 09:11:20] running_proc: 6056 /data1/gushengda/anaconda3/envs/rlco1/bin/python3.11 -u PTP/ptp_discovery/run_pref_loss_coevo.py --config PTP/configs/experiment/pref_loss_coevo/alternating_simple.yaml --resume-latest
[2026-03-06 09:13:30] resume_check reason=periodic_online_retry
[2026-03-06 09:13:31] resume_check_noop: pref_loss_process_already_running
[2026-03-06 09:13:31] running_proc: 6054 bash -lc cd /data1/gushengda/eam-rl4co && mkdir -p logs && export PYTHONPATH=/data1/gushengda/eam-rl4co:'/data1/gushengda/eam-rl4co\PTP':${PYTHONPATH:-} && export LOG_TZ=Asia/Shanghai && export LOG_LEVEL=INFO && nohup /data1/gushengda/anaconda3/envs/rlco1/bin/python3.11 -u PTP/ptp_discovery/run_pref_loss_coevo.py --config PTP/configs/experiment/pref_loss_coevo/alternating_simple.yaml --resume-latest > logs/auto_resume_pref_loss_20260306-031312.out 2>&1 < /dev/null & echo $!
[2026-03-06 09:13:31] running_proc: 6056 /data1/gushengda/anaconda3/envs/rlco1/bin/python3.11 -u PTP/ptp_discovery/run_pref_loss_coevo.py --config PTP/configs/experiment/pref_loss_coevo/alternating_simple.yaml --resume-latest
[2026-03-06 09:15:42] resume_check reason=periodic_online_retry
[2026-03-06 09:15:43] resume_check_noop: pref_loss_process_already_running
[2026-03-06 09:15:43] running_proc: 6054 bash -lc cd /data1/gushengda/eam-rl4co && mkdir -p logs && export PYTHONPATH=/data1/gushengda/eam-rl4co:'/data1/gushengda/eam-rl4co\PTP':${PYTHONPATH:-} && export LOG_TZ=Asia/Shanghai && export LOG_LEVEL=INFO && nohup /data1/gushengda/anaconda3/envs/rlco1/bin/python3.11 -u PTP/ptp_discovery/run_pref_loss_coevo.py --config PTP/configs/experiment/pref_loss_coevo/alternating_simple.yaml --resume-latest > logs/auto_resume_pref_loss_20260306-031312.out 2>&1 < /dev/null & echo $!
[2026-03-06 09:15:43] running_proc: 6056 /data1/gushengda/anaconda3/envs/rlco1/bin/python3.11 -u PTP/ptp_discovery/run_pref_loss_coevo.py --config PTP/configs/experiment/pref_loss_coevo/alternating_simple.yaml --resume-latest
[2026-03-06 09:17:53] resume_check reason=periodic_online_retry
[2026-03-06 09:17:54] resume_check_noop: pref_loss_process_already_running
[2026-03-06 09:17:54] running_proc: 6054 bash -lc cd /data1/gushengda/eam-rl4co && mkdir -p logs && export PYTHONPATH=/data1/gushengda/eam-rl4co:'/data1/gushengda/eam-rl4co\PTP':${PYTHONPATH:-} && export LOG_TZ=Asia/Shanghai && export LOG_LEVEL=INFO && nohup /data1/gushengda/anaconda3/envs/rlco1/bin/python3.11 -u PTP/ptp_discovery/run_pref_loss_coevo.py --config PTP/configs/experiment/pref_loss_coevo/alternating_simple.yaml --resume-latest > logs/auto_resume_pref_loss_20260306-031312.out 2>&1 < /dev/null & echo $!
[2026-03-06 09:17:54] running_proc: 6056 /data1/gushengda/anaconda3/envs/rlco1/bin/python3.11 -u PTP/ptp_discovery/run_pref_loss_coevo.py --config PTP/configs/experiment/pref_loss_coevo/alternating_simple.yaml --resume-latest
[2026-03-06 09:20:04] resume_check reason=periodic_online_retry
[2026-03-06 09:20:06] resume_check_noop: pref_loss_process_already_running
[2026-03-06 09:20:06] running_proc: 6054 bash -lc cd /data1/gushengda/eam-rl4co && mkdir -p logs && export PYTHONPATH=/data1/gushengda/eam-rl4co:'/data1/gushengda/eam-rl4co\PTP':${PYTHONPATH:-} && export LOG_TZ=Asia/Shanghai && export LOG_LEVEL=INFO && nohup /data1/gushengda/anaconda3/envs/rlco1/bin/python3.11 -u PTP/ptp_discovery/run_pref_loss_coevo.py --config PTP/configs/experiment/pref_loss_coevo/alternating_simple.yaml --resume-latest > logs/auto_resume_pref_loss_20260306-031312.out 2>&1 < /dev/null & echo $!
[2026-03-06 09:20:06] running_proc: 6056 /data1/gushengda/anaconda3/envs/rlco1/bin/python3.11 -u PTP/ptp_discovery/run_pref_loss_coevo.py --config PTP/configs/experiment/pref_loss_coevo/alternating_simple.yaml --resume-latest
[2026-03-06 09:22:16] resume_check reason=periodic_online_retry
[2026-03-06 09:22:17] resume_check_noop: pref_loss_process_already_running
[2026-03-06 09:22:17] running_proc: 6054 bash -lc cd /data1/gushengda/eam-rl4co && mkdir -p logs && export PYTHONPATH=/data1/gushengda/eam-rl4co:'/data1/gushengda/eam-rl4co\PTP':${PYTHONPATH:-} && export LOG_TZ=Asia/Shanghai && export LOG_LEVEL=INFO && nohup /data1/gushengda/anaconda3/envs/rlco1/bin/python3.11 -u PTP/ptp_discovery/run_pref_loss_coevo.py --config PTP/configs/experiment/pref_loss_coevo/alternating_simple.yaml --resume-latest > logs/auto_resume_pref_loss_20260306-031312.out 2>&1 < /dev/null & echo $!
[2026-03-06 09:22:17] running_proc: 6056 /data1/gushengda/anaconda3/envs/rlco1/bin/python3.11 -u PTP/ptp_discovery/run_pref_loss_coevo.py --config PTP/configs/experiment/pref_loss_coevo/alternating_simple.yaml --resume-latest
[2026-03-06 09:24:28] resume_check reason=periodic_online_retry
[2026-03-06 09:24:29] resume_check_noop: pref_loss_process_already_running
[2026-03-06 09:24:29] running_proc: 6054 bash -lc cd /data1/gushengda/eam-rl4co && mkdir -p logs && export PYTHONPATH=/data1/gushengda/eam-rl4co:'/data1/gushengda/eam-rl4co\PTP':${PYTHONPATH:-} && export LOG_TZ=Asia/Shanghai && export LOG_LEVEL=INFO && nohup /data1/gushengda/anaconda3/envs/rlco1/bin/python3.11 -u PTP/ptp_discovery/run_pref_loss_coevo.py --config PTP/configs/experiment/pref_loss_coevo/alternating_simple.yaml --resume-latest > logs/auto_resume_pref_loss_20260306-031312.out 2>&1 < /dev/null & echo $!
[2026-03-06 09:24:29] running_proc: 6056 /data1/gushengda/anaconda3/envs/rlco1/bin/python3.11 -u PTP/ptp_discovery/run_pref_loss_coevo.py --config PTP/configs/experiment/pref_loss_coevo/alternating_simple.yaml --resume-latest
[2026-03-06 09:26:39] resume_check reason=periodic_online_retry
[2026-03-06 09:26:41] resume_check_noop: pref_loss_process_already_running
[2026-03-06 09:26:41] running_proc: 6054 bash -lc cd /data1/gushengda/eam-rl4co && mkdir -p logs && export PYTHONPATH=/data1/gushengda/eam-rl4co:'/data1/gushengda/eam-rl4co\PTP':${PYTHONPATH:-} && export LOG_TZ=Asia/Shanghai && export LOG_LEVEL=INFO && nohup /data1/gushengda/anaconda3/envs/rlco1/bin/python3.11 -u PTP/ptp_discovery/run_pref_loss_coevo.py --config PTP/configs/experiment/pref_loss_coevo/alternating_simple.yaml --resume-latest > logs/auto_resume_pref_loss_20260306-031312.out 2>&1 < /dev/null & echo $!
[2026-03-06 09:26:41] running_proc: 6056 /data1/gushengda/anaconda3/envs/rlco1/bin/python3.11 -u PTP/ptp_discovery/run_pref_loss_coevo.py --config PTP/configs/experiment/pref_loss_coevo/alternating_simple.yaml --resume-latest
[2026-03-06 09:28:51] resume_check reason=periodic_online_retry
[2026-03-06 09:28:52] resume_check_noop: pref_loss_process_already_running
[2026-03-06 09:28:52] running_proc: 6054 bash -lc cd /data1/gushengda/eam-rl4co && mkdir -p logs && export PYTHONPATH=/data1/gushengda/eam-rl4co:'/data1/gushengda/eam-rl4co\PTP':${PYTHONPATH:-} && export LOG_TZ=Asia/Shanghai && export LOG_LEVEL=INFO && nohup /data1/gushengda/anaconda3/envs/rlco1/bin/python3.11 -u PTP/ptp_discovery/run_pref_loss_coevo.py --config PTP/configs/experiment/pref_loss_coevo/alternating_simple.yaml --resume-latest > logs/auto_resume_pref_loss_20260306-031312.out 2>&1 < /dev/null & echo $!
[2026-03-06 09:28:52] running_proc: 6056 /data1/gushengda/anaconda3/envs/rlco1/bin/python3.11 -u PTP/ptp_discovery/run_pref_loss_coevo.py --config PTP/configs/experiment/pref_loss_coevo/alternating_simple.yaml --resume-latest
[2026-03-06 09:31:02] resume_check reason=periodic_online_retry
[2026-03-06 09:31:04] resume_check_noop: pref_loss_process_already_running
[2026-03-06 09:31:04] running_proc: 6054 bash -lc cd /data1/gushengda/eam-rl4co && mkdir -p logs && export PYTHONPATH=/data1/gushengda/eam-rl4co:'/data1/gushengda/eam-rl4co\PTP':${PYTHONPATH:-} && export LOG_TZ=Asia/Shanghai && export LOG_LEVEL=INFO && nohup /data1/gushengda/anaconda3/envs/rlco1/bin/python3.11 -u PTP/ptp_discovery/run_pref_loss_coevo.py --config PTP/configs/experiment/pref_loss_coevo/alternating_simple.yaml --resume-latest > logs/auto_resume_pref_loss_20260306-031312.out 2>&1 < /dev/null & echo $!
[2026-03-06 09:31:04] running_proc: 6056 /data1/gushengda/anaconda3/envs/rlco1/bin/python3.11 -u PTP/ptp_discovery/run_pref_loss_coevo.py --config PTP/configs/experiment/pref_loss_coevo/alternating_simple.yaml --resume-latest
[2026-03-06 09:33:14] resume_check reason=periodic_online_retry
[2026-03-06 09:33:15] resume_check_noop: pref_loss_process_already_running
[2026-03-06 09:33:15] running_proc: 6054 bash -lc cd /data1/gushengda/eam-rl4co && mkdir -p logs && export PYTHONPATH=/data1/gushengda/eam-rl4co:'/data1/gushengda/eam-rl4co\PTP':${PYTHONPATH:-} && export LOG_TZ=Asia/Shanghai && export LOG_LEVEL=INFO && nohup /data1/gushengda/anaconda3/envs/rlco1/bin/python3.11 -u PTP/ptp_discovery/run_pref_loss_coevo.py --config PTP/configs/experiment/pref_loss_coevo/alternating_simple.yaml --resume-latest > logs/auto_resume_pref_loss_20260306-031312.out 2>&1 < /dev/null & echo $!
[2026-03-06 09:33:15] running_proc: 6056 /data1/gushengda/anaconda3/envs/rlco1/bin/python3.11 -u PTP/ptp_discovery/run_pref_loss_coevo.py --config PTP/configs/experiment/pref_loss_coevo/alternating_simple.yaml --resume-latest
[2026-03-06 09:35:25] resume_check reason=periodic_online_retry
[2026-03-06 09:35:27] resume_check_noop: pref_loss_process_already_running
[2026-03-06 09:35:27] running_proc: 6054 bash -lc cd /data1/gushengda/eam-rl4co && mkdir -p logs && export PYTHONPATH=/data1/gushengda/eam-rl4co:'/data1/gushengda/eam-rl4co\PTP':${PYTHONPATH:-} && export LOG_TZ=Asia/Shanghai && export LOG_LEVEL=INFO && nohup /data1/gushengda/anaconda3/envs/rlco1/bin/python3.11 -u PTP/ptp_discovery/run_pref_loss_coevo.py --config PTP/configs/experiment/pref_loss_coevo/alternating_simple.yaml --resume-latest > logs/auto_resume_pref_loss_20260306-031312.out 2>&1 < /dev/null & echo $!
[2026-03-06 09:35:27] running_proc: 6056 /data1/gushengda/anaconda3/envs/rlco1/bin/python3.11 -u PTP/ptp_discovery/run_pref_loss_coevo.py --config PTP/configs/experiment/pref_loss_coevo/alternating_simple.yaml --resume-latest
[2026-03-06 09:37:37] resume_check reason=periodic_online_retry
[2026-03-06 09:37:38] resume_check_noop: pref_loss_process_already_running
[2026-03-06 09:37:38] running_proc: 6054 bash -lc cd /data1/gushengda/eam-rl4co && mkdir -p logs && export PYTHONPATH=/data1/gushengda/eam-rl4co:'/data1/gushengda/eam-rl4co\PTP':${PYTHONPATH:-} && export LOG_TZ=Asia/Shanghai && export LOG_LEVEL=INFO && nohup /data1/gushengda/anaconda3/envs/rlco1/bin/python3.11 -u PTP/ptp_discovery/run_pref_loss_coevo.py --config PTP/configs/experiment/pref_loss_coevo/alternating_simple.yaml --resume-latest > logs/auto_resume_pref_loss_20260306-031312.out 2>&1 < /dev/null & echo $!
[2026-03-06 09:37:38] running_proc: 6056 /data1/gushengda/anaconda3/envs/rlco1/bin/python3.11 -u PTP/ptp_discovery/run_pref_loss_coevo.py --config PTP/configs/experiment/pref_loss_coevo/alternating_simple.yaml --resume-latest
[2026-03-06 09:39:48] resume_check reason=periodic_online_retry
[2026-03-06 09:39:49] resume_check_noop: pref_loss_process_already_running
[2026-03-06 09:39:49] running_proc: 6054 bash -lc cd /data1/gushengda/eam-rl4co && mkdir -p logs && export PYTHONPATH=/data1/gushengda/eam-rl4co:'/data1/gushengda/eam-rl4co\PTP':${PYTHONPATH:-} && export LOG_TZ=Asia/Shanghai && export LOG_LEVEL=INFO && nohup /data1/gushengda/anaconda3/envs/rlco1/bin/python3.11 -u PTP/ptp_discovery/run_pref_loss_coevo.py --config PTP/configs/experiment/pref_loss_coevo/alternating_simple.yaml --resume-latest > logs/auto_resume_pref_loss_20260306-031312.out 2>&1 < /dev/null & echo $!
[2026-03-06 09:39:49] running_proc: 6056 /data1/gushengda/anaconda3/envs/rlco1/bin/python3.11 -u PTP/ptp_discovery/run_pref_loss_coevo.py --config PTP/configs/experiment/pref_loss_coevo/alternating_simple.yaml --resume-latest
[2026-03-06 09:42:00] resume_check reason=periodic_online_retry
[2026-03-06 09:42:01] resume_check_noop: pref_loss_process_already_running
[2026-03-06 09:42:01] running_proc: 6054 bash -lc cd /data1/gushengda/eam-rl4co && mkdir -p logs && export PYTHONPATH=/data1/gushengda/eam-rl4co:'/data1/gushengda/eam-rl4co\PTP':${PYTHONPATH:-} && export LOG_TZ=Asia/Shanghai && export LOG_LEVEL=INFO && nohup /data1/gushengda/anaconda3/envs/rlco1/bin/python3.11 -u PTP/ptp_discovery/run_pref_loss_coevo.py --config PTP/configs/experiment/pref_loss_coevo/alternating_simple.yaml --resume-latest > logs/auto_resume_pref_loss_20260306-031312.out 2>&1 < /dev/null & echo $!
[2026-03-06 09:42:01] running_proc: 6056 /data1/gushengda/anaconda3/envs/rlco1/bin/python3.11 -u PTP/ptp_discovery/run_pref_loss_coevo.py --config PTP/configs/experiment/pref_loss_coevo/alternating_simple.yaml --resume-latest
[2026-03-06 09:44:11] resume_check reason=periodic_online_retry
[2026-03-06 09:44:13] resume_check_noop: pref_loss_process_already_running
[2026-03-06 09:44:13] running_proc: 6054 bash -lc cd /data1/gushengda/eam-rl4co && mkdir -p logs && export PYTHONPATH=/data1/gushengda/eam-rl4co:'/data1/gushengda/eam-rl4co\PTP':${PYTHONPATH:-} && export LOG_TZ=Asia/Shanghai && export LOG_LEVEL=INFO && nohup /data1/gushengda/anaconda3/envs/rlco1/bin/python3.11 -u PTP/ptp_discovery/run_pref_loss_coevo.py --config PTP/configs/experiment/pref_loss_coevo/alternating_simple.yaml --resume-latest > logs/auto_resume_pref_loss_20260306-031312.out 2>&1 < /dev/null & echo $!
[2026-03-06 09:44:13] running_proc: 6056 /data1/gushengda/anaconda3/envs/rlco1/bin/python3.11 -u PTP/ptp_discovery/run_pref_loss_coevo.py --config PTP/configs/experiment/pref_loss_coevo/alternating_simple.yaml --resume-latest
[2026-03-06 09:46:23] resume_check reason=periodic_online_retry
[2026-03-06 09:46:24] resume_check_noop: pref_loss_process_already_running
[2026-03-06 09:46:24] running_proc: 6054 bash -lc cd /data1/gushengda/eam-rl4co && mkdir -p logs && export PYTHONPATH=/data1/gushengda/eam-rl4co:'/data1/gushengda/eam-rl4co\PTP':${PYTHONPATH:-} && export LOG_TZ=Asia/Shanghai && export LOG_LEVEL=INFO && nohup /data1/gushengda/anaconda3/envs/rlco1/bin/python3.11 -u PTP/ptp_discovery/run_pref_loss_coevo.py --config PTP/configs/experiment/pref_loss_coevo/alternating_simple.yaml --resume-latest > logs/auto_resume_pref_loss_20260306-031312.out 2>&1 < /dev/null & echo $!
[2026-03-06 09:46:24] running_proc: 6056 /data1/gushengda/anaconda3/envs/rlco1/bin/python3.11 -u PTP/ptp_discovery/run_pref_loss_coevo.py --config PTP/configs/experiment/pref_loss_coevo/alternating_simple.yaml --resume-latest
[2026-03-06 09:48:34] resume_check reason=periodic_online_retry
[2026-03-06 09:48:35] resume_check_noop: pref_loss_process_already_running
[2026-03-06 09:48:35] running_proc: 6054 bash -lc cd /data1/gushengda/eam-rl4co && mkdir -p logs && export PYTHONPATH=/data1/gushengda/eam-rl4co:'/data1/gushengda/eam-rl4co\PTP':${PYTHONPATH:-} && export LOG_TZ=Asia/Shanghai && export LOG_LEVEL=INFO && nohup /data1/gushengda/anaconda3/envs/rlco1/bin/python3.11 -u PTP/ptp_discovery/run_pref_loss_coevo.py --config PTP/configs/experiment/pref_loss_coevo/alternating_simple.yaml --resume-latest > logs/auto_resume_pref_loss_20260306-031312.out 2>&1 < /dev/null & echo $!
[2026-03-06 09:48:35] running_proc: 6056 /data1/gushengda/anaconda3/envs/rlco1/bin/python3.11 -u PTP/ptp_discovery/run_pref_loss_coevo.py --config PTP/configs/experiment/pref_loss_coevo/alternating_simple.yaml --resume-latest
[2026-03-06 09:50:45] resume_check reason=periodic_online_retry
[2026-03-06 09:50:47] resume_check_noop: pref_loss_process_already_running
[2026-03-06 09:50:47] running_proc: 6054 bash -lc cd /data1/gushengda/eam-rl4co && mkdir -p logs && export PYTHONPATH=/data1/gushengda/eam-rl4co:'/data1/gushengda/eam-rl4co\PTP':${PYTHONPATH:-} && export LOG_TZ=Asia/Shanghai && export LOG_LEVEL=INFO && nohup /data1/gushengda/anaconda3/envs/rlco1/bin/python3.11 -u PTP/ptp_discovery/run_pref_loss_coevo.py --config PTP/configs/experiment/pref_loss_coevo/alternating_simple.yaml --resume-latest > logs/auto_resume_pref_loss_20260306-031312.out 2>&1 < /dev/null & echo $!
[2026-03-06 09:50:47] running_proc: 6056 /data1/gushengda/anaconda3/envs/rlco1/bin/python3.11 -u PTP/ptp_discovery/run_pref_loss_coevo.py --config PTP/configs/experiment/pref_loss_coevo/alternating_simple.yaml --resume-latest
[2026-03-06 09:52:57] resume_check reason=periodic_online_retry
[2026-03-06 09:52:59] resume_check_noop: pref_loss_process_already_running
[2026-03-06 09:52:59] running_proc: 6054 bash -lc cd /data1/gushengda/eam-rl4co && mkdir -p logs && export PYTHONPATH=/data1/gushengda/eam-rl4co:'/data1/gushengda/eam-rl4co\PTP':${PYTHONPATH:-} && export LOG_TZ=Asia/Shanghai && export LOG_LEVEL=INFO && nohup /data1/gushengda/anaconda3/envs/rlco1/bin/python3.11 -u PTP/ptp_discovery/run_pref_loss_coevo.py --config PTP/configs/experiment/pref_loss_coevo/alternating_simple.yaml --resume-latest > logs/auto_resume_pref_loss_20260306-031312.out 2>&1 < /dev/null & echo $!
[2026-03-06 09:52:59] running_proc: 6056 /data1/gushengda/anaconda3/envs/rlco1/bin/python3.11 -u PTP/ptp_discovery/run_pref_loss_coevo.py --config PTP/configs/experiment/pref_loss_coevo/alternating_simple.yaml --resume-latest
[2026-03-06 09:55:09] resume_check reason=periodic_online_retry
[2026-03-06 09:55:10] resume_check_noop: pref_loss_process_already_running
[2026-03-06 09:55:10] running_proc: 6054 bash -lc cd /data1/gushengda/eam-rl4co && mkdir -p logs && export PYTHONPATH=/data1/gushengda/eam-rl4co:'/data1/gushengda/eam-rl4co\PTP':${PYTHONPATH:-} && export LOG_TZ=Asia/Shanghai && export LOG_LEVEL=INFO && nohup /data1/gushengda/anaconda3/envs/rlco1/bin/python3.11 -u PTP/ptp_discovery/run_pref_loss_coevo.py --config PTP/configs/experiment/pref_loss_coevo/alternating_simple.yaml --resume-latest > logs/auto_resume_pref_loss_20260306-031312.out 2>&1 < /dev/null & echo $!
[2026-03-06 09:55:10] running_proc: 6056 /data1/gushengda/anaconda3/envs/rlco1/bin/python3.11 -u PTP/ptp_discovery/run_pref_loss_coevo.py --config PTP/configs/experiment/pref_loss_coevo/alternating_simple.yaml --resume-latest
[2026-03-06 09:57:21] resume_check reason=periodic_online_retry
[2026-03-06 09:57:22] resume_check_noop: pref_loss_process_already_running
[2026-03-06 09:57:22] running_proc: 6054 bash -lc cd /data1/gushengda/eam-rl4co && mkdir -p logs && export PYTHONPATH=/data1/gushengda/eam-rl4co:'/data1/gushengda/eam-rl4co\PTP':${PYTHONPATH:-} && export LOG_TZ=Asia/Shanghai && export LOG_LEVEL=INFO && nohup /data1/gushengda/anaconda3/envs/rlco1/bin/python3.11 -u PTP/ptp_discovery/run_pref_loss_coevo.py --config PTP/configs/experiment/pref_loss_coevo/alternating_simple.yaml --resume-latest > logs/auto_resume_pref_loss_20260306-031312.out 2>&1 < /dev/null & echo $!
[2026-03-06 09:57:22] running_proc: 6056 /data1/gushengda/anaconda3/envs/rlco1/bin/python3.11 -u PTP/ptp_discovery/run_pref_loss_coevo.py --config PTP/configs/experiment/pref_loss_coevo/alternating_simple.yaml --resume-latest
[2026-03-06 09:59:32] resume_check reason=periodic_online_retry
[2026-03-06 09:59:33] resume_check_noop: pref_loss_process_already_running
[2026-03-06 09:59:33] running_proc: 6054 bash -lc cd /data1/gushengda/eam-rl4co && mkdir -p logs && export PYTHONPATH=/data1/gushengda/eam-rl4co:'/data1/gushengda/eam-rl4co\PTP':${PYTHONPATH:-} && export LOG_TZ=Asia/Shanghai && export LOG_LEVEL=INFO && nohup /data1/gushengda/anaconda3/envs/rlco1/bin/python3.11 -u PTP/ptp_discovery/run_pref_loss_coevo.py --config PTP/configs/experiment/pref_loss_coevo/alternating_simple.yaml --resume-latest > logs/auto_resume_pref_loss_20260306-031312.out 2>&1 < /dev/null & echo $!
[2026-03-06 09:59:33] running_proc: 6056 /data1/gushengda/anaconda3/envs/rlco1/bin/python3.11 -u PTP/ptp_discovery/run_pref_loss_coevo.py --config PTP/configs/experiment/pref_loss_coevo/alternating_simple.yaml --resume-latest
[2026-03-06 10:01:44] resume_check reason=periodic_online_retry
[2026-03-06 10:01:45] resume_check_noop: pref_loss_process_already_running
[2026-03-06 10:01:45] running_proc: 6054 bash -lc cd /data1/gushengda/eam-rl4co && mkdir -p logs && export PYTHONPATH=/data1/gushengda/eam-rl4co:'/data1/gushengda/eam-rl4co\PTP':${PYTHONPATH:-} && export LOG_TZ=Asia/Shanghai && export LOG_LEVEL=INFO && nohup /data1/gushengda/anaconda3/envs/rlco1/bin/python3.11 -u PTP/ptp_discovery/run_pref_loss_coevo.py --config PTP/configs/experiment/pref_loss_coevo/alternating_simple.yaml --resume-latest > logs/auto_resume_pref_loss_20260306-031312.out 2>&1 < /dev/null & echo $!
[2026-03-06 10:01:45] running_proc: 6056 /data1/gushengda/anaconda3/envs/rlco1/bin/python3.11 -u PTP/ptp_discovery/run_pref_loss_coevo.py --config PTP/configs/experiment/pref_loss_coevo/alternating_simple.yaml --resume-latest
[2026-03-06 10:03:56] resume_check reason=periodic_online_retry
[2026-03-06 10:03:57] resume_check_noop: pref_loss_process_already_running
[2026-03-06 10:03:57] running_proc: 6054 bash -lc cd /data1/gushengda/eam-rl4co && mkdir -p logs && export PYTHONPATH=/data1/gushengda/eam-rl4co:'/data1/gushengda/eam-rl4co\PTP':${PYTHONPATH:-} && export LOG_TZ=Asia/Shanghai && export LOG_LEVEL=INFO && nohup /data1/gushengda/anaconda3/envs/rlco1/bin/python3.11 -u PTP/ptp_discovery/run_pref_loss_coevo.py --config PTP/configs/experiment/pref_loss_coevo/alternating_simple.yaml --resume-latest > logs/auto_resume_pref_loss_20260306-031312.out 2>&1 < /dev/null & echo $!
[2026-03-06 10:03:57] running_proc: 6056 /data1/gushengda/anaconda3/envs/rlco1/bin/python3.11 -u PTP/ptp_discovery/run_pref_loss_coevo.py --config PTP/configs/experiment/pref_loss_coevo/alternating_simple.yaml --resume-latest
[2026-03-06 10:06:00] resume_check reason=periodic_online_retry
[2026-03-06 10:06:01] resume_check_noop: pref_loss_process_already_running
[2026-03-06 10:06:01] running_proc: 6054 bash -lc cd /data1/gushengda/eam-rl4co && mkdir -p logs && export PYTHONPATH=/data1/gushengda/eam-rl4co:'/data1/gushengda/eam-rl4co\PTP':${PYTHONPATH:-} && export LOG_TZ=Asia/Shanghai && export LOG_LEVEL=INFO && nohup /data1/gushengda/anaconda3/envs/rlco1/bin/python3.11 -u PTP/ptp_discovery/run_pref_loss_coevo.py --config PTP/configs/experiment/pref_loss_coevo/alternating_simple.yaml --resume-latest > logs/auto_resume_pref_loss_20260306-031312.out 2>&1 < /dev/null & echo $!
[2026-03-06 10:06:01] running_proc: 6056 /data1/gushengda/anaconda3/envs/rlco1/bin/python3.11 -u PTP/ptp_discovery/run_pref_loss_coevo.py --config PTP/configs/experiment/pref_loss_coevo/alternating_simple.yaml --resume-latest
[2026-03-06 10:08:05] resume_check reason=periodic_online_retry
[2026-03-06 10:08:07] resume_check_noop: pref_loss_process_already_running
[2026-03-06 10:08:07] running_proc: 6054 bash -lc cd /data1/gushengda/eam-rl4co && mkdir -p logs && export PYTHONPATH=/data1/gushengda/eam-rl4co:'/data1/gushengda/eam-rl4co\PTP':${PYTHONPATH:-} && export LOG_TZ=Asia/Shanghai && export LOG_LEVEL=INFO && nohup /data1/gushengda/anaconda3/envs/rlco1/bin/python3.11 -u PTP/ptp_discovery/run_pref_loss_coevo.py --config PTP/configs/experiment/pref_loss_coevo/alternating_simple.yaml --resume-latest > logs/auto_resume_pref_loss_20260306-031312.out 2>&1 < /dev/null & echo $!
[2026-03-06 10:08:07] running_proc: 6056 /data1/gushengda/anaconda3/envs/rlco1/bin/python3.11 -u PTP/ptp_discovery/run_pref_loss_coevo.py --config PTP/configs/experiment/pref_loss_coevo/alternating_simple.yaml --resume-latest
[2026-03-06 10:10:11] resume_check reason=periodic_online_retry
[2026-03-06 10:10:13] resume_check_noop: pref_loss_process_already_running
[2026-03-06 10:10:13] running_proc: 6054 bash -lc cd /data1/gushengda/eam-rl4co && mkdir -p logs && export PYTHONPATH=/data1/gushengda/eam-rl4co:'/data1/gushengda/eam-rl4co\PTP':${PYTHONPATH:-} && export LOG_TZ=Asia/Shanghai && export LOG_LEVEL=INFO && nohup /data1/gushengda/anaconda3/envs/rlco1/bin/python3.11 -u PTP/ptp_discovery/run_pref_loss_coevo.py --config PTP/configs/experiment/pref_loss_coevo/alternating_simple.yaml --resume-latest > logs/auto_resume_pref_loss_20260306-031312.out 2>&1 < /dev/null & echo $!
[2026-03-06 10:10:13] running_proc: 6056 /data1/gushengda/anaconda3/envs/rlco1/bin/python3.11 -u PTP/ptp_discovery/run_pref_loss_coevo.py --config PTP/configs/experiment/pref_loss_coevo/alternating_simple.yaml --resume-latest
[2026-03-06 10:12:21] resume_check reason=periodic_online_retry
[2026-03-06 10:12:23] resume_check_noop: pref_loss_process_already_running
[2026-03-06 10:12:23] running_proc: 6054 bash -lc cd /data1/gushengda/eam-rl4co && mkdir -p logs && export PYTHONPATH=/data1/gushengda/eam-rl4co:'/data1/gushengda/eam-rl4co\PTP':${PYTHONPATH:-} && export LOG_TZ=Asia/Shanghai && export LOG_LEVEL=INFO && nohup /data1/gushengda/anaconda3/envs/rlco1/bin/python3.11 -u PTP/ptp_discovery/run_pref_loss_coevo.py --config PTP/configs/experiment/pref_loss_coevo/alternating_simple.yaml --resume-latest > logs/auto_resume_pref_loss_20260306-031312.out 2>&1 < /dev/null & echo $!
[2026-03-06 10:12:23] running_proc: 6056 /data1/gushengda/anaconda3/envs/rlco1/bin/python3.11 -u PTP/ptp_discovery/run_pref_loss_coevo.py --config PTP/configs/experiment/pref_loss_coevo/alternating_simple.yaml --resume-latest
[2026-03-06 10:14:22] resume_check reason=periodic_online_retry
[2026-03-06 10:14:23] resume_check_noop: pref_loss_process_already_running
[2026-03-06 10:14:23] running_proc: 6054 bash -lc cd /data1/gushengda/eam-rl4co && mkdir -p logs && export PYTHONPATH=/data1/gushengda/eam-rl4co:'/data1/gushengda/eam-rl4co\PTP':${PYTHONPATH:-} && export LOG_TZ=Asia/Shanghai && export LOG_LEVEL=INFO && nohup /data1/gushengda/anaconda3/envs/rlco1/bin/python3.11 -u PTP/ptp_discovery/run_pref_loss_coevo.py --config PTP/configs/experiment/pref_loss_coevo/alternating_simple.yaml --resume-latest > logs/auto_resume_pref_loss_20260306-031312.out 2>&1 < /dev/null & echo $!
[2026-03-06 10:14:23] running_proc: 6056 /data1/gushengda/anaconda3/envs/rlco1/bin/python3.11 -u PTP/ptp_discovery/run_pref_loss_coevo.py --config PTP/configs/experiment/pref_loss_coevo/alternating_simple.yaml --resume-latest
[2026-03-06 10:16:33] resume_check reason=periodic_online_retry
[2026-03-06 10:16:34] resume_check_noop: pref_loss_process_already_running
[2026-03-06 10:16:34] running_proc: 6054 bash -lc cd /data1/gushengda/eam-rl4co && mkdir -p logs && export PYTHONPATH=/data1/gushengda/eam-rl4co:'/data1/gushengda/eam-rl4co\PTP':${PYTHONPATH:-} && export LOG_TZ=Asia/Shanghai && export LOG_LEVEL=INFO && nohup /data1/gushengda/anaconda3/envs/rlco1/bin/python3.11 -u PTP/ptp_discovery/run_pref_loss_coevo.py --config PTP/configs/experiment/pref_loss_coevo/alternating_simple.yaml --resume-latest > logs/auto_resume_pref_loss_20260306-031312.out 2>&1 < /dev/null & echo $!
[2026-03-06 10:16:34] running_proc: 6056 /data1/gushengda/anaconda3/envs/rlco1/bin/python3.11 -u PTP/ptp_discovery/run_pref_loss_coevo.py --config PTP/configs/experiment/pref_loss_coevo/alternating_simple.yaml --resume-latest
[2026-03-06 10:18:45] resume_check reason=periodic_online_retry
[2026-03-06 10:18:46] resume_check_noop: pref_loss_process_already_running
[2026-03-06 10:18:46] running_proc: 6054 bash -lc cd /data1/gushengda/eam-rl4co && mkdir -p logs && export PYTHONPATH=/data1/gushengda/eam-rl4co:'/data1/gushengda/eam-rl4co\PTP':${PYTHONPATH:-} && export LOG_TZ=Asia/Shanghai && export LOG_LEVEL=INFO && nohup /data1/gushengda/anaconda3/envs/rlco1/bin/python3.11 -u PTP/ptp_discovery/run_pref_loss_coevo.py --config PTP/configs/experiment/pref_loss_coevo/alternating_simple.yaml --resume-latest > logs/auto_resume_pref_loss_20260306-031312.out 2>&1 < /dev/null & echo $!
[2026-03-06 10:18:46] running_proc: 6056 /data1/gushengda/anaconda3/envs/rlco1/bin/python3.11 -u PTP/ptp_discovery/run_pref_loss_coevo.py --config PTP/configs/experiment/pref_loss_coevo/alternating_simple.yaml --resume-latest
[2026-03-06 10:20:56] resume_check reason=periodic_online_retry
[2026-03-06 10:20:57] resume_check_noop: pref_loss_process_already_running
[2026-03-06 10:20:57] running_proc: 6054 bash -lc cd /data1/gushengda/eam-rl4co && mkdir -p logs && export PYTHONPATH=/data1/gushengda/eam-rl4co:'/data1/gushengda/eam-rl4co\PTP':${PYTHONPATH:-} && export LOG_TZ=Asia/Shanghai && export LOG_LEVEL=INFO && nohup /data1/gushengda/anaconda3/envs/rlco1/bin/python3.11 -u PTP/ptp_discovery/run_pref_loss_coevo.py --config PTP/configs/experiment/pref_loss_coevo/alternating_simple.yaml --resume-latest > logs/auto_resume_pref_loss_20260306-031312.out 2>&1 < /dev/null & echo $!
[2026-03-06 10:20:57] running_proc: 6056 /data1/gushengda/anaconda3/envs/rlco1/bin/python3.11 -u PTP/ptp_discovery/run_pref_loss_coevo.py --config PTP/configs/experiment/pref_loss_coevo/alternating_simple.yaml --resume-latest
[2026-03-06 10:23:07] resume_check reason=periodic_online_retry
[2026-03-06 10:23:09] resume_check_noop: pref_loss_process_already_running
[2026-03-06 10:23:09] running_proc: 6054 bash -lc cd /data1/gushengda/eam-rl4co && mkdir -p logs && export PYTHONPATH=/data1/gushengda/eam-rl4co:'/data1/gushengda/eam-rl4co\PTP':${PYTHONPATH:-} && export LOG_TZ=Asia/Shanghai && export LOG_LEVEL=INFO && nohup /data1/gushengda/anaconda3/envs/rlco1/bin/python3.11 -u PTP/ptp_discovery/run_pref_loss_coevo.py --config PTP/configs/experiment/pref_loss_coevo/alternating_simple.yaml --resume-latest > logs/auto_resume_pref_loss_20260306-031312.out 2>&1 < /dev/null & echo $!
[2026-03-06 10:23:09] running_proc: 6056 /data1/gushengda/anaconda3/envs/rlco1/bin/python3.11 -u PTP/ptp_discovery/run_pref_loss_coevo.py --config PTP/configs/experiment/pref_loss_coevo/alternating_simple.yaml --resume-latest
[2026-03-06 10:25:19] resume_check reason=periodic_online_retry
[2026-03-06 10:25:20] resume_check_noop: pref_loss_process_already_running
[2026-03-06 10:25:20] running_proc: 6054 bash -lc cd /data1/gushengda/eam-rl4co && mkdir -p logs && export PYTHONPATH=/data1/gushengda/eam-rl4co:'/data1/gushengda/eam-rl4co\PTP':${PYTHONPATH:-} && export LOG_TZ=Asia/Shanghai && export LOG_LEVEL=INFO && nohup /data1/gushengda/anaconda3/envs/rlco1/bin/python3.11 -u PTP/ptp_discovery/run_pref_loss_coevo.py --config PTP/configs/experiment/pref_loss_coevo/alternating_simple.yaml --resume-latest > logs/auto_resume_pref_loss_20260306-031312.out 2>&1 < /dev/null & echo $!
[2026-03-06 10:25:20] running_proc: 6056 /data1/gushengda/anaconda3/envs/rlco1/bin/python3.11 -u PTP/ptp_discovery/run_pref_loss_coevo.py --config PTP/configs/experiment/pref_loss_coevo/alternating_simple.yaml --resume-latest
[2026-03-06 10:27:30] resume_check reason=periodic_online_retry
[2026-03-06 10:27:31] resume_check_noop: pref_loss_process_already_running
[2026-03-06 10:27:31] running_proc: 6054 bash -lc cd /data1/gushengda/eam-rl4co && mkdir -p logs && export PYTHONPATH=/data1/gushengda/eam-rl4co:'/data1/gushengda/eam-rl4co\PTP':${PYTHONPATH:-} && export LOG_TZ=Asia/Shanghai && export LOG_LEVEL=INFO && nohup /data1/gushengda/anaconda3/envs/rlco1/bin/python3.11 -u PTP/ptp_discovery/run_pref_loss_coevo.py --config PTP/configs/experiment/pref_loss_coevo/alternating_simple.yaml --resume-latest > logs/auto_resume_pref_loss_20260306-031312.out 2>&1 < /dev/null & echo $!
[2026-03-06 10:27:31] running_proc: 6056 /data1/gushengda/anaconda3/envs/rlco1/bin/python3.11 -u PTP/ptp_discovery/run_pref_loss_coevo.py --config PTP/configs/experiment/pref_loss_coevo/alternating_simple.yaml --resume-latest
[2026-03-06 10:29:41] resume_check reason=periodic_online_retry
[2026-03-06 10:29:42] resume_check_noop: pref_loss_process_already_running
[2026-03-06 10:29:42] running_proc: 6054 bash -lc cd /data1/gushengda/eam-rl4co && mkdir -p logs && export PYTHONPATH=/data1/gushengda/eam-rl4co:'/data1/gushengda/eam-rl4co\PTP':${PYTHONPATH:-} && export LOG_TZ=Asia/Shanghai && export LOG_LEVEL=INFO && nohup /data1/gushengda/anaconda3/envs/rlco1/bin/python3.11 -u PTP/ptp_discovery/run_pref_loss_coevo.py --config PTP/configs/experiment/pref_loss_coevo/alternating_simple.yaml --resume-latest > logs/auto_resume_pref_loss_20260306-031312.out 2>&1 < /dev/null & echo $!
[2026-03-06 10:29:42] running_proc: 6056 /data1/gushengda/anaconda3/envs/rlco1/bin/python3.11 -u PTP/ptp_discovery/run_pref_loss_coevo.py --config PTP/configs/experiment/pref_loss_coevo/alternating_simple.yaml --resume-latest
[2026-03-06 10:31:52] resume_check reason=periodic_online_retry
[2026-03-06 10:31:53] resume_check_noop: pref_loss_process_already_running
[2026-03-06 10:31:53] running_proc: 6054 bash -lc cd /data1/gushengda/eam-rl4co && mkdir -p logs && export PYTHONPATH=/data1/gushengda/eam-rl4co:'/data1/gushengda/eam-rl4co\PTP':${PYTHONPATH:-} && export LOG_TZ=Asia/Shanghai && export LOG_LEVEL=INFO && nohup /data1/gushengda/anaconda3/envs/rlco1/bin/python3.11 -u PTP/ptp_discovery/run_pref_loss_coevo.py --config PTP/configs/experiment/pref_loss_coevo/alternating_simple.yaml --resume-latest > logs/auto_resume_pref_loss_20260306-031312.out 2>&1 < /dev/null & echo $!
[2026-03-06 10:31:53] running_proc: 6056 /data1/gushengda/anaconda3/envs/rlco1/bin/python3.11 -u PTP/ptp_discovery/run_pref_loss_coevo.py --config PTP/configs/experiment/pref_loss_coevo/alternating_simple.yaml --resume-latest
[2026-03-06 10:34:04] resume_check reason=periodic_online_retry
[2026-03-06 10:34:05] resume_check_noop: pref_loss_process_already_running
[2026-03-06 10:34:05] running_proc: 6054 bash -lc cd /data1/gushengda/eam-rl4co && mkdir -p logs && export PYTHONPATH=/data1/gushengda/eam-rl4co:'/data1/gushengda/eam-rl4co\PTP':${PYTHONPATH:-} && export LOG_TZ=Asia/Shanghai && export LOG_LEVEL=INFO && nohup /data1/gushengda/anaconda3/envs/rlco1/bin/python3.11 -u PTP/ptp_discovery/run_pref_loss_coevo.py --config PTP/configs/experiment/pref_loss_coevo/alternating_simple.yaml --resume-latest > logs/auto_resume_pref_loss_20260306-031312.out 2>&1 < /dev/null & echo $!
[2026-03-06 10:34:05] running_proc: 6056 /data1/gushengda/anaconda3/envs/rlco1/bin/python3.11 -u PTP/ptp_discovery/run_pref_loss_coevo.py --config PTP/configs/experiment/pref_loss_coevo/alternating_simple.yaml --resume-latest
[2026-03-06 10:36:15] resume_check reason=periodic_online_retry
[2026-03-06 10:36:17] resume_check_noop: pref_loss_process_already_running
[2026-03-06 10:36:17] running_proc: 6054 bash -lc cd /data1/gushengda/eam-rl4co && mkdir -p logs && export PYTHONPATH=/data1/gushengda/eam-rl4co:'/data1/gushengda/eam-rl4co\PTP':${PYTHONPATH:-} && export LOG_TZ=Asia/Shanghai && export LOG_LEVEL=INFO && nohup /data1/gushengda/anaconda3/envs/rlco1/bin/python3.11 -u PTP/ptp_discovery/run_pref_loss_coevo.py --config PTP/configs/experiment/pref_loss_coevo/alternating_simple.yaml --resume-latest > logs/auto_resume_pref_loss_20260306-031312.out 2>&1 < /dev/null & echo $!
[2026-03-06 10:36:17] running_proc: 6056 /data1/gushengda/anaconda3/envs/rlco1/bin/python3.11 -u PTP/ptp_discovery/run_pref_loss_coevo.py --config PTP/configs/experiment/pref_loss_coevo/alternating_simple.yaml --resume-latest
[2026-03-06 10:38:27] resume_check reason=periodic_online_retry
[2026-03-06 10:38:28] resume_check_noop: pref_loss_process_already_running
[2026-03-06 10:38:28] running_proc: 6054 bash -lc cd /data1/gushengda/eam-rl4co && mkdir -p logs && export PYTHONPATH=/data1/gushengda/eam-rl4co:'/data1/gushengda/eam-rl4co\PTP':${PYTHONPATH:-} && export LOG_TZ=Asia/Shanghai && export LOG_LEVEL=INFO && nohup /data1/gushengda/anaconda3/envs/rlco1/bin/python3.11 -u PTP/ptp_discovery/run_pref_loss_coevo.py --config PTP/configs/experiment/pref_loss_coevo/alternating_simple.yaml --resume-latest > logs/auto_resume_pref_loss_20260306-031312.out 2>&1 < /dev/null & echo $!
[2026-03-06 10:38:28] running_proc: 6056 /data1/gushengda/anaconda3/envs/rlco1/bin/python3.11 -u PTP/ptp_discovery/run_pref_loss_coevo.py --config PTP/configs/experiment/pref_loss_coevo/alternating_simple.yaml --resume-latest
[2026-03-06 10:40:38] resume_check reason=periodic_online_retry
[2026-03-06 10:40:39] resume_check_noop: pref_loss_process_already_running
[2026-03-06 10:40:39] running_proc: 6054 bash -lc cd /data1/gushengda/eam-rl4co && mkdir -p logs && export PYTHONPATH=/data1/gushengda/eam-rl4co:'/data1/gushengda/eam-rl4co\PTP':${PYTHONPATH:-} && export LOG_TZ=Asia/Shanghai && export LOG_LEVEL=INFO && nohup /data1/gushengda/anaconda3/envs/rlco1/bin/python3.11 -u PTP/ptp_discovery/run_pref_loss_coevo.py --config PTP/configs/experiment/pref_loss_coevo/alternating_simple.yaml --resume-latest > logs/auto_resume_pref_loss_20260306-031312.out 2>&1 < /dev/null & echo $!
[2026-03-06 10:40:39] running_proc: 6056 /data1/gushengda/anaconda3/envs/rlco1/bin/python3.11 -u PTP/ptp_discovery/run_pref_loss_coevo.py --config PTP/configs/experiment/pref_loss_coevo/alternating_simple.yaml --resume-latest
[2026-03-06 10:42:49] resume_check reason=periodic_online_retry
[2026-03-06 10:42:50] resume_check_noop: pref_loss_process_already_running
[2026-03-06 10:42:50] running_proc: 6054 bash -lc cd /data1/gushengda/eam-rl4co && mkdir -p logs && export PYTHONPATH=/data1/gushengda/eam-rl4co:'/data1/gushengda/eam-rl4co\PTP':${PYTHONPATH:-} && export LOG_TZ=Asia/Shanghai && export LOG_LEVEL=INFO && nohup /data1/gushengda/anaconda3/envs/rlco1/bin/python3.11 -u PTP/ptp_discovery/run_pref_loss_coevo.py --config PTP/configs/experiment/pref_loss_coevo/alternating_simple.yaml --resume-latest > logs/auto_resume_pref_loss_20260306-031312.out 2>&1 < /dev/null & echo $!
[2026-03-06 10:42:50] running_proc: 6056 /data1/gushengda/anaconda3/envs/rlco1/bin/python3.11 -u PTP/ptp_discovery/run_pref_loss_coevo.py --config PTP/configs/experiment/pref_loss_coevo/alternating_simple.yaml --resume-latest
[2026-03-06 10:45:01] resume_check reason=periodic_online_retry
[2026-03-06 10:45:02] resume_check_noop: pref_loss_process_already_running
[2026-03-06 10:45:02] running_proc: 6054 bash -lc cd /data1/gushengda/eam-rl4co && mkdir -p logs && export PYTHONPATH=/data1/gushengda/eam-rl4co:'/data1/gushengda/eam-rl4co\PTP':${PYTHONPATH:-} && export LOG_TZ=Asia/Shanghai && export LOG_LEVEL=INFO && nohup /data1/gushengda/anaconda3/envs/rlco1/bin/python3.11 -u PTP/ptp_discovery/run_pref_loss_coevo.py --config PTP/configs/experiment/pref_loss_coevo/alternating_simple.yaml --resume-latest > logs/auto_resume_pref_loss_20260306-031312.out 2>&1 < /dev/null & echo $!
[2026-03-06 10:45:02] running_proc: 6056 /data1/gushengda/anaconda3/envs/rlco1/bin/python3.11 -u PTP/ptp_discovery/run_pref_loss_coevo.py --config PTP/configs/experiment/pref_loss_coevo/alternating_simple.yaml --resume-latest
[2026-03-06 10:47:12] resume_check reason=periodic_online_retry
[2026-03-06 10:47:13] resume_check_noop: pref_loss_process_already_running
[2026-03-06 10:47:13] running_proc: 6054 bash -lc cd /data1/gushengda/eam-rl4co && mkdir -p logs && export PYTHONPATH=/data1/gushengda/eam-rl4co:'/data1/gushengda/eam-rl4co\PTP':${PYTHONPATH:-} && export LOG_TZ=Asia/Shanghai && export LOG_LEVEL=INFO && nohup /data1/gushengda/anaconda3/envs/rlco1/bin/python3.11 -u PTP/ptp_discovery/run_pref_loss_coevo.py --config PTP/configs/experiment/pref_loss_coevo/alternating_simple.yaml --resume-latest > logs/auto_resume_pref_loss_20260306-031312.out 2>&1 < /dev/null & echo $!
[2026-03-06 10:47:13] running_proc: 6056 /data1/gushengda/anaconda3/envs/rlco1/bin/python3.11 -u PTP/ptp_discovery/run_pref_loss_coevo.py --config PTP/configs/experiment/pref_loss_coevo/alternating_simple.yaml --resume-latest
[2026-03-06 10:49:23] resume_check reason=periodic_online_retry
[2026-03-06 10:49:25] resume_check_noop: pref_loss_process_already_running
[2026-03-06 10:49:25] running_proc: 6054 bash -lc cd /data1/gushengda/eam-rl4co && mkdir -p logs && export PYTHONPATH=/data1/gushengda/eam-rl4co:'/data1/gushengda/eam-rl4co\PTP':${PYTHONPATH:-} && export LOG_TZ=Asia/Shanghai && export LOG_LEVEL=INFO && nohup /data1/gushengda/anaconda3/envs/rlco1/bin/python3.11 -u PTP/ptp_discovery/run_pref_loss_coevo.py --config PTP/configs/experiment/pref_loss_coevo/alternating_simple.yaml --resume-latest > logs/auto_resume_pref_loss_20260306-031312.out 2>&1 < /dev/null & echo $!
[2026-03-06 10:49:25] running_proc: 6056 /data1/gushengda/anaconda3/envs/rlco1/bin/python3.11 -u PTP/ptp_discovery/run_pref_loss_coevo.py --config PTP/configs/experiment/pref_loss_coevo/alternating_simple.yaml --resume-latest
[2026-03-06 10:51:35] resume_check reason=periodic_online_retry
[2026-03-06 10:51:36] resume_check_noop: pref_loss_process_already_running
[2026-03-06 10:51:36] running_proc: 6054 bash -lc cd /data1/gushengda/eam-rl4co && mkdir -p logs && export PYTHONPATH=/data1/gushengda/eam-rl4co:'/data1/gushengda/eam-rl4co\PTP':${PYTHONPATH:-} && export LOG_TZ=Asia/Shanghai && export LOG_LEVEL=INFO && nohup /data1/gushengda/anaconda3/envs/rlco1/bin/python3.11 -u PTP/ptp_discovery/run_pref_loss_coevo.py --config PTP/configs/experiment/pref_loss_coevo/alternating_simple.yaml --resume-latest > logs/auto_resume_pref_loss_20260306-031312.out 2>&1 < /dev/null & echo $!
[2026-03-06 10:51:36] running_proc: 6056 /data1/gushengda/anaconda3/envs/rlco1/bin/python3.11 -u PTP/ptp_discovery/run_pref_loss_coevo.py --config PTP/configs/experiment/pref_loss_coevo/alternating_simple.yaml --resume-latest
[2026-03-06 10:53:46] resume_check reason=periodic_online_retry
[2026-03-06 10:53:48] resume_check_noop: pref_loss_process_already_running
[2026-03-06 10:53:48] running_proc: 6054 bash -lc cd /data1/gushengda/eam-rl4co && mkdir -p logs && export PYTHONPATH=/data1/gushengda/eam-rl4co:'/data1/gushengda/eam-rl4co\PTP':${PYTHONPATH:-} && export LOG_TZ=Asia/Shanghai && export LOG_LEVEL=INFO && nohup /data1/gushengda/anaconda3/envs/rlco1/bin/python3.11 -u PTP/ptp_discovery/run_pref_loss_coevo.py --config PTP/configs/experiment/pref_loss_coevo/alternating_simple.yaml --resume-latest > logs/auto_resume_pref_loss_20260306-031312.out 2>&1 < /dev/null & echo $!
[2026-03-06 10:53:48] running_proc: 6056 /data1/gushengda/anaconda3/envs/rlco1/bin/python3.11 -u PTP/ptp_discovery/run_pref_loss_coevo.py --config PTP/configs/experiment/pref_loss_coevo/alternating_simple.yaml --resume-latest
[2026-03-06 10:55:58] resume_check reason=periodic_online_retry
[2026-03-06 10:55:59] resume_check_noop: pref_loss_process_already_running
[2026-03-06 10:55:59] running_proc: 6054 bash -lc cd /data1/gushengda/eam-rl4co && mkdir -p logs && export PYTHONPATH=/data1/gushengda/eam-rl4co:'/data1/gushengda/eam-rl4co\PTP':${PYTHONPATH:-} && export LOG_TZ=Asia/Shanghai && export LOG_LEVEL=INFO && nohup /data1/gushengda/anaconda3/envs/rlco1/bin/python3.11 -u PTP/ptp_discovery/run_pref_loss_coevo.py --config PTP/configs/experiment/pref_loss_coevo/alternating_simple.yaml --resume-latest > logs/auto_resume_pref_loss_20260306-031312.out 2>&1 < /dev/null & echo $!
[2026-03-06 10:55:59] running_proc: 6056 /data1/gushengda/anaconda3/envs/rlco1/bin/python3.11 -u PTP/ptp_discovery/run_pref_loss_coevo.py --config PTP/configs/experiment/pref_loss_coevo/alternating_simple.yaml --resume-latest
[2026-03-06 10:58:10] resume_check reason=periodic_online_retry
[2026-03-06 10:58:11] resume_check_noop: pref_loss_process_already_running
[2026-03-06 10:58:11] running_proc: 6054 bash -lc cd /data1/gushengda/eam-rl4co && mkdir -p logs && export PYTHONPATH=/data1/gushengda/eam-rl4co:'/data1/gushengda/eam-rl4co\PTP':${PYTHONPATH:-} && export LOG_TZ=Asia/Shanghai && export LOG_LEVEL=INFO && nohup /data1/gushengda/anaconda3/envs/rlco1/bin/python3.11 -u PTP/ptp_discovery/run_pref_loss_coevo.py --config PTP/configs/experiment/pref_loss_coevo/alternating_simple.yaml --resume-latest > logs/auto_resume_pref_loss_20260306-031312.out 2>&1 < /dev/null & echo $!
[2026-03-06 10:58:11] running_proc: 6056 /data1/gushengda/anaconda3/envs/rlco1/bin/python3.11 -u PTP/ptp_discovery/run_pref_loss_coevo.py --config PTP/configs/experiment/pref_loss_coevo/alternating_simple.yaml --resume-latest
[2026-03-06 11:00:21] resume_check reason=periodic_online_retry
[2026-03-06 11:00:22] resume_check_noop: pref_loss_process_already_running
[2026-03-06 11:00:22] running_proc: 6054 bash -lc cd /data1/gushengda/eam-rl4co && mkdir -p logs && export PYTHONPATH=/data1/gushengda/eam-rl4co:'/data1/gushengda/eam-rl4co\PTP':${PYTHONPATH:-} && export LOG_TZ=Asia/Shanghai && export LOG_LEVEL=INFO && nohup /data1/gushengda/anaconda3/envs/rlco1/bin/python3.11 -u PTP/ptp_discovery/run_pref_loss_coevo.py --config PTP/configs/experiment/pref_loss_coevo/alternating_simple.yaml --resume-latest > logs/auto_resume_pref_loss_20260306-031312.out 2>&1 < /dev/null & echo $!
[2026-03-06 11:00:22] running_proc: 6056 /data1/gushengda/anaconda3/envs/rlco1/bin/python3.11 -u PTP/ptp_discovery/run_pref_loss_coevo.py --config PTP/configs/experiment/pref_loss_coevo/alternating_simple.yaml --resume-latest
[2026-03-06 11:02:33] resume_check reason=periodic_online_retry
[2026-03-06 11:02:34] resume_check_noop: pref_loss_process_already_running
[2026-03-06 11:02:34] running_proc: 6054 bash -lc cd /data1/gushengda/eam-rl4co && mkdir -p logs && export PYTHONPATH=/data1/gushengda/eam-rl4co:'/data1/gushengda/eam-rl4co\PTP':${PYTHONPATH:-} && export LOG_TZ=Asia/Shanghai && export LOG_LEVEL=INFO && nohup /data1/gushengda/anaconda3/envs/rlco1/bin/python3.11 -u PTP/ptp_discovery/run_pref_loss_coevo.py --config PTP/configs/experiment/pref_loss_coevo/alternating_simple.yaml --resume-latest > logs/auto_resume_pref_loss_20260306-031312.out 2>&1 < /dev/null & echo $!
[2026-03-06 11:02:34] running_proc: 6056 /data1/gushengda/anaconda3/envs/rlco1/bin/python3.11 -u PTP/ptp_discovery/run_pref_loss_coevo.py --config PTP/configs/experiment/pref_loss_coevo/alternating_simple.yaml --resume-latest
[2026-03-06 11:04:44] resume_check reason=periodic_online_retry
[2026-03-06 11:04:45] resume_check_noop: pref_loss_process_already_running
[2026-03-06 11:04:45] running_proc: 6054 bash -lc cd /data1/gushengda/eam-rl4co && mkdir -p logs && export PYTHONPATH=/data1/gushengda/eam-rl4co:'/data1/gushengda/eam-rl4co\PTP':${PYTHONPATH:-} && export LOG_TZ=Asia/Shanghai && export LOG_LEVEL=INFO && nohup /data1/gushengda/anaconda3/envs/rlco1/bin/python3.11 -u PTP/ptp_discovery/run_pref_loss_coevo.py --config PTP/configs/experiment/pref_loss_coevo/alternating_simple.yaml --resume-latest > logs/auto_resume_pref_loss_20260306-031312.out 2>&1 < /dev/null & echo $!
[2026-03-06 11:04:45] running_proc: 6056 /data1/gushengda/anaconda3/envs/rlco1/bin/python3.11 -u PTP/ptp_discovery/run_pref_loss_coevo.py --config PTP/configs/experiment/pref_loss_coevo/alternating_simple.yaml --resume-latest
[2026-03-06 11:06:56] resume_check reason=periodic_online_retry
[2026-03-06 11:06:57] resume_check_noop: pref_loss_process_already_running
[2026-03-06 11:06:57] running_proc: 6054 bash -lc cd /data1/gushengda/eam-rl4co && mkdir -p logs && export PYTHONPATH=/data1/gushengda/eam-rl4co:'/data1/gushengda/eam-rl4co\PTP':${PYTHONPATH:-} && export LOG_TZ=Asia/Shanghai && export LOG_LEVEL=INFO && nohup /data1/gushengda/anaconda3/envs/rlco1/bin/python3.11 -u PTP/ptp_discovery/run_pref_loss_coevo.py --config PTP/configs/experiment/pref_loss_coevo/alternating_simple.yaml --resume-latest > logs/auto_resume_pref_loss_20260306-031312.out 2>&1 < /dev/null & echo $!
[2026-03-06 11:06:57] running_proc: 6056 /data1/gushengda/anaconda3/envs/rlco1/bin/python3.11 -u PTP/ptp_discovery/run_pref_loss_coevo.py --config PTP/configs/experiment/pref_loss_coevo/alternating_simple.yaml --resume-latest
[2026-03-06 11:09:07] resume_check reason=periodic_online_retry
[2026-03-06 11:09:08] resume_check_noop: pref_loss_process_already_running
[2026-03-06 11:09:08] running_proc: 6054 bash -lc cd /data1/gushengda/eam-rl4co && mkdir -p logs && export PYTHONPATH=/data1/gushengda/eam-rl4co:'/data1/gushengda/eam-rl4co\PTP':${PYTHONPATH:-} && export LOG_TZ=Asia/Shanghai && export LOG_LEVEL=INFO && nohup /data1/gushengda/anaconda3/envs/rlco1/bin/python3.11 -u PTP/ptp_discovery/run_pref_loss_coevo.py --config PTP/configs/experiment/pref_loss_coevo/alternating_simple.yaml --resume-latest > logs/auto_resume_pref_loss_20260306-031312.out 2>&1 < /dev/null & echo $!
[2026-03-06 11:09:08] running_proc: 6056 /data1/gushengda/anaconda3/envs/rlco1/bin/python3.11 -u PTP/ptp_discovery/run_pref_loss_coevo.py --config PTP/configs/experiment/pref_loss_coevo/alternating_simple.yaml --resume-latest
[2026-03-06 11:11:18] resume_check reason=periodic_online_retry
[2026-03-06 11:11:19] resume_check_noop: pref_loss_process_already_running
[2026-03-06 11:11:19] running_proc: 6054 bash -lc cd /data1/gushengda/eam-rl4co && mkdir -p logs && export PYTHONPATH=/data1/gushengda/eam-rl4co:'/data1/gushengda/eam-rl4co\PTP':${PYTHONPATH:-} && export LOG_TZ=Asia/Shanghai && export LOG_LEVEL=INFO && nohup /data1/gushengda/anaconda3/envs/rlco1/bin/python3.11 -u PTP/ptp_discovery/run_pref_loss_coevo.py --config PTP/configs/experiment/pref_loss_coevo/alternating_simple.yaml --resume-latest > logs/auto_resume_pref_loss_20260306-031312.out 2>&1 < /dev/null & echo $!
[2026-03-06 11:11:19] running_proc: 6056 /data1/gushengda/anaconda3/envs/rlco1/bin/python3.11 -u PTP/ptp_discovery/run_pref_loss_coevo.py --config PTP/configs/experiment/pref_loss_coevo/alternating_simple.yaml --resume-latest
[2026-03-06 11:13:29] resume_check reason=periodic_online_retry
[2026-03-06 11:13:30] resume_check_noop: pref_loss_process_already_running
[2026-03-06 11:13:30] running_proc: 6054 bash -lc cd /data1/gushengda/eam-rl4co && mkdir -p logs && export PYTHONPATH=/data1/gushengda/eam-rl4co:'/data1/gushengda/eam-rl4co\PTP':${PYTHONPATH:-} && export LOG_TZ=Asia/Shanghai && export LOG_LEVEL=INFO && nohup /data1/gushengda/anaconda3/envs/rlco1/bin/python3.11 -u PTP/ptp_discovery/run_pref_loss_coevo.py --config PTP/configs/experiment/pref_loss_coevo/alternating_simple.yaml --resume-latest > logs/auto_resume_pref_loss_20260306-031312.out 2>&1 < /dev/null & echo $!
[2026-03-06 11:13:30] running_proc: 6056 /data1/gushengda/anaconda3/envs/rlco1/bin/python3.11 -u PTP/ptp_discovery/run_pref_loss_coevo.py --config PTP/configs/experiment/pref_loss_coevo/alternating_simple.yaml --resume-latest
[2026-03-06 11:15:40] resume_check reason=periodic_online_retry
[2026-03-06 11:15:41] resume_check_noop: pref_loss_process_already_running
[2026-03-06 11:15:41] running_proc: 6054 bash -lc cd /data1/gushengda/eam-rl4co && mkdir -p logs && export PYTHONPATH=/data1/gushengda/eam-rl4co:'/data1/gushengda/eam-rl4co\PTP':${PYTHONPATH:-} && export LOG_TZ=Asia/Shanghai && export LOG_LEVEL=INFO && nohup /data1/gushengda/anaconda3/envs/rlco1/bin/python3.11 -u PTP/ptp_discovery/run_pref_loss_coevo.py --config PTP/configs/experiment/pref_loss_coevo/alternating_simple.yaml --resume-latest > logs/auto_resume_pref_loss_20260306-031312.out 2>&1 < /dev/null & echo $!
[2026-03-06 11:15:41] running_proc: 6056 /data1/gushengda/anaconda3/envs/rlco1/bin/python3.11 -u PTP/ptp_discovery/run_pref_loss_coevo.py --config PTP/configs/experiment/pref_loss_coevo/alternating_simple.yaml --resume-latest
[2026-03-06 11:17:51] resume_check reason=periodic_online_retry
[2026-03-06 11:17:53] resume_check_noop: pref_loss_process_already_running
[2026-03-06 11:17:53] running_proc: 6054 bash -lc cd /data1/gushengda/eam-rl4co && mkdir -p logs && export PYTHONPATH=/data1/gushengda/eam-rl4co:'/data1/gushengda/eam-rl4co\PTP':${PYTHONPATH:-} && export LOG_TZ=Asia/Shanghai && export LOG_LEVEL=INFO && nohup /data1/gushengda/anaconda3/envs/rlco1/bin/python3.11 -u PTP/ptp_discovery/run_pref_loss_coevo.py --config PTP/configs/experiment/pref_loss_coevo/alternating_simple.yaml --resume-latest > logs/auto_resume_pref_loss_20260306-031312.out 2>&1 < /dev/null & echo $!
[2026-03-06 11:17:53] running_proc: 6056 /data1/gushengda/anaconda3/envs/rlco1/bin/python3.11 -u PTP/ptp_discovery/run_pref_loss_coevo.py --config PTP/configs/experiment/pref_loss_coevo/alternating_simple.yaml --resume-latest
[2026-03-06 11:20:03] resume_check reason=periodic_online_retry
[2026-03-06 11:20:04] resume_check_noop: pref_loss_process_already_running
[2026-03-06 11:20:04] running_proc: 6054 bash -lc cd /data1/gushengda/eam-rl4co && mkdir -p logs && export PYTHONPATH=/data1/gushengda/eam-rl4co:'/data1/gushengda/eam-rl4co\PTP':${PYTHONPATH:-} && export LOG_TZ=Asia/Shanghai && export LOG_LEVEL=INFO && nohup /data1/gushengda/anaconda3/envs/rlco1/bin/python3.11 -u PTP/ptp_discovery/run_pref_loss_coevo.py --config PTP/configs/experiment/pref_loss_coevo/alternating_simple.yaml --resume-latest > logs/auto_resume_pref_loss_20260306-031312.out 2>&1 < /dev/null & echo $!
[2026-03-06 11:20:04] running_proc: 6056 /data1/gushengda/anaconda3/envs/rlco1/bin/python3.11 -u PTP/ptp_discovery/run_pref_loss_coevo.py --config PTP/configs/experiment/pref_loss_coevo/alternating_simple.yaml --resume-latest
[2026-03-06 11:22:14] resume_check reason=periodic_online_retry
[2026-03-06 11:22:16] resume_check_noop: pref_loss_process_already_running
[2026-03-06 11:22:16] running_proc: 6054 bash -lc cd /data1/gushengda/eam-rl4co && mkdir -p logs && export PYTHONPATH=/data1/gushengda/eam-rl4co:'/data1/gushengda/eam-rl4co\PTP':${PYTHONPATH:-} && export LOG_TZ=Asia/Shanghai && export LOG_LEVEL=INFO && nohup /data1/gushengda/anaconda3/envs/rlco1/bin/python3.11 -u PTP/ptp_discovery/run_pref_loss_coevo.py --config PTP/configs/experiment/pref_loss_coevo/alternating_simple.yaml --resume-latest > logs/auto_resume_pref_loss_20260306-031312.out 2>&1 < /dev/null & echo $!
[2026-03-06 11:22:16] running_proc: 6056 /data1/gushengda/anaconda3/envs/rlco1/bin/python3.11 -u PTP/ptp_discovery/run_pref_loss_coevo.py --config PTP/configs/experiment/pref_loss_coevo/alternating_simple.yaml --resume-latest
[2026-03-06 11:24:26] resume_check reason=periodic_online_retry
[2026-03-06 11:24:27] resume_check_noop: pref_loss_process_already_running
[2026-03-06 11:24:27] running_proc: 6054 bash -lc cd /data1/gushengda/eam-rl4co && mkdir -p logs && export PYTHONPATH=/data1/gushengda/eam-rl4co:'/data1/gushengda/eam-rl4co\PTP':${PYTHONPATH:-} && export LOG_TZ=Asia/Shanghai && export LOG_LEVEL=INFO && nohup /data1/gushengda/anaconda3/envs/rlco1/bin/python3.11 -u PTP/ptp_discovery/run_pref_loss_coevo.py --config PTP/configs/experiment/pref_loss_coevo/alternating_simple.yaml --resume-latest > logs/auto_resume_pref_loss_20260306-031312.out 2>&1 < /dev/null & echo $!
[2026-03-06 11:24:27] running_proc: 6056 /data1/gushengda/anaconda3/envs/rlco1/bin/python3.11 -u PTP/ptp_discovery/run_pref_loss_coevo.py --config PTP/configs/experiment/pref_loss_coevo/alternating_simple.yaml --resume-latest
[2026-03-06 11:26:37] resume_check reason=periodic_online_retry
[2026-03-06 11:26:38] resume_check_noop: pref_loss_process_already_running
[2026-03-06 11:26:38] running_proc: 6054 bash -lc cd /data1/gushengda/eam-rl4co && mkdir -p logs && export PYTHONPATH=/data1/gushengda/eam-rl4co:'/data1/gushengda/eam-rl4co\PTP':${PYTHONPATH:-} && export LOG_TZ=Asia/Shanghai && export LOG_LEVEL=INFO && nohup /data1/gushengda/anaconda3/envs/rlco1/bin/python3.11 -u PTP/ptp_discovery/run_pref_loss_coevo.py --config PTP/configs/experiment/pref_loss_coevo/alternating_simple.yaml --resume-latest > logs/auto_resume_pref_loss_20260306-031312.out 2>&1 < /dev/null & echo $!
[2026-03-06 11:26:38] running_proc: 6056 /data1/gushengda/anaconda3/envs/rlco1/bin/python3.11 -u PTP/ptp_discovery/run_pref_loss_coevo.py --config PTP/configs/experiment/pref_loss_coevo/alternating_simple.yaml --resume-latest
[2026-03-06 11:28:48] resume_check reason=periodic_online_retry
[2026-03-06 11:28:50] resume_check_noop: pref_loss_process_already_running
[2026-03-06 11:28:50] running_proc: 6054 bash -lc cd /data1/gushengda/eam-rl4co && mkdir -p logs && export PYTHONPATH=/data1/gushengda/eam-rl4co:'/data1/gushengda/eam-rl4co\PTP':${PYTHONPATH:-} && export LOG_TZ=Asia/Shanghai && export LOG_LEVEL=INFO && nohup /data1/gushengda/anaconda3/envs/rlco1/bin/python3.11 -u PTP/ptp_discovery/run_pref_loss_coevo.py --config PTP/configs/experiment/pref_loss_coevo/alternating_simple.yaml --resume-latest > logs/auto_resume_pref_loss_20260306-031312.out 2>&1 < /dev/null & echo $!
[2026-03-06 11:28:50] running_proc: 6056 /data1/gushengda/anaconda3/envs/rlco1/bin/python3.11 -u PTP/ptp_discovery/run_pref_loss_coevo.py --config PTP/configs/experiment/pref_loss_coevo/alternating_simple.yaml --resume-latest
[2026-03-06 11:31:00] resume_check reason=periodic_online_retry
[2026-03-06 11:31:01] resume_check_noop: pref_loss_process_already_running
[2026-03-06 11:31:01] running_proc: 6054 bash -lc cd /data1/gushengda/eam-rl4co && mkdir -p logs && export PYTHONPATH=/data1/gushengda/eam-rl4co:'/data1/gushengda/eam-rl4co\PTP':${PYTHONPATH:-} && export LOG_TZ=Asia/Shanghai && export LOG_LEVEL=INFO && nohup /data1/gushengda/anaconda3/envs/rlco1/bin/python3.11 -u PTP/ptp_discovery/run_pref_loss_coevo.py --config PTP/configs/experiment/pref_loss_coevo/alternating_simple.yaml --resume-latest > logs/auto_resume_pref_loss_20260306-031312.out 2>&1 < /dev/null & echo $!
[2026-03-06 11:31:01] running_proc: 6056 /data1/gushengda/anaconda3/envs/rlco1/bin/python3.11 -u PTP/ptp_discovery/run_pref_loss_coevo.py --config PTP/configs/experiment/pref_loss_coevo/alternating_simple.yaml --resume-latest
[2026-03-06 11:33:11] resume_check reason=periodic_online_retry
[2026-03-06 11:33:12] resume_check_noop: pref_loss_process_already_running
[2026-03-06 11:33:12] running_proc: 6054 bash -lc cd /data1/gushengda/eam-rl4co && mkdir -p logs && export PYTHONPATH=/data1/gushengda/eam-rl4co:'/data1/gushengda/eam-rl4co\PTP':${PYTHONPATH:-} && export LOG_TZ=Asia/Shanghai && export LOG_LEVEL=INFO && nohup /data1/gushengda/anaconda3/envs/rlco1/bin/python3.11 -u PTP/ptp_discovery/run_pref_loss_coevo.py --config PTP/configs/experiment/pref_loss_coevo/alternating_simple.yaml --resume-latest > logs/auto_resume_pref_loss_20260306-031312.out 2>&1 < /dev/null & echo $!
[2026-03-06 11:33:12] running_proc: 6056 /data1/gushengda/anaconda3/envs/rlco1/bin/python3.11 -u PTP/ptp_discovery/run_pref_loss_coevo.py --config PTP/configs/experiment/pref_loss_coevo/alternating_simple.yaml --resume-latest
[2026-03-06 11:35:22] resume_check reason=periodic_online_retry
[2026-03-06 11:35:24] resume_check_noop: pref_loss_process_already_running
[2026-03-06 11:35:24] running_proc: 6054 bash -lc cd /data1/gushengda/eam-rl4co && mkdir -p logs && export PYTHONPATH=/data1/gushengda/eam-rl4co:'/data1/gushengda/eam-rl4co\PTP':${PYTHONPATH:-} && export LOG_TZ=Asia/Shanghai && export LOG_LEVEL=INFO && nohup /data1/gushengda/anaconda3/envs/rlco1/bin/python3.11 -u PTP/ptp_discovery/run_pref_loss_coevo.py --config PTP/configs/experiment/pref_loss_coevo/alternating_simple.yaml --resume-latest > logs/auto_resume_pref_loss_20260306-031312.out 2>&1 < /dev/null & echo $!
[2026-03-06 11:35:24] running_proc: 6056 /data1/gushengda/anaconda3/envs/rlco1/bin/python3.11 -u PTP/ptp_discovery/run_pref_loss_coevo.py --config PTP/configs/experiment/pref_loss_coevo/alternating_simple.yaml --resume-latest
[2026-03-06 11:37:34] resume_check reason=periodic_online_retry
[2026-03-06 11:37:35] resume_check_noop: pref_loss_process_already_running
[2026-03-06 11:37:35] running_proc: 6054 bash -lc cd /data1/gushengda/eam-rl4co && mkdir -p logs && export PYTHONPATH=/data1/gushengda/eam-rl4co:'/data1/gushengda/eam-rl4co\PTP':${PYTHONPATH:-} && export LOG_TZ=Asia/Shanghai && export LOG_LEVEL=INFO && nohup /data1/gushengda/anaconda3/envs/rlco1/bin/python3.11 -u PTP/ptp_discovery/run_pref_loss_coevo.py --config PTP/configs/experiment/pref_loss_coevo/alternating_simple.yaml --resume-latest > logs/auto_resume_pref_loss_20260306-031312.out 2>&1 < /dev/null & echo $!
[2026-03-06 11:37:35] running_proc: 6056 /data1/gushengda/anaconda3/envs/rlco1/bin/python3.11 -u PTP/ptp_discovery/run_pref_loss_coevo.py --config PTP/configs/experiment/pref_loss_coevo/alternating_simple.yaml --resume-latest
[2026-03-06 11:39:45] resume_check reason=periodic_online_retry
[2026-03-06 11:39:47] resume_check_noop: pref_loss_process_already_running
[2026-03-06 11:39:47] running_proc: 6054 bash -lc cd /data1/gushengda/eam-rl4co && mkdir -p logs && export PYTHONPATH=/data1/gushengda/eam-rl4co:'/data1/gushengda/eam-rl4co\PTP':${PYTHONPATH:-} && export LOG_TZ=Asia/Shanghai && export LOG_LEVEL=INFO && nohup /data1/gushengda/anaconda3/envs/rlco1/bin/python3.11 -u PTP/ptp_discovery/run_pref_loss_coevo.py --config PTP/configs/experiment/pref_loss_coevo/alternating_simple.yaml --resume-latest > logs/auto_resume_pref_loss_20260306-031312.out 2>&1 < /dev/null & echo $!
[2026-03-06 11:39:47] running_proc: 6056 /data1/gushengda/anaconda3/envs/rlco1/bin/python3.11 -u PTP/ptp_discovery/run_pref_loss_coevo.py --config PTP/configs/experiment/pref_loss_coevo/alternating_simple.yaml --resume-latest
[2026-03-06 11:41:57] resume_check reason=periodic_online_retry
[2026-03-06 11:41:58] resume_check_noop: pref_loss_process_already_running
[2026-03-06 11:41:58] running_proc: 6054 bash -lc cd /data1/gushengda/eam-rl4co && mkdir -p logs && export PYTHONPATH=/data1/gushengda/eam-rl4co:'/data1/gushengda/eam-rl4co\PTP':${PYTHONPATH:-} && export LOG_TZ=Asia/Shanghai && export LOG_LEVEL=INFO && nohup /data1/gushengda/anaconda3/envs/rlco1/bin/python3.11 -u PTP/ptp_discovery/run_pref_loss_coevo.py --config PTP/configs/experiment/pref_loss_coevo/alternating_simple.yaml --resume-latest > logs/auto_resume_pref_loss_20260306-031312.out 2>&1 < /dev/null & echo $!
[2026-03-06 11:41:58] running_proc: 6056 /data1/gushengda/anaconda3/envs/rlco1/bin/python3.11 -u PTP/ptp_discovery/run_pref_loss_coevo.py --config PTP/configs/experiment/pref_loss_coevo/alternating_simple.yaml --resume-latest
[2026-03-06 11:44:08] resume_check reason=periodic_online_retry
[2026-03-06 11:44:10] resume_check_noop: pref_loss_process_already_running
[2026-03-06 11:44:10] running_proc: 6054 bash -lc cd /data1/gushengda/eam-rl4co && mkdir -p logs && export PYTHONPATH=/data1/gushengda/eam-rl4co:'/data1/gushengda/eam-rl4co\PTP':${PYTHONPATH:-} && export LOG_TZ=Asia/Shanghai && export LOG_LEVEL=INFO && nohup /data1/gushengda/anaconda3/envs/rlco1/bin/python3.11 -u PTP/ptp_discovery/run_pref_loss_coevo.py --config PTP/configs/experiment/pref_loss_coevo/alternating_simple.yaml --resume-latest > logs/auto_resume_pref_loss_20260306-031312.out 2>&1 < /dev/null & echo $!
[2026-03-06 11:44:10] running_proc: 6056 /data1/gushengda/anaconda3/envs/rlco1/bin/python3.11 -u PTP/ptp_discovery/run_pref_loss_coevo.py --config PTP/configs/experiment/pref_loss_coevo/alternating_simple.yaml --resume-latest
[2026-03-06 11:46:20] resume_check reason=periodic_online_retry
[2026-03-06 11:46:21] resume_check_noop: pref_loss_process_already_running
[2026-03-06 11:46:21] running_proc: 6054 bash -lc cd /data1/gushengda/eam-rl4co && mkdir -p logs && export PYTHONPATH=/data1/gushengda/eam-rl4co:'/data1/gushengda/eam-rl4co\PTP':${PYTHONPATH:-} && export LOG_TZ=Asia/Shanghai && export LOG_LEVEL=INFO && nohup /data1/gushengda/anaconda3/envs/rlco1/bin/python3.11 -u PTP/ptp_discovery/run_pref_loss_coevo.py --config PTP/configs/experiment/pref_loss_coevo/alternating_simple.yaml --resume-latest > logs/auto_resume_pref_loss_20260306-031312.out 2>&1 < /dev/null & echo $!
[2026-03-06 11:46:21] running_proc: 6056 /data1/gushengda/anaconda3/envs/rlco1/bin/python3.11 -u PTP/ptp_discovery/run_pref_loss_coevo.py --config PTP/configs/experiment/pref_loss_coevo/alternating_simple.yaml --resume-latest
[2026-03-06 11:48:31] resume_check reason=periodic_online_retry
[2026-03-06 11:48:32] resume_check_noop: pref_loss_process_already_running
[2026-03-06 11:48:32] running_proc: 6054 bash -lc cd /data1/gushengda/eam-rl4co && mkdir -p logs && export PYTHONPATH=/data1/gushengda/eam-rl4co:'/data1/gushengda/eam-rl4co\PTP':${PYTHONPATH:-} && export LOG_TZ=Asia/Shanghai && export LOG_LEVEL=INFO && nohup /data1/gushengda/anaconda3/envs/rlco1/bin/python3.11 -u PTP/ptp_discovery/run_pref_loss_coevo.py --config PTP/configs/experiment/pref_loss_coevo/alternating_simple.yaml --resume-latest > logs/auto_resume_pref_loss_20260306-031312.out 2>&1 < /dev/null & echo $!
[2026-03-06 11:48:32] running_proc: 6056 /data1/gushengda/anaconda3/envs/rlco1/bin/python3.11 -u PTP/ptp_discovery/run_pref_loss_coevo.py --config PTP/configs/experiment/pref_loss_coevo/alternating_simple.yaml --resume-latest
[2026-03-06 11:50:42] resume_check reason=periodic_online_retry
[2026-03-06 11:50:44] resume_check_noop: pref_loss_process_already_running
[2026-03-06 11:50:44] running_proc: 6054 bash -lc cd /data1/gushengda/eam-rl4co && mkdir -p logs && export PYTHONPATH=/data1/gushengda/eam-rl4co:'/data1/gushengda/eam-rl4co\PTP':${PYTHONPATH:-} && export LOG_TZ=Asia/Shanghai && export LOG_LEVEL=INFO && nohup /data1/gushengda/anaconda3/envs/rlco1/bin/python3.11 -u PTP/ptp_discovery/run_pref_loss_coevo.py --config PTP/configs/experiment/pref_loss_coevo/alternating_simple.yaml --resume-latest > logs/auto_resume_pref_loss_20260306-031312.out 2>&1 < /dev/null & echo $!
[2026-03-06 11:50:44] running_proc: 6056 /data1/gushengda/anaconda3/envs/rlco1/bin/python3.11 -u PTP/ptp_discovery/run_pref_loss_coevo.py --config PTP/configs/experiment/pref_loss_coevo/alternating_simple.yaml --resume-latest
[2026-03-06 11:52:54] resume_check reason=periodic_online_retry
[2026-03-06 11:52:55] resume_check_noop: pref_loss_process_already_running
[2026-03-06 11:52:55] running_proc: 6054 bash -lc cd /data1/gushengda/eam-rl4co && mkdir -p logs && export PYTHONPATH=/data1/gushengda/eam-rl4co:'/data1/gushengda/eam-rl4co\PTP':${PYTHONPATH:-} && export LOG_TZ=Asia/Shanghai && export LOG_LEVEL=INFO && nohup /data1/gushengda/anaconda3/envs/rlco1/bin/python3.11 -u PTP/ptp_discovery/run_pref_loss_coevo.py --config PTP/configs/experiment/pref_loss_coevo/alternating_simple.yaml --resume-latest > logs/auto_resume_pref_loss_20260306-031312.out 2>&1 < /dev/null & echo $!
[2026-03-06 11:52:55] running_proc: 6056 /data1/gushengda/anaconda3/envs/rlco1/bin/python3.11 -u PTP/ptp_discovery/run_pref_loss_coevo.py --config PTP/configs/experiment/pref_loss_coevo/alternating_simple.yaml --resume-latest
[2026-03-06 11:55:05] resume_check reason=periodic_online_retry
[2026-03-06 11:55:06] resume_check_noop: pref_loss_process_already_running
[2026-03-06 11:55:06] running_proc: 6054 bash -lc cd /data1/gushengda/eam-rl4co && mkdir -p logs && export PYTHONPATH=/data1/gushengda/eam-rl4co:'/data1/gushengda/eam-rl4co\PTP':${PYTHONPATH:-} && export LOG_TZ=Asia/Shanghai && export LOG_LEVEL=INFO && nohup /data1/gushengda/anaconda3/envs/rlco1/bin/python3.11 -u PTP/ptp_discovery/run_pref_loss_coevo.py --config PTP/configs/experiment/pref_loss_coevo/alternating_simple.yaml --resume-latest > logs/auto_resume_pref_loss_20260306-031312.out 2>&1 < /dev/null & echo $!
[2026-03-06 11:55:06] running_proc: 6056 /data1/gushengda/anaconda3/envs/rlco1/bin/python3.11 -u PTP/ptp_discovery/run_pref_loss_coevo.py --config PTP/configs/experiment/pref_loss_coevo/alternating_simple.yaml --resume-latest
[2026-03-06 11:57:16] resume_check reason=periodic_online_retry
[2026-03-06 11:57:17] resume_check_noop: pref_loss_process_already_running
[2026-03-06 11:57:17] running_proc: 6054 bash -lc cd /data1/gushengda/eam-rl4co && mkdir -p logs && export PYTHONPATH=/data1/gushengda/eam-rl4co:'/data1/gushengda/eam-rl4co\PTP':${PYTHONPATH:-} && export LOG_TZ=Asia/Shanghai && export LOG_LEVEL=INFO && nohup /data1/gushengda/anaconda3/envs/rlco1/bin/python3.11 -u PTP/ptp_discovery/run_pref_loss_coevo.py --config PTP/configs/experiment/pref_loss_coevo/alternating_simple.yaml --resume-latest > logs/auto_resume_pref_loss_20260306-031312.out 2>&1 < /dev/null & echo $!
[2026-03-06 11:57:17] running_proc: 6056 /data1/gushengda/anaconda3/envs/rlco1/bin/python3.11 -u PTP/ptp_discovery/run_pref_loss_coevo.py --config PTP/configs/experiment/pref_loss_coevo/alternating_simple.yaml --resume-latest
[2026-03-06 11:59:28] resume_check reason=periodic_online_retry
[2026-03-06 11:59:29] resume_check_noop: pref_loss_process_already_running
[2026-03-06 11:59:29] running_proc: 6054 bash -lc cd /data1/gushengda/eam-rl4co && mkdir -p logs && export PYTHONPATH=/data1/gushengda/eam-rl4co:'/data1/gushengda/eam-rl4co\PTP':${PYTHONPATH:-} && export LOG_TZ=Asia/Shanghai && export LOG_LEVEL=INFO && nohup /data1/gushengda/anaconda3/envs/rlco1/bin/python3.11 -u PTP/ptp_discovery/run_pref_loss_coevo.py --config PTP/configs/experiment/pref_loss_coevo/alternating_simple.yaml --resume-latest > logs/auto_resume_pref_loss_20260306-031312.out 2>&1 < /dev/null & echo $!
[2026-03-06 11:59:29] running_proc: 6056 /data1/gushengda/anaconda3/envs/rlco1/bin/python3.11 -u PTP/ptp_discovery/run_pref_loss_coevo.py --config PTP/configs/experiment/pref_loss_coevo/alternating_simple.yaml --resume-latest
[2026-03-06 12:01:39] resume_check reason=periodic_online_retry
[2026-03-06 12:01:44] resume_launched pid=138645 remote_log=logs/auto_resume_pref_loss_20260306-120140.out
[2026-03-06 12:03:54] resume_check reason=periodic_online_retry
[2026-03-06 12:03:59] resume_launched pid=140410 remote_log=logs/auto_resume_pref_loss_20260306-120356.out
[2026-03-06 12:06:10] resume_check reason=periodic_online_retry
[2026-03-06 12:06:15] resume_launched pid=142190 remote_log=logs/auto_resume_pref_loss_20260306-120612.out
[2026-03-06 12:08:25] resume_check reason=periodic_online_retry
[2026-03-06 12:08:30] resume_launched pid=144030 remote_log=logs/auto_resume_pref_loss_20260306-120827.out
[2026-03-06 12:10:41] resume_check reason=periodic_online_retry
[2026-03-06 12:10:45] resume_launched pid=145801 remote_log=logs/auto_resume_pref_loss_20260306-121042.out
[2026-03-06 12:12:56] resume_check reason=periodic_online_retry
[2026-03-06 12:13:00] resume_launched pid=147637 remote_log=logs/auto_resume_pref_loss_20260306-121257.out
[2026-03-06 12:15:11] resume_check reason=periodic_online_retry
[2026-03-06 12:15:15] resume_launched pid=149445 remote_log=logs/auto_resume_pref_loss_20260306-121512.out
[2026-03-06 12:17:25] resume_check reason=periodic_online_retry
[2026-03-06 12:17:30] resume_launched pid=151248 remote_log=logs/auto_resume_pref_loss_20260306-121727.out
[2026-03-06 12:19:40] resume_check reason=periodic_online_retry
[2026-03-06 12:19:45] resume_launched pid=153016 remote_log=logs/auto_resume_pref_loss_20260306-121942.out
[2026-03-06 12:21:56] resume_check reason=periodic_online_retry
[2026-03-06 12:22:00] resume_launched pid=154783 remote_log=logs/auto_resume_pref_loss_20260306-122157.out
[2026-03-06 12:24:11] resume_check reason=periodic_online_retry
[2026-03-06 12:24:15] resume_launched pid=156626 remote_log=logs/auto_resume_pref_loss_20260306-122412.out
[2026-03-06 12:26:26] resume_check reason=periodic_online_retry
[2026-03-06 12:26:30] resume_launched pid=158395 remote_log=logs/auto_resume_pref_loss_20260306-122627.out
[2026-03-06 12:28:41] resume_check reason=periodic_online_retry
[2026-03-06 12:28:45] resume_launched pid=160163 remote_log=logs/auto_resume_pref_loss_20260306-122842.out
[2026-03-06 12:30:41] resume_check reason=periodic_online_retry
[2026-03-06 12:30:45] resume_launched pid=161736 remote_log=logs/auto_resume_pref_loss_20260306-123042.out
[2026-03-06 12:32:56] resume_check reason=periodic_online_retry
[2026-03-06 12:33:00] resume_launched pid=163574 remote_log=logs/auto_resume_pref_loss_20260306-123257.out
[2026-03-06 12:35:10] resume_check reason=periodic_online_retry
[2026-03-06 12:35:15] resume_launched pid=165348 remote_log=logs/auto_resume_pref_loss_20260306-123512.out
[2026-03-06 12:37:25] resume_check reason=periodic_online_retry
[2026-03-06 12:37:30] resume_launched pid=167118 remote_log=logs/auto_resume_pref_loss_20260306-123727.out
[2026-03-06 12:39:40] resume_check reason=periodic_online_retry
[2026-03-06 12:39:45] resume_launched pid=168956 remote_log=logs/auto_resume_pref_loss_20260306-123942.out
[2026-03-06 12:41:55] resume_check reason=periodic_online_retry
[2026-03-06 12:42:00] resume_launched pid=170716 remote_log=logs/auto_resume_pref_loss_20260306-124156.out
[2026-03-06 12:44:10] resume_check reason=periodic_online_retry
[2026-03-06 12:44:15] resume_launched pid=172482 remote_log=logs/auto_resume_pref_loss_20260306-124411.out
[2026-03-06 12:46:26] resume_check reason=periodic_online_retry
[2026-03-06 12:46:30] resume_launched pid=174262 remote_log=logs/auto_resume_pref_loss_20260306-124627.out
[2026-03-06 12:48:26] resume_check reason=periodic_online_retry
[2026-03-06 12:48:33] resume_launched pid=175917 remote_log=logs/auto_resume_pref_loss_20260306-124828.out
[2026-03-06 12:50:28] resume_check reason=periodic_online_retry
[2026-03-06 12:50:34] resume_launched pid=177490 remote_log=logs/auto_resume_pref_loss_20260306-125030.out
[2026-03-06 12:52:29] resume_check reason=periodic_online_retry
[2026-03-06 12:52:33] resume_launched pid=179062 remote_log=logs/auto_resume_pref_loss_20260306-125230.out
[2026-03-06 12:54:44] resume_check reason=periodic_online_retry
[2026-03-06 12:54:48] resume_launched pid=180907 remote_log=logs/auto_resume_pref_loss_20260306-125445.out
[2026-03-06 12:56:59] resume_check reason=periodic_online_retry
[2026-03-06 12:57:03] resume_launched pid=182678 remote_log=logs/auto_resume_pref_loss_20260306-125700.out
[2026-03-06 12:59:14] resume_check reason=periodic_online_retry
[2026-03-06 12:59:18] resume_launched pid=184445 remote_log=logs/auto_resume_pref_loss_20260306-125915.out
[2026-03-06 13:01:28] resume_check reason=periodic_online_retry
[2026-03-06 13:01:33] resume_launched pid=186208 remote_log=logs/auto_resume_pref_loss_20260306-130130.out
[2026-03-06 13:03:44] resume_check reason=periodic_online_retry
[2026-03-06 13:03:49] resume_launched pid=188050 remote_log=logs/auto_resume_pref_loss_20260306-130345.out
[2026-03-06 13:05:59] resume_check reason=periodic_online_retry
[2026-03-06 13:06:04] resume_launched pid=189825 remote_log=logs/auto_resume_pref_loss_20260306-130600.out
[2026-03-06 13:08:15] resume_check reason=periodic_online_retry
[2026-03-06 13:08:20] resume_launched pid=191588 remote_log=logs/auto_resume_pref_loss_20260306-130816.out
[2026-03-06 13:10:30] resume_check reason=periodic_online_retry
[2026-03-06 13:10:35] resume_launched pid=193360 remote_log=logs/auto_resume_pref_loss_20260306-131032.out
[2026-03-06 13:12:45] resume_check reason=periodic_online_retry
[2026-03-06 13:12:50] resume_launched pid=195254 remote_log=logs/auto_resume_pref_loss_20260306-131247.out
[2026-03-06 13:15:01] resume_check reason=periodic_online_retry
[2026-03-06 13:15:05] resume_launched pid=197038 remote_log=logs/auto_resume_pref_loss_20260306-131502.out
[2026-03-06 13:17:16] resume_check reason=periodic_online_retry
[2026-03-06 13:17:20] resume_launched pid=198806 remote_log=logs/auto_resume_pref_loss_20260306-131717.out
[2026-03-06 13:19:30] resume_check reason=periodic_online_retry
[2026-03-06 13:19:35] resume_launched pid=200622 remote_log=logs/auto_resume_pref_loss_20260306-131932.out
[2026-03-06 13:21:45] resume_check reason=periodic_online_retry
[2026-03-06 13:21:50] resume_launched pid=202407 remote_log=logs/auto_resume_pref_loss_20260306-132146.out
[2026-03-06 13:24:00] resume_check reason=periodic_online_retry
[2026-03-06 13:24:05] resume_launched pid=204175 remote_log=logs/auto_resume_pref_loss_20260306-132401.out
[2026-03-06 13:26:15] resume_check reason=periodic_online_retry
[2026-03-06 13:26:20] resume_launched pid=205943 remote_log=logs/auto_resume_pref_loss_20260306-132616.out
[2026-03-06 13:28:30] resume_check reason=periodic_online_retry
[2026-03-06 13:28:35] resume_launched pid=207785 remote_log=logs/auto_resume_pref_loss_20260306-132831.out
[2026-03-06 13:30:45] resume_check reason=periodic_online_retry
[2026-03-06 13:30:50] resume_launched pid=209564 remote_log=logs/auto_resume_pref_loss_20260306-133047.out
[2026-03-06 13:33:00] resume_check reason=periodic_online_retry
[2026-03-06 13:33:05] resume_launched pid=211333 remote_log=logs/auto_resume_pref_loss_20260306-133302.out
[2026-03-06 13:35:15] resume_check reason=periodic_online_retry
[2026-03-06 13:35:20] resume_launched pid=213104 remote_log=logs/auto_resume_pref_loss_20260306-133517.out
[2026-03-06 13:37:30] resume_check reason=periodic_online_retry
[2026-03-06 13:37:35] resume_launched pid=214931 remote_log=logs/auto_resume_pref_loss_20260306-133731.out
[2026-03-06 13:39:45] resume_check reason=periodic_online_retry
[2026-03-06 13:39:50] resume_launched pid=216554 remote_log=logs/auto_resume_pref_loss_20260306-133946.out
[2026-03-06 13:42:00] resume_check reason=periodic_online_retry
[2026-03-06 13:42:05] resume_launched pid=217956 remote_log=logs/auto_resume_pref_loss_20260306-134201.out
[2026-03-06 13:44:15] resume_check reason=periodic_online_retry
[2026-03-06 13:44:20] resume_launched pid=219727 remote_log=logs/auto_resume_pref_loss_20260306-134416.out
[2026-03-06 13:46:30] resume_check reason=periodic_online_retry
[2026-03-06 13:46:35] resume_launched pid=221491 remote_log=logs/auto_resume_pref_loss_20260306-134631.out
[2026-03-06 13:48:45] resume_check reason=periodic_online_retry
[2026-03-06 13:48:50] resume_launched pid=223333 remote_log=logs/auto_resume_pref_loss_20260306-134846.out
[2026-03-06 13:51:00] resume_check reason=periodic_online_retry
[2026-03-06 13:51:05] resume_launched pid=225104 remote_log=logs/auto_resume_pref_loss_20260306-135101.out
[2026-03-06 13:53:15] resume_check reason=periodic_online_retry
[2026-03-06 13:53:20] resume_launched pid=226868 remote_log=logs/auto_resume_pref_loss_20260306-135316.out
[2026-03-06 13:55:30] resume_check reason=periodic_online_retry
[2026-03-06 13:55:35] resume_launched pid=228714 remote_log=logs/auto_resume_pref_loss_20260306-135531.out
[2026-03-06 13:57:45] resume_check reason=periodic_online_retry
[2026-03-06 13:57:50] resume_launched pid=2529 remote_log=logs/auto_resume_pref_loss_20260306-135746.out
[2026-03-06 14:00:00] resume_check reason=periodic_online_retry
[2026-03-06 14:00:04] resume_launched pid=4519 remote_log=logs/auto_resume_pref_loss_20260306-140001.out
[2026-03-06 14:02:15] resume_check reason=periodic_online_retry
[2026-03-06 14:02:19] resume_launched pid=6311 remote_log=logs/auto_resume_pref_loss_20260306-140216.out
[2026-03-06 14:04:30] resume_check reason=periodic_online_retry
[2026-03-06 14:04:34] resume_launched pid=8162 remote_log=logs/auto_resume_pref_loss_20260306-140431.out
[2026-03-06 14:06:45] resume_check reason=periodic_online_retry
[2026-03-06 14:06:50] resume_launched pid=9940 remote_log=logs/auto_resume_pref_loss_20260306-140646.out
[2026-03-06 14:09:00] resume_check reason=periodic_online_retry
[2026-03-06 14:09:04] resume_launched pid=11721 remote_log=logs/auto_resume_pref_loss_20260306-140901.out
[2026-03-06 14:11:15] resume_check reason=periodic_online_retry
[2026-03-06 14:11:20] resume_launched pid=13512 remote_log=logs/auto_resume_pref_loss_20260306-141116.out
[2026-03-06 14:13:30] resume_check reason=periodic_online_retry
[2026-03-06 14:13:35] resume_launched pid=15412 remote_log=logs/auto_resume_pref_loss_20260306-141332.out
[2026-03-06 14:15:45] resume_check reason=periodic_online_retry
[2026-03-06 14:15:50] resume_launched pid=17186 remote_log=logs/auto_resume_pref_loss_20260306-141547.out
[2026-03-06 14:18:00] resume_check reason=periodic_online_retry
[2026-03-06 14:18:05] resume_launched pid=18954 remote_log=logs/auto_resume_pref_loss_20260306-141801.out
[2026-03-06 14:20:15] resume_check reason=periodic_online_retry
[2026-03-06 14:20:20] resume_launched pid=20759 remote_log=logs/auto_resume_pref_loss_20260306-142017.out
[2026-03-06 14:22:30] resume_check reason=periodic_online_retry
[2026-03-06 14:22:35] resume_launched pid=22568 remote_log=logs/auto_resume_pref_loss_20260306-142232.out
[2026-03-06 14:22:51] remote_offline reason=ssh: Could not resolve hostname hub.aicnic.cn: \262\273\326\252\265\300\325\342\321\371\265\304\326\367\273\372\241\243  Connection closed by UNKNOWN port 65535
[2026-03-06 14:23:57] remote_unreachable reason=ssh: Could not resolve hostname hub.aicnic.cn: \262\273\326\252\265\300\325\342\321\371\265\304\326\367\273\372\241\243  Connection closed by UNKNOWN port 65535
[2026-03-06 14:24:57] remote_unreachable reason=ssh: Could not resolve hostname hub.aicnic.cn: \262\273\326\252\265\300\325\342\321\371\265\304\326\367\273\372\241\243  Connection closed by UNKNOWN port 65535
[2026-03-06 14:25:58] remote_unreachable reason=ssh: Could not resolve hostname hub.aicnic.cn: \262\273\326\252\265\300\325\342\321\371\265\304\326\367\273\372\241\243  Connection closed by UNKNOWN port 65535
[2026-03-06 14:26:58] remote_unreachable reason=ssh: Could not resolve hostname hub.aicnic.cn: \262\273\326\252\265\300\325\342\321\371\265\304\326\367\273\372\241\243  Connection closed by UNKNOWN port 65535
[2026-03-06 14:27:59] remote_unreachable reason=ssh: Could not resolve hostname hub.aicnic.cn: \262\273\326\252\265\300\325\342\321\371\265\304\326\367\273\372\241\243  Connection closed by UNKNOWN port 65535
[2026-03-06 14:29:00] remote_unreachable reason=ssh: Could not resolve hostname hub.aicnic.cn: \262\273\326\252\265\300\325\342\321\371\265\304\326\367\273\372\241\243  Connection closed by UNKNOWN port 65535
[2026-03-06 14:30:01] remote_unreachable reason=ssh: Could not resolve hostname hub.aicnic.cn: \262\273\326\252\265\300\325\342\321\371\265\304\326\367\273\372\241\243  Connection closed by UNKNOWN port 65535
[2026-03-06 14:31:01] remote_unreachable reason=ssh: Could not resolve hostname hub.aicnic.cn: \262\273\326\252\265\300\325\342\321\371\265\304\326\367\273\372\241\243  Connection closed by UNKNOWN port 65535
[2026-03-06 14:32:02] remote_unreachable reason=ssh: Could not resolve hostname hub.aicnic.cn: \262\273\326\252\265\300\325\342\321\371\265\304\326\367\273\372\241\243  Connection closed by UNKNOWN port 65535
[2026-03-06 14:33:03] remote_unreachable reason=ssh: Could not resolve hostname hub.aicnic.cn: \262\273\326\252\265\300\325\342\321\371\265\304\326\367\273\372\241\243  Connection closed by UNKNOWN port 65535
[2026-03-06 14:37:26] remote_unreachable reason=ssh: Could not resolve hostname hub.aicnic.cn: \262\273\326\252\265\300\325\342\321\371\265\304\326\367\273\372\241\243  Connection closed by UNKNOWN port 65535
[2026-03-06 14:37:42] remote_online boot_id=26b85cd5-419c-4325-bfe7-9771d8898d41
[2026-03-06 14:39:53] resume_check reason=periodic_online_retry
[2026-03-06 14:39:57] resume_launched pid=28968 remote_log=logs/auto_resume_pref_loss_20260306-143954.out
[2026-03-06 14:42:08] resume_check reason=periodic_online_retry
[2026-03-06 14:42:13] resume_launched pid=30837 remote_log=logs/auto_resume_pref_loss_20260306-144209.out
[2026-03-06 14:44:23] resume_check reason=periodic_online_retry
[2026-03-06 14:44:28] resume_launched pid=32688 remote_log=logs/auto_resume_pref_loss_20260306-144425.out
[2026-03-06 14:46:39] resume_check reason=periodic_online_retry
[2026-03-06 14:46:44] resume_launched pid=34545 remote_log=logs/auto_resume_pref_loss_20260306-144640.out
[2026-03-06 14:48:59] resume_check reason=periodic_online_retry
[2026-03-06 14:49:04] resume_launched pid=36539 remote_log=logs/auto_resume_pref_loss_20260306-144901.out
[2026-03-06 14:51:15] resume_check reason=periodic_online_retry
[2026-03-06 14:51:19] resume_launched pid=38405 remote_log=logs/auto_resume_pref_loss_20260306-145116.out
[2026-03-06 14:53:30] resume_check reason=periodic_online_retry
[2026-03-06 14:53:35] resume_launched pid=40253 remote_log=logs/auto_resume_pref_loss_20260306-145331.out
[2026-03-06 14:55:45] resume_check reason=periodic_online_retry
[2026-03-06 14:55:50] resume_launched pid=42113 remote_log=logs/auto_resume_pref_loss_20260306-145547.out
[2026-03-06 14:58:01] resume_check reason=periodic_online_retry
[2026-03-06 14:58:05] resume_launched pid=44071 remote_log=logs/auto_resume_pref_loss_20260306-145802.out
[2026-03-06 15:00:16] resume_check reason=periodic_online_retry
[2026-03-06 15:00:20] resume_launched pid=45932 remote_log=logs/auto_resume_pref_loss_20260306-150017.out
[2026-03-06 15:02:31] resume_check reason=periodic_online_retry
[2026-03-06 15:02:35] resume_launched pid=47855 remote_log=logs/auto_resume_pref_loss_20260306-150232.out
[2026-03-06 15:04:46] resume_check reason=periodic_online_retry
[2026-03-06 15:04:51] resume_launched pid=49646 remote_log=logs/auto_resume_pref_loss_20260306-150448.out
[2026-03-06 15:07:02] resume_check reason=periodic_online_retry
[2026-03-06 15:07:06] resume_launched pid=51075 remote_log=logs/auto_resume_pref_loss_20260306-150703.out
[2026-03-06 15:09:17] resume_check reason=periodic_online_retry
[2026-03-06 15:09:21] resume_launched pid=52849 remote_log=logs/auto_resume_pref_loss_20260306-150918.out
[2026-03-06 15:11:33] resume_check reason=periodic_online_retry
[2026-03-06 15:11:38] resume_launched pid=54732 remote_log=logs/auto_resume_pref_loss_20260306-151134.out
[2026-03-06 15:13:48] resume_check reason=periodic_online_retry
[2026-03-06 15:13:53] resume_launched pid=56631 remote_log=logs/auto_resume_pref_loss_20260306-151349.out
[2026-03-06 15:16:03] resume_check reason=periodic_online_retry
[2026-03-06 15:16:08] resume_launched pid=58505 remote_log=logs/auto_resume_pref_loss_20260306-151605.out
[2026-03-06 15:18:19] resume_check reason=periodic_online_retry
[2026-03-06 15:18:23] resume_launched pid=60352 remote_log=logs/auto_resume_pref_loss_20260306-151820.out
[2026-03-06 15:20:34] resume_check reason=periodic_online_retry
[2026-03-06 15:20:39] resume_launched pid=62209 remote_log=logs/auto_resume_pref_loss_20260306-152035.out
[2026-03-06 15:22:49] resume_check reason=periodic_online_retry
[2026-03-06 15:22:54] resume_launched pid=64064 remote_log=logs/auto_resume_pref_loss_20260306-152251.out
[2026-03-06 15:25:04] resume_check reason=periodic_online_retry
[2026-03-06 15:25:09] resume_launched pid=65930 remote_log=logs/auto_resume_pref_loss_20260306-152505.out
[2026-03-06 15:27:19] resume_check reason=periodic_online_retry
[2026-03-06 15:27:24] resume_launched pid=67775 remote_log=logs/auto_resume_pref_loss_20260306-152721.out
