epoch,step,time/epoch (s),time/inter_step (ms),time/intra_step (ms),train/loss,train/pair_count,train/quality,train/reward,val/gap,val/makespan,val/reward
,49,,,417.74916648864746,,,,,,,
,49,,0.7565021514892578,,,,,,,,
,99,,,413.03491592407227,,,,,,,
,99,,8.795499801635742,,,,,,,,
,149,,,412.578821182251,,,,,,,
,149,,0.7085800170898438,,,,,,,,
,199,,,416.49699211120605,,,,,,,
,199,,8.785486221313477,,,,,,,,
,249,,,410.4030132293701,,,,,,,
,249,,0.6189346313476562,,,,,,,,
,299,,,411.82947158813477,,,,,,,
,299,,8.776187896728516,,,,,,,,
,349,,,413.6226177215576,,,,,,,
,349,,0.64849853515625,,,,,,,,
,399,,,418.83373260498047,,,,,,,
,399,,8.458614349365234,,,,,,,,
,449,,,422.4371910095215,,,,,,,
,449,,0.6282329559326172,,,,,,,,
,499,,,352.04267501831055,,,,,,,
,499,,8.542776107788086,,,,,,,,
,549,,,343.9140319824219,,,,,,,
,549,,0.6039142608642578,,,,,,,,
,599,,,342.3299789428711,,,,,,,
,599,,8.23974609375,,,,,,,,
,649,,,341.66717529296875,,,,,,,
,649,,0.5707740783691406,,,,,,,,
,699,,,342.5142765045166,,,,,,,
,699,,8.379936218261719,,,,,,,,
,749,,,342.318058013916,,,,,,,
,749,,0.6387233734130859,,,,,,,,
,799,,,342.50473976135254,,,,,,,
,799,,8.551597595214844,,,,,,,,
,849,,,423.2199192047119,,,,,,,
,849,,0.6363391876220703,,,,,,,,
,899,,,416.057825088501,,,,,,,
,899,,8.681297302246094,,,,,,,,
,949,,,411.78369522094727,,,,,,,
,949,,0.6306171417236328,,,,,,,,
,999,,,351.6826629638672,,,,,,,
,999,,8.504152297973633,,,,,,,,
,1049,,,341.31908416748047,,,,,,,
,1049,,0.6036758422851562,,,,,,,,
,1099,,,341.86840057373047,,,,,,,
,1099,,8.477210998535156,,,,,,,,
,1149,,,351.06897354125977,,,,,,,
,1149,,0.5598068237304688,,,,,,,,
,1199,,,337.4979496002197,,,,,,,
,1199,,7.737636566162109,,,,,,,,
,1249,,,339.13230895996094,,,,,,,
,1249,,0.5640983581542969,,,,,,,,
,1299,,,342.4713611602783,,,,,,,
,1299,,10.213136672973633,,,,,,,,
,1349,,,342.07940101623535,,,,,,,
,1349,,0.5934238433837891,,,,,,,,
,1399,,,341.583251953125,,,,,,,
,1399,,8.249759674072266,,,,,,,,
,1449,,,342.88978576660156,,,,,,,
,1449,,0.5757808685302734,,,,,,,,
,1499,,,342.0431613922119,,,,,,,
,1499,,8.214235305786133,,,,,,,,
,1549,,,368.23296546936035,,,,,,,
,1549,,0.5824565887451172,,,,,,,,
,1599,,,349.74217414855957,,,,,,,
,1599,,8.254528045654297,,,,,,,,
,1649,,,344.2971706390381,,,,,,,
,1649,,0.6449222564697266,,,,,,,,
,1699,,,340.23547172546387,,,,,,,
,1699,,8.470535278320312,,,,,,,,
,1749,,,340.84153175354004,,,,,,,
,1749,,0.5755424499511719,,,,,,,,
,1799,,,422.65868186950684,,,,,,,
,1799,,8.550167083740234,,,,,,,,
,1849,,,340.2104377746582,,,,,,,
,1849,,0.5807876586914062,,,,,,,,
,1899,,,342.6947593688965,,,,,,,
,1899,,8.61215591430664,,,,,,,,
,1949,,,344.1917896270752,,,,,,,
,1949,,0.6382465362548828,,,,,,,,
,1999,,,344.2957401275635,,,,,,,
,1999,,8.499383926391602,,,,,,,,
,2049,,,343.8084125518799,,,,,,,
,2049,,0.5714893341064453,,,,,,,,
,2099,,,345.3943729400635,,,,,,,
,2099,,8.42142105102539,,,,,,,,
,2149,,,341.4275646209717,,,,,,,
,2149,,0.5853176116943359,,,,,,,,
,2199,,,342.2858715057373,,,,,,,
,2199,,8.455753326416016,,,,,,,,
,2249,,,341.19176864624023,,,,,,,
,2249,,0.8397102355957031,,,,,,,,
,2299,,,421.2212562561035,,,,,,,
,2299,,8.571863174438477,,,,,,,,
,2349,,,342.9114818572998,,,,,,,
,2349,,0.6213188171386719,,,,,,,,
,2399,,,338.4513854980469,,,,,,,
,2399,,8.299589157104492,,,,,,,,
,2449,,,338.1671905517578,,,,,,,
,2449,,0.5636215209960938,,,,,,,,
,2499,,,339.0364646911621,,,,,,,
,2499,,8.460044860839844,,,,,,,,
,2549,,,342.9865837097168,,,,,,,
,2549,,0.6012916564941406,,,,,,,,
,2599,,,341.77160263061523,,,,,,,
,2599,,8.522748947143555,,,,,,,,
,2649,,,346.1737632751465,,,,,,,
,2649,,0.5598068237304688,,,,,,,,
,2699,,,343.3234691619873,,,,,,,
,2699,,8.47005844116211,,,,,,,,
,2749,,,342.4227237701416,,,,,,,
,2749,,0.5497932434082031,,,,,,,,
,2799,,,352.3709774017334,,,,,,,
,2799,,8.260726928710938,,,,,,,,
,2849,,,345.0489044189453,,,,,,,
,2849,,0.5645751953125,,,,,,,,
,2899,,,343.4760570526123,,,,,,,
,2899,,7.745981216430664,,,,,,,,
,2949,,,348.8633632659912,,,,,,,
,2949,,0.5695819854736328,,,,,,,,
,2999,,,341.81857109069824,,,,,,,
,2999,,8.405447006225586,,,,,,,,
,3049,,,341.3395881652832,,,,,,,
,3049,,0.5495548248291016,,,,,,,,
,3099,,,341.73035621643066,,,,,,,
,3099,,16.00956916809082,,,,,,,,
,3149,,,337.82482147216797,,,,,,,
,3149,,0.8375644683837891,,,,,,,,
,3199,,,337.444543838501,,,,,,,
,3199,,8.446455001831055,,,,,,,,
,3249,,,339.54501152038574,,,,,,,
,3249,,0.5424022674560547,,,,,,,,
,3299,,,337.16702461242676,,,,,,,
,3299,,7.916688919067383,,,,,,,,
,3349,,,339.3237590789795,,,,,,,
,3349,,0.5984306335449219,,,,,,,,
,3399,,,339.1990661621094,,,,,,,
,3399,,8.286714553833008,,,,,,,,
,3449,,,362.11371421813965,,,,,,,
,3449,,0.6239414215087891,,,,,,,,
,3499,,,349.3342399597168,,,,,,,
,3499,,8.430957794189453,,,,,,,,
,3549,,,342.0741558074951,,,,,,,
,3549,,0.6327629089355469,,,,,,,,
,3599,,,348.4022617340088,,,,,,,
,3599,,8.418560028076172,,,,,,,,
,3649,,,341.97258949279785,,,,,,,
,3649,,0.5691051483154297,,,,,,,,
,3699,,,341.1281108856201,,,,,,,
,3699,,8.040428161621094,,,,,,,,
,3749,,,340.954065322876,,,,,,,
,3749,,0.5831718444824219,,,,,,,,
,3799,,,346.1744785308838,,,,,,,
,3799,,17.084360122680664,,,,,,,,
,3849,,,344.5158004760742,,,,,,,
,3849,,0.5600452423095703,,,,,,,,
,3899,,,343.5804843902588,,,,,,,
,3899,,7.754802703857422,,,,,,,,
,3949,,,342.9992198944092,,,,,,,
,3949,,0.6036758422851562,,,,,,,,
,3999,,,340.4386043548584,,,,,,,
,3999,,8.461236953735352,,,,,,,,
,4049,,,351.06444358825684,,,,,,,
,4049,,0.5719661712646484,,,,,,,,
,4099,,,340.52014350891113,,,,,,,
,4099,,7.947206497192383,,,,,,,,
,4149,,,340.40045738220215,,,,,,,
,4149,,0.5636215209960938,,,,,,,,
,4199,,,412.35852241516113,,,,,,,
,4199,,8.767366409301758,,,,,,,,
,4249,,,594.8934555053711,,,,,,,
,4249,,0.6830692291259766,,,,,,,,
,4299,,,341.113805770874,,,,,,,
,4299,,8.518218994140625,,,,,,,,
,4349,,,414.7329330444336,,,,,,,
,4349,,0.6704330444335938,,,,,,,,
,4399,,,340.79813957214355,,,,,,,
,4399,,8.341073989868164,,,,,,,,
,4449,,,415.3592586517334,,,,,,,
,4449,,0.8563995361328125,,,,,,,,
,4499,,,411.0069274902344,,,,,,,
,4499,,8.553266525268555,,,,,,,,
,4549,,,413.01655769348145,,,,,,,
,4549,,0.61798095703125,,,,,,,,
,4599,,,340.0449752807617,,,,,,,
,4599,,8.512258529663086,,,,,,,,
,4649,,,342.2813415527344,,,,,,,
,4649,,0.5867481231689453,,,,,,,,
,4699,,,341.4909839630127,,,,,,,
,4699,,8.258819580078125,,,,,,,,
,4749,,,339.949369430542,,,,,,,
,4749,,0.5681514739990234,,,,,,,,
,4799,,,340.496301651001,,,,,,,
,4799,,8.48245620727539,,,,,,,,
,4849,,,344.08092498779297,,,,,,,
,4849,,0.5850791931152344,,,,,,,,
,4899,,,350.95834732055664,,,,,,,
,4899,,8.527278900146484,,,,,,,,
,4949,,,413.4938716888428,,,,,,,
,4949,,0.6055831909179688,,,,,,,,
,4999,,,418.22052001953125,,,,,,,
,4999,,17.148971557617188,,,,,,,,
0,4999,,,,,,,,4.353574752807617,1731.2098388671875,-1731.2098388671875
,5000,1836.9504272937775,,,,,,,,,
0,4999,,,,0.7033930420875549,15.0,1.1618953943252563,-1763.8267822265625,,,
,5049,,,417.39535331726074,,,,,,,
,5049,,1.1992454528808594,,,,,,,,
,5099,,,411.6935729980469,,,,,,,
,5099,,8.579254150390625,,,,,,,,
,5149,,,428.5316467285156,,,,,,,
,5149,,2.2056102752685547,,,,,,,,
,5199,,,424.18742179870605,,,,,,,
,5199,,16.752243041992188,,,,,,,,
,5249,,,414.71171379089355,,,,,,,
,5249,,0.7297992706298828,,,,,,,,
,5299,,,427.40774154663086,,,,,,,
,5299,,8.564472198486328,,,,,,,,
,5349,,,350.41308403015137,,,,,,,
,5349,,1.886129379272461,,,,,,,,
,5399,,,353.09410095214844,,,,,,,
,5399,,8.494138717651367,,,,,,,,
,5449,,,352.5519371032715,,,,,,,
,5449,,0.5939006805419922,,,,,,,,
,5499,,,341.5875434875488,,,,,,,
,5499,,7.962465286254883,,,,,,,,
,5549,,,342.90385246276855,,,,,,,
,5549,,0.6227493286132812,,,,,,,,
,5599,,,344.7704315185547,,,,,,,
,5599,,8.52656364440918,,,,,,,,
,5649,,,340.81459045410156,,,,,,,
,5649,,0.6122589111328125,,,,,,,,
,5699,,,341.51172637939453,,,,,,,
,5699,,15.667915344238281,,,,,,,,
,5749,,,350.73232650756836,,,,,,,
,5749,,0.621795654296875,,,,,,,,
,5799,,,348.4911918640137,,,,,,,
,5799,,8.712053298950195,,,,,,,,
,5849,,,338.18817138671875,,,,,,,
,5849,,0.5939006805419922,,,,,,,,
,5899,,,347.8686809539795,,,,,,,
,5899,,17.105579376220703,,,,,,,,
,5949,,,340.64340591430664,,,,,,,
,5949,,0.6160736083984375,,,,,,,,
,5999,,,339.0178680419922,,,,,,,
,5999,,8.217573165893555,,,,,,,,
,6049,,,375.7476806640625,,,,,,,
,6049,,0.6148815155029297,,,,,,,,
,6099,,,355.56626319885254,,,,,,,
,6099,,9.094476699829102,,,,,,,,
,6149,,,337.9342555999756,,,,,,,
,6149,,0.5805492401123047,,,,,,,,
,6199,,,342.16761589050293,,,,,,,
,6199,,8.075952529907227,,,,,,,,
,6249,,,342.96727180480957,,,,,,,
,6249,,0.5962848663330078,,,,,,,,
,6299,,,342.8685665130615,,,,,,,
,6299,,8.19706916809082,,,,,,,,
,6349,,,338.35554122924805,,,,,,,
,6349,,0.5877017974853516,,,,,,,,
,6399,,,338.55295181274414,,,,,,,
,6399,,8.254289627075195,,,,,,,,
,6449,,,349.9274253845215,,,,,,,
,6449,,0.5843639373779297,,,,,,,,
,6499,,,343.86491775512695,,,,,,,
,6499,,8.410930633544922,,,,,,,,
,6549,,,341.65310859680176,,,,,,,
,6549,,0.6563663482666016,,,,,,,,
,6599,,,379.89163398742676,,,,,,,
,6599,,8.813619613647461,,,,,,,,
,6649,,,661.7889404296875,,,,,,,
,6649,,0.7643699645996094,,,,,,,,
,6699,,,430.4032325744629,,,,,,,
,6699,,8.781671524047852,,,,,,,,
,6749,,,341.4127826690674,,,,,,,
,6749,,0.6067752838134766,,,,,,,,
,6799,,,342.66209602355957,,,,,,,
,6799,,8.59212875366211,,,,,,,,
,6849,,,351.4516353607178,,,,,,,
,6849,,1.4867782592773438,,,,,,,,
,6899,,,338.25206756591797,,,,,,,
,6899,,8.454561233520508,,,,,,,,
,6949,,,347.672700881958,,,,,,,
,6949,,2.0906925201416016,,,,,,,,
,6999,,,354.8424243927002,,,,,,,
,6999,,17.26984977722168,,,,,,,,
,7049,,,341.05443954467773,,,,,,,
,7049,,0.6358623504638672,,,,,,,,
,7099,,,342.61202812194824,,,,,,,
,7099,,8.535146713256836,,,,,,,,
,7149,,,347.261905670166,,,,,,,
,7149,,0.5812644958496094,,,,,,,,
,7199,,,348.69861602783203,,,,,,,
,7199,,7.89642333984375,,,,,,,,
,7249,,,342.93150901794434,,,,,,,
,7249,,0.6132125854492188,,,,,,,,
,7299,,,337.19635009765625,,,,,,,
,7299,,8.443832397460938,,,,,,,,
,7349,,,337.12244033813477,,,,,,,
,7349,,0.5919933319091797,,,,,,,,
,7399,,,341.4468765258789,,,,,,,
,7399,,7.954120635986328,,,,,,,,
,7449,,,384.3412399291992,,,,,,,
,7449,,0.6129741668701172,,,,,,,,
,7499,,,341.418981552124,,,,,,,
,7499,,7.9364776611328125,,,,,,,,
,7549,,,339.56003189086914,,,,,,,
,7549,,0.5657672882080078,,,,,,,,
,7599,,,355.0601005554199,,,,,,,
,7599,,7.927179336547852,,,,,,,,
,7649,,,341.3236141204834,,,,,,,
,7649,,0.6368160247802734,,,,,,,,
,7699,,,339.60723876953125,,,,,,,
,7699,,8.403301239013672,,,,,,,,
,7749,,,338.4826183319092,,,,,,,
,7749,,0.5896091461181641,,,,,,,,
,7799,,,340.06357192993164,,,,,,,
,7799,,7.928133010864258,,,,,,,,
,7849,,,339.91479873657227,,,,,,,
,7849,,0.6127357482910156,,,,,,,,
,7899,,,343.6119556427002,,,,,,,
,7899,,7.925510406494141,,,,,,,,
,7949,,,343.74237060546875,,,,,,,
,7949,,0.5819797515869141,,,,,,,,
,7999,,,339.79201316833496,,,,,,,
,7999,,7.868289947509766,,,,,,,,
,8049,,,341.52722358703613,,,,,,,
,8049,,0.6089210510253906,,,,,,,,
,8099,,,341.75586700439453,,,,,,,
,8099,,8.429527282714844,,,,,,,,
,8149,,,342.8037166595459,,,,,,,
,8149,,0.5803108215332031,,,,,,,,
,8199,,,340.1765823364258,,,,,,,
,8199,,7.9135894775390625,,,,,,,,
,8249,,,609.2615127563477,,,,,,,
,8249,,0.74005126953125,,,,,,,,
,8299,,,339.19501304626465,,,,,,,
,8299,,8.00943374633789,,,,,,,,
,8349,,,337.95666694641113,,,,,,,
,8349,,0.5748271942138672,,,,,,,,
,8399,,,346.2057113647461,,,,,,,
,8399,,7.907629013061523,,,,,,,,
,8449,,,343.6758518218994,,,,,,,
,8449,,0.6263256072998047,,,,,,,,
,8499,,,346.37928009033203,,,,,,,
,8499,,8.397579193115234,,,,,,,,
,8549,,,352.76031494140625,,,,,,,
,8549,,1.4939308166503906,,,,,,,,
,8599,,,344.85507011413574,,,,,,,
,8599,,7.916927337646484,,,,,,,,
,8649,,,341.20702743530273,,,,,,,
,8649,,0.6103515625,,,,,,,,
,8699,,,359.35211181640625,,,,,,,
,8699,,8.524179458618164,,,,,,,,
,8749,,,337.61048316955566,,,,,,,
,8749,,0.5824565887451172,,,,,,,,
,8799,,,337.6593589782715,,,,,,,
,8799,,8.059501647949219,,,,,,,,
,8849,,,337.6336097717285,,,,,,,
,8849,,0.6241798400878906,,,,,,,,
,8899,,,337.45455741882324,,,,,,,
,8899,,8.41832160949707,,,,,,,,
,8949,,,413.1512641906738,,,,,,,
,8949,,0.6806850433349609,,,,,,,,
,8999,,,342.90432929992676,,,,,,,
,8999,,8.628606796264648,,,,,,,,
,9049,,,410.83693504333496,,,,,,,
,9049,,0.6709098815917969,,,,,,,,
,9099,,,411.17000579833984,,,,,,,
,9099,,8.682489395141602,,,,,,,,
,9149,,,418.9267158508301,,,,,,,
,9149,,0.8478164672851562,,,,,,,,
,9199,,,410.8576774597168,,,,,,,
,9199,,8.562564849853516,,,,,,,,
,9249,,,412.5540256500244,,,,,,,
,9249,,0.6620883941650391,,,,,,,,
,9299,,,337.66984939575195,,,,,,,
,9299,,8.437633514404297,,,,,,,,
,9349,,,342.2808647155762,,,,,,,
,9349,,0.6189346313476562,,,,,,,,
,9399,,,338.8547897338867,,,,,,,
,9399,,8.538007736206055,,,,,,,,
,9449,,,344.4838523864746,,,,,,,
,9449,,0.6716251373291016,,,,,,,,
,9499,,,339.0200138092041,,,,,,,
,9499,,7.927894592285156,,,,,,,,
,9549,,,410.80236434936523,,,,,,,
,9549,,0.6556510925292969,,,,,,,,
,9599,,,344.00153160095215,,,,,,,
,9599,,16.32857322692871,,,,,,,,
,9649,,,436.86699867248535,,,,,,,
,9649,,0.7269382476806641,,,,,,,,
,9699,,,343.01066398620605,,,,,,,
,9699,,8.999824523925781,,,,,,,,
,9749,,,341.0992622375488,,,,,,,
,9749,,0.6070137023925781,,,,,,,,
,9799,,,341.6333198547363,,,,,,,
,9799,,8.496522903442383,,,,,,,,
,9849,,,588.5646343231201,,,,,,,
,9849,,0.6952285766601562,,,,,,,,
,9899,,,341.46928787231445,,,,,,,
,9899,,8.407354354858398,,,,,,,,
,9949,,,340.4724597930908,,,,,,,
,9949,,0.5915164947509766,,,,,,,,
,9999,,,338.27805519104004,,,,,,,
,9999,,8.427858352661133,,,,,,,,
1,9999,,,,,,,,5.895219802856445,1756.4599609375,-1756.4599609375
,10000,1821.3686876296997,,,,,,,,,
1,9999,,,,0.7047642469406128,15.0,1.1582398414611816,-1737.88134765625,,,
,10049,,,352.1862030029297,,,,,,,
,10049,,0.5977153778076172,,,,,,,,
,10099,,,337.0685577392578,,,,,,,
,10099,,8.414030075073242,,,,,,,,
,10149,,,342.8332805633545,,,,,,,
,10149,,0.5946159362792969,,,,,,,,
,10199,,,392.2712802886963,,,,,,,
,10199,,8.359432220458984,,,,,,,,
,10249,,,352.3590564727783,,,,,,,
,10249,,0.6039142608642578,,,,,,,,
,10299,,,345.2112674713135,,,,,,,
,10299,,8.400917053222656,,,,,,,,
,10349,,,410.33411026000977,,,,,,,
,10349,,0.6809234619140625,,,,,,,,
,10399,,,348.59681129455566,,,,,,,
,10399,,8.506298065185547,,,,,,,,
,10449,,,339.1590118408203,,,,,,,
,10449,,0.6082057952880859,,,,,,,,
,10499,,,351.60303115844727,,,,,,,
,10499,,8.51583480834961,,,,,,,,
,10549,,,418.428897857666,,,,,,,
,10549,,0.6577968597412109,,,,,,,,
,10599,,,409.76619720458984,,,,,,,
,10599,,8.54945182800293,,,,,,,,
,10649,,,350.8431911468506,,,,,,,
,10649,,0.5867481231689453,,,,,,,,
,10699,,,423.57492446899414,,,,,,,
,10699,,8.583307266235352,,,,,,,,
,10749,,,419.85344886779785,,,,,,,
,10749,,0.6465911865234375,,,,,,,,
,10799,,,350.76403617858887,,,,,,,
,10799,,8.625507354736328,,,,,,,,
,10849,,,417.9997444152832,,,,,,,
,10849,,0.6520748138427734,,,,,,,,
,10899,,,410.4273319244385,,,,,,,
,10899,,8.63194465637207,,,,,,,,
,10949,,,347.2726345062256,,,,,,,
,10949,,0.6403923034667969,,,,,,,,
,10999,,,421.26965522766113,,,,,,,
,10999,,8.944511413574219,,,,,,,,
,11049,,,432.0049285888672,,,,,,,
,11049,,0.7777214050292969,,,,,,,,
,11099,,,346.3888168334961,,,,,,,
,11099,,8.56161117553711,,,,,,,,
,11149,,,342.2098159790039,,,,,,,
,11149,,0.5800724029541016,,,,,,,,
,11199,,,339.5416736602783,,,,,,,
,11199,,8.364200592041016,,,,,,,,
,11249,,,339.53094482421875,,,,,,,
,11249,,0.5807876586914062,,,,,,,,
,11299,,,339.77508544921875,,,,,,,
,11299,,8.002042770385742,,,,,,,,
,11349,,,339.93077278137207,,,,,,,
,11349,,0.5762577056884766,,,,,,,,
,11399,,,341.12548828125,,,,,,,
,11399,,8.512020111083984,,,,,,,,
,11449,,,411.8175506591797,,,,,,,
,11449,,0.6570816040039062,,,,,,,,
,11499,,,413.28883171081543,,,,,,,
,11499,,8.63194465637207,,,,,,,,
,11549,,,412.34731674194336,,,,,,,
,11549,,0.6496906280517578,,,,,,,,
,11599,,,343.20068359375,,,,,,,
,11599,,8.501291275024414,,,,,,,,
,11649,,,341.4421081542969,,,,,,,
,11649,,0.6008148193359375,,,,,,,,
,11699,,,412.7163887023926,,,,,,,
,11699,,8.719444274902344,,,,,,,,
,11749,,,376.7657279968262,,,,,,,
,11749,,0.6358623504638672,,,,,,,,
,11799,,,341.3846492767334,,,,,,,
,11799,,8.524894714355469,,,,,,,,
,11849,,,410.508394241333,,,,,,,
,11849,,0.6687641143798828,,,,,,,,
,11899,,,341.28475189208984,,,,,,,
,11899,,8.493661880493164,,,,,,,,
,11949,,,413.06018829345703,,,,,,,
,11949,,0.6494522094726562,,,,,,,,
,11999,,,411.30995750427246,,,,,,,
,11999,,8.512258529663086,,,,,,,,
,12049,,,411.15689277648926,,,,,,,
,12049,,0.6833076477050781,,,,,,,,
,12099,,,344.8219299316406,,,,,,,
,12099,,8.575439453125,,,,,,,,
,12149,,,413.5565757751465,,,,,,,
,12149,,0.6701946258544922,,,,,,,,
,12199,,,341.89915657043457,,,,,,,
,12199,,8.537769317626953,,,,,,,,
,12249,,,664.2124652862549,,,,,,,
,12249,,0.8144378662109375,,,,,,,,
,12299,,,341.4268493652344,,,,,,,
,12299,,8.441925048828125,,,,,,,,
,12349,,,411.2105369567871,,,,,,,
,12349,,0.6663799285888672,,,,,,,,
,12399,,,410.70556640625,,,,,,,
,12399,,8.63957405090332,,,,,,,,
,12449,,,411.47613525390625,,,,,,,
,12449,,0.6635189056396484,,,,,,,,
,12499,,,341.341495513916,,,,,,,
,12499,,8.420705795288086,,,,,,,,
,12549,,,341.5040969848633,,,,,,,
,12549,,0.6022453308105469,,,,,,,,
,12599,,,410.5820655822754,,,,,,,
,12599,,8.526325225830078,,,,,,,,
,12649,,,341.6106700897217,,,,,,,
,12649,,0.6361007690429688,,,,,,,,
,12699,,,416.1639213562012,,,,,,,
,12699,,8.974313735961914,,,,,,,,
,12749,,,414.75868225097656,,,,,,,
,12749,,0.6778240203857422,,,,,,,,
,12799,,,341.80474281311035,,,,,,,
,12799,,8.455991744995117,,,,,,,,
,12849,,,342.3323631286621,,,,,,,
,12849,,0.6093978881835938,,,,,,,,
,12899,,,341.5825366973877,,,,,,,
,12899,,8.454561233520508,,,,,,,,
,12949,,,341.2904739379883,,,,,,,
,12949,,0.606536865234375,,,,,,,,
,12999,,,342.0248031616211,,,,,,,
,12999,,8.58926773071289,,,,,,,,
,13049,,,341.36128425598145,,,,,,,
,13049,,0.6353855133056641,,,,,,,,
,13099,,,342.21363067626953,,,,,,,
,13099,,8.489608764648438,,,,,,,,
,13149,,,337.6657962799072,,,,,,,
,13149,,0.5943775177001953,,,,,,,,
,13199,,,341.74585342407227,,,,,,,
,13199,,8.429527282714844,,,,,,,,
,13249,,,339.19668197631836,,,,,,,
,13249,,0.5667209625244141,,,,,,,,
,13299,,,346.7676639556885,,,,,,,
,13299,,8.383035659790039,,,,,,,,
,13349,,,340.03305435180664,,,,,,,
,13349,,0.5838871002197266,,,,,,,,
,13399,,,339.2000198364258,,,,,,,
,13399,,7.906198501586914,,,,,,,,
,13449,,,340.2416706085205,,,,,,,
,13449,,0.6067752838134766,,,,,,,,
,13499,,,339.9808406829834,,,,,,,
,13499,,16.688823699951172,,,,,,,,
,13549,,,337.1586799621582,,,,,,,
,13549,,0.5791187286376953,,,,,,,,
,13599,,,341.81880950927734,,,,,,,
,13599,,8.232593536376953,,,,,,,,
,13649,,,341.92943572998047,,,,,,,
,13649,,0.6003379821777344,,,,,,,,
,13699,,,338.9902114868164,,,,,,,
,13699,,8.391141891479492,,,,,,,,
,13749,,,339.2350673675537,,,,,,,
,13749,,0.5660057067871094,,,,,,,,
,13799,,,347.75471687316895,,,,,,,
,13799,,7.899284362792969,,,,,,,,
,13849,,,621.3817596435547,,,,,,,
,13849,,0.6880760192871094,,,,,,,,
,13899,,,340.3186798095703,,,,,,,
,13899,,8.081912994384766,,,,,,,,
,13949,,,340.96264839172363,,,,,,,
,13949,,0.5910396575927734,,,,,,,,
,13999,,,340.38519859313965,,,,,,,
,13999,,7.993459701538086,,,,,,,,
,14049,,,341.16435050964355,,,,,,,
,14049,,0.5979537963867188,,,,,,,,
,14099,,,341.48573875427246,,,,,,,
,14099,,8.419036865234375,,,,,,,,
,14149,,,341.5641784667969,,,,,,,
,14149,,1.4183521270751953,,,,,,,,
,14199,,,341.8385982513428,,,,,,,
,14199,,7.905244827270508,,,,,,,,
,14249,,,342.2403335571289,,,,,,,
,14249,,0.5967617034912109,,,,,,,,
,14299,,,341.991662979126,,,,,,,
,14299,,8.106231689453125,,,,,,,,
,14349,,,341.9070243835449,,,,,,,
,14349,,0.5762577056884766,,,,,,,,
,14399,,,340.77954292297363,,,,,,,
,14399,,7.86590576171875,,,,,,,,
,14449,,,346.1921215057373,,,,,,,
,14449,,1.9812583923339844,,,,,,,,
,14499,,,340.9876823425293,,,,,,,
,14499,,8.454322814941406,,,,,,,,
,14549,,,341.141939163208,,,,,,,
,14549,,0.5719661712646484,,,,,,,,
,14599,,,342.879056930542,,,,,,,
,14599,,7.915735244750977,,,,,,,,
,14649,,,350.8787155151367,,,,,,,
,14649,,0.5810260772705078,,,,,,,,
,14699,,,342.13995933532715,,,,,,,
,14699,,8.466005325317383,,,,,,,,
,14749,,,341.4645195007324,,,,,,,
,14749,,0.6041526794433594,,,,,,,,
,14799,,,342.75269508361816,,,,,,,
,14799,,8.220672607421875,,,,,,,,
,14849,,,341.1293029785156,,,,,,,
,14849,,0.5850791931152344,,,,,,,,
,14899,,,342.0450687408447,,,,,,,
,14899,,8.440971374511719,,,,,,,,
,14949,,,343.9943790435791,,,,,,,
,14949,,0.5886554718017578,,,,,,,,
,14999,,,339.19501304626465,,,,,,,
,14999,,7.933378219604492,,,,,,,,
2,14999,,,,,,,,3.6379964351654053,1719.1700439453125,-1719.1700439453125
,15000,1845.0204570293427,,,,,,,,,
2,14999,,,,0.6995773315429688,15.0,1.1473608016967773,-1732.5035400390625,,,
,15049,,,342.7290916442871,,,,,,,
,15049,,0.5705356597900391,,,,,,,,
,15099,,,342.0374393463135,,,,,,,
,15099,,8.004903793334961,,,,,,,,
,15149,,,340.2833938598633,,,,,,,
,15149,,0.5769729614257812,,,,,,,,
,15199,,,342.4098491668701,,,,,,,
,15199,,8.087635040283203,,,,,,,,
,15249,,,342.5335884094238,,,,,,,
,15249,,0.8518695831298828,,,,,,,,
,15299,,,341.6280746459961,,,,,,,
,15299,,8.24594497680664,,,,,,,,
,15349,,,341.39370918273926,,,,,,,
,15349,,0.5731582641601562,,,,,,,,
,15399,,,345.0284004211426,,,,,,,
,15399,,8.416891098022461,,,,,,,,
,15449,,,342.93174743652344,,,,,,,
,15449,,0.5967617034912109,,,,,,,,
,15499,,,343.43481063842773,,,,,,,
,15499,,7.89189338684082,,,,,,,,
,15549,,,343.88113021850586,,,,,,,
,15549,,0.5750656127929688,,,,,,,,
,15599,,,345.0357913970947,,,,,,,
,15599,,7.962942123413086,,,,,,,,
,15649,,,348.13737869262695,,,,,,,
,15649,,0.5979537963867188,,,,,,,,
,15699,,,340.6069278717041,,,,,,,
,15699,,8.379459381103516,,,,,,,,
,15749,,,340.6670093536377,,,,,,,
,15749,,0.5886554718017578,,,,,,,,
,15799,,,340.82770347595215,,,,,,,
,15799,,7.719278335571289,,,,,,,,
,15849,,,342.5722122192383,,,,,,,
,15849,,0.6115436553955078,,,,,,,,
,15899,,,342.64087677001953,,,,,,,
,15899,,7.919549942016602,,,,,,,,
,15949,,,339.3974304199219,,,,,,,
,15949,,0.5695819854736328,,,,,,,,
,15999,,,339.91241455078125,,,,,,,
,15999,,7.880926132202148,,,,,,,,
,16049,,,412.65225410461426,,,,,,,
,16049,,0.6515979766845703,,,,,,,,
,16099,,,413.6838912963867,,,,,,,
,16099,,16.922950744628906,,,,,,,,
,16149,,,415.61341285705566,,,,,,,
,16149,,0.6518363952636719,,,,,,,,
,16199,,,411.9596481323242,,,,,,,
,16199,,8.263826370239258,,,,,,,,
,16249,,,661.7152690887451,,,,,,,
,16249,,1.0476112365722656,,,,,,,,
,16299,,,412.65058517456055,,,,,,,
,16299,,8.694648742675781,,,,,,,,
,16349,,,420.6984043121338,,,,,,,
,16349,,0.6577968597412109,,,,,,,,
,16399,,,411.7858409881592,,,,,,,
,16399,,8.477210998535156,,,,,,,,
,16449,,,412.85181045532227,,,,,,,
,16449,,0.6544589996337891,,,,,,,,
,16499,,,412.4019145965576,,,,,,,
,16499,,8.651494979858398,,,,,,,,
,16549,,,419.54803466796875,,,,,,,
,16549,,0.8666515350341797,,,,,,,,
,16599,,,412.1980667114258,,,,,,,
,16599,,8.547782897949219,,,,,,,,
,16649,,,413.6075973510742,,,,,,,
,16649,,0.6535053253173828,,,,,,,,
,16699,,,412.1882915496826,,,,,,,
,16699,,8.510351181030273,,,,,,,,
,16749,,,412.22691535949707,,,,,,,
,16749,,0.6742477416992188,,,,,,,,
,16799,,,341.20821952819824,,,,,,,
,16799,,8.645057678222656,,,,,,,,
,16849,,,339.71118927001953,,,,,,,
,16849,,0.6043910980224609,,,,,,,,
,16899,,,343.7032699584961,,,,,,,
,16899,,8.445024490356445,,,,,,,,
,16949,,,344.9087142944336,,,,,,,
,16949,,0.5865097045898438,,,,,,,,
,16999,,,375.6442070007324,,,,,,,
,16999,,17.162084579467773,,,,,,,,
,17049,,,381.90364837646484,,,,,,,
,17049,,0.5822181701660156,,,,,,,,
,17099,,,369.6894645690918,,,,,,,
,17099,,7.9250335693359375,,,,,,,,
,17149,,,369.7679042816162,,,,,,,
,17149,,0.5750656127929688,,,,,,,,
,17199,,,376.3546943664551,,,,,,,
,17199,,8.041620254516602,,,,,,,,
,17249,,,371.5963363647461,,,,,,,
,17249,,0.5948543548583984,,,,,,,,
,17299,,,368.3910369873047,,,,,,,
,17299,,16.463756561279297,,,,,,,,
,17349,,,370.51939964294434,,,,,,,
,17349,,0.5848407745361328,,,,,,,,
,17399,,,371.42086029052734,,,,,,,
,17399,,8.089303970336914,,,,,,,,
,17449,,,369.95697021484375,,,,,,,
,17449,,0.5991458892822266,,,,,,,,
,17499,,,367.8240776062012,,,,,,,
,17499,,7.972240447998047,,,,,,,,
,17549,,,370.7096576690674,,,,,,,
,17549,,0.5731582641601562,,,,,,,,
,17599,,,367.8593635559082,,,,,,,
,17599,,15.670299530029297,,,,,,,,
,17649,,,370.4493045806885,,,,,,,
,17649,,0.5884170532226562,,,,,,,,
,17699,,,370.2216148376465,,,,,,,
,17699,,8.107423782348633,,,,,,,,
,17749,,,366.5926456451416,,,,,,,
,17749,,0.5717277526855469,,,,,,,,
,17799,,,367.43736267089844,,,,,,,
,17799,,16.561269760131836,,,,,,,,
,17849,,,618.5808181762695,,,,,,,
,17849,,0.690460205078125,,,,,,,,
,17899,,,372.6973533630371,,,,,,,
,17899,,7.956027984619141,,,,,,,,
,17949,,,437.61515617370605,,,,,,,
,17949,,0.6561279296875,,,,,,,,
,17999,,,372.76291847229004,,,,,,,
,17999,,8.307456970214844,,,,,,,,
,18049,,,438.7385845184326,,,,,,,
,18049,,0.6606578826904297,,,,,,,,
,18099,,,443.2811737060547,,,,,,,
,18099,,8.434772491455078,,,,,,,,
,18149,,,438.19117546081543,,,,,,,
,18149,,2.035856246948242,,,,,,,,
,18199,,,443.0105686187744,,,,,,,
,18199,,8.722305297851562,,,,,,,,
,18249,,,438.17901611328125,,,,,,,
,18249,,0.6771087646484375,,,,,,,,
,18299,,,442.4135684967041,,,,,,,
,18299,,8.713960647583008,,,,,,,,
,18349,,,438.8275146484375,,,,,,,
,18349,,0.6480216979980469,,,,,,,,
,18399,,,439.6634101867676,,,,,,,
,18399,,8.384943008422852,,,,,,,,
,18449,,,440.04082679748535,,,,,,,
,18449,,2.0563602447509766,,,,,,,,
,18499,,,441.79844856262207,,,,,,,
,18499,,8.653402328491211,,,,,,,,
,18549,,,437.76535987854004,,,,,,,
,18549,,0.6458759307861328,,,,,,,,
,18599,,,437.78109550476074,,,,,,,
,18599,,8.568525314331055,,,,,,,,
,18649,,,438.2650852203369,,,,,,,
,18649,,0.6539821624755859,,,,,,,,
,18699,,,440.22130966186523,,,,,,,
,18699,,8.379459381103516,,,,,,,,
,18749,,,438.80248069763184,,,,,,,
,18749,,0.6496906280517578,,,,,,,,
,18799,,,440.629243850708,,,,,,,
,18799,,8.513450622558594,,,,,,,,
,18849,,,439.82505798339844,,,,,,,
,18849,,0.6444454193115234,,,,,,,,
,18899,,,439.129114151001,,,,,,,
,18899,,8.508443832397461,,,,,,,,
,18949,,,440.044641494751,,,,,,,
,18949,,0.6814002990722656,,,,,,,,
,18999,,,444.17381286621094,,,,,,,
,18999,,8.542537689208984,,,,,,,,
,19049,,,438.8856887817383,,,,,,,
,19049,,0.6532669067382812,,,,,,,,
,19099,,,439.2998218536377,,,,,,,
,19099,,8.547306060791016,,,,,,,,
,19149,,,439.97669219970703,,,,,,,
,19149,,0.6847381591796875,,,,,,,,
,19199,,,445.35160064697266,,,,,,,
,19199,,8.53872299194336,,,,,,,,
,19249,,,440.69552421569824,,,,,,,
,19249,,0.6511211395263672,,,,,,,,
,19299,,,442.40832328796387,,,,,,,
,19299,,8.380889892578125,,,,,,,,
,19349,,,439.02587890625,,,,,,,
,19349,,0.6487369537353516,,,,,,,,
,19399,,,440.49930572509766,,,,,,,
,19399,,8.541584014892578,,,,,,,,
,19449,,,696.9997882843018,,,,,,,
,19449,,0.9636878967285156,,,,,,,,
,19499,,,439.2566680908203,,,,,,,
,19499,,8.59212875366211,,,,,,,,
,19549,,,441.9834613800049,,,,,,,
,19549,,0.6611347198486328,,,,,,,,
,19599,,,438.83705139160156,,,,,,,
,19599,,8.577346801757812,,,,,,,,
,19649,,,442.2595500946045,,,,,,,
,19649,,0.6601810455322266,,,,,,,,
,19699,,,438.80319595336914,,,,,,,
,19699,,8.634805679321289,,,,,,,,
,19749,,,438.91334533691406,,,,,,,
,19749,,0.6616115570068359,,,,,,,,
,19799,,,438.7078285217285,,,,,,,
,19799,,8.752822875976562,,,,,,,,
,19849,,,438.48133087158203,,,,,,,
,19849,,0.67138671875,,,,,,,,
,19899,,,439.61334228515625,,,,,,,
,19899,,8.646965026855469,,,,,,,,
,19949,,,439.21518325805664,,,,,,,
,19949,,0.6527900695800781,,,,,,,,
,19999,,,438.9386177062988,,,,,,,
,19999,,8.542299270629883,,,,,,,,
3,19999,,,,,,,,3.5024302005767822,1716.81005859375,-1716.81005859375
,20000,2029.9865493774414,,,,,,,,,
3,19999,,,,0.6990013718605042,15.0,1.1487953662872314,-1728.78857421875,,,
,20049,,,368.38555335998535,,,,,,,
,20049,,0.6506443023681641,,,,,,,,
,20099,,,437.6654624938965,,,,,,,
,20099,,8.496284484863281,,,,,,,,
,20149,,,438.0016326904297,,,,,,,
,20149,,0.6453990936279297,,,,,,,,
,20199,,,438.0955696105957,,,,,,,
,20199,,8.547306060791016,,,,,,,,
,20249,,,438.90380859375,,,,,,,
,20249,,0.6458759307861328,,,,,,,,
,20299,,,439.30864334106445,,,,,,,
,20299,,8.805036544799805,,,,,,,,
,20349,,,438.82036209106445,,,,,,,
,20349,,0.6527900695800781,,,,,,,,
,20399,,,439.39208984375,,,,,,,
,20399,,8.308172225952148,,,,,,,,
,20449,,,440.7186508178711,,,,,,,
,20449,,0.6489753723144531,,,,,,,,
,20499,,,436.28764152526855,,,,,,,
,20499,,8.717060089111328,,,,,,,,
,20549,,,438.9040470123291,,,,,,,
,20549,,0.6587505340576172,,,,,,,,
,20599,,,439.29028511047363,,,,,,,
,20599,,8.591413497924805,,,,,,,,
,20649,,,440.5033588409424,,,,,,,
,20649,,0.6372928619384766,,,,,,,,
,20699,,,439.166784286499,,,,,,,
,20699,,8.495330810546875,,,,,,,,
,20749,,,447.4368095397949,,,,,,,
,20749,,0.8449554443359375,,,,,,,,
,20799,,,439.8212432861328,,,,,,,
,20799,,8.396625518798828,,,,,,,,
,20849,,,440.5052661895752,,,,,,,
,20849,,0.6535053253173828,,,,,,,,
,20899,,,441.4045810699463,,,,,,,
,20899,,8.525609970092773,,,,,,,,
,20949,,,441.0057067871094,,,,,,,
,20949,,0.6721019744873047,,,,,,,,
,20999,,,438.78173828125,,,,,,,
,20999,,8.45789909362793,,,,,,,,
,21049,,,438.4422302246094,,,,,,,
,21049,,0.6575584411621094,,,,,,,,
,21099,,,439.45884704589844,,,,,,,
,21099,,8.378267288208008,,,,,,,,
,21149,,,439.97716903686523,,,,,,,
,21149,,0.6556510925292969,,,,,,,,
,21199,,,440.6154155731201,,,,,,,
,21199,,8.584737777709961,,,,,,,,
,21249,,,444.5648193359375,,,,,,,
,21249,,0.7426738739013672,,,,,,,,
,21299,,,461.8403911590576,,,,,,,
,21299,,8.538961410522461,,,,,,,,
,21349,,,443.1195259094238,,,,,,,
,21349,,0.6604194641113281,,,,,,,,
,21399,,,441.1766529083252,,,,,,,
,21399,,8.580207824707031,,,,,,,,
,21449,,,440.22440910339355,,,,,,,
,21449,,0.6711483001708984,,,,,,,,
,21499,,,439.0707015991211,,,,,,,
,21499,,8.560419082641602,,,,,,,,
,21549,,,443.42803955078125,,,,,,,
,21549,,0.8616447448730469,,,,,,,,
,21599,,,441.24770164489746,,,,,,,
,21599,,8.650779724121094,,,,,,,,
,21649,,,439.5763874053955,,,,,,,
,21649,,0.6773471832275391,,,,,,,,
,21699,,,438.0984306335449,,,,,,,
,21699,,8.522272109985352,,,,,,,,
,21749,,,438.8577938079834,,,,,,,
,21749,,0.7114410400390625,,,,,,,,
,21799,,,439.42832946777344,,,,,,,
,21799,,8.618593215942383,,,,,,,,
,21849,,,688.016414642334,,,,,,,
,21849,,0.7450580596923828,,,,,,,,
,21899,,,438.6880397796631,,,,,,,
,21899,,8.58926773071289,,,,,,,,
,21949,,,440.2008056640625,,,,,,,
,21949,,0.6477832794189453,,,,,,,,
,21999,,,439.62812423706055,,,,,,,
,21999,,8.584737777709961,,,,,,,,
,22049,,,443.2704448699951,,,,,,,
,22049,,0.6544589996337891,,,,,,,,
,22099,,,438.1875991821289,,,,,,,
,22099,,8.388757705688477,,,,,,,,
,22149,,,438.3106231689453,,,,,,,
,22149,,0.6532669067382812,,,,,,,,
,22199,,,442.85058975219727,,,,,,,
,22199,,8.813858032226562,,,,,,,,
,22249,,,438.3993148803711,,,,,,,
,22249,,0.6518363952636719,,,,,,,,
,22299,,,440.6731128692627,,,,,,,
,22299,,9.237289428710938,,,,,,,,
,22349,,,440.3989315032959,,,,,,,
,22349,,1.6400814056396484,,,,,,,,
,22399,,,440.79136848449707,,,,,,,
,22399,,8.625984191894531,,,,,,,,
,22449,,,438.8155937194824,,,,,,,
,22449,,0.6434917449951172,,,,,,,,
,22499,,,439.7704601287842,,,,,,,
,22499,,8.539199829101562,,,,,,,,
,22549,,,439.18824195861816,,,,,,,
,22549,,0.6518363952636719,,,,,,,,
,22599,,,441.32208824157715,,,,,,,
,22599,,8.617401123046875,,,,,,,,
,22649,,,369.45176124572754,,,,,,,
,22649,,0.6010532379150391,,,,,,,,
,22699,,,438.62223625183105,,,,,,,
,22699,,8.34512710571289,,,,,,,,
,22749,,,439.46242332458496,,,,,,,
,22749,,0.6496906280517578,,,,,,,,
,22799,,,438.767671585083,,,,,,,
,22799,,8.608579635620117,,,,,,,,
,22849,,,438.1399154663086,,,,,,,
,22849,,0.6573200225830078,,,,,,,,
,22899,,,438.7340545654297,,,,,,,
,22899,,8.560657501220703,,,,,,,,
,22949,,,438.5554790496826,,,,,,,
,22949,,0.6511211395263672,,,,,,,,
,22999,,,440.105676651001,,,,,,,
,22999,,8.391857147216797,,,,,,,,
,23049,,,441.06411933898926,,,,,,,
,23049,,0.7200241088867188,,,,,,,,
,23099,,,438.56024742126465,,,,,,,
,23099,,8.406877517700195,,,,,,,,
,23149,,,439.8534297943115,,,,,,,
,23149,,0.6582736968994141,,,,,,,,
,23199,,,439.11123275756836,,,,,,,
,23199,,8.465051651000977,,,,,,,,
,23249,,,438.97318840026855,,,,,,,
,23249,,0.6544589996337891,,,,,,,,
,23299,,,439.41593170166016,,,,,,,
,23299,,8.335590362548828,,,,,,,,
,23349,,,438.88306617736816,,,,,,,
,23349,,0.6575584411621094,,,,,,,,
,23399,,,439.9607181549072,,,,,,,
,23399,,8.552074432373047,,,,,,,,
,23449,,,694.8132514953613,,,,,,,
,23449,,0.9374618530273438,,,,,,,,
,23499,,,440.78946113586426,,,,,,,
,23499,,8.599519729614258,,,,,,,,
,23549,,,367.0375347137451,,,,,,,
,23549,,0.6167888641357422,,,,,,,,
,23599,,,370.6707954406738,,,,,,,
,23599,,8.277654647827148,,,,,,,,
,23649,,,369.07362937927246,,,,,,,
,23649,,0.6077289581298828,,,,,,,,
,23699,,,370.4550266265869,,,,,,,
,23699,,8.489370346069336,,,,,,,,
,23749,,,367.92898178100586,,,,,,,
,23749,,0.5810260772705078,,,,,,,,
,23799,,,368.0424690246582,,,,,,,
,23799,,8.476495742797852,,,,,,,,
,23849,,,367.73109436035156,,,,,,,
,23849,,0.579833984375,,,,,,,,
,23899,,,368.71933937072754,,,,,,,
,23899,,7.933855056762695,,,,,,,,
,23949,,,378.1616687774658,,,,,,,
,23949,,1.0399818420410156,,,,,,,,
,23999,,,368.3769702911377,,,,,,,
,23999,,8.303642272949219,,,,,,,,
,24049,,,367.36559867858887,,,,,,,
,24049,,0.5764961242675781,,,,,,,,
,24099,,,367.7065372467041,,,,,,,
,24099,,7.973909378051758,,,,,,,,
,24149,,,367.90013313293457,,,,,,,
,24149,,0.5767345428466797,,,,,,,,
,24199,,,366.2700653076172,,,,,,,
,24199,,8.39996337890625,,,,,,,,
,24249,,,365.7989501953125,,,,,,,
,24249,,0.5719661712646484,,,,,,,,
,24299,,,370.6042766571045,,,,,,,
,24299,,7.904767990112305,,,,,,,,
,24349,,,369.16661262512207,,,,,,,
,24349,,0.579833984375,,,,,,,,
,24399,,,372.4629878997803,,,,,,,
,24399,,8.193016052246094,,,,,,,,
,24449,,,372.18165397644043,,,,,,,
,24449,,0.5900859832763672,,,,,,,,
,24499,,,370.2855110168457,,,,,,,
,24499,,7.918596267700195,,,,,,,,
,24549,,,375.9317398071289,,,,,,,
,24549,,0.5710124969482422,,,,,,,,
,24599,,,371.92440032958984,,,,,,,
,24599,,8.660078048706055,,,,,,,,
,24649,,,371.6590404510498,,,,,,,
,24649,,0.58746337890625,,,,,,,,
,24699,,,438.43603134155273,,,,,,,
,24699,,8.434295654296875,,,,,,,,
,24749,,,438.51780891418457,,,,,,,
,24749,,0.6489753723144531,,,,,,,,
,24799,,,442.1701431274414,,,,,,,
,24799,,8.758783340454102,,,,,,,,
,24849,,,437.7920627593994,,,,,,,
,24849,,0.6566047668457031,,,,,,,,
,24899,,,457.78441429138184,,,,,,,
,24899,,9.029626846313477,,,,,,,,
,24949,,,439.1212463378906,,,,,,,
,24949,,0.6492137908935547,,,,,,,,
,24999,,,438.1537437438965,,,,,,,
,24999,,8.428096771240234,,,,,,,,
4,24999,,,,,,,,4.040902137756348,1725.8299560546875,-1725.8299560546875
,25000,2148.452087163925,,,,,,,,,
4,24999,,,,0.6992090344429016,15.0,1.1437326669692993,-1729.3515625,,,
,25049,,,438.4891986846924,,,,,,,
,25049,,0.6475448608398438,,,,,,,,
,25099,,,438.6589527130127,,,,,,,
,25099,,8.588075637817383,,,,,,,,
,25149,,,439.0742778778076,,,,,,,
,25149,,0.6685256958007812,,,,,,,,
,25199,,,440.4177665710449,,,,,,,
,25199,,9.017467498779297,,,,,,,,
,25249,,,439.6805763244629,,,,,,,
,25249,,0.6482601165771484,,,,,,,,
,25299,,,438.9503002166748,,,,,,,
,25299,,8.638143539428711,,,,,,,,
,25349,,,438.568115234375,,,,,,,
,25349,,0.6515979766845703,,,,,,,,
,25399,,,439.54992294311523,,,,,,,
,25399,,8.644580841064453,,,,,,,,
,25449,,,442.0008659362793,,,,,,,
,25449,,0.6346702575683594,,,,,,,,
,25499,,,439.09430503845215,,,,,,,
,25499,,8.388996124267578,,,,,,,,
,25549,,,439.316987991333,,,,,,,
,25549,,0.6513595581054688,,,,,,,,
,25599,,,439.15367126464844,,,,,,,
,25599,,8.686065673828125,,,,,,,,
,25649,,,439.47315216064453,,,,,,,
,25649,,0.6525516510009766,,,,,,,,
,25699,,,438.8542175292969,,,,,,,
,25699,,8.566141128540039,,,,,,,,
,25749,,,440.81735610961914,,,,,,,
,25749,,0.6687641143798828,,,,,,,,
,25799,,,440.110445022583,,,,,,,
,25799,,8.42738151550293,,,,,,,,
,25849,,,688.4474754333496,,,,,,,
,25849,,0.7262229919433594,,,,,,,,
,25899,,,438.55786323547363,,,,,,,
,25899,,8.584976196289062,,,,,,,,
,25949,,,442.7344799041748,,,,,,,
,25949,,0.6320476531982422,,,,,,,,
,25999,,,365.7352924346924,,,,,,,
,25999,,8.411169052124023,,,,,,,,
,26049,,,368.06488037109375,,,,,,,
,26049,,0.5786418914794922,,,,,,,,
,26099,,,366.4238452911377,,,,,,,
,26099,,7.907390594482422,,,,,,,,
,26149,,,369.96984481811523,,,,,,,
,26149,,0.5955696105957031,,,,,,,,
,26199,,,369.2662715911865,,,,,,,
,26199,,8.400678634643555,,,,,,,,
,26249,,,369.37856674194336,,,,,,,
,26249,,0.5960464477539062,,,,,,,,
,26299,,,371.78754806518555,,,,,,,
,26299,,7.893800735473633,,,,,,,,
,26349,,,370.3939914703369,,,,,,,
,26349,,0.5970001220703125,,,,,,,,
,26399,,,439.59856033325195,,,,,,,
,26399,,8.50987434387207,,,,,,,,
,26449,,,438.0371570587158,,,,,,,
,26449,,0.6520748138427734,,,,,,,,
,26499,,,438.1113052368164,,,,,,,
,26499,,8.678436279296875,,,,,,,,
,26549,,,439.0454292297363,,,,,,,
,26549,,0.6487369537353516,,,,,,,,
,26599,,,438.3270740509033,,,,,,,
,26599,,8.401155471801758,,,,,,,,
,26649,,,443.0413246154785,,,,,,,
,26649,,0.7283687591552734,,,,,,,,
,26699,,,439.9383068084717,,,,,,,
,26699,,8.36801528930664,,,,,,,,
,26749,,,438.54689598083496,,,,,,,
,26749,,0.6499290466308594,,,,,,,,
,26799,,,438.3807182312012,,,,,,,
,26799,,8.570432662963867,,,,,,,,
,26849,,,441.72120094299316,,,,,,,
,26849,,0.6525516510009766,,,,,,,,
,26899,,,439.807653427124,,,,,,,
,26899,,8.323907852172852,,,,,,,,
,26949,,,439.24617767333984,,,,,,,
,26949,,0.6759166717529297,,,,,,,,
,26999,,,439.8658275604248,,,,,,,
,26999,,8.376121520996094,,,,,,,,
,27049,,,443.0723190307617,,,,,,,
,27049,,0.6577968597412109,,,,,,,,
,27099,,,438.71569633483887,,,,,,,
,27099,,8.623600006103516,,,,,,,,
,27149,,,440.54150581359863,,,,,,,
,27149,,0.6482601165771484,,,,,,,,
,27199,,,439.38493728637695,,,,,,,
,27199,,8.606195449829102,,,,,,,,
,27249,,,439.99218940734863,,,,,,,
,27249,,0.6465911865234375,,,,,,,,
,27299,,,438.49968910217285,,,,,,,
,27299,,8.481502532958984,,,,,,,,
,27349,,,438.94314765930176,,,,,,,
,27349,,0.6244182586669922,,,,,,,,
,27399,,,440.8390522003174,,,,,,,
,27399,,8.031368255615234,,,,,,,,
,27449,,,687.0038509368896,,,,,,,
,27449,,0.7300376892089844,,,,,,,,
,27499,,,439.58425521850586,,,,,,,
,27499,,8.688688278198242,,,,,,,,
,27549,,,447.0953941345215,,,,,,,
,27549,,0.8707046508789062,,,,,,,,
,27599,,,440.5508041381836,,,,,,,
,27599,,8.407354354858398,,,,,,,,
,27649,,,441.3168430328369,,,,,,,
,27649,,0.6768703460693359,,,,,,,,
,27699,,,438.92598152160645,,,,,,,
,27699,,8.609533309936523,,,,,,,,
,27749,,,440.0167465209961,,,,,,,
,27749,,0.6723403930664062,,,,,,,,
,27799,,,439.3727779388428,,,,,,,
,27799,,8.600234985351562,,,,,,,,
,27849,,,368.65735054016113,,,,,,,
,27849,,0.6029605865478516,,,,,,,,
,27899,,,369.1372871398926,,,,,,,
,27899,,8.429765701293945,,,,,,,,
,27949,,,370.2108860015869,,,,,,,
,27949,,0.5834102630615234,,,,,,,,
,27999,,,372.6780414581299,,,,,,,
,27999,,8.467912673950195,,,,,,,,
,28049,,,365.6783103942871,,,,,,,
,28049,,0.5788803100585938,,,,,,,,
,28099,,,365.3430938720703,,,,,,,
,28099,,8.077621459960938,,,,,,,,
,28149,,,367.74277687072754,,,,,,,
,28149,,0.5819797515869141,,,,,,,,
,28199,,,372.3912239074707,,,,,,,
,28199,,11.737346649169922,,,,,,,,
,28249,,,364.8803234100342,,,,,,,
,28249,,0.5707740783691406,,,,,,,,
,28299,,,366.3063049316406,,,,,,,
,28299,,7.925987243652344,,,,,,,,
,28349,,,343.6439037322998,,,,,,,
,28349,,0.5762577056884766,,,,,,,,
,28399,,,343.8427448272705,,,,,,,
,28399,,8.32986831665039,,,,,,,,
,28449,,,411.6196632385254,,,,,,,
,28449,,0.6496906280517578,,,,,,,,
,28499,,,414.22557830810547,,,,,,,
,28499,,8.639097213745117,,,,,,,,
,28549,,,410.94040870666504,,,,,,,
,28549,,0.6642341613769531,,,,,,,,
,28599,,,411.64445877075195,,,,,,,
,28599,,9.306907653808594,,,,,,,,
,28649,,,410.1872444152832,,,,,,,
,28649,,0.9143352508544922,,,,,,,,
,28699,,,414.39175605773926,,,,,,,
,28699,,8.74018669128418,,,,,,,,
,28749,,,412.37425804138184,,,,,,,
,28749,,0.6504058837890625,,,,,,,,
,28799,,,341.1598205566406,,,,,,,
,28799,,8.469820022583008,,,,,,,,
,28849,,,340.7251834869385,,,,,,,
,28849,,0.6120204925537109,,,,,,,,
,28899,,,350.4819869995117,,,,,,,
,28899,,8.459806442260742,,,,,,,,
,28949,,,338.56201171875,,,,,,,
,28949,,0.5958080291748047,,,,,,,,
,28999,,,339.19501304626465,,,,,,,
,28999,,8.246421813964844,,,,,,,,
,29049,,,595.0546264648438,,,,,,,
,29049,,0.6830692291259766,,,,,,,,
,29099,,,339.80870246887207,,,,,,,
,29099,,8.321285247802734,,,,,,,,
,29149,,,339.68424797058105,,,,,,,
,29149,,0.5841255187988281,,,,,,,,
,29199,,,341.37892723083496,,,,,,,
,29199,,15.197515487670898,,,,,,,,
,29249,,,341.1843776702881,,,,,,,
,29249,,0.5757808685302734,,,,,,,,
,29299,,,341.50123596191406,,,,,,,
,29299,,16.736268997192383,,,,,,,,
,29349,,,339.1103744506836,,,,,,,
,29349,,0.6008148193359375,,,,,,,,
,29399,,,338.0570411682129,,,,,,,
,29399,,16.858577728271484,,,,,,,,
,29449,,,340.5611515045166,,,,,,,
,29449,,0.5869865417480469,,,,,,,,
,29499,,,338.043212890625,,,,,,,
,29499,,8.08405876159668,,,,,,,,
,29549,,,340.24715423583984,,,,,,,
,29549,,0.6403923034667969,,,,,,,,
,29599,,,344.7437286376953,,,,,,,
,29599,,8.347511291503906,,,,,,,,
,29649,,,341.5994644165039,,,,,,,
,29649,,0.5946159362792969,,,,,,,,
,29699,,,341.6585922241211,,,,,,,
,29699,,8.15129280090332,,,,,,,,
,29749,,,341.7167663574219,,,,,,,
,29749,,0.5841255187988281,,,,,,,,
,29799,,,340.4808044433594,,,,,,,
,29799,,8.024215698242188,,,,,,,,
,29849,,,343.6257839202881,,,,,,,
,29849,,0.5853176116943359,,,,,,,,
,29899,,,345.20912170410156,,,,,,,
,29899,,8.278608322143555,,,,,,,,
,29949,,,339.3552303314209,,,,,,,
,29949,,0.5974769592285156,,,,,,,,
,29999,,,339.07008171081543,,,,,,,
,29999,,8.217334747314453,,,,,,,,
5,29999,,,,,,,,3.8541698455810547,1722.77001953125,-1722.77001953125
,30000,2025.7625250816345,,,,,,,,,
5,29999,,,,0.704098105430603,15.0,1.1444447040557861,-1731.446044921875,,,
,30049,,,340.7745361328125,,,,,,,
,30049,,0.6101131439208984,,,,,,,,
,30099,,,342.1773910522461,,,,,,,
,30099,,8.315324783325195,,,,,,,,
,30149,,,338.07945251464844,,,,,,,
,30149,,0.5750656127929688,,,,,,,,
,30199,,,347.581148147583,,,,,,,
,30199,,7.870674133300781,,,,,,,,
,30249,,,341.3383960723877,,,,,,,
,30249,,0.5886554718017578,,,,,,,,
,30299,,,336.1070156097412,,,,,,,
,30299,,7.981538772583008,,,,,,,,
,30349,,,346.67348861694336,,,,,,,
,30349,,0.5805492401123047,,,,,,,,
,30399,,,409.8222255706787,,,,,,,
,30399,,7.995367050170898,,,,,,,,
,30449,,,339.4618034362793,,,,,,,
,30449,,0.6067752838134766,,,,,,,,
,30499,,,410.5229377746582,,,,,,,
,30499,,8.557558059692383,,,,,,,,
,30549,,,411.18741035461426,,,,,,,
,30549,,0.6651878356933594,,,,,,,,
,30599,,,409.95264053344727,,,,,,,
,30599,,8.569955825805664,,,,,,,,
,30649,,,339.8764133453369,,,,,,,
,30649,,0.6222724914550781,,,,,,,,
,30699,,,338.90819549560547,,,,,,,
,30699,,7.747411727905273,,,,,,,,
,30749,,,345.7655906677246,,,,,,,
,30749,,0.60272216796875,,,,,,,,
,30799,,,337.4145030975342,,,,,,,
,30799,,8.353710174560547,,,,,,,,
,30849,,,338.8702869415283,,,,,,,
,30849,,0.5795955657958984,,,,,,,,
,30899,,,338.5283946990967,,,,,,,
,30899,,8.111715316772461,,,,,,,,
,30949,,,337.7068042755127,,,,,,,
,30949,,0.61798095703125,,,,,,,,
,30999,,,411.759614944458,,,,,,,
,30999,,8.379459381103516,,,,,,,,
,31049,,,411.00311279296875,,,,,,,
,31049,,2.0110607147216797,,,,,,,,
,31099,,,418.8232421875,,,,,,,
,31099,,8.509397506713867,,,,,,,,
,31149,,,410.39419174194336,,,,,,,
,31149,,0.6616115570068359,,,,,,,,
,31199,,,409.1975688934326,,,,,,,
,31199,,8.542776107788086,,,,,,,,
,31249,,,410.2613925933838,,,,,,,
,31249,,0.6601810455322266,,,,,,,,
,31299,,,414.6573543548584,,,,,,,
,31299,,8.42142105102539,,,,,,,,
,31349,,,410.4270935058594,,,,,,,
,31349,,0.67138671875,,,,,,,,
,31399,,,412.28485107421875,,,,,,,
,31399,,8.317947387695312,,,,,,,,
,31449,,,666.0482883453369,,,,,,,
,31449,,0.9634494781494141,,,,,,,,
,31499,,,409.90185737609863,,,,,,,
,31499,,8.542537689208984,,,,,,,,
,31549,,,410.7048511505127,,,,,,,
,31549,,0.6687641143798828,,,,,,,,
,31599,,,410.3522300720215,,,,,,,
,31599,,8.544445037841797,,,,,,,,
,31649,,,413.3596420288086,,,,,,,
,31649,,0.6501674652099609,,,,,,,,
,31699,,,418.7774658203125,,,,,,,
,31699,,8.59212875366211,,,,,,,,
,31749,,,411.46135330200195,,,,,,,
,31749,,0.6566047668457031,,,,,,,,
,31799,,,411.44871711730957,,,,,,,
,31799,,8.229255676269531,,,,,,,,
,31849,,,413.4986400604248,,,,,,,
,31849,,0.6551742553710938,,,,,,,,
,31899,,,412.2953414916992,,,,,,,
,31899,,8.634328842163086,,,,,,,,
,31949,,,411.7107391357422,,,,,,,
,31949,,0.6654262542724609,,,,,,,,
,31999,,,410.37464141845703,,,,,,,
,31999,,8.539199829101562,,,,,,,,
,32049,,,412.23740577697754,,,,,,,
,32049,,0.6678104400634766,,,,,,,,
,32099,,,411.0608100891113,,,,,,,
,32099,,8.553028106689453,,,,,,,,
,32149,,,412.40906715393066,,,,,,,
,32149,,0.6513595581054688,,,,,,,,
,32199,,,409.9264144897461,,,,,,,
,32199,,8.334636688232422,,,,,,,,
,32249,,,417.30570793151855,,,,,,,
,32249,,0.8521080017089844,,,,,,,,
,32299,,,412.22548484802246,,,,,,,
,32299,,8.536100387573242,,,,,,,,
,32349,,,412.886381149292,,,,,,,
,32349,,0.6475448608398438,,,,,,,,
,32399,,,413.891077041626,,,,,,,
,32399,,8.520841598510742,,,,,,,,
,32449,,,430.48787117004395,,,,,,,
,32449,,0.7503032684326172,,,,,,,,
,32499,,,410.9506607055664,,,,,,,
,32499,,8.52060317993164,,,,,,,,
,32549,,,413.29431533813477,,,,,,,
,32549,,0.6616115570068359,,,,,,,,
,32599,,,409.46245193481445,,,,,,,
,32599,,10.149717330932617,,,,,,,,
,32649,,,412.6858711242676,,,,,,,
,32649,,0.6527900695800781,,,,,,,,
,32699,,,411.9386672973633,,,,,,,
,32699,,8.448123931884766,,,,,,,,
,32749,,,412.97125816345215,,,,,,,
,32749,,0.6611347198486328,,,,,,,,
,32799,,,411.7863178253174,,,,,,,
,32799,,8.656978607177734,,,,,,,,
,32849,,,412.4031066894531,,,,,,,
,32849,,0.6511211395263672,,,,,,,,
,32899,,,409.6965789794922,,,,,,,
,32899,,8.567333221435547,,,,,,,,
,32949,,,413.7897491455078,,,,,,,
,32949,,0.652313232421875,,,,,,,,
,32999,,,411.6683006286621,,,,,,,
,32999,,8.46719741821289,,,,,,,,
,33049,,,660.2857112884521,,,,,,,
,33049,,0.7312297821044922,,,,,,,,
,33099,,,412.16397285461426,,,,,,,
,33099,,8.53109359741211,,,,,,,,
,33149,,,410.3200435638428,,,,,,,
,33149,,0.6520748138427734,,,,,,,,
,33199,,,410.37869453430176,,,,,,,
,33199,,8.48531723022461,,,,,,,,
,33249,,,410.8705520629883,,,,,,,
,33249,,0.6499290466308594,,,,,,,,
,33299,,,416.4869785308838,,,,,,,
,33299,,11.983156204223633,,,,,,,,
,33349,,,420.3755855560303,,,,,,,
,33349,,0.6573200225830078,,,,,,,,
,33399,,,339.85280990600586,,,,,,,
,33399,,8.295774459838867,,,,,,,,
,33449,,,339.7088050842285,,,,,,,
,33449,,0.5881786346435547,,,,,,,,
,33499,,,342.4832820892334,,,,,,,
,33499,,7.761240005493164,,,,,,,,
,33549,,,413.6626720428467,,,,,,,
,33549,,0.6773471832275391,,,,,,,,
,33599,,,411.58294677734375,,,,,,,
,33599,,8.486270904541016,,,,,,,,
,33649,,,409.72042083740234,,,,,,,
,33649,,0.6499290466308594,,,,,,,,
,33699,,,411.6322994232178,,,,,,,
,33699,,8.549928665161133,,,,,,,,
,33749,,,408.923864364624,,,,,,,
,33749,,0.6434917449951172,,,,,,,,
,33799,,,412.7027988433838,,,,,,,
,33799,,8.351325988769531,,,,,,,,
,33849,,,417.12045669555664,,,,,,,
,33849,,0.6580352783203125,,,,,,,,
,33899,,,411.56506538391113,,,,,,,
,33899,,8.540153503417969,,,,,,,,
,33949,,,409.46030616760254,,,,,,,
,33949,,0.6566047668457031,,,,,,,,
,33999,,,411.23294830322266,,,,,,,
,33999,,8.488893508911133,,,,,,,,
,34049,,,410.2160930633545,,,,,,,
,34049,,0.6573200225830078,,,,,,,,
,34099,,,409.8663330078125,,,,,,,
,34099,,17.133474349975586,,,,,,,,
,34149,,,427.02484130859375,,,,,,,
,34149,,0.6563663482666016,,,,,,,,
,34199,,,409.09433364868164,,,,,,,
,34199,,8.524179458618164,,,,,,,,
,34249,,,411.62753105163574,,,,,,,
,34249,,0.6546974182128906,,,,,,,,
,34299,,,411.35668754577637,,,,,,,
,34299,,8.562803268432617,,,,,,,,
,34349,,,413.0072593688965,,,,,,,
,34349,,0.6546974182128906,,,,,,,,
,34399,,,410.5339050292969,,,,,,,
,34399,,8.524656295776367,,,,,,,,
,34449,,,340.2278423309326,,,,,,,
,34449,,0.6093978881835938,,,,,,,,
,34499,,,342.30613708496094,,,,,,,
,34499,,8.230924606323242,,,,,,,,
,34549,,,342.0069217681885,,,,,,,
,34549,,0.6041526794433594,,,,,,,,
,34599,,,340.8644199371338,,,,,,,
,34599,,8.488178253173828,,,,,,,,
,34649,,,587.8074169158936,,,,,,,
,34649,,0.6885528564453125,,,,,,,,
,34699,,,339.0829563140869,,,,,,,
,34699,,7.755279541015625,,,,,,,,
,34749,,,342.5161838531494,,,,,,,
,34749,,0.5781650543212891,,,,,,,,
,34799,,,342.7748680114746,,,,,,,
,34799,,8.377552032470703,,,,,,,,
,34849,,,341.23945236206055,,,,,,,
,34849,,0.606536865234375,,,,,,,,
,34899,,,340.26479721069336,,,,,,,
,34899,,7.77888298034668,,,,,,,,
,34949,,,408.8788032531738,,,,,,,
,34949,,0.6692409515380859,,,,,,,,
,34999,,,409.20472145080566,,,,,,,
,34999,,8.527278900146484,,,,,,,,
6,34999,,,,,,,,4.1127028465271,1726.9300537109375,-1726.9300537109375
,35000,1999.309980392456,,,,,,,,,
6,34999,,,,0.7019148468971252,15.0,1.1471295356750488,-1729.169189453125,,,
,35049,,,412.18113899230957,,,,,,,
,35049,,0.6613731384277344,,,,,,,,
,35099,,,412.54305839538574,,,,,,,
,35099,,8.360147476196289,,,,,,,,
,35149,,,411.87310218811035,,,,,,,
,35149,,0.6506443023681641,,,,,,,,
,35199,,,412.3551845550537,,,,,,,
,35199,,8.339166641235352,,,,,,,,
,35249,,,410.96019744873047,,,,,,,
,35249,,0.6718635559082031,,,,,,,,
,35299,,,410.60876846313477,,,,,,,
,35299,,17.32921600341797,,,,,,,,
,35349,,,418.3535575866699,,,,,,,
,35349,,0.6482601165771484,,,,,,,,
,35399,,,409.30676460266113,,,,,,,
,35399,,8.28099250793457,,,,,,,,
,35449,,,410.4595184326172,,,,,,,
,35449,,0.6155967712402344,,,,,,,,
,35499,,,411.7751121520996,,,,,,,
,35499,,8.583784103393555,,,,,,,,
,35549,,,412.98460960388184,,,,,,,
,35549,,0.6535053253173828,,,,,,,,
,35599,,,420.4602241516113,,,,,,,
,35599,,8.723974227905273,,,,,,,,
,35649,,,411.93628311157227,,,,,,,
,35649,,0.6611347198486328,,,,,,,,
,35699,,,412.1410846710205,,,,,,,
,35699,,8.61668586730957,,,,,,,,
,35749,,,412.25337982177734,,,,,,,
,35749,,0.64849853515625,,,,,,,,
,35799,,,412.9314422607422,,,,,,,
,35799,,8.525609970092773,,,,,,,,
,35849,,,409.4891548156738,,,,,,,
,35849,,0.6492137908935547,,,,,,,,
,35899,,,342.53501892089844,,,,,,,
,35899,,8.443355560302734,,,,,,,,
,35949,,,338.73963356018066,,,,,,,
,35949,,0.5784034729003906,,,,,,,,
,35999,,,339.40696716308594,,,,,,,
,35999,,8.689165115356445,,,,,,,,
,36049,,,341.1448001861572,,,,,,,
,36049,,0.591278076171875,,,,,,,,
,36099,,,339.9312496185303,,,,,,,
,36099,,8.024930953979492,,,,,,,,
,36149,,,336.82727813720703,,,,,,,
,36149,,0.5946159362792969,,,,,,,,
,36199,,,337.3990058898926,,,,,,,
,36199,,16.666173934936523,,,,,,,,
,36249,,,337.27264404296875,,,,,,,
,36249,,0.5729198455810547,,,,,,,,
,36299,,,345.5324172973633,,,,,,,
,36299,,7.746696472167969,,,,,,,,
,36349,,,341.45236015319824,,,,,,,
,36349,,0.5729198455810547,,,,,,,,
,36399,,,357.64026641845703,,,,,,,
,36399,,11.310815811157227,,,,,,,,
,36449,,,346.93121910095215,,,,,,,
,36449,,0.6189346313476562,,,,,,,,
,36499,,,339.6189212799072,,,,,,,
,36499,,7.900476455688477,,,,,,,,
,36549,,,341.07303619384766,,,,,,,
,36549,,0.5793571472167969,,,,,,,,
,36599,,,339.6608829498291,,,,,,,
,36599,,8.594989776611328,,,,,,,,
,36649,,,339.8556709289551,,,,,,,
,36649,,0.5788803100585938,,,,,,,,
,36699,,,340.11268615722656,,,,,,,
,36699,,7.739067077636719,,,,,,,,
,36749,,,342.4065113067627,,,,,,,
,36749,,0.5731582641601562,,,,,,,,
,36799,,,342.3328399658203,,,,,,,
,36799,,8.439064025878906,,,,,,,,
,36849,,,342.2660827636719,,,,,,,
,36849,,0.5817413330078125,,,,,,,,
,36899,,,347.58877754211426,,,,,,,
,36899,,7.9212188720703125,,,,,,,,
,36949,,,339.4644260406494,,,,,,,
,36949,,1.6579627990722656,,,,,,,,
,36999,,,341.7813777923584,,,,,,,
,36999,,8.527278900146484,,,,,,,,
,37049,,,586.1437320709229,,,,,,,
,37049,,0.9829998016357422,,,,,,,,
,37099,,,340.9545421600342,,,,,,,
,37099,,7.7495574951171875,,,,,,,,
,37149,,,339.932918548584,,,,,,,
,37149,,0.5872249603271484,,,,,,,,
,37199,,,343.0202007293701,,,,,,,
,37199,,8.478164672851562,,,,,,,,
,37249,,,340.0006294250488,,,,,,,
,37249,,0.5779266357421875,,,,,,,,
,37299,,,338.75131607055664,,,,,,,
,37299,,7.936239242553711,,,,,,,,
,37349,,,338.5806083679199,,,,,,,
,37349,,0.5648136138916016,,,,,,,,
,37399,,,345.1051712036133,,,,,,,
,37399,,8.531332015991211,,,,,,,,
,37449,,,372.58219718933105,,,,,,,
,37449,,0.5888938903808594,,,,,,,,
,37499,,,338.07945251464844,,,,,,,
,37499,,7.894039154052734,,,,,,,,
,37549,,,342.8785800933838,,,,,,,
,37549,,0.579833984375,,,,,,,,
,37599,,,338.20223808288574,,,,,,,
,37599,,7.9250335693359375,,,,,,,,
,37649,,,341.97211265563965,,,,,,,
,37649,,1.9898414611816406,,,,,,,,
,37699,,,341.0992622375488,,,,,,,
,37699,,8.321285247802734,,,,,,,,
,37749,,,343.8899517059326,,,,,,,
,37749,,0.5831718444824219,,,,,,,,
,37799,,,338.7284278869629,,,,,,,
,37799,,8.224248886108398,,,,,,,,
,37849,,,344.4089889526367,,,,,,,
,37849,,0.5822181701660156,,,,,,,,
,37899,,,341.0930633544922,,,,,,,
,37899,,7.912635803222656,,,,,,,,
,37949,,,339.9007320404053,,,,,,,
,37949,,0.5745887756347656,,,,,,,,
,37999,,,344.2068099975586,,,,,,,
,37999,,16.507863998413086,,,,,,,,
,38049,,,339.8633003234863,,,,,,,
,38049,,0.5838871002197266,,,,,,,,
,38099,,,339.1447067260742,,,,,,,
,38099,,8.260011672973633,,,,,,,,
,38149,,,411.14282608032227,,,,,,,
,38149,,0.6756782531738281,,,,,,,,
,38199,,,410.08639335632324,,,,,,,
,38199,,8.528709411621094,,,,,,,,
,38249,,,410.3713035583496,,,,,,,
,38249,,0.6539821624755859,,,,,,,,
,38299,,,411.6322994232178,,,,,,,
,38299,,8.356332778930664,,,,,,,,
,38349,,,419.8176860809326,,,,,,,
,38349,,0.6718635559082031,,,,,,,,
,38399,,,411.27705574035645,,,,,,,
,38399,,8.733749389648438,,,,,,,,
,38449,,,417.30403900146484,,,,,,,
,38449,,0.7617473602294922,,,,,,,,
,38499,,,413.8460159301758,,,,,,,
,38499,,8.623361587524414,,,,,,,,
,38549,,,410.6631278991699,,,,,,,
,38549,,0.6549358367919922,,,,,,,,
,38599,,,412.0006561279297,,,,,,,
,38599,,16.630887985229492,,,,,,,,
,38649,,,661.4770889282227,,,,,,,
,38649,,0.7326602935791016,,,,,,,,
,38699,,,410.07304191589355,,,,,,,
,38699,,8.604764938354492,,,,,,,,
,38749,,,411.58246994018555,,,,,,,
,38749,,0.6549358367919922,,,,,,,,
,38799,,,412.95599937438965,,,,,,,
,38799,,8.296966552734375,,,,,,,,
,38849,,,411.1795425415039,,,,,,,
,38849,,0.6470680236816406,,,,,,,,
,38899,,,426.67484283447266,,,,,,,
,38899,,8.529901504516602,,,,,,,,
,38949,,,410.9041690826416,,,,,,,
,38949,,0.6480216979980469,,,,,,,,
,38999,,,411.6945266723633,,,,,,,
,38999,,8.548736572265625,,,,,,,,
,39049,,,340.86084365844727,,,,,,,
,39049,,0.6265640258789062,,,,,,,,
,39099,,,346.2038040161133,,,,,,,
,39099,,7.983207702636719,,,,,,,,
,39149,,,340.46316146850586,,,,,,,
,39149,,0.6051063537597656,,,,,,,,
,39199,,,338.74964714050293,,,,,,,
,39199,,8.32223892211914,,,,,,,,
,39249,,,411.740779876709,,,,,,,
,39249,,0.6630420684814453,,,,,,,,
,39299,,,411.8325710296631,,,,,,,
,39299,,8.550882339477539,,,,,,,,
,39349,,,410.5362892150879,,,,,,,
,39349,,0.6685256958007812,,,,,,,,
,39399,,,410.1076126098633,,,,,,,
,39399,,8.548974990844727,,,,,,,,
,39449,,,410.5715751647949,,,,,,,
,39449,,0.6587505340576172,,,,,,,,
,39499,,,411.4036560058594,,,,,,,
,39499,,8.521556854248047,,,,,,,,
,39549,,,419.4755554199219,,,,,,,
,39549,,0.6573200225830078,,,,,,,,
,39599,,,410.73131561279297,,,,,,,
,39599,,8.731842041015625,,,,,,,,
,39649,,,410.1734161376953,,,,,,,
,39649,,0.6453990936279297,,,,,,,,
,39699,,,419.45409774780273,,,,,,,
,39699,,8.751630783081055,,,,,,,,
,39749,,,410.4588031768799,,,,,,,
,39749,,0.6508827209472656,,,,,,,,
,39799,,,410.3689193725586,,,,,,,
,39799,,8.51130485534668,,,,,,,,
,39849,,,413.5878086090088,,,,,,,
,39849,,0.6885528564453125,,,,,,,,
,39899,,,414.89338874816895,,,,,,,
,39899,,8.792877197265625,,,,,,,,
,39949,,,419.4655418395996,,,,,,,
,39949,,0.6496906280517578,,,,,,,,
,39999,,,410.3856086730957,,,,,,,
,39999,,8.524417877197266,,,,,,,,
7,39999,,,,,,,,3.8420352935791016,1722.5699462890625,-1722.5699462890625
,40000,1924.6864318847656,,,,,,,,,
7,39999,,,,0.6972819566726685,15.0,1.1438817977905273,-1726.3536376953125,,,
,40049,,,411.76319122314453,,,,,,,
,40049,,0.6518363952636719,,,,,,,,
,40099,,,410.6001853942871,,,,,,,
,40099,,8.623361587524414,,,,,,,,
,40149,,,413.49148750305176,,,,,,,
,40149,,0.7627010345458984,,,,,,,,
,40199,,,414.98398780822754,,,,,,,
,40199,,8.782148361206055,,,,,,,,
,40249,,,412.8870964050293,,,,,,,
,40249,,0.6196498870849609,,,,,,,,
,40299,,,419.21114921569824,,,,,,,
,40299,,8.560419082641602,,,,,,,,
,40349,,,418.7004566192627,,,,,,,
,40349,,0.6697177886962891,,,,,,,,
,40399,,,410.938024520874,,,,,,,
,40399,,8.55565071105957,,,,,,,,
,40449,,,410.9234809875488,,,,,,,
,40449,,0.6518363952636719,,,,,,,,
,40499,,,410.4597568511963,,,,,,,
,40499,,8.531808853149414,,,,,,,,
,40549,,,419.2061424255371,,,,,,,
,40549,,0.8809566497802734,,,,,,,,
,40599,,,419.76475715637207,,,,,,,
,40599,,8.530616760253906,,,,,,,,
,40649,,,411.29016876220703,,,,,,,
,40649,,0.6196498870849609,,,,,,,,
,40699,,,411.3781452178955,,,,,,,
,40699,,8.549690246582031,,,,,,,,
,40749,,,418.1232452392578,,,,,,,
,40749,,0.8780956268310547,,,,,,,,
,40799,,,411.9231700897217,,,,,,,
,40799,,8.564472198486328,,,,,,,,
,40849,,,410.6781482696533,,,,,,,
,40849,,0.6878376007080078,,,,,,,,
,40899,,,412.51325607299805,,,,,,,
,40899,,8.587360382080078,,,,,,,,
,40949,,,411.47637367248535,,,,,,,
,40949,,0.6494522094726562,,,,,,,,
,40999,,,409.7921848297119,,,,,,,
,40999,,8.556604385375977,,,,,,,,
,41049,,,657.6156616210938,,,,,,,
,41049,,0.7326602935791016,,,,,,,,
,41099,,,414.89100456237793,,,,,,,
,41099,,8.543252944946289,,,,,,,,
,41149,,,421.2672710418701,,,,,,,
,41149,,0.6616115570068359,,,,,,,,
,41199,,,410.1989269256592,,,,,,,
,41199,,8.594751358032227,,,,,,,,
,41249,,,414.12997245788574,,,,,,,
,41249,,0.6847381591796875,,,,,,,,
,41299,,,416.1970615386963,,,,,,,
,41299,,8.618354797363281,,,,,,,,
,41349,,,412.3668670654297,,,,,,,
,41349,,0.6680488586425781,,,,,,,,
,41399,,,412.56093978881836,,,,,,,
,41399,,8.615970611572266,,,,,,,,
,41449,,,419.5899963378906,,,,,,,
,41449,,0.6783008575439453,,,,,,,,
,41499,,,413.67340087890625,,,,,,,
,41499,,8.61978530883789,,,,,,,,
,41549,,,410.8600616455078,,,,,,,
,41549,,0.6520748138427734,,,,,,,,
,41599,,,410.6166362762451,,,,,,,
,41599,,8.569002151489258,,,,,,,,
,41649,,,416.1355495452881,,,,,,,
,41649,,2.210855484008789,,,,,,,,
,41699,,,418.6835289001465,,,,,,,
,41699,,8.587121963500977,,,,,,,,
,41749,,,412.93835639953613,,,,,,,
,41749,,0.6566047668457031,,,,,,,,
,41799,,,410.92538833618164,,,,,,,
,41799,,8.556604385375977,,,,,,,,
,41849,,,412.8541946411133,,,,,,,
,41849,,0.6537437438964844,,,,,,,,
,41899,,,411.0865592956543,,,,,,,
,41899,,8.578300476074219,,,,,,,,
,41949,,,418.3621406555176,,,,,,,
,41949,,0.6482601165771484,,,,,,,,
,41999,,,412.6744270324707,,,,,,,
,41999,,8.589982986450195,,,,,,,,
,42049,,,410.72607040405273,,,,,,,
,42049,,0.6682872772216797,,,,,,,,
,42099,,,410.8912944793701,,,,,,,
,42099,,8.568286895751953,,,,,,,,
,42149,,,410.3562831878662,,,,,,,
,42149,,0.6468296051025391,,,,,,,,
,42199,,,412.42337226867676,,,,,,,
,42199,,8.534908294677734,,,,,,,,
,42249,,,413.0675792694092,,,,,,,
,42249,,0.7567405700683594,,,,,,,,
,42299,,,413.1286144256592,,,,,,,
,42299,,8.635520935058594,,,,,,,,
,42349,,,411.27634048461914,,,,,,,
,42349,,0.6566047668457031,,,,,,,,
,42399,,,410.449743270874,,,,,,,
,42399,,8.617162704467773,,,,,,,,
,42449,,,410.8738899230957,,,,,,,
,42449,,0.6690025329589844,,,,,,,,
,42499,,,416.2313938140869,,,,,,,
,42499,,16.15595817565918,,,,,,,,
,42549,,,411.2091064453125,,,,,,,
,42549,,0.6511211395263672,,,,,,,,
,42599,,,340.26408195495605,,,,,,,
,42599,,9.04393196105957,,,,,,,,
,42649,,,584.5508575439453,,,,,,,
,42649,,0.6861686706542969,,,,,,,,
,42699,,,342.06271171569824,,,,,,,
,42699,,7.958889007568359,,,,,,,,
,42749,,,339.0073776245117,,,,,,,
,42749,,0.6072521209716797,,,,,,,,
,42799,,,338.60301971435547,,,,,,,
,42799,,8.411407470703125,,,,,,,,
,42849,,,338.96493911743164,,,,,,,
,42849,,0.5674362182617188,,,,,,,,
,42899,,,346.00377082824707,,,,,,,
,42899,,8.290290832519531,,,,,,,,
,42949,,,339.552640914917,,,,,,,
,42949,,0.5791187286376953,,,,,,,,
,42999,,,358.53075981140137,,,,,,,
,42999,,8.232593536376953,,,,,,,,
,43049,,,338.06777000427246,,,,,,,
,43049,,0.5776882171630859,,,,,,,,
,43099,,,341.677188873291,,,,,,,
,43099,,7.964134216308594,,,,,,,,
,43149,,,341.92538261413574,,,,,,,
,43149,,0.6153583526611328,,,,,,,,
,43199,,,342.27561950683594,,,,,,,
,43199,,8.441925048828125,,,,,,,,
,43249,,,346.437931060791,,,,,,,
,43249,,0.7534027099609375,,,,,,,,
,43299,,,418.40672492980957,,,,,,,
,43299,,7.988929748535156,,,,,,,,
,43349,,,409.82580184936523,,,,,,,
,43349,,0.6544589996337891,,,,,,,,
,43399,,,410.6476306915283,,,,,,,
,43399,,8.528470993041992,,,,,,,,
,43449,,,410.0518226623535,,,,,,,
,43449,,0.6630420684814453,,,,,,,,
,43499,,,413.5394096374512,,,,,,,
,43499,,8.644580841064453,,,,,,,,
,43549,,,412.1675491333008,,,,,,,
,43549,,0.6494522094726562,,,,,,,,
,43599,,,420.2256202697754,,,,,,,
,43599,,8.561849594116211,,,,,,,,
,43649,,,410.2213382720947,,,,,,,
,43649,,0.6916522979736328,,,,,,,,
,43699,,,412.7085208892822,,,,,,,
,43699,,8.710145950317383,,,,,,,,
,43749,,,340.29245376586914,,,,,,,
,43749,,0.6260871887207031,,,,,,,,
,43799,,,338.82617950439453,,,,,,,
,43799,,8.59689712524414,,,,,,,,
,43849,,,339.73145484924316,,,,,,,
,43849,,0.6105899810791016,,,,,,,,
,43899,,,341.2659168243408,,,,,,,
,43899,,7.947206497192383,,,,,,,,
,43949,,,346.96316719055176,,,,,,,
,43949,,0.5979537963867188,,,,,,,,
,43999,,,343.019962310791,,,,,,,
,43999,,8.436203002929688,,,,,,,,
,44049,,,343.16205978393555,,,,,,,
,44049,,0.5900859832763672,,,,,,,,
,44099,,,338.12570571899414,,,,,,,
,44099,,8.224010467529297,,,,,,,,
,44149,,,339.8101329803467,,,,,,,
,44149,,0.5750656127929688,,,,,,,,
,44199,,,339.68305587768555,,,,,,,
,44199,,8.133172988891602,,,,,,,,
,44249,,,580.2674293518066,,,,,,,
,44249,,0.6685256958007812,,,,,,,,
,44299,,,342.30661392211914,,,,,,,
,44299,,8.255243301391602,,,,,,,,
,44349,,,337.2502326965332,,,,,,,
,44349,,0.5805492401123047,,,,,,,,
,44399,,,336.6701602935791,,,,,,,
,44399,,16.291379928588867,,,,,,,,
,44449,,,340.12866020202637,,,,,,,
,44449,,0.6000995635986328,,,,,,,,
,44499,,,351.52554512023926,,,,,,,
,44499,,8.472919464111328,,,,,,,,
,44549,,,342.4856662750244,,,,,,,
,44549,,0.6124973297119141,,,,,,,,
,44599,,,336.98177337646484,,,,,,,
,44599,,8.484363555908203,,,,,,,,
,44649,,,338.92369270324707,,,,,,,
,44649,,0.5841255187988281,,,,,,,,
,44699,,,337.6286029815674,,,,,,,
,44699,,8.466958999633789,,,,,,,,
,44749,,,342.7443504333496,,,,,,,
,44749,,0.5884170532226562,,,,,,,,
,44799,,,343.2750701904297,,,,,,,
,44799,,14.533281326293945,,,,,,,,
,44849,,,339.28728103637695,,,,,,,
,44849,,0.5986690521240234,,,,,,,,
,44899,,,339.44153785705566,,,,,,,
,44899,,8.46552848815918,,,,,,,,
,44949,,,345.5166816711426,,,,,,,
,44949,,0.6165504455566406,,,,,,,,
,44999,,,350.18062591552734,,,,,,,
,44999,,7.936239242553711,,,,,,,,
8,44999,,,,,,,,3.825066328048706,1722.4100341796875,-1722.4100341796875
,45000,1954.4187099933624,,,,,,,,,
8,44999,,,,0.7000364065170288,15.0,1.147852897644043,-1727.1767578125,,,
,45049,,,411.46206855773926,,,,,,,
,45049,,0.6189346313476562,,,,,,,,
,45099,,,415.73619842529297,,,,,,,
,45099,,8.59379768371582,,,,,,,,
,45149,,,422.929048538208,,,,,,,
,45149,,0.6887912750244141,,,,,,,,
,45199,,,410.14790534973145,,,,,,,
,45199,,8.343696594238281,,,,,,,,
,45249,,,421.8025207519531,,,,,,,
,45249,,0.6511211395263672,,,,,,,,
,45299,,,413.285493850708,,,,,,,
,45299,,8.375883102416992,,,,,,,,
,45349,,,421.9069480895996,,,,,,,
,45349,,0.6475448608398438,,,,,,,,
,45399,,,419.1241264343262,,,,,,,
,45399,,8.543252944946289,,,,,,,,
,45449,,,411.149263381958,,,,,,,
,45449,,0.64849853515625,,,,,,,,
,45499,,,414.08705711364746,,,,,,,
,45499,,8.752822875976562,,,,,,,,
,45549,,,410.31837463378906,,,,,,,
,45549,,0.6690025329589844,,,,,,,,
,45599,,,415.785551071167,,,,,,,
,45599,,8.745908737182617,,,,,,,,
,45649,,,342.5593376159668,,,,,,,
,45649,,0.6163120269775391,,,,,,,,
,45699,,,344.21515464782715,,,,,,,
,45699,,8.295059204101562,,,,,,,,
,45749,,,337.2929096221924,,,,,,,
,45749,,0.6010532379150391,,,,,,,,
,45799,,,343.4314727783203,,,,,,,
,45799,,8.41069221496582,,,,,,,,
,45849,,,342.94605255126953,,,,,,,
,45849,,0.6155967712402344,,,,,,,,
,45899,,,409.9888801574707,,,,,,,
,45899,,8.353948593139648,,,,,,,,
,45949,,,409.6193313598633,,,,,,,
,45949,,0.6744861602783203,,,,,,,,
,45999,,,418.4713363647461,,,,,,,
,45999,,8.546113967895508,,,,,,,,
,46049,,,410.90869903564453,,,,,,,
,46049,,0.6821155548095703,,,,,,,,
,46099,,,415.5466556549072,,,,,,,
,46099,,8.515596389770508,,,,,,,,
,46149,,,410.38060188293457,,,,,,,
,46149,,0.6458759307861328,,,,,,,,
,46199,,,410.24255752563477,,,,,,,
,46199,,8.507966995239258,,,,,,,,
,46249,,,409.6693992614746,,,,,,,
,46249,,0.6535053253173828,,,,,,,,
,46299,,,411.7889404296875,,,,,,,
,46299,,8.619308471679688,,,,,,,,
,46349,,,341.39156341552734,,,,,,,
,46349,,0.6139278411865234,,,,,,,,
,46399,,,347.6564884185791,,,,,,,
,46399,,8.250236511230469,,,,,,,,
,46449,,,339.6618366241455,,,,,,,
,46449,,0.6039142608642578,,,,,,,,
,46499,,,410.01391410827637,,,,,,,
,46499,,8.566617965698242,,,,,,,,
,46549,,,413.23399543762207,,,,,,,
,46549,,0.7224082946777344,,,,,,,,
,46599,,,410.109281539917,,,,,,,
,46599,,8.395195007324219,,,,,,,,
,46649,,,663.8963222503662,,,,,,,
,46649,,0.7307529449462891,,,,,,,,
,46699,,,410.69650650024414,,,,,,,
,46699,,8.432388305664062,,,,,,,,
,46749,,,409.90734100341797,,,,,,,
,46749,,0.6735324859619141,,,,,,,,
,46799,,,410.47000885009766,,,,,,,
,46799,,8.574247360229492,,,,,,,,
,46849,,,410.28738021850586,,,,,,,
,46849,,1.1241436004638672,,,,,,,,
,46899,,,415.30346870422363,,,,,,,
,46899,,14.449834823608398,,,,,,,,
,46949,,,410.4809761047363,,,,,,,
,46949,,0.7035732269287109,,,,,,,,
,46999,,,410.1722240447998,,,,,,,
,46999,,8.702993392944336,,,,,,,,
,47049,,,340.435266494751,,,,,,,
,47049,,0.6067752838134766,,,,,,,,
,47099,,,341.3352966308594,,,,,,,
,47099,,8.529186248779297,,,,,,,,
,47149,,,340.5778408050537,,,,,,,
,47149,,0.6093978881835938,,,,,,,,
,47199,,,349.66111183166504,,,,,,,
,47199,,8.451223373413086,,,,,,,,
,47249,,,342.3483371734619,,,,,,,
,47249,,0.583648681640625,,,,,,,,
,47299,,,337.4490737915039,,,,,,,
,47299,,8.423328399658203,,,,,,,,
,47349,,,338.5007381439209,,,,,,,
,47349,,0.5946159362792969,,,,,,,,
,47399,,,338.35768699645996,,,,,,,
,47399,,7.908344268798828,,,,,,,,
,47449,,,339.153528213501,,,,,,,
,47449,,0.5939006805419922,,,,,,,,
,47499,,,338.64903450012207,,,,,,,
,47499,,8.115530014038086,,,,,,,,
,47549,,,344.76661682128906,,,,,,,
,47549,,0.5736351013183594,,,,,,,,
,47599,,,367.5851821899414,,,,,,,
,47599,,7.892608642578125,,,,,,,,
,47649,,,336.7609977722168,,,,,,,
,47649,,0.5946159362792969,,,,,,,,
,47699,,,341.768741607666,,,,,,,
,47699,,8.430719375610352,,,,,,,,
,47749,,,344.6028232574463,,,,,,,
,47749,,0.5958080291748047,,,,,,,,
,47799,,,338.1648063659668,,,,,,,
,47799,,7.93766975402832,,,,,,,,
,47849,,,339.6880626678467,,,,,,,
,47849,,0.5712509155273438,,,,,,,,
,47899,,,411.65900230407715,,,,,,,
,47899,,8.56471061706543,,,,,,,,
,47949,,,412.20593452453613,,,,,,,
,47949,,0.6508827209472656,,,,,,,,
,47999,,,419.56067085266113,,,,,,,
,47999,,8.389711380004883,,,,,,,,
,48049,,,413.50769996643066,,,,,,,
,48049,,0.7147789001464844,,,,,,,,
,48099,,,411.8332862854004,,,,,,,
,48099,,8.583307266235352,,,,,,,,
,48149,,,410.42590141296387,,,,,,,
,48149,,0.6499290466308594,,,,,,,,
,48199,,,419.09217834472656,,,,,,,
,48199,,8.858203887939453,,,,,,,,
,48249,,,665.4579639434814,,,,,,,
,48249,,0.7266998291015625,,,,,,,,
,48299,,,410.7978343963623,,,,,,,
,48299,,8.412599563598633,,,,,,,,
,48349,,,413.6371612548828,,,,,,,
,48349,,0.7226467132568359,,,,,,,,
,48399,,,413.3646488189697,,,,,,,
,48399,,8.563756942749023,,,,,,,,
,48449,,,414.87669944763184,,,,,,,
,48449,,0.7436275482177734,,,,,,,,
,48499,,,343.8267707824707,,,,,,,
,48499,,8.520841598510742,,,,,,,,
,48549,,,337.99195289611816,,,,,,,
,48549,,0.6132125854492188,,,,,,,,
,48599,,,345.9608554840088,,,,,,,
,48599,,8.536577224731445,,,,,,,,
,48649,,,341.86410903930664,,,,,,,
,48649,,0.6105899810791016,,,,,,,,
,48699,,,337.5082015991211,,,,,,,
,48699,,8.005380630493164,,,,,,,,
,48749,,,340.62981605529785,,,,,,,
,48749,,0.5745887756347656,,,,,,,,
,48799,,,343.06883811950684,,,,,,,
,48799,,7.768392562866211,,,,,,,,
,48849,,,338.52076530456543,,,,,,,
,48849,,0.6046295166015625,,,,,,,,
,48899,,,341.6581153869629,,,,,,,
,48899,,8.267402648925781,,,,,,,,
,48949,,,349.08509254455566,,,,,,,
,48949,,0.5958080291748047,,,,,,,,
,48999,,,340.9903049468994,,,,,,,
,48999,,8.262157440185547,,,,,,,,
,49049,,,341.47024154663086,,,,,,,
,49049,,0.6098747253417969,,,,,,,,
,49099,,,345.61944007873535,,,,,,,
,49099,,7.996082305908203,,,,,,,,
,49149,,,344.30575370788574,,,,,,,
,49149,,0.5829334259033203,,,,,,,,
,49199,,,339.49875831604004,,,,,,,
,49199,,7.757663726806641,,,,,,,,
,49249,,,339.13516998291016,,,,,,,
,49249,,0.6022453308105469,,,,,,,,
,49299,,,414.1232967376709,,,,,,,
,49299,,8.332490921020508,,,,,,,,
,49349,,,415.2181148529053,,,,,,,
,49349,,0.6525516510009766,,,,,,,,
,49399,,,341.26734733581543,,,,,,,
,49399,,8.318662643432617,,,,,,,,
,49449,,,341.87912940979004,,,,,,,
,49449,,0.6320476531982422,,,,,,,,
,49499,,,344.0401554107666,,,,,,,
,49499,,8.487462997436523,,,,,,,,
,49549,,,339.6115303039551,,,,,,,
,49549,,0.5769729614257812,,,,,,,,
,49599,,,339.77270126342773,,,,,,,
,49599,,8.265495300292969,,,,,,,,
,49649,,,339.97440338134766,,,,,,,
,49649,,0.5867481231689453,,,,,,,,
,49699,,,337.62168884277344,,,,,,,
,49699,,7.915019989013672,,,,,,,,
,49749,,,339.5085334777832,,,,,,,
,49749,,0.6055831909179688,,,,,,,,
,49799,,,349.86186027526855,,,,,,,
,49799,,8.460283279418945,,,,,,,,
,49849,,,589.8647308349609,,,,,,,
,49849,,0.7891654968261719,,,,,,,,
,49899,,,337.0532989501953,,,,,,,
,49899,,16.42298698425293,,,,,,,,
,49949,,,338.55319023132324,,,,,,,
,49949,,0.5843639373779297,,,,,,,,
,49999,,,340.2256965637207,,,,,,,
,49999,,8.568286895751953,,,,,,,,
9,49999,,,,,,,,3.854283332824707,1722.5699462890625,-1722.5699462890625
,50000,1908.564388513565,,,,,,,,,
9,49999,,,,0.698462963104248,15.0,1.1423869132995605,-1726.306396484375,,,
,50049,,,340.9764766693115,,,,,,,
,50049,,1.8510818481445312,,,,,,,,
,50099,,,376.84154510498047,,,,,,,
,50099,,8.21542739868164,,,,,,,,
,50149,,,341.0468101501465,,,,,,,
,50149,,0.5953311920166016,,,,,,,,
,50199,,,409.79719161987305,,,,,,,
,50199,,7.942676544189453,,,,,,,,
,50249,,,340.6522274017334,,,,,,,
,50249,,0.5710124969482422,,,,,,,,
,50299,,,340.12794494628906,,,,,,,
,50299,,8.126258850097656,,,,,,,,
,50349,,,339.79129791259766,,,,,,,
,50349,,0.5924701690673828,,,,,,,,
,50399,,,348.10471534729004,,,,,,,
,50399,,7.857084274291992,,,,,,,,
,50449,,,340.3964042663574,,,,,,,
,50449,,0.6325244903564453,,,,,,,,
,50499,,,339.1556739807129,,,,,,,
,50499,,8.184671401977539,,,,,,,,
,50549,,,339.7681713104248,,,,,,,
,50549,,0.5748271942138672,,,,,,,,
,50599,,,348.87003898620605,,,,,,,
,50599,,7.908344268798828,,,,,,,,
,50649,,,339.62273597717285,,,,,,,
,50649,,0.5803108215332031,,,,,,,,
,50699,,,338.43111991882324,,,,,,,
,50699,,8.072376251220703,,,,,,,,
,50749,,,340.0993347167969,,,,,,,
,50749,,0.5762577056884766,,,,,,,,
,50799,,,341.80259704589844,,,,,,,
,50799,,7.878541946411133,,,,,,,,
,50849,,,341.153621673584,,,,,,,
,50849,,0.5970001220703125,,,,,,,,
,50899,,,342.7588939666748,,,,,,,
,50899,,8.406400680541992,,,,,,,,
,50949,,,342.0279026031494,,,,,,,
,50949,,0.58746337890625,,,,,,,,
,50999,,,341.37582778930664,,,,,,,
,50999,,7.730960845947266,,,,,,,,
,51049,,,342.0276641845703,,,,,,,
,51049,,0.598907470703125,,,,,,,,
,51099,,,351.332426071167,,,,,,,
,51099,,7.967710494995117,,,,,,,,
,51149,,,340.6693935394287,,,,,,,
,51149,,0.5898475646972656,,,,,,,,
,51199,,,341.3679599761963,,,,,,,
,51199,,8.062601089477539,,,,,,,,
,51249,,,348.4346866607666,,,,,,,
,51249,,0.5705356597900391,,,,,,,,
,51299,,,341.7677879333496,,,,,,,
,51299,,8.177995681762695,,,,,,,,
,51349,,,349.10058975219727,,,,,,,
,51349,,0.5762577056884766,,,,,,,,
,51399,,,351.790189743042,,,,,,,
,51399,,8.37850570678711,,,,,,,,
,51449,,,346.7123508453369,,,,,,,
,51449,,0.5972385406494141,,,,,,,,
,51499,,,394.11187171936035,,,,,,,
,51499,,8.459329605102539,,,,,,,,
,51549,,,349.09558296203613,,,,,,,
,51549,,0.5800724029541016,,,,,,,,
,51599,,,355.99660873413086,,,,,,,
,51599,,8.15582275390625,,,,,,,,
,51649,,,352.9231548309326,,,,,,,
,51649,,0.6012916564941406,,,,,,,,
,51699,,,418.9755916595459,,,,,,,
,51699,,8.495330810546875,,,,,,,,
,51749,,,419.36755180358887,,,,,,,
,51749,,0.6451606750488281,,,,,,,,
,51799,,,419.6629524230957,,,,,,,
,51799,,8.389472961425781,,,,,,,,
,51849,,,419.8758602142334,,,,,,,
,51849,,0.6487369537353516,,,,,,,,
,51899,,,419.99077796936035,,,,,,,
,51899,,8.554697036743164,,,,,,,,
,51949,,,418.8823699951172,,,,,,,
,51949,,0.8525848388671875,,,,,,,,
,51999,,,421.68521881103516,,,,,,,
,51999,,8.505105972290039,,,,,,,,
,52049,,,411.11278533935547,,,,,,,
,52049,,0.6470680236816406,,,,,,,,
,52099,,,421.161413192749,,,,,,,
,52099,,8.594512939453125,,,,,,,,
,52149,,,422.6236343383789,,,,,,,
,52149,,0.7243156433105469,,,,,,,,
,52199,,,420.83263397216797,,,,,,,
,52199,,8.571624755859375,,,,,,,,
,52249,,,668.5709953308105,,,,,,,
,52249,,0.7274150848388672,,,,,,,,
,52299,,,420.5896854400635,,,,,,,
,52299,,8.591175079345703,,,,,,,,
,52349,,,420.9170341491699,,,,,,,
,52349,,0.9226799011230469,,,,,,,,
,52399,,,412.69683837890625,,,,,,,
,52399,,17.12965965270996,,,,,,,,
,52449,,,417.4647331237793,,,,,,,
,52449,,0.6487369537353516,,,,,,,,
,52499,,,413.30695152282715,,,,,,,
,52499,,8.641719818115234,,,,,,,,
,52549,,,421.65398597717285,,,,,,,
,52549,,0.9260177612304688,,,,,,,,
,52599,,,411.1924171447754,,,,,,,
,52599,,8.524894714355469,,,,,,,,
,52649,,,419.62122917175293,,,,,,,
,52649,,0.6623268127441406,,,,,,,,
,52699,,,420.31359672546387,,,,,,,
,52699,,8.590221405029297,,,,,,,,
,52749,,,419.9109077453613,,,,,,,
,52749,,0.6647109985351562,,,,,,,,
,52799,,,420.38631439208984,,,,,,,
,52799,,8.485555648803711,,,,,,,,
,52849,,,420.90296745300293,,,,,,,
,52849,,0.64849853515625,,,,,,,,
,52899,,,422.46174812316895,,,,,,,
,52899,,8.346796035766602,,,,,,,,
,52949,,,411.3013744354248,,,,,,,
,52949,,0.6496906280517578,,,,,,,,
,52999,,,425.86541175842285,,,,,,,
,52999,,8.501052856445312,,,,,,,,
,53049,,,419.64197158813477,,,,,,,
,53049,,0.6499290466308594,,,,,,,,
,53099,,,418.67613792419434,,,,,,,
,53099,,8.543014526367188,,,,,,,,
,53149,,,428.68971824645996,,,,,,,
,53149,,1.8897056579589844,,,,,,,,
,53199,,,351.757287979126,,,,,,,
,53199,,8.449792861938477,,,,,,,,
,53249,,,339.2970561981201,,,,,,,
,53249,,0.5974769592285156,,,,,,,,
,53299,,,337.9964828491211,,,,,,,
,53299,,8.352041244506836,,,,,,,,
,53349,,,350.17967224121094,,,,,,,
,53349,,0.5981922149658203,,,,,,,,
,53399,,,337.2530937194824,,,,,,,
,53399,,8.368492126464844,,,,,,,,
,53449,,,338.8948440551758,,,,,,,
,53449,,0.5705356597900391,,,,,,,,
,53499,,,345.8995819091797,,,,,,,
,53499,,7.920026779174805,,,,,,,,
,53549,,,342.9608345031738,,,,,,,
,53549,,0.6260871887207031,,,,,,,,
,53599,,,409.8854064941406,,,,,,,
,53599,,8.44264030456543,,,,,,,,
,53649,,,336.95507049560547,,,,,,,
,53649,,0.5695819854736328,,,,,,,,
,53699,,,337.86630630493164,,,,,,,
,53699,,7.856130599975586,,,,,,,,
,53749,,,337.7079963684082,,,,,,,
,53749,,0.5970001220703125,,,,,,,,
,53799,,,350.94761848449707,,,,,,,
,53799,,8.160829544067383,,,,,,,,
,53849,,,589.789628982544,,,,,,,
,53849,,0.6759166717529297,,,,,,,,
,53899,,,337.54706382751465,,,,,,,
,53899,,7.936716079711914,,,,,,,,
,53949,,,341.63403511047363,,,,,,,
,53949,,0.6020069122314453,,,,,,,,
,53999,,,340.0425910949707,,,,,,,
,53999,,8.317947387695312,,,,,,,,
,54049,,,340.10863304138184,,,,,,,
,54049,,0.5958080291748047,,,,,,,,
,54099,,,340.4085636138916,,,,,,,
,54099,,7.869482040405273,,,,,,,,
,54149,,,338.8195037841797,,,,,,,
,54149,,0.8728504180908203,,,,,,,,
,54199,,,337.07737922668457,,,,,,,
,54199,,8.363485336303711,,,,,,,,
,54249,,,337.39280700683594,,,,,,,
,54249,,0.5693435668945312,,,,,,,,
,54299,,,342.30566024780273,,,,,,,
,54299,,8.128643035888672,,,,,,,,
,54349,,,341.82238578796387,,,,,,,
,54349,,0.5931854248046875,,,,,,,,
,54399,,,342.4246311187744,,,,,,,
,54399,,8.155584335327148,,,,,,,,
,54449,,,341.37868881225586,,,,,,,
,54449,,0.5781650543212891,,,,,,,,
,54499,,,409.58189964294434,,,,,,,
,54499,,7.749795913696289,,,,,,,,
,54549,,,409.26408767700195,,,,,,,
,54549,,0.6456375122070312,,,,,,,,
,54599,,,339.51687812805176,,,,,,,
,54599,,8.175849914550781,,,,,,,,
,54649,,,347.5372791290283,,,,,,,
,54649,,0.5867481231689453,,,,,,,,
,54699,,,341.7541980743408,,,,,,,
,54699,,7.799625396728516,,,,,,,,
,54749,,,343.7917232513428,,,,,,,
,54749,,1.432657241821289,,,,,,,,
,54799,,,340.3174877166748,,,,,,,
,54799,,8.351564407348633,,,,,,,,
,54849,,,339.83778953552246,,,,,,,
,54849,,0.568389892578125,,,,,,,,
,54899,,,411.41271591186523,,,,,,,
,54899,,8.272171020507812,,,,,,,,
,54949,,,411.3802909851074,,,,,,,
,54949,,0.6377696990966797,,,,,,,,
,54999,,,411.1003875732422,,,,,,,
,54999,,8.498907089233398,,,,,,,,
10,54999,,,,,,,,3.746107578277588,1720.949951171875,-1720.949951171875
,55000,1884.3621535301208,,,,,,,,,
10,54999,,,,0.6959463357925415,15.0,1.1508245468139648,-1726.0689697265625,,,
,55049,,,422.68943786621094,,,,,,,
,55049,,0.6654262542724609,,,,,,,,
,55099,,,413.928747177124,,,,,,,
,55099,,8.449077606201172,,,,,,,,
,55149,,,413.5274887084961,,,,,,,
,55149,,0.6539821624755859,,,,,,,,
,55199,,,411.761999130249,,,,,,,
,55199,,8.295774459838867,,,,,,,,
,55249,,,411.9408130645752,,,,,,,
,55249,,0.6449222564697266,,,,,,,,
,55299,,,415.557861328125,,,,,,,
,55299,,8.69607925415039,,,,,,,,
,55349,,,420.96638679504395,,,,,,,
,55349,,0.6597042083740234,,,,,,,,
,55399,,,415.4360294342041,,,,,,,
,55399,,8.323907852172852,,,,,,,,
,55449,,,411.8466377258301,,,,,,,
,55449,,0.6501674652099609,,,,,,,,
,55499,,,411.6518497467041,,,,,,,
,55499,,8.560419082641602,,,,,,,,
,55549,,,410.95757484436035,,,,,,,
,55549,,0.6482601165771484,,,,,,,,
,55599,,,341.48502349853516,,,,,,,
,55599,,8.253335952758789,,,,,,,,
,55649,,,340.87419509887695,,,,,,,
,55649,,0.6163120269775391,,,,,,,,
,55699,,,347.82981872558594,,,,,,,
,55699,,8.518457412719727,,,,,,,,
,55749,,,341.2184715270996,,,,,,,
,55749,,0.6029605865478516,,,,,,,,
,55799,,,340.9764766693115,,,,,,,
,55799,,8.214235305786133,,,,,,,,
,55849,,,338.8557434082031,,,,,,,
,55849,,0.5733966827392578,,,,,,,,
,55899,,,347.19061851501465,,,,,,,
,55899,,7.922887802124023,,,,,,,,
,55949,,,350.6438732147217,,,,,,,
,55949,,0.6291866302490234,,,,,,,,
,55999,,,412.60480880737305,,,,,,,
,55999,,8.597135543823242,,,,,,,,
,56049,,,344.4674015045166,,,,,,,
,56049,,0.6735324859619141,,,,,,,,
,56099,,,338.2117748260498,,,,,,,
,56099,,8.52346420288086,,,,,,,,
,56149,,,420.8521842956543,,,,,,,
,56149,,0.6666183471679688,,,,,,,,
,56199,,,411.2515449523926,,,,,,,
,56199,,8.57400894165039,,,,,,,,
,56249,,,659.5814228057861,,,,,,,
,56249,,0.7233619689941406,,,,,,,,
,56299,,,411.2870693206787,,,,,,,
,56299,,8.345603942871094,,,,,,,,
,56349,,,412.40930557250977,,,,,,,
,56349,,0.6527900695800781,,,,,,,,
,56399,,,420.182466506958,,,,,,,
,56399,,8.552789688110352,,,,,,,,
,56449,,,412.6322269439697,,,,,,,
,56449,,0.6525516510009766,,,,,,,,
,56499,,,412.0001792907715,,,,,,,
,56499,,8.576631546020508,,,,,,,,
,56549,,,412.0519161224365,,,,,,,
,56549,,0.6563663482666016,,,,,,,,
,56599,,,419.9531078338623,,,,,,,
,56599,,8.395671844482422,,,,,,,,
,56649,,,418.0560111999512,,,,,,,
,56649,,0.6501674652099609,,,,,,,,
,56699,,,411.39721870422363,,,,,,,
,56699,,8.037567138671875,,,,,,,,
,56749,,,419.59691047668457,,,,,,,
,56749,,0.6480216979980469,,,,,,,,
,56799,,,411.73291206359863,,,,,,,
,56799,,8.512496948242188,,,,,,,,
,56849,,,469.606876373291,,,,,,,
,56849,,0.7183551788330078,,,,,,,,
,56899,,,411.2832546234131,,,,,,,
,56899,,8.572578430175781,,,,,,,,
,56949,,,411.73839569091797,,,,,,,
,56949,,0.6732940673828125,,,,,,,,
,56999,,,415.10844230651855,,,,,,,
,56999,,8.546829223632812,,,,,,,,
,57049,,,411.3731384277344,,,,,,,
,57049,,0.6468296051025391,,,,,,,,
,57099,,,434.01455879211426,,,,,,,
,57099,,8.99195671081543,,,,,,,,
,57149,,,420.59969902038574,,,,,,,
,57149,,0.6630420684814453,,,,,,,,
,57199,,,348.4008312225342,,,,,,,
,57199,,8.707284927368164,,,,,,,,
,57249,,,447.6773738861084,,,,,,,
,57249,,0.7843971252441406,,,,,,,,
,57299,,,369.01259422302246,,,,,,,
,57299,,8.906364440917969,,,,,,,,
,57349,,,424.93581771850586,,,,,,,
,57349,,0.6835460662841797,,,,,,,,
,57399,,,409.7905158996582,,,,,,,
,57399,,8.568525314331055,,,,,,,,
,57449,,,411.5591049194336,,,,,,,
,57449,,0.6449222564697266,,,,,,,,
,57499,,,410.54654121398926,,,,,,,
,57499,,8.634328842163086,,,,,,,,
,57549,,,411.7610454559326,,,,,,,
,57549,,0.9171962738037109,,,,,,,,
,57599,,,412.6417636871338,,,,,,,
,57599,,8.488655090332031,,,,,,,,
,57649,,,410.46714782714844,,,,,,,
,57649,,0.6563663482666016,,,,,,,,
,57699,,,410.125732421875,,,,,,,
,57699,,8.517980575561523,,,,,,,,
,57749,,,410.14766693115234,,,,,,,
,57749,,0.6504058837890625,,,,,,,,
,57799,,,344.9087142944336,,,,,,,
,57799,,8.312702178955078,,,,,,,,
,57849,,,578.6294937133789,,,,,,,
,57849,,0.6744861602783203,,,,,,,,
,57899,,,340.9886360168457,,,,,,,
,57899,,7.9593658447265625,,,,,,,,
,57949,,,346.29106521606445,,,,,,,
,57949,,0.6017684936523438,,,,,,,,
,57999,,,339.9927616119385,,,,,,,
,57999,,7.992982864379883,,,,,,,,
,58049,,,339.8408889770508,,,,,,,
,58049,,0.5719661712646484,,,,,,,,
,58099,,,339.9631977081299,,,,,,,
,58099,,7.877826690673828,,,,,,,,
,58149,,,348.74510765075684,,,,,,,
,58149,,0.5962848663330078,,,,,,,,
,58199,,,341.08948707580566,,,,,,,
,58199,,8.303403854370117,,,,,,,,
,58249,,,337.94593811035156,,,,,,,
,58249,,0.5817413330078125,,,,,,,,
,58299,,,341.9783115386963,,,,,,,
,58299,,7.951259613037109,,,,,,,,
,58349,,,342.0438766479492,,,,,,,
,58349,,0.6172657012939453,,,,,,,,
,58399,,,340.87085723876953,,,,,,,
,58399,,8.392572402954102,,,,,,,,
,58449,,,341.08591079711914,,,,,,,
,58449,,0.5812644958496094,,,,,,,,
,58499,,,341.4113521575928,,,,,,,
,58499,,7.900476455688477,,,,,,,,
,58549,,,336.9879722595215,,,,,,,
,58549,,0.5884170532226562,,,,,,,,
,58599,,,340.90399742126465,,,,,,,
,58599,,8.329391479492188,,,,,,,,
,58649,,,340.57092666625977,,,,,,,
,58649,,0.5738735198974609,,,,,,,,
,58699,,,340.5113220214844,,,,,,,
,58699,,7.93004035949707,,,,,,,,
,58749,,,343.61934661865234,,,,,,,
,58749,,0.6139278411865234,,,,,,,,
,58799,,,351.8669605255127,,,,,,,
,58799,,8.483409881591797,,,,,,,,
,58849,,,343.2657718658447,,,,,,,
,58849,,0.5819797515869141,,,,,,,,
,58899,,,344.6495532989502,,,,,,,
,58899,,7.929801940917969,,,,,,,,
,58949,,,338.18531036376953,,,,,,,
,58949,,0.7727146148681641,,,,,,,,
,58999,,,339.3514156341553,,,,,,,
,58999,,8.23664665222168,,,,,,,,
,59049,,,339.0488624572754,,,,,,,
,59049,,0.5776882171630859,,,,,,,,
,59099,,,340.8091068267822,,,,,,,
,59099,,7.912158966064453,,,,,,,,
,59149,,,341.75586700439453,,,,,,,
,59149,,0.6024837493896484,,,,,,,,
,59199,,,340.2385711669922,,,,,,,
,59199,,8.251190185546875,,,,,,,,
,59249,,,339.16211128234863,,,,,,,
,59249,,0.5724430084228516,,,,,,,,
,59299,,,410.4883670806885,,,,,,,
,59299,,8.518218994140625,,,,,,,,
,59349,,,411.1795425415039,,,,,,,
,59349,,0.6487369537353516,,,,,,,,
,59399,,,409.9714756011963,,,,,,,
,59399,,8.526325225830078,,,,,,,,
,59449,,,666.0768985748291,,,,,,,
,59449,,0.7383823394775391,,,,,,,,
,59499,,,417.7393913269043,,,,,,,
,59499,,8.738279342651367,,,,,,,,
,59549,,,411.4193916320801,,,,,,,
,59549,,0.6668567657470703,,,,,,,,
,59599,,,411.1475944519043,,,,,,,
,59599,,8.339881896972656,,,,,,,,
,59649,,,410.62164306640625,,,,,,,
,59649,,0.6465911865234375,,,,,,,,
,59699,,,413.7117862701416,,,,,,,
,59699,,8.493661880493164,,,,,,,,
,59749,,,411.0891819000244,,,,,,,
,59749,,0.6468296051025391,,,,,,,,
,59799,,,411.4720821380615,,,,,,,
,59799,,8.535146713256836,,,,,,,,
,59849,,,412.5676155090332,,,,,,,
,59849,,0.6527900695800781,,,,,,,,
,59899,,,411.8390083312988,,,,,,,
,59899,,8.538007736206055,,,,,,,,
,59949,,,411.01884841918945,,,,,,,
,59949,,0.6594657897949219,,,,,,,,
,59999,,,412.0185375213623,,,,,,,
,59999,,8.367538452148438,,,,,,,,
11,59999,,,,,,,,4.013704776763916,1725.4200439453125,-1725.4200439453125
,60000,1953.7605350017548,,,,,,,,,
11,59999,,,,0.6969019174575806,15.0,1.1463814973831177,-1725.188232421875,,,
,60049,,,410.16149520874023,,,,,,,
,60049,,0.6186962127685547,,,,,,,,
,60099,,,410.3283882141113,,,,,,,
,60099,,8.47768783569336,,,,,,,,
,60149,,,410.5663299560547,,,,,,,
,60149,,0.6506443023681641,,,,,,,,
,60199,,,412.0612144470215,,,,,,,
,60199,,8.21828842163086,,,,,,,,
,60249,,,410.7692241668701,,,,,,,
,60249,,0.6346702575683594,,,,,,,,
,60299,,,418.3464050292969,,,,,,,
,60299,,8.777141571044922,,,,,,,,
,60349,,,410.39061546325684,,,,,,,
,60349,,0.6506443023681641,,,,,,,,
,60399,,,410.40635108947754,,,,,,,
,60399,,8.465051651000977,,,,,,,,
,60449,,,410.8724594116211,,,,,,,
,60449,,0.6506443023681641,,,,,,,,
,60499,,,412.4922752380371,,,,,,,
,60499,,8.683204650878906,,,,,,,,
,60549,,,412.85157203674316,,,,,,,
,60549,,0.7648468017578125,,,,,,,,
,60599,,,411.44752502441406,,,,,,,
,60599,,8.5906982421875,,,,,,,,
,60649,,,412.3060703277588,,,,,,,
,60649,,0.7348060607910156,,,,,,,,
,60699,,,416.1105155944824,,,,,,,
,60699,,8.85462760925293,,,,,,,,
,60749,,,412.46724128723145,,,,,,,
,60749,,0.7951259613037109,,,,,,,,
,60799,,,412.7545356750488,,,,,,,
,60799,,8.84103775024414,,,,,,,,
,60849,,,412.6713275909424,,,,,,,
,60849,,0.7073879241943359,,,,,,,,
,60899,,,413.42663764953613,,,,,,,
,60899,,8.84389877319336,,,,,,,,
,60949,,,411.0403060913086,,,,,,,
,60949,,0.6601810455322266,,,,,,,,
,60999,,,340.3811454772949,,,,,,,
,60999,,8.55112075805664,,,,,,,,
,61049,,,339.89596366882324,,,,,,,
,61049,,0.6022453308105469,,,,,,,,
,61099,,,340.1467800140381,,,,,,,
,61099,,7.960796356201172,,,,,,,,
,61149,,,338.0744457244873,,,,,,,
,61149,,0.6382465362548828,,,,,,,,
,61199,,,341.9826030731201,,,,,,,
,61199,,8.859872817993164,,,,,,,,
,61249,,,345.7338809967041,,,,,,,
,61249,,0.7283687591552734,,,,,,,,
,61299,,,346.7903137207031,,,,,,,
,61299,,8.283138275146484,,,,,,,,
,61349,,,346.04716300964355,,,,,,,
,61349,,0.7085800170898438,,,,,,,,
,61399,,,343.21093559265137,,,,,,,
,61399,,8.378744125366211,,,,,,,,
,61449,,,345.74055671691895,,,,,,,
,61449,,0.7369518280029297,,,,,,,,
,61499,,,346.23098373413086,,,,,,,
,61499,,8.409500122070312,,,,,,,,
,61549,,,345.7791805267334,,,,,,,
,61549,,0.7567405700683594,,,,,,,,
,61599,,,347.3947048187256,,,,,,,
,61599,,8.44430923461914,,,,,,,,
,61649,,,345.91078758239746,,,,,,,
,61649,,0.72479248046875,,,,,,,,
,61699,,,346.94600105285645,,,,,,,
,61699,,16.939163208007812,,,,,,,,
,61749,,,343.52588653564453,,,,,,,
,61749,,0.6201267242431641,,,,,,,,
,61799,,,341.88246726989746,,,,,,,
,61799,,8.120059967041016,,,,,,,,
,61849,,,585.2556228637695,,,,,,,
,61849,,0.720977783203125,,,,,,,,
,61899,,,341.5534496307373,,,,,,,
,61899,,8.289337158203125,,,,,,,,
,61949,,,361.70172691345215,,,,,,,
,61949,,0.8046627044677734,,,,,,,,
,61999,,,373.06761741638184,,,,,,,
,61999,,8.706092834472656,,,,,,,,
,62049,,,387.1784210205078,,,,,,,
,62049,,0.7510185241699219,,,,,,,,
,62099,,,370.90539932250977,,,,,,,
,62099,,8.660316467285156,,,,,,,,
,62149,,,378.5085678100586,,,,,,,
,62149,,0.7224082946777344,,,,,,,,
,62199,,,373.6557960510254,,,,,,,
,62199,,8.518218994140625,,,,,,,,
,62249,,,372.7991580963135,,,,,,,
,62249,,0.7271766662597656,,,,,,,,
,62299,,,373.1667995452881,,,,,,,
,62299,,8.417844772338867,,,,,,,,
,62349,,,368.6363697052002,,,,,,,
,62349,,0.7367134094238281,,,,,,,,
,62399,,,371.0770606994629,,,,,,,
,62399,,8.577108383178711,,,,,,,,
,62449,,,369.1842555999756,,,,,,,
,62449,,0.6344318389892578,,,,,,,,
,62499,,,367.6724433898926,,,,,,,
,62499,,8.112430572509766,,,,,,,,
,62549,,,367.22469329833984,,,,,,,
,62549,,0.7069110870361328,,,,,,,,
,62599,,,367.8407669067383,,,,,,,
,62599,,8.57996940612793,,,,,,,,
,62649,,,382.1699619293213,,,,,,,
,62649,,0.6611347198486328,,,,,,,,
,62699,,,371.429443359375,,,,,,,
,62699,,7.924079895019531,,,,,,,,
,62749,,,370.7551956176758,,,,,,,
,62749,,0.9808540344238281,,,,,,,,
,62799,,,369.4026470184326,,,,,,,
,62799,,8.645057678222656,,,,,,,,
,62849,,,367.40756034851074,,,,,,,
,62849,,0.6241798400878906,,,,,,,,
,62899,,,375.0653266906738,,,,,,,
,62899,,17.00758934020996,,,,,,,,
,62949,,,377.64739990234375,,,,,,,
,62949,,0.6105899810791016,,,,,,,,
,62999,,,380.0969123840332,,,,,,,
,62999,,8.437156677246094,,,,,,,,
,63049,,,371.59228324890137,,,,,,,
,63049,,0.6053447723388672,,,,,,,,
,63099,,,377.46620178222656,,,,,,,
,63099,,7.706165313720703,,,,,,,,
,63149,,,367.18082427978516,,,,,,,
,63149,,0.5972385406494141,,,,,,,,
,63199,,,366.49560928344727,,,,,,,
,63199,,8.20612907409668,,,,,,,,
,63249,,,365.7691478729248,,,,,,,
,63249,,0.5669593811035156,,,,,,,,
,63299,,,369.1580295562744,,,,,,,
,63299,,8.06879997253418,,,,,,,,
,63349,,,365.80920219421387,,,,,,,
,63349,,0.5881786346435547,,,,,,,,
,63399,,,369.28510665893555,,,,,,,
,63399,,8.113622665405273,,,,,,,,
,63449,,,668.8439846038818,,,,,,,
,63449,,0.7159709930419922,,,,,,,,
,63499,,,345.6881046295166,,,,,,,
,63499,,7.858991622924805,,,,,,,,
,63549,,,342.1964645385742,,,,,,,
,63549,,0.6170272827148438,,,,,,,,
,63599,,,343.63698959350586,,,,,,,
,63599,,15.02084732055664,,,,,,,,
,63649,,,370.76663970947266,,,,,,,
,63649,,0.5774497985839844,,,,,,,,
,63699,,,338.3195400238037,,,,,,,
,63699,,7.790565490722656,,,,,,,,
,63749,,,338.9010429382324,,,,,,,
,63749,,0.5939006805419922,,,,,,,,
,63799,,,338.1638526916504,,,,,,,
,63799,,8.373022079467773,,,,,,,,
,63849,,,344.02918815612793,,,,,,,
,63849,,0.5974769592285156,,,,,,,,
,63899,,,340.85583686828613,,,,,,,
,63899,,8.060693740844727,,,,,,,,
,63949,,,342.27633476257324,,,,,,,
,63949,,1.3051033020019531,,,,,,,,
,63999,,,341.0227298736572,,,,,,,
,63999,,8.419275283813477,,,,,,,,
,64049,,,376.27315521240234,,,,,,,
,64049,,0.5705356597900391,,,,,,,,
,64099,,,337.9960060119629,,,,,,,
,64099,,7.678985595703125,,,,,,,,
,64149,,,342.6098823547363,,,,,,,
,64149,,0.67901611328125,,,,,,,,
,64199,,,340.4073715209961,,,,,,,
,64199,,8.383750915527344,,,,,,,,
,64249,,,340.4970169067383,,,,,,,
,64249,,0.5879402160644531,,,,,,,,
,64299,,,339.2336368560791,,,,,,,
,64299,,16.597270965576172,,,,,,,,
,64349,,,339.09010887145996,,,,,,,
,64349,,0.5977153778076172,,,,,,,,
,64399,,,344.3739414215088,,,,,,,
,64399,,8.423328399658203,,,,,,,,
,64449,,,344.0515995025635,,,,,,,
,64449,,0.5826950073242188,,,,,,,,
,64499,,,342.03267097473145,,,,,,,
,64499,,7.986307144165039,,,,,,,,
,64549,,,338.6662006378174,,,,,,,
,64549,,0.6091594696044922,,,,,,,,
,64599,,,342.58246421813965,,,,,,,
,64599,,15.663385391235352,,,,,,,,
,64649,,,339.49780464172363,,,,,,,
,64649,,0.8254051208496094,,,,,,,,
,64699,,,339.7693634033203,,,,,,,
,64699,,7.884025573730469,,,,,,,,
,64749,,,338.79709243774414,,,,,,,
,64749,,0.5831718444824219,,,,,,,,
,64799,,,341.19200706481934,,,,,,,
,64799,,8.36181640625,,,,,,,,
,64849,,,341.76135063171387,,,,,,,
,64849,,0.5774497985839844,,,,,,,,
,64899,,,344.3312644958496,,,,,,,
,64899,,7.852315902709961,,,,,,,,
,64949,,,339.4055366516113,,,,,,,
,64949,,0.5922317504882812,,,,,,,,
,64999,,,342.66066551208496,,,,,,,
,64999,,8.29315185546875,,,,,,,,
12,64999,,,,,,,,4.007207870483398,1725.280029296875,-1725.280029296875
,65000,1864.6097197532654,,,,,,,,,
12,64999,,,,0.6991462111473083,15.0,1.1454389095306396,-1724.64404296875,,,
,65049,,,339.630126953125,,,,,,,
,65049,,0.6706714630126953,,,,,,,,
,65099,,,348.0038642883301,,,,,,,
,65099,,8.971452713012695,,,,,,,,
,65149,,,412.5499725341797,,,,,,,
,65149,,0.7262229919433594,,,,,,,,
,65199,,,413.2883548736572,,,,,,,
,65199,,8.867979049682617,,,,,,,,
,65249,,,414.3247604370117,,,,,,,
,65249,,0.7548332214355469,,,,,,,,
,65299,,,411.83948516845703,,,,,,,
,65299,,8.69607925415039,,,,,,,,
,65349,,,341.7685031890869,,,,,,,
,65349,,0.6237030029296875,,,,,,,,
,65399,,,412.22262382507324,,,,,,,
,65399,,8.561372756958008,,,,,,,,
,65449,,,415.69018363952637,,,,,,,
,65449,,0.7202625274658203,,,,,,,,
,65499,,,412.5807285308838,,,,,,,
,65499,,8.687019348144531,,,,,,,,
,65549,,,422.29366302490234,,,,,,,
,65549,,0.6654262542724609,,,,,,,,
,65599,,,412.89734840393066,,,,,,,
,65599,,8.542776107788086,,,,,,,,
,65649,,,421.0703372955322,,,,,,,
,65649,,0.713348388671875,,,,,,,,
,65699,,,411.88859939575195,,,,,,,
,65699,,8.504867553710938,,,,,,,,
,65749,,,412.5840663909912,,,,,,,
,65749,,0.6570816040039062,,,,,,,,
,65799,,,354.13289070129395,,,,,,,
,65799,,8.544683456420898,,,,,,,,
,65849,,,607.1376800537109,,,,,,,
,65849,,0.7851123809814453,,,,,,,,
,65899,,,341.7062759399414,,,,,,,
,65899,,8.253812789916992,,,,,,,,
,65949,,,354.0933132171631,,,,,,,
,65949,,0.6999969482421875,,,,,,,,
,65999,,,341.25328063964844,,,,,,,
,65999,,8.5906982421875,,,,,,,,
,66049,,,344.9110984802246,,,,,,,
,66049,,0.5900859832763672,,,,,,,,
,66099,,,359.50398445129395,,,,,,,
,66099,,8.783817291259766,,,,,,,,
,66149,,,410.6903076171875,,,,,,,
,66149,,0.6537437438964844,,,,,,,,
,66199,,,340.8527374267578,,,,,,,
,66199,,8.493661880493164,,,,,,,,
,66249,,,341.3710594177246,,,,,,,
,66249,,0.7381439208984375,,,,,,,,
,66299,,,342.2400951385498,,,,,,,
,66299,,8.175849914550781,,,,,,,,
,66349,,,344.50674057006836,,,,,,,
,66349,,0.762939453125,,,,,,,,
,66399,,,348.5841751098633,,,,,,,
,66399,,8.782386779785156,,,,,,,,
,66449,,,342.86975860595703,,,,,,,
,66449,,0.6461143493652344,,,,,,,,
,66499,,,340.1522636413574,,,,,,,
,66499,,8.473396301269531,,,,,,,,
,66549,,,351.5303134918213,,,,,,,
,66549,,0.7193088531494141,,,,,,,,
,66599,,,343.1415557861328,,,,,,,
,66599,,8.541345596313477,,,,,,,,
,66649,,,342.61512756347656,,,,,,,
,66649,,0.5867481231689453,,,,,,,,
,66699,,,337.85009384155273,,,,,,,
,66699,,7.974863052368164,,,,,,,,
,66749,,,339.0951156616211,,,,,,,
,66749,,0.6222724914550781,,,,,,,,
,66799,,,338.3345603942871,,,,,,,
,66799,,8.370161056518555,,,,,,,,
,66849,,,342.02075004577637,,,,,,,
,66849,,0.7259845733642578,,,,,,,,
,66899,,,350.236177444458,,,,,,,
,66899,,8.196115493774414,,,,,,,,
,66949,,,341.6862487792969,,,,,,,
,66949,,0.7617473602294922,,,,,,,,
,66999,,,362.93816566467285,,,,,,,
,66999,,9.542465209960938,,,,,,,,
,67049,,,342.2069549560547,,,,,,,
,67049,,0.6277561187744141,,,,,,,,
,67099,,,340.1153087615967,,,,,,,
,67099,,7.9555511474609375,,,,,,,,
,67149,,,344.6042537689209,,,,,,,
,67149,,0.6279945373535156,,,,,,,,
,67199,,,342.14305877685547,,,,,,,
,67199,,8.465766906738281,,,,,,,,
,67249,,,344.1288471221924,,,,,,,
,67249,,1.665353775024414,,,,,,,,
,67299,,,341.02940559387207,,,,,,,
,67299,,7.893562316894531,,,,,,,,
,67349,,,343.08505058288574,,,,,,,
,67349,,0.7104873657226562,,,,,,,,
,67399,,,342.64397621154785,,,,,,,
,67399,,8.67462158203125,,,,,,,,
,67449,,,595.8266258239746,,,,,,,
,67449,,0.6804466247558594,,,,,,,,
,67499,,,342.38672256469727,,,,,,,
,67499,,7.92241096496582,,,,,,,,
,67549,,,338.3059501647949,,,,,,,
,67549,,0.5922317504882812,,,,,,,,
,67599,,,338.19007873535156,,,,,,,
,67599,,8.38017463684082,,,,,,,,
,67649,,,338.6678695678711,,,,,,,
,67649,,0.5891323089599609,,,,,,,,
,67699,,,338.3522033691406,,,,,,,
,67699,,7.857799530029297,,,,,,,,
,67749,,,339.2622470855713,,,,,,,
,67749,,0.5905628204345703,,,,,,,,
,67799,,,348.4654426574707,,,,,,,
,67799,,15.006780624389648,,,,,,,,
,67849,,,338.284969329834,,,,,,,
,67849,,0.6279945373535156,,,,,,,,
,67899,,,342.5571918487549,,,,,,,
,67899,,7.899045944213867,,,,,,,,
,67949,,,341.1543369293213,,,,,,,
,67949,,0.6084442138671875,,,,,,,,
,67999,,,348.47021102905273,,,,,,,
,67999,,8.394479751586914,,,,,,,,
,68049,,,341.39347076416016,,,,,,,
,68049,,0.5810260772705078,,,,,,,,
,68099,,,411.95034980773926,,,,,,,
,68099,,7.979869842529297,,,,,,,,
,68149,,,412.63580322265625,,,,,,,
,68149,,0.64849853515625,,,,,,,,
,68199,,,338.3963108062744,,,,,,,
,68199,,8.392810821533203,,,,,,,,
,68249,,,337.63718605041504,,,,,,,
,68249,,0.5950927734375,,,,,,,,
,68299,,,345.6404209136963,,,,,,,
,68299,,8.005142211914062,,,,,,,,
,68349,,,343.3959484100342,,,,,,,
,68349,,0.6051063537597656,,,,,,,,
,68399,,,340.0764465332031,,,,,,,
,68399,,8.365392684936523,,,,,,,,
,68449,,,339.9033546447754,,,,,,,
,68449,,0.5733966827392578,,,,,,,,
,68499,,,340.1045799255371,,,,,,,
,68499,,7.829904556274414,,,,,,,,
,68549,,,339.1995429992676,,,,,,,
,68549,,0.5919933319091797,,,,,,,,
,68599,,,339.19692039489746,,,,,,,
,68599,,8.358478546142578,,,,,,,,
,68649,,,347.1214771270752,,,,,,,
,68649,,0.5695819854736328,,,,,,,,
,68699,,,339.4351005554199,,,,,,,
,68699,,7.865667343139648,,,,,,,,
,68749,,,338.41443061828613,,,,,,,
,68749,,0.6003379821777344,,,,,,,,
,68799,,,343.35923194885254,,,,,,,
,68799,,8.387565612792969,,,,,,,,
,68849,,,340.1598930358887,,,,,,,
,68849,,0.5762577056884766,,,,,,,,
,68899,,,350.83746910095215,,,,,,,
,68899,,7.855892181396484,,,,,,,,
,68949,,,340.17181396484375,,,,,,,
,68949,,0.5974769592285156,,,,,,,,
,68999,,,372.7731704711914,,,,,,,
,68999,,16.854047775268555,,,,,,,,
,69049,,,584.8376750946045,,,,,,,
,69049,,0.6854534149169922,,,,,,,,
,69099,,,344.05517578125,,,,,,,
,69099,,7.984399795532227,,,,,,,,
,69149,,,337.7113342285156,,,,,,,
,69149,,0.5824565887451172,,,,,,,,
,69199,,,337.80598640441895,,,,,,,
,69199,,8.337736129760742,,,,,,,,
,69249,,,342.47589111328125,,,,,,,
,69249,,0.5810260772705078,,,,,,,,
,69299,,,342.2660827636719,,,,,,,
,69299,,7.833719253540039,,,,,,,,
,69349,,,339.87998962402344,,,,,,,
,69349,,0.6310939788818359,,,,,,,,
,69399,,,340.4374122619629,,,,,,,
,69399,,8.310556411743164,,,,,,,,
,69449,,,339.91050720214844,,,,,,,
,69449,,0.5805492401123047,,,,,,,,
,69499,,,343.7504768371582,,,,,,,
,69499,,7.8868865966796875,,,,,,,,
,69549,,,339.5366668701172,,,,,,,
,69549,,0.6058216094970703,,,,,,,,
,69599,,,344.2046642303467,,,,,,,
,69599,,8.383989334106445,,,,,,,,
,69649,,,351.2992858886719,,,,,,,
,69649,,0.5958080291748047,,,,,,,,
,69699,,,345.13235092163086,,,,,,,
,69699,,7.929325103759766,,,,,,,,
,69749,,,339.221715927124,,,,,,,
,69749,,0.583648681640625,,,,,,,,
,69799,,,338.94872665405273,,,,,,,
,69799,,8.410215377807617,,,,,,,,
,69849,,,338.820219039917,,,,,,,
,69849,,0.5738735198974609,,,,,,,,
,69899,,,341.57323837280273,,,,,,,
,69899,,7.877349853515625,,,,,,,,
,69949,,,340.99435806274414,,,,,,,
,69949,,0.5846023559570312,,,,,,,,
,69999,,,338.87672424316406,,,,,,,
,69999,,8.323907852172852,,,,,,,,
13,69999,,,,,,,,3.664267063140869,1719.530029296875,-1719.530029296875
,70000,1796.5785620212555,,,,,,,,,
13,69999,,,,0.7000865936279297,15.0,1.14485502243042,-1724.615966796875,,,
,70049,,,351.1033058166504,,,,,,,
,70049,,0.5731582641601562,,,,,,,,
,70099,,,342.1149253845215,,,,,,,
,70099,,8.409500122070312,,,,,,,,
,70149,,,350.14843940734863,,,,,,,
,70149,,0.5819797515869141,,,,,,,,
,70199,,,344.1271781921387,,,,,,,
,70199,,7.847309112548828,,,,,,,,
,70249,,,344.54822540283203,,,,,,,
,70249,,0.5784034729003906,,,,,,,,
,70299,,,340.50893783569336,,,,,,,
,70299,,8.485555648803711,,,,,,,,
,70349,,,340.7249450683594,,,,,,,
,70349,,0.5710124969482422,,,,,,,,
,70399,,,340.82937240600586,,,,,,,
,70399,,7.834911346435547,,,,,,,,
,70449,,,340.2717113494873,,,,,,,
,70449,,0.5717277526855469,,,,,,,,
,70499,,,344.5742130279541,,,,,,,
,70499,,8.358955383300781,,,,,,,,
,70549,,,341.11618995666504,,,,,,,
,70549,,0.5888938903808594,,,,,,,,
,70599,,,341.6292667388916,,,,,,,
,70599,,7.890939712524414,,,,,,,,
,70649,,,341.0322666168213,,,,,,,
,70649,,0.5817413330078125,,,,,,,,
,70699,,,348.63758087158203,,,,,,,
,70699,,17.17209815979004,,,,,,,,
,70749,,,338.69385719299316,,,,,,,
,70749,,0.5903244018554688,,,,,,,,
,70799,,,339.0965461730957,,,,,,,
,70799,,16.795873641967773,,,,,,,,
,70849,,,339.3409252166748,,,,,,,
,70849,,0.576019287109375,,,,,,,,
,70899,,,337.68272399902344,,,,,,,
,70899,,8.188724517822266,,,,,,,,
,70949,,,338.6082649230957,,,,,,,
,70949,,0.5743503570556641,,,,,,,,
,70999,,,339.62082862854004,,,,,,,
,70999,,7.973432540893555,,,,,,,,
,71049,,,342.8936004638672,,,,,,,
,71049,,0.5807876586914062,,,,,,,,
,71099,,,342.55504608154297,,,,,,,
,71099,,8.399724960327148,,,,,,,,
,71149,,,338.2678031921387,,,,,,,
,71149,,0.5753040313720703,,,,,,,,
,71199,,,338.8071060180664,,,,,,,
,71199,,7.9326629638671875,,,,,,,,
,71249,,,337.1009826660156,,,,,,,
,71249,,0.5626678466796875,,,,,,,,
,71299,,,341.40658378601074,,,,,,,
,71299,,8.150100708007812,,,,,,,,
,71349,,,348.3719825744629,,,,,,,
,71349,,0.5800724029541016,,,,,,,,
,71399,,,342.41533279418945,,,,,,,
,71399,,8.016347885131836,,,,,,,,
,71449,,,587.9123210906982,,,,,,,
,71449,,0.6873607635498047,,,,,,,,
,71499,,,343.0471420288086,,,,,,,
,71499,,8.147239685058594,,,,,,,,
,71549,,,342.65637397766113,,,,,,,
,71549,,0.5896091461181641,,,,,,,,
,71599,,,342.90385246276855,,,,,,,
,71599,,8.160829544067383,,,,,,,,
,71649,,,343.9488410949707,,,,,,,
,71649,,0.5986690521240234,,,,,,,,
,71699,,,343.0929183959961,,,,,,,
,71699,,8.207321166992188,,,,,,,,
,71749,,,342.8196907043457,,,,,,,
,71749,,0.6031990051269531,,,,,,,,
,71799,,,425.3880977630615,,,,,,,
,71799,,8.1024169921875,,,,,,,,
,71849,,,338.3512496948242,,,,,,,
,71849,,0.5741119384765625,,,,,,,,
,71899,,,338.81664276123047,,,,,,,
,71899,,8.319854736328125,,,,,,,,
,71949,,,343.6400890350342,,,,,,,
,71949,,0.6089210510253906,,,,,,,,
,71999,,,341.63403511047363,,,,,,,
,71999,,8.014678955078125,,,,,,,,
,72049,,,353.2848358154297,,,,,,,
,72049,,0.5829334259033203,,,,,,,,
,72099,,,344.7766304016113,,,,,,,
,72099,,8.433103561401367,,,,,,,,
,72149,,,343.90854835510254,,,,,,,
,72149,,0.6079673767089844,,,,,,,,
,72199,,,352.7090549468994,,,,,,,
,72199,,8.017301559448242,,,,,,,,
,72249,,,344.73514556884766,,,,,,,
,72249,,0.5865097045898438,,,,,,,,
,72299,,,411.0710620880127,,,,,,,
,72299,,8.52203369140625,,,,,,,,
,72349,,,419.8417663574219,,,,,,,
,72349,,0.6499290466308594,,,,,,,,
,72399,,,410.9518527984619,,,,,,,
,72399,,8.45956802368164,,,,,,,,
,72449,,,411.2706184387207,,,,,,,
,72449,,0.6437301635742188,,,,,,,,
,72499,,,411.6816520690918,,,,,,,
,72499,,8.495330810546875,,,,,,,,
,72549,,,337.31842041015625,,,,,,,
,72549,,0.6175041198730469,,,,,,,,
,72599,,,337.0218276977539,,,,,,,
,72599,,8.411884307861328,,,,,,,,
,72649,,,337.82339096069336,,,,,,,
,72649,,0.5710124969482422,,,,,,,,
,72699,,,336.76695823669434,,,,,,,
,72699,,7.910013198852539,,,,,,,,
,72749,,,337.1446132659912,,,,,,,
,72749,,0.5886554718017578,,,,,,,,
,72799,,,337.38088607788086,,,,,,,
,72799,,8.314132690429688,,,,,,,,
,72849,,,339.7040367126465,,,,,,,
,72849,,0.5695819854736328,,,,,,,,
,72899,,,342.60034561157227,,,,,,,
,72899,,8.15272331237793,,,,,,,,
,72949,,,345.66545486450195,,,,,,,
,72949,,0.5946159362792969,,,,,,,,
,72999,,,338.26255798339844,,,,,,,
,72999,,7.927417755126953,,,,,,,,
,73049,,,578.1264305114746,,,,,,,
,73049,,0.6787776947021484,,,,,,,,
,73099,,,338.3059501647949,,,,,,,
,73099,,8.320808410644531,,,,,,,,
,73149,,,344.6676731109619,,,,,,,
,73149,,0.6093978881835938,,,,,,,,
,73199,,,338.15503120422363,,,,,,,
,73199,,7.904767990112305,,,,,,,,
,73249,,,338.03653717041016,,,,,,,
,73249,,0.5867481231689453,,,,,,,,
,73299,,,338.1497859954834,,,,,,,
,73299,,8.162975311279297,,,,,,,,
,73349,,,339.40863609313965,,,,,,,
,73349,,1.672506332397461,,,,,,,,
,73399,,,343.156099319458,,,,,,,
,73399,,8.06283950805664,,,,,,,,
,73449,,,338.12451362609863,,,,,,,
,73449,,0.5664825439453125,,,,,,,,
,73499,,,345.71170806884766,,,,,,,
,73499,,8.135318756103516,,,,,,,,
,73549,,,337.3713493347168,,,,,,,
,73549,,0.5869865417480469,,,,,,,,
,73599,,,337.5067710876465,,,,,,,
,73599,,8.148431777954102,,,,,,,,
,73649,,,337.207555770874,,,,,,,
,73649,,0.5669593811035156,,,,,,,,
,73699,,,341.1843776702881,,,,,,,
,73699,,8.522272109985352,,,,,,,,
,73749,,,338.62781524658203,,,,,,,
,73749,,0.5767345428466797,,,,,,,,
,73799,,,337.9476070404053,,,,,,,
,73799,,7.99250602722168,,,,,,,,
,73849,,,338.1314277648926,,,,,,,
,73849,,0.5643367767333984,,,,,,,,
,73899,,,340.9242630004883,,,,,,,
,73899,,8.49771499633789,,,,,,,,
,73949,,,341.91274642944336,,,,,,,
,73949,,0.6043910980224609,,,,,,,,
,73999,,,343.1825637817383,,,,,,,
,73999,,8.410453796386719,,,,,,,,
,74049,,,337.56566047668457,,,,,,,
,74049,,0.5695819854736328,,,,,,,,
,74099,,,336.72094345092773,,,,,,,
,74099,,8.337736129760742,,,,,,,,
,74149,,,336.80081367492676,,,,,,,
,74149,,0.5691051483154297,,,,,,,,
,74199,,,345.5967903137207,,,,,,,
,74199,,7.7800750732421875,,,,,,,,
,74249,,,338.8662338256836,,,,,,,
,74249,,0.60272216796875,,,,,,,,
,74299,,,338.24896812438965,,,,,,,
,74299,,8.04758071899414,,,,,,,,
,74349,,,341.97235107421875,,,,,,,
,74349,,0.5826950073242188,,,,,,,,
,74399,,,341.9785499572754,,,,,,,
,74399,,7.857799530029297,,,,,,,,
,74449,,,341.4733409881592,,,,,,,
,74449,,0.6144046783447266,,,,,,,,
,74499,,,337.07642555236816,,,,,,,
,74499,,8.31913948059082,,,,,,,,
,74549,,,337.11910247802734,,,,,,,
,74549,,0.5643367767333984,,,,,,,,
,74599,,,337.58068084716797,,,,,,,
,74599,,7.80797004699707,,,,,,,,
,74649,,,584.6588611602783,,,,,,,
,74649,,0.6887912750244141,,,,,,,,
,74699,,,342.9374694824219,,,,,,,
,74699,,8.469104766845703,,,,,,,,
,74749,,,338.93322944641113,,,,,,,
,74749,,0.5700588226318359,,,,,,,,
,74799,,,371.17719650268555,,,,,,,
,74799,,8.15439224243164,,,,,,,,
,74849,,,338.34052085876465,,,,,,,
,74849,,0.5705356597900391,,,,,,,,
,74899,,,344.21753883361816,,,,,,,
,74899,,8.247852325439453,,,,,,,,
,74949,,,346.5096950531006,,,,,,,
,74949,,0.5774497985839844,,,,,,,,
,74999,,,341.9663906097412,,,,,,,
,74999,,7.808446884155273,,,,,,,,
14,74999,,,,,,,,3.9366750717163086,1724.1600341796875,-1724.1600341796875
,75000,1757.2869668006897,,,,,,,,,
14,74999,,,,0.7008798122406006,15.0,1.1461451053619385,-1724.030029296875,,,
,75049,,,341.20845794677734,,,,,,,
,75049,,0.5612373352050781,,,,,,,,
,75099,,,340.4357433319092,,,,,,,
,75099,,7.896900177001953,,,,,,,,
,75149,,,337.65172958374023,,,,,,,
,75149,,0.5922317504882812,,,,,,,,
,75199,,,337.64028549194336,,,,,,,
,75199,,7.975101470947266,,,,,,,,
,75249,,,337.169885635376,,,,,,,
,75249,,0.5745887756347656,,,,,,,,
,75299,,,342.7767753601074,,,,,,,
,75299,,8.039236068725586,,,,,,,,
,75349,,,339.8435115814209,,,,,,,
,75349,,0.5736351013183594,,,,,,,,
,75399,,,340.49272537231445,,,,,,,
,75399,,8.203744888305664,,,,,,,,
,75449,,,340.0077819824219,,,,,,,
,75449,,0.5676746368408203,,,,,,,,
,75499,,,339.8394584655762,,,,,,,
,75499,,7.894277572631836,,,,,,,,
,75549,,,344.2680835723877,,,,,,,
,75549,,0.5729198455810547,,,,,,,,
,75599,,,342.9250717163086,,,,,,,
,75599,,8.220672607421875,,,,,,,,
,75649,,,337.09025382995605,,,,,,,
,75649,,0.5724430084228516,,,,,,,,
,75699,,,343.00971031188965,,,,,,,
,75699,,7.907629013061523,,,,,,,,
,75749,,,343.1527614593506,,,,,,,
,75749,,0.5855560302734375,,,,,,,,
,75799,,,341.019868850708,,,,,,,
,75799,,8.252859115600586,,,,,,,,
,75849,,,346.2212085723877,,,,,,,
,75849,,0.5922317504882812,,,,,,,,
,75899,,,342.75102615356445,,,,,,,
,75899,,7.960796356201172,,,,,,,,
,75949,,,340.4519557952881,,,,,,,
,75949,,0.5705356597900391,,,,,,,,
,75999,,,340.76547622680664,,,,,,,
,75999,,7.770061492919922,,,,,,,,
,76049,,,340.3596878051758,,,,,,,
,76049,,0.5993843078613281,,,,,,,,
,76099,,,336.93504333496094,,,,,,,
,76099,,8.111953735351562,,,,,,,,
,76149,,,337.1145725250244,,,,,,,
,76149,,0.5733966827392578,,,,,,,,
,76199,,,337.2640609741211,,,,,,,
,76199,,8.12387466430664,,,,,,,,
,76249,,,336.9181156158447,,,,,,,
,76249,,0.5726814270019531,,,,,,,,
,76299,,,336.8401527404785,,,,,,,
,76299,,7.752418518066406,,,,,,,,
,76349,,,341.19582176208496,,,,,,,
,76349,,0.5764961242675781,,,,,,,,
,76399,,,349.2281436920166,,,,,,,
,76399,,7.848501205444336,,,,,,,,
,76449,,,410.23802757263184,,,,,,,
,76449,,0.6499290466308594,,,,,,,,
,76499,,,409.8656177520752,,,,,,,
,76499,,8.492469787597656,,,,,,,,
,76549,,,412.0979309082031,,,,,,,
,76549,,0.7598400115966797,,,,,,,,
,76599,,,409.87420082092285,,,,,,,
,76599,,8.461475372314453,,,,,,,,
,76649,,,409.7483158111572,,,,,,,
,76649,,0.6487369537353516,,,,,,,,
,76699,,,412.07337379455566,,,,,,,
,76699,,8.5601806640625,,,,,,,,
,76749,,,410.74585914611816,,,,,,,
,76749,,0.6487369537353516,,,,,,,,
,76799,,,410.28380393981934,,,,,,,
,76799,,17.208099365234375,,,,,,,,
,76849,,,410.59207916259766,,,,,,,
,76849,,0.7300376892089844,,,,,,,,
,76899,,,411.7741584777832,,,,,,,
,76899,,8.50534439086914,,,,,,,,
,76949,,,410.4793071746826,,,,,,,
,76949,,0.6492137908935547,,,,,,,,
,76999,,,409.95264053344727,,,,,,,
,76999,,8.495807647705078,,,,,,,,
,77049,,,657.2062969207764,,,,,,,
,77049,,0.7283687591552734,,,,,,,,
,77099,,,409.9428653717041,,,,,,,
,77099,,17.249107360839844,,,,,,,,
,77149,,,410.3522300720215,,,,,,,
,77149,,1.9326210021972656,,,,,,,,
,77199,,,411.03529930114746,,,,,,,
,77199,,16.421794891357422,,,,,,,,
,77249,,,410.28833389282227,,,,,,,
,77249,,0.6518363952636719,,,,,,,,
,77299,,,410.1591110229492,,,,,,,
,77299,,8.514165878295898,,,,,,,,
,77349,,,413.144588470459,,,,,,,
,77349,,0.6589889526367188,,,,,,,,
,77399,,,410.5243682861328,,,,,,,
,77399,,8.272647857666016,,,,,,,,
,77449,,,410.59160232543945,,,,,,,
,77449,,0.6673336029052734,,,,,,,,
,77499,,,410.89558601379395,,,,,,,
,77499,,8.611202239990234,,,,,,,,
,77549,,,409.90519523620605,,,,,,,
,77549,,0.6465911865234375,,,,,,,,
,77599,,,409.9771976470947,,,,,,,
,77599,,8.30078125,,,,,,,,
,77649,,,410.04014015197754,,,,,,,
,77649,,0.6711483001708984,,,,,,,,
,77699,,,414.6420955657959,,,,,,,
,77699,,8.456945419311523,,,,,,,,
,77749,,,410.53223609924316,,,,,,,
,77749,,0.67138671875,,,,,,,,
,77799,,,342.70334243774414,,,,,,,
,77799,,8.434534072875977,,,,,,,,
,77849,,,345.1097011566162,,,,,,,
,77849,,0.6184577941894531,,,,,,,,
,77899,,,339.95652198791504,,,,,,,
,77899,,8.431196212768555,,,,,,,,
,77949,,,347.7468490600586,,,,,,,
,77949,,0.8189678192138672,,,,,,,,
,77999,,,342.7925109863281,,,,,,,
,77999,,8.275747299194336,,,,,,,,
,78049,,,416.9747829437256,,,,,,,
,78049,,0.6535053253173828,,,,,,,,
,78099,,,340.76929092407227,,,,,,,
,78099,,8.390426635742188,,,,,,,,
,78149,,,339.80321884155273,,,,,,,
,78149,,0.6008148193359375,,,,,,,,
,78199,,,408.954381942749,,,,,,,
,78199,,8.214950561523438,,,,,,,,
,78249,,,418.9913272857666,,,,,,,
,78249,,0.6480216979980469,,,,,,,,
,78299,,,409.14011001586914,,,,,,,
,78299,,8.554935455322266,,,,,,,,
,78349,,,409.82532501220703,,,,,,,
,78349,,0.6513595581054688,,,,,,,,
,78399,,,409.8963737487793,,,,,,,
,78399,,8.369207382202148,,,,,,,,
,78449,,,410.27283668518066,,,,,,,
,78449,,0.6489753723144531,,,,,,,,
,78499,,,411.15689277648926,,,,,,,
,78499,,8.443117141723633,,,,,,,,
,78549,,,410.33434867858887,,,,,,,
,78549,,0.6625652313232422,,,,,,,,
,78599,,,418.4854030609131,,,,,,,
,78599,,8.436441421508789,,,,,,,,
,78649,,,657.4511528015137,,,,,,,
,78649,,0.7290840148925781,,,,,,,,
,78699,,,410.1214408874512,,,,,,,
,78699,,8.287906646728516,,,,,,,,
,78749,,,411.3428592681885,,,,,,,
,78749,,0.6444454193115234,,,,,,,,
,78799,,,409.91830825805664,,,,,,,
,78799,,8.382320404052734,,,,,,,,
,78849,,,409.7890853881836,,,,,,,
,78849,,0.6420612335205078,,,,,,,,
,78899,,,418.73788833618164,,,,,,,
,78899,,8.47482681274414,,,,,,,,
,78949,,,409.21902656555176,,,,,,,
,78949,,0.6496906280517578,,,,,,,,
,78999,,,409.34205055236816,,,,,,,
,78999,,8.46719741821289,,,,,,,,
,79049,,,409.168004989624,,,,,,,
,79049,,0.6585121154785156,,,,,,,,
,79099,,,335.5257511138916,,,,,,,
,79099,,17.00568199157715,,,,,,,,
,79149,,,336.9410037994385,,,,,,,
,79149,,0.5877017974853516,,,,,,,,
,79199,,,341.2463665008545,,,,,,,
,79199,,8.369922637939453,,,,,,,,
,79249,,,341.2947654724121,,,,,,,
,79249,,0.6017684936523438,,,,,,,,
,79299,,,350.04687309265137,,,,,,,
,79299,,8.359670639038086,,,,,,,,
,79349,,,341.7689800262451,,,,,,,
,79349,,0.5805492401123047,,,,,,,,
,79399,,,341.1688804626465,,,,,,,
,79399,,8.25190544128418,,,,,,,,
,79449,,,339.62416648864746,,,,,,,
,79449,,0.5779266357421875,,,,,,,,
,79499,,,342.47803688049316,,,,,,,
,79499,,7.962703704833984,,,,,,,,
,79549,,,339.13350105285645,,,,,,,
,79549,,0.5693435668945312,,,,,,,,
,79599,,,343.28508377075195,,,,,,,
,79599,,7.910728454589844,,,,,,,,
,79649,,,342.4041271209717,,,,,,,
,79649,,0.598907470703125,,,,,,,,
,79699,,,340.4693603515625,,,,,,,
,79699,,16.916275024414062,,,,,,,,
,79749,,,340.3816223144531,,,,,,,
,79749,,0.5888938903808594,,,,,,,,
,79799,,,336.86375617980957,,,,,,,
,79799,,7.914543151855469,,,,,,,,
,79849,,,337.18132972717285,,,,,,,
,79849,,0.5712509155273438,,,,,,,,
,79899,,,337.56494522094727,,,,,,,
,79899,,7.747411727905273,,,,,,,,
,79949,,,340.02208709716797,,,,,,,
,79949,,0.5681514739990234,,,,,,,,
,79999,,,348.3397960662842,,,,,,,
,79999,,15.700101852416992,,,,,,,,
15,79999,,,,,,,,3.598653554916382,1718.4200439453125,-1718.4200439453125
,80000,1898.1424398422241,,,,,,,,,
15,79999,,,,0.6980394124984741,15.0,1.1436759233474731,-1724.3179931640625,,,
,80049,,,336.2734317779541,,,,,,,
,80049,,0.5652904510498047,,,,,,,,
,80099,,,410.0306034088135,,,,,,,
,80099,,8.28409194946289,,,,,,,,
,80149,,,409.73758697509766,,,,,,,
,80149,,0.6582736968994141,,,,,,,,
,80199,,,418.3535575866699,,,,,,,
,80199,,8.43667984008789,,,,,,,,
,80249,,,409.87682342529297,,,,,,,
,80249,,0.6155967712402344,,,,,,,,
,80299,,,409.9605083465576,,,,,,,
,80299,,8.460760116577148,,,,,,,,
,80349,,,409.4998836517334,,,,,,,
,80349,,0.6232261657714844,,,,,,,,
,80399,,,408.91337394714355,,,,,,,
,80399,,8.030891418457031,,,,,,,,
,80449,,,410.77589988708496,,,,,,,
,80449,,0.6642341613769531,,,,,,,,
,80499,,,345.2777862548828,,,,,,,
,80499,,15.583515167236328,,,,,,,,
,80549,,,337.80980110168457,,,,,,,
,80549,,0.5757808685302734,,,,,,,,
,80599,,,337.9957675933838,,,,,,,
,80599,,7.609128952026367,,,,,,,,
,80649,,,338.6557102203369,,,,,,,
,80649,,0.5655288696289062,,,,,,,,
,80699,,,339.4300937652588,,,,,,,
,80699,,7.903337478637695,,,,,,,,
,80749,,,340.6088352203369,,,,,,,
,80749,,1.7693042755126953,,,,,,,,
,80799,,,338.67406845092773,,,,,,,
,80799,,7.827281951904297,,,,,,,,
,80849,,,338.69051933288574,,,,,,,
,80849,,0.5972385406494141,,,,,,,,
,80899,,,341.27116203308105,,,,,,,
,80899,,8.188009262084961,,,,,,,,
,80949,,,342.0531749725342,,,,,,,
,80949,,1.9695758819580078,,,,,,,,
,80999,,,343.31417083740234,,,,,,,
,80999,,8.106470108032227,,,,,,,,
,81049,,,586.1423015594482,,,,,,,
,81049,,0.7026195526123047,,,,,,,,
,81099,,,341.14789962768555,,,,,,,
,81099,,7.938385009765625,,,,,,,,
,81149,,,341.1526679992676,,,,,,,
,81149,,0.5702972412109375,,,,,,,,
,81199,,,340.9616947174072,,,,,,,
,81199,,7.786273956298828,,,,,,,,
,81249,,,342.78059005737305,,,,,,,
,81249,,0.6144046783447266,,,,,,,,
,81299,,,339.5702838897705,,,,,,,
,81299,,15.868186950683594,,,,,,,,
,81349,,,336.43651008605957,,,,,,,
,81349,,0.5660057067871094,,,,,,,,
,81399,,,336.64584159851074,,,,,,,
,81399,,7.632970809936523,,,,,,,,
,81449,,,337.909460067749,,,,,,,
,81449,,0.6103515625,,,,,,,,
,81499,,,343.4622287750244,,,,,,,
,81499,,8.03828239440918,,,,,,,,
,81549,,,337.0356559753418,,,,,,,
,81549,,0.5667209625244141,,,,,,,,
,81599,,,337.296724319458,,,,,,,
,81599,,7.657766342163086,,,,,,,,
,81649,,,341.1409854888916,,,,,,,
,81649,,2.028942108154297,,,,,,,,
,81699,,,346.5268611907959,,,,,,,
,81699,,8.265972137451172,,,,,,,,
,81749,,,338.4394645690918,,,,,,,
,81749,,0.579833984375,,,,,,,,
,81799,,,338.09733390808105,,,,,,,
,81799,,7.779598236083984,,,,,,,,
,81849,,,340.35611152648926,,,,,,,
,81849,,0.6189346313476562,,,,,,,,
,81899,,,336.0714912414551,,,,,,,
,81899,,7.876873016357422,,,,,,,,
,81949,,,336.2302780151367,,,,,,,
,81949,,0.5652904510498047,,,,,,,,
,81999,,,335.7656002044678,,,,,,,
,81999,,7.6274871826171875,,,,,,,,
,82049,,,335.88576316833496,,,,,,,
,82049,,0.583648681640625,,,,,,,,
,82099,,,344.3007469177246,,,,,,,
,82099,,8.341550827026367,,,,,,,,
,82149,,,335.86812019348145,,,,,,,
,82149,,0.5805492401123047,,,,,,,,
,82199,,,335.70194244384766,,,,,,,
,82199,,7.7991485595703125,,,,,,,,
,82249,,,335.5526924133301,,,,,,,
,82249,,0.5636215209960938,,,,,,,,
,82299,,,335.5216979980469,,,,,,,
,82299,,8.380889892578125,,,,,,,,
,82349,,,335.7565402984619,,,,,,,
,82349,,0.5688667297363281,,,,,,,,
,82399,,,425.69541931152344,,,,,,,
,82399,,7.993221282958984,,,,,,,,
,82449,,,409.5883369445801,,,,,,,
,82449,,0.6420612335205078,,,,,,,,
,82499,,,343.1060314178467,,,,,,,
,82499,,8.363962173461914,,,,,,,,
,82549,,,342.8678512573242,,,,,,,
,82549,,0.5939006805419922,,,,,,,,
,82599,,,338.48071098327637,,,,,,,
,82599,,7.648468017578125,,,,,,,,
,82649,,,580.6756019592285,,,,,,,
,82649,,0.6816387176513672,,,,,,,,
,82699,,,337.63647079467773,,,,,,,
,82699,,8.00776481628418,,,,,,,,
,82749,,,337.60619163513184,,,,,,,
,82749,,0.5781650543212891,,,,,,,,
,82799,,,337.388277053833,,,,,,,
,82799,,7.602214813232422,,,,,,,,
,82849,,,345.5767631530762,,,,,,,
,82849,,0.5948543548583984,,,,,,,,
,82899,,,338.96827697753906,,,,,,,
,82899,,8.351802825927734,,,,,,,,
,82949,,,339.92910385131836,,,,,,,
,82949,,0.5781650543212891,,,,,,,,
,82999,,,340.282678604126,,,,,,,
,82999,,7.685422897338867,,,,,,,,
,83049,,,340.69371223449707,,,,,,,
,83049,,0.5929470062255859,,,,,,,,
,83099,,,339.56050872802734,,,,,,,
,83099,,7.872581481933594,,,,,,,,
,83149,,,338.55581283569336,,,,,,,
,83149,,0.5707740783691406,,,,,,,,
,83199,,,338.95397186279297,,,,,,,
,83199,,7.793188095092773,,,,,,,,
,83249,,,338.7110233306885,,,,,,,
,83249,,0.5955696105957031,,,,,,,,
,83299,,,339.04099464416504,,,,,,,
,83299,,8.281946182250977,,,,,,,,
,83349,,,338.580846786499,,,,,,,
,83349,,0.5695819854736328,,,,,,,,
,83399,,,339.0839099884033,,,,,,,
,83399,,7.821559906005859,,,,,,,,
,83449,,,346.9085693359375,,,,,,,
,83449,,0.5755424499511719,,,,,,,,
,83499,,,336.5185260772705,,,,,,,
,83499,,8.191347122192383,,,,,,,,
,83549,,,335.7877731323242,,,,,,,
,83549,,0.5600452423095703,,,,,,,,
,83599,,,338.3147716522217,,,,,,,
,83599,,7.900714874267578,,,,,,,,
,83649,,,342.43130683898926,,,,,,,
,83649,,0.5707740783691406,,,,,,,,
,83699,,,342.11087226867676,,,,,,,
,83699,,8.14962387084961,,,,,,,,
,83749,,,342.3175811767578,,,,,,,
,83749,,0.5819797515869141,,,,,,,,
,83799,,,342.68879890441895,,,,,,,
,83799,,8.104324340820312,,,,,,,,
,83849,,,342.1058654785156,,,,,,,
,83849,,0.5826950073242188,,,,,,,,
,83899,,,340.46196937561035,,,,,,,
,83899,,8.409500122070312,,,,,,,,
,83949,,,410.49957275390625,,,,,,,
,83949,,0.6222724914550781,,,,,,,,
,83999,,,337.2678756713867,,,,,,,
,83999,,7.798194885253906,,,,,,,,
,84049,,,341.98856353759766,,,,,,,
,84049,,0.5738735198974609,,,,,,,,
,84099,,,342.45800971984863,,,,,,,
,84099,,14.806032180786133,,,,,,,,
,84149,,,347.14794158935547,,,,,,,
,84149,,0.5786418914794922,,,,,,,,
,84199,,,337.2325897216797,,,,,,,
,84199,,7.705926895141602,,,,,,,,
,84249,,,580.1150798797607,,,,,,,
,84249,,0.6973743438720703,,,,,,,,
,84299,,,337.2039794921875,,,,,,,
,84299,,8.320093154907227,,,,,,,,
,84349,,,337.5513553619385,,,,,,,
,84349,,0.5643367767333984,,,,,,,,
,84399,,,336.9946479797363,,,,,,,
,84399,,7.8277587890625,,,,,,,,
,84449,,,336.63320541381836,,,,,,,
,84449,,0.5815029144287109,,,,,,,,
,84499,,,336.6045951843262,,,,,,,
,84499,,8.303165435791016,,,,,,,,
,84549,,,345.74055671691895,,,,,,,
,84549,,0.5726814270019531,,,,,,,,
,84599,,,337.0819091796875,,,,,,,
,84599,,7.836103439331055,,,,,,,,
,84649,,,337.0192050933838,,,,,,,
,84649,,0.5619525909423828,,,,,,,,
,84699,,,372.866153717041,,,,,,,
,84699,,8.318185806274414,,,,,,,,
,84749,,,348.9987850189209,,,,,,,
,84749,,1.6629695892333984,,,,,,,,
,84799,,,339.14685249328613,,,,,,,
,84799,,8.446216583251953,,,,,,,,
,84849,,,340.39855003356934,,,,,,,
,84849,,0.5745887756347656,,,,,,,,
,84899,,,343.8088893890381,,,,,,,
,84899,,7.949113845825195,,,,,,,,
,84949,,,410.51578521728516,,,,,,,
,84949,,0.6299018859863281,,,,,,,,
,84999,,,410.813570022583,,,,,,,
,84999,,7.786035537719727,,,,,,,,
16,84999,,,,,,,,3.6719603538513184,1719.5799560546875,-1719.5799560546875
,85000,1776.7882549762726,,,,,,,,,
16,84999,,,,0.7000450491905212,15.0,1.143486738204956,-1724.233154296875,,,
,85049,,,342.1206474304199,,,,,,,
,85049,,0.5724430084228516,,,,,,,,
,85099,,,341.5415287017822,,,,,,,
,85099,,7.726430892944336,,,,,,,,
,85149,,,341.55941009521484,,,,,,,
,85149,,0.5772113800048828,,,,,,,,
,85199,,,347.4388122558594,,,,,,,
,85199,,8.048772811889648,,,,,,,,
,85249,,,338.90247344970703,,,,,,,
,85249,,0.5712509155273438,,,,,,,,
,85299,,,338.5927677154541,,,,,,,
,85299,,7.870674133300781,,,,,,,,
,85349,,,338.0765914916992,,,,,,,
,85349,,0.5738735198974609,,,,,,,,
,85399,,,340.4407501220703,,,,,,,
,85399,,8.102178573608398,,,,,,,,
,85449,,,341.9337272644043,,,,,,,
,85449,,0.6067752838134766,,,,,,,,
,85499,,,337.07618713378906,,,,,,,
,85499,,8.00943374633789,,,,,,,,
,85549,,,337.05902099609375,,,,,,,
,85549,,0.5626678466796875,,,,,,,,
,85599,,,337.09263801574707,,,,,,,
,85599,,7.952213287353516,,,,,,,,
,85649,,,337.21303939819336,,,,,,,
,85649,,0.5762577056884766,,,,,,,,
,85699,,,337.10551261901855,,,,,,,
,85699,,8.058786392211914,,,,,,,,
,85749,,,339.37692642211914,,,,,,,
,85749,,0.5767345428466797,,,,,,,,
,85799,,,347.1541404724121,,,,,,,
,85799,,8.050680160522461,,,,,,,,
,85849,,,339.26892280578613,,,,,,,
,85849,,0.5800724029541016,,,,,,,,
,85899,,,339.16163444519043,,,,,,,
,85899,,7.754325866699219,,,,,,,,
,85949,,,339.9670124053955,,,,,,,
,85949,,0.5676746368408203,,,,,,,,
,85999,,,339.53046798706055,,,,,,,
,85999,,7.6580047607421875,,,,,,,,
,86049,,,339.41006660461426,,,,,,,
,86049,,0.6008148193359375,,,,,,,,
,86099,,,339.7178649902344,,,,,,,
,86099,,8.249759674072266,,,,,,,,
,86149,,,344.2685604095459,,,,,,,
,86149,,0.5674362182617188,,,,,,,,
,86199,,,337.2335433959961,,,,,,,
,86199,,7.855892181396484,,,,,,,,
,86249,,,337.80717849731445,,,,,,,
,86249,,0.6041526794433594,,,,,,,,
,86299,,,351.96566581726074,,,,,,,
,86299,,16.78776741027832,,,,,,,,
,86349,,,343.83273124694824,,,,,,,
,86349,,0.5791187286376953,,,,,,,,
,86399,,,339.57362174987793,,,,,,,
,86399,,7.775545120239258,,,,,,,,
,86449,,,337.0378017425537,,,,,,,
,86449,,0.6220340728759766,,,,,,,,
,86499,,,338.1614685058594,,,,,,,
,86499,,8.088827133178711,,,,,,,,
,86549,,,338.9863967895508,,,,,,,
,86549,,0.5950927734375,,,,,,,,
,86599,,,339.08772468566895,,,,,,,
,86599,,7.692575454711914,,,,,,,,
,86649,,,594.4137573242188,,,,,,,
,86649,,0.6840229034423828,,,,,,,,
,86699,,,339.1451835632324,,,,,,,
,86699,,7.915258407592773,,,,,,,,
,86749,,,338.85645866394043,,,,,,,
,86749,,0.5686283111572266,,,,,,,,
,86799,,,338.61708641052246,,,,,,,
,86799,,7.770538330078125,,,,,,,,
,86849,,,339.4176959991455,,,,,,,
,86849,,0.591278076171875,,,,,,,,
,86899,,,340.49487113952637,,,,,,,
,86899,,8.341789245605469,,,,,,,,
,86949,,,339.9691581726074,,,,,,,
,86949,,0.5776882171630859,,,,,,,,
,86999,,,341.20798110961914,,,,,,,
,86999,,7.878541946411133,,,,,,,,
,87049,,,341.3398265838623,,,,,,,
,87049,,0.5941390991210938,,,,,,,,
,87099,,,337.16511726379395,,,,,,,
,87099,,8.031845092773438,,,,,,,,
,87149,,,336.46249771118164,,,,,,,
,87149,,0.5748271942138672,,,,,,,,
,87199,,,347.1107482910156,,,,,,,
,87199,,7.7266693115234375,,,,,,,,
,87249,,,338.6037349700928,,,,,,,
,87249,,0.5893707275390625,,,,,,,,
,87299,,,338.98019790649414,,,,,,,
,87299,,8.058309555053711,,,,,,,,
,87349,,,411.96131706237793,,,,,,,
,87349,,0.6191730499267578,,,,,,,,
,87399,,,409.3048572540283,,,,,,,
,87399,,7.833957672119141,,,,,,,,
,87449,,,336.53712272644043,,,,,,,
,87449,,0.5936622619628906,,,,,,,,
,87499,,,335.91628074645996,,,,,,,
,87499,,7.880449295043945,,,,,,,,
,87549,,,335.96324920654297,,,,,,,
,87549,,0.5667209625244141,,,,,,,,
,87599,,,340.9605026245117,,,,,,,
,87599,,7.596492767333984,,,,,,,,
,87649,,,341.1693572998047,,,,,,,
,87649,,0.6041526794433594,,,,,,,,
,87699,,,338.92297744750977,,,,,,,
,87699,,9.943008422851562,,,,,,,,
,87749,,,336.0552787780762,,,,,,,
,87749,,0.5838871002197266,,,,,,,,
,87799,,,335.6938362121582,,,,,,,
,87799,,7.830381393432617,,,,,,,,
,87849,,,409.6500873565674,,,,,,,
,87849,,0.6415843963623047,,,,,,,,
,87899,,,410.0682735443115,,,,,,,
,87899,,7.969141006469727,,,,,,,,
,87949,,,409.72352027893066,,,,,,,
,87949,,0.6129741668701172,,,,,,,,
,87999,,,409.9268913269043,,,,,,,
,87999,,8.244991302490234,,,,,,,,
,88049,,,409.79671478271484,,,,,,,
,88049,,0.6318092346191406,,,,,,,,
,88099,,,418.4870719909668,,,,,,,
,88099,,8.016824722290039,,,,,,,,
,88149,,,410.10403633117676,,,,,,,
,88149,,0.6477832794189453,,,,,,,,
,88199,,,409.67464447021484,,,,,,,
,88199,,8.367776870727539,,,,,,,,
,88249,,,584.6877098083496,,,,,,,
,88249,,1.7914772033691406,,,,,,,,
,88299,,,337.91303634643555,,,,,,,
,88299,,7.935047149658203,,,,,,,,
,88349,,,337.11934089660645,,,,,,,
,88349,,0.5867481231689453,,,,,,,,
,88399,,,379.2290687561035,,,,,,,
,88399,,8.303642272949219,,,,,,,,
,88449,,,337.8894329071045,,,,,,,
,88449,,0.8606910705566406,,,,,,,,
,88499,,,338.34218978881836,,,,,,,
,88499,,7.7800750732421875,,,,,,,,
,88549,,,339.022159576416,,,,,,,
,88549,,0.6101131439208984,,,,,,,,
,88599,,,346.346378326416,,,,,,,
,88599,,8.326530456542969,,,,,,,,
,88649,,,336.44628524780273,,,,,,,
,88649,,0.5695819854736328,,,,,,,,
,88699,,,340.6248092651367,,,,,,,
,88699,,7.889032363891602,,,,,,,,
,88749,,,340.1784896850586,,,,,,,
,88749,,0.5872249603271484,,,,,,,,
,88799,,,344.79331970214844,,,,,,,
,88799,,8.351325988769531,,,,,,,,
,88849,,,339.6327495574951,,,,,,,
,88849,,0.5764961242675781,,,,,,,,
,88899,,,340.1532173156738,,,,,,,
,88899,,8.12387466430664,,,,,,,,
,88949,,,348.8912582397461,,,,,,,
,88949,,0.60272216796875,,,,,,,,
,88999,,,343.0330753326416,,,,,,,
,88999,,8.148431777954102,,,,,,,,
,89049,,,343.1835174560547,,,,,,,
,89049,,0.5869865417480469,,,,,,,,
,89099,,,343.75476837158203,,,,,,,
,89099,,7.717132568359375,,,,,,,,
,89149,,,379.6534538269043,,,,,,,
,89149,,0.6163120269775391,,,,,,,,
,89199,,,342.76485443115234,,,,,,,
,89199,,8.199930191040039,,,,,,,,
,89249,,,342.36860275268555,,,,,,,
,89249,,0.5817413330078125,,,,,,,,
,89299,,,342.71717071533203,,,,,,,
,89299,,7.842779159545898,,,,,,,,
,89349,,,340.32297134399414,,,,,,,
,89349,,0.5943775177001953,,,,,,,,
,89399,,,336.6105556488037,,,,,,,
,89399,,8.24880599975586,,,,,,,,
,89449,,,344.09165382385254,,,,,,,
,89449,,0.5693435668945312,,,,,,,,
,89499,,,336.1194133758545,,,,,,,
,89499,,7.661342620849609,,,,,,,,
,89549,,,335.50500869750977,,,,,,,
,89549,,0.5745887756347656,,,,,,,,
,89599,,,337.9838466644287,,,,,,,
,89599,,8.092880249023438,,,,,,,,
,89649,,,409.44504737854004,,,,,,,
,89649,,0.6558895111083984,,,,,,,,
,89699,,,409.6958637237549,,,,,,,
,89699,,8.347034454345703,,,,,,,,
,89749,,,410.7987880706787,,,,,,,
,89749,,0.6453990936279297,,,,,,,,
,89799,,,410.3734493255615,,,,,,,
,89799,,8.483171463012695,,,,,,,,
,89849,,,658.1580638885498,,,,,,,
,89849,,0.7340908050537109,,,,,,,,
,89899,,,410.3255271911621,,,,,,,
,89899,,8.339405059814453,,,,,,,,
,89949,,,409.5885753631592,,,,,,,
,89949,,0.6651878356933594,,,,,,,,
,89999,,,409.29365158081055,,,,,,,
,89999,,8.42428207397461,,,,,,,,
17,89999,,,,,,,,3.3723113536834717,1714.7099609375,-1714.7099609375
,90000,1798.9334695339203,,,,,,,,,
17,89999,,,,0.6966222524642944,15.0,1.1401629447937012,-1722.9444580078125,,,
,90049,,,409.8827838897705,,,,,,,
,90049,,0.6546974182128906,,,,,,,,
,90099,,,417.8779125213623,,,,,,,
,90099,,8.526325225830078,,,,,,,,
,90149,,,414.1860008239746,,,,,,,
,90149,,0.8447170257568359,,,,,,,,
,90199,,,409.12938117980957,,,,,,,
,90199,,8.499622344970703,,,,,,,,
,90249,,,410.3431701660156,,,,,,,
,90249,,0.7021427154541016,,,,,,,,
,90299,,,409.210205078125,,,,,,,
,90299,,8.554220199584961,,,,,,,,
,90349,,,409.85798835754395,,,,,,,
,90349,,0.6580352783203125,,,,,,,,
,90399,,,418.26581954956055,,,,,,,
,90399,,17.066001892089844,,,,,,,,
,90449,,,409.8162651062012,,,,,,,
,90449,,0.6725788116455078,,,,,,,,
,90499,,,409.51037406921387,,,,,,,
,90499,,8.490800857543945,,,,,,,,
,90549,,,412.08410263061523,,,,,,,
,90549,,0.7104873657226562,,,,,,,,
,90599,,,410.5405807495117,,,,,,,
,90599,,8.47935676574707,,,,,,,,
,90649,,,410.4161262512207,,,,,,,
,90649,,0.6496906280517578,,,,,,,,
,90699,,,424.53765869140625,,,,,,,
,90699,,9.047269821166992,,,,,,,,
,90749,,,409.55471992492676,,,,,,,
,90749,,0.6473064422607422,,,,,,,,
,90799,,,412.92858123779297,,,,,,,
,90799,,8.414506912231445,,,,,,,,
,90849,,,409.1980457305908,,,,,,,
,90849,,0.6680488586425781,,,,,,,,
,90899,,,413.3915901184082,,,,,,,
,90899,,8.569478988647461,,,,,,,,
,90949,,,409.4667434692383,,,,,,,
,90949,,0.6585121154785156,,,,,,,,
,90999,,,418.28322410583496,,,,,,,
,90999,,8.458852767944336,,,,,,,,
,91049,,,411.55123710632324,,,,,,,
,91049,,0.6601810455322266,,,,,,,,
,91099,,,449.2213726043701,,,,,,,
,91099,,12.39156723022461,,,,,,,,
,91149,,,417.57798194885254,,,,,,,
,91149,,0.6532669067382812,,,,,,,,
,91199,,,409.7878932952881,,,,,,,
,91199,,8.475780487060547,,,,,,,,
,91249,,,341.4294719696045,,,,,,,
,91249,,0.6048679351806641,,,,,,,,
,91299,,,340.6331539154053,,,,,,,
,91299,,8.25190544128418,,,,,,,,
,91349,,,336.5170955657959,,,,,,,
,91349,,0.5943775177001953,,,,,,,,
,91399,,,410.0468158721924,,,,,,,
,91399,,8.309364318847656,,,,,,,,
,91449,,,410.114049911499,,,,,,,
,91449,,0.6492137908935547,,,,,,,,
,91499,,,417.9949760437012,,,,,,,
,91499,,8.342742919921875,,,,,,,,
,91549,,,412.08338737487793,,,,,,,
,91549,,0.6744861602783203,,,,,,,,
,91599,,,410.26902198791504,,,,,,,
,91599,,8.444070816040039,,,,,,,,
,91649,,,410.33196449279785,,,,,,,
,91649,,0.6434917449951172,,,,,,,,
,91699,,,409.4405174255371,,,,,,,
,91699,,8.510589599609375,,,,,,,,
,91749,,,410.1366996765137,,,,,,,
,91749,,0.6470680236816406,,,,,,,,
,91799,,,409.2698097229004,,,,,,,
,91799,,8.602619171142578,,,,,,,,
,91849,,,410.78662872314453,,,,,,,
,91849,,0.6320476531982422,,,,,,,,
,91899,,,409.9397659301758,,,,,,,
,91899,,7.968664169311523,,,,,,,,
,91949,,,409.7447395324707,,,,,,,
,91949,,0.6353855133056641,,,,,,,,
,91999,,,410.3536605834961,,,,,,,
,91999,,8.238077163696289,,,,,,,,
,92049,,,409.8644256591797,,,,,,,
,92049,,0.6451606750488281,,,,,,,,
,92099,,,409.3472957611084,,,,,,,
,92099,,8.519172668457031,,,,,,,,
,92149,,,418.3778762817383,,,,,,,
,92149,,0.6468296051025391,,,,,,,,
,92199,,,409.7480773925781,,,,,,,
,92199,,8.437395095825195,,,,,,,,
,92249,,,658.3313941955566,,,,,,,
,92249,,0.7390975952148438,,,,,,,,
,92299,,,417.32239723205566,,,,,,,
,92299,,8.767366409301758,,,,,,,,
,92349,,,410.23755073547363,,,,,,,
,92349,,0.6628036499023438,,,,,,,,
,92399,,,409.87634658813477,,,,,,,
,92399,,8.477926254272461,,,,,,,,
,92449,,,420.9258556365967,,,,,,,
,92449,,0.6463527679443359,,,,,,,,
,92499,,,414.12806510925293,,,,,,,
,92499,,8.73875617980957,,,,,,,,
,92549,,,409.3644618988037,,,,,,,
,92549,,0.6644725799560547,,,,,,,,
,92599,,,409.8320007324219,,,,,,,
,92599,,8.474588394165039,,,,,,,,
,92649,,,418.84779930114746,,,,,,,
,92649,,0.6468296051025391,,,,,,,,
,92699,,,414.2632484436035,,,,,,,
,92699,,8.745431900024414,,,,,,,,
,92749,,,418.703556060791,,,,,,,
,92749,,0.6542205810546875,,,,,,,,
,92799,,,410.54606437683105,,,,,,,
,92799,,8.29458236694336,,,,,,,,
,92849,,,409.69228744506836,,,,,,,
,92849,,0.6463527679443359,,,,,,,,
,92899,,,409.60144996643066,,,,,,,
,92899,,8.501529693603516,,,,,,,,
,92949,,,409.00158882141113,,,,,,,
,92949,,0.6527900695800781,,,,,,,,
,92999,,,411.0095500946045,,,,,,,
,92999,,8.384227752685547,,,,,,,,
,93049,,,411.19909286499023,,,,,,,
,93049,,1.3375282287597656,,,,,,,,
,93099,,,412.80364990234375,,,,,,,
,93099,,8.40449333190918,,,,,,,,
,93149,,,412.66441345214844,,,,,,,
,93149,,0.7107257843017578,,,,,,,,
,93199,,,344.310998916626,,,,,,,
,93199,,8.235931396484375,,,,,,,,
,93249,,,338.6380672454834,,,,,,,
,93249,,0.5962848663330078,,,,,,,,
,93299,,,337.86535263061523,,,,,,,
,93299,,8.200883865356445,,,,,,,,
,93349,,,341.7191505432129,,,,,,,
,93349,,0.6012916564941406,,,,,,,,
,93399,,,342.29183197021484,,,,,,,
,93399,,14.867782592773438,,,,,,,,
,93449,,,409.7468852996826,,,,,,,
,93449,,0.6458759307861328,,,,,,,,
,93499,,,412.747859954834,,,,,,,
,93499,,8.471250534057617,,,,,,,,
,93549,,,410.5556011199951,,,,,,,
,93549,,0.6496906280517578,,,,,,,,
,93599,,,410.88032722473145,,,,,,,
,93599,,17.251014709472656,,,,,,,,
,93649,,,410.21728515625,,,,,,,
,93649,,1.9555091857910156,,,,,,,,
,93699,,,410.0909233093262,,,,,,,
,93699,,8.498668670654297,,,,,,,,
,93749,,,412.75835037231445,,,,,,,
,93749,,0.682830810546875,,,,,,,,
,93799,,,413.7442111968994,,,,,,,
,93799,,8.30531120300293,,,,,,,,
,93849,,,676.3560771942139,,,,,,,
,93849,,0.8063316345214844,,,,,,,,
,93899,,,409.49392318725586,,,,,,,
,93899,,8.364200592041016,,,,,,,,
,93949,,,410.264253616333,,,,,,,
,93949,,0.6461143493652344,,,,,,,,
,93999,,,412.294864654541,,,,,,,
,93999,,8.519649505615234,,,,,,,,
,94049,,,412.3227596282959,,,,,,,
,94049,,0.6618499755859375,,,,,,,,
,94099,,,417.0384407043457,,,,,,,
,94099,,8.50224494934082,,,,,,,,
,94149,,,410.25376319885254,,,,,,,
,94149,,0.6487369537353516,,,,,,,,
,94199,,,409.33823585510254,,,,,,,
,94199,,8.514881134033203,,,,,,,,
,94249,,,410.1102352142334,,,,,,,
,94249,,0.6518363952636719,,,,,,,,
,94299,,,409.70516204833984,,,,,,,
,94299,,8.588552474975586,,,,,,,,
,94349,,,413.1205081939697,,,,,,,
,94349,,0.7174015045166016,,,,,,,,
,94399,,,410.9148979187012,,,,,,,
,94399,,8.314132690429688,,,,,,,,
,94449,,,409.1682434082031,,,,,,,
,94449,,0.6561279296875,,,,,,,,
,94499,,,410.3279113769531,,,,,,,
,94499,,8.517742156982422,,,,,,,,
,94549,,,412.0166301727295,,,,,,,
,94549,,0.6451606750488281,,,,,,,,
,94599,,,412.22143173217773,,,,,,,
,94599,,8.553028106689453,,,,,,,,
,94649,,,409.4717502593994,,,,,,,
,94649,,0.6470680236816406,,,,,,,,
,94699,,,430.5441379547119,,,,,,,
,94699,,8.800506591796875,,,,,,,,
,94749,,,409.74926948547363,,,,,,,
,94749,,0.6678104400634766,,,,,,,,
,94799,,,410.68434715270996,,,,,,,
,94799,,8.461952209472656,,,,,,,,
,94849,,,410.36248207092285,,,,,,,
,94849,,0.6482601165771484,,,,,,,,
,94899,,,409.2996120452881,,,,,,,
,94899,,8.517026901245117,,,,,,,,
,94949,,,409.12318229675293,,,,,,,
,94949,,0.6780624389648438,,,,,,,,
,94999,,,412.6777648925781,,,,,,,
,94999,,8.382081985473633,,,,,,,,
18,94999,,,,,,,,3.697709321975708,1720.0400390625,-1720.0400390625
,95000,2062.2225680351257,,,,,,,,,
18,94999,,,,0.6952767372131348,15.0,1.1395455598831177,-1723.12060546875,,,
,95049,,,409.9700450897217,,,,,,,
,95049,,0.6189346313476562,,,,,,,,
,95099,,,410.15172004699707,,,,,,,
,95099,,8.515357971191406,,,,,,,,
,95149,,,409.848690032959,,,,,,,
,95149,,0.6427764892578125,,,,,,,,
,95199,,,410.26949882507324,,,,,,,
,95199,,8.270740509033203,,,,,,,,
,95249,,,410.42208671569824,,,,,,,
,95249,,0.6480216979980469,,,,,,,,
,95299,,,410.95924377441406,,,,,,,
,95299,,8.371829986572266,,,,,,,,
,95349,,,413.7992858886719,,,,,,,
,95349,,0.8213520050048828,,,,,,,,
,95399,,,409.7280502319336,,,,,,,
,95399,,8.556842803955078,,,,,,,,
,95449,,,409.81054306030273,,,,,,,
,95449,,0.6494522094726562,,,,,,,,
,95499,,,409.5757007598877,,,,,,,
,95499,,8.556604385375977,,,,,,,,
,95549,,,412.4600887298584,,,,,,,
,95549,,2.2306442260742188,,,,,,,,
,95599,,,410.77184677124023,,,,,,,
,95599,,8.584260940551758,,,,,,,,
,95649,,,410.98952293395996,,,,,,,
,95649,,0.7843971252441406,,,,,,,,
,95699,,,409.8014831542969,,,,,,,
,95699,,8.513450622558594,,,,,,,,
,95749,,,409.2991352081299,,,,,,,
,95749,,0.9188652038574219,,,,,,,,
,95799,,,409.7890853881836,,,,,,,
,95799,,8.321523666381836,,,,,,,,
,95849,,,414.29591178894043,,,,,,,
,95849,,0.6525516510009766,,,,,,,,
,95899,,,410.327672958374,,,,,,,
,95899,,8.358240127563477,,,,,,,,
,95949,,,413.4783744812012,,,,,,,
,95949,,0.6852149963378906,,,,,,,,
,95999,,,410.5806350708008,,,,,,,
,95999,,8.374691009521484,,,,,,,,
,96049,,,410.1824760437012,,,,,,,
,96049,,0.6723403930664062,,,,,,,,
,96099,,,410.1545810699463,,,,,,,
,96099,,8.532047271728516,,,,,,,,
,96149,,,410.8123779296875,,,,,,,
,96149,,0.6477832794189453,,,,,,,,
,96199,,,418.37167739868164,,,,,,,
,96199,,8.505821228027344,,,,,,,,
,96249,,,658.4587097167969,,,,,,,
,96249,,0.7345676422119141,,,,,,,,
,96299,,,409.900426864624,,,,,,,
,96299,,8.543252944946289,,,,,,,,
,96349,,,409.42883491516113,,,,,,,
,96349,,0.6530284881591797,,,,,,,,
,96399,,,410.0639820098877,,,,,,,
,96399,,8.486747741699219,,,,,,,,
,96449,,,409.75451469421387,,,,,,,
,96449,,0.6451606750488281,,,,,,,,
,96499,,,418.17641258239746,,,,,,,
,96499,,8.529424667358398,,,,,,,,
,96549,,,424.20101165771484,,,,,,,
,96549,,0.7336139678955078,,,,,,,,
,96599,,,411.9093418121338,,,,,,,
,96599,,8.409261703491211,,,,,,,,
,96649,,,409.73711013793945,,,,,,,
,96649,,0.6477832794189453,,,,,,,,
,96699,,,410.3126525878906,,,,,,,
,96699,,8.319377899169922,,,,,,,,
,96749,,,409.9287986755371,,,,,,,
,96749,,0.6501674652099609,,,,,,,,
,96799,,,417.78039932250977,,,,,,,
,96799,,8.534908294677734,,,,,,,,
,96849,,,410.3567600250244,,,,,,,
,96849,,0.6504058837890625,,,,,,,,
,96899,,,409.9922180175781,,,,,,,
,96899,,8.539438247680664,,,,,,,,
,96949,,,409.66296195983887,,,,,,,
,96949,,0.6711483001708984,,,,,,,,
,96999,,,421.0529327392578,,,,,,,
,96999,,8.521318435668945,,,,,,,,
,97049,,,410.4275703430176,,,,,,,
,97049,,0.6737709045410156,,,,,,,,
,97099,,,418.6666011810303,,,,,,,
,97099,,8.572101593017578,,,,,,,,
,97149,,,409.6708297729492,,,,,,,
,97149,,0.6511211395263672,,,,,,,,
,97199,,,412.08553314208984,,,,,,,
,97199,,8.287668228149414,,,,,,,,
,97249,,,409.39974784851074,,,,,,,
,97249,,0.6241798400878906,,,,,,,,
,97299,,,409.26408767700195,,,,,,,
,97299,,8.473873138427734,,,,,,,,
,97349,,,409.1670513153076,,,,,,,
,97349,,0.6272792816162109,,,,,,,,
,97399,,,409.130334854126,,,,,,,
,97399,,8.272886276245117,,,,,,,,
,97449,,,339.9198055267334,,,,,,,
,97449,,0.5807876586914062,,,,,,,,
,97499,,,336.81583404541016,,,,,,,
,97499,,7.7915191650390625,,,,,,,,
,97549,,,336.37094497680664,,,,,,,
,97549,,0.5581378936767578,,,,,,,,
,97599,,,337.5561237335205,,,,,,,
,97599,,8.066892623901367,,,,,,,,
,97649,,,337.2306823730469,,,,,,,
,97649,,0.5929470062255859,,,,,,,,
,97699,,,336.40170097351074,,,,,,,
,97699,,7.907867431640625,,,,,,,,
,97749,,,354.94256019592285,,,,,,,
,97749,,0.5807876586914062,,,,,,,,
,97799,,,338.2861614227295,,,,,,,
,97799,,8.209705352783203,,,,,,,,
,97849,,,583.4877490997314,,,,,,,
,97849,,0.6775856018066406,,,,,,,,
,97899,,,340.14415740966797,,,,,,,
,97899,,14.61338996887207,,,,,,,,
,97949,,,342.0982360839844,,,,,,,
,97949,,0.5855560302734375,,,,,,,,
,97999,,,343.1882858276367,,,,,,,
,97999,,8.001565933227539,,,,,,,,
,98049,,,343.09911727905273,,,,,,,
,98049,,0.5927085876464844,,,,,,,,
,98099,,,342.9100513458252,,,,,,,
,98099,,8.02469253540039,,,,,,,,
,98149,,,342.62919425964355,,,,,,,
,98149,,0.583648681640625,,,,,,,,
,98199,,,339.0655517578125,,,,,,,
,98199,,8.074283599853516,,,,,,,,
,98249,,,339.3094539642334,,,,,,,
,98249,,0.5819797515869141,,,,,,,,
,98299,,,340.8942222595215,,,,,,,
,98299,,7.910490036010742,,,,,,,,
,98349,,,340.4099941253662,,,,,,,
,98349,,0.568389892578125,,,,,,,,
,98399,,,341.44139289855957,,,,,,,
,98399,,7.941484451293945,,,,,,,,
,98449,,,340.1975631713867,,,,,,,
,98449,,0.583648681640625,,,,,,,,
,98499,,,342.31090545654297,,,,,,,
,98499,,15.484809875488281,,,,,,,,
,98549,,,340.73829650878906,,,,,,,
,98549,,0.5822181701660156,,,,,,,,
,98599,,,356.889009475708,,,,,,,
,98599,,8.158683776855469,,,,,,,,
,98649,,,341.8009281158447,,,,,,,
,98649,,0.6053447723388672,,,,,,,,
,98699,,,340.700626373291,,,,,,,
,98699,,7.694244384765625,,,,,,,,
,98749,,,345.3047275543213,,,,,,,
,98749,,0.5593299865722656,,,,,,,,
,98799,,,411.47756576538086,,,,,,,
,98799,,16.44158363342285,,,,,,,,
,98849,,,409.7180366516113,,,,,,,
,98849,,0.6568431854248047,,,,,,,,
,98899,,,411.37051582336426,,,,,,,
,98899,,8.546829223632812,,,,,,,,
,98949,,,409.6946716308594,,,,,,,
,98949,,0.6625652313232422,,,,,,,,
,98999,,,410.45665740966797,,,,,,,
,98999,,8.504629135131836,,,,,,,,
,99049,,,410.4723930358887,,,,,,,
,99049,,0.6482601165771484,,,,,,,,
,99099,,,410.428524017334,,,,,,,
,99099,,8.500099182128906,,,,,,,,
,99149,,,409.4979763031006,,,,,,,
,99149,,0.6437301635742188,,,,,,,,
,99199,,,409.44910049438477,,,,,,,
,99199,,8.46242904663086,,,,,,,,
,99249,,,411.06677055358887,,,,,,,
,99249,,0.6711483001708984,,,,,,,,
,99299,,,340.64674377441406,,,,,,,
,99299,,17.069101333618164,,,,,,,,
,99349,,,340.0893211364746,,,,,,,
,99349,,0.6077289581298828,,,,,,,,
,99399,,,409.3334674835205,,,,,,,
,99399,,8.368253707885742,,,,,,,,
,99449,,,673.7756729125977,,,,,,,
,99449,,0.7336139678955078,,,,,,,,
,99499,,,412.63675689697266,,,,,,,
,99499,,8.460283279418945,,,,,,,,
,99549,,,417.0513153076172,,,,,,,
,99549,,0.6458759307861328,,,,,,,,
,99599,,,410.0503921508789,,,,,,,
,99599,,8.476018905639648,,,,,,,,
,99649,,,409.8801612854004,,,,,,,
,99649,,0.6434917449951172,,,,,,,,
,99699,,,410.5246067047119,,,,,,,
,99699,,8.340597152709961,,,,,,,,
,99749,,,410.4585647583008,,,,,,,
,99749,,0.6487369537353516,,,,,,,,
,99799,,,418.2913303375244,,,,,,,
,99799,,8.480072021484375,,,,,,,,
,99849,,,409.8978042602539,,,,,,,
,99849,,0.6506443023681641,,,,,,,,
,99899,,,409.559965133667,,,,,,,
,99899,,8.49604606628418,,,,,,,,
,99949,,,415.35234451293945,,,,,,,
,99949,,0.6673336029052734,,,,,,,,
,99999,,,410.71200370788574,,,,,,,
,99999,,8.47625732421875,,,,,,,,
19,99999,,,,,,,,3.4173619747161865,1715.4300537109375,-1715.4300537109375
,100000,1991.675149679184,,,,,,,,,
19,99999,,,,0.6977040767669678,15.0,1.146854043006897,-1723.52734375,,,
