epoch,lr-Adam,step,time/epoch (s),time/inter_step (ms),time/intra_step (ms),train/loss,train/max_reward,train/reward,train/sll_loss,val/max_reward,val/reward
,0.0003,0,,,,,,,,,
,,49,,,237.42914199829102,,,,,,
,,49,,3.9772987365722656,,,,,,,
0,,49,,,,2.949286460876465,-12.094401359558105,-13.500580787658691,2.949286460876465,,
,,99,,,219.29621696472168,,,,,,
,,99,,21.6219425201416,,,,,,,
0,,99,,,,2.937255859375,-11.879020690917969,-13.162956237792969,2.937255859375,,
,,149,,,222.08404541015625,,,,,,
,,149,,3.9548873901367188,,,,,,,
0,,149,,,,2.938263416290283,-11.673358917236328,-12.807159423828125,2.938263416290283,,
,,199,,,227.38885879516602,,,,,,
,,199,,21.019697189331055,,,,,,,
0,,199,,,,2.9406275749206543,-11.713879585266113,-12.856700897216797,2.9406275749206543,,
,,249,,,224.7178554534912,,,,,,
,,249,,3.3779144287109375,,,,,,,
0,,249,,,,2.953155994415283,-11.424217224121094,-12.47459602355957,2.953155994415283,,
,,299,,,234.7242832183838,,,,,,
,,299,,29.666423797607422,,,,,,,
0,,299,,,,2.9318859577178955,-11.52981185913086,-12.585529327392578,2.9318859577178955,,
,,349,,,228.44624519348145,,,,,,
,,349,,5.478143692016602,,,,,,,
0,,349,,,,2.939448595046997,-11.347665786743164,-12.370651245117188,2.939448595046997,,
,,399,,,231.42218589782715,,,,,,
,,399,,23.340225219726562,,,,,,,
0,,399,,,,2.9364519119262695,-11.348799705505371,-12.348822593688965,2.9364519119262695,,
,,449,,,235.52870750427246,,,,,,
,,449,,3.7987232208251953,,,,,,,
0,,449,,,,2.927232027053833,-11.439559936523438,-12.383115768432617,2.927232027053833,,
,,499,,,231.81438446044922,,,,,,
,,499,,23.982763290405273,,,,,,,
0,,499,,,,2.9186108112335205,-11.7864351272583,-12.717243194580078,2.9186108112335205,,
,,549,,,219.52080726623535,,,,,,
,,549,,3.6766529083251953,,,,,,,
0,,549,,,,2.9296624660491943,-11.214038848876953,-12.12508487701416,2.9296624660491943,,
,,599,,,223.6025333404541,,,,,,
,,599,,21.587371826171875,,,,,,,
0,,599,,,,2.9255623817443848,-11.285184860229492,-12.180106163024902,2.9255623817443848,,
,,649,,,226.09424591064453,,,,,,
,,649,,2.3040771484375,,,,,,,
0,,649,,,,2.9267239570617676,-11.552242279052734,-12.410258293151855,2.9267239570617676,,
,,699,,,220.72291374206543,,,,,,
,,699,,24.489879608154297,,,,,,,
0,,699,,,,2.9323601722717285,-11.471014976501465,-12.304405212402344,2.9323601722717285,,
,,749,,,218.78671646118164,,,,,,
,,749,,2.2382736206054688,,,,,,,
0,,749,,,,2.9240126609802246,-11.309319496154785,-12.120580673217773,2.9240126609802246,,
,,799,,,219.91562843322754,,,,,,
,,799,,19.858121871948242,,,,,,,
0,,799,,,,2.928877592086792,-11.030776977539062,-11.834293365478516,2.928877592086792,,
,,849,,,214.69950675964355,,,,,,
,,849,,2.1512508392333984,,,,,,,
0,,849,,,,2.931131601333618,-11.416891098022461,-12.229357719421387,2.931131601333618,,
,,899,,,212.7542495727539,,,,,,
,,899,,19.551515579223633,,,,,,,
0,,899,,,,2.9275522232055664,-11.015400886535645,-11.845959663391113,2.9275522232055664,,
,,949,,,224.5347499847412,,,,,,
,,949,,3.578662872314453,,,,,,,
0,,949,,,,2.9252703189849854,-11.212218284606934,-12.020795822143555,2.9252703189849854,,
,,999,,,228.25121879577637,,,,,,
,,999,,22.90201187133789,,,,,,,
0,,999,,,,2.924861431121826,-11.37731647491455,-12.19434642791748,2.924861431121826,,
,,1049,,,231.56404495239258,,,,,,
,,1049,,3.4699440002441406,,,,,,,
0,,1049,,,,2.9324939250946045,-10.98696231842041,-11.748336791992188,2.9324939250946045,,
,,1099,,,225.2340316772461,,,,,,
,,1099,,21.249055862426758,,,,,,,
0,,1099,,,,2.9335758686065674,-11.158258438110352,-11.933446884155273,2.9335758686065674,,
,,1149,,,225.2492904663086,,,,,,
,,1149,,3.6106109619140625,,,,,,,
0,,1149,,,,2.9269702434539795,-11.142986297607422,-11.907350540161133,2.9269702434539795,,
,,1199,,,222.36037254333496,,,,,,
,,1199,,21.121978759765625,,,,,,,
0,,1199,,,,2.925727367401123,-10.984075546264648,-11.674077033996582,2.925727367401123,,
,,1249,,,225.97455978393555,,,,,,
,,1249,,3.8204193115234375,,,,,,,
0,,1249,,,,2.931833505630493,-11.401239395141602,-12.192161560058594,2.931833505630493,,
,,1299,,,225.56781768798828,,,,,,
,,1299,,25.609493255615234,,,,,,,
0,,1299,,,,2.9236907958984375,-11.25271224975586,-11.9754638671875,2.9236907958984375,,
,,1349,,,224.9739170074463,,,,,,
,,1349,,4.390239715576172,,,,,,,
0,,1349,,,,2.9283969402313232,-11.028915405273438,-11.732264518737793,2.9283969402313232,,
,,1399,,,216.202974319458,,,,,,
,,1399,,20.43008804321289,,,,,,,
0,,1399,,,,2.922977924346924,-10.795124053955078,-11.517974853515625,2.922977924346924,,
,,1449,,,221.61364555358887,,,,,,
,,1449,,3.598928451538086,,,,,,,
0,,1449,,,,2.927142858505249,-10.804972648620605,-11.546762466430664,2.927142858505249,,
,,1499,,,218.82390975952148,,,,,,
,,1499,,19.96779441833496,,,,,,,
0,,1499,,,,2.9265263080596924,-10.828436851501465,-11.610275268554688,2.9265263080596924,,
,,1549,,,224.43246841430664,,,,,,
,,1549,,2.711057662963867,,,,,,,
0,,1549,,,,2.927896022796631,-11.02679443359375,-11.780256271362305,2.927896022796631,,
0,,1562,,,,,,,,-11.015070915222168,-11.68715763092041
,,1563,394.818651676178,,,,,,,,
,0.0003,1563,,,,,,,,,
,,1599,,,221.82321548461914,,,,,,
,,1599,,21.610021591186523,,,,,,,
1,,1599,,,,2.9234259128570557,-10.93455982208252,-11.63211441040039,2.9234259128570557,,
,,1649,,,221.08197212219238,,,,,,
,,1649,,3.7457942962646484,,,,,,,
1,,1649,,,,2.9259471893310547,-11.207721710205078,-11.93529987335205,2.9259471893310547,,
,,1699,,,215.5468463897705,,,,,,
,,1699,,19.320964813232422,,,,,,,
1,,1699,,,,2.9314141273498535,-11.229214668273926,-11.963723182678223,2.9314141273498535,,
,,1749,,,221.64082527160645,,,,,,
,,1749,,2.2301673889160156,,,,,,,
1,,1749,,,,2.9245615005493164,-11.070225715637207,-11.78622817993164,2.9245615005493164,,
,,1799,,,215.99435806274414,,,,,,
,,1799,,19.847393035888672,,,,,,,
1,,1799,,,,2.9303243160247803,-11.044281005859375,-11.764997482299805,2.9303243160247803,,
,,1849,,,215.8334255218506,,,,,,
,,1849,,2.1898746490478516,,,,,,,
1,,1849,,,,2.929791212081909,-11.208732604980469,-11.900311470031738,2.929791212081909,,
,,1899,,,219.93136405944824,,,,,,
,,1899,,19.4854736328125,,,,,,,
1,,1899,,,,2.924010753631592,-10.86945629119873,-11.58192253112793,2.924010753631592,,
,,1949,,,211.6410732269287,,,,,,
,,1949,,2.2242069244384766,,,,,,,
1,,1949,,,,2.9243719577789307,-10.848841667175293,-11.57698917388916,2.9243719577789307,,
,,1999,,,221.55117988586426,,,,,,
,,1999,,26.924610137939453,,,,,,,
1,,1999,,,,2.927436351776123,-10.977269172668457,-11.689628601074219,2.927436351776123,,
,,2049,,,214.02382850646973,,,,,,
,,2049,,2.1486282348632812,,,,,,,
1,,2049,,,,2.931929349899292,-10.921257019042969,-11.569954872131348,2.931929349899292,,
,,2099,,,223.7222194671631,,,,,,
,,2099,,19.576549530029297,,,,,,,
1,,2099,,,,2.926255226135254,-10.764920234680176,-11.460602760314941,2.926255226135254,,
,,2149,,,214.8141860961914,,,,,,
,,2149,,2.2127628326416016,,,,,,,
1,,2149,,,,2.9236278533935547,-10.794025421142578,-11.487353324890137,2.9236278533935547,,
,,2199,,,214.17856216430664,,,,,,
,,2199,,19.74034309387207,,,,,,,
1,,2199,,,,2.925311326980591,-10.978204727172852,-11.65242862701416,2.925311326980591,,
,,2249,,,213.45114707946777,,,,,,
,,2249,,2.1927356719970703,,,,,,,
1,,2249,,,,2.9276907444000244,-10.987207412719727,-11.66579818725586,2.9276907444000244,,
,,2299,,,221.7843532562256,,,,,,
,,2299,,26.759624481201172,,,,,,,
1,,2299,,,,2.930884838104248,-10.688590049743652,-11.393275260925293,2.930884838104248,,
,,2349,,,212.27097511291504,,,,,,
,,2349,,2.5436878204345703,,,,,,,
1,,2349,,,,2.9324138164520264,-11.272892951965332,-12.013848304748535,2.9324138164520264,,
,,2399,,,228.6841869354248,,,,,,
,,2399,,22.154808044433594,,,,,,,
1,,2399,,,,2.9289865493774414,-10.953428268432617,-11.6832275390625,2.9289865493774414,,
,,2449,,,215.50941467285156,,,,,,
,,2449,,2.199888229370117,,,,,,,
1,,2449,,,,2.9281578063964844,-10.927560806274414,-11.647575378417969,2.9281578063964844,,
,,2499,,,216.16339683532715,,,,,,
,,2499,,19.876956939697266,,,,,,,
1,,2499,,,,2.9269256591796875,-10.834161758422852,-11.524994850158691,2.9269256591796875,,
,,2549,,,218.19567680358887,,,,,,
,,2549,,2.552509307861328,,,,,,,
1,,2549,,,,2.9248406887054443,-11.126443862915039,-11.828727722167969,2.9248406887054443,,
,,2599,,,214.49518203735352,,,,,,
,,2599,,19.70958709716797,,,,,,,
1,,2599,,,,2.9308178424835205,-10.87955093383789,-11.544757843017578,2.9308178424835205,,
,,2649,,,221.31657600402832,,,,,,
,,2649,,2.213716506958008,,,,,,,
1,,2649,,,,2.9281115531921387,-11.117137908935547,-11.780117988586426,2.9281115531921387,,
,,2699,,,212.51368522644043,,,,,,
,,2699,,20.280838012695312,,,,,,,
1,,2699,,,,2.926475763320923,-10.807060241699219,-11.495991706848145,2.926475763320923,,
,,2749,,,219.69890594482422,,,,,,
,,2749,,2.2182464599609375,,,,,,,
1,,2749,,,,2.9213335514068604,-10.990928649902344,-11.665790557861328,2.9213335514068604,,
,,2799,,,210.01768112182617,,,,,,
,,2799,,19.75083351135254,,,,,,,
1,,2799,,,,2.926270008087158,-10.880374908447266,-11.59511947631836,2.926270008087158,,
,,2849,,,212.0349407196045,,,,,,
,,2849,,2.285480499267578,,,,,,,
1,,2849,,,,2.9205524921417236,-11.070599555969238,-11.75406265258789,2.9205524921417236,,
,,2899,,,217.8173065185547,,,,,,
,,2899,,20.188570022583008,,,,,,,
1,,2899,,,,2.9216418266296387,-10.844038963317871,-11.515177726745605,2.9216418266296387,,
,,2949,,,240.94748497009277,,,,,,
,,2949,,6.262302398681641,,,,,,,
1,,2949,,,,2.929936408996582,-11.0092191696167,-11.664685249328613,2.929936408996582,,
,,2999,,,225.95548629760742,,,,,,
,,2999,,23.255348205566406,,,,,,,
1,,2999,,,,2.925555944442749,-11.048742294311523,-11.739782333374023,2.925555944442749,,
,,3049,,,222.6712703704834,,,,,,
,,3049,,3.9870738983154297,,,,,,,
1,,3049,,,,2.9292492866516113,-10.862815856933594,-11.541906356811523,2.9292492866516113,,
,,3099,,,231.7216396331787,,,,,,
,,3099,,21.869897842407227,,,,,,,
1,,3099,,,,2.929764986038208,-11.137868881225586,-11.823395729064941,2.929764986038208,,
1,,3125,,,,,,,,-10.92441177368164,-11.554313659667969
,,3126,384.7597312927246,,,,,,,,
,0.0003,3126,,,,,,,,,
,,3149,,,226.7923355102539,,,,,,
,,3149,,3.177642822265625,,,,,,,
2,,3149,,,,2.9315719604492188,-10.833898544311523,-11.502219200134277,2.9315719604492188,,
,,3199,,,212.47243881225586,,,,,,
,,3199,,22.669315338134766,,,,,,,
2,,3199,,,,2.9264252185821533,-10.652900695800781,-11.272404670715332,2.9264252185821533,,
,,3249,,,219.11215782165527,,,,,,
,,3249,,2.402067184448242,,,,,,,
2,,3249,,,,2.9295265674591064,-10.71065902709961,-11.381632804870605,2.9295265674591064,,
,,3299,,,220.46446800231934,,,,,,
,,3299,,20.406007766723633,,,,,,,
2,,3299,,,,2.926154613494873,-10.941780090332031,-11.624224662780762,2.926154613494873,,
,,3349,,,217.99826622009277,,,,,,
,,3349,,2.3107528686523438,,,,,,,
2,,3349,,,,2.9335968494415283,-10.81059741973877,-11.501928329467773,2.9335968494415283,,
,,3399,,,214.14446830749512,,,,,,
,,3399,,20.58243751525879,,,,,,,
2,,3399,,,,2.931492805480957,-10.95766830444336,-11.650639533996582,2.931492805480957,,
,,3449,,,215.07692337036133,,,,,,
,,3449,,2.384662628173828,,,,,,,
2,,3449,,,,2.9214324951171875,-10.633874893188477,-11.285812377929688,2.9214324951171875,,
,,3499,,,226.00412368774414,,,,,,
,,3499,,23.08201789855957,,,,,,,
2,,3499,,,,2.923370361328125,-11.13807487487793,-11.822423934936523,2.923370361328125,,
,,3549,,,214.036226272583,,,,,,
,,3549,,2.3450851440429688,,,,,,,
2,,3549,,,,2.9212844371795654,-11.25503921508789,-11.93590259552002,2.9212844371795654,,
,,3599,,,214.99156951904297,,,,,,
,,3599,,20.054101943969727,,,,,,,
2,,3599,,,,2.924332857131958,-10.991100311279297,-11.674373626708984,2.924332857131958,,
,,3649,,,217.60320663452148,,,,,,
,,3649,,3.999948501586914,,,,,,,
2,,3649,,,,2.9257314205169678,-10.882155418395996,-11.558035850524902,2.9257314205169678,,
,,3699,,,217.99278259277344,,,,,,
,,3699,,24.276256561279297,,,,,,,
2,,3699,,,,2.93013596534729,-10.883095741271973,-11.575757026672363,2.93013596534729,,
,,3749,,,215.81506729125977,,,,,,
,,3749,,3.0786991119384766,,,,,,,
2,,3749,,,,2.925823211669922,-10.934139251708984,-11.61777114868164,2.925823211669922,,
,,3799,,,217.6222801208496,,,,,,
,,3799,,23.12016487121582,,,,,,,
2,,3799,,,,2.923786163330078,-10.832817077636719,-11.506611824035645,2.923786163330078,,
,,3849,,,223.44088554382324,,,,,,
,,3849,,2.3555755615234375,,,,,,,
2,,3849,,,,2.927402973175049,-11.201830863952637,-11.85628890991211,2.927402973175049,,
,,3899,,,215.73638916015625,,,,,,
,,3899,,20.032167434692383,,,,,,,
2,,3899,,,,2.9268407821655273,-11.017132759094238,-11.686371803283691,2.9268407821655273,,
,,3949,,,218.3091640472412,,,,,,
,,3949,,2.2897720336914062,,,,,,,
2,,3949,,,,2.9344539642333984,-10.996513366699219,-11.642627716064453,2.9344539642333984,,
,,3999,,,214.63727951049805,,,,,,
,,3999,,19.829273223876953,,,,,,,
2,,3999,,,,2.928518295288086,-11.339937210083008,-11.996904373168945,2.928518295288086,,
,,4049,,,212.43810653686523,,,,,,
,,4049,,2.237558364868164,,,,,,,
2,,4049,,,,2.922642230987549,-10.477002143859863,-11.139809608459473,2.922642230987549,,
,,4099,,,226.81307792663574,,,,,,
,,4099,,25.51889419555664,,,,,,,
2,,4099,,,,2.9295732975006104,-11.217828750610352,-11.870369911193848,2.9295732975006104,,
,,4149,,,220.12972831726074,,,,,,
,,4149,,2.3293495178222656,,,,,,,
2,,4149,,,,2.931015968322754,-10.791505813598633,-11.416535377502441,2.931015968322754,,
,,4199,,,210.50691604614258,,,,,,
,,4199,,20.24984359741211,,,,,,,
2,,4199,,,,2.9317891597747803,-10.853523254394531,-11.504037857055664,2.9317891597747803,,
,,4249,,,217.31019020080566,,,,,,
,,4249,,3.2618045806884766,,,,,,,
2,,4249,,,,2.9179093837738037,-10.784710884094238,-11.440438270568848,2.9179093837738037,,
,,4299,,,213.13166618347168,,,,,,
,,4299,,28.171062469482422,,,,,,,
2,,4299,,,,2.918032169342041,-10.915351867675781,-11.567523956298828,2.918032169342041,,
,,4349,,,220.1852798461914,,,,,,
,,4349,,2.3832321166992188,,,,,,,
2,,4349,,,,2.9312515258789062,-10.937106132507324,-11.556327819824219,2.9312515258789062,,
,,4399,,,217.24414825439453,,,,,,
,,4399,,19.863128662109375,,,,,,,
2,,4399,,,,2.925891160964966,-10.828971862792969,-11.496953964233398,2.925891160964966,,
,,4449,,,214.463472366333,,,,,,
,,4449,,2.293109893798828,,,,,,,
2,,4449,,,,2.9263699054718018,-10.845687866210938,-11.493806838989258,2.9263699054718018,,
,,4499,,,218.18232536315918,,,,,,
,,4499,,24.52826499938965,,,,,,,
2,,4499,,,,2.9207756519317627,-10.874202728271484,-11.530871391296387,2.9207756519317627,,
,,4549,,,210.80422401428223,,,,,,
,,4549,,2.34222412109375,,,,,,,
2,,4549,,,,2.9303791522979736,-10.93390941619873,-11.579115867614746,2.9303791522979736,,
,,4599,,,224.03955459594727,,,,,,
,,4599,,25.04563331604004,,,,,,,
2,,4599,,,,2.927870512008667,-11.013492584228516,-11.709357261657715,2.927870512008667,,
,,4649,,,229.11548614501953,,,,,,
,,4649,,2.400636672973633,,,,,,,
2,,4649,,,,2.931993246078491,-11.068952560424805,-11.707807540893555,2.931993246078491,,
2,,4688,,,,,,,,-10.856602668762207,-11.445756912231445
,,4689,383.0343883037567,,,,,,,,
,0.0003,4689,,,,,,,,,
,,4699,,,216.78948402404785,,,,,,
,,4699,,21.57902717590332,,,,,,,
3,,4699,,,,2.9348602294921875,-10.810065269470215,-11.465838432312012,2.9348602294921875,,
,,4749,,,219.67458724975586,,,,,,
,,4749,,2.274036407470703,,,,,,,
3,,4749,,,,2.9229800701141357,-10.853874206542969,-11.511009216308594,2.9229800701141357,,
,,4799,,,215.5020236968994,,,,,,
,,4799,,20.10488510131836,,,,,,,
3,,4799,,,,2.924213409423828,-10.741514205932617,-11.397318840026855,2.924213409423828,,
,,4849,,,224.09296035766602,,,,,,
,,4849,,4.400491714477539,,,,,,,
3,,4849,,,,2.9221322536468506,-10.818658828735352,-11.461191177368164,2.9221322536468506,,
,,4899,,,220.00622749328613,,,,,,
,,4899,,20.557403564453125,,,,,,,
3,,4899,,,,2.9202232360839844,-10.812543869018555,-11.461393356323242,2.9202232360839844,,
,,4949,,,220.28279304504395,,,,,,
,,4949,,2.8264522552490234,,,,,,,
3,,4949,,,,2.9243950843811035,-10.872087478637695,-11.553476333618164,2.9243950843811035,,
,,4999,,,215.32797813415527,,,,,,
,,4999,,25.44426918029785,,,,,,,
3,,4999,,,,2.922740936279297,-10.752496719360352,-11.360922813415527,2.922740936279297,,
,,5049,,,212.9802703857422,,,,,,
,,5049,,2.5839805603027344,,,,,,,
3,,5049,,,,2.9273016452789307,-10.720362663269043,-11.400568962097168,2.9273016452789307,,
,,5099,,,212.9514217376709,,,,,,
,,5099,,20.251989364624023,,,,,,,
3,,5099,,,,2.9221901893615723,-10.989547729492188,-11.645402908325195,2.9221901893615723,,
,,5149,,,211.46416664123535,,,,,,
,,5149,,3.8411617279052734,,,,,,,
3,,5149,,,,2.924363136291504,-10.829961776733398,-11.446813583374023,2.924363136291504,,
,,5199,,,218.5516357421875,,,,,,
,,5199,,25.89130401611328,,,,,,,
3,,5199,,,,2.9287006855010986,-10.933420181274414,-11.577476501464844,2.9287006855010986,,
,,5249,,,216.71462059020996,,,,,,
,,5249,,2.4602413177490234,,,,,,,
3,,5249,,,,2.9260759353637695,-10.90124797821045,-11.528986930847168,2.9260759353637695,,
,,5299,,,213.84477615356445,,,,,,
,,5299,,19.825220108032227,,,,,,,
3,,5299,,,,2.93210506439209,-10.85818862915039,-11.495737075805664,2.93210506439209,,
,,5349,,,217.4983024597168,,,,,,
,,5349,,2.3860931396484375,,,,,,,
3,,5349,,,,2.9201269149780273,-10.819076538085938,-11.449325561523438,2.9201269149780273,,
,,5399,,,210.8907699584961,,,,,,
,,5399,,19.954204559326172,,,,,,,
3,,5399,,,,2.9281649589538574,-10.863988876342773,-11.549797058105469,2.9281649589538574,,
,,5449,,,213.3488655090332,,,,,,
,,5449,,2.3887157440185547,,,,,,,
3,,5449,,,,2.9252421855926514,-10.832139015197754,-11.486258506774902,2.9252421855926514,,
,,5499,,,210.37006378173828,,,,,,
,,5499,,20.31731605529785,,,,,,,
3,,5499,,,,2.9298925399780273,-10.82040023803711,-11.45363998413086,2.9298925399780273,,
,,5549,,,224.36213493347168,,,,,,
,,5549,,2.697467803955078,,,,,,,
3,,5549,,,,2.930047035217285,-10.852954864501953,-11.477866172790527,2.930047035217285,,
,,5599,,,218.855619430542,,,,,,
,,5599,,23.075342178344727,,,,,,,
3,,5599,,,,2.932175874710083,-10.540958404541016,-11.173288345336914,2.932175874710083,,
,,5649,,,216.18366241455078,,,,,,
,,5649,,3.990650177001953,,,,,,,
3,,5649,,,,2.9258971214294434,-10.81494140625,-11.447404861450195,2.9258971214294434,,
,,5699,,,217.24438667297363,,,,,,
,,5699,,20.364761352539062,,,,,,,
3,,5699,,,,2.930198907852173,-10.795893669128418,-11.432568550109863,2.930198907852173,,
,,5749,,,224.17044639587402,,,,,,
,,5749,,3.9031505584716797,,,,,,,
3,,5749,,,,2.930065870285034,-10.757411003112793,-11.413007736206055,2.930065870285034,,
,,5799,,,219.27905082702637,,,,,,
,,5799,,23.708105087280273,,,,,,,
3,,5799,,,,2.9250547885894775,-10.783102989196777,-11.407548904418945,2.9250547885894775,,
,,5849,,,213.18650245666504,,,,,,
,,5849,,2.353191375732422,,,,,,,
3,,5849,,,,2.9294192790985107,-10.878676414489746,-11.509592056274414,2.9294192790985107,,
,,5899,,,215.2996063232422,,,,,,
,,5899,,20.50042152404785,,,,,,,
3,,5899,,,,2.9266650676727295,-10.841684341430664,-11.45620059967041,2.9266650676727295,,
,,5949,,,216.25852584838867,,,,,,
,,5949,,2.285003662109375,,,,,,,
3,,5949,,,,2.931279182434082,-10.670005798339844,-11.279163360595703,2.931279182434082,,
,,5999,,,226.06539726257324,,,,,,
,,5999,,22.958040237426758,,,,,,,
3,,5999,,,,2.930666446685791,-10.845060348510742,-11.483051300048828,2.930666446685791,,
,,6049,,,213.26637268066406,,,,,,
,,6049,,2.199888229370117,,,,,,,
3,,6049,,,,2.9233386516571045,-11.06082534790039,-11.720197677612305,2.9233386516571045,,
,,6099,,,225.11577606201172,,,,,,
,,6099,,19.45662498474121,,,,,,,
3,,6099,,,,2.928452730178833,-10.901023864746094,-11.581632614135742,2.928452730178833,,
,,6149,,,214.08963203430176,,,,,,
,,6149,,2.1712779998779297,,,,,,,
3,,6149,,,,2.925593852996826,-10.883858680725098,-11.53273868560791,2.925593852996826,,
,,6199,,,211.39049530029297,,,,,,
,,6199,,19.777536392211914,,,,,,,
3,,6199,,,,2.9307544231414795,-11.155548095703125,-11.799452781677246,2.9307544231414795,,
,,6249,,,214.05506134033203,,,,,,
,,6249,,2.3322105407714844,,,,,,,
3,,6249,,,,2.9279539585113525,-10.897371292114258,-11.515983581542969,2.9279539585113525,,
3,,6251,,,,,,,,-10.828621864318848,-11.392398834228516
,,6252,380.5139241218567,,,,,,,,
,0.0003,6252,,,,,,,,,
,,6299,,,220.228910446167,,,,,,
,,6299,,20.1718807220459,,,,,,,
4,,6299,,,,2.922661304473877,-11.133747100830078,-11.750833511352539,2.922661304473877,,
,,6349,,,217.8361415863037,,,,,,
,,6349,,2.4871826171875,,,,,,,
4,,6349,,,,2.9332056045532227,-10.808146476745605,-11.418139457702637,2.9332056045532227,,
,,6399,,,216.60542488098145,,,,,,
,,6399,,20.42365074157715,,,,,,,
4,,6399,,,,2.928750514984131,-10.792850494384766,-11.410021781921387,2.928750514984131,,
,,6449,,,215.72208404541016,,,,,,
,,6449,,2.302408218383789,,,,,,,
4,,6449,,,,2.919543504714966,-10.680971145629883,-11.285688400268555,2.919543504714966,,
,,6499,,,210.2222442626953,,,,,,
,,6499,,19.613027572631836,,,,,,,
4,,6499,,,,2.928534984588623,-10.877398490905762,-11.523670196533203,2.928534984588623,,
,,6549,,,216.55631065368652,,,,,,
,,6549,,2.303600311279297,,,,,,,
4,,6549,,,,2.9288647174835205,-10.583230018615723,-11.192675590515137,2.9288647174835205,,
,,6599,,,225.28624534606934,,,,,,
,,6599,,20.0955867767334,,,,,,,
4,,6599,,,,2.9288835525512695,-10.717592239379883,-11.325361251831055,2.9288835525512695,,
,,6649,,,214.00904655456543,,,,,,
,,6649,,2.392292022705078,,,,,,,
4,,6649,,,,2.926138162612915,-10.745806694030762,-11.37498950958252,2.926138162612915,,
,,6699,,,216.55917167663574,,,,,,
,,6699,,19.541263580322266,,,,,,,
4,,6699,,,,2.928239107131958,-10.762798309326172,-11.34488296508789,2.928239107131958,,
,,6749,,,217.2548770904541,,,,,,
,,6749,,2.2306442260742188,,,,,,,
4,,6749,,,,2.933506965637207,-10.725178718566895,-11.358251571655273,2.933506965637207,,
,,6799,,,215.06619453430176,,,,,,
,,6799,,19.6533203125,,,,,,,
4,,6799,,,,2.9236645698547363,-11.071754455566406,-11.67343521118164,2.9236645698547363,,
,,6849,,,223.8616943359375,,,,,,
,,6849,,2.4094581604003906,,,,,,,
4,,6849,,,,2.9321348667144775,-10.644664764404297,-11.271928787231445,2.9321348667144775,,
,,6899,,,214.01619911193848,,,,,,
,,6899,,19.641399383544922,,,,,,,
4,,6899,,,,2.9217753410339355,-10.745035171508789,-11.329411506652832,2.9217753410339355,,
,,6949,,,223.04296493530273,,,,,,
,,6949,,2.711057662963867,,,,,,,
4,,6949,,,,2.93166446685791,-10.876429557800293,-11.505186080932617,2.93166446685791,,
,,6999,,,216.9184684753418,,,,,,
,,6999,,25.03371238708496,,,,,,,
4,,6999,,,,2.922694683074951,-10.77485466003418,-11.423151969909668,2.922694683074951,,
,,7049,,,220.04151344299316,,,,,,
,,7049,,2.3767948150634766,,,,,,,
4,,7049,,,,2.9211223125457764,-10.685196876525879,-11.329541206359863,2.9211223125457764,,
,,7099,,,216.9198989868164,,,,,,
,,7099,,20.336389541625977,,,,,,,
4,,7099,,,,2.921529531478882,-10.91341781616211,-11.518377304077148,2.921529531478882,,
,,7149,,,212.38279342651367,,,,,,
,,7149,,2.3190975189208984,,,,,,,
4,,7149,,,,2.916247844696045,-10.89505672454834,-11.495182037353516,2.916247844696045,,
,,7199,,,212.15343475341797,,,,,,
,,7199,,19.323110580444336,,,,,,,
4,,7199,,,,2.9276208877563477,-10.737335205078125,-11.377416610717773,2.9276208877563477,,
,,7249,,,224.56073760986328,,,,,,
,,7249,,4.42814826965332,,,,,,,
4,,7249,,,,2.928006410598755,-10.869372367858887,-11.482661247253418,2.928006410598755,,
,,7299,,,213.55509757995605,,,,,,
,,7299,,19.797801971435547,,,,,,,
4,,7299,,,,2.9301586151123047,-10.896739959716797,-11.523770332336426,2.9301586151123047,,
,,7349,,,211.8053436279297,,,,,,
,,7349,,2.254962921142578,,,,,,,
4,,7349,,,,2.9291162490844727,-10.936635971069336,-11.592991828918457,2.9291162490844727,,
,,7399,,,218.12200546264648,,,,,,
,,7399,,19.79851722717285,,,,,,,
4,,7399,,,,2.9270410537719727,-10.923018455505371,-11.558311462402344,2.9270410537719727,,
,,7449,,,218.1396484375,,,,,,
,,7449,,3.742218017578125,,,,,,,
4,,7449,,,,2.93420147895813,-10.576576232910156,-11.181769371032715,2.93420147895813,,
,,7499,,,222.47314453125,,,,,,
,,7499,,23.44536781311035,,,,,,,
4,,7499,,,,2.932732105255127,-10.927051544189453,-11.518811225891113,2.932732105255127,,
,,7549,,,224.72500801086426,,,,,,
,,7549,,5.47337532043457,,,,,,,
4,,7549,,,,2.9310338497161865,-10.938787460327148,-11.552019119262695,2.9310338497161865,,
,,7599,,,222.44763374328613,,,,,,
,,7599,,20.77341079711914,,,,,,,
4,,7599,,,,2.9272563457489014,-10.896843910217285,-11.557907104492188,2.9272563457489014,,
,,7649,,,225.80552101135254,,,,,,
,,7649,,5.108356475830078,,,,,,,
4,,7649,,,,2.9318814277648926,-11.170591354370117,-11.840449333190918,2.9318814277648926,,
,,7699,,,231.9624423980713,,,,,,
,,7699,,21.408796310424805,,,,,,,
4,,7699,,,,2.9269378185272217,-10.868682861328125,-11.512499809265137,2.9269378185272217,,
,,7749,,,220.98135948181152,,,,,,
,,7749,,3.8814544677734375,,,,,,,
4,,7749,,,,2.928129196166992,-10.866229057312012,-11.485031127929688,2.928129196166992,,
,,7799,,,230.76915740966797,,,,,,
,,7799,,21.213531494140625,,,,,,,
4,,7799,,,,2.929083824157715,-11.045708656311035,-11.69969367980957,2.929083824157715,,
4,,7814,,,,,,,,-10.859550476074219,-11.414522171020508
,,7815,382.9196991920471,,,,,,,,
,0.0003,7815,,,,,,,,,
,,7849,,,222.72825241088867,,,,,,
,,7849,,3.687620162963867,,,,,,,
5,,7849,,,,2.9254395961761475,-11.000639915466309,-11.623252868652344,2.9254395961761475,,
,,7899,,,221.58384323120117,,,,,,
,,7899,,23.238182067871094,,,,,,,
5,,7899,,,,2.920968532562256,-10.771805763244629,-11.36987018585205,2.920968532562256,,
,,7949,,,224.4093418121338,,,,,,
,,7949,,4.73475456237793,,,,,,,
5,,7949,,,,2.922870397567749,-10.587194442749023,-11.196146965026855,2.922870397567749,,
,,7999,,,221.34780883789062,,,,,,
,,7999,,22.513151168823242,,,,,,,
5,,7999,,,,2.9358415603637695,-11.094724655151367,-11.7238130569458,2.9358415603637695,,
,,8049,,,221.65775299072266,,,,,,
,,8049,,3.6885738372802734,,,,,,,
5,,8049,,,,2.931645154953003,-10.718326568603516,-11.315688133239746,2.931645154953003,,
,,8099,,,217.41342544555664,,,,,,
,,8099,,21.276473999023438,,,,,,,
5,,8099,,,,2.927659273147583,-10.939438819885254,-11.550024032592773,2.927659273147583,,
,,8149,,,225.0981330871582,,,,,,
,,8149,,2.4900436401367188,,,,,,,
5,,8149,,,,2.9272210597991943,-10.660850524902344,-11.245725631713867,2.9272210597991943,,
,,8199,,,212.85414695739746,,,,,,
,,8199,,19.84715461730957,,,,,,,
5,,8199,,,,2.9335286617279053,-11.025141716003418,-11.62602710723877,2.9335286617279053,,
,,8249,,,212.9511833190918,,,,,,
,,8249,,2.3772716522216797,,,,,,,
5,,8249,,,,2.937278985977173,-10.68500804901123,-11.313234329223633,2.937278985977173,,
,,8299,,,219.66028213500977,,,,,,
,,8299,,19.610166549682617,,,,,,,
5,,8299,,,,2.925020933151245,-10.702131271362305,-11.325910568237305,2.925020933151245,,
,,8349,,,214.9207592010498,,,,,,
,,8349,,2.287626266479492,,,,,,,
5,,8349,,,,2.932236671447754,-10.803319931030273,-11.451544761657715,2.932236671447754,,
,,8399,,,212.68725395202637,,,,,,
,,8399,,19.968032836914062,,,,,,,
5,,8399,,,,2.935661554336548,-10.90389633178711,-11.516239166259766,2.935661554336548,,
,,8449,,,216.9196605682373,,,,,,
,,8449,,2.5331974029541016,,,,,,,
5,,8449,,,,2.9301865100860596,-10.767295837402344,-11.373981475830078,2.9301865100860596,,
,,8499,,,210.65330505371094,,,,,,
,,8499,,19.784212112426758,,,,,,,
5,,8499,,,,2.933677911758423,-10.964820861816406,-11.571245193481445,2.933677911758423,,
,,8549,,,214.69593048095703,,,,,,
,,8549,,2.3956298828125,,,,,,,
5,,8549,,,,2.9344725608825684,-10.940088272094727,-11.54380989074707,2.9344725608825684,,
,,8599,,,213.26565742492676,,,,,,
,,8599,,24.2917537689209,,,,,,,
5,,8599,,,,2.931472063064575,-10.942875862121582,-11.585175514221191,2.931472063064575,,
,,8649,,,213.33050727844238,,,,,,
,,8649,,2.3462772369384766,,,,,,,
5,,8649,,,,2.927748441696167,-11.025318145751953,-11.61988639831543,2.927748441696167,,
,,8699,,,221.58384323120117,,,,,,
,,8699,,25.28214454650879,,,,,,,
5,,8699,,,,2.9268171787261963,-10.485706329345703,-11.07914924621582,2.9268171787261963,,
,,8749,,,222.73683547973633,,,,,,
,,8749,,2.3736953735351562,,,,,,,
5,,8749,,,,2.920001268386841,-10.904770851135254,-11.514623641967773,2.920001268386841,,
,,8799,,,225.9058952331543,,,,,,
,,8799,,21.213769912719727,,,,,,,
5,,8799,,,,2.92883038520813,-11.0228271484375,-11.617128372192383,2.92883038520813,,
,,8849,,,219.36488151550293,,,,,,
,,8849,,2.4733543395996094,,,,,,,
5,,8849,,,,2.929572582244873,-10.876731872558594,-11.465577125549316,2.929572582244873,,
,,8899,,,211.1375331878662,,,,,,
,,8899,,19.797086715698242,,,,,,,
5,,8899,,,,2.9254097938537598,-11.123085021972656,-11.70598316192627,2.9254097938537598,,
,,8949,,,210.0212574005127,,,,,,
,,8949,,2.3932456970214844,,,,,,,
5,,8949,,,,2.933924436569214,-10.980831146240234,-11.572644233703613,2.933924436569214,,
,,8999,,,219.09475326538086,,,,,,
,,8999,,22.02010154724121,,,,,,,
5,,8999,,,,2.933120012283325,-10.815245628356934,-11.429353713989258,2.933120012283325,,
,,9049,,,235.62192916870117,,,,,,
,,9049,,4.190206527709961,,,,,,,
5,,9049,,,,2.929448127746582,-10.677268981933594,-11.250728607177734,2.929448127746582,,
,,9099,,,236.56988143920898,,,,,,
,,9099,,25.61497688293457,,,,,,,
5,,9099,,,,2.938645362854004,-11.100106239318848,-11.717846870422363,2.938645362854004,,
,,9149,,,218.02544593811035,,,,,,
,,9149,,3.4339427947998047,,,,,,,
5,,9149,,,,2.931819438934326,-10.80042839050293,-11.391719818115234,2.931819438934326,,
,,9199,,,236.08088493347168,,,,,,
,,9199,,25.668859481811523,,,,,,,
5,,9199,,,,2.9305901527404785,-10.834659576416016,-11.403286933898926,2.9305901527404785,,
,,9249,,,241.64247512817383,,,,,,
,,9249,,4.198312759399414,,,,,,,
5,,9249,,,,2.9360766410827637,-10.835384368896484,-11.42806625366211,2.9360766410827637,,
,,9299,,,241.06335639953613,,,,,,
,,9299,,22.7506160736084,,,,,,,
5,,9299,,,,2.931849241256714,-10.931917190551758,-11.516188621520996,2.931849241256714,,
,,9349,,,227.38265991210938,,,,,,
,,9349,,3.881216049194336,,,,,,,
5,,9349,,,,2.9284191131591797,-11.045759201049805,-11.607771873474121,2.9284191131591797,,
5,,9377,,,,,,,,-10.81204891204834,-11.354001998901367
,,9378,390.2390511035919,,,,,,,,
,0.0003,9378,,,,,,,,,
,,9399,,,229.85410690307617,,,,,,
,,9399,,25.922536849975586,,,,,,,
6,,9399,,,,2.9252355098724365,-10.780915260314941,-11.346808433532715,2.9252355098724365,,
,,9449,,,222.17679023742676,,,,,,
,,9449,,3.8225650787353516,,,,,,,
6,,9449,,,,2.9316346645355225,-10.813943862915039,-11.428695678710938,2.9316346645355225,,
,,9499,,,228.7313938140869,,,,,,
,,9499,,22.95851707458496,,,,,,,
6,,9499,,,,2.9326672554016113,-10.678775787353516,-11.263798713684082,2.9326672554016113,,
,,9549,,,221.94457054138184,,,,,,
,,9549,,5.690813064575195,,,,,,,
6,,9549,,,,2.9347145557403564,-10.926730155944824,-11.514296531677246,2.9347145557403564,,
,,9599,,,223.37603569030762,,,,,,
,,9599,,21.630287170410156,,,,,,,
6,,9599,,,,2.9368748664855957,-10.785762786865234,-11.371870994567871,2.9368748664855957,,
,,9649,,,227.61940956115723,,,,,,
,,9649,,4.788875579833984,,,,,,,
6,,9649,,,,2.928670644760132,-10.767658233642578,-11.386261940002441,2.928670644760132,,
,,9699,,,229.34412956237793,,,,,,
,,9699,,22.662639617919922,,,,,,,
6,,9699,,,,2.9230105876922607,-10.665956497192383,-11.238615036010742,2.9230105876922607,,
,,9749,,,234.22813415527344,,,,,,
,,9749,,5.115509033203125,,,,,,,
6,,9749,,,,2.935350179672241,-10.98779296875,-11.568442344665527,2.935350179672241,,
,,9799,,,227.7853488922119,,,,,,
,,9799,,22.759199142456055,,,,,,,
6,,9799,,,,2.9217326641082764,-10.81728744506836,-11.419601440429688,2.9217326641082764,,
,,9849,,,218.37377548217773,,,,,,
,,9849,,4.424571990966797,,,,,,,
6,,9849,,,,2.926373243331909,-11.045841217041016,-11.60479736328125,2.926373243331909,,
,,9899,,,223.01101684570312,,,,,,
,,9899,,22.86505699157715,,,,,,,
6,,9899,,,,2.9326391220092773,-10.934694290161133,-11.49908447265625,2.9326391220092773,,
,,9949,,,220.2010154724121,,,,,,
,,9949,,4.67991828918457,,,,,,,
6,,9949,,,,2.9381582736968994,-10.652904510498047,-11.22342586517334,2.9381582736968994,,
,,9999,,,223.7100601196289,,,,,,
,,9999,,20.829439163208008,,,,,,,
6,,9999,,,,2.934534788131714,-10.659525871276855,-11.237372398376465,2.934534788131714,,
,,10049,,,222.93639183044434,,,,,,
,,10049,,5.49006462097168,,,,,,,
6,,10049,,,,2.9325616359710693,-10.7650728225708,-11.325051307678223,2.9325616359710693,,
,,10099,,,228.0595302581787,,,,,,
,,10099,,25.768518447875977,,,,,,,
6,,10099,,,,2.9332308769226074,-10.565603256225586,-11.162382125854492,2.9332308769226074,,
,,10149,,,237.7147674560547,,,,,,
,,10149,,5.263805389404297,,,,,,,
6,,10149,,,,2.9335968494415283,-10.815585136413574,-11.40091323852539,2.9335968494415283,,
,,10199,,,230.72075843811035,,,,,,
,,10199,,22.31621742248535,,,,,,,
6,,10199,,,,2.932255744934082,-10.977785110473633,-11.570588111877441,2.932255744934082,,
,,10249,,,229.56538200378418,,,,,,
,,10249,,4.604816436767578,,,,,,,
6,,10249,,,,2.930131196975708,-10.664897918701172,-11.252333641052246,2.930131196975708,,
,,10299,,,233.83259773254395,,,,,,
,,10299,,25.586605072021484,,,,,,,
6,,10299,,,,2.935451030731201,-11.125445365905762,-11.713860511779785,2.935451030731201,,
,,10349,,,226.5336513519287,,,,,,
,,10349,,4.364252090454102,,,,,,,
6,,10349,,,,2.925568103790283,-10.801248550415039,-11.370955467224121,2.925568103790283,,
,,10399,,,224.0302562713623,,,,,,
,,10399,,25.28548240661621,,,,,,,
6,,10399,,,,2.9290497303009033,-10.945062637329102,-11.532419204711914,2.9290497303009033,,
,,10449,,,226.09543800354004,,,,,,
,,10449,,5.568027496337891,,,,,,,
6,,10449,,,,2.934483766555786,-10.798490524291992,-11.384404182434082,2.934483766555786,,
,,10499,,,224.10869598388672,,,,,,
,,10499,,23.255348205566406,,,,,,,
6,,10499,,,,2.9348361492156982,-10.768537521362305,-11.357436180114746,2.9348361492156982,,
,,10549,,,223.69909286499023,,,,,,
,,10549,,4.789829254150391,,,,,,,
6,,10549,,,,2.931384563446045,-10.61190128326416,-11.206195831298828,2.931384563446045,,
,,10599,,,220.73864936828613,,,,,,
,,10599,,21.47674560546875,,,,,,,
6,,10599,,,,2.9360485076904297,-10.696520805358887,-11.257678031921387,2.9360485076904297,,
,,10649,,,220.8707332611084,,,,,,
,,10649,,3.841876983642578,,,,,,,
6,,10649,,,,2.9314537048339844,-10.525304794311523,-11.095717430114746,2.9314537048339844,,
,,10699,,,221.0371494293213,,,,,,
,,10699,,24.109840393066406,,,,,,,
6,,10699,,,,2.9434878826141357,-10.73287582397461,-11.334421157836914,2.9434878826141357,,
,,10749,,,239.04728889465332,,,,,,
,,10749,,3.9191246032714844,,,,,,,
6,,10749,,,,2.93205189704895,-11.064289093017578,-11.631357192993164,2.93205189704895,,
,,10799,,,240.00883102416992,,,,,,
,,10799,,22.015810012817383,,,,,,,
6,,10799,,,,2.9309027194976807,-10.651116371154785,-11.20077896118164,2.9309027194976807,,
,,10849,,,227.3416519165039,,,,,,
,,10849,,3.930330276489258,,,,,,,
6,,10849,,,,2.928880214691162,-11.043463706970215,-11.61185073852539,2.928880214691162,,
,,10899,,,232.07354545593262,,,,,,
,,10899,,24.49321746826172,,,,,,,
6,,10899,,,,2.934295892715454,-10.957934379577637,-11.546833038330078,2.934295892715454,,
6,,10940,,,,,,,,-10.780919075012207,-11.303979873657227
,,10941,399.77430534362793,,,,,,,,
,0.0003,10941,,,,,,,,,
,,10949,,,227.8909683227539,,,,,,
,,10949,,4.013299942016602,,,,,,,
7,,10949,,,,2.929788112640381,-10.620594024658203,-11.228500366210938,2.929788112640381,,
,,10999,,,220.5526828765869,,,,,,
,,10999,,25.96902847290039,,,,,,,
7,,10999,,,,2.936871290206909,-10.989025115966797,-11.58055591583252,2.936871290206909,,
,,11049,,,227.98824310302734,,,,,,
,,11049,,3.9114952087402344,,,,,,,
7,,11049,,,,2.935060739517212,-10.697417259216309,-11.30268383026123,2.935060739517212,,
,,11099,,,227.6308536529541,,,,,,
,,11099,,25.483369827270508,,,,,,,
7,,11099,,,,2.930612325668335,-10.718282699584961,-11.297144889831543,2.930612325668335,,
,,11149,,,228.56521606445312,,,,,,
,,11149,,5.094766616821289,,,,,,,
7,,11149,,,,2.9208648204803467,-10.705015182495117,-11.27823543548584,2.9208648204803467,,
,,11199,,,225.67391395568848,,,,,,
,,11199,,23.76079559326172,,,,,,,
7,,11199,,,,2.9260919094085693,-10.728225708007812,-11.30565357208252,2.9260919094085693,,
,,11249,,,230.20195960998535,,,,,,
,,11249,,4.890918731689453,,,,,,,
7,,11249,,,,2.931711435317993,-10.769259452819824,-11.33968734741211,2.931711435317993,,
,,11299,,,222.07283973693848,,,,,,
,,11299,,21.693706512451172,,,,,,,
7,,11299,,,,2.932088851928711,-10.90644645690918,-11.454866409301758,2.932088851928711,,
,,11349,,,245.44858932495117,,,,,,
,,11349,,6.248950958251953,,,,,,,
7,,11349,,,,2.9367449283599854,-10.688928604125977,-11.239594459533691,2.9367449283599854,,
,,11399,,,234.4527244567871,,,,,,
,,11399,,22.218942642211914,,,,,,,
7,,11399,,,,2.9340107440948486,-10.899412155151367,-11.432721138000488,2.9340107440948486,,
,,11449,,,231.6446304321289,,,,,,
,,11449,,4.729986190795898,,,,,,,
7,,11449,,,,2.9380180835723877,-10.630446434020996,-11.192492485046387,2.9380180835723877,,
,,11499,,,234.3595027923584,,,,,,
,,11499,,23.83899688720703,,,,,,,
7,,11499,,,,2.9311909675598145,-10.653522491455078,-11.225312232971191,2.9311909675598145,,
,,11549,,,220.99065780639648,,,,,,
,,11549,,4.630804061889648,,,,,,,
7,,11549,,,,2.9316651821136475,-10.735137939453125,-11.28207778930664,2.9316651821136475,,
,,11599,,,228.09910774230957,,,,,,
,,11599,,23.415327072143555,,,,,,,
7,,11599,,,,2.93383526802063,-10.977522850036621,-11.519218444824219,2.93383526802063,,
,,11649,,,227.0352840423584,,,,,,
,,11649,,4.611968994140625,,,,,,,
7,,11649,,,,2.9330224990844727,-11.000555992126465,-11.590721130371094,2.9330224990844727,,
,,11699,,,228.02257537841797,,,,,,
,,11699,,20.763635635375977,,,,,,,
7,,11699,,,,2.93749737739563,-10.89333724975586,-11.453967094421387,2.93749737739563,,
,,11749,,,219.40135955810547,,,,,,
,,11749,,2.434253692626953,,,,,,,
7,,11749,,,,2.9348397254943848,-10.610234260559082,-11.188286781311035,2.9348397254943848,,
,,11799,,,222.16248512268066,,,,,,
,,11799,,19.98758316040039,,,,,,,
7,,11799,,,,2.9313888549804688,-10.617473602294922,-11.164169311523438,2.9313888549804688,,
,,11849,,,219.60067749023438,,,,,,
,,11849,,4.268169403076172,,,,,,,
7,,11849,,,,2.9327893257141113,-10.694038391113281,-11.263402938842773,2.9327893257141113,,
,,11899,,,213.5159969329834,,,,,,
,,11899,,20.560264587402344,,,,,,,
7,,11899,,,,2.935140371322632,-10.795576095581055,-11.328431129455566,2.935140371322632,,
,,11949,,,226.20010375976562,,,,,,
,,11949,,2.8874874114990234,,,,,,,
7,,11949,,,,2.934889554977417,-10.873922348022461,-11.416923522949219,2.934889554977417,,
,,11999,,,216.26543998718262,,,,,,
,,11999,,20.163297653198242,,,,,,,
7,,11999,,,,2.9318814277648926,-10.840081214904785,-11.370858192443848,2.9318814277648926,,
,,12049,,,221.419095993042,,,,,,
,,12049,,2.5663375854492188,,,,,,,
7,,12049,,,,2.9354326725006104,-10.928070068359375,-11.479135513305664,2.9354326725006104,,
,,12099,,,225.7387638092041,,,,,,
,,12099,,26.604413986206055,,,,,,,
7,,12099,,,,2.9304590225219727,-10.741539001464844,-11.321813583374023,2.9304590225219727,,
,,12149,,,225.37660598754883,,,,,,
,,12149,,2.485990524291992,,,,,,,
7,,12149,,,,2.9347593784332275,-10.85495376586914,-11.442669868469238,2.9347593784332275,,
,,12199,,,216.6886329650879,,,,,,
,,12199,,20.427703857421875,,,,,,,
7,,12199,,,,2.9348528385162354,-10.832890510559082,-11.394414901733398,2.9348528385162354,,
,,12249,,,228.11150550842285,,,,,,
,,12249,,2.6962757110595703,,,,,,,
7,,12249,,,,2.9385266304016113,-10.549059867858887,-11.110695838928223,2.9385266304016113,,
,,12299,,,223.24728965759277,,,,,,
,,12299,,22.882938385009766,,,,,,,
7,,12299,,,,2.9316835403442383,-10.700716018676758,-11.253863334655762,2.9316835403442383,,
,,12349,,,224.09605979919434,,,,,,
,,12349,,2.724170684814453,,,,,,,
7,,12349,,,,2.9314982891082764,-11.010274887084961,-11.590292930603027,2.9314982891082764,,
,,12399,,,214.8416042327881,,,,,,
,,12399,,20.22719383239746,,,,,,,
7,,12399,,,,2.9280877113342285,-10.834611892700195,-11.372659683227539,2.9280877113342285,,
,,12449,,,211.8525505065918,,,,,,
,,12449,,2.470254898071289,,,,,,,
7,,12449,,,,2.9378905296325684,-10.763923645019531,-11.319108963012695,2.9378905296325684,,
,,12499,,,221.6506004333496,,,,,,
,,12499,,27.214765548706055,,,,,,,
7,,12499,,,,2.9252960681915283,-10.631792068481445,-11.184195518493652,2.9252960681915283,,
7,,12503,,,,,,,,-10.74731159210205,-11.241497993469238
,,12504,391.2210078239441,,,,,,,,
,0.0003,12504,,,,,,,,,
,,12549,,,548.4910011291504,,,,,,
,,12549,,2.380847930908203,,,,,,,
8,,12549,,,,2.937614917755127,-10.746533393859863,-11.286260604858398,2.937614917755127,,
,,12599,,,216.0954475402832,,,,,,
,,12599,,19.92940902709961,,,,,,,
8,,12599,,,,2.9323570728302,-10.850217819213867,-11.384504318237305,2.9323570728302,,
,,12649,,,223.52266311645508,,,,,,
,,12649,,2.3546218872070312,,,,,,,
8,,12649,,,,2.9292004108428955,-11.003631591796875,-11.60269546508789,2.9292004108428955,,
,,12699,,,219.12288665771484,,,,,,
,,12699,,20.274639129638672,,,,,,,
8,,12699,,,,2.9353368282318115,-10.900629997253418,-11.491284370422363,2.9353368282318115,,
,,12749,,,214.0491008758545,,,,,,
,,12749,,2.5725364685058594,,,,,,,
8,,12749,,,,2.937598705291748,-10.992396354675293,-11.550704956054688,2.937598705291748,,
,,12799,,,219.32315826416016,,,,,,
,,12799,,20.39813995361328,,,,,,,
8,,12799,,,,2.939638614654541,-10.84255313873291,-11.409605026245117,2.939638614654541,,
,,12849,,,223.91176223754883,,,,,,
,,12849,,4.330158233642578,,,,,,,
8,,12849,,,,2.9420995712280273,-10.83593463897705,-11.370532989501953,2.9420995712280273,,
,,12899,,,216.99285507202148,,,,,,
,,12899,,20.4010009765625,,,,,,,
8,,12899,,,,2.9342291355133057,-11.027677536010742,-11.581099510192871,2.9342291355133057,,
,,12949,,,211.0576629638672,,,,,,
,,12949,,2.3801326751708984,,,,,,,
8,,12949,,,,2.935704231262207,-10.74848461151123,-11.310683250427246,2.935704231262207,,
,,12999,,,212.5091552734375,,,,,,
,,12999,,23.900747299194336,,,,,,,
8,,12999,,,,2.937352180480957,-10.671793937683105,-11.230534553527832,2.937352180480957,,
,,13049,,,216.60661697387695,,,,,,
,,13049,,4.240512847900391,,,,,,,
8,,13049,,,,2.9280638694763184,-10.853157043457031,-11.38405990600586,2.9280638694763184,,
,,13099,,,219.55132484436035,,,,,,
,,13099,,20.32017707824707,,,,,,,
8,,13099,,,,2.9317386150360107,-11.077091217041016,-11.697304725646973,2.9317386150360107,,
,,13149,,,216.27116203308105,,,,,,
,,13149,,2.5048255920410156,,,,,,,
8,,13149,,,,2.9314892292022705,-10.862470626831055,-11.413249015808105,2.9314892292022705,,
,,13199,,,224.15947914123535,,,,,,
,,13199,,25.76589584350586,,,,,,,
8,,13199,,,,2.9335849285125732,-10.758167266845703,-11.311335563659668,2.9335849285125732,,
,,13249,,,211.0157012939453,,,,,,
,,13249,,2.454042434692383,,,,,,,
8,,13249,,,,2.9345550537109375,-11.229887008666992,-11.792049407958984,2.9345550537109375,,
,,13299,,,225.33702850341797,,,,,,
,,13299,,20.751476287841797,,,,,,,
8,,13299,,,,2.9333693981170654,-10.627605438232422,-11.23315143585205,2.9333693981170654,,
,,13349,,,231.51850700378418,,,,,,
,,13349,,4.655361175537109,,,,,,,
8,,13349,,,,2.9301817417144775,-11.008195877075195,-11.559931755065918,2.9301817417144775,,
,,13399,,,223.1922149658203,,,,,,
,,13399,,23.32782745361328,,,,,,,
8,,13399,,,,2.9272875785827637,-10.796034812927246,-11.35162353515625,2.9272875785827637,,
,,13449,,,227.3857593536377,,,,,,
,,13449,,4.758119583129883,,,,,,,
8,,13449,,,,2.93472957611084,-10.597668647766113,-11.145246505737305,2.93472957611084,,
,,13499,,,220.67904472351074,,,,,,
,,13499,,22.98426628112793,,,,,,,
8,,13499,,,,2.939211130142212,-11.009414672851562,-11.530380249023438,2.939211130142212,,
,,13549,,,222.78904914855957,,,,,,
,,13549,,4.586935043334961,,,,,,,
8,,13549,,,,2.938202381134033,-10.788742065429688,-11.323972702026367,2.938202381134033,,
,,13599,,,227.56099700927734,,,,,,
,,13599,,23.966073989868164,,,,,,,
8,,13599,,,,2.930739402770996,-10.76396369934082,-11.314985275268555,2.930739402770996,,
,,13649,,,225.23093223571777,,,,,,
,,13649,,5.338430404663086,,,,,,,
8,,13649,,,,2.9361202716827393,-10.851673126220703,-11.403979301452637,2.9361202716827393,,
,,13699,,,221.42720222473145,,,,,,
,,13699,,24.534225463867188,,,,,,,
8,,13699,,,,2.933302640914917,-10.933696746826172,-11.451045989990234,2.933302640914917,,
,,13749,,,223.83427619934082,,,,,,
,,13749,,5.400657653808594,,,,,,,
8,,13749,,,,2.9290599822998047,-10.799627304077148,-11.359257698059082,2.9290599822998047,,
,,13799,,,221.1918830871582,,,,,,
,,13799,,20.687103271484375,,,,,,,
8,,13799,,,,2.925657033920288,-10.807332992553711,-11.337197303771973,2.925657033920288,,
,,13849,,,223.95992279052734,,,,,,
,,13849,,5.543708801269531,,,,,,,
8,,13849,,,,2.9319372177124023,-10.655981063842773,-11.16903305053711,2.9319372177124023,,
,,13899,,,219.6941375732422,,,,,,
,,13899,,21.709203720092773,,,,,,,
8,,13899,,,,2.9396939277648926,-11.087541580200195,-11.624394416809082,2.9396939277648926,,
,,13949,,,224.22361373901367,,,,,,
,,13949,,5.077362060546875,,,,,,,
8,,13949,,,,2.9341180324554443,-10.638389587402344,-11.182621955871582,2.9341180324554443,,
,,13999,,,229.31694984436035,,,,,,
,,13999,,24.85036849975586,,,,,,,
8,,13999,,,,2.937619924545288,-10.578414916992188,-11.121081352233887,2.937619924545288,,
,,14049,,,228.89351844787598,,,,,,
,,14049,,3.7894248962402344,,,,,,,
8,,14049,,,,2.93392276763916,-10.728446960449219,-11.273862838745117,2.93392276763916,,
8,,14066,,,,,,,,-10.749475479125977,-11.237574577331543
,,14067,389.72573471069336,,,,,,,,
,0.0003,14067,,,,,,,,,
,,14099,,,227.9672622680664,,,,,,
,,14099,,23.293495178222656,,,,,,,
9,,14099,,,,2.9353418350219727,-10.522309303283691,-11.060683250427246,2.9353418350219727,,
,,14149,,,224.80392456054688,,,,,,
,,14149,,3.2296180725097656,,,,,,,
9,,14149,,,,2.931037187576294,-10.90096378326416,-11.431732177734375,2.931037187576294,,
,,14199,,,225.65841674804688,,,,,,
,,14199,,22.2318172454834,,,,,,,
9,,14199,,,,2.9285833835601807,-10.480683326721191,-11.025907516479492,2.9285833835601807,,
,,14249,,,225.8760929107666,,,,,,
,,14249,,4.418611526489258,,,,,,,
9,,14249,,,,2.934579372406006,-10.940553665161133,-11.467544555664062,2.934579372406006,,
,,14299,,,225.0657081604004,,,,,,
,,14299,,21.818876266479492,,,,,,,
9,,14299,,,,2.92608642578125,-10.570609092712402,-11.089093208312988,2.92608642578125,,
,,14349,,,226.49502754211426,,,,,,
,,14349,,3.458261489868164,,,,,,,
9,,14349,,,,2.92757511138916,-10.629301071166992,-11.142060279846191,2.92757511138916,,
,,14399,,,218.0635929107666,,,,,,
,,14399,,23.566246032714844,,,,,,,
9,,14399,,,,2.94360613822937,-10.809343338012695,-11.35474681854248,2.94360613822937,,
,,14449,,,223.16956520080566,,,,,,
,,14449,,3.4859180450439453,,,,,,,
9,,14449,,,,2.9375412464141846,-10.760268211364746,-11.300416946411133,2.9375412464141846,,
,,14499,,,223.16360473632812,,,,,,
,,14499,,22.912025451660156,,,,,,,
9,,14499,,,,2.9330828189849854,-10.833889961242676,-11.370634078979492,2.9330828189849854,,
,,14549,,,220.8998203277588,,,,,,
,,14549,,5.320310592651367,,,,,,,
9,,14549,,,,2.9377312660217285,-10.63347339630127,-11.134763717651367,2.9377312660217285,,
,,14599,,,229.90942001342773,,,,,,
,,14599,,20.766019821166992,,,,,,,
9,,14599,,,,2.930490255355835,-10.81587028503418,-11.365962028503418,2.930490255355835,,
,,14649,,,226.8233299255371,,,,,,
,,14649,,3.6072731018066406,,,,,,,
9,,14649,,,,2.9314050674438477,-10.710925102233887,-11.258096694946289,2.9314050674438477,,
,,14699,,,221.2517261505127,,,,,,
,,14699,,21.662473678588867,,,,,,,
9,,14699,,,,2.9342989921569824,-10.654729843139648,-11.18759536743164,2.9342989921569824,,
,,14749,,,221.53759002685547,,,,,,
,,14749,,3.6869049072265625,,,,,,,
9,,14749,,,,2.930657386779785,-10.749286651611328,-11.289987564086914,2.930657386779785,,
,,14799,,,216.13502502441406,,,,,,
,,14799,,20.348072052001953,,,,,,,
9,,14799,,,,2.9347991943359375,-10.617072105407715,-11.134055137634277,2.9347991943359375,,
,,14849,,,213.27829360961914,,,,,,
,,14849,,2.3810863494873047,,,,,,,
9,,14849,,,,2.92742657661438,-10.649919509887695,-11.172197341918945,2.92742657661438,,
,,14899,,,210.5543613433838,,,,,,
,,14899,,19.70505714416504,,,,,,,
9,,14899,,,,2.9244024753570557,-10.648334503173828,-11.18955135345459,2.9244024753570557,,
,,14949,,,220.1528549194336,,,,,,
,,14949,,3.4029483795166016,,,,,,,
9,,14949,,,,2.933382511138916,-11.08187198638916,-11.620251655578613,2.933382511138916,,
,,14999,,,213.20319175720215,,,,,,
,,14999,,20.190954208374023,,,,,,,
9,,14999,,,,2.930605411529541,-10.875903129577637,-11.41585922241211,2.930605411529541,,
,,15049,,,214.89357948303223,,,,,,
,,15049,,2.4454593658447266,,,,,,,
9,,15049,,,,2.9360406398773193,-10.814727783203125,-11.332199096679688,2.9360406398773193,,
,,15099,,,211.64321899414062,,,,,,
,,15099,,26.859045028686523,,,,,,,
9,,15099,,,,2.9353535175323486,-10.692840576171875,-11.21214771270752,2.9353535175323486,,
,,15149,,,211.81106567382812,,,,,,
,,15149,,2.824068069458008,,,,,,,
9,,15149,,,,2.937365770339966,-10.855762481689453,-11.375683784484863,2.937365770339966,,
,,15199,,,215.82794189453125,,,,,,
,,15199,,20.000219345092773,,,,,,,
9,,15199,,,,2.934096574783325,-10.697182655334473,-11.225041389465332,2.934096574783325,,
,,15249,,,223.13213348388672,,,,,,
,,15249,,3.2448768615722656,,,,,,,
9,,15249,,,,2.937068462371826,-10.806755065917969,-11.30389404296875,2.937068462371826,,
,,15299,,,229.72655296325684,,,,,,
,,15299,,21.517276763916016,,,,,,,
9,,15299,,,,2.940952777862549,-10.654448509216309,-11.185739517211914,2.940952777862549,,
,,15349,,,221.86756134033203,,,,,,
,,15349,,4.202604293823242,,,,,,,
9,,15349,,,,2.9301931858062744,-10.805904388427734,-11.311965942382812,2.9301931858062744,,
,,15399,,,226.68170928955078,,,,,,
,,15399,,25.533199310302734,,,,,,,
9,,15399,,,,2.940477132797241,-10.962104797363281,-11.476716041564941,2.940477132797241,,
,,15449,,,223.26970100402832,,,,,,
,,15449,,4.2400360107421875,,,,,,,
9,,15449,,,,2.927757501602173,-10.399871826171875,-10.917181968688965,2.927757501602173,,
,,15499,,,222.11074829101562,,,,,,
,,15499,,21.946191787719727,,,,,,,
9,,15499,,,,2.9304728507995605,-10.522210121154785,-11.06167221069336,2.9304728507995605,,
,,15549,,,226.10020637512207,,,,,,
,,15549,,3.720998764038086,,,,,,,
9,,15549,,,,2.9335272312164307,-10.781094551086426,-11.302984237670898,2.9335272312164307,,
,,15599,,,224.84111785888672,,,,,,
,,15599,,22.69148826599121,,,,,,,
9,,15599,,,,2.936331033706665,-10.734779357910156,-11.26070785522461,2.936331033706665,,
9,,15629,,,,,,,,-10.708869934082031,-11.172114372253418
,,15630,388.571341753006,,,,,,,,
,0.0003,15630,,,,,,,,,
,,15649,,,233.9770793914795,,,,,,
,,15649,,5.430698394775391,,,,,,,
10,,15649,,,,2.932063579559326,-10.542442321777344,-11.085829734802246,2.932063579559326,,
,,15699,,,228.43647003173828,,,,,,
,,15699,,21.300077438354492,,,,,,,
10,,15699,,,,2.9309322834014893,-10.599431991577148,-11.133575439453125,2.9309322834014893,,
,,15749,,,222.7463722229004,,,,,,
,,15749,,4.136323928833008,,,,,,,
10,,15749,,,,2.932194471359253,-10.864130020141602,-11.391891479492188,2.932194471359253,,
,,15799,,,233.99615287780762,,,,,,
,,15799,,24.701595306396484,,,,,,,
10,,15799,,,,2.9279351234436035,-10.508634567260742,-11.02029037475586,2.9279351234436035,,
,,15849,,,226.40228271484375,,,,,,
,,15849,,4.009008407592773,,,,,,,
10,,15849,,,,2.939105749130249,-10.516338348388672,-11.032228469848633,2.939105749130249,,
,,15899,,,228.6059856414795,,,,,,
,,15899,,22.391080856323242,,,,,,,
10,,15899,,,,2.93316388130188,-11.08091926574707,-11.59669303894043,2.93316388130188,,
,,15949,,,225.58999061584473,,,,,,
,,15949,,3.8237571716308594,,,,,,,
10,,15949,,,,2.933194160461426,-10.681167602539062,-11.206330299377441,2.933194160461426,,
,,15999,,,229.1557788848877,,,,,,
,,15999,,23.738384246826172,,,,,,,
10,,15999,,,,2.94106125831604,-10.53816032409668,-11.039358139038086,2.94106125831604,,
,,16049,,,225.6948947906494,,,,,,
,,16049,,3.9072036743164062,,,,,,,
10,,16049,,,,2.932056188583374,-10.536928176879883,-11.049955368041992,2.932056188583374,,
,,16099,,,234.90142822265625,,,,,,
,,16099,,21.348237991333008,,,,,,,
10,,16099,,,,2.936108112335205,-10.845133781433105,-11.395060539245605,2.936108112335205,,
,,16149,,,224.66349601745605,,,,,,
,,16149,,3.6878585815429688,,,,,,,
10,,16149,,,,2.936755418777466,-10.483055114746094,-10.997790336608887,2.936755418777466,,
,,16199,,,225.28886795043945,,,,,,
,,16199,,22.247314453125,,,,,,,
10,,16199,,,,2.934926748275757,-10.682851791381836,-11.222797393798828,2.934926748275757,,
,,16249,,,228.55544090270996,,,,,,
,,16249,,3.4499168395996094,,,,,,,
10,,16249,,,,2.9357244968414307,-10.720417022705078,-11.2354736328125,2.9357244968414307,,
,,16299,,,221.71592712402344,,,,,,
,,16299,,23.368120193481445,,,,,,,
10,,16299,,,,2.937056303024292,-10.822349548339844,-11.357847213745117,2.937056303024292,,
,,16349,,,222.7783203125,,,,,,
,,16349,,5.076169967651367,,,,,,,
10,,16349,,,,2.932708978652954,-10.773229598999023,-11.303520202636719,2.932708978652954,,
,,16399,,,224.5950698852539,,,,,,
,,16399,,21.208763122558594,,,,,,,
10,,16399,,,,2.932574510574341,-10.864533424377441,-11.362919807434082,2.932574510574341,,
,,16449,,,229.1412353515625,,,,,,
,,16449,,5.32841682434082,,,,,,,
10,,16449,,,,2.9396393299102783,-10.813285827636719,-11.322272300720215,2.9396393299102783,,
,,16499,,,220.06583213806152,,,,,,
,,16499,,23.004531860351562,,,,,,,
10,,16499,,,,2.9388952255249023,-10.568227767944336,-11.103347778320312,2.9388952255249023,,
,,16549,,,229.3543815612793,,,,,,
,,16549,,6.049156188964844,,,,,,,
10,,16549,,,,2.937899112701416,-10.675317764282227,-11.190754890441895,2.937899112701416,,
,,16599,,,229.60686683654785,,,,,,
,,16599,,21.497011184692383,,,,,,,
10,,16599,,,,2.9317641258239746,-10.691396713256836,-11.190180778503418,2.9317641258239746,,
,,16649,,,225.4326343536377,,,,,,
,,16649,,5.596160888671875,,,,,,,
10,,16649,,,,2.9329779148101807,-10.641539573669434,-11.169984817504883,2.9329779148101807,,
,,16699,,,222.1822738647461,,,,,,
,,16699,,21.20375633239746,,,,,,,
10,,16699,,,,2.9421486854553223,-10.786125183105469,-11.291796684265137,2.9421486854553223,,
,,16749,,,223.60610961914062,,,,,,
,,16749,,4.703044891357422,,,,,,,
10,,16749,,,,2.9349169731140137,-10.45625114440918,-11.01346492767334,2.9349169731140137,,
,,16799,,,211.78150177001953,,,,,,
,,16799,,24.666786193847656,,,,,,,
10,,16799,,,,2.9383111000061035,-10.636079788208008,-11.148674011230469,2.9383111000061035,,
,,16849,,,226.50599479675293,,,,,,
,,16849,,4.517078399658203,,,,,,,
10,,16849,,,,2.940647840499878,-10.619038581848145,-11.087164878845215,2.940647840499878,,
,,16899,,,222.4586009979248,,,,,,
,,16899,,19.991397857666016,,,,,,,
10,,16899,,,,2.936969757080078,-10.675793647766113,-11.20053768157959,2.936969757080078,,
,,16949,,,217.0560359954834,,,,,,
,,16949,,2.6280879974365234,,,,,,,
10,,16949,,,,2.9313676357269287,-11.012575149536133,-11.541831016540527,2.9313676357269287,,
,,16999,,,224.440336227417,,,,,,
,,16999,,23.128986358642578,,,,,,,
10,,16999,,,,2.935640811920166,-10.695211410522461,-11.237690925598145,2.935640811920166,,
,,17049,,,218.99724006652832,,,,,,
,,17049,,2.603769302368164,,,,,,,
10,,17049,,,,2.931081771850586,-10.79073429107666,-11.300129890441895,2.931081771850586,,
,,17099,,,222.30291366577148,,,,,,
,,17099,,24.333715438842773,,,,,,,
10,,17099,,,,2.939098358154297,-10.836236953735352,-11.363228797912598,2.939098358154297,,
,,17149,,,211.55047416687012,,,,,,
,,17149,,2.4449825286865234,,,,,,,
10,,17149,,,,2.9336822032928467,-10.650120735168457,-11.14269733428955,2.9336822032928467,,
10,,17192,,,,,,,,-10.718482971191406,-11.178945541381836
,,17193,393.7499580383301,,,,,,,,
,0.0003,17193,,,,,,,,,
,,17199,,,222.55587577819824,,,,,,
,,17199,,22.272109985351562,,,,,,,
11,,17199,,,,2.937258005142212,-10.522628784179688,-11.010773658752441,2.937258005142212,,
,,17249,,,218.77622604370117,,,,,,
,,17249,,2.4552345275878906,,,,,,,
11,,17249,,,,2.9402687549591064,-10.788679122924805,-11.287660598754883,2.9402687549591064,,
,,17299,,,224.81298446655273,,,,,,
,,17299,,23.678302764892578,,,,,,,
11,,17299,,,,2.932384490966797,-10.681294441223145,-11.201993942260742,2.932384490966797,,
,,17349,,,225.12435913085938,,,,,,
,,17349,,3.8483142852783203,,,,,,,
11,,17349,,,,2.930231809616089,-10.807225227355957,-11.33958625793457,2.930231809616089,,
,,17399,,,223.93226623535156,,,,,,
,,17399,,21.515607833862305,,,,,,,
11,,17399,,,,2.9402730464935303,-10.541542053222656,-11.05731201171875,2.9402730464935303,,
,,17449,,,236.61160469055176,,,,,,
,,17449,,5.562067031860352,,,,,,,
11,,17449,,,,2.9372150897979736,-10.830682754516602,-11.3634614944458,2.9372150897979736,,
,,17499,,,227.24413871765137,,,,,,
,,17499,,23.157596588134766,,,,,,,
11,,17499,,,,2.9312584400177,-10.84208869934082,-11.357305526733398,2.9312584400177,,
,,17549,,,228.5928726196289,,,,,,
,,17549,,3.3974647521972656,,,,,,,
11,,17549,,,,2.931955099105835,-10.802882194519043,-11.328031539916992,2.931955099105835,,
,,17599,,,220.05844116210938,,,,,,
,,17599,,23.682117462158203,,,,,,,
11,,17599,,,,2.9321916103363037,-10.861978530883789,-11.37167739868164,2.9321916103363037,,
,,17649,,,224.75290298461914,,,,,,
,,17649,,5.734682083129883,,,,,,,
11,,17649,,,,2.9337992668151855,-10.596439361572266,-11.082110404968262,2.9337992668151855,,
,,17699,,,226.90629959106445,,,,,,
,,17699,,21.9571590423584,,,,,,,
11,,17699,,,,2.934955358505249,-10.619407653808594,-11.14278507232666,2.934955358505249,,
,,17749,,,234.52019691467285,,,,,,
,,17749,,4.150390625,,,,,,,
11,,17749,,,,2.9393749237060547,-10.488375663757324,-10.998769760131836,2.9393749237060547,,
,,17799,,,219.26069259643555,,,,,,
,,17799,,20.566225051879883,,,,,,,
11,,17799,,,,2.937246084213257,-10.663459777832031,-11.163003921508789,2.937246084213257,,
,,17849,,,222.71203994750977,,,,,,
,,17849,,3.618955612182617,,,,,,,
11,,17849,,,,2.92907977104187,-10.72148323059082,-11.237226486206055,2.92907977104187,,
,,17899,,,222.11241722106934,,,,,,
,,17899,,22.107362747192383,,,,,,,
11,,17899,,,,2.9287474155426025,-10.877979278564453,-11.39232349395752,2.9287474155426025,,
,,17949,,,224.16257858276367,,,,,,
,,17949,,3.411531448364258,,,,,,,
11,,17949,,,,2.9367852210998535,-10.735958099365234,-11.249273300170898,2.9367852210998535,,
,,17999,,,227.39148139953613,,,,,,
,,17999,,21.460771560668945,,,,,,,
11,,17999,,,,2.937129497528076,-10.708415985107422,-11.221586227416992,2.937129497528076,,
,,18049,,,250.23818016052246,,,,,,
,,18049,,4.388332366943359,,,,,,,
11,,18049,,,,2.938133716583252,-10.656717300415039,-11.162528991699219,2.938133716583252,,
,,18099,,,220.78251838684082,,,,,,
,,18099,,25.89273452758789,,,,,,,
11,,18099,,,,2.939436197280884,-10.847330093383789,-11.363776206970215,2.939436197280884,,
,,18149,,,221.82369232177734,,,,,,
,,18149,,3.4301280975341797,,,,,,,
11,,18149,,,,2.933805227279663,-10.478190422058105,-10.987797737121582,2.933805227279663,,
,,18199,,,224.82585906982422,,,,,,
,,18199,,22.66526222229004,,,,,,,
11,,18199,,,,2.939265727996826,-10.436627388000488,-10.942617416381836,2.939265727996826,,
,,18249,,,225.34584999084473,,,,,,
,,18249,,4.832267761230469,,,,,,,
11,,18249,,,,2.9351840019226074,-10.918487548828125,-11.440260887145996,2.9351840019226074,,
,,18299,,,220.61610221862793,,,,,,
,,18299,,20.739078521728516,,,,,,,
11,,18299,,,,2.9316532611846924,-11.116883277893066,-11.633689880371094,2.9316532611846924,,
,,18349,,,227.16069221496582,,,,,,
,,18349,,3.8475990295410156,,,,,,,
11,,18349,,,,2.932180166244507,-10.703385353088379,-11.224584579467773,2.932180166244507,,
,,18399,,,224.98822212219238,,,,,,
,,18399,,20.55835723876953,,,,,,,
11,,18399,,,,2.9282641410827637,-10.782241821289062,-11.285776138305664,2.9282641410827637,,
,,18449,,,221.48680686950684,,,,,,
,,18449,,3.3931732177734375,,,,,,,
11,,18449,,,,2.945589780807495,-10.796528816223145,-11.286561965942383,2.945589780807495,,
,,18499,,,230.9260368347168,,,,,,
,,18499,,23.940086364746094,,,,,,,
11,,18499,,,,2.9374051094055176,-10.582974433898926,-11.096379280090332,2.9374051094055176,,
,,18549,,,233.40535163879395,,,,,,
,,18549,,4.254341125488281,,,,,,,
11,,18549,,,,2.9303207397460938,-10.983491897583008,-11.490707397460938,2.9303207397460938,,
,,18599,,,224.26962852478027,,,,,,
,,18599,,21.270275115966797,,,,,,,
11,,18599,,,,2.9337472915649414,-10.567994117736816,-11.092400550842285,2.9337472915649414,,
,,18649,,,226.67217254638672,,,,,,
,,18649,,4.134654998779297,,,,,,,
11,,18649,,,,2.941013813018799,-10.593994140625,-11.116066932678223,2.941013813018799,,
,,18699,,,226.20129585266113,,,,,,
,,18699,,22.058725357055664,,,,,,,
11,,18699,,,,2.943162679672241,-10.512969970703125,-10.995905876159668,2.943162679672241,,
,,18749,,,246.11926078796387,,,,,,
,,18749,,3.8907527923583984,,,,,,,
11,,18749,,,,2.9352471828460693,-10.9279203414917,-11.443037033081055,2.9352471828460693,,
11,,18755,,,,,,,,-10.704760551452637,-11.158462524414062
,,18756,394.71755361557007,,,,,,,,
,0.0003,18756,,,,,,,,,
,,18799,,,229.3717861175537,,,,,,
,,18799,,22.901535034179688,,,,,,,
12,,18799,,,,2.9368093013763428,-10.750144958496094,-11.252087593078613,2.9368093013763428,,
,,18849,,,223.02508354187012,,,,,,
,,18849,,5.360603332519531,,,,,,,
12,,18849,,,,2.9318675994873047,-10.893379211425781,-11.405839920043945,2.9318675994873047,,
,,18899,,,225.39567947387695,,,,,,
,,18899,,21.100282669067383,,,,,,,
12,,18899,,,,2.928623676300049,-10.809503555297852,-11.320059776306152,2.928623676300049,,
,,18949,,,220.55625915527344,,,,,,
,,18949,,3.8826465606689453,,,,,,,
12,,18949,,,,2.9377167224884033,-10.475889205932617,-11.000295639038086,2.9377167224884033,,
,,18999,,,233.62398147583008,,,,,,
,,18999,,21.294355392456055,,,,,,,
12,,18999,,,,2.9289708137512207,-10.714998245239258,-11.222859382629395,2.9289708137512207,,
,,19049,,,224.7762680053711,,,,,,
,,19049,,4.690885543823242,,,,,,,
12,,19049,,,,2.933681011199951,-10.655235290527344,-11.146750450134277,2.933681011199951,,
,,19099,,,236.45448684692383,,,,,,
,,19099,,23.341655731201172,,,,,,,
12,,19099,,,,2.935508966445923,-10.656604766845703,-11.164682388305664,2.935508966445923,,
,,19149,,,229.84886169433594,,,,,,
,,19149,,4.914760589599609,,,,,,,
12,,19149,,,,2.942105293273926,-10.827199935913086,-11.316058158874512,2.942105293273926,,
,,19199,,,235.48555374145508,,,,,,
,,19199,,22.463083267211914,,,,,,,
12,,19199,,,,2.9351773262023926,-10.763284683227539,-11.243021965026855,2.9351773262023926,,
,,19249,,,224.03454780578613,,,,,,
,,19249,,5.660772323608398,,,,,,,
12,,19249,,,,2.9316089153289795,-10.680854797363281,-11.179811477661133,2.9316089153289795,,
,,19299,,,226.8049716949463,,,,,,
,,19299,,21.760225296020508,,,,,,,
12,,19299,,,,2.9391300678253174,-10.991508483886719,-11.49100399017334,2.9391300678253174,,
,,19349,,,219.14291381835938,,,,,,
,,19349,,4.080057144165039,,,,,,,
12,,19349,,,,2.9351110458374023,-10.839743614196777,-11.32365608215332,2.9351110458374023,,
,,19399,,,225.82697868347168,,,,,,
,,19399,,24.251937866210938,,,,,,,
12,,19399,,,,2.935195207595825,-10.728578567504883,-11.256915092468262,2.935195207595825,,
,,19449,,,224.69758987426758,,,,,,
,,19449,,3.672361373901367,,,,,,,
12,,19449,,,,2.9324681758880615,-10.50191879272461,-10.997896194458008,2.9324681758880615,,
,,19499,,,225.97551345825195,,,,,,
,,19499,,21.56662940979004,,,,,,,
12,,19499,,,,2.93166446685791,-10.521451950073242,-11.023200035095215,2.93166446685791,,
,,19549,,,228.8813591003418,,,,,,
,,19549,,4.962921142578125,,,,,,,
12,,19549,,,,2.932994842529297,-10.894535064697266,-11.401288986206055,2.932994842529297,,
,,19599,,,220.52884101867676,,,,,,
,,19599,,20.451784133911133,,,,,,,
12,,19599,,,,2.93878436088562,-10.757022857666016,-11.232338905334473,2.93878436088562,,
,,19649,,,219.90108489990234,,,,,,
,,19649,,2.543210983276367,,,,,,,
12,,19649,,,,2.9324071407318115,-10.742356300354004,-11.260685920715332,2.9324071407318115,,
,,19699,,,220.8089828491211,,,,,,
,,19699,,25.275707244873047,,,,,,,
12,,19699,,,,2.936846971511841,-10.424930572509766,-10.91061019897461,2.936846971511841,,
,,19749,,,218.11199188232422,,,,,,
,,19749,,2.4912357330322266,,,,,,,
12,,19749,,,,2.933363676071167,-10.841127395629883,-11.363204956054688,2.933363676071167,,
,,19799,,,227.2794246673584,,,,,,
,,19799,,20.51568031311035,,,,,,,
12,,19799,,,,2.9328110218048096,-10.799715995788574,-11.359997749328613,2.9328110218048096,,
,,19849,,,213.56463432312012,,,,,,
,,19849,,2.6159286499023438,,,,,,,
12,,19849,,,,2.9366087913513184,-10.766895294189453,-11.284314155578613,2.9366087913513184,,
,,19899,,,214.86902236938477,,,,,,
,,19899,,19.873380661010742,,,,,,,
12,,19899,,,,2.9330453872680664,-10.604024887084961,-11.098278999328613,2.9330453872680664,,
,,19949,,,213.79494667053223,,,,,,
,,19949,,2.512216567993164,,,,,,,
12,,19949,,,,2.9304232597351074,-10.55329704284668,-11.079496383666992,2.9304232597351074,,
,,19999,,,224.8685359954834,,,,,,
,,19999,,20.97940444946289,,,,,,,
12,,19999,,,,2.935091495513916,-10.723207473754883,-11.239985466003418,2.935091495513916,,
,,20049,,,218.07575225830078,,,,,,
,,20049,,2.393960952758789,,,,,,,
12,,20049,,,,2.9312760829925537,-10.589916229248047,-11.08800983428955,2.9312760829925537,,
,,20099,,,218.02401542663574,,,,,,
,,20099,,20.451784133911133,,,,,,,
12,,20099,,,,2.9351556301116943,-11.011028289794922,-11.529858589172363,2.9351556301116943,,
,,20149,,,217.5729274749756,,,,,,
,,20149,,4.230976104736328,,,,,,,
12,,20149,,,,2.9330265522003174,-10.510180473327637,-11.033059120178223,2.9330265522003174,,
,,20199,,,219.4223403930664,,,,,,
,,20199,,26.93319320678711,,,,,,,
12,,20199,,,,2.9280898571014404,-10.62515640258789,-11.140878677368164,2.9280898571014404,,
,,20249,,,212.28623390197754,,,,,,
,,20249,,2.626180648803711,,,,,,,
12,,20249,,,,2.932265043258667,-10.800363540649414,-11.286725044250488,2.932265043258667,,
,,20299,,,218.06740760803223,,,,,,
,,20299,,20.71547508239746,,,,,,,
12,,20299,,,,2.9326653480529785,-10.872516632080078,-11.400529861450195,2.9326653480529785,,
12,,20318,,,,,,,,-10.687981605529785,-11.135794639587402
,,20319,388.2063627243042,,,,,,,,
,0.0003,20319,,,,,,,,,
,,20349,,,213.73486518859863,,,,,,
,,20349,,2.3987293243408203,,,,,,,
13,,20349,,,,2.9398584365844727,-10.818886756896973,-11.323895454406738,2.9398584365844727,,
,,20399,,,216.14670753479004,,,,,,
,,20399,,23.60677719116211,,,,,,,
13,,20399,,,,2.9338531494140625,-10.721540451049805,-11.214483261108398,2.9338531494140625,,
,,20449,,,224.20525550842285,,,,,,
,,20449,,2.4695396423339844,,,,,,,
13,,20449,,,,2.937450408935547,-10.584819793701172,-11.082643508911133,2.937450408935547,,
,,20499,,,221.2660312652588,,,,,,
,,20499,,20.062685012817383,,,,,,,
13,,20499,,,,2.9277889728546143,-10.818646430969238,-11.331560134887695,2.9277889728546143,,
,,20549,,,216.08209609985352,,,,,,
,,20549,,2.526998519897461,,,,,,,
13,,20549,,,,2.930266857147217,-10.74334716796875,-11.246176719665527,2.930266857147217,,
,,20599,,,216.75801277160645,,,,,,
,,20599,,19.91105079650879,,,,,,,
13,,20599,,,,2.936845064163208,-10.612594604492188,-11.096010208129883,2.936845064163208,,
,,20649,,,219.5417881011963,,,,,,
,,20649,,3.4193992614746094,,,,,,,
13,,20649,,,,2.9320313930511475,-10.55727767944336,-11.037101745605469,2.9320313930511475,,
,,20699,,,216.74299240112305,,,,,,
,,20699,,19.76490020751953,,,,,,,
13,,20699,,,,2.933819532394409,-10.821100234985352,-11.317018508911133,2.933819532394409,,
,,20749,,,227.80585289001465,,,,,,
,,20749,,3.6776065826416016,,,,,,,
13,,20749,,,,2.9390950202941895,-10.996294975280762,-11.49506664276123,2.9390950202941895,,
,,20799,,,215.83032608032227,,,,,,
,,20799,,20.180463790893555,,,,,,,
13,,20799,,,,2.938444137573242,-10.39464282989502,-10.887298583984375,2.938444137573242,,
,,20849,,,219.70629692077637,,,,,,
,,20849,,2.5806427001953125,,,,,,,
13,,20849,,,,2.932417631149292,-10.814109802246094,-11.31523609161377,2.932417631149292,,
,,20899,,,212.59355545043945,,,,,,
,,20899,,20.395517349243164,,,,,,,
13,,20899,,,,2.937051296234131,-10.820314407348633,-11.334199905395508,2.937051296234131,,
,,20949,,,210.98566055297852,,,,,,
,,20949,,2.474546432495117,,,,,,,
13,,20949,,,,2.9332873821258545,-11.14677619934082,-11.659111022949219,2.9332873821258545,,
,,20999,,,216.56465530395508,,,,,,
,,20999,,19.76919174194336,,,,,,,
13,,20999,,,,2.934033155441284,-10.735687255859375,-11.211381912231445,2.934033155441284,,
,,21049,,,211.8508815765381,,,,,,
,,21049,,2.447366714477539,,,,,,,
13,,21049,,,,2.9419336318969727,-10.698556900024414,-11.178290367126465,2.9419336318969727,,
,,21099,,,211.93218231201172,,,,,,
,,21099,,20.261526107788086,,,,,,,
13,,21099,,,,2.9434611797332764,-10.911108016967773,-11.425748825073242,2.9434611797332764,,
,,21149,,,215.77215194702148,,,,,,
,,21149,,2.5353431701660156,,,,,,,
13,,21149,,,,2.9337005615234375,-10.713162422180176,-11.19476318359375,2.9337005615234375,,
,,21199,,,218.0798053741455,,,,,,
,,21199,,20.99895477294922,,,,,,,
13,,21199,,,,2.9393603801727295,-10.64598560333252,-11.129961013793945,2.9393603801727295,,
,,21249,,,224.5171070098877,,,,,,
,,21249,,5.223274230957031,,,,,,,
13,,21249,,,,2.9305715560913086,-10.615514755249023,-11.117607116699219,2.9305715560913086,,
,,21299,,,224.3199348449707,,,,,,
,,21299,,20.865440368652344,,,,,,,
13,,21299,,,,2.935927629470825,-10.658845901489258,-11.152308464050293,2.935927629470825,,
,,21349,,,225.85821151733398,,,,,,
,,21349,,3.592967987060547,,,,,,,
13,,21349,,,,2.930969476699829,-10.704362869262695,-11.20790958404541,2.930969476699829,,
,,21399,,,228.47485542297363,,,,,,
,,21399,,21.15774154663086,,,,,,,
13,,21399,,,,2.9334394931793213,-10.663806915283203,-11.17377758026123,2.9334394931793213,,
,,21449,,,226.73535346984863,,,,,,
,,21449,,5.427360534667969,,,,,,,
13,,21449,,,,2.9363982677459717,-10.764421463012695,-11.272985458374023,2.9363982677459717,,
,,21499,,,217.24176406860352,,,,,,
,,21499,,20.92432975769043,,,,,,,
13,,21499,,,,2.936373472213745,-10.700332641601562,-11.189955711364746,2.936373472213745,,
,,21549,,,225.7544994354248,,,,,,
,,21549,,4.78053092956543,,,,,,,
13,,21549,,,,2.9368433952331543,-10.479145050048828,-10.956985473632812,2.9368433952331543,,
,,21599,,,227.63752937316895,,,,,,
,,21599,,20.85089683532715,,,,,,,
13,,21599,,,,2.928201198577881,-10.727530479431152,-11.205134391784668,2.928201198577881,,
,,21649,,,226.83238983154297,,,,,,
,,21649,,3.692626953125,,,,,,,
13,,21649,,,,2.9384052753448486,-10.747499465942383,-11.240274429321289,2.9384052753448486,,
,,21699,,,225.2182960510254,,,,,,
,,21699,,23.20384979248047,,,,,,,
13,,21699,,,,2.9335997104644775,-10.867378234863281,-11.381071090698242,2.9335997104644775,,
,,21749,,,223.8309383392334,,,,,,
,,21749,,3.664731979370117,,,,,,,
13,,21749,,,,2.933856725692749,-10.615997314453125,-11.1318941116333,2.933856725692749,,
,,21799,,,220.03865242004395,,,,,,
,,21799,,22.500038146972656,,,,,,,
13,,21799,,,,2.937062978744507,-10.6979398727417,-11.170414924621582,2.937062978744507,,
,,21849,,,225.01373291015625,,,,,,
,,21849,,3.512859344482422,,,,,,,
13,,21849,,,,2.9341161251068115,-10.604490280151367,-11.110984802246094,2.9341161251068115,,
13,,21881,,,,,,,,-10.694798469543457,-11.132694244384766
,,21882,385.34781432151794,,,,,,,,
,0.0003,21882,,,,,,,,,
,,21899,,,221.96507453918457,,,,,,
,,21899,,19.968748092651367,,,,,,,
14,,21899,,,,2.9383416175842285,-10.43317985534668,-10.93072509765625,2.9383416175842285,,
,,21949,,,221.052885055542,,,,,,
,,21949,,2.6862621307373047,,,,,,,
14,,21949,,,,2.9292826652526855,-10.592890739440918,-11.066512107849121,2.9292826652526855,,
,,21999,,,218.48082542419434,,,,,,
,,21999,,21.08001708984375,,,,,,,
14,,21999,,,,2.939138412475586,-10.594541549682617,-11.113839149475098,2.939138412475586,,
,,22049,,,211.2126350402832,,,,,,
,,22049,,2.453327178955078,,,,,,,
14,,22049,,,,2.937577486038208,-10.744726181030273,-11.243513107299805,2.937577486038208,,
,,22099,,,218.7819480895996,,,,,,
,,22099,,20.18570899963379,,,,,,,
14,,22099,,,,2.9314053058624268,-10.979442596435547,-11.492283821105957,2.9314053058624268,,
,,22149,,,219.61402893066406,,,,,,
,,22149,,2.948760986328125,,,,,,,
14,,22149,,,,2.9342777729034424,-10.969694137573242,-11.461127281188965,2.9342777729034424,,
,,22199,,,215.55089950561523,,,,,,
,,22199,,23.609638214111328,,,,,,,
14,,22199,,,,2.9339654445648193,-10.843687057495117,-11.371644020080566,2.9339654445648193,,
,,22249,,,218.35899353027344,,,,,,
,,22249,,2.513408660888672,,,,,,,
14,,22249,,,,2.9286513328552246,-10.787230491638184,-11.28581714630127,2.9286513328552246,,
,,22299,,,217.03696250915527,,,,,,
,,22299,,20.285367965698242,,,,,,,
14,,22299,,,,2.9401116371154785,-10.499486923217773,-11.00460433959961,2.9401116371154785,,
,,22349,,,218.16015243530273,,,,,,
,,22349,,2.4492740631103516,,,,,,,
14,,22349,,,,2.934190034866333,-10.58305549621582,-11.057382583618164,2.934190034866333,,
,,22399,,,214.97797966003418,,,,,,
,,22399,,19.995689392089844,,,,,,,
14,,22399,,,,2.9352800846099854,-10.725103378295898,-11.22641372680664,2.9352800846099854,,
,,22449,,,221.21214866638184,,,,,,
,,22449,,2.863645553588867,,,,,,,
14,,22449,,,,2.944406747817993,-10.667390823364258,-11.167787551879883,2.944406747817993,,
,,22499,,,222.69940376281738,,,,,,
,,22499,,25.322675704956055,,,,,,,
14,,22499,,,,2.9410130977630615,-10.89438247680664,-11.39798641204834,2.9410130977630615,,
,,22549,,,226.81045532226562,,,,,,
,,22549,,5.023479461669922,,,,,,,
14,,22549,,,,2.932060718536377,-10.895394325256348,-11.396480560302734,2.932060718536377,,
,,22599,,,225.51751136779785,,,,,,
,,22599,,25.236129760742188,,,,,,,
14,,22599,,,,2.932332754135132,-10.700702667236328,-11.200440406799316,2.932332754135132,,
,,22649,,,222.900390625,,,,,,
,,22649,,4.931211471557617,,,,,,,
14,,22649,,,,2.930931329727173,-10.616501808166504,-11.082414627075195,2.930931329727173,,
,,22699,,,224.19118881225586,,,,,,
,,22699,,23.377656936645508,,,,,,,
14,,22699,,,,2.9373228549957275,-10.95407485961914,-11.45417308807373,2.9373228549957275,,
,,22749,,,225.7685661315918,,,,,,
,,22749,,3.741025924682617,,,,,,,
14,,22749,,,,2.935114622116089,-10.77547550201416,-11.310212135314941,2.935114622116089,,
,,22799,,,230.52191734313965,,,,,,
,,22799,,23.4377384185791,,,,,,,
14,,22799,,,,2.937998056411743,-10.806631088256836,-11.346339225769043,2.937998056411743,,
,,22849,,,217.6644802093506,,,,,,
,,22849,,4.034519195556641,,,,,,,
14,,22849,,,,2.936537027359009,-10.727128982543945,-11.2188720703125,2.936537027359009,,
,,22899,,,228.39021682739258,,,,,,
,,22899,,21.18825912475586,,,,,,,
14,,22899,,,,2.9315907955169678,-10.5496826171875,-11.029547691345215,2.9315907955169678,,
,,22949,,,218.886137008667,,,,,,
,,22949,,4.607915878295898,,,,,,,
14,,22949,,,,2.931910753250122,-10.82792854309082,-11.327046394348145,2.931910753250122,,
,,22999,,,229.23517227172852,,,,,,
,,22999,,21.42643928527832,,,,,,,
14,,22999,,,,2.930983304977417,-10.73093318939209,-11.199188232421875,2.930983304977417,,
,,23049,,,224.90692138671875,,,,,,
,,23049,,4.625558853149414,,,,,,,
14,,23049,,,,2.934279203414917,-10.933456420898438,-11.435467720031738,2.934279203414917,,
,,23099,,,226.97687149047852,,,,,,
,,23099,,20.833492279052734,,,,,,,
14,,23099,,,,2.9307682514190674,-10.633909225463867,-11.1288423538208,2.9307682514190674,,
,,23149,,,228.34396362304688,,,,,,
,,23149,,4.063844680786133,,,,,,,
14,,23149,,,,2.938737392425537,-10.90989875793457,-11.413247108459473,2.938737392425537,,
,,23199,,,224.9915599822998,,,,,,
,,23199,,26.60679817199707,,,,,,,
14,,23199,,,,2.9317281246185303,-10.619558334350586,-11.108878135681152,2.9317281246185303,,
,,23249,,,228.52635383605957,,,,,,
,,23249,,3.6613941192626953,,,,,,,
14,,23249,,,,2.9339756965637207,-10.763630867004395,-11.27336597442627,2.9339756965637207,,
,,23299,,,229.31504249572754,,,,,,
,,23299,,21.102190017700195,,,,,,,
14,,23299,,,,2.931818723678589,-10.375139236450195,-10.89370346069336,2.931818723678589,,
,,23349,,,227.6313304901123,,,,,,
,,23349,,3.685474395751953,,,,,,,
14,,23349,,,,2.9375030994415283,-10.359600067138672,-10.867250442504883,2.9375030994415283,,
,,23399,,,229.29739952087402,,,,,,
,,23399,,21.663665771484375,,,,,,,
14,,23399,,,,2.934717893600464,-10.505123138427734,-10.989668846130371,2.934717893600464,,
14,,23444,,,,,,,,-10.681573867797852,-11.127517700195312
,,23445,389.82412242889404,,,,,,,,
,0.0003,23445,,,,,,,,,
,,23449,,,222.45359420776367,,,,,,
,,23449,,3.5200119018554688,,,,,,,
15,,23449,,,,2.9310925006866455,-10.671318054199219,-11.154275894165039,2.9310925006866455,,
,,23499,,,221.78173065185547,,,,,,
,,23499,,21.950721740722656,,,,,,,
15,,23499,,,,2.934755563735962,-10.858195304870605,-11.372772216796875,2.934755563735962,,
,,23549,,,226.36747360229492,,,,,,
,,23549,,3.4360885620117188,,,,,,,
15,,23549,,,,2.9364519119262695,-10.73095703125,-11.214738845825195,2.9364519119262695,,
,,23599,,,232.84316062927246,,,,,,
,,23599,,26.383638381958008,,,,,,,
15,,23599,,,,2.9399001598358154,-10.542722702026367,-11.050735473632812,2.9399001598358154,,
,,23649,,,230.83877563476562,,,,,,
,,23649,,3.8945674896240234,,,,,,,
15,,23649,,,,2.9352526664733887,-10.422792434692383,-10.905365943908691,2.9352526664733887,,
,,23699,,,225.2974510192871,,,,,,
,,23699,,21.8658447265625,,,,,,,
15,,23699,,,,2.9324004650115967,-10.343679428100586,-10.839384078979492,2.9324004650115967,,
,,23749,,,230.47924041748047,,,,,,
,,23749,,4.353523254394531,,,,,,,
15,,23749,,,,2.935680389404297,-10.690378189086914,-11.15584659576416,2.935680389404297,,
,,23799,,,229.77066040039062,,,,,,
,,23799,,20.991802215576172,,,,,,,
15,,23799,,,,2.9331111907958984,-10.73080062866211,-11.2263765335083,2.9331111907958984,,
,,23849,,,228.6510467529297,,,,,,
,,23849,,4.73475456237793,,,,,,,
15,,23849,,,,2.9342494010925293,-10.643988609313965,-11.127001762390137,2.9342494010925293,,
,,23899,,,230.3164005279541,,,,,,
,,23899,,21.327972412109375,,,,,,,
15,,23899,,,,2.935448169708252,-10.437090873718262,-10.905351638793945,2.935448169708252,,
,,23949,,,223.435640335083,,,,,,
,,23949,,3.4825801849365234,,,,,,,
15,,23949,,,,2.937814474105835,-10.541296005249023,-11.070549011230469,2.937814474105835,,
,,23999,,,225.20184516906738,,,,,,
,,23999,,25.811433792114258,,,,,,,
15,,23999,,,,2.933443784713745,-10.556686401367188,-11.0396728515625,2.933443784713745,,
,,24049,,,233.08706283569336,,,,,,
,,24049,,4.716634750366211,,,,,,,
15,,24049,,,,2.933084011077881,-10.568639755249023,-11.022016525268555,2.933084011077881,,
,,24099,,,224.07269477844238,,,,,,
,,24099,,23.024559020996094,,,,,,,
15,,24099,,,,2.9309911727905273,-10.763067245483398,-11.274445533752441,2.9309911727905273,,
,,24149,,,227.59366035461426,,,,,,
,,24149,,3.4246444702148438,,,,,,,
15,,24149,,,,2.936033248901367,-10.838400840759277,-11.366744041442871,2.936033248901367,,
,,24199,,,227.33616828918457,,,,,,
,,24199,,20.560503005981445,,,,,,,
15,,24199,,,,2.928892135620117,-10.88884162902832,-11.409208297729492,2.928892135620117,,
,,24249,,,225.0816822052002,,,,,,
,,24249,,4.602193832397461,,,,,,,
15,,24249,,,,2.9310896396636963,-10.776071548461914,-11.281129837036133,2.9310896396636963,,
,,24299,,,221.876859664917,,,,,,
,,24299,,21.447181701660156,,,,,,,
15,,24299,,,,2.940540313720703,-10.617130279541016,-11.107345581054688,2.940540313720703,,
,,24349,,,231.3673496246338,,,,,,
,,24349,,4.608154296875,,,,,,,
15,,24349,,,,2.937567710876465,-10.92805290222168,-11.426127433776855,2.937567710876465,,
,,24399,,,221.82989120483398,,,,,,
,,24399,,21.11029624938965,,,,,,,
15,,24399,,,,2.929877281188965,-10.69198989868164,-11.221467018127441,2.929877281188965,,
,,24449,,,230.01456260681152,,,,,,
,,24449,,3.474712371826172,,,,,,,
15,,24449,,,,2.9420390129089355,-10.734323501586914,-11.20415210723877,2.9420390129089355,,
,,24499,,,217.03219413757324,,,,,,
,,24499,,19.99044418334961,,,,,,,
15,,24499,,,,2.933621644973755,-10.852706909179688,-11.349933624267578,2.933621644973755,,
,,24549,,,216.15862846374512,,,,,,
,,24549,,2.461671829223633,,,,,,,
15,,24549,,,,2.935077428817749,-10.630777359008789,-11.136980056762695,2.935077428817749,,
,,24599,,,218.22690963745117,,,,,,
,,24599,,24.545907974243164,,,,,,,
15,,24599,,,,2.9317562580108643,-10.725841522216797,-11.194904327392578,2.9317562580108643,,
,,24649,,,214.33043479919434,,,,,,
,,24649,,2.9540061950683594,,,,,,,
15,,24649,,,,2.932370901107788,-10.668306350708008,-11.14675235748291,2.932370901107788,,
,,24699,,,227.78606414794922,,,,,,
,,24699,,19.994258880615234,,,,,,,
15,,24699,,,,2.9235594272613525,-10.682550430297852,-11.198190689086914,2.9235594272613525,,
,,24749,,,212.74089813232422,,,,,,
,,24749,,2.4182796478271484,,,,,,,
15,,24749,,,,2.9292845726013184,-10.608163833618164,-11.120563507080078,2.9292845726013184,,
,,24799,,,216.8889045715332,,,,,,
,,24799,,21.706819534301758,,,,,,,
15,,24799,,,,2.9327166080474854,-10.822587966918945,-11.334552764892578,2.9327166080474854,,
,,24849,,,225.97813606262207,,,,,,
,,24849,,2.477884292602539,,,,,,,
15,,24849,,,,2.9300122261047363,-10.577780723571777,-11.058212280273438,2.9300122261047363,,
,,24899,,,217.35382080078125,,,,,,
,,24899,,19.922494888305664,,,,,,,
15,,24899,,,,2.92978572845459,-10.612127304077148,-11.084813117980957,2.92978572845459,,
,,24949,,,211.73858642578125,,,,,,
,,24949,,2.4738311767578125,,,,,,,
15,,24949,,,,2.931817054748535,-10.742807388305664,-11.226383209228516,2.931817054748535,,
,,24999,,,207.9029083251953,,,,,,
,,24999,,19.393205642700195,,,,,,,
15,,24999,,,,2.9323666095733643,-10.8202486038208,-11.325088500976562,2.9323666095733643,,
15,,25007,,,,,,,,-10.680721282958984,-11.115120887756348
,,25008,391.16385769844055,,,,,,,,
,0.0003,25008,,,,,,,,,
,,25049,,,208.44149589538574,,,,,,
,,25049,,2.46429443359375,,,,,,,
16,,25049,,,,2.940413475036621,-10.553686141967773,-11.065187454223633,2.940413475036621,,
,,25099,,,208.49370956420898,,,,,,
,,25099,,19.546031951904297,,,,,,,
16,,25099,,,,2.9349238872528076,-10.600702285766602,-11.090105056762695,2.9349238872528076,,
,,25149,,,207.92126655578613,,,,,,
,,25149,,2.4530887603759766,,,,,,,
16,,25149,,,,2.9300291538238525,-10.678252220153809,-11.154065132141113,2.9300291538238525,,
,,25199,,,208.24551582336426,,,,,,
,,25199,,19.672393798828125,,,,,,,
16,,25199,,,,2.937260150909424,-10.966349601745605,-11.470699310302734,2.937260150909424,,
,,25249,,,209.28311347961426,,,,,,
,,25249,,2.445220947265625,,,,,,,
16,,25249,,,,2.9414384365081787,-10.769461631774902,-11.262629508972168,2.9414384365081787,,
,,25299,,,209.0466022491455,,,,,,
,,25299,,19.8824405670166,,,,,,,
16,,25299,,,,2.9371230602264404,-10.519552230834961,-11.019131660461426,2.9371230602264404,,
,,25349,,,216.06874465942383,,,,,,
,,25349,,2.398967742919922,,,,,,,
16,,25349,,,,2.936084032058716,-10.759122848510742,-11.229433059692383,2.936084032058716,,
,,25399,,,210.09278297424316,,,,,,
,,25399,,19.855499267578125,,,,,,,
16,,25399,,,,2.9376792907714844,-10.605854034423828,-11.09311294555664,2.9376792907714844,,
,,25449,,,209.36250686645508,,,,,,
,,25449,,2.4156570434570312,,,,,,,
16,,25449,,,,2.9388582706451416,-10.4469633102417,-10.94771671295166,2.9388582706451416,,
,,25499,,,209.5026969909668,,,,,,
,,25499,,20.032644271850586,,,,,,,
16,,25499,,,,2.9350533485412598,-10.981379508972168,-11.43649673461914,2.9350533485412598,,
,,25549,,,212.66984939575195,,,,,,
,,25549,,2.4318695068359375,,,,,,,
16,,25549,,,,2.9251649379730225,-10.703522682189941,-11.208867073059082,2.9251649379730225,,
,,25599,,,209.19489860534668,,,,,,
,,25599,,19.757509231567383,,,,,,,
16,,25599,,,,2.9355034828186035,-10.541496276855469,-11.052617073059082,2.9355034828186035,,
,,25649,,,209.7606658935547,,,,,,
,,25649,,2.431631088256836,,,,,,,
16,,25649,,,,2.9348888397216797,-11.058341026306152,-11.553178787231445,2.9348888397216797,,
,,25699,,,213.3808135986328,,,,,,
,,25699,,24.8720645904541,,,,,,,
16,,25699,,,,2.9389734268188477,-10.7289400100708,-11.222695350646973,2.9389734268188477,,
,,25749,,,210.99209785461426,,,,,,
,,25749,,2.4237632751464844,,,,,,,
16,,25749,,,,2.93913197517395,-10.640132904052734,-11.12563705444336,2.93913197517395,,
,,25799,,,213.41466903686523,,,,,,
,,25799,,19.79517936706543,,,,,,,
16,,25799,,,,2.9376320838928223,-10.612990379333496,-11.102152824401855,2.9376320838928223,,
,,25849,,,209.32459831237793,,,,,,
,,25849,,2.4597644805908203,,,,,,,
16,,25849,,,,2.9346721172332764,-10.567935943603516,-11.043427467346191,2.9346721172332764,,
,,25899,,,208.90498161315918,,,,,,
,,25899,,19.672155380249023,,,,,,,
16,,25899,,,,2.936572790145874,-10.558340072631836,-11.024467468261719,2.936572790145874,,
,,25949,,,215.26765823364258,,,,,,
,,25949,,2.529144287109375,,,,,,,
16,,25949,,,,2.945106029510498,-10.854265213012695,-11.327733993530273,2.945106029510498,,
,,25999,,,213.44256401062012,,,,,,
,,25999,,19.67644691467285,,,,,,,
16,,25999,,,,2.934882640838623,-10.871572494506836,-11.348183631896973,2.934882640838623,,
,,26049,,,210.205078125,,,,,,
,,26049,,2.4487972259521484,,,,,,,
16,,26049,,,,2.9269824028015137,-10.801124572753906,-11.290976524353027,2.9269824028015137,,
,,26099,,,219.23518180847168,,,,,,
,,26099,,20.1570987701416,,,,,,,
16,,26099,,,,2.93710994720459,-10.724383354187012,-11.195828437805176,2.93710994720459,,
,,26149,,,210.09063720703125,,,,,,
,,26149,,2.4881362915039062,,,,,,,
16,,26149,,,,2.9355545043945312,-10.703197479248047,-11.186152458190918,2.9355545043945312,,
,,26199,,,211.38405799865723,,,,,,
,,26199,,20.178556442260742,,,,,,,
16,,26199,,,,2.933276891708374,-10.580392837524414,-11.049762725830078,2.933276891708374,,
,,26249,,,214.6461009979248,,,,,,
,,26249,,2.488851547241211,,,,,,,
16,,26249,,,,2.938373565673828,-10.79547119140625,-11.282965660095215,2.938373565673828,,
,,26299,,,212.4955654144287,,,,,,
,,26299,,19.710302352905273,,,,,,,
16,,26299,,,,2.935260772705078,-10.804348945617676,-11.355783462524414,2.935260772705078,,
,,26349,,,212.4497890472412,,,,,,
,,26349,,2.4607181549072266,,,,,,,
16,,26349,,,,2.928992748260498,-10.626260757446289,-11.10356616973877,2.928992748260498,,
,,26399,,,213.7155532836914,,,,,,
,,26399,,19.918203353881836,,,,,,,
16,,26399,,,,2.9376633167266846,-10.683423042297363,-11.172432899475098,2.9376633167266846,,
,,26449,,,210.67404747009277,,,,,,
,,26449,,2.4614334106445312,,,,,,,
16,,26449,,,,2.9304611682891846,-10.828758239746094,-11.31875991821289,2.9304611682891846,,
,,26499,,,209.1348171234131,,,,,,
,,26499,,19.934654235839844,,,,,,,
16,,26499,,,,2.934918165206909,-10.490474700927734,-10.983426094055176,2.934918165206909,,
,,26549,,,213.3004665374756,,,,,,
,,26549,,2.4003982543945312,,,,,,,
16,,26549,,,,2.934361219406128,-10.286264419555664,-10.752151489257812,2.934361219406128,,
16,,26570,,,,,,,,-10.664449691772461,-11.094921112060547
,,26571,370.24867391586304,,,,,,,,
,0.0003,26571,,,,,,,,,
,,26599,,,211.29631996154785,,,,,,
,,26599,,19.634485244750977,,,,,,,
17,,26599,,,,2.939004421234131,-10.63479995727539,-11.107955932617188,2.939004421234131,,
,,26649,,,212.44168281555176,,,,,,
,,26649,,2.4673938751220703,,,,,,,
17,,26649,,,,2.9356510639190674,-10.654036521911621,-11.134225845336914,2.9356510639190674,,
,,26699,,,217.33379364013672,,,,,,
,,26699,,20.841121673583984,,,,,,,
17,,26699,,,,2.9348514080047607,-10.570215225219727,-11.052923202514648,2.9348514080047607,,
,,26749,,,216.54701232910156,,,,,,
,,26749,,3.5219192504882812,,,,,,,
17,,26749,,,,2.9415624141693115,-10.73314094543457,-11.21998119354248,2.9415624141693115,,
,,26799,,,216.3834571838379,,,,,,
,,26799,,20.681142807006836,,,,,,,
17,,26799,,,,2.9385337829589844,-10.795286178588867,-11.297831535339355,2.9385337829589844,,
,,26849,,,216.6910171508789,,,,,,
,,26849,,3.5660266876220703,,,,,,,
17,,26849,,,,2.9356701374053955,-10.815947532653809,-11.288436889648438,2.9356701374053955,,
,,26899,,,218.49679946899414,,,,,,
,,26899,,20.681381225585938,,,,,,,
17,,26899,,,,2.9396605491638184,-10.903040885925293,-11.354023933410645,2.9396605491638184,,
,,26949,,,216.54057502746582,,,,,,
,,26949,,3.5762786865234375,,,,,,,
17,,26949,,,,2.9317729473114014,-11.037893295288086,-11.50282096862793,2.9317729473114014,,
,,26999,,,216.7983055114746,,,,,,
,,26999,,20.80678939819336,,,,,,,
17,,26999,,,,2.9307830333709717,-10.4708251953125,-10.938642501831055,2.9307830333709717,,
,,27049,,,214.97225761413574,,,,,,
,,27049,,3.5419464111328125,,,,,,,
17,,27049,,,,2.929212808609009,-10.463045120239258,-10.933974266052246,2.929212808609009,,
,,27099,,,217.76485443115234,,,,,,
,,27099,,22.058725357055664,,,,,,,
17,,27099,,,,2.9306743144989014,-10.788322448730469,-11.264357566833496,2.9306743144989014,,
,,27149,,,222.77569770812988,,,,,,
,,27149,,3.5774707794189453,,,,,,,
17,,27149,,,,2.9341771602630615,-10.530101776123047,-11.055150032043457,2.9341771602630615,,
,,27199,,,219.29574012756348,,,,,,
,,27199,,21.897077560424805,,,,,,,
17,,27199,,,,2.925959348678589,-10.433906555175781,-10.909567832946777,2.925959348678589,,
,,27249,,,216.522216796875,,,,,,
,,27249,,3.5936832427978516,,,,,,,
17,,27249,,,,2.9330999851226807,-10.606576919555664,-11.088354110717773,2.9330999851226807,,
,,27299,,,220.04389762878418,,,,,,
,,27299,,20.766019821166992,,,,,,,
17,,27299,,,,2.936089038848877,-10.629096984863281,-11.100808143615723,2.936089038848877,,
,,27349,,,216.13311767578125,,,,,,
,,27349,,3.5860538482666016,,,,,,,
17,,27349,,,,2.9284353256225586,-10.743699073791504,-11.226672172546387,2.9284353256225586,,
,,27399,,,220.85213661193848,,,,,,
,,27399,,23.296594619750977,,,,,,,
17,,27399,,,,2.9390666484832764,-10.825069427490234,-11.296990394592285,2.9390666484832764,,
,,27449,,,218.994140625,,,,,,
,,27449,,4.470586776733398,,,,,,,
17,,27449,,,,2.9359636306762695,-10.396108627319336,-10.870741844177246,2.9359636306762695,,
,,27499,,,217.48781204223633,,,,,,
,,27499,,21.138668060302734,,,,,,,
17,,27499,,,,2.9346272945404053,-10.767450332641602,-11.255621910095215,2.9346272945404053,,
,,27549,,,217.28181838989258,,,,,,
,,27549,,3.5932064056396484,,,,,,,
17,,27549,,,,2.935307741165161,-10.604598999023438,-11.068488121032715,2.935307741165161,,
,,27599,,,215.87610244750977,,,,,,
,,27599,,20.74885368347168,,,,,,,
17,,27599,,,,2.9329662322998047,-10.924867630004883,-11.417010307312012,2.9329662322998047,,
,,27649,,,230.4372787475586,,,,,,
,,27649,,5.576372146606445,,,,,,,
17,,27649,,,,2.939655303955078,-10.56435489654541,-11.049091339111328,2.939655303955078,,
,,27699,,,221.388578414917,,,,,,
,,27699,,21.228313446044922,,,,,,,
17,,27699,,,,2.9362425804138184,-10.820379257202148,-11.305678367614746,2.9362425804138184,,
,,27749,,,223.30164909362793,,,,,,
,,27749,,5.225419998168945,,,,,,,
17,,27749,,,,2.9369237422943115,-10.630014419555664,-11.068582534790039,2.9369237422943115,,
,,27799,,,220.82829475402832,,,,,,
,,27799,,21.259546279907227,,,,,,,
17,,27799,,,,2.9340367317199707,-10.184231758117676,-10.654154777526855,2.9340367317199707,,
,,27849,,,225.91185569763184,,,,,,
,,27849,,5.431890487670898,,,,,,,
17,,27849,,,,2.936800479888916,-10.597038269042969,-11.1097412109375,2.936800479888916,,
,,27899,,,222.75185585021973,,,,,,
,,27899,,23.004770278930664,,,,,,,
17,,27899,,,,2.935474157333374,-10.760602951049805,-11.24944019317627,2.935474157333374,,
,,27949,,,226.73654556274414,,,,,,
,,27949,,4.232883453369141,,,,,,,
17,,27949,,,,2.933950185775757,-10.635669708251953,-11.126215934753418,2.933950185775757,,
,,27999,,,222.08690643310547,,,,,,
,,27999,,23.96368980407715,,,,,,,
17,,27999,,,,2.9341185092926025,-10.832401275634766,-11.316028594970703,2.9341185092926025,,
,,28049,,,215.97814559936523,,,,,,
,,28049,,2.663135528564453,,,,,,,
17,,28049,,,,2.927618980407715,-10.90259075164795,-11.345075607299805,2.927618980407715,,
,,28099,,,225.4471778869629,,,,,,
,,28099,,20.814895629882812,,,,,,,
17,,28099,,,,2.94533371925354,-10.667621612548828,-11.121331214904785,2.94533371925354,,
17,,28133,,,,,,,,-10.666216850280762,-11.09501838684082
,,28134,386.43139004707336,,,,,,,,
,0.0003,28134,,,,,,,,,
,,28149,,,214.4300937652588,,,,,,
,,28149,,2.5787353515625,,,,,,,
18,,28149,,,,2.939997434616089,-10.692211151123047,-11.188949584960938,2.939997434616089,,
,,28199,,,211.2107276916504,,,,,,
,,28199,,20.0197696685791,,,,,,,
18,,28199,,,,2.935112476348877,-10.589829444885254,-11.082149505615234,2.935112476348877,,
,,28249,,,215.78478813171387,,,,,,
,,28249,,2.5396347045898438,,,,,,,
18,,28249,,,,2.9370577335357666,-10.859465599060059,-11.346593856811523,2.9370577335357666,,
,,28299,,,217.75555610656738,,,,,,
,,28299,,26.278257369995117,,,,,,,
18,,28299,,,,2.9403417110443115,-10.315261840820312,-10.781095504760742,2.9403417110443115,,
,,28349,,,216.61949157714844,,,,,,
,,28349,,2.5353431701660156,,,,,,,
18,,28349,,,,2.935537576675415,-10.862051963806152,-11.331518173217773,2.935537576675415,,
,,28399,,,216.81737899780273,,,,,,
,,28399,,25.24876594543457,,,,,,,
18,,28399,,,,2.9388182163238525,-10.577194213867188,-11.070077896118164,2.9388182163238525,,
,,28449,,,220.0760841369629,,,,,,
,,28449,,2.5794506072998047,,,,,,,
18,,28449,,,,2.9353578090667725,-10.919164657592773,-11.408675193786621,2.9353578090667725,,
,,28499,,,211.68780326843262,,,,,,
,,28499,,20.087242126464844,,,,,,,
18,,28499,,,,2.9427871704101562,-10.746786117553711,-11.216279983520508,2.9427871704101562,,
,,28549,,,213.90843391418457,,,,,,
,,28549,,2.638101577758789,,,,,,,
18,,28549,,,,2.9345037937164307,-10.79797077178955,-11.25902271270752,2.9345037937164307,,
,,28599,,,217.45061874389648,,,,,,
,,28599,,20.366668701171875,,,,,,,
18,,28599,,,,2.935396671295166,-10.659443855285645,-11.132744789123535,2.935396671295166,,
,,28649,,,215.48891067504883,,,,,,
,,28649,,2.4678707122802734,,,,,,,
18,,28649,,,,2.933213949203491,-10.538276672363281,-10.993741989135742,2.933213949203491,,
,,28699,,,219.2089557647705,,,,,,
,,28699,,20.19190788269043,,,,,,,
18,,28699,,,,2.936385154724121,-10.839452743530273,-11.328288078308105,2.936385154724121,,
,,28749,,,225.11005401611328,,,,,,
,,28749,,2.672910690307617,,,,,,,
18,,28749,,,,2.9320058822631836,-10.531974792480469,-10.987332344055176,2.9320058822631836,,
,,28799,,,218.1837558746338,,,,,,
,,28799,,20.20859718322754,,,,,,,
18,,28799,,,,2.936443328857422,-10.608750343322754,-11.070584297180176,2.936443328857422,,
,,28849,,,211.14802360534668,,,,,,
,,28849,,2.560853958129883,,,,,,,
18,,28849,,,,2.937041759490967,-10.719687461853027,-11.222135543823242,2.937041759490967,,
,,28899,,,212.97168731689453,,,,,,
,,28899,,20.235776901245117,,,,,,,
18,,28899,,,,2.93400502204895,-10.479066848754883,-10.937641143798828,2.93400502204895,,
,,28949,,,213.91677856445312,,,,,,
,,28949,,4.0302276611328125,,,,,,,
18,,28949,,,,2.9350640773773193,-10.689868927001953,-11.157560348510742,2.9350640773773193,,
,,28999,,,217.37051010131836,,,,,,
,,28999,,20.0498104095459,,,,,,,
18,,28999,,,,2.931333303451538,-10.606399536132812,-11.084444046020508,2.931333303451538,,
,,29049,,,211.48228645324707,,,,,,
,,29049,,2.736330032348633,,,,,,,
18,,29049,,,,2.935302734375,-10.785274505615234,-11.277650833129883,2.935302734375,,
,,29099,,,220.1070785522461,,,,,,
,,29099,,24.970531463623047,,,,,,,
18,,29099,,,,2.939894914627075,-10.710844993591309,-11.19427490234375,2.939894914627075,,
,,29149,,,216.66574478149414,,,,,,
,,29149,,2.640962600708008,,,,,,,
18,,29149,,,,2.933490514755249,-10.498760223388672,-10.967072486877441,2.933490514755249,,
,,29199,,,219.21634674072266,,,,,,
,,29199,,23.284196853637695,,,,,,,
18,,29199,,,,2.9357025623321533,-10.472362518310547,-10.934940338134766,2.9357025623321533,,
,,29249,,,230.96275329589844,,,,,,
,,29249,,2.5594234466552734,,,,,,,
18,,29249,,,,2.9347925186157227,-10.794248580932617,-11.276469230651855,2.9347925186157227,,
,,29299,,,220.62301635742188,,,,,,
,,29299,,20.364761352539062,,,,,,,
18,,29299,,,,2.9394609928131104,-10.696993827819824,-11.146079063415527,2.9394609928131104,,
,,29349,,,215.73591232299805,,,,,,
,,29349,,2.6695728302001953,,,,,,,
18,,29349,,,,2.9289276599884033,-10.874788284301758,-11.372841835021973,2.9289276599884033,,
,,29399,,,214.57481384277344,,,,,,
,,29399,,24.668216705322266,,,,,,,
18,,29399,,,,2.9446322917938232,-10.545121192932129,-11.014191627502441,2.9446322917938232,,
,,29449,,,216.6733741760254,,,,,,
,,29449,,2.645730972290039,,,,,,,
18,,29449,,,,2.9315006732940674,-10.640413284301758,-11.08974838256836,2.9315006732940674,,
,,29499,,,218.44148635864258,,,,,,
,,29499,,25.622844696044922,,,,,,,
18,,29499,,,,2.9412951469421387,-10.459236145019531,-10.938705444335938,2.9412951469421387,,
,,29549,,,212.3863697052002,,,,,,
,,29549,,3.482818603515625,,,,,,,
18,,29549,,,,2.9392998218536377,-10.656644821166992,-11.139457702636719,2.9392998218536377,,
,,29599,,,210.7713222503662,,,,,,
,,29599,,26.299715042114258,,,,,,,
18,,29599,,,,2.933410167694092,-10.80715274810791,-11.275311470031738,2.933410167694092,,
,,29649,,,221.42815589904785,,,,,,
,,29649,,3.2858848571777344,,,,,,,
18,,29649,,,,2.9404547214508057,-10.414535522460938,-10.89474868774414,2.9404547214508057,,
18,,29696,,,,,,,,-10.661914825439453,-11.083564758300781
,,29697,381.6395950317383,,,,,,,,
,0.0003,29697,,,,,,,,,
,,29699,,,215.57188034057617,,,,,,
,,29699,,20.093679428100586,,,,,,,
19,,29699,,,,2.939305305480957,-10.427078247070312,-10.926687240600586,2.939305305480957,,
,,29749,,,215.76547622680664,,,,,,
,,29749,,2.5148391723632812,,,,,,,
19,,29749,,,,2.9357995986938477,-10.848726272583008,-11.330100059509277,2.9357995986938477,,
,,29799,,,215.7454490661621,,,,,,
,,29799,,20.076990127563477,,,,,,,
19,,29799,,,,2.9307217597961426,-10.773748397827148,-11.237309455871582,2.9307217597961426,,
,,29849,,,218.41931343078613,,,,,,
,,29849,,2.488374710083008,,,,,,,
19,,29849,,,,2.9309399127960205,-10.549545288085938,-11.029550552368164,2.9309399127960205,,
,,29899,,,221.81940078735352,,,,,,
,,29899,,19.796133041381836,,,,,,,
19,,29899,,,,2.9337518215179443,-10.751039505004883,-11.218451499938965,2.9337518215179443,,
,,29949,,,217.0395851135254,,,,,,
,,29949,,2.6082992553710938,,,,,,,
19,,29949,,,,2.933194398880005,-10.576542854309082,-11.044342994689941,2.933194398880005,,
,,29999,,,217.2093391418457,,,,,,
,,29999,,24.840593338012695,,,,,,,
19,,29999,,,,2.939716100692749,-10.177017211914062,-10.633814811706543,2.939716100692749,,
,,30049,,,215.03543853759766,,,,,,
,,30049,,4.217624664306641,,,,,,,
19,,30049,,,,2.935410499572754,-10.747442245483398,-11.211980819702148,2.935410499572754,,
,,30099,,,211.6713523864746,,,,,,
,,30099,,19.934654235839844,,,,,,,
19,,30099,,,,2.938167095184326,-10.59271240234375,-11.051370620727539,2.938167095184326,,
,,30149,,,216.03846549987793,,,,,,
,,30149,,4.325389862060547,,,,,,,
19,,30149,,,,2.93764328956604,-10.843997955322266,-11.317686080932617,2.93764328956604,,
,,30199,,,212.21542358398438,,,,,,
,,30199,,20.02573013305664,,,,,,,
19,,30199,,,,2.935838460922241,-10.609783172607422,-11.099836349487305,2.935838460922241,,
,,30249,,,220.1066017150879,,,,,,
,,30249,,3.5424232482910156,,,,,,,
19,,30249,,,,2.939793825149536,-10.764144897460938,-11.203936576843262,2.939793825149536,,
,,30299,,,210.72840690612793,,,,,,
,,30299,,20.069599151611328,,,,,,,
19,,30299,,,,2.937544107437134,-10.852627754211426,-11.327248573303223,2.937544107437134,,
,,30349,,,218.247652053833,,,,,,
,,30349,,2.62451171875,,,,,,,
19,,30349,,,,2.9434776306152344,-10.630577087402344,-11.111921310424805,2.9434776306152344,,
,,30399,,,220.01028060913086,,,,,,
,,30399,,25.766372680664062,,,,,,,
19,,30399,,,,2.93841290473938,-10.71407413482666,-11.176637649536133,2.93841290473938,,
,,30449,,,224.0161895751953,,,,,,
,,30449,,4.289865493774414,,,,,,,
19,,30449,,,,2.9401509761810303,-10.903321266174316,-11.389701843261719,2.9401509761810303,,
,,30499,,,212.24665641784668,,,,,,
,,30499,,20.11251449584961,,,,,,,
19,,30499,,,,2.9356942176818848,-10.906198501586914,-11.390190124511719,2.9356942176818848,,
,,30549,,,214.07747268676758,,,,,,
,,30549,,4.355669021606445,,,,,,,
19,,30549,,,,2.934354066848755,-10.716438293457031,-11.20141315460205,2.934354066848755,,
,,30599,,,213.22202682495117,,,,,,
,,30599,,20.831823348999023,,,,,,,
19,,30599,,,,2.9347405433654785,-10.544498443603516,-10.983344078063965,2.9347405433654785,,
,,30649,,,213.50789070129395,,,,,,
,,30649,,2.575397491455078,,,,,,,
19,,30649,,,,2.934410333633423,-10.608302116394043,-11.0881929397583,2.934410333633423,,
,,30699,,,214.13111686706543,,,,,,
,,30699,,20.23029327392578,,,,,,,
19,,30699,,,,2.9382011890411377,-10.71932601928711,-11.18906021118164,2.9382011890411377,,
,,30749,,,220.62206268310547,,,,,,
,,30749,,2.546548843383789,,,,,,,
19,,30749,,,,2.9403398036956787,-10.872283935546875,-11.340435981750488,2.9403398036956787,,
,,30799,,,213.03153038024902,,,,,,
,,30799,,24.421215057373047,,,,,,,
19,,30799,,,,2.9330031871795654,-10.556580543518066,-11.031023025512695,2.9330031871795654,,
,,30849,,,213.36841583251953,,,,,,
,,30849,,2.596139907836914,,,,,,,
19,,30849,,,,2.931901216506958,-10.777313232421875,-11.25520133972168,2.931901216506958,,
,,30899,,,214.58792686462402,,,,,,
,,30899,,20.21336555480957,,,,,,,
19,,30899,,,,2.93715500831604,-10.736602783203125,-11.213701248168945,2.93715500831604,,
,,30949,,,212.23950386047363,,,,,,
,,30949,,3.496885299682617,,,,,,,
19,,30949,,,,2.936748504638672,-10.787577629089355,-11.211773872375488,2.936748504638672,,
,,30999,,,217.50473976135254,,,,,,
,,30999,,20.083904266357422,,,,,,,
19,,30999,,,,2.932504177093506,-10.654377937316895,-11.127846717834473,2.932504177093506,,
,,31049,,,213.61494064331055,,,,,,
,,31049,,2.6323795318603516,,,,,,,
19,,31049,,,,2.9307985305786133,-10.729772567749023,-11.212106704711914,2.9307985305786133,,
,,31099,,,213.2425308227539,,,,,,
,,31099,,20.209550857543945,,,,,,,
19,,31099,,,,2.941598653793335,-10.758485794067383,-11.201950073242188,2.941598653793335,,
,,31149,,,218.505859375,,,,,,
,,31149,,2.5365352630615234,,,,,,,
19,,31149,,,,2.932698965072632,-10.65134334564209,-11.101419448852539,2.932698965072632,,
,,31199,,,214.69783782958984,,,,,,
,,31199,,19.822359085083008,,,,,,,
19,,31199,,,,2.931016445159912,-10.696168899536133,-11.176509857177734,2.931016445159912,,
,,31249,,,214.9803638458252,,,,,,
,,31249,,2.5534629821777344,,,,,,,
19,,31249,,,,2.9336633682250977,-10.41464900970459,-10.87487506866455,2.9336633682250977,,
19,,31259,,,,,,,,-10.661445617675781,-11.087274551391602
,,31260,379.1719789505005,,,,,,,,
,0.0003,31260,,,,,,,,,
,,31299,,,211.19999885559082,,,,,,
,,31299,,20.264387130737305,,,,,,,
20,,31299,,,,2.9452788829803467,-10.879613876342773,-11.35765552520752,2.9452788829803467,,
,,31349,,,217.83161163330078,,,,,,
,,31349,,2.5992393493652344,,,,,,,
20,,31349,,,,2.9378225803375244,-10.637468338012695,-11.108880043029785,2.9378225803375244,,
,,31399,,,217.97657012939453,,,,,,
,,31399,,20.582914352416992,,,,,,,
20,,31399,,,,2.929091215133667,-10.671536445617676,-11.151445388793945,2.929091215133667,,
,,31449,,,218.48273277282715,,,,,,
,,31449,,3.7469863891601562,,,,,,,
20,,31449,,,,2.939565896987915,-10.519713401794434,-10.990592956542969,2.939565896987915,,
,,31499,,,219.85340118408203,,,,,,
,,31499,,21.462678909301758,,,,,,,
20,,31499,,,,2.936342716217041,-10.617670059204102,-11.076337814331055,2.936342716217041,,
,,31549,,,224.76983070373535,,,,,,
,,31549,,3.9954185485839844,,,,,,,
20,,31549,,,,2.933732032775879,-10.430380821228027,-10.884305953979492,2.933732032775879,,
,,31599,,,223.89841079711914,,,,,,
,,31599,,21.549463272094727,,,,,,,
20,,31599,,,,2.9404525756835938,-10.357498168945312,-10.8187255859375,2.9404525756835938,,
,,31649,,,232.35511779785156,,,,,,
,,31649,,4.084587097167969,,,,,,,
20,,31649,,,,2.9357845783233643,-10.612039566040039,-11.07502269744873,2.9357845783233643,,
,,31699,,,225.10528564453125,,,,,,
,,31699,,21.73781394958496,,,,,,,
20,,31699,,,,2.937232494354248,-10.442201614379883,-10.903054237365723,2.937232494354248,,
,,31749,,,218.32036972045898,,,,,,
,,31749,,3.9818286895751953,,,,,,,
20,,31749,,,,2.9318912029266357,-10.52148151397705,-10.969326972961426,2.9318912029266357,,
,,31799,,,231.01353645324707,,,,,,
,,31799,,21.435260772705078,,,,,,,
20,,31799,,,,2.9242827892303467,-10.750829696655273,-11.198596000671387,2.9242827892303467,,
,,31849,,,225.25835037231445,,,,,,
,,31849,,4.441261291503906,,,,,,,
20,,31849,,,,2.936816453933716,-10.677928924560547,-11.14276123046875,2.936816453933716,,
,,31899,,,225.938081741333,,,,,,
,,31899,,21.338701248168945,,,,,,,
20,,31899,,,,2.931790590286255,-10.478221893310547,-10.962604522705078,2.931790590286255,,
,,31949,,,225.98671913146973,,,,,,
,,31949,,5.477666854858398,,,,,,,
20,,31949,,,,2.939497709274292,-10.569657325744629,-11.015251159667969,2.939497709274292,,
,,31999,,,221.34160995483398,,,,,,
,,31999,,21.663665771484375,,,,,,,
20,,31999,,,,2.9350357055664062,-10.776054382324219,-11.247925758361816,2.9350357055664062,,
,,32049,,,226.84574127197266,,,,,,
,,32049,,4.1904449462890625,,,,,,,
20,,32049,,,,2.9366610050201416,-10.596245765686035,-11.057019233703613,2.9366610050201416,,
,,32099,,,220.55912017822266,,,,,,
,,32099,,21.651744842529297,,,,,,,
20,,32099,,,,2.9370791912078857,-10.7221097946167,-11.199146270751953,2.9370791912078857,,
,,32149,,,232.3610782623291,,,,,,
,,32149,,4.13203239440918,,,,,,,
20,,32149,,,,2.9345102310180664,-10.723743438720703,-11.179948806762695,2.9345102310180664,,
,,32199,,,219.52390670776367,,,,,,
,,32199,,21.265268325805664,,,,,,,
20,,32199,,,,2.9366679191589355,-10.635929107666016,-11.104559898376465,2.9366679191589355,,
,,32249,,,219.40350532531738,,,,,,
,,32249,,4.276514053344727,,,,,,,
20,,32249,,,,2.934304714202881,-10.850290298461914,-11.342042922973633,2.934304714202881,,
,,32299,,,233.41703414916992,,,,,,
,,32299,,21.620512008666992,,,,,,,
20,,32299,,,,2.9328997135162354,-10.637277603149414,-11.112133979797363,2.9328997135162354,,
,,32349,,,226.88579559326172,,,,,,
,,32349,,4.657268524169922,,,,,,,
20,,32349,,,,2.939135789871216,-10.548608779907227,-11.01132583618164,2.939135789871216,,
,,32399,,,226.5489101409912,,,,,,
,,32399,,22.35722541809082,,,,,,,
20,,32399,,,,2.937159299850464,-10.723827362060547,-11.17026138305664,2.937159299850464,,
,,32449,,,219.99788284301758,,,,,,
,,32449,,4.052400588989258,,,,,,,
20,,32449,,,,2.935410976409912,-10.350074768066406,-10.807124137878418,2.935410976409912,,
,,32499,,,216.94111824035645,,,,,,
,,32499,,21.15464210510254,,,,,,,
20,,32499,,,,2.9439685344696045,-10.531682968139648,-10.991965293884277,2.9439685344696045,,
,,32549,,,230.2088737487793,,,,,,
,,32549,,4.241228103637695,,,,,,,
20,,32549,,,,2.928165912628174,-10.697059631347656,-11.149383544921875,2.928165912628174,,
,,32599,,,225.3439426422119,,,,,,
,,32599,,23.04983139038086,,,,,,,
20,,32599,,,,2.934405565261841,-10.610139846801758,-11.061681747436523,2.934405565261841,,
,,32649,,,222.7332592010498,,,,,,
,,32649,,4.556894302368164,,,,,,,
20,,32649,,,,2.9419949054718018,-10.640542984008789,-11.102087020874023,2.9419949054718018,,
,,32699,,,214.03956413269043,,,,,,
,,32699,,20.949125289916992,,,,,,,
20,,32699,,,,2.9373490810394287,-10.802366256713867,-11.26522445678711,2.9373490810394287,,
,,32749,,,223.86550903320312,,,,,,
,,32749,,4.1294097900390625,,,,,,,
20,,32749,,,,2.931920051574707,-10.543647766113281,-11.021445274353027,2.931920051574707,,
,,32799,,,218.9643383026123,,,,,,
,,32799,,21.05879783630371,,,,,,,
20,,32799,,,,2.9358949661254883,-10.696175575256348,-11.14415454864502,2.9358949661254883,,
20,,32822,,,,,,,,-10.651625633239746,-11.067766189575195
,,32823,392.0868763923645,,,,,,,,
,0.0003,32823,,,,,,,,,
,,32849,,,219.04492378234863,,,,,,
,,32849,,4.053831100463867,,,,,,,
21,,32849,,,,2.9401886463165283,-10.234904289245605,-10.699533462524414,2.9401886463165283,,
,,32899,,,215.52538871765137,,,,,,
,,32899,,20.620107650756836,,,,,,,
21,,32899,,,,2.9414892196655273,-10.446081161499023,-10.932388305664062,2.9414892196655273,,
,,32949,,,222.84555435180664,,,,,,
,,32949,,4.026174545288086,,,,,,,
21,,32949,,,,2.942682981491089,-10.552355766296387,-11.00490665435791,2.942682981491089,,
,,32999,,,222.38492965698242,,,,,,
,,32999,,20.441055297851562,,,,,,,
21,,32999,,,,2.936084508895874,-10.723087310791016,-11.206028938293457,2.936084508895874,,
,,33049,,,222.5656509399414,,,,,,
,,33049,,3.9033889770507812,,,,,,,
21,,33049,,,,2.936302423477173,-10.91772747039795,-11.409674644470215,2.936302423477173,,
,,33099,,,222.65052795410156,,,,,,
,,33099,,20.595073699951172,,,,,,,
21,,33099,,,,2.9331963062286377,-10.602039337158203,-11.061147689819336,2.9331963062286377,,
,,33149,,,215.8360481262207,,,,,,
,,33149,,3.8650035858154297,,,,,,,
21,,33149,,,,2.933270215988159,-10.564560890197754,-11.055294036865234,2.933270215988159,,
,,33199,,,215.76189994812012,,,,,,
,,33199,,20.779132843017578,,,,,,,
21,,33199,,,,2.9333889484405518,-10.601940155029297,-11.049601554870605,2.9333889484405518,,
,,33249,,,223.35219383239746,,,,,,
,,33249,,3.934144973754883,,,,,,,
21,,33249,,,,2.9330456256866455,-10.619884490966797,-11.067802429199219,2.9330456256866455,,
,,33299,,,224.72572326660156,,,,,,
,,33299,,21.119356155395508,,,,,,,
21,,33299,,,,2.9295308589935303,-10.54156494140625,-11.03702163696289,2.9295308589935303,,
,,33349,,,222.64981269836426,,,,,,
,,33349,,3.9205551147460938,,,,,,,
21,,33349,,,,2.9365527629852295,-10.651777267456055,-11.125018119812012,2.9365527629852295,,
,,33399,,,219.44403648376465,,,,,,
,,33399,,20.784616470336914,,,,,,,
21,,33399,,,,2.9392216205596924,-10.648282051086426,-11.11925983428955,2.9392216205596924,,
,,33449,,,217.56243705749512,,,,,,
,,33449,,5.8689117431640625,,,,,,,
21,,33449,,,,2.9368066787719727,-10.859755516052246,-11.307439804077148,2.9368066787719727,,
,,33499,,,227.85449028015137,,,,,,
,,33499,,21.16084098815918,,,,,,,
21,,33499,,,,2.935943603515625,-10.743173599243164,-11.212799072265625,2.935943603515625,,
,,33549,,,215.44551849365234,,,,,,
,,33549,,3.8187503814697266,,,,,,,
21,,33549,,,,2.9327330589294434,-10.33463191986084,-10.788884162902832,2.9327330589294434,,
,,33599,,,223.09589385986328,,,,,,
,,33599,,20.946264266967773,,,,,,,
21,,33599,,,,2.933018207550049,-10.843545913696289,-11.335445404052734,2.933018207550049,,
,,33649,,,214.55121040344238,,,,,,
,,33649,,4.1065216064453125,,,,,,,
21,,33649,,,,2.936009407043457,-10.729001998901367,-11.177800178527832,2.936009407043457,,
,,33699,,,225.77524185180664,,,,,,
,,33699,,21.236896514892578,,,,,,,
21,,33699,,,,2.9316070079803467,-10.404969215393066,-10.872421264648438,2.9316070079803467,,
,,33749,,,217.1022891998291,,,,,,
,,33749,,5.329370498657227,,,,,,,
21,,33749,,,,2.9334330558776855,-10.570172309875488,-11.029562950134277,2.9334330558776855,,
,,33799,,,222.33319282531738,,,,,,
,,33799,,20.938634872436523,,,,,,,
21,,33799,,,,2.9344682693481445,-10.474616050720215,-10.932082176208496,2.9344682693481445,,
,,33849,,,215.5134677886963,,,,,,
,,33849,,3.9780139923095703,,,,,,,
21,,33849,,,,2.932262420654297,-10.715703964233398,-11.207266807556152,2.932262420654297,,
,,33899,,,226.60541534423828,,,,,,
,,33899,,20.783424377441406,,,,,,,
21,,33899,,,,2.932551860809326,-10.35135269165039,-10.830597877502441,2.932551860809326,,
,,33949,,,219.05994415283203,,,,,,
,,33949,,5.20634651184082,,,,,,,
21,,33949,,,,2.9362401962280273,-10.591619491577148,-11.0540771484375,2.9362401962280273,,
,,33999,,,222.33295440673828,,,,,,
,,33999,,20.74146270751953,,,,,,,
21,,33999,,,,2.9340357780456543,-10.86232852935791,-11.3389892578125,2.9340357780456543,,
,,34049,,,216.54272079467773,,,,,,
,,34049,,3.8518905639648438,,,,,,,
21,,34049,,,,2.9371566772460938,-10.72941780090332,-11.174399375915527,2.9371566772460938,,
,,34099,,,219.09022331237793,,,,,,
,,34099,,20.966053009033203,,,,,,,
21,,34099,,,,2.9339396953582764,-10.961413383483887,-11.449647903442383,2.9339396953582764,,
,,34149,,,230.73792457580566,,,,,,
,,34149,,4.035234451293945,,,,,,,
21,,34149,,,,2.932835578918457,-10.802424430847168,-11.27440357208252,2.932835578918457,,
,,34199,,,218.7979221343994,,,,,,
,,34199,,21.012544631958008,,,,,,,
21,,34199,,,,2.9294137954711914,-10.587824821472168,-11.051671981811523,2.9294137954711914,,
,,34249,,,218.87516975402832,,,,,,
,,34249,,4.298686981201172,,,,,,,
21,,34249,,,,2.939471483230591,-10.945047378540039,-11.434623718261719,2.939471483230591,,
,,34299,,,227.9961109161377,,,,,,
,,34299,,20.79629898071289,,,,,,,
21,,34299,,,,2.9356164932250977,-10.669151306152344,-11.132547378540039,2.9356164932250977,,
,,34349,,,223.17981719970703,,,,,,
,,34349,,3.940105438232422,,,,,,,
21,,34349,,,,2.938131093978882,-10.696097373962402,-11.152567863464355,2.938131093978882,,
21,,34385,,,,,,,,-10.651263236999512,-11.06385612487793
,,34386,388.22493863105774,,,,,,,,
,0.0003,34386,,,,,,,,,
,,34399,,,218.13273429870605,,,,,,
,,34399,,22.995948791503906,,,,,,,
22,,34399,,,,2.9401495456695557,-10.631689071655273,-11.095855712890625,2.9401495456695557,,
,,34449,,,219.6664810180664,,,,,,
,,34449,,4.0283203125,,,,,,,
22,,34449,,,,2.9339439868927,-10.578929901123047,-11.042223930358887,2.9339439868927,,
,,34499,,,223.0525016784668,,,,,,
,,34499,,21.105289459228516,,,,,,,
22,,34499,,,,2.927739143371582,-10.783940315246582,-11.239242553710938,2.927739143371582,,
,,34549,,,222.93710708618164,,,,,,
,,34549,,3.9658546447753906,,,,,,,
22,,34549,,,,2.9313409328460693,-10.845161437988281,-11.313555717468262,2.9313409328460693,,
,,34599,,,216.78781509399414,,,,,,
,,34599,,21.2857723236084,,,,,,,
22,,34599,,,,2.9334051609039307,-10.533430099487305,-11.01705551147461,2.9334051609039307,,
,,34649,,,217.2849178314209,,,,,,
,,34649,,4.007101058959961,,,,,,,
22,,34649,,,,2.9364733695983887,-10.368197441101074,-10.82701301574707,2.9364733695983887,,
,,34699,,,216.2952423095703,,,,,,
,,34699,,20.94244956970215,,,,,,,
22,,34699,,,,2.93768048286438,-10.510313034057617,-11.008898735046387,2.93768048286438,,
,,34749,,,227.39744186401367,,,,,,
,,34749,,4.1599273681640625,,,,,,,
22,,34749,,,,2.9362337589263916,-10.858083724975586,-11.296483993530273,2.9362337589263916,,
,,34799,,,226.99213027954102,,,,,,
,,34799,,21.290302276611328,,,,,,,
22,,34799,,,,2.9386074542999268,-10.820993423461914,-11.2855806350708,2.9386074542999268,,
,,34849,,,215.80934524536133,,,,,,
,,34849,,3.6933422088623047,,,,,,,
22,,34849,,,,2.9346532821655273,-10.591428756713867,-11.073457717895508,2.9346532821655273,,
,,34899,,,220.5357551574707,,,,,,
,,34899,,20.915746688842773,,,,,,,
22,,34899,,,,2.935267210006714,-10.805788040161133,-11.265055656433105,2.935267210006714,,
,,34949,,,217.8502082824707,,,,,,
,,34949,,4.153251647949219,,,,,,,
22,,34949,,,,2.9360387325286865,-10.800210952758789,-11.260905265808105,2.9360387325286865,,
,,34999,,,218.0190086364746,,,,,,
,,34999,,21.23284339904785,,,,,,,
22,,34999,,,,2.928698778152466,-10.457990646362305,-10.897137641906738,2.928698778152466,,
,,35049,,,221.30155563354492,,,,,,
,,35049,,4.1828155517578125,,,,,,,
22,,35049,,,,2.9389936923980713,-10.47563362121582,-10.93581485748291,2.9389936923980713,,
,,35099,,,223.12045097351074,,,,,,
,,35099,,20.941734313964844,,,,,,,
22,,35099,,,,2.9329628944396973,-10.737370491027832,-11.18379020690918,2.9329628944396973,,
,,35149,,,224.01857376098633,,,,,,
,,35149,,4.034757614135742,,,,,,,
22,,35149,,,,2.9357120990753174,-10.777790069580078,-11.242859840393066,2.9357120990753174,,
,,35199,,,223.30975532531738,,,,,,
,,35199,,20.89691162109375,,,,,,,
22,,35199,,,,2.938493490219116,-10.457429885864258,-10.898153305053711,2.938493490219116,,
,,35249,,,220.63398361206055,,,,,,
,,35249,,4.118204116821289,,,,,,,
22,,35249,,,,2.929737091064453,-10.559322357177734,-11.021374702453613,2.929737091064453,,
,,35299,,,219.56467628479004,,,,,,
,,35299,,21.278858184814453,,,,,,,
22,,35299,,,,2.9383602142333984,-10.801542282104492,-11.268538475036621,2.9383602142333984,,
,,35349,,,222.46861457824707,,,,,,
,,35349,,4.118680953979492,,,,,,,
22,,35349,,,,2.931224822998047,-10.618310928344727,-11.081574440002441,2.931224822998047,,
,,35399,,,217.14067459106445,,,,,,
,,35399,,20.98989486694336,,,,,,,
22,,35399,,,,2.9404895305633545,-10.604410171508789,-11.04500675201416,2.9404895305633545,,
,,35449,,,216.8276309967041,,,,,,
,,35449,,4.0683746337890625,,,,,,,
22,,35449,,,,2.9352874755859375,-10.507084846496582,-10.954045295715332,2.9352874755859375,,
,,35499,,,227.72836685180664,,,,,,
,,35499,,20.85566520690918,,,,,,,
22,,35499,,,,2.9363086223602295,-10.868390083312988,-11.323369979858398,2.9363086223602295,,
,,35549,,,223.16527366638184,,,,,,
,,35549,,4.060029983520508,,,,,,,
22,,35549,,,,2.9369304180145264,-10.844507217407227,-11.289237976074219,2.9369304180145264,,
,,35599,,,228.20520401000977,,,,,,
,,35599,,20.9653377532959,,,,,,,
22,,35599,,,,2.937319278717041,-10.844058990478516,-11.322027206420898,2.937319278717041,,
,,35649,,,223.60849380493164,,,,,,
,,35649,,4.164695739746094,,,,,,,
22,,35649,,,,2.9316558837890625,-10.849054336547852,-11.314472198486328,2.9316558837890625,,
,,35699,,,223.54793548583984,,,,,,
,,35699,,21.45528793334961,,,,,,,
22,,35699,,,,2.9409337043762207,-10.86335563659668,-11.307291984558105,2.9409337043762207,,
,,35749,,,223.65093231201172,,,,,,
,,35749,,4.29534912109375,,,,,,,
22,,35749,,,,2.9339427947998047,-10.711148262023926,-11.16251277923584,2.9339427947998047,,
,,35799,,,223.2367992401123,,,,,,
,,35799,,21.34227752685547,,,,,,,
22,,35799,,,,2.93402099609375,-10.598432540893555,-11.051969528198242,2.93402099609375,,
,,35849,,,216.44091606140137,,,,,,
,,35849,,4.111289978027344,,,,,,,
22,,35849,,,,2.9355480670928955,-10.560564041137695,-11.03292179107666,2.9355480670928955,,
,,35899,,,219.9270725250244,,,,,,
,,35899,,21.12102508544922,,,,,,,
22,,35899,,,,2.936084747314453,-10.618814468383789,-11.075732231140137,2.936084747314453,,
,,35949,,,221.4031219482422,,,,,,
22,,35948,,,,,,,,-10.650814056396484,-11.062614440917969
,,35949,390.0236418247223,,,,,,,,
,0.0003,35949,,,,,,,,,
,,35949,,,,,,,,,
23,,35949,,,,2.93210506439209,-10.865917205810547,-11.313446998596191,2.93210506439209,,
,,35999,,,216.2024974822998,,,,,,
,,35999,,21.300554275512695,,,,,,,
23,,35999,,,,2.9348487854003906,-10.97426986694336,-11.437273025512695,2.9348487854003906,,
,,36049,,,218.95241737365723,,,,,,
,,36049,,5.7506561279296875,,,,,,,
23,,36049,,,,2.933328151702881,-10.667234420776367,-11.11136245727539,2.933328151702881,,
,,36099,,,216.09973907470703,,,,,,
,,36099,,20.7822322845459,,,,,,,
23,,36099,,,,2.9410436153411865,-10.768264770507812,-11.225173950195312,2.9410436153411865,,
,,36149,,,218.7821865081787,,,,,,
,,36149,,3.855466842651367,,,,,,,
23,,36149,,,,2.937124490737915,-10.694096565246582,-11.1865234375,2.937124490737915,,
,,36199,,,218.72186660766602,,,,,,
,,36199,,23.6356258392334,,,,,,,
23,,36199,,,,2.9369332790374756,-10.69283390045166,-11.143086433410645,2.9369332790374756,,
,,36249,,,220.13497352600098,,,,,,
,,36249,,5.012035369873047,,,,,,,
23,,36249,,,,2.9361233711242676,-10.559783935546875,-11.014643669128418,2.9361233711242676,,
,,36299,,,221.4369773864746,,,,,,
,,36299,,23.866891860961914,,,,,,,
23,,36299,,,,2.9459853172302246,-10.788073539733887,-11.264582633972168,2.9459853172302246,,
,,36349,,,222.57280349731445,,,,,,
,,36349,,4.018306732177734,,,,,,,
23,,36349,,,,2.933722972869873,-10.503226280212402,-10.980924606323242,2.933722972869873,,
,,36399,,,224.11632537841797,,,,,,
,,36399,,21.122455596923828,,,,,,,
23,,36399,,,,2.929738759994507,-10.623590469360352,-11.0698823928833,2.929738759994507,,
,,36449,,,224.87926483154297,,,,,,
,,36449,,3.9680004119873047,,,,,,,
23,,36449,,,,2.93898606300354,-10.596272468566895,-11.056808471679688,2.93898606300354,,
,,36499,,,223.70100021362305,,,,,,
,,36499,,20.846128463745117,,,,,,,
23,,36499,,,,2.9380083084106445,-10.946413040161133,-11.400182723999023,2.9380083084106445,,
,,36549,,,225.82054138183594,,,,,,
,,36549,,3.8089752197265625,,,,,,,
23,,36549,,,,2.9374260902404785,-10.375345230102539,-10.807878494262695,2.9374260902404785,,
,,36599,,,223.53148460388184,,,,,,
,,36599,,21.018266677856445,,,,,,,
23,,36599,,,,2.9393200874328613,-10.745161056518555,-11.20138931274414,2.9393200874328613,,
,,36649,,,222.89681434631348,,,,,,
,,36649,,4.185199737548828,,,,,,,
23,,36649,,,,2.9413509368896484,-10.836835861206055,-11.316126823425293,2.9413509368896484,,
,,36699,,,222.5954532623291,,,,,,
,,36699,,20.989418029785156,,,,,,,
23,,36699,,,,2.936260223388672,-10.508987426757812,-10.932442665100098,2.936260223388672,,
,,36749,,,222.90658950805664,,,,,,
,,36749,,4.091739654541016,,,,,,,
23,,36749,,,,2.9409914016723633,-10.824617385864258,-11.28146743774414,2.9409914016723633,,
,,36799,,,223.33717346191406,,,,,,
,,36799,,20.893096923828125,,,,,,,
23,,36799,,,,2.937852621078491,-10.661590576171875,-11.107941627502441,2.937852621078491,,
,,36849,,,229.08639907836914,,,,,,
,,36849,,4.012346267700195,,,,,,,
23,,36849,,,,2.928123712539673,-10.70151138305664,-11.158461570739746,2.928123712539673,,
,,36899,,,222.428560256958,,,,,,
,,36899,,20.867586135864258,,,,,,,
23,,36899,,,,2.9303886890411377,-10.552600860595703,-10.981209754943848,2.9303886890411377,,
,,36949,,,228.93786430358887,,,,,,
,,36949,,5.028009414672852,,,,,,,
23,,36949,,,,2.9322524070739746,-10.607696533203125,-11.0734224319458,2.9322524070739746,,
,,36999,,,229.29954528808594,,,,,,
,,36999,,21.159648895263672,,,,,,,
23,,36999,,,,2.932298183441162,-10.998612403869629,-11.472487449645996,2.932298183441162,,
,,37049,,,232.44404792785645,,,,,,
,,37049,,3.918886184692383,,,,,,,
23,,37049,,,,2.932717800140381,-10.717360496520996,-11.187591552734375,2.932717800140381,,
,,37099,,,221.68684005737305,,,,,,
,,37099,,20.71380615234375,,,,,,,
23,,37099,,,,2.938718795776367,-10.760841369628906,-11.21912956237793,2.938718795776367,,
,,37149,,,225.56805610656738,,,,,,
,,37149,,3.9644241333007812,,,,,,,
23,,37149,,,,2.9378459453582764,-10.63082504272461,-11.078803062438965,2.9378459453582764,,
,,37199,,,228.67298126220703,,,,,,
,,37199,,21.129846572875977,,,,,,,
23,,37199,,,,2.929272413253784,-10.672061920166016,-11.106589317321777,2.929272413253784,,
,,37249,,,231.07075691223145,,,,,,
,,37249,,3.923177719116211,,,,,,,
23,,37249,,,,2.931769847869873,-10.454996109008789,-10.909668922424316,2.931769847869873,,
,,37299,,,223.7539291381836,,,,,,
,,37299,,21.164894104003906,,,,,,,
23,,37299,,,,2.9350340366363525,-10.563177108764648,-11.017844200134277,2.9350340366363525,,
,,37349,,,223.22463989257812,,,,,,
,,37349,,4.082918167114258,,,,,,,
23,,37349,,,,2.932905435562134,-10.356040954589844,-10.833754539489746,2.932905435562134,,
,,37399,,,228.43074798583984,,,,,,
,,37399,,21.041154861450195,,,,,,,
23,,37399,,,,2.9340178966522217,-10.481561660766602,-10.960943222045898,2.9340178966522217,,
,,37449,,,218.08218955993652,,,,,,
,,37449,,3.9815902709960938,,,,,,,
23,,37449,,,,2.92928409576416,-10.372647285461426,-10.834992408752441,2.92928409576416,,
,,37499,,,220.51596641540527,,,,,,
,,37499,,21.057844161987305,,,,,,,
23,,37499,,,,2.9340322017669678,-10.7739839553833,-11.233595848083496,2.9340322017669678,,
23,,37511,,,,,,,,-10.654989242553711,-11.069084167480469
,,37512,392.345002412796,,,,,,,,
,0.0003,37512,,,,,,,,,
,,37549,,,220.62969207763672,,,,,,
,,37549,,4.081010818481445,,,,,,,
24,,37549,,,,2.9402284622192383,-10.491377830505371,-10.968297958374023,2.9402284622192383,,
,,37599,,,220.05963325500488,,,,,,
,,37599,,21.095752716064453,,,,,,,
24,,37599,,,,2.9362106323242188,-10.869128227233887,-11.327754020690918,2.9362106323242188,,
,,37649,,,218.48773956298828,,,,,,
,,37649,,3.9510726928710938,,,,,,,
24,,37649,,,,2.9329795837402344,-10.559849739074707,-11.004440307617188,2.9329795837402344,,
,,37699,,,218.74499320983887,,,,,,
,,37699,,21.067142486572266,,,,,,,
24,,37699,,,,2.935467481613159,-10.603570938110352,-11.052437782287598,2.935467481613159,,
,,37749,,,220.81422805786133,,,,,,
,,37749,,4.050731658935547,,,,,,,
24,,37749,,,,2.9420933723449707,-10.473788261413574,-10.948699951171875,2.9420933723449707,,
,,37799,,,223.32406044006348,,,,,,
,,37799,,24.568796157836914,,,,,,,
24,,37799,,,,2.931553840637207,-10.468457221984863,-10.941027641296387,2.931553840637207,,
,,37849,,,222.80144691467285,,,,,,
,,37849,,5.57708740234375,,,,,,,
24,,37849,,,,2.9307758808135986,-10.54112434387207,-10.989898681640625,2.9307758808135986,,
,,37899,,,225.49796104431152,,,,,,
,,37899,,22.794246673583984,,,,,,,
24,,37899,,,,2.933027982711792,-10.804363250732422,-11.273456573486328,2.933027982711792,,
,,37949,,,220.55649757385254,,,,,,
,,37949,,5.132913589477539,,,,,,,
24,,37949,,,,2.9419662952423096,-10.635055541992188,-11.096729278564453,2.9419662952423096,,
,,37999,,,221.71688079833984,,,,,,
,,37999,,23.67854118347168,,,,,,,
24,,37999,,,,2.9336187839508057,-10.780380249023438,-11.235907554626465,2.9336187839508057,,
,,38049,,,219.27404403686523,,,,,,
,,38049,,4.042148590087891,,,,,,,
24,,38049,,,,2.9364378452301025,-10.551200866699219,-10.987112998962402,2.9364378452301025,,
,,38099,,,221.757173538208,,,,,,
,,38099,,21.073341369628906,,,,,,,
24,,38099,,,,2.941359758377075,-10.769319534301758,-11.210405349731445,2.941359758377075,,
,,38149,,,226.4866828918457,,,,,,
,,38149,,3.7038326263427734,,,,,,,
24,,38149,,,,2.9375405311584473,-10.780289649963379,-11.257407188415527,2.9375405311584473,,
,,38199,,,219.99406814575195,,,,,,
,,38199,,20.956039428710938,,,,,,,
24,,38199,,,,2.9376378059387207,-10.757879257202148,-11.220612525939941,2.9376378059387207,,
,,38249,,,220.11995315551758,,,,,,
,,38249,,5.0811767578125,,,,,,,
24,,38249,,,,2.935190439224243,-10.489189147949219,-10.981527328491211,2.935190439224243,,
,,38299,,,217.6966667175293,,,,,,
,,38299,,21.33798599243164,,,,,,,
24,,38299,,,,2.9412405490875244,-10.594597816467285,-11.035734176635742,2.9412405490875244,,
,,38349,,,217.90623664855957,,,,,,
,,38349,,4.018068313598633,,,,,,,
24,,38349,,,,2.933037281036377,-10.486286163330078,-10.9466552734375,2.933037281036377,,
,,38399,,,217.4539566040039,,,,,,
,,38399,,21.282196044921875,,,,,,,
24,,38399,,,,2.940173387527466,-10.628715515136719,-11.083824157714844,2.940173387527466,,
,,38449,,,217.96703338623047,,,,,,
,,38449,,4.0302276611328125,,,,,,,
24,,38449,,,,2.937769651412964,-10.83816146850586,-11.3138427734375,2.937769651412964,,
,,38499,,,220.13330459594727,,,,,,
,,38499,,21.19898796081543,,,,,,,
24,,38499,,,,2.939138650894165,-10.736390113830566,-11.23155689239502,2.939138650894165,,
,,38549,,,217.40055084228516,,,,,,
,,38549,,4.03594970703125,,,,,,,
24,,38549,,,,2.935526132583618,-10.484472274780273,-10.938334465026855,2.935526132583618,,
,,38599,,,221.235990524292,,,,,,
,,38599,,21.227121353149414,,,,,,,
24,,38599,,,,2.9329075813293457,-10.826530456542969,-11.28363037109375,2.9329075813293457,,
,,38649,,,217.38815307617188,,,,,,
,,38649,,4.0740966796875,,,,,,,
24,,38649,,,,2.9288244247436523,-10.655376434326172,-11.11231517791748,2.9288244247436523,,
,,38699,,,220.70646286010742,,,,,,
,,38699,,21.40498161315918,,,,,,,
24,,38699,,,,2.9370338916778564,-10.626583099365234,-11.07514476776123,2.9370338916778564,,
,,38749,,,226.0417938232422,,,,,,
,,38749,,5.429744720458984,,,,,,,
24,,38749,,,,2.9345178604125977,-10.722097396850586,-11.164746284484863,2.9345178604125977,,
,,38799,,,218.4140682220459,,,,,,
,,38799,,21.326541900634766,,,,,,,
24,,38799,,,,2.9344396591186523,-10.768627166748047,-11.23245620727539,2.9344396591186523,,
,,38849,,,224.6723175048828,,,,,,
,,38849,,5.094289779663086,,,,,,,
24,,38849,,,,2.9343316555023193,-10.522894859313965,-10.968963623046875,2.9343316555023193,,
,,38899,,,219.0413475036621,,,,,,
,,38899,,20.99895477294922,,,,,,,
24,,38899,,,,2.931628942489624,-10.789630889892578,-11.271777153015137,2.931628942489624,,
,,38949,,,217.48614311218262,,,,,,
,,38949,,4.092931747436523,,,,,,,
24,,38949,,,,2.937005043029785,-10.561107635498047,-11.025365829467773,2.937005043029785,,
,,38999,,,221.91262245178223,,,,,,
,,38999,,20.95937728881836,,,,,,,
24,,38999,,,,2.9345805644989014,-10.288691520690918,-10.719213485717773,2.9345805644989014,,
,,39049,,,217.14186668395996,,,,,,
,,39049,,4.117250442504883,,,,,,,
24,,39049,,,,2.928816556930542,-10.747994422912598,-11.218214988708496,2.928816556930542,,
24,,39074,,,,,,,,-10.654711723327637,-11.066398620605469
,,39075,387.88102197647095,,,,,,,,
,0.0003,39075,,,,,,,,,
,,39099,,,222.04947471618652,,,,,,
,,39099,,22.276639938354492,,,,,,,
25,,39099,,,,2.9418492317199707,-10.868465423583984,-11.313652038574219,2.9418492317199707,,
,,39149,,,221.27413749694824,,,,,,
,,39149,,4.324913024902344,,,,,,,
25,,39149,,,,2.9318721294403076,-10.61750316619873,-11.05639362335205,2.9318721294403076,,
,,39199,,,223.70386123657227,,,,,,
,,39199,,21.336793899536133,,,,,,,
25,,39199,,,,2.9350247383117676,-10.44569206237793,-10.89556884765625,2.9350247383117676,,
,,39249,,,228.8980484008789,,,,,,
,,39249,,4.218339920043945,,,,,,,
25,,39249,,,,2.9290008544921875,-10.449385643005371,-10.892789840698242,2.9290008544921875,,
,,39299,,,228.6369800567627,,,,,,
,,39299,,20.870447158813477,,,,,,,
25,,39299,,,,2.928658962249756,-10.389780044555664,-10.829105377197266,2.928658962249756,,
,,39349,,,243.32499504089355,,,,,,
,,39349,,6.870746612548828,,,,,,,
25,,39349,,,,2.928109645843506,-10.661450386047363,-11.10653018951416,2.928109645843506,,
,,39399,,,223.71530532836914,,,,,,
,,39399,,24.172306060791016,,,,,,,
25,,39399,,,,2.9375786781311035,-10.645697593688965,-11.101235389709473,2.9375786781311035,,
,,39449,,,222.72467613220215,,,,,,
,,39449,,4.230737686157227,,,,,,,
25,,39449,,,,2.9299144744873047,-10.658308982849121,-11.12014102935791,2.9299144744873047,,
,,39499,,,229.323148727417,,,,,,
,,39499,,21.87633514404297,,,,,,,
25,,39499,,,,2.9370334148406982,-10.697617530822754,-11.146306037902832,2.9370334148406982,,
,,39549,,,220.06845474243164,,,,,,
,,39549,,3.9968490600585938,,,,,,,
25,,39549,,,,2.933847665786743,-10.477956771850586,-10.94832706451416,2.933847665786743,,
,,39599,,,216.691255569458,,,,,,
,,39599,,20.742177963256836,,,,,,,
25,,39599,,,,2.931224822998047,-10.677267074584961,-11.127120971679688,2.931224822998047,,
,,39649,,,217.4818515777588,,,,,,
,,39649,,3.947019577026367,,,,,,,
25,,39649,,,,2.9373998641967773,-10.551095962524414,-11.000346183776855,2.9373998641967773,,
,,39699,,,217.49114990234375,,,,,,
,,39699,,21.468162536621094,,,,,,,
25,,39699,,,,2.936285972595215,-10.664609909057617,-11.138737678527832,2.936285972595215,,
,,39749,,,219.73037719726562,,,,,,
,,39749,,3.9331912994384766,,,,,,,
25,,39749,,,,2.9312081336975098,-10.287004470825195,-10.746627807617188,2.9312081336975098,,
,,39799,,,219.5417881011963,,,,,,
,,39799,,21.593332290649414,,,,,,,
25,,39799,,,,2.9313671588897705,-10.857105255126953,-11.313737869262695,2.9313671588897705,,
,,39849,,,219.73586082458496,,,,,,
,,39849,,3.8475990295410156,,,,,,,
25,,39849,,,,2.9352526664733887,-10.667266845703125,-11.100664138793945,2.9352526664733887,,
,,39899,,,220.22008895874023,,,,,,
,,39899,,21.34847640991211,,,,,,,
25,,39899,,,,2.940580129623413,-10.707416534423828,-11.151803016662598,2.940580129623413,,
,,39949,,,217.32401847839355,,,,,,
,,39949,,3.871917724609375,,,,,,,
25,,39949,,,,2.9369029998779297,-10.873684883117676,-11.350727081298828,2.9369029998779297,,
,,39999,,,217.9274559020996,,,,,,
,,39999,,20.979642868041992,,,,,,,
25,,39999,,,,2.932605504989624,-10.5905122756958,-11.02762508392334,2.932605504989624,,
,,40049,,,218.77622604370117,,,,,,
,,40049,,3.5691261291503906,,,,,,,
25,,40049,,,,2.935123920440674,-10.698637008666992,-11.160795211791992,2.935123920440674,,
,,40099,,,217.97871589660645,,,,,,
,,40099,,21.24476432800293,,,,,,,
25,,40099,,,,2.93837833404541,-10.888069152832031,-11.350177764892578,2.93837833404541,,
,,40149,,,214.80774879455566,,,,,,
,,40149,,2.701282501220703,,,,,,,
25,,40149,,,,2.9373955726623535,-10.744833946228027,-11.206743240356445,2.9373955726623535,,
,,40199,,,216.12930297851562,,,,,,
,,40199,,20.44081687927246,,,,,,,
25,,40199,,,,2.936232805252075,-10.272552490234375,-10.731708526611328,2.936232805252075,,
,,40249,,,211.04741096496582,,,,,,
,,40249,,2.6397705078125,,,,,,,
25,,40249,,,,2.9366586208343506,-10.845370292663574,-11.306137084960938,2.9366586208343506,,
,,40299,,,214.56432342529297,,,,,,
,,40299,,20.273685455322266,,,,,,,
25,,40299,,,,2.9345316886901855,-10.733012199401855,-11.209006309509277,2.9345316886901855,,
,,40349,,,212.1748924255371,,,,,,
,,40349,,2.5217533111572266,,,,,,,
25,,40349,,,,2.9394378662109375,-10.583653450012207,-11.01724624633789,2.9394378662109375,,
,,40399,,,211.3502025604248,,,,,,
,,40399,,20.13397216796875,,,,,,,
25,,40399,,,,2.9347026348114014,-10.728662490844727,-11.200029373168945,2.9347026348114014,,
,,40449,,,210.5541229248047,,,,,,
,,40449,,2.596616744995117,,,,,,,
25,,40449,,,,2.930457592010498,-10.330313682556152,-10.772775650024414,2.930457592010498,,
,,40499,,,215.8071994781494,,,,,,
,,40499,,19.815683364868164,,,,,,,
25,,40499,,,,2.927607297897339,-10.874821662902832,-11.339412689208984,2.927607297897339,,
,,40549,,,214.14732933044434,,,,,,
,,40549,,2.60162353515625,,,,,,,
25,,40549,,,,2.9341392517089844,-10.649009704589844,-11.110438346862793,2.9341392517089844,,
,,40599,,,214.9956226348877,,,,,,
,,40599,,19.998788833618164,,,,,,,
25,,40599,,,,2.933060884475708,-10.7591552734375,-11.18785285949707,2.933060884475708,,
25,,40637,,,,,,,,-10.652828216552734,-11.06348705291748
,,40638,385.50648045539856,,,,,,,,
,0.0003,40638,,,,,,,,,
,,40649,,,209.90443229675293,,,,,,
,,40649,,2.5148391723632812,,,,,,,
26,,40649,,,,2.932476758956909,-10.422486305236816,-10.85448932647705,2.932476758956909,,
,,40699,,,216.7224884033203,,,,,,
,,40699,,20.272493362426758,,,,,,,
26,,40699,,,,2.9294676780700684,-10.67220401763916,-11.131476402282715,2.9294676780700684,,
,,40749,,,212.92710304260254,,,,,,
,,40749,,2.7463436126708984,,,,,,,
26,,40749,,,,2.938054323196411,-10.541671752929688,-10.973341941833496,2.938054323196411,,
,,40799,,,212.5222682952881,,,,,,
,,40799,,20.118236541748047,,,,,,,
26,,40799,,,,2.9385762214660645,-10.610536575317383,-11.07351303100586,2.9385762214660645,,
,,40849,,,219.1333770751953,,,,,,
,,40849,,2.580404281616211,,,,,,,
26,,40849,,,,2.933818817138672,-10.54597282409668,-11.004889488220215,2.933818817138672,,
,,40899,,,216.2759304046631,,,,,,
,,40899,,23.186922073364258,,,,,,,
26,,40899,,,,2.9363746643066406,-10.688642501831055,-11.108922958374023,2.9363746643066406,,
,,40949,,,211.91835403442383,,,,,,
,,40949,,2.817869186401367,,,,,,,
26,,40949,,,,2.931957244873047,-10.814536094665527,-11.29055404663086,2.931957244873047,,
,,40999,,,210.68811416625977,,,,,,
,,40999,,19.90652084350586,,,,,,,
26,,40999,,,,2.9410617351531982,-10.4329195022583,-10.889684677124023,2.9410617351531982,,
,,41049,,,220.06702423095703,,,,,,
,,41049,,2.691984176635742,,,,,,,
26,,41049,,,,2.9423742294311523,-10.44240951538086,-10.91159439086914,2.9423742294311523,,
,,41099,,,212.67938613891602,,,,,,
,,41099,,19.807100296020508,,,,,,,
26,,41099,,,,2.93208646774292,-10.832479476928711,-11.286974906921387,2.93208646774292,,
,,41149,,,212.738037109375,,,,,,
,,41149,,4.332542419433594,,,,,,,
26,,41149,,,,2.9359283447265625,-10.836702346801758,-11.282294273376465,2.9359283447265625,,
,,41199,,,212.01825141906738,,,,,,
,,41199,,24.39570426940918,,,,,,,
26,,41199,,,,2.9347636699676514,-10.635936737060547,-11.076726913452148,2.9347636699676514,,
,,41249,,,210.97636222839355,,,,,,
,,41249,,2.676725387573242,,,,,,,
26,,41249,,,,2.934847354888916,-10.452773094177246,-10.895392417907715,2.934847354888916,,
,,41299,,,214.34688568115234,,,,,,
,,41299,,20.366907119750977,,,,,,,
26,,41299,,,,2.928799867630005,-10.721317291259766,-11.14776611328125,2.928799867630005,,
,,41349,,,212.3408317565918,,,,,,
,,41349,,2.5582313537597656,,,,,,,
26,,41349,,,,2.9272143840789795,-10.815958023071289,-11.266725540161133,2.9272143840789795,,
,,41399,,,210.3254795074463,,,,,,
,,41399,,19.684553146362305,,,,,,,
26,,41399,,,,2.937358856201172,-10.547205924987793,-10.99753475189209,2.937358856201172,,
,,41449,,,214.86926078796387,,,,,,
,,41449,,2.618074417114258,,,,,,,
26,,41449,,,,2.9300317764282227,-10.838114738464355,-11.26976490020752,2.9300317764282227,,
,,41499,,,210.6153964996338,,,,,,
,,41499,,19.83809471130371,,,,,,,
26,,41499,,,,2.9345719814300537,-10.891088485717773,-11.359943389892578,2.9345719814300537,,
,,41549,,,210.88814735412598,,,,,,
,,41549,,2.687692642211914,,,,,,,
26,,41549,,,,2.9305531978607178,-10.749580383300781,-11.2109375,2.9305531978607178,,
,,41599,,,216.95947647094727,,,,,,
,,41599,,19.87767219543457,,,,,,,
26,,41599,,,,2.9418716430664062,-10.785120010375977,-11.232338905334473,2.9418716430664062,,
,,41649,,,207.88288116455078,,,,,,
,,41649,,2.6721954345703125,,,,,,,
26,,41649,,,,2.9353556632995605,-10.634572982788086,-11.101266860961914,2.9353556632995605,,
,,41699,,,211.22479438781738,,,,,,
,,41699,,20.47419548034668,,,,,,,
26,,41699,,,,2.9414284229278564,-10.484241485595703,-10.93218994140625,2.9414284229278564,,
,,41749,,,212.38303184509277,,,,,,
,,41749,,2.607583999633789,,,,,,,
26,,41749,,,,2.9265778064727783,-10.61515998840332,-11.072850227355957,2.9265778064727783,,
,,41799,,,212.09001541137695,,,,,,
,,41799,,20.226240158081055,,,,,,,
26,,41799,,,,2.93693470954895,-10.697572708129883,-11.172730445861816,2.93693470954895,,
,,41849,,,211.09819412231445,,,,,,
,,41849,,2.6073455810546875,,,,,,,
26,,41849,,,,2.936424493789673,-10.602317810058594,-11.051725387573242,2.936424493789673,,
,,41899,,,212.75711059570312,,,,,,
,,41899,,19.934892654418945,,,,,,,
26,,41899,,,,2.934269428253174,-10.848112106323242,-11.302926063537598,2.934269428253174,,
,,41949,,,214.60437774658203,,,,,,
,,41949,,2.583742141723633,,,,,,,
26,,41949,,,,2.9301772117614746,-10.572395324707031,-11.012988090515137,2.9301772117614746,,
,,41999,,,216.17984771728516,,,,,,
,,41999,,20.206689834594727,,,,,,,
26,,41999,,,,2.937877655029297,-10.581153869628906,-11.024182319641113,2.937877655029297,,
,,42049,,,214.20550346374512,,,,,,
,,42049,,2.7670860290527344,,,,,,,
26,,42049,,,,2.9306886196136475,-10.728117942810059,-11.185770988464355,2.9306886196136475,,
,,42099,,,210.6039524078369,,,,,,
,,42099,,20.317792892456055,,,,,,,
26,,42099,,,,2.938178300857544,-10.601234436035156,-11.071672439575195,2.938178300857544,,
,,42149,,,209.7623348236084,,,,,,
,,42149,,2.593517303466797,,,,,,,
26,,42149,,,,2.936495304107666,-10.740350723266602,-11.17493724822998,2.936495304107666,,
,,42199,,,214.67018127441406,,,,,,
,,42199,,20.351171493530273,,,,,,,
26,,42199,,,,2.9367642402648926,-10.532840728759766,-10.968886375427246,2.9367642402648926,,
26,,42200,,,,,,,,-10.637968063354492,-11.046939849853516
,,42201,374.0745692253113,,,,,,,,
,0.0003,42201,,,,,,,,,
,,42249,,,216.16816520690918,,,,,,
,,42249,,2.562999725341797,,,,,,,
27,,42249,,,,2.9304728507995605,-10.66478443145752,-11.095255851745605,2.9304728507995605,,
,,42299,,,220.85332870483398,,,,,,
,,42299,,19.923686981201172,,,,,,,
27,,42299,,,,2.935016393661499,-10.585747718811035,-11.049429893493652,2.935016393661499,,
,,42349,,,211.5159034729004,,,,,,
,,42349,,2.6187896728515625,,,,,,,
27,,42349,,,,2.9309091567993164,-10.399619102478027,-10.837690353393555,2.9309091567993164,,
,,42399,,,213.89365196228027,,,,,,
,,42399,,20.018339157104492,,,,,,,
27,,42399,,,,2.936185598373413,-10.672704696655273,-11.11142349243164,2.936185598373413,,
,,42449,,,213.639497756958,,,,,,
,,42449,,2.5191307067871094,,,,,,,
27,,42449,,,,2.9363033771514893,-10.63469123840332,-11.072545051574707,2.9363033771514893,,
,,42499,,,226.8233299255371,,,,,,
,,42499,,20.72620391845703,,,,,,,
27,,42499,,,,2.9370903968811035,-10.33997631072998,-10.804929733276367,2.9370903968811035,,
,,42549,,,223.2534885406494,,,,,,
,,42549,,3.6458969116210938,,,,,,,
27,,42549,,,,2.9363932609558105,-10.40389347076416,-10.880904197692871,2.9363932609558105,,
,,42599,,,223.93393516540527,,,,,,
,,42599,,20.923614501953125,,,,,,,
27,,42599,,,,2.9358036518096924,-10.624750137329102,-11.081993103027344,2.9358036518096924,,
,,42649,,,219.10643577575684,,,,,,
,,42649,,3.5943984985351562,,,,,,,
27,,42649,,,,2.937466859817505,-10.78170394897461,-11.19127368927002,2.937466859817505,,
,,42699,,,226.82452201843262,,,,,,
,,42699,,21.063566207885742,,,,,,,
27,,42699,,,,2.9369120597839355,-10.399809837341309,-10.849367141723633,2.9369120597839355,,
,,42749,,,220.18051147460938,,,,,,
,,42749,,3.5943984985351562,,,,,,,
27,,42749,,,,2.9359829425811768,-10.703937530517578,-11.162144660949707,2.9359829425811768,,
,,42799,,,220.703125,,,,,,
,,42799,,20.985126495361328,,,,,,,
27,,42799,,,,2.937000036239624,-10.663984298706055,-11.127053260803223,2.937000036239624,,
,,42849,,,224.66039657592773,,,,,,
,,42849,,3.5927295684814453,,,,,,,
27,,42849,,,,2.928109645843506,-10.590921401977539,-11.048832893371582,2.928109645843506,,
,,42899,,,228.15871238708496,,,,,,
,,42899,,21.349191665649414,,,,,,,
27,,42899,,,,2.9293386936187744,-10.61685562133789,-11.074591636657715,2.9293386936187744,,
,,42949,,,221.51732444763184,,,,,,
,,42949,,4.057884216308594,,,,,,,
27,,42949,,,,2.9349048137664795,-10.61449909210205,-11.06339168548584,2.9349048137664795,,
,,42999,,,223.4020233154297,,,,,,
,,42999,,21.341800689697266,,,,,,,
27,,42999,,,,2.93778395652771,-10.63038444519043,-11.072210311889648,2.93778395652771,,
,,43049,,,221.56357765197754,,,,,,
,,43049,,3.59344482421875,,,,,,,
27,,43049,,,,2.936845302581787,-10.380610466003418,-10.830853462219238,2.936845302581787,,
,,43099,,,224.3938446044922,,,,,,
,,43099,,20.85566520690918,,,,,,,
27,,43099,,,,2.9406633377075195,-10.36441421508789,-10.826803207397461,2.9406633377075195,,
,,43149,,,221.29297256469727,,,,,,
,,43149,,3.3445358276367188,,,,,,,
27,,43149,,,,2.936227321624756,-10.721779823303223,-11.17713737487793,2.936227321624756,,
,,43199,,,222.72968292236328,,,,,,
,,43199,,20.80535888671875,,,,,,,
27,,43199,,,,2.938340425491333,-10.632680892944336,-11.060808181762695,2.938340425491333,,
,,43249,,,219.3737030029297,,,,,,
,,43249,,3.3423900604248047,,,,,,,
27,,43249,,,,2.9362926483154297,-10.571155548095703,-11.02645206451416,2.9362926483154297,,
,,43299,,,224.99418258666992,,,,,,
,,43299,,20.757436752319336,,,,,,,
27,,43299,,,,2.938730001449585,-10.876631736755371,-11.34605884552002,2.938730001449585,,
,,43349,,,220.19219398498535,,,,,,
,,43349,,3.7446022033691406,,,,,,,
27,,43349,,,,2.9369494915008545,-10.399443626403809,-10.862791061401367,2.9369494915008545,,
,,43399,,,220.23749351501465,,,,,,
,,43399,,20.969629287719727,,,,,,,
27,,43399,,,,2.9334259033203125,-10.558645248413086,-11.010168075561523,2.9334259033203125,,
,,43449,,,224.15542602539062,,,,,,
,,43449,,3.6292076110839844,,,,,,,
27,,43449,,,,2.9346251487731934,-10.357475280761719,-10.79822826385498,2.9346251487731934,,
,,43499,,,223.2189178466797,,,,,,
,,43499,,20.95198631286621,,,,,,,
27,,43499,,,,2.933736801147461,-10.617447853088379,-11.077885627746582,2.933736801147461,,
,,43549,,,221.15540504455566,,,,,,
,,43549,,3.632068634033203,,,,,,,
27,,43549,,,,2.935598611831665,-10.946305274963379,-11.390256881713867,2.935598611831665,,
,,43599,,,220.3686237335205,,,,,,
,,43599,,20.750045776367188,,,,,,,
27,,43599,,,,2.937931537628174,-10.676412582397461,-11.139265060424805,2.937931537628174,,
,,43649,,,218.13488006591797,,,,,,
,,43649,,3.7364959716796875,,,,,,,
27,,43649,,,,2.938981056213379,-10.823750495910645,-11.277746200561523,2.938981056213379,,
,,43699,,,221.649169921875,,,,,,
,,43699,,21.037817001342773,,,,,,,
27,,43699,,,,2.932265520095825,-10.810354232788086,-11.25103759765625,2.932265520095825,,
,,43749,,,227.45418548583984,,,,,,
,,43749,,5.766868591308594,,,,,,,
27,,43749,,,,2.940765380859375,-10.771790504455566,-11.236032485961914,2.940765380859375,,
27,,43763,,,,,,,,-10.639888763427734,-11.050135612487793
,,43764,387.61197233200073,,,,,,,,
,0.0003,43764,,,,,,,,,
,,43799,,,223.1431007385254,,,,,,
,,43799,,20.925045013427734,,,,,,,
28,,43799,,,,2.936098575592041,-10.457788467407227,-10.87569522857666,2.936098575592041,,
,,43849,,,226.32765769958496,,,,,,
,,43849,,3.6377906799316406,,,,,,,
28,,43849,,,,2.937908172607422,-10.46046257019043,-10.92849349975586,2.937908172607422,,
,,43899,,,218.74570846557617,,,,,,
,,43899,,20.763158798217773,,,,,,,
28,,43899,,,,2.9362242221832275,-10.383729934692383,-10.849021911621094,2.9362242221832275,,
,,43949,,,220.76082229614258,,,,,,
,,43949,,4.047393798828125,,,,,,,
28,,43949,,,,2.9345173835754395,-10.866401672363281,-11.334543228149414,2.9345173835754395,,
,,43999,,,222.5484848022461,,,,,,
,,43999,,20.97463607788086,,,,,,,
28,,43999,,,,2.93617582321167,-10.666707992553711,-11.103676795959473,2.93617582321167,,
,,44049,,,220.56317329406738,,,,,,
,,44049,,3.995180130004883,,,,,,,
28,,44049,,,,2.937258243560791,-10.745244026184082,-11.207114219665527,2.937258243560791,,
,,44099,,,225.355863571167,,,,,,
,,44099,,21.599531173706055,,,,,,,
28,,44099,,,,2.931565523147583,-10.464649200439453,-10.908329963684082,2.931565523147583,,
,,44149,,,226.5317440032959,,,,,,
,,44149,,3.7691593170166016,,,,,,,
28,,44149,,,,2.9340531826019287,-10.443679809570312,-10.896554946899414,2.9340531826019287,,
,,44199,,,226.81236267089844,,,,,,
,,44199,,24.868488311767578,,,,,,,
28,,44199,,,,2.9384727478027344,-10.518774032592773,-10.965048789978027,2.9384727478027344,,
,,44249,,,230.87692260742188,,,,,,
,,44249,,4.265069961547852,,,,,,,
28,,44249,,,,2.9367973804473877,-10.969244003295898,-11.427653312683105,2.9367973804473877,,
,,44299,,,226.81617736816406,,,,,,
,,44299,,21.556854248046875,,,,,,,
28,,44299,,,,2.937215566635132,-10.384033203125,-10.846930503845215,2.937215566635132,,
,,44349,,,226.4115810394287,,,,,,
,,44349,,4.381418228149414,,,,,,,
28,,44349,,,,2.9351274967193604,-10.543682098388672,-10.983327865600586,2.9351274967193604,,
,,44399,,,226.12261772155762,,,,,,
,,44399,,21.5299129486084,,,,,,,
28,,44399,,,,2.938939094543457,-10.604541778564453,-11.064720153808594,2.938939094543457,,
,,44449,,,232.8164577484131,,,,,,
,,44449,,4.708528518676758,,,,,,,
28,,44449,,,,2.933213949203491,-10.4149808883667,-10.872039794921875,2.933213949203491,,
,,44499,,,232.78403282165527,,,,,,
,,44499,,21.62003517150879,,,,,,,
28,,44499,,,,2.9379754066467285,-10.878660202026367,-11.306924819946289,2.9379754066467285,,
,,44549,,,236.4790439605713,,,,,,
,,44549,,4.24647331237793,,,,,,,
28,,44549,,,,2.940828800201416,-10.45180606842041,-10.893572807312012,2.940828800201416,,
,,44599,,,222.2437858581543,,,,,,
,,44599,,21.207571029663086,,,,,,,
28,,44599,,,,2.936551332473755,-10.715862274169922,-11.164124488830566,2.936551332473755,,
,,44649,,,225.51918029785156,,,,,,
,,44649,,4.131793975830078,,,,,,,
28,,44649,,,,2.9359874725341797,-10.53713321685791,-10.997851371765137,2.9359874725341797,,
,,44699,,,227.07557678222656,,,,,,
,,44699,,21.583080291748047,,,,,,,
28,,44699,,,,2.9342737197875977,-10.2886962890625,-10.753995895385742,2.9342737197875977,,
,,44749,,,224.35975074768066,,,,,,
,,44749,,4.250526428222656,,,,,,,
28,,44749,,,,2.927849054336548,-10.512203216552734,-10.953234672546387,2.927849054336548,,
,,44799,,,225.64458847045898,,,,,,
,,44799,,21.390199661254883,,,,,,,
28,,44799,,,,2.9305622577667236,-10.780304908752441,-11.242226600646973,2.9305622577667236,,
,,44849,,,225.98648071289062,,,,,,
,,44849,,4.520893096923828,,,,,,,
28,,44849,,,,2.927824020385742,-10.632730484008789,-11.069497108459473,2.927824020385742,,
,,44899,,,228.04713249206543,,,,,,
,,44899,,21.648645401000977,,,,,,,
28,,44899,,,,2.931962728500366,-10.445537567138672,-10.884730339050293,2.931962728500366,,
,,44949,,,225.17991065979004,,,,,,
,,44949,,4.076480865478516,,,,,,,
28,,44949,,,,2.9401142597198486,-10.638867378234863,-11.115431785583496,2.9401142597198486,,
,,44999,,,225.58093070983887,,,,,,
,,44999,,21.86870574951172,,,,,,,
28,,44999,,,,2.9362399578094482,-10.741402626037598,-11.227612495422363,2.9362399578094482,,
,,45049,,,228.32632064819336,,,,,,
,,45049,,4.0645599365234375,,,,,,,
28,,45049,,,,2.934814929962158,-10.216197967529297,-10.679244995117188,2.934814929962158,,
,,45099,,,228.55496406555176,,,,,,
,,45099,,21.655797958374023,,,,,,,
28,,45099,,,,2.934343099594116,-10.453700065612793,-10.888449668884277,2.934343099594116,,
,,45149,,,219.3903923034668,,,,,,
,,45149,,4.242420196533203,,,,,,,
28,,45149,,,,2.9294095039367676,-10.579856872558594,-11.035840034484863,2.9294095039367676,,
,,45199,,,224.2758274078369,,,,,,
,,45199,,21.345138549804688,,,,,,,
28,,45199,,,,2.9313650131225586,-10.824178695678711,-11.266986846923828,2.9313650131225586,,
,,45249,,,226.66215896606445,,,,,,
,,45249,,4.110813140869141,,,,,,,
28,,45249,,,,2.9391164779663086,-10.606266021728516,-11.0475435256958,2.9391164779663086,,
,,45299,,,227.0200252532959,,,,,,
,,45299,,21.6064453125,,,,,,,
28,,45299,,,,2.936802387237549,-10.778919219970703,-11.211094856262207,2.936802387237549,,
28,,45326,,,,,,,,-10.633979797363281,-11.03543472290039
,,45327,397.1693665981293,,,,,,,,
,0.0003,45327,,,,,,,,,
,,45349,,,226.40037536621094,,,,,,
,,45349,,4.150629043579102,,,,,,,
29,,45349,,,,2.932003974914551,-10.560467720031738,-11.014405250549316,2.932003974914551,,
,,45399,,,222.49817848205566,,,,,,
,,45399,,21.20661735534668,,,,,,,
29,,45399,,,,2.9394853115081787,-10.4833984375,-10.911333084106445,2.9394853115081787,,
,,45449,,,228.4550666809082,,,,,,
,,45449,,4.052877426147461,,,,,,,
29,,45449,,,,2.930427074432373,-10.710944175720215,-11.140752792358398,2.930427074432373,,
,,45499,,,226.46617889404297,,,,,,
,,45499,,21.322250366210938,,,,,,,
29,,45499,,,,2.9277844429016113,-10.783090591430664,-11.230708122253418,2.9277844429016113,,
,,45549,,,226.88865661621094,,,,,,
,,45549,,3.958463668823242,,,,,,,
29,,45549,,,,2.937107563018799,-10.567216873168945,-11.008261680603027,2.937107563018799,,
,,45599,,,233.0038547515869,,,,,,
,,45599,,21.67057991027832,,,,,,,
29,,45599,,,,2.937331199645996,-10.68497085571289,-11.127509117126465,2.937331199645996,,
,,45649,,,226.97997093200684,,,,,,
,,45649,,4.00996208190918,,,,,,,
29,,45649,,,,2.925593137741089,-10.792135238647461,-11.240214347839355,2.925593137741089,,
,,45699,,,225.56495666503906,,,,,,
,,45699,,22.522926330566406,,,,,,,
29,,45699,,,,2.933743715286255,-10.3221435546875,-10.778982162475586,2.933743715286255,,
,,45749,,,224.97248649597168,,,,,,
,,45749,,4.094600677490234,,,,,,,
29,,45749,,,,2.9276673793792725,-10.470187187194824,-10.904256820678711,2.9276673793792725,,
,,45799,,,227.27227210998535,,,,,,
,,45799,,21.084308624267578,,,,,,,
29,,45799,,,,2.932464838027954,-10.522388458251953,-10.956594467163086,2.932464838027954,,
,,45849,,,234.6649169921875,,,,,,
,,45849,,4.048585891723633,,,,,,,
29,,45849,,,,2.9313766956329346,-10.387939453125,-10.851594924926758,2.9313766956329346,,
,,45899,,,223.7110137939453,,,,,,
,,45899,,21.305084228515625,,,,,,,
29,,45899,,,,2.932155132293701,-10.530261993408203,-10.983760833740234,2.932155132293701,,
,,45949,,,227.79273986816406,,,,,,
,,45949,,4.1294097900390625,,,,,,,
29,,45949,,,,2.943361759185791,-10.822465896606445,-11.280492782592773,2.943361759185791,,
,,45999,,,238.9085292816162,,,,,,
,,45999,,24.153709411621094,,,,,,,
29,,45999,,,,2.932215452194214,-10.429624557495117,-10.88065242767334,2.932215452194214,,
,,46049,,,222.99480438232422,,,,,,
,,46049,,4.065513610839844,,,,,,,
29,,46049,,,,2.9304211139678955,-10.45458984375,-10.887372970581055,2.9304211139678955,,
,,46099,,,223.8912582397461,,,,,,
,,46099,,21.384000778198242,,,,,,,
29,,46099,,,,2.937385082244873,-10.578458786010742,-11.025217056274414,2.937385082244873,,
,,46149,,,228.09147834777832,,,,,,
,,46149,,3.7682056427001953,,,,,,,
29,,46149,,,,2.933704137802124,-10.945219039916992,-11.37119197845459,2.933704137802124,,
,,46199,,,232.48958587646484,,,,,,
,,46199,,21.151065826416016,,,,,,,
29,,46199,,,,2.936248302459717,-10.813549041748047,-11.290496826171875,2.936248302459717,,
,,46249,,,221.0850715637207,,,,,,
,,46249,,4.1408538818359375,,,,,,,
29,,46249,,,,2.936480760574341,-10.833023071289062,-11.268373489379883,2.936480760574341,,
,,46299,,,225.55804252624512,,,,,,
,,46299,,21.314144134521484,,,,,,,
29,,46299,,,,2.9353418350219727,-10.765775680541992,-11.188268661499023,2.9353418350219727,,
,,46349,,,222.7942943572998,,,,,,
,,46349,,4.116535186767578,,,,,,,
29,,46349,,,,2.9326486587524414,-10.790192604064941,-11.23076343536377,2.9326486587524414,,
,,46399,,,229.5825481414795,,,,,,
,,46399,,21.482229232788086,,,,,,,
29,,46399,,,,2.933683395385742,-10.415319442749023,-10.878518104553223,2.933683395385742,,
,,46449,,,225.23951530456543,,,,,,
,,46449,,4.0073394775390625,,,,,,,
29,,46449,,,,2.939080238342285,-10.623119354248047,-11.072311401367188,2.939080238342285,,
,,46499,,,228.46651077270508,,,,,,
,,46499,,21.79861068725586,,,,,,,
29,,46499,,,,2.9389915466308594,-10.532069206237793,-10.977331161499023,2.9389915466308594,,
,,46549,,,226.00555419921875,,,,,,
,,46549,,4.090547561645508,,,,,,,
29,,46549,,,,2.9301986694335938,-10.935508728027344,-11.34963321685791,2.9301986694335938,,
,,46599,,,219.76995468139648,,,,,,
,,46599,,21.099567413330078,,,,,,,
29,,46599,,,,2.939049005508423,-10.355627059936523,-10.755817413330078,2.939049005508423,,
,,46649,,,224.12538528442383,,,,,,
,,46649,,3.8988590240478516,,,,,,,
29,,46649,,,,2.9359166622161865,-10.582505226135254,-11.024240493774414,2.9359166622161865,,
,,46699,,,228.59668731689453,,,,,,
,,46699,,21.56829833984375,,,,,,,
29,,46699,,,,2.9390416145324707,-11.023138999938965,-11.47903823852539,2.9390416145324707,,
,,46749,,,226.08327865600586,,,,,,
,,46749,,3.734588623046875,,,,,,,
29,,46749,,,,2.9359474182128906,-10.780797958374023,-11.22141170501709,2.9359474182128906,,
,,46799,,,221.6355800628662,,,,,,
,,46799,,21.485567092895508,,,,,,,
29,,46799,,,,2.937511444091797,-10.58626937866211,-11.038039207458496,2.937511444091797,,
,,46849,,,225.30412673950195,,,,,,
,,46849,,4.466056823730469,,,,,,,
29,,46849,,,,2.932375431060791,-10.574176788330078,-11.044584274291992,2.932375431060791,,
29,,46889,,,,,,,,-10.639925003051758,-11.041865348815918
,,46890,396.27459597587585,,,,,,,,
,0.0003,46890,,,,,,,,,
,,46899,,,226.3021469116211,,,,,,
,,46899,,21.882295608520508,,,,,,,
30,,46899,,,,2.9281933307647705,-10.558091163635254,-11.02712345123291,2.9281933307647705,,
,,46949,,,227.3390293121338,,,,,,
,,46949,,4.1103363037109375,,,,,,,
30,,46949,,,,2.937579870223999,-10.325490951538086,-10.780695915222168,2.937579870223999,,
,,46999,,,228.16205024719238,,,,,,
,,46999,,21.077871322631836,,,,,,,
30,,46999,,,,2.9352738857269287,-10.513771057128906,-10.959035873413086,2.9352738857269287,,
,,47049,,,229.37560081481934,,,,,,
,,47049,,4.126787185668945,,,,,,,
30,,47049,,,,2.9336721897125244,-10.880325317382812,-11.33342170715332,2.9336721897125244,,
,,47099,,,222.32413291931152,,,,,,
,,47099,,21.16560935974121,,,,,,,
30,,47099,,,,2.932642698287964,-10.47021198272705,-10.918797492980957,2.932642698287964,,
,,47149,,,222.30863571166992,,,,,,
,,47149,,4.105806350708008,,,,,,,
30,,47149,,,,2.936444044113159,-10.755844116210938,-11.189642906188965,2.936444044113159,,
,,47199,,,230.75318336486816,,,,,,
,,47199,,21.427392959594727,,,,,,,
30,,47199,,,,2.935589551925659,-10.470148086547852,-10.88232135772705,2.935589551925659,,
,,47249,,,221.79484367370605,,,,,,
,,47249,,4.141330718994141,,,,,,,
30,,47249,,,,2.9293272495269775,-10.847725868225098,-11.312990188598633,2.9293272495269775,,
,,47299,,,226.8204689025879,,,,,,
,,47299,,21.567106246948242,,,,,,,
30,,47299,,,,2.945978879928589,-10.7476224899292,-11.171454429626465,2.945978879928589,,
,,47349,,,224.2105007171631,,,,,,
,,47349,,4.228830337524414,,,,,,,
30,,47349,,,,2.931788206100464,-10.862726211547852,-11.309532165527344,2.931788206100464,,
,,47399,,,222.7463722229004,,,,,,
,,47399,,21.53325080871582,,,,,,,
30,,47399,,,,2.93656587600708,-10.791606903076172,-11.261474609375,2.93656587600708,,
,,47449,,,222.20325469970703,,,,,,
,,47449,,4.145145416259766,,,,,,,
30,,47449,,,,2.9306411743164062,-10.683502197265625,-11.149689674377441,2.9306411743164062,,
,,47499,,,223.2198715209961,,,,,,
,,47499,,21.51942253112793,,,,,,,
30,,47499,,,,2.9395265579223633,-10.417393684387207,-10.859021186828613,2.9395265579223633,,
,,47549,,,223.35171699523926,,,,,,
,,47549,,6.070375442504883,,,,,,,
30,,47549,,,,2.9371588230133057,-10.463924407958984,-10.912384986877441,2.9371588230133057,,
,,47599,,,220.57509422302246,,,,,,
,,47599,,21.3010311126709,,,,,,,
30,,47599,,,,2.936692237854004,-10.868690490722656,-11.31667709350586,2.936692237854004,,
,,47649,,,222.76592254638672,,,,,,
,,47649,,3.9243698120117188,,,,,,,
30,,47649,,,,2.930617570877075,-10.547279357910156,-10.982178688049316,2.930617570877075,,
,,47699,,,220.0489044189453,,,,,,
,,47699,,24.379968643188477,,,,,,,
30,,47699,,,,2.9346532821655273,-10.619048118591309,-11.083118438720703,2.9346532821655273,,
,,47749,,,223.29258918762207,,,,,,
,,47749,,3.9186477661132812,,,,,,,
30,,47749,,,,2.9313366413116455,-10.899029731750488,-11.358354568481445,2.9313366413116455,,
,,47799,,,217.9267406463623,,,,,,
,,47799,,21.390438079833984,,,,,,,
30,,47799,,,,2.9321370124816895,-10.474920272827148,-10.91785717010498,2.9321370124816895,,
,,47849,,,220.46852111816406,,,,,,
,,47849,,3.6139488220214844,,,,,,,
30,,47849,,,,2.935441255569458,-10.477384567260742,-10.918962478637695,2.935441255569458,,
,,47899,,,218.9788818359375,,,,,,
,,47899,,20.82991600036621,,,,,,,
30,,47899,,,,2.93337082862854,-10.545150756835938,-10.975460052490234,2.93337082862854,,
,,47949,,,223.29163551330566,,,,,,
,,47949,,5.9356689453125,,,,,,,
30,,47949,,,,2.9335238933563232,-10.559711456298828,-10.99897289276123,2.9335238933563232,,
,,47999,,,220.26634216308594,,,,,,
,,47999,,21.55900001525879,,,,,,,
30,,47999,,,,2.929743528366089,-10.88142204284668,-11.347135543823242,2.929743528366089,,
,,48049,,,217.95248985290527,,,,,,
,,48049,,3.8039684295654297,,,,,,,
30,,48049,,,,2.9421958923339844,-10.441537857055664,-10.884753227233887,2.9421958923339844,,
,,48099,,,219.4526195526123,,,,,,
,,48099,,20.986080169677734,,,,,,,
30,,48099,,,,2.9363200664520264,-10.592312812805176,-11.034296989440918,2.9363200664520264,,
,,48149,,,227.311372756958,,,,,,
,,48149,,5.176305770874023,,,,,,,
30,,48149,,,,2.9344615936279297,-10.577924728393555,-11.006661415100098,2.9344615936279297,,
,,48199,,,219.24757957458496,,,,,,
,,48199,,21.36516571044922,,,,,,,
30,,48199,,,,2.938896417617798,-10.735849380493164,-11.196443557739258,2.938896417617798,,
,,48249,,,220.9491729736328,,,,,,
,,48249,,3.9174556732177734,,,,,,,
30,,48249,,,,2.935962438583374,-10.703085899353027,-11.132893562316895,2.935962438583374,,
,,48299,,,224.71094131469727,,,,,,
,,48299,,21.42930030822754,,,,,,,
30,,48299,,,,2.938582181930542,-10.421539306640625,-10.86156940460205,2.938582181930542,,
,,48349,,,224.2114543914795,,,,,,
,,48349,,4.047393798828125,,,,,,,
30,,48349,,,,2.932318687438965,-10.670591354370117,-11.10467529296875,2.932318687438965,,
,,48399,,,225.44193267822266,,,,,,
,,48399,,21.230459213256836,,,,,,,
30,,48399,,,,2.9319286346435547,-10.559640884399414,-10.993828773498535,2.9319286346435547,,
,,48449,,,227.63609886169434,,,,,,
,,48449,,3.8394927978515625,,,,,,,
30,,48449,,,,2.9368886947631836,-10.833841323852539,-11.302741050720215,2.9368886947631836,,
30,,48452,,,,,,,,-10.637146949768066,-11.042881965637207
,,48453,391.15070104599,,,,,,,,
,0.0003,48453,,,,,,,,,
,,48499,,,223.47140312194824,,,,,,
,,48499,,23.09727668762207,,,,,,,
31,,48499,,,,2.940673828125,-10.496910095214844,-10.92606258392334,2.940673828125,,
,,48549,,,221.6935157775879,,,,,,
,,48549,,3.6933422088623047,,,,,,,
31,,48549,,,,2.927222490310669,-10.511104583740234,-10.951369285583496,2.927222490310669,,
,,48599,,,225.39258003234863,,,,,,
,,48599,,20.80249786376953,,,,,,,
31,,48599,,,,2.937962055206299,-10.628135681152344,-11.07991886138916,2.937962055206299,,
,,48649,,,224.30157661437988,,,,,,
,,48649,,3.734588623046875,,,,,,,
31,,48649,,,,2.936330556869507,-10.547895431518555,-11.004813194274902,2.936330556869507,,
,,48699,,,222.4719524383545,,,,,,
,,48699,,20.831584930419922,,,,,,,
31,,48699,,,,2.9332640171051025,-10.520347595214844,-10.936864852905273,2.9332640171051025,,
,,48749,,,223.53816032409668,,,,,,
,,48749,,3.686189651489258,,,,,,,
31,,48749,,,,2.939953565597534,-10.369051933288574,-10.809679985046387,2.939953565597534,,
,,48799,,,226.37248039245605,,,,,,
,,48799,,22.55702018737793,,,,,,,
31,,48799,,,,2.934530258178711,-10.756804466247559,-11.181057929992676,2.934530258178711,,
,,48849,,,221.56977653503418,,,,,,
,,48849,,3.703594207763672,,,,,,,
31,,48849,,,,2.934061288833618,-10.680099487304688,-11.135756492614746,2.934061288833618,,
,,48899,,,223.05607795715332,,,,,,
,,48899,,21.144390106201172,,,,,,,
31,,48899,,,,2.9273293018341064,-10.375536918640137,-10.838051795959473,2.9273293018341064,,
,,48949,,,229.31361198425293,,,,,,
,,48949,,3.6559104919433594,,,,,,,
31,,48949,,,,2.9320526123046875,-10.813101768493652,-11.26281452178955,2.9320526123046875,,
,,48999,,,225.38137435913086,,,,,,
,,48999,,21.246671676635742,,,,,,,
31,,48999,,,,2.9349913597106934,-10.52059268951416,-10.947794914245605,2.9349913597106934,,
,,49049,,,221.93384170532227,,,,,,
,,49049,,3.7031173706054688,,,,,,,
31,,49049,,,,2.9251208305358887,-10.697843551635742,-11.143206596374512,2.9251208305358887,,
,,49099,,,225.96430778503418,,,,,,
,,49099,,21.034717559814453,,,,,,,
31,,49099,,,,2.933786630630493,-10.269737243652344,-10.695536613464355,2.933786630630493,,
,,49149,,,222.66292572021484,,,,,,
,,49149,,3.9877891540527344,,,,,,,
31,,49149,,,,2.9339373111724854,-10.786979675292969,-11.191965103149414,2.9339373111724854,,
,,49199,,,221.38643264770508,,,,,,
,,49199,,21.21567726135254,,,,,,,
31,,49199,,,,2.93518328666687,-10.678465843200684,-11.157658576965332,2.93518328666687,,
,,49249,,,222.0447063446045,,,,,,
,,49249,,3.9353370666503906,,,,,,,
31,,49249,,,,2.9325640201568604,-10.675651550292969,-11.102506637573242,2.9325640201568604,,
,,49299,,,236.23418807983398,,,,,,
,,49299,,20.88785171508789,,,,,,,
31,,49299,,,,2.9308667182922363,-10.394613265991211,-10.847824096679688,2.9308667182922363,,
,,49349,,,229.54940795898438,,,,,,
,,49349,,4.907369613647461,,,,,,,
31,,49349,,,,2.933192491531372,-10.67531681060791,-11.139963150024414,2.933192491531372,,
,,49399,,,219.9258804321289,,,,,,
,,49399,,21.459102630615234,,,,,,,
31,,49399,,,,2.931920051574707,-10.446303367614746,-10.887290954589844,2.931920051574707,,
,,49449,,,221.78030014038086,,,,,,
,,49449,,3.861665725708008,,,,,,,
31,,49449,,,,2.9302759170532227,-10.884624481201172,-11.319231986999512,2.9302759170532227,,
,,49499,,,219.57826614379883,,,,,,
,,49499,,20.98536491394043,,,,,,,
31,,49499,,,,2.9406635761260986,-10.617789268493652,-11.067628860473633,2.9406635761260986,,
,,49549,,,220.06988525390625,,,,,,
,,49549,,3.8580894470214844,,,,,,,
31,,49549,,,,2.9337096214294434,-10.689260482788086,-11.146098136901855,2.9337096214294434,,
,,49599,,,218.4290885925293,,,,,,
,,49599,,20.99442481994629,,,,,,,
31,,49599,,,,2.936549663543701,-10.751409530639648,-11.21883487701416,2.936549663543701,,
,,49649,,,222.43165969848633,,,,,,
,,49649,,3.9246082305908203,,,,,,,
31,,49649,,,,2.938710927963257,-10.60833740234375,-11.04089069366455,2.938710927963257,,
,,49699,,,219.2857265472412,,,,,,
,,49699,,21.304845809936523,,,,,,,
31,,49699,,,,2.933201313018799,-10.755657196044922,-11.205732345581055,2.933201313018799,,
,,49749,,,228.80840301513672,,,,,,
,,49749,,3.8480758666992188,,,,,,,
31,,49749,,,,2.9318532943725586,-10.682933807373047,-11.125224113464355,2.9318532943725586,,
,,49799,,,220.49880027770996,,,,,,
,,49799,,21.174192428588867,,,,,,,
31,,49799,,,,2.937088966369629,-10.635709762573242,-11.049203872680664,2.937088966369629,,
,,49849,,,224.20883178710938,,,,,,
,,49849,,5.773305892944336,,,,,,,
31,,49849,,,,2.934661865234375,-10.6430025100708,-11.083487510681152,2.934661865234375,,
,,49899,,,223.74629974365234,,,,,,
,,49899,,22.184133529663086,,,,,,,
31,,49899,,,,2.9402613639831543,-10.94196891784668,-11.370536804199219,2.9402613639831543,,
,,49949,,,218.08743476867676,,,,,,
,,49949,,3.947734832763672,,,,,,,
31,,49949,,,,2.936462879180908,-10.963165283203125,-11.38879108428955,2.936462879180908,,
,,49999,,,221.8782901763916,,,,,,
,,49999,,21.031856536865234,,,,,,,
31,,49999,,,,2.9344592094421387,-10.568119049072266,-10.993094444274902,2.9344592094421387,,
31,,50015,,,,,,,,-10.63504409790039,-11.033577919006348
,,50016,390.4655303955078,,,,,,,,
,0.0003,50016,,,,,,,,,
,,50049,,,222.75233268737793,,,,,,
,,50049,,3.91387939453125,,,,,,,
32,,50049,,,,2.9318699836730957,-10.520462989807129,-10.979047775268555,2.9318699836730957,,
,,50099,,,223.82378578186035,,,,,,
,,50099,,22.72319793701172,,,,,,,
32,,50099,,,,2.933037042617798,-10.564715385437012,-11.013916015625,2.933037042617798,,
,,50149,,,220.5972671508789,,,,,,
,,50149,,3.9598941802978516,,,,,,,
32,,50149,,,,2.941638708114624,-10.521319389343262,-10.979619026184082,2.941638708114624,,
,,50199,,,222.78738021850586,,,,,,
,,50199,,26.511192321777344,,,,,,,
32,,50199,,,,2.932868480682373,-10.830011367797852,-11.27211856842041,2.932868480682373,,
,,50249,,,221.88806533813477,,,,,,
,,50249,,4.821062088012695,,,,,,,
32,,50249,,,,2.9279348850250244,-10.630919456481934,-11.087568283081055,2.9279348850250244,,
,,50299,,,217.54693984985352,,,,,,
,,50299,,21.37446403503418,,,,,,,
32,,50299,,,,2.9370973110198975,-10.695932388305664,-11.142213821411133,2.9370973110198975,,
,,50349,,,221.94647789001465,,,,,,
,,50349,,3.9031505584716797,,,,,,,
32,,50349,,,,2.9354021549224854,-10.526660919189453,-10.96924877166748,2.9354021549224854,,
,,50399,,,228.0580997467041,,,,,,
,,50399,,21.37136459350586,,,,,,,
32,,50399,,,,2.93566632270813,-10.538921356201172,-10.958932876586914,2.93566632270813,,
,,50449,,,218.53041648864746,,,,,,
,,50449,,3.641843795776367,,,,,,,
32,,50449,,,,2.9383251667022705,-10.760273933410645,-11.189234733581543,2.9383251667022705,,
,,50499,,,219.94495391845703,,,,,,
,,50499,,21.444320678710938,,,,,,,
32,,50499,,,,2.9321491718292236,-10.779321670532227,-11.24843692779541,2.9321491718292236,,
,,50549,,,218.9352512359619,,,,,,
,,50549,,3.57818603515625,,,,,,,
32,,50549,,,,2.9389522075653076,-10.760047912597656,-11.200505256652832,2.9389522075653076,,
,,50599,,,223.53482246398926,,,,,,
,,50599,,21.160602569580078,,,,,,,
32,,50599,,,,2.934324264526367,-10.681373596191406,-11.107098579406738,2.934324264526367,,
,,50649,,,219.87628936767578,,,,,,
,,50649,,3.8673877716064453,,,,,,,
32,,50649,,,,2.926251173019409,-10.297930717468262,-10.74503231048584,2.926251173019409,,
,,50699,,,217.29397773742676,,,,,,
,,50699,,21.1946964263916,,,,,,,
32,,50699,,,,2.930629253387451,-10.856441497802734,-11.335261344909668,2.930629253387451,,
,,50749,,,217.24820137023926,,,,,,
,,50749,,3.864288330078125,,,,,,,
32,,50749,,,,2.935641050338745,-10.33806324005127,-10.7974214553833,2.935641050338745,,
,,50799,,,219.60854530334473,,,,,,
,,50799,,21.39568328857422,,,,,,,
32,,50799,,,,2.9326841831207275,-10.484529495239258,-10.923160552978516,2.9326841831207275,,
,,50849,,,218.66822242736816,,,,,,
,,50849,,3.665447235107422,,,,,,,
32,,50849,,,,2.9407525062561035,-10.657493591308594,-11.12706470489502,2.9407525062561035,,
,,50899,,,220.66903114318848,,,,,,
,,50899,,23.4527587890625,,,,,,,
32,,50899,,,,2.9391262531280518,-10.432472229003906,-10.857954025268555,2.9391262531280518,,
,,50949,,,220.38888931274414,,,,,,
,,50949,,3.802061080932617,,,,,,,
32,,50949,,,,2.926866054534912,-10.835683822631836,-11.290512084960938,2.926866054534912,,
,,50999,,,220.05510330200195,,,,,,
,,50999,,21.33798599243164,,,,,,,
32,,50999,,,,2.9319887161254883,-10.77428150177002,-11.216740608215332,2.9319887161254883,,
,,51049,,,218.12891960144043,,,,,,
,,51049,,3.875732421875,,,,,,,
32,,51049,,,,2.939319372177124,-10.76468563079834,-11.210205078125,2.939319372177124,,
,,51099,,,218.70899200439453,,,,,,
,,51099,,21.157264709472656,,,,,,,
32,,51099,,,,2.9352123737335205,-10.425228118896484,-10.858522415161133,2.9352123737335205,,
,,51149,,,223.52147102355957,,,,,,
,,51149,,3.862142562866211,,,,,,,
32,,51149,,,,2.935087203979492,-10.494592666625977,-10.956501007080078,2.935087203979492,,
,,51199,,,218.04141998291016,,,,,,
,,51199,,20.854711532592773,,,,,,,
32,,51199,,,,2.929431438446045,-10.739511489868164,-11.190704345703125,2.929431438446045,,
,,51249,,,224.53022003173828,,,,,,
,,51249,,3.8688182830810547,,,,,,,
32,,51249,,,,2.93318772315979,-10.710987091064453,-11.155549049377441,2.93318772315979,,
,,51299,,,214.16521072387695,,,,,,
,,51299,,21.117687225341797,,,,,,,
32,,51299,,,,2.937386989593506,-10.525291442871094,-10.961773872375488,2.937386989593506,,
,,51349,,,218.5053825378418,,,,,,
,,51349,,3.9098262786865234,,,,,,,
32,,51349,,,,2.9318792819976807,-10.684545516967773,-11.138856887817383,2.9318792819976807,,
,,51399,,,219.31099891662598,,,,,,
,,51399,,21.004915237426758,,,,,,,
32,,51399,,,,2.9328880310058594,-10.730128288269043,-11.1590576171875,2.9328880310058594,,
,,51449,,,218.52397918701172,,,,,,
,,51449,,3.8678646087646484,,,,,,,
32,,51449,,,,2.934002637863159,-10.708473205566406,-11.147785186767578,2.934002637863159,,
,,51499,,,219.97618675231934,,,,,,
,,51499,,21.18682861328125,,,,,,,
32,,51499,,,,2.9362030029296875,-10.523862838745117,-10.944014549255371,2.9362030029296875,,
,,51549,,,226.3951301574707,,,,,,
,,51549,,4.354000091552734,,,,,,,
32,,51549,,,,2.9358084201812744,-10.656290054321289,-11.099388122558594,2.9358084201812744,,
32,,51578,,,,,,,,-10.626713752746582,-11.02073860168457
,,51579,388.192342042923,,,,,,,,
,0.0003,51579,,,,,,,,,
,,51599,,,218.19019317626953,,,,,,
,,51599,,21.014928817749023,,,,,,,
33,,51599,,,,2.935687780380249,-10.722674369812012,-11.158215522766113,2.935687780380249,,
,,51649,,,217.32187271118164,,,,,,
,,51649,,3.8764476776123047,,,,,,,
33,,51649,,,,2.926663398742676,-10.587713241577148,-11.024145126342773,2.926663398742676,,
,,51699,,,228.1177043914795,,,,,,
,,51699,,21.062135696411133,,,,,,,
33,,51699,,,,2.9381964206695557,-10.678678512573242,-11.106294631958008,2.9381964206695557,,
,,51749,,,218.0788516998291,,,,,,
,,51749,,3.7374496459960938,,,,,,,
33,,51749,,,,2.9339840412139893,-10.648384094238281,-11.088522911071777,2.9339840412139893,,
,,51799,,,225.23975372314453,,,,,,
,,51799,,20.99299430847168,,,,,,,
33,,51799,,,,2.936185836791992,-10.652074813842773,-11.085824012756348,2.936185836791992,,
,,51849,,,222.69797325134277,,,,,,
,,51849,,3.8084983825683594,,,,,,,
33,,51849,,,,2.9339420795440674,-10.925642013549805,-11.388638496398926,2.9339420795440674,,
,,51899,,,223.10447692871094,,,,,,
,,51899,,21.2552547454834,,,,,,,
33,,51899,,,,2.9354608058929443,-10.563343048095703,-10.960607528686523,2.9354608058929443,,
,,51949,,,218.47152709960938,,,,,,
,,51949,,3.6678314208984375,,,,,,,
33,,51949,,,,2.9354772567749023,-10.93865966796875,-11.375802993774414,2.9354772567749023,,
,,51999,,,218.66345405578613,,,,,,
,,51999,,20.960092544555664,,,,,,,
33,,51999,,,,2.934843063354492,-10.317028045654297,-10.764775276184082,2.934843063354492,,
,,52049,,,224.49278831481934,,,,,,
,,52049,,3.8428306579589844,,,,,,,
33,,52049,,,,2.9368574619293213,-10.715906143188477,-11.172595977783203,2.9368574619293213,,
,,52099,,,217.2067165374756,,,,,,
,,52099,,21.712064743041992,,,,,,,
33,,52099,,,,2.932603597640991,-10.900030136108398,-11.335895538330078,2.932603597640991,,
,,52149,,,217.44132041931152,,,,,,
,,52149,,3.9234161376953125,,,,,,,
33,,52149,,,,2.935451030731201,-10.311643600463867,-10.778265953063965,2.935451030731201,,
,,52199,,,220.75963020324707,,,,,,
,,52199,,21.602869033813477,,,,,,,
33,,52199,,,,2.9365999698638916,-10.50447940826416,-10.954264640808105,2.9365999698638916,,
,,52249,,,221.8797206878662,,,,,,
,,52249,,3.8254261016845703,,,,,,,
33,,52249,,,,2.9317240715026855,-10.429621696472168,-10.875136375427246,2.9317240715026855,,
,,52299,,,220.51215171813965,,,,,,
,,52299,,25.65479278564453,,,,,,,
33,,52299,,,,2.935667037963867,-10.828348159790039,-11.27712345123291,2.935667037963867,,
,,52349,,,222.46360778808594,,,,,,
,,52349,,3.9513111114501953,,,,,,,
33,,52349,,,,2.934828519821167,-10.75613784790039,-11.199885368347168,2.934828519821167,,
,,52399,,,221.45485877990723,,,,,,
,,52399,,21.64316177368164,,,,,,,
33,,52399,,,,2.9404497146606445,-10.546042442321777,-10.986679077148438,2.9404497146606445,,
,,52449,,,219.0876007080078,,,,,,
,,52449,,4.027128219604492,,,,,,,
33,,52449,,,,2.9334022998809814,-10.696754455566406,-11.121088981628418,2.9334022998809814,,
,,52499,,,221.82083129882812,,,,,,
,,52499,,21.77286148071289,,,,,,,
33,,52499,,,,2.937160015106201,-10.762139320373535,-11.2051362991333,2.937160015106201,,
,,52549,,,224.22170639038086,,,,,,
,,52549,,3.8933753967285156,,,,,,,
33,,52549,,,,2.927506923675537,-10.883979797363281,-11.32895278930664,2.927506923675537,,
,,52599,,,218.2328701019287,,,,,,
,,52599,,20.795345306396484,,,,,,,
33,,52599,,,,2.93387508392334,-10.63258171081543,-11.048968315124512,2.93387508392334,,
,,52649,,,215.88754653930664,,,,,,
,,52649,,2.6764869689941406,,,,,,,
33,,52649,,,,2.9425647258758545,-10.503974914550781,-10.932639122009277,2.9425647258758545,,
,,52699,,,215.26551246643066,,,,,,
,,52699,,20.77937126159668,,,,,,,
33,,52699,,,,2.9352996349334717,-10.683961868286133,-11.105788230895996,2.9352996349334717,,
,,52749,,,216.80259704589844,,,,,,
,,52749,,2.7425289154052734,,,,,,,
33,,52749,,,,2.933244466781616,-10.610734939575195,-11.04642391204834,2.933244466781616,,
,,52799,,,216.19367599487305,,,,,,
,,52799,,20.563125610351562,,,,,,,
33,,52799,,,,2.9351212978363037,-10.686640739440918,-11.141006469726562,2.9351212978363037,,
,,52849,,,216.25399589538574,,,,,,
,,52849,,3.0035972595214844,,,,,,,
33,,52849,,,,2.9314916133880615,-10.838569641113281,-11.266274452209473,2.9314916133880615,,
,,52899,,,220.28350830078125,,,,,,
,,52899,,21.04806900024414,,,,,,,
33,,52899,,,,2.937375068664551,-10.607196807861328,-11.057344436645508,2.937375068664551,,
,,52949,,,219.87271308898926,,,,,,
,,52949,,3.841876983642578,,,,,,,
33,,52949,,,,2.9362151622772217,-10.49217414855957,-10.940291404724121,2.9362151622772217,,
,,52999,,,218.55902671813965,,,,,,
,,52999,,21.430253982543945,,,,,,,
33,,52999,,,,2.93880033493042,-10.614654541015625,-11.015027046203613,2.93880033493042,,
,,53049,,,218.19400787353516,,,,,,
,,53049,,3.8802623748779297,,,,,,,
33,,53049,,,,2.9331514835357666,-10.696730613708496,-11.135334014892578,2.9331514835357666,,
,,53099,,,217.7872657775879,,,,,,
,,53099,,21.042585372924805,,,,,,,
33,,53099,,,,2.9340107440948486,-10.536019325256348,-10.956015586853027,2.9340107440948486,,
33,,53141,,,,,,,,-10.621000289916992,-11.011872291564941
,,53142,386.64122700691223,,,,,,,,
,0.0003,53142,,,,,,,,,
,,53149,,,218.98269653320312,,,,,,
,,53149,,3.9005279541015625,,,,,,,
34,,53149,,,,2.9307823181152344,-10.574309349060059,-11.007064819335938,2.9307823181152344,,
,,53199,,,221.6036319732666,,,,,,
,,53199,,20.926952362060547,,,,,,,
34,,53199,,,,2.9302055835723877,-10.562175750732422,-10.982600212097168,2.9302055835723877,,
,,53249,,,217.7567481994629,,,,,,
,,53249,,3.889322280883789,,,,,,,
34,,53249,,,,2.938054084777832,-10.490428924560547,-10.942251205444336,2.938054084777832,,
,,53299,,,219.88582611083984,,,,,,
,,53299,,21.437644958496094,,,,,,,
34,,53299,,,,2.9362339973449707,-10.514791488647461,-10.94738483428955,2.9362339973449707,,
,,53349,,,217.67759323120117,,,,,,
,,53349,,3.8797855377197266,,,,,,,
34,,53349,,,,2.9334716796875,-10.623394966125488,-11.059083938598633,2.9334716796875,,
,,53399,,,220.06487846374512,,,,,,
,,53399,,21.06952667236328,,,,,,,
34,,53399,,,,2.937870502471924,-10.884702682495117,-11.326775550842285,2.937870502471924,,
,,53449,,,220.10421752929688,,,,,,
,,53449,,3.851652145385742,,,,,,,
34,,53449,,,,2.9367079734802246,-10.689027786254883,-11.124964714050293,2.9367079734802246,,
,,53499,,,220.03650665283203,,,,,,
,,53499,,21.025896072387695,,,,,,,
34,,53499,,,,2.9320602416992188,-10.503534317016602,-10.949481964111328,2.9320602416992188,,
,,53549,,,219.37060356140137,,,,,,
,,53549,,3.837108612060547,,,,,,,
34,,53549,,,,2.9395055770874023,-10.692832946777344,-11.163604736328125,2.9395055770874023,,
,,53599,,,218.64557266235352,,,,,,
,,53599,,21.41571044921875,,,,,,,
34,,53599,,,,2.935300827026367,-10.70580768585205,-11.157353401184082,2.935300827026367,,
,,53649,,,218.46413612365723,,,,,,
,,53649,,3.946542739868164,,,,,,,
34,,53649,,,,2.934664249420166,-10.546806335449219,-10.952174186706543,2.934664249420166,,
,,53699,,,219.085693359375,,,,,,
,,53699,,21.29983901977539,,,,,,,
34,,53699,,,,2.9384357929229736,-10.431230545043945,-10.878725051879883,2.9384357929229736,,
,,53749,,,219.21515464782715,,,,,,
,,53749,,3.901958465576172,,,,,,,
34,,53749,,,,2.9300291538238525,-10.601030349731445,-11.04306697845459,2.9300291538238525,,
,,53799,,,227.71883010864258,,,,,,
,,53799,,21.884441375732422,,,,,,,
34,,53799,,,,2.936222553253174,-10.747713088989258,-11.166081428527832,2.936222553253174,,
,,53849,,,219.50626373291016,,,,,,
,,53849,,3.921031951904297,,,,,,,
34,,53849,,,,2.930253505706787,-10.897514343261719,-11.321267127990723,2.930253505706787,,
,,53899,,,229.93779182434082,,,,,,
,,53899,,21.317005157470703,,,,,,,
34,,53899,,,,2.9333739280700684,-10.937295913696289,-11.376509666442871,2.9333739280700684,,
,,53949,,,222.23639488220215,,,,,,
,,53949,,4.009008407592773,,,,,,,
34,,53949,,,,2.929457902908325,-10.678084373474121,-11.111713409423828,2.929457902908325,,
,,53999,,,219.57635879516602,,,,,,
,,53999,,23.988723754882812,,,,,,,
34,,53999,,,,2.938556432723999,-10.756593704223633,-11.19345474243164,2.938556432723999,,
,,54049,,,218.580961227417,,,,,,
,,54049,,3.9713382720947266,,,,,,,
34,,54049,,,,2.937822103500366,-10.73497200012207,-11.147672653198242,2.937822103500366,,
,,54099,,,221.93551063537598,,,,,,
,,54099,,21.481037139892578,,,,,,,
34,,54099,,,,2.9436051845550537,-10.944156646728516,-11.383726119995117,2.9436051845550537,,
,,54149,,,219.21873092651367,,,,,,
,,54149,,3.980398178100586,,,,,,,
34,,54149,,,,2.940345287322998,-10.711016654968262,-11.151293754577637,2.940345287322998,,
,,54199,,,218.67132186889648,,,,,,
,,54199,,21.108627319335938,,,,,,,
34,,54199,,,,2.93270206451416,-10.51197624206543,-10.936908721923828,2.93270206451416,,
,,54249,,,217.37170219421387,,,,,,
,,54249,,3.891468048095703,,,,,,,
34,,54249,,,,2.933173656463623,-10.526817321777344,-10.957616806030273,2.933173656463623,,
,,54299,,,221.34876251220703,,,,,,
,,54299,,23.897409439086914,,,,,,,
34,,54299,,,,2.9345614910125732,-10.712751388549805,-11.144805908203125,2.9345614910125732,,
,,54349,,,218.8713550567627,,,,,,
,,54349,,3.9031505584716797,,,,,,,
34,,54349,,,,2.939699411392212,-10.638479232788086,-11.065932273864746,2.939699411392212,,
,,54399,,,222.68056869506836,,,,,,
,,54399,,22.73392677307129,,,,,,,
34,,54399,,,,2.934429883956909,-10.631814002990723,-11.066424369812012,2.934429883956909,,
,,54449,,,226.93896293640137,,,,,,
,,54449,,3.9436817169189453,,,,,,,
34,,54449,,,,2.9355132579803467,-10.641955375671387,-11.072638511657715,2.9355132579803467,,
,,54499,,,218.17994117736816,,,,,,
,,54499,,21.29960060119629,,,,,,,
34,,54499,,,,2.934741258621216,-10.412738800048828,-10.828143119812012,2.934741258621216,,
,,54549,,,218.36018562316895,,,,,,
,,54549,,3.8471221923828125,,,,,,,
34,,54549,,,,2.9378421306610107,-10.559343338012695,-10.9824800491333,2.9378421306610107,,
,,54599,,,224.0898609161377,,,,,,
,,54599,,23.87261390686035,,,,,,,
34,,54599,,,,2.939868688583374,-10.421521186828613,-10.869651794433594,2.939868688583374,,
,,54649,,,224.8988151550293,,,,,,
,,54649,,3.8809776306152344,,,,,,,
34,,54649,,,,2.933440685272217,-10.542505264282227,-10.995624542236328,2.933440685272217,,
,,54699,,,220.61872482299805,,,,,,
,,54699,,21.195173263549805,,,,,,,
34,,54699,,,,2.9339983463287354,-10.605379104614258,-11.037092208862305,2.9339983463287354,,
34,,54704,,,,,,,,-10.621255874633789,-11.016518592834473
,,54705,387.6108160018921,,,,,,,,
,0.0003,54705,,,,,,,,,
,,54749,,,218.68157386779785,,,,,,
,,54749,,3.815889358520508,,,,,,,
35,,54749,,,,2.937223196029663,-10.57100772857666,-11.000100135803223,2.937223196029663,,
,,54799,,,219.33603286743164,,,,,,
,,54799,,21.205663681030273,,,,,,,
35,,54799,,,,2.933095693588257,-10.60854721069336,-11.019651412963867,2.933095693588257,,
,,54849,,,221.08960151672363,,,,,,
,,54849,,5.751371383666992,,,,,,,
35,,54849,,,,2.9359405040740967,-10.80539321899414,-11.25503921508789,2.9359405040740967,,
,,54899,,,220.97444534301758,,,,,,
,,54899,,21.083354949951172,,,,,,,
35,,54899,,,,2.9360644817352295,-10.67268180847168,-11.096908569335938,2.9360644817352295,,
,,54949,,,217.96512603759766,,,,,,
,,54949,,3.834962844848633,,,,,,,
35,,54949,,,,2.9322643280029297,-10.877923965454102,-11.309468269348145,2.9322643280029297,,
,,54999,,,219.15531158447266,,,,,,
,,54999,,20.800352096557617,,,,,,,
35,,54999,,,,2.9318695068359375,-10.620145797729492,-11.078264236450195,2.9318695068359375,,
,,55049,,,218.05787086486816,,,,,,
,,55049,,3.921031951904297,,,,,,,
35,,55049,,,,2.937615394592285,-10.600048065185547,-11.038114547729492,2.937615394592285,,
,,55099,,,217.10610389709473,,,,,,
,,55099,,21.228313446044922,,,,,,,
35,,55099,,,,2.9345734119415283,-10.907933235168457,-11.330032348632812,2.9345734119415283,,
,,55149,,,222.3215103149414,,,,,,
,,55149,,3.956317901611328,,,,,,,
35,,55149,,,,2.9378416538238525,-10.520666122436523,-10.933625221252441,2.9378416538238525,,
,,55199,,,222.66006469726562,,,,,,
,,55199,,21.219253540039062,,,,,,,
35,,55199,,,,2.935701608657837,-10.800886154174805,-11.227861404418945,2.935701608657837,,
,,55249,,,223.36173057556152,,,,,,
,,55249,,3.8063526153564453,,,,,,,
35,,55249,,,,2.9350616931915283,-10.426464080810547,-10.865318298339844,2.9350616931915283,,
,,55299,,,217.16594696044922,,,,,,
,,55299,,20.940065383911133,,,,,,,
35,,55299,,,,2.9396564960479736,-10.34950065612793,-10.791543006896973,2.9396564960479736,,
,,55349,,,217.2713279724121,,,,,,
,,55349,,3.763914108276367,,,,,,,
35,,55349,,,,2.929490804672241,-10.6178560256958,-11.082804679870605,2.929490804672241,,
,,55399,,,210.3283405303955,,,,,,
,,55399,,20.322561264038086,,,,,,,
35,,55399,,,,2.93314528465271,-10.931671142578125,-11.35713005065918,2.93314528465271,,
,,55449,,,212.04161643981934,,,,,,
,,55449,,2.641439437866211,,,,,,,
35,,55449,,,,2.9363622665405273,-10.579943656921387,-11.000611305236816,2.9363622665405273,,
,,55499,,,214.63513374328613,,,,,,
,,55499,,20.082712173461914,,,,,,,
35,,55499,,,,2.9426286220550537,-10.5537691116333,-11.002126693725586,2.9426286220550537,,
,,55549,,,210.86454391479492,,,,,,
,,55549,,2.60162353515625,,,,,,,
35,,55549,,,,2.933004140853882,-10.696370124816895,-11.144495964050293,2.933004140853882,,
,,55599,,,213.78827095031738,,,,,,
,,55599,,19.900083541870117,,,,,,,
35,,55599,,,,2.938714027404785,-10.469095230102539,-10.902619361877441,2.938714027404785,,
,,55649,,,223.00410270690918,,,,,,
,,55649,,2.5582313537597656,,,,,,,
35,,55649,,,,2.9307403564453125,-10.594132423400879,-11.0454683303833,2.9307403564453125,,
,,55699,,,217.3466682434082,,,,,,
,,55699,,19.80137825012207,,,,,,,
35,,55699,,,,2.9349114894866943,-10.599663734436035,-11.01986026763916,2.9349114894866943,,
,,55749,,,211.64321899414062,,,,,,
,,55749,,2.5577545166015625,,,,,,,
35,,55749,,,,2.9396989345550537,-10.768274307250977,-11.199722290039062,2.9396989345550537,,
,,55799,,,211.05074882507324,,,,,,
,,55799,,19.839763641357422,,,,,,,
35,,55799,,,,2.9348602294921875,-10.654163360595703,-11.072915077209473,2.9348602294921875,,
,,55849,,,214.3697738647461,,,,,,
,,55849,,2.6140213012695312,,,,,,,
35,,55849,,,,2.9325649738311768,-10.664029121398926,-11.113012313842773,2.9325649738311768,,
,,55899,,,214.21360969543457,,,,,,
,,55899,,19.784927368164062,,,,,,,
35,,55899,,,,2.9382128715515137,-10.85428524017334,-11.266772270202637,2.9382128715515137,,
,,55949,,,213.1509780883789,,,,,,
,,55949,,2.653360366821289,,,,,,,
35,,55949,,,,2.9385900497436523,-10.62746524810791,-11.056074142456055,2.9385900497436523,,
,,55999,,,212.30316162109375,,,,,,
,,55999,,20.70021629333496,,,,,,,
35,,55999,,,,2.933619976043701,-10.648900032043457,-11.069645881652832,2.933619976043701,,
,,56049,,,214.73073959350586,,,,,,
,,56049,,2.561807632446289,,,,,,,
35,,56049,,,,2.9421989917755127,-10.90768814086914,-11.366491317749023,2.9421989917755127,,
,,56099,,,212.61143684387207,,,,,,
,,56099,,20.345449447631836,,,,,,,
35,,56099,,,,2.937617540359497,-10.378999710083008,-10.798379898071289,2.937617540359497,,
,,56149,,,213.87743949890137,,,,,,
,,56149,,2.5796890258789062,,,,,,,
35,,56149,,,,2.9350481033325195,-10.641294479370117,-11.090069770812988,2.9350481033325195,,
,,56199,,,216.3674831390381,,,,,,
,,56199,,20.143985748291016,,,,,,,
35,,56199,,,,2.932145357131958,-10.747762680053711,-11.185636520385742,2.932145357131958,,
,,56249,,,212.21303939819336,,,,,,
,,56249,,2.5599002838134766,,,,,,,
35,,56249,,,,2.9386961460113525,-10.568236351013184,-10.999838829040527,2.9386961460113525,,
35,,56267,,,,,,,,-10.631349563598633,-11.035004615783691
,,56268,379.6368463039398,,,,,,,,
,0.0003,56268,,,,,,,,,
,,56299,,,213.44542503356934,,,,,,
,,56299,,20.09892463684082,,,,,,,
36,,56299,,,,2.933757781982422,-10.696630477905273,-11.1314697265625,2.933757781982422,,
,,56349,,,217.6046371459961,,,,,,
,,56349,,2.718687057495117,,,,,,,
36,,56349,,,,2.9299089908599854,-10.783699035644531,-11.22450065612793,2.9299089908599854,,
,,56399,,,213.10830116271973,,,,,,
,,56399,,20.343303680419922,,,,,,,
36,,56399,,,,2.930480480194092,-10.688179016113281,-11.12140941619873,2.930480480194092,,
,,56449,,,211.6067409515381,,,,,,
,,56449,,2.536773681640625,,,,,,,
36,,56449,,,,2.930040121078491,-10.589150428771973,-11.007099151611328,2.930040121078491,,
,,56499,,,213.9904499053955,,,,,,
,,56499,,19.827842712402344,,,,,,,
36,,56499,,,,2.9396684169769287,-10.76289176940918,-11.210006713867188,2.9396684169769287,,
,,56549,,,212.0208740234375,,,,,,
,,56549,,2.5739669799804688,,,,,,,
36,,56549,,,,2.9328033924102783,-10.74114990234375,-11.184354782104492,2.9328033924102783,,
,,56599,,,216.83669090270996,,,,,,
,,56599,,19.903182983398438,,,,,,,
36,,56599,,,,2.940599203109741,-10.681279182434082,-11.10622787475586,2.940599203109741,,
,,56649,,,214.7519588470459,,,,,,
,,56649,,2.62451171875,,,,,,,
36,,56649,,,,2.937415599822998,-10.594732284545898,-11.032404899597168,2.937415599822998,,
,,56699,,,216.14766120910645,,,,,,
,,56699,,20.176410675048828,,,,,,,
36,,56699,,,,2.9283764362335205,-10.680082321166992,-11.11618709564209,2.9283764362335205,,
,,56749,,,213.59920501708984,,,,,,
,,56749,,2.591371536254883,,,,,,,
36,,56749,,,,2.926475763320923,-10.484968185424805,-10.915678024291992,2.926475763320923,,
,,56799,,,221.7733860015869,,,,,,
,,56799,,19.983291625976562,,,,,,,
36,,56799,,,,2.936408519744873,-10.721532821655273,-11.156258583068848,2.936408519744873,,
,,56849,,,213.17553520202637,,,,,,
,,56849,,2.6617050170898438,,,,,,,
36,,56849,,,,2.9359190464019775,-10.40430736541748,-10.827258110046387,2.9359190464019775,,
,,56899,,,214.4911289215088,,,,,,
,,56899,,19.875049591064453,,,,,,,
36,,56899,,,,2.9313671588897705,-10.759702682495117,-11.18618392944336,2.9313671588897705,,
,,56949,,,212.97788619995117,,,,,,
,,56949,,2.582073211669922,,,,,,,
36,,56949,,,,2.9348537921905518,-10.799083709716797,-11.256085395812988,2.9348537921905518,,
,,56999,,,217.3144817352295,,,,,,
,,56999,,19.95849609375,,,,,,,
36,,56999,,,,2.943598508834839,-10.42552375793457,-10.861074447631836,2.943598508834839,,
,,57049,,,211.9150161743164,,,,,,
,,57049,,2.677440643310547,,,,,,,
36,,57049,,,,2.934643507003784,-10.917251586914062,-11.355402946472168,2.934643507003784,,
,,57099,,,212.81766891479492,,,,,,
,,57099,,20.076513290405273,,,,,,,
36,,57099,,,,2.936656951904297,-10.693497657775879,-11.119668006896973,2.936656951904297,,
,,57149,,,212.6028537750244,,,,,,
,,57149,,2.585887908935547,,,,,,,
36,,57149,,,,2.936368227005005,-10.535035133361816,-10.970646858215332,2.936368227005005,,
,,57199,,,215.83175659179688,,,,,,
,,57199,,19.994735717773438,,,,,,,
36,,57199,,,,2.936769723892212,-10.67292308807373,-11.133485794067383,2.936769723892212,,
,,57249,,,216.11595153808594,,,,,,
,,57249,,2.7768611907958984,,,,,,,
36,,57249,,,,2.9388866424560547,-10.645910263061523,-11.078405380249023,2.9388866424560547,,
,,57299,,,217.0398235321045,,,,,,
,,57299,,20.064592361450195,,,,,,,
36,,57299,,,,2.9332170486450195,-10.77023696899414,-11.186838150024414,2.9332170486450195,,
,,57349,,,216.77803993225098,,,,,,
,,57349,,3.6759376525878906,,,,,,,
36,,57349,,,,2.9331185817718506,-10.787338256835938,-11.222021102905273,2.9331185817718506,,
,,57399,,,216.86387062072754,,,,,,
,,57399,,19.96016502380371,,,,,,,
36,,57399,,,,2.932422399520874,-10.637657165527344,-11.066791534423828,2.932422399520874,,
,,57449,,,213.14311027526855,,,,,,
,,57449,,2.641916275024414,,,,,,,
36,,57449,,,,2.9330546855926514,-10.688159942626953,-11.152480125427246,2.9330546855926514,,
,,57499,,,212.5256061553955,,,,,,
,,57499,,20.06244659423828,,,,,,,
36,,57499,,,,2.941619873046875,-10.876923561096191,-11.31539535522461,2.941619873046875,,
,,57549,,,211.88020706176758,,,,,,
,,57549,,2.638101577758789,,,,,,,
36,,57549,,,,2.9383392333984375,-10.641103744506836,-11.099051475524902,2.9383392333984375,,
,,57599,,,212.10813522338867,,,,,,
,,57599,,19.976139068603516,,,,,,,
36,,57599,,,,2.935270309448242,-10.664682388305664,-11.097945213317871,2.935270309448242,,
,,57649,,,215.15226364135742,,,,,,
,,57649,,2.6102066040039062,,,,,,,
36,,57649,,,,2.9376091957092285,-10.44985580444336,-10.891597747802734,2.9376091957092285,,
,,57699,,,216.05753898620605,,,,,,
,,57699,,20.100831985473633,,,,,,,
36,,57699,,,,2.9336352348327637,-10.649523735046387,-11.076513290405273,2.9336352348327637,,
,,57749,,,211.5638256072998,,,,,,
,,57749,,2.5720596313476562,,,,,,,
36,,57749,,,,2.9320507049560547,-10.41833209991455,-10.87753677368164,2.9320507049560547,,
,,57799,,,214.1716480255127,,,,,,
,,57799,,24.20806884765625,,,,,,,
36,,57799,,,,2.9354088306427,-10.540701866149902,-10.953361511230469,2.9354088306427,,
36,,57830,,,,,,,,-10.623394012451172,-11.01164722442627
,,57831,375.03052616119385,,,,,,,,
,0.0003,57831,,,,,,,,,
,,57849,,,212.60333061218262,,,,,,
,,57849,,4.211187362670898,,,,,,,
37,,57849,,,,2.9350521564483643,-10.724084854125977,-11.167817115783691,2.9350521564483643,,
,,57899,,,213.1175994873047,,,,,,
,,57899,,20.049571990966797,,,,,,,
37,,57899,,,,2.934429883956909,-10.57291030883789,-11.012239456176758,2.934429883956909,,
,,57949,,,211.55667304992676,,,,,,
,,57949,,2.579927444458008,,,,,,,
37,,57949,,,,2.937687873840332,-10.587970733642578,-11.009793281555176,2.937687873840332,,
,,57999,,,211.1051082611084,,,,,,
,,57999,,19.8667049407959,,,,,,,
37,,57999,,,,2.935696601867676,-10.505987167358398,-10.924909591674805,2.935696601867676,,
,,58049,,,216.34960174560547,,,,,,
,,58049,,2.559185028076172,,,,,,,
37,,58049,,,,2.9260008335113525,-10.487187385559082,-10.90188217163086,2.9260008335113525,,
,,58099,,,211.25125885009766,,,,,,
,,58099,,19.924640655517578,,,,,,,
37,,58099,,,,2.936058282852173,-10.389158248901367,-10.813616752624512,2.936058282852173,,
,,58149,,,219.90585327148438,,,,,,
,,58149,,2.5665760040283203,,,,,,,
37,,58149,,,,2.9308128356933594,-10.151838302612305,-10.581220626831055,2.9308128356933594,,
,,58199,,,214.4796848297119,,,,,,
,,58199,,19.90818977355957,,,,,,,
37,,58199,,,,2.934851884841919,-10.58126449584961,-11.00933837890625,2.934851884841919,,
,,58249,,,214.13040161132812,,,,,,
,,58249,,4.193544387817383,,,,,,,
37,,58249,,,,2.942201852798462,-10.743182182312012,-11.196812629699707,2.942201852798462,,
,,58299,,,214.06173706054688,,,,,,
,,58299,,19.975900650024414,,,,,,,
37,,58299,,,,2.935284376144409,-10.617446899414062,-11.052660942077637,2.935284376144409,,
,,58349,,,211.66110038757324,,,,,,
,,58349,,2.7093887329101562,,,,,,,
37,,58349,,,,2.939868688583374,-10.518828392028809,-10.939509391784668,2.939868688583374,,
,,58399,,,214.10679817199707,,,,,,
,,58399,,19.850730895996094,,,,,,,
37,,58399,,,,2.9335670471191406,-10.82845401763916,-11.265036582946777,2.9335670471191406,,
,,58449,,,210.9835147857666,,,,,,
,,58449,,2.5594234466552734,,,,,,,
37,,58449,,,,2.9347546100616455,-10.617979049682617,-11.076028823852539,2.9347546100616455,,
,,58499,,,215.02017974853516,,,,,,
,,58499,,19.921064376831055,,,,,,,
37,,58499,,,,2.9344563484191895,-10.49294376373291,-10.946340560913086,2.9344563484191895,,
,,58549,,,211.19022369384766,,,,,,
,,58549,,2.537250518798828,,,,,,,
37,,58549,,,,2.923781394958496,-10.516012191772461,-10.958627700805664,2.923781394958496,,
,,58599,,,213.79709243774414,,,,,,
,,58599,,20.37811279296875,,,,,,,
37,,58599,,,,2.9358718395233154,-10.423463821411133,-10.861187934875488,2.9358718395233154,,
,,58649,,,211.98225021362305,,,,,,
,,58649,,2.562284469604492,,,,,,,
37,,58649,,,,2.9379870891571045,-10.8139009475708,-11.258557319641113,2.9379870891571045,,
,,58699,,,212.55207061767578,,,,,,
,,58699,,20.17831802368164,,,,,,,
37,,58699,,,,2.9343907833099365,-10.778533935546875,-11.221532821655273,2.9343907833099365,,
,,58749,,,213.0739688873291,,,,,,
,,58749,,2.603292465209961,,,,,,,
37,,58749,,,,2.9407501220703125,-10.9467134475708,-11.383252143859863,2.9407501220703125,,
,,58799,,,215.0552272796631,,,,,,
,,58799,,20.381927490234375,,,,,,,
37,,58799,,,,2.939342498779297,-10.6096773147583,-11.066760063171387,2.939342498779297,,
,,58849,,,211.77005767822266,,,,,,
,,58849,,2.6395320892333984,,,,,,,
37,,58849,,,,2.939030170440674,-10.637518882751465,-11.059494018554688,2.939030170440674,,
,,58899,,,212.45145797729492,,,,,,
,,58899,,24.77717399597168,,,,,,,
37,,58899,,,,2.940274477005005,-10.525322914123535,-10.97808837890625,2.940274477005005,,
,,58949,,,211.8830680847168,,,,,,
,,58949,,2.8388500213623047,,,,,,,
37,,58949,,,,2.938676118850708,-10.624074935913086,-11.062514305114746,2.938676118850708,,
,,58999,,,215.0266170501709,,,,,,
,,58999,,20.480632781982422,,,,,,,
37,,58999,,,,2.925785779953003,-10.623465538024902,-11.036049842834473,2.925785779953003,,
,,59049,,,213.30833435058594,,,,,,
,,59049,,2.6407241821289062,,,,,,,
37,,59049,,,,2.931824207305908,-10.647177696228027,-11.10296630859375,2.931824207305908,,
,,59099,,,211.67612075805664,,,,,,
,,59099,,19.93417739868164,,,,,,,
37,,59099,,,,2.93941330909729,-10.468804359436035,-10.891118049621582,2.93941330909729,,
,,59149,,,214.60676193237305,,,,,,
,,59149,,2.6421546936035156,,,,,,,
37,,59149,,,,2.9331889152526855,-10.487977027893066,-10.907675743103027,2.9331889152526855,,
,,59199,,,212.57853507995605,,,,,,
,,59199,,20.120620727539062,,,,,,,
37,,59199,,,,2.93561053276062,-10.913591384887695,-11.34756088256836,2.93561053276062,,
,,59249,,,211.7941379547119,,,,,,
,,59249,,2.579927444458008,,,,,,,
37,,59249,,,,2.933532953262329,-10.549028396606445,-10.981010437011719,2.933532953262329,,
,,59299,,,212.94093132019043,,,,,,
,,59299,,20.078659057617188,,,,,,,
37,,59299,,,,2.9372122287750244,-10.61779499053955,-11.048296928405762,2.9372122287750244,,
,,59349,,,215.75331687927246,,,,,,
,,59349,,2.6416778564453125,,,,,,,
37,,59349,,,,2.9405720233917236,-10.750012397766113,-11.180765151977539,2.9405720233917236,,
37,,59393,,,,,,,,-10.616924285888672,-11.009081840515137
,,59394,373.4274306297302,,,,,,,,
,0.0003,59394,,,,,,,,,
,,59399,,,216.89891815185547,,,,,,
,,59399,,20.656585693359375,,,,,,,
38,,59399,,,,2.936763286590576,-10.550980567932129,-10.964187622070312,2.936763286590576,,
,,59449,,,217.1034812927246,,,,,,
,,59449,,2.6063919067382812,,,,,,,
38,,59449,,,,2.9372575283050537,-10.78964614868164,-11.24014949798584,2.9372575283050537,,
,,59499,,,216.50242805480957,,,,,,
,,59499,,20.72882652282715,,,,,,,
38,,59499,,,,2.935955762863159,-10.670122146606445,-11.095396041870117,2.935955762863159,,
,,59549,,,213.1500244140625,,,,,,
,,59549,,2.5506019592285156,,,,,,,
38,,59549,,,,2.933398485183716,-10.501264572143555,-10.935638427734375,2.933398485183716,,
,,59599,,,218.04237365722656,,,,,,
,,59599,,20.053863525390625,,,,,,,
38,,59599,,,,2.938225030899048,-10.779476165771484,-11.20210075378418,2.938225030899048,,
,,59649,,,212.8598690032959,,,,,,
,,59649,,2.540111541748047,,,,,,,
38,,59649,,,,2.9342565536499023,-10.602216720581055,-11.037070274353027,2.9342565536499023,,
,,59699,,,212.8164768218994,,,,,,
,,59699,,20.184993743896484,,,,,,,
38,,59699,,,,2.9319424629211426,-10.286113739013672,-10.694669723510742,2.9319424629211426,,
,,59749,,,212.73398399353027,,,,,,
,,59749,,2.6030540466308594,,,,,,,
38,,59749,,,,2.9298110008239746,-10.654571533203125,-11.071805953979492,2.9298110008239746,,
,,59799,,,214.9069309234619,,,,,,
,,59799,,20.422697067260742,,,,,,,
38,,59799,,,,2.938100814819336,-10.473661422729492,-10.895733833312988,2.938100814819336,,
,,59849,,,223.6781120300293,,,,,,
,,59849,,3.924131393432617,,,,,,,
38,,59849,,,,2.9339439868927,-10.844171524047852,-11.252721786499023,2.9339439868927,,
,,59899,,,218.001127243042,,,,,,
,,59899,,21.263599395751953,,,,,,,
38,,59899,,,,2.939807415008545,-10.886695861816406,-11.306928634643555,2.939807415008545,,
,,59949,,,217.99945831298828,,,,,,
,,59949,,3.880739212036133,,,,,,,
38,,59949,,,,2.937750816345215,-10.93675422668457,-11.388482093811035,2.937750816345215,,
,,59999,,,225.29363632202148,,,,,,
,,59999,,21.628141403198242,,,,,,,
38,,59999,,,,2.931957960128784,-10.51740837097168,-10.93802261352539,2.931957960128784,,
,,60049,,,219.99812126159668,,,,,,
,,60049,,5.244970321655273,,,,,,,
38,,60049,,,,2.9327900409698486,-10.815200805664062,-11.24631118774414,2.9327900409698486,,
,,60099,,,216.62068367004395,,,,,,
,,60099,,21.121501922607422,,,,,,,
38,,60099,,,,2.926492214202881,-10.602506637573242,-11.038090705871582,2.926492214202881,,
,,60149,,,224.25532341003418,,,,,,
,,60149,,3.9184093475341797,,,,,,,
38,,60149,,,,2.937915802001953,-10.890691757202148,-11.320680618286133,2.937915802001953,,
,,60199,,,218.78552436828613,,,,,,
,,60199,,21.498680114746094,,,,,,,
38,,60199,,,,2.935473680496216,-10.489808082580566,-10.909647941589355,2.935473680496216,,
,,60249,,,218.43290328979492,,,,,,
,,60249,,3.79180908203125,,,,,,,
38,,60249,,,,2.937059164047241,-10.774264335632324,-11.215164184570312,2.937059164047241,,
,,60299,,,218.23501586914062,,,,,,
,,60299,,21.7440128326416,,,,,,,
38,,60299,,,,2.9331185817718506,-10.688295364379883,-11.112680435180664,2.9331185817718506,,
,,60349,,,216.87579154968262,,,,,,
,,60349,,3.8309097290039062,,,,,,,
38,,60349,,,,2.9268038272857666,-10.663951873779297,-11.094977378845215,2.9268038272857666,,
,,60399,,,217.70453453063965,,,,,,
,,60399,,21.37899398803711,,,,,,,
38,,60399,,,,2.933701753616333,-11.09675407409668,-11.55776596069336,2.933701753616333,,
,,60449,,,225.5098819732666,,,,,,
,,60449,,3.8881301879882812,,,,,,,
38,,60449,,,,2.9344372749328613,-10.508005142211914,-10.936667442321777,2.9344372749328613,,
,,60499,,,225.09098052978516,,,,,,
,,60499,,23.40078353881836,,,,,,,
38,,60499,,,,2.9348132610321045,-10.28747844696045,-10.717329025268555,2.9348132610321045,,
,,60549,,,217.72265434265137,,,,,,
,,60549,,3.8919448852539062,,,,,,,
38,,60549,,,,2.9391775131225586,-10.719350814819336,-11.147871017456055,2.9391775131225586,,
,,60599,,,217.4701690673828,,,,,,
,,60599,,21.271705627441406,,,,,,,
38,,60599,,,,2.935246229171753,-10.80302906036377,-11.221222877502441,2.935246229171753,,
,,60649,,,217.5745964050293,,,,,,
,,60649,,3.849029541015625,,,,,,,
38,,60649,,,,2.9322350025177,-10.680978775024414,-11.083918571472168,2.9322350025177,,
,,60699,,,237.8702163696289,,,,,,
,,60699,,22.526025772094727,,,,,,,
38,,60699,,,,2.934368848800659,-10.690185546875,-11.142155647277832,2.934368848800659,,
,,60749,,,222.90897369384766,,,,,,
,,60749,,4.362344741821289,,,,,,,
38,,60749,,,,2.934784412384033,-10.819049835205078,-11.243396759033203,2.934784412384033,,
,,60799,,,222.8703498840332,,,,,,
,,60799,,21.481990814208984,,,,,,,
38,,60799,,,,2.9345855712890625,-10.66870403289795,-11.11923599243164,2.9345855712890625,,
,,60849,,,221.92764282226562,,,,,,
,,60849,,4.139900207519531,,,,,,,
38,,60849,,,,2.9380693435668945,-10.456375122070312,-10.87757396697998,2.9380693435668945,,
,,60899,,,235.18872261047363,,,,,,
,,60899,,25.888919830322266,,,,,,,
38,,60899,,,,2.9308583736419678,-10.838418006896973,-11.256388664245605,2.9308583736419678,,
,,60949,,,235.08691787719727,,,,,,
,,60949,,6.13856315612793,,,,,,,
38,,60949,,,,2.9324169158935547,-10.598012924194336,-11.052177429199219,2.9324169158935547,,
38,,60956,,,,,,,,-10.617950439453125,-11.004634857177734
,,60957,386.67875814437866,,,,,,,,
,0.0003,60957,,,,,,,,,
,,60999,,,227.79536247253418,,,,,,
,,60999,,21.654129028320312,,,,,,,
39,,60999,,,,2.9412472248077393,-10.600334167480469,-11.016640663146973,2.9412472248077393,,
,,61049,,,226.60064697265625,,,,,,
,,61049,,5.888462066650391,,,,,,,
39,,61049,,,,2.9307188987731934,-10.498245239257812,-10.932549476623535,2.9307188987731934,,
,,61099,,,232.57732391357422,,,,,,
,,61099,,23.7123966217041,,,,,,,
39,,61099,,,,2.9379537105560303,-10.521207809448242,-10.956313133239746,2.9379537105560303,,
,,61149,,,230.21221160888672,,,,,,
,,61149,,4.297494888305664,,,,,,,
39,,61149,,,,2.9384372234344482,-10.724052429199219,-11.174731254577637,2.9384372234344482,,
,,61199,,,223.82760047912598,,,,,,
,,61199,,21.865367889404297,,,,,,,
39,,61199,,,,2.9388842582702637,-10.457685470581055,-10.875507354736328,2.9388842582702637,,
,,61249,,,227.2019386291504,,,,,,
,,61249,,4.169464111328125,,,,,,,
39,,61249,,,,2.932851552963257,-10.436837196350098,-10.873846054077148,2.932851552963257,,
,,61299,,,226.05371475219727,,,,,,
,,61299,,21.808385848999023,,,,,,,
39,,61299,,,,2.931549072265625,-10.796369552612305,-11.230313301086426,2.931549072265625,,
,,61349,,,216.16101264953613,,,,,,
,,61349,,3.826141357421875,,,,,,,
39,,61349,,,,2.935230016708374,-10.470049858093262,-10.90804672241211,2.935230016708374,,
,,61399,,,238.7678623199463,,,,,,
,,61399,,24.147748947143555,,,,,,,
39,,61399,,,,2.929797410964966,-10.62703800201416,-11.082531929016113,2.929797410964966,,
,,61449,,,226.35579109191895,,,,,,
,,61449,,4.511594772338867,,,,,,,
39,,61449,,,,2.937615394592285,-10.59536075592041,-11.017332077026367,2.937615394592285,,
,,61499,,,221.63796424865723,,,,,,
,,61499,,21.652936935424805,,,,,,,
39,,61499,,,,2.9399046897888184,-10.502599716186523,-10.929828643798828,2.9399046897888184,,
,,61549,,,222.49603271484375,,,,,,
,,61549,,4.307031631469727,,,,,,,
39,,61549,,,,2.938812255859375,-10.514444351196289,-10.945418357849121,2.938812255859375,,
,,61599,,,213.78803253173828,,,,,,
,,61599,,24.89328384399414,,,,,,,
39,,61599,,,,2.9335789680480957,-10.283468246459961,-10.723011016845703,2.9335789680480957,,
,,61649,,,210.8328342437744,,,,,,
,,61649,,2.8657913208007812,,,,,,,
39,,61649,,,,2.9368865489959717,-10.386149406433105,-10.810445785522461,2.9368865489959717,,
,,61699,,,216.53413772583008,,,,,,
,,61699,,21.00682258605957,,,,,,,
39,,61699,,,,2.9347121715545654,-10.388935089111328,-10.833809852600098,2.9347121715545654,,
,,61749,,,210.97111701965332,,,,,,
,,61749,,2.822399139404297,,,,,,,
39,,61749,,,,2.932295560836792,-10.777946472167969,-11.200217247009277,2.932295560836792,,
,,61799,,,209.08141136169434,,,,,,
,,61799,,19.88506317138672,,,,,,,
39,,61799,,,,2.933797597885132,-10.784971237182617,-11.227168083190918,2.933797597885132,,
,,61849,,,213.67311477661133,,,,,,
,,61849,,3.6187171936035156,,,,,,,
39,,61849,,,,2.9356558322906494,-10.671184539794922,-11.114728927612305,2.9356558322906494,,
,,61899,,,213.77015113830566,,,,,,
,,61899,,19.966840744018555,,,,,,,
39,,61899,,,,2.938485860824585,-10.617185592651367,-11.051872253417969,2.938485860824585,,
,,61949,,,210.94655990600586,,,,,,
,,61949,,3.737211227416992,,,,,,,
39,,61949,,,,2.936777353286743,-10.684930801391602,-11.12967300415039,2.936777353286743,,
,,61999,,,213.4418487548828,,,,,,
,,61999,,20.576000213623047,,,,,,,
39,,61999,,,,2.929363250732422,-10.574406623840332,-11.028947830200195,2.929363250732422,,
,,62049,,,212.59832382202148,,,,,,
,,62049,,2.6769638061523438,,,,,,,
39,,62049,,,,2.9342126846313477,-10.855210304260254,-11.29470443725586,2.9342126846313477,,
,,62099,,,213.41228485107422,,,,,,
,,62099,,19.9587345123291,,,,,,,
39,,62099,,,,2.9339938163757324,-10.610145568847656,-11.03708267211914,2.9339938163757324,,
,,62149,,,209.01799201965332,,,,,,
,,62149,,2.5560855865478516,,,,,,,
39,,62149,,,,2.925034999847412,-10.473819732666016,-10.909951210021973,2.925034999847412,,
,,62199,,,212.8758430480957,,,,,,
,,62199,,20.068883895874023,,,,,,,
39,,62199,,,,2.936079740524292,-10.51776123046875,-10.947623252868652,2.936079740524292,,
,,62249,,,212.9976749420166,,,,,,
,,62249,,2.649068832397461,,,,,,,
39,,62249,,,,2.939862012863159,-10.929139137268066,-11.37462329864502,2.939862012863159,,
,,62299,,,208.06384086608887,,,,,,
,,62299,,20.164012908935547,,,,,,,
39,,62299,,,,2.933192729949951,-10.595480918884277,-11.006635665893555,2.933192729949951,,
,,62349,,,209.01894569396973,,,,,,
,,62349,,2.6106834411621094,,,,,,,
39,,62349,,,,2.9361205101013184,-10.562296867370605,-10.993488311767578,2.9361205101013184,,
,,62399,,,209.7177505493164,,,,,,
,,62399,,19.929885864257812,,,,,,,
39,,62399,,,,2.932575225830078,-10.444344520568848,-10.892135620117188,2.932575225830078,,
,,62449,,,209.0315818786621,,,,,,
,,62449,,2.5730133056640625,,,,,,,
39,,62449,,,,2.9266467094421387,-10.671323776245117,-11.100533485412598,2.9266467094421387,,
,,62499,,,208.16683769226074,,,,,,
,,62499,,19.81973648071289,,,,,,,
39,,62499,,,,2.941502094268799,-10.476481437683105,-10.915938377380371,2.941502094268799,,
39,,62519,,,,,,,,-10.621353149414062,-11.008646965026855
,,62520,380.0614802837372,,,,,,,,
,0.0003,62520,,,,,,,,,
,,62549,,,208.95862579345703,,,,,,
,,62549,,2.5911331176757812,,,,,,,
40,,62549,,,,2.928119421005249,-10.492047309875488,-10.92665958404541,2.928119421005249,,
,,62599,,,223.3126163482666,,,,,,
,,62599,,21.347999572753906,,,,,,,
40,,62599,,,,2.936678171157837,-10.39043140411377,-10.82723617553711,2.936678171157837,,
,,62649,,,217.42892265319824,,,,,,
,,62649,,4.108667373657227,,,,,,,
40,,62649,,,,2.9386770725250244,-10.49596881866455,-10.922660827636719,2.9386770725250244,,
,,62699,,,225.99482536315918,,,,,,
,,62699,,21.43263816833496,,,,,,,
40,,62699,,,,2.9323129653930664,-10.548250198364258,-10.999650955200195,2.9323129653930664,,
,,62749,,,218.09124946594238,,,,,,
,,62749,,4.114866256713867,,,,,,,
40,,62749,,,,2.933664560317993,-10.694013595581055,-11.138608932495117,2.933664560317993,,
,,62799,,,218.2924747467041,,,,,,
,,62799,,21.140098571777344,,,,,,,
40,,62799,,,,2.931396484375,-10.742778778076172,-11.147531509399414,2.931396484375,,
,,62849,,,217.1039581298828,,,,,,
,,62849,,4.144906997680664,,,,,,,
40,,62849,,,,2.9373388290405273,-10.544305801391602,-10.965517044067383,2.9373388290405273,,
,,62899,,,218.09720993041992,,,,,,
,,62899,,21.178245544433594,,,,,,,
40,,62899,,,,2.9363059997558594,-10.625432968139648,-11.050360679626465,2.9363059997558594,,
,,62949,,,218.1534767150879,,,,,,
,,62949,,4.135847091674805,,,,,,,
40,,62949,,,,2.934211254119873,-10.486501693725586,-10.895631790161133,2.934211254119873,,
,,62999,,,217.5142765045166,,,,,,
,,62999,,21.234512329101562,,,,,,,
40,,62999,,,,2.9385323524475098,-10.708093643188477,-11.142165184020996,2.9385323524475098,,
,,63049,,,221.95839881896973,,,,,,
,,63049,,4.107475280761719,,,,,,,
40,,63049,,,,2.9359655380249023,-10.734760284423828,-11.15814208984375,2.9359655380249023,,
,,63099,,,219.7713851928711,,,,,,
,,63099,,23.44489097595215,,,,,,,
40,,63099,,,,2.9306726455688477,-10.619601249694824,-11.038888931274414,2.9306726455688477,,
,,63149,,,217.49639511108398,,,,,,
,,63149,,4.115581512451172,,,,,,,
40,,63149,,,,2.9397671222686768,-10.460405349731445,-10.896784782409668,2.9397671222686768,,
,,63199,,,220.6418514251709,,,,,,
,,63199,,21.80171012878418,,,,,,,
40,,63199,,,,2.9324679374694824,-10.777091979980469,-11.20773696899414,2.9324679374694824,,
,,63249,,,217.7884578704834,,,,,,
,,63249,,4.075765609741211,,,,,,,
40,,63249,,,,2.9354121685028076,-10.792213439941406,-11.231571197509766,2.9354121685028076,,
,,63299,,,217.1008586883545,,,,,,
,,63299,,21.136760711669922,,,,,,,
40,,63299,,,,2.9378347396850586,-10.812891006469727,-11.216100692749023,2.9378347396850586,,
,,63349,,,217.09752082824707,,,,,,
,,63349,,4.135608673095703,,,,,,,
40,,63349,,,,2.9346024990081787,-10.659860610961914,-11.082468032836914,2.9346024990081787,,
,,63399,,,222.94092178344727,,,,,,
,,63399,,21.198272705078125,,,,,,,
40,,63399,,,,2.9352593421936035,-10.666664123535156,-11.092839241027832,2.9352593421936035,,
,,63449,,,216.9663906097412,,,,,,
,,63449,,4.116296768188477,,,,,,,
40,,63449,,,,2.935844659805298,-10.533502578735352,-10.968348503112793,2.935844659805298,,
,,63499,,,220.79181671142578,,,,,,
,,63499,,21.245956420898438,,,,,,,
40,,63499,,,,2.93939208984375,-10.755224227905273,-11.17868709564209,2.93939208984375,,
,,63549,,,219.47431564331055,,,,,,
,,63549,,4.270792007446289,,,,,,,
40,,63549,,,,2.938136339187622,-10.646217346191406,-11.060453414916992,2.938136339187622,,
,,63599,,,216.68243408203125,,,,,,
,,63599,,21.779298782348633,,,,,,,
40,,63599,,,,2.9315261840820312,-10.785388946533203,-11.207067489624023,2.9315261840820312,,
,,63649,,,216.4132595062256,,,,,,
,,63649,,4.120588302612305,,,,,,,
40,,63649,,,,2.929206371307373,-10.656116485595703,-11.085729598999023,2.929206371307373,,
,,63699,,,217.1778678894043,,,,,,
,,63699,,21.27361297607422,,,,,,,
40,,63699,,,,2.9339587688446045,-10.737617492675781,-11.158822059631348,2.9339587688446045,,
,,63749,,,220.74556350708008,,,,,,
,,63749,,4.154443740844727,,,,,,,
40,,63749,,,,2.934936046600342,-10.475337982177734,-10.90097427368164,2.934936046600342,,
,,63799,,,226.33910179138184,,,,,,
,,63799,,21.216154098510742,,,,,,,
40,,63799,,,,2.924316883087158,-10.720529556274414,-11.159350395202637,2.924316883087158,,
,,63849,,,223.37937355041504,,,,,,
,,63849,,4.165172576904297,,,,,,,
40,,63849,,,,2.933663845062256,-10.642556190490723,-11.058338165283203,2.933663845062256,,
,,63899,,,224.9429225921631,,,,,,
,,63899,,21.566390991210938,,,,,,,
40,,63899,,,,2.939591884613037,-10.759408950805664,-11.205681800842285,2.939591884613037,,
,,63949,,,224.91693496704102,,,,,,
,,63949,,4.389286041259766,,,,,,,
40,,63949,,,,2.9386022090911865,-10.978761672973633,-11.366534233093262,2.9386022090911865,,
,,63999,,,228.92260551452637,,,,,,
,,63999,,21.027088165283203,,,,,,,
40,,63999,,,,2.9372575283050537,-10.707658767700195,-11.149527549743652,2.9372575283050537,,
,,64049,,,225.99387168884277,,,,,,
,,64049,,4.130840301513672,,,,,,,
40,,64049,,,,2.9335949420928955,-10.502973556518555,-10.932244300842285,2.9335949420928955,,
40,,64082,,,,,,,,-10.616811752319336,-11.00153923034668
,,64083,386.64864015579224,,,,,,,,
,0.0003,64083,,,,,,,,,
,,64099,,,219.06423568725586,,,,,,
,,64099,,21.230459213256836,,,,,,,
41,,64099,,,,2.933347463607788,-10.517627716064453,-10.97077465057373,2.933347463607788,,
,,64149,,,220.0314998626709,,,,,,
,,64149,,3.986358642578125,,,,,,,
41,,64149,,,,2.941129684448242,-10.667888641357422,-11.108498573303223,2.941129684448242,,
,,64199,,,223.23036193847656,,,,,,
,,64199,,20.398616790771484,,,,,,,
41,,64199,,,,2.939408540725708,-10.519465446472168,-10.927756309509277,2.939408540725708,,
,,64249,,,217.8514003753662,,,,,,
,,64249,,3.962993621826172,,,,,,,
41,,64249,,,,2.9399077892303467,-10.744272232055664,-11.179941177368164,2.9399077892303467,,
,,64299,,,224.8854637145996,,,,,,
,,64299,,21.036148071289062,,,,,,,
41,,64299,,,,2.9362902641296387,-10.518061637878418,-10.98221492767334,2.9362902641296387,,
,,64349,,,219.9723720550537,,,,,,
,,64349,,3.958463668823242,,,,,,,
41,,64349,,,,2.9328863620758057,-10.738189697265625,-11.164677619934082,2.9328863620758057,,
,,64399,,,222.86653518676758,,,,,,
,,64399,,21.234989166259766,,,,,,,
41,,64399,,,,2.934474468231201,-10.567026138305664,-11.020071029663086,2.934474468231201,,
,,64449,,,226.0756492614746,,,,,,
,,64449,,4.019975662231445,,,,,,,
41,,64449,,,,2.9365971088409424,-10.740172386169434,-11.145256042480469,2.9365971088409424,,
,,64499,,,222.7306365966797,,,,,,
,,64499,,24.20186996459961,,,,,,,
41,,64499,,,,2.9397246837615967,-10.596686363220215,-10.991007804870605,2.9397246837615967,,
,,64549,,,219.66814994812012,,,,,,
,,64549,,3.9191246032714844,,,,,,,
41,,64549,,,,2.9368667602539062,-10.58245849609375,-11.016695022583008,2.9368667602539062,,
,,64599,,,217.86260604858398,,,,,,
,,64599,,20.980119705200195,,,,,,,
41,,64599,,,,2.930734872817993,-10.531204223632812,-10.975961685180664,2.930734872817993,,
,,64649,,,226.6089916229248,,,,,,
,,64649,,3.9339065551757812,,,,,,,
41,,64649,,,,2.937262535095215,-10.626607894897461,-11.05140209197998,2.937262535095215,,
,,64699,,,219.91610527038574,,,,,,
,,64699,,21.503925323486328,,,,,,,
41,,64699,,,,2.944200277328491,-10.72309398651123,-11.158761024475098,2.944200277328491,,
,,64749,,,219.76876258850098,,,,,,
,,64749,,4.004240036010742,,,,,,,
41,,64749,,,,2.9302759170532227,-10.750322341918945,-11.190322875976562,2.9302759170532227,,
,,64799,,,226.49574279785156,,,,,,
,,64799,,21.137237548828125,,,,,,,
41,,64799,,,,2.943345308303833,-10.640961647033691,-11.092443466186523,2.943345308303833,,
,,64849,,,218.68133544921875,,,,,,
,,64849,,3.946542739868164,,,,,,,
41,,64849,,,,2.934580087661743,-10.676717758178711,-11.090524673461914,2.934580087661743,,
,,64899,,,224.16973114013672,,,,,,
,,64899,,21.21138572692871,,,,,,,
41,,64899,,,,2.9375014305114746,-10.737883567810059,-11.177988052368164,2.9375014305114746,,
,,64949,,,220.2293872833252,,,,,,
,,64949,,5.429983139038086,,,,,,,
41,,64949,,,,2.9396841526031494,-10.453609466552734,-10.870718002319336,2.9396841526031494,,
,,64999,,,220.55363655090332,,,,,,
,,64999,,20.81751823425293,,,,,,,
41,,64999,,,,2.934501886367798,-10.433536529541016,-10.867889404296875,2.934501886367798,,
,,65049,,,228.36565971374512,,,,,,
,,65049,,4.772663116455078,,,,,,,
41,,65049,,,,2.9311931133270264,-10.419439315795898,-10.855199813842773,2.9311931133270264,,
,,65099,,,220.52645683288574,,,,,,
,,65099,,21.02971076965332,,,,,,,
41,,65099,,,,2.936443328857422,-10.622135162353516,-11.032827377319336,2.936443328857422,,
,,65149,,,217.63253211975098,,,,,,
,,65149,,3.9398670196533203,,,,,,,
41,,65149,,,,2.938183546066284,-10.371332168579102,-10.780375480651855,2.938183546066284,,
,,65199,,,219.97737884521484,,,,,,
,,65199,,21.076679229736328,,,,,,,
41,,65199,,,,2.9357528686523438,-11.030120849609375,-11.451635360717773,2.9357528686523438,,
,,65249,,,218.89400482177734,,,,,,
,,65249,,5.252599716186523,,,,,,,
41,,65249,,,,2.9362902641296387,-10.893716812133789,-11.318845748901367,2.9362902641296387,,
,,65299,,,221.31991386413574,,,,,,
,,65299,,21.326780319213867,,,,,,,
41,,65299,,,,2.940716505050659,-10.728264808654785,-11.158759117126465,2.940716505050659,,
,,65349,,,217.78297424316406,,,,,,
,,65349,,5.744218826293945,,,,,,,
41,,65349,,,,2.9348931312561035,-10.56279182434082,-10.992655754089355,2.9348931312561035,,
,,65399,,,216.1099910736084,,,,,,
,,65399,,20.975112915039062,,,,,,,
41,,65399,,,,2.934061288833618,-10.458951950073242,-10.906390190124512,2.934061288833618,,
,,65449,,,217.6065444946289,,,,,,
,,65449,,3.8106441497802734,,,,,,,
41,,65449,,,,2.9316041469573975,-10.687444686889648,-11.076147079467773,2.9316041469573975,,
,,65499,,,215.41357040405273,,,,,,
,,65499,,21.126985549926758,,,,,,,
41,,65499,,,,2.929980993270874,-10.859016418457031,-11.290356636047363,2.929980993270874,,
,,65549,,,223.48332405090332,,,,,,
,,65549,,3.7949085235595703,,,,,,,
41,,65549,,,,2.93098783493042,-10.407957077026367,-10.823974609375,2.93098783493042,,
,,65599,,,215.89183807373047,,,,,,
,,65599,,21.190881729125977,,,,,,,
41,,65599,,,,2.9430668354034424,-10.45228385925293,-10.895490646362305,2.9430668354034424,,
41,,65645,,,,,,,,-10.61658000946045,-10.996079444885254
,,65646,388.0644030570984,,,,,,,,
,0.0003,65646,,,,,,,,,
,,65649,,,220.62230110168457,,,,,,
,,65649,,3.9091110229492188,,,,,,,
42,,65649,,,,2.929509162902832,-10.783828735351562,-11.19146728515625,2.929509162902832,,
,,65699,,,216.0489559173584,,,,,,
,,65699,,20.727157592773438,,,,,,,
42,,65699,,,,2.9315764904022217,-10.713153839111328,-11.134233474731445,2.9315764904022217,,
,,65749,,,217.07534790039062,,,,,,
,,65749,,3.827333450317383,,,,,,,
42,,65749,,,,2.9367034435272217,-10.592912673950195,-11.027791976928711,2.9367034435272217,,
,,65799,,,226.61161422729492,,,,,,
,,65799,,21.14272117614746,,,,,,,
42,,65799,,,,2.93405818939209,-10.664567947387695,-11.087387084960938,2.93405818939209,,
,,65849,,,215.85679054260254,,,,,,
,,65849,,3.9818286895751953,,,,,,,
42,,65849,,,,2.942072629928589,-10.59870719909668,-11.01345443725586,2.942072629928589,,
,,65899,,,219.86722946166992,,,,,,
,,65899,,20.70450782775879,,,,,,,
42,,65899,,,,2.929896116256714,-10.309347152709961,-10.721264839172363,2.929896116256714,,
,,65949,,,219.37060356140137,,,,,,
,,65949,,3.8590431213378906,,,,,,,
42,,65949,,,,2.938154935836792,-10.717818260192871,-11.143548011779785,2.938154935836792,,
,,65999,,,216.0196304321289,,,,,,
,,65999,,21.17466926574707,,,,,,,
42,,65999,,,,2.9370274543762207,-10.623627662658691,-11.034010887145996,2.9370274543762207,,
,,66049,,,221.05979919433594,,,,,,
,,66049,,3.8084983825683594,,,,,,,
42,,66049,,,,2.940587043762207,-10.312376022338867,-10.729415893554688,2.940587043762207,,
,,66099,,,221.77529335021973,,,,,,
,,66099,,20.841360092163086,,,,,,,
42,,66099,,,,2.9334349632263184,-10.684682846069336,-11.09115982055664,2.9334349632263184,,
,,66149,,,221.3726043701172,,,,,,
,,66149,,3.9110183715820312,,,,,,,
42,,66149,,,,2.9396448135375977,-10.582588195800781,-11.042539596557617,2.9396448135375977,,
,,66199,,,220.25322914123535,,,,,,
,,66199,,21.239519119262695,,,,,,,
42,,66199,,,,2.930619716644287,-10.68136215209961,-11.105795860290527,2.930619716644287,,
,,66249,,,225.43811798095703,,,,,,
,,66249,,3.8542747497558594,,,,,,,
42,,66249,,,,2.9388060569763184,-10.537978172302246,-10.969086647033691,2.9388060569763184,,
,,66299,,,216.44139289855957,,,,,,
,,66299,,21.221637725830078,,,,,,,
42,,66299,,,,2.9357194900512695,-10.68591022491455,-11.117243766784668,2.9357194900512695,,
,,66349,,,214.69855308532715,,,,,,
,,66349,,3.8704872131347656,,,,,,,
42,,66349,,,,2.9368581771850586,-10.520139694213867,-10.953038215637207,2.9368581771850586,,
,,66399,,,216.00747108459473,,,,,,
,,66399,,21.113872528076172,,,,,,,
42,,66399,,,,2.9347903728485107,-10.840808868408203,-11.285178184509277,2.9347903728485107,,
,,66449,,,214.33687210083008,,,,,,
,,66449,,3.816843032836914,,,,,,,
42,,66449,,,,2.9319615364074707,-10.619367599487305,-11.063888549804688,2.9319615364074707,,
,,66499,,,220.82924842834473,,,,,,
,,66499,,21.439790725708008,,,,,,,
42,,66499,,,,2.9399240016937256,-10.459142684936523,-10.864973068237305,2.9399240016937256,,
,,66549,,,215.70420265197754,,,,,,
,,66549,,3.8378238677978516,,,,,,,
42,,66549,,,,2.940619468688965,-10.752801895141602,-11.189420700073242,2.940619468688965,,
,,66599,,,217.6833152770996,,,,,,
,,66599,,23.4525203704834,,,,,,,
42,,66599,,,,2.9357125759124756,-10.537303924560547,-10.950077056884766,2.9357125759124756,,
,,66649,,,215.97886085510254,,,,,,
,,66649,,3.9398670196533203,,,,,,,
42,,66649,,,,2.939235210418701,-10.614900588989258,-11.017108917236328,2.939235210418701,,
,,66699,,,221.13919258117676,,,,,,
,,66699,,21.19159698486328,,,,,,,
42,,66699,,,,2.9376254081726074,-10.655144691467285,-11.085058212280273,2.9376254081726074,,
,,66749,,,218.46723556518555,,,,,,
,,66749,,5.699396133422852,,,,,,,
42,,66749,,,,2.9365358352661133,-10.630390167236328,-11.06298542022705,2.9365358352661133,,
,,66799,,,215.47555923461914,,,,,,
,,66799,,21.540403366088867,,,,,,,
42,,66799,,,,2.9409642219543457,-10.477813720703125,-10.910962104797363,2.9409642219543457,,
,,66849,,,216.33005142211914,,,,,,
,,66849,,3.8175582885742188,,,,,,,
42,,66849,,,,2.9359331130981445,-10.775005340576172,-11.194781303405762,2.9359331130981445,,
,,66899,,,218.36471557617188,,,,,,
,,66899,,23.45895767211914,,,,,,,
42,,66899,,,,2.9381120204925537,-10.649662017822266,-11.05472183227539,2.9381120204925537,,
,,66949,,,218.5077667236328,,,,,,
,,66949,,3.7987232208251953,,,,,,,
42,,66949,,,,2.938231945037842,-10.616296768188477,-11.039785385131836,2.938231945037842,,
,,66999,,,225.3437042236328,,,,,,
,,66999,,20.85733413696289,,,,,,,
42,,66999,,,,2.9287540912628174,-10.701726913452148,-11.152758598327637,2.9287540912628174,,
,,67049,,,218.23620796203613,,,,,,
,,67049,,4.638433456420898,,,,,,,
42,,67049,,,,2.9437718391418457,-10.734954833984375,-11.143669128417969,2.9437718391418457,,
,,67099,,,218.66798400878906,,,,,,
,,67099,,20.832300186157227,,,,,,,
42,,67099,,,,2.9312727451324463,-10.529991149902344,-10.93478775024414,2.9312727451324463,,
,,67149,,,221.97532653808594,,,,,,
,,67149,,3.8645267486572266,,,,,,,
42,,67149,,,,2.9339065551757812,-10.634363174438477,-11.049818992614746,2.9339065551757812,,
,,67199,,,213.98377418518066,,,,,,
,,67199,,21.45552635192871,,,,,,,
42,,67199,,,,2.937631130218506,-10.636896133422852,-11.064825057983398,2.937631130218506,,
42,,67208,,,,,,,,-10.615126609802246,-11.000226974487305
,,67209,383.22872400283813,,,,,,,,
,0.0003,67209,,,,,,,,,
,,67249,,,215.56735038757324,,,,,,
,,67249,,3.673076629638672,,,,,,,
43,,67249,,,,2.942478656768799,-10.621833801269531,-11.056020736694336,2.942478656768799,,
,,67299,,,215.81697463989258,,,,,,
,,67299,,21.169424057006836,,,,,,,
43,,67299,,,,2.9343597888946533,-10.547449111938477,-10.978161811828613,2.9343597888946533,,
,,67349,,,218.95408630371094,,,,,,
,,67349,,3.7822723388671875,,,,,,,
43,,67349,,,,2.9309258460998535,-10.77695369720459,-11.218392372131348,2.9309258460998535,,
,,67399,,,217.61822700500488,,,,,,
,,67399,,20.720243453979492,,,,,,,
43,,67399,,,,2.936819314956665,-10.561040878295898,-10.962675094604492,2.936819314956665,,
,,67449,,,216.93944931030273,,,,,,
,,67449,,3.6754608154296875,,,,,,,
43,,67449,,,,2.939288377761841,-10.557153701782227,-10.982367515563965,2.939288377761841,,
,,67499,,,217.63992309570312,,,,,,
,,67499,,20.507097244262695,,,,,,,
43,,67499,,,,2.9374284744262695,-10.473966598510742,-10.913383483886719,2.9374284744262695,,
,,67549,,,218.69969367980957,,,,,,
,,67549,,3.676891326904297,,,,,,,
43,,67549,,,,2.930196523666382,-10.748566627502441,-11.187182426452637,2.930196523666382,,
,,67599,,,222.90921211242676,,,,,,
,,67599,,21.155357360839844,,,,,,,
43,,67599,,,,2.9304542541503906,-10.721928596496582,-11.140019416809082,2.9304542541503906,,
,,67649,,,220.8869457244873,,,,,,
,,67649,,3.670215606689453,,,,,,,
43,,67649,,,,2.9370875358581543,-10.50834846496582,-10.956082344055176,2.9370875358581543,,
,,67699,,,214.71381187438965,,,,,,
,,67699,,21.234750747680664,,,,,,,
43,,67699,,,,2.9374334812164307,-10.46115493774414,-10.875375747680664,2.9374334812164307,,
,,67749,,,220.66903114318848,,,,,,
,,67749,,3.6492347717285156,,,,,,,
43,,67749,,,,2.93818998336792,-10.599995613098145,-11.013968467712402,2.93818998336792,,
,,67799,,,216.70889854431152,,,,,,
,,67799,,20.966529846191406,,,,,,,
43,,67799,,,,2.9379589557647705,-10.61550521850586,-11.06347370147705,2.9379589557647705,,
,,67849,,,215.62528610229492,,,,,,
,,67849,,3.6962032318115234,,,,,,,
43,,67849,,,,2.93200421333313,-10.595111846923828,-11.024751663208008,2.93200421333313,,
,,67899,,,223.46925735473633,,,,,,
,,67899,,23.561477661132812,,,,,,,
43,,67899,,,,2.9377567768096924,-10.535360336303711,-10.9501953125,2.9377567768096924,,
,,67949,,,215.79933166503906,,,,,,
,,67949,,3.659963607788086,,,,,,,
43,,67949,,,,2.930873155593872,-10.97819709777832,-11.404738426208496,2.930873155593872,,
,,67999,,,219.11287307739258,,,,,,
,,67999,,21.97718620300293,,,,,,,
43,,67999,,,,2.9324288368225098,-10.813583374023438,-11.246533393859863,2.9324288368225098,,
,,68049,,,216.094970703125,,,,,,
,,68049,,3.764629364013672,,,,,,,
43,,68049,,,,2.9365031719207764,-10.618513107299805,-11.029425621032715,2.9365031719207764,,
,,68099,,,216.9942855834961,,,,,,
,,68099,,21.27814292907715,,,,,,,
43,,68099,,,,2.9324681758880615,-10.417890548706055,-10.839705467224121,2.9324681758880615,,
,,68149,,,216.86673164367676,,,,,,
,,68149,,3.6537647247314453,,,,,,,
43,,68149,,,,2.9310221672058105,-10.657681465148926,-11.107874870300293,2.9310221672058105,,
,,68199,,,215.46530723571777,,,,,,
,,68199,,21.314620971679688,,,,,,,
43,,68199,,,,2.933344602584839,-10.613160133361816,-11.055481910705566,2.933344602584839,,
,,68249,,,214.91479873657227,,,,,,
,,68249,,3.6797523498535156,,,,,,,
43,,68249,,,,2.928074598312378,-10.698511123657227,-11.12258243560791,2.928074598312378,,
,,68299,,,215.79265594482422,,,,,,
,,68299,,21.24166488647461,,,,,,,
43,,68299,,,,2.9318666458129883,-10.568058967590332,-10.967098236083984,2.9318666458129883,,
,,68349,,,221.57526016235352,,,,,,
,,68349,,3.596067428588867,,,,,,,
43,,68349,,,,2.939107656478882,-10.784740447998047,-11.223498344421387,2.939107656478882,,
,,68399,,,215.04878997802734,,,,,,
,,68399,,21.100521087646484,,,,,,,
43,,68399,,,,2.9249191284179688,-10.509745597839355,-10.946539878845215,2.9249191284179688,,
,,68449,,,216.69816970825195,,,,,,
,,68449,,3.732919692993164,,,,,,,
43,,68449,,,,2.931718111038208,-10.69817066192627,-11.13516616821289,2.931718111038208,,
,,68499,,,214.61868286132812,,,,,,
,,68499,,20.86663246154785,,,,,,,
43,,68499,,,,2.936676502227783,-10.583597183227539,-11.00128173828125,2.936676502227783,,
,,68549,,,215.54160118103027,,,,,,
,,68549,,3.7631988525390625,,,,,,,
43,,68549,,,,2.935236692428589,-10.667131423950195,-11.09347915649414,2.935236692428589,,
,,68599,,,213.63282203674316,,,,,,
,,68599,,20.956993103027344,,,,,,,
43,,68599,,,,2.9330461025238037,-10.671270370483398,-11.108551979064941,2.9330461025238037,,
,,68649,,,216.6292667388916,,,,,,
,,68649,,3.7081241607666016,,,,,,,
43,,68649,,,,2.9382827281951904,-10.588400840759277,-11.026179313659668,2.9382827281951904,,
,,68699,,,218.99986267089844,,,,,,
,,68699,,23.9565372467041,,,,,,,
43,,68699,,,,2.9288082122802734,-10.250175476074219,-10.695470809936523,2.9288082122802734,,
,,68749,,,221.19951248168945,,,,,,
,,68749,,3.698110580444336,,,,,,,
43,,68749,,,,2.9315319061279297,-10.801721572875977,-11.220744132995605,2.9315319061279297,,
43,,68771,,,,,,,,-10.614812850952148,-11.003267288208008
,,68772,382.425724029541,,,,,,,,
,0.0003,68772,,,,,,,,,
,,68799,,,221.12536430358887,,,,,,
,,68799,,20.622730255126953,,,,,,,
44,,68799,,,,2.9371325969696045,-10.34398078918457,-10.797646522521973,2.9371325969696045,,
,,68849,,,215.81029891967773,,,,,,
,,68849,,3.7605762481689453,,,,,,,
44,,68849,,,,2.937880516052246,-10.78951644897461,-11.213720321655273,2.937880516052246,,
,,68899,,,223.26898574829102,,,,,,
,,68899,,21.190404891967773,,,,,,,
44,,68899,,,,2.935124635696411,-10.687345504760742,-11.099896430969238,2.935124635696411,,
,,68949,,,216.4137363433838,,,,,,
,,68949,,3.7398338317871094,,,,,,,
44,,68949,,,,2.9318110942840576,-10.755016326904297,-11.142712593078613,2.9318110942840576,,
,,68999,,,216.91441535949707,,,,,,
,,68999,,20.93648910522461,,,,,,,
44,,68999,,,,2.929351806640625,-10.841609954833984,-11.254260063171387,2.929351806640625,,
,,69049,,,214.84780311584473,,,,,,
,,69049,,3.6873817443847656,,,,,,,
44,,69049,,,,2.942596912384033,-10.779644012451172,-11.186171531677246,2.942596912384033,,
,,69099,,,215.56925773620605,,,,,,
,,69099,,20.961284637451172,,,,,,,
44,,69099,,,,2.9318389892578125,-10.711198806762695,-11.132041931152344,2.9318389892578125,,
,,69149,,,218.22476387023926,,,,,,
,,69149,,3.721952438354492,,,,,,,
44,,69149,,,,2.925567865371704,-10.487741470336914,-10.91402816772461,2.925567865371704,,
,,69199,,,218.50252151489258,,,,,,
,,69199,,20.96414566040039,,,,,,,
44,,69199,,,,2.939168930053711,-10.351741790771484,-10.785283088684082,2.939168930053711,,
,,69249,,,215.57950973510742,,,,,,
,,69249,,3.722667694091797,,,,,,,
44,,69249,,,,2.931901693344116,-10.451269149780273,-10.87043571472168,2.931901693344116,,
,,69299,,,214.3235206604004,,,,,,
,,69299,,20.679235458374023,,,,,,,
44,,69299,,,,2.9395527839660645,-10.614194869995117,-11.013894081115723,2.9395527839660645,,
,,69349,,,216.94135665893555,,,,,,
,,69349,,3.758668899536133,,,,,,,
44,,69349,,,,2.930344581604004,-10.577555656433105,-11.002007484436035,2.930344581604004,,
,,69399,,,216.36152267456055,,,,,,
,,69399,,21.36063575744629,,,,,,,
44,,69399,,,,2.9401934146881104,-10.791751861572266,-11.2291841506958,2.9401934146881104,,
,,69449,,,219.38157081604004,,,,,,
,,69449,,4.088163375854492,,,,,,,
44,,69449,,,,2.9364476203918457,-10.678211212158203,-11.097373962402344,2.9364476203918457,,
,,69499,,,217.0100212097168,,,,,,
,,69499,,23.1325626373291,,,,,,,
44,,69499,,,,2.9319844245910645,-10.990278244018555,-11.437992095947266,2.9319844245910645,,
,,69549,,,214.45965766906738,,,,,,
,,69549,,3.7348270416259766,,,,,,,
44,,69549,,,,2.93719482421875,-10.694925308227539,-11.147624015808105,2.93719482421875,,
,,69599,,,214.1411304473877,,,,,,
,,69599,,24.262189865112305,,,,,,,
44,,69599,,,,2.9293365478515625,-10.542425155639648,-11.020243644714355,2.9293365478515625,,
,,69649,,,214.72501754760742,,,,,,
,,69649,,3.9682388305664062,,,,,,,
44,,69649,,,,2.928179979324341,-10.844971656799316,-11.298911094665527,2.928179979324341,,
,,69699,,,217.43297576904297,,,,,,
,,69699,,22.808074951171875,,,,,,,
44,,69699,,,,2.9369115829467773,-10.61875057220459,-11.066916465759277,2.9369115829467773,,
,,69749,,,213.92416954040527,,,,,,
,,69749,,3.7078857421875,,,,,,,
44,,69749,,,,2.935497283935547,-10.844451904296875,-11.29947566986084,2.935497283935547,,
,,69799,,,217.9126739501953,,,,,,
,,69799,,21.27552032470703,,,,,,,
44,,69799,,,,2.9335405826568604,-10.599029541015625,-11.063254356384277,2.9335405826568604,,
,,69849,,,216.08877182006836,,,,,,
,,69849,,3.7145614624023438,,,,,,,
44,,69849,,,,2.936475992202759,-10.629931449890137,-11.08614730834961,2.936475992202759,,
,,69899,,,216.56537055969238,,,,,,
,,69899,,20.648717880249023,,,,,,,
44,,69899,,,,2.938261032104492,-10.824457168579102,-11.279594421386719,2.938261032104492,,
,,69949,,,215.3756618499756,,,,,,
,,69949,,3.7658214569091797,,,,,,,
44,,69949,,,,2.9349212646484375,-10.610733032226562,-11.060952186584473,2.9349212646484375,,
,,69999,,,216.1581516265869,,,,,,
,,69999,,21.333694458007812,,,,,,,
44,,69999,,,,2.9279308319091797,-10.529810905456543,-10.957441329956055,2.9279308319091797,,
,,70049,,,230.5765151977539,,,,,,
,,70049,,3.955364227294922,,,,,,,
44,,70049,,,,2.9422807693481445,-10.661572456359863,-11.14690113067627,2.9422807693481445,,
,,70099,,,216.2184715270996,,,,,,
,,70099,,20.868301391601562,,,,,,,
44,,70099,,,,2.9390170574188232,-10.47475814819336,-10.890670776367188,2.9390170574188232,,
,,70149,,,223.18148612976074,,,,,,
,,70149,,3.7953853607177734,,,,,,,
44,,70149,,,,2.9285717010498047,-10.80972671508789,-11.286004066467285,2.9285717010498047,,
,,70199,,,213.8676643371582,,,,,,
,,70199,,20.795106887817383,,,,,,,
44,,70199,,,,2.928802490234375,-10.606433868408203,-11.034876823425293,2.928802490234375,,
,,70249,,,217.19932556152344,,,,,,
,,70249,,3.8361549377441406,,,,,,,
44,,70249,,,,2.9321401119232178,-10.558919906616211,-10.9901704788208,2.9321401119232178,,
,,70299,,,217.92888641357422,,,,,,
,,70299,,23.823976516723633,,,,,,,
44,,70299,,,,2.938810348510742,-10.685163497924805,-11.09953784942627,2.938810348510742,,
44,,70334,,,,,,,,-10.628506660461426,-11.016902923583984
,,70335,381.6389229297638,,,,,,,,
,0.0003,70335,,,,,,,,,
,,70349,,,214.1892910003662,,,,,,
,,70349,,3.7622451782226562,,,,,,,
45,,70349,,,,2.9352078437805176,-10.698087692260742,-11.139872550964355,2.9352078437805176,,
,,70399,,,214.4327163696289,,,,,,
,,70399,,21.070480346679688,,,,,,,
45,,70399,,,,2.940032958984375,-10.366619110107422,-10.797025680541992,2.940032958984375,,
,,70449,,,216.1083221435547,,,,,,
,,70449,,3.6580562591552734,,,,,,,
45,,70449,,,,2.9360735416412354,-10.670351028442383,-11.10538387298584,2.9360735416412354,,
,,70499,,,215.1663303375244,,,,,,
,,70499,,20.88642120361328,,,,,,,
45,,70499,,,,2.9326934814453125,-10.589717864990234,-11.004618644714355,2.9326934814453125,,
,,70549,,,215.1622772216797,,,,,,
,,70549,,3.646373748779297,,,,,,,
45,,70549,,,,2.94254994392395,-10.348114013671875,-10.790637016296387,2.94254994392395,,
,,70599,,,223.3142852783203,,,,,,
,,70599,,22.948503494262695,,,,,,,
45,,70599,,,,2.9358773231506348,-10.438422203063965,-10.864909172058105,2.9358773231506348,,
,,70649,,,215.1343822479248,,,,,,
,,70649,,3.649473190307617,,,,,,,
45,,70649,,,,2.9388680458068848,-10.757242202758789,-11.18535327911377,2.9388680458068848,,
,,70699,,,214.87951278686523,,,,,,
,,70699,,20.867347717285156,,,,,,,
45,,70699,,,,2.9387834072113037,-10.595605850219727,-11.0137300491333,2.9387834072113037,,
,,70749,,,214.66302871704102,,,,,,
,,70749,,3.7109851837158203,,,,,,,
45,,70749,,,,2.927002429962158,-10.644710540771484,-11.068700790405273,2.927002429962158,,
,,70799,,,214.4455909729004,,,,,,
,,70799,,21.014690399169922,,,,,,,
45,,70799,,,,2.9343371391296387,-10.562864303588867,-11.001046180725098,2.9343371391296387,,
,,70849,,,213.37556838989258,,,,,,
,,70849,,3.6826133728027344,,,,,,,
45,,70849,,,,2.927555561065674,-10.659797668457031,-11.080042839050293,2.927555561065674,,
,,70899,,,217.93460845947266,,,,,,
,,70899,,20.917415618896484,,,,,,,
45,,70899,,,,2.9298412799835205,-10.716228485107422,-11.18062973022461,2.9298412799835205,,
,,70949,,,213.7918472290039,,,,,,
,,70949,,3.538370132446289,,,,,,,
45,,70949,,,,2.92984676361084,-10.655021667480469,-11.077262878417969,2.92984676361084,,
,,70999,,,215.4700756072998,,,,,,
,,70999,,20.834684371948242,,,,,,,
45,,70999,,,,2.932335376739502,-10.563774108886719,-10.991300582885742,2.932335376739502,,
,,71049,,,213.93132209777832,,,,,,
,,71049,,3.6880970001220703,,,,,,,
45,,71049,,,,2.9372777938842773,-10.644901275634766,-11.06243896484375,2.9372777938842773,,
,,71099,,,214.43533897399902,,,,,,
,,71099,,21.10433578491211,,,,,,,
45,,71099,,,,2.9345829486846924,-10.820320129394531,-11.253402709960938,2.9345829486846924,,
,,71149,,,224.4255542755127,,,,,,
,,71149,,5.663394927978516,,,,,,,
45,,71149,,,,2.9298765659332275,-10.847527503967285,-11.300271034240723,2.9298765659332275,,
,,71199,,,216.15266799926758,,,,,,
,,71199,,21.015405654907227,,,,,,,
45,,71199,,,,2.9361703395843506,-10.682342529296875,-11.14003849029541,2.9361703395843506,,
,,71249,,,219.97642517089844,,,,,,
,,71249,,3.7648677825927734,,,,,,,
45,,71249,,,,2.9358949661254883,-10.858980178833008,-11.34904956817627,2.9358949661254883,,
,,71299,,,217.77820587158203,,,,,,
,,71299,,24.097681045532227,,,,,,,
45,,71299,,,,2.9368677139282227,-10.761825561523438,-11.169238090515137,2.9368677139282227,,
,,71349,,,221.91309928894043,,,,,,
,,71349,,3.9682388305664062,,,,,,,
45,,71349,,,,2.9350061416625977,-10.895265579223633,-11.343660354614258,2.9350061416625977,,
,,71399,,,223.5422134399414,,,,,,
,,71399,,21.00396156311035,,,,,,,
45,,71399,,,,2.9366276264190674,-10.447699546813965,-10.881030082702637,2.9366276264190674,,
,,71449,,,221.16637229919434,,,,,,
,,71449,,4.063129425048828,,,,,,,
45,,71449,,,,2.9349365234375,-10.949851036071777,-11.378971099853516,2.9349365234375,,
,,71499,,,219.32697296142578,,,,,,
,,71499,,20.939111709594727,,,,,,,
45,,71499,,,,2.935906410217285,-10.53906536102295,-10.978456497192383,2.935906410217285,,
,,71549,,,219.63000297546387,,,,,,
,,71549,,5.86390495300293,,,,,,,
45,,71549,,,,2.938549041748047,-10.63438606262207,-11.107078552246094,2.938549041748047,,
,,71599,,,211.59648895263672,,,,,,
,,71599,,20.459413528442383,,,,,,,
45,,71599,,,,2.93690824508667,-10.67212963104248,-11.12643814086914,2.93690824508667,,
,,71649,,,210.51335334777832,,,,,,
,,71649,,2.7828216552734375,,,,,,,
45,,71649,,,,2.9339394569396973,-10.553858757019043,-11.026124954223633,2.9339394569396973,,
,,71699,,,211.83443069458008,,,,,,
,,71699,,20.335674285888672,,,,,,,
45,,71699,,,,2.9390316009521484,-10.35155963897705,-10.815980911254883,2.9390316009521484,,
,,71749,,,218.2595729827881,,,,,,
,,71749,,2.8138160705566406,,,,,,,
45,,71749,,,,2.9315104484558105,-10.48698616027832,-10.932744026184082,2.9315104484558105,,
,,71799,,,210.02984046936035,,,,,,
,,71799,,20.43318748474121,,,,,,,
45,,71799,,,,2.9378607273101807,-10.608829498291016,-11.036832809448242,2.9378607273101807,,
,,71849,,,209.67888832092285,,,,,,
,,71849,,2.6645660400390625,,,,,,,
45,,71849,,,,2.9412546157836914,-10.535728454589844,-10.953513145446777,2.9412546157836914,,
45,,71897,,,,,,,,-10.629461288452148,-11.019157409667969
,,71898,380.22986936569214,,,,,,,,
,0.0003,71898,,,,,,,,,
,,71899,,,215.79551696777344,,,,,,
,,71899,,24.697303771972656,,,,,,,
46,,71899,,,,2.9353184700012207,-10.931718826293945,-11.38225269317627,2.9353184700012207,,
,,71949,,,212.98909187316895,,,,,,
,,71949,,2.601146697998047,,,,,,,
46,,71949,,,,2.940986156463623,-10.693580627441406,-11.126562118530273,2.940986156463623,,
,,71999,,,210.15286445617676,,,,,,
,,71999,,19.989013671875,,,,,,,
46,,71999,,,,2.938495397567749,-10.394845962524414,-10.826740264892578,2.938495397567749,,
,,72049,,,213.8988971710205,,,,,,
,,72049,,2.6590824127197266,,,,,,,
46,,72049,,,,2.93173885345459,-10.404680252075195,-10.844770431518555,2.93173885345459,,
,,72099,,,214.890718460083,,,,,,
,,72099,,20.282268524169922,,,,,,,
46,,72099,,,,2.936939239501953,-10.554892539978027,-10.982020378112793,2.936939239501953,,
,,72149,,,212.68057823181152,,,,,,
,,72149,,2.5827884674072266,,,,,,,
46,,72149,,,,2.9350547790527344,-10.551492691040039,-10.988259315490723,2.9350547790527344,,
,,72199,,,209.72466468811035,,,,,,
,,72199,,19.780635833740234,,,,,,,
46,,72199,,,,2.937310218811035,-10.457803726196289,-10.901131629943848,2.937310218811035,,
,,72249,,,212.6457691192627,,,,,,
,,72249,,2.6171207427978516,,,,,,,
46,,72249,,,,2.9304797649383545,-10.513242721557617,-10.92947769165039,2.9304797649383545,,
,,72299,,,213.45877647399902,,,,,,
,,72299,,19.67167854309082,,,,,,,
46,,72299,,,,2.9285926818847656,-10.636579513549805,-11.061262130737305,2.9285926818847656,,
,,72349,,,210.24274826049805,,,,,,
,,72349,,3.592967987060547,,,,,,,
46,,72349,,,,2.938802480697632,-10.243309020996094,-10.63671875,2.938802480697632,,
,,72399,,,212.7702236175537,,,,,,
,,72399,,20.404338836669922,,,,,,,
46,,72399,,,,2.936450242996216,-10.4419584274292,-10.862722396850586,2.936450242996216,,
,,72449,,,209.9320888519287,,,,,,
,,72449,,2.6323795318603516,,,,,,,
46,,72449,,,,2.934394359588623,-10.61509895324707,-11.061213493347168,2.934394359588623,,
,,72499,,,210.3583812713623,,,,,,
,,72499,,19.917964935302734,,,,,,,
46,,72499,,,,2.934692859649658,-10.80367660522461,-11.233953475952148,2.934692859649658,,
,,72549,,,215.06619453430176,,,,,,
,,72549,,2.646923065185547,,,,,,,
46,,72549,,,,2.9311625957489014,-10.778144836425781,-11.206904411315918,2.9311625957489014,,
,,72599,,,210.64114570617676,,,,,,
,,72599,,20.512104034423828,,,,,,,
46,,72599,,,,2.926154136657715,-10.727380752563477,-11.151127815246582,2.926154136657715,,
,,72649,,,214.66636657714844,,,,,,
,,72649,,2.6099681854248047,,,,,,,
46,,72649,,,,2.9358630180358887,-10.512879371643066,-10.931654930114746,2.9358630180358887,,
,,72699,,,212.75830268859863,,,,,,
,,72699,,20.102262496948242,,,,,,,
46,,72699,,,,2.933885335922241,-10.740303039550781,-11.175318717956543,2.933885335922241,,
,,72749,,,221.22597694396973,,,,,,
,,72749,,4.128456115722656,,,,,,,
46,,72749,,,,2.9351210594177246,-10.575935363769531,-11.008505821228027,2.9351210594177246,,
,,72799,,,224.2276668548584,,,,,,
,,72799,,23.825645446777344,,,,,,,
46,,72799,,,,2.931936025619507,-10.579391479492188,-11.019091606140137,2.931936025619507,,
,,72849,,,218.11342239379883,,,,,,
,,72849,,3.8754940032958984,,,,,,,
46,,72849,,,,2.9388811588287354,-10.679537773132324,-11.10368824005127,2.9388811588287354,,
,,72899,,,219.20394897460938,,,,,,
,,72899,,20.905017852783203,,,,,,,
46,,72899,,,,2.9353058338165283,-10.692599296569824,-11.09880542755127,2.9353058338165283,,
,,72949,,,215.35444259643555,,,,,,
,,72949,,3.860950469970703,,,,,,,
46,,72949,,,,2.9294254779815674,-10.721692085266113,-11.154746055603027,2.9294254779815674,,
,,72999,,,218.0478572845459,,,,,,
,,72999,,21.279335021972656,,,,,,,
46,,72999,,,,2.936331033706665,-10.762650489807129,-11.170784950256348,2.936331033706665,,
,,73049,,,218.23930740356445,,,,,,
,,73049,,3.9272308349609375,,,,,,,
46,,73049,,,,2.938331127166748,-10.60824203491211,-11.024262428283691,2.938331127166748,,
,,73099,,,218.48750114440918,,,,,,
,,73099,,21.37470245361328,,,,,,,
46,,73099,,,,2.9417922496795654,-10.455337524414062,-10.872981071472168,2.9417922496795654,,
,,73149,,,218.2910442352295,,,,,,
,,73149,,4.06646728515625,,,,,,,
46,,73149,,,,2.9350013732910156,-10.574378967285156,-10.992071151733398,2.9350013732910156,,
,,73199,,,216.9778347015381,,,,,,
,,73199,,21.185636520385742,,,,,,,
46,,73199,,,,2.9390838146209717,-10.471904754638672,-10.918886184692383,2.9390838146209717,,
,,73249,,,216.8257236480713,,,,,,
,,73249,,3.960847854614258,,,,,,,
46,,73249,,,,2.939650297164917,-10.715405464172363,-11.13856029510498,2.939650297164917,,
,,73299,,,217.79465675354004,,,,,,
,,73299,,21.233320236206055,,,,,,,
46,,73299,,,,2.939354181289673,-10.507671356201172,-10.94253921508789,2.939354181289673,,
,,73349,,,220.5946445465088,,,,,,
,,73349,,3.955364227294922,,,,,,,
46,,73349,,,,2.931284189224243,-10.581270217895508,-11.011836051940918,2.931284189224243,,
,,73399,,,218.64891052246094,,,,,,
,,73399,,21.165132522583008,,,,,,,
46,,73399,,,,2.9391517639160156,-10.564353942871094,-11.012093544006348,2.9391517639160156,,
,,73449,,,227.62107849121094,,,,,,
,,73449,,3.9315223693847656,,,,,,,
46,,73449,,,,2.9338250160217285,-10.622061729431152,-11.067768096923828,2.9338250160217285,,
46,,73460,,,,,,,,-10.616812705993652,-11.000362396240234
,,73461,378.5754601955414,,,,,,,,
,0.0003,73461,,,,,,,,,
,,73499,,,217.77677536010742,,,,,,
,,73499,,21.02208137512207,,,,,,,
47,,73499,,,,2.934627056121826,-10.784651756286621,-11.214909553527832,2.934627056121826,,
,,73549,,,217.393159866333,,,,,,
,,73549,,3.815174102783203,,,,,,,
47,,73549,,,,2.9295239448547363,-10.815760612487793,-11.240927696228027,2.9295239448547363,,
,,73599,,,217.6382541656494,,,,,,
,,73599,,20.704269409179688,,,,,,,
47,,73599,,,,2.937182664871216,-10.286508560180664,-10.704923629760742,2.937182664871216,,
,,73649,,,216.40753746032715,,,,,,
,,73649,,3.843069076538086,,,,,,,
47,,73649,,,,2.9416093826293945,-10.79827880859375,-11.246163368225098,2.9416093826293945,,
,,73699,,,223.50215911865234,,,,,,
,,73699,,20.80082893371582,,,,,,,
47,,73699,,,,2.9307310581207275,-10.409215927124023,-10.851335525512695,2.9307310581207275,,
