model,problem,cpu_time_s,cpu_only_time_s,cpu_with_cuda_time_s,gpu_time_s,event_cpu_time_s,event_gpu_time_s,wall_time_s,profiled_steps,total_steps,profile_warmup,event_profiled_steps,device_type,cuda_available,cuda_device_index,cuda_device_name,batch_size,train_data_size,precision
EAM-AM,TSP50,540.0312811500095,540.0312811500095,0.0,0.0,425.1364483499991,417.06956329345707,432.8890736119356,50,2500,5,50,cuda,True,1,NVIDIA GeForce RTX 3090,64,160000,32
EAM-AM,TSP100,1132.6212123500093,1132.6212123500093,0.0,0.0,13082.601013399995,894.6333221435544,805.6402404429391,50,2500,5,50,cuda,True,1,NVIDIA GeForce RTX 3090,64,160000,32
EAM-AM,TSP50,650.230556330072,650.230556330072,0.0,0.0,6696.842450649992,507.12663932800274,1576.0040513619315,500,2500,0,500,cuda,True,0,NVIDIA GeForce RTX 3090,64,160000,32
EAM-AM,TSP100,1052.0213413499373,1052.0213413499373,0.0,0.0,5010.956457440043,828.5552635192869,2958.3857466739137,500,2500,0,500,cuda,True,0,NVIDIA GeForce RTX 3090,64,160000,32
EAM-AM,CVRP50,734.9658063200275,734.9658063200275,0.0,0.0,1996.2728315449203,599.0661126708986,2082.826202997938,500,2500,0,500,cuda,True,0,NVIDIA GeForce RTX 3090,64,160000,32
EAM-AM,CVRP100,1626.575148210151,1626.575148210151,0.0,0.0,7448.896235379798,1376.444172363282,4201.273876812076,500,2500,0,500,cuda,True,0,NVIDIA GeForce RTX 3090,64,160000,32
