epoch,step,train/delta_nll,train/diversity_edge,train/diversity_node,train/ga_cost_gain,train/ga_cost_gain_rel,train/loss,train/max_reward,train/reward,train/t_decode,train/t_diag,train/t_ga,train/t_total_raw,val/max_aug_reward,val/max_reward,val/reward
0,49,,,,,,-5.806493282318115,-11.850536346435547,-15.147720336914062,0.16677212715148926,0.0,0.0,0.26773297786712646,,,
0,99,,,,,,-4.239218711853027,-9.632081031799316,-12.269448280334473,0.18428510427474976,0.0,0.0,0.2847660779953003,,,
0,149,,,,,,-3.595065116882324,-9.184348106384277,-11.507803916931152,0.17188604176044464,0.0,0.0,0.27302101254463196,,,
0,199,,,,,,-3.2333507537841797,-9.194047927856445,-11.236621856689453,0.20690448582172394,0.0,0.0,0.3613932132720947,,,
0,249,,,,,,-2.979518175125122,-8.891563415527344,-10.973401069641113,0.18729133903980255,0.0,0.0,0.2984447479248047,,,
0,299,,,,,,-2.746455430984497,-8.616029739379883,-10.803102493286133,0.2037920355796814,0.0,0.0,0.3102658987045288,,,
0,349,,,,0.8993148803710938,0.0008332465076819062,-2.8618526458740234,-8.927675247192383,-10.768747329711914,0.18999914824962616,0.0,0.0,0.2923780679702759,,,
0,399,,,,-1.1987686157226562,-0.0011165549512952566,-2.3595328330993652,-8.814947128295898,-10.621770858764648,0.1797378957271576,0.0,0.0,0.28054866194725037,,,
0,449,,,,0.22420883178710938,0.00021109763474669307,-1.8368133306503296,-8.699972152709961,-10.541708946228027,0.18077468872070312,0.0,0.0,0.28292015194892883,,,
0,499,,,,-1.766204833984375,-0.0016697569517418742,-2.039872646331787,-8.623083114624023,-10.491011619567871,0.18612343072891235,0.0,0.0,0.28753718733787537,,,
0,549,,,,-1.766204833984375,-0.0016697569517418742,-2.0575790405273438,-8.56751537322998,-10.3804931640625,0.18138784170150757,0.0,0.0,0.29622724652290344,,,
0,599,,,,-1.766204833984375,-0.0016697569517418742,-1.6482436656951904,-8.617813110351562,-10.32122802734375,0.1964065134525299,0.0,0.0,0.3050706088542938,,,
0,649,,,,-1.766204833984375,-0.0016697569517418742,-1.8332765102386475,-8.65041732788086,-10.28268051147461,0.17923353612422943,0.0,0.0,0.2811754047870636,,,
0,699,,,,1.0380744934082031,0.0010064966045320034,-1.731289029121399,-8.503036499023438,-10.230875015258789,0.19300208985805511,0.0,0.0,0.2971091568470001,,,
0,749,,,,1.0380744934082031,0.0010064966045320034,-1.797533392906189,-8.641998291015625,-10.204647064208984,0.16804857552051544,0.0,0.0,0.27609989047050476,,,
0,799,,,,1.0380744934082031,0.0010064966045320034,-1.43014657497406,-8.613570213317871,-10.157957077026367,0.23492714762687683,0.0,0.0,0.34137800335884094,,,
0,849,,,,0.6815910339355469,0.000674371374770999,-1.4388264417648315,-8.304206848144531,-10.109034538269043,0.2198685258626938,0.0,0.0,0.33042019605636597,,,
0,899,,,,0.6815910339355469,0.000674371374770999,-1.6453042030334473,-8.168630599975586,-10.012283325195312,0.2031123787164688,0.0,0.0,0.3048689067363739,,,
0,949,,,,-0.7035255432128906,-0.0006976010045036674,-1.5098791122436523,-8.32293701171875,-10.053852081298828,0.18282201886177063,0.0,0.0,0.28433096408843994,,,
0,999,,,,0.45375823974609375,0.0004546303825918585,-1.32295823097229,-8.289944648742676,-9.925044059753418,0.16600507497787476,0.0,0.0,0.2696591019630432,,,
0,1049,,,,0.45375823974609375,0.0004546303825918585,-1.3810021877288818,-8.262484550476074,-9.929689407348633,0.19743362069129944,0.0,0.0,0.30238476395606995,,,
0,1099,,,,0.45375823974609375,0.0004546303825918585,-1.3508336544036865,-8.308993339538574,-9.927558898925781,0.16401739418506622,0.0,0.0,0.27265849709510803,,,
0,1149,,,,0.45375823974609375,0.0004546303825918585,-1.4298992156982422,-8.031417846679688,-9.88381576538086,0.2048029750585556,0.0,0.0,0.3076784312725067,,,
0,1199,,,,0.45375823974609375,0.0004546303825918585,-1.291132926940918,-8.26914119720459,-9.886899948120117,0.1989830732345581,0.0,0.0,0.3007349669933319,,,
0,1249,,,,-0.43659210205078125,-0.000441979878814891,-1.1468942165374756,-8.370824813842773,-9.860980987548828,0.17242670059204102,0.0,0.0,0.27965372800827026,,,
0,1299,,,,-0.43659210205078125,-0.000441979878814891,-1.22104012966156,-8.382916450500488,-9.907291412353516,0.20627477765083313,0.0,0.0,0.30988481640815735,,,
0,1349,,,,-0.43659210205078125,-0.000441979878814891,-1.2072442770004272,-8.342766761779785,-9.787304878234863,0.20913566648960114,0.0,0.0,0.3117595314979553,,,
0,1399,,,,-0.43659210205078125,-0.000441979878814891,-1.2794948816299438,-8.091291427612305,-9.707594871520996,0.18175166845321655,0.0,0.0,0.28320786356925964,,,
0,1449,-0.06498336791992188,0.9871609210968018,0.49199676513671875,-0.3533363342285156,-0.000361352926120162,-1.4921151399612427,-8.096611976623535,-9.791104316711426,0.18220354616641998,0.0,0.0,0.2826991379261017,,,
0,1499,-0.06498336791992188,0.9871609210968018,0.49199676513671875,-0.3533363342285156,-0.000361352926120162,-1.193891167640686,-8.125314712524414,-9.714428901672363,0.18892303109169006,0.0,0.0,0.2968177795410156,,,
0,1549,-0.06498336791992188,0.9871609210968018,0.49199676513671875,0.5341529846191406,0.000546528201084584,-1.2639573812484741,-8.038252830505371,-9.720647811889648,0.1859079897403717,0.0,0.0,0.2923620641231537,,,
0,1599,-0.06498336791992188,0.9871609210968018,0.49199676513671875,0.5341529846191406,0.000546528201084584,-1.213015079498291,-8.19771957397461,-9.702380180358887,0.20728710293769836,0.0,0.0,0.31268706917762756,,,
0,1649,-0.06498336791992188,0.9871609210968018,0.49199676513671875,0.5341529846191406,0.000546528201084584,-1.8299328088760376,-8.269155502319336,-9.760725021362305,0.19358807802200317,0.0,0.0,0.2951996922492981,,,
0,1699,-0.06498336791992188,0.9871609210968018,0.49199676513671875,1.0540962219238281,0.001088172779418528,-1.1935211420059204,-7.96593713760376,-9.62214469909668,0.15534916520118713,0.0,0.0,0.25516703724861145,,,
0,1749,-0.06498336791992188,0.9871609210968018,0.49199676513671875,-0.006008148193359375,-6.269586265261751e-06,-1.2034764289855957,-7.924037456512451,-9.570618629455566,0.15452072024345398,0.0,0.0,0.2543678879737854,,,
0,1799,-0.06498336791992188,0.9871609210968018,0.49199676513671875,-0.006008148193359375,-6.269586265261751e-06,-1.2730921506881714,-8.068109512329102,-9.617147445678711,0.1522914618253708,0.0,0.0,0.2515648305416107,,,
0,1849,-0.06498336791992188,0.9871609210968018,0.49199676513671875,-0.0896453857421875,-9.350512846140191e-05,-1.308522343635559,-8.100615501403809,-9.617202758789062,0.15411889553070068,0.0,0.0,0.2536475956439972,,,
0,1899,-0.06498336791992188,0.9871609210968018,0.49199676513671875,0.6391525268554688,0.0006710134330205619,-1.2885023355484009,-8.239028930664062,-9.620049476623535,0.15257839858531952,0.0,0.0,0.25684016942977905,,,
0,1949,-0.06498336791992188,0.9871609210968018,0.49199676513671875,-0.04024505615234375,-4.240286216372624e-05,-1.2318341732025146,-7.932139873504639,-9.511702537536621,0.15276794135570526,0.0,0.0,0.252146452665329,,,
0,1999,-0.06498336791992188,0.9871609210968018,0.49199676513671875,-0.04024505615234375,-4.240286216372624e-05,-1.2601070404052734,-8.060539245605469,-9.430859565734863,0.15030421316623688,0.0,0.0,0.25335848331451416,,,
0,2049,-0.06498336791992188,0.9871609210968018,0.49199676513671875,-0.04024505615234375,-4.240286216372624e-05,-1.2908107042312622,-7.853215217590332,-9.495370864868164,0.18769946694374084,0.0,0.0,0.28770479559898376,,,
0,2099,-0.06498336791992188,0.9871609210968018,0.49199676513671875,-0.04024505615234375,-4.240286216372624e-05,-1.7419580221176147,-7.88812255859375,-9.487835884094238,0.15241989493370056,0.0,0.0,0.25130191445350647,,,
0,2149,-0.06498336791992188,0.9871609210968018,0.49199676513671875,-0.04024505615234375,-4.240286216372624e-05,-1.4986459016799927,-7.836226463317871,-9.456522941589355,0.15165090560913086,0.0,0.0,0.25783735513687134,,,
0,2199,-0.06498336791992188,0.9871609210968018,0.49199676513671875,-0.30269622802734375,-0.00031787052284926176,-1.3036969900131226,-7.946835994720459,-9.456158638000488,0.15048255026340485,0.0,0.0,0.2546587586402893,,,
0,2249,-0.06498336791992188,0.9871609210968018,0.49199676513671875,-0.30269622802734375,-0.00031787052284926176,-1.431476354598999,-8.028339385986328,-9.447089195251465,0.15208326280117035,0.0,0.0,0.2516285479068756,,,
0,2299,-0.06498336791992188,0.9871609210968018,0.49199676513671875,-0.30269622802734375,-0.00031787052284926176,-1.2253336906433105,-7.877788543701172,-9.405921936035156,0.1525099277496338,0.0,0.0,0.2515273094177246,,,
0,2349,-0.06498336791992188,0.9871609210968018,0.49199676513671875,-0.30269622802734375,-0.00031787052284926176,-1.272447109222412,-7.69163179397583,-9.364395141601562,0.1514500379562378,0.0,0.0,0.25683340430259705,,,
0,2399,0.10075569152832031,0.9868690967559814,0.49191173911094666,-0.5883216857910156,-0.0006280219531618059,-1.8475301265716553,-7.953800678253174,-9.36989974975586,0.15031962096691132,0.0,0.0,0.24889230728149414,,,
0,2449,0.10075569152832031,0.9868690967559814,0.49191173911094666,-0.5883216857910156,-0.0006280219531618059,-1.5523748397827148,-8.032867431640625,-9.356318473815918,0.15167339146137238,0.0,0.0,0.25518783926963806,,,
0,2499,0.10075569152832031,0.9868690967559814,0.49191173911094666,-0.5883216857910156,-0.0006280219531618059,-1.4162060022354126,-8.001888275146484,-9.305760383605957,0.15002264082431793,0.0,0.0,0.24739918112754822,,,
0,2499,,,,,,,,,,,,,-8.281424522399902,-8.498269081115723,-9.074803352355957
1,2549,,,,,,-1.2682335376739502,-8.106812477111816,-9.34609317779541,0.150834321975708,0.0,0.0,0.24970324337482452,,,
1,2599,,,,,,-1.2479684352874756,-7.890654563903809,-9.292241096496582,0.15327821671962738,0.0,0.0,0.25262653827667236,,,
1,2649,,,,,,-1.1899456977844238,-7.889400482177734,-9.298208236694336,0.15095561742782593,0.0,0.0,0.2525561451911926,,,
1,2699,,,,,,-1.1359155178070068,-7.910138130187988,-9.282523155212402,0.15229244530200958,0.0,0.0,0.2510741055011749,,,
1,2749,,,,-0.062274932861328125,-6.686658889520913e-05,-1.1596508026123047,-7.7250494956970215,-9.316471099853516,0.1517133116722107,0.0,0.0,0.2501990795135498,,,
1,2799,,,,1.1008262634277344,0.0011803621891885996,-1.2200167179107666,-7.985520839691162,-9.3085298538208,0.15192976593971252,0.0,0.0,0.25531205534935,,,
1,2849,,,,0.012493133544921875,1.3417776244750712e-05,-1.1981724500656128,-8.020856857299805,-9.199627876281738,0.15202459692955017,0.0,0.0,0.25055041909217834,,,
1,2899,,,,0.012493133544921875,1.3417776244750712e-05,-1.0966545343399048,-7.808747291564941,-9.231711387634277,0.15257452428340912,0.0,0.0,0.25102657079696655,,,
1,2949,,,,0.012493133544921875,1.3417776244750712e-05,-1.1187888383865356,-7.900450706481934,-9.286444664001465,0.1523555964231491,0.0,0.0,0.2513205111026764,,,
1,2999,,,,-0.3046989440917969,-0.0003301729739177972,-0.9873666763305664,-7.917133331298828,-9.244364738464355,0.15223583579063416,0.0,0.0,0.251264750957489,,,
1,3049,,,,-0.3046989440917969,-0.0003301729739177972,-1.2082897424697876,-8.081218719482422,-9.266899108886719,0.15356700122356415,0.0,0.0,0.25264477729797363,,,
1,3099,,,,-0.3046989440917969,-0.0003301729739177972,-1.4644218683242798,-7.804777145385742,-9.246705055236816,0.15282589197158813,0.0,0.0,0.25175046920776367,,,
1,3149,,,,-0.3046989440917969,-0.0003301729739177972,-1.0292484760284424,-7.794100284576416,-9.171117782592773,0.15237227082252502,0.0,0.0,0.25685131549835205,,,
1,3199,,,,-0.11568069458007812,-0.0001261067809537053,-1.1327431201934814,-7.890561103820801,-9.236604690551758,0.15503767132759094,0.0,0.0,0.25428223609924316,,,
1,3249,,,,-0.11568069458007812,-0.0001261067809537053,-1.0741121768951416,-7.751947402954102,-9.214173316955566,0.1526051163673401,0.0,0.0,0.25760602951049805,,,
1,3299,,,,-0.11568069458007812,-0.0001261067809537053,-1.1865586042404175,-7.981099605560303,-9.247790336608887,0.15186525881290436,0.0,0.0,0.255146861076355,,,
1,3349,,,,-0.22563934326171875,-0.00024541994207538664,-1.165886640548706,-7.745932579040527,-9.235637664794922,0.15279941260814667,0.0,0.0,0.25122347474098206,,,
1,3399,,,,-0.22563934326171875,-0.00024541994207538664,-1.2703522443771362,-7.625079154968262,-9.157114028930664,0.15230955183506012,0.0,0.0,0.2511151134967804,,,
1,3449,,,,-0.22563934326171875,-0.00024541994207538664,-1.1938996315002441,-7.7783894538879395,-9.155863761901855,0.15239210426807404,0.0,0.0,0.25139936804771423,,,
1,3499,-0.021402359008789062,0.9868934750556946,0.49298033118247986,0.452423095703125,0.0004923103842884302,-0.987105667591095,-7.857198238372803,-9.132699966430664,0.1490611433982849,0.0,0.0,0.24792295694351196,,,
1,3549,-0.021402359008789062,0.9868934750556946,0.49298033118247986,0.452423095703125,0.0004923103842884302,-1.1069213151931763,-7.812224864959717,-9.221593856811523,0.14920000731945038,0.0,0.0,0.25248005986213684,,,
1,3599,-0.021402359008789062,0.9868934750556946,0.49298033118247986,0.18463134765625,0.00020057066285517067,-1.6481270790100098,-7.644690036773682,-9.20663833618164,0.14968085289001465,0.0,0.0,0.24794915318489075,,,
1,3649,-0.021402359008789062,0.9868934750556946,0.49298033118247986,-0.8319854736328125,-0.0009147404925897717,-0.8648595809936523,-7.801295280456543,-9.10306167602539,0.1534828543663025,0.0,0.0,0.25210168957710266,,,
1,3699,-0.021402359008789062,0.9868934750556946,0.49298033118247986,-0.8319854736328125,-0.0009147404925897717,-0.9727396965026855,-7.701827049255371,-9.125864028930664,0.15167634189128876,0.0,0.0,0.25331929326057434,,,
1,3749,-0.021402359008789062,0.9868934750556946,0.49298033118247986,0.5492210388183594,0.0006025268812663853,-1.0792994499206543,-7.858023166656494,-9.167141914367676,0.15274156630039215,0.0,0.0,0.25216200947761536,,,
1,3799,-0.021402359008789062,0.9868934750556946,0.49298033118247986,0.5492210388183594,0.0006025268812663853,-1.303330659866333,-8.01681137084961,-9.207244873046875,0.1513383686542511,0.0,0.0,0.2497364580631256,,,
1,3849,-0.021402359008789062,0.9868934750556946,0.49298033118247986,0.5492210388183594,0.0006025268812663853,-1.1572153568267822,-7.779013633728027,-9.105743408203125,0.1558365672826767,0.0,0.0,0.2583862841129303,,,
1,3899,-0.021402359008789062,0.9868934750556946,0.49298033118247986,0.5492210388183594,0.0006025268812663853,-0.8829470872879028,-7.724419116973877,-9.042129516601562,0.15431419014930725,0.0,0.0,0.2535209655761719,,,
1,3949,-0.021402359008789062,0.9868934750556946,0.49298033118247986,0.5492210388183594,0.0006025268812663853,-1.1222753524780273,-7.679669380187988,-9.124859809875488,0.15661165118217468,0.0,0.0,0.2560370862483978,,,
1,3999,-0.021402359008789062,0.9868934750556946,0.49298033118247986,0.5492210388183594,0.0006025268812663853,-0.8582955598831177,-7.806368827819824,-9.089211463928223,0.154086634516716,0.0,0.0,0.25308361649513245,,,
1,4049,-0.021402359008789062,0.9868934750556946,0.49298033118247986,0.5492210388183594,0.0006025268812663853,-1.377288579940796,-7.706456661224365,-9.028986930847168,0.18648497760295868,0.0,0.0,0.290702760219574,,,
1,4099,-0.021402359008789062,0.9868934750556946,0.49298033118247986,0.5492210388183594,0.0006025268812663853,-1.3972320556640625,-7.906026363372803,-9.107586860656738,0.18672844767570496,0.0,0.0,0.2861301004886627,,,
1,4149,-0.021402359008789062,0.9868934750556946,0.49298033118247986,0.5492210388183594,0.0006025268812663853,-1.1537591218948364,-7.738039970397949,-9.093929290771484,0.18662938475608826,0.0,0.0,0.28597626090049744,,,
1,4199,-0.021402359008789062,0.9868934750556946,0.49298033118247986,-0.6963729858398438,-0.0007676633540540934,-0.9980076551437378,-7.773930072784424,-9.042433738708496,0.18680503964424133,0.0,0.0,0.2860771417617798,,,
1,4249,-0.021402359008789062,0.9868934750556946,0.49298033118247986,-0.6963729858398438,-0.0007676633540540934,-0.9333149790763855,-7.831521987915039,-9.032325744628906,0.18809504806995392,0.0,0.0,0.28777390718460083,,,
1,4299,-0.021402359008789062,0.9868934750556946,0.49298033118247986,-0.6963729858398438,-0.0007676633540540934,-1.0314593315124512,-7.770071029663086,-9.067794799804688,0.18527790904045105,0.0,0.0,0.2876688241958618,,,
1,4349,-0.021402359008789062,0.9868934750556946,0.49298033118247986,-0.04978179931640625,-5.5015152611304075e-05,-1.2490832805633545,-7.785545349121094,-9.080330848693848,0.1518292874097824,0.0,0.0,0.2504291236400604,,,
1,4399,-0.021402359008789062,0.9868934750556946,0.49298033118247986,0.11119842529296875,0.00012257075286470354,-1.3813862800598145,-7.839446067810059,-8.993335723876953,0.1517723947763443,0.0,0.0,0.25026431679725647,,,
1,4449,-0.021402359008789062,0.9868934750556946,0.49298033118247986,0.11119842529296875,0.00012257075286470354,-0.9101832509040833,-7.739571571350098,-9.051650047302246,0.15371018648147583,0.0,0.0,0.2605772316455841,,,
1,4499,-0.021402359008789062,0.9868934750556946,0.49298033118247986,0.11119842529296875,0.00012257075286470354,-1.050694227218628,-7.691891193389893,-9.056568145751953,0.15381337702274323,0.0,0.0,0.25320327281951904,,,
1,4549,-0.021402359008789062,0.9868934750556946,0.49298033118247986,0.11119842529296875,0.00012257075286470354,-0.8875293731689453,-7.8682756423950195,-9.044445991516113,0.15348288416862488,0.0,0.0,0.25243180990219116,,,
1,4599,-0.021402359008789062,0.9868934750556946,0.49298033118247986,0.11119842529296875,0.00012257075286470354,-0.9588011503219604,-7.851207256317139,-9.042817115783691,0.15323443710803986,0.0,0.0,0.25221994519233704,,,
1,4649,-0.021402359008789062,0.9868934750556946,0.49298033118247986,0.11119842529296875,0.00012257075286470354,-1.0108824968338013,-7.870774745941162,-9.068614959716797,0.15112754702568054,0.0,0.0,0.24999220669269562,,,
1,4699,-0.021402359008789062,0.9868934750556946,0.49298033118247986,0.11119842529296875,0.00012257075286470354,-0.9784939885139465,-7.529288291931152,-8.988125801086426,0.15042191743850708,0.0,0.0,0.24931015074253082,,,
1,4749,-0.021402359008789062,0.9868934750556946,0.49298033118247986,-0.5342483520507812,-0.0005917837843298912,-1.1225260496139526,-7.716738700866699,-9.005454063415527,0.15237629413604736,0.0,0.0,0.2515685260295868,,,
1,4799,-0.021402359008789062,0.9868934750556946,0.49298033118247986,0.25272369384765625,0.00028251533512957394,-1.0833779573440552,-7.746464729309082,-9.007840156555176,0.15104137361049652,0.0,0.0,0.24970489740371704,,,
1,4849,-0.021402359008789062,0.9868934750556946,0.49298033118247986,0.25272369384765625,0.00028251533512957394,-1.0944486856460571,-7.753869533538818,-9.046001434326172,0.15175892412662506,0.0,0.0,0.25028109550476074,,,
1,4899,-0.021402359008789062,0.9868934750556946,0.49298033118247986,0.25272369384765625,0.00028251533512957394,-0.9337624907493591,-7.799108505249023,-8.98558235168457,0.1523708552122116,0.0,0.0,0.25587669014930725,,,
1,4949,-0.021678924560546875,0.9869076013565063,0.49208393692970276,0.7543563842773438,0.0008405425469391048,-1.251526951789856,-7.742183685302734,-9.017622947692871,0.1532200574874878,0.0,0.0,0.25232595205307007,,,
1,4999,-0.021678924560546875,0.9869076013565063,0.49208393692970276,-0.275421142578125,-0.0003078862791880965,-0.9864477515220642,-7.617044448852539,-8.999505043029785,0.15271613001823425,0.0,0.0,0.25086677074432373,,,
1,4999,,,,,,,,,,,,,-8.107726097106934,-8.286890029907227,-8.797934532165527
2,5049,,,,,,-1.1189451217651367,-7.782950401306152,-8.927078247070312,0.15150943398475647,0.0,0.0,0.2501247823238373,,,
2,5099,,,,,,-0.9782845973968506,-7.882327079772949,-9.042093276977539,0.1505833864212036,0.0,0.0,0.24910447001457214,,,
2,5149,,,,-0.5794525146484375,-0.000645244203042239,-0.9142855405807495,-7.703303337097168,-9.029712677001953,0.15034180879592896,0.0,0.0,0.24920149147510529,,,
2,5199,,,,0.07505416870117188,8.3791499491781e-05,-0.9495484828948975,-7.909418106079102,-8.984030723571777,0.15058742463588715,0.0,0.0,0.24953478574752808,,,
2,5249,,,,0.07505416870117188,8.3791499491781e-05,-1.0688502788543701,-7.6941938400268555,-8.90943431854248,0.15086275339126587,0.0,0.0,0.24986864626407623,,,
2,5299,,,,0.6502151489257812,0.0007235171506181359,-1.0580297708511353,-7.717402935028076,-8.926438331604004,0.1525035947561264,0.0,0.0,0.2514968812465668,,,
2,5349,,,,-0.131988525390625,-0.0001473839656682685,-0.8571998476982117,-7.71199893951416,-8.961817741394043,0.1513853669166565,0.0,0.0,0.25050076842308044,,,
2,5399,,,,0.051021575927734375,5.755063102697022e-05,-0.8965520262718201,-7.715154647827148,-8.93320083618164,0.15133698284626007,0.0,0.0,0.2549881935119629,,,
2,5449,0.0070667266845703125,0.9867252111434937,0.4928668141365051,0.08029937744140625,8.981218707049266e-05,-0.8177885413169861,-7.728145599365234,-8.977355003356934,0.15309953689575195,0.0,0.0,0.2591617703437805,,,
2,5499,0.0070667266845703125,0.9867252111434937,0.4928668141365051,-0.19397735595703125,-0.00021493960230145603,-0.8214415311813354,-7.773838996887207,-8.95697021484375,0.15322929620742798,0.0,0.0,0.2509952783584595,,,
2,5549,0.0070667266845703125,0.9867252111434937,0.4928668141365051,-0.4433631896972656,-0.0004984177649021149,-0.9753678441047668,-7.616977691650391,-9.013136863708496,0.15200531482696533,0.0,0.0,0.24989674985408783,,,
2,5599,0.0070667266845703125,0.9867252111434937,0.4928668141365051,0.2966880798339844,0.0003290818422101438,-0.9106743931770325,-7.701237678527832,-8.903600692749023,0.15199938416481018,0.0,0.0,0.24990560114383698,,,
2,5649,0.0070667266845703125,0.9867252111434937,0.4928668141365051,0.2966880798339844,0.0003290818422101438,-0.8645750284194946,-7.777834892272949,-8.958438873291016,0.15229298174381256,0.0,0.0,0.25017452239990234,,,
2,5699,0.0070667266845703125,0.9867252111434937,0.4928668141365051,0.2966880798339844,0.0003290818422101438,-0.9146342277526855,-7.765903472900391,-8.957564353942871,0.15491600334644318,0.0,0.0,0.25400814414024353,,,
2,5749,0.0070667266845703125,0.9867252111434937,0.4928668141365051,-0.18463134765625,-0.00020626277546398342,-1.1445587873458862,-7.790159225463867,-8.963335037231445,0.15130017697811127,0.0,0.0,0.25016874074935913,,,
2,5799,0.0070667266845703125,0.9867252111434937,0.4928668141365051,-0.18463134765625,-0.00020626277546398342,-0.960120677947998,-7.464780330657959,-8.899084091186523,0.15218688547611237,0.0,0.0,0.25119906663894653,,,
2,5849,0.0070667266845703125,0.9867252111434937,0.4928668141365051,-0.18463134765625,-0.00020626277546398342,-0.9271335601806641,-7.731584548950195,-8.92619800567627,0.15221017599105835,0.0,0.0,0.2510504722595215,,,
2,5899,0.0070667266845703125,0.9867252111434937,0.4928668141365051,-0.18463134765625,-0.00020626277546398342,-0.8891981244087219,-7.698182582855225,-8.897183418273926,0.14961589872837067,0.0,0.0,0.24877111613750458,,,
2,5949,0.0070667266845703125,0.9867252111434937,0.4928668141365051,-0.318145751953125,-0.0003586758684832603,-1.089216947555542,-7.716088771820068,-8.893643379211426,0.14972998201847076,0.0,0.0,0.24881434440612793,,,
2,5999,0.0070667266845703125,0.9867252111434937,0.4928668141365051,0.3321647644042969,0.00037133321166038513,-0.827917754650116,-7.563933372497559,-8.926192283630371,0.14962886273860931,0.0,0.0,0.24873870611190796,,,
2,6049,0.0070667266845703125,0.9867252111434937,0.4928668141365051,0.3321647644042969,0.00037133321166038513,-0.9583229422569275,-7.704948425292969,-8.873113632202148,0.14992278814315796,0.0,0.0,0.24847540259361267,,,
2,6099,0.0070667266845703125,0.9867252111434937,0.4928668141365051,-0.30994415283203125,-0.00034702697303146124,-1.123293161392212,-7.473611831665039,-8.980340003967285,0.14948715269565582,0.0,0.0,0.2546412944793701,,,
2,6149,-0.08165740966796875,0.9866015911102295,0.4936662018299103,-0.197601318359375,-0.00022296856332104653,-0.9774287343025208,-7.689357757568359,-8.891169548034668,0.1497935801744461,0.0,0.0,0.2515198290348053,,,
2,6199,-0.08165740966796875,0.9866015911102295,0.4936662018299103,0.19273757934570312,0.0002161222364520654,-0.8249421715736389,-7.555960178375244,-8.880866050720215,0.14944998919963837,0.0,0.0,0.2546284794807434,,,
2,6249,-0.08165740966796875,0.9866015911102295,0.4936662018299103,0.19273757934570312,0.0002161222364520654,-1.0809831619262695,-7.425755500793457,-8.950984954833984,0.14949731528759003,0.0,0.0,0.24774563312530518,,,
2,6299,-0.08165740966796875,0.9866015911102295,0.4936662018299103,0.157928466796875,0.00017672711692284793,-1.0515393018722534,-7.537430763244629,-8.873274803161621,0.15252110362052917,0.0,0.0,0.2514800429344177,,,
2,6349,-0.08165740966796875,0.9866015911102295,0.4936662018299103,-0.000858306884765625,-9.63889988270239e-07,-0.824569046497345,-7.570148468017578,-8.873156547546387,0.1529451161623001,0.0,0.0,0.2543216943740845,,,
2,6399,-0.08165740966796875,0.9866015911102295,0.4936662018299103,-0.000858306884765625,-9.63889988270239e-07,-1.0751420259475708,-7.576148986816406,-8.939230918884277,0.15132147073745728,0.0,0.0,0.25487977266311646,,,
2,6449,-0.08165740966796875,0.9866015911102295,0.4936662018299103,-0.000858306884765625,-9.63889988270239e-07,-0.9858649969100952,-7.719644546508789,-8.913328170776367,0.15356659889221191,0.0,0.0,0.2524886131286621,,,
2,6499,-0.08165740966796875,0.9866015911102295,0.4936662018299103,-0.000858306884765625,-9.63889988270239e-07,-1.0136747360229492,-7.783749580383301,-8.92901611328125,0.15293438732624054,0.0,0.0,0.2518882751464844,,,
2,6549,-0.08165740966796875,0.9866015911102295,0.4936662018299103,0.16908645629882812,0.0001909486309159547,-0.8468890190124512,-7.927757740020752,-8.918783187866211,0.15238404273986816,0.0,0.0,0.25112783908843994,,,
2,6599,-0.08165740966796875,0.9866015911102295,0.4936662018299103,0.16908645629882812,0.0001909486309159547,-0.864115297794342,-7.72667121887207,-8.887543678283691,0.1580985188484192,0.0,0.0,0.25726768374443054,,,
2,6649,-0.08165740966796875,0.9866015911102295,0.4936662018299103,0.16908645629882812,0.0001909486309159547,-0.9898679852485657,-7.5827860832214355,-8.898195266723633,0.15162944793701172,0.0,0.0,0.25002342462539673,,,
2,6699,-0.08165740966796875,0.9866015911102295,0.4936662018299103,-0.4940986633300781,-0.0005532039212994277,-0.9055060148239136,-7.734178066253662,-8.902386665344238,0.14934846758842468,0.0,0.0,0.2530166506767273,,,
2,6749,-0.08165740966796875,0.9866015911102295,0.4936662018299103,-0.40645599365234375,-0.00045602189493365586,-0.9036757946014404,-7.728609085083008,-8.853320121765137,0.15038782358169556,0.0,0.0,0.2569972574710846,,,
2,6799,-0.08165740966796875,0.9866015911102295,0.4936662018299103,0.15668869018554688,0.00017673461115919054,-0.9089427590370178,-7.6592817306518555,-8.848328590393066,0.15192362666130066,0.0,0.0,0.250803679227829,,,
2,6849,0.09483718872070312,0.9868194460868835,0.4922732710838318,-0.026607513427734375,-3.0019442419870757e-05,-0.8972885012626648,-7.5504021644592285,-8.899304389953613,0.15206071734428406,0.0,0.0,0.2574002146720886,,,
2,6899,0.09483718872070312,0.9868194460868835,0.4922732710838318,0.46291351318359375,0.0005255646537989378,-0.966162919998169,-7.598540306091309,-8.800488471984863,0.18679387867450714,0.0,0.0,0.2850838005542755,,,
2,6949,0.09483718872070312,0.9868194460868835,0.4922732710838318,0.46291351318359375,0.0005255646537989378,-0.934697687625885,-7.511222839355469,-8.869132041931152,0.152443066239357,0.0,0.0,0.25087058544158936,,,
2,6999,0.09483718872070312,0.9868194460868835,0.4922732710838318,0.46291351318359375,0.0005255646537989378,-0.800557017326355,-7.760719299316406,-8.866223335266113,0.15346680581569672,0.0,0.0,0.25181350111961365,,,
2,7049,0.09483718872070312,0.9868194460868835,0.4922732710838318,0.46291351318359375,0.0005255646537989378,-0.8611580729484558,-7.254098415374756,-8.869726181030273,0.1510465145111084,0.0,0.0,0.24945808947086334,,,
2,7099,0.09483718872070312,0.9868194460868835,0.4922732710838318,0.46291351318359375,0.0005255646537989378,-0.8554666042327881,-7.592668056488037,-8.852823257446289,0.1513296216726303,0.0,0.0,0.2498466521501541,,,
2,7149,0.09483718872070312,0.9868194460868835,0.4922732710838318,0.46291351318359375,0.0005255646537989378,-0.9250019788742065,-7.755456447601318,-8.864179611206055,0.1509392112493515,0.0,0.0,0.2494148164987564,,,
2,7199,0.09483718872070312,0.9868194460868835,0.4922732710838318,-0.5248069763183594,-0.0005926185986027122,-0.9577049612998962,-7.5994415283203125,-8.845288276672363,0.14948026835918427,0.0,0.0,0.25422629714012146,,,
2,7249,0.09483718872070312,0.9868194460868835,0.4922732710838318,-0.5248069763183594,-0.0005926185986027122,-0.8860468864440918,-7.655081748962402,-8.88112735748291,0.15002396702766418,0.0,0.0,0.24885092675685883,,,
2,7299,0.09483718872070312,0.9868194460868835,0.4922732710838318,-0.5248069763183594,-0.0005926185986027122,-0.8125307559967041,-7.766274452209473,-8.8253173828125,0.1498393565416336,0.0,0.0,0.24862779676914215,,,
2,7349,0.09483718872070312,0.9868194460868835,0.4922732710838318,-0.5248069763183594,-0.0005926185986027122,-0.8553699851036072,-7.769985198974609,-8.884932518005371,0.15011541545391083,0.0,0.0,0.2492876946926117,,,
2,7399,0.09483718872070312,0.9868194460868835,0.4922732710838318,-0.5248069763183594,-0.0005926185986027122,-0.7926709055900574,-7.604241371154785,-8.81464672088623,0.1538631170988083,0.0,0.0,0.25288790464401245,,,
2,7449,0.09483718872070312,0.9868194460868835,0.4922732710838318,-0.5248069763183594,-0.0005926185986027122,-0.8117915391921997,-7.547209739685059,-8.826173782348633,0.149997740983963,0.0,0.0,0.2520381510257721,,,
2,7499,0.09483718872070312,0.9868194460868835,0.4922732710838318,-0.5248069763183594,-0.0005926185986027122,-0.771469235420227,-7.758462429046631,-8.918068885803223,0.15015877783298492,0.0,0.0,0.24901416897773743,,,
2,7499,,,,,,,,,,,,,-8.052624702453613,-8.21703815460205,-8.696002960205078
3,7549,,,,-0.5067825317382812,-0.0005718053434975445,-0.8212263584136963,-7.755693435668945,-8.895069122314453,0.15056641399860382,0.0,0.0,0.24970470368862152,,,
3,7599,,,,-0.5067825317382812,-0.0005718053434975445,-0.8226817846298218,-7.700983047485352,-8.847817420959473,0.1511135697364807,0.0,0.0,0.25026851892471313,,,
3,7649,,,,-0.5067825317382812,-0.0005718053434975445,-0.8930273056030273,-7.525869369506836,-8.835210800170898,0.18636584281921387,0.0,0.0,0.28600814938545227,,,
3,7699,,,,-0.07944107055664062,-8.954409713624045e-05,-0.961144745349884,-7.696303367614746,-8.850472450256348,0.18750551342964172,0.0,0.0,0.2874338626861572,,,
3,7749,,,,-0.07944107055664062,-8.954409713624045e-05,-0.9376845955848694,-7.568352699279785,-8.804157257080078,0.18789257109165192,0.0,0.0,0.2918080687522888,,,
3,7799,,,,-0.07944107055664062,-8.954409713624045e-05,-0.835507869720459,-7.354103088378906,-8.816972732543945,0.1512882262468338,0.0,0.0,0.25021106004714966,,,
3,7849,,,,-0.07944107055664062,-8.954409713624045e-05,-1.1134475469589233,-7.542059898376465,-8.81067943572998,0.1509835422039032,0.0,0.0,0.24942761659622192,,,
3,7899,,,,-0.07944107055664062,-8.954409713624045e-05,-0.8101863861083984,-7.734675407409668,-8.851310729980469,0.15042749047279358,0.0,0.0,0.24889928102493286,,,
3,7949,,,,-0.07944107055664062,-8.954409713624045e-05,-0.7745646238327026,-7.5682830810546875,-8.807077407836914,0.1499444544315338,0.0,0.0,0.24828997254371643,,,
3,7999,,,,-0.07944107055664062,-8.954409713624045e-05,-0.763373076915741,-7.421250343322754,-8.83173656463623,0.14984871447086334,0.0,0.0,0.25357586145401,,,
3,8049,,,,-0.07944107055664062,-8.954409713624045e-05,-0.8857092261314392,-7.695433616638184,-8.844326972961426,0.14989082515239716,0.0,0.0,0.24873748421669006,,,
3,8099,,,,-0.20132064819335938,-0.00022744490706827492,-0.8064988255500793,-7.477690696716309,-8.784714698791504,0.1509077399969101,0.0,0.0,0.24969136714935303,,,
3,8149,,,,-0.20132064819335938,-0.00022744490706827492,-0.8937034606933594,-7.687527656555176,-8.819900512695312,0.15023845434188843,0.0,0.0,0.24916452169418335,,,
3,8199,,,,0.5717277526855469,0.0006458444404415786,-0.8246920704841614,-7.48989200592041,-8.782158851623535,0.1550985425710678,0.0,0.0,0.25450408458709717,,,
3,8249,,,,0.014781951904296875,1.6832877008710057e-05,-0.9200350642204285,-7.534650802612305,-8.778725624084473,0.1545584350824356,0.0,0.0,0.25373896956443787,,,
3,8299,,,,-0.12302398681640625,-0.0001395309518557042,-0.7589493989944458,-7.607605934143066,-8.816967964172363,0.30854639410972595,0.0,0.0,0.5095125436782837,,,
3,8349,,,,-0.12302398681640625,-0.0001395309518557042,-0.8287301659584045,-7.784356117248535,-8.857376098632812,0.15189476311206818,0.0,0.0,0.25626325607299805,,,
3,8399,,,,-0.12302398681640625,-0.0001395309518557042,-0.793016254901886,-7.7137837409973145,-8.816959381103516,0.15048931539058685,0.0,0.0,0.24878740310668945,,,
3,8449,,,,-0.12302398681640625,-0.0001395309518557042,-0.843431293964386,-7.559242248535156,-8.785130500793457,0.14902453124523163,0.0,0.0,0.2471846044063568,,,
3,8499,,,,-0.12302398681640625,-0.0001395309518557042,-0.8560349941253662,-7.800080299377441,-8.793448448181152,0.14986923336982727,0.0,0.0,0.24831543862819672,,,
3,8549,,,,-0.12302398681640625,-0.0001395309518557042,-0.698773205280304,-7.618930816650391,-8.80255126953125,0.15126261115074158,0.0,0.0,0.2502393126487732,,,
3,8599,-0.07350349426269531,0.9866222739219666,0.49312716722488403,0.6732940673828125,0.000756715249735862,-0.7312873601913452,-7.3631463050842285,-8.768651008605957,0.15075087547302246,0.0,0.0,0.24924281239509583,,,
3,8649,-0.07350349426269531,0.9866222739219666,0.49312716722488403,0.6732940673828125,0.000756715249735862,-0.8702777624130249,-7.561305046081543,-8.831923484802246,0.1510375291109085,0.0,0.0,0.24903550744056702,,,
3,8699,-0.07350349426269531,0.9866222739219666,0.49312716722488403,-0.46863555908203125,-0.0005350831197574735,-0.8523833751678467,-7.697432041168213,-8.75705623626709,0.15126827359199524,0.0,0.0,0.2506280243396759,,,
3,8749,-0.07350349426269531,0.9866222739219666,0.49312716722488403,-0.5212783813476562,-0.0005906328442506492,-0.7068383097648621,-7.617633819580078,-8.804443359375,0.15123556554317474,0.0,0.0,0.249654158949852,,,
3,8799,-0.07350349426269531,0.9866222739219666,0.49312716722488403,-0.5212783813476562,-0.0005906328442506492,-0.8626282811164856,-7.378617286682129,-8.779726028442383,0.21013309061527252,0.0,0.0,0.3101263642311096,,,
3,8849,-0.07350349426269531,0.9866222739219666,0.49312716722488403,-0.13427734375,-0.00015331455506384373,-0.689264178276062,-7.635278701782227,-8.755847930908203,0.15320461988449097,0.0,0.0,0.2522888779640198,,,
3,8899,-0.07350349426269531,0.9866222739219666,0.49312716722488403,-0.13427734375,-0.00015331455506384373,-1.0854116678237915,-7.606093406677246,-8.804678916931152,0.1525353193283081,0.0,0.0,0.2510557472705841,,,
3,8949,-0.07350349426269531,0.9866222739219666,0.49312716722488403,-0.13427734375,-0.00015331455506384373,-0.6932694911956787,-7.5349321365356445,-8.738682746887207,0.15245911478996277,0.0,0.0,0.256635844707489,,,
3,8999,-0.07350349426269531,0.9866222739219666,0.49312716722488403,0.3478050231933594,0.00039204995846375823,-1.0512367486953735,-7.592796802520752,-8.802940368652344,0.15197652578353882,0.0,0.0,0.2504212260246277,,,
3,9049,-0.07350349426269531,0.9866222739219666,0.49312716722488403,0.3478050231933594,0.00039204995846375823,-0.8279917240142822,-7.489609718322754,-8.762134552001953,0.15104098618030548,0.0,0.0,0.2565096318721771,,,
3,9099,-0.07350349426269531,0.9866222739219666,0.49312716722488403,0.005340576171875,6.0684437812597025e-06,-0.7408534288406372,-7.418394565582275,-8.734598159790039,0.15339042246341705,0.0,0.0,0.2524641752243042,,,
3,9149,-0.07350349426269531,0.9866222739219666,0.49312716722488403,0.005340576171875,6.0684437812597025e-06,-0.836297869682312,-7.729718208312988,-8.815325736999512,0.15188908576965332,0.0,0.0,0.251065731048584,,,
3,9199,-0.07350349426269531,0.9866222739219666,0.49312716722488403,0.005340576171875,6.0684437812597025e-06,-0.8336521983146667,-7.474982738494873,-8.812304496765137,0.15071643888950348,0.0,0.0,0.24970369040966034,,,
3,9249,-0.07350349426269531,0.9866222739219666,0.49312716722488403,0.10099411010742188,0.00011483462731121108,-0.8552111387252808,-7.580617904663086,-8.770190238952637,0.15071013569831848,0.0,0.0,0.25517013669013977,,,
3,9299,-0.07350349426269531,0.9866222739219666,0.49312716722488403,-0.3466606140136719,-0.00039515274693258107,-0.8406169414520264,-7.447070121765137,-8.845657348632812,0.15055890381336212,0.0,0.0,0.2498978078365326,,,
3,9349,0.025173187255859375,0.9866636991500854,0.4930790662765503,-0.6200790405273438,-0.0007043636287562549,-0.7730436325073242,-7.635853290557861,-8.78272533416748,0.1515994518995285,0.0,0.0,0.2535451054573059,,,
3,9399,0.025173187255859375,0.9866636991500854,0.4930790662765503,-0.15134811401367188,-0.00017201824812218547,-0.7952929735183716,-7.600693225860596,-8.754440307617188,0.15137805044651031,0.0,0.0,0.2537367343902588,,,
3,9449,0.025173187255859375,0.9866636991500854,0.4930790662765503,-0.15134811401367188,-0.00017201824812218547,-0.7275216579437256,-7.657628059387207,-8.764992713928223,0.15024779736995697,0.0,0.0,0.2481330931186676,,,
3,9499,0.025173187255859375,0.9866636991500854,0.4930790662765503,-0.15134811401367188,-0.00017201824812218547,-0.7793389558792114,-7.534285545349121,-8.790099143981934,0.15073956549167633,0.0,0.0,0.24862608313560486,,,
3,9549,0.025173187255859375,0.9866636991500854,0.4930790662765503,-0.15134811401367188,-0.00017201824812218547,-0.6573734879493713,-7.1671013832092285,-8.747359275817871,0.15166838467121124,0.0,0.0,0.25006088614463806,,,
3,9599,0.025173187255859375,0.9866636991500854,0.4930790662765503,-0.3197669982910156,-0.0003640047216322273,-0.7505860924720764,-7.370855331420898,-8.771167755126953,0.15231169760227203,0.0,0.0,0.25133398175239563,,,
3,9649,0.025173187255859375,0.9866636991500854,0.4930790662765503,-0.3197669982910156,-0.0003640047216322273,-0.8075294494628906,-7.491631507873535,-8.784996032714844,0.15253807604312897,0.0,0.0,0.25142940878868103,,,
3,9699,0.025173187255859375,0.9866636991500854,0.4930790662765503,0.302886962890625,0.00034452814725227654,-0.7834067940711975,-7.6805267333984375,-8.758913040161133,0.1524830460548401,0.0,0.0,0.25262650847435,,,
3,9749,0.025173187255859375,0.9866636991500854,0.4930790662765503,0.302886962890625,0.00034452814725227654,-0.9020974636077881,-7.663028717041016,-8.744704246520996,0.17483749985694885,0.0,0.0,0.28077295422554016,,,
3,9799,0.025173187255859375,0.9866636991500854,0.4930790662765503,0.302886962890625,0.00034452814725227654,-0.6680198311805725,-7.547987937927246,-8.725712776184082,0.15421496331691742,0.0,0.0,0.2530222535133362,,,
3,9849,0.025173187255859375,0.9866636991500854,0.4930790662765503,0.302886962890625,0.00034452814725227654,-0.8230634331703186,-7.44770622253418,-8.744827270507812,0.15368041396141052,0.0,0.0,0.25310298800468445,,,
3,9899,0.025173187255859375,0.9866636991500854,0.4930790662765503,0.3693580627441406,0.0004234355001244694,-0.7334529161453247,-7.72091007232666,-8.802420616149902,0.1541970670223236,0.0,0.0,0.25269022583961487,,,
3,9949,0.025173187255859375,0.9866636991500854,0.4930790662765503,-0.012683868408203125,-1.445196357963141e-05,-0.7522205710411072,-7.69720458984375,-8.778882026672363,0.15375445783138275,0.0,0.0,0.2522650957107544,,,
3,9999,0.025173187255859375,0.9866636991500854,0.4930790662765503,-0.012683868408203125,-1.445196357963141e-05,-0.7131956219673157,-7.293892860412598,-8.729607582092285,0.15300947427749634,0.0,0.0,0.2519185245037079,,,
3,9999,,,,,,,,,,,,,-8.002784729003906,-8.153183937072754,-8.604724884033203
4,10049,,,,-0.32825469970703125,-0.0003757187514565885,-0.8584001064300537,-7.601301670074463,-8.759339332580566,0.1527598798274994,0.0,0.0,0.2521244287490845,,,
4,10099,,,,-0.32825469970703125,-0.0003757187514565885,-0.7479445338249207,-7.671381950378418,-8.769770622253418,0.15159127116203308,0.0,0.0,0.25081390142440796,,,
4,10149,,,,-0.32825469970703125,-0.0003757187514565885,-0.6979539394378662,-7.558758735656738,-8.724031448364258,0.1517191231250763,0.0,0.0,0.2509593963623047,,,
4,10199,,,,-0.32825469970703125,-0.0003757187514565885,-0.7423083186149597,-7.511672019958496,-8.784830093383789,0.1497558206319809,0.0,0.0,0.24845638871192932,,,
4,10249,,,,-0.32825469970703125,-0.0003757187514565885,-0.8631859421730042,-7.689767360687256,-8.769105911254883,0.15065087378025055,0.0,0.0,0.25436097383499146,,,
4,10299,,,,-0.32825469970703125,-0.0003757187514565885,-0.7625853419303894,-7.61244010925293,-8.718260765075684,0.14985521137714386,0.0,0.0,0.24845638871192932,,,
4,10349,,,,-0.6412506103515625,-0.0007337380084209144,-0.6723905801773071,-7.3436174392700195,-8.670804977416992,0.15035226941108704,0.0,0.0,0.25724366307258606,,,
4,10399,,,,-0.6412506103515625,-0.0007337380084209144,-0.7420325875282288,-7.6040449142456055,-8.693378448486328,0.15244629979133606,0.0,0.0,0.25157004594802856,,,
4,10449,-0.12269783020019531,0.9865662455558777,0.4924297034740448,0.4172325134277344,0.00047720098518766463,-0.8793047666549683,-7.821210861206055,-8.734004020690918,0.15221808850765228,0.0,0.0,0.25019964575767517,,,
4,10499,-0.12269783020019531,0.9865662455558777,0.4924297034740448,-0.3856658935546875,-0.00044086179696023464,-0.7161815762519836,-7.5480546951293945,-8.667366027832031,0.18349242210388184,0.0,0.0,0.28261369466781616,,,
4,10549,-0.12269783020019531,0.9865662455558777,0.4924297034740448,-0.3856658935546875,-0.00044086179696023464,-0.6818185448646545,-7.370306491851807,-8.715850830078125,0.15024089813232422,0.0,0.0,0.24888530373573303,,,
4,10599,-0.12269783020019531,0.9865662455558777,0.4924297034740448,-0.3856658935546875,-0.00044086179696023464,-0.6402055025100708,-7.606327533721924,-8.804221153259277,0.15054382383823395,0.0,0.0,0.25618991255760193,,,
4,10649,-0.12269783020019531,0.9865662455558777,0.4924297034740448,-0.3856658935546875,-0.00044086179696023464,-0.8133320212364197,-7.792285919189453,-8.731253623962402,0.15054628252983093,0.0,0.0,0.25481194257736206,,,
4,10699,-0.12269783020019531,0.9865662455558777,0.4924297034740448,-0.3856658935546875,-0.00044086179696023464,-0.7507784366607666,-7.117138862609863,-8.688138961791992,0.15044228732585907,0.0,0.0,0.24844259023666382,,,
4,10749,-0.12269783020019531,0.9865662455558777,0.4924297034740448,-0.3856658935546875,-0.00044086179696023464,-0.6358844041824341,-7.356189727783203,-8.73248291015625,0.15109097957611084,0.0,0.0,0.2491855025291443,,,
4,10799,-0.12269783020019531,0.9865662455558777,0.4924297034740448,-0.3856658935546875,-0.00044086179696023464,-0.7033312320709229,-7.627049446105957,-8.773031234741211,0.15309515595436096,0.0,0.0,0.25119683146476746,,,
4,10849,-0.12269783020019531,0.9865662455558777,0.4924297034740448,-0.3856658935546875,-0.00044086179696023464,-0.6284052133560181,-7.579839706420898,-8.72387409210205,0.15268144011497498,0.0,0.0,0.26221999526023865,,,
4,10899,-0.12269783020019531,0.9865662455558777,0.4924297034740448,-0.3856658935546875,-0.00044086179696023464,-0.7634520530700684,-7.534337997436523,-8.695855140686035,0.15159377455711365,0.0,0.0,0.2501787841320038,,,
4,10949,-0.12269783020019531,0.9865662455558777,0.4924297034740448,-0.3856658935546875,-0.00044086179696023464,-0.8121856451034546,-7.588212013244629,-8.723191261291504,0.15473976731300354,0.0,0.0,0.25363078713417053,,,
4,10999,-0.12269783020019531,0.9865662455558777,0.4924297034740448,-0.3856658935546875,-0.00044086179696023464,-0.7387387752532959,-7.634217739105225,-8.788101196289062,0.1538107693195343,0.0,0.0,0.25243645906448364,,,
4,11049,-0.12269783020019531,0.9865662455558777,0.4924297034740448,0.76751708984375,0.0008806901169009507,-0.7059815526008606,-7.585285186767578,-8.723411560058594,0.15159545838832855,0.0,0.0,0.25730666518211365,,,
4,11099,-0.12269783020019531,0.9865662455558777,0.4924297034740448,0.76751708984375,0.0008806901169009507,-0.7547326683998108,-7.581537246704102,-8.692005157470703,0.1534348428249359,0.0,0.0,0.2522590756416321,,,
4,11149,-0.12269783020019531,0.9865662455558777,0.4924297034740448,0.76751708984375,0.0008806901169009507,-0.6819781064987183,-7.622650623321533,-8.722620010375977,0.1518695205450058,0.0,0.0,0.2505359649658203,,,
4,11199,-0.12269783020019531,0.9865662455558777,0.4924297034740448,0.76751708984375,0.0008806901169009507,-0.7862364649772644,-7.676121234893799,-8.686638832092285,0.15116731822490692,0.0,0.0,0.2492063194513321,,,
4,11249,-0.12269783020019531,0.9865662455558777,0.4924297034740448,0.76751708984375,0.0008806901169009507,-0.8254759907722473,-7.447354316711426,-8.666004180908203,0.1507195383310318,0.0,0.0,0.255023717880249,,,
4,11299,-0.12269783020019531,0.9865662455558777,0.4924297034740448,-0.3231048583984375,-0.0003727346193045378,-0.8513532280921936,-7.77427339553833,-8.786906242370605,0.15026140213012695,0.0,0.0,0.24856075644493103,,,
4,11349,-0.12269783020019531,0.9865662455558777,0.4924297034740448,0.14810562133789062,0.0001700606371741742,-0.7495041489601135,-7.682981491088867,-8.693243980407715,0.1502993404865265,0.0,0.0,0.24842599034309387,,,
4,11399,-0.12269783020019531,0.9865662455558777,0.4924297034740448,-0.18901824951171875,-0.00021703116362914443,-0.7436103820800781,-7.662054538726807,-8.731416702270508,0.15111121535301208,0.0,0.0,0.24981875717639923,,,
4,11449,-0.12269783020019531,0.9865662455558777,0.4924297034740448,-0.18901824951171875,-0.00021703116362914443,-0.586391031742096,-7.44602108001709,-8.717459678649902,0.15059898793697357,0.0,0.0,0.24931807816028595,,,
4,11499,-0.12269783020019531,0.9865662455558777,0.4924297034740448,-0.18901824951171875,-0.00021703116362914443,-0.8476201295852661,-7.506801128387451,-8.686175346374512,0.15067705512046814,0.0,0.0,0.24929210543632507,,,
4,11549,-0.12269783020019531,0.9865662455558777,0.4924297034740448,-0.18901824951171875,-0.00021703116362914443,-0.8126104474067688,-7.611857891082764,-8.742558479309082,0.1514197587966919,0.0,0.0,0.25802916288375854,,,
4,11599,-0.12269783020019531,0.9865662455558777,0.4924297034740448,-0.18901824951171875,-0.00021703116362914443,-0.6648778319358826,-7.60434627532959,-8.670289993286133,0.18794195353984833,0.0,0.0,0.2872871458530426,,,
4,11649,-0.12269783020019531,0.9865662455558777,0.4924297034740448,-0.18901824951171875,-0.00021703116362914443,-0.9393334984779358,-7.615814685821533,-8.717869758605957,0.1721118539571762,0.0,0.0,0.2708640992641449,,,
4,11699,-0.12269783020019531,0.9865662455558777,0.4924297034740448,-0.269317626953125,-0.0003078407607972622,-0.7264668345451355,-7.641589641571045,-8.735003471374512,0.1527765989303589,0.0,0.0,0.251383900642395,,,
4,11749,-0.12269783020019531,0.9865662455558777,0.4924297034740448,-0.4439353942871094,-0.0005118136177770793,-0.6014561057090759,-7.677494525909424,-8.714666366577148,0.15230832993984222,0.0,0.0,0.25171536207199097,,,
4,11799,-0.12269783020019531,0.9865662455558777,0.4924297034740448,-0.4439353942871094,-0.0005118136177770793,-0.6832435727119446,-7.370035171508789,-8.696054458618164,0.15145954489707947,0.0,0.0,0.24954485893249512,,,
4,11849,-0.12269783020019531,0.9865662455558777,0.4924297034740448,-0.4439353942871094,-0.0005118136177770793,-0.5974639654159546,-7.530646800994873,-8.693058967590332,0.15206101536750793,0.0,0.0,0.250416100025177,,,
4,11899,-0.12269783020019531,0.9865662455558777,0.4924297034740448,-0.4439353942871094,-0.0005118136177770793,-0.7987373471260071,-7.5568647384643555,-8.696857452392578,0.15132082998752594,0.0,0.0,0.24938534200191498,,,
4,11949,-0.12269783020019531,0.9865662455558777,0.4924297034740448,-0.4439353942871094,-0.0005118136177770793,-0.7828069925308228,-7.4856767654418945,-8.709364891052246,0.1517091691493988,0.0,0.0,0.25690701603889465,,,
4,11999,-0.12269783020019531,0.9865662455558777,0.4924297034740448,0.19502639770507812,0.00022427042131312191,-0.6119965314865112,-7.409050941467285,-8.695324897766113,0.15063002705574036,0.0,0.0,0.24921219050884247,,,
4,12049,-0.12269783020019531,0.9865662455558777,0.4924297034740448,0.19502639770507812,0.00022427042131312191,-0.6203240752220154,-7.659424781799316,-8.64102840423584,0.15020112693309784,0.0,0.0,0.24873505532741547,,,
4,12099,-0.16376686096191406,0.9866245985031128,0.4927956163883209,0.37479400634765625,0.00043127231765538454,-0.7413943409919739,-7.556801795959473,-8.667070388793945,0.15215858817100525,0.0,0.0,0.2502916753292084,,,
4,12149,-0.16376686096191406,0.9866245985031128,0.4927956163883209,0.37479400634765625,0.00043127231765538454,-0.6625295877456665,-7.620340347290039,-8.637007713317871,0.18154564499855042,0.0,0.0,0.27953505516052246,,,
4,12199,-0.16376686096191406,0.9866245985031128,0.4927956163883209,0.37479400634765625,0.00043127231765538454,-0.7047501802444458,-7.574034214019775,-8.746541023254395,0.15032267570495605,0.0,0.0,0.2480090856552124,,,
4,12249,-0.16376686096191406,0.9866245985031128,0.4927956163883209,0.37479400634765625,0.00043127231765538454,-0.7424908876419067,-7.551337242126465,-8.680917739868164,0.15000130236148834,0.0,0.0,0.2556430995464325,,,
4,12299,-0.16376686096191406,0.9866245985031128,0.4927956163883209,0.37479400634765625,0.00043127231765538454,-0.6674308776855469,-7.721399307250977,-8.705634117126465,0.15199899673461914,0.0,0.0,0.2499014288187027,,,
4,12349,-0.16376686096191406,0.9866245985031128,0.4927956163883209,0.37479400634765625,0.00043127231765538454,-0.7731447219848633,-7.567682266235352,-8.756725311279297,0.15212927758693695,0.0,0.0,0.250664621591568,,,
4,12399,-0.16376686096191406,0.9866245985031128,0.4927956163883209,0.37479400634765625,0.00043127231765538454,-0.5918660759925842,-7.58089542388916,-8.731060981750488,0.15253996849060059,0.0,0.0,0.2509445548057556,,,
4,12449,-0.16376686096191406,0.9866245985031128,0.4927956163883209,-0.7208824157714844,-0.000823887821752578,-0.6258949041366577,-7.5994439125061035,-8.713397026062012,0.1544255018234253,0.0,0.0,0.25365468859672546,,,
4,12499,-0.16376686096191406,0.9866245985031128,0.4927956163883209,-0.7208824157714844,-0.000823887821752578,-0.9595820307731628,-7.47145938873291,-8.679533958435059,0.15407636761665344,0.0,0.0,0.25303423404693604,,,
4,12499,,,,,,,,,,,,,-7.975576400756836,-8.120370864868164,-8.554718017578125
5,12549,,,,,,-0.6422724723815918,-7.4270830154418945,-8.653613090515137,0.15260326862335205,0.0,0.0,0.25130680203437805,,,
5,12599,,,,,,-0.5430905818939209,-7.644826889038086,-8.68056869506836,0.15019796788692474,0.0,0.0,0.24877190589904785,,,
5,12649,,,,,,-0.69124835729599,-7.5206146240234375,-8.678390502929688,0.15103967487812042,0.0,0.0,0.24961817264556885,,,
5,12699,,,,0.20074844360351562,0.00023163594596553594,-0.6797776818275452,-7.5166335105896,-8.593689918518066,0.1504572629928589,0.0,0.0,0.24955125153064728,,,
5,12749,,,,0.20074844360351562,0.00023163594596553594,-0.655060350894928,-7.460182189941406,-8.68955135345459,0.15038764476776123,0.0,0.0,0.24977557361125946,,,
5,12799,,,,0.101470947265625,0.0001163841734523885,-0.7497216463088989,-7.296584129333496,-8.686774253845215,0.1500467211008072,0.0,0.0,0.24923747777938843,,,
5,12849,,,,0.101470947265625,0.0001163841734523885,-0.639797031879425,-7.531268119812012,-8.726288795471191,0.151605486869812,0.0,0.0,0.2506204843521118,,,
5,12899,,,,0.101470947265625,0.0001163841734523885,-0.7235004305839539,-7.534489631652832,-8.68871021270752,0.15338627994060516,0.0,0.0,0.2576832175254822,,,
5,12949,,,,0.101470947265625,0.0001163841734523885,-0.7506632804870605,-7.484609603881836,-8.59796142578125,0.15092456340789795,0.0,0.0,0.25026723742485046,,,
5,12999,,,,0.3092765808105469,0.00035841853241436183,-0.7453770041465759,-7.480855464935303,-8.692601203918457,0.15410351753234863,0.0,0.0,0.2532608211040497,,,
5,13049,,,,0.3092765808105469,0.00035841853241436183,-0.5809451341629028,-7.643908977508545,-8.721409797668457,0.14934900403022766,0.0,0.0,0.24822872877120972,,,
5,13099,,,,-0.01659393310546875,-1.914398126245942e-05,-0.6475803256034851,-7.623676300048828,-8.725645065307617,0.1496826410293579,0.0,0.0,0.24824649095535278,,,
5,13149,,,,-0.01659393310546875,-1.914398126245942e-05,-0.658401608467102,-7.241501808166504,-8.638958930969238,0.15358878672122955,0.0,0.0,0.2558758854866028,,,
5,13199,,,,0.3598213195800781,0.0004161663819104433,-0.6338194012641907,-7.600617408752441,-8.687686920166016,0.14960943162441254,0.0,0.0,0.24831584095954895,,,
5,13249,,,,-0.7443428039550781,-0.0008609024807810783,-0.698922872543335,-7.271024703979492,-8.628823280334473,0.15080919861793518,0.0,0.0,0.24995023012161255,,,
5,13299,0.05812644958496094,0.9861860871315002,0.4931473731994629,0.6694793701171875,0.0007732502417638898,-0.6699436902999878,-7.29628849029541,-8.656596183776855,0.15278373658657074,0.0,0.0,0.25124284625053406,,,
5,13349,0.05812644958496094,0.9861860871315002,0.4931473731994629,0.4528045654296875,0.0005213789991103113,-0.7825661897659302,-7.690460205078125,-8.631146430969238,0.15050333738327026,0.0,0.0,0.2482232302427292,,,
5,13399,0.05812644958496094,0.9861860871315002,0.4931473731994629,0.4042625427246094,0.0004659068363253027,-0.8033970594406128,-7.434455871582031,-8.651752471923828,0.14995025098323822,0.0,0.0,0.24829567968845367,,,
5,13449,0.05812644958496094,0.9861860871315002,0.4931473731994629,0.4042625427246094,0.0004659068363253027,-0.5819381475448608,-7.4994893074035645,-8.662506103515625,0.1796429604291916,0.0,0.0,0.2781836986541748,,,
5,13499,0.05812644958496094,0.9861860871315002,0.4931473731994629,0.4042625427246094,0.0004659068363253027,-0.6527318954467773,-7.327595233917236,-8.610095977783203,0.14934422075748444,0.0,0.0,0.25347939133644104,,,
5,13549,0.05812644958496094,0.9861860871315002,0.4931473731994629,-0.18367767333984375,-0.00021171830303501338,-0.6405124664306641,-7.429523468017578,-8.582063674926758,0.1487763524055481,0.0,0.0,0.2472703605890274,,,
5,13599,0.05812644958496094,0.9861860871315002,0.4931473731994629,-0.18367767333984375,-0.00021171830303501338,-0.6436457633972168,-7.287947654724121,-8.65622615814209,0.14893615245819092,0.0,0.0,0.24728980660438538,,,
5,13649,0.05812644958496094,0.9861860871315002,0.4931473731994629,-0.1506805419921875,-0.00017355033196508884,-0.6809711456298828,-7.452020645141602,-8.674154281616211,0.1486085057258606,0.0,0.0,0.24690738320350647,,,
5,13699,0.05812644958496094,0.9861860871315002,0.4931473731994629,0.1728057861328125,0.00019912874267902225,-0.8216170072555542,-7.651008605957031,-8.660816192626953,0.14899133145809174,0.0,0.0,0.24729947745800018,,,
5,13749,0.05812644958496094,0.9861860871315002,0.4931473731994629,0.1728057861328125,0.00019912874267902225,-0.6758483648300171,-7.3255815505981445,-8.62787914276123,0.14957670867443085,0.0,0.0,0.24846863746643066,,,
5,13799,0.05812644958496094,0.9861860871315002,0.4931473731994629,0.2572059631347656,0.00029678313876502216,-0.7259549498558044,-7.499835968017578,-8.652031898498535,0.14937914907932281,0.0,0.0,0.24845199286937714,,,
5,13849,0.05812644958496094,0.9861860871315002,0.4931473731994629,0.2572059631347656,0.00029678313876502216,-0.6619350910186768,-7.5332841873168945,-8.659285545349121,0.15219591557979584,0.0,0.0,0.25105926394462585,,,
5,13899,-0.01052093505859375,0.986427366733551,0.49288490414619446,0.4238128662109375,0.000488289981149137,-0.6477470397949219,-7.423294544219971,-8.628283500671387,0.1510312557220459,0.0,0.0,0.24963980913162231,,,
5,13949,-0.01052093505859375,0.986427366733551,0.49288490414619446,0.4238128662109375,0.000488289981149137,-0.7590473890304565,-7.605039596557617,-8.680790901184082,0.15111158788204193,0.0,0.0,0.24930231273174286,,,
5,13999,-0.01052093505859375,0.986427366733551,0.49288490414619446,0.4238128662109375,0.000488289981149137,-0.5520756244659424,-7.345672130584717,-8.619140625,0.15895548462867737,0.0,0.0,0.25692349672317505,,,
5,14049,-0.01052093505859375,0.986427366733551,0.49288490414619446,0.4238128662109375,0.000488289981149137,-0.787684440612793,-7.682167053222656,-8.705792427062988,0.15151090919971466,0.0,0.0,0.2564181983470917,,,
5,14099,-0.01052093505859375,0.986427366733551,0.49288490414619446,-0.6330490112304688,-0.0007320356089621782,-0.6565814018249512,-7.6831793785095215,-8.7181396484375,0.14998582005500793,0.0,0.0,0.247763529419899,,,
5,14149,-0.01052093505859375,0.986427366733551,0.49288490414619446,0.24080276489257812,0.0002791648148559034,-0.5980926752090454,-7.403156280517578,-8.655104637145996,0.1546504646539688,0.0,0.0,0.25841882824897766,,,
5,14199,-0.01052093505859375,0.986427366733551,0.49288490414619446,0.24080276489257812,0.0002791648148559034,-0.6371690034866333,-7.708102226257324,-8.712681770324707,0.1508491486310959,0.0,0.0,0.24960282444953918,,,
5,14249,-0.01052093505859375,0.986427366733551,0.49288490414619446,0.24080276489257812,0.0002791648148559034,-0.5590218901634216,-7.431131362915039,-8.64863395690918,0.1491767317056656,0.0,0.0,0.24808543920516968,,,
5,14299,-0.01052093505859375,0.986427366733551,0.49288490414619446,0.24080276489257812,0.0002791648148559034,-0.574512243270874,-7.581652641296387,-8.663795471191406,0.1494627743959427,0.0,0.0,0.24868890643119812,,,
5,14349,-0.01052093505859375,0.986427366733551,0.49288490414619446,0.24080276489257812,0.0002791648148559034,-0.5874841213226318,-7.748847007751465,-8.6580810546875,0.15101350843906403,0.0,0.0,0.2499726265668869,,,
5,14399,-0.01052093505859375,0.986427366733551,0.49288490414619446,0.24080276489257812,0.0002791648148559034,-0.602691650390625,-7.588786602020264,-8.703514099121094,0.15151526033878326,0.0,0.0,0.25053870677948,,,
5,14449,-0.01052093505859375,0.986427366733551,0.49288490414619446,0.04425048828125,5.137376501807012e-05,-0.6639301180839539,-7.48183012008667,-8.624015808105469,0.1515633463859558,0.0,0.0,0.25043633580207825,,,
5,14499,-0.01052093505859375,0.986427366733551,0.49288490414619446,-0.026416778564453125,-3.0665727535961196e-05,-0.5930096507072449,-7.617740631103516,-8.617728233337402,0.150346040725708,0.0,0.0,0.2567560076713562,,,
5,14549,-0.01052093505859375,0.986427366733551,0.49288490414619446,-0.053882598876953125,-6.271441088756546e-05,-0.5608711838722229,-7.520872592926025,-8.596700668334961,0.1504049003124237,0.0,0.0,0.24920526146888733,,,
5,14599,-0.01052093505859375,0.986427366733551,0.49288490414619446,-0.053882598876953125,-6.271441088756546e-05,-0.5741690993309021,-7.567895412445068,-8.63986587524414,0.14960387349128723,0.0,0.0,0.24829338490962982,,,
5,14649,-0.01052093505859375,0.986427366733551,0.49288490414619446,-0.053882598876953125,-6.271441088756546e-05,-0.5785833597183228,-7.413840293884277,-8.608298301696777,0.15013159811496735,0.0,0.0,0.24876052141189575,,,
5,14699,-0.01052093505859375,0.986427366733551,0.49288490414619446,-0.053882598876953125,-6.271441088756546e-05,-0.6365270614624023,-7.650315284729004,-8.665273666381836,0.1502232402563095,0.0,0.0,0.2486371099948883,,,
5,14749,-0.01052093505859375,0.986427366733551,0.49288490414619446,-0.053882598876953125,-6.271441088756546e-05,-0.7136404514312744,-7.539957046508789,-8.625673294067383,0.14946623146533966,0.0,0.0,0.2481367588043213,,,
5,14799,-0.01052093505859375,0.986427366733551,0.49288490414619446,-0.053882598876953125,-6.271441088756546e-05,-0.5606380105018616,-7.096152305603027,-8.621826171875,0.1503344476222992,0.0,0.0,0.24916455149650574,,,
5,14849,-0.01052093505859375,0.986427366733551,0.49288490414619446,-0.18663406372070312,-0.00021600585023406893,-0.6283742785453796,-7.363077163696289,-8.650688171386719,0.1511269211769104,0.0,0.0,0.25008106231689453,,,
5,14899,-0.01052093505859375,0.986427366733551,0.49288490414619446,-0.3077507019042969,-0.0003572845889721066,-0.5144093632698059,-7.762556076049805,-8.671298027038574,0.15114794671535492,0.0,0.0,0.2500261068344116,,,
5,14949,0.045665740966796875,0.9862880706787109,0.49212712049484253,-0.06914138793945312,-7.997678039828315e-05,-0.5714780688285828,-7.434814453125,-8.645478248596191,0.15211674571037292,0.0,0.0,0.25067204236984253,,,
5,14999,0.045665740966796875,0.9862880706787109,0.49212712049484253,-0.06914138793945312,-7.997678039828315e-05,-0.5686056613922119,-7.632711887359619,-8.63934326171875,0.15087144076824188,0.0,0.0,0.24854180216789246,,,
5,14999,,,,,,,,,,,,,-7.962747573852539,-8.102615356445312,-8.5152006149292
6,15049,,,,,,-0.5576586723327637,-7.620081901550293,-8.560384750366211,0.18725869059562683,0.0,0.0,0.28667309880256653,,,
6,15099,,,,0.22058486938476562,0.00025603699032217264,-0.609131932258606,-7.458863258361816,-8.615762710571289,0.15401656925678253,0.0,0.0,0.25306111574172974,,,
6,15149,,,,0.22058486938476562,0.00025603699032217264,-0.6180112957954407,-7.442619323730469,-8.63089656829834,0.1496886909008026,0.0,0.0,0.25242263078689575,,,
6,15199,,,,0.22058486938476562,0.00025603699032217264,-0.6171780824661255,-7.622389793395996,-8.642338752746582,0.15014274418354034,0.0,0.0,0.24921824038028717,,,
6,15249,,,,0.5394935607910156,0.0006219680071808398,-0.5759512782096863,-7.560261249542236,-8.598383903503418,0.1503577083349228,0.0,0.0,0.249101921916008,,,
6,15299,,,,0.13828277587890625,0.00016007976955734193,-0.6820887327194214,-7.526819229125977,-8.612160682678223,0.15159644186496735,0.0,0.0,0.25017642974853516,,,
6,15349,,,,-0.3100395202636719,-0.00035862711956724524,-0.8335230350494385,-7.6163225173950195,-8.608922004699707,0.14985361695289612,0.0,0.0,0.2481934130191803,,,
6,15399,,,,-0.3100395202636719,-0.00035862711956724524,-0.6979738473892212,-7.726927757263184,-8.641109466552734,0.14986763894557953,0.0,0.0,0.24822154641151428,,,
6,15449,,,,0.5105018615722656,0.000591982330661267,-0.6242849826812744,-7.5755720138549805,-8.637930870056152,0.15073324739933014,0.0,0.0,0.24902822077274323,,,
6,15499,,,,0.5105018615722656,0.000591982330661267,-0.5942447185516357,-7.574881076812744,-8.617298126220703,0.1509144902229309,0.0,0.0,0.24939492344856262,,,
6,15549,,,,0.5105018615722656,0.000591982330661267,-0.6869204044342041,-7.42303991317749,-8.622379302978516,0.15192578732967377,0.0,0.0,0.25595468282699585,,,
6,15599,,,,0.5105018615722656,0.000591982330661267,-0.6081122159957886,-7.63493013381958,-8.611395835876465,0.15193627774715424,0.0,0.0,0.2512100338935852,,,
6,15649,,,,0.5105018615722656,0.000591982330661267,-0.6774181723594666,-7.639604091644287,-8.647421836853027,0.1524079144001007,0.0,0.0,0.2522645592689514,,,
6,15699,,,,-0.238037109375,-0.00027621188201010227,-0.5639590620994568,-7.583559989929199,-8.587668418884277,0.15420594811439514,0.0,0.0,0.25343644618988037,,,
6,15749,,,,-0.238037109375,-0.00027621188201010227,-0.6130791306495667,-7.569709777832031,-8.663980484008789,0.1530919224023819,0.0,0.0,0.2519371211528778,,,
6,15799,,,,-0.238037109375,-0.00027621188201010227,-0.6630431413650513,-7.34248161315918,-8.597716331481934,0.15239250659942627,0.0,0.0,0.25773894786834717,,,
6,15849,,,,-0.20055770874023438,-0.00023219757713377476,-0.6530046463012695,-7.550448417663574,-8.618179321289062,0.15231961011886597,0.0,0.0,0.25115618109703064,,,
6,15899,,,,-0.4871368408203125,-0.0005647047655656934,-0.611004114151001,-7.586505889892578,-8.594147682189941,0.1515873670578003,0.0,0.0,0.2499365210533142,,,
6,15949,,,,-0.4871368408203125,-0.0005647047655656934,-0.6793636083602905,-7.652227401733398,-8.644476890563965,0.15158885717391968,0.0,0.0,0.2499515265226364,,,
6,15999,,,,-0.4871368408203125,-0.0005647047655656934,-0.6170649528503418,-7.392951011657715,-8.640050888061523,0.1518712043762207,0.0,0.0,0.2502444088459015,,,
6,16049,,,,-0.4871368408203125,-0.0005647047655656934,-0.5227449536323547,-7.486166954040527,-8.615507125854492,0.15215550363063812,0.0,0.0,0.25096771121025085,,,
6,16099,,,,-0.4871368408203125,-0.0005647047655656934,-0.6158704161643982,-7.608521461486816,-8.581155776977539,0.15214017033576965,0.0,0.0,0.25096622109413147,,,
6,16149,,,,-0.4871368408203125,-0.0005647047655656934,-0.5650240778923035,-7.563827037811279,-8.640267372131348,0.15113317966461182,0.0,0.0,0.24983443319797516,,,
6,16199,,,,-0.4871368408203125,-0.0005647047655656934,-0.6194118857383728,-7.525246620178223,-8.637341499328613,0.15377764403820038,0.0,0.0,0.25641942024230957,,,
6,16249,,,,0.4520416259765625,0.0005245287902653217,-0.5865213871002197,-7.47997522354126,-8.626449584960938,0.15304651856422424,0.0,0.0,0.2520648241043091,,,
6,16299,,,,0.4520416259765625,0.0005245287902653217,-0.6329692602157593,-7.61969518661499,-8.671523094177246,0.1515522599220276,0.0,0.0,0.25020718574523926,,,
6,16349,-0.08231544494628906,0.9863033294677734,0.4936719536781311,0.4794120788574219,0.0005575955146923661,-0.5725534558296204,-7.546243667602539,-8.584157943725586,0.1506435126066208,0.0,0.0,0.24847015738487244,,,
6,16399,-0.08231544494628906,0.9863033294677734,0.4936719536781311,0.4794120788574219,0.0005575955146923661,-0.5979456901550293,-7.55933141708374,-8.628108024597168,0.15157850086688995,0.0,0.0,0.2490665465593338,,,
6,16449,-0.08231544494628906,0.9863033294677734,0.4936719536781311,0.03032684326171875,3.5151260817656294e-05,-0.5586139559745789,-7.540996551513672,-8.646793365478516,0.15286141633987427,0.0,0.0,0.2507181763648987,,,
6,16499,-0.08231544494628906,0.9863033294677734,0.4936719536781311,0.03032684326171875,3.5151260817656294e-05,-0.5553508400917053,-7.454028129577637,-8.593469619750977,0.15217193961143494,0.0,0.0,0.25003692507743835,,,
6,16549,-0.08231544494628906,0.9863033294677734,0.4936719536781311,0.03032684326171875,3.5151260817656294e-05,-0.6791513562202454,-7.298161506652832,-8.592677116394043,0.15242747962474823,0.0,0.0,0.2583383321762085,,,
6,16599,-0.08231544494628906,0.9863033294677734,0.4936719536781311,-0.011348724365234375,-1.3241928172647022e-05,-0.5510358214378357,-7.380598068237305,-8.626392364501953,0.15169501304626465,0.0,0.0,0.25350716710090637,,,
6,16649,-0.08231544494628906,0.9863033294677734,0.4936719536781311,-0.011348724365234375,-1.3241928172647022e-05,-0.5725359320640564,-7.731531143188477,-8.582442283630371,0.1532503068447113,0.0,0.0,0.25285008549690247,,,
6,16699,-0.08231544494628906,0.9863033294677734,0.4936719536781311,-0.011348724365234375,-1.3241928172647022e-05,-0.5674689412117004,-7.55359411239624,-8.54523754119873,0.18856318295001984,0.0,0.0,0.2931745946407318,,,
6,16749,-0.08231544494628906,0.9863033294677734,0.4936719536781311,-0.011348724365234375,-1.3241928172647022e-05,-0.5541570782661438,-7.376936435699463,-8.643062591552734,0.1533684879541397,0.0,0.0,0.2519100308418274,,,
6,16799,-0.08231544494628906,0.9863033294677734,0.4936719536781311,-0.011348724365234375,-1.3241928172647022e-05,-0.5646181106567383,-7.512500762939453,-8.582245826721191,0.15052157640457153,0.0,0.0,0.2490503340959549,,,
6,16849,-0.08231544494628906,0.9863033294677734,0.4936719536781311,-0.011348724365234375,-1.3241928172647022e-05,-0.5592422485351562,-7.479581356048584,-8.58121109008789,0.15103335678577423,0.0,0.0,0.24963794648647308,,,
6,16899,-0.08231544494628906,0.9863033294677734,0.4936719536781311,0.023651123046875,2.7730709916795604e-05,-0.6004859805107117,-7.642350196838379,-8.640999794006348,0.1507369726896286,0.0,0.0,0.25615888833999634,,,
6,16949,-0.08231544494628906,0.9863033294677734,0.4936719536781311,-0.3029823303222656,-0.0003529974492266774,-0.5268229842185974,-7.4420671463012695,-8.578051567077637,0.15102243423461914,0.0,0.0,0.24952344596385956,,,
6,16999,-0.08231544494628906,0.9863033294677734,0.4936719536781311,0.2657890319824219,0.00030777399661019444,-0.5834478139877319,-7.357891082763672,-8.61239242553711,0.15113580226898193,0.0,0.0,0.2491777241230011,,,
6,17049,-0.08231544494628906,0.9863033294677734,0.4936719536781311,0.2657890319824219,0.00030777399661019444,-0.5456393957138062,-7.416445732116699,-8.57994270324707,0.1517295092344284,0.0,0.0,0.24977034330368042,,,
6,17099,-0.08231544494628906,0.9863033294677734,0.4936719536781311,0.2657890319824219,0.00030777399661019444,-0.6924991607666016,-7.514103889465332,-8.567618370056152,0.15299645066261292,0.0,0.0,0.25162097811698914,,,
6,17149,-0.08231544494628906,0.9863033294677734,0.4936719536781311,-0.09002685546875,-0.00010505760292289779,-0.5301285982131958,-7.0850701332092285,-8.560731887817383,0.15165644884109497,0.0,0.0,0.2506861984729767,,,
6,17199,-0.08231544494628906,0.9863033294677734,0.4936719536781311,-0.09002685546875,-0.00010505760292289779,-0.5982710719108582,-7.375030517578125,-8.59494400024414,0.1534658819437027,0.0,0.0,0.25264036655426025,,,
6,17249,-0.08231544494628906,0.9863033294677734,0.4936719536781311,-0.061702728271484375,-7.17672155587934e-05,-0.6103115081787109,-7.599635601043701,-8.631702423095703,0.15147025883197784,0.0,0.0,0.2506071627140045,,,
6,17299,0.009258270263671875,0.9863944053649902,0.4932800233364105,-0.4817008972167969,-0.0005612075910903513,-0.5750719308853149,-7.448258399963379,-8.574780464172363,0.18748371303081512,0.0,0.0,0.28651708364486694,,,
6,17349,0.009258270263671875,0.9863944053649902,0.4932800233364105,-0.4817008972167969,-0.0005612075910903513,-0.5605180859565735,-7.4927568435668945,-8.62358283996582,0.15310883522033691,0.0,0.0,0.2587398588657379,,,
6,17399,0.009258270263671875,0.9863944053649902,0.4932800233364105,-0.4817008972167969,-0.0005612075910903513,-0.6319931149482727,-7.645524978637695,-8.60863971710205,0.15078504383563995,0.0,0.0,0.2564179599285126,,,
6,17449,0.009258270263671875,0.9863944053649902,0.4932800233364105,-0.4817008972167969,-0.0005612075910903513,-0.6144670844078064,-7.3520708084106445,-8.619032859802246,0.14947091042995453,0.0,0.0,0.24742716550827026,,,
6,17499,0.009258270263671875,0.9863944053649902,0.4932800233364105,-0.2932548522949219,-0.00033996126148849726,-0.6792293190956116,-7.301943778991699,-8.599806785583496,0.14999176561832428,0.0,0.0,0.25170737504959106,,,
6,17499,,,,,,,,,,,,,-7.949572563171387,-8.087807655334473,-8.487199783325195
7,17549,,,,,,-0.48643049597740173,-7.5129714012146,-8.589203834533691,0.14977695047855377,0.0,0.0,0.24875792860984802,,,
7,17599,,,,0.3833770751953125,0.0004424925136845559,-0.6112707853317261,-7.508735179901123,-8.54953670501709,0.15222010016441345,0.0,0.0,0.251309871673584,,,
7,17649,,,,0.14801025390625,0.00017188455967698246,-0.6541644334793091,-7.595386505126953,-8.589869499206543,0.1551705300807953,0.0,0.0,0.2547691762447357,,,
7,17699,,,,-0.18711090087890625,-0.00021740460942965,-0.516222357749939,-7.556135177612305,-8.575105667114258,0.15451966226100922,0.0,0.0,0.25346824526786804,,,
7,17749,,,,-0.18711090087890625,-0.00021740460942965,-0.5876935720443726,-7.450726509094238,-8.547404289245605,0.1517019420862198,0.0,0.0,0.25034934282302856,,,
7,17799,,,,-0.18711090087890625,-0.00021740460942965,-0.8351890444755554,-7.657351970672607,-8.594579696655273,0.15129666030406952,0.0,0.0,0.2500438690185547,,,
7,17849,,,,-0.8204460144042969,-0.0009573072893545032,-0.5800948739051819,-7.396761894226074,-8.597597122192383,0.15021751821041107,0.0,0.0,0.25495657324790955,,,
7,17899,,,,-0.8204460144042969,-0.0009573072893545032,-0.5515487194061279,-7.617856979370117,-8.621585845947266,0.1522103101015091,0.0,0.0,0.2509200870990753,,,
7,17949,,,,-0.8204460144042969,-0.0009573072893545032,-0.5195209980010986,-7.7162885665893555,-8.631028175354004,0.15162131190299988,0.0,0.0,0.2501169741153717,,,
7,17999,,,,0.3972053527832031,0.0004623129789251834,-0.604077935218811,-7.24195671081543,-8.518519401550293,0.15229195356369019,0.0,0.0,0.25134187936782837,,,
7,18049,,,,0.3972053527832031,0.0004623129789251834,-0.6146525144577026,-7.461047172546387,-8.634113311767578,0.1516818404197693,0.0,0.0,0.254198282957077,,,
7,18099,,,,1.0263442993164062,0.0011937447125092149,-0.644986093044281,-7.5810041427612305,-8.603175163269043,0.15167853236198425,0.0,0.0,0.25053104758262634,,,
7,18149,,,,1.0263442993164062,0.0011937447125092149,-0.612030565738678,-7.289533615112305,-8.56381893157959,0.15205219388008118,0.0,0.0,0.25056785345077515,,,
7,18199,,,,1.0263442993164062,0.0011937447125092149,-0.5594393014907837,-7.492337226867676,-8.590187072753906,0.15060153603553772,0.0,0.0,0.24863466620445251,,,
7,18249,,,,1.0263442993164062,0.0011937447125092149,-0.5430293083190918,-7.6188554763793945,-8.58913516998291,0.15328064560890198,0.0,0.0,0.25147464871406555,,,
7,18299,0.019977569580078125,0.9863570332527161,0.4933047890663147,0.167083740234375,0.00019388977671042085,-0.5376590490341187,-7.2737345695495605,-8.589847564697266,0.153249591588974,0.0,0.0,0.25753480195999146,,,
7,18349,0.019977569580078125,0.9863570332527161,0.4933047890663147,0.167083740234375,0.00019388977671042085,-0.5287065505981445,-7.396008014678955,-8.560654640197754,0.15659800171852112,0.0,0.0,0.2548587918281555,,,
7,18399,0.019977569580078125,0.9863570332527161,0.4933047890663147,-0.30879974365234375,-0.0003594827139750123,-0.5980749130249023,-7.566739559173584,-8.5254487991333,0.15389689803123474,0.0,0.0,0.25256097316741943,,,
7,18449,0.019977569580078125,0.9863570332527161,0.4933047890663147,0.07448196411132812,8.660296589368954e-05,-0.6911117434501648,-7.474574089050293,-8.532048225402832,0.1567903608083725,0.0,0.0,0.26273313164711,,,
7,18499,0.019977569580078125,0.9863570332527161,0.4933047890663147,0.07448196411132812,8.660296589368954e-05,-0.5851526260375977,-7.356060028076172,-8.539737701416016,0.1534462720155716,0.0,0.0,0.25756385922431946,,,
7,18549,0.019977569580078125,0.9863570332527161,0.4933047890663147,0.07448196411132812,8.660296589368954e-05,-0.5127989053726196,-7.445568084716797,-8.518861770629883,0.15331637859344482,0.0,0.0,0.2588231563568115,,,
7,18599,0.019977569580078125,0.9863570332527161,0.4933047890663147,0.07448196411132812,8.660296589368954e-05,-0.6157088279724121,-7.45097017288208,-8.534475326538086,0.1533917486667633,0.0,0.0,0.2604734003543854,,,
7,18649,0.019977569580078125,0.9863570332527161,0.4933047890663147,0.07448196411132812,8.660296589368954e-05,-0.5474445819854736,-7.617245674133301,-8.629599571228027,0.15333764255046844,0.0,0.0,0.2575812041759491,,,
7,18699,0.019977569580078125,0.9863570332527161,0.4933047890663147,0.07448196411132812,8.660296589368954e-05,-0.5820608139038086,-7.397533416748047,-8.51041316986084,0.1526673436164856,0.0,0.0,0.2507249712944031,,,
7,18749,0.019977569580078125,0.9863570332527161,0.4933047890663147,0.1476287841796875,0.00017243201727978885,-0.5591654181480408,-7.3896331787109375,-8.534768104553223,0.15275989472866058,0.0,0.0,0.25088968873023987,,,
7,18799,0.019977569580078125,0.9863570332527161,0.4933047890663147,0.1476287841796875,0.00017243201727978885,-0.5283148288726807,-7.652544021606445,-8.543536186218262,0.15253262221813202,0.0,0.0,0.2506403923034668,,,
7,18849,0.019977569580078125,0.9863570332527161,0.4933047890663147,0.1476287841796875,0.00017243201727978885,-0.5373992323875427,-7.548987865447998,-8.598282814025879,0.15339483320713043,0.0,0.0,0.2515842318534851,,,
7,18899,0.019977569580078125,0.9863570332527161,0.4933047890663147,0.1476287841796875,0.00017243201727978885,-0.49535664916038513,-7.552498817443848,-8.57388687133789,0.15380634367465973,0.0,0.0,0.2563573122024536,,,
7,18949,0.019977569580078125,0.9863570332527161,0.4933047890663147,0.1476287841796875,0.00017243201727978885,-0.559234082698822,-7.421913146972656,-8.605049133300781,0.1537620574235916,0.0,0.0,0.2523925304412842,,,
7,18999,0.019977569580078125,0.9863570332527161,0.4933047890663147,0.1476287841796875,0.00017243201727978885,-0.5449325442314148,-7.496758460998535,-8.623717308044434,0.15300169587135315,0.0,0.0,0.25153303146362305,,,
7,19049,0.019977569580078125,0.9863570332527161,0.4933047890663147,0.1476287841796875,0.00017243201727978885,-0.5929283499717712,-7.515876770019531,-8.594511985778809,0.15459950268268585,0.0,0.0,0.2533707618713379,,,
7,19099,0.019977569580078125,0.9863570332527161,0.4933047890663147,0.4269599914550781,0.0004977711359970272,-0.5049164295196533,-7.6172285079956055,-8.577435493469238,0.30703139305114746,0.0,0.0,0.5071395039558411,,,
7,19149,0.019977569580078125,0.9863570332527161,0.4933047890663147,0.34770965576171875,0.00040551545680500567,-0.5448942184448242,-7.616022109985352,-8.586156845092773,0.15109431743621826,0.0,0.0,0.2498057335615158,,,
7,19199,0.027391433715820312,0.9863053560256958,0.49371930956840515,-0.07658004760742188,-8.869591692928225e-05,-0.5446483492851257,-7.271106243133545,-8.572986602783203,0.1514441817998886,0.0,0.0,0.24974413216114044,,,
7,19249,0.027391433715820312,0.9863053560256958,0.49371930956840515,-0.21619796752929688,-0.0002519707486499101,-0.4682612419128418,-7.057724475860596,-8.60146427154541,0.1512436866760254,0.0,0.0,0.24850499629974365,,,
7,19299,0.027391433715820312,0.9863053560256958,0.49371930956840515,0.17023086547851562,0.00019939939375035465,-0.5196877717971802,-7.351709365844727,-8.53718090057373,0.30562782287597656,0.0,0.0,0.4985719323158264,,,
7,19349,0.027391433715820312,0.9863053560256958,0.49371930956840515,-0.28209686279296875,-0.0003295167989563197,-0.7481576204299927,-7.189724922180176,-8.536006927490234,0.15269792079925537,0.0,0.0,0.2508796751499176,,,
7,19399,0.027391433715820312,0.9863053560256958,0.49371930956840515,-0.13933181762695312,-0.00016192739713005722,-0.6183595061302185,-7.585692882537842,-8.580050468444824,0.1518963724374771,0.0,0.0,0.2501662075519562,,,
7,19449,0.027391433715820312,0.9863053560256958,0.49371930956840515,0.39005279541015625,0.00045647445949725807,-0.6107562184333801,-7.57191801071167,-8.504387855529785,0.15384569764137268,0.0,0.0,0.26010262966156006,,,
7,19499,0.027391433715820312,0.9863053560256958,0.49371930956840515,0.39005279541015625,0.00045647445949725807,-0.5651822686195374,-7.648850440979004,-8.577777862548828,0.15276169776916504,0.0,0.0,0.2583049535751343,,,
7,19549,0.027391433715820312,0.9863053560256958,0.49371930956840515,0.39005279541015625,0.00045647445949725807,-0.5433772802352905,-7.617253303527832,-8.584062576293945,0.1517399549484253,0.0,0.0,0.25018781423568726,,,
7,19599,0.027391433715820312,0.9863053560256958,0.49371930956840515,-0.0209808349609375,-2.4489445422659628e-05,-0.5063239932060242,-7.431062698364258,-8.547077178955078,0.15207405388355255,0.0,0.0,0.25053057074546814,,,
7,19649,0.027391433715820312,0.9863053560256958,0.49371930956840515,-0.0209808349609375,-2.4489445422659628e-05,-0.5038442015647888,-7.415202617645264,-8.552657127380371,0.151662677526474,0.0,0.0,0.2502366006374359,,,
7,19699,0.027391433715820312,0.9863053560256958,0.49371930956840515,-0.0209808349609375,-2.4489445422659628e-05,-0.5177457928657532,-7.497042655944824,-8.595999717712402,0.1534537822008133,0.0,0.0,0.25194618105888367,,,
7,19749,0.027391433715820312,0.9863053560256958,0.49371930956840515,-0.3392219543457031,-0.000397481577238068,-0.5123413801193237,-7.541588306427002,-8.60274600982666,0.15389400720596313,0.0,0.0,0.2520490884780884,,,
7,19799,0.027391433715820312,0.9863053560256958,0.49371930956840515,-0.3392219543457031,-0.000397481577238068,-0.5480585098266602,-7.61809778213501,-8.607171058654785,0.154455304145813,0.0,0.0,0.25262200832366943,,,
7,19849,0.027391433715820312,0.9863053560256958,0.49371930956840515,-0.3392219543457031,-0.000397481577238068,-0.48312216997146606,-7.262042999267578,-8.512411117553711,0.15342815220355988,0.0,0.0,0.251603364944458,,,
7,19899,-0.10877227783203125,0.9861619472503662,0.4933144748210907,0.15726089477539062,0.00018283755343873054,-0.5652193427085876,-7.455746173858643,-8.564826011657715,0.15092168748378754,0.0,0.0,0.24925987422466278,,,
7,19949,-0.10877227783203125,0.9861619472503662,0.4933144748210907,0.15726089477539062,0.00018283755343873054,-0.5872424244880676,-7.522824287414551,-8.5252685546875,0.1509491354227066,0.0,0.0,0.24865008890628815,,,
7,19999,-0.10877227783203125,0.9861619472503662,0.4933144748210907,0.15726089477539062,0.00018283755343873054,-0.5028332471847534,-7.303937911987305,-8.503993034362793,0.15113142132759094,0.0,0.0,0.24962030351161957,,,
7,19999,,,,,,,,,,,,,-7.936753273010254,-8.070821762084961,-8.44974422454834
8,20049,,,,-0.3600120544433594,-0.0004219401744194329,-0.4939059019088745,-7.650644302368164,-8.579151153564453,0.1502179354429245,0.0,0.0,0.2525020241737366,,,
8,20099,,,,0.6920814514160156,0.0008055342477746308,-0.5196754336357117,-7.655987739562988,-8.555081367492676,0.15031059086322784,0.0,0.0,0.2488304078578949,,,
8,20149,,,,0.6920814514160156,0.0008055342477746308,-0.6116064786911011,-7.521631240844727,-8.62130355834961,0.15083786845207214,0.0,0.0,0.2498534917831421,,,
8,20199,,,,0.6920814514160156,0.0008055342477746308,-0.5471497178077698,-7.430469989776611,-8.57345199584961,0.15093499422073364,0.0,0.0,0.25019779801368713,,,
8,20249,,,,0.6920814514160156,0.0008055342477746308,-0.5226629376411438,-7.568634986877441,-8.545669555664062,0.15259821712970734,0.0,0.0,0.2517297863960266,,,
8,20299,,,,-0.38166046142578125,-0.0004459322663024068,-0.617691695690155,-7.499876499176025,-8.563324928283691,0.15060579776763916,0.0,0.0,0.24951167404651642,,,
8,20349,,,,-0.22678375244140625,-0.00026677263667806983,-0.6280511617660522,-7.459837436676025,-8.50447940826416,0.1503673940896988,0.0,0.0,0.24932293593883514,,,
8,20399,,,,0.005626678466796875,6.584694347111508e-06,-0.4696425795555115,-7.4655632972717285,-8.522562026977539,0.1509355902671814,0.0,0.0,0.25014352798461914,,,
8,20449,,,,0.24271011352539062,0.0002839791704900563,-0.5771037936210632,-7.4878644943237305,-8.524311065673828,0.15125180780887604,0.0,0.0,0.2503150701522827,,,
8,20499,,,,0.3527641296386719,0.0004111279849894345,-0.5825004577636719,-7.420503616333008,-8.522294044494629,0.15041226148605347,0.0,0.0,0.24895481765270233,,,
8,20549,-0.051971435546875,0.9863907098770142,0.4932803213596344,0.31375885009765625,0.00036532030208036304,-0.47288978099823,-7.376982688903809,-8.554179191589355,0.15058235824108124,0.0,0.0,0.24864256381988525,,,
8,20599,-0.051971435546875,0.9863907098770142,0.4932803213596344,0.164031982421875,0.0001904460514197126,-0.432463139295578,-7.409181594848633,-8.512553215026855,0.15076063573360443,0.0,0.0,0.2533697783946991,,,
8,20649,-0.051971435546875,0.9863907098770142,0.4932803213596344,0.164031982421875,0.0001904460514197126,-0.5465977191925049,-7.514340877532959,-8.572417259216309,0.15173684060573578,0.0,0.0,0.2497798353433609,,,
8,20699,-0.051971435546875,0.9863907098770142,0.4932803213596344,0.164031982421875,0.0001904460514197126,-0.4336310625076294,-7.59324836730957,-8.58065128326416,0.15106919407844543,0.0,0.0,0.24973510205745697,,,
8,20749,-0.051971435546875,0.9863907098770142,0.4932803213596344,0.164031982421875,0.0001904460514197126,-0.5278816223144531,-7.2528815269470215,-8.501821517944336,0.15111428499221802,0.0,0.0,0.24964764714241028,,,
8,20799,-0.051971435546875,0.9863907098770142,0.4932803213596344,0.164031982421875,0.0001904460514197126,-0.5062322616577148,-7.512312889099121,-8.467875480651855,0.15182730555534363,0.0,0.0,0.25070032477378845,,,
8,20849,-0.051971435546875,0.9863907098770142,0.4932803213596344,0.11339187622070312,0.00013310363283380866,-0.5406883358955383,-7.288046360015869,-8.53891658782959,0.15106575191020966,0.0,0.0,0.25013241171836853,,,
8,20899,-0.051971435546875,0.9863907098770142,0.4932803213596344,0.27523040771484375,0.00032340132747776806,-0.5082193613052368,-7.178807258605957,-8.486870765686035,0.15426406264305115,0.0,0.0,0.25321924686431885,,,
8,20949,-0.051971435546875,0.9863907098770142,0.4932803213596344,0.3218650817871094,0.0003755257639568299,-0.6482539772987366,-7.5123701095581055,-8.55927848815918,0.15372875332832336,0.0,0.0,0.25268566608428955,,,
8,20999,-0.051971435546875,0.9863907098770142,0.4932803213596344,0.3218650817871094,0.0003755257639568299,-0.46767398715019226,-7.593925476074219,-8.551382064819336,0.1532646268606186,0.0,0.0,0.25174179673194885,,,
8,21049,-0.051971435546875,0.9863907098770142,0.4932803213596344,-0.08745193481445312,-0.00010252640640828758,-0.4630012512207031,-7.610082149505615,-8.514379501342773,0.153361514210701,0.0,0.0,0.25207602977752686,,,
8,21099,-0.051971435546875,0.9863907098770142,0.4932803213596344,-0.08745193481445312,-0.00010252640640828758,-0.4935826361179352,-7.488897800445557,-8.545036315917969,0.1532992571592331,0.0,0.0,0.2517625093460083,,,
8,21149,-0.051971435546875,0.9863907098770142,0.4932803213596344,-0.08745193481445312,-0.00010252640640828758,-0.5081789493560791,-7.670141696929932,-8.590667724609375,0.1530776470899582,0.0,0.0,0.25972768664360046,,,
8,21199,-0.04245185852050781,0.9863027334213257,0.49229034781455994,0.4920005798339844,0.0005742227076552808,-0.4615306258201599,-7.565804481506348,-8.54703140258789,0.15062449872493744,0.0,0.0,0.2574073374271393,,,
8,21249,-0.04245185852050781,0.9863027334213257,0.49229034781455994,-0.3795623779296875,-0.00044549829908646643,-0.5044617056846619,-7.56602144241333,-8.582428932189941,0.15079006552696228,0.0,0.0,0.2487250119447708,,,
8,21299,-0.04245185852050781,0.9863027334213257,0.49229034781455994,-0.3795623779296875,-0.00044549829908646643,-0.8261683583259583,-7.542738437652588,-8.540087699890137,0.1508195698261261,0.0,0.0,0.2491726577281952,,,
8,21349,-0.04245185852050781,0.9863027334213257,0.49229034781455994,-0.3795623779296875,-0.00044549829908646643,-0.5347164273262024,-7.561312198638916,-8.574475288391113,0.15179841220378876,0.0,0.0,0.2500714659690857,,,
8,21399,-0.04245185852050781,0.9863027334213257,0.49229034781455994,-0.3795623779296875,-0.00044549829908646643,-0.5836284756660461,-7.319288730621338,-8.47140884399414,0.15282244980335236,0.0,0.0,0.2512519955635071,,,
8,21449,-0.04245185852050781,0.9863027334213257,0.49229034781455994,-0.3795623779296875,-0.00044549829908646643,-0.6324536204338074,-7.510682582855225,-8.557940483093262,0.15256649255752563,0.0,0.0,0.2515183389186859,,,
8,21499,-0.04245185852050781,0.9863027334213257,0.49229034781455994,-0.3795623779296875,-0.00044549829908646643,-0.5071274042129517,-7.478724956512451,-8.527792930603027,0.15253128111362457,0.0,0.0,0.25123077630996704,,,
8,21549,-0.04245185852050781,0.9863027334213257,0.49229034781455994,-0.3795623779296875,-0.00044549829908646643,-0.5032325387001038,-7.6390862464904785,-8.541865348815918,0.17764338850975037,0.0,0.0,0.2768331468105316,,,
8,21599,-0.04245185852050781,0.9863027334213257,0.49229034781455994,-0.6162643432617188,-0.0007215568330138922,-0.47842031717300415,-7.53876256942749,-8.540759086608887,0.3058154284954071,0.0,0.0,0.5068413019180298,,,
8,21649,-0.04245185852050781,0.9863027334213257,0.49229034781455994,-0.6162643432617188,-0.0007215568330138922,-0.5400403738021851,-7.298431396484375,-8.483134269714355,0.1556839495897293,0.0,0.0,0.25530049204826355,,,
8,21699,-0.04245185852050781,0.9863027334213257,0.49229034781455994,-0.1861572265625,-0.00021837935491930693,-0.4522562623023987,-7.079828262329102,-8.461895942687988,0.1539415568113327,0.0,0.0,0.25323447585105896,,,
8,21749,-0.04245185852050781,0.9863027334213257,0.49229034781455994,-0.1861572265625,-0.00021837935491930693,-0.45282256603240967,-7.421382904052734,-8.530584335327148,0.15531404316425323,0.0,0.0,0.2581007182598114,,,
8,21799,-0.04245185852050781,0.9863027334213257,0.49229034781455994,-0.1861572265625,-0.00021837935491930693,-0.4896481931209564,-7.440119743347168,-8.604775428771973,0.17108756303787231,0.0,0.0,0.277143269777298,,,
8,21849,-0.04245185852050781,0.9863027334213257,0.49229034781455994,-0.1861572265625,-0.00021837935491930693,-0.6092380881309509,-7.330989837646484,-8.54312515258789,0.15372489392757416,0.0,0.0,0.25293976068496704,,,
8,21899,-0.04245185852050781,0.9863027334213257,0.49229034781455994,-0.1861572265625,-0.00021837935491930693,-0.4891202449798584,-7.147299766540527,-8.518819808959961,0.1511681079864502,0.0,0.0,0.25625309348106384,,,
8,21949,-0.04245185852050781,0.9863027334213257,0.49229034781455994,0.66375732421875,0.000776875123847276,-0.48651373386383057,-7.592663764953613,-8.565119743347168,0.15150023996829987,0.0,0.0,0.2504051923751831,,,
8,21999,-0.04245185852050781,0.9863027334213257,0.49229034781455994,0.66375732421875,0.000776875123847276,-0.46799272298812866,-7.436885833740234,-8.541176795959473,0.1510394811630249,0.0,0.0,0.24940024316310883,,,
8,22049,-0.04245185852050781,0.9863027334213257,0.49229034781455994,-0.18939971923828125,-0.00022217667719814926,-0.716428816318512,-7.403292179107666,-8.491853713989258,0.1504942774772644,0.0,0.0,0.2559376657009125,,,
8,22099,-0.04245185852050781,0.9863027334213257,0.49229034781455994,-0.18939971923828125,-0.00022217667719814926,-0.47280433773994446,-7.3272318840026855,-8.554323196411133,0.1506188064813614,0.0,0.0,0.24932211637496948,,,
8,22149,-0.04245185852050781,0.9863027334213257,0.49229034781455994,-0.18939971923828125,-0.00022217667719814926,-0.47163984179496765,-7.349085807800293,-8.536314964294434,0.15092340111732483,0.0,0.0,0.24935321509838104,,,
8,22199,-0.04245185852050781,0.9863027334213257,0.49229034781455994,-0.18939971923828125,-0.00022217667719814926,-0.5126044154167175,-7.545076370239258,-8.55362319946289,0.15095384418964386,0.0,0.0,0.24987737834453583,,,
8,22249,-0.04245185852050781,0.9863027334213257,0.49229034781455994,-0.1110076904296875,-0.00013104408571962267,-0.5016831755638123,-7.656088829040527,-8.520723342895508,0.15131618082523346,0.0,0.0,0.2504829168319702,,,
8,22299,-0.04245185852050781,0.9863027334213257,0.49229034781455994,-0.14753341674804688,-0.0001742018066579476,-0.4483502507209778,-7.4715962409973145,-8.55620002746582,0.15463627874851227,0.0,0.0,0.25471824407577515,,,
8,22349,-0.04245185852050781,0.9863027334213257,0.49229034781455994,-0.14753341674804688,-0.0001742018066579476,-0.520763099193573,-7.534927845001221,-8.580596923828125,0.18756794929504395,0.0,0.0,0.29217836260795593,,,
8,22399,-0.04245185852050781,0.9863027334213257,0.49229034781455994,-0.14753341674804688,-0.0001742018066579476,-0.5317602753639221,-7.583408832550049,-8.542065620422363,0.1542818397283554,0.0,0.0,0.25329071283340454,,,
8,22449,-0.04245185852050781,0.9863027334213257,0.49229034781455994,-0.14753341674804688,-0.0001742018066579476,-0.512114942073822,-7.310258865356445,-8.530190467834473,0.15432530641555786,0.0,0.0,0.2535562217235565,,,
8,22499,-0.04245185852050781,0.9863027334213257,0.49229034781455994,-0.14753341674804688,-0.0001742018066579476,-0.4800860583782196,-7.292573928833008,-8.493017196655273,0.15135982632637024,0.0,0.0,0.2501695156097412,,,
8,22499,,,,,,,,,,,,,-7.9344258308410645,-8.070528984069824,-8.435097694396973
9,22549,,,,,,-0.4743614196777344,-7.356838226318359,-8.51496696472168,0.1519145965576172,0.0,0.0,0.25094497203826904,,,
9,22599,,,,,,-0.4087592363357544,-7.5080485343933105,-8.554460525512695,0.15144433081150055,0.0,0.0,0.2504071593284607,,,
9,22649,,,,,,-0.591974139213562,-7.497478008270264,-8.55448055267334,0.1520470529794693,0.0,0.0,0.2510821521282196,,,
9,22699,,,,,,-0.5302620530128479,-7.450536727905273,-8.545239448547363,0.15186457335948944,0.0,0.0,0.25088316202163696,,,
9,22749,,,,,,-0.511651337146759,-7.23831844329834,-8.53889274597168,0.1519147753715515,0.0,0.0,0.2509937286376953,,,
9,22799,,,,,,-0.4118325710296631,-7.555570602416992,-8.552726745605469,0.15151497721672058,0.0,0.0,0.2505140006542206,,,
9,22849,,,,,,-0.45512038469314575,-7.469642639160156,-8.526951789855957,0.1511012762784958,0.0,0.0,0.24976308643817902,,,
9,22899,,,,,,-0.5036754608154297,-7.422350883483887,-8.564655303955078,0.1506672203540802,0.0,0.0,0.24916577339172363,,,
9,22949,-0.11849784851074219,0.9861603379249573,0.49340078234672546,0.5434036254882812,0.0006403943407349288,-0.4923299252986908,-7.37250280380249,-8.457534790039062,0.15211524069309235,0.0,0.0,0.2503368556499481,,,
9,22999,-0.11849784851074219,0.9861603379249573,0.49340078234672546,-0.09403228759765625,-0.00010949823627015576,-0.46872568130493164,-7.529593467712402,-8.528843879699707,0.15057875216007233,0.0,0.0,0.24865193665027618,,,
9,23049,-0.11849784851074219,0.9861603379249573,0.49340078234672546,-0.09403228759765625,-0.00010949823627015576,-0.5304555892944336,-7.3314104080200195,-8.50687026977539,0.15464875102043152,0.0,0.0,0.2595585584640503,,,
9,23099,-0.11849784851074219,0.9861603379249573,0.49340078234672546,-0.09403228759765625,-0.00010949823627015576,-0.5421178936958313,-7.267568588256836,-8.516655921936035,0.15136165916919708,0.0,0.0,0.2517389953136444,,,
9,23149,-0.11849784851074219,0.9861603379249573,0.49340078234672546,-0.09403228759765625,-0.00010949823627015576,-0.5062307715415955,-7.436929702758789,-8.474838256835938,0.15106257796287537,0.0,0.0,0.24986951053142548,,,
9,23199,-0.11849784851074219,0.9861603379249573,0.49340078234672546,-0.09403228759765625,-0.00010949823627015576,-0.5070111155509949,-7.3874640464782715,-8.493518829345703,0.1541309356689453,0.0,0.0,0.2530585527420044,,,
9,23249,-0.11849784851074219,0.9861603379249573,0.49340078234672546,-0.09403228759765625,-0.00010949823627015576,-0.49303850531578064,-7.422346115112305,-8.52762222290039,0.1525687724351883,0.0,0.0,0.25142475962638855,,,
9,23299,-0.11849784851074219,0.9861603379249573,0.49340078234672546,-0.09403228759765625,-0.00010949823627015576,-0.6175033450126648,-7.4296064376831055,-8.547234535217285,0.14966142177581787,0.0,0.0,0.2480270266532898,,,
9,23349,-0.11849784851074219,0.9861603379249573,0.49340078234672546,-0.09403228759765625,-0.00010949823627015576,-0.5182390809059143,-7.49890661239624,-8.530043601989746,0.1491651087999344,0.0,0.0,0.24761800467967987,,,
9,23399,-0.11849784851074219,0.9861603379249573,0.49340078234672546,-0.09403228759765625,-0.00010949823627015576,-0.4677766263484955,-7.596784591674805,-8.54550552368164,0.15047788619995117,0.0,0.0,0.24905316531658173,,,
9,23449,-0.11849784851074219,0.9861603379249573,0.49340078234672546,-0.09403228759765625,-0.00010949823627015576,-0.5322843194007874,-7.417317867279053,-8.48908805847168,0.15032993257045746,0.0,0.0,0.2486959546804428,,,
9,23499,-0.11849784851074219,0.9861603379249573,0.49340078234672546,-0.09403228759765625,-0.00010949823627015576,-0.5050255656242371,-7.336350917816162,-8.453311920166016,0.15124182403087616,0.0,0.0,0.25012290477752686,,,
9,23549,-0.11849784851074219,0.9861603379249573,0.49340078234672546,-0.09403228759765625,-0.00010949823627015576,-0.5534452795982361,-7.351273536682129,-8.458313941955566,0.17842933535575867,0.0,0.0,0.27747517824172974,,,
9,23599,-0.11849784851074219,0.9861603379249573,0.49340078234672546,-0.09403228759765625,-0.00010949823627015576,-0.5482813119888306,-7.626931190490723,-8.526079177856445,0.15078803896903992,0.0,0.0,0.24953216314315796,,,
9,23649,-0.11849784851074219,0.9861603379249573,0.49340078234672546,-0.09403228759765625,-0.00010949823627015576,-0.4995552599430084,-7.474175930023193,-8.555006980895996,0.15123258531093597,0.0,0.0,0.25012171268463135,,,
9,23699,-0.11849784851074219,0.9861603379249573,0.49340078234672546,-0.09403228759765625,-0.00010949823627015576,-0.46194180846214294,-7.543302536010742,-8.559615135192871,0.15254364907741547,0.0,0.0,0.25144627690315247,,,
9,23749,-0.11849784851074219,0.9861603379249573,0.49340078234672546,-0.4302978515625,-0.000504119845572859,-0.5706390142440796,-7.483760833740234,-8.555035591125488,0.15203486382961273,0.0,0.0,0.2510859966278076,,,
9,23799,-0.11849784851074219,0.9861603379249573,0.49340078234672546,0.3584861755371094,0.0004209036414977163,-0.6012983322143555,-7.459290027618408,-8.512236595153809,0.15381574630737305,0.0,0.0,0.2548794448375702,,,
9,23849,-0.11849784851074219,0.9861603379249573,0.49340078234672546,-0.10671615600585938,-0.00012567501107696444,-0.5098567605018616,-7.318404197692871,-8.5009765625,0.17267709970474243,0.0,0.0,0.271272748708725,,,
9,23899,-0.11849784851074219,0.9861603379249573,0.49340078234672546,-0.10671615600585938,-0.00012567501107696444,-0.43651530146598816,-7.503911972045898,-8.487730979919434,0.15128299593925476,0.0,0.0,0.24970252811908722,,,
9,23949,-0.11849784851074219,0.9861603379249573,0.49340078234672546,-0.11491775512695312,-0.00013512466102838516,-0.4775136411190033,-7.420647621154785,-8.498894691467285,0.1505202203989029,0.0,0.0,0.24890463054180145,,,
9,23999,-0.11849784851074219,0.9861603379249573,0.49340078234672546,0.13227462768554688,0.0001554093905724585,-0.43707191944122314,-7.608846664428711,-8.508615493774414,0.1504984349012375,0.0,0.0,0.2489902377128601,,,
9,24049,-0.11849784851074219,0.9861603379249573,0.49340078234672546,0.13227462768554688,0.0001554093905724585,-0.5126181840896606,-7.364044189453125,-8.513280868530273,0.15156866610050201,0.0,0.0,0.2504255771636963,,,
9,24099,-0.11849784851074219,0.9861603379249573,0.49340078234672546,-0.7025718688964844,-0.000821673427708447,-0.5186721682548523,-7.43501615524292,-8.556891441345215,0.15176764130592346,0.0,0.0,0.2507520616054535,,,
9,24149,-0.11849784851074219,0.9861603379249573,0.49340078234672546,-0.7025718688964844,-0.000821673427708447,-0.5182294845581055,-7.482436656951904,-8.537006378173828,0.1515330821275711,0.0,0.0,0.2504440248012543,,,
9,24199,-0.11849784851074219,0.9861603379249573,0.49340078234672546,-0.7025718688964844,-0.000821673427708447,-0.5920848846435547,-7.385316848754883,-8.451720237731934,0.15201537311077118,0.0,0.0,0.2508275806903839,,,
9,24249,0.007678985595703125,0.9859932065010071,0.4939793050289154,-0.3765106201171875,-0.000444092700490728,-0.46908682584762573,-7.258682727813721,-8.478199005126953,0.30303332209587097,144.3379364013672,0.0,144.88392639160156,,,
9,24299,0.007678985595703125,0.9859932065010071,0.4939793050289154,-0.3765106201171875,-0.000444092700490728,-0.5472382307052612,-7.496469497680664,-8.455976486206055,0.15089070796966553,0.0,0.0,0.24876217544078827,,,
9,24349,0.007678985595703125,0.9859932065010071,0.4939793050289154,-0.3765106201171875,-0.000444092700490728,-0.558340847492218,-7.545353889465332,-8.500783920288086,0.1496821641921997,0.0,0.0,0.24690088629722595,,,
9,24399,0.007678985595703125,0.9859932065010071,0.4939793050289154,0.05435943603515625,6.367181049427018e-05,-0.6494483947753906,-7.500221252441406,-8.482709884643555,0.1499374806880951,0.0,0.0,0.2478272020816803,,,
9,24449,0.007678985595703125,0.9859932065010071,0.4939793050289154,-0.10976791381835938,-0.0001283613091800362,-0.4780728816986084,-7.477365493774414,-8.52385139465332,0.14983762800693512,0.0,0.0,0.2475891411304474,,,
9,24499,0.007678985595703125,0.9859932065010071,0.4939793050289154,-0.10976791381835938,-0.0001283613091800362,-0.4408416748046875,-7.529694080352783,-8.531174659729004,0.14955925941467285,0.0,0.0,0.24816566705703735,,,
9,24549,0.007678985595703125,0.9859932065010071,0.4939793050289154,-0.10976791381835938,-0.0001283613091800362,-0.4894349277019501,-7.462803840637207,-8.512035369873047,0.15206001698970795,0.0,0.0,0.2508864104747772,,,
9,24599,0.007678985595703125,0.9859932065010071,0.4939793050289154,0.3062248229980469,0.00036100897705182433,-0.43141722679138184,-7.436105728149414,-8.441141128540039,0.151502326130867,0.0,0.0,0.25040045380592346,,,
9,24649,0.007678985595703125,0.9859932065010071,0.4939793050289154,0.3062248229980469,0.00036100897705182433,-0.501516580581665,-7.222489356994629,-8.479766845703125,0.15458489954471588,0.0,0.0,0.2535262107849121,,,
9,24699,0.007678985595703125,0.9859932065010071,0.4939793050289154,0.3062248229980469,0.00036100897705182433,-0.5631488561630249,-7.683826446533203,-8.547199249267578,0.1531449407339096,0.0,0.0,0.25210893154144287,,,
9,24749,0.007678985595703125,0.9859932065010071,0.4939793050289154,0.3062248229980469,0.00036100897705182433,-0.6450947523117065,-7.567309856414795,-8.552328109741211,0.19138647615909576,0.0,0.0,0.29771852493286133,,,
9,24799,0.007678985595703125,0.9859932065010071,0.4939793050289154,0.3062248229980469,0.00036100897705182433,-0.5082850456237793,-7.529775619506836,-8.52242660522461,0.18914106488227844,0.0,0.0,0.2958733141422272,,,
9,24849,0.007678985595703125,0.9859932065010071,0.4939793050289154,-0.00553131103515625,-6.492849934147671e-06,-0.5119320750236511,-7.6011457443237305,-8.537787437438965,0.18707706034183502,0.0,0.0,0.28604549169540405,,,
9,24899,0.007678985595703125,0.9859932065010071,0.4939793050289154,-0.8611679077148438,-0.001008746214210987,-0.523027241230011,-7.380653381347656,-8.460712432861328,0.1866903305053711,0.0,0.0,0.2859196364879608,,,
9,24949,0.007678985595703125,0.9859932065010071,0.4939793050289154,-0.8611679077148438,-0.001008746214210987,-0.39382490515708923,-7.5051445960998535,-8.495217323303223,0.18526232242584229,0.0,0.0,0.2840946316719055,,,
9,24999,0.007678985595703125,0.9859932065010071,0.4939793050289154,-0.10585784912109375,-0.00012440547288861126,-0.564332127571106,-7.642670631408691,-8.543350219726562,0.1863371729850769,0.0,0.0,0.2851925194263458,,,
9,24999,,,,,,,,,,,,,-7.921605587005615,-8.053892135620117,-8.414273262023926
10,25049,,,,-0.18911361694335938,-0.00022253977658692747,-0.48194876313209534,-7.388814926147461,-8.489161491394043,0.18775342404842377,0.0,0.0,0.28757593035697937,,,
10,25099,,,,-0.18911361694335938,-0.00022253977658692747,-0.6011708378791809,-7.446595191955566,-8.452672004699707,0.15248078107833862,0.0,0.0,0.2511730492115021,,,
10,25149,,,,-0.18911361694335938,-0.00022253977658692747,-0.5179059505462646,-7.500218868255615,-8.51544189453125,0.15183047950267792,0.0,0.0,0.25753113627433777,,,
10,25199,,,,-0.18911361694335938,-0.00022253977658692747,-0.42605894804000854,-7.547792434692383,-8.487447738647461,0.1521141082048416,0.0,0.0,0.25088566541671753,,,
10,25249,,,,-0.18911361694335938,-0.00022253977658692747,-0.4671892821788788,-7.231229782104492,-8.483120918273926,0.15313509106636047,0.0,0.0,0.25195544958114624,,,
10,25299,,,,0.12331008911132812,0.0001462714426452294,-0.45657557249069214,-7.372498989105225,-8.529305458068848,0.1531118005514145,0.0,0.0,0.2522942125797272,,,
10,25349,,,,0.12331008911132812,0.0001462714426452294,-0.4843089282512665,-7.305554389953613,-8.490887641906738,0.15284386277198792,0.0,0.0,0.2519603967666626,,,
10,25399,0.11155319213867188,0.986226499080658,0.49343496561050415,-0.5449295043945312,-0.0006419590208679438,-0.5218345522880554,-7.3973212242126465,-8.486306190490723,0.1502058207988739,0.0,0.0,0.24868224561214447,,,
10,25449,0.11155319213867188,0.986226499080658,0.49343496561050415,-0.5449295043945312,-0.0006419590208679438,-0.5298185348510742,-7.367735862731934,-8.568593978881836,0.18700794875621796,0.0,0.0,0.2916278839111328,,,
10,25499,0.11155319213867188,0.986226499080658,0.49343496561050415,-0.5449295043945312,-0.0006419590208679438,-0.4411555528640747,-7.438316822052002,-8.533271789550781,0.18761786818504333,0.0,0.0,0.2864367663860321,,,
10,25549,0.11155319213867188,0.986226499080658,0.49343496561050415,-0.5449295043945312,-0.0006419590208679438,-0.42122507095336914,-7.534253120422363,-8.51685619354248,0.1904352605342865,0.0,0.0,0.29728028178215027,,,
10,25599,0.11155319213867188,0.986226499080658,0.49343496561050415,0.5115509033203125,0.0006017552223056555,-0.5038842558860779,-7.481805801391602,-8.503935813903809,0.1853521317243576,0.0,0.0,0.28379541635513306,,,
10,25649,0.11155319213867188,0.986226499080658,0.49343496561050415,0.5115509033203125,0.0006017552223056555,-0.5302582383155823,-7.519654750823975,-8.508106231689453,0.18632878363132477,0.0,0.0,0.28478503227233887,,,
10,25699,0.11155319213867188,0.986226499080658,0.49343496561050415,0.06580352783203125,7.746439951006323e-05,-0.4762822091579437,-7.413015365600586,-8.518661499023438,0.1867167204618454,0.0,0.0,0.28529682755470276,,,
10,25749,0.11155319213867188,0.986226499080658,0.49343496561050415,0.2689361572265625,0.0003157343890052289,-0.4284677505493164,-7.58247184753418,-8.520808219909668,0.187088280916214,0.0,0.0,0.28590893745422363,,,
10,25799,0.11155319213867188,0.986226499080658,0.49343496561050415,0.2689361572265625,0.0003157343890052289,-0.5021005272865295,-7.296957015991211,-8.48166561126709,0.15362891554832458,0.0,0.0,0.2521626651287079,,,
10,25849,0.11155319213867188,0.986226499080658,0.49343496561050415,0.030612945556640625,3.587313767638989e-05,-0.5047248601913452,-7.4292168617248535,-8.401741981506348,0.15382269024848938,0.0,0.0,0.25252169370651245,,,
10,25899,0.11155319213867188,0.986226499080658,0.49343496561050415,0.030612945556640625,3.587313767638989e-05,-0.6433708667755127,-7.295119285583496,-8.49923038482666,0.15338334441184998,0.0,0.0,0.25201544165611267,,,
10,25949,0.11155319213867188,0.986226499080658,0.49343496561050415,0.030612945556640625,3.587313767638989e-05,-0.44636520743370056,-7.448246955871582,-8.523579597473145,0.15056964755058289,0.0,0.0,0.249038428068161,,,
10,25999,0.11155319213867188,0.986226499080658,0.49343496561050415,-0.16498565673828125,-0.00019409232481848449,-0.4687036871910095,-7.396063327789307,-8.472006797790527,0.15292389690876007,0.0,0.0,0.2521464228630066,,,
10,26049,0.11155319213867188,0.986226499080658,0.49343496561050415,-0.16498565673828125,-0.00019409232481848449,-0.5041182637214661,-7.530078887939453,-8.464221954345703,0.14965751767158508,0.0,0.0,0.24761329591274261,,,
10,26099,0.11155319213867188,0.986226499080658,0.49343496561050415,-0.15077590942382812,-0.00017751594714354724,-0.5160136222839355,-7.393767356872559,-8.531176567077637,0.1498001515865326,0.0,0.0,0.24792110919952393,,,
10,26149,0.11155319213867188,0.986226499080658,0.49343496561050415,-0.15077590942382812,-0.00017751594714354724,-0.5468674302101135,-7.601076126098633,-8.48845100402832,0.1514437347650528,0.0,0.0,0.24962487816810608,,,
10,26199,0.11155319213867188,0.986226499080658,0.49343496561050415,-0.11930465698242188,-0.00014054356142878532,-0.4520000219345093,-7.140773773193359,-8.497579574584961,0.14910148084163666,0.0,0.0,0.2470492422580719,,,
10,26249,0.1351337432861328,0.9861791729927063,0.4932560920715332,-0.25463104248046875,-0.00030087787308730185,-0.5459117889404297,-7.330039978027344,-8.52509593963623,0.14328798651695251,0.0,0.0,0.24101519584655762,,,
10,26299,0.1351337432861328,0.9861791729927063,0.4932560920715332,0.3658294677734375,0.00043265815475024283,-0.5322993397712708,-7.469121932983398,-8.465619087219238,0.15037785470485687,0.0,0.0,0.24816133081912994,,,
10,26349,0.1351337432861328,0.9861791729927063,0.4932560920715332,0.3658294677734375,0.00043265815475024283,-0.47569921612739563,-7.469634056091309,-8.476401329040527,0.14476880431175232,0.0,0.0,0.2422572672367096,,,
10,26399,0.1351337432861328,0.9861791729927063,0.4932560920715332,-0.050449371337890625,-5.947115641902201e-05,-0.48950156569480896,-7.335622310638428,-8.472830772399902,0.14699845016002655,0.0,0.0,0.24475395679473877,,,
10,26449,0.1351337432861328,0.9861791729927063,0.4932560920715332,-0.050449371337890625,-5.947115641902201e-05,-0.5070258378982544,-7.590463638305664,-8.45242691040039,0.14619134366512299,0.0,0.0,0.2436845302581787,,,
10,26499,0.1351337432861328,0.9861791729927063,0.4932560920715332,-0.050449371337890625,-5.947115641902201e-05,-0.54795902967453,-7.167835235595703,-8.540931701660156,0.14716805517673492,0.0,0.0,0.2453344315290451,,,
10,26549,0.1351337432861328,0.9861791729927063,0.4932560920715332,-0.050449371337890625,-5.947115641902201e-05,-0.461361825466156,-7.501972675323486,-8.45015811920166,0.14463938772678375,0.0,0.0,0.24269059300422668,,,
10,26599,0.1351337432861328,0.9861791729927063,0.4932560920715332,-0.20198822021484375,-0.00023967667948454618,-0.45978179574012756,-7.188516616821289,-8.480550765991211,0.14376354217529297,0.0,0.0,0.2419102042913437,,,
10,26649,0.1351337432861328,0.9861791729927063,0.4932560920715332,-0.4520416259765625,-0.0005322152283042669,-0.4282607138156891,-7.547038555145264,-8.488510131835938,0.15006554126739502,0.0,0.0,0.24831357598304749,,,
10,26699,0.1351337432861328,0.9861791729927063,0.4932560920715332,-0.4520416259765625,-0.0005322152283042669,-0.48806875944137573,-7.672668933868408,-8.497379302978516,0.18499116599559784,0.0,0.0,0.28476980328559875,,,
10,26749,0.1351337432861328,0.9861791729927063,0.4932560920715332,-0.4520416259765625,-0.0005322152283042669,-0.5130661725997925,-7.258859157562256,-8.453365325927734,0.14442919194698334,0.0,0.0,0.24234580993652344,,,
10,26799,0.1351337432861328,0.9861791729927063,0.4932560920715332,-0.4520416259765625,-0.0005322152283042669,-0.5176602005958557,-7.243808746337891,-8.491900444030762,0.14954794943332672,0.0,0.0,0.24928665161132812,,,
10,26849,0.1351337432861328,0.9861791729927063,0.4932560920715332,-0.4520416259765625,-0.0005322152283042669,-0.47342872619628906,-7.3673601150512695,-8.429877281188965,0.14262092113494873,0.0,0.0,0.24072517454624176,,,
10,26899,0.1351337432861328,0.9861791729927063,0.4932560920715332,-0.09441375732421875,-0.00011108051694463938,-0.5198646783828735,-7.585716247558594,-8.512589454650879,0.1451786309480667,0.0,0.0,0.24333655834197998,,,
10,26949,0.1351337432861328,0.9861791729927063,0.4932560920715332,-0.09441375732421875,-0.00011108051694463938,-0.5939458608627319,-7.4066877365112305,-8.493268966674805,0.1432880312204361,0.0,0.0,0.24154317378997803,,,
10,26999,0.1351337432861328,0.9861791729927063,0.4932560920715332,-0.39501190185546875,-0.00046304333955049515,-0.5332334637641907,-7.619121551513672,-8.521477699279785,0.14260193705558777,0.0,0.0,0.24065665900707245,,,
10,27049,0.1351337432861328,0.9861791729927063,0.4932560920715332,-0.39501190185546875,-0.00046304333955049515,-0.5056455731391907,-7.395205497741699,-8.48344898223877,0.14620515704154968,0.0,0.0,0.2443968653678894,,,
10,27099,0.1351337432861328,0.9861791729927063,0.4932560920715332,-0.39501190185546875,-0.00046304333955049515,-0.46901121735572815,-7.244274139404297,-8.474065780639648,0.14665427803993225,0.0,0.0,0.24496416747570038,,,
10,27149,0.1351337432861328,0.9861791729927063,0.4932560920715332,-0.39501190185546875,-0.00046304333955049515,-0.5196418762207031,-7.273617744445801,-8.463430404663086,0.15015101432800293,0.0,0.0,0.24883893132209778,,,
10,27199,-0.029405593872070312,0.9858335852622986,0.4927871823310852,-0.39997100830078125,-0.0004726426850538701,-0.5448965430259705,-7.55852746963501,-8.485569953918457,0.14379118382930756,0.0,0.0,0.24077445268630981,,,
10,27249,-0.029405593872070312,0.9858335852622986,0.4927871823310852,-0.39997100830078125,-0.0004726426850538701,-0.49133849143981934,-7.33809232711792,-8.492247581481934,0.14389152824878693,0.0,0.0,0.24099305272102356,,,
10,27299,-0.029405593872070312,0.9858335852622986,0.4927871823310852,-0.39997100830078125,-0.0004726426850538701,-0.4511132836341858,-7.641107082366943,-8.475639343261719,0.14400716125965118,0.0,0.0,0.24137312173843384,,,
10,27349,-0.029405593872070312,0.9858335852622986,0.4927871823310852,-0.1277923583984375,-0.00015051405353005975,-0.4842275083065033,-7.373542785644531,-8.529589653015137,0.14436417818069458,0.0,0.0,0.2418379932641983,,,
10,27399,-0.029405593872070312,0.9858335852622986,0.4927871823310852,-0.1277923583984375,-0.00015051405353005975,-0.530720055103302,-7.3098273277282715,-8.474417686462402,0.14891661703586578,0.0,0.0,0.24728678166866302,,,
10,27449,-0.029405593872070312,0.9858335852622986,0.4927871823310852,-0.1277923583984375,-0.00015051405353005975,-0.435485303401947,-7.349515914916992,-8.502373695373535,0.14412090182304382,0.0,0.0,0.2420748621225357,,,
10,27499,-0.029405593872070312,0.9858335852622986,0.4927871823310852,0.22172927856445312,0.0002611674426589161,-0.64766526222229,-7.386840343475342,-8.4736909866333,0.14426374435424805,0.0,0.0,0.24236644804477692,,,
10,27499,,,,,,,,,,,,,-7.920504570007324,-8.050858497619629,-8.394779205322266
11,27549,,,,0.016689300537109375,1.9789213183685206e-05,-0.42185068130493164,-7.521153450012207,-8.47639274597168,0.14441871643066406,0.0,0.0,0.24261066317558289,,,
11,27599,,,,0.016689300537109375,1.9789213183685206e-05,-0.4141547977924347,-7.3094282150268555,-8.500137329101562,0.14411719143390656,0.0,0.0,0.2422812432050705,,,
11,27649,,,,0.016689300537109375,1.9789213183685206e-05,-0.45514973998069763,-7.55173397064209,-8.503046989440918,0.14427922666072845,0.0,0.0,0.24246102571487427,,,
11,27699,,,,0.016689300537109375,1.9789213183685206e-05,-0.5402102470397949,-7.601729393005371,-8.515936851501465,0.14474576711654663,0.0,0.0,0.24287590384483337,,,
11,27749,,,,0.37403106689453125,0.00044197653187438846,-0.4355815052986145,-7.418666362762451,-8.476300239562988,0.14437082409858704,0.0,0.0,0.24253693222999573,,,
11,27799,,,,0.37403106689453125,0.00044197653187438846,-0.5274930596351624,-7.266110897064209,-8.453051567077637,0.14433333277702332,0.0,0.0,0.2425784468650818,,,
11,27849,,,,0.37403106689453125,0.00044197653187438846,-0.4681791663169861,-7.579526901245117,-8.448302268981934,0.14426065981388092,0.0,0.0,0.242606982588768,,,
11,27899,,,,0.18358230590820312,0.00021575330174528062,-0.48795485496520996,-7.302852630615234,-8.448222160339355,0.14450326561927795,0.0,0.0,0.2426908314228058,,,
11,27949,,,,0.18358230590820312,0.00021575330174528062,-0.4939097464084625,-7.351740837097168,-8.532584190368652,0.14574642479419708,0.0,0.0,0.2492562085390091,,,
11,27999,,,,0.18358230590820312,0.00021575330174528062,-0.4377376437187195,-7.5722503662109375,-8.515153884887695,0.1446325033903122,0.0,0.0,0.24278949201107025,,,
11,28049,,,,0.18358230590820312,0.00021575330174528062,-0.5251123905181885,-7.447811603546143,-8.453045845031738,0.1452082097530365,0.0,0.0,0.2433834820985794,,,
11,28099,,,,0.18358230590820312,0.00021575330174528062,-0.506612241268158,-7.364654064178467,-8.477961540222168,0.14428025484085083,0.0,0.0,0.24257341027259827,,,
11,28149,,,,0.07648468017578125,9.091680112760514e-05,-0.4512883424758911,-7.376473426818848,-8.412601470947266,0.2890906035900116,0.0,0.0,0.4829327464103699,,,
11,28199,-0.0036249160766601562,0.9858880043029785,0.49305275082588196,-0.054645538330078125,-6.443036545533687e-05,-0.4197230935096741,-7.355522155761719,-8.428024291992188,0.14441390335559845,0.0,0.0,0.24199046194553375,,,
11,28249,-0.0036249160766601562,0.9858880043029785,0.49305275082588196,0.28533935546875,0.0003359190886840224,-0.42436683177948,-7.543327808380127,-8.460076332092285,0.14435076713562012,0.0,0.0,0.2412537783384323,,,
11,28299,-0.0036249160766601562,0.9858880043029785,0.49305275082588196,0.28533935546875,0.0003359190886840224,-0.4634988307952881,-7.678624629974365,-8.452255249023438,0.143867626786232,0.0,0.0,0.241317018866539,,,
11,28349,-0.0036249160766601562,0.9858880043029785,0.49305275082588196,0.28533935546875,0.0003359190886840224,-0.4808093011379242,-7.591226577758789,-8.55518627166748,0.14401818811893463,0.0,0.0,0.2413972169160843,,,
11,28399,-0.0036249160766601562,0.9858880043029785,0.49305275082588196,0.28533935546875,0.0003359190886840224,-0.440984845161438,-7.352548122406006,-8.451105117797852,0.14358948171138763,0.0,0.0,0.24098347127437592,,,
11,28449,-0.0036249160766601562,0.9858880043029785,0.49305275082588196,-0.10614395141601562,-0.00012679133214987814,-0.4435761272907257,-7.533102035522461,-8.488423347473145,0.14422018826007843,0.0,0.0,0.24241939187049866,,,
11,28499,-0.0036249160766601562,0.9858880043029785,0.49305275082588196,0.5354881286621094,0.0006304612616077065,-0.4479220509529114,-7.385849475860596,-8.485255241394043,0.14539559185504913,0.0,0.0,0.24338960647583008,,,
11,28549,-0.0036249160766601562,0.9858880043029785,0.49305275082588196,0.5354881286621094,0.0006304612616077065,-0.5082537531852722,-7.252811431884766,-8.443263053894043,0.14457228779792786,0.0,0.0,0.2425755262374878,,,
11,28599,-0.0036249160766601562,0.9858880043029785,0.49305275082588196,0.5354881286621094,0.0006304612616077065,-0.4390442669391632,-7.343022346496582,-8.468576431274414,0.14406462013721466,0.0,0.0,0.2420443445444107,,,
11,28649,-0.0036249160766601562,0.9858880043029785,0.49305275082588196,-0.17728805541992188,-0.00021039968123659492,-0.5333341956138611,-7.588696479797363,-8.527511596679688,0.14428241550922394,0.0,0.0,0.24229955673217773,,,
11,28699,-0.0036249160766601562,0.9858880043029785,0.49305275082588196,0.3455162048339844,0.00040735903894528747,-0.4776674807071686,-7.571613788604736,-8.48723030090332,0.14478182792663574,0.0,0.0,0.242903932929039,,,
11,28749,-0.0036249160766601562,0.9858880043029785,0.49305275082588196,0.3455162048339844,0.00040735903894528747,-0.44154343008995056,-7.314739227294922,-8.49502182006836,0.14433448016643524,0.0,0.0,0.24230650067329407,,,
11,28799,0.03563117980957031,0.9858424067497253,0.49343881011009216,-0.03337860107421875,-3.950255268136971e-05,-0.39471572637557983,-7.628917694091797,-8.470925331115723,0.14419148862361908,0.0,0.0,0.2417731136083603,,,
11,28849,0.03563117980957031,0.9858424067497253,0.49343881011009216,0.050830841064453125,6.028596908436157e-05,-0.48284563422203064,-7.463383197784424,-8.501806259155273,0.1439291536808014,0.0,0.0,0.2407434582710266,,,
11,28899,0.03563117980957031,0.9858424067497253,0.49343881011009216,0.050830841064453125,6.028596908436157e-05,-0.39334043860435486,-7.481027126312256,-8.415789604187012,0.14394362270832062,0.0,0.0,0.24135148525238037,,,
11,28949,0.03563117980957031,0.9858424067497253,0.49343881011009216,0.1373291015625,0.00016282398428302258,-0.4348289370536804,-7.348448753356934,-8.45968246459961,0.1441064476966858,0.0,0.0,0.24154524505138397,,,
11,28999,0.03563117980957031,0.9858424067497253,0.49343881011009216,0.1373291015625,0.00016282398428302258,-0.48579221963882446,-7.53504753112793,-8.548340797424316,0.14577917754650116,0.0,0.0,0.24499264359474182,,,
11,29049,0.03563117980957031,0.9858424067497253,0.49343881011009216,0.1373291015625,0.00016282398428302258,-0.5138739943504333,-7.312250137329102,-8.41818618774414,0.14702026546001434,0.0,0.0,0.2454330325126648,,,
11,29099,0.03563117980957031,0.9858424067497253,0.49343881011009216,0.1373291015625,0.00016282398428302258,-0.441318154335022,-7.587944030761719,-8.472506523132324,0.15438175201416016,0.0,0.0,0.26084113121032715,,,
11,29149,0.03563117980957031,0.9858424067497253,0.49343881011009216,0.1373291015625,0.00016282398428302258,-0.42677515745162964,-7.518352508544922,-8.49067497253418,0.15248095989227295,0.0,0.0,0.2566903233528137,,,
11,29199,0.03563117980957031,0.9858424067497253,0.49343881011009216,0.1373291015625,0.00016282398428302258,-0.4150272011756897,-7.514022350311279,-8.500261306762695,0.16356945037841797,0.0,0.0,0.2859959006309509,,,
11,29249,0.03563117980957031,0.9858424067497253,0.49343881011009216,0.1373291015625,0.00016282398428302258,-0.3925076127052307,-7.561148166656494,-8.451953887939453,0.14604543149471283,0.0,0.0,0.24412089586257935,,,
11,29299,0.03563117980957031,0.9858424067497253,0.49343881011009216,0.1373291015625,0.00016282398428302258,-0.47464102506637573,-7.483582496643066,-8.439281463623047,0.14243601262569427,0.0,0.0,0.24046851694583893,,,
11,29349,0.03563117980957031,0.9858424067497253,0.49343881011009216,-0.70343017578125,-0.0008358795312233269,-0.46635764837265015,-7.28704833984375,-8.4354829788208,0.14580997824668884,0.0,0.0,0.24387675523757935,,,
11,29399,0.03563117980957031,0.9858424067497253,0.49343881011009216,0.2509117126464844,0.00029415872995741665,-0.5290920734405518,-7.620529651641846,-8.54932975769043,0.14669878780841827,0.0,0.0,0.24510765075683594,,,
11,29449,0.03563117980957031,0.9858424067497253,0.49343881011009216,0.2509117126464844,0.00029415872995741665,-0.3831750154495239,-7.535076141357422,-8.473475456237793,0.14233140647411346,0.0,0.0,0.24038416147232056,,,
11,29499,0.03563117980957031,0.9858424067497253,0.49343881011009216,-0.5641937255859375,-0.0006658130441792309,-0.477537602186203,-7.3618483543396,-8.520219802856445,0.14933085441589355,0.0,0.0,0.25292518734931946,,,
11,29549,0.03563117980957031,0.9858424067497253,0.49343881011009216,-0.5641937255859375,-0.0006658130441792309,-0.4626702070236206,-7.526765823364258,-8.455588340759277,0.14693264663219452,0.0,0.0,0.24577470123767853,,,
11,29599,0.03563117980957031,0.9858424067497253,0.49343881011009216,-0.5641937255859375,-0.0006658130441792309,-0.6998212337493896,-7.142563819885254,-8.4100923538208,0.14711067080497742,0.0,0.0,0.245310440659523,,,
11,29649,0.03563117980957031,0.9858424067497253,0.49343881011009216,-0.5641937255859375,-0.0006658130441792309,-0.46426069736480713,-7.430568695068359,-8.429669380187988,0.15034596621990204,0.0,0.0,0.24861936271190643,,,
11,29699,0.03563117980957031,0.9858424067497253,0.49343881011009216,-0.5641937255859375,-0.0006658130441792309,-0.5130634307861328,-7.243161678314209,-8.413134574890137,0.15128611028194427,0.0,0.0,0.24963128566741943,,,
11,29749,0.03563117980957031,0.9858424067497253,0.49343881011009216,-0.5641937255859375,-0.0006658130441792309,-0.41504281759262085,-7.070465087890625,-8.418619155883789,0.15024100244045258,0.0,0.0,0.24853107333183289,,,
11,29799,0.03563117980957031,0.9858424067497253,0.49343881011009216,-0.5641937255859375,-0.0006658130441792309,-0.4512999951839447,-7.55046272277832,-8.468016624450684,0.15032176673412323,0.0,0.0,0.24857006967067719,,,
11,29849,0.03563117980957031,0.9858424067497253,0.49343881011009216,-0.5641937255859375,-0.0006658130441792309,-0.5275119543075562,-7.437648773193359,-8.481131553649902,0.15047962963581085,0.0,0.0,0.24872960150241852,,,
11,29899,0.03563117980957031,0.9858424067497253,0.49343881011009216,-0.2835273742675781,-0.00033374576014466584,-0.47275519371032715,-7.502045154571533,-8.45549201965332,0.14957770705223083,0.0,0.0,0.2479337453842163,,,
11,29949,0.03563117980957031,0.9858424067497253,0.49343881011009216,-0.2835273742675781,-0.00033374576014466584,-0.4262772798538208,-7.390293121337891,-8.468382835388184,0.15346135199069977,0.0,0.0,0.25182098150253296,,,
11,29999,0.03563117980957031,0.9858424067497253,0.49343881011009216,-0.12989044189453125,-0.0001532779715489596,-0.4813297986984253,-7.393341064453125,-8.479301452636719,0.1466854065656662,0.0,0.0,0.24472090601921082,,,
11,29999,,,,,,,,,,,,,-7.915393829345703,-8.04533576965332,-8.378471374511719
12,30049,,,,0.22907257080078125,0.0002710966218728572,-0.42359015345573425,-7.556480884552002,-8.503764152526855,0.1490851491689682,0.0,0.0,0.25097984075546265,,,
12,30099,0.031998634338378906,0.9857944846153259,0.49282562732696533,-0.24023056030273438,-0.0002848524891305715,-0.5854446291923523,-7.4482927322387695,-8.388611793518066,0.14868475496768951,0.0,0.0,0.2466132938861847,,,
12,30149,0.031998634338378906,0.9857944846153259,0.49282562732696533,-0.24023056030273438,-0.0002848524891305715,-0.4533616006374359,-7.521204471588135,-8.450400352478027,0.14863501489162445,0.0,0.0,0.2542261779308319,,,
12,30199,0.031998634338378906,0.9857944846153259,0.49282562732696533,-0.24023056030273438,-0.0002848524891305715,-0.4860779345035553,-7.555179595947266,-8.434921264648438,0.14927665889263153,0.0,0.0,0.24718251824378967,,,
12,30249,0.031998634338378906,0.9857944846153259,0.49282562732696533,-0.24023056030273438,-0.0002848524891305715,-0.41193056106567383,-7.430778503417969,-8.470430374145508,0.1501040905714035,0.0,0.0,0.24780747294425964,,,
12,30299,0.031998634338378906,0.9857944846153259,0.49282562732696533,-0.24023056030273438,-0.0002848524891305715,-0.45029234886169434,-7.483864784240723,-8.439200401306152,0.14982113242149353,0.0,0.0,0.24799905717372894,,,
12,30349,0.031998634338378906,0.9857944846153259,0.49282562732696533,0.09527206420898438,0.00011217482096981257,-0.452020525932312,-7.410014629364014,-8.443981170654297,0.15050722658634186,0.0,0.0,0.24843117594718933,,,
12,30399,0.031998634338378906,0.9857944846153259,0.49282562732696533,0.09527206420898438,0.00011217482096981257,-0.3982113301753998,-7.326358795166016,-8.419904708862305,0.15049511194229126,0.0,0.0,0.2484675794839859,,,
12,30449,0.031998634338378906,0.9857944846153259,0.49282562732696533,0.014400482177734375,1.6998739738482982e-05,-0.42261481285095215,-7.659409999847412,-8.513556480407715,0.15061460435390472,0.0,0.0,0.2485629916191101,,,
12,30499,0.031998634338378906,0.9857944846153259,0.49282562732696533,0.09174346923828125,0.0001095237530535087,-0.44547781348228455,-7.525786399841309,-8.464344024658203,0.15077722072601318,0.0,0.0,0.24888652563095093,,,
12,30549,0.031998634338378906,0.9857944846153259,0.49282562732696533,0.09174346923828125,0.0001095237530535087,-0.5122560262680054,-7.501223087310791,-8.417984962463379,0.14959606528282166,0.0,0.0,0.24756452441215515,,,
12,30599,0.031998634338378906,0.9857944846153259,0.49282562732696533,0.09174346923828125,0.0001095237530535087,-0.46652063727378845,-7.188034534454346,-8.44332504272461,0.15003088116645813,0.0,0.0,0.24794697761535645,,,
12,30649,0.031998634338378906,0.9857944846153259,0.49282562732696533,0.3733634948730469,0.00043903652112931013,-0.40207406878471375,-7.332920074462891,-8.504311561584473,0.14578841626644135,0.0,0.0,0.2478223443031311,,,
12,30699,0.031998634338378906,0.9857944846153259,0.49282562732696533,0.3733634948730469,0.00043903652112931013,-0.5022863745689392,-7.598085403442383,-8.470686912536621,0.14957715570926666,0.0,0.0,0.24754977226257324,,,
12,30749,0.031998634338378906,0.9857944846153259,0.49282562732696533,0.03528594970703125,4.160793832852505e-05,-0.5171253681182861,-7.345502853393555,-8.460217475891113,0.14935705065727234,0.0,0.0,0.2475433498620987,,,
12,30799,0.031998634338378906,0.9857944846153259,0.49282562732696533,0.03528594970703125,4.160793832852505e-05,-0.40700972080230713,-7.509469032287598,-8.46056842803955,0.15038789808750153,0.0,0.0,0.24864841997623444,,,
12,30849,0.031998634338378906,0.9857944846153259,0.49282562732696533,0.21657943725585938,0.00025731665664352477,-0.4411850571632385,-7.462680339813232,-8.39881706237793,0.15251298248767853,0.0,0.0,0.2510380744934082,,,
12,30899,0.031998634338378906,0.9857944846153259,0.49282562732696533,-0.13294219970703125,-0.00015761078975629061,-0.43899399042129517,-7.524233341217041,-8.43484115600586,0.30187419056892395,0.0,0.0,0.4960266351699829,,,
12,30949,0.031998634338378906,0.9857944846153259,0.49282562732696533,0.17747879028320312,0.0002087910834234208,-0.3776649534702301,-7.336993217468262,-8.430517196655273,0.1499614715576172,0.0,0.0,0.2483058124780655,,,
12,30999,0.031998634338378906,0.9857944846153259,0.49282562732696533,0.17747879028320312,0.0002087910834234208,-0.4262032210826874,-7.454404830932617,-8.398216247558594,0.15047955513000488,0.0,0.0,0.2488735467195511,,,
12,31049,0.023270606994628906,0.9860711693763733,0.49291592836380005,0.2919197082519531,0.00034691678592935205,-0.40506911277770996,-7.356994152069092,-8.425076484680176,0.15037702023983002,0.0,0.0,0.2484113574028015,,,
12,31099,0.023270606994628906,0.9860711693763733,0.49291592836380005,0.2919197082519531,0.00034691678592935205,-0.4718298614025116,-7.7011308670043945,-8.491167068481445,0.15068364143371582,0.0,0.0,0.2479196935892105,,,
12,31149,0.023270606994628906,0.9860711693763733,0.49291592836380005,-0.170135498046875,-0.0002026238216785714,-0.45941001176834106,-7.521095275878906,-8.478919982910156,0.1516539752483368,0.0,0.0,0.2495007961988449,,,
12,31199,0.023270606994628906,0.9860711693763733,0.49291592836380005,-0.170135498046875,-0.0002026238216785714,-0.37684598565101624,-7.080938339233398,-8.4437255859375,0.15052032470703125,0.0,0.0,0.24825841188430786,,,
12,31249,0.023270606994628906,0.9860711693763733,0.49291592836380005,-0.170135498046875,-0.0002026238216785714,-0.44125160574913025,-7.4088969230651855,-8.394927978515625,0.14612995088100433,0.0,0.0,0.24381256103515625,,,
12,31299,0.023270606994628906,0.9860711693763733,0.49291592836380005,-0.170135498046875,-0.0002026238216785714,-0.417706161737442,-7.511457443237305,-8.387188911437988,0.14626987278461456,0.0,0.0,0.2444402426481247,,,
12,31349,0.023270606994628906,0.9860711693763733,0.49291592836380005,-0.170135498046875,-0.0002026238216785714,-0.4449416995048523,-7.488466262817383,-8.43919563293457,0.14399880170822144,0.0,0.0,0.24200493097305298,,,
12,31399,0.023270606994628906,0.9860711693763733,0.49291592836380005,0.173187255859375,0.00020430081349331886,-0.4513339102268219,-7.539067268371582,-8.413297653198242,0.14848990738391876,0.0,0.0,0.25134244561195374,,,
12,31449,0.023270606994628906,0.9860711693763733,0.49291592836380005,0.173187255859375,0.00020430081349331886,-0.48759108781814575,-7.360428333282471,-8.449172019958496,0.14896678924560547,0.0,0.0,0.24722954630851746,,,
12,31499,0.023270606994628906,0.9860711693763733,0.49291592836380005,0.1903533935546875,0.00022632356558460742,-0.419145792722702,-7.403962135314941,-8.437909126281738,0.1509813517332077,0.0,0.0,0.2540697455406189,,,
12,31549,0.023270606994628906,0.9860711693763733,0.49291592836380005,-0.059223175048828125,-6.992309499764815e-05,-0.39527061581611633,-7.529361724853516,-8.469758987426758,0.2989533543586731,0.0,0.0,0.4926520586013794,,,
12,31599,0.023270606994628906,0.9860711693763733,0.49291592836380005,-0.059223175048828125,-6.992309499764815e-05,-0.48802512884140015,-7.6059722900390625,-8.489009857177734,0.15104584395885468,0.0,0.0,0.249325230717659,,,
12,31649,0.023270606994628906,0.9860711693763733,0.49291592836380005,-0.059223175048828125,-6.992309499764815e-05,-0.4066939353942871,-7.314020156860352,-8.464980125427246,0.1519080400466919,0.0,0.0,0.2504858076572418,,,
12,31699,0.023270606994628906,0.9860711693763733,0.49291592836380005,-0.059223175048828125,-6.992309499764815e-05,-0.38517558574676514,-7.428016662597656,-8.429975509643555,0.15173391997814178,0.0,0.0,0.25006577372550964,,,
12,31749,0.023270606994628906,0.9860711693763733,0.49291592836380005,-0.059223175048828125,-6.992309499764815e-05,-0.3918008804321289,-7.4774370193481445,-8.41440486907959,0.15167051553726196,0.0,0.0,0.2500135898590088,,,
12,31799,0.023270606994628906,0.9860711693763733,0.49291592836380005,-0.059223175048828125,-6.992309499764815e-05,-0.3688000440597534,-7.337944030761719,-8.478836059570312,0.15109559893608093,0.0,0.0,0.24952811002731323,,,
12,31849,0.023270606994628906,0.9860711693763733,0.49291592836380005,-0.059223175048828125,-6.992309499764815e-05,-0.4493289887905121,-7.491804122924805,-8.43409538269043,0.15164712071418762,0.0,0.0,0.25154125690460205,,,
12,31899,0.023270606994628906,0.9860711693763733,0.49291592836380005,-0.09927749633789062,-0.0001177949525299482,-0.3790726363658905,-7.541967391967773,-8.47440242767334,0.14866429567337036,0.0,0.0,0.2471167892217636,,,
12,31949,0.023270606994628906,0.9860711693763733,0.49291592836380005,-0.06427764892578125,-7.614095375174657e-05,-0.3557509481906891,-7.302579879760742,-8.473362922668457,0.14391809701919556,0.0,0.0,0.2418896108865738,,,
12,31999,0.023270606994628906,0.9860711693763733,0.49291592836380005,-0.06427764892578125,-7.614095375174657e-05,-0.41145822405815125,-7.5379838943481445,-8.453933715820312,0.14957331120967865,0.0,0.0,0.2478296458721161,,,
12,32049,0.037197113037109375,0.9859835505485535,0.49325934052467346,-0.1346588134765625,-0.00016013589629437774,-0.4483875036239624,-7.414400100708008,-8.476387977600098,0.14409630000591278,0.0,0.0,0.25043874979019165,,,
12,32099,0.037197113037109375,0.9859835505485535,0.49325934052467346,-0.7147789001464844,-0.0008474370115436614,-0.44845813512802124,-7.426520347595215,-8.485697746276855,0.15086209774017334,0.0,0.0,0.24870970845222473,,,
12,32149,0.037197113037109375,0.9859835505485535,0.49325934052467346,-0.7147789001464844,-0.0008474370115436614,-0.4039396047592163,-7.7053751945495605,-8.533953666687012,0.1471814066171646,0.0,0.0,0.24432706832885742,,,
12,32199,0.037197113037109375,0.9859835505485535,0.49325934052467346,0.10051727294921875,0.00011811842705355957,-0.4015507400035858,-7.510619640350342,-8.472514152526855,0.1462119072675705,0.0,0.0,0.24385538697242737,,,
12,32249,0.037197113037109375,0.9859835505485535,0.49325934052467346,0.10051727294921875,0.00011811842705355957,-0.4872165620326996,-7.314167022705078,-8.406598091125488,0.14610645174980164,0.0,0.0,0.24382202327251434,,,
12,32299,0.037197113037109375,0.9859835505485535,0.49325934052467346,0.10051727294921875,0.00011811842705355957,-0.43470627069473267,-7.627920627593994,-8.466565132141113,0.15345622599124908,0.0,0.0,0.2524707615375519,,,
12,32349,0.037197113037109375,0.9859835505485535,0.49325934052467346,0.10051727294921875,0.00011811842705355957,-0.42705321311950684,-7.489858627319336,-8.465594291687012,0.1494448035955429,0.0,0.0,0.24776044487953186,,,
12,32399,0.037197113037109375,0.9859835505485535,0.49325934052467346,-0.05474090576171875,-6.458513962570578e-05,-0.41990023851394653,-7.4686665534973145,-8.444793701171875,0.14941798150539398,0.0,0.0,0.24772712588310242,,,
12,32449,0.037197113037109375,0.9859835505485535,0.49325934052467346,0.13589859008789062,0.00016037008026614785,-0.5357911586761475,-7.541262626647949,-8.402868270874023,0.14788220822811127,0.0,0.0,0.24613559246063232,,,
12,32499,0.037197113037109375,0.9859835505485535,0.49325934052467346,-0.14057159423828125,-0.00016563315875828266,-0.43601173162460327,-7.500278472900391,-8.436694145202637,0.14808814227581024,0.0,0.0,0.24657981097698212,,,
12,32499,,,,,,,,,,,,,-7.908548355102539,-8.034646987915039,-8.360591888427734
13,32549,,,,,,-0.3746803104877472,-7.1885905265808105,-8.374122619628906,0.15043756365776062,0.0,0.0,0.24888677895069122,,,
13,32599,,,,,,-0.4970833361148834,-7.454466819763184,-8.459176063537598,0.151871919631958,0.0,0.0,0.2504129409790039,,,
13,32649,,,,,,-0.3988059163093567,-7.623053550720215,-8.44643497467041,0.1524284929037094,0.0,0.0,0.2509230375289917,,,
13,32699,,,,,,-0.46774935722351074,-7.400848388671875,-8.439805030822754,0.15155600011348724,0.0,0.0,0.25008919835090637,,,
13,32749,,,,,,-0.38793623447418213,-7.411439895629883,-8.433829307556152,0.15046051144599915,0.0,0.0,0.2490045130252838,,,
13,32799,,,,0.262451171875,0.00031049782410264015,-0.44635504484176636,-7.488213062286377,-8.455239295959473,0.15130792558193207,0.0,0.0,0.2498195767402649,,,
13,32849,,,,0.262451171875,0.00031049782410264015,-0.4557916224002838,-7.377405643463135,-8.42567253112793,0.15071320533752441,0.0,0.0,0.24932771921157837,,,
13,32899,,,,0.262451171875,0.00031049782410264015,-0.4422509968280792,-7.530386924743652,-8.416654586791992,0.14985443651676178,0.0,0.0,0.24833689630031586,,,
13,32949,,,,-0.19311904907226562,-0.0002291323762619868,-0.47641822695732117,-7.388999938964844,-8.427373886108398,0.15066856145858765,0.0,0.0,0.24915087223052979,,,
13,32999,,,,-0.29010772705078125,-0.0003467734786681831,-0.3947823941707611,-7.362405776977539,-8.40427017211914,0.15265138447284698,0.0,0.0,0.2512560784816742,,,
13,33049,,,,-0.29010772705078125,-0.0003467734786681831,-0.3848322927951813,-7.464066982269287,-8.444337844848633,0.15188486874103546,0.0,0.0,0.25042155385017395,,,
13,33099,-0.05058097839355469,0.9861322641372681,0.4934288561344147,-0.3046989440917969,-0.0003592848079279065,-0.4461142122745514,-7.2578935623168945,-8.456828117370605,0.15131863951683044,0.0,0.0,0.24937114119529724,,,
13,33149,-0.05058097839355469,0.9861322641372681,0.4934288561344147,-0.1995086669921875,-0.00023666986089665443,-0.4506953954696655,-7.562379837036133,-8.437667846679688,0.15143783390522003,0.0,0.0,0.25152620673179626,,,
13,33199,-0.05058097839355469,0.9861322641372681,0.4934288561344147,-0.1995086669921875,-0.00023666986089665443,-0.46476608514785767,-7.597898006439209,-8.433619499206543,0.15162250399589539,0.0,0.0,0.24979721009731293,,,
13,33249,-0.05058097839355469,0.9861322641372681,0.4934288561344147,-0.1995086669921875,-0.00023666986089665443,-0.42785224318504333,-7.502743721008301,-8.439367294311523,0.150062695145607,0.0,0.0,0.25253787636756897,,,
13,33299,-0.05058097839355469,0.9861322641372681,0.4934288561344147,-0.1995086669921875,-0.00023666986089665443,-0.38542383909225464,-7.472667694091797,-8.407659530639648,0.15008807182312012,0.0,0.0,0.2483338713645935,,,
13,33349,-0.05058097839355469,0.9861322641372681,0.4934288561344147,-0.1995086669921875,-0.00023666986089665443,-0.4159908592700958,-7.414098739624023,-8.402709007263184,0.15015368163585663,0.0,0.0,0.24835869669914246,,,
13,33399,-0.05058097839355469,0.9861322641372681,0.4934288561344147,0.13866424560546875,0.00016446775407530367,-0.39622732996940613,-7.5107645988464355,-8.464186668395996,0.147640660405159,0.0,0.0,0.24581323564052582,,,
13,33449,-0.05058097839355469,0.9861322641372681,0.4934288561344147,-0.2330780029296875,-0.00027707850676961243,-0.4020202159881592,-7.506442546844482,-8.42253303527832,0.1517263799905777,0.0,0.0,0.2500198483467102,,,
13,33499,-0.05058097839355469,0.9861322641372681,0.4934288561344147,-0.2330780029296875,-0.00027707850676961243,-0.47945478558540344,-7.221640586853027,-8.430360794067383,0.15175552666187286,0.0,0.0,0.250081866979599,,,
13,33549,-0.05058097839355469,0.9861322641372681,0.4934288561344147,-0.2330780029296875,-0.00027707850676961243,-0.37102118134498596,-7.36805534362793,-8.389927864074707,0.15226522088050842,0.0,0.0,0.2552679181098938,,,
13,33599,-0.05058097839355469,0.9861322641372681,0.4934288561344147,-0.2330780029296875,-0.00027707850676961243,-0.3939442038536072,-7.5116777420043945,-8.382569313049316,0.1522337794303894,0.0,0.0,0.2505464553833008,,,
13,33649,-0.05058097839355469,0.9861322641372681,0.4934288561344147,-0.2330780029296875,-0.00027707850676961243,-0.4404226541519165,-7.263976573944092,-8.409521102905273,0.15265461802482605,0.0,0.0,0.2510654628276825,,,
13,33699,-0.05058097839355469,0.9861322641372681,0.4934288561344147,-0.0095367431640625,-1.1321814781695139e-05,-0.41812291741371155,-7.436525344848633,-8.438063621520996,0.1521797478199005,0.0,0.0,0.2504684627056122,,,
13,33749,-0.05058097839355469,0.9861322641372681,0.4934288561344147,-0.0095367431640625,-1.1321814781695139e-05,-0.4916158616542816,-7.27923583984375,-8.405948638916016,0.15447980165481567,0.0,0.0,0.252856582403183,,,
13,33799,-0.05058097839355469,0.9861322641372681,0.4934288561344147,-0.0095367431640625,-1.1321814781695139e-05,-0.43241193890571594,-7.484809398651123,-8.475752830505371,0.1530470848083496,0.0,0.0,0.251606285572052,,,
13,33849,-0.05058097839355469,0.9861322641372681,0.4934288561344147,-0.0095367431640625,-1.1321814781695139e-05,-0.5057977437973022,-7.430481433868408,-8.433836936950684,0.15089133381843567,0.0,0.0,0.24909095466136932,,,
13,33899,-0.05058097839355469,0.9861322641372681,0.4934288561344147,-0.0034332275390625,-4.100111709703924e-06,-0.472318172454834,-7.335272789001465,-8.420087814331055,0.1514699012041092,0.0,0.0,0.24976415932178497,,,
13,33949,-0.05058097839355469,0.9861322641372681,0.4934288561344147,-0.0034332275390625,-4.100111709703924e-06,-0.39743658900260925,-7.463940143585205,-8.377692222595215,0.14986036717891693,0.0,0.0,0.248386949300766,,,
13,33999,-0.05058097839355469,0.9861322641372681,0.4934288561344147,-0.0034332275390625,-4.100111709703924e-06,-0.457757830619812,-7.500774383544922,-8.433080673217773,0.15249235928058624,0.0,0.0,0.25081759691238403,,,
13,34049,-0.05058097839355469,0.9861322641372681,0.4934288561344147,-0.0034332275390625,-4.100111709703924e-06,-0.4815487563610077,-6.993007659912109,-8.405997276306152,0.15205644071102142,0.0,0.0,0.25037938356399536,,,
13,34099,-0.05058097839355469,0.9861322641372681,0.4934288561344147,-0.14247894287109375,-0.0001689622295089066,-0.38229453563690186,-7.4554123878479,-8.47018814086914,0.1527148187160492,0.0,0.0,0.2509694993495941,,,
13,34149,-0.05058097839355469,0.9861322641372681,0.4934288561344147,-0.14247894287109375,-0.0001689622295089066,-0.3948995769023895,-7.514521598815918,-8.499076843261719,0.15178924798965454,0.0,0.0,0.250226229429245,,,
13,34199,-0.05058097839355469,0.9861322641372681,0.4934288561344147,-0.2995491027832031,-0.0003565502120181918,-0.3988061547279358,-7.644006729125977,-8.440923690795898,0.15234866738319397,0.0,0.0,0.2506365180015564,,,
13,34249,-0.05058097839355469,0.9861322641372681,0.4934288561344147,-0.2995491027832031,-0.0003565502120181918,-0.3897489607334137,-7.42638635635376,-8.438349723815918,0.1507541984319687,0.0,0.0,0.2493588775396347,,,
13,34299,-0.05058097839355469,0.9861322641372681,0.4934288561344147,-0.08869171142578125,-0.00010503489465918392,-0.45667171478271484,-7.401034355163574,-8.44681167602539,0.15267020463943481,0.0,0.0,0.25101110339164734,,,
13,34349,0.021393775939941406,0.9857444763183594,0.4928319454193115,-0.05245208740234375,-6.232852319953963e-05,-0.3272164463996887,-7.467696666717529,-8.374592781066895,0.14927498996257782,0.0,0.0,0.24713660776615143,,,
13,34399,0.021393775939941406,0.9857444763183594,0.4928319454193115,-0.05245208740234375,-6.232852319953963e-05,-0.4055541753768921,-7.363518714904785,-8.424614906311035,0.14547193050384521,0.0,0.0,0.24651098251342773,,,
13,34449,0.021393775939941406,0.9857444763183594,0.4928319454193115,0.4006385803222656,0.0004792192776221782,-0.3664233982563019,-7.2616472244262695,-8.4740571975708,0.14918211102485657,0.0,0.0,0.24631769955158234,,,
13,34499,0.021393775939941406,0.9857444763183594,0.4928319454193115,0.4006385803222656,0.0004792192776221782,-0.4027921259403229,-7.295620918273926,-8.406271934509277,0.14640188217163086,0.0,0.0,0.24402670562267303,,,
13,34549,0.021393775939941406,0.9857444763183594,0.4928319454193115,0.12559890747070312,0.00014829615247435868,-0.3952542543411255,-7.448247909545898,-8.427093505859375,0.1469726264476776,0.0,0.0,0.24457186460494995,,,
13,34599,0.021393775939941406,0.9857444763183594,0.4928319454193115,0.12559890747070312,0.00014829615247435868,-0.39430099725723267,-7.509309768676758,-8.416645050048828,0.15003284811973572,0.0,0.0,0.24811039865016937,,,
13,34649,0.021393775939941406,0.9857444763183594,0.4928319454193115,0.12559890747070312,0.00014829615247435868,-0.33928659558296204,-7.338447570800781,-8.381370544433594,0.14788807928562164,0.0,0.0,0.2462482452392578,,,
13,34699,0.021393775939941406,0.9857444763183594,0.4928319454193115,0.12559890747070312,0.00014829615247435868,-0.4677610993385315,-7.446090221405029,-8.374868392944336,0.14789848029613495,0.0,0.0,0.24604274332523346,,,
13,34749,0.021393775939941406,0.9857444763183594,0.4928319454193115,0.12559890747070312,0.00014829615247435868,-0.3410177230834961,-7.603588104248047,-8.425782203674316,0.1494603157043457,0.0,0.0,0.24763889610767365,,,
13,34799,0.021393775939941406,0.9857444763183594,0.4928319454193115,0.12559890747070312,0.00014829615247435868,-0.424396812915802,-7.425241470336914,-8.445727348327637,0.14822302758693695,0.0,0.0,0.2464057207107544,,,
13,34849,0.021393775939941406,0.9857444763183594,0.4928319454193115,0.12559890747070312,0.00014829615247435868,-0.4120257496833801,-7.417625904083252,-8.416492462158203,0.1484082192182541,0.0,0.0,0.2465064823627472,,,
13,34899,0.021393775939941406,0.9857444763183594,0.4928319454193115,0.12559890747070312,0.00014829615247435868,-0.43328672647476196,-7.4328532218933105,-8.478191375732422,0.14789098501205444,0.0,0.0,0.24599620699882507,,,
13,34949,0.021393775939941406,0.9857444763183594,0.4928319454193115,0.12559890747070312,0.00014829615247435868,-0.3702053129673004,-7.553207874298096,-8.415251731872559,0.14936187863349915,0.0,0.0,0.2476140707731247,,,
13,34999,0.021393775939941406,0.9857444763183594,0.4928319454193115,0.12559890747070312,0.00014829615247435868,-0.44921889901161194,-7.399336814880371,-8.3880615234375,0.14678440988063812,0.0,0.0,0.24497835338115692,,,
13,34999,,,,,,,,,,,,,-7.909519672393799,-8.037664413452148,-8.35501480102539
14,35049,,,,,,-0.4324835538864136,-7.5574798583984375,-8.427896499633789,0.14755181968212128,0.0,0.0,0.2460135817527771,,,
14,35099,,,,0.47397613525390625,0.0005613001412712038,-0.45116546750068665,-7.471245765686035,-8.455870628356934,0.148494154214859,0.0,0.0,0.24690228700637817,,,
14,35149,,,,0.47397613525390625,0.0005613001412712038,-0.38095009326934814,-7.529531478881836,-8.399923324584961,0.14704300463199615,0.0,0.0,0.2453530728816986,,,
14,35199,,,,0.47397613525390625,0.0005613001412712038,-0.5466604232788086,-7.189877510070801,-8.39871597290039,0.1493462771177292,0.0,0.0,0.24781383574008942,,,
14,35249,,,,0.13713836669921875,0.00016286403115373105,-0.48915326595306396,-7.608584880828857,-8.433664321899414,0.14661656320095062,0.0,0.0,0.24489761888980865,,,
14,35299,,,,0.13713836669921875,0.00016286403115373105,-0.39184147119522095,-7.5004496574401855,-8.436220169067383,0.1419522762298584,0.0,0.0,0.24009864032268524,,,
14,35349,,,,0.13713836669921875,0.00016286403115373105,-0.3577952980995178,-7.570849895477295,-8.37818431854248,0.14693380892276764,0.0,0.0,0.24512580037117004,,,
14,35399,,,,0.13713836669921875,0.00016286403115373105,-0.4838970899581909,-7.159350395202637,-8.440383911132812,0.1467513144016266,0.0,0.0,0.2455795258283615,,,
14,35449,,,,0.13713836669921875,0.00016286403115373105,-0.4125027358531952,-7.536563396453857,-8.4684419631958,0.14840538799762726,0.0,0.0,0.24685528874397278,,,
14,35499,,,,0.13713836669921875,0.00016286403115373105,-0.4134819805622101,-7.18580961227417,-8.416132926940918,0.14660951495170593,0.0,0.0,0.24501386284828186,,,
14,35549,,,,0.00362396240234375,4.27793747803662e-06,-0.394966185092926,-7.462247371673584,-8.410367965698242,0.14861702919006348,0.0,0.0,0.24717077612876892,,,
14,35599,,,,-0.043582916259765625,-5.1974260713905096e-05,-0.3814193606376648,-7.15119743347168,-8.437942504882812,0.14799366891384125,0.0,0.0,0.24642419815063477,,,
14,35649,,,,0.5105018615722656,0.0006081330357119441,-0.4179235100746155,-7.365170478820801,-8.394575119018555,0.30249935388565063,0.0,0.0,0.5012216567993164,,,
14,35699,,,,0.5105018615722656,0.0006081330357119441,-0.40455496311187744,-7.433930397033691,-8.436633110046387,0.14831970632076263,0.0,0.0,0.246756911277771,,,
14,35749,,,,-0.06532669067382812,-7.75101943872869e-05,-0.4930899739265442,-7.218960762023926,-8.339517593383789,0.1469012349843979,0.0,0.0,0.24519062042236328,,,
14,35799,,,,-0.06532669067382812,-7.75101943872869e-05,-0.3870106339454651,-7.594416618347168,-8.402920722961426,0.14717626571655273,0.0,0.0,0.24547436833381653,,,
14,35849,,,,-0.06532669067382812,-7.75101943872869e-05,-0.3683084547519684,-7.274292945861816,-8.413238525390625,0.14938275516033173,0.0,0.0,0.25263381004333496,,,
14,35899,0.014473915100097656,0.9859935641288757,0.4929504692554474,-0.012302398681640625,-1.4627911696152296e-05,-0.36979928612709045,-7.456497669219971,-8.388595581054688,0.1498420089483261,0.0,0.0,0.2471572309732437,,,
14,35949,0.014473915100097656,0.9859935641288757,0.4929504692554474,-0.012302398681640625,-1.4627911696152296e-05,-0.34583717584609985,-7.446495056152344,-8.400267601013184,0.14914408326148987,0.0,0.0,0.24634303152561188,,,
14,35999,0.014473915100097656,0.9859935641288757,0.4929504692554474,-0.012302398681640625,-1.4627911696152296e-05,-0.4173785448074341,-7.609417915344238,-8.438983917236328,0.1508239060640335,0.0,0.0,0.24838955700397491,,,
14,36049,0.014473915100097656,0.9859935641288757,0.4929504692554474,-0.012302398681640625,-1.4627911696152296e-05,-0.448312908411026,-7.458964824676514,-8.383395195007324,0.14928960800170898,0.0,0.0,0.24686548113822937,,,
14,36099,0.014473915100097656,0.9859935641288757,0.4929504692554474,-0.012302398681640625,-1.4627911696152296e-05,-0.4273144006729126,-7.550075531005859,-8.38301944732666,0.1497219353914261,0.0,0.0,0.247686967253685,,,
14,36149,0.014473915100097656,0.9859935641288757,0.4929504692554474,0.08668899536132812,0.00010349692456657067,-0.4805797040462494,-7.320023536682129,-8.426027297973633,0.15011762082576752,0.0,0.0,0.24803508818149567,,,
14,36199,0.014473915100097656,0.9859935641288757,0.4929504692554474,0.08668899536132812,0.00010349692456657067,-0.38503092527389526,-7.3807830810546875,-8.365588188171387,0.15137162804603577,0.0,0.0,0.24931152164936066,,,
14,36249,0.014473915100097656,0.9859935641288757,0.4929504692554474,-0.2854347229003906,-0.00033899775007739663,-0.39769434928894043,-7.509459495544434,-8.432045936584473,0.1501167118549347,0.0,0.0,0.24807605147361755,,,
14,36299,0.014473915100097656,0.9859935641288757,0.4929504692554474,-0.2854347229003906,-0.00033899775007739663,-0.3329293131828308,-7.505464553833008,-8.409567832946777,0.149261474609375,0.0,0.0,0.24720808863639832,,,
14,36349,0.014473915100097656,0.9859935641288757,0.4929504692554474,-0.2854347229003906,-0.00033899775007739663,-0.38679319620132446,-7.5526933670043945,-8.396310806274414,0.14973126351833344,0.0,0.0,0.24792756140232086,,,
14,36399,0.014473915100097656,0.9859935641288757,0.4929504692554474,-0.2854347229003906,-0.00033899775007739663,-0.43550223112106323,-7.427558898925781,-8.448925971984863,0.14944833517074585,0.0,0.0,0.247344970703125,,,
14,36449,0.014473915100097656,0.9859935641288757,0.4929504692554474,-0.21524429321289062,-0.0002566819894127548,-0.3502500057220459,-7.240502834320068,-8.473341941833496,0.14819450676441193,0.0,0.0,0.24647729098796844,,,
14,36499,0.014473915100097656,0.9859935641288757,0.4929504692554474,-0.21524429321289062,-0.0002566819894127548,-0.39994460344314575,-7.322348117828369,-8.421631813049316,0.15122906863689423,0.0,0.0,0.25553658604621887,,,
14,36549,0.014473915100097656,0.9859935641288757,0.4929504692554474,-0.21524429321289062,-0.0002566819894127548,-0.32460129261016846,-7.540905952453613,-8.419862747192383,0.14990562200546265,0.0,0.0,0.2483305186033249,,,
14,36599,0.014473915100097656,0.9859935641288757,0.4929504692554474,-0.21524429321289062,-0.0002566819894127548,-0.4611855447292328,-7.363390922546387,-8.41482925415039,0.15095902979373932,0.0,0.0,0.24938279390335083,,,
14,36649,0.014473915100097656,0.9859935641288757,0.4929504692554474,-0.21524429321289062,-0.0002566819894127548,-0.535121738910675,-7.455141067504883,-8.382136344909668,0.15153251588344574,0.0,0.0,0.24998630583286285,,,
14,36699,0.014473915100097656,0.9859935641288757,0.4929504692554474,-0.21524429321289062,-0.0002566819894127548,-0.49174764752388,-7.479286193847656,-8.427472114562988,0.15053080022335052,0.0,0.0,0.24889050424098969,,,
14,36749,0.014473915100097656,0.9859935641288757,0.4929504692554474,-0.21524429321289062,-0.0002566819894127548,-0.4256950914859772,-7.546390533447266,-8.40269660949707,0.15093691647052765,0.0,0.0,0.24943092465400696,,,
14,36799,0.014473915100097656,0.9859935641288757,0.4929504692554474,-0.21524429321289062,-0.0002566819894127548,-0.392962247133255,-7.406338691711426,-8.366817474365234,0.15183085203170776,0.0,0.0,0.2505218982696533,,,
14,36849,0.014473915100097656,0.9859935641288757,0.4929504692554474,-0.21524429321289062,-0.0002566819894127548,-0.34384170174598694,-7.422809600830078,-8.35561752319336,0.15179027616977692,0.0,0.0,0.2501809895038605,,,
14,36899,0.014473915100097656,0.9859935641288757,0.4929504692554474,-0.21524429321289062,-0.0002566819894127548,-0.34718558192253113,-7.480756759643555,-8.373230934143066,0.14825139939785004,0.0,0.0,0.24666941165924072,,,
14,36949,0.014473915100097656,0.9859935641288757,0.4929504692554474,-0.24557113647460938,-0.00029375930898822844,-0.3917502462863922,-7.389355659484863,-8.415395736694336,0.14581620693206787,0.0,0.0,0.24421322345733643,,,
14,36999,0.014473915100097656,0.9859935641288757,0.4929504692554474,0.002384185791015625,2.81897837339784e-06,-0.3549991250038147,-7.466989994049072,-8.415644645690918,0.15060600638389587,0.0,0.0,0.24895425140857697,,,
14,37049,0.014473915100097656,0.9859935641288757,0.4929504692554474,0.0919342041015625,0.00010963180102407932,-0.3547101616859436,-7.523318290710449,-8.387707710266113,0.15091510117053986,0.0,0.0,0.2492174357175827,,,
14,37099,-0.010340690612792969,0.985829770565033,0.4930877089500427,0.152587890625,0.00018168945098295808,-0.3506132662296295,-7.376618385314941,-8.394255638122559,0.15078352391719818,0.0,0.0,0.24828414618968964,,,
14,37149,-0.010340690612792969,0.985829770565033,0.4930877089500427,0.152587890625,0.00018168945098295808,-0.3583551347255707,-7.5139055252075195,-8.404732704162598,0.14910325407981873,0.0,0.0,0.24990954995155334,,,
14,37199,-0.010340690612792969,0.985829770565033,0.4930877089500427,-0.09250640869140625,-0.00010966228001052514,-0.38920119404792786,-7.46252965927124,-8.437582015991211,0.15101097524166107,0.0,0.0,0.2486899048089981,,,
14,37249,-0.010340690612792969,0.985829770565033,0.4930877089500427,-0.07619857788085938,-9.065690392162651e-05,-0.3930184841156006,-7.570755958557129,-8.449065208435059,0.15092192590236664,0.0,0.0,0.24860836565494537,,,
14,37299,-0.010340690612792969,0.985829770565033,0.4930877089500427,0.08707046508789062,0.00010311626829206944,-0.37518417835235596,-7.187798500061035,-8.399049758911133,0.15101495385169983,0.0,0.0,0.24897435307502747,,,
14,37349,-0.010340690612792969,0.985829770565033,0.4930877089500427,0.08707046508789062,0.00010311626829206944,-0.4851565361022949,-7.369785308837891,-8.402788162231445,0.14941930770874023,0.0,0.0,0.24746209383010864,,,
14,37399,-0.010340690612792969,0.985829770565033,0.4930877089500427,-0.11053085327148438,-0.00013084354577586055,-0.3476482629776001,-7.474377632141113,-8.417919158935547,0.15031790733337402,0.0,0.0,0.24828822910785675,,,
14,37449,-0.010340690612792969,0.985829770565033,0.4930877089500427,-0.3190040588378906,-0.00037993135629221797,-0.45079559087753296,-7.5024566650390625,-8.436098098754883,0.1446157693862915,0.0,0.0,0.24231058359146118,,,
14,37499,-0.010340690612792969,0.985829770565033,0.4930877089500427,-0.3190040588378906,-0.00037993135629221797,-0.4113368093967438,-7.508403778076172,-8.383435249328613,0.1477440595626831,0.0,0.0,0.24557873606681824,,,
14,37499,,,,,,,,,,,,,-7.905252933502197,-8.030496597290039,-8.341093063354492
15,37549,,,,-0.13580322265625,-0.00016118567145895213,-0.34019237756729126,-7.413090229034424,-8.385641098022461,0.14995242655277252,0.0,0.0,0.24832448363304138,,,
15,37599,,,,-0.13580322265625,-0.00016118567145895213,-0.35921230912208557,-7.502674579620361,-8.37124252319336,0.14966890215873718,0.0,0.0,0.24826104938983917,,,
15,37649,,,,-0.13580322265625,-0.00016118567145895213,-0.3374634385108948,-7.450597763061523,-8.408576965332031,0.1519329994916916,0.0,0.0,0.250445157289505,,,
15,37699,,,,-0.13580322265625,-0.00016118567145895213,-0.36532527208328247,-7.547837257385254,-8.417928695678711,0.14489774405956268,0.0,0.0,0.24321648478507996,,,
15,37749,,,,-0.26454925537109375,-0.0003136704326607287,-0.35927581787109375,-7.3791608810424805,-8.370563507080078,0.14940285682678223,0.0,0.0,0.24770189821720123,,,
15,37799,,,,-0.26454925537109375,-0.0003136704326607287,-0.3970094621181488,-7.6085357666015625,-8.423328399658203,0.1518491804599762,0.0,0.0,0.25053662061691284,,,
15,37849,,,,-0.26454925537109375,-0.0003136704326607287,-0.3889238238334656,-7.316555023193359,-8.351003646850586,0.1506854146718979,0.0,0.0,0.2490810751914978,,,
15,37899,,,,0.39920806884765625,0.0004746317572426051,-0.3456042408943176,-7.599458694458008,-8.432644844055176,0.15076151490211487,0.0,0.0,0.24922651052474976,,,
15,37949,-0.11688232421875,0.9858929514884949,0.4927605986595154,0.041484832763671875,4.954862379236147e-05,-0.3499305546283722,-7.431620121002197,-8.392915725708008,0.1524408608675003,0.0,0.0,0.25337478518486023,,,
15,37999,-0.11688232421875,0.9858929514884949,0.4927605986595154,0.041484832763671875,4.954862379236147e-05,-0.40000632405281067,-7.462212562561035,-8.401276588439941,0.15548592805862427,0.0,0.0,0.2538985311985016,,,
15,38049,-0.11688232421875,0.9858929514884949,0.4927605986595154,0.041484832763671875,4.954862379236147e-05,-0.4056459367275238,-7.513570785522461,-8.433107376098633,0.1524934619665146,0.0,0.0,0.25043630599975586,,,
15,38099,-0.11688232421875,0.9858929514884949,0.4927605986595154,0.30345916748046875,0.00035875249886885285,-0.3914880156517029,-7.422896385192871,-8.377904891967773,0.15259619057178497,0.0,0.0,0.2505435645580292,,,
15,38149,-0.11688232421875,0.9858929514884949,0.4927605986595154,-0.41332244873046875,-0.000492156483232975,-0.3637757897377014,-7.1289777755737305,-8.378608703613281,0.15455853939056396,0.0,0.0,0.25331658124923706,,,
15,38199,-0.11688232421875,0.9858929514884949,0.4927605986595154,-0.41332244873046875,-0.000492156483232975,-0.4167017340660095,-7.4772725105285645,-8.400150299072266,0.15137220919132233,0.0,0.0,0.24948422610759735,,,
15,38249,-0.11688232421875,0.9858929514884949,0.4927605986595154,-0.41332244873046875,-0.000492156483232975,-0.39783045649528503,-7.515947341918945,-8.4155855178833,0.1496492624282837,0.0,0.0,0.2549033463001251,,,
15,38299,-0.11688232421875,0.9858929514884949,0.4927605986595154,-0.21219253540039062,-0.00025240384275093675,-0.3753187954425812,-7.408350944519043,-8.420849800109863,0.15096646547317505,0.0,0.0,0.24903519451618195,,,
15,38349,-0.11688232421875,0.9858929514884949,0.4927605986595154,0.20971298217773438,0.0002489378384780139,-0.35797861218452454,-7.416800498962402,-8.398406982421875,0.15322263538837433,0.0,0.0,0.25151050090789795,,,
15,38399,-0.11688232421875,0.9858929514884949,0.4927605986595154,0.20971298217773438,0.0002489378384780139,-0.3832932114601135,-7.649694442749023,-8.406219482421875,0.15303382277488708,0.0,0.0,0.2515208125114441,,,
15,38449,-0.11688232421875,0.9858929514884949,0.4927605986595154,0.20971298217773438,0.0002489378384780139,-0.41002577543258667,-7.462677955627441,-8.353711128234863,0.1500551849603653,0.0,0.0,0.24800989031791687,,,
15,38499,0.023499488830566406,0.9858803749084473,0.49342241883277893,0.05970001220703125,7.122848182916641e-05,-0.38175153732299805,-7.281116485595703,-8.354941368103027,0.1527387648820877,0.0,0.0,0.2510083317756653,,,
15,38549,0.023499488830566406,0.9858803749084473,0.49342241883277893,1.0987281799316406,0.0013034973526373506,-0.43265092372894287,-7.2698259353637695,-8.42313003540039,0.15101750195026398,0.0,0.0,0.24825461208820343,,,
15,38599,0.023499488830566406,0.9858803749084473,0.49342241883277893,1.0987281799316406,0.0013034973526373506,-0.42861875891685486,-7.294994354248047,-8.444710731506348,0.15317560732364655,0.0,0.0,0.25834205746650696,,,
15,38649,0.023499488830566406,0.9858803749084473,0.49342241883277893,1.0987281799316406,0.0013034973526373506,-0.551417887210846,-7.257345676422119,-8.380392074584961,0.15069934725761414,0.0,0.0,0.2484082728624344,,,
15,38699,0.023499488830566406,0.9858803749084473,0.49342241883277893,-0.20093917846679688,-0.00023834049352444708,-0.42277124524116516,-7.543031692504883,-8.44075870513916,0.15340431034564972,0.0,0.0,0.25131791830062866,,,
15,38749,0.023499488830566406,0.9858803749084473,0.49342241883277893,-0.20093917846679688,-0.00023834049352444708,-0.3746780455112457,-7.500726699829102,-8.40017032623291,0.156037837266922,0.0,0.0,0.25569769740104675,,,
15,38799,0.023499488830566406,0.9858803749084473,0.49342241883277893,-0.20093917846679688,-0.00023834049352444708,-0.3634451925754547,-7.394247055053711,-8.449604034423828,0.15008798241615295,0.0,0.0,0.24850238859653473,,,
15,38849,0.023499488830566406,0.9858803749084473,0.49342241883277893,-0.20093917846679688,-0.00023834049352444708,-0.4236357510089874,-7.4507293701171875,-8.390483856201172,0.15257248282432556,0.0,0.0,0.25086212158203125,,,
15,38899,0.023499488830566406,0.9858803749084473,0.49342241883277893,-0.20093917846679688,-0.00023834049352444708,-0.5117367506027222,-7.449215888977051,-8.356266975402832,0.15184183418750763,0.0,0.0,0.25019216537475586,,,
15,38949,0.023499488830566406,0.9858803749084473,0.49342241883277893,0.510406494140625,0.0006049386574886739,-0.42860648036003113,-7.503988265991211,-8.340386390686035,0.1536986380815506,0.0,0.0,0.25748029351234436,,,
15,38999,0.023499488830566406,0.9858803749084473,0.49342241883277893,0.16956329345703125,0.0002025722642429173,-0.43589872121810913,-7.126729488372803,-8.375151634216309,0.15189698338508606,0.0,0.0,0.25035572052001953,,,
15,39049,0.023499488830566406,0.9858803749084473,0.49342241883277893,-0.40988922119140625,-0.0004871937562711537,-0.463691383600235,-7.299736022949219,-8.35438346862793,0.15296903252601624,0.0,0.0,0.2513330578804016,,,
15,39099,0.023499488830566406,0.9858803749084473,0.49342241883277893,-0.40988922119140625,-0.0004871937562711537,-0.3543206751346588,-7.525747299194336,-8.426591873168945,0.1525806337594986,0.0,0.0,0.25094905495643616,,,
15,39149,0.023499488830566406,0.9858803749084473,0.49342241883277893,0.1895904541015625,0.0002258873573737219,-0.3919447958469391,-7.622767448425293,-8.449737548828125,0.15025614202022552,0.0,0.0,0.24852311611175537,,,
15,39199,0.023499488830566406,0.9858803749084473,0.49342241883277893,0.1895904541015625,0.0002258873573737219,-0.45232176780700684,-7.458559036254883,-8.388057708740234,0.1529410034418106,0.0,0.0,0.2570573389530182,,,
15,39249,0.023499488830566406,0.9858803749084473,0.49342241883277893,-0.16536712646484375,-0.00019629903545137495,-0.412448912858963,-7.447477340698242,-8.357300758361816,0.1533692628145218,0.0,0.0,0.25176963210105896,,,
15,39299,0.023499488830566406,0.9858803749084473,0.49342241883277893,-0.16536712646484375,-0.00019629903545137495,-0.3199094235897064,-7.501214504241943,-8.368611335754395,0.15236671268939972,0.0,0.0,0.25058481097221375,,,
15,39349,0.060090065002441406,0.9858530759811401,0.4935165345668793,-0.2503395080566406,-0.000299147330224514,-0.353566974401474,-7.387509346008301,-8.365619659423828,0.15298807621002197,0.0,0.0,0.25115808844566345,,,
15,39399,0.060090065002441406,0.9858530759811401,0.4935165345668793,-0.2503395080566406,-0.000299147330224514,-0.420623779296875,-7.43867301940918,-8.435025215148926,0.152356818318367,0.0,0.0,0.2496163249015808,,,
15,39449,0.060090065002441406,0.9858530759811401,0.4935165345668793,-0.2503395080566406,-0.000299147330224514,-0.4212201237678528,-7.48772668838501,-8.40870189666748,0.1532357782125473,0.0,0.0,0.25134551525115967,,,
15,39499,0.060090065002441406,0.9858530759811401,0.4935165345668793,-0.2503395080566406,-0.000299147330224514,-0.31954023241996765,-7.215680122375488,-8.320390701293945,0.15256018936634064,0.0,0.0,0.2503845691680908,,,
15,39549,0.060090065002441406,0.9858530759811401,0.4935165345668793,-0.2503395080566406,-0.000299147330224514,-0.3705618679523468,-7.517757892608643,-8.430132865905762,0.1527472287416458,0.0,0.0,0.2504763901233673,,,
15,39599,0.060090065002441406,0.9858530759811401,0.4935165345668793,-0.2503395080566406,-0.000299147330224514,-0.4222527742385864,-7.6225786209106445,-8.425379753112793,0.15304167568683624,0.0,0.0,0.2515416443347931,,,
15,39649,0.060090065002441406,0.9858530759811401,0.4935165345668793,-0.2503395080566406,-0.000299147330224514,-0.3120790719985962,-7.365479469299316,-8.37226676940918,0.154268279671669,0.0,0.0,0.2530040442943573,,,
15,39699,0.060090065002441406,0.9858530759811401,0.4935165345668793,-0.5824089050292969,-0.0006937998114153743,-0.40089064836502075,-7.434543609619141,-8.361218452453613,0.15387775003910065,0.0,0.0,0.2522296905517578,,,
15,39749,0.060090065002441406,0.9858530759811401,0.4935165345668793,-0.5824089050292969,-0.0006937998114153743,-0.3535475432872772,-7.556335926055908,-8.408148765563965,0.15368950366973877,0.0,0.0,0.25209107995033264,,,
15,39799,0.060090065002441406,0.9858530759811401,0.4935165345668793,0.000762939453125,9.05088370473095e-07,-0.3717063367366791,-7.322909355163574,-8.384673118591309,0.15021932125091553,0.0,0.0,0.2484327256679535,,,
15,39849,0.060090065002441406,0.9858530759811401,0.4935165345668793,-0.1995086669921875,-0.0002386450069025159,-0.4059754014015198,-7.431400299072266,-8.337331771850586,0.15286166965961456,0.0,0.0,0.2512349784374237,,,
15,39899,0.060090065002441406,0.9858530759811401,0.4935165345668793,-0.00743865966796875,-8.969840564532205e-06,-0.40828222036361694,-7.539753437042236,-8.420317649841309,0.15316914021968842,0.0,0.0,0.2515796422958374,,,
15,39949,0.060090065002441406,0.9858530759811401,0.4935165345668793,0.31299591064453125,0.00037198758218437433,-0.3536640703678131,-7.466339111328125,-8.356358528137207,0.15320342779159546,0.0,0.0,0.25160306692123413,,,
15,39999,0.060090065002441406,0.9858530759811401,0.4935165345668793,0.11072158813476562,0.00013233872596174479,-0.31329575181007385,-7.4532880783081055,-8.414846420288086,0.15299785137176514,0.0,0.0,0.2514111399650574,,,
15,39999,,,,,,,,,,,,,-7.894415855407715,-8.017300605773926,-8.31618881225586
16,40049,,,,,,-0.3696594536304474,-7.406851768493652,-8.442256927490234,0.18361824750900269,0.0,0.0,0.2878362834453583,,,
16,40099,,,,0.12426376342773438,0.00014699492021463811,-0.6027540564537048,-7.234006881713867,-8.40414810180664,0.1843664050102234,0.0,0.0,0.28324270248413086,,,
16,40149,,,,0.12426376342773438,0.00014699492021463811,-0.40341243147850037,-7.337204456329346,-8.39169692993164,0.18578344583511353,0.0,0.0,0.28502675890922546,,,
16,40199,,,,0.12426376342773438,0.00014699492021463811,-0.40399256348609924,-7.329239845275879,-8.43242359161377,0.18703331053256989,0.0,0.0,0.28620055317878723,,,
16,40249,,,,0.12426376342773438,0.00014699492021463811,-0.3981662392616272,-7.456020355224609,-8.40378189086914,0.1859578639268875,0.0,0.0,0.2888199985027313,,,
16,40299,,,,0.12426376342773438,0.00014699492021463811,-0.35738861560821533,-7.304037094116211,-8.331549644470215,0.18619386851787567,0.0,0.0,0.28510627150535583,,,
16,40349,,,,0.12426376342773438,0.00014699492021463811,-0.38535597920417786,-7.472230911254883,-8.38265323638916,0.18577244877815247,0.0,0.0,0.28476452827453613,,,
16,40399,,,,-0.2361297607421875,-0.0002807861310429871,-0.4170624315738678,-7.4727325439453125,-8.31423282623291,0.18540829420089722,0.0,0.0,0.28430232405662537,,,
16,40449,,,,-0.2361297607421875,-0.0002807861310429871,-0.3586242198944092,-7.583437919616699,-8.393983840942383,0.18655918538570404,0.0,0.0,0.2852763533592224,,,
16,40499,-0.028490066528320312,0.9856854677200317,0.4929639399051666,0.32558441162109375,0.0003896036359947175,-0.4002089500427246,-7.681714057922363,-8.41583251953125,0.15072788298130035,0.0,0.0,0.24843421578407288,,,
16,40549,-0.028490066528320312,0.9856854677200317,0.4929639399051666,0.32558441162109375,0.0003896036359947175,-0.43311262130737305,-7.358880519866943,-8.374926567077637,0.15161345899105072,0.0,0.0,0.2488880306482315,,,
16,40599,-0.028490066528320312,0.9856854677200317,0.4929639399051666,0.32558441162109375,0.0003896036359947175,-0.3515985310077667,-7.465411186218262,-8.38221549987793,0.15102951228618622,0.0,0.0,0.24876491725444794,,,
16,40649,-0.028490066528320312,0.9856854677200317,0.4929639399051666,0.32558441162109375,0.0003896036359947175,-0.40876609086990356,-7.443487644195557,-8.384521484375,0.15067100524902344,0.0,0.0,0.24839472770690918,,,
16,40699,-0.028490066528320312,0.9856854677200317,0.4929639399051666,0.32558441162109375,0.0003896036359947175,-0.37430137395858765,-7.448615074157715,-8.452744483947754,0.14929646253585815,0.0,0.0,0.2471911758184433,,,
16,40749,-0.028490066528320312,0.9856854677200317,0.4929639399051666,0.11053085327148438,0.00013223607675172389,-0.3400367796421051,-7.249991416931152,-8.330945014953613,0.14752380549907684,0.0,0.0,0.24549053609371185,,,
16,40799,-0.028490066528320312,0.9856854677200317,0.4929639399051666,0.10890960693359375,0.0001294551184400916,-0.3371175229549408,-7.523848056793213,-8.40241813659668,0.14744919538497925,0.0,0.0,0.2453978955745697,,,
16,40849,-0.028490066528320312,0.9856854677200317,0.4929639399051666,-0.02899169921875,-3.447553899604827e-05,-0.47511476278305054,-7.318685054779053,-8.376381874084473,0.14870233833789825,0.0,0.0,0.2468821257352829,,,
16,40899,-0.028490066528320312,0.9856854677200317,0.4929639399051666,0.07543563842773438,8.962809079093859e-05,-0.4099380373954773,-7.454452991485596,-8.355257987976074,0.1487225443124771,0.0,0.0,0.25293534994125366,,,
16,40949,-0.028490066528320312,0.9856854677200317,0.4929639399051666,0.27313232421875,0.0003226423286832869,-0.35984787344932556,-7.137934684753418,-8.392339706420898,0.14945365488529205,0.0,0.0,0.24749399721622467,,,
16,40999,-0.028490066528320312,0.9856854677200317,0.4929639399051666,0.27313232421875,0.0003226423286832869,-0.38117536902427673,-7.588630676269531,-8.39595890045166,0.14869748055934906,0.0,0.0,0.24657125771045685,,,
16,41049,-0.028490066528320312,0.9856854677200317,0.4929639399051666,0.27313232421875,0.0003226423286832869,-0.3735564351081848,-7.2354936599731445,-8.353206634521484,0.14898322522640228,0.0,0.0,0.24691812694072723,,,
16,41099,-0.028490066528320312,0.9856854677200317,0.4929639399051666,0.27313232421875,0.0003226423286832869,-0.44098961353302,-7.4619245529174805,-8.392210960388184,0.149369478225708,0.0,0.0,0.24796843528747559,,,
16,41149,-0.028490066528320312,0.9856854677200317,0.4929639399051666,0.27313232421875,0.0003226423286832869,-0.43762901425361633,-7.530562400817871,-8.392790794372559,0.14852355420589447,0.0,0.0,0.25274553894996643,,,
16,41199,-0.028490066528320312,0.9856854677200317,0.4929639399051666,0.27313232421875,0.0003226423286832869,-0.3501054644584656,-7.2791361808776855,-8.324894905090332,0.14908401668071747,0.0,0.0,0.24754361808300018,,,
16,41249,-0.028490066528320312,0.9856854677200317,0.4929639399051666,0.3283500671386719,0.00039217094308696687,-0.4383595585823059,-7.488088130950928,-8.406353950500488,0.1488407552242279,0.0,0.0,0.2472667396068573,,,
16,41299,-0.028490066528320312,0.9856854677200317,0.4929639399051666,-0.14104843139648438,-0.00016798306023702025,-0.3329569101333618,-7.509355068206787,-8.361698150634766,0.1487417370080948,0.0,0.0,0.24713008105754852,,,
16,41349,-0.028490066528320312,0.9856854677200317,0.4929639399051666,-0.14104843139648438,-0.00016798306023702025,-0.395833283662796,-7.290246963500977,-8.407125473022461,0.14878112077713013,0.0,0.0,0.2474745213985443,,,
16,41399,-0.028490066528320312,0.9856854677200317,0.4929639399051666,-0.14104843139648438,-0.00016798306023702025,-0.41636431217193604,-7.4751129150390625,-8.365497589111328,0.1487545222043991,0.0,0.0,0.24711866676807404,,,
16,41449,-0.028490066528320312,0.9856854677200317,0.4929639399051666,-0.14104843139648438,-0.00016798306023702025,-0.4343720078468323,-7.262531280517578,-8.394672393798828,0.14901956915855408,0.0,0.0,0.247325137257576,,,
16,41499,-0.028490066528320312,0.9856854677200317,0.4929639399051666,-0.14104843139648438,-0.00016798306023702025,-0.379830539226532,-7.350668430328369,-8.344261169433594,0.1491248458623886,0.0,0.0,0.24783504009246826,,,
16,41549,-0.028490066528320312,0.9856854677200317,0.4929639399051666,-0.14104843139648438,-0.00016798306023702025,-0.4345111846923828,-7.321449279785156,-8.391654014587402,0.14737704396247864,0.0,0.0,0.25334322452545166,,,
16,41599,-0.028490066528320312,0.9856854677200317,0.4929639399051666,-0.3251075744628906,-0.00038976254290901124,-0.348641037940979,-7.334556579589844,-8.35502815246582,0.14791367948055267,0.0,0.0,0.24631842970848083,,,
16,41649,0.018810272216796875,0.9857280254364014,0.49337321519851685,0.09202957153320312,0.00010968669812427834,-0.3109062612056732,-7.512611389160156,-8.401060104370117,0.14819912612438202,0.0,0.0,0.25105738639831543,,,
16,41699,0.018810272216796875,0.9857280254364014,0.49337321519851685,-0.019931793212890625,-2.376078555244021e-05,-0.38613361120224,-7.370207786560059,-8.350090026855469,0.14903753995895386,0.0,0.0,0.24667823314666748,,,
16,41749,0.018810272216796875,0.9857280254364014,0.49337321519851685,-0.019931793212890625,-2.376078555244021e-05,-0.33012545108795166,-7.448367118835449,-8.403875350952148,0.14939148724079132,0.0,0.0,0.24708974361419678,,,
16,41799,0.018810272216796875,0.9857280254364014,0.49337321519851685,-0.019931793212890625,-2.376078555244021e-05,-0.3382285535335541,-7.493092060089111,-8.429224967956543,0.1502457857131958,0.0,0.0,0.24787083268165588,,,
16,41849,0.018810272216796875,0.9857280254364014,0.49337321519851685,-0.019931793212890625,-2.376078555244021e-05,-0.3444586396217346,-7.495632648468018,-8.365234375,0.15026697516441345,0.0,0.0,0.24825753271579742,,,
16,41899,0.018810272216796875,0.9857280254364014,0.49337321519851685,-0.019931793212890625,-2.376078555244021e-05,-0.3580350875854492,-7.340269088745117,-8.408681869506836,0.1481347531080246,0.0,0.0,0.24600331485271454,,,
16,41949,0.018810272216796875,0.9857280254364014,0.49337321519851685,-0.23202896118164062,-0.0002787229896057397,-0.6976506114006042,-7.352785110473633,-8.375839233398438,0.147633895277977,0.0,0.0,0.2511202096939087,,,
16,41999,0.018810272216796875,0.9857280254364014,0.49337321519851685,-0.23202896118164062,-0.0002787229896057397,-0.40498843789100647,-7.490250587463379,-8.353429794311523,0.1504025161266327,0.0,0.0,0.24833224713802338,,,
16,42049,0.018810272216796875,0.9857280254364014,0.49337321519851685,-0.23202896118164062,-0.0002787229896057397,-0.35296720266342163,-7.471827983856201,-8.394068717956543,0.1515306830406189,0.0,0.0,0.24982061982154846,,,
16,42099,0.018810272216796875,0.9857280254364014,0.49337321519851685,-0.23202896118164062,-0.0002787229896057397,-0.40870290994644165,-7.512245178222656,-8.361288070678711,0.15337276458740234,0.0,0.0,0.25804248452186584,,,
16,42149,0.018810272216796875,0.9857280254364014,0.49337321519851685,-0.11091232299804688,-0.00013232258788775653,-0.3503277599811554,-7.132532119750977,-8.405303955078125,0.15330982208251953,0.0,0.0,0.2513144314289093,,,
16,42199,0.018810272216796875,0.9857280254364014,0.49337321519851685,-0.11091232299804688,-0.00013232258788775653,-0.4289343059062958,-7.57650089263916,-8.323570251464844,0.15349295735359192,0.0,0.0,0.25145795941352844,,,
16,42249,0.018810272216796875,0.9857280254364014,0.49337321519851685,-0.11091232299804688,-0.00013232258788775653,-0.25654906034469604,-7.579344272613525,-8.343554496765137,0.15287131071090698,0.0,0.0,0.25085535645484924,,,
16,42299,0.018810272216796875,0.9857280254364014,0.49337321519851685,0.3383636474609375,0.0004033472796436399,-0.3643668591976166,-7.4890546798706055,-8.391900062561035,0.15305697917938232,0.0,0.0,0.2579689919948578,,,
16,42349,0.018810272216796875,0.9857280254364014,0.49337321519851685,-0.03070831298828125,-3.6786786949960515e-05,-0.4218764901161194,-7.542673110961914,-8.350711822509766,0.15141570568084717,0.0,0.0,0.2493392527103424,,,
16,42399,0.018810272216796875,0.9857280254364014,0.49337321519851685,0.4118919372558594,0.0004926436813548207,-0.44536471366882324,-7.4503493309021,-8.346941947937012,0.15254542231559753,0.0,0.0,0.2505439817905426,,,
16,42449,0.018810272216796875,0.9857280254364014,0.49337321519851685,0.1003265380859375,0.00011940222611883655,-0.4401557445526123,-7.601615905761719,-8.342047691345215,0.14795643091201782,0.0,0.0,0.24964241683483124,,,
16,42499,0.018810272216796875,0.9857280254364014,0.49337321519851685,-0.07781982421875,-9.297379438066855e-05,-0.39987173676490784,-7.114590644836426,-8.401525497436523,0.1498410403728485,0.0,0.0,0.24797143042087555,,,
16,42499,,,,,,,,,,,,,-7.8923563957214355,-8.013829231262207,-8.308440208435059
17,42549,,,,,,-0.4468284547328949,-7.444781303405762,-8.370863914489746,0.15284375846385956,0.0,0.0,0.2512425482273102,,,
17,42599,,,,-0.3204345703125,-0.0003835997777059674,-0.3385471701622009,-7.260281085968018,-8.370880126953125,0.15003208816051483,0.0,0.0,0.24830585718154907,,,
17,42649,-0.004651069641113281,0.9856712222099304,0.4931176006793976,-0.278472900390625,-0.0003320558462291956,-0.30283400416374207,-7.436855792999268,-8.32225513458252,0.15124589204788208,0.0,0.0,0.249142587184906,,,
17,42699,-0.004651069641113281,0.9856712222099304,0.4931176006793976,-0.278472900390625,-0.0003320558462291956,-0.38005581498146057,-7.062520980834961,-8.361679077148438,0.1515299677848816,0.0,0.0,0.2542826235294342,,,
17,42749,-0.004651069641113281,0.9856712222099304,0.4931176006793976,0.3958702087402344,0.0004711213114205748,-0.3434154689311981,-7.517134189605713,-8.387735366821289,0.15044204890727997,0.0,0.0,0.24802882969379425,,,
17,42799,-0.004651069641113281,0.9856712222099304,0.4931176006793976,0.0484466552734375,5.7831606682157144e-05,-0.3940737843513489,-7.322638511657715,-8.36125659942627,0.1508338749408722,0.0,0.0,0.24840816855430603,,,
17,42849,-0.004651069641113281,0.9856712222099304,0.4931176006793976,0.0484466552734375,5.7831606682157144e-05,-0.35855478048324585,-7.480108261108398,-8.2942476272583,0.15021808445453644,0.0,0.0,0.24845890700817108,,,
17,42899,-0.004651069641113281,0.9856712222099304,0.4931176006793976,-0.06799697875976562,-8.114970114547759e-05,-0.39132803678512573,-7.4738450050354,-8.388418197631836,0.15212571620941162,0.0,0.0,0.25717225670814514,,,
17,42949,-0.004651069641113281,0.9856712222099304,0.4931176006793976,-0.06799697875976562,-8.114970114547759e-05,-0.3609616756439209,-7.358505725860596,-8.371665000915527,0.1447288990020752,0.0,0.0,0.24275852739810944,,,
17,42999,-0.004651069641113281,0.9856712222099304,0.4931176006793976,-0.06799697875976562,-8.114970114547759e-05,-0.3520956337451935,-7.410255432128906,-8.415623664855957,0.14835138618946075,0.0,0.0,0.24650049209594727,,,
17,43049,-0.004651069641113281,0.9856712222099304,0.4931176006793976,-0.06799697875976562,-8.114970114547759e-05,-0.36560070514678955,-6.960529804229736,-8.390329360961914,0.14844828844070435,0.0,0.0,0.2515879273414612,,,
17,43099,-0.004651069641113281,0.9856712222099304,0.4931176006793976,-0.06799697875976562,-8.114970114547759e-05,-0.4047827124595642,-7.204940319061279,-8.331851959228516,0.14949500560760498,0.0,0.0,0.24788983166217804,,,
17,43149,-0.004651069641113281,0.9856712222099304,0.4931176006793976,-0.06799697875976562,-8.114970114547759e-05,-0.3683783710002899,-7.257915019989014,-8.332904815673828,0.14946401119232178,0.0,0.0,0.247718945145607,,,
17,43199,-0.004651069641113281,0.9856712222099304,0.4931176006793976,-0.25806427001953125,-0.0003056428104173392,-0.5409997701644897,-7.307826042175293,-8.354456901550293,0.14972810447216034,0.0,0.0,0.2481020838022232,,,
17,43249,-0.004651069641113281,0.9856712222099304,0.4931176006793976,-0.25806427001953125,-0.0003056428104173392,-0.3836555778980255,-7.418716907501221,-8.368033409118652,0.14999628067016602,0.0,0.0,0.2482490837574005,,,
17,43299,-0.004651069641113281,0.9856712222099304,0.4931176006793976,0.03871917724609375,4.618980165105313e-05,-0.32906511425971985,-7.134005546569824,-8.377639770507812,0.1494467854499817,0.0,0.0,0.24787871539592743,,,
17,43349,-0.004651069641113281,0.9856712222099304,0.4931176006793976,0.03871917724609375,4.618980165105313e-05,-0.3259877562522888,-7.351047992706299,-8.36750602722168,0.1497483104467392,0.0,0.0,0.24797874689102173,,,
17,43399,-0.004651069641113281,0.9856712222099304,0.4931176006793976,0.03871917724609375,4.618980165105313e-05,-0.34403112530708313,-7.475203514099121,-8.390223503112793,0.1503545343875885,0.0,0.0,0.2490656077861786,,,
17,43449,-0.004651069641113281,0.9856712222099304,0.4931176006793976,-0.12292861938476562,-0.00014714551798533648,-0.3450016379356384,-7.4223175048828125,-8.386857032775879,0.15044373273849487,0.0,0.0,0.24894899129867554,,,
17,43499,-0.004651069641113281,0.9856712222099304,0.4931176006793976,-0.1148223876953125,-0.0001378194720018655,-0.3446670174598694,-7.313675880432129,-8.389975547790527,0.14900770783424377,0.0,0.0,0.24723367393016815,,,
17,43549,-0.004651069641113281,0.9856712222099304,0.4931176006793976,-0.1148223876953125,-0.0001378194720018655,-0.4207286238670349,-7.051875114440918,-8.400060653686523,0.14977321028709412,0.0,0.0,0.24825341999530792,,,
17,43599,-0.004651069641113281,0.9856712222099304,0.4931176006793976,0.18835067749023438,0.00022367700876202434,-0.41422995924949646,-7.523992538452148,-8.36532974243164,0.14999623596668243,0.0,0.0,0.24825221300125122,,,
17,43649,-0.004651069641113281,0.9856712222099304,0.4931176006793976,0.18835067749023438,0.00022367700876202434,-0.3383713364601135,-7.483739852905273,-8.407861709594727,0.14897151291370392,0.0,0.0,0.24717029929161072,,,
17,43699,-0.004651069641113281,0.9856712222099304,0.4931176006793976,0.18835067749023438,0.00022367700876202434,-0.36936521530151367,-7.326598167419434,-8.331398010253906,0.148317351937294,0.0,0.0,0.2466026395559311,,,
17,43749,-0.004651069641113281,0.9856712222099304,0.4931176006793976,0.18835067749023438,0.00022367700876202434,-0.40378502011299133,-7.190707683563232,-8.373923301696777,0.15037164092063904,0.0,0.0,0.24874050915241241,,,
17,43799,-0.004651069641113281,0.9856712222099304,0.4931176006793976,0.18835067749023438,0.00022367700876202434,-0.3563121259212494,-7.246968746185303,-8.352121353149414,0.14915433526039124,0.0,0.0,0.2473885864019394,,,
17,43849,-0.004651069641113281,0.9856712222099304,0.4931176006793976,0.18835067749023438,0.00022367700876202434,-0.4984756112098694,-7.419356346130371,-8.326906204223633,0.14928123354911804,0.0,0.0,0.2477676272392273,,,
17,43899,-0.004651069641113281,0.9856712222099304,0.4931176006793976,0.18835067749023438,0.00022367700876202434,-0.3544054329395294,-7.480393886566162,-8.392356872558594,0.1492372453212738,0.0,0.0,0.24753791093826294,,,
17,43949,0.12972450256347656,0.9858439564704895,0.49339166283607483,-0.421905517578125,-0.0005041267140768468,-0.39326635003089905,-7.296311378479004,-8.357242584228516,0.14388926327228546,0.0,0.0,0.24727727472782135,,,
17,43999,0.12972450256347656,0.9858439564704895,0.49339166283607483,-0.1926422119140625,-0.000229802550165914,-0.42527997493743896,-7.419538497924805,-8.402092933654785,0.1486862301826477,0.0,0.0,0.24601510167121887,,,
17,44049,0.12972450256347656,0.9858439564704895,0.49339166283607483,-0.1926422119140625,-0.000229802550165914,-0.354146271944046,-7.458539009094238,-8.331991195678711,0.14769084751605988,0.0,0.0,0.24532313644886017,,,
17,44099,0.12972450256347656,0.9858439564704895,0.49339166283607483,-0.3665924072265625,-0.0004363782936707139,-0.3253869414329529,-7.463271141052246,-8.370856285095215,0.14808093011379242,0.0,0.0,0.24567393958568573,,,
17,44149,0.12972450256347656,0.9858439564704895,0.49339166283607483,0.014781951904296875,1.77925503521692e-05,-0.34346115589141846,-7.527698516845703,-8.336634635925293,0.1494506448507309,0.0,0.0,0.2476811707019806,,,
17,44199,0.12972450256347656,0.9858439564704895,0.49339166283607483,-0.31528472900390625,-0.00037496438017114997,-0.2982140779495239,-7.383598804473877,-8.365926742553711,0.14959047734737396,0.0,0.0,0.24788181483745575,,,
17,44249,0.12972450256347656,0.9858439564704895,0.49339166283607483,-0.14667510986328125,-0.00017529638716951013,-0.3506026268005371,-7.329531192779541,-8.330080032348633,0.14875799417495728,0.0,0.0,0.24701179563999176,,,
17,44299,0.12972450256347656,0.9858439564704895,0.49339166283607483,-0.14667510986328125,-0.00017529638716951013,-0.3945275843143463,-7.344698905944824,-8.406119346618652,0.150100439786911,0.0,0.0,0.24836140871047974,,,
17,44349,0.12972450256347656,0.9858439564704895,0.49339166283607483,-0.14667510986328125,-0.00017529638716951013,-0.40226349234580994,-7.560235977172852,-8.37420654296875,0.14927153289318085,0.0,0.0,0.24758534133434296,,,
17,44399,0.12972450256347656,0.9858439564704895,0.49339166283607483,0.118255615234375,0.00014150080096442252,-0.44726088643074036,-7.472896099090576,-8.407626152038574,0.14751635491847992,0.0,0.0,0.2459229975938797,,,
17,44449,0.12972450256347656,0.9858439564704895,0.49339166283607483,0.118255615234375,0.00014150080096442252,-0.36529630422592163,-7.523382186889648,-8.34101390838623,0.14571408927440643,0.0,0.0,0.24388720095157623,,,
17,44499,0.12972450256347656,0.9858439564704895,0.49339166283607483,0.37822723388671875,0.0004524197429418564,-0.34322839975357056,-7.434494972229004,-8.329773902893066,0.148002028465271,0.0,0.0,0.24620293080806732,,,
17,44549,0.12972450256347656,0.9858439564704895,0.49339166283607483,0.37822723388671875,0.0004524197429418564,-0.32741275429725647,-7.504664421081543,-8.364492416381836,0.14440658688545227,0.0,0.0,0.24240972101688385,,,
17,44599,0.12972450256347656,0.9858439564704895,0.49339166283607483,0.37822723388671875,0.0004524197429418564,-0.359359472990036,-7.0429887771606445,-8.338910102844238,0.14995039999485016,0.0,0.0,0.24825234711170197,,,
17,44649,0.11795234680175781,0.9857238531112671,0.4935414791107178,-0.1861572265625,-0.00022180115047376603,-0.33242174983024597,-7.388819694519043,-8.36155891418457,0.15042349696159363,0.0,0.0,0.24818526208400726,,,
17,44699,0.11795234680175781,0.9857238531112671,0.4935414791107178,-0.24328231811523438,-0.000290788448182866,-0.3305194079875946,-7.360191822052002,-8.368099212646484,0.15019112825393677,0.0,0.0,0.24740661680698395,,,
17,44749,0.11795234680175781,0.9857238531112671,0.4935414791107178,0.10242462158203125,0.00012280108057893813,-0.32221806049346924,-7.479936599731445,-8.361037254333496,0.1503141075372696,0.0,0.0,0.24808070063591003,,,
17,44799,0.11795234680175781,0.9857238531112671,0.4935414791107178,0.1766204833984375,0.00021029675554018468,-0.4015061855316162,-7.406773567199707,-8.372832298278809,0.15200673043727875,0.0,0.0,0.2499346137046814,,,
17,44849,0.11795234680175781,0.9857238531112671,0.4935414791107178,0.0949859619140625,0.00011331135465297848,-0.32411810755729675,-7.17369270324707,-8.407365798950195,0.15369392931461334,0.0,0.0,0.25185564160346985,,,
17,44899,0.11795234680175781,0.9857238531112671,0.4935414791107178,0.0949859619140625,0.00011331135465297848,-0.39099088311195374,-7.343321800231934,-8.293286323547363,0.1506766378879547,0.0,0.0,0.2485632747411728,,,
17,44949,0.11795234680175781,0.9857238531112671,0.4935414791107178,0.13446807861328125,0.00016162828251253814,-0.3465293049812317,-7.447040557861328,-8.393669128417969,0.15279078483581543,0.0,0.0,0.2518639862537384,,,
17,44999,0.11795234680175781,0.9857238531112671,0.4935414791107178,0.13446807861328125,0.00016162828251253814,-0.3985791802406311,-7.559454917907715,-8.333199501037598,0.15060727298259735,0.0,0.0,0.25422918796539307,,,
17,44999,,,,,,,,,,,,,-7.890402317047119,-8.010636329650879,-8.298942565917969
18,45049,,,,,,-0.353750616312027,-7.28773307800293,-8.352500915527344,0.1521468311548233,0.0,0.0,0.2550910711288452,,,
18,45099,,,,,,-0.38377463817596436,-7.365194797515869,-8.370363235473633,0.1518816202878952,0.0,0.0,0.2502427399158478,,,
18,45149,,,,,,-0.4220372438430786,-7.414383411407471,-8.359601974487305,0.15552636981010437,0.0,0.0,0.25535231828689575,,,
18,45199,,,,,,-0.3436945974826813,-7.516529083251953,-8.372537612915039,0.15187793970108032,0.0,0.0,0.2502173185348511,,,
18,45249,,,,,,-0.35647207498550415,-7.225086688995361,-8.233373641967773,0.1518115997314453,0.0,0.0,0.2505665421485901,,,
18,45299,0.001529693603515625,0.9856645464897156,0.4926515817642212,0.5446434020996094,0.0006535996217280626,-0.3656596541404724,-7.567450523376465,-8.422171592712402,0.15246105194091797,0.0,0.0,0.2504248321056366,,,
18,45349,0.001529693603515625,0.9856645464897156,0.4926515817642212,0.5446434020996094,0.0006535996217280626,-0.36265888810157776,-7.51859188079834,-8.363970756530762,0.15039865672588348,0.0,0.0,0.24789175391197205,,,
18,45399,0.001529693603515625,0.9856645464897156,0.4926515817642212,-0.2315521240234375,-0.000276001839665696,-0.5041248798370361,-7.427481651306152,-8.36469554901123,0.15251626074314117,0.0,0.0,0.25034019351005554,,,
18,45449,0.001529693603515625,0.9856645464897156,0.4926515817642212,-0.2315521240234375,-0.000276001839665696,-0.3895530700683594,-7.458235740661621,-8.410268783569336,0.15298496186733246,0.0,0.0,0.2515419125556946,,,
18,45499,0.001529693603515625,0.9856645464897156,0.4926515817642212,-0.2315521240234375,-0.000276001839665696,-0.4168872833251953,-7.461954116821289,-8.304789543151855,0.1523919403553009,0.0,0.0,0.250820130109787,,,
18,45549,0.001529693603515625,0.9856645464897156,0.4926515817642212,-0.2315521240234375,-0.000276001839665696,-0.35573244094848633,-7.262783050537109,-8.339749336242676,0.15261586010456085,0.0,0.0,0.25613531470298767,,,
18,45599,0.001529693603515625,0.9856645464897156,0.4926515817642212,-0.2315521240234375,-0.000276001839665696,-0.3828425407409668,-7.292929649353027,-8.3097562789917,0.1520737260580063,0.0,0.0,0.25060877203941345,,,
18,45649,0.001529693603515625,0.9856645464897156,0.4926515817642212,-0.2315521240234375,-0.000276001839665696,-0.35428205132484436,-7.086923599243164,-8.368019104003906,0.1521151065826416,0.0,0.0,0.250511109828949,,,
18,45699,0.001529693603515625,0.9856645464897156,0.4926515817642212,-0.2315521240234375,-0.000276001839665696,-0.40010643005371094,-7.390145301818848,-8.30421257019043,0.1504024714231491,0.0,0.0,0.24870309233665466,,,
18,45749,0.001529693603515625,0.9856645464897156,0.4926515817642212,-0.2315521240234375,-0.000276001839665696,-0.3386151194572449,-7.558215141296387,-8.418811798095703,0.15113545954227448,0.0,0.0,0.24945814907550812,,,
18,45799,0.001529693603515625,0.9856645464897156,0.4926515817642212,-0.2315521240234375,-0.000276001839665696,-0.3568311333656311,-7.448713779449463,-8.360275268554688,0.15299437940120697,0.0,0.0,0.25159752368927,,,
18,45849,0.001529693603515625,0.9856645464897156,0.4926515817642212,0.13713836669921875,0.00016431942640338093,-0.4095688462257385,-7.523294448852539,-8.345840454101562,0.30425533652305603,0.0,0.0,0.4984031617641449,,,
18,45899,0.001529693603515625,0.9856645464897156,0.4926515817642212,0.13713836669921875,0.00016431942640338093,-0.374151349067688,-7.353276252746582,-8.316279411315918,0.15067705512046814,0.0,0.0,0.24903006851673126,,,
18,45949,0.001529693603515625,0.9856645464897156,0.4926515817642212,0.10080337524414062,0.0001206086526508443,-0.45074087381362915,-7.547006607055664,-8.36314868927002,0.1492672562599182,0.0,0.0,0.24767962098121643,,,
18,45999,0.001529693603515625,0.9856645464897156,0.4926515817642212,-0.15516281127929688,-0.0001853162975749001,-0.3147338330745697,-7.447134494781494,-8.37286376953125,0.306129515171051,0.0,0.0,0.5001888275146484,,,
18,46049,0.001529693603515625,0.9856645464897156,0.4926515817642212,-0.3384590148925781,-0.0004030469572171569,-0.32913097739219666,-7.497779846191406,-8.309906005859375,0.16039837896823883,0.0,0.0,0.2606067657470703,,,
18,46099,0.001529693603515625,0.9856645464897156,0.4926515817642212,-0.3384590148925781,-0.0004030469572171569,-0.37528806924819946,-7.579805850982666,-8.3526029586792,0.1861128956079483,0.0,0.0,0.28860223293304443,,,
18,46149,0.001529693603515625,0.9856645464897156,0.4926515817642212,-0.26950836181640625,-0.00032411652500741184,-0.31049641966819763,-7.438937187194824,-8.320799827575684,0.19462257623672485,0.0,0.0,0.29928866028785706,,,
18,46199,0.001529693603515625,0.9856645464897156,0.4926515817642212,-0.26950836181640625,-0.00032411652500741184,-0.3464168608188629,-7.38658332824707,-8.333508491516113,0.1508362591266632,0.0,0.0,0.2524445354938507,,,
18,46249,0.001529693603515625,0.9856645464897156,0.4926515817642212,-0.01621246337890625,-1.9424498532316647e-05,-0.35740673542022705,-7.463608741760254,-8.313312530517578,0.18550650775432587,0.0,0.0,0.28429099917411804,,,
18,46299,0.001529693603515625,0.9856645464897156,0.4926515817642212,-0.01621246337890625,-1.9424498532316647e-05,-0.3505348563194275,-7.39082145690918,-8.30625057220459,0.18586358428001404,0.0,0.0,0.29069435596466064,,,
18,46349,-0.09856128692626953,0.9856898188591003,0.49339866638183594,0.011920928955078125,1.4278420167102013e-05,-0.4484679400920868,-7.399479866027832,-8.360586166381836,0.149969682097435,0.0,0.0,0.24849601089954376,,,
18,46399,-0.09856128692626953,0.9856898188591003,0.49339866638183594,0.028514862060546875,3.423303132876754e-05,-0.37701669335365295,-7.447022438049316,-8.34720230102539,0.15193545818328857,0.0,0.0,0.24917852878570557,,,
18,46449,-0.09856128692626953,0.9856898188591003,0.49339866638183594,0.30364990234375,0.00036306571564637125,-0.36346152424812317,-7.440577507019043,-8.359368324279785,0.1524217277765274,0.0,0.0,0.2501899302005768,,,
18,46499,-0.09856128692626953,0.9856898188591003,0.49339866638183594,0.30364990234375,0.00036306571564637125,-0.34523308277130127,-7.5739898681640625,-8.357553482055664,0.15140466392040253,0.0,0.0,0.24904687702655792,,,
18,46549,-0.09856128692626953,0.9856898188591003,0.49339866638183594,-0.059223175048828125,-7.120460941223428e-05,-0.32233256101608276,-7.425022125244141,-8.343931198120117,0.15144410729408264,0.0,0.0,0.249739408493042,,,
18,46599,-0.09856128692626953,0.9856898188591003,0.49339866638183594,-0.057125091552734375,-6.843600567663088e-05,-0.33372530341148376,-7.589949607849121,-8.408002853393555,0.15115173161029816,0.0,0.0,0.24964851140975952,,,
18,46649,-0.09856128692626953,0.9856898188591003,0.49339866638183594,-0.057125091552734375,-6.843600567663088e-05,-0.36502355337142944,-7.445995330810547,-8.326416015625,0.1515749841928482,0.0,0.0,0.2498766928911209,,,
18,46699,-0.09856128692626953,0.9856898188591003,0.49339866638183594,-0.057125091552734375,-6.843600567663088e-05,-0.39861953258514404,-7.266279220581055,-8.344979286193848,0.1514175683259964,0.0,0.0,0.2496572732925415,,,
18,46749,-0.09856128692626953,0.9856898188591003,0.49339866638183594,-0.057125091552734375,-6.843600567663088e-05,-0.32292312383651733,-7.226688385009766,-8.330232620239258,0.1511157751083374,0.0,0.0,0.24937966465950012,,,
18,46799,-0.09856128692626953,0.9856898188591003,0.49339866638183594,-0.057125091552734375,-6.843600567663088e-05,-0.3432663679122925,-7.483098983764648,-8.345559120178223,0.1513003557920456,0.0,0.0,0.2496209740638733,,,
18,46849,-0.09856128692626953,0.9856898188591003,0.49339866638183594,-0.057125091552734375,-6.843600567663088e-05,-0.5102717280387878,-7.496224403381348,-8.346545219421387,0.15157683193683624,0.0,0.0,0.24977824091911316,,,
18,46899,-0.09856128692626953,0.9856898188591003,0.49339866638183594,0.18396377563476562,0.00021964854386169463,-0.34015071392059326,-7.414913177490234,-8.34981632232666,0.1491086781024933,0.0,0.0,0.2473669946193695,,,
18,46949,-0.09856128692626953,0.9856898188591003,0.49339866638183594,0.18396377563476562,0.00021964854386169463,-0.3928344249725342,-7.004676818847656,-8.355009078979492,0.15214817225933075,0.0,0.0,0.2504957318305969,,,
18,46999,-0.09856128692626953,0.9856898188591003,0.49339866638183594,0.18396377563476562,0.00021964854386169463,-0.36192160844802856,-7.462353706359863,-8.411115646362305,0.15147991478443146,0.0,0.0,0.24978585541248322,,,
18,47049,-0.09856128692626953,0.9856898188591003,0.49339866638183594,0.17375946044921875,0.00020811478316318244,-0.3708360493183136,-7.4474992752075195,-8.344883918762207,0.15108393132686615,0.0,0.0,0.24933859705924988,,,
18,47099,-0.09856128692626953,0.9856898188591003,0.49339866638183594,0.17375946044921875,0.00020811478316318244,-0.34805911779403687,-7.115932941436768,-8.304242134094238,0.1512414664030075,0.0,0.0,0.2494851052761078,,,
18,47149,-0.09856128692626953,0.9856898188591003,0.49339866638183594,0.17375946044921875,0.00020811478316318244,-0.455777108669281,-7.552768707275391,-8.345934867858887,0.15115982294082642,0.0,0.0,0.2493744194507599,,,
18,47199,-0.09856128692626953,0.9856898188591003,0.49339866638183594,0.17375946044921875,0.00020811478316318244,-0.3402366638183594,-7.486220359802246,-8.360332489013672,0.15150794386863708,0.0,0.0,0.24972058832645416,,,
18,47249,-0.09856128692626953,0.9856898188591003,0.49339866638183594,0.17375946044921875,0.00020811478316318244,-0.37333574891090393,-7.539250373840332,-8.391396522521973,0.1516033411026001,0.0,0.0,0.24993421137332916,,,
18,47299,-0.09856128692626953,0.9856898188591003,0.49339866638183594,0.17375946044921875,0.00020811478316318244,-0.363180547952652,-7.495879173278809,-8.320544242858887,0.1515883207321167,0.0,0.0,0.24986256659030914,,,
18,47349,-0.09856128692626953,0.9856898188591003,0.49339866638183594,0.17375946044921875,0.00020811478316318244,-0.3881019055843353,-7.3236870765686035,-8.3489990234375,0.14986644685268402,0.0,0.0,0.2481263428926468,,,
18,47399,0.09552383422851562,0.9858397245407104,0.49334287643432617,-0.01316070556640625,-1.5779860405018553e-05,-0.29878178238868713,-7.5542473793029785,-8.374981880187988,0.14757686853408813,0.0,0.0,0.24553748965263367,,,
18,47449,0.09552383422851562,0.9858397245407104,0.49334287643432617,-0.30422210693359375,-0.0003632621082942933,-0.35549795627593994,-7.466770172119141,-8.353194236755371,0.15034233033657074,0.0,0.0,0.24750298261642456,,,
18,47499,0.09552383422851562,0.9858397245407104,0.49334287643432617,-0.30422210693359375,-0.0003632621082942933,-0.38233014941215515,-7.238633632659912,-8.288335800170898,0.15043039619922638,0.0,0.0,0.24814827740192413,,,
18,47499,,,,,,,,,,,,,-7.891678333282471,-8.012362480163574,-8.293155670166016
19,47549,,,,,,-0.31051573157310486,-7.592090606689453,-8.335371971130371,0.15105774998664856,0.0,0.0,0.2495691031217575,,,
19,47599,,,,0.06361007690429688,7.599209493491799e-05,-0.42989397048950195,-7.365349292755127,-8.36963939666748,0.15040922164916992,0.0,0.0,0.2489210069179535,,,
19,47649,,,,0.0766754150390625,9.232310549123213e-05,-0.3329296112060547,-7.359638690948486,-8.38846492767334,0.15165948867797852,0.0,0.0,0.25029242038726807,,,
19,47699,,,,-0.0957489013671875,-0.00011462414840934798,-0.29134127497673035,-7.573370933532715,-8.39760971069336,0.14986523985862732,0.0,0.0,0.2483125776052475,,,
19,47749,,,,-0.0957489013671875,-0.00011462414840934798,-0.32390064001083374,-7.362534523010254,-8.311641693115234,0.15051519870758057,0.0,0.0,0.24907037615776062,,,
19,47799,,,,-0.05970001220703125,-7.180717511801049e-05,-0.3978014588356018,-7.482664108276367,-8.31443977355957,0.15126976370811462,0.0,0.0,0.24981270730495453,,,
19,47849,,,,-0.031757354736328125,-3.7955003790557384e-05,-0.33552733063697815,-7.257960796356201,-8.368695259094238,0.15038210153579712,0.0,0.0,0.24890443682670593,,,
19,47899,,,,-0.031757354736328125,-3.7955003790557384e-05,-0.3587260842323303,-7.366441249847412,-8.29283618927002,0.15146706998348236,0.0,0.0,0.25003647804260254,,,
19,47949,,,,0.0225067138671875,2.6885814804700203e-05,-0.348539799451828,-7.652341842651367,-8.397911071777344,0.15047356486320496,0.0,0.0,0.24893876910209656,,,
19,47999,,,,0.0225067138671875,2.6885814804700203e-05,-0.27956369519233704,-7.505062103271484,-8.419271469116211,0.15006551146507263,0.0,0.0,0.249932661652565,,,
19,48049,-0.044005393981933594,0.9858448505401611,0.4933238625526428,0.12073516845703125,0.00014522954006679356,-0.3672996759414673,-7.354018211364746,-8.34704303741455,0.14948874711990356,0.0,0.0,0.24775558710098267,,,
19,48099,-0.044005393981933594,0.9858448505401611,0.4933238625526428,0.12073516845703125,0.00014522954006679356,-0.33620619773864746,-7.3792853355407715,-8.342864990234375,0.14840421080589294,0.0,0.0,0.24566364288330078,,,
19,48149,-0.044005393981933594,0.9858448505401611,0.4933238625526428,-0.21381378173828125,-0.0002559824497438967,-0.34072157740592957,-7.352922439575195,-8.378949165344238,0.1498745083808899,0.0,0.0,0.25613319873809814,,,
19,48199,-0.044005393981933594,0.9858448505401611,0.4933238625526428,-0.21381378173828125,-0.0002559824497438967,-0.3291766941547394,-7.251531600952148,-8.292097091674805,0.14907586574554443,0.0,0.0,0.2468145191669464,,,
19,48249,-0.044005393981933594,0.9858448505401611,0.4933238625526428,-0.21381378173828125,-0.0002559824497438967,-0.28116950392723083,-7.603646278381348,-8.364039421081543,0.14836271107196808,0.0,0.0,0.24611254036426544,,,
19,48299,-0.044005393981933594,0.9858448505401611,0.4933238625526428,-0.21381378173828125,-0.0002559824497438967,-0.30758386850357056,-7.3941850662231445,-8.331679344177246,0.14916467666625977,0.0,0.0,0.24736541509628296,,,
19,48349,-0.044005393981933594,0.9858448505401611,0.4933238625526428,-0.21381378173828125,-0.0002559824497438967,-0.3994341194629669,-7.14103889465332,-8.353021621704102,0.1466815322637558,0.0,0.0,0.24491681158542633,,,
19,48399,-0.044005393981933594,0.9858448505401611,0.4933238625526428,-0.11453628540039062,-0.0001371137477690354,-0.3659961521625519,-7.509304523468018,-8.353377342224121,0.2991275191307068,0.0,0.0,0.4962376058101654,,,
19,48449,-0.044005393981933594,0.9858448505401611,0.4933238625526428,-0.11453628540039062,-0.0001371137477690354,-0.37124988436698914,-7.436989784240723,-8.350384712219238,0.14957818388938904,0.0,0.0,0.24771401286125183,,,
19,48499,-0.044005393981933594,0.9858448505401611,0.4933238625526428,-0.11453628540039062,-0.0001371137477690354,-0.33644935488700867,-7.355756759643555,-8.3086519241333,0.14910878241062164,0.0,0.0,0.24721409380435944,,,
19,48549,-0.044005393981933594,0.9858448505401611,0.4933238625526428,0.001621246337890625,1.9391964087844826e-06,-0.32956939935684204,-7.210752487182617,-8.329329490661621,0.14943519234657288,0.0,0.0,0.24769170582294464,,,
19,48599,-0.044005393981933594,0.9858448505401611,0.4933238625526428,-0.08230209350585938,-9.841216524364427e-05,-0.3241230845451355,-7.257335662841797,-8.333410263061523,0.14656807482242584,0.0,0.0,0.24469928443431854,,,
19,48649,-0.044005393981933594,0.9858448505401611,0.4933238625526428,0.052547454833984375,6.267896242206916e-05,-0.3625638782978058,-7.5069098472595215,-8.351237297058105,0.1505955457687378,0.0,0.0,0.24876637756824493,,,
19,48699,-0.044005393981933594,0.9858448505401611,0.4933238625526428,-0.12750625610351562,-0.0001517881901236251,-0.34564945101737976,-7.375411033630371,-8.351460456848145,0.15017922222614288,0.0,0.0,0.24859917163848877,,,
19,48749,-0.044005393981933594,0.9858448505401611,0.4933238625526428,-0.4149436950683594,-0.000496293359901756,-0.32929733395576477,-7.502712726593018,-8.335800170898438,0.15108680725097656,0.0,0.0,0.2545618414878845,,,
19,48799,-0.044005393981933594,0.9858448505401611,0.4933238625526428,-0.4149436950683594,-0.000496293359901756,-0.3318519592285156,-7.526479721069336,-8.313097953796387,0.14638815820217133,0.0,0.0,0.2444121241569519,,,
19,48849,0.13267040252685547,0.9857556223869324,0.49385693669319153,0.144195556640625,0.0001728403876768425,-0.3353772759437561,-7.445390701293945,-8.404107093811035,0.14915086328983307,0.0,0.0,0.25327444076538086,,,
19,48899,0.13267040252685547,0.9857556223869324,0.49385693669319153,0.14896392822265625,0.00017920169921126217,-0.33727943897247314,-7.402756690979004,-8.363300323486328,0.15120373666286469,0.0,0.0,0.24891093373298645,,,
19,48949,0.13267040252685547,0.9857556223869324,0.49385693669319153,0.14896392822265625,0.00017920169921126217,-0.31707534193992615,-7.34110164642334,-8.27593994140625,0.15183354914188385,0.0,0.0,0.24912184476852417,,,
19,48999,0.13267040252685547,0.9857556223869324,0.49385693669319153,-0.06685256958007812,-7.974455365911126e-05,-0.3112522065639496,-7.398552894592285,-8.324618339538574,0.15011660754680634,0.0,0.0,0.2477812021970749,,,
19,49049,0.13267040252685547,0.9857556223869324,0.49385693669319153,-0.06685256958007812,-7.974455365911126e-05,-0.37125125527381897,-7.37001895904541,-8.304153442382812,0.15267567336559296,0.0,0.0,0.2505025267601013,,,
19,49099,0.13267040252685547,0.9857556223869324,0.49385693669319153,-0.06685256958007812,-7.974455365911126e-05,-0.33831465244293213,-7.357539176940918,-8.350975036621094,0.15227557718753815,0.0,0.0,0.25078314542770386,,,
19,49149,0.13267040252685547,0.9857556223869324,0.49385693669319153,-0.03814697265625,-4.576317223836668e-05,-0.27585697174072266,-7.552091598510742,-8.380631446838379,0.15163904428482056,0.0,0.0,0.25006791949272156,,,
19,49199,0.13267040252685547,0.9857556223869324,0.49385693669319153,-0.4355430603027344,-0.000520084984600544,-0.2986169159412384,-7.484548568725586,-8.37155532836914,0.15190660953521729,0.0,0.0,0.250365674495697,,,
19,49249,0.13267040252685547,0.9857556223869324,0.49385693669319153,-0.4355430603027344,-0.000520084984600544,-0.34106868505477905,-7.446235656738281,-8.347005844116211,0.1525098830461502,0.0,0.0,0.2509436309337616,,,
19,49299,0.13267040252685547,0.9857556223869324,0.49385693669319153,-0.4355430603027344,-0.000520084984600544,-0.28916507959365845,-7.099945068359375,-8.303091049194336,0.15134689211845398,0.0,0.0,0.24969130754470825,,,
19,49349,0.13267040252685547,0.9857556223869324,0.49385693669319153,0.15172958374023438,0.0001816539588617161,-0.393422394990921,-7.522180557250977,-8.419753074645996,0.1505250185728073,0.0,0.0,0.24883867800235748,,,
19,49399,0.13267040252685547,0.9857556223869324,0.49385693669319153,0.3063201904296875,0.0003688251308631152,-0.35803917050361633,-7.565176963806152,-8.334355354309082,0.15366092324256897,0.0,0.0,0.25195828080177307,,,
19,49449,0.13267040252685547,0.9857556223869324,0.49385693669319153,0.3063201904296875,0.0003688251308631152,-0.3489809036254883,-7.27677059173584,-8.284821510314941,0.15315277874469757,0.0,0.0,0.25153648853302,,,
19,49499,0.13267040252685547,0.9857556223869324,0.49385693669319153,0.41637420654296875,0.0005024751299060881,-0.34175148606300354,-7.326157569885254,-8.303043365478516,0.15164847671985626,0.0,0.0,0.25026386976242065,,,
19,49549,0.13267040252685547,0.9857556223869324,0.49385693669319153,0.28076171875,0.0003355074441060424,-0.3454379439353943,-7.273703575134277,-8.290853500366211,0.15081991255283356,0.0,0.0,0.24913141131401062,,,
19,49599,0.13267040252685547,0.9857556223869324,0.49385693669319153,0.28076171875,0.0003355074441060424,-0.2968040108680725,-7.610682487487793,-8.36530590057373,0.1513795554637909,0.0,0.0,0.2556198239326477,,,
19,49649,-0.031905174255371094,0.9855414032936096,0.4939834773540497,0.10509490966796875,0.0001257723051821813,-0.3819809556007385,-7.358758926391602,-8.390046119689941,0.15145298838615417,0.0,0.0,0.24934038519859314,,,
19,49699,-0.031905174255371094,0.9855414032936096,0.4939834773540497,0.10509490966796875,0.0001257723051821813,-0.3324090540409088,-7.477760314941406,-8.354389190673828,0.15142741799354553,0.0,0.0,0.2487848401069641,,,
19,49749,-0.031905174255371094,0.9855414032936096,0.4939834773540497,0.10509490966796875,0.0001257723051821813,-0.3465677499771118,-7.322604179382324,-8.31701946258545,0.15169474482536316,0.0,0.0,0.24898213148117065,,,
19,49799,-0.031905174255371094,0.9855414032936096,0.4939834773540497,-0.030517578125,-3.659336653072387e-05,-0.32181525230407715,-7.495777130126953,-8.336663246154785,0.15142109990119934,0.0,0.0,0.24920785427093506,,,
19,49849,-0.031905174255371094,0.9855414032936096,0.4939834773540497,-0.030517578125,-3.659336653072387e-05,-0.2953972816467285,-7.387897491455078,-8.334213256835938,0.15003716945648193,0.0,0.0,0.2477419078350067,,,
19,49899,-0.031905174255371094,0.9855414032936096,0.4939834773540497,-0.030517578125,-3.659336653072387e-05,-0.3149487376213074,-7.457621097564697,-8.367538452148438,0.14998118579387665,0.0,0.0,0.24767069518566132,,,
19,49949,-0.031905174255371094,0.9855414032936096,0.4939834773540497,0.22954940795898438,0.00027475133538246155,-0.31106019020080566,-7.548874378204346,-8.32188892364502,0.15176959335803986,0.0,0.0,0.25004228949546814,,,
19,49999,-0.031905174255371094,0.9855414032936096,0.4939834773540497,0.22954940795898438,0.00027475133538246155,-0.37296369671821594,-7.625216484069824,-8.377938270568848,0.15146508812904358,0.0,0.0,0.24969257414340973,,,
19,49999,,,,,,,,,,,,,-7.884153842926025,-8.00344181060791,-8.28139877319336
20,50049,,,,0.5197525024414062,0.0006226298282854259,-0.35095831751823425,-7.472633361816406,-8.315394401550293,0.1554236114025116,0.0,0.0,0.26050814986228943,,,
20,50099,,,,-0.23469924926757812,-0.00028323521837592125,-0.30572637915611267,-7.442923545837402,-8.346620559692383,0.15236346423625946,0.0,0.0,0.2509326636791229,,,
20,50149,,,,-0.4229545593261719,-0.0005085031152702868,-0.3400493562221527,-7.497097015380859,-8.297308921813965,0.15455906093120575,0.0,0.0,0.2534189820289612,,,
20,50199,,,,-0.4229545593261719,-0.0005085031152702868,-0.3124004006385803,-7.396474838256836,-8.280600547790527,0.151545912027359,0.0,0.0,0.2500334084033966,,,
20,50249,,,,0.0812530517578125,9.710864105727524e-05,-0.3397660255432129,-7.377272605895996,-8.279332160949707,0.15259627997875214,0.0,0.0,0.2511555850505829,,,
20,50299,,,,0.0812530517578125,9.710864105727524e-05,-0.42169395089149475,-7.221621513366699,-8.289504051208496,0.15212327241897583,0.0,0.0,0.2568620443344116,,,
20,50349,,,,0.0812530517578125,9.710864105727524e-05,-0.32203611731529236,-7.3827738761901855,-8.337057113647461,0.15158981084823608,0.0,0.0,0.25006887316703796,,,
20,50399,,,,0.0812530517578125,9.710864105727524e-05,-0.3381420075893402,-7.532166004180908,-8.345364570617676,0.15163853764533997,0.0,0.0,0.25013306736946106,,,
20,50449,,,,0.15039443969726562,0.0001800535392249003,-0.34479638934135437,-7.448653221130371,-8.358588218688965,0.15190160274505615,0.0,0.0,0.2505815327167511,,,
20,50499,,,,0.15039443969726562,0.0001800535392249003,-0.34320539236068726,-7.588475704193115,-8.356746673583984,0.15140192210674286,0.0,0.0,0.25007104873657227,,,
20,50549,,,,0.15039443969726562,0.0001800535392249003,-0.33612215518951416,-7.424998760223389,-8.338964462280273,0.15172067284584045,0.0,0.0,0.25024810433387756,,,
20,50599,,,,0.15039443969726562,0.0001800535392249003,-0.3454129993915558,-7.428812503814697,-8.3257417678833,0.15185478329658508,0.0,0.0,0.25039294362068176,,,
20,50649,,,,0.15039443969726562,0.0001800535392249003,-0.3469790816307068,-7.488360404968262,-8.350790023803711,0.1520780622959137,0.0,0.0,0.25058990716934204,,,
20,50699,,,,0.15039443969726562,0.0001800535392249003,-0.3268137276172638,-7.636510848999023,-8.354634284973145,0.1499638557434082,0.0,0.0,0.2486589550971985,,,
20,50749,,,,0.15039443969726562,0.0001800535392249003,-0.36213386058807373,-7.391193389892578,-8.30405044555664,0.15036942064762115,0.0,0.0,0.24920406937599182,,,
20,50799,,,,0.15039443969726562,0.0001800535392249003,-0.37900152802467346,-6.915544033050537,-8.341485023498535,0.14783674478530884,0.0,0.0,0.24606412649154663,,,
20,50849,,,,0.15039443969726562,0.0001800535392249003,-0.2659611701965332,-7.502503871917725,-8.310018539428711,0.14935164153575897,0.0,0.0,0.24772240221500397,,,
20,50899,0.04715919494628906,0.9855403304100037,0.49274447560310364,0.04825592041015625,5.765327296103351e-05,-0.30536285042762756,-7.470172882080078,-8.355794906616211,0.14862313866615295,0.0,0.0,0.24663299322128296,,,
20,50949,0.04715919494628906,0.9855403304100037,0.49274447560310364,0.04825592041015625,5.765327296103351e-05,-0.29465872049331665,-7.223465919494629,-8.355398178100586,0.14757920801639557,0.0,0.0,0.24473275244235992,,,
20,50999,0.04715919494628906,0.9855403304100037,0.49274447560310364,0.04825592041015625,5.765327296103351e-05,-0.3423106074333191,-7.485842704772949,-8.341935157775879,0.14816908538341522,0.0,0.0,0.25285154581069946,,,
20,51049,0.04715919494628906,0.9855403304100037,0.49274447560310364,0.04825592041015625,5.765327296103351e-05,-0.32517150044441223,-7.335309982299805,-8.317410469055176,0.14739416539669037,0.0,0.0,0.24521048367023468,,,
20,51099,0.04715919494628906,0.9855403304100037,0.49274447560310364,0.04825592041015625,5.765327296103351e-05,-0.30069229006767273,-7.49935245513916,-8.303714752197266,0.1487572193145752,0.0,0.0,0.24704718589782715,,,
20,51149,0.04715919494628906,0.9855403304100037,0.49274447560310364,0.04825592041015625,5.765327296103351e-05,-0.36980345845222473,-7.6024885177612305,-8.346014022827148,0.1496531218290329,0.0,0.0,0.2479555606842041,,,
20,51199,0.04715919494628906,0.9855403304100037,0.49274447560310364,-0.3634452819824219,-0.00043676290079019964,-0.28799208998680115,-7.2104692459106445,-8.338098526000977,0.14953118562698364,0.0,0.0,0.2477511465549469,,,
20,51249,0.04715919494628906,0.9855403304100037,0.49274447560310364,0.16756057739257812,0.00020144818699918687,-0.3477462828159332,-7.488719940185547,-8.394207000732422,0.14890766143798828,0.0,0.0,0.24713881313800812,,,
20,51299,0.04715919494628906,0.9855403304100037,0.49274447560310364,0.34656524658203125,0.0004161868419032544,-0.4621127247810364,-7.291160583496094,-8.329483032226562,0.14665037393569946,0.0,0.0,0.24486614763736725,,,
20,51349,0.04715919494628906,0.9855403304100037,0.49274447560310364,-0.0911712646484375,-0.00010986280540237203,-0.3047674596309662,-7.158639430999756,-8.34108829498291,0.1487128883600235,0.0,0.0,0.2470354437828064,,,
20,51399,0.04715919494628906,0.9855403304100037,0.49274447560310364,0.10223388671875,0.00012173308641649783,-0.3959977328777313,-7.507898807525635,-8.346251487731934,0.14896230399608612,0.0,0.0,0.25138434767723083,,,
20,51449,0.04715919494628906,0.9855403304100037,0.49274447560310364,0.10223388671875,0.00012173308641649783,-0.36385998129844666,-7.484791278839111,-8.322444915771484,0.14928895235061646,0.0,0.0,0.24751998484134674,,,
20,51499,0.04715919494628906,0.9855403304100037,0.49274447560310364,0.10223388671875,0.00012173308641649783,-0.326752245426178,-7.151142120361328,-8.276762962341309,0.14842955768108368,0.0,0.0,0.24665388464927673,,,
20,51549,0.04715919494628906,0.9855403304100037,0.49274447560310364,0.10223388671875,0.00012173308641649783,-0.3964240849018097,-7.329672336578369,-8.298222541809082,0.1483515352010727,0.0,0.0,0.24662789702415466,,,
20,51599,0.04715919494628906,0.9855403304100037,0.49274447560310364,0.10223388671875,0.00012173308641649783,-0.36241981387138367,-7.36335563659668,-8.392566680908203,0.1487087905406952,0.0,0.0,0.24693602323532104,,,
20,51649,0.04715919494628906,0.9855403304100037,0.49274447560310364,0.10223388671875,0.00012173308641649783,-0.30280566215515137,-7.218806743621826,-8.3347749710083,0.15035559237003326,0.0,0.0,0.2488350123167038,,,
20,51699,0.04715919494628906,0.9855403304100037,0.49274447560310364,-0.013828277587890625,-1.667307697061915e-05,-0.3867954611778259,-7.209908485412598,-8.291229248046875,0.14807111024856567,0.0,0.0,0.2462555468082428,,,
20,51749,0.04715919494628906,0.9855403304100037,0.49274447560310364,0.09622573852539062,0.00011546415043994784,-0.3117726743221283,-7.530633449554443,-8.338284492492676,0.1495407223701477,0.0,0.0,0.24809035658836365,,,
20,51799,0.052310943603515625,0.985568106174469,0.49375858902931213,0.10700225830078125,0.00012852955842390656,-0.3435957133769989,-7.289843559265137,-8.311049461364746,0.1479918658733368,0.0,0.0,0.24586518108844757,,,
20,51849,0.052310943603515625,0.985568106174469,0.49375858902931213,0.10700225830078125,0.00012852955842390656,-0.31789425015449524,-7.519368648529053,-8.31393814086914,0.147925466299057,0.0,0.0,0.2450404167175293,,,
20,51899,0.052310943603515625,0.985568106174469,0.49375858902931213,0.10700225830078125,0.00012852955842390656,-0.3506459593772888,-7.283176422119141,-8.31510066986084,0.14906860888004303,0.0,0.0,0.24632211029529572,,,
20,51949,0.052310943603515625,0.985568106174469,0.49375858902931213,0.3823280334472656,0.0004584086418617517,-0.24216559529304504,-7.193092346191406,-8.320151329040527,0.14891038835048676,0.0,0.0,0.24650707840919495,,,
20,51999,0.052310943603515625,0.985568106174469,0.49375858902931213,0.3823280334472656,0.0004584086418617517,-0.31502336263656616,-7.443881988525391,-8.348669052124023,0.14872604608535767,0.0,0.0,0.24632148444652557,,,
20,52049,0.052310943603515625,0.985568106174469,0.49375858902931213,-0.12502670288085938,-0.00015042362792883068,-0.3739430904388428,-7.442985534667969,-8.374617576599121,0.14898554980754852,0.0,0.0,0.24712388217449188,,,
20,52099,0.052310943603515625,0.985568106174469,0.49375858902931213,-0.12502670288085938,-0.00015042362792883068,-0.3003818094730377,-7.556328773498535,-8.337847709655762,0.14937777817249298,0.0,0.0,0.24760057032108307,,,
20,52149,0.052310943603515625,0.985568106174469,0.49375858902931213,-0.12502670288085938,-0.00015042362792883068,-0.37767156958580017,-7.503454208374023,-8.356884956359863,0.14963243901729584,0.0,0.0,0.24786044657230377,,,
20,52199,0.052310943603515625,0.985568106174469,0.49375858902931213,-0.12502670288085938,-0.00015042362792883068,-0.477772057056427,-7.53590202331543,-8.352762222290039,0.1494065523147583,0.0,0.0,0.2475820779800415,,,
20,52249,0.052310943603515625,0.985568106174469,0.49375858902931213,-0.12502670288085938,-0.00015042362792883068,-0.37941527366638184,-7.2958502769470215,-8.364105224609375,0.14967620372772217,0.0,0.0,0.2479015588760376,,,
20,52299,0.052310943603515625,0.985568106174469,0.49375858902931213,-0.3307342529296875,-0.00039555790135636926,-0.36281993985176086,-7.561013698577881,-8.361209869384766,0.294137179851532,0.0,0.0,0.4879733622074127,,,
20,52349,0.052310943603515625,0.985568106174469,0.49375858902931213,-0.3307342529296875,-0.00039555790135636926,-0.32564038038253784,-7.407473087310791,-8.271769523620605,0.14842508733272552,0.0,0.0,0.24643750488758087,,,
20,52399,0.052310943603515625,0.985568106174469,0.49375858902931213,-0.3307342529296875,-0.00039555790135636926,-0.3248639702796936,-7.331254482269287,-8.289981842041016,0.14881378412246704,0.0,0.0,0.24700739979743958,,,
20,52449,0.052310943603515625,0.985568106174469,0.49375858902931213,-0.3307342529296875,-0.00039555790135636926,-0.27920788526535034,-7.244200706481934,-8.304505348205566,0.14902202785015106,0.0,0.0,0.2472132295370102,,,
20,52499,0.052310943603515625,0.985568106174469,0.49375858902931213,-0.3307342529296875,-0.00039555790135636926,-0.301109254360199,-7.475236892700195,-8.36829948425293,0.14941686391830444,0.0,0.0,0.24755914509296417,,,
20,52499,,,,,,,,,,,,,-7.883374214172363,-8.001723289489746,-8.272246360778809
21,52549,,,,,,-0.35195261240005493,-7.3990478515625,-8.315786361694336,0.18390120565891266,0.0,0.0,0.28779950737953186,,,
21,52599,,,,,,-0.3267301023006439,-7.487592697143555,-8.332549095153809,0.18201281130313873,0.0,0.0,0.28084492683410645,,,
21,52649,,,,-0.001430511474609375,-1.7115878563345177e-06,-0.3517163395881653,-7.463014602661133,-8.336347579956055,0.1831783950328827,0.0,0.0,0.28197139501571655,,,
21,52699,,,,-0.001430511474609375,-1.7115878563345177e-06,-0.3335203230381012,-7.371525764465332,-8.323720932006836,0.1835675984621048,0.0,0.0,0.2823628783226013,,,
21,52749,,,,-0.001430511474609375,-1.7115878563345177e-06,-0.32656824588775635,-7.259983062744141,-8.305477142333984,0.18255934119224548,0.0,0.0,0.28629836440086365,,,
21,52799,,,,-0.001430511474609375,-1.7115878563345177e-06,-0.3064802289009094,-7.374848365783691,-8.316572189331055,0.18531358242034912,0.0,0.0,0.28391537070274353,,,
21,52849,,,,0.09670257568359375,0.00011598523269640282,-0.3466288447380066,-7.37946081161499,-8.40601634979248,0.18386180698871613,0.0,0.0,0.28246739506721497,,,
21,52899,,,,0.09708404541015625,0.00011667771468637511,-0.3383099436759949,-7.354194164276123,-8.307716369628906,0.18615804612636566,0.0,0.0,0.2852151691913605,,,
21,52949,,,,0.09708404541015625,0.00011667771468637511,-0.33600306510925293,-7.561906814575195,-8.345037460327148,0.18836256861686707,0.0,0.0,0.2871571481227875,,,
21,52999,,,,0.09708404541015625,0.00011667771468637511,-0.4622650742530823,-7.364778518676758,-8.267792701721191,0.1854528784751892,0.0,0.0,0.2841065227985382,,,
21,53049,-0.044615745544433594,0.9855158925056458,0.4931434988975525,0.2961158752441406,0.0003565775987226516,-0.348114013671875,-7.406289100646973,-8.323020935058594,0.1533711552619934,0.0,0.0,0.25138115882873535,,,
21,53099,-0.044615745544433594,0.9855158925056458,0.4931434988975525,0.2961158752441406,0.0003565775987226516,-0.280251681804657,-7.222414493560791,-8.331287384033203,0.14488013088703156,0.0,0.0,0.24180357158184052,,,
21,53149,-0.044615745544433594,0.9855158925056458,0.4931434988975525,0.2961158752441406,0.0003565775987226516,-0.3165219724178314,-7.3738908767700195,-8.373414993286133,0.1488892138004303,0.0,0.0,0.24601277709007263,,,
21,53199,-0.044615745544433594,0.9855158925056458,0.4931434988975525,0.2961158752441406,0.0003565775987226516,-0.3246614336967468,-7.480786323547363,-8.336130142211914,0.14859960973262787,0.0,0.0,0.24628159403800964,,,
21,53249,-0.044615745544433594,0.9855158925056458,0.4931434988975525,0.2961158752441406,0.0003565775987226516,-0.38404157757759094,-7.366905689239502,-8.317343711853027,0.15007352828979492,0.0,0.0,0.24768032133579254,,,
21,53299,-0.044615745544433594,0.9855158925056458,0.4931434988975525,0.2961158752441406,0.0003565775987226516,-0.30360469222068787,-7.260691165924072,-8.337431907653809,0.15016613900661469,0.0,0.0,0.2552036941051483,,,
21,53349,-0.044615745544433594,0.9855158925056458,0.4931434988975525,0.3551483154296875,0.0004261069989297539,-0.33163994550704956,-7.362030506134033,-8.285054206848145,0.15202239155769348,0.0,0.0,0.2503696084022522,,,
21,53399,-0.044615745544433594,0.9855158925056458,0.4931434988975525,0.3551483154296875,0.0004261069989297539,-0.3580126464366913,-7.613965034484863,-8.355034828186035,0.1518000215291977,0.0,0.0,0.2502180337905884,,,
21,53449,-0.044615745544433594,0.9855158925056458,0.4931434988975525,-0.185394287109375,-0.00022124068345874548,-0.3843154311180115,-7.1000871658325195,-8.322933197021484,0.1521575003862381,0.0,0.0,0.25043001770973206,,,
21,53499,-0.044615745544433594,0.9855158925056458,0.4931434988975525,0.2376556396484375,0.000285305519355461,-0.3710514008998871,-7.418895721435547,-8.346227645874023,0.14861518144607544,0.0,0.0,0.2485910952091217,,,
21,53549,-0.044615745544433594,0.9855158925056458,0.4931434988975525,0.7648468017578125,0.0009205103851854801,-0.31650426983833313,-7.31121826171875,-8.358420372009277,0.15096543729305267,0.0,0.0,0.24942629039287567,,,
21,53599,-0.044615745544433594,0.9855158925056458,0.4931434988975525,0.7648468017578125,0.0009205103851854801,-0.3896111249923706,-7.249934196472168,-8.324511528015137,0.149592787027359,0.0,0.0,0.24779215455055237,,,
21,53649,-0.044615745544433594,0.9855158925056458,0.4931434988975525,0.7648468017578125,0.0009205103851854801,-0.32722970843315125,-7.418131351470947,-8.37722396850586,0.1450609713792801,0.0,0.0,0.2430933117866516,,,
21,53699,-0.044615745544433594,0.9855158925056458,0.4931434988975525,-0.00057220458984375,-6.87497049511876e-07,-0.3494824171066284,-7.481168746948242,-8.314529418945312,0.1504504680633545,0.0,0.0,0.24874819815158844,,,
21,53749,-0.044615745544433594,0.9855158925056458,0.4931434988975525,-0.00057220458984375,-6.87497049511876e-07,-0.2805814743041992,-7.335211753845215,-8.308721542358398,0.15257349610328674,0.0,0.0,0.2508746385574341,,,
21,53799,-0.044615745544433594,0.9855158925056458,0.4931434988975525,-0.00057220458984375,-6.87497049511876e-07,-0.29214176535606384,-7.641184329986572,-8.339859008789062,0.15129773318767548,0.0,0.0,0.24994774162769318,,,
21,53849,-0.044615745544433594,0.9855158925056458,0.4931434988975525,-0.045013427734375,-5.4332034778781235e-05,-0.32520708441734314,-7.483907222747803,-8.363478660583496,0.15034043788909912,0.0,0.0,0.24850362539291382,,,
21,53899,-0.044615745544433594,0.9855158925056458,0.4931434988975525,-0.045013427734375,-5.4332034778781235e-05,-0.314691960811615,-7.352943420410156,-8.351940155029297,0.14669205248355865,0.0,0.0,0.24482282996177673,,,
21,53949,-0.044615745544433594,0.9855158925056458,0.4931434988975525,-0.045013427734375,-5.4332034778781235e-05,-0.3104740083217621,-7.460213661193848,-8.310028076171875,0.14882487058639526,0.0,0.0,0.24718043208122253,,,
21,53999,-0.044615745544433594,0.9855158925056458,0.4931434988975525,0.8710861206054688,0.0010419152677059174,-0.2778438627719879,-7.351353645324707,-8.304411888122559,0.14860448241233826,0.0,0.0,0.24716566503047943,,,
21,54049,-0.044615745544433594,0.9855158925056458,0.4931434988975525,0.8710861206054688,0.0010419152677059174,-0.47992584109306335,-7.376012802124023,-8.30632209777832,0.14943428337574005,0.0,0.0,0.2477748841047287,,,
21,54099,-0.16510295867919922,0.9857159852981567,0.49343636631965637,0.505828857421875,0.0006077524158172309,-0.39036238193511963,-7.462646007537842,-8.30860710144043,0.14768536388874054,0.0,0.0,0.24551978707313538,,,
21,54149,-0.16510295867919922,0.9857159852981567,0.49343636631965637,-0.20399093627929688,-0.0002458073722664267,-0.3147856295108795,-7.482967376708984,-8.330964088439941,0.14671432971954346,0.0,0.0,0.2438233494758606,,,
21,54199,-0.16510295867919922,0.9857159852981567,0.49343636631965637,0.218963623046875,0.0002633392869029194,-0.39027854800224304,-7.374631881713867,-8.33426284790039,0.14841611683368683,0.0,0.0,0.2519754469394684,,,
21,54249,-0.16510295867919922,0.9857159852981567,0.49343636631965637,0.218963623046875,0.0002633392869029194,-0.29564139246940613,-7.244096755981445,-8.32741641998291,0.1461426168680191,0.0,0.0,0.24364186823368073,,,
21,54299,-0.16510295867919922,0.9857159852981567,0.49343636631965637,-0.16222000122070312,-0.00019567889103200287,-0.35456863045692444,-7.3147430419921875,-8.281075477600098,0.1491290181875229,0.0,0.0,0.2467920035123825,,,
21,54349,-0.16510295867919922,0.9857159852981567,0.49343636631965637,0.2562522888183594,0.0003098387678619474,-0.3403555154800415,-7.43437385559082,-8.353678703308105,0.14930592477321625,0.0,0.0,0.24756024777889252,,,
21,54399,-0.16510295867919922,0.9857159852981567,0.49343636631965637,0.2562522888183594,0.0003098387678619474,-0.28622397780418396,-7.547186374664307,-8.351689338684082,0.14830553531646729,0.0,0.0,0.24661396443843842,,,
21,54449,-0.16510295867919922,0.9857159852981567,0.49343636631965637,0.2562522888183594,0.0003098387678619474,-0.27266639471054077,-7.452066421508789,-8.305299758911133,0.14863558113574982,0.0,0.0,0.2508131265640259,,,
21,54499,-0.16510295867919922,0.9857159852981567,0.49343636631965637,0.2562522888183594,0.0003098387678619474,-0.34488943219184875,-7.3794474601745605,-8.338959693908691,0.1507999747991562,0.0,0.0,0.2490331381559372,,,
21,54549,-0.16510295867919922,0.9857159852981567,0.49343636631965637,-0.0400543212890625,-4.8249065002892166e-05,-0.28882452845573425,-7.52696418762207,-8.323866844177246,0.14315398037433624,0.0,0.0,0.24112090468406677,,,
21,54599,-0.16510295867919922,0.9857159852981567,0.49343636631965637,-0.4637718200683594,-0.0005571051151491702,-0.3798801302909851,-7.534326553344727,-8.352690696716309,0.1497005820274353,0.0,0.0,0.24785743653774261,,,
21,54649,-0.16510295867919922,0.9857159852981567,0.49343636631965637,-0.4637718200683594,-0.0005571051151491702,-0.28740963339805603,-7.338348865509033,-8.287285804748535,0.1474623829126358,0.0,0.0,0.24560925364494324,,,
21,54699,-0.16510295867919922,0.9857159852981567,0.49343636631965637,-0.4637718200683594,-0.0005571051151491702,-0.3161941170692444,-7.244113922119141,-8.343851089477539,0.1432546228170395,0.0,0.0,0.2411893755197525,,,
21,54749,-0.16510295867919922,0.9857159852981567,0.49343636631965637,-0.3467559814453125,-0.0004181270196568221,-0.2861238121986389,-7.1009745597839355,-8.273714065551758,0.14902326464653015,0.0,0.0,0.2471870332956314,,,
21,54799,0.019540786743164062,0.9853623509407043,0.49342381954193115,0.15277862548828125,0.00018407315656077117,-0.31590864062309265,-7.433654308319092,-8.353169441223145,0.14713796973228455,0.0,0.0,0.24524329602718353,,,
21,54849,0.019540786743164062,0.9853623509407043,0.49342381954193115,0.15277862548828125,0.00018407315656077117,-0.29966726899147034,-7.2995781898498535,-8.269912719726562,0.14679786562919617,0.0,0.0,0.24397583305835724,,,
21,54899,0.019540786743164062,0.9853623509407043,0.49342381954193115,-0.04024505615234375,-4.835125946556218e-05,-0.30237817764282227,-7.404725551605225,-8.300454139709473,0.1435941755771637,0.0,0.0,0.2410612255334854,,,
21,54949,0.019540786743164062,0.9853623509407043,0.49342381954193115,-0.1140594482421875,-0.0001370225945720449,-0.3987392485141754,-7.455333709716797,-8.28042221069336,0.15115869045257568,0.0,0.0,0.2524377107620239,,,
21,54999,0.019540786743164062,0.9853623509407043,0.49342381954193115,0.16717910766601562,0.00020031559688504785,-0.31171754002571106,-7.117220878601074,-8.236320495605469,0.1482590287923813,0.0,0.0,0.24586957693099976,,,
21,54999,,,,,,,,,,,,,-7.877643585205078,-7.995699882507324,-8.261392593383789
22,55049,,,,,,-0.35277122259140015,-7.552968978881836,-8.28380012512207,0.14871004223823547,0.0,0.0,0.24706394970417023,,,
22,55099,,,,0.22001266479492188,0.0002649559173732996,-0.28377991914749146,-7.427912712097168,-8.338540077209473,0.1488109529018402,0.0,0.0,0.2472454458475113,,,
22,55149,,,,0.22001266479492188,0.0002649559173732996,-0.3021956980228424,-7.3448944091796875,-8.357608795166016,0.1483442336320877,0.0,0.0,0.24685893952846527,,,
22,55199,,,,0.22001266479492188,0.0002649559173732996,-0.3658859133720398,-7.1939496994018555,-8.293933868408203,0.1490495204925537,0.0,0.0,0.24758361279964447,,,
22,55249,,,,-0.0621795654296875,-7.473321602446958e-05,-0.36745384335517883,-7.314396858215332,-8.280292510986328,0.1491405963897705,0.0,0.0,0.24751608073711395,,,
22,55299,,,,-0.0621795654296875,-7.473321602446958e-05,-0.2844323515892029,-7.466952323913574,-8.309216499328613,0.14874593913555145,0.0,0.0,0.24720707535743713,,,
22,55349,,,,-0.0621795654296875,-7.473321602446958e-05,-0.3525303602218628,-7.202877044677734,-8.254496574401855,0.14890576899051666,0.0,0.0,0.24727337062358856,,,
22,55399,,,,0.15344619750976562,0.00018462087609805167,-0.30420294404029846,-7.597916603088379,-8.276034355163574,0.14683061838150024,0.0,0.0,0.24522267282009125,,,
22,55449,,,,0.15344619750976562,0.00018462087609805167,-0.28352171182632446,-7.294647216796875,-8.303455352783203,0.14887066185474396,0.0,0.0,0.2473735809326172,,,
22,55499,,,,0.15344619750976562,0.00018462087609805167,-0.3120121657848358,-7.420145034790039,-8.238818168640137,0.148594468832016,0.0,0.0,0.24704903364181519,,,
22,55549,,,,0.15344619750976562,0.00018462087609805167,-0.3056430220603943,-7.374101161956787,-8.303288459777832,0.1468874216079712,0.0,0.0,0.24530746042728424,,,
22,55599,,,,0.15344619750976562,0.00018462087609805167,-0.36645588278770447,-7.45590353012085,-8.318656921386719,0.1481226533651352,0.0,0.0,0.2463102638721466,,,
22,55649,-0.062328338623046875,0.9853540658950806,0.49323245882987976,0.11224746704101562,0.0001351552054984495,-0.2771422564983368,-7.473625183105469,-8.338672637939453,0.15484531223773956,0.0,0.0,0.2531166076660156,,,
22,55699,-0.062328338623046875,0.9853540658950806,0.49323245882987976,0.11224746704101562,0.0001351552054984495,-0.3526778221130371,-7.271974563598633,-8.313947677612305,0.15273606777191162,0.0,0.0,0.25687405467033386,,,
22,55749,-0.062328338623046875,0.9853540658950806,0.49323245882987976,-0.2231597900390625,-0.0002701655903365463,-0.34472954273223877,-7.40462064743042,-8.268171310424805,0.1523454785346985,0.0,0.0,0.2495669722557068,,,
22,55799,-0.062328338623046875,0.9853540658950806,0.49323245882987976,-0.1667022705078125,-0.00019991419685538858,-0.3823997378349304,-7.557558536529541,-8.357211112976074,0.15333928167819977,0.0,0.0,0.25107884407043457,,,
22,55849,-0.062328338623046875,0.9853540658950806,0.49323245882987976,-0.1667022705078125,-0.00019991419685538858,-0.3125046193599701,-7.2950568199157715,-8.289312362670898,0.1527530997991562,0.0,0.0,0.2506923973560333,,,
22,55899,-0.062328338623046875,0.9853540658950806,0.49323245882987976,-0.1667022705078125,-0.00019991419685538858,-0.3017114996910095,-7.206559658050537,-8.308368682861328,0.15343694388866425,0.0,0.0,0.25147873163223267,,,
22,55949,-0.062328338623046875,0.9853540658950806,0.49323245882987976,-0.21696090698242188,-0.0002617550198920071,-0.3251664936542511,-7.426326751708984,-8.310108184814453,0.15195035934448242,0.0,0.0,0.2503165304660797,,,
22,55999,-0.062328338623046875,0.9853540658950806,0.49323245882987976,-0.21696090698242188,-0.0002617550198920071,-0.38140594959259033,-7.425175189971924,-8.335317611694336,0.15267807245254517,0.0,0.0,0.25067853927612305,,,
22,56049,-0.062328338623046875,0.9853540658950806,0.49323245882987976,-0.21696090698242188,-0.0002617550198920071,-0.4200282096862793,-7.320262908935547,-8.274619102478027,0.1472511887550354,0.0,0.0,0.24498401582241058,,,
22,56099,-0.062328338623046875,0.9853540658950806,0.49323245882987976,-0.21696090698242188,-0.0002617550198920071,-0.34285247325897217,-7.26668643951416,-8.301867485046387,0.15147095918655396,0.0,0.0,0.25510579347610474,,,
22,56149,-0.062328338623046875,0.9853540658950806,0.49323245882987976,-0.21696090698242188,-0.0002617550198920071,-0.2920762896537781,-7.527335166931152,-8.345887184143066,0.15141786634922028,0.0,0.0,0.2494564801454544,,,
22,56199,-0.062328338623046875,0.9853540658950806,0.49323245882987976,-0.21696090698242188,-0.0002617550198920071,-0.28965285420417786,-7.4127984046936035,-8.308674812316895,0.15157119929790497,0.0,0.0,0.2496742308139801,,,
22,56249,-0.062328338623046875,0.9853540658950806,0.49323245882987976,0.106048583984375,0.00012843099830206484,-0.38885733485221863,-7.509006500244141,-8.336410522460938,0.15189312398433685,0.0,0.0,0.2498682141304016,,,
22,56299,-0.062328338623046875,0.9853540658950806,0.49323245882987976,0.106048583984375,0.00012843099830206484,-0.4066239893436432,-7.420539379119873,-8.323243141174316,0.15143495798110962,0.0,0.0,0.24938079714775085,,,
22,56349,-0.062328338623046875,0.9853540658950806,0.49323245882987976,-0.07791519165039062,-9.394317021360621e-05,-0.3349445164203644,-7.618907928466797,-8.345738410949707,0.15153862535953522,0.0,0.0,0.24945899844169617,,,
22,56399,-0.062328338623046875,0.9853540658950806,0.49323245882987976,-0.034999847412109375,-4.214623913867399e-05,-0.3124236762523651,-7.511889934539795,-8.32273006439209,0.15184839069843292,0.0,0.0,0.24988014996051788,,,
22,56449,-0.062328338623046875,0.9853540658950806,0.49323245882987976,0.025272369384765625,3.0194079954526387e-05,-0.2930479645729065,-7.457273483276367,-8.270968437194824,0.1483478844165802,0.0,0.0,0.2462574690580368,,,
22,56499,-0.062328338623046875,0.9853540658950806,0.49323245882987976,0.025272369384765625,3.0194079954526387e-05,-0.2844086289405823,-7.557292461395264,-8.297964096069336,0.1495603770017624,0.0,0.0,0.2514253556728363,,,
22,56549,-0.062328338623046875,0.9853540658950806,0.49323245882987976,0.025272369384765625,3.0194079954526387e-05,-0.31342217326164246,-7.37930965423584,-8.291975975036621,0.14889076352119446,0.0,0.0,0.24686485528945923,,,
22,56599,-0.062328338623046875,0.9853540658950806,0.49323245882987976,0.025272369384765625,3.0194079954526387e-05,-0.3380200266838074,-7.372176170349121,-8.292479515075684,0.1485016644001007,0.0,0.0,0.24634572863578796,,,
22,56649,-0.062328338623046875,0.9853540658950806,0.49323245882987976,0.023651123046875,2.847652831405867e-05,-0.2927590310573578,-7.354674339294434,-8.271696090698242,0.14959436655044556,0.0,0.0,0.24757613241672516,,,
22,56699,-0.017561912536621094,0.9856858849525452,0.49328380823135376,-0.08144378662109375,-9.831268107518554e-05,-0.3066633641719818,-7.42586088180542,-8.309659004211426,0.14986258745193481,0.0,0.0,0.24768096208572388,,,
22,56749,-0.017561912536621094,0.9856858849525452,0.49328380823135376,-0.23403167724609375,-0.00028271781047806144,-0.3221956491470337,-7.291322231292725,-8.293275833129883,0.14865075051784515,0.0,0.0,0.24589523673057556,,,
22,56799,-0.017561912536621094,0.9856858849525452,0.49328380823135376,-0.23403167724609375,-0.00028271781047806144,-0.2760218679904938,-7.392268180847168,-8.317890167236328,0.14876596629619598,0.0,0.0,0.24642841517925262,,,
22,56849,-0.017561912536621094,0.9856858849525452,0.49328380823135376,0.15325546264648438,0.00018380428082309663,-0.29166996479034424,-7.639476776123047,-8.301614761352539,0.14985112845897675,0.0,0.0,0.24751348793506622,,,
22,56899,-0.017561912536621094,0.9856858849525452,0.49328380823135376,0.15325546264648438,0.00018380428082309663,-0.29323962330818176,-7.535240650177002,-8.367820739746094,0.1470588743686676,0.0,0.0,0.2452297806739807,,,
22,56949,-0.017561912536621094,0.9856858849525452,0.49328380823135376,0.15325546264648438,0.00018380428082309663,-0.3006710112094879,-7.338231086730957,-8.328372955322266,0.14860506355762482,0.0,0.0,0.24679020047187805,,,
22,56999,-0.017561912536621094,0.9856858849525452,0.49328380823135376,0.11653900146484375,0.0001410288386978209,-0.2801986634731293,-7.385141849517822,-8.304455757141113,0.15098997950553894,0.0,0.0,0.2492820918560028,,,
22,57049,-0.017561912536621094,0.9856858849525452,0.49328380823135376,0.11653900146484375,0.0001410288386978209,-0.267924427986145,-7.547236919403076,-8.340458869934082,0.1481717973947525,0.0,0.0,0.24654030799865723,,,
22,57099,-0.017561912536621094,0.9856858849525452,0.49328380823135376,0.18701553344726562,0.00022502694628201425,-0.2737963795661926,-7.3655290603637695,-8.253064155578613,0.1508249044418335,0.0,0.0,0.24913068115711212,,,
22,57149,-0.017561912536621094,0.9856858849525452,0.49328380823135376,0.2909660339355469,0.00035043605021201074,-0.295128732919693,-7.463531494140625,-8.252424240112305,0.15113843977451324,0.0,0.0,0.24942567944526672,,,
22,57199,-0.017561912536621094,0.9856858849525452,0.49328380823135376,0.10967254638671875,0.0001331767998635769,-0.40557998418807983,-7.381275177001953,-8.329282760620117,0.148030087351799,0.0,0.0,0.246259868144989,,,
22,57249,-0.017561912536621094,0.9856858849525452,0.49328380823135376,0.10967254638671875,0.0001331767998635769,-0.3129349946975708,-7.350987434387207,-8.28348445892334,0.14924193918704987,0.0,0.0,0.24752670526504517,,,
22,57299,-0.017561912536621094,0.9856858849525452,0.49328380823135376,0.10700225830078125,0.00012882081500720233,-0.25368958711624146,-7.420440196990967,-8.312100410461426,0.14990858733654022,0.0,0.0,0.2482173889875412,,,
22,57349,-0.017561912536621094,0.9856858849525452,0.49328380823135376,0.10700225830078125,0.00012882081500720233,-0.2950410544872284,-7.508328437805176,-8.38156509399414,0.15018731355667114,0.0,0.0,0.24842609465122223,,,
22,57399,-0.017561912536621094,0.9856858849525452,0.49328380823135376,0.10700225830078125,0.00012882081500720233,-0.27767202258110046,-7.491334438323975,-8.368688583374023,0.15003955364227295,0.0,0.0,0.24833892285823822,,,
22,57449,-0.017561912536621094,0.9856858849525452,0.49328380823135376,0.10700225830078125,0.00012882081500720233,-0.30349963903427124,-7.421181678771973,-8.338778495788574,0.14987191557884216,0.0,0.0,0.24816417694091797,,,
22,57499,-0.03489208221435547,0.9854792356491089,0.4932504892349243,-0.027179718017578125,-3.273658512625843e-05,-0.2776132822036743,-7.300382137298584,-8.308961868286133,0.14732861518859863,0.0,0.0,0.2443971186876297,,,
22,57499,,,,,,,,,,,,,-7.877963066101074,-7.9949164390563965,-8.255980491638184
23,57549,,,,,,-0.32935237884521484,-7.536314010620117,-8.329031944274902,0.15126191079616547,0.0,0.0,0.25434133410453796,,,
23,57599,,,,0.04730224609375,5.720288027077913e-05,-0.37278932332992554,-7.50581169128418,-8.33650016784668,0.14928637444972992,0.0,0.0,0.2475125640630722,,,
23,57649,,,,0.04730224609375,5.720288027077913e-05,-0.41337570548057556,-7.491011619567871,-8.26047134399414,0.14935363829135895,0.0,0.0,0.2476063072681427,,,
23,57699,,,,-0.20809173583984375,-0.0002515198721084744,-0.4266887307167053,-7.314550876617432,-8.316658973693848,0.14900322258472443,0.0,0.0,0.24742643535137177,,,
23,57749,,,,-0.20809173583984375,-0.0002515198721084744,-0.35237064957618713,-7.479539394378662,-8.356345176696777,0.14995703101158142,0.0,0.0,0.2482796311378479,,,
23,57799,,,,-0.20809173583984375,-0.0002515198721084744,-0.2800222337245941,-7.310967445373535,-8.270384788513184,0.1505422741174698,0.0,0.0,0.24875594675540924,,,
23,57849,,,,-0.20809173583984375,-0.0002515198721084744,-0.3634610176086426,-7.3730902671813965,-8.318456649780273,0.1525699496269226,0.0,0.0,0.25087079405784607,,,
23,57899,,,,-0.20809173583984375,-0.0002515198721084744,-0.30284684896469116,-7.48465633392334,-8.325936317443848,0.1500980705022812,0.0,0.0,0.24837298691272736,,,
23,57949,,,,-0.20809173583984375,-0.0002515198721084744,-0.3096793293952942,-7.122592449188232,-8.269092559814453,0.14972998201847076,0.0,0.0,0.2479071021080017,,,
23,57999,,,,-0.20809173583984375,-0.0002515198721084744,-0.325082004070282,-7.53004789352417,-8.338909149169922,0.14957718551158905,0.0,0.0,0.2549925148487091,,,
23,58049,,,,0.1888275146484375,0.00022818916477262974,-0.3294715881347656,-7.46375846862793,-8.302666664123535,0.15172524750232697,0.0,0.0,0.2500113248825073,,,
23,58099,,,,0.1888275146484375,0.00022818916477262974,-0.3260311782360077,-7.463307857513428,-8.302660942077637,0.15081141889095306,0.0,0.0,0.2569456994533539,,,
23,58149,,,,0.5536079406738281,0.0006646524416282773,-0.34838640689849854,-7.500990390777588,-8.335590362548828,0.15110711753368378,0.0,0.0,0.2493475079536438,,,
23,58199,,,,0.5536079406738281,0.0006646524416282773,-0.3452683985233307,-7.314630508422852,-8.25130558013916,0.1513843834400177,0.0,0.0,0.24975667893886566,,,
23,58249,,,,0.5536079406738281,0.0006646524416282773,-0.2664583921432495,-7.008376121520996,-8.232711791992188,0.14992845058441162,0.0,0.0,0.2482399195432663,,,
23,58299,,,,0.21190643310546875,0.00025474815629422665,-0.3025813698768616,-7.393218040466309,-8.260147094726562,0.15170186758041382,0.0,0.0,0.2500189542770386,,,
23,58349,,,,0.21190643310546875,0.00025474815629422665,-0.3930297791957855,-7.5748090744018555,-8.36240005493164,0.1498413383960724,0.0,0.0,0.248236283659935,,,
23,58399,,,,0.40111541748046875,0.00048309587873518467,-0.31031477451324463,-7.351487159729004,-8.318901062011719,0.14993877708911896,0.0,0.0,0.2480636090040207,,,
23,58449,,,,-0.19578933715820312,-0.00023572691134177148,-0.2719881236553192,-7.259082794189453,-8.291909217834473,0.14966998994350433,0.0,0.0,0.24826577305793762,,,
23,58499,,,,-0.19578933715820312,-0.00023572691134177148,-0.2702437937259674,-7.141951560974121,-8.26202392578125,0.15045106410980225,0.0,0.0,0.2486264407634735,,,
23,58549,,,,-0.3209114074707031,-0.0003854553506243974,-0.3370303213596344,-7.452667713165283,-8.325514793395996,0.2960241734981537,0.0,0.0,0.4895876348018646,,,
23,58599,-0.001323699951171875,0.9856507778167725,0.49299973249435425,-0.1155853271484375,-0.00013915599265601486,-0.26931232213974,-7.508731842041016,-8.279389381408691,0.15084220468997955,0.0,0.0,0.24881930649280548,,,
23,58649,-0.001323699951171875,0.9856507778167725,0.49299973249435425,0.11119842529296875,0.00013340095756575465,-0.2989649772644043,-7.428369045257568,-8.292911529541016,0.15068823099136353,0.0,0.0,0.24781681597232819,,,
23,58699,-0.001323699951171875,0.9856507778167725,0.49299973249435425,0.11119842529296875,0.00013340095756575465,-0.3208407163619995,-7.373781204223633,-8.30025577545166,0.15122826397418976,0.0,0.0,0.24907414615154266,,,
23,58749,-0.001323699951171875,0.9856507778167725,0.49299973249435425,-0.044345855712890625,-5.333812441676855e-05,-0.30150550603866577,-7.590831756591797,-8.305264472961426,0.15121100842952728,0.0,0.0,0.2531774044036865,,,
23,58799,-0.001323699951171875,0.9856507778167725,0.49299973249435425,0.1590728759765625,0.0001921020302688703,-0.3431389629840851,-7.273905277252197,-8.347356796264648,0.15189886093139648,0.0,0.0,0.25026291608810425,,,
23,58849,-0.001323699951171875,0.9856507778167725,0.49299973249435425,0.1590728759765625,0.0001921020302688703,-0.3397994935512543,-7.371664047241211,-8.287631034851074,0.1515265703201294,0.0,0.0,0.24990317225456238,,,
23,58899,-0.001323699951171875,0.9856507778167725,0.49299973249435425,0.1590728759765625,0.0001921020302688703,-0.3186925947666168,-7.407126426696777,-8.357105255126953,0.15163150429725647,0.0,0.0,0.2500186264514923,,,
23,58949,-0.001323699951171875,0.9856507778167725,0.49299973249435425,0.1590728759765625,0.0001921020302688703,-0.2878187894821167,-7.517570495605469,-8.33048152923584,0.15073080360889435,0.0,0.0,0.24893680214881897,,,
23,58999,-0.001323699951171875,0.9856507778167725,0.49299973249435425,0.2140045166015625,0.00025667913723737,-0.2553742825984955,-7.239889144897461,-8.26633071899414,0.1531762182712555,0.0,0.0,0.2514558434486389,,,
23,59049,-0.001323699951171875,0.9856507778167725,0.49299973249435425,0.2140045166015625,0.00025667913723737,-0.32078760862350464,-7.332714080810547,-8.333891868591309,0.15453878045082092,0.0,0.0,0.252833753824234,,,
23,59099,-0.001323699951171875,0.9856507778167725,0.49299973249435425,0.28591156005859375,0.00034621937084011734,-0.3176936209201813,-7.457894802093506,-8.29679012298584,0.1523037850856781,0.0,0.0,0.25068941712379456,,,
23,59149,-0.001323699951171875,0.9856507778167725,0.49299973249435425,0.06399154663085938,7.724621536908671e-05,-0.30955779552459717,-7.423840522766113,-8.269403457641602,0.14981988072395325,0.0,0.0,0.24800914525985718,,,
23,59199,-0.001323699951171875,0.9856507778167725,0.49299973249435425,0.06399154663085938,7.724621536908671e-05,-0.2607995867729187,-7.497583389282227,-8.302721977233887,0.15030057728290558,0.0,0.0,0.24862705171108246,,,
23,59249,-0.001323699951171875,0.9856507778167725,0.49299973249435425,0.06399154663085938,7.724621536908671e-05,-0.28571584820747375,-7.470004081726074,-8.315062522888184,0.15068382024765015,0.0,0.0,0.2489875704050064,,,
23,59299,-0.001323699951171875,0.9856507778167725,0.49299973249435425,0.06399154663085938,7.724621536908671e-05,-0.32935649156570435,-7.357860088348389,-8.309164047241211,0.15080147981643677,0.0,0.0,0.25398123264312744,,,
23,59349,-0.001323699951171875,0.9856507778167725,0.49299973249435425,0.06399154663085938,7.724621536908671e-05,-0.3194180727005005,-7.193230152130127,-8.293309211730957,0.1480926275253296,0.0,0.0,0.2462521642446518,,,
23,59399,-0.001323699951171875,0.9856507778167725,0.49299973249435425,0.44879913330078125,0.0005380487418733537,-0.3040817975997925,-7.476898193359375,-8.291884422302246,0.14861634373664856,0.0,0.0,0.24692198634147644,,,
23,59449,-0.001323699951171875,0.9856507778167725,0.49299973249435425,0.44879913330078125,0.0005380487418733537,-0.3057959973812103,-7.503809928894043,-8.274941444396973,0.14858858287334442,0.0,0.0,0.24678805470466614,,,
23,59499,-0.001323699951171875,0.9856507778167725,0.49299973249435425,0.44879913330078125,0.0005380487418733537,-0.4230669438838959,-7.472661018371582,-8.278877258300781,0.14871010184288025,0.0,0.0,0.2470349222421646,,,
23,59549,-0.051375389099121094,0.9855765700340271,0.49302613735198975,0.30994415283203125,0.0003716828941833228,-0.3509715497493744,-7.4363508224487305,-8.302738189697266,0.14894318580627441,0.0,0.0,0.2468172311782837,,,
23,59599,-0.051375389099121094,0.9855765700340271,0.49302613735198975,-0.6554603576660156,-0.000790275982581079,-0.2909480035305023,-7.488065242767334,-8.364416122436523,0.14600668847560883,0.0,0.0,0.24316361546516418,,,
23,59649,-0.051375389099121094,0.9855765700340271,0.49302613735198975,-0.6554603576660156,-0.000790275982581079,-0.30524635314941406,-7.421573638916016,-8.30703353881836,0.1484144628047943,0.0,0.0,0.2462444007396698,,,
23,59699,-0.051375389099121094,0.9855765700340271,0.49302613735198975,-0.6554603576660156,-0.000790275982581079,-0.3177778422832489,-7.4804863929748535,-8.30297565460205,0.14825917780399323,0.0,0.0,0.24580787122249603,,,
23,59749,-0.051375389099121094,0.9855765700340271,0.49302613735198975,-0.6554603576660156,-0.000790275982581079,-0.5017319321632385,-7.250786781311035,-8.314579010009766,0.1464642733335495,0.0,0.0,0.24461372196674347,,,
23,59799,-0.051375389099121094,0.9855765700340271,0.49302613735198975,-0.6554603576660156,-0.000790275982581079,-0.306133508682251,-7.394803524017334,-8.332082748413086,0.14396554231643677,0.0,0.0,0.24199122190475464,,,
23,59849,-0.051375389099121094,0.9855765700340271,0.49302613735198975,0.026988983154296875,3.2536612707190216e-05,-0.41262006759643555,-7.347232818603516,-8.322251319885254,0.14927813410758972,0.0,0.0,0.24755164980888367,,,
23,59899,-0.051375389099121094,0.9855765700340271,0.49302613735198975,-0.17042160034179688,-0.0002040970721282065,-0.26860225200653076,-7.60568380355835,-8.317998886108398,0.1483430713415146,0.0,0.0,0.2465444803237915,,,
23,59949,-0.051375389099121094,0.9855765700340271,0.49302613735198975,-0.17042160034179688,-0.0002040970721282065,-0.3600604236125946,-7.432796001434326,-8.31252384185791,0.14975474774837494,0.0,0.0,0.24806752800941467,,,
23,59999,-0.051375389099121094,0.9855765700340271,0.49302613735198975,-0.13170242309570312,-0.00015966953651513904,-0.29362592101097107,-7.243777751922607,-8.247221946716309,0.14778095483779907,0.0,0.0,0.24624769389629364,,,
23,59999,,,,,,,,,,,,,-7.877129554748535,-7.993331432342529,-8.246026992797852
24,60049,,,,,,-0.3414066731929779,-7.043030738830566,-8.271374702453613,0.14815661311149597,0.0,0.0,0.2464880347251892,,,
24,60099,,,,,,-0.3424396514892578,-7.556239128112793,-8.345376014709473,0.14920057356357574,0.0,0.0,0.24759332835674286,,,
24,60149,,,,,,-0.34657686948776245,-7.342097282409668,-8.320053100585938,0.14858676493167877,0.0,0.0,0.24722138047218323,,,
24,60199,,,,,,-0.2881997525691986,-7.306100845336914,-8.303690910339355,0.14604173600673676,0.0,0.0,0.2443981021642685,,,
24,60249,,,,,,-0.3261164128780365,-7.167125701904297,-8.304604530334473,0.1477498710155487,0.0,0.0,0.24610170722007751,,,
24,60299,,,,,,-0.3478469252586365,-7.4866042137146,-8.305197715759277,0.14674651622772217,0.0,0.0,0.24548497796058655,,,
24,60349,,,,-0.20551681518554688,-0.0002482190611772239,-0.30644819140434265,-7.265216827392578,-8.332460403442383,0.14577102661132812,0.0,0.0,0.24952833354473114,,,
24,60399,,,,-0.20551681518554688,-0.0002482190611772239,-0.3118249773979187,-7.359079837799072,-8.30288028717041,0.1498413383960724,0.0,0.0,0.24833005666732788,,,
24,60449,,,,-0.20551681518554688,-0.0002482190611772239,-0.34204065799713135,-7.45652437210083,-8.300446510314941,0.14710021018981934,0.0,0.0,0.24541008472442627,,,
24,60499,,,,-0.20551681518554688,-0.0002482190611772239,-0.28753021359443665,-7.213901519775391,-8.295733451843262,0.14837536215782166,0.0,0.0,0.2468477338552475,,,
24,60549,,,,-0.6345748901367188,-0.00076509197242558,-0.3161773085594177,-7.355344772338867,-8.3140869140625,0.14958177506923676,0.0,0.0,0.2480502426624298,,,
24,60599,,,,0.21190643310546875,0.00025529900449328125,-0.43406543135643005,-7.414451599121094,-8.247536659240723,0.1470666527748108,0.0,0.0,0.2454361617565155,,,
24,60649,,,,-0.05645751953125,-6.793753709644079e-05,-0.2967984974384308,-7.385016441345215,-8.30419635772705,0.14853107929229736,0.0,0.0,0.24699199199676514,,,
24,60699,,,,-0.05645751953125,-6.793753709644079e-05,-0.3182713985443115,-7.424442291259766,-8.271078109741211,0.149358868598938,0.0,0.0,0.2478727102279663,,,
24,60749,0.03851795196533203,0.9855049848556519,0.49299585819244385,0.06809234619140625,8.197944407584146e-05,-0.32639509439468384,-7.510102272033691,-8.31496524810791,0.14961883425712585,0.0,0.0,0.2532549798488617,,,
24,60799,0.03851795196533203,0.9855049848556519,0.49299585819244385,0.06809234619140625,8.197944407584146e-05,-0.33278876543045044,-7.38749361038208,-8.347028732299805,0.14701128005981445,0.0,0.0,0.24406637251377106,,,
24,60849,0.03851795196533203,0.9855049848556519,0.49299585819244385,0.06809234619140625,8.197944407584146e-05,-0.3157573938369751,-7.381802558898926,-8.319832801818848,0.14466260373592377,0.0,0.0,0.242270365357399,,,
24,60899,0.03851795196533203,0.9855049848556519,0.49299585819244385,0.06809234619140625,8.197944407584146e-05,-0.29850202798843384,-7.400862693786621,-8.281587600708008,0.148550882935524,0.0,0.0,0.2464623600244522,,,
24,60949,0.03851795196533203,0.9855049848556519,0.49299585819244385,0.3453254699707031,0.0004132102185394615,-0.3407858908176422,-7.5351715087890625,-8.323841094970703,0.14828668534755707,0.0,0.0,0.2459109127521515,,,
24,60999,0.03851795196533203,0.9855049848556519,0.49299585819244385,0.3453254699707031,0.0004132102185394615,-0.27850931882858276,-7.50739860534668,-8.300972938537598,0.14711759984493256,0.0,0.0,0.24491086602210999,,,
24,61049,0.03851795196533203,0.9855049848556519,0.49299585819244385,0.3453254699707031,0.0004132102185394615,-0.2763643264770508,-7.289663314819336,-8.29659366607666,0.14925457537174225,0.0,0.0,0.2473154515028,,,
24,61099,0.03851795196533203,0.9855049848556519,0.49299585819244385,-0.01583099365234375,-1.9027171219931915e-05,-0.28592637181282043,-7.1557769775390625,-8.241777420043945,0.14966000616550446,0.0,0.0,0.24760201573371887,,,
24,61149,0.03851795196533203,0.9855049848556519,0.49299585819244385,0.2547264099121094,0.00030764067196287215,-0.3419491648674011,-7.368477821350098,-8.281890869140625,0.14935092628002167,0.0,0.0,0.2476123720407486,,,
24,61199,0.03851795196533203,0.9855049848556519,0.49299585819244385,-0.47760009765625,-0.0005777534679509699,-0.270068883895874,-7.034524440765381,-8.286251068115234,0.14846768975257874,0.0,0.0,0.2465067356824875,,,
24,61249,0.03851795196533203,0.9855049848556519,0.49299585819244385,-0.47760009765625,-0.0005777534679509699,-0.30890026688575745,-7.535170555114746,-8.307525634765625,0.14908379316329956,0.0,0.0,0.24700534343719482,,,
24,61299,0.03851795196533203,0.9855049848556519,0.49299585819244385,-0.47760009765625,-0.0005777534679509699,-0.3182576596736908,-7.322299957275391,-8.319574356079102,0.1492728739976883,0.0,0.0,0.24742212891578674,,,
24,61349,0.03851795196533203,0.9855049848556519,0.49299585819244385,-0.47760009765625,-0.0005777534679509699,-0.3570058345794678,-7.648475646972656,-8.368035316467285,0.14727680385112762,0.0,0.0,0.245182067155838,,,
24,61399,0.03851795196533203,0.9855049848556519,0.49299585819244385,-0.47760009765625,-0.0005777534679509699,-0.29110339283943176,-7.431233882904053,-8.329110145568848,0.14989915490150452,0.0,0.0,0.24778200685977936,,,
24,61449,0.03851795196533203,0.9855049848556519,0.49299585819244385,0.3931999206542969,0.00047446583630517125,-0.3885446786880493,-7.322919845581055,-8.241655349731445,0.1484195441007614,0.0,0.0,0.24629387259483337,,,
24,61499,0.03851795196533203,0.9855049848556519,0.49299585819244385,0.3931999206542969,0.00047446583630517125,-0.2917769253253937,-7.323795318603516,-8.284780502319336,0.14836521446704865,0.0,0.0,0.2461933195590973,,,
24,61549,0.03851795196533203,0.9855049848556519,0.49299585819244385,0.3087043762207031,0.0003697761567309499,-0.32682812213897705,-7.628383159637451,-8.332671165466309,0.14827169477939606,0.0,0.0,0.2461216151714325,,,
24,61599,0.03851795196533203,0.9855049848556519,0.49299585819244385,0.3087043762207031,0.0003697761567309499,-0.2658340036869049,-7.264824867248535,-8.301111221313477,0.1496698558330536,0.0,0.0,0.24764686822891235,,,
24,61649,0.03851795196533203,0.9855049848556519,0.49299585819244385,0.3087043762207031,0.0003697761567309499,-0.28113871812820435,-7.299248218536377,-8.306245803833008,0.14763985574245453,0.0,0.0,0.24544508755207062,,,
24,61699,0.028537750244140625,0.9854200482368469,0.49358442425727844,0.37250518798828125,0.00045334972674027085,-0.4891737401485443,-7.462482452392578,-8.317505836486816,0.14884495735168457,0.0,0.0,0.2467697560787201,,,
24,61749,0.028537750244140625,0.9854200482368469,0.49358442425727844,0.37250518798828125,0.00045334972674027085,-0.31326061487197876,-7.53889274597168,-8.355066299438477,0.14391303062438965,0.0,0.0,0.24078649282455444,,,
24,61799,0.028537750244140625,0.9854200482368469,0.49358442425727844,0.14066696166992188,0.0001696551189525053,-0.3136191666126251,-7.36909294128418,-8.21938419342041,0.14313070476055145,0.0,0.0,0.2408018410205841,,,
24,61849,0.028537750244140625,0.9854200482368469,0.49358442425727844,-0.034427642822265625,-4.160935714025982e-05,-0.33522170782089233,-7.388444900512695,-8.257564544677734,0.14331848919391632,0.0,0.0,0.24090074002742767,,,
24,61899,0.028537750244140625,0.9854200482368469,0.49358442425727844,-0.019168853759765625,-2.3275209969142452e-05,-0.2938005328178406,-7.444011211395264,-8.297348022460938,0.14912879467010498,0.0,0.0,0.254557728767395,,,
24,61949,0.028537750244140625,0.9854200482368469,0.49358442425727844,-0.019168853759765625,-2.3275209969142452e-05,-0.2826240658760071,-7.497372150421143,-8.3057222366333,0.14507265388965607,0.0,0.0,0.24970203638076782,,,
24,61999,0.028537750244140625,0.9854200482368469,0.49358442425727844,-0.07143020629882812,-8.670121314935386e-05,-0.32329389452934265,-7.548076629638672,-8.307570457458496,0.14375829696655273,0.0,0.0,0.24200893938541412,,,
24,62049,0.028537750244140625,0.9854200482368469,0.49358442425727844,-0.3914833068847656,-0.0004729079664684832,-0.334360808134079,-7.293643474578857,-8.301291465759277,0.14693906903266907,0.0,0.0,0.245208278298378,,,
24,62099,0.028537750244140625,0.9854200482368469,0.49358442425727844,-0.3914833068847656,-0.0004729079664684832,-0.3376293182373047,-7.463832855224609,-8.301855087280273,0.1423083245754242,0.0,0.0,0.240714892745018,,,
24,62149,0.028537750244140625,0.9854200482368469,0.49358442425727844,-0.4118919372558594,-0.0004978011711500585,-0.36914265155792236,-7.368446350097656,-8.196112632751465,0.14501148462295532,0.0,0.0,0.24313002824783325,,,
24,62199,0.028537750244140625,0.9854200482368469,0.49358442425727844,-0.4118919372558594,-0.0004978011711500585,-0.3228166103363037,-7.458164215087891,-8.367457389831543,0.1494082361459732,0.0,0.0,0.24754682183265686,,,
24,62249,0.028537750244140625,0.9854200482368469,0.49358442425727844,-0.12664794921875,-0.00015255980542860925,-0.2965758740901947,-7.505611896514893,-8.243717193603516,0.14374928176403046,0.0,0.0,0.24183174967765808,,,
24,62299,0.028537750244140625,0.9854200482368469,0.49358442425727844,-0.12664794921875,-0.00015255980542860925,-0.29283323884010315,-7.331527233123779,-8.287055969238281,0.14263594150543213,0.0,0.0,0.24059441685676575,,,
24,62349,0.028537750244140625,0.9854200482368469,0.49358442425727844,-0.12664794921875,-0.00015255980542860925,-0.35408270359039307,-7.519747257232666,-8.307719230651855,0.1431455910205841,0.0,0.0,0.2412632703781128,,,
24,62399,0.028537750244140625,0.9854200482368469,0.49358442425727844,-0.12664794921875,-0.00015255980542860925,-0.2626786231994629,-7.2391581535339355,-8.264046669006348,0.1431555449962616,0.0,0.0,0.24674679338932037,,,
24,62449,0.028537750244140625,0.9854200482368469,0.49358442425727844,-0.12664794921875,-0.00015255980542860925,-0.32322967052459717,-7.372875213623047,-8.321229934692383,0.14287106692790985,0.0,0.0,0.2407999038696289,,,
24,62499,0.028537750244140625,0.9854200482368469,0.49358442425727844,-0.12664794921875,-0.00015255980542860925,-0.3409566283226013,-7.462596416473389,-8.348578453063965,0.14260630309581757,0.0,0.0,0.24068696796894073,,,
24,62499,,,,,,,,,,,,,-7.8770036697387695,-7.992148399353027,-8.240266799926758
25,62549,,,,0.14934539794921875,0.00017923067207448184,-0.30012622475624084,-7.187586784362793,-8.177672386169434,0.14891061186790466,0.0,0.0,0.2473919689655304,,,
25,62599,0.007227897644042969,0.9852765202522278,0.4937824010848999,-0.19016265869140625,-0.00023070986208040267,-0.327944815158844,-7.52083683013916,-8.230829238891602,0.14264191687107086,0.0,0.0,0.24031184613704681,,,
25,62649,0.007227897644042969,0.9852765202522278,0.4937824010848999,-0.19016265869140625,-0.00023070986208040267,-0.355334997177124,-7.516142845153809,-8.312134742736816,0.14265325665473938,0.0,0.0,0.23968739807605743,,,
25,62699,0.007227897644042969,0.9852765202522278,0.4937824010848999,-0.19016265869140625,-0.00023070986208040267,-0.2528291940689087,-7.2911481857299805,-8.28414535522461,0.14253945648670197,0.0,0.0,0.23939034342765808,,,
25,62749,0.007227897644042969,0.9852765202522278,0.4937824010848999,-0.19016265869140625,-0.00023070986208040267,-0.2883654832839966,-7.150029182434082,-8.279976844787598,0.14425358176231384,0.0,0.0,0.2420659214258194,,,
25,62799,0.007227897644042969,0.9852765202522278,0.4937824010848999,-0.19016265869140625,-0.00023070986208040267,-0.28318485617637634,-7.384119987487793,-8.307684898376465,0.1423039734363556,0.0,0.0,0.23968781530857086,,,
25,62849,0.007227897644042969,0.9852765202522278,0.4937824010848999,-0.19016265869140625,-0.00023070986208040267,-0.3098911643028259,-7.405745506286621,-8.323673248291016,0.14330396056175232,0.0,0.0,0.24086685478687286,,,
25,62899,0.007227897644042969,0.9852765202522278,0.4937824010848999,-0.19016265869140625,-0.00023070986208040267,-0.28750526905059814,-7.390957355499268,-8.295239448547363,0.1423659473657608,0.0,0.0,0.23976002633571625,,,
25,62949,0.007227897644042969,0.9852765202522278,0.4937824010848999,-0.19016265869140625,-0.00023070986208040267,-0.35635825991630554,-7.231889724731445,-8.26814079284668,0.14611192047595978,0.0,0.0,0.24441371858119965,,,
25,62999,0.007227897644042969,0.9852765202522278,0.4937824010848999,0.28839111328125,0.00034945274819619954,-0.2773756682872772,-7.350713729858398,-8.31942367553711,0.14333565533161163,0.0,0.0,0.24131768941879272,,,
25,63049,0.007227897644042969,0.9852765202522278,0.4937824010848999,0.28839111328125,0.00034945274819619954,-0.3586193025112152,-7.404018878936768,-8.287734031677246,0.14267702400684357,0.0,0.0,0.24492070078849792,,,
25,63099,0.007227897644042969,0.9852765202522278,0.4937824010848999,0.10671615600585938,0.00012788060121238232,-0.29056212306022644,-7.3227081298828125,-8.315642356872559,0.1424705982208252,0.0,0.0,0.2404373288154602,,,
25,63149,0.007227897644042969,0.9852765202522278,0.4937824010848999,0.10671615600585938,0.00012788060121238232,-0.35210737586021423,-7.460524559020996,-8.279651641845703,0.14625175297260284,0.0,0.0,0.2460254728794098,,,
25,63199,0.007227897644042969,0.9852765202522278,0.4937824010848999,0.10671615600585938,0.00012788060121238232,-0.3009447455406189,-7.536623477935791,-8.299623489379883,0.14986057579517365,0.0,0.0,0.24892982840538025,,,
25,63249,0.007227897644042969,0.9852765202522278,0.4937824010848999,0.10671615600585938,0.00012788060121238232,-0.3145899772644043,-7.385746955871582,-8.266153335571289,0.15010349452495575,0.0,0.0,0.25722095370292664,,,
25,63299,0.007227897644042969,0.9852765202522278,0.4937824010848999,0.052165985107421875,6.281484820647165e-05,-0.28045910596847534,-7.420215129852295,-8.294160842895508,0.1560286283493042,0.0,0.0,0.2621610164642334,,,
25,63349,0.007227897644042969,0.9852765202522278,0.4937824010848999,0.002765655517578125,3.349033477206831e-06,-0.33483752608299255,-7.333940505981445,-8.311053276062012,0.1580047756433487,0.0,0.0,0.2725370228290558,,,
25,63399,0.007227897644042969,0.9852765202522278,0.4937824010848999,0.002765655517578125,3.349033477206831e-06,-0.31313782930374146,-7.559031009674072,-8.324995994567871,0.14925773441791534,0.0,0.0,0.24745598435401917,,,
25,63449,-0.01977252960205078,0.9856502413749695,0.4934532344341278,-0.026226043701171875,-3.162874418194406e-05,-0.3121165633201599,-7.47307014465332,-8.260504722595215,0.1516968011856079,0.0,0.0,0.24912859499454498,,,
25,63499,-0.01977252960205078,0.9856502413749695,0.4934532344341278,-0.026226043701171875,-3.162874418194406e-05,-0.30342382192611694,-7.401070594787598,-8.327162742614746,0.1495513916015625,0.0,0.0,0.24763958156108856,,,
25,63549,-0.01977252960205078,0.9856502413749695,0.4934532344341278,-0.026226043701171875,-3.162874418194406e-05,-0.3226933479309082,-7.380831718444824,-8.35217571258545,0.14952343702316284,0.0,0.0,0.24678069353103638,,,
25,63599,-0.01977252960205078,0.9856502413749695,0.4934532344341278,-0.2414703369140625,-0.00029161199927330017,-0.3156800866127014,-7.369078636169434,-8.31121826171875,0.15210427343845367,0.0,0.0,0.25010737776756287,,,
25,63649,-0.01977252960205078,0.9856502413749695,0.4934532344341278,-0.2414703369140625,-0.00029161199927330017,-0.27449914813041687,-7.428138732910156,-8.29593276977539,0.1498454213142395,0.0,0.0,0.24757103621959686,,,
25,63699,-0.01977252960205078,0.9856502413749695,0.4934532344341278,-0.2414703369140625,-0.00029161199927330017,-0.36749258637428284,-7.344303607940674,-8.301555633544922,0.15180662274360657,0.0,0.0,0.24961981177330017,,,
25,63749,-0.01977252960205078,0.9856502413749695,0.4934532344341278,-0.177764892578125,-0.0002147489576600492,-0.2967495322227478,-7.388768196105957,-8.269824028015137,0.15338368713855743,0.0,0.0,0.2520565092563629,,,
25,63799,-0.01977252960205078,0.9856502413749695,0.4934532344341278,0.08459091186523438,0.00010197598749073222,-0.2618867754936218,-7.522110939025879,-8.310121536254883,0.15374107658863068,0.0,0.0,0.2528436481952667,,,
25,63849,-0.01977252960205078,0.9856502413749695,0.4934532344341278,0.08459091186523438,0.00010197598749073222,-0.256343275308609,-7.386969089508057,-8.276975631713867,0.15041488409042358,0.0,0.0,0.24930524826049805,,,
25,63899,-0.01977252960205078,0.9856502413749695,0.4934532344341278,0.08459091186523438,0.00010197598749073222,-0.28879156708717346,-7.547159671783447,-8.316597938537598,0.15066158771514893,0.0,0.0,0.24894456565380096,,,
25,63949,-0.01977252960205078,0.9856502413749695,0.4934532344341278,0.08459091186523438,0.00010197598749073222,-0.27807655930519104,-7.428122520446777,-8.274596214294434,0.15273596346378326,0.0,0.0,0.2514333426952362,,,
25,63999,-0.01977252960205078,0.9856502413749695,0.4934532344341278,0.08459091186523438,0.00010197598749073222,-0.34972184896469116,-7.439754962921143,-8.303877830505371,0.15048111975193024,0.0,0.0,0.2487233430147171,,,
25,64049,-0.01977252960205078,0.9856502413749695,0.4934532344341278,0.08459091186523438,0.00010197598749073222,-0.30141481757164,-7.449499607086182,-8.266557693481445,0.15095949172973633,0.0,0.0,0.2492169737815857,,,
25,64099,-0.01977252960205078,0.9856502413749695,0.4934532344341278,-0.12617111206054688,-0.00015196627646218985,-0.2931899130344391,-7.590010643005371,-8.278407096862793,0.14933563768863678,0.0,0.0,0.2476779818534851,,,
25,64149,-0.01977252960205078,0.9856502413749695,0.4934532344341278,0.034618377685546875,4.197749149170704e-05,-0.2672807574272156,-7.517964839935303,-8.301251411437988,0.15019330382347107,0.0,0.0,0.24855226278305054,,,
25,64199,-0.01977252960205078,0.9856502413749695,0.4934532344341278,0.034618377685546875,4.197749149170704e-05,-0.2665351927280426,-7.562850475311279,-8.34089469909668,0.1475405991077423,0.0,0.0,0.24592220783233643,,,
25,64249,-0.01977252960205078,0.9856502413749695,0.4934532344341278,0.4364013671875,0.0005258224555291235,-0.3336698114871979,-7.204187393188477,-8.273693084716797,0.14929942786693573,0.0,0.0,0.24767054617404938,,,
25,64299,-0.01977252960205078,0.9856502413749695,0.4934532344341278,0.4364013671875,0.0005258224555291235,-0.2646736204624176,-7.351928234100342,-8.291899681091309,0.15097123384475708,0.0,0.0,0.24933314323425293,,,
25,64349,-0.01977252960205078,0.9856502413749695,0.4934532344341278,-0.5545616149902344,-0.0006692959577776492,-0.31214475631713867,-7.446511268615723,-8.291834831237793,0.15020638704299927,0.0,0.0,0.24857977032661438,,,
25,64399,-0.01977252960205078,0.9856502413749695,0.4934532344341278,-0.5545616149902344,-0.0006692959577776492,-0.34536489844322205,-7.563642978668213,-8.288015365600586,0.14803746342658997,0.0,0.0,0.24621015787124634,,,
25,64449,-0.01977252960205078,0.9856502413749695,0.4934532344341278,-0.5545616149902344,-0.0006692959577776492,-0.35877683758735657,-7.282649517059326,-8.30276870727539,0.15087778866291046,0.0,0.0,0.24921473860740662,,,
25,64499,-0.01977252960205078,0.9856502413749695,0.4934532344341278,0.02193450927734375,2.6361156415077858e-05,-0.32303154468536377,-7.623194694519043,-8.315539360046387,0.14943577349185944,0.0,0.0,0.24763552844524384,,,
25,64549,-0.1014404296875,0.9853886961936951,0.49383142590522766,0.067138671875,8.098746911855415e-05,-0.2960168123245239,-7.459907531738281,-8.240462303161621,0.14909030497074127,0.0,0.0,0.24624010920524597,,,
25,64599,-0.1014404296875,0.9853886961936951,0.49383142590522766,0.12073516845703125,0.0001449299161322415,-0.2772432565689087,-7.374523162841797,-8.294474601745605,0.15053607523441315,0.0,0.0,0.2476683109998703,,,
25,64649,-0.1014404296875,0.9853886961936951,0.49383142590522766,0.12073516845703125,0.0001449299161322415,-0.30323711037635803,-7.2585344314575195,-8.239439010620117,0.1502685248851776,0.0,0.0,0.24805721640586853,,,
25,64699,-0.1014404296875,0.9853886961936951,0.49383142590522766,-0.016498565673828125,-1.9942386643378995e-05,-0.32392722368240356,-7.439384460449219,-8.276771545410156,0.15039239823818207,0.0,0.0,0.24823936820030212,,,
25,64749,-0.1014404296875,0.9853886961936951,0.49383142590522766,0.018596649169921875,2.2586831619264558e-05,-0.4135650396347046,-7.182003498077393,-8.279755592346191,0.15063385665416718,0.0,0.0,0.24898283183574677,,,
25,64799,-0.1014404296875,0.9853886961936951,0.49383142590522766,0.018596649169921875,2.2586831619264558e-05,-0.2783864140510559,-7.3717522621154785,-8.257329940795898,0.1495630443096161,0.0,0.0,0.24777944386005402,,,
25,64849,-0.1014404296875,0.9853886961936951,0.49383142590522766,-0.485992431640625,-0.0005860239616595209,-0.30296993255615234,-7.313128471374512,-8.263755798339844,0.1509038209915161,0.0,0.0,0.24924038350582123,,,
25,64899,-0.1014404296875,0.9853886961936951,0.49383142590522766,-0.485992431640625,-0.0005860239616595209,-0.2828201949596405,-7.574134826660156,-8.244455337524414,0.14907240867614746,0.0,0.0,0.24735982716083527,,,
25,64949,-0.1014404296875,0.9853886961936951,0.49383142590522766,-0.485992431640625,-0.0005860239616595209,-0.30901554226875305,-7.353082180023193,-8.243694305419922,0.15129254758358002,0.0,0.0,0.2496243715286255,,,
25,64999,-0.1014404296875,0.9853886961936951,0.49383142590522766,-0.006008148193359375,-7.26382222637767e-06,-0.3414802849292755,-7.25521183013916,-8.212173461914062,0.15036089718341827,0.0,0.0,0.2486937791109085,,,
25,64999,,,,,,,,,,,,,-7.870461940765381,-7.984140396118164,-8.227802276611328
26,65049,,,,0.06532669067382812,7.880212069721892e-05,-0.2705252170562744,-7.287437915802002,-8.270733833312988,0.14891009032726288,0.0,0.0,0.2473767101764679,,,
26,65099,,,,0.06532669067382812,7.880212069721892e-05,-0.2894696891307831,-7.312132835388184,-8.223607063293457,0.14879871904850006,0.0,0.0,0.247329443693161,,,
26,65149,,,,-0.1209259033203125,-0.00014566809113603085,-0.31023138761520386,-7.362130165100098,-8.292015075683594,0.14781761169433594,0.0,0.0,0.24637854099273682,,,
26,65199,,,,-0.22735595703125,-0.0002751947904471308,-0.2926042973995209,-7.486781120300293,-8.252450942993164,0.14998340606689453,0.0,0.0,0.25297287106513977,,,
26,65249,-0.04516410827636719,0.985372006893158,0.49330708384513855,0.1873016357421875,0.0002262046909891069,-0.2864936888217926,-7.327517509460449,-8.255990028381348,0.14866361021995544,0.0,0.0,0.24689443409442902,,,
26,65299,-0.04516410827636719,0.985372006893158,0.49330708384513855,0.04444122314453125,5.354839231586084e-05,-0.34215468168258667,-7.426657676696777,-8.29430866241455,0.1468491405248642,0.0,0.0,0.2438761293888092,,,
26,65349,-0.04516410827636719,0.985372006893158,0.49330708384513855,0.3142356872558594,0.0003798544348683208,-0.33109909296035767,-7.494875907897949,-8.343851089477539,0.14806349575519562,0.0,0.0,0.2451997548341751,,,
26,65399,-0.04516410827636719,0.985372006893158,0.49330708384513855,0.3142356872558594,0.0003798544348683208,-0.2572859227657318,-7.529867172241211,-8.286858558654785,0.14450640976428986,0.0,0.0,0.2420559674501419,,,
26,65449,-0.04516410827636719,0.985372006893158,0.49330708384513855,0.3142356872558594,0.0003798544348683208,-0.33824777603149414,-7.319649696350098,-8.32856273651123,0.1488768607378006,0.0,0.0,0.25056302547454834,,,
26,65499,-0.04516410827636719,0.985372006893158,0.49330708384513855,0.3142356872558594,0.0003798544348683208,-0.261646032333374,-7.341414451599121,-8.292852401733398,0.14987869560718536,0.0,0.0,0.24822334945201874,,,
26,65549,-0.04516410827636719,0.985372006893158,0.49330708384513855,-0.09593963623046875,-0.00011577088298508897,-0.28879913687705994,-7.531859874725342,-8.285941123962402,0.14905329048633575,0.0,0.0,0.24724696576595306,,,
26,65599,-0.04516410827636719,0.985372006893158,0.49330708384513855,-0.09593963623046875,-0.00011577088298508897,-0.5011913776397705,-7.443816184997559,-8.262353897094727,0.1479130983352661,0.0,0.0,0.24609582126140594,,,
26,65649,-0.04516410827636719,0.985372006893158,0.49330708384513855,-0.09593963623046875,-0.00011577088298508897,-0.2555578649044037,-7.496918678283691,-8.25161075592041,0.14787304401397705,0.0,0.0,0.2460666447877884,,,
26,65699,-0.04516410827636719,0.985372006893158,0.49330708384513855,-0.09593963623046875,-0.00011577088298508897,-0.3137134909629822,-7.472946643829346,-8.292813301086426,0.149292454123497,0.0,0.0,0.2475554347038269,,,
26,65749,-0.04516410827636719,0.985372006893158,0.49330708384513855,-0.3368377685546875,-0.00040657661156728864,-0.2782685160636902,-7.300167560577393,-8.255772590637207,0.1513116955757141,0.0,0.0,0.2497437447309494,,,
26,65799,-0.04516410827636719,0.985372006893158,0.49330708384513855,-0.3388404846191406,-0.00040956566226668656,-0.2715557813644409,-7.450455188751221,-8.308577537536621,0.15059813857078552,0.0,0.0,0.2489764392375946,,,
26,65849,-0.04516410827636719,0.985372006893158,0.49330708384513855,-0.3388404846191406,-0.00040956566226668656,-0.3881886303424835,-7.311702728271484,-8.285672187805176,0.1492699682712555,0.0,0.0,0.2478403002023697,,,
26,65899,-0.04516410827636719,0.985372006893158,0.49330708384513855,0.2793312072753906,0.0003376529202796519,-0.29972830414772034,-7.10746431350708,-8.261870384216309,0.15046970546245575,0.0,0.0,0.2488875687122345,,,
26,65949,-0.04516410827636719,0.985372006893158,0.49330708384513855,0.2793312072753906,0.0003376529202796519,-0.3397481441497803,-7.274496078491211,-8.292179107666016,0.14605341851711273,0.0,0.0,0.24451923370361328,,,
26,65999,-0.04516410827636719,0.985372006893158,0.49330708384513855,0.2793312072753906,0.0003376529202796519,-0.34600773453712463,-7.434613227844238,-8.324865341186523,0.14767755568027496,0.0,0.0,0.24592946469783783,,,
26,66049,-0.03435039520263672,0.9854783415794373,0.49354150891304016,0.4070281982421875,0.000492217019200325,-0.2624463737010956,-7.301819324493408,-8.2571382522583,0.14951270818710327,0.0,0.0,0.24756908416748047,,,
26,66099,-0.03435039520263672,0.9854783415794373,0.49354150891304016,0.4070281982421875,0.000492217019200325,-0.4496585726737976,-7.325775146484375,-8.332929611206055,0.1505938470363617,0.0,0.0,0.24790965020656586,,,
26,66149,-0.03435039520263672,0.9854783415794373,0.49354150891304016,0.4070281982421875,0.000492217019200325,-0.4533137083053589,-7.267365455627441,-8.280925750732422,0.14910995960235596,0.0,0.0,0.2467765361070633,,,
26,66199,-0.03435039520263672,0.9854783415794373,0.49354150891304016,0.4070281982421875,0.000492217019200325,-0.2838842272758484,-7.272782325744629,-8.252496719360352,0.14969754219055176,0.0,0.0,0.24769333004951477,,,
26,66249,-0.03435039520263672,0.9854783415794373,0.49354150891304016,0.4070281982421875,0.000492217019200325,-0.39330074191093445,-7.5770134925842285,-8.321477890014648,0.1517622023820877,0.0,0.0,0.2504502236843109,,,
26,66299,-0.03435039520263672,0.9854783415794373,0.49354150891304016,0.4070281982421875,0.000492217019200325,-0.25776001811027527,-7.55399227142334,-8.282279968261719,0.14942193031311035,0.0,0.0,0.24738389253616333,,,
26,66349,-0.03435039520263672,0.9854783415794373,0.49354150891304016,0.4070281982421875,0.000492217019200325,-0.2704539895057678,-7.197360038757324,-8.27038288116455,0.14935176074504852,0.0,0.0,0.24731452763080597,,,
26,66399,-0.03435039520263672,0.9854783415794373,0.49354150891304016,0.19025802612304688,0.00022956238535698503,-0.3107583224773407,-7.281948089599609,-8.325827598571777,0.15011221170425415,0.0,0.0,0.24806813895702362,,,
26,66449,-0.03435039520263672,0.9854783415794373,0.49354150891304016,0.16574859619140625,0.000199434973183088,-0.26406657695770264,-7.468861103057861,-8.34713363647461,0.1478818953037262,0.0,0.0,0.2457411289215088,,,
26,66499,-0.03435039520263672,0.9854783415794373,0.49354150891304016,0.16574859619140625,0.000199434973183088,-0.24579031765460968,-7.4089555740356445,-8.276969909667969,0.14852681756019592,0.0,0.0,0.24646829068660736,,,
26,66549,-0.03435039520263672,0.9854783415794373,0.49354150891304016,0.2292633056640625,0.00027916341787204146,-0.308623731136322,-7.560980319976807,-8.28858470916748,0.1496860533952713,0.0,0.0,0.2475995570421219,,,
26,66599,-0.03435039520263672,0.9854783415794373,0.49354150891304016,0.00858306884765625,1.0394541277491953e-05,-0.3500730097293854,-7.425394058227539,-8.261298179626465,0.14832669496536255,0.0,0.0,0.2516612708568573,,,
26,66649,-0.03435039520263672,0.9854783415794373,0.49354150891304016,0.00858306884765625,1.0394541277491953e-05,-0.292665034532547,-7.496109485626221,-8.230132102966309,0.14744162559509277,0.0,0.0,0.24531719088554382,,,
26,66699,-0.03435039520263672,0.9854783415794373,0.49354150891304016,-0.2193450927734375,-0.00026642243028618395,-0.31706851720809937,-7.255993843078613,-8.268932342529297,0.14761537313461304,0.0,0.0,0.2506839334964752,,,
26,66749,-0.03435039520263672,0.9854783415794373,0.49354150891304016,-0.034236907958984375,-4.128125510760583e-05,-0.3134797513484955,-7.3965744972229,-8.293572425842285,0.2990800440311432,0.0,0.0,0.49206972122192383,,,
26,66799,0.049477577209472656,0.9854474067687988,0.4934673309326172,0.19865036010742188,0.00023957666417118162,-0.28505027294158936,-7.50105094909668,-8.295040130615234,0.1844681054353714,0.0,0.0,0.28257817029953003,,,
26,66849,0.049477577209472656,0.9854474067687988,0.4934673309326172,0.19865036010742188,0.00023957666417118162,-0.4539402723312378,-7.510136604309082,-8.319281578063965,0.1831914186477661,0.0,0.0,0.2806761860847473,,,
26,66899,0.049477577209472656,0.9854474067687988,0.4934673309326172,0.19865036010742188,0.00023957666417118162,-0.37013208866119385,-7.5817179679870605,-8.343585014343262,0.14909282326698303,0.0,0.0,0.24674873054027557,,,
26,66949,0.049477577209472656,0.9854474067687988,0.4934673309326172,0.19865036010742188,0.00023957666417118162,-0.33189842104911804,-7.3092875480651855,-8.255879402160645,0.15032970905303955,0.0,0.0,0.2482423335313797,,,
26,66999,0.049477577209472656,0.9854474067687988,0.4934673309326172,0.3151893615722656,0.0003804310108534992,-0.3488060235977173,-7.394014835357666,-8.237218856811523,0.1466253101825714,0.0,0.0,0.2443225383758545,,,
26,67049,0.049477577209472656,0.9854474067687988,0.4934673309326172,0.3151893615722656,0.0003804310108534992,-0.3231911063194275,-7.329038619995117,-8.261651039123535,0.15217141807079315,0.0,0.0,0.2501642107963562,,,
26,67099,0.049477577209472656,0.9854474067687988,0.4934673309326172,0.3151893615722656,0.0003804310108534992,-0.2706853449344635,-7.439082622528076,-8.261824607849121,0.1506829559803009,0.0,0.0,0.24867361783981323,,,
26,67149,0.049477577209472656,0.9854474067687988,0.4934673309326172,0.3151893615722656,0.0003804310108534992,-0.278929740190506,-7.0103888511657715,-8.267043113708496,0.15385818481445312,0.0,0.0,0.25285646319389343,,,
26,67199,0.049477577209472656,0.9854474067687988,0.4934673309326172,0.3151893615722656,0.0003804310108534992,-0.29076245427131653,-7.191043376922607,-8.236296653747559,0.15160053968429565,0.0,0.0,0.2555726170539856,,,
26,67249,0.049477577209472656,0.9854474067687988,0.4934673309326172,-0.07867813110351562,-9.507583308732137e-05,-0.2916157841682434,-7.0359296798706055,-8.165715217590332,0.1473403126001358,0.0,0.0,0.24514172971248627,,,
26,67299,0.049477577209472656,0.9854474067687988,0.4934673309326172,-0.07867813110351562,-9.507583308732137e-05,-0.22350665926933289,-7.471284866333008,-8.246182441711426,0.15005213022232056,0.0,0.0,0.2481410950422287,,,
26,67349,0.049477577209472656,0.9854474067687988,0.4934673309326172,-0.030612945556640625,-3.680690861074254e-05,-0.2796523869037628,-7.515766143798828,-8.263204574584961,0.15347421169281006,0.0,0.0,0.2525499761104584,,,
26,67399,0.049477577209472656,0.9854474067687988,0.4934673309326172,-0.030612945556640625,-3.680690861074254e-05,-0.29625600576400757,-7.4789628982543945,-8.259137153625488,0.15217866003513336,0.0,0.0,0.2501925230026245,,,
26,67449,0.049477577209472656,0.9854474067687988,0.4934673309326172,-0.030612945556640625,-3.680690861074254e-05,-0.24263259768486023,-7.245193004608154,-8.261606216430664,0.15085457265377045,0.0,0.0,0.2488803118467331,,,
26,67499,0.049477577209472656,0.9854474067687988,0.4934673309326172,-0.15192031860351562,-0.00018456710677128285,-0.2800562381744385,-7.478362560272217,-8.244271278381348,0.15296670794487,0.0,0.0,0.2519439160823822,,,
26,67499,,,,,,,,,,,,,-7.872925758361816,-7.987732887268066,-8.226836204528809
27,67549,,,,,,-0.28551623225212097,-7.167994499206543,-8.218250274658203,0.1487724632024765,0.0,0.0,0.24710911512374878,,,
27,67599,,,,,,-0.2775738537311554,-7.535082817077637,-8.255386352539062,0.14916463196277618,0.0,0.0,0.24741052091121674,,,
27,67649,,,,0.12407302856445312,0.00015033142699394375,-0.26363471150398254,-7.328849792480469,-8.220430374145508,0.14788374304771423,0.0,0.0,0.24618029594421387,,,
27,67699,,,,0.12407302856445312,0.00015033142699394375,-0.23431091010570526,-7.426026821136475,-8.262823104858398,0.14948882162570953,0.0,0.0,0.2478574514389038,,,
27,67749,,,,0.3916740417480469,0.00047303002793341875,-0.27946940064430237,-7.368993759155273,-8.275891304016113,0.14997680485248566,0.0,0.0,0.2482873648405075,,,
27,67799,,,,0.08592605590820312,0.00010440655751153827,-0.253797322511673,-7.207728385925293,-8.277444839477539,0.15244078636169434,0.0,0.0,0.2513025104999542,,,
27,67849,0.016269683837890625,0.9855525493621826,0.49328479170799255,0.124359130859375,0.00014997976541053504,-0.23643194139003754,-7.4192795753479,-8.245680809020996,0.15327587723731995,0.0,0.0,0.25149253010749817,,,
27,67899,0.016269683837890625,0.9855525493621826,0.49328479170799255,-0.29296875,-0.00035486844717524946,-0.26751944422721863,-7.295840740203857,-8.256453514099121,0.1499861627817154,0.0,0.0,0.2471640557050705,,,
27,67949,0.016269683837890625,0.9855525493621826,0.49328479170799255,-0.29296875,-0.00035486844717524946,-0.26623469591140747,-7.619094371795654,-8.305500030517578,0.14793072640895844,0.0,0.0,0.24508516490459442,,,
27,67999,0.016269683837890625,0.9855525493621826,0.49328479170799255,-0.29296875,-0.00035486844717524946,-0.3923065960407257,-7.204573631286621,-8.250981330871582,0.14517374336719513,0.0,0.0,0.24272479116916656,,,
27,68049,0.016269683837890625,0.9855525493621826,0.49328479170799255,0.0644683837890625,7.786406058585271e-05,-0.26352983713150024,-7.468694686889648,-8.319629669189453,0.14823096990585327,0.0,0.0,0.24607792496681213,,,
27,68099,0.016269683837890625,0.9855525493621826,0.49328479170799255,0.0644683837890625,7.786406058585271e-05,-0.2586996853351593,-7.569557189941406,-8.283658027648926,0.14970485866069794,0.0,0.0,0.24800002574920654,,,
27,68149,0.016269683837890625,0.9855525493621826,0.49328479170799255,-0.3451347351074219,-0.0004132633621338755,-0.3074890375137329,-7.28761100769043,-8.277195930480957,0.14808064699172974,0.0,0.0,0.24594131112098694,,,
27,68199,0.016269683837890625,0.9855525493621826,0.49328479170799255,0.048828125,5.908872844884172e-05,-0.3366731107234955,-7.407668113708496,-8.250046730041504,0.1469230204820633,0.0,0.0,0.24466092884540558,,,
27,68249,0.016269683837890625,0.9855525493621826,0.49328479170799255,0.42743682861328125,0.0005167362396605313,-0.2968595027923584,-7.395849704742432,-8.271857261657715,0.29725557565689087,0.0,0.0,0.49031150341033936,,,
27,68299,0.016269683837890625,0.9855525493621826,0.49328479170799255,0.42743682861328125,0.0005167362396605313,-0.4218362271785736,-7.40360164642334,-8.331409454345703,0.1487463265657425,0.0,0.0,0.2467452734708786,,,
27,68349,0.016269683837890625,0.9855525493621826,0.49328479170799255,-0.5303382873535156,-0.0006397338001988828,-0.2863699197769165,-7.4519548416137695,-8.318594932556152,0.1494523137807846,0.0,0.0,0.251552939414978,,,
27,68399,0.016269683837890625,0.9855525493621826,0.49328479170799255,-0.5303382873535156,-0.0006397338001988828,-0.2897474467754364,-7.443305969238281,-8.213271141052246,0.148032084107399,0.0,0.0,0.2462073415517807,,,
27,68449,0.016269683837890625,0.9855525493621826,0.49328479170799255,0.20952224731445312,0.00025304092559963465,-0.24456439912319183,-7.416122913360596,-8.27566909790039,0.15043026208877563,0.0,0.0,0.24835580587387085,,,
27,68499,0.016269683837890625,0.9855525493621826,0.49328479170799255,0.20952224731445312,0.00025304092559963465,-0.33834218978881836,-7.319986343383789,-8.244414329528809,0.14924536645412445,0.0,0.0,0.24739386141300201,,,
27,68549,0.016269683837890625,0.9855525493621826,0.49328479170799255,0.20952224731445312,0.00025304092559963465,-0.24285291135311127,-7.567252159118652,-8.270484924316406,0.15055325627326965,0.0,0.0,0.24851365387439728,,,
27,68599,0.016269683837890625,0.9855525493621826,0.49328479170799255,0.20952224731445312,0.00025304092559963465,-0.2586943805217743,-7.44710636138916,-8.2716646194458,0.15331605076789856,0.0,0.0,0.2513359487056732,,,
27,68649,0.016269683837890625,0.9855525493621826,0.49328479170799255,0.20952224731445312,0.00025304092559963465,-0.27850738167762756,-7.436595916748047,-8.153460502624512,0.1534593552350998,0.0,0.0,0.2519075870513916,,,
27,68699,0.016269683837890625,0.9855525493621826,0.49328479170799255,-0.1125335693359375,-0.00013689949992112815,-0.3160473108291626,-7.347787380218506,-8.260835647583008,0.1530236005783081,0.0,0.0,0.2509283721446991,,,
27,68749,0.10095691680908203,0.9852664470672607,0.4929909110069275,-0.0499725341796875,-6.059346560505219e-05,-0.2729516923427582,-7.397809028625488,-8.281734466552734,0.1486758291721344,0.0,0.0,0.24657034873962402,,,
27,68799,0.10095691680908203,0.9852664470672607,0.4929909110069275,-0.0499725341796875,-6.059346560505219e-05,-0.3161771595478058,-7.30991792678833,-8.283036231994629,0.1498277336359024,0.0,0.0,0.2514920234680176,,,
27,68849,0.10095691680908203,0.9852664470672607,0.4929909110069275,0.02384185791015625,2.8957325412193313e-05,-0.24873244762420654,-7.226415634155273,-8.315192222595215,0.1500273197889328,0.0,0.0,0.24773874878883362,,,
27,68899,0.10095691680908203,0.9852664470672607,0.4929909110069275,-0.12178421020507812,-0.00014807956176809967,-0.30140209197998047,-7.3383073806762695,-8.224242210388184,0.3002423048019409,0.0,0.0,0.4929176867008209,,,
27,68949,0.10095691680908203,0.9852664470672607,0.4929909110069275,-0.12178421020507812,-0.00014807956176809967,-0.3089431822299957,-7.1404829025268555,-8.238584518432617,0.14815273880958557,0.0,0.0,0.24594399333000183,,,
27,68999,0.10095691680908203,0.9852664470672607,0.4929909110069275,-0.12178421020507812,-0.00014807956176809967,-0.2564305365085602,-7.504729270935059,-8.256608963012695,0.14504806697368622,0.0,0.0,0.24272555112838745,,,
27,69049,0.10095691680908203,0.9852664470672607,0.4929909110069275,-0.12178421020507812,-0.00014807956176809967,-0.3038311004638672,-7.475695610046387,-8.208752632141113,0.14895343780517578,0.0,0.0,0.2468128800392151,,,
27,69099,0.10095691680908203,0.9852664470672607,0.4929909110069275,0.11806488037109375,0.00014255238056648523,-0.29323509335517883,-7.379400730133057,-8.282751083374023,0.15034207701683044,0.0,0.0,0.2507493793964386,,,
27,69149,0.10095691680908203,0.9852664470672607,0.4929909110069275,0.17766952514648438,0.00021552339603658766,-0.2718777060508728,-7.427844047546387,-8.330452919006348,0.14963585138320923,0.0,0.0,0.2476416826248169,,,
27,69199,0.10095691680908203,0.9852664470672607,0.4929909110069275,0.17766952514648438,0.00021552339603658766,-0.3048684000968933,-7.459630489349365,-8.309690475463867,0.15042324364185333,0.0,0.0,0.2483159452676773,,,
27,69249,0.10095691680908203,0.9852664470672607,0.4929909110069275,0.17766952514648438,0.00021552339603658766,-0.2562755048274994,-7.491151809692383,-8.229941368103027,0.150262251496315,0.0,0.0,0.248479962348938,,,
27,69299,0.10095691680908203,0.9852664470672607,0.4929909110069275,0.17766952514648438,0.00021552339603658766,-0.2267676144838333,-7.3998870849609375,-8.271812438964844,0.1534317433834076,0.0,0.0,0.2524622678756714,,,
27,69349,0.10095691680908203,0.9852664470672607,0.4929909110069275,0.17766952514648438,0.00021552339603658766,-0.392715722322464,-7.256801605224609,-8.17939281463623,0.14821790158748627,0.0,0.0,0.24600917100906372,,,
27,69399,0.10095691680908203,0.9852664470672607,0.4929909110069275,0.17766952514648438,0.00021552339603658766,-0.32071036100387573,-7.407262325286865,-8.2792329788208,0.15095990896224976,0.0,0.0,0.24890170991420746,,,
27,69449,0.10095691680908203,0.9852664470672607,0.4929909110069275,0.17766952514648438,0.00021552339603658766,-0.3225182890892029,-7.482509613037109,-8.254961013793945,0.14732801914215088,0.0,0.0,0.24512290954589844,,,
27,69499,0.10095691680908203,0.9852664470672607,0.4929909110069275,0.17766952514648438,0.00021552339603658766,-0.28561216592788696,-7.348202705383301,-8.266427993774414,0.1481122374534607,0.0,0.0,0.2511710226535797,,,
27,69549,0.10095691680908203,0.9852664470672607,0.4929909110069275,0.2556800842285156,0.00031018772278912365,-0.2488165944814682,-7.40172004699707,-8.222463607788086,0.1495896875858307,0.0,0.0,0.24758782982826233,,,
27,69599,0.10095691680908203,0.9852664470672607,0.4929909110069275,0.2551078796386719,0.00030901478021405637,-0.3142537474632263,-7.383866786956787,-8.324239730834961,0.14982718229293823,0.0,0.0,0.24780592322349548,,,
27,69649,0.10095691680908203,0.9852664470672607,0.4929909110069275,0.2551078796386719,0.00030901478021405637,-0.3059161603450775,-7.439414024353027,-8.27294635772705,0.1504160314798355,0.0,0.0,0.24832728505134583,,,
27,69699,0.10095691680908203,0.9852664470672607,0.4929909110069275,0.2551078796386719,0.00030901478021405637,-0.27852320671081543,-7.387598037719727,-8.261003494262695,0.14821191132068634,0.0,0.0,0.24626773595809937,,,
27,69749,0.10095691680908203,0.9852664470672607,0.4929909110069275,0.2551078796386719,0.00030901478021405637,-0.2583104372024536,-7.6375508308410645,-8.313728332519531,0.1511898934841156,0.0,0.0,0.25483983755111694,,,
27,69799,0.10095691680908203,0.9852664470672607,0.4929909110069275,0.15649795532226562,0.00018968331278301775,-0.28847822546958923,-7.160144805908203,-8.243795394897461,0.15116089582443237,0.0,0.0,0.24944724142551422,,,
27,69849,0.10095691680908203,0.9852664470672607,0.4929909110069275,0.15649795532226562,0.00018968331278301775,-0.2704103887081146,-7.474817276000977,-8.290035247802734,0.15108278393745422,0.0,0.0,0.2491217702627182,,,
27,69899,0.10095691680908203,0.9852664470672607,0.4929909110069275,0.15649795532226562,0.00018968331278301775,-0.2452639937400818,-7.209155082702637,-8.24697208404541,0.14999723434448242,0.0,0.0,0.24807149171829224,,,
27,69949,0.10095691680908203,0.9852664470672607,0.4929909110069275,0.15649795532226562,0.00018968331278301775,-0.4113106429576874,-7.509552955627441,-8.266267776489258,0.1510351151227951,0.0,0.0,0.2490873485803604,,,
27,69999,0.10095691680908203,0.9852664470672607,0.4929909110069275,0.15649795532226562,0.00018968331278301775,-0.23696917295455933,-7.309302806854248,-8.280730247497559,0.15191814303398132,0.0,0.0,0.25097164511680603,,,
27,69999,,,,,,,,,,,,,-7.865843772888184,-7.978760242462158,-8.214227676391602
28,70049,,,,0.035572052001953125,4.3030631786677986e-05,-0.2899884879589081,-7.374301910400391,-8.286211013793945,0.1804441511631012,0.0,0.0,0.2970758378505707,,,
28,70099,,,,0.035572052001953125,4.3030631786677986e-05,-0.3013301193714142,-7.491672515869141,-8.264117240905762,0.182770237326622,0.0,0.0,0.28707948327064514,,,
28,70149,,,,0.035572052001953125,4.3030631786677986e-05,-0.276736855506897,-7.278444290161133,-8.287235260009766,0.1975107640028,0.0,0.0,0.2993593215942383,,,
28,70199,,,,0.035572052001953125,4.3030631786677986e-05,-0.25588247179985046,-6.919381618499756,-8.330703735351562,0.18275471031665802,0.0,0.0,0.28428617119789124,,,
28,70249,,,,0.035572052001953125,4.3030631786677986e-05,-0.24735236167907715,-7.359504699707031,-8.228257179260254,0.17279720306396484,0.0,0.0,0.2883496880531311,,,
28,70299,,,,0.035572052001953125,4.3030631786677986e-05,-0.3638143837451935,-7.362614154815674,-8.29256534576416,0.18376165628433228,0.0,0.0,0.2857441306114197,,,
28,70349,,,,0.035572052001953125,4.3030631786677986e-05,-0.3769298493862152,-7.461507797241211,-8.232361793518066,0.23817108571529388,0.0,0.0,0.3410608470439911,,,
28,70399,,,,-0.10156631469726562,-0.0001224052393808961,-0.2923836410045624,-7.479352951049805,-8.275758743286133,0.18863879144191742,0.0,0.0,0.3080386519432068,,,
28,70449,-0.00734710693359375,0.9855720400810242,0.4932127296924591,0.11987686157226562,0.000145775280543603,-0.4108964502811432,-7.074417591094971,-8.236328125,0.17884379625320435,0.0,0.0,0.27861833572387695,,,
28,70499,-0.00734710693359375,0.9855720400810242,0.4932127296924591,0.11987686157226562,0.000145775280543603,-0.23853567242622375,-7.509612083435059,-8.263021469116211,0.18116509914398193,0.0,0.0,0.2896442711353302,,,
28,70549,-0.00734710693359375,0.9855720400810242,0.4932127296924591,0.11987686157226562,0.000145775280543603,-0.3262901306152344,-7.389458179473877,-8.334678649902344,0.20265232026576996,0.0,0.0,0.31048378348350525,,,
28,70599,-0.00734710693359375,0.9855720400810242,0.4932127296924591,0.11987686157226562,0.000145775280543603,-0.2470293790102005,-7.362168788909912,-8.295968055725098,0.21091178059577942,0.0,0.0,0.3123871982097626,,,
28,70649,-0.00734710693359375,0.9855720400810242,0.4932127296924591,0.11987686157226562,0.000145775280543603,-0.24710021913051605,-7.40214204788208,-8.289102554321289,0.16410744190216064,0.0,0.0,0.2688816785812378,,,
28,70699,-0.00734710693359375,0.9855720400810242,0.4932127296924591,0.11987686157226562,0.000145775280543603,-0.2774870693683624,-7.606655120849609,-8.281942367553711,0.19922438263893127,0.0,0.0,0.3006393611431122,,,
28,70749,-0.00734710693359375,0.9855720400810242,0.4932127296924591,0.11987686157226562,0.000145775280543603,-0.2652086317539215,-7.233090400695801,-8.254023551940918,0.17878879606723785,0.0,0.0,0.2791728079319,,,
28,70799,-0.00734710693359375,0.9855720400810242,0.4932127296924591,0.11987686157226562,0.000145775280543603,-0.23906074464321136,-7.529062271118164,-8.267333030700684,0.18419459462165833,0.0,0.0,0.2886967658996582,,,
28,70849,-0.00734710693359375,0.9855720400810242,0.4932127296924591,0.11987686157226562,0.000145775280543603,-0.24480096995830536,-7.463616371154785,-8.289530754089355,0.17640087008476257,0.0,0.0,0.27734094858169556,,,
28,70899,-0.00734710693359375,0.9855720400810242,0.4932127296924591,0.11987686157226562,0.000145775280543603,-0.25862494111061096,-7.538783073425293,-8.322457313537598,0.19517453014850616,0.0,0.0,0.2962130904197693,,,
28,70949,-0.00734710693359375,0.9855720400810242,0.4932127296924591,-0.09746551513671875,-0.00011742686911020428,-0.2811456322669983,-7.5780253410339355,-8.336594581604004,0.2055603265762329,0.0,0.0,0.3082515001296997,,,
28,70999,-0.00734710693359375,0.9855720400810242,0.4932127296924591,-0.09746551513671875,-0.00011742686911020428,-0.3124319016933441,-7.539602279663086,-8.325160026550293,0.1691354215145111,0.0,0.0,0.2719677984714508,,,
28,71049,-0.00734710693359375,0.9855720400810242,0.4932127296924591,-0.09746551513671875,-0.00011742686911020428,-0.24120381474494934,-7.261245250701904,-8.289923667907715,0.182325080037117,0.0,0.0,0.28354862332344055,,,
28,71099,-0.00734710693359375,0.9855720400810242,0.4932127296924591,-0.09746551513671875,-0.00011742686911020428,-0.2687658369541168,-7.5821452140808105,-8.33223819732666,0.22627726197242737,0.0,0.0,0.34061285853385925,,,
28,71149,-0.00734710693359375,0.9855720400810242,0.4932127296924591,-0.09746551513671875,-0.00011742686911020428,-0.2668830454349518,-7.136075973510742,-8.212516784667969,0.20140978693962097,0.0,0.0,0.30314749479293823,,,
28,71199,-0.00734710693359375,0.9855720400810242,0.4932127296924591,0.015735626220703125,1.9089637135039084e-05,-0.2915876507759094,-7.478780269622803,-8.23815631866455,0.16952182352542877,0.0,0.0,0.27111783623695374,,,
28,71249,-0.00734710693359375,0.9855720400810242,0.4932127296924591,0.015735626220703125,1.9089637135039084e-05,-0.25882187485694885,-7.310501575469971,-8.299986839294434,0.16457447409629822,0.0,0.0,0.2660018801689148,,,
28,71299,-0.00734710693359375,0.9855720400810242,0.4932127296924591,0.015735626220703125,1.9089637135039084e-05,-0.3500862121582031,-7.228719234466553,-8.255797386169434,0.18220683932304382,0.0,0.0,0.2830062210559845,,,
28,71349,-0.00734710693359375,0.9855720400810242,0.4932127296924591,0.015735626220703125,1.9089637135039084e-05,-0.273196280002594,-7.566692352294922,-8.268078804016113,0.1681501567363739,0.0,0.0,0.2684335708618164,,,
28,71399,-0.00734710693359375,0.9855720400810242,0.4932127296924591,-0.10433197021484375,-0.0001255872193723917,-0.2536778748035431,-7.43002462387085,-8.202662467956543,0.1766379475593567,0.0,0.0,0.2777508795261383,,,
28,71449,-0.00734710693359375,0.9855720400810242,0.4932127296924591,0.6917953491210938,0.0008325872477144003,-0.33477160334587097,-7.5626654624938965,-8.26748275756836,0.1845538169145584,0.0,0.0,0.2890149652957916,,,
28,71499,-0.00734710693359375,0.9855720400810242,0.4932127296924591,-0.18672943115234375,-0.000225934199988842,-0.2695810794830322,-7.2194013595581055,-8.241129875183105,0.19245603680610657,0.0,0.0,0.2960948050022125,,,
28,71549,-0.00734710693359375,0.9855720400810242,0.4932127296924591,0.003147125244140625,3.8054574815760134e-06,-0.24485385417938232,-7.549703598022461,-8.214731216430664,0.18143954873085022,0.0,0.0,0.2915026545524597,,,
28,71599,-0.00734710693359375,0.9855720400810242,0.4932127296924591,0.003147125244140625,3.8054574815760134e-06,-0.23870573937892914,-7.262833595275879,-8.255243301391602,0.18305708467960358,0.0,0.0,0.28448083996772766,,,
28,71649,-0.00734710693359375,0.9855720400810242,0.4932127296924591,0.003147125244140625,3.8054574815760134e-06,-0.3121747076511383,-7.413890361785889,-8.28303050994873,0.17972658574581146,0.0,0.0,0.2812424600124359,,,
28,71699,0.038895606994628906,0.9853711724281311,0.4936254322528839,0.21581649780273438,0.00026258162688463926,-0.34881454706192017,-7.373964786529541,-8.301349639892578,0.15207575261592865,0.0,0.0,0.2508413791656494,,,
28,71749,0.038895606994628906,0.9853711724281311,0.4936254322528839,0.21581649780273438,0.00026258162688463926,-0.30958491563796997,-7.438124179840088,-8.19698715209961,0.1506156623363495,0.0,0.0,0.24773600697517395,,,
28,71799,0.038895606994628906,0.9853711724281311,0.4936254322528839,-0.4157066345214844,-0.0005011127213947475,-0.28618675470352173,-7.403475761413574,-8.288607597351074,0.15146490931510925,0.0,0.0,0.24937638640403748,,,
28,71849,0.038895606994628906,0.9853711724281311,0.4936254322528839,-0.4157066345214844,-0.0005011127213947475,-0.27357548475265503,-7.304117202758789,-8.266988754272461,0.15038906037807465,0.0,0.0,0.24896222352981567,,,
28,71899,0.038895606994628906,0.9853711724281311,0.4936254322528839,-0.4157066345214844,-0.0005011127213947475,-0.2658289074897766,-7.321218490600586,-8.193553924560547,0.15138834714889526,0.0,0.0,0.2575673758983612,,,
28,71949,0.038895606994628906,0.9853711724281311,0.4936254322528839,-0.4157066345214844,-0.0005011127213947475,-0.2966655194759369,-7.421839714050293,-8.284931182861328,0.15059196949005127,0.0,0.0,0.24888749420642853,,,
28,71999,0.038895606994628906,0.9853711724281311,0.4936254322528839,-0.3546714782714844,-0.00042958874837495387,-0.27494028210639954,-7.493311882019043,-8.276040077209473,0.14803142845630646,0.0,0.0,0.2514462471008301,,,
28,72049,0.038895606994628906,0.9853711724281311,0.4936254322528839,-0.3546714782714844,-0.00042958874837495387,-0.3174077570438385,-7.370767593383789,-8.264365196228027,0.14641006290912628,0.0,0.0,0.24404940009117126,,,
28,72099,0.038895606994628906,0.9853711724281311,0.4936254322528839,-0.164031982421875,-0.00019979356147814542,-0.30143874883651733,-7.339892864227295,-8.28211784362793,0.14811867475509644,0.0,0.0,0.24649423360824585,,,
28,72149,0.038895606994628906,0.9853711724281311,0.4936254322528839,-0.11529922485351562,-0.000139376032166183,-0.2900714576244354,-7.333851337432861,-8.245121002197266,0.1512560099363327,0.0,0.0,0.24983850121498108,,,
28,72199,0.038895606994628906,0.9853711724281311,0.4936254322528839,-0.11529922485351562,-0.000139376032166183,-0.2342645525932312,-7.390259265899658,-8.214214324951172,0.15017376840114594,0.0,0.0,0.24862077832221985,,,
28,72249,0.038895606994628906,0.9853711724281311,0.4936254322528839,-0.11529922485351562,-0.000139376032166183,-0.2949907183647156,-7.406732082366943,-8.307263374328613,0.15046991407871246,0.0,0.0,0.24897421896457672,,,
28,72299,0.038895606994628906,0.9853711724281311,0.4936254322528839,-0.11529922485351562,-0.000139376032166183,-0.2878582179546356,-7.441306114196777,-8.238137245178223,0.1514507681131363,0.0,0.0,0.2503511309623718,,,
28,72349,0.038895606994628906,0.9853711724281311,0.4936254322528839,-0.11529922485351562,-0.000139376032166183,-0.3369586765766144,-7.324436664581299,-8.256876945495605,0.15207116305828094,0.0,0.0,0.2514326870441437,,,
28,72399,0.038895606994628906,0.9853711724281311,0.4936254322528839,-0.11529922485351562,-0.000139376032166183,-0.4008992612361908,-7.394775390625,-8.272540092468262,0.15089420974254608,0.0,0.0,0.2497815191745758,,,
28,72449,0.038895606994628906,0.9853711724281311,0.4936254322528839,-0.27179718017578125,-0.0003295156639069319,-0.2838507294654846,-7.282180309295654,-8.241010665893555,0.15122683346271515,0.0,0.0,0.2501690089702606,,,
28,72499,0.038895606994628906,0.9853711724281311,0.4936254322528839,-0.27179718017578125,-0.0003295156639069319,-0.2565634548664093,-7.309637069702148,-8.207040786743164,0.15202569961547852,0.0,0.0,0.25105324387550354,,,
28,72499,,,,,,,,,,,,,-7.864992141723633,-7.976835250854492,-8.205981254577637
29,72549,,,,,,-0.26217028498649597,-7.193723678588867,-8.268572807312012,0.1502576470375061,0.0,0.0,0.24888455867767334,,,
29,72599,,,,,,-0.3639926314353943,-7.424081802368164,-8.293808937072754,0.1504952609539032,0.0,0.0,0.24898335337638855,,,
29,72649,,,,-0.050258636474609375,-6.049451985745691e-05,-0.26999109983444214,-7.5168962478637695,-8.254888534545898,0.15630443394184113,0.0,0.0,0.25919657945632935,,,
29,72699,,,,-0.050258636474609375,-6.049451985745691e-05,-0.2743978202342987,-7.347320556640625,-8.25815486907959,0.15377874672412872,0.0,0.0,0.25271672010421753,,,
29,72749,,,,-0.08974075317382812,-0.0001092541788239032,-0.26217126846313477,-7.427392959594727,-8.244390487670898,0.15406328439712524,0.0,0.0,0.25310009717941284,,,
29,72799,,,,-0.08974075317382812,-0.0001092541788239032,-0.29616427421569824,-7.354866027832031,-8.230347633361816,0.15575465559959412,0.0,0.0,0.25485414266586304,,,
29,72849,,,,-0.08974075317382812,-0.0001092541788239032,-0.23030513525009155,-7.438243865966797,-8.213720321655273,0.175287127494812,0.0,0.0,0.27479469776153564,,,
29,72899,,,,-0.10747909545898438,-0.00013067542749922723,-0.29793015122413635,-7.467060565948486,-8.250732421875,0.15172049403190613,0.0,0.0,0.2507784366607666,,,
29,72949,,,,-0.1392364501953125,-0.00016749474161770195,-0.24411869049072266,-7.4120893478393555,-8.32454776763916,0.1528715342283249,0.0,0.0,0.25176358222961426,,,
29,72999,-0.004195213317871094,0.9853715300559998,0.4935290515422821,-0.20313262939453125,-0.000248371361522004,-0.251748263835907,-7.272584915161133,-8.244194030761719,0.1533377319574356,0.0,0.0,0.25191959738731384,,,
29,73049,-0.004195213317871094,0.9853715300559998,0.4935290515422821,-0.20313262939453125,-0.000248371361522004,-0.25420045852661133,-7.222433090209961,-8.304863929748535,0.15084528923034668,0.0,0.0,0.24843548238277435,,,
29,73099,-0.004195213317871094,0.9853715300559998,0.4935290515422821,-0.10004043579101562,-0.00012009320926154032,-0.2448129653930664,-7.362856864929199,-8.25450325012207,0.15194815397262573,0.0,0.0,0.24980755150318146,,,
29,73149,-0.004195213317871094,0.9853715300559998,0.4935290515422821,-0.10004043579101562,-0.00012009320926154032,-0.2704353630542755,-7.372669219970703,-8.230913162231445,0.15088289976119995,0.0,0.0,0.24879398941993713,,,
29,73199,-0.004195213317871094,0.9853715300559998,0.4935290515422821,-0.040912628173828125,-4.9762995331548154e-05,-0.3659217655658722,-7.271186828613281,-8.281695365905762,0.15338650345802307,0.0,0.0,0.25168874859809875,,,
29,73249,-0.004195213317871094,0.9853715300559998,0.4935290515422821,0.02765655517578125,3.347501115058549e-05,-0.29645395278930664,-7.1361894607543945,-8.27591323852539,0.15034854412078857,0.0,0.0,0.24898122251033783,,,
29,73299,-0.004195213317871094,0.9853715300559998,0.4935290515422821,-0.3413200378417969,-0.00041354354470968246,-0.23369204998016357,-7.311598777770996,-8.225796699523926,0.152239128947258,0.0,0.0,0.25085940957069397,,,
29,73349,-0.004195213317871094,0.9853715300559998,0.4935290515422821,-0.3413200378417969,-0.00041354354470968246,-0.2807018458843231,-7.261587619781494,-8.253681182861328,0.15067262947559357,0.0,0.0,0.2553882598876953,,,
29,73399,-0.004195213317871094,0.9853715300559998,0.4935290515422821,-0.3413200378417969,-0.00041354354470968246,-0.24957120418548584,-7.173874855041504,-8.269750595092773,0.1507427841424942,0.0,0.0,0.24935977160930634,,,
29,73449,-0.004195213317871094,0.9853715300559998,0.4935290515422821,-0.3413200378417969,-0.00041354354470968246,-0.26985156536102295,-7.57412576675415,-8.28462028503418,0.1503753811120987,0.0,0.0,0.24890907108783722,,,
29,73499,-0.004195213317871094,0.9853715300559998,0.4935290515422821,0.07038116455078125,8.472974150208756e-05,-0.20705954730510712,-7.50492000579834,-8.204456329345703,0.1522928923368454,0.0,0.0,0.2511273920536041,,,
29,73549,-0.004195213317871094,0.9853715300559998,0.4935290515422821,0.07038116455078125,8.472974150208756e-05,-0.2744494676589966,-7.417893886566162,-8.301532745361328,0.1530664712190628,0.0,0.0,0.2516511380672455,,,
29,73599,-0.004195213317871094,0.9853715300559998,0.4935290515422821,0.056743621826171875,6.885246693855152e-05,-0.2671400010585785,-7.569976329803467,-8.238626480102539,0.15189559757709503,0.0,0.0,0.2503475546836853,,,
29,73649,-0.004195213317871094,0.9853715300559998,0.4935290515422821,0.056743621826171875,6.885246693855152e-05,-0.28322553634643555,-7.427546501159668,-8.267891883850098,0.15198065340518951,0.0,0.0,0.25016191601753235,,,
29,73699,-0.004195213317871094,0.9853715300559998,0.4935290515422821,0.056743621826171875,6.885246693855152e-05,-0.29124006628990173,-7.250310897827148,-8.249567985534668,0.15079736709594727,0.0,0.0,0.24887865781784058,,,
29,73749,-0.004195213317871094,0.9853715300559998,0.4935290515422821,-0.08325576782226562,-0.00010085440590046346,-0.23835033178329468,-7.319137096405029,-8.289228439331055,0.15103040635585785,0.0,0.0,0.24933579564094543,,,
29,73799,-0.07824897766113281,0.9853404760360718,0.4933027923107147,-0.19216537475585938,-0.0002330189454369247,-0.2928561270236969,-7.546138286590576,-8.212881088256836,0.15736804902553558,0.0,0.0,0.2558721601963043,,,
29,73849,-0.07824897766113281,0.9853404760360718,0.4933027923107147,-0.07486343383789062,-9.13002440938726e-05,-0.29848596453666687,-7.129863739013672,-8.218985557556152,0.1553807109594345,0.0,0.0,0.2532857656478882,,,
29,73899,-0.07824897766113281,0.9853404760360718,0.4933027923107147,-0.07486343383789062,-9.13002440938726e-05,-0.32268232107162476,-7.513007640838623,-8.271352767944336,0.15331736207008362,0.0,0.0,0.2516625225543976,,,
29,73949,-0.07824897766113281,0.9853404760360718,0.4933027923107147,-0.07486343383789062,-9.13002440938726e-05,-0.26569393277168274,-7.265656471252441,-8.265578269958496,0.15081456303596497,0.0,0.0,0.248999685049057,,,
29,73999,-0.07824897766113281,0.9853404760360718,0.4933027923107147,-0.07486343383789062,-9.13002440938726e-05,-0.25109222531318665,-7.320695877075195,-8.28208065032959,0.1510082483291626,0.0,0.0,0.24951885640621185,,,
29,74049,-0.07824897766113281,0.9853404760360718,0.4933027923107147,-0.3556251525878906,-0.0004283693269826472,-0.3513387143611908,-7.299910545349121,-8.246992111206055,0.15002727508544922,0.0,0.0,0.25305867195129395,,,
29,74099,-0.07824897766113281,0.9853404760360718,0.4933027923107147,-0.3556251525878906,-0.0004283693269826472,-0.27697595953941345,-7.261920928955078,-8.252402305603027,0.15063875913619995,0.0,0.0,0.2492881566286087,,,
29,74149,-0.07824897766113281,0.9853404760360718,0.4933027923107147,-0.3556251525878906,-0.0004283693269826472,-0.28267115354537964,-7.272273063659668,-8.27680778503418,0.15020309388637543,0.0,0.0,0.24898025393486023,,,
29,74199,-0.07824897766113281,0.9853404760360718,0.4933027923107147,-0.3556251525878906,-0.0004283693269826472,-0.23579730093479156,-7.413428783416748,-8.215535163879395,0.14950236678123474,0.0,0.0,0.2476361095905304,,,
29,74249,-0.07824897766113281,0.9853404760360718,0.4933027923107147,-0.3556251525878906,-0.0004283693269826472,-0.28108200430870056,-7.5457763671875,-8.302861213684082,0.1494600623846054,0.0,0.0,0.24749775230884552,,,
29,74299,-0.07824897766113281,0.9853404760360718,0.4933027923107147,0.14123916625976562,0.0001694322854746133,-0.29456308484077454,-7.425747871398926,-8.237459182739258,0.15019968152046204,0.0,0.0,0.25290021300315857,,,
29,74349,-0.07824897766113281,0.9853404760360718,0.4933027923107147,0.4487037658691406,0.0005435007042251527,-0.3026175796985626,-7.35927677154541,-8.266955375671387,0.1501384973526001,0.0,0.0,0.24845418334007263,,,
29,74399,-0.07824897766113281,0.9853404760360718,0.4933027923107147,-0.19502639770507812,-0.0002362243685638532,-0.29442253708839417,-7.475476264953613,-8.26055908203125,0.1503513753414154,0.0,0.0,0.25528666377067566,,,
29,74449,-0.07824897766113281,0.9853404760360718,0.4933027923107147,-0.19502639770507812,-0.0002362243685638532,-0.2645014822483063,-7.411890983581543,-8.239045143127441,0.15774884819984436,0.0,0.0,0.25718262791633606,,,
29,74499,-0.07824897766113281,0.9853404760360718,0.4933027923107147,-0.19502639770507812,-0.0002362243685638532,-0.24725760519504547,-7.304738521575928,-8.26300048828125,0.1513802707195282,0.0,0.0,0.2501074969768524,,,
29,74549,-0.07824897766113281,0.9853404760360718,0.4933027923107147,-0.3130912780761719,-0.00037664390401914716,-0.31940457224845886,-7.458207130432129,-8.21621322631836,0.15060798823833466,0.0,0.0,0.24925009906291962,,,
29,74599,-0.07824897766113281,0.9853404760360718,0.4933027923107147,-0.12483596801757812,-0.00015186949167400599,-0.26117727160453796,-7.436846733093262,-8.266817092895508,0.15198452770709991,0.0,0.0,0.2506362199783325,,,
29,74649,-0.07824897766113281,0.9853404760360718,0.4933027923107147,-0.12483596801757812,-0.00015186949167400599,-0.263375848531723,-7.45152473449707,-8.255515098571777,0.15075314044952393,0.0,0.0,0.24928216636180878,,,
29,74699,-0.049841880798339844,0.9856549501419067,0.49360233545303345,0.4036903381347656,0.0004875242302659899,-0.2864544689655304,-7.46962833404541,-8.253786087036133,0.15140151977539062,0.0,0.0,0.24985305964946747,,,
29,74749,-0.049841880798339844,0.9856549501419067,0.49360233545303345,-0.020313262939453125,-2.4620090698590502e-05,-0.3564547002315521,-7.432088851928711,-8.250685691833496,0.3039235472679138,0.0,0.0,0.49670177698135376,,,
29,74799,-0.049841880798339844,0.9856549501419067,0.49360233545303345,-0.01316070556640625,-1.6009376849979162e-05,-0.26826414465904236,-7.393622875213623,-8.24992847442627,0.15080487728118896,0.0,0.0,0.2486611306667328,,,
29,74849,-0.049841880798339844,0.9856549501419067,0.49360233545303345,-0.01316070556640625,-1.6009376849979162e-05,-0.24979376792907715,-7.4267473220825195,-8.238320350646973,0.15093789994716644,0.0,0.0,0.24889302253723145,,,
29,74899,-0.049841880798339844,0.9856549501419067,0.49360233545303345,0.075531005859375,9.120733011513948e-05,-0.29467228055000305,-7.432693958282471,-8.236071586608887,0.1504075527191162,0.0,0.0,0.2485438883304596,,,
29,74949,-0.049841880798339844,0.9856549501419067,0.49360233545303345,0.075531005859375,9.120733011513948e-05,-0.24124003946781158,-7.505868911743164,-8.313668251037598,0.1500348299741745,0.0,0.0,0.24805505573749542,,,
29,74999,-0.049841880798339844,0.9856549501419067,0.49360233545303345,0.075531005859375,9.120733011513948e-05,-0.28322532773017883,-7.292147636413574,-8.226973533630371,0.15272611379623413,0.0,0.0,0.25139227509498596,,,
29,74999,,,,,,,,,,,,,-7.863751411437988,-7.97691011428833,-8.20457935333252
30,75049,,,,0.107574462890625,0.0001295667461818084,-0.23602809011936188,-7.1441545486450195,-8.269441604614258,0.1518915891647339,0.0,0.0,0.25097355246543884,,,
30,75099,,,,0.107574462890625,0.0001295667461818084,-0.42148956656455994,-7.508119106292725,-8.243699073791504,0.15004132688045502,0.0,0.0,0.2562394440174103,,,
30,75149,,,,0.107574462890625,0.0001295667461818084,-0.2808469831943512,-7.288476943969727,-8.227161407470703,0.15110549330711365,0.0,0.0,0.24980749189853668,,,
30,75199,,,,0.107574462890625,0.0001295667461818084,-0.25523829460144043,-7.446415424346924,-8.237129211425781,0.15085364878177643,0.0,0.0,0.24951450526714325,,,
30,75249,,,,0.107574462890625,0.0001295667461818084,-0.3494347929954529,-7.343045711517334,-8.224358558654785,0.1481916606426239,0.0,0.0,0.24676087498664856,,,
30,75299,,,,0.107574462890625,0.0001295667461818084,-0.2517645061016083,-7.3727126121521,-8.320666313171387,0.1527056246995926,0.0,0.0,0.2580789625644684,,,
30,75349,,,,0.107574462890625,0.0001295667461818084,-0.3048749566078186,-7.518134117126465,-8.244091987609863,0.15251301229000092,0.0,0.0,0.25163766741752625,,,
30,75399,,,,0.107574462890625,0.0001295667461818084,-0.2528574764728546,-7.352685928344727,-8.217203140258789,0.15028278529644012,0.0,0.0,0.2571781575679779,,,
30,75449,,,,0.107574462890625,0.0001295667461818084,-0.2879222333431244,-7.540653228759766,-8.266433715820312,0.15269595384597778,0.0,0.0,0.25178831815719604,,,
30,75499,,,,0.107574462890625,0.0001295667461818084,-0.3058639168739319,-7.363123893737793,-8.235675811767578,0.1530042290687561,0.0,0.0,0.25213178992271423,,,
30,75549,,,,0.107574462890625,0.0001295667461818084,-0.2830573618412018,-7.588022232055664,-8.283289909362793,0.15336869657039642,0.0,0.0,0.257489949464798,,,
30,75599,,,,-0.059795379638671875,-7.258037658175454e-05,-0.36798998713493347,-7.288217544555664,-8.259096145629883,0.1530630886554718,0.0,0.0,0.2523374855518341,,,
30,75649,,,,-0.059795379638671875,-7.258037658175454e-05,-0.2875092327594757,-7.401461124420166,-8.223124504089355,0.20645980536937714,0.0,0.0,0.307631254196167,,,
30,75699,,,,0.027561187744140625,3.332941923872568e-05,-0.259009450674057,-7.445563793182373,-8.269851684570312,0.14940431714057922,0.0,0.0,0.24799099564552307,,,
30,75749,,,,0.027561187744140625,3.332941923872568e-05,-0.3229079246520996,-7.369762420654297,-8.249832153320312,0.15075595676898956,0.0,0.0,0.25221237540245056,,,
30,75799,,,,0.027561187744140625,3.332941923872568e-05,-0.2724493741989136,-7.271637916564941,-8.19228744506836,0.14712223410606384,0.0,0.0,0.24560287594795227,,,
30,75849,,,,-0.21219253540039062,-0.0002563344605732709,-0.26848047971725464,-7.425444602966309,-8.28243350982666,0.1493823230266571,0.0,0.0,0.256780207157135,,,
30,75899,-0.0695047378540039,0.9853025078773499,0.49380090832710266,0.2239227294921875,0.0002702396013773978,-0.35334306955337524,-7.2289628982543945,-8.243977546691895,0.1525101512670517,0.0,0.0,0.2515130937099457,,,
30,75949,-0.0695047378540039,0.9853025078773499,0.49380090832710266,0.2239227294921875,0.0002702396013773978,-0.3306509256362915,-7.143210411071777,-8.225362777709961,0.15218223631381989,0.0,0.0,0.25445717573165894,,,
30,75999,-0.0695047378540039,0.9853025078773499,0.49380090832710266,0.2239227294921875,0.0002702396013773978,-0.2356293797492981,-7.273216247558594,-8.298171043395996,0.15233363211154938,0.0,0.0,0.25101956725120544,,,
30,76049,-0.0695047378540039,0.9853025078773499,0.49380090832710266,0.2239227294921875,0.0002702396013773978,-0.2741379141807556,-7.347594261169434,-8.270837783813477,0.1517832726240158,0.0,0.0,0.2501140236854553,,,
30,76099,-0.0695047378540039,0.9853025078773499,0.49380090832710266,0.2239227294921875,0.0002702396013773978,-0.2527742385864258,-7.540273666381836,-8.26297664642334,0.1543927788734436,0.0,0.0,0.2528117895126343,,,
30,76149,-0.0695047378540039,0.9853025078773499,0.49380090832710266,0.2239227294921875,0.0002702396013773978,-0.2682326138019562,-7.270074844360352,-8.232428550720215,0.15599404275417328,0.0,0.0,0.2550797462463379,,,
30,76199,-0.0695047378540039,0.9853025078773499,0.49380090832710266,0.2239227294921875,0.0002702396013773978,-0.28573381900787354,-7.40654182434082,-8.299365043640137,0.1546885222196579,0.0,0.0,0.25370317697525024,,,
30,76249,-0.0695047378540039,0.9853025078773499,0.49380090832710266,-0.4504203796386719,-0.0005442273686639965,-0.2603793740272522,-7.590973854064941,-8.280097007751465,0.15258319675922394,0.0,0.0,0.251094251871109,,,
30,76299,-0.0695047378540039,0.9853025078773499,0.49380090832710266,-0.4504203796386719,-0.0005442273686639965,-0.29740357398986816,-7.297074317932129,-8.212565422058105,0.1530783772468567,0.0,0.0,0.2519133985042572,,,
30,76349,-0.0695047378540039,0.9853025078773499,0.49380090832710266,-0.4504203796386719,-0.0005442273686639965,-0.22128765285015106,-7.6319427490234375,-8.241799354553223,0.15196307003498077,0.0,0.0,0.2504301965236664,,,
30,76399,-0.0695047378540039,0.9853025078773499,0.49380090832710266,0.08230209350585938,9.942222095560282e-05,-0.32736915349960327,-7.459114074707031,-8.267640113830566,0.15249161422252655,0.0,0.0,0.2521508038043976,,,
30,76449,-0.0695047378540039,0.9853025078773499,0.49380090832710266,0.08230209350585938,9.942222095560282e-05,-0.2652799189090729,-7.441360950469971,-8.262109756469727,0.15211555361747742,0.0,0.0,0.258723646402359,,,
30,76499,-0.0695047378540039,0.9853025078773499,0.49380090832710266,0.08230209350585938,9.942222095560282e-05,-0.33172741532325745,-7.391225814819336,-8.261929512023926,0.1526898741722107,0.0,0.0,0.2519579231739044,,,
30,76549,-0.0695047378540039,0.9853025078773499,0.49380090832710266,0.08230209350585938,9.942222095560282e-05,-0.24312520027160645,-7.58087158203125,-8.242452621459961,0.15322230756282806,0.0,0.0,0.2522704601287842,,,
30,76599,-0.0695047378540039,0.9853025078773499,0.49380090832710266,0.1934051513671875,0.00023475724447052926,-0.24622742831707,-7.287239074707031,-8.217422485351562,0.15416540205478668,0.0,0.0,0.2531414031982422,,,
30,76649,-0.0695047378540039,0.9853025078773499,0.49380090832710266,0.1934051513671875,0.00023475724447052926,-0.30144792795181274,-7.191498756408691,-8.203335762023926,0.15330789983272552,0.0,0.0,0.2522082030773163,,,
30,76699,-0.0695047378540039,0.9853025078773499,0.49380090832710266,0.1934051513671875,0.00023475724447052926,-0.26524826884269714,-7.521106243133545,-8.283803939819336,0.1533694714307785,0.0,0.0,0.2525011897087097,,,
30,76749,-0.0695047378540039,0.9853025078773499,0.49380090832710266,-0.2720832824707031,-0.0003307045844849199,-0.2524005174636841,-7.120785713195801,-8.25125789642334,0.1529434770345688,0.0,0.0,0.2519753873348236,,,
30,76799,-0.0695047378540039,0.9853025078773499,0.49380090832710266,-0.2720832824707031,-0.0003307045844849199,-0.37297800183296204,-7.491364002227783,-8.265304565429688,0.1526559740304947,0.0,0.0,0.25160181522369385,,,
30,76849,-0.0695047378540039,0.9853025078773499,0.49380090832710266,-0.2720832824707031,-0.0003307045844849199,-0.28150615096092224,-7.415909767150879,-8.198321342468262,0.15028949081897736,0.0,0.0,0.2486087679862976,,,
30,76899,-0.0695047378540039,0.9853025078773499,0.49380090832710266,-0.2720832824707031,-0.0003307045844849199,-0.2679768204689026,-7.135022163391113,-8.2473726272583,0.15182380378246307,0.0,0.0,0.25029993057250977,,,
30,76949,-0.0695047378540039,0.9853025078773499,0.49380090832710266,-0.011348724365234375,-1.3788644537271466e-05,-0.27288901805877686,-7.247041702270508,-8.27398681640625,0.1516164243221283,0.0,0.0,0.2504582703113556,,,
30,76999,-0.0695047378540039,0.9853025078773499,0.49380090832710266,-0.056552886962890625,-6.837085675215349e-05,-0.25109800696372986,-7.156229019165039,-8.226411819458008,0.15261971950531006,0.0,0.0,0.2514859735965729,,,
30,77049,-0.017859458923339844,0.9852123260498047,0.493473619222641,-0.3711700439453125,-0.0004460383497644216,-0.3286740183830261,-7.360023498535156,-8.275666236877441,0.15140686929225922,0.0,0.0,0.25759753584861755,,,
30,77099,-0.017859458923339844,0.9852123260498047,0.493473619222641,-0.3711700439453125,-0.0004460383497644216,-0.24892814457416534,-7.551801681518555,-8.27792739868164,0.15110699832439423,0.0,0.0,0.24916252493858337,,,
30,77149,-0.017859458923339844,0.9852123260498047,0.493473619222641,-0.3711700439453125,-0.0004460383497644216,-0.2669343054294586,-7.396093368530273,-8.23745346069336,0.15343596041202545,0.0,0.0,0.25176310539245605,,,
30,77199,-0.017859458923339844,0.9852123260498047,0.493473619222641,-0.3711700439453125,-0.0004460383497644216,-0.29802626371383667,-7.450214862823486,-8.259196281433105,0.17352606356143951,0.0,0.0,0.27209728956222534,,,
30,77249,-0.017859458923339844,0.9852123260498047,0.493473619222641,-0.3711700439453125,-0.0004460383497644216,-0.40723296999931335,-7.4016852378845215,-8.242833137512207,0.15373188257217407,0.0,0.0,0.260254442691803,,,
30,77299,-0.017859458923339844,0.9852123260498047,0.493473619222641,-0.3711700439453125,-0.0004460383497644216,-0.25405260920524597,-7.282442092895508,-8.275288581848145,0.1519457995891571,0.0,0.0,0.2508634626865387,,,
30,77349,-0.017859458923339844,0.9852123260498047,0.493473619222641,-0.3711700439453125,-0.0004460383497644216,-0.3022649586200714,-7.5363664627075195,-8.241422653198242,0.15075962245464325,0.0,0.0,0.2495395541191101,,,
30,77399,-0.017859458923339844,0.9852123260498047,0.493473619222641,-0.3711700439453125,-0.0004460383497644216,-0.34155386686325073,-7.503633975982666,-8.240781784057617,0.1493661105632782,0.0,0.0,0.24780988693237305,,,
30,77449,-0.017859458923339844,0.9852123260498047,0.493473619222641,-0.3711700439453125,-0.0004460383497644216,-0.31052806973457336,-7.235247611999512,-8.271062850952148,0.14941342175006866,0.0,0.0,0.24816648662090302,,,
30,77499,-0.017859458923339844,0.9852123260498047,0.493473619222641,0.041294097900390625,5.0351907702861354e-05,-0.24897895753383636,-7.152970314025879,-8.238481521606445,0.149491086602211,0.0,0.0,0.24791738390922546,,,
30,77499,,,,,,,,,,,,,-7.8645453453063965,-7.975971221923828,-8.194670677185059
31,77549,,,,,,-0.300486296415329,-7.44059944152832,-8.30471134185791,0.15029026567935944,0.0,0.0,0.24936886131763458,,,
31,77599,,,,0.5552291870117188,0.0006729259621351957,-0.2510116994380951,-7.335108757019043,-8.18040657043457,0.15107610821723938,0.0,0.0,0.2505320608615875,,,
31,77649,,,,0.5552291870117188,0.0006729259621351957,-0.2864992916584015,-7.489490032196045,-8.256948471069336,0.15018482506275177,0.0,0.0,0.24923349916934967,,,
31,77699,,,,0.25501251220703125,0.0003091331454925239,-0.23504717648029327,-7.41916561126709,-8.298662185668945,0.1509864628314972,0.0,0.0,0.2500399649143219,,,
31,77749,,,,0.25501251220703125,0.0003091331454925239,-0.3022090196609497,-7.477510452270508,-8.234359741210938,0.148846834897995,0.0,0.0,0.24740219116210938,,,
31,77799,,,,0.25501251220703125,0.0003091331454925239,-0.23360411822795868,-7.397489070892334,-8.23926830291748,0.15059493482112885,0.0,0.0,0.24914292991161346,,,
31,77849,,,,0.25501251220703125,0.0003091331454925239,-0.24134467542171478,-7.321467399597168,-8.171063423156738,0.1499011218547821,0.0,0.0,0.24891383945941925,,,
31,77899,,,,0.25501251220703125,0.0003091331454925239,-0.4504472315311432,-7.15434455871582,-8.281926155090332,0.14977817237377167,0.0,0.0,0.24836143851280212,,,
31,77949,,,,0.03814697265625,4.626096415449865e-05,-0.2964014410972595,-7.5134358406066895,-8.215652465820312,0.15062877535820007,0.0,0.0,0.24974487721920013,,,
31,77999,,,,0.03814697265625,4.626096415449865e-05,-0.3107199966907501,-7.320189476013184,-8.292951583862305,0.15109680593013763,0.0,0.0,0.2502705454826355,,,
31,78049,,,,0.03814697265625,4.626096415449865e-05,-0.19977952539920807,-7.268803119659424,-8.204212188720703,0.15054923295974731,0.0,0.0,0.24964696168899536,,,
31,78099,,,,0.0827789306640625,0.0001009054685709998,-0.20688281953334808,-7.423212051391602,-8.241206169128418,0.15126290917396545,0.0,0.0,0.2503700256347656,,,
31,78149,,,,0.0827789306640625,0.0001009054685709998,-0.236886665225029,-7.428582191467285,-8.202022552490234,0.1530519723892212,0.0,0.0,0.2519938349723816,,,
31,78199,,,,0.041961669921875,5.0816939619835466e-05,-0.31733468174934387,-7.402003288269043,-8.241548538208008,0.15538547933101654,0.0,0.0,0.26226183772087097,,,
31,78249,,,,0.16489028930664062,0.0001991525205085054,-0.2514055669307709,-7.299478054046631,-8.179146766662598,0.1533353179693222,0.0,0.0,0.25230929255485535,,,
31,78299,0.00032138824462890625,0.9855315685272217,0.4935230314731598,-0.2536773681640625,-0.0003084656491409987,-0.2625609040260315,-7.570217609405518,-8.260725021362305,0.15248504281044006,0.0,0.0,0.25135812163352966,,,
31,78349,0.00032138824462890625,0.9855315685272217,0.4935230314731598,0.09670257568359375,0.00011763573274947703,-0.26478296518325806,-7.417526721954346,-8.223320007324219,0.1499374806880951,0.0,0.0,0.24716772139072418,,,
31,78399,0.00032138824462890625,0.9855315685272217,0.4935230314731598,0.09670257568359375,0.00011763573274947703,-0.2696402668952942,-7.434325218200684,-8.224721908569336,0.15036073327064514,0.0,0.0,0.2540624737739563,,,
31,78449,0.00032138824462890625,0.9855315685272217,0.4935230314731598,0.09670257568359375,0.00011763573274947703,-0.2504986524581909,-7.422356128692627,-8.240551948547363,0.15120622515678406,0.0,0.0,0.2493559569120407,,,
31,78499,0.00032138824462890625,0.9855315685272217,0.4935230314731598,0.09670257568359375,0.00011763573274947703,-0.25307103991508484,-7.467955112457275,-8.24887752532959,0.1518997699022293,0.0,0.0,0.2502596378326416,,,
31,78549,0.00032138824462890625,0.9855315685272217,0.4935230314731598,-0.6832122802734375,-0.0008254849235527217,-0.24136917293071747,-7.224106788635254,-8.246756553649902,0.15239515900611877,0.0,0.0,0.2590126395225525,,,
31,78599,0.00032138824462890625,0.9855315685272217,0.4935230314731598,-0.6832122802734375,-0.0008254849235527217,-0.21693290770053864,-7.430356979370117,-8.235374450683594,0.15163512527942657,0.0,0.0,0.2559256851673126,,,
31,78649,0.00032138824462890625,0.9855315685272217,0.4935230314731598,-0.6832122802734375,-0.0008254849235527217,-0.3221750557422638,-7.378547668457031,-8.17462158203125,0.15156947076320648,0.0,0.0,0.25016775727272034,,,
31,78699,0.00032138824462890625,0.9855315685272217,0.4935230314731598,-0.6832122802734375,-0.0008254849235527217,-0.29789674282073975,-7.200104713439941,-8.21291446685791,0.1514333188533783,0.0,0.0,0.25006505846977234,,,
31,78749,0.00032138824462890625,0.9855315685272217,0.4935230314731598,-0.6832122802734375,-0.0008254849235527217,-0.23711378872394562,-7.319088935852051,-8.271084785461426,0.1513085663318634,0.0,0.0,0.24976924061775208,,,
31,78799,0.00032138824462890625,0.9855315685272217,0.4935230314731598,-0.0030517578125,-3.7380173125711735e-06,-0.3234001100063324,-7.530467987060547,-8.24926471710205,0.1515011489391327,0.0,0.0,0.2500585615634918,,,
31,78849,0.00032138824462890625,0.9855315685272217,0.4935230314731598,-0.0030517578125,-3.7380173125711735e-06,-0.2088283747434616,-7.577340602874756,-8.273606300354004,0.15039680898189545,0.0,0.0,0.2490389347076416,,,
31,78899,0.00032138824462890625,0.9855315685272217,0.4935230314731598,-0.0030517578125,-3.7380173125711735e-06,-0.28649628162384033,-7.32685661315918,-8.258444786071777,0.15039362013339996,0.0,0.0,0.24853818118572235,,,
31,78949,0.00032138824462890625,0.9855315685272217,0.4935230314731598,0.043773651123046875,5.319232150213793e-05,-0.25347059965133667,-7.445102691650391,-8.26439380645752,0.15288145840168,0.0,0.0,0.2517797350883484,,,
31,78999,0.00032138824462890625,0.9855315685272217,0.4935230314731598,0.043773651123046875,5.319232150213793e-05,-0.27494606375694275,-7.54574728012085,-8.25775146484375,0.1529989093542099,0.0,0.0,0.25149524211883545,,,
31,79049,0.00032138824462890625,0.9855315685272217,0.4935230314731598,0.043773651123046875,5.319232150213793e-05,-0.30274906754493713,-7.298687934875488,-8.24378776550293,0.15265291929244995,0.0,0.0,0.2508167624473572,,,
31,79099,0.00032138824462890625,0.9855315685272217,0.4935230314731598,0.043773651123046875,5.319232150213793e-05,-0.3092493414878845,-7.600396156311035,-8.295809745788574,0.15439705550670624,0.0,0.0,0.2530636787414551,,,
31,79149,0.00032138824462890625,0.9855315685272217,0.4935230314731598,-0.10919570922851562,-0.0001336830173386261,-0.24438558518886566,-7.5032429695129395,-8.247323989868164,0.1530933678150177,0.0,0.0,0.2519051432609558,,,
31,79199,0.00032138824462890625,0.9855315685272217,0.4935230314731598,0.12426376342773438,0.00015067312051542103,-0.2666180431842804,-7.539650917053223,-8.22955322265625,0.1514451801776886,0.0,0.0,0.25006741285324097,,,
31,79249,0.00032138824462890625,0.9855315685272217,0.4935230314731598,-0.8305549621582031,-0.0010128339054062963,-0.25954797863960266,-7.493462562561035,-8.237610816955566,0.15482285618782043,0.0,0.0,0.2539711892604828,,,
31,79299,0.00032138824462890625,0.9855315685272217,0.4935230314731598,-0.8305549621582031,-0.0010128339054062963,-0.2820901572704315,-7.357926368713379,-8.274645805358887,0.15269595384597778,0.0,0.0,0.2515379786491394,,,
31,79349,0.0987997055053711,0.985246479511261,0.4932132661342621,-0.096893310546875,-0.00011794425518019125,-0.24055661261081696,-7.360999584197998,-8.236092567443848,0.15210828185081482,0.0,0.0,0.2504827380180359,,,
31,79399,0.0987997055053711,0.985246479511261,0.4932132661342621,-0.096893310546875,-0.00011794425518019125,-0.29517221450805664,-7.163552284240723,-8.264898300170898,0.1538691371679306,0.0,0.0,0.2517338991165161,,,
31,79449,0.0987997055053711,0.985246479511261,0.4932132661342621,-0.096893310546875,-0.00011794425518019125,-0.290993332862854,-7.337131500244141,-8.304691314697266,0.15459990501403809,0.0,0.0,0.25286558270454407,,,
31,79499,0.0987997055053711,0.985246479511261,0.4932132661342621,0.39825439453125,0.00048202244215644896,-0.28175538778305054,-7.2287092208862305,-8.231752395629883,0.1518782526254654,0.0,0.0,0.24985578656196594,,,
31,79549,0.0987997055053711,0.985246479511261,0.4932132661342621,0.39825439453125,0.00048202244215644896,-0.24172575771808624,-7.2652668952941895,-8.182758331298828,0.15477024018764496,0.0,0.0,0.2583804726600647,,,
31,79599,0.0987997055053711,0.985246479511261,0.4932132661342621,0.39825439453125,0.00048202244215644896,-0.27920374274253845,-7.390858173370361,-8.299870491027832,0.15041644871234894,0.0,0.0,0.24870751798152924,,,
