epoch,lr-Adam,step,time/epoch (s),time/inter_step (ms),time/intra_step (ms),train/loss,train/max_reward,train/reward,train/sll_loss,val/max_reward,val/reward
,0.0003,0,,,,,,,,,
,,49,,,712.5766277313232,,,,,,
,,49,,12.346267700195312,,,,,,,
0,,49,,,,5.164036750793457,-103.32238006591797,-104.79356384277344,5.164036750793457,,
,,99,,,724.5252132415771,,,,,,
,,99,,30.37428855895996,,,,,,,
0,,99,,,,6.74697732925415,-99.26647186279297,-99.67330169677734,6.74697732925415,,
,,149,,,727.5981903076172,,,,,,
,,149,,12.268781661987305,,,,,,,
0,,149,,,,3.6502089500427246,-103.48332977294922,-106.12052154541016,3.6502089500427246,,
,,199,,,728.4891605377197,,,,,,
,,199,,29.827117919921875,,,,,,,
0,,199,,,,3.6752331256866455,-102.13667297363281,-102.56645965576172,3.6752331256866455,,
,,249,,,727.506160736084,,,,,,
,,249,,12.758016586303711,,,,,,,
0,,249,,,,3.674837589263916,-102.08643341064453,-102.47341918945312,3.674837589263916,,
,,299,,,725.6238460540771,,,,,,
,,299,,28.760433197021484,,,,,,,
0,,299,,,,3.6625256538391113,-105.22864532470703,-105.61450958251953,3.6625256538391113,,
,,349,,,720.3974723815918,,,,,,
,,349,,12.103557586669922,,,,,,,
0,,349,,,,3.642143487930298,-103.1209716796875,-103.4858169555664,3.642143487930298,,
,,399,,,723.6020565032959,,,,,,
,,399,,30.81989288330078,,,,,,,
0,,399,,,,3.6685867309570312,-102.40203857421875,-102.85823822021484,3.6685867309570312,,
,,449,,,721.6229438781738,,,,,,
,,449,,12.563467025756836,,,,,,,
0,,449,,,,3.8693621158599854,-104.64735412597656,-105.39370727539062,3.8693621158599854,,
,,499,,,727.4429798126221,,,,,,
,,499,,30.625343322753906,,,,,,,
0,,499,,,,3.6460745334625244,-104.29747009277344,-104.73589324951172,3.6460745334625244,,
,,549,,,727.0791530609131,,,,,,
,,549,,11.798858642578125,,,,,,,
0,,549,,,,3.6783549785614014,-100.19419860839844,-100.8446273803711,3.6783549785614014,,
,,599,,,732.764720916748,,,,,,
,,599,,29.052257537841797,,,,,,,
0,,599,,,,3.6573972702026367,-103.2821044921875,-103.70929718017578,3.6573972702026367,,
,,649,,,723.6442565917969,,,,,,
,,649,,11.972427368164062,,,,,,,
0,,649,,,,3.6471376419067383,-103.63899993896484,-103.92266082763672,3.6471376419067383,,
,,699,,,727.7147769927979,,,,,,
,,699,,29.74724769592285,,,,,,,
0,,699,,,,3.6436376571655273,-103.86213684082031,-104.25165557861328,3.6436376571655273,,
,,749,,,721.2889194488525,,,,,,
,,749,,12.269020080566406,,,,,,,
0,,749,,,,3.6498544216156006,-104.21304321289062,-104.58214569091797,3.6498544216156006,,
,,799,,,727.2007465362549,,,,,,
,,799,,29.948711395263672,,,,,,,
0,,799,,,,3.6478819847106934,-102.67445373535156,-102.91459655761719,3.6478819847106934,,
,,849,,,732.8219413757324,,,,,,
,,849,,12.43281364440918,,,,,,,
0,,849,,,,3.6519954204559326,-106.49009704589844,-106.84410095214844,3.6519954204559326,,
,,899,,,730.5624485015869,,,,,,
,,899,,29.75153923034668,,,,,,,
0,,899,,,,3.6470413208007812,-105.98784637451172,-106.60672760009766,3.6470413208007812,,
,,949,,,724.2357730865479,,,,,,
,,949,,12.34745979309082,,,,,,,
0,,949,,,,3.6418070793151855,-105.93352508544922,-106.61632537841797,3.6418070793151855,,
,,999,,,717.5896167755127,,,,,,
,,999,,30.429601669311523,,,,,,,
0,,999,,,,3.6399786472320557,-101.16049194335938,-101.77928161621094,3.6399786472320557,,
,,1049,,,718.625545501709,,,,,,
,,1049,,12.033462524414062,,,,,,,
0,,1049,,,,3.6561667919158936,-104.73928833007812,-105.47677612304688,3.6561667919158936,,
,,1099,,,717.2839641571045,,,,,,
,,1099,,30.827760696411133,,,,,,,
0,,1099,,,,3.6446352005004883,-99.88401794433594,-100.75716400146484,3.6446352005004883,,
,,1149,,,734.7309589385986,,,,,,
,,1149,,11.409282684326172,,,,,,,
0,,1149,,,,3.6775777339935303,-101.55982971191406,-102.12245178222656,3.6775777339935303,,
,,1199,,,718.132495880127,,,,,,
,,1199,,30.617713928222656,,,,,,,
0,,1199,,,,3.651526927947998,-105.0274658203125,-106.17962646484375,3.651526927947998,,
,,1249,,,728.7721633911133,,,,,,
,,1249,,12.367010116577148,,,,,,,
0,,1249,,,,3.6461620330810547,-102.34385681152344,-102.88018035888672,3.6461620330810547,,
,,1299,,,735.2230548858643,,,,,,
,,1299,,29.796361923217773,,,,,,,
0,,1299,,,,3.6439125537872314,-106.65849304199219,-107.14686584472656,3.6439125537872314,,
,,1349,,,721.6064929962158,,,,,,
,,1349,,11.936426162719727,,,,,,,
0,,1349,,,,3.6574482917785645,-101.07719421386719,-101.45206451416016,3.6574482917785645,,
,,1399,,,734.4279289245605,,,,,,
,,1399,,29.851198196411133,,,,,,,
0,,1399,,,,3.645268201828003,-106.62791442871094,-106.89756774902344,3.645268201828003,,
,,1449,,,733.2909107208252,,,,,,
,,1449,,12.646198272705078,,,,,,,
0,,1449,,,,3.6451759338378906,-101.82424926757812,-102.02738189697266,3.6451759338378906,,
,,1499,,,721.6885089874268,,,,,,
,,1499,,30.540943145751953,,,,,,,
0,,1499,,,,3.642106533050537,-105.42900085449219,-105.7103271484375,3.642106533050537,,
,,1549,,,726.7189025878906,,,,,,
,,1549,,12.458324432373047,,,,,,,
0,,1549,,,,3.6671392917633057,-102.16427612304688,-102.97343444824219,3.6671392917633057,,
0,,1562,,,,,,,,-103.80026245117188,-104.34236145019531
,,1563,1363.0255210399628,,,,,,,,
,0.0003,1563,,,,,,,,,
,,1599,,,704.3092250823975,,,,,,
,,1599,,30.519485473632812,,,,,,,
1,,1599,,,,3.659611463546753,-95.73371887207031,-98.2298583984375,3.659611463546753,,
,,1649,,,722.2368717193604,,,,,,
,,1649,,12.370824813842773,,,,,,,
1,,1649,,,,3.67825984954834,-106.73206329345703,-107.47943878173828,3.67825984954834,,
,,1699,,,732.0656776428223,,,,,,
,,1699,,30.529499053955078,,,,,,,
1,,1699,,,,3.6398167610168457,-103.6229248046875,-103.7059326171875,3.6398167610168457,,
,,1749,,,724.4381904602051,,,,,,
,,1749,,12.35198974609375,,,,,,,
1,,1749,,,,3.641268253326416,-106.51104736328125,-107.59197235107422,3.641268253326416,,
,,1799,,,722.1806049346924,,,,,,
,,1799,,28.74016761779785,,,,,,,
1,,1799,,,,3.6376965045928955,-104.59561157226562,-105.00349426269531,3.6376965045928955,,
,,1849,,,727.1473407745361,,,,,,
,,1849,,12.032747268676758,,,,,,,
1,,1849,,,,3.6828391551971436,-98.17293548583984,-103.18636322021484,3.6828391551971436,,
,,1899,,,731.1708927154541,,,,,,
,,1899,,31.825542449951172,,,,,,,
1,,1899,,,,3.6668577194213867,-100.63250732421875,-102.82294464111328,3.6668577194213867,,
,,1949,,,713.0038738250732,,,,,,
,,1949,,11.840343475341797,,,,,,,
1,,1949,,,,3.6593382358551025,-104.07647705078125,-104.373291015625,3.6593382358551025,,
,,1999,,,732.7756881713867,,,,,,
,,1999,,30.20167350769043,,,,,,,
1,,1999,,,,3.6352527141571045,-106.3114013671875,-106.65352630615234,3.6352527141571045,,
,,2049,,,738.3074760437012,,,,,,
,,2049,,11.957168579101562,,,,,,,
1,,2049,,,,3.63922119140625,-107.88471221923828,-107.92440795898438,3.63922119140625,,
,,2099,,,744.9634075164795,,,,,,
,,2099,,32.88149833679199,,,,,,,
1,,2099,,,,3.636194944381714,-103.05467224121094,-103.17646026611328,3.636194944381714,,
,,2149,,,723.5467433929443,,,,,,
,,2149,,11.61956787109375,,,,,,,
1,,2149,,,,3.6381471157073975,-102.93073272705078,-102.93074035644531,3.6381471157073975,,
,,2199,,,718.9817428588867,,,,,,
,,2199,,30.00497817993164,,,,,,,
1,,2199,,,,3.6371848583221436,-102.67576599121094,-102.70929718017578,3.6371848583221436,,
,,2249,,,727.219820022583,,,,,,
,,2249,,11.824369430541992,,,,,,,
1,,2249,,,,3.6374855041503906,-105.42902374267578,-105.4356918334961,3.6374855041503906,,
,,2299,,,731.2383651733398,,,,,,
,,2299,,29.77299690246582,,,,,,,
1,,2299,,,,3.6357645988464355,-105.6739273071289,-105.94734954833984,3.6357645988464355,,
,,2349,,,736.868143081665,,,,,,
,,2349,,12.540578842163086,,,,,,,
1,,2349,,,,3.635863780975342,-104.8341064453125,-105.12992095947266,3.635863780975342,,
,,2399,,,728.6453247070312,,,,,,
,,2399,,29.51335906982422,,,,,,,
1,,2399,,,,3.636212110519409,-100.68364715576172,-100.82691955566406,3.636212110519409,,
,,2449,,,728.3844947814941,,,,,,
,,2449,,11.877298355102539,,,,,,,
1,,2449,,,,3.6372129917144775,-103.77456665039062,-103.82186126708984,3.6372129917144775,,
,,2499,,,726.7241477966309,,,,,,
,,2499,,29.384851455688477,,,,,,,
1,,2499,,,,3.6381068229675293,-105.6387939453125,-105.6387939453125,3.6381068229675293,,
,,2549,,,726.0081768035889,,,,,,
,,2549,,12.083768844604492,,,,,,,
1,,2549,,,,3.638247489929199,-105.18961334228516,-105.18961334228516,3.638247489929199,,
,,2599,,,727.574348449707,,,,,,
,,2599,,29.497861862182617,,,,,,,
1,,2599,,,,3.6376163959503174,-101.11808013916016,-101.11808013916016,3.6376163959503174,,
,,2649,,,718.1944847106934,,,,,,
,,2649,,11.432886123657227,,,,,,,
1,,2649,,,,3.637228012084961,-105.84859466552734,-105.87540435791016,3.637228012084961,,
,,2699,,,726.1512279510498,,,,,,
,,2699,,30.585289001464844,,,,,,,
1,,2699,,,,3.6380937099456787,-101.39720153808594,-101.43726348876953,3.6380937099456787,,
,,2749,,,723.7143516540527,,,,,,
,,2749,,12.152910232543945,,,,,,,
1,,2749,,,,3.637860059738159,-102.19529724121094,-102.1953125,3.637860059738159,,
,,2799,,,727.3538112640381,,,,,,
,,2799,,27.788877487182617,,,,,,,
1,,2799,,,,3.6374523639678955,-103.39684295654297,-103.43093872070312,3.6374523639678955,,
,,2849,,,724.3847846984863,,,,,,
,,2849,,12.176752090454102,,,,,,,
1,,2849,,,,3.6389153003692627,-106.02020263671875,-106.03663635253906,3.6389153003692627,,
,,2899,,,712.2006416320801,,,,,,
,,2899,,29.955625534057617,,,,,,,
1,,2899,,,,3.636981725692749,-105.2469253540039,-105.2874984741211,3.636981725692749,,
,,2949,,,719.057559967041,,,,,,
,,2949,,12.547016143798828,,,,,,,
1,,2949,,,,3.6366372108459473,-105.35015869140625,-105.44217681884766,3.6366372108459473,,
,,2999,,,724.6675491333008,,,,,,
,,2999,,29.738426208496094,,,,,,,
1,,2999,,,,3.63782000541687,-103.89228820800781,-103.89230346679688,3.63782000541687,,
,,3049,,,718.4572219848633,,,,,,
,,3049,,11.987686157226562,,,,,,,
1,,3049,,,,3.6356687545776367,-104.37751770019531,-104.43586730957031,3.6356687545776367,,
,,3099,,,720.1151847839355,,,,,,
,,3099,,30.655622482299805,,,,,,,
1,,3099,,,,3.637828826904297,-105.49230194091797,-105.4923095703125,3.637828826904297,,
1,,3125,,,,,,,,-103.73145294189453,-104.34523010253906
,,3126,1362.3918244838715,,,,,,,,
,0.0003,3126,,,,,,,,,
,,3149,,,720.2959060668945,,,,,,
,,3149,,13.069391250610352,,,,,,,
2,,3149,,,,3.6370420455932617,-104.3515396118164,-104.40995788574219,3.6370420455932617,,
,,3199,,,735.6584072113037,,,,,,
,,3199,,30.321121215820312,,,,,,,
2,,3199,,,,3.637598752975464,-106.36084747314453,-106.36085510253906,3.637598752975464,,
,,3249,,,724.6809005737305,,,,,,
,,3249,,11.162042617797852,,,,,,,
2,,3249,,,,3.6374311447143555,-109.03575897216797,-109.03575897216797,3.6374311447143555,,
,,3299,,,725.8224487304688,,,,,,
,,3299,,30.582904815673828,,,,,,,
2,,3299,,,,3.637561321258545,-102.73501586914062,-102.75847625732422,3.637561321258545,,
,,3349,,,728.2788753509521,,,,,,
,,3349,,12.573003768920898,,,,,,,
2,,3349,,,,3.63651180267334,-105.50112915039062,-105.57205963134766,3.63651180267334,,
,,3399,,,724.1408824920654,,,,,,
,,3399,,30.141115188598633,,,,,,,
2,,3399,,,,3.6387932300567627,-103.8984375,-103.89844512939453,3.6387932300567627,,
,,3449,,,729.9289703369141,,,,,,
,,3449,,12.32457160949707,,,,,,,
2,,3449,,,,3.637667179107666,-104.66635131835938,-104.72942352294922,3.637667179107666,,
,,3499,,,721.0173606872559,,,,,,
,,3499,,30.4718017578125,,,,,,,
2,,3499,,,,3.637415647506714,-102.06311798095703,-102.06312561035156,3.637415647506714,,
,,3549,,,717.1993255615234,,,,,,
,,3549,,12.069225311279297,,,,,,,
2,,3549,,,,3.637974739074707,-104.49591827392578,-104.49591827392578,3.637974739074707,,
,,3599,,,719.437837600708,,,,,,
,,3599,,30.90643882751465,,,,,,,
2,,3599,,,,3.637401580810547,-103.8652572631836,-103.86524963378906,3.637401580810547,,
,,3649,,,739.7339344024658,,,,,,
,,3649,,12.140750885009766,,,,,,,
2,,3649,,,,3.637709856033325,-104.22256469726562,-104.28287506103516,3.637709856033325,,
,,3699,,,719.5427417755127,,,,,,
,,3699,,30.633211135864258,,,,,,,
2,,3699,,,,3.637451171875,-103.37733459472656,-103.402587890625,3.637451171875,,
,,3749,,,713.1288051605225,,,,,,
,,3749,,12.557506561279297,,,,,,,
2,,3749,,,,3.637308359146118,-102.22542572021484,-102.2254409790039,3.637308359146118,,
,,3799,,,714.0645980834961,,,,,,
,,3799,,30.182838439941406,,,,,,,
2,,3799,,,,3.637606143951416,-101.78143310546875,-101.78144073486328,3.637606143951416,,
,,3849,,,731.2190532684326,,,,,,
,,3849,,11.951446533203125,,,,,,,
2,,3849,,,,3.636542797088623,-103.40882873535156,-103.4676513671875,3.636542797088623,,
,,3899,,,724.5254516601562,,,,,,
,,3899,,30.910253524780273,,,,,,,
2,,3899,,,,3.637568473815918,-103.23390197753906,-103.23391723632812,3.637568473815918,,
,,3949,,,712.9344940185547,,,,,,
,,3949,,12.199163436889648,,,,,,,
2,,3949,,,,3.6375367641448975,-102.9184799194336,-102.91847229003906,3.6375367641448975,,
,,3999,,,723.1595516204834,,,,,,
,,3999,,30.52043914794922,,,,,,,
2,,3999,,,,3.6372833251953125,-103.10488891601562,-103.16926574707031,3.6372833251953125,,
,,4049,,,709.6962928771973,,,,,,
,,4049,,12.502193450927734,,,,,,,
2,,4049,,,,3.6372694969177246,-98.78197479248047,-98.79489135742188,3.6372694969177246,,
,,4099,,,724.2169380187988,,,,,,
,,4099,,29.735088348388672,,,,,,,
2,,4099,,,,3.637603759765625,-100.91616821289062,-101.01349639892578,3.637603759765625,,
,,4149,,,724.9956130981445,,,,,,
,,4149,,12.185096740722656,,,,,,,
2,,4149,,,,3.6384127140045166,-105.49920654296875,-105.52139282226562,3.6384127140045166,,
,,4199,,,725.0885963439941,,,,,,
,,4199,,30.45964241027832,,,,,,,
2,,4199,,,,3.637455940246582,-105.51512145996094,-105.5151138305664,3.637455940246582,,
,,4249,,,718.8699245452881,,,,,,
,,4249,,11.92164421081543,,,,,,,
2,,4249,,,,3.637934446334839,-106.92742156982422,-106.92743682861328,3.637934446334839,,
,,4299,,,714.2994403839111,,,,,,
,,4299,,29.64496612548828,,,,,,,
2,,4299,,,,3.6376876831054688,-102.88105773925781,-102.88105010986328,3.6376876831054688,,
,,4349,,,715.4309749603271,,,,,,
,,4349,,12.17341423034668,,,,,,,
2,,4349,,,,3.637573480606079,-99.32606506347656,-99.3260726928711,3.637573480606079,,
,,4399,,,710.1612091064453,,,,,,
,,4399,,30.449390411376953,,,,,,,
2,,4399,,,,3.6376800537109375,-101.67718505859375,-101.67720794677734,3.6376800537109375,,
,,4449,,,717.9069519042969,,,,,,
,,4449,,12.787342071533203,,,,,,,
2,,4449,,,,3.6378402709960938,-102.56820678710938,-102.56819915771484,3.6378402709960938,,
,,4499,,,718.1901931762695,,,,,,
,,4499,,30.57694435119629,,,,,,,
2,,4499,,,,3.6369805335998535,-106.79544067382812,-106.79954528808594,3.6369805335998535,,
,,4549,,,729.8476696014404,,,,,,
,,4549,,12.49241828918457,,,,,,,
2,,4549,,,,3.637258291244507,-104.17089080810547,-104.1708984375,3.637258291244507,,
,,4599,,,728.1577587127686,,,,,,
,,4599,,29.8006534576416,,,,,,,
2,,4599,,,,3.6377458572387695,-104.18563842773438,-104.18563842773438,3.6377458572387695,,
,,4649,,,716.6953086853027,,,,,,
,,4649,,12.322664260864258,,,,,,,
2,,4649,,,,3.6376523971557617,-102.9959716796875,-102.9959716796875,3.6376523971557617,,
2,,4688,,,,,,,,-104.02140045166016,-104.38533020019531
,,4689,1354.8252005577087,,,,,,,,
,0.0003,4689,,,,,,,,,
,,4699,,,708.1701755523682,,,,,,
,,4699,,28.93519401550293,,,,,,,
3,,4699,,,,3.637615919113159,-101.26392364501953,-101.30113220214844,3.637615919113159,,
,,4749,,,720.0260162353516,,,,,,
,,4749,,12.001991271972656,,,,,,,
3,,4749,,,,3.637246608734131,-105.87702178955078,-105.94123077392578,3.637246608734131,,
,,4799,,,712.3274803161621,,,,,,
,,4799,,29.45399284362793,,,,,,,
3,,4799,,,,3.6379361152648926,-104.29488372802734,-104.29488372802734,3.6379361152648926,,
,,4849,,,711.681604385376,,,,,,
,,4849,,11.707305908203125,,,,,,,
3,,4849,,,,3.637057304382324,-101.0228271484375,-101.06876373291016,3.637057304382324,,
,,4899,,,713.9537334442139,,,,,,
,,4899,,30.37738800048828,,,,,,,
3,,4899,,,,3.6375365257263184,-103.08381652832031,-103.09640502929688,3.6375365257263184,,
,,4949,,,715.2659893035889,,,,,,
,,4949,,12.189388275146484,,,,,,,
3,,4949,,,,3.637752056121826,-103.70525360107422,-103.70525360107422,3.637752056121826,,
,,4999,,,738.0266189575195,,,,,,
,,4999,,30.0447940826416,,,,,,,
3,,4999,,,,3.6382129192352295,-101.85433959960938,-101.8543472290039,3.6382129192352295,,
,,5049,,,726.6056537628174,,,,,,
,,5049,,12.387752532958984,,,,,,,
3,,5049,,,,3.6374669075012207,-101.0255126953125,-101.03172302246094,3.6374669075012207,,
,,5099,,,720.4141616821289,,,,,,
,,5099,,29.697179794311523,,,,,,,
3,,5099,,,,3.637955904006958,-103.29231262207031,-103.29232025146484,3.637955904006958,,
,,5149,,,719.0663814544678,,,,,,
,,5149,,12.218475341796875,,,,,,,
3,,5149,,,,3.637969970703125,-106.83485412597656,-106.8348617553711,3.637969970703125,,
,,5199,,,734.3714237213135,,,,,,
,,5199,,30.808687210083008,,,,,,,
3,,5199,,,,3.638029098510742,-102.60867309570312,-102.60867309570312,3.638029098510742,,
,,5249,,,721.0214138031006,,,,,,
,,5249,,11.71422004699707,,,,,,,
3,,5249,,,,3.637620210647583,-107.53811645507812,-107.53812408447266,3.637620210647583,,
,,5299,,,718.3902263641357,,,,,,
,,5299,,29.71053123474121,,,,,,,
3,,5299,,,,3.63728928565979,-102.44136047363281,-102.44135284423828,3.63728928565979,,
,,5349,,,720.3352451324463,,,,,,
,,5349,,11.873483657836914,,,,,,,
3,,5349,,,,3.6375510692596436,-102.99373626708984,-102.99373626708984,3.6375510692596436,,
,,5399,,,720.8511829376221,,,,,,
,,5399,,29.297828674316406,,,,,,,
3,,5399,,,,3.636930465698242,-105.02173614501953,-105.08595275878906,3.636930465698242,,
,,5449,,,725.2793312072754,,,,,,
,,5449,,12.573480606079102,,,,,,,
3,,5449,,,,3.6378066539764404,-103.07841491699219,-103.07841491699219,3.6378066539764404,,
,,5499,,,720.954418182373,,,,,,
,,5499,,30.053138732910156,,,,,,,
3,,5499,,,,3.637446403503418,-103.93000793457031,-103.93928527832031,3.637446403503418,,
,,5549,,,724.5032787322998,,,,,,
,,5549,,11.939764022827148,,,,,,,
3,,5549,,,,3.6366329193115234,-107.3536376953125,-107.49446105957031,3.6366329193115234,,
,,5599,,,713.3374214172363,,,,,,
,,5599,,25.51412582397461,,,,,,,
3,,5599,,,,3.6381144523620605,-103.25727844238281,-103.27291107177734,3.6381144523620605,,
,,5649,,,707.5445652008057,,,,,,
,,5649,,9.994268417358398,,,,,,,
3,,5649,,,,3.6379051208496094,-102.33595275878906,-102.33596801757812,3.6379051208496094,,
,,5699,,,708.1577777862549,,,,,,
,,5699,,26.209592819213867,,,,,,,
3,,5699,,,,3.6381633281707764,-99.77236938476562,-99.77237701416016,3.6381633281707764,,
,,5749,,,693.9678192138672,,,,,,
,,5749,,8.120298385620117,,,,,,,
3,,5749,,,,3.637263059616089,-106.8718032836914,-106.91311645507812,3.637263059616089,,
,,5799,,,700.8442878723145,,,,,,
,,5799,,26.041507720947266,,,,,,,
3,,5799,,,,3.637662887573242,-105.96018981933594,-105.96018981933594,3.637662887573242,,
,,5849,,,709.6643447875977,,,,,,
,,5849,,8.45646858215332,,,,,,,
3,,5849,,,,3.638105630874634,-105.22899627685547,-105.2562255859375,3.638105630874634,,
,,5899,,,700.4151344299316,,,,,,
,,5899,,25.885581970214844,,,,,,,
3,,5899,,,,3.63706111907959,-106.25819396972656,-106.2582015991211,3.63706111907959,,
,,5949,,,700.4494667053223,,,,,,
,,5949,,9.835243225097656,,,,,,,
3,,5949,,,,3.6374571323394775,-104.51068115234375,-104.76581573486328,3.6374571323394775,,
,,5999,,,705.5683135986328,,,,,,
,,5999,,25.285720825195312,,,,,,,
3,,5999,,,,3.718799352645874,-99.24040222167969,-106.84712982177734,3.718799352645874,,
,,6049,,,701.3044357299805,,,,,,
,,6049,,8.585453033447266,,,,,,,
3,,6049,,,,3.6412465572357178,-104.79667663574219,-104.80909729003906,3.6412465572357178,,
,,6099,,,708.4212303161621,,,,,,
,,6099,,25.798797607421875,,,,,,,
3,,6099,,,,3.636995792388916,-102.21072387695312,-102.25528717041016,3.636995792388916,,
,,6149,,,701.4784812927246,,,,,,
,,6149,,8.296012878417969,,,,,,,
3,,6149,,,,3.6349868774414062,-101.16685485839844,-101.45040893554688,3.6349868774414062,,
,,6199,,,705.486536026001,,,,,,
,,6199,,26.470661163330078,,,,,,,
3,,6199,,,,3.636932373046875,-105.40288543701172,-105.4901351928711,3.636932373046875,,
,,6249,,,707.7205181121826,,,,,,
,,6249,,8.218765258789062,,,,,,,
3,,6249,,,,3.638232946395874,-104.21172332763672,-104.29542541503906,3.638232946395874,,
3,,6251,,,,,,,,-104.1883773803711,-104.38880920410156
,,6252,1340.1282017230988,,,,,,,,
,0.0003,6252,,,,,,,,,
,,6299,,,694.6766376495361,,,,,,
,,6299,,31.858205795288086,,,,,,,
4,,6299,,,,3.6371123790740967,-105.54791259765625,-105.5727310180664,3.6371123790740967,,
,,6349,,,694.3149566650391,,,,,,
,,6349,,8.760690689086914,,,,,,,
4,,6349,,,,3.6375820636749268,-103.82804870605469,-104.39038848876953,3.6375820636749268,,
,,6399,,,697.0517635345459,,,,,,
,,6399,,25.945425033569336,,,,,,,
4,,6399,,,,3.636838912963867,-104.88241577148438,-104.92916870117188,3.636838912963867,,
,,6449,,,706.444501876831,,,,,,
,,6449,,8.642911911010742,,,,,,,
4,,6449,,,,3.637032985687256,-105.70931243896484,-105.75253295898438,3.637032985687256,,
,,6499,,,704.5693397521973,,,,,,
,,6499,,26.63445472717285,,,,,,,
4,,6499,,,,3.637845277786255,-104.30779266357422,-104.39266967773438,3.637845277786255,,
,,6549,,,711.1964225769043,,,,,,
,,6549,,8.994102478027344,,,,,,,
4,,6549,,,,3.6370441913604736,-101.00314331054688,-101.05147552490234,3.6370441913604736,,
,,6599,,,706.1014175415039,,,,,,
,,6599,,29.41274642944336,,,,,,,
4,,6599,,,,3.637420654296875,-101.3150634765625,-101.35032653808594,3.637420654296875,,
,,6649,,,712.2952938079834,,,,,,
,,6649,,10.45083999633789,,,,,,,
4,,6649,,,,3.637718915939331,-104.58570861816406,-104.60855102539062,3.637718915939331,,
,,6699,,,705.8529853820801,,,,,,
,,6699,,26.66473388671875,,,,,,,
4,,6699,,,,3.6371777057647705,-104.57119750976562,-104.60305786132812,3.6371777057647705,,
,,6749,,,704.5185565948486,,,,,,
,,6749,,9.311437606811523,,,,,,,
4,,6749,,,,3.638106107711792,-102.62106323242188,-102.6210708618164,3.638106107711792,,
,,6799,,,719.6445465087891,,,,,,
,,6799,,31.153440475463867,,,,,,,
4,,6799,,,,3.637840509414673,-103.82081604003906,-103.83602905273438,3.637840509414673,,
,,6849,,,724.7390747070312,,,,,,
,,6849,,12.768268585205078,,,,,,,
4,,6849,,,,3.637209177017212,-101.7574462890625,-101.75746154785156,3.637209177017212,,
,,6899,,,717.6620960235596,,,,,,
,,6899,,30.68828582763672,,,,,,,
4,,6899,,,,3.6378679275512695,-105.71653747558594,-105.72834014892578,3.6378679275512695,,
,,6949,,,715.3737545013428,,,,,,
,,6949,,12.870550155639648,,,,,,,
4,,6949,,,,3.6379103660583496,-107.48746490478516,-107.48746490478516,3.6379103660583496,,
,,6999,,,722.2404479980469,,,,,,
,,6999,,30.68256378173828,,,,,,,
4,,6999,,,,3.6380245685577393,-103.13853454589844,-103.13853454589844,3.6380245685577393,,
,,7049,,,714.153528213501,,,,,,
,,7049,,12.93325424194336,,,,,,,
4,,7049,,,,3.636821746826172,-103.06051635742188,-103.10871124267578,3.636821746826172,,
,,7099,,,718.3620929718018,,,,,,
,,7099,,28.329133987426758,,,,,,,
4,,7099,,,,3.6436755657196045,-106.61369323730469,-106.61368560791016,3.6436755657196045,,
,,7149,,,709.2366218566895,,,,,,
,,7149,,12.906312942504883,,,,,,,
4,,7149,,,,3.6387274265289307,-94.96651458740234,-100.62300872802734,3.6387274265289307,,
,,7199,,,720.4277515411377,,,,,,
,,7199,,30.771255493164062,,,,,,,
4,,7199,,,,3.6376280784606934,-103.83924865722656,-103.84501647949219,3.6376280784606934,,
,,7249,,,716.2070274353027,,,,,,
,,7249,,12.76254653930664,,,,,,,
4,,7249,,,,3.63706636428833,-107.41976928710938,-107.43685150146484,3.63706636428833,,
,,7299,,,723.6137390136719,,,,,,
,,7299,,31.454801559448242,,,,,,,
4,,7299,,,,3.6379148960113525,-107.07521057128906,-107.08281707763672,3.6379148960113525,,
,,7349,,,717.073917388916,,,,,,
,,7349,,12.350082397460938,,,,,,,
4,,7349,,,,3.6372790336608887,-104.16354370117188,-104.16353607177734,3.6372790336608887,,
,,7399,,,716.8359756469727,,,,,,
,,7399,,30.443191528320312,,,,,,,
4,,7399,,,,3.6370952129364014,-103.92717742919922,-103.97372436523438,3.6370952129364014,,
,,7449,,,717.1943187713623,,,,,,
,,7449,,12.679815292358398,,,,,,,
4,,7449,,,,3.637476921081543,-104.04383850097656,-104.0438461303711,3.637476921081543,,
,,7499,,,715.8162593841553,,,,,,
,,7499,,30.569791793823242,,,,,,,
4,,7499,,,,3.6376407146453857,-103.65924835205078,-103.65925598144531,3.6376407146453857,,
,,7549,,,726.435661315918,,,,,,
,,7549,,12.280702590942383,,,,,,,
4,,7549,,,,3.637526512145996,-100.51821899414062,-100.51821899414062,3.637526512145996,,
,,7599,,,720.4456329345703,,,,,,
,,7599,,31.95357322692871,,,,,,,
4,,7599,,,,3.637453556060791,-102.06111145019531,-102.06111907958984,3.637453556060791,,
,,7649,,,722.0215797424316,,,,,,
,,7649,,12.960195541381836,,,,,,,
4,,7649,,,,3.6389355659484863,-101.29851531982422,-101.31693267822266,3.6389355659484863,,
,,7699,,,716.9129848480225,,,,,,
,,7699,,31.68344497680664,,,,,,,
4,,7699,,,,3.6375603675842285,-102.31744384765625,-102.31745910644531,3.6375603675842285,,
,,7749,,,727.5311946868896,,,,,,
,,7749,,12.753725051879883,,,,,,,
4,,7749,,,,3.6374900341033936,-104.88877868652344,-104.88878631591797,3.6374900341033936,,
,,7799,,,715.5797481536865,,,,,,
,,7799,,31.11743927001953,,,,,,,
4,,7799,,,,3.6375269889831543,-102.99024963378906,-102.99024963378906,3.6375269889831543,,
4,,7814,,,,,,,,-104.31976318359375,-104.39212799072266
,,7815,1343.8539748191833,,,,,,,,
,0.0003,7815,,,,,,,,,
,,7849,,,723.423957824707,,,,,,
,,7849,,12.43734359741211,,,,,,,
5,,7849,,,,3.637705087661743,-101.57705688476562,-101.57706451416016,3.637705087661743,,
,,7899,,,725.5597114562988,,,,,,
,,7899,,30.332088470458984,,,,,,,
5,,7899,,,,3.6376028060913086,-100.00540924072266,-100.00540924072266,3.6376028060913086,,
,,7949,,,719.6471691131592,,,,,,
,,7949,,12.476444244384766,,,,,,,
5,,7949,,,,3.637382745742798,-107.19530487060547,-107.1953125,3.637382745742798,,
,,7999,,,722.8884696960449,,,,,,
,,7999,,30.31754493713379,,,,,,,
5,,7999,,,,3.6372640132904053,-104.49129486083984,-104.49130249023438,3.6372640132904053,,
,,8049,,,721.7590808868408,,,,,,
,,8049,,12.47859001159668,,,,,,,
5,,8049,,,,3.63781476020813,-107.01478576660156,-107.01480102539062,3.63781476020813,,
,,8099,,,721.6610908508301,,,,,,
,,8099,,29.62183952331543,,,,,,,
5,,8099,,,,3.6374731063842773,-103.56304931640625,-103.56304168701172,3.6374731063842773,,
,,8149,,,716.9017791748047,,,,,,
,,8149,,12.343406677246094,,,,,,,
5,,8149,,,,3.637535810470581,-104.44258117675781,-104.44764709472656,3.637535810470581,,
,,8199,,,712.0907306671143,,,,,,
,,8199,,30.267953872680664,,,,,,,
5,,8199,,,,3.637547492980957,-101.69266510009766,-101.69267272949219,3.637547492980957,,
,,8249,,,724.9321937561035,,,,,,
,,8249,,12.589216232299805,,,,,,,
5,,8249,,,,3.637570381164551,-101.95286560058594,-101.95286560058594,3.637570381164551,,
,,8299,,,708.5375785827637,,,,,,
,,8299,,30.526399612426758,,,,,,,
5,,8299,,,,3.6374332904815674,-102.8924560546875,-102.9430923461914,3.6374332904815674,,
,,8349,,,720.1747894287109,,,,,,
,,8349,,11.209726333618164,,,,,,,
5,,8349,,,,3.6371943950653076,-104.25277709960938,-104.26099395751953,3.6371943950653076,,
,,8399,,,710.9415531158447,,,,,,
,,8399,,30.083179473876953,,,,,,,
5,,8399,,,,3.6379470825195312,-101.43218994140625,-101.43218231201172,3.6379470825195312,,
,,8449,,,726.271390914917,,,,,,
,,8449,,12.871980667114258,,,,,,,
5,,8449,,,,3.637312650680542,-102.14404296875,-102.14404296875,3.637312650680542,,
,,8499,,,711.2281322479248,,,,,,
,,8499,,28.560161590576172,,,,,,,
5,,8499,,,,3.638214111328125,-104.40016174316406,-104.40017700195312,3.638214111328125,,
,,8549,,,711.4512920379639,,,,,,
,,8549,,12.750625610351562,,,,,,,
5,,8549,,,,3.6374478340148926,-101.76873779296875,-101.76873779296875,3.6374478340148926,,
,,8599,,,713.6783599853516,,,,,,
,,8599,,30.81536293029785,,,,,,,
5,,8599,,,,3.6374692916870117,-103.20014953613281,-103.20015716552734,3.6374692916870117,,
,,8649,,,713.1774425506592,,,,,,
,,8649,,12.162923812866211,,,,,,,
5,,8649,,,,3.637263059616089,-108.470703125,-108.47071075439453,3.637263059616089,,
,,8699,,,719.0341949462891,,,,,,
,,8699,,31.027793884277344,,,,,,,
5,,8699,,,,3.637455940246582,-108.66472625732422,-108.66473388671875,3.637455940246582,,
,,8749,,,730.6075096130371,,,,,,
,,8749,,12.041091918945312,,,,,,,
5,,8749,,,,3.6375248432159424,-104.56134796142578,-104.56135559082031,3.6375248432159424,,
,,8799,,,722.435712814331,,,,,,
,,8799,,30.99679946899414,,,,,,,
5,,8799,,,,3.6360626220703125,-105.90711975097656,-105.97904205322266,3.6360626220703125,,
,,8849,,,724.7104644775391,,,,,,
,,8849,,12.132644653320312,,,,,,,
5,,8849,,,,3.63869309425354,-98.74333190917969,-98.74714660644531,3.63869309425354,,
,,8899,,,722.6622104644775,,,,,,
,,8899,,30.416011810302734,,,,,,,
5,,8899,,,,3.639263153076172,-103.7132568359375,-103.7132568359375,3.639263153076172,,
,,8949,,,712.2433185577393,,,,,,
,,8949,,12.524604797363281,,,,,,,
5,,8949,,,,3.6386168003082275,-102.28889465332031,-102.315185546875,3.6386168003082275,,
,,8999,,,715.1789665222168,,,,,,
,,8999,,30.84564208984375,,,,,,,
5,,8999,,,,3.637113571166992,-102.07173156738281,-102.07173919677734,3.637113571166992,,
,,9049,,,720.4697132110596,,,,,,
,,9049,,12.423515319824219,,,,,,,
5,,9049,,,,3.63781476020813,-109.52710723876953,-109.52710723876953,3.63781476020813,,
,,9099,,,704.0202617645264,,,,,,
,,9099,,26.224136352539062,,,,,,,
5,,9099,,,,3.6379477977752686,-105.48980712890625,-105.48981475830078,3.6379477977752686,,
,,9149,,,712.4929428100586,,,,,,
,,9149,,11.071205139160156,,,,,,,
5,,9149,,,,3.6376659870147705,-102.3790054321289,-102.3790054321289,3.6376659870147705,,
,,9199,,,708.2061767578125,,,,,,
,,9199,,28.615236282348633,,,,,,,
5,,9199,,,,3.6374707221984863,-105.06123352050781,-105.06829071044922,3.6374707221984863,,
,,9249,,,705.16037940979,,,,,,
,,9249,,8.860349655151367,,,,,,,
5,,9249,,,,3.63744854927063,-102.96261596679688,-102.96261596679688,3.63744854927063,,
,,9299,,,700.4432678222656,,,,,,
,,9299,,28.66816520690918,,,,,,,
5,,9299,,,,3.6375997066497803,-104.79584503173828,-104.79584503173828,3.6375997066497803,,
,,9349,,,700.3521919250488,,,,,,
,,9349,,11.618614196777344,,,,,,,
5,,9349,,,,3.637394428253174,-100.23736572265625,-100.23738098144531,3.637394428253174,,
5,,9377,,,,,,,,-103.93209838867188,-104.38546752929688
,,9378,1346.8611509799957,,,,,,,,
,0.0003,9378,,,,,,,,,
,,9399,,,695.685863494873,,,,,,
,,9399,,26.573657989501953,,,,,,,
6,,9399,,,,3.637650728225708,-104.04638671875,-104.04639434814453,3.637650728225708,,
,,9449,,,700.4616260528564,,,,,,
,,9449,,8.615493774414062,,,,,,,
6,,9449,,,,3.637674570083618,-101.23822021484375,-101.23822784423828,3.637674570083618,,
,,9499,,,697.0345973968506,,,,,,
,,9499,,26.467323303222656,,,,,,,
6,,9499,,,,3.637793779373169,-102.04118347167969,-102.04119110107422,3.637793779373169,,
,,9549,,,698.5652446746826,,,,,,
,,9549,,8.807182312011719,,,,,,,
6,,9549,,,,3.6374919414520264,-99.81838989257812,-99.81839752197266,3.6374919414520264,,
,,9599,,,704.5373916625977,,,,,,
,,9599,,26.553869247436523,,,,,,,
6,,9599,,,,3.637782573699951,-103.28549194335938,-103.28548431396484,3.637782573699951,,
,,9649,,,698.0974674224854,,,,,,
,,9649,,8.939504623413086,,,,,,,
6,,9649,,,,3.6376025676727295,-101.41624450683594,-101.41624450683594,3.6376025676727295,,
,,9699,,,695.5873966217041,,,,,,
,,9699,,26.497840881347656,,,,,,,
6,,9699,,,,3.637759208679199,-105.62561798095703,-105.62562561035156,3.637759208679199,,
,,9749,,,697.608232498169,,,,,,
,,9749,,9.752511978149414,,,,,,,
6,,9749,,,,3.637951374053955,-108.43779754638672,-108.43781280517578,3.637951374053955,,
,,9799,,,699.1722583770752,,,,,,
,,9799,,25.97665786743164,,,,,,,
6,,9799,,,,3.637824535369873,-107.00409698486328,-107.00409698486328,3.637824535369873,,
,,9849,,,694.3719387054443,,,,,,
,,9849,,8.782625198364258,,,,,,,
6,,9849,,,,3.6378562450408936,-102.15276336669922,-102.18898010253906,3.6378562450408936,,
,,9899,,,693.692684173584,,,,,,
,,9899,,26.001691818237305,,,,,,,
6,,9899,,,,3.637378454208374,-108.81883239746094,-108.8188247680664,3.637378454208374,,
,,9949,,,691.312313079834,,,,,,
,,9949,,8.592367172241211,,,,,,,
6,,9949,,,,3.6377108097076416,-103.16232299804688,-103.1623306274414,3.6377108097076416,,
,,9999,,,689.0814304351807,,,,,,
,,9999,,26.128530502319336,,,,,,,
6,,9999,,,,3.6377744674682617,-103.25727844238281,-103.25728607177734,3.6377744674682617,,
,,10049,,,690.9372806549072,,,,,,
,,10049,,9.004592895507812,,,,,,,
6,,10049,,,,3.6378161907196045,-107.03549194335938,-107.03550720214844,3.6378161907196045,,
,,10099,,,693.6712265014648,,,,,,
,,10099,,26.808738708496094,,,,,,,
6,,10099,,,,3.6376214027404785,-104.5114517211914,-104.51144409179688,3.6376214027404785,,
,,10149,,,696.603536605835,,,,,,
,,10149,,8.770942687988281,,,,,,,
6,,10149,,,,3.6375319957733154,-100.3303451538086,-100.33035278320312,3.6375319957733154,,
,,10199,,,696.1655616760254,,,,,,
,,10199,,26.587724685668945,,,,,,,
6,,10199,,,,3.6374154090881348,-107.65983581542969,-107.65984344482422,3.6374154090881348,,
,,10249,,,696.2287425994873,,,,,,
,,10249,,8.764982223510742,,,,,,,
6,,10249,,,,3.6375181674957275,-105.12353515625,-105.12355041503906,3.6375181674957275,,
,,10299,,,695.4975128173828,,,,,,
,,10299,,26.45707130432129,,,,,,,
6,,10299,,,,3.6377532482147217,-107.73046112060547,-107.73046875,3.6377532482147217,,
,,10349,,,702.1012306213379,,,,,,
,,10349,,8.87918472290039,,,,,,,
6,,10349,,,,3.6375811100006104,-102.94778442382812,-102.94778442382812,3.6375811100006104,,
,,10399,,,694.5412158966064,,,,,,
,,10399,,25.8328914642334,,,,,,,
6,,10399,,,,3.637939691543579,-103.72349548339844,-103.72350311279297,3.637939691543579,,
,,10449,,,694.2722797393799,,,,,,
,,10449,,9.035348892211914,,,,,,,
6,,10449,,,,3.6375584602355957,-102.99602508544922,-102.99602508544922,3.6375584602355957,,
,,10499,,,694.7658061981201,,,,,,
,,10499,,26.572227478027344,,,,,,,
6,,10499,,,,3.638211488723755,-106.4206314086914,-106.42063903808594,3.638211488723755,,
,,10549,,,695.7230567932129,,,,,,
,,10549,,8.867979049682617,,,,,,,
6,,10549,,,,3.637526273727417,-105.62945556640625,-105.62944793701172,3.637526273727417,,
,,10599,,,703.150749206543,,,,,,
,,10599,,26.888608932495117,,,,,,,
6,,10599,,,,3.6379051208496094,-103.42025756835938,-103.42025756835938,3.6379051208496094,,
,,10649,,,694.61989402771,,,,,,
,,10649,,8.314371109008789,,,,,,,
6,,10649,,,,3.6371874809265137,-103.57550811767578,-103.57552337646484,3.6371874809265137,,
,,10699,,,695.5628395080566,,,,,,
,,10699,,26.614904403686523,,,,,,,
6,,10699,,,,3.637333869934082,-103.85102844238281,-103.85103607177734,3.637333869934082,,
,,10749,,,694.6594715118408,,,,,,
,,10749,,8.95237922668457,,,,,,,
6,,10749,,,,3.6375625133514404,-102.54528045654297,-102.54528045654297,3.6375625133514404,,
,,10799,,,695.2340602874756,,,,,,
,,10799,,25.812387466430664,,,,,,,
6,,10799,,,,3.637603998184204,-101.63484191894531,-101.63484191894531,3.637603998184204,,
,,10849,,,693.6032772064209,,,,,,
,,10849,,8.841276168823242,,,,,,,
6,,10849,,,,3.6372456550598145,-108.77056121826172,-108.77056121826172,3.6372456550598145,,
,,10899,,,695.0178146362305,,,,,,
,,10899,,26.54123306274414,,,,,,,
6,,10899,,,,3.637603759765625,-102.91887664794922,-102.91888427734375,3.637603759765625,,
6,,10940,,,,,,,,-103.92510223388672,-104.38384246826172
,,10941,1311.8024253845215,,,,,,,,
,0.0003,10941,,,,,,,,,
,,10949,,,704.6804428100586,,,,,,
,,10949,,8.754968643188477,,,,,,,
7,,10949,,,,3.637657403945923,-103.67346954345703,-103.67347717285156,3.637657403945923,,
,,10999,,,694.7054862976074,,,,,,
,,10999,,26.752948760986328,,,,,,,
7,,10999,,,,3.637664318084717,-103.56719970703125,-103.56720733642578,3.637664318084717,,
,,11049,,,695.0681209564209,,,,,,
,,11049,,8.499622344970703,,,,,,,
7,,11049,,,,3.6373486518859863,-102.71452331542969,-102.71451568603516,3.6373486518859863,,
,,11099,,,693.9754486083984,,,,,,
,,11099,,26.03769302368164,,,,,,,
7,,11099,,,,3.6379635334014893,-104.57023620605469,-104.57024383544922,3.6379635334014893,,
,,11149,,,693.3116912841797,,,,,,
,,11149,,8.57686996459961,,,,,,,
7,,11149,,,,3.6374809741973877,-103.84828186035156,-103.84828186035156,3.6374809741973877,,
,,11199,,,693.7961578369141,,,,,,
,,11199,,25.949954986572266,,,,,,,
7,,11199,,,,3.6377623081207275,-105.39764404296875,-105.39765167236328,3.6377623081207275,,
,,11249,,,695.8868503570557,,,,,,
,,11249,,8.147478103637695,,,,,,,
7,,11249,,,,3.6379406452178955,-102.81428527832031,-102.81429290771484,3.6379406452178955,,
,,11299,,,694.8952674865723,,,,,,
,,11299,,26.64470672607422,,,,,,,
7,,11299,,,,3.6378753185272217,-104.50428009033203,-104.50428771972656,3.6378753185272217,,
,,11349,,,702.2922039031982,,,,,,
,,11349,,8.812427520751953,,,,,,,
7,,11349,,,,3.637929916381836,-102.7479248046875,-102.7479248046875,3.637929916381836,,
,,11399,,,695.6970691680908,,,,,,
,,11399,,25.957822799682617,,,,,,,
7,,11399,,,,3.6375765800476074,-105.82009887695312,-105.82010650634766,3.6375765800476074,,
,,11449,,,695.9457397460938,,,,,,
,,11449,,8.776426315307617,,,,,,,
7,,11449,,,,3.6375584602355957,-103.35887145996094,-103.35887145996094,3.6375584602355957,,
,,11499,,,707.7541351318359,,,,,,
,,11499,,29.605627059936523,,,,,,,
7,,11499,,,,3.6375584602355957,-104.6900863647461,-104.69009399414062,3.6375584602355957,,
,,11549,,,722.041130065918,,,,,,
,,11549,,11.590003967285156,,,,,,,
7,,11549,,,,3.637399911880493,-103.20393371582031,-103.22384643554688,3.637399911880493,,
,,11599,,,712.9256725311279,,,,,,
,,11599,,29.314041137695312,,,,,,,
7,,11599,,,,3.637958526611328,-105.01344299316406,-105.01344299316406,3.637958526611328,,
,,11649,,,721.0326194763184,,,,,,
,,11649,,11.307716369628906,,,,,,,
7,,11649,,,,3.6368889808654785,-98.45699310302734,-98.45699310302734,3.6368889808654785,,
,,11699,,,711.897611618042,,,,,,
,,11699,,29.367685317993164,,,,,,,
7,,11699,,,,3.6374504566192627,-106.60505676269531,-106.60505676269531,3.6374504566192627,,
,,11749,,,712.3329639434814,,,,,,
,,11749,,10.875940322875977,,,,,,,
7,,11749,,,,3.637556791305542,-107.8057861328125,-107.80580139160156,3.637556791305542,,
,,11799,,,713.9415740966797,,,,,,
,,11799,,27.83966064453125,,,,,,,
7,,11799,,,,3.6375765800476074,-106.9786376953125,-106.97863006591797,3.6375765800476074,,
,,11849,,,713.0310535430908,,,,,,
,,11849,,10.92219352722168,,,,,,,
7,,11849,,,,3.6373794078826904,-104.08247375488281,-104.08248138427734,3.6373794078826904,,
,,11899,,,711.6739749908447,,,,,,
,,11899,,28.664112091064453,,,,,,,
7,,11899,,,,3.6373279094696045,-102.64139556884766,-102.64140319824219,3.6373279094696045,,
,,11949,,,720.0956344604492,,,,,,
,,11949,,11.316061019897461,,,,,,,
7,,11949,,,,3.6376399993896484,-102.97998046875,-102.97999572753906,3.6376399993896484,,
,,11999,,,725.7914543151855,,,,,,
,,11999,,30.845165252685547,,,,,,,
7,,11999,,,,3.6374764442443848,-102.7339859008789,-102.73399353027344,3.6374764442443848,,
,,12049,,,724.9376773834229,,,,,,
,,12049,,12.945413589477539,,,,,,,
7,,12049,,,,3.63726806640625,-104.79269409179688,-104.7927017211914,3.63726806640625,,
,,12099,,,703.1562328338623,,,,,,
,,12099,,26.381731033325195,,,,,,,
7,,12099,,,,3.6371636390686035,-105.51457214355469,-105.63723754882812,3.6371636390686035,,
,,12149,,,695.8088874816895,,,,,,
,,12149,,8.681297302246094,,,,,,,
7,,12149,,,,3.647636651992798,-86.26640319824219,-97.18778228759766,3.647636651992798,,
,,12199,,,705.9023380279541,,,,,,
,,12199,,25.715351104736328,,,,,,,
7,,12199,,,,3.641637086868286,-105.17012023925781,-105.18115997314453,3.641637086868286,,
,,12249,,,700.2978324890137,,,,,,
,,12249,,8.804798126220703,,,,,,,
7,,12249,,,,3.6480963230133057,-107.11325073242188,-107.50155639648438,3.6480963230133057,,
,,12299,,,696.4917182922363,,,,,,
,,12299,,29.95896339416504,,,,,,,
7,,12299,,,,3.641395092010498,-100.52425384521484,-100.61978149414062,3.641395092010498,,
,,12349,,,700.5698680877686,,,,,,
,,12349,,8.179664611816406,,,,,,,
7,,12349,,,,3.6404497623443604,-97.26541900634766,-97.34085083007812,3.6404497623443604,,
,,12399,,,702.3406028747559,,,,,,
,,12399,,29.36077117919922,,,,,,,
7,,12399,,,,3.6753923892974854,-105.3427505493164,-105.58216857910156,3.6753923892974854,,
,,12449,,,695.2178478240967,,,,,,
,,12449,,8.581876754760742,,,,,,,
7,,12449,,,,3.659396171569824,-106.10823059082031,-106.39503479003906,3.659396171569824,,
,,12499,,,696.439266204834,,,,,,
,,12499,,31.569242477416992,,,,,,,
7,,12499,,,,3.635439395904541,-101.9007797241211,-101.95657348632812,3.635439395904541,,
7,,12503,,,,,,,,-104.1341781616211,-104.21697235107422
,,12504,1327.1223871707916,,,,,,,,
,0.0003,12504,,,,,,,,,
,,12549,,,728.0557155609131,,,,,,
,,12549,,12.145757675170898,,,,,,,
8,,12549,,,,3.637519121170044,-107.2479248046875,-107.28067779541016,3.637519121170044,,
,,12599,,,720.3736305236816,,,,,,
,,12599,,30.846834182739258,,,,,,,
8,,12599,,,,3.6372904777526855,-107.87213897705078,-107.87214660644531,3.6372904777526855,,
,,12649,,,723.8192558288574,,,,,,
,,12649,,13.143301010131836,,,,,,,
8,,12649,,,,3.6376125812530518,-107.14391326904297,-107.17784881591797,3.6376125812530518,,
,,12699,,,721.5578556060791,,,,,,
,,12699,,31.676530838012695,,,,,,,
8,,12699,,,,3.637465715408325,-104.76921844482422,-104.79859161376953,3.637465715408325,,
,,12749,,,724.5943546295166,,,,,,
,,12749,,13.152599334716797,,,,,,,
8,,12749,,,,3.6373677253723145,-106.57699584960938,-106.63721466064453,3.6373677253723145,,
,,12799,,,729.271650314331,,,,,,
,,12799,,31.848907470703125,,,,,,,
8,,12799,,,,3.637408971786499,-102.43763732910156,-102.49339294433594,3.637408971786499,,
,,12849,,,722.8500843048096,,,,,,
,,12849,,12.305259704589844,,,,,,,
8,,12849,,,,3.637467622756958,-99.29322052001953,-99.29322052001953,3.637467622756958,,
,,12899,,,716.0561084747314,,,,,,
,,12899,,30.933618545532227,,,,,,,
8,,12899,,,,3.637394428253174,-109.166748046875,-109.16675567626953,3.637394428253174,,
,,12949,,,720.8578586578369,,,,,,
,,12949,,13.4124755859375,,,,,,,
8,,12949,,,,3.63739013671875,-100.93606567382812,-100.93606567382812,3.63739013671875,,
,,12999,,,723.0033874511719,,,,,,
,,12999,,31.54587745666504,,,,,,,
8,,12999,,,,3.63748836517334,-102.5897216796875,-102.5897216796875,3.63748836517334,,
,,13049,,,718.381404876709,,,,,,
,,13049,,12.300968170166016,,,,,,,
8,,13049,,,,3.6373589038848877,-102.0843505859375,-102.0843505859375,3.6373589038848877,,
,,13099,,,727.7803421020508,,,,,,
,,13099,,31.064748764038086,,,,,,,
8,,13099,,,,3.637368679046631,-105.42362213134766,-105.42362976074219,3.637368679046631,,
,,13149,,,721.9252586364746,,,,,,
,,13149,,13.481855392456055,,,,,,,
8,,13149,,,,3.6373889446258545,-107.12153625488281,-107.12154388427734,3.6373889446258545,,
,,13199,,,728.3682823181152,,,,,,
,,13199,,31.930208206176758,,,,,,,
8,,13199,,,,3.637502670288086,-102.058349609375,-102.058349609375,3.637502670288086,,
,,13249,,,718.9161777496338,,,,,,
,,13249,,13.349771499633789,,,,,,,
8,,13249,,,,3.637641429901123,-100.35261535644531,-100.35261535644531,3.637641429901123,,
,,13299,,,718.435525894165,,,,,,
,,13299,,31.295299530029297,,,,,,,
8,,13299,,,,3.6373867988586426,-106.56167602539062,-106.56167602539062,3.6373867988586426,,
,,13349,,,715.3489589691162,,,,,,
,,13349,,13.127803802490234,,,,,,,
8,,13349,,,,3.6372616291046143,-105.84693908691406,-105.84693908691406,3.6372616291046143,,
,,13399,,,719.1004753112793,,,,,,
,,13399,,31.76426887512207,,,,,,,
8,,13399,,,,3.637491464614868,-100.31867980957031,-100.31868743896484,3.637491464614868,,
,,13449,,,721.5449810028076,,,,,,
,,13449,,14.383554458618164,,,,,,,
8,,13449,,,,3.6373894214630127,-104.7816390991211,-104.7816390991211,3.6373894214630127,,
,,13499,,,714.7278785705566,,,,,,
,,13499,,31.225204467773438,,,,,,,
8,,13499,,,,3.637371778488159,-101.18685913085938,-101.18687438964844,3.637371778488159,,
,,13549,,,715.9693241119385,,,,,,
,,13549,,13.46278190612793,,,,,,,
8,,13549,,,,3.637396812438965,-104.70050811767578,-104.70050811767578,3.637396812438965,,
,,13599,,,714.7483825683594,,,,,,
,,13599,,31.557798385620117,,,,,,,
8,,13599,,,,3.637397289276123,-101.05670928955078,-101.05671691894531,3.637397289276123,,
,,13649,,,723.2816219329834,,,,,,
,,13649,,13.385772705078125,,,,,,,
8,,13649,,,,3.6374199390411377,-103.09675598144531,-103.09675598144531,3.6374199390411377,,
,,13699,,,721.6150760650635,,,,,,
,,13699,,30.982255935668945,,,,,,,
8,,13699,,,,3.6374473571777344,-104.5616226196289,-104.56163787841797,3.6374473571777344,,
,,13749,,,717.3731327056885,,,,,,
,,13749,,13.167142868041992,,,,,,,
8,,13749,,,,3.6373260021209717,-103.66795349121094,-103.66796875,3.6373260021209717,,
,,13799,,,716.8886661529541,,,,,,
,,13799,,30.98154067993164,,,,,,,
8,,13799,,,,3.637366771697998,-103.79932403564453,-103.79933166503906,3.637366771697998,,
,,13849,,,739.3393516540527,,,,,,
,,13849,,13.00048828125,,,,,,,
8,,13849,,,,3.637406587600708,-108.25120544433594,-108.25120544433594,3.637406587600708,,
,,13899,,,733.1798076629639,,,,,,
,,13899,,31.987667083740234,,,,,,,
8,,13899,,,,3.637308359146118,-106.44200134277344,-106.44200897216797,3.637308359146118,,
,,13949,,,727.1056175231934,,,,,,
,,13949,,13.158798217773438,,,,,,,
8,,13949,,,,3.637468099594116,-101.72687530517578,-101.72688293457031,3.637468099594116,,
,,13999,,,724.7295379638672,,,,,,
,,13999,,30.864715576171875,,,,,,,
8,,13999,,,,3.6374480724334717,-103.93240356445312,-103.93241119384766,3.6374480724334717,,
,,14049,,,714.1306400299072,,,,,,
,,14049,,13.10276985168457,,,,,,,
8,,14049,,,,3.637429714202881,-100.23245239257812,-100.23245239257812,3.637429714202881,,
8,,14066,,,,,,,,-104.1913833618164,-104.39112854003906
,,14067,1360.0287857055664,,,,,,,,
,0.0003,14067,,,,,,,,,
,,14099,,,725.9054183959961,,,,,,
,,14099,,29.050827026367188,,,,,,,
9,,14099,,,,3.6374332904815674,-103.0984115600586,-103.09841918945312,3.6374332904815674,,
,,14149,,,739.0022277832031,,,,,,
,,14149,,12.870311737060547,,,,,,,
9,,14149,,,,3.637460470199585,-106.4400405883789,-106.44004821777344,3.637460470199585,,
,,14199,,,719.1383838653564,,,,,,
,,14199,,30.483245849609375,,,,,,,
9,,14199,,,,3.637429714202881,-107.12862396240234,-107.12863159179688,3.637429714202881,,
,,14249,,,728.0573844909668,,,,,,
,,14249,,12.903213500976562,,,,,,,
9,,14249,,,,3.63733172416687,-102.92186737060547,-102.921875,3.63733172416687,,
,,14299,,,724.4398593902588,,,,,,
,,14299,,30.202627182006836,,,,,,,
9,,14299,,,,3.6374645233154297,-107.6387939453125,-107.63880920410156,3.6374645233154297,,
,,14349,,,722.4607467651367,,,,,,
,,14349,,12.755870819091797,,,,,,,
9,,14349,,,,3.6374034881591797,-103.52494049072266,-103.52494812011719,3.6374034881591797,,
,,14399,,,727.6477813720703,,,,,,
,,14399,,30.05838394165039,,,,,,,
9,,14399,,,,3.6374828815460205,-100.97764587402344,-100.97765350341797,3.6374828815460205,,
,,14449,,,740.4963970184326,,,,,,
,,14449,,12.390375137329102,,,,,,,
9,,14449,,,,3.6374449729919434,-106.69874572753906,-106.69876861572266,3.6374449729919434,,
,,14499,,,723.2160568237305,,,,,,
,,14499,,28.247833251953125,,,,,,,
9,,14499,,,,3.6374690532684326,-105.57691955566406,-105.57693481445312,3.6374690532684326,,
,,14549,,,722.2943305969238,,,,,,
,,14549,,11.518001556396484,,,,,,,
9,,14549,,,,3.637324094772339,-101.8707046508789,-101.87071228027344,3.637324094772339,,
,,14599,,,724.2093086242676,,,,,,
,,14599,,30.84111213684082,,,,,,,
9,,14599,,,,3.6374034881591797,-100.3836441040039,-100.38365173339844,3.6374034881591797,,
,,14649,,,722.0726013183594,,,,,,
,,14649,,12.770891189575195,,,,,,,
9,,14649,,,,3.63741135597229,-99.92424011230469,-99.92423248291016,3.63741135597229,,
,,14699,,,718.1360721588135,,,,,,
,,14699,,30.559539794921875,,,,,,,
9,,14699,,,,3.6374852657318115,-105.98068237304688,-105.9806900024414,3.6374852657318115,,
,,14749,,,719.9671268463135,,,,,,
,,14749,,11.73853874206543,,,,,,,
9,,14749,,,,3.637404203414917,-104.86390686035156,-104.86390686035156,3.637404203414917,,
,,14799,,,720.1752662658691,,,,,,
,,14799,,30.14373779296875,,,,,,,
9,,14799,,,,3.6374387741088867,-100.14036560058594,-100.1403579711914,3.6374387741088867,,
,,14849,,,724.1666316986084,,,,,,
,,14849,,13.205289840698242,,,,,,,
9,,14849,,,,3.637399196624756,-103.69468688964844,-103.69468688964844,3.637399196624756,,
,,14899,,,724.1542339324951,,,,,,
,,14899,,30.726194381713867,,,,,,,
9,,14899,,,,3.637366533279419,-104.5296630859375,-104.52967834472656,3.637366533279419,,
,,14949,,,726.1841297149658,,,,,,
,,14949,,12.404203414916992,,,,,,,
9,,14949,,,,3.6373889446258545,-104.61386108398438,-104.61386108398438,3.6373889446258545,,
,,14999,,,730.769157409668,,,,,,
,,14999,,32.56511688232422,,,,,,,
9,,14999,,,,3.637334108352661,-104.29969024658203,-104.2997055053711,3.637334108352661,,
,,15049,,,719.7511196136475,,,,,,
,,15049,,12.435674667358398,,,,,,,
9,,15049,,,,3.6374058723449707,-103.5081787109375,-103.5081787109375,3.6374058723449707,,
,,15099,,,734.7536087036133,,,,,,
,,15099,,31.48818016052246,,,,,,,
9,,15099,,,,3.6373772621154785,-103.04326629638672,-103.04328155517578,3.6373772621154785,,
,,15149,,,728.071928024292,,,,,,
,,15149,,12.441158294677734,,,,,,,
9,,15149,,,,3.6373589038848877,-102.39924621582031,-102.39925384521484,3.6373589038848877,,
,,15199,,,718.7950611114502,,,,,,
,,15199,,28.411865234375,,,,,,,
9,,15199,,,,3.637423038482666,-104.89251708984375,-104.89253997802734,3.637423038482666,,
,,15249,,,711.5154266357422,,,,,,
,,15249,,12.705564498901367,,,,,,,
9,,15249,,,,3.637409210205078,-100.73251342773438,-100.7325210571289,3.637409210205078,,
,,15299,,,727.726936340332,,,,,,
,,15299,,30.881881713867188,,,,,,,
9,,15299,,,,3.63737416267395,-106.23242950439453,-106.23243713378906,3.63737416267395,,
,,15349,,,717.2431945800781,,,,,,
,,15349,,12.698888778686523,,,,,,,
9,,15349,,,,3.637498617172241,-100.48055267333984,-100.4805679321289,3.637498617172241,,
,,15399,,,717.9927825927734,,,,,,
,,15399,,30.36808967590332,,,,,,,
9,,15399,,,,3.6374101638793945,-102.81033325195312,-102.81034088134766,3.6374101638793945,,
,,15449,,,723.2563495635986,,,,,,
,,15449,,12.421607971191406,,,,,,,
9,,15449,,,,3.6374146938323975,-103.71492004394531,-103.71492004394531,3.6374146938323975,,
,,15499,,,720.1135158538818,,,,,,
,,15499,,32.05561637878418,,,,,,,
9,,15499,,,,3.6373960971832275,-100.39815521240234,-100.39816284179688,3.6373960971832275,,
,,15549,,,719.0604209899902,,,,,,
,,15549,,12.684106826782227,,,,,,,
9,,15549,,,,3.6374239921569824,-105.943359375,-105.94337463378906,3.6374239921569824,,
,,15599,,,724.2059707641602,,,,,,
,,15599,,30.41982650756836,,,,,,,
9,,15599,,,,3.637413263320923,-104.93719482421875,-104.93719482421875,3.637413263320923,,
9,,15629,,,,,,,,-103.26726531982422,-104.38091278076172
,,15630,1359.6535243988037,,,,,,,,
,0.0003,15630,,,,,,,,,
,,15649,,,721.3807106018066,,,,,,
,,15649,,13.18216323852539,,,,,,,
10,,15649,,,,3.6373958587646484,-105.31072998046875,-105.31073760986328,3.6373958587646484,,
,,15699,,,718.4576988220215,,,,,,
,,15699,,29.998302459716797,,,,,,,
10,,15699,,,,3.637399196624756,-104.66734313964844,-104.66735076904297,3.637399196624756,,
,,15749,,,721.8828201293945,,,,,,
,,15749,,13.451576232910156,,,,,,,
10,,15749,,,,3.637376546859741,-104.50626373291016,-104.50626373291016,3.637376546859741,,
,,15799,,,713.6194705963135,,,,,,
,,15799,,30.837059020996094,,,,,,,
10,,15799,,,,3.6374340057373047,-104.70182800292969,-104.70183563232422,3.6374340057373047,,
,,15849,,,716.1154747009277,,,,,,
,,15849,,13.079404830932617,,,,,,,
10,,15849,,,,3.637402057647705,-105.44567108154297,-105.4456787109375,3.637402057647705,,
,,15899,,,712.7225399017334,,,,,,
,,15899,,30.719280242919922,,,,,,,
10,,15899,,,,3.6373918056488037,-103.51314544677734,-103.51314544677734,3.6373918056488037,,
,,15949,,,718.2886600494385,,,,,,
,,15949,,12.974023818969727,,,,,,,
10,,15949,,,,3.6373722553253174,-106.38835906982422,-106.38835906982422,3.6373722553253174,,
,,15999,,,716.3479328155518,,,,,,
,,15999,,30.918121337890625,,,,,,,
10,,15999,,,,3.6373603343963623,-104.44064331054688,-104.44064331054688,3.6373603343963623,,
,,16049,,,716.888427734375,,,,,,
,,16049,,12.707710266113281,,,,,,,
10,,16049,,,,3.637376070022583,-104.50955200195312,-104.50955963134766,3.637376070022583,,
,,16099,,,715.6894207000732,,,,,,
,,16099,,30.745744705200195,,,,,,,
10,,16099,,,,3.6374125480651855,-103.11058044433594,-103.11058044433594,3.6374125480651855,,
,,16149,,,720.569372177124,,,,,,
,,16149,,12.935400009155273,,,,,,,
10,,16149,,,,3.6374354362487793,-103.75190734863281,-103.75191497802734,3.6374354362487793,,
,,16199,,,711.6107940673828,,,,,,
,,16199,,30.460357666015625,,,,,,,
10,,16199,,,,3.637397289276123,-101.89122009277344,-101.89122772216797,3.637397289276123,,
,,16249,,,713.839054107666,,,,,,
,,16249,,12.982368469238281,,,,,,,
10,,16249,,,,3.6374266147613525,-103.24517059326172,-103.24517059326172,3.6374266147613525,,
,,16299,,,716.7296409606934,,,,,,
,,16299,,30.471324920654297,,,,,,,
10,,16299,,,,3.6373934745788574,-105.97843933105469,-105.97844696044922,3.6373934745788574,,
,,16349,,,717.1096801757812,,,,,,
,,16349,,13.45205307006836,,,,,,,
10,,16349,,,,3.63742733001709,-97.5328369140625,-97.53282928466797,3.63742733001709,,
,,16399,,,710.935115814209,,,,,,
,,16399,,31.517744064331055,,,,,,,
10,,16399,,,,3.637406826019287,-105.19781494140625,-105.19782257080078,3.637406826019287,,
,,16449,,,710.827112197876,,,,,,
,,16449,,12.622356414794922,,,,,,,
10,,16449,,,,3.637369394302368,-104.40724182128906,-104.40724182128906,3.637369394302368,,
,,16499,,,714.4596576690674,,,,,,
,,16499,,31.149625778198242,,,,,,,
10,,16499,,,,3.6374499797821045,-104.9421615600586,-104.94216918945312,3.6374499797821045,,
,,16549,,,727.2706031799316,,,,,,
,,16549,,13.069391250610352,,,,,,,
10,,16549,,,,3.637366771697998,-108.10431671142578,-108.10431671142578,3.637366771697998,,
,,16599,,,713.1330966949463,,,,,,
,,16599,,31.598329544067383,,,,,,,
10,,16599,,,,3.637404680252075,-105.57626342773438,-105.57625579833984,3.637404680252075,,
,,16649,,,717.1390056610107,,,,,,
,,16649,,13.546228408813477,,,,,,,
10,,16649,,,,3.6373960971832275,-103.64322662353516,-103.64324188232422,3.6373960971832275,,
,,16699,,,724.8332500457764,,,,,,
,,16699,,31.116724014282227,,,,,,,
10,,16699,,,,3.637390613555908,-102.33226013183594,-102.33226013183594,3.637390613555908,,
,,16749,,,726.2754440307617,,,,,,
,,16749,,13.512134552001953,,,,,,,
10,,16749,,,,3.637373924255371,-106.09713745117188,-106.0971450805664,3.637373924255371,,
,,16799,,,720.5812931060791,,,,,,
,,16799,,31.04424476623535,,,,,,,
10,,16799,,,,3.6373839378356934,-103.37794494628906,-103.37794494628906,3.6373839378356934,,
,,16849,,,723.8097190856934,,,,,,
,,16849,,13.11635971069336,,,,,,,
10,,16849,,,,3.6374104022979736,-104.33248901367188,-104.3324966430664,3.6374104022979736,,
,,16899,,,729.2797565460205,,,,,,
,,16899,,31.297922134399414,,,,,,,
10,,16899,,,,3.6374359130859375,-104.51957702636719,-104.51958465576172,3.6374359130859375,,
,,16949,,,743.9310550689697,,,,,,
,,16949,,13.715505599975586,,,,,,,
10,,16949,,,,3.6374735832214355,-105.4312744140625,-105.43128967285156,3.6374735832214355,,
,,16999,,,725.1441478729248,,,,,,
,,16999,,31.507015228271484,,,,,,,
10,,16999,,,,3.6373655796051025,-107.17632293701172,-107.17632293701172,3.6373655796051025,,
,,17049,,,731.4791679382324,,,,,,
,,17049,,13.586759567260742,,,,,,,
10,,17049,,,,3.63735032081604,-104.33232116699219,-104.33232879638672,3.63735032081604,,
,,17099,,,725.8651256561279,,,,,,
,,17099,,31.414031982421875,,,,,,,
10,,17099,,,,3.6373655796051025,-105.13206481933594,-105.13206481933594,3.6373655796051025,,
,,17149,,,719.2435264587402,,,,,,
,,17149,,13.223648071289062,,,,,,,
10,,17149,,,,3.6373751163482666,-104.25279235839844,-104.25279998779297,3.6373751163482666,,
10,,17192,,,,,,,,-104.29572296142578,-104.39224243164062
,,17193,1355.5883421897888,,,,,,,,
,0.0003,17193,,,,,,,,,
,,17199,,,734.0521812438965,,,,,,
,,17199,,31.095027923583984,,,,,,,
11,,17199,,,,3.637378692626953,-103.49187469482422,-103.49188232421875,3.637378692626953,,
,,17249,,,725.6619930267334,,,,,,
,,17249,,13.130903244018555,,,,,,,
11,,17249,,,,3.63740611076355,-106.17266845703125,-106.17267608642578,3.63740611076355,,
,,17299,,,731.6737174987793,,,,,,
,,17299,,31.24403953552246,,,,,,,
11,,17299,,,,3.6373796463012695,-101.36150360107422,-101.36150360107422,3.6373796463012695,,
,,17349,,,731.4670085906982,,,,,,
,,17349,,13.485431671142578,,,,,,,
11,,17349,,,,3.6373908519744873,-106.02213287353516,-106.02213287353516,3.6373908519744873,,
,,17399,,,722.7933406829834,,,,,,
,,17399,,30.92169761657715,,,,,,,
11,,17399,,,,3.63736891746521,-106.27680969238281,-106.27681732177734,3.63736891746521,,
,,17449,,,719.6273803710938,,,,,,
,,17449,,12.798786163330078,,,,,,,
11,,17449,,,,3.6373934745788574,-106.74082946777344,-106.74083709716797,3.6373934745788574,,
,,17499,,,713.3538722991943,,,,,,
,,17499,,31.186342239379883,,,,,,,
11,,17499,,,,3.637363910675049,-103.36686706542969,-103.36687469482422,3.637363910675049,,
,,17549,,,731.22239112854,,,,,,
,,17549,,13.024091720581055,,,,,,,
11,,17549,,,,3.637392520904541,-101.75871276855469,-101.75872039794922,3.637392520904541,,
,,17599,,,729.2404174804688,,,,,,
,,17599,,30.750036239624023,,,,,,,
11,,17599,,,,3.637396812438965,-107.79339599609375,-107.79339599609375,3.637396812438965,,
,,17649,,,730.1039695739746,,,,,,
,,17649,,13.241767883300781,,,,,,,
11,,17649,,,,3.6374027729034424,-103.24641418457031,-103.24642944335938,3.6374027729034424,,
,,17699,,,724.8127460479736,,,,,,
,,17699,,31.871318817138672,,,,,,,
11,,17699,,,,3.637378454208374,-104.6209716796875,-104.6209716796875,3.637378454208374,,
,,17749,,,719.9900150299072,,,,,,
,,17749,,12.826919555664062,,,,,,,
11,,17749,,,,3.6373836994171143,-104.69441986083984,-104.69442749023438,3.6373836994171143,,
,,17799,,,715.9848213195801,,,,,,
,,17799,,29.216289520263672,,,,,,,
11,,17799,,,,3.6373937129974365,-101.8193588256836,-101.81937408447266,3.6373937129974365,,
,,17849,,,725.2621650695801,,,,,,
,,17849,,12.999773025512695,,,,,,,
11,,17849,,,,3.6373937129974365,-105.77369689941406,-105.77371215820312,3.6373937129974365,,
,,17899,,,720.9100723266602,,,,,,
,,17899,,30.576467514038086,,,,,,,
11,,17899,,,,3.637394905090332,-105.753173828125,-105.75318145751953,3.637394905090332,,
,,17949,,,721.5316295623779,,,,,,
,,17949,,12.98379898071289,,,,,,,
11,,17949,,,,3.637396812438965,-102.79948425292969,-102.79947662353516,3.637396812438965,,
,,17999,,,720.7610607147217,,,,,,
,,17999,,30.027389526367188,,,,,,,
11,,17999,,,,3.637397289276123,-105.80498504638672,-105.80500030517578,3.637397289276123,,
,,18049,,,717.8540229797363,,,,,,
,,18049,,12.602567672729492,,,,,,,
11,,18049,,,,3.637376546859741,-106.67542266845703,-106.67543029785156,3.637376546859741,,
,,18099,,,721.5673923492432,,,,,,
,,18099,,30.698776245117188,,,,,,,
11,,18099,,,,3.637399911880493,-104.43388366699219,-104.43388366699219,3.637399911880493,,
,,18149,,,719.3593978881836,,,,,,
,,18149,,13.007164001464844,,,,,,,
11,,18149,,,,3.637392997741699,-99.59375,-99.59375762939453,3.637392997741699,,
,,18199,,,723.761796951294,,,,,,
,,18199,,28.876543045043945,,,,,,,
11,,18199,,,,3.6373984813690186,-104.81251525878906,-104.81251525878906,3.6373984813690186,,
,,18249,,,736.175537109375,,,,,,
,,18249,,12.293100357055664,,,,,,,
11,,18249,,,,3.637403726577759,-104.50582885742188,-104.5058364868164,3.637403726577759,,
,,18299,,,721.3325500488281,,,,,,
,,18299,,29.798269271850586,,,,,,,
11,,18299,,,,3.6374034881591797,-103.3668212890625,-103.3668212890625,3.6374034881591797,,
,,18349,,,721.7502593994141,,,,,,
,,18349,,12.536287307739258,,,,,,,
11,,18349,,,,3.6373791694641113,-105.54471588134766,-105.54471588134766,3.6373791694641113,,
,,18399,,,722.8531837463379,,,,,,
,,18399,,30.310869216918945,,,,,,,
11,,18399,,,,3.6373984813690186,-101.48532104492188,-101.4853286743164,3.6373984813690186,,
,,18449,,,731.9600582122803,,,,,,
,,18449,,12.846946716308594,,,,,,,
11,,18449,,,,3.6373889446258545,-106.16329956054688,-106.16329956054688,3.6373889446258545,,
,,18499,,,726.0901927947998,,,,,,
,,18499,,30.664682388305664,,,,,,,
11,,18499,,,,3.6374034881591797,-103.49791717529297,-103.4979248046875,3.6374034881591797,,
,,18549,,,726.6910076141357,,,,,,
,,18549,,12.184858322143555,,,,,,,
11,,18549,,,,3.637408971786499,-107.52322387695312,-107.52322387695312,3.637408971786499,,
,,18599,,,715.6553268432617,,,,,,
,,18599,,30.016422271728516,,,,,,,
11,,18599,,,,3.6373846530914307,-103.18171691894531,-103.18171691894531,3.6373846530914307,,
,,18649,,,710.0412845611572,,,,,,
,,18649,,12.33053207397461,,,,,,,
11,,18649,,,,3.6373891830444336,-103.90071105957031,-103.90071868896484,3.6373891830444336,,
,,18699,,,729.9697399139404,,,,,,
,,18699,,30.309438705444336,,,,,,,
11,,18699,,,,3.637378215789795,-103.26251983642578,-103.26251983642578,3.637378215789795,,
,,18749,,,720.9372520446777,,,,,,
,,18749,,12.459039688110352,,,,,,,
11,,18749,,,,3.637586832046509,-103.8636245727539,-103.86363220214844,3.637586832046509,,
11,,18755,,,,,,,,-104.35049438476562,-104.39286804199219
,,18756,1358.5517761707306,,,,,,,,
,0.0003,18756,,,,,,,,,
,,18799,,,733.6184978485107,,,,,,
,,18799,,31.38279914855957,,,,,,,
12,,18799,,,,3.6392736434936523,-101.93931579589844,-101.96025085449219,3.6392736434936523,,
,,18849,,,445.1570510864258,,,,,,
,,18849,,7.913112640380859,,,,,,,
12,,18849,,,,3.753101110458374,-54.379859924316406,-60.09909439086914,3.753101110458374,,
,,18899,,,468.67871284484863,,,,,,
,,18899,,25.846481323242188,,,,,,,
12,,18899,,,,3.752704381942749,-58.00444793701172,-63.23224639892578,3.752704381942749,,
,,18949,,,728.8031578063965,,,,,,
,,18949,,12.774229049682617,,,,,,,
12,,18949,,,,3.575192451477051,-86.17788696289062,-103.56643676757812,3.575192451477051,,
,,18999,,,724.9984741210938,,,,,,
,,18999,,30.25078773498535,,,,,,,
12,,18999,,,,3.7341604232788086,-54.59648132324219,-60.27428436279297,3.7341604232788086,,
,,19049,,,719.733476638794,,,,,,
,,19049,,12.446403503417969,,,,,,,
12,,19049,,,,3.6363375186920166,-94.16091918945312,-96.84355163574219,3.6363375186920166,,
,,19099,,,722.6724624633789,,,,,,
,,19099,,30.347347259521484,,,,,,,
12,,19099,,,,3.6448423862457275,-97.57415771484375,-98.26217651367188,3.6448423862457275,,
,,19149,,,723.9170074462891,,,,,,
,,19149,,13.298749923706055,,,,,,,
12,,19149,,,,3.646780014038086,-104.0304183959961,-104.41118621826172,3.646780014038086,,
,,19199,,,714.1666412353516,,,,,,
,,19199,,30.198097229003906,,,,,,,
12,,19199,,,,3.6404497623443604,-109.74781799316406,-110.4452133178711,3.6404497623443604,,
,,19249,,,730.9117317199707,,,,,,
,,19249,,12.772321701049805,,,,,,,
12,,19249,,,,3.643803596496582,-100.12117767333984,-100.60761260986328,3.643803596496582,,
,,19299,,,728.1816005706787,,,,,,
,,19299,,30.43222427368164,,,,,,,
12,,19299,,,,3.642740488052368,-107.7380142211914,-108.30243682861328,3.642740488052368,,
,,19349,,,719.2337512969971,,,,,,
,,19349,,12.409448623657227,,,,,,,
12,,19349,,,,3.6403868198394775,-105.1933822631836,-105.42044067382812,3.6403868198394775,,
,,19399,,,719.1708087921143,,,,,,
,,19399,,30.371427536010742,,,,,,,
12,,19399,,,,3.6393628120422363,-107.29537963867188,-107.54267120361328,3.6393628120422363,,
,,19449,,,731.534481048584,,,,,,
,,19449,,13.036012649536133,,,,,,,
12,,19449,,,,3.641055107116699,-102.83104705810547,-103.17466735839844,3.641055107116699,,
,,19499,,,724.6050834655762,,,,,,
,,19499,,31.12506866455078,,,,,,,
12,,19499,,,,3.637911558151245,-106.02658081054688,-106.18572235107422,3.637911558151245,,
,,19549,,,718.7352180480957,,,,,,
,,19549,,12.80665397644043,,,,,,,
12,,19549,,,,3.6364681720733643,-100.57645416259766,-100.79339599609375,3.6364681720733643,,
,,19599,,,729.4929027557373,,,,,,
,,19599,,30.324220657348633,,,,,,,
12,,19599,,,,3.6298420429229736,-99.79544830322266,-100.22821044921875,3.6298420429229736,,
,,19649,,,720.5555438995361,,,,,,
,,19649,,11.562108993530273,,,,,,,
12,,19649,,,,3.6369142532348633,-101.38404846191406,-101.62570190429688,3.6369142532348633,,
,,19699,,,724.8809337615967,,,,,,
,,19699,,30.627965927124023,,,,,,,
12,,19699,,,,3.637578010559082,-100.30958557128906,-100.43146514892578,3.637578010559082,,
,,19749,,,728.9745807647705,,,,,,
,,19749,,13.079166412353516,,,,,,,
12,,19749,,,,3.637192964553833,-102.2447280883789,-102.33501434326172,3.637192964553833,,
,,19799,,,730.1092147827148,,,,,,
,,19799,,30.87639808654785,,,,,,,
12,,19799,,,,3.638695478439331,-100.82081604003906,-100.9218521118164,3.638695478439331,,
,,19849,,,744.3366050720215,,,,,,
,,19849,,13.282060623168945,,,,,,,
12,,19849,,,,3.6387569904327393,-101.95649719238281,-102.08562469482422,3.6387569904327393,,
,,19899,,,741.2569522857666,,,,,,
,,19899,,31.64196014404297,,,,,,,
12,,19899,,,,3.6362528800964355,-102.62611389160156,-102.78728485107422,3.6362528800964355,,
,,19949,,,718.451976776123,,,,,,
,,19949,,13.103485107421875,,,,,,,
12,,19949,,,,3.6385185718536377,-104.22640991210938,-104.2799301147461,3.6385185718536377,,
,,19999,,,715.7764434814453,,,,,,
,,19999,,30.972003936767578,,,,,,,
12,,19999,,,,3.637195348739624,-102.386474609375,-102.43195343017578,3.637195348739624,,
,,20049,,,715.0590419769287,,,,,,
,,20049,,12.584924697875977,,,,,,,
12,,20049,,,,3.638303518295288,-102.36050415039062,-102.42693328857422,3.638303518295288,,
,,20099,,,739.0365600585938,,,,,,
,,20099,,30.670881271362305,,,,,,,
12,,20099,,,,3.637117862701416,-103.68586730957031,-103.77051544189453,3.637117862701416,,
,,20149,,,735.7890605926514,,,,,,
,,20149,,12.818098068237305,,,,,,,
12,,20149,,,,3.6378841400146484,-101.09748077392578,-101.1908950805664,3.6378841400146484,,
,,20199,,,726.5617847442627,,,,,,
,,20199,,31.596660614013672,,,,,,,
12,,20199,,,,3.638014078140259,-103.85220336914062,-103.94216918945312,3.638014078140259,,
,,20249,,,716.6268825531006,,,,,,
,,20249,,10.999679565429688,,,,,,,
12,,20249,,,,3.638627767562866,-99.12547302246094,-99.18646240234375,3.638627767562866,,
,,20299,,,731.3342094421387,,,,,,
,,20299,,30.42125701904297,,,,,,,
12,,20299,,,,3.6375317573547363,-102.73017883300781,-102.75099182128906,3.6375317573547363,,
12,,20318,,,,,,,,-104.28516387939453,-104.37415313720703
,,20319,1339.6294252872467,,,,,,,,
,0.0003,20319,,,,,,,,,
,,20349,,,732.2096824645996,,,,,,
,,20349,,12.662172317504883,,,,,,,
13,,20349,,,,3.6378674507141113,-108.99395751953125,-109.22835540771484,3.6378674507141113,,
,,20399,,,730.4947376251221,,,,,,
,,20399,,30.20191192626953,,,,,,,
13,,20399,,,,3.6348419189453125,-104.71733093261719,-104.8436508178711,3.6348419189453125,,
,,20449,,,729.3186187744141,,,,,,
,,20449,,12.561321258544922,,,,,,,
13,,20449,,,,3.6379384994506836,-103.56759643554688,-103.58349609375,3.6379384994506836,,
,,20499,,,718.0287837982178,,,,,,
,,20499,,30.102252960205078,,,,,,,
13,,20499,,,,3.6382665634155273,-106.9212646484375,-106.9969482421875,3.6382665634155273,,
,,20549,,,713.4582996368408,,,,,,
,,20549,,12.489080429077148,,,,,,,
13,,20549,,,,3.6317903995513916,-106.5197982788086,-106.83267211914062,3.6317903995513916,,
,,20599,,,716.8099880218506,,,,,,
,,20599,,28.8083553314209,,,,,,,
13,,20599,,,,3.6378109455108643,-102.58877563476562,-102.63712310791016,3.6378109455108643,,
,,20649,,,725.9223461151123,,,,,,
,,20649,,12.234210968017578,,,,,,,
13,,20649,,,,3.6372509002685547,-104.59646606445312,-104.61856842041016,3.6372509002685547,,
,,20699,,,713.6156558990479,,,,,,
,,20699,,30.65633773803711,,,,,,,
13,,20699,,,,3.6379668712615967,-105.48379516601562,-105.51168060302734,3.6379668712615967,,
,,20749,,,712.5649452209473,,,,,,
,,20749,,12.227773666381836,,,,,,,
13,,20749,,,,3.6390364170074463,-100.26670837402344,-100.32080078125,3.6390364170074463,,
,,20799,,,712.9580974578857,,,,,,
,,20799,,30.239582061767578,,,,,,,
13,,20799,,,,3.6373777389526367,-106.57674407958984,-106.5869140625,3.6373777389526367,,
,,20849,,,721.5301990509033,,,,,,
,,20849,,12.61591911315918,,,,,,,
13,,20849,,,,3.6369450092315674,-103.47140502929688,-103.48069763183594,3.6369450092315674,,
,,20899,,,722.9914665222168,,,,,,
,,20899,,28.961658477783203,,,,,,,
13,,20899,,,,3.6373863220214844,-103.47821044921875,-103.49905395507812,3.6373863220214844,,
,,20949,,,720.5450534820557,,,,,,
,,20949,,14.340400695800781,,,,,,,
13,,20949,,,,3.6370654106140137,-103.02656555175781,-103.03917694091797,3.6370654106140137,,
,,20999,,,721.3366031646729,,,,,,
,,20999,,30.62605857849121,,,,,,,
13,,20999,,,,3.637120246887207,-106.81047058105469,-106.82262420654297,3.637120246887207,,
,,21049,,,720.1671600341797,,,,,,
,,21049,,12.365579605102539,,,,,,,
13,,21049,,,,3.637517213821411,-104.66534423828125,-104.66535186767578,3.637517213821411,,
,,21099,,,728.2211780548096,,,,,,
,,21099,,30.31468391418457,,,,,,,
13,,21099,,,,3.6375253200531006,-104.13737487792969,-104.16925811767578,3.6375253200531006,,
,,21149,,,729.3519973754883,,,,,,
,,21149,,12.747049331665039,,,,,,,
13,,21149,,,,3.6372408866882324,-104.58409881591797,-104.60173797607422,3.6372408866882324,,
,,21199,,,727.9331684112549,,,,,,
,,21199,,30.73740005493164,,,,,,,
13,,21199,,,,3.6373302936553955,-102.55497741699219,-102.55497741699219,3.6373302936553955,,
,,21249,,,723.304033279419,,,,,,
,,21249,,12.185096740722656,,,,,,,
13,,21249,,,,3.637439489364624,-102.90913391113281,-102.92603302001953,3.637439489364624,,
,,21299,,,733.4198951721191,,,,,,
,,21299,,30.146121978759766,,,,,,,
13,,21299,,,,3.6369378566741943,-102.23060607910156,-102.26222229003906,3.6369378566741943,,
,,21349,,,730.7217121124268,,,,,,
,,21349,,12.936830520629883,,,,,,,
13,,21349,,,,3.63747239112854,-109.84900665283203,-109.85177612304688,3.63747239112854,,
,,21399,,,714.0812873840332,,,,,,
,,21399,,30.153989791870117,,,,,,,
13,,21399,,,,3.6374077796936035,-103.98959350585938,-103.98959350585938,3.6374077796936035,,
,,21449,,,713.6156558990479,,,,,,
,,21449,,12.636661529541016,,,,,,,
13,,21449,,,,3.641737699508667,-102.53073120117188,-102.7663345336914,3.641737699508667,,
,,21499,,,713.1633758544922,,,,,,
,,21499,,29.872417449951172,,,,,,,
13,,21499,,,,3.637256622314453,-105.74712371826172,-105.77364349365234,3.637256622314453,,
,,21549,,,717.2055244445801,,,,,,
,,21549,,12.419700622558594,,,,,,,
13,,21549,,,,3.637519359588623,-103.63616943359375,-103.63965606689453,3.637519359588623,,
,,21599,,,726.5567779541016,,,,,,
,,21599,,30.518293380737305,,,,,,,
13,,21599,,,,3.6376452445983887,-106.78781127929688,-106.78781127929688,3.6376452445983887,,
,,21649,,,714.4181728363037,,,,,,
,,21649,,12.644529342651367,,,,,,,
13,,21649,,,,3.637183666229248,-103.41014099121094,-103.41390228271484,3.637183666229248,,
,,21699,,,723.5009670257568,,,,,,
,,21699,,30.896663665771484,,,,,,,
13,,21699,,,,3.6372997760772705,-108.03692626953125,-108.03694152832031,3.6372997760772705,,
,,21749,,,726.398229598999,,,,,,
,,21749,,12.82644271850586,,,,,,,
13,,21749,,,,3.637449264526367,-106.23526000976562,-106.23526763916016,3.637449264526367,,
,,21799,,,718.0213928222656,,,,,,
,,21799,,30.643463134765625,,,,,,,
13,,21799,,,,3.6373167037963867,-107.46885681152344,-107.50198364257812,3.6373167037963867,,
,,21849,,,714.2984867095947,,,,,,
,,21849,,13.05079460144043,,,,,,,
13,,21849,,,,3.637467622756958,-103.13211059570312,-103.13790893554688,3.637467622756958,,
13,,21881,,,,,,,,-104.3526382446289,-104.3621597290039
,,21882,1354.9547469615936,,,,,,,,
,0.0003,21882,,,,,,,,,
,,21899,,,727.1854877471924,,,,,,
,,21899,,29.241561889648438,,,,,,,
14,,21899,,,,3.6377153396606445,-99.72216796875,-99.75885772705078,3.6377153396606445,,
,,21949,,,720.3066349029541,,,,,,
,,21949,,12.470722198486328,,,,,,,
14,,21949,,,,3.6374239921569824,-100.38406372070312,-100.39830780029297,3.6374239921569824,,
,,21999,,,715.5115604400635,,,,,,
,,21999,,30.805587768554688,,,,,,,
14,,21999,,,,3.6375982761383057,-103.99771118164062,-103.99771881103516,3.6375982761383057,,
,,22049,,,720.1812267303467,,,,,,
,,22049,,11.850357055664062,,,,,,,
14,,22049,,,,3.637476682662964,-103.51707458496094,-103.5170669555664,3.637476682662964,,
,,22099,,,721.4722633361816,,,,,,
,,22099,,30.470848083496094,,,,,,,
14,,22099,,,,3.6371710300445557,-101.9954605102539,-102.01046752929688,3.6371710300445557,,
,,22149,,,720.4418182373047,,,,,,
,,22149,,12.582063674926758,,,,,,,
14,,22149,,,,3.637446403503418,-107.34768676757812,-107.34769439697266,3.637446403503418,,
,,22199,,,726.3777256011963,,,,,,
,,22199,,30.931711196899414,,,,,,,
14,,22199,,,,3.637479066848755,-102.52728271484375,-102.5358657836914,3.637479066848755,,
,,22249,,,725.6355285644531,,,,,,
,,22249,,12.664794921875,,,,,,,
14,,22249,,,,3.6374917030334473,-102.33100128173828,-102.33100128173828,3.6374917030334473,,
,,22299,,,724.5316505432129,,,,,,
,,22299,,31.3112735748291,,,,,,,
14,,22299,,,,3.637467622756958,-103.08262634277344,-103.08263397216797,3.637467622756958,,
,,22349,,,718.7702655792236,,,,,,
,,22349,,13.600587844848633,,,,,,,
14,,22349,,,,3.6373486518859863,-103.91342163085938,-103.91343688964844,3.6373486518859863,,
,,22399,,,724.4219779968262,,,,,,
,,22399,,30.616283416748047,,,,,,,
14,,22399,,,,3.6373796463012695,-100.08047485351562,-100.08048248291016,3.6373796463012695,,
,,22449,,,717.5359725952148,,,,,,
,,22449,,12.90583610534668,,,,,,,
14,,22449,,,,3.6375415325164795,-106.79824829101562,-106.82415008544922,3.6375415325164795,,
,,22499,,,722.8553295135498,,,,,,
,,22499,,30.297040939331055,,,,,,,
14,,22499,,,,3.637704372406006,-104.24798583984375,-104.24798583984375,3.637704372406006,,
,,22549,,,721.9016551971436,,,,,,
,,22549,,12.945890426635742,,,,,,,
14,,22549,,,,3.63744854927063,-100.19425964355469,-100.19426727294922,3.63744854927063,,
,,22599,,,728.2085418701172,,,,,,
,,22599,,31.49104118347168,,,,,,,
14,,22599,,,,3.637547016143799,-103.3831558227539,-103.41413879394531,3.637547016143799,,
,,22649,,,719.3553447723389,,,,,,
,,22649,,13.698339462280273,,,,,,,
14,,22649,,,,3.637216091156006,-105.45096588134766,-105.45097351074219,3.637216091156006,,
,,22699,,,726.1712551116943,,,,,,
,,22699,,30.646800994873047,,,,,,,
14,,22699,,,,3.637566089630127,-105.42182922363281,-105.42183685302734,3.637566089630127,,
,,22749,,,724.816083908081,,,,,,
,,22749,,13.3514404296875,,,,,,,
14,,22749,,,,3.637542724609375,-107.31607055664062,-107.3277587890625,3.637542724609375,,
,,22799,,,735.1682186126709,,,,,,
,,22799,,30.57122230529785,,,,,,,
14,,22799,,,,3.637427806854248,-106.04314422607422,-106.04314422607422,3.637427806854248,,
,,22849,,,730.1437854766846,,,,,,
,,22849,,13.983964920043945,,,,,,,
14,,22849,,,,3.6373848915100098,-106.46197509765625,-106.46198272705078,3.6373848915100098,,
,,22899,,,722.409725189209,,,,,,
,,22899,,30.565738677978516,,,,,,,
14,,22899,,,,3.6374239921569824,-106.08331298828125,-106.08332061767578,3.6374239921569824,,
,,22949,,,734.8828315734863,,,,,,
,,22949,,13.106107711791992,,,,,,,
14,,22949,,,,3.637349843978882,-104.39376831054688,-104.3937759399414,3.637349843978882,,
,,22999,,,727.3731231689453,,,,,,
,,22999,,32.18817710876465,,,,,,,
14,,22999,,,,3.6373448371887207,-104.40077209472656,-104.4007797241211,3.6373448371887207,,
,,23049,,,741.7621612548828,,,,,,
,,23049,,13.212203979492188,,,,,,,
14,,23049,,,,3.637612819671631,-105.88960266113281,-106.02774810791016,3.637612819671631,,
,,23099,,,725.8732318878174,,,,,,
,,23099,,31.695127487182617,,,,,,,
14,,23099,,,,3.6375222206115723,-100.59413146972656,-100.60554504394531,3.6375222206115723,,
,,23149,,,729.2764186859131,,,,,,
,,23149,,13.428449630737305,,,,,,,
14,,23149,,,,3.6374363899230957,-102.98503112792969,-102.99819946289062,3.6374363899230957,,
,,23199,,,732.4481010437012,,,,,,
,,23199,,31.053543090820312,,,,,,,
14,,23199,,,,3.637451171875,-103.09913635253906,-103.10865020751953,3.637451171875,,
,,23249,,,721.9350337982178,,,,,,
,,23249,,13.247489929199219,,,,,,,
14,,23249,,,,3.6376752853393555,-106.49840545654297,-106.5716552734375,3.6376752853393555,,
,,23299,,,739.788293838501,,,,,,
,,23299,,31.48174285888672,,,,,,,
14,,23299,,,,3.638444423675537,-101.25349426269531,-101.2680435180664,3.638444423675537,,
,,23349,,,724.6849536895752,,,,,,
,,23349,,13.576269149780273,,,,,,,
14,,23349,,,,3.6377220153808594,-105.89056396484375,-105.94214630126953,3.6377220153808594,,
,,23399,,,729.8667430877686,,,,,,
,,23399,,31.95953369140625,,,,,,,
14,,23399,,,,3.6373753547668457,-106.27067565917969,-106.27068328857422,3.6373753547668457,,
14,,23444,,,,,,,,-104.17516326904297,-104.38733673095703
,,23445,1362.145043849945,,,,,,,,
,0.0003,23445,,,,,,,,,
,,23449,,,721.5616703033447,,,,,,
,,23449,,12.988090515136719,,,,,,,
15,,23449,,,,3.637444257736206,-109.27269744873047,-109.27268981933594,3.637444257736206,,
,,23499,,,726.841926574707,,,,,,
,,23499,,30.459165573120117,,,,,,,
15,,23499,,,,3.6374189853668213,-102.97309112548828,-102.97310638427734,3.6374189853668213,,
,,23549,,,718.8074588775635,,,,,,
,,23549,,13.199806213378906,,,,,,,
15,,23549,,,,3.6374733448028564,-106.86001586914062,-106.86001586914062,3.6374733448028564,,
,,23599,,,728.022575378418,,,,,,
,,23599,,30.849933624267578,,,,,,,
15,,23599,,,,3.6373848915100098,-105.97048950195312,-105.97049713134766,3.6373848915100098,,
,,23649,,,731.909990310669,,,,,,
,,23649,,12.965917587280273,,,,,,,
15,,23649,,,,3.637392520904541,-105.65161895751953,-105.65161895751953,3.637392520904541,,
,,23699,,,722.332239151001,,,,,,
,,23699,,31.108856201171875,,,,,,,
15,,23699,,,,3.6373939514160156,-103.3797836303711,-103.37979125976562,3.6373939514160156,,
,,23749,,,724.2681980133057,,,,,,
,,23749,,12.924432754516602,,,,,,,
15,,23749,,,,3.637720823287964,-101.0149154663086,-101.07109832763672,3.637720823287964,,
,,23799,,,730.1449775695801,,,,,,
,,23799,,30.72810173034668,,,,,,,
15,,23799,,,,3.6375622749328613,-107.5693588256836,-107.56937408447266,3.6375622749328613,,
,,23849,,,733.7617874145508,,,,,,
,,23849,,12.883186340332031,,,,,,,
15,,23849,,,,3.6373839378356934,-103.80613708496094,-103.80613708496094,3.6373839378356934,,
,,23899,,,735.6777191162109,,,,,,
,,23899,,30.947446823120117,,,,,,,
15,,23899,,,,3.6419482231140137,-102.48638153076172,-103.23452758789062,3.6419482231140137,,
,,23949,,,724.1268157958984,,,,,,
,,23949,,13.056278228759766,,,,,,,
15,,23949,,,,3.637063503265381,-102.6801986694336,-102.8062744140625,3.637063503265381,,
,,23999,,,728.3439636230469,,,,,,
,,23999,,32.69386291503906,,,,,,,
15,,23999,,,,3.6373722553253174,-107.79595184326172,-107.837890625,3.6373722553253174,,
,,24049,,,728.4502983093262,,,,,,
,,24049,,13.05532455444336,,,,,,,
15,,24049,,,,3.6373486518859863,-105.76753997802734,-105.78070068359375,3.6373486518859863,,
,,24099,,,726.355791091919,,,,,,
,,24099,,30.893325805664062,,,,,,,
15,,24099,,,,3.638317823410034,-106.56887817382812,-106.76207733154297,3.638317823410034,,
,,24149,,,720.1826572418213,,,,,,
,,24149,,13.173818588256836,,,,,,,
15,,24149,,,,3.638871908187866,-101.84158325195312,-101.87110900878906,3.638871908187866,,
,,24199,,,730.9393882751465,,,,,,
,,24199,,31.344890594482422,,,,,,,
15,,24199,,,,3.659755229949951,-101.13484954833984,-101.44278717041016,3.659755229949951,,
,,24249,,,726.412296295166,,,,,,
,,24249,,13.623237609863281,,,,,,,
15,,24249,,,,3.637685537338257,-102.58268737792969,-102.60529327392578,3.637685537338257,,
,,24299,,,727.3635864257812,,,,,,
,,24299,,31.332969665527344,,,,,,,
15,,24299,,,,3.6377720832824707,-102.39861297607422,-102.41329956054688,3.6377720832824707,,
,,24349,,,726.5827655792236,,,,,,
,,24349,,12.786388397216797,,,,,,,
15,,24349,,,,3.6367387771606445,-103.64855194091797,-103.65677642822266,3.6367387771606445,,
,,24399,,,730.9153079986572,,,,,,
,,24399,,32.965660095214844,,,,,,,
15,,24399,,,,3.6373465061187744,-104.07798767089844,-104.07798767089844,3.6373465061187744,,
,,24449,,,726.1600494384766,,,,,,
,,24449,,12.765884399414062,,,,,,,
15,,24449,,,,3.6374289989471436,-106.20098876953125,-106.20099639892578,3.6374289989471436,,
,,24499,,,718.677282333374,,,,,,
,,24499,,30.73263168334961,,,,,,,
15,,24499,,,,3.637486457824707,-107.44456481933594,-107.44456481933594,3.637486457824707,,
,,24549,,,718.9490795135498,,,,,,
,,24549,,12.665987014770508,,,,,,,
15,,24549,,,,3.6414952278137207,-105.20148468017578,-105.29415130615234,3.6414952278137207,,
,,24599,,,718.6312675476074,,,,,,
,,24599,,30.144453048706055,,,,,,,
15,,24599,,,,3.637399911880493,-104.41184997558594,-104.41184997558594,3.637399911880493,,
,,24649,,,715.2655124664307,,,,,,
,,24649,,12.706279754638672,,,,,,,
15,,24649,,,,3.6373722553253174,-99.5274658203125,-99.5274658203125,3.6373722553253174,,
,,24699,,,717.0505523681641,,,,,,
,,24699,,31.033754348754883,,,,,,,
15,,24699,,,,3.637392520904541,-105.16644287109375,-105.16644287109375,3.637392520904541,,
,,24749,,,714.3819332122803,,,,,,
,,24749,,12.682437896728516,,,,,,,
15,,24749,,,,3.637514591217041,-104.47246551513672,-104.47248077392578,3.637514591217041,,
,,24799,,,721.0054397583008,,,,,,
,,24799,,30.454635620117188,,,,,,,
15,,24799,,,,3.637282371520996,-102.28291320800781,-102.28292083740234,3.637282371520996,,
,,24849,,,725.7773876190186,,,,,,
,,24849,,13.219356536865234,,,,,,,
15,,24849,,,,3.637230396270752,-104.47499084472656,-104.4749984741211,3.637230396270752,,
,,24899,,,725.7857322692871,,,,,,
,,24899,,30.364036560058594,,,,,,,
15,,24899,,,,3.6374034881591797,-104.27236938476562,-104.27236938476562,3.6374034881591797,,
,,24949,,,718.4579372406006,,,,,,
,,24949,,11.326789855957031,,,,,,,
15,,24949,,,,3.637373685836792,-105.40684509277344,-105.40685272216797,3.637373685836792,,
,,24999,,,718.3547019958496,,,,,,
,,24999,,30.190706253051758,,,,,,,
15,,24999,,,,3.6373841762542725,-105.51536560058594,-105.51536560058594,3.6373841762542725,,
15,,25007,,,,,,,,-104.16508483886719,-104.39034271240234
,,25008,1363.6498878002167,,,,,,,,
,0.0003,25008,,,,,,,,,
,,25049,,,737.471342086792,,,,,,
,,25049,,12.652397155761719,,,,,,,
16,,25049,,,,3.6374034881591797,-102.81522369384766,-102.81523132324219,3.6374034881591797,,
,,25099,,,720.3614711761475,,,,,,
,,25099,,30.171871185302734,,,,,,,
16,,25099,,,,3.637366771697998,-104.86715698242188,-104.8671646118164,3.637366771697998,,
,,25149,,,718.7914848327637,,,,,,
,,25149,,12.994766235351562,,,,,,,
16,,25149,,,,3.6374013423919678,-102.47147369384766,-102.47148132324219,3.6374013423919678,,
,,25199,,,721.6744422912598,,,,,,
,,25199,,29.742002487182617,,,,,,,
16,,25199,,,,3.637392520904541,-103.76692962646484,-103.76692962646484,3.637392520904541,,
,,25249,,,719.447135925293,,,,,,
,,25249,,12.934207916259766,,,,,,,
16,,25249,,,,3.637392520904541,-105.28756713867188,-105.2875747680664,3.637392520904541,,
,,25299,,,717.4367904663086,,,,,,
,,25299,,31.021833419799805,,,,,,,
16,,25299,,,,3.6373894214630127,-104.02619934082031,-104.02620697021484,3.6373894214630127,,
,,25349,,,721.0583686828613,,,,,,
,,25349,,12.686491012573242,,,,,,,
16,,25349,,,,3.637392997741699,-103.77139282226562,-103.77140045166016,3.637392997741699,,
,,25399,,,712.6564979553223,,,,,,
,,25399,,31.312942504882812,,,,,,,
16,,25399,,,,3.637399435043335,-104.51802825927734,-104.51802825927734,3.637399435043335,,
,,25449,,,720.5817699432373,,,,,,
,,25449,,12.840986251831055,,,,,,,
16,,25449,,,,3.6374011039733887,-107.22921752929688,-107.22921752929688,3.6374011039733887,,
,,25499,,,713.3655548095703,,,,,,
,,25499,,30.90667724609375,,,,,,,
16,,25499,,,,3.6374027729034424,-103.97909545898438,-103.97909545898438,3.6374027729034424,,
,,25549,,,712.2080326080322,,,,,,
,,25549,,13.161897659301758,,,,,,,
16,,25549,,,,3.637392282485962,-102.36560821533203,-102.36561584472656,3.637392282485962,,
,,25599,,,717.1947956085205,,,,,,
,,25599,,32.47237205505371,,,,,,,
16,,25599,,,,3.637380838394165,-104.02406311035156,-104.0240707397461,3.637380838394165,,
,,25649,,,725.2740859985352,,,,,,
,,25649,,12.590169906616211,,,,,,,
16,,25649,,,,3.6373748779296875,-103.33430480957031,-103.33430480957031,3.6373748779296875,,
,,25699,,,719.5305824279785,,,,,,
,,25699,,30.15899658203125,,,,,,,
16,,25699,,,,3.6373889446258545,-105.80382537841797,-105.80382537841797,3.6373889446258545,,
,,25749,,,716.4402008056641,,,,,,
,,25749,,11.266469955444336,,,,,,,
16,,25749,,,,3.637397289276123,-105.94923400878906,-105.94923400878906,3.637397289276123,,
,,25799,,,721.6651439666748,,,,,,
,,25799,,30.693531036376953,,,,,,,
16,,25799,,,,3.6373674869537354,-106.58739471435547,-106.58740234375,3.6373674869537354,,
,,25849,,,714.5981788635254,,,,,,
,,25849,,13.092041015625,,,,,,,
16,,25849,,,,3.637342691421509,-111.15657806396484,-111.15657806396484,3.637342691421509,,
,,25899,,,718.6112403869629,,,,,,
,,25899,,30.612707138061523,,,,,,,
16,,25899,,,,3.6373984813690186,-106.01107788085938,-106.01109313964844,3.6373984813690186,,
,,25949,,,719.5801734924316,,,,,,
,,25949,,12.939691543579102,,,,,,,
16,,25949,,,,3.6408793926239014,-103.622802734375,-103.74714660644531,3.6408793926239014,,
,,25999,,,719.8476791381836,,,,,,
,,25999,,31.146526336669922,,,,,,,
16,,25999,,,,3.6373889446258545,-101.00636291503906,-101.00636291503906,3.6373889446258545,,
,,26049,,,714.8241996765137,,,,,,
,,26049,,11.626720428466797,,,,,,,
16,,26049,,,,3.6374218463897705,-104.61821746826172,-104.61821746826172,3.6374218463897705,,
,,26099,,,722.4271297454834,,,,,,
,,26099,,31.26239776611328,,,,,,,
16,,26099,,,,3.6373651027679443,-105.09785461425781,-105.09786224365234,3.6373651027679443,,
,,26149,,,719.1290855407715,,,,,,
,,26149,,14.566421508789062,,,,,,,
16,,26149,,,,3.6373863220214844,-102.6914291381836,-102.69142150878906,3.6373863220214844,,
,,26199,,,726.1171340942383,,,,,,
,,26199,,31.035900115966797,,,,,,,
16,,26199,,,,3.6374025344848633,-102.49720764160156,-102.49720764160156,3.6374025344848633,,
,,26249,,,717.9172039031982,,,,,,
,,26249,,15.020370483398438,,,,,,,
16,,26249,,,,3.637404203414917,-104.08583068847656,-104.0858154296875,3.637404203414917,,
,,26299,,,725.8956432342529,,,,,,
,,26299,,29.880762100219727,,,,,,,
16,,26299,,,,3.637402296066284,-105.94123840332031,-105.94124603271484,3.637402296066284,,
,,26349,,,715.123176574707,,,,,,
,,26349,,12.382268905639648,,,,,,,
16,,26349,,,,3.637364387512207,-105.80004119873047,-105.800048828125,3.637364387512207,,
,,26399,,,704.1060924530029,,,,,,
,,26399,,27.606964111328125,,,,,,,
16,,26399,,,,3.637368679046631,-104.93671417236328,-104.93671417236328,3.637368679046631,,
,,26449,,,708.6849212646484,,,,,,
,,26449,,11.962175369262695,,,,,,,
16,,26449,,,,3.6374316215515137,-104.82989501953125,-104.82990264892578,3.6374316215515137,,
,,26499,,,712.4552726745605,,,,,,
,,26499,,27.272462844848633,,,,,,,
16,,26499,,,,3.6374101638793945,-106.290771484375,-106.29077911376953,3.6374101638793945,,
,,26549,,,700.972318649292,,,,,,
,,26549,,9.577512741088867,,,,,,,
16,,26549,,,,3.6374025344848633,-100.69522094726562,-100.69522094726562,3.6374025344848633,,
16,,26570,,,,,,,,-103.99402618408203,-104.38912963867188
,,26571,1350.7406296730042,,,,,,,,
,0.0003,26571,,,,,,,,,
,,26599,,,711.0767364501953,,,,,,
,,26599,,27.124643325805664,,,,,,,
17,,26599,,,,3.637415647506714,-105.78673553466797,-105.78673553466797,3.637415647506714,,
,,26649,,,699.5162963867188,,,,,,
,,26649,,9.233951568603516,,,,,,,
17,,26649,,,,3.6374809741973877,-107.00051879882812,-107.00052642822266,3.6374809741973877,,
,,26699,,,707.3705196380615,,,,,,
,,26699,,26.377201080322266,,,,,,,
17,,26699,,,,3.637385129928589,-103.12788391113281,-103.12786865234375,3.637385129928589,,
,,26749,,,698.922872543335,,,,,,
,,26749,,9.095907211303711,,,,,,,
17,,26749,,,,3.6373815536499023,-104.3531494140625,-104.35316467285156,3.6373815536499023,,
,,26799,,,701.4427185058594,,,,,,
,,26799,,28.373003005981445,,,,,,,
17,,26799,,,,3.6374027729034424,-109.37144470214844,-109.37144470214844,3.6374027729034424,,
,,26849,,,709.1684341430664,,,,,,
,,26849,,11.481523513793945,,,,,,,
17,,26849,,,,3.6377384662628174,-104.16278839111328,-104.16278839111328,3.6377384662628174,,
,,26899,,,707.7486515045166,,,,,,
,,26899,,26.786088943481445,,,,,,,
17,,26899,,,,3.637509346008301,-104.2998275756836,-104.29983520507812,3.637509346008301,,
,,26949,,,1042.7560806274414,,,,,,
,,26949,,9.282112121582031,,,,,,,
17,,26949,,,,3.637563467025757,-105.06573486328125,-105.06574249267578,3.637563467025757,,
,,26999,,,704.704761505127,,,,,,
,,26999,,30.567407608032227,,,,,,,
17,,26999,,,,3.637547492980957,-106.693603515625,-106.69361114501953,3.637547492980957,,
,,27049,,,704.6775817871094,,,,,,
,,27049,,9.531497955322266,,,,,,,
17,,27049,,,,3.637691020965576,-104.41139221191406,-104.41140747070312,3.637691020965576,,
,,27099,,,702.955961227417,,,,,,
,,27099,,26.102781295776367,,,,,,,
17,,27099,,,,3.6373565196990967,-97.83238220214844,-97.83238220214844,3.6373565196990967,,
,,27149,,,713.0625247955322,,,,,,
,,27149,,11.695146560668945,,,,,,,
17,,27149,,,,3.637432813644409,-104.83024597167969,-104.83025360107422,3.637432813644409,,
,,27199,,,705.1839828491211,,,,,,
,,27199,,26.6568660736084,,,,,,,
17,,27199,,,,3.6372973918914795,-102.16507720947266,-102.16508483886719,3.6372973918914795,,
,,27249,,,707.1805000305176,,,,,,
,,27249,,9.16147232055664,,,,,,,
17,,27249,,,,3.637359619140625,-101.03700256347656,-101.03700256347656,3.637359619140625,,
,,27299,,,710.2806568145752,,,,,,
,,27299,,27.007102966308594,,,,,,,
17,,27299,,,,3.637364387512207,-103.55780029296875,-103.55780792236328,3.637364387512207,,
,,27349,,,697.4799633026123,,,,,,
,,27349,,9.127378463745117,,,,,,,
17,,27349,,,,3.637378454208374,-106.1510009765625,-106.15101623535156,3.637378454208374,,
,,27399,,,698.1346607208252,,,,,,
,,27399,,26.86166763305664,,,,,,,
17,,27399,,,,3.6374218463897705,-107.66062927246094,-107.66062927246094,3.6374218463897705,,
,,27449,,,699.8374462127686,,,,,,
,,27449,,8.868932723999023,,,,,,,
17,,27449,,,,3.637406587600708,-104.24201965332031,-104.24202728271484,3.637406587600708,,
,,27499,,,698.4968185424805,,,,,,
,,27499,,26.261568069458008,,,,,,,
17,,27499,,,,3.6374101638793945,-106.49929809570312,-106.49929809570312,3.6374101638793945,,
,,27549,,,706.700325012207,,,,,,
,,27549,,9.103059768676758,,,,,,,
17,,27549,,,,3.6374266147613525,-101.89888763427734,-101.89889526367188,3.6374266147613525,,
,,27599,,,705.2245140075684,,,,,,
,,27599,,26.80802345275879,,,,,,,
17,,27599,,,,3.6373631954193115,-104.29722595214844,-104.2972412109375,3.6373631954193115,,
,,27649,,,711.1592292785645,,,,,,
,,27649,,9.256362915039062,,,,,,,
17,,27649,,,,3.6374011039733887,-108.30567169189453,-108.30567932128906,3.6374011039733887,,
,,27699,,,702.8231620788574,,,,,,
,,27699,,27.239322662353516,,,,,,,
17,,27699,,,,3.6374125480651855,-106.01785278320312,-106.01785278320312,3.6374125480651855,,
,,27749,,,701.9062042236328,,,,,,
,,27749,,11.68060302734375,,,,,,,
17,,27749,,,,3.6374669075012207,-104.35980987548828,-104.35980987548828,3.6374669075012207,,
,,27799,,,698.7810134887695,,,,,,
,,27799,,26.465415954589844,,,,,,,
17,,27799,,,,3.637406587600708,-103.90816497802734,-103.90817260742188,3.637406587600708,,
,,27849,,,706.0165405273438,,,,,,
,,27849,,11.602640151977539,,,,,,,
17,,27849,,,,3.63747239112854,-100.8671875,-100.86719512939453,3.63747239112854,,
,,27899,,,698.3397006988525,,,,,,
,,27899,,26.51810646057129,,,,,,,
17,,27899,,,,3.634673595428467,-104.7512435913086,-104.99874877929688,3.634673595428467,,
,,27949,,,707.8945636749268,,,,,,
,,27949,,9.116172790527344,,,,,,,
17,,27949,,,,3.637394428253174,-103.89567565917969,-103.89566802978516,3.637394428253174,,
,,27999,,,705.3859233856201,,,,,,
,,27999,,28.236865997314453,,,,,,,
17,,27999,,,,3.6373937129974365,-105.14034271240234,-105.14035034179688,3.6373937129974365,,
,,28049,,,703.0768394470215,,,,,,
,,28049,,10.888338088989258,,,,,,,
17,,28049,,,,3.6373980045318604,-106.8775634765625,-106.87757873535156,3.6373980045318604,,
,,28099,,,699.5761394500732,,,,,,
,,28099,,26.267051696777344,,,,,,,
17,,28099,,,,3.637392997741699,-104.63822937011719,-104.63822937011719,3.637392997741699,,
17,,28133,,,,,,,,-104.38626098632812,-104.39326477050781
,,28134,1322.2101154327393,,,,,,,,
,0.0003,28134,,,,,,,,,
,,28149,,,710.8860015869141,,,,,,
,,28149,,9.47713851928711,,,,,,,
18,,28149,,,,3.637404441833496,-104.82595825195312,-104.82597351074219,3.637404441833496,,
,,28199,,,717.8153991699219,,,,,,
,,28199,,26.827096939086914,,,,,,,
18,,28199,,,,3.637389659881592,-107.27223205566406,-107.27222442626953,3.637389659881592,,
,,28249,,,706.6447734832764,,,,,,
,,28249,,9.894371032714844,,,,,,,
18,,28249,,,,3.637392520904541,-106.12467956542969,-106.12468719482422,3.637392520904541,,
,,28299,,,706.5799236297607,,,,,,
,,28299,,26.912927627563477,,,,,,,
18,,28299,,,,3.637028217315674,-103.99152374267578,-103.99637603759766,3.637028217315674,,
,,28349,,,697.5769996643066,,,,,,
,,28349,,8.830785751342773,,,,,,,
18,,28349,,,,3.6373918056488037,-108.15971374511719,-108.15972137451172,3.6373918056488037,,
,,28399,,,719.2318439483643,,,,,,
,,28399,,30.5788516998291,,,,,,,
18,,28399,,,,3.637395143508911,-102.93021392822266,-102.93021392822266,3.637395143508911,,
,,28449,,,710.5422019958496,,,,,,
,,28449,,12.323617935180664,,,,,,,
18,,28449,,,,3.637378454208374,-104.66441345214844,-104.66442108154297,3.637378454208374,,
,,28499,,,714.9524688720703,,,,,,
,,28499,,31.16774559020996,,,,,,,
18,,28499,,,,3.6373956203460693,-104.35147094726562,-104.35147857666016,3.6373956203460693,,
,,28549,,,722.994327545166,,,,,,
,,28549,,12.897491455078125,,,,,,,
18,,28549,,,,3.637394905090332,-104.5528564453125,-104.5528564453125,3.637394905090332,,
,,28599,,,727.851390838623,,,,,,
,,28599,,30.46560287475586,,,,,,,
18,,28599,,,,3.6373965740203857,-102.61939239501953,-102.61939239501953,3.6373965740203857,,
,,28649,,,727.3528575897217,,,,,,
,,28649,,12.656450271606445,,,,,,,
18,,28649,,,,3.637392520904541,-110.25507354736328,-110.25508880615234,3.637392520904541,,
,,28699,,,720.1011180877686,,,,,,
,,28699,,30.505895614624023,,,,,,,
18,,28699,,,,3.637392520904541,-100.58097076416016,-100.58097076416016,3.637392520904541,,
,,28749,,,722.2819328308105,,,,,,
,,28749,,12.664318084716797,,,,,,,
18,,28749,,,,3.637392520904541,-106.48246765136719,-106.48246765136719,3.637392520904541,,
,,28799,,,714.6725654602051,,,,,,
,,28799,,31.440258026123047,,,,,,,
18,,28799,,,,3.637395143508911,-103.75524139404297,-103.7552490234375,3.637395143508911,,
,,28849,,,714.6999835968018,,,,,,
,,28849,,12.87841796875,,,,,,,
18,,28849,,,,3.637394428253174,-102.73300170898438,-102.73300170898438,3.637394428253174,,
,,28899,,,713.9084339141846,,,,,,
,,28899,,29.337644577026367,,,,,,,
18,,28899,,,,3.637392997741699,-106.32042694091797,-106.32042694091797,3.637392997741699,,
,,28949,,,732.5382232666016,,,,,,
,,28949,,13.01264762878418,,,,,,,
18,,28949,,,,3.637394428253174,-105.21662902832031,-105.21663665771484,3.637394428253174,,
,,28999,,,723.2472896575928,,,,,,
,,28999,,30.112743377685547,,,,,,,
18,,28999,,,,3.6373937129974365,-106.21603393554688,-106.21603393554688,3.6373937129974365,,
,,29049,,,707.6611518859863,,,,,,
,,29049,,9.82522964477539,,,,,,,
18,,29049,,,,3.637394428253174,-108.08243560791016,-108.08243560791016,3.637394428253174,,
,,29099,,,706.1092853546143,,,,,,
,,29099,,27.170658111572266,,,,,,,
18,,29099,,,,3.637392997741699,-101.55459594726562,-101.55459594726562,3.637392997741699,,
,,29149,,,709.6502780914307,,,,,,
,,29149,,9.611129760742188,,,,,,,
18,,29149,,,,3.6373937129974365,-104.97209167480469,-104.97208404541016,3.6373937129974365,,
,,29199,,,706.4833641052246,,,,,,
,,29199,,26.972293853759766,,,,,,,
18,,29199,,,,3.637394905090332,-107.00218963623047,-107.002197265625,3.637394905090332,,
,,29249,,,707.6249122619629,,,,,,
,,29249,,9.41324234008789,,,,,,,
18,,29249,,,,3.637394428253174,-104.34881591796875,-104.34882354736328,3.637394428253174,,
,,29299,,,700.453519821167,,,,,,
,,29299,,26.7946720123291,,,,,,,
18,,29299,,,,3.6373913288116455,-107.12860870361328,-107.12860870361328,3.6373913288116455,,
,,29349,,,701.6394138336182,,,,,,
,,29349,,9.64498519897461,,,,,,,
18,,29349,,,,3.63739275932312,-106.56826782226562,-106.56827545166016,3.63739275932312,,
,,29399,,,699.643611907959,,,,,,
,,29399,,26.40700340270996,,,,,,,
18,,29399,,,,3.6373956203460693,-105.0186767578125,-105.0186767578125,3.6373956203460693,,
,,29449,,,706.0463428497314,,,,,,
,,29449,,9.615421295166016,,,,,,,
18,,29449,,,,3.6373937129974365,-107.02291870117188,-107.0229263305664,3.6373937129974365,,
,,29499,,,701.7641067504883,,,,,,
,,29499,,27.122020721435547,,,,,,,
18,,29499,,,,3.637394666671753,-103.11257934570312,-103.11259460449219,3.637394666671753,,
,,29549,,,701.9035816192627,,,,,,
,,29549,,8.898496627807617,,,,,,,
18,,29549,,,,3.637392997741699,-105.80416870117188,-105.8041763305664,3.637392997741699,,
,,29599,,,705.2183151245117,,,,,,
,,29599,,30.94792366027832,,,,,,,
18,,29599,,,,3.637392997741699,-105.28584289550781,-105.28585815429688,3.637392997741699,,
,,29649,,,702.7721405029297,,,,,,
,,29649,,12.210845947265625,,,,,,,
18,,29649,,,,3.637392997741699,-106.11649322509766,-106.11650085449219,3.637392997741699,,
18,,29696,,,,,,,,-104.39302062988281,-104.39334106445312
,,29697,1340.6286301612854,,,,,,,,
,0.0003,29697,,,,,,,,,
,,29699,,,703.117847442627,,,,,,
,,29699,,26.660442352294922,,,,,,,
19,,29699,,,,3.6373939514160156,-105.24700927734375,-105.24700927734375,3.6373939514160156,,
,,29749,,,709.4056606292725,,,,,,
,,29749,,11.101484298706055,,,,,,,
19,,29749,,,,3.637394428253174,-104.63131713867188,-104.6313247680664,3.637394428253174,,
,,29799,,,697.0868110656738,,,,,,
,,29799,,26.429414749145508,,,,,,,
19,,29799,,,,3.637394905090332,-106.32427215576172,-106.32428741455078,3.637394905090332,,
,,29849,,,705.0235271453857,,,,,,
,,29849,,9.27877426147461,,,,,,,
19,,29849,,,,3.677051305770874,-89.48886108398438,-92.80265045166016,3.677051305770874,,
,,29899,,,552.0956516265869,,,,,,
,,29899,,24.399757385253906,,,,,,,
19,,29899,,,,3.7308754920959473,-71.98348999023438,-76.8046646118164,3.7308754920959473,,
,,29949,,,550.7102012634277,,,,,,
,,29949,,7.063150405883789,,,,,,,
19,,29949,,,,3.737396240234375,-64.02953338623047,-68.82575988769531,3.737396240234375,,
,,29999,,,565.1712417602539,,,,,,
,,29999,,30.035734176635742,,,,,,,
19,,29999,,,,3.728048086166382,-67.7256851196289,-72.5904312133789,3.728048086166382,,
,,30049,,,557.9578876495361,,,,,,
,,30049,,7.232904434204102,,,,,,,
19,,30049,,,,3.7283244132995605,-66.99325561523438,-71.90618896484375,3.7283244132995605,,
,,30099,,,566.774845123291,,,,,,
,,30099,,24.79100227355957,,,,,,,
19,,30099,,,,3.723505973815918,-70.9093017578125,-75.9341812133789,3.723505973815918,,
,,30149,,,553.4036159515381,,,,,,
,,30149,,9.798288345336914,,,,,,,
19,,30149,,,,3.7251195907592773,-69.32101440429688,-74.28273010253906,3.7251195907592773,,
,,30199,,,552.7791976928711,,,,,,
,,30199,,24.4903564453125,,,,,,,
19,,30199,,,,3.7344348430633545,-66.76446533203125,-71.8422622680664,3.7344348430633545,,
,,30249,,,536.3984107971191,,,,,,
,,30249,,7.059335708618164,,,,,,,
19,,30249,,,,3.7300407886505127,-66.34013366699219,-71.19859313964844,3.7300407886505127,,
,,30299,,,578.2895088195801,,,,,,
,,30299,,24.97076988220215,,,,,,,
19,,30299,,,,3.723822593688965,-73.36091613769531,-77.65873718261719,3.723822593688965,,
,,30349,,,575.1934051513672,,,,,,
,,30349,,8.764505386352539,,,,,,,
19,,30349,,,,3.729248523712158,-70.46455383300781,-74.9407958984375,3.729248523712158,,
,,30399,,,606.6505908966064,,,,,,
,,30399,,25.409936904907227,,,,,,,
19,,30399,,,,3.727614641189575,-72.05787658691406,-76.15214538574219,3.727614641189575,,
,,30449,,,591.5155410766602,,,,,,
,,30449,,8.079051971435547,,,,,,,
19,,30449,,,,3.719111442565918,-72.55857849121094,-76.56106567382812,3.719111442565918,,
,,30499,,,596.8518257141113,,,,,,
,,30499,,25.0701904296875,,,,,,,
19,,30499,,,,3.723881244659424,-78.00595092773438,-82.03428649902344,3.723881244659424,,
,,30549,,,585.8266353607178,,,,,,
,,30549,,7.629632949829102,,,,,,,
19,,30549,,,,3.7234442234039307,-73.40290832519531,-77.54489135742188,3.7234442234039307,,
,,30599,,,597.968339920044,,,,,,
,,30599,,25.450468063354492,,,,,,,
19,,30599,,,,3.7309300899505615,-72.03111267089844,-76.38941192626953,3.7309300899505615,,
,,30649,,,591.9957160949707,,,,,,
,,30649,,7.698297500610352,,,,,,,
19,,30649,,,,3.7281689643859863,-76.11103820800781,-80.2507095336914,3.7281689643859863,,
,,30699,,,603.6012172698975,,,,,,
,,30699,,30.924558639526367,,,,,,,
19,,30699,,,,3.724254608154297,-74.18787384033203,-78.0859146118164,3.724254608154297,,
,,30749,,,593.1243896484375,,,,,,
,,30749,,7.771730422973633,,,,,,,
19,,30749,,,,3.726566791534424,-71.7794418334961,-75.80879974365234,3.726566791534424,,
,,30799,,,618.0450916290283,,,,,,
,,30799,,25.67005157470703,,,,,,,
19,,30799,,,,3.728351354598999,-76.87230682373047,-80.3208999633789,3.728351354598999,,
,,30849,,,620.8398342132568,,,,,,
,,30849,,8.222103118896484,,,,,,,
19,,30849,,,,3.725640058517456,-76.27945709228516,-79.65410614013672,3.725640058517456,,
,,30899,,,627.4988651275635,,,,,,
,,30899,,26.697635650634766,,,,,,,
19,,30899,,,,3.72527813911438,-80.57704162597656,-84.0008544921875,3.72527813911438,,
,,30949,,,627.0289421081543,,,,,,
,,30949,,8.362293243408203,,,,,,,
19,,30949,,,,3.7329795360565186,-79.48295593261719,-83.1587905883789,3.7329795360565186,,
,,30999,,,629.4903755187988,,,,,,
,,30999,,25.995731353759766,,,,,,,
19,,30999,,,,3.7263078689575195,-76.7154541015625,-80.20628356933594,3.7263078689575195,,
,,31049,,,620.4433441162109,,,,,,
,,31049,,9.138345718383789,,,,,,,
19,,31049,,,,3.7219462394714355,-82.81265258789062,-86.35700225830078,3.7219462394714355,,
,,31099,,,636.772632598877,,,,,,
,,31099,,30.368328094482422,,,,,,,
19,,31099,,,,3.726048707962036,-75.37446594238281,-78.8194808959961,3.726048707962036,,
,,31149,,,626.584529876709,,,,,,
,,31149,,8.375406265258789,,,,,,,
19,,31149,,,,3.7285821437835693,-77.43844604492188,-80.86217498779297,3.7285821437835693,,
,,31199,,,637.0291709899902,,,,,,
,,31199,,26.698589324951172,,,,,,,
19,,31199,,,,3.7261433601379395,-74.65385437011719,-78.22972106933594,3.7261433601379395,,
,,31249,,,622.0910549163818,,,,,,
,,31249,,8.178949356079102,,,,,,,
19,,31249,,,,3.7271811962127686,-80.84210205078125,-84.20292663574219,3.7271811962127686,,
19,,31259,,,,,,,,-104.0813217163086,-104.38903045654297
,,31260,1166.1792755126953,,,,,,,,
,0.0003,31260,,,,,,,,,
,,31299,,,595.0789451599121,,,,,,
,,31299,,25.712966918945312,,,,,,,
20,,31299,,,,3.725717782974243,-76.28385925292969,-80.09530639648438,3.725717782974243,,
,,31349,,,602.8754711151123,,,,,,
,,31349,,8.251190185546875,,,,,,,
20,,31349,,,,3.7258121967315674,-77.1492919921875,-81.22856140136719,3.7258121967315674,,
,,31399,,,595.5455303192139,,,,,,
,,31399,,25.519371032714844,,,,,,,
20,,31399,,,,3.729948043823242,-74.16453552246094,-78.35086059570312,3.729948043823242,,
,,31449,,,592.1957492828369,,,,,,
,,31449,,7.9898834228515625,,,,,,,
20,,31449,,,,3.730074167251587,-75.45719909667969,-79.44235229492188,3.730074167251587,,
,,31499,,,595.1874256134033,,,,,,
,,31499,,25.72917938232422,,,,,,,
20,,31499,,,,3.727614164352417,-78.19037628173828,-82.05418395996094,3.727614164352417,,
,,31549,,,603.3535003662109,,,,,,
,,31549,,8.098125457763672,,,,,,,
20,,31549,,,,3.7265050411224365,-73.0372314453125,-76.8256607055664,3.7265050411224365,,
,,31599,,,594.1643714904785,,,,,,
,,31599,,26.113271713256836,,,,,,,
20,,31599,,,,3.7241532802581787,-72.31939697265625,-76.29218292236328,3.7241532802581787,,
,,31649,,,621.5198040008545,,,,,,
,,31649,,8.901119232177734,,,,,,,
20,,31649,,,,3.7171409130096436,-76.51569366455078,-79.74081420898438,3.7171409130096436,,
,,31699,,,628.2753944396973,,,,,,
,,31699,,25.85768699645996,,,,,,,
20,,31699,,,,3.7294182777404785,-79.24362182617188,-82.60202026367188,3.7294182777404785,,
,,31749,,,624.2015361785889,,,,,,
,,31749,,8.503437042236328,,,,,,,
20,,31749,,,,3.730896472930908,-75.95527648925781,-79.44468688964844,3.730896472930908,,
,,31799,,,627.077579498291,,,,,,
,,31799,,26.090383529663086,,,,,,,
20,,31799,,,,3.7327067852020264,-76.47834014892578,-80.19068145751953,3.7327067852020264,,
,,31849,,,641.4792537689209,,,,,,
,,31849,,8.708953857421875,,,,,,,
20,,31849,,,,3.722334146499634,-78.14256286621094,-81.54226684570312,3.722334146499634,,
,,31899,,,619.3783283233643,,,,,,
,,31899,,26.793479919433594,,,,,,,
20,,31899,,,,3.727248430252075,-77.63712310791016,-81.13433074951172,3.727248430252075,,
,,31949,,,609.3719005584717,,,,,,
,,31949,,8.328676223754883,,,,,,,
20,,31949,,,,3.73122239112854,-76.63925170898438,-80.36042022705078,3.73122239112854,,
,,31999,,,611.7591857910156,,,,,,
,,31999,,31.89253807067871,,,,,,,
20,,31999,,,,3.7232742309570312,-73.04583740234375,-76.72026062011719,3.7232742309570312,,
,,32049,,,606.3058376312256,,,,,,
,,32049,,8.25357437133789,,,,,,,
20,,32049,,,,3.733440399169922,-74.06156921386719,-77.86800384521484,3.733440399169922,,
,,32099,,,573.5681056976318,,,,,,
,,32099,,25.203704833984375,,,,,,,
20,,32099,,,,3.7239527702331543,-72.11652374267578,-76.45519256591797,3.7239527702331543,,
,,32149,,,582.0379257202148,,,,,,
,,32149,,7.835149765014648,,,,,,,
20,,32149,,,,3.729800224304199,-71.60121154785156,-75.9996566772461,3.729800224304199,,
,,32199,,,566.2956237792969,,,,,,
,,32199,,25.534629821777344,,,,,,,
20,,32199,,,,3.7280824184417725,-69.70075988769531,-73.98646545410156,3.7280824184417725,,
,,32249,,,576.82204246521,,,,,,
,,32249,,7.946014404296875,,,,,,,
20,,32249,,,,3.7314565181732178,-72.21954345703125,-76.41458129882812,3.7314565181732178,,
,,32299,,,573.6346244812012,,,,,,
,,32299,,25.421857833862305,,,,,,,
20,,32299,,,,3.7412590980529785,-69.72784423828125,-73.93049621582031,3.7412590980529785,,
,,32349,,,569.9958801269531,,,,,,
,,32349,,7.735490798950195,,,,,,,
20,,32349,,,,3.729837656021118,-68.75009155273438,-73.08086395263672,3.729837656021118,,
,,32399,,,580.7116031646729,,,,,,
,,32399,,25.06542205810547,,,,,,,
20,,32399,,,,3.7301855087280273,-71.09043884277344,-75.27825164794922,3.7301855087280273,,
,,32449,,,563.1763935089111,,,,,,
,,32449,,8.392095565795898,,,,,,,
20,,32449,,,,3.7383456230163574,-72.31124877929688,-76.81034851074219,3.7383456230163574,,
,,32499,,,553.7242889404297,,,,,,
,,32499,,25.65312385559082,,,,,,,
20,,32499,,,,3.7257347106933594,-68.99808502197266,-73.84137725830078,3.7257347106933594,,
,,32549,,,555.6199550628662,,,,,,
,,32549,,7.504463195800781,,,,,,,
20,,32549,,,,3.72991943359375,-70.84564208984375,-75.70833587646484,3.72991943359375,,
,,32599,,,575.4766464233398,,,,,,
,,32599,,25.332212448120117,,,,,,,
20,,32599,,,,3.728041887283325,-71.39507293701172,-75.83039093017578,3.728041887283325,,
,,32649,,,581.8450450897217,,,,,,
,,32649,,8.172273635864258,,,,,,,
20,,32649,,,,3.725348711013794,-70.11914825439453,-74.90389251708984,3.725348711013794,,
,,32699,,,566.939115524292,,,,,,
,,32699,,25.052785873413086,,,,,,,
20,,32699,,,,3.7370049953460693,-69.96257019042969,-74.59011840820312,3.7370049953460693,,
,,32749,,,576.2383937835693,,,,,,
,,32749,,7.729768753051758,,,,,,,
20,,32749,,,,3.7259814739227295,-71.26348876953125,-75.52445220947266,3.7259814739227295,,
,,32799,,,566.4956569671631,,,,,,
,,32799,,26.909351348876953,,,,,,,
20,,32799,,,,3.7292656898498535,-70.43527221679688,-74.92877960205078,3.7292656898498535,,
20,,32822,,,,,,,,-102.79531860351562,-103.85249328613281
,,32823,1145.291389465332,,,,,,,,
,0.0003,32823,,,,,,,,,
,,32849,,,562.8376007080078,,,,,,
,,32849,,7.376909255981445,,,,,,,
21,,32849,,,,3.731323719024658,-67.96841430664062,-72.30719757080078,3.731323719024658,,
,,32899,,,557.84010887146,,,,,,
,,32899,,25.01654624938965,,,,,,,
21,,32899,,,,3.72714900970459,-68.89159393310547,-73.32633972167969,3.72714900970459,,
,,32949,,,564.4164085388184,,,,,,
,,32949,,7.676839828491211,,,,,,,
21,,32949,,,,3.7297112941741943,-71.42213439941406,-76.06977081298828,3.7297112941741943,,
,,32999,,,569.9794292449951,,,,,,
,,32999,,24.593114852905273,,,,,,,
21,,32999,,,,3.7343783378601074,-70.56170654296875,-75.43219757080078,3.7343783378601074,,
,,33049,,,575.3872394561768,,,,,,
,,33049,,7.432222366333008,,,,,,,
21,,33049,,,,3.7353246212005615,-71.0988540649414,-75.73966979980469,3.7353246212005615,,
,,33099,,,563.9069080352783,,,,,,
,,33099,,24.679183959960938,,,,,,,
21,,33099,,,,3.7324612140655518,-73.02720642089844,-77.72866821289062,3.7324612140655518,,
,,33149,,,562.0050430297852,,,,,,
,,33149,,9.075403213500977,,,,,,,
21,,33149,,,,3.732875347137451,-69.92210388183594,-74.4786376953125,3.732875347137451,,
,,33199,,,560.9254837036133,,,,,,
,,33199,,25.226354598999023,,,,,,,
21,,33199,,,,3.7296972274780273,-71.06210327148438,-75.49495697021484,3.7296972274780273,,
,,33249,,,589.2314910888672,,,,,,
,,33249,,8.014917373657227,,,,,,,
21,,33249,,,,3.724799633026123,-71.63316345214844,-75.7502212524414,3.724799633026123,,
,,33299,,,626.1577606201172,,,,,,
,,33299,,29.25252914428711,,,,,,,
21,,33299,,,,3.7263622283935547,-73.55526733398438,-77.827392578125,3.7263622283935547,,
,,33349,,,608.8459491729736,,,,,,
,,33349,,11.244535446166992,,,,,,,
21,,33349,,,,3.7294023036956787,-71.40980529785156,-75.74052429199219,3.7294023036956787,,
,,33399,,,602.8146743774414,,,,,,
,,33399,,28.933286666870117,,,,,,,
21,,33399,,,,3.7276692390441895,-69.38592529296875,-73.5030288696289,3.7276692390441895,,
,,33449,,,613.1479740142822,,,,,,
,,33449,,11.289358139038086,,,,,,,
21,,33449,,,,3.730140209197998,-72.73654174804688,-76.91278839111328,3.730140209197998,,
,,33499,,,635.5013847351074,,,,,,
,,33499,,31.69560432434082,,,,,,,
21,,33499,,,,3.7318849563598633,-74.10562133789062,-78.20245361328125,3.7318849563598633,,
,,33549,,,623.1105327606201,,,,,,
,,33549,,11.36159896850586,,,,,,,
21,,33549,,,,3.728050470352173,-73.25939178466797,-77.22842407226562,3.728050470352173,,
,,33599,,,619.4446086883545,,,,,,
,,33599,,28.959274291992188,,,,,,,
21,,33599,,,,3.721658229827881,-73.50331115722656,-77.55721282958984,3.721658229827881,,
,,33649,,,609.3392372131348,,,,,,
,,33649,,11.18016242980957,,,,,,,
21,,33649,,,,3.731274366378784,-73.07905578613281,-77.0361099243164,3.731274366378784,,
,,33699,,,626.7657279968262,,,,,,
,,33699,,29.123783111572266,,,,,,,
21,,33699,,,,3.7315433025360107,-77.24685668945312,-81.73747253417969,3.7315433025360107,,
,,33749,,,606.6577434539795,,,,,,
,,33749,,11.121034622192383,,,,,,,
21,,33749,,,,3.725734233856201,-74.39913940429688,-78.60677337646484,3.725734233856201,,
,,33799,,,624.9165534973145,,,,,,
,,33799,,29.1595458984375,,,,,,,
21,,33799,,,,3.7300963401794434,-71.28985595703125,-75.26806640625,3.7300963401794434,,
,,33849,,,617.9368495941162,,,,,,
,,33849,,12.06207275390625,,,,,,,
21,,33849,,,,3.723405122756958,-72.75186157226562,-76.80718231201172,3.723405122756958,,
,,33899,,,623.1167316436768,,,,,,
,,33899,,29.180288314819336,,,,,,,
21,,33899,,,,3.7346978187561035,-76.59648132324219,-80.81256866455078,3.7346978187561035,,
,,33949,,,604.9668788909912,,,,,,
,,33949,,10.976791381835938,,,,,,,
21,,33949,,,,3.7259957790374756,-74.0782470703125,-78.1213607788086,3.7259957790374756,,
,,33999,,,621.2763786315918,,,,,,
,,33999,,29.381990432739258,,,,,,,
21,,33999,,,,3.7198827266693115,-73.90396118164062,-77.8505630493164,3.7198827266693115,,
,,34049,,,605.1747798919678,,,,,,
,,34049,,11.224508285522461,,,,,,,
21,,34049,,,,3.733297348022461,-74.7750244140625,-78.7587661743164,3.733297348022461,,
,,34099,,,612.5965118408203,,,,,,
,,34099,,29.166698455810547,,,,,,,
21,,34099,,,,3.7288658618927,-74.4139404296875,-78.40670013427734,3.7288658618927,,
,,34149,,,619.7352409362793,,,,,,
,,34149,,11.632919311523438,,,,,,,
21,,34149,,,,3.727247953414917,-78.36624145507812,-82.39285278320312,3.727247953414917,,
,,34199,,,621.3970184326172,,,,,,
,,34199,,29.06489372253418,,,,,,,
21,,34199,,,,3.718843936920166,-76.14388275146484,-80.03711700439453,3.718843936920166,,
,,34249,,,607.4087619781494,,,,,,
,,34249,,11.465072631835938,,,,,,,
21,,34249,,,,3.726139545440674,-72.82705688476562,-76.9014663696289,3.726139545440674,,
,,34299,,,633.5859298706055,,,,,,
,,34299,,29.26468849182129,,,,,,,
21,,34299,,,,3.726985454559326,-73.47994232177734,-77.6062240600586,3.726985454559326,,
,,34349,,,631.0651302337646,,,,,,
,,34349,,11.738300323486328,,,,,,,
21,,34349,,,,3.725351095199585,-75.4381103515625,-79.42378997802734,3.725351095199585,,
21,,34385,,,,,,,,-103.96539306640625,-104.37088012695312
,,34386,1168.0575215816498,,,,,,,,
,0.0003,34386,,,,,,,,,
,,34399,,,608.1771850585938,,,,,,
,,34399,,29.363393783569336,,,,,,,
22,,34399,,,,3.7237467765808105,-75.45077514648438,-79.5484848022461,3.7237467765808105,,
,,34449,,,612.3185157775879,,,,,,
,,34449,,11.44552230834961,,,,,,,
22,,34449,,,,3.7267799377441406,-75.6993179321289,-79.72561645507812,3.7267799377441406,,
,,34499,,,619.8267936706543,,,,,,
,,34499,,28.730154037475586,,,,,,,
22,,34499,,,,3.7328834533691406,-75.10893249511719,-79.28707122802734,3.7328834533691406,,
,,34549,,,607.7446937561035,,,,,,
,,34549,,10.78176498413086,,,,,,,
22,,34549,,,,3.7312023639678955,-72.63809204101562,-76.77584075927734,3.7312023639678955,,
,,34599,,,614.6814823150635,,,,,,
,,34599,,29.427289962768555,,,,,,,
22,,34599,,,,3.7233853340148926,-74.26500701904297,-78.33165740966797,3.7233853340148926,,
,,34649,,,621.7432022094727,,,,,,
,,34649,,10.976314544677734,,,,,,,
22,,34649,,,,3.722655773162842,-70.20701599121094,-74.18677520751953,3.722655773162842,,
,,34699,,,610.7883453369141,,,,,,
,,34699,,29.332637786865234,,,,,,,
22,,34699,,,,3.732060194015503,-75.06707763671875,-79.17858123779297,3.732060194015503,,
,,34749,,,623.1710910797119,,,,,,
,,34749,,11.03353500366211,,,,,,,
22,,34749,,,,3.726810932159424,-74.17649841308594,-78.36255645751953,3.726810932159424,,
,,34799,,,616.9476509094238,,,,,,
,,34799,,28.725147247314453,,,,,,,
22,,34799,,,,3.730957508087158,-74.8742904663086,-78.8906021118164,3.730957508087158,,
,,34849,,,603.3935546875,,,,,,
,,34849,,11.886835098266602,,,,,,,
22,,34849,,,,3.729661226272583,-71.90723419189453,-76.20477294921875,3.729661226272583,,
,,34899,,,605.837345123291,,,,,,
,,34899,,28.625011444091797,,,,,,,
22,,34899,,,,3.732313871383667,-73.25935363769531,-77.57563018798828,3.732313871383667,,
,,34949,,,607.82790184021,,,,,,
,,34949,,11.074304580688477,,,,,,,
22,,34949,,,,3.728983163833618,-74.21969604492188,-78.49566650390625,3.728983163833618,,
,,34999,,,613.2895946502686,,,,,,
,,34999,,28.9304256439209,,,,,,,
22,,34999,,,,3.7286794185638428,-72.48826599121094,-76.54928588867188,3.7286794185638428,,
,,35049,,,612.4224662780762,,,,,,
,,35049,,11.502742767333984,,,,,,,
22,,35049,,,,3.7267134189605713,-71.85490417480469,-76.07198333740234,3.7267134189605713,,
,,35099,,,600.2097129821777,,,,,,
,,35099,,28.507709503173828,,,,,,,
22,,35099,,,,3.7328057289123535,-71.2396240234375,-75.40972137451172,3.7328057289123535,,
,,35149,,,626.0643005371094,,,,,,
,,35149,,11.344432830810547,,,,,,,
22,,35149,,,,3.7273826599121094,-73.55508422851562,-77.61161804199219,3.7273826599121094,,
,,35199,,,623.2061386108398,,,,,,
,,35199,,28.988122940063477,,,,,,,
22,,35199,,,,3.7323787212371826,-74.49652862548828,-78.8099136352539,3.7323787212371826,,
,,35249,,,616.4710521697998,,,,,,
,,35249,,11.157989501953125,,,,,,,
22,,35249,,,,3.7280004024505615,-73.994384765625,-77.9122543334961,3.7280004024505615,,
,,35299,,,614.6295070648193,,,,,,
,,35299,,27.812719345092773,,,,,,,
22,,35299,,,,3.732927083969116,-73.31675720214844,-77.5479965209961,3.732927083969116,,
,,35349,,,612.9112243652344,,,,,,
,,35349,,10.953426361083984,,,,,,,
22,,35349,,,,3.72819447517395,-70.5379409790039,-74.60438537597656,3.72819447517395,,
,,35399,,,608.0722808837891,,,,,,
,,35399,,29.07729148864746,,,,,,,
22,,35399,,,,3.728468179702759,-72.99119567871094,-77.08309173583984,3.728468179702759,,
,,35449,,,604.1219234466553,,,,,,
,,35449,,10.216474533081055,,,,,,,
22,,35449,,,,3.720144510269165,-71.80410766601562,-75.80587768554688,3.720144510269165,,
,,35499,,,621.3247776031494,,,,,,
,,35499,,29.105663299560547,,,,,,,
22,,35499,,,,3.721168041229248,-72.56880187988281,-76.83924865722656,3.721168041229248,,
,,35549,,,625.9019374847412,,,,,,
,,35549,,11.167049407958984,,,,,,,
22,,35549,,,,3.7245683670043945,-69.9727783203125,-74.29047393798828,3.7245683670043945,,
,,35599,,,612.4556064605713,,,,,,
,,35599,,28.437137603759766,,,,,,,
22,,35599,,,,3.7301580905914307,-73.77752685546875,-77.77655792236328,3.7301580905914307,,
,,35649,,,610.5787754058838,,,,,,
,,35649,,11.167764663696289,,,,,,,
22,,35649,,,,3.734072685241699,-71.53631591796875,-75.75634765625,3.734072685241699,,
,,35699,,,576.4837265014648,,,,,,
,,35699,,28.37824821472168,,,,,,,
22,,35699,,,,3.727140426635742,-68.93716430664062,-73.49601745605469,3.727140426635742,,
,,35749,,,576.4174461364746,,,,,,
,,35749,,10.427713394165039,,,,,,,
22,,35749,,,,3.7310497760772705,-68.54576873779297,-73.26579284667969,3.7310497760772705,,
,,35799,,,569.9357986450195,,,,,,
,,35799,,27.646303176879883,,,,,,,
22,,35799,,,,3.739232301712036,-65.85482788085938,-70.49835968017578,3.739232301712036,,
,,35849,,,566.805362701416,,,,,,
,,35849,,10.300874710083008,,,,,,,
22,,35849,,,,3.729356050491333,-68.37443542480469,-72.75949096679688,3.729356050491333,,
,,35899,,,569.1447257995605,,,,,,
,,35899,,27.890443801879883,,,,,,,
22,,35899,,,,3.7331383228302,-67.28610229492188,-71.87014770507812,3.7331383228302,,
,,35949,,,565.5221939086914,,,,,,
22,,35948,,,,,,,,-99.70488739013672,-102.43900299072266
,,35949,1173.018929719925,,,,,,,,
,0.0003,35949,,,,,,,,,
,,35949,,,,,,,,,
23,,35949,,,,3.735508918762207,-68.29351806640625,-72.95848846435547,3.735508918762207,,
,,35999,,,579.8294544219971,,,,,,
,,35999,,27.865171432495117,,,,,,,
23,,35999,,,,3.7376034259796143,-68.65373229980469,-73.3370132446289,3.7376034259796143,,
,,36049,,,571.4852809906006,,,,,,
,,36049,,9.20248031616211,,,,,,,
23,,36049,,,,3.725041389465332,-70.70242309570312,-75.47743225097656,3.725041389465332,,
,,36099,,,566.5490627288818,,,,,,
,,36099,,27.47488021850586,,,,,,,
23,,36099,,,,3.7370779514312744,-69.44644165039062,-74.3231201171875,3.7370779514312744,,
,,36149,,,573.1503963470459,,,,,,
,,36149,,10.41102409362793,,,,,,,
23,,36149,,,,3.7264339923858643,-67.794189453125,-72.31108856201172,3.7264339923858643,,
,,36199,,,568.1338310241699,,,,,,
,,36199,,27.44317054748535,,,,,,,
23,,36199,,,,3.726865768432617,-68.50244140625,-73.30485534667969,3.726865768432617,,
,,36249,,,568.3779716491699,,,,,,
,,36249,,10.070085525512695,,,,,,,
23,,36249,,,,3.728837251663208,-68.84071350097656,-73.38542175292969,3.728837251663208,,
,,36299,,,572.5376605987549,,,,,,
,,36299,,27.54521369934082,,,,,,,
23,,36299,,,,3.7313621044158936,-69.98477172851562,-74.60568237304688,3.7313621044158936,,
,,36349,,,568.7787532806396,,,,,,
,,36349,,10.144233703613281,,,,,,,
23,,36349,,,,3.7340316772460938,-70.00296020507812,-74.70164489746094,3.7340316772460938,,
,,36399,,,568.3259963989258,,,,,,
,,36399,,27.978897094726562,,,,,,,
23,,36399,,,,3.729980945587158,-68.15480041503906,-72.75737762451172,3.729980945587158,,
,,36449,,,564.1248226165771,,,,,,
,,36449,,10.361671447753906,,,,,,,
23,,36449,,,,3.7302815914154053,-66.95921325683594,-71.58963775634766,3.7302815914154053,,
,,36499,,,570.0981616973877,,,,,,
,,36499,,27.125120162963867,,,,,,,
23,,36499,,,,3.7266852855682373,-70.12882995605469,-74.89414978027344,3.7266852855682373,,
,,36549,,,563.9665126800537,,,,,,
,,36549,,9.83881950378418,,,,,,,
23,,36549,,,,3.72702693939209,-69.65135192871094,-74.23497772216797,3.72702693939209,,
,,36599,,,571.840763092041,,,,,,
,,36599,,27.349233627319336,,,,,,,
23,,36599,,,,3.7298834323883057,-66.61030578613281,-71.28181457519531,3.7298834323883057,,
,,36649,,,568.4671401977539,,,,,,
,,36649,,11.275291442871094,,,,,,,
23,,36649,,,,3.728590726852417,-67.80998992919922,-72.49994659423828,3.728590726852417,,
,,36699,,,581.0773372650146,,,,,,
,,36699,,27.992963790893555,,,,,,,
23,,36699,,,,3.727116584777832,-68.43695068359375,-72.92073822021484,3.727116584777832,,
,,36749,,,582.8509330749512,,,,,,
,,36749,,10.317325592041016,,,,,,,
23,,36749,,,,3.729442596435547,-68.7403335571289,-73.27721405029297,3.729442596435547,,
,,36799,,,569.2703723907471,,,,,,
,,36799,,27.777910232543945,,,,,,,
23,,36799,,,,3.7312965393066406,-69.58937072753906,-74.34871673583984,3.7312965393066406,,
,,36849,,,566.6248798370361,,,,,,
,,36849,,9.954214096069336,,,,,,,
23,,36849,,,,3.7383220195770264,-70.80537414550781,-75.64168548583984,3.7383220195770264,,
,,36899,,,577.782392501831,,,,,,
,,36899,,28.307437896728516,,,,,,,
23,,36899,,,,3.7300055027008057,-69.28369140625,-73.79288482666016,3.7300055027008057,,
,,36949,,,570.4953670501709,,,,,,
,,36949,,10.125875473022461,,,,,,,
23,,36949,,,,3.7383511066436768,-66.30836486816406,-71.05584716796875,3.7383511066436768,,
,,36999,,,579.0302753448486,,,,,,
,,36999,,27.54950523376465,,,,,,,
23,,36999,,,,3.732921600341797,-70.32334899902344,-75.01258850097656,3.732921600341797,,
,,37049,,,587.6414775848389,,,,,,
,,37049,,10.660409927368164,,,,,,,
23,,37049,,,,3.7322802543640137,-69.3130111694336,-73.8760757446289,3.7322802543640137,,
,,37099,,,572.6504325866699,,,,,,
,,37099,,27.930498123168945,,,,,,,
23,,37099,,,,3.7248101234436035,-66.88365173339844,-71.45533752441406,3.7248101234436035,,
,,37149,,,577.4698257446289,,,,,,
,,37149,,10.234355926513672,,,,,,,
23,,37149,,,,3.7301435470581055,-69.73933410644531,-74.24199676513672,3.7301435470581055,,
,,37199,,,585.7200622558594,,,,,,
,,37199,,27.631044387817383,,,,,,,
23,,37199,,,,3.7291266918182373,-69.83114624023438,-74.40559387207031,3.7291266918182373,,
,,37249,,,566.4665699005127,,,,,,
,,37249,,10.106563568115234,,,,,,,
23,,37249,,,,3.7360472679138184,-70.59876251220703,-75.21227264404297,3.7360472679138184,,
,,37299,,,571.0916519165039,,,,,,
,,37299,,28.337717056274414,,,,,,,
23,,37299,,,,3.734347343444824,-70.0080337524414,-74.59756469726562,3.734347343444824,,
,,37349,,,576.5800476074219,,,,,,
,,37349,,10.258197784423828,,,,,,,
23,,37349,,,,3.7340447902679443,-68.06456756591797,-72.56906127929688,3.7340447902679443,,
,,37399,,,594.4037437438965,,,,,,
,,37399,,27.549028396606445,,,,,,,
23,,37399,,,,3.7292258739471436,-68.354248046875,-72.65365600585938,3.7292258739471436,,
,,37449,,,588.3030891418457,,,,,,
,,37449,,10.481119155883789,,,,,,,
23,,37449,,,,3.7283756732940674,-70.0943603515625,-74.6114501953125,3.7283756732940674,,
,,37499,,,570.8949565887451,,,,,,
,,37499,,27.827739715576172,,,,,,,
23,,37499,,,,3.728546380996704,-71.16561126708984,-75.61357116699219,3.728546380996704,,
23,,37511,,,,,,,,-99.70642852783203,-102.32569885253906
,,37512,1119.9789545536041,,,,,,,,
,0.0003,37512,,,,,,,,,
,,37549,,,572.0570087432861,,,,,,
,,37549,,10.384321212768555,,,,,,,
24,,37549,,,,3.7284491062164307,-71.03121948242188,-75.30139923095703,3.7284491062164307,,
,,37599,,,592.221736907959,,,,,,
,,37599,,27.63986587524414,,,,,,,
24,,37599,,,,3.738619327545166,-70.98294830322266,-75.35736846923828,3.738619327545166,,
,,37649,,,595.0160026550293,,,,,,
,,37649,,10.581493377685547,,,,,,,
24,,37649,,,,3.73837947845459,-69.76559448242188,-74.06293487548828,3.73837947845459,,
,,37699,,,586.3263607025146,,,,,,
,,37699,,28.00607681274414,,,,,,,
24,,37699,,,,3.741398811340332,-68.06716918945312,-72.61858367919922,3.741398811340332,,
,,37749,,,593.2939052581787,,,,,,
,,37749,,10.526180267333984,,,,,,,
24,,37749,,,,3.7347612380981445,-68.7833023071289,-73.10794830322266,3.7347612380981445,,
,,37799,,,585.878849029541,,,,,,
,,37799,,27.88686752319336,,,,,,,
24,,37799,,,,3.7367284297943115,-70.17560577392578,-74.48336029052734,3.7367284297943115,,
,,37849,,,596.177339553833,,,,,,
,,37849,,10.38670539855957,,,,,,,
24,,37849,,,,3.7377984523773193,-69.46588134765625,-73.82991027832031,3.7377984523773193,,
,,37899,,,611.0317707061768,,,,,,
,,37899,,29.240131378173828,,,,,,,
24,,37899,,,,3.7354345321655273,-69.05242156982422,-72.95339965820312,3.7354345321655273,,
,,37949,,,592.6723480224609,,,,,,
,,37949,,10.048627853393555,,,,,,,
24,,37949,,,,3.7429051399230957,-69.70228576660156,-74.19601440429688,3.7429051399230957,,
,,37999,,,592.2954082489014,,,,,,
,,37999,,28.35536003112793,,,,,,,
24,,37999,,,,3.7303194999694824,-70.325927734375,-74.39102172851562,3.7303194999694824,,
,,38049,,,598.5798835754395,,,,,,
,,38049,,10.550975799560547,,,,,,,
24,,38049,,,,3.7343037128448486,-69.78235626220703,-74.02948760986328,3.7343037128448486,,
,,38099,,,569.5903301239014,,,,,,
,,38099,,28.255224227905273,,,,,,,
24,,38099,,,,3.7024266719818115,-44.401832580566406,-49.69807434082031,3.7024266719818115,,
,,38149,,,435.73474884033203,,,,,,
,,38149,,7.748842239379883,,,,,,,
24,,38149,,,,3.7127859592437744,-44.953094482421875,-50.40846633911133,3.7127859592437744,,
,,38199,,,439.4962787628174,,,,,,
,,38199,,25.004148483276367,,,,,,,
24,,38199,,,,3.7044198513031006,-44.29169845581055,-49.5805549621582,3.7044198513031006,,
,,38249,,,438.40527534484863,,,,,,
,,38249,,8.246898651123047,,,,,,,
24,,38249,,,,3.707202672958374,-44.45401382446289,-49.90214157104492,3.707202672958374,,
,,38299,,,434.9536895751953,,,,,,
,,38299,,25.688886642456055,,,,,,,
24,,38299,,,,3.7105937004089355,-44.029727935791016,-49.52045440673828,3.7105937004089355,,
,,38349,,,430.73368072509766,,,,,,
,,38349,,7.759332656860352,,,,,,,
24,,38349,,,,3.702004909515381,-44.54052734375,-49.84181594848633,3.702004909515381,,
,,38399,,,427.9820919036865,,,,,,
,,38399,,24.874210357666016,,,,,,,
24,,38399,,,,3.703798770904541,-44.732269287109375,-50.05060577392578,3.703798770904541,,
,,38449,,,565.7927989959717,,,,,,
,,38449,,10.061502456665039,,,,,,,
24,,38449,,,,3.710672616958618,-46.94890594482422,-52.32237243652344,3.710672616958618,,
,,38499,,,572.9687213897705,,,,,,
,,38499,,27.795791625976562,,,,,,,
24,,38499,,,,3.726038694381714,-64.76127624511719,-69.18547821044922,3.726038694381714,,
,,38549,,,581.0608863830566,,,,,,
,,38549,,10.313272476196289,,,,,,,
24,,38549,,,,3.7187347412109375,-62.23161315917969,-66.79313659667969,3.7187347412109375,,
,,38599,,,579.127311706543,,,,,,
,,38599,,28.61618995666504,,,,,,,
24,,38599,,,,3.7164578437805176,-66.90533447265625,-71.41683197021484,3.7164578437805176,,
,,38649,,,565.0246143341064,,,,,,
,,38649,,10.081052780151367,,,,,,,
24,,38649,,,,3.7268447875976562,-60.4777946472168,-65.2291259765625,3.7268447875976562,,
,,38699,,,573.5034942626953,,,,,,
,,38699,,28.223752975463867,,,,,,,
24,,38699,,,,3.7270443439483643,-60.69348907470703,-65.33300018310547,3.7270443439483643,,
,,38749,,,573.063850402832,,,,,,
,,38749,,10.253667831420898,,,,,,,
24,,38749,,,,3.7214133739471436,-65.0037841796875,-69.42190551757812,3.7214133739471436,,
,,38799,,,577.4943828582764,,,,,,
,,38799,,27.872085571289062,,,,,,,
24,,38799,,,,3.7229881286621094,-62.13711166381836,-66.63264465332031,3.7229881286621094,,
,,38849,,,575.3331184387207,,,,,,
,,38849,,10.38360595703125,,,,,,,
24,,38849,,,,3.7194817066192627,-63.17139434814453,-67.48036193847656,3.7194817066192627,,
,,38899,,,589.7059440612793,,,,,,
,,38899,,28.77521514892578,,,,,,,
24,,38899,,,,3.7256481647491455,-67.56187438964844,-72.06588745117188,3.7256481647491455,,
,,38949,,,571.7973709106445,,,,,,
,,38949,,10.277748107910156,,,,,,,
24,,38949,,,,3.717957019805908,-61.25231170654297,-65.794677734375,3.717957019805908,,
,,38999,,,577.5964260101318,,,,,,
,,38999,,28.481245040893555,,,,,,,
24,,38999,,,,3.7324302196502686,-68.72032165527344,-73.06468963623047,3.7324302196502686,,
,,39049,,,574.3117332458496,,,,,,
,,39049,,10.413646697998047,,,,,,,
24,,39049,,,,3.7347514629364014,-69.8910140991211,-74.22966003417969,3.7347514629364014,,
24,,39074,,,,,,,,-101.75337219238281,-102.24178314208984
,,39075,1083.513748884201,,,,,,,,
,0.0003,39075,,,,,,,,,
,,39099,,,584.4805240631104,,,,,,
,,39099,,28.348207473754883,,,,,,,
25,,39099,,,,3.7324845790863037,-65.70787048339844,-70.14203643798828,3.7324845790863037,,
,,39149,,,586.3502025604248,,,,,,
,,39149,,9.344339370727539,,,,,,,
25,,39149,,,,3.7343599796295166,-68.7042465209961,-72.91695404052734,3.7343599796295166,,
,,39199,,,578.9268016815186,,,,,,
,,39199,,28.266429901123047,,,,,,,
25,,39199,,,,3.7287797927856445,-71.94998168945312,-76.06708526611328,3.7287797927856445,,
,,39249,,,586.5530967712402,,,,,,
,,39249,,10.602235794067383,,,,,,,
25,,39249,,,,3.7299742698669434,-70.17408752441406,-74.52615356445312,3.7299742698669434,,
,,39299,,,590.216875076294,,,,,,
,,39299,,28.192758560180664,,,,,,,
25,,39299,,,,3.7309536933898926,-69.35320281982422,-73.56352996826172,3.7309536933898926,,
,,39349,,,581.2656879425049,,,,,,
,,39349,,10.39743423461914,,,,,,,
25,,39349,,,,3.7307136058807373,-67.5669174194336,-71.9304428100586,3.7307136058807373,,
,,39399,,,563.8260841369629,,,,,,
,,39399,,27.806520462036133,,,,,,,
25,,39399,,,,3.7260191440582275,-67.88911437988281,-72.29998779296875,3.7260191440582275,,
,,39449,,,568.3138370513916,,,,,,
,,39449,,10.4217529296875,,,,,,,
25,,39449,,,,3.7262988090515137,-68.26771545410156,-72.82373809814453,3.7262988090515137,,
,,39499,,,580.3711414337158,,,,,,
,,39499,,27.801990509033203,,,,,,,
25,,39499,,,,3.727715015411377,-65.03256225585938,-69.41970825195312,3.727715015411377,,
,,39549,,,567.1606063842773,,,,,,
,,39549,,10.035991668701172,,,,,,,
25,,39549,,,,3.7299418449401855,-70.51763916015625,-74.92818450927734,3.7299418449401855,,
,,39599,,,582.7372074127197,,,,,,
,,39599,,27.826309204101562,,,,,,,
25,,39599,,,,3.735349655151367,-67.9633560180664,-72.6282730102539,3.735349655151367,,
,,39649,,,572.751522064209,,,,,,
,,39649,,10.032415390014648,,,,,,,
25,,39649,,,,3.732910633087158,-64.81689453125,-69.2657699584961,3.732910633087158,,
,,39699,,,574.3083953857422,,,,,,
,,39699,,27.86731719970703,,,,,,,
25,,39699,,,,3.7337467670440674,-69.15817260742188,-73.60221862792969,3.7337467670440674,,
,,39749,,,564.2850399017334,,,,,,
,,39749,,10.101556777954102,,,,,,,
25,,39749,,,,3.7352294921875,-65.09014892578125,-69.60111999511719,3.7352294921875,,
,,39799,,,568.6304569244385,,,,,,
,,39799,,27.38213539123535,,,,,,,
25,,39799,,,,3.731907844543457,-67.71147155761719,-72.01240539550781,3.731907844543457,,
,,39849,,,572.7825164794922,,,,,,
,,39849,,10.146379470825195,,,,,,,
25,,39849,,,,3.732663869857788,-67.51327514648438,-72.13858795166016,3.732663869857788,,
,,39899,,,580.3327560424805,,,,,,
,,39899,,28.435707092285156,,,,,,,
25,,39899,,,,3.7290759086608887,-65.39622497558594,-69.91442108154297,3.7290759086608887,,
,,39949,,,573.3528137207031,,,,,,
,,39949,,10.045051574707031,,,,,,,
25,,39949,,,,3.7370903491973877,-64.5105972290039,-69.11424255371094,3.7370903491973877,,
,,39999,,,575.2902030944824,,,,,,
,,39999,,27.4202823638916,,,,,,,
25,,39999,,,,3.7319042682647705,-66.54942321777344,-70.841552734375,3.7319042682647705,,
,,40049,,,569.2648887634277,,,,,,
,,40049,,10.016441345214844,,,,,,,
25,,40049,,,,3.7324211597442627,-64.99900817871094,-69.46467590332031,3.7324211597442627,,
,,40099,,,573.4109878540039,,,,,,
,,40099,,27.616024017333984,,,,,,,
25,,40099,,,,3.7355282306671143,-68.40403747558594,-72.6041259765625,3.7355282306671143,,
,,40149,,,565.7899379730225,,,,,,
,,40149,,10.22028923034668,,,,,,,
25,,40149,,,,3.730759859085083,-68.10699462890625,-72.63859558105469,3.730759859085083,,
,,40199,,,574.0878582000732,,,,,,
,,40199,,27.755022048950195,,,,,,,
25,,40199,,,,3.7275283336639404,-69.114501953125,-73.3619384765625,3.7275283336639404,,
,,40249,,,570.2745914459229,,,,,,
,,40249,,10.790586471557617,,,,,,,
25,,40249,,,,3.7344932556152344,-66.72699737548828,-71.30501556396484,3.7344932556152344,,
,,40299,,,577.092170715332,,,,,,
,,40299,,28.085947036743164,,,,,,,
25,,40299,,,,3.7269599437713623,-70.10501861572266,-74.24885559082031,3.7269599437713623,,
,,40349,,,566.5462017059326,,,,,,
,,40349,,9.988069534301758,,,,,,,
25,,40349,,,,3.7323293685913086,-68.56495666503906,-72.97950744628906,3.7323293685913086,,
,,40399,,,568.8457489013672,,,,,,
,,40399,,27.59552001953125,,,,,,,
25,,40399,,,,3.727234363555908,-69.83137512207031,-74.32666778564453,3.727234363555908,,
,,40449,,,573.8301277160645,,,,,,
,,40449,,10.223388671875,,,,,,,
25,,40449,,,,3.7329864501953125,-70.05110168457031,-74.38866424560547,3.7329864501953125,,
,,40499,,,579.9777507781982,,,,,,
,,40499,,27.628183364868164,,,,,,,
25,,40499,,,,3.7326037883758545,-64.63241577148438,-69.01226043701172,3.7326037883758545,,
,,40549,,,575.3710269927979,,,,,,
,,40549,,10.312557220458984,,,,,,,
25,,40549,,,,3.728516101837158,-69.09864807128906,-73.459716796875,3.728516101837158,,
,,40599,,,570.4991817474365,,,,,,
,,40599,,27.786970138549805,,,,,,,
25,,40599,,,,3.736536741256714,-68.65452575683594,-73.08428192138672,3.736536741256714,,
25,,40637,,,,,,,,-100.22553253173828,-100.97897338867188
,,40638,1120.8295574188232,,,,,,,,
,0.0003,40638,,,,,,,,,
,,40649,,,567.2962665557861,,,,,,
,,40649,,10.07699966430664,,,,,,,
26,,40649,,,,3.7253832817077637,-68.15196228027344,-72.56060028076172,3.7253832817077637,,
,,40699,,,570.197582244873,,,,,,
,,40699,,27.620315551757812,,,,,,,
26,,40699,,,,3.728398323059082,-69.16087341308594,-73.49242401123047,3.728398323059082,,
,,40749,,,570.9877014160156,,,,,,
,,40749,,10.219335556030273,,,,,,,
26,,40749,,,,3.7301342487335205,-70.41300964355469,-74.91325378417969,3.7301342487335205,,
,,40799,,,562.7782344818115,,,,,,
,,40799,,27.666330337524414,,,,,,,
26,,40799,,,,3.729485034942627,-68.5811767578125,-72.92652893066406,3.729485034942627,,
,,40849,,,566.5698051452637,,,,,,
,,40849,,10.028600692749023,,,,,,,
26,,40849,,,,3.727297782897949,-64.07413482666016,-68.46880340576172,3.727297782897949,,
,,40899,,,568.0317878723145,,,,,,
,,40899,,27.224063873291016,,,,,,,
26,,40899,,,,3.734861373901367,-64.96900939941406,-69.46122741699219,3.734861373901367,,
,,40949,,,569.3068504333496,,,,,,
,,40949,,10.207653045654297,,,,,,,
26,,40949,,,,3.729201078414917,-69.04961395263672,-73.4638900756836,3.729201078414917,,
,,40999,,,572.4167823791504,,,,,,
,,40999,,28.21946144104004,,,,,,,
26,,40999,,,,3.7258520126342773,-67.99900817871094,-72.17851257324219,3.7258520126342773,,
,,41049,,,575.1209259033203,,,,,,
,,41049,,10.270118713378906,,,,,,,
26,,41049,,,,3.7329046726226807,-67.19856262207031,-71.5649185180664,3.7329046726226807,,
,,41099,,,579.9367427825928,,,,,,
,,41099,,28.0301570892334,,,,,,,
26,,41099,,,,3.728641986846924,-64.25933837890625,-68.8416748046875,3.728641986846924,,
,,41149,,,582.2179317474365,,,,,,
,,41149,,10.403156280517578,,,,,,,
26,,41149,,,,3.736342191696167,-67.97991180419922,-72.59725189208984,3.736342191696167,,
,,41199,,,573.502779006958,,,,,,
,,41199,,28.977394104003906,,,,,,,
26,,41199,,,,3.7319602966308594,-66.72151947021484,-71.24616241455078,3.7319602966308594,,
,,41249,,,578.8719654083252,,,,,,
,,41249,,10.659217834472656,,,,,,,
26,,41249,,,,3.737800121307373,-65.56588745117188,-70.0979995727539,3.737800121307373,,
,,41299,,,580.3720951080322,,,,,,
,,41299,,27.833938598632812,,,,,,,
26,,41299,,,,3.730165958404541,-65.36650085449219,-69.81586456298828,3.730165958404541,,
,,41349,,,577.6071548461914,,,,,,
,,41349,,10.363578796386719,,,,,,,
26,,41349,,,,3.7237963676452637,-66.38760375976562,-70.77094268798828,3.7237963676452637,,
,,41399,,,572.4596977233887,,,,,,
,,41399,,28.617382049560547,,,,,,,
26,,41399,,,,3.7273237705230713,-70.40678405761719,-74.69856262207031,3.7273237705230713,,
,,41449,,,569.4043636322021,,,,,,
,,41449,,10.24007797241211,,,,,,,
26,,41449,,,,3.7282376289367676,-67.10548400878906,-71.30780029296875,3.7282376289367676,,
,,41499,,,576.077938079834,,,,,,
,,41499,,28.26523780822754,,,,,,,
26,,41499,,,,3.7302088737487793,-67.19387817382812,-71.34022521972656,3.7302088737487793,,
,,41549,,,577.5768756866455,,,,,,
,,41549,,10.502815246582031,,,,,,,
26,,41549,,,,3.733295440673828,-66.76158142089844,-71.115966796875,3.733295440673828,,
,,41599,,,571.5134143829346,,,,,,
,,41599,,28.046607971191406,,,,,,,
26,,41599,,,,3.7302496433258057,-67.07182312011719,-71.46881866455078,3.7302496433258057,,
,,41649,,,568.4399604797363,,,,,,
,,41649,,9.541034698486328,,,,,,,
26,,41649,,,,3.728092908859253,-68.07910919189453,-72.4003677368164,3.728092908859253,,
,,41699,,,573.2622146606445,,,,,,
,,41699,,27.144670486450195,,,,,,,
26,,41699,,,,3.7333014011383057,-67.19693756103516,-71.68401336669922,3.7333014011383057,,
,,41749,,,579.3414115905762,,,,,,
,,41749,,10.689973831176758,,,,,,,
26,,41749,,,,3.7288084030151367,-66.29828643798828,-70.60281372070312,3.7288084030151367,,
,,41799,,,583.7938785552979,,,,,,
,,41799,,28.21660041809082,,,,,,,
26,,41799,,,,3.7367262840270996,-67.62141418457031,-71.864013671875,3.7367262840270996,,
,,41849,,,570.7261562347412,,,,,,
,,41849,,10.570764541625977,,,,,,,
26,,41849,,,,3.726586103439331,-66.19806671142578,-70.49076843261719,3.726586103439331,,
,,41899,,,571.2125301361084,,,,,,
,,41899,,28.146982192993164,,,,,,,
26,,41899,,,,3.7274606227874756,-66.77340698242188,-71.02323150634766,3.7274606227874756,,
,,41949,,,573.4412670135498,,,,,,
,,41949,,9.674787521362305,,,,,,,
26,,41949,,,,3.722137689590454,-67.8558578491211,-72.09687042236328,3.722137689590454,,
,,41999,,,581.7275047302246,,,,,,
,,41999,,28.362751007080078,,,,,,,
26,,41999,,,,3.735358715057373,-68.66258239746094,-73.06487274169922,3.735358715057373,,
,,42049,,,583.2903385162354,,,,,,
,,42049,,10.889291763305664,,,,,,,
26,,42049,,,,3.734748125076294,-70.6685791015625,-74.94775390625,3.734748125076294,,
,,42099,,,578.0034065246582,,,,,,
,,42099,,28.113842010498047,,,,,,,
26,,42099,,,,3.7291295528411865,-68.95228576660156,-73.47489166259766,3.7291295528411865,,
,,42149,,,580.1589488983154,,,,,,
,,42149,,10.71476936340332,,,,,,,
26,,42149,,,,3.733645439147949,-69.32839965820312,-73.5623550415039,3.733645439147949,,
,,42199,,,568.9361095428467,,,,,,
,,42199,,28.45621109008789,,,,,,,
26,,42199,,,,3.738863945007324,-69.97418212890625,-74.27159118652344,3.738863945007324,,
26,,42200,,,,,,,,-98.29949951171875,-101.018310546875
,,42201,1120.3904309272766,,,,,,,,
,0.0003,42201,,,,,,,,,
,,42249,,,569.8282718658447,,,,,,
,,42249,,9.215116500854492,,,,,,,
27,,42249,,,,3.7383906841278076,-69.99046325683594,-74.50894165039062,3.7383906841278076,,
,,42299,,,568.9311027526855,,,,,,
,,42299,,27.66275405883789,,,,,,,
27,,42299,,,,3.736713409423828,-69.69009399414062,-73.9366683959961,3.736713409423828,,
,,42349,,,570.8599090576172,,,,,,
,,42349,,10.150671005249023,,,,,,,
27,,42349,,,,3.728672981262207,-68.42684173583984,-72.65221405029297,3.728672981262207,,
,,42399,,,570.0597763061523,,,,,,
,,42399,,27.924537658691406,,,,,,,
27,,42399,,,,3.732231855392456,-72.25547790527344,-76.49720764160156,3.732231855392456,,
,,42449,,,581.3050270080566,,,,,,
,,42449,,10.329484939575195,,,,,,,
27,,42449,,,,3.732120990753174,-69.21003723144531,-73.36531829833984,3.732120990753174,,
,,42499,,,574.6073722839355,,,,,,
,,42499,,28.097152709960938,,,,,,,
27,,42499,,,,3.740495443344116,-69.01693725585938,-73.47063446044922,3.740495443344116,,
,,42549,,,591.9482707977295,,,,,,
,,42549,,10.536670684814453,,,,,,,
27,,42549,,,,3.7338829040527344,-70.85724639892578,-75.1248779296875,3.7338829040527344,,
,,42599,,,585.4849815368652,,,,,,
,,42599,,27.65035629272461,,,,,,,
27,,42599,,,,3.719960927963257,-71.41996765136719,-75.64739990234375,3.719960927963257,,
,,42649,,,573.9052295684814,,,,,,
,,42649,,7.892131805419922,,,,,,,
27,,42649,,,,3.730680465698242,-74.23275756835938,-78.38671875,3.730680465698242,,
,,42699,,,583.2505226135254,,,,,,
,,42699,,25.35247802734375,,,,,,,
27,,42699,,,,3.7284741401672363,-70.88912200927734,-75.27574157714844,3.7284741401672363,,
,,42749,,,580.230712890625,,,,,,
,,42749,,7.808685302734375,,,,,,,
27,,42749,,,,3.732872724533081,-69.64624786376953,-73.81700897216797,3.732872724533081,,
,,42799,,,579.3523788452148,,,,,,
,,42799,,25.243282318115234,,,,,,,
27,,42799,,,,3.729520797729492,-72.80522918701172,-76.78177642822266,3.729520797729492,,
,,42849,,,578.8824558258057,,,,,,
,,42849,,7.83848762512207,,,,,,,
27,,42849,,,,3.7217090129852295,-72.76226806640625,-76.85478210449219,3.7217090129852295,,
,,42899,,,578.0909061431885,,,,,,
,,42899,,25.426387786865234,,,,,,,
27,,42899,,,,3.7265501022338867,-71.36705017089844,-75.56084442138672,3.7265501022338867,,
,,42949,,,588.1059169769287,,,,,,
,,42949,,9.967327117919922,,,,,,,
27,,42949,,,,3.7286455631256104,-71.44161987304688,-75.66771697998047,3.7286455631256104,,
,,42999,,,583.8911533355713,,,,,,
,,42999,,25.116920471191406,,,,,,,
27,,42999,,,,3.731656312942505,-73.85267639160156,-78.03303527832031,3.731656312942505,,
,,43049,,,589.219331741333,,,,,,
,,43049,,10.580062866210938,,,,,,,
27,,43049,,,,3.7291858196258545,-71.24896240234375,-75.46102142333984,3.7291858196258545,,
,,43099,,,583.4248065948486,,,,,,
,,43099,,25.389909744262695,,,,,,,
27,,43099,,,,3.7274272441864014,-72.30734252929688,-76.43221282958984,3.7274272441864014,,
,,43149,,,584.5692157745361,,,,,,
,,43149,,8.159875869750977,,,,,,,
27,,43149,,,,3.730876922607422,-71.10331726074219,-75.38877868652344,3.730876922607422,,
,,43199,,,585.1805210113525,,,,,,
,,43199,,25.638818740844727,,,,,,,
27,,43199,,,,3.723344087600708,-72.31053161621094,-76.53062438964844,3.723344087600708,,
,,43249,,,594.3565368652344,,,,,,
,,43249,,8.219003677368164,,,,,,,
27,,43249,,,,3.7245945930480957,-74.33853149414062,-78.4654312133789,3.7245945930480957,,
,,43299,,,699.0466117858887,,,,,,
,,43299,,26.971817016601562,,,,,,,
27,,43299,,,,3.665187358856201,-97.99484252929688,-100.54006958007812,3.665187358856201,,
,,43349,,,698.237419128418,,,,,,
,,43349,,9.45281982421875,,,,,,,
27,,43349,,,,3.6399552822113037,-100.4189453125,-100.41896057128906,3.6399552822113037,,
,,43399,,,697.2200870513916,,,,,,
,,43399,,26.80182456970215,,,,,,,
27,,43399,,,,3.6372697353363037,-107.0171890258789,-107.12974548339844,3.6372697353363037,,
,,43449,,,700.4265785217285,,,,,,
,,43449,,9.639978408813477,,,,,,,
27,,43449,,,,3.6474456787109375,-99.19073486328125,-100.31143951416016,3.6474456787109375,,
,,43499,,,699.3823051452637,,,,,,
,,43499,,29.44660186767578,,,,,,,
27,,43499,,,,3.637510061264038,-105.28654479980469,-105.28655242919922,3.637510061264038,,
,,43549,,,705.7135105133057,,,,,,
,,43549,,9.581804275512695,,,,,,,
27,,43549,,,,3.6374223232269287,-105.94698333740234,-105.94699096679688,3.6374223232269287,,
,,43599,,,705.1064968109131,,,,,,
,,43599,,27.797460556030273,,,,,,,
27,,43599,,,,3.6374778747558594,-102.89387512207031,-102.89387512207031,3.6374778747558594,,
,,43649,,,698.1806755065918,,,,,,
,,43649,,9.536981582641602,,,,,,,
27,,43649,,,,3.637394905090332,-106.96253967285156,-106.9625473022461,3.637394905090332,,
,,43699,,,704.6082019805908,,,,,,
,,43699,,28.08690071105957,,,,,,,
27,,43699,,,,3.637446880340576,-104.6861801147461,-104.68618774414062,3.637446880340576,,
,,43749,,,698.8375186920166,,,,,,
,,43749,,9.635210037231445,,,,,,,
27,,43749,,,,3.63741135597229,-104.01031494140625,-104.01030731201172,3.63741135597229,,
27,,43763,,,,,,,,-103.917236328125,-104.38233184814453
,,43764,1186.2913603782654,,,,,,,,
,0.0003,43764,,,,,,,,,
,,43799,,,700.4213333129883,,,,,,
,,43799,,26.965618133544922,,,,,,,
28,,43799,,,,3.637465238571167,-104.10556030273438,-104.10556030273438,3.637465238571167,,
,,43849,,,700.4098892211914,,,,,,
,,43849,,9.778738021850586,,,,,,,
28,,43849,,,,3.6374144554138184,-105.43953704833984,-105.43953704833984,3.6374144554138184,,
,,43899,,,700.0160217285156,,,,,,
,,43899,,27.257442474365234,,,,,,,
28,,43899,,,,3.6373448371887207,-104.41995239257812,-104.41996002197266,3.6373448371887207,,
,,43949,,,703.9222717285156,,,,,,
,,43949,,9.057760238647461,,,,,,,
28,,43949,,,,3.6374053955078125,-102.66950988769531,-102.66951751708984,3.6374053955078125,,
,,43999,,,706.7217826843262,,,,,,
,,43999,,27.39262580871582,,,,,,,
28,,43999,,,,3.63732647895813,-103.80561828613281,-103.80562591552734,3.63732647895813,,
,,44049,,,702.9685974121094,,,,,,
,,44049,,10.970592498779297,,,,,,,
28,,44049,,,,3.637421131134033,-103.30694580078125,-103.30695343017578,3.637421131134033,,
,,44099,,,698.7869739532471,,,,,,
,,44099,,32.03439712524414,,,,,,,
28,,44099,,,,3.6374099254608154,-105.33164978027344,-105.33163452148438,3.6374099254608154,,
,,44149,,,697.9565620422363,,,,,,
,,44149,,9.73653793334961,,,,,,,
28,,44149,,,,3.6374096870422363,-102.64407348632812,-102.64408111572266,3.6374096870422363,,
,,44199,,,698.4608173370361,,,,,,
,,44199,,27.820587158203125,,,,,,,
28,,44199,,,,3.637383222579956,-104.03558349609375,-104.03558349609375,3.637383222579956,,
,,44249,,,699.6781826019287,,,,,,
,,44249,,9.712457656860352,,,,,,,
28,,44249,,,,3.637437343597412,-102.49287414550781,-102.49288940429688,3.637437343597412,,
,,44299,,,700.3068923950195,,,,,,
,,44299,,27.66728401184082,,,,,,,
28,,44299,,,,3.6374120712280273,-104.24331665039062,-104.24331665039062,3.6374120712280273,,
,,44349,,,696.7649459838867,,,,,,
,,44349,,9.835481643676758,,,,,,,
28,,44349,,,,3.6373848915100098,-101.69247436523438,-101.6924819946289,3.6373848915100098,,
,,44399,,,699.2301940917969,,,,,,
,,44399,,26.10158920288086,,,,,,,
28,,44399,,,,3.637407064437866,-105.01622009277344,-105.01622772216797,3.637407064437866,,
,,44449,,,698.2190608978271,,,,,,
,,44449,,9.637594223022461,,,,,,,
28,,44449,,,,3.6374077796936035,-104.38053894042969,-104.38054656982422,3.6374077796936035,,
,,44499,,,701.857328414917,,,,,,
,,44499,,27.230262756347656,,,,,,,
28,,44499,,,,3.6373956203460693,-105.92391967773438,-105.92391967773438,3.6373956203460693,,
,,44549,,,703.8757801055908,,,,,,
,,44549,,9.855985641479492,,,,,,,
28,,44549,,,,3.6374003887176514,-105.6966552734375,-105.6966552734375,3.6374003887176514,,
,,44599,,,710.9708786010742,,,,,,
,,44599,,27.84872055053711,,,,,,,
28,,44599,,,,3.6373839378356934,-108.10647583007812,-108.10648345947266,3.6373839378356934,,
,,44649,,,702.2449970245361,,,,,,
,,44649,,10.572195053100586,,,,,,,
28,,44649,,,,3.637359619140625,-103.8902816772461,-103.89028930664062,3.637359619140625,,
,,44699,,,702.3916244506836,,,,,,
,,44699,,28.543949127197266,,,,,,,
28,,44699,,,,3.6373980045318604,-103.95906066894531,-103.95907592773438,3.6373980045318604,,
,,44749,,,702.5036811828613,,,,,,
,,44749,,9.854793548583984,,,,,,,
28,,44749,,,,3.637418508529663,-105.01435852050781,-105.01435089111328,3.637418508529663,,
,,44799,,,701.0581493377686,,,,,,
,,44799,,27.129411697387695,,,,,,,
28,,44799,,,,3.6374011039733887,-109.9703598022461,-109.9703598022461,3.6374011039733887,,
,,44849,,,705.0213813781738,,,,,,
,,44849,,9.795665740966797,,,,,,,
28,,44849,,,,3.637373924255371,-104.4112548828125,-104.41124725341797,3.637373924255371,,
,,44899,,,698.5654830932617,,,,,,
,,44899,,27.832746505737305,,,,,,,
28,,44899,,,,3.6373770236968994,-102.17904663085938,-102.17906188964844,3.6373770236968994,,
,,44949,,,700.0870704650879,,,,,,
,,44949,,9.164810180664062,,,,,,,
28,,44949,,,,3.6373796463012695,-105.92372131347656,-105.9237289428711,3.6373796463012695,,
,,44999,,,711.9405269622803,,,,,,
,,44999,,26.8247127532959,,,,,,,
28,,44999,,,,3.6374099254608154,-101.34226989746094,-101.34226989746094,3.6374099254608154,,
,,45049,,,699.1395950317383,,,,,,
,,45049,,10.19740104675293,,,,,,,
28,,45049,,,,3.637403726577759,-105.23492431640625,-105.23491668701172,3.637403726577759,,
,,45099,,,709.6571922302246,,,,,,
,,45099,,27.917146682739258,,,,,,,
28,,45099,,,,3.637394905090332,-106.16768646240234,-106.16769409179688,3.637394905090332,,
,,45149,,,702.2430896759033,,,,,,
,,45149,,9.88912582397461,,,,,,,
28,,45149,,,,3.637424945831299,-102.14625549316406,-102.14625549316406,3.637424945831299,,
,,45199,,,699.7110843658447,,,,,,
,,45199,,27.21238136291504,,,,,,,
28,,45199,,,,3.6373846530914307,-105.93199157714844,-105.93199157714844,3.6373846530914307,,
,,45249,,,704.272985458374,,,,,,
,,45249,,9.392023086547852,,,,,,,
28,,45249,,,,3.637388229370117,-105.30877685546875,-105.30878448486328,3.637388229370117,,
,,45299,,,704.8895359039307,,,,,,
,,45299,,26.601076126098633,,,,,,,
28,,45299,,,,3.637425184249878,-104.7166519165039,-104.71665954589844,3.637425184249878,,
28,,45326,,,,,,,,-104.095458984375,-104.38736724853516
,,45327,1320.5311868190765,,,,,,,,
,0.0003,45327,,,,,,,,,
,,45349,,,698.2591152191162,,,,,,
,,45349,,9.879112243652344,,,,,,,
29,,45349,,,,3.6374144554138184,-102.34197998046875,-102.34198760986328,3.6374144554138184,,
,,45399,,,702.6853561401367,,,,,,
,,45399,,26.56102180480957,,,,,,,
29,,45399,,,,3.6373889446258545,-106.1301498413086,-106.13015747070312,3.6373889446258545,,
,,45449,,,699.547529220581,,,,,,
,,45449,,9.68623161315918,,,,,,,
29,,45449,,,,3.6373796463012695,-99.2196044921875,-99.2196044921875,3.6373796463012695,,
,,45499,,,697.9000568389893,,,,,,
,,45499,,27.21261978149414,,,,,,,
29,,45499,,,,3.6373918056488037,-106.35945129394531,-106.35945129394531,3.6373918056488037,,
,,45549,,,701.845645904541,,,,,,
,,45549,,9.636402130126953,,,,,,,
29,,45549,,,,3.6373841762542725,-102.37926483154297,-102.3792724609375,3.6373841762542725,,
,,45599,,,698.1501579284668,,,,,,
,,45599,,28.001070022583008,,,,,,,
29,,45599,,,,3.6374218463897705,-101.7994613647461,-101.79946899414062,3.6374218463897705,,
,,45649,,,695.2221393585205,,,,,,
,,45649,,9.639263153076172,,,,,,,
29,,45649,,,,3.6373748779296875,-101.07192993164062,-101.07192993164062,3.6373748779296875,,
,,45699,,,704.3309211730957,,,,,,
,,45699,,27.596712112426758,,,,,,,
29,,45699,,,,3.637402057647705,-107.77925109863281,-107.77925872802734,3.637402057647705,,
,,45749,,,698.9400386810303,,,,,,
,,45749,,10.567665100097656,,,,,,,
29,,45749,,,,3.6373469829559326,-104.69317626953125,-104.69318389892578,3.6373469829559326,,
,,45799,,,696.6996192932129,,,,,,
,,45799,,27.10890769958496,,,,,,,
29,,45799,,,,3.6373424530029297,-107.2894515991211,-107.2894515991211,3.6373424530029297,,
,,45849,,,696.9625949859619,,,,,,
,,45849,,9.624242782592773,,,,,,,
29,,45849,,,,3.6374151706695557,-103.5337905883789,-103.53380584716797,3.6374151706695557,,
,,45899,,,706.8061828613281,,,,,,
,,45899,,27.436494827270508,,,,,,,
29,,45899,,,,3.637387990951538,-104.56751251220703,-104.56752014160156,3.637387990951538,,
,,45949,,,708.1048488616943,,,,,,
,,45949,,9.639263153076172,,,,,,,
29,,45949,,,,3.637404680252075,-106.46758270263672,-106.46757507324219,3.637404680252075,,
,,45999,,,697.6675987243652,,,,,,
,,45999,,27.040719985961914,,,,,,,
29,,45999,,,,3.63738751411438,-100.89962768554688,-100.8996353149414,3.63738751411438,,
,,46049,,,697.6733207702637,,,,,,
,,46049,,9.737968444824219,,,,,,,
29,,46049,,,,3.6373960971832275,-104.88227844238281,-104.88228607177734,3.6373960971832275,,
,,46099,,,700.0932693481445,,,,,,
,,46099,,26.797056198120117,,,,,,,
29,,46099,,,,3.637382745742798,-102.555908203125,-102.55591583251953,3.637382745742798,,
,,46149,,,705.5525779724121,,,,,,
,,46149,,9.512662887573242,,,,,,,
29,,46149,,,,3.6373491287231445,-109.60784149169922,-109.60784912109375,3.6373491287231445,,
,,46199,,,707.9706192016602,,,,,,
,,46199,,30.612468719482422,,,,,,,
29,,46199,,,,3.637551784515381,-103.80551147460938,-103.80552673339844,3.637551784515381,,
,,46249,,,703.9120197296143,,,,,,
,,46249,,9.49716567993164,,,,,,,
29,,46249,,,,3.6406655311584473,-102.48149108886719,-102.64405822753906,3.6406655311584473,,
,,46299,,,665.9755706787109,,,,,,
,,46299,,27.553558349609375,,,,,,,
29,,46299,,,,3.692203998565674,-87.72186279296875,-91.77960968017578,3.692203998565674,,
,,46349,,,424.1757392883301,,,,,,
,,46349,,5.906581878662109,,,,,,,
29,,46349,,,,3.750441789627075,-51.019859313964844,-56.64337921142578,3.750441789627075,,
,,46399,,,423.2516288757324,,,,,,
,,46399,,23.6055850982666,,,,,,,
29,,46399,,,,3.746767997741699,-52.27855682373047,-58.15438461303711,3.746767997741699,,
,,46449,,,423.2761859893799,,,,,,
,,46449,,8.696556091308594,,,,,,,
29,,46449,,,,3.7508602142333984,-53.072242736816406,-58.99617004394531,3.7508602142333984,,
,,46499,,,430.0537109375,,,,,,
,,46499,,23.81753921508789,,,,,,,
29,,46499,,,,3.746108055114746,-52.814613342285156,-58.63618087768555,3.746108055114746,,
,,46549,,,421.3569164276123,,,,,,
,,46549,,5.898714065551758,,,,,,,
29,,46549,,,,3.743459463119507,-52.6544075012207,-58.61466598510742,3.743459463119507,,
,,46599,,,419.5852279663086,,,,,,
,,46599,,23.427724838256836,,,,,,,
29,,46599,,,,3.7403643131256104,-52.51483154296875,-58.28858184814453,3.7403643131256104,,
,,46649,,,424.88861083984375,,,,,,
,,46649,,6.006479263305664,,,,,,,
29,,46649,,,,3.754042863845825,-53.22826385498047,-59.11878204345703,3.754042863845825,,
,,46699,,,422.9390621185303,,,,,,
,,46699,,23.19955825805664,,,,,,,
29,,46699,,,,3.748352289199829,-53.11134719848633,-59.13703536987305,3.748352289199829,,
,,46749,,,427.46663093566895,,,,,,
,,46749,,6.016254425048828,,,,,,,
29,,46749,,,,3.753284215927124,-52.66962432861328,-58.74567794799805,3.753284215927124,,
,,46799,,,423.9668846130371,,,,,,
,,46799,,23.328304290771484,,,,,,,
29,,46799,,,,3.7477529048919678,-52.53279113769531,-58.247196197509766,3.7477529048919678,,
,,46849,,,425.14872550964355,,,,,,
,,46849,,7.809638977050781,,,,,,,
29,,46849,,,,3.743598222732544,-52.52444076538086,-58.49980163574219,3.743598222732544,,
29,,46889,,,,,,,,-81.73479461669922,-88.33287811279297
,,46890,1150.9584221839905,,,,,,,,
,0.0003,46890,,,,,,,,,
,,46899,,,424.22008514404297,,,,,,
,,46899,,23.682594299316406,,,,,,,
30,,46899,,,,3.749300479888916,-53.34068298339844,-59.442665100097656,3.749300479888916,,
,,46949,,,427.5813102722168,,,,,,
,,46949,,5.86700439453125,,,,,,,
30,,46949,,,,3.7591781616210938,-52.93670654296875,-59.16233444213867,3.7591781616210938,,
,,46999,,,433.55536460876465,,,,,,
,,46999,,27.1608829498291,,,,,,,
30,,46999,,,,3.7489285469055176,-52.3875846862793,-58.32621765136719,3.7489285469055176,,
,,47049,,,423.2063293457031,,,,,,
,,47049,,5.816936492919922,,,,,,,
30,,47049,,,,3.7442502975463867,-52.83362579345703,-59.01937484741211,3.7442502975463867,,
,,47099,,,423.94161224365234,,,,,,
,,47099,,23.22530746459961,,,,,,,
30,,47099,,,,3.748295307159424,-52.42710876464844,-58.36918258666992,3.748295307159424,,
,,47149,,,423.65217208862305,,,,,,
,,47149,,5.930662155151367,,,,,,,
30,,47149,,,,3.7552361488342285,-53.015586853027344,-58.89866256713867,3.7552361488342285,,
,,47199,,,431.469202041626,,,,,,
,,47199,,23.3151912689209,,,,,,,
30,,47199,,,,3.744981527328491,-54.724952697753906,-60.333641052246094,3.744981527328491,,
,,47249,,,700.1183032989502,,,,,,
,,47249,,9.87863540649414,,,,,,,
30,,47249,,,,3.6303727626800537,-102.80473327636719,-105.19339752197266,3.6303727626800537,,
,,47299,,,700.2952098846436,,,,,,
,,47299,,27.483224868774414,,,,,,,
30,,47299,,,,3.63634991645813,-104.89081573486328,-104.91775512695312,3.63634991645813,,
,,47349,,,703.8180828094482,,,,,,
,,47349,,12.253761291503906,,,,,,,
30,,47349,,,,3.6372833251953125,-106.98467254638672,-106.98468780517578,3.6372833251953125,,
,,47399,,,706.1035633087158,,,,,,
,,47399,,27.364015579223633,,,,,,,
30,,47399,,,,3.6374576091766357,-103.54539489746094,-103.54539489746094,3.6374576091766357,,
,,47449,,,698.3296871185303,,,,,,
,,47449,,9.885787963867188,,,,,,,
30,,47449,,,,3.637420654296875,-104.40119934082031,-104.40120697021484,3.637420654296875,,
,,47499,,,700.8614540100098,,,,,,
,,47499,,28.32198143005371,,,,,,,
30,,47499,,,,3.637468099594116,-103.77886199951172,-103.8033676147461,3.637468099594116,,
,,47549,,,700.2291679382324,,,,,,
,,47549,,9.930849075317383,,,,,,,
30,,47549,,,,3.6374452114105225,-103.41343688964844,-103.41344451904297,3.6374452114105225,,
,,47599,,,700.0522613525391,,,,,,
,,47599,,27.07052230834961,,,,,,,
30,,47599,,,,3.6374034881591797,-101.78509521484375,-101.78510284423828,3.6374034881591797,,
,,47649,,,702.1341323852539,,,,,,
,,47649,,10.516881942749023,,,,,,,
30,,47649,,,,3.637376546859741,-107.21632385253906,-107.21632385253906,3.637376546859741,,
,,47699,,,701.3463973999023,,,,,,
,,47699,,27.66561508178711,,,,,,,
30,,47699,,,,3.63739013671875,-106.98043823242188,-106.9804458618164,3.63739013671875,,
,,47749,,,700.1142501831055,,,,,,
,,47749,,12.233257293701172,,,,,,,
30,,47749,,,,3.637418746948242,-103.96157836914062,-103.96157836914062,3.637418746948242,,
,,47799,,,707.9675197601318,,,,,,
,,47799,,27.880191802978516,,,,,,,
30,,47799,,,,3.637411117553711,-105.6295166015625,-105.62953186035156,3.637411117553711,,
,,47849,,,706.885576248169,,,,,,
,,47849,,11.047124862670898,,,,,,,
30,,47849,,,,3.638662576675415,-101.35134887695312,-102.84134674072266,3.638662576675415,,
,,47899,,,700.3347873687744,,,,,,
,,47899,,27.559995651245117,,,,,,,
30,,47899,,,,3.6439366340637207,-103.60885620117188,-103.62895202636719,3.6439366340637207,,
,,47949,,,701.789140701294,,,,,,
,,47949,,10.042905807495117,,,,,,,
30,,47949,,,,3.637526750564575,-101.53813934326172,-101.53815460205078,3.637526750564575,,
,,47999,,,702.498197555542,,,,,,
,,47999,,27.74357795715332,,,,,,,
30,,47999,,,,3.6375041007995605,-103.82987213134766,-103.82987976074219,3.6375041007995605,,
,,48049,,,705.2967548370361,,,,,,
,,48049,,9.88149642944336,,,,,,,
30,,48049,,,,3.637812376022339,-107.37550354003906,-107.37550354003906,3.637812376022339,,
,,48099,,,700.6208896636963,,,,,,
,,48099,,27.347803115844727,,,,,,,
30,,48099,,,,3.637376546859741,-103.7783432006836,-103.77835083007812,3.637376546859741,,
,,48149,,,700.2191543579102,,,,,,
,,48149,,9.914159774780273,,,,,,,
30,,48149,,,,3.6376712322235107,-107.1125717163086,-107.11257934570312,3.6376712322235107,,
,,48199,,,703.1095027923584,,,,,,
,,48199,,31.80098533630371,,,,,,,
30,,48199,,,,3.637122392654419,-102.5799560546875,-102.5799560546875,3.637122392654419,,
,,48249,,,696.8309879302979,,,,,,
,,48249,,9.978294372558594,,,,,,,
30,,48249,,,,3.6367998123168945,-101.49307250976562,-101.5111312866211,3.6367998123168945,,
,,48299,,,698.6069679260254,,,,,,
,,48299,,27.597427368164062,,,,,,,
30,,48299,,,,3.6373541355133057,-103.79666137695312,-103.79666900634766,3.6373541355133057,,
,,48349,,,698.0764865875244,,,,,,
,,48349,,10.050296783447266,,,,,,,
30,,48349,,,,3.6373562812805176,-104.05036926269531,-104.05036926269531,3.6373562812805176,,
,,48399,,,700.2341747283936,,,,,,
,,48399,,27.158737182617188,,,,,,,
30,,48399,,,,3.6373162269592285,-103.87377166748047,-103.873779296875,3.6373162269592285,,
,,48449,,,707.1757316589355,,,,,,
,,48449,,11.185884475708008,,,,,,,
30,,48449,,,,3.637360095977783,-103.777099609375,-103.77710723876953,3.637360095977783,,
30,,48452,,,,,,,,-103.08822631835938,-104.36817169189453
,,48453,1231.943253993988,,,,,,,,
,0.0003,48453,,,,,,,,,
,,48499,,,698.3006000518799,,,,,,
,,48499,,27.04334259033203,,,,,,,
31,,48499,,,,3.637403726577759,-103.87222290039062,-103.87458801269531,3.637403726577759,,
,,48549,,,699.0485191345215,,,,,,
,,48549,,9.593725204467773,,,,,,,
31,,48549,,,,3.637423276901245,-101.58586120605469,-101.58586883544922,3.637423276901245,,
,,48599,,,699.901819229126,,,,,,
,,48599,,27.03070640563965,,,,,,,
31,,48599,,,,3.6374688148498535,-102.1839599609375,-102.18397521972656,3.6374688148498535,,
,,48649,,,697.5612640380859,,,,,,
,,48649,,9.64045524597168,,,,,,,
31,,48649,,,,3.637346029281616,-103.7408447265625,-103.74085998535156,3.637346029281616,,
,,48699,,,701.1227607727051,,,,,,
,,48699,,27.065753936767578,,,,,,,
31,,48699,,,,3.637385129928589,-108.92809295654297,-108.92809295654297,3.637385129928589,,
,,48749,,,705.5566310882568,,,,,,
,,48749,,9.622573852539062,,,,,,,
31,,48749,,,,3.6373705863952637,-103.95152282714844,-103.95152282714844,3.6373705863952637,,
,,48799,,,701.0042667388916,,,,,,
,,48799,,28.493165969848633,,,,,,,
31,,48799,,,,3.6373629570007324,-104.51565551757812,-104.51566314697266,3.6373629570007324,,
,,48849,,,697.6866722106934,,,,,,
,,48849,,9.559154510498047,,,,,,,
31,,48849,,,,3.637399435043335,-104.78081512451172,-104.78081512451172,3.637399435043335,,
,,48899,,,710.1044654846191,,,,,,
,,48899,,27.33445167541504,,,,,,,
31,,48899,,,,3.637392520904541,-104.94444274902344,-104.94444274902344,3.637392520904541,,
,,48949,,,700.1035213470459,,,,,,
,,48949,,9.618282318115234,,,,,,,
31,,48949,,,,3.6374001502990723,-102.94916534423828,-102.94918060302734,3.6374001502990723,,
,,48999,,,698.8883018493652,,,,,,
,,48999,,26.99899673461914,,,,,,,
31,,48999,,,,3.637399196624756,-101.86531066894531,-101.86531066894531,3.637399196624756,,
,,49049,,,704.3442726135254,,,,,,
,,49049,,9.558439254760742,,,,,,,
31,,49049,,,,3.6373891830444336,-101.6546630859375,-101.65465545654297,3.6373891830444336,,
,,49099,,,698.8756656646729,,,,,,
,,49099,,27.362823486328125,,,,,,,
31,,49099,,,,3.637397289276123,-105.930908203125,-105.93091583251953,3.637397289276123,,
,,49149,,,700.7105350494385,,,,,,
,,49149,,9.987354278564453,,,,,,,
31,,49149,,,,3.6373722553253174,-103.2847900390625,-103.28480529785156,3.6373722553253174,,
,,49199,,,703.2976150512695,,,,,,
,,49199,,26.865243911743164,,,,,,,
31,,49199,,,,3.6375200748443604,-103.59352111816406,-103.59352111816406,3.6375200748443604,,
,,49249,,,700.7105350494385,,,,,,
,,49249,,11.649847030639648,,,,,,,
31,,49249,,,,3.638336420059204,-104.64076232910156,-104.74454498291016,3.638336420059204,,
,,49299,,,700.9375095367432,,,,,,
,,49299,,27.04477310180664,,,,,,,
31,,49299,,,,3.6381144523620605,-108.05162048339844,-108.06212615966797,3.6381144523620605,,
,,49349,,,699.8076438903809,,,,,,
,,49349,,9.561777114868164,,,,,,,
31,,49349,,,,3.637349843978882,-106.74101257324219,-106.74101257324219,3.637349843978882,,
,,49399,,,701.185941696167,,,,,,
,,49399,,32.60183334350586,,,,,,,
31,,49399,,,,3.637280225753784,-101.29814147949219,-101.29814147949219,3.637280225753784,,
,,49449,,,708.9552879333496,,,,,,
,,49449,,10.296821594238281,,,,,,,
31,,49449,,,,3.6373989582061768,-107.31571197509766,-107.31571197509766,3.6373989582061768,,
,,49499,,,700.3931999206543,,,,,,
,,49499,,26.920795440673828,,,,,,,
31,,49499,,,,3.6373870372772217,-104.88619995117188,-104.88619995117188,3.6373870372772217,,
,,49549,,,709.7718715667725,,,,,,
,,49549,,12.996196746826172,,,,,,,
31,,49549,,,,3.6373934745788574,-103.5926513671875,-103.5926513671875,3.6373934745788574,,
,,49599,,,700.70481300354,,,,,,
,,49599,,26.906490325927734,,,,,,,
31,,49599,,,,3.6373863220214844,-104.88919830322266,-104.88919830322266,3.6373863220214844,,
,,49649,,,700.6368637084961,,,,,,
,,49649,,9.743690490722656,,,,,,,
31,,49649,,,,3.6373913288116455,-104.38085174560547,-104.380859375,3.6373913288116455,,
,,49699,,,697.721004486084,,,,,,
,,49699,,27.254581451416016,,,,,,,
31,,49699,,,,3.6373891830444336,-103.53132629394531,-103.53132629394531,3.6373891830444336,,
,,49749,,,698.1518268585205,,,,,,
,,49749,,9.598731994628906,,,,,,,
31,,49749,,,,3.637416362762451,-101.46337890625,-101.46338653564453,3.637416362762451,,
,,49799,,,702.1005153656006,,,,,,
,,49799,,27.120590209960938,,,,,,,
31,,49799,,,,3.6373913288116455,-104.98532104492188,-104.9853286743164,3.6373913288116455,,
,,49849,,,698.563814163208,,,,,,
,,49849,,9.852170944213867,,,,,,,
31,,49849,,,,3.6373815536499023,-104.436767578125,-104.43677520751953,3.6373815536499023,,
,,49899,,,712.2018337249756,,,,,,
,,49899,,27.219295501708984,,,,,,,
31,,49899,,,,3.6373977661132812,-104.7283935546875,-104.7283935546875,3.6373977661132812,,
,,49949,,,699.8639106750488,,,,,,
,,49949,,9.888648986816406,,,,,,,
31,,49949,,,,3.637392520904541,-99.40507507324219,-99.40507507324219,3.637392520904541,,
,,49999,,,700.7689476013184,,,,,,
,,49999,,27.50682830810547,,,,,,,
31,,49999,,,,3.637409210205078,-103.11345672607422,-103.11345672607422,3.637409210205078,,
31,,50015,,,,,,,,-103.99103546142578,-104.3857650756836
,,50016,1319.8094482421875,,,,,,,,
,0.0003,50016,,,,,,,,,
,,50049,,,699.0091800689697,,,,,,
,,50049,,9.996414184570312,,,,,,,
32,,50049,,,,3.637382745742798,-103.58232879638672,-103.58232116699219,3.637382745742798,,
,,50099,,,703.9458751678467,,,,,,
,,50099,,27.112245559692383,,,,,,,
32,,50099,,,,3.6374011039733887,-102.42825317382812,-102.42826080322266,3.6374011039733887,,
,,50149,,,699.3038654327393,,,,,,
,,50149,,9.941816329956055,,,,,,,
32,,50149,,,,3.6373884677886963,-105.30921173095703,-105.30921936035156,3.6373884677886963,,
,,50199,,,700.5558013916016,,,,,,
,,50199,,26.972055435180664,,,,,,,
32,,50199,,,,3.63738751411438,-99.71361541748047,-99.71360778808594,3.63738751411438,,
,,50249,,,700.4070281982422,,,,,,
,,50249,,9.93490219116211,,,,,,,
32,,50249,,,,3.6373913288116455,-106.0000991821289,-106.00011444091797,3.6373913288116455,,
,,50299,,,699.699878692627,,,,,,
,,50299,,26.98659896850586,,,,,,,
32,,50299,,,,3.637385129928589,-99.00678253173828,-99.00679779052734,3.637385129928589,,
,,50349,,,706.4604759216309,,,,,,
,,50349,,9.97161865234375,,,,,,,
32,,50349,,,,3.6374118328094482,-98.26162719726562,-98.26162719726562,3.6374118328094482,,
,,50399,,,699.8987197875977,,,,,,
,,50399,,27.347803115844727,,,,,,,
32,,50399,,,,3.637390613555908,-104.29232788085938,-104.29234313964844,3.637390613555908,,
,,50449,,,706.1121463775635,,,,,,
,,50449,,9.9639892578125,,,,,,,
32,,50449,,,,3.6373937129974365,-101.98555755615234,-101.98556518554688,3.6373937129974365,,
,,50499,,,699.5398998260498,,,,,,
,,50499,,28.237104415893555,,,,,,,
32,,50499,,,,3.637387990951538,-104.22434997558594,-104.22434997558594,3.637387990951538,,
,,50549,,,703.9670944213867,,,,,,
,,50549,,9.910106658935547,,,,,,,
32,,50549,,,,3.637394905090332,-101.55714416503906,-101.55714416503906,3.637394905090332,,
,,50599,,,702.5609016418457,,,,,,
,,50599,,29.12759780883789,,,,,,,
32,,50599,,,,3.6373980045318604,-101.81459045410156,-101.8145980834961,3.6373980045318604,,
,,50649,,,702.3510932922363,,,,,,
,,50649,,12.139081954956055,,,,,,,
32,,50649,,,,3.6373863220214844,-101.1133041381836,-101.11331939697266,3.6373863220214844,,
,,50699,,,700.695276260376,,,,,,
,,50699,,27.62126922607422,,,,,,,
32,,50699,,,,3.6373748779296875,-101.92509460449219,-101.92509460449219,3.6373748779296875,,
,,50749,,,704.8077583312988,,,,,,
,,50749,,10.715723037719727,,,,,,,
32,,50749,,,,3.637394428253174,-101.26902770996094,-101.2690200805664,3.637394428253174,,
,,50799,,,700.1104354858398,,,,,,
,,50799,,27.890682220458984,,,,,,,
32,,50799,,,,3.63739013671875,-104.0987548828125,-104.09877014160156,3.63739013671875,,
,,50849,,,701.0927200317383,,,,,,
,,50849,,10.027647018432617,,,,,,,
32,,50849,,,,3.6373870372772217,-102.7852554321289,-102.78527069091797,3.6373870372772217,,
,,50899,,,703.6466598510742,,,,,,
,,50899,,27.64272689819336,,,,,,,
32,,50899,,,,3.6374130249023438,-104.19725036621094,-104.197265625,3.6374130249023438,,
,,50949,,,701.491117477417,,,,,,
,,50949,,9.554386138916016,,,,,,,
32,,50949,,,,3.63738751411438,-104.20861053466797,-104.20861053466797,3.63738751411438,,
,,50999,,,702.6112079620361,,,,,,
,,50999,,28.99909019470215,,,,,,,
32,,50999,,,,3.63738751411438,-104.36634826660156,-104.36634826660156,3.63738751411438,,
,,51049,,,700.9506225585938,,,,,,
,,51049,,9.87386703491211,,,,,,,
32,,51049,,,,3.6373939514160156,-102.82299041748047,-102.82298278808594,3.6373939514160156,,
,,51099,,,702.6832103729248,,,,,,
,,51099,,27.68683433532715,,,,,,,
32,,51099,,,,3.6373989582061768,-103.95771789550781,-103.95772552490234,3.6373989582061768,,
,,51149,,,700.7606029510498,,,,,,
,,51149,,9.906530380249023,,,,,,,
32,,51149,,,,3.637397289276123,-104.03990173339844,-104.03990173339844,3.637397289276123,,
,,51199,,,711.0714912414551,,,,,,
,,51199,,27.724027633666992,,,,,,,
32,,51199,,,,3.6373913288116455,-100.41258239746094,-100.4125747680664,3.6373913288116455,,
,,51249,,,706.0346603393555,,,,,,
,,51249,,10.539054870605469,,,,,,,
32,,51249,,,,3.637401580810547,-102.53035736083984,-102.53036499023438,3.637401580810547,,
,,51299,,,714.3182754516602,,,,,,
,,51299,,27.619600296020508,,,,,,,
32,,51299,,,,3.6373889446258545,-103.05484008789062,-103.05484008789062,3.6373889446258545,,
,,51349,,,701.2875080108643,,,,,,
,,51349,,9.739875793457031,,,,,,,
32,,51349,,,,3.637401580810547,-105.21084594726562,-105.21085357666016,3.637401580810547,,
,,51399,,,715.6038284301758,,,,,,
,,51399,,28.84650230407715,,,,,,,
32,,51399,,,,3.637188673019409,-102.2686996459961,-102.26870727539062,3.637188673019409,,
,,51449,,,703.9036750793457,,,,,,
,,51449,,10.085105895996094,,,,,,,
32,,51449,,,,3.637413263320923,-106.73170471191406,-106.73171997070312,3.637413263320923,,
,,51499,,,716.7360782623291,,,,,,
,,51499,,27.750253677368164,,,,,,,
32,,51499,,,,3.6373791694641113,-103.46005249023438,-103.46005249023438,3.6373791694641113,,
,,51549,,,712.4190330505371,,,,,,
,,51549,,10.061979293823242,,,,,,,
32,,51549,,,,3.637385845184326,-105.61405944824219,-105.61406707763672,3.637385845184326,,
32,,51578,,,,,,,,-104.00162506103516,-104.38562774658203
,,51579,1324.039898633957,,,,,,,,
,0.0003,51579,,,,,,,,,
,,51599,,,699.8310089111328,,,,,,
,,51599,,26.77607536315918,,,,,,,
33,,51599,,,,3.6372387409210205,-103.49871063232422,-103.50060272216797,3.6372387409210205,,
,,51649,,,702.6810646057129,,,,,,
,,51649,,9.816408157348633,,,,,,,
33,,51649,,,,3.6374011039733887,-103.10073852539062,-103.10074615478516,3.6374011039733887,,
,,51699,,,732.7895164489746,,,,,,
,,51699,,30.0140380859375,,,,,,,
33,,51699,,,,3.637392997741699,-103.5064926147461,-103.50650024414062,3.637392997741699,,
,,51749,,,719.8021411895752,,,,,,
,,51749,,13.011932373046875,,,,,,,
33,,51749,,,,3.6373753547668457,-105.34590911865234,-105.34591674804688,3.6373753547668457,,
,,51799,,,714.4021987915039,,,,,,
,,51799,,30.107736587524414,,,,,,,
33,,51799,,,,3.6373984813690186,-103.41592407226562,-103.41593170166016,3.6373984813690186,,
,,51849,,,721.8961715698242,,,,,,
,,51849,,12.756586074829102,,,,,,,
33,,51849,,,,3.6374123096466064,-103.09274291992188,-103.09274291992188,3.6374123096466064,,
,,51899,,,718.7790870666504,,,,,,
,,51899,,30.616283416748047,,,,,,,
33,,51899,,,,3.63739013671875,-106.04231262207031,-106.04231262207031,3.63739013671875,,
,,51949,,,722.5823402404785,,,,,,
,,51949,,12.851238250732422,,,,,,,
33,,51949,,,,3.6373956203460693,-103.79012298583984,-103.79013061523438,3.6373956203460693,,
,,51999,,,723.71506690979,,,,,,
,,51999,,30.073881149291992,,,,,,,
33,,51999,,,,3.637394428253174,-105.50157165527344,-105.50157165527344,3.637394428253174,,
,,52049,,,719.7694778442383,,,,,,
,,52049,,12.600183486938477,,,,,,,
33,,52049,,,,3.6373980045318604,-104.14312744140625,-104.14313507080078,3.6373980045318604,,
,,52099,,,710.557222366333,,,,,,
,,52099,,30.51614761352539,,,,,,,
33,,52099,,,,3.63738751411438,-101.9131088256836,-101.91311645507812,3.63738751411438,,
,,52149,,,725.6693840026855,,,,,,
,,52149,,12.694120407104492,,,,,,,
33,,52149,,,,3.637396812438965,-105.61553955078125,-105.61553192138672,3.637396812438965,,
,,52199,,,724.0324020385742,,,,,,
,,52199,,30.827045440673828,,,,,,,
33,,52199,,,,3.6373836994171143,-107.11577606201172,-107.11577606201172,3.6373836994171143,,
,,52249,,,722.1965789794922,,,,,,
,,52249,,12.808084487915039,,,,,,,
33,,52249,,,,3.6374568939208984,-106.71383666992188,-106.72698974609375,3.6374568939208984,,
,,52299,,,714.7753238677979,,,,,,
,,52299,,29.92391586303711,,,,,,,
33,,52299,,,,3.637338161468506,-105.35436248779297,-105.3543701171875,3.637338161468506,,
,,52349,,,725.3003120422363,,,,,,
,,52349,,12.818574905395508,,,,,,,
33,,52349,,,,3.6374053955078125,-102.40631866455078,-102.40632629394531,3.6374053955078125,,
,,52399,,,719.8736667633057,,,,,,
,,52399,,29.85095977783203,,,,,,,
33,,52399,,,,3.6373958587646484,-107.08229064941406,-107.08229064941406,3.6373958587646484,,
,,52449,,,716.2883281707764,,,,,,
,,52449,,12.792587280273438,,,,,,,
33,,52449,,,,3.637392997741699,-106.64643859863281,-106.64644622802734,3.637392997741699,,
,,52499,,,721.3521003723145,,,,,,
,,52499,,29.644489288330078,,,,,,,
33,,52499,,,,3.637394905090332,-107.89474487304688,-107.89474487304688,3.637394905090332,,
,,52549,,,719.3851470947266,,,,,,
,,52549,,13.01121711730957,,,,,,,
33,,52549,,,,3.637396812438965,-108.30876159667969,-108.30876922607422,3.637396812438965,,
,,52599,,,718.6121940612793,,,,,,
,,52599,,33.394575119018555,,,,,,,
33,,52599,,,,3.6373918056488037,-105.19650268554688,-105.19650268554688,3.6373918056488037,,
,,52649,,,717.4067497253418,,,,,,
,,52649,,12.634038925170898,,,,,,,
33,,52649,,,,3.6373982429504395,-104.31690979003906,-104.31690979003906,3.6373982429504395,,
,,52699,,,712.3856544494629,,,,,,
,,52699,,30.946016311645508,,,,,,,
33,,52699,,,,3.637394428253174,-106.51556396484375,-106.51557159423828,3.637394428253174,,
,,52749,,,715.7490253448486,,,,,,
,,52749,,12.770891189575195,,,,,,,
33,,52749,,,,3.637394905090332,-104.77751159667969,-104.77751922607422,3.637394905090332,,
,,52799,,,713.8683795928955,,,,,,
,,52799,,30.559539794921875,,,,,,,
33,,52799,,,,3.6373960971832275,-102.46574401855469,-102.46573638916016,3.6373960971832275,,
,,52849,,,721.3571071624756,,,,,,
,,52849,,12.75324821472168,,,,,,,
33,,52849,,,,3.6373939514160156,-101.7972640991211,-101.79727172851562,3.6373939514160156,,
,,52899,,,715.8355712890625,,,,,,
,,52899,,30.002117156982422,,,,,,,
33,,52899,,,,3.6373937129974365,-101.24967956542969,-101.24968719482422,3.6373937129974365,,
,,52949,,,727.2515296936035,,,,,,
,,52949,,13.261795043945312,,,,,,,
33,,52949,,,,3.6373937129974365,-105.01933288574219,-105.01934051513672,3.6373937129974365,,
,,52999,,,705.5835723876953,,,,,,
,,52999,,31.413793563842773,,,,,,,
33,,52999,,,,3.6373937129974365,-107.18502044677734,-107.18502807617188,3.6373937129974365,,
,,53049,,,698.422908782959,,,,,,
,,53049,,9.889841079711914,,,,,,,
33,,53049,,,,3.637394428253174,-105.68498229980469,-105.68497467041016,3.637394428253174,,
,,53099,,,699.0969181060791,,,,,,
,,53099,,26.933670043945312,,,,,,,
33,,53099,,,,3.6373918056488037,-106.98075866699219,-106.98075866699219,3.6373918056488037,,
33,,53141,,,,,,,,-104.30842590332031,-104.39247131347656
,,53142,1344.6658544540405,,,,,,,,
,0.0003,53142,,,,,,,,,
,,53149,,,702.8777599334717,,,,,,
,,53149,,10.471105575561523,,,,,,,
34,,53149,,,,3.63739275932312,-107.41915893554688,-107.41917419433594,3.63739275932312,,
,,53199,,,698.9560127258301,,,,,,
,,53199,,27.1604061126709,,,,,,,
34,,53199,,,,3.637392520904541,-106.12977600097656,-106.1297836303711,3.637392520904541,,
,,53249,,,706.3579559326172,,,,,,
,,53249,,9.925127029418945,,,,,,,
34,,53249,,,,3.6373934745788574,-104.86723327636719,-104.86724090576172,3.6373934745788574,,
,,53299,,,699.6984481811523,,,,,,
,,53299,,27.408361434936523,,,,,,,
34,,53299,,,,3.6373937129974365,-104.2878646850586,-104.28787231445312,3.6373937129974365,,
,,53349,,,707.1447372436523,,,,,,
,,53349,,10.11204719543457,,,,,,,
34,,53349,,,,3.637392997741699,-103.4886245727539,-103.48863220214844,3.637392997741699,,
,,53399,,,700.5496025085449,,,,,,
,,53399,,27.210474014282227,,,,,,,
34,,53399,,,,3.637394905090332,-109.41748046875,-109.41749572753906,3.637394905090332,,
,,53449,,,699.3341445922852,,,,,,
,,53449,,10.191202163696289,,,,,,,
34,,53449,,,,3.6373913288116455,-104.69587707519531,-104.69588470458984,3.6373913288116455,,
,,53499,,,708.8413238525391,,,,,,
,,53499,,30.900001525878906,,,,,,,
34,,53499,,,,3.637392282485962,-109.20164489746094,-109.20166015625,3.637392282485962,,
,,53549,,,714.1404151916504,,,,,,
,,53549,,9.98067855834961,,,,,,,
34,,53549,,,,3.637392997741699,-103.95597839355469,-103.95598602294922,3.637392997741699,,
,,53599,,,704.8215866088867,,,,,,
,,53599,,29.320240020751953,,,,,,,
34,,53599,,,,3.637394905090332,-104.3916015625,-104.39160919189453,3.637394905090332,,
,,53649,,,701.8821239471436,,,,,,
,,53649,,12.86458969116211,,,,,,,
34,,53649,,,,3.637394428253174,-104.15713500976562,-104.15714263916016,3.637394428253174,,
,,53699,,,700.9680271148682,,,,,,
,,53699,,27.386903762817383,,,,,,,
34,,53699,,,,3.63739275932312,-102.50404357910156,-102.50404357910156,3.63739275932312,,
,,53749,,,699.5010375976562,,,,,,
,,53749,,10.123491287231445,,,,,,,
34,,53749,,,,3.637392520904541,-101.40418243408203,-101.4041748046875,3.637392520904541,,
,,53799,,,700.702428817749,,,,,,
,,53799,,27.775049209594727,,,,,,,
34,,53799,,,,3.6373956203460693,-104.59672546386719,-104.59673309326172,3.6373956203460693,,
,,53849,,,704.2248249053955,,,,,,
,,53849,,11.720895767211914,,,,,,,
34,,53849,,,,3.6373937129974365,-98.82169342041016,-98.82169342041016,3.6373937129974365,,
,,53899,,,699.784517288208,,,,,,
,,53899,,27.279376983642578,,,,,,,
34,,53899,,,,3.6373913288116455,-101.26287078857422,-101.26287078857422,3.6373913288116455,,
,,53949,,,701.4775276184082,,,,,,
,,53949,,9.83428955078125,,,,,,,
34,,53949,,,,3.6373934745788574,-106.28538513183594,-106.28538513183594,3.6373934745788574,,
,,53999,,,699.9185085296631,,,,,,
,,53999,,28.06401252746582,,,,,,,
34,,53999,,,,3.637392997741699,-106.915283203125,-106.91529083251953,3.637392997741699,,
,,54049,,,702.5299072265625,,,,,,
,,54049,,11.296749114990234,,,,,,,
34,,54049,,,,3.637392520904541,-103.74484252929688,-103.74484252929688,3.637392520904541,,
,,54099,,,699.073076248169,,,,,,
,,54099,,27.974605560302734,,,,,,,
34,,54099,,,,3.637394666671753,-101.81169128417969,-101.81168365478516,3.637394666671753,,
,,54149,,,698.6916065216064,,,,,,
,,54149,,10.00213623046875,,,,,,,
34,,54149,,,,3.6373937129974365,-99.10413360595703,-99.10414123535156,3.6373937129974365,,
,,54199,,,705.2962779998779,,,,,,
,,54199,,27.349472045898438,,,,,,,
34,,54199,,,,3.637392520904541,-103.2614517211914,-103.2614517211914,3.637392520904541,,
,,54249,,,700.8213996887207,,,,,,
,,54249,,9.77778434753418,,,,,,,
34,,54249,,,,3.6373939514160156,-107.07281494140625,-107.07282257080078,3.6373939514160156,,
,,54299,,,712.0621204376221,,,,,,
,,54299,,29.082059860229492,,,,,,,
34,,54299,,,,3.6373918056488037,-105.58822631835938,-105.58821868896484,3.6373918056488037,,
,,54349,,,700.833797454834,,,,,,
,,54349,,10.100603103637695,,,,,,,
34,,54349,,,,3.6373956203460693,-106.74081420898438,-106.74081420898438,3.6373956203460693,,
,,54399,,,700.9923458099365,,,,,,
,,54399,,27.98604965209961,,,,,,,
34,,54399,,,,3.637394905090332,-103.109130859375,-103.10913848876953,3.637394905090332,,
,,54449,,,708.7740898132324,,,,,,
,,54449,,12.367963790893555,,,,,,,
34,,54449,,,,3.637392520904541,-103.60823822021484,-103.60823822021484,3.637392520904541,,
,,54499,,,702.113151550293,,,,,,
,,54499,,28.21969985961914,,,,,,,
34,,54499,,,,3.6373958587646484,-106.26655578613281,-106.26656341552734,3.6373958587646484,,
,,54549,,,702.0483016967773,,,,,,
,,54549,,10.169267654418945,,,,,,,
34,,54549,,,,3.6373939514160156,-104.19202423095703,-104.19203186035156,3.6373939514160156,,
,,54599,,,702.3134231567383,,,,,,
,,54599,,27.922630310058594,,,,,,,
34,,54599,,,,3.6373934745788574,-103.1016616821289,-103.10165405273438,3.6373934745788574,,
,,54649,,,704.2086124420166,,,,,,
,,54649,,9.624481201171875,,,,,,,
34,,54649,,,,3.637392997741699,-101.77955627441406,-101.77957153320312,3.637392997741699,,
,,54699,,,710.9813690185547,,,,,,
,,54699,,27.47488021850586,,,,,,,
34,,54699,,,,3.6373937129974365,-102.77471923828125,-102.77471160888672,3.6373937129974365,,
34,,54704,,,,,,,,-104.10717010498047,-104.38996887207031
,,54705,1324.7476274967194,,,,,,,,
,0.0003,54705,,,,,,,,,
,,54749,,,715.9411907196045,,,,,,
,,54749,,10.628223419189453,,,,,,,
35,,54749,,,,3.637392520904541,-102.83734130859375,-102.83734130859375,3.637392520904541,,
,,54799,,,699.8879909515381,,,,,,
,,54799,,26.900053024291992,,,,,,,
35,,54799,,,,3.6373913288116455,-105.45088195800781,-105.45089721679688,3.6373913288116455,,
,,54849,,,700.0119686126709,,,,,,
,,54849,,9.668827056884766,,,,,,,
35,,54849,,,,3.6373937129974365,-108.926513671875,-108.92652130126953,3.6373937129974365,,
,,54899,,,699.4671821594238,,,,,,
,,54899,,27.506351470947266,,,,,,,
35,,54899,,,,3.657048463821411,-99.78935241699219,-100.6905288696289,3.657048463821411,,
,,54949,,,702.3887634277344,,,,,,
,,54949,,11.314630508422852,,,,,,,
35,,54949,,,,3.625991106033325,-105.2574234008789,-106.51470184326172,3.625991106033325,,
,,54999,,,700.350284576416,,,,,,
,,54999,,26.680469512939453,,,,,,,
35,,54999,,,,3.640216588973999,-105.8997802734375,-105.91311645507812,3.640216588973999,,
,,55049,,,699.8069286346436,,,,,,
,,55049,,9.741544723510742,,,,,,,
35,,55049,,,,3.6372458934783936,-107.15584564208984,-107.15584564208984,3.6372458934783936,,
,,55099,,,703.0658721923828,,,,,,
,,55099,,30.693531036376953,,,,,,,
35,,55099,,,,3.6375083923339844,-104.34571075439453,-104.34571075439453,3.6375083923339844,,
,,55149,,,700.7880210876465,,,,,,
,,55149,,12.226104736328125,,,,,,,
35,,55149,,,,3.6381449699401855,-104.09855651855469,-104.09856414794922,3.6381449699401855,,
,,55199,,,700.9420394897461,,,,,,
,,55199,,27.620315551757812,,,,,,,
35,,55199,,,,3.6373960971832275,-104.38278198242188,-104.38277435302734,3.6373960971832275,,
,,55249,,,699.6924877166748,,,,,,
,,55249,,10.17904281616211,,,,,,,
35,,55249,,,,3.637402296066284,-104.34939575195312,-104.34940338134766,3.637402296066284,,
,,55299,,,704.1683197021484,,,,,,
,,55299,,27.366161346435547,,,,,,,
35,,55299,,,,3.6373965740203857,-104.77284240722656,-104.7728500366211,3.6373965740203857,,
,,55349,,,704.1800022125244,,,,,,
,,55349,,10.702371597290039,,,,,,,
35,,55349,,,,3.6373777389526367,-103.54932403564453,-103.54933166503906,3.6373777389526367,,
,,55399,,,702.378511428833,,,,,,
,,55399,,28.594970703125,,,,,,,
35,,55399,,,,3.6373982429504395,-104.50581359863281,-104.50582122802734,3.6373982429504395,,
,,55449,,,700.9150981903076,,,,,,
,,55449,,11.632680892944336,,,,,,,
35,,55449,,,,3.637392997741699,-102.83448791503906,-102.83450317382812,3.637392997741699,,
,,55499,,,699.1281509399414,,,,,,
,,55499,,27.43244171142578,,,,,,,
35,,55499,,,,3.63740873336792,-105.64202880859375,-105.64202880859375,3.63740873336792,,
,,55549,,,700.1793384552002,,,,,,
,,55549,,9.804964065551758,,,,,,,
35,,55549,,,,3.6374058723449707,-103.28101348876953,-103.28102111816406,3.6374058723449707,,
,,55599,,,702.1563053131104,,,,,,
,,55599,,27.62460708618164,,,,,,,
35,,55599,,,,3.637399196624756,-106.62808227539062,-106.62808227539062,3.637399196624756,,
,,55649,,,704.4503688812256,,,,,,
,,55649,,10.184049606323242,,,,,,,
35,,55649,,,,3.6374034881591797,-106.10427856445312,-106.10427856445312,3.6374034881591797,,
,,55699,,,702.0456790924072,,,,,,
,,55699,,27.224063873291016,,,,,,,
35,,55699,,,,3.637388229370117,-105.27660369873047,-105.276611328125,3.637388229370117,,
,,55749,,,704.4525146484375,,,,,,
,,55749,,9.819507598876953,,,,,,,
35,,55749,,,,3.637491464614868,-101.98717498779297,-101.9871826171875,3.637491464614868,,
,,55799,,,701.9875049591064,,,,,,
,,55799,,31.55994415283203,,,,,,,
35,,55799,,,,3.637399435043335,-106.01616668701172,-106.01616668701172,3.637399435043335,,
,,55849,,,701.8804550170898,,,,,,
,,55849,,9.759902954101562,,,,,,,
35,,55849,,,,3.6373867988586426,-102.8115234375,-102.8115234375,3.6373867988586426,,
,,55899,,,698.4522342681885,,,,,,
,,55899,,27.606487274169922,,,,,,,
35,,55899,,,,3.637376308441162,-102.2623519897461,-102.26235961914062,3.637376308441162,,
,,55949,,,705.9869766235352,,,,,,
,,55949,,9.874105453491211,,,,,,,
35,,55949,,,,3.6373937129974365,-104.38189697265625,-104.38190460205078,3.6373937129974365,,
,,55999,,,703.742265701294,,,,,,
,,55999,,27.564048767089844,,,,,,,
35,,55999,,,,3.637382745742798,-108.85445404052734,-108.85445404052734,3.637382745742798,,
,,56049,,,711.3633155822754,,,,,,
,,56049,,9.782552719116211,,,,,,,
35,,56049,,,,3.6373960971832275,-104.16496276855469,-104.16495513916016,3.6373960971832275,,
,,56099,,,705.6910991668701,,,,,,
,,56099,,27.73594856262207,,,,,,,
35,,56099,,,,3.63739013671875,-103.35948944091797,-103.35951232910156,3.63739013671875,,
,,56149,,,701.6675472259521,,,,,,
,,56149,,9.850263595581055,,,,,,,
35,,56149,,,,3.637326240539551,-107.29339599609375,-107.29339599609375,3.637326240539551,,
,,56199,,,702.9731273651123,,,,,,
,,56199,,26.831865310668945,,,,,,,
35,,56199,,,,3.637404680252075,-105.03250885009766,-105.03251647949219,3.637404680252075,,
,,56249,,,711.6129398345947,,,,,,
,,56249,,9.991645812988281,,,,,,,
35,,56249,,,,3.637390613555908,-105.59104919433594,-105.5910415649414,3.637390613555908,,
35,,56267,,,,,,,,-104.36405944824219,-104.39293670654297
,,56268,1322.9853825569153,,,,,,,,
,0.0003,56268,,,,,,,,,
,,56299,,,702.3093700408936,,,,,,
,,56299,,27.962923049926758,,,,,,,
36,,56299,,,,3.63739013671875,-106.99390411376953,-106.99390411376953,3.63739013671875,,
,,56349,,,699.3789672851562,,,,,,
,,56349,,10.019779205322266,,,,,,,
36,,56349,,,,3.6374077796936035,-107.07464599609375,-107.07465362548828,3.6374077796936035,,
,,56399,,,703.7920951843262,,,,,,
,,56399,,27.192354202270508,,,,,,,
36,,56399,,,,3.637390613555908,-100.61932373046875,-100.61933135986328,3.637390613555908,,
,,56449,,,702.488899230957,,,,,,
,,56449,,9.660482406616211,,,,,,,
36,,56449,,,,3.637413263320923,-104.95565032958984,-104.95565795898438,3.637413263320923,,
,,56499,,,699.9738216400146,,,,,,
,,56499,,27.756929397583008,,,,,,,
36,,56499,,,,3.6373958587646484,-102.19137573242188,-102.1913833618164,3.6373958587646484,,
,,56549,,,703.6347389221191,,,,,,
,,56549,,10.407209396362305,,,,,,,
36,,56549,,,,3.637402057647705,-104.41472625732422,-104.41472625732422,3.637402057647705,,
,,56599,,,703.143835067749,,,,,,
,,56599,,27.649879455566406,,,,,,,
36,,56599,,,,3.6374220848083496,-107.47596740722656,-107.47596740722656,3.6374220848083496,,
,,56649,,,702.1374702453613,,,,,,
,,56649,,10.052204132080078,,,,,,,
36,,56649,,,,3.6373870372772217,-104.868896484375,-104.868896484375,3.6373870372772217,,
,,56699,,,702.3842334747314,,,,,,
,,56699,,27.78482437133789,,,,,,,
36,,56699,,,,3.63739275932312,-102.25004577636719,-102.25005340576172,3.63739275932312,,
,,56749,,,711.4644050598145,,,,,,
,,56749,,10.119915008544922,,,,,,,
36,,56749,,,,3.6374011039733887,-105.33094787597656,-105.3309555053711,3.6374011039733887,,
,,56799,,,709.3119621276855,,,,,,
,,56799,,27.31919288635254,,,,,,,
36,,56799,,,,3.637388229370117,-105.83200073242188,-105.8320083618164,3.637388229370117,,
,,56849,,,704.1137218475342,,,,,,
,,56849,,10.025501251220703,,,,,,,
36,,56849,,,,3.637383222579956,-106.12608337402344,-106.12609100341797,3.637383222579956,,
,,56899,,,699.3973255157471,,,,,,
,,56899,,27.88519859313965,,,,,,,
36,,56899,,,,3.637373685836792,-102.40186309814453,-102.40187072753906,3.637373685836792,,
,,56949,,,700.5600929260254,,,,,,
,,56949,,10.041952133178711,,,,,,,
36,,56949,,,,3.6373870372772217,-105.42989349365234,-105.42990112304688,3.6373870372772217,,
,,56999,,,706.4905166625977,,,,,,
,,56999,,27.704954147338867,,,,,,,
36,,56999,,,,3.6374013423919678,-102.21709442138672,-102.21708679199219,3.6374013423919678,,
,,57049,,,711.8279933929443,,,,,,
,,57049,,10.067462921142578,,,,,,,
36,,57049,,,,3.637385129928589,-101.20465850830078,-101.20465850830078,3.637385129928589,,
,,57099,,,707.9105377197266,,,,,,
,,57099,,31.025171279907227,,,,,,,
36,,57099,,,,3.6374001502990723,-102.55630493164062,-102.55630493164062,3.6374001502990723,,
,,57149,,,701.2650966644287,,,,,,
,,57149,,10.303974151611328,,,,,,,
36,,57149,,,,3.6373891830444336,-103.88316345214844,-103.88317108154297,3.6373891830444336,,
,,57199,,,706.6960334777832,,,,,,
,,57199,,27.76646614074707,,,,,,,
36,,57199,,,,3.6373770236968994,-103.94143676757812,-103.94144439697266,3.6373770236968994,,
,,57249,,,709.8143100738525,,,,,,
,,57249,,10.48421859741211,,,,,,,
36,,57249,,,,3.637388229370117,-105.5892333984375,-105.5892333984375,3.637388229370117,,
,,57299,,,704.1676044464111,,,,,,
,,57299,,27.42171287536621,,,,,,,
36,,57299,,,,3.637380361557007,-106.89839935302734,-106.89840698242188,3.637380361557007,,
,,57349,,,708.9300155639648,,,,,,
,,57349,,13.655900955200195,,,,,,,
36,,57349,,,,3.637396812438965,-104.27789306640625,-104.27790069580078,3.637396812438965,,
,,57399,,,705.9040069580078,,,,,,
,,57399,,27.483224868774414,,,,,,,
36,,57399,,,,3.63739275932312,-102.03996276855469,-102.03995513916016,3.63739275932312,,
,,57449,,,700.8535861968994,,,,,,
,,57449,,10.139703750610352,,,,,,,
36,,57449,,,,3.6373960971832275,-104.07671356201172,-104.07671356201172,3.6373960971832275,,
,,57499,,,705.0254344940186,,,,,,
,,57499,,28.245210647583008,,,,,,,
36,,57499,,,,3.6376888751983643,-104.60527038574219,-105.00350189208984,3.6376888751983643,,
,,57549,,,702.0766735076904,,,,,,
,,57549,,10.196685791015625,,,,,,,
36,,57549,,,,3.6374850273132324,-105.69009399414062,-105.69009399414062,3.6374850273132324,,
,,57599,,,699.7215747833252,,,,,,
,,57599,,27.593135833740234,,,,,,,
36,,57599,,,,3.6374101638793945,-99.26454162597656,-99.2645492553711,3.6374101638793945,,
,,57649,,,703.5059928894043,,,,,,
,,57649,,9.560585021972656,,,,,,,
36,,57649,,,,3.6373977661132812,-105.67987060546875,-105.67987823486328,3.6373977661132812,,
,,57699,,,706.305980682373,,,,,,
,,57699,,26.844501495361328,,,,,,,
36,,57699,,,,3.6374077796936035,-103.89370727539062,-103.89370727539062,3.6374077796936035,,
,,57749,,,700.585126876831,,,,,,
,,57749,,12.692451477050781,,,,,,,
36,,57749,,,,3.6373915672302246,-103.91116333007812,-103.91117095947266,3.6373915672302246,,
,,57799,,,699.3474960327148,,,,,,
,,57799,,27.197837829589844,,,,,,,
36,,57799,,,,3.6374013423919678,-106.36091613769531,-106.36091613769531,3.6374013423919678,,
36,,57830,,,,,,,,-104.3915786743164,-104.39334106445312
,,57831,1326.2002692222595,,,,,,,,
,0.0003,57831,,,,,,,,,
,,57849,,,713.2079601287842,,,,,,
,,57849,,13.33308219909668,,,,,,,
37,,57849,,,,3.637385129928589,-107.66519165039062,-107.66519165039062,3.637385129928589,,
,,57899,,,729.7346591949463,,,,,,
,,57899,,31.067848205566406,,,,,,,
37,,57899,,,,3.637388229370117,-102.91403198242188,-102.91403198242188,3.637388229370117,,
,,57949,,,726.0146141052246,,,,,,
,,57949,,13.592720031738281,,,,,,,
37,,57949,,,,3.637380838394165,-105.89080047607422,-105.89080047607422,3.637380838394165,,
,,57999,,,716.2573337554932,,,,,,
,,57999,,31.005859375,,,,,,,
37,,57999,,,,3.637399911880493,-104.47684478759766,-104.47685241699219,3.637399911880493,,
,,58049,,,722.1105098724365,,,,,,
,,58049,,13.205528259277344,,,,,,,
37,,58049,,,,3.6373775005340576,-108.83056640625,-108.83057403564453,3.6373775005340576,,
,,58099,,,715.0430679321289,,,,,,
,,58099,,30.86090087890625,,,,,,,
37,,58099,,,,3.63739013671875,-107.40727996826172,-107.40727996826172,3.63739013671875,,
,,58149,,,722.4736213684082,,,,,,
,,58149,,13.572931289672852,,,,,,,
37,,58149,,,,3.637404441833496,-103.04293823242188,-103.0429458618164,3.637404441833496,,
,,58199,,,725.9783744812012,,,,,,
,,58199,,35.759687423706055,,,,,,,
37,,58199,,,,3.6374034881591797,-104.94744873046875,-104.94745635986328,3.6374034881591797,,
,,58249,,,725.4447937011719,,,,,,
,,58249,,13.63825798034668,,,,,,,
37,,58249,,,,3.6373815536499023,-99.91349029541016,-99.91349029541016,3.6373815536499023,,
,,58299,,,732.3346138000488,,,,,,
,,58299,,30.83944320678711,,,,,,,
37,,58299,,,,3.6373939514160156,-106.28245544433594,-106.28245544433594,3.6373939514160156,,
,,58349,,,727.4434566497803,,,,,,
,,58349,,13.938665390014648,,,,,,,
37,,58349,,,,3.63739013671875,-107.02250671386719,-107.02250671386719,3.63739013671875,,
,,58399,,,726.8099784851074,,,,,,
,,58399,,31.203746795654297,,,,,,,
37,,58399,,,,3.6373913288116455,-102.16976928710938,-102.1697769165039,3.6373913288116455,,
,,58449,,,718.3282375335693,,,,,,
,,58449,,13.372421264648438,,,,,,,
37,,58449,,,,3.637392282485962,-102.77033996582031,-102.77034759521484,3.637392282485962,,
,,58499,,,721.5375900268555,,,,,,
,,58499,,31.88800811767578,,,,,,,
37,,58499,,,,3.6373937129974365,-103.9322280883789,-103.93222045898438,3.6373937129974365,,
,,58549,,,726.9253730773926,,,,,,
,,58549,,13.073921203613281,,,,,,,
37,,58549,,,,3.637394428253174,-103.49718475341797,-103.49718475341797,3.637394428253174,,
,,58599,,,722.1198081970215,,,,,,
,,58599,,31.592845916748047,,,,,,,
37,,58599,,,,3.637382745742798,-104.51997375488281,-104.51998138427734,3.637382745742798,,
,,58649,,,725.4130840301514,,,,,,
,,58649,,14.270305633544922,,,,,,,
37,,58649,,,,3.637417793273926,-106.37993621826172,-106.37993621826172,3.637417793273926,,
,,58699,,,727.6561260223389,,,,,,
,,58699,,31.241178512573242,,,,,,,
37,,58699,,,,3.6374077796936035,-104.98076629638672,-104.98078155517578,3.6374077796936035,,
,,58749,,,730.241060256958,,,,,,
,,58749,,13.178825378417969,,,,,,,
37,,58749,,,,3.6374173164367676,-103.65782165527344,-103.65782928466797,3.6374173164367676,,
,,58799,,,739.0899658203125,,,,,,
,,58799,,31.15558624267578,,,,,,,
37,,58799,,,,3.637385845184326,-103.01272583007812,-103.01273345947266,3.637385845184326,,
,,58849,,,732.1891784667969,,,,,,
,,58849,,13.484001159667969,,,,,,,
37,,58849,,,,3.6373894214630127,-104.82505798339844,-104.82505798339844,3.6373894214630127,,
,,58899,,,720.8001613616943,,,,,,
,,58899,,31.291961669921875,,,,,,,
37,,58899,,,,3.6374053955078125,-103.43000793457031,-103.43000793457031,3.6374053955078125,,
,,58949,,,722.8357791900635,,,,,,
,,58949,,13.182640075683594,,,,,,,
37,,58949,,,,3.637402296066284,-105.32440948486328,-105.32440948486328,3.637402296066284,,
,,58999,,,729.9134731292725,,,,,,
,,58999,,31.589984893798828,,,,,,,
37,,58999,,,,3.637383222579956,-102.43782043457031,-102.43782806396484,3.637383222579956,,
,,59049,,,728.6443710327148,,,,,,
,,59049,,13.65804672241211,,,,,,,
37,,59049,,,,3.6373863220214844,-102.77975463867188,-102.7797622680664,3.6373863220214844,,
,,59099,,,720.738410949707,,,,,,
,,59099,,31.653642654418945,,,,,,,
37,,59099,,,,3.6373820304870605,-106.49597930908203,-106.49598693847656,3.6373820304870605,,
,,59149,,,719.8779582977295,,,,,,
,,59149,,13.58795166015625,,,,,,,
37,,59149,,,,3.6373977661132812,-104.03414916992188,-104.03414916992188,3.6373977661132812,,
,,59199,,,719.099760055542,,,,,,
,,59199,,32.45091438293457,,,,,,,
37,,59199,,,,3.637397289276123,-107.26631164550781,-107.26632690429688,3.637397289276123,,
,,59249,,,726.7143726348877,,,,,,
,,59249,,13.43846321105957,,,,,,,
37,,59249,,,,3.6374223232269287,-105.25410461425781,-105.25411987304688,3.6374223232269287,,
,,59299,,,720.975399017334,,,,,,
,,59299,,30.671358108520508,,,,,,,
37,,59299,,,,3.637392520904541,-102.5716552734375,-102.57164764404297,3.637392520904541,,
,,59349,,,724.158525466919,,,,,,
,,59349,,13.40174674987793,,,,,,,
37,,59349,,,,3.637385129928589,-101.65081024169922,-101.65081787109375,3.637385129928589,,
37,,59393,,,,,,,,-104.3707504272461,-104.39309692382812
,,59394,1360.750726699829,,,,,,,,
,0.0003,59394,,,,,,,,,
,,59399,,,737.9066944122314,,,,,,
,,59399,,31.125545501708984,,,,,,,
38,,59399,,,,3.637395143508911,-106.03231811523438,-106.03231811523438,3.637395143508911,,
,,59449,,,725.9237766265869,,,,,,
,,59449,,13.333559036254883,,,,,,,
38,,59449,,,,3.6373815536499023,-105.42546081542969,-105.42546844482422,3.6373815536499023,,
,,59499,,,725.03662109375,,,,,,
,,59499,,30.930042266845703,,,,,,,
38,,59499,,,,3.637407064437866,-103.96414947509766,-103.96415710449219,3.637407064437866,,
,,59549,,,718.7447547912598,,,,,,
,,59549,,13.178825378417969,,,,,,,
38,,59549,,,,3.6373977661132812,-101.95983123779297,-101.95983123779297,3.6373977661132812,,
,,59599,,,729.2678356170654,,,,,,
,,59599,,30.891895294189453,,,,,,,
38,,59599,,,,3.637397289276123,-104.9701919555664,-104.9701919555664,3.637397289276123,,
,,59649,,,715.0828838348389,,,,,,
,,59649,,13.193368911743164,,,,,,,
38,,59649,,,,3.6373980045318604,-106.43972778320312,-106.43973541259766,3.6373980045318604,,
,,59699,,,723.9947319030762,,,,,,
,,59699,,30.93242645263672,,,,,,,
38,,59699,,,,3.637387275695801,-103.09590148925781,-103.09589385986328,3.637387275695801,,
,,59749,,,712.7244472503662,,,,,,
,,59749,,13.259172439575195,,,,,,,
38,,59749,,,,3.637394428253174,-102.67266845703125,-102.67267608642578,3.637394428253174,,
,,59799,,,729.8111915588379,,,,,,
,,59799,,30.936717987060547,,,,,,,
38,,59799,,,,3.6373934745788574,-103.28404235839844,-103.28404998779297,3.6373934745788574,,
,,59849,,,719.975471496582,,,,,,
,,59849,,13.236284255981445,,,,,,,
38,,59849,,,,3.637397289276123,-99.65460968017578,-99.65461730957031,3.637397289276123,,
,,59899,,,725.365161895752,,,,,,
,,59899,,31.57806396484375,,,,,,,
38,,59899,,,,3.6373894214630127,-105.04827117919922,-105.04827880859375,3.6373894214630127,,
,,59949,,,726.391077041626,,,,,,
,,59949,,13.25082778930664,,,,,,,
38,,59949,,,,3.6373956203460693,-105.17117309570312,-105.17118072509766,3.6373956203460693,,
,,59999,,,739.7685050964355,,,,,,
,,59999,,31.919479370117188,,,,,,,
38,,59999,,,,3.637392997741699,-103.06777954101562,-103.06777954101562,3.637392997741699,,
,,60049,,,732.82790184021,,,,,,
,,60049,,13.271808624267578,,,,,,,
38,,60049,,,,3.6373960971832275,-102.86431121826172,-102.86431121826172,3.6373960971832275,,
,,60099,,,729.6168804168701,,,,,,
,,60099,,31.432151794433594,,,,,,,
38,,60099,,,,3.6373937129974365,-105.47673034667969,-105.47673797607422,3.6373937129974365,,
,,60149,,,726.41921043396,,,,,,
,,60149,,13.027191162109375,,,,,,,
38,,60149,,,,3.637364387512207,-106.29796600341797,-106.29796600341797,3.637364387512207,,
,,60199,,,726.1133193969727,,,,,,
,,60199,,30.84087371826172,,,,,,,
38,,60199,,,,3.6373846530914307,-105.08779907226562,-105.08779907226562,3.6373846530914307,,
,,60249,,,723.0372428894043,,,,,,
,,60249,,13.294696807861328,,,,,,,
38,,60249,,,,3.6374003887176514,-106.91876220703125,-106.91876983642578,3.6374003887176514,,
,,60299,,,720.3149795532227,,,,,,
,,60299,,31.272411346435547,,,,,,,
38,,60299,,,,3.6374003887176514,-104.05613708496094,-104.05615234375,3.6374003887176514,,
,,60349,,,726.2725830078125,,,,,,
,,60349,,13.132333755493164,,,,,,,
38,,60349,,,,3.6374101638793945,-103.47024536132812,-103.47025299072266,3.6374101638793945,,
,,60399,,,723.0749130249023,,,,,,
,,60399,,31.535625457763672,,,,,,,
38,,60399,,,,3.637394428253174,-105.5823974609375,-105.5823974609375,3.637394428253174,,
,,60449,,,724.2367267608643,,,,,,
,,60449,,13.772010803222656,,,,,,,
38,,60449,,,,3.6373918056488037,-100.50486755371094,-100.50486755371094,3.6373918056488037,,
,,60499,,,717.8525924682617,,,,,,
,,60499,,31.366348266601562,,,,,,,
38,,60499,,,,3.6373960971832275,-102.99588012695312,-102.99589538574219,3.6373960971832275,,
,,60549,,,724.9040603637695,,,,,,
,,60549,,13.33475112915039,,,,,,,
38,,60549,,,,3.6373980045318604,-102.3531494140625,-102.35314178466797,3.6373980045318604,,
,,60599,,,715.9063816070557,,,,,,
,,60599,,30.78293800354004,,,,,,,
38,,60599,,,,3.637385129928589,-104.04486846923828,-104.04488372802734,3.637385129928589,,
,,60649,,,717.1175479888916,,,,,,
,,60649,,13.496637344360352,,,,,,,
38,,60649,,,,3.637390613555908,-104.03874969482422,-104.03874969482422,3.637390613555908,,
,,60699,,,716.599702835083,,,,,,
,,60699,,30.971527099609375,,,,,,,
38,,60699,,,,3.637390613555908,-103.9268798828125,-103.92689514160156,3.637390613555908,,
,,60749,,,721.0409641265869,,,,,,
,,60749,,13.510465621948242,,,,,,,
38,,60749,,,,3.637388229370117,-109.11028289794922,-109.11028289794922,3.637388229370117,,
,,60799,,,727.6027202606201,,,,,,
,,60799,,31.563997268676758,,,,,,,
38,,60799,,,,3.637396812438965,-101.10275268554688,-101.10275268554688,3.637396812438965,,
,,60849,,,726.8810272216797,,,,,,
,,60849,,13.33928108215332,,,,,,,
38,,60849,,,,3.637388229370117,-104.9166259765625,-104.91661834716797,3.637388229370117,,
,,60899,,,730.1812171936035,,,,,,
,,60899,,31.2802791595459,,,,,,,
38,,60899,,,,3.637392282485962,-104.74516296386719,-104.74516296386719,3.637392282485962,,
,,60949,,,717.4205780029297,,,,,,
,,60949,,12.984991073608398,,,,,,,
38,,60949,,,,3.637394905090332,-109.09558868408203,-109.09559631347656,3.637394905090332,,
38,,60956,,,,,,,,-104.38044738769531,-104.39320373535156
,,60957,1361.8996942043304,,,,,,,,
,0.0003,60957,,,,,,,,,
,,60999,,,1049.6950149536133,,,,,,
,,60999,,30.735015869140625,,,,,,,
39,,60999,,,,3.6373908519744873,-103.58842468261719,-103.58842468261719,3.6373908519744873,,
,,61049,,,717.5989151000977,,,,,,
,,61049,,13.524770736694336,,,,,,,
39,,61049,,,,3.637441873550415,-102.47721862792969,-102.47722625732422,3.637441873550415,,
,,61099,,,722.836971282959,,,,,,
,,61099,,30.582427978515625,,,,,,,
39,,61099,,,,3.636586904525757,-101.0457763671875,-101.08181762695312,3.636586904525757,,
,,61149,,,714.3423557281494,,,,,,
,,61149,,13.044357299804688,,,,,,,
39,,61149,,,,3.637399196624756,-103.72872924804688,-103.72872924804688,3.637399196624756,,
,,61199,,,724.2789268493652,,,,,,
,,61199,,30.852079391479492,,,,,,,
39,,61199,,,,3.637397050857544,-105.55242156982422,-105.55242919921875,3.637397050857544,,
,,61249,,,708.5990905761719,,,,,,
,,61249,,9.90152359008789,,,,,,,
39,,61249,,,,3.637392997741699,-104.67799377441406,-104.67800903320312,3.637392997741699,,
,,61299,,,709.686279296875,,,,,,
,,61299,,27.240276336669922,,,,,,,
39,,61299,,,,3.63739275932312,-104.06970977783203,-104.0697250366211,3.63739275932312,,
,,61349,,,714.3135070800781,,,,,,
,,61349,,10.266304016113281,,,,,,,
39,,61349,,,,3.637394905090332,-106.85977172851562,-106.85977172851562,3.637394905090332,,
,,61399,,,705.6131362915039,,,,,,
,,61399,,27.4660587310791,,,,,,,
39,,61399,,,,3.637392282485962,-100.87660217285156,-100.87660217285156,3.637392282485962,,
,,61449,,,703.5210132598877,,,,,,
,,61449,,11.375188827514648,,,,,,,
39,,61449,,,,3.637394428253174,-107.09224700927734,-107.09224700927734,3.637394428253174,,
,,61499,,,701.7698287963867,,,,,,
,,61499,,27.251243591308594,,,,,,,
39,,61499,,,,3.6373960971832275,-104.99339294433594,-104.99339294433594,3.6373960971832275,,
,,61549,,,700.6595134735107,,,,,,
,,61549,,9.871244430541992,,,,,,,
39,,61549,,,,3.6376490592956543,-102.691650390625,-102.82183074951172,3.6376490592956543,,
,,61599,,,701.8206119537354,,,,,,
,,61599,,27.015209197998047,,,,,,,
39,,61599,,,,3.6374034881591797,-105.54288482666016,-105.54288482666016,3.6374034881591797,,
,,61649,,,707.6370716094971,,,,,,
,,61649,,9.882450103759766,,,,,,,
39,,61649,,,,3.5992846488952637,-102.30628967285156,-105.24513244628906,3.5992846488952637,,
,,61699,,,703.571081161499,,,,,,
,,61699,,27.39429473876953,,,,,,,
39,,61699,,,,3.6373770236968994,-109.41942596435547,-109.41943359375,3.6373770236968994,,
,,61749,,,707.5991630554199,,,,,,
,,61749,,10.959148406982422,,,,,,,
39,,61749,,,,3.637361764907837,-106.17771911621094,-106.177734375,3.637361764907837,,
,,61799,,,702.9821872711182,,,,,,
,,61799,,27.614593505859375,,,,,,,
39,,61799,,,,3.6374175548553467,-105.39486694335938,-105.39485931396484,3.6374175548553467,,
,,61849,,,708.3034515380859,,,,,,
,,61849,,9.835481643676758,,,,,,,
39,,61849,,,,3.637404203414917,-102.71674346923828,-102.71675872802734,3.637404203414917,,
,,61899,,,706.4394950866699,,,,,,
,,61899,,27.370691299438477,,,,,,,
39,,61899,,,,3.6373815536499023,-99.5439224243164,-99.5439224243164,3.6373815536499023,,
,,61949,,,710.1736068725586,,,,,,
,,61949,,10.55002212524414,,,,,,,
39,,61949,,,,3.63736629486084,-103.05712890625,-103.05713653564453,3.63736629486084,,
,,61999,,,698.5702514648438,,,,,,
,,61999,,27.896881103515625,,,,,,,
39,,61999,,,,3.637423276901245,-104.60905456542969,-104.60906219482422,3.637423276901245,,
,,62049,,,706.5744400024414,,,,,,
,,62049,,9.903669357299805,,,,,,,
39,,62049,,,,3.6373894214630127,-101.84895324707031,-101.84895324707031,3.6373894214630127,,
,,62099,,,706.4077854156494,,,,,,
,,62099,,27.206897735595703,,,,,,,
39,,62099,,,,3.637410879135132,-103.17581939697266,-103.17581939697266,3.637410879135132,,
,,62149,,,714.2636775970459,,,,,,
,,62149,,10.153770446777344,,,,,,,
39,,62149,,,,3.6373836994171143,-105.97413635253906,-105.97415161132812,3.6373836994171143,,
,,62199,,,705.1839828491211,,,,,,
,,62199,,27.16350555419922,,,,,,,
39,,62199,,,,3.6374077796936035,-104.23660278320312,-104.23661041259766,3.6374077796936035,,
,,62249,,,705.7085037231445,,,,,,
,,62249,,9.862899780273438,,,,,,,
39,,62249,,,,3.6373918056488037,-103.58372497558594,-103.583740234375,3.6373918056488037,,
,,62299,,,700.6096839904785,,,,,,
,,62299,,27.14371681213379,,,,,,,
39,,62299,,,,3.637394905090332,-103.89732360839844,-103.89732360839844,3.637394905090332,,
,,62349,,,704.9894332885742,,,,,,
,,62349,,9.905338287353516,,,,,,,
39,,62349,,,,3.6373956203460693,-107.451416015625,-107.45142364501953,3.6373956203460693,,
,,62399,,,702.1605968475342,,,,,,
,,62399,,27.782678604125977,,,,,,,
39,,62399,,,,3.63740873336792,-104.24102020263672,-104.24102020263672,3.63740873336792,,
,,62449,,,700.6747722625732,,,,,,
,,62449,,9.828329086303711,,,,,,,
39,,62449,,,,3.637397050857544,-101.93087768554688,-101.93087768554688,3.637397050857544,,
,,62499,,,700.7961273193359,,,,,,
,,62499,,27.599096298217773,,,,,,,
39,,62499,,,,3.6373937129974365,-102.22381591796875,-102.22382354736328,3.6373937129974365,,
39,,62519,,,,,,,,-104.30250549316406,-104.39220428466797
,,62520,1330.69629073143,,,,,,,,
,0.0003,62520,,,,,,,,,
,,62549,,,699.7096538543701,,,,,,
,,62549,,11.614799499511719,,,,,,,
40,,62549,,,,3.637388229370117,-99.75492858886719,-99.75493621826172,3.637388229370117,,
,,62599,,,700.8697986602783,,,,,,
,,62599,,31.90898895263672,,,,,,,
40,,62599,,,,3.6374003887176514,-105.01228332519531,-105.01229095458984,3.6374003887176514,,
,,62649,,,703.0031681060791,,,,,,
,,62649,,10.082483291625977,,,,,,,
40,,62649,,,,3.6374006271362305,-105.77926635742188,-105.77926635742188,3.6374006271362305,,
,,62699,,,706.693172454834,,,,,,
,,62699,,26.68309211730957,,,,,,,
40,,62699,,,,3.6374003887176514,-106.35781860351562,-106.35782623291016,3.6374003887176514,,
,,62749,,,708.0063819885254,,,,,,
,,62749,,9.646415710449219,,,,,,,
40,,62749,,,,3.637396812438965,-104.19318389892578,-104.19318389892578,3.637396812438965,,
,,62799,,,703.6933898925781,,,,,,
,,62799,,30.05051612854004,,,,,,,
40,,62799,,,,3.6374011039733887,-104.18437957763672,-104.18439483642578,3.6374011039733887,,
,,62849,,,706.3159942626953,,,,,,
,,62849,,10.285139083862305,,,,,,,
40,,62849,,,,3.6373908519744873,-105.80409240722656,-105.80409240722656,3.6373908519744873,,
,,62899,,,702.8706073760986,,,,,,
,,62899,,27.36830711364746,,,,,,,
40,,62899,,,,3.637399196624756,-105.6121826171875,-105.61219787597656,3.637399196624756,,
,,62949,,,701.0855674743652,,,,,,
,,62949,,10.005474090576172,,,,,,,
40,,62949,,,,3.6373918056488037,-103.824462890625,-103.82447052001953,3.6373918056488037,,
,,62999,,,705.4963111877441,,,,,,
,,62999,,27.967453002929688,,,,,,,
40,,62999,,,,3.637385368347168,-104.42335510253906,-104.42335510253906,3.637385368347168,,
,,63049,,,701.9932270050049,,,,,,
,,63049,,10.334968566894531,,,,,,,
40,,63049,,,,3.6373989582061768,-100.66092681884766,-100.66093444824219,3.6373989582061768,,
,,63099,,,701.8210887908936,,,,,,
,,63099,,27.460336685180664,,,,,,,
40,,63099,,,,3.637397289276123,-100.80113983154297,-100.8011474609375,3.637397289276123,,
,,63149,,,702.5339603424072,,,,,,
,,63149,,10.172367095947266,,,,,,,
40,,63149,,,,3.6374032497406006,-104.42565155029297,-104.42565155029297,3.6374032497406006,,
,,63199,,,700.4561424255371,,,,,,
,,63199,,27.307987213134766,,,,,,,
40,,63199,,,,3.637397289276123,-105.78667449951172,-105.78667449951172,3.637397289276123,,
,,63249,,,703.5880088806152,,,,,,
,,63249,,9.951591491699219,,,,,,,
40,,63249,,,,3.637392997741699,-106.17745971679688,-106.17745971679688,3.637392997741699,,
,,63299,,,706.6051959991455,,,,,,
,,63299,,27.66251564025879,,,,,,,
40,,63299,,,,3.6373984813690186,-104.00872802734375,-104.00873565673828,3.6373984813690186,,
,,63349,,,701.5466690063477,,,,,,
,,63349,,10.120868682861328,,,,,,,
40,,63349,,,,3.6373956203460693,-107.87483978271484,-107.87483978271484,3.6373956203460693,,
,,63399,,,699.7091770172119,,,,,,
,,63399,,27.77552604675293,,,,,,,
40,,63399,,,,3.6373870372772217,-101.66338348388672,-101.66339874267578,3.6373870372772217,,
,,63449,,,701.7199993133545,,,,,,
,,63449,,12.92872428894043,,,,,,,
40,,63449,,,,3.637390375137329,-101.80659484863281,-101.80660247802734,3.637390375137329,,
,,63499,,,699.676513671875,,,,,,
,,63499,,27.381181716918945,,,,,,,
40,,63499,,,,3.6373960971832275,-106.58657836914062,-106.58657836914062,3.6373960971832275,,
,,63549,,,701.1222839355469,,,,,,
,,63549,,10.32710075378418,,,,,,,
40,,63549,,,,3.6373984813690186,-104.2315444946289,-104.23155212402344,3.6373984813690186,,
,,63599,,,707.817792892456,,,,,,
,,63599,,29.532909393310547,,,,,,,
40,,63599,,,,3.6373960971832275,-109.16328430175781,-109.16327667236328,3.6373960971832275,,
,,63649,,,700.8891105651855,,,,,,
,,63649,,10.266542434692383,,,,,,,
40,,63649,,,,3.6373934745788574,-103.8046646118164,-103.80467224121094,3.6373934745788574,,
,,63699,,,701.7810344696045,,,,,,
,,63699,,27.885913848876953,,,,,,,
40,,63699,,,,3.637394428253174,-106.29042053222656,-106.2904281616211,3.637394428253174,,
,,63749,,,702.951192855835,,,,,,
,,63749,,10.16378402709961,,,,,,,
40,,63749,,,,3.6373915672302246,-105.2203369140625,-105.22035217285156,3.6373915672302246,,
,,63799,,,709.3892097473145,,,,,,
,,63799,,27.72378921508789,,,,,,,
40,,63799,,,,3.6373960971832275,-101.20484924316406,-101.20486450195312,3.6373960971832275,,
,,63849,,,723.0908870697021,,,,,,
,,63849,,10.711669921875,,,,,,,
40,,63849,,,,3.6373894214630127,-101.69261169433594,-101.69261169433594,3.6373894214630127,,
,,63899,,,707.1340084075928,,,,,,
,,63899,,27.91118621826172,,,,,,,
40,,63899,,,,3.6373980045318604,-106.23916625976562,-106.23917388916016,3.6373980045318604,,
,,63949,,,719.5510864257812,,,,,,
,,63949,,11.588335037231445,,,,,,,
40,,63949,,,,3.637390375137329,-105.1033935546875,-105.1033935546875,3.637390375137329,,
,,63999,,,715.4669761657715,,,,,,
,,63999,,28.100252151489258,,,,,,,
40,,63999,,,,3.637394905090332,-103.49414825439453,-103.49414825439453,3.637394905090332,,
,,64049,,,708.3249092102051,,,,,,
,,64049,,11.280059814453125,,,,,,,
40,,64049,,,,3.6373984813690186,-101.13966369628906,-101.13966369628906,3.6373984813690186,,
40,,64082,,,,,,,,-104.23919677734375,-104.39034271240234
,,64083,1329.4675714969635,,,,,,,,
,0.0003,64083,,,,,,,,,
,,64099,,,704.082727432251,,,,,,
,,64099,,27.478456497192383,,,,,,,
41,,64099,,,,3.6373918056488037,-100.63948822021484,-100.63948822021484,3.6373918056488037,,
,,64149,,,703.5388946533203,,,,,,
,,64149,,10.219097137451172,,,,,,,
41,,64149,,,,3.637404203414917,-102.62367248535156,-102.62367248535156,3.637404203414917,,
,,64199,,,700.0741958618164,,,,,,
,,64199,,27.297019958496094,,,,,,,
41,,64199,,,,3.6374034881591797,-106.74230194091797,-106.74230194091797,3.6374034881591797,,
,,64249,,,708.8229656219482,,,,,,
,,64249,,10.09678840637207,,,,,,,
41,,64249,,,,3.6373960971832275,-102.9801254272461,-102.98013305664062,3.6373960971832275,,
,,64299,,,709.9480628967285,,,,,,
,,64299,,32.814741134643555,,,,,,,
41,,64299,,,,3.637394428253174,-106.66737365722656,-106.6673812866211,3.637394428253174,,
,,64349,,,706.2990665435791,,,,,,
,,64349,,10.434389114379883,,,,,,,
41,,64349,,,,3.637394666671753,-105.35484313964844,-105.35484313964844,3.637394666671753,,
,,64399,,,706.0644626617432,,,,,,
,,64399,,30.190706253051758,,,,,,,
41,,64399,,,,3.637394905090332,-103.6224365234375,-103.6224365234375,3.637394905090332,,
,,64449,,,706.9993019104004,,,,,,
,,64449,,10.132074356079102,,,,,,,
41,,64449,,,,3.6373937129974365,-103.4257583618164,-103.4257583618164,3.6373937129974365,,
,,64499,,,701.5340328216553,,,,,,
,,64499,,28.024673461914062,,,,,,,
41,,64499,,,,3.637397289276123,-105.89730834960938,-105.89730834960938,3.637397289276123,,
,,64549,,,704.8938274383545,,,,,,
,,64549,,10.014057159423828,,,,,,,
41,,64549,,,,3.637394666671753,-107.5191650390625,-107.5191650390625,3.637394666671753,,
,,64599,,,711.3163471221924,,,,,,
,,64599,,26.998519897460938,,,,,,,
41,,64599,,,,3.637394905090332,-103.76980590820312,-103.76982116699219,3.637394905090332,,
,,64649,,,706.341028213501,,,,,,
,,64649,,10.0250244140625,,,,,,,
41,,64649,,,,3.6373908519744873,-107.76398468017578,-107.76399993896484,3.6373908519744873,,
,,64699,,,707.9064846038818,,,,,,
,,64699,,28.419971466064453,,,,,,,
41,,64699,,,,3.637394428253174,-107.39828491210938,-107.39830017089844,3.637394428253174,,
,,64749,,,699.7733116149902,,,,,,
,,64749,,10.000944137573242,,,,,,,
41,,64749,,,,3.637392997741699,-105.98895263671875,-105.98896026611328,3.637392997741699,,
,,64799,,,704.6298980712891,,,,,,
,,64799,,27.300596237182617,,,,,,,
41,,64799,,,,3.6373891830444336,-101.32179260253906,-101.32179260253906,3.6373891830444336,,
,,64849,,,701.1027336120605,,,,,,
,,64849,,10.094881057739258,,,,,,,
41,,64849,,,,3.637394905090332,-104.6422348022461,-104.64224243164062,3.637394905090332,,
,,64899,,,704.0777206420898,,,,,,
,,64899,,27.43816375732422,,,,,,,
41,,64899,,,,3.6373980045318604,-103.51466369628906,-103.51465606689453,3.6373980045318604,,
,,64949,,,701.1830806732178,,,,,,
,,64949,,9.809017181396484,,,,,,,
41,,64949,,,,3.6373956203460693,-105.10614013671875,-105.10614776611328,3.6373956203460693,,
,,64999,,,704.3225765228271,,,,,,
,,64999,,27.663707733154297,,,,,,,
41,,64999,,,,3.637394428253174,-102.3502197265625,-102.35021209716797,3.637394428253174,,
,,65049,,,700.5038261413574,,,,,,
,,65049,,10.242700576782227,,,,,,,
41,,65049,,,,3.637402296066284,-103.89521789550781,-103.89522552490234,3.637402296066284,,
,,65099,,,701.3628482818604,,,,,,
,,65099,,27.54497528076172,,,,,,,
41,,65099,,,,3.6373915672302246,-104.77767944335938,-104.77767944335938,3.6373915672302246,,
,,65149,,,702.2130489349365,,,,,,
,,65149,,11.154651641845703,,,,,,,
41,,65149,,,,3.637378692626953,-104.80123901367188,-104.80123901367188,3.637378692626953,,
,,65199,,,702.4128437042236,,,,,,
,,65199,,27.303218841552734,,,,,,,
41,,65199,,,,3.637390613555908,-105.55216217041016,-105.55216217041016,3.637390613555908,,
,,65249,,,702.0523548126221,,,,,,
,,65249,,10.07080078125,,,,,,,
41,,65249,,,,3.6373977661132812,-103.81090545654297,-103.8109130859375,3.6373977661132812,,
,,65299,,,704.6976089477539,,,,,,
,,65299,,27.17447280883789,,,,,,,
41,,65299,,,,3.6373884677886963,-101.63481140136719,-101.63481140136719,3.6373884677886963,,
,,65349,,,714.7312164306641,,,,,,
,,65349,,10.013818740844727,,,,,,,
41,,65349,,,,3.63739013671875,-104.19459533691406,-104.19461059570312,3.63739013671875,,
,,65399,,,704.0770053863525,,,,,,
,,65399,,28.571367263793945,,,,,,,
41,,65399,,,,3.637392282485962,-102.67772674560547,-102.677734375,3.637392282485962,,
,,65449,,,707.3438167572021,,,,,,
,,65449,,10.381937026977539,,,,,,,
41,,65449,,,,3.6373960971832275,-102.10614013671875,-102.10614776611328,3.6373960971832275,,
,,65499,,,711.240291595459,,,,,,
,,65499,,27.424097061157227,,,,,,,
41,,65499,,,,3.6373937129974365,-100.95684814453125,-100.95685577392578,3.6373937129974365,,
,,65549,,,707.8826427459717,,,,,,
,,65549,,11.473894119262695,,,,,,,
41,,65549,,,,3.637392997741699,-98.49613952636719,-98.49614715576172,3.637392997741699,,
,,65599,,,705.3940296173096,,,,,,
,,65599,,31.576871871948242,,,,,,,
41,,65599,,,,3.6373960971832275,-103.76069641113281,-103.76070404052734,3.6373960971832275,,
41,,65645,,,,,,,,-103.58236694335938,-104.3729476928711
,,65646,1327.2040302753448,,,,,,,,
,0.0003,65646,,,,,,,,,
,,65649,,,708.411693572998,,,,,,
,,65649,,10.118961334228516,,,,,,,
42,,65649,,,,3.6374096870422363,-102.46168518066406,-102.46170043945312,3.6374096870422363,,
,,65699,,,702.0289897918701,,,,,,
,,65699,,27.309894561767578,,,,,,,
42,,65699,,,,3.6374001502990723,-107.89911651611328,-107.89911651611328,3.6374001502990723,,
,,65749,,,708.2877159118652,,,,,,
,,65749,,10.152101516723633,,,,,,,
42,,65749,,,,3.6374011039733887,-103.57020568847656,-103.5702133178711,3.6374011039733887,,
,,65799,,,708.6286544799805,,,,,,
,,65799,,27.54044532775879,,,,,,,
42,,65799,,,,3.6374011039733887,-102.6231918334961,-102.62319946289062,3.6374011039733887,,
,,65849,,,702.3160457611084,,,,,,
,,65849,,10.210275650024414,,,,,,,
42,,65849,,,,3.637394428253174,-105.37747192382812,-105.37747955322266,3.637394428253174,,
,,65899,,,702.8744220733643,,,,,,
,,65899,,27.65631675720215,,,,,,,
42,,65899,,,,3.6373956203460693,-102.73641967773438,-102.73641967773438,3.6373956203460693,,
,,65949,,,702.589750289917,,,,,,
,,65949,,10.470867156982422,,,,,,,
42,,65949,,,,3.6373908519744873,-102.9817123413086,-102.98171997070312,3.6373908519744873,,
,,65999,,,708.8067531585693,,,,,,
,,65999,,27.014493942260742,,,,,,,
42,,65999,,,,3.6373960971832275,-107.55697631835938,-107.55699157714844,3.6373960971832275,,
,,66049,,,705.411434173584,,,,,,
,,66049,,10.050296783447266,,,,,,,
42,,66049,,,,3.6373894214630127,-108.86177062988281,-108.86178588867188,3.6373894214630127,,
,,66099,,,702.3653984069824,,,,,,
,,66099,,27.38165855407715,,,,,,,
42,,66099,,,,3.637392997741699,-103.46574401855469,-103.46575927734375,3.637392997741699,,
,,66149,,,713.1037712097168,,,,,,
,,66149,,10.445117950439453,,,,,,,
42,,66149,,,,3.637390613555908,-101.60018920898438,-101.6001968383789,3.637390613555908,,
,,66199,,,703.2005786895752,,,,,,
,,66199,,27.927160263061523,,,,,,,
42,,66199,,,,3.6374027729034424,-103.25636291503906,-103.25636291503906,3.6374027729034424,,
,,66249,,,708.0316543579102,,,,,,
,,66249,,10.162830352783203,,,,,,,
42,,66249,,,,3.637402296066284,-104.62542724609375,-104.62542724609375,3.637402296066284,,
,,66299,,,700.6409168243408,,,,,,
,,66299,,27.40621566772461,,,,,,,
42,,66299,,,,3.6373939514160156,-102.86344909667969,-102.86345672607422,3.6373939514160156,,
,,66349,,,701.5576362609863,,,,,,
,,66349,,10.251045227050781,,,,,,,
42,,66349,,,,3.637387990951538,-105.61666107177734,-105.61666107177734,3.637387990951538,,
,,66399,,,701.3192176818848,,,,,,
,,66399,,27.882814407348633,,,,,,,
42,,66399,,,,3.637395143508911,-105.04489135742188,-105.04489135742188,3.637395143508911,,
,,66449,,,706.8920135498047,,,,,,
,,66449,,10.24770736694336,,,,,,,
42,,66449,,,,3.6374144554138184,-107.10023498535156,-107.1002426147461,3.6374144554138184,,
,,66499,,,709.130048751831,,,,,,
,,66499,,28.68795394897461,,,,,,,
42,,66499,,,,3.6373839378356934,-103.90399169921875,-103.90399169921875,3.6373839378356934,,
,,66549,,,702.6007175445557,,,,,,
,,66549,,10.254383087158203,,,,,,,
42,,66549,,,,3.6374053955078125,-105.83235168457031,-105.83235168457031,3.6374053955078125,,
,,66599,,,705.4257392883301,,,,,,
,,66599,,27.589082717895508,,,,,,,
42,,66599,,,,3.637394905090332,-103.15957641601562,-103.15958404541016,3.637394905090332,,
,,66649,,,706.5126895904541,,,,,,
,,66649,,10.735273361206055,,,,,,,
42,,66649,,,,3.6373820304870605,-104.53997802734375,-104.53997802734375,3.6373820304870605,,
,,66699,,,703.4473419189453,,,,,,
,,66699,,29.744386672973633,,,,,,,
42,,66699,,,,3.63738751411438,-103.79617309570312,-103.79617309570312,3.63738751411438,,
,,66749,,,700.5493640899658,,,,,,
,,66749,,10.144472122192383,,,,,,,
42,,66749,,,,3.637394428253174,-101.71913146972656,-101.7191390991211,3.637394428253174,,
,,66799,,,701.1241912841797,,,,,,
,,66799,,28.161048889160156,,,,,,,
42,,66799,,,,3.6373958587646484,-104.29597473144531,-104.29597473144531,3.6373958587646484,,
,,66849,,,708.7938785552979,,,,,,
,,66849,,10.581493377685547,,,,,,,
42,,66849,,,,3.637392997741699,-107.53680419921875,-107.53680419921875,3.637392997741699,,
,,66899,,,701.3428211212158,,,,,,
,,66899,,28.466224670410156,,,,,,,
42,,66899,,,,3.6373918056488037,-102.64871215820312,-102.64871978759766,3.6373918056488037,,
,,66949,,,1089.3003940582275,,,,,,
,,66949,,10.312318801879883,,,,,,,
42,,66949,,,,3.6373958587646484,-102.53120422363281,-102.53121185302734,3.6373958587646484,,
,,66999,,,701.6382217407227,,,,,,
,,66999,,27.492523193359375,,,,,,,
42,,66999,,,,3.6373980045318604,-104.78144073486328,-104.78145599365234,3.6373980045318604,,
,,67049,,,700.1030445098877,,,,,,
,,67049,,10.55765151977539,,,,,,,
42,,67049,,,,3.63739013671875,-104.11904907226562,-104.11905670166016,3.63739013671875,,
,,67099,,,702.0738124847412,,,,,,
,,67099,,27.985811233520508,,,,,,,
42,,67099,,,,3.637390613555908,-107.48922729492188,-107.48922729492188,3.637390613555908,,
,,67149,,,700.0045776367188,,,,,,
,,67149,,10.304450988769531,,,,,,,
42,,67149,,,,3.637394905090332,-104.92383575439453,-104.92384338378906,3.637394905090332,,
,,67199,,,700.1349925994873,,,,,,
,,67199,,27.751445770263672,,,,,,,
42,,67199,,,,3.6373913288116455,-104.704345703125,-104.704345703125,3.6373913288116455,,
42,,67208,,,,,,,,-103.6396484375,-104.37076568603516
,,67209,1324.4369506835938,,,,,,,,
,0.0003,67209,,,,,,,,,
,,67249,,,701.2519836425781,,,,,,
,,67249,,10.000228881835938,,,,,,,
43,,67249,,,,3.637385368347168,-101.73836517333984,-101.7383804321289,3.637385368347168,,
,,67299,,,700.9327411651611,,,,,,
,,67299,,27.428150177001953,,,,,,,
43,,67299,,,,3.6373980045318604,-104.82188415527344,-104.82188415527344,3.6373980045318604,,
,,67349,,,701.1637687683105,,,,,,
,,67349,,10.028362274169922,,,,,,,
43,,67349,,,,3.6373908519744873,-104.53825378417969,-104.53826141357422,3.6373908519744873,,
,,67399,,,701.3378143310547,,,,,,
,,67399,,27.313232421875,,,,,,,
43,,67399,,,,3.637390375137329,-106.61101531982422,-106.61101531982422,3.637390375137329,,
,,67449,,,701.801061630249,,,,,,
,,67449,,10.05864143371582,,,,,,,
43,,67449,,,,3.637397289276123,-102.32508850097656,-102.3250961303711,3.637397289276123,,
,,67499,,,700.5438804626465,,,,,,
,,67499,,28.289318084716797,,,,,,,
43,,67499,,,,3.637437105178833,-100.84860229492188,-100.8486099243164,3.637437105178833,,
,,67549,,,700.2623081207275,,,,,,
,,67549,,10.23554801940918,,,,,,,
43,,67549,,,,3.6373980045318604,-101.83769226074219,-101.83769226074219,3.6373980045318604,,
,,67599,,,701.082706451416,,,,,,
,,67599,,27.209997177124023,,,,,,,
43,,67599,,,,3.6373960971832275,-102.42752075195312,-102.42753601074219,3.6373960971832275,,
,,67649,,,700.1206874847412,,,,,,
,,67649,,10.076522827148438,,,,,,,
43,,67649,,,,3.6373915672302246,-98.65306091308594,-98.65306091308594,3.6373915672302246,,
,,67699,,,702.4247646331787,,,,,,
,,67699,,27.493953704833984,,,,,,,
43,,67699,,,,3.637395143508911,-101.67127990722656,-101.67127990722656,3.637395143508911,,
,,67749,,,698.3346939086914,,,,,,
,,67749,,10.035991668701172,,,,,,,
43,,67749,,,,3.637390613555908,-103.15301513671875,-103.15301513671875,3.637390613555908,,
,,67799,,,704.587459564209,,,,,,
,,67799,,27.330875396728516,,,,,,,
43,,67799,,,,3.6373939514160156,-105.88619232177734,-105.8862075805664,3.6373939514160156,,
,,67849,,,699.547529220581,,,,,,
,,67849,,9.930610656738281,,,,,,,
43,,67849,,,,3.6373956203460693,-101.40536499023438,-101.40538024902344,3.6373956203460693,,
,,67899,,,699.9940872192383,,,,,,
,,67899,,27.9996395111084,,,,,,,
43,,67899,,,,3.6378681659698486,-103.93037414550781,-104.05821990966797,3.6378681659698486,,
,,67949,,,704.190731048584,,,,,,
,,67949,,11.862993240356445,,,,,,,
43,,67949,,,,3.637389659881592,-103.28077697753906,-103.28077697753906,3.637389659881592,,
,,67999,,,705.3787708282471,,,,,,
,,67999,,27.734041213989258,,,,,,,
43,,67999,,,,3.6373937129974365,-107.6039047241211,-107.6039047241211,3.6373937129974365,,
,,68049,,,700.432538986206,,,,,,
,,68049,,10.248184204101562,,,,,,,
43,,68049,,,,3.63739013671875,-108.18553924560547,-108.185546875,3.63739013671875,,
,,68099,,,701.4837265014648,,,,,,
,,68099,,27.390480041503906,,,,,,,
43,,68099,,,,3.63739275932312,-105.29423522949219,-105.29423522949219,3.63739275932312,,
,,68149,,,703.1571865081787,,,,,,
,,68149,,13.07535171508789,,,,,,,
43,,68149,,,,3.637399911880493,-105.21028137207031,-105.21028137207031,3.637399911880493,,
,,68199,,,705.9094905853271,,,,,,
,,68199,,27.587890625,,,,,,,
43,,68199,,,,3.6373937129974365,-103.80905151367188,-103.8090591430664,3.6373937129974365,,
,,68249,,,699.4287967681885,,,,,,
,,68249,,10.055780410766602,,,,,,,
43,,68249,,,,3.637390375137329,-102.66626739501953,-102.66626739501953,3.637390375137329,,
,,68299,,,700.0138759613037,,,,,,
,,68299,,27.667760848999023,,,,,,,
43,,68299,,,,3.637389659881592,-105.40252685546875,-105.40253448486328,3.637389659881592,,
,,68349,,,702.9862403869629,,,,,,
,,68349,,9.93204116821289,,,,,,,
43,,68349,,,,3.63739013671875,-103.6514892578125,-103.65150451660156,3.63739013671875,,
,,68399,,,708.9464664459229,,,,,,
,,68399,,27.731895446777344,,,,,,,
43,,68399,,,,3.637392997741699,-101.6055908203125,-101.60560607910156,3.637392997741699,,
,,68449,,,703.6709785461426,,,,,,
,,68449,,10.089397430419922,,,,,,,
43,,68449,,,,3.637404680252075,-102.13729858398438,-102.1373062133789,3.637404680252075,,
,,68499,,,706.5701484680176,,,,,,
,,68499,,27.895212173461914,,,,,,,
43,,68499,,,,3.637392520904541,-103.70552062988281,-103.70552825927734,3.637392520904541,,
,,68549,,,700.5856037139893,,,,,,
,,68549,,10.07533073425293,,,,,,,
43,,68549,,,,3.6373867988586426,-106.29983520507812,-106.29984283447266,3.6373867988586426,,
,,68599,,,700.4108428955078,,,,,,
,,68599,,27.39238739013672,,,,,,,
43,,68599,,,,3.637394428253174,-110.38356018066406,-110.38357543945312,3.637394428253174,,
,,68649,,,703.4759521484375,,,,,,
,,68649,,10.020256042480469,,,,,,,
43,,68649,,,,3.637404680252075,-105.34181213378906,-105.34182739257812,3.637404680252075,,
,,68699,,,703.9351463317871,,,,,,
,,68699,,27.847766876220703,,,,,,,
43,,68699,,,,3.6373982429504395,-106.13105773925781,-106.13105010986328,3.6373982429504395,,
,,68749,,,703.4001350402832,,,,,,
,,68749,,12.230634689331055,,,,,,,
43,,68749,,,,3.6373965740203857,-102.77466583251953,-102.77466583251953,3.6373965740203857,,
43,,68771,,,,,,,,-104.39256286621094,-104.39334106445312
,,68772,1322.0501568317413,,,,,,,,
,0.0003,68772,,,,,,,,,
,,68799,,,707.2868347167969,,,,,,
,,68799,,28.08666229248047,,,,,,,
44,,68799,,,,3.637394666671753,-103.88052368164062,-103.88052368164062,3.637394666671753,,
,,68849,,,704.3848037719727,,,,,,
,,68849,,11.565446853637695,,,,,,,
44,,68849,,,,3.6373939514160156,-105.08428955078125,-105.08430480957031,3.6373939514160156,,
,,68899,,,703.7858963012695,,,,,,
,,68899,,27.78172492980957,,,,,,,
44,,68899,,,,3.6373913288116455,-100.86949920654297,-100.8695068359375,3.6373913288116455,,
,,68949,,,701.4575004577637,,,,,,
,,68949,,10.151386260986328,,,,,,,
44,,68949,,,,3.637399435043335,-105.61711883544922,-105.61712646484375,3.637399435043335,,
,,68999,,,708.2788944244385,,,,,,
,,68999,,27.667999267578125,,,,,,,
44,,68999,,,,3.6373908519744873,-101.4976806640625,-101.49767303466797,3.6373908519744873,,
,,69049,,,706.6383361816406,,,,,,
,,69049,,12.75014877319336,,,,,,,
44,,69049,,,,3.6373937129974365,-106.90153503417969,-106.90154266357422,3.6373937129974365,,
,,69099,,,701.9846439361572,,,,,,
,,69099,,28.050661087036133,,,,,,,
44,,69099,,,,3.6373915672302246,-104.05776977539062,-104.05776977539062,3.6373915672302246,,
,,69149,,,705.3518295288086,,,,,,
,,69149,,9.786128997802734,,,,,,,
44,,69149,,,,3.6373918056488037,-101.79953002929688,-101.79952239990234,3.6373918056488037,,
,,69199,,,708.3103656768799,,,,,,
,,69199,,27.724504470825195,,,,,,,
44,,69199,,,,3.6373965740203857,-104.73789978027344,-104.73790740966797,3.6373965740203857,,
,,69249,,,700.751781463623,,,,,,
,,69249,,10.228395462036133,,,,,,,
44,,69249,,,,3.637390613555908,-102.1715087890625,-102.17152404785156,3.637390613555908,,
,,69299,,,704.6504020690918,,,,,,
,,69299,,30.103206634521484,,,,,,,
44,,69299,,,,3.6373984813690186,-104.50493621826172,-104.50493621826172,3.6373984813690186,,
,,69349,,,701.9917964935303,,,,,,
,,69349,,10.230064392089844,,,,,,,
44,,69349,,,,3.637385129928589,-103.51731872558594,-103.51731872558594,3.637385129928589,,
,,69399,,,704.8015594482422,,,,,,
,,69399,,27.57549285888672,,,,,,,
44,,69399,,,,3.637399196624756,-100.98528289794922,-100.98529052734375,3.637399196624756,,
,,69449,,,705.4455280303955,,,,,,
,,69449,,11.766672134399414,,,,,,,
44,,69449,,,,3.637404680252075,-104.78919219970703,-104.7891845703125,3.637404680252075,,
,,69499,,,705.6324481964111,,,,,,
,,69499,,27.445554733276367,,,,,,,
44,,69499,,,,3.6373982429504395,-105.01271057128906,-105.01271057128906,3.6373982429504395,,
,,69549,,,704.6842575073242,,,,,,
,,69549,,10.198831558227539,,,,,,,
44,,69549,,,,3.637390613555908,-101.63615417480469,-101.63614654541016,3.637390613555908,,
,,69599,,,701.6270160675049,,,,,,
,,69599,,28.044462203979492,,,,,,,
44,,69599,,,,3.637390613555908,-104.93363189697266,-104.93363189697266,3.637390613555908,,
,,69649,,,709.1107368469238,,,,,,
,,69649,,10.192394256591797,,,,,,,
44,,69649,,,,3.637395143508911,-101.24671173095703,-101.24671936035156,3.637395143508911,,
,,69699,,,701.1771202087402,,,,,,
,,69699,,27.507543563842773,,,,,,,
44,,69699,,,,3.6374130249023438,-106.72970581054688,-106.7297134399414,3.6374130249023438,,
,,69749,,,704.1373252868652,,,,,,
,,69749,,10.116815567016602,,,,,,,
44,,69749,,,,3.637390613555908,-104.456298828125,-104.45630645751953,3.637390613555908,,
,,69799,,,716.1967754364014,,,,,,
,,69799,,33.44845771789551,,,,,,,
44,,69799,,,,3.6373870372772217,-105.58937072753906,-105.58937072753906,3.6373870372772217,,
,,69849,,,709.3639373779297,,,,,,
,,69849,,9.727001190185547,,,,,,,
44,,69849,,,,3.637394905090332,-101.23406219482422,-101.23406219482422,3.637394905090332,,
,,69899,,,703.7222385406494,,,,,,
,,69899,,27.74524688720703,,,,,,,
44,,69899,,,,3.637392282485962,-105.63993835449219,-105.63996124267578,3.637392282485962,,
,,69949,,,703.1888961791992,,,,,,
,,69949,,10.367155075073242,,,,,,,
44,,69949,,,,3.637394428253174,-100.870849609375,-100.87085723876953,3.637394428253174,,
,,69999,,,707.4370384216309,,,,,,
,,69999,,28.069496154785156,,,,,,,
44,,69999,,,,3.63739275932312,-105.52793884277344,-105.52794647216797,3.63739275932312,,
,,70049,,,707.2849273681641,,,,,,
,,70049,,10.263204574584961,,,,,,,
44,,70049,,,,3.637402057647705,-104.34427642822266,-104.34427642822266,3.637402057647705,,
,,70099,,,705.4979801177979,,,,,,
,,70099,,28.39493751525879,,,,,,,
44,,70099,,,,3.6373894214630127,-105.53044128417969,-105.53044891357422,3.6373894214630127,,
,,70149,,,700.3793716430664,,,,,,
,,70149,,10.288715362548828,,,,,,,
44,,70149,,,,3.6373934745788574,-106.16549682617188,-106.1655044555664,3.6373934745788574,,
,,70199,,,706.4626216888428,,,,,,
,,70199,,27.813196182250977,,,,,,,
44,,70199,,,,3.637394905090332,-105.88638305664062,-105.88638305664062,3.637394905090332,,
,,70249,,,705.193042755127,,,,,,
,,70249,,10.380744934082031,,,,,,,
44,,70249,,,,3.6373913288116455,-102.11227416992188,-102.1122817993164,3.6373913288116455,,
,,70299,,,705.5027484893799,,,,,,
,,70299,,27.75263786315918,,,,,,,
44,,70299,,,,3.637390375137329,-100.67494201660156,-100.67494201660156,3.637390375137329,,
44,,70334,,,,,,,,-103.74445343017578,-104.38372802734375
,,70335,1327.485135793686,,,,,,,,
,0.0003,70335,,,,,,,,,
,,70349,,,708.2276344299316,,,,,,
,,70349,,10.983943939208984,,,,,,,
45,,70349,,,,3.6374003887176514,-105.28720092773438,-105.28720092773438,3.6374003887176514,,
,,70399,,,704.2906284332275,,,,,,
,,70399,,30.598163604736328,,,,,,,
45,,70399,,,,3.6374013423919678,-101.17542266845703,-101.17543029785156,3.6374013423919678,,
,,70449,,,701.6768455505371,,,,,,
,,70449,,9.974956512451172,,,,,,,
45,,70449,,,,3.6373984813690186,-105.44180297851562,-105.44181060791016,3.6373984813690186,,
,,70499,,,701.2979984283447,,,,,,
,,70499,,27.538299560546875,,,,,,,
45,,70499,,,,3.6374013423919678,-103.38700103759766,-103.38700103759766,3.6374013423919678,,
,,70549,,,702.824592590332,,,,,,
,,70549,,9.989261627197266,,,,,,,
45,,70549,,,,3.6373989582061768,-106.3856430053711,-106.3856430053711,3.6373989582061768,,
,,70599,,,710.6688022613525,,,,,,
,,70599,,27.373790740966797,,,,,,,
45,,70599,,,,3.6373980045318604,-103.87138366699219,-103.87140655517578,3.6373980045318604,,
,,70649,,,700.3753185272217,,,,,,
,,70649,,10.469436645507812,,,,,,,
45,,70649,,,,3.6373937129974365,-99.10670471191406,-99.10671997070312,3.6373937129974365,,
,,70699,,,700.1979351043701,,,,,,
,,70699,,27.35590934753418,,,,,,,
45,,70699,,,,3.637394428253174,-107.33052825927734,-107.33052825927734,3.637394428253174,,
,,70749,,,702.2812366485596,,,,,,
,,70749,,10.016679763793945,,,,,,,
45,,70749,,,,3.637390375137329,-105.9183578491211,-105.9183578491211,3.637390375137329,,
,,70799,,,704.1053771972656,,,,,,
,,70799,,28.313398361206055,,,,,,,
45,,70799,,,,3.637394428253174,-104.82440948486328,-104.82440948486328,3.637394428253174,,
,,70849,,,703.3824920654297,,,,,,
,,70849,,10.05411148071289,,,,,,,
45,,70849,,,,3.6373934745788574,-107.4033203125,-107.4033203125,3.6373934745788574,,
,,70899,,,703.4206390380859,,,,,,
,,70899,,27.45985984802246,,,,,,,
45,,70899,,,,3.637380838394165,-107.28460693359375,-107.28460693359375,3.637380838394165,,
,,70949,,,700.5555629730225,,,,,,
,,70949,,10.054826736450195,,,,,,,
45,,70949,,,,3.6373894214630127,-105.9443359375,-105.94434356689453,3.6373894214630127,,
,,70999,,,702.6917934417725,,,,,,
,,70999,,27.656078338623047,,,,,,,
45,,70999,,,,3.6373937129974365,-104.48499298095703,-104.48500061035156,3.6373937129974365,,
,,71049,,,701.5042304992676,,,,,,
,,71049,,10.104179382324219,,,,,,,
45,,71049,,,,3.6373913288116455,-100.98645782470703,-100.98646545410156,3.6373913288116455,,
,,71099,,,705.5997848510742,,,,,,
,,71099,,27.467727661132812,,,,,,,
45,,71099,,,,3.6373889446258545,-101.21267700195312,-101.21268463134766,3.6373889446258545,,
,,71149,,,700.7420063018799,,,,,,
,,71149,,10.082244873046875,,,,,,,
45,,71149,,,,3.63737416267395,-106.40243530273438,-106.40243530273438,3.63737416267395,,
,,71199,,,701.207160949707,,,,,,
,,71199,,28.43165397644043,,,,,,,
45,,71199,,,,3.637359619140625,-101.38993835449219,-101.38993835449219,3.637359619140625,,
,,71249,,,704.0073871612549,,,,,,
,,71249,,10.449409484863281,,,,,,,
45,,71249,,,,3.637385129928589,-101.56790924072266,-101.56792449951172,3.637385129928589,,
,,71299,,,707.4379920959473,,,,,,
,,71299,,27.50539779663086,,,,,,,
45,,71299,,,,3.637413740158081,-109.474365234375,-109.47438049316406,3.637413740158081,,
,,71349,,,708.9419364929199,,,,,,
,,71349,,10.178089141845703,,,,,,,
45,,71349,,,,3.6373708248138428,-103.1898193359375,-103.1898193359375,3.6373708248138428,,
,,71399,,,706.1693668365479,,,,,,
,,71399,,27.506351470947266,,,,,,,
45,,71399,,,,3.6373918056488037,-101.69689178466797,-101.69689178466797,3.6373918056488037,,
,,71449,,,711.1456394195557,,,,,,
,,71449,,10.535717010498047,,,,,,,
45,,71449,,,,3.6373989582061768,-103.90132141113281,-103.90132904052734,3.6373989582061768,,
,,71499,,,701.9941806793213,,,,,,
,,71499,,27.771711349487305,,,,,,,
45,,71499,,,,3.6373863220214844,-107.46119689941406,-107.46119689941406,3.6373863220214844,,
,,71549,,,698.2271671295166,,,,,,
,,71549,,10.054588317871094,,,,,,,
45,,71549,,,,3.6374387741088867,-104.71388244628906,-104.71388244628906,3.6374387741088867,,
,,71599,,,701.5175819396973,,,,,,
,,71599,,27.518033981323242,,,,,,,
45,,71599,,,,3.637369394302368,-100.87606811523438,-100.8760757446289,3.637369394302368,,
,,71649,,,701.7135620117188,,,,,,
,,71649,,10.438203811645508,,,,,,,
45,,71649,,,,3.637404441833496,-103.69158935546875,-103.69159698486328,3.637404441833496,,
,,71699,,,702.9147148132324,,,,,,
,,71699,,27.525901794433594,,,,,,,
45,,71699,,,,3.6373751163482666,-104.25994110107422,-104.25994873046875,3.6373751163482666,,
,,71749,,,702.7652263641357,,,,,,
,,71749,,10.52999496459961,,,,,,,
45,,71749,,,,3.6373815536499023,-105.02986145019531,-105.02986145019531,3.6373815536499023,,
,,71799,,,701.47705078125,,,,,,
,,71799,,27.67348289489746,,,,,,,
45,,71799,,,,3.637394428253174,-103.9173583984375,-103.9173583984375,3.637394428253174,,
,,71849,,,711.1656665802002,,,,,,
,,71849,,10.394811630249023,,,,,,,
45,,71849,,,,3.6373722553253174,-102.992431640625,-102.992431640625,3.6373722553253174,,
45,,71897,,,,,,,,-103.13838958740234,-104.37484741210938
,,71898,1324.9305489063263,,,,,,,,
,0.0003,71898,,,,,,,,,
,,71899,,,711.777925491333,,,,,,
,,71899,,27.39238739013672,,,,,,,
46,,71899,,,,3.637373685836792,-109.61932373046875,-109.61933135986328,3.637373685836792,,
,,71949,,,702.7115821838379,,,,,,
,,71949,,10.262727737426758,,,,,,,
46,,71949,,,,3.6373977661132812,-103.94512176513672,-103.94512176513672,3.6373977661132812,,
,,71999,,,703.5298347473145,,,,,,
,,71999,,27.632474899291992,,,,,,,
46,,71999,,,,3.6373777389526367,-104.42425537109375,-104.42425537109375,3.6373777389526367,,
,,72049,,,705.949068069458,,,,,,
,,72049,,10.65969467163086,,,,,,,
46,,72049,,,,3.6373729705810547,-99.78976440429688,-99.78976440429688,3.6373729705810547,,
,,72099,,,707.6709270477295,,,,,,
,,72099,,26.84497833251953,,,,,,,
46,,72099,,,,3.637399911880493,-100.75228118896484,-100.75228118896484,3.637399911880493,,
,,72149,,,702.2106647491455,,,,,,
,,72149,,10.289907455444336,,,,,,,
46,,72149,,,,3.6373894214630127,-105.52108001708984,-105.52108764648438,3.6373894214630127,,
,,72199,,,709.7995281219482,,,,,,
,,72199,,28.76114845275879,,,,,,,
46,,72199,,,,3.6373937129974365,-106.07881927490234,-106.07882690429688,3.6373937129974365,,
,,72249,,,708.9910507202148,,,,,,
,,72249,,11.409759521484375,,,,,,,
46,,72249,,,,3.637423515319824,-103.33436584472656,-103.3343734741211,3.637423515319824,,
,,72299,,,702.8782367706299,,,,,,
,,72299,,27.252912521362305,,,,,,,
46,,72299,,,,3.637385845184326,-101.42578125,-101.42578125,3.637385845184326,,
,,72349,,,706.9110870361328,,,,,,
,,72349,,9.748458862304688,,,,,,,
46,,72349,,,,3.6373841762542725,-104.35075378417969,-104.35076141357422,3.6373841762542725,,
,,72399,,,704.3907642364502,,,,,,
,,72399,,27.917861938476562,,,,,,,
46,,72399,,,,3.6373982429504395,-106.48248291015625,-106.48247528076172,3.6373982429504395,,
,,72449,,,700.4218101501465,,,,,,
,,72449,,10.310173034667969,,,,,,,
46,,72449,,,,3.6374034881591797,-106.29313659667969,-106.29315185546875,3.6374034881591797,,
,,72499,,,704.8048973083496,,,,,,
,,72499,,28.53989601135254,,,,,,,
46,,72499,,,,3.6373848915100098,-101.54507446289062,-101.54507446289062,3.6373848915100098,,
,,72549,,,701.1208534240723,,,,,,
,,72549,,10.443687438964844,,,,,,,
46,,72549,,,,3.637407064437866,-102.9342041015625,-102.93421936035156,3.637407064437866,,
,,72599,,,700.183629989624,,,,,,
,,72599,,27.7099609375,,,,,,,
46,,72599,,,,3.637402057647705,-104.08523559570312,-104.08524322509766,3.637402057647705,,
,,72649,,,702.3649215698242,,,,,,
,,72649,,10.805368423461914,,,,,,,
46,,72649,,,,3.637404203414917,-101.67645263671875,-101.67646026611328,3.637404203414917,,
,,72699,,,699.9707221984863,,,,,,
,,72699,,27.729272842407227,,,,,,,
46,,72699,,,,3.6373770236968994,-102.7647705078125,-102.7647705078125,3.6373770236968994,,
,,72749,,,702.9774188995361,,,,,,
,,72749,,9.612798690795898,,,,,,,
46,,72749,,,,3.6373817920684814,-102.85272216796875,-102.85271453857422,3.6373817920684814,,
,,72799,,,701.8516063690186,,,,,,
,,72799,,28.17511558532715,,,,,,,
46,,72799,,,,3.637420654296875,-108.2303466796875,-108.2303466796875,3.637420654296875,,
,,72849,,,702.3012638092041,,,,,,
,,72849,,9.509563446044922,,,,,,,
46,,72849,,,,3.6373751163482666,-101.63008117675781,-101.63008880615234,3.6373751163482666,,
,,72899,,,701.9269466400146,,,,,,
,,72899,,27.681350708007812,,,,,,,
46,,72899,,,,3.637403726577759,-105.26197814941406,-105.26199340820312,3.637403726577759,,
,,72949,,,700.587272644043,,,,,,
,,72949,,10.313749313354492,,,,,,,
46,,72949,,,,3.6373980045318604,-102.03630065917969,-102.03629302978516,3.6373980045318604,,
,,72999,,,701.6477584838867,,,,,,
,,72999,,28.525829315185547,,,,,,,
46,,72999,,,,3.6373934745788574,-108.42932891845703,-108.42933654785156,3.6373934745788574,,
,,73049,,,702.0587921142578,,,,,,
,,73049,,10.345458984375,,,,,,,
46,,73049,,,,3.637394428253174,-106.10523223876953,-106.10523223876953,3.637394428253174,,
,,73099,,,706.3076496124268,,,,,,
,,73099,,27.71735191345215,,,,,,,
46,,73099,,,,3.637380361557007,-103.92803192138672,-103.92804718017578,3.637380361557007,,
,,73149,,,708.8801860809326,,,,,,
,,73149,,11.565923690795898,,,,,,,
46,,73149,,,,3.6374120712280273,-102.875244140625,-102.87525177001953,3.6374120712280273,,
,,73199,,,702.6488780975342,,,,,,
,,73199,,27.615070343017578,,,,,,,
46,,73199,,,,3.637399196624756,-103.82118225097656,-103.8211898803711,3.637399196624756,,
,,73249,,,703.2167911529541,,,,,,
,,73249,,9.572267532348633,,,,,,,
46,,73249,,,,3.6373884677886963,-102.17240142822266,-102.17240142822266,3.6373884677886963,,
,,73299,,,703.4289836883545,,,,,,
,,73299,,27.734994888305664,,,,,,,
46,,73299,,,,3.637385845184326,-108.9595947265625,-108.9595947265625,3.637385845184326,,
,,73349,,,701.3254165649414,,,,,,
,,73349,,10.547399520874023,,,,,,,
46,,73349,,,,3.637397050857544,-104.18510437011719,-104.18511199951172,3.637397050857544,,
,,73399,,,706.3610553741455,,,,,,
,,73399,,29.71935272216797,,,,,,,
46,,73399,,,,3.637399435043335,-103.14215087890625,-103.14215850830078,3.637399435043335,,
,,73449,,,705.207109451294,,,,,,
,,73449,,12.564897537231445,,,,,,,
46,,73449,,,,3.6373815536499023,-103.95268249511719,-103.95268249511719,3.6373815536499023,,
46,,73460,,,,,,,,-103.50196075439453,-104.37957763671875
,,73461,1326.1222081184387,,,,,,,,
,0.0003,73461,,,,,,,,,
,,73499,,,700.9897232055664,,,,,,
,,73499,,27.316808700561523,,,,,,,
47,,73499,,,,3.637371063232422,-108.03244018554688,-108.0324478149414,3.637371063232422,,
,,73549,,,707.8287601470947,,,,,,
,,73549,,10.020732879638672,,,,,,,
47,,73549,,,,3.6374027729034424,-110.30500793457031,-110.30501556396484,3.6374027729034424,,
,,73599,,,1023.6012935638428,,,,,,
,,73599,,28.663158416748047,,,,,,,
47,,73599,,,,3.637396812438965,-103.1802749633789,-103.18028259277344,3.637396812438965,,
,,73649,,,701.2441158294678,,,,,,
,,73649,,10.086297988891602,,,,,,,
47,,73649,,,,3.6373934745788574,-102.68513488769531,-102.68514251708984,3.6373934745788574,,
,,73699,,,702.5485038757324,,,,,,
,,73699,,27.25076675415039,,,,,,,
47,,73699,,,,3.6373825073242188,-101.25894927978516,-101.25894927978516,3.6373825073242188,,
,,73749,,,702.2535800933838,,,,,,
,,73749,,10.072708129882812,,,,,,,
47,,73749,,,,3.6373939514160156,-105.52281188964844,-105.52281188964844,3.6373939514160156,,
,,73799,,,707.4270248413086,,,,,,
,,73799,,27.173757553100586,,,,,,,
47,,73799,,,,3.6373937129974365,-106.71122741699219,-106.71122741699219,3.6373937129974365,,
,,73849,,,705.409049987793,,,,,,
,,73849,,10.403871536254883,,,,,,,
47,,73849,,,,3.6373956203460693,-102.82704162597656,-102.8270492553711,3.6373956203460693,,
,,73899,,,703.9594650268555,,,,,,
,,73899,,27.34518051147461,,,,,,,
47,,73899,,,,3.6373939514160156,-102.14234924316406,-102.14234924316406,3.6373939514160156,,
,,73949,,,703.4540176391602,,,,,,
,,73949,,10.067224502563477,,,,,,,
47,,73949,,,,3.63740611076355,-105.23394012451172,-105.23394012451172,3.63740611076355,,
,,73999,,,704.906702041626,,,,,,
,,73999,,27.683019638061523,,,,,,,
47,,73999,,,,3.637397289276123,-105.34658813476562,-105.34658813476562,3.637397289276123,,
,,74049,,,701.1654376983643,,,,,,
,,74049,,10.039091110229492,,,,,,,
47,,74049,,,,3.637397289276123,-101.26072692871094,-101.26072692871094,3.637397289276123,,
,,74099,,,702.4483680725098,,,,,,
,,74099,,27.650117874145508,,,,,,,
47,,74099,,,,3.6374011039733887,-106.58047485351562,-106.58048248291016,3.6374011039733887,,
,,74149,,,704.4074535369873,,,,,,
,,74149,,10.258913040161133,,,,,,,
47,,74149,,,,3.6373958587646484,-102.62613677978516,-102.62613677978516,3.6373958587646484,,
,,74199,,,708.5161209106445,,,,,,
,,74199,,27.478694915771484,,,,,,,
47,,74199,,,,3.637390613555908,-106.37007141113281,-106.37007904052734,3.637390613555908,,
,,74249,,,702.3162841796875,,,,,,
,,74249,,10.179758071899414,,,,,,,
47,,74249,,,,3.6373889446258545,-102.20928955078125,-102.20929718017578,3.6373889446258545,,
,,74299,,,712.4950885772705,,,,,,
,,74299,,33.61153602600098,,,,,,,
47,,74299,,,,3.637390613555908,-105.66862487792969,-105.66863250732422,3.637390613555908,,
,,74349,,,701.8356323242188,,,,,,
,,74349,,9.988784790039062,,,,,,,
47,,74349,,,,3.6373915672302246,-106.3888168334961,-106.38882446289062,3.6373915672302246,,
,,74399,,,708.5070610046387,,,,,,
,,74399,,30.15303611755371,,,,,,,
47,,74399,,,,3.6374006271362305,-103.60562896728516,-103.60564422607422,3.6374006271362305,,
,,74449,,,707.514762878418,,,,,,
,,74449,,10.641098022460938,,,,,,,
47,,74449,,,,3.6373980045318604,-102.35798645019531,-102.35799407958984,3.6373980045318604,,
,,74499,,,709.4385623931885,,,,,,
,,74499,,30.329227447509766,,,,,,,
47,,74499,,,,3.6373956203460693,-99.76771545410156,-99.76771545410156,3.6373956203460693,,
,,74549,,,701.0307312011719,,,,,,
,,74549,,10.179996490478516,,,,,,,
47,,74549,,,,3.6374199390411377,-104.54829406738281,-104.54830169677734,3.6374199390411377,,
,,74599,,,703.864574432373,,,,,,
,,74599,,28.141021728515625,,,,,,,
47,,74599,,,,3.6373937129974365,-102.54702758789062,-102.54702758789062,3.6373937129974365,,
,,74649,,,700.9069919586182,,,,,,
,,74649,,10.087728500366211,,,,,,,
47,,74649,,,,3.6373960971832275,-102.83659362792969,-102.83660125732422,3.6373960971832275,,
,,74699,,,700.7355690002441,,,,,,
,,74699,,28.110265731811523,,,,,,,
47,,74699,,,,3.6373918056488037,-101.90676879882812,-101.90677642822266,3.6373918056488037,,
,,74749,,,709.3296051025391,,,,,,
,,74749,,10.282039642333984,,,,,,,
47,,74749,,,,3.6374003887176514,-103.26102447509766,-103.26103210449219,3.6374003887176514,,
,,74799,,,706.6669464111328,,,,,,
,,74799,,27.635574340820312,,,,,,,
47,,74799,,,,3.637390375137329,-102.99272155761719,-102.99272155761719,3.637390375137329,,
,,74849,,,715.1529788970947,,,,,,
,,74849,,10.18667221069336,,,,,,,
47,,74849,,,,3.6374053955078125,-106.92547607421875,-106.92548370361328,3.6374053955078125,,
,,74899,,,712.5234603881836,,,,,,
,,74899,,27.564048767089844,,,,,,,
47,,74899,,,,3.6373891830444336,-102.27786254882812,-102.27787017822266,3.6373891830444336,,
,,74949,,,702.0106315612793,,,,,,
,,74949,,10.503768920898438,,,,,,,
47,,74949,,,,3.6374077796936035,-103.76905822753906,-103.76905822753906,3.6374077796936035,,
,,74999,,,710.3822231292725,,,,,,
,,74999,,30.216217041015625,,,,,,,
47,,74999,,,,3.63739013671875,-101.55796813964844,-101.55797576904297,3.63739013671875,,
47,,75023,,,,,,,,-103.11569213867188,-104.3786392211914
,,75024,1325.918645143509,,,,,,,,
,0.0003,75024,,,,,,,,,
,,75049,,,709.7959518432617,,,,,,
,,75049,,11.056184768676758,,,,,,,
48,,75049,,,,3.637390375137329,-105.50358581542969,-105.50359344482422,3.637390375137329,,
,,75099,,,706.4189910888672,,,,,,
,,75099,,27.720212936401367,,,,,,,
48,,75099,,,,3.6373960971832275,-104.48902893066406,-104.48904418945312,3.6373960971832275,,
,,75149,,,704.1893005371094,,,,,,
,,75149,,10.342597961425781,,,,,,,
48,,75149,,,,3.637397050857544,-105.85609436035156,-105.8561019897461,3.637397050857544,,
,,75199,,,705.7309150695801,,,,,,
,,75199,,27.56023406982422,,,,,,,
48,,75199,,,,3.637397289276123,-104.86560821533203,-104.86561584472656,3.637397289276123,,
,,75249,,,707.4742317199707,,,,,,
,,75249,,10.491371154785156,,,,,,,
48,,75249,,,,3.637390613555908,-105.7295913696289,-105.72959899902344,3.637390613555908,,
,,75299,,,703.8958072662354,,,,,,
,,75299,,27.91619300842285,,,,,,,
48,,75299,,,,3.637394428253174,-103.19129943847656,-103.19129943847656,3.637394428253174,,
,,75349,,,705.3112983703613,,,,,,
,,75349,,10.344266891479492,,,,,,,
48,,75349,,,,3.63738751411438,-104.88121032714844,-104.8812255859375,3.63738751411438,,
,,75399,,,703.5455703735352,,,,,,
,,75399,,27.79221534729004,,,,,,,
48,,75399,,,,3.6373889446258545,-105.44355773925781,-105.44355010986328,3.6373889446258545,,
,,75449,,,711.4627361297607,,,,,,
,,75449,,10.514974594116211,,,,,,,
48,,75449,,,,3.6374032497406006,-103.32596588134766,-103.32595825195312,3.6374032497406006,,
,,75499,,,701.8227577209473,,,,,,
,,75499,,28.35822105407715,,,,,,,
48,,75499,,,,3.637392520904541,-104.06938934326172,-104.06938934326172,3.637392520904541,,
,,75549,,,702.5423049926758,,,,,,
,,75549,,10.410308837890625,,,,,,,
48,,75549,,,,3.637394905090332,-101.02281951904297,-101.0228271484375,3.637394905090332,,
,,75599,,,701.8840312957764,,,,,,
,,75599,,28.019189834594727,,,,,,,
48,,75599,,,,3.637388229370117,-106.85803985595703,-106.85804748535156,3.637388229370117,,
,,75649,,,701.7221450805664,,,,,,
,,75649,,10.284423828125,,,,,,,
48,,75649,,,,3.637397050857544,-96.51589965820312,-96.51589965820312,3.637397050857544,,
,,75699,,,706.1977386474609,,,,,,
,,75699,,27.771711349487305,,,,,,,
48,,75699,,,,3.637396812438965,-105.6150894165039,-105.61509704589844,3.637396812438965,,
,,75749,,,700.5534172058105,,,,,,
,,75749,,10.380983352661133,,,,,,,
48,,75749,,,,3.6373937129974365,-105.77357482910156,-105.77359008789062,3.6373937129974365,,
,,75799,,,707.4131965637207,,,,,,
,,75799,,28.317928314208984,,,,,,,
48,,75799,,,,3.637394428253174,-103.25226593017578,-103.25227355957031,3.637394428253174,,
,,75849,,,703.9155960083008,,,,,,
,,75849,,10.704517364501953,,,,,,,
48,,75849,,,,3.6373889446258545,-103.84488677978516,-103.84488677978516,3.6373889446258545,,
,,75899,,,701.819896697998,,,,,,
,,75899,,31.708955764770508,,,,,,,
48,,75899,,,,3.6374125480651855,-103.58491516113281,-103.58492279052734,3.6374125480651855,,
,,75949,,,701.5516757965088,,,,,,
,,75949,,10.299205780029297,,,,,,,
48,,75949,,,,3.637399911880493,-103.57864379882812,-103.57864379882812,3.637399911880493,,
,,75999,,,705.2781581878662,,,,,,
,,75999,,31.036853790283203,,,,,,,
48,,75999,,,,3.6373796463012695,-103.16084289550781,-103.16085052490234,3.6373796463012695,,
,,76049,,,705.3861618041992,,,,,,
,,76049,,11.687517166137695,,,,,,,
48,,76049,,,,3.638701915740967,-107.12248229980469,-107.12247467041016,3.638701915740967,,
,,76099,,,709.1312408447266,,,,,,
,,76099,,28.008222579956055,,,,,,,
48,,76099,,,,3.63739275932312,-104.77897644042969,-104.77898406982422,3.63739275932312,,
,,76149,,,704.0450572967529,,,,,,
,,76149,,10.352611541748047,,,,,,,
48,,76149,,,,3.637413263320923,-102.41439819335938,-102.41441345214844,3.637413263320923,,
,,76199,,,703.8910388946533,,,,,,
,,76199,,27.997970581054688,,,,,,,
48,,76199,,,,3.63741135597229,-107.11581420898438,-107.11581420898438,3.63741135597229,,
,,76249,,,430.2811622619629,,,,,,
,,76249,,9.409666061401367,,,,,,,
48,,76249,,,,3.715907573699951,-55.097816467285156,-60.84832000732422,3.715907573699951,,
,,76299,,,428.3447265625,,,,,,
,,76299,,23.910999298095703,,,,,,,
48,,76299,,,,3.7215023040771484,-55.40842056274414,-61.29710006713867,3.7215023040771484,,
,,76349,,,703.9434909820557,,,,,,
,,76349,,10.586023330688477,,,,,,,
48,,76349,,,,3.668192148208618,-99.4237060546875,-101.67337799072266,3.668192148208618,,
,,76399,,,703.3867835998535,,,,,,
,,76399,,27.693986892700195,,,,,,,
48,,76399,,,,3.6374027729034424,-104.49658203125,-104.49658203125,3.6374027729034424,,
,,76449,,,704.6184539794922,,,,,,
,,76449,,10.330915451049805,,,,,,,
48,,76449,,,,3.6373651027679443,-105.93046569824219,-105.93046569824219,3.6373651027679443,,
,,76499,,,704.0276527404785,,,,,,
,,76499,,27.9388427734375,,,,,,,
48,,76499,,,,3.6373379230499268,-105.73541259765625,-105.73542022705078,3.6373379230499268,,
,,76549,,,704.5326232910156,,,,,,
,,76549,,10.390996932983398,,,,,,,
48,,76549,,,,3.637385368347168,-101.09510040283203,-101.09510803222656,3.637385368347168,,
48,,76586,,,,,,,,-99.16716003417969,-104.30733489990234
,,76587,1295.006894826889,,,,,,,,
,0.0003,76587,,,,,,,,,
,,76599,,,721.9150066375732,,,,,,
,,76599,,27.92668342590332,,,,,,,
49,,76599,,,,3.637366771697998,-105.5377197265625,-105.53771209716797,3.637366771697998,,
,,76649,,,702.5339603424072,,,,,,
,,76649,,11.284112930297852,,,,,,,
49,,76649,,,,3.637385845184326,-107.94947814941406,-107.94949340820312,3.637385845184326,,
,,76699,,,704.9908638000488,,,,,,
,,76699,,30.88545799255371,,,,,,,
49,,76699,,,,3.6374025344848633,-105.61280059814453,-105.61280822753906,3.6374025344848633,,
,,76749,,,701.6079425811768,,,,,,
,,76749,,10.178804397583008,,,,,,,
49,,76749,,,,3.6374013423919678,-104.37471771240234,-104.37472534179688,3.6374013423919678,,
,,76799,,,706.44211769104,,,,,,
,,76799,,27.662992477416992,,,,,,,
49,,76799,,,,3.637399911880493,-107.71835327148438,-107.71836853027344,3.637399911880493,,
,,76849,,,708.7259292602539,,,,,,
,,76849,,10.42938232421875,,,,,,,
49,,76849,,,,3.6373977661132812,-106.10747528076172,-106.10747528076172,3.6373977661132812,,
,,76899,,,702.8493881225586,,,,,,
,,76899,,27.4810791015625,,,,,,,
49,,76899,,,,3.6373651027679443,-104.28237915039062,-104.28237915039062,3.6373651027679443,,
,,76949,,,703.3045291900635,,,,,,
,,76949,,10.492801666259766,,,,,,,
49,,76949,,,,3.6373937129974365,-106.30946350097656,-106.3094711303711,3.6373937129974365,,
,,76999,,,705.5745124816895,,,,,,
,,76999,,27.866601943969727,,,,,,,
49,,76999,,,,3.6373770236968994,-106.4632568359375,-106.4632568359375,3.6373770236968994,,
,,77049,,,702.0821571350098,,,,,,
,,77049,,10.31947135925293,,,,,,,
49,,77049,,,,3.6373679637908936,-104.58213806152344,-104.58214569091797,3.6373679637908936,,
,,77099,,,709.9618911743164,,,,,,
,,77099,,28.10382843017578,,,,,,,
49,,77099,,,,3.637407064437866,-102.38508605957031,-102.38509368896484,3.637407064437866,,
,,77149,,,704.2875289916992,,,,,,
,,77149,,10.258197784423828,,,,,,,
49,,77149,,,,3.6373846530914307,-104.81309509277344,-104.81310272216797,3.6373846530914307,,
,,77199,,,704.4851779937744,,,,,,
,,77199,,29.48594093322754,,,,,,,
49,,77199,,,,3.6373863220214844,-100.27165222167969,-100.27165985107422,3.6373863220214844,,
,,77249,,,702.1441459655762,,,,,,
,,77249,,10.193824768066406,,,,,,,
49,,77249,,,,3.637383222579956,-105.05168151855469,-105.05167388916016,3.637383222579956,,
,,77299,,,701.6384601593018,,,,,,
,,77299,,27.34851837158203,,,,,,,
49,,77299,,,,3.6373889446258545,-102.5564193725586,-102.55643463134766,3.6373889446258545,,
,,77349,,,701.9524574279785,,,,,,
,,77349,,10.390043258666992,,,,,,,
49,,77349,,,,3.6374077796936035,-104.56468963623047,-104.564697265625,3.6374077796936035,,
,,77399,,,709.773063659668,,,,,,
,,77399,,31.379222869873047,,,,,,,
49,,77399,,,,3.6374146938323975,-105.11004638671875,-105.11005401611328,3.6374146938323975,,
,,77449,,,702.8946876525879,,,,,,
,,77449,,10.185003280639648,,,,,,,
49,,77449,,,,3.6373984813690186,-108.22399139404297,-108.2239990234375,3.6373984813690186,,
,,77499,,,709.9649906158447,,,,,,
,,77499,,27.234554290771484,,,,,,,
49,,77499,,,,3.6373980045318604,-106.46346282958984,-106.46346282958984,3.6373980045318604,,
,,77549,,,708.0168724060059,,,,,,
,,77549,,11.670112609863281,,,,,,,
49,,77549,,,,3.6373956203460693,-106.14702606201172,-106.14702606201172,3.6373956203460693,,
,,77599,,,703.3329010009766,,,,,,
,,77599,,27.859926223754883,,,,,,,
49,,77599,,,,3.6373960971832275,-102.88311767578125,-102.88312530517578,3.6373960971832275,,
,,77649,,,701.1804580688477,,,,,,
,,77649,,10.272741317749023,,,,,,,
49,,77649,,,,3.6373965740203857,-101.817626953125,-101.81763458251953,3.6373965740203857,,
,,77699,,,702.3534774780273,,,,,,
,,77699,,28.100013732910156,,,,,,,
49,,77699,,,,3.63739013671875,-106.47354888916016,-106.47354888916016,3.63739013671875,,
,,77749,,,702.1830081939697,,,,,,
,,77749,,10.274171829223633,,,,,,,
49,,77749,,,,3.637392282485962,-102.37325286865234,-102.37326049804688,3.637392282485962,,
,,77799,,,703.350305557251,,,,,,
,,77799,,27.26125717163086,,,,,,,
49,,77799,,,,3.637394428253174,-103.36878204345703,-103.36878967285156,3.637394428253174,,
,,77849,,,703.362226486206,,,,,,
,,77849,,10.257482528686523,,,,,,,
49,,77849,,,,3.6373939514160156,-105.1131362915039,-105.11314392089844,3.6373939514160156,,
,,77899,,,704.3416500091553,,,,,,
,,77899,,28.270483016967773,,,,,,,
49,,77899,,,,3.6373908519744873,-105.315185546875,-105.31519317626953,3.6373908519744873,,
,,77949,,,703.7255764007568,,,,,,
,,77949,,10.166645050048828,,,,,,,
49,,77949,,,,3.637389659881592,-102.15312957763672,-102.15312957763672,3.637389659881592,,
,,77999,,,701.1685371398926,,,,,,
,,77999,,27.4813175201416,,,,,,,
49,,77999,,,,3.637396812438965,-105.6492691040039,-105.64927673339844,3.637396812438965,,
,,78049,,,708.000659942627,,,,,,
,,78049,,10.808467864990234,,,,,,,
49,,78049,,,,3.637387275695801,-104.85423278808594,-104.85423278808594,3.637387275695801,,
,,78099,,,702.6810646057129,,,,,,
,,78099,,27.766942977905273,,,,,,,
49,,78099,,,,3.6374077796936035,-105.29830169677734,-105.29830932617188,3.6374077796936035,,
,,78149,,,707.8571319580078,,,,,,
,,78149,,10.127544403076172,,,,,,,
49,,78149,,,,3.6374003887176514,-101.01950073242188,-101.01950073242188,3.6374003887176514,,
49,,78149,,,,,,,,-102.39855194091797,-104.35355377197266
,,78150,1325.1826603412628,,,,,,,,
,0.0003,78150,,,,,,,,,
,,78199,,,705.0752639770508,,,,,,
,,78199,,29.78348731994629,,,,,,,
50,,78199,,,,3.637394905090332,-104.44830322265625,-104.44831848144531,3.637394905090332,,
,,78249,,,702.9175758361816,,,,,,
,,78249,,10.217905044555664,,,,,,,
50,,78249,,,,3.6373863220214844,-102.2629623413086,-102.26296997070312,3.6373863220214844,,
,,78299,,,705.1723003387451,,,,,,
,,78299,,28.06401252746582,,,,,,,
50,,78299,,,,3.6373839378356934,-106.071533203125,-106.071533203125,3.6373839378356934,,
,,78349,,,703.4251689910889,,,,,,
,,78349,,10.285615921020508,,,,,,,
50,,78349,,,,3.63738751411438,-106.35015869140625,-106.35015106201172,3.63738751411438,,
,,78399,,,709.6726894378662,,,,,,
,,78399,,27.143239974975586,,,,,,,
50,,78399,,,,3.637383222579956,-101.6103286743164,-101.6103286743164,3.637383222579956,,
,,78449,,,700.9785175323486,,,,,,
,,78449,,10.390281677246094,,,,,,,
50,,78449,,,,3.6373863220214844,-105.88020324707031,-105.88020324707031,3.6373863220214844,,
,,78499,,,701.9119262695312,,,,,,
,,78499,,27.732133865356445,,,,,,,
50,,78499,,,,3.637371778488159,-102.46418762207031,-102.46419525146484,3.637371778488159,,
,,78549,,,702.265739440918,,,,,,
,,78549,,10.332822799682617,,,,,,,
50,,78549,,,,3.637397289276123,-102.97213745117188,-102.97213745117188,3.637397289276123,,
,,78599,,,702.2314071655273,,,,,,
,,78599,,27.465343475341797,,,,,,,
50,,78599,,,,3.6373753547668457,-102.70366668701172,-102.70366668701172,3.6373753547668457,,
,,78649,,,701.1909484863281,,,,,,
,,78649,,10.227203369140625,,,,,,,
50,,78649,,,,3.6374125480651855,-102.86788940429688,-102.8678970336914,3.6374125480651855,,
,,78699,,,700.9162902832031,,,,,,
,,78699,,28.23472023010254,,,,,,,
50,,78699,,,,3.637408971786499,-106.12846374511719,-106.12846374511719,3.637408971786499,,
,,78749,,,700.9820938110352,,,,,,
,,78749,,10.411500930786133,,,,,,,
50,,78749,,,,3.637399911880493,-110.41850280761719,-110.41850280761719,3.637399911880493,,
,,78799,,,701.8852233886719,,,,,,
,,78799,,27.676105499267578,,,,,,,
50,,78799,,,,3.637389659881592,-106.62263488769531,-106.62263488769531,3.637389659881592,,
,,78849,,,702.110767364502,,,,,,
,,78849,,10.544538497924805,,,,,,,
50,,78849,,,,3.6373937129974365,-101.11753845214844,-101.11753845214844,3.6373937129974365,,
,,78899,,,712.2678756713867,,,,,,
,,78899,,28.006792068481445,,,,,,,
50,,78899,,,,3.6373913288116455,-106.58056640625,-106.58058166503906,3.6373913288116455,,
,,78949,,,708.4736824035645,,,,,,
,,78949,,10.397911071777344,,,,,,,
50,,78949,,,,3.6373980045318604,-106.578369140625,-106.57837677001953,3.6373980045318604,,
,,78999,,,711.301326751709,,,,,,
,,78999,,27.65965461730957,,,,,,,
50,,78999,,,,3.6373977661132812,-103.43450927734375,-103.43451690673828,3.6373977661132812,,
,,79049,,,710.7477188110352,,,,,,
,,79049,,10.208368301391602,,,,,,,
50,,79049,,,,3.637387990951538,-107.57862854003906,-107.57862854003906,3.637387990951538,,
,,79099,,,705.4696083068848,,,,,,
,,79099,,30.23695945739746,,,,,,,
50,,79099,,,,3.6374032497406006,-106.47870635986328,-106.47870635986328,3.6374032497406006,,
,,79149,,,712.1710777282715,,,,,,
,,79149,,10.642766952514648,,,,,,,
50,,79149,,,,3.637404680252075,-106.76118469238281,-106.76117706298828,3.637404680252075,,
,,79199,,,709.2428207397461,,,,,,
,,79199,,27.973175048828125,,,,,,,
50,,79199,,,,3.637387990951538,-105.07923126220703,-105.07923889160156,3.637387990951538,,
,,79249,,,706.732988357544,,,,,,
,,79249,,10.261058807373047,,,,,,,
50,,79249,,,,3.637383222579956,-104.72474670410156,-104.7247543334961,3.637383222579956,,
,,79299,,,702.430009841919,,,,,,
,,79299,,27.540206909179688,,,,,,,
50,,79299,,,,3.637394666671753,-105.98798370361328,-105.98798370361328,3.637394666671753,,
,,79349,,,705.413818359375,,,,,,
,,79349,,13.347148895263672,,,,,,,
50,,79349,,,,3.637390613555908,-100.09955596923828,-100.09957122802734,3.637390613555908,,
,,79399,,,709.505558013916,,,,,,
,,79399,,27.903318405151367,,,,,,,
50,,79399,,,,3.63738751411438,-105.37022399902344,-105.37023162841797,3.63738751411438,,
,,79449,,,707.866907119751,,,,,,
,,79449,,10.441303253173828,,,,,,,
50,,79449,,,,3.63739013671875,-104.4078140258789,-104.40780639648438,3.63739013671875,,
,,79499,,,712.881326675415,,,,,,
,,79499,,29.390811920166016,,,,,,,
50,,79499,,,,3.637392282485962,-107.25106811523438,-107.25106811523438,3.637392282485962,,
